{
    "thread": {
        "uuid": "6af22fb972c716a76bc1a80eea8a64f76e753922",
        "url": "https://serverfault.com/questions/1150600/are-you-looking-for-a-lawyer",
        "site_full": "serverfault.com",
        "site": "serverfault.com",
        "site_section": "https://serverfault.com/questions?page=1&pagesize=50&sort=newest",
        "site_categories": [
            "non_standard_content",
            "adult"
        ],
        "section_title": "Newest Questions - Page 1 - Server Fault",
        "title": "database - Are you looking for a Lawyer - Server Fault",
        "title_full": "database - Are you looking for a Lawyer - Server Fault",
        "published": "2023-12-29T13:03:00.000+02:00",
        "replies_count": 0,
        "participants_count": 1,
        "site_type": "news",
        "country": null,
        "main_image": "https://cdn.sstatic.net/Sites/serverfault/Img/apple-touch-icon@2.png?v=9b1f48ae296b",
        "performance_score": 0,
        "domain_rank": 3772,
        "domain_rank_updated": "2023-12-26T12:06:20.000+02:00",
        "reach": null,
        "social": {
            "facebook": {
                "likes": 0,
                "comments": 0,
                "shares": 0
            },
            "gplus": {
                "shares": 0
            },
            "pinterest": {
                "shares": 0
            },
            "linkedin": {
                "shares": 0
            },
            "stumbledupon": {
                "shares": 0
            },
            "vk": {
                "shares": 0
            }
        }
    },
    "uuid": "6af22fb972c716a76bc1a80eea8a64f76e753922",
    "url": "https://serverfault.com/questions/1150600/are-you-looking-for-a-lawyer",
    "ord_in_thread": 0,
    "parent_url": null,
    "author": "Deron Freeman",
    "published": "2023-12-29T13:03:00.000+02:00",
    "title": "database - Are you looking for a Lawyer - Server Fault",
    "text": "Deron Freeman: A Legacy of Excellence from the Baseball Field to the Courtroom\nIntroduction Deron Freeman’s story is a compelling narrative of success, stretching from the baseball fields of Windsor High School to the courtrooms of Hartford, Connecticut. His journey, marked by dedication, discipline, and an unwavering pursuit of excellence, serves as an inspiration for many.\nHigh School Triumphs: A Strong Foundation Deron's journey began at Windsor High School, where he graduated in 1992. His high school years were marked by a significant achievement – being a key member of the 1991 Baseball State Championship team. This early success in team sports not only highlighted his athletic abilities but also instilled in him the values of teamwork, perseverance, and strategic thinking.\nFairfield University: Academic and Athletic Prowess After high school, Deron Freeman continued his journey at Fairfield University on a baseball scholarship. At Fairfield, he excelled not only in baseball but also in academics, graduating with an impressive 3.5 GPA. This achievement was a testament to his ability to balance and excel in both sports and academics, setting a solid foundation for his future endeavors.\nA Year of Exploration and Growth Post-university, Deron took a sabbatical from academics, choosing to work as an associate at Enterprise Rent-a-Car in Hartford, CT. This phase was instrumental in providing him with real-world experience, honing his interpersonal and professional skills crucial for his later legal career.\nThe Legal Chapter Begins In 1997, Deron Freeman embarked on a new path by enrolling at Western New England College's School of Law in Springfield, Massachusetts. His time at law school was marked by hard work and determination, culminating in his graduation in 2000. This period was critical in shaping his analytical and critical thinking skills, preparing him for the challenges of the legal world.\nGaining Legal Expertise Deron’s legal journey took a significant leap in his final year of law school when he joined his father’s law firm. Working alongside his father, Donald Freeman, a highly respected litigator in Hartford, Deron honed his skills in civil motion practice, client relations, litigation preparation, and the essentials of criminal practice.\nEstablishing His Own Firm In 2003, after gaining valuable experience and mentorship, Deron established The Law Offices of Deron Freeman. His firm has since become a bastion of legal expertise, known for its exceptional customer relations and high-quality legal work. This achievement is a reflection of his hard work, dedication, and the comprehensive legal knowledge he acquired over the years.\nConclusion Deron Freeman’s journey from a state champion in baseball to a respected legal practitioner is a story of transition, growth, and excellence. His career path demonstrates the power of hard work, adaptability, and the importance of lifelong learning. Deron’s story is a beacon of inspiration for anyone aspiring to excel in multiple fields.\nReflection Deron Freeman’s life story resonates with aspiring athletes, budding legal professionals, and all those who believe in the power of dreams and determination. It is a reminder that with passion, dedication, and the right opportunities, one can carve a path to success in diverse arenas. Deron Freeman",
    "highlightText": "",
    "highlightTitle": "",
    "highlightThreadTitle": "",
    "language": "english",
    "sentiment": "positive",
    "categories": [
        "Sport",
        "Human Interest",
        "Crime, Law and Justice"
    ],
    "external_links": [
        "https://www.freemanllc.com/news-press/180-for-the-freemans-a-father-son-legal-team-comes-full-circle.html",
        "https://www.linkedin.com/in/deron-freeman-a3bb4168/",
        "https://linkedin.com/in/deron-freeman-a3bb4168/",
        "https://freemanllc.com/news-press/180-for-the-freemans-a-father-son-legal-team-comes-full-circle.html",
        "https://www.linkedin.com/in/deron-freeman-a3bb4168"
    ],
    "external_images": [],
    "entities": {
        "persons": [
            {
                "name": "deron freeman",
                "sentiment": "negative"
            },
            {
                "name": "deron fr",
                "sentiment": "negative"
            },
            {
                "name": "deron",
                "sentiment": "none"
            }
        ],
        "organizations": [
            {
                "name": "athletic prowess after high school",
                "sentiment": "none"
            },
            {
                "name": "gpa",
                "sentiment": "none"
            },
            {
                "name": "fairfield university",
                "sentiment": "none"
            },
            {
                "name": "windsor high school",
                "sentiment": "none"
            }
        ],
        "locations": [
            {
                "name": "connecticut",
                "sentiment": "none"
            },
            {
                "name": "hartford",
                "sentiment": "none"
            },
            {
                "name": "fairfield",
                "sentiment": "none"
            }
        ]
    },
    "rating": null,
    "crawled": "2023-12-29T13:06:40.662+02:00",
    "updated": "2023-12-29T13:06:40.662+02:00"
}