{
    "thread": {
        "uuid": "dcaec825b1912b9101653f3f97e3c4998209d355",
        "url": "https://www.estadiodeportivo.com/la-trastienda/vigila-hogar-con-esta-doble-camara-interior-wifi-descuento-20231229-438485.html",
        "site_full": "www.estadiodeportivo.com",
        "site": "estadiodeportivo.com",
        "site_section": "https://www.estadiodeportivo.com",
        "site_categories": [
            "world_soccer",
            "sports"
        ],
        "section_title": "Estadio Deportivo - Diario online de información deportiva",
        "title": "Vigila tu hogar con esta doble cámara interior Wi-Fi al 70% de descuento - Estadio Deportivo",
        "title_full": "Vigila tu hogar con esta doble cámara interior Wi-Fi al 70% de descuento - Estadio Deportivo",
        "published": "2023-12-29T14:24:00.000+02:00",
        "replies_count": 0,
        "participants_count": 1,
        "site_type": "news",
        "country": "ES",
        "main_image": "",
        "performance_score": 0,
        "domain_rank": 91916,
        "domain_rank_updated": "2023-12-26T12:06:35.000+02:00",
        "reach": null,
        "social": {
            "facebook": {
                "likes": 0,
                "comments": 0,
                "shares": 0
            },
            "gplus": {
                "shares": 0
            },
            "pinterest": {
                "shares": 0
            },
            "linkedin": {
                "shares": 0
            },
            "stumbledupon": {
                "shares": 0
            },
            "vk": {
                "shares": 0
            }
        }
    },
    "uuid": "dcaec825b1912b9101653f3f97e3c4998209d355",
    "url": "https://www.estadiodeportivo.com/la-trastienda/vigila-hogar-con-esta-doble-camara-interior-wifi-descuento-20231229-438485.html",
    "ord_in_thread": 0,
    "parent_url": null,
    "author": "Rafa Devós",
    "published": "2023-12-29T14:24:00.000+02:00",
    "title": "Vigila tu hogar con esta doble cámara interior Wi-Fi al 70% de descuento - Estadio Deportivo",
    "text": "Ya sea que tengas una mascota o desees supervisar a tu hijo mientras duerme o juega en otra habitación, las cámaras de vigilancia son herramientas útiles para intervenir rápidamente en caso de necesitar ayuda. Es por eso que hoy, desde La Trastienda, te presentamos este set de dos cámaras de vigilancia con un descuento del 70% en Amazon, por lo que cada unidad se sale a un precio de 11 euros. [CONSIGUELAS EN AMAZON POR 22,39€](https://amzn.to/3RDx6FN) Cámara Interior de Vigilancia YI [Pack de 2] La cámara proporciona una resolución Full HD 1080p, ofreciendo imágenes nítidas y detalladas para supervisar tu entorno con claridad. Incluye un sistema de detección de movimiento que te alerta ante movimientos inusuales en el área de cobertura de la cámara. Esto resulta útil para monitorear actividades sospechosas o recibir notificaciones sobre la presencia de personas o mascotas. Cuando la cámara detecta movimiento o actividad anormal, envía notificaciones a tu dispositivo móvil para que estés al tanto de lo que sucede en tiempo real, incluso cuando no estás en casa. Dispone de audio bidireccional, permitiéndote escuchar lo que sucede en el entorno de la cámara y también comunicarte con las personas cercanas a ella. Esta función resulta útil para interactuar con mascotas o hablar con las personas presentes en casa. Gracias a la visión nocturna infrarroja, la cámara puede capturar imágenes claras incluso en condiciones de poca luz o completa oscuridad, asegurando una vigilancia continua durante la noche. Se conecta a través de Wi-Fi, simplificando su configuración y el acceso a la transmisión de video desde tu smartphone o PC. El paquete incluye un kit con dos cámaras. Su precio habitual es de 74,99€ pero hoy la podemos encontrar al 70% de descuento y con envío gratuito si estás suscrito a Prime o tu pedido es superior a 35 euros. [CONSIGUELAS EN AMAZON POR 22,39€](https://amzn.to/3RDx6FN) También podemos encontrar esta [cámara de vigilancia exterior TP-Link al 24% de descuento](https://amzn.to/3NJOFCX) en Amazon. Cuenta con resolución 2K y visión nocturna. Recuerda que puedes obtener envíos gratis en todos tus pedidos de Amazon, sin mínimo de compra, adquiriendo la [suscripción anual de Amazon Prime](https://amzn.to/41D2oRO). Además, puedes probar este servicio gratis durante 30 días y cancelar cuando lo desees. No olvides visitar [La Trastienda](https://www.estadiodeportivo.com/la-trastienda/), una sección donde encontrarás las mejores ofertas de la semana en productos de tecnología, moda, bricolaje y productos para el hogar, y así no perderte los chollos más interesantes.",
    "highlightText": "",
    "highlightTitle": "",
    "highlightThreadTitle": "",
    "language": "spanish",
    "sentiment": "positive",
    "categories": [
        "Lifestyle and Leisure",
        "Crime, Law and Justice"
    ],
    "external_links": [
        "https://amzn.to/41D2oRO).",
        "https://amzn.to/3NJOFCX)",
        "https://amzn.to/3RDx6FN)",
        "https://www.amzn.to/3NJOFCX)",
        "https://www.amzn.to/41D2oRO).",
        "https://www.amzn.to/3RDx6FN)"
    ],
    "external_images": [],
    "entities": {
        "persons": [],
        "organizations": [],
        "locations": []
    },
    "rating": null,
    "crawled": "2023-12-29T14:27:37.947+02:00",
    "updated": "2023-12-29T14:27:37.947+02:00"
}