{
    "thread": {
        "uuid": "79babc1e4fdaa13dec5b912feab933646882cc02",
        "url": "https://247sports.com/Video/man-city-completes-comeback-in-3-1-win-over-everton-12203730/",
        "site_full": "247sports.com",
        "site": "247sports.com",
        "site_section": "https://247sports.com/video",
        "site_categories": [
            "sports"
        ],
        "section_title": "\n    Videos\n",
        "title": "Man. City Completes Comeback In 3-1 Win Over Everton",
        "title_full": "Man. City Completes Comeback In 3-1 Win Over Everton",
        "published": "2023-12-28T02:00:00.000+02:00",
        "replies_count": 0,
        "participants_count": 1,
        "site_type": "news",
        "country": "US",
        "main_image": "https://sportshub.cbsistatic.com/i/r/2023/12/28/aa1949f4-7136-4958-a67a-c21370ea423c/thumbnail/640x360/fa71331373063eccd20f6f86ec3042c3/scoreline-122823-city.jpg",
        "performance_score": 0,
        "domain_rank": 6374,
        "domain_rank_updated": "2023-12-26T12:06:20.000+02:00",
        "reach": null,
        "social": {
            "facebook": {
                "likes": 0,
                "comments": 0,
                "shares": 0
            },
            "gplus": {
                "shares": 0
            },
            "pinterest": {
                "shares": 0
            },
            "linkedin": {
                "shares": 0
            },
            "stumbledupon": {
                "shares": 0
            },
            "vk": {
                "shares": 0
            }
        }
    },
    "uuid": "79babc1e4fdaa13dec5b912feab933646882cc02",
    "url": "https://247sports.com/Video/man-city-completes-comeback-in-3-1-win-over-everton-12203730/",
    "ord_in_thread": 0,
    "parent_url": null,
    "author": "@247Sports",
    "published": "2023-12-28T02:00:00.000+02:00",
    "title": "Man. City Completes Comeback In 3-1 Win Over Everton",
    "text": "Teams CBS Sports CBS SPORTS HQ SportsLine MaxPreps Shop StubHub Follow YouTube Facebook X Instagram TikTok FB Rec FB Recruiting Home News Feed Team Rankings Commitments Decommitments Scheduled Commits Player Rankings Player Search Crystal Ball Recruiter Rankings Class Calculator All Time Top Recruits Transfer Portal BK Rec BK Recruiting Home News Feed Team Rankings Commitments Decommitments Scheduled Commits Player Rankings Player Search Crystal Ball Class Calculator Transfer Portal Transfer Portal Transfer Portal Home Top FB Transfers Latest FB Transfers By Position FB Transfers Team FB Transfer Rankings Transfer Portal News Top BK Transfers Latest BK Transfers By Position BK Transfers Team BK Transfer Rankings NCAA FB Teams News Feed Scores Schedules College Team Talent Expert Picks 2023 NFL Draft Polls Player Leaders Team Leaders Videos StubHub Odds NCAA BK Teams News Feed Scores Schedules Polls Player Leaders Team Leaders StubHub NBA Draft Odds NCAA WBK Community FB/Recruiting Blue Board BK/Recruiting Green Board Forums Feedback More VIP Membership Podcast Newsletter Text Alerts Shows Help Center StubHub Shop Play Watch Late Kick With Josh Pate College FB Recruiting Show YouTube CBSSports HQ Paramount+ Essentials Manage Man. City Completes Comeback In 3-1 Win Over Everton The crew break down Man.City's win over Everton following its victory in the Club World Cup. Posted on 12/28/2023 (2:42) Top Videos Timer List",
    "highlightText": "",
    "highlightTitle": "",
    "highlightThreadTitle": "",
    "language": "english",
    "sentiment": "positive",
    "categories": [
        "Sport",
        "Crime, Law and Justice",
        "Human Interest"
    ],
    "external_links": [],
    "external_images": [],
    "entities": {
        "persons": [],
        "organizations": [
            {
                "name": "position fb transfers team fb transfer rankings transfer portal news top",
                "sentiment": "none"
            },
            {
                "name": "time top recruits transfer portal bk rec bk recruiting home news",
                "sentiment": "none"
            },
            {
                "name": "position bk transfers team bk transfer rankings ncaa fb teams news feed scores schedules college",
                "sentiment": "none"
            },
            {
                "name": "nfl",
                "sentiment": "none"
            },
            {
                "name": "tiktok fb rec fb recruiting home news",
                "sentiment": "none"
            }
        ],
        "locations": []
    },
    "rating": null,
    "crawled": "2023-12-29T10:01:27.501+02:00",
    "updated": "2023-12-29T10:01:27.501+02:00"
}