{
    "thread": {
        "uuid": "24323822dcb17caec8be81628d7c19022467e0c6",
        "url": "https://www.ky3.com:443/2023/12/28/endangered-missing-alert-issued-4-year-old-infant-colorado/",
        "site_full": "www.ky3.com",
        "site": "ky3.com",
        "site_section": "https://ky3.com/powernation",
        "site_categories": [
            "media"
        ],
        "section_title": "POWERNATION",
        "title": "4-year-old and infant in Colorado found safe after endangered missing alert",
        "title_full": "4-year-old and infant in Colorado found safe after endangered missing alert",
        "published": "2023-12-28T23:31:00.000+02:00",
        "replies_count": 0,
        "participants_count": 1,
        "site_type": "news",
        "country": "US",
        "main_image": "https://gray-ky3-prod.cdn.arcpublishing.com/resizer/v2/RTUBVZQWRZC4PLETU4F4JQGRJM.jpg?auth=cc4863cac1c40e84b09224f3bbbcaa87d8aaf42fba7be50399919bfd89c18f57&amp;width=1200&amp;height=600&amp;smart=true",
        "performance_score": 0,
        "domain_rank": 14255,
        "domain_rank_updated": "2023-12-26T12:06:20.000+02:00",
        "reach": null,
        "social": {
            "facebook": {
                "likes": 0,
                "comments": 0,
                "shares": 0
            },
            "gplus": {
                "shares": 0
            },
            "pinterest": {
                "shares": 0
            },
            "linkedin": {
                "shares": 0
            },
            "stumbledupon": {
                "shares": 0
            },
            "vk": {
                "shares": 0
            }
        }
    },
    "uuid": "24323822dcb17caec8be81628d7c19022467e0c6",
    "url": "https://www.ky3.com:443/2023/12/28/endangered-missing-alert-issued-4-year-old-infant-colorado/",
    "ord_in_thread": 0,
    "parent_url": null,
    "author": "@kytv",
    "published": "2023-12-28T23:31:00.000+02:00",
    "title": "4-year-old and infant in Colorado found safe after endangered missing alert",
    "text": "4-year-old and infant in Colorado found safe after endangered missing alert STERLING, Colo. ( [KKTV](https://www.kktv.com/2023/12/28/statewide-alert-issued-colorado-missing-4-year-old-infant/)/Gray News) - A statewide alert issued in Colorado on Thursday for two young children has been canceled, [KKTV reports.](https://www.kktv.com/2023/12/28/statewide-alert-issued-colorado-missing-4-year-old-infant/) The Colorado Bureau of Investigation issued an alert for 4-year-old Zuryah Thalacker and 23-month-old Ansom Thalacker. Officials say the two children were located and were safe as of 3 p.m. on Thursday. Officials say the children have been missing since Wednesday at 1:30 p.m. when they were last seen in the Sterling area. The alert stated that the children may have been with 28-year-old Justina Lambert. The CBI did not disclose the relationship between the three in the alert. The alert said the children were believed to be traveling in a 2007 White Nissan Murano with CA license plate 9ERA912, with the rear bumper missing. Copyright 2023 KKTV via Gray Media Group, Inc. All rights reserved.",
    "highlightText": "",
    "highlightTitle": "",
    "highlightThreadTitle": "",
    "language": "english",
    "sentiment": "positive",
    "categories": [
        "Human Interest",
        "Disaster and Accident",
        "Crime, Law and Justice"
    ],
    "external_links": [
        "https://www.kktv.com/2023/12/28/statewide-alert-issued-colorado-missing-4-year-old-infant/)",
        "https://www.kktv.com/2023/12/28/statewide-alert-issued-colorado-missing-4-year-old-infant/)/Gray",
        "https://kktv.com/2023/12/28/statewide-alert-issued-colorado-missing-4-year-old-infant/)",
        "https://kktv.com/2023/12/28/statewide-alert-issued-colorado-missing-4-year-old-infant/)/Gray"
    ],
    "external_images": [],
    "entities": {
        "persons": [
            {
                "name": "zuryah thalacker",
                "sentiment": "none"
            },
            {
                "name": "justina lambert",
                "sentiment": "none"
            }
        ],
        "organizations": [
            {
                "name": "kktv",
                "sentiment": "none"
            },
            {
                "name": "gray media group, inc",
                "sentiment": "none"
            },
            {
                "name": "cbi",
                "sentiment": "none"
            },
            {
                "name": "colorado bureau of investigation",
                "sentiment": "none"
            }
        ],
        "locations": [
            {
                "name": "colorado",
                "sentiment": "none"
            },
            {
                "name": "colo.",
                "sentiment": "none"
            }
        ]
    },
    "rating": null,
    "crawled": "2023-12-29T00:35:19.442+02:00",
    "updated": "2023-12-29T00:35:19.442+02:00"
}