{
    "thread": {
        "uuid": "45441875c9b2ae316000322b2888fcc5d1db988f",
        "url": "https://www.latestly.com/agency-news/india-news-mizoram-govt-grants-consent-for-cbi-investigation-of-offences-related-to-corruption-5657751.html",
        "site_full": "www.latestly.com",
        "site": "latestly.com",
        "site_section": "https://www.latestly.com/headlines",
        "site_categories": [
            "media",
            "cricket",
            "sports"
        ],
        "section_title": "Today’s Breaking News Headlines | Latest News Information & Updates | LatestLY",
        "title": "India News | Mizoram Govt Grants Consent for CBI Investigation of Offences Related to Corruption | LatestLY",
        "title_full": "India News | Mizoram Govt Grants Consent for CBI Investigation of Offences Related to Corruption | LatestLY",
        "published": "2023-12-29T04:22:00.000+02:00",
        "replies_count": 0,
        "participants_count": 1,
        "site_type": "news",
        "country": "IN",
        "main_image": "https://st1.latestly.com/wp-content/uploads/2018/03/default-img-02.jpg",
        "performance_score": 0,
        "domain_rank": 13891,
        "domain_rank_updated": "2023-12-26T12:06:20.000+02:00",
        "reach": null,
        "social": {
            "facebook": {
                "likes": 0,
                "comments": 0,
                "shares": 0
            },
            "gplus": {
                "shares": 0
            },
            "pinterest": {
                "shares": 0
            },
            "linkedin": {
                "shares": 0
            },
            "stumbledupon": {
                "shares": 0
            },
            "vk": {
                "shares": 0
            }
        }
    },
    "uuid": "45441875c9b2ae316000322b2888fcc5d1db988f",
    "url": "https://www.latestly.com/agency-news/india-news-mizoram-govt-grants-consent-for-cbi-investigation-of-offences-related-to-corruption-5657751.html",
    "ord_in_thread": 0,
    "parent_url": null,
    "author": "ANI",
    "published": "2023-12-29T04:22:00.000+02:00",
    "title": "India News | Mizoram Govt Grants Consent for CBI Investigation of Offences Related to Corruption | LatestLY",
    "text": "Aizawl (Mizoram) [India], December 29 (ANI): The Government of Mizoram has granted consent for a CBI investigation of offences in the state to eliminate corruption. This came after the Mizoram government published a gazette notification on Thursday allowing CBI investigation of offences in the state under the Delhi Special Police Establishment Act 1948. Also Read | Apple 'State-Sponsored Attacks': Government Refutes Media Reports Claiming India Targeted Apple Over iPhone Hacking Notification. \"The Government of Mizoram grants consent for a CBI investigation of offences in the state of Mizoram. Our government is resolute in eliminating corruption for the welfare of our citizens.\" Mizoram Chief Minister Lalduhoma posted on X. Earlier, Mizoram Chief Minister Lalduhoma on December 22 graced the function of the 69th batch recruit constable and the 4th batch head constable (operator) passing out a parade held at Police Training School, Thenzawl. Also Read | Lok Sabha Elections 2024: Shashi Tharoor Advocates Opportunities for Youth in Polls; Hints at 2024 General Elections Being His Last Contest. On the occasion, the Mizoram Chief Minister informed the newly graduated constables about how the government of Mizoram is trying hard to stop all illegal movements of dry areca nuts, drugs and other smuggling items within the state and to safeguard the community from any other illicit trafficking. He also informed the policemen that they were the main force to execute this task and that the safety of the people depended heavily on the efficiency of the police forces. In this connection, the CM urged them to give their best effort, discipline and dedication. Chief Minister Lalduhoma also advised new recruits to take care of their health and shared his deep concern about the high incidence rate of death among the policemen while in service. The 284 recruits were enrolled in this basic training on January 1, 2023. Except for the 13 recruits who could not be completed due to various reasons, 271 recruits had completed the training course and appeared for their passing out parade. (ANI) (This is an unedited and auto-generated story from Syndicated News feed, LatestLY Staff may not have modified or edited the content body)",
    "highlightText": "",
    "highlightTitle": "",
    "highlightThreadTitle": "",
    "language": "english",
    "sentiment": "positive",
    "categories": [
        "Politics",
        "Crime, Law and Justice"
    ],
    "external_links": [],
    "external_images": [],
    "entities": {
        "persons": [
            {
                "name": "lalduhoma",
                "sentiment": "none"
            }
        ],
        "organizations": [
            {
                "name": "shashi tharoor advocates opportunities for youth",
                "sentiment": "none"
            },
            {
                "name": "cbi",
                "sentiment": "none"
            },
            {
                "name": "police training school",
                "sentiment": "none"
            }
        ],
        "locations": [
            {
                "name": "mizoram",
                "sentiment": "none"
            },
            {
                "name": "india",
                "sentiment": "none"
            }
        ]
    },
    "rating": null,
    "crawled": "2023-12-29T07:00:40.738+02:00",
    "updated": "2023-12-29T07:00:40.738+02:00"
}