{
    "thread": {
        "uuid": "d5404b13c019c974ecdba043da14dd1613bd9860",
        "url": "https://ng.investing.com/news/stock-market-news/jdcom-wins-140m-in-antimonopoly-case-against-alibaba-432SI-1177022",
        "site_full": "ng.investing.com",
        "site": "investing.com",
        "site_section": "https://ng.investing.com/",
        "site_categories": [
            "investing",
            "finance"
        ],
        "section_title": "Investing.com Nigeria - Financial News, Shares, Quotes &amp; Charts",
        "title": "JD.com wins $140M in antimonopoly case against Alibaba By Investing.com",
        "title_full": "JD.com wins $140M in antimonopoly case against Alibaba By Investing.com",
        "published": "2023-12-29T02:00:00.000+02:00",
        "replies_count": 0,
        "participants_count": 1,
        "site_type": "news",
        "country": "IL",
        "main_image": "https://i-invdn-com.investing.com/news/LYNXNPEAAA04Q_L.jpg",
        "performance_score": 0,
        "domain_rank": 1378,
        "domain_rank_updated": "2023-12-26T12:06:20.000+02:00",
        "reach": null,
        "social": {
            "facebook": {
                "likes": 0,
                "comments": 0,
                "shares": 0
            },
            "gplus": {
                "shares": 0
            },
            "pinterest": {
                "shares": 0
            },
            "linkedin": {
                "shares": 0
            },
            "stumbledupon": {
                "shares": 0
            },
            "vk": {
                "shares": 0
            }
        }
    },
    "uuid": "d5404b13c019c974ecdba043da14dd1613bd9860",
    "url": "https://ng.investing.com/news/stock-market-news/jdcom-wins-140m-in-antimonopoly-case-against-alibaba-432SI-1177022",
    "ord_in_thread": 0,
    "parent_url": null,
    "author": "Vlad Schepkov",
    "published": "2023-12-29T02:00:00.000+02:00",
    "title": "JD.com wins $140M in antimonopoly case against Alibaba By Investing.com",
    "text": "© Reuters. JD +2.74% Add to/Remove from a Portfolio Add to Watchlist Add Position Position added successfully to:\nPlease name your holdings portfolio Type: BUY SELL Date: Amount: Price Point Value: Leverage: 1:1 1:10 1:25 1:50 1:100 1:200 1:400 1:500 1:1000 Commission: Create New Watchlist Create Create a new holdings portfolio Add Create + Add another position Close BABA +1.48% Add to/Remove from a Portfolio Add to Watchlist Add Position Position added successfully to:\nPlease name your holdings portfolio Type: BUY SELL Date: Amount: Price Point Value: Leverage: 1:1 1:10 1:25 1:50 1:100 1:200 1:400 1:500 1:1000 Commission: Create New Watchlist Create Create a new holdings portfolio Add Create + Add another position Close JD.com (NASDAQ: JD ) was awarded 1 billion yuan (~$140M) in damages on Friday, after the company won an antimonopoly lawsuit against Alibaba (NYSE: BABA ), according to JD's WeChat statement.\nAlibaba, Zhejiang Tmall Network Co and Zhejiang Tmall Technology Co 'had abused their market dominance and adopted monopolistic practices known as \"choosing one from two\",' The High People's Court of Beijing found, 'causing JD.com severe damage.'\nThe ruling, called by JD 'a landmark moment in upholding market fairness and competition order through the rule of law,' marks at least a temporary resolution of a lengthy legal battle between the two e-commerce giants over a practice of \"choosing one out of two,\" forcing brands and merchants to sell on one platform exclusively.\nAn Alibaba spokesperson said the company was aware of the ruling and will respect the court's decision.\nThe litigation was one of several high-profile cases accusing Alibaba of monopolistic practices - back in 2021, the company was fined $2.75B by the Chinese authorities who found Alibaba had abused its dominant market position.\nShares of JD are gaining modestly following the announcement.\nJD.com wins $140M in antimonopoly case against Alibaba",
    "highlightText": "",
    "highlightTitle": "",
    "highlightThreadTitle": "",
    "language": "english",
    "sentiment": "positive",
    "categories": [
        "Science and Technology",
        "Economy, Business and Finance",
        "Crime, Law and Justice"
    ],
    "external_links": [
        "http://www.linkedin.com/shareArticle?mini=true&url=https%3A%2F%2Fng.investing.com%2Fnews%2Fstock-market-news%2Fjdcom-wins-140m-in-antimonopoly-case-against-alibaba-432SI-1177022&title=JD.com+wins+%24140M+in+antimonopoly+case+against+Alibaba+&summary=",
        "https://invst.ly/12u71l",
        "https://www.facebook.com/sharer/sharer.php?app_id=179222828858436&u=https%3A%2F%2Fng.investing.com%2Fnews%2Fstock-market-news%2Fjdcom-wins-140m-in-antimonopoly-case-against-alibaba-432SI-1177022&display=popup&ref=plugin",
        "http://linkedin.com/shareArticle?mini=true&url=https%3A%2F%2Fng.investing.com%2Fnews%2Fstock-market-news%2Fjdcom-wins-140m-in-antimonopoly-case-against-alibaba-432SI-1177022&title=JD.com+wins+%24140M+in+antimonopoly+case+against+Alibaba+&summary=",
        "https://www.invst.ly/12u71l",
        "http://www.linkedin.com/shareArticle",
        "https://facebook.com/sharer/sharer.php?app_id=179222828858436&u=https%3A%2F%2Fng.investing.com%2Fnews%2Fstock-market-news%2Fjdcom-wins-140m-in-antimonopoly-case-against-alibaba-432SI-1177022&display=popup&ref=plugin",
        "https://www.facebook.com/sharer/sharer.php"
    ],
    "external_images": [],
    "entities": {
        "persons": [],
        "organizations": [
            {
                "name": "alibaba by investing.com © reuters",
                "sentiment": "negative"
            },
            {
                "name": "zhejiang tmall technology co",
                "sentiment": "none"
            },
            {
                "name": "zhejiang tmall network co",
                "sentiment": "none"
            },
            {
                "name": "alibaba",
                "sentiment": "none"
            }
        ],
        "locations": []
    },
    "rating": null,
    "crawled": "2023-12-29T14:49:07.766+02:00",
    "updated": "2023-12-29T14:49:07.766+02:00"
}