{
    "thread": {
        "uuid": "7638c60de932060898a1bf5e9e5241b68ad178d6",
        "url": "https://www.lavoz.com.ar/sucesos/un-policia-salvo-a-una-nena-de-dos-anos-que-habia-caido-a-un-arroyo/",
        "site_full": "www.lavoz.com.ar",
        "site": "lavoz.com.ar",
        "site_section": "https://www.lavoz.com.ar/rss.xml",
        "site_categories": [
            "media"
        ],
        "section_title": "",
        "title": "Un policía salvó a una nena de dos años que había caído a un arroyo",
        "title_full": "Un policía salvó a una nena de dos años que había caído a un arroyo",
        "published": "2023-12-29T00:44:00.000+02:00",
        "replies_count": 0,
        "participants_count": 1,
        "site_type": "news",
        "country": "AR",
        "main_image": "https://www.lavoz.com.ar/resizer/wrvpE7FPqG3vUm4qS2wAy914rzM=/1200x630/smart/filters:quality(75):format(webp)/cloudfront-us-east-1.images.arcpublishing.com/grupoclarin/P5CV3B5MJZGWBDEDYIBJHBCI2M.jpg",
        "performance_score": 0,
        "domain_rank": 16077,
        "domain_rank_updated": "2023-12-26T12:06:20.000+02:00",
        "reach": null,
        "social": {
            "facebook": {
                "likes": 0,
                "comments": 0,
                "shares": 0
            },
            "gplus": {
                "shares": 0
            },
            "pinterest": {
                "shares": 0
            },
            "linkedin": {
                "shares": 0
            },
            "stumbledupon": {
                "shares": 0
            },
            "vk": {
                "shares": 0
            }
        }
    },
    "uuid": "7638c60de932060898a1bf5e9e5241b68ad178d6",
    "url": "https://www.lavoz.com.ar/sucesos/un-policia-salvo-a-una-nena-de-dos-anos-que-habia-caido-a-un-arroyo/",
    "ord_in_thread": 0,
    "parent_url": null,
    "author": "Redacción LAVOZ",
    "published": "2023-12-29T00:44:00.000+02:00",
    "title": "Un policía salvó a una nena de dos años que había caído a un arroyo",
    "text": "Un policía [salvó a una nena](https://www.lavoz.com.ar/sucesos/cordoba-una-nena-de-13-anos-esta-grave-luego-de-descompensarse-dentro-de-una-pileta/) de dos años que había caído a un arroyo. El hecho ocurrió este miércoles en la ciudad de Comandante Andresito, ubicada en el norte de la provincia de Misiones. La niña vive con su familia sobre la orilla del río y fue encontrada flotando boca abajo en el agua. Durante la tarde, los padres de la pequeña se percataron de que su hija había desaparecido y dieron aviso a la Policía. Ante el llamado, el oficial ayudante Emanuel Spiecker llegó al arroyo El Doce, del barrio Quintas Bajas, ubicado en la mencionada ciudad. Allí, el agente se dirigió hasta el cause para buscar a la niña, la cual había sido sacada del río por un vecino minutos antes. En dialogo con Clarín, el oficial indicó qué cuando el vecino le entrega a la nena, esta estaba “cianótica, tenía los párpados y labios morados, no respiraba y tampoco percibí latidos del corazón”. “Apenas noto esta situación, empiezo a hacerle RCP y maniobras de Heimlich mientras subimos al patrullero para llevarla al hospital”, señaló Spiecker. El uniformado de 32 años comentó que en un momento mientras se dirigían al nosocomio la nena devolvió un “poco de agua y espuma por la boca”, y que comenzó a respirar. Sin embargo, el agente indicó que la criatura no lloraba y su ritmo cardíaco era muy bajo. Al llegar al hospital, el oficial se dirigió directamente hasta el “shock room” y le entregó la niña al médico de guardia. “Me preguntó qué había pasado en el camino. Le di la información que tenía y le colocó oxígeno. Al ratito la nena empezó a llorar”, contó Spiecker. El personal médico del nosocomio revisó a la pequeña y observó que no tenía agua en sus pulmones. Esto último fue gracias a las maniobras que le practicó el oficial y permitió que la nena sea dada de alta a las pocas horas.",
    "highlightText": "",
    "highlightTitle": "",
    "highlightThreadTitle": "",
    "language": "spanish",
    "sentiment": "positive",
    "categories": [
        "Crime, Law and Justice",
        "Disaster and Accident",
        "Human Interest"
    ],
    "external_links": [],
    "external_images": [],
    "entities": {
        "persons": [],
        "organizations": [],
        "locations": []
    },
    "rating": null,
    "crawled": "2023-12-29T00:57:29.408+02:00",
    "updated": "2023-12-29T02:24:43.927+02:00"
}