{
    "thread": {
        "uuid": "1b12074343469e5be38c328547051b07d56ef829",
        "url": "https://timesofindia.indiatimes.com/etimes/trending/indian-origin-cab-driver-returns-over-rs-4-5-lakhs-to-its-owner-wins-hearts/articleshow/106349998.cms",
        "site_full": "timesofindia.indiatimes.com",
        "site": "indiatimes.com",
        "site_section": "https://timesofindia.indiatimes.com",
        "site_categories": [
            "under_construction",
            "non_standard_content"
        ],
        "section_title": "News - Latest News, Breaking News, Bollywood, Sports, Business and Political News | Times of India",
        "title": "Indian-origin cab driver returns over Rs 4.5 lakhs to its owner, wins hearts - Times of India",
        "title_full": "Indian-origin cab driver returns over Rs 4.5 lakhs to its owner, wins hearts - Times of India",
        "published": "2023-12-29T06:00:00.000+02:00",
        "replies_count": 0,
        "participants_count": 1,
        "site_type": "news",
        "country": "IN",
        "main_image": "https://static.toiimg.com/thumb/msid-106350225,width-1070,height-580,imgsize-37698,resizemode-6,overlay-toi_sw,pt-32,y_pad-40/photo.jpg",
        "performance_score": 0,
        "domain_rank": 278,
        "domain_rank_updated": "2023-12-26T12:06:20.000+02:00",
        "reach": null,
        "social": {
            "facebook": {
                "likes": 0,
                "comments": 0,
                "shares": 0
            },
            "gplus": {
                "shares": 0
            },
            "pinterest": {
                "shares": 0
            },
            "linkedin": {
                "shares": 0
            },
            "stumbledupon": {
                "shares": 0
            },
            "vk": {
                "shares": 0
            }
        }
    },
    "uuid": "1b12074343469e5be38c328547051b07d56ef829",
    "url": "https://timesofindia.indiatimes.com/etimes/trending/indian-origin-cab-driver-returns-over-rs-4-5-lakhs-to-its-owner-wins-hearts/articleshow/106349998.cms",
    "ord_in_thread": 0,
    "parent_url": null,
    "author": "TIMESOFINDIA.COM",
    "published": "2023-12-29T06:00:00.000+02:00",
    "title": "Indian-origin cab driver returns over Rs 4.5 lakhs to its owner, wins hearts - Times of India",
    "text": "Resolution for 2024 for happiness and better mental health Vaani Kapoor weaves six yards of ethnic magnificence in a multi-coloured saree Nehha Pendse's Best Looks From 2023 Places in India that are a bird watcher's paradise Kajal Aggarwal looks cute as she inspires her look from Gen Z fashion! 10 different lehenga draping styles for this wedding season Best New Year's Eve foods to celebrate 2024 Get inspired by Nusraat Faria's bridal looks Desserts under 200 calories that will satisfy your cravings From better metabolism to longevity, Ayurvedic herbs to be consumed regularly A complaint was filed at a Mumbai police station on Wednesday against Ranbir Kapoor and his family members for allegedly hurting religious sentiments over a viral video showing them celebrating Christmas. No First Information Report (FIR) has been registered in the case yet. Arbaaz Khan and Shura Khan's intimate nikah ceremony took place at Arpita Khan Sharma's residence in Mumbai where Arbaaz's close friend Raveena Tandon and her daughter Rasha Thadani were also present. She has now shared some inside pictures from Arbaaz and Shura's wedding ceremony. Actor Sajid Khan, who played the younger version of Sunil Dutt's Birju in Mehboob Khan's \"Mother India\" and later rose to prominence with international projects such as \"Maya\" and \"The Singing Filipina\", has died following a battle with cancer. Khan was in his early 70s. Salaar scam: 'Housefull show in closed cinema' Salaar crosses Rs 300 crore mark in India Taapsee on 'Haseen Dillruba' franchise When Twinkle was unabashedly unapologetic Throwback: Rajesh Khanna's dating advice to Twinkle Twinkle goes snorkeling with Akshay on 50th b'day BTS military salaries revealed Bollywood child actors who are now married Kareena shares pics from Swiss vacay",
    "highlightText": "",
    "highlightTitle": "",
    "highlightThreadTitle": "",
    "language": "english",
    "sentiment": "positive",
    "categories": [
        "Human Interest",
        "Crime, Law and Justice",
        "Social Issue"
    ],
    "external_links": [],
    "external_images": [],
    "entities": {
        "persons": [
            {
                "name": "vaani kapoor",
                "sentiment": "negative"
            },
            {
                "name": "raveena tandon",
                "sentiment": "none"
            },
            {
                "name": "shura khan",
                "sentiment": "none"
            },
            {
                "name": "ranbir kapoor",
                "sentiment": "none"
            },
            {
                "name": "rasha thadani",
                "sentiment": "none"
            },
            {
                "name": "arbaaz",
                "sentiment": "none"
            },
            {
                "name": "kajal aggarwal",
                "sentiment": "none"
            },
            {
                "name": "arbaaz khan",
                "sentiment": "none"
            },
            {
                "name": "nehha pendse",
                "sentiment": "none"
            },
            {
                "name": "nusraat faria",
                "sentiment": "none"
            }
        ],
        "organizations": [],
        "locations": [
            {
                "name": "arpita khan sharma",
                "sentiment": "none"
            },
            {
                "name": "mumbai",
                "sentiment": "none"
            },
            {
                "name": "india",
                "sentiment": "none"
            }
        ]
    },
    "rating": null,
    "crawled": "2023-12-29T08:49:04.816+02:00",
    "updated": "2023-12-29T08:49:04.816+02:00"
}