{
    "thread": {
        "uuid": "75e58a2f039318ffc94d911634f4d626f005e6d6",
        "url": "https://techplanet.today/post/committed-advocacy-your-reliable-support-in-houstons-legal-landscape",
        "site_full": "techplanet.today",
        "site": "techplanet.today",
        "site_section": "https://techplanet.today/recent",
        "site_categories": [],
        "section_title": "Recent | TechPlanet",
        "title": "Committed Advocacy: Your Reliable Support in Houston's Legal Landscape | TechPlanet",
        "title_full": "Committed Advocacy: Your Reliable Support in Houston's Legal Landscape | TechPlanet",
        "published": "2023-12-29T02:16:00.000+02:00",
        "replies_count": 0,
        "participants_count": 0,
        "site_type": "news",
        "country": "IN",
        "main_image": "https://techplanet.today/storage/posts/2023/12/29/87/5AdiWKDoo1McuKsDft0l90GjeVUe2BLIQo6ljVVH.png",
        "performance_score": 0,
        "domain_rank": 15328,
        "domain_rank_updated": "2023-12-26T12:06:20.000+02:00",
        "reach": null,
        "social": {
            "facebook": {
                "likes": 0,
                "comments": 0,
                "shares": 0
            },
            "gplus": {
                "shares": 0
            },
            "pinterest": {
                "shares": 0
            },
            "linkedin": {
                "shares": 0
            },
            "stumbledupon": {
                "shares": 0
            },
            "vk": {
                "shares": 0
            }
        }
    },
    "uuid": "75e58a2f039318ffc94d911634f4d626f005e6d6",
    "url": "https://techplanet.today/post/committed-advocacy-your-reliable-support-in-houstons-legal-landscape",
    "ord_in_thread": 0,
    "parent_url": null,
    "author": null,
    "published": "2023-12-29T02:16:00.000+02:00",
    "title": "Committed Advocacy: Your Reliable Support in Houston's Legal Landscape | TechPlanet",
    "text": "Our commitment extends beyond legal expertise – it's a dedication to your well-being and the pursuit of fair compensation. Houston's bustling metropolis can pose unique challenges, but with our seasoned team, you have a reliable support system. The [Houston Car Accident Attorney](https://charlesargento.com/car-accident-attorney-houston-tx/) and [Truck Accident Attorneys Houston](https://charlesargento.com/practice-areas/truck-accident-attorney-houston/) bring a wealth of experience to ensure that your case is handled with precision and care. We understand the physical, emotional, and financial toll personal injuries can take. Rest assured, our attorneys are here to alleviate your burden, offering guidance and advocacy every step of the way. When you choose [Personal Injury Attorneys Houston](https://charlesargento.com/), you're choosing a partner in your journey toward recovery and justice. Our Bussiness Name: Charles J. Argento & Associates Call Us: (713) 225-5050 Visit Our Location: 1111 N Loop W #715, Houston, TX 77008 United States",
    "highlightText": "",
    "highlightTitle": "",
    "highlightThreadTitle": "",
    "language": "english",
    "sentiment": "positive",
    "categories": [
        "Crime, Law and Justice"
    ],
    "external_links": [
        "https://charlesargento.com/car-accident-attorney-houston-tx/)",
        "https://charlesargento.com/practice-areas/truck-accident-attorney-houston/)",
        "https://charlesargento.com/),",
        "https://www.charlesargento.com/),",
        "https://www.charlesargento.com/car-accident-attorney-houston-tx/)",
        "https://www.charlesargento.com/practice-areas/truck-accident-attorney-houston/)"
    ],
    "external_images": [],
    "entities": {
        "persons": [
            {
                "name": "charles j. argento",
                "sentiment": "none"
            }
        ],
        "organizations": [],
        "locations": [
            {
                "name": "houston",
                "sentiment": "none"
            },
            {
                "name": "tx",
                "sentiment": "none"
            },
            {
                "name": "united states",
                "sentiment": "none"
            }
        ]
    },
    "rating": null,
    "crawled": "2023-12-29T07:18:43.201+02:00",
    "updated": "2023-12-29T07:18:43.201+02:00"
}