{
    "thread": {
        "uuid": "d319599fb166a00a4c42b1d847387cea7d0628ac",
        "url": "https://www.examiner.com.au/video/national/x8qywvd/nsw-police-officer-on-the-dj-decks-goes-viral/",
        "site_full": "www.examiner.com.au",
        "site": "examiner.com.au",
        "site_section": "https://examiner.com.au/video",
        "site_categories": [
            "media"
        ],
        "section_title": "Video | The Examiner | Launceston, TAS",
        "title": "NSW Police officer on the DJ decks goes viral | The Examiner | Launceston, TAS",
        "title_full": "NSW Police officer on the DJ decks goes viral | The Examiner | Launceston, TAS",
        "published": "2023-12-29T00:32:00.000+02:00",
        "replies_count": 0,
        "participants_count": 0,
        "site_type": "news",
        "country": "AU",
        "main_image": "https://s1.dmcdn.net/v/VY5Jf1bZVmTZn1WEi/x480",
        "performance_score": 0,
        "domain_rank": 39359,
        "domain_rank_updated": "2023-12-26T12:06:25.000+02:00",
        "reach": null,
        "social": {
            "facebook": {
                "likes": 0,
                "comments": 0,
                "shares": 0
            },
            "gplus": {
                "shares": 0
            },
            "pinterest": {
                "shares": 0
            },
            "linkedin": {
                "shares": 0
            },
            "stumbledupon": {
                "shares": 0
            },
            "vk": {
                "shares": 0
            }
        }
    },
    "uuid": "d319599fb166a00a4c42b1d847387cea7d0628ac",
    "url": "https://www.examiner.com.au/video/national/x8qywvd/nsw-police-officer-on-the-dj-decks-goes-viral/",
    "ord_in_thread": 0,
    "parent_url": null,
    "author": null,
    "published": "2023-12-29T00:32:00.000+02:00",
    "title": "NSW Police officer on the DJ decks goes viral | The Examiner | Launceston, TAS",
    "text": "Ad Video National Video National News Home Sections My Region Home Page News Local News Court and Crime Property History Rural Politics Health Business Education Investigations National World Voice to Parliament Young and Regional Motoring News Cost of Living Sport Live Local Sport Junior Sport NRL Scores and Draws A-League Football Soccer Basketball AFL Cricket cycling Netball Racing National Sport World Sport What's On Things to do Food and Drink Family and Kids Theatre and Arts Music and Gigs TV Guide Movies Today's Paper Video Breaking Local National Viral World Animal Politics Crime Entertainment Sport Community Newsletters Send Us Your News Photo Sales Babies, Weddings & Obituaries Sponsorships Comment Your Say Our Say Opinion Jobs Notices Tributes Celebrations Cars Place a Job Ad Place Classifieds Ad Ag and Rural Garage Sales Photos and Video Recommended features Special Publications Partner Content RELA Life & Style Life Competitions Explore travel Puzzles Celebrity Shopping Books Recipes Heartbeat of Australia Discount Codes Press releases from AAP Emergency Quick Links Today’s Paper Download our app Interactive Puzzles Video Network Explore Travel CareerOne AgTrader View Insurance Beevo Contact us Help Centre Terms & Conditions - Digital Terms & Conditions - Newspaper Privacy Policy About us Conditions of Use Central Western Daily Daily Liberal Western Advocate Blayney Chronicle Canowindra News Cowra Guardian Forbes Advocate Lithgow Mercury Mudgee Guardian Nyngan Observer Oberon Review Parkes Champion-Post The Grenfell Record Wellington Times Home / Video / National NSW Police officer on the DJ decks goes viral Updated December 29 2023 - 9:39am , first published 9:32am Updated December 29 2023 - 9:39am , first published 9:32am Facebook Twitter Whatsapp Email Copy Share Facebook Twitter Whatsapp Email Copy Advertisement Ad Advertisement Ad Australian Community Media ACM Website Conditions of Use Privacy Terms and Conditions - Digital Subscription Terms and Conditions - Newspaper Subscription The Examiner Contact About Us Working With Us Today's Paper Commenting Guidelines View Property Edition Help Centre Our Sites View Explore View Insurance Beevo Place an Ad Classifieds Cars Jobs Tributes Celebrations Promo Codes AgTrader Whizz Garage Sales Submit Send a letter to the Editor Send Us Your News Ad",
    "highlightText": "",
    "highlightTitle": "",
    "highlightThreadTitle": "",
    "language": "english",
    "sentiment": "positive",
    "categories": [
        "Politics",
        "Human Interest",
        "Crime, Law and Justice"
    ],
    "external_links": [],
    "external_images": [],
    "entities": {
        "persons": [],
        "organizations": [
            {
                "name": "region home page news local news court",
                "sentiment": "negative"
            },
            {
                "name": "puzzles celebrity shopping books recipes heartbeat of australia discount codes press",
                "sentiment": "none"
            },
            {
                "name": "food and drink family",
                "sentiment": "none"
            }
        ],
        "locations": [
            {
                "name": "launceston",
                "sentiment": "none"
            }
        ]
    },
    "rating": null,
    "crawled": "2023-12-29T01:42:03.915+02:00",
    "updated": "2023-12-29T01:42:03.915+02:00"
}