{
    "thread": {
        "uuid": "9dde96cf8425f7cc3c9eafac7cb3fe1cabad8021",
        "url": "https://syrianlegality.ampedpages.com/accident-attorney-an-overview-51626752",
        "site_full": "syrianlegality.ampedpages.com",
        "site": "ampedpages.com",
        "site_section": "https://ampedpages.com/rss-homepage.php?1",
        "site_categories": [],
        "section_title": "ampedpages.com RSS feed",
        "title": "accident attorney - An Overview",
        "title_full": "accident attorney - An Overview",
        "published": "2023-12-29T11:10:00.000+02:00",
        "replies_count": 0,
        "participants_count": 1,
        "site_type": "news",
        "country": "TR",
        "main_image": "",
        "performance_score": 0,
        "domain_rank": 6484,
        "domain_rank_updated": "2023-12-26T12:06:20.000+02:00",
        "reach": null,
        "social": {
            "facebook": {
                "likes": 0,
                "comments": 0,
                "shares": 0
            },
            "gplus": {
                "shares": 0
            },
            "pinterest": {
                "shares": 0
            },
            "linkedin": {
                "shares": 0
            },
            "stumbledupon": {
                "shares": 0
            },
            "vk": {
                "shares": 0
            }
        }
    },
    "uuid": "9dde96cf8425f7cc3c9eafac7cb3fe1cabad8021",
    "url": "https://syrianlegality.ampedpages.com/accident-attorney-an-overview-51626752",
    "ord_in_thread": 0,
    "parent_url": null,
    "author": "Syrianlegality Ampedpages Com",
    "published": "2023-12-29T11:10:00.000+02:00",
    "title": "accident attorney - An Overview",
    "text": "Although she was achieving this extraordinary amount of achievements, she has also been active in charitable do the job and gained quite a few awards. She is at the moment the president on the Inner Circle of Advocates and was the main lady and youngest member invited for the Corporation.\nNevertheless, there are sure situation when you want To make sure you consult which has a automobile accident attorney, including:\nForbes Advisor’s mathematical module considers and weighs the information collected to compute a particular score and reviews these success to find the very best attorneys in a specified practice region.\nAdam Ramirez has actually been crafting and modifying with regards to the regulation and legal concerns for more than twenty years. Immediately after earning a regulation degree with the College of Arizona, he clerked for two yrs to get a U.\nThe Forbes Advisor editorial workforce is independent and goal. That will help support our reporting function, and to continue our power to give this content material at no cost to our viewers, we acquire payment from the companies that market on the Forbes Advisor site. This compensation originates from two primary sources. 1st, we provide paid placements to advertisers to current their offers. The compensation we acquire for the people placements has an effect on how and wherever advertisers’ features seem on the internet site. This web site does not include all businesses or items accessible throughout the marketplace. 2nd, we also include things like back links to advertisers’ presents in a few of our articles or blog posts; these “affiliate one-way links” may generate profits for our web page after you click on them.\nInvestigate tells us that two outside of a few people today will develop into involved with an injury accident at least the moment within their life. Furthermore, statistics exhibit that motorists will likely be involved in not less than one particular accident – a fender bender or A significant damage accident – at least the moment just about every 10 years.\nThe target from the crash accepts a settlement from the insurance company symbolizing the at-fault driver or, in some states, from their particular insurance provider.\nA personal damage attorney assists clients who are hurt by an accident or carelessness of Yet another get together.\nInvestigate tells us that two outside of three individuals will develop into associated with an personal injury accident not less than as soon as in their life. Also, stats show that motorists will probably be involved in at the least a person accident – a fender bender or A serious injury accident – at the very least the moment each ten years.\nFor anyone who is suing a city or county in The big apple, you might have only ninety times to file a formal claim and you've got only one yr to officially file the lawsuit.\nKimberlee Leonard has taken her Experienced experience being an insurance coverage company owner and financial advisor and translated that right into a finance crafting profession that can help entrepreneurs and specialists thrive.\nIn reality, most car accident cases are fixed that has a settlement rather then intending to trial. But\nTampa injury attorney information not All people understands that they are entitled to a lot more monetary protection than their insurance policy firms are allowing on.\nYou require an attorney who's got much more than simply the expertise of taking over private injury scenarios. Virtually all individual injury promises are settled among the get-togethers, often prior to a lawsuit is ever submitted—but a couple of scenarios do head to demo.\nWhen you are involved in a slight website traffic accident, chances are that you'll not seek the services of an automobile accident attorney to pursue a lawsuit. Normally coverage info is exchanged and that’s the end of that.\naccident attorney - An Overview\nAlthough she was achieving this extraordinary amount of achievements, she has also been active in charitable do the job and gained quite a few awards. She is at the moment the president on the Inner Circle of Advocates and was the main lady and youngest member invited for the Corporation.",
    "highlightText": "",
    "highlightTitle": "",
    "highlightThreadTitle": "",
    "language": "english",
    "sentiment": "positive",
    "categories": [
        "Health",
        "Human Interest",
        "Crime, Law and Justice"
    ],
    "external_links": [
        "https://akalegalsearch.diowebhost.com/79143123/helping-the-others-realize-the-advantages-of-accident-attorney",
        "https://www.akalegalsearch.diowebhost.com/79143123/helping-the-others-realize-the-advantages-of-accident-attorney"
    ],
    "external_images": [],
    "entities": {
        "persons": [
            {
                "name": "adam ramirez",
                "sentiment": "none"
            }
        ],
        "organizations": [],
        "locations": [
            {
                "name": "arizona",
                "sentiment": "none"
            }
        ]
    },
    "rating": null,
    "crawled": "2023-12-29T14:15:18.965+02:00",
    "updated": "2023-12-29T14:15:18.965+02:00"
}