{
    "thread": {
        "uuid": "4b885fa94890d2de87862d22fa8552cabfd35bc1",
        "url": "https://www.expressandstar.com/news/uk-news/2023/12/29/dublin-is-safe-compared-to-other-western-cities-varadkar-insists/",
        "site_full": "www.expressandstar.com",
        "site": "expressandstar.com",
        "site_section": "http://www.expressandstar.co.uk/feed/",
        "site_categories": [
            "media",
            "business",
            "entertainment"
        ],
        "section_title": "",
        "title": "Dublin is safe compared to other western cities, Varadkar insists",
        "title_full": "Dublin is safe compared to other western cities, Varadkar insists",
        "published": "2023-12-29T09:12:00.000+02:00",
        "replies_count": 0,
        "participants_count": 1,
        "site_type": "news",
        "country": "GB",
        "main_image": "https://www.expressandstar.com/resizer/jIIk2H9YtegPOIRHpE25t2bq_O0=/1200x900/cloudfront-us-east-1.images.arcpublishing.com/mna/FCPXKWN67ZDUDHBYM3NCMPK5BY.jpg",
        "performance_score": 0,
        "domain_rank": 9774,
        "domain_rank_updated": "2023-12-26T12:06:20.000+02:00",
        "reach": null,
        "social": {
            "facebook": {
                "likes": 0,
                "comments": 0,
                "shares": 0
            },
            "gplus": {
                "shares": 0
            },
            "pinterest": {
                "shares": 0
            },
            "linkedin": {
                "shares": 0
            },
            "stumbledupon": {
                "shares": 0
            },
            "vk": {
                "shares": 0
            }
        }
    },
    "uuid": "4b885fa94890d2de87862d22fa8552cabfd35bc1",
    "url": "https://www.expressandstar.com/news/uk-news/2023/12/29/dublin-is-safe-compared-to-other-western-cities-varadkar-insists/",
    "ord_in_thread": 0,
    "parent_url": null,
    "author": "UK News",
    "published": "2023-12-29T09:12:00.000+02:00",
    "title": "Dublin is safe compared to other western cities, Varadkar insists",
    "text": "Dublin is safe compared to other western cities, Varadkar insists The Taoiseach said negatives experiences are not the norm in the Irish capital. Dublin is a safe city when compared with others in the western world, the Taoiseach has insisted. Leo Varadkar said while it is important to acknowledge and listen to the experiences of those who have fallen victim to crime in Dublin, he insisted such incidents are not the norm for Ireland’s capital. There has been an increased focus on safety in Dublin following a series of well publicised random attacks and assaults on people in the city. That scrutiny intensified after the events of November 23, when rioting broke out in the city centre following a knife attack on three young children and their care assistant outside a primary school. Opposition parties claim a reduction in Garda numbers has contributed to a situation where parts of the city are no longer safe. It is a charge the Government has rejected. Mr Varadkar was asked about the issue of safety in Dublin at his end of year media briefing with political journalists. “There’s no city that’s 100% safe,” he said. “If you look at something like the murder rate, for example, in Ireland or Dublin, compare that to other countries or other major cities, you’ll see that Dublin and Ireland are relatively safe relative to other countries and other cities in the western world. “But there’s no place that’s 100% safe and I acknowledge that. What I say to people is that we’re taking actions in all of these areas, increasing Garda numbers and Garda resources, making our laws tougher, with tougher sentences in particular, appointing more judges, expanding our prison places. “(There is) also a big focus now on community safety partnerships, because it can’t be all just about a law and order response. Other things are important too, including things like street lighting, like cameras, like engaging with different services around addiction and mental health and so on. That’s the approach that we’re taking.” Asked how he responded to accounts from individuals who have been assaulted in the capital, the Taoiseach added: “Of course I am concerned about individual negative experiences that people have in Dublin or anywhere else. That’s something you’re very aware of and very exposed to as a politician. “Somebody would have maybe a very bad experience of our health service. But I’m also aware of the counterfactual or the other sides of the story, if you’d like, the huge number of people who have a very positive experience of our health service, for example and say so when surveyed. “The same thing applies to people coming into town, coming into our cities and coming into our country. “Most people, thankfully, don’t experience being victims of violent crime in Dublin or anywhere else. “While it’s really important that we listen to and acknowledge the stories of people who have a very bad experience, we have a responsibility as politicians and journalists not to make the mistake of thinking that bad experiences are the majority or are the norm.”",
    "highlightText": "",
    "highlightTitle": "",
    "highlightThreadTitle": "",
    "language": "english",
    "sentiment": "positive",
    "categories": [
        "Human Interest",
        "Crime, Law and Justice",
        "Social Issue"
    ],
    "external_links": [],
    "external_images": [],
    "entities": {
        "persons": [
            {
                "name": "taoiseach",
                "sentiment": "neutral"
            },
            {
                "name": "varadkar",
                "sentiment": "neutral"
            },
            {
                "name": "leo varadkar",
                "sentiment": "none"
            }
        ],
        "organizations": [],
        "locations": [
            {
                "name": "dublin",
                "sentiment": "none"
            },
            {
                "name": "garda",
                "sentiment": "none"
            },
            {
                "name": "ireland",
                "sentiment": "none"
            }
        ]
    },
    "rating": null,
    "crawled": "2023-12-29T09:25:49.817+02:00",
    "updated": "2023-12-29T09:31:23.604+02:00"
}