{
    "thread": {
        "uuid": "f4ef1265ec6ddc7fab8379a55b58dcffb7f41d5c",
        "url": "https://www.lavozdegalicia.es/noticia/coruna/coruna/2023/12/29/policia-local-coruna-reanima-hombre-desplomo-entro-parada-cardiaca-juan-florez/00031703851840711104290.htm",
        "site_full": "www.lavozdegalicia.es",
        "site": "lavozdegalicia.es",
        "site_section": "https://lavozdeasturias.es/coruna",
        "site_categories": [
            "media"
        ],
        "section_title": "Últimas noticias sobre A CORUÑA. La Voz de Galicia",
        "title": "La Policía Local de A Coruña reanima a un hombre que se desplomó y entró en parada cardíaca en Juan Flórez",
        "title_full": "La Policía Local de A Coruña reanima a un hombre que se desplomó y entró en parada cardíaca en Juan Flórez",
        "published": "2023-12-29T13:13:00.000+02:00",
        "replies_count": 0,
        "participants_count": 1,
        "site_type": "news",
        "country": "ES",
        "main_image": "https://www.lavozdegalicia.es/default/2023/12/29/00121703851814820312511/Foto/juanflorez.jpg",
        "performance_score": 0,
        "domain_rank": 6412,
        "domain_rank_updated": "2023-12-26T12:06:20.000+02:00",
        "reach": null,
        "social": {
            "facebook": {
                "likes": 0,
                "comments": 0,
                "shares": 0
            },
            "gplus": {
                "shares": 0
            },
            "pinterest": {
                "shares": 0
            },
            "linkedin": {
                "shares": 0
            },
            "stumbledupon": {
                "shares": 0
            },
            "vk": {
                "shares": 0
            }
        }
    },
    "uuid": "f4ef1265ec6ddc7fab8379a55b58dcffb7f41d5c",
    "url": "https://www.lavozdegalicia.es/noticia/coruna/coruna/2023/12/29/policia-local-coruna-reanima-hombre-desplomo-entro-parada-cardiaca-juan-florez/00031703851840711104290.htm",
    "ord_in_thread": 0,
    "parent_url": null,
    "author": "lavozdegalicia",
    "published": "2023-12-29T13:13:00.000+02:00",
    "title": "La Policía Local de A Coruña reanima a un hombre que se desplomó y entró en parada cardíaca en Juan Flórez",
    "text": "A rápida actuación da Policía Local da Coruña conseguiu pór un final feliz a un suceso que mantivo en albas durante algúns minutos desta mañá aos transeúntes que paseaban polo inicio da rúa Juan Flórez. Ao redor das 10.00 horas, un home sufriu unha indisposición, derrubouse na rúa, á altura do número 3 e entrou en parada cardíaca . Os axentes do 092, que foron os primeiros en chegar ata o lugar, iniciaron as manobras de reanimación cardiopulmonar ata lograr que o home recobrase o pulso e a respiración . Cando chegaron os efectivos sanitarios, estabilizaron ao home, que foi trasladado ao hospital aínda que en estado crítico. O incidente causou balbordo na zona e obrigou a cortar un dos carrís de Juan Flórez para facilitar o labor dos sanitarios e os axentes da Policía Local desprazados ata alí. Este suceso tivo lugar un día despois doutro similar en Alfonso Molina . Tamén nese caso, foron as patrullas do 092 as que atenderon nun primeiro momento ao condutor dun vehículo que se sentiu indisposto e entrou en parada cardiorrespiratoria.",
    "highlightText": "",
    "highlightTitle": "",
    "highlightThreadTitle": "",
    "language": "spanish",
    "sentiment": "positive",
    "categories": [
        "Human Interest",
        "Crime, Law and Justice"
    ],
    "external_links": [],
    "external_images": [],
    "entities": {
        "persons": [],
        "organizations": [],
        "locations": []
    },
    "rating": null,
    "crawled": "2023-12-29T14:24:14.940+02:00",
    "updated": "2023-12-29T19:50:17.432+02:00"
}