{
    "thread": {
        "uuid": "e1d835c0670c492216aaa993ed2a52fe278ac201",
        "url": "https://english.jagran.com/viral/viral-cctv-video-doorbell-cam-catches-man-last-minute-escape-from-snake-attack-watch-10123651",
        "site_full": "english.jagran.com",
        "site": "jagran.com",
        "site_section": "https://english.jagran.com/viral",
        "site_categories": [
            "media"
        ],
        "section_title": "Viral News and Videos: Top Trending Viral Video News, Social Media Viral Videos - Jagran English",
        "title": "Viral CCTV Video: Doorbell Cam Catches Man’s Last-Minute Escape From Snake Attack",
        "title_full": "Viral CCTV Video: Doorbell Cam Catches Man’s Last-Minute Escape From Snake Attack",
        "published": "2023-12-29T12:48:00.000+02:00",
        "replies_count": 0,
        "participants_count": 1,
        "site_type": "news",
        "country": "IN",
        "main_image": "https://imgeng.jagran.com/images/2023/dec/Cam1703845153295.png",
        "performance_score": 0,
        "domain_rank": 12563,
        "domain_rank_updated": "2023-12-26T12:06:20.000+02:00",
        "reach": null,
        "social": {
            "facebook": {
                "likes": 0,
                "comments": 0,
                "shares": 0
            },
            "gplus": {
                "shares": 0
            },
            "pinterest": {
                "shares": 0
            },
            "linkedin": {
                "shares": 0
            },
            "stumbledupon": {
                "shares": 0
            },
            "vk": {
                "shares": 0
            }
        }
    },
    "uuid": "e1d835c0670c492216aaa993ed2a52fe278ac201",
    "url": "https://english.jagran.com/viral/viral-cctv-video-doorbell-cam-catches-man-last-minute-escape-from-snake-attack-watch-10123651",
    "ord_in_thread": 0,
    "parent_url": null,
    "author": "@englishjagrannews",
    "published": "2023-12-29T12:48:00.000+02:00",
    "title": "Viral CCTV Video: Doorbell Cam Catches Man’s Last-Minute Escape From Snake Attack",
    "text": "- By [Poorva Karki](/authors/poorva-karki) - Published: Fri, 29 Dec 2023 03:48 PM (IST) - Source:JND Viral CCTV Video: A man got lucky and went viral on social media after he managed to escape a deadly attack by a snake that was resting near the doorknob at the front door. The entire incident was captured on a doorbell camera, the video of which is currently doing rounds on social media over its ‘wildness’. In the video, the man was about to open the front door of a house, but immediately took his hand back after the snake hissed and attacked him. What went further viral about the clip was an adorable cat that was sitting on the front porch. The cat seemed aware of the snake’s presence, due to which it even tried to warn the man with a single ‘meow’. Netizens were quick to praise the feline for the ‘warning’. The video was shared on the social media platform Instagram, by the handle ‘Redneckmemes’. The post was captioned, “Exact response I’d have.” Watch the viral video: View this post on Instagram The video went viral in no time as people had a lot to say. Most found the incident scary and terrifying, while others loved the cat that tried to warn the man. Rest commented on what they would have done in the same situation where most agreed on running, and some pointed out that the snake was ‘harmless’. The video was shared a few days ago and pulled 143K likes from people. ALSO READ: [Viral Video: Woman Entres Gym With Painted Body To Get Reaction; Internet Is NOT Happy](https://english.jagran.com/viral/viral-video-woman-entres-gym-with-painted-body-to-get-reaction-internet-is-not-happy-watch-10123626) Taking to the comment section, people shared their take. “Cat: Meow MF DO YOU SEE THAT.. JERRRYYY!!!” a user commented. “The cat tried to warn him,” said a next. “Damn cat was trying to warn him,” said another. “He’s ju t warning you about your carssss extended warranty,” joked a fourth person. “I’d make two movements; a bowel movement and a physical movement, SH*T AND RUN!” wrote a fifth person. “The kitty tried to warm him. Let this be a lesson! If a cat says meow there may be danger,” added next. “It's actually just a black rat snake. Nonvenomous. No fans. The guy may have felt a pinch and gotten small scratches on his wrist. Although it was scary it's harmless,” said another. ALSO READ: [Viral Video: Man Sings ‘Aasman Ko Chukar’ Inside Delhi Metro; Netizens Irked Over Lack Of ‘Enthusiasm’ By Passengers](https://english.jagran.com/viral/viral-video-man-sings-aasman-ko-chukar-inside-delhi-metro-netizens-irked-over-lack-of-enthusiasm-by-passengers-watch-10123615) [English Jagran.com](https://english.jagran.com/)Jagran English is available on WhatsApp. Join now for latest news from India and around the world. [Join our WhatsApp Channel](https://www.whatsapp.com/channel/0029VaAYubwADTOESVWMhl0l?utm_source=website&utm_medium=referral&utm_campaign=whatsappchannel)",
    "highlightText": "",
    "highlightTitle": "",
    "highlightThreadTitle": "",
    "language": "english",
    "sentiment": "positive",
    "categories": [
        "Crime, Law and Justice",
        "Social Issue",
        "Human Interest"
    ],
    "external_links": [
        "https://www.whatsapp.com/channel/0029VaAYubwADTOESVWMhl0l?utm_source=website&utm_medium=referral&utm_campaign=whatsappchannel)",
        "https://www.whatsapp.com/channel/0029VaAYubwADTOESVWMhl0l",
        "https://whatsapp.com/channel/0029VaAYubwADTOESVWMhl0l?utm_source=website&utm_medium=referral&utm_campaign=whatsappchannel)"
    ],
    "external_images": [],
    "entities": {
        "persons": [
            {
                "name": "poorva karki",
                "sentiment": "negative"
            }
        ],
        "organizations": [
            {
                "name": "instagram",
                "sentiment": "none"
            }
        ],
        "locations": []
    },
    "rating": null,
    "crawled": "2023-12-29T13:37:55.112+02:00",
    "updated": "2023-12-29T13:37:55.112+02:00"
}