{
    "thread": {
        "uuid": "2ff8268fdc486c0b67a946886275317ed9f8b08c",
        "url": "https://ground.news/article/missing-bend-man-found-alive-in-dry-well-police",
        "site_full": "ground.news",
        "site": "ground.news",
        "site_section": "https://ground.news/interest/fiji",
        "site_categories": [],
        "section_title": "Fiji Breaking News Headlines Today | Ground News",
        "title": "Ground News - Missing Bend man found alive in dry well: police",
        "title_full": "Ground News - Missing Bend man found alive in dry well: police",
        "published": "2023-12-29T05:41:00.000+02:00",
        "replies_count": 0,
        "participants_count": 1,
        "site_type": "news",
        "country": "CA",
        "main_image": "",
        "performance_score": 0,
        "domain_rank": 29780,
        "domain_rank_updated": "2023-12-26T12:06:20.000+02:00",
        "reach": null,
        "social": {
            "facebook": {
                "likes": 0,
                "comments": 0,
                "shares": 0
            },
            "gplus": {
                "shares": 0
            },
            "pinterest": {
                "shares": 0
            },
            "linkedin": {
                "shares": 0
            },
            "stumbledupon": {
                "shares": 0
            },
            "vk": {
                "shares": 0
            }
        }
    },
    "uuid": "2ff8268fdc486c0b67a946886275317ed9f8b08c",
    "url": "https://ground.news/article/missing-bend-man-found-alive-in-dry-well-police",
    "ord_in_thread": 0,
    "parent_url": null,
    "author": "Ground News",
    "published": "2023-12-29T05:41:00.000+02:00",
    "title": "Ground News - Missing Bend man found alive in dry well: police",
    "text": "Summary by Ground News John McLerran, who had been missing since Monday, was found at the bottom of a dry well in a self-storage business in Bend . He was found by a worker at the business, which is located in a building on the city's east side. The man's body was found in a well at the back of the building. Share menu More\nFilters 3 Articles 3 Articles All Left Center Right\nFijiTimes Other: Motibhai Group of Companies Missing four found and safe: Police The four people from Yanuca Island who were missing at sea after they failed to return from a fishing trip have been found. Assistant Commissioner of Police Operations (ACPO) Livai Driu said the four drifted to Lomawai in Sigatoka and are all safe. “They drifted in a fiber fishing boat on Wednesday from Yanuca at […]\n4 hours ago · Fiji Read Full Article\nFijiTimes Other: Motibhai Group of Companies\nMissing four found and safe: Police The four people from Yanuca Island who were missing at sea after they failed to return from a fishing trip have been found. Assistant Commissioner of Police Operations (ACPO) Livai Driu said the four drifted to Lomawai in Sigatoka and are all safe. “They drifted in a fiber fishing boat on Wednesday from Yanuca at […]\n4 hours ago · Fiji Read Full Article KOIN 6 Center High Factuality Media Conglomerate: Nexstar Media Group Missing Bend man found alive in dry well: police A Bend man who was reported missing on Christmas Day was found alive in a dry well Wednesday afternoon.\n7 hours ago · Portland, United States Read Full Article\nKOIN 6 Center High Factuality Media Conglomerate: Nexstar Media Group\nMissing Bend man found alive in dry well: police A Bend man who was reported missing on Christmas Day was found alive in a dry well Wednesday afternoon.\n7 hours ago · Portland, United States Read Full Article Bend Bulletin Center High Factuality Bend man missing since Christmas found at bottom of dry well A Bend man missing since Dec. 25 was found alive Wednesday afternoon at the bottom of a dry well just blocks from his home in midtown Bend.\n1 day ago Read Full Article\nBend Bulletin Center High Factuality\nBend man missing since Christmas found at bottom of dry well A Bend man missing since Dec. 25 was found alive Wednesday afternoon at the bottom of a dry well just blocks from his home in midtown Bend.\n1 day ago Read Full Article Think freely. Subscribe and get full access to Ground News Subscriptions start at $9.99/year Subscribe",
    "highlightText": "",
    "highlightTitle": "",
    "highlightThreadTitle": "",
    "language": "english",
    "sentiment": "positive",
    "categories": [
        "Human Interest",
        "Disaster and Accident",
        "Crime, Law and Justice"
    ],
    "external_links": [
        "https://www.bendbulletin.com/localstate/bend-man-missing-since-christmas-found-at-bottom-of-dry-well/article_f4af4ccc-a51b-11ee-ba2e-8b0b6ef23238.html?utm_source=ground.news&utm_medium=referral",
        "https://www.koin.com/news/oregon/missing-bend-man-found-alive-in-dry-well-police/?utm_source=ground.news&utm_medium=referral",
        "https://www.fijitimes.com/missing-four-found-and-safe-police/?utm_source=ground.news&utm_medium=referral",
        "https://bendbulletin.com/localstate/bend-man-missing-since-christmas-found-at-bottom-of-dry-well/article_f4af4ccc-a51b-11ee-ba2e-8b0b6ef23238.html?utm_source=ground.news&utm_medium=referral",
        "https://koin.com/news/oregon/missing-bend-man-found-alive-in-dry-well-police/?utm_source=ground.news&utm_medium=referral",
        "https://www.koin.com/news/oregon/missing-bend-man-found-alive-in-dry-well-police/",
        "https://www.bendbulletin.com/localstate/bend-man-missing-since-christmas-found-at-bottom-of-dry-well/article_f4af4ccc-a51b-11ee-ba2e-8b0b6ef23238.html",
        "https://www.fijitimes.com/missing-four-found-and-safe-police/",
        "https://fijitimes.com/missing-four-found-and-safe-police/?utm_source=ground.news&utm_medium=referral"
    ],
    "external_images": [],
    "entities": {
        "persons": [
            {
                "name": "john mclerran",
                "sentiment": "neutral"
            },
            {
                "name": "livai driu",
                "sentiment": "none"
            }
        ],
        "organizations": [
            {
                "name": "ground news - missing bend",
                "sentiment": "neutral"
            },
            {
                "name": "motibhai group of companies missing",
                "sentiment": "none"
            }
        ],
        "locations": [
            {
                "name": "sigatoka",
                "sentiment": "none"
            },
            {
                "name": "yanuca island",
                "sentiment": "none"
            },
            {
                "name": "yanuca",
                "sentiment": "none"
            },
            {
                "name": "lomawai",
                "sentiment": "none"
            }
        ]
    },
    "rating": null,
    "crawled": "2023-12-29T06:40:27.522+02:00",
    "updated": "2023-12-29T06:40:27.522+02:00"
}