{
    "thread": {
        "uuid": "110b7feef601ecff038baa863e9d4304665bcc47",
        "url": "https://www.finanznachrichten.de/nachrichten-2023-12/61029186-delaware-court-rules-in-favor-of-aim-immunotech-upholds-activist-group-s-board-nominations-invalid-020.htm",
        "site_full": "www.finanznachrichten.de",
        "site": "finanznachrichten.de",
        "site_section": "https://www.finanznachrichten.de/rss-news",
        "site_categories": [
            "stocks",
            "finance",
            "financial_news"
        ],
        "section_title": "FinanzNachrichten.de: News",
        "title": "Delaware Court Rules In Favor Of AIM ImmunoTech, Upholds Activist Group",
        "title_full": "Delaware Court Rules In Favor Of AIM ImmunoTech, Upholds Activist Group",
        "published": "2023-12-29T14:01:00.000+02:00",
        "replies_count": 0,
        "participants_count": 1,
        "site_type": "news",
        "country": "DE",
        "main_image": "https://finanznachrichten.de/content/g/fb.png",
        "performance_score": 0,
        "domain_rank": 8147,
        "domain_rank_updated": "2023-12-26T12:06:20.000+02:00",
        "reach": null,
        "social": {
            "facebook": {
                "likes": 0,
                "comments": 0,
                "shares": 0
            },
            "gplus": {
                "shares": 0
            },
            "pinterest": {
                "shares": 0
            },
            "linkedin": {
                "shares": 0
            },
            "stumbledupon": {
                "shares": 0
            },
            "vk": {
                "shares": 0
            }
        }
    },
    "uuid": "110b7feef601ecff038baa863e9d4304665bcc47",
    "url": "https://www.finanznachrichten.de/nachrichten-2023-12/61029186-delaware-court-rules-in-favor-of-aim-immunotech-upholds-activist-group-s-board-nominations-invalid-020.htm",
    "ord_in_thread": 0,
    "parent_url": null,
    "author": "AFX News",
    "published": "2023-12-29T14:01:00.000+02:00",
    "title": "Delaware Court Rules In Favor Of AIM ImmunoTech, Upholds Activist Group",
    "text": "WASHINGTON (dpa-AFX) - ImmunoTech Inc. (AIM) Friday announced the Delaware Court ruled that the nomination notice submitted by an activist group was properly rejected for being invalid under the Company's Bylaws. The activist group was seeking to nominate three candidates for election to ImmunoTech's four-person Board of Directors.\nThe Company plans to adjourn the AGM until Friday, January 5, 2024 at 11:00 a.m ET.\nIn the pre-market session, the stock is up more than 7 percent, from the previous close of $0.48.\nThe AIM Board had unanimously determined that the Activist Group's nomination notice was invalid because it omitted key information and included misleading information, ignoring what the Company's Bylaws require to be disclosed.\nFurther to the ruling, the Company will disregard the activist Group's director nominations, and no proxies or votes in favor of their three nominees will be recognized at the AGM 2023.\nThomas Equels, CEO said, '...We are pleased that the Court has validated the Board's determination that the Activist Group omitted and misrepresented critical information related to its members' backgrounds and intentions for AIM.'\nCopyright(c) 2023 RTTNews.com. All Rights Reserved\nCopyright RTT News/dpa-AFX Video-Workshop: Das kleine Einmaleins der Charttechnik In diesem kostenlosen Video-Workshop von Stefan Klotter lernen Sie alles über Charttechnik. Lassen Sie sich diesen kostenfreien Workshop nicht entgehen! Hier klicken © 2023 AFX News",
    "highlightText": "",
    "highlightTitle": "",
    "highlightThreadTitle": "",
    "language": "english",
    "sentiment": "positive",
    "categories": [
        "Crime, Law and Justice",
        "Economy, Business and Finance",
        "Health"
    ],
    "external_links": [
        "https://share.flipboard.com/bookmarklet/popout?v=2&title=Delaware",
        "https://www.xing.com/app/user?op=share;url=https://www.finanznachrichten.de/nachrichten-2023-12/61029186-delaware-court-rules-in-favor-of-aim-immunotech-upholds-activist-group-s-board-nominations-invalid-020.htm",
        "https://getpocket.com/edit?url=https://www.finanznachrichten.de/nachrichten-2023-12/61029186-delaware-court-rules-in-favor-of-aim-immunotech-upholds-activist-group-s-board-nominations-invalid-020.htm",
        "https://share.flipboard.com/bookmarklet/popout",
        "https://www.xing.com/app/user",
        "https://xing.com/app/user?op=share;url=https://finanznachrichten.de/nachrichten-2023-12/61029186-delaware-court-rules-in-favor-of-aim-immunotech-upholds-activist-group-s-board-nominations-invalid-020.htm",
        "https://getpocket.com/edit?url=https://finanznachrichten.de/nachrichten-2023-12/61029186-delaware-court-rules-in-favor-of-aim-immunotech-upholds-activist-group-s-board-nominations-invalid-020.htm",
        "https://www.share.flipboard.com/bookmarklet/popout?v=2&title=Delaware",
        "https://getpocket.com/edit"
    ],
    "external_images": [],
    "entities": {
        "persons": [
            {
                "name": "thomas equels",
                "sentiment": "none"
            }
        ],
        "organizations": [
            {
                "name": "delaware court",
                "sentiment": "negative"
            },
            {
                "name": "afx) - immunotech inc.",
                "sentiment": "neutral"
            },
            {
                "name": "group",
                "sentiment": "none"
            },
            {
                "name": "company",
                "sentiment": "none"
            },
            {
                "name": "agm",
                "sentiment": "none"
            },
            {
                "name": "activist group",
                "sentiment": "none"
            },
            {
                "name": "aim board",
                "sentiment": "none"
            },
            {
                "name": "court",
                "sentiment": "none"
            }
        ],
        "locations": [
            {
                "name": "delaware",
                "sentiment": "none"
            }
        ]
    },
    "rating": null,
    "crawled": "2023-12-29T16:24:31.397+02:00",
    "updated": "2023-12-29T16:24:31.397+02:00"
}