{
    "thread": {
        "uuid": "718922e5f2fb0bbb3710eb7219994a334b5b57ce",
        "url": "https://markets.financialcontent.com/stocks/article/abnewswire-2023-12-29-law-office-of-ghenadie-rusu-offers-free-consultations-for-immigration-and-family-law-services",
        "site_full": "markets.financialcontent.com",
        "site": "financialcontent.com",
        "site_section": "https://markets.financialcontent.com/stocks/markets/news?currentpage=1&type=press+release",
        "site_categories": [
            "financial_news",
            "finance"
        ],
        "section_title": "Stock Market News | NSDQ, NYSE, and AMEX Stock Market News, Market News Categories, Market Indicators | FinancialContent Business Page ",
        "title": "Law Office of Ghenadie Rusu Offers Free Consultations for Immigration and Family Law Services | FinancialContent Business Page",
        "title_full": "Law Office of Ghenadie Rusu Offers Free Consultations for Immigration and Family Law Services | FinancialContent Business Page",
        "published": "2023-12-29T02:00:00.000+02:00",
        "replies_count": 0,
        "participants_count": 1,
        "site_type": "news",
        "country": "US",
        "main_image": "",
        "performance_score": 0,
        "domain_rank": 5553,
        "domain_rank_updated": "2023-12-26T12:06:20.000+02:00",
        "reach": null,
        "social": {
            "facebook": {
                "likes": 0,
                "comments": 0,
                "shares": 0
            },
            "gplus": {
                "shares": 0
            },
            "pinterest": {
                "shares": 0
            },
            "linkedin": {
                "shares": 0
            },
            "stumbledupon": {
                "shares": 0
            },
            "vk": {
                "shares": 0
            }
        }
    },
    "uuid": "718922e5f2fb0bbb3710eb7219994a334b5b57ce",
    "url": "https://markets.financialcontent.com/stocks/article/abnewswire-2023-12-29-law-office-of-ghenadie-rusu-offers-free-consultations-for-immigration-and-family-law-services",
    "ord_in_thread": 0,
    "parent_url": null,
    "author": "financialcontent.com",
    "published": "2023-12-29T02:00:00.000+02:00",
    "title": "Law Office of Ghenadie Rusu Offers Free Consultations for Immigration and Family Law Services | FinancialContent Business Page",
    "text": "Law Office of Ghenadie Rusu offers FREE consultations for Immigration & Family Law. Expert guidance for a brighter future!\nThe Law Office of Ghenadie Rusu, a distinguished legal practice based in New York, is excited to announce its commitment to providing free consultations for individuals seeking assistance in immigration and family law matters. With a focus on helping those in need, Attorney Ghenadie Rusu is extending this offer to support individuals looking for guidance on Adjustment of Status (Green Card) and Special Immigrant Juvenile Status cases.\nImmigrating to the USA can be a complex process, and the Law Office of Ghenadie Rusu understands the importance of reliable legal representation. Whether individuals are navigating the path to Green Card status or require assistance with Special Immigrant Juvenile Status, Attorney Ghenadie Rusu is here to offer expert legal counsel.\n\"Empowering individuals with the right legal support is crucial, especially in immigration and family law matters. We are pleased to provide free consultations to those in need, ensuring they have the information and guidance necessary to make informed decisions,\" said Attorney Ghenadie Rusu.\nThe Law Office of Ghenadie Rusu specializes in a range of legal services, including immigration law and family law. Attorney Ghenadie Rusu brings a wealth of experience and expertise to help clients achieve their legal goals.\nIndividuals seeking legal assistance in Adjustment of Status (Green Card) or Special Immigrant Juvenile Status cases can take advantage of the free consultation offered by the Law Office of Ghenadie Rusu. This initiative reflects the firm's commitment to making legal services accessible to those who need them.\nFor more information about the Law Office of Ghenadie Rusu and the free consultation offer, visit their website .\nAbout Law Office of Ghenadie Rusu:\nThe Law Office of Ghenadie Rusu is a trusted legal practice based in New York, specializing in immigration law and family law. Attorney Ghenadie Rusu is dedicated to providing expert legal counsel and support to individuals facing immigration challenges and family law matters.\nFor Media Inquiries about their services, visit their website .\n Law Office of Ghenadie Rusu\nContact Person: Ghenadie Rusu\nEmail: Send Email\nPhone: +1 (347) 907-1248\nCountry: United States\nWebsite: https://rusulaw.com/",
    "highlightText": "",
    "highlightTitle": "",
    "highlightThreadTitle": "",
    "language": "english",
    "sentiment": "positive",
    "categories": [
        "Human Interest",
        "Crime, Law and Justice",
        "Economy, Business and Finance"
    ],
    "external_links": [
        "https://rusulaw.com/",
        "https://www.abnewswire.com/press_stat.php?pr=law-office-of-ghenadie-rusu-offers-free-consultations-for-immigration-and-family-law-services",
        "https://tracking.newsrpm.com/pixel?slug=abnewswire-2023-12-29-law-office-of-ghenadie-rusu-offers-free-consultations-for-immigration-and-family-law-services",
        "https://www.abnewswire.com/companyname/rusulaw.com_127622.html",
        "https://www.abnewswire.com/email_contact_us.php?pr=law-office-of-ghenadie-rusu-offers-free-consultations-for-immigration-and-family-law-services",
        "https://www.abnewswire.com/email_contact_us.php",
        "https://abnewswire.com/email_contact_us.php?pr=law-office-of-ghenadie-rusu-offers-free-consultations-for-immigration-and-family-law-services",
        "https://abnewswire.com/companyname/rusulaw.com_127622.html",
        "https://tracking.newsrpm.com/pixel",
        "https://abnewswire.com/press_stat.php?pr=law-office-of-ghenadie-rusu-offers-free-consultations-for-immigration-and-family-law-services",
        "https://www.abnewswire.com/press_stat.php",
        "https://rusulaw.com",
        "https://www.tracking.newsrpm.com/pixel?slug=abnewswire-2023-12-29-law-office-of-ghenadie-rusu-offers-free-consultations-for-immigration-and-family-law-services",
        "https://www.rusulaw.com/"
    ],
    "external_images": [],
    "entities": {
        "persons": [
            {
                "name": "ghenadie rusu",
                "sentiment": "negative"
            }
        ],
        "organizations": [
            {
                "name": "financialcontent business page law office",
                "sentiment": "negative"
            }
        ],
        "locations": [
            {
                "name": "new york",
                "sentiment": "none"
            },
            {
                "name": "usa",
                "sentiment": "none"
            }
        ]
    },
    "rating": null,
    "crawled": "2023-12-29T02:08:31.396+02:00",
    "updated": "2024-01-09T04:49:53.205+02:00"
}