{
    "thread": {
        "uuid": "63748937eeed1a8e42b0f8aa27fb976f37d7797a",
        "url": "http://business.dailytimesleader.com/dailytimesleader/article/syndicationcloud-2023-12-29-new-leaf-family-welcomes-attorney-katie-wilmoth-to-their-team",
        "site_full": "business.dailytimesleader.com",
        "site": "dailytimesleader.com",
        "site_section": "http://business.dailytimesleader.com/dailytimesleader/markets/news",
        "site_categories": [],
        "section_title": "Stock Market News | NSDQ, NYSE, and AMEX Stock Market News, Market News Categories, Market Indicators | dailytimesleader.com | Serving West Point & Clay County Since 1867 ",
        "title": "New Leaf Family Welcomes Attorney Katie Wilmoth to Their Team | dailytimesleader.com | Serving West Point & Clay County Since 1867",
        "title_full": "New Leaf Family Welcomes Attorney Katie Wilmoth to Their Team | dailytimesleader.com | Serving West Point & Clay County Since 1867",
        "published": "2023-12-29T08:24:00.000+02:00",
        "replies_count": 0,
        "participants_count": 1,
        "site_type": "news",
        "country": "US",
        "main_image": "https://bloximages.newyork1.vip.townnews.com/dailytimesleader.com/content/tncms/custom/image/fb7d238c-4144-11eb-bb03-e3fe9f853d1e.jpg?resize=600%2C315",
        "performance_score": 0,
        "domain_rank": 93817,
        "domain_rank_updated": "2023-12-26T12:06:35.000+02:00",
        "reach": null,
        "social": {
            "facebook": {
                "likes": 0,
                "comments": 0,
                "shares": 0
            },
            "gplus": {
                "shares": 0
            },
            "pinterest": {
                "shares": 0
            },
            "linkedin": {
                "shares": 0
            },
            "stumbledupon": {
                "shares": 0
            },
            "vk": {
                "shares": 0
            }
        }
    },
    "uuid": "63748937eeed1a8e42b0f8aa27fb976f37d7797a",
    "url": "http://business.dailytimesleader.com/dailytimesleader/article/syndicationcloud-2023-12-29-new-leaf-family-welcomes-attorney-katie-wilmoth-to-their-team",
    "ord_in_thread": 0,
    "parent_url": null,
    "author": "Syndication Cloud",
    "published": "2023-12-29T08:24:00.000+02:00",
    "title": "New Leaf Family Welcomes Attorney Katie Wilmoth to Their Team | dailytimesleader.com | Serving West Point & Clay County Since 1867",
    "text": "FOR IMMEDIATE RELEASE\nGOLDEN, Colorado, December 28, 2023— New Leaf Family is thrilled to announce the addition of attorney Katie Wilmoth to their growing team. As a skilled and compassionate family law attorney, Wilmoth brings a wealth of experience and dedication to the firm’s mission of providing exceptional legal representation in family law matters.\nChristopher Anderson , CEO and founder of New Leaf Family, expressed his enthusiasm for the newest member of their team stating, “We are honored and excited to have Katie Wilmoth join the firm. She is an attorney of extraordinary talent, and caring for her clients. She will be an excellent addition to New Leaf’s team of attorneys seeking to empower our clients to make the best decisions for themselves and their families.”\nWith a focus on custody, child support, divorce, spousal support, property division, and modification of existing court orders, Katie has established herself as a strong advocate for her clients. She understands the unique challenges involved in cases involving children and recognizes the importance of helping parents work together for the benefit of their children even after legal proceedings have concluded. Katie firmly believes in leading by example, prioritizing professionalism, and encouraging her clients to consider the needs of their children above personal animosity towards the other parent.\nKatie brings a valuable skill set to her family law practice, boasting an impressive background in business and a Bachelor of Science degree majoring in Economics from New York University – Leonard N. Stern School of Business. This background allows her to approach cases with a strategic mindset, evaluating not only the legal aspects but also the financial implications for her clients.\nRob Leitner, Chief Strategy Officer for New Leaf Family, noted that “Katie brings a wealth of knowledge and experience to the team. She is an outstanding advocate for her clients, and she continually demonstrates compassion and empathy.” Leitner added that “Katie has already made a significant impact on our legal team, and we are very excited about her future at the firm.”\nKatie’s experience extends to handling high conflict cases, including those involving parental alienation, domestic violence, and alcohol and substance abuse. Her expertise in navigating complex and emotionally charged situations consistently guides her clients towards favorable outcomes, ensuring their rights and interests are protected throughout the legal process.\nAt New Leaf Family , the focus has always been on providing comprehensive and personalized legal services to individuals and families in need. Attorney Katie Wilmoth’s addition to the team further fortifies the firm’s commitment to excellence and strengthens their ability to serve clients facing challenging family law issues.\nFor more information about the legal services offered by New Leaf Family or to schedule a consultation with attorney Katie Wilmoth, please visit their website at www.newleaf.family or contact their office at (720) 712 – 3253.\nNew Leaf Family is a reputable law firm dedicated to providing compassionate and effective legal representation to individuals and families in and around Golden, CO. In addition to their client-centered approach, which empowers people to make decisions in their family’s best interest, New Leaf Family provides a variety of coaching and counseling services to assist clients at every stage of the process. They are committed to providing excellent legal services at fair costs as a dependable resource for local families.\nThe founders, Christopher T. Anderson and Penn Dodson, have been awarded Avvo 10.0 (Superb), and Martindale.com has rated the firm AV – Preeminent. Most important, however, are the clients who have experienced being a part of the New Leaf Family. See www.newleaf.family for more.\nMedia Contact:\nChristopher Anderson\nNew Leaf Family\n(720) 712 – 3253\nchristopher@newleaf.family\nOriginally posted On: https://syndication.cloud/new-leaf-family-welcomes-attorney-katie-wilmoth-to-their-team/\nData & News supplied by www.cloudquote.io\nStock quotes supplied by Barchart\nQuotes delayed at least 20 minutes.\nBy accessing this page, you agree to the following\nPrivacy Policy and Terms and Conditions .",
    "highlightText": "",
    "highlightTitle": "",
    "highlightThreadTitle": "",
    "language": "english",
    "sentiment": "positive",
    "categories": [
        "Crime, Law and Justice",
        "Economy, Business and Finance",
        "Human Interest"
    ],
    "external_links": [
        "https://www.newleaf.family/team-members/christopher-anderson",
        "https://syndication.cloud/new-leaf-family-welcomes-attorney-katie-wilmoth-to-their-team/",
        "https://www.cloudquote.io",
        "https://tracking.newsrpm.com/pixel?slug=syndicationcloud-2023-12-29-new-leaf-family-welcomes-attorney-katie-wilmoth-to-their-team",
        "https://www.googletagmanager.com/gtag/js?id=UA-8590502-3",
        "https://www.newleaf.family/",
        "https://www.cloudquote.io/article/5",
        "https://www.cloudquote.io/article/6",
        "https://www.googletagmanager.com/gtag/js",
        "https://cloudquote.io/article/5",
        "https://syndication.cloud/new-leaf-family-welcomes-attorney-katie-wilmoth-to-their-team",
        "https://newleaf.family/",
        "https://tracking.newsrpm.com/pixel",
        "https://googletagmanager.com/gtag/js?id=UA-8590502-3",
        "https://cloudquote.io",
        "https://www.newleaf.family",
        "https://newleaf.family/team-members/christopher-anderson",
        "https://www.tracking.newsrpm.com/pixel?slug=syndicationcloud-2023-12-29-new-leaf-family-welcomes-attorney-katie-wilmoth-to-their-team",
        "https://www.syndication.cloud/new-leaf-family-welcomes-attorney-katie-wilmoth-to-their-team/",
        "https://cloudquote.io/article/6"
    ],
    "external_images": [],
    "entities": {
        "persons": [
            {
                "name": "katie wilmoth",
                "sentiment": "negative"
            },
            {
                "name": "wilmoth",
                "sentiment": "none"
            },
            {
                "name": "katie",
                "sentiment": "none"
            },
            {
                "name": "christopher anderson",
                "sentiment": "none"
            }
        ],
        "organizations": [],
        "locations": [
            {
                "name": "colorado",
                "sentiment": "none"
            },
            {
                "name": "new leaf",
                "sentiment": "none"
            }
        ]
    },
    "rating": null,
    "crawled": "2023-12-29T08:49:31.684+02:00",
    "updated": "2023-12-29T08:49:31.684+02:00"
}