{
    "thread": {
        "uuid": "e721968dd00d1c9d334ddbe986d5017f9a9ffd07",
        "url": "https://www.cartacapital.com.br/politica/lula-sanciona-protocolo-para-combater-violencia-contra-mulheres-em-bares-boates-e-shows/",
        "site_full": "www.cartacapital.com.br",
        "site": "cartacapital.com.br",
        "site_section": "https://www.cartacapital.com.br/rss",
        "site_categories": [
            "politics",
            "law_government_and_politics",
            "media"
        ],
        "section_title": "CartaCapital",
        "title": "Lula sanciona protocolo para combater violência contra mulheres em bares, boates e shows",
        "title_full": "Lula sanciona protocolo para combater violência contra mulheres em bares, boates e shows",
        "published": "2023-12-29T14:08:00.000+02:00",
        "replies_count": 0,
        "participants_count": 1,
        "site_type": "news",
        "country": "BR",
        "main_image": "https://www.cartacapital.com.br/wp-content/uploads/2023/02/violencia_contra_a_mulher.jpeg",
        "performance_score": 0,
        "domain_rank": 18308,
        "domain_rank_updated": "2023-12-26T12:06:20.000+02:00",
        "reach": null,
        "social": {
            "facebook": {
                "likes": 0,
                "comments": 0,
                "shares": 0
            },
            "gplus": {
                "shares": 0
            },
            "pinterest": {
                "shares": 0
            },
            "linkedin": {
                "shares": 0
            },
            "stumbledupon": {
                "shares": 0
            },
            "vk": {
                "shares": 0
            }
        }
    },
    "uuid": "e721968dd00d1c9d334ddbe986d5017f9a9ffd07",
    "url": "https://www.cartacapital.com.br/politica/lula-sanciona-protocolo-para-combater-violencia-contra-mulheres-em-bares-boates-e-shows/",
    "ord_in_thread": 0,
    "parent_url": null,
    "author": "CartaCapital",
    "published": "2023-12-29T14:08:00.000+02:00",
    "title": "Lula sanciona protocolo para combater violência contra mulheres em bares, boates e shows",
    "text": "[Política](https://www.cartacapital.com.br/politica/) Lula sanciona protocolo para combater violência contra mulheres em bares, boates e shows Regras valem para eventos que vendam bebidas alcoólicas e foram inspiradas no protocolo que levou Daniel Alves para a prisão na Espanha [CartaCapital](https://www.cartacapital.com.br/author/redacao/)29.12.2023 09h08 [Apoie](/apoio-capital/?utm_source=cartacapital.com.br&utm_medium=materias&utm_campaign=&utm_content=lula-sanciona-protocolo-para-combater-violencia-contra-mulheres-em-bares-boates-e-shows&utm_term=)Siga-nos no [](https://news.google.com/publications/CAAiEOjrHMsMJ_46xsqUP1RpiEcqFAgKIhDo6xzLDCf-OsbKlD9UaYhH?ceid=BR:pt-419&oc=3) O presidente [Lula (PT)](https://www.cartacapital.com.br/tag/lula/) sancionou, nesta sexta-feira 29, o projeto que cria um protocolo de combate e prevenção à [violência contra a mulher](https://www.cartacapital.com.br/tag/violencia-contra-a-mulher/) em bares, boates e shows que vendam bebida alcoólica. O texto foi aprovado no Congresso [no início do mês](https://www.cartacapital.com.br/politica/camara-aprova-protocolo-para-prevenir-violencia-contra-mulheres/) e ficou conhecido como ‘Não é Não’. Ele tem autoria da deputada [Maria do Rosário (PT)](https://www.cartacapital.com.br/tag/maria-do-rosario/). A inspiração da parlamentar foram as leis espanholas, que culminaram na prisão do jogador [Daniel Alves](https://www.cartacapital.com.br/tag/daniel-alves/). O projeto sancionado hoje determina que os estabelecimentos deverão ter pelo menos uma pessoa no quadro de funcionários qualificada para atender ao protocolo. Além disso, devem disponibilizar informações para acionar as autoridades em caso de perigo. As novas regras também determinam que, em caso de violência, o local da agressão deve ser preservado até que autoridades investigadoras colham os materiais necessários. A vítima tem, ainda, o direito a escolher o seu acompanhante para deixar o bar, boate ou show. As imagens das câmeras de segurança, diz também o protocolo, devem ser preservadas por, no mínimo, 30 dias. É dever do estabelecimento, segundo a nova regra, entregar este material à Polícia. Em caso de constrangimento, os estabelecimentos deverão adotar ações para apresentar a integridade da vítima, bem como para preservar a dignidade da mulher e acionamento os órgãos de segurança pública. O protocolo ainda prevê que o agressor seja retirado do recinto até o término do atendimento à vítima. Veja a íntegra do texto sancionado pelo presidente: [Lei_mulheres](https://www.cartacapital.com.br/wp-content/uploads/2023/12/Lei_mulheres.pdf) Leia também [ Política ](https://www.cartacapital.com.br/politica/indulto-de-natal-de-lula-pode-excluir-condenados-pelo-8-de-janeiro-e-por-violencia-contra-a-mulher/?utm_medium=leiamais&utm_source=cartacapital.com.br) Indulto de Natal de Lula pode excluir condenados pelo 8 de Janeiro e por violência contra a mulherPor CartaCapital [ CartaExpressa ](https://www.cartacapital.com.br/cartaexpressa/ccj-da-camara-aprova-projeto-que-estabelece-sigilo-sobre-o-nome-de-vitima-de-violencia-domestica/?utm_medium=leiamais&utm_source=cartacapital.com.br) CCJ da Câmara aprova projeto que estabelece sigilo sobre o nome de vítima de violência domésticaPor CartaCapital [ Política ](https://www.cartacapital.com.br/politica/camara-aprova-protocolo-para-prevenir-violencia-contra-mulheres/?utm_medium=leiamais&utm_source=cartacapital.com.br) Câmara aprova protocolo para prevenir violência contra mulheresPor CartaCapital [ Frente Ampla ](https://www.cartacapital.com.br/opiniao/frente-ampla/uma-nova-vitoria-no-combate-a-violencia-contra-a-mulher/?utm_medium=leiamais&utm_source=cartacapital.com.br) Uma nova vitória no combate à violência contra a mulherPor Zenaide Maia [ Mundo ](https://www.cartacapital.com.br/mundo/mp-da-espanha-pede-9-anos-de-prisao-para-daniel-alves-por-violencia-sexual/?utm_medium=leiamais&utm_source=cartacapital.com.br) MP da Espanha pede 9 anos de prisão para Daniel Alves por violência sexualPor AFP Um minuto, por favor… O bolsonarismo perdeu a batalha das urnas, mas não está morto. Diante de um país tão dividido e arrasado, é preciso centrar esforços em uma reconstrução. Seu apoio, leitor, será ainda mais fundamental. Se você valoriza o bom jornalismo, ajude CartaCapital a seguir lutando por um novo Brasil. Assine a edição semanal da revista; Ou contribua, com o quanto puder.",
    "highlightText": "",
    "highlightTitle": "",
    "highlightThreadTitle": "",
    "language": "portuguese",
    "sentiment": "positive",
    "categories": [
        "Crime, Law and Justice",
        "Politics",
        "Social Issue"
    ],
    "external_links": [
        "https://news.google.com/publications/CAAiEOjrHMsMJ_46xsqUP1RpiEcqFAgKIhDo6xzLDCf-OsbKlD9UaYhH?ceid=BR:pt-419&oc=3",
        "https://news.google.com/publications/CAAiEOjrHMsMJ_46xsqUP1RpiEcqFAgKIhDo6xzLDCf-OsbKlD9UaYhH",
        "https://www.news.google.com/publications/CAAiEOjrHMsMJ_46xsqUP1RpiEcqFAgKIhDo6xzLDCf-OsbKlD9UaYhH?ceid=BR:pt-419&oc=3"
    ],
    "external_images": [],
    "entities": {
        "persons": [],
        "organizations": [],
        "locations": []
    },
    "rating": null,
    "crawled": "2023-12-29T14:59:27.723+02:00",
    "updated": "2023-12-29T16:18:14.841+02:00"
}