{
    "thread": {
        "uuid": "987ff02d8d0daa944b9c6b79cdb40ba1cc125e6f",
        "url": "http://www.godlikeproductions.com/forum1/message5608689/pg1",
        "site_full": "www.godlikeproductions.com",
        "site": "godlikeproductions.com",
        "site_section": "https://www.godlikeproductions.com/feeds/forums/1",
        "site_categories": [
            "marketing",
            "business"
        ],
        "section_title": "Godlike Productions - General Discussion",
        "title": "PROOF IT WORKS ... AGAIN:Chicago Concealed Carrier Foils Alleged Armed Robbery",
        "title_full": "PROOF IT WORKS ... AGAIN:Chicago Concealed Carrier Foils Alleged Armed Robbery",
        "published": "2023-12-28T22:57:00.000+02:00",
        "replies_count": 0,
        "participants_count": 1,
        "site_type": "news",
        "country": "US",
        "main_image": "",
        "performance_score": 0,
        "domain_rank": 19104,
        "domain_rank_updated": "2023-12-26T12:06:20.000+02:00",
        "reach": null,
        "social": {
            "facebook": {
                "likes": 0,
                "comments": 0,
                "shares": 0
            },
            "gplus": {
                "shares": 0
            },
            "pinterest": {
                "shares": 0
            },
            "linkedin": {
                "shares": 0
            },
            "stumbledupon": {
                "shares": 0
            },
            "vk": {
                "shares": 0
            }
        }
    },
    "uuid": "987ff02d8d0daa944b9c6b79cdb40ba1cc125e6f",
    "url": "http://www.godlikeproductions.com/forum1/message5608689/pg1",
    "ord_in_thread": 0,
    "parent_url": null,
    "author": "Coastie Patriot User ID",
    "published": "2023-12-28T22:57:00.000+02:00",
    "title": "PROOF IT WORKS ... AGAIN:Chicago Concealed Carrier Foils Alleged Armed Robbery",
    "text": "Users Online Now:\n2,079\n(\nWho's On?\n)\nVisitors Today:\n629,715\nPageviews Today:\n1,186,266\nThreads Today:\n419\nPosts Today:\n9,421\n05:01 PM\nDirectory\nAdv. Search\nTopics\nForum\nBack to Forum\nPost New Thread\nReply\nView Favorites\nJoin Now, Free! (& No Ads!)\nForgot Your Password?\nEmail\nPassword\nRemember\nRate this Thread\nAbsolute BS\nCrap\nReasonable\nNice\nAmazing\nPage\n1\nBottom\nSearch Replies\nPrevious Page\nNext Page\nSearch Terms:\nHighlight Matches\nPROOF IT WORKS ... AGAIN:Chicago Concealed Carrier Foils Alleged Armed Robbery\nCoastie Patriot\nUser ID: 70617162\nUnited States\n12/28/2023 04:38 PM\nReport Abusive Post\nReport Copyright Violation\nPROOF IT WORKS ... AGAIN:Chicago Concealed Carrier Foils Alleged Armed Robbery\nA concealed carry permit holder foiled an alleged armed robbery Saturday afternoon in Chicago, shooting and killing one of the suspected robbers, according to reports.\nCWB Chicago reported that the incident occurred just prior to 5 p.m. “in an alley behind the 1700 block of West Cortez,” The deceased is a 19-year-old man who was taken to a hospital with a gunshot wound to his chest and he was pronounced dead upon arrival.\nFAFO'D\nhttps://twitter.com/_/status/1738792949742252196\n[\nlink to www.breitbart.com (secure)\n]\nCoastie Patriot\nSIC SEMPER TYRRANIS\nTHE SAME PEOPLE WHO SAID NO GUNS BECAUSE OF POLICE NOW WANT TO DEFUND THE POLICE!!!!\nDr Thaddeus They\nThey don't really care whether the truth gets out, because the public no longer knows what's meant by \"the truth.\"\nWell, I mean, no one can tell the difference anymore between what's real and what's fake.\nAnyway, the point is, I can tell you all of this, right out in the open, because it doesn't matter who knows about it. They won't know whether to believe it or not.-\nX Files: Lost art of Forehead Sweat\nA gun is a tool, Marion, no better or no worse than any other tool, an axe, a shovel or anything. A gun is as good or as bad as the man using it. Remember that.\n-SHANE-\nJefferson Smith: You see, boys forget what their country means by just reading The Land of the Free in history books. Then they get to be men they forget even more. Liberty's too precious a thing to be buried in books, Miss Saunders. Men should hold it up in front of them every single day of their lives and say: I'm free to think and to speak. My ancestors couldn't, I can, and my children will. Boys ought to grow up remembering that . - MR Smith Goes To Washington-\nto grow up remembering th\nMy oath to support and defend the constitution against all enemies foreign and domestic has no expiration date!!!\nTen Bears : It's sad that governments are chiefed by the double tongues. There is iron in your words of death for all Comanche to see and so there is iron in your words of life. No signed paper can hold the iron. It must come from men. Outlaw Josey Wales\nAnonymous Coward\nUser ID: 54099254\nUnited States\n12/28/2023 04:57 PM\nReport Abusive Post\nReport Copyright Violation\nRe: PROOF IT WORKS ... AGAIN:Chicago Concealed Carrier Foils Alleged Armed Robbery\nPage\n1\nTop\nPrevious Page\nNext Page\nBack to Forum\nPost New Thread\nReply\nView Favorites\nRelated Threads\n1\nAttempted Color Revolution Foiled In Serbia\n1d 16h\n2\nMost Prominent Aluminum Foil Seller in America are Satanists\n12/23/23\n3\nThe neighbor was spying, alu foiled his windows yadda yadda.. but his LinkedIn removed hmmm?\n12/06/23\n4\nInsulation Foil and Wireless Internet creates a Hot Box in your home\n11/03/23\n5\nPLOT FOILED 29-year-old terror suspect and IS supporter arrested for planning truck attack on pro-Israel rally in Germany\n10/24/23\n6\nHydra foil boat racing. 60 MPH wind power.\n10/04/23\n7\n2000 Years of planning foiled by flying sand apes with cheap Chinese two stroke props and a go cart frame\n10/08/23\n8\nDo You Cook With Aliminum Foil? Check This Out.\n10/04/23\n9\nFoil double wrapped phone still fried my brain and self assembled a giant staff in my pants\n10/04/23\n10\nRapper Spent $100,000 On Gold Foil Hot Dog.\n10/01/23\nDisclaimer / Copyright Info\n-\nPrivacy Policy\n-\nTerms Of Use\n-\nCancellation Policy / Billing Help\nMail\nWebmaster\nwith questions or comments about this site.\nCopyright © 1999 - 2023 Godlikeproductions.com\nPage generated in 0.015s (7 queries)",
    "highlightText": "",
    "highlightTitle": "",
    "highlightThreadTitle": "",
    "language": "english",
    "sentiment": "positive",
    "categories": [
        "Crime, Law and Justice",
        "Social Issue",
        "Human Interest"
    ],
    "external_links": [
        "https://twitter.com/_/status/1738792949742252196",
        "https://www.twitter.com/_/status/1738792949742252196"
    ],
    "external_images": [],
    "entities": {
        "persons": [
            {
                "name": "tod",
                "sentiment": "negative"
            }
        ],
        "organizations": [
            {
                "name": "cwb chicago",
                "sentiment": "none"
            },
            {
                "name": "forum post",
                "sentiment": "none"
            },
            {
                "name": "chicago concealed carrier foils alleged armed robbery a",
                "sentiment": "none"
            }
        ],
        "locations": [
            {
                "name": "chicago",
                "sentiment": "none"
            },
            {
                "name": "west cortez",
                "sentiment": "none"
            },
            {
                "name": "united states",
                "sentiment": "none"
            }
        ]
    },
    "rating": null,
    "crawled": "2023-12-29T00:01:42.572+02:00",
    "updated": "2023-12-29T00:01:42.572+02:00"
}