{
    "thread": {
        "uuid": "cef70cfeeb315443c8887e5758dc6e31c7f60313",
        "url": "http://business.dailytimesleader.com/dailytimesleader/article/abnewswire-2023-12-29-law-office-of-ghenadie-rusu-offers-free-consultations-for-immigration-and-family-law-services",
        "site_full": "business.dailytimesleader.com",
        "site": "dailytimesleader.com",
        "site_section": "http://business.dailytimesleader.com/dailytimesleader/markets/news",
        "site_categories": [],
        "section_title": "Stock Market News | NSDQ, NYSE, and AMEX Stock Market News, Market News Categories, Market Indicators | dailytimesleader.com | Serving West Point & Clay County Since 1867 ",
        "title": "Law Office of Ghenadie Rusu Offers Free Consultations for Immigration and Family Law Services | dailytimesleader.com | Serving West Point & Clay County Since 1867",
        "title_full": "Law Office of Ghenadie Rusu Offers Free Consultations for Immigration and Family Law Services | dailytimesleader.com | Serving West Point & Clay County Since 1867",
        "published": "2023-12-28T02:00:00.000+02:00",
        "replies_count": 0,
        "participants_count": 1,
        "site_type": "news",
        "country": "US",
        "main_image": "https://bloximages.newyork1.vip.townnews.com/dailytimesleader.com/content/tncms/custom/image/fb7d238c-4144-11eb-bb03-e3fe9f853d1e.jpg?resize=600%2C315",
        "performance_score": 0,
        "domain_rank": 93817,
        "domain_rank_updated": "2023-12-26T12:06:35.000+02:00",
        "reach": null,
        "social": {
            "facebook": {
                "likes": 0,
                "comments": 0,
                "shares": 0
            },
            "gplus": {
                "shares": 0
            },
            "pinterest": {
                "shares": 0
            },
            "linkedin": {
                "shares": 0
            },
            "stumbledupon": {
                "shares": 0
            },
            "vk": {
                "shares": 0
            }
        }
    },
    "uuid": "cef70cfeeb315443c8887e5758dc6e31c7f60313",
    "url": "http://business.dailytimesleader.com/dailytimesleader/article/abnewswire-2023-12-29-law-office-of-ghenadie-rusu-offers-free-consultations-for-immigration-and-family-law-services",
    "ord_in_thread": 0,
    "parent_url": null,
    "author": "AB Newswire",
    "published": "2023-12-28T02:00:00.000+02:00",
    "title": "Law Office of Ghenadie Rusu Offers Free Consultations for Immigration and Family Law Services | dailytimesleader.com | Serving West Point & Clay County Since 1867",
    "text": "Law Office of Ghenadie Rusu offers FREE consultations for Immigration & Family Law. Expert guidance for a brighter future!\nThe Law Office of Ghenadie Rusu, a distinguished legal practice based in New York, is excited to announce its commitment to providing free consultations for individuals seeking assistance in immigration and family law matters. With a focus on helping those in need, Attorney Ghenadie Rusu is extending this offer to support individuals looking for guidance on Adjustment of Status (Green Card) and Special Immigrant Juvenile Status cases.\nImmigrating to the USA can be a complex process, and the Law Office of Ghenadie Rusu understands the importance of reliable legal representation. Whether individuals are navigating the path to Green Card status or require assistance with Special Immigrant Juvenile Status, Attorney Ghenadie Rusu is here to offer expert legal counsel.\n\"Empowering individuals with the right legal support is crucial, especially in immigration and family law matters. We are pleased to provide free consultations to those in need, ensuring they have the information and guidance necessary to make informed decisions,\" said Attorney Ghenadie Rusu.\nThe Law Office of Ghenadie Rusu specializes in a range of legal services, including immigration law and family law. Attorney Ghenadie Rusu brings a wealth of experience and expertise to help clients achieve their legal goals.\nIndividuals seeking legal assistance in Adjustment of Status (Green Card) or Special Immigrant Juvenile Status cases can take advantage of the free consultation offered by the Law Office of Ghenadie Rusu. This initiative reflects the firm's commitment to making legal services accessible to those who need them.\nFor more information about the Law Office of Ghenadie Rusu and the free consultation offer, visit their website .\nAbout Law Office of Ghenadie Rusu:\nThe Law Office of Ghenadie Rusu is a trusted legal practice based in New York, specializing in immigration law and family law. Attorney Ghenadie Rusu is dedicated to providing expert legal counsel and support to individuals facing immigration challenges and family law matters.\nFor Media Inquiries about their services, visit their website .\nMedia Contact\nCompany Name: Law Office of Ghenadie Rusu\nContact Person: Ghenadie Rusu\nEmail: Send Email\nPhone: +1 (347) 907-1248\nCountry: United States\nWebsite: https://rusulaw.com/\nData & News supplied by www.cloudquote.io\nStock quotes supplied by Barchart\nQuotes delayed at least 20 minutes.\nBy accessing this page, you agree to the following\nPrivacy Policy and Terms and Conditions .",
    "highlightText": "",
    "highlightTitle": "",
    "highlightThreadTitle": "",
    "language": "english",
    "sentiment": "positive",
    "categories": [
        "Human Interest",
        "Crime, Law and Justice",
        "Social Issue"
    ],
    "external_links": [
        "https://tracking.newsrpm.com/pixel?slug=abnewswire-2023-12-29-law-office-of-ghenadie-rusu-offers-free-consultations-for-immigration-and-family-law-services",
        "https://www.cloudquote.io",
        "https://www.abnewswire.com/email_contact_us.php?pr=law-office-of-ghenadie-rusu-offers-free-consultations-for-immigration-and-family-law-services",
        "https://www.googletagmanager.com/gtag/js?id=UA-8590502-3",
        "https://www.abnewswire.com/press_stat.php?pr=law-office-of-ghenadie-rusu-offers-free-consultations-for-immigration-and-family-law-services",
        "https://rusulaw.com/",
        "https://www.cloudquote.io/article/5",
        "https://www.abnewswire.com/companyname/rusulaw.com_127622.html",
        "https://www.cloudquote.io/article/6",
        "https://www.abnewswire.com/email_contact_us.php",
        "https://www.googletagmanager.com/gtag/js",
        "https://cloudquote.io/article/5",
        "https://abnewswire.com/press_stat.php?pr=law-office-of-ghenadie-rusu-offers-free-consultations-for-immigration-and-family-law-services",
        "https://cloudquote.io/article/6",
        "https://tracking.newsrpm.com/pixel",
        "https://abnewswire.com/email_contact_us.php?pr=law-office-of-ghenadie-rusu-offers-free-consultations-for-immigration-and-family-law-services",
        "https://googletagmanager.com/gtag/js?id=UA-8590502-3",
        "https://cloudquote.io",
        "https://www.abnewswire.com/press_stat.php",
        "https://rusulaw.com",
        "https://abnewswire.com/companyname/rusulaw.com_127622.html",
        "https://www.tracking.newsrpm.com/pixel?slug=abnewswire-2023-12-29-law-office-of-ghenadie-rusu-offers-free-consultations-for-immigration-and-family-law-services",
        "https://www.rusulaw.com/"
    ],
    "external_images": [],
    "entities": {
        "persons": [
            {
                "name": "ghenadie rusu",
                "sentiment": "negative"
            }
        ],
        "organizations": [],
        "locations": [
            {
                "name": "new york",
                "sentiment": "none"
            },
            {
                "name": "usa",
                "sentiment": "none"
            }
        ]
    },
    "rating": null,
    "crawled": "2023-12-29T02:31:29.017+02:00",
    "updated": "2023-12-29T02:31:29.017+02:00"
}