{
    "thread": {
        "uuid": "99913924e9620c9643623d126ef5219b36bb842a",
        "url": "https://www.missmalini.com/2023/12/29/guns-and-gulaabs-season-2-announcement",
        "site_full": "www.missmalini.com",
        "site": "missmalini.com",
        "site_section": "https://missmalini.com",
        "site_categories": [
            "hacking",
            "javascript",
            "tech"
        ],
        "section_title": "MissMalini - Ultimate Destination for Latest Entertainment Updates",
        "title": "Guns and Gulaabs Season 2 Announcement Teaser",
        "title_full": "Guns and Gulaabs Season 2 Announcement Teaser",
        "published": "2023-12-29T07:01:00.000+02:00",
        "replies_count": 0,
        "participants_count": 1,
        "site_type": "news",
        "country": "IN",
        "main_image": "https://wp.missmalini.com/wp-content/uploads/2023/12/Untitled-design-73.png",
        "performance_score": 0,
        "domain_rank": 72489,
        "domain_rank_updated": "2023-12-26T12:06:25.000+02:00",
        "reach": null,
        "social": {
            "facebook": {
                "likes": 0,
                "comments": 0,
                "shares": 0
            },
            "gplus": {
                "shares": 0
            },
            "pinterest": {
                "shares": 0
            },
            "linkedin": {
                "shares": 0
            },
            "stumbledupon": {
                "shares": 0
            },
            "vk": {
                "shares": 0
            }
        }
    },
    "uuid": "99913924e9620c9643623d126ef5219b36bb842a",
    "url": "https://www.missmalini.com/2023/12/29/guns-and-gulaabs-season-2-announcement",
    "ord_in_thread": 0,
    "parent_url": null,
    "author": "Achal Modak",
    "published": "2023-12-29T07:01:00.000+02:00",
    "title": "Guns and Gulaabs Season 2 Announcement Teaser",
    "text": "The makers of ‘Guns & Gulaabs’ recently announced season 2 of the comedy crime thriller show. Created by Raj and DK, the series features Rajkummar Rao, Dulquer Salmaan, [Adarsh Gourav](https://www.missmalini.com/2023/12/15/ananya-panday-siddhant-chaturvedi-adarsh-gourav-vibe-beats-kho-gaye-hum-kahan-new-song), Gulshan Devaiah, Goutam Sharma, Gourav Sharma and Sanchay Goswami. The first season of the show released on August 18, 2023 on Netflix. Here’s a teaser video of the second season of the thrilling show… Streaming platform Netflix on Thursday announced the return of Raj Nidimoru and Krishna DK’s crime comedy series ‘Guns & Gulaabs’. “Khali haath nahi, Guns & Gulaabs ka naya season leke aaye hain #GunsAndGulaabs Season 2 is coming only on Netflix!,” [Netflix](https://www.missmalini.com/2023/12/28/berlin-money-heist-prequel-release-date-cast-trailer) wrote while sharing an interesting glimpse of the second season of the show which gained wide popularity and love for its quirky dialogues and fascinating characters. ‘Guns & Gulaabs’ is set in the 90s world of crime and violence. The hindi-language television series depicts the story of love and innocence blending with romance and humor. The released date has not been revealed yet but the announcement of the second season has stirred excitement among fans of the show.",
    "highlightText": "",
    "highlightTitle": "",
    "highlightThreadTitle": "",
    "language": "english",
    "sentiment": "positive",
    "categories": [
        "Crime, Law and Justice",
        "Arts, Culture and Entertainment"
    ],
    "external_links": [],
    "external_images": [],
    "entities": {
        "persons": [
            {
                "name": "rajkummar rao",
                "sentiment": "none"
            },
            {
                "name": "khali",
                "sentiment": "none"
            },
            {
                "name": "gourav sharma",
                "sentiment": "none"
            },
            {
                "name": "krishna",
                "sentiment": "none"
            },
            {
                "name": "raj nidimoru",
                "sentiment": "none"
            },
            {
                "name": "gulshan devaiah",
                "sentiment": "none"
            },
            {
                "name": "sanchay goswami",
                "sentiment": "none"
            },
            {
                "name": "raj",
                "sentiment": "none"
            },
            {
                "name": "goutam sharma",
                "sentiment": "none"
            },
            {
                "name": "dulquer salmaan",
                "sentiment": "none"
            }
        ],
        "organizations": [
            {
                "name": "netflix",
                "sentiment": "none"
            }
        ],
        "locations": []
    },
    "rating": null,
    "crawled": "2023-12-29T14:37:52.412+02:00",
    "updated": "2023-12-29T14:37:52.412+02:00"
}