{
    "thread": {
        "uuid": "fccbc1781e845c3b084713840acafe5f158afb74",
        "url": "https://www.wandtv.com/news/illinois-law-ensures-compensation-for-child-social-media-influencers/article_853d2d6c-a5c7-11ee-99d8-1b7c952a620f.html",
        "site_full": "www.wandtv.com",
        "site": "wandtv.com",
        "site_section": "https://wandtv.com",
        "site_categories": [
            "media"
        ],
        "section_title": "wandtv.com | Central Illinois' Best Source for News and Weather ",
        "title": "Illinois law ensures compensation for child social media influencers | Top Stories | wandtv.com",
        "title_full": "Illinois law ensures compensation for child social media influencers | Top Stories | wandtv.com",
        "published": "2023-12-28T07:00:00.000+02:00",
        "replies_count": 0,
        "participants_count": 1,
        "site_type": "news",
        "country": "US",
        "main_image": "https://bloximages.newyork1.vip.townnews.com/wandtv.com/content/tncms/assets/v3/editorial/3/73/3737875a-46eb-515d-989a-d1fc9bbfc9ce/658dfe15c20ed.image.jpg?crop=1280%2C672%2C0%2C23&amp;resize=1200%2C630&amp;order=crop%2Cresize",
        "performance_score": 0,
        "domain_rank": 42660,
        "domain_rank_updated": "2023-12-26T12:06:25.000+02:00",
        "reach": null,
        "social": {
            "facebook": {
                "likes": 0,
                "comments": 0,
                "shares": 0
            },
            "gplus": {
                "shares": 0
            },
            "pinterest": {
                "shares": 0
            },
            "linkedin": {
                "shares": 0
            },
            "stumbledupon": {
                "shares": 0
            },
            "vk": {
                "shares": 0
            }
        }
    },
    "uuid": "fccbc1781e845c3b084713840acafe5f158afb74",
    "url": "https://www.wandtv.com/news/illinois-law-ensures-compensation-for-child-social-media-influencers/article_853d2d6c-a5c7-11ee-99d8-1b7c952a620f.html",
    "ord_in_thread": 0,
    "parent_url": null,
    "author": "Mike Miletich",
    "published": "2023-12-28T07:00:00.000+02:00",
    "title": "Illinois law ensures compensation for child social media influencers | Top Stories | wandtv.com",
    "text": "SPRINGFIELD, Ill. (WAND) — If you pick up your phone or tablet and watch videos on TikTok or YouTube, you will likely see many video blogs or \"vlogs\" featuring families with young children. A new [Illinois law](https://ilga.gov/legislation/publicacts/103/PDF/103-0556.pdf) will ensure young social media influencers are paid for their work in videos with their parents or guardians. Children under 16 will be entitled to a share of the revenue from videos if they are featured in at least 30% of a vlogger's content each month. Parents or guardians will be required to set up a trust fund so minors can access the money when they are older. \"This is a bill that was brought to me by a young 15-year-old high school student from Normal, Illinois. Her name is Shreya Nallamothu,\" said Sen. Dave Koehler (D-Peoria). \"She was concerned about the risks of children being used in vlogging on the internet, especially where it is monetized and large sums of money were being created by their families in doing that.\" Minors will gain access to the money once they turn 18 or become legally independent from their parents or guardians. The law gained strong bipartisan support in the House and Senate this spring. Child influencers will be able to seek a private right of action against their parents if they were not properly compensated. Illinois will be the first state in the country to have this type of protection when the law takes effect Monday. \"The one thing I would suggest for the future is that this bill does not go far enough,\" said Sen. Sue Rezin (R-Morris). \"We need to look at social media and the impacts on minors in general, and I look forward to working on that topic in the future.\" Koehler and Rep. Sharon Chung (D-Bloomington) agreed this law is an important first step to address social media for kids. Senate Bill 1782 passed unanimously out of the Senate on May 19. The legislation passed out of the House on a 98-17 vote on May 16. Some House Republicans said they opposed the plan as they feel government should not impede on family relationships. \"This bill is modeled after child actor labor laws and protects minors by having their parents or guardians set up a trust fund so that the minor can access these funds when they are older,\" Chung said. Copyright 2023. WAND TV. All rights reserved.",
    "highlightText": "",
    "highlightTitle": "",
    "highlightThreadTitle": "",
    "language": "english",
    "sentiment": "positive",
    "categories": [
        "Social Issue",
        "Economy, Business and Finance",
        "Crime, Law and Justice"
    ],
    "external_links": [
        "https://ilga.gov/legislation/publicacts/103/PDF/103-0556.pdf)",
        "https://www.ilga.gov/legislation/publicacts/103/PDF/103-0556.pdf)"
    ],
    "external_images": [],
    "entities": {
        "persons": [
            {
                "name": "shreya nallamothu",
                "sentiment": "none"
            },
            {
                "name": "dave koehler",
                "sentiment": "none"
            }
        ],
        "organizations": [],
        "locations": [
            {
                "name": "illinois",
                "sentiment": "none"
            },
            {
                "name": "ill.",
                "sentiment": "none"
            },
            {
                "name": "springfield",
                "sentiment": "none"
            },
            {
                "name": "peoria",
                "sentiment": "none"
            }
        ]
    },
    "rating": null,
    "crawled": "2023-12-29T02:46:56.246+02:00",
    "updated": "2023-12-29T02:46:56.246+02:00"
}