{
    "thread": {
        "uuid": "98a2d47dc69a3f5a9065461b10cd11c0f7baca5f",
        "url": "http://business.bigspringherald.com/bigspringherald/article/prleap-2023-12-29-waynesville-mo-author-publishes-crime-novel",
        "site_full": "business.bigspringherald.com",
        "site": "bigspringherald.com",
        "site_section": "http://business.bigspringherald.com/bigspringherald/markets/news",
        "site_categories": [
            "financial_news",
            "finance"
        ],
        "section_title": "Stock Market News | NSDQ, NYSE, and AMEX Stock Market News, Market News Categories, Market Indicators | Markets | bigspringherald.com ",
        "title": "Waynesville, MO Author Publishes Crime Novel | Markets | bigspringherald.com",
        "title_full": "Waynesville, MO Author Publishes Crime Novel | Markets | bigspringherald.com",
        "published": "2023-12-29T11:00:00.000+02:00",
        "replies_count": 0,
        "participants_count": 1,
        "site_type": "news",
        "country": "US",
        "main_image": "https://bloximages.newyork1.vip.townnews.com/bigspringherald.com/content/tncms/custom/image/e8a750b8-62be-11e9-a190-5322d25ce562.jpg?crop=157%2C157%2C15%2C0&amp;resize=200%2C200&amp;order=crop%2Cresize",
        "performance_score": 0,
        "domain_rank": 93093,
        "domain_rank_updated": "2023-12-26T12:06:35.000+02:00",
        "reach": null,
        "social": {
            "facebook": {
                "likes": 0,
                "comments": 0,
                "shares": 0
            },
            "gplus": {
                "shares": 0
            },
            "pinterest": {
                "shares": 0
            },
            "linkedin": {
                "shares": 0
            },
            "stumbledupon": {
                "shares": 0
            },
            "vk": {
                "shares": 0
            }
        }
    },
    "uuid": "98a2d47dc69a3f5a9065461b10cd11c0f7baca5f",
    "url": "http://business.bigspringherald.com/bigspringherald/article/prleap-2023-12-29-waynesville-mo-author-publishes-crime-novel",
    "ord_in_thread": 0,
    "parent_url": null,
    "author": "PR Leap",
    "published": "2023-12-29T11:00:00.000+02:00",
    "title": "Waynesville, MO Author Publishes Crime Novel | Markets | bigspringherald.com",
    "text": "(PRLeap.com) Over the Bluffs, a new book by Lori Parker, has been released by Dorrance Publishing Co., Inc.\nThe 1960s and 1970s were relaxed decades.\nIn California, it was no different. But underneath the surface of trusting individuals and peace lay an era of crime-brutal crime. In Over the Bluffs, Lori Parker details the events of two young victims to such crime-and the results of what came after.\nOver the Bluffs is a 128-page paperback with a retail price of $15.00 (eBook $10.00). The ISBN is 979-8-88925-382-2. It was published by Dorrance Publishing Co., Inc of Pittsburgh, Pennsylvania. For members of the press, to request a review copy, visit our virtual pressroom at https://dorrancepressroom.com/over-the-bluffs-a-case-of-stolen-innocence-and-the-ultimate-betrayal/ or to buy the book visit our online bookstore at https://bookstore.dorrancepublishing.com/over-the-bluffs-a-case-of-stolen-innocence-and-the-ultimate-betrayal/ GET IN TOUCH\nBrittany Baker\nDorrance Publishing\nhttp://www.dorrancepublishing.com\nYou can see the original version and more on PRLeap here: http://www.prleap.com/pr/294623/waynesville-mo-author-publishes-crime-novel\nData & News supplied by www.cloudquote.io\nStock quotes supplied by Barchart\nQuotes delayed at least 20 minutes.\nBy accessing this page, you agree to the following\nPrivacy Policy and Terms and Conditions .",
    "highlightText": "",
    "highlightTitle": "",
    "highlightThreadTitle": "",
    "language": "english",
    "sentiment": "positive",
    "categories": [
        "Crime, Law and Justice"
    ],
    "external_links": [
        "https://tracking.newsrpm.com/pixel?slug=prleap-2023-12-29-waynesville-mo-author-publishes-crime-novel",
        "http://www.dorrancepublishing.com",
        "https://bookstore.dorrancepublishing.com/over-the-bluffs-a-case-of-stolen-innocence-and-the-ultimate-betrayal/",
        "https://www.cloudquote.io",
        "https://www.googletagmanager.com/gtag/js?id=UA-8590502-3",
        "http://www.prleap.com/pr/294623/waynesville-mo-author-publishes-crime-novel",
        "https://www.cloudquote.io/article/5",
        "https://www.cloudquote.io/article/6",
        "https://dorrancepressroom.com/over-the-bluffs-a-case-of-stolen-innocence-and-the-ultimate-betrayal/",
        "http://dorrancepublishing.com",
        "https://cloudquote.io/article/5",
        "https://bookstore.dorrancepublishing.com/over-the-bluffs-a-case-of-stolen-innocence-and-the-ultimate-betrayal",
        "http://prleap.com/pr/294623/waynesville-mo-author-publishes-crime-novel",
        "https://www.googletagmanager.com/gtag/js",
        "https://tracking.newsrpm.com/pixel",
        "https://googletagmanager.com/gtag/js?id=UA-8590502-3",
        "https://www.tracking.newsrpm.com/pixel?slug=prleap-2023-12-29-waynesville-mo-author-publishes-crime-novel",
        "https://cloudquote.io",
        "https://www.dorrancepressroom.com/over-the-bluffs-a-case-of-stolen-innocence-and-the-ultimate-betrayal/",
        "https://dorrancepressroom.com/over-the-bluffs-a-case-of-stolen-innocence-and-the-ultimate-betrayal",
        "https://www.bookstore.dorrancepublishing.com/over-the-bluffs-a-case-of-stolen-innocence-and-the-ultimate-betrayal/",
        "https://cloudquote.io/article/6"
    ],
    "external_images": [],
    "entities": {
        "persons": [
            {
                "name": "lori parker",
                "sentiment": "negative"
            },
            {
                "name": "brittany baker dorrance",
                "sentiment": "none"
            }
        ],
        "organizations": [
            {
                "name": "dorrance publishing co",
                "sentiment": "negative"
            },
            {
                "name": "dorrance publishing co., inc",
                "sentiment": "none"
            },
            {
                "name": "inc",
                "sentiment": "none"
            }
        ],
        "locations": [
            {
                "name": "waynesville",
                "sentiment": "none"
            },
            {
                "name": "california",
                "sentiment": "none"
            },
            {
                "name": "pittsburgh",
                "sentiment": "none"
            },
            {
                "name": "pennsylvania",
                "sentiment": "none"
            }
        ]
    },
    "rating": null,
    "crawled": "2023-12-29T11:08:13.314+02:00",
    "updated": "2023-12-29T11:08:13.314+02:00"
}