{
    "thread": {
        "uuid": "5bc4054d30437ec5a15658fab35535d83e19813f",
        "url": "https://www.prnewswire.com/news-releases/elk--elk-attorneys-recognized-on-2024-super-lawyers-and-rising-stars-lists-302023465.html",
        "site_full": "www.prnewswire.com",
        "site": "prnewswire.com",
        "site_section": "https://www.prnewswire.com/news-releases/",
        "site_categories": [
            "media"
        ],
        "section_title": "All News Releases Distributed by PR Newswire",
        "title": "Elk + Elk Attorneys Recognized on 2024 Super Lawyers® and Rising Stars Lists",
        "title_full": "Elk + Elk Attorneys Recognized on 2024 Super Lawyers® and Rising Stars Lists",
        "published": "2023-12-29T16:00:00.000+02:00",
        "replies_count": 0,
        "participants_count": 1,
        "site_type": "news",
        "country": "US",
        "main_image": "https://mma.prnewswire.com/media/2308591/PressRelease_SuperLawyers_100.jpg?p=facebook",
        "performance_score": 0,
        "domain_rank": 195,
        "domain_rank_updated": "2023-12-26T12:06:20.000+02:00",
        "reach": null,
        "social": {
            "facebook": {
                "likes": 0,
                "comments": 0,
                "shares": 0
            },
            "gplus": {
                "shares": 0
            },
            "pinterest": {
                "shares": 0
            },
            "linkedin": {
                "shares": 0
            },
            "stumbledupon": {
                "shares": 0
            },
            "vk": {
                "shares": 0
            }
        }
    },
    "uuid": "5bc4054d30437ec5a15658fab35535d83e19813f",
    "url": "https://www.prnewswire.com/news-releases/elk--elk-attorneys-recognized-on-2024-super-lawyers-and-rising-stars-lists-302023465.html",
    "ord_in_thread": 0,
    "parent_url": null,
    "author": "Elk + Elk",
    "published": "2023-12-29T16:00:00.000+02:00",
    "title": "Elk + Elk Attorneys Recognized on 2024 Super Lawyers® and Rising Stars Lists",
    "text": "MAYFIELD HEIGHTS, Ohio , Dec 29, 2023 /PRNewswire/ -- Elk + Elk , an Ohio personal injury firm based in Cleveland , is proud to announce that 14 of its attorneys were included in the 2024 Super Lawyers ® and Rising Stars lists.\nContinue Reading\nElk + Elk Attorneys Recognized on 2024 Super Lawyers® and Rising Stars Lists Partners Jay Kelley , John O'Neil, Phillip Kuri , Marilena DiSilvio , and R. Craig McLaughlin were selected to the 2024 Ohio Super Lawyers list. Attorneys William Campbell , Matthew Carty, Gary Cowan , Kevin Lenson , Amy Papesh , William Price , and Curtis M. Fifner were selected to the 2024 Ohio Super Lawyers list. Attorneys Ian Fijalkovich and Katie McCormick were included on this year's Ohio Rising Stars list. McCormick is the newest Elk + Elk addition to the 2024 Ohio Rising Stars List. DiSilvio was selected to the 2024 Top 50 Women Ohio Super Lawyers and Top 25 Women Cleveland Super Lawyers lists. Kelley, DiSilvio, and Price were also included on this year's Top 50 Cleveland Super Lawyers and Top 100 Ohio Super Lawyers lists.\nAbout Super Lawyers Super Lawyers, part of Thomson Reuters, is a rating service of outstanding lawyers from more than 70 practice areas who have attained a high degree of peer recognition and professional achievement. The Super Lawyers lists are published nationwide in Super Lawyers Magazines and in leading city and regional magazines and newspapers across the country. Super Lawyers Magazines also feature editorial profiles of attorneys who embody excellence in the practice of law.\nSelection Process The annual selections are made using a patented multiphase process that includes a statewide survey of lawyers, an independent research evaluation of candidates and peer reviews by practice area. The result is a credible, comprehensive, and diverse listing of exceptional attorneys.\nSuper Lawyers Lists These exclusive lists feature attorneys with high peer recognition and professional achievement degrees. They serve as a valuable resource for consumers seeking legal counsel and referring attorneys.\nThe Super Lawyers list recognizes at most 5 percent of attorneys in each state. The Rising Stars list recognizes at most 2.5 percent of attorneys in each state.\nAbout Elk + Elk Elk & Elk Co., Ltd. is a personal injury law firm with offices located throughout Ohio , Kentucky , and in Seattle, WA. The firm's attorneys have protected the rights of thousands of injury victims and have won some of the state's largest verdicts and settlements. Elk + Elk assists clients with a wide variety of personal injury claims, including auto accidents, medical malpractice, birth injuries, workers' compensation and product defects.\nSOURCE Elk + Elk",
    "highlightText": "",
    "highlightTitle": "",
    "highlightThreadTitle": "",
    "language": "english",
    "sentiment": "positive",
    "categories": [
        "Human Interest",
        "Crime, Law and Justice"
    ],
    "external_links": [],
    "external_images": [],
    "entities": {
        "persons": [
            {
                "name": "mayfield",
                "sentiment": "negative"
            },
            {
                "name": "amy papesh",
                "sentiment": "none"
            },
            {
                "name": "john o'neil",
                "sentiment": "none"
            },
            {
                "name": "william campbell",
                "sentiment": "none"
            },
            {
                "name": "curtis m. fifner",
                "sentiment": "none"
            },
            {
                "name": "katie mccormick",
                "sentiment": "none"
            },
            {
                "name": "kevin lenson",
                "sentiment": "none"
            },
            {
                "name": "william price",
                "sentiment": "none"
            },
            {
                "name": "disilvio",
                "sentiment": "none"
            },
            {
                "name": "ian fijalkovich",
                "sentiment": "none"
            },
            {
                "name": "kelley",
                "sentiment": "none"
            },
            {
                "name": "phillip kuri",
                "sentiment": "none"
            },
            {
                "name": "jay kelley",
                "sentiment": "none"
            },
            {
                "name": "gary cowan",
                "sentiment": "none"
            },
            {
                "name": "mccormick",
                "sentiment": "none"
            },
            {
                "name": "marilena disilvio",
                "sentiment": "none"
            },
            {
                "name": "r. craig mclaughlin",
                "sentiment": "none"
            },
            {
                "name": "matthew carty",
                "sentiment": "none"
            }
        ],
        "organizations": [
            {
                "name": "women ohio super lawyers",
                "sentiment": "none"
            },
            {
                "name": "cleveland super lawyers",
                "sentiment": "none"
            }
        ],
        "locations": [
            {
                "name": "ohio",
                "sentiment": "none"
            },
            {
                "name": "cleveland",
                "sentiment": "none"
            }
        ]
    },
    "rating": null,
    "crawled": "2023-12-29T16:05:31.060+02:00",
    "updated": "2023-12-29T16:05:31.060+02:00"
}