{
    "thread": {
        "uuid": "e9502148a5914589d7428fa9f0d40c32ffb41ad2",
        "url": "https://www.thederrick.com/news/front_page/cranberry-approves-final-budget-with-no-tax-hike/article_39631e60-a5ea-11ee-ae2f-eb8ff4f6e847.html",
        "site_full": "www.thederrick.com",
        "site": "thederrick.com",
        "site_section": "http://www.thederrick.com",
        "site_categories": [
            "media"
        ],
        "section_title": "thederrick.com",
        "title": "Cranberry approves final budget with no tax hike | Front Page | thederrick.com",
        "title_full": "Cranberry approves final budget with no tax hike | Front Page | thederrick.com",
        "published": "2023-12-29T07:00:00.000+02:00",
        "replies_count": 0,
        "participants_count": 1,
        "site_type": "news",
        "country": "US",
        "main_image": "https://bloximages.newyork1.vip.townnews.com/thederrick.com/content/tncms/custom/image/3a10e1ec-830e-11ea-9e72-1766c03c954f.jpg?resize=600%2C315",
        "performance_score": 0,
        "domain_rank": 74265,
        "domain_rank_updated": "2023-12-26T12:06:25.000+02:00",
        "reach": null,
        "social": {
            "facebook": {
                "likes": 0,
                "comments": 0,
                "shares": 0
            },
            "gplus": {
                "shares": 0
            },
            "pinterest": {
                "shares": 0
            },
            "linkedin": {
                "shares": 0
            },
            "stumbledupon": {
                "shares": 0
            },
            "vk": {
                "shares": 0
            }
        }
    },
    "uuid": "e9502148a5914589d7428fa9f0d40c32ffb41ad2",
    "url": "https://www.thederrick.com/news/front_page/cranberry-approves-final-budget-with-no-tax-hike/article_39631e60-a5ea-11ee-ae2f-eb8ff4f6e847.html",
    "ord_in_thread": 0,
    "parent_url": null,
    "author": "HELEN FIELDING Staff writer",
    "published": "2023-12-29T07:00:00.000+02:00",
    "title": "Cranberry approves final budget with no tax hike | Front Page | thederrick.com",
    "text": "The Cranberry Township supervisors unanimously approved the final township budget with no tax increase at their last regular meeting of the year on Thursday. Township manager Eric Heil said that no changes had been made to the budget since the preliminary version was approved last month. kAm%96 Sd[_ag[a`a E@E2= a_ac 3F586E :?4=F56D 86?6C2= 7F?5 C6G6?F6D 2?5 6IA6?D6D 32=2?465 2E S`[gag[_`h]k^Am kAm(2E6C C6G6?F6D 2?5 6IA6?D6D 2C6 3F586E65 2E Sghd[fhc[ 2?5 D6H6C C6G6?F6D 2?5 6IA6?D6D 2E S`[efc[___[ C6DA64E:G6=J]k^Am kAm{:BF:5 7F6=D >@?:6D >2 249:?6CJ 4@>6D :? 2E S`eg[gee[ H9:=6 E96 7:C6 E2I C6G6?F6D 2?5 6IA6?D6D E@E2= Sc_[a__[ 2?5 DEC66E =:89E C6G6?F6D 2?5 6IA6?D6D Sa_[a__]k^Am kAmx? 2?@E96C >2EE6C[ DFA6CG:D@CD 2AAC@G65 w6:=’D C6D:8?2E:@? 2D E@H?D9:A >2?286C[ 67764E:G6 s646>36C b_]k^Am kAmp7E6C EH@ J62CD 2D rC2?36CCJ >2?286C[ w6:= 925 2??@F?465 2E =2DE >@?E9’D 6G6?:?8 >66E:?8 E92E 96 H2D DF3>:EE:?8 9:D C6D:8?2E:@? 2D 96 925 C646:G65 E96 @AA@CEF?:EJ E@ >@G6 @? E@ 2 ?6H 42C66C]k^Am kAm%96 A2?6= @? %9FCD52J 2AAC@G65 DFA6CG:D@C q@3 q6EK@=5 E@ E2 A@C2CJ D64C6E2CJ\\EC62DFC6C F?E:= E96 2AA@:?E>6?E @7 2 ?6H >2?286C]k^Am kAmx? E96 23D6?46 @7 2 >2?286C[ E96 DFA6CG:D@CD 2=D@ 2AAC@G65 2 4@?DF=E:?8 4@?EC24E H:E9 7@C>6C >2?286C r925 u:?5=2J E@ 2DD:DE H:E9 D@>6 2DA64ED @7 E96 E@H?D9:A F?E:= |2C49]k^Am kAmu:?5=2J 925 366? E96 E@H?D9:A >2?286C 367@C6 w6:=[ C6D:8?:?8 :? a_a` E@ 7@4FD @? 9:D 3FD:?6DD]k^Am kAm“w6’D D@>6@?6 H6 42? 8@ E@ 7@C 2?DH6CD 2?5 :?7@C>2E:@? 3642FD6 96 H2D AC6G:@FD=J 2 E@H?D9:A >2?286C[” q6EK@=5 6IA=2:?65 27E6C E96 >66E:?8]k^Am kAm$FA6CG:D@CD 492:C>2? |2EE |4$A2CC6? 25565 E92E E96 DFA6CG:D@CD 925 E2 2>@?8 E96 E9C66 DFA6CG:D@CD[ “H9@6G6C H2D 36DE 7@C 6249 AC@;64E[” 96 D2:5]k^Am kAmqFE E96 DFA6CG:D@CD H@F=5 DE:== 92G6 BF6DE:@?D 23@FE E9:?8D DF49 2D 8C2?ED 7@C H9:49 E96J H@F=5?’E 2?286C 42?5:52E6D 92D ?@E J6E 366? D6E FA[ 2?5 96 2?5 q6EK@=5 D2:5 E96J 3@E9 36=:6G65 E96C6 H2D ?@ 5625=:?6 7@C E96 E@H?D9:A E@ 7:== E96 A@D:E:@?]k^Am kAmw6:= E@=5 DFA6CG:D@CD 2E E96 >66E:?8 E92E 96 H@F=5 36 2G2:=23=6 7@C “2?J ?665D >@G:?8 7@CH2C5 E92E J@F >:89E 92G6[” 255:?8 E92E 96 36=:6G65 6G6CJ@?6 925 366? “3C@F89E FA E@ DA665” @? E96 AC@;64ED 8@:?8 @? :? E96 E@H?D9:A]k^Am kAm“x ;FDE H2?E E@ E92? 2?286C[” 96 D2:5] w6:= 925 2=D@ D6CG65 2D E96 E@H?D9:A’D K@?:?8 2?5 4@56 6?7@C46>6?E @77:46C AC:@C E@ 36:?8 2AA@:?E65 >2?286C]k^Am kAmw6 25565 E92E 2E D@>6 A@:?E :? E96 7FEFC6[ @?46 96 D6EE=65 :? 2E 9:D ?6H ;@3[ 96 >:89E 4@?D:56C 2 K@?:?8 962C:?8 3@2C5 @C D:>:=2C A@D:E:@?[ 2?5 96 H:== 4@?E:?F6 E@ D6CG6 @? E96 ~:= #68:@? p==:2?46’D ~FE5@@C #64C62E:@? r@>>:EE66]k^Am kAm“%96J 2D 6 E@ DE2J @? 3@2C5[ H9:49 x’> 92AAJ E@ 5@[” 96 D2:5] “%96C6’D 2 =@E @7 8@@5 AC@;64ED :? E96 H@C 6?E[ E96 4@>>:EE66 9@A6D E@ FD6 E96 2C62 3J E96 $2=E q@I EC2:=9625 @7 E96 $2>F6= yFDEFD #64C62E:@?2= %C2:= 2D :ED H2J :?[ 2?5 E96 A2?6= 92D ;FDE C646:G65 H@C5 7C@> E96 u:D9 2?5 q@2E r@>>:DD:@? E92E E96 A6C>:E H2D 2AAC@G65 7@C E92E E@ E2 A u6DE:G2=[” 96 D2:5] “$@ E96C6’D 2 =@E @7 DEF77 x’== 4@?E:?F6 E@ 36 H@C 6 @7 E92E DEF77 92AA6?:?8 96C6 :? rC2?36CCJ 2D H6==]”k^Am kAm|4$A2CC6? E92?<65 w6:= 7@C 9:D D6CG:46 E@ E96 E@H?D9:A]k^Am",
    "highlightText": "",
    "highlightTitle": "",
    "highlightThreadTitle": "",
    "language": "english",
    "sentiment": "positive",
    "categories": [
        "Politics",
        "Crime, Law and Justice",
        "Economy, Business and Finance"
    ],
    "external_links": [],
    "external_images": [],
    "entities": {
        "persons": [
            {
                "name": "eric heil",
                "sentiment": "none"
            }
        ],
        "organizations": [],
        "locations": []
    },
    "rating": null,
    "crawled": "2023-12-29T12:41:00.476+02:00",
    "updated": "2023-12-29T12:41:00.476+02:00"
}