{
    "thread": {
        "uuid": "cef7fd7248d1da5c07b3e1b3bfd80f36fafb30c0",
        "url": "https://ground.news/article/high-court-rules-same-sex-couples-eligible-to-adopt-children_5ccc57",
        "site_full": "ground.news",
        "site": "ground.news",
        "site_section": "https://ground.news/interest/asia",
        "site_categories": [],
        "section_title": "Asia Breaking News Headlines Today | Ground News",
        "title": "Ground News - Israeli High Court unanimously rules in favor of same-sex adoption",
        "title_full": "Ground News - Israeli High Court unanimously rules in favor of same-sex adoption",
        "published": "2023-12-29T13:11:00.000+02:00",
        "replies_count": 0,
        "participants_count": 1,
        "site_type": "news",
        "country": "CA",
        "main_image": "https://web-api-cdn.ground.news/api/v04/images/story/44f59e72-79e1-429e-8016-9fcad6cf2df6/webMetaImg?v=1",
        "performance_score": 0,
        "domain_rank": 29780,
        "domain_rank_updated": "2023-12-26T12:06:20.000+02:00",
        "reach": null,
        "social": {
            "facebook": {
                "likes": 0,
                "comments": 0,
                "shares": 0
            },
            "gplus": {
                "shares": 0
            },
            "pinterest": {
                "shares": 0
            },
            "linkedin": {
                "shares": 0
            },
            "stumbledupon": {
                "shares": 0
            },
            "vk": {
                "shares": 0
            }
        }
    },
    "uuid": "cef7fd7248d1da5c07b3e1b3bfd80f36fafb30c0",
    "url": "https://ground.news/article/high-court-rules-same-sex-couples-eligible-to-adopt-children_5ccc57",
    "ord_in_thread": 0,
    "parent_url": null,
    "author": "Ground AI",
    "published": "2023-12-29T13:11:00.000+02:00",
    "title": "Ground News - Israeli High Court unanimously rules in favor of same-sex adoption",
    "text": "Left Center Right\nBias Insights\nBias Insights Israel 's High Court of Justice ruled that same-sex couples can adopt children, following a petition arguing for interpretation of the Adoption Law. LGBT Task Force director-general, Ran Shalhavi, called the ruling a historic victory, providing hope during difficult times. The Supreme Court's decision is seen as a step towards equality and protection of rights for same-sex couples in Israel.\nInsights by Ground AI\nDoes this summary seem wrong? Share menu More\nFilters 9 Articles 9 Articles All Left Center Right\nHaaretz Lean Left High Factuality Independent: Salman Schocken Media Conglomerate: M. DuMont Schauberg Israel can't discriminate against same-sex couples looking to adopt, top court rules The High Court of Justice ruled that heterosexual should not be prioritized over same-sex couples in the process of adopting children\n21 hours ago · Tel Aviv- Yafo, Israel Read Full Article\nHaaretz Lean Left High Factuality Independent: Salman Schocken Media Conglomerate: M. DuMont Schauberg\nIsrael can't discriminate against same-sex couples looking to adopt, top court rules The High Court of Justice ruled that heterosexual should not be prioritized over same-sex couples in the process of adopting children\n21 hours ago · Tel Aviv- Yafo, Israel Read Full Article The Times of Israel Lean Left High Factuality Independent: David Horovitz Headline Unavailable\n20 hours ago · Jerusalem, Israel Read Full Article\nThe Times of Israel Lean Left High Factuality Independent: David Horovitz\nHeadline Unavailable\n20 hours ago · Jerusalem, Israel Read Full Article Jerusalem Post Center Mixed Factuality Media Conglomerate: The Jerusalem Post High Court rules same-sex couples eligible to adopt children 'A historic, groundbreaking victory which gives a shred of light and hope in these difficult times.'\n22 hours ago · Jerusalem, Israel Read Full Article\nJerusalem Post Center Mixed Factuality Media Conglomerate: The Jerusalem Post\nHigh Court rules same-sex couples eligible to adopt children 'A historic, groundbreaking victory which gives a shred of light and hope in these difficult times.'\n22 hours ago · Jerusalem, Israel Read Full Article חדשות היום, כלכלה, ספורט, רכילות, בריאות, טכנולוגיה | מעריב… HISTORIC HIGH COURT RULING: “SAME-SEX SPOUSES ARE ELIGIBLE TO ADOPT CHILDREN” In the composition of Justices Stein, Wings-Steinitz and Acting President Fogelman, the Supreme Court unanimously ruled that same-sex spouses are competent to adopt children. LGBT Association CEO: “Groundbreaking achievement that sheds some light on these difficult days”\n21 hours ago Read Full Article\nחדשות היום, כלכלה, ספורט, רכילות, בריאות, טכנולוגיה | מעריב…\nHISTORIC HIGH COURT RULING: “SAME-SEX SPOUSES ARE ELIGIBLE TO ADOPT CHILDREN” In the composition of Justices Stein, Wings-Steinitz and Acting President Fogelman, the Supreme Court unanimously ruled that same-sex spouses are competent to adopt children. LGBT Association CEO: “Groundbreaking achievement that sheds some light on these difficult days”\n21 hours ago Read Full Article i24NEWS Lean Right Mixed Factuality Israeli High Court unanimously rules in favor of same-sex adoption The court now interprets the language of the law to permit two individuals in a committed relationship, regardless of their gender, to adopt children - Click on the link for more.\n20 hours ago Read Full Article\ni24NEWS Lean Right Mixed Factuality\nIsraeli High Court unanimously rules in favor of same-sex adoption The court now interprets the language of the law to permit two individuals in a committed relationship, regardless of their gender, to adopt children - Click on the link for more.\n20 hours ago Read Full Article Ynet News Lean Left High Factuality Supreme Court, in dramatic decision, rules same-sex couples eligible to adopt &#x27;A historic, groundbreaking victory which gives a shred of light and hope in these difficult times,&#x27; says Israel&#x27;s LGBT Task Force\n17 hours ago · Tel Aviv- Yafo, Israel Read Full Article\nYnet News Lean Left High Factuality\nSupreme Court, in dramatic decision, rules same-sex couples eligible to adopt &#x27;A historic, groundbreaking victory which gives a shred of light and hope in these difficult times,&#x27; says Israel&#x27;s LGBT Task Force\n17 hours ago · Tel Aviv- Yafo, Israel Read Full Article More articles Think freely. Subscribe and get full access to Ground News Subscriptions start at $9.99/year Subscribe",
    "highlightText": "",
    "highlightTitle": "",
    "highlightThreadTitle": "",
    "language": "english",
    "sentiment": "positive",
    "categories": [
        "Human Interest",
        "Crime, Law and Justice",
        "Social Issue"
    ],
    "external_links": [
        "https://www.haaretz.com/israel-news/2023-12-28/ty-article/.premium/israel-cant-discriminate-against-same-sex-couples-looking-to-adopt-top-court-rules/0000018c-b0d2-d014-a3cd-bade63a80000?utm_source=ground.news&utm_medium=referral",
        "https://www.maariv.co.il/news/israel/Article-1063476?utm_source=ground.news&utm_medium=referral",
        "https://www.i24news.tv/en/news/israel/society/1703778566-israeli-high-court-unanimously-rules-in-favor-of-same-sex-adoption?utm_source=ground.news&utm_medium=referral",
        "https://www.timesofisrael.com/high-court-rules-same-sex-adoption-must-be-allowed-in-landmark-decision/?utm_source=ground.news&utm_medium=referral",
        "https://www.jpost.com/breaking-news/article-779879?utm_source=ground.news&utm_medium=referral",
        "https://www.ynetnews.com/article/skbzmridp?utm_source=ground.news&utm_medium=referral",
        "https://www.timesofisrael.com/high-court-rules-same-sex-adoption-must-be-allowed-in-landmark-decision/",
        "https://www.haaretz.com/israel-news/2023-12-28/ty-article/.premium/israel-cant-discriminate-against-same-sex-couples-looking-to-adopt-top-court-rules/0000018c-b0d2-d014-a3cd-bade63a80000",
        "https://www.i24news.tv/en/news/israel/society/1703778566-israeli-high-court-unanimously-rules-in-favor-of-same-sex-adoption",
        "https://haaretz.com/israel-news/2023-12-28/ty-article/.premium/israel-cant-discriminate-against-same-sex-couples-looking-to-adopt-top-court-rules/0000018c-b0d2-d014-a3cd-bade63a80000?utm_source=ground.news&utm_medium=referral",
        "https://ynetnews.com/article/skbzmridp?utm_source=ground.news&utm_medium=referral",
        "https://i24news.tv/en/news/israel/society/1703778566-israeli-high-court-unanimously-rules-in-favor-of-same-sex-adoption?utm_source=ground.news&utm_medium=referral",
        "https://www.jpost.com/breaking-news/article-779879",
        "https://jpost.com/breaking-news/article-779879?utm_source=ground.news&utm_medium=referral",
        "https://maariv.co.il/news/israel/Article-1063476?utm_source=ground.news&utm_medium=referral",
        "https://www.ynetnews.com/article/skbzmridp",
        "https://timesofisrael.com/high-court-rules-same-sex-adoption-must-be-allowed-in-landmark-decision/?utm_source=ground.news&utm_medium=referral",
        "https://www.maariv.co.il/news/israel/Article-1063476"
    ],
    "external_images": [],
    "entities": {
        "persons": [
            {
                "name": "ran shalhavi",
                "sentiment": "none"
            },
            {
                "name": "salman schocken",
                "sentiment": "none"
            },
            {
                "name": "m. dumont schauberg israel",
                "sentiment": "none"
            }
        ],
        "organizations": [
            {
                "name": "ground news - israeli high court",
                "sentiment": "neutral"
            },
            {
                "name": "high court of justice",
                "sentiment": "neutral"
            },
            {
                "name": "lgbt task force",
                "sentiment": "none"
            },
            {
                "name": "supreme court",
                "sentiment": "none"
            },
            {
                "name": "the high court of justice",
                "sentiment": "none"
            },
            {
                "name": "articles all left center right haaretz lean left high factuality independent",
                "sentiment": "none"
            }
        ],
        "locations": [
            {
                "name": "israel",
                "sentiment": "none"
            },
            {
                "name": "tel aviv- yafo",
                "sentiment": "none"
            }
        ]
    },
    "rating": null,
    "crawled": "2023-12-29T13:46:46.649+02:00",
    "updated": "2023-12-29T13:46:46.649+02:00"
}