{
    "thread": {
        "uuid": "431db6fa2f75c64e1bb07925aaa0776c5f9fb9da",
        "url": "https://ultimasnoticias.com.ve/noticias/sucesos/en-2023-termino-el-pranato-en-las-carceles/",
        "site_full": "ultimasnoticias.com.ve",
        "site": "ultimasnoticias.com.ve",
        "site_section": "http://www.ultimasnoticias.com.ve/rss",
        "site_categories": [
            "media",
            "non_standard_content",
            "adult"
        ],
        "section_title": "Últimas Noticias",
        "title": "En 2023 terminó el pranato en las cárceles",
        "title_full": "En 2023 terminó el pranato en las cárceles",
        "published": "2023-12-29T16:00:00.000+02:00",
        "replies_count": 0,
        "participants_count": 1,
        "site_type": "news",
        "country": "VE",
        "main_image": "https://ultimasnoticias.com.ve/wp-content/uploads/2023/09/WhatsApp-Image-2023-09-21-at-12.11.21.jpeg",
        "performance_score": 0,
        "domain_rank": 40861,
        "domain_rank_updated": "2023-12-26T12:06:25.000+02:00",
        "reach": null,
        "social": {
            "facebook": {
                "likes": 0,
                "comments": 0,
                "shares": 0
            },
            "gplus": {
                "shares": 0
            },
            "pinterest": {
                "shares": 0
            },
            "linkedin": {
                "shares": 0
            },
            "stumbledupon": {
                "shares": 0
            },
            "vk": {
                "shares": 0
            }
        }
    },
    "uuid": "431db6fa2f75c64e1bb07925aaa0776c5f9fb9da",
    "url": "https://ultimasnoticias.com.ve/noticias/sucesos/en-2023-termino-el-pranato-en-las-carceles/",
    "ord_in_thread": 0,
    "parent_url": null,
    "author": "Últimas Noticias",
    "published": "2023-12-29T16:00:00.000+02:00",
    "title": "En 2023 terminó el pranato en las cárceles",
    "text": "Durante el año 2023 se llevó a cabo la Operación Gran Cacique Guaicaipuro que puso fin al control de pranes y mafias carcelarias de ocho recintos penintenciarios en el país.\nEn los operativos, que comenzaron desde la madrugada, participaron más de 11 mil funcionarios civiles y militares de diferentes cuerpos, en una acción conjunta para recobrar el control de las cárceles por parte del Estado.\nTodo el país vivió atónito la toma de Tocorón en el estado Aragua, recinto carcelario que sirvió de centro de operaciones para el Tren de Aragua y donde se pudo adelantar la operación sin ninguna muestra de violencia.\nLuego de la penitenciaría aragüeña fueron tomados por las autoridades otros siete recintos, donde tampoco hubo hechos violentos ni fallecidos que lamentar.\nEl presidente Nicolás Maduro publicó en su cuenta en la red social X, que este año el Gobierno “ha trabajado de manera articulada y cohesionada para garantizar la seguridad y la tranquilidad de la población venezolana, alcanzando la liberación del 100 % de los centros penitenciarios en el país. Contamos con cuerpos de seguridad humanistas y comprometidos con la Patria”.\nEl mandatario manifestó que el país esta “100% libre de mafias”, y calificó la operación en su conjunto como “un certero golpe al crimen organizado que operaba en estos centros penitenciarios”.\nComo resultado directo de la Operación Cacique Guaicaipuro las autoridades lograron incautar 605 armas de fuego, 862 armas blancas y 399.587 municiones, de acuerdo con el balance oficial dado por el ministro de Relaciones Interiores, Justicia y Paz, Remigio Ceballos Ichazo.\nAsimismo el operativo dejó como resultado la recuperación de 4.015 espacios dentro de estos centros penitenciarios y el traslado de más de 8.000 privados de libertad a otras prisiones y lugares de reclusión.\nDestaca, según el video publicado por el presidente Maduro en X, que durante 2023 se incautaron 45.379 kilos de diferentes drogas.\nEl ministro de Interior, Remigio Ceballos Ichazo declaró al finalizar la operación que “pasamos a una nueva fase en esta gran campaña Gran Cacique Guaicaipuro. para el reimpulso del sistema penitenciario y para la profundización del combate contra las bandas criminales estén donde estén. ¡Vamos en combate directo!!”\nEl jefe de Estado pidió durante la operación a los cuerpos de seguridad actuar contra los presos que lideran redes criminales dentro de las cárceles”.\nEl presidente Nicolás Maduro agrego que giró instrucciones para que las cárceles venezolanas “sean centros verdaderamente controlados, sin pranato”.",
    "highlightText": "",
    "highlightTitle": "",
    "highlightThreadTitle": "",
    "language": "spanish",
    "sentiment": "positive",
    "categories": [
        "Crime, Law and Justice"
    ],
    "external_links": [],
    "external_images": [],
    "entities": {
        "persons": [],
        "organizations": [],
        "locations": []
    },
    "rating": null,
    "crawled": "2023-12-29T16:08:21.295+02:00",
    "updated": "2023-12-29T16:08:21.295+02:00"
}