{
    "thread": {
        "uuid": "30c52cf1acf12ad0df111211a702f266920d1783",
        "url": "https://www.thenews.com.pk/print/1142758-76-police-officers-promoted",
        "site_full": "www.thenews.com.pk",
        "site": "thenews.com.pk",
        "site_section": "http://www.thenews.com.pk/rss/2/17",
        "site_categories": [
            "media"
        ],
        "section_title": "The News International - ",
        "title": "76 police officers promoted",
        "title_full": "76 police officers promoted",
        "published": "2023-12-29T02:00:00.000+02:00",
        "replies_count": 0,
        "participants_count": 1,
        "site_type": "news",
        "country": "US",
        "main_image": "https://www.thenews.com.pk/assets/uploads/akhbar/2023-12-29/l_1142758_052848_updates.jpg",
        "performance_score": 0,
        "domain_rank": 5198,
        "domain_rank_updated": "2023-12-26T12:06:20.000+02:00",
        "reach": null,
        "social": {
            "facebook": {
                "likes": 0,
                "comments": 0,
                "shares": 0
            },
            "gplus": {
                "shares": 0
            },
            "pinterest": {
                "shares": 0
            },
            "linkedin": {
                "shares": 0
            },
            "stumbledupon": {
                "shares": 0
            },
            "vk": {
                "shares": 0
            }
        }
    },
    "uuid": "30c52cf1acf12ad0df111211a702f266920d1783",
    "url": "https://www.thenews.com.pk/print/1142758-76-police-officers-promoted",
    "ord_in_thread": 0,
    "parent_url": null,
    "author": "@Our Correspondent",
    "published": "2023-12-29T02:00:00.000+02:00",
    "title": "76 police officers promoted",
    "text": "LAHORE : At least 31 officers serving in Safe Cities Authority have been promoted as Senior Communication Officers and 45 as Police Technical Officers.\nIG Punjab held a rank pinning ceremony for the promoted Senior Communication Officers of Safe Cities Authority at the Central Police Office, in which he awarded three star badges to senior communication officers and senior technical officers.\nMeanwhile, IG Punjab directed that the police stations in all the districts of the province including Lahore should be transferred to the special initiative protocol within the fixed timeline. He said that the caretaker Chief Minister will formally inaugurate the Punjab Special Initiative Police Stations soon. While presiding over a meeting at the Central Police Office, he reviewed the progress regarding transfer of police stations to Special Initiative Protocol across the province including Lahore.\nMeanwhile, Ministerial & Clerical Staff of Lahore Police met with IG Punjab at Central Police Office on Thursday.\nIG thanked all the office staff for playing a key role in four thousand promotions during the current year. He said that the Lahore police had brought happiness to four thousand families by conducting 35 promotion boards.\n140,210 vehicles, 1,618,915 people checked\nAt least 140,210 vehicles, 88,278 motorcycles and 1,618,915 people were checked at the entry and exit points of the city this year.\nAs per CCPO Lahore, legal action was taken against 4809 persons during checking at police pickets. Black papers were removed from 15371 vehicles while blue lights were removed from 46 vehicles. Similarly, during checking, 66 pistols, 11 rifles, 03 pump action, bullets and cartridges were recovered from the accused. At least 3461 target offenders, 621 court absconders and 873 proclaimed offenders were arrested after checking the records at the pickets.\nLAHORE : In a collaborative effort, the Food and Agriculture Organisation , Punjab Board of Investment and Trade and...\nLAHORE : Lahore Electric Supply Company has dispatched highly inflated bills to hundreds of consumers living in a...\nLAHORE : Caretaker Education Minister Punjab Mansoor Qadir has said that strict measures will be taken to prevent...\nLAHORE : The Punjab Agriculture Department has prepared a comprehensive plan for the promotion of farm mechanisation...\nLAHORE : A joint meeting of the Academic Council and Boards of Studies of the University of Health Sciences was held...\nLAHORE : The construction mafia has overpowered the writ of Metropolitan Corporation Lahore , which has failed in...",
    "highlightText": "",
    "highlightTitle": "",
    "highlightThreadTitle": "",
    "language": "english",
    "sentiment": "positive",
    "categories": [
        "Politics",
        "Human Interest",
        "Crime, Law and Justice"
    ],
    "external_links": [],
    "external_images": [],
    "entities": {
        "persons": [],
        "organizations": [
            {
                "name": "safe cities authority",
                "sentiment": "negative"
            },
            {
                "name": "ig punjab",
                "sentiment": "none"
            },
            {
                "name": "punjab special initiative police stations",
                "sentiment": "none"
            },
            {
                "name": "ministerial & clerical staff of lahore police",
                "sentiment": "none"
            },
            {
                "name": "central police office",
                "sentiment": "none"
            },
            {
                "name": "senior communication officers of safe cities authority",
                "sentiment": "none"
            }
        ],
        "locations": [
            {
                "name": "lahore",
                "sentiment": "none"
            },
            {
                "name": "lahore",
                "sentiment": "none"
            },
            {
                "name": "punjab",
                "sentiment": "none"
            }
        ]
    },
    "rating": null,
    "crawled": "2023-12-29T07:47:40.293+02:00",
    "updated": "2023-12-29T07:47:40.293+02:00"
}