{
    "thread": {
        "uuid": "f2a50676d8dda2df18dbdc5cf9cc374d0f784f37",
        "url": "https://www.eldia.com/nota/2023-12-29-2-29-15-kremer-y-boffelli-entre-los-50-mejores-rugbiers-deportes",
        "site_full": "www.eldia.com",
        "site": "eldia.com",
        "site_section": "https://www.eldia.com/titulos",
        "site_categories": [
            "media"
        ],
        "section_title": "Diario El Dia de La Plata www.eldia.com",
        "title": "Kremer y Boffelli, entre los 50 mejores rugbiers",
        "title_full": "Kremer y Boffelli, entre los 50 mejores rugbiers",
        "published": "2023-12-29T07:29:00.000+02:00",
        "replies_count": 0,
        "participants_count": 1,
        "site_type": "news",
        "country": "AR",
        "main_image": "https://cdn1.eldia.com/122023/1703828543532.jpg?cw=600&ch=365",
        "performance_score": 0,
        "domain_rank": 41399,
        "domain_rank_updated": "2023-12-26T12:06:25.000+02:00",
        "reach": null,
        "social": {
            "facebook": {
                "likes": 0,
                "comments": 0,
                "shares": 0
            },
            "gplus": {
                "shares": 0
            },
            "pinterest": {
                "shares": 0
            },
            "linkedin": {
                "shares": 0
            },
            "stumbledupon": {
                "shares": 0
            },
            "vk": {
                "shares": 0
            }
        }
    },
    "uuid": "f2a50676d8dda2df18dbdc5cf9cc374d0f784f37",
    "url": "https://www.eldia.com/nota/2023-12-29-2-29-15-kremer-y-boffelli-entre-los-50-mejores-rugbiers-deportes",
    "ord_in_thread": 0,
    "parent_url": null,
    "author": "El Dia",
    "published": "2023-12-29T07:29:00.000+02:00",
    "title": "Kremer y Boffelli, entre los 50 mejores rugbiers",
    "text": "Los argentinos Marcos Kremer (14to.) y Emiliano Boffelli (22do.) fueron incluidos entre los mejores 50 rugbiers del año por el prestigioso portal inglés Planet Rugby, que catalogó al neozelandés Ardie Savea como el mejor de la temporada.\nEl forward entrerriano Kremer, de 26 años, y back rosarino Boffelli, de 28, integraron el seleccionado argentino que culminó en el cuarto puesto en la Copa del Mundo desarrollada en Francia este año.\nPlanet Rugby hizo un análisis de cada jugador rankeado y señaló sobre Boffelli: “Sin duda se convirtió en el rostro de Los Pumas llegando a semifinales del Mundial. Es uno de los mejores jugadores del mundo en su posición gracias a la precisión de sus disparos lejanos, pero es su trabajo con la pelota aérea lo que lo sitúa entre los mejores”. .\nEn cuanto a Kremer, Planet Rugby afirmó: “Sorprende pensar que, a pesar de su aspecto maltrecho y su barba, Kremer sólo tiene 26 años y todavía le quedan por delante sus mejores años. Sin duda está llamado a ser un jugador centenario, ayudó al renacimiento de Los Pumas en los últimos dos o tres años”.\nLOS 10 PRIMEROS PUESTOS DEL RANKING SON LOS SIGUIENTES:: 1) Ardie Savea (Nueva Zelanda).\n2) Eben Etzebeth (Sudáfrica)\nLE PUEDE INTERESAR\nEl mejor beach voley tendrá sede en Varese\nLE PUEDE INTERESAR\nTurf – Programas y Resultados\n3) Antoine Dupont (Francia)\n4) Pieter-Steph du Toit (Sudáfrica).\n5) Bundee Aki (Irlanda).\n6) Will Jordan (Nueva Zelanda).\n7) Damian Penaud (Francia).\n8) Charles Ollivon (Francia).\n9) Aaron Smith (Nueva Zelanda).\n10) Levani Botia (Fiji).\nLas noticias locales nunca fueron tan importantes\nSUSCRIBITE",
    "highlightText": "",
    "highlightTitle": "",
    "highlightThreadTitle": "",
    "language": "spanish",
    "sentiment": "positive",
    "categories": [
        "Crime, Law and Justice",
        "Arts, Culture and Entertainment"
    ],
    "external_links": [],
    "external_images": [],
    "entities": {
        "persons": [],
        "organizations": [],
        "locations": []
    },
    "rating": null,
    "crawled": "2023-12-29T07:58:21.195+02:00",
    "updated": "2023-12-29T07:58:21.195+02:00"
}