{
    "thread": {
        "uuid": "8bdc2dfcc979f486b00e8ddccbb82d3b09934922",
        "url": "https://www.fox23.com/news/video-how-you-can-help-catch-criminals-stay-anonymous-and-possibly-earn-money-at-the/video_5ea3fde4-532d-53ea-b7a4-26c14bf00397.html",
        "site_full": "www.fox23.com",
        "site": "fox23.com",
        "site_section": "https://fox23.com/",
        "site_categories": [
            "media"
        ],
        "section_title": "fox23.com",
        "title": "Video: How you can help catch criminals, stay anonymous, and possibly earn money at the same time | News | fox23.com",
        "title_full": "Video: How you can help catch criminals, stay anonymous, and possibly earn money at the same time | News | fox23.com",
        "published": "2023-12-28T07:00:00.000+02:00",
        "replies_count": 0,
        "participants_count": 0,
        "site_type": "news",
        "country": "US",
        "main_image": "https://bloximages.chicago2.vip.townnews.com/fox23.com/content/tncms/assets/v3/editorial/5/ea/5ea3fde4-532d-53ea-b7a4-26c14bf00397/658e47e29ec26.image.jpg?crop=1280%2C672%2C0%2C23&amp;resize=1200%2C630&amp;order=crop%2Cresize",
        "performance_score": 0,
        "domain_rank": 18721,
        "domain_rank_updated": "2023-12-26T12:06:20.000+02:00",
        "reach": null,
        "social": {
            "facebook": {
                "likes": 0,
                "comments": 0,
                "shares": 0
            },
            "gplus": {
                "shares": 0
            },
            "pinterest": {
                "shares": 0
            },
            "linkedin": {
                "shares": 0
            },
            "stumbledupon": {
                "shares": 0
            },
            "vk": {
                "shares": 0
            }
        }
    },
    "uuid": "8bdc2dfcc979f486b00e8ddccbb82d3b09934922",
    "url": "https://www.fox23.com/news/video-how-you-can-help-catch-criminals-stay-anonymous-and-possibly-earn-money-at-the/video_5ea3fde4-532d-53ea-b7a4-26c14bf00397.html",
    "ord_in_thread": 0,
    "parent_url": null,
    "author": null,
    "published": "2023-12-28T07:00:00.000+02:00",
    "title": "Video: How you can help catch criminals, stay anonymous, and possibly earn money at the same time | News | fox23.com",
    "text": "Video: How you can help catch criminals, stay anonymous, and possibly earn money at the same time Currently in Tulsa 35° Cloudy 35° / 31° 9 AM 36° 10 AM 37° 11 AM 37° 12 PM 39° 1 PM 39° Follow Fox23 Trending - [TPD issues arrest warrant for Tulsa bride-to-be featured in FOX23 Investigation](/news/local/tpd-issues-arrest-warrant-for-tulsa-bride-to-be-featured-in-fox23-investigation/article_2180f2fc-a993-11ee-aa41-7f4152a8b4e5.html) - [Tulsa family looking for little girl who left them special Christmas letter in their mailbox](/news/local/tulsa-family-looking-for-little-girl-who-left-them-special-christmas-letter-in-their-mailbox/article_3c42c04e-a8ed-11ee-b40a-673a3b7c8b74.html) - [Police investigating Tulsa's first 2024 homicide, 12-year-old shot and killed at midtown Tulsa home](/news/police-investigating-tulsas-first-2024-homicide-12-year-old-shot-and-killed-at-midtown-tulsa/article_92c75880-a96a-11ee-85a5-7bcb6df2a0e1.html) - [Tulsa Police investigating north Tulsa shooting, 17-year-old in critical condition](/news/tulsa-police-investigating-north-tulsa-shooting-17-year-old-in-critical-condition/article_3e50c018-a90e-11ee-a9c7-1b1c081de07e.html) - [Tulsa Police identify 12-year-old shot, killed at midtown Tulsa home](/news/tulsa-police-identify-12-year-old-shot-killed-at-midtown-tulsa-home/article_675ba128-a9e3-11ee-910a-57d60f9ad770.html) © Copyright 2024 [Imagicomm Communications, LLC](/)2625 S Memorial Dr, Tulsa, OK | [Terms of Use](/site/terms.html)| [Privacy Policy](/site/privacy.html) Powered by",
    "highlightText": "",
    "highlightTitle": "",
    "highlightThreadTitle": "",
    "language": "english",
    "sentiment": "positive",
    "categories": [
        "Human Interest",
        "Economy, Business and Finance",
        "Crime, Law and Justice"
    ],
    "external_links": [],
    "external_images": [],
    "entities": {
        "persons": [],
        "organizations": [
            {
                "name": "tulsa police",
                "sentiment": "none"
            },
            {
                "name": "omma",
                "sentiment": "none"
            },
            {
                "name": "transformation church",
                "sentiment": "none"
            }
        ],
        "locations": [
            {
                "name": "woodland hills mall",
                "sentiment": "none"
            },
            {
                "name": "tulsa",
                "sentiment": "none"
            }
        ]
    },
    "rating": null,
    "crawled": "2023-12-29T13:47:56.063+02:00",
    "updated": "2024-01-05T16:39:16.170+02:00"
}