{
    "thread": {
        "uuid": "018d74f3b324689e6737a44a319a26054abe901d",
        "url": "https://www.fresherslive.com/latest/articles/power-book-iii-raising-kanan-season-3-episode-4-ending-explained-release-date-cast-plot-summary-and-trailer-1555232839",
        "site_full": "www.fresherslive.com",
        "site": "fresherslive.com",
        "site_section": "https://www.fresherslive.com",
        "site_categories": [
            "job_search",
            "jobs"
        ],
        "section_title": "Latest News Today 29 Dec 2023 Breaking Latest News Updates Headlines",
        "title": "Power Book III Raising Kanan Season 3 Episode 4 Ending Explained, Release Date, Cast, Plot, Summary and Trailer - News",
        "title_full": "Power Book III Raising Kanan Season 3 Episode 4 Ending Explained, Release Date, Cast, Plot, Summary and Trailer - News",
        "published": "2023-12-29T04:36:00.000+02:00",
        "replies_count": 0,
        "participants_count": 1,
        "site_type": "news",
        "country": "IN",
        "main_image": "https://img6.fresherslive.com/latestnews/2023/12/power-book-iii-raising-kanan-season-3-episode-4-ending-explained-658e74302463e28252991-1200.webp",
        "performance_score": 0,
        "domain_rank": 44174,
        "domain_rank_updated": "2023-12-26T12:06:25.000+02:00",
        "reach": null,
        "social": {
            "facebook": {
                "likes": 0,
                "comments": 0,
                "shares": 0
            },
            "gplus": {
                "shares": 0
            },
            "pinterest": {
                "shares": 0
            },
            "linkedin": {
                "shares": 0
            },
            "stumbledupon": {
                "shares": 0
            },
            "vk": {
                "shares": 0
            }
        }
    },
    "uuid": "018d74f3b324689e6737a44a319a26054abe901d",
    "url": "https://www.fresherslive.com/latest/articles/power-book-iii-raising-kanan-season-3-episode-4-ending-explained-release-date-cast-plot-summary-and-trailer-1555232839",
    "ord_in_thread": 0,
    "parent_url": null,
    "author": "Rubaditsha",
    "published": "2023-12-29T04:36:00.000+02:00",
    "title": "Power Book III Raising Kanan Season 3 Episode 4 Ending Explained, Release Date, Cast, Plot, Summary and Trailer - News",
    "text": "Power Book III Raising Kanan Season 3 Raising Kanan, an American crime drama TV series by Sascha Penn, debuted on Starz on July 18, 2021, as the prequel and second spin-off to Power. Season 3 kicked off on December 1, 2023, offering viewers a continued glimpse into the intricate world of Queens' crime. Prior to this season's debut, in November 2023, the show received a green light for a fourth season, indicative of its sustained popularity and success.Set against the backdrop of the Power universe, Raising Kanan explores the formative years of Kanan Stark, providing insights into the complex relationships and power dynamics that shaped his journey into the criminal underworld. As the narrative unfolds, fans can anticipate more gripping tales and character developments in the forthcoming season.Experience the excitement of the entertainment world. Update yourself now to stay in the loop with breaking celebrity news and explore in-depth film reviews through Fresherslive. Power Book III Raising Kanan Season 3 Episode 4 Ending Explained In Power Book III: Raising Kanan Season 3 Episode 4, Raq takes extreme measures to bring Kanan back home, planting a gun in his backpack to avoid federal investigators. Kanan avoids arrest with Detective Howard's help, but now faces six months of random social worker visits at Raq's house. The success of Kanan's weed business is jeopardized, presenting a significant challenge. Raq's questionable tactics in relationships, highlighted by her manipulative actions, strain emotional dynamics with Kanan and Unique. Jukebox secures a spot in the girl group, adding complexity with potential challenges. Unique faces internal issues, and Ronnie's impatience leads to deadly consequences in his pursuit of power. Marvin and Lou-Lou's brotherhood strengthens, emphasizing personal growth. Ronnie's ominous presence hints at future chaos. The episode sets the stage for escalating conflicts and power struggles in the dynamic narrative of Power Book III: Raising Kanan. Power Book III Raising Kanan Season 3 Episode 4 Release Date Power Book III: Raising Kanan Season 3 Episode 4 was released on Friday, December 22, 2023. Viewers eagerly anticipated the episode, which became available at 9:00 P.M. Pacific Time (PT). The scheduled release time allowed fans across the Pacific Time zone to simultaneously engage with the latest installment in the series. As the date approached, fans were eager to delve into the ongoing narrative, expecting new twists and developments in the storyline. The release time of 9:00 P.M. PT marked the moment when viewers could immerse themselves in the world of Power Book III: Raising Kanan Season 3, witnessing the unfolding drama and character arcs. The past tense indicates that the episode has already been released, offering fans the opportunity to catch up on the latest events in the series. Power Book III Raising Kanan Season 3 Episode 4 Cast Cast & Crew Role Sascha Penn Creator Malcolm M. Mays Lou-Lou Mekai Curtis Kanan Stark Omar Epps Howard Hailey Kilgore Jukebox Patina Miller Raquel Thomas Toby Sandeman Symphony Bosket London Brown Actor Power Book III Raising Kanan Season 3 Episode 4 Plot In Power Book III: Raising Kanan Season 3 Episode 4, titled In Sheep’s Clothing, suspense heightens as Kanan faces a pivotal challenge to his flourishing weed delivery business. Raq, his mother, takes drastic measures to bring him home by planting a gun in his school backpack, leading to a confrontation with school authorities. Despite avoiding arrest with Detective Howard's intervention, Kanan is compelled to move back home due to the social worker's random visits. Raq's unconventional approach to relationships is highlighted as she pauses her connection with Unique. The episode explores the deepening bond between Lou-Lou and Marvin, emphasizing the significance of brotherhood. The enigmatic Ronnie, devoid of smiles, continues to be a menacing presence, foreshadowing potential turmoil in Queens. As the characters navigate personal and professional challenges, the plot intensifies, keeping viewers engaged in the unfolding drama. Power Book III Raising Kanan Season 3 Episode 4 Summary In Power Book III: Raising Kanan Season 3 Episode 4, titled In Sheep’s Clothing, the narrative escalates as Raq takes extreme measures to bring Kanan back home, planting a gun in his school backpack. This pivotal action results in Kanan facing school authorities but avoiding arrest with Detective Howard's intervention.Raq's unconventional relationship dynamics come to the forefront as she puts her son in a precarious situation. Meanwhile, Lou-Lou and Marvin's brotherhood takes center stage, showcasing the positive evolution of their relationship. The enigmatic Ronnie's ominous presence continues to loom large, hinting at potential upheaval in Queens. As personal and professional challenges intensify, the characters grapple with the complexities of their intertwined lives, ensuring an engaging and suspenseful storyline for viewers. Where to Watch Power Book III Raising Kanan Season 3 Episode 4? Presently, the third season of Power Book III: Raising Kanan is available for streaming on various platforms, including the Starz Roku Premium Channel, Spectrum On Demand, Starz Apple TV Channel, Starz, and Starz Amazon Channel. Viewers can access the latest episodes and content related to the series through these streaming services.The availability on multiple platforms offers audiences flexibility in choosing their preferred streaming method to enjoy the ongoing narrative of Power Book III: Raising Kanan - Season 3. Power Book III Raising Kanan Season 3 Trailer",
    "highlightText": "",
    "highlightTitle": "",
    "highlightThreadTitle": "",
    "language": "english",
    "sentiment": "positive",
    "categories": [
        "Human Interest",
        "Crime, Law and Justice"
    ],
    "external_links": [],
    "external_images": [],
    "entities": {
        "persons": [
            {
                "name": "sascha pen",
                "sentiment": "negative"
            },
            {
                "name": "kanan stark",
                "sentiment": "none"
            },
            {
                "name": "kanan",
                "sentiment": "none"
            }
        ],
        "organizations": [
            {
                "name": "starz",
                "sentiment": "none"
            }
        ],
        "locations": []
    },
    "rating": null,
    "crawled": "2023-12-29T09:48:13.283+02:00",
    "updated": "2023-12-29T09:48:13.283+02:00"
}