{
    "thread": {
        "uuid": "88d9b5008e2387e75a2fb8394fe5beb60aeed99d",
        "url": "https://opengameart.org/forumtopic/navigating-legal-excellence-unveiling-the-spectrum-of-legal-clouds-services",
        "site_full": "opengameart.org",
        "site": "opengameart.org",
        "site_section": "https://opengameart.org/popular",
        "site_categories": [
            "hobbies_and_interests",
            "video_and_computer_games",
            "non_standard_content",
            "adult"
        ],
        "section_title": "Most Popular Art of All Time | OpenGameArt.org",
        "title": "Navigating Legal Excellence: Unveiling the Spectrum of Legal Cloud's Services | OpenGameArt.org",
        "title_full": "Navigating Legal Excellence: Unveiling the Spectrum of Legal Cloud's Services | OpenGameArt.org",
        "published": "2023-12-29T11:53:00.000+02:00",
        "replies_count": 0,
        "participants_count": 0,
        "site_type": "news",
        "country": "US",
        "main_image": "",
        "performance_score": 0,
        "domain_rank": 24897,
        "domain_rank_updated": "2023-12-26T12:06:20.000+02:00",
        "reach": null,
        "social": {
            "facebook": {
                "likes": 0,
                "comments": 0,
                "shares": 0
            },
            "gplus": {
                "shares": 0
            },
            "pinterest": {
                "shares": 0
            },
            "linkedin": {
                "shares": 0
            },
            "stumbledupon": {
                "shares": 0
            },
            "vk": {
                "shares": 0
            }
        }
    },
    "uuid": "88d9b5008e2387e75a2fb8394fe5beb60aeed99d",
    "url": "https://opengameart.org/forumtopic/navigating-legal-excellence-unveiling-the-spectrum-of-legal-clouds-services",
    "ord_in_thread": 0,
    "parent_url": null,
    "author": null,
    "published": "2023-12-29T11:53:00.000+02:00",
    "title": "Navigating Legal Excellence: Unveiling the Spectrum of Legal Cloud's Services | OpenGameArt.org",
    "text": "Navigating Legal Excellence: Unveiling the Spectrum of Legal Cloud's Services Greetings from a satisfied client of Legal Cloud! As someone who has benefited immensely from the professional and trustworthy legal consultancy services provided by Advocate Prateek Singhania and his team at Legal Cloud, I felt compelled to share my positive experience.Legal Cloud, under the esteemed leadership of Advocate Prateek Singhania, has become synonymous with excellence in the legal realm. With an impressive legacy spanning over 8 years, the firm boasts a profound understanding of the law, ensuring that clients receive top-notch legal advice and representation.One of the standout features of Legal Cloud is their commitment to providing a wide range of services that cater to various legal needs. Whether you're a business owner looking for [MSME Udyam Registration Certificate](https://www.legalcloud.in/msme-registration/), seeking [Udyam Certificate Registration](https://www.legalcloud.in/udyam-registration/), aiming to [register for Udyog Aadhar](https://www.legalcloud.in/udyog-aadhar-registration/), or requiring assistance with [GST registration for online selling](https://www.legalcloud.in/gst-registration/), Legal Cloud has you covered.Furthermore, for those in need of [rental lease](https://www.legalcloud.in/rent-agreement-services/) services, Legal Cloud's expertise extends to ensuring smooth and legally sound agreements. The firm's dedication to professionalism and client satisfaction is evident in every interaction.In conclusion, Legal Cloud is not just a legal service provider; it is a beacon of trust, reliability, and professionalism in the legal industry. I wholeheartedly recommend their services to anyone seeking expert legal guidance. Trust Legal Cloud to navigate the legal landscape with precision and integrity!",
    "highlightText": "",
    "highlightTitle": "",
    "highlightThreadTitle": "",
    "language": "english",
    "sentiment": "positive",
    "categories": [
        "Science and Technology",
        "Crime, Law and Justice",
        "Economy, Business and Finance"
    ],
    "external_links": [
        "https://www.legalcloud.in/udyog-aadhar-registration/),",
        "https://www.legalcloud.in/gst-registration/),",
        "https://www.legalcloud.in/msme-registration/),",
        "https://www.legalcloud.in/udyam-registration/),",
        "https://www.legalcloud.in/rent-agreement-services/)",
        "https://legalcloud.in/udyam-registration/),",
        "https://legalcloud.in/rent-agreement-services/)",
        "https://legalcloud.in/msme-registration/),",
        "https://legalcloud.in/udyog-aadhar-registration/),",
        "https://legalcloud.in/gst-registration/),"
    ],
    "external_images": [],
    "entities": {
        "persons": [
            {
                "name": "prateek singhania",
                "sentiment": "none"
            }
        ],
        "organizations": [
            {
                "name": "msme udyam registration certificate",
                "sentiment": "none"
            },
            {
                "name": "legal cloud",
                "sentiment": "none"
            }
        ],
        "locations": []
    },
    "rating": null,
    "crawled": "2023-12-29T14:55:19.090+02:00",
    "updated": "2023-12-29T14:55:19.090+02:00"
}