{
    "thread": {
        "uuid": "9cc81a4024c3d5bc65dd697b33497692251e5c6d",
        "url": "https://www.newsbreak.com/indianapolis-in/3280147607719-indianapolis-homicide-rate-decreases-for-second-straight-year-according-to-impd",
        "site_full": "www.newsbreak.com",
        "site": "newsbreak.com",
        "site_section": "https://newsbreak.com/westfield-in",
        "site_categories": [
            "under_construction",
            "non_standard_content"
        ],
        "section_title": "Westfield News, Weather, Safety, Sports | NewsBreak Westfield, IN",
        "title": "Indianapolis homicide rate decreases for second straight year, according to IMPD",
        "title_full": "Indianapolis homicide rate decreases for second straight year, according to IMPD",
        "published": "2023-12-29T05:50:00.000+02:00",
        "replies_count": 0,
        "participants_count": 1,
        "site_type": "news",
        "country": "US",
        "main_image": "https://img.particlenews.com/img/id/0KA3t6_0qT9CE5A00?type=thumbnail_1600x1200",
        "performance_score": 0,
        "domain_rank": 3324,
        "domain_rank_updated": "2023-12-26T12:06:20.000+02:00",
        "reach": null,
        "social": {
            "facebook": {
                "likes": 0,
                "comments": 0,
                "shares": 0
            },
            "gplus": {
                "shares": 0
            },
            "pinterest": {
                "shares": 0
            },
            "linkedin": {
                "shares": 0
            },
            "stumbledupon": {
                "shares": 0
            },
            "vk": {
                "shares": 0
            }
        }
    },
    "uuid": "9cc81a4024c3d5bc65dd697b33497692251e5c6d",
    "url": "https://www.newsbreak.com/indianapolis-in/3280147607719-indianapolis-homicide-rate-decreases-for-second-straight-year-according-to-impd",
    "ord_in_thread": 0,
    "parent_url": null,
    "author": "NewsBreak Original",
    "published": "2023-12-29T05:50:00.000+02:00",
    "title": "Indianapolis homicide rate decreases for second straight year, according to IMPD",
    "text": "INDIANAPOLIS — Cities across the country want to prove they are not filled with crime and violence. Indianapolis is heading in the right direction towards that goal, judging by the city's falling homicide rate. The Indianapolis Metropolitan Police Department reported 215 homicides in 2023 as the year comes to a close. That number is a slight decrease from the 222 homicides the city experienced last year, and a drastic drop from the 274 homicides tallied in 2021. \"This means that there is still work to be done,\" said Samone Burris of the Indianapolis Metropolitan Police Department. \"This means that our community is standing up and speaking out against violence.\" Indianapolis' Community Violence Reduction Team, a division of the Office of Public Safety and Health, has led the city's effort for safer streets. \"In order for us to fix a problem, we have to understand we have a problem,\" said Shardae Hoskins, the program director for the Community Violence Reduction Team. \"Nobody's going to come in here and save us. There's not going to be a magic pill to fix violence. It's going to take the work.\" That work revolves around mentorship and education programs in high-risk communities. Hoskins said they're most focused on the 46218 zip code, which includes the Blackburn Terrace housing development. \"We've tried to really put our feet down in that neighborhood and offer them wrap-around service on a continuous basis,\" Hoskins said. \"We've seen success in that.\" Hoskins said she was motivated to turn Indianapolis around to improve the city by her young son. \"Kids should be able to do the things that we all did growing up, to have a good time and not be concerned about violence,\" Hoskins said. \"They deserve to go to parties and congregate as young people do.\" Hoskins said everyone in Indianapolis needs to believe in the city's future if they want the homicide rate to continue to decrease. \"It's not just one organization or just the city or just a community-based organization,\" Hoskins said. \"It's us as a complete city moving towards one direction.\"",
    "highlightText": "",
    "highlightTitle": "",
    "highlightThreadTitle": "",
    "language": "english",
    "sentiment": "positive",
    "categories": [
        "Social Issue",
        "Human Interest",
        "Crime, Law and Justice"
    ],
    "external_links": [],
    "external_images": [],
    "entities": {
        "persons": [
            {
                "name": "samone burris",
                "sentiment": "none"
            },
            {
                "name": "shardae hoskins",
                "sentiment": "none"
            }
        ],
        "organizations": [
            {
                "name": "community violence reduction team",
                "sentiment": "none"
            },
            {
                "name": "indianapolis metropolitan police department",
                "sentiment": "none"
            },
            {
                "name": "office of public safety and health",
                "sentiment": "none"
            }
        ],
        "locations": [
            {
                "name": "indianapolis",
                "sentiment": "none"
            },
            {
                "name": "indianapolis",
                "sentiment": "none"
            }
        ]
    },
    "rating": null,
    "crawled": "2023-12-29T06:44:55.863+02:00",
    "updated": "2023-12-29T06:44:55.863+02:00"
}