{
    "thread": {
        "uuid": "58a5e1391ff766783c7d66d9b5d1fa6d4062f37d",
        "url": "https://news.yahoo.com/california-law-change-way-police-105757859.html",
        "site_full": "news.yahoo.com",
        "site": "yahoo.com",
        "site_section": "https://news.yahoo.com/",
        "site_categories": [
            "media"
        ],
        "section_title": "Yahoo News: Latest and Breaking News, Headlines, Live Updates, and More",
        "title": "New California law will change the way police officers interact with drivers, pedestrians",
        "title_full": "New California law will change the way police officers interact with drivers, pedestrians",
        "published": "2023-12-29T02:00:00.000+02:00",
        "replies_count": 0,
        "participants_count": 1,
        "site_type": "news",
        "country": "US",
        "main_image": "https://s.yimg.com/ny/api/res/1.2/bBDZTpd6mvBTrs0P2NBpVw--/YXBwaWQ9aGlnaGxhbmRlcjt3PTEyMDA7aD02NzU-/https://media.zenfs.com/en/fox_news_text_979/e8706956584cb02222951cfa4d67d256",
        "performance_score": 0,
        "domain_rank": 37,
        "domain_rank_updated": "2023-12-26T12:06:20.000+02:00",
        "reach": null,
        "social": {
            "facebook": {
                "likes": 0,
                "comments": 0,
                "shares": 0
            },
            "gplus": {
                "shares": 0
            },
            "pinterest": {
                "shares": 0
            },
            "linkedin": {
                "shares": 0
            },
            "stumbledupon": {
                "shares": 0
            },
            "vk": {
                "shares": 0
            }
        }
    },
    "uuid": "58a5e1391ff766783c7d66d9b5d1fa6d4062f37d",
    "url": "https://news.yahoo.com/california-law-change-way-police-105757859.html",
    "ord_in_thread": 0,
    "parent_url": null,
    "author": "Yahoo Life",
    "published": "2023-12-29T02:00:00.000+02:00",
    "title": "New California law will change the way police officers interact with drivers, pedestrians",
    "text": "Fox News New California law will change the way police officers interact with drivers, pedestrians Lawrence Richard December 29, 2023 at 12:57 PM · 2 min read Link Copied Read full article Oops! Something went wrong. Please try again later. More content below\nA new California law going into effect in January 2024 will change the way police officers interact with millions of drivers and pedestrians.\nCalifornia police officers seeking to stop a driver or pedestrian must now initiate any interaction by specifying the purpose of the stop before asking inquiring questions. They will no longer be able to initially ask the driver, \"Do you know why I pulled you over?\"\nCalifornia lawmakers passed AB 2773, which Gov. Gavin Newsom signed into law in the fall of 2022, to reduce \"pretextual stops\" or where an officer stops a suspicious vehicle for a minor offense to look for a more egregious crime, KTXL reported.\nThe new law goes into effect on Jan. 1 and impacts agents of the Department of the California Highway Patrol, county sheriffs and city police officers.\nCALIFORNIA SECRETARY OF STATE LEAVES TRUMP ON THE BALLOT AFTER CALLS TO REMOVE HIM\nThe new California law goes into effect on Jan. 1, 2024.\nAs a bill, AB 2773 cleared the Assembly floor with a vote of 49 to 24, with seven members not voting. In the Senate, it passed 28 to 10, with two members not voting. Both chambers have sizable Democratic majorities.\nREAD ON THE FOX NEWS APP\nAccording to Assembly member Chris Holden, who authored the law, it was created to \"promote equity and accountability in communities\" and to help prevent the often tense interactions between police and civilians from potentially escalating.\nCALIFORNIA REPUBLICAN BLASTS STATE LAW REQUIRING STORES TO HAVE GENDER-NEUTRAL TOY SECTIONS: 'BEYOND ABSURD'\nThe new law impacts agents of the Department of the California Highway Patrol, county sheriffs and city police officers.\nLaw enforcement can skip clearly stating the purpose of the stop should the officer need \"to protect life or property from imminent threat.\"\nA second component of the law requires law enforcement agencies to include the reason(s) for all stops on accompanying arrest reports.\nOriginal article source: New California law will change the way police officers interact with drivers, pedestrians\nView comments",
    "highlightText": "",
    "highlightTitle": "",
    "highlightThreadTitle": "",
    "language": "english",
    "sentiment": "positive",
    "categories": [
        "Crime, Law and Justice",
        "Politics",
        "Social Issue"
    ],
    "external_links": [
        "https://s.yimg.com/ny/api/res/1.2/0mOlE0v_ZD1wYhq8VykYgg--/YXBwaWQ9aGlnaGxhbmRlcjt3PTk2MDtoPTU0MA--/https://media.zenfs.com/en/fox_news_text_979/46c28e688828af8f29e7a1884341add1",
        "https://s.yimg.com/ny/api/res/1.2/bBDZTpd6mvBTrs0P2NBpVw--/YXBwaWQ9aGlnaGxhbmRlcjt3PTEyMDA7aD02NzU-/https://media.zenfs.com/en/fox_news_text_979/e8706956584cb02222951cfa4d67d256",
        "https://www.foxnews.com/media/california-republican-blasts-state-law-requiring-stores-gender-neutral-toy-sections-absurd",
        "https://www.foxnews.com/us/new-california-law-change-way-police-officers-interact-drivers-pedestrians",
        "https://www.facebook.com/dialog/feed?app_id=458584288257241&link=https%3A%2F%2Fnews.yahoo.com%2Fcalifornia-law-change-way-police-105757859.html%3Fsoc_src%3Dsocial-sh%26soc_trk%3Dfb%26tsrc%3Dfb",
        "https://www.foxnews.com/category/us/crime/police-and-law-enforcement",
        "https://s.yimg.com/os/creatr-uploaded-images/2022-12/eb89ebd0-74c4-11ed-9f5e-309905ca08b4",
        "https://www.foxnews.com/",
        "https://foxnews.onelink.me/xLDS/mvaj7wvj",
        "https://s.yimg.com/ny/api/res/1.2/6xiACL2pp5vIpOuHKiycrA--/YXBwaWQ9aGlnaGxhbmRlcjt3PTMxNDtoPTYw/https://s.yimg.com/os/creatr-uploaded-images/2022-12/eb89ebd0-74c4-11ed-9f5e-309905ca08b4",
        "https://s.yimg.com/ny/api/res/1.2/._8WV4aVf.7x_77jrQ96Uw--/YXBwaWQ9aGlnaGxhbmRlcjt3PTI0MDA7aD0xMzUw/https://media.zenfs.com/en/fox_news_text_979/6e947a1e6963da2833cdbc6c01364400",
        "https://twitter.com/intent/tweet?text=New%20California%20law%20will%20change%20the%20way%20police%20officers%20interact%20with%20drivers%2C%20pedestrians&url=https%3A%2F%2Fnews.yahoo.com%2Fcalifornia-law-change-way-police-105757859.html%3Fsoc_src%3Dsocial-sh%26soc_trk%3Dtw%26tsrc%3Dtwtr&via=YahooNews",
        "https://www.foxnews.com/category/politics/elections/democrats",
        "https://s.yimg.com/uu/api/res/1.2/hjjJVOGOnAxrXNq6CHIZCQ--~B/Zmk9c3RyaW07aD0zNjA7dz02NDA7c209MTthcHBpZD15dGFjaHlvbg--/https://media.zenfs.com/en/video.fbc.news.com/8dc833647d852364d973c7b4fc7373d1)",
        "https://media.zenfs.com/en/video.fbc.news.com/8dc833647d852364d973c7b4fc7373d1",
        "https://www.foxnews.com/category/person/gavin-newsom",
        "https://s.yimg.com/ny/api/res/1.2/s5KLvnQCwSDhyU4M6cWLcA--/YXBwaWQ9aGlnaGxhbmRlcjt3PTI0MDA7aD0xMzUw/https://media.zenfs.com/en/fox_news_text_979/46c28e688828af8f29e7a1884341add1",
        "https://s.yimg.com/ny/api/res/1.2/UdQ3hWcd9wWd2FfxkvWKew--/YXBwaWQ9aGlnaGxhbmRlcjt3PTk2MDtoPTU0MA--/https://media.zenfs.com/en/fox_news_text_979/6e947a1e6963da2833cdbc6c01364400",
        "https://s.yimg.com/uu/api/res/1.2/utffN3_4n8tXvzlukM7weg--~B/aD03MjA7dz0xMjgwO2FwcGlkPXl0YWNoeW9u/https://media.zenfs.com/en/video.fbc.news.com/8dc833647d852364d973c7b4fc7373d1",
        "https://www.foxnews.com/politics/california-secretary-state-leaves-trump-on-ballot-after-calls-remove-him",
        "https://foxnews.com/category/politics/elections/democrats",
        "https://www.s.yimg.com/ny/api/res/1.2/._8WV4aVf.7x_77jrQ96Uw--/YXBwaWQ9aGlnaGxhbmRlcjt3PTI0MDA7aD0xMzUw/https://www.media.zenfs.com/en/fox_news_text_979/6e947a1e6963da2833cdbc6c01364400",
        "https://www.s.yimg.com/uu/api/res/1.2/hjjJVOGOnAxrXNq6CHIZCQ--~B/Zmk9c3RyaW07aD0zNjA7dz02NDA7c209MTthcHBpZD15dGFjaHlvbg--/https://www.media.zenfs.com/en/video.fbc.news.com/8dc833647d852364d973c7b4fc7373d1)",
        "https://www.s.yimg.com/ny/api/res/1.2/UdQ3hWcd9wWd2FfxkvWKew--/YXBwaWQ9aGlnaGxhbmRlcjt3PTk2MDtoPTU0MA--/https://www.media.zenfs.com/en/fox_news_text_979/6e947a1e6963da2833cdbc6c01364400",
        "https://www.foxnews.com",
        "https://foxnews.com/politics/california-secretary-state-leaves-trump-on-ballot-after-calls-remove-him",
        "https://facebook.com/dialog/feed?app_id=458584288257241&link=https%3A%2F%2Fnews.yahoo.com%2Fcalifornia-law-change-way-police-105757859.html%3Fsoc_src%3Dsocial-sh%26soc_trk%3Dfb%26tsrc%3Dfb",
        "https://www.media.zenfs.com/en/video.fbc.news.com/8dc833647d852364d973c7b4fc7373d1",
        "https://foxnews.com/category/us/crime/police-and-law-enforcement",
        "https://foxnews.com/category/person/gavin-newsom",
        "https://twitter.com/intent/tweet",
        "https://www.s.yimg.com/uu/api/res/1.2/utffN3_4n8tXvzlukM7weg--~B/aD03MjA7dz0xMjgwO2FwcGlkPXl0YWNoeW9u/https://www.media.zenfs.com/en/video.fbc.news.com/8dc833647d852364d973c7b4fc7373d1",
        "https://www.s.yimg.com/ny/api/res/1.2/0mOlE0v_ZD1wYhq8VykYgg--/YXBwaWQ9aGlnaGxhbmRlcjt3PTk2MDtoPTU0MA--/https://www.media.zenfs.com/en/fox_news_text_979/46c28e688828af8f29e7a1884341add1",
        "https://www.facebook.com/dialog/feed",
        "https://www.twitter.com/intent/tweet?text=New%20California%20law%20will%20change%20the%20way%20police%20officers%20interact%20with%20drivers%2C%20pedestrians&url=https%3A%2F%2Fnews.yahoo.com%2Fcalifornia-law-change-way-police-105757859.html%3Fsoc_src%3Dsocial-sh%26soc_trk%3Dtw%26tsrc%3Dtwtr&via=YahooNews",
        "https://www.s.yimg.com/ny/api/res/1.2/s5KLvnQCwSDhyU4M6cWLcA--/YXBwaWQ9aGlnaGxhbmRlcjt3PTI0MDA7aD0xMzUw/https://www.media.zenfs.com/en/fox_news_text_979/46c28e688828af8f29e7a1884341add1",
        "https://foxnews.com/media/california-republican-blasts-state-law-requiring-stores-gender-neutral-toy-sections-absurd",
        "https://foxnews.com/",
        "https://www.s.yimg.com/os/creatr-uploaded-images/2022-12/eb89ebd0-74c4-11ed-9f5e-309905ca08b4",
        "https://www.s.yimg.com/ny/api/res/1.2/6xiACL2pp5vIpOuHKiycrA--/YXBwaWQ9aGlnaGxhbmRlcjt3PTMxNDtoPTYw/https://www.s.yimg.com/os/creatr-uploaded-images/2022-12/eb89ebd0-74c4-11ed-9f5e-309905ca08b4",
        "https://foxnews.com/us/new-california-law-change-way-police-officers-interact-drivers-pedestrians",
        "https://www.foxnews.onelink.me/xLDS/mvaj7wvj",
        "https://www.s.yimg.com/ny/api/res/1.2/bBDZTpd6mvBTrs0P2NBpVw--/YXBwaWQ9aGlnaGxhbmRlcjt3PTEyMDA7aD02NzU-/https://www.media.zenfs.com/en/fox_news_text_979/e8706956584cb02222951cfa4d67d256"
    ],
    "external_images": [],
    "entities": {
        "persons": [
            {
                "name": "gavin newsom",
                "sentiment": "none"
            },
            {
                "name": "richard",
                "sentiment": "none"
            }
        ],
        "organizations": [
            {
                "name": "fox news",
                "sentiment": "negative"
            },
            {
                "name": "california highway patrol",
                "sentiment": "none"
            },
            {
                "name": "ktxl",
                "sentiment": "none"
            }
        ],
        "locations": [
            {
                "name": "new california",
                "sentiment": "none"
            },
            {
                "name": "california",
                "sentiment": "none"
            },
            {
                "name": "california",
                "sentiment": "none"
            }
        ]
    },
    "rating": null,
    "crawled": "2023-12-29T15:14:29.163+02:00",
    "updated": "2023-12-29T15:14:29.163+02:00"
}