{
    "thread": {
        "uuid": "8fea207be6b6e8a7cdb6447277f34b92fa15cdb8",
        "url": "https://www.riotimesonline.com/evaluating-venezuelas-crime-reduction-efforts-in-2023/",
        "site_full": "www.riotimesonline.com",
        "site": "riotimesonline.com",
        "site_section": "https://www.riotimesonline.com/feed/",
        "site_categories": [],
        "section_title": "The Rio Times",
        "title": "Evaluating Venezuela’s Crime Reduction Efforts in 2023",
        "title_full": "Evaluating Venezuela’s Crime Reduction Efforts in 2023",
        "published": "2023-12-29T11:26:00.000+02:00",
        "replies_count": 0,
        "participants_count": 1,
        "site_type": "news",
        "country": "US",
        "main_image": "https://www.riotimesonline.com/wp-content/uploads/2023/12/Grumae-Venezuela.webp",
        "performance_score": 0,
        "domain_rank": 22480,
        "domain_rank_updated": "2023-12-26T12:06:20.000+02:00",
        "reach": null,
        "social": {
            "facebook": {
                "likes": 0,
                "comments": 0,
                "shares": 0
            },
            "gplus": {
                "shares": 0
            },
            "pinterest": {
                "shares": 0
            },
            "linkedin": {
                "shares": 0
            },
            "stumbledupon": {
                "shares": 0
            },
            "vk": {
                "shares": 0
            }
        }
    },
    "uuid": "8fea207be6b6e8a7cdb6447277f34b92fa15cdb8",
    "url": "https://www.riotimesonline.com/evaluating-venezuelas-crime-reduction-efforts-in-2023/",
    "ord_in_thread": 0,
    "parent_url": null,
    "author": "Juan Martinez",
    "published": "2023-12-29T11:26:00.000+02:00",
    "title": "Evaluating Venezuela’s Crime Reduction Efforts in 2023",
    "text": "In 2023, Venezuela reported a 16.8% decrease in crime, as announced by Minister Remigio Ceballos.\nThis reduction is attributed to the\ngovernment’s security strategies. However, it’s important to consider this data in the context of regional crime trends.\nIn the same year,\nEcuador overtook Venezuela, which previously had the highest murder rate in Latin America.\nThis shift suggests a dynamic and changing crime landscape in the region.\nDuring the CICPC anniversary, Ceballos highlighted the crackdown on criminal groups as a key factor in the nationwide improvement.\nThe “Great Mission Peace Quadrants” initiative, promoting cooperation between communities and security forces, played a significant role in these efforts.\nCeballos also noted a 26.91% increase in drug seizures from the previous year. This suggests a more aggressive stance against drug-related crimes.\nAdditionally, actions against prison mafias were highlighted as essential in maintaining order and safety.\nThe establishment of the Emergency Motorized Group (Grumae) marks a stride in disaster management, potentially strengthening Venezuela’s security framework.\nHowever, the effectiveness and long-term impact of these measures remain to be seen.\nWhile Venezuela’s crime rate reduction is notable in a region plagued by high crime rates, it’s crucial to assess the sustainability of these strategies.\nThe country’s focus on community collaboration could offer insights for other nations in Latin America.\nThis improvement might enhance Venezuela’s geopolitical standing, potentially attracting foreign investment and tourism.\nHowever, continuous evaluation is necessary to ensure these trends are not temporary.\nVenezuela’s increase in drug seizures indicates alignment with global anti-drug trafficking efforts.\nThe launch of Grumae aligns with global trends in emergency response, suggesting Venezuela is adopting internationally recognized practices.\nIn conclusion, while Venezuela’s security strategy in 2023 shows signs of progress in crime reduction, ongoing assessment, and regional context are essential for a comprehensive understanding of its effectiveness and impact.",
    "highlightText": "",
    "highlightTitle": "",
    "highlightThreadTitle": "",
    "language": "english",
    "sentiment": "positive",
    "categories": [
        "Crime, Law and Justice"
    ],
    "external_links": [
        "https://mppre.gob.ve/en/",
        "https://www.mppre.gob.ve/en/",
        "https://mppre.gob.ve/en"
    ],
    "external_images": [],
    "entities": {
        "persons": [
            {
                "name": "remigio ceballos",
                "sentiment": "negative"
            },
            {
                "name": "ceballos",
                "sentiment": "none"
            }
        ],
        "organizations": [
            {
                "name": "emergency motorized group",
                "sentiment": "none"
            }
        ],
        "locations": [
            {
                "name": "venezuela",
                "sentiment": "none"
            },
            {
                "name": "ecuador",
                "sentiment": "none"
            },
            {
                "name": "latin america",
                "sentiment": "none"
            }
        ]
    },
    "rating": null,
    "crawled": "2023-12-29T11:29:25.281+02:00",
    "updated": "2023-12-29T11:29:25.281+02:00"
}