{
    "thread": {
        "uuid": "2c8b6065ed9a7d0305ac5d2c8f15d8cc7d146228",
        "url": "https://daijiworld.com/news/newsDisplay?newsID=1153517",
        "site_full": "daijiworld.com",
        "site": "daijiworld.com",
        "site_section": "http://feeds.feedburner.com/TodaysNewsOnDaijiworldcom",
        "site_categories": [
            "media"
        ],
        "section_title": "Today's News on Daijiworld.com",
        "title": "Karkala: Locals apprehend stalker harassing young woman near city bus stand",
        "title_full": "Karkala: Locals apprehend stalker harassing young woman near city bus stand",
        "published": "2023-12-29T03:20:00.000+02:00",
        "replies_count": 0,
        "participants_count": 1,
        "site_type": "news",
        "country": "IN",
        "main_image": "https://daijiworld.ap-south-1.linodeobjects.com/Linode/images3/karkala_291223_1.jpg",
        "performance_score": 0,
        "domain_rank": 22276,
        "domain_rank_updated": "2023-12-26T12:06:20.000+02:00",
        "reach": null,
        "social": {
            "facebook": {
                "likes": 0,
                "comments": 0,
                "shares": 0
            },
            "gplus": {
                "shares": 0
            },
            "pinterest": {
                "shares": 0
            },
            "linkedin": {
                "shares": 0
            },
            "stumbledupon": {
                "shares": 0
            },
            "vk": {
                "shares": 0
            }
        }
    },
    "uuid": "2c8b6065ed9a7d0305ac5d2c8f15d8cc7d146228",
    "url": "https://daijiworld.com/news/newsDisplay?newsID=1153517",
    "ord_in_thread": 0,
    "parent_url": null,
    "author": "daijiworld.com",
    "published": "2023-12-29T03:20:00.000+02:00",
    "title": "Karkala: Locals apprehend stalker harassing young woman near city bus stand",
    "text": "Daijiworld Media Network – Karkala (MS)\nKarkala, Dec 29: Locals intervened and apprehended a man who had been persistently stalking and harassing a young girl in the evening on December 27, near the city bus stand.\nThe victim, an employee at a private finance company in the city, had been experiencing harassment from Jagadish Poojary, a resident of Irvathoor, for several days. On that particular evening, as the girl headed towards the bus stand to return home to Nandalike, Jagadish continued his unwelcome pursuit. He obstructed her path and attempted to engage her in conversation, prompting the girl to object.\nWitnessing Jagadish's troubling behaviour, concerned locals took matters into their own hands, ensuring his capture, and subsequently handed him over to the police.\nPolice interrogation revealed that Jagadish Poojary is a habitual offender, having harassed multiple young girls in the past. The Karkala city police are conducting further investigations into the matter.\nDisclaimer:\nPlease write your correct name and email address. Kindly do not post any personal, abusive, defamatory, infringing, obscene, indecent, discriminatory or unlawful or similar comments. Daijiworld.com will not be responsible for any defamatory message posted under this article.\nPlease note that sending false messages to insult, defame, intimidate, mislead or deceive people or to intentionally cause public disorder is punishable under law. It is obligatory on Daijiworld to provide the IP address and other details of senders of such comments, to the authority concerned upon request.\nHence, sending offensive comments using daijiworld will be purely at your own risk, and in no way will Daijiworld.com be held responsible.",
    "highlightText": "",
    "highlightTitle": "",
    "highlightThreadTitle": "",
    "language": "english",
    "sentiment": "positive",
    "categories": [
        "Crime, Law and Justice",
        "Social Issue",
        "Human Interest"
    ],
    "external_links": [],
    "external_images": [],
    "entities": {
        "persons": [
            {
                "name": "karkala",
                "sentiment": "negative"
            },
            {
                "name": "jagadish poojary",
                "sentiment": "none"
            },
            {
                "name": "jagadish",
                "sentiment": "none"
            }
        ],
        "organizations": [
            {
                "name": "daijiworld media network",
                "sentiment": "negative"
            }
        ],
        "locations": [
            {
                "name": "karkala",
                "sentiment": "none"
            },
            {
                "name": "irvathoor",
                "sentiment": "none"
            },
            {
                "name": "nandalike",
                "sentiment": "none"
            }
        ]
    },
    "rating": null,
    "crawled": "2023-12-29T06:19:35.890+02:00",
    "updated": "2023-12-29T06:19:35.890+02:00"
}