{
    "thread": {
        "uuid": "b7e2644cde82d987cb6d980ecf3ad27ddac910d4",
        "url": "https://www.dailymail.co.uk/news/article-12908727/Melbourne-Sikh-taxi-driver-praised-returning-8k-cash-cab.html",
        "site_full": "www.dailymail.co.uk",
        "site": "dailymail.co.uk",
        "site_section": "https://www.dailymail.co.uk/news/articles.rss",
        "site_categories": [],
        "section_title": "",
        "title": "Melbourne Sikh taxi driver praised after returning $8k cash he found in his cab | Daily Mail Online",
        "title_full": "Melbourne Sikh taxi driver praised after returning $8k cash he found in his cab | Daily Mail Online",
        "published": "2023-12-29T10:08:00.000+02:00",
        "replies_count": 0,
        "participants_count": 1,
        "site_type": "news",
        "country": "US",
        "main_image": "https://i.dailymail.co.uk/1s/2023/12/29/05/79426155-0-image-m-207_1703829093826.jpg",
        "performance_score": 0,
        "domain_rank": 139,
        "domain_rank_updated": "2023-12-26T12:06:20.000+02:00",
        "reach": null,
        "social": {
            "facebook": {
                "likes": 0,
                "comments": 0,
                "shares": 0
            },
            "gplus": {
                "shares": 0
            },
            "pinterest": {
                "shares": 0
            },
            "linkedin": {
                "shares": 0
            },
            "stumbledupon": {
                "shares": 0
            },
            "vk": {
                "shares": 0
            }
        }
    },
    "uuid": "b7e2644cde82d987cb6d980ecf3ad27ddac910d4",
    "url": "https://www.dailymail.co.uk/news/article-12908727/Melbourne-Sikh-taxi-driver-praised-returning-8k-cash-cab.html",
    "ord_in_thread": 0,
    "parent_url": null,
    "author": "Lisa Edser For Daily Mail Australia",
    "published": "2023-12-29T10:08:00.000+02:00",
    "title": "Melbourne Sikh taxi driver praised after returning $8k cash he found in his cab | Daily Mail Online",
    "text": "A Melbourne taxi driver who has driven cabs for more than three decades has been praised for his honesty after returning a large stash of cash found left behind in his vehicle. Charanjit Singh Atwal recently found a wallet and $8,000 in cash scattered across the backseat of his taxi. Instead of pocketing the cash for himself, the Sikh driver immediately handed it into police so the rightful owner could be tracked down. The honest cabbie said it never crossed his mind to keep the money. Astonishingly, the rightful owner was reunited with his cash. Mr Singh Atwal did not ask for a reward from the grateful owner. Charanjit Singh Atwal recently found $8,000 on the backseat of his taxi 'No, no. I don't need it. Never, ever,' the 13cabs driver told Nine News . He told the Herald Sun: 'I remember the passenger who lost it was in a hurry; he was very lucky as I had many passengers after him.' 'Needless to say, he was very grateful.' Aussies were quick to praise the cab driver after his story was posted online and went viral. 'A good and honest man. This speaks volumes about his character. May he be blessed abundantly,' one wrote. 'He is blessed, and his honesty and good deed will be returned to him tenfold,' one said. 'Yup! Great morals, great ethics ! Respect,' another wrote. Others were disapppointed to learn that the owner of the cash didn't give Mr Singh Atwal a reward. 'No reward? What an a",
    "highlightText": "",
    "highlightTitle": "",
    "highlightThreadTitle": "",
    "language": "english",
    "sentiment": "positive",
    "categories": [
        "Crime, Law and Justice",
        "Human Interest"
    ],
    "external_links": [
        "https://www.9news.com.au/melbourne",
        "https://9news.com.au/melbourne"
    ],
    "external_images": [],
    "entities": {
        "persons": [
            {
                "name": "charanjit singh atwal",
                "sentiment": "none"
            },
            {
                "name": "singh atwal",
                "sentiment": "none"
            }
        ],
        "organizations": [
            {
                "name": "sikh",
                "sentiment": "none"
            },
            {
                "name": "nine news",
                "sentiment": "none"
            },
            {
                "name": "herald",
                "sentiment": "none"
            }
        ],
        "locations": [
            {
                "name": "melbourne",
                "sentiment": "none"
            }
        ]
    },
    "rating": null,
    "crawled": "2023-12-29T10:16:33.128+02:00",
    "updated": "2023-12-29T10:16:33.128+02:00"
}