{
    "thread": {
        "uuid": "7503b3a2a6634d3928566f40a70fe0b5eedeb4b1",
        "url": "https://www.telemadrid.es/noticias/sociedad/La-bebe-rescatada-de-un-contenedor-en-Sevilla-recibe-el-alta-y-ya-esta-con-su-nueva-familia-0-2628637133--20231229124118.html",
        "site_full": "www.telemadrid.es",
        "site": "telemadrid.es",
        "site_section": "https://www.telemadrid.es",
        "site_categories": [
            "non_standard_content",
            "adult"
        ],
        "section_title": "Noticias, programas y directos en Telemadrid | Radio Televisión Madrid",
        "title": "La bebé rescatada de un contenedor en Sevilla recibe el alta y ya está con su nueva familia",
        "title_full": "La bebé rescatada de un contenedor en Sevilla recibe el alta y ya está con su nueva familia",
        "published": "2023-12-29T13:41:00.000+02:00",
        "replies_count": 0,
        "participants_count": 1,
        "site_type": "news",
        "country": "ES",
        "main_image": "https://www.telemadrid.es/2023/12/29/noticias/sociedad/_2628647155_43857069_1300x731.jpg",
        "performance_score": 0,
        "domain_rank": 19924,
        "domain_rank_updated": "2023-12-26T12:06:20.000+02:00",
        "reach": null,
        "social": {
            "facebook": {
                "likes": 0,
                "comments": 0,
                "shares": 0
            },
            "gplus": {
                "shares": 0
            },
            "pinterest": {
                "shares": 0
            },
            "linkedin": {
                "shares": 0
            },
            "stumbledupon": {
                "shares": 0
            },
            "vk": {
                "shares": 0
            }
        }
    },
    "uuid": "7503b3a2a6634d3928566f40a70fe0b5eedeb4b1",
    "url": "https://www.telemadrid.es/noticias/sociedad/La-bebe-rescatada-de-un-contenedor-en-Sevilla-recibe-el-alta-y-ya-esta-con-su-nueva-familia-0-2628637133--20231229124118.html",
    "ord_in_thread": 0,
    "parent_url": null,
    "author": "Telemadrid",
    "published": "2023-12-29T13:41:00.000+02:00",
    "title": "La bebé rescatada de un contenedor en Sevilla recibe el alta y ya está con su nueva familia",
    "text": "La beb\\u00e9 reci\\u00e9n nacida que fue rescatada en un contenedor el pasado 18 de diciembre en Los Palacios y Villafranca (Sevilla) ha sido dada de alta y ya se encuentra con su nueva familia, tras pasar diez d\\u00edas ingresada en la unidad de neonatos del hospital Virgen de Valme de Sevilla.Fuentes de la Junta de Andaluc\\u00eda confirman que la ni\\u00f1a fue dada de alta en la tarde de ayer, y ya se encuentra en la casa de la familia que la ha adoptado despu\\u00e9s de las gestiones urgentes realizadas por la Consejer\\u00eda de Inclusi\\u00f3n Social, Juventud, Familias e Igualdad de la Junta de Andaluc\\u00eda.Hallan un beb\\u00e9 en un contenedor de Los Palacios, Sevilla, con el cord\\u00f3n umbilical todav\\u00eda colgandoLos nuevos padres de la ni\\u00f1a comenzaron a tener contacto con ella el pasado 24 de diciembre, y desde entonces la han acompa\\u00f1ado en el hospital, hasta que finalmente ayer fue dada de alta.Las fuentes no han indicado si la familia la llamar\\u00e1 finalmente Nieves, el nombre que los m\\u00e9dicos le pusieron en el hospital al ser el de la patrona de Los Palacios.La ni\\u00f1a ingres\\u00f3 con un peso de 2,1 kilos, y ha estado cuidada las 24 horas del d\\u00eda por los servicios m\\u00e9dicos del hospital, mientras la Junta recib\\u00eda decenas de peticiones de ofrecimientos de familias andaluzas dispuestas a adoptarla, aunque en este caso la adopci\\u00f3n pasaba por un proceso que dura meses y para el que hab\\u00eda familias concretas en lista de espera.No obstante, la Junta ha animado a las familias que quieran estar en una lista de un proceso de adopci\\u00f3n a que lo inicien cuanto antes, de modo que cuando se produzcan casos de extrema necesidad, como el de esta beb\\u00e9, haya familias suficientes en espera.La ni\\u00f1a pudo ser encontrada gracias a que un vecino escuch\\u00f3 su llanto desde el interior del contenedor, para posteriormente unirse a \\u00e9l dos mujeres, y una de ellas la sac\\u00f3 r\\u00e1pidamente, llev\\u00e1ndola al centro de salud del municipio, situado a un kil\\u00f3metro aproximadamente de donde fue encontrada.Ya es posible saber por qu\\u00e9 lloran los beb\\u00e9s, con m\\u00e1s de un 90% de fiabilidadNada m\\u00e1s ser revisada se activ\\u00f3 su traslado urgente al hospital sevillano, mientras que la Polic\\u00eda Judicial de la Guardia Civil se ha hecho cargo de la investigaci\\u00f3n del caso, una vez que se resolvi\\u00f3 la primera urgencia del mismo, que era garantizar la evacuaci\\u00f3n de la ni\\u00f1a a un centro sanitario cuanto antes.",
    "highlightText": "",
    "highlightTitle": "",
    "highlightThreadTitle": "",
    "language": "spanish",
    "sentiment": "positive",
    "categories": [
        "Human Interest",
        "Crime, Law and Justice",
        "Social Issue"
    ],
    "external_links": [],
    "external_images": [],
    "entities": {
        "persons": [],
        "organizations": [],
        "locations": []
    },
    "rating": null,
    "crawled": "2023-12-29T13:48:36.196+02:00",
    "updated": "2023-12-29T13:48:36.196+02:00"
}