{
    "thread": {
        "uuid": "e0879e9f028ef2f912740b167bd1abcf599eb46c",
        "url": "https://independent.ng/police-foil-kidnappers-operation-in-kogi/",
        "site_full": "independent.ng",
        "site": "independent.ng",
        "site_section": "https://independent.ng",
        "site_categories": [
            "media"
        ],
        "section_title": "Home | Independent Newspaper Nigeria",
        "title": "Police Foil Kidnappers Operation in Kogi | Independent Newspaper Nigeria",
        "title_full": "Police Foil Kidnappers Operation in Kogi | Independent Newspaper Nigeria",
        "published": "2023-12-29T15:31:00.000+02:00",
        "replies_count": 0,
        "participants_count": 1,
        "site_type": "news",
        "country": "NG",
        "main_image": "https://independent.ng/wp-content/uploads/IMG-20231229-WA0013.jpg",
        "performance_score": 0,
        "domain_rank": 61574,
        "domain_rank_updated": "2023-12-26T12:06:25.000+02:00",
        "reach": null,
        "social": {
            "facebook": {
                "likes": 0,
                "comments": 0,
                "shares": 0
            },
            "gplus": {
                "shares": 0
            },
            "pinterest": {
                "shares": 0
            },
            "linkedin": {
                "shares": 0
            },
            "stumbledupon": {
                "shares": 0
            },
            "vk": {
                "shares": 0
            }
        }
    },
    "uuid": "e0879e9f028ef2f912740b167bd1abcf599eb46c",
    "url": "https://independent.ng/police-foil-kidnappers-operation-in-kogi/",
    "ord_in_thread": 0,
    "parent_url": null,
    "author": "Atabor Julius",
    "published": "2023-12-29T15:31:00.000+02:00",
    "title": "Police Foil Kidnappers Operation in Kogi | Independent Newspaper Nigeria",
    "text": "The Kogi State Police Command on Friday has reiterated its commitment to protect lives and property throughout the Yuletide even as it foiled bandits deadly operation on Lokoja -Ajaokuta Eastern states road. The police said on receipt of distress call that the hoodlum were operating on the road, it promptly dispatch operatives of the Rapid Response Squad to the scene and were able to dislodge them. The image maker of the command William Ayah added that the motorists who held up for some minutes were able to continue their Journey after the clearance operation by the police. “According to him, motorists travelling along Lokoja/Ajaokuta road were hinted by a good Samaritan that some bandits have taken over the road waiting to kidnap travellers, so they quickly moved to a closest town to avoid being Kidnapped and put a call to the Police Command. “However, when the information got to Command, the State Commissioner of Police CP Bethrand Onuoha quickly dispatch Rapid Response Unit to the area who dispatched the criminals into to bush” Aya stated.",
    "highlightText": "",
    "highlightTitle": "",
    "highlightThreadTitle": "",
    "language": "english",
    "sentiment": "positive",
    "categories": [
        "Crime, Law and Justice"
    ],
    "external_links": [],
    "external_images": [],
    "entities": {
        "persons": [
            {
                "name": "william ayah",
                "sentiment": "none"
            }
        ],
        "organizations": [
            {
                "name": "kogi state police command",
                "sentiment": "negative"
            },
            {
                "name": "command",
                "sentiment": "none"
            },
            {
                "name": "rapid response unit",
                "sentiment": "none"
            },
            {
                "name": "rapid response squad",
                "sentiment": "none"
            }
        ],
        "locations": [
            {
                "name": "kogi",
                "sentiment": "none"
            },
            {
                "name": "nigeria",
                "sentiment": "none"
            },
            {
                "name": "lokoja",
                "sentiment": "none"
            },
            {
                "name": "lokoja -ajaokuta eastern",
                "sentiment": "none"
            }
        ]
    },
    "rating": null,
    "crawled": "2023-12-29T16:34:56.081+02:00",
    "updated": "2023-12-29T16:34:56.081+02:00"
}