{
    "thread": {
        "uuid": "923fdb084372646f2da8ef1b4f9657bb8e36c8a3",
        "url": "https://euroweeklynews.com/2023/12/29/victim-escapes-by-sending-notes-through-window/",
        "site_full": "euroweeklynews.com",
        "site": "euroweeklynews.com",
        "site_section": "https://www.euroweeklynews.com",
        "site_categories": [],
        "section_title": "Euro Weekly News – leading English language newspaper in Spain",
        "title": "Victim escapes by sending notes through window « Euro Weekly News",
        "title_full": "Victim escapes by sending notes through window « Euro Weekly News",
        "published": "2023-12-29T16:28:00.000+02:00",
        "replies_count": 0,
        "participants_count": 1,
        "site_type": "news",
        "country": "US",
        "main_image": "https://cdn.euroweeklynews.com/wp-content/uploads/2023/12/shutterstock_1268577922.jpg",
        "performance_score": 0,
        "domain_rank": 11975,
        "domain_rank_updated": "2023-12-26T12:06:20.000+02:00",
        "reach": null,
        "social": {
            "facebook": {
                "likes": 0,
                "comments": 0,
                "shares": 0
            },
            "gplus": {
                "shares": 0
            },
            "pinterest": {
                "shares": 0
            },
            "linkedin": {
                "shares": 0
            },
            "stumbledupon": {
                "shares": 0
            },
            "vk": {
                "shares": 0
            }
        }
    },
    "uuid": "923fdb084372646f2da8ef1b4f9657bb8e36c8a3",
    "url": "https://euroweeklynews.com/2023/12/29/victim-escapes-by-sending-notes-through-window/",
    "ord_in_thread": 0,
    "parent_url": null,
    "author": "Jennifer Popplewell",
    "published": "2023-12-29T16:28:00.000+02:00",
    "title": "Victim escapes by sending notes through window « Euro Weekly News",
    "text": "A WOMAN in Almeria, Spain miraculously managed to escape from her abuser by sending notes through the window. The woman, who lives in Roquetas de Mar and is aged 28, was rescued from the apartment where she was being held captive by her romantic partner. The man, aged 35, had a restraining order in force due to the fact that he had been constantly mistreating her.\n After being held captive and abused for several days, the woman took a chance when her partner was not looking and managed to throw several handwritten notes out of the the window of the house, in which she wrote desperate pleas for help to anybody who read them. Thankfully, these were found by a local resident who after reading the alarming notes immediately informed the emergency services. A police team then went to the scene of the incident and found the terrible situation. After the agents forced the aggressor out of the house, they were able to rescue the victim, who then had to be transferred to the Roquetas de Mar Health Centre to be treated for the injuries she had sustained from the numerous physical attacks she had endured.\nThe culprit was instantly arrested and placed at the disposal of the court on guard duty, which has ordered his entry into prison.\nThese events occurred on December 9 in the neighborhood of Cortijos de Marin, and the details were recently released in a press release by the local authorities.\n ",
    "highlightText": "",
    "highlightTitle": "",
    "highlightThreadTitle": "",
    "language": "english",
    "sentiment": "positive",
    "categories": [
        "Crime, Law and Justice",
        "Social Issue",
        "Human Interest"
    ],
    "external_links": [
        "https://www.facebook.com/EuroWeeklyNews",
        "https://www.facebook.com/sharer/sharer.php?u=https://euroweeklynews.com/2023/12/29/victim-escapes-by-sending-notes-through-window/",
        "https://share.flipboard.com/bookmarklet/popout?v=2&#038;url=https://euroweeklynews.com/2023/12/29/victim-escapes-by-sending-notes-through-window/&#038;title=Victim%20escapes%20by%20sending%20notes%20through%20window",
        "https://twitter.com/share?url=https://euroweeklynews.com/2023/12/29/victim-escapes-by-sending-notes-through-window/&#038;text=Victim%20escapes%20by%20sending%20notes%20through%20window",
        "https://www.linkedin.com/shareArticle?mini=true&#038;url=https://euroweeklynews.com/2023/12/29/victim-escapes-by-sending-notes-through-window/&#038;title=Victim%20escapes%20by%20sending%20notes%20through%20window",
        "https://www.instagram.com/euroweeklynews/",
        "https://web.whatsapp.com/send?text=https://euroweeklynews.com/2023/12/29/victim-escapes-by-sending-notes-through-window/",
        "https://share.flipboard.com/bookmarklet/popout",
        "https://www.share.flipboard.com/bookmarklet/popout?v=2&#038;url=https://www.euroweeklynews.com/2023/12/29/victim-escapes-by-sending-notes-through-window/&#038;title=Victim%20escapes%20by%20sending%20notes%20through%20window",
        "https://www.instagram.com/euroweeklynews",
        "https://web.whatsapp.com/send?text=https://euroweeklynews.com/2023/12/29/victim-escapes-by-sending-notes-through-window",
        "https://www.web.whatsapp.com/send?text=https://www.euroweeklynews.com/2023/12/29/victim-escapes-by-sending-notes-through-window/",
        "https://facebook.com/EuroWeeklyNews",
        "https://www.twitter.com/share?url=https://www.euroweeklynews.com/2023/12/29/victim-escapes-by-sending-notes-through-window/&#038;text=Victim%20escapes%20by%20sending%20notes%20through%20window",
        "https://www.facebook.com/sharer/sharer.php",
        "https://www.linkedin.com/shareArticle",
        "https://www.facebook.com/sharer/sharer.php?u=https://euroweeklynews.com/2023/12/29/victim-escapes-by-sending-notes-through-window",
        "https://web.whatsapp.com/send",
        "https://facebook.com/sharer/sharer.php?u=https://euroweeklynews.com/2023/12/29/victim-escapes-by-sending-notes-through-window/",
        "https://instagram.com/euroweeklynews/",
        "https://twitter.com/share",
        "https://linkedin.com/shareArticle?mini=true&#038;url=https://euroweeklynews.com/2023/12/29/victim-escapes-by-sending-notes-through-window/&#038;title=Victim%20escapes%20by%20sending%20notes%20through%20window"
    ],
    "external_images": [],
    "entities": {
        "persons": [],
        "organizations": [],
        "locations": [
            {
                "name": "almeria",
                "sentiment": "none"
            },
            {
                "name": "spain",
                "sentiment": "none"
            },
            {
                "name": "roquetas de mar",
                "sentiment": "none"
            },
            {
                "name": "europe spain",
                "sentiment": "none"
            }
        ]
    },
    "rating": null,
    "crawled": "2023-12-29T16:33:43.605+02:00",
    "updated": "2024-01-03T13:33:21.653+02:00"
}