{
    "thread": {
        "uuid": "e7e4eec7c4be22b6233a9b09fe0ad6c4e106d42e",
        "url": "https://mvsnoticias.com/entrevistas/2023/12/28/morena-con-clara-brugada-derrotara-la-corrupcion-en-cdmx-sebastian-ramirez-620259.html",
        "site_full": "mvsnoticias.com",
        "site": "mvsnoticias.com",
        "site_section": "http://mvsnoticias.com/entrevistas",
        "site_categories": [
            "non_standard_content",
            "adult"
        ],
        "section_title": "Entrevistas - MVS Noticias",
        "title": "Morena con Clara Brugada derrotará a la corrupción en CDMX: Sebastián Ramírez | MVS Noticias",
        "title_full": "Morena con Clara Brugada derrotará a la corrupción en CDMX: Sebastián Ramírez | MVS Noticias",
        "published": "2023-12-29T00:09:00.000+02:00",
        "replies_count": 0,
        "participants_count": 1,
        "site_type": "news",
        "country": "MX",
        "main_image": "https://mvsnoticias.com/u/fotografias/m/2023/12/28/f1280x720-587696_719371_5050.jpg",
        "performance_score": 0,
        "domain_rank": 94926,
        "domain_rank_updated": "2023-12-26T12:06:35.000+02:00",
        "reach": null,
        "social": {
            "facebook": {
                "likes": 0,
                "comments": 0,
                "shares": 0
            },
            "gplus": {
                "shares": 0
            },
            "pinterest": {
                "shares": 0
            },
            "linkedin": {
                "shares": 0
            },
            "stumbledupon": {
                "shares": 0
            },
            "vk": {
                "shares": 0
            }
        }
    },
    "uuid": "e7e4eec7c4be22b6233a9b09fe0ad6c4e106d42e",
    "url": "https://mvsnoticias.com/entrevistas/2023/12/28/morena-con-clara-brugada-derrotara-la-corrupcion-en-cdmx-sebastian-ramirez-620259.html",
    "ord_in_thread": 0,
    "parent_url": null,
    "author": "MANUEL LÓPEZ SAN MARTÍN",
    "published": "2023-12-29T00:09:00.000+02:00",
    "title": "Morena con Clara Brugada derrotará a la corrupción en CDMX: Sebastián Ramírez | MVS Noticias",
    "text": "Audio relacionado En entrevista para MVS Noticias con Juan Manuel Jiménez, en ausencia de Manuel López San Martín, Sebastián Ramírez, presidente de Morena en la Ciudad de México, habló sobre el panorama electoral y político para 2024, así como de la candidata a la capital del país, Clara Brugada. \"Un 2023 con muchos éxitos para nuestro movimiento, esperamos que el 2024 sea mucho mejor. Vaticinamos la derrota de la corrupción, del partido del cártel inmobiliario, el conservadurismo le va a ir muy mal en la ciudad y creo que vamos a darle continuidad a la transformación, al cambio, tenemos una precandidata honesta a la Jefatura de Gobierno\", expresó. En la conversación el presidente de Morena en la CDMX destacó la labor que ha hecho el partido en los últimos meses de la mano de Mario Delgado, algo que se ve reflejado en las encuestas de preferencia. Te podría interesar \"Nos pusimos a trabajar, lanzamos una campaña de credencialización muy intensa, más de 230 mil personas sacaron su credencial de Morena, abrimos casas del movimiento, hicimos dos giras, conformamos comités, sacamos adelante el proceso interno. Fue un año muy movido, nos hemos mantenido en la unidad, nos hemos mantenido en la calle, algo que ayuda a que el movimiento esté posicionado\", detalló. Respecto a Santiago Taboada, el contrincante de Clara Brugada a la Jefatura de Gobierno de la Ciudad de México, no tuvo reparo en comentar lo siguiente: Te podría interesar \"Es muy difícil es una persona que está muy cuestionada, tiene muchos temas en cuanto a su patrimonio que aclarar, viene de un grupo muy corrupto. Nosotros no nos podemos confiar, son un grupo muy cuestionado, rodeado de mucha corrupción\". Para terminar, Sebastián Ramírez habló de las coaliciones que se forman en la CDMX en apoyo a Clara Brugada, quien se mantiene en las encuestas 20 puntos arriba de sus contrincantes. \"Se termina de consolidar la coalición \"Juntos seguiremos haciendo historia\" en la Ciudad de México y lo más importante es seguir sumando a la ciudadanía, con organizaciones sociales, con ciudadanos de a pie para un contundente triunfo de Clara Brugada\" , concluyó.",
    "highlightText": "",
    "highlightTitle": "",
    "highlightThreadTitle": "",
    "language": "spanish",
    "sentiment": "positive",
    "categories": [
        "Crime, Law and Justice",
        "Politics",
        "Human Interest"
    ],
    "external_links": [],
    "external_images": [],
    "entities": {
        "persons": [],
        "organizations": [],
        "locations": []
    },
    "rating": null,
    "crawled": "2023-12-29T00:20:58.556+02:00",
    "updated": "2023-12-29T00:20:58.556+02:00"
}