{
    "thread": {
        "uuid": "2c1c42628ed1e85f1e8084581542eec6b2387e65",
        "url": "https://www.deccanherald.com/india/over-5-crore-ayushman-bharat-accounts-created-at-health-campaign-2829039",
        "site_full": "www.deccanherald.com",
        "site": "deccanherald.com",
        "site_section": "https://deccanherald.com/latest-news",
        "site_categories": [
            "media"
        ],
        "section_title": "Top Latest News News: Latest News News Today, Latest News Latest News and Headlines, Latest News Local News Updates | Deccan Herald",
        "title": "Over 5 crore Ayushman Bharat accounts created at health campaign",
        "title_full": "Over 5 crore Ayushman Bharat accounts created at health campaign",
        "published": "2023-12-29T12:36:00.000+02:00",
        "replies_count": 0,
        "participants_count": 1,
        "site_type": "news",
        "country": "IN",
        "main_image": "https://images.deccanherald.com/deccanherald%2F2023-12%2F7558a382-d3e0-4f58-95c7-3fbedf2a707b%2Ffile784nulx1m9kbinhg305_1125327_1657394701.jpg?rect=0%2C0%2C1196%2C628&amp;w=1200&amp;ar=40%3A21&amp;auto=format%2Ccompress&amp;ogImage=true&amp;mode=crop",
        "performance_score": 0,
        "domain_rank": 2984,
        "domain_rank_updated": "2023-12-26T12:06:20.000+02:00",
        "reach": null,
        "social": {
            "facebook": {
                "likes": 0,
                "comments": 0,
                "shares": 0
            },
            "gplus": {
                "shares": 0
            },
            "pinterest": {
                "shares": 0
            },
            "linkedin": {
                "shares": 0
            },
            "stumbledupon": {
                "shares": 0
            },
            "vk": {
                "shares": 0
            }
        }
    },
    "uuid": "2c1c42628ed1e85f1e8084581542eec6b2387e65",
    "url": "https://www.deccanherald.com/india/over-5-crore-ayushman-bharat-accounts-created-at-health-campaign-2829039",
    "ord_in_thread": 0,
    "parent_url": null,
    "author": "PTI",
    "published": "2023-12-29T12:36:00.000+02:00",
    "title": "Over 5 crore Ayushman Bharat accounts created at health campaign",
    "text": "New Delhi: Over 4.4 crore Ayushman cards -- which enable free treatment of up to Rs 5 lakh per anum per family at empanelled hospitals -- have been generated during the ongoing Ayushman Bhava campaign.\nMore than five crore Ayushman Bharat Health Accounts (ABHA) were also created during the campaign, the Union Health Ministry said on Friday.\nThis is reflective of data up to December 28, it said.\nUnder the ongoing Ayushman Bhava campaign, the cumulative footfall of Ayushman Arogya Mandir Melas and Community Health Centre Melas has reached over 11 crore at 13.8 lakh health melas till December 28.\nThe melas included 9,21,783 wellness, yoga, meditations with over 1.02 tele consultations conducted. Besides around 6.4 crore people received free drugs and 5.1 crore people received free diagnostics services.\nBesides 74,04,356 people received Ayush services and 10,99,63,891 were counselled for lifestyle activities.\nAlso 45,43,705 pregnant mothers registered in the first trimester and completed the first absolute neutrophil count (ANC) check-up and immunisation was provided to over 29 lakh mothers and 49 lakh children.\nSeven types of screening -- TB, hypertension, diabetes, oral cancer, breast cancer, cervical cancer and cataract -- were conducted for 18.9 crore people.\nCommunity Health Centre Melas witnessed a registration of 1,54,41,950 people. Over 1.1 crore patients took consultations at general OPD while 49,67,675 patients consulted specialist OPD. Also 38,309 major surgeries and 1,30,760 minor surgeries have been conducted till December 28.\nADVERTISEMENT (Published 29 December 2023, 10:06 IST)",
    "highlightText": "",
    "highlightTitle": "",
    "highlightThreadTitle": "",
    "language": "english",
    "sentiment": "positive",
    "categories": [
        "Crime, Law and Justice",
        "Social Issue",
        "Health"
    ],
    "external_links": [],
    "external_images": [],
    "entities": {
        "persons": [
            {
                "name": "ayushman bharat",
                "sentiment": "negative"
            },
            {
                "name": "ayushman bhava",
                "sentiment": "none"
            }
        ],
        "organizations": [
            {
                "name": "ayushman arogya mandir melas and community health centre melas",
                "sentiment": "none"
            },
            {
                "name": "union health ministry",
                "sentiment": "none"
            }
        ],
        "locations": [
            {
                "name": "new delhi",
                "sentiment": "none"
            }
        ]
    },
    "rating": null,
    "crawled": "2023-12-29T12:40:51.480+02:00",
    "updated": "2023-12-29T12:40:51.480+02:00"
}