{
    "thread": {
        "uuid": "8f865b718fec87ba4912c4a7b49ec05e05fd66ab",
        "url": "https://ground.news/article/tracking-tag-leads-cops-to-stolen-e-bike-scooter-loot",
        "site_full": "ground.news",
        "site": "ground.news",
        "site_section": "https://ground.news/interest/the-west-australian",
        "site_categories": [],
        "section_title": "The West Australian Breaking News Headlines Today | Ground News",
        "title": "Ground News - Tracking tag leads cops to stolen e-bike, scooter loot",
        "title_full": "Ground News - Tracking tag leads cops to stolen e-bike, scooter loot",
        "published": "2023-12-29T05:46:00.000+02:00",
        "replies_count": 0,
        "participants_count": 1,
        "site_type": "news",
        "country": "CA",
        "main_image": "",
        "performance_score": 0,
        "domain_rank": 29780,
        "domain_rank_updated": "2023-12-26T12:06:20.000+02:00",
        "reach": null,
        "social": {
            "facebook": {
                "likes": 0,
                "comments": 0,
                "shares": 0
            },
            "gplus": {
                "shares": 0
            },
            "pinterest": {
                "shares": 0
            },
            "linkedin": {
                "shares": 0
            },
            "stumbledupon": {
                "shares": 0
            },
            "vk": {
                "shares": 0
            }
        }
    },
    "uuid": "8f865b718fec87ba4912c4a7b49ec05e05fd66ab",
    "url": "https://ground.news/article/tracking-tag-leads-cops-to-stolen-e-bike-scooter-loot",
    "ord_in_thread": 0,
    "parent_url": null,
    "author": "The West Australian",
    "published": "2023-12-29T05:46:00.000+02:00",
    "title": "Ground News - Tracking tag leads cops to stolen e-bike, scooter loot",
    "text": "Summary by The West Australian Police have recovered $30,000 worth of stolen e-bikes and electronic scooters after a tracking tag led them to the loot. Share menu More\nFilters 2 Articles 2 Articles All Left Center Right\nThe West Australian Lean Right High Factuality Individual: Kerry Stokes Tracking tag leads cops to stolen e-bike, scooter loot Police have recovered $30,000 worth of stolen e-bikes and electronic scooters after a tracking tag led them to the loot.\n1 hour ago Read Full Article\nThe West Australian Lean Right High Factuality Individual: Kerry Stokes\nTracking tag leads cops to stolen e-bike, scooter loot Police have recovered $30,000 worth of stolen e-bikes and electronic scooters after a tracking tag led them to the loot.\n1 hour ago Read Full Article PerthNow Tracking tag leads cops to stolen e-bike, scooter loot Police have recovered $30,000 worth of stolen e-bikes and electronic scooters after a tracking tag led them to the loot.\n1 hour ago · Perth, Australia Read Full Article\nPerthNow\nTracking tag leads cops to stolen e-bike, scooter loot Police have recovered $30,000 worth of stolen e-bikes and electronic scooters after a tracking tag led them to the loot.\n1 hour ago · Perth, Australia Read Full Article Think freely. Subscribe and get full access to Ground News Subscriptions start at $9.99/year Subscribe",
    "highlightText": "",
    "highlightTitle": "",
    "highlightThreadTitle": "",
    "language": "english",
    "sentiment": "positive",
    "categories": [
        "Crime, Law and Justice",
        "Social Issue",
        "Human Interest"
    ],
    "external_links": [
        "https://www.perthnow.com.au/news/crime/tracking-tag-leads-cops-to-stolen-e-bike-scooter-loot-c-13054648?utm_source=ground.news&utm_medium=referral",
        "https://thewest.com.au/news/crime/tracking-tag-leads-cops-to-stolen-e-bike-scooter-loot-c-13054654?utm_source=ground.news&utm_medium=referral",
        "https://www.perthnow.com.au/news/crime/tracking-tag-leads-cops-to-stolen-e-bike-scooter-loot-c-13054648",
        "https://www.thewest.com.au/news/crime/tracking-tag-leads-cops-to-stolen-e-bike-scooter-loot-c-13054654?utm_source=ground.news&utm_medium=referral",
        "https://perthnow.com.au/news/crime/tracking-tag-leads-cops-to-stolen-e-bike-scooter-loot-c-13054648?utm_source=ground.news&utm_medium=referral",
        "https://thewest.com.au/news/crime/tracking-tag-leads-cops-to-stolen-e-bike-scooter-loot-c-13054654"
    ],
    "external_images": [],
    "entities": {
        "persons": [
            {
                "name": "kerry stokes",
                "sentiment": "none"
            }
        ],
        "organizations": [
            {
                "name": "west australian police",
                "sentiment": "negative"
            }
        ],
        "locations": [
            {
                "name": "perth",
                "sentiment": "none"
            },
            {
                "name": "australia",
                "sentiment": "none"
            }
        ]
    },
    "rating": null,
    "crawled": "2023-12-29T07:08:14.177+02:00",
    "updated": "2023-12-29T07:08:14.177+02:00"
}