{
    "thread": {
        "uuid": "b688704eb91bfe4e4c164da877f4f20128ec4e4c",
        "url": "https://ground.news/article/family-tracked-stolen-luggage-to-thiefs-house-using-apple-airtag",
        "site_full": "ground.news",
        "site": "ground.news",
        "site_section": "https://ground.news/interest/apple_dc6b6b",
        "site_categories": [],
        "section_title": "Apple Breaking News Headlines Today | Ground News",
        "title": "Ground News - Family tracked stolen luggage to thief’s house using Apple AirTag",
        "title_full": "Ground News - Family tracked stolen luggage to thief’s house using Apple AirTag",
        "published": "2023-12-29T00:30:00.000+02:00",
        "replies_count": 0,
        "participants_count": 1,
        "site_type": "news",
        "country": "CA",
        "main_image": "",
        "performance_score": 0,
        "domain_rank": 29780,
        "domain_rank_updated": "2023-12-26T12:06:20.000+02:00",
        "reach": null,
        "social": {
            "facebook": {
                "likes": 0,
                "comments": 0,
                "shares": 0
            },
            "gplus": {
                "shares": 0
            },
            "pinterest": {
                "shares": 0
            },
            "linkedin": {
                "shares": 0
            },
            "stumbledupon": {
                "shares": 0
            },
            "vk": {
                "shares": 0
            }
        }
    },
    "uuid": "b688704eb91bfe4e4c164da877f4f20128ec4e4c",
    "url": "https://ground.news/article/family-tracked-stolen-luggage-to-thiefs-house-using-apple-airtag",
    "ord_in_thread": 0,
    "parent_url": null,
    "author": "Ground News",
    "published": "2023-12-29T00:30:00.000+02:00",
    "title": "Ground News - Family tracked stolen luggage to thief’s house using Apple AirTag",
    "text": "Summary by Ground News The Gavino family of South Carolina was on their way to enjoy the North Carolina mountains when one of their bags never arrived at their destination. Apple AirTags are small trackers that can be attached to personal items and tracked on an Apple device. When their bag never arrived on the baggage carousel on 22 December, she tracked the AirTag and discovered it was on its way to a nearby residential area. Share menu More\nFilters 3 Articles 3 Articles All Left Center Right\nThe Independent Lean Left High Factuality Individual: Evgeny Lebedev Family tracked stolen luggage to thief’s house using Apple AirTag The Gavino family tracked their missing luggage to the thief’s house thanks to an Apple AirTag\n6 hours ago · London, United Kingdom Read Full Article\nThe Independent Lean Left High Factuality Individual: Evgeny Lebedev\nFamily tracked stolen luggage to thief’s house using Apple AirTag The Gavino family tracked their missing luggage to the thief’s house thanks to an Apple AirTag\n6 hours ago · London, United Kingdom Read Full Article The Messenger Center Mixed Factuality Florida Family Busts Airport Luggage Thief Using Apple AirTag They ended up rescuing another victim’s stolen luggage as well\n4 hours ago · New York, United States Read Full Article\nThe Messenger Center Mixed Factuality\nFlorida Family Busts Airport Luggage Thief Using Apple AirTag They ended up rescuing another victim’s stolen luggage as well\n4 hours ago · New York, United States Read Full Article Fox News Right Mixed Factuality Media Conglomerate: Murdoch Family Media Conglomerate: Rupert Murdoch Florida family uses Apple AirTag to locate stolen luggage from a North Carolina airport to suspect's home A Florida family traveling through a Charlotte, North Carolina, airport for vacation used an Apple AirTag to track down their stolen luggage from baggage claim to a nearby home.\n3 hours ago · New York, United States Read Full Article\nFox News Right Mixed Factuality Media Conglomerate: Murdoch Family Media Conglomerate: Rupert Murdoch\nFlorida family uses Apple AirTag to locate stolen luggage from a North Carolina airport to suspect's home A Florida family traveling through a Charlotte, North Carolina, airport for vacation used an Apple AirTag to track down their stolen luggage from baggage claim to a nearby home.\n3 hours ago · New York, United States Read Full Article Think freely. Subscribe and get full access to Ground News Subscriptions start at $9.99/year Subscribe",
    "highlightText": "",
    "highlightTitle": "",
    "highlightThreadTitle": "",
    "language": "english",
    "sentiment": "positive",
    "categories": [
        "Science and Technology",
        "Human Interest",
        "Crime, Law and Justice"
    ],
    "external_links": [
        "https://www.independent.co.uk/news/world/americas/south-carolina-stolen-luggage-apple-airtag-b2470617.html?utm_source=ground.news&utm_medium=referral",
        "https://www.independent.co.uk/news/world/americas/south-carolina-stolen-luggage-apple-airtag-b2470617.html",
        "https://independent.co.uk/news/world/americas/south-carolina-stolen-luggage-apple-airtag-b2470617.html?utm_source=ground.news&utm_medium=referral"
    ],
    "external_images": [],
    "entities": {
        "persons": [
            {
                "name": "north carol",
                "sentiment": "neutral"
            },
            {
                "name": "gavino",
                "sentiment": "neutral"
            },
            {
                "name": "evgeny lebedev",
                "sentiment": "none"
            }
        ],
        "organizations": [
            {
                "name": "independent lean left high factuality individual",
                "sentiment": "none"
            },
            {
                "name": "united kingdom read full",
                "sentiment": "none"
            }
        ],
        "locations": [
            {
                "name": "south carolina",
                "sentiment": "none"
            },
            {
                "name": "london",
                "sentiment": "none"
            }
        ]
    },
    "rating": null,
    "crawled": "2023-12-29T02:53:08.463+02:00",
    "updated": "2023-12-29T06:20:11.009+02:00"
}