{
    "thread": {
        "uuid": "046997d7b75cf02455c609ea9cde02084eb89e59",
        "url": "https://twentytwowords.com/gypsy-rose-blanchards-stunning-release-from-prison-im-ready-for-freedom/",
        "site_full": "twentytwowords.com",
        "site": "twentytwowords.com",
        "site_section": "http://twentytwowords.com/feed/",
        "site_categories": [
            "entertainment"
        ],
        "section_title": "22 Words",
        "title": "Gypsy Rose Blanchard’s Stunning Release From Prison: “I’m Ready for Freedom”",
        "title_full": "Gypsy Rose Blanchard’s Stunning Release From Prison: “I’m Ready for Freedom”",
        "published": "2023-12-29T00:40:00.000+02:00",
        "replies_count": 0,
        "participants_count": 1,
        "site_type": "news",
        "country": "US",
        "main_image": "https://twentytwowords.com/wp-content/uploads/2023/12/Screenshot-2023-12-28-at-2.27.51-PM-1.jpg",
        "performance_score": 0,
        "domain_rank": 21880,
        "domain_rank_updated": "2023-12-26T12:06:20.000+02:00",
        "reach": null,
        "social": {
            "facebook": {
                "likes": 0,
                "comments": 0,
                "shares": 0
            },
            "gplus": {
                "shares": 0
            },
            "pinterest": {
                "shares": 0
            },
            "linkedin": {
                "shares": 0
            },
            "stumbledupon": {
                "shares": 0
            },
            "vk": {
                "shares": 0
            }
        }
    },
    "uuid": "046997d7b75cf02455c609ea9cde02084eb89e59",
    "url": "https://twentytwowords.com/gypsy-rose-blanchards-stunning-release-from-prison-im-ready-for-freedom/",
    "ord_in_thread": 0,
    "parent_url": null,
    "author": "Maurice Cassidy",
    "published": "2023-12-29T00:40:00.000+02:00",
    "title": "Gypsy Rose Blanchard’s Stunning Release From Prison: “I’m Ready for Freedom”",
    "text": "In a remarkable turn of events, Gypsy Rose Blanchard was released from prison on parole in Missouri, eight years after she was convicted for her involvement in the murder of her mother, Clauddine Blanchard.\nThe case of Gypsy Rose Blanchard, who was a victim of Munchausen syndrome by proxy at the hands of her mother, has been a subject of significant public interest and debate over the years due to the horrifying circumstances.\nBlanchard’s mother, who had been subjecting her to unnecessary medical treatments and surgeries all her life to feign illness and disability, was found murdered in their home in Missouri in 2015.\nBlanchard and her then-boyfriend were subsequently arrested and charged with the murder.\nIn a controversial trial that followed, Blanchard pleaded guilty to second-degree murder and was sentenced to ten years in prison.\nThe case had brought the issue of Munchausen syndrome by proxy, a form of child abuse where a caregiver exaggerates or induces illness in a child for attention or sympathy, into mainstream consciousness.\nIt raised serious questions about the legal system’s ability to deal with such complex cases where the victim also becomes a perpetrator.\nRyan Scott Anderson, the teacher Gypsy married while in prison, drove his Cadillac sedan to pick her up.\nAccording to\nTMZ, he arrived with a camera crew in tow as part of a new documentary, expected to air in the near future.\nGypsy is also expected to explain her story in an upcoming docuseries, “The Prison Confessions of Gypsy Rose Blanchard”.\nDocumentaries and TV shows have previously depicted the life and crimes of Gypsy Rose Blanchard, and now Lifetime’s new six-hour special will tell her story of “liberation and self-discovery.”\nExecutive producer Melissa Moore has conducted prison interviews with Gypsy over the past seven years, noting her journey from accepting responsibility for her past to now facing a newfound freedom.\nMoore stated in a press release, “I watched her transform into a woman who holds responsibility for her past and now has the courage to face an unknown new free world for the first time.”\nMinutes after getting picked up by her husband, he reportedly left with Gypsy, her first night of freedom in years, and drove to a budget hotel.\nJust before her release, she told\nPEOPLE in an exclusive interview, “I’m ready for freedom. I’m ready to expand, and I think that goes for every facet of my life.”\nGypsy had spent her childhood being deceived by her mother, who deceived the world into believing she was suffering from leukemia and muscular dystrophy, when in reality she was not.\nGypsy regained her freedom from her mom’s torturous ways in 2015 when she allowed her then-boyfriend to enter their Springfield, Missouri home and stab Claudine to death.\nGypsy was later sentenced to 10 years for matricide.\nBut her sentence was reduced to parole in September after her family and friends made pleas to account for her years of abuse and unnecessary medical treatments.\nShe endured these situtions as her mother paraded her around for charity events and fundraisers.\nTitania Gisclair, a high school friend to Gypsy, wrote an emotional letter to the parole board for the latter’s release from a seven-year stint.\nShe is hoping that the newfound freedom will be a time of healing for Gypsy.\nBut she is uncertain as to what lies ahead for her, especially with the newfound fame that awaits her.\nIn speaking to\nDailyMail, Titania expressed her confusion with Gypsy’s decision to pursue the limelight, yet she also acknowledges that it may be her best chance to support herself in the future.\n“Gypsy used to talk about moving to a big city where she could blend in and get a job at Walmart like anyone else,” she said.\n“I would have to say, Gypsy I don’t think that’s going to be possible.”\n“I struggle with the fact she is diving so deep into all of this publicity at the beginning of her journey but I also sympathize as this is probably her best avenue to financially support herself.”\nThe news of Blanchard’s release was met with mixed reactions from the public.\nSome expressed relief and happiness for Blanchard, believing that she was more of a victim than a criminal.\nOthers were apprehensive about the consequences of granting parole to someone convicted of such a grave crime.\nThe case of Gypsy Rose Blanchard has been one of the most talked-about stories in recent years.\nNot just because of its shocking nature but also because it has forced us to rethink how we view victims and perpetrators in our society.\nAs Blanchard begins her life outside prison, it remains to be seen what future holds for her and how she manages to navigate through life post this ordeal.\nAs she embarks on her journey towards rebuilding her life post-prison, it brings the focus back on the need for systemic changes in addressing cases involving mental health issues and child abuse.",
    "highlightText": "",
    "highlightTitle": "",
    "highlightThreadTitle": "",
    "language": "english",
    "sentiment": "positive",
    "categories": [
        "Human Interest",
        "Crime, Law and Justice"
    ],
    "external_links": [
        "https://people.com/gypsy-rose-blanchard-released-prison-mother-murder-8347744",
        "https://www.dailymail.co.uk/news/article-12906611/Gypsy-Rose-Blanchard-RELEASED-prison-eight-years-slaying-abusive-mom.html",
        "https://www.tmz.com/2023/12/28/gypsy-rose-blanchard-release-prison-pickup-ryan-camera-documentary/",
        "https://tmz.com/2023/12/28/gypsy-rose-blanchard-release-prison-pickup-ryan-camera-documentary/",
        "https://dailymail.co.uk/news/article-12906611/Gypsy-Rose-Blanchard-RELEASED-prison-eight-years-slaying-abusive-mom.html",
        "https://www.people.com/gypsy-rose-blanchard-released-prison-mother-murder-8347744",
        "https://www.tmz.com/2023/12/28/gypsy-rose-blanchard-release-prison-pickup-ryan-camera-documentary"
    ],
    "external_images": [],
    "entities": {
        "persons": [
            {
                "name": "gypsy rose blanchard",
                "sentiment": "negative"
            },
            {
                "name": "clauddine blanchard",
                "sentiment": "none"
            },
            {
                "name": "rose blanchard",
                "sentiment": "none"
            },
            {
                "name": "blanchard",
                "sentiment": "none"
            }
        ],
        "organizations": [],
        "locations": [
            {
                "name": "missouri",
                "sentiment": "none"
            }
        ]
    },
    "rating": null,
    "crawled": "2023-12-29T04:21:13.470+02:00",
    "updated": "2023-12-29T04:21:13.470+02:00"
}