{
    "thread": {
        "uuid": "197d25fedc244fc85869ac0d9645d292dcfd5ba2",
        "url": "https://techplanet.today/post/streamline-your-business-with-the-top-rated-hr-management-software-solution-in-bangladesh",
        "site_full": "techplanet.today",
        "site": "techplanet.today",
        "site_section": "https://techplanet.today/recent",
        "site_categories": [],
        "section_title": "Recent | TechPlanet",
        "title": "Streamline Your Business with the Top-Rated HR Management Software Solution in Bangladesh | TechPlanet",
        "title_full": "Streamline Your Business with the Top-Rated HR Management Software Solution in Bangladesh | TechPlanet",
        "published": "2024-05-04T13:48:00.000+03:00",
        "replies_count": 0,
        "participants_count": 0,
        "site_type": "news",
        "country": "IN",
        "main_image": "",
        "performance_score": 0,
        "domain_rank": 15244,
        "domain_rank_updated": "2024-04-30T13:07:54.000+03:00",
        "reach": null,
        "social": {
            "facebook": {
                "likes": 0,
                "comments": 0,
                "shares": 0
            },
            "gplus": {
                "shares": 0
            },
            "pinterest": {
                "shares": 0
            },
            "linkedin": {
                "shares": 0
            },
            "stumbledupon": {
                "shares": 0
            },
            "vk": {
                "shares": 0
            }
        }
    },
    "uuid": "197d25fedc244fc85869ac0d9645d292dcfd5ba2",
    "url": "https://techplanet.today/post/streamline-your-business-with-the-top-rated-hr-management-software-solution-in-bangladesh",
    "ord_in_thread": 0,
    "parent_url": null,
    "author": null,
    "published": "2024-05-04T13:48:00.000+03:00",
    "title": "Streamline Your Business with the Top-Rated HR Management Software Solution in Bangladesh | TechPlanet",
    "text": "Introduction: Discovering the right [HR management software solution](https://ebexsoft.com/) can be a game-changer for businesses in Bangladesh. As organizations strive for efficiency, productivity, and compliance, investing in a top-rated HR management software solution becomes imperative. In this article, we delve into the features, benefits, and reasons why businesses in Bangladesh should consider adopting the [top-rated HR management software solution](https://ebexsoft.com/hr-management/). - Understanding the Importance of HR Management Software: - Highlight the significance of HR management software in streamlining various HR processes such as payroll management, attendance tracking, performance evaluation, and employee data management. - Discuss the challenges faced by businesses in Bangladesh regarding manual HR tasks and how HR management software can address these challenges effectively. - Features of the Top-Rated HR Management Software Solution: - Detail the essential features offered by the top-rated HR management software solution, including but not limited to: - Employee self-service portals - Attendance and leave management - Payroll processing - Performance evaluation and appraisal - Recruitment and onboarding tools - Compliance management - Emphasize how these features can simplify HR tasks, enhance employee experience, and improve overall organizational efficiency. - Detail the essential features offered by the top-rated HR management software solution, including but not limited to: - Benefits of Adopting HR Management Software: - Outline the various benefits businesses can expect from implementing HR management software, such as: - Time and cost savings - Improved accuracy and reduced errors - Enhanced employee engagement and satisfaction - Better decision-making through data-driven insights - Ensured regulatory compliance - Provide real-life examples or case studies showcasing how businesses in Bangladesh have benefited from using HR management software. - Outline the various benefits businesses can expect from implementing HR management software, such as: - Factors to Consider When Choosing HR Management Software: - Guide businesses on what factors they should consider when selecting HR management software, including: - Scalability and flexibility - User-friendliness and ease of implementation - Integration capabilities with existing systems - Data security and compliance measures - Customer support and training options - Guide businesses on what factors they should consider when selecting HR management software, including: - Case Studies and Testimonials: - Share success stories and testimonials from businesses in Bangladesh that have successfully implemented the [top-rated HR management software solution.](https://ebexsoft.com/hr-management/) - Highlight specific challenges faced by these businesses and how the HR management software helped overcome them, leading to tangible results. - Share success stories and testimonials from businesses in Bangladesh that have successfully implemented the - Conclusion: - Summarize the key points discussed in the article, emphasizing the importance of adopting a top-rated HR management software solution for businesses in Bangladesh. - Encourage businesses to take proactive steps towards digital transformation by investing in HR management software to drive efficiency, compliance, and growth.",
    "highlightText": "",
    "highlightTitle": "",
    "highlightThreadTitle": "",
    "language": "english",
    "sentiment": "positive",
    "categories": [
        "War, Conflict and Unrest",
        "Human Interest",
        "Arts, Culture and Entertainment"
    ],
    "webz_reporter": false,
    "external_links": [
        "https://ebexsoft.com/hr-management/).",
        "https://ebexsoft.com/)",
        "https://ebexsoft.com/hr-management/)",
        "https://www.ebexsoft.com/hr-management/)",
        "https://www.ebexsoft.com/)",
        "https://www.ebexsoft.com/hr-management/)."
    ],
    "external_images": [],
    "entities": {
        "persons": [],
        "organizations": [],
        "locations": [
            {
                "name": "bangladesh",
                "sentiment": "none"
            }
        ]
    },
    "rating": null,
    "crawled": "2024-05-04T19:08:23.799+03:00",
    "updated": "2024-05-04T19:08:23.799+03:00"
}