{
    "thread": {
        "uuid": "c86129589537a7e1447764897a7916590f604eac",
        "url": "https://www.panorama.am/en/news/2024/05/03/Cyprus-Armenia-Azerbaijan/2997855",
        "site_full": "www.panorama.am",
        "site": "panorama.am",
        "site_section": "https://seafood.einnews.com/live_feed",
        "site_categories": [
            "media",
            "tennis",
            "sports"
        ],
        "section_title": "Live Feed Wire - Seafood News Today - EIN Presswire",
        "title": "Cyprus welcomes positive steps taken by Armenia, Azerbaijan - Panorama | Armenian news",
        "title_full": "Cyprus welcomes positive steps taken by Armenia, Azerbaijan - Panorama | Armenian news",
        "published": "2024-05-03T03:00:00.000+03:00",
        "replies_count": 0,
        "participants_count": 1,
        "site_type": "news",
        "country": "AM",
        "main_image": "https://panorama.am/news_images/1000/2997855_3/f66348f2d8a8b8_66348f2d8a8f8.thumb.jpg",
        "performance_score": 0,
        "domain_rank": 51973,
        "domain_rank_updated": "2024-04-30T13:08:01.000+03:00",
        "reach": null,
        "social": {
            "facebook": {
                "likes": 0,
                "comments": 0,
                "shares": 0
            },
            "gplus": {
                "shares": 0
            },
            "pinterest": {
                "shares": 0
            },
            "linkedin": {
                "shares": 0
            },
            "stumbledupon": {
                "shares": 0
            },
            "vk": {
                "shares": 0
            }
        }
    },
    "uuid": "c86129589537a7e1447764897a7916590f604eac",
    "url": "https://www.panorama.am/en/news/2024/05/03/Cyprus-Armenia-Azerbaijan/2997855",
    "ord_in_thread": 0,
    "parent_url": null,
    "author": "Helix Consulting LLC",
    "published": "2024-05-03T03:00:00.000+03:00",
    "title": "Cyprus welcomes positive steps taken by Armenia, Azerbaijan - Panorama | Armenian news",
    "text": "Politics 11:15 03/05/2024 Region Cyprus welcomes positive steps taken by Armenia, Azerbaijan Cyprus welcomes the positive steps taken by Armenia and Azerbaijan to use the Alma Ata Declaration as a basis for border delimitation, the country's Foreign Ministry said. \"We welcome steps that foster regional stability and security in full respect of sovereignty, territorial integrity and international law,\" the ministry posted on X on Thursday. Related news CoE chief welcomes Armenia-Azerbaijan border agreement NATO official welcomes Armenia-Azerbaijan border delimitation deal Blinken welcomes Armenia-Azerbaijan border delimitation deal UN chief welcomes Armenia-Azerbaijan border delimitation agreement Տեքստում սխալ կամ վրիպակ նկատելու դեպքում, ուղարկեք խմբագրին հաղորդագրություն` նշելով տվյալ սխալը, այնուհետև սեղմելով Ctrl-Enter: Newsfeed 13:59 Armenia facing 'unprecedented level of disinformation', report reveals Political attacks on press freedom, including the detention of journalists, suppression of independent media outlets and widespread... 13:16 Turkey halts all trade with Israel Turkey has suspended all trade with Israel over its offensive in Gaza, citing the \"worsening humanitarian tragedy\" in the... 13:01 Tavush religious leader again denied entry to border village Archbishop Bagrat Galstanyan, Primate of the Tavush Diocese of the Armenian Apostolic Church, as well as opposition MP Garnik Danielyan and... 12:29 New leader of Yerevan's central district named Yerevan Mayor Tigran Avinyan has appointed Petros Petoyan as new head of the Kentron administrative district in the Armenian capital.... 11:59 70% of environmental journalists attacked for their work, UNESCO report reveals A new report published by UNESCO on World Press Freedom Day, 3 May, warns of increasing violence against, and intimidation of journalists... 11:45 Preliminary probe in case against Armenian opposition activists over The preliminary investigation of the criminal case involving opposition activists Narek Samsonyan and Vazgen Saghatelyan, co-hosts of the... 11:15 Cyprus welcomes positive steps taken by Armenia, Azerbaijan Cyprus welcomes the positive steps taken by Armenia and Azerbaijan to use the Alma Ata Declaration as a basis for border delimitation, the... 11:00 Baritone Navasard Hakobyan among participants of Young Singers Project The Salzburg Festival has announced the list of participants for the Young Singers Project 2024. 16 participants have been selected among... 17:03 Video shows brutal detention of protesters in Armenian border village A video released by the Tavush for the Homeland movement shows police officers using excessive force to detain protesters blocking a strategic... 16:45 Armenian opposition factions seek closed meeting with ambassadors The opposition Hayastan and Pativ Unem factions in the Armenian National Assembly have invited the ambassadors accredited to Armenia and... 16:14 Opposition leader slams land handover to Azerbaijan Seyran Ohanyan, a former Armenian defense minister leading the opposition Hayastan faction in the parliament, on Thursday accused Armenian Prime... 15:35 U.S. lawmakers urge Appropriations Committee to allocate $200 million for Artsakh refugees Sixty-six U.S. Representatives have called on U.S. House Appropriations Committee leaders to allocate $200 million in U.S. assistance for... 15:04 Tavush spiritual leader blocks road near border village Archbishop Bagrat Galstanyan, Primate of the Tavush Diocese of the Armenian Apostolic Church, on Thursday staged a sit-in in the middle of an... 14:31 Opposition MP slams Pashinyan for crackdown on protesters in border village Opposition Hayastan faction MP Artsvik Minasyan on Thursday denounced Prime Minister Nikol Pashinyan for a violent police crackdown on... 13:36 Judge Naira Hovsepyan removed from SJC Judge Naira Hovsepyan of the Court of Cassation has been dismissed as a member of Armenia’s Supreme Judicial Council (SJC) at her own... 13:06 Archbishop, opposition MPs denied entry into Armenian border village Archbishop Bagrat Galstanyan, Primate of the Tavush Diocese of the Armenian Apostolic Church, as well as opposition MPs on Thursday were barred... 12:35 Tavush movement calls for continued protests against land handover to Azerbaijan The Tavush for the Homeland civil movement calls for continued protests against the unilateral territorial concessions to Azerbaijan across... 11:53 Armenian Interior Ministry says demining conducted near Tavush village The Armenian Interior Ministry said a large number of police forces were deployed to Kirants, a border village in Armenia’s Tavush... 11:25 Police detain protesters blocking key road in Armenia's Tavush Police officers on Thursday detained male protesters blocking a section of an interstate highway connecting Armenia and Georgia near Kirants, a... 11:00 U.S. condemns 'foreign agents' law in Georgia The U.S. State Department on Wednesday issued a statement condemning the “foreign influence” legislation advanced in... 17:21 Opposition MP Levon Kocharyan's aide to be detained Armenia’s law enforcement authorities have decided to detain Artur Sukoyan, an aide to opposition Hayastan faction MP Levon Kocharyan,... 16:59 EU condemns violence against protesters in Georgia Western politicians and diplomats have called for a halt to escalating violence in Georgia, after security forces used water cannon, teargas,... 16:36 Ex-Yerevan mayor insists on Pashinyan's ouster The new party set up by former Yerevan Mayor Hayk Marutyan held its founding congress on Wednesday. Marutyan, who was ousted as mayor in a... 16:04 Political analyst explains why Baku favors direct talks with Yerevan Azerbaijan continues to insist on direct bilateral negotiations with Armenia without mediators. Azerbaijan Foreign Minister Jeyhun Bayramov... 15:32 Louvre considers moving Mona Lisa to her own basement room France’s Louvre could move the Mona Lisa to her own basement room. Here’s why. She’s the world’s most famous and... 14:46 Armenian diplomats voice support for Tavush movement The All-Armenian Council of Diplomats NGO has expressed support for ongoing protests against the unilateral territorial concessions to... 13:34 Canada's opposition leader ejected from House of Commons Conservative leader Pierre Poilievre was ejected from Canada's House of Commons after fiery exchanges with Prime Minister Justin... 12:59 Families of soldiers killed in military barracks fire protest in Yerevan The families of Armenian soldiers killed in a military barracks fire in January 2023 staged a protest in Yerevan’s central Republic Square... 12:06 International Workers' Day celebrated on May 1 May 1 is celebrated in Armenia and more than 140 countries throughout the world as International Workers' Day, also known as Labor Day and... 11:45 At least 19 killed in southern China road collapse At least 19 people died when part of a highway collapsed in southern China's Guangdong province on Wednesday, AFP reported, citing... Interviews []https://www.panorama.am/en/news/2024/05/02/opposition-leader/2997492 16:14 02/05/2024, Armenia Opposition leader slams land handover to Azerbaijan []https://www.panorama.am/en/news/2024/05/01/political-analyst-Baku-Yerevan/2997033 16:04 01/05/2024, Armenia Political analyst explains why Baku favors direct talks with Yerevan []https://www.panorama.am/en/news/2024/04/30/Aloe-Blacc-Aurora/2996573 13:58 30/04/2024, Armenia Aloe Blacc to premiere 'SHINE' honoring Aurora humanitarians Comments []https://www.panorama.am/en/news/2024/05/02/opposition-factions/2997553 16:45 02/05/2024, Armenia Armenian opposition factions seek closed meeting with ambassadors []https://www.panorama.am/en/news/2024/04/30/ex-ombudsman-Tavush-church-leader/2996569 14:51 30/04/2024, Armenia Ex-ombudsman slams 'disgraceful' campaign against Tavush diocese leader []https://www.panorama.am/en/news/2024/04/29/opposition-MP/2996025 13:15 29/04/2024, Armenia Opposition MP slams Pashinyan's government for border process Analysis []https://www.panorama.am/en/news/2024/05/03/environmental-journalists-UNESCO/2997954 11:59 03/05/2024, World 70% of environmental journalists attacked for their work, UNESCO report reveals []https://www.panorama.am/en/news/2024/05/02/US-lawmakers-Artsakh-refugees/2997640 15:35 02/05/2024, World U.S. lawmakers urge Appropriations Committee to allocate $200 million for Artsakh refugees []https://www.panorama.am/en/news/2024/05/01/Pashinyan-Genocide/2996956 11:30 01/05/2024, Armenia Pashinyan falsely blames Armenia's problems on trauma from 1915 genocide Topic of the day []https://www.panorama.am/en/news/2024/05/02/Tavush-diocese-leader/2997598 15:04 02/05/2024, Armenia Tavush spiritual leader blocks road near border village []https://www.panorama.am/en/news/2024/05/01/International-Workers-Day/2997007 12:06 01/05/2024, Armenia International Workers' Day celebrated on May 1 []https://www.panorama.am/en/news/2024/04/30/theater-concessions-Azerbaijan/2996468 13:26 30/04/2024, Armenia Armenian theater workers urged to speak out against land handover to Azerbaijan Lifestyle []https://www.panorama.am/en/news/2024/05/02/detention-protesters/2997675 17:03 02/05/2024, Armenia Video shows brutal detention of protesters in Armenian border village []https://www.panorama.am/en/news/2024/05/01/Louvre-Mona-Lisa/2997080 15:32 01/05/2024, World Louvre considers moving Mona Lisa to her own basement room []https://www.panorama.am/en/news/2024/05/01/AstraZeneca-Covid-vaccine/2996938 11:15 01/05/2024, World AstraZeneca admits its Covid vaccine can cause rare side effect Videos []https://www.panorama.am/en/video/2023/02/20/Armenian-expert/29832 17:35 20/02/2023 Armenian expert: U.S. stance on Karabakh remains unchanged []https://www.panorama.am/en/video/2023/02/14/Yerevan-s-St-Anna-Church/29768 []https://www.panorama.am/en/video/2023/02/09/Premature-births-Artsakh/29734 13:59 09/02/2023 Premature births increase in Artsakh due to stress []https://www.panorama.am/en/video/2023/01/09/Snow-covered-Yerevan/29340 12:43 09/01/2023 Snow-covered Yerevan []https://www.panorama.am/en/video/2022/12/15/Gegham-Stepanyan/29163 15:41 15/12/2022 Gegham Stepanyan calls for sanctions against criminal Azerbaijan []https://www.panorama.am/en/video/2022/12/13/peace-poll/29089 []https://www.panorama.am/en/video/2022/12/13/Artsakh’s-Ombudsman/29088 []https://www.panorama.am/en/video/2022/11/29/Yeghishe-Charents/28907 11:45 29/11/2022 Memorial plaque honoring Yeghishe Charents inaugurated in Yerevan",
    "highlightText": "",
    "highlightTitle": "",
    "highlightThreadTitle": "",
    "language": "english",
    "sentiment": "positive",
    "categories": [
        "Human Interest",
        "War, Conflict and Unrest",
        "Politics"
    ],
    "webz_reporter": false,
    "external_links": [
        "https://twitter.com/CyprusMFA/status/1786079863020912926",
        "https://www.twitter.com/CyprusMFA/status/1786079863020912926"
    ],
    "external_images": [],
    "entities": {
        "persons": [
            {
                "name": "blinken",
                "sentiment": "none"
            },
            {
                "name": "israel tu",
                "sentiment": "none"
            }
        ],
        "organizations": [
            {
                "name": "foreign ministry",
                "sentiment": "none"
            },
            {
                "name": "un",
                "sentiment": "none"
            },
            {
                "name": "nato",
                "sentiment": "none"
            }
        ],
        "locations": [
            {
                "name": "armenia",
                "sentiment": "none"
            },
            {
                "name": "azerbaijan",
                "sentiment": "none"
            },
            {
                "name": "azerbaijan cyprus",
                "sentiment": "none"
            },
            {
                "name": "cyprus",
                "sentiment": "none"
            },
            {
                "name": "turkey",
                "sentiment": "none"
            }
        ]
    },
    "rating": null,
    "crawled": "2024-05-03T13:18:10.972+03:00",
    "updated": "2024-05-03T13:18:10.972+03:00"
}