{
    "thread": {
        "uuid": "760ddfe575a67eeb04a5aeec3304e7cd10225139",
        "url": "https://www.enca.com/top-stories/hamas-considering-latest-gaza-truce-offer-positive-spirit",
        "site_full": "www.enca.com",
        "site": "enca.com",
        "site_section": "http://www.enca.com/rss.xml",
        "site_categories": [
            "travel",
            "africa",
            "top_news"
        ],
        "section_title": "eNCA - DSTV Channel 403",
        "title": "Hamas considering latest Gaza truce offer in 'positive spirit'",
        "title_full": "Hamas considering latest Gaza truce offer in 'positive spirit'",
        "published": "2024-05-03T06:17:00.000+03:00",
        "replies_count": 0,
        "participants_count": 1,
        "site_type": "news",
        "country": "ZA",
        "main_image": "https://www.enca.com/sites/default/files/styles/large/public/afp/2024-05/doc-34QN89W-%40photo1.jpg.webp?itok=T558fUWW",
        "performance_score": 0,
        "domain_rank": 17888,
        "domain_rank_updated": "2024-04-30T13:07:54.000+03:00",
        "reach": null,
        "social": {
            "facebook": {
                "likes": 0,
                "comments": 0,
                "shares": 0
            },
            "gplus": {
                "shares": 0
            },
            "pinterest": {
                "shares": 0
            },
            "linkedin": {
                "shares": 0
            },
            "stumbledupon": {
                "shares": 0
            },
            "vk": {
                "shares": 0
            }
        }
    },
    "uuid": "760ddfe575a67eeb04a5aeec3304e7cd10225139",
    "url": "https://www.enca.com/top-stories/hamas-considering-latest-gaza-truce-offer-positive-spirit",
    "ord_in_thread": 0,
    "parent_url": null,
    "author": "Travis_temp",
    "published": "2024-05-03T06:17:00.000+03:00",
    "title": "Hamas considering latest Gaza truce offer in 'positive spirit'",
    "text": "Hamas considering latest Gaza truce offer in 'positive spirit'\nPALESTINIAN TERRITORIES - Hamas says it is considering in a \"positive spirit\" a Gaza truce deal, while the UN warned rebuilding the devastated Palestinian territory would require efforts not seen since World War II.\nAfter months of stop-start negotiations, Hamas has sounded an optimistic tone about the latest hostages-for-ceasefire proposal, raising hopes an agreement may soon be reached -- even as medics in the besieged strip reported fresh strikes on Gaza's southernmost city of Rafah on Friday.\nHamas chief Ismail Haniyeh said the group will \"soon\" send a delegation to Egypt to complete ongoing ceasefire discussions with a deal that \"realises the demands of our people\".\nHaniyeh, the leader of the militant group's political wing, told Egyptian and Qatari mediators in calls on Thursday that Hamas was studying the latest proposal from Israel with a \"positive spirit\".\nThe stakes of the truce talks were thrown into sharp relief Thursday, when a UN report estimated it could take 80 years to reconstruct all the homes flattened over the course of the nearly seven-month war.\n\"The scale of the destruction is huge and unprecedented... this is a mission that the global community has not dealt with since World War II,\" Abdallah al-Dardari, the UNDP's Regional Director for Arab States told a briefing in Jordan.\nThe UNDP assessment forecast the socioeconomic toll inflicted will cost generations of Palestinians to come and called for an urgent ceasefire.\n- 'Suffering' -\nThe only truce mediators have been able to hammer out so far was a week-long deal in November, that saw the release of 105 hostages for 240 Palestinian prisoners.\nIsrael estimates that 129 captives seized by the militants during their October 7 attack remain in Gaza.\nThe military says 35 of them are dead, including 49-year-old Dror Or.\nThe government confirmed Or's death early Friday. Two of his children were among the hostages released during the November truce.\nHamas and Israel have been at loggerheads for months over the terms of any new deal.\nThe militant group has demanded a permanent ceasefire to end the war and the withdrawal of troops, which Israel has refused.\nWhile Israel faces regular protests demanding the government bring home remaining captives, Prime Minister Benjamin Netanyahu has vowed to fight on.\nWith or without a truce, he has said he will send ground troops into Rafah, despite global concerns over the fate of around 1.5 million civilians sheltering there.\nThe truce offer under consideration includes a 40-day halt to fighting and the exchange of Israeli hostages for potentially thousands of Palestinian prisoners, according to details released by Britain.\nDuring his latest whirlwind visit to the Middle East, US Secretary of State Antony Blinken urged the Palestinian group to accept what he termed an \"extraordinarily generous\" deal on the part of Israel.\n\"If Hamas actually purports to care about the Palestinian people and wants to see an immediate alleviation of their suffering, it will take the deal,\" Blinken told reporters Wednesday.\nUntil Haniyeh's comments, Gaza-rulers Hamas had indicated a generally negative reception of the proposed truce.\nThe war started with Hamas's October 7 attack on Israel that resulted in the deaths of 1,170 people, mostly civilians, according to an AFP tally of Israeli official figures.\nIsrael's retaliatory campaign has killed at least 34,596 people in Gaza, mostly women and children, according to the Hamas-run territory's health ministry.\nUNDP estimated that as of April 12, at least five percent of Gaza's population had been killed or injured.\n\"The suffering in Gaza will not end when the war does,\" UNDP chief Achim Steiner said.\n\"Unprecedented levels of human losses, capital destruction, and the steep rise in poverty in such a short period of time will precipitate a serious development crisis,\" he added.\n- 'Mouths left hungry' -\nThe humanitarian crisis and rising death toll in Gaza have prompted demonstrations around the world, including in universities in the United States, Canada and France.\nIsraeli President Isaac Herzog slammed the protests, charging that the US universities had been \"contaminated by hatred and anti-Semitism\".\nColombia severed diplomatic ties with Israel on Wednesday, while Turkey on Thursday announced it was suspending trade.\nGaza's 2.4 million inhabitants are threatened by famine, but international aid has only been able to trickle in.\nUnder US pressure, Israel has allowed increased aid deliveries in recent days, including through a reopened border crossing.\nUS charity World Central Kitchen resumed delivering food to starving Gazans this week, after it had suspended operations following an Israeli strike in April that killed seven of its staffers.\n\"We realised after the kitchen closed that many mouths were left hungry,\" kitchen manager Zakria Yahya Abukuwaik said, while preparing food in Rafah.\nAFP",
    "highlightText": "",
    "highlightTitle": "",
    "highlightThreadTitle": "",
    "language": "english",
    "sentiment": "positive",
    "categories": [
        "Politics",
        "War, Conflict and Unrest",
        "Human Interest"
    ],
    "webz_reporter": false,
    "external_links": [],
    "external_images": [],
    "entities": {
        "persons": [
            {
                "name": "ismail haniyeh",
                "sentiment": "none"
            },
            {
                "name": "haniyeh",
                "sentiment": "none"
            }
        ],
        "organizations": [
            {
                "name": "hamas",
                "sentiment": "neutral"
            },
            {
                "name": "un",
                "sentiment": "none"
            }
        ],
        "locations": [
            {
                "name": "gaza",
                "sentiment": "none"
            },
            {
                "name": "egypt",
                "sentiment": "none"
            },
            {
                "name": "israel",
                "sentiment": "none"
            },
            {
                "name": "rafah",
                "sentiment": "none"
            }
        ]
    },
    "rating": null,
    "crawled": "2024-05-03T09:19:44.979+03:00",
    "updated": "2024-05-03T09:19:44.979+03:00"
}