{
    "thread": {
        "uuid": "ea3b300b4f8a2e0ae439761dc7b1146e79172d8b",
        "url": "https://www.publico.es/internacional/trinidad-tobago-reconoce-palestina-ayudar-lograr-paz.html",
        "site_full": "www.publico.es",
        "site": "publico.es",
        "site_section": "https://www.publico.es/rss",
        "site_categories": [
            "media",
            "top_news"
        ],
        "section_title": "rss.title.latest",
        "title": "Trinidad y Tobago reconoce el Estado de Palestina para ayudar a lograr la paz",
        "title_full": "Trinidad y Tobago reconoce el Estado de Palestina para ayudar a lograr la paz",
        "published": "2024-05-03T21:00:00.000+03:00",
        "replies_count": 0,
        "participants_count": 1,
        "site_type": "news",
        "country": "ES",
        "main_image": "https://www.publico.es/uploads/2024/05/03/66351feb44ba0.jpeg",
        "performance_score": 0,
        "domain_rank": 4932,
        "domain_rank_updated": "2024-04-30T13:07:54.000+03:00",
        "reach": null,
        "social": {
            "facebook": {
                "likes": 0,
                "comments": 0,
                "shares": 0
            },
            "gplus": {
                "shares": 0
            },
            "pinterest": {
                "shares": 0
            },
            "linkedin": {
                "shares": 0
            },
            "stumbledupon": {
                "shares": 0
            },
            "vk": {
                "shares": 0
            }
        }
    },
    "uuid": "ea3b300b4f8a2e0ae439761dc7b1146e79172d8b",
    "url": "https://www.publico.es/internacional/trinidad-tobago-reconoce-palestina-ayudar-lograr-paz.html",
    "ord_in_thread": 0,
    "parent_url": null,
    "author": "Público",
    "published": "2024-05-03T21:00:00.000+03:00",
    "title": "Trinidad y Tobago reconoce el Estado de Palestina para ayudar a lograr la paz",
    "text": "El Gobierno de Trinidad y Tobago ha reconocido este jueves formalmente el Estado de Palestina para intentar alcanzar una \" paz duradera \" y para fortalecer \"el consenso internacional\" respecto al conflicto.\n\"La posición del Gobierno es que una solución de dos Estados es la única salida del actual ciclo de violencia. Esta es nuestra posición coherente en política exterior\", ha comunicado el Ministerio de Exteriores.\nEl país ha indicado que el reconocimiento es moral y justo . La decisión \"demuestra el compromiso de Trinidad y Tobago con las aspiraciones legítimas del pueblo palestino\", ha señalado la nota oficial. Entre otras resoluciones, la nación caribeña le otorgó el estatus de Estado observador.\nLas protestas en las universidades de EEUU contra el genocidio en Gaza suman más de 2.000 detenidos Público / Agencias Desde el estallido de la guerra contra Palestina en octubre de 2023, Trinidad y Tobago también respaldó las resoluciones adoptadas en las sesiones especiales de emergencia de la Asamblea General de las Naciones Unidas sobre la protección de los civiles y la defensa de las obligaciones humanitarias .\nDe esta manera, Trinidad y Tobago se convierte en el miembro número 141 de la ONU en reconocer al Estado de Palestina, unos días después de que los hiciesen Jamaica y Barbados. El último país en hacerlo fue San Cristóbal y Nieves en julio de 2019.\n ",
    "highlightText": "",
    "highlightTitle": "",
    "highlightThreadTitle": "",
    "language": "spanish",
    "sentiment": "positive",
    "categories": [
        "Politics",
        "Human Interest",
        "War, Conflict and Unrest"
    ],
    "webz_reporter": false,
    "external_links": [
        "https://www.facebook.com/sharer/sharer.php?u=https://www.publico.es/internacional/trinidad-tobago-reconoce-palestina-ayudar-lograr-paz.html%3Futm_source%3Dfacebook%26utm_medium%3Dsocial%26utm_campaign%3Dweb",
        "https://telegram.me/share/url?url=https://www.publico.es/internacional/trinidad-tobago-reconoce-palestina-ayudar-lograr-paz.html%3Futm_source%3Dtelegram%26utm_medium%3Dsocial%26utm_campaign%3Dweb&via=publico_es&text=Trinidad%20y%20Tobago%20reconoce%20el%20Estado%20de%20Palestina%20para%20ayudar%20a%20lograr%20la%20paz",
        "https://www.meneame.net/submit?url=https://www.publico.es/internacional/trinidad-tobago-reconoce-palestina-ayudar-lograr-paz.html%3Futm_source%3Dmeneame%26utm_medium%3Dsocial%26utm_campaign%3Dweb",
        "https://share.flipboard.com/bookmarklet/popout?v=2&title=Trinidad%20y%20Tobago%20reconoce%20el%20Estado%20de%20Palestina%20para%20ayudar%20a%20lograr%20la%20paz&url=https://www.publico.es/internacional/trinidad-tobago-reconoce-palestina-ayudar-lograr-paz.html%3Futm_source%3Dflipboard%26utm_medium%3Dsocial%26utm_campaign%3Dweb",
        "https://facebook.com/sharer/sharer.php?u=https://publico.es/internacional/trinidad-tobago-reconoce-palestina-ayudar-lograr-paz.html%3Futm_source%3Dfacebook%26utm_medium%3Dsocial%26utm_campaign%3Dweb",
        "https://share.flipboard.com/bookmarklet/popout?v=2&title=Trinidad%20y%20Tobago%20reconoce%20el%20Estado%20de%20Palestina%20para%20ayudar%20a%20lograr%20la%20paz&url=https://publico.es/internacional/trinidad-tobago-reconoce-palestina-ayudar-lograr-paz.html%3Futm_source%3Dflipboard%26utm_medium%3Dsocial%26utm_campaign%3Dweb",
        "https://telegram.me/share/url",
        "https://www.meneame.net/submit",
        "https://share.flipboard.com/bookmarklet/popout",
        "https://meneame.net/submit?url=https://publico.es/internacional/trinidad-tobago-reconoce-palestina-ayudar-lograr-paz.html%3Futm_source%3Dmeneame%26utm_medium%3Dsocial%26utm_campaign%3Dweb",
        "https://www.facebook.com/sharer/sharer.php",
        "https://telegram.me/share/url?url=https://publico.es/internacional/trinidad-tobago-reconoce-palestina-ayudar-lograr-paz.html%3Futm_source%3Dtelegram%26utm_medium%3Dsocial%26utm_campaign%3Dweb&via=publico_es&text=Trinidad%20y%20Tobago%20reconoce%20el%20Estado%20de%20Palestina%20para%20ayudar%20a%20lograr%20la%20paz"
    ],
    "external_images": [],
    "entities": {
        "persons": [],
        "organizations": [],
        "locations": []
    },
    "rating": null,
    "crawled": "2024-05-03T21:09:42.457+03:00",
    "updated": "2024-05-04T15:01:36.719+03:00"
}