{
    "thread": {
        "uuid": "fc391aafe583e83a8c7fab6f5132a8258295d6d6",
        "url": "https://enmayuscula.b-cdn.net/mundo/179006-el-canciller-brit%C3%A1nico-visita-kiev-y-promete-buscar-fondos-para-ucrania.html",
        "site_full": "enmayuscula.b-cdn.net",
        "site": "b-cdn.net",
        "site_section": "https://enmayuscula.b-cdn.net",
        "site_categories": [],
        "section_title": "Portada - En May&uacute;scula",
        "title": "El canciller británico visita Kiev y promete buscar fondos para Ucrania - En Mayúscula",
        "title_full": "El canciller británico visita Kiev y promete buscar fondos para Ucrania - En Mayúscula",
        "published": "2024-05-03T05:46:00.000+03:00",
        "replies_count": 0,
        "participants_count": 1,
        "site_type": "news",
        "country": "US",
        "main_image": "",
        "performance_score": 0,
        "domain_rank": 1589,
        "domain_rank_updated": "2024-04-30T13:07:54.000+03:00",
        "reach": null,
        "social": {
            "facebook": {
                "likes": 0,
                "comments": 0,
                "shares": 0
            },
            "gplus": {
                "shares": 0
            },
            "pinterest": {
                "shares": 0
            },
            "linkedin": {
                "shares": 0
            },
            "stumbledupon": {
                "shares": 0
            },
            "vk": {
                "shares": 0
            }
        }
    },
    "uuid": "fc391aafe583e83a8c7fab6f5132a8258295d6d6",
    "url": "https://enmayuscula.b-cdn.net/mundo/179006-el-canciller-brit%C3%A1nico-visita-kiev-y-promete-buscar-fondos-para-ucrania.html",
    "ord_in_thread": 0,
    "parent_url": null,
    "author": "En Mayúscula",
    "published": "2024-05-03T05:46:00.000+03:00",
    "title": "El canciller británico visita Kiev y promete buscar fondos para Ucrania - En Mayúscula",
    "text": "El canciller británico visita Kiev y promete buscar fondos para Ucrania Londres (AFP) - El ministro británico de Relaciones Exteriores, David Cameron, visitó Kiev y anunció que su país quiere reunir a los aliados de Ucrania el próximo mes para recaudar fondos para sus fuerzas armadas, informó su oficina el jueves. Cameron se reunió con el presidente Volodimir Zelenski y otros responsables ucranianos para explicar el 'apoyo inequívoco' de Londres, que se traducirá en el envío de bombas guiadas de precisión, misiles de defensa aérea y dotación para 100 equipos móviles de defensa aérea, señaló el ministerio en un comunicado. Ucrania pide reiteradamente más equipos de defensa aérea a sus aliados occidentales en un momento de presión para sus fuerzas en el frente, superadas en número y potencia de fuego por las tropas rusas. La semana pasada, el primer ministro Rishi Sunak anunció 500 millones de libras adicionales (617 millones de dólares) para financiar militarmente a Kiev, con el objetivo de llegar a 3.000 millones de libras anuales. En su visita, Cameron también 'reveló que Reino Unido quiere reunir a sus aliados internacionales el próximo mes para atraer contribuciones adicionales para el Fondo Internacional de Ucrania con el fin de satisfacer los requisitos urgentes de Ucrania'. Creado en 2022, el fondo ha recaudado alrededor de 1.000 millones de dólares de Reino Unido, Noruega, Países Bajos, Dinamarca, Suecia, Lituania, Islandia, Australia y Nueva Zelanda. 'Esta guerra es un desafío para nuestra generación y Ucrania no puede lucharla sola. Todos tenemos que dar un paso adelante para garantizar que Ucrania tiene lo que necesita para ganar', dijo Cameron en Kiev, según el comunicado.",
    "highlightText": "",
    "highlightTitle": "",
    "highlightThreadTitle": "",
    "language": "spanish",
    "sentiment": "positive",
    "categories": [
        "Human Interest",
        "War, Conflict and Unrest",
        "Politics"
    ],
    "webz_reporter": false,
    "external_links": [],
    "external_images": [],
    "entities": {
        "persons": [],
        "organizations": [],
        "locations": []
    },
    "rating": null,
    "crawled": "2024-05-03T13:59:03.244+03:00",
    "updated": "2024-05-03T13:59:03.244+03:00"
}