{
    "thread": {
        "uuid": "81b2eef8a2294f9e923379d8c7ea13ac4a734e26",
        "url": "https://actu.fr/hauts-de-france/le-mazis_80522/aujourdhui-centenaire-il-avait-cache-un-soldat-britannique-lors-de-la-seconde-guerre-mondiale_61025872.html",
        "site_full": "actu.fr",
        "site": "actu.fr",
        "site_section": "https://actu.fr/centre-val-de-loire",
        "site_categories": [
            "travel",
            "france"
        ],
        "section_title": "Actu Centre-Val de Loire, l'actualité régionale en continu | actu.fr",
        "title": "Aujourd'hui centenaire, il avait caché un soldat britannique lors de la Seconde guerre mondiale | Le Réveil de Neufchâtel",
        "title_full": "Aujourd'hui centenaire, il avait caché un soldat britannique lors de la Seconde guerre mondiale | Le Réveil de Neufchâtel",
        "published": "2024-05-04T08:56:00.000+03:00",
        "replies_count": 0,
        "participants_count": 1,
        "site_type": "news",
        "country": "FR",
        "main_image": "https://static.actu.fr/uploads/2024/05/e28a633426266c68a63342626ef8a6v.jpg",
        "performance_score": 0,
        "domain_rank": 6228,
        "domain_rank_updated": "2024-04-30T13:07:54.000+03:00",
        "reach": null,
        "social": {
            "facebook": {
                "likes": 0,
                "comments": 0,
                "shares": 0
            },
            "gplus": {
                "shares": 0
            },
            "pinterest": {
                "shares": 0
            },
            "linkedin": {
                "shares": 0
            },
            "stumbledupon": {
                "shares": 0
            },
            "vk": {
                "shares": 0
            }
        }
    },
    "uuid": "81b2eef8a2294f9e923379d8c7ea13ac4a734e26",
    "url": "https://actu.fr/hauts-de-france/le-mazis_80522/aujourdhui-centenaire-il-avait-cache-un-soldat-britannique-lors-de-la-seconde-guerre-mondiale_61025872.html",
    "ord_in_thread": 0,
    "parent_url": null,
    "author": "Rédaction Neufchâtel-en-Bray",
    "published": "2024-05-04T08:56:00.000+03:00",
    "title": "Aujourd'hui centenaire, il avait caché un soldat britannique lors de la Seconde guerre mondiale | Le Réveil de Neufchâtel",
    "text": " Le Réveil de Neufchâtel En 1958, Jean Houlé s’installait comme agriculteur dans la commune du Mazis (Somme), près de Senarpont. Il avait alors 34 ans. Il a exercé son exigeant métier pendant de longues années avec le soutien de sa femme Gysèle.\nAu Mazis, il vient de fêter son centenaire entouré par ses filles Claudine, Catherine et Pascale, en compagnie de ses quatre petits-enfants, Natacha, Sabrina, Jeanne et Constant, et de ses arrière-petits enfants Emile et Oscar.\nLe conseil municipal, représenté par la maire Marie-Elisabeth Escard, a également célébré ce centième anniversaire . Il peut leur raconter de nombreux souvenirs et en particulier un épisode qui l’a beaucoup marqué.\nIl cache un soldat britannique En 1943, pendant la Seconde guerre mondiale, Jean Houlé vivait encore dans la ferme de ses parents à Sept-Meules en Seine-Maritime. Alors qu’il travaillait dans un champ de betteraves, il a entendu les tirs de la CDA allemande puis a assisté à la chute d’un bombardier britannique et au saut en parachute de ses occupants.\nEn se rendant sur les lieux de l’impact, il a assisté à l’arrestation d’un des aviateurs par des soldats allemands. De retour à la ferme familiale, il a découvert que son frère Pierre cachait un des Britanniques . Les deux frères l’ont nourri quelques jours avant de le confier à un réseau de résistance. Jean a par la suite découvert une musette tombée de l’avion ainsi que des cartes, une boussole, quelques pansements éparpillés à proximité.\n#Seconde Guerre mondiale",
    "highlightText": "",
    "highlightTitle": "",
    "highlightThreadTitle": "",
    "language": "french",
    "sentiment": "positive",
    "categories": [
        "War, Conflict and Unrest",
        "Human Interest"
    ],
    "webz_reporter": false,
    "external_links": [],
    "external_images": [],
    "entities": {
        "persons": [],
        "organizations": [],
        "locations": []
    },
    "rating": null,
    "crawled": "2024-05-04T08:59:15.448+03:00",
    "updated": "2024-05-04T15:32:07.170+03:00"
}