{
    "thread": {
        "uuid": "1b3536617b465f4355f4d79c4ddb57da1f5a799e",
        "url": "https://www.schooltube.com/ah-1z-viper-marine-corps-advanced-attack-helicopter",
        "site_full": "www.schooltube.com",
        "site": "schooltube.com",
        "site_section": "https://www.schooltube.com/category/airplanes-space/",
        "site_categories": [],
        "section_title": null,
        "title": "AH-1Z Viper: Marine Corps’ Advanced Attack Helicopter",
        "title_full": "AH-1Z Viper: Marine Corps’ Advanced Attack Helicopter",
        "published": "2024-05-04T01:33:00.000+03:00",
        "replies_count": 0,
        "participants_count": 1,
        "site_type": "news",
        "country": "US",
        "main_image": "",
        "performance_score": 0,
        "domain_rank": 42154,
        "domain_rank_updated": "2024-04-30T13:08:01.000+03:00",
        "reach": null,
        "social": {
            "facebook": {
                "likes": 0,
                "comments": 0,
                "shares": 0
            },
            "gplus": {
                "shares": 0
            },
            "pinterest": {
                "shares": 0
            },
            "linkedin": {
                "shares": 0
            },
            "stumbledupon": {
                "shares": 0
            },
            "vk": {
                "shares": 0
            }
        }
    },
    "uuid": "1b3536617b465f4355f4d79c4ddb57da1f5a799e",
    "url": "https://www.schooltube.com/ah-1z-viper-marine-corps-advanced-attack-helicopter",
    "ord_in_thread": 0,
    "parent_url": null,
    "author": "SchoolTube Community",
    "published": "2024-05-04T01:33:00.000+03:00",
    "title": "AH-1Z Viper: Marine Corps’ Advanced Attack Helicopter",
    "text": "Title: AH-1Z Viper: The Marine Corps’ Advanced Attack Helicopter\nIntroduction:\nIn the realm of military aviation, the AH-1Z Viper stands as a formidable force, serving as the United States Marine Corps’ primary rotor-wing ground attack aircraft. This exceptional helicopter embodies the epitome of rotary-wing close air support, anti-armor capabilities, armed escort, armed visual reconnaissance, and fire support coordination, all while operating effectively under diverse conditions, including day and night operations and adverse weather scenarios.\nUnmatched Capabilities:\nThe AH-1Z Viper’s versatility and combat prowess are truly remarkable. It seamlessly integrates a wide range of advanced systems and weaponry, enabling it to excel in various combat roles. Equipped with a potent 20 mm three-barreled Gatling gun, Hellfire missiles, Hydra 70 rockets, and AIM-9 Sidewinder missiles, the Viper possesses the firepower to neutralize a diverse array of targets, from armored vehicles to enemy aircraft.\nOperational Excellence:\nThe AH-1Z Viper operates as an integral component of Marine Light Attack Helicopter Squadrons (HMLAs). These specialized units are deployed as part of Marine Expeditionary Units, providing critical support for ship-based amphibious exercises and operations. Their presence ensures the Marine Corps’ ability to rapidly respond to emerging threats and effectively execute missions in challenging environments.\nTechnological Advancements:\nThe AH-1Z Viper embodies the cutting edge of military aviation technology. It incorporates advanced avionics, sensors, and communication systems, enabling unparalleled situational awareness and precision targeting. The helicopter’s state-of-the-art targeting systems, coupled with its exceptional maneuverability, allow pilots to engage targets with pinpoint accuracy, even in the most demanding combat scenarios.\nConclusion:\nThe AH-1Z Viper stands as a testament to the United States Marine Corps’ commitment to maintaining a technologically advanced and highly capable aviation force. Its versatility, firepower, and operational effectiveness make it an indispensable asset in modern warfare. As the Marine Corps continues to evolve and adapt to the ever-changing nature of combat, the AH-1Z Viper will undoubtedly remain a cornerstone of its aviation capabilities, ensuring the successful execution of missions and the safety of its brave men and women in uniform.",
    "highlightText": "",
    "highlightTitle": "",
    "highlightThreadTitle": "",
    "language": "english",
    "sentiment": "positive",
    "categories": [
        "Science and Technology",
        "War, Conflict and Unrest"
    ],
    "webz_reporter": false,
    "external_links": [
        "https://www.youtube.com/embed/b5RYsMhFwOk?feature=oembed",
        "https://youtube.com/embed/b5RYsMhFwOk?feature=oembed",
        "https://www.youtube.com/embed/b5RYsMhFwOk"
    ],
    "external_images": [],
    "entities": {
        "persons": [
            {
                "name": "gatling",
                "sentiment": "none"
            },
            {
                "name": "hydra",
                "sentiment": "none"
            }
        ],
        "organizations": [
            {
                "name": "united states marine corps",
                "sentiment": "none"
            }
        ],
        "locations": []
    },
    "rating": null,
    "crawled": "2024-05-04T01:46:58.173+03:00",
    "updated": "2024-05-04T01:46:58.173+03:00"
}