{
    "thread": {
        "uuid": "f86773fad5c5efa511e30c0fcb5a07bb9472f1a0",
        "url": "https://www.iltempo.it/tv-news/2024/05/04/video/festa-a-khan-younis-matrimonio-di-massa-contro-la-guerra-ingiusta--39218676/",
        "site_full": "www.iltempo.it",
        "site": "iltempo.it",
        "site_section": "https://www.iltempo.it/rss.xml",
        "site_categories": [
            "media"
        ],
        "section_title": "Il Tempo",
        "title": "Festa a Khan Younis matrimonio di massa \"contro la guerra ingiusta\"",
        "title_full": "Festa a Khan Younis matrimonio di massa \"contro la guerra ingiusta\"",
        "published": "2024-05-04T08:59:00.000+03:00",
        "replies_count": 0,
        "participants_count": 1,
        "site_type": "news",
        "country": "IT",
        "main_image": "https://img.iltempo.it/images/2024/05/04/090251989-cd2de93f-4e73-4bff-bb75-df5cf02ff1b4.jpg",
        "performance_score": 0,
        "domain_rank": 21433,
        "domain_rank_updated": "2024-04-30T13:07:54.000+03:00",
        "reach": null,
        "social": {
            "facebook": {
                "likes": 0,
                "comments": 0,
                "shares": 0
            },
            "gplus": {
                "shares": 0
            },
            "pinterest": {
                "shares": 0
            },
            "linkedin": {
                "shares": 0
            },
            "stumbledupon": {
                "shares": 0
            },
            "vk": {
                "shares": 0
            }
        }
    },
    "uuid": "f86773fad5c5efa511e30c0fcb5a07bb9472f1a0",
    "url": "https://www.iltempo.it/tv-news/2024/05/04/video/festa-a-khan-younis-matrimonio-di-massa-contro-la-guerra-ingiusta--39218676/",
    "ord_in_thread": 0,
    "parent_url": null,
    "author": "TMNews",
    "published": "2024-05-04T08:59:00.000+03:00",
    "title": "Festa a Khan Younis matrimonio di massa \"contro la guerra ingiusta\"",
    "text": "Festa a Khan Younis matrimonio di massa \"contro la guerra ingiusta\"\nRoma, 4 mag. (askanews) - Musica, canti e danze: palestinesi sfollati della città di Khan Younis hanno festeggiato cinque coppie che si sono unite in matrimonio; la cerimonia nuziale comune è stata organizzata dal Ministero dello Sviluppo Sociale del governo di Hamas e dal comitato di soccorso della città nel Sud della Striscia di Gaza, al grido di \"nozze nonostante le ferite\", per \"sfidare questa guerra ingiusta che prende di mira bambini e donne\".\nGli organizzatori hanno spiegato di aver preparato l'evento per dieci giorni, offrendo aiuto alle coppie che dovevano sposarsi con tende, materassi, coperte, cibo, medicinali e articoli per la casa.\nDai blog\nControtempo []https://www.iltempo.it/blog/carlo-antini/2024/04/30/news/ermal-meta-buona-fortuna-dedicato-figlia-primo-maggio-roma-noemi-39185350/\nLa nuova vita di Ermal Meta: \"Buona Fortuna è dedicato a mia figlia\" Carlo Antini https://www.iltempo.it/blog/carlo-antini/2024/04/25/news/rock-in-roma-tommaso-paradiso-annalisa-placebo-club-dogo-capannelle-cavea-39145612/\nDa Tommaso Paradiso a Annalisa, estate a tempo di Rock in Roma Carlo Antini Qui Lazio\nImpresa sfiorata, Lazio eliminata Luigi Salomone",
    "highlightText": "",
    "highlightTitle": "",
    "highlightThreadTitle": "",
    "language": "italian",
    "sentiment": "positive",
    "categories": [
        "War, Conflict and Unrest",
        "Arts, Culture and Entertainment",
        "Human Interest"
    ],
    "webz_reporter": false,
    "external_links": [],
    "external_images": [],
    "entities": {
        "persons": [],
        "organizations": [],
        "locations": []
    },
    "rating": null,
    "crawled": "2024-05-04T12:17:29.892+03:00",
    "updated": "2024-05-04T12:17:29.892+03:00"
}