{
    "thread": {
        "uuid": "9d0afc3e32169cc7bc27480e8be63c9a5f0ef5ed",
        "url": "https://www.science-et-vie.com/technos-et-futur/voici-la-derniere-acquisition-de-lus-navy-le-puissant-efficace-et-precis-sous-marin-nucleaire-uss-new-jersey-135147.html",
        "site_full": "www.science-et-vie.com",
        "site": "science-et-vie.com",
        "site_section": "https://www.science-et-vie.com",
        "site_categories": [
            "media",
            "top_news"
        ],
        "section_title": "Science &amp; Vie : premier magazine européen de l’actualité scientifique - Science &amp; Vie",
        "title": "Voici la dernière acquisition de l’US Navy : le puissant, efficace et précis sous-marin nucléaire USS New Jersey",
        "title_full": "Voici la dernière acquisition de l’US Navy : le puissant, efficace et précis sous-marin nucléaire USS New Jersey",
        "published": "2024-05-03T16:00:00.000+03:00",
        "replies_count": 0,
        "participants_count": 1,
        "site_type": "news",
        "country": "FR",
        "main_image": "https://www.science-et-vie.com/wp-content/uploads/scienceetvie/2024/05/untitled-design-6.webp",
        "performance_score": 0,
        "domain_rank": 37545,
        "domain_rank_updated": "2024-04-30T13:07:54.000+03:00",
        "reach": null,
        "social": {
            "facebook": {
                "likes": 0,
                "comments": 0,
                "shares": 0
            },
            "gplus": {
                "shares": 0
            },
            "pinterest": {
                "shares": 0
            },
            "linkedin": {
                "shares": 0
            },
            "stumbledupon": {
                "shares": 0
            },
            "vk": {
                "shares": 0
            }
        }
    },
    "uuid": "9d0afc3e32169cc7bc27480e8be63c9a5f0ef5ed",
    "url": "https://www.science-et-vie.com/technos-et-futur/voici-la-derniere-acquisition-de-lus-navy-le-puissant-efficace-et-precis-sous-marin-nucleaire-uss-new-jersey-135147.html",
    "ord_in_thread": 0,
    "parent_url": null,
    "author": "Sofia Gavilan",
    "published": "2024-05-03T16:00:00.000+03:00",
    "title": "Voici la dernière acquisition de l’US Navy : le puissant, efficace et précis sous-marin nucléaire USS New Jersey",
    "text": "Voici la dernière acquisition de l’US Navy : le puissant, efficace et précis sous-marin nucléaire USS New Jersey L’arrivée du nouveau sous-marin : forces et capacités L’ [US Navy ](https://www.navsea.navy.mil/Media/News/Article-View/Article/3756626/future-uss-new-jersey-delivers-to-us-navy/)a récemment pris possession de son dernier sous-marin nucléaire, l’USS New Jersey (SSN 796), fruit d’une collaboration entre Newport News Shipbuilding (NNS) et General Dynamics Electric Boat. Équipé de technologies de pointe, l’USS New Jersey est conçu pour répondre aux exigences modernes de la Marine, avec des capacités de furtivité améliorées et une polyvalence accrue. Propulsé par un réacteur nucléaire de 280 000 chevaux et des turbines à vapeur, il peut atteindre des vitesses impressionnantes. Capable de rester immergé pendant de longues périodes, il peut atteindre une profondeur de jusqu’à 240 mètres et se caractérise par sa capacité opérationnelle adaptable. Concernant les armements à bord, les sous-marins Virginia possèdent de missiles de croisière Tomahawk, de missiles antinavires Harpoon ainsi que de torpilles, en fonction de leur configuration. Tests réussis pour l’USS New Jersey La mise en service de l’USS New Jersey renforce la flotte de sous-marins de classe Virginia, qui a été lancée pour remplacer les anciens navires de la classe Los Angeles. Après avoir [terminé avec succès](https://hii.com/news/hii-completes-initial-sea-trials-of-virginia-class-submarine-new-jersey-ssn-796/) ses premiers essais en mer, l’USS New Jersey est prêt à rejoindre la flotte de la Marine américaine. Les tests rigoureux et la collaboration entre les équipes de construction ont permis de garantir la qualité et la fiabilité de ce nouveau navire de guerre. Implications stratégiques et impact économique du sous-marin de classe Virginia La construction du SSN 796 a mobilisé environ 10 000 employés et de fournisseurs à travers le pays, contribuant ainsi à stimuler l’économie et à soutenir l’industrie de la défense. En outre, le SSN 796 est le premier sous-marin Virginia conçu avec une intégration de genre, marquant une avancée significative vers l’égalité et la diversité au sein de l’US Navy. Alors que l’USS New Jersey entre en service, l’US Navy continue de moderniser sa flotte de sous-marins montrant un engagement envers l’innovation de la technologie navale.",
    "highlightText": "",
    "highlightTitle": "",
    "highlightThreadTitle": "",
    "language": "french",
    "sentiment": "positive",
    "categories": [
        "War, Conflict and Unrest"
    ],
    "webz_reporter": false,
    "external_links": [
        "https://www.navsea.navy.mil/Media/News/Article-View/Article/3756626/future-uss-new-jersey-delivers-to-us-navy/)a",
        "https://hii.com/news/hii-completes-initial-sea-trials-of-virginia-class-submarine-new-jersey-ssn-796/)",
        "https://www.hii.com/news/hii-completes-initial-sea-trials-of-virginia-class-submarine-new-jersey-ssn-796/)",
        "https://navsea.navy.mil/Media/News/Article-View/Article/3756626/future-uss-new-jersey-delivers-to-us-navy/)a"
    ],
    "external_images": [],
    "entities": {
        "persons": [],
        "organizations": [],
        "locations": []
    },
    "rating": null,
    "crawled": "2024-05-03T20:03:24.999+03:00",
    "updated": "2024-05-03T20:03:24.999+03:00"
}