{
    "thread": {
        "uuid": "92edcc72fb536268abacff5613a685ff7a759507",
        "url": "https://ionline.sapo.pt/2024/05/04/aprovado-primeira-fase-do-acordo-entre-hamas-e-israel/",
        "site_full": "ionline.sapo.pt",
        "site": "sapo.pt",
        "site_section": "https://sapo.pt/pagina/ficha-tecnica",
        "site_categories": [
            "media"
        ],
        "section_title": "Ficha t&eacute;cnica - SAPO.pt - &Uacute;ltima hora e not&iacute;cias de hoje atualizadas ao minuto",
        "title": "Aprovado primeira fase do acordo entre Hamas e Israel",
        "title_full": "Aprovado primeira fase do acordo entre Hamas e Israel",
        "published": "2024-05-04T16:03:00.000+03:00",
        "replies_count": 0,
        "participants_count": 1,
        "site_type": "news",
        "country": "PT",
        "main_image": "https://ionline.sapo.pt/wp-content/uploads/2024/04/i2021516778929-scaled.jpg",
        "performance_score": 0,
        "domain_rank": 1829,
        "domain_rank_updated": "2024-04-30T13:07:54.000+03:00",
        "reach": null,
        "social": {
            "facebook": {
                "likes": 0,
                "comments": 0,
                "shares": 0
            },
            "gplus": {
                "shares": 0
            },
            "pinterest": {
                "shares": 0
            },
            "linkedin": {
                "shares": 0
            },
            "stumbledupon": {
                "shares": 0
            },
            "vk": {
                "shares": 0
            }
        }
    },
    "uuid": "92edcc72fb536268abacff5613a685ff7a759507",
    "url": "https://ionline.sapo.pt/2024/05/04/aprovado-primeira-fase-do-acordo-entre-hamas-e-israel/",
    "ord_in_thread": 0,
    "parent_url": null,
    "author": "visao.sapo.pt",
    "published": "2024-05-04T16:03:00.000+03:00",
    "title": "Aprovado primeira fase do acordo entre Hamas e Israel",
    "text": "Aprovado primeira fase do acordo entre Hamas e Israel Jornal i © AFP 04/05/2024 14:03\nShare on Facebook Share on Twitter\nShare on LinkedIn\nShare on WhatsApp\nEmail this Page O Hamas já terá aprovado a primeira fase do acordo de cessar-fogo e libertação de reféns.\nO Hamas já terá aprovado a primeira fase do acordo de cessar-fogo e libertação de reféns.\nDe acordo com uma fonte do grupo, citada pelos meios de comunicação israelitas, o Hamas recebeu a garantia dos Estados Unidos da América (EUA), de que, no final de todas as fases previstas no acordo, haverá uma retirada das tropas de Israel da Faixa de Gaza.\nEsta garantia norte-americana, foi comunicada pelos mediadores do Egito e do Catar, que estão a receber, este sábado, uma delegação do grupo, em Cairo.\nConforme avança o ‘Times of Israel’, prevê-se que este acordo venha acompanhado de uma promessa, apoiada pelos EUA, de que Israel não vai prosseguir com a operação militar em Rafah, no sul do enclave palestiniano.\nJá o jornal saudita, Asharq, avança que o acordo está muito próximo, e que a resposta do Hamas será divulgada nas próximas horas.\nTelavive, apesar da negociação das tréguas, pretende ainda avançar com a ofensiva ao sul da cidade, tendo já emitido um ultimato ao Hamas: Caso não haja acordo no prazo de uma semana, Israel irá avançar sobre Rafah.\nApesra desta garantia, os EUA já se demonstraram contra esta iniciativa, não apoiando uma ofensiva na cidade sem um plano de evacuação de reféns.",
    "highlightText": "",
    "highlightTitle": "",
    "highlightThreadTitle": "",
    "language": "portuguese",
    "sentiment": "positive",
    "categories": [
        "War, Conflict and Unrest",
        "Politics"
    ],
    "webz_reporter": false,
    "external_links": [
        "https://www.facebook.com/sharer/sharer.php?u=https%3A%2F%2Fionline.sapo.pt%2F2024%2F05%2F04%2Faprovado-primeira-fase-do-acordo-entre-hamas-e-israel%2F&#038;title=Aprovado%20primeira%20fase%20do%20acordo%20entre%20Hamas%20e%20Israel",
        "https://twitter.com/share?url=https%3A%2F%2Fionline.sapo.pt%2F2024%2F05%2F04%2Faprovado-primeira-fase-do-acordo-entre-hamas-e-israel%2F&#038;text=Aprovado%20primeira%20fase%20do%20acordo%20entre%20Hamas%20e%20Israel",
        "https://www.linkedin.com/shareArticle?mini=true&#038;url=https%3A%2F%2Fionline.sapo.pt%2F2024%2F05%2F04%2Faprovado-primeira-fase-do-acordo-entre-hamas-e-israel%2F&#038;title=Aprovado%20primeira%20fase%20do%20acordo%20entre%20Hamas%20e%20Israel",
        "https://api.whatsapp.com/send?text=Aprovado%20primeira%20fase%20do%20acordo%20entre%20Hamas%20e%20Israel%20&mdash;%20https%3A%2F%2Fionline.sapo.pt%2F2024%2F05%2F04%2Faprovado-primeira-fase-do-acordo-entre-hamas-e-israel%2F",
        "https://www.api.whatsapp.com/send?text=Aprovado%20primeira%20fase%20do%20acordo%20entre%20Hamas%20e%20Israel%20&mdash;%20https%3A%2F%2Fionline.sapo.pt%2F2024%2F05%2F04%2Faprovado-primeira-fase-do-acordo-entre-hamas-e-israel%2F",
        "https://linkedin.com/shareArticle?mini=true&#038;url=https%3A%2F%2Fionline.sapo.pt%2F2024%2F05%2F04%2Faprovado-primeira-fase-do-acordo-entre-hamas-e-israel%2F&#038;title=Aprovado%20primeira%20fase%20do%20acordo%20entre%20Hamas%20e%20Israel",
        "https://www.facebook.com/sharer/sharer.php",
        "https://www.linkedin.com/shareArticle",
        "https://facebook.com/sharer/sharer.php?u=https%3A%2F%2Fionline.sapo.pt%2F2024%2F05%2F04%2Faprovado-primeira-fase-do-acordo-entre-hamas-e-israel%2F&#038;title=Aprovado%20primeira%20fase%20do%20acordo%20entre%20Hamas%20e%20Israel",
        "https://www.twitter.com/share?url=https%3A%2F%2Fionline.sapo.pt%2F2024%2F05%2F04%2Faprovado-primeira-fase-do-acordo-entre-hamas-e-israel%2F&#038;text=Aprovado%20primeira%20fase%20do%20acordo%20entre%20Hamas%20e%20Israel",
        "https://twitter.com/share",
        "https://api.whatsapp.com/send"
    ],
    "external_images": [],
    "entities": {
        "persons": [],
        "organizations": [],
        "locations": []
    },
    "rating": null,
    "crawled": "2024-05-04T16:05:45.173+03:00",
    "updated": "2024-05-04T16:05:45.173+03:00"
}