{
    "thread": {
        "uuid": "d799e41d75063baae94181c5811599a00f682d8f",
        "url": "https://www.lasicilia.it/ultimi-aggiornamenti/premio-unesco-per-liberta-stampa-a-giornalisti-palestinesi-2127668",
        "site_full": "www.lasicilia.it",
        "site": "lasicilia.it",
        "site_section": "https://www.lasicilia.it/agenzia/",
        "site_categories": [
            "media",
            "top_news"
        ],
        "section_title": null,
        "title": "Premio Unesco per libertà stampa a giornalisti palestinesi",
        "title_full": "Premio Unesco per libertà stampa a giornalisti palestinesi",
        "published": "2024-05-03T00:35:00.000+03:00",
        "replies_count": 0,
        "participants_count": 1,
        "site_type": "news",
        "country": "IT",
        "main_image": "",
        "performance_score": 0,
        "domain_rank": 46453,
        "domain_rank_updated": "2024-04-30T13:08:01.000+03:00",
        "reach": null,
        "social": {
            "facebook": {
                "likes": 0,
                "comments": 0,
                "shares": 0
            },
            "gplus": {
                "shares": 0
            },
            "pinterest": {
                "shares": 0
            },
            "linkedin": {
                "shares": 0
            },
            "stumbledupon": {
                "shares": 0
            },
            "vk": {
                "shares": 0
            }
        }
    },
    "uuid": "d799e41d75063baae94181c5811599a00f682d8f",
    "url": "https://www.lasicilia.it/ultimi-aggiornamenti/premio-unesco-per-liberta-stampa-a-giornalisti-palestinesi-2127668",
    "ord_in_thread": 0,
    "parent_url": null,
    "author": "Redazione",
    "published": "2024-05-03T00:35:00.000+03:00",
    "title": "Premio Unesco per libertà stampa a giornalisti palestinesi",
    "text": "PARIGI, 02 MAG – L’Unesco ha assegnato il premio mondiale per la libertà di stampa a tutti i giornalisti palestinesi che seguono la guerra a Gaza, dove Israele sta combattendo contro Hamas da oltre sei mesi. “In questi tempi di oscurità e disperazione, desideriamo condividere un forte messaggio di solidarietà e riconoscimento ai giornalisti palestinesi che stanno coprendo questa crisi in circostanze così drammatiche”, ha dichiarato Mauricio Weibel, presidente della giuria internazionale di professionisti dei media. “Come umanità, abbiamo un enorme debito nei confronti del loro coraggio e del loro impegno per la libertà di espressione” ha detto Weibel. Audrey Azoulay, direttore generale dell’Organizzazione delle Nazioni Unite per l’educazione, la scienza e la cultura, ha dichiarato che il premio rende “omaggio al coraggio dei giornalisti che affrontano circostanze difficili e pericolose”. Secondo il Comitato per la protezione dei giornalisti (Cpj), con sede a New York, almeno 97 membri della stampa sono stati uccisi dallo scoppio della guerra in ottobre, 92 dei quali erano palestinesi.",
    "highlightText": "",
    "highlightTitle": "",
    "highlightThreadTitle": "",
    "language": "italian",
    "sentiment": "positive",
    "categories": [
        "Arts, Culture and Entertainment",
        "Human Interest",
        "War, Conflict and Unrest"
    ],
    "webz_reporter": false,
    "external_links": [],
    "external_images": [],
    "entities": {
        "persons": [],
        "organizations": [],
        "locations": []
    },
    "rating": null,
    "crawled": "2024-05-03T07:23:07.159+03:00",
    "updated": "2024-05-03T07:23:07.159+03:00"
}