{
    "thread": {
        "uuid": "05555a293bb6dcfa927f2805b9a867297c21ef3a",
        "url": "https://eng.obozrevatel.com/section-entertainment/news-ukrainian-warrior-tv-presenter-orest-drymalovsky-names-the-biggest-threat-at-the-front-05-05-2024.html",
        "site_full": "eng.obozrevatel.com",
        "site": "obozrevatel.com",
        "site_section": "https://eng.obozrevatel.com/api/media/out/rss/lastnews.xml",
        "site_categories": [],
        "section_title": "The latest news of Ukraine and the World. Daily news on OBOZREVATEL",
        "title": "Orest Drymalovskyi named the biggest threat at the front and said what we need to donate for first",
        "title_full": "Orest Drymalovskyi named the biggest threat at the front and said what we need to donate for first",
        "published": "2024-05-05T08:23:00.000+03:00",
        "replies_count": 0,
        "participants_count": 1,
        "site_type": "news",
        "country": "UA",
        "main_image": "https://i2.obozrevatel.com/news/2024/5/5/filestoragetemp-2024-05-04t150229-331.jpeg?size=2010x1050",
        "performance_score": 0,
        "domain_rank": 8174,
        "domain_rank_updated": "2024-04-30T13:07:54.000+03:00",
        "reach": null,
        "social": {
            "facebook": {
                "likes": 0,
                "comments": 0,
                "shares": 0
            },
            "gplus": {
                "shares": 0
            },
            "pinterest": {
                "shares": 0
            },
            "linkedin": {
                "shares": 0
            },
            "stumbledupon": {
                "shares": 0
            },
            "vk": {
                "shares": 0
            }
        }
    },
    "uuid": "05555a293bb6dcfa927f2805b9a867297c21ef3a",
    "url": "https://eng.obozrevatel.com/section-entertainment/news-ukrainian-warrior-tv-presenter-orest-drymalovsky-names-the-biggest-threat-at-the-front-05-05-2024.html",
    "ord_in_thread": 0,
    "parent_url": null,
    "author": "Kateryna Malay",
    "published": "2024-05-05T08:23:00.000+03:00",
    "title": "Orest Drymalovskyi named the biggest threat at the front and said what we need to donate for first",
    "text": "Trending: Ukrainian warrior TV presenter Orest Drymalovsky names the biggest threat at the front Orest Drymalovsky, host of Vіkna.Novyny, and recently a soldier of the Armed Forces of Ukraine, answered his subscribers' questions about the biggest threat at the front. The hero called on Ukrainians to donate furiously, as the military is in dire need of help. The presenter joined the Armed Forces in February this year, completed a basic military training course that lasted more than a month, and is currently serving in an airborne assault brigade in Donetsk region. The soldier sometimes communicates with his followers on Instagram. So, when asked about the threat on the front line, he listed the risks the military face most often. \"FPV, artillery, GABs (guided aerial bombs - ed.). Drones have completely changed the course of hostilities. Now every vehicle is vulnerable,\" the fighter said. He asked his subscribers to donate to the cause of electronic warfare equipment. According to the warrior, they are most needed now. Speaking about his emotional state, the Ukrainian called it similar to a \"swing.\" One day he can laugh until he cries, and the next morning he does not want to talk to anyone. Only verified information is available on our [Telegram channel](http://t.me/uaobozrevatel) OBOZ.UA and [Viber](https://invite.viber.com/?g2=AQA7vCW3MX33iE9EYhmE3GhB43vyI%2B%2BnsqzemGPFrFGfl8TEL3d6MiPUriT1T%2FJF). Do not fall for fakes!",
    "highlightText": "",
    "highlightTitle": "",
    "highlightThreadTitle": "",
    "language": "english",
    "sentiment": "positive",
    "categories": [
        "Human Interest",
        "War, Conflict and Unrest"
    ],
    "webz_reporter": false,
    "external_links": [
        "https://invite.viber.com/?g2=AQA7vCW3MX33iE9EYhmE3GhB43vyI%2B%2BnsqzemGPFrFGfl8TEL3d6MiPUriT1T%2FJF).",
        "http://t.me/uaobozrevatel)",
        "http://www.t.me/uaobozrevatel)",
        "https://invite.viber.com/",
        "https://www.invite.viber.com/?g2=AQA7vCW3MX33iE9EYhmE3GhB43vyI%2B%2BnsqzemGPFrFGfl8TEL3d6MiPUriT1T%2FJF)."
    ],
    "external_images": [],
    "entities": {
        "persons": [
            {
                "name": "orest drymalovsky",
                "sentiment": "negative"
            },
            {
                "name": "orest drymalovskyi",
                "sentiment": "negative"
            },
            {
                "name": "drymalovsky",
                "sentiment": "none"
            }
        ],
        "organizations": [
            {
                "name": "armed forces",
                "sentiment": "none"
            },
            {
                "name": "armed forces of ukraine",
                "sentiment": "none"
            }
        ],
        "locations": [
            {
                "name": "donetsk",
                "sentiment": "none"
            }
        ]
    },
    "rating": null,
    "crawled": "2024-05-05T11:43:23.603+03:00",
    "updated": "2024-05-05T11:43:23.603+03:00"
}