{
    "thread": {
        "uuid": "e055b0d517ef073c03f599d0127b744d3c5be861",
        "url": "https://www.bworldonline.com/world/2024/05/03/592620/missile-defence-successes-in-gulf-ukraine-fuel-global-urgency-to-acquire-systems",
        "site_full": "www.bworldonline.com",
        "site": "bworldonline.com",
        "site_section": "https://www.bworldonline.com/world/",
        "site_categories": [
            "media"
        ],
        "section_title": null,
        "title": "Missile defence successes in Gulf, Ukraine fuel global urgency to acquire systems",
        "title_full": "Missile defence successes in Gulf, Ukraine fuel global urgency to acquire systems",
        "published": "2024-05-03T06:53:00.000+03:00",
        "replies_count": 0,
        "participants_count": 1,
        "site_type": "news",
        "country": "PH",
        "main_image": "",
        "performance_score": 0,
        "domain_rank": 13122,
        "domain_rank_updated": "2024-04-30T13:07:54.000+03:00",
        "reach": null,
        "social": {
            "facebook": {
                "likes": 0,
                "comments": 0,
                "shares": 0
            },
            "gplus": {
                "shares": 0
            },
            "pinterest": {
                "shares": 0
            },
            "linkedin": {
                "shares": 0
            },
            "stumbledupon": {
                "shares": 0
            },
            "vk": {
                "shares": 0
            }
        }
    },
    "uuid": "e055b0d517ef073c03f599d0127b744d3c5be861",
    "url": "https://www.bworldonline.com/world/2024/05/03/592620/missile-defence-successes-in-gulf-ukraine-fuel-global-urgency-to-acquire-systems",
    "ord_in_thread": 0,
    "parent_url": null,
    "author": "Jino Nicolas",
    "published": "2024-05-03T06:53:00.000+03:00",
    "title": "Missile defence successes in Gulf, Ukraine fuel global urgency to acquire systems",
    "text": "AN anti-missile system operates after Iran launched drones and missiles towards Israel, as seen from Ashkelon, Israel, April 14, 2024. — REUTERS",
    "highlightText": "",
    "highlightTitle": "",
    "highlightThreadTitle": "",
    "language": "english",
    "sentiment": "positive",
    "categories": [
        "War, Conflict and Unrest"
    ],
    "webz_reporter": false,
    "external_links": [
        "https://www.reutersconnect.com/all?search=all%3AL3N3GO4BH&linkedFromStory=true",
        "https://www.reutersconnect.com/all?search=all%3AL1N3BV01S&linkedFromStory=true",
        "https://www.reutersconnect.com/all?search=all%3AS0N2Y004N&linkedFromStory=true",
        "https://www.reuters.com/graphics/ISRAEL-PALESTINIANS/IRAN-DEFENCE/mypmkljzopr/",
        "https://reuters.com/graphics/ISRAEL-PALESTINIANS/IRAN-DEFENCE/mypmkljzopr/",
        "https://www.reutersconnect.com/all",
        "https://reutersconnect.com/all?search=all%3AS0N2Y004N&linkedFromStory=true",
        "https://www.reuters.com/graphics/ISRAEL-PALESTINIANS/IRAN-DEFENCE/mypmkljzopr",
        "https://reutersconnect.com/all?search=all%3AL3N3GO4BH&linkedFromStory=true",
        "https://reutersconnect.com/all?search=all%3AL1N3BV01S&linkedFromStory=true"
    ],
    "external_images": [],
    "entities": {
        "persons": [
            {
                "name": "iskander",
                "sentiment": "none"
            },
            {
                "name": "ankit panda",
                "sentiment": "none"
            }
        ],
        "organizations": [
            {
                "name": "u.s. navy",
                "sentiment": "none"
            },
            {
                "name": "reuters",
                "sentiment": "none"
            },
            {
                "name": "raytheon",
                "sentiment": "none"
            },
            {
                "name": "lockheed martin",
                "sentiment": "none"
            }
        ],
        "locations": [
            {
                "name": "ukraine",
                "sentiment": "none"
            },
            {
                "name": "gulf",
                "sentiment": "none"
            },
            {
                "name": "iran",
                "sentiment": "none"
            },
            {
                "name": "red sea",
                "sentiment": "none"
            },
            {
                "name": "israel",
                "sentiment": "none"
            },
            {
                "name": "us",
                "sentiment": "none"
            },
            {
                "name": "iron dome",
                "sentiment": "none"
            }
        ]
    },
    "rating": null,
    "crawled": "2024-05-03T09:20:00.284+03:00",
    "updated": "2024-05-04T02:18:23.184+03:00"
}