{
    "thread": {
        "uuid": "98cf076b5813454fbb18b615f8e13e2980b3f435",
        "url": "https://kitchener.citynews.ca/2024/05/04/princess-anne-lays-wreath-at-b-c-veterans-cemetery-receives-21-gun-salute",
        "site_full": "kitchener.citynews.ca",
        "site": "citynews.ca",
        "site_section": "https://570news.com/feed",
        "site_categories": [
            "top_news"
        ],
        "section_title": "CityNews Kitchener",
        "title": "Princess Anne lays wreath at B.C. veteran’s cemetery; receives 21-gun salute",
        "title_full": "Princess Anne lays wreath at B.C. veteran’s cemetery; receives 21-gun salute",
        "published": "2024-05-05T01:28:00.000+03:00",
        "replies_count": 0,
        "participants_count": 1,
        "site_type": "news",
        "country": "CA",
        "main_image": "https://kitchener.citynews.ca/wp-content/blogs.dir/sites/3/2024/05/20240504160548-c7304858a24d8602c1a38aa9f42d16fcc0efe1d953df7538c5a0e2652c469a27.jpg",
        "performance_score": 0,
        "domain_rank": 4685,
        "domain_rank_updated": "2024-04-30T13:07:54.000+03:00",
        "reach": null,
        "social": {
            "facebook": {
                "likes": 0,
                "comments": 0,
                "shares": 0
            },
            "gplus": {
                "shares": 0
            },
            "pinterest": {
                "shares": 0
            },
            "linkedin": {
                "shares": 0
            },
            "stumbledupon": {
                "shares": 0
            },
            "vk": {
                "shares": 0
            }
        }
    },
    "uuid": "98cf076b5813454fbb18b615f8e13e2980b3f435",
    "url": "https://kitchener.citynews.ca/2024/05/04/princess-anne-lays-wreath-at-b-c-veterans-cemetery-receives-21-gun-salute",
    "ord_in_thread": 0,
    "parent_url": null,
    "author": "News Staff",
    "published": "2024-05-05T01:28:00.000+03:00",
    "title": "Princess Anne lays wreath at B.C. veteran’s cemetery; receives 21-gun salute",
    "text": "Princess Anne lays wreath at B.C. veteran’s cemetery; receives 21-gun salute\nPosted May 4, 2024 06:28:20 PM.\nLast Updated May 4, 2024 06:40:25 PM.\nESQUIMALT, B.C. — Princess Anne paid tribute to veterans buried at a cemetery in British Columbia today, laying a wreath to honour the more than 2,500 military personnel and family members buried there.\nThe princess spent more than an hour touring the God’s Acre cemetery, a national historic site in Esquimalt, B.C., that dates back to 1868.\nThe visit to the secluded, tree-covered cemetery is part of her three-day visit to B.C., which started Friday at North Vancouver with her participation in the commissioning of the first Arctic patrol vessel for Canada’s Pacific fleet.\nThe princess was on board HMCS Max Bernays early Saturday when it entered the fleet’s home base in Esquimalt Harbour to the greeting of a 21-gun salute.\nHer tour will see her attend a commemorative service on Sunday for the Battle of the Atlantic, which will take place at the B.C. legislature.\nPrincess Anne, the sister of King Charles, is also scheduled to visit the Royal Victoria Yacht Club and members of the Victoria Therapeutic Riding Association later in the day.\nThis report by The Canadian Press was first published May 4, 2024.\nThe Canadian Press",
    "highlightText": "",
    "highlightTitle": "",
    "highlightThreadTitle": "",
    "language": "english",
    "sentiment": "positive",
    "categories": [
        "War, Conflict and Unrest",
        "Human Interest"
    ],
    "webz_reporter": false,
    "external_links": [],
    "external_images": [],
    "entities": {
        "persons": [
            {
                "name": "anne",
                "sentiment": "negative"
            },
            {
                "name": "charles",
                "sentiment": "none"
            }
        ],
        "organizations": [
            {
                "name": "hmcs max bernays",
                "sentiment": "none"
            }
        ],
        "locations": [
            {
                "name": "north vancouver",
                "sentiment": "none"
            },
            {
                "name": "canada",
                "sentiment": "none"
            },
            {
                "name": "esquimalt",
                "sentiment": "none"
            },
            {
                "name": "esquimalt harbour",
                "sentiment": "none"
            },
            {
                "name": "esquimalt",
                "sentiment": "none"
            },
            {
                "name": "british columbia",
                "sentiment": "none"
            },
            {
                "name": "atlantic",
                "sentiment": "none"
            }
        ]
    },
    "rating": null,
    "crawled": "2024-05-05T03:23:15.614+03:00",
    "updated": "2024-05-05T03:23:15.614+03:00"
}