{
    "thread": {
        "uuid": "98e78fb617ea87c180b76e76893434d2b1dc2bea",
        "url": "https://www.elheraldo.hn/deportes/girona-vueltal-barcelona-clasificarse-la-champions-real-madrid-campeon-espana-OJ19104794",
        "site_full": "www.elheraldo.hn",
        "site": "elheraldo.hn",
        "site_section": "https://www.elheraldo.hn/cocina",
        "site_categories": [
            "media",
            "law_government_and_politics",
            "politics",
            "top_news"
        ],
        "section_title": "Recetas de Cocina Únicas | El Heraldo",
        "title": "Girona le da la vuelta al Barcelona para clasificarse a la Champions y que el Real Madrid sea campeón de España",
        "title_full": "Girona le da la vuelta al Barcelona para clasificarse a la Champions y que el Real Madrid sea campeón de España",
        "published": "2024-05-04T21:24:00.000+03:00",
        "replies_count": 0,
        "participants_count": 1,
        "site_type": "news",
        "country": "HN",
        "main_image": "https://www.elheraldo.hn/binrepository/1200x900/0c135/1200d630/none/45933/TNSD/new-project-5_7407591_20240504125818.jpg",
        "performance_score": 0,
        "domain_rank": 36227,
        "domain_rank_updated": "2024-04-30T13:07:54.000+03:00",
        "reach": null,
        "social": {
            "facebook": {
                "likes": 0,
                "comments": 0,
                "shares": 0
            },
            "gplus": {
                "shares": 0
            },
            "pinterest": {
                "shares": 0
            },
            "linkedin": {
                "shares": 0
            },
            "stumbledupon": {
                "shares": 0
            },
            "vk": {
                "shares": 0
            }
        }
    },
    "uuid": "98e78fb617ea87c180b76e76893434d2b1dc2bea",
    "url": "https://www.elheraldo.hn/deportes/girona-vueltal-barcelona-clasificarse-la-champions-real-madrid-campeon-espana-OJ19104794",
    "ord_in_thread": 0,
    "parent_url": null,
    "author": "/cronologia/-/meta/redaccion",
    "published": "2024-05-04T21:24:00.000+03:00",
    "title": "Girona le da la vuelta al Barcelona para clasificarse a la Champions y que el Real Madrid sea campeón de España",
    "text": "Madrid, España.- El Girona se quedó con el derbi catalán este sábado tras imponerse ante Barcelona en Montilivi (4-2) por la jornada 34 de LaLiga, un resultado que festejaron en [Real Madrid](https://www.elheraldo.hn/deportes/real-madrid-vender-muchas-entradas-espana-EJ19104077) porque sirvió para proclamarse campeón del certanen a cuatro fechas del cierre. Los blancos cumplieron más temprano en casa al golear al Cádiz (3-0) y luego todas las miradas estaban puestas en Montilivi. El [Barcelona](https://www.elheraldo.hn/deportes/l-bayern-munich-antes-duelo-ante-real-madrid-por-champions-FJ19104230) necesitaba ganar para mantener la distancia con los merengues y pelear hasta lo último por ese campeonato. Sin embargo, pierden la segunda plaza que ahora toma el Girona y que los ubica para disputar la Supercopa del próximo año, además de un puesto en la Champions League. Con este triunfo, el Girona suma 74 puntos y los azulgranas quedan en tercero con 73. Ambos clubes seguirán teniendo esa lucha por terminar como escolta del campeón [Real Madrid](https://www.elheraldo.hn/deportes/tabla-posiciones-espana-real-madrid-coronarse-campeon-KJ19103779) hasta que acabe la temporada. Andreas Christensen con un golazo desde fuera del área en el minuto 3 y otro de Lewandowski al filo del descanso desde el manchón penal (45+1) marcaron para la visita El ucraniano Ante Dovbyk había marcado el empate para los locales un minuto después del tanto de Chistensen (4). Pero la voltereta en el marcador llegó en el complemento. Portu ingresó de cambio y firmó un doblete en el 63 y 75 mientras que Miguel Gutiérrez, exjugador del Real Madrid, hizo el suyo al 65. El Girona tendrá su próximo compromiso este viernes cuando se enfrente al Alavés mientras que Barcelona lo hará hasta el siguiente lunes cuendo se mida ante la Real Sociedad. Ambos clubes seguirán peleando por ese segundo lugar de la tabla. La caída blaugrana le dio al Real Madrid su título número 36 de LaLiga y lo consigue después de sumar 87 unidades. El equipo de Ancelotti solo ha concedido una derrota en todo el torneo y llegará más motivado que nunca para la vuelta de semifinales ante Bayern Múnich en la Champions Legue, el miércoles.",
    "highlightText": "",
    "highlightTitle": "",
    "highlightThreadTitle": "",
    "language": "spanish",
    "sentiment": "positive",
    "categories": [
        "War, Conflict and Unrest",
        "Sport"
    ],
    "webz_reporter": false,
    "external_links": [],
    "external_images": [],
    "entities": {
        "persons": [],
        "organizations": [],
        "locations": []
    },
    "rating": null,
    "crawled": "2024-05-04T22:14:08.822+03:00",
    "updated": "2024-05-04T22:14:08.822+03:00"
}