{
    "thread": {
        "uuid": "7442244eebf21ae14ba40025139f0abe6ed71518",
        "url": "https://andaluciainformacion.es/granada/1647561/hamas-expresa-su-satisfaccion-por-anuncio-de-petro-sobre-ruptura-de-colombia-con-israel",
        "site_full": "andaluciainformacion.es",
        "site": "andaluciainformacion.es",
        "site_section": "https://andaluciainformacion.es/granada",
        "site_categories": [
            "media"
        ],
        "section_title": "Andalucía Información. Todas las noticias de Granada",
        "title": "Hamás expresa su satisfacción por anuncio de Petro sobre ruptura de Colombia con Israel | Andalucía Información. Todas las noticias de Granada",
        "title_full": "Hamás expresa su satisfacción por anuncio de Petro sobre ruptura de Colombia con Israel | Andalucía Información. Todas las noticias de Granada",
        "published": "2024-05-02T12:38:00.000+03:00",
        "replies_count": 0,
        "participants_count": 1,
        "site_type": "news",
        "country": "ES",
        "main_image": "https://publicacionesdelsur.b-cdn.net/articulos/articulos-1041595.jpg",
        "performance_score": 0,
        "domain_rank": 42131,
        "domain_rank_updated": "2024-04-30T13:08:01.000+03:00",
        "reach": null,
        "social": {
            "facebook": {
                "likes": 0,
                "comments": 0,
                "shares": 0
            },
            "gplus": {
                "shares": 0
            },
            "pinterest": {
                "shares": 0
            },
            "linkedin": {
                "shares": 0
            },
            "stumbledupon": {
                "shares": 0
            },
            "vk": {
                "shares": 0
            }
        }
    },
    "uuid": "7442244eebf21ae14ba40025139f0abe6ed71518",
    "url": "https://andaluciainformacion.es/granada/1647561/hamas-expresa-su-satisfaccion-por-anuncio-de-petro-sobre-ruptura-de-colombia-con-israel",
    "ord_in_thread": 0,
    "parent_url": null,
    "author": "@andaluciainf",
    "published": "2024-05-02T12:38:00.000+03:00",
    "title": "Hamás expresa su satisfacción por anuncio de Petro sobre ruptura de Colombia con Israel | Andalucía Información. Todas las noticias de Granada",
    "text": "El grupo islamista Hamás expresó este jueves su satisfacción por el anuncio del presidente de Colombia, Gustavo Petro, de que su Gobierno romperá las relaciones diplomáticas con Israel por el \"genocidio\" contra el pueblo palestino. \"Acogemos con gran satisfacción la posición del presidente colombiano Gustavo Petro, quien anunció la ruptura de relaciones diplomáticas con la entidad ocupante sionista, ante la continuación de la guerra de exterminio llevada a cabo por el ejército de ocupación nazi contra nuestro pueblo palestino\", expresó Hamás en un comunicado. \"En la Franja de Gaza consideramos esta posición una victoria de los sacrificios de nuestro pueblo y de su justa causa\", agregó la organización en su pronunciamiento. El grupo también hizo un llamado a los países suramericanos y en general a la comunidad internacional a \"romper completamente las relaciones diplomáticas\" con Israel, al que acusó de \"cometer crímenes\" y desacatar \"todas las leyes y convenciones internacionales\". Petro hizo el anuncio sobre la ruptura de las relaciones con Israel durante un discurso que pronunció ante miles de manifestantes en el marco del Día Internacional del Trabajo. \"Aquí delante de ustedes, el Gobierno del cambio, el presidente de la república, informa que mañana se romperán las relaciones diplomáticas con el Estado de Israel (...) por tener un Gobierno, por tener un presidente genocida\", manifestó Petro. \"No puede ser, no puede volver, no pueden llegar las épocas del genocidio, del exterminio de un pueblo entero ante nuestros ojos, ante nuestra pasividad\", manifestó el mandatario delante los trabajadores. El líder izquierdista ya había amenazado el pasado 15 de octubre, dos semanas después del comienzo de la guerra en Gaza tras los ataques a Israel del brazo armado de Hamás, con suspender relaciones diplomáticas con el Estado judío. Envía tu noticia a: [participa@andaluciainformacion.es](mailto:participa@andaluciainformacion.es)",
    "highlightText": "",
    "highlightTitle": "",
    "highlightThreadTitle": "",
    "language": "spanish",
    "sentiment": "positive",
    "categories": [
        "War, Conflict and Unrest"
    ],
    "webz_reporter": false,
    "external_links": [],
    "external_images": [],
    "entities": {
        "persons": [],
        "organizations": [],
        "locations": []
    },
    "rating": null,
    "crawled": "2024-05-03T05:12:55.699+03:00",
    "updated": "2024-05-03T05:12:55.699+03:00"
}