{
    "thread": {
        "uuid": "a6189e5901e60bc98674885a42298b990859e93d",
        "url": "https://www.lesoir.be/585432/article/2024-05-03/thomas-bach-aux-jeux-israel-et-la-palestine-coexistent-pacifiquement-depuis-30",
        "site_full": "www.lesoir.be",
        "site": "lesoir.be",
        "site_section": "https://www.lesoir.be",
        "site_categories": [
            "politics",
            "law_government_and_politics",
            "media"
        ],
        "section_title": "Le Soir – L’actualité en direct en Belgique et ailleurs",
        "title": "Thomas Bach : « Aux Jeux, Israël et la Palestine coexistent pacifiquement depuis 30 ans » - Le Soir",
        "title_full": "Thomas Bach : « Aux Jeux, Israël et la Palestine coexistent pacifiquement depuis 30 ans » - Le Soir",
        "published": "2024-05-03T03:00:00.000+03:00",
        "replies_count": 0,
        "participants_count": 1,
        "site_type": "news",
        "country": "BE",
        "main_image": "https://leseng.rosselcdn.net/sites/default/files/dpistyles_v2/ena_16_9_extra_big/2024/04/27/node_585432/31108346/public/2024/04/27/16587100.jpeg?itok=S5MOB08F1714743517",
        "performance_score": 0,
        "domain_rank": 4886,
        "domain_rank_updated": "2024-04-30T13:07:54.000+03:00",
        "reach": null,
        "social": {
            "facebook": {
                "likes": 0,
                "comments": 0,
                "shares": 1
            },
            "gplus": {
                "shares": 0
            },
            "pinterest": {
                "shares": 0
            },
            "linkedin": {
                "shares": 0
            },
            "stumbledupon": {
                "shares": 0
            },
            "vk": {
                "shares": 0
            }
        }
    },
    "uuid": "a6189e5901e60bc98674885a42298b990859e93d",
    "url": "https://www.lesoir.be/585432/article/2024-05-03/thomas-bach-aux-jeux-israel-et-la-palestine-coexistent-pacifiquement-depuis-30",
    "ord_in_thread": 0,
    "parent_url": null,
    "author": "Par Philippe Vande Weyer",
    "published": "2024-05-03T03:00:00.000+03:00",
    "title": "Thomas Bach : « Aux Jeux, Israël et la Palestine coexistent pacifiquement depuis 30 ans » - Le Soir",
    "text": "Thomas Bach : « Aux Jeux, Israël et la Palestine coexistent pacifiquement depuis 30 ans » Les Jeux de Paris (26 juillet-11 août) approchent à grands pas. Pour le Comité international olympique (CIO) et son président Thomas Bach, l’impatience augmente au fil des jours avant ces premiers JO organisés selon les préceptes de durabilité de l’Agenda olympique 2020. Mais il y a aussi la situation internationale qui ajoute à la nervosité. « En ces temps de crise, de guerres, de sanctions, de controverses, le monde attend plus que jamais que l’on se retrouve à l’occasion d’une compétition sportive qui se déroule dans la paix », dit l’Allemand. Un moment suspendu, en quelque sorte, dont il semble persuadé de la réussite comme il l’a expliqué ce vendredi à une dizaine de médias internationaux avant d’aborder plusieurs autres sujets. Etes-vous totalement rassuré en matière de sécurité en cette période trouble ? Accédez à l'information nationale et internationale vérifiée et décryptée 1€/semaine pendant 4 semaines (sans engagement) Avec cette offre, profitez de : L’accès illimité à tous les articles, dossiers et reportages de la rédaction Le journal en version numérique (PDF) Un confort de lecture avec publicité limitée",
    "highlightText": "",
    "highlightTitle": "",
    "highlightThreadTitle": "",
    "language": "french",
    "sentiment": "positive",
    "categories": [
        "Arts, Culture and Entertainment",
        "War, Conflict and Unrest"
    ],
    "webz_reporter": false,
    "external_links": [],
    "external_images": [],
    "entities": {
        "persons": [],
        "organizations": [],
        "locations": []
    },
    "rating": null,
    "crawled": "2024-05-03T17:18:57.663+03:00",
    "updated": "2024-05-03T17:18:57.663+03:00"
}