{
    "thread": {
        "uuid": "83911cf058b438d4adfe3b80fb85a101eadab0b1",
        "url": "https://theeagle.com/opinion/column/jane-droppa-honoring-the-greatest-generation-reflecting-on-wwii-and-the-legacy-of-the-national/article_c8102f24-099d-11ef-9b59-93271aa0d119.html",
        "site_full": "theeagle.com",
        "site": "theeagle.com",
        "site_section": "http://www.theeagle.com//search/?q=&t=article&l=100&d=&d1=&d2=&s=start_time&sd=desc&nsa=eedition&c[]=opinion,opinion/*&f=rss",
        "site_categories": [
            "media"
        ],
        "section_title": "The Eagle – Brazos Sports/Schools/College Station",
        "title": "World War II Memorial in Washington honors those who served",
        "title_full": "World War II Memorial in Washington honors those who served",
        "published": "2024-05-03T03:00:00.000+03:00",
        "replies_count": 0,
        "participants_count": 1,
        "site_type": "news",
        "country": "US",
        "main_image": "https://bloximages.chicago2.vip.townnews.com/theeagle.com/content/tncms/assets/v3/editorial/d/74/d7447db3-ce34-562d-b54c-662f41211c1f/624e299e48dd6.image.jpg?crop=1765%2C927%2C0%2C123&amp;resize=1200%2C630&amp;order=crop%2Cresize",
        "performance_score": 0,
        "domain_rank": 21600,
        "domain_rank_updated": "2024-04-30T13:07:54.000+03:00",
        "reach": null,
        "social": {
            "facebook": {
                "likes": 0,
                "comments": 0,
                "shares": 0
            },
            "gplus": {
                "shares": 0
            },
            "pinterest": {
                "shares": 0
            },
            "linkedin": {
                "shares": 0
            },
            "stumbledupon": {
                "shares": 0
            },
            "vk": {
                "shares": 0
            }
        }
    },
    "uuid": "83911cf058b438d4adfe3b80fb85a101eadab0b1",
    "url": "https://theeagle.com/opinion/column/jane-droppa-honoring-the-greatest-generation-reflecting-on-wwii-and-the-legacy-of-the-national/article_c8102f24-099d-11ef-9b59-93271aa0d119.html",
    "ord_in_thread": 0,
    "parent_url": null,
    "author": "JANE DROPPA InsideSources",
    "published": "2024-05-03T03:00:00.000+03:00",
    "title": "World War II Memorial in Washington honors those who served",
    "text": "Facebook Twitter WhatsApp SMS Email Print Copy article link Save",
    "highlightText": "",
    "highlightTitle": "",
    "highlightThreadTitle": "",
    "language": "english",
    "sentiment": "positive",
    "categories": [
        "War, Conflict and Unrest"
    ],
    "webz_reporter": false,
    "external_links": [
        "http://InsideSources.com",
        "http://www.InsideSources.com"
    ],
    "external_images": [],
    "entities": {
        "persons": [],
        "organizations": [
            {
                "name": "nazi",
                "sentiment": "none"
            }
        ],
        "locations": [
            {
                "name": "washington",
                "sentiment": "none"
            },
            {
                "name": "europe",
                "sentiment": "none"
            },
            {
                "name": "germany",
                "sentiment": "none"
            }
        ]
    },
    "rating": null,
    "crawled": "2024-05-04T06:43:07.739+03:00",
    "updated": "2024-05-25T07:09:00.083+03:00"
}