{
    "thread": {
        "uuid": "e40beaf57b549409f9a1c2b2c20ea9aac3c37f1c",
        "url": "https://punchng.com/715-terrorists-killed-465-hostages-rescued-in-april-dhq",
        "site_full": "punchng.com",
        "site": "punchng.com",
        "site_section": "http://www.punchng.com/comments/feed",
        "site_categories": [
            "media",
            "top_news"
        ],
        "section_title": "Punch Newspapers - Latest News",
        "title": "715 terrorists killed, 465 hostages rescued in April – DHQ",
        "title_full": "715 terrorists killed, 465 hostages rescued in April – DHQ",
        "published": "2024-05-03T03:10:00.000+03:00",
        "replies_count": 0,
        "participants_count": 1,
        "site_type": "news",
        "country": "NG",
        "main_image": "https://cdn.punchng.com/wp-content/uploads/2024/03/01154043/Major-General-Edward-Buba.png",
        "performance_score": 0,
        "domain_rank": 6544,
        "domain_rank_updated": "2024-04-30T13:07:54.000+03:00",
        "reach": null,
        "social": {
            "facebook": {
                "likes": 0,
                "comments": 0,
                "shares": 0
            },
            "gplus": {
                "shares": 0
            },
            "pinterest": {
                "shares": 0
            },
            "linkedin": {
                "shares": 0
            },
            "stumbledupon": {
                "shares": 0
            },
            "vk": {
                "shares": 0
            }
        }
    },
    "uuid": "e40beaf57b549409f9a1c2b2c20ea9aac3c37f1c",
    "url": "https://punchng.com/715-terrorists-killed-465-hostages-rescued-in-april-dhq",
    "ord_in_thread": 0,
    "parent_url": null,
    "author": "Gift Habib",
    "published": "2024-05-03T03:10:00.000+03:00",
    "title": "715 terrorists killed, 465 hostages rescued in April – DHQ",
    "text": "The Nigerian Defence Headquarters, on Thursday, said troops killed over 715 terrorists in April, while 465 kidnapped hostages",
    "highlightText": "",
    "highlightTitle": "",
    "highlightThreadTitle": "",
    "language": "english",
    "sentiment": "positive",
    "categories": [
        "War, Conflict and Unrest"
    ],
    "webz_reporter": false,
    "external_links": [],
    "external_images": [],
    "entities": {
        "persons": [
            {
                "name": "maj-gen edward buba",
                "sentiment": "none"
            },
            {
                "name": "buba",
                "sentiment": "none"
            }
        ],
        "organizations": [
            {
                "name": "defence media operation",
                "sentiment": "none"
            }
        ],
        "locations": [
            {
                "name": "abuja",
                "sentiment": "none"
            }
        ]
    },
    "rating": null,
    "crawled": "2024-05-03T04:38:01.745+03:00",
    "updated": "2024-05-03T07:21:33.754+03:00"
}