{
    "thread": {
        "uuid": "8546806a57817314562e0bdc5f796cbeef023a95",
        "url": "https://www.hispantv.com/noticias/palestina/583799/unesco-premio-mundial-libertad-prensa-periodistas-gaza",
        "site_full": "www.hispantv.com",
        "site": "hispantv.com",
        "site_section": "https://www.hispantv.com//category/centroamerica/103",
        "site_categories": [
            "media"
        ],
        "section_title": " Centroamérica | HISPANTV",
        "title": "Unesco otorga Premio a Libertad de Prensa a periodistas en Gaza | HISPANTV",
        "title_full": "Unesco otorga Premio a Libertad de Prensa a periodistas en Gaza | HISPANTV",
        "published": "2024-05-03T21:13:00.000+03:00",
        "replies_count": 0,
        "participants_count": 1,
        "site_type": "news",
        "country": "ES",
        "main_image": "https://cdn.hispantv.com/hispanmedia/files/images/thumbnail/20240503/15195367_xl.jpg",
        "performance_score": 0,
        "domain_rank": 57738,
        "domain_rank_updated": "2024-04-30T13:08:01.000+03:00",
        "reach": null,
        "social": {
            "facebook": {
                "likes": 0,
                "comments": 0,
                "shares": 0
            },
            "gplus": {
                "shares": 0
            },
            "pinterest": {
                "shares": 0
            },
            "linkedin": {
                "shares": 0
            },
            "stumbledupon": {
                "shares": 0
            },
            "vk": {
                "shares": 0
            }
        }
    },
    "uuid": "8546806a57817314562e0bdc5f796cbeef023a95",
    "url": "https://www.hispantv.com/noticias/palestina/583799/unesco-premio-mundial-libertad-prensa-periodistas-gaza",
    "ord_in_thread": 0,
    "parent_url": null,
    "author": "HispanTV",
    "published": "2024-05-03T21:13:00.000+03:00",
    "title": "Unesco otorga Premio a Libertad de Prensa a periodistas en Gaza | HISPANTV",
    "text": "La Unesco ha otorgado su Premio Mundial a la Libertad de Prensa a todos los periodistas palestinos que cubren la guerra genocida de Israel en la Franja de Gaza.\nMauricio Weibel, presidente del Jurado Internacional de profesionales de los medios de comunicación, anunció el premio durante una ceremonia en Santiago, la capital de Chile, el jueves, en vísperas del Día Mundial de la Libertad de Prensa.\n“En estos tiempos de oscuridad y desesperanza, queremos transmitir un firme mensaje de solidaridad y reconocimiento a los periodistas palestinos que están cubriendo esta crisis en circunstancias tan dramáticas” , dijo.\nWeibel destacó que como humanidad, tenemos una enorme deuda con su valentía y su compromiso con la libertad de expresión.\nPor su parte, la directora general de la Organización de las Naciones Unidas para la Educación, la Ciencia y la Cultura (Unesco), Audrey Azoulay, dijo que el premio rinde homenaje al coraje de los periodistas que enfrentan circunstancias difíciles y peligrosas.\nAmordazar la verdad: Israel ha asesinado al 10 % de reporteros de Gaza | HISPANTV El ejército israelí ha asesinado al 10 % de los periodistas de Gaza en un intento de callar las voces que informan al mundo de lo que está ocurriendo en la franja.\nIsrael desató una guerra genocida contra la Franja de Gaza, respaldado por Estados Unidos, el 7 de octubre después de sufrir un fracaso sin precedentes durante una operación sorpresa del Movimiento de Resistencia Islámica de Palestina (HAMAS), llevada a cabo contra la entidad ocupante en represalia por sus atrocidades intensificadas contra el pueblo palestino. Hasta ahora, el régimen de Tel Aviv ha matado a más de 34 600 palestinos, en su mayoría mujeres y niños.\nHAMAS: matanza de periodistas por Israel es crimen de guerra deliberado En esta guerra, ha estado atacando deliberadamente a periodistas y sus familias en un intento por evitar que expongan los crímenes de guerra de Israel en Gaza. Casi 146 periodistas han sido asesinados en la guerra de Gaza.\nEste viernes, HAMAS ha agradecido a los trabajadores de los medios y periodistas que transmiten la verdad sobre la ofensiva israelí y exponen las atrocidades contra los palestinos.\nCPJ: Israel bate un récord histórico en matanza de periodistas en Gaza En una declaración con motivo del Día Mundial de la Libertad de Prensa, el grupo de Resistencia también advirtió que los crímenes israelíes contra periodistas no oscurecerán el terrorismo del régimen.\nHAMAS ha denunciado que el régimen sionista está llevando a cabo una guerra agresiva contra periodistas, profesionales de los medios de comunicación palestinos, mediante ataques directos y deliberados, incluidos asesinatos, arrestos, persecuciones y restricciones, en flagrante violación de todas las normas y pactos internacionales.\n“Exigimos a todas las instituciones de derechos humanos que criminalicen las violaciones y los crímenes de la ocupación contra los periodistas palestinos”, ha reclamado.\nOrganizaciones de DDHH señalan a Israel por asesinatos de periodistas ght/tmv",
    "highlightText": "",
    "highlightTitle": "",
    "highlightThreadTitle": "",
    "language": "spanish",
    "sentiment": "positive",
    "categories": [
        "War, Conflict and Unrest",
        "Politics"
    ],
    "webz_reporter": false,
    "external_links": [
        "https://t.me/hispantvcanal",
        "https://t.me/hispantvcanal--",
        "https://www.t.me/hispantvcanal",
        "https://www.t.me/hispantvcanal--"
    ],
    "external_images": [],
    "entities": {
        "persons": [],
        "organizations": [],
        "locations": []
    },
    "rating": null,
    "crawled": "2024-05-03T21:29:36.213+03:00",
    "updated": "2024-05-03T21:29:36.213+03:00"
}