{
    "thread": {
        "uuid": "318b2d6b5fd32867f6996d6c7b6b1763b1915fd3",
        "url": "https://www.schooltube.com/the-rim-116-rolling-airframe-missile-a-guardian-of-the-seas",
        "site_full": "www.schooltube.com",
        "site": "schooltube.com",
        "site_section": "https://www.schooltube.com/category/boats-ships/",
        "site_categories": [],
        "section_title": null,
        "title": "The RIM-116 Rolling Airframe Missile: A Guardian of the Seas",
        "title_full": "The RIM-116 Rolling Airframe Missile: A Guardian of the Seas",
        "published": "2024-05-04T00:47:00.000+03:00",
        "replies_count": 0,
        "participants_count": 1,
        "site_type": "news",
        "country": "US",
        "main_image": "",
        "performance_score": 0,
        "domain_rank": 42154,
        "domain_rank_updated": "2024-04-30T13:08:01.000+03:00",
        "reach": null,
        "social": {
            "facebook": {
                "likes": 0,
                "comments": 0,
                "shares": 0
            },
            "gplus": {
                "shares": 0
            },
            "pinterest": {
                "shares": 0
            },
            "linkedin": {
                "shares": 0
            },
            "stumbledupon": {
                "shares": 0
            },
            "vk": {
                "shares": 0
            }
        }
    },
    "uuid": "318b2d6b5fd32867f6996d6c7b6b1763b1915fd3",
    "url": "https://www.schooltube.com/the-rim-116-rolling-airframe-missile-a-guardian-of-the-seas",
    "ord_in_thread": 0,
    "parent_url": null,
    "author": "SchoolTube Community",
    "published": "2024-05-04T00:47:00.000+03:00",
    "title": "The RIM-116 Rolling Airframe Missile: A Guardian of the Seas",
    "text": "Title: The RIM-116 Rolling Airframe Missile: A Technological Marvel in Naval Defense\nIn the vast expanse of the world’s oceans, where naval vessels navigate through treacherous waters, the RIM-116 Rolling Airframe Missile (RAM) stands as a guardian, providing unwavering protection against incoming threats. This small, lightweight, and highly maneuverable surface-to-air missile has become a cornerstone of modern naval defense systems, employed by navies across the globe.\nA Brief Overview The RIM-116 Rolling Airframe Missile, often referred to as the RAM, is a compact and agile missile designed to intercept and neutralize incoming anti-ship missiles. It operates on the principle of infrared homing, utilizing advanced sensors to track and lock onto the heat signatures emitted by its targets. This capability allows the RAM to effectively engage and destroy enemy missiles, safeguarding naval vessels from potential harm.\nVariants and Enhancements Over the years, the RAM has undergone several upgrades and modifications, resulting in the development of different variants. These variants boast improved performance, enhanced capabilities, and increased effectiveness against evolving threats.\nBlock 0 (RIM-116A): The original version of the RAM, known as Block 0, was based on the design of the AIM-9 Sidewinder air-to-air missile. It utilized the rocket motor, fuze, and warhead of the Sidewinder, demonstrating its adaptability and versatility. Block 1 (RIM-116B): The Block 1 variant introduced a significant upgrade by incorporating an overall infrared-only guidance system. This enhancement enabled the RAM to intercept missiles that did not emit radar signals, expanding its defensive capabilities. Block 2 (RIM-116C): The Block 2 variant represents the most advanced iteration of the RAM missile. It features a four-axis independent control actuator system, increased rocket motor capability, an improved passive radio frequency seeker, and upgraded components of the infrared seeker. These enhancements provide the RAM with exceptional maneuverability, precision, and effectiveness against even the most agile anti-ship missiles. Global Adoption and Significance The RIM-116 Rolling Airframe Missile has gained widespread recognition and adoption by navies around the world. Its proven reliability, exceptional performance, and adaptability have made it an indispensable asset in modern naval warfare. Countries such as Germany, Japan, Greece, Turkey, South Korea, Saudi Arabia, Egypt, Mexico, the United Arab Emirates, and the United States have incorporated the RAM into their naval defense systems, underscoring its global significance.\nConclusion The RIM-116 Rolling Airframe Missile stands as a testament to human ingenuity and technological advancement in the realm of naval defense. Its ability to intercept and neutralize incoming threats with precision and efficiency has revolutionized modern naval warfare. As the world’s navies continue to face evolving challenges, the RAM remains a vital component in safeguarding vessels and personnel, ensuring their safety and security in the vast expanse of the world’s oceans.",
    "highlightText": "",
    "highlightTitle": "",
    "highlightThreadTitle": "",
    "language": "english",
    "sentiment": "positive",
    "categories": [
        "War, Conflict and Unrest",
        "Science and Technology",
        "Human Interest"
    ],
    "webz_reporter": false,
    "external_links": [
        "https://www.youtube.com/embed/vxy8XcE1VjE?feature=oembed",
        "https://www.youtube.com/embed/vxy8XcE1VjE",
        "https://youtube.com/embed/vxy8XcE1VjE?feature=oembed"
    ],
    "external_images": [],
    "entities": {
        "persons": [],
        "organizations": [],
        "locations": []
    },
    "rating": null,
    "crawled": "2024-05-04T01:47:32.213+03:00",
    "updated": "2024-05-04T01:47:32.213+03:00"
}