{
    "thread": {
        "uuid": "bf836944518f8470da8da9180d9bebaa501c2447",
        "url": "https://www.7sur7.be/monde/dans-un-esprit-positif-le-hamas-se-rend-en-egypte-pour-discuter-de-loffre-de-treve-a-gaza~aca06b22",
        "site_full": "www.7sur7.be",
        "site": "7sur7.be",
        "site_section": "http://www.7s7.be/rss.xml",
        "site_categories": [
            "media"
        ],
        "section_title": "7sur7:home",
        "title": "Dans un “esprit positif”, le Hamas se rend en Égypte pour discuter de l’offre de trêve à Gaza",
        "title_full": "Dans un “esprit positif”, le Hamas se rend en Égypte pour discuter de l’offre de trêve à Gaza",
        "published": "2024-05-04T08:37:00.000+03:00",
        "replies_count": 0,
        "participants_count": 1,
        "site_type": "news",
        "country": "BE",
        "main_image": "https://images0.persgroep.net/rcs/vy9DK60c8tstqEzcFFS3Ak5baIA/diocontent/243144910/_focus/0.57/0.54/_fill/1200/630/?appId=21791a8992982cd8da851550a453bd7f&amp;quality=0.7",
        "performance_score": 0,
        "domain_rank": 18912,
        "domain_rank_updated": "2024-04-30T13:07:54.000+03:00",
        "reach": null,
        "social": {
            "facebook": {
                "likes": 0,
                "comments": 0,
                "shares": 0
            },
            "gplus": {
                "shares": 0
            },
            "pinterest": {
                "shares": 0
            },
            "linkedin": {
                "shares": 0
            },
            "stumbledupon": {
                "shares": 0
            },
            "vk": {
                "shares": 0
            }
        }
    },
    "uuid": "bf836944518f8470da8da9180d9bebaa501c2447",
    "url": "https://www.7sur7.be/monde/dans-un-esprit-positif-le-hamas-se-rend-en-egypte-pour-discuter-de-loffre-de-treve-a-gaza~aca06b22",
    "ord_in_thread": 0,
    "parent_url": null,
    "author": "Rédaction",
    "published": "2024-05-04T08:37:00.000+03:00",
    "title": "Dans un “esprit positif”, le Hamas se rend en Égypte pour discuter de l’offre de trêve à Gaza",
    "text": "Dans un “esprit positif”, le Hamas se rend en Égypte pour discuter de l’offre de trêve à Gaza\nUne délégation du Hamas se rend samedi au Caire pour “poursuivre les discussions” afin de “parvenir à un accord” de trêve dans la bande de Gaza avec Israël, qui menace de lancer une opération terrestre dans le secteur de Rafah malgré les mises en garde de Washington et de l’ONU.\n“La réalité, en ce moment, c’est que le seul obstacle entre le peuple de Gaza et un cessez-le-feu, c’est le Hamas”, a affirmé vendredi soir le secrétaire d’État américain Antony Blinken, qui avait déjà qualifié d’”extraordinairement généreux” le projet de trêve proposé par Israël.\nDans un communiqué publié tard vendredi, le mouvement islamiste palestinien a dit être dans un “esprit positif”. “À la lumière des récents contacts avec les frères médiateurs en Égypte et au Qatar, la délégation du Hamas se rendra au Caire samedi pour achever les discussions”, a-t-il ajouté.\nAu pouvoir dans la bande de Gaza depuis 2007, le Hamas est toutefois “déterminé” à obtenir “un arrêt total de l’agression” israélienne, “le retrait” des forces israéliennes et “un arrangement sérieux pour l’échange” d’otages israéliens contre des prisonniers palestiniens.\nUn haut responsable du Hamas a confirmé à l’AFP que la délégation arrivera en matinée au Caire et sera menée par Khalil al-Hayya, N.2 de la branche politique du mouvement dans la bande de Gaza. Et selon le site Axios, le chef de la CIA, William Burns, est déjà arrivé vendredi soir dans la capitale égyptienne, signe que l’heure des décisions clés a sonné après des mois de tractations.\nLes médiateurs - Égypte, Qatar et États-Unis - attendent depuis près d’une semaine la réponse du Hamas à une nouvelle offre de trêve soumise fin avril. La délégation du mouvement islamiste avait alors annoncé quitter Le Caire, lieu des derniers pourparlers, pour se rendre au Qatar afin d’étudier cette offre de trêve tout en promettant de retourner en Égypte pour transmettre sa réponse.\nTrêve ou Rafah?\nL’offre comprend une pause de l’offensive israélienne et la libération de prisonniers palestiniens contre celle d’otages enlevés lors de l’attaque sans précédent du Hamas le 7 octobre dans le sud d’Israël, qui a déclenché la guerre.\nOr le Hamas insiste sur un cessez-le-feu définitif, ce que refuse Israël qui insiste pour mener une offensive terrestre sur le secteur de Rafah (sud), dernier grand bastion du mouvement islamiste où s’entassent plus d’un million de Palestiniens, en majorité des déplacés par les violences.\n“Nous ferons ce qui est nécessaire pour gagner et vaincre notre ennemi, y compris à Rafah”, a répété cette semaine le Premier ministre israélien Benjamin Netanyahu en réaffirmant son intention de lancer cette offensive “avec ou sans accord” de trêve. Mais pour Hossam Badran, membre du bureau politique du Hamas, les déclarations de M. Netanyahu sur un assaut à Rafah “visent clairement à faire échouer toute possibilité d’accord”.\nDans la nuit de vendredi à samedi, des sources hospitalières ont fait état de frappes israéliennes à Rafah mais aussi dans la ville voisine de Khan Younès, détruite après une opération terrestre israélienne et d’intenses combats avec le Hamas.\n(La suite ci-dessous)\n“Bain de sang”\nSelon le Wall Street Journal, qui cite des sources égyptiennes, Israël donnerait encore une semaine aux pourparlers en vue d’une trêve, sans quoi son armée lancera son offensive promise depuis des semaines sur le secteur de Rafah, situé à la lisière de l’Égypte.\nLes États-Unis, grand allié d’Israël, ont manifesté à plusieurs reprises leur opposition à cette attaque. Selon M. Blinken, Israël n’a présenté aucun plan pour protéger les civils de Rafah. “En l’absence d’un tel plan, nous ne pouvons pas soutenir une opération militaire d’envergure à Rafah, car les dommages qu’elle causerait seraient au-delà de ce qui est acceptable”, a-t-il averti.\n“Une opération militaire à grande échelle à Rafah pourrait conduire à un bain de sang”, a prévenu lui aussi vendredi Tedros Adhanom Ghebreyesus le chef de l’Organisation mondiale de la Santé (OMS) qui prépare un plan d’urgence pour “faire face à une augmentation des blessés et des morts” en cas d’opération à Rafah.\n“Ce plan d’urgence n’est qu’un pansement”, a déclaré Rik Peeperkorn, le représentant de l’OMS dans les territoires palestiniens. “Le système de santé en difficulté ne sera pas en mesure de résister à l’ampleur potentielle de la dévastation que l’incursion causerait”, a-t-il ajouté.\nL’aide internationale, strictement contrôlée par Israël, arrive au compte-gouttes principalement d’Égypte via Rafah, et reste très insuffisante pour répondre aux besoins des quelque 2,4 millions de Gazaouis.\nFace aux difficultés d’acheminement de l’aide par la route, des vivres sont parachutés par plusieurs pays sur Gaza. Les États-Unis construisent de leur côté un port artificiel au large de Gaza et une jetée afin de faciliter l’acheminement de l’aide par voie maritime.\n“Ces enfants dormaient”\nUne opération à l’heure actuelle interviendrait dans un contexte déjà tendu aux États-Unis avec la multiplication des manifestations contre la conduite de la guerre à Gaza sur les campus.\nEt 88 parlementaires dans les rangs des démocrates américains ont exhorté vendredi le président Joe Biden à envisager d’interrompre ses ventes d’armes à Israël si le gouvernement israélien ne change pas sa conduite de la guerre contre le Hamas.\nCette guerre Israël-Hamas a débuté le 7 octobre par une attaque de commandos du mouvement islamiste dans le sud israélien qui a entraîné la mort de plus de 1.170 personnes, essentiellement des civils, selon un bilan de l’AFP établi à partir de données officielles israéliennes.\nDurant l’attaque, plus de 250 personnes ont été enlevées et 128 restent captives à Gaza, dont 35 sont mortes, selon l’armée. En représailles, Israël a lancé une offensive de grande envergure à Gaza qui a fait jusqu’à présent 34.622 morts, majoritairement des civils, selon le ministère de la Santé du Hamas.\nVendredi, dans un quartier de Rafah, plusieurs corps, dont ceux d’enfants, ont été retrouvés sous les décombres de la maison de la famille Chahine touchée par une frappe israélienne avant l’aube. Sur place, Sanaa Zourob, une Palestinienne qui a perdu sa sœur et six de ses neveux et nièces dans ce bombardement n’en pouvait plus de cette guerre. “Quelle est leur faute à ces enfants? Qu’ont-ils fait pour que leur immeuble soit bombardé? Ces enfants dormaient!”.\nLIRE AUSSI\nUne proposition de cessez-le-feu “extraordinairement généreuse de la part d’Israël” présentée au Hamas\nItalie\nUne grand-mère met accidentellement du vin dans le biberon de son petit-fils, il fait un coma éthylique\n-\nmise à jour\nCouple de Belges disparu à Tenerife: le corps mutilé de Laura Trappeniers a été retrouvé en mer, un sac en plastique autour de la têteLe corps de Laura Trappeniers, la ressortissante belge de 66 ans disparue la semaine dernière avec son conjoint sur l’île de Tenerife, dans les Canaries, a été retrouvé, a confirmé jeudi midi à HLN et VTM Nieuws le SPF Affaires étrangères. Son mari, âgé de 71 ans, est lui toujours porté disparu. D’après le média espagnol ‘El Dia’, un pêcheur a retrouvé le corps mutilé de la sexagénaire en mer avec un sac en plastique sur la tête.\n-\n“La fermeté est et restera totale”: la police évacue les étudiants pro-palestiniens de Sciences Po ParisLes forces de l’ordre françaises sont entrées vendredi avant midi à Sciences Po Paris pour évacuer des militants pro-Gaza qui occupaient le site depuis la veille. Selon un étudiant, “une cinquantaine d’étudiants étaient encore présents dans les locaux de la rue Saint-Guillaume” à ce moment.\n-\n“Le Banquet” de Magritte aux enchères pour plus de 14 millions d’eurosLe tableau “Le Banquet” du peintre surréaliste belge René Magritte (1898-1967) sera mis en vente par Sotheby’s le 16 mai à New York, a annoncé vendredi la maison de ventes aux enchères. La peinture est estimée entre 15 et 20 millions de dollars, soit environ 14 à 18,5 millions d’euros.\n-\nExplosion dans une usine Volvic en France: “Un acte de malveillance”Une explosion a eu lieu dans la nuit de mardi à mercredi dans une usine des eaux françaises de Volvic, dans le Puy-de-Dôme, provoquant des “dégâts importants” et son arrêt technique, a-t-on appris mercredi auprès du parquet de Clermont-Ferrand.\n-\nMonenergie.be\nVoici comment vous pouvez économiser jusqu'à 40% sur les coûts énergétiques liés à votre sèche-linge\n-\nNégociations ou “extorsion”: le clan Trump tente de discréditer l’avocat de Stormy DanielsNégociations ou “extorsion”: la défense de Donald Trump a tout fait jeudi pour discréditer l’avocat de l’ancienne star de films X Stormy Daniels, cité comme témoin, et à travers lui la transaction au coeur du procès pénal à New York de l’ancien président des Etats-Unis.\n-\nPeut-on encore espérer une trêve à Gaza? “Le Hamas donnera une réponse claire dans très peu de temps”Le Hamas répondra “dans très peu de temps” à une offre de trêve avec Israël, a assuré mercredi à l’AFP un de ses dirigeants, soulignant que le mouvement palestinien exigeait toujours un cessez-le-feu permanent et le retrait d’Israël de la bande de Gaza.\n ",
    "highlightText": "",
    "highlightTitle": "",
    "highlightThreadTitle": "",
    "language": "french",
    "sentiment": "positive",
    "categories": [
        "War, Conflict and Unrest"
    ],
    "webz_reporter": false,
    "external_links": [],
    "external_images": [],
    "entities": {
        "persons": [],
        "organizations": [],
        "locations": []
    },
    "rating": null,
    "crawled": "2024-05-04T10:16:33.271+03:00",
    "updated": "2024-05-04T10:16:33.271+03:00"
}