{
    "thread": {
        "uuid": "a02a0e1058d115ce289e0261a3dd33e6341818e2",
        "url": "https://www.schooltube.com/americas-oldest-weapons-still-in-use-a-legacy-of-durability-and-effectiveness-2",
        "site_full": "www.schooltube.com",
        "site": "schooltube.com",
        "site_section": "https://www.schooltube.com/category/history/u-s-history/",
        "site_categories": [],
        "section_title": null,
        "title": "America’s Oldest Weapons Still in Use: A Legacy of Durability and Effectiveness",
        "title_full": "America’s Oldest Weapons Still in Use: A Legacy of Durability and Effectiveness",
        "published": "2024-05-04T01:08:00.000+03:00",
        "replies_count": 0,
        "participants_count": 1,
        "site_type": "news",
        "country": "US",
        "main_image": "",
        "performance_score": 0,
        "domain_rank": 42154,
        "domain_rank_updated": "2024-04-30T13:08:01.000+03:00",
        "reach": null,
        "social": {
            "facebook": {
                "likes": 0,
                "comments": 0,
                "shares": 0
            },
            "gplus": {
                "shares": 0
            },
            "pinterest": {
                "shares": 0
            },
            "linkedin": {
                "shares": 0
            },
            "stumbledupon": {
                "shares": 0
            },
            "vk": {
                "shares": 0
            }
        }
    },
    "uuid": "a02a0e1058d115ce289e0261a3dd33e6341818e2",
    "url": "https://www.schooltube.com/americas-oldest-weapons-still-in-use-a-legacy-of-durability-and-effectiveness-2",
    "ord_in_thread": 0,
    "parent_url": null,
    "author": "SchoolTube Community",
    "published": "2024-05-04T01:08:00.000+03:00",
    "title": "America’s Oldest Weapons Still in Use: A Legacy of Durability and Effectiveness",
    "text": "The Enduring Legacy: America’s Oldest Weapons Still in Use\nIn the ever-evolving landscape of military technology, some weapons stand the test of time, proving their worth through decades of service. These venerable instruments of warfare have witnessed countless battles and technological advancements, yet they continue to play vital roles in modern combat. Join us as we explore the top 10 oldest weapons manufactured in the United States that are still in use today, each a testament to American ingenuity and durability.\n1. UH-1 Huey: A Versatile Workhorse (In service: 1959–present) The iconic UH-1 Huey helicopter has been a mainstay of military operations since its introduction in 1959. Known for its versatility and adaptability, the Huey has served in various roles, including troop transport, medical evacuation, and combat support. While its use in the U.S. military has diminished, it remains in service with international users, continuing to prove its worth in diverse environments.\n2. M61 Vulcan: A Rapid-Fire Force (In service: 1959–present) The M61 Vulcan is a six-barreled rotary cannon renowned for its exceptional rate of fire. Capable of unleashing up to 6,000 rounds per minute, the Vulcan has been a formidable weapon in both air-to-air and air-to-ground combat. It has seen extensive use on various aircraft, including the F-104 Starfighter, F-16 Fighting Falcon, and A-10 Thunderbolt II.\n3. M14 Rifle: A Reliable Companion (In service: 1959–present) The M14 rifle, introduced in 1959, was the primary infantry weapon for the U.S. military until the adoption of the M16 rifle. While it has been largely replaced in frontline combat, the M14 continues to serve in specialized roles, such as sniper and marksman duties, due to its accuracy and long-range capabilities.\n4. KC-135 Stratotanker: A Mid-Air Lifeline (In service: 1957–present) The KC-135 Stratotanker is a versatile aerial refueling tanker that has played a crucial role in extending the range and endurance of military aircraft. Introduced in 1957, the KC-135 has undergone numerous upgrades and modifications, ensuring its continued relevance in modern operations. While it is gradually being replaced by the KC-46 Pegasus, the KC-135 remains a vital asset in the U.S. Air Force.\n5. M60 Machine Gun: A Powerful Presence (In service: 1957–present) The M60 machine gun, introduced in 1957, has been a mainstay of U.S. military firepower. Known for its reliability and sustained rate of fire, the M60 has been employed in various combat roles, including infantry support, vehicle-mounted applications, and aircraft armament. While it has been largely replaced by the M249 SAW in frontline combat, the M60 continues to serve in specialized roles, such as with U.S. Navy SEALs and international users.\n6. B-52 Stratofortress: A Legendary Bomber (In service: 1955–present) The B-52 Stratofortress, introduced in 1955, is a true icon of American military aviation. This long-range heavy bomber has played a pivotal role in numerous conflicts, including the Vietnam War and the Cold War. Despite its age, the B-52 has undergone extensive upgrades, including new engines, avionics, and weapons systems, ensuring its continued effectiveness. However, its days are numbered as it is set to be replaced by the B-21 Raider in the near future.\n7. The M2 Machine Gun: A Timeless Classic (In service: 1933–present) The M2 machine gun, also known as the “Ma Deuce,” is a legendary weapon that has seen combat in every major conflict involving the United States since its introduction in 1933. Its versatility and reliability have made it a favorite among infantry, vehicle crews, and aircraft gunners. Despite its age, the M2 continues to be used by the U.S. military and numerous international forces, a testament to its enduring effectiveness.\n8. M1919 Machine Gun: A Veteran of Wars (In service: 1919–present) The M1919 machine gun, introduced in 1919, is a venerable weapon that has seen action in World War I, World War II, the Korean War, and beyond. While it is no longer in service with the U.S. military, it continues to be used by international users, particularly in developing countries. Its simplicity, reliability, and ease of maintenance make it a practical choice for nations with limited resources.\n9. M1911 Pistol: A Trusted Sidearm (In service: 1911–present) The M1911 pistol, introduced in 1911, is an iconic American firearm that has served as the standard-issue sidearm for the U.S. military for over a century. Known for its reliability, accuracy, and stopping power, the M1911 has been used in countless conflicts and has become a symbol of American military prowess. While it has been largely replaced by the M9 pistol, the M1911 continues to be used by some units and remains a popular choice among civilian shooters.\n10. M1903 Springfield: A Legacy of Precision (In service: 1903–present) The M1903 Springfield rifle, introduced in 1903, is the oldest weapon on this list still in use today. It served as the primary infantry rifle for the U.S. military during World War I and saw limited action in World War II. While it has been replaced by more modern firearms, the M1903 Springfield continues to be used for ceremonial purposes and is a prized possession among collectors and enthusiasts.\nThese top 10 oldest weapons manufactured in the United States stand as testaments to American ingenuity, durability, and commitment to military excellence. Their enduring service is a reminder of the dedication and sacrifices made by the men and women who have wielded them in defense of freedom and democracy.",
    "highlightText": "",
    "highlightTitle": "",
    "highlightThreadTitle": "",
    "language": "english",
    "sentiment": "positive",
    "categories": [
        "War, Conflict and Unrest",
        "Arts, Culture and Entertainment",
        "Politics"
    ],
    "webz_reporter": false,
    "external_links": [
        "https://www.youtube.com/embed/Vpqs8VYUZQA?feature=oembed",
        "https://www.youtube.com/embed/Vpqs8VYUZQA",
        "https://youtube.com/embed/Vpqs8VYUZQA?feature=oembed"
    ],
    "external_images": [],
    "entities": {
        "persons": [
            {
                "name": "huey",
                "sentiment": "none"
            }
        ],
        "organizations": [
            {
                "name": "huey",
                "sentiment": "none"
            }
        ],
        "locations": [
            {
                "name": "america",
                "sentiment": "none"
            },
            {
                "name": "u.s.",
                "sentiment": "none"
            },
            {
                "name": "united states",
                "sentiment": "none"
            }
        ]
    },
    "rating": null,
    "crawled": "2024-05-04T01:47:12.358+03:00",
    "updated": "2024-05-04T01:47:12.358+03:00"
}