{
    "thread": {
        "uuid": "77950e0b75e3a9ced485475dbab503aafa417e5a",
        "url": "https://www.lne.es/oviedo/2024/05/04/record-guinness-seguramente-producto-asturiano-101907772.html",
        "site_full": "www.lne.es",
        "site": "lne.es",
        "site_section": "https://www.lne.es/elementosInt/rss/31",
        "site_categories": [
            "media",
            "top_news"
        ],
        "section_title": "",
        "title": "El récord Guinness (seguramente con un producto muy asturiano) con el que Oviedo quiere poner broche de oro a su capitalidad gastronómica",
        "title_full": "El récord Guinness (seguramente con un producto muy asturiano) con el que Oviedo quiere poner broche de oro a su capitalidad gastronómica",
        "published": "2024-05-04T04:07:00.000+03:00",
        "replies_count": 0,
        "participants_count": 1,
        "site_type": "news",
        "country": "ES",
        "main_image": "https://estaticos-cdn.prensaiberica.es/clip/b891e9e0-dea9-4b12-aae4-dee2f63662b3_16-9-aspect-ratio_default_0.jpg",
        "performance_score": 0,
        "domain_rank": 13936,
        "domain_rank_updated": "2024-04-30T13:07:54.000+03:00",
        "reach": null,
        "social": {
            "facebook": {
                "likes": 0,
                "comments": 0,
                "shares": 0
            },
            "gplus": {
                "shares": 0
            },
            "pinterest": {
                "shares": 0
            },
            "linkedin": {
                "shares": 0
            },
            "stumbledupon": {
                "shares": 0
            },
            "vk": {
                "shares": 0
            }
        }
    },
    "uuid": "77950e0b75e3a9ced485475dbab503aafa417e5a",
    "url": "https://www.lne.es/oviedo/2024/05/04/record-guinness-seguramente-producto-asturiano-101907772.html",
    "ord_in_thread": 0,
    "parent_url": null,
    "author": "Lucas Blanco, Lucas Blanco",
    "published": "2024-05-04T04:07:00.000+03:00",
    "title": "El récord Guinness (seguramente con un producto muy asturiano) con el que Oviedo quiere poner broche de oro a su capitalidad gastronómica",
    "text": "El récord Guinness (seguramente con un producto muy asturiano) con el que Oviedo quiere poner broche de oro a su capitalidad gastronómica\nLos promotores de la distinción nacional califican con \"sobresaliente alto\" los cien primeros días de la ciudad como referente de la buena cocina\nLucas Blanco\nOviedo estudia varias opciones para intentar entrar este año en el Libro Guinness de los Records y redondear su reconocimiento como Capital Española de la Gastronomía 2024. Así lo aseguró este viernes el concejal de Turismo, Alfredo García Quintana, después de que los promotores del galardón, Mariano Palacín y Pedro Palacios, le instasen a abordar ese hito durante un acto en el Auditorio de balance de los cien primeros días de capitalidad, que los organizadores calificaron con \"sobresaliente alto\".\nPalacín, que ostenta el cargo de presidente de la Capital Española de la Gastronomía desde su fundación hace doce años, subrayó que las estadísticas récord del turismo en la capital asturiana en el primer trimestre del año hablan por sí solas del éxito del reconocimiento, aunque, tanto él como Palacios (director general del organismo) coincidieron en señalar que la obtención de alguna plusmarca mundial relacionada con la gastronomía local antes del próximo enero podría elevar dicha nota a \"matrícula de honor\".\nQuintana recogió el guante, aunque admitió que el reto no es sencillo. \"No es un objetivo obligatorio, pero lo intentaremos\", resaltó el también concejal de Congresos y Hostelería, en relación a una meta para la que todavía no hay ninguna propuesta en firma, aunque la sidra, el queso u algún otro producto emblemático asturiano figuran en las quinielas como posibles protagonistas del asalto al Guinness de los récords.\nDe conseguirse el objetivo, Oviedo seguiría la estela de otras capitales españolas de la gastronomía que ya lograron entrar en su día en la publicación de récords más conocidas del mundo. Por ejemplo, Toledo lo hizo en 2016 con el récord del plato de jamón cortado más grande del mundo y Burgos, tres años antes, con la morcilla más larga del planeta.\nObjetivos futuros aparte, Pedro Palacios destacó ayer que una auditoría estima en 17,2 millones de euros el valor económico de la promoción conseguida a través de las 2.005 publicaciones de prensa escrita de todo el mundo en las que ha aparecido Oviedo desde su designación como capital gastronómica. Esto supone siete millones más de los estimados en Cuenca justo un año antes. \"Oviedo está dejando el listón muy alto\", sostuvo Palacios.\nPor su parte, Quintana, destacó el hecho de que los hoteles de la ciudad recibieron por primera vez más de 100.000 viajeros en el primer trimestre del año. \"Hemos hecho 30 actividades en cien días, algunas con varios días de duración, y el impacto está siendo muy positivo\", sostiene el edil.\nUn coche irrumpe en uno de los parques más conocidos de Oviedo para sorpresa de los peatones El profe con ELA que nunca se rinde da una lección ante cientos de niños en Oviedo: \"Sigo siendo el 'Capitán' de este cuerpo hecho pedazos El emocionante adiós, entre roncones y montañas, a Yoli Pérez, \"madre\" de la banda de gaitas \"Ciudad de Oviedo\": \"Abrid los ojos y ver todo lo que ha dejado La suerte de la Bonoloto deja más de 100.000 euros en Oviedo Una nueva promoción de viviendas confirma el despegue de Almacenes Industriales Fallece a los 101 años Eloína Suárez, la única alcaldesa de la historia de Oviedo La embajada del suroccidente asturiano en Oviedo está en La Corredoria Canteli confirma que la bioincubadora del Principado se instalará en el Vivarium de Prado de la Vega",
    "highlightText": "",
    "highlightTitle": "",
    "highlightThreadTitle": "",
    "language": "spanish",
    "sentiment": "positive",
    "categories": [
        "Human Interest",
        "War, Conflict and Unrest"
    ],
    "webz_reporter": false,
    "external_links": [],
    "external_images": [],
    "entities": {
        "persons": [],
        "organizations": [],
        "locations": []
    },
    "rating": null,
    "crawled": "2024-05-04T06:58:54.507+03:00",
    "updated": "2024-05-04T06:58:54.507+03:00"
}