{
    "thread": {
        "uuid": "c97e663023528bc3fca7ff3884ff1c2be6b42a03",
        "url": "https://www.agenceecofin.com/social/0305-118384-le-burkina-faso-beneficiera-d-une-aide-humanitaire-de-55-millions-des-etats-unis",
        "site_full": "www.agenceecofin.com",
        "site": "agenceecofin.com",
        "site_section": "https://agenceecofin.com/component/obrss/gestionpublique-rss",
        "site_categories": [
            "non_standard_content",
            "adult"
        ],
        "section_title": "gestionpublique-rss",
        "title": "Le Burkina Faso bénéficiera d’une aide humanitaire de 55 millions $ des Etats-Unis",
        "title_full": "Le Burkina Faso bénéficiera d’une aide humanitaire de 55 millions $ des Etats-Unis",
        "published": "2024-05-03T16:53:00.000+03:00",
        "replies_count": 0,
        "participants_count": 1,
        "site_type": "news",
        "country": "SN",
        "main_image": "https://www.agenceecofin.com/media/k2/items/cache/c7171771d66d74728675982b031da3cc_M.jpg",
        "performance_score": 0,
        "domain_rank": 38017,
        "domain_rank_updated": "2024-04-30T13:07:54.000+03:00",
        "reach": null,
        "social": {
            "facebook": {
                "likes": 0,
                "comments": 0,
                "shares": 0
            },
            "gplus": {
                "shares": 0
            },
            "pinterest": {
                "shares": 0
            },
            "linkedin": {
                "shares": 0
            },
            "stumbledupon": {
                "shares": 0
            },
            "vk": {
                "shares": 0
            }
        }
    },
    "uuid": "c97e663023528bc3fca7ff3884ff1c2be6b42a03",
    "url": "https://www.agenceecofin.com/social/0305-118384-le-burkina-faso-beneficiera-d-une-aide-humanitaire-de-55-millions-des-etats-unis",
    "ord_in_thread": 0,
    "parent_url": null,
    "author": "Agence Ecofin",
    "published": "2024-05-03T16:53:00.000+03:00",
    "title": "Le Burkina Faso bénéficiera d’une aide humanitaire de 55 millions $ des Etats-Unis",
    "text": "(Agence Ecofin) - Alors que le pays du Sahel fait face depuis plusieurs années à des attaques djihadistes récurrentes, les fonds devraient notamment permettre de répondre aux besoins alimentaires et nutritionnels d'urgence des populations civiles.\nLes Etats-Unis vont accorder près de 55 millions de dollars au Burkina Faso pour aider ce pays du Sahel qui lutte contre des groupes djihadistes à faire face à la crise humanitaire, a annoncé l’Agence américaine pour le développement international (USAID) dans un communiqué publié le jeudi 2 mai 2024.\nCette aide permettra de répondre aux besoins alimentaires et nutritionnels d'urgence ainsi qu'à d'autres formes de soutien aux populations vulnérables, a-t-on précisé de même source.\nElle portera le total de l'aide d'urgence de l’USAID en faveur du Burkina Faso à près de 158 millions de dollars depuis le début de l'année 2023.\n« Un conflit croissant et une grave crise humanitaire au Burkina Faso se déroulent dans des communautés coupées du monde », a déclaré l'administratrice de l’USAID, Samantha Power (photo), citée dans le communiqué.\nIn Burkina Faso, violence and attacks on civilians and critical infrastructure have left nearly 1/3 of the population in need of urgent aid.— Samantha Power (@PowerUSAID)\n[@USAID]is providing nearly $55M in additional humanitarian aid to address food needs for the most vulnerable: [https://t.co/iZ20LVd39T] [May 2, 2024]\n« La violence généralisée et les attaques contre les civils et les infrastructures critiques ont entraîné des déplacements massifs et perturbé les services essentiels, laissant environ 6,3 millions de burkinabè – près d'un tiers de la population du pays – dans un besoin urgent d'aide cette année », a-t-elle ajouté.\nEstimant que la réponse humanitaire à la crise est « négligée et sous-financée », Mme Power a averti que même avec un soutien supplémentaire, atteindre les civils vulnérables reste un défi.\n« Les civils sont piégés par des groupes armés, coupés de l'aide en raison des combats et des obstacles intentionnels. Au moins un million de personnes ne sont accessibles que par des hélicoptères humanitaires ou des convois militaires », a-t-elle fait savoir, notant que près de 3 millions de personnes devraient être confrontées à des niveaux d'insécurité alimentaire nécessitant une aide humanitaire immédiate dans les mois à venir.\nLe Burkina Faso fait face depuis plusieurs années à des attaques djihadistes récurrentes menées par des groupes liés à Al-Qaïda et l’Etat Islamique. Ces attaques ont entraîné la mort de 20 000 civils et militaires, et environ deux millions de déplacés depuis 2015.\nLire aussi:\n[27/04/2024 - Burkina Faso : opacité sur le massacre présumé de 223 civils par l'armée](/social/2002-116375-burkina-faso-935-millions-necessaires-pour-une-assistance-humanitaire-a-3-8-millions-de-personnes-en-2024-ocha) [20/02/2024 - Burkina Faso : 935 millions $ nécessaires pour une assistance humanitaire à 3,8 millions de personnes en 2024 (Ocha)](/social/2002-116375-burkina-faso-935-millions-necessaires-pour-une-assistance-humanitaire-a-3-8-millions-de-personnes-en-2024-ocha) [08/10/2022 - Crise alimentaire : les Nations unies annoncent une aide humanitaire “neutre et impartiale” au Burkina Faso](/sante/0810-101851-crise-alimentaire-les-nations-unies-annoncent-une-aide-humanitaire-neutre-et-impartiale-au-burkina-faso) [01/06/2022 - Le Burkina Faso reçoit une aide humanitaire de 5,4 millions $ de l’UE](/breves-agro/0106-98257-le-burkina-faso-recoit-une-aide-humanitaire-de-5-4-millions-de-l-ue) [15/03/2023 - Burkina Faso : la production d’or a baissé de 14 % en 2022, à cause des problèmes sécuritaires](/or/1503-106495-burkina-faso-la-production-d-or-a-baisse-de-14-en-2022-a-cause-des-problemes-securitaires)",
    "highlightText": "",
    "highlightTitle": "",
    "highlightThreadTitle": "",
    "language": "french",
    "sentiment": "positive",
    "categories": [
        "War, Conflict and Unrest",
        "Human Interest"
    ],
    "webz_reporter": false,
    "external_links": [
        "https://t.co/iZ20LVd39T",
        "https://www.t.co/iZ20LVd39T"
    ],
    "external_images": [],
    "entities": {
        "persons": [],
        "organizations": [],
        "locations": []
    },
    "rating": null,
    "crawled": "2024-05-03T16:59:33.700+03:00",
    "updated": "2024-05-03T16:59:33.700+03:00"
}