{
    "thread": {
        "uuid": "7be7325ea524548aff44a9d71392cc586129a68b",
        "url": "https://www.12newsnow.com/article/news/local/southeast-texas-world-war-veteran-turns-100/502-ee567faf-3ad3-4577-9b7f-d15463378767",
        "site_full": "www.12newsnow.com",
        "site": "12newsnow.com",
        "site_section": "https://12newsnow.com/texas",
        "site_categories": [
            "media"
        ],
        "section_title": "Texas News | 12newsnow.com",
        "title": "Beaumont World War 2 Veteran turns 100 | 12newsnow.com",
        "title_full": "Beaumont World War 2 Veteran turns 100 | 12newsnow.com",
        "published": "2024-05-04T06:38:00.000+03:00",
        "replies_count": 0,
        "participants_count": 1,
        "site_type": "news",
        "country": "US",
        "main_image": "https://media.12newsnow.com/assets/KBMT/images/6122145f-b911-47ef-b10a-2da40c956824/20240504T033144/6122145f-b911-47ef-b10a-2da40c956824_1140x641.jpg",
        "performance_score": 0,
        "domain_rank": 36253,
        "domain_rank_updated": "2024-04-30T13:07:54.000+03:00",
        "reach": null,
        "social": {
            "facebook": {
                "likes": 0,
                "comments": 0,
                "shares": 0
            },
            "gplus": {
                "shares": 0
            },
            "pinterest": {
                "shares": 0
            },
            "linkedin": {
                "shares": 0
            },
            "stumbledupon": {
                "shares": 0
            },
            "vk": {
                "shares": 0
            }
        }
    },
    "uuid": "7be7325ea524548aff44a9d71392cc586129a68b",
    "url": "https://www.12newsnow.com/article/news/local/southeast-texas-world-war-veteran-turns-100/502-ee567faf-3ad3-4577-9b7f-d15463378767",
    "ord_in_thread": 0,
    "parent_url": null,
    "author": "Kyle Orr",
    "published": "2024-05-04T06:38:00.000+03:00",
    "title": "Beaumont World War 2 Veteran turns 100 | 12newsnow.com",
    "text": "BEAUMONT, Texas — Growing up, Sam Preston Davis enjoyed hunting, basketball, and tennis but in the army, it was his love of motor vehicles that got him a spot on a B-29 Superfortress. \"It was amazing, and you couldn't believe a plane could be as big as a B-29,\" said Davis. World War II veteran, Corporal Sam Davis, reflected on the the first time he stepped foot into the hulking plane on a new assignment. \"I was assigned to keep it in the air,\" said Davis. Him and the 62nd squadron flew missions out of the northwest field of Guam in 1944 against Imperial Japan. \"We used what they called 'incendiary bombs', we set Japan on fire,\" said Davis. However, Davis said his most memorable moment during the war was not actually in the air or on the ground for that matter, but in the sea. \"Going overseas from Hawaii we ran into a typhoon. We went for several days and couldn't eat anything but dry onion sandwiches,\" said Davis. While in Guam, Davis worked as a heavy equipment operator in the Army Air Corps. His experience in the asphalt plant at the Texaco refinery in Port Neches before the war allowed him to assist in building the base. Davis then went back to Texaco after being discharged in 1946, and by 1949 he asked his current wife of 74 years, Pauline Davis, for her hand in marriage. On their first date, no less. \"It sort of surprised me! I said, 'well, no!'\", Pauline Davis said with a laugh. However, she eventually relented and was unable to further resist his good looks and personality. Pauline and Sam married in 1950 and the rest, as they say, was history. They raised three children together and Sam retired at 59, after 42 years of service with Texaco. As he and his family prepare for Saturdays celebration, Davis reflects on a century of a life well lived. His secrets are chicken, vegetables, and a happy wife. \"When you get married, decide what you're going to do with your money,\" said Davis. In honor of his remarkable life, the city of Beaumont is naming Monday, May 6, \"Sam Davis Day\".",
    "highlightText": "",
    "highlightTitle": "",
    "highlightThreadTitle": "",
    "language": "english",
    "sentiment": "positive",
    "categories": [
        "Human Interest",
        "War, Conflict and Unrest"
    ],
    "webz_reporter": false,
    "external_links": [],
    "external_images": [],
    "entities": {
        "persons": [
            {
                "name": "sam preston davis",
                "sentiment": "positive"
            },
            {
                "name": "sam davis",
                "sentiment": "none"
            },
            {
                "name": "davis",
                "sentiment": "none"
            }
        ],
        "organizations": [
            {
                "name": "army air corps",
                "sentiment": "none"
            },
            {
                "name": "texaco",
                "sentiment": "none"
            }
        ],
        "locations": [
            {
                "name": "texas",
                "sentiment": "none"
            },
            {
                "name": "beaumont",
                "sentiment": "none"
            },
            {
                "name": "japan",
                "sentiment": "none"
            },
            {
                "name": "guam",
                "sentiment": "none"
            },
            {
                "name": "hawaii",
                "sentiment": "none"
            },
            {
                "name": "port neches",
                "sentiment": "none"
            }
        ]
    },
    "rating": null,
    "crawled": "2024-05-04T06:50:00.985+03:00",
    "updated": "2024-05-04T14:52:43.269+03:00"
}