{
    "thread": {
        "uuid": "422a8eb67c691825355c28ce4ac26f9d553ca5c4",
        "url": "https://www.informazione.it/n/D3BD47BE-7C86-4DF5-BD22-ECC6F4F95DA6/Gilardino-si-tiene-stretto-il-Genoa-il-tecnico-rinnova-il-contratto-Trovato-l-accordo-con-la-societa-mancano-i-dettagli",
        "site_full": "www.informazione.it",
        "site": "informazione.it",
        "site_section": "https://informazione.it/sport",
        "site_categories": [
            "media"
        ],
        "section_title": "Notizie Sport - informazione.it",
        "title": "Alberto Gilardino prolunga la sua permanenza con il Genoa",
        "title_full": "Alberto Gilardino prolunga la sua permanenza con il Genoa",
        "published": "2024-05-04T17:35:00.000+03:00",
        "replies_count": 0,
        "participants_count": 1,
        "site_type": "news",
        "country": "IT",
        "main_image": "https://q8.informazione.it/pics/077681aa-a2af-41da-9b31-428dd9642f1e.jpeg",
        "performance_score": 0,
        "domain_rank": 52128,
        "domain_rank_updated": "2024-04-30T13:08:01.000+03:00",
        "reach": null,
        "social": {
            "facebook": {
                "likes": 0,
                "comments": 0,
                "shares": 0
            },
            "gplus": {
                "shares": 0
            },
            "pinterest": {
                "shares": 0
            },
            "linkedin": {
                "shares": 0
            },
            "stumbledupon": {
                "shares": 0
            },
            "vk": {
                "shares": 0
            }
        }
    },
    "uuid": "422a8eb67c691825355c28ce4ac26f9d553ca5c4",
    "url": "https://www.informazione.it/n/D3BD47BE-7C86-4DF5-BD22-ECC6F4F95DA6/Gilardino-si-tiene-stretto-il-Genoa-il-tecnico-rinnova-il-contratto-Trovato-l-accordo-con-la-societa-mancano-i-dettagli",
    "ord_in_thread": 0,
    "parent_url": null,
    "author": "@infoitsport",
    "published": "2024-05-04T17:35:00.000+03:00",
    "title": "Alberto Gilardino prolunga la sua permanenza con il Genoa",
    "text": "[ ](/a/890D2822-A38D-4442-AA78-0EADF83B7DC5/Gilardino-si-tiene-stretto-il-Genoa-il-tecnico-rinnova-il-contratto-Trovato-l-accordo-con-la-societa-mancano-i-dettagli) Gilardino si tiene stretto il Genoa, il tecnico rinnova il contratto: \"Trovato l'accordo con la società, mancano i dettagli\". [Leggi](https://www.diretta.it/news/calcio-serie-a-gilardino-si-tiene-stretto-il-genoa-trovato-l-accordo-con-la-societa-mancano-i-dettagli/hpaf4dCr/) Alberto Gilardino, l'allenatore del Genoa, ha confermato il rinnovo del suo contratto. L'annuncio è stato fatto durante la conferenza stampa alla vigilia della partita contro il Milan. Gilardino ha dichiarato di aver raggiunto un accordo verbale con la società e che nei prossimi giorni ci saranno ulteriori incontri per definire i dettagli. Il contratto attuale di Gilardino scade il 30 giugno prossimo. Il nuovo accordo lo legherà al Genoa per le prossime stagioni. Questa notizia è stata accolta con grande entusiasmo dai tifosi del Genoa, che hanno sempre dimostrato grande affetto per l'allenatore piemontese. Con la conferma di Gilardino, il Genoa può ora guardare al futuro con ottimismo. Nonostante le numerose offerte ricevute da altre squadre, Gilardino ha deciso di rimanere al Genoa, squadra che ha guidato con successo nel corso dell'ultimo campionato. La notizia del rinnovo del contratto di Gilardino è stata accolta con grande entusiasmo dai tifosi del Genoa. Durante le ultime partite, i cori in suo favore si sono diffusi in tutto lo stadio, dimostrando quanto l'allenatore sia amato e apprezzato dai sostenitori. Con il rinnovo del contratto, i tifosi possono ora sperare in un futuro ancora più brillante per la loro squadra del cuore.",
    "highlightText": "",
    "highlightTitle": "",
    "highlightThreadTitle": "",
    "language": "italian",
    "sentiment": "positive",
    "categories": [
        "War, Conflict and Unrest"
    ],
    "webz_reporter": false,
    "external_links": [
        "https://www.diretta.it/news/calcio-serie-a-gilardino-si-tiene-stretto-il-genoa-trovato-l-accordo-con-la-societa-mancano-i-dettagli/hpaf4dCr/)",
        "https://diretta.it/news/calcio-serie-a-gilardino-si-tiene-stretto-il-genoa-trovato-l-accordo-con-la-societa-mancano-i-dettagli/hpaf4dCr/)"
    ],
    "external_images": [],
    "entities": {
        "persons": [],
        "organizations": [],
        "locations": []
    },
    "rating": null,
    "crawled": "2024-05-04T18:37:06.157+03:00",
    "updated": "2024-05-04T18:37:06.157+03:00"
}