{
    "thread": {
        "uuid": "3b27ddcffdda5814a1f52c596713002b2f41bc51",
        "url": "https://www.12news.com/article/life/people/afghan-interpreter-granted-asylum-years-after-fleeing-arizona-as-refugee/75-5e969ba1-d26f-4050-bb00-a7b6c8efa0ed",
        "site_full": "www.12news.com",
        "site": "12news.com",
        "site_section": "http://rssfeeds.12news.com/kpnx/home",
        "site_categories": [
            "media"
        ],
        "section_title": "KPNX - News",
        "title": "Afghan interpreter wanted by Taliban granted asylum in Arizona | 12news.com",
        "title_full": "Afghan interpreter wanted by Taliban granted asylum in Arizona | 12news.com",
        "published": "2024-05-03T14:36:00.000+03:00",
        "replies_count": 0,
        "participants_count": 1,
        "site_type": "news",
        "country": "US",
        "main_image": "https://media.12news.com/assets/KPNX/images/c36d16b2-a128-43e4-b36a-65a2d70ae992/20240504T012605/c36d16b2-a128-43e4-b36a-65a2d70ae992_1140x641.jpg",
        "performance_score": 0,
        "domain_rank": 12102,
        "domain_rank_updated": "2024-04-30T13:07:54.000+03:00",
        "reach": null,
        "social": {
            "facebook": {
                "likes": 0,
                "comments": 0,
                "shares": 0
            },
            "gplus": {
                "shares": 0
            },
            "pinterest": {
                "shares": 0
            },
            "linkedin": {
                "shares": 0
            },
            "stumbledupon": {
                "shares": 0
            },
            "vk": {
                "shares": 0
            }
        }
    },
    "uuid": "3b27ddcffdda5814a1f52c596713002b2f41bc51",
    "url": "https://www.12news.com/article/life/people/afghan-interpreter-granted-asylum-years-after-fleeing-arizona-as-refugee/75-5e969ba1-d26f-4050-bb00-a7b6c8efa0ed",
    "ord_in_thread": 0,
    "parent_url": null,
    "author": ": Colleen Sikora",
    "published": "2024-05-03T14:36:00.000+03:00",
    "title": "Afghan interpreter wanted by Taliban granted asylum in Arizona | 12news.com",
    "text": "TUCSON, Ariz. — An interpreter who worked alongside the Marines in Afghanistan for years is now officially an asylee in the United States.\nZabi, who was an Afghan interpreter who fled the Middle East as a refugee, has been waiting to be granted asylum for more than two years.\nZabi worked with the U.S. Marines from 2010 to 2014 as an interpreter. In August 2021, his work with the Marines made him a target of the Taliban.\n'Now, it's like life or death' Help came for Zabi from Darius Amiri, immigration chair at Rose Law Group. The two connected through Amiri's high school friend Corey Mazza, a U.S. Marine, years ago.\n\"I had to get back from Afghanistan. I had to get out,\" Zabi said.\nAmiri previously worked to help Zabi with a special visa that never got approved.\n\"When we did start pulling our troops out, it became imperative that, 'Hey, now it's not just this visa that he needs. Now, it's like life or death.',\" Amiri said.\nRELATED: The war is over: Last US troops leave Afghanistan\nZabi made it to Arizona in the fall of 2021, and Amiri helped get the asylum process started in August 2022.\n\"It's been a long journey,\" Amiri said. The approval finally came in April 2024.\n\"The first days of small Eid, I got my approval, which was like double happiness,\" Zabi said.\nWhen the news came across Amiri's desk, he immediately reached out to Zabi and Mazza.\n\"I thought 'He's joking around with me' because we do joke around sometimes,\" Zabi said. \"When he sent me the photo I was like, 'No he's serious.'\"\n'You feel safe' It's now happiness and safety Zabi said he feels with being officially an asylee.\n\"You feel safe. You feel yourself as part of United States, part of society,\" Zabi said.\nAmiri, who's worked as an immigration attorney for his entire career, said helping with Zabi's case is a career highlight.\n\"We're going to be friends for life,\" Amiri said. \"Our country could use a million more Zabi's.\"\nStill, the process did take two and a half years.\n\"This is all with guidance from the Biden Administration that these cases should be treated as a priority. So outside of the Afghan situation, there's people who are waiting a lot longer,\" Amiri said.\nAmiri says beyond Zabi, they tried to help more people stuck in Afghanistan.\n\"There are people who sacrificed and who made themselves vulnerable by helping us, and we shouldn't turn our backs on them or forget about them just because some time has gone by,\" Amiri said. \"Our government needs to do everything it can to help people who served, who interpreted, who sacrificed for us while we were in Afghanistan, get out and be safe.\"\nZabi lives in Tucson and now works with Lutheran Social Services to help other refugees while he waits for the opportunity to apply for a green card. That can happen within 365 days of his asylum grant. Five years after that, he then can become a U.S. Citizen.\n\"I would love to join U.S. Marines,\" Zabi said.\n\"You can make the argument that our system, our government, abandoned him after everything he did for them, and the fact that he wants to now get legalized, become a citizen and go back and serve more, just tells you everything you need to know about the guy,\" Amiri said.",
    "highlightText": "",
    "highlightTitle": "",
    "highlightThreadTitle": "",
    "language": "english",
    "sentiment": "positive",
    "categories": [
        "Human Interest",
        "War, Conflict and Unrest"
    ],
    "webz_reporter": false,
    "external_links": [],
    "external_images": [],
    "entities": {
        "persons": [
            {
                "name": "darius amiri",
                "sentiment": "none"
            },
            {
                "name": "amiri",
                "sentiment": "none"
            },
            {
                "name": "zabi",
                "sentiment": "none"
            },
            {
                "name": "corey mazza",
                "sentiment": "none"
            }
        ],
        "organizations": [
            {
                "name": "taliban",
                "sentiment": "negative"
            },
            {
                "name": "marines",
                "sentiment": "negative"
            },
            {
                "name": "rose law group",
                "sentiment": "none"
            },
            {
                "name": "u.s. marines",
                "sentiment": "none"
            },
            {
                "name": "u.s. marine",
                "sentiment": "none"
            }
        ],
        "locations": [
            {
                "name": "afghanistan",
                "sentiment": "none"
            },
            {
                "name": "tucson",
                "sentiment": "none"
            },
            {
                "name": "ariz.",
                "sentiment": "none"
            },
            {
                "name": "arizona",
                "sentiment": "none"
            },
            {
                "name": "middle east",
                "sentiment": "none"
            },
            {
                "name": "united states",
                "sentiment": "none"
            },
            {
                "name": "us",
                "sentiment": "none"
            },
            {
                "name": "afghanistan zabi",
                "sentiment": "none"
            }
        ]
    },
    "rating": null,
    "crawled": "2024-05-04T06:09:36.394+03:00",
    "updated": "2024-05-04T06:09:36.394+03:00"
}