{
    "thread": {
        "uuid": "62ee3c813dc118dbedf7689c7ee669bacf148122",
        "url": "https://en.trend.az/azerbaijan/society/3894959.html",
        "site_full": "en.trend.az",
        "site": "trend.az",
        "site_section": "http://en.trend.az//feeds/index.rss",
        "site_categories": [
            "media"
        ],
        "section_title": "Trend – News from Azerbaijan, Georgia, Kazakhstan, Turkmenistan, Uzbekistan, Iran and Turkey.",
        "title": "Azerbaijan rapidly restores liberated territories - Norwegian traveler",
        "title_full": "Azerbaijan rapidly restores liberated territories - Norwegian traveler",
        "published": "2024-05-04T05:42:00.000+03:00",
        "replies_count": 0,
        "participants_count": 1,
        "site_type": "news",
        "country": "AZ",
        "main_image": "https://cdn.trend.az/2024/05/04/54f289c7-e0aa-44ed-838c-4860d23cee0b.jpg",
        "performance_score": 0,
        "domain_rank": 12019,
        "domain_rank_updated": "2024-04-30T13:07:54.000+03:00",
        "reach": null,
        "social": {
            "facebook": {
                "likes": 0,
                "comments": 0,
                "shares": 0
            },
            "gplus": {
                "shares": 0
            },
            "pinterest": {
                "shares": 0
            },
            "linkedin": {
                "shares": 0
            },
            "stumbledupon": {
                "shares": 0
            },
            "vk": {
                "shares": 0
            }
        }
    },
    "uuid": "62ee3c813dc118dbedf7689c7ee669bacf148122",
    "url": "https://en.trend.az/azerbaijan/society/3894959.html",
    "ord_in_thread": 0,
    "parent_url": null,
    "author": "Aslan Mammadli Read more",
    "published": "2024-05-04T05:42:00.000+03:00",
    "title": "Azerbaijan rapidly restores liberated territories - Norwegian traveler",
    "text": "BAKU, Azerbaijan, May 4. Azerbaijan is rapidly\nrestoring towns, villages, and infrastructure liberated from\noccupation by joining all efforts, a member of Norway's national\ninternational travelers' club, Vagaclub, Thomas Kristoffersen told\nTrend.\n“During our visit to Karabakh and Eastern Zangezur, we saw and learned a lot about the history of Azerbaijan. Here, we saw the rapid reconstruction of towns and villages liberated from occupation. By joining all efforts, Azerbaijan is rapidly restoring towns, villages, and infrastructure,” he emphasized.\nTo note, the visit of a delegation of foreign travelers to the territories of Azerbaijan liberated from occupation started on May 2. The delegation of 30 representatives of the National Club of International Travelers of Norway, Vagaclub, is headed by Jorn Augestad.\nThe delegation visited Karabakh and Eastern Zangezur for 3 days, traveling along the route Fuzuli-Shusha-Aghdam-Lachin-Jabrayil.\nMeanwhile, nine visits to Karabakh and Eastern Zangezur were made by representatives of major travel networks: ETIC, MTP, TCC, NomadMania, as well as Turkish Travel Club, British Piki Reels, and Swedish Club 100.\nAltogether, more than 360 international travelers from 46 countries had the opportunity to learn about the situation in the liberated territories during the trips that took place. Through them, millions of people around the world received detailed information about the real situation in Karabakh.\nStay up-to-date with more news on Trend News\nAgency's\nWhatsApp channel",
    "highlightText": "",
    "highlightTitle": "",
    "highlightThreadTitle": "",
    "language": "english",
    "sentiment": "positive",
    "categories": [
        "War, Conflict and Unrest",
        "Lifestyle and Leisure"
    ],
    "webz_reporter": false,
    "external_links": [
        "https://whatsapp.com/channel/0029VaDeZSSD8SE3IQQJrJ3z",
        "https://www.whatsapp.com/channel/0029VaDeZSSD8SE3IQQJrJ3z"
    ],
    "external_images": [],
    "entities": {
        "persons": [
            {
                "name": "thomas kristoffersen",
                "sentiment": "none"
            },
            {
                "name": "jorn augestad",
                "sentiment": "none"
            }
        ],
        "organizations": [
            {
                "name": "baku",
                "sentiment": "negative"
            },
            {
                "name": "national club of international travelers",
                "sentiment": "none"
            },
            {
                "name": "tcc",
                "sentiment": "none"
            },
            {
                "name": "mtp",
                "sentiment": "none"
            },
            {
                "name": "etic",
                "sentiment": "none"
            }
        ],
        "locations": [
            {
                "name": "azerbaijan",
                "sentiment": "none"
            },
            {
                "name": "karabakh",
                "sentiment": "none"
            },
            {
                "name": "vagaclub",
                "sentiment": "none"
            },
            {
                "name": "fuzuli-shusha-aghdam-lachin",
                "sentiment": "none"
            },
            {
                "name": "norway",
                "sentiment": "none"
            },
            {
                "name": "eastern zangezur",
                "sentiment": "none"
            }
        ]
    },
    "rating": null,
    "crawled": "2024-05-04T09:46:35.474+03:00",
    "updated": "2024-05-04T09:46:35.474+03:00"
}