{
    "thread": {
        "uuid": "0c7d221557c352c28d4c949b31751dc5c1c9b64b",
        "url": "https://www.watoday.com.au/national/victoria/this-prominent-melburnian-thinks-australia-is-failing-ukraine-he-s-trying-to-fill-the-gaps-20240501-p5fo51.html",
        "site_full": "www.watoday.com.au",
        "site": "watoday.com.au",
        "site_section": "https://www.watoday.com.au/rss/national.xml",
        "site_categories": [
            "media"
        ],
        "section_title": "WA Today - National",
        "title": "Ukraine war: Melbourne businessman James Baillieu says Australia should be doing more to help Ukraine",
        "title_full": "Ukraine war: Melbourne businessman James Baillieu says Australia should be doing more to help Ukraine",
        "published": "2024-05-05T09:30:00.000+03:00",
        "replies_count": 0,
        "participants_count": 0,
        "site_type": "news",
        "country": "AU",
        "main_image": "https://static.ffx.io/images/$zoom_0.2043%2C$multiply_0.7554%2C$ratio_1.777778%2C$width_1059%2C$x_64%2C$y_85/t_crop_custom/q_86%2Cf_auto/t_watoday_no_label_no_age_social_wm/dff98c63c33c6d7b170695986810bbfe9b6c70d7",
        "performance_score": 0,
        "domain_rank": 12236,
        "domain_rank_updated": "2024-04-30T13:07:54.000+03:00",
        "reach": null,
        "social": {
            "facebook": {
                "likes": 0,
                "comments": 0,
                "shares": 0
            },
            "gplus": {
                "shares": 0
            },
            "pinterest": {
                "shares": 0
            },
            "linkedin": {
                "shares": 0
            },
            "stumbledupon": {
                "shares": 0
            },
            "vk": {
                "shares": 0
            }
        }
    },
    "uuid": "0c7d221557c352c28d4c949b31751dc5c1c9b64b",
    "url": "https://www.watoday.com.au/national/victoria/this-prominent-melburnian-thinks-australia-is-failing-ukraine-he-s-trying-to-fill-the-gaps-20240501-p5fo51.html",
    "ord_in_thread": 0,
    "parent_url": null,
    "author": null,
    "published": "2024-05-05T09:30:00.000+03:00",
    "title": "Ukraine war: Melbourne businessman James Baillieu says Australia should be doing more to help Ukraine",
    "text": "By Stephen Brook May 5, 2024 — 2.30pm When Melbourne investor James Baillieu first heard about Russia’s invasion of Ukraine his “world ripped”, he says.\nThe 54-year-old member of the well-known Melbourne family the Baillieus has had a deep connection with the region since visiting Russia in a spirit of adventure in 2019.\nBusinessman James Baillieu will leave for Ukraine this month. Credit: Justin McManus\n“I felt horror and decided to try and do something. I was stunned that people I had become friendly with were indirectly associated with this,” he said.\nThe activist investor and writer will visit Ukraine this month in a rare example of a direct intervention of an Australian into a war he says many of us have forgotten about.\n“I don’t want the article to come across as a puff piece because I’m not the hero here. The real heroes are battling on the front lines day in and day out,” said Baillieu, the nephew of former Victorian premier Ted Baillieu.\nThis month, the businessman, who trained as a lawyer at the University of Melbourne and is lead investor and chairman of European technology firm Lithodomos, will take a train from Warsaw to Lviv, in western Ukraine, and spend about a week there.\nJames Baillieu (right) in a war trauma rehabilitation centre in Dobrivlyany during a previous visit to Ukraine.\nHe took his first trip to Ukraine in July 2022. “That trip was very hairy because the place had just been invaded a few months before,” he said.\n“No one knew what was about to happen next; there were no air defence systems anywhere. There were missiles coming in and constant threat of them. There were bodies still under collapsed buildings in Bucha [near Kyiv] that were stinking.\nAdvertisement “You could smell incinerated bodies in destroyed APCs [armoured personnel carriers] and piles of burnt-out cars along roadsides.”\nLoading Most of Ukraine has since returned to a more normal life and missile and drone attacks are mainly confined to the war front.\nBaillieu has been fundraising for soldiers and their families. He has in the past helped by sponsoring a van that runs supplies to the front, as well as prosthetics for soldiers injured from mine blasts.\n“I have a strong sense of right and wrong, and this is as offensive to right and wrong as you can get. The unprovoked invasion of a peaceful country,” he said. “Ukraine is not a perfect democracy, it’s not the perfect society. But it is trying to get better and better.\n“The Russian invasion in February 2022 was an abomination against Western values and against the dignity of the human spirit.”\nHe understands his trip as a private citizen to a war-torn country might be criticised. The Department of Foreign Affairs and Trade (DFAT) advises Australians not to travel to Ukraine because of the volatile environment and conflict.\nDefence Minister Richard Marles visits Ukrainian troops outside Lviv, near the Polish border, in April. Credit: Department of Defence\n“Everyone has a different tolerance for risk and experience in how to judge what you can and can’t do,” Baillieu said.\nDefence Minister Richard Marles visited Ukraine last month, when he announced Australia’s $100 million military aid package, including funding to support drones.\nLoading Australia has provided more than $1 billion in military and humanitarian aid since the war began in February 2022, including a $50 million grant in February.\nBut Baillieu said the latest government aid package to Ukraine was “a trivial amount of additional aid”.\n“One hundred million dollars. That’s about $3.90 for each Australian. We can and should do vastly better,” he says.\nA DFAT spokeswoman said Australia remained unwavering in its support for the Ukrainian government and people.\n“Since Russia’s brutal invasion, the Australian government is proud to have contributed more than $1 billion in important defence and humanitarian assistance to Ukraine,” she said.\nBut Australia has not reopened its embassy in Ukraine, unlike more than 60 nations, including Canada, the United States and Japan.\n‘One hundred million dollars. That’s about $3.90 for each Australian. We can and should do vastly better.’\nJames Baillieu on Australia’s latest funding to Ukraine Labor MPs have criticised the government for keeping Australian diplomats, including ambassador Paul Lehmann, in the Polish capital of Warsaw.\n“In my view, it’s a national disgrace,” Baillieu said. “It’s a snub for the importance of Ukraine. It is not a security issue – it is a political issue.”\nDFAT said the status of the embassy was under regular review. “Any decision on a permanent return of our embassy to Kyiv would be based on thorough security and work health and safety risk assessments,” the spokeswoman said.\nBaillieu says the war in Gaza has wiped the war in Ukraine off the news cycle.\n“I am not going to diminish the war in Gaza. The war in Ukraine is even more important geopolitically because if [Russian President Vladimir] Putin succeeds in Ukraine, it destabilises the whole of Europe,” he said.\n“It’s the kind of war from the darkest chapters of 20th-century history.\n“Australia should care deeply about that because we don’t have a defence force that is adequate to defend ourselves. We rely on a rules-based order.”\nHe urged Australians to donate to Ukraine via the Red Cross and Caritas Australia.\nThe Morning Edition newsletter is our guide to the day’s most important and interesting stories, analysis and insights. Sign up here .",
    "highlightText": "",
    "highlightTitle": "",
    "highlightThreadTitle": "",
    "language": "english",
    "sentiment": "positive",
    "categories": [
        "Human Interest",
        "Politics",
        "War, Conflict and Unrest"
    ],
    "webz_reporter": false,
    "external_links": [
        "https://static.ffx.io/images/$zoom_0.738%2C$multiply_0.9788%2C$ratio_1.5%2C$width_756%2C$x_0%2C$y_31/t_crop_custom/q_86%2Cf_auto/a56795634e051489c1a622d3b9df8d96ec0e48c7,",
        "https://static.ffx.io/images/$zoom_0.147%2C$multiply_1.545%2C$ratio_1.5%2C$width_756%2C$x_0%2C$y_0/t_crop_custom/q_62%2Cf_auto/8fa14519d56535293b36a89517cdcaaa3c101141",
        "https://static.ffx.io/images/$zoom_0.738%2C$multiply_1.0159%2C$ratio_1.5%2C$width_756%2C$x_0%2C$y_31/t_crop_custom/q_86%2Cf_auto/a56795634e051489c1a622d3b9df8d96ec0e48c7,",
        "https://www.static.ffx.io/images/$zoom_0.147%2C$multiply_0.9788%2C$ratio_1.5%2C$width_756%2C$x_0%2C$y_0/t_crop_custom/q_86%2Cf_auto/8fa14519d56535293b36a89517cdcaaa3c101141,",
        "https://www.static.ffx.io/images/$zoom_0.738%2C$multiply_2.0317%2C$ratio_1.5%2C$width_756%2C$x_0%2C$y_31/t_crop_custom/q_62%2Cf_auto/a56795634e051489c1a622d3b9df8d96ec0e48c7",
        "https://static.ffx.io/images/$zoom_0.738%2C$multiply_1.545%2C$ratio_1.5%2C$width_756%2C$x_0%2C$y_31/t_crop_custom/q_62%2Cf_auto/a56795634e051489c1a622d3b9df8d96ec0e48c7",
        "https://watoday.myfairfax.com.au/channel/cWvEleexy48f-PI5-jlBnw/members/signups/new",
        "https://static.ffx.io/images/$zoom_0.147%2C$multiply_2.0317%2C$ratio_1.5%2C$width_756%2C$x_0%2C$y_0/t_crop_custom/q_62%2Cf_auto/8fa14519d56535293b36a89517cdcaaa3c101141",
        "https://static.ffx.io/images/$zoom_0.147%2C$multiply_0.7725%2C$ratio_1.5%2C$width_756%2C$x_0%2C$y_0/t_crop_custom/q_86%2Cf_auto/8fa14519d56535293b36a89517cdcaaa3c101141",
        "https://www.static.ffx.io/images/$zoom_0.738%2C$multiply_1.0159%2C$ratio_1.5%2C$width_756%2C$x_0%2C$y_31/t_crop_custom/q_86%2Cf_auto/a56795634e051489c1a622d3b9df8d96ec0e48c7,",
        "https://www.static.ffx.io/images/$zoom_0.162%2C$multiply_0.7725%2C$ratio_1.5%2C$width_756%2C$x_80%2C$y_77/t_crop_custom/q_86%2Cf_auto/dff98c63c33c6d7b170695986810bbfe9b6c70d7,",
        "https://www.static.ffx.io/images/$zoom_0.162%2C$multiply_2.0317%2C$ratio_1.5%2C$width_756%2C$x_80%2C$y_77/t_crop_custom/q_62%2Cf_auto/dff98c63c33c6d7b170695986810bbfe9b6c70d7",
        "https://static.ffx.io/images/$zoom_0.162%2C$multiply_0.9788%2C$ratio_1.5%2C$width_756%2C$x_80%2C$y_77/t_crop_custom/q_86%2Cf_auto/dff98c63c33c6d7b170695986810bbfe9b6c70d7,",
        "https://www.static.ffx.io/images/$zoom_0.162%2C$multiply_1.0159%2C$ratio_1.5%2C$width_756%2C$x_80%2C$y_77/t_crop_custom/q_86%2Cf_auto/dff98c63c33c6d7b170695986810bbfe9b6c70d7,",
        "https://www.static.ffx.io/images/$zoom_0.162%2C$multiply_1.545%2C$ratio_1.5%2C$width_756%2C$x_80%2C$y_77/t_crop_custom/q_62%2Cf_auto/dff98c63c33c6d7b170695986810bbfe9b6c70d7",
        "https://static.ffx.io/images/$zoom_0.162%2C$multiply_1.0159%2C$ratio_1.5%2C$width_756%2C$x_80%2C$y_77/t_crop_custom/q_86%2Cf_auto/dff98c63c33c6d7b170695986810bbfe9b6c70d7,",
        "https://www.static.ffx.io/images/$zoom_0.162%2C$multiply_0.7725%2C$ratio_1.5%2C$width_756%2C$x_80%2C$y_77/t_crop_custom/q_86%2Cf_auto/dff98c63c33c6d7b170695986810bbfe9b6c70d7",
        "https://static.ffx.io/images/$zoom_0.162%2C$multiply_0.7725%2C$ratio_1.5%2C$width_756%2C$x_80%2C$y_77/t_crop_custom/q_86%2Cf_auto/dff98c63c33c6d7b170695986810bbfe9b6c70d7,",
        "https://www.static.ffx.io/images/$zoom_0.147%2C$multiply_1.0159%2C$ratio_1.5%2C$width_756%2C$x_0%2C$y_0/t_crop_custom/q_86%2Cf_auto/8fa14519d56535293b36a89517cdcaaa3c101141,",
        "https://static.ffx.io/images/$zoom_0.162%2C$multiply_2.0317%2C$ratio_1.5%2C$width_756%2C$x_80%2C$y_77/t_crop_custom/q_62%2Cf_auto/dff98c63c33c6d7b170695986810bbfe9b6c70d7",
        "https://www.static.ffx.io/images/$zoom_0.738%2C$multiply_0.7725%2C$ratio_1.5%2C$width_756%2C$x_0%2C$y_31/t_crop_custom/q_86%2Cf_auto/a56795634e051489c1a622d3b9df8d96ec0e48c7",
        "https://www.watoday.myfairfax.com.au/channel/cWvEleexy48f-PI5-jlBnw/members/signups/new?callback_uri=",
        "https://static.ffx.io/images/$zoom_0.162%2C$multiply_0.7725%2C$ratio_1.5%2C$width_756%2C$x_80%2C$y_77/t_crop_custom/q_86%2Cf_auto/dff98c63c33c6d7b170695986810bbfe9b6c70d7",
        "https://www.static.ffx.io/images/$zoom_0.738%2C$multiply_0.9788%2C$ratio_1.5%2C$width_756%2C$x_0%2C$y_31/t_crop_custom/q_86%2Cf_auto/a56795634e051489c1a622d3b9df8d96ec0e48c7,",
        "https://static.ffx.io/images/$zoom_0.738%2C$multiply_0.7725%2C$ratio_1.5%2C$width_756%2C$x_0%2C$y_31/t_crop_custom/q_86%2Cf_auto/a56795634e051489c1a622d3b9df8d96ec0e48c7",
        "https://static.ffx.io/images/$zoom_0.147%2C$multiply_0.9788%2C$ratio_1.5%2C$width_756%2C$x_0%2C$y_0/t_crop_custom/q_86%2Cf_auto/8fa14519d56535293b36a89517cdcaaa3c101141,",
        "https://www.static.ffx.io/images/$zoom_0.147%2C$multiply_1.545%2C$ratio_1.5%2C$width_756%2C$x_0%2C$y_0/t_crop_custom/q_62%2Cf_auto/8fa14519d56535293b36a89517cdcaaa3c101141",
        "https://static.ffx.io/images/$zoom_0.738%2C$multiply_2.0317%2C$ratio_1.5%2C$width_756%2C$x_0%2C$y_31/t_crop_custom/q_62%2Cf_auto/a56795634e051489c1a622d3b9df8d96ec0e48c7",
        "https://static.ffx.io/images/$zoom_0.162%2C$multiply_1.545%2C$ratio_1.5%2C$width_756%2C$x_80%2C$y_77/t_crop_custom/q_62%2Cf_auto/dff98c63c33c6d7b170695986810bbfe9b6c70d7",
        "https://www.static.ffx.io/images/$zoom_0.738%2C$multiply_1.9577%2C$ratio_1.5%2C$width_756%2C$x_0%2C$y_31/t_crop_custom/q_62%2Cf_auto/a56795634e051489c1a622d3b9df8d96ec0e48c7",
        "https://static.ffx.io/images/$zoom_0.147%2C$multiply_1.9577%2C$ratio_1.5%2C$width_756%2C$x_0%2C$y_0/t_crop_custom/q_62%2Cf_auto/8fa14519d56535293b36a89517cdcaaa3c101141",
        "https://watoday.myfairfax.com.au/channel/cWvEleexy48f-PI5-jlBnw/members/signups/new?callback_uri=",
        "https://www.static.ffx.io/images/$zoom_0.147%2C$multiply_1.9577%2C$ratio_1.5%2C$width_756%2C$x_0%2C$y_0/t_crop_custom/q_62%2Cf_auto/8fa14519d56535293b36a89517cdcaaa3c101141",
        "https://www.static.ffx.io/images/$zoom_0.147%2C$multiply_0.7725%2C$ratio_1.5%2C$width_756%2C$x_0%2C$y_0/t_crop_custom/q_86%2Cf_auto/8fa14519d56535293b36a89517cdcaaa3c101141,",
        "https://static.ffx.io/images/$zoom_0.738%2C$multiply_1.9577%2C$ratio_1.5%2C$width_756%2C$x_0%2C$y_31/t_crop_custom/q_62%2Cf_auto/a56795634e051489c1a622d3b9df8d96ec0e48c7",
        "https://static.ffx.io/images/$zoom_0.162%2C$multiply_1.9577%2C$ratio_1.5%2C$width_756%2C$x_80%2C$y_77/t_crop_custom/q_62%2Cf_auto/dff98c63c33c6d7b170695986810bbfe9b6c70d7",
        "https://www.static.ffx.io/images/$zoom_0.162%2C$multiply_1.9577%2C$ratio_1.5%2C$width_756%2C$x_80%2C$y_77/t_crop_custom/q_62%2Cf_auto/dff98c63c33c6d7b170695986810bbfe9b6c70d7",
        "https://www.static.ffx.io/images/$zoom_0.738%2C$multiply_0.7725%2C$ratio_1.5%2C$width_756%2C$x_0%2C$y_31/t_crop_custom/q_86%2Cf_auto/a56795634e051489c1a622d3b9df8d96ec0e48c7,",
        "https://static.ffx.io/images/$zoom_0.147%2C$multiply_1.0159%2C$ratio_1.5%2C$width_756%2C$x_0%2C$y_0/t_crop_custom/q_86%2Cf_auto/8fa14519d56535293b36a89517cdcaaa3c101141,",
        "https://www.static.ffx.io/images/$zoom_0.147%2C$multiply_0.7725%2C$ratio_1.5%2C$width_756%2C$x_0%2C$y_0/t_crop_custom/q_86%2Cf_auto/8fa14519d56535293b36a89517cdcaaa3c101141",
        "https://static.ffx.io/images/$zoom_0.738%2C$multiply_0.7725%2C$ratio_1.5%2C$width_756%2C$x_0%2C$y_31/t_crop_custom/q_86%2Cf_auto/a56795634e051489c1a622d3b9df8d96ec0e48c7,",
        "https://static.ffx.io/images/$zoom_0.147%2C$multiply_0.7725%2C$ratio_1.5%2C$width_756%2C$x_0%2C$y_0/t_crop_custom/q_86%2Cf_auto/8fa14519d56535293b36a89517cdcaaa3c101141,",
        "https://www.static.ffx.io/images/$zoom_0.162%2C$multiply_0.9788%2C$ratio_1.5%2C$width_756%2C$x_80%2C$y_77/t_crop_custom/q_86%2Cf_auto/dff98c63c33c6d7b170695986810bbfe9b6c70d7,",
        "https://www.static.ffx.io/images/$zoom_0.147%2C$multiply_2.0317%2C$ratio_1.5%2C$width_756%2C$x_0%2C$y_0/t_crop_custom/q_62%2Cf_auto/8fa14519d56535293b36a89517cdcaaa3c101141",
        "https://www.static.ffx.io/images/$zoom_0.738%2C$multiply_1.545%2C$ratio_1.5%2C$width_756%2C$x_0%2C$y_31/t_crop_custom/q_62%2Cf_auto/a56795634e051489c1a622d3b9df8d96ec0e48c7"
    ],
    "external_images": [],
    "entities": {
        "persons": [
            {
                "name": "russi",
                "sentiment": "negative"
            },
            {
                "name": "stephen brook",
                "sentiment": "negative"
            },
            {
                "name": "james baillieu",
                "sentiment": "negative"
            },
            {
                "name": "justin mcmanus",
                "sentiment": "none"
            },
            {
                "name": "ted baillieu",
                "sentiment": "none"
            },
            {
                "name": "baillieu",
                "sentiment": "none"
            }
        ],
        "organizations": [
            {
                "name": "university of melbourne",
                "sentiment": "none"
            }
        ],
        "locations": [
            {
                "name": "ukraine",
                "sentiment": "none"
            },
            {
                "name": "australia",
                "sentiment": "none"
            },
            {
                "name": "melbourne",
                "sentiment": "none"
            },
            {
                "name": "baillieus",
                "sentiment": "none"
            },
            {
                "name": "russia",
                "sentiment": "none"
            }
        ]
    },
    "rating": null,
    "crawled": "2024-05-05T10:54:45.555+03:00",
    "updated": "2024-05-05T10:54:45.555+03:00"
}