{
    "thread": {
        "uuid": "ddeeb626db2ed80b3b2a817356a88a45e4621f10",
        "url": "https://fr.sputniknews.africa/20240502/une-fillette-du-donbass-qui-saluait-des-avions-russes-voit-son-reve-exauce---video-1066345380.html",
        "site_full": "fr.sputniknews.africa",
        "site": "sputniknews.africa",
        "site_section": "https://fr.sputniknews.africa/export/rss2/archive/index.xml",
        "site_categories": [],
        "section_title": "Sputnik Afrique: actualités du jour, infos en direct et en continu",
        "title": "Une fillette du Donbass qui saluait des avions russes voit son rêve exaucé - vidéo",
        "title_full": "Une fillette du Donbass qui saluait des avions russes voit son rêve exaucé - vidéo",
        "published": "2024-05-02T22:03:00.000+03:00",
        "replies_count": 0,
        "participants_count": 1,
        "site_type": "news",
        "country": "FR",
        "main_image": "https://cdn1.img.sputniknews.africa/images/sharing/article/fra/1066345380.jpg?10610999081714680186",
        "performance_score": 0,
        "domain_rank": 42138,
        "domain_rank_updated": "2024-04-30T13:08:01.000+03:00",
        "reach": null,
        "social": {
            "facebook": {
                "likes": 0,
                "comments": 0,
                "shares": 0
            },
            "gplus": {
                "shares": 0
            },
            "pinterest": {
                "shares": 0
            },
            "linkedin": {
                "shares": 0
            },
            "stumbledupon": {
                "shares": 0
            },
            "vk": {
                "shares": 0
            }
        }
    },
    "uuid": "ddeeb626db2ed80b3b2a817356a88a45e4621f10",
    "url": "https://fr.sputniknews.africa/20240502/une-fillette-du-donbass-qui-saluait-des-avions-russes-voit-son-reve-exauce---video-1066345380.html",
    "ord_in_thread": 0,
    "parent_url": null,
    "author": "Sputnik Afrique",
    "published": "2024-05-02T22:03:00.000+03:00",
    "title": "Une fillette du Donbass qui saluait des avions russes voit son rêve exaucé - vidéo",
    "text": "Une fillette du Donbass qui saluait des avions russes voit son rêve exaucé - vidéo © Sputnik . Valentin Kapustin/ S'abonner Une fillette de Donetsk qui, depuis le début de l'opération militaire spéciale russe, salue les avions et hélicoptères russes avec un drapeau tricolore, a pu réaliser son rêve en montant dans un cockpit. Elle a parlé à Sputnik de son autre rêve: rencontrer le Président. \"Quand les hélicoptères et les avions ont commencé à voler, j'ai couru vers eux avec un drapeau russe\", a déclaré à Sputnik Macha, une fillette de neuf ans originaire de Makeïevka, une banlieue de Donetsk, qui salue depuis deux ans les aéronefs russes survolant sa maison. Elle explique qu'elle voulait ainsi soutenir les pilotes. Les aviateurs ont remarqué la fillette et l'ont invitée à l'aérodrome. La fillette a pu pénétrer dans un cockpit et admirer la technologie des aéronefs. \"Je suis heureuse que mon premier rêve soit devenu réalité. J'aimerais que mon deuxième rêve se réalise: rencontrer le Président russe Poutine, parce qu'il est cool!\", indique la gamine. Elle a avoué qu'elle rêvait aussi de devenir pilote d'avion.",
    "highlightText": "",
    "highlightTitle": "",
    "highlightThreadTitle": "",
    "language": "french",
    "sentiment": "positive",
    "categories": [
        "War, Conflict and Unrest",
        "Social Issue",
        "Human Interest"
    ],
    "webz_reporter": false,
    "external_links": [
        "https://sputnikmediabank.com/images/item/8239219",
        "https://www.sputnikmediabank.com/images/item/8239219"
    ],
    "external_images": [],
    "entities": {
        "persons": [],
        "organizations": [],
        "locations": []
    },
    "rating": null,
    "crawled": "2024-05-03T00:10:54.948+03:00",
    "updated": "2024-05-03T00:33:46.837+03:00"
}