{
    "thread": {
        "uuid": "0a3cc697e64671ce08a306f1dbadaf81a3846a35",
        "url": "https://www.lavanguardia.com/magazine/belleza/20240504/9604303/miss-dior-historia-valiente-catherine-heramana-disenador-flores-belleza.html",
        "site_full": "www.lavanguardia.com",
        "site": "lavanguardia.com",
        "site_section": "http://www.lavanguardia.com",
        "site_categories": [
            "non_standard_content",
            "adult"
        ],
        "section_title": "\n                            \n                    \n            Últimas noticias, actualidad y última hora en Catalunya, España y el mundo\n    ",
        "title": "La nueva Miss Dior, homenaje a la hermana de Christian Dior que luchó contra los nazis",
        "title_full": "La nueva Miss Dior, homenaje a la hermana de Christian Dior que luchó contra los nazis",
        "published": "2024-05-04T06:30:00.000+03:00",
        "replies_count": 0,
        "participants_count": 1,
        "site_type": "news",
        "country": "ES",
        "main_image": "https://www.lavanguardia.com/files/og_thumbnail/files/fp/uploads/2024/04/26/662bbc7dc2c75.r_d.4669-2584-1315.jpeg",
        "performance_score": 0,
        "domain_rank": 1442,
        "domain_rank_updated": "2024-04-30T13:07:54.000+03:00",
        "reach": null,
        "social": {
            "facebook": {
                "likes": 0,
                "comments": 0,
                "shares": 0
            },
            "gplus": {
                "shares": 0
            },
            "pinterest": {
                "shares": 0
            },
            "linkedin": {
                "shares": 0
            },
            "stumbledupon": {
                "shares": 0
            },
            "vk": {
                "shares": 0
            }
        }
    },
    "uuid": "0a3cc697e64671ce08a306f1dbadaf81a3846a35",
    "url": "https://www.lavanguardia.com/magazine/belleza/20240504/9604303/miss-dior-historia-valiente-catherine-heramana-disenador-flores-belleza.html",
    "ord_in_thread": 0,
    "parent_url": null,
    "author": "Adriana Rosés",
    "published": "2024-05-04T06:30:00.000+03:00",
    "title": "La nueva Miss Dior, homenaje a la hermana de Christian Dior que luchó contra los nazis",
    "text": "Mbappé Elecciones Catalunya ONU Sabadell BBVA Eurovisión 2024 Rey del Cachopo Alfonso Arús Adrián Cancún ONCE Bonoloto Euromillones La Grossa Eurojackpot Rosario Porto La Promesa Santoral hoy Luna Películas y series Precio luz Horóscopo hoy BUSCAR busqueda avanzada SUSCRÍBETE Secciones Al Minuto Internacional Política Sociedad Deportes Economía Opinión Gente Cultura Sucesos Participación Blogs Suscriptores Temas Historias visuales En Mejora Continua Vídeos Canales La Contra Natural Big Vang Salud Televisión Series Cribeo Magazine Viajes Vivo Moveo De Moda Comer Historia y Vida La Uni Vivo Seguro Peludos El Comprador Andro4all Ediciones locales Madrid Barcelona Catalunya Andalucía Comunidad Valenciana País Vasco Ver más Suplementos Cultura|S Dinero QF Vanguardia Dossier Libros de Vanguardia Clasificados Monográficos Foros de Vanguardia Eventos La Vanguardia Vanguardia de la Ciencia Servicios Edició en català Edición Impresa Hemeroteca Podcast EntrenaMentes Empresas de Vanguardia Programación TV Películas y Series Libros Loterías Horóscopo Comparativas Descuentos Coches de ocasión y km0 Calculadora sueldo neto Agenda Universo JR RSS Gourmet La Vanguardia LV Shopping Entradas de Vanguardia La Vanguardia moda belleza Protagonistas Experiencias Casa Diseño Viajes SUSCRÍBETE ¡Ups! Tu explorador está configurado para bloquear JavaScript. Para usar nuestros servicios, es necesario que lo permitas. La nueva Miss Dior, homenaje a la hermana de Christian Dior que luchó contra los nazis Belleza Francis Kurkdjian reinterpreta este perfume, un clásico cargado de historia al que dio nombre Catherine, hermana pequeña del diseñador y miembro de la resistencia francesa\nCatherine Dior tuvo durante años un puesto de flores en Les Halles de París\nColección Christian Dior Parfums Adriana Rosés\nBarcelona\n04/05/2024 06:30",
    "highlightText": "",
    "highlightTitle": "",
    "highlightThreadTitle": "",
    "language": "spanish",
    "sentiment": "positive",
    "categories": [
        "Human Interest",
        "Arts, Culture and Entertainment",
        "War, Conflict and Unrest"
    ],
    "webz_reporter": false,
    "external_links": [
        "https://www.twitter.com/lavanguardia",
        "https://www.instagram.com/lavanguardia",
        "https://www.facebook.com/LaVanguardia",
        "https://www.youtube.com/channel/UClLLRs_mFTsNT5U-DqTYAGg",
        "https://sdk.mrf.io/statics",
        "https://gourmetlavanguardia.com",
        "https://pandg.tapad.com/tag",
        "https://www.facebook.com/tr?id=316167066837274&ev=PageView&noscript=1/",
        "https://sb.scorecardresearch.com/p?c1=2&c2=6398301&cs_ucfr=1&cv=2.0&cj=1",
        "https://sb.scorecardresearch.com/p",
        "https://twitter.com/lavanguardia",
        "https://facebook.com/tr?id=316167066837274&ev=PageView&noscript=1/",
        "https://instagram.com/lavanguardia",
        "https://facebook.com/LaVanguardia",
        "https://www.facebook.com/tr",
        "https://www.facebook.com/tr?id=316167066837274&ev=PageView&noscript=1",
        "https://www.gourmetlavanguardia.com",
        "https://www.sdk.mrf.io/statics",
        "https://youtube.com/channel/UClLLRs_mFTsNT5U-DqTYAGg",
        "https://www.sb.scorecardresearch.com/p?c1=2&c2=6398301&cs_ucfr=1&cv=2.0&cj=1",
        "https://www.pandg.tapad.com/tag"
    ],
    "external_images": [],
    "entities": {
        "persons": [],
        "organizations": [],
        "locations": []
    },
    "rating": null,
    "crawled": "2024-05-04T07:34:40.890+03:00",
    "updated": "2024-05-11T09:39:58.920+03:00"
}