{
    "thread": {
        "uuid": "f03e51a107ec3cb2897d1672770fc2272eb15024",
        "url": "https://efe.com/portada-espana/2024-05-04/israel-gaza-palestina-negociaciones-acuerdo",
        "site_full": "efe.com",
        "site": "efe.com",
        "site_section": "https://efe.com/mundo/",
        "site_categories": [],
        "section_title": null,
        "title": "Las negociaciones para el alto el fuego en Gaza avanzan y se acercan a un principio de acuerdo",
        "title_full": "Las negociaciones para el alto el fuego en Gaza avanzan y se acercan a un principio de acuerdo",
        "published": "2024-05-04T18:35:00.000+03:00",
        "replies_count": 0,
        "participants_count": 1,
        "site_type": "news",
        "country": "ES",
        "main_image": "",
        "performance_score": 0,
        "domain_rank": 4426,
        "domain_rank_updated": "2024-04-30T13:07:54.000+03:00",
        "reach": null,
        "social": {
            "facebook": {
                "likes": 0,
                "comments": 0,
                "shares": 0
            },
            "gplus": {
                "shares": 0
            },
            "pinterest": {
                "shares": 0
            },
            "linkedin": {
                "shares": 0
            },
            "stumbledupon": {
                "shares": 0
            },
            "vk": {
                "shares": 0
            }
        }
    },
    "uuid": "f03e51a107ec3cb2897d1672770fc2272eb15024",
    "url": "https://efe.com/portada-espana/2024-05-04/israel-gaza-palestina-negociaciones-acuerdo",
    "ord_in_thread": 0,
    "parent_url": null,
    "author": "mgonzalezy",
    "published": "2024-05-04T18:35:00.000+03:00",
    "title": "Las negociaciones para el alto el fuego en Gaza avanzan y se acercan a un principio de acuerdo",
    "text": "El Cairo (EFE).- Las negociaciones para alcanzar un alto el fuego en la Franja de Gaza avanzan positivamente y se acercan a un principio de acuerdo, si bien las partes todavía no han cerrado ningún pacto definitivo, informaron este sábado a EFE fuentes conocedoras de las conversaciones que tienen lugar en El Cairo. Una fuente palestina dijo a EFE, bajo condición de anonimato, que “hay un gran avance en las negociaciones entre el movimiento palestino Hamás e Israel”, y detalló que la delegación egipcia en el proceso negociador “ha alcanzado una formulación acordada en cuanto a los puntos de discrepancia”. Entrega de rehenes y tropas israelíes fuera de Gaza Precisó que el último acuerdo sobre el que discuten actualmente incluye una primera fase de 40 días de tregua en la que se liberarán 33 rehenes del total de unos 128 rehenes israelíes retenidos por Hamás, mientras que el Ejército israelí se retirará de las zonas en las que esté presente en la Franja de Gaza. Según esta misma fuente, la segunda fase continuará por otro periodo de 42 días durante el cual se liberarán todos los rehenes restantes y se extenderá un proceso de “calma permanente en Gaza”, mientras que la tercera y la última fase incluirá intercambiar los cadáveres y durará también 42 días. También apuntó que “(Sinwar) quiere un compromiso estadounidense por escrito para el fin incondicional de los combates” y solicita también que Israel no impida regresar al territorio ocupado de Cisjordania a los palestinos liberados a cambio de los rehenes. Netanyahu: Entraremos en Rafah “con o sin acuerdo” de tregua Según un alto funcionario de Hamás citado por la cadena catarí Al Yazira, el hecho de que [Netanyahu insista en que Israel entrará en la ciudad de Rafah](https://efe.com/mundo/2024-04-30/ofensiva-israel-rafah/) con independencia de un posible acuerdo es un “elemento clave” que también se está discutiendo hoy en las conversaciones. Hasta el momento, en el enclave palestino, al menos 32 personas fallecieron en las últimas 24 horas, lo que elevó a 34.654 el número de víctimas mortales registradas en los hospitales del enclave, además de más de 77.900 heridos, según datos del Ministerio de Sanidad gazatí, dependiente de Hamás. Seis países árabes presentan a EEUU 14 puntos para el día después de la guerra El Comité Ministerial Árabe, formado por Palestina, Egipto, Jordania, Arabia Saudí, Emiratos Árabes Unidos y Baréin, presentó este sábado un documento de 14 puntos al secretario de Estado de Estados Unidos, Antony Blinken, para el día después de la guerra en la Franja de Gaza. El primer punto establece el reconocimiento inmediato del Estado palestino y su aceptación en la ONU como miembro de pleno derecho, mientras que el segundo solicita protección total a la Agencia de la ONU para los Refugiados Palestinos (UNRWA) “al ser el suministrador principal de la ayuda humanitaria en Gaza”. También piden la retirada completa de las fuerzas israelíes de la Franja de Gaza en 21 días desde el anuncio del alto el fuego y trasladar la autoridad gubernamental del enclave palestino a la Autoridad Palestina, además de “la entrada de sus fuerzas a todas las partes de la Franja con ayuda internacional”. El documento incluye, entre sus reclamaciones, “ampliar la ayuda internacional para construir los aparatos de seguridad de la Autoridad Palestina para desplegar las fuerzas de mantener la paz de la ONU, no solo en Gaza, sino también en Cisjordania y Jerusalén Este en base de una decisión del Consejo de Seguridad”. Asimismo, insta a aplicar los acuerdos firmados entre Israel y Palestina, incluso los firmados en Al Aqaba y Sharm El Sheikh, y a celebrar una conferencia internacional para lograr la creación de los dos estados.",
    "highlightText": "",
    "highlightTitle": "",
    "highlightThreadTitle": "",
    "language": "spanish",
    "sentiment": "positive",
    "categories": [
        "War, Conflict and Unrest"
    ],
    "webz_reporter": false,
    "external_links": [],
    "external_images": [],
    "entities": {
        "persons": [],
        "organizations": [],
        "locations": []
    },
    "rating": null,
    "crawled": "2024-05-04T22:32:52.435+03:00",
    "updated": "2024-05-05T08:20:27.163+03:00"
}