{
    "thread": {
        "uuid": "3f10d344fffe571fcf31b5a83961e11744a20794",
        "url": "https://www.globalsecurity.org/military/library/news/2024/05/mil-240502-irna05.htm",
        "site_full": "www.globalsecurity.org",
        "site": "globalsecurity.org",
        "site_section": "http://globalsecurity.org//globalsecurity-org.xml",
        "site_categories": [
            "media"
        ],
        "section_title": "GlobalSecurity.org",
        "title": "Hamas welcomes Colombia decision to sever ties with Israel",
        "title_full": "Hamas welcomes Colombia decision to sever ties with Israel",
        "published": "2024-05-03T08:20:00.000+03:00",
        "replies_count": 0,
        "participants_count": 1,
        "site_type": "news",
        "country": "US",
        "main_image": "",
        "performance_score": 0,
        "domain_rank": 3630,
        "domain_rank_updated": "2024-04-30T13:07:54.000+03:00",
        "reach": null,
        "social": {
            "facebook": {
                "likes": 0,
                "comments": 0,
                "shares": 0
            },
            "gplus": {
                "shares": 0
            },
            "pinterest": {
                "shares": 0
            },
            "linkedin": {
                "shares": 0
            },
            "stumbledupon": {
                "shares": 0
            },
            "vk": {
                "shares": 0
            }
        }
    },
    "uuid": "3f10d344fffe571fcf31b5a83961e11744a20794",
    "url": "https://www.globalsecurity.org/military/library/news/2024/05/mil-240502-irna05.htm",
    "ord_in_thread": 0,
    "parent_url": null,
    "author": "John Pike",
    "published": "2024-05-03T08:20:00.000+03:00",
    "title": "Hamas welcomes Colombia decision to sever ties with Israel",
    "text": "Hamas welcomes Colombia decision to sever ties with Israel\nIRNA - Islamic Republic News Agency\nMay 2, 2024\nTehran, IRNA -- The Palestinian resistance movement, Hamas, has welcomed a decision by Colombia to sever diplomatic relations with the Israeli regime, and called on other countries to follow suit.\nTehran, IRNA - The Palestinian resistance movement, Hamas, has welcomed a decision by Colombia to sever diplomatic relations with the Israeli regime, and called on other countries to follow suit.\nIn a statement on Thursday, Hamas called Colombia's decision a victory for the sacrifices of the Palestinian people and their fair cause, Palestine's Shehab news agency reported.\nThe movement called on all countries, including South American nations, to completely cut their diplomatic ties with the \"fascist Israeli regime\" which keeps committing crimes against Palestinians in violation of international law and norms.\nOn Wednesday, Colombian President Gustavo Petro announced that his country will sever diplomatic ties with Israel as of Thursday (May 2) for \"having a president who is genocidal.\"\nHe told supporters during May Day rallies in Bogota that countries cannot remain passive in the face of what's going on in Gaza.\nSince the start of the war in early October, the Israeli regime has killed at least 34,596 people in Gaza, mostly women and children. The regime has also defied growing international calls for an immediate ceasefire in the Palestinian enclave.\n1483**4194\n|\n|\nNEWSLETTER\n|Join the GlobalSecurity.org mailing list|\n|\n||\n|",
    "highlightText": "",
    "highlightTitle": "",
    "highlightThreadTitle": "",
    "language": "english",
    "sentiment": "positive",
    "categories": [
        "War, Conflict and Unrest",
        "Politics"
    ],
    "webz_reporter": false,
    "external_links": [],
    "external_images": [],
    "entities": {
        "persons": [
            {
                "name": "gustavo petro",
                "sentiment": "none"
            }
        ],
        "organizations": [
            {
                "name": "hamas",
                "sentiment": "negative"
            },
            {
                "name": "islamic republic news agency",
                "sentiment": "negative"
            },
            {
                "name": "israel hamas",
                "sentiment": "negative"
            },
            {
                "name": "irna",
                "sentiment": "negative"
            }
        ],
        "locations": [
            {
                "name": "colombia",
                "sentiment": "none"
            },
            {
                "name": "israel",
                "sentiment": "none"
            },
            {
                "name": "south american",
                "sentiment": "none"
            },
            {
                "name": "tehran",
                "sentiment": "none"
            },
            {
                "name": "palestine",
                "sentiment": "none"
            }
        ]
    },
    "rating": null,
    "crawled": "2024-05-03T12:27:42.933+03:00",
    "updated": "2024-05-03T12:27:42.933+03:00"
}