{
    "thread": {
        "uuid": "1f29d6bbb6caf54ccf5d5387cb6b48e7f059a8fb",
        "url": "https://www.globalist.it/media/2024/05/03/premiati-dallunesco-i-giornalisti-palestinesi-impegnati-nel-raccontare-la-guerra-a-gaza/",
        "site_full": "www.globalist.it",
        "site": "globalist.it",
        "site_section": "https://www.globalist.it/feed",
        "site_categories": [
            "uncategorized"
        ],
        "section_title": "Globalist.it",
        "title": "Premiati dall’Unesco i giornalisti palestinesi impegnati nel raccontare la guerra a Gaza",
        "title_full": "Premiati dall’Unesco i giornalisti palestinesi impegnati nel raccontare la guerra a Gaza",
        "published": "2024-05-03T18:39:00.000+03:00",
        "replies_count": 0,
        "participants_count": 1,
        "site_type": "news",
        "country": "IT",
        "main_image": "http://www.globalist.it/wp-content/uploads/2024/05/giornalisti-premiato-unesco.jpg",
        "performance_score": 0,
        "domain_rank": 58077,
        "domain_rank_updated": "2024-04-30T13:08:01.000+03:00",
        "reach": null,
        "social": {
            "facebook": {
                "likes": 0,
                "comments": 0,
                "shares": 0
            },
            "gplus": {
                "shares": 0
            },
            "pinterest": {
                "shares": 0
            },
            "linkedin": {
                "shares": 0
            },
            "stumbledupon": {
                "shares": 0
            },
            "vk": {
                "shares": 0
            }
        }
    },
    "uuid": "1f29d6bbb6caf54ccf5d5387cb6b48e7f059a8fb",
    "url": "https://www.globalist.it/media/2024/05/03/premiati-dallunesco-i-giornalisti-palestinesi-impegnati-nel-raccontare-la-guerra-a-gaza/",
    "ord_in_thread": 0,
    "parent_url": null,
    "author": "redazione",
    "published": "2024-05-03T18:39:00.000+03:00",
    "title": "Premiati dall’Unesco i giornalisti palestinesi impegnati nel raccontare la guerra a Gaza",
    "text": "di Lorenzo Lazzeri\nL’Unesco ha conferito il Premio Mondiale per la Libertà di Stampa Guillermo Cano a tutti i giornalisti palestinesi che stanno documentando il conflitto a Gaza, per il quale Israele e Hamas sono in conflitto da oltre sei mesi.\nIl premio, istituito nel 1997 e assegnato ogni anno in occasione della Giornata Mondiale della Libertà di Stampa – che cade ogni 3 maggio-, riconosce gli sforzi nel promuovere e difendere la libertà di stampa, specialmente in contesti di conflitto.\nMauricio Weibel, presidente della giuria internazionale di professionisti dei media, ha espresso forte sostegno ai giornalisti operanti in condizioni estremamente difficili, mandando un forte messaggio di solidarietà e riconoscimento ai palestinesi che stanno documentando la guerra in condizioni estremamente difficili, sottolineando quanto l’umanità debba loro per il loro coraggio e il loro impegno nella difesa della libertà di espressione.\nLa decisione di assegnare questo premio è arrivata non molto tempo fa, quando Reporters Sans Frontières (RSF) ha invitato l’Unesco ad assegnare il prestigioso riconoscimento a quattro giornalisti palestinesi a Gaza.\nLa proposta è stata fatta dallo stesso RSF per celebrare il loro instancabile lavoro nel documentare gli scontri e le tragedie a Gaza, essendo rimasti gli unici a poter raccontare al mondo gli accadimenti nella Striscia, anche dopo la cacciata dei giornalisti.\nE’ dal 7 ottobre dello scorso anno che la guerra non ha mostrato segni di cessazione, se non per un breve periodo, colpendo indiscriminatamente la popolazione intera e, tra i molti, i giornalisti rimasti sul campo.\nChristophe Deloire, segretario generale di RSF, ha dichiarato che questa nomina era intesa a lanciare un segnale attraverso l’Unesco, aggiungendo che “i giornalisti di Gaza stanno sacrificando le loro vite per il diritto all’informazione. Devono essere supportati, protetti e onorati.”\nTra le persone nominate da RSF figura il capo dell’ufficio di Al Jazeera a Gaza, Wael Dahdouh, descritto come “un esempio di resilienza e difesa della libertà giornalistica, che non ha mai smesso di riportare le notizie nonostante la perdita dei suoi cari”.\nMotaz Azaiza, ex traduttore freelance e fotografo, ora foto-giornalista, è stato anch’esso nominato. Il ventiquattrenne ha perso 15 membri della sua famiglia negli attacchi israeliani ad ottobre. Ciò nonostante, ha documentato instancabilmente le inquietanti scene post-aggressione attraverso la sua fotografia.\nRSF ha inoltre nominato Aseel Mousa, giornalista freelance palestinese e una delle ultime reporter ancora attive nella Striscia. Il suo lavoro, The Intercept e Middle East Eye, che evidenzia le difficoltà riscontrate dalle donne palestinesi in gravidanza a causa della distruzione del settore sanitario di Gaza, è stato pubblicato su testate come Al Jazeera.\nInfine, tra i nominati, figura anche Ola Al Zaanoun, corrispondente di RSF a Gaza dal 2018.",
    "highlightText": "",
    "highlightTitle": "",
    "highlightThreadTitle": "",
    "language": "italian",
    "sentiment": "positive",
    "categories": [
        "War, Conflict and Unrest",
        "Human Interest"
    ],
    "webz_reporter": false,
    "external_links": [],
    "external_images": [],
    "entities": {
        "persons": [],
        "organizations": [],
        "locations": []
    },
    "rating": null,
    "crawled": "2024-05-03T20:47:12.627+03:00",
    "updated": "2024-05-03T20:47:12.627+03:00"
}