{
    "thread": {
        "uuid": "1d07544e29894b2658d0dc347c70892e6476817f",
        "url": "https://www.the-express.com/news/world-news/136472/ukraine-russia-war-peace-talks",
        "site_full": "www.the-express.com",
        "site": "the-express.com",
        "site_section": "https://the-express.com",
        "site_categories": [],
        "section_title": "Daily Express US - Latest US News, Sport & Entertainment - Daily Express US",
        "title": "Ukraine signals willingness for Russia peace talks - World News - News - Daily Express US",
        "title_full": "Ukraine signals willingness for Russia peace talks - World News - News - Daily Express US",
        "published": "2024-05-04T12:59:00.000+03:00",
        "replies_count": 0,
        "participants_count": 1,
        "site_type": "news",
        "country": "US",
        "main_image": "https://cdn-images.the-express.com/img/dynamic/12/1200x630/183728.jpg",
        "performance_score": 0,
        "domain_rank": 66715,
        "domain_rank_updated": "2024-04-30T13:08:01.000+03:00",
        "reach": null,
        "social": {
            "facebook": {
                "likes": 0,
                "comments": 0,
                "shares": 0
            },
            "gplus": {
                "shares": 0
            },
            "pinterest": {
                "shares": 0
            },
            "linkedin": {
                "shares": 0
            },
            "stumbledupon": {
                "shares": 0
            },
            "vk": {
                "shares": 0
            }
        }
    },
    "uuid": "1d07544e29894b2658d0dc347c70892e6476817f",
    "url": "https://www.the-express.com/news/world-news/136472/ukraine-russia-war-peace-talks",
    "ord_in_thread": 0,
    "parent_url": null,
    "author": "Lucy Sarret",
    "published": "2024-05-04T12:59:00.000+03:00",
    "title": "Ukraine signals willingness for Russia peace talks - World News - News - Daily Express US",
    "text": "Ukraine signals willingness for Russia peace talks as Moscow's troops advance Major-General Vadym Skibitsky has explained that the ongoing Ukraine-Russia war can only end in meaningful negotiations. A senior Ukrainian intelligence official has spoken out on the inevitability of talks with [Russia](https://www.the-express.com/latest/russia) to end their ongoing conflict, despite [Ukrainian President Volodymyr Zelensky](/latest/volodymyr-zelensky)'s previous refusal to engage in negotiations with the Kremlin. In an interview published by The Economist magazine on Thursday, Major-General Vadym Skibitsky, deputy chief of [Ukraine](https://www.the-express.com/latest/ukraine)'s HUR military intelligence directorate, acknowledged the necessity of eventual dialogue with [Russia](https://www.the-express.com/latest/russia) to conclude the more than two-year-old war. Skibitsky explained that wars typically culminate in treaties and that meaningful negotiations would likely commence in the second half of 2025 at the earliest. \"General Skibitsky says he does not see a way for [Ukraine](https://www.the-express.com/latest/ukraine) to win the war on the battlefield alone. Even if it were able to push Russian forces back to the borders - an increasingly distant prospect - it wouldn’t end the war,\" the magazine wrote. \"Such wars can only end with treaties, he says. Right now, both sides are jockeying for the 'the most favourable position' ahead of potential talks. But meaningful negotiations can begin only in the second half of 2025 at the earliest, he guesses.\" Don't miss... [ Russia and China's 'partnership' exposed as US shares Taiwan invasion fears ](/news/world-news/136372/russia-china-taiwan-invasion-usa) [LATEST] While [Zelensky](/latest/volodymyr-zelensky) has excluded [Russia](https://www.the-express.com/latest/russia) from a \"peace summit\" scheduled for June in Switzerland, Foreign Minister Dmytro Kuleba suggested in an interview with [Foreign Policy magazine](https://foreignpolicy.com/live/ukraine-top-diplomat-dmytro-kuleba/) that communication with [Russia](https://www.the-express.com/latest/russia) could follow the summit. \"After that, communication with [Russia](https://www.the-express.com/latest/russia) may take place and [Russia](https://www.the-express.com/latest/russia) can be part of the talks. Because you are right: In the end, you cannot put the war to an end without both parties\", Kuleba said. However, Russian President [Vladimir Putin](https://www.the-express.com/latest/vladimir-putin) and Kremlin officials have accused [Ukraine](https://www.the-express.com/latest/ukraine) of obstructing efforts to settle. DON'T MISS: [ Pentagon rings alarm bells over Russian anti-satellite nuclear weapon ](/news/world-news/136364/pentagon-russia-anti-satellite-nuclear-weapons) [LATEST] [ Putin releases illegal choking agent in desperate effort to conquer Ukraine ](/news/world-news/136357/russia-ukraine-war-chemical-weapon-choking-agent-state-department) [REPORT] [ Russian forces wipe out two US-made HIMARS in Ukraine in fresh blow to artillery ](/news/world-news/136298/russia-destroys-himars-ukraine-artillery) [INSIGHT] Kremlin spokesman Dmitry Peskov asserted that the June gathering would lack credibility without [Russia](https://www.the-express.com/latest/russia)'s involvement. In response, [Zelensky](/latest/volodymyr-zelensky) characterized the June meeting as a significant opportunity to initiate the restoration of a just peace. \"All our positions, on the battlefield, in diplomacy and in the information sphere, must be equally strong now,\" he said. \"Our strength, our capabilities, our weapons, unity with partners -- all this must work together. And it will work\", he said on Thursday.",
    "highlightText": "",
    "highlightTitle": "",
    "highlightThreadTitle": "",
    "language": "english",
    "sentiment": "positive",
    "categories": [
        "Politics",
        "War, Conflict and Unrest"
    ],
    "webz_reporter": false,
    "external_links": [
        "https://foreignpolicy.com/live/ukraine-top-diplomat-dmytro-kuleba/)",
        "https://www.foreignpolicy.com/live/ukraine-top-diplomat-dmytro-kuleba/)"
    ],
    "external_images": [],
    "entities": {
        "persons": [
            {
                "name": "vadym sk",
                "sentiment": "positive"
            },
            {
                "name": "volodymyr zelensky",
                "sentiment": "none"
            },
            {
                "name": "skibitsky",
                "sentiment": "none"
            },
            {
                "name": "vadym skibitsky",
                "sentiment": "none"
            }
        ],
        "organizations": [
            {
                "name": "economist",
                "sentiment": "none"
            }
        ],
        "locations": [
            {
                "name": "ukraine",
                "sentiment": "none"
            },
            {
                "name": "us ukraine",
                "sentiment": "none"
            },
            {
                "name": "moscow",
                "sentiment": "none"
            },
            {
                "name": "russia",
                "sentiment": "none"
            },
            {
                "name": "kremlin",
                "sentiment": "none"
            }
        ]
    },
    "rating": null,
    "crawled": "2024-05-04T13:22:34.062+03:00",
    "updated": "2024-05-04T13:22:34.062+03:00"
}