{
    "thread": {
        "uuid": "23c7ad908960f8b7f674f23eae8070baad2263ae",
        "url": "https://www.schooltube.com/the-legendary-f-111-aardvark-a-supersonic-multirole-combat-aircraft",
        "site_full": "www.schooltube.com",
        "site": "schooltube.com",
        "site_section": "https://www.schooltube.com/category/airplanes-space/",
        "site_categories": [],
        "section_title": null,
        "title": "The Legendary F-111 Aardvark: A Supersonic Multirole Combat Aircraft",
        "title_full": "The Legendary F-111 Aardvark: A Supersonic Multirole Combat Aircraft",
        "published": "2024-05-04T00:45:00.000+03:00",
        "replies_count": 0,
        "participants_count": 1,
        "site_type": "news",
        "country": "US",
        "main_image": "",
        "performance_score": 0,
        "domain_rank": 42154,
        "domain_rank_updated": "2024-04-30T13:08:01.000+03:00",
        "reach": null,
        "social": {
            "facebook": {
                "likes": 0,
                "comments": 0,
                "shares": 0
            },
            "gplus": {
                "shares": 0
            },
            "pinterest": {
                "shares": 0
            },
            "linkedin": {
                "shares": 0
            },
            "stumbledupon": {
                "shares": 0
            },
            "vk": {
                "shares": 0
            }
        }
    },
    "uuid": "23c7ad908960f8b7f674f23eae8070baad2263ae",
    "url": "https://www.schooltube.com/the-legendary-f-111-aardvark-a-supersonic-multirole-combat-aircraft",
    "ord_in_thread": 0,
    "parent_url": null,
    "author": "SchoolTube Community",
    "published": "2024-05-04T00:45:00.000+03:00",
    "title": "The Legendary F-111 Aardvark: A Supersonic Multirole Combat Aircraft",
    "text": "Title: The Legendary F-111 Aardvark: A Supersonic Multirole Combat Aircraft\nIntroduction:\nIn the realm of aviation history, the General Dynamics F-111 Aardvark stands as a remarkable aircraft that pushed the boundaries of technology and performance. Developed in the 1960s, this supersonic, medium-range, multirole combat aircraft served as a versatile workhorse for the United States Air Force (USAF) and the Royal Australian Air Force (RAAF).\nDesign and Development:\nThe F-111 Aardvark was a product of the Cold War era, where the demand for advanced military aircraft was at its peak. General Dynamics, a renowned aerospace company, undertook the ambitious task of creating a versatile aircraft capable of performing various missions, including ground attack, strategic bombing reconnaissance, and electronic warfare.\nThe F-111 featured a unique swing-wing design, which allowed it to transition between high-speed flight and low-speed maneuverability. This innovative feature enabled the aircraft to excel in both supersonic dashes and precise low-altitude operations.\nOperational History:\nThe F-111 Aardvark entered service with the USAF in 1967, marking a significant milestone in aviation history. The aircraft quickly gained a reputation for its exceptional performance and versatility. It played a crucial role in various conflicts, including the Vietnam War, where its advanced capabilities proved invaluable.\nIn addition to the USAF, the Royal Australian Air Force also recognized the potential of the F-111 and acquired the F-111C variant in 1973. The RAAF operated the Aardvark for several decades, utilizing its capabilities in various missions, including long-range strike operations.\nVariants and Upgrades:\nThroughout its service life, the F-111 Aardvark underwent several upgrades and modifications, resulting in different variants. These variants included the F-111A, F-111B, F-111C, F-111D, and F-111F, each tailored to specific mission requirements.\nThe F-111B, for instance, was optimized for electronic warfare, while the F-111D focused on long-range strike capabilities. These variants showcased the adaptability and versatility of the Aardvark platform.\nRetirement and Legacy:\nAfter several decades of dedicated service, the F-111 Aardvark was eventually retired from active duty. The USAF retired its last F-111s in 1996, while the RAAF phased out its Aardvarks in 2010.\nDespite its retirement, the F-111 Aardvark remains an iconic aircraft in aviation history. Its groundbreaking design, exceptional performance, and versatility have left a lasting legacy. The Aardvark paved the way for future advancements in military aviation and continues to be admired by aviation enthusiasts worldwide.\nConclusion:\nThe General Dynamics F-111 Aardvark stands as a testament to human ingenuity and engineering excellence. Its impact on military aviation cannot be overstated, and its legacy continues to inspire future generations of aviators and aerospace engineers.",
    "highlightText": "",
    "highlightTitle": "",
    "highlightThreadTitle": "",
    "language": "english",
    "sentiment": "positive",
    "categories": [
        "War, Conflict and Unrest",
        "Science and Technology",
        "Human Interest"
    ],
    "webz_reporter": false,
    "external_links": [
        "https://www.youtube.com/embed/lSBzKfXK9Mg?feature=oembed",
        "https://www.youtube.com/embed/lSBzKfXK9Mg",
        "https://youtube.com/embed/lSBzKfXK9Mg?feature=oembed"
    ],
    "external_images": [],
    "entities": {
        "persons": [],
        "organizations": [
            {
                "name": "usaf",
                "sentiment": "none"
            },
            {
                "name": "royal australian air force",
                "sentiment": "none"
            },
            {
                "name": "united states air force",
                "sentiment": "none"
            },
            {
                "name": "general dynamics",
                "sentiment": "none"
            }
        ],
        "locations": []
    },
    "rating": null,
    "crawled": "2024-05-04T01:47:31.934+03:00",
    "updated": "2024-05-04T01:47:31.934+03:00"
}