{
    "thread": {
        "uuid": "6e3d62151301db0707b1997856c5a02c8abe8c2a",
        "url": "https://www.pakistantoday.com.pk/2024/05/04/aphc-pays-tributes-to-ashraf-sehrai-on-the-eve-of-his-martyrdom-anniversary",
        "site_full": "www.pakistantoday.com.pk",
        "site": "pakistantoday.com.pk",
        "site_section": "https://www.pakistantoday.com.pk/category/national/",
        "site_categories": [
            "media",
            "top_news"
        ],
        "section_title": null,
        "title": "APHC pays tributes to Ashraf Sehrai on the eve of his martyrdom anniversary",
        "title_full": "APHC pays tributes to Ashraf Sehrai on the eve of his martyrdom anniversary",
        "published": "2024-05-04T17:52:00.000+03:00",
        "replies_count": 0,
        "participants_count": 1,
        "site_type": "news",
        "country": "PK",
        "main_image": "",
        "performance_score": 0,
        "domain_rank": 16301,
        "domain_rank_updated": "2024-04-30T13:07:54.000+03:00",
        "reach": null,
        "social": {
            "facebook": {
                "likes": 0,
                "comments": 0,
                "shares": 0
            },
            "gplus": {
                "shares": 0
            },
            "pinterest": {
                "shares": 0
            },
            "linkedin": {
                "shares": 0
            },
            "stumbledupon": {
                "shares": 0
            },
            "vk": {
                "shares": 0
            }
        }
    },
    "uuid": "6e3d62151301db0707b1997856c5a02c8abe8c2a",
    "url": "https://www.pakistantoday.com.pk/2024/05/04/aphc-pays-tributes-to-ashraf-sehrai-on-the-eve-of-his-martyrdom-anniversary",
    "ord_in_thread": 0,
    "parent_url": null,
    "author": "@ePakistanToday",
    "published": "2024-05-04T17:52:00.000+03:00",
    "title": "APHC pays tributes to Ashraf Sehrai on the eve of his martyrdom anniversary",
    "text": "SRINAGAR: The All Parties Hurriyat Conference has paid glowing tributes to senior Hurriyat leader, Muhammad Ashraf Sehrai, on the eve of his third martyrdom anniversary in Indian illegally occupied Jammu and Kashmir.\nAccording to Kashmir Media Service, senior APHC leader and Tehreek-e-Hurriyat Jammu and Kashmir Chairman, Muhammad Ashraf Sehrai who challenged India’s illegal occupation and political injustice in IIOJK for decades died in Indian captivity on May 05, 2021.\nThe APHC leaders, including Ghulam Muhammad Khan Sopori, Adv Arshad Iqbal, Muhammad Saleem Zargar, Khawaja Firdous, Syed Bashir Andrabi, Maulana Musaib Nadvi, Zamrooda Habib, Yasmeen Raja, Farida Behanji, Ms Hafza, Fayaz Hussain Jafari, Syed Sibte Shabbir Qummi, Advocate Devender Singh Behal, Muhammad Musaib Wani, Muhammad Shafi Lone and Ghulam Nabi War, said Muhammad Ashraf Sehrai was a symbol of resistance and embodiment of sacrifice.\nThey said Ashraf Sehrai’s life, sacrifices and struggle are a role model for coming generations of Kashmir.\nThe statements said the best way to pay tribute to the iconic leader is to follow his teachings and fulfill his mission. The APHC leaders said Ashraf Sehrai and other martyrs will continue to live in the Kashmiris’ hearts for his sacrifices for the freedom cause.",
    "highlightText": "",
    "highlightTitle": "",
    "highlightThreadTitle": "",
    "language": "english",
    "sentiment": "positive",
    "categories": [
        "Politics",
        "War, Conflict and Unrest",
        "Human Interest"
    ],
    "webz_reporter": false,
    "external_links": [],
    "external_images": [],
    "entities": {
        "persons": [
            {
                "name": "ashraf sehrai",
                "sentiment": "negative"
            },
            {
                "name": "fayaz hussain jafari",
                "sentiment": "none"
            },
            {
                "name": "syed bashir andrabi",
                "sentiment": "none"
            },
            {
                "name": "zamrooda habib",
                "sentiment": "none"
            },
            {
                "name": "syed sibte shabbir qummi",
                "sentiment": "none"
            },
            {
                "name": "tehreek-e-hurriyat jammu",
                "sentiment": "none"
            },
            {
                "name": "khawaja firdous",
                "sentiment": "none"
            },
            {
                "name": "muhammad shafi lone",
                "sentiment": "none"
            },
            {
                "name": "yasmeen raja",
                "sentiment": "none"
            },
            {
                "name": "maulana musaib nadvi",
                "sentiment": "none"
            },
            {
                "name": "farida behanji",
                "sentiment": "none"
            },
            {
                "name": "ghulam nabi war",
                "sentiment": "none"
            },
            {
                "name": "ghulam muhammad khan sopori",
                "sentiment": "none"
            },
            {
                "name": "muhammad ashraf sehrai",
                "sentiment": "none"
            },
            {
                "name": "adv arshad iqbal",
                "sentiment": "none"
            },
            {
                "name": "devender singh behal",
                "sentiment": "none"
            },
            {
                "name": "muhammad saleem zargar",
                "sentiment": "none"
            },
            {
                "name": "muhammad musaib wani",
                "sentiment": "none"
            }
        ],
        "organizations": [
            {
                "name": "hurriyat",
                "sentiment": "negative"
            },
            {
                "name": "aphc",
                "sentiment": "negative"
            },
            {
                "name": "kashmir media service",
                "sentiment": "none"
            }
        ],
        "locations": [
            {
                "name": "srinagar",
                "sentiment": "none"
            },
            {
                "name": "hafza",
                "sentiment": "none"
            },
            {
                "name": "kashmir",
                "sentiment": "none"
            },
            {
                "name": "jammu",
                "sentiment": "none"
            },
            {
                "name": "india",
                "sentiment": "none"
            }
        ]
    },
    "rating": null,
    "crawled": "2024-05-05T00:24:48.452+03:00",
    "updated": "2024-05-05T00:24:48.452+03:00"
}