{
    "thread": {
        "uuid": "a6c046e7ae69400b5d9bcdd748f90f23e6f84802",
        "url": "https://rpp.pe/mundo/medio-oriente/negociaciones-para-el-alto-el-fuego-en-gaza-avanzan-y-se-acercan-a-un-principio-de-acuerdo-noticia-1552382",
        "site_full": "rpp.pe",
        "site": "rpp.pe",
        "site_section": "https://rpp.pe:443/feed",
        "site_categories": [
            "media",
            "top_news"
        ],
        "section_title": "RPP NOTICIAS",
        "title": "Negociaciones para el alto el fuego en Gaza avanzan y se acercan a un principio de acuerdo",
        "title_full": "Negociaciones para el alto el fuego en Gaza avanzan y se acercan a un principio de acuerdo",
        "published": "2024-05-04T17:48:00.000+03:00",
        "replies_count": 0,
        "participants_count": 1,
        "site_type": "news",
        "country": "PE",
        "main_image": "https://e.rpp-noticias.io/large/2024/05/04/362736_1576813.webp",
        "performance_score": 0,
        "domain_rank": 15562,
        "domain_rank_updated": "2024-04-30T13:07:54.000+03:00",
        "reach": null,
        "social": {
            "facebook": {
                "likes": 0,
                "comments": 0,
                "shares": 0
            },
            "gplus": {
                "shares": 0
            },
            "pinterest": {
                "shares": 0
            },
            "linkedin": {
                "shares": 0
            },
            "stumbledupon": {
                "shares": 0
            },
            "vk": {
                "shares": 0
            }
        }
    },
    "uuid": "a6c046e7ae69400b5d9bcdd748f90f23e6f84802",
    "url": "https://rpp.pe/mundo/medio-oriente/negociaciones-para-el-alto-el-fuego-en-gaza-avanzan-y-se-acercan-a-un-principio-de-acuerdo-noticia-1552382",
    "ord_in_thread": 0,
    "parent_url": null,
    "author": "RedacciónRPP",
    "published": "2024-05-04T17:48:00.000+03:00",
    "title": "Negociaciones para el alto el fuego en Gaza avanzan y se acercan a un principio de acuerdo",
    "text": "Una fuente palestina precisó a EFE que el último acuerdo sobre el que discuten actualmente incluye una primera fase de 40 días de tregua en la que se liberarán 33 rehenes del total de unos 128 rehenes israelíes retenidos por [Hamás.](https://rpp.pe/noticias/hamas) Las negociaciones para alcanzar un alto el fuego en la [Franja de Gaza](https://rpp.pe/noticias/gaza) avanzan positivamente y se acercan a un principio de acuerdo, si bien las partes todavía no han cerrado ningún pacto definitivo, informaron este sábado a EFE fuentes conocedoras de las conversaciones que tienen lugar en El Cairo. Una fuente palestina dijo a EFE, bajo condición de anonimato, que \"hay un gran avance en las negociaciones entre el movimiento palestino Hamás e Israel\", y detalló que la delegación egipcia en el proceso negociador \"ha alcanzado una formulación acordada en cuanto a los puntos de discrepancia\". También precisó que el último acuerdo sobre el que discuten actualmente incluye una primera fase de 40 días de tregua en la que se liberarán 33 rehenes del total de unos 128 rehenes israelíes retenidos por [Hamás](https://rpp.pe/noticias/hamas), mientras que el Ejército israelí se retirará de las zonas en las que esté presente en la Franja de Gaza. Según esta misma fuente, la segunda fase continuará por otro periodo de 42 días durante el cual se liberarán todos los rehenes restantes y se extenderá un proceso de \"calma permanente en Gaza\", mientras que la tercera y la última fase incluirá intercambiar los cadáveres y durará también 42 días. Mesa de acuerdos y negociaciones La fuente también apuntó que \"(Sinwar) quiere un compromiso estadounidense por escrito para el fin incondicional de los combates\" y solicita que Israel no impida regresar al territorio ocupado de Cisjordania a los palestinos liberados a cambio de los rehenes. Según un alto funcionario de [Hamás](https://rpp.pe/noticias/hamas), citado por la cadena qatarí Al Yazira, el hecho de que Netanyahu insista en que Israel entrará en la ciudad de Rafah con independencia de un posible acuerdo es un \"elemento clave\" que también se está discutiendo hoy en las conversaciones. Hasta el momento, en el enclave palestino, al menos 32 personas fallecieron en las últimas 24 horas, lo que elevó a 34.654 el número de víctimas mortales registradas en los hospitales del enclave, además de más de 77.900 heridos, según datos del [Ministerio de Sanidad gazatí](https://rpp.pe/mundo/medio-oriente?ref=rpp), dependiente de Hamás. (EFE) Te recomendamos Comparte esta noticia",
    "highlightText": "",
    "highlightTitle": "",
    "highlightThreadTitle": "",
    "language": "spanish",
    "sentiment": "positive",
    "categories": [
        "War, Conflict and Unrest"
    ],
    "webz_reporter": false,
    "external_links": [],
    "external_images": [],
    "entities": {
        "persons": [],
        "organizations": [],
        "locations": []
    },
    "rating": null,
    "crawled": "2024-05-04T17:57:01.358+03:00",
    "updated": "2024-05-04T18:27:34.917+03:00"
}