{
    "thread": {
        "uuid": "a3abe505514e47ba64f55fc68e46d82fe204bbe9",
        "url": "https://news.ava360.com/a-ukrainian-doctor-chooses-to-stay-in-embattled-kherson-focus-on-europe_10de9189b.html",
        "site_full": "news.ava360.com",
        "site": "ava360.com",
        "site_section": "https://news.ava360.com",
        "site_categories": [],
        "section_title": "AVA 360 News | Latest Worldwide Media News",
        "title": "A Ukrainian doctor chooses to stay in embattled Kherson | Focus on Europe",
        "title_full": "A Ukrainian doctor chooses to stay in embattled Kherson | Focus on Europe",
        "published": "2024-05-05T06:00:00.000+03:00",
        "replies_count": 0,
        "participants_count": 0,
        "site_type": "news",
        "country": "US",
        "main_image": "https://i.ytimg.com/vi/f8C2k37I6N8/0.jpg",
        "performance_score": 0,
        "domain_rank": 51171,
        "domain_rank_updated": "2024-04-30T13:08:01.000+03:00",
        "reach": null,
        "social": {
            "facebook": {
                "likes": 0,
                "comments": 0,
                "shares": 0
            },
            "gplus": {
                "shares": 0
            },
            "pinterest": {
                "shares": 0
            },
            "linkedin": {
                "shares": 0
            },
            "stumbledupon": {
                "shares": 0
            },
            "vk": {
                "shares": 0
            }
        }
    },
    "uuid": "a3abe505514e47ba64f55fc68e46d82fe204bbe9",
    "url": "https://news.ava360.com/a-ukrainian-doctor-chooses-to-stay-in-embattled-kherson-focus-on-europe_10de9189b.html",
    "ord_in_thread": 0,
    "parent_url": null,
    "author": null,
    "published": "2024-05-05T06:00:00.000+03:00",
    "title": "A Ukrainian doctor chooses to stay in embattled Kherson | Focus on Europe",
    "text": "Oleksandr Chebotaryov is the only radiologist left in Kherson. All of his colleagues have fled the city in this embattled region of Ukraine. Subscribe: https://www.youtube.com/user/deutschewelleenglish?sub_confirmation=1 For more news go to: http://www.dw.com/en/ Follow DW on social media: ►Facebook: https://www.facebook.com/deutschewellenews/ ►Twitter: https://twitter.com/dwnews ►Instagram: https://www.instagram.com/dwnews ►Twitch: https://www.twitch.tv/dwnews_hangout Für Videos in deutscher Sprache besuchen Sie: https://www.youtube.com/dwdeutsch #Ukraine #Kherson #War Subscribe: https://www.youtube.com/user/deutschewelleenglish?sub_confirmation=1 For more news go to: http://www.dw.com/en/ Follow DW on social media: ►Facebook: https://www.facebook.com/deutschewellenews/ ►Twitter: https://twitter.com/dwnews ►Instagram: https://www.instagram.com/dwnews ►Twitch: https://www.twitch.tv/dwnews_hangout Für Videos in deutscher Sprache besuchen Sie: https://www.youtube.com/dwdeutsch #Ukraine #Kherson #War",
    "highlightText": "",
    "highlightTitle": "",
    "highlightThreadTitle": "",
    "language": "english",
    "sentiment": "positive",
    "categories": [
        "Human Interest",
        "War, Conflict and Unrest"
    ],
    "webz_reporter": false,
    "external_links": [
        "https://www.twitch.tv/dwnews_hangout",
        "https://www.instagram.com/dwnews",
        "https://www.facebook.com/deutschewellenews/",
        "https://twitter.com/dwnews",
        "https://www.youtube.com/dwdeutsch",
        "https://www.youtube.com/user/deutschewelleenglish?sub_confirmation=1",
        "http://www.dw.com/en/",
        "https://youtube.com/dwdeutsch",
        "https://www.facebook.com/deutschewellenews",
        "http://www.dw.com/en",
        "https://youtube.com/user/deutschewelleenglish?sub_confirmation=1",
        "https://facebook.com/deutschewellenews/",
        "http://dw.com/en/",
        "https://www.youtube.com/user/deutschewelleenglish",
        "https://instagram.com/dwnews",
        "https://twitch.tv/dwnews_hangout",
        "https://www.twitter.com/dwnews"
    ],
    "external_images": [],
    "entities": {
        "persons": [
            {
                "name": "oleksandr chebotaryov",
                "sentiment": "negative"
            }
        ],
        "organizations": [],
        "locations": [
            {
                "name": "europe",
                "sentiment": "none"
            },
            {
                "name": "kherson",
                "sentiment": "none"
            },
            {
                "name": "ukraine",
                "sentiment": "none"
            }
        ]
    },
    "rating": null,
    "crawled": "2024-05-05T13:34:44.722+03:00",
    "updated": "2024-05-05T13:34:44.722+03:00"
}