{
    "thread": {
        "uuid": "90ca056020aaec15cd9c2fe373e2aa04673c11c0",
        "url": "https://guardian.ng/news/cas-lauds-yusufs-logistics-support-to-combat-insecurity-in-kano",
        "site_full": "guardian.ng",
        "site": "guardian.ng",
        "site_section": "https://automotive.einnews.com:443/live_feed",
        "site_categories": [
            "media",
            "top_news"
        ],
        "section_title": "Live Feed Wire - Automotive Industry Today - EIN Presswire",
        "title": "CAS lauds Yusuf's logistics support to combat insecurity in Kano | The Guardian Nigeria News - Nigeria and World News — Nigeria — The Guardian Nigeria News – Nigeria and World News",
        "title_full": "CAS lauds Yusuf's logistics support to combat insecurity in Kano | The Guardian Nigeria News - Nigeria and World News — Nigeria — The Guardian Nigeria News – Nigeria and World News",
        "published": "2024-05-02T03:00:00.000+03:00",
        "replies_count": 0,
        "participants_count": 1,
        "site_type": "news",
        "country": "NG",
        "main_image": "https://guardian.ng/wp-content/uploads/2024/05/WhatsApp-Image-2024-05-02-at-8.04.06-PM.jpeg",
        "performance_score": 0,
        "domain_rank": 5073,
        "domain_rank_updated": "2024-04-30T13:07:54.000+03:00",
        "reach": null,
        "social": {
            "facebook": {
                "likes": 0,
                "comments": 0,
                "shares": 0
            },
            "gplus": {
                "shares": 0
            },
            "pinterest": {
                "shares": 0
            },
            "linkedin": {
                "shares": 0
            },
            "stumbledupon": {
                "shares": 0
            },
            "vk": {
                "shares": 0
            }
        }
    },
    "uuid": "90ca056020aaec15cd9c2fe373e2aa04673c11c0",
    "url": "https://guardian.ng/news/cas-lauds-yusufs-logistics-support-to-combat-insecurity-in-kano",
    "ord_in_thread": 0,
    "parent_url": null,
    "author": "Tope Olaiya",
    "published": "2024-05-02T03:00:00.000+03:00",
    "title": "CAS lauds Yusuf's logistics support to combat insecurity in Kano | The Guardian Nigeria News - Nigeria and World News — Nigeria — The Guardian Nigeria News – Nigeria and World News",
    "text": "The Chief of Air Staff (CAS), Air Vice Marshal Hasan Bala Abubakar, has applauded the support of Kano State government under the stewardship of Governor Abba Kabir Yusuf towards strengthening its operational mandate in the state. Air Marshal Abubakar made the commendation on Thursday when he paid a courtesy visit to Governor Yusuf at Government […]",
    "highlightText": "",
    "highlightTitle": "",
    "highlightThreadTitle": "",
    "language": "english",
    "sentiment": "positive",
    "categories": [
        "War, Conflict and Unrest"
    ],
    "webz_reporter": false,
    "external_links": [],
    "external_images": [],
    "entities": {
        "persons": [
            {
                "name": "yusuf",
                "sentiment": "neutral"
            },
            {
                "name": "kan",
                "sentiment": "neutral"
            },
            {
                "name": "hasan bala abubakar",
                "sentiment": "neutral"
            },
            {
                "name": "abubakar",
                "sentiment": "none"
            },
            {
                "name": "abba kabir yusuf",
                "sentiment": "none"
            },
            {
                "name": "mashal abubakar",
                "sentiment": "none"
            }
        ],
        "organizations": [
            {
                "name": "world news",
                "sentiment": "neutral"
            },
            {
                "name": "cas",
                "sentiment": "neutral"
            },
            {
                "name": "guardian nigeria news",
                "sentiment": "neutral"
            },
            {
                "name": "dss",
                "sentiment": "none"
            },
            {
                "name": "state",
                "sentiment": "none"
            },
            {
                "name": "nigerian airforce",
                "sentiment": "none"
            }
        ],
        "locations": [
            {
                "name": "kano",
                "sentiment": "none"
            },
            {
                "name": "nigeria",
                "sentiment": "none"
            }
        ]
    },
    "rating": null,
    "crawled": "2024-05-03T01:35:19.893+03:00",
    "updated": "2024-05-03T07:21:26.795+03:00"
}