{
    "thread": {
        "uuid": "d61e9bcd5543e587cc24c34606378f8b0c958c44",
        "url": "https://www.devdiscourse.com/article/law-order/2928051-pok-residents-yearning-to-join-india-no-need-for-military-action-rajnath",
        "site_full": "www.devdiscourse.com",
        "site": "devdiscourse.com",
        "site_section": "https://www.devdiscourse.com/news-analysis",
        "site_categories": [
            "media"
        ],
        "section_title": "Breaking News, Development News, Latest News, Politics News, Sports News | Devdiscourse",
        "title": "PoK Residents Yearning to Join India, No Need for Military Action: Rajnath | Law-Order",
        "title_full": "PoK Residents Yearning to Join India, No Need for Military Action: Rajnath | Law-Order",
        "published": "2024-05-05T09:22:00.000+03:00",
        "replies_count": 0,
        "participants_count": 1,
        "site_type": "news",
        "country": "IN",
        "main_image": "https://www.devdiscourse.com/remote.axd?https://devdiscourse.blob.core.windows.net/imagegallery/03_03_2020_19_05_15_9474824.jpg?width=920&format=jpeg",
        "performance_score": 0,
        "domain_rank": 9502,
        "domain_rank_updated": "2024-04-30T13:07:54.000+03:00",
        "reach": null,
        "social": {
            "facebook": {
                "likes": 0,
                "comments": 0,
                "shares": 0
            },
            "gplus": {
                "shares": 0
            },
            "pinterest": {
                "shares": 0
            },
            "linkedin": {
                "shares": 0
            },
            "stumbledupon": {
                "shares": 0
            },
            "vk": {
                "shares": 0
            }
        }
    },
    "uuid": "d61e9bcd5543e587cc24c34606378f8b0c958c44",
    "url": "https://www.devdiscourse.com/article/law-order/2928051-pok-residents-yearning-to-join-india-no-need-for-military-action-rajnath",
    "ord_in_thread": 0,
    "parent_url": null,
    "author": "PTI",
    "published": "2024-05-05T09:22:00.000+03:00",
    "title": "PoK Residents Yearning to Join India, No Need for Military Action: Rajnath | Law-Order",
    "text": "PoK Residents Yearning to Join India, No Need for Military Action: Rajnath The defence minister asserted that PoK was, is, and will remain ours.Citing improvement in the ground situation in Jammu and Kashmir, Singh said assembly elections will be held there soon, but did not give a timeline.The way the situation is improving in Jammu and Kashmir, I think a time will come when AFSPA will no longer be required there. [PTI](/pti-stories)| New Delhi | Updated: 05-05-2024 14:22 IST | Created: 05-05-2024 14:22 IST - Country: - India India will never give up its claim on Pakistan-Occupied-Kashmir (PoK) but it won't have to capture it with force because its people, on their own, would want to be part of India after seeing the development in Kashmir, Defence Minister Rajnath Singh has said. In an exclusive interview to PTI, Singh asserted that the ground situation has improved significantly in Jammu and Kashmir and that a time will come when AFSPA (Armed Forces Special Powers Act) will no longer be required in the Union Territory. The defence minister, however, said the matter is under the domain of the Union Home Ministry and it will take appropriate decisions. He said elections will also be held there definitely, but wouldn't give a timeline. ''I think India will not have to do anything. The way the ground situation has changed in Jammu and Kashmir, the way the region is witnessing economic progress and the way peace has returned there, I think demands will emerge from people of PoK that they should merge with India,'' he said. ''We will not have to use force to take PoK as people would say that we must be merged with India. Such demands are now coming,'' he said. The defence minister asserted that ''PoK was, is, and will remain ours''. Citing improvement in the ground situation in Jammu and Kashmir, Singh said assembly elections will be held there soon, but did not give a timeline. ''The way the situation is improving in Jammu and Kashmir, I think a time will come when AFSPA will no longer be required there. It is my view and it is for the Home Ministry to decide on it,'' he said. The AFSPA empowers security forces to conduct operations and arrest anyone without any prior warrant. It also gives immunity to the forces if they shoot someone dead. The defence minister, referring to Pakistan's proxy war in Jammu and Kashmir, said Islamabad must stop cross border terrorism. ''They are trying to destabilise India and we will not allow it to happen,'' he said. Singh asserted that India will keep focusing on combating cross-border terrorism. The ties between India and Pakistan came under severe strain after India's warplanes pounded a Jaish-e-Mohammed terrorist training camp in Balakot in Pakistan in February 2019 in response to the Pulwama terror attack. The relations further deteriorated after India on August 5, 2019 announced the withdrawal of special powers of Jammu and Kashmir and the bifurcation of the state into two union territories. India has been maintaining that it desires normal neighbourly relations with Pakistan while insisting that the onus is on Islamabad to create an environment free of terror and hostility for such an engagement. In the last few years, India has been following a policy of ''hot pursuit'' in dealing with terrorism in Jammu and Kashmir. (This story has not been edited by Devdiscourse staff and is auto-generated from a syndicated feed.) ALSO READ [Tesla's Elon Musk postpones India trip, sources say](/article/politics/2902441-teslas-elon-musk-postpones-india-trip-sources-say) [Elon Musk Delays India Visit Due to Tesla Commitments](/article/politics/2902483-elon-musk-delays-india-visit-due-to-tesla-commitments) [INDI alliance unable to tell people of India who will be the combine's leader: PM Modi at rally in Nanded, Maharashtra.](/article/Newsalert/2902512-indi-alliance-unable-to-tell-people-of-india-who-will-be-the-combines-leader-pm-modi-at-rally-in-nanded-maharashtra) [Tesla's Elon Musk postpones India trip, aims to visit this year](/article/technology/2902486-teslas-elon-musk-postpones-india-trip-aims-to-visit-this-year) [Elon Musk delays India visit says, \"Tesla obligations require visit to be delayed\"](/article/international/2902480-elon-musk-delays-india-visit-says-tesla-obligations-require-visit-to-be-delayed)",
    "highlightText": "",
    "highlightTitle": "",
    "highlightThreadTitle": "",
    "language": "english",
    "sentiment": "positive",
    "categories": [
        "Politics",
        "War, Conflict and Unrest"
    ],
    "webz_reporter": false,
    "external_links": [],
    "external_images": [],
    "entities": {
        "persons": [
            {
                "name": "singh",
                "sentiment": "none"
            },
            {
                "name": "rajnath singh",
                "sentiment": "none"
            }
        ],
        "organizations": [
            {
                "name": "pti",
                "sentiment": "none"
            }
        ],
        "locations": [
            {
                "name": "india",
                "sentiment": "none"
            },
            {
                "name": "new delhi",
                "sentiment": "none"
            },
            {
                "name": "india india",
                "sentiment": "none"
            },
            {
                "name": "pakistan",
                "sentiment": "none"
            },
            {
                "name": "kashmir",
                "sentiment": "none"
            },
            {
                "name": "jammu",
                "sentiment": "none"
            }
        ]
    },
    "rating": null,
    "crawled": "2024-05-05T12:01:19.350+03:00",
    "updated": "2024-05-05T12:01:19.350+03:00"
}