{
    "thread": {
        "uuid": "8bf21e7cf85baef4062889e7d07f1b22696c9568",
        "url": "https://www.eltiempo.com/cultura/cine-y-tv/anthony-hopkins-y-la-historia-del-britanico-que-salvo-a-669-ninos-de-hitler-3339552",
        "site_full": "www.eltiempo.com",
        "site": "eltiempo.com",
        "site_section": "https://www.eltiempo.com/mundo",
        "site_categories": [
            "media",
            "education",
            "business",
            "top_news"
        ],
        "section_title": " Noticias del Mundo - Noticias - ELTIEMPO.COM - ELTIEMPO.COM",
        "title": "Anthony Hopkins y la historia del británico que salvó a 669 niños de Hitler",
        "title_full": "Anthony Hopkins y la historia del británico que salvó a 669 niños de Hitler",
        "published": "2024-05-02T03:00:00.000+03:00",
        "replies_count": 0,
        "participants_count": 1,
        "site_type": "news",
        "country": "CO",
        "main_image": "https://imagenes.eltiempo.com/files/og_thumbnail/uploads/2024/05/02/66345c07d5622.jpeg",
        "performance_score": 0,
        "domain_rank": 3795,
        "domain_rank_updated": "2024-04-30T13:07:54.000+03:00",
        "reach": null,
        "social": {
            "facebook": {
                "likes": 0,
                "comments": 0,
                "shares": 0
            },
            "gplus": {
                "shares": 0
            },
            "pinterest": {
                "shares": 0
            },
            "linkedin": {
                "shares": 0
            },
            "stumbledupon": {
                "shares": 0
            },
            "vk": {
                "shares": 0
            }
        }
    },
    "uuid": "8bf21e7cf85baef4062889e7d07f1b22696c9568",
    "url": "https://www.eltiempo.com/cultura/cine-y-tv/anthony-hopkins-y-la-historia-del-britanico-que-salvo-a-669-ninos-de-hitler-3339552",
    "ord_in_thread": 0,
    "parent_url": null,
    "author": "Sofía Gómez",
    "published": "2024-05-02T03:00:00.000+03:00",
    "title": "Anthony Hopkins y la historia del británico que salvó a 669 niños de Hitler",
    "text": "Winton, de origen judío, logró salvar a 699 niños justo antes del inicio de la Segunda Guerra Mundial en 1939, en un episodio histórico que es conocido como Kindertransport, y gracias al cual en una misión casi imposible de lograr, Nicholas logró sacar de Checoslovaquia en avión y en tren a los pequeños rumbo a Liverpool donde los ubicó con familias e instituciones de acogida.La impactante y emotiva historia real de Nicholas Winton (Anthony Hopkins), que era filántropo, corredor de bolsa y trabajó en distintas empresas en la áreas financieras conformó una red de apoyo para sacar a los niños contra todos los pronósticos. Los pequeños fueron distribuidos en un viaje en avión y siete en tren. Eran 8, pero el último grupo de niños -250 más- no logró salvarse porque Alemania invadió Polonia y cerró todas las fronteras. Se calcula que unos 15.000 menores perdieron la vida al comienzo de la guerra. La hazaña de Nicholas Winton permaneció por años sin conocerse, hasta que su esposa, Greta, descubrió un maletín con listas, nombres y fotos de los pequeños. Documentales, artículos de prensa y películas se han alimentado de este relato.​​​El más reciente es el filme protagonizado por Anthony Hopkins, que se titula Lazos de vida (en inglés, One Life) y que acaba de estrenarse en los cines del país. Completan el reparto Helena Bonham Carter y Jonathan Pryce. Lazos de vida es una adaptación del libro de 2014 If It's Not Impossible...: The Life of Sir Nicholas Winton, escrito por la hija de Winton, Barbara.​ La película se estrenó en septiembre del año pasado, en el Festival Internacional de Cine de Toronto.",
    "highlightText": "",
    "highlightTitle": "",
    "highlightThreadTitle": "",
    "language": "spanish",
    "sentiment": "positive",
    "categories": [
        "War, Conflict and Unrest",
        "Human Interest"
    ],
    "webz_reporter": false,
    "external_links": [],
    "external_images": [],
    "entities": {
        "persons": [],
        "organizations": [],
        "locations": []
    },
    "rating": null,
    "crawled": "2024-05-03T06:42:44.339+03:00",
    "updated": "2024-05-03T06:42:44.339+03:00"
}