{
    "thread": {
        "uuid": "d5a3c0327e9db828fefc9fe8547780ad110a293d",
        "url": "https://www.emirates247.com/uae/unification-of-armed-forces-strengthened-union-s-foundations-and-safeguarded-its-security-mansour-bin-zayed-2024-05-05-1.732073",
        "site_full": "www.emirates247.com",
        "site": "emirates247.com",
        "site_section": "https://www.emirates247.com/cmlink/rss-feed-gulf-news-bollywood-1.4268",
        "site_categories": [
            "media"
        ],
        "section_title": "Emirates 24/7 News",
        "title": "Unification of Armed Forces strengthened Union's foundations and safeguarded its security: Mansour bin Zayed",
        "title_full": "Unification of Armed Forces strengthened Union's foundations and safeguarded its security: Mansour bin Zayed",
        "published": "2024-05-05T07:06:00.000+03:00",
        "replies_count": 0,
        "participants_count": 1,
        "site_type": "news",
        "country": "AE",
        "main_image": "https://www.emirates247.com/polopoly_fs/1.732074.1714896369!/image/image.jpg",
        "performance_score": 0,
        "domain_rank": 15097,
        "domain_rank_updated": "2024-04-30T13:07:54.000+03:00",
        "reach": null,
        "social": {
            "facebook": {
                "likes": 0,
                "comments": 0,
                "shares": 0
            },
            "gplus": {
                "shares": 0
            },
            "pinterest": {
                "shares": 0
            },
            "linkedin": {
                "shares": 0
            },
            "stumbledupon": {
                "shares": 0
            },
            "vk": {
                "shares": 0
            }
        }
    },
    "uuid": "d5a3c0327e9db828fefc9fe8547780ad110a293d",
    "url": "https://www.emirates247.com/uae/unification-of-armed-forces-strengthened-union-s-foundations-and-safeguarded-its-security-mansour-bin-zayed-2024-05-05-1.732073",
    "ord_in_thread": 0,
    "parent_url": null,
    "author": "WAM",
    "published": "2024-05-05T07:06:00.000+03:00",
    "title": "Unification of Armed Forces strengthened Union's foundations and safeguarded its security: Mansour bin Zayed",
    "text": "His Highness Sheikh Mansour bin Zayed Al Nahyan, Vice President, Deputy Prime Minister and Chairman of the Presidential Court, affirmed that the unification of the armed forces has contributed to consolidating the pillars of the union and preserving its security, sovereignty, and achievements. He emphasised that the decision to unify the armed forces was a strategic choice during a pivotal stage to complete the building of the institutions of the country and advance its progress. In a speech on the occasion of the 48th anniversary of the Unification of the Armed Forces, which falls on the 6th of May, His Highness stated that UAE armed forces are a strong supporter of the state's renaissance and development by providing a safe and stable environment conducive to development and progress. He also highlighted their role in keeping pace with the country's development at various levels, recalling with reverence the efforts of the late Sheikh Zayed bin Sultan Al Nahyan and his founding brothers and their wisdom and awareness of the requirements of building a state of significance and status. It is based on unified national strength at a high level of efficiency and readiness necessary to fulfill its role in consolidating the foundations of this country and protecting its security and stability. His Highness Sheikh Mansour bin Zayed Al Nahyan stated that UAE Armed Forces have contributed over decades and continue to enhance security, stability, and peace, embodying the authentic approach of the country in cooperation and solidarity. In this context, he pointed out the qualitative humanitarian efforts exerted by the UAE Armed Forces in many regions of the world, responding to humanitarian situations where their name has always been associated with values of goodness, generosity, support for truth, and aiding the needy and afflicted without discrimination. His Highness extended thanks and appreciation to the first generation of members of the UAE armed forces. He prayed for the mercy and forgiveness of Allah Almighty for those who have passed away, as well as for the souls of the country's heroic martyrs who gave their lives for the nation. They remained loyal to its values and defended its security and stability, helping it to stand proud and esteemed. At the end of his speech, His Highness wished good luck for members of the UAE Armed Forces to protect the country and preserve its security and safety. Follow Emirates 24|7 on Google News.",
    "highlightText": "",
    "highlightTitle": "",
    "highlightThreadTitle": "",
    "language": "english",
    "sentiment": "positive",
    "categories": [
        "War, Conflict and Unrest"
    ],
    "webz_reporter": false,
    "external_links": [
        "https://news.google.com/publications/CAAqBwgKMJzSgAswgviMAw?hl=en-US&gl=US&ceid=US:en",
        "https://www.news.google.com/publications/CAAqBwgKMJzSgAswgviMAw?hl=en-US&gl=US&ceid=US:en",
        "https://news.google.com/publications/CAAqBwgKMJzSgAswgviMAw"
    ],
    "external_images": [],
    "entities": {
        "persons": [
            {
                "name": "mansour bin zayed",
                "sentiment": "negative"
            },
            {
                "name": "zayed bin sultan al nahyan",
                "sentiment": "none"
            },
            {
                "name": "mansour bin zayed al nahyan",
                "sentiment": "none"
            }
        ],
        "organizations": [
            {
                "name": "unification of armed forces",
                "sentiment": "negative"
            },
            {
                "name": "union",
                "sentiment": "negative"
            },
            {
                "name": "armed forces",
                "sentiment": "none"
            },
            {
                "name": "presidential court",
                "sentiment": "none"
            }
        ],
        "locations": [
            {
                "name": "uae",
                "sentiment": "none"
            }
        ]
    },
    "rating": null,
    "crawled": "2024-05-05T11:12:02.066+03:00",
    "updated": "2024-05-19T03:43:13.773+03:00"
}