{
    "thread": {
        "uuid": "a86fc26be30a7fe8a6519dcc81c3ca0b820a5362",
        "url": "https://www.kctv5.com/video/2024/05/05/palestinian-peace-activist-speaks-kansas-city",
        "site_full": "www.kctv5.com",
        "site": "kctv5.com",
        "site_section": "https://kctv5.com/",
        "site_categories": [
            "media"
        ],
        "section_title": "KCTV | Kansas Local News, Weather, Sports | Fairway, KS",
        "title": "Palestinian peace activist speaks in Kansas City",
        "title_full": "Palestinian peace activist speaks in Kansas City",
        "published": "2024-05-05T03:00:00.000+03:00",
        "replies_count": 0,
        "participants_count": 1,
        "site_type": "news",
        "country": "US",
        "main_image": "https://gray-kctv-prod.cdn.arcpublishing.com/resizer/v2/https%3A%2F%2Fdo0bihdskp9dy.cloudfront.net%2F05-05-2024%2Ft_7fce2e2ebf1d420988a21c5f7b90147a_name_file_1280x720_2000_v3_1_.jpg?auth=3dce50f9c9aedd158eb24f8bc1e0ffe71b96db3c684de507b2a9a42579288586&amp;width=1200&amp;height=600&amp;smart=true",
        "performance_score": 0,
        "domain_rank": 12906,
        "domain_rank_updated": "2024-04-30T13:07:54.000+03:00",
        "reach": null,
        "social": {
            "facebook": {
                "likes": 0,
                "comments": 0,
                "shares": 0
            },
            "gplus": {
                "shares": 0
            },
            "pinterest": {
                "shares": 0
            },
            "linkedin": {
                "shares": 0
            },
            "stumbledupon": {
                "shares": 0
            },
            "vk": {
                "shares": 0
            }
        }
    },
    "uuid": "a86fc26be30a7fe8a6519dcc81c3ca0b820a5362",
    "url": "https://www.kctv5.com/video/2024/05/05/palestinian-peace-activist-speaks-kansas-city",
    "ord_in_thread": 0,
    "parent_url": null,
    "author": "@kctv5",
    "published": "2024-05-05T03:00:00.000+03:00",
    "title": "Palestinian peace activist speaks in Kansas City",
    "text": "Skip to content News First Warn 5 Weather Sports KC Strong KCTV5 Investigates Submit Photo Meet the Team What's On Watch Live Home News Crime National Regional Politics Cinco con Carolina Entertainment KC Unsolved KC Strong Top 5 Stadium Development Found It On 5 Education Election Results Interactive Results Map First Warn 5 Weather 7-Day Forecast 3 Degree Guarantee First Warn 5 Radar First Warn 5 Weather Show Weather Cams Alerts Closings Heating Up the Savings KCTV5 Investigates Tax Assessment Trouble Roger Golubski Wrongful Convictions Medical Consumer Sports Bracket Challenge Kansas City Chiefs Kansas City Royals Sporting KC Hy-Vee Team of the Week Hy-Vee Game of the Week Kansas City Current Kansas Jayhawks Kansas State Wildcats Missouri Tigers Price Chopper Tailgate Recipe Stats & Predictions How to Watch Hy-Vee Team of the Week Watch Live News You Can Use Beyond The Headlines Bill's Weekend Picks KC Development Live Desk MyKC Live Now Playing High School Star of the Week Submit Photo Traffic High School Star of the Week It's Your Health Your Money Health Aging & Style Your House Your Home KCTV5 Cares Job Connection BBB Consumer Tips Advertise With Us Station Information Meet the Team Contact Us NextGen TV Download our Apps Programming Schedule Careers Closed Captioning Zeam - News Streams Circle Country Gray DC Bureau InvestigateTV PowerNation Digital Marketing 2 weather alerts in effect Dismiss Weather Alerts Alerts Bar Palestinian peace activist speaks in Kansas City Published: May. 4, 2024 at 10:37 PM CDT | Updated: 5 hours ago Email This Link Share on Facebook Share on X (formerly Twitter) Share on Pinterest Share on LinkedIn News Buc-ee’s is scoping out a new location in Kansas City: Here’s what we know so far Updated: 5 hours ago | News 3rd annual Waldo Spring Fling: 'The best is yet to come' Updated: 5 hours ago | News Celebrating Truman Day on the historic Independence Square Updated: 5 hours ago | News Kansas State Fire Marshal investigating large Johnson County house fire Updated: 7 hours ago | News Elite Comics hosts 'Free Comic Book Day' Updated: 9 hours ago |",
    "highlightText": "",
    "highlightTitle": "",
    "highlightThreadTitle": "",
    "language": "english",
    "sentiment": "positive",
    "categories": [
        "Human Interest",
        "War, Conflict and Unrest"
    ],
    "webz_reporter": false,
    "external_links": [],
    "external_images": [],
    "entities": {
        "persons": [
            {
                "name": "roger golubski",
                "sentiment": "none"
            },
            {
                "name": "hy-vee team",
                "sentiment": "none"
            }
        ],
        "organizations": [
            {
                "name": "watch live home news crime national regional politics cinco con carolina entertainment",
                "sentiment": "none"
            },
            {
                "name": "kansas city chiefs kansas city royals sporting kc hy-vee team",
                "sentiment": "none"
            }
        ],
        "locations": [
            {
                "name": "kansas city skip",
                "sentiment": "none"
            }
        ]
    },
    "rating": null,
    "crawled": "2024-05-05T06:45:17.432+03:00",
    "updated": "2024-05-05T12:05:36.524+03:00"
}