{
    "thread": {
        "uuid": "0828ab8b303487c26c5f7c39f82bc90f9a64a160",
        "url": "https://fr.news.yahoo.com/vietnam-ministre-fran%C3%A7ais-invit%C3%A9-%C3%A0-093208685.html",
        "site_full": "fr.news.yahoo.com",
        "site": "yahoo.com",
        "site_section": "https://fr.news.yahoo.com/rss",
        "site_categories": [
            "media"
        ],
        "section_title": "Yahoo Actualités - Toute l'actualité en France et dans le monde",
        "title": "Vietnam: un ministre français invité à la commémoration des 70 ans de la bataille de Diên Biên Phu",
        "title_full": "Vietnam: un ministre français invité à la commémoration des 70 ans de la bataille de Diên Biên Phu",
        "published": "2024-05-05T03:00:00.000+03:00",
        "replies_count": 0,
        "participants_count": 1,
        "site_type": "news",
        "country": "IT",
        "main_image": "https://media.zenfs.com/fr/rfi_475/2c44aafc4ae1275104edeebbfe0723db",
        "performance_score": 0,
        "domain_rank": 36,
        "domain_rank_updated": "2024-04-30T13:07:54.000+03:00",
        "reach": null,
        "social": {
            "facebook": {
                "likes": 0,
                "comments": 0,
                "shares": 0
            },
            "gplus": {
                "shares": 0
            },
            "pinterest": {
                "shares": 0
            },
            "linkedin": {
                "shares": 0
            },
            "stumbledupon": {
                "shares": 0
            },
            "vk": {
                "shares": 0
            }
        }
    },
    "uuid": "0828ab8b303487c26c5f7c39f82bc90f9a64a160",
    "url": "https://fr.news.yahoo.com/vietnam-ministre-fran%C3%A7ais-invit%C3%A9-%C3%A0-093208685.html",
    "ord_in_thread": 0,
    "parent_url": null,
    "author": "RFI",
    "published": "2024-05-05T03:00:00.000+03:00",
    "title": "Vietnam: un ministre français invité à la commémoration des 70 ans de la bataille de Diên Biên Phu",
    "text": "La France a été invitée pour la première fois au Vietnam pour la commémoration des 70 ans de la bataille de Diên Biên Phu, qui a scellé l'émergence du Vietnam comme nation indépendante et la fin de la présence française en Indochine. La France sera représentée par le ministre des Armées. Sébastien Lecornu se rendra le mardi 7 mai à une grande parade militaire, puis à l'hommage aux morts vietnamiens dans un cimetière militaire. Puis il rendra un hommage distinct aux soldats français au mémorial français de Diên Biên Phu. Avec notre correspondant à Ho-Chi-Minh-Ville, Frédéric Noir Diên Biên Phu : trois syllabes hautement symboliques, dans les montagnes du nord du Vietnam , ou l’armée française a subi l'une de ses défaites les plus retentissantes. Le combat opposait 15 000 soldats du corps expéditionnaire français à 50 000 soldats vietminh. Le 7 mai 54, après 57 jours de combats d’une rare férocité, le camp retranché français tomba finalement aux mains des forces vietnamiennes. À l’issue de la bataille, environ 12 000 soldats français furent capturés par le Vietminh, dont les deux tiers mourront dans les camps de « rééducation ». Le bilan des combats est, lui, de plus de 3 000 morts côté français, plus de 8 000 côté vietnamien. Stigmates La ville de Diên Biên Phu, aujourd’hui, n’a plus grand-chose à voir avec ce qu’elle était. Mais les stigmates de la bataille sont toujours présents et des corps des deux camps sont régulièrement déterrés au hasard de chantiers de construction",
    "highlightText": "",
    "highlightTitle": "",
    "highlightThreadTitle": "",
    "language": "french",
    "sentiment": "positive",
    "categories": [
        "Arts, Culture and Entertainment",
        "Politics",
        "War, Conflict and Unrest"
    ],
    "webz_reporter": false,
    "external_links": [
        "https://www.rfi.fr/fr/tag/vietnam/",
        "https://rfi.fr/fr/tag/vietnam/",
        "https://www.rfi.fr/fr/tag/vietnam"
    ],
    "external_images": [],
    "entities": {
        "persons": [],
        "organizations": [],
        "locations": []
    },
    "rating": null,
    "crawled": "2024-05-05T12:54:16.177+03:00",
    "updated": "2024-05-05T12:54:16.177+03:00"
}