{
    "thread": {
        "uuid": "9a89845bcad426cbb3d325169a5be937d778fbd3",
        "url": "https://m.dailyhunt.in/news/india/english/abplive-epaper-dh7e8ed9a840a34a2e9316137468a5ca4c/iaf+pays+tribute+to+corporal+vikky+pahade+soldier+killed+in+poonch+terror+attack-newsid-n606001454",
        "site_full": "m.dailyhunt.in",
        "site": "dailyhunt.in",
        "site_section": "https://m.dailyhunt.in/news/india/epaper-paisapls",
        "site_categories": [
            "media",
            "top_news"
        ],
        "section_title": "Dailyhunt",
        "title": "IAF Pays Tribute To Corporal Vikky Pahade, Soldier Killed In Poonch Terror Attack",
        "title_full": "IAF Pays Tribute To Corporal Vikky Pahade, Soldier Killed In Poonch Terror Attack",
        "published": "2024-05-05T06:34:00.000+03:00",
        "replies_count": 0,
        "participants_count": 1,
        "site_type": "news",
        "country": "IN",
        "main_image": "https://assets-news-bcdn.dailyhunt.in/cmd/resize/1200x630_90/fetchdata16/images/d8/b7/6c/d8b76c64d02f8170c57cd211531c9146d222d31800b9445fa173b147f1734795.jpg",
        "performance_score": 0,
        "domain_rank": 18399,
        "domain_rank_updated": "2024-04-30T13:07:54.000+03:00",
        "reach": null,
        "social": {
            "facebook": {
                "likes": 0,
                "comments": 0,
                "shares": 0
            },
            "gplus": {
                "shares": 0
            },
            "pinterest": {
                "shares": 0
            },
            "linkedin": {
                "shares": 0
            },
            "stumbledupon": {
                "shares": 0
            },
            "vk": {
                "shares": 0
            }
        }
    },
    "uuid": "9a89845bcad426cbb3d325169a5be937d778fbd3",
    "url": "https://m.dailyhunt.in/news/india/english/abplive-epaper-dh7e8ed9a840a34a2e9316137468a5ca4c/iaf+pays+tribute+to+corporal+vikky+pahade+soldier+killed+in+poonch+terror+attack-newsid-n606001454",
    "ord_in_thread": 0,
    "parent_url": null,
    "author": "@Dailyhuntapp",
    "published": "2024-05-05T06:34:00.000+03:00",
    "title": "IAF Pays Tribute To Corporal Vikky Pahade, Soldier Killed In Poonch Terror Attack",
    "text": "The Indian Air Force (IAF) on Sunday paid tribute to Corporal Vikky Pahade, who has succumbed to injuries sustained during a terrorist attack on an IAF vehicle in Jammu and Kashmir's Poonch district on Saturday.\n“The CAS (Chief of Air Staff) Air Chief Marshal VR Chaudhari & all personnel of Indian Air Force salute the braveheart Corporal Vikky Pahade, who made the supreme sacrifice in Poonch Sector, in the service of the nation,” IAF said in a post on X, adding, “Our deepest condolences to the bereaved family. We stand firmly by your side in this hour of grief.\"\n\\n The CAS Air Chief Marshal VR Chaudhari & all personnel of Indian Air Force salute the braveheart Corporal Vikky Pahade, who made the supreme sacrifice in Poonch Sector, in the service of the nation.\nOur deepest condolences to the bereaved family. We stand firmly by your side in… pic.twitter.com/xlFmbqZyix\n— Indian Air Force (@IAF_MCC) \\n May 5, 2024 \\n\nThe operation to apprehend the terrorists responsible for the attack, which also left four other personnel injured, entered its second day on Sunday.\nJ&K: Army Beefs Up Security In Poonch After IAF Soldier&apos;s Death In Terror Attack — Top Points\nA joint operation by the Army and the police is currently underway in several areas, including Shahsitarm Gursai, Sanai, and Sheendara Top. The assailants are believed to have fled into a forest following the attack, and security personnel are conducting combing operations to locate them.\nThe attack took place on Saturday evening near Shahsitar in the Surankote area, while IAF personnel were returning to the air force station from Jaranwali. According to a PTI report, officials suspect the involvement of the same group of terrorists responsible for an ambush in adjoining Bufliaz in December last year. The attackers were armed with AK armed rifles.\nJammu-Kashmir: IAF Soldier Dead, 4 More Injured As Terrorists Attack Security Vehicles In Poonch As Search Ops Launched\nAuthor : ABP News Bureau",
    "highlightText": "",
    "highlightTitle": "",
    "highlightThreadTitle": "",
    "language": "english",
    "sentiment": "positive",
    "categories": [
        "Human Interest",
        "War, Conflict and Unrest"
    ],
    "webz_reporter": false,
    "external_links": [
        "https://t.co/xlFmbqZyix\\",
        "https://twitter.com/IAF_MCC/status/1787008338577985760?ref_src=twsrc%5Etfw\\",
        "https://www.twitter.com/IAF_MCC/status/1787008338577985760?ref_src=twsrc%5Etfw\\",
        "https://www.t.co/xlFmbqZyix\\",
        "https://twitter.com/IAF_MCC/status/1787008338577985760"
    ],
    "external_images": [],
    "entities": {
        "persons": [
            {
                "name": "vr chaudhari",
                "sentiment": "negative"
            },
            {
                "name": "shahsitarm gursai",
                "sentiment": "none"
            },
            {
                "name": "sanai",
                "sentiment": "none"
            },
            {
                "name": "vikky pahade",
                "sentiment": "none"
            }
        ],
        "organizations": [
            {
                "name": "cas",
                "sentiment": "negative"
            },
            {
                "name": "iaf",
                "sentiment": "negative"
            },
            {
                "name": "army",
                "sentiment": "none"
            },
            {
                "name": "air force",
                "sentiment": "none"
            }
        ],
        "locations": [
            {
                "name": "poonch",
                "sentiment": "none"
            },
            {
                "name": "poonch sector",
                "sentiment": "none"
            }
        ]
    },
    "rating": null,
    "crawled": "2024-05-05T12:34:41.902+03:00",
    "updated": "2024-05-05T14:25:01.170+03:00"
}