{
    "thread": {
        "uuid": "6f6feb0ab0d57515856023c8d0d524758318a7f8",
        "url": "https://www.granma.cu/cuba/2024-05-03/desde-guantanamo-un-si-mundial-por-la-paz-y-contra-la-guerra",
        "site_full": "www.granma.cu",
        "site": "granma.cu",
        "site_section": "http://www.granma.cu/feed/",
        "site_categories": [
            "media"
        ],
        "section_title": "Granma - Órgano oficial del Partido Comunista de Cuba",
        "title": "Desde Guantánamo, un sí mundial por la paz y contra la guerra Cuba",
        "title_full": "Desde Guantánamo, un sí mundial por la paz y contra la guerra › Cuba › Granma - Órgano oficial del PCC",
        "published": "2024-05-03T03:00:00.000+03:00",
        "replies_count": 0,
        "participants_count": 1,
        "site_type": "news",
        "country": "CU",
        "main_image": "https://www.granma.cu//file/img/2014/12/medium/f0026214.jpg",
        "performance_score": 0,
        "domain_rank": 14005,
        "domain_rank_updated": "2024-04-30T13:07:54.000+03:00",
        "reach": null,
        "social": {
            "facebook": {
                "likes": 0,
                "comments": 0,
                "shares": 0
            },
            "gplus": {
                "shares": 0
            },
            "pinterest": {
                "shares": 0
            },
            "linkedin": {
                "shares": 0
            },
            "stumbledupon": {
                "shares": 0
            },
            "vk": {
                "shares": 0
            }
        }
    },
    "uuid": "6f6feb0ab0d57515856023c8d0d524758318a7f8",
    "url": "https://www.granma.cu/cuba/2024-05-03/desde-guantanamo-un-si-mundial-por-la-paz-y-contra-la-guerra",
    "ord_in_thread": 0,
    "parent_url": null,
    "author": "José Llamos Camejo",
    "published": "2024-05-03T03:00:00.000+03:00",
    "title": "Desde Guantánamo, un sí mundial por la paz y contra la guerra Cuba",
    "text": "Guantánamo.–La urgencia de desterrar el peligro de un conflicto bélico global, hoy más probable que antes, derivado del comportamiento agresivo y expansionista de la Organización del Tratado del Atlántico Norte (OTAN) con EE. UU. a la cabeza, el cual amenaza la existencia misma de la humanidad, tendrá espacio en la agenda del VIII Seminario Internacional de Paz y por la Abolición de las Bases Militares Extranjeras. El evento, que sesionará hoy y mañana, reunirá en Guantánamo a más de 70 pacifistas de unas 25 naciones, detalló a Granma Ana Teresa Nápoles Disotuar, delegada del Instituto Cubano de Amistad con los Pueblos (ICAP) en esta provincia. Opositores a la guerra, defensores de la paz y amigos de Cuba unirán de nuevo sus voces aquí, para exigir la eliminación de los cerca de 800 enclaves militares extranjeros diseminados en todo el mundo, incluida la región de Latinoamérica. Igualmente, demandarán el cese de la carrera armamentista y la proliferación de armas de exterminio masivo promovida por el hegemón estadounidense y la OTAN. Enérgica será también la demanda de que se le ponga fin al genocidio sionista contra el hermano pueblo de Palestina. Los salones de la plaza Mariana Grajales Coello, de esta capital provincial, acogerán las ponencias, bases de un debate que de igual forma le saldrá al paso a la ciberguerra dirigida a imponer, desde el terreno mediático, un cambio cultural y político, a favor de los intereses imperiales. Preámbulo de la Reunión Regional América-Caribe, del Consejo Mundial de la Paz, prevista para el 6 de mayo en Santiago de Cuba, el viii Seminario Internacional de Paz y por la Abolición de las Bases Militares Extranjeras dejará escuchar de nuevo, en las voces de Cuba y de amigos de la Isla, el reclamo de que sea devuelto el territorio ocupado ilegalmente por la Base Naval de Estados Unidos en Guantánamo, y que se clausure la cruel e inhumana prisión improvisada en el usurpado sitio. Se espera que líderes pacifistas de la región de Latinoamérica, y de organizaciones de paz y solidaridad de África, Australia, Estados Unidos y Europa, prestigien el encuentro.",
    "highlightText": "",
    "highlightTitle": "",
    "highlightThreadTitle": "",
    "language": "spanish",
    "sentiment": "positive",
    "categories": [
        "Human Interest",
        "War, Conflict and Unrest",
        "Politics"
    ],
    "webz_reporter": false,
    "external_links": [],
    "external_images": [],
    "entities": {
        "persons": [],
        "organizations": [],
        "locations": []
    },
    "rating": null,
    "crawled": "2024-05-04T07:24:09.058+03:00",
    "updated": "2024-05-04T07:24:09.058+03:00"
}