{
    "thread": {
        "uuid": "60a130e2b6b8acbef7d6f1e063f687da1d86df76",
        "url": "https://www.schooltube.com/americas-stealthy-might-unveiling-the-b-2-spirit",
        "site_full": "www.schooltube.com",
        "site": "schooltube.com",
        "site_section": "https://www.schooltube.com/category/airplanes-space/",
        "site_categories": [],
        "section_title": null,
        "title": "America’s Stealthy Might: Unveiling the B-2 Spirit",
        "title_full": "America’s Stealthy Might: Unveiling the B-2 Spirit",
        "published": "2024-05-04T01:22:00.000+03:00",
        "replies_count": 0,
        "participants_count": 1,
        "site_type": "news",
        "country": "US",
        "main_image": "",
        "performance_score": 0,
        "domain_rank": 42154,
        "domain_rank_updated": "2024-04-30T13:08:01.000+03:00",
        "reach": null,
        "social": {
            "facebook": {
                "likes": 0,
                "comments": 0,
                "shares": 0
            },
            "gplus": {
                "shares": 0
            },
            "pinterest": {
                "shares": 0
            },
            "linkedin": {
                "shares": 0
            },
            "stumbledupon": {
                "shares": 0
            },
            "vk": {
                "shares": 0
            }
        }
    },
    "uuid": "60a130e2b6b8acbef7d6f1e063f687da1d86df76",
    "url": "https://www.schooltube.com/americas-stealthy-might-unveiling-the-b-2-spirit",
    "ord_in_thread": 0,
    "parent_url": null,
    "author": "SchoolTube Community",
    "published": "2024-05-04T01:22:00.000+03:00",
    "title": "America’s Stealthy Might: Unveiling the B-2 Spirit",
    "text": "The B-2 Spirit: A Symbol of American Air Power\nThe B-2 Spirit, also known as the Stealth Bomber, is a remarkable aircraft that has captured the attention and respect of military enthusiasts and adversaries alike. Developed by the United States Air Force, the B-2 represents the pinnacle of aviation engineering and technological innovation. In this blog post, we will delve into the reasons why America’s enemies fear this exceptional aircraft and explore its unique features that make it such a formidable force.\nUnmatched Stealth Capabilities One of the most defining characteristics of the B-2 Spirit is its unparalleled stealth capabilities. The aircraft is designed using a combination of advanced materials and innovative shaping techniques, making it virtually undetectable by radar systems. This stealthiness allows the B-2 to penetrate deep into enemy territory without being detected, providing it with a significant advantage in combat situations.\nThe B-2’s stealth features include:\nLow-Observable Design: The B-2’s unique shape and construction minimize its radar cross-section, making it difficult for enemy radar systems to detect. Radar-Absorbing Materials: The aircraft is coated with special materials that absorb radar waves, further reducing its detectability. Engine Inlet Design: The B-2’s engine inlets are designed to minimize the emission of infrared radiation, making it less visible to heat-seeking missiles. Impressive Range and Payload Capacity In addition to its stealth capabilities, the B-2 Spirit boasts an impressive range and payload capacity. The aircraft can fly long distances without refueling, allowing it to reach targets deep within enemy territory. It can also carry a substantial payload of conventional or nuclear weapons, making it capable of delivering devastating strikes with precision.\nThe B-2’s range and payload capabilities include:\nLong Range: The B-2 has a range of approximately 6,000 miles (9,656 kilometers), enabling it to reach targets across vast distances. Heavy Payload: The aircraft can carry up to 40,000 pounds (18,144 kilograms) of weapons, including precision-guided munitions and nuclear bombs. Advanced Avionics and Sensors The B-2 Spirit is equipped with state-of-the-art avionics and sensors that provide the crew with unparalleled situational awareness and targeting capabilities. These systems allow the aircraft to navigate precisely, identify targets with accuracy, and deliver weapons with pinpoint precision.\nThe B-2’s advanced avionics and sensors include:\nIntegrated Flight Control System: The B-2’s flight control system provides precise handling and stability, even during low-altitude missions. Synthetic Aperture Radar: The aircraft is equipped with a synthetic aperture radar that produces high-resolution images of the ground, allowing the crew to identify targets with greater accuracy. Electro-Optical Targeting System: The B-2’s targeting system uses advanced sensors to identify and track targets, ensuring precise weapon delivery. A Force to be Reckoned With The combination of stealth, range, payload capacity, and advanced avionics makes the B-2 Spirit a formidable force in modern warfare. Its ability to penetrate enemy defenses undetected and deliver devastating strikes has earned it the respect and fear of America’s adversaries. The B-2 Spirit stands as a testament to the United States’ commitment to maintaining technological superiority and ensuring national security.\nAs the USAF plans to modernize the B-2 platform, we can expect this exceptional aircraft to continue to play a vital role in safeguarding America’s interests and deterring potential threats for decades to come.",
    "highlightText": "",
    "highlightTitle": "",
    "highlightThreadTitle": "",
    "language": "english",
    "sentiment": "positive",
    "categories": [
        "War, Conflict and Unrest"
    ],
    "webz_reporter": false,
    "external_links": [
        "https://www.youtube.com/embed/jdUgz9i5hrc?feature=oembed",
        "https://youtube.com/embed/jdUgz9i5hrc?feature=oembed",
        "https://www.youtube.com/embed/jdUgz9i5hrc"
    ],
    "external_images": [],
    "entities": {
        "persons": [],
        "organizations": [
            {
                "name": "united states air force",
                "sentiment": "none"
            }
        ],
        "locations": [
            {
                "name": "america",
                "sentiment": "none"
            }
        ]
    },
    "rating": null,
    "crawled": "2024-05-04T01:47:04.226+03:00",
    "updated": "2024-05-04T01:47:04.226+03:00"
}