{
    "thread": {
        "uuid": "53334dc97df1064e2782bb585a25651987328122",
        "url": "https://www.schooltube.com/mq-8-fire-scout-a-technological-marvel-in-naval-aviation",
        "site_full": "www.schooltube.com",
        "site": "schooltube.com",
        "site_section": "https://www.schooltube.com/category/airplanes-space/",
        "site_categories": [],
        "section_title": null,
        "title": "MQ-8 Fire Scout: A Technological Marvel in Naval Aviation",
        "title_full": "MQ-8 Fire Scout: A Technological Marvel in Naval Aviation",
        "published": "2024-05-04T00:36:00.000+03:00",
        "replies_count": 0,
        "participants_count": 1,
        "site_type": "news",
        "country": "US",
        "main_image": "",
        "performance_score": 0,
        "domain_rank": 42154,
        "domain_rank_updated": "2024-04-30T13:08:01.000+03:00",
        "reach": null,
        "social": {
            "facebook": {
                "likes": 0,
                "comments": 0,
                "shares": 0
            },
            "gplus": {
                "shares": 0
            },
            "pinterest": {
                "shares": 0
            },
            "linkedin": {
                "shares": 0
            },
            "stumbledupon": {
                "shares": 0
            },
            "vk": {
                "shares": 0
            }
        }
    },
    "uuid": "53334dc97df1064e2782bb585a25651987328122",
    "url": "https://www.schooltube.com/mq-8-fire-scout-a-technological-marvel-in-naval-aviation",
    "ord_in_thread": 0,
    "parent_url": null,
    "author": "SchoolTube Community",
    "published": "2024-05-04T00:36:00.000+03:00",
    "title": "MQ-8 Fire Scout: A Technological Marvel in Naval Aviation",
    "text": "The Northrop Grumman MQ-8 Fire Scout: A Technological Marvel in Naval Aviation\nIn the ever-evolving realm of military technology, the Northrop Grumman MQ-8 Fire Scout stands as a testament to human ingenuity and engineering prowess. This unmanned autonomous helicopter, developed by Northrop Grumman, has revolutionized the United States Armed Forces’ capabilities in reconnaissance, situational awareness, aerial fire support, and precision targeting. With its cutting-edge features and versatility, the Fire Scout has become an indispensable asset in modern warfare.\nFrom Humble Beginnings to Unparalleled Success The journey of the MQ-8 Fire Scout began with the RQ-8A version, which was based on the Schweizer 330. This initial iteration laid the foundation for the Fire Scout’s success, demonstrating its potential for game-changing capabilities. However, it was the enhanced MQ-8B, derived from the Schweizer 333, that truly showcased the Fire Scout’s evolution. With its improved performance and enhanced features, the MQ-8B became a force to be reckoned with in the skies.\nThe pinnacle of the Fire Scout’s development came with the introduction of the MQ-8C variant, based on the Bell 407. This larger and more powerful version further expanded the Fire Scout’s capabilities, making it an even more formidable asset in the hands of the U.S. Armed Forces.\nUnveiling the Fire Scout’s Arsenal of Capabilities The MQ-8 Fire Scout is not just another drone; it is a technological marvel that combines advanced sensors, precision targeting systems, and real-time data processing capabilities. This formidable combination enables the Fire Scout to provide invaluable support to ground, air, and sea forces in a variety of missions.\nReconnaissance: Equipped with high-resolution cameras and sensors, the Fire Scout can gather critical intelligence and surveillance data, providing commanders with a comprehensive view of the battlefield. Situational Awareness: The Fire Scout’s ability to transmit real-time video feeds and data allows decision-makers to stay informed about rapidly changing situations, enabling them to make informed decisions. Aerial Fire Support: Armed with precision-guided weapons, the Fire Scout can provide close air support to troops on the ground, engaging enemy targets with pinpoint accuracy. Precision Targeting: The Fire Scout’s advanced targeting systems enable it to designate targets for other weapons systems, ensuring maximum accuracy and effectiveness. The Future of Unmanned Aerial Systems The MQ-8 Fire Scout represents a glimpse into the future of warfare, where unmanned aerial systems play an increasingly vital role. With its impressive capabilities and versatility, the Fire Scout has proven its worth in countless missions, demonstrating the potential of autonomous technology to revolutionize military operations. As technology continues to advance, we can expect to witness even more remarkable feats from the Fire Scout and its successors, shaping the future of naval aviation and modern warfare.\nNote: This blog post is written for an audience with a general understanding of military technology and current events. For more in-depth information, please refer to official military sources or specialized publications.",
    "highlightText": "",
    "highlightTitle": "",
    "highlightThreadTitle": "",
    "language": "english",
    "sentiment": "positive",
    "categories": [
        "War, Conflict and Unrest",
        "Human Interest",
        "Science and Technology"
    ],
    "webz_reporter": false,
    "external_links": [
        "https://www.youtube.com/embed/drNsYgc8uXs?feature=oembed",
        "https://youtube.com/embed/drNsYgc8uXs?feature=oembed",
        "https://www.youtube.com/embed/drNsYgc8uXs"
    ],
    "external_images": [],
    "entities": {
        "persons": [
            {
                "name": "schweizer",
                "sentiment": "none"
            }
        ],
        "organizations": [
            {
                "name": "northrop grumman",
                "sentiment": "negative"
            },
            {
                "name": "northrop grumman mq",
                "sentiment": "none"
            }
        ],
        "locations": [
            {
                "name": "united states",
                "sentiment": "none"
            }
        ]
    },
    "rating": null,
    "crawled": "2024-05-04T01:47:35.886+03:00",
    "updated": "2024-05-04T01:47:35.886+03:00"
}