{
    "thread": {
        "uuid": "f2595eff1cff51f2a5bdbd5e2b8644e469017b73",
        "url": "https://www.infobae.com/america/agencias/2024/05/05/el-rey-felipe-vi-vuelve-a-jurar-bandera-40-anos-despues/",
        "site_full": "www.infobae.com",
        "site": "infobae.com",
        "site_section": "https://www.infobae.com/feeds/rss/",
        "site_categories": [
            "media"
        ],
        "section_title": "Infobae.com",
        "title": "El Rey Felipe VI vuelve a jurar bandera 40 años después - Infobae",
        "title_full": "El Rey Felipe VI vuelve a jurar bandera 40 años después - Infobae",
        "published": "2024-05-05T03:00:00.000+03:00",
        "replies_count": 0,
        "participants_count": 1,
        "site_type": "news",
        "country": "AR",
        "main_image": "https://www.infobae.com/new-resizer/LR-vZ8lzRqeBwLobA8OS5NKRQgU=/1200x630/filters:format(webp):quality(85)/cloudfront-us-east-1.images.arcpublishing.com/infobae/QMM66FFQSNCRJAVHX4OSHRP2FQ.jpg",
        "performance_score": 0,
        "domain_rank": 2058,
        "domain_rank_updated": "2024-04-30T13:07:54.000+03:00",
        "reach": null,
        "social": {
            "facebook": {
                "likes": 0,
                "comments": 0,
                "shares": 0
            },
            "gplus": {
                "shares": 0
            },
            "pinterest": {
                "shares": 0
            },
            "linkedin": {
                "shares": 0
            },
            "stumbledupon": {
                "shares": 0
            },
            "vk": {
                "shares": 0
            }
        }
    },
    "uuid": "f2595eff1cff51f2a5bdbd5e2b8644e469017b73",
    "url": "https://www.infobae.com/america/agencias/2024/05/05/el-rey-felipe-vi-vuelve-a-jurar-bandera-40-anos-despues/",
    "ord_in_thread": 0,
    "parent_url": null,
    "author": "Newsroom Infobae",
    "published": "2024-05-05T03:00:00.000+03:00",
    "title": "El Rey Felipe VI vuelve a jurar bandera 40 años después - Infobae",
    "text": "Este sábado ha tenido lugar en la Academia General Militar de Zaragoza el acto conmemorativo del 40º aniversario de la jura de bandera de la promoción del Rey Felipe VI. Hasta allí se han desplazado los reyes y se ha producido el reencuentro con su hija, la Princesa Leonor, a quienes vimos por última vez en la pasada Semana Santa.\\r\\n\\r\\n El monarca ha jurado bandera cuarenta años después, cuando apenas tenía 17 años y esta vez lo ha hecho bajo la atenta mirada de la Reina Letizia y de la Princesa Leonor que se encontraba en el Patio de Armas junto al resto de cadetes de segundo curso que están en la academia. Para esta ocasión, la hija mayor de los reyes se ha dejado ver con el uniforme de gala del Ejército de Tierra\\r\\n\\r\\n Esta es la tercera vez que el Rey Felipe jura bandera, en la última era todavía Príncipe de Asturias y también fue acompañado con Doña Letizia. Tanto en aquella ocasión como en esta, el monarca se ha reencontrado con grandes amistades con las que vivió su etapa más adolescente.\\r\\n\\r\\n La Reina Letizia ha sabido estar en un segundo lugar y ha escogido un dos piezas en color celeste, formado por pantalón recto y chaqueta entallada. Además, ha apostado por el pelo suelto y unos pendientes joya que le han aportado luminosidad a su rostro.",
    "highlightText": "",
    "highlightTitle": "",
    "highlightThreadTitle": "",
    "language": "spanish",
    "sentiment": "positive",
    "categories": [
        "Lifestyle and Leisure",
        "War, Conflict and Unrest",
        "Human Interest"
    ],
    "webz_reporter": false,
    "external_links": [],
    "external_images": [],
    "entities": {
        "persons": [],
        "organizations": [],
        "locations": []
    },
    "rating": null,
    "crawled": "2024-05-05T03:05:12.013+03:00",
    "updated": "2024-05-05T03:05:12.013+03:00"
}