{
    "thread": {
        "uuid": "0d0c95eab30ea9579677bdf4205746e26d09ec5d",
        "url": "https://www.schooltube.com/ch-53e-super-stallion-a-legend-in-military-aviation",
        "site_full": "www.schooltube.com",
        "site": "schooltube.com",
        "site_section": "https://www.schooltube.com/category/airplanes-space/",
        "site_categories": [],
        "section_title": null,
        "title": "CH-53E Super Stallion: A Legend in Military Aviation",
        "title_full": "CH-53E Super Stallion: A Legend in Military Aviation",
        "published": "2024-05-04T01:11:00.000+03:00",
        "replies_count": 0,
        "participants_count": 1,
        "site_type": "news",
        "country": "US",
        "main_image": "",
        "performance_score": 0,
        "domain_rank": 42154,
        "domain_rank_updated": "2024-04-30T13:08:01.000+03:00",
        "reach": null,
        "social": {
            "facebook": {
                "likes": 0,
                "comments": 0,
                "shares": 0
            },
            "gplus": {
                "shares": 0
            },
            "pinterest": {
                "shares": 0
            },
            "linkedin": {
                "shares": 0
            },
            "stumbledupon": {
                "shares": 0
            },
            "vk": {
                "shares": 0
            }
        }
    },
    "uuid": "0d0c95eab30ea9579677bdf4205746e26d09ec5d",
    "url": "https://www.schooltube.com/ch-53e-super-stallion-a-legend-in-military-aviation",
    "ord_in_thread": 0,
    "parent_url": null,
    "author": "SchoolTube Community",
    "published": "2024-05-04T01:11:00.000+03:00",
    "title": "CH-53E Super Stallion: A Legend in Military Aviation",
    "text": "The CH-53E Super Stallion: A Legend in Military Aviation\nIn the realm of military aviation, few aircraft have achieved the iconic status of the CH-53E Super Stallion. As one of the United States’ most prominent heavy-lift helicopters, the Super Stallion has played a pivotal role in countless operations, ranging from combat missions to humanitarian relief efforts. With its remarkable capabilities and unwavering reliability, the CH-53E has earned its place as a cornerstone of the U.S. Marine Corps’ rotorcraft fleet.\nA Legacy of Power and Performance The CH-53E Super Stallion is a product of Sikorsky Aircraft Corporation, a renowned name in helicopter manufacturing. Development of the Super Stallion began in the 1970s in response to the U.S. Marine Corps’ urgent need for an advanced heavy-lift helicopter. Building upon the success of the CH-53 Sea Stallion platform, Sikorsky engineers introduced significant enhancements to create a more powerful and capable aircraft.\nThe result was the CH-53E Super Stallion, a true marvel of engineering. Equipped with three powerful General Electric T64-GE-416 turboshaft engines, the Super Stallion boasts an impressive maximum takeoff weight of 73,500 pounds. This immense power allows it to lift and transport heavy payloads, making it indispensable for a wide range of missions.\nUnmatched Versatility and Adaptability The CH-53E Super Stallion’s versatility is one of its defining characteristics. It can be configured to fulfill various roles, including troop transport, cargo transport, medical evacuation, and search and rescue operations. Its spacious cabin can accommodate up to 37 troops or 24 stretchers, making it ideal for transporting personnel and providing medical assistance in challenging environments.\nThe Super Stallion’s adaptability extends to its ability to operate in diverse terrains and weather conditions. Its powerful engines and advanced flight systems enable it to navigate mountainous regions, deserts, and even over water, making it a valuable asset in both combat and humanitarian operations.\nA History of Service and Sacrifice The CH-53E Super Stallion has served the U.S. Marine Corps with distinction for over four decades. It has seen action in numerous conflicts, including the Gulf War, the Iraq War, and the War in Afghanistan. The Super Stallion has also played a vital role in disaster relief efforts, such as Hurricane Katrina and the Haiti earthquake.\nThroughout its service, the CH-53E has proven to be a reliable and resilient aircraft. Its rugged construction and advanced safety features have ensured the safety of countless troops and crew members. However, the Super Stallion has not been without its sacrifices. Several brave men and women have lost their lives while operating this magnificent machine.\nThe Future of Heavy-Lift Aviation While the CH-53E Super Stallion has served the U.S. Marine Corps diligently for decades, plans are underway to replace it with the next-generation CH-53K King Stallion. The CH-53K, currently in the testing and evaluation phase, promises enhanced capabilities, increased lifting capacity, and improved performance.\nAs the CH-53E gradually phases out, the CH-53K will assume the mantle of the Marine Corps’ primary heavy-lift helicopter, taking the legacy of the Super Stallion to new heights. The future of heavy-lift aviation looks incredibly promising, with the CH-53K poised to continue the tradition of excellence established by its predecessor.\nConclusion The CH-53E Super Stallion stands as a testament to the ingenuity and engineering prowess of American aviation. Its remarkable capabilities, unwavering reliability, and unwavering service to the U.S. Marine Corps have earned it a place in the annals of military history. As the Super Stallion prepares to pass the torch to the CH-53K, we can look back with gratitude for its contributions and look forward with excitement to the future of heavy-lift aviation.",
    "highlightText": "",
    "highlightTitle": "",
    "highlightThreadTitle": "",
    "language": "english",
    "sentiment": "positive",
    "categories": [
        "War, Conflict and Unrest"
    ],
    "webz_reporter": false,
    "external_links": [
        "https://www.youtube.com/embed/v9C_hnn8W9c?feature=oembed",
        "https://www.youtube.com/embed/v9C_hnn8W9c",
        "https://youtube.com/embed/v9C_hnn8W9c?feature=oembed"
    ],
    "external_images": [],
    "entities": {
        "persons": [],
        "organizations": [
            {
                "name": "general electric",
                "sentiment": "none"
            },
            {
                "name": "u.s. marine corps",
                "sentiment": "none"
            },
            {
                "name": "sikorsky aircraft corporation",
                "sentiment": "none"
            }
        ],
        "locations": [
            {
                "name": "united states",
                "sentiment": "none"
            }
        ]
    },
    "rating": null,
    "crawled": "2024-05-04T01:47:09.570+03:00",
    "updated": "2024-05-04T01:47:09.570+03:00"
}