{
    "thread": {
        "uuid": "80607ba8a2ea7255fab82bdf7b6e77420c4f77bf",
        "url": "https://www.cope.es/actualidad/espana/noticias/eeuu--estudiantes-princeton-inician-una-huelga-hambre-solidaridad-con-gaza-20240504_3280483",
        "site_full": "www.cope.es",
        "site": "cope.es",
        "site_section": "https://www.cope.es/programas/la-tarde",
        "site_categories": [
            "sports"
        ],
        "section_title": "La Tarde - Programas | COPE",
        "title": "EEUU.- Estudiantes de Princeton inician una huelga de hambre en solidaridad con Gaza - España - COPE",
        "title_full": "EEUU.- Estudiantes de Princeton inician una huelga de hambre en solidaridad con Gaza - España - COPE",
        "published": "2024-05-04T19:19:00.000+03:00",
        "replies_count": 0,
        "participants_count": 1,
        "site_type": "news",
        "country": "ES",
        "main_image": "https://cope-cdnmed.cope.es/img/brand/cope-redes-sociales.jpg",
        "performance_score": 0,
        "domain_rank": 7531,
        "domain_rank_updated": "2024-04-30T13:07:54.000+03:00",
        "reach": null,
        "social": {
            "facebook": {
                "likes": 0,
                "comments": 0,
                "shares": 0
            },
            "gplus": {
                "shares": 0
            },
            "pinterest": {
                "shares": 0
            },
            "linkedin": {
                "shares": 0
            },
            "stumbledupon": {
                "shares": 0
            },
            "vk": {
                "shares": 0
            }
        }
    },
    "uuid": "80607ba8a2ea7255fab82bdf7b6e77420c4f77bf",
    "url": "https://www.cope.es/actualidad/espana/noticias/eeuu--estudiantes-princeton-inician-una-huelga-hambre-solidaridad-con-gaza-20240504_3280483",
    "ord_in_thread": 0,
    "parent_url": null,
    "author": "Europa Press",
    "published": "2024-05-04T19:19:00.000+03:00",
    "title": "EEUU.- Estudiantes de Princeton inician una huelga de hambre en solidaridad con Gaza - España - COPE",
    "text": "Al menos 14 estudiantes de la Universidad de Princeton, al suroeste de Nueva York, han iniciado una huelga de hambre indefinida en solidaridad con la población de la Franja de Gaza, objeto de una ofensiva militar israelí. Los manifestantes llevan diez días acampados en el campus en la Acampada de Solidaridad con Gaza. La huelga de hambre ha comenzado este viernes y continuará hasta que se satisfagan sus demandas: reunión con la dirección de la universidad para tratar las inversiones relacionadas con Israel y propuestas de desinversión y boicot cultural y académico a Israel, ha informado la organización de la protesta. Los participantes en la huelga de hambre han manifestado su solidaridad con el pueblo de Gaza y de Palestina \\\"que ha sido sistemáticamente sometido a la hambruna y privado de alimentación en lo que es ya uno de los peores desastres humanitarios de la historia humana\\\". También piden la amnistía por las sanciones penales y disciplinarias impuestas a los participantes en la protesta y dar marcha atrás a las prohibiciones de acceso al campus y las expulsiones de estudiantes de los colegios mayores, según recoge el portal de noticias North Jersey. Un total de 15 manifestantes fueron detenidos el lunes en esta universidad y cientos los arrestados en otras protestas propalestinas en universidades de todo Estados Unidos. \\\"Millones de gazatíes siguen sufriendo el asedio del Estado de Israel. Dos millones de habitantes ahora afrontan una hambruna provocada. Uniros en solidaridad con el pueblo palestino\\\", han emplazado los convocantes de Desinversión contra el Apartheid Israel de Princeton.",
    "highlightText": "",
    "highlightTitle": "",
    "highlightThreadTitle": "",
    "language": "spanish",
    "sentiment": "positive",
    "categories": [
        "Social Issue",
        "War, Conflict and Unrest",
        "Human Interest"
    ],
    "webz_reporter": false,
    "external_links": [],
    "external_images": [],
    "entities": {
        "persons": [],
        "organizations": [],
        "locations": []
    },
    "rating": null,
    "crawled": "2024-05-04T19:25:57.905+03:00",
    "updated": "2024-05-04T19:25:57.905+03:00"
}