{
    "thread": {
        "uuid": "b3a6f525b192f42875d5b95ead2427602eae4613",
        "url": "https://www.devdiscourse.com/article/law-order/2927985-navys-miracle-assistance-to-merchant-ships-in-vital-sea-lanes-hailed-by-rajnath",
        "site_full": "www.devdiscourse.com",
        "site": "devdiscourse.com",
        "site_section": "http://www.devdiscourse.com/news-analysis/",
        "site_categories": [
            "media"
        ],
        "section_title": "Breaking News, Development News, Latest News, Politics News, Sports News | Devdiscourse",
        "title": "Navy's 'miracle' assistance to merchant ships in vital sea lanes hailed by Rajnath | Law-Order",
        "title_full": "Navy's 'miracle' assistance to merchant ships in vital sea lanes hailed by Rajnath | Law-Order",
        "published": "2024-05-05T06:49:00.000+03:00",
        "replies_count": 0,
        "participants_count": 1,
        "site_type": "news",
        "country": "IN",
        "main_image": "https://www.devdiscourse.com/remote.axd?https://devdiscourse.blob.core.windows.net/imagegallery/03_03_2020_19_07_11_3625933.jpg?width=920&format=jpeg",
        "performance_score": 0,
        "domain_rank": 9502,
        "domain_rank_updated": "2024-04-30T13:07:54.000+03:00",
        "reach": null,
        "social": {
            "facebook": {
                "likes": 0,
                "comments": 0,
                "shares": 0
            },
            "gplus": {
                "shares": 0
            },
            "pinterest": {
                "shares": 0
            },
            "linkedin": {
                "shares": 0
            },
            "stumbledupon": {
                "shares": 0
            },
            "vk": {
                "shares": 0
            }
        }
    },
    "uuid": "b3a6f525b192f42875d5b95ead2427602eae4613",
    "url": "https://www.devdiscourse.com/article/law-order/2927985-navys-miracle-assistance-to-merchant-ships-in-vital-sea-lanes-hailed-by-rajnath",
    "ord_in_thread": 0,
    "parent_url": null,
    "author": "PTI",
    "published": "2024-05-05T06:49:00.000+03:00",
    "title": "Navy's 'miracle' assistance to merchant ships in vital sea lanes hailed by Rajnath | Law-Order",
    "text": "Navy's 'miracle' assistance to merchant ships in vital sea lanes hailed by Rajnath Indian Navy has performed remarkably, assisting merchant ships facing pirate threats in foreign waters, earning praise from Defense Minister Rajnath Singh. The government is considering the Navy's request for a second aircraft carrier (IAC-II), estimated to cost around Rs 40,000 crore. The Navy's success in operations has boosted confidence, and the government aims to make India self-reliant in defense exports. With exports surpassing Rs 21,000 crore, a target of Rs 50,000 crore is set for the next five-six years. [PTI](/pti-stories)| New Delhi | Updated: 05-05-2024 11:49 IST | Created: 05-05-2024 11:49 IST - Country: - India The Indian Navy has performed a ''miracle'' (karishma), Defence Minister Rajnath Singh has said, heaping wholehearted praise for the force's numerous operations in foreign waters where it assisted several merchant ships commandeered or threatened by pirates. In an exclusive interview to PTI, Singh also dropped hints of the government's readiness to positively consider the Navy's proposal for construction of a second aircraft carrier. The Navy has been making a strong pitch for having the second indigenous aircraft carrier (IAC-II) with a displacement of 45,000 tonnes which is estimated to cost close to Rs 40,000 crore with the envisaged specifications. Exuding confidence of the National Democratic Alliance retaining power for a third straight term, he said the new government's focus would be to make India totally self-reliant in the defence sector. Singh said India's annual defence exports crossed Rs 21,000 crore mark for the first time in 2023-24 and that his ministry has set a target of increasing it to Rs 50,000 crore in the next five-six years. ''We will take it to more than Rs 50,000 crore by 2029-30,'' he said. On Navy operations in the strategic waterways, Singh said the force deserves praise. ''The India Navy has done miracle. Congratulations to the Navy. (Indian Navy ne Karishma kiya. Nav ko Badhai),'' he said. In the last few months, the Indian Navy extended assistance to a number of merchant vessels in the Western Indian Ocean, the Gulf of Aden and strategic waterways around the Red Sea following attacks on them. Late last month, the Indian Navy swiftly assisted a Panama-flagged crude oil tanker with 30 crew members, including 22 Indians, after the vessel came under missile attack from Houthi militants. There have been growing global concerns over attacks on various commercial vessels in the Red Sea by the Houthi militants. The Navy has foiled attacks by pirates on several ships in the region since January. Asked about the Navy's push for a second indigenous aircraft carrier (IAC), Singh indicated that it is being favourably considered. India's first indigenously-built aircraft carrier INS Vikrant (IAC I) was commissioned in September last year. Built at a cost of around Rs 23,000 crore, INS Vikrant has a sophisticated air defence network and anti-ship missile systems. It has the capacity to hold 30 fighter jets and helicopters. The Navy has been pitching for three aircraft carriers to deal with China's growing naval prowess and its growing influence over the Indian Ocean region. At present, India has two aircraft carriers — INS Vikramaditya and INS Vikrant. INS Vikramaditya is a Russian origin platform. (This story has not been edited by Devdiscourse staff and is auto-generated from a syndicated feed.) ALSO READ [Voting begins for Maldives Parliament, watched by India and China vying for control of Indian Ocean](/article/law-order/2903155-voting-begins-for-maldives-parliament-watched-by-india-and-china-vying-for-control-of-indian-ocean) [**Revised Headline:** Enhanced Iran-Sri Lanka Ties Promise Stability and Prosperity in the Indian Ocean Region, Says President Raisi](/article/law-order/2917350-revised-headline-enhanced-iran-sri-lanka-ties-promise-stability-and-prosperity-in-the-indian-ocean-region-says-president-r) [Yemen's Houthis carry out three military operations in Gulf of Aden, Indian Ocean](/article/law-order/2916756-yemens-houthis-carry-out-three-military-operations-in-gulf-of-aden-indian-ocean) [Alarming Forecast: Indian Ocean Set for Accelerated Warming, Threatening Catastrophic Outcomes](/article/science-environment/2920225-alarming-forecast-indian-ocean-set-for-accelerated-warming-threatening-catastrophic-outcomes) [UKMTO says vessel reported drone attack on April 26 in Indian Ocean](/article/law-order/2922836-ukmto-says-vessel-reported-drone-attack-on-april-26-in-indian-ocean)",
    "highlightText": "",
    "highlightTitle": "",
    "highlightThreadTitle": "",
    "language": "english",
    "sentiment": "positive",
    "categories": [
        "War, Conflict and Unrest"
    ],
    "webz_reporter": false,
    "external_links": [],
    "external_images": [],
    "entities": {
        "persons": [
            {
                "name": "singh",
                "sentiment": "none"
            },
            {
                "name": "rajnath singh",
                "sentiment": "none"
            }
        ],
        "organizations": [
            {
                "name": "navy",
                "sentiment": "negative"
            },
            {
                "name": "rajnath indian navy",
                "sentiment": "negative"
            },
            {
                "name": "pti",
                "sentiment": "none"
            },
            {
                "name": "iac",
                "sentiment": "none"
            },
            {
                "name": "indian navy",
                "sentiment": "none"
            }
        ],
        "locations": [
            {
                "name": "new delhi",
                "sentiment": "none"
            },
            {
                "name": "india",
                "sentiment": "none"
            }
        ]
    },
    "rating": null,
    "crawled": "2024-05-05T09:31:27.053+03:00",
    "updated": "2024-05-05T09:31:27.053+03:00"
}