{
    "thread": {
        "uuid": "dfabc6e721593bf9745391bf84ff0431c2038254",
        "url": "https://spanish.almanar.com.lb/968728",
        "site_full": "spanish.almanar.com.lb",
        "site": "almanar.com.lb",
        "site_section": "https://spanish.almanar.com.lb/rss",
        "site_categories": [],
        "section_title": "Sitio de Al Manar en Español",
        "title": "La UNESCO otorga su premio mundial a la Libertad de Prensa a todos los periodistas palestinos que cubren la guerra de Gaza – Sitio de Al Manar en Español",
        "title_full": "La UNESCO otorga su premio mundial a la Libertad de Prensa a todos los periodistas palestinos que cubren la guerra de Gaza – Sitio de Al Manar en Español",
        "published": "2024-05-03T03:00:00.000+03:00",
        "replies_count": 0,
        "participants_count": 0,
        "site_type": "news",
        "country": "LB",
        "main_image": "https://spanish.almanar.com.lb/framework/includes/uploads/2024/05/manar-06924840017147693702-757x354.jpg",
        "performance_score": 0,
        "domain_rank": 27413,
        "domain_rank_updated": "2024-04-30T13:07:54.000+03:00",
        "reach": null,
        "social": {
            "facebook": {
                "likes": 0,
                "comments": 0,
                "shares": 0
            },
            "gplus": {
                "shares": 0
            },
            "pinterest": {
                "shares": 0
            },
            "linkedin": {
                "shares": 0
            },
            "stumbledupon": {
                "shares": 0
            },
            "vk": {
                "shares": 0
            }
        }
    },
    "uuid": "dfabc6e721593bf9745391bf84ff0431c2038254",
    "url": "https://spanish.almanar.com.lb/968728",
    "ord_in_thread": 0,
    "parent_url": null,
    "author": null,
    "published": "2024-05-03T03:00:00.000+03:00",
    "title": "La UNESCO otorga su premio mundial a la Libertad de Prensa a todos los periodistas palestinos que cubren la guerra de Gaza – Sitio de Al Manar en Español",
    "text": "La Organización de las Naciones Unidas para la Educación, la Ciencia y la Cultura (UNESCO) ha otorgado su premio mundial a la libertad de prensa a todos los periodistas palestinos que cubren la guerra genocida de “Israel” en la Franja de Gaza.\nMauricio Weibel, presidente del jurado internacional de profesionales de los medios, anunció el premio durante una ceremonia en Santiago, la capital de Chile, el jueves, en vísperas del Día Mundial de la Libertad de Prensa.\n“En estos tiempos de oscuridad y desesperanza, deseamos compartir un fuerte mensaje de solidaridad y reconocimiento a aquellos periodistas palestinos que cubren esta crisis en circunstancias tan dramáticas”, dijo.\n“Como humanidad, tenemos una enorme deuda con su valentía y compromiso con la libertad de expresión”.\nLa directora general de la UNESCO, Audrey Azoulay, dijo que el premio rinde “homenaje al coraje de los periodistas que enfrentan circunstancias difíciles y peligrosas”.\n“Israel” desató su ataque contra Gaza, respaldado por EEUU, el 7 de octubre después de que el grupo de resistencia palestino Hamas llevara a cabo una operación sorpresa contra la entidad ocupante en represalia por sus atrocidades intensificadas contra el pueblo palestino.\nHasta ahora, el régimen de Tel Aviv ha matado al menos a 34.596 palestinos, en su mayoría mujeres y niños, y ha herido a otras 77.816 personas.\nHa estado atacando deliberadamente a periodistas y sus familias en un intento por evitar que expongan los crímenes de guerra de “Israel” en Gaza.\nAl menos 146 periodistas palestinos han perdido la vida hasta la fecha.\nSource: Press TV (traducido por el sitio de Al Manar en español)",
    "highlightText": "",
    "highlightTitle": "",
    "highlightThreadTitle": "",
    "language": "spanish",
    "sentiment": "positive",
    "categories": [
        "War, Conflict and Unrest"
    ],
    "webz_reporter": false,
    "external_links": [],
    "external_images": [],
    "entities": {
        "persons": [],
        "organizations": [],
        "locations": []
    },
    "rating": null,
    "crawled": "2024-05-04T00:21:41.495+03:00",
    "updated": "2024-05-04T00:21:41.495+03:00"
}