{
    "thread": {
        "uuid": "0d1b00a5d927e48d96993518b522548ed17ed285",
        "url": "https://www.ansa.it/sito/notizie/politica/2024/05/03/meloni-sostegno-a-conferenza-di-pace-sullucraina-in-svizzera_fb129217-6d49-44fa-890a-c59f60c74d02.html",
        "site_full": "www.ansa.it",
        "site": "ansa.it",
        "site_section": "https://ansa.it/ricerca/ansait/search.shtml?any=ucraina",
        "site_categories": [
            "media",
            "top_news"
        ],
        "section_title": "Risultati di ricerca - ANSA.it",
        "title": "Meloni, sostegno a conferenza di pace sull'Ucraina in Svizzera - Notizie - Ansa.it",
        "title_full": "Meloni, sostegno a conferenza di pace sull'Ucraina in Svizzera - Notizie - Ansa.it",
        "published": "2024-05-03T03:00:00.000+03:00",
        "replies_count": 0,
        "participants_count": 1,
        "site_type": "news",
        "country": "IT",
        "main_image": "https://www.ansa.it/webimages/img_700/2024/5/3/6c170dbc1fabc4ffdc7900f88b7fb798.jpg",
        "performance_score": 0,
        "domain_rank": 1873,
        "domain_rank_updated": "2024-04-30T13:07:54.000+03:00",
        "reach": null,
        "social": {
            "facebook": {
                "likes": 0,
                "comments": 0,
                "shares": 0
            },
            "gplus": {
                "shares": 0
            },
            "pinterest": {
                "shares": 0
            },
            "linkedin": {
                "shares": 0
            },
            "stumbledupon": {
                "shares": 0
            },
            "vk": {
                "shares": 0
            }
        }
    },
    "uuid": "0d1b00a5d927e48d96993518b522548ed17ed285",
    "url": "https://www.ansa.it/sito/notizie/politica/2024/05/03/meloni-sostegno-a-conferenza-di-pace-sullucraina-in-svizzera_fb129217-6d49-44fa-890a-c59f60c74d02.html",
    "ord_in_thread": 0,
    "parent_url": null,
    "author": "Agenzia ANSA",
    "published": "2024-05-03T03:00:00.000+03:00",
    "title": "Meloni, sostegno a conferenza di pace sull'Ucraina in Svizzera - Notizie - Ansa.it",
    "text": "La premier Giorgia Meloni, ricevendo a Palazzo Chigi la presidente della Confederazione Svizzera Viola Amherd, ha \"garantito l'impegno dell'Italia a favore dell'organizzazione in Svizzera della Conferenza di alto livello sulla pace in Ucraina, in linea con il diritto internazionale e con i principi della Carta delle Nazioni Unite\". Come riferisce una nota di Palazzo Chigi, il colloquio è stato anche \"l'occasione per esprimere apprezzamento per il ruolo svolto dalla Confederazione Svizzera quale membro non permanente del Consiglio di Sicurezza, con particolare riferimento alla situazione in Medio Oriente, in linea con la Risoluzione 2728\".\n \"I colloqui - viene spiegato nel comunicato - hanno permesso di confermare la solidità delle relazioni italo-svizzere, con particolare riferimento alla dimensione transfrontaliera, e l'interesse a lavorare sulle prospettive di rafforzamento della collaborazione bilaterale in ambito economico e sui principali dossier dell'agenda internazionale, inclusa la rinnovata attenzione nei confronti del Continente africano\".",
    "highlightText": "",
    "highlightTitle": "",
    "highlightThreadTitle": "",
    "language": "italian",
    "sentiment": "positive",
    "categories": [
        "War, Conflict and Unrest",
        "Politics"
    ],
    "webz_reporter": false,
    "external_links": [],
    "external_images": [],
    "entities": {
        "persons": [],
        "organizations": [],
        "locations": []
    },
    "rating": null,
    "crawled": "2024-05-03T21:29:41.797+03:00",
    "updated": "2024-05-04T13:40:12.428+03:00"
}