{
    "thread": {
        "uuid": "05e78aefa9bf597c576435af52a0db9bf8acfcdf",
        "url": "https://www.eitb.eus/es/deportes/ciclismo/giro-de-italia/detalle/9486930/el-esloveno-pogacar-se-estrena-en-giro-como-gran-rival-a-batir",
        "site_full": "www.eitb.eus",
        "site": "eitb.eus",
        "site_section": "http://www.eitb.eus/es/rss/deportes/ciclismo/giro-de-italia",
        "site_categories": [
            "non_standard_content"
        ],
        "section_title": "Noticias de Deportes. RSS feeds en eitb.eus.",
        "title": "El esloveno Pogacar se estrena en el Giro como el gran rival a batir",
        "title_full": "El esloveno Pogacar se estrena en el Giro como el gran rival a batir",
        "published": "2024-05-03T19:50:00.000+03:00",
        "replies_count": 0,
        "participants_count": 0,
        "site_type": "news",
        "country": "ES",
        "main_image": "https://media.eitb.eus/multimedia/images/2024/05/03/3227307/20240503183632_giroitaliaciclismouaepoga_foto610x342.jpg",
        "performance_score": 0,
        "domain_rank": 15995,
        "domain_rank_updated": "2024-04-30T13:07:54.000+03:00",
        "reach": null,
        "social": {
            "facebook": {
                "likes": 0,
                "comments": 0,
                "shares": 0
            },
            "gplus": {
                "shares": 0
            },
            "pinterest": {
                "shares": 0
            },
            "linkedin": {
                "shares": 0
            },
            "stumbledupon": {
                "shares": 0
            },
            "vk": {
                "shares": 0
            }
        }
    },
    "uuid": "05e78aefa9bf597c576435af52a0db9bf8acfcdf",
    "url": "https://www.eitb.eus/es/deportes/ciclismo/giro-de-italia/detalle/9486930/el-esloveno-pogacar-se-estrena-en-giro-como-gran-rival-a-batir",
    "ord_in_thread": 0,
    "parent_url": null,
    "author": null,
    "published": "2024-05-03T19:50:00.000+03:00",
    "title": "El esloveno Pogacar se estrena en el Giro como el gran rival a batir",
    "text": "Giro de Italia 2024\nGIRO DE ITALIA\nEl esloveno Pogacar se estrena en el Giro como el gran rival a batir\nAGENCIAS | EITB Media\nLa edición número 107 del Giro de Italia arrancará mañana, sábado, con un claro favorito: Tadej Pogacar. A falta de otros grandes nombres, el ciclista de UAE Team Emirates se postula como el rival a batir. La “Corsa Rosa” se podrá seguir en directo en ETB1 y eitb.eus.\n-\nEl ciclista Tadej Pogacar, del equipo UAE Emirates, en la presentación de Giro. FOTO: EFE\nEuskaraz irakurri:\n[Izen handien faltan, Pogacar esloveniarra izango da Giroko faborito nagusia\n](/eu/kirolak/txirrindularitza/giro/osoa/9486936/poizen-handien-faltan-pogacar-esloveniarra-izango-da-giroko-faborito-nagusia/)\nEmpezando mañana en Turín, y hasta el 26 de mayo en Roma, se disputará el Giro de Italia. Teniendo en cuenta los grandes nombres que faltarán a la cita, Pogacar tratará de aspirar al histórico doblete de Giro y Tour. Un logro que nadie antes ha conseguido en este siglo y al que optará en caso de conquistar su primera victoria en la Corsa Rosa.\nEl esloveno tendrá un recorrido con protagonismo de la contrarreloj individual, y finales de etapa explosivos. Además, el paso por cimas míticas como el Mortirolo y el Stelvio a muchos kilómetros de meta, pueden favorecer a su explosividad. En total, tendrá cinco etapas de alta montaña, ocho de media montaña, seis llanas, y las dos cronos individuales.\nBajas importantes\nEn la prueba no estarán Jonas Vingegaard, Primoz Roglic (ganador el año pasado) o los belgas Wout van Aert y Remco Evenepoel. Por lo tanto, la nómina de candidatos se reduce a ciclistas experimentados como el colombiano Nairo Quintana, ganador en 2014 y líder del Movistar Team, o el ciclista británico Geraint Thomas, segundo el año pasado y campeón del Tour de Francia en 2018.\nEn la pelea por el podio aparecen en escena nombres como Ben O'Connor, Daniel Felipe Martínez, Cian Uijtdebroeks, Romain Bardet, Damiano Caruso, Antonio Tiberi y Juanpe López.\nLa carrera se podrá seguir en directo en ETB1 y eitb.eus.",
    "highlightText": "",
    "highlightTitle": "",
    "highlightThreadTitle": "",
    "language": "spanish",
    "sentiment": "positive",
    "categories": [
        "Human Interest",
        "Sport",
        "War, Conflict and Unrest"
    ],
    "webz_reporter": false,
    "external_links": [],
    "external_images": [],
    "entities": {
        "persons": [],
        "organizations": [],
        "locations": []
    },
    "rating": null,
    "crawled": "2024-05-03T20:52:31.354+03:00",
    "updated": "2024-05-03T20:52:31.354+03:00"
}