{
    "thread": {
        "uuid": "6d1c7cf27dc241ce8546d531125059045423ecdf",
        "url": "https://www.schooltube.com/agm-114-hellfire-precision-at-your-fingertips",
        "site_full": "www.schooltube.com",
        "site": "schooltube.com",
        "site_section": "https://www.schooltube.com/category/airplanes-space/",
        "site_categories": [],
        "section_title": null,
        "title": "AGM-114 Hellfire: Precision at Your Fingertips",
        "title_full": "AGM-114 Hellfire: Precision at Your Fingertips",
        "published": "2024-05-04T01:37:00.000+03:00",
        "replies_count": 0,
        "participants_count": 1,
        "site_type": "news",
        "country": "US",
        "main_image": "",
        "performance_score": 0,
        "domain_rank": 42154,
        "domain_rank_updated": "2024-04-30T13:08:01.000+03:00",
        "reach": null,
        "social": {
            "facebook": {
                "likes": 0,
                "comments": 0,
                "shares": 0
            },
            "gplus": {
                "shares": 0
            },
            "pinterest": {
                "shares": 0
            },
            "linkedin": {
                "shares": 0
            },
            "stumbledupon": {
                "shares": 0
            },
            "vk": {
                "shares": 0
            }
        }
    },
    "uuid": "6d1c7cf27dc241ce8546d531125059045423ecdf",
    "url": "https://www.schooltube.com/agm-114-hellfire-precision-at-your-fingertips",
    "ord_in_thread": 0,
    "parent_url": null,
    "author": "SchoolTube Community",
    "published": "2024-05-04T01:37:00.000+03:00",
    "title": "AGM-114 Hellfire: Precision at Your Fingertips",
    "text": "Title: Unleashing Precision: Exploring the AGM-114 Hellfire Missile\nIntroduction:\nIn the realm of modern warfare, precision and accuracy are paramount. Among the most formidable weapons in this regard is the AGM-114 Hellfire missile, a marvel of engineering employed by the United States armed forces and several other nations. This blog delves into the intricacies of the Hellfire missile, its variants, platforms, and the revolutionary R9X Ninja variant, while also examining potential successors to this legendary weapon.\nThe AGM-114 Hellfire: A Legacy of Precision Since its inception in the 1980s, the AGM-114 Hellfire missile has proven its mettle in numerous conflicts, including the Gulf War, Iraq War, and War in Afghanistan. This air-to-ground missile is meticulously designed to engage and eliminate a diverse range of targets, including armored vehicles, fortified structures, and enemy personnel.\nThe Hellfire missile’s effectiveness stems from its precision-guided technology, which enables it to strike targets with pinpoint accuracy. This capability is particularly crucial in modern warfare, where minimizing collateral damage and civilian casualties is of utmost importance.\nThe AGM-114 Family of Missiles The AGM-114 Hellfire missile encompasses a family of variants, each tailored to specific mission requirements. These variants include:\nAGM-114A: The original Hellfire missile, designed primarily for anti-tank warfare. AGM-114B: An improved version of the AGM-114A, featuring enhanced range and guidance systems. AGM-114C: A variant optimized for engaging targets in urban environments, with reduced collateral damage. AGM-114D: A long-range variant with a range of over 8 kilometers. AGM-114E: A bunker-buster variant designed to penetrate fortified structures. AGM-114F: A variant equipped with a tandem warhead for increased armor penetration. AGM-114G: A laser-guided variant with improved accuracy. AGM-114H: A variant equipped with a radar seeker for all-weather operations. AGM-114J: A variant with a semi-active laser seeker for increased precision. AGM-114K: A variant with a millimeter-wave seeker for enhanced target discrimination. Platforms for Hellfire Missile Deployment The versatility of the Hellfire missile is further enhanced by its compatibility with various platforms, including:\nHelicopters: Hellfire missiles are commonly launched from attack helicopters, such as the AH-64 Apache and AH-1 Cobra. Unmanned Aerial Vehicles (UAVs): Hellfire missiles can be deployed from UAVs, such as the MQ-1 Predator and MQ-9 Reaper, providing extended reach and reduced risk to human pilots. Fixed-Wing Aircraft: Certain fixed-wing aircraft, such as the A-10 Thunderbolt II and F-16 Fighting Falcon, are also capable of launching Hellfire missiles. The Hellfire R9X Ninja Missile: A Game-Changer Among the most remarkable variants of the Hellfire missile is the R9X Ninja missile, shrouded in secrecy and speculation. This variant is believed to employ a kinetic warhead, eliminating the need for explosives and minimizing collateral damage. The R9X Ninja missile has been reportedly used in targeted strikes against high-value targets, demonstrating its surgical precision.\nThe Future of the Hellfire Missile As technology continues to advance, the AGM-114 Hellfire missile is also undergoing modernization efforts. The United States military is exploring potential replacements for the Hellfire missile, seeking enhanced capabilities and improved performance. Some concepts include hypersonic missiles, directed energy weapons, and autonomous drone swarms.\nConclusion:\nThe AGM-114 Hellfire missile stands as a testament to the ingenuity and technological prowess of modern warfare. Its precision, versatility, and adaptability have made it a formidable weapon in the hands of the United States and its allies. As the future of warfare evolves, the Hellfire missile and its successors will continue to play a pivotal role in shaping the battlefield.",
    "highlightText": "",
    "highlightTitle": "",
    "highlightThreadTitle": "",
    "language": "english",
    "sentiment": "positive",
    "categories": [
        "War, Conflict and Unrest",
        "Science and Technology"
    ],
    "webz_reporter": false,
    "external_links": [
        "https://www.youtube.com/embed/_sg7rmSgPb8?feature=oembed",
        "https://www.youtube.com/embed/_sg7rmSgPb8",
        "https://youtube.com/embed/_sg7rmSgPb8?feature=oembed"
    ],
    "external_images": [],
    "entities": {
        "persons": [],
        "organizations": [
            {
                "name": "agm",
                "sentiment": "negative"
            }
        ],
        "locations": [
            {
                "name": "afghanistan",
                "sentiment": "none"
            },
            {
                "name": "united states",
                "sentiment": "none"
            },
            {
                "name": "iraq",
                "sentiment": "none"
            }
        ]
    },
    "rating": null,
    "crawled": "2024-05-04T01:47:07.205+03:00",
    "updated": "2024-05-04T01:47:07.205+03:00"
}