{
    "thread": {
        "uuid": "a542cc1cd669cca02dc15b8db5feec9094949d88",
        "url": "https://www.thestar.com.my/aseanplus/aseanplus-news/2024/05/04/039so-much-sweat-and-blood039-vietnamese-veterans-recall-historic-battle-victory-at-dien-bien-phu",
        "site_full": "www.thestar.com.my",
        "site": "thestar.com.my",
        "site_section": "https://www.thestar.com.my/",
        "site_categories": [
            "media",
            "top_news"
        ],
        "section_title": "The Star | Malaysia News: National, Regional and World News",
        "title": "'So much sweat and blood': Vietnamese veterans recall historic battle victory at Dien Bien Phu | The Star",
        "title_full": "'So much sweat and blood': Vietnamese veterans recall historic battle victory at Dien Bien Phu | The Star",
        "published": "2024-05-04T13:07:00.000+03:00",
        "replies_count": 0,
        "participants_count": 1,
        "site_type": "news",
        "country": "MY",
        "main_image": "https://apicms.thestar.com.my/uploads/images/2024/05/04/2677159.jpg",
        "performance_score": 0,
        "domain_rank": 2242,
        "domain_rank_updated": "2024-04-30T13:07:54.000+03:00",
        "reach": null,
        "social": {
            "facebook": {
                "likes": 0,
                "comments": 0,
                "shares": 0
            },
            "gplus": {
                "shares": 0
            },
            "pinterest": {
                "shares": 0
            },
            "linkedin": {
                "shares": 0
            },
            "stumbledupon": {
                "shares": 0
            },
            "vk": {
                "shares": 0
            }
        }
    },
    "uuid": "a542cc1cd669cca02dc15b8db5feec9094949d88",
    "url": "https://www.thestar.com.my/aseanplus/aseanplus-news/2024/05/04/039so-much-sweat-and-blood039-vietnamese-veterans-recall-historic-battle-victory-at-dien-bien-phu",
    "ord_in_thread": 0,
    "parent_url": null,
    "author": "Tran Thi Minh Ha",
    "published": "2024-05-04T13:07:00.000+03:00",
    "title": "'So much sweat and blood': Vietnamese veterans recall historic battle victory at Dien Bien Phu | The Star",
    "text": "HANOI (AFP): Ninety-six-year-old Hoang Vinh proudly shows off a metal badge picturing a communist soldier holding a rifle, a reminder of the battle he fought in Vietnam's Dien Bien Phu to push out French colonisers.\nVinh is one of the few surviving veterans of the battle in Vietnam's northwestern hills, which unfolded over eight weeks in 1954 and ended in a decisive victory for the Viet Minh that ultimately brought an end to the French empire in Indochina.\n\"So much sweat and blood, so much sacrifice and hardship for a badge like this,\" Vinh told AFP from his central Hanoi apartment, where photos of late president Ho Chi Minh were displayed in a glass-fronted cupboard.\nVinh enlisted when he was only 19 years old and without knowing he would spend a large chunk of his working life in combat, fighting first the French and then the United States until the early 1970s.\n\"As a young man, I joined the army to fight the French because they invaded our country, our home,\" Vinh said as Vietnam and France prepared to commemorate the 70th anniversary of the battle.\n\"I found the right path to contribute to my country's independence. I have no regrets, no questions on what happened.\"\nVinh was part of an anti-aircraft gun regiment which, together with the infantry, brought down 62 French aircraft during the campaign that ended on May 7, 1954.\nThe Dien Bien Phu badge, emblazoned with the red military flag of Vietnam, was given to all those involved in the 56-day campaign.\nAS IT IS TODAY ... A woman holds an umbrella to protect herself from the sun while tending to buffalo next to a rice paddy field in Vietnam's Dien Bien province on Saturday, May 4, 2024. - AFP\n- 'No one complained' -\nHo Chi Minh proclaimed national independence in 1945, prompting a lengthy resistance campaign against French colonialists.\nHis Viet Minh forces then made what Vietnam terms a \"strategic decision\" in late 1953 to eliminate France's biggest defence stronghold in Indochina, Dien Bien Phu, appointing general Vo Nguyen Giap as commander in chief of its largest military campaign.\nSoldiers, civilian volunteers and frontline workers were mobilised to transport weapons, artillery and other crucial supplies through jungles and across mountains to reach the remote battle site near the border with Laos.\nNgo Thi Ngoc Diep, aged just 17 and from Hanoi, was given the \"precious opportunity\" to march through the night for several weeks with soldiers, carrying five kilograms (11 pounds) of rice and a shovel.\nShe moved only in darkness, between 5 pm and 2 am each day, to avoid being seen by the enemy.\n\"My task was to talk, crack jokes and keep up the spirits of the soldiers,\" Diep, now 86, told AFP.\nBetween marches, \"we sang, danced or performed role plays, using mostly patriotic and traditional folk themes\", said Diep, wearing her military uniform and playing a homemade musical instrument built from the lids of cigarette lighters -- a replica of one she used at the time.\n\"We did not have enough to eat, not enough warm clothes to wear, not enough blankets, and we slept on rice straw,\" Vinh recalled.\n\"But no one complained. We talked and sang to cheer ourselves up. It was really fun.\"\nAround 55,000 people, most drawn from Vietnam's elite forces, were directly involved in the fighting, according to official figures.\nAnother 260,000 people helped with logistics, including walking 21,000 bicycles loaded with rice, salt, oil and weapons to Dien Bien Phu.\n- Bodies scattered -\nVietnam says 10,000 soldiers and civilians were killed or went missing fighting for the \"earthshaking\" victory.\nFrance says 3,000 of their troops were killed in the battle.\nVinh recalled the moment a bomb hit his camp close to Dien Bien Phu.\n\"I saw my comrades killed on the spot, their bodies scattered on tree branches,\" he said. \"I hated those that took the lives of my fellow soldiers.\"\nThe memories of those bloody months live on for him and Diep, who both survived without a scratch.\nEach has visited France with their families, but Vinh said he did not tell anyone about the battle while he was there.\n\"Though I am proud of my life, I am no hero. I just performed my service as a military man for my country, an ordinary mission with nothing to show off about, even towards the French.\"\nGiven the chance, Diep said she would like to shake hands with French war veterans.\n\"We can never forget history, but we should close the past. The painful chapters should be left behind us,\" Diep said.\n\"We are friends.\" - AFP\nOpen Modal ×",
    "highlightText": "",
    "highlightTitle": "",
    "highlightThreadTitle": "",
    "language": "english",
    "sentiment": "positive",
    "categories": [
        "War, Conflict and Unrest",
        "Human Interest"
    ],
    "webz_reporter": false,
    "external_links": [],
    "external_images": [],
    "entities": {
        "persons": [
            {
                "name": "hoang vinh",
                "sentiment": "negative"
            },
            {
                "name": "vinh",
                "sentiment": "none"
            },
            {
                "name": "ho chi minh",
                "sentiment": "none"
            },
            {
                "name": "dien bien phu",
                "sentiment": "none"
            }
        ],
        "organizations": [
            {
                "name": "dien bien phu",
                "sentiment": "negative"
            },
            {
                "name": "afp",
                "sentiment": "none"
            }
        ],
        "locations": [
            {
                "name": "hanoi",
                "sentiment": "none"
            },
            {
                "name": "vietnam",
                "sentiment": "none"
            },
            {
                "name": "united states",
                "sentiment": "none"
            },
            {
                "name": "indochina",
                "sentiment": "none"
            },
            {
                "name": "hanoi",
                "sentiment": "none"
            },
            {
                "name": "france",
                "sentiment": "none"
            }
        ]
    },
    "rating": null,
    "crawled": "2024-05-04T13:58:32.105+03:00",
    "updated": "2024-05-04T13:58:32.105+03:00"
}