{
    "thread": {
        "uuid": "8d87ba7a82f5e8dae78143bd4ea7b8aea4615d48",
        "url": "https://starlocalmedia.com/online_features/community_cares/historic-agreement-signed-by-red-cross-and-armed-forces/article_087b6db2-a009-5103-b888-ea5920fb6012.html",
        "site_full": "starlocalmedia.com",
        "site": "starlocalmedia.com",
        "site_section": "http://starlocalmedia.com/search/?q=&t=article&l=25&d=&d1=&d2=&s=start_time&sd=desc&c[]=online_features/health_and_wellness*&f=rss",
        "site_categories": [
            "media",
            "football",
            "sports"
        ],
        "section_title": "starlocalmedia.com - RSS Results in online_features/health_and_wellness* of type article",
        "title": "Historic Agreement Signed By Red Cross and Armed Forces",
        "title_full": "Historic Agreement Signed By Red Cross and Armed Forces",
        "published": "2024-05-03T14:54:00.000+03:00",
        "replies_count": 0,
        "participants_count": 1,
        "site_type": "news",
        "country": "US",
        "main_image": "https://bloximages.chicago2.vip.townnews.com/starlocalmedia.com/content/tncms/assets/v3/editorial/5/ae/5aee5467-d6ce-5c59-acf1-5aa801f0127a/6635e5b9b17fa.image.jpg?crop=613%2C322%2C0%2C438&amp;resize=613%2C322&amp;order=crop%2Cresize",
        "performance_score": 0,
        "domain_rank": 35411,
        "domain_rank_updated": "2024-04-30T13:07:54.000+03:00",
        "reach": null,
        "social": {
            "facebook": {
                "likes": 0,
                "comments": 0,
                "shares": 0
            },
            "gplus": {
                "shares": 0
            },
            "pinterest": {
                "shares": 0
            },
            "linkedin": {
                "shares": 0
            },
            "stumbledupon": {
                "shares": 0
            },
            "vk": {
                "shares": 0
            }
        }
    },
    "uuid": "8d87ba7a82f5e8dae78143bd4ea7b8aea4615d48",
    "url": "https://starlocalmedia.com/online_features/community_cares/historic-agreement-signed-by-red-cross-and-armed-forces/article_087b6db2-a009-5103-b888-ea5920fb6012.html",
    "ord_in_thread": 0,
    "parent_url": null,
    "author": "My Account",
    "published": "2024-05-03T14:54:00.000+03:00",
    "title": "Historic Agreement Signed By Red Cross and Armed Forces",
    "text": "(NAPSI)—Good news for American military members and their families: A new program aims to provide emergency communications briefings to 100% of military recruits.\nkA 4=2DDlQA`Qm k^Am\nkA 4=2DDlQA`Qm%96 p>6C:42? #65 rC@DD[ 2=@?8D:56 E96 &?:E65 $E2E6D |:=:E2CJ t?EC2?46 !C@46DD:?8 r@>>2?5[ D:8?65 2 9:DE@C:4 |6>@C2?5F> @7 &?56CDE2?5:?8 W|~&X E@ AC6D6?E E96 #65 rC@DD t>6C86?4J r@>>F?:42E:@? 3C:67 E@ 2== ?6H >:=:E2CJ C64CF:ED]k^Am\nkA 4=2DDlQA`Qm k^Am\nkA 4=2DDlQA`Qm k^Am\nkA 4=2DDlQAaQmkDEC@?8m(92E :E |62?Dk^DEC@?8mk^Am\nkA 4=2DDlQAaQm k^Am\nkA 4=2DDlQAaQm k^Am\nkA 4=2DDlQA`Qm“u@C 564256D[ E96 p>6C:42? #65 rC@DD 92D AC@G:565 D6CG:46D E@ 2AA=:42?ED 2E |:=:E2CJ t?EC2?46 !C@46DD:?8 $E2E:@?D E9C@F89@FE E96 ?2E:@?[” D2:5 r@=@?6= |682? q] $E2==:?8D[ r@>>2?56C[ &]$] |:=:E2CJ t?EC2?46 !C@46DD:?8 r@>>2?5] “pE @FC DE2E:@?D[ G@=F?E66CD AC@G:56 :?7@C>2E:@? E92E 4@F=5 36 4C:E:42= E@ 2AA=:42?ED 2?5 72>:=:6D :? 2? 6>6C86?4J] xE H2D 2 A=62DFC6 E@ >66E H:E9 sC] y@C52? 2?5 5:D4FDD @FC |6>@C2?5F> @7 &?56CDE2?5:?8]”k^Am\nkA 4=2DDlQA`Qm k^Am\nkA 4=2DDlQA`Qm k^Am\nkA 4=2DDlQA`Qm%96 #65 rC@DD EC25:E:@?2==J 92D G@=F?E66CD H9@ 8@ E@ 2 |:=:E2CJ !C@46DD:?8 t?EC2?46 $E2E:@? W|t!$X 2?5 >66E H:E9 C64CF:ED H9@ 92G6 C646?E=J E2<6? E96 @2E9 @7 6?=:DE>6?E] %96 C64CF:ED 2C6 AC6A2C:?8 E@ D9:A E@ 32D:4 EC2:?:?8[ 32D65 @? E96:C 3C2?49[ 2== @G6C E96 4@F?ECJ]k^Am\nkA 4=2DDlQA`Qm k^Am\nkA 4=2DDlQA`Qm k^Am\nkA 4=2DDlQA`QmkDA2? 4=2DDlQD`Qm“%96 |t!$ 4@>>2?5 :D 4@>>:EE65 E@ D6EE:?8 E96 6IA64E2E:@? H:E9 2== ee |t!$ DE2E:@?D E@ AC6D6?E E96 #65 rC@DD 3C:67 E@ `__T @7 D9:AA6CD[” D2:5 sC] |:4926= y@C52?[ ':46 !C6D:56?E @7 $6CG:46 E@ E96 pC>65 u@C46D 2?5 x?E6C?2E:@?2= $6CG:46D 2E E96 p>6C:42? #65 rC@DD] “xE’D 2 3@=5 2?5 6IEC2@C5:?2CJ 4@>>:E>6?E E92E H:== 36?67:E 2== ?6H C64CF:ED]”k^DA2?mk^Am\nkA 4=2DDlQA`QmkDA2? 4=2DDlQD`Qm k^DA2?mk^Am\nkA 4=2DDlQA`QmkDA2? 4=2DDlQD`Qm k^DA2?mk^Am\nkA 4=2DDlQA`QmkDA2? 4=2DDlQD`Qm%9C@F89 E96 #65 rC@DD “v6E %@ z?@H &D q67@C6 *@F }665 &D” AC@8C2>[ ?6H 6?=:DE66D 2?5 E96:C 72>:=:6D 2C6 23=6 E@ 2D< BF6DE:@?D 23@FE >:=:E2CJ 72>:=J =:76 2?5 =62C? 9@H #65 rC@DD D6CG:46D 42? 96=A 367@C6[ 5FC:?8 2?5 27E6C 56A=@J>6?E]kDA2? 4=2DDlQpAA=6\\4@?G6CE65\\DA246Qm k^DA2?mk^DA2?mk^Am\nkA 4=2DDlQA`QmkDA2? 4=2DDlQD`Qm k^DA2?mk^Am\nkA 4=2DDlQA`QmkDA2? 4=2DDlQD`Qm k^DA2?mk^Am\nkA 4=2DDlQA`Qm~?6 @7 E96 >2?J H2JD E96 p>6C:42? #65 rC@DD DFAA@CED &]$] D6CG:46 >6>36CD :D E9C@F89 E96 w6C@ r2C6 r6?E6C] x? E:>6D @7 6>6C86?4J[ E96 #65 rC@DD 96=AD >:=:E2CJ 72>:=:6D 4@>>F?:42E6 H:E9 E96:C =@G65 @?6D E9C@F89 E96 w6C@ r2C6 }6EH@C<[ 2G2:=23=6 ac 9@FCD 2 52J @?=:?6[ 3J A9@?6 2?5 E9C@F89 E96 >@3:=6 2AA]k^Am\nkA 4=2DDlQA`Qm k^Am\nkA 4=2DDlQA`Qm k^Am\nkA 4=2DDlQA`Qm“(6 D92C6 :?7@C>2E:@? E92E 32D:42==J D2JD[ ‘:7 J@FC 72>:=J 92D 2? 6>6C86?4J[ @C :7 J@F 92G6 2? 6>6C86?4J[ J@F 3@E9 ?665 E@ <?@H 9@H E@ 42== E96 #65 rC@DD 2?5 :?:E:2E6 t>6C86?4J r@>>F?:42E:@?[’” D2:5 y@D9F2 r2:?[ s:C64E@C @7 $6CG:46 E@ E96 pC>65 u@C46D 2?5 x?E6C?2E:@?2= $6CG:46D 2E E96 #65 rC@DD 2?5 pC>J '6E6C2?] “%96 D:8?:?8 @7 E96 |~& 8:G6D FD DFDE2:?23:=:EJ 7@C E9:D AC@8C2> 7@C J62CD E@ 4@>6 2?5 96=AD FD 86E >:=:E2CJ 72>:=:6D E96 DFAA@CE E96J ?665]”k^Am\nkA 4=2DDlQA`Qm k^Am\nkA 4=2DDlQA`Qm k^Am\nkA 4=2DDlQA`Qmr2:? D6CG65 :? E96 pC>J 2D 2 >65:4[ H@C<:?8 2=@?8D:56 >65:42= AC@76DD:@?2=D 2?5 #65 rC@DD G@=F?E66CD 2E >:=:E2CJ 9@DA:E2=D] q67@C6 D9:AA:?8 E@ 32D:4 EC2:?:?8[ r2:? C646:G65 E96 #65 rC@DD t>6C86?4J r@>>F?:42E:@?D 3C:67 2E E96 |t!$ D:E6 :? u@CE |6256[ |2CJ=2?5 2=@?8D:56 9:D 72E96C H9@ C66?=:DE65 27E6C E96 h^`` E6CC@C:DE 2EE24<D]k^Am\nkA 4=2DDlQA`Qm k^Am\nkA 4=2DDlQA`Qm k^Am\nkA 4=2DDlQA`QmkDA2? 4=2DDlQDaQm“(6 H6?E E@ u@CE y24<D@?[ $@FE9 r2C@=:?2 7@C 32D:4 EC2:?:?8] xE H2D :?E6?D6[” r2:? D2:5] “(96? H6 2CC:G65 E@ 32D:4 EC2:?:?8[ E96J 82G6 FD 2 h_\\D64@?5 42== E@ @FC A2C6?ED 2?5 D2:5 E@ E6== E96> E92E :7 E96C6’D 2? 6>6C86?4J[ E@ 42== E96 #65 rC@DD]”k^DA2?mk^Am\nkA 4=2DDlQA`QmkDA2? 4=2DDlQDaQm k^DA2?mk^Am\nkA 4=2DDlQA`QmkDA2? 4=2DDlQDaQm k^DA2?mk^Am\nkA 4=2DDlQA`Qmp=@?8 H:E9 #65 rC@DD t>6C86?4J r@>>F?:42E:@?D 3C:67:?8D[ #65 rC@DD $6CG:46 E@ E96 pC>65 u@C46D 92D :?:E:2E65 D<:==\\3F:=5:?8 2?5 H6==?6DD H@C<D9@AD 2E |t!$ D:E6D] %96 AC@8C2>D 2C6 56D:8?65 E@ 3C:?8 H6==?6DD E@ E96 DE277 2E E96 D:E6D[ >2?J @7 H9@> 2C6 G6E6C2?D @C 72>:=J >6>36CD @7 G6E6C2?D]k^Am\nkA 4=2DDlQA`Qm k^Am\nkA 4=2DDlQA`Qm k^Am\nkA 4=2DDlQA`Qm“#64CF:ED 5@?’E <?@H H92E 4@>>F?:42E:@? H:== =@@< =:<6 H9:=6 E96J 2C6 :? 32D:4 EC2:?:?8 @C H9:=6 D6CG:?8[” r2:? D2:5] “%96 #65 rC@DD 3C:586D E92E 82A E92E D2JD[ ‘xE 5@6D?’E >2EE6C H96C6 J@F 8@[ J@FC 72>:=J H:== 36 23=6 E@ 86E :? E@F49 H:E9 J@F 5FC:?8 2? 6>6C86?4J 3642FD6 @7 E96 #65 rC@DD]’”k^Am\nkA 4=2DDlQA`Qm k^Am\nkA 4=2DDlQA`Qm k^Am\nkA 4=2DDlQAaQmkDEC@?8m{62C? |@C6k^DEC@?8mk^Am\nkA 4=2DDlQAaQm k^Am\nkA 4=2DDlQAaQm k^Am\nkA 4=2DDlQA`QmkDA2? 4=2DDlQDbQm%@ 7:?5 @FE >@C6 23@FE 9@H E96 #65 rC@DD 96=AD >6>36CD @7 E96 >:=:E2CJ[ G6E6C2?D 2?5 E96:C 72>:=:6D AC6A2C6 7@C[ 4@A6 H:E9[ 2?5 C6DA@?5 E@[ E96 492==6?86D @7 >:=:E2CJ D6CG:46 G:D:E k2 9C67lQ9EEAi^^HHH]C654C@DD]@C8Q C6=lQ?@@A6?6CQ E2C86ElQ03=2?<QmHHH]C654C@DD]@C8k^2m]k^DA2?mk^Am\nkA 4=2DDlQA`QmkDA2? 4=2DDlQDbQm k^DA2?mk^Am\nkA 4=2DDlQA`QmkDA2? 4=2DDlQDbQm k^DA2?mk^Am\nkA 4=2DDlQAbQmkDEC@?8mp3@FE E96 p>6C:42? #65 rC@DDk^DEC@?8mk^Am\nkA 4=2DDlQAbQm k^Am\nkA 4=2DDlQAbQm k^Am\nkA 4=2DDlQAbQmkDA2? 4=2DDlQDbQmk6>m%96 p>6C:42? #65 rC@DD D96=E6CD[ 7665D 2?5 AC@G:56D 4@>7@CE E@ G:4E:>D @7 5:D2DE6CDj DFAA=:6D 23@FE c_T @7 E96 ?2E:@?’D 3=@@5j E62496D D<:==D E92E D2G6 =:G6Dj 5:DEC:3FE6D :?E6C?2E:@?2= 9F>2?:E2C:2? 2:5j 2?5 DFAA@CED G6E6C2?D[ >:=:E2CJ >6>36CD 2?5 E96:C 72>:=:6D] %96 #65 rC@DD :D 2 ?@?AC@7:E @C82?:K2E:@? E92E 56A6?5D @? G@=F?E66CD 2?5 E96 86?6C@D:EJ @7 E96 p>6C:42? AF3=:4 E@ 56=:G6C :ED >:DD:@?] u@C >@C6 :?7@C>2E:@?[ G:D:E k2 9C67lQ9EEAi^^C654C@DD]@C8Q C6=lQ?@@A6?6CQ E2C86ElQ03=2?<QmC654C@DD]@C8k^2m @C k2 9C67lQ9EEAi^^rCFK#@;2p>6C:42?2]@C8Q C6=lQ?@@A6?6CQ E2C86ElQ03=2?<QmrCFK#@;2p>6C:42?2]@C8k^2m[ @C 7@==@H :E @? D@4:2= >65:2]k^6>mk^DA2?mk^Am\nkA 4=2DDlQAbQm k^Am\nk5:G 4=2DDlQ4=:4<\\E@\\EH66EQmkDA2? 4=2DDlQEH66E\\3FEE@?Qmk2 9C67lQ9EEADi^^EH:EE6C]4@>^:?E6?E^EH66EnE6IElTtaTg_Thru@CTa_564256DTarTa_E96Ta_p>6C:42?Ta_#65Ta_rC@DDTa_92DTa_AC@G:565Ta_D6CG:46DTa_E@Ta_2AA=:42?EDTa_2ETa_|:=:E2CJTa_t?EC2?46Ta_!C@46DD:?8Ta_$E2E:@?DTa_E9C@F89@FETa_E96Ta_?2E:@?TarTtaTg_ThsTa_D2:5Ta_r@=@?6=Ta_|682?Ta_q]Ta_$E2==:?8DTarTa_r@>>2?56CTarTa_&]$]Ta_|:=:E2CJTa_t?EC2?46Ta_!C@46DD:?8Ta_r@>>2?5]U2>Aj@C:8:?2=0C676C6Cl9EEADi^^4=:4<E@EH66E]4@>U2>AjC6=2E65l4=:4<E@EH66EQ E2C86ElQ?6HQmk:>8 4=2DDlQEH:EE6C\\3FEE@?Q DC4lQ9EEADi^^HHH]>J?6HDE@FD6]4@>^:>286D^4=:4<E@EH66E];A68Q 96:89ElQa_Q ^m k^2mk^DA2?mkDA2? 4=2DDlQ4@AJQmQ“u@C 564256D[ E96 p>6C:42? #65 rC@DD 92D AC@G:565 D6CG:46D E@ 2AA=:42?ED 2E |:=:E2CJ t?EC2?46 !C@46DD:?8 $E2E:@?D E9C@F89@FE E96 ?2E:@?[” D2:5 r@=@?6= |682? q] $E2==:?8D[ r@>>2?56C[ &]$] |:=:E2CJ t?EC2?46 !C@46DD:?8 r@>>2?5]Qk^DA2?mk^5:Gm\nkAmkDA2? 4=2DDlQ4@AJQm k^DA2?mk^Am\nk5:G :5lQD3\\4@?E2:?6C @?\\=67EQ 4=2DDlQ}@?!C:?E23=6Qm k^5:Gm",
    "highlightText": "",
    "highlightTitle": "",
    "highlightThreadTitle": "",
    "language": "english",
    "sentiment": "positive",
    "categories": [
        "War, Conflict and Unrest",
        "Human Interest",
        "Disaster and Accident"
    ],
    "webz_reporter": false,
    "external_links": [],
    "external_images": [],
    "entities": {
        "persons": [],
        "organizations": [
            {
                "name": "red cross and armed forces",
                "sentiment": "negative"
            }
        ],
        "locations": []
    },
    "rating": null,
    "crawled": "2024-05-04T11:22:06.054+03:00",
    "updated": "2024-05-04T11:22:06.054+03:00"
}