{
    "thread": {
        "uuid": "409af14798057567fe8222f89f8bbfe2b002cde7",
        "url": "https://news.ava360.com/good-news-for-palestine-peoples-army-chief-big-announcement-middle-east-conflict-dunya-news_c0ced7093.html",
        "site_full": "news.ava360.com",
        "site": "ava360.com",
        "site_section": "https://news.ava360.com/rss.php",
        "site_categories": [],
        "section_title": "AVA 360 News | Latest Worldwide Media News - RSS Feed",
        "title": "Good News For Palestine Peoples! Army Chief Big Announcement | Middle East Conflict | Dunya News",
        "title_full": "Good News For Palestine Peoples! Army Chief Big Announcement | Middle East Conflict | Dunya News",
        "published": "2024-05-03T01:00:00.000+03:00",
        "replies_count": 0,
        "participants_count": 1,
        "site_type": "news",
        "country": "US",
        "main_image": "https://i.ytimg.com/vi/eRgWBL0YmsM/0.jpg",
        "performance_score": 0,
        "domain_rank": 51171,
        "domain_rank_updated": "2024-04-30T13:08:01.000+03:00",
        "reach": null,
        "social": {
            "facebook": {
                "likes": 0,
                "comments": 0,
                "shares": 0
            },
            "gplus": {
                "shares": 0
            },
            "pinterest": {
                "shares": 0
            },
            "linkedin": {
                "shares": 0
            },
            "stumbledupon": {
                "shares": 0
            },
            "vk": {
                "shares": 0
            }
        }
    },
    "uuid": "409af14798057567fe8222f89f8bbfe2b002cde7",
    "url": "https://news.ava360.com/good-news-for-palestine-peoples-army-chief-big-announcement-middle-east-conflict-dunya-news_c0ced7093.html",
    "ord_in_thread": 0,
    "parent_url": null,
    "author": "Ava",
    "published": "2024-05-03T01:00:00.000+03:00",
    "title": "Good News For Palestine Peoples! Army Chief Big Announcement | Middle East Conflict | Dunya News",
    "text": "#asimmunir #armychief #pakarmy\nCOAS Army Chief Gen Syed Asim Munir Warns to Everyone | First Historical Speech | Dunya News\nWelcome to the official channel of Dunya News. Pakistan’s Top News Network delivering the latest from around the globe.\nHome to some of the most popular Talk Shows and Journalists such as Hasb e Haal, Mazaaq Raat, Dunya Kamran Khan Kay Sath, On The Front With Kamran Shahid, Think Tank, Ikhtalafi Note and, more.\nJoin our News Alert Group for the Latest Updates: WhatsApp Group Link\nDunya News Live Stream\nhttps://dunyanews.tv/live\nFollow Our Facebook Page: https://www.facebook.com/dunyanews\nFollow our Twitter Page: https://twitter.com/dunyanews\nCOAS Army Chief Gen Syed Asim Munir Warns to Everyone | First Historical Speech | Dunya News\nWelcome to the official channel of Dunya News. Pakistan’s Top News Network delivering the latest from around the globe.\nHome to some of the most popular Talk Shows and Journalists such as Hasb e Haal, Mazaaq Raat, Dunya Kamran Khan Kay Sath, On The Front With Kamran Shahid, Think Tank, Ikhtalafi Note and, more.\nJoin our News Alert Group for the Latest Updates: WhatsApp Group Link\nDunya News Live Stream\nhttps://dunyanews.tv/live\nFollow Our Facebook Page: https://www.facebook.com/dunyanews\nFollow our Twitter Page: https://twitter.com/dunyanews\n- Category\nAsia\n- Tags\nDunya News, Dunya Tv, Dunya",
    "highlightText": "",
    "highlightTitle": "",
    "highlightThreadTitle": "",
    "language": "english",
    "sentiment": "positive",
    "categories": [
        "War, Conflict and Unrest"
    ],
    "webz_reporter": false,
    "external_links": [
        "https://www.facebook.com/dunyanews",
        "https://dunyanews.tv/live",
        "https://twitter.com/dunyanews",
        "https://www.dunyanews.tv/live",
        "https://facebook.com/dunyanews",
        "https://www.twitter.com/dunyanews"
    ],
    "external_images": [],
    "entities": {
        "persons": [
            {
                "name": "mazaaq raat",
                "sentiment": "none"
            },
            {
                "name": "dunya kamran khan kay sath",
                "sentiment": "none"
            },
            {
                "name": "kamran shahid",
                "sentiment": "none"
            }
        ],
        "organizations": [
            {
                "name": "army",
                "sentiment": "negative"
            },
            {
                "name": "dunya news",
                "sentiment": "none"
            },
            {
                "name": "news alert group",
                "sentiment": "none"
            },
            {
                "name": "dunya news welcome",
                "sentiment": "none"
            },
            {
                "name": "whatsapp group link dunya news live stream",
                "sentiment": "none"
            }
        ],
        "locations": [
            {
                "name": "pakistan",
                "sentiment": "none"
            }
        ]
    },
    "rating": null,
    "crawled": "2024-05-03T01:22:18.212+03:00",
    "updated": "2024-05-03T01:22:18.212+03:00"
}