{
    "thread": {
        "uuid": "0591bd1ea66c3f1a16dda3db6300a40109a8cc6d",
        "url": "https://www.sport.es/es/noticias/sociedad/unesco-otorga-premio-mundial-libertad-101867155",
        "site_full": "www.sport.es",
        "site": "sport.es",
        "site_section": "https://sport.es",
        "site_categories": [
            "world_soccer",
            "sports"
        ],
        "section_title": "SPORT | Noticias del Barça, La Liga, fútbol y otros deportes",
        "title": "La Unesco otorga el Premio Mundial a la Libertad de Prensa a los periodistas palestinos que informan desde Gaza | SPORT",
        "title_full": "La Unesco otorga el Premio Mundial a la Libertad de Prensa a los periodistas palestinos que informan desde Gaza | SPORT",
        "published": "2024-05-03T05:49:00.000+03:00",
        "replies_count": 0,
        "participants_count": 1,
        "site_type": "news",
        "country": "ES",
        "main_image": "https://estaticos-cdn.prensaiberica.es/clip/4f1313de-79f1-4648-9978-a22e52edd13a_16-9-discover-aspect-ratio_default_0.jpg",
        "performance_score": 0,
        "domain_rank": 6920,
        "domain_rank_updated": "2024-04-30T13:07:54.000+03:00",
        "reach": null,
        "social": {
            "facebook": {
                "likes": 0,
                "comments": 0,
                "shares": 0
            },
            "gplus": {
                "shares": 0
            },
            "pinterest": {
                "shares": 0
            },
            "linkedin": {
                "shares": 0
            },
            "stumbledupon": {
                "shares": 0
            },
            "vk": {
                "shares": 0
            }
        }
    },
    "uuid": "0591bd1ea66c3f1a16dda3db6300a40109a8cc6d",
    "url": "https://www.sport.es/es/noticias/sociedad/unesco-otorga-premio-mundial-libertad-101867155",
    "ord_in_thread": 0,
    "parent_url": null,
    "author": "EFE",
    "published": "2024-05-03T05:49:00.000+03:00",
    "title": "La Unesco otorga el Premio Mundial a la Libertad de Prensa a los periodistas palestinos que informan desde Gaza | SPORT",
    "text": "La Unesco otorga el Premio Mundial a la Libertad de Prensa a los periodistas palestinos que informan desde Gaza Desde el comienzo del conflicto el pasado octubre, han muerto al menos 26 periodistas y trabajadores de los medios de comunicación EFE La Organización de las Naciones Unidas para la Educación, la Ciencia y la Cultura ( [Unesco](/es/temas/unesco-1840502)) informó este jueves que concedió el Premio Mundial a la Libertad de Prensa Unesco/Guillermo Cano 2024 a los periodistas palestinos que cubren la guerra en la [Franja de Gaza](/es/temas/franja-de-gaza-1840329) por \"su valentía y su compromiso\". Desde que comenzó la ofensiva de Israel en el enclave palestino el pasado octubre, han muerto al menos 26 periodistas y trabajadores de los medios de comunicación en el ejercicio de su profesión mientras informaban sobre el conflicto, según la Unesco, que en un comunicado aseguró que está investigando decenas de casos más. \"En estos tiempos de oscuridad y desesperanza, queremos transmitir un firme mensaje de solidaridad y reconocimiento a los periodistas palestinos que están cubriendo esta crisis en circunstancias tan dramáticas\", dijo en un comunicado Mauricio Weibel, presidente del jurado internacional de profesionales de los medios de comunicación encargado de deliberar el galardón. \"Como humanidad, tenemos una enorme deuda con su valentía y su compromiso con la libertad de expresión\", añadió Weibel. El premio se entregará este jueves en una ceremonia en el Museo de Arte Contemporáneo, en Santiago, en el marco de la 31° Conferencia Mundial sobre la Libertad de Prensa que se celebra esta semana en Chile, y será recogido por un miembro del Sindicato de Periodistas Palestinos. El galardón fue creado en 1997 en honor al periodista colombiano Guillermo Cano, asesinado frente a las oficinas del periódico El Espectador en 1986, y rinde homenaje a una contribución excepcional a la defensa y/o promoción de la [libertad de prensa](/es/temas/libertad-de-prensa-1893498) en cualquier lugar del mundo. Es el único premio de este tipo que se concede a periodistas dentro del sistema de la ONU y está financiado por la Fundación Guillermo Cano Isaza (Colombia), la Fundación Helsingin Sanomat (Finlandia), Namibia Media Trust y la Fundación Democracy & Media Stichting Democratie & Media (Países Bajos) y la Fundación Thomson Reuters. \"Un año más, este premio nos recuerda la importancia del compromiso colectivo para garantizar que los periodistas de todo el mundo puedan seguir llevando a cabo su labor esencial de informar e investigar\", apuntó en el mismo comunicado la directora general de la Unesco, Audrey Azoulay. Desde el inicio del conflicto el 7 de octubre, las tropas israelíes han provocado la muerte de unas 35.000 personas, en su mayoría mujeres y niños. [RRSS WhatsApp](https://api.whatsapp.com/send?text=La%20Unesco%20otorga%20el%20Premio%20Mundial%20a%20la%20Libertad%20de%20Prensa%20a%20los%20periodistas%20palestinos%20que%20informan%20desde%20Gaza%20https://www.sport.es/es/noticias/sociedad/unesco-otorga-premio-mundial-libertad-101867155%3Futm_source%3Dwhatsapp%26utm_medium%3Dsocial%26utm_campaign%3Dbtn-share) [RRSS Facebook](https://www.facebook.com/sharer/sharer.php?u=https://www.sport.es/es/noticias/sociedad/unesco-otorga-premio-mundial-libertad-101867155%3Futm_source%3Dfacebook%26utm_medium%3Dsocial%26utm_campaign%3Dbtn-share) [RRSS Twitter](https://twitter.com/intent/tweet?original_referer=https://www.sport.es/es/noticias/sociedad/unesco-otorga-premio-mundial-libertad-101867155&text=La%20Unesco%20otorga%20el%20Premio%20Mundial%20a%20la%20Libertad%20de%20Prensa%20a%20los%20periodistas%20palestinos%20que%20informan%20desde%20Gaza%20%20https://www.sport.es/es/noticias/sociedad/unesco-otorga-premio-mundial-libertad-101867155%3Futm_source%3Dtwitter%26utm_medium%3Dsocial%26utm_campaign%3Dbtn-share%20a%20trav%C3%A9s%20de%20%40sport) [RRSS email](mailto:?subject=La%20Unesco%20otorga%20el%20Premio%20Mundial%20a%20la%20Libertad%20de%20Prensa%20a%20los%20periodistas%20palestinos%20que%20informan%20desde%20Gaza%20&body=https://www.sport.es/es/noticias/sociedad/unesco-otorga-premio-mundial-libertad-101867155%3Futm_source%3Dmail%26utm_medium%3Dsocial%26utm_campaign%3Dbtn-share) [Copiar URL](javascript: void(0)) [¡Bomba en el Bayern con la eliminatoria ante el Madrid en el aire!](https://www.sport.es/es/noticias/real-madrid/bomba-bayern-eliminatoria-madrid-dvs-101795435) [Las decisiones clave que debe tomar el Barça con la delantera](https://www.sport.es/es/noticias/barca/decisiones-clave-delantera-barca-dvs-101794212) [El increíble precio de las entradas para ver el Borussia Dortmund - PSG](https://www.sport.es/es/noticias/champions/increible-precio-entradas-ver-borussia-101818442) [La predicción de Gonzalo Bernardos sobre el recorte de las pensiones: \"Se aumentan los ingresos para que los jubilados...](https://www.sport.es/es/noticias/actualidad/prediccion-gonzalo-bernardos-recorte-pensiones-101799621) [La respuesta de una soltera de 'First Dates' tras la confesión de su cita: \"Me piro, o sea, hasta luego](https://www.sport.es/es/noticias/television/respuesta-soltera-first-dates-confesion-cita-dv-101737332) [Araujo: Decisión inminente de su futuro con el Barça](https://www.sport.es/es/noticias/barca/araujo-decision-inminente-futuro-barca-101798661) [Mbacke, ¿adiós al Barça?](https://www.sport.es/es/noticias/barca/mbacke-adios-barca-fc-barcelona-101786668) [Barcelona - Madrid CFF, en vivo hoy: partido de la Liga F](https://www.sport.es/es/directo/futbol-femenino-barca/barcelona-madrid-femenino-johan-directo-101426719/narracion)",
    "highlightText": "",
    "highlightTitle": "",
    "highlightThreadTitle": "",
    "language": "spanish",
    "sentiment": "positive",
    "categories": [
        "Politics",
        "Human Interest",
        "War, Conflict and Unrest"
    ],
    "webz_reporter": false,
    "external_links": [
        "https://api.whatsapp.com/send?text=La%20Unesco%20otorga%20el%20Premio%20Mundial%20a%20la%20Libertad%20de%20Prensa%20a%20los%20periodistas%20palestinos%20que%20informan%20desde%20Gaza%20https://www.sport.es/es/noticias/sociedad/unesco-otorga-premio-mundial-libertad-101867155%3Futm_source%3Dwhatsapp%26utm_medium%3Dsocial%26utm_campaign%3Dbtn-share)",
        "https://www.facebook.com/sharer/sharer.php?u=https://www.sport.es/es/noticias/sociedad/unesco-otorga-premio-mundial-libertad-101867155%3Futm_source%3Dfacebook%26utm_medium%3Dsocial%26utm_campaign%3Dbtn-share)",
        "https://twitter.com/intent/tweet?original_referer=https://www.sport.es/es/noticias/sociedad/unesco-otorga-premio-mundial-libertad-101867155&text=La%20Unesco%20otorga%20el%20Premio%20Mundial%20a%20la%20Libertad%20de%20Prensa%20a%20los%20periodistas%20palestinos%20que%20informan%20desde%20Gaza%20%20https://www.sport.es/es/noticias/sociedad/unesco-otorga-premio-mundial-libertad-101867155%3Futm_source%3Dtwitter%26utm_medium%3Dsocial%26utm_campaign%3Dbtn-share%20a%20trav%C3%A9s%20de%20%40sport)",
        "https://www.facebook.com/sharer/sharer.php",
        "https://api.whatsapp.com/send?text=La%20Unesco%20otorga%20el%20Premio%20Mundial%20a%20la%20Libertad%20de%20Prensa%20a%20los%20periodistas%20palestinos%20que%20informan%20desde%20Gaza%20https://sport.es/es/noticias/sociedad/unesco-otorga-premio-mundial-libertad-101867155%3Futm_source%3Dwhatsapp%26utm_medium%3Dsocial%26utm_campaign%3Dbtn-share)",
        "https://facebook.com/sharer/sharer.php?u=https://sport.es/es/noticias/sociedad/unesco-otorga-premio-mundial-libertad-101867155%3Futm_source%3Dfacebook%26utm_medium%3Dsocial%26utm_campaign%3Dbtn-share)",
        "https://api.whatsapp.com/send",
        "https://twitter.com/intent/tweet?original_referer=https://sport.es/es/noticias/sociedad/unesco-otorga-premio-mundial-libertad-101867155&text=La%20Unesco%20otorga%20el%20Premio%20Mundial%20a%20la%20Libertad%20de%20Prensa%20a%20los%20periodistas%20palestinos%20que%20informan%20desde%20Gaza%20%20https://sport.es/es/noticias/sociedad/unesco-otorga-premio-mundial-libertad-101867155%3Futm_source%3Dtwitter%26utm_medium%3Dsocial%26utm_campaign%3Dbtn-share%20a%20trav%C3%A9s%20de%20%40sport)",
        "https://twitter.com/intent/tweet"
    ],
    "external_images": [],
    "entities": {
        "persons": [],
        "organizations": [],
        "locations": []
    },
    "rating": null,
    "crawled": "2024-05-03T06:05:31.664+03:00",
    "updated": "2024-05-03T06:05:31.664+03:00"
}