{
    "thread": {
        "uuid": "4f6375e0e280a2e403985de37afc3990ce9def50",
        "url": "https://www.schooltube.com/stealth-bombers-undetectable-masters-of-the-skies",
        "site_full": "www.schooltube.com",
        "site": "schooltube.com",
        "site_section": "https://www.schooltube.com/category/airplanes-space/",
        "site_categories": [],
        "section_title": null,
        "title": "Stealth Bombers: Undetectable Masters of the Skies",
        "title_full": "Stealth Bombers: Undetectable Masters of the Skies",
        "published": "2024-05-04T01:35:00.000+03:00",
        "replies_count": 0,
        "participants_count": 1,
        "site_type": "news",
        "country": "US",
        "main_image": "",
        "performance_score": 0,
        "domain_rank": 42154,
        "domain_rank_updated": "2024-04-30T13:08:01.000+03:00",
        "reach": null,
        "social": {
            "facebook": {
                "likes": 0,
                "comments": 0,
                "shares": 0
            },
            "gplus": {
                "shares": 0
            },
            "pinterest": {
                "shares": 0
            },
            "linkedin": {
                "shares": 0
            },
            "stumbledupon": {
                "shares": 0
            },
            "vk": {
                "shares": 0
            }
        }
    },
    "uuid": "4f6375e0e280a2e403985de37afc3990ce9def50",
    "url": "https://www.schooltube.com/stealth-bombers-undetectable-masters-of-the-skies",
    "ord_in_thread": 0,
    "parent_url": null,
    "author": "SchoolTube Community",
    "published": "2024-05-04T01:35:00.000+03:00",
    "title": "Stealth Bombers: Undetectable Masters of the Skies",
    "text": "Stealth Bombers: The Ultimate Undetectable Weapon\nIn the realm of modern warfare, stealth technology has emerged as a game-changer, enabling military forces to operate with unprecedented levels of secrecy and precision. Among the most remarkable applications of stealth technology are stealth bombers, aircraft specifically designed to evade detection by radar, infrared, visible light, radio frequency spectrum, and audio.\nUnveiling the Secrets of Stealth\nStealth bombers employ a combination of advanced technologies to achieve their remarkable ability to avoid detection. These technologies include:\nShape and Design: Stealth bombers feature unique shapes and designs that minimize their radar cross-section, making them difficult to detect by radar systems. Radar-Absorbing Materials: The surfaces of stealth bombers are coated with radar-absorbing materials that help absorb and dissipate radar waves, further reducing their detectability. Engine Design: Stealth bombers are equipped with specially designed engines that minimize the emission of heat and noise, making them harder to detect by infrared and acoustic sensors. Electronic Countermeasures: Stealth bombers employ advanced electronic countermeasures to jam and deceive enemy radar systems, further enhancing their ability to remain undetected. The Advantages of Stealth\nThe ability to evade detection provides stealth bombers with a significant advantage in modern warfare. These advantages include:\nIncreased Survivability: Stealth bombers are less likely to be detected and shot down by enemy defenses, increasing their chances of survival in hostile environments. Enhanced Mission Effectiveness: Stealth bombers can penetrate deep into enemy territory without being detected, allowing them to carry out missions with greater precision and effectiveness. Strategic Deterrence: The possession of stealth bombers can serve as a powerful deterrent against potential adversaries, as the threat of undetected strikes can discourage aggression. Notable Stealth Bombers\nSeveral countries have developed and deployed stealth bombers, with some of the most notable examples including:\nB-2 Spirit (United States): The B-2 Spirit is a long-range, heavy stealth bomber operated by the United States Air Force. It is known for its distinctive flying wing design and advanced stealth capabilities. Tu-160 Blackjack (Russia): The Tu-160 Blackjack is a supersonic, variable-geometry heavy stealth bomber developed by the Soviet Union. It is one of the largest and most powerful bombers in the world. Xian H-20 (China): The Xian H-20 is a long-range, strategic stealth bomber currently under development by China. It is expected to be one of the most advanced stealth bombers in the world upon its completion. The Future of Stealth\nAs technology continues to advance, stealth capabilities are expected to become even more sophisticated. Future stealth bombers may incorporate additional technologies such as artificial intelligence, hypersonic propulsion, and directed energy weapons, further enhancing their ability to evade detection and carry out missions with greater precision and effectiveness.\nIn conclusion, stealth bombers represent a remarkable achievement in military technology, providing air forces with the ability to operate with unprecedented levels of secrecy and precision. As these technologies continue to evolve, stealth bombers will likely play an increasingly important role in shaping the future of warfare.",
    "highlightText": "",
    "highlightTitle": "",
    "highlightThreadTitle": "",
    "language": "english",
    "sentiment": "positive",
    "categories": [
        "War, Conflict and Unrest",
        "Science and Technology"
    ],
    "webz_reporter": false,
    "external_links": [
        "https://www.youtube.com/embed/I94WOV68iR4?feature=oembed",
        "https://www.youtube.com/embed/I94WOV68iR4",
        "https://youtube.com/embed/I94WOV68iR4?feature=oembed"
    ],
    "external_images": [],
    "entities": {
        "persons": [],
        "organizations": [],
        "locations": []
    },
    "rating": null,
    "crawled": "2024-05-04T01:47:07.701+03:00",
    "updated": "2024-05-04T01:47:07.701+03:00"
}