{
    "thread": {
        "uuid": "eada9f4039889e03088d908a1dff8265be921c9f",
        "url": "https://www.defenseworld.net/2024/05/05/reik-co-llc-sells-940-shares-of-microsoft-co-nasdaqmsft.html",
        "site_full": "www.defenseworld.net",
        "site": "defenseworld.net",
        "site_section": "https://www.defenseworld.net/category/companies/feed",
        "site_categories": [
            "media"
        ],
        "section_title": "Companies &#8211; Defense World",
        "title": "Reik & CO. LLC Sells 940 Shares of Microsoft Co. (NASDAQ:MSFT) - Defense World",
        "title_full": "Reik & CO. LLC Sells 940 Shares of Microsoft Co. (NASDAQ:MSFT) - Defense World",
        "published": "2024-05-05T03:00:00.000+03:00",
        "replies_count": 0,
        "participants_count": 1,
        "site_type": "news",
        "country": "US",
        "main_image": "https://www.americanbankingnews.com/wp-content/timthumb/timthumb.php?src=https://www.marketbeat.com/logos/microsoft-corporation-logo-1200x675.png&amp;w=240&amp;h=240&amp;zc=2",
        "performance_score": 0,
        "domain_rank": 37461,
        "domain_rank_updated": "2024-04-30T13:07:54.000+03:00",
        "reach": null,
        "social": {
            "facebook": {
                "likes": 0,
                "comments": 0,
                "shares": 0
            },
            "gplus": {
                "shares": 0
            },
            "pinterest": {
                "shares": 0
            },
            "linkedin": {
                "shares": 0
            },
            "stumbledupon": {
                "shares": 0
            },
            "vk": {
                "shares": 0
            }
        }
    },
    "uuid": "eada9f4039889e03088d908a1dff8265be921c9f",
    "url": "https://www.defenseworld.net/2024/05/05/reik-co-llc-sells-940-shares-of-microsoft-co-nasdaqmsft.html",
    "ord_in_thread": 0,
    "parent_url": null,
    "author": "Defense World Staff",
    "published": "2024-05-05T03:00:00.000+03:00",
    "title": "Reik & CO. LLC Sells 940 Shares of Microsoft Co. (NASDAQ:MSFT) - Defense World",
    "text": "Reik & CO. LLC reduced its position in shares of Microsoft Co. ( NASDAQ:MSFT – Free Report ) by 6.1% in the 4th quarter, Holdings Channel.com reports. The firm owned 14,592 shares of the software giant’s stock after selling 940 shares during the quarter. Microsoft makes up 1.5% of Reik & CO. LLC’s portfolio, making the stock its 10th biggest holding. Reik & CO. LLC’s holdings in Microsoft were worth $5,487,000 as of its most recent filing with the Securities and Exchange Commission.\nGet Microsoft alerts: A number of other institutional investors also recently bought and sold shares of the company. International Assets Investment Management LLC purchased a new stake in Microsoft in the fourth quarter valued at $9,625,201,000. FMR LLC increased its position in shares of Microsoft by 2.7% during the 3rd quarter. FMR LLC now owns 215,874,152 shares of the software giant’s stock worth $68,162,263,000 after purchasing an additional 5,762,902 shares during the last quarter. Barclays PLC raised its holdings in Microsoft by 9.3% in the 3rd quarter. Barclays PLC now owns 28,987,007 shares of the software giant’s stock valued at $9,152,647,000 after buying an additional 2,456,190 shares during the period. AEGON ASSET MANAGEMENT UK Plc acquired a new position in Microsoft in the fourth quarter valued at about $679,928,000. Finally, California Public Employees Retirement System boosted its stake in Microsoft by 9.2% during the third quarter. California Public Employees Retirement System now owns 21,375,375 shares of the software giant’s stock worth $6,749,275,000 after buying an additional 1,796,956 shares during the period. 71.13% of the stock is owned by hedge funds and other institutional investors.\nInsiders Place Their Bets In other news, EVP Kathleen T. Hogan sold 21,955 shares of Microsoft stock in a transaction dated Monday, March 11th. The shares were sold at an average price of $403.96, for a total value of $8,868,941.80. Following the sale, the executive vice president now owns 159,764 shares of the company’s stock, valued at $64,538,265.44. The sale was disclosed in a legal filing with the SEC, which can be accessed through this hyperlink . In related news, EVP Kathleen T. Hogan sold 21,955 shares of the firm’s stock in a transaction dated Monday, March 11th. The shares were sold at an average price of $403.96, for a total value of $8,868,941.80. Following the completion of the sale, the executive vice president now owns 159,764 shares in the company, valued at $64,538,265.44. The sale was disclosed in a legal filing with the SEC, which is available through the SEC website . Also, insider Bradford L. Smith sold 3,303 shares of the business’s stock in a transaction that occurred on Monday, February 5th. The stock was sold at an average price of $406.12, for a total value of $1,341,414.36. Following the transaction, the insider now owns 570,826 shares in the company, valued at approximately $231,823,855.12. The disclosure for this sale can be found here . In the last quarter, insiders sold 1,025,258 shares of company stock worth $12,160,356. 0.03% of the stock is owned by insiders.\nMicrosoft Price Performance Shares of NASDAQ:MSFT opened at $406.66 on Friday. Microsoft Co. has a one year low of $303.40 and a one year high of $430.82. The stock has a market capitalization of $3.02 trillion, a price-to-earnings ratio of 35.21, a PEG ratio of 2.10 and a beta of 0.89. The company has a 50-day simple moving average of $413.68 and a 200-day simple moving average of $390.05. The company has a debt-to-equity ratio of 0.17, a quick ratio of 1.23 and a current ratio of 1.24.\nMicrosoft ( NASDAQ:MSFT – Get Free Report ) last posted its quarterly earnings data on Thursday, April 25th. The software giant reported $2.94 EPS for the quarter, beating the consensus estimate of $2.81 by $0.13. Microsoft had a return on equity of 37.54% and a net margin of 36.43%. The firm had revenue of $61.86 billion during the quarter, compared to the consensus estimate of $60.86 billion. During the same period in the prior year, the business earned $2.45 EPS. The firm’s revenue was up 17.0% compared to the same quarter last year. On average, analysts predict that Microsoft Co. will post 11.76 EPS for the current year.\nMicrosoft Announces Dividend The company also recently disclosed a quarterly dividend, which will be paid on Thursday, June 13th. Shareholders of record on Thursday, May 16th will be paid a $0.75 dividend. The ex-dividend date of this dividend is Wednesday, May 15th. This represents a $3.00 annualized dividend and a yield of 0.74%. Microsoft’s dividend payout ratio is currently 25.97%.\nWall Street Analyst Weigh In Several brokerages have recently commented on MSFT. Sanford C. Bernstein upped their price objective on shares of Microsoft from $465.00 to $489.00 and gave the stock an “outperform” rating in a report on Friday, April 26th. StockNews.com cut Microsoft from a “buy” rating to a “hold” rating in a research note on Thursday, February 22nd. Jefferies Financial Group lifted their price objective on Microsoft from $465.00 to $550.00 and gave the company a “buy” rating in a research note on Monday, April 1st. Macquarie increased their target price on Microsoft from $430.00 to $450.00 and gave the stock an “outperform” rating in a research note on Wednesday, January 31st. Finally, Raymond James reaffirmed an “outperform” rating and issued a $480.00 target price (up from $450.00) on shares of Microsoft in a research report on Friday, April 26th. Three analysts have rated the stock with a hold rating and thirty-two have given a buy rating to the company. According to data from MarketBeat, the company has a consensus rating of “Moderate Buy” and a consensus target price of $452.61.\nGet Our Latest Stock Report on Microsoft\nAbout Microsoft ( Free Report )\nMicrosoft Corporation develops and supports software, services, devices and solutions worldwide. The Productivity and Business Processes segment offers office, exchange, SharePoint, Microsoft Teams, office 365 Security and Compliance, Microsoft viva, and Microsoft 365 copilot; and office consumer services, such as Microsoft 365 consumer subscriptions, Office licensed on-premises, and other office services.\nFurther Reading Five stocks we like better than Microsoft Are Penny Stocks a Good Fit for Your Portfolio? MarketBeat Week in Review – 4/29 – 5/3 How to Calculate Return on Investment (ROI) Upcoming IPO Stock Lockup Period, Explained MSFT? Microsoft Co. ( NASDAQ:MSFT Microsoft Daily Microsoft and ",
    "highlightText": "",
    "highlightTitle": "",
    "highlightThreadTitle": "",
    "language": "english",
    "sentiment": "positive",
    "categories": [
        "War, Conflict and Unrest"
    ],
    "webz_reporter": false,
    "external_links": [
        "https://report.stocknews.com/sign-up/ticker/?ticker=MSFT&lead_source=marketbeat_snra&utm_source=marketbeat_snra&utm_medium=article&utm_campaign=ticker&utm_term=MSFT&utm_content=text_link",
        "https://www.marketbeat.com/arnreports/ReportTickerOptin.aspx?RegistrationCode=TickerHyperlink&Prefix=NASDAQ&Symbol=MSFT",
        "https://www.sec.gov/Archives/edgar/data/789019/000106299324002112/xslF345X05/form4.xml",
        "https://www.holdingschannel.com/hedge-funds/holding-msft/",
        "https://www.marketbeat.com/originals/apples-earnings-show-investors-its-strength-and-its-weakness/",
        "https://www.insidertrades.com/microsoft-co-stock/bradford-l-smith/",
        "https://www.sec.gov/Archives/edgar/data/789019/000106299324006298/xslF345X05/form4.xml",
        "https://www.marketbeat.com/stocks/NASDAQ/MSFT/",
        "https://www.marketbeat.com/calculators/investment-calculator/",
        "https://www.marketbeat.com/ipos/lockup-expirations/",
        "http://www.holdingschannel.com/",
        "https://www.insidertrades.com/microsoft-co-stock/kathleen-t-hogan/",
        "https://www.marketbeat.com/newsletter/PDFoffer.aspx?offer=top5&RegistrationCode=NewsSites-SeeAlso",
        "https://www.marketbeat.com/types-of-stock/penny-stocks/",
        "https://www.marketbeat.com/stock-ideas/bargain-alert-3-large-caps-with-extremely-oversold-rsis/",
        "https://www.marketbeat.com/originals/marketbeat-week-in-review-4-29-5-3/",
        "https://www.insidertrades.com/microsoft-co-stock/kathleen-t-hogan",
        "http://holdingschannel.com/",
        "https://marketbeat.com/newsletter/PDFoffer.aspx?offer=top5&RegistrationCode=NewsSites-SeeAlso",
        "https://www.marketbeat.com/newsletter/PDFoffer.aspx",
        "https://insidertrades.com/microsoft-co-stock/kathleen-t-hogan/",
        "https://www.insidertrades.com/microsoft-co-stock/bradford-l-smith",
        "https://www.marketbeat.com/ipos/lockup-expirations",
        "https://www.report.stocknews.com/sign-up/ticker/?ticker=MSFT&lead_source=marketbeat_snra&utm_source=marketbeat_snra&utm_medium=article&utm_campaign=ticker&utm_term=MSFT&utm_content=text_link",
        "https://www.marketbeat.com/stocks/NASDAQ/MSFT",
        "https://holdingschannel.com/hedge-funds/holding-msft/",
        "https://www.marketbeat.com/types-of-stock/penny-stocks",
        "https://www.marketbeat.com/originals/apples-earnings-show-investors-its-strength-and-its-weakness",
        "https://insidertrades.com/microsoft-co-stock/bradford-l-smith/",
        "https://marketbeat.com/calculators/investment-calculator/",
        "https://sec.gov/Archives/edgar/data/789019/000106299324002112/xslF345X05/form4.xml",
        "http://www.holdingschannel.com",
        "https://www.marketbeat.com/stock-ideas/bargain-alert-3-large-caps-with-extremely-oversold-rsis",
        "https://www.holdingschannel.com/hedge-funds/holding-msft",
        "https://marketbeat.com/ipos/lockup-expirations/",
        "https://marketbeat.com/types-of-stock/penny-stocks/",
        "https://report.stocknews.com/sign-up/ticker/",
        "https://marketbeat.com/originals/apples-earnings-show-investors-its-strength-and-its-weakness/",
        "https://marketbeat.com/originals/marketbeat-week-in-review-4-29-5-3/",
        "https://marketbeat.com/stocks/NASDAQ/MSFT/",
        "https://www.marketbeat.com/arnreports/ReportTickerOptin.aspx",
        "https://sec.gov/Archives/edgar/data/789019/000106299324006298/xslF345X05/form4.xml",
        "https://www.marketbeat.com/calculators/investment-calculator",
        "https://marketbeat.com/arnreports/ReportTickerOptin.aspx?RegistrationCode=TickerHyperlink&Prefix=NASDAQ&Symbol=MSFT",
        "https://marketbeat.com/stock-ideas/bargain-alert-3-large-caps-with-extremely-oversold-rsis/",
        "https://www.marketbeat.com/originals/marketbeat-week-in-review-4-29-5-3"
    ],
    "external_images": [],
    "entities": {
        "persons": [],
        "organizations": [
            {
                "name": "microsoft co.",
                "sentiment": "negative"
            },
            {
                "name": "reik & co. llc",
                "sentiment": "neutral"
            },
            {
                "name": "defense world reik & co. llc",
                "sentiment": "neutral"
            },
            {
                "name": "securities and exchange commission",
                "sentiment": "none"
            },
            {
                "name": "fmr llc",
                "sentiment": "none"
            },
            {
                "name": "holdings",
                "sentiment": "none"
            },
            {
                "name": "microsoft",
                "sentiment": "none"
            },
            {
                "name": "international assets investment management llc",
                "sentiment": "none"
            },
            {
                "name": "barclays plc",
                "sentiment": "none"
            }
        ],
        "locations": []
    },
    "rating": null,
    "crawled": "2024-05-05T13:53:04.759+03:00",
    "updated": "2024-05-06T05:56:43.261+03:00"
}