{
    "thread": {
        "uuid": "10b560073cd8f7b8d1675a54078684a0866df9fb",
        "url": "https://www.informazione.it/n/DCCBDD9C-5C9C-4F5E-8CE5-2D503BC5C7AA/L-appello-di-Mattarella-per-la-pace-nel-163-anniversario-dell-Esercito-Italiano",
        "site_full": "www.informazione.it",
        "site": "informazione.it",
        "site_section": "https://informazione.it",
        "site_categories": [
            "media"
        ],
        "section_title": "Prima Pagina - informazione.it",
        "title": "L'appello di Mattarella per la pace nel 163° anniversario dell'Esercito Italiano",
        "title_full": "L'appello di Mattarella per la pace nel 163° anniversario dell'Esercito Italiano",
        "published": "2024-05-04T17:38:00.000+03:00",
        "replies_count": 0,
        "participants_count": 1,
        "site_type": "news",
        "country": "IT",
        "main_image": "https://q2.informazione.it/pics/3ecce2de-b47f-4b05-a60b-608ebe4f35ed.jpg",
        "performance_score": 0,
        "domain_rank": 52128,
        "domain_rank_updated": "2024-04-30T13:08:01.000+03:00",
        "reach": null,
        "social": {
            "facebook": {
                "likes": 0,
                "comments": 0,
                "shares": 0
            },
            "gplus": {
                "shares": 0
            },
            "pinterest": {
                "shares": 0
            },
            "linkedin": {
                "shares": 0
            },
            "stumbledupon": {
                "shares": 0
            },
            "vk": {
                "shares": 0
            }
        }
    },
    "uuid": "10b560073cd8f7b8d1675a54078684a0866df9fb",
    "url": "https://www.informazione.it/n/DCCBDD9C-5C9C-4F5E-8CE5-2D503BC5C7AA/L-appello-di-Mattarella-per-la-pace-nel-163-anniversario-dell-Esercito-Italiano",
    "ord_in_thread": 0,
    "parent_url": null,
    "author": "@infoitinterno",
    "published": "2024-05-04T17:38:00.000+03:00",
    "title": "L'appello di Mattarella per la pace nel 163° anniversario dell'Esercito Italiano",
    "text": "[ ](/a/FE77AFCC-AB26-486E-AC9D-F503E95EAFA5/Meloni-sulla-jeep-Crosetto-Informatevi-prima-di-fomentare-l-odio) [Leggi](https://www.liberoquotidiano.it/news/politica/39222999/giorgia-meloni-jeep-guido-crosetto-informatevi-prima-fomentare-odio.html) Sergio Mattarella, presidente della Repubblica, ha espresso preoccupazione per le attuali tensioni internazionali durante un incontro con il capo di Stato Maggiore dell’Esercito e una rappresentanza dell’Esercito, in occasione del 163° anniversario della sua fondazione. Ha sottolineato che viviamo in un'epoca di apprensione imprevedibile, con tensioni internazionali spesso associate a conflitti e guerre regionali alle porte dell’Unione europea. Mattarella ha sottolineato l'importanza di eliminare e rimuovere le minacce alla pace per garantire la tranquillità nel mondo. Ha evidenziato come queste minacce siano manifestazioni evidenti delle tensioni che incombono sulla pace globale. Durante la cerimonia militare per il 163° anniversario della costituzione dell’Esercito Italiano, tenutasi presso l’Ippodromo Militare “Gen. C.A. Pietro Giannattasio” di Tor di Quinto, il generale Masiello ha posto l'accento su cambiamento e innovazione. L'evento ha visto la presenza di numerose personalità di spicco, tra cui il Presidente del Consiglio, Giorgia Meloni, il Ministro della Difesa, On. Guido Crosetto, e il Sottosegretario di Stato alla Difesa, Sen. Gilberto Pichetto, Ministro dell’Ambiente e della Sicurezza Energetica, ha elogiato l'Esercito Italiano nel giorno del suo 163° anniversario. Ha sottolineato come ogni giorno le donne e gli uomini dell’Esercito portino nei più complessi contesti internazionali un contributo unico in termini di professionalità e coraggio, anche a difesa dell’ambiente. Ha concluso affermando che i valori di cui è portatore l’Esercito in ogni sua espressione aiutano a costruire la Pace.",
    "highlightText": "",
    "highlightTitle": "",
    "highlightThreadTitle": "",
    "language": "italian",
    "sentiment": "positive",
    "categories": [
        "Social Issue",
        "War, Conflict and Unrest"
    ],
    "webz_reporter": false,
    "external_links": [
        "https://www.analisidifesa.it/2024/05/i-163-anni-dellesercito-il-generale-masiello-pone-il-focus-su-cambiamento-e-innovazione/)",
        "https://analisidifesa.it/2024/05/i-163-anni-dellesercito-il-generale-masiello-pone-il-focus-su-cambiamento-e-innovazione/)"
    ],
    "external_images": [],
    "entities": {
        "persons": [],
        "organizations": [],
        "locations": []
    },
    "rating": null,
    "crawled": "2024-05-04T18:39:45.565+03:00",
    "updated": "2024-05-04T21:20:08.909+03:00"
}