{
    "thread": {
        "uuid": "dc5a3e8f7457906f4098eb077930d3176a80d80b",
        "url": "https://www.portafolio.co/internacional/negociaciones-para-alto-al-fuego-en-gaza-avanzan-y-se-acercan-a-un-principio-de-acuerdo-604121",
        "site_full": "www.portafolio.co",
        "site": "portafolio.co",
        "site_section": "https://www.portafolio.co",
        "site_categories": [
            "media",
            "top_news"
        ],
        "section_title": "\n              Noticias economicas de Colombia y el Mundo | Portafolio.co          ",
        "title": "Negociaciones para alto al fuego en Gaza avanzan y se acercan a un principio de acuerdo | Internacional | Portafolio",
        "title_full": "Negociaciones para alto al fuego en Gaza avanzan y se acercan a un principio de acuerdo | Internacional | Portafolio",
        "published": "2024-05-04T22:12:00.000+03:00",
        "replies_count": 0,
        "participants_count": 1,
        "site_type": "news",
        "country": "CO",
        "main_image": "https://www.portafolio.co/files/article_content/uploads/2024/05/04/6636885b8a36a.jpeg",
        "performance_score": 0,
        "domain_rank": 17168,
        "domain_rank_updated": "2024-04-30T13:07:54.000+03:00",
        "reach": null,
        "social": {
            "facebook": {
                "likes": 0,
                "comments": 0,
                "shares": 0
            },
            "gplus": {
                "shares": 0
            },
            "pinterest": {
                "shares": 0
            },
            "linkedin": {
                "shares": 0
            },
            "stumbledupon": {
                "shares": 0
            },
            "vk": {
                "shares": 0
            }
        }
    },
    "uuid": "dc5a3e8f7457906f4098eb077930d3176a80d80b",
    "url": "https://www.portafolio.co/internacional/negociaciones-para-alto-al-fuego-en-gaza-avanzan-y-se-acercan-a-un-principio-de-acuerdo-604121",
    "ord_in_thread": 0,
    "parent_url": null,
    "author": "EFE",
    "published": "2024-05-04T22:12:00.000+03:00",
    "title": "Negociaciones para alto al fuego en Gaza avanzan y se acercan a un principio de acuerdo | Internacional | Portafolio",
    "text": "Las negociaciones para alcanzar un alto el fuego en la Franja de Gaza avanzan positivamente y se acercan a un principio de acuerdo, si bien las partes todavía no han cerrado ningún pacto definitivo, informaron este sábado a EFE fuentes conocedoras de las conversaciones que tienen lugar en El Cairo. (Vea: La OMS pidió a países no bloquear el tratado global para combatir pandemias) Una fuente palestina dijo a EFE, bajo condición de anonimato, que \"hay un gran avance en las negociaciones entre el movimiento palestino Hamás e Israel\", y detalló que la delegación egipcia en el proceso negociador \"ha alcanzado una formulación acordada en cuanto a los puntos de discrepancia\".\nPrecisó que el último acuerdo sobre el que discuten actualmente incluye una primera fase de 40 días de tregua en la que se liberarán 33 rehenes del total de unos 128 rehenes israelíes retenidos por Hamás , mientras que el Ejército israelí se retirará de las zonas en las que esté presente en la Franja de Gaza.\nSegún esta misma fuente, la segunda fase continuará por otro periodo de 42 días durante el cual se liberarán todos los rehenes restantes y se extenderá un proceso de \"calma permanente en Gaza\", mientras que la tercera y la última fase incluirá intercambiar los cadáveres y durará también 42 días. (Siga leyendo: Brasil rechaza la oferta de Vale y BHP por el mortal colapso de una presa en 2015) También apuntó que \"(Sinwar) quiere un compromiso estadounidense por escrito para el fin incondicional de los combates\" y solicita también que Israel no impida regresar al territorio ocupado de Cisjordania a los palestinos liberados a cambio de los rehenes.\nSegún un alto funcionario de Hamás citado por la cadena catarí Al Yazira , el hecho de que Netanyahu insista en que Israel entrará en la ciudad de Rafah con independencia de un posible acuerdo es un \"elemento clave\" que también se está discutiendo hoy en las conversaciones.\nHasta el momento, en el enclave palestino, al menos 32 personas fallecieron en las últimas 24 horas, lo que elevó a 34.654 el número de víctimas mortales registradas en los hospitales del enclave, además de más de 77.900 heridos, según datos del Ministerio de Sanidad gazatí, dependiente de Hamás. (Vea: Inflación en EE. UU. se mantendría alta por un tiempo: ¿cuándo cambiará la tendencia?) EFE ¿Las ha recorrido? Estas son las calles más bonitas del mundo Destacados",
    "highlightText": "",
    "highlightTitle": "",
    "highlightThreadTitle": "",
    "language": "spanish",
    "sentiment": "positive",
    "categories": [
        "War, Conflict and Unrest"
    ],
    "webz_reporter": false,
    "external_links": [],
    "external_images": [],
    "entities": {
        "persons": [],
        "organizations": [],
        "locations": []
    },
    "rating": null,
    "crawled": "2024-05-04T23:09:07.420+03:00",
    "updated": "2024-05-05T20:01:48.677+03:00"
}