{
    "thread": {
        "uuid": "c4ea3abb2a0a4bc55237d20c6989aa0e59a7cd23",
        "url": "https://www.schooltube.com/the-patriot-missile-a-guardian-in-the-skies",
        "site_full": "www.schooltube.com",
        "site": "schooltube.com",
        "site_section": "https://www.schooltube.com/category/airplanes-space/",
        "site_categories": [],
        "section_title": null,
        "title": "The Patriot Missile: A Guardian in the Skies",
        "title_full": "The Patriot Missile: A Guardian in the Skies",
        "published": "2024-05-04T00:49:00.000+03:00",
        "replies_count": 0,
        "participants_count": 1,
        "site_type": "news",
        "country": "US",
        "main_image": "",
        "performance_score": 0,
        "domain_rank": 42154,
        "domain_rank_updated": "2024-04-30T13:08:01.000+03:00",
        "reach": null,
        "social": {
            "facebook": {
                "likes": 0,
                "comments": 0,
                "shares": 0
            },
            "gplus": {
                "shares": 0
            },
            "pinterest": {
                "shares": 0
            },
            "linkedin": {
                "shares": 0
            },
            "stumbledupon": {
                "shares": 0
            },
            "vk": {
                "shares": 0
            }
        }
    },
    "uuid": "c4ea3abb2a0a4bc55237d20c6989aa0e59a7cd23",
    "url": "https://www.schooltube.com/the-patriot-missile-a-guardian-in-the-skies",
    "ord_in_thread": 0,
    "parent_url": null,
    "author": "SchoolTube Community",
    "published": "2024-05-04T00:49:00.000+03:00",
    "title": "The Patriot Missile: A Guardian in the Skies",
    "text": "The MIM-104 Patriot: A Surface-to-Air Missile System\nThe MIM-104 Patriot is a surface-to-air missile (SAM) system, primarily employed by the United States Army and several allied nations. Manufactured by the renowned U.S. defense contractor Raytheon, this formidable weapon system derives its name from its radar component, the AN/MPQ-53. This radar, also known as the “Phased Array Tracking Radar to Intercept on Target,” forms the heart of the Patriot system, providing exceptional target tracking and interception capabilities.\nUnveiling the Patriot’s Capabilities The Patriot missile system stands as a testament to cutting-edge engineering and technological prowess. It boasts an impressive range of features that make it a formidable force in modern warfare:\nUnmatched Accuracy: Equipped with advanced guidance systems, the Patriot missile can precisely intercept and destroy incoming threats, ensuring the safety of protected assets and personnel. Multi-Target Engagement: The Patriot system’s ability to simultaneously engage multiple targets makes it highly effective against coordinated attacks or saturation strikes. All-Weather Performance: Unfazed by adverse weather conditions, the Patriot can operate effectively in rain, snow, fog, and even electronic countermeasures. Seamless Integration: The Patriot system seamlessly integrates with other air defense systems, enhancing overall defensive capabilities and creating a layered defense network. Patriot’s Role in Modern Warfare Since its inception, the Patriot missile system has played a pivotal role in safeguarding nations against aerial threats. Its combat history includes notable engagements:\nGulf War: During the Gulf War, the Patriot system gained worldwide recognition for its successful interception of Iraqi Scud missiles, significantly reducing the threat to coalition forces and civilian populations. Operation Iraqi Freedom: The Patriot system continued to prove its worth during Operation Iraqi Freedom, effectively defending against a variety of aerial threats, including cruise missiles and unmanned aerial vehicles (UAVs). Ongoing Conflicts: The Patriot system remains in active service, deployed in various regions around the world, providing critical air defense capabilities to protect against evolving threats. Conclusion The MIM-104 Patriot missile system stands as a symbol of technological innovation and military prowess. Its exceptional capabilities and proven track record make it a vital asset in modern warfare, safeguarding nations and their citizens from aerial threats. As technology continues to advance, the Patriot system will undoubtedly undergo further enhancements, ensuring its continued effectiveness in the ever-changing landscape of warfare.",
    "highlightText": "",
    "highlightTitle": "",
    "highlightThreadTitle": "",
    "language": "english",
    "sentiment": "positive",
    "categories": [
        "War, Conflict and Unrest"
    ],
    "webz_reporter": false,
    "external_links": [
        "https://www.youtube.com/embed/yGfS5QR2om8?feature=oembed",
        "https://youtube.com/embed/yGfS5QR2om8?feature=oembed",
        "https://www.youtube.com/embed/yGfS5QR2om8"
    ],
    "external_images": [],
    "entities": {
        "persons": [],
        "organizations": [
            {
                "name": "mim",
                "sentiment": "negative"
            },
            {
                "name": "united states army",
                "sentiment": "none"
            },
            {
                "name": "raytheon",
                "sentiment": "none"
            }
        ],
        "locations": [
            {
                "name": "u.s.",
                "sentiment": "none"
            }
        ]
    },
    "rating": null,
    "crawled": "2024-05-04T01:47:22.889+03:00",
    "updated": "2024-05-04T01:47:22.889+03:00"
}