{
    "thread": {
        "uuid": "5347eb4d3bbe79e3efadfaa247b9dc88aa3412c2",
        "url": "https://vnexplorer.net/jaime-munguia-advierte-ante-canelo-alvarez-sera-memorable-s2606710.html",
        "site_full": "vnexplorer.net",
        "site": "vnexplorer.net",
        "site_section": "https://vnexplorer.net/latest",
        "site_categories": [
            "health",
            "cold_and_flu"
        ],
        "section_title": "Latest breaking 24h news around the world - VNExplorer",
        "title": "Jaime Munguía advierte: ante ‘Canelo’ Álvarez ‘será memorable’",
        "title_full": "Jaime Munguía advierte: ante ‘Canelo’ Álvarez ‘será memorable’",
        "published": "2024-05-03T03:00:00.000+03:00",
        "replies_count": 0,
        "participants_count": 1,
        "site_type": "news",
        "country": "US",
        "main_image": "https://img-s-msn-com.akamaized.net/tenant/amp/entityid/AA1nAuqn.img",
        "performance_score": 0,
        "domain_rank": 56915,
        "domain_rank_updated": "2024-04-30T13:08:01.000+03:00",
        "reach": null,
        "social": {
            "facebook": {
                "likes": 0,
                "comments": 0,
                "shares": 0
            },
            "gplus": {
                "shares": 0
            },
            "pinterest": {
                "shares": 0
            },
            "linkedin": {
                "shares": 0
            },
            "stumbledupon": {
                "shares": 0
            },
            "vk": {
                "shares": 0
            }
        }
    },
    "uuid": "5347eb4d3bbe79e3efadfaa247b9dc88aa3412c2",
    "url": "https://vnexplorer.net/jaime-munguia-advierte-ante-canelo-alvarez-sera-memorable-s2606710.html",
    "ord_in_thread": 0,
    "parent_url": null,
    "author": "VNExplorer",
    "published": "2024-05-03T03:00:00.000+03:00",
    "title": "Jaime Munguía advierte: ante ‘Canelo’ Álvarez ‘será memorable’",
    "text": "Jaime Munguía El tijuanense Jaime Munguía se dijo listo para enfrentar a Saúl ‘Canelo’ Álvarez el próximo 4 de mayo en el T-Mobile Las Vegas y advirtió que la pelea será emocionante y memorable. “Cualquier pelea a este nivel será ardua, pero en verdad tengo el presentimiento de que esta pelea será tan emocionante como memorable”, comentó Jaime Munguía. Jaime Munguía El boxeador mexicano aseguró que saldrá a hacer su trabajo y no le interesa lo que digan desde afuera. “Mi deber es estar preparado y aprovechar esta oportunidad al máximo”, indicó. Asimismo, consideró que se siente muy contento y orgulloso de estar representando a México. ‘Canelo’ Álvarez, de 33 años, expondrá en el combate sus cuatro cinturones del peso supermediano (168 libras – 76.2 kg) frente a un Jaime Munguía que está invicto en los 43 combates de su carrera. El promotor Fernando Beltrán cree que Jaime Munguía podría ser la nueva cara del boxeo mexicano, en dado de que derrote al ‘Canelo’ Álvarez. “Son diferentes épocas, el mandamás del boxeo se llama Saúl ‘Canelo’ Álvarez, es el rey del boxeo. Tenemos la gran oportunidad, en aquel momento era Manny Pacquiao, hoy tenemos la gran oportunidad de pelear con él. їEn la cara del boxeo mexicano? Supongo que sГ, el gusto se rompe en gГ©neros y creo que ahorita hay grandes peleadoresвЂќ, mencionГі. ‘Canelo’ Álvarez enfrentará a un rival de su país por primera vez desde su victoria ante Julio César Chávez Jr. en 2017. aldNews Related - Jugadoras muestran su amor previo a enfrentarse en Final de Liga MX Femenil Alison González y Cecilia Santiago se enfrentaron en la Final del Apertura 2023 de la Liga MX Femenil. Previo a que comenzara la Final de Vuelta de la Liga MX Femenil entre Tigres y América, Alison González le deseó suerte a su pareja, la guardameta felina, Cecilia Santiago, con beso ... See Details: Jugadoras muestran su amor previo a enfrentarse en Final de Liga MX Femenil - “Quiere ser blanca”: critican a Beyoncé por su aspecto durante estreno de “Renaissance’ La hija de la cantante de 11 años se enfrentó a las críticas por su baile Durante el estreno de su película concierto “Renaissance”, Beyoncé generó controversia y críticas debido a su apariencia física. Los usuarios de las redes sociales expresaron sorpresa y desconcierto al notar un aparente cambio en ... See Details: “Quiere ser blanca”: critican a Beyoncé por su aspecto durante estreno de “Renaissance’ - Vicente Fox cierra su cuenta de Twitter tras acusaciones de misoginia Vicente Fox cierra su cuenta de Twitter tras acusaciones de misoginia El expresidente de México, Vicente Fox Quesada, ha cerrado su cuenta en la red social X (Twitter), después de una serie de publicaciones polémicas que generaron fuertes críticas y acusaciones de misoginia y violencia política de género. en contra ... See Details: Vicente Fox cierra su cuenta de Twitter tras acusaciones de misoginia - Nicola Porcella causa polémica par dar un “ride” al Metrobús a sus fans El video tiene más de 900 mil vistas. Foto: TikTok @teamwendola Nicola Porcella, exparticipante del reality show “La Casa de los Famosos”se vio envuelto en una polémica por darle un “ride” a unas fans que se encontró en la calle. El video de este incidente fue compartido en TikTok y ... See Details: Nicola Porcella causa polémica par dar un “ride” al Metrobús a sus fans - Rayados: Héctor Moreno 'enciende' a la afición tras renovar con Monterrey Héctor Moreno del Monterrey durante el juego de la jornada 13 del Torneo Apertura 2023 de la Liga BBVA MX en el Estadio Olímpico Universitario el 22 Octubre de 2023 en Ciudad de México, México. Los Rayados de Monterrey han tomado relevancia en la Liga MX previo al arranque de ... See Details: Rayados: Héctor Moreno 'enciende' a la afición tras renovar con Monterrey - X es \"un arma de destrucción masiva de nuestras democracias\", alcaldesa de París “No nos equivoquemos. Se trata de un proyecto político muy claro que quiere prescindir de la democracia y sus valores en favor de poderosos intereses privados”, señaló en una carta Anne Hidalgo, al afirmar que X y su propietario, Elon Musk, “actúan deliberadamente para exacerbar tensiones y conflictos.” La alcaldesa ... See Details: X es \"un arma de destrucción masiva de nuestras democracias\", alcaldesa de París - Abejas de León pierde ante Fuerza Regia que suma su tercer juego ganado Abejas de León vs Fuerza Regia Abejas de León perdió 99-102 en lo que fue el tercer encuentro de la final de zona dándole de esta manera la ventaja a Fuerza Regia sobre la serie tras sumar su tercer juego ganado, buscando cerrar el cuarto y dejar a mitad del ... See Details: Abejas de León pierde ante Fuerza Regia que suma su tercer juego ganado - Javier Milei se reúne en Nueva York con el expresidente Bill Clinton y un asesor de Biden Javier Milei (centro) se reunió este lunes 27 de noviembre en Nueva York con el expresidente estadounidense Bill Clinton (der.). FOTO: LA NACIÓN/GDA Nueva York. El gobierno del presidente estadounidense Joe Biden quiere “escuchar las ideas” de Javier Milei para ver hacia dónde se encamina en política, aprovechando la actual ... See Details: Javier Milei se reúne en Nueva York con el expresidente Bill Clinton y un asesor de Biden - Entre acusaciones, dirigentes nacionales de PAN, PRD y MC se confrontaron en debate en la FIL Javier Milei (centro) se reunió este lunes 27 de noviembre en Nueva York con el expresidente estadounidense Bill Clinton (der.). FOTO: LA NACIÓN/GDA Nueva York. El gobierno del presidente estadounidense Joe Biden quiere “escuchar las ideas” de Javier Milei para ver hacia dónde se encamina en política, aprovechando la actual ... See Details: Entre acusaciones, dirigentes nacionales de PAN, PRD y MC se confrontaron en debate en la FIL - ¿Por qué NO todos los trabajadores tendrían 2 DÍAS de DESCANSO con la Reforma Laboral? LFT Javier Milei (centro) se reunió este lunes 27 de noviembre en Nueva York con el expresidente estadounidense Bill Clinton (der.). FOTO: LA NACIÓN/GDA Nueva York. El gobierno del presidente estadounidense Joe Biden quiere “escuchar las ideas” de Javier Milei para ver hacia dónde se encamina en política, aprovechando la actual ... See Details: ¿Por qué NO todos los trabajadores tendrían 2 DÍAS de DESCANSO con la Reforma Laboral? LFT - Los personajes más odiados de todos los tiempos en las series: 'Game of Thrones' aparece tres veces entre los 10 más votados Javier Milei (centro) se reunió este lunes 27 de noviembre en Nueva York con el expresidente estadounidense Bill Clinton (der.). FOTO: LA NACIÓN/GDA Nueva York. El gobierno del presidente estadounidense Joe Biden quiere “escuchar las ideas” de Javier Milei para ver hacia dónde se encamina en política, aprovechando la actual ... See Details: Los personajes más odiados de todos los tiempos en las series: 'Game of Thrones' aparece tres veces entre los 10 más votados - Gobierno de AMLO pagará 2 mil millones de pesos a Liverpool por la bodega para la \"superfarmacia\" Javier Milei (centro) se reunió este lunes 27 de noviembre en Nueva York con el expresidente estadounidense Bill Clinton (der.). FOTO: LA NACIÓN/GDA Nueva York. El gobierno del presidente estadounidense Joe Biden quiere “escuchar las ideas” de Javier Milei para ver hacia dónde se encamina en política, aprovechando la actual ... See Details: Gobierno de AMLO pagará 2 mil millones de pesos a Liverpool por la bodega para la \"superfarmacia\" - ¿Qué usó Anika Rodríguez en la cara durante la final femenil? Javier Milei (centro) se reunió este lunes 27 de noviembre en Nueva York con el expresidente estadounidense Bill Clinton (der.). FOTO: LA NACIÓN/GDA Nueva York. El gobierno del presidente estadounidense Joe Biden quiere “escuchar las ideas” de Javier Milei para ver hacia dónde se encamina en política, aprovechando la actual ... See Details: ¿Qué usó Anika Rodríguez en la cara durante la final femenil? - “Riesgo de una catástrofe nuclear es real y va en aumento”, alerta Juan Ramón de la Fuente en la ONU Javier Milei (centro) se reunió este lunes 27 de noviembre en Nueva York con el expresidente estadounidense Bill Clinton (der.). FOTO: LA NACIÓN/GDA Nueva York. El gobierno del presidente estadounidense Joe Biden quiere “escuchar las ideas” de Javier Milei para ver hacia dónde se encamina en política, aprovechando la actual ... See Details: “Riesgo de una catástrofe nuclear es real y va en aumento”, alerta Juan Ramón de la Fuente en la ONU OTHER NEWS Read more » https://vnexplorer.net/peso-mexicano-se-repliegan-tras-tocar-niveles-no-vistos-desde-septiembre-s136281.html https://vnexplorer.net/peso-mexicano-se-repliegan-tras-tocar-niveles-no-vistos-desde-septiembre-s136281.html https://vnexplorer.net/video-sirena-se-ahoga-durante-pleno-show-en-vivo-usuarios-desatan-teorias-s136048.html https://vnexplorer.net/video-sirena-se-ahoga-durante-pleno-show-en-vivo-usuarios-desatan-teorias-s136048.html https://vnexplorer.net/vanessa-bauche-revela-que-denuncio-al-tio-de-pascacio-lopez-s135885.html https://vnexplorer.net/vanessa-bauche-revela-que-denuncio-al-tio-de-pascacio-lopez-s135885.html https://vnexplorer.net/silvia-pinal-comparte-con-que-famosa-de-la-epoca-de-oro-peleo-un-dia-en-plena-calle-jorge-negrete-s135826.html https://vnexplorer.net/silvia-pinal-comparte-con-que-famosa-de-la-epoca-de-oro-peleo-un-dia-en-plena-calle-jorge-negrete-s135826.html https://vnexplorer.net/becas-benito-juarez-ya-casi-concluye-el-nuevo-periodo-de-registro-estos-son-los-pasos-a-seguir-s135805.html https://vnexplorer.net/becas-benito-juarez-ya-casi-concluye-el-nuevo-periodo-de-registro-estos-son-los-pasos-a-seguir-s135805.html https://vnexplorer.net/matan-a-madre-y-a-sus-2-hijos-durante-ataque-armado-en-salinas-de-hidalgo-slp-s135784.html https://vnexplorer.net/matan-a-madre-y-a-sus-2-hijos-durante-ataque-armado-en-salinas-de-hidalgo-slp-s135784.html",
    "highlightText": "",
    "highlightTitle": "",
    "highlightThreadTitle": "",
    "language": "spanish",
    "sentiment": "positive",
    "categories": [
        "War, Conflict and Unrest"
    ],
    "webz_reporter": false,
    "external_links": [],
    "external_images": [],
    "entities": {
        "persons": [],
        "organizations": [],
        "locations": []
    },
    "rating": null,
    "crawled": "2024-05-03T17:58:38.135+03:00",
    "updated": "2024-05-03T17:58:38.135+03:00"
}