{
    "thread": {
        "uuid": "efdabe56e6e084a6ab0bb7369434e8f47c28fbcb",
        "url": "https://www.canarias7.es/economia/ahorra-factura-luz-canarias-descubre-momentos-clave-20240704222844-nt.html",
        "site_full": "www.canarias7.es",
        "site": "canarias7.es",
        "site_section": "http://www.canarias7.es",
        "site_categories": [
            "society",
            "photography",
            "hobbies_and_interests",
            "dating",
            "top_news"
        ],
        "section_title": "Noticias de última hora en Canarias",
        "title": "Ahorra en tu factura de luz en Canarias: descubre los momentos clave el viernes | Canarias7",
        "title_full": "Ahorra en tu factura de luz en Canarias: descubre los momentos clave el viernes | Canarias7",
        "published": "2024-07-05T00:28:00.000+03:00",
        "replies_count": 0,
        "participants_count": 1,
        "site_type": "news",
        "country": "ES",
        "main_image": "https://s1.ppllstatics.com/canarias7/www/multimedia/2024/07/04/luz-4-h3.jpg",
        "performance_score": 0,
        "domain_rank": 30346,
        "domain_rank_updated": "2024-07-02T13:08:10.000+03:00",
        "reach": null,
        "social": {
            "facebook": {
                "likes": 0,
                "comments": 0,
                "shares": 0
            },
            "gplus": {
                "shares": 0
            },
            "pinterest": {
                "shares": 0
            },
            "linkedin": {
                "shares": 0
            },
            "stumbledupon": {
                "shares": 0
            },
            "vk": {
                "shares": 0
            }
        }
    },
    "uuid": "efdabe56e6e084a6ab0bb7369434e8f47c28fbcb",
    "url": "https://www.canarias7.es/economia/ahorra-factura-luz-canarias-descubre-momentos-clave-20240704222844-nt.html",
    "ord_in_thread": 0,
    "parent_url": null,
    "author": "CANARIAS7",
    "published": "2024-07-05T00:28:00.000+03:00",
    "title": "Ahorra en tu factura de luz en Canarias: descubre los momentos clave el viernes | Canarias7",
    "text": "Secciones Servicios Destacamos Las Palmas de Gran Canaria Jueves, 4 de julio 2024, 22:28 Necesitas ser registrado para acceder a esta funcionalidad. Opciones para compartir Descubre cómo puedes reducir tu factura de la luz en Canarias al máximo aprovechando los momentos de menor coste. Según datos del Ministerio de Transición Ecológica, entre las 15.00 y las 16.00 horas, el precio de la electricidad es de 52,85€/MWh, siendo este el tramo más económico del día. Durante las primeras horas del día, entre las 14.00 y las 17.00 horas, se registra el tramo de tres horas más bajo, donde el costo energético es favorable para optimizar tus consumos. En contraste, entre las 21.00 y las 22.00 horas, se presenta el precio más alto del día, llegando a 209,22€/MWh. La media del día se sitúa en 130,37€/MWh (sufre una subida del 3,88% con respecto al día anterior), ofreciendo una guía útil para tomar decisiones informadas sobre el uso eficiente de la energía. Estas cifras reflejan la importancia de ajustar tus hábitos de consumo eléctrico para ahorrar y promover la sostenibilidad en Canarias. Únete a esta iniciativa para marcar la diferencia en tu factura y en el medio ambiente. 00-01: 122,01€/MWh 01-02: 123,09€/MWh 02-03: 123,26€/MWh 03-04: 130,15€/MWh 04-05: 130,87€/MWh 05-06: 132,07€/MWh 06-07: 137,91€/MWh 07-08: 149,33€/MWh 08-09: 156,78€/MWh 09-10: 123,24€/MWh 10-11: 141,78€/MWh 11-12: 134,83€/MWh 12-13: 110,31€/MWh 13-14: 105,34€/MWh 14-15: 55,58€/MWh 15-16: 52,85€/MWh 16-17: 56,54€/MWh 17-18: 75,56€/MWh 18-19: 150,82€/MWh 19-20: 179,58€/MWh 20-21: 198,42€/MWh 21-22: 209,22€/MWh 22-23: 173,69€/MWh 23-00: 155,7€/MWh Según informa la Red Eléctrica de España, el precio medio del día se establece mediante una media aritmética de los precios diarios, considerando el tipo de tarifa y expresándose en megavatios hora. Esta información se actualizó el 4 de julio de 2024 a las 20.45, ofreciendo así una instantánea reciente de los costos energéticos que afectan a hogares y empresas en nuestro país. Publicidad Publicidad Publicidad Publicidad Comentar es una ventaja exclusiva para registrados ¿Ya eres registrado? Necesitas ser suscriptor para poder votar. Reporta un error en esta noticia",
    "highlightText": "",
    "highlightTitle": "",
    "highlightThreadTitle": "",
    "language": "spanish",
    "sentiment": "positive",
    "categories": [
        "Environment"
    ],
    "webz_reporter": false,
    "external_links": [],
    "external_images": [],
    "entities": {
        "persons": [],
        "organizations": [],
        "locations": []
    },
    "rating": null,
    "crawled": "2024-07-05T00:40:52.533+03:00",
    "updated": "2024-07-05T00:40:52.533+03:00"
}