{
    "thread": {
        "uuid": "dbce8229003697a12d5f27e47ba48482eba75519",
        "url": "https://guardian.ng/niger-subsidises-fertilizer-farm-inputs-by-50",
        "site_full": "guardian.ng",
        "site": "guardian.ng",
        "site_section": "https://guardian.ng/category/national/",
        "site_categories": [
            "media"
        ],
        "section_title": null,
        "title": "Niger subsidises fertilizer, farm inputs by 50%",
        "title_full": "Niger subsidises fertilizer, farm inputs by 50%",
        "published": "2024-07-05T02:57:00.000+03:00",
        "replies_count": 0,
        "participants_count": 1,
        "site_type": "news",
        "country": "NG",
        "main_image": "",
        "performance_score": 0,
        "domain_rank": 4816,
        "domain_rank_updated": "2024-07-02T13:08:10.000+03:00",
        "reach": null,
        "social": {
            "facebook": {
                "likes": 0,
                "comments": 0,
                "shares": 0
            },
            "gplus": {
                "shares": 0
            },
            "pinterest": {
                "shares": 0
            },
            "linkedin": {
                "shares": 0
            },
            "stumbledupon": {
                "shares": 0
            },
            "vk": {
                "shares": 0
            }
        }
    },
    "uuid": "dbce8229003697a12d5f27e47ba48482eba75519",
    "url": "https://guardian.ng/niger-subsidises-fertilizer-farm-inputs-by-50",
    "ord_in_thread": 0,
    "parent_url": null,
    "author": "Tope Olaiya",
    "published": "2024-07-05T02:57:00.000+03:00",
    "title": "Niger subsidises fertilizer, farm inputs by 50%",
    "text": "Niger State Government has subsidised the prices of fertilizer by 50 per cent in order to achieve sustainable food security, reduce food cost as well as address unemployment in the state.\nGovernor Mohammed Umaru Bago announced this while launching the 2024 farming session’s sales and distribution of fertilizer and other agricultural inputs, at Farm Centre, Tunga in Minna.\nBago reiterated the commitment of his administration in prioritising agriculture, investing in machinery and technology to boost productivity in line with his New Niger Agenda.\nHe assured farmers of government support for the 2024 farming season and beyond.\nEarlier, the Commissioner for Agriculture, Musa Salihu Bawa Bosso, said the state is prioritising implementation of the cultivation of 10,000 hectares of land in each of the 25 local government areas, adding that the ministry is working with the Niger Food to actualise the dream.\nHe added that the Niger State Agricultural and Mechanisation Development Authority (NAMDA) is working with Niger Food to address the need of 20,000 smallholder’s farmers and 10,000 medium holders, having access to 1,000 power tillers and agro inputs.\nHe appealed to the governor to support the resuscitation of the state’s buffer stock programme in comatose for several years so as to purchase in stock for sale at subsidised rates when necessary.",
    "highlightText": "",
    "highlightTitle": "",
    "highlightThreadTitle": "",
    "language": "english",
    "sentiment": "positive",
    "categories": [
        "Social Issue",
        "Economy, Business and Finance",
        "Environment"
    ],
    "webz_reporter": false,
    "external_links": [],
    "external_images": [],
    "entities": {
        "persons": [
            {
                "name": "tunga",
                "sentiment": "none"
            },
            {
                "name": "musa salihu bawa bosso",
                "sentiment": "none"
            },
            {
                "name": "mohammed umaru bago",
                "sentiment": "none"
            }
        ],
        "organizations": [
            {
                "name": "niger state government",
                "sentiment": "negative"
            },
            {
                "name": "niger state agricultural and mechanisation development authority",
                "sentiment": "none"
            },
            {
                "name": "niger food",
                "sentiment": "none"
            },
            {
                "name": "namda",
                "sentiment": "none"
            }
        ],
        "locations": [
            {
                "name": "niger",
                "sentiment": "none"
            },
            {
                "name": "farm centre",
                "sentiment": "none"
            },
            {
                "name": "bago",
                "sentiment": "none"
            },
            {
                "name": "minna",
                "sentiment": "none"
            }
        ]
    },
    "rating": null,
    "crawled": "2024-07-05T04:14:19.184+03:00",
    "updated": "2024-07-05T08:48:42.207+03:00"
}