{
    "thread": {
        "uuid": "fc462031bdb424dc7e8a5e241b64086d0031fefa",
        "url": "https://www.thenews.com.pk/print/1206468-pledge-made-to-improve-oil-and-gas-production-capacity",
        "site_full": "www.thenews.com.pk",
        "site": "thenews.com.pk",
        "site_section": "https://www.thenews.com.pk/rss/2/19",
        "site_categories": [
            "media"
        ],
        "section_title": "The News International - ",
        "title": "Pledge made to improve oil and gas production capacity",
        "title_full": "Pledge made to improve oil and gas production capacity",
        "published": "2024-07-05T03:00:00.000+03:00",
        "replies_count": 0,
        "participants_count": 1,
        "site_type": "news",
        "country": "US",
        "main_image": "https://www.thenews.com.pk/assets/uploads/akhbar/2024-07-05/l_1206468_054302_updates.jpg",
        "performance_score": 0,
        "domain_rank": 5085,
        "domain_rank_updated": "2024-07-02T13:08:10.000+03:00",
        "reach": null,
        "social": {
            "facebook": {
                "likes": 0,
                "comments": 0,
                "shares": 0
            },
            "gplus": {
                "shares": 0
            },
            "pinterest": {
                "shares": 0
            },
            "linkedin": {
                "shares": 0
            },
            "stumbledupon": {
                "shares": 0
            },
            "vk": {
                "shares": 0
            }
        }
    },
    "uuid": "fc462031bdb424dc7e8a5e241b64086d0031fefa",
    "url": "https://www.thenews.com.pk/print/1206468-pledge-made-to-improve-oil-and-gas-production-capacity",
    "ord_in_thread": 0,
    "parent_url": null,
    "author": "@Bureau report",
    "published": "2024-07-05T03:00:00.000+03:00",
    "title": "Pledge made to improve oil and gas production capacity",
    "text": "PESHAWAR: Speakers at a seminar said here on Thursday the KP Energy Department was determined to increase the production capacity of oil and gas in the province which would help boost the economy.\nThey were addressing the one-day seminar arranged by the Energy and Power Department for the improvement of the guidelines of production bonus funds in the oil and gas-producing districts.Special Secretary Energy and Power Tashfeen Haider was the special guest.\nAdditional Secretary Oil and Gas Akhlaq Ahmed, Deputy Secretaries Asif Ali, Javed Afridi and the representatives of companies working for the production of oil and gas, Mari Petroleum, Al Haj Petroleum Companies, Khyber Pakhtunkhwa Oil and Gas Company and district administration were present there.\nTashfeen Haider said that 42 percent of the country’s crude oil production, about 30,000 barrels of oil per day, was being produced in Khyber Pakhtunkhwa.He said that oil and gas were being produced at 16 places in the southern districts of the province — Kohat, Karak, Hangu and Lakki Marwat — from which the province was getting billions of rupees in the form of royalty and federal excise duty on gas.\nProvincial Minister for Agriculture Muhammad Sajjad seen in this image on March 11, 2024. — Facebook/Agriculture...\nMourners carry religious flags while marching during a procession on Muharram 8. — AFP/FileKOHAT: The top officials...\nKhyber Pakhtunkhwa Chief Minister Ali Amin Gandapur is seen speaking in this still taken from a video. —...\nUoP building can be seen in this picture released on September 22, 2022. — Facebook/University of...\nRepresentational image of a Rescue 1122 ambulance. — APP FileHARIPUR/ MANSEHRA: Eight people were killed and 17...\nInspector General Police Punjab Dr Usman Anwar addressing an event on December 17, 2023. — Facebook/Punjab Police...",
    "highlightText": "",
    "highlightTitle": "",
    "highlightThreadTitle": "",
    "language": "english",
    "sentiment": "positive",
    "categories": [
        "Environment"
    ],
    "webz_reporter": false,
    "external_links": [],
    "external_images": [],
    "entities": {
        "persons": [
            {
                "name": "tashfeen haider",
                "sentiment": "none"
            },
            {
                "name": "javed afridi",
                "sentiment": "none"
            },
            {
                "name": "gas akhlaq ahmed",
                "sentiment": "none"
            },
            {
                "name": "power tashfeen haider",
                "sentiment": "none"
            },
            {
                "name": "mari petroleum",
                "sentiment": "none"
            },
            {
                "name": "lakki marwat",
                "sentiment": "none"
            },
            {
                "name": "asif ali",
                "sentiment": "none"
            }
        ],
        "organizations": [
            {
                "name": "kp energy department",
                "sentiment": "negative"
            },
            {
                "name": "energy and power department",
                "sentiment": "none"
            },
            {
                "name": "al haj petroleum companies",
                "sentiment": "none"
            },
            {
                "name": "khyber pakhtunkhwa oil and gas company",
                "sentiment": "none"
            }
        ],
        "locations": [
            {
                "name": "peshawar",
                "sentiment": "none"
            },
            {
                "name": "kohat",
                "sentiment": "none"
            },
            {
                "name": "hangu",
                "sentiment": "none"
            },
            {
                "name": "karak",
                "sentiment": "none"
            }
        ]
    },
    "rating": null,
    "crawled": "2024-07-05T06:33:34.118+03:00",
    "updated": "2024-07-05T06:33:34.118+03:00"
}