{
    "thread": {
        "uuid": "1f1cc0428d7bcb6990f088d6c2fdea08679aef8a",
        "url": "https://www.infobae.com/opinion/2024/07/05/generacion-z-y-cafe-consumo-preferencias-y-compromiso-con-el-medio-ambiente",
        "site_full": "www.infobae.com",
        "site": "infobae.com",
        "site_section": "https://www.infobae.com/?noredirect",
        "site_categories": [
            "media",
            "top_news"
        ],
        "section_title": "Hacemos periodismo - Infobae",
        "title": "Generación Z y café: consumo, preferencias y compromiso con el medio ambiente - Infobae",
        "title_full": "Generación Z y café: consumo, preferencias y compromiso con el medio ambiente - Infobae",
        "published": "2024-07-05T09:53:00.000+03:00",
        "replies_count": 0,
        "participants_count": 1,
        "site_type": "news",
        "country": "AR",
        "main_image": "https://www.infobae.com/new-resizer/VkHfAiE5psbpVYe4B3Ce3_Y4qOM=/1200x630/filters:format(webp):quality(85)/cloudfront-us-east-1.images.arcpublishing.com/infobae/HGGEPHRJKVFIZCKQZGYO4KA76I.jpg",
        "performance_score": 0,
        "domain_rank": 1952,
        "domain_rank_updated": "2024-07-02T13:08:10.000+03:00",
        "reach": null,
        "social": {
            "facebook": {
                "likes": 0,
                "comments": 0,
                "shares": 0
            },
            "gplus": {
                "shares": 0
            },
            "pinterest": {
                "shares": 0
            },
            "linkedin": {
                "shares": 0
            },
            "stumbledupon": {
                "shares": 0
            },
            "vk": {
                "shares": 0
            }
        }
    },
    "uuid": "1f1cc0428d7bcb6990f088d6c2fdea08679aef8a",
    "url": "https://www.infobae.com/opinion/2024/07/05/generacion-z-y-cafe-consumo-preferencias-y-compromiso-con-el-medio-ambiente",
    "ord_in_thread": 0,
    "parent_url": null,
    "author": "Javier Boustani",
    "published": "2024-07-05T09:53:00.000+03:00",
    "title": "Generación Z y café: consumo, preferencias y compromiso con el medio ambiente - Infobae",
    "text": "Esta generación marca preferencias y experiencias, pero también se compromete con el impacto ambiental de su consumo Esta nueva generación de jóvenes está dejando su huella en el mundo del café con un enfoque único y dinámico, dónde marcan agenda en cuanto a preferencias, experiencias e impacto ambiental.\nLa Gen Z , compuesta por individuos nacidos aproximadamente entre mediados de los años 1990 y mediados de los 2010, está redefiniendo el mundo del café con su enfoque único, apasionado y consciente. No sólo marcan tendencias en sus preferencias y experiencias, sino que también están profundamente comprometidos con el impacto ambiental de su consumo. Muestra patrones de consumo de café que reflejan tanto continuidad como cambio en comparación con generaciones anteriores.\nAquí, algunos aspectos clave sobre cómo esta generación percibe y consume café de manera tradicional pero también muestra interés en alternativas como el café cold brew, café nitro, y bebidas a base de café como los lattes y los frappés.\nUn nuevo romance con el café Exploración y Experimentación: lejos de limitarse a las bebidas energéticas, la Generación Z está descubriendo un nuevo amor por el café. En las coloridas calles de las ciudades y en los rincones acogedores de las cafeterías, estos jóvenes se dejan seducir por las infinitas posibilidades que ofrece el café. Desde el estimulante café cold brew hasta el intrigante café nitro, pasando por lattes personalizados y frappés con un toque artístico, cada taza es una aventura.\nLa Magia del Café de Especialidad: para la Generación Z, el café es más que una bebida, es una experiencia. Valoran la historia detrás de cada grano, apreciando la dedicación y el arte que conlleva producir un café de especialidad. Buscan calidad y autenticidad, ansiosos por descubrir el origen de su bebida y los métodos sostenibles de cultivo que la hacen posible. En cada sorbo, saborean no solo el café, sino también el esfuerzo y la pasión de los agricultores.\nPersonalización y Experiencia: en las cafeterías, la Generación Z encuentra un espacio para expresarse. Personalizan sus bebidas con leches alternativas, siropes naturales y otros ingredientes que reflejan sus gustos y valores. No es solo el sabor lo que les atrae, sino la experiencia completa: el ambiente, la interacción con los baristas, y la oportunidad de crear una bebida que sea verdaderamente suya. Cada visita a la cafetería es un ritual, una pausa en su día para disfrutar de algo especial.\nInfluencias Digitales y Sociales: las redes sociales son el escenario donde la Generación Z muestra su amor por el café. Fotografían sus bebidas, comparten sus experiencias y se dejan influir por las recomendaciones de sus influencers favoritos. En plataformas como Instagram y TikTok, el café se convierte en una forma de conectar, de compartir momentos y de influir en las tendencias de consumo.\nCompromiso con el planeta Conciencia y Responsabilidad: la Generación Z no solo busca disfrutar del café, sino también asegurarse de que su consumo sea responsable. Están informados y preocupados por la sostenibilidad ambiental y las prácticas éticas en la producción de alimentos. Prefieren marcas que promuevan el comercio justo y métodos de cultivos responsables, conscientes de que cada elección puede hacer una diferencia.\nReduciendo la Huella de Carbono: la producción de café, desde el cultivo hasta la taza, implica una serie de procesos que pueden tener un impacto ambiental significativo. La Generación Z, con su mentalidad consciente, busca reducir esta huella de carbono. Entienden que cada etapa, desde la energía utilizada en la plantación hasta el transporte y el tostado, contribuye a las emisiones de gases de efecto invernadero. Por eso, apoyan prácticas sostenibles y buscan marcas comprometidas con la reducción de su impacto ambiental.",
    "highlightText": "",
    "highlightTitle": "",
    "highlightThreadTitle": "",
    "language": "spanish",
    "sentiment": "positive",
    "categories": [
        "Lifestyle and Leisure",
        "Social Issue",
        "Environment"
    ],
    "webz_reporter": false,
    "external_links": [],
    "external_images": [],
    "entities": {
        "persons": [],
        "organizations": [],
        "locations": []
    },
    "rating": null,
    "crawled": "2024-07-05T09:58:10.993+03:00",
    "updated": "2024-07-05T09:58:10.993+03:00"
}