{
    "thread": {
        "uuid": "2294e401f56e7acd108baff01614be083d9a0978",
        "url": "https://timesofindia.indiatimes.com/city/guwahati/rhino-calf-rescued-in-kaziranga-national-park/articleshow/111499703.cms",
        "site_full": "timesofindia.indiatimes.com",
        "site": "indiatimes.com",
        "site_section": "https://timesofindia.indiatimes.com/city/guwahati",
        "site_categories": [
            "under_construction",
            "non_standard_content",
            "top_news"
        ],
        "section_title": "Guwahati News, Latest Guwahati News Headlines &amp; Live Updates - Times of India",
        "title": "Rhino Calf: Rhino calf rescued in Kaziranga National Park | Guwahati News - Times of India",
        "title_full": "Rhino Calf: Rhino calf rescued in Kaziranga National Park | Guwahati News - Times of India",
        "published": "2024-07-05T01:58:00.000+03:00",
        "replies_count": 0,
        "participants_count": 1,
        "site_type": "news",
        "country": "IN",
        "main_image": "https://static.toiimg.com/thumb/msid-47529300,width-1070,height-580,imgsize-110164,resizemode-75,overlay-toi_sw,pt-32,y_pad-40/photo.jpg",
        "performance_score": 0,
        "domain_rank": 290,
        "domain_rank_updated": "2024-07-02T13:08:10.000+03:00",
        "reach": null,
        "social": {
            "facebook": {
                "likes": 0,
                "comments": 0,
                "shares": 0
            },
            "gplus": {
                "shares": 0
            },
            "pinterest": {
                "shares": 0
            },
            "linkedin": {
                "shares": 0
            },
            "stumbledupon": {
                "shares": 0
            },
            "vk": {
                "shares": 0
            }
        }
    },
    "uuid": "2294e401f56e7acd108baff01614be083d9a0978",
    "url": "https://timesofindia.indiatimes.com/city/guwahati/rhino-calf-rescued-in-kaziranga-national-park/articleshow/111499703.cms",
    "ord_in_thread": 0,
    "parent_url": null,
    "author": "TNN",
    "published": "2024-07-05T01:58:00.000+03:00",
    "title": "Rhino Calf: Rhino calf rescued in Kaziranga National Park | Guwahati News - Times of India",
    "text": "Guwahati: A two-year-old female rhino calf which was separated from its mother was rescued from the floodwaters inside the Kaziranga National Park’s Kohora range on Wednesday evening.According to teams of the Assam forest line and mobile veterinary service from the Centre for Wildlife Rehabilitation and Conservation (CWRC), managed by the Assam forest department and the Wildlife Trust of India, the calf was found struggling to stay afloat inside the park.After its rescue, the calf was transported to the CWRC and is currently being monitored 24X7 by a team of veterinarians and animal keepers, officials added.We also published the following articles recentlySeparated from mother, 2-year-old rhino calf rescued from flood in Assam's Kaziranga national parkLearn about the successful rescue of a 2-year-old female rhino calf from floodwaters in Kaziranga National Park. The calf, separated from its mother, is now receiving round-the-clock care at the Centre for Wildlife Rehabilitation and Conservation. Follow the journey of this calf as it prepares to return to the wild.111494892Assam floods: 17 wild animals drown, 72 rescued in Kaziranga National ParkLearn about the recent flooding in Kaziranga National Park where 17 wild animals tragically drowned. Forest authorities rescued 72 animals, with 32 under treatment. The flood situation remains severe in Kaziranga, affecting 173 forest camps. Assam is also grappling with flooding, impacting over 16.25 lakh people in 29 districts.111477144Four animals dead in flooded Kaziranga National Park, 24 rescuedLearn about the recent flooding in Kaziranga National Park where four hog deer drowned and 24 animals were rescued. Find out how the flood waters are impacting the park's ecosystem and why experts believe floods are essential for its preservation.111433788",
    "highlightText": "",
    "highlightTitle": "",
    "highlightThreadTitle": "",
    "language": "english",
    "sentiment": "positive",
    "categories": [
        "Human Interest",
        "Environment"
    ],
    "webz_reporter": false,
    "external_links": [],
    "external_images": [],
    "entities": {
        "persons": [],
        "organizations": [
            {
                "name": "guwahati news - times of india guwahati",
                "sentiment": "negative"
            },
            {
                "name": "centre for wildlife rehabilitation and conservation",
                "sentiment": "none"
            },
            {
                "name": "wildlife trust of india",
                "sentiment": "none"
            },
            {
                "name": "cwrc",
                "sentiment": "none"
            }
        ],
        "locations": [
            {
                "name": "kaziranga national park",
                "sentiment": "none"
            },
            {
                "name": "kaziranga",
                "sentiment": "none"
            },
            {
                "name": "assam",
                "sentiment": "none"
            }
        ]
    },
    "rating": null,
    "crawled": "2024-07-05T03:03:39.194+03:00",
    "updated": "2024-07-05T03:03:39.194+03:00"
}