{
    "thread": {
        "uuid": "434813e86d5c8851863c1eb161ee1e6e088f27b5",
        "url": "https://mx.fashionnetwork.com/news/Fibrashop-avanza-en-su-estrategia-sostenible-con-una-nueva-certificacion-edge,1647899.html",
        "site_full": "mx.fashionnetwork.com",
        "site": "fashionnetwork.com",
        "site_section": "https://mx.fashionnetwork.com",
        "site_categories": [
            "fashion",
            "style_and_fashion"
        ],
        "section_title": "FashionNetwork México - El portal para los profesionales de la moda, el lujo y la belleza.",
        "title": "FibraShop avanza en su estrategia sostenible con una nueva certificación EDGE",
        "title_full": "FibraShop avanza en su estrategia sostenible con una nueva certificación EDGE",
        "published": "2024-07-05T06:10:00.000+03:00",
        "replies_count": 0,
        "participants_count": 1,
        "site_type": "news",
        "country": "FR",
        "main_image": "https://media.fashionnetwork.com/cdn-cgi/image/fit=cover,width=600,height=600/m/da23/520e/1a6b/f2de/4f4c/2045/8fef/f150/6e70/081f/081f.jpeg",
        "performance_score": 0,
        "domain_rank": 10022,
        "domain_rank_updated": "2024-07-02T13:08:10.000+03:00",
        "reach": null,
        "social": {
            "facebook": {
                "likes": 0,
                "comments": 0,
                "shares": 0
            },
            "gplus": {
                "shares": 0
            },
            "pinterest": {
                "shares": 0
            },
            "linkedin": {
                "shares": 0
            },
            "stumbledupon": {
                "shares": 0
            },
            "vk": {
                "shares": 0
            }
        }
    },
    "uuid": "434813e86d5c8851863c1eb161ee1e6e088f27b5",
    "url": "https://mx.fashionnetwork.com/news/Fibrashop-avanza-en-su-estrategia-sostenible-con-una-nueva-certificacion-edge,1647899.html",
    "ord_in_thread": 0,
    "parent_url": null,
    "author": "Alicia Mares",
    "published": "2024-07-05T06:10:00.000+03:00",
    "title": "FibraShop avanza en su estrategia sostenible con una nueva certificación EDGE",
    "text": "FibraShop, el fideicomiso mexicano dedicado a adquirir, construir y operar centros comerciales en México, confirmó que su complejo Puerta La Victoria, ubicado en Santiago de Querétaro recibió la certificación EDGE (Excellence in Design for Greater Efficiencies) que avala la construcción sostenible y se enfoca en hacer edificios más eficientes.\nPuerta LaVictoria de FibraShop - Web Archello\n\"Esta certificación juega un papel crucial en nuestra estrategia para mejorar el rendimiento ambiental de nuestras propiedades, optimizando el consumo de recursos y reduciendo nuestra huella de carbono. A través de este proceso, no solo buscamos cumplir con nuestras metas de sostenibilidad, sino también generar valor agregado a nuestras operaciones y mejorar la experiencia de nuestros usuarios y comunidades\", destaca FibraShop.\nSegún adelanta, el plan de certificación para Puerta La Victoria inició en 2023 y fue hasta junio de este 2024 cuando la Corporación Financiera Internacional (IFC, por sus siglas en inglés) decidió otorgar al complejo la certificación EDGE después de la auditoría correspondiente, teniendo en cuenta su ahorro del 21 % en energía, 52 % en agua y 64 % en materiales.\nPublicidad De esta forma, la compañía mexicana sigue avanzando en su agenda de sostenibilidad. Tal como informó previamente FashionNetwork.com, FibraShop concluyó el ejercicio 2023 con un 25 % de consumo total de energía renovable.\nCopyright © 2024 FashionNetwork.com Todos los derechos reservados.",
    "highlightText": "",
    "highlightTitle": "",
    "highlightThreadTitle": "",
    "language": "spanish",
    "sentiment": "positive",
    "categories": [
        "Corporate News and Profiles",
        "Business and Market Analysis",
        "Environment"
    ],
    "webz_reporter": false,
    "external_links": [],
    "external_images": [],
    "entities": {
        "persons": [],
        "organizations": [],
        "locations": []
    },
    "rating": null,
    "crawled": "2024-07-05T07:50:55.050+03:00",
    "updated": "2024-07-05T07:50:55.050+03:00"
}