{
    "thread": {
        "uuid": "cd825fccee4aed2fd1928e195c2a13271a7bd866",
        "url": "https://luxuriousrentz.com/%ec%b6%9c%ec%9e%a5%eb%a7%88%ec%82%ac%ec%a7%80-to-make-your-dreams-come-true-3",
        "site_full": "luxuriousrentz.com",
        "site": "luxuriousrentz.com",
        "site_section": "https://luxuriousrentz.com/category/health-fitness-medicine/",
        "site_categories": [],
        "section_title": null,
        "title": "출장마사지 To Make Your Dreams Come True",
        "title_full": "출장마사지 To Make Your Dreams Come True",
        "published": "2024-07-04T23:07:00.000+03:00",
        "replies_count": 0,
        "participants_count": 1,
        "site_type": "news",
        "country": "DE",
        "main_image": "",
        "performance_score": 0,
        "domain_rank": 15544,
        "domain_rank_updated": "2024-07-02T13:08:10.000+03:00",
        "reach": null,
        "social": {
            "facebook": {
                "likes": 0,
                "comments": 0,
                "shares": 0
            },
            "gplus": {
                "shares": 0
            },
            "pinterest": {
                "shares": 0
            },
            "linkedin": {
                "shares": 0
            },
            "stumbledupon": {
                "shares": 0
            },
            "vk": {
                "shares": 0
            }
        }
    },
    "uuid": "cd825fccee4aed2fd1928e195c2a13271a7bd866",
    "url": "https://luxuriousrentz.com/%ec%b6%9c%ec%9e%a5%eb%a7%88%ec%82%ac%ec%a7%80-to-make-your-dreams-come-true-3",
    "ord_in_thread": 0,
    "parent_url": null,
    "author": "Felipa Sinnett",
    "published": "2024-07-04T23:07:00.000+03:00",
    "title": "출장마사지 To Make Your Dreams Come True",
    "text": "Healthy consuming has quite a few benefits, like reducing the chance of heart problems, stroke, weight problems, and type 2 diabetic issues. Someone can also Increase their mood and obtain more Power by retaining a well balanced diet program.\nDon’t ignore nut butters! They have many of the very same overall health Rewards as nuts on their own, but they’re a super-functional ingredient in many different dishes and snacks.\nYou won’t hear any issues when these crispy snacks hit the table! They are much like the primary, only without the deep frying.\nToss it that has a frivolously sweetened soy sauce, and dinner’s Prepared! “This was excellent as it is so healthy and but pretty flavorful,” claims betsyjane. Gwen adds, “This is often delightful, it doesn’t matter what greens I take advantage of.”\nPreserve a stash of those burritos from the freezer and get one particular when you are in a very hurry. These burritos reheat effortlessly inside the microwave and are full of protein-wealthy tofu, beans and lots of veggies.\nBy clicking “Take All Cookies”, you conform to the storing of cookies in your system to enhance web page navigation, assess web page utilization, and guide within our promoting attempts.\nAware Chef is really a certified B Corp that originated in britain. This provider presents gluten and dairy-absolutely free foods set up by nutritionists. In your order, you’ll get tasty meals cooked from regionally and ethically sourced components.\nThese healthy quinoa stuffed baked tomatoes are filling, delightful and exceptionally nutritious! Hen and quinoa make for your nutritious combo, ulsan-anma1.net rounded up Along with the juicy tomatoes.\nThen all I should do each morning is warmth up my skillet. My preferred portion is definitely the goat cheese filling, which will get nice and creamy with the warmth from the omelet. —Lynne Dieterle, Rochester Hills, Michigan\nA new investigation has observed that food and beverage organizations are spending influencers on Tiktok and Instagram to spread misinformation and downplay…\nSelect & personalize Decide on your meals from our rotating weekly menu. 15 new healthy selections out there each and every week. Outline your dietetic anticipations if wanted.\nWhen you’ve often thought of sage with turkey, check out it with salmon for a little bit style of heaven. We provide this with rice, salad and sauteed eco-friendly beans. —Nicole Raskopf, Beacon, The big apple\nOur gourmet chefs manage the prepping and cooking so you can take a split from town tension and do you.\nNow you can appreciate an excellent rapidly and delicious meat-no cost meal in the home. This mediterranean influenced gnocchi and veggies skillet will shock you by its Affiliation of textures and flavors.",
    "highlightText": "",
    "highlightTitle": "",
    "highlightThreadTitle": "",
    "language": "english",
    "sentiment": "positive",
    "categories": [
        "Environment"
    ],
    "webz_reporter": false,
    "external_links": [
        "https://www.shewrites.com/search?q=gourmet%20chefs",
        "https://ulsan-anma1.net/",
        "https://ulsan-anma1.net",
        "https://www.ulsan-anma1.net/",
        "https://www.shewrites.com/search",
        "https://shewrites.com/search?q=gourmet%20chefs"
    ],
    "external_images": [],
    "entities": {
        "persons": [
            {
                "name": "gwen",
                "sentiment": "none"
            }
        ],
        "organizations": [],
        "locations": []
    },
    "rating": null,
    "crawled": "2024-07-05T00:53:07.154+03:00",
    "updated": "2024-07-05T00:53:07.154+03:00"
}