{
    "thread": {
        "uuid": "4bfdf6105cda9dbff5a6afb283a44da3e0643655",
        "url": "https://timesofindia.indiatimes.com/city/mangaluru/environment-day-celebrated-at-government-pre-university-girls-college-in-mangaluru/articleshow/111499033.cms",
        "site_full": "timesofindia.indiatimes.com",
        "site": "indiatimes.com",
        "site_section": "https://timesofindia.indiatimes.com/rssfeeds/3942690.cms",
        "site_categories": [
            "under_construction",
            "non_standard_content",
            "top_news"
        ],
        "section_title": "Mangaluru News, Latest Mangaluru News Headlines &amp; Live Updates - Times of India",
        "title": "Environment Day: Environment Day celebrated at Government Pre-University Girls’ College in Mangaluru | Mangaluru News - Times of India",
        "title_full": "Environment Day: Environment Day celebrated at Government Pre-University Girls’ College in Mangaluru | Mangaluru News - Times of India",
        "published": "2024-07-05T01:40:00.000+03:00",
        "replies_count": 0,
        "participants_count": 1,
        "site_type": "news",
        "country": "IN",
        "main_image": "https://static.toiimg.com/thumb/msid-47529300,width-1070,height-580,imgsize-110164,resizemode-75,overlay-toi_sw,pt-32,y_pad-40/photo.jpg",
        "performance_score": 0,
        "domain_rank": 290,
        "domain_rank_updated": "2024-07-02T13:08:10.000+03:00",
        "reach": null,
        "social": {
            "facebook": {
                "likes": 0,
                "comments": 0,
                "shares": 0
            },
            "gplus": {
                "shares": 0
            },
            "pinterest": {
                "shares": 0
            },
            "linkedin": {
                "shares": 0
            },
            "stumbledupon": {
                "shares": 0
            },
            "vk": {
                "shares": 0
            }
        }
    },
    "uuid": "4bfdf6105cda9dbff5a6afb283a44da3e0643655",
    "url": "https://timesofindia.indiatimes.com/city/mangaluru/environment-day-celebrated-at-government-pre-university-girls-college-in-mangaluru/articleshow/111499033.cms",
    "ord_in_thread": 0,
    "parent_url": null,
    "author": "TNN",
    "published": "2024-07-05T01:40:00.000+03:00",
    "title": "Environment Day: Environment Day celebrated at Government Pre-University Girls’ College in Mangaluru | Mangaluru News - Times of India",
    "text": "Mangaluru: The Government Pre-University Girls’ College, in collaboration with Saalu Marada Thimmakka Environmental Association and NSS, jointly celebrated Environment Day and Vanamahotsava. On this occasion, fruit saplings were planted in the college premises. It was presided over by college principal Vanita Devadiga. The chief guest, Keshava Ramakunja, founder of Mangalore’s environmental awareness organisation ‘Kasvi Hasiru Dibbana,’ participated and encouraged students to plant a tree on their birthdays, to contribute to environmental conservation. tnnWe also published the following articles recentlyA host of factors, both social & environmental, behind rising cases of mobocracy: ExpertsDiscover the sociological insights behind recent cases of mob violence in Kolkata. Experts discuss factors like repressed anger, voyeuristic tendencies, and the impact of global warming on violent behavior. Learn more about the need to address underlying societal issues to prevent such incidents.111442848Priyotoma fame Idhika Paul celebrates her birthday by planting saplings; Gives away a special messageLearn about actress Idhika Paul's unique birthday celebration where she planted saplings in the countryside. Known for her roles in Rimli and Pilu, she is set to make her Tollywood debut in the film Khadaan alongside superstar Dev. Directed by Soojit Dutta, the movie portrays the struggles of mine workers.111489256College principal alleges assault by SFI activistsAlleged assault on college principal by SFI activists at Gurudeva College in Koyilandy over admission helpdesk dispute. Police cases filed. Get the latest updates!111422950",
    "highlightText": "",
    "highlightTitle": "",
    "highlightThreadTitle": "",
    "language": "english",
    "sentiment": "positive",
    "categories": [
        "Human Interest",
        "Education",
        "Environment"
    ],
    "webz_reporter": false,
    "external_links": [],
    "external_images": [],
    "entities": {
        "persons": [
            {
                "name": "saalu marada thimmakk",
                "sentiment": "negative"
            },
            {
                "name": "kasvi hasiru dibbana",
                "sentiment": "none"
            },
            {
                "name": "vanita devadiga",
                "sentiment": "none"
            },
            {
                "name": "keshava ramakunja",
                "sentiment": "none"
            },
            {
                "name": "idhika paul",
                "sentiment": "none"
            }
        ],
        "organizations": [
            {
                "name": "mangaluru news - times of india mangaluru",
                "sentiment": "negative"
            },
            {
                "name": "government pre-university girls’ college",
                "sentiment": "neutral"
            },
            {
                "name": "environmental association",
                "sentiment": "none"
            },
            {
                "name": "nss",
                "sentiment": "none"
            }
        ],
        "locations": [
            {
                "name": "mangaluru",
                "sentiment": "none"
            },
            {
                "name": "kolkata",
                "sentiment": "none"
            },
            {
                "name": "mangalore",
                "sentiment": "none"
            }
        ]
    },
    "rating": null,
    "crawled": "2024-07-05T03:29:24.768+03:00",
    "updated": "2024-07-05T03:29:24.768+03:00"
}