{
    "thread": {
        "uuid": "d0418000829b512fbf444be0573c7aeafb96f8f8",
        "url": "https://g1.globo.com/am/amazonas/noticia/2024/07/04/xprise-rainforest-cientistas-de-seis-paises-sao-finalistas-em-premio-de-tecnologia-e-biodiversidade.ghtml",
        "site_full": "g1.globo.com",
        "site": "globo.com",
        "site_section": "http://g1.globo.com/dynamo/rss2.xml",
        "site_categories": [
            "media",
            "top_news"
        ],
        "section_title": "g1",
        "title": "Xprise Rainforest: cientistas de seis países são finalistas em prêmio de tecnologia e biodiversidade",
        "title_full": "Xprise Rainforest: cientistas de seis países são finalistas em prêmio de tecnologia e biodiversidade",
        "published": "2024-07-05T01:08:00.000+03:00",
        "replies_count": 0,
        "participants_count": 0,
        "site_type": "news",
        "country": "BR",
        "main_image": "https://s2-g1.glbimg.com/b_AkugJcgAZBCXYmYgZlNpyv6y8=/1200x/smart/filters:cover():strip_icc()/s03.video.glbimg.com/x720/12732838.jpg",
        "performance_score": 0,
        "domain_rank": 748,
        "domain_rank_updated": "2024-07-02T13:08:10.000+03:00",
        "reach": null,
        "social": {
            "facebook": {
                "likes": 0,
                "comments": 0,
                "shares": 0
            },
            "gplus": {
                "shares": 0
            },
            "pinterest": {
                "shares": 0
            },
            "linkedin": {
                "shares": 0
            },
            "stumbledupon": {
                "shares": 0
            },
            "vk": {
                "shares": 0
            }
        }
    },
    "uuid": "d0418000829b512fbf444be0573c7aeafb96f8f8",
    "url": "https://g1.globo.com/am/amazonas/noticia/2024/07/04/xprise-rainforest-cientistas-de-seis-paises-sao-finalistas-em-premio-de-tecnologia-e-biodiversidade.ghtml",
    "ord_in_thread": 0,
    "parent_url": null,
    "author": null,
    "published": "2024-07-05T01:08:00.000+03:00",
    "title": "Xprise Rainforest: cientistas de seis países são finalistas em prêmio de tecnologia e biodiversidade",
    "text": "Xprize Rainforest compreende melhor os ecossistemas das florestas tropicais\nCientistas do mundo inteiro se reuniram em\nManaus, nesta quinta-feira (4) para desenvolver e apresentar tecnologias voltadas para mapear o ecossistema de florestas tropicais durante o Xprise Rainforest. A primeira fase do evento, que foi a apresentação dos projetos, aconteceu em um hotel no Centro da capital amazonense.\nSegundo o CEO da Alana Foundation, Pedro Hartung, o objetivo da competição busca mapear os ecossistemas de florestas tropicais para garantir a proteção dos territórios.\n\"O objetivo dessa competição é uma colaboração científica em busca de soluções para mapear, conhecer e proteger essa biodiversidade, incluindo a Amazônia, e outras florestas tropicais\".\nNesta quinta, as seis equipes finalistas do evento apresentaram as tecnologias que desenvolveram. Agora, os projetos serão testados em uma região próxima à capital amazonense. Cada equipe finalista tem um brasileiro e uma indígena faz parte do grupo da Suíça.\nA equipe vencedora vai ganhar um prêmio de US$ 10 milhões. Mas, além da premiação em dinheiro, os países que possuem florestas tropicais, como o Brasil, também serão beneficiados com os levantamentos que estão sendo desenvolvidos.\n\"Os dados coletados serão disponibilizados em parceria com o Inpa. Mas o importante é que a gente possa garantir que com essa pesquisa a gente conheça melhor a nossa biodiversidade e proteja melhor o nosso território\", finalizou Pedro.",
    "highlightText": "",
    "highlightTitle": "",
    "highlightThreadTitle": "",
    "language": "portuguese",
    "sentiment": "positive",
    "categories": [
        "Science and Technology",
        "Environment"
    ],
    "webz_reporter": false,
    "external_links": [],
    "external_images": [],
    "entities": {
        "persons": [],
        "organizations": [],
        "locations": []
    },
    "rating": null,
    "crawled": "2024-07-05T01:13:24.729+03:00",
    "updated": "2024-07-05T01:13:24.729+03:00"
}