{
    "thread": {
        "uuid": "e163180d3662f409cb5e3dfa6c0b5f7d70dffd99",
        "url": "https://www.elnortedecastilla.es/valladolid/recogida-carton-puerta-puerta-exito-comercios-centro-20240705062931-nt.html",
        "site_full": "www.elnortedecastilla.es",
        "site": "elnortedecastilla.es",
        "site_section": "http://www.elnortedecastilla.es",
        "site_categories": [
            "non_standard_content",
            "adult",
            "top_news"
        ],
        "section_title": "El Norte de Castilla - Noticias de Castilla y León desde 1854",
        "title": "Valladolid: La recogida de cartón puerta a puerta, un éxito entre los comercios del centro | El Norte de Castilla",
        "title_full": "Valladolid: La recogida de cartón puerta a puerta, un éxito entre los comercios del centro | El Norte de Castilla",
        "published": "2024-07-05T07:29:00.000+03:00",
        "replies_count": 0,
        "participants_count": 1,
        "site_type": "news",
        "country": "ES",
        "main_image": "https://s2.ppllstatics.com/elnortedecastilla/www/multimedia/2024/07/04/recogida-carton-centro-peatonal-portada-kxgE--1920x1080@El%20Norte.jpg",
        "performance_score": 0,
        "domain_rank": 22105,
        "domain_rank_updated": "2024-07-02T13:08:10.000+03:00",
        "reach": null,
        "social": {
            "facebook": {
                "likes": 0,
                "comments": 0,
                "shares": 0
            },
            "gplus": {
                "shares": 0
            },
            "pinterest": {
                "shares": 0
            },
            "linkedin": {
                "shares": 0
            },
            "stumbledupon": {
                "shares": 0
            },
            "vk": {
                "shares": 0
            }
        }
    },
    "uuid": "e163180d3662f409cb5e3dfa6c0b5f7d70dffd99",
    "url": "https://www.elnortedecastilla.es/valladolid/recogida-carton-puerta-puerta-exito-comercios-centro-20240705062931-nt.html",
    "ord_in_thread": 0,
    "parent_url": null,
    "author": "Diego González Redondo",
    "published": "2024-07-05T07:29:00.000+03:00",
    "title": "Valladolid: La recogida de cartón puerta a puerta, un éxito entre los comercios del centro | El Norte de Castilla",
    "text": "ValladolidLa recogida de cartón puerta a puerta, un éxito entre los comercios del centro Secciones Servicios Destacamos ValladolidLa recogida de cartón puerta a puerta, un éxito entre los comercios del centro Diego González Redondo Viernes, 5 de julio 2024, 06:29 Necesitas ser suscriptor para acceder a esta funcionalidad. Opciones para compartir A las ajetreadas mañanas de las calles adyacentes a la Plaza Mayor y a la calle Santiago, donde se acumulan furgonetas de reparto que se agolpan a en las puertas de los negocios, se suman [desde el lunes 1 de julio los camiones de recogida de cartón que se acercan puerta a puerta](/valladolid/valladolid-refuerza-lucha-carton-calles-comerciales-nuevo-20240630131725-nt.html)... ¿Ya eres suscriptor/a? [Inicia sesión](https://secure.elnortedecastilla.es/login/login.html#vca=suscribete&vso=elnortedecastilla&vmc=on&vli=cdn-ce-link-login) Publicidad Publicidad Te puede interesar [ La élite cántabra del espeleosocorrismo ](https://www.eldiariomontanes.es/dmontana/elite-espeleosocorrismo-20240701072621-nt.html#vca=voc-recirc&vso=elnortedecastilla) El Diario Montañés Publicidad Publicidad Comentar es una ventaja exclusiva para suscriptores ¿Ya eres suscriptor? Necesitas ser suscriptor para poder votar. Reporta un error en esta noticia",
    "highlightText": "",
    "highlightTitle": "",
    "highlightThreadTitle": "",
    "language": "spanish",
    "sentiment": "positive",
    "categories": [
        "Environment"
    ],
    "webz_reporter": false,
    "external_links": [
        "https://www.laverdad.es/murcia/chatgpt-emocion-20240630074603-nt.html#vca=voc-recirc&vso=elnortedecastilla)",
        "https://laverdad.es/murcia/chatgpt-emocion-20240630074603-nt.html#vca=voc-recirc&vso=elnortedecastilla)"
    ],
    "external_images": [],
    "entities": {
        "persons": [],
        "organizations": [],
        "locations": []
    },
    "rating": null,
    "crawled": "2024-07-05T08:10:02.150+03:00",
    "updated": "2024-07-05T08:51:19.707+03:00"
}