{
    "thread": {
        "uuid": "84c7f06e01b9a1dd53c0afc0adff4544466db694",
        "url": "https://punchng.com/sustain-action-on-single-use-plastics",
        "site_full": "punchng.com",
        "site": "punchng.com",
        "site_section": "https://punchng.com",
        "site_categories": [
            "media"
        ],
        "section_title": "Punch newspapers - Breaking News, Nigerian News &amp; Top Stories",
        "title": "Sustain action on single-use plastics",
        "title_full": "Sustain action on single-use plastics",
        "published": "2024-07-05T01:01:00.000+03:00",
        "replies_count": 0,
        "participants_count": 1,
        "site_type": "news",
        "country": "NG",
        "main_image": "https://cdn.punchng.com/wp-content/uploads/2023/09/05231033/The-Minister-of-State-for-Environment-at-the-ACS-2023.jpg",
        "performance_score": 0,
        "domain_rank": 6331,
        "domain_rank_updated": "2024-07-02T13:08:10.000+03:00",
        "reach": null,
        "social": {
            "facebook": {
                "likes": 0,
                "comments": 0,
                "shares": 0
            },
            "gplus": {
                "shares": 0
            },
            "pinterest": {
                "shares": 0
            },
            "linkedin": {
                "shares": 0
            },
            "stumbledupon": {
                "shares": 0
            },
            "vk": {
                "shares": 0
            }
        }
    },
    "uuid": "84c7f06e01b9a1dd53c0afc0adff4544466db694",
    "url": "https://punchng.com/sustain-action-on-single-use-plastics",
    "ord_in_thread": 0,
    "parent_url": null,
    "author": "Punch Editorial Board",
    "published": "2024-07-05T01:01:00.000+03:00",
    "title": "Sustain action on single-use plastics",
    "text": "THE Federal Government has taken a giant step forward to combat the menace of plastics in the environment.",
    "highlightText": "",
    "highlightTitle": "",
    "highlightThreadTitle": "",
    "language": "english",
    "sentiment": "positive",
    "categories": [
        "Environment"
    ],
    "webz_reporter": false,
    "external_links": [],
    "external_images": [],
    "entities": {
        "persons": [
            {
                "name": "iziaq salako",
                "sentiment": "none"
            },
            {
                "name": "salako",
                "sentiment": "none"
            }
        ],
        "organizations": [
            {
                "name": "fec",
                "sentiment": "none"
            },
            {
                "name": "federal executive council",
                "sentiment": "none"
            },
            {
                "name": "national policy on plastic waste management",
                "sentiment": "none"
            },
            {
                "name": "state house",
                "sentiment": "none"
            }
        ],
        "locations": [
            {
                "name": "nigeria",
                "sentiment": "none"
            }
        ]
    },
    "rating": null,
    "crawled": "2024-07-05T02:16:10.167+03:00",
    "updated": "2024-07-05T06:15:27.077+03:00"
}