{
    "thread": {
        "uuid": "6e0ad32c9d00f8b1f50a56655df7b690132c5a56",
        "url": "https://www.world-today-news.com/meet-asteroid-ryugu-older-than-the-solar",
        "site_full": "www.world-today-news.com",
        "site": "world-today-news.com",
        "site_section": "https://www.world-today-news.com/category/health/",
        "site_categories": [
            "media"
        ],
        "section_title": null,
        "title": "Meet Asteroid Ryugu, Older than the Solar",
        "title_full": "Meet Asteroid Ryugu, Older than the Solar",
        "published": "2024-07-04T21:15:00.000+03:00",
        "replies_count": 0,
        "participants_count": 1,
        "site_type": "news",
        "country": "DE",
        "main_image": "",
        "performance_score": 0,
        "domain_rank": 26309,
        "domain_rank_updated": "2024-07-02T13:08:10.000+03:00",
        "reach": null,
        "social": {
            "facebook": {
                "likes": 0,
                "comments": 0,
                "shares": 0
            },
            "gplus": {
                "shares": 0
            },
            "pinterest": {
                "shares": 0
            },
            "linkedin": {
                "shares": 0
            },
            "stumbledupon": {
                "shares": 0
            },
            "vk": {
                "shares": 0
            }
        }
    },
    "uuid": "6e0ad32c9d00f8b1f50a56655df7b690132c5a56",
    "url": "https://www.world-today-news.com/meet-asteroid-ryugu-older-than-the-solar",
    "ord_in_thread": 0,
    "parent_url": null,
    "author": "world today news",
    "published": "2024-07-04T21:15:00.000+03:00",
    "title": "Meet Asteroid Ryugu, Older than the Solar",
    "text": "This implies that asteroids may play an necessary function in bringing the foundations of life to Earth.\nOne other attention-grabbing discovery from the Ryugu samples is proof of the presence of water up to now. This implies that Ryugu could have had an underground ocean or lake, which may have been a spot for microorganisms to dwell.\nIntroduced from Science Alert on Thursday (04/07/2024), consultants have additionally been actively learning materials from the Ryugu asteroid. From the outcomes of this analysis, it was revealed that the asteroid Ryugu consists of a composition much like carbonaceous chondrite.\nChondrites are a sort of (non-metallic) rock meteorite that has not undergone any change from its authentic type. Such a meteor is created from various kinds of mud and particles of matter that existed within the prehistory of the photo voltaic system or on primitive asteroids.\nAs well as, the most recent examine discovered an abundance of heavy hydrogen and nitrogen substances. Each supplies are according to sources exterior the Photo voltaic System.\nThis makes consultants suspect that the asteroid Ryugu is older than the solar. This concept corresponds to the idea of comets, which says that they arrive from photo voltaic methods additional away.\n(Tiffany)\n2024-07-04 20:00:00\n#Meet #Asteroid #Ryugu #Older #Solar",
    "highlightText": "",
    "highlightTitle": "",
    "highlightThreadTitle": "",
    "language": "english",
    "sentiment": "positive",
    "categories": [
        "Science and Technology",
        "Environment"
    ],
    "webz_reporter": false,
    "external_links": [],
    "external_images": [],
    "entities": {
        "persons": [
            {
                "name": "ryugu",
                "sentiment": "negative"
            }
        ],
        "organizations": [],
        "locations": []
    },
    "rating": null,
    "crawled": "2024-07-05T00:06:33.377+03:00",
    "updated": "2024-07-05T00:06:33.377+03:00"
}