{
    "thread": {
        "uuid": "1a1f8b8669ef8e604d42c79196d80b63eebb9359",
        "url": "https://www.schooltube.com/ancient-spiral-galaxy-clues-to-milky-ways-origins",
        "site_full": "www.schooltube.com",
        "site": "schooltube.com",
        "site_section": "https://schooltube.com/schooltube",
        "site_categories": [],
        "section_title": "SchoolTube",
        "title": "Ancient Spiral Galaxy: Clues to Milky Way's Origins | SchoolTube",
        "title_full": "Ancient Spiral Galaxy: Clues to Milky Way's Origins | SchoolTube",
        "published": "2024-07-05T08:38:00.000+03:00",
        "replies_count": 0,
        "participants_count": 1,
        "site_type": "news",
        "country": "US",
        "main_image": "https://www.schooltube.com/wp-content/uploads/2024/07/Ancient-Spiral-Galaxy-Clues-to-Milky-Ways-Origins.jpg",
        "performance_score": 0,
        "domain_rank": 97096,
        "domain_rank_updated": "2024-07-02T13:08:29.000+03:00",
        "reach": null,
        "social": {
            "facebook": {
                "likes": 0,
                "comments": 0,
                "shares": 0
            },
            "gplus": {
                "shares": 0
            },
            "pinterest": {
                "shares": 0
            },
            "linkedin": {
                "shares": 0
            },
            "stumbledupon": {
                "shares": 0
            },
            "vk": {
                "shares": 0
            }
        }
    },
    "uuid": "1a1f8b8669ef8e604d42c79196d80b63eebb9359",
    "url": "https://www.schooltube.com/ancient-spiral-galaxy-clues-to-milky-ways-origins",
    "ord_in_thread": 0,
    "parent_url": null,
    "author": "SchoolTube Community",
    "published": "2024-07-05T08:38:00.000+03:00",
    "title": "Ancient Spiral Galaxy: Clues to Milky Way's Origins | SchoolTube",
    "text": "Ancient Spiral Galaxy: Clues to Milky Way’s Origins Imagine peering back in time, billions of years into the past, to witness the birth and evolution of galaxies. Astronomers, using powerful telescopes like the Atacama Large Millimeter/submillimeter Array (ALMA), are doing just that. They have discovered an ancient spiral galaxy, a celestial time capsule, that is shedding light on the early stages of galaxy formation and the evolution of our own Milky Way. This galaxy, known as SPT0418-47, is a remarkable object. It existed just 1.4 billion years after the Big Bang, a time when the universe was still relatively young. What makes this galaxy particularly intriguing is its rapid rate of star formation. It’s churning out stars at a rate 100 times faster than our Milky Way, a cosmic firework display of unprecedented scale. A Barred Spiral: A Unique Feature Another striking feature of SPT0418-47 is its bar-like structure. This bar, a long, elongated region of stars and gas, extends across the galaxy’s center. While bars are common in present-day spiral galaxies, including our Milky Way, their presence in such a young galaxy is unexpected. This suggests that bars may form earlier in a galaxy’s evolution than previously thought. The presence of a bar in SPT0418-47 has significant implications. Bars are known to funnel gas towards the galaxy’s center, fueling star formation. This process could explain the galaxy’s extraordinary starburst activity. The bar also acts as a cosmic blender, stirring up the galaxy’s gas and dust, leading to the formation of new stars and planetary systems. Clues to the Milky Way’s Past Studying ancient galaxies like SPT0418-47 provides valuable insights into the evolution of galaxies like our Milky Way. It offers a glimpse into the conditions and processes that shaped the Milky Way in its early stages. The rapid star formation and the presence of a bar in SPT0418-47 suggest that early galaxies may have been more chaotic and dynamic than previously imagined. Further research on SPT0418-47 is likely to reveal even more secrets about the early universe and the evolution of galaxies. By understanding the processes that shaped this ancient galaxy, we can gain a deeper understanding of the Milky Way’s own history and the vast tapestry of the cosmos. Implications for Galaxy Formation The discovery of SPT0418-47 challenges some long-held theories about galaxy formation. Traditionally, it was believed that galaxies grew gradually over time, with star formation rates increasing steadily. However, the rapid star formation in SPT0418-47 suggests that galaxies can experience bursts of intense star formation early in their lives. Researchers are exploring various possibilities to explain the galaxy’s exceptional star formation rate. One hypothesis is that external factors, such as interactions with neighboring galaxies, could be triggering this rapid star formation. Another possibility is that the galaxy’s unique bar-like structure is playing a crucial role in funneling gas towards the galactic center, fueling the starburst activity. Further observations and simulations are needed to unravel the mysteries surrounding SPT0418-47 and its implications for galaxy formation. This ancient spiral galaxy serves as a reminder that the universe is a dynamic and ever-evolving place, with surprises waiting to be discovered.",
    "highlightText": "",
    "highlightTitle": "",
    "highlightThreadTitle": "",
    "language": "english",
    "sentiment": "positive",
    "categories": [
        "Human Interest",
        "Science and Technology",
        "Environment"
    ],
    "webz_reporter": false,
    "external_links": [],
    "external_images": [],
    "entities": {
        "persons": [],
        "organizations": [],
        "locations": []
    },
    "rating": null,
    "crawled": "2024-07-05T10:31:17.139+03:00",
    "updated": "2024-07-05T10:31:17.139+03:00"
}