{
    "thread": {
        "uuid": "cfb686a557e234e5230c955abafac66476e7586f",
        "url": "https://tribuneonlineng.com/1265mw-renewable-energy-projects-set-to-electrify-rural-nigeria",
        "site_full": "tribuneonlineng.com",
        "site": "tribuneonlineng.com",
        "site_section": "https://tribuneonlineng.com/rss",
        "site_categories": [
            "shopping"
        ],
        "section_title": "Tribune Online",
        "title": "1,265MW renewable energy projects set to electrify rural Nigeria",
        "title_full": "1,265MW renewable energy projects set to electrify rural Nigeria",
        "published": "2024-07-05T00:04:00.000+03:00",
        "replies_count": 0,
        "participants_count": 1,
        "site_type": "news",
        "country": "US",
        "main_image": "https://tribuneonlineng.com/wp-content/uploads/2023/11/Renewal-energy.jpg",
        "performance_score": 0,
        "domain_rank": 24284,
        "domain_rank_updated": "2024-07-02T13:08:10.000+03:00",
        "reach": null,
        "social": {
            "facebook": {
                "likes": 0,
                "comments": 0,
                "shares": 0
            },
            "gplus": {
                "shares": 0
            },
            "pinterest": {
                "shares": 0
            },
            "linkedin": {
                "shares": 0
            },
            "stumbledupon": {
                "shares": 0
            },
            "vk": {
                "shares": 0
            }
        }
    },
    "uuid": "cfb686a557e234e5230c955abafac66476e7586f",
    "url": "https://tribuneonlineng.com/1265mw-renewable-energy-projects-set-to-electrify-rural-nigeria",
    "ord_in_thread": 0,
    "parent_url": null,
    "author": "Taofeek Lawal",
    "published": "2024-07-05T00:04:00.000+03:00",
    "title": "1,265MW renewable energy projects set to electrify rural Nigeria",
    "text": "The Rural Electrification Agency (REA), on Thursday in Abuja, signed Memorandum of Understanding (MoU) with five private developers to scale up",
    "highlightText": "",
    "highlightTitle": "",
    "highlightThreadTitle": "",
    "language": "english",
    "sentiment": "positive",
    "categories": [
        "Economy, Business and Finance",
        "Environment"
    ],
    "webz_reporter": false,
    "external_links": [
        "https://whatsapp.com/channel/0029VaAVWVPChq6Tp9D1mC3w",
        "https://www.naijapotentsolution.com/classic-oto/",
        "https://www.whatsapp.com/channel/0029VaAVWVPChq6Tp9D1mC3w",
        "https://naijapotentsolution.com/classic-oto/",
        "https://naijapotentsolution.com/classic-oto"
    ],
    "external_images": [],
    "entities": {
        "persons": [],
        "organizations": [
            {
                "name": "rural electrification agency",
                "sentiment": "negative"
            },
            {
                "name": "rea and a4&t power solutions",
                "sentiment": "none"
            },
            {
                "name": "privida power",
                "sentiment": "none"
            },
            {
                "name": "mous",
                "sentiment": "none"
            },
            {
                "name": "havenhill synergy limited",
                "sentiment": "none"
            },
            {
                "name": "eauxwell nigeria limited",
                "sentiment": "none"
            },
            {
                "name": "skipper nigeria limited",
                "sentiment": "none"
            },
            {
                "name": "rea",
                "sentiment": "none"
            }
        ],
        "locations": [
            {
                "name": "abuja",
                "sentiment": "none"
            },
            {
                "name": "nigeria",
                "sentiment": "none"
            }
        ]
    },
    "rating": null,
    "crawled": "2024-07-05T00:24:46.473+03:00",
    "updated": "2024-07-05T11:22:51.996+03:00"
}