{
    "thread": {
        "uuid": "9a8a8f482354a9958124ab3b48ab283e680af581",
        "url": "http://www.thejakartapost.com/opinion/2024/07/05/green-islams-light-in-the-darkness-of-climate-crisis.html",
        "site_full": "www.thejakartapost.com",
        "site": "thejakartapost.com",
        "site_section": "http://www.thejakartapost.com",
        "site_categories": [
            "media",
            "health",
            "cold_and_flu"
        ],
        "section_title": "The Jakarta Post  - Still bold, fiercely independent",
        "title": "Green Islam's light in the darkness of climate crisis - Academia - The Jakarta Post",
        "title_full": "Green Islam's light in the darkness of climate crisis - Academia - The Jakarta Post",
        "published": "2024-07-05T03:00:00.000+03:00",
        "replies_count": 0,
        "participants_count": 1,
        "site_type": "news",
        "country": "ID",
        "main_image": "https://img.jakpost.net/c/2024/07/05/2024_07_05_152124_1720146235._large.jpg",
        "performance_score": 0,
        "domain_rank": 3327,
        "domain_rank_updated": "2024-07-02T13:08:10.000+03:00",
        "reach": null,
        "social": {
            "facebook": {
                "likes": 0,
                "comments": 0,
                "shares": 0
            },
            "gplus": {
                "shares": 0
            },
            "pinterest": {
                "shares": 0
            },
            "linkedin": {
                "shares": 0
            },
            "stumbledupon": {
                "shares": 0
            },
            "vk": {
                "shares": 0
            }
        }
    },
    "uuid": "9a8a8f482354a9958124ab3b48ab283e680af581",
    "url": "http://www.thejakartapost.com/opinion/2024/07/05/green-islams-light-in-the-darkness-of-climate-crisis.html",
    "ord_in_thread": 0,
    "parent_url": null,
    "author": "The Jakarta Post",
    "published": "2024-07-05T03:00:00.000+03:00",
    "title": "Green Islam's light in the darkness of climate crisis - Academia - The Jakarta Post",
    "text": "The teachings of green Islam do not only stipulate provisions in the dimension of mahdah (worship) alone, but also provides answers to various issues that we face in this climate crisis. slam, which advocates the principle of amar ma’ruf nahi munkar (promoting the good, deterring the bad), is a religion that is based on the teachings of the Quran and Sunnah. Its followers strive to establish a society that embodies the ideals of baldatun tayyibatun warabun ghafur (a just and prosperous community). This vision is in accordance with the will of Allah, who has entrusted humans with the responsibility of being His servants and representatives on earth. In Indonesia, Muslims have been dedicated to promoting an understanding of Islam known as wasatiah, which aims to bring about compassion and mercy in all aspects of life. This endeavor has been ongoing for hundreds of years. Hence, it is crucial to actively promote and cultivate an understanding of Islam that remains relevant and beneficial to humanity in the face of changing times. This involves ongoing efforts and processes to raise awareness about the significance of embracing Islam as a religion that adapts and provides benefits to individuals. Throughout history, there have always been individuals or groups advocating for ishlah (improvement) or tajdid (renewal) within the Muslim community, recognizing the need for continuous growth and development. To perform this mission, Muslims place Islam as a foundation, guidance and spirit in treading changes, which manifests in the form of thought, movement and service. The progressive Islamic movement has at least three important capitals to do good and forbid evil: (1) al-quwwah jam'iyyah (capital of togetherness), (2) al-quwwah al-'ilmiyyah (capital of knowledge) and (3) al-quwwah at-tajdidiyyah (capital of progressiveness that can respond to various present problems). The Muslim ummah has strong foundations in carrying out movements in overcoming the climate crisis, some of these examples are Islamic movements that have become a light in the midst of the climate crisis. One of the practical actions to translate this awareness is the use of solar panels in communities and houses of worship, which supports the just energy transition narrative. Istiqlal Grand Mosque, the At-Tanwir Building and Mosque at the Muhammadiyah Central Board in Jakarta and Al-Muharram Mosque in Tamantirto village, Bantul regency, Yogyakarta, are among prominent examples of the green Islam movement. Share your experiences, suggestions, and any issues you've encountered on The Jakarta Post. We're here to listen. Thank you for sharing your thoughts. We appreciate your feedback.",
    "highlightText": "",
    "highlightTitle": "",
    "highlightThreadTitle": "",
    "language": "english",
    "sentiment": "positive",
    "categories": [
        "Science and Technology",
        "Environment",
        "Religion and Belief"
    ],
    "webz_reporter": false,
    "external_links": [],
    "external_images": [],
    "entities": {
        "persons": [],
        "organizations": [
            {
                "name": "jakarta post",
                "sentiment": "negative"
            },
            {
                "name": "green islam",
                "sentiment": "negative"
            }
        ],
        "locations": [
            {
                "name": "indonesia",
                "sentiment": "none"
            }
        ]
    },
    "rating": null,
    "crawled": "2024-07-05T06:04:18.095+03:00",
    "updated": "2024-07-05T06:04:18.095+03:00"
}