{
    "thread": {
        "uuid": "81e75a8138f120e1a15e89c8bf4332cd2ffbf7c2",
        "url": "https://www.eltelegrafo.com.ec/guayaquil/guayaquil/189/guayaquil-35-000-personas-ya-tienen-agua-potable-al-noreste-de-la-ciudad",
        "site_full": "www.eltelegrafo.com.ec",
        "site": "eltelegrafo.com.ec",
        "site_section": "https://www.eltelegrafo.com.ec",
        "site_categories": [
            "media",
            "law_government_and_politics",
            "politics",
            "top_news"
        ],
        "section_title": "El Telégrafo - Noticias de Ecuador y del mundo",
        "title": "El Telégrafo - Guayaquil: 35.000 personas ya tienen agua potable al noreste de la ciudad",
        "title_full": "El Telégrafo - Guayaquil: 35.000 personas ya tienen agua potable al noreste de la ciudad",
        "published": "2024-07-04T22:44:00.000+03:00",
        "replies_count": 0,
        "participants_count": 1,
        "site_type": "news",
        "country": "EC",
        "main_image": "https://www.eltelegrafo.com.ec/media/k2/items/cache/f7fa69e7e0179c9806dc87691c3c2522_L.jpg",
        "performance_score": 0,
        "domain_rank": 64121,
        "domain_rank_updated": "2024-07-02T13:08:21.000+03:00",
        "reach": null,
        "social": {
            "facebook": {
                "likes": 0,
                "comments": 0,
                "shares": 0
            },
            "gplus": {
                "shares": 0
            },
            "pinterest": {
                "shares": 0
            },
            "linkedin": {
                "shares": 0
            },
            "stumbledupon": {
                "shares": 0
            },
            "vk": {
                "shares": 0
            }
        }
    },
    "uuid": "81e75a8138f120e1a15e89c8bf4332cd2ffbf7c2",
    "url": "https://www.eltelegrafo.com.ec/guayaquil/guayaquil/189/guayaquil-35-000-personas-ya-tienen-agua-potable-al-noreste-de-la-ciudad",
    "ord_in_thread": 0,
    "parent_url": null,
    "author": "Nataly Arteaga",
    "published": "2024-07-04T22:44:00.000+03:00",
    "title": "El Telégrafo - Guayaquil: 35.000 personas ya tienen agua potable al noreste de la ciudad",
    "text": "Guayaquil: 35.000 personas ya tienen agua potable al noreste de la ciudad En Guayaquil, 35.000 habitantes del noroeste de la ciudad tendrán agua potable desde este jueves, 4 de julio de 2024. Las cooperativas Sergio Toral 2, Monte Lindo y Esfuerzo Propio al fin cuentan con este servicio básico. El nuevo sistema cuenta con 2 tanques de almacenamiento y un booster para llegar a las zonas más altas de estos sectores. Los trabajos incluyeron 6.614 guías domiciliarias y 75 kilómetros de tubería. La Empresa Municipal de Agua Potable y Alcantarillado de Guayaquil (EMAPAG EP) estuvo a cargo de las obras. El proyecto costó USD 7’821.867,72. Grandes noticias para la Sergio Toral.— Aquiles Alvarez Henriques (@aquilesalvarez) Inauguramos el Polifuncional DASE y la Feria de Servicios Compartir Ciudadano. El polifuncional es un centro integral que beneficiará a 5,600 ciudadanos mensualmente. Además, 35mil habitantes de la Sergio Toral 2 y cooperativas aledañas… [pic.twitter.com/ywh5GNW4NM] [July 4, 2024] El alcalde Aquiles Alvarez mencionó que la obra no impacta a quienes tienen el servicio, sino a quienes por años han vivido utilizando tanqueros por más de 20 años. \"Las personas han sufrido todos los días sin poder dormir para ver quién agarra primero el tanquero y pagar el triple de lo que cuesta este servicio\", mencionó. Según información de los moradores, antes de la obra, gastaban hasta USD 30 al mes por abastecerse de agua a través de tanqueros. Además, durante la entrega del líquido habían peleas y debían levantarse a las cinco de la mañana para recibir agua potable.",
    "highlightText": "",
    "highlightTitle": "",
    "highlightThreadTitle": "",
    "language": "spanish",
    "sentiment": "positive",
    "categories": [
        "Health",
        "Human Interest",
        "Environment"
    ],
    "webz_reporter": false,
    "external_links": [],
    "external_images": [],
    "entities": {
        "persons": [],
        "organizations": [],
        "locations": []
    },
    "rating": null,
    "crawled": "2024-07-05T00:45:54.506+03:00",
    "updated": "2024-07-05T00:45:54.506+03:00"
}