{
    "thread": {
        "uuid": "0e2e85fe5bf9143c4777dd69474f1cf68f52e6d3",
        "url": "https://www.elimparcial.com/locurioso/2024/07/04/dueno-graba-como-su-mascota-le-trae-cosas-inusuales-a-cambio-de-comida",
        "site_full": "www.elimparcial.com",
        "site": "elimparcial.com",
        "site_section": "https://elimparcial.com/sonora",
        "site_categories": [
            "media"
        ],
        "section_title": "Noticias de Sonora | El Imparcial",
        "title": "Dueño graba cómo su mascota le trae cosas inusuales a cambio de comida | Noticias de México | El Imparcial",
        "title_full": "Dueño graba cómo su mascota le trae cosas inusuales a cambio de comida | Noticias de México | El Imparcial",
        "published": "2024-07-05T00:04:00.000+03:00",
        "replies_count": 0,
        "participants_count": 1,
        "site_type": "news",
        "country": "MX",
        "main_image": "",
        "performance_score": 0,
        "domain_rank": 50660,
        "domain_rank_updated": "2024-07-02T13:08:21.000+03:00",
        "reach": null,
        "social": {
            "facebook": {
                "likes": 0,
                "comments": 0,
                "shares": 0
            },
            "gplus": {
                "shares": 0
            },
            "pinterest": {
                "shares": 0
            },
            "linkedin": {
                "shares": 0
            },
            "stumbledupon": {
                "shares": 0
            },
            "vk": {
                "shares": 0
            }
        }
    },
    "uuid": "0e2e85fe5bf9143c4777dd69474f1cf68f52e6d3",
    "url": "https://www.elimparcial.com/locurioso/2024/07/04/dueno-graba-como-su-mascota-le-trae-cosas-inusuales-a-cambio-de-comida",
    "ord_in_thread": 0,
    "parent_url": null,
    "author": "Ivanna Alvarez Sandoval",
    "published": "2024-07-05T00:04:00.000+03:00",
    "title": "Dueño graba cómo su mascota le trae cosas inusuales a cambio de comida | Noticias de México | El Imparcial",
    "text": "Dueño graba cómo su mascota le trae cosas inusuales a cambio de comida Este peculiar intercambio entre esta mascota y su dueño ha generado una ola de simpatía y entretenimiento en la plataforma, demostrando una vez más cómo las travesuras y comportamientos únicos de las mascotas pueden traer alegría a las redes sociales MÉXICO-. En los últimos días, un dueño de mascota ha acaparado la atención en la plataforma [ TikTok](https://www.elimparcial.com/locurioso/2024/06/30/hombre-denuncia-que-lo-corrieron-de-un-buffet-por-utilizar-una-promocion-que-el-mismo-establecimiento-ofrecia/) al compartir videos de su perra “Choquito” intercambiando objetos inusuales por comida. Los objetos varían y son cada vez más inusuales Lo que ha hecho que estos videos se vuelvan virales es la variedad y excentricidad de los objetos que Choquito le trae a su dueño. En los videos, se puede ver a la perra trayendo cosas como un pedazo de cartón, una hoja e incluso un tacón, todo con la esperanza de recibir comida a cambio. [@andalon_paulina] No sé de donde saco el tacón 🤣 [#mascotas] [#fyp] [#perritos] [#parati] [♬ Funny - Gold-Tiger] Los internautas han encontrado esta conducta adorable y han alentado al dueño con comentarios divertidos como: “Tal vez algún día llegará con dinero real que se encuentre” y “¿De dónde sacó el tacón?” Aunque el usuario no especificó qué hace con todos los objetos que su mascota le trae, es probable que simplemente los deje de lado. La historia del tacón El dueño completó la historia del tacón, mencionando que no hay mucho que contar al respecto, salvo que Choquito llegó con la zapatilla de la nada y, una hora después, volvió con el par faltante. Esta anécdota ha añadido un toque de humor y misterio a los intercambios, capturando aún más la atención y los corazones de los usuarios de TikTok. Este peculiar intercambio entre esta mascota y su dueño ha generado una ola de simpatía y entretenimiento en la plataforma, demostrando una vez más cómo las travesuras y comportamientos únicos de las mascotas pueden traer alegría a las redes sociales. Te recomendamos [Perrito baila como Shakira](/locurioso/2024/06/08/perrito-baila-como-shakira/) [Trend Mexa de Doris Jocelyn se viraliza pero con el Dr. Simi como protagonista](/locurioso/2024/06/07/trend-mexa-de-doris-jocelyn-se-viraliza-pero-con-el-dr-simi-como-protagonista/) [“Cuiden a ese hombre”: Tiktoker se viraliza por prepararle lonche a su esposa a las 5 de la mañana](/locurioso/2024/06/07/cuiden-a-ese-hombre-tiktoker-se-viraliza-por-prepararle-lonche-a-su-esposa-a-las-5-de-la-manana/) [Joven le cumple el sueño de toda la vida a su novio: le prepara una fiesta de cumpleaños de Bob Esponja](/locurioso/2024/06/08/joven-le-cumple-el-sueno-de-toda-la-vida-a-su-novio-una-fiesta-de-cumpleanos-de-bob-esponja/)",
    "highlightText": "",
    "highlightTitle": "",
    "highlightThreadTitle": "",
    "language": "spanish",
    "sentiment": "positive",
    "categories": [
        "Lifestyle and Leisure",
        "Human Interest",
        "Environment"
    ],
    "webz_reporter": false,
    "external_links": [],
    "external_images": [],
    "entities": {
        "persons": [],
        "organizations": [],
        "locations": []
    },
    "rating": null,
    "crawled": "2024-07-05T00:21:34.783+03:00",
    "updated": "2024-07-05T00:21:34.783+03:00"
}