{
    "thread": {
        "uuid": "7a2c99f74d097e15f3f04344d0d966a1edac777a",
        "url": "https://www.romatoday.it/animali/tartalazio-guardia-costiera-salvano-tartaruga-ferita-nido.html",
        "site_full": "www.romatoday.it",
        "site": "romatoday.it",
        "site_section": "https://www.romatoday.it/rss",
        "site_categories": [
            "media"
        ],
        "section_title": "RomaToday",
        "title": "Tartalazio e la Guardia Costiera salvano una tartaruga ferita e un nido pronto alla schiusa",
        "title_full": "Tartalazio e la Guardia Costiera salvano una tartaruga ferita e un nido pronto alla schiusa",
        "published": "2024-07-04T15:18:00.000+03:00",
        "replies_count": 0,
        "participants_count": 1,
        "site_type": "news",
        "country": "IT",
        "main_image": "https://www.romatoday.it/~media/horizontal-hi/30995963059981/tartaruga-marina-ferita.jpg",
        "performance_score": 0,
        "domain_rank": 49662,
        "domain_rank_updated": "2024-07-02T13:08:21.000+03:00",
        "reach": null,
        "social": {
            "facebook": {
                "likes": 0,
                "comments": 0,
                "shares": 0
            },
            "gplus": {
                "shares": 0
            },
            "pinterest": {
                "shares": 0
            },
            "linkedin": {
                "shares": 0
            },
            "stumbledupon": {
                "shares": 0
            },
            "vk": {
                "shares": 0
            }
        }
    },
    "uuid": "7a2c99f74d097e15f3f04344d0d966a1edac777a",
    "url": "https://www.romatoday.it/animali/tartalazio-guardia-costiera-salvano-tartaruga-ferita-nido.html",
    "ord_in_thread": 0,
    "parent_url": null,
    "author": "redazione",
    "published": "2024-07-04T15:18:00.000+03:00",
    "title": "Tartalazio e la Guardia Costiera salvano una tartaruga ferita e un nido pronto alla schiusa",
    "text": "[Animali](/animali/) [Civitavecchia](/notizie/civitavecchia/)\nTartalazio e la Guardia Costiera salvano una tartaruga ferita e un nido pronto alla schiusa\nL'animale si trova adesso la Stazione Zoologica Anton Dohrn di Portici mentre le uova si trovano in una parte recintata della spiaggia nel nord del Lazio\nDue operazioni di salvataggio da parte di Tartalazio e della Guardia Costiera che hanno salvato una tartaruga caretta e un nido ritrovati lungo le coste nord del Lazio.\nIl 3 luglio, La rete regionale di Tartalazio, coordinata dal dottor Marini, che si occupa del recupero e soccorso delle tartarughe marine,e la Guardia Costiera di Civitavecchia hanno localizzato e recintato un tratto della spiaggia lungo la costa di Sant’Agostino dove è trovato il nido di tartaruga caretta che sarà protetto fino alla schiusa delle uova, prevista per fine agosto.\nIn precedente il personale Adella Delegazione di Spiaggia di Montalto di Castro ha salvato Tartarella, così soprannominato l’esemplare di tartaruga ritrovata in uno stabilimento balneare. L'animale, è stata accudito presso la sede della Direzione Marittima di Civitavecchia dove è stata accudita sino al trasferimento presso il centro Zoomarine a Torvaianica nel quale ha ricevuto le prime cure. Adesso si trova presso la Stazione Zoologica Anton Dohrn di Portici specializzata nelle lunghe degenze in quanto affronterà un periodo di riabilitazione che le consentirà di guarire le ferite presenti sul collo e sulla pinna posteriore destra.\nMichele Castaldo Direttore Marittimo del Lazio ha commentato: “È importantissimo che ogni avvistamento di animali marini di specie protette in difficoltà venga segnalato al numero blu 1530 o al numero unico delle emergenze 112, per consentire l’attuazione degli immediati interventi. Auspichiamo la massima collaborazione di tutti i cittadini, particolarmente nella stagione estiva, nella quale siamo costantemente impegnati sui litorali nell’operazione Mare e laghi sicuri a tutela della vita umana in mare, dell’ecosistema e della biodiversità marina”.",
    "highlightText": "",
    "highlightTitle": "",
    "highlightThreadTitle": "",
    "language": "italian",
    "sentiment": "positive",
    "categories": [
        "Human Interest",
        "Environment"
    ],
    "webz_reporter": false,
    "external_links": [],
    "external_images": [],
    "entities": {
        "persons": [],
        "organizations": [],
        "locations": []
    },
    "rating": null,
    "crawled": "2024-07-05T00:36:55.171+03:00",
    "updated": "2024-07-05T00:36:55.171+03:00"
}