{
    "thread": {
        "uuid": "c2c7c817b62bde19d650f520846eab287060710e",
        "url": "https://www.counterpunch.org/2024/07/05/how-science-fiction-can-inspire-climate-activism",
        "site_full": "www.counterpunch.org",
        "site": "counterpunch.org",
        "site_section": "https://www.counterpunch.org/feed",
        "site_categories": [
            "media",
            "law_government_and_politics",
            "politics"
        ],
        "section_title": "CounterPunch.org",
        "title": "How Science Fiction Can Inspire Climate Activism - CounterPunch.org",
        "title_full": "How Science Fiction Can Inspire Climate Activism - CounterPunch.org",
        "published": "2024-07-05T03:00:00.000+03:00",
        "replies_count": 0,
        "participants_count": 1,
        "site_type": "news",
        "country": "US",
        "main_image": "https://www.counterpunch.org/wp-content/uploads/2024/07/IMG_8862-scaled.jpeg",
        "performance_score": 0,
        "domain_rank": 3395,
        "domain_rank_updated": "2024-07-02T13:08:10.000+03:00",
        "reach": null,
        "social": {
            "facebook": {
                "likes": 0,
                "comments": 0,
                "shares": 0
            },
            "gplus": {
                "shares": 0
            },
            "pinterest": {
                "shares": 0
            },
            "linkedin": {
                "shares": 0
            },
            "stumbledupon": {
                "shares": 0
            },
            "vk": {
                "shares": 0
            }
        }
    },
    "uuid": "c2c7c817b62bde19d650f520846eab287060710e",
    "url": "https://www.counterpunch.org/2024/07/05/how-science-fiction-can-inspire-climate-activism",
    "ord_in_thread": 0,
    "parent_url": null,
    "author": "Katherine Dolan",
    "published": "2024-07-05T03:00:00.000+03:00",
    "title": "How Science Fiction Can Inspire Climate Activism - CounterPunch.org",
    "text": "Photograph by Nathaniel St. Clair\nClimate change is, by far, the biggest story of our era, an existential threat that has already profoundly affected life on Earth and promises to change it even more radically over the next few centuries. As our most pressing problem, it has inspired numerous non-fiction texts—news articles, science journalism, documentaries, academic monographs, and pop-science books (think Greta Thunberg’s The Climate Book or Anri Snaer Magnason’s On Time and Water ).\nIn mainstream fiction, though, climate change took a long time to appear. In 2016, the novelist Amitav Ghosh observed in his book The Great Derangement: Climate Change and The Unthinkable that “it is a striking fact that when novelists do choose to write about climate change, it is almost always outside of fiction.”\nGhosh’s distinction between literary fiction and genre fiction implicitly discounts remarkable early treatments of climate disaster in science fiction—Laurence Manning’s The Man Who Awok e (1933), J.G. Ballard’s The Wind from Nowhere (1962) and The Drowned World (1962), George Turner’s The Sea and Summer (1987), and Octavia E. Butler’s Parable series (1993-1998), to name a few.\nWhat’s more, at least two ‘serious’ novelists have recently tackled the subject: Margaret Atwood in her dystopian MaddAddam series (2003-2013) and Barbara Kingsolver in Flight Behavior (2012). Even so, in 2016, Ghosh’s point largely held true: Climate change was not a hugely popular subject for mainstream literary novelists.\nSince then, however, more stories and novels about climate change have been published and are attracting recognition. Ghosh himself marks the turning point as 2018, a year that saw a wave of extreme climate events, and the Pulitzer Prize in Fiction going to Richard Powers for The Overstory (2018), a book that foregrounds the usually invisible world of trees.\nWhat Is Cli-Fi?\nCli-fi encompasses narratives about climate change. The tag was first coined by journalist and climate activist Dan Bloom , who used it in print in a review of Jim Laughter’s 2012 novella Polar City Red .\nAs the rhyme suggests, cli-fi is a sub-genre of sci-fi. It tends to be speculative, to focus on anthropogenic global warming, and to examine the effects of climate change on human communities. Frequently, as with Atwood’s trilogy, there is a dystopian slant.\nIn keeping with the complexity of climate change itself, cli-fi is multiform, encompassing science fiction, fantasy, mystery, thriller, magical realism, fable, satire, and everything in between.\nSpeculative works set in the future in a world where climate change has already transformed the Earth offer models of possibility and cautionary tales. Bangkok Wakes to Rain (2020) by Pitchaya Sudbanthad takes place in the Thai capital in the late twenty-first century when the city is submerged by the rising sea. American War by Omar el Akkad is set in 2074 when a ban on the sale of fossil fuels ignites a new American Civil War. Similarly, Paolo Bacigalupi’s The Water Knife (2016) imagines a near future in which the Colorado River drying up leads to bloodshed.\nMany books foreground the human cost of climate change rather than explaining its scientific basis. Salvage the Bones (2011) by Jesmyn Ward, for example, describes a family drama in the lead-up to Hurricane Katrina, a storm whose intensity presaged the increasingly destructive storms caused by climate change. How Beautiful We Were (2021) by Imbolo Imbue takes a different approach, showing African villagers standing up to a big American oil company, and The Book of Fire (2023) by Christy Leftieri traces the tragic aftermath of a wildfire in present-day Greece.\nSome novels offer elegiac depictions of climate change’s costs to other species. These include Migrations (2020) and Once There Were Wolves (2021) by Charlotte McConaghy, The Effort (2021) by Claire Holroyde, and Hummingbird Salamander (2021) by Jeff VanderMeer. Science historian Daisy Hildyard privileges nature’s perspective in Emergency (2024), her novel about the interconnectedness of life.\nA growing theme is familiar to many of us: climate anxiety, the psychological toll of waiting for the end of the world as we know it. Weather by Jenny Offill (2020) is centered firmly on the day-to-day life of a Brooklyn woman who must carry out her usual tasks with the threat of climate change always looming in the background.\nWhy We Need Fiction About Climate Change\nIn an interview with author David Thorpe, Dan Bloom pointed out that fiction can express what cold facts can not:\n“We need to go beyond abstract, scientific predictions and government statistics and try to show the cinematic or literary reality of a painful, possible future of the world of climate change. I do believe that cli-fi is a veritable cultural prism, a powerful critical prism that we need to cherish and nurture among our artists and visionary storytellers.”\nIn 2019, climate writer Dominic Hofstetter asked former European commissioner for Climate Action Connie Hedegaard what it would take for humanity to get serious about our common plight. Hedegaard’s reply was simple: “We need compelling narratives.”\nBluntly, storytelling is the best way—maybe the only way—to inform, persuade, and inspire people to act. It helps us assimilate facts, contextualize them, and understand and share their meaning. A good story moves us emotionally, allowing us to register its import “in our gut.” As author and story coach Lisa Cron, author of Story or Die , says, “We don’t turn to story to escape reality; we turn to story to navigate reality.”\nAn engaging story is not just persuasive; it also has the potential to build community. A Princeton University study revealed that when a group of people listened to an emotionally engaging story, their brain activity synchronized during the telling—as a group, they imagined the same world and felt the same emotions.\nBarbara Kingsolver, speaking of her book Flight Behavior (2012), explained why fiction, in particular, is valuable as a medium for communicating urgent environmental issues:\n“Fiction has enormous power. It’s funny—people talk about political fiction or apolitical fiction. That’s nonsense. I think all fiction has a point of view, and all fiction has the power to create empathy for the theoretical stranger. It has the power to bring the reader inside the mind of another person. Only fiction can do that.”\nFor author, psychologist, and futurist Dana Klisanin , author of the young-adult novel Future Hack , stories are a way to travel to a different universe:\n“I was an avid reader as a child. Even when I was told to turn off the light and go to sleep, I would grab a flashlight and hide under the bed covers to finish a story. In other words, I was completely absorbed in the world of the book.”\nThis experience, familiar to many of us, is known to scientists as “narrative transportation,” which happens when readers assume the thoughts and feelings of a character and when they mentally simulate a narrative world.\nIn Klisanin’s words:\n“This deep engagement leads to greater absorption and enjoyment and can profoundly impact the reader’s attitudes and behaviors, making the lessons from the story more likely to be internalized. High narrative transportation has also been shown to enhance empathy, supporting understanding and connection with the emotions and experiences of others.”\nConsidering its influence on attitudes and actions, storytelling has the potential to make an outsized impact on things like community engagement, and many governments and organizations are starting to pay attention to this.\nIn 2017, the American Public Health Association (APHA) launched an initiative encouraging people to share personal stories about how climate-related events affected their health and what actions they or their community took to address the situation. The idea was to build a sense of community, resilience, and hope. According to an APHA guide to storytelling:\n“Stories make climate change relatable by drawing on common experience and core human values, like health. Compelling stories generate empathy and understanding. They take listeners on an emotional journey and offer a sense of hope that inspires positive change.”\nVisions of Hope\nThe most important emotion fiction can inspire is a sense of hope, a necessary factor for climate activists working toward the best possible outcomes in the face of impending catastrophe.\nIn an interview with NPR, Imbue says she derived the hopeful aspect of her protagonist Tula from the writing of revolutionary figures like Malcolm X and Martin Luther King, Jr.:\n“I mean, you have to have a whole different level of hope to believe that you can bring an American oil company to justice, an American oil company that has resources and lawyers and all kinds of powers at its disposal. But Tula does believe that. And that is something that I learned from reading, from looking at their lives.”\nAnother hopeful cli-fi writer is Kim Stanley Robinson, who weaves scientific findings into a compelling narrative. A prime example is his bestselling The Ministry for the Future (2020), which posits a body whose political mission is to advocate for the people of the future. Responding to a description of the work as a utopian novel, he welcomes the judgment:\n“You could probably name the most important utopian novels on the fingers of your hand. …But they get remembered, and they shape people’s conception of what’s possible that could be good in the future.”\nKlisanin has a similarly positive yet realistic view. Her novel Future Hack features young characters who face climate-related problems with boundless energy and a problem-solving spirit. Her intention is to reassure and inspire confidence. Klisanin wrote:\n“I hope that Future Hack will inspire readers with a sense of hope and possibility for the future and embolden them to take action to protect the environment and endangered species. As the series unfolds, I also aim to help readers struggling with eco-anxiety by showing them that they are not alone and by introducing them to some coping methods.”\nThe climate crisis has not yet generated a single written work as powerful as Rachel Carson’s Silent Spring (1962) was in mobilizing mid-twentieth-century audiences against DDT and other toxic chemicals. But we can at least be cheered by the number of talented writers who, in varied ways and multiple genres, are working to produce such a story.\nThis article was produced by Earth | Food | Life , a project of the Independent Media Institute.\nKatherine Dolan is a writer, editor, and researcher at the Independent Media Institute from Dunedin, New Zealand. Dolan is a former senior writer at Fairfax Media Custom Publishing in New Zealand, Lifestyle Magazine in Moscow, and a copy editor for the U.S. news site NSFWCORP. She is a contributor to the Observatory .\nCounterPunch+ Misogyny and the Attacks on Bodily Autonomy Prabowo Subianto, Cuddly Mass Murderer Israel’s Willing Executioners Israel’s Long War Against the Press in Gaza Feedback Dope Subscribe to get CP+ exclusive content Weekend Edition\nJuly 05, 2024\nFriday - Sunday Melvin Goodman\nHow the Presidential Debate Harmed US Foreign Policy Matthew Stevenson\nSay It Ain’t So, Joe Ramzy Baroud\nSharon Revisited: Netanyahu’s Ultimate Aim in Gaza and Why It Will Fail Julie Wark\nPaniai, West Papua: Politics of Displacement Vijay Prashad\nThe Unbelievable Stories About the Children of Gaza Michael T. Klare\nTrusting the “Five Eyes” Only Eve Ottenberg\nLawmakers Abandon Congress – Maybe That is a Good Thing Joseph Natoli\nPhrases for Thought: July 4, 2024 Henry Giroux\nThe Dismantling of Democracy: A Grim Projection of American Fascism Under Trump John P. Ruehl\nThe Growing Weaponization of Open-Source Information Evan Jones\nZionism and the Academy Revisited Rev. Lennox Yearwood Jr.\nThe Paradox of Public Health Situations That Worsen With Climate Change Mitchell Zimmerman\nSupreme Court’s Immunity Ruling Gives President’s George III-like Power Peter Certo\nExtreme Inequality is a Threat to Free Speech Katherine Dolan\nHow Science Fiction Can Inspire Climate Activism M. Reza Behnam\nStolen Land, Stolen Lives: Israel’s War on Palestine Omar Zahzah\nRefusing the Language of Silence: Palestinian Resistance Goes Digital Daniel Warner\nFrench European Soccer Nationalism Transcends Xenophobia, at Least for the Moment Kathleen Wallace\nThe 1930s Business Plot Redux: This Time Success! Stewart Lawrence\nCan the Democrats “Rehabilitate” Kamala Harris? They May Have No Choice John Laforge\nFukushima’s Forever Quagmire of Radiation Hazards Ron Jacobs\nScab of a Nation-4th of July 2024 Edition Jack Rasmus\nThe Presidential Debate That Wasn’t Evaggelos Vallianatos\nSupreme Court Madness Ngũgĩ wa Thiong’o\nLet Canada Live Up to Its Name of Kanata Richard Schulman\nArchitecture of Cities: the Irony of Bears Kim C. Domenico\n Can White People ‘Negate the World’ That’s Our Oyster? Nicky Reid\nSmash the Fourth Donna Park\nReaching Across the Generations to Oppose War July 04, 2024 Melinda González\nPali-Rican Solidarities: The Dizzying Parallels of Colonial Occupation Patrick Mazza\nClimate Crisis Deepens, When Will We Get It? Binoy Kampmark\nAssange’s Return to Australia: The Resentment of the Hacks Moshe Adler\nIt’s the Lucid Biden Who Worries Me Jonah Raskin\nAn American Genocide: Tommy Orange, Francine Prose and Leonard Peltier Frank Joyce\nSearching for a Better Way: Declaring Independence from the Declaration of Independence Part Two B. Nimri Aziz\nAssange: Sometimes the Impossible Happens",
    "highlightText": "",
    "highlightTitle": "",
    "highlightThreadTitle": "",
    "language": "english",
    "sentiment": "positive",
    "categories": [
        "Science and Technology",
        "Environment"
    ],
    "webz_reporter": false,
    "external_links": [
        "https://www.google.com/url?q=https://go.ind.media/e/546932/2024-07-03/zr3p9f/1497493209/h/PsjVH1BNrXY9D3KPDPWdiaovkIdJb_GPmApBdZTBaUo&source=gmail&ust=1720190655279000&usg=AOvVaw1bvNRqtgQZgPrLwbhm2QU6",
        "https://go.ind.media/e/546932/parableseries/zr3p6b/1497493209/h/PsjVH1BNrXY9D3KPDPWdiaovkIdJb_GPmApBdZTBaUo",
        "https://www.google.com/url?q=https://go.ind.media/e/546932/by-omar-el-akkad-9780771009419/zr3p71/1497493209/h/PsjVH1BNrXY9D3KPDPWdiaovkIdJb_GPmApBdZTBaUo&source=gmail&ust=1720190655278000&usg=AOvVaw3rkSNsDBbFWG0hatY_-wv6",
        "https://www.google.com/url?q=https://go.ind.media/e/546932/ter-knife-by-paolo-bacigalupi-/zr3p74/1497493209/h/PsjVH1BNrXY9D3KPDPWdiaovkIdJb_GPmApBdZTBaUo&source=gmail&ust=1720190655278000&usg=AOvVaw2P6O0MmJ4Z-rgLRl1T1J9j",
        "https://www.google.com/url?q=https://go.ind.media/e/546932/eri-Book-of-Fire-9781786581563/zr3p7f/1497493209/h/PsjVH1BNrXY9D3KPDPWdiaovkIdJb_GPmApBdZTBaUo&source=gmail&ust=1720190655278000&usg=AOvVaw0TkHIixYjU2h9TqnW2IMAg",
        "https://go.ind.media/e/546932/earth-food-life-/zr3p9m/1497493209/h/PsjVH1BNrXY9D3KPDPWdiaovkIdJb_GPmApBdZTBaUo",
        "https://go.ind.media/e/546932/futurehack/zr3p97/1497493209/h/PsjVH1BNrXY9D3KPDPWdiaovkIdJb_GPmApBdZTBaUo",
        "https://www.google.com/url?q=https://go.ind.media/e/546932/parableseries/zr3p6b/1497493209/h/PsjVH1BNrXY9D3KPDPWdiaovkIdJb_GPmApBdZTBaUo&source=gmail&ust=1720190655278000&usg=AOvVaw1bn2VbDsOqR1IyU5oOYEFb",
        "https://go.ind.media/e/546932/t20inspires20positive20change-/zr3p8t/1497493209/h/PsjVH1BNrXY9D3KPDPWdiaovkIdJb_GPmApBdZTBaUo",
        "https://www.google.com/url?q=https://go.ind.media/e/546932/Katherine-Dolan/zr3p9j/1497493209/h/PsjVH1BNrXY9D3KPDPWdiaovkIdJb_GPmApBdZTBaUo&source=gmail&ust=1720190655279000&usg=AOvVaw1ik1QQrUObx7WebeJaqPBp",
        "https://www.google.com/url?q=https://go.ind.media/e/546932/ies-YAM-the-maddaddam-trilogy-/zr3p6f/1497493209/h/PsjVH1BNrXY9D3KPDPWdiaovkIdJb_GPmApBdZTBaUo&source=gmail&ust=1720190655278000&usg=AOvVaw3fjBkLnwhsQY-Y6FIDiGR5",
        "https://www.google.com/url?q=https://go.ind.media/e/546932/stories-story-silent-spring/zr3p9b/1497493209/h/PsjVH1BNrXY9D3KPDPWdiaovkIdJb_GPmApBdZTBaUo&source=gmail&ust=1720190655279000&usg=AOvVaw1ZyLoaYv9_X7rLpzdqFee3",
        "https://go.ind.media/e/546932/products-weather/zr3p81/1497493209/h/PsjVH1BNrXY9D3KPDPWdiaovkIdJb_GPmApBdZTBaUo",
        "https://www.google.com/url?q=https://go.ind.media/e/546932/book-chicago-G-bo22265507-html/zr3p5t/1497493209/h/PsjVH1BNrXY9D3KPDPWdiaovkIdJb_GPmApBdZTBaUo&source=gmail&ust=1720190655278000&usg=AOvVaw2o7chB7e1mLOeXTNgH7xq8",
        "https://go.ind.media/e/546932/s-cli-fi-dan-bloom--book-30990/zr3p6t/1497493209/h/PsjVH1BNrXY9D3KPDPWdiaovkIdJb_GPmApBdZTBaUo",
        "https://www.google.com/url?q=https://go.ind.media/e/546932/ngsolver-on-flight-behavior-2-/zr3p8j/1497493209/h/PsjVH1BNrXY9D3KPDPWdiaovkIdJb_GPmApBdZTBaUo&source=gmail&ust=1720190655279000&usg=AOvVaw2DMQ-gTfq0nv571XCMMTWH",
        "https://go.ind.media/e/546932/uations-brain-scans-suggest-2-/zr3p8q/1497493209/h/PsjVH1BNrXY9D3KPDPWdiaovkIdJb_GPmApBdZTBaUo",
        "https://go.ind.media/e/546932/dex-php-bangkok-wakes-to-rain-/zr3p6x/1497493209/h/PsjVH1BNrXY9D3KPDPWdiaovkIdJb_GPmApBdZTBaUo",
        "https://www.google.com/url?q=https://go.ind.media/e/546932/books-The-Drowned-World-/zr3p64/1497493209/h/PsjVH1BNrXY9D3KPDPWdiaovkIdJb_GPmApBdZTBaUo&source=gmail&ust=1720190655278000&usg=AOvVaw3vFhCVJgGYJDvDF8wZ8Dv9",
        "https://go.ind.media/e/546932/2024-07-03/zr3p8m/1497493209/h/PsjVH1BNrXY9D3KPDPWdiaovkIdJb_GPmApBdZTBaUo",
        "https://www.google.com/url?q=https://go.ind.media/e/546932/the-overstory-/zr3p6m/1497493209/h/PsjVH1BNrXY9D3KPDPWdiaovkIdJb_GPmApBdZTBaUo&source=gmail&ust=1720190655278000&usg=AOvVaw27NRDxsOMwj-e4MRQLHY0N",
        "https://go.ind.media/e/546932/agining-cities-future-1037731-/zr3p84/1497493209/h/PsjVH1BNrXY9D3KPDPWdiaovkIdJb_GPmApBdZTBaUo",
        "https://www.google.com/url?q=https://go.ind.media/e/546932/agining-cities-future-1037731-/zr3p84/1497493209/h/PsjVH1BNrXY9D3KPDPWdiaovkIdJb_GPmApBdZTBaUo&source=gmail&ust=1720190655279000&usg=AOvVaw3-VmIVsVABNKqzucnssaSf",
        "https://go.ind.media/e/546932/books-migrations-9781760893323/zr3p7j/1497493209/h/PsjVH1BNrXY9D3KPDPWdiaovkIdJb_GPmApBdZTBaUo",
        "https://www.google.com/url?q=https://go.ind.media/e/546932/ly-put-our-brain-waves-in-sync/zr3p8f/1497493209/h/PsjVH1BNrXY9D3KPDPWdiaovkIdJb_GPmApBdZTBaUo&source=gmail&ust=1720190655279000&usg=AOvVaw1y-rO7SOI94qwfXndmv6Bc",
        "https://go.ind.media/e/546932/ter-knife-by-paolo-bacigalupi-/zr3p74/1497493209/h/PsjVH1BNrXY9D3KPDPWdiaovkIdJb_GPmApBdZTBaUo",
        "https://www.google.com/url?q=https://go.ind.media/e/546932/details-manwhoawokeclass00mann/zr3p5x/1497493209/h/PsjVH1BNrXY9D3KPDPWdiaovkIdJb_GPmApBdZTBaUo&source=gmail&ust=1720190655278000&usg=AOvVaw3pj_8x_Qu4YNiSLwKd8Qgl",
        "https://go.ind.media/e/546932/2-emergency-by-daisy-hildyard-/zr3p7x/1497493209/h/PsjVH1BNrXY9D3KPDPWdiaovkIdJb_GPmApBdZTBaUo",
        "https://go.ind.media/e/546932/bers-directory-6470-dan-bloom-/zr3p6q/1497493209/h/PsjVH1BNrXY9D3KPDPWdiaovkIdJb_GPmApBdZTBaUo",
        "https://www.google.com/url?q=https://go.ind.media/e/546932/s-cli-fi-dan-bloom--book-30990/zr3p6t/1497493209/h/PsjVH1BNrXY9D3KPDPWdiaovkIdJb_GPmApBdZTBaUo&source=gmail&ust=1720190655278000&usg=AOvVaw2ms2tVsYpBw53wGn0twWwK",
        "https://go.ind.media/e/546932/my-new-book/zr3p8b/1497493209/h/PsjVH1BNrXY9D3KPDPWdiaovkIdJb_GPmApBdZTBaUo",
        "https://go.ind.media/e/546932/by-omar-el-akkad-9780771009419/zr3p71/1497493209/h/PsjVH1BNrXY9D3KPDPWdiaovkIdJb_GPmApBdZTBaUo",
        "https://go.ind.media/e/546932/books-The-Drowned-World-/zr3p64/1497493209/h/PsjVH1BNrXY9D3KPDPWdiaovkIdJb_GPmApBdZTBaUo",
        "https://www.google.com/url?q=https://go.ind.media/e/546932/2024-07-03/zr3p7t/1497493209/h/PsjVH1BNrXY9D3KPDPWdiaovkIdJb_GPmApBdZTBaUo&source=gmail&ust=1720190655279000&usg=AOvVaw13wl7srXzMzG7JlUGEaymx",
        "https://go.ind.media/e/546932/ies-YAM-the-maddaddam-trilogy-/zr3p6f/1497493209/h/PsjVH1BNrXY9D3KPDPWdiaovkIdJb_GPmApBdZTBaUo",
        "https://www.google.com/url?q=https://go.ind.media/e/546932/the-climate-book-9780141999043/zr3p5m/1497493209/h/PsjVH1BNrXY9D3KPDPWdiaovkIdJb_GPmApBdZTBaUo&source=gmail&ust=1720190655278000&usg=AOvVaw2LZww94vOboUtDOrKyDHNX",
        "https://www.google.com/url?q=https://go.ind.media/e/546932/dex-php-bangkok-wakes-to-rain-/zr3p6x/1497493209/h/PsjVH1BNrXY9D3KPDPWdiaovkIdJb_GPmApBdZTBaUo&source=gmail&ust=1720190655278000&usg=AOvVaw0tzGNXb1aPiZXTDenFyR3G",
        "https://www.google.com/url?q=https://go.ind.media/e/546932/how-beautiful-we-were/zr3p7b/1497493209/h/PsjVH1BNrXY9D3KPDPWdiaovkIdJb_GPmApBdZTBaUo&source=gmail&ust=1720190655278000&usg=AOvVaw2unbQkt12zG78e7wNOBFZG",
        "https://go.ind.media/e/546932/eri-Book-of-Fire-9781786581563/zr3p7f/1497493209/h/PsjVH1BNrXY9D3KPDPWdiaovkIdJb_GPmApBdZTBaUo",
        "https://www.google.com/url?q=https://go.ind.media/e/546932/2-emergency-by-daisy-hildyard-/zr3p7x/1497493209/h/PsjVH1BNrXY9D3KPDPWdiaovkIdJb_GPmApBdZTBaUo&source=gmail&ust=1720190655279000&usg=AOvVaw3sDy-SeIMsxgOPvrGyCrtt",
        "https://www.google.com/url?q=https://go.ind.media/e/546932/books-flight-behavior-/zr3p6j/1497493209/h/PsjVH1BNrXY9D3KPDPWdiaovkIdJb_GPmApBdZTBaUo&source=gmail&ust=1720190655278000&usg=AOvVaw3bv7zyXsiIS6E2fbrOGENc",
        "https://www.google.com/url?q=https://go.ind.media/e/546932/orge-turner-the-sea-and-summer/zr3p67/1497493209/h/PsjVH1BNrXY9D3KPDPWdiaovkIdJb_GPmApBdZTBaUo&source=gmail&ust=1720190655278000&usg=AOvVaw08dWOJfWnnQZeYIKdHe196",
        "https://www.google.com/url?q=https://go.ind.media/e/546932/my-new-book/zr3p8b/1497493209/h/PsjVH1BNrXY9D3KPDPWdiaovkIdJb_GPmApBdZTBaUo&source=gmail&ust=1720190655279000&usg=AOvVaw22Fr2lgXWlGmns_6LTBNfS",
        "https://www.google.com/url?q=https://go.ind.media/e/546932/here-were-wolves-9780143779803/zr3p7m/1497493209/h/PsjVH1BNrXY9D3KPDPWdiaovkIdJb_GPmApBdZTBaUo&source=gmail&ust=1720190655279000&usg=AOvVaw23H5NBSSOobeRsGqT0eOcH",
        "https://go.ind.media/e/546932/books-flight-behavior-/zr3p6j/1497493209/h/PsjVH1BNrXY9D3KPDPWdiaovkIdJb_GPmApBdZTBaUo",
        "https://www.google.com/url?q=https://go.ind.media/e/546932/books-flight-behavior-/zr3p6j/1497493209/h/PsjVH1BNrXY9D3KPDPWdiaovkIdJb_GPmApBdZTBaUo&source=gmail&ust=1720190655279000&usg=AOvVaw2miL-HzsC2KNMEUk11QyFd",
        "https://www.google.com/url?q=https://go.ind.media/e/546932/products-weather/zr3p81/1497493209/h/PsjVH1BNrXY9D3KPDPWdiaovkIdJb_GPmApBdZTBaUo&source=gmail&ust=1720190655279000&usg=AOvVaw1ReQz2Li80TtKA0a0udAXb",
        "https://www.google.com/url?q=https://go.ind.media/e/546932/books-migrations-9781760893323/zr3p7j/1497493209/h/PsjVH1BNrXY9D3KPDPWdiaovkIdJb_GPmApBdZTBaUo&source=gmail&ust=1720190655279000&usg=AOvVaw0I30iWAEqJh849fkjVya0Y",
        "https://go.ind.media/e/546932/2024-07-03/zr3p7t/1497493209/h/PsjVH1BNrXY9D3KPDPWdiaovkIdJb_GPmApBdZTBaUo",
        "https://go.ind.media/e/546932/2024-07-03/zr3p7q/1497493209/h/PsjVH1BNrXY9D3KPDPWdiaovkIdJb_GPmApBdZTBaUo",
        "https://go.ind.media/e/546932/lvage-the-bones-9781608196272-/zr3p77/1497493209/h/PsjVH1BNrXY9D3KPDPWdiaovkIdJb_GPmApBdZTBaUo",
        "https://go.ind.media/e/546932/ngsolver-on-flight-behavior-2-/zr3p8j/1497493209/h/PsjVH1BNrXY9D3KPDPWdiaovkIdJb_GPmApBdZTBaUo",
        "https://www.google.com/url?q=https://go.ind.media/e/546932/products-on-time-and-water/zr3p5q/1497493209/h/PsjVH1BNrXY9D3KPDPWdiaovkIdJb_GPmApBdZTBaUo&source=gmail&ust=1720190655278000&usg=AOvVaw2c2XbNlZot3_ODC5601No4",
        "https://www.google.com/url?q=https://go.ind.media/e/546932/ow-to-solve-the-climate-crisis/zr3p91/1497493209/h/PsjVH1BNrXY9D3KPDPWdiaovkIdJb_GPmApBdZTBaUo&source=gmail&ust=1720190655279000&usg=AOvVaw2znpcclUqa3yIM5HU-zDMB",
        "https://www.google.com/url?q=https://go.ind.media/e/546932/uations-brain-scans-suggest-2-/zr3p8q/1497493209/h/PsjVH1BNrXY9D3KPDPWdiaovkIdJb_GPmApBdZTBaUo&source=gmail&ust=1720190655279000&usg=AOvVaw3GSCvxoWyJQUCJJZHwpCtA",
        "https://www.google.com/url?q=https://go.ind.media/e/546932/lvage-the-bones-9781608196272-/zr3p77/1497493209/h/PsjVH1BNrXY9D3KPDPWdiaovkIdJb_GPmApBdZTBaUo&source=gmail&ust=1720190655278000&usg=AOvVaw0OfsB707I05WqcVWAxZ0d0",
        "https://go.ind.media/e/546932/f-oil-in-how-beautiful-we-were/zr3p8x/1497493209/h/PsjVH1BNrXY9D3KPDPWdiaovkIdJb_GPmApBdZTBaUo",
        "https://go.ind.media/e/546932/etails-windfromnowhere0000jgba/zr3p61/1497493209/h/PsjVH1BNrXY9D3KPDPWdiaovkIdJb_GPmApBdZTBaUo",
        "https://go.ind.media/e/546932/2024-07-03/zr3p9f/1497493209/h/PsjVH1BNrXY9D3KPDPWdiaovkIdJb_GPmApBdZTBaUo",
        "https://www.google.com/url?q=https://go.ind.media/e/546932/erature20of20climate20change3F/zr3p87/1497493209/h/PsjVH1BNrXY9D3KPDPWdiaovkIdJb_GPmApBdZTBaUo&source=gmail&ust=1720190655279000&usg=AOvVaw1_7D1cLsx6WWbaqAxW6Q4x",
        "https://www.google.com/url?q=https://go.ind.media/e/546932/bers-directory-6470-dan-bloom-/zr3p6q/1497493209/h/PsjVH1BNrXY9D3KPDPWdiaovkIdJb_GPmApBdZTBaUo&source=gmail&ust=1720190655278000&usg=AOvVaw3rdFFDZnWPKCqAIVnfSpPl",
        "https://go.ind.media/e/546932/the-overstory-/zr3p6m/1497493209/h/PsjVH1BNrXY9D3KPDPWdiaovkIdJb_GPmApBdZTBaUo",
        "https://go.ind.media/e/546932/book-chicago-G-bo22265507-html/zr3p5t/1497493209/h/PsjVH1BNrXY9D3KPDPWdiaovkIdJb_GPmApBdZTBaUo",
        "https://www.google.com/url?q=https://go.ind.media/e/546932/etails-windfromnowhere0000jgba/zr3p61/1497493209/h/PsjVH1BNrXY9D3KPDPWdiaovkIdJb_GPmApBdZTBaUo&source=gmail&ust=1720190655278000&usg=AOvVaw0VNqYRFmpHsY3y_CGaBbbI",
        "https://go.ind.media/e/546932/the-climate-book-9780141999043/zr3p5m/1497493209/h/PsjVH1BNrXY9D3KPDPWdiaovkIdJb_GPmApBdZTBaUo",
        "https://go.ind.media/e/546932/details-manwhoawokeclass00mann/zr3p5x/1497493209/h/PsjVH1BNrXY9D3KPDPWdiaovkIdJb_GPmApBdZTBaUo",
        "https://go.ind.media/e/546932/ly-put-our-brain-waves-in-sync/zr3p8f/1497493209/h/PsjVH1BNrXY9D3KPDPWdiaovkIdJb_GPmApBdZTBaUo",
        "https://www.google.com/url?q=https://go.ind.media/e/546932/2024-07-03/zr3p8m/1497493209/h/PsjVH1BNrXY9D3KPDPWdiaovkIdJb_GPmApBdZTBaUo&source=gmail&ust=1720190655279000&usg=AOvVaw3fFW30ybAVmYG4Q-z4hE6C",
        "https://go.ind.media/e/546932/how-beautiful-we-were/zr3p7b/1497493209/h/PsjVH1BNrXY9D3KPDPWdiaovkIdJb_GPmApBdZTBaUo",
        "https://go.ind.media/e/546932/erature20of20climate20change3F/zr3p87/1497493209/h/PsjVH1BNrXY9D3KPDPWdiaovkIdJb_GPmApBdZTBaUo",
        "https://go.ind.media/e/546932/Katherine-Dolan/zr3p9j/1497493209/h/PsjVH1BNrXY9D3KPDPWdiaovkIdJb_GPmApBdZTBaUo",
        "https://www.google.com/url?q=https://go.ind.media/e/546932/2024-07-03/zr3p7q/1497493209/h/PsjVH1BNrXY9D3KPDPWdiaovkIdJb_GPmApBdZTBaUo&source=gmail&ust=1720190655279000&usg=AOvVaw2TN-qQkiGLdJDRFwqTRsv0",
        "https://go.ind.media/e/546932/here-were-wolves-9780143779803/zr3p7m/1497493209/h/PsjVH1BNrXY9D3KPDPWdiaovkIdJb_GPmApBdZTBaUo",
        "https://go.ind.media/e/546932/orge-turner-the-sea-and-summer/zr3p67/1497493209/h/PsjVH1BNrXY9D3KPDPWdiaovkIdJb_GPmApBdZTBaUo",
        "https://go.ind.media/e/546932/products-on-time-and-water/zr3p5q/1497493209/h/PsjVH1BNrXY9D3KPDPWdiaovkIdJb_GPmApBdZTBaUo",
        "https://go.ind.media/e/546932/stories-story-silent-spring/zr3p9b/1497493209/h/PsjVH1BNrXY9D3KPDPWdiaovkIdJb_GPmApBdZTBaUo",
        "https://www.google.com/url?q=https://go.ind.media/e/546932/f-oil-in-how-beautiful-we-were/zr3p8x/1497493209/h/PsjVH1BNrXY9D3KPDPWdiaovkIdJb_GPmApBdZTBaUo&source=gmail&ust=1720190655279000&usg=AOvVaw056EHfmfLB1VOl_GRN7FXj",
        "https://www.google.com/url?q=https://go.ind.media/e/546932/earth-food-life-/zr3p9m/1497493209/h/PsjVH1BNrXY9D3KPDPWdiaovkIdJb_GPmApBdZTBaUo&source=gmail&ust=1720190655279000&usg=AOvVaw2nqqpLhyWO6L-RaG3bp53s",
        "https://www.google.com/url?q=https://go.ind.media/e/546932/t20inspires20positive20change-/zr3p8t/1497493209/h/PsjVH1BNrXY9D3KPDPWdiaovkIdJb_GPmApBdZTBaUo&source=gmail&ust=1720190655279000&usg=AOvVaw2RU4xTcNt9iyogs-QCa5R0",
        "https://www.google.com/url?q=https://go.ind.media/e/546932/futurehack/zr3p97/1497493209/h/PsjVH1BNrXY9D3KPDPWdiaovkIdJb_GPmApBdZTBaUo&source=gmail&ust=1720190655279000&usg=AOvVaw22WQGfXjIEDe1iAB3z5u8C",
        "https://go.ind.media/e/546932/ow-to-solve-the-climate-crisis/zr3p91/1497493209/h/PsjVH1BNrXY9D3KPDPWdiaovkIdJb_GPmApBdZTBaUo",
        "https://www.go.ind.media/e/546932/Katherine-Dolan/zr3p9j/1497493209/h/PsjVH1BNrXY9D3KPDPWdiaovkIdJb_GPmApBdZTBaUo",
        "https://www.go.ind.media/e/546932/ies-YAM-the-maddaddam-trilogy-/zr3p6f/1497493209/h/PsjVH1BNrXY9D3KPDPWdiaovkIdJb_GPmApBdZTBaUo",
        "https://google.com/url?q=https://go.ind.media/e/546932/books-flight-behavior-/zr3p6j/1497493209/h/PsjVH1BNrXY9D3KPDPWdiaovkIdJb_GPmApBdZTBaUo&source=gmail&ust=1720190655278000&usg=AOvVaw3bv7zyXsiIS6E2fbrOGENc",
        "https://www.go.ind.media/e/546932/futurehack/zr3p97/1497493209/h/PsjVH1BNrXY9D3KPDPWdiaovkIdJb_GPmApBdZTBaUo",
        "https://google.com/url?q=https://go.ind.media/e/546932/here-were-wolves-9780143779803/zr3p7m/1497493209/h/PsjVH1BNrXY9D3KPDPWdiaovkIdJb_GPmApBdZTBaUo&source=gmail&ust=1720190655279000&usg=AOvVaw23H5NBSSOobeRsGqT0eOcH",
        "https://www.go.ind.media/e/546932/earth-food-life-/zr3p9m/1497493209/h/PsjVH1BNrXY9D3KPDPWdiaovkIdJb_GPmApBdZTBaUo",
        "https://www.go.ind.media/e/546932/by-omar-el-akkad-9780771009419/zr3p71/1497493209/h/PsjVH1BNrXY9D3KPDPWdiaovkIdJb_GPmApBdZTBaUo",
        "https://google.com/url?q=https://go.ind.media/e/546932/details-manwhoawokeclass00mann/zr3p5x/1497493209/h/PsjVH1BNrXY9D3KPDPWdiaovkIdJb_GPmApBdZTBaUo&source=gmail&ust=1720190655278000&usg=AOvVaw3pj_8x_Qu4YNiSLwKd8Qgl",
        "https://google.com/url?q=https://go.ind.media/e/546932/by-omar-el-akkad-9780771009419/zr3p71/1497493209/h/PsjVH1BNrXY9D3KPDPWdiaovkIdJb_GPmApBdZTBaUo&source=gmail&ust=1720190655278000&usg=AOvVaw3rkSNsDBbFWG0hatY_-wv6",
        "https://google.com/url?q=https://go.ind.media/e/546932/products-on-time-and-water/zr3p5q/1497493209/h/PsjVH1BNrXY9D3KPDPWdiaovkIdJb_GPmApBdZTBaUo&source=gmail&ust=1720190655278000&usg=AOvVaw2c2XbNlZot3_ODC5601No4",
        "https://www.go.ind.media/e/546932/stories-story-silent-spring/zr3p9b/1497493209/h/PsjVH1BNrXY9D3KPDPWdiaovkIdJb_GPmApBdZTBaUo",
        "https://google.com/url?q=https://go.ind.media/e/546932/books-The-Drowned-World-/zr3p64/1497493209/h/PsjVH1BNrXY9D3KPDPWdiaovkIdJb_GPmApBdZTBaUo&source=gmail&ust=1720190655278000&usg=AOvVaw3vFhCVJgGYJDvDF8wZ8Dv9",
        "https://www.go.ind.media/e/546932/details-manwhoawokeclass00mann/zr3p5x/1497493209/h/PsjVH1BNrXY9D3KPDPWdiaovkIdJb_GPmApBdZTBaUo",
        "https://google.com/url?q=https://go.ind.media/e/546932/the-overstory-/zr3p6m/1497493209/h/PsjVH1BNrXY9D3KPDPWdiaovkIdJb_GPmApBdZTBaUo&source=gmail&ust=1720190655278000&usg=AOvVaw27NRDxsOMwj-e4MRQLHY0N",
        "https://google.com/url?q=https://go.ind.media/e/546932/etails-windfromnowhere0000jgba/zr3p61/1497493209/h/PsjVH1BNrXY9D3KPDPWdiaovkIdJb_GPmApBdZTBaUo&source=gmail&ust=1720190655278000&usg=AOvVaw0VNqYRFmpHsY3y_CGaBbbI",
        "https://google.com/url?q=https://go.ind.media/e/546932/how-beautiful-we-were/zr3p7b/1497493209/h/PsjVH1BNrXY9D3KPDPWdiaovkIdJb_GPmApBdZTBaUo&source=gmail&ust=1720190655278000&usg=AOvVaw2unbQkt12zG78e7wNOBFZG",
        "https://www.go.ind.media/e/546932/s-cli-fi-dan-bloom--book-30990/zr3p6t/1497493209/h/PsjVH1BNrXY9D3KPDPWdiaovkIdJb_GPmApBdZTBaUo",
        "https://www.go.ind.media/e/546932/products-weather/zr3p81/1497493209/h/PsjVH1BNrXY9D3KPDPWdiaovkIdJb_GPmApBdZTBaUo",
        "https://www.go.ind.media/e/546932/2024-07-03/zr3p7q/1497493209/h/PsjVH1BNrXY9D3KPDPWdiaovkIdJb_GPmApBdZTBaUo",
        "https://google.com/url?q=https://go.ind.media/e/546932/futurehack/zr3p97/1497493209/h/PsjVH1BNrXY9D3KPDPWdiaovkIdJb_GPmApBdZTBaUo&source=gmail&ust=1720190655279000&usg=AOvVaw22WQGfXjIEDe1iAB3z5u8C",
        "https://www.go.ind.media/e/546932/2024-07-03/zr3p7t/1497493209/h/PsjVH1BNrXY9D3KPDPWdiaovkIdJb_GPmApBdZTBaUo",
        "https://www.go.ind.media/e/546932/the-climate-book-9780141999043/zr3p5m/1497493209/h/PsjVH1BNrXY9D3KPDPWdiaovkIdJb_GPmApBdZTBaUo",
        "https://google.com/url?q=https://go.ind.media/e/546932/bers-directory-6470-dan-bloom-/zr3p6q/1497493209/h/PsjVH1BNrXY9D3KPDPWdiaovkIdJb_GPmApBdZTBaUo&source=gmail&ust=1720190655278000&usg=AOvVaw3rdFFDZnWPKCqAIVnfSpPl",
        "https://www.google.com/url",
        "https://www.go.ind.media/e/546932/my-new-book/zr3p8b/1497493209/h/PsjVH1BNrXY9D3KPDPWdiaovkIdJb_GPmApBdZTBaUo",
        "https://google.com/url?q=https://go.ind.media/e/546932/books-flight-behavior-/zr3p6j/1497493209/h/PsjVH1BNrXY9D3KPDPWdiaovkIdJb_GPmApBdZTBaUo&source=gmail&ust=1720190655279000&usg=AOvVaw2miL-HzsC2KNMEUk11QyFd",
        "https://google.com/url?q=https://go.ind.media/e/546932/orge-turner-the-sea-and-summer/zr3p67/1497493209/h/PsjVH1BNrXY9D3KPDPWdiaovkIdJb_GPmApBdZTBaUo&source=gmail&ust=1720190655278000&usg=AOvVaw08dWOJfWnnQZeYIKdHe196",
        "https://www.go.ind.media/e/546932/here-were-wolves-9780143779803/zr3p7m/1497493209/h/PsjVH1BNrXY9D3KPDPWdiaovkIdJb_GPmApBdZTBaUo",
        "https://google.com/url?q=https://go.ind.media/e/546932/eri-Book-of-Fire-9781786581563/zr3p7f/1497493209/h/PsjVH1BNrXY9D3KPDPWdiaovkIdJb_GPmApBdZTBaUo&source=gmail&ust=1720190655278000&usg=AOvVaw0TkHIixYjU2h9TqnW2IMAg",
        "https://google.com/url?q=https://go.ind.media/e/546932/the-climate-book-9780141999043/zr3p5m/1497493209/h/PsjVH1BNrXY9D3KPDPWdiaovkIdJb_GPmApBdZTBaUo&source=gmail&ust=1720190655278000&usg=AOvVaw2LZww94vOboUtDOrKyDHNX",
        "https://www.go.ind.media/e/546932/parableseries/zr3p6b/1497493209/h/PsjVH1BNrXY9D3KPDPWdiaovkIdJb_GPmApBdZTBaUo",
        "https://www.go.ind.media/e/546932/2-emergency-by-daisy-hildyard-/zr3p7x/1497493209/h/PsjVH1BNrXY9D3KPDPWdiaovkIdJb_GPmApBdZTBaUo",
        "https://google.com/url?q=https://go.ind.media/e/546932/dex-php-bangkok-wakes-to-rain-/zr3p6x/1497493209/h/PsjVH1BNrXY9D3KPDPWdiaovkIdJb_GPmApBdZTBaUo&source=gmail&ust=1720190655278000&usg=AOvVaw0tzGNXb1aPiZXTDenFyR3G",
        "https://google.com/url?q=https://go.ind.media/e/546932/f-oil-in-how-beautiful-we-were/zr3p8x/1497493209/h/PsjVH1BNrXY9D3KPDPWdiaovkIdJb_GPmApBdZTBaUo&source=gmail&ust=1720190655279000&usg=AOvVaw056EHfmfLB1VOl_GRN7FXj",
        "https://www.go.ind.media/e/546932/lvage-the-bones-9781608196272-/zr3p77/1497493209/h/PsjVH1BNrXY9D3KPDPWdiaovkIdJb_GPmApBdZTBaUo",
        "https://www.go.ind.media/e/546932/orge-turner-the-sea-and-summer/zr3p67/1497493209/h/PsjVH1BNrXY9D3KPDPWdiaovkIdJb_GPmApBdZTBaUo",
        "https://google.com/url?q=https://go.ind.media/e/546932/books-migrations-9781760893323/zr3p7j/1497493209/h/PsjVH1BNrXY9D3KPDPWdiaovkIdJb_GPmApBdZTBaUo&source=gmail&ust=1720190655279000&usg=AOvVaw0I30iWAEqJh849fkjVya0Y",
        "https://www.go.ind.media/e/546932/uations-brain-scans-suggest-2-/zr3p8q/1497493209/h/PsjVH1BNrXY9D3KPDPWdiaovkIdJb_GPmApBdZTBaUo",
        "https://google.com/url?q=https://go.ind.media/e/546932/ow-to-solve-the-climate-crisis/zr3p91/1497493209/h/PsjVH1BNrXY9D3KPDPWdiaovkIdJb_GPmApBdZTBaUo&source=gmail&ust=1720190655279000&usg=AOvVaw2znpcclUqa3yIM5HU-zDMB",
        "https://www.go.ind.media/e/546932/f-oil-in-how-beautiful-we-were/zr3p8x/1497493209/h/PsjVH1BNrXY9D3KPDPWdiaovkIdJb_GPmApBdZTBaUo",
        "https://google.com/url?q=https://go.ind.media/e/546932/Katherine-Dolan/zr3p9j/1497493209/h/PsjVH1BNrXY9D3KPDPWdiaovkIdJb_GPmApBdZTBaUo&source=gmail&ust=1720190655279000&usg=AOvVaw1ik1QQrUObx7WebeJaqPBp",
        "https://www.go.ind.media/e/546932/agining-cities-future-1037731-/zr3p84/1497493209/h/PsjVH1BNrXY9D3KPDPWdiaovkIdJb_GPmApBdZTBaUo",
        "https://google.com/url?q=https://go.ind.media/e/546932/t20inspires20positive20change-/zr3p8t/1497493209/h/PsjVH1BNrXY9D3KPDPWdiaovkIdJb_GPmApBdZTBaUo&source=gmail&ust=1720190655279000&usg=AOvVaw2RU4xTcNt9iyogs-QCa5R0",
        "https://www.go.ind.media/e/546932/ly-put-our-brain-waves-in-sync/zr3p8f/1497493209/h/PsjVH1BNrXY9D3KPDPWdiaovkIdJb_GPmApBdZTBaUo",
        "https://www.go.ind.media/e/546932/the-overstory-/zr3p6m/1497493209/h/PsjVH1BNrXY9D3KPDPWdiaovkIdJb_GPmApBdZTBaUo",
        "https://google.com/url?q=https://go.ind.media/e/546932/ly-put-our-brain-waves-in-sync/zr3p8f/1497493209/h/PsjVH1BNrXY9D3KPDPWdiaovkIdJb_GPmApBdZTBaUo&source=gmail&ust=1720190655279000&usg=AOvVaw1y-rO7SOI94qwfXndmv6Bc",
        "https://google.com/url?q=https://go.ind.media/e/546932/2024-07-03/zr3p8m/1497493209/h/PsjVH1BNrXY9D3KPDPWdiaovkIdJb_GPmApBdZTBaUo&source=gmail&ust=1720190655279000&usg=AOvVaw3fFW30ybAVmYG4Q-z4hE6C",
        "https://google.com/url?q=https://go.ind.media/e/546932/stories-story-silent-spring/zr3p9b/1497493209/h/PsjVH1BNrXY9D3KPDPWdiaovkIdJb_GPmApBdZTBaUo&source=gmail&ust=1720190655279000&usg=AOvVaw1ZyLoaYv9_X7rLpzdqFee3",
        "https://www.go.ind.media/e/546932/erature20of20climate20change3F/zr3p87/1497493209/h/PsjVH1BNrXY9D3KPDPWdiaovkIdJb_GPmApBdZTBaUo",
        "https://google.com/url?q=https://go.ind.media/e/546932/uations-brain-scans-suggest-2-/zr3p8q/1497493209/h/PsjVH1BNrXY9D3KPDPWdiaovkIdJb_GPmApBdZTBaUo&source=gmail&ust=1720190655279000&usg=AOvVaw3GSCvxoWyJQUCJJZHwpCtA",
        "https://www.go.ind.media/e/546932/2024-07-03/zr3p9f/1497493209/h/PsjVH1BNrXY9D3KPDPWdiaovkIdJb_GPmApBdZTBaUo",
        "https://google.com/url?q=https://go.ind.media/e/546932/products-weather/zr3p81/1497493209/h/PsjVH1BNrXY9D3KPDPWdiaovkIdJb_GPmApBdZTBaUo&source=gmail&ust=1720190655279000&usg=AOvVaw1ReQz2Li80TtKA0a0udAXb",
        "https://google.com/url?q=https://go.ind.media/e/546932/agining-cities-future-1037731-/zr3p84/1497493209/h/PsjVH1BNrXY9D3KPDPWdiaovkIdJb_GPmApBdZTBaUo&source=gmail&ust=1720190655279000&usg=AOvVaw3-VmIVsVABNKqzucnssaSf",
        "https://google.com/url?q=https://go.ind.media/e/546932/2024-07-03/zr3p7q/1497493209/h/PsjVH1BNrXY9D3KPDPWdiaovkIdJb_GPmApBdZTBaUo&source=gmail&ust=1720190655279000&usg=AOvVaw2TN-qQkiGLdJDRFwqTRsv0",
        "https://www.go.ind.media/e/546932/ow-to-solve-the-climate-crisis/zr3p91/1497493209/h/PsjVH1BNrXY9D3KPDPWdiaovkIdJb_GPmApBdZTBaUo",
        "https://google.com/url?q=https://go.ind.media/e/546932/earth-food-life-/zr3p9m/1497493209/h/PsjVH1BNrXY9D3KPDPWdiaovkIdJb_GPmApBdZTBaUo&source=gmail&ust=1720190655279000&usg=AOvVaw2nqqpLhyWO6L-RaG3bp53s",
        "https://www.go.ind.media/e/546932/t20inspires20positive20change-/zr3p8t/1497493209/h/PsjVH1BNrXY9D3KPDPWdiaovkIdJb_GPmApBdZTBaUo",
        "https://google.com/url?q=https://go.ind.media/e/546932/erature20of20climate20change3F/zr3p87/1497493209/h/PsjVH1BNrXY9D3KPDPWdiaovkIdJb_GPmApBdZTBaUo&source=gmail&ust=1720190655279000&usg=AOvVaw1_7D1cLsx6WWbaqAxW6Q4x",
        "https://google.com/url?q=https://go.ind.media/e/546932/parableseries/zr3p6b/1497493209/h/PsjVH1BNrXY9D3KPDPWdiaovkIdJb_GPmApBdZTBaUo&source=gmail&ust=1720190655278000&usg=AOvVaw1bn2VbDsOqR1IyU5oOYEFb",
        "https://google.com/url?q=https://go.ind.media/e/546932/2024-07-03/zr3p7t/1497493209/h/PsjVH1BNrXY9D3KPDPWdiaovkIdJb_GPmApBdZTBaUo&source=gmail&ust=1720190655279000&usg=AOvVaw13wl7srXzMzG7JlUGEaymx",
        "https://google.com/url?q=https://go.ind.media/e/546932/book-chicago-G-bo22265507-html/zr3p5t/1497493209/h/PsjVH1BNrXY9D3KPDPWdiaovkIdJb_GPmApBdZTBaUo&source=gmail&ust=1720190655278000&usg=AOvVaw2o7chB7e1mLOeXTNgH7xq8",
        "https://google.com/url?q=https://go.ind.media/e/546932/ter-knife-by-paolo-bacigalupi-/zr3p74/1497493209/h/PsjVH1BNrXY9D3KPDPWdiaovkIdJb_GPmApBdZTBaUo&source=gmail&ust=1720190655278000&usg=AOvVaw2P6O0MmJ4Z-rgLRl1T1J9j",
        "https://google.com/url?q=https://go.ind.media/e/546932/2024-07-03/zr3p9f/1497493209/h/PsjVH1BNrXY9D3KPDPWdiaovkIdJb_GPmApBdZTBaUo&source=gmail&ust=1720190655279000&usg=AOvVaw1bvNRqtgQZgPrLwbhm2QU6",
        "https://google.com/url?q=https://go.ind.media/e/546932/2-emergency-by-daisy-hildyard-/zr3p7x/1497493209/h/PsjVH1BNrXY9D3KPDPWdiaovkIdJb_GPmApBdZTBaUo&source=gmail&ust=1720190655279000&usg=AOvVaw3sDy-SeIMsxgOPvrGyCrtt",
        "https://google.com/url?q=https://go.ind.media/e/546932/s-cli-fi-dan-bloom--book-30990/zr3p6t/1497493209/h/PsjVH1BNrXY9D3KPDPWdiaovkIdJb_GPmApBdZTBaUo&source=gmail&ust=1720190655278000&usg=AOvVaw2ms2tVsYpBw53wGn0twWwK",
        "https://www.go.ind.media/e/546932/ngsolver-on-flight-behavior-2-/zr3p8j/1497493209/h/PsjVH1BNrXY9D3KPDPWdiaovkIdJb_GPmApBdZTBaUo",
        "https://www.go.ind.media/e/546932/bers-directory-6470-dan-bloom-/zr3p6q/1497493209/h/PsjVH1BNrXY9D3KPDPWdiaovkIdJb_GPmApBdZTBaUo",
        "https://www.go.ind.media/e/546932/how-beautiful-we-were/zr3p7b/1497493209/h/PsjVH1BNrXY9D3KPDPWdiaovkIdJb_GPmApBdZTBaUo",
        "https://www.go.ind.media/e/546932/dex-php-bangkok-wakes-to-rain-/zr3p6x/1497493209/h/PsjVH1BNrXY9D3KPDPWdiaovkIdJb_GPmApBdZTBaUo",
        "https://google.com/url?q=https://go.ind.media/e/546932/ngsolver-on-flight-behavior-2-/zr3p8j/1497493209/h/PsjVH1BNrXY9D3KPDPWdiaovkIdJb_GPmApBdZTBaUo&source=gmail&ust=1720190655279000&usg=AOvVaw2DMQ-gTfq0nv571XCMMTWH",
        "https://www.go.ind.media/e/546932/books-migrations-9781760893323/zr3p7j/1497493209/h/PsjVH1BNrXY9D3KPDPWdiaovkIdJb_GPmApBdZTBaUo",
        "https://www.go.ind.media/e/546932/products-on-time-and-water/zr3p5q/1497493209/h/PsjVH1BNrXY9D3KPDPWdiaovkIdJb_GPmApBdZTBaUo",
        "https://www.go.ind.media/e/546932/books-The-Drowned-World-/zr3p64/1497493209/h/PsjVH1BNrXY9D3KPDPWdiaovkIdJb_GPmApBdZTBaUo",
        "https://google.com/url?q=https://go.ind.media/e/546932/my-new-book/zr3p8b/1497493209/h/PsjVH1BNrXY9D3KPDPWdiaovkIdJb_GPmApBdZTBaUo&source=gmail&ust=1720190655279000&usg=AOvVaw22Fr2lgXWlGmns_6LTBNfS",
        "https://www.go.ind.media/e/546932/book-chicago-G-bo22265507-html/zr3p5t/1497493209/h/PsjVH1BNrXY9D3KPDPWdiaovkIdJb_GPmApBdZTBaUo",
        "https://google.com/url?q=https://go.ind.media/e/546932/lvage-the-bones-9781608196272-/zr3p77/1497493209/h/PsjVH1BNrXY9D3KPDPWdiaovkIdJb_GPmApBdZTBaUo&source=gmail&ust=1720190655278000&usg=AOvVaw0OfsB707I05WqcVWAxZ0d0",
        "https://www.go.ind.media/e/546932/ter-knife-by-paolo-bacigalupi-/zr3p74/1497493209/h/PsjVH1BNrXY9D3KPDPWdiaovkIdJb_GPmApBdZTBaUo",
        "https://google.com/url?q=https://go.ind.media/e/546932/ies-YAM-the-maddaddam-trilogy-/zr3p6f/1497493209/h/PsjVH1BNrXY9D3KPDPWdiaovkIdJb_GPmApBdZTBaUo&source=gmail&ust=1720190655278000&usg=AOvVaw3fjBkLnwhsQY-Y6FIDiGR5",
        "https://www.go.ind.media/e/546932/eri-Book-of-Fire-9781786581563/zr3p7f/1497493209/h/PsjVH1BNrXY9D3KPDPWdiaovkIdJb_GPmApBdZTBaUo",
        "https://www.go.ind.media/e/546932/books-flight-behavior-/zr3p6j/1497493209/h/PsjVH1BNrXY9D3KPDPWdiaovkIdJb_GPmApBdZTBaUo",
        "https://www.go.ind.media/e/546932/etails-windfromnowhere0000jgba/zr3p61/1497493209/h/PsjVH1BNrXY9D3KPDPWdiaovkIdJb_GPmApBdZTBaUo",
        "https://www.go.ind.media/e/546932/2024-07-03/zr3p8m/1497493209/h/PsjVH1BNrXY9D3KPDPWdiaovkIdJb_GPmApBdZTBaUo"
    ],
    "external_images": [],
    "entities": {
        "persons": [
            {
                "name": "nathaniel st. clair climate",
                "sentiment": "neutral"
            },
            {
                "name": "george turner",
                "sentiment": "none"
            },
            {
                "name": "j.g. ballard",
                "sentiment": "none"
            },
            {
                "name": "ghosh",
                "sentiment": "none"
            },
            {
                "name": "greta thunberg",
                "sentiment": "none"
            },
            {
                "name": "amitav ghosh",
                "sentiment": "none"
            },
            {
                "name": "laurence manning",
                "sentiment": "none"
            }
        ],
        "organizations": [],
        "locations": [
            {
                "name": "earth",
                "sentiment": "none"
            },
            {
                "name": "anri snaer magnason",
                "sentiment": "none"
            }
        ]
    },
    "rating": null,
    "crawled": "2024-07-05T09:07:21.327+03:00",
    "updated": "2024-07-05T09:07:21.327+03:00"
}