{
    "thread": {
        "uuid": "d16db7bfc9bc4797dfae2006ac591ef2bde1446c",
        "url": "https://www.asiaone.com/singapore/staff-serangoon-primary-school-snap-400kg-durians-2-hours",
        "site_full": "www.asiaone.com",
        "site": "asiaone.com",
        "site_section": "https://www.asiaone.com/singapore",
        "site_categories": [
            "media",
            "top_news"
        ],
        "section_title": "AsiaOne Singapore News, Get the Latest Singapore Breaking News at AsiaOne",
        "title": "Staff at Serangoon primary school snap up 400kg of durians in 2 hours, Singapore News - AsiaOne",
        "title_full": "Staff at Serangoon primary school snap up 400kg of durians in 2 hours, Singapore News - AsiaOne",
        "published": "2024-07-04T23:55:00.000+03:00",
        "replies_count": 0,
        "participants_count": 0,
        "site_type": "news",
        "country": "SG",
        "main_image": "https://media.asiaone.com/sites/default/files/styles/a1_600x316/public/original_images/Jul2024/20240407_durian.jpg?h=2e181f1f&amp;itok=sO3scQWL",
        "performance_score": 0,
        "domain_rank": 4676,
        "domain_rank_updated": "2024-07-02T13:08:10.000+03:00",
        "reach": null,
        "social": {
            "facebook": {
                "likes": 0,
                "comments": 0,
                "shares": 1
            },
            "gplus": {
                "shares": 0
            },
            "pinterest": {
                "shares": 0
            },
            "linkedin": {
                "shares": 0
            },
            "stumbledupon": {
                "shares": 0
            },
            "vk": {
                "shares": 0
            }
        }
    },
    "uuid": "d16db7bfc9bc4797dfae2006ac591ef2bde1446c",
    "url": "https://www.asiaone.com/singapore/staff-serangoon-primary-school-snap-400kg-durians-2-hours",
    "ord_in_thread": 0,
    "parent_url": null,
    "author": null,
    "published": "2024-07-04T23:55:00.000+03:00",
    "title": "Staff at Serangoon primary school snap up 400kg of durians in 2 hours, Singapore News - AsiaOne",
    "text": "With the season in full swing, the king of fruits is very much in demand — so much so that one school invited a durian seller to set up a one-day pop-up stall on campus.\nIn just two hours, staff of the primary school in Serangoon snapped up 400kg of Musang King, Shin Min Daily News reported on Thursday (July 4).\nWang, a 60-year-old driver, told the Chinese evening daily that he was at the school at noon on Wednesday to pick up students when he caught a whiff of the fruit.\nIt led him to the canteen, where he saw banners and several employees from a durian vendor.\n\"This is the first time I'm seeing durians being sold in the school, so I was curious.\"\nFor seller Durian Heroes, it is also a first for them.\nOwner Sabrina Lim, 46, told AsiaOne that she received the invitation from the school two weeks ago.\n\"One of the teachers had bought durians from us and recommended us to the school management,\" she said.\nShe added that her team prepared 400kg of Black Gold and regular Musang King varieties after discussing the number of interested buyers with the school.\nThe durians were gone in two hours, snapped up by 30 staff members.\nThe regular Musang King went for $18 a kilogram, while the Black Gold variety was priced at $22 a kilogram.\n\"Some of the buyers ate the durian on the spot. Others bought more than six each for friends and family,\" Lim said.\nThe \"weird but interesting\" experience may have opened up a new avenue of sales for Durian Heroes, as Lim said she is now speaking with other schools.\nAsiaOne has contacted the school for comment.\nALSO READ: Return of durian claw machines: One man catches over 20 fruit at Yishun pasar malam, video of another player goes viral\nchingshijie@asiaone.com",
    "highlightText": "",
    "highlightTitle": "",
    "highlightThreadTitle": "",
    "language": "english",
    "sentiment": "positive",
    "categories": [
        "Human Interest",
        "Lifestyle and Leisure",
        "Environment"
    ],
    "webz_reporter": false,
    "external_links": [],
    "external_images": [],
    "entities": {
        "persons": [
            {
                "name": "sabrina lim",
                "sentiment": "none"
            },
            {
                "name": "wang",
                "sentiment": "none"
            },
            {
                "name": "asiaone",
                "sentiment": "none"
            }
        ],
        "organizations": [
            {
                "name": "singapore news",
                "sentiment": "negative"
            },
            {
                "name": "shin min daily news",
                "sentiment": "none"
            },
            {
                "name": "durian heroes",
                "sentiment": "none"
            }
        ],
        "locations": [
            {
                "name": "serangoon",
                "sentiment": "none"
            }
        ]
    },
    "rating": null,
    "crawled": "2024-07-05T08:17:16.237+03:00",
    "updated": "2024-07-05T08:17:16.237+03:00"
}