{
    "thread": {
        "uuid": "645b574f4f52101b8a57ebb7878ee1330a057637",
        "url": "https://www.timesnownews.com/business-economy/companies/servotech-launches-solar-powered-ev-charging-station-in-delhi-as-indias-leads-in-green-energy-transition-article-111506369",
        "site_full": "www.timesnownews.com",
        "site": "timesnownews.com",
        "site_section": "https://www.timesnownews.com/latest-news",
        "site_categories": [
            "media",
            "top_news"
        ],
        "section_title": "Latest News India, Today&#x27;s Latest News, Latest News Headlines | Times Now",
        "title": "Servotech Launches Solar-Powered EV Charging Station in Delhi As India's Leads in Green Energy Transition | Times Now",
        "title_full": "Servotech Launches Solar-Powered EV Charging Station in Delhi As India's Leads in Green Energy Transition | Times Now",
        "published": "2024-07-05T03:00:00.000+03:00",
        "replies_count": 0,
        "participants_count": 1,
        "site_type": "news",
        "country": "IN",
        "main_image": "https://static.tnn.in/thumb/msid-111506135,thumbsize-79930,width-1280,height-720,resizemode-75/111506135.jpg?quality=100",
        "performance_score": 0,
        "domain_rank": 3940,
        "domain_rank_updated": "2024-07-02T13:08:10.000+03:00",
        "reach": null,
        "social": {
            "facebook": {
                "likes": 0,
                "comments": 0,
                "shares": 0
            },
            "gplus": {
                "shares": 0
            },
            "pinterest": {
                "shares": 0
            },
            "linkedin": {
                "shares": 0
            },
            "stumbledupon": {
                "shares": 0
            },
            "vk": {
                "shares": 0
            }
        }
    },
    "uuid": "645b574f4f52101b8a57ebb7878ee1330a057637",
    "url": "https://www.timesnownews.com/business-economy/companies/servotech-launches-solar-powered-ev-charging-station-in-delhi-as-indias-leads-in-green-energy-transition-article-111506369",
    "ord_in_thread": 0,
    "parent_url": null,
    "author": "Paras Bisht",
    "published": "2024-07-05T03:00:00.000+03:00",
    "title": "Servotech Launches Solar-Powered EV Charging Station in Delhi As India's Leads in Green Energy Transition | Times Now",
    "text": "Servotech Power Systems share price will remain in focus as the leading manufacturer of EV chargers and solar solutions inaugurated Delhi’s first grid-connected Solar-Powered EV Charging Carport in collaboration with India's apex solar organization, the National Solar Energy Federation of India (NSEFI). The solar-powered EV charging carport has been established as a pilot project at the Hauz Khas Village parking station. India is implementing the world's largest Renewable Energy (RE) expansion program, envisaging a 5-fold increase in the overall RE production capacity. Energy independence is economically advantageous. A shift to electric transportation will create $ 2.5 trillion in net consumer savings by 2047.The company in a statement said, \\\"Servotech has manufactured, designed, and commissioned the solar panels and EV chargers used to establish the carport. Additionally, Servotech has been responsible for designing and implementing the overall infrastructure for the carport.\\\"On this occasion, Raman Bhatia, Founder and Managing director, Servotech Power Systems Ltd. said \\\"This initiative will prove to be beneficial in decarbonizing mobility and electricity through solar energy. The growth of India's solar and energy storage sectors across various fronts is dynamic, and by integrating renewable energy solutions into our infrastructure, we not only address current environmental challenges but also pave the way for a cleaner, more sustainable future for all.\\\"The world's fifth-largest economy, India can achieve energy independence through clean technology by 2047. Prime Minister Narendra Modi's Atmanirbhar Bharat push spans from a massive renewable capacity addition to the electric mobility, saving billions of dollars in imports.",
    "highlightText": "",
    "highlightTitle": "",
    "highlightThreadTitle": "",
    "language": "english",
    "sentiment": "positive",
    "categories": [
        "Science and Technology",
        "Economy, Business and Finance",
        "Environment"
    ],
    "webz_reporter": false,
    "external_links": [],
    "external_images": [],
    "entities": {
        "persons": [
            {
                "name": "servotech",
                "sentiment": "none"
            },
            {
                "name": "raman bhatia",
                "sentiment": "none"
            }
        ],
        "organizations": [
            {
                "name": "green energy transition | times now servotech power systems",
                "sentiment": "negative"
            },
            {
                "name": "servotech power systems ltd.",
                "sentiment": "none"
            },
            {
                "name": "national solar energy federation of india",
                "sentiment": "none"
            }
        ],
        "locations": [
            {
                "name": "delhi",
                "sentiment": "none"
            },
            {
                "name": "india",
                "sentiment": "none"
            },
            {
                "name": "hauz khas village",
                "sentiment": "none"
            }
        ]
    },
    "rating": null,
    "crawled": "2024-07-05T09:45:14.816+03:00",
    "updated": "2024-07-05T09:45:14.816+03:00"
}