{
    "thread": {
        "uuid": "2b1c526719220c1f53ca346c67b8ff2749b391b2",
        "url": "https://luxuriousrentz.com/whats-the-reason-double-glazed-window-repair-is-everywhere-this-year-4",
        "site_full": "luxuriousrentz.com",
        "site": "luxuriousrentz.com",
        "site_section": "https://luxuriousrentz.com/category/windows/",
        "site_categories": [],
        "section_title": null,
        "title": "What’s The Reason? Double Glazed Window Repair Is Everywhere This Year",
        "title_full": "What’s The Reason? Double Glazed Window Repair Is Everywhere This Year",
        "published": "2024-07-04T21:40:00.000+03:00",
        "replies_count": 0,
        "participants_count": 1,
        "site_type": "news",
        "country": "DE",
        "main_image": "",
        "performance_score": 0,
        "domain_rank": 15544,
        "domain_rank_updated": "2024-07-02T13:08:10.000+03:00",
        "reach": null,
        "social": {
            "facebook": {
                "likes": 0,
                "comments": 0,
                "shares": 0
            },
            "gplus": {
                "shares": 0
            },
            "pinterest": {
                "shares": 0
            },
            "linkedin": {
                "shares": 0
            },
            "stumbledupon": {
                "shares": 0
            },
            "vk": {
                "shares": 0
            }
        }
    },
    "uuid": "2b1c526719220c1f53ca346c67b8ff2749b391b2",
    "url": "https://luxuriousrentz.com/whats-the-reason-double-glazed-window-repair-is-everywhere-this-year-4",
    "ord_in_thread": 0,
    "parent_url": null,
    "author": "Alfie Stratton",
    "published": "2024-07-04T21:40:00.000+03:00",
    "title": "What’s The Reason? Double Glazed Window Repair Is Everywhere This Year",
    "text": "window repairs near me – Posteezy.com ,\nWindow replacement and repair can give your home a new look, and also improve its performance. This will help keep your home quiet free of noise and save on energy bills.\nChoosing a trustworthy glazier or window company will ensure that you get the highest quality products, which have modern technologies such as low-emissivity glass and window films. Make use of our Find a Pro feature to search for Bellmore, NY Windows & Double Glazing experts.\nWindow Replacement\nWindow replacements are an excellent way of improving energy efficiency while also reducing noise and enhancing security. It is important to speak with a reputable supplier or service provider to ensure that the new units are of high quality, correctly sized, and installed correctly. This will help you maximize your investment and allow you to get the best results. In addition, replacement windows can be an excellent option for homes with old single pane windows that fail to effectively block UV radiation.\nReplacing your window glass is a cost-effective method to improve the efficiency and insulation of your home. New uPVC and wooden frames offer an excellent insulation against wind, cold, and rain, while double glazed window repairs near me -glazed windows with low-emissivity (low-e) coatings and argon gas fillings reduce heat transfer, resulting in lower energy costs. The most efficient double-paned windows are also acoustically insulated, and have multi-point locking mechanisms for enhanced security.\nReplacement of a single pane within double-glazed windows can cost between PS55 and PS145, depending on its size and. It is generally cheaper to repair a broken window. However, you should always consult a professional before deciding if you should replace your windows or not.\nIf your double-glazed windows appear discolored it could be an indication of a leak or problem with the seal. A specific repair procedure can be utilized to eliminate the moisture and then clean the glass unit and install the spacer bar again and a desiccant in order to prevent further condensation. This repair process can be carried out at home or on the spot and is typically more affordable than replacing the entire window.\nIt is more cost-effective to replace a double pane that’s been damaged, but not always the glass. Double-pane windows have a gap between the two glass panes, which is sealed with argon or Krypton gas to create an airtight seal. This reduces energy loss. If a single pane is broken the window, it’s generally required to replace the entire window to preserve energy efficiency and ensure an intact airtight seal.\nMisted Double Glazing\nDouble glazing that has been contaminated can pose a threat to homeowners. It can alter the way your windows work and cause dampness and mold. It is crucial to fix any double glazing issues as soon as you can especially when winter is approaching.\nIf the glass of your windows is prone to condensation between the panes, it is referred to as misting. This usually happens due to poor installation or air infiltration. It is recommended to use a FENSA-regulated window installer to avoid this.\nIt’s also essential to keep your double glazing free of dirt, dust and debris. The frames can be cleaned using warm soapy water. However, if the frames are made from wood or aluminium, you might need to explore other methods of cleaning them thoroughly.\nOne of the most common problems that double glazing owners face post-installation is that their windows or doors become difficult to open or close. This may be caused by extreme temperatures as the frame expands or shrinks depending on the weather. It’s worth trying to warm up or cool down the frame with hot or cold water and adjusting any handles, hinges or mechanisms. If this doesn’t help you, you might want to contact the company that installed your double glazing. They might provide a repair or refund.\nIf you notice that windows with double glazing are misting, this could be due to the seal between the two panes has failed. This can be due to a variety of factors, including poor installation, age or harsh chemicals or cleaners that contain oil. It is also recommended to use an installer who is FENSA-regulated to make sure that your double-glazing complies completely with UK building regulations.\nIn some cases, you can repair the double-glazing unit that is misted by replacing the bars that hold the spacers with ones that are a little warmer. This will increase the temperature of the glass and assist to stop condensation. You can also opt for thermally efficient glasses with coatings that emit low emissions, and argon between the glass to prevent condensation.\nWindow Repair\nDouble-pane windows work well to protect your home from the elements, and can also improve the efficiency of your HVAC system. Your windows will eventually develop issues, so it is important to know when you should replace or repair them.\nIf you notice an increase in moisture, fogging or dirt it could be an indication that your window’s seal has failed. The seals stop air from escaping between the two glass panes in your IGU. (IGU).\nThis could result in your window being less efficient and resulting in higher energy bills. Depending on how serious the issue is, you may need to replace the entire window or just the glass.\nIn some cases a professional may be able to perform an effective window repair in order to fix the problem. This could involve cleaning the area and repairing the seal, or it could just require a small amount of silicone or putty to fix the gap. This will stop the seal from splintering and will allow you to utilize your window as normal.\nWindow repairs are typically more affordable than window replacements however, it is crucial to weigh your options before deciding if you want to repair or replace your windows. You’ll have to take into consideration the condition of your existing frame, the cost of the repairs and whether you want a new look or better insulation from the outdoors.\nYou can improve your windows by installing new components such as handles, hinges or sash cords. These upgrades will not only make windows easier to operate, but also ensure that they are safe and secure. The screens of your windows can also be damaged or ripped, allowing insects to enter your home. Replacing them will keep your home insect-free and create clean, healthier surroundings.\nThe window frame is a crucial component of the overall structure of the window, since it holds the glass panels in position. The frames can be made out of aluminum, wood or vinyl and can become cracked, rotted or damaged from weather or sunlight exposure. Window moldings can also get damaged and require to be replaced or repaired. Generally, wooden frames are more expensive to repair and replace than vinyl or aluminum and the price will vary depending on the type of material and degree of damage.\nSkylight Repair\nSkylights are a great method to let natural light into your home without creating a bright. Skylights are also a great way to increase insulation and cut down on heating costs. Like all windows and doors, they are susceptible to a range of issues. It is important to get a professional’s attention immediately if the double-pane skylight has been damaged. This will prevent condensation, water leaks, and other damage to the frame and glass.\nSkylight leaks usually occur when the glazing seal and flashing loosen or when the frame begins to corrode. These problems can result in leaking water through the frame and into the ceiling. A contractor can fix a leaking rooflight by sealing or replacing the flashing, seal and frame. The cost to repair a skylight varies depending on the size of the window and the type of glass. If the frame is severely damaged, it might be worth replacing it.\nMold is another common problem with skylights. It can appear on the outside of the windows, in the frame, or on the inside of the glass. It could be caused by condensation, leaky pipes or an insufficient seal. If the mold is contained to the surrounding area of the window, minor repairs can be made. If the mold is extensive, the skylight may need to be replaced.\nIt is recommended to stay clear of trying DIY repairs by yourself if aren’t sure what to do. If you’re not familiar with woodworking or construction it may be better to seek out a professional to repair or replace your window. A professional can also be able recommend other options for home improvement which could save you money in the end. They might also provide an assurance for the work they perform, so you can be confident that your investment is protected. It’s recommended to request an estimate from a few different companies to compare costs. You’ll be able to find the best price for your needs and budget.",
    "highlightText": "",
    "highlightTitle": "",
    "highlightThreadTitle": "",
    "language": "english",
    "sentiment": "positive",
    "categories": [
        "Health",
        "Lifestyle and Leisure",
        "Environment"
    ],
    "webz_reporter": false,
    "external_links": [
        "https://m1bar.com/user/makeuppump3/",
        "https://posteezy.com/what-look-determine-if-youre-prepared-glazing-repairs",
        "https://jonassen-grantham.technetbloggers.de/20-tools-that-will-make-you-better-at-double-glazing-doctor-near-me/",
        "https://jonassen-grantham.technetbloggers.de/20-tools-that-will-make-you-better-at-double-glazing-doctor-near-me",
        "https://www.posteezy.com/what-look-determine-if-youre-prepared-glazing-repairs",
        "https://www.jonassen-grantham.technetbloggers.de/20-tools-that-will-make-you-better-at-double-glazing-doctor-near-me/",
        "https://m1bar.com/user/makeuppump3",
        "https://www.m1bar.com/user/makeuppump3/"
    ],
    "external_images": [],
    "entities": {
        "persons": [],
        "organizations": [],
        "locations": [
            {
                "name": "bellmore",
                "sentiment": "none"
            }
        ]
    },
    "rating": null,
    "crawled": "2024-07-05T00:54:05.611+03:00",
    "updated": "2024-07-05T00:54:05.611+03:00"
}