{
    "thread": {
        "uuid": "ac36310f23d8a524d6add60dd9a6345999a99322",
        "url": "https://www.infobae.com/america/agencias/2024/07/04/el-ayuntamiento-de-paris-asegura-que-el-rio-sena-es-apto-para-nadar",
        "site_full": "www.infobae.com",
        "site": "infobae.com",
        "site_section": "https://www.infobae.com/america/agencias",
        "site_categories": [
            "media",
            "top_news"
        ],
        "section_title": "Últimas Noticias de Argentina y del Mundo - Infobae",
        "title": "El Ayuntamiento de París asegura que el río Sena es \"apto para nadar\" - Infobae",
        "title_full": "El Ayuntamiento de París asegura que el río Sena es \"apto para nadar\" - Infobae",
        "published": "2024-07-05T01:17:00.000+03:00",
        "replies_count": 0,
        "participants_count": 1,
        "site_type": "news",
        "country": "AR",
        "main_image": "https://www.infobae.com/new-resizer/UIyKCb3OEmCjc5QG1LfowoLGaXw=/1200x630/filters:format(webp):quality(85)/cloudfront-us-east-1.images.arcpublishing.com/infobae/NQSOWWSTDVHSBMD2XDUWKET24I.jpg",
        "performance_score": 0,
        "domain_rank": 1952,
        "domain_rank_updated": "2024-07-02T13:08:10.000+03:00",
        "reach": null,
        "social": {
            "facebook": {
                "likes": 0,
                "comments": 0,
                "shares": 0
            },
            "gplus": {
                "shares": 0
            },
            "pinterest": {
                "shares": 0
            },
            "linkedin": {
                "shares": 0
            },
            "stumbledupon": {
                "shares": 0
            },
            "vk": {
                "shares": 0
            }
        }
    },
    "uuid": "ac36310f23d8a524d6add60dd9a6345999a99322",
    "url": "https://www.infobae.com/america/agencias/2024/07/04/el-ayuntamiento-de-paris-asegura-que-el-rio-sena-es-apto-para-nadar",
    "ord_in_thread": 0,
    "parent_url": null,
    "author": "@infobae",
    "published": "2024-07-05T01:17:00.000+03:00",
    "title": "El Ayuntamiento de París asegura que el río Sena es \"apto para nadar\" - Infobae",
    "text": "El Ayuntamiento de París, a través de su teniente de alcalde Pierre Rabadan, ha asegurado este jueves que el Sena es \"apto para nadar\" y ha tranquilizado así a entrenadores y deportistas sobre las condiciones sanitarias y la contaminación del río, a menos de un mes para que empiecen los Juegos Olímpicos en la capital francesa. Así lo constató el medio de comunicación francés RMC Sport. Aplazado por el contexto de las elecciones legislativas y también por la dudosa calidad del agua, el baño de la alcaldesa parisina Anne Hidalgo en el Sena \"aún podría celebrarse antes del inicio\" de esos JJ.OO., cuya ceremonia inaugural está programada para el 26 de julio. Según Rabadan, exjugador de rugby y actual teniente de alcalde y máximo responsable de Deportes en el Ayuntamiento, será posible nadar en el Sena pese a los recientes temores sobre el grado de contaminación por la bacteria Escherichia coli. \"Los resultados de los últimos días son satisfactorios y coherentes con la natación\", afirmó al respecto. \"Sabíamos por qué no se debía a las fuertes lluvias que tuvimos en mayo y junio. Ahora los resultados de la calidad del agua son consistentes con nuestras necesidades\", añadió Rabadan, quien dijo que las competiciones de natación en aguas abiertas y de triatlón podrán desarrollarse según lo previsto por los organizadores de los JJ.OO. \"Obviamente, los próximos días deben continuar en esta dirección, pero no tengo preocupaciones\", comentó el teniente de alcalde parisino durante un evento en la Plaza de la Concordia. Antes de concluir, Rabadan hizo una promesa clara: \"Estaremos ahí para los JJ.OO.\".",
    "highlightText": "",
    "highlightTitle": "",
    "highlightThreadTitle": "",
    "language": "spanish",
    "sentiment": "positive",
    "categories": [
        "Health",
        "Human Interest",
        "Environment"
    ],
    "webz_reporter": false,
    "external_links": [],
    "external_images": [],
    "entities": {
        "persons": [],
        "organizations": [],
        "locations": []
    },
    "rating": null,
    "crawled": "2024-07-05T01:33:02.710+03:00",
    "updated": "2024-07-05T01:33:02.710+03:00"
}