{
    "thread": {
        "uuid": "789026da7d3a92c220abc7a68e0d4cfe0cdaa8bc",
        "url": "https://techbullion.com/the-ultimate-guide-to-choosing-the-right-commercial-pest-control-service",
        "site_full": "techbullion.com",
        "site": "techbullion.com",
        "site_section": "https://www.techbullion.com/feed/rss",
        "site_categories": [
            "finance"
        ],
        "section_title": "TechBullion",
        "title": "The Ultimate Guide to Choosing the Right Commercial Pest Control Service",
        "title_full": "The Ultimate Guide to Choosing the Right Commercial Pest Control Service",
        "published": "2024-07-05T10:15:00.000+03:00",
        "replies_count": 0,
        "participants_count": 1,
        "site_type": "news",
        "country": "US",
        "main_image": "https://techbullion.com/wp-content/uploads/2024/07/pest-1000x600.webp",
        "performance_score": 0,
        "domain_rank": 6934,
        "domain_rank_updated": "2024-07-02T13:08:10.000+03:00",
        "reach": null,
        "social": {
            "facebook": {
                "likes": 0,
                "comments": 0,
                "shares": 0
            },
            "gplus": {
                "shares": 0
            },
            "pinterest": {
                "shares": 0
            },
            "linkedin": {
                "shares": 0
            },
            "stumbledupon": {
                "shares": 0
            },
            "vk": {
                "shares": 0
            }
        }
    },
    "uuid": "789026da7d3a92c220abc7a68e0d4cfe0cdaa8bc",
    "url": "https://techbullion.com/the-ultimate-guide-to-choosing-the-right-commercial-pest-control-service",
    "ord_in_thread": 0,
    "parent_url": null,
    "author": "Uzair Hasan | BusinesNews Wire",
    "published": "2024-07-05T10:15:00.000+03:00",
    "title": "The Ultimate Guide to Choosing the Right Commercial Pest Control Service",
    "text": "Introduction\nPest manipulation in commercial settings is crucial for keeping safe, healthful, and efficient surroundings.\nCommercial Pest Control Service infestations can result in severe results, including fitness risks, structural harm, and loss of popularity. In this manual, we’ll discover the important aspects of selecting the right business pest management carrier to guard your business.\nUnderstanding Commercial Pest Control\nCommercial pest manipulation entails managing and doing away with pest infestations in enterprise residences. Unlike residential pest management, industrial offerings frequently address large spaces and unique industry rules, requiring a more complete and specialized method.\nTypes of Pests in Commercial Properties\nCommercial homes can be suffering from numerous pests. Common invaders encompass rodents, cockroaches, ants, and flies. Each enterprise faces particular threats; for instance, meal provider establishments may war with pantry pests, whilst office homes may want to come upon extra rodent troubles.\nSigns of a Pest Infestation\nRecognizing the signs of a pest infestation early can prevent extensive harm, look for physical proof which includes droppings, gnaw marks, and nests. Behavioral modifications in personnel and clients, like multiplied pressure or lawsuits, also can suggest trouble.\nKey Factors to Consider When Choosing a Service\nSelecting the right pest manipulation carrier entails comparing several elements:\n- Experience and Expertise: Look for companies with a proven song record in coping with business pest problems.\n- Licenses and Certifications: Ensure the organization is certified and authorized to carry out pest management offerings in your region\n.\n- Range of Services Offered: An appropriate pest manipulation corporation ought to offer a whole lot of offerings, inclusive of preventive measures, extermination, and ongoing upkeep.\nEvaluating Pest Control Companies\nBefore committing to a\nCommercial pest control service study their reputation. Check online evaluations, ask for testimonials, and investigate their customer support responsiveness. An agency with high-quality remarks and awesome customer service is much more likely to meet your needs.\nUnderstanding Pest Control Methods\nPest management strategies may be widely categorized into chemical and non-chemical approaches. Chemical methods involve insecticides, whilst non-chemical methods encompass traps and exclusion techniques. Integrated Pest Management (IPM) combines both strategies for powerful and environmentally friendly pest control.\nSafety and Environmental Considerations\nThe protection of your personnel and customers is paramount. Ensure the pest control agency uses secure and authorized techniques. Additionally, opt for green options to limit environmental impact.\nCost Considerations\nPest manipulation charges can range primarily based on the size of the assets, severity of the infestation, and frequency of treatments. Understanding pricing models and ensuring you get cost for money is crucial. Obtain prices from more than one vendor to evaluate costs and offerings.\nService Contracts and Guarantees\nService contracts provide a clear outline of the services included and the frequency of remedies guarantees and warranties offer peace of mind ensuring that the business enterprise stands behind its paintings and can cope with any routine issues.\nPreparing for Pest Control Treatments\nBefore treatments, observe the pest manipulation enterprise’s preparation pointers. This may additionally consist of cleaning, sealing meals, and moving touchy objects. Post-treatment, adhere to their pointers to preserve a pest-free environment.\nMaintaining a Pest-Free Environment\nRegular inspections and renovation are critical for stopping future infestations. Train your team of workers to understand signs and symptoms of pests and enforce preventive measures, which include right waste control and normal cleansing.\nCase Studies\nExamining case research can provide valuable insights into effective pest control techniques. Success stories highlight exceptional practices, at the same time as instructions found out from past failures can guide you in keeping off commonplace pitfalls.\nConclusion\nChoosing the proper commercial pest manipulation provider is critical for safeguarding your enterprise. By thinking about elements like experience, protection, and price, you could make a knowledgeable decision. Remember to preserve regular inspections and preventive measures to make certain a pest-free environment.\nFAQs\nWhat are the most commonplace pests in commercial properties?\nCommon pests consist of rodents, cockroaches, ants, and flies, although the specific pests may additionally vary with the aid of industry.\nHow often ought pest manipulation services be scheduled?\nThe frequency relies upon the type of enterprise and the level of pest chance, however, quarterly treatments are regularly encouraged.\nWhat should I do if I spot a pest among treatments?\nContact your pest management provider at once to cope with the difficulty before it escalates.\nAre pest manipulation chemical substances secure for my workforce and clients?\nReputable pest management corporations use secure and authorized chemicals. Always talk about protection worries together with your company.\nCan pest manipulation services be customized for my precise industry?\nYes, many pest control companies provide tailor-made offerings to satisfy the particular wishes of different industries\nRead More From\nTechbullion And Businesnewswire.com",
    "highlightText": "",
    "highlightTitle": "",
    "highlightThreadTitle": "",
    "language": "english",
    "sentiment": "positive",
    "categories": [
        "Health",
        "Business and Market Analysis",
        "Environment"
    ],
    "webz_reporter": false,
    "external_links": [
        "https://businesnewswire.com/",
        "https://www.proterrapc.com/commercial-pest-control-services",
        "https://businesnewswire.com",
        "https://proterrapc.com/commercial-pest-control-services",
        "https://www.businesnewswire.com/"
    ],
    "external_images": [],
    "entities": {
        "persons": [],
        "organizations": [
            {
                "name": "right commercial pest control service introduction pest",
                "sentiment": "negative"
            },
            {
                "name": "commercial pest control service",
                "sentiment": "none"
            }
        ],
        "locations": []
    },
    "rating": null,
    "crawled": "2024-07-05T10:27:36.018+03:00",
    "updated": "2024-07-05T10:27:36.018+03:00"
}