{
    "thread": {
        "uuid": "1d9391a034a70d4600d867f0dcdd8c9207b1f757",
        "url": "https://www.openpr.com/news/3567020/cathode-active-materials-market-powering-the-future",
        "site_full": "www.openpr.com",
        "site": "openpr.com",
        "site_section": "https://openpr.com",
        "site_categories": [
            "marketing",
            "financial_news",
            "finance",
            "business"
        ],
        "section_title": "openPR.com - Worldwide Open Public Relations - Publish Press Releases Free of Charge",
        "title": "Cathode Active Materials Market Powering the Future:",
        "title_full": "Cathode Active Materials Market Powering the Future:",
        "published": "2024-07-05T04:53:00.000+03:00",
        "replies_count": 0,
        "participants_count": 1,
        "site_type": "news",
        "country": "US",
        "main_image": "https://cdn.open-pr.com/L/7/L705305847_g.jpg",
        "performance_score": 0,
        "domain_rank": 10855,
        "domain_rank_updated": "2024-07-02T13:08:10.000+03:00",
        "reach": null,
        "social": {
            "facebook": {
                "likes": 0,
                "comments": 0,
                "shares": 0
            },
            "gplus": {
                "shares": 0
            },
            "pinterest": {
                "shares": 0
            },
            "linkedin": {
                "shares": 0
            },
            "stumbledupon": {
                "shares": 0
            },
            "vk": {
                "shares": 0
            }
        }
    },
    "uuid": "1d9391a034a70d4600d867f0dcdd8c9207b1f757",
    "url": "https://www.openpr.com/news/3567020/cathode-active-materials-market-powering-the-future",
    "ord_in_thread": 0,
    "parent_url": null,
    "author": "InsightAce Analytic Pvt.Ltd",
    "published": "2024-07-05T04:53:00.000+03:00",
    "title": "Cathode Active Materials Market Powering the Future:",
    "text": "Cathode Active Materials Market Powering the Future: Sustainable and Innovative Cathode Active Materials InsightAce Analytic Pvt. Ltd. announces the release of a market assessment report on the \"Global Cathode Active Materials Market Size, Share & Trends Analysis Report By Material Type (Lithium-Ion Cathode Materials, Lead-Acid Materials, And Other Materials), Battery Type (Lithium-Ion Batteries, Lead-Acid Batteries And Others)- Market Outlook And Industry Analysis 2031\" The global cathode active materials market is estimated to reach over USD 38.62 billion by 2031, exhibiting a CAGR of 9.63% during the forecast period. Request for free Sample Pages: https://www.insightaceanalytic.com/request-sample/1522 Cathode Active Materials (CAM) in Lithium-Ion Batteries Cathode active material (CAM) is a crucial component of lithium-ion batteries, commonly used in various battery types. During production, CAM is processed into a slurry and applied to a current collector. However, this process often relies on NMP, a hazardous solvent with a high boiling point. Consequently, market companies are actively investing in R&D and implementing plans to comply with environmental regulations. Market Growth Drivers The market for CAM is driven by several factors: • Rising Demand for Electric Vehicles (EVs): EVs offer improved performance and lower emissions, leading to a surge in demand. This, in turn, drives the demand for CAM as a key battery component. • Technological Advancements: Advancements in the automotive industry and emerging e-mobility trends are propelling market growth across different countries. • Demand for Innovative Battery Materials: The dynamic demand for energy storage solutions with features like rapid charging, long lifespans, and high durability is creating a need for innovative battery materials, including CAM. • Advancements in CAM Technology: Potential technological advancements are expected to increase the adoption of various cathode-active materials. • Streamlined Value Chains: Streamlined value chains within countries are projected to significantly impact future market growth. Challenges and Considerations Despite these growth drivers, some challenges need to be addressed: • Environmental Concerns: The use of NMP in CAM production raises environmental concerns. Significant investments are being made in developing eco-friendly battery materials. • Battery Safety: Concerns regarding battery storage and transportation safety can limit the overall growth of the CAM market. Advancements in processing technologies to refine precursor chemical ammonia (CAM) are crucial for addressing safety concerns. List of Prominent Players in the Cathode Active Materials Market: • 3M • BASF SE • Hitachi Chemical Energy • Johnson Matthey • Kureha Corporation • Mitsubishi Chemical Corporation • Mitsui Mining & Smelting Co., Ltd. • NEI Corporation • POSCO • Pulead Technology Industry Co • Showa Denko • Sumitomo • Technology • Umicore Market Dynamics: Drivers- The government's strict restrictions and further incentives and subsidies for their widespread adoption are expected to cause the electric car industry to see significant growth in the near future. The growing demand for active cathode material in batteries for electric vehicles is one of the key factors influencing the development of this industry. Significant drivers of the market's revenue growth are high production costs for eco-friendly battery materials and quick advances in processing technologies for CAM refinement. There are several prospects due to the ongoing research and technical development in cathode materials and adequate electrolytes, which might enhance their overall capability in terms of stability, charge density, and durability. In addition, expanding initiatives and aggressive investments by nations in renewable energy are anticipated to propel the cathode material market. Challenges: The COVID-19 epidemic and strict safety rules for battery storage and shipping, along with adverse economic conditions, are expected to hinder the growth of the cathode materials market in the coming years. However, the rising demand for cathode materials is being constrained by concerns about battery storage and shipping security. Other vital reasons restricting market revenue development are laws, regulations, and safety issues linked to shipping cathode active materials. Regional Trends: The North America cathode active materials market is expected to register a significant market share in terms of revenue and is expected to grow at a high CAGR in the near future. The rapid development of battery energy storage systems and rising energy consumption are the two main reasons propelling the market's expansion. Communities around this region also concentrate on lowering air pollutants, which is yet another important element boosting market revenue growth. Besides, Asia Pacific had a substantial share of the market. The need for cathode materials is anticipated to rise as batteries are increasingly used in a variety of sectors, including automotive, consumer technology, power tools, and energy supply storage. It is also anticipated that rising demand for electric vehicles in nations like China will increase cathode material consumption. The market is anticipated to rise as a result of factors like the expanding energy demand, high demand for battery power generation, and rising battery consumption in nations like China, India, South Korea, Japan, and Vietnam, among others. Curious about this latest version of the report? @ https://www.insightaceanalytic.com/enquiry-before-buying/1522 Recent Developments: • In August 2022, General Motors, a global leader in the automotive industry with headquarters in Michigan and operations across the globe, announced a strategic partnership for CAM with Posco Chemical. The joint venture will produce Cathode Active Material (CAM), a critical battery material that accounts for around 40% of the cost of a battery cell. • In December 2022-The European Investment Bank (EIB) stated, that it would lend USD 39.04 million to Königswarter & Ebell, an entirely German division of Pure Battery Technologies in Australia. Segmentation of Cathode Active Materials Market- By Material Type • Lithium-Ion Cathode Materials • Lead-Acid Cathode Materials • Other Cathode Materials By Battery Type • Lithium-ion-Batteries • Lead-Acid-Batteries • Others By Region- North America- • The US • Canada • Mexico Europe- • Germany • The UK • France • Italy • Spain • Rest of Europe Asia-Pacific- • China • Japan • India • South Korea • South East Asia • Rest of Asia Pacific Latin America- • Brazil • Argentina • Rest of Latin America Middle East & Africa- • GCC Countries • South Africa • Rest of Middle East and Africa For More Customization @ https://www.insightaceanalytic.com/report/cathode-active-materials-market/1522 Contact Us: InsightAce Analytic Pvt. Ltd. Tel.: +1 718 593 4405 Email: info@insightaceanalytic.com Site Visit: www.insightaceanalytic.com Follow Us on LinkedIn @ bit.ly/2tBXsgS Follow Us On Facebook @ bit.ly/2H9jnDZ About Us: InsightAce Analytic is a market research and consulting firm that enables clients to make strategic decisions. Our qualitative and quantitative market intelligence solutions inform the need for market and competitive intelligence to expand businesses. We help clients gain a competitive advantage by identifying untapped markets, exploring new and competing technologies, segmenting potential markets, and repositioning products. Our expertise is in providing syndicated and custom market intelligence reports with an in-depth analysis with key market insights in a timely and cost-effective manner. This release was published on openPR. Permanent link to this press release: Copy Please set a link in the press area of your homepage to this press release on openPR. openPR disclaims liability for any content contained in this release. You can edit or delete your press release Cathode Active Materials Market Powering the Future: Sustainable and Innovative Cathode Active Materials here News-ID: 3567020 • Views: … More Releases from InsightAce Analytic Pvt.Ltd [](/news/3567019/carbon-neutral-data-center-market-regulations-and-innovation) Carbon Neutral Data Center Market Regulations and Innovation: Driving Growth in … Carbon Neutral Data Center Market to reach over USD 35.89 billion by the year 2031- Exclusive Report by InsightAce Analytic InsightAce Analytic Pvt. Ltd. announces the release of a market assessment report on the \"Global Carbon Neutral Data Center Market Size, Share & Trends Analysis Report By Data Center Type (Hyper-Scale Data Centers, Enterprise Data Centers, Colocation Data Centers), And Carbon Neural Solution (Hardware, Software And Platforms And Support Services), Industry … [](/news/3567018/carbon-footprint-management-market-navigating-a-net-zero) Carbon Footprint Management Market Navigating a Net-Zero Future: The Rise of the … Carbon Footprint Management Market to reach over USD 55.87 billion by the year 2031 - Exclusive Report by InsightAce Analytic InsightAce Analytic Pvt. Ltd. announces the release of a market assessment report on the \"Global Carbon Footprint Management Market Size, Share & Trends Analysis Report By Component (Solutions, and Services), Deployment Mode (On-premises, and Cloud), Organization Size (Corporates/Enterprises, Mid-Tier Enterprises, Small Businesses), Vertical (Manufacturing, Energy & Utilities, Residential & Commercial Buildings, … [](/news/3567017/castor-oil-based-biopolymer-market-reducing-our-carbon) Castor Oil-Based Biopolymer Market Reducing Our Carbon Footprint: The Rise of Bi … Castor Oil-Based Biopolymer Market to reach over USD 3140.03 million by the year 2031 - Exclusive Report by InsightAce Analytic InsightAce Analytic Pvt. Ltd. announces the release of a market assessment report on the \"Global Castor Oil-Based Biopolymer Market Size, Share & Trends Analysis Report By End-User (Automotive, Solar, Household Appliances, Textile, Oil And Gas), Polymer Type (Bio-Polyamides (Bio-Polyamide 6, Bio-Polyamide 10 And 11), Bio-Polyurethane) And Foam (Pellets, Yarns)- Market Outlook … [](/news/3567016/care-communications-market-enhancing-patient-outcomes) Care Communications Market Enhancing Patient Outcomes: The Benefits of Effective … Care Communications Market worth $7.54 Bn by 2031 - Exclusive Report by InsightAce Analytic Pvt. Ltd. InsightAce Analytic Pvt. Ltd. announces the release of a market assessment report on the \"Global Care Communications Market- (By Component (Software, Service), By Deployment (Cloud, On-Premises), By End-Use (Hospitals, Clinics, Long-term Care Facilities, Others)), Trends, Industry Competition Analysis, Revenue and Forecast To 2031.\" According to the latest research by InsightAce Analytic, the Global Care Communications Market … More Releases for Material [](/news/2257516/global-thermal-transfer-material-market-global-thermal) Global Thermal Transfer Material Market, Global Thermal Transfer Material Indust … Thermal conductivity refers as an important characteristic for several manufacturing operations. Thermal transfer properties of a variety of materials are effective in certain applications owing to natural molecular structure that allows for direct heat-transfer. Thermal transfer materials are extensively used to manufacture the heat conductive adhesive tapes, printable products and polymer sheets. These polymer sheets are utilized for barcodes, labeling, and QR code labels for retailing, logistics, and consumer goods. … [](/news/2208950/sleeping-pillow-market-benefits-by-material-filling) Sleeping Pillow Market benefits | by material, filling material, shape, feature, … Global pillow market is dominated by pillow made from 100% cotton which is specifically used for sleeping application across globe. Internally, pillow is consists of a filling material like foam, synthetic fiber, feathers, latex and many more. Pillows made from feather is most expensive compare to other pillow types. Pillows made from feathers are generally desired by consumer who prefers more comfort. The pillows which has anti-static and anti-bacterial features … [](/news/1713056/drive-through-rack-market-2019-global-forecast-2025-top-key-players-sjf-material-handling-ak-material-handling-unarco-material-handling-jungheinrich-etc.html) Drive Through Rack Market 2019 | Global Forecast 2025 | Top Key Players – SJF … Drive Through Rack Market research report delivers a close watch on leading competitors with strategic analysis, micro and macro market trend and scenarios, pricing analysis and a holistic overview of the market situations in the forecast period. Get Exclusive FREE Sample Copy Of this Report @ https://www.upmarketresearch.com/home/requested_sample/107910 UpMarketResearch offers a latest published report on “Global Drive Through Rack Market Analysis and Forecast 2019 - 2025” delivering key insights and providing a competitive … [](/news/1178480/the-future-of-smart-material-market-runs-through-the-material-industry.html) The Future of Smart Material Market Runs Through the Material Industry Smart Materials Market is expected to garner $72.63 billion by 2022, registering a CAGR of 14.9% during the forecast period 2016-2022. Smart materials are adaptive or intelligent materials which pose intrinsic and extrinsic capabilities. These can be altered by external stimuli, such as moisture, temperature, electromagnetic field, and pressure to obtain the desired functional effects. In addition, these materials are dynamic in nature and respond to their immediate interaction environments … [](/news/757231/global-drive-through-rack-market-2017-sjf-material-handling-ak-material-handling-narco-material-handling-jungheinrich.html) Global Drive Through Rack Market 2017 : SJF Material Handling, AK Material Handl … Drive Through Rack Market 2017 A market study based on the \" Drive Through Rack Market \" across the globe, recently added to the repository of Market Research, is titled ‘Global Drive Through Rack Market 2017’. The research report analyses the historical as well as present performance of the worldwide Drive Through Rack industry, and makes predictions on the future status of Drive Through Rack market on the basis of this … [](/news/426061/global-regenerative-artificial-skin-sales-market-research-report-2017-temporary-skin-material-permanent-skin-material-composite-skin-material.html) Global Regenerative Artificial Skin Sales Market Research Report 2017 (Temporary … The report \"Global Regenerative Artificial Skin Sales Market Report 2017\", has been prepared based on an in-depth market analysis with inputs from industry experts. This report studies sales (consumption) of Regenerative Artificial Skin in Global market, especially in United States, China, Europe and Japan, focuses on top players in these regions/countries, with sales, price, revenue and market share for each player in these regions, covering Integra Life Sciences Corporation Mylan N.V Johnson & Johnson …",
    "highlightText": "",
    "highlightTitle": "",
    "highlightThreadTitle": "",
    "language": "english",
    "sentiment": "positive",
    "categories": [
        "Science and Technology",
        "Business and Market Analysis",
        "Environment"
    ],
    "webz_reporter": false,
    "external_links": [
        "https://www.insightaceanalytic.com/request-sample/1522",
        "https://www.insightaceanalytic.com/enquiry-before-buying/1522",
        "https://www.insightaceanalytic.com/report/cathode-active-materials-market/1522",
        "https://www.upmarketresearch.com/home/requested_sample/107910",
        "https://insightaceanalytic.com/report/cathode-active-materials-market/1522",
        "https://insightaceanalytic.com/request-sample/1522",
        "https://insightaceanalytic.com/enquiry-before-buying/1522",
        "https://upmarketresearch.com/home/requested_sample/107910"
    ],
    "external_images": [],
    "entities": {
        "persons": [],
        "organizations": [
            {
                "name": "nmp",
                "sentiment": "none"
            },
            {
                "name": "insightace analytic pvt. ltd.",
                "sentiment": "none"
            }
        ],
        "locations": []
    },
    "rating": null,
    "crawled": "2024-07-05T05:17:29.674+03:00",
    "updated": "2024-07-05T05:17:29.674+03:00"
}