{
    "thread": {
        "uuid": "a987dac31c6dce861e74d8189879e8f6555b8eb6",
        "url": "https://www.thecourier.com.au/video/breaking/x91jv3e/smallest-ever-baby-blue-whale-captured-on-camera-off-ningaloo",
        "site_full": "www.thecourier.com.au",
        "site": "thecourier.com.au",
        "site_section": "https://thecourier.com.au/video",
        "site_categories": [
            "media"
        ],
        "section_title": "Video | The Courier | Ballarat, VIC",
        "title": "Smallest ever baby blue whale captured on camera off Ningaloo | The Courier | Ballarat, VIC",
        "title_full": "Smallest ever baby blue whale captured on camera off Ningaloo | The Courier | Ballarat, VIC",
        "published": "2024-07-05T02:00:00.000+03:00",
        "replies_count": 0,
        "participants_count": 0,
        "site_type": "news",
        "country": "AU",
        "main_image": "https://s1.dmcdn.net/v/Wbuag1cXpq8HYIWJC/x480",
        "performance_score": 0,
        "domain_rank": 36685,
        "domain_rank_updated": "2024-07-02T13:08:10.000+03:00",
        "reach": null,
        "social": {
            "facebook": {
                "likes": 0,
                "comments": 0,
                "shares": 0
            },
            "gplus": {
                "shares": 0
            },
            "pinterest": {
                "shares": 0
            },
            "linkedin": {
                "shares": 0
            },
            "stumbledupon": {
                "shares": 0
            },
            "vk": {
                "shares": 0
            }
        }
    },
    "uuid": "a987dac31c6dce861e74d8189879e8f6555b8eb6",
    "url": "https://www.thecourier.com.au/video/breaking/x91jv3e/smallest-ever-baby-blue-whale-captured-on-camera-off-ningaloo",
    "ord_in_thread": 0,
    "parent_url": null,
    "author": null,
    "published": "2024-07-05T02:00:00.000+03:00",
    "title": "Smallest ever baby blue whale captured on camera off Ningaloo | The Courier | Ballarat, VIC",
    "text": "Ad Video Breaking Video Breaking News Home Sections My Region Home Page News Local News Court and Crime Property Victoria National 40 under 40 Council Politics Health Business Education Rural World How Many More? Young and Regional Motoring News Cost of Living Sport CHFL BFNL Live AFL From The Press Box Women's Sport Cricket HQ Ballarat Basketball National Sport Off the Record Local Sport A-League NRL Scores and Draws Footy HQ Racing World Sport Community What's On Your News Babies, Weddings & Obituaries Newsletters History Send Us Your News Sponsorships Competitions Entertainment TV & Streaming Movies Books Arts & Theatre Gaming Music Technology Lifestyle Food & Drink Celebrity Home & Garden Money Parenting Relationships Travel Fashion Shopping Pets & Animals Health & Wellbeing Beauty Video Breaking Local National Viral World Sport Animal Crime Entertainment Politics Comment Your Say Our Say Opinion Jobs Puzzles Crossword Sudoku Ultimate Trivia Notices Tributes Celebrations Cars Place a Job Ad Place Classifieds Ad Real Estate Ag and Rural Garage Sales Recommended Features Special Publications Partner Content Photo Galleries Heartbeat of Australia Press releases from AAP Discount Codes Emergency Quick Links Today’s Paper Download our app Interactive Puzzles ViewJobs Network Explore Travel View Jobs AgTrader View Insurance Beevo Contact us Help Centre Terms & Conditions - Digital Terms & Conditions - Newspaper Privacy Policy About us Conditions of Use Bendigo Advertiser The Standard The Advocate - Hepburn The Ararat Advertiser The Stawell Times-News The Wimmera Mail-Times The Courier's complete view of property Home / Video / Breaking Smallest ever baby blue whale captured on camera off Ningaloo Updated July 5 2024 - 10:01am , first published 10:00am Updated July 5 2024 - 10:01am , first published 10:00am Facebook Twitter Whatsapp Email Copy Share Facebook Twitter Whatsapp Email Copy Advertisement Ad Australian Community Media ACM Website Privacy Conditions of Use Terms and Conditions - Digital Subscription Terms and Conditions - Newspaper Subscription The Courier Contact About Us Working With Us Today's Paper Commenting Guidelines View Property Edition Help Centre Our Sites View Explore View Insurance Beevo Place an Ad Classifieds Cars Jobs Tributes Celebrations Promo Codes AgTrader Farmer's Finance Garage Sales Submit Send a Letter to the Editor",
    "highlightText": "",
    "highlightTitle": "",
    "highlightThreadTitle": "",
    "language": "english",
    "sentiment": "positive",
    "categories": [
        "Human Interest",
        "Environment"
    ],
    "webz_reporter": false,
    "external_links": [],
    "external_images": [],
    "entities": {
        "persons": [],
        "organizations": [
            {
                "name": "region home page news local news court",
                "sentiment": "neutral"
            },
            {
                "name": "ballarat",
                "sentiment": "neutral"
            },
            {
                "name": "real estate ag",
                "sentiment": "none"
            },
            {
                "name": "council politics health business education",
                "sentiment": "none"
            },
            {
                "name": "afl",
                "sentiment": "none"
            },
            {
                "name": "your news babies",
                "sentiment": "none"
            },
            {
                "name": "property victoria national",
                "sentiment": "none"
            },
            {
                "name": "regional motoring news cost of living sport chfl",
                "sentiment": "none"
            }
        ],
        "locations": []
    },
    "rating": null,
    "crawled": "2024-07-05T03:53:35.879+03:00",
    "updated": "2024-07-05T03:53:35.879+03:00"
}