{
    "thread": {
        "uuid": "da6f18e616d457467d96bb62bbd85e72dc04aedf",
        "url": "https://click4r.com/posts/g/17306474/trusted-medical-professionals-best-doctors-in-hyderabad",
        "site_full": "click4r.com",
        "site": "click4r.com",
        "site_section": "https://click4r.com/posts/c/9/health",
        "site_categories": [],
        "section_title": "Best Blogging Site for Health | Click4R",
        "title": "Trusted Medical Professionals: Best Doctors in Hyderabad | Click4R",
        "title_full": "Trusted Medical Professionals: Best Doctors in Hyderabad | Click4R",
        "published": "2024-07-05T03:00:00.000+03:00",
        "replies_count": 0,
        "participants_count": 1,
        "site_type": "news",
        "country": "IN",
        "main_image": "https://c2c.fp.guinfra.com/file/65a9d8ec927d6ef7609db8ecr52HRY3I03",
        "performance_score": 0,
        "domain_rank": 3439,
        "domain_rank_updated": "2024-07-02T13:08:10.000+03:00",
        "reach": null,
        "social": {
            "facebook": {
                "likes": 0,
                "comments": 0,
                "shares": 0
            },
            "gplus": {
                "shares": 0
            },
            "pinterest": {
                "shares": 0
            },
            "linkedin": {
                "shares": 0
            },
            "stumbledupon": {
                "shares": 0
            },
            "vk": {
                "shares": 0
            }
        }
    },
    "uuid": "da6f18e616d457467d96bb62bbd85e72dc04aedf",
    "url": "https://click4r.com/posts/g/17306474/trusted-medical-professionals-best-doctors-in-hyderabad",
    "ord_in_thread": 0,
    "parent_url": null,
    "author": "Click4r Solutions Private Limited",
    "published": "2024-07-05T03:00:00.000+03:00",
    "title": "Trusted Medical Professionals: Best Doctors in Hyderabad | Click4R",
    "text": "Hyderabad, the bustling capital city of Telangana, is renowned not only for its rich history and culture but also for its exceptional healthcare facilities. The city is home to numerous top-tier hospitals and medical institutions that provide world-class medical care. Patients from across the globe seek treatment here, thanks to the city's advanced healthcare infrastructure and highly skilled medical professionals. This article delves into what makes the best doctors in Hyderabad stand out and why they are a trusted choice for many. Advanced Medical Expertise The best doctors in Hyderabad are known for their extensive medical expertise and continuous pursuit of knowledge. Many of them have trained and worked in prestigious institutions both in India and abroad, bringing with them a wealth of experience and cutting-edge medical practices. They are proficient in diagnosing and treating a wide range of medical conditions, from routine illnesses to complex diseases, ensuring patients receive the best possible care. State-of-the-Art Facilities Hyderabad boasts several hospitals equipped with state-of-the-art technology and facilities. These institutions offer comprehensive healthcare services, including advanced diagnostics, minimally invasive surgeries, and specialized treatments. The integration of modern technology in medical procedures enhances the accuracy and effectiveness of treatments, making the city a hub for high-quality medical care. Multidisciplinary Approach One of the key strengths of the best doctors in Hyderabad is their multidisciplinary approach to healthcare. They collaborate with specialists from various fields to provide holistic and personalized treatment plans. This collaborative approach ensures that patients receive comprehensive care that addresses all aspects of their health, leading to better outcomes and improved quality of life. Commitment to Patient Care The best doctors in Hyderabad are deeply committed to patient care. They prioritize the well-being of their patients, offering compassionate and empathetic care. These doctors take the time to listen to their patients' concerns, educate them about their conditions, and involve them in decision-making processes. This patient-centric approach fosters trust and confidence, essential for effective healing and recovery. Research and Innovation Hyderabad's medical community is at the forefront of research and innovation. Many of the best doctors actively engage in clinical research, contributing to the advancement of medical science. Their involvement in research ensures they stay updated with the latest developments in medicine, allowing them to offer innovative treatments and therapies to their patients. Accessibility and Affordability Despite offering top-notch medical care, the best doctors in Hyderabad strive to make healthcare accessible and affordable. The city's hospitals provide various packages and schemes to cater to the diverse needs of patients, ensuring that high-quality medical services are within reach for everyone. Testimonials and Success Stories The reputation of the best doctors in Hyderabad is often reflected in the testimonials and success stories of their patients. Many individuals who have received treatment in the city share their positive experiences, highlighting the exceptional care they received. These testimonials serve as a testament to the doctors' expertise and dedication, further solidifying Hyderabad's status as a premier destination for medical care. Conclusion In conclusion, the best doctors in Hyderabad exemplify excellence in healthcare through their advanced medical expertise, state-of-the-art facilities, multidisciplinary approach, and unwavering commitment to patient care. Their dedication to research and innovation, coupled with the accessibility and affordability of healthcare services, makes Hyderabad a beacon of hope for patients seeking top-tier medical treatment. Whether for routine check-ups or complex medical procedures, patients can trust that they are in capable and caring hands with the best doctors in Hyderabad.",
    "highlightText": "",
    "highlightTitle": "",
    "highlightThreadTitle": "",
    "language": "english",
    "sentiment": "positive",
    "categories": [
        "Health",
        "Human Interest",
        "Environment"
    ],
    "webz_reporter": false,
    "external_links": [
        "https://medicasapp.com/in/hyderabad-best-doctors/",
        "https://medicasapp.com/in/hyderabad-best-doctors",
        "https://www.medicasapp.com/in/hyderabad-best-doctors/"
    ],
    "external_images": [],
    "entities": {
        "persons": [],
        "organizations": [],
        "locations": [
            {
                "name": "telangana",
                "sentiment": "none"
            },
            {
                "name": "hyderabad",
                "sentiment": "none"
            },
            {
                "name": "india",
                "sentiment": "none"
            }
        ]
    },
    "rating": null,
    "crawled": "2024-07-05T08:39:37.876+03:00",
    "updated": "2024-07-05T08:39:37.876+03:00"
}