{
    "thread": {
        "uuid": "9553c3a1645e4d29247635ab2c5c0c429c949bd7",
        "url": "https://menafn.com/1108409104/NEPCO-Wins-Energy-Management-Award",
        "site_full": "menafn.com",
        "site": "menafn.com",
        "site_section": "http://menafn.com//rss/menafn_menatopstories.xml",
        "site_categories": [
            "financial_news",
            "finance"
        ],
        "section_title": "Dubai: Man Fined Dh30,000, Banned From Banking Services After Drug Use",
        "title": "NEPCO Wins Energy Management Award",
        "title_full": "NEPCO Wins Energy Management Award",
        "published": "2024-07-04T11:27:00.000+03:00",
        "replies_count": 0,
        "participants_count": 1,
        "site_type": "news",
        "country": "US",
        "main_image": "https://menafn.com/updates/pr/2024-07/04/JT_6616eimage_story.png",
        "performance_score": 0,
        "domain_rank": 6619,
        "domain_rank_updated": "2024-07-02T13:08:10.000+03:00",
        "reach": null,
        "social": {
            "facebook": {
                "likes": 0,
                "comments": 0,
                "shares": 0
            },
            "gplus": {
                "shares": 0
            },
            "pinterest": {
                "shares": 0
            },
            "linkedin": {
                "shares": 0
            },
            "stumbledupon": {
                "shares": 0
            },
            "vk": {
                "shares": 0
            }
        }
    },
    "uuid": "9553c3a1645e4d29247635ab2c5c0c429c949bd7",
    "url": "https://menafn.com/1108409104/NEPCO-Wins-Energy-Management-Award",
    "ord_in_thread": 0,
    "parent_url": null,
    "author": "MENAFN",
    "published": "2024-07-04T11:27:00.000+03:00",
    "title": "NEPCO Wins Energy Management Award",
    "text": "( MENAFN - Jordan Times) AMMAN - The National Electric Power Company (NEPCO) has won the Institutional energy Management Award for the Middle East for 2024, granted by the Association of Energy Engineers (AEE) based in the United States.\nAccording to a company statement released on Thursday, the award highlights the exceptional achievements of NEPCO in the field of electricity across the Middle East.\nThe company applied for the award as the entity responsible for managing and controlling energy sources in Jordan, noting that the contribution of renewable energy to electricity generation increased from 1 per cent in 2013 to 29 per cent in 2023.\nThe international awards are given to public sector institutions based on their outstanding achievements in developing, organising, managing, and implementing their comprehensive energy management programs.\nThe AEE is a non-profit organisation founded in the United States in 1977 to promote education in the field of energy management.\nIt comprises over 18,000 members from more than 100 countries and is dedicated to \"advancing the scientific and educational interests of those engaged in the energy industry and promoting sustainable development efforts\".\nThe association offers a wide range of outreach media programmes, including live and online seminars, conferences, magazines, books, and certification\nMENAFN04072024000028011005ID1108409104",
    "highlightText": "",
    "highlightTitle": "",
    "highlightThreadTitle": "",
    "language": "english",
    "sentiment": "positive",
    "categories": [
        "Economy, Business and Finance",
        "Environment"
    ],
    "webz_reporter": false,
    "external_links": [],
    "external_images": [],
    "entities": {
        "persons": [],
        "organizations": [
            {
                "name": "national electric power company",
                "sentiment": "negative"
            },
            {
                "name": "jordan times",
                "sentiment": "negative"
            },
            {
                "name": "association of energy engineers",
                "sentiment": "none"
            },
            {
                "name": "aee",
                "sentiment": "none"
            },
            {
                "name": "nepco",
                "sentiment": "none"
            }
        ],
        "locations": [
            {
                "name": "amman",
                "sentiment": "none"
            },
            {
                "name": "middle east",
                "sentiment": "none"
            },
            {
                "name": "united states",
                "sentiment": "none"
            },
            {
                "name": "jordan",
                "sentiment": "none"
            }
        ]
    },
    "rating": null,
    "crawled": "2024-07-05T07:05:23.446+03:00",
    "updated": "2024-07-05T07:05:23.446+03:00"
}