{
    "thread": {
        "uuid": "ea499d286f2edee038291d7abf397a03b334ef68",
        "url": "https://timesofindia.indiatimes.com/city/hyderabad/keep-streets-free-of-garbage-in-hyderabad/articleshow/111498387.cms",
        "site_full": "timesofindia.indiatimes.com",
        "site": "indiatimes.com",
        "site_section": "http://timesofindia.indiatimes.com/rssfeeds/-2128816011.cms",
        "site_categories": [
            "under_construction",
            "non_standard_content"
        ],
        "section_title": "Hyderabad News: Latest Hyderabad News Headlines & Live News Updates from Hyderabad - Times of India",
        "title": "GHMC Commissioner Amrapali Kata: Keep streets free of garbage in Hyderabad |",
        "title_full": "GHMC Commissioner Amrapali Kata: Keep streets free of garbage in Hyderabad | Hyderabad News - Times of India",
        "published": "2024-07-04T23:24:00.000+03:00",
        "replies_count": 0,
        "participants_count": 0,
        "site_type": "news",
        "country": "IN",
        "main_image": "https://static.toiimg.com/thumb/msid-47529300,width-1070,height-580,imgsize-110164,resizemode-75,overlay-toi_sw,pt-32,y_pad-40/photo.jpg",
        "performance_score": 0,
        "domain_rank": 290,
        "domain_rank_updated": "2024-07-02T13:08:10.000+03:00",
        "reach": null,
        "social": {
            "facebook": {
                "likes": 0,
                "comments": 0,
                "shares": 0
            },
            "gplus": {
                "shares": 0
            },
            "pinterest": {
                "shares": 0
            },
            "linkedin": {
                "shares": 0
            },
            "stumbledupon": {
                "shares": 0
            },
            "vk": {
                "shares": 0
            }
        }
    },
    "uuid": "ea499d286f2edee038291d7abf397a03b334ef68",
    "url": "https://timesofindia.indiatimes.com/city/hyderabad/keep-streets-free-of-garbage-in-hyderabad/articleshow/111498387.cms",
    "ord_in_thread": 0,
    "parent_url": null,
    "author": null,
    "published": "2024-07-04T23:24:00.000+03:00",
    "title": "GHMC Commissioner Amrapali Kata: Keep streets free of garbage in Hyderabad |",
    "text": "Hyderabad: Greater Hyderabad Municipal Corporation (GHMC) commissioner Amrapali Kata directed authorities to pay special attention to removal of Garbage Vulnerable Points. On Thursday, the commissioner conducted a surprise inspection on sanitation in various parts of the city including Kukatpally, Moosapet Bharat, Nagar and Rythu Bazar areas. GHMC officials were directed to keep the streets free of garbage from time to time to ensure a clean environment.tnnWe also published the following articles recentlyCantt assets, liabilities to be transferred to Greater Hyderabad Municipal CorporationMinistry of Defence announces transfer of civilian areas from Secunderabad Cantonment to Greater Hyderabad Municipal Corporation. Get insights into the process and guidelines outlined for this transition. Learn more!111372819Ludhiana Deputy Commissioner visits flood-vulnerable areas along with Sutlej, checks work of cleaning drainsDeputy Commissioner Sakshi Sawhney oversees flood vulnerable points and drain cleaning work in Ludhiana district. Emphasis on expediting cleaning process with two poclain machines and stocking sandbags for emergencies. Officials working diligently to prevent floods during the upcoming rainy season.111386132Charity commissioner squad stopped from inspectionLearn about the recent complaint filed against Aditya Birla Memorial Hospital for obstructing an inspection related to free treatment for poor patients. The hospital denied the allegations and cooperated by submitting necessary documents for inspection.111353106",
    "highlightText": "",
    "highlightTitle": "",
    "highlightThreadTitle": "",
    "language": "english",
    "sentiment": "positive",
    "categories": [
        "Environment"
    ],
    "webz_reporter": false,
    "external_links": [],
    "external_images": [],
    "entities": {
        "persons": [
            {
                "name": "amrapali kata",
                "sentiment": "negative"
            },
            {
                "name": "moosapet bharat",
                "sentiment": "none"
            },
            {
                "name": "sakshi sawhney",
                "sentiment": "none"
            },
            {
                "name": "nagar",
                "sentiment": "none"
            }
        ],
        "organizations": [
            {
                "name": "ghmc",
                "sentiment": "negative"
            },
            {
                "name": "greater hyderabad municipal corporation",
                "sentiment": "negative"
            },
            {
                "name": "secunderabad cantonment",
                "sentiment": "none"
            },
            {
                "name": "greater hyderabad municipal corporationministry of defence",
                "sentiment": "none"
            }
        ],
        "locations": [
            {
                "name": "hyderabad",
                "sentiment": "none"
            },
            {
                "name": "ludhiana",
                "sentiment": "none"
            },
            {
                "name": "kukatpally",
                "sentiment": "none"
            }
        ]
    },
    "rating": null,
    "crawled": "2024-07-05T02:05:35.740+03:00",
    "updated": "2024-07-05T02:05:35.740+03:00"
}