{
    "thread": {
        "uuid": "7eb7f1ffd7ed9fffccf4b396b25a9a2fdf30914d",
        "url": "https://tribune.com.pk/story/2476771/three-day-mango-festival-begins-today",
        "site_full": "tribune.com.pk",
        "site": "tribune.com.pk",
        "site_section": "https://tribune.com.pk/pakistan",
        "site_categories": [
            "media",
            "top_news"
        ],
        "section_title": "Pakistan News, Latest News Pakistan, Pakistan Headline | The Express Tribune ",
        "title": "Three-day mango festival begins today",
        "title_full": "Three-day mango festival begins today",
        "published": "2024-07-05T03:41:00.000+03:00",
        "replies_count": 0,
        "participants_count": 1,
        "site_type": "news",
        "country": "PK",
        "main_image": "https://i.tribune.com.pk/media/images/Tribune-Logo1718233090-0/Tribune-Logo1718233090-0.jpeg",
        "performance_score": 0,
        "domain_rank": 4441,
        "domain_rank_updated": "2024-07-02T13:08:10.000+03:00",
        "reach": null,
        "social": {
            "facebook": {
                "likes": 0,
                "comments": 0,
                "shares": 0
            },
            "gplus": {
                "shares": 0
            },
            "pinterest": {
                "shares": 0
            },
            "linkedin": {
                "shares": 0
            },
            "stumbledupon": {
                "shares": 0
            },
            "vk": {
                "shares": 0
            }
        }
    },
    "uuid": "7eb7f1ffd7ed9fffccf4b396b25a9a2fdf30914d",
    "url": "https://tribune.com.pk/story/2476771/three-day-mango-festival-begins-today",
    "ord_in_thread": 0,
    "parent_url": null,
    "author": "APP",
    "published": "2024-07-05T03:41:00.000+03:00",
    "title": "Three-day mango festival begins today",
    "text": "A three-day Family Mango Festival and Exhibition hosted by Sindh Agriculture University, Tandojam, is set to commence from Friday, July 5, at the Pakistan Maritime Museum Karachi. The event has been organized in collaboration with the Pakistan Maritime Museum, TCN Executive Forum and various institutions and farms. The opening ceremony will be held in the evening. Vice Chancellors from public and private universities, progressive farmers, various collaborators and other significant partners will be honorary guests in inauguration ceremony. On the second day, event will continue with a ribbon-cutting ceremony and an exhibition tour at 5 pm, led by Chief Minister Murad Ali Shah. Participants will visit exhibition stalls and engage in extensive networking activities. Following a poster presentation on mangoes, a comprehensive technical session will be held, covering sustainable mango farming practices, value addition, packaging, transportation, and the export potential of Pakistani mangoes. The session will conclude with a dynamic Q&A segment. A panel discussion on the potential, challenges and opportunities of mango cultivation in Sindh, will be moderated by Director of University Advancement and Financial Assistance Prof. Dr. Muhammad Ismail. COMMENTS Comments are moderated and generally will be posted if they are on-topic and not abusive. For more information, please see our [Comments FAQ](/comments-policy)",
    "highlightText": "",
    "highlightTitle": "",
    "highlightThreadTitle": "",
    "language": "english",
    "sentiment": "positive",
    "categories": [
        "Lifestyle and Leisure",
        "Environment",
        "Arts, Culture and Entertainment"
    ],
    "webz_reporter": false,
    "external_links": [],
    "external_images": [],
    "entities": {
        "persons": [
            {
                "name": "tandojam",
                "sentiment": "negative"
            },
            {
                "name": "murad ali shah",
                "sentiment": "none"
            }
        ],
        "organizations": [
            {
                "name": "sindh agriculture university",
                "sentiment": "negative"
            },
            {
                "name": "tcn executive forum",
                "sentiment": "none"
            }
        ],
        "locations": [
            {
                "name": "pakistan maritime museum",
                "sentiment": "none"
            },
            {
                "name": "pakistan maritime museum karachi",
                "sentiment": "none"
            }
        ]
    },
    "rating": null,
    "crawled": "2024-07-05T06:44:33.930+03:00",
    "updated": "2024-07-05T06:44:33.930+03:00"
}