{
    "thread": {
        "uuid": "46e4b1957aa97e30ff32e688b2479c76ef7efb8e",
        "url": "https://www.caradisiac.com/citroen-devrait-presenter-sa-citroen-c4-restylee-au-prochain-mondial-de-l-auto-209800.htm",
        "site_full": "www.caradisiac.com",
        "site": "caradisiac.com",
        "site_section": "http://www.caradisiac.com/rss.xml?section=nouveautes",
        "site_categories": [
            "vehicles"
        ],
        "section_title": "Caradisiac.com : toute l'actu  en continu",
        "title": "Citroën devrait présenter sa Citroën C4 restylée au prochain Mondial de l’auto",
        "title_full": "Citroën devrait présenter sa Citroën C4 restylée au prochain Mondial de l’auto",
        "published": "2024-07-05T10:30:00.000+03:00",
        "replies_count": 0,
        "participants_count": 1,
        "site_type": "news",
        "country": "FR",
        "main_image": "https://images.caradisiac.com/images/9/8/0/0/209800/S7-209800-807731.jpg",
        "performance_score": 0,
        "domain_rank": 13342,
        "domain_rank_updated": "2024-07-02T13:08:10.000+03:00",
        "reach": null,
        "social": {
            "facebook": {
                "likes": 0,
                "comments": 0,
                "shares": 0
            },
            "gplus": {
                "shares": 0
            },
            "pinterest": {
                "shares": 0
            },
            "linkedin": {
                "shares": 0
            },
            "stumbledupon": {
                "shares": 0
            },
            "vk": {
                "shares": 0
            }
        }
    },
    "uuid": "46e4b1957aa97e30ff32e688b2479c76ef7efb8e",
    "url": "https://www.caradisiac.com/citroen-devrait-presenter-sa-citroen-c4-restylee-au-prochain-mondial-de-l-auto-209800.htm",
    "ord_in_thread": 0,
    "parent_url": null,
    "author": "Paul Pellerin",
    "published": "2024-07-05T10:30:00.000+03:00",
    "title": "Citroën devrait présenter sa Citroën C4 restylée au prochain Mondial de l’auto",
    "text": "Le premier restylage de la Citroën C4 devrait être important. C’est ce qui ressort du visionnage des dernières photos de nos chasseurs de scoop. Car les prototypes photographiés reçoivent de beaux camouflages à l’avant et à l’arrière, mais aussi sur les côtés . Ce restylage est prévu pour la C4 , mais aussi pour la Citroën C4 X et devrait être dévoilé lors de l’ouverture des portes du prochain Mondial. La nouvelle identité stylistique des Chevrons a été inaugurée par la dernière génération des Citroën C3 et Citroën C3 Aircross. Il faut désormais que la gamme du constructeur français applique ce nouveau design et le nouveau logo de la marque. Cela est donc d’ores et déjà prévu pour la Citroën C4 restylée qui devrait se doter d’une face avant bien remaniée et modernisée.\nSelon toute vraisemblance, les modifications sur la partie avant du véhicule devraient transformer l’allure de la Citroën C4 restylée et de sa variante Citroën C4 X. Des projecteurs inspirés de ceux de la Citroën C3 Sur la face avant on peut distinguer malgré les adhésifs que les projecteurs vont être modifiés pour se caler sur ceux des C3 et C3 Aircross. Ils seront donc en forme de « C » et plus en deux parties comme sur la version actuelle . Cela va entraîner une modification profonde du bouclier. En revanche mis à part la présence du nouveau logo, le capot ne devrait pas subir de transformation.\nPartie avant et arrière, protections plastiques des flancs, il s’agit d’un gros restylage pour la Citroën C4 qui arborera en plus le nouveau logo ovale de la marque. Les protections plastiques et la poupe sont concernées La présence d’adhésifs sur la partie arrière des prototypes indique également que la poupe va subir quelques modifications. Il y aura bien entendu le nouveau logo qui va orner le hayon, mais la signature lumineuse des feux arrière devrait subir aussi une transformation. Tandis que le bandeau noir qui relie les feux devrait être simplifié. Enfin, les flancs du véhicule ne devraient pas être modifiés, mais ce ne sera pas le cas des protections plastiques qui vont subir une évolution.\nLes protections plastiques des flancs du véhicule devraient bénéficier d’une belle évolution que ne permettent pas de voir les adhésifs qui les recouvrent. À bord, le restylage devrait être plus léger hormis une mise à jour de la partie infodivertissement et l’arrivée de nouvelles aides à la conduite de série pour se conformer à la réglementation GSR2. Pour la partie motorisation ce devrait être le statu quo, car les Citroën C4 et C4 X ont déjà bénéficié de l’apport de la motorisation micro-hybride de 136 ch et pour la variante électrique de l’arrivée de l’électromoteur de 156 ch. Les autres motorisations essence (100 ch) et diesel (130 ch ) électrique de 136 ch devraient être reconduites.\nLa Citroën C4 dispose d'une offre importante de moteurs, il ne devrait rien avoir de neuf sous le capot. Abonnez-vous à la newsletter de Caradisiac\nRecevez toute l’actualité automobile\nJ’accepte de recevoir les offres partenaires S'inscrire L’adresse email, renseignée dans ce formulaire, est traitée par GROUPE LA CENTRALE en qualité de responsable de traitement.\nCette donnée est utilisée pour vous adresser des informations sur nos offres, actualités et évènements (newsletters, alertes, invitations et autres publications).\nSi vous l’avez accepté, cette donnée sera transmise à nos partenaires, en tant que responsables de traitement, pour vous permettre de recevoir leur communication par voie électronique.\nVous disposez d’un droit d’accès, de rectification, d’effacement de ces données, d’un droit de limitation du traitement, d’un droit d’opposition, du droit à la portabilité de vos données et du droit d’introduire une réclamation auprès d’une autorité de contrôle (en France, la CNIL). Vous pouvez également retirer à tout moment votre consentement au traitement de vos données. Pour en savoir plus sur le traitement de vos données : www.caradisiac.com/general/confidentialite/\n× Abonnement à la Newsletter\nPhotos (6)\nVoir tout",
    "highlightText": "",
    "highlightTitle": "",
    "highlightThreadTitle": "",
    "language": "french",
    "sentiment": "positive",
    "categories": [
        "Environment"
    ],
    "webz_reporter": false,
    "external_links": [
        "https://www.lacentrale.fr/occasion-voiture-modele-citroen-c4.html",
        "https://lacentrale.fr/occasion-voiture-modele-citroen-c4.html"
    ],
    "external_images": [],
    "entities": {
        "persons": [],
        "organizations": [],
        "locations": []
    },
    "rating": null,
    "crawled": "2024-07-05T11:04:28.635+03:00",
    "updated": "2024-07-05T11:04:28.635+03:00"
}