{
    "thread": {
        "uuid": "77f602c580894dca1590eb5377cbc44234d30b74",
        "url": "https://vnexplorer.net/z/1204191.html",
        "site_full": "vnexplorer.net",
        "site": "vnexplorer.net",
        "site_section": "https://vnexplorer.net/fr",
        "site_categories": [
            "health",
            "cold_and_flu"
        ],
        "section_title": "FR - VNExplorer",
        "title": "Ces plantes sont les meilleures pour éloigner les rats",
        "title_full": "Ces plantes sont les meilleures pour éloigner les rats",
        "published": "2024-07-04T23:09:00.000+03:00",
        "replies_count": 0,
        "participants_count": 1,
        "site_type": "news",
        "country": "VN",
        "main_image": "https://img-s-msn-com.akamaized.net/tenant/amp/entityid/BB1pgV6d.img",
        "performance_score": 0,
        "domain_rank": 98072,
        "domain_rank_updated": "2024-07-02T13:08:29.000+03:00",
        "reach": null,
        "social": {
            "facebook": {
                "likes": 0,
                "comments": 0,
                "shares": 0
            },
            "gplus": {
                "shares": 0
            },
            "pinterest": {
                "shares": 0
            },
            "linkedin": {
                "shares": 0
            },
            "stumbledupon": {
                "shares": 0
            },
            "vk": {
                "shares": 0
            }
        }
    },
    "uuid": "77f602c580894dca1590eb5377cbc44234d30b74",
    "url": "https://vnexplorer.net/z/1204191.html",
    "ord_in_thread": 0,
    "parent_url": null,
    "author": "VNExplorer",
    "published": "2024-07-04T23:09:00.000+03:00",
    "title": "Ces plantes sont les meilleures pour éloigner les rats",
    "text": "Common,Rat,In,A,Garden,Eating,Cranesbill,Seeds Comme les insectes, les rongeurs peuvent également être sensibles à certaines odeurs. Pour vous en débarrasser sans utiliser pièges ou produits chimiques, voici les plantes à disposer chez vous. Les rats sont de petits rongeurs nuisibles qu’on retrouve dans certaines grandes villes de France et du monde. Ces boules de poils, bien loin de cette image attachante du personnage du film Ratatouille, sont des êtres qui peuvent occasionner des dégâts considérables gâchant ainsi la vie des habitants d’une maison. Vous abritez peut-être ce type de visiteurs chez vous et souhaitez vous en débarrasser ? Voici les plantes que vous devez disposer dans votre maison ou votre jardin pour les faire fuir. Comprendre le comportement de ces visiteurs indésirables Habitudes et comportements Bien que désagréables et très nuisibles, les rats, comme tout autre être vivant, ont des habitudes de vie qui leurs sont propres. De ce fait, pour les éloigner de votre maison, vous devez d’abord comprendre leur mode de fonctionnement, c’est-à-dire comment ils se déplacent, quand ils dorment et où ils vivent. Cela va vous permettre de mettre en place des stratégies d’éloignement efficaces. Les rats se déplacent beaucoup plus dans la nuit, ils sont agiles et capables de se faufiler dans des petits espaces. Ces nuisibles grouillent près des poubelles et ont un instinct de survie hyper développé. Qu’est ce qui les attire autant ? Comme tout être vivant, les rats cherchent à répondre à leurs besoins qui sont de boire, de manger et de dormir. C’est donc pour cette raison qu’ils sont régulièrement en quête de nourriture quelle qu’elle soit, d’un cadre chaud et sec pour se reposer et de liquide pour se désaltérer. Les zones de compost, de déchets et les poubelles sont les endroits qu’ils préfèrent, sans oublier les eaux stagnantes. En ville, les rats grouillent autour des poubelles pour récupérer les restes de repas, ce qui peut d’ailleurs les attirer chez vous, ou encore dans les égouts pour avoir de quoi boire. Comment savoir si vous en avez chez vous ? Vous suspectez la présence de ces êtres nuisibles dans votre propriété ? Voici quelques éléments qui pourront vous aider à savoir si oui ou non vous êtes infestés par des rats. Si dans votre jardin vous voyez des lignes sombres et grasses dans certaines zones, cela indique leur passage. Si vous constatez que certains de vos fruits et légumes que vous avez cultivés sont grignotés de part et d&#039;autre, les rats sont les coupables. Dans votre maison, des petits cris, des couinements bizarres, des trous dans vos placards, des crottes à certains endroits, des câbles rongés, des grattements ou des bruits de pas dans le plafond, indiquent la présence des rats. Les plantes odorantes à mettre en place pour éloigner les rats L’eucalyptus L’été est la saison préférée des rats, alors que la chaleur les incite à trouver de la nourriture, il devient difficile de bien dormir à cause de leur présence. De ce fait, le jardin et les fleurs deviennent le terrain de jeu adéquat. Pour les éloigner, plantez l’eucalyptus dans votre jardin. Que ce soit en terre comme en pot, cette plante décorative dégage un parfum que les rongeurs détestent. Pour augmenter son efficacité, plantez-en chez vous puis, prenez quelques feuilles et disposez-les en petits tas dans les endroits où vous souhaitez tenir les rats hors de portée. Les odeurs que ces plantes dégagent obstruent les canaux de communications des rats pouvant entraîner la mort. La couronne impériale et l’euphorbe des jardins Contrairement aux autres plantes, la fleur de la couronne impériale n’éloigne pas les rats. C’est son oignon qui s’en charge. Une fois planté, cet oignon dégage un parfum qui éloigne les rongeurs comme les souris, les mulots et les campagnols. Vous pouvez aussi planter l’euphorbe des jardins encore appelée euphorbe épurge. Cette plante est très répandue et appréciée pour sa floraison entre mai et juillet. Elle a aussi la capacité de repousser naturellement les rats, les taupes et même les souris qui ont pris d’assaut votre jardin. La menthe et l’incarvillée En plus d’être une épice révolutionnaire appréciée en cuisine, la menthe est idéale pour éloigner moustiques, souris et rats. Toutes les variétés de menthe peuvent être utilisées comme répulsif que ce soit en terre ou en pot, soutient Maison et Travaux. N’hésitez pas à vous en servir pour prévenir l’invasion des rats à l’intérieur comme à l’extérieur de votre propriété. À défaut, vous pouvez planter l’incarvillea, une plante décorative qui produit de très belles fleurs blanches ou roses. Elle produit un parfum fort qui éloigne les rongeurs. En plus, vous pouvez vous en servir pour apporter plus de charme et d’exotisme à votre jardin. Cette plante s’adapte à tous les climats.",
    "highlightText": "",
    "highlightTitle": "",
    "highlightThreadTitle": "",
    "language": "french",
    "sentiment": "positive",
    "categories": [
        "Health",
        "Human Interest",
        "Environment"
    ],
    "webz_reporter": false,
    "external_links": [],
    "external_images": [],
    "entities": {
        "persons": [],
        "organizations": [],
        "locations": []
    },
    "rating": null,
    "crawled": "2024-07-05T07:16:22.007+03:00",
    "updated": "2024-07-05T07:16:22.007+03:00"
}