{
    "thread": {
        "uuid": "6b9d917f75424406c0f82ae7dd5bbfed1964a982",
        "url": "https://www.que.es/2024/07/04/carrefour-precio-aire-acondicionado-fujistsu",
        "site_full": "www.que.es",
        "site": "que.es",
        "site_section": "https://www.que.es/feed",
        "site_categories": [
            "media"
        ],
        "section_title": "Qué!",
        "title": "Carrefour hunde el precio del aire acondicionado Fujitsu por tiempo limitado",
        "title_full": "Carrefour hunde el precio del aire acondicionado Fujitsu por tiempo limitado",
        "published": "2024-07-05T00:57:00.000+03:00",
        "replies_count": 0,
        "participants_count": 1,
        "site_type": "news",
        "country": "ES",
        "main_image": "https://www.que.es/wp-content/uploads/2024/07/carrefour1.webp",
        "performance_score": 0,
        "domain_rank": 21233,
        "domain_rank_updated": "2024-07-02T13:08:10.000+03:00",
        "reach": null,
        "social": {
            "facebook": {
                "likes": 0,
                "comments": 0,
                "shares": 0
            },
            "gplus": {
                "shares": 0
            },
            "pinterest": {
                "shares": 0
            },
            "linkedin": {
                "shares": 0
            },
            "stumbledupon": {
                "shares": 0
            },
            "vk": {
                "shares": 0
            }
        }
    },
    "uuid": "6b9d917f75424406c0f82ae7dd5bbfed1964a982",
    "url": "https://www.que.es/2024/07/04/carrefour-precio-aire-acondicionado-fujistsu",
    "ord_in_thread": 0,
    "parent_url": null,
    "author": "@que_diario",
    "published": "2024-07-05T00:57:00.000+03:00",
    "title": "Carrefour hunde el precio del aire acondicionado Fujitsu por tiempo limitado",
    "text": "Con la llegada del verano y las temperaturas en aumento , la búsqueda de soluciones de climatización se vuelve prioritaria para muchos hogares españoles. En este contexto, Carrefour ha lanzado una oferta que está captando la atención de los acalorados: una rebaja de 150 euros en el aire acondicionado Split Fujitsu ASY35UI-KP . Este modelo, conocido por su eficiencia energética y funcionamiento silencioso, se presenta como una opción atractiva para aquellos que buscan combatir el calor sin comprometer el confort ni la economía doméstica. En este artículo analizaremos en detalle esta oferta. ¿Te lo vas a perder?\nCarrefour: La ola de calor que impulsa la demanda de aires acondicionados El verano de 2024 se perfila como uno de los más calurosos de las últimas décadas en España. Desde Jerez de la Frontera hasta Barcelona, las altas temperaturas están poniendo a prueba la resistencia de los ciudadanos y sus hogares . Aunque las tormentas ocasionales pueden proporcionar un alivio temporal, la tendencia general apunta a un calor persistente y generalizado.\nEste escenario climático ha desencadenado una creciente demanda de sistemas de climatización eficientes y asequibles. Los consumidores buscan soluciones que no solo les permitan mantener sus hogares frescos, sino que también sean respetuosas con el medio ambiente y no disparen la factura eléctrica.\nEn respuesta a esta necesidad, los grandes distribuidores como Carrefour han comenzado a ofrecer promociones atractivas en equipos de aire acondicionado. La rebaja de 150 euros en el modelo Fujitsu ASY35UI-KP es un claro ejemplo de cómo el mercado se está adaptando a la demanda creciente, ofreciendo opciones de calidad a precios más accesibles . A continuación te contaremos las características del aire acondicionado estrella de Carrefour.\nFujitsu ASY35UI-KP: Tecnología japonesa al servicio del confort El aire acondicionado Split Fujitsu ASY35UI-KP, disponible en Carrefour, se destaca por incorporar la reconocida tecnología japonesa en un diseño moderno y funcional. Este aparato no solo promete enfriar eficientemente los espacios, sino que también ofrece una serie de características que lo posicionan como una opción premium en el mercado de la climatización doméstica.\nUna de las características más destacadas de este producto de Carrefour es su tecnología Inverter. Esta innovación permite al equipo ajustar constantemente su potencia de funcionamiento, lo que se traduce en un consumo energético más eficiente y un mejor mantenimiento de la temperatura deseada . A diferencia de los sistemas convencionales que operan en ciclos de encendido y apagado, la tecnología Inverter mantiene una temperatura constante con menos fluctuaciones, lo que resulta en un mayor confort y un ahorro energético significativo.\nAdemás, el Fujitsu ASY35UI-KP cuenta con una bomba de calor, lo que lo convierte en un equipo versátil capaz de proporcionar tanto frío en verano como calor en invierno . Esta característica lo hace especialmente atractivo para aquellos consumidores que buscan una solución integral para la climatización de su hogar durante todo el año.\nEficiencia energética: El as bajo la manga del Fujitsu ASY35UI-KP En un contexto de creciente preocupación por el consumo energético y su impacto tanto en la economía doméstica como en el medio ambiente, la eficiencia energética se ha convertido en un factor crucial a la hora de elegir un sistema de climatización. En este aspecto, el Fujitsu ASY35UI-KP destaca notablemente.\nEste modelo ha obtenido una clasificación A++ en su emisión de frío, lo que lo sitúa entre los equipos más eficientes del mercado . Esta calificación implica que el aparato es capaz de proporcionar un excelente rendimiento de enfriamiento con un consumo energético mínimo. Para el modo de calefacción, el equipo cuenta con una valoración A+, igualmente destacable.\nLa alta eficiencia del Fujitsu ASY35UI-KP se debe en gran parte al uso del gas refrigerante R32. Este compuesto, además de ser más eficiente que sus predecesores, tiene un menor impacto ambiental . El R32 tiene un potencial de calentamiento global (GWP) significativamente menor que otros refrigerantes comúnmente utilizados, lo que lo convierte en una opción más sostenible.\nSilencio y confort: La combinación perfecta para el hogar Uno de los aspectos más valorados por los consumidores a la hora de elegir un aire acondicionado es el nivel de ruido que produce. En este sentido, el Fujitsu ASY35UI-KP se posiciona como una opción sobresaliente gracias a su funcionamiento ultrasilencioso.\nCon un nivel de ruido mínimo de solo 22 decibelios, este equipo se encuentra entre los más silenciosos del mercado. Para poner esta cifra en perspectiva, 22 decibelios es comparable al suave murmullo de las hojas de los árboles movidas por una brisa ligera . Este nivel de silencio lo hace ideal para su instalación en dormitorios, permitiendo un descanso ininterrumpido incluso en las noches más calurosas.\nLa oferta de Carrefour: Una oportunidad que no debe dejarse pasar La decisión de Carrefour de rebajar el precio del Fujitsu ASY35UI-KP en 150 euros representa una oportunidad excepcional para los consumidores. Con esta promoción, el precio del equipo se sitúa en los 599 euros , una cifra muy competitiva considerando las prestaciones y la calidad del producto .\nEsta oferta está disponible tanto en las tiendas físicas de Carrefour como en su plataforma de comercio electrónico, lo que facilita el acceso a los consumidores de toda España. La multinacional francesa ofrece, además, servicios de envío a domicilio, lo que resulta especialmente conveniente tratándose de un electrodoméstico de cierto tamaño y peso.\nConclusión En conclusión, la oferta de Carrefour para el aire acondicionado Split Fujitsu ASY35UI-KP representa una oportunidad atractiva para aquellos que buscan una solución de climatización eficiente, silenciosa y asequible . Con sus características avanzadas, su alta eficiencia energética y su diseño moderno, este equipo se presenta como una opción capaz de satisfacer las necesidades de climatización de los hogares españoles durante los calurosos meses de verano y más allá.\nLa combinación de tecnología japonesa de vanguardia, eficiencia energética y un precio competitivo hace de esta oferta una opción a considerar seriamente para aquellos que buscan mejorar el confort de su hogar. Sin embargo, como con cualquier inversión significativa, es recomendable comparar opciones y considerar cuidadosamente las necesidades específicas de cada hogar antes de tomar una decisión de compra.",
    "highlightText": "",
    "highlightTitle": "",
    "highlightThreadTitle": "",
    "language": "spanish",
    "sentiment": "positive",
    "categories": [
        "Lifestyle and Leisure",
        "Environment"
    ],
    "webz_reporter": false,
    "external_links": [],
    "external_images": [],
    "entities": {
        "persons": [],
        "organizations": [],
        "locations": []
    },
    "rating": null,
    "crawled": "2024-07-05T01:10:23.946+03:00",
    "updated": "2024-07-05T05:44:39.763+03:00"
}