{
    "thread": {
        "uuid": "ffb41ff42a01e571f36da318f7a324044037b176",
        "url": "https://travel.india.com/guide/destination/planning-a-monsoon-getaway-explore-lakshadweeps-top-5-hidden-gems-7062070",
        "site_full": "travel.india.com",
        "site": "india.com",
        "site_section": "http://www.india.com/feed/",
        "site_categories": [
            "top_news"
        ],
        "section_title": "Latest News, Breaking News, LIVE News, Top News Headlines, Viral Video, Cricket LIVE, Sports, Entertainment, Business, Health, Lifestyle and Utility News | India.Com",
        "title": "Planning A Monsoon Getaway? Explore Lakshadweeps Top 5 Hidden Gems",
        "title_full": "Planning A Monsoon Getaway? Explore Lakshadweeps Top 5 Hidden Gems",
        "published": "2024-07-05T03:00:00.000+03:00",
        "replies_count": 0,
        "participants_count": 1,
        "site_type": "news",
        "country": "IN",
        "main_image": "https://s3.india.com/wp-content/uploads/2024/07/Monsoon-Season-In-Lakshadweep.jpg##image/jpg",
        "performance_score": 0,
        "domain_rank": 2697,
        "domain_rank_updated": "2024-07-02T13:08:10.000+03:00",
        "reach": null,
        "social": {
            "facebook": {
                "likes": 0,
                "comments": 0,
                "shares": 0
            },
            "gplus": {
                "shares": 0
            },
            "pinterest": {
                "shares": 0
            },
            "linkedin": {
                "shares": 0
            },
            "stumbledupon": {
                "shares": 0
            },
            "vk": {
                "shares": 0
            }
        }
    },
    "uuid": "ffb41ff42a01e571f36da318f7a324044037b176",
    "url": "https://travel.india.com/guide/destination/planning-a-monsoon-getaway-explore-lakshadweeps-top-5-hidden-gems-7062070",
    "ord_in_thread": 0,
    "parent_url": null,
    "author": "Web Desk",
    "published": "2024-07-05T03:00:00.000+03:00",
    "title": "Planning A Monsoon Getaway? Explore Lakshadweeps Top 5 Hidden Gems",
    "text": "Planning A Monsoon Getaway? Explore Lakshadweep's Top 5 Hidden Gems Top 5 Places To Visit During Monsoon Season In Lakshadweep A serene archipelago tucked away in the Arabian Sea, Lakshadweep becomes a haven of beauty during the monsoons. Many travelers might avoid visiting tropical destinations during this time, but this is what makes Lakshadweep so beautiful at that time. These are some of the best places to go on vacation when it rains in Lakshadweep, India. 1. Agatti Island Agatti Island is an idyllic destination for tourists who want to experience the magic of monsoon season while strolling on the pristine beaches and swimming in crystal-blue waters. With rain-drenched landscapes bursting with colors, it's truly a paradise for nature lovers and photographers. Explore Agatti's untouched features by snorkeling, scuba diving or just basking on sunlit shores that are ruffled by soft monsoon breezes. 2. Bangaram Island Bangaram Island is a heaven-sent place where you can spend your monsoons privately among yourselves as it is referred to as \"Jewel.\" During the rainy season, amazing stillness and harmony cover here through its soft sand beaches and swaying palms. Take a leisurely walk along the beach or have fresh fish for dinner; alternatively, take part in fascinating snorkeling experiences under water either way, falling in love with Bangaram will be inevitable! 3. Kadmat Island Kadmat Island entices visitors looking for peace amid nature's bounty when it comes to rain showers. It boasts lush greenery and stunning landscapes away from city hustle and bustle thereby making it an ideal retreat spot for tourists. The island has plenty of marine life that may be explored via scuba diving trips or simply relaxing around the peaceful lagoons as monsoon showers fall on pure sandy shores. 4. Kalpeni Island Kalpeni Island, with its picturesque lagoons and coral reefs, is a postcard perfect paradise for tourists during the rainy season. When raindrops fall on turquoise waters, Kalpeni becomes heaven. From kayaking or taking leisure cruises around the island so that you see it in all its natural glory during monsoons. 5. Minicoy Island Minicoy Island is an enchanting place to explore during monsoons due to its pristine beauty and rich cultural heritage. Explore quaint villages with typical Minicoyan houses or go fishing with local fishermen to get a taste of the real island life during this wet period of year. However, do not miss out on witnessing Lava Dance which is a traditional folk dance performed by locals and adds a cultural touch to your journey during monsoons. Conclusion Lakshadweep is unmatched when it comes to being an unspoiled paradise for vacationers and honeymooners who are looking for peace during their monsoon holidays. Each offers tourists seeking solace amidst nature's embrace an unusual experience starting from the calm shores of Agatti to the hidden charm of Bangaram. From here you should pack your bags and embark on a trip to Lakshadweep because they have weather that can only be described as serene and beautiful just like piece of art painted by God himself.",
    "highlightText": "",
    "highlightTitle": "",
    "highlightThreadTitle": "",
    "language": "english",
    "sentiment": "positive",
    "categories": [
        "Lifestyle and Leisure",
        "Environment"
    ],
    "webz_reporter": false,
    "external_links": [],
    "external_images": [],
    "entities": {
        "persons": [],
        "organizations": [],
        "locations": [
            {
                "name": "lakshadweep",
                "sentiment": "none"
            },
            {
                "name": "bangaram island bangaram island",
                "sentiment": "none"
            },
            {
                "name": "agatti island agatti island",
                "sentiment": "none"
            },
            {
                "name": "lakshadweep india",
                "sentiment": "none"
            }
        ]
    },
    "rating": null,
    "crawled": "2024-07-05T09:04:12.229+03:00",
    "updated": "2024-07-05T09:30:06.230+03:00"
}