{
    "thread": {
        "uuid": "08fde907ade160cf89d0c00535458a11754cfdf8",
        "url": "https://www.interempresas.net/Ferreteria/Articulos/567684-Gardena-presenta-el-nuevo-portamanguera-mural-para-terrazas-de-enrollado-automatico.html",
        "site_full": "www.interempresas.net",
        "site": "interempresas.net",
        "site_section": "https://www.interempresas.net/rss",
        "site_categories": [
            "telecommuting",
            "jobs"
        ],
        "section_title": "Noticias en Interempresas.net",
        "title": "Gardena presenta el nuevo portamanguera mural para terrazas de enrollado automático @GardenaGlobal",
        "title_full": "Gardena presenta el nuevo portamanguera mural para terrazas de enrollado automático @GardenaGlobal",
        "published": "2024-07-04T15:31:00.000+03:00",
        "replies_count": 0,
        "participants_count": 1,
        "site_type": "news",
        "country": "ES",
        "main_image": "https://img.interempresas.net/fotos/4743996.jpeg",
        "performance_score": 0,
        "domain_rank": 13057,
        "domain_rank_updated": "2024-07-02T13:08:10.000+03:00",
        "reach": null,
        "social": {
            "facebook": {
                "likes": 0,
                "comments": 0,
                "shares": 0
            },
            "gplus": {
                "shares": 0
            },
            "pinterest": {
                "shares": 0
            },
            "linkedin": {
                "shares": 0
            },
            "stumbledupon": {
                "shares": 0
            },
            "vk": {
                "shares": 0
            }
        }
    },
    "uuid": "08fde907ade160cf89d0c00535458a11754cfdf8",
    "url": "https://www.interempresas.net/Ferreteria/Articulos/567684-Gardena-presenta-el-nuevo-portamanguera-mural-para-terrazas-de-enrollado-automatico.html",
    "ord_in_thread": 0,
    "parent_url": null,
    "author": "(Redacción Interempresas)",
    "published": "2024-07-04T15:31:00.000+03:00",
    "title": "Gardena presenta el nuevo portamanguera mural para terrazas de enrollado automático @GardenaGlobal",
    "text": "Gardena presenta el nuevo portamanguera mural para terrazas de enrollado automático\nLa comodidad de uso a la hora de regar el jardín es cada vez más importante.\nGardena propone una nueva solución para un riego fácil y cómodo del jardín: el portamanguera mural para terrazas RollUp de enrollado automático.\nPara guardarla, basta con realizar un tirón rápido de la manguera después de su uso, y se enrolla de forma automática, controlada y segura. La guía de manguera integrada garantiza una retracción uniforme, sin doblar ni anudar la manguera. El portamangueras se puede colocar en terrazas con suelo de madera u hormigón. La fijación universal conforma una base fuerte y estable. Se puede girar 360º de forma flexible sin retorcer la manguera. El contenido de la portamanguera de terraza RollUp M incluye 1 manguera Gardena de 20 m y 11mm, 1 manguera de conexión flexible, piezas originales Gardena System (conector de grifo, conector de manguera y tope de agua), 1 pistola de limpieza y una fijación universal de tornillos y tacos.",
    "highlightText": "",
    "highlightTitle": "",
    "highlightThreadTitle": "",
    "language": "spanish",
    "sentiment": "positive",
    "categories": [
        "Lifestyle and Leisure",
        "Product and Services News",
        "Environment"
    ],
    "webz_reporter": false,
    "external_links": [
        "http://www.gardena.es",
        "http://gardena.es"
    ],
    "external_images": [],
    "entities": {
        "persons": [],
        "organizations": [],
        "locations": []
    },
    "rating": null,
    "crawled": "2024-07-05T08:12:22.730+03:00",
    "updated": "2024-07-05T08:12:22.730+03:00"
}