{
    "thread": {
        "uuid": "13eee0a04b7a96f7a879dc918fbd9ee239797dc6",
        "url": "https://es.nhandan.vn/vietnam-estimula-transporte-verde-con-desarrollo-de-estaciones-de-carga-para-vehiculos-electricos-post64164.html",
        "site_full": "es.nhandan.vn",
        "site": "nhandan.vn",
        "site_section": "https://es.nhandan.vn",
        "site_categories": [
            "top_news"
        ],
        "section_title": "Nhan Dan en línea en español",
        "title": "Vietnam estimula transporte verde con desarrollo de estaciones de carga para vehículos eléctricos | Nhan Dan en línea en español",
        "title_full": "Vietnam estimula transporte verde con desarrollo de estaciones de carga para vehículos eléctricos | Nhan Dan en línea en español",
        "published": "2024-07-05T09:29:00.000+03:00",
        "replies_count": 0,
        "participants_count": 1,
        "site_type": "news",
        "country": "ES",
        "main_image": "https://image-es.nhandan.vn/1200x630/Uploaded/2024/buimsbamdvicbu/2024_07_05/a1-9134jpg-7142-8527.jpg",
        "performance_score": 0,
        "domain_rank": 25149,
        "domain_rank_updated": "2024-07-02T13:08:10.000+03:00",
        "reach": null,
        "social": {
            "facebook": {
                "likes": 0,
                "comments": 0,
                "shares": 0
            },
            "gplus": {
                "shares": 0
            },
            "pinterest": {
                "shares": 0
            },
            "linkedin": {
                "shares": 0
            },
            "stumbledupon": {
                "shares": 0
            },
            "vk": {
                "shares": 0
            }
        }
    },
    "uuid": "13eee0a04b7a96f7a879dc918fbd9ee239797dc6",
    "url": "https://es.nhandan.vn/vietnam-estimula-transporte-verde-con-desarrollo-de-estaciones-de-carga-para-vehiculos-electricos-post64164.html",
    "ord_in_thread": 0,
    "parent_url": null,
    "author": "@Nhan Dan en línea en español",
    "published": "2024-07-05T09:29:00.000+03:00",
    "title": "Vietnam estimula transporte verde con desarrollo de estaciones de carga para vehículos eléctricos | Nhan Dan en línea en español",
    "text": "Actualmente, VinFast lidera el desarrollo de la infraestructura al respecto con 150 mil puertos de carga para coches y motos eléctricos en todas las ciudades del país. Su red de estaciones de carga alcanza una densidad de aproximadamente 3,5 kilómetros por estación, lo que facilita el acceso a los usuarios. Junto con VinFast, la empresa EVIDA ha desarrollado el sistema de carga inteligente de vehículos eléctricos EBOOST, con más de 850 puntos de carga en todo el país. El Grupo de Electricidad de Vietnam (EVN) también se ha sumado con productos desarrollados por su centro de fabricación en la región central. Algunas otras marcas internacionales prestigiosas como Porsche, Audi o Mercedes-Benz instalaron sistemas de estaciones de carga para los clientes, pero el número aún es limitado y la mayoría se ubican en sus salas de exposición o fábricas. Entretanto, varias corporaciones mundiales líderes en el campo como Siemens, Charge y ABB también expresaron su intención de expandir el mercado comercial de estaciones de carga eléctricas en Vietnam. Tran Quang Ha, subdirector del Departamento de Ciencia, Tecnología y Medio Ambiente del Ministerio de Transporte, dijo que el desarrollo sincrónico de estaciones de carga es una medida importante para promover la conversión del transporte en Vietnam. Por tal motivo, la cartera recomienda políticas para desarrollar puestos de carga de vehículos eléctricos, especialmente en terminales, paradas, zonas urbanas, plazas de aparcamiento, centros comerciales, hoteles, oficinas y edificios. El ministerio se empeña en estudiar la exención de permisos de construcción y ajustar políticas de inversión en esas obras, además de proponer políticas preferenciales para las actividades de producción e importación de equipos y componentes para servir a esa labor, entre otros.",
    "highlightText": "",
    "highlightTitle": "",
    "highlightThreadTitle": "",
    "language": "spanish",
    "sentiment": "positive",
    "categories": [
        "Science and Technology",
        "Environment"
    ],
    "webz_reporter": false,
    "external_links": [],
    "external_images": [],
    "entities": {
        "persons": [],
        "organizations": [],
        "locations": []
    },
    "rating": null,
    "crawled": "2024-07-05T09:49:33.737+03:00",
    "updated": "2024-07-05T09:49:33.737+03:00"
}