{
    "thread": {
        "uuid": "40647f8915d1d8378c7ba6186a30ff1778bc4d4d",
        "url": "https://www.prnewswire.com/news-releases/zendure-y-boe-motorsports-defienden-la-energia-limpia-con-solarflow-ace-1500-y-solarflow-hyper-2000-302189750.html",
        "site_full": "www.prnewswire.com",
        "site": "prnewswire.com",
        "site_section": "https://prnewswire.com/news-releases/sports-latest-news/sporting-events-list/",
        "site_categories": [
            "media"
        ],
        "section_title": "All Sporting Events News and Press Releases from PR Newswire",
        "title": "Zendure y BOÉ Motorsports defienden la energía limpia con SolarFlow Ace 1500 y SolarFlow Hyper 2000",
        "title_full": "Zendure y BOÉ Motorsports defienden la energía limpia con SolarFlow Ace 1500 y SolarFlow Hyper 2000",
        "published": "2024-07-05T10:03:00.000+03:00",
        "replies_count": 0,
        "participants_count": 1,
        "site_type": "news",
        "country": "US",
        "main_image": "https://mma.prnewswire.com/media/2454175/Zendure_DE_GmbH.jpg?p=facebook",
        "performance_score": 0,
        "domain_rank": 193,
        "domain_rank_updated": "2024-07-02T13:08:10.000+03:00",
        "reach": null,
        "social": {
            "facebook": {
                "likes": 0,
                "comments": 0,
                "shares": 0
            },
            "gplus": {
                "shares": 0
            },
            "pinterest": {
                "shares": 0
            },
            "linkedin": {
                "shares": 0
            },
            "stumbledupon": {
                "shares": 0
            },
            "vk": {
                "shares": 0
            }
        }
    },
    "uuid": "40647f8915d1d8378c7ba6186a30ff1778bc4d4d",
    "url": "https://www.prnewswire.com/news-releases/zendure-y-boe-motorsports-defienden-la-energia-limpia-con-solarflow-ace-1500-y-solarflow-hyper-2000-302189750.html",
    "ord_in_thread": 0,
    "parent_url": null,
    "author": "Zendure DE GmbH",
    "published": "2024-07-05T10:03:00.000+03:00",
    "title": "Zendure y BOÉ Motorsports defienden la energía limpia con SolarFlow Ace 1500 y SolarFlow Hyper 2000",
    "text": "- Zendure y BOÉ Motorsports se unen para defender la energía limpia con SolarFlow Ace 1500 y SolarFlow Hyper 2000 en el Gran Premio de Alemania\nZendure presenta una completa cartera de productos en Sachsenring, incluidos SolarFlow Ace 1500 y SolarFlow Hyper 2000 Las soluciones de almacenamiento de energía proporcionan energía sostenible a todo el paddock DÜSSELDORF, Alemania , 5 de julio de 2024 /PRNewswire/ -- Zendure , una empresa EnergyTech de rápido crecimiento, presenta su asociación con el equipo BOÉ Motorsports en el Gran Premio de Alemania en Sachsenring. La asociación incluye los productos recientemente lanzados por Zendure, SolarFlow Ace 1500 y SolarFlow Hyper 2000 , entre otras soluciones innovadoras. Este compromiso in situ demuestra un compromiso compartido con la energía sostenible en el mundo de las carreras.\nEl SolarFlow Ace 1500 de Zendure impulsa los deportes de motor BOÉ\nContinue Reading\nZendure_DE_GmbH\nMientras la temporada de MotoGP continúa emocionando a los aficionados de todo el mundo con carreras de alta velocidad, regresa a Alemania en Sachsenring del 5 al 7 de julio, presentando la línea de productos en expansión SolarFlow Ace 1500 de Zendure en el paddock. Esta solución portátil fuera de la red garantiza que la energía almacenada sea accesible en cualquier lugar y alimenta los dispositivos y herramientas del equipo BOÉ Motorsports, transformando los sistemas solares estacionarios en soluciones versátiles fuera de la red. Ideal para usar en campamentos, pistas de carreras y más. Esta iniciativa se alinea con el compromiso de Zendure y BOÉ Motorsports de fomentar la sostenibilidad en el deporte del motor.\nRevolucionar el uso de energía en los deportes de motor\nZendure también mostrará el nuevo Hyper 2000 y SuperBase V en su sala de exposición. Los entusiastas de las carreras y la energía solar pueden explorar un área de experiencia virtual con balcones simulados, participar en juegos interactivos y participar en sorteos de premios. Además, los asistentes también podrán cargar sus dispositivos como teléfonos inteligentes y portátiles en estaciones de energía limpia alimentadas por la solución de almacenamiento SuperBase V.\n\"Tras el exitoso lanzamiento de nuestros nuevos productos en Intersolar DE, estamos encantados de ofrecer a los aficionados a las carreras una gama más amplia y personalizable de soluciones de almacenamiento de energía sostenible en asociación con BOÉ Motorsports\", afirmó Jolene Shang, directora de marketing de Zendure. \"La participación directa de los fanáticos durante los fines de semana de carreras amplía nuestro alcance, permite discusiones sobre plantas de energía en los balcones y muestra nuestros productos en el lugar. El futuro de las carreras es verde y estamos emocionados de dar forma activamente a esta transformación\".\nAcerca de Zendure\nFundada en 2017, Zendure es una de las empresas emergentes de EnergyTech de más rápido crecimiento ubicada en los centros tecnológicos de Silicon Valley, Estados Unidos y el Gran Área de la Bahía, China , Japón y Alemania. Su misión es ofrecer energía limpia fiable y asequible para los hogares de todo el mundo mediante la popularización de la última tecnología EnergyTech. Zendure imagina ser una plataforma Clean EnergyTech que sustenta a las comunidades y familias.\nContacto de prensa:\nZendure DE GmbH Chris Chiu +86 13697796028 [email protected]\nFoto - https://mma.prnewswire.com/media/2454175/Zendure_DE_GmbH.jpg Logo - https://mma.prnewswire.com/media/2440958/Zendure_Logo.jpg",
    "highlightText": "",
    "highlightTitle": "",
    "highlightThreadTitle": "",
    "language": "spanish",
    "sentiment": "positive",
    "categories": [
        "Science and Technology",
        "Environment"
    ],
    "webz_reporter": false,
    "external_links": [
        "https://zendure.de/products/solarflow-hyper-balkonkraftwerk",
        "https://boemotorsports.com/en/team/",
        "https://zendure.de/",
        "https://zendure.de/products/ace-1500",
        "https://boemotorsports.com/en/team",
        "https://www.boemotorsports.com/en/team/",
        "https://www.zendure.de/products/ace-1500",
        "https://www.zendure.de/products/solarflow-hyper-balkonkraftwerk",
        "https://zendure.de",
        "https://www.zendure.de/"
    ],
    "external_images": [],
    "entities": {
        "persons": [],
        "organizations": [],
        "locations": []
    },
    "rating": null,
    "crawled": "2024-07-05T10:05:34.271+03:00",
    "updated": "2024-07-05T10:05:34.271+03:00"
}