{
    "thread": {
        "uuid": "6777478dc6c233555bc9a76d967343bcd0c89474",
        "url": "https://ec2-3-133-175-89.us-east-2.compute.amazonaws.com/mexico-un-pais-cada-vez-mas-sustentable-world-economic-forum-y-la-firma-de-asesoria-kpmg-destacan-a-ecoce-por-su-exito-en-el-reciclaje-de-plasticos-en-nuestro-pais",
        "site_full": "ec2-3-133-175-89.us-east-2.compute.amazonaws.com",
        "site": "ec2-3-133-175-89.us-east-2.compute.amazonaws.com",
        "site_section": "https://ec2-3-133-175-89.us-east-2.compute.amazonaws.com/titulares/",
        "site_categories": [],
        "section_title": null,
        "title": "México, un país cada vez más sustentable: World Economic Forum y la firma de asesoría KPMG destacan a ECOCE por su éxito en el reciclaje de plásticos en nuestro país",
        "title_full": "México, un país cada vez más sustentable: World Economic Forum y la firma de asesoría KPMG destacan a ECOCE por su éxito en el reciclaje de plásticos en nuestro país",
        "published": "2024-07-04T22:59:00.000+03:00",
        "replies_count": 0,
        "participants_count": 1,
        "site_type": "news",
        "country": "MX",
        "main_image": "",
        "performance_score": 0,
        "domain_rank": 50,
        "domain_rank_updated": "2024-07-02T13:08:10.000+03:00",
        "reach": null,
        "social": {
            "facebook": {
                "likes": 0,
                "comments": 0,
                "shares": 0
            },
            "gplus": {
                "shares": 0
            },
            "pinterest": {
                "shares": 0
            },
            "linkedin": {
                "shares": 0
            },
            "stumbledupon": {
                "shares": 0
            },
            "vk": {
                "shares": 0
            }
        }
    },
    "uuid": "6777478dc6c233555bc9a76d967343bcd0c89474",
    "url": "https://ec2-3-133-175-89.us-east-2.compute.amazonaws.com/mexico-un-pais-cada-vez-mas-sustentable-world-economic-forum-y-la-firma-de-asesoria-kpmg-destacan-a-ecoce-por-su-exito-en-el-reciclaje-de-plasticos-en-nuestro-pais",
    "ord_in_thread": 0,
    "parent_url": null,
    "author": "Dalila Rodríguez",
    "published": "2024-07-04T22:59:00.000+03:00",
    "title": "México, un país cada vez más sustentable: World Economic Forum y la firma de asesoría KPMG destacan a ECOCE por su éxito en el reciclaje de plásticos en nuestro país",
    "text": "El World Economic Forum y la firma de asesoría KPMG han publicado el reporte Circular Industry Solutions for a Global Plastics Treaty , que identifica 24 casos de éxito a nivel global en soluciones para la contaminación por plásticos, con el objetivo de inspirar a los estados miembros de la ONU. Entre los casos seleccionados se encuentra ECOCE A.C., una asociación civil ambiental sin fines de lucro de México , destacada por su contribución al desarrollo de la industria del reciclaje en el país.\nEl informe , que analizó 59 casos de éxito alrededor del mundo, eligió a ECOCE en la categoría de “Reciclaje”. Esta organización, fundada hace veintidós años por la industria de bebidas y alimentos, ha promovido una adecuada gestión de residuos de envases y empaques en México. ECOCE ha sido esencial en el desarrollo del reciclaje de envases de PET , alcanzando una tasa de recuperación del 63%, y administra el Plan Nacional Privado Colectivo de Manejo de Residuos de Envases Post-Consumo de PET, PEAD, Aluminio y otros materiales. Además, trabaja en el reciclaje de empaques flexibles.\nEl Lic. Jorge Terrazas, director general de ECOCE, expresó: “Nos sentimos muy honrados por este reconocimiento. Es el resultado de una gran suma de esfuerzos entre industria, gobierno y sociedad civil, para implementar soluciones de fondo y a largo plazo”.\nEl reporte subraya la importancia de entender las soluciones industriales existentes para implementar una estrategia global efectiva sobre el tratado de plásticos. Destaca la necesidad de políticas públicas bien estructuradas y definiciones claras para abordar la contaminación plástica, la cual es multifactorial. Las acciones de ECOCE, como sus programas de educación y acopio, han promovido el reciclaje y la adecuada separación de residuos sólidos urbanos.\nECOCE reafirma el compromiso de la industria asociada en la transición hacia la circularidad de los plásticos. Se subraya la necesidad de regulaciones armonizadas sobre la gestión de plásticos en México, con objetivos realistas y adecuados para cada región geográfica.\nEn marzo de 2022, 175 países adoptaron una resolución en la Asamblea de Medio Ambiente de la ONU (UNEA-5.2) para desarrollar un instrumento internacional jurídicamente vinculante que aborde la contaminación plástica, incluyendo el medio marino. La última sesión del Comité Intergubernamental de Negociación (INC-5) se llevará a cabo en noviembre de 2024 en Busan, Corea, para redactar la versión definitiva del tratado, que se espera sea adoptado por los estados miembros de la ONU y avance hacia una economía circular de los plásticos.\nSigue leyendo… Claudia Sheinbaum presenta a la tercera parte de su gabinete para asumir la tarea histórica de acompañarla a consolidar el segundo piso de la Transformación",
    "highlightText": "",
    "highlightTitle": "",
    "highlightThreadTitle": "",
    "language": "spanish",
    "sentiment": "positive",
    "categories": [
        "Social Issue",
        "Economy, Business and Finance",
        "Environment"
    ],
    "webz_reporter": false,
    "external_links": [
        "https://losreporteros.mx/claudia-sheinbaum-presenta-a-la-tercera-parte-de-su-gabinete-para-asumir-la-tarea-historica-de-acompanarla-a-consolidar-el-segundo-piso-de-la-transformacion/embed/#?secret=Gtev5h0bnd#?secret=0bAcF5XWxe",
        "https://losreporteros.mx/claudia-sheinbaum-presenta-a-la-tercera-parte-de-su-gabinete-para-asumir-la-tarea-historica-de-acompanarla-a-consolidar-el-segundo-piso-de-la-transformacion/",
        "https://www.losreporteros.mx/claudia-sheinbaum-presenta-a-la-tercera-parte-de-su-gabinete-para-asumir-la-tarea-historica-de-acompanarla-a-consolidar-el-segundo-piso-de-la-transformacion/embed/#?secret=Gtev5h0bnd#?secret=0bAcF5XWxe",
        "https://www.losreporteros.mx/claudia-sheinbaum-presenta-a-la-tercera-parte-de-su-gabinete-para-asumir-la-tarea-historica-de-acompanarla-a-consolidar-el-segundo-piso-de-la-transformacion/",
        "https://losreporteros.mx/claudia-sheinbaum-presenta-a-la-tercera-parte-de-su-gabinete-para-asumir-la-tarea-historica-de-acompanarla-a-consolidar-el-segundo-piso-de-la-transformacion/embed/#",
        "https://losreporteros.mx/claudia-sheinbaum-presenta-a-la-tercera-parte-de-su-gabinete-para-asumir-la-tarea-historica-de-acompanarla-a-consolidar-el-segundo-piso-de-la-transformacion"
    ],
    "external_images": [],
    "entities": {
        "persons": [],
        "organizations": [],
        "locations": []
    },
    "rating": null,
    "crawled": "2024-07-05T01:00:50.572+03:00",
    "updated": "2024-07-05T01:00:50.572+03:00"
}