{
    "thread": {
        "uuid": "1a9da1e97a031b4b5c897b60599737ed6d149503",
        "url": "https://articlescad.com/grow-your-organic-garden-with-one-of-these-tips-644178.html",
        "site_full": "articlescad.com",
        "site": "articlescad.com",
        "site_section": "https://articlescad.com",
        "site_categories": [],
        "section_title": "Articles - Articles Directory - Submit articles",
        "title": "Grow Your Organic Garden With One Of These Tips",
        "title_full": "Grow Your Organic Garden With One Of These Tips",
        "published": "2024-07-05T03:00:00.000+03:00",
        "replies_count": 0,
        "participants_count": 0,
        "site_type": "news",
        "country": "IN",
        "main_image": "",
        "performance_score": 0,
        "domain_rank": 11603,
        "domain_rank_updated": "2024-07-02T13:08:10.000+03:00",
        "reach": null,
        "social": {
            "facebook": {
                "likes": 0,
                "comments": 0,
                "shares": 0
            },
            "gplus": {
                "shares": 0
            },
            "pinterest": {
                "shares": 0
            },
            "linkedin": {
                "shares": 0
            },
            "stumbledupon": {
                "shares": 0
            },
            "vk": {
                "shares": 0
            }
        }
    },
    "uuid": "1a9da1e97a031b4b5c897b60599737ed6d149503",
    "url": "https://articlescad.com/grow-your-organic-garden-with-one-of-these-tips-644178.html",
    "ord_in_thread": 0,
    "parent_url": null,
    "author": null,
    "published": "2024-07-05T03:00:00.000+03:00",
    "title": "Grow Your Organic Garden With One Of These Tips",
    "text": "Grow Your Organic Garden With One Of These Tips Author : Cheng Alston | Published On : 05 Jul 2024Organic horticulture can encompass a great deal of methods, based on which you ask or talk with about this. You already know that it's the kind of care and consideration which you offer the plant life that will help them develop, but that doesn't signify you can't enhance your method. Use the following. Select your vegatables and fruits initial thing every morning. A morning hours harvest will make sure that your produce is keeping the highest volume of humidity. Also, if you select every morning, this gives you a chance to try to eat those things on that day, while they are their top of quality. Learning the structure of your respective garden and what kind of garden soil you have can considerably enhance your garden encounter. [panca77](https://panca77.homes)By being aware of this, you can decide what seed products will continue to work together with your existing lawn or if you wish to develop a various atmosphere around your placing tastes. Distinct plants demand distinct nutrition, so plan consequently. It's occasionally easy to save certain plants from wintertime cold by getting them on the inside. You must probably save one of the most resilient or high-priced plants and flowers. Dig very carefully around the beginnings, then transfer the herb into a container. If you require the excess ammunition to rage conflict on weeds, look at placing your vegetation better jointly regardless of whether it indicates planting them closer than what is required. [https://panca77.ptserayumakmurkayuindo.co.id](https://panca77.ptserayumakmurkayuindo.co.id)Thick plantings will guarantee that no plant seeds from undesired weeds will sprout and increase within your beautiful panorama layout. If unwanted weeds set out to sprout close to the side of the foliage, consider adding heavy compost to drown out your annoying unwanted weeds. When you are acquiring small fruit or rose results in, make sure to look at the pH amount of the soil. When the pH level is always to great or too low, it may have an impact on the quantity of nutrition that the plant life can take in. Plants will need different nutrients and vitamins at different stages of their lifestyles to get healthful, productive as well as to have fresh fruits. Tend not to trim your lawn short. If you depart a little bit more elevation, the lawn roots will receive much deeper, creating your grass more powerful. When the lawn is way too simple which will cause shallow beginnings, that will create a brownish and dried-out lawn. For those who have a lot of potted plant life, tend not to water them the same way. Some plant life do well with plenty normal water, while other plants and flowers might prefer a drier dirt. More than-irrigating are capable of doing all the problems for a herb as under-watering. So, be mindful of what sorts of vegetation you have within the pots, and water them appropriately. Don't attempt to eliminate reduced lying weeds by hand. Rather get a modest shovel and flick them more than so their leaves are within the dirt. You will kill the marijuana and the leaves will rot building a refreshing compost like materials for you to use. It really is eco-friendly and nourishing for that other vegetation. For fundamental vegetable or floral growing plants it is often not essential to get the most expensive horticulture instruments and extras. Browsing lower price merchants will usually permit you to find simple tools at a affordable price. [panca77](https://panca77-shopify.xyz)You must also keep an eye out every single springtime for the majority of local supermarkets to setup an aisle or show with gardening tools you will get for a very good price,also. Expand plants that have a great benefit for your needs. Placing flowers that happen to be appealing could be great. However, growing fruits and vegetables that you simply ingest regularly will save you funds and allow you to consume far healthier. It might be anything from tomatoes and carrots to your salads to natural herbs for seasoning. Reuse your espresso grounds and use them to acidify the earth for all of your acidity loving plant life. Plant life that like an acidic garden soil involve red roses, tomato plants, cyclamen, violets, gardenias, begonias and hibiscus. Utilize the reasons about one quarter inch thick to get the best final results. Should you don't look after espresso, left over green tea will produce the exact same outcomes. Bulbs produce wonderful blooms within your garden year in year out. To have the most blooms, vegetation your bulbs the moment temperature ranges in your town set out to great within the fall. Normally, this is August in areas 1 to 4 and Sept . in zones 4 to 7. Individuals in southern temperatures will need to chill their lamps before planting. Irrigate your backyard successfully. You can save time by utilizing soaker hoses to drinking water a couple of grow. Turn the liquid pressure on reduced hence the soaker hose will not harm tender plant life. Enable the soaker hose do its thing for a husband and wife several hours, as well as your plants are watered. Whenever you acquire seed products for the back garden, make sure to acquire plant seeds that happen to be marked \"accredited organic and natural.\" This makes certain that your plant life is going to be natural in their life expectancy which the plant seeds you are buying aren't contaminated with compound fertilizers or pesticide sprays. Look out for labeling, such as \"genetically manufactured\" or any reference to \"all-natural\" that is not going to are the expression \"certified natural.\" To save normal water and safeguard your vegetation, use a soaker garden hose instead of a sprinkler. A soaker garden hose is really a garden hose with modest pockets that is on the foundation of your own plant life and administers water instantly to the soil. This deters water loss and keeps water from holding the leaves, which may cause fungus infection and condition. If you notice free of moisture decay at the blossom conclusion of the fruiting greens, blossom conclusion decay could possibly be to pin the blame on. This can be the effect of a absence of calcium supplements inside your garden soil. To treat the decay organically, use eggshells. Crush three or four eggshells and bury them within the earth around the afflicted herb. Examine the dirt for the wellbeing. In case your garden soil is packed, normal water will never go deeply ample to the earth, as well as the plant roots will remain close to the area, leading to shallow roots. The soil is likewise tough to look. You would like your dirt to be loose adequate so that grow beginnings can expand downward instead of sideways. Organic gardening does have lots of different tactics and techniques, but every one has the most popular goal of creating something develop efficiently. You could always enhance after your very own organic garden solutions to develop far better, healthier natural and organic plants and flowers. With any luck ,, these tips have presented you some advice regarding how to do this. [panca77](https://157.230.42.34)",
    "highlightText": "",
    "highlightTitle": "",
    "highlightThreadTitle": "",
    "language": "english",
    "sentiment": "positive",
    "categories": [
        "Environment"
    ],
    "webz_reporter": false,
    "external_links": [
        "https://panca77.homes)By",
        "https://panca77.ptserayumakmurkayuindo.co.id)Thick",
        "https://157.230.42.34)",
        "https://panca77.ptserayumakmurkayuindo.co.id",
        "https://panca77-shopify.xyz)You",
        "https://www.panca77-shopify.xyz)You",
        "https://www.panca77.homes)By",
        "https://www.panca77.ptserayumakmurkayuindo.co.id)Thick",
        "https://www.panca77.ptserayumakmurkayuindo.co.id",
        "https://www.157.230.42.34)"
    ],
    "external_images": [],
    "entities": {
        "persons": [
            {
                "name": "cheng alston",
                "sentiment": "negative"
            }
        ],
        "organizations": [],
        "locations": []
    },
    "rating": null,
    "crawled": "2024-07-05T05:57:51.712+03:00",
    "updated": "2024-07-05T05:57:51.712+03:00"
}