{
    "thread": {
        "uuid": "4d78524c75c30bcc8ddfe8d6f831fb8617bcf371",
        "url": "https://bangaloremirror.indiatimes.com/bangalore/others/tribute-to-elephant-arjuna-memorials-to-honor-a-forest-hero/articleshow/111496667.cms",
        "site_full": "bangaloremirror.indiatimes.com",
        "site": "indiatimes.com",
        "site_section": "https://bangaloremirror.indiatimes.com/",
        "site_categories": [
            "media",
            "top_news"
        ],
        "section_title": "Bangalore News: Latest &amp; Breaking City News Headlines | Bangalore Mirror",
        "title": "Tribute to Elephant Arjuna: Memorials to Honor a Forest Hero",
        "title_full": "Tribute to Elephant Arjuna: Memorials to Honor a Forest Hero",
        "published": "2024-07-05T04:00:00.000+03:00",
        "replies_count": 0,
        "participants_count": 1,
        "site_type": "news",
        "country": "IN",
        "main_image": "https://bangaloremirror.indiatimes.com/photo/52761249.cms",
        "performance_score": 0,
        "domain_rank": 290,
        "domain_rank_updated": "2024-07-02T13:08:10.000+03:00",
        "reach": null,
        "social": {
            "facebook": {
                "likes": 0,
                "comments": 0,
                "shares": 0
            },
            "gplus": {
                "shares": 0
            },
            "pinterest": {
                "shares": 0
            },
            "linkedin": {
                "shares": 0
            },
            "stumbledupon": {
                "shares": 0
            },
            "vk": {
                "shares": 0
            }
        }
    },
    "uuid": "4d78524c75c30bcc8ddfe8d6f831fb8617bcf371",
    "url": "https://bangaloremirror.indiatimes.com/bangalore/others/tribute-to-elephant-arjuna-memorials-to-honor-a-forest-hero/articleshow/111496667.cms",
    "ord_in_thread": 0,
    "parent_url": null,
    "author": "Bangalore Mirror",
    "published": "2024-07-05T04:00:00.000+03:00",
    "title": "Tribute to Elephant Arjuna: Memorials to Honor a Forest Hero",
    "text": "Environment Minister Eshwar Khandre announced on Thursday that the foundation stone for the construction of a memorial for elephant Arjuna will be laid on July 6 at 12.30 pm at Arjuna’s grave site in the Dabbali Katte Plantation of Yasalur Forest Zone in Hassan. Arjuna died on December 4, 2023, in a fight with a wild elephant during an elephant capture operation by the Karnataka Forest Department near Yeslur. The foundation stone for another memorial will also be laid on the same day in the Nagarhole forest area, where Arjuna spent most of his life. His statue, along with pictures of him carrying eight golden ambara, participating in various elephant, tiger, and leopard capture operations, will also be installed at both memorials. Arjuna died on December 4, 2023, in a fight with a wild elephant during an elephant capture operation by the Karnataka Forest Department near Yeslur. The foundation stone for another memorial will also be laid on the same day in the Nagarhole forest area, where",
    "highlightText": "",
    "highlightTitle": "",
    "highlightThreadTitle": "",
    "language": "english",
    "sentiment": "positive",
    "categories": [
        "Human Interest",
        "Environment"
    ],
    "webz_reporter": false,
    "external_links": [
        "https://static.toiimg.com/thumb/111440455.cms",
        "https://static.toiimg.com/thumb.cms?msid=111440451",
        "https://static.toiimg.com/thumb/111440364.cms",
        "https://static.toiimg.com/thumb.cms?msid=111440367",
        "https://static.toiimg.com/photo/62986185.cms",
        "https://static.toiimg.com/thumb/111468507.cms",
        "https://static.toiimg.com/thumb/111468182.cms",
        "https://static.toiimg.com/thumb/111440694.cms?width=90&height=70",
        "https://static.toiimg.com/thumb/111440364.cms?width=90&height=70",
        "http://saxon.sf.net/",
        "https://static.toiimg.com/thumb/111440455.cms?width=90&height=70",
        "https://static.toiimg.com/thumb.cms?msid=111468394",
        "https://static.toiimg.com/thumb/111468352.cms",
        "https://static.toiimg.com/thumb/111468399.cms?width=90&height=70",
        "https://static.toiimg.com/thumb/62986185.cms",
        "https://static.toiimg.com/thumb/111468296.cms?width=90&height=70",
        "http://exslt.org/common",
        "https://static.toiimg.com/thumb.cms?msid=111468292",
        "https://static.toiimg.com/thumb/111468352.cms?width=90&height=70",
        "https://static.toiimg.com/thumb.cms?msid=111468351",
        "https://static.toiimg.com/thumb/111440333.cms",
        "http://exslt.org/strings",
        "https://static.toiimg.com/thumb.cms?msid=111440650",
        "https://www.static.toiimg.com/thumb/111440455.cms?width=90&height=70",
        "https://www.static.toiimg.com/thumb.cms?msid=111440367",
        "https://static.toiimg.com/thumb/111468352.cms",
        "http://saxon.sf.net",
        "https://www.static.toiimg.com/thumb/111440694.cms?width=90&height=70",
        "https://www.static.toiimg.com/thumb/111468399.cms?width=90&height=70",
        "https://www.static.toiimg.com/thumb/111468182.cms",
        "https://static.toiimg.com/thumb/111440694.cms",
        "https://www.static.toiimg.com/thumb/111468296.cms?width=90&height=70",
        "http://www.exslt.org/common",
        "https://www.static.toiimg.com/thumb/111440333.cms",
        "https://static.toiimg.com/thumb/111440455.cms",
        "https://www.static.toiimg.com/thumb/62986185.cms",
        "https://static.toiimg.com/thumb/111440364.cms",
        "https://www.static.toiimg.com/thumb/111440455.cms",
        "https://www.static.toiimg.com/thumb.cms?msid=111440451",
        "https://www.static.toiimg.com/thumb/111468507.cms",
        "https://www.static.toiimg.com/thumb/111440364.cms?width=90&height=70",
        "http://www.exslt.org/strings",
        "https://static.toiimg.com/thumb/111468399.cms",
        "https://static.toiimg.com/thumb.cms",
        "https://static.toiimg.com/thumb/111468296.cms",
        "https://www.static.toiimg.com/thumb/111440364.cms",
        "https://www.static.toiimg.com/thumb.cms?msid=111468351",
        "https://www.static.toiimg.com/photo/62986185.cms",
        "http://www.saxon.sf.net/",
        "https://www.static.toiimg.com/thumb.cms?msid=111468292",
        "https://www.static.toiimg.com/thumb/111468352.cms?width=90&height=70",
        "https://www.static.toiimg.com/thumb/111468352.cms",
        "https://www.static.toiimg.com/thumb.cms?msid=111468394",
        "https://www.static.toiimg.com/thumb.cms?msid=111440650"
    ],
    "external_images": [],
    "entities": {
        "persons": [
            {
                "name": "arjuna",
                "sentiment": "negative"
            },
            {
                "name": "eshwar khandre",
                "sentiment": "negative"
            },
            {
                "name": "benga",
                "sentiment": "none"
            },
            {
                "name": "hassan",
                "sentiment": "none"
            }
        ],
        "organizations": [
            {
                "name": "karnataka forest department",
                "sentiment": "none"
            },
            {
                "name": "arjuna",
                "sentiment": "none"
            },
            {
                "name": "parliament",
                "sentiment": "none"
            }
        ],
        "locations": [
            {
                "name": "yeslur",
                "sentiment": "none"
            },
            {
                "name": "dabbali katte plantation of yasalur forest zone",
                "sentiment": "none"
            }
        ]
    },
    "rating": null,
    "crawled": "2024-07-05T05:41:03.156+03:00",
    "updated": "2024-07-05T17:59:47.208+03:00"
}