{
    "thread": {
        "uuid": "bcc08c9b1632d24f14c31b9352de29ee746371d8",
        "url": "https://www.marketscreener.com/quote/stock/KIA-CORPORATION-6492386/news/Kia-EV-models-support-The-Ocean-Cleanup-in-delivery-of-sustainability-goals-47317723",
        "site_full": "www.marketscreener.com",
        "site": "marketscreener.com",
        "site_section": "https://www.marketscreener.com/news/companies/sectors/",
        "site_categories": [
            "photography",
            "hobbies_and_interests"
        ],
        "section_title": "Stock Market Listed Companies News - MarketScreener",
        "title": "Kia : EV models support The Ocean Cleanup in delivery of sustainability goals - MarketScreener",
        "title_full": "Kia : EV models support The Ocean Cleanup in delivery of sustainability goals - MarketScreener",
        "published": "2024-07-05T05:04:00.000+03:00",
        "replies_count": 0,
        "participants_count": 1,
        "site_type": "news",
        "country": "DE",
        "main_image": "https://www.marketscreener.com/images/twitter_MS_fdblanc.png",
        "performance_score": 0,
        "domain_rank": 3858,
        "domain_rank_updated": "2024-07-02T13:08:10.000+03:00",
        "reach": null,
        "social": {
            "facebook": {
                "likes": 0,
                "comments": 0,
                "shares": 0
            },
            "gplus": {
                "shares": 0
            },
            "pinterest": {
                "shares": 0
            },
            "linkedin": {
                "shares": 0
            },
            "stumbledupon": {
                "shares": 0
            },
            "vk": {
                "shares": 0
            }
        }
    },
    "uuid": "bcc08c9b1632d24f14c31b9352de29ee746371d8",
    "url": "https://www.marketscreener.com/quote/stock/KIA-CORPORATION-6492386/news/Kia-EV-models-support-The-Ocean-Cleanup-in-delivery-of-sustainability-goals-47317723",
    "ord_in_thread": 0,
    "parent_url": null,
    "author": "MarketScreener",
    "published": "2024-07-05T05:04:00.000+03:00",
    "title": "Kia : EV models support The Ocean Cleanup in delivery of sustainability goals - MarketScreener",
    "text": "News All SUBSCRIBE TO RSS FEED XML Kia EV models support The Ocean Cleanup in delivery of sustainability goals 05-JUL-2024\nBreukelen\nFour electric Kia models for use by The Ocean Cleanup team Strengthening of sustainable partnership aiming to incorporate portion of recovered ocean plastic into future Kia models Kia Netherlands has provided four of its award-winning electric models to The Ocean Cleanup's headquarters in Rotterdam as a means of further strengthening the brand's seven-year global partnership aimed at combatting plastic pollution in the world's oceans and creating a circular resource system for recovered ocean plastics.\nTo support the non-profit organization's on-ground operations, one Kia EV6 and three Niro EVs will be utilized by The Ocean Cleanup team members to visit research and collaboration partners where crucial data is gathered to realize cleaner waterways and oceans.\nKia's partnership with The Ocean Cleanup is a collaboration grounded in sustainability that involves the sharing of ideas and technologies to support the non-profit organization's mission of removing 90% of ocean plastic waste by 2040. For Kia, the partnership is a key part of its transition to becoming a global provider of sustainable mobility solutions, as it aims to achieve carbon neutrality across its entire value chain by 2045.\nAs a core component of the partnership agreement, The Ocean Cleanup is providing Kia with ocean plastic catch extracted during the cleanup operations in the Pacific Ocean. And together, the two organizations are exploring how the recovered plastic can be recycled and integrated into Kia's products so that they never re-enter the natural environment.\n\"At The Ocean Cleanup, we are dedicated to cleaning up the world's oceans and waterways, and processing the collected plastic with our partners in the most sustainable way possible. We are proud of our collaboration with Kia and look forward to the first application of this marine plastic in their vehicles. Additionally, we are very pleased that Kia has provided us with these four state-of-the-art electric models so that we can carry out our work on land, not only comfortably but also emission free,\" said Boyan Slat, Founder & CEO of The Ocean Cleanup.\nSEE MORE SEE LESS MEDIA ADD ALL TO MEDIA CART DOWNLOAD ALL Highest quality files will be downloaded for all the assets. If you need a different quality of the file please download the asset individually. Kia x The Ocean Cleanup Kia x The Ocean Cleanup Kia x The Ocean Cleanup SEE MORE SEE LESS PRESS RELEASE DOWNLOAD EN\nKia EV models support The Ocean Cleanup in delivery of sustainability goals\nCONTACTS SIGN IN (OR REGISTER) TO ACCESS CONTACTS SEE MORE SEE LESS TAGS EV electric EV6 electric vehicle Niro EV The Ocean Cleanup EV electric EV6 electric vehicle Niro EV The Ocean Cleanup MORE FROM News SUBSCRIBE TO RSS FEED XML Kia America Records Highest First-Half EV Sales in Company History\nKia announces June 2024 global sales results\nKia America Announces 2025 Seltos Pricing\nKia EV9 Wins Midwest Automotive Media Association's (Mama) Favorite Plug-In Vehicle Award\nSEE ALL Attachments\nOriginal Link Permalink Disclaimer\nKIA Corporation published this content on 05 July 2024 and is solely responsible for the information contained therein. Distributed by Public , unedited and unaltered, on 05 July 2024 06:03:17 UTC .\nShare © Publicnow - 2024",
    "highlightText": "",
    "highlightTitle": "",
    "highlightThreadTitle": "",
    "language": "english",
    "sentiment": "positive",
    "categories": [
        "Economy, Business and Finance",
        "Environment"
    ],
    "webz_reporter": false,
    "external_links": [
        "https://www.facebook.com/sharer/sharer.php?u=https%3A%2F%2Fwww.marketscreener.com%2Fquote%2Fstock%2FKIA-CORPORATION-6492386%2Fnews%2FKia-EV-models-support-The-Ocean-Cleanup-in-delivery-of-sustainability-goals-47317723%2F%3Futm_source%3Dfacebook%26utm_medium%3Dsocial%26utm_campaign%3Dshare",
        "https://telegram.me/share/url?url=https%3A%2F%2Fwww.marketscreener.com%2Fquote%2Fstock%2FKIA-CORPORATION-6492386%2Fnews%2FKia-EV-models-support-The-Ocean-Cleanup-in-delivery-of-sustainability-goals-47317723%2F%3Futm_source%3Dtelegram%26utm_medium%3Dsocial%26utm_campaign%3Dshare",
        "https://wa.me/?text=https%3A%2F%2Fwww.marketscreener.com%2Fquote%2Fstock%2FKIA-CORPORATION-6492386%2Fnews%2FKia-EV-models-support-The-Ocean-Cleanup-in-delivery-of-sustainability-goals-47317723%2F%3Futm_source%3Dwhatsapp%26utm_medium%3Dsocial%26utm_campaign%3Dshare",
        "https://www.linkedin.com/shareArticle?mini=true&url=https%3A%2F%2Fwww.marketscreener.com%2Fquote%2Fstock%2FKIA-CORPORATION-6492386%2Fnews%2FKia-EV-models-support-The-Ocean-Cleanup-in-delivery-of-sustainability-goals-47317723%2F%3Futm_source%3Dlinkedin%26utm_medium%3Dsocial%26utm_campaign%3Dshare&title=Kia",
        "https://twitter.com/intent/tweet?text=Kia",
        "https://www.twitter.com/intent/tweet?text=Kia",
        "https://www.wa.me/?text=https%3A%2F%2Fwww.marketscreener.com%2Fquote%2Fstock%2FKIA-CORPORATION-6492386%2Fnews%2FKia-EV-models-support-The-Ocean-Cleanup-in-delivery-of-sustainability-goals-47317723%2F%3Futm_source%3Dwhatsapp%26utm_medium%3Dsocial%26utm_campaign%3Dshare",
        "https://telegram.me/share/url",
        "https://facebook.com/sharer/sharer.php?u=https%3A%2F%2Fwww.marketscreener.com%2Fquote%2Fstock%2FKIA-CORPORATION-6492386%2Fnews%2FKia-EV-models-support-The-Ocean-Cleanup-in-delivery-of-sustainability-goals-47317723%2F%3Futm_source%3Dfacebook%26utm_medium%3Dsocial%26utm_campaign%3Dshare",
        "https://linkedin.com/shareArticle?mini=true&url=https%3A%2F%2Fwww.marketscreener.com%2Fquote%2Fstock%2FKIA-CORPORATION-6492386%2Fnews%2FKia-EV-models-support-The-Ocean-Cleanup-in-delivery-of-sustainability-goals-47317723%2F%3Futm_source%3Dlinkedin%26utm_medium%3Dsocial%26utm_campaign%3Dshare&title=Kia",
        "https://wa.me/",
        "https://www.facebook.com/sharer/sharer.php",
        "https://www.telegram.me/share/url?url=https%3A%2F%2Fwww.marketscreener.com%2Fquote%2Fstock%2FKIA-CORPORATION-6492386%2Fnews%2FKia-EV-models-support-The-Ocean-Cleanup-in-delivery-of-sustainability-goals-47317723%2F%3Futm_source%3Dtelegram%26utm_medium%3Dsocial%26utm_campaign%3Dshare",
        "https://twitter.com/intent/tweet",
        "https://www.linkedin.com/shareArticle"
    ],
    "external_images": [],
    "entities": {
        "persons": [],
        "organizations": [
            {
                "name": "ocean cleanup",
                "sentiment": "negative"
            },
            {
                "name": "kia",
                "sentiment": "none"
            }
        ],
        "locations": [
            {
                "name": "breukelen",
                "sentiment": "none"
            },
            {
                "name": "rotterdam",
                "sentiment": "none"
            },
            {
                "name": "kia netherlands",
                "sentiment": "none"
            }
        ]
    },
    "rating": null,
    "crawled": "2024-07-05T09:06:12.411+03:00",
    "updated": "2024-07-05T09:06:12.411+03:00"
}