{
    "thread": {
        "uuid": "b9145cdbd873b25dfdc14dd29ecd920f66efaaed",
        "url": "https://www.banquedesterritoires.fr/le-retour-de-la-consigne-du-verre-experimente-en-2025-dans-quatre-regions",
        "site_full": "www.banquedesterritoires.fr",
        "site": "banquedesterritoires.fr",
        "site_section": "https://www.banquedesterritoires.fr/flux/localtis.xml",
        "site_categories": [
            "vehicles"
        ],
        "section_title": "",
        "title": "Le retour de la consigne du verre expérimenté en 2025 dans quatre régions",
        "title_full": "Le retour de la consigne du verre expérimenté en 2025 dans quatre régions",
        "published": "2024-07-04T10:41:00.000+03:00",
        "replies_count": 0,
        "participants_count": 1,
        "site_type": "news",
        "country": "FR",
        "main_image": "https://www.banquedesterritoires.fr/sites/default/files/2024-07/Sans%20tihjgfkhgfhgfkhgfjhgfkhgfgffgfggftre-2.jpg",
        "performance_score": 0,
        "domain_rank": 50383,
        "domain_rank_updated": "2024-07-02T13:08:21.000+03:00",
        "reach": null,
        "social": {
            "facebook": {
                "likes": 0,
                "comments": 0,
                "shares": 0
            },
            "gplus": {
                "shares": 0
            },
            "pinterest": {
                "shares": 0
            },
            "linkedin": {
                "shares": 0
            },
            "stumbledupon": {
                "shares": 0
            },
            "vk": {
                "shares": 0
            }
        }
    },
    "uuid": "b9145cdbd873b25dfdc14dd29ecd920f66efaaed",
    "url": "https://www.banquedesterritoires.fr/le-retour-de-la-consigne-du-verre-experimente-en-2025-dans-quatre-regions",
    "ord_in_thread": 0,
    "parent_url": null,
    "author": "Anne Lenormand",
    "published": "2024-07-04T10:41:00.000+03:00",
    "title": "Le retour de la consigne du verre expérimenté en 2025 dans quatre régions",
    "text": "Le retour de la consigne du verre expérimenté en 2025 dans quatre régions\nLe gouvernement et l'éco-organisme Citeo ont annoncé ce 3 juillet l'expérimentation du retour de la consigne du verre dans quatre régions du nord et de l'ouest de la France à compter de mai 2025. Ils espèrent à terme une \"généralisation\" à l'échelle nationale.\n\"Dès mai 2025, 16 millions de Français pourront acheter des produits de grande consommation dans des emballages réemployables, dans les grandes surfaces alimentaires de quatre grandes régions de l'ouest et du nord de la France (Pays de la Loire, Bretagne, Normandie, Hauts-de-France)\", a indiqué Citeo dans un communiqué, précisant que ces régions avaient été \"notamment choisies en raison de leur dynamisme sur le réemploi\".\nL'éco-organisme, qui est financé par les producteurs d'emballages pour soutenir financièrement les collectivités territoriales et organiser la collecte dans le bac jaune sur l'ensemble du territoire national, a créé des gammes de standards d’emballages accessibles en open-source. Son objectif est de \"mutualiser un parc d’emballages d’une taille inédite (30 millions d’unités en phase d’activation) entre acteurs pour optimiser les étapes de récupération, de collecte, de transport, de tri et de lavage\". À compter de mai 2025, \"les premiers emballages standardisés réemployables seront disponibles dans les grandes surfaces\", a déclaré le directeur général de Citéo, Jean Hornain, cité dans le communiqué. Il espère ainsi \"réduire l'impact environnemental des emballages\".\nHausse du prix du verre\nLa mise en production de ces emballages est prévue à partir d'octobre 2024, selon Citeo, qui table sur une installation des dispositifs de collecte en magasin à compter de mars 2025. Principaux produits concernés : les bouteilles de bière, mais également de jus de fruits, ainsi que les bocaux de conserves alimentaires.\nCette initiative, développée avec l'appui du syndicat Brasseurs de France, qui rassemble les plus grands acteurs de la filière, \"part d'un constat, la hausse des prix du verre l'année dernière lors de la crise énergétique\", a indiqué le gouvernement lors d'un point presse mercredi soir. Outre l'intérêt environnemental de la démarche, beaucoup moins énergivore que la production de nouvelles bouteilles, les acteurs de l'agroalimentaire espèrent donc également reconstituer en partie leurs marges.\n30 millions d'emballages concernés\nLes 30 millions d'emballages visés seront nettoyés dans la laverie Bout' à Bout', à Carquefou, près de Nantes, soutenue par l'État dans le cadre du plan France Relance. Le montant de la consigne qui sera reversé pour inciter les consommateurs à rapporter leurs contenants doit encore être fixé par un arrêté de la DGCCRF (direction générale de la concurrence, de la consommation et de la répression des fraudes), selon le gouvernement. L'enveloppe financière disponible au sein de l'éco-organisme pour développer le réemploi avoisine 450 millions d'euros sur six ans, selon la même source.\nAlors que cette pratique a peiné à se développer ces dernières années, le gouvernement table \"sur une échelle sensiblement différente\" cette fois et une démarche simplifiée par le grand nombre de points de collecte.",
    "highlightText": "",
    "highlightTitle": "",
    "highlightThreadTitle": "",
    "language": "french",
    "sentiment": "positive",
    "categories": [
        "Lifestyle and Leisure",
        "Environment"
    ],
    "webz_reporter": false,
    "external_links": [],
    "external_images": [],
    "entities": {
        "persons": [],
        "organizations": [],
        "locations": []
    },
    "rating": null,
    "crawled": "2024-07-05T07:49:41.921+03:00",
    "updated": "2024-07-05T07:49:41.921+03:00"
}