{
    "thread": {
        "uuid": "f02cb12fd46d11e70d597f52cd31733c5ed5ef0f",
        "url": "https://www.miragenews.com/humpbacks-happier-during-pandemic-pause-1269877",
        "site_full": "www.miragenews.com",
        "site": "miragenews.com",
        "site_section": "https://miragenews.com/wastewater-exposes-socioeconomic-ties-to-1236950",
        "site_categories": [
            "media"
        ],
        "section_title": "Wastewater Exposes Socioeconomic Ties to Alcohol Use | Mirage News",
        "title": "Humpbacks Happier During Pandemic Pause | Mirage News",
        "title_full": "Humpbacks Happier During Pandemic Pause | Mirage News",
        "published": "2024-07-04T18:42:00.000+03:00",
        "replies_count": 0,
        "participants_count": 0,
        "site_type": "news",
        "country": "AU",
        "main_image": "https://stories.uq.edu.au/news/2024/humpbacks-happier-during-pandemic-pause/assets/K5nOzI19tP/frame-at-0.000s-of-happy-humpbacks-credit-jake-linksy_1-social-cover.jpg",
        "performance_score": 0,
        "domain_rank": 11530,
        "domain_rank_updated": "2024-07-02T13:08:10.000+03:00",
        "reach": null,
        "social": {
            "facebook": {
                "likes": 0,
                "comments": 0,
                "shares": 0
            },
            "gplus": {
                "shares": 0
            },
            "pinterest": {
                "shares": 0
            },
            "linkedin": {
                "shares": 0
            },
            "stumbledupon": {
                "shares": 0
            },
            "vk": {
                "shares": 0
            }
        }
    },
    "uuid": "f02cb12fd46d11e70d597f52cd31733c5ed5ef0f",
    "url": "https://www.miragenews.com/humpbacks-happier-during-pandemic-pause-1269877",
    "ord_in_thread": 0,
    "parent_url": null,
    "author": null,
    "published": "2024-07-04T18:42:00.000+03:00",
    "title": "Humpbacks Happier During Pandemic Pause | Mirage News",
    "text": "University of Queensland-led research has found migrating humpback whales off Australia's east coast became less stressed over the first year of the COVID-19 pandemic. Dr Jake Linsky from UQ's [School of the Environment](https://environment.uq.edu.au/) led a study out of Moreton Bay Research Station to measure the health of the species during a time of unprecedented change in human activity. \"We used drone photographs and blubber samples to assess the health of eastern Australian humpback whales in the waters off Minjerribah - North Stradbroke Island - during their migration in 2020 and 2021,\" Dr Linsky said. \"This population has made one of the most successful recoveries from historical whaling, so we wanted to use the latest tools at our disposal to provide a check-up on their health.\" Image: Dana Cusano Image: Dana Cusano The researchers used drone images to measure whale size and body condition. \"These are essential indicators of energy stores used during their long annual migration and intense breeding period,\" Dr Linsky said. \"We also used small boats to approach whales and collect small samples of skin and blubber from the whales' flanks. \"These blubber samples were analysed for hormones and gene expressions related to stress, energy reserves and immune health.\" The lab results revealed significantly lower cortisol concentrations in the whales in 2021 compared to 2020. \"This change in their physiology suggests a decline in environmental stressors between the two years,\" Dr Linsky said. \"Several things happened during this period that likely contributed to our findings, including a shift in climate into La Niña and dramatic changes to human activity during the pandemic. \"Our gene expression results also raise a further hypothesis that the whales may have been responding to a decline in pollutants in their remote feeding waters. \"Previous studies have found similar changes to stress hormones in whales on the opposite side of the Antarctic continent - our findings support the idea that these changes occurred throughout the Southern Ocean.\" Image: Jake Linsky Image: Jake Linsky The researchers said the results highlight the role of migratory whales as indicators of the health of Antarctic marine ecosystems. \"Eastern Australian humpback whales have demonstrated a remarkable ability to adapt to changes in their environment, but our study emphasises the importance of mitigating human impacts so they can continue to thrive in our rapidly changing oceans,\" Dr Linsky said. \"By continuing to monitor and protect humpback whales off Australia's east coast, we can ensure their health and stability while also offering valuable insights into how other struggling whale populations might be conserved.\" The [research paper](https://doi.org/10.1016/j.marenvres.2024.106596) was published in Marine Environmental Research. Images supplied by the researchers were taken with the Cetacean Ecology Group under permit. Images and drone footage available via [Dropbox.](https://www.dropbox.com/scl/fo/8n4rda77fqfotvpppxr6c/ACoUdrcdxA38zQg8nbBtWH4?rlkey=p47vf0qiyqhol3f81who9kn8s&st=vltn55yy&dl=0) Media contact UQ Communications [here](/humpbacks-happier-during-pandemic-pause-1269877/).",
    "highlightText": "",
    "highlightTitle": "",
    "highlightThreadTitle": "",
    "language": "english",
    "sentiment": "positive",
    "categories": [
        "Health",
        "Environment"
    ],
    "webz_reporter": false,
    "external_links": [
        "https://doi.org/10.1016/j.marenvres.2024.106596",
        "https://environment.uq.edu.au/",
        "https://www.dropbox.com/scl/fo/8n4rda77fqfotvpppxr6c/ACoUdrcdxA38zQg8nbBtWH4?rlkey=p47vf0qiyqhol3f81who9kn8s&st=vltn55yy&dl=0",
        "https://www.dropbox.com/scl/fo/8n4rda77fqfotvpppxr6c/ACoUdrcdxA38zQg8nbBtWH4",
        "https://environment.uq.edu.au",
        "https://www.environment.uq.edu.au/",
        "https://www.doi.org/10.1016/j.marenvres.2024.106596",
        "https://dropbox.com/scl/fo/8n4rda77fqfotvpppxr6c/ACoUdrcdxA38zQg8nbBtWH4?rlkey=p47vf0qiyqhol3f81who9kn8s&st=vltn55yy&dl=0"
    ],
    "external_images": [],
    "entities": {
        "persons": [
            {
                "name": "linsky",
                "sentiment": "none"
            },
            {
                "name": "jake linsky",
                "sentiment": "none"
            },
            {
                "name": "dana cusano",
                "sentiment": "none"
            }
        ],
        "organizations": [
            {
                "name": "mirage news university of queensland",
                "sentiment": "negative"
            },
            {
                "name": "moreton bay research station",
                "sentiment": "none"
            }
        ],
        "locations": [
            {
                "name": "australia",
                "sentiment": "none"
            },
            {
                "name": "minjerribah",
                "sentiment": "none"
            },
            {
                "name": "north stradbroke island",
                "sentiment": "none"
            }
        ]
    },
    "rating": null,
    "crawled": "2024-07-05T04:48:14.858+03:00",
    "updated": "2024-07-05T04:51:07.744+03:00"
}