{
    "thread": {
        "uuid": "a2d87cc4ac92240723e7952793f56d77d40cb54f",
        "url": "https://www.plymouthherald.co.uk/news/property/gallery/transformed-plymouth-home-dream-house-9350247",
        "site_full": "www.plymouthherald.co.uk",
        "site": "plymouthherald.co.uk",
        "site_section": "http://www.plymouthherald.co.uk/rss.xml",
        "site_categories": [
            "media"
        ],
        "section_title": "Plymouth Live - frontpage",
        "title": "Transformed Plymouth home is a dream for house hunters - Plymouth Live",
        "title_full": "Transformed Plymouth home is a dream for house hunters - Plymouth Live",
        "published": "2024-07-05T09:52:00.000+03:00",
        "replies_count": 0,
        "participants_count": 1,
        "site_type": "news",
        "country": "GB",
        "main_image": "https://i2-prod.devonlive.com/incoming/article9350253.ece/ALTERNATES/s1200/0_GA_DCM_19062024OldLairaRoadFulfords_1jpeg.jpg",
        "performance_score": 0,
        "domain_rank": 14754,
        "domain_rank_updated": "2024-07-02T13:08:10.000+03:00",
        "reach": null,
        "social": {
            "facebook": {
                "likes": 0,
                "comments": 0,
                "shares": 0
            },
            "gplus": {
                "shares": 0
            },
            "pinterest": {
                "shares": 0
            },
            "linkedin": {
                "shares": 0
            },
            "stumbledupon": {
                "shares": 0
            },
            "vk": {
                "shares": 0
            }
        }
    },
    "uuid": "a2d87cc4ac92240723e7952793f56d77d40cb54f",
    "url": "https://www.plymouthherald.co.uk/news/property/gallery/transformed-plymouth-home-dream-house-9350247",
    "ord_in_thread": 0,
    "parent_url": null,
    "author": "Gillian Adams",
    "published": "2024-07-05T09:52:00.000+03:00",
    "title": "Transformed Plymouth home is a dream for house hunters - Plymouth Live",
    "text": "The three-bedroom property is chain free This modern three-bedroom terraced family home in Laira has been recently renovated and lies in a residential area just moments away from the city centre. This home is also brought to the market chain free. The inviting living room has contemporary finishes and a cosy atmosphere, ideal for both entertaining and unwinding after a busy day. A newly fitted modern kitchen has top-of-the-line appliances, sleek countertops, and abundant cabinet space. There’s also a breakfast room leading to the garden. A luxurious, fully-renovated bathroom boasts modern fixtures and elegant tiling is also on the ground floor. Get all the latest Westcountry property updates, including dream homes and picture-postcard villages, when you sign up for our free newsletter here. Upstairs, an open landing area can be found, along with three generously sized bedrooms, each filled with natural light and new carpets, providing ample space for furniture and storage. A beautiful rear garden laid to lawn and decking offers a serene outdoor space for dining, gardening, or simply enjoying the fresh air. The convenience of a private garage with electricity adds off-street parking, ensuring secure and easy access for vehicles. With an asking price of offers in excess of £210,000, contact Fulfords on 01752 477061 for more information.",
    "highlightText": "",
    "highlightTitle": "",
    "highlightThreadTitle": "",
    "language": "english",
    "sentiment": "positive",
    "categories": [
        "Human Interest",
        "Lifestyle and Leisure",
        "Environment"
    ],
    "webz_reporter": false,
    "external_links": [],
    "external_images": [],
    "entities": {
        "persons": [],
        "organizations": [],
        "locations": [
            {
                "name": "laira",
                "sentiment": "none"
            }
        ]
    },
    "rating": null,
    "crawled": "2024-07-05T10:58:17.230+03:00",
    "updated": "2024-07-05T10:58:17.230+03:00"
}