{
    "thread": {
        "uuid": "171ddbbd5e0a17f6f718465f0508d82249c1e644",
        "url": "https://english.news.cn/20240705/f5ac9d37c5c34ad6bef803a568617963/c.html",
        "site_full": "english.news.cn",
        "site": "news.cn",
        "site_section": "https://english.news.cn/list/latestnews.htm",
        "site_categories": [
            "media"
        ],
        "section_title": "Latest news | English.news.cn",
        "title": "Seine water quality improved as showed in recent tests-Xinhua",
        "title_full": "Seine water quality improved as showed in recent tests-Xinhua",
        "published": "2024-07-05T04:29:00.000+03:00",
        "replies_count": 0,
        "participants_count": 1,
        "site_type": "news",
        "country": "CN",
        "main_image": "",
        "performance_score": 0,
        "domain_rank": 988,
        "domain_rank_updated": "2024-07-02T13:08:10.000+03:00",
        "reach": null,
        "social": {
            "facebook": {
                "likes": 0,
                "comments": 0,
                "shares": 0
            },
            "gplus": {
                "shares": 0
            },
            "pinterest": {
                "shares": 0
            },
            "linkedin": {
                "shares": 0
            },
            "stumbledupon": {
                "shares": 0
            },
            "vk": {
                "shares": 0
            }
        }
    },
    "uuid": "171ddbbd5e0a17f6f718465f0508d82249c1e644",
    "url": "https://english.news.cn/20240705/f5ac9d37c5c34ad6bef803a568617963/c.html",
    "ord_in_thread": 0,
    "parent_url": null,
    "author": "Xinhua",
    "published": "2024-07-05T04:29:00.000+03:00",
    "title": "Seine water quality improved as showed in recent tests-Xinhua",
    "text": "PARIS, July 4 (Xinhua) -- The water quality of the Seine River has shown significant improvement just three weeks ahead of the Paris Olympic Games, where the opening ceremony will take place along the renowned river.\nTest results published by the Paris mayor's office on Thursday indicated a substantial enhancement in water quality from June 24 to July 2. The levels of E. coli bacteria at an Olympic swimming spot in central Paris fell within acceptable limits for four consecutive days, thanks to the warm and sunny weather in the French capital.\nThis marked the first time the weekly report of the Seine's water quality showed such promising results. The river is set to host the swimming leg of the triathlon on July 30-31 and August 5, as well as open-water swimming on August 8-9.\n\"This positive development is a consequence of the return of sunshine and warmth, as well as the effects of the work done as part of the strategy to improve the quality of the Seine's waters,\" the mayor's office stated.\nAdditionally, the readings for enterococci bacteria - a second key measurement of water quality - also showed significant improvement, remaining within acceptable limits every day at the Alexandre III bridge.\nSports Minister Amelie Oudea-Castera hailed the \"clear improvement in the water of the Seine's waters\" and expressed confidence that the improved readings \"enable us to envisage the competitions going ahead serenely.\"\nOver the past decade, French authorities have invested 1.4 billion euros (1.5 billion U.S. dollars) in efforts to clean up the river, including enhancing the Paris sewerage system and constructing new water treatment and storage facilities.\nThe Paris Olympic Games will take place from July 26 to August 11. ■",
    "highlightText": "",
    "highlightTitle": "",
    "highlightThreadTitle": "",
    "language": "english",
    "sentiment": "positive",
    "categories": [
        "Health",
        "Sport",
        "Environment"
    ],
    "webz_reporter": false,
    "external_links": [
        "https://www.youtube.com/user/ChinaViewTV",
        "https://www.facebook.com/XinhuaNewsAgency/",
        "https://twitter.com/XHNews",
        "https://youtube.com/user/ChinaViewTV",
        "https://www.twitter.com/XHNews",
        "https://facebook.com/XinhuaNewsAgency/",
        "https://www.facebook.com/XinhuaNewsAgency"
    ],
    "external_images": [],
    "entities": {
        "persons": [],
        "organizations": [
            {
                "name": "xinhua",
                "sentiment": "negative"
            }
        ],
        "locations": [
            {
                "name": "paris",
                "sentiment": "none"
            },
            {
                "name": "seine river",
                "sentiment": "none"
            },
            {
                "name": "paris",
                "sentiment": "none"
            },
            {
                "name": "seine",
                "sentiment": "none"
            }
        ]
    },
    "rating": null,
    "crawled": "2024-07-05T04:42:24.474+03:00",
    "updated": "2024-07-05T04:42:24.474+03:00"
}