{
    "thread": {
        "uuid": "002ea792516aeac221b201f6f1d3a202121c499c",
        "url": "https://odia.ig.com.br/angra-dos-reis/2024/07/6876595-festival-da-musica-e-ecologia-da-ilha-grande-com-tom-de-solidariedade.html",
        "site_full": "odia.ig.com.br",
        "site": "ig.com.br",
        "site_section": "https://odia.ig.com.br",
        "site_categories": [
            "media",
            "top_news"
        ],
        "section_title": "O Dia - Notícias, fotos, vídeos, Rio de Janeiro, esporte, entretenimento, diversão, colunistas e muito mais",
        "title": "Festival da Música e Ecologia da Ilha Grande com tom de solidariedade | Angra dos Reis - Rio de Janeiro | O Dia",
        "title_full": "Festival da Música e Ecologia da Ilha Grande com tom de solidariedade | Angra dos Reis - Rio de Janeiro | O Dia",
        "published": "2024-07-05T01:30:00.000+03:00",
        "replies_count": 0,
        "participants_count": 1,
        "site_type": "news",
        "country": "BR",
        "main_image": "https://odia.ig.com.br/_midias/jpg/2024/07/04/1200x750/1_53835583980_60d99cdb1d_w__1_-33329560.jpg",
        "performance_score": 0,
        "domain_rank": 4430,
        "domain_rank_updated": "2024-07-02T13:08:10.000+03:00",
        "reach": null,
        "social": {
            "facebook": {
                "likes": 0,
                "comments": 0,
                "shares": 0
            },
            "gplus": {
                "shares": 0
            },
            "pinterest": {
                "shares": 0
            },
            "linkedin": {
                "shares": 0
            },
            "stumbledupon": {
                "shares": 0
            },
            "vk": {
                "shares": 0
            }
        }
    },
    "uuid": "002ea792516aeac221b201f6f1d3a202121c499c",
    "url": "https://odia.ig.com.br/angra-dos-reis/2024/07/6876595-festival-da-musica-e-ecologia-da-ilha-grande-com-tom-de-solidariedade.html",
    "ord_in_thread": 0,
    "parent_url": null,
    "author": "O Dia",
    "published": "2024-07-05T01:30:00.000+03:00",
    "title": "Festival da Música e Ecologia da Ilha Grande com tom de solidariedade | Angra dos Reis - Rio de Janeiro | O Dia",
    "text": "Angra dos Reis - Os copos retornáveis marcarão presença em mais uma edição do Festival de Música e Ecologia da Ilha Grande, que acontece neste final de semana, na Vila do Abraão, em Angra dos Reis, na costa verde do estado. Desta vez, aqueles que desejarem levar para casa essa recordação do festival vão ajudar a matar a fome de muitas pessoas, além de preservar o meio ambiente. O copo personalizado não estará à venda. A única maneira de adquiri-lo será por meio da doação de dois quilos de alimentos não perecíveis. Os produtos arrecadados serão destinados ao programa Sesc Mesa Brasil, que, além de contribuir para combater o desperdício de comida, trabalha para reduzir a condição de insegurança alimentar de crianças, jovens, adultos e idosos. Serão três modelos de copos retornáveis feitos de polipropileno sustentável (branco, azul e verde). Eles estarão disponíveis em um estande próximo à entrada da área do Festival. - O copo retornável já está se tornando uma tradição no Festival porque, além de ajudar o meio ambiente, evitando o uso do copo descartável, tornou-se uma lembrança dos dias passados na Ilha Grande, e muitas pessoas também gostam de colecionar - destacou o secretário de Eventos, Júlio Riquelme.",
    "highlightText": "",
    "highlightTitle": "",
    "highlightThreadTitle": "",
    "language": "portuguese",
    "sentiment": "positive",
    "categories": [
        "Arts, Culture and Entertainment",
        "Human Interest",
        "Environment"
    ],
    "webz_reporter": false,
    "external_links": [],
    "external_images": [],
    "entities": {
        "persons": [],
        "organizations": [],
        "locations": []
    },
    "rating": null,
    "crawled": "2024-07-05T02:44:53.172+03:00",
    "updated": "2024-07-05T02:44:53.172+03:00"
}