{
    "thread": {
        "uuid": "c6dc981e2f924b8dffc118234432bf195dbaa14c",
        "url": "https://economia.ig.com.br/parceiros/esginsights/2024-07-04/para-a-b3--brasil-se-destaca-na-adocao-de-padroes-de-sustentabilidade-pelas-empresas.html",
        "site_full": "economia.ig.com.br",
        "site": "ig.com.br",
        "site_section": "https://economia.ig.com.br/rss.xml",
        "site_categories": [
            "financial_news",
            "finance",
            "top_news"
        ],
        "section_title": "iG Economia - Notícias sobre a Bolsa, Finanças e Investimentos",
        "title": "Para a B3, Brasil se destaca na adoção de padrões de sustentabilidade pelas empresas",
        "title_full": "Para a B3, Brasil se destaca na adoção de padrões de sustentabilidade pelas empresas",
        "published": "2024-07-04T19:39:00.000+03:00",
        "replies_count": 0,
        "participants_count": 1,
        "site_type": "news",
        "country": "BR",
        "main_image": "https://i0.statig.com.br/bancodeimagens/3m/wo/l6/3mwol608t7834gbynmphnx1bs.jpg",
        "performance_score": 0,
        "domain_rank": 4430,
        "domain_rank_updated": "2024-07-02T13:08:10.000+03:00",
        "reach": null,
        "social": {
            "facebook": {
                "likes": 0,
                "comments": 0,
                "shares": 0
            },
            "gplus": {
                "shares": 0
            },
            "pinterest": {
                "shares": 0
            },
            "linkedin": {
                "shares": 0
            },
            "stumbledupon": {
                "shares": 0
            },
            "vk": {
                "shares": 0
            }
        }
    },
    "uuid": "c6dc981e2f924b8dffc118234432bf195dbaa14c",
    "url": "https://economia.ig.com.br/parceiros/esginsights/2024-07-04/para-a-b3--brasil-se-destaca-na-adocao-de-padroes-de-sustentabilidade-pelas-empresas.html",
    "ord_in_thread": 0,
    "parent_url": null,
    "author": "ESG Insights",
    "published": "2024-07-04T19:39:00.000+03:00",
    "title": "Para a B3, Brasil se destaca na adoção de padrões de sustentabilidade pelas empresas",
    "text": "POR\nBÁRBARA VETOS\n“O papel do Brasil é de liderança”, afirma Cesar Sanches, superintendente de sustentabilidade da B3, sobre aplicação de padrões ESG pelas empresas. Com a resolução 193 da Comissão de Valores Mobiliários (CVM) em 2023, o país passou a ser o primeiro no mundo a exigir a adoção de normas internacionais definidas pelo International Sustainability Standards Board (ISSB), da IFRS Foundation.\n“É um momento importante que temos entre G20 e COP30, em que o mundo inteiro olha para cá e podemos usar isso para conquistar maior tração, liderança e protagonismo”, explica Sanches. Ele defende que, mais do que na implementação do ISSB, o país também tem potencial para se sobressair na pauta de descarbonização.\nO ISSB estabelece um conjunto de critérios para relatórios de sustentabilidade e tem como objetivo padronizar e garantir maior transparência na divulgação de dados de caráter ESG por parte das companhias. “Com isso, todo mundo ganha: os investidores, as empresas, a sociedade”, comenta o superintendente.\nDe acordo com uma\npesquisa\ndivulgada em abril pela PwC Brasil, a maior parte das empresas está em fase de entendimento das normas. Quase 60% ainda não definiram os papéis e as responsabilidades para a preparação das divulgações relacionadas à sustentabilidade.\nSanches explica que a expectativa não é que as organizações apresentem um relatório perfeito logo no primeiro ano de adoção. “Tudo isso é uma construção. O importante é iniciar esse trabalho e fazer o melhor possível.”\nIntegração com GRI e outros padrões\nA IFRS Foundation anunciou no último mês algumas mudanças nos padrões do ISSB, a fim de promover maior objetividade e consistência nos relatórios de sustentabilidade.\nA fundação disse que vai buscar integrar de forma mais efetiva as normas ISSB com parâmetros definidos por outros órgãos, como o Transition Plan Taskforce, GHG Protocol (Protocolo de Gases de Efeito Estufa, GEE), Carbon Disclosure Project (CDP), Taskforce on Nature-Related Financial Disclosures (TNFD) e Global Reporting Initiative (GRI), o principal padrão utilizado pelas empresas para a criação de relatórios de sustentabilidade corporativa.\nSegundo o ISSB, mais de 20 jurisdições (países ou regiões) já decidiram usar ou estão tomando medidas para introduzir esses padrões em seus quadros legais ou regulatórios. Juntas, elas representam quase 55% do produto interno bruto (PIB) global e mais de 40% da capitalização de mercado global.\nDivulgação de relatórios baseados no ISSB ainda é facultativa\nA resolução 193 da Comissão de Valores Mobiliários (CVM), publicada no final do ano passado, tornou a divulgação de informações relacionadas a práticas ESG facultativa a partir de 2024 e obrigatória a partir de 2026 por empresas de capital aberto.\n-\nCVM lança resolução para adoção de indicadores ESG por companhias abertas\n-\n“Orientação da CVM é um grande passo em prol de um mercado de capitais mais sustentável”, diz especialista\nNa visão do profissional da B3, a CVM 193 foi uma boa estratégia adotada pelo Brasil. “Isso vai colocar a gente na liderança. Vai manter, na verdade, porque já estamos na liderança nesta frente.”\nEle explica que é um processo novo para as empresas, que estão acostumadas a olhar e pensar nesses dados no passado. A implementação das normas ISSB foi um dos temas abordados por Sanches e outros palestrantes durante a Febraban Tech 2024, realizada na semana passada em São Paulo. “Quando olhamos para o futuro, não é tentando prever, mas exercitar alguns cenários para construir estratégias para uma organização mais resiliente e um futuro mais justo.”\nImportância e desafios na adoção de normas de sustentabilidade pelas empresas\nSegundo o levantamento da PwC, os principais desafios das companhias na adoção de normas de sustentabilidade estão relacionados à integração entre as áreas da organização que atuam em diferentes frentes, à preparação das informações quantitativas sobre os riscos e as oportunidades relacionados à sustentabilidade. Outro problema observado foi a necessidade de publicar as informações sobre sustentabilidade na mesma data que as demonstrações financeiras.\nPara Sanches, além da dificuldade de coleta e compreensão da materialidade dos dados, existe a questão das emissões financiadas (escopo 3) – emissões indiretas e que dizem respeito à atividade do restante da cadeia de trabalho.\n“Existe todo um esforço para ajudar os atores de mercado a conseguirem um melhor reporting , com mais transparência, acesso à informação, oportunidades de investimento, e reduzindo riscos relacionados a greenwashing ”, comenta. Como consequência, a empresa pode ter ganhos de reputação e interoperabilidade, ajudando a tornar-se mais competitiva, inovadora, e eficiente em sua gestão.\n“Eu encaro [a adoção de normas] não como uma carga extra, mas como uma oportunidade de ser mais vocal, de levar essa informação para investidores em todo o mundo e mostrar que fazemos um trabalho excelente e somos líderes nisso”, enfatiza o superintendente da B3.\n-\nNewsletter ESG Insights– Grátis: receba um resumo semanal de notícias no seu e-mail .\nÚLTIMAS NOTÍCIAS\n-\nPara a B3, Brasil se destaca na adoção de padrões de sustentabilidade pelas empresasAdesão de normas do ISSB podem ajudar empresas a garantirem maior transparência, oportunidades e redução de riscos aos investidores\n-\nEscalada da crise climática e urgência de um novo modelo de sociedadeNão faltam alertas para chamar a atenção contra as tragédias ambientais recentes que se sucedem. Por que, então, nada vem sendo feito?\n-\nO papel das mulheres na construção de um futuro ESGPara Danielle Ciotta, coordenadora do livro A voz feminina da sustentabilidade, as mulheres estão impulsionando ESG nas empresas por meio de um olhar mais sensível\n-\nNove dicas para construir um programa de Escopo 3 na sua empresaControlar as emissões indiretas de gases de efeito estufa é um dos grandes desafios para as companhias. Veja um passo a passo para progredir nesse objetivo\n-\nAgenda ESG: cursos e eventos da semana – 1/7Seleção de oportunidades do ESG Insights\n-\nGarimpo (legal) da semana ESG – 29/6Discussões da agenda ESG nos últimos dias\n-\nResumo da semana ESG: geração Z e ESG, ranking ESG, empresas sustentáveisPrincipais discussões ESG que permearam a semana\n-\nLula sanciona criação do programa MoverPrograma Mobilidade Verde e Inovação tem o objetivo de criar incentivos para a fabricação de veículos menos poluentes\n-\nNatura, Boticário e Sírio-Libanês são top 3 em ranking ESG 202310ª edição do ranking da Merco traz também o top 10 por pilar do ESG; veja a relação completa\n-\nMoradores do rio Amazonas sentem os efeitos das mudanças climáticasPopulação enfrenta rios com águas salgadas e produção de açaí prejudicada\nO post\nPara a B3, Brasil se destaca na adoção de padrões de sustentabilidade pelas empresas\napareceu primeiro em ESG Insights\n.",
    "highlightText": "",
    "highlightTitle": "",
    "highlightThreadTitle": "",
    "language": "portuguese",
    "sentiment": "positive",
    "categories": [
        "Corporate Governance and CSR",
        "Environment"
    ],
    "webz_reporter": false,
    "external_links": [
        "https://esginsights.com.br/resumo-da-semana-esg-geracao-z-e-esg-ranking-esg-empresas-sustentaveis/",
        "https://esginsights.com.br/orientacao-da-cvm-e-um-grande-passo-em-prol-de-um-mercado-de-capitais-mais-sustentavel-diz-especialista/",
        "https://esginsights.com.br/moradores-do-rio-amazonas-sentem-os-efeitos-das-mudancas-climaticas/",
        "https://esginsights.com.br",
        "https://esginsights.com.br/escalada-da-crise-climatica-e-urgencia-de-um-novo-modelo-de-sociedade/",
        "https://esginsights.com.br/tag/barbara-vetos/",
        "https://esginsights.com.br/lula-sanciona-criacao-do-programa-mover/",
        "https://mailchi.mp/47fbb5f15612/esginsights?utm_source=post&utm_campaign=bloco_compartilhamento",
        "https://esginsights.com.br/garimpo-legal-da-semana-esg-29-6/",
        "https://esginsights.com.br/para-a-b3-brasil-se-destaca-na-adocao-de-padroes-de-sustentabilidade-pelas-empresas/",
        "https://esginsights.com.br/nove-dicas-para-construir-um-programa-de-escopo-3-nas-empresas/",
        "https://esginsights.com.br/natura-boticario-e-sirio-libanes-sao-top3-em-ranking-esg-2023/",
        "https://esginsights.com.br/agenda-esg-cursos-e-eventos-da-semana-1-7/",
        "https://esginsights.com.br/cvm-lanca-resolucao-para-adocao-de-indicadores-esg-por-companhias-abertas/",
        "https://www.pwc.com.br/pt/estudos/servicos/auditoria/2024/panorama-atual-da-implementacao-do-international-sustainability-standards-board-ISSB-no-brasil.html",
        "https://esginsights.com.br/o-papel-das-mulheres-na-construcao-de-um-futuro-esg/",
        "https://www.esginsights.com.br/agenda-esg-cursos-e-eventos-da-semana-1-7/",
        "https://mailchi.mp/47fbb5f15612/esginsights",
        "https://esginsights.com.br/cvm-lanca-resolucao-para-adocao-de-indicadores-esg-por-companhias-abertas",
        "https://esginsights.com.br/resumo-da-semana-esg-geracao-z-e-esg-ranking-esg-empresas-sustentaveis",
        "https://www.esginsights.com.br/cvm-lanca-resolucao-para-adocao-de-indicadores-esg-por-companhias-abertas/",
        "https://www.esginsights.com.br/para-a-b3-brasil-se-destaca-na-adocao-de-padroes-de-sustentabilidade-pelas-empresas/",
        "https://www.esginsights.com.br/nove-dicas-para-construir-um-programa-de-escopo-3-nas-empresas/",
        "https://esginsights.com.br/para-a-b3-brasil-se-destaca-na-adocao-de-padroes-de-sustentabilidade-pelas-empresas",
        "https://www.mailchi.mp/47fbb5f15612/esginsights?utm_source=post&utm_campaign=bloco_compartilhamento",
        "https://esginsights.com.br/garimpo-legal-da-semana-esg-29-6",
        "https://www.esginsights.com.br/moradores-do-rio-amazonas-sentem-os-efeitos-das-mudancas-climaticas/",
        "https://esginsights.com.br/agenda-esg-cursos-e-eventos-da-semana-1-7",
        "https://www.esginsights.com.br/resumo-da-semana-esg-geracao-z-e-esg-ranking-esg-empresas-sustentaveis/",
        "https://esginsights.com.br/natura-boticario-e-sirio-libanes-sao-top3-em-ranking-esg-2023",
        "https://esginsights.com.br/tag/barbara-vetos",
        "https://www.esginsights.com.br/natura-boticario-e-sirio-libanes-sao-top3-em-ranking-esg-2023/",
        "https://www.esginsights.com.br/o-papel-das-mulheres-na-construcao-de-um-futuro-esg/",
        "https://esginsights.com.br/o-papel-das-mulheres-na-construcao-de-um-futuro-esg",
        "https://www.esginsights.com.br/tag/barbara-vetos/",
        "https://www.esginsights.com.br/lula-sanciona-criacao-do-programa-mover/",
        "https://www.esginsights.com.br/orientacao-da-cvm-e-um-grande-passo-em-prol-de-um-mercado-de-capitais-mais-sustentavel-diz-especialista/",
        "https://esginsights.com.br/moradores-do-rio-amazonas-sentem-os-efeitos-das-mudancas-climaticas",
        "https://esginsights.com.br/orientacao-da-cvm-e-um-grande-passo-em-prol-de-um-mercado-de-capitais-mais-sustentavel-diz-especialista",
        "https://pwc.com.br/pt/estudos/servicos/auditoria/2024/panorama-atual-da-implementacao-do-international-sustainability-standards-board-ISSB-no-brasil.html",
        "https://esginsights.com.br/lula-sanciona-criacao-do-programa-mover",
        "https://www.esginsights.com.br",
        "https://www.esginsights.com.br/garimpo-legal-da-semana-esg-29-6/",
        "https://esginsights.com.br/escalada-da-crise-climatica-e-urgencia-de-um-novo-modelo-de-sociedade",
        "https://esginsights.com.br/nove-dicas-para-construir-um-programa-de-escopo-3-nas-empresas",
        "https://www.esginsights.com.br/escalada-da-crise-climatica-e-urgencia-de-um-novo-modelo-de-sociedade/"
    ],
    "external_images": [],
    "entities": {
        "persons": [],
        "organizations": [],
        "locations": []
    },
    "rating": null,
    "crawled": "2024-07-05T04:45:22.887+03:00",
    "updated": "2024-07-05T04:45:22.887+03:00"
}