{
    "thread": {
        "uuid": "6070d49c60a3f65be052d6f6a0ab1918990a5d79",
        "url": "https://es-us.noticias.yahoo.com/deportes/ballenas-felices-pandemia-covid-revela-061827614.html",
        "site_full": "es-us.noticias.yahoo.com",
        "site": "yahoo.com",
        "site_section": "https://es-us.noticias.yahoo.com/",
        "site_categories": [
            "search_engine",
            "media",
            "tech",
            "top_news"
        ],
        "section_title": "Noticias e información de última hora en Yahoo en Espanol",
        "title": "Las ballenas fueron más felices durante la pandemia de la covid, revela estudio científico",
        "title_full": "Las ballenas fueron más felices durante la pandemia de la covid, revela estudio científico",
        "published": "2024-07-05T09:18:00.000+03:00",
        "replies_count": 0,
        "participants_count": 1,
        "site_type": "news",
        "country": "US",
        "main_image": "https://s.yimg.com/ny/api/res/1.2/kWTJ13NGZQQIpqIe5slMiA--/YXBwaWQ9aGlnaGxhbmRlcjt3PTEyMDA7aD04MDA-/https://media.zenfs.com/es/efe.es/cc002ffe99f3bb9d8c4e0acce7ab3122",
        "performance_score": 0,
        "domain_rank": 37,
        "domain_rank_updated": "2024-07-02T13:08:10.000+03:00",
        "reach": null,
        "social": {
            "facebook": {
                "likes": 0,
                "comments": 0,
                "shares": 0
            },
            "gplus": {
                "shares": 0
            },
            "pinterest": {
                "shares": 0
            },
            "linkedin": {
                "shares": 0
            },
            "stumbledupon": {
                "shares": 0
            },
            "vk": {
                "shares": 0
            }
        }
    },
    "uuid": "6070d49c60a3f65be052d6f6a0ab1918990a5d79",
    "url": "https://es-us.noticias.yahoo.com/deportes/ballenas-felices-pandemia-covid-revela-061827614.html",
    "ord_in_thread": 0,
    "parent_url": null,
    "author": "yahoo",
    "published": "2024-07-05T09:18:00.000+03:00",
    "title": "Las ballenas fueron más felices durante la pandemia de la covid, revela estudio científico",
    "text": "Leer todo el artículo EFE Latam Las ballenas fueron más felices durante la pandemia de la covid, revela estudio científico Agencia EFE 5 de julio de 2024, 9:18 a.m. · 2 min de lectura Enlace copiado\nSídney (Australia), 5 jul (EFE).- Las ballenas jorobadas que migran anualmente por la costa este de Australia fueron más felices durante el primer año de la pademia de covid-19, cuando el país oceánico aplicó estrictas medidas de confinamiento a su población, reveló un estudio científico publicado este viernes.\nLa investigación realizada por científicos de la Universidad de Queensland se apoyó en imágenes tomadas por drones y las muestras de grasa extraídas de varios ejemplares de ballenas jorobadas que transitaron en las aguas cercanas a la Isla North Stradbroke, a unos 100 kilómetros del sur de la ciudad de Brisbane.\nLas imágenes permitieron observar la condición corporal y las reservas energéticas de las ballenas jorobadas (Megaptera novaeangliae) durante su larga migración anual -entre las aguas antártidas y zonas ecuatoriales a través de la costa australiana- y su intenso período de crianza.\nAsimismo, los científicos midieron genéticamente las concentraciones hormonales de la grasa (cortisol y testosterona) \"durante un periodo de cambios sin precedentes en la actividad antropogénica y los procesos naturales\", según el artículo sobre este estudio publicado en la revista Marine Environment research.\nEl análisis de las muestras reveló concentraciones de cortisol significativamente más bajas en las ballenas estudiadas en 2021, en comparación con el año anterior.\n\"Este cambio en su fisiología sugiere una disminución de los factores de estrés ambiental entre estos dos años\", dijo el autor principal de este estudio, Jake Linsky, de la Facultad de Medio Ambiente de la Universidad de Queensland, en un comunicado publicado hoy por la institución educativa australiana.\nA lo largo de 2020, se aplicaron estrictas medidas de confinamiento y restricción de movimiento en casi todo el planeta a raíz de la pandemia de la covid, mientras que a la par se iniciaba el fenómeno meteorológico de La Niña, que los científicos apuntan que también pudo tener cierta influencia en el descenso de estrés.\nLos resultados genéticos \"plantean la hipótesis de que las ballenas pueden haber estado respondiendo a una disminución de los contaminantes en sus remotas aguas de alimentación\", puntualizó el científico.\nLinsky también destacó la resiliencia de esta especie que \"ha logrado una de las recuperaciones más exitosas tras la caza histórica de ballenas\".\nEstudios previos ya han registrado cambios similares en las hormonas del estrés en las ballenas en el lado opuesto del continente antártico, aunque los científicos de la Universidad de Queensland sugieren que la nueva investigación podría dar cuenta de que se trató de un incidente generalizado en todo el Océano Austral.\nLa ballena jorobada, también conocida como yubarta, es un cetáceo de 40 toneladas de peso que puede llegar a medir 20 metros, con un cuerpo característico que recuerda a una joroba.\nLa población de ballenas jorobadas de Australia, que tiene dos poblaciones migratorias que navegan por sus costas oeste y este, es de 70.000 ejemplares, un número que ha ido aumentando por las medidas de protección implementadas por el país. EFE\nwat/nc/cc\n(fotos) (vídeo)\n(c) Agencia EFE",
    "highlightText": "",
    "highlightTitle": "",
    "highlightThreadTitle": "",
    "language": "spanish",
    "sentiment": "positive",
    "categories": [
        "Health",
        "Human Interest",
        "Environment"
    ],
    "webz_reporter": false,
    "external_links": [
        "https://s.yimg.com/ny/api/res/1.2/Bp0TeTN82FxgPK.KN5OEUQ--/YXBwaWQ9aGlnaGxhbmRlcjt3PTI0MDA7aD0xMzUw/https://media.zenfs.com/es/efe.es/df4a696a48f6112a6983d8bb22b3b263",
        "https://s.yimg.com/ny/api/res/1.2/XEgm9c14wtNqouIp.Porxw--/YXBwaWQ9aGlnaGxhbmRlcjt3PTUwO2g9NjA-/https://s.yimg.com/os/creatr-uploaded-images/2020-12/2ae63650-3578-11eb-b7bf-dd5381c63b89",
        "https://www.facebook.com/dialog/feed?app_id=458584288257241&link=https%3A%2F%2Fes-us.noticias.yahoo.com%2Fdeportes%2Fballenas-felices-pandemia-covid-revela-061827614.html%3Fsoc_src%3Dsocial-sh%26soc_trk%3Dfb%26tsrc%3Dfb",
        "https://s.yimg.com/os/creatr-uploaded-images/2020-12/2ae63650-3578-11eb-b7bf-dd5381c63b89",
        "https://s.yimg.com/ny/api/res/1.2/kWTJ13NGZQQIpqIe5slMiA--/YXBwaWQ9aGlnaGxhbmRlcjt3PTEyMDA7aD04MDA-/https://media.zenfs.com/es/efe.es/cc002ffe99f3bb9d8c4e0acce7ab3122",
        "https://s.yimg.com/ny/api/res/1.2/QDUa9Qccqm.jtxMhX2ikBg--/YXBwaWQ9aGlnaGxhbmRlcjt3PTk2MDtoPTU0MA--/https://media.zenfs.com/es/efe.es/df4a696a48f6112a6983d8bb22b3b263",
        "https://s.yimg.com/ny/api/res/1.2/yr83ljVUvAKaABg3hRrU8A--/YXBwaWQ9aGlnaGxhbmRlcjt3PTI0MDA7aD0xMzUw/https://media.zenfs.com/es/efe.es/af62d03d419d9119191bab3fd061cc5e",
        "https://s.yimg.com/ny/api/res/1.2/wP3qNuOmeWsVs2qMbnChaQ--/YXBwaWQ9aGlnaGxhbmRlcjt3PTk2MDtoPTU0MA--/https://media.zenfs.com/es/efe.es/af62d03d419d9119191bab3fd061cc5e",
        "https://www.efe.com/efe/usa/5",
        "https://twitter.com/intent/tweet?text=Las%20ballenas%20fueron%20m%C3%A1s%20felices%20durante%20la%20pandemia%20de%20la%20covid%2C%20revela%20estudio%20cient%C3%ADfico&url=https%3A%2F%2Fes-us.noticias.yahoo.com%2Fdeportes%2Fballenas-felices-pandemia-covid-revela-061827614.html%3Fsoc_src%3Dsocial-sh%26soc_trk%3Dtw%26tsrc%3Dtwtr&via=Yahoo",
        "https://www.s.yimg.com/ny/api/res/1.2/yr83ljVUvAKaABg3hRrU8A--/YXBwaWQ9aGlnaGxhbmRlcjt3PTI0MDA7aD0xMzUw/https://www.media.zenfs.com/es/efe.es/af62d03d419d9119191bab3fd061cc5e",
        "https://www.facebook.com/dialog/feed",
        "https://www.s.yimg.com/os/creatr-uploaded-images/2020-12/2ae63650-3578-11eb-b7bf-dd5381c63b89",
        "https://www.s.yimg.com/ny/api/res/1.2/XEgm9c14wtNqouIp.Porxw--/YXBwaWQ9aGlnaGxhbmRlcjt3PTUwO2g9NjA-/https://www.s.yimg.com/os/creatr-uploaded-images/2020-12/2ae63650-3578-11eb-b7bf-dd5381c63b89",
        "https://www.s.yimg.com/ny/api/res/1.2/Bp0TeTN82FxgPK.KN5OEUQ--/YXBwaWQ9aGlnaGxhbmRlcjt3PTI0MDA7aD0xMzUw/https://www.media.zenfs.com/es/efe.es/df4a696a48f6112a6983d8bb22b3b263",
        "https://www.s.yimg.com/ny/api/res/1.2/kWTJ13NGZQQIpqIe5slMiA--/YXBwaWQ9aGlnaGxhbmRlcjt3PTEyMDA7aD04MDA-/https://www.media.zenfs.com/es/efe.es/cc002ffe99f3bb9d8c4e0acce7ab3122",
        "https://www.twitter.com/intent/tweet?text=Las%20ballenas%20fueron%20m%C3%A1s%20felices%20durante%20la%20pandemia%20de%20la%20covid%2C%20revela%20estudio%20cient%C3%ADfico&url=https%3A%2F%2Fes-us.noticias.yahoo.com%2Fdeportes%2Fballenas-felices-pandemia-covid-revela-061827614.html%3Fsoc_src%3Dsocial-sh%26soc_trk%3Dtw%26tsrc%3Dtwtr&via=Yahoo",
        "https://efe.com/efe/usa/5",
        "https://www.s.yimg.com/ny/api/res/1.2/wP3qNuOmeWsVs2qMbnChaQ--/YXBwaWQ9aGlnaGxhbmRlcjt3PTk2MDtoPTU0MA--/https://www.media.zenfs.com/es/efe.es/af62d03d419d9119191bab3fd061cc5e",
        "https://facebook.com/dialog/feed?app_id=458584288257241&link=https%3A%2F%2Fes-us.noticias.yahoo.com%2Fdeportes%2Fballenas-felices-pandemia-covid-revela-061827614.html%3Fsoc_src%3Dsocial-sh%26soc_trk%3Dfb%26tsrc%3Dfb",
        "https://twitter.com/intent/tweet",
        "https://www.s.yimg.com/ny/api/res/1.2/QDUa9Qccqm.jtxMhX2ikBg--/YXBwaWQ9aGlnaGxhbmRlcjt3PTk2MDtoPTU0MA--/https://www.media.zenfs.com/es/efe.es/df4a696a48f6112a6983d8bb22b3b263"
    ],
    "external_images": [],
    "entities": {
        "persons": [],
        "organizations": [],
        "locations": []
    },
    "rating": null,
    "crawled": "2024-07-05T09:37:07.099+03:00",
    "updated": "2024-07-05T09:37:07.099+03:00"
}