{
    "thread": {
        "uuid": "06af8916f93dcdaaf1cd76dc0f90c6bc0bc61195",
        "url": "https://www.wbfo.org/2024-07-04/as-heat-waves-intensify-more-public-housing-residents-may-get-help-with-ac-bills",
        "site_full": "www.wbfo.org",
        "site": "wbfo.org",
        "site_section": "http://www.wbfo.org/",
        "site_categories": [],
        "section_title": "Homepage - WBFO | WBFO",
        "title": "As heat waves intensify, more public housing residents may get help with AC bills | WBFO",
        "title_full": "As heat waves intensify, more public housing residents may get help with AC bills | WBFO",
        "published": "2024-07-05T00:00:00.000+03:00",
        "replies_count": 0,
        "participants_count": 1,
        "site_type": "news",
        "country": "US",
        "main_image": "https://npr.brightspotcdn.com/dims4/default/15ac4c8/2147483647/strip/true/resize/1200x630!/quality/90/?url=https%3A%2F%2Fnpr.brightspotcdn.com%2Fdims3%2Fdefault%2Fstrip%2Ffalse%2Fcrop%2F6976x5232%20436%200%2Fresize%2F6976x5232%21%2F%3Furl%3Dhttp%3A%2F%2Fnpr-brightspot.s3.amazonaws.com%2F9e%2Fe0%2F72fa9ace48999dbedc065e6fa1b7%2Fap24179092509990.jpg",
        "performance_score": 0,
        "domain_rank": 76002,
        "domain_rank_updated": "2024-07-02T13:08:21.000+03:00",
        "reach": null,
        "social": {
            "facebook": {
                "likes": 0,
                "comments": 0,
                "shares": 0
            },
            "gplus": {
                "shares": 0
            },
            "pinterest": {
                "shares": 0
            },
            "linkedin": {
                "shares": 0
            },
            "stumbledupon": {
                "shares": 0
            },
            "vk": {
                "shares": 0
            }
        }
    },
    "uuid": "06af8916f93dcdaaf1cd76dc0f90c6bc0bc61195",
    "url": "https://www.wbfo.org/2024-07-04/as-heat-waves-intensify-more-public-housing-residents-may-get-help-with-ac-bills",
    "ord_in_thread": 0,
    "parent_url": null,
    "author": "Jennifer Ludden",
    "published": "2024-07-05T00:00:00.000+03:00",
    "title": "As heat waves intensify, more public housing residents may get help with AC bills | WBFO",
    "text": "As heat waves intensify, more public housing residents may get help with AC bills The summer has already been a scorcher and heat alerts across the country could lead to more records broken. Public housing residents, many elderly, children or sick, are [disproportionately vulnerable](https://www.npr.org/2023/08/01/1190885287/extreme-heat-public-housing-air-conditioning-hud) to heat illness, yet there’s no federal mandate to provide them air conditioning. In fact, until last month the Department of Housing and Urban Development allowed local housing agencies to subsidize tenants’ heating bills, but — with some exceptions — explicitly said they could not pay for cooling bills. New [guidance](https://www.hud.gov/press/press_releases_media_advisories/hud_no_24_145) changes that, though critics say it still [falls short](https://www.npr.org/2024/06/27/nx-s1-5021537/public-housing-buildings-can-now-pay-for-residents-acs-providing-relief-to-many). “We must protect the health and safety of our families during increasingly severe weather events, like extreme heat, that can cause grave harm and even death to any member of our community,” said HUD Acting Secretary Adrianne Todman in a [statement](https://www.hud.gov/press/press_releases_media_advisories/hud_no_24_145) announcing the change last month. Several public housing residents were among the hundreds who died when a [heat wave struck](https://www.npr.org/2022/07/27/1114075017/heat-wave-lessons-learned-in-pacific-northwest) the Pacific Northwest in 2021. Last year, Portland public housing resident Beth Vansmith [told NPR](https://www.npr.org/2023/08/01/1190885287/extreme-heat-public-housing-air-conditioning-hud) she remembers how awful she felt at that time, with no air conditioner and temperatures soaring up to 116. \"I would get dizzy. I would get nauseous. You know, I'd lose my appetite completely, and it was just so miserably hot,\" she said. Much public housing was built before central air was common, and at a time when it was not necessary in many parts of the country. Yet even as [climate-fueled heat waves](https://www.npr.org/2024/06/10/nx-s1-4842299/climate-disasters-death-tolls) grow more intense and frequent, public housing residents who want an AC unit must buy it themselves. And some who do often hesitate to use it because of the added cost to their electric bill. Now, local housing agencies will be allowed to subsidize cooling costs during a severe heat period. HUD has spelled out its own definition of that: two to three days of intense heat and humidity, with temperatures reaching at least 90 degrees. But local agencies can decide on their own definition of what will trigger cooling subsidies. “We are providing maximum local control and decision-making for an issue that impacts more and more communities across the country each year,” said Richard Monocchio, with HUD’s Office of Public and Indian Housing. Still, the change comes with other caveats that critics say could limit its impact. Paying for cooling costs is not required, and tenants must ask for the help “This is a very small step,” says Daniel Carpenter-Gold, a staff attorney with the Public Health Law Center in St. Paul, Minn. “It doesn't do anything if the resident doesn't have air conditioning or some other form of cooling.” For those who do have their own AC, Carpenter-Gold says there’s still no mandate to subsidize cooling costs. Local agencies will simply have the option to do that. And — crucially — the burden is on a tenant to ask for the help. Carpenter-Gold says a public housing agency is functionally a landlord, inherently a tricky relationship, and that could make this a hard ask for some people. What’s more, he says it’s not clear how the message of this new option will be put out to people. “They might not get the notice in the first place that this is a thing,” he says. “And the residents might not apply in time for them to actually feel like they can turn on their AC … when the heat strikes.” Even agencies eager to help will need to come up with a whole new system to approve and organize payments, he says, but many of them are cash-strapped and understaffed. In 2022, the Public Health Law Center and other groups [petitioned](https://www.publichealthlawcenter.org/sites/default/files/resources/public-housing-petition.pdf) HUD to subsidize cooling costs for all tenants, just as it does for heating. Carpenter-Gold says HUD could make that change on its own, but it would be a long, bureaucratic process to get done. In the meantime, a growing number of local housing agencies have scrambled to find [funding](https://www.houstonpublicmedia.org/articles/infrastructure/2023/08/08/459053/public-housing-will-receive-air-conditioning-from-houston-housing-authoritys-heat-relief-initiative/) on their own to [provide](https://www.miamiherald.com/news/local/environment/climate-change/article280348599.html) air-conditioning for tenants. And some are tapping into funding for clean energy retrofits that President [Biden pushed Congress](https://www.npr.org/2022/07/29/1114216967/climate-experts-experience-an-odd-sensation-after-the-manchin-budget-deal-optimi) to pass. HUD is encouraging agencies to switch to solar or heat pumps, which can reduce not only carbon emissions but also tenants’ bills. And its new heat guide also touts painting roofs and sidewalks white and constructing shady areas around buildings. Those things can help bring down overall temperatures, even if residents don’t have AC in their apartments. Copyright 2024 NPR",
    "highlightText": "",
    "highlightTitle": "",
    "highlightThreadTitle": "",
    "language": "english",
    "sentiment": "positive",
    "categories": [
        "Social Issue",
        "Environment"
    ],
    "webz_reporter": false,
    "external_links": [
        "https://www.npr.org/2024/06/10/nx-s1-4842299/climate-disasters-death-tolls)",
        "https://www.hud.gov/press/press_releases_media_advisories/hud_no_24_145)",
        "https://www.npr.org/2022/07/27/1114075017/heat-wave-lessons-learned-in-pacific-northwest)",
        "https://www.miamiherald.com/news/local/environment/climate-change/article280348599.html)",
        "https://www.npr.org/2023/08/01/1190885287/extreme-heat-public-housing-air-conditioning-hud)",
        "https://www.npr.org/2024/06/27/nx-s1-5021537/public-housing-buildings-can-now-pay-for-residents-acs-providing-relief-to-many).",
        "https://www.publichealthlawcenter.org/sites/default/files/resources/public-housing-petition.pdf)",
        "https://www.houstonpublicmedia.org/articles/infrastructure/2023/08/08/459053/public-housing-will-receive-air-conditioning-from-houston-housing-authoritys-heat-relief-initiative/)",
        "https://www.npr.org/2022/07/29/1114216967/climate-experts-experience-an-odd-sensation-after-the-manchin-budget-deal-optimi)",
        "https://npr.org/2022/07/27/1114075017/heat-wave-lessons-learned-in-pacific-northwest)",
        "https://npr.org/2024/06/10/nx-s1-4842299/climate-disasters-death-tolls)",
        "https://houstonpublicmedia.org/articles/infrastructure/2023/08/08/459053/public-housing-will-receive-air-conditioning-from-houston-housing-authoritys-heat-relief-initiative/)",
        "https://publichealthlawcenter.org/sites/default/files/resources/public-housing-petition.pdf)",
        "https://npr.org/2024/06/27/nx-s1-5021537/public-housing-buildings-can-now-pay-for-residents-acs-providing-relief-to-many).",
        "https://hud.gov/press/press_releases_media_advisories/hud_no_24_145)",
        "https://npr.org/2023/08/01/1190885287/extreme-heat-public-housing-air-conditioning-hud)",
        "https://npr.org/2022/07/29/1114216967/climate-experts-experience-an-odd-sensation-after-the-manchin-budget-deal-optimi)",
        "https://miamiherald.com/news/local/environment/climate-change/article280348599.html)"
    ],
    "external_images": [],
    "entities": {
        "persons": [],
        "organizations": [
            {
                "name": "ac",
                "sentiment": "positive"
            },
            {
                "name": "department of housing and urban development",
                "sentiment": "none"
            }
        ],
        "locations": []
    },
    "rating": null,
    "crawled": "2024-07-05T01:53:44.579+03:00",
    "updated": "2024-07-05T01:53:44.579+03:00"
}