{
    "thread": {
        "uuid": "68566b6efa0c9d21a5df4086be731700b8399e22",
        "url": "https://techplanet.today/post/outdoor-waste-bins-promoting-responsible-waste-disposal-practices",
        "site_full": "techplanet.today",
        "site": "techplanet.today",
        "site_section": "https://techplanet.today/recent",
        "site_categories": [],
        "section_title": "Recent | TechPlanet",
        "title": "Outdoor Waste Bins: Promoting Responsible Waste Disposal Practices | TechPlanet",
        "title_full": "Outdoor Waste Bins: Promoting Responsible Waste Disposal Practices | TechPlanet",
        "published": "2024-07-04T23:26:00.000+03:00",
        "replies_count": 0,
        "participants_count": 0,
        "site_type": "news",
        "country": "IN",
        "main_image": "https://techplanet.today/storage/posts/2024/07/05/24/1PKijW6xepLgQSffhpjHRaZ56kXU4oAdVu7Z1Y7g.png",
        "performance_score": 0,
        "domain_rank": 14715,
        "domain_rank_updated": "2024-07-02T13:08:10.000+03:00",
        "reach": null,
        "social": {
            "facebook": {
                "likes": 0,
                "comments": 0,
                "shares": 0
            },
            "gplus": {
                "shares": 0
            },
            "pinterest": {
                "shares": 0
            },
            "linkedin": {
                "shares": 0
            },
            "stumbledupon": {
                "shares": 0
            },
            "vk": {
                "shares": 0
            }
        }
    },
    "uuid": "68566b6efa0c9d21a5df4086be731700b8399e22",
    "url": "https://techplanet.today/post/outdoor-waste-bins-promoting-responsible-waste-disposal-practices",
    "ord_in_thread": 0,
    "parent_url": null,
    "author": null,
    "published": "2024-07-04T23:26:00.000+03:00",
    "title": "Outdoor Waste Bins: Promoting Responsible Waste Disposal Practices | TechPlanet",
    "text": "Encouraging Proper Waste Disposal with Outdoor Garbage Bins Are you sick of all the trash laying around your neighborhood or park? Do You Want to Clean and Keep Your City Safe by Joining a Local Authority or NGO Outdoor waste bins are one of the best ways to achieve this. These bins are intended for use in high footfall areas such as parks, and near bustling streets. So, presenting you with the advantages, innovations and security features used in outdoor dumpsters along with using guidance as well quality assurance of services or use cases etc. Benefits of Outdoor Wastebaskets There are many advantages to using outdoor [blue recycle bin](https://www.cnpreface.com/application/blue-recycle-bin) over more traditional site inside the bin. 1- They are a breath of fresh air when it comes to cleaning up and maintaining public areas and parks in fashion which increases the overall look, feel and reputation for that environment. Secondly, the bins help to mitigate health hazards linked to littering such as transmission of harmful germs and pests. Treat to the planet: Finally, large outdoor waste bins just incite a more profound sense of commitment between both individuals and communities when it comes down to environmental cause. Pioneering Outdoor Waste Bins Outdoor litter bins have come a long way since they were first introduced and the latest generation of these modern receptacles are more efficient, durable and aesthetically pleasing. The modern garbage can has different styles and colors so as to fit any setting. Other models also have sensors that alert them when it is getting full, so they can be told to vacate before everything spills over. Furthermore, some of the bins are made from fire-resistant materials to make it safe and avoid any accidents. Keeping Outdoor Refuse Containers Safe Outdoor trash receptacles are designed with user safety in mind as much if not more than how well they handle waste. Some models thereof are provided with appropriate locks to prevent tampering and unauthorized access. In addition, these bins are made from durable materials that can stand up to the elements as well as be resistant to normal abuse by vandals which helps protect them against general damage and misuse. Finally, hazardous waste safety guidelines are displayed clearly on the bins letting users know what and how to dispose of their items. How to Use Outdoor Waste Bins Outdoor [large waste bin](https://www.cnpreface.com/application/large-waste-bin) can be used quite literally in a breeze, well - it depends on the features of course Others have lids with flaps that open under power operated by a pedal or button, while others only has simple openings at the top / side. Waste disposal guidelines on the bin must be read and followed as this helps in proper waste handling. Moreover, when using a spinning rotator-pot to inoculate with pathogens or insects. Make sure that the lid or flap is always closed after use so there will be no dust of substance get extracted and turn into pests pest Rating of Outdoor Bins for Waste bins It is vital to keep the service of outdoor waste bins particularly high in operation and highly trafficked areas that require emptying on a regular basis. The developers of the camera obviously provide additional services for a seamless use. Some of the services provided by these companies might be rental or purchase options, regular cleaning and emptying schedules as well as replacing bin availability. Optimum service levels keep outdoor waste bins functional and operative which in-turn increases tenant satisfaction. Use Of Outdoor Waste Bins These types of outdoor [waste bins with lids](https://www.cnpreface.com/application/waste-bins-with-lids) have numerous uses in many sectors like municipal authorities, hospitality, education and other warehouse. Those of us with any connection to the public sector knows how important these bins are in keeping our parks and bus stops clear. Outside waste bins can be found in all hospitality and tourism industries at hotels, resorts or tourist spots. These bins are deployed by the Educational institutions in schools and universities. Moreover, outdoor waste bins are pivotal for commercial sectors like shopping centers and office buildings to maintain healthy cleanliness. Conclusion Outdoor waste bins take full advantage of the type stamp in promoting witting curmudgeon power practices. Given their merits, revolutionary streaks and reliability in addition to the safety they bring as well as ease with which one can utilize them if combined along high-quality services, MT4 becomes a must-have tool across different contexts. Choosing the right bin for a particular purpose and following correct guidelines can help in maintaining cleanliness, hygiene of everyone. Communities can help by investing in outdoor waste bins so they no longer walk such long distances just to throw away their trash",
    "highlightText": "",
    "highlightTitle": "",
    "highlightThreadTitle": "",
    "language": "english",
    "sentiment": "positive",
    "categories": [
        "Social Issue",
        "Environment"
    ],
    "webz_reporter": false,
    "external_links": [
        "https://www.cnpreface.com/application/blue-recycle-bin)",
        "https://www.cnpreface.com/application/waste-bins-with-lids)",
        "https://www.cnpreface.com/application/large-waste-bin)",
        "https://cnpreface.com/application/large-waste-bin)",
        "https://cnpreface.com/application/waste-bins-with-lids)",
        "https://cnpreface.com/application/blue-recycle-bin)"
    ],
    "external_images": [],
    "entities": {
        "persons": [],
        "organizations": [
            {
                "name": "local authority",
                "sentiment": "none"
            }
        ],
        "locations": []
    },
    "rating": null,
    "crawled": "2024-07-05T04:33:12.068+03:00",
    "updated": "2024-07-05T04:33:12.068+03:00"
}