{
    "thread": {
        "uuid": "cd0610e8555daee97008ade758ea582792a2d8dc",
        "url": "https://www.newsbreak.com/oregon-state/3516253596662-more-areas-reopen-for-shellfish-harvest-as-bay-clams-open-on-north-coast",
        "site_full": "www.newsbreak.com",
        "site": "newsbreak.com",
        "site_section": "https://www.newsbreak.com/salem-or",
        "site_categories": [
            "under_construction",
            "non_standard_content",
            "top_news"
        ],
        "section_title": "Salem News, Weather, Safety, Sports | NewsBreak Salem, OR",
        "title": "More areas reopen for shellfish harvest as bay clams open on north coast",
        "title_full": "More areas reopen for shellfish harvest as bay clams open on north coast",
        "published": "2024-07-05T00:00:00.000+03:00",
        "replies_count": 0,
        "participants_count": 1,
        "site_type": "news",
        "country": "US",
        "main_image": "https://img.particlenews.com/img/id/0DItZE_0uF3EfeN00?type=thumbnail_1600x1200",
        "performance_score": 0,
        "domain_rank": 3373,
        "domain_rank_updated": "2024-07-02T13:08:10.000+03:00",
        "reach": null,
        "social": {
            "facebook": {
                "likes": 0,
                "comments": 0,
                "shares": 0
            },
            "gplus": {
                "shares": 0
            },
            "pinterest": {
                "shares": 0
            },
            "linkedin": {
                "shares": 0
            },
            "stumbledupon": {
                "shares": 0
            },
            "vk": {
                "shares": 0
            }
        }
    },
    "uuid": "cd0610e8555daee97008ade758ea582792a2d8dc",
    "url": "https://www.newsbreak.com/oregon-state/3516253596662-more-areas-reopen-for-shellfish-harvest-as-bay-clams-open-on-north-coast",
    "ord_in_thread": 0,
    "parent_url": null,
    "author": "NewsBreak Original",
    "published": "2024-07-05T00:00:00.000+03:00",
    "title": "More areas reopen for shellfish harvest as bay clams open on north coast",
    "text": "2 hours ago\nOregon Department of Agriculture and the Oregon Department of Fish and Wildlife announce new shellfish openings after tests showed clams in these areas are safe to eat.\nBay clamming has been reopened on the north coast and is now open from the Washington border to Cascade Head. Levels of the marine biotoxin paralytic shellfish poison (PSP) have tested below the closure limit on two consecutive rounds of testing.\nAlso, razor clam harvesting has reopened on the south coast and is now open from Cape Blanco to the California border. Levels of the marine biotoxin domoic acid have continued to test below the closure limit. Razor clamming also remains open from the Washington border to Yachats River.\nRazor clam harvesting is closed from the Yachats River to Cape Blanco. Bay clam harvesting is closed from Cascade Head to the California border. Mussel harvesting remains closed along the entire Oregon coast.\nCrab harvesting is open along the entire Oregon coast including bays and estuaries.\nOregon Department of Agriculture will continue to test for shellfish toxins weekly, as tides and weather permit. Reopening an area closed for biotoxins requires two consecutive tests with results below the closure limit.\nRemember to always call Oregon Department of Agriculture’s (ODA) shellfish biotoxin safety hotline at (800) 448-2474, the Food Safety Shellfish Desk at (503) 986-4726, or check the ODA recreational shellfish biotoxin closures webpage before clamming or crabbing.",
    "highlightText": "",
    "highlightTitle": "",
    "highlightThreadTitle": "",
    "language": "english",
    "sentiment": "positive",
    "categories": [
        "Health",
        "Human Interest",
        "Environment"
    ],
    "webz_reporter": false,
    "external_links": [
        "https://img.particlenews.com/image.php?type=thumbnail_580x000&url=0DItZE_0uF3EfeN00",
        "https://img.particlenews.com/image.php?url=0DItZE_0uF3EfeN00",
        "https://www.currypilot.com/",
        "https://img.particlenews.com/image.php",
        "https://www.img.particlenews.com/image.php?url=0DItZE_0uF3EfeN00",
        "https://www.currypilot.com",
        "https://currypilot.com/",
        "https://www.img.particlenews.com/image.php?type=thumbnail_580x000&url=0DItZE_0uF3EfeN00"
    ],
    "external_images": [],
    "entities": {
        "persons": [],
        "organizations": [
            {
                "name": "oregon department of agriculture",
                "sentiment": "negative"
            },
            {
                "name": "oregon department",
                "sentiment": "negative"
            }
        ],
        "locations": [
            {
                "name": "oregon",
                "sentiment": "none"
            },
            {
                "name": "cascade head",
                "sentiment": "none"
            },
            {
                "name": "yachats river",
                "sentiment": "none"
            },
            {
                "name": "california",
                "sentiment": "none"
            },
            {
                "name": "cape blanco",
                "sentiment": "none"
            },
            {
                "name": "washington",
                "sentiment": "none"
            }
        ]
    },
    "rating": null,
    "crawled": "2024-07-05T02:25:11.642+03:00",
    "updated": "2024-07-05T02:25:11.642+03:00"
}