{
    "thread": {
        "uuid": "b0cad0bad46d6b581d0eeeb5c6047c0ff2793254",
        "url": "https://www.schooltube.com/the-fascinating-world-of-marine-life-exploring-the-depths-of-our-oceans-2",
        "site_full": "www.schooltube.com",
        "site": "schooltube.com",
        "site_section": "https://www.schooltube.com/author/community",
        "site_categories": [],
        "section_title": "SchoolTube Community | SchoolTube",
        "title": "The Fascinating World of Marine Life: Exploring the Depths of Our Oceans | SchoolTube",
        "title_full": "The Fascinating World of Marine Life: Exploring the Depths of Our Oceans | SchoolTube",
        "published": "2024-07-05T03:58:00.000+03:00",
        "replies_count": 0,
        "participants_count": 1,
        "site_type": "news",
        "country": "US",
        "main_image": "https://www.schooltube.com/wp-content/uploads/2024/07/The-Fascinating-World-of-Marine-Life-Exploring-the-Depths-of-Our-Oceans-1.jpg",
        "performance_score": 0,
        "domain_rank": 97096,
        "domain_rank_updated": "2024-07-02T13:08:29.000+03:00",
        "reach": null,
        "social": {
            "facebook": {
                "likes": 0,
                "comments": 0,
                "shares": 0
            },
            "gplus": {
                "shares": 0
            },
            "pinterest": {
                "shares": 0
            },
            "linkedin": {
                "shares": 0
            },
            "stumbledupon": {
                "shares": 0
            },
            "vk": {
                "shares": 0
            }
        }
    },
    "uuid": "b0cad0bad46d6b581d0eeeb5c6047c0ff2793254",
    "url": "https://www.schooltube.com/the-fascinating-world-of-marine-life-exploring-the-depths-of-our-oceans-2",
    "ord_in_thread": 0,
    "parent_url": null,
    "author": "SchoolTube Community",
    "published": "2024-07-05T03:58:00.000+03:00",
    "title": "The Fascinating World of Marine Life: Exploring the Depths of Our Oceans | SchoolTube",
    "text": "The Fascinating World of Marine Life: Exploring the Depths of Our Oceans Our planet is home to a vast and diverse array of life, but perhaps the most captivating and enigmatic realm lies beneath the waves. The ocean, covering more than 70% of the Earth’s surface, is a vibrant and teeming ecosystem, harboring an astounding diversity of creatures that have evolved over millions of years to thrive in its unique environment. From the sun-drenched coral reefs teeming with colorful fish to the abyssal depths where strange and wondrous creatures roam, the ocean is a realm of endless wonder. In this article, we will delve into the fascinating world of marine life, exploring the different habitats, species, and the challenges they face. Marine Habitats: A World of Diversity The ocean is not a uniform expanse of water. It is a complex tapestry of diverse habitats, each with its own unique characteristics and inhabitants. These habitats can be broadly categorized into: - Coastal Zones: These shallow waters, often influenced by tides and rivers, are rich in nutrients and support a wide variety of life. This includes sandy beaches, rocky shores, estuaries, mangroves, and seagrass meadows. - Open Ocean: This vast expanse of water, far from land, is divided into different zones based on depth and sunlight penetration. The sunlit surface waters are home to plankton, while the deeper zones are inhabited by creatures adapted to darkness and pressure. - Coral Reefs: These underwater cities of coral polyps are among the most diverse and vibrant ecosystems on Earth. They provide shelter and food for countless species, including fish, invertebrates, and even larger marine mammals. - Deep Sea: This mysterious realm, extending from the edge of the continental shelf to the ocean floor, is characterized by darkness, cold temperatures, and immense pressure. It is home to a fascinating array of creatures adapted to these extreme conditions. Marine Species: A Tapestry of Life The ocean is home to a staggering variety of species, from microscopic plankton to the largest animals on Earth. Here are some of the most notable groups: - Fish: The most diverse group of vertebrates, fish have evolved a remarkable array of adaptations for life in the water. From the tiny goby to the massive whale shark, fish play crucial roles in the marine food web. - Invertebrates: This vast group includes creatures like jellyfish, sea anemones, crabs, lobsters, and snails. They occupy a wide range of niches and contribute significantly to the ocean’s biodiversity. - Marine Mammals: These warm-blooded, air-breathing creatures include whales, dolphins, seals, sea lions, and polar bears. They have adapted to life in the water, developing streamlined bodies and specialized adaptations for swimming and diving. - Sea Turtles: These ancient reptiles have been around for millions of years and are crucial for maintaining healthy seagrass meadows and coral reefs. - Seabirds: Many birds, like penguins, gulls, and albatrosses, have adapted to life at sea, relying on the ocean for food and breeding grounds. Challenges Facing Marine Life Despite its vastness and resilience, the ocean is facing increasing threats from human activities. These include: - Pollution: Plastic waste, oil spills, and chemical runoff from land contaminate the ocean and harm marine life. - Overfishing: Unsustainable fishing practices deplete fish stocks and disrupt the delicate balance of marine ecosystems. - Climate Change: Rising ocean temperatures, ocean acidification, and sea level rise are causing widespread damage to marine habitats and threatening the survival of many species. - Habitat Destruction: Coastal development, dredging, and other human activities destroy critical marine habitats, reducing biodiversity and threatening the livelihoods of coastal communities. Conservation Efforts Protecting the ocean and its inhabitants is crucial for the health of our planet and future generations. Many organizations and individuals are working tirelessly to address the challenges facing marine life. These efforts include: - Marine Protected Areas: Establishing protected areas helps to conserve biodiversity, reduce fishing pressure, and allow marine ecosystems to recover. - Sustainable Fishing Practices: Promoting sustainable fishing methods, such as catch limits and fishing gear regulations, helps to ensure the long-term health of fish stocks. - Pollution Reduction: Reducing plastic waste, improving waste management, and implementing stricter regulations on industrial discharges can help to minimize pollution in the ocean. - Climate Action: Reducing greenhouse gas emissions and transitioning to renewable energy sources can mitigate the impacts of climate change on the ocean. Conclusion The ocean is a vast and complex ecosystem that plays a vital role in regulating our planet’s climate and providing us with essential resources. From the smallest plankton to the largest whales, marine life is a testament to the incredible diversity and resilience of life on Earth. By understanding the challenges facing the ocean and supporting conservation efforts, we can help to ensure that this precious resource is protected for future generations.",
    "highlightText": "",
    "highlightTitle": "",
    "highlightThreadTitle": "",
    "language": "english",
    "sentiment": "positive",
    "categories": [
        "Science and Technology",
        "Lifestyle and Leisure",
        "Environment"
    ],
    "webz_reporter": false,
    "external_links": [],
    "external_images": [],
    "entities": {
        "persons": [],
        "organizations": [],
        "locations": [
            {
                "name": "earth",
                "sentiment": "none"
            }
        ]
    },
    "rating": null,
    "crawled": "2024-07-05T05:09:00.595+03:00",
    "updated": "2024-07-05T05:09:00.595+03:00"
}