{
    "thread": {
        "uuid": "534cf88089acb1c294435c4c20bc5d0e8b6e0cbc",
        "url": "https://www.timeslive.co.za/news/south-africa/2024-07-05-watch-bee-boss-champions-women-and-ecosystems",
        "site_full": "www.timeslive.co.za",
        "site": "timeslive.co.za",
        "site_section": "https://www.timeslive.co.za/news/gamers-live/",
        "site_categories": [
            "travel",
            "africa",
            "top_news"
        ],
        "section_title": "GamersLIVE - News | TimesLIVE",
        "title": "WATCH | 'Bee Boss' champions women and ecosystems",
        "title_full": "WATCH | 'Bee Boss' champions women and ecosystems",
        "published": "2024-07-05T10:53:00.000+03:00",
        "replies_count": 0,
        "participants_count": 1,
        "site_type": "news",
        "country": "ZA",
        "main_image": "",
        "performance_score": 0,
        "domain_rank": 5030,
        "domain_rank_updated": "2024-07-02T13:08:10.000+03:00",
        "reach": null,
        "social": {
            "facebook": {
                "likes": 0,
                "comments": 0,
                "shares": 0
            },
            "gplus": {
                "shares": 0
            },
            "pinterest": {
                "shares": 0
            },
            "linkedin": {
                "shares": 0
            },
            "stumbledupon": {
                "shares": 0
            },
            "vk": {
                "shares": 0
            }
        }
    },
    "uuid": "534cf88089acb1c294435c4c20bc5d0e8b6e0cbc",
    "url": "https://www.timeslive.co.za/news/south-africa/2024-07-05-watch-bee-boss-champions-women-and-ecosystems",
    "ord_in_thread": 0,
    "parent_url": null,
    "author": "Reuters",
    "published": "2024-07-05T10:53:00.000+03:00",
    "title": "WATCH | 'Bee Boss' champions women and ecosystems",
    "text": "South Africa WATCH | 'Bee Boss' champions women and ecosystems 05 July 2024 - 09:53 By Reuters Just R20 for the first month. Support independent journalism by subscribing to our digital news package. Subscribe now\nAn auto-immune disease prompted Lulu Letlape to quit her job in the city and become a beekeeper.\nNow she's got 100 hives and lobbies to protect bees while training women to follow in her footsteps.\nREAD MORE: Common insecticides are causing brain damage in honey bees Research has found modern pesticides damage the brains of bees so they can't move in a straight line, lowering their ability to forage and pollinate ... News 1 year ago Creating a buzz: a living artwork to attract insects first, humans second Artist Alexandra Daisy Ginsberg's installation in Cornwall, UK, comprises a garden cultivated with 64 plant species not for human admirers, but ... Lifestyle 1 year ago Five homegrown herbs that can help ease your allergic reactions Edible gardening guru Jane Griffiths shares growing tips and reveals how to make therapeutic infusions and decoctions from your harvest Lifestyle 2 years ago Stung by climate change: drought-weakened bee colonies shrink US honey crop, threaten almonds There was barely a buzz in the air as John Miller pried the lid off of a crate, one of several “bee boxes” stacked in eight neat piles beside a ... News 2 years ago Just R20 for the first month. Support independent journalism by subscribing to our digital news package. Subscribe now",
    "highlightText": "",
    "highlightTitle": "",
    "highlightThreadTitle": "",
    "language": "english",
    "sentiment": "positive",
    "categories": [
        "Lifestyle and Leisure",
        "Human Interest",
        "Environment"
    ],
    "webz_reporter": false,
    "external_links": [
        "https://www.pinterest.com/pin/create/button/",
        "https://pinterest.com/pin/create/button/",
        "https://www.pinterest.com/pin/create/button"
    ],
    "external_images": [],
    "entities": {
        "persons": [
            {
                "name": "lulu letlape",
                "sentiment": "none"
            },
            {
                "name": "jane griffiths",
                "sentiment": "none"
            },
            {
                "name": "lifest",
                "sentiment": "none"
            },
            {
                "name": "alexandra daisy ginsberg",
                "sentiment": "none"
            }
        ],
        "organizations": [
            {
                "name": "reuters",
                "sentiment": "negative"
            }
        ],
        "locations": [
            {
                "name": "south africa",
                "sentiment": "none"
            },
            {
                "name": "cornwall",
                "sentiment": "none"
            },
            {
                "name": "uk",
                "sentiment": "none"
            }
        ]
    },
    "rating": null,
    "crawled": "2024-07-05T11:01:55.479+03:00",
    "updated": "2024-07-05T11:01:55.479+03:00"
}