{
    "thread": {
        "uuid": "7c0fbf3b4af2f6e29d0430bdd3eebbaead0c01c8",
        "url": "https://luxuriousrentz.com/take-full-advantage-of-your-sources-with-one-of-these-important-online-marketing-tips",
        "site_full": "luxuriousrentz.com",
        "site": "luxuriousrentz.com",
        "site_section": "https://luxuriousrentz.com/category/uncategorized/",
        "site_categories": [],
        "section_title": null,
        "title": "Take Full Advantage Of Your Sources With One Of These Important Online Marketing Tips",
        "title_full": "Take Full Advantage Of Your Sources With One Of These Important Online Marketing Tips",
        "published": "2024-07-05T00:19:00.000+03:00",
        "replies_count": 0,
        "participants_count": 1,
        "site_type": "news",
        "country": "DE",
        "main_image": "",
        "performance_score": 0,
        "domain_rank": 15544,
        "domain_rank_updated": "2024-07-02T13:08:10.000+03:00",
        "reach": null,
        "social": {
            "facebook": {
                "likes": 0,
                "comments": 0,
                "shares": 0
            },
            "gplus": {
                "shares": 0
            },
            "pinterest": {
                "shares": 0
            },
            "linkedin": {
                "shares": 0
            },
            "stumbledupon": {
                "shares": 0
            },
            "vk": {
                "shares": 0
            }
        }
    },
    "uuid": "7c0fbf3b4af2f6e29d0430bdd3eebbaead0c01c8",
    "url": "https://luxuriousrentz.com/take-full-advantage-of-your-sources-with-one-of-these-important-online-marketing-tips",
    "ord_in_thread": 0,
    "parent_url": null,
    "author": "Isabell Kobayashi",
    "published": "2024-07-05T00:19:00.000+03:00",
    "title": "Take Full Advantage Of Your Sources With One Of These Important Online Marketing Tips",
    "text": "So, you have a website. You’re now all set to get into internet marketing of it, right? Effectively, now is a good time. It is likely you have lots of concerns on the way to commence and what to do, but don’t be anxious, this post will help. The following are some suggestions that can help you get going with your web marketing and advertising.\nTo straight your viewers on the products you wish to sell, create a site with backlinks and assets. A few of these assets could be totally free, and a few backlinks can send your market to your explanation of the product or service which can help them. The goal is to have your audience think of the merchandise as something they need.\nMake sure to check out every single resource you have available and employ it to the fingertips. In case you have close friends that happen to be web developers you may want to have them assist you with your web site. Those who are proficient in the sector have understanding of what on-line audiences are looking for, don’t be bashful to ask for assistance whenever it could pay back tremendously in the long run.\nMake your settlement choices apparent and very clear, because this is amongst the most critical aspects of sealing inside your transaction on the web. In case your visitors are incapable of find the link for repayment, they may grow to be discouraged and might not complete the transaction. Make clear your repayment options with lively, sizeable textual content to maximize organization.\nWhen reaching out to other internet sites to website link back and once you backlink to other sites, construct interactions with quality/legitimate websites instead of a number of semi-legit ones. If you are connected with a web site that search engines like google already position on top of google search results web pages then you definitely also will probably be favored by the sets of rules.\nAnother great method to get your website on the market would be to generate connections with some other webmasters. When you loved this information and you wish to receive more information about MLR Solutions generously visit the web page. You can make relates to other sites, make them link your blog with their own, and you will link their own with your own. It generates a network, as well as perhaps you are able to induce a lot more provides from other website owners!\nImmediately within the picture of a product in your site, include a outline that specifics the different advantages and operations. This description ought to be at most 3 sentences lengthy and may be in sentence or bullet stage type. This may give your prospects a clear picture from the product these are about to purchase.\nAn important suggestion concerning Web marketing would be to seem man as you can. This will be significant because people are far a lot more prepared to believe in a firm when they can connect with them to see genuine humans that they are getting together with. Set a video of your self or even a trip of the work area on your own web site.\nObtaining opinions in your commercials is the best way to cater particularly for Malvern – PA the market that you pick. Be sure that you’re generally attempting to search for outdoors thoughts in your marketing strategy. Do not be bashful and constantly ask clients what they think of your organization and what you can do to boost it.\nMake sure you’re employing delicate wording that stimulates folks to purchase your items. As opposed to inspiring them to buy your product, get them to purchase your merchandise. Make investments has far more good connotations for prospective buyers than acquire does. It’s a delicate way to influence prospective customers to purchase your items.\nA good segment in almost any online marketing advertising may be the testimonial section. It is essential to incorporate this section, in order for people to have the guarantee the merchandise works. Because the customer hears that typical folks have tried out this product and it also worked great for them, the customer will likely be inspired to buy the item.\nBuild up your social network sites bottom of clients by giving to give something aside. Whether or not it’s some thing bodily or possibly a down-loadable e book, consumers will be glad to have a chance to earn some thing for free. By doing this you will have readers or close friends, via social networks, like Twitter or facebook.\nMake sure that the viewers for the site are very people who are enthusiastic about your product or service. Your internet marketing and advertising tactics may possibly drive traffic towards your web site, but turnover is much more significant than visitors. Discover approaches to convince the people who appear to buy your merchandise, regardless of whether it’s marketing-driven content articles or e-books.\nHighlight the term “crucial” with your website marketing telecommunications. Words and phrases like essential, emergency, and vital, tend to quickly seize the eye and incite the reader or viewer to continue looking at the e-mail or select a hyperlink. This is an particularly efficient way of brand names that are marketing health-related and protection items online.\nAn important factor with regards to Internet marketing is to make sure your customers are determined to purchase your goods. Each of the terminology in your internet site, whether it be something information or any other kind of articles should be developed in a good strengthen. This will heighten the chances of people acquiring your products.\nA fantastic idea is usually to advertise your webpage being a club rather than website. This is allow individuals to grow to be interested in what you will need to provide and may significantly increase the amount of perform repeatedly customers you have. Create a information board or online community to your customers to have interaction with each other.\nA significant hint about Website marketing is basically that you may decide to take into account creating fully diverse sites depending on area or language. This is very important not just as it will show that you are currently completely ready for global business, but men and women will appreciate the fact that an internet site is in their vocabulary without needing to work with a translator.\nIf your internet marketing scheme entails non-profit donations, MLR Solutions Malvern – Pennsylvania give your potential customers a selection of possible charities and permit them to pick in which the contribution using their obtain should go. On-line buyers take pleasure in decision anywhere they experience it. Providing good cause alternatives will display your devotion to charitable providing and recommend for your buyers that you just value the leads to they are doing.\nAs you now will see all of the benefits to online marketing, you have to learn how to integrate this into the business. Spend some time to do your homework about what clients want to see, and put it all out there to them. You may effortlessly watch your company begin to grow.",
    "highlightText": "",
    "highlightTitle": "",
    "highlightThreadTitle": "",
    "language": "english",
    "sentiment": "positive",
    "categories": [
        "Business and Market Analysis",
        "Environment"
    ],
    "webz_reporter": false,
    "external_links": [
        "https://www.pinterest.com/mlrsolutions0/",
        "https://infogram.com/mlrsolutions",
        "https://www.producthunt.com/@mlrsolutions",
        "https://www.pinterest.com/mlrsolutions0",
        "https://producthunt.com/@mlrsolutions",
        "https://pinterest.com/mlrsolutions0/",
        "https://www.infogram.com/mlrsolutions"
    ],
    "external_images": [],
    "entities": {
        "persons": [
            {
                "name": "mak",
                "sentiment": "none"
            }
        ],
        "organizations": [],
        "locations": []
    },
    "rating": null,
    "crawled": "2024-07-05T00:55:33.267+03:00",
    "updated": "2024-07-05T00:55:33.267+03:00"
}