{
    "thread": {
        "uuid": "5f9db90f192a8ccf0e4321747318f7cbc3da6348",
        "url": "https://vnexplorer.net/z/1203991.html",
        "site_full": "vnexplorer.net",
        "site": "vnexplorer.net",
        "site_section": "https://vnexplorer.net/ar",
        "site_categories": [
            "health",
            "cold_and_flu"
        ],
        "section_title": "AR - VNExplorer",
        "title": "Compañía china BYD inaugura planta con capacidad de 150.000 vehículos eléctricos",
        "title_full": "Compañía china BYD inaugura planta con capacidad de 150.000 vehículos eléctricos",
        "published": "2024-07-04T22:28:00.000+03:00",
        "replies_count": 0,
        "participants_count": 1,
        "site_type": "news",
        "country": "VN",
        "main_image": "https://img-s-msn-com.akamaized.net/tenant/amp/entityid/BB1ppJdp.img",
        "performance_score": 0,
        "domain_rank": 98072,
        "domain_rank_updated": "2024-07-02T13:08:29.000+03:00",
        "reach": null,
        "social": {
            "facebook": {
                "likes": 0,
                "comments": 0,
                "shares": 0
            },
            "gplus": {
                "shares": 0
            },
            "pinterest": {
                "shares": 0
            },
            "linkedin": {
                "shares": 0
            },
            "stumbledupon": {
                "shares": 0
            },
            "vk": {
                "shares": 0
            }
        }
    },
    "uuid": "5f9db90f192a8ccf0e4321747318f7cbc3da6348",
    "url": "https://vnexplorer.net/z/1203991.html",
    "ord_in_thread": 0,
    "parent_url": null,
    "author": "VNExplorer",
    "published": "2024-07-04T22:28:00.000+03:00",
    "title": "Compañía china BYD inaugura planta con capacidad de 150.000 vehículos eléctricos",
    "text": "BYD El gigante chino de los vehículos eléctricos BYD inauguró este jueves una planta en Tailandia, continuando su expansión internacional a pesar de la desaceleración del mercado. (Lea:Kia llegó al primer lugar de ventas en el mercado nacional) La planta en Rayong, una zona industrial al sureste de Bangkok, podrá fabricar hasta 150.000 vehículos al año, indicó la compañía que domina el mercado chino. Wang Chuanfu, director ejecutivo de BYD, con sede en Shenzhen, afirmó que la producción se centrará inicialmente en vehículos totalmente eléctricos y luego se expandiría para incluir híbridos enchufables, que combinan un motor convencional con uno eléctrico. (También: BWM deberá indemnizar a clientes que compraron vehículos con precios &#039;inflados&#039;) &quot;La planta de BYD Tailandia tiene una capacidad anual de 150.000 vehículos, incluidos los cuatro procesos principales de producción de vehículos y piezas, y creará unos 10.000 puestos de trabajo&quot;, dijo Wang en la ceremonia de inauguración. En el cuarto trimestre de 2023 BYD superó a Tesla y se convirtió en el líder mundial de vehículos eléctricos, aunque la compañía de Elon Musk volvió al primer lugar en el primer trimestre de este año. China está liderando el cambio global hacia el coche eléctrico y se prevé que en 2030 casi uno de cada tres coches que circulen en sus carreteras será eléctrico, según la Agencia Internacional de la Energía. AFP",
    "highlightText": "",
    "highlightTitle": "",
    "highlightThreadTitle": "",
    "language": "spanish",
    "sentiment": "positive",
    "categories": [
        "Science and Technology",
        "Environment",
        "Economy, Business and Finance"
    ],
    "webz_reporter": false,
    "external_links": [],
    "external_images": [],
    "entities": {
        "persons": [],
        "organizations": [],
        "locations": []
    },
    "rating": null,
    "crawled": "2024-07-05T06:32:04.461+03:00",
    "updated": "2024-07-05T06:32:04.461+03:00"
}