{
    "thread": {
        "uuid": "0298b0885ccff1cef200375789b457023331417d",
        "url": "https://www.theexeterdaily.co.uk/news/local-news-uk-news-world-news-business-business-daily/new-director-joins-additive-catchments",
        "site_full": "www.theexeterdaily.co.uk",
        "site": "theexeterdaily.co.uk",
        "site_section": "https://www.theexeterdaily.co.uk/rss.xml",
        "site_categories": [
            "media"
        ],
        "section_title": "The Exeter Daily",
        "title": "New drector joins Additive Catchments to support mission to regenerate UK's rivers",
        "title_full": "New drector joins Additive Catchments to support mission to regenerate UK's rivers",
        "published": "2024-07-04T11:05:00.000+03:00",
        "replies_count": 0,
        "participants_count": 1,
        "site_type": "news",
        "country": "GB",
        "main_image": "",
        "performance_score": 0,
        "domain_rank": 74839,
        "domain_rank_updated": "2024-07-02T13:08:21.000+03:00",
        "reach": null,
        "social": {
            "facebook": {
                "likes": 0,
                "comments": 0,
                "shares": 0
            },
            "gplus": {
                "shares": 0
            },
            "pinterest": {
                "shares": 0
            },
            "linkedin": {
                "shares": 0
            },
            "stumbledupon": {
                "shares": 0
            },
            "vk": {
                "shares": 0
            }
        }
    },
    "uuid": "0298b0885ccff1cef200375789b457023331417d",
    "url": "https://www.theexeterdaily.co.uk/news/local-news-uk-news-world-news-business-business-daily/new-director-joins-additive-catchments",
    "ord_in_thread": 0,
    "parent_url": null,
    "author": "Program",
    "published": "2024-07-04T11:05:00.000+03:00",
    "title": "New drector joins Additive Catchments to support mission to regenerate UK's rivers",
    "text": "New drector joins Additive Catchments to support mission to regenerate UK's rivers [Additive Catchments](https://additivecatchments.com/), a leader in innovative water monitoring and protection solutions based in the South West, today announced the appointment of Robin Smale as their newest director. Robin Smale, founder of Vivid Economics, a strategic economics consultancy with broad sustainability capabilities, brings extensive experience in green finance, natural capital, and nature-based solutions to the impact-driven tech company. Rob Passmore, CEO at Additive Catchments, said: “Robin's expertise in environmental economics and his proven track record in building successful, impactful organisations make him a brilliant addition to our team. His insights will be crucial as we continue to develop solutions that rebuild public trust in our water management systems.\" Robin said: \"I am delighted to be throwing my energy and capabilities into the Additive Catchments board, alongside Rob Passmore, Quinton Davies, Dale Van Demark, Brett Grosvenor, Tom Gillen and Janet Copp. The improvement of water quality in rivers in the UK and beyond is a great mission. This is a highly committed team, whose strengths in partnership building and technology integration are exactly what is needed to plan, roll out and deliver a high-quality Catchment Monitoring as a Service, at scale.\" The company combines cutting-edge technology with community-driven efforts, delivering comprehensive solutions that promote ecological health and transparency in water management operations. Additive Catchments is particularly focused on helping water companies meet the requirements of Section 82 of the Environment Act 2021, which mandates improved monitoring of storm overflows. As Additive Catchments continues to grow, Robin’s appointment marks a significant step in the company's mission to regenerate Britain's waterways and set new standards for environmental stewardship in the water sector. Find out more about Additive Catchments: [https://additivecatchments.com/](https://additivecatchments.com/)",
    "highlightText": "",
    "highlightTitle": "",
    "highlightThreadTitle": "",
    "language": "english",
    "sentiment": "positive",
    "categories": [
        "Environment"
    ],
    "webz_reporter": false,
    "external_links": [
        "https://additivecatchments.com/",
        "https://www.additivecatchments.com/",
        "https://additivecatchments.com"
    ],
    "external_images": [],
    "entities": {
        "persons": [
            {
                "name": "quinton davies",
                "sentiment": "none"
            },
            {
                "name": "janet copp",
                "sentiment": "none"
            },
            {
                "name": "dale van demark",
                "sentiment": "none"
            },
            {
                "name": "tom gillen",
                "sentiment": "none"
            },
            {
                "name": "rob passmore",
                "sentiment": "none"
            },
            {
                "name": "brett grosvenor",
                "sentiment": "none"
            },
            {
                "name": "robin",
                "sentiment": "none"
            },
            {
                "name": "robin smale",
                "sentiment": "none"
            }
        ],
        "organizations": [
            {
                "name": "vivid economics",
                "sentiment": "none"
            }
        ],
        "locations": [
            {
                "name": "uk",
                "sentiment": "none"
            },
            {
                "name": "south west",
                "sentiment": "none"
            }
        ]
    },
    "rating": null,
    "crawled": "2024-07-05T01:18:29.062+03:00",
    "updated": "2024-07-05T10:52:40.721+03:00"
}