{
    "thread": {
        "uuid": "17903ede6b06383fe3e34d569f2814452dbdfdc0",
        "url": "http://en.people.cn/n3/2024/0705/c90000-20190022.html",
        "site_full": "en.people.cn",
        "site": "people.cn",
        "site_section": "http://en.people.cn/",
        "site_categories": [
            "japan",
            "travel"
        ],
        "section_title": "English--People's Daily Online",
        "title": "Island at tip of Yangtze River spearheads green power transition - People's Daily Online",
        "title_full": "Island at tip of Yangtze River spearheads green power transition - People's Daily Online",
        "published": "2024-07-05T03:00:00.000+03:00",
        "replies_count": 0,
        "participants_count": 1,
        "site_type": "news",
        "country": "CN",
        "main_image": "",
        "performance_score": 0,
        "domain_rank": 2261,
        "domain_rank_updated": "2024-07-02T13:08:10.000+03:00",
        "reach": null,
        "social": {
            "facebook": {
                "likes": 0,
                "comments": 0,
                "shares": 0
            },
            "gplus": {
                "shares": 0
            },
            "pinterest": {
                "shares": 0
            },
            "linkedin": {
                "shares": 0
            },
            "stumbledupon": {
                "shares": 0
            },
            "vk": {
                "shares": 0
            }
        }
    },
    "uuid": "17903ede6b06383fe3e34d569f2814452dbdfdc0",
    "url": "http://en.people.cn/n3/2024/0705/c90000-20190022.html",
    "ord_in_thread": 0,
    "parent_url": null,
    "author": "F_400991",
    "published": "2024-07-05T03:00:00.000+03:00",
    "title": "Island at tip of Yangtze River spearheads green power transition - People's Daily Online",
    "text": "SHANGHAI, July 4 (Xinhua) -- At a fish farm on Hengsha Island, Shanghai, a fisherman is tending to his fishpond shaded by photovoltaic panels, scooping out a sprinkling of duckweed on the surface of the water into a bucket. While the practice of integrating fish farming with photovoltaic (PV) power generation has continued to benefit this small island situated at the easternmost tip of the Yangtze River's mouth, more green electricity innovations have propelled the island's zero-carbon transitions. Hengsha Island, boasting sufficient sunlight and wind resources, witnessed a 3.5 megawatt PV power generation project installed on the island and operated at the end of 2012 as one of Shanghai's first fishery-PV complementary projects. The PV station was built over a fishpond, with PV panels mounted three meters above water. It generates electricity while also providing shelter for shade-loving fish and pasture grass underneath. During its 25-year service life, the station is expected to generate over 3.86 million kilowatt-hours of electricity annually, saving 1,179.3 tonnes of standard coal per year, equivalent to reducing 3,857 tonnes of carbon dioxide and 116 tonnes of sulfur dioxide annually. Moreover, fish farming has generated financial rewards for residents. Shi Weizhong, 60, owner of a farm-stay business, adopted the fishery-PV complementary concept for the fishpond on his farm. He expected the output value of fish farming alone to reach 50,000 (about 7,011.4 U.S. dollars) to 70,000 yuan this year. In addition to the fishery-PV complementary project, Hengsha Island has also promoted distributed photovoltaic power generation projects by assembling rooftop PV panels and integrating PV power generation with power storage and charging. Yang Zhengbang, hailing from Xinchun Village of Hengsha Island, installed 60 solar PV panels on his home's rooftop in 2018. In 2023, Yang's PV panels were upgraded into an integrated system that included batteries to store surplus electricity generated during the day and to power Yang's house at night. A car charging pile was also incorporated into the system. \"After installing PV panels, I felt satisfied with the savings on my electricity bill, and now I save even more with energy storage and charging incorporated into the system,\" Yang said, \"All in all, I save about 300 yuan a month.\" According to Zhang Weiyang, a staff member at the State Grid Shanghai Changxing Power Supply Company, the integrated system running in Yang's house prevents emissions of 24.96 tonnes of carbon dioxide every month. The leading role of Hengsha Island in the green electricity endeavor offers a glimpse into Shanghai's green development initiative, exemplified by the surge in transaction volume of green electricity certificates. From January to early June, over 15 million green electricity certificates were transacted, a steep rise from the annual transaction volume of 460,000 in 2023. The trading of green electricity certificates, proof of electricity generated from renewable energy sources, offers enterprises opportunities to reach energy conservation and emission reduction targets while promoting renewable energy consumption. Shanghai has envisioned that by 2025, the transaction volume of green electricity will exceed 5 billion kilowatt-hours. Photos Related Stories [Water resources protection made to enhance biodiversity along Yangtze River](/n3/2024/0615/c90000-20181653.html) [Digital tech fuels Yangtze River Delta's coordinated manufacturing growth](/n3/2024/0608/c90000-20179526.html) [View of bend of Jinsha River in SW China](/n3/2024/0523/c90000-20173189.html) [Rare Yangtze sturgeon spotted in Yangtze River tributary in SW China](/n3/2024/0520/c90000-20171657.html) [Ecological protection and restoration of Yangtze River in Chongqing achieve benefits](/n3/2024/0517/c90000-20170993.html) About People's Daily Online | Join Us | Contact Us Copyright © 2024 People's Daily Online. All Rights Reserved.",
    "highlightText": "",
    "highlightTitle": "",
    "highlightThreadTitle": "",
    "language": "english",
    "sentiment": "positive",
    "categories": [
        "Science and Technology",
        "Environment"
    ],
    "webz_reporter": false,
    "external_links": [
        "http://english.people.com.cn/n3/2020/0729/c90000-9716018.html)|",
        "http://spanish.xinhuanet.com/))",
        "http://english.people.com.cn/n3/2020/0326/c90000-9672920.html)|",
        "http://www.english.people.com.cn/n3/2020/0729/c90000-9716018.html)|",
        "http://www.spanish.xinhuanet.com/))",
        "http://www.english.people.com.cn/n3/2020/0326/c90000-9672920.html)|"
    ],
    "external_images": [],
    "entities": {
        "persons": [
            {
                "name": "xin",
                "sentiment": "negative"
            }
        ],
        "organizations": [
            {
                "name": "xinhua",
                "sentiment": "none"
            }
        ],
        "locations": [
            {
                "name": "yangtze river",
                "sentiment": "none"
            },
            {
                "name": "shanghai",
                "sentiment": "none"
            },
            {
                "name": "shanghai",
                "sentiment": "none"
            },
            {
                "name": "hengsha island",
                "sentiment": "none"
            }
        ]
    },
    "rating": null,
    "crawled": "2024-07-05T06:47:06.222+03:00",
    "updated": "2024-07-05T07:42:21.713+03:00"
}