{
    "thread": {
        "uuid": "913419d600838212fd5113539125742529fad840",
        "url": "https://posteezy.com/recycling-and-reducing-landfill-waste",
        "site_full": "posteezy.com",
        "site": "posteezy.com",
        "site_section": "https://posteezy.com/rss.xml",
        "site_categories": [
            "tech",
            "non_standard_content",
            "adult"
        ],
        "section_title": "Posteezy",
        "title": "Recycling and Reducing Landfill Waste",
        "title_full": "Recycling and Reducing Landfill Waste",
        "published": "2024-07-05T02:19:00.000+03:00",
        "replies_count": 0,
        "participants_count": 1,
        "site_type": "news",
        "country": "IN",
        "main_image": "",
        "performance_score": 0,
        "domain_rank": 25743,
        "domain_rank_updated": "2024-07-02T13:08:10.000+03:00",
        "reach": null,
        "social": {
            "facebook": {
                "likes": 0,
                "comments": 0,
                "shares": 0
            },
            "gplus": {
                "shares": 0
            },
            "pinterest": {
                "shares": 0
            },
            "linkedin": {
                "shares": 0
            },
            "stumbledupon": {
                "shares": 0
            },
            "vk": {
                "shares": 0
            }
        }
    },
    "uuid": "913419d600838212fd5113539125742529fad840",
    "url": "https://posteezy.com/recycling-and-reducing-landfill-waste",
    "ord_in_thread": 0,
    "parent_url": null,
    "author": "Poster",
    "published": "2024-07-05T02:19:00.000+03:00",
    "title": "Recycling and Reducing Landfill Waste",
    "text": "Recycling (\nÅtervinning) plays an important role within our worldwide initiatives towards sustainability and enviromentally friendly stewardship. It is really not merely a local training but an international initiative that influences ecosystems, economic systems, and generations to come worldwide. Here is why recycling is of vital significance with a world-wide level:\nEcological Conservation:\nRecycling helps help save all-natural resources by reducing the demand for raw supplies extraction. Numerous resources, like document, plastic-type material, glass, and metals, could be re-cycled and used again, therefore conserving power and lowering green house gasoline pollutants connected with source of information extraction and processing. This conservation energy leads to significantly to mitigating global warming and conserving biodiversity.\nWaste materials Reduction and Land fill Diversion:\nOne of many primary great things about trying to recycle is its part in cutting waste materials brought to trash dumps. Landfills are not just undesirable but additionally generate methane, a strong green house gasoline. By diverting spend through trying to recycle plans, residential areas can lengthen the lifespan of trash dumps and minimize the environment effect of waste materials removal.\nPower Savings:\nTrying to recycle requires less electricity than creating new services from uncooked supplies. As an illustration, trying to recycle aluminium will save you approximately 95% from the vitality necessary to produce aluminum from bauxite ore. Likewise, recycling pieces of paper will save you bushes and cuts down on the electricity and drinking water consumption connected with paper manufacturing. These electricity price savings result in reduce carbon pollutants and reduced reliance upon fossil fuels.\nFinancial Positive aspects:\nRecycling is really a important monetary vehicle driver, developing work in collection, selecting, processing, and producing businesses. It energizes neighborhood economies and fosters innovation in waste control systems and lasting item style. Furthermore, trying to recycle reduces costs associated with waste convenience and land fill managing, making it a financially sound training for municipalities and enterprises as well.\nInternational Neighborhood Engagement:\nTrying to recycle can be a general energy that transcends boundaries and ethnicities. It promotes environmental recognition and obligation among men and women, residential areas, and authorities worldwide. By way of worldwide collaborations and deals, countries can talk about best practices, technology, and enhancements to boost trying to recycle costs and environment results worldwide.\nIn conclusion, the significance of recycling can not be overstated in our hunt for a eco friendly potential. By embracing trying to recycle methods, folks and societies give rise to protecting normal assets, lowering squander, saving electricity, and fostering a far healthier world for current and generations to come. It really is a combined accountability that advantages everybody, regardless of location or socioeconomic status, making it a foundation of worldwide enviromentally friendly stewardship.",
    "highlightText": "",
    "highlightTitle": "",
    "highlightThreadTitle": "",
    "language": "english",
    "sentiment": "positive",
    "categories": [
        "Health",
        "Social Issue",
        "Environment"
    ],
    "webz_reporter": false,
    "external_links": [
        "https://www.petterssonsmiljo.se/atervinning/",
        "https://petterssonsmiljo.se/atervinning/",
        "https://www.petterssonsmiljo.se/atervinning"
    ],
    "external_images": [],
    "entities": {
        "persons": [],
        "organizations": [
            {
                "name": "reducing landfill waste recycling",
                "sentiment": "negative"
            }
        ],
        "locations": []
    },
    "rating": null,
    "crawled": "2024-07-05T07:21:21.256+03:00",
    "updated": "2024-07-05T07:21:21.256+03:00"
}