{
    "thread": {
        "uuid": "e670af0219dd54c3e344a243cb3a197ecaac7b39",
        "url": "https://www.rtbf.be/article/une-plante-qui-vit-sur-terre-pourrait-pousser-sur-mars-et-y-amener-la-vie-11399581",
        "site_full": "www.rtbf.be",
        "site": "rtbf.be",
        "site_section": "https://rtbf.be/en-continu",
        "site_categories": [
            "sports",
            "top_news"
        ],
        "section_title": "Toute l&#x27;actualité en direct et en continu -",
        "title": "Une plante qui vit sur Terre pourrait pousser sur Mars et y amener la vie - RTBF Actus",
        "title_full": "Une plante qui vit sur Terre pourrait pousser sur Mars et y amener la vie - RTBF Actus",
        "published": "2024-07-05T09:00:00.000+03:00",
        "replies_count": 0,
        "participants_count": 1,
        "site_type": "news",
        "country": "BE",
        "main_image": "https://ds.static.rtbf.be/article/image/1920x1080/3/e/5/24646475ed957884ca39b0c1d9cc06b2-1720097563.jpg",
        "performance_score": 0,
        "domain_rank": 3608,
        "domain_rank_updated": "2024-07-02T13:08:10.000+03:00",
        "reach": null,
        "social": {
            "facebook": {
                "likes": 0,
                "comments": 0,
                "shares": 0
            },
            "gplus": {
                "shares": 0
            },
            "pinterest": {
                "shares": 0
            },
            "linkedin": {
                "shares": 0
            },
            "stumbledupon": {
                "shares": 0
            },
            "vk": {
                "shares": 0
            }
        }
    },
    "uuid": "e670af0219dd54c3e344a243cb3a197ecaac7b39",
    "url": "https://www.rtbf.be/article/une-plante-qui-vit-sur-terre-pourrait-pousser-sur-mars-et-y-amener-la-vie-11399581",
    "ord_in_thread": 0,
    "parent_url": null,
    "author": "Chloé Rosier",
    "published": "2024-07-05T09:00:00.000+03:00",
    "title": "Une plante qui vit sur Terre pourrait pousser sur Mars et y amener la vie - RTBF Actus",
    "text": "Une mousse étudiée par des scientifiques chinois pourrait être le premier habitant de la planète Mars et y amener des conditions de vie plus acceptables pour les être humains. Un article publié dans [Innovation](https://www.cell.com/the-innovation/fulltext/S2666-6758(24)00095-X), explique comment \"Syntrichia caninervis\" pourrait bien être le premier être vivant développé sur Mars depuis la Terre (si tant est que [la Nasa n’a pas déjà amené la vie sur la planète rouge lord de ses différentes missions](https://www.rtbf.be/article/la-nasa-aurait-elle-amene-la-vie-sur-mars-10765707)). Elle pour particularité de mieux pousser après avoir reçu une dose de rayonnement, ce qui lui arriverait forcément en permanence sur Mars qui n’a pas une atmosphère capable de la protéger du rayonnement solaire. Le but serait ici de terraformer la planète Mars, c’est-à-dire, de la rendre propice à la vie et habitable par l’humain. Sachant que l’atmosphère actuelle de Mars est composée à 95% de dioxyde de carbone, il n’est pas possible pour un être humain d’y respirer sans mourir. L’apparition de plantes sur la planète pourrait permettre de commencer à transformer ce CO2 en oxygène et former ainsi une atmosphère acceptable pour l’humain. Évidemment, ce n’est pas la seule chose qui nous retient de déménager sur la planète d’à côté : sa température, l’absence d’eau liquide, les tempêtes de plusieurs mois, le rayonnement…",
    "highlightText": "",
    "highlightTitle": "",
    "highlightThreadTitle": "",
    "language": "french",
    "sentiment": "positive",
    "categories": [
        "Human Interest",
        "Science and Technology",
        "Environment"
    ],
    "webz_reporter": false,
    "external_links": [
        "https://www.cell.com/the-innovation/fulltext/S2666-6758(24)00095-X),",
        "https://cell.com/the-innovation/fulltext/S2666-6758(24)00095-X),"
    ],
    "external_images": [],
    "entities": {
        "persons": [],
        "organizations": [],
        "locations": []
    },
    "rating": null,
    "crawled": "2024-07-05T09:06:45.437+03:00",
    "updated": "2024-07-12T09:33:24.275+03:00"
}