{
    "thread": {
        "uuid": "9f937639928522aa813787ac416ee6da54c16ff6",
        "url": "https://www.prnewswire.com/news-releases/trinasolar-devoile-ses-solutions-photovoltaiques-et-de-stockage-denergie-intelligentes-pour-tous-les-scenarios-au-salon-snec-2024-302189827.html",
        "site_full": "www.prnewswire.com",
        "site": "prnewswire.com",
        "site_section": "https://prnewswire.com/news-releases/consumer-technology-latest-news/computer-electronics-list/",
        "site_categories": [
            "media"
        ],
        "section_title": "All Computer Electronics News and Press Releases from PR Newswire",
        "title": "Trinasolar dévoile ses solutions photovoltaïques et de stockage d'énergie intelligentes pour tous les scénarios au salon SNEC 2024",
        "title_full": "Trinasolar dévoile ses solutions photovoltaïques et de stockage d'énergie intelligentes pour tous les scénarios au salon SNEC 2024",
        "published": "2024-07-05T07:14:00.000+03:00",
        "replies_count": 0,
        "participants_count": 1,
        "site_type": "news",
        "country": "US",
        "main_image": "",
        "performance_score": 0,
        "domain_rank": 193,
        "domain_rank_updated": "2024-07-02T13:08:10.000+03:00",
        "reach": null,
        "social": {
            "facebook": {
                "likes": 0,
                "comments": 0,
                "shares": 0
            },
            "gplus": {
                "shares": 0
            },
            "pinterest": {
                "shares": 0
            },
            "linkedin": {
                "shares": 0
            },
            "stumbledupon": {
                "shares": 0
            },
            "vk": {
                "shares": 0
            }
        }
    },
    "uuid": "9f937639928522aa813787ac416ee6da54c16ff6",
    "url": "https://www.prnewswire.com/news-releases/trinasolar-devoile-ses-solutions-photovoltaiques-et-de-stockage-denergie-intelligentes-pour-tous-les-scenarios-au-salon-snec-2024-302189827.html",
    "ord_in_thread": 0,
    "parent_url": null,
    "author": "Trina Solar Co., Ltd",
    "published": "2024-07-05T07:14:00.000+03:00",
    "title": "Trinasolar dévoile ses solutions photovoltaïques et de stockage d'énergie intelligentes pour tous les scénarios au salon SNEC 2024",
    "text": "CHANGZHOU , Chine , 5 juillet 2024 /PRNewswire/ -- Trinasolar a présenté un portefeuille complet de produits de services publics, commerciaux, industriels et résidentiels, notamment des modules photovoltaïques solaires, des structures de fixation et des systèmes de stockage d'énergie lors du salon SNEC 2024.\nLes solutions de niveau services publics présentées au SNEC apportent une valeur et une efficience accrues\nLes solutions de services publics de Trinasolar, composées de modules de la série Vertex N 720W, Vanguard 1P et Elementa 2, ont attiré l'attention des visiteurs. L'entreprise expose également ses solutions pour les scénarios commerciaux, industriels et résidentiels.\nLes modules de la série Vertex N 720W se caractérisent par un rendement énergétique plus élevé et un coût actualisé de l'énergie plus faible ; le tracker Vanguard 1P est doté d'un rendement énergétique exceptionnel et d'une perte énergétique diminuée ; Elementa 2 est un système de stockage d'énergie avancé et très efficient pour les projets de services publics. « La combinaison des modules, des trackers et des solutions de stockage d'énergie de Trinasolar apportera aux clients une valeur supérieure et une réduction du coût actualisé de l'énergie », déclare Cao Yunduan, responsable de la stratégie de marque et du marketing, Trinasolar.\nElementa 2, le produit phare pour le stockage d'énergie : une fiabilité renforcée et un coût actualisé de stockage plus faible\nTrina Storage a présenté ses cellules LFP exclusives avec des capacités de 314Ah et 500Ah.\nL'exposition Elementa 2 a suscité un vif intérêt auprès des visiteurs. Doté des cellules de batterie LFP de Trina, Elementa 2 offre une capacité impressionnante de 5 MWh, ce qui répond parfaitement à l'évolution du secteur vers des systèmes de plus grande taille. Elementa 2 bénéficie d'une conception fiable, avancée et très efficiente, répondant aux besoins du marché. Avec Elementa 2, les projets peuvent être déployés plus rapidement et de manière plus rentable, ce qui permet d'obtenir un coût actualisé de stockage inférieur tout en réduisant de manière significative à la fois les dépenses d'investissement et les dépenses d'exploitation.\nLes modules Vertex N 700W+ à l'avant-garde du secteur grâce à une technologie de pointe\nKiwa PVEL a décerné à Trinasolar le prix Top Performer au SNEC pour la dixième fois consécutive et a fait l'éloge du module de la série Vertex N 720W, qui est également exposé au salon.\nTrinasolar, pionnier de la plateforme technologique des produits de 210 mm et de l'i-TOPCon de type n- , est le premier du secteur à avoir augmenté la puissance de sortie de 500 W à 600 W, puis à 700 W. L'entreprise a battu le record du monde pour la 26 e fois.\nOutre TOPCon, Trinasolar dispose d'importantes réserves techniques dans plusieurs domaines technologiques. Trinasolar expose au SNEC des modules basés sur les technologies avancées 210 et intégrant i-TOPCon, TSHJ et toutes les technologies de contact arrière séparément, avec une puissance maximale dépassant 760 W.\nL'exposition du tracker Vanguard 2P au SNEC a su séduire les visiteurs. Basé sur un algorithme intelligent optimisant l'angle de suivi, le produit assure une production d'énergie maximale et une réduction du coût actualisé de l'énergie.\nTrinasolar a toujours été un leader du secteur grâce à ses solutions photovoltaïques et de stockage d'énergie intelligentes qui répondent à tous les scénarios.",
    "highlightText": "",
    "highlightTitle": "",
    "highlightThreadTitle": "",
    "language": "french",
    "sentiment": "positive",
    "categories": [
        "Science and Technology",
        "Environment"
    ],
    "webz_reporter": false,
    "external_links": [],
    "external_images": [],
    "entities": {
        "persons": [],
        "organizations": [],
        "locations": []
    },
    "rating": null,
    "crawled": "2024-07-05T07:22:59.904+03:00",
    "updated": "2024-07-05T07:22:59.904+03:00"
}