{
    "thread": {
        "uuid": "902e7925f67227f65b53def55864ef2883e20359",
        "url": "https://www.schooltube.com/thunderstorms-understanding-the-power-of-nature",
        "site_full": "www.schooltube.com",
        "site": "schooltube.com",
        "site_section": "https://www.schooltube.com",
        "site_categories": [],
        "section_title": "SchoolTube",
        "title": "Thunderstorms: Understanding the Power of Nature | SchoolTube",
        "title_full": "Thunderstorms: Understanding the Power of Nature | SchoolTube",
        "published": "2024-07-05T04:16:00.000+03:00",
        "replies_count": 0,
        "participants_count": 1,
        "site_type": "news",
        "country": "US",
        "main_image": "https://www.schooltube.com/wp-content/uploads/2024/07/Thunderstorms-Understanding-the-Power-of-Nature.jpg",
        "performance_score": 0,
        "domain_rank": 97096,
        "domain_rank_updated": "2024-07-02T13:08:29.000+03:00",
        "reach": null,
        "social": {
            "facebook": {
                "likes": 0,
                "comments": 0,
                "shares": 0
            },
            "gplus": {
                "shares": 0
            },
            "pinterest": {
                "shares": 0
            },
            "linkedin": {
                "shares": 0
            },
            "stumbledupon": {
                "shares": 0
            },
            "vk": {
                "shares": 0
            }
        }
    },
    "uuid": "902e7925f67227f65b53def55864ef2883e20359",
    "url": "https://www.schooltube.com/thunderstorms-understanding-the-power-of-nature",
    "ord_in_thread": 0,
    "parent_url": null,
    "author": "SchoolTube Community",
    "published": "2024-07-05T04:16:00.000+03:00",
    "title": "Thunderstorms: Understanding the Power of Nature | SchoolTube",
    "text": "The Science Behind Thunderstorms: Understanding the Power of Nature Thunderstorms, those dramatic displays of nature’s power, are a fascinating blend of atmospheric science and meteorological spectacle. While they can be awe-inspiring, they also hold the potential for significant damage. Understanding how these storms form and what makes them so powerful is crucial for safety and appreciating the forces at play in our atmosphere. The Ingredients for a Thunderstorm Thunderstorms require a specific set of ingredients to brew: - Moisture: The air must contain sufficient moisture to form clouds and eventually rain. Warm, humid air is ideal for this purpose. - Unstable Air: The air must be unstable, meaning that warm, lighter air is sitting atop cooler, denser air. This instability creates an environment where the warm air rises rapidly, leading to cloud formation. - Lifting Mechanism: Something needs to trigger the upward movement of the warm, moist air. This could be a front (boundary between two air masses), a mountain range, or even a local thermal updraft. The Stages of Thunderstorm Development Thunderstorms progress through three distinct stages: - Cumulus Stage: This is the initial stage where warm, moist air rises, forming cumulus clouds. As the air rises and cools, water vapor condenses into tiny water droplets, creating the familiar puffy, white clouds. - Mature Stage: This stage is characterized by the development of a strong updraft and downdraft within the cloud. The updraft carries warm, moist air upward, while the downdraft brings cooler, drier air downward. This stage is where heavy rain, hail, lightning, and strong winds occur. - Dissipating Stage: As the updraft weakens, the storm begins to dissipate. The downdraft dominates, and the storm loses its intensity. Rain becomes lighter, and the cloud eventually evaporates. The Power of Lightning Lightning is a spectacular and potentially dangerous phenomenon within thunderstorms. It occurs when the separation of electrical charges within the storm cloud reaches a critical point. The intense electrical discharge can heat the air to temperatures five times hotter than the surface of the sun, creating the brilliant flash of light we see. Thunderstorm Safety Thunderstorms can be unpredictable and dangerous. Here are some safety tips to keep in mind: - Seek shelter indoors: If you hear thunder, it’s time to seek shelter indoors. Avoid areas with plumbing or electrical wiring, as these can provide a pathway for lightning. - Stay away from windows and doors: Lightning can strike objects outside and travel through windows and doors. - Avoid open fields, water, and tall trees: These are all prime targets for lightning strikes. - If caught outside, find a low-lying area: If you can’t reach shelter, find a low-lying area, such as a ditch or valley, and crouch down. - Don’t use electronic devices during a thunderstorm: Lightning can travel through wires and damage electronics. Conclusion Thunderstorms are awe-inspiring displays of nature’s power. By understanding the science behind their formation and taking appropriate safety precautions, we can appreciate these storms while staying safe. Remember, the next time you hear thunder, seek shelter immediately and respect the power of nature.",
    "highlightText": "",
    "highlightTitle": "",
    "highlightThreadTitle": "",
    "language": "english",
    "sentiment": "positive",
    "categories": [
        "Science and Technology",
        "Environment"
    ],
    "webz_reporter": false,
    "external_links": [],
    "external_images": [],
    "entities": {
        "persons": [],
        "organizations": [],
        "locations": []
    },
    "rating": null,
    "crawled": "2024-07-05T05:45:49.700+03:00",
    "updated": "2024-07-05T05:45:49.700+03:00"
}