{
    "thread": {
        "uuid": "453b7809845e8d18201c7bf93b95d0ea72681885",
        "url": "https://www.schooltube.com/the-fascinating-world-of-sharks-separating-fact-from-fiction",
        "site_full": "www.schooltube.com",
        "site": "schooltube.com",
        "site_section": "https://schooltube.com",
        "site_categories": [],
        "section_title": "SchoolTube",
        "title": "The Fascinating World of Sharks: Separating Fact from Fiction | SchoolTube",
        "title_full": "The Fascinating World of Sharks: Separating Fact from Fiction | SchoolTube",
        "published": "2024-07-05T02:31:00.000+03:00",
        "replies_count": 0,
        "participants_count": 1,
        "site_type": "news",
        "country": "US",
        "main_image": "https://www.schooltube.com/wp-content/uploads/2024/07/The-Fascinating-World-of-Sharks-Separating-Fact-from-Fiction.jpg",
        "performance_score": 0,
        "domain_rank": 97096,
        "domain_rank_updated": "2024-07-02T13:08:29.000+03:00",
        "reach": null,
        "social": {
            "facebook": {
                "likes": 0,
                "comments": 0,
                "shares": 0
            },
            "gplus": {
                "shares": 0
            },
            "pinterest": {
                "shares": 0
            },
            "linkedin": {
                "shares": 0
            },
            "stumbledupon": {
                "shares": 0
            },
            "vk": {
                "shares": 0
            }
        }
    },
    "uuid": "453b7809845e8d18201c7bf93b95d0ea72681885",
    "url": "https://www.schooltube.com/the-fascinating-world-of-sharks-separating-fact-from-fiction",
    "ord_in_thread": 0,
    "parent_url": null,
    "author": "SchoolTube Community",
    "published": "2024-07-05T02:31:00.000+03:00",
    "title": "The Fascinating World of Sharks: Separating Fact from Fiction | SchoolTube",
    "text": "The Fascinating World of Sharks: Separating Fact from Fiction Sharks are among the most captivating and misunderstood creatures on Earth. Their sleek bodies, powerful jaws, and ancient lineage have inspired awe, fear, and countless myths throughout history. With the rise of popular culture, sharks have become a recurring theme in movies, television shows, and even video games, often portrayed as ferocious predators that pose a constant threat to humans. But how much of this portrayal is based on reality? This article delves into the fascinating world of sharks, separating fact from fiction. We’ll explore their diverse biology, their essential role in marine ecosystems, and the reasons behind their often-negative portrayal in the media. By understanding these magnificent creatures, we can appreciate their true nature and dispel the misconceptions that surround them. Myth: Sharks are Man-Eating Machines One of the most persistent myths about sharks is that they are indiscriminate man-eaters. While it’s true that some shark species can pose a threat to humans, the vast majority are not interested in us as prey. In fact, there are over 500 species of sharks, and only a handful have been known to attack humans, and even fewer are considered to be truly dangerous. The most common shark attacks involve species like the great white, tiger, and bull shark, all of which inhabit coastal waters frequented by humans. However, even these species are more likely to be wary of humans than aggressive towards them. Most attacks are believed to be cases of mistaken identity, where the shark mistakes a human for its usual prey, such as seals or sea lions. Myth: Sharks Attack Humans Without Provocation Another common myth is that sharks attack humans without any provocation. While some attacks may seem unprovoked, the reality is that sharks are usually triggered by a variety of factors, including: - Sight: Sharks have excellent vision and can spot potential prey from a distance. - Smell: Sharks have a highly developed sense of smell and can detect traces of blood, urine, or other bodily fluids in the water. - Sound: Sharks are sensitive to sound and vibrations in the water, which can be caused by splashing, swimming, or even the sound of a boat engine. - Movement: Sharks are attracted to movement in the water, which can be interpreted as a sign of potential prey. By understanding these triggers, we can take steps to minimize our risk of encountering a shark in the first place. This includes avoiding swimming in areas known to have a high shark population, avoiding swimming at dawn or dusk when sharks are most active, and being mindful of our movements in the water. Myth: Sharks are Unintelligent Creatures Sharks are often portrayed as mindless, instinct-driven creatures, but this couldn’t be further from the truth. Research has shown that sharks are highly intelligent animals, capable of complex behaviors and problem-solving. They have excellent memory, can learn from experience, and even exhibit social interactions. For example, studies have shown that sharks can recognize individual humans, and even associate certain people with positive or negative experiences. They also have a sophisticated communication system, using a variety of sounds and movements to communicate with each other. The Importance of Sharks Sharks play a vital role in maintaining the health of our oceans. As apex predators, they help to control populations of other marine animals, keeping ecosystems in balance. They also contribute to the health of coral reefs, which are essential for marine biodiversity and coastal protection. Sadly, shark populations are declining worldwide due to overfishing, habitat loss, and bycatch. It’s crucial that we take steps to protect these amazing creatures and ensure their survival for future generations. Conclusion: Embracing the Truth About Sharks By understanding the truth about sharks, we can dispel the myths and misconceptions that surround them. These magnificent creatures are not mindless man-eating machines, but rather intelligent, complex, and essential parts of our planet’s ecosystem. By appreciating their true nature, we can become better stewards of the oceans and ensure their continued existence for generations to come.",
    "highlightText": "",
    "highlightTitle": "",
    "highlightThreadTitle": "",
    "language": "english",
    "sentiment": "positive",
    "categories": [
        "Human Interest",
        "Science and Technology",
        "Environment"
    ],
    "webz_reporter": false,
    "external_links": [],
    "external_images": [],
    "entities": {
        "persons": [],
        "organizations": [],
        "locations": [
            {
                "name": "earth",
                "sentiment": "none"
            }
        ]
    },
    "rating": null,
    "crawled": "2024-07-05T04:40:54.598+03:00",
    "updated": "2024-07-05T04:40:54.598+03:00"
}