{
    "thread": {
        "uuid": "010a2d1195810ae54618d4d76e11cd8769eca125",
        "url": "https://www.schooltube.com/the-fascinating-world-of-marine-life-exploring-the-depths-of-our-oceans",
        "site_full": "www.schooltube.com",
        "site": "schooltube.com",
        "site_section": "https://www.schooltube.com/author/community",
        "site_categories": [],
        "section_title": "SchoolTube Community | SchoolTube",
        "title": "The Fascinating World of Marine Life: Exploring the Depths of Our Oceans | SchoolTube",
        "title_full": "The Fascinating World of Marine Life: Exploring the Depths of Our Oceans | SchoolTube",
        "published": "2024-07-05T03:54:00.000+03:00",
        "replies_count": 0,
        "participants_count": 1,
        "site_type": "news",
        "country": "US",
        "main_image": "https://www.schooltube.com/wp-content/uploads/2024/07/The-Fascinating-World-of-Marine-Life-Exploring-the-Depths-of-Our-Oceans.jpg",
        "performance_score": 0,
        "domain_rank": 97096,
        "domain_rank_updated": "2024-07-02T13:08:29.000+03:00",
        "reach": null,
        "social": {
            "facebook": {
                "likes": 0,
                "comments": 0,
                "shares": 0
            },
            "gplus": {
                "shares": 0
            },
            "pinterest": {
                "shares": 0
            },
            "linkedin": {
                "shares": 0
            },
            "stumbledupon": {
                "shares": 0
            },
            "vk": {
                "shares": 0
            }
        }
    },
    "uuid": "010a2d1195810ae54618d4d76e11cd8769eca125",
    "url": "https://www.schooltube.com/the-fascinating-world-of-marine-life-exploring-the-depths-of-our-oceans",
    "ord_in_thread": 0,
    "parent_url": null,
    "author": "SchoolTube Community",
    "published": "2024-07-05T03:54:00.000+03:00",
    "title": "The Fascinating World of Marine Life: Exploring the Depths of Our Oceans | SchoolTube",
    "text": "The Fascinating World of Marine Life: Exploring the Depths of Our Oceans The ocean, a vast and mysterious realm, covers over 70% of our planet’s surface and holds a staggering diversity of life. From the tiniest plankton to the majestic whales, the marine world is a captivating tapestry of wonder and complexity. In this blog post, we’ll embark on a journey to explore the fascinating creatures that inhabit our oceans, delve into the ecological balance of these underwater ecosystems, and discuss the importance of conservation efforts. A World of Wonders: Discovering Marine Life The ocean is home to a mind-boggling array of species, each with its unique adaptations and ecological role. From the coral reefs teeming with vibrant fish to the deep-sea trenches inhabited by bizarre creatures, the marine world is a treasure trove of biodiversity. Fish: The Abundant Inhabitants Fish are the most abundant vertebrates on Earth, with over 30,000 known species. They come in all shapes, sizes, and colors, adapted to a wide range of habitats. Some fish, like the clownfish, live in symbiotic relationships with anemones, while others, like the tuna, are powerful predators that roam the open ocean. Marine Mammals: Giants of the Sea Marine mammals, such as whales, dolphins, seals, and sea lions, are highly intelligent and social creatures. Whales, in particular, are awe-inspiring giants that can grow to enormous sizes. These majestic creatures play a crucial role in maintaining the health of ocean ecosystems. Invertebrates: The Unsung Heroes Invertebrates, which include animals without backbones like jellyfish, corals, crabs, and starfish, make up the majority of marine life. These creatures are essential for the functioning of marine ecosystems, from filtering water to providing food for other animals. The Interconnectedness of Marine Ecosystems Marine ecosystems are interconnected and rely on a delicate balance to thrive. The food chain, for example, is a complex network of organisms that depend on each other for survival. Plankton, the microscopic organisms at the base of the food chain, are consumed by larger animals, which are in turn consumed by even larger predators. Coral Reefs: Biodiversity Hotspots Coral reefs are among the most diverse ecosystems on Earth, providing habitat for a vast array of marine life. These underwater cities are essential for the health of oceans, as they protect coastlines from erosion, provide food and income for coastal communities, and contribute to the global carbon cycle. Conservation Efforts: Protecting Our Oceans Human activities, such as pollution, overfishing, and climate change, are posing significant threats to marine ecosystems. It’s crucial to take action to protect our oceans and the life they support. Reducing Pollution Pollution from land-based sources, such as plastic waste and agricultural runoff, is contaminating oceans and harming marine life. We can reduce pollution by reducing our consumption of plastic, properly disposing of waste, and promoting sustainable agricultural practices. Sustainable Fishing Practices Overfishing is depleting fish stocks and disrupting marine ecosystems. Sustainable fishing practices, such as setting catch limits and using fishing gear that minimizes bycatch, are essential for ensuring the long-term health of fisheries. Addressing Climate Change Climate change is causing ocean acidification, warming waters, and sea level rise, which are having devastating impacts on marine life. We can mitigate climate change by reducing our carbon footprint and supporting efforts to transition to renewable energy sources. Conclusion The marine world is a fascinating and complex ecosystem that is essential for the health of our planet. By understanding the interconnectedness of marine life and the threats they face, we can take action to protect our oceans and ensure that future generations can enjoy the wonders of this incredible realm.",
    "highlightText": "",
    "highlightTitle": "",
    "highlightThreadTitle": "",
    "language": "english",
    "sentiment": "positive",
    "categories": [
        "Science and Technology",
        "Lifestyle and Leisure",
        "Environment"
    ],
    "webz_reporter": false,
    "external_links": [],
    "external_images": [],
    "entities": {
        "persons": [],
        "organizations": [],
        "locations": [
            {
                "name": "earth",
                "sentiment": "none"
            }
        ]
    },
    "rating": null,
    "crawled": "2024-07-05T05:09:00.155+03:00",
    "updated": "2024-07-05T05:09:00.155+03:00"
}