{
    "thread": {
        "uuid": "f90520e64d3d7bf62a1a908a061ce333d5d41b0b",
        "url": "https://techplanet.today/post/improve-indoor-air-quality-with-hepa-filter-air-purifier-from-box-altitude",
        "site_full": "techplanet.today",
        "site": "techplanet.today",
        "site_section": "https://techplanet.today/recent",
        "site_categories": [],
        "section_title": "Recent | TechPlanet",
        "title": "Improve Indoor Air Quality with HEPA Filter Air Purifier from Box Altitude | TechPlanet",
        "title_full": "Improve Indoor Air Quality with HEPA Filter Air Purifier from Box Altitude | TechPlanet",
        "published": "2024-07-05T03:20:00.000+03:00",
        "replies_count": 0,
        "participants_count": 0,
        "site_type": "news",
        "country": "IN",
        "main_image": "",
        "performance_score": 0,
        "domain_rank": 14715,
        "domain_rank_updated": "2024-07-02T13:08:10.000+03:00",
        "reach": null,
        "social": {
            "facebook": {
                "likes": 0,
                "comments": 0,
                "shares": 0
            },
            "gplus": {
                "shares": 0
            },
            "pinterest": {
                "shares": 0
            },
            "linkedin": {
                "shares": 0
            },
            "stumbledupon": {
                "shares": 0
            },
            "vk": {
                "shares": 0
            }
        }
    },
    "uuid": "f90520e64d3d7bf62a1a908a061ce333d5d41b0b",
    "url": "https://techplanet.today/post/improve-indoor-air-quality-with-hepa-filter-air-purifier-from-box-altitude",
    "ord_in_thread": 0,
    "parent_url": null,
    "author": null,
    "published": "2024-07-05T03:20:00.000+03:00",
    "title": "Improve Indoor Air Quality with HEPA Filter Air Purifier from Box Altitude | TechPlanet",
    "text": "Introduction Do you ever wonder about the quality of the air you breathe indoors? With pollution levels on the rise, it's important to take steps to improve the air quality in your home or office. One effective way to do this is by using a HEPA filter air purifier from Sleeping at altitude . In this blog article, we will explore the benefits of using a HEPA filter air purifier and how it can help improve your indoor air quality. What is a HEPA Filter Air Purifier? HEPA stands for High Efficiency Particulate Air. A HEPA filter is a type of mechanical air filter that can trap particles as small as 0.3 microns with an efficiency of 99.97%. This means that it can effectively remove common indoor pollutants such as dust, pollen, pet dander, mold spores, and even some viruses and bacteria. Benefits of Using a HEPA Filter Air Purifier Using a HEPA filter air purifier has numerous benefits for your health and well-being. Here are some of the key advantages: Clean and Fresh Air One of the main benefits of using a HEPA filter air purifier is that it helps remove airborne particles and pollutants from your indoor environment. This means that you can breathe cleaner and fresher air, which is especially beneficial for individuals with allergies, asthma, or respiratory conditions. Allergen Reduction HEPA filter air air purifier hepa filter effective at reducing allergens in the air. They can capture and trap common allergens such as pollen, dust mites, and pet dander, helping to alleviate allergy symptoms and improve overall comfort. Odor Elimination In addition to capturing particles, endura cycling can also help eliminate unpleasant odors from your indoor space. They can remove odors from cooking, pets, smoke, and other sources, leaving your home or office smelling fresh and clean. Improved Sleep Quality Did you know that poor air quality can affect your sleep? Dust, allergens, and other pollutants in the air can disrupt your sleep and lead to breathing difficulties. By using a HEPA filter air purifier, you can create a clean and allergen-free sleeping environment, helping you to get a better night's sleep. Protection Against Germs and Viruses HEPA filter air purifiers can also help protect you against germs and viruses. They can capture and trap airborne bacteria and viruses, reducing the risk of respiratory infections and illnesses. Conclusion Improving your indoor air endurance athlete for your health and well-being. By using a HEPA filter air purifier from Box Altitude, you can enjoy clean and fresh air, reduce allergens, eliminate odors, improve sleep quality, and protect yourself against germs and viruses. Invest in a HEPA filter air purifier today and experience the benefits firsthand!",
    "highlightText": "",
    "highlightTitle": "",
    "highlightThreadTitle": "",
    "language": "english",
    "sentiment": "positive",
    "categories": [
        "Health",
        "Environment"
    ],
    "webz_reporter": false,
    "external_links": [
        "https://boxaltitude.com/",
        "https://boxaltitude.com",
        "https://www.boxaltitude.com/"
    ],
    "external_images": [],
    "entities": {
        "persons": [],
        "organizations": [],
        "locations": []
    },
    "rating": null,
    "crawled": "2024-07-05T08:24:28.910+03:00",
    "updated": "2024-07-05T08:24:28.910+03:00"
}