{
    "thread": {
        "uuid": "c672beae4ded73fb07a7a35770d617bc2d8927ca",
        "url": "https://techplanet.today/post/the-ultimate-guide-to-effective-pest-control-1",
        "site_full": "techplanet.today",
        "site": "techplanet.today",
        "site_section": "https://techplanet.today/recent",
        "site_categories": [],
        "section_title": "Recent | TechPlanet",
        "title": "The Ultimate Guide to Effective Pest Control | TechPlanet",
        "title_full": "The Ultimate Guide to Effective Pest Control | TechPlanet",
        "published": "2024-07-05T03:21:00.000+03:00",
        "replies_count": 0,
        "participants_count": 0,
        "site_type": "news",
        "country": "IN",
        "main_image": "https://techplanet.today/storage/posts/2024/07/05/51/RnjmIgLxGUrx8k4ALvbIXmhGGXR2T7so5hUdz1H2.png",
        "performance_score": 0,
        "domain_rank": 14715,
        "domain_rank_updated": "2024-07-02T13:08:10.000+03:00",
        "reach": null,
        "social": {
            "facebook": {
                "likes": 0,
                "comments": 0,
                "shares": 0
            },
            "gplus": {
                "shares": 0
            },
            "pinterest": {
                "shares": 0
            },
            "linkedin": {
                "shares": 0
            },
            "stumbledupon": {
                "shares": 0
            },
            "vk": {
                "shares": 0
            }
        }
    },
    "uuid": "c672beae4ded73fb07a7a35770d617bc2d8927ca",
    "url": "https://techplanet.today/post/the-ultimate-guide-to-effective-pest-control-1",
    "ord_in_thread": 0,
    "parent_url": null,
    "author": null,
    "published": "2024-07-05T03:21:00.000+03:00",
    "title": "The Ultimate Guide to Effective Pest Control | TechPlanet",
    "text": "Pest control is an essential part of maintaining a healthy and comfortable living environment. Whether you’re a homeowner, a business owner, or a renter, dealing with pests is a common issue that can range from being a minor annoyance to a major health hazard. This comprehensive guide aims to provide you with everything you need to know about pest control, from prevention to treatment and everything in between. Why Pest Control Matters Pests such as rodents, insects, and other unwanted creatures can cause significant damage to property and pose serious health risks. They can contaminate food, spread diseases, and trigger allergies. Effective pest control pest control not only protects your property but also ensures the well-being of your family and pets. Common Household Pests - Ants: These tiny insects can invade your home in search of food and water. They can cause structural damage and contaminate food supplies. - Cockroaches: Known for their resilience, cockroaches are carriers of various pathogens and can exacerbate asthma and allergies. - Rodents: Mice and rats can cause extensive property damage by chewing through wires, insulation, and wood. They also carry diseases such as Hantavirus and Salmonella. - Termites: These silent destroyers can cause significant structural damage by feeding on wood, often going unnoticed until it’s too late. - Bed Bugs: These nocturnal pests feed on human blood, causing itchy bites and potential allergic reactions. Prevention Tips The best way to deal with pests is to prevent them from becoming a problem in the first place. Here are some effective prevention tips: - Maintain Cleanliness: Regularly clean your home, focusing on kitchen surfaces and food storage areas. Properly store food in sealed containers. - Seal Entry Points: Inspect and seal any cracks or gaps in walls, doors, and windows to prevent pests from entering. - Proper Waste Management: Dispose of garbage regularly and use sealed bins to prevent attracting pests. - Fix Leaks: Repair any plumbing leaks to eliminate moisture sources that attract pests. - Regular Inspections: Conduct routine inspections of your property to identify and address potential pest problems early. DIY Pest Control Methods If you prefer to handle pest control pest control on your own, here are some DIY methods you can try: - Natural Repellents: Use natural repellents such as peppermint oil, vinegar, and diatomaceous earth to deter pests. - Traps and Baits: Set up traps and baits for rodents and insects to capture and eliminate them. - Homemade Sprays: Create homemade sprays using ingredients like lemon juice, essential oils, and soap to target specific pests. When to Call a Professional While DIY methods can be effective for minor infestations, there are times when professional pest control services are necessary: - Severe Infestations: If you have a large or persistent pest problem, professional exterminators have the expertise and tools to handle it effectively. - Health Risks: Certain pests, like termites and bed bugs, require specialized treatment to eliminate them completely and prevent re-infestation. - Safety Concerns: Handling chemical pesticides can be dangerous if not done correctly. Professionals ensure safe and effective application. Choosing the Right Pest Control Service When selecting a pest control service, consider the following factors: - Experience and Reputation: Look for companies with a proven track record and positive customer reviews. - Licensing and Certification: Ensure the company is licensed and certified to perform pest control services in your area. - Eco-Friendly Options: Opt for companies that offer environmentally friendly pest control solutions. - Guarantee and Follow-Up: Choose a service that provides a guarantee on their work and offers follow-up visits if necessary. Conclusion Pest control is a critical aspect of maintaining a safe and healthy living environment. By understanding common pests, implementing preventative measures, and knowing when to call in professionals, you can effectively manage and eliminate pest problems. Remember, a proactive approach to pest control is always better than dealing with a full-blown infestation. Stay vigilant, and keep your home pest-free!",
    "highlightText": "",
    "highlightTitle": "",
    "highlightThreadTitle": "",
    "language": "english",
    "sentiment": "positive",
    "categories": [
        "Health",
        "Environment"
    ],
    "webz_reporter": false,
    "external_links": [
        "https://pestbrigade.com.au/gippsland-pest-inspections/",
        "https://www.pestbrigade.com.au/gippsland-pest-inspections/",
        "https://pestbrigade.com.au/gippsland-pest-inspections"
    ],
    "external_images": [],
    "entities": {
        "persons": [
            {
                "name": "wheth",
                "sentiment": "neutral"
            }
        ],
        "organizations": [],
        "locations": []
    },
    "rating": null,
    "crawled": "2024-07-05T08:24:30.567+03:00",
    "updated": "2024-07-05T08:24:30.567+03:00"
}