{
    "thread": {
        "uuid": "2bd872749b7b45d52e94f3bf866dcc554087ae65",
        "url": "https://www.eldia.es/tendencias21/2024/07/05/crea-primer-acceso-gratuito-superficie-105085914.html",
        "site_full": "www.eldia.es",
        "site": "eldia.es",
        "site_section": "https://www.eldia.es/rss",
        "site_categories": [
            "media"
        ],
        "section_title": "eldia.es - General",
        "title": "Se crea el primer acceso gratuito a la superficie lunar",
        "title_full": "Se crea el primer acceso gratuito a la superficie lunar",
        "published": "2024-07-05T08:23:00.000+03:00",
        "replies_count": 0,
        "participants_count": 1,
        "site_type": "news",
        "country": "ES",
        "main_image": "https://estaticos-cdn.prensaiberica.es/clip/83994a72-3a6c-49de-9ed9-a796aae9e51f_16-9-discover-aspect-ratio_default_0.jpg",
        "performance_score": 0,
        "domain_rank": 24574,
        "domain_rank_updated": "2024-07-02T13:08:10.000+03:00",
        "reach": null,
        "social": {
            "facebook": {
                "likes": 0,
                "comments": 0,
                "shares": 0
            },
            "gplus": {
                "shares": 0
            },
            "pinterest": {
                "shares": 0
            },
            "linkedin": {
                "shares": 0
            },
            "stumbledupon": {
                "shares": 0
            },
            "vk": {
                "shares": 0
            }
        }
    },
    "uuid": "2bd872749b7b45d52e94f3bf866dcc554087ae65",
    "url": "https://www.eldia.es/tendencias21/2024/07/05/crea-primer-acceso-gratuito-superficie-105085914.html",
    "ord_in_thread": 0,
    "parent_url": null,
    "author": "Redacción T21",
    "published": "2024-07-05T08:23:00.000+03:00",
    "title": "Se crea el primer acceso gratuito a la superficie lunar",
    "text": "Tecnología espacial\nSe crea el primer acceso gratuito a la superficie lunar\nLos científicos ya disponen de imágenes de alta resolución para explorar sus recursos minerales\nRedacción T21\nUn software de código abierto llamado Moonindex facilita a los científicos una herramienta gratuita para explorar el posible uso de los recursos minerales de la Luna en futuras misiones espaciales y para identificar sitios de aterrizaje adecuados.\nLa exploración lunar ha sido durante mucho tiempo un sueño inalcanzable para la mayoría de las personas, limitado por los altos costos y la complejidad tecnológica. Sin embargo, una iniciativa innovadora liderada por la Universidad Constructor (Bremen, Alemania) está a punto de cambiar eso por completo.\nLa iniciativa de \"Acceso Gratuito a la Superficie Lunar\", denominada MoonIndex, es un software de código abierto que genera índices espectrales para la Luna a partir del Moon Mineralogy Mapper (M3): un espectrómetro de imágenes que ha elaborado el primer mapa espacial y espectral de alta resolución de toda la superficie lunar, revelando los minerales que la componen.\nCálculos matemáticos\nLos índices espectrales son cálculos matemáticos que se aplican a las bandas espectrales de los datos de imágenes para identificar y cuantificar diferentes características de la superficie lunar, como minerales, hielo de agua, y otros compuestos.\nLos índices espectrales son parámetros definidos a partir de las características de los espectros de reflectancia y son útiles para investigar las propiedades espectrales de una superficie y recuperar propiedades mineralógicas de un cuerpo planetario.\nPueden revelar la presencia de minerales específicos en las rocas, indicar variaciones mineralógicas de diferentes unidades, resaltar propiedades físicas de una superficie o mostrar el efecto de la exposición al entorno espacial.\nÍndices lunares\nPara la Luna, se han formulado varios índices espectrales a lo largo del tiempo utilizando datos de muchas naves espaciales, pero no se dispone de una base de datos unificada.\nAlgunos de los índices utilizados en esta investigación reproducen exactamente los que se encuentran en la literatura, mientras que, en otros casos, los cálculos de los índices difieren debido a limitaciones de procesamiento o debido a información faltante en las formulaciones originales, explican los investigadores.\nEl software MoonIndex ha utilizado 39 índices espectrales diseñados para trabajar con los datos de M3. Estos índices han permitido a los científicos identificar minerales como la olivina y la anortosita, que son importantes para comprender la geología de la Luna.\nMoonIndex, escrito en el lenguaje de programación Python, ofrece a los investigadores acceso gratuito a imágenes de alta calidad de la superficie lunar. Esto permite a una amplia audiencia estudiar y analizar la geología y características de la Luna, fomentando una mayor participación y colaboración en la investigación espacial. Es una contribución significativa a la democratización de la ciencia.\nExplotación lunar\nLa importancia de MoonIndex radica en su confiabilidad y versatilidad para analizar la composición de la superficie lunar, lo que podría ser crucial para el uso de los recursos naturales de la luna en futuras misiones espaciales y para identificar sitios de aterrizaje adecuados, según sus creadores.\nEl lanzamiento de MoonIndex llega en un momento oportuno, dado el creciente interés en la exploración lunar. Varios países han lanzado misiones lunares este año o tienen planes de hacerlo. Por ejemplo, la NASA de EE. UU. planea lanzar la misión Artemis 2 en noviembre, que tiene como objetivo poner a varios astronautas en órbita alrededor de la luna.\nLa investigación sobre Monnindex se llevó a cabo bajo el paraguas del proyecto EXPLORE y el proyecto GMAP de la sociedad Europlanet, ambos enfocados en avanzar en la ciencia planetaria en Europa.\nReferencia\nMoonIndex, an Open-Source Tool to Generate Spectral Indexes for the Moon From M3 Data. Javier Eduardo Suárez-Valencia et al. Earth and Space Science, 18 June 2024. DOI:https://doi.org/10.1029/2023EA003464 Salió de la casa con vida': una de las personas con las que Jay Slater fue a Masca estuvo preso por narcotráfico Unas gafas de sol halladas en Masca lleva a la madre de Jay Slater a suplicar que sigan buscando al joven Sorpresa con Iberia en plenas vacaciones de verano: la aerolínea ha cambiado su política de equipaje Aviso de la Seguridad Social: novedad muy importante que afecta a los trabajadores que están de baja Hay vecinos enterrados en vida porque no pueden salir de su casa en Juan XXIII La Justicia obliga al Cabildo a incoar la protección del monumento a Franco de Santa Cruz Marihuana, hachís, cocaína y ketamina: las drogas vendidas ilegalmente en un club cannábico de Los Realejos Brad, un amigo de Jay Slater, asegura haberlo escuchado resbalar",
    "highlightText": "",
    "highlightTitle": "",
    "highlightThreadTitle": "",
    "language": "spanish",
    "sentiment": "positive",
    "categories": [
        "Science and Technology",
        "Human Interest",
        "Environment"
    ],
    "webz_reporter": false,
    "external_links": [
        "https://www.agupubs.onlinelibrary.wiley.com/doi/10.1029/2023EA003464",
        "https://doi.org/10.1029/2023EA003464",
        "https://www.doi.org/10.1029/2023EA003464",
        "https://agupubs.onlinelibrary.wiley.com/doi/10.1029/2023EA003464"
    ],
    "external_images": [],
    "entities": {
        "persons": [],
        "organizations": [],
        "locations": []
    },
    "rating": null,
    "crawled": "2024-07-05T08:51:31.481+03:00",
    "updated": "2024-07-05T08:51:31.481+03:00"
}