{
    "thread": {
        "uuid": "65edc89c16c9791ca7e6399971e07f03d3cdefe3",
        "url": "https://techplanet.today/post/sustainable-quartz-environmental-considerations-in-manufacturing",
        "site_full": "techplanet.today",
        "site": "techplanet.today",
        "site_section": "https://techplanet.today/recent",
        "site_categories": [],
        "section_title": "Recent | TechPlanet",
        "title": "Sustainable Quartz: Environmental Considerations in Manufacturing | TechPlanet",
        "title_full": "Sustainable Quartz: Environmental Considerations in Manufacturing | TechPlanet",
        "published": "2024-07-05T05:15:00.000+03:00",
        "replies_count": 0,
        "participants_count": 0,
        "site_type": "news",
        "country": "IN",
        "main_image": "https://techplanet.today/storage/posts/2024/07/05/15/qU4Cnnk3GdKOL3JqPrSQHiWOhXZzRy17Gxya2cSy.jpg",
        "performance_score": 0,
        "domain_rank": 14715,
        "domain_rank_updated": "2024-07-02T13:08:10.000+03:00",
        "reach": null,
        "social": {
            "facebook": {
                "likes": 0,
                "comments": 0,
                "shares": 0
            },
            "gplus": {
                "shares": 0
            },
            "pinterest": {
                "shares": 0
            },
            "linkedin": {
                "shares": 0
            },
            "stumbledupon": {
                "shares": 0
            },
            "vk": {
                "shares": 0
            }
        }
    },
    "uuid": "65edc89c16c9791ca7e6399971e07f03d3cdefe3",
    "url": "https://techplanet.today/post/sustainable-quartz-environmental-considerations-in-manufacturing",
    "ord_in_thread": 0,
    "parent_url": null,
    "author": null,
    "published": "2024-07-05T05:15:00.000+03:00",
    "title": "Sustainable Quartz: Environmental Considerations in Manufacturing | TechPlanet",
    "text": "A growing number of manufacturing companies is thereby reinventing itself for more sustainability. They work to make products in an Earthsafe manner. But now Quartz makers too are part of this gang. In this way, they are focusing on making sustainable that is not only good for people but also good for the planet. Waste and Energy Saving Manufacturers are working to reduce these kinds of waste and energy use They are examining how to produce goods in ways that reduce the amount of immense waste created. In addition, efforts are being made not to produce anything that will pollute the air or water. Reduce energy consumption and the release of harmful substances through sustainable machinery. Material Sourcing Responsibly and Efficiently Before making any decisions, a critical consideration given the current circumstances is where manufacturers are getting their materials from. They are exploring sustainable sourcing to get the materials without a negative impact on earth. As it helps to minimize environmental impact by consuming less waste and also saves a great deal of energy, reusing old material for constructing new products helps in meeting our green goals. Moreover, new calacatta quartz are being implemented by manufacturers which requires less energy to mould quartz in different form. Long Live Eco-Friendlyendencies The manufacturers of calacatta quartz slab too, are increasingly moving towards sustainable ways in operations. By powering their manufacturing processes from renewable energy sources like solar, wind, and water. And if they are able to lessen the amount of pollution raised then it is solved by following this. In addition, they are taking packages that eventually can be recycled or biodegrades and this is reducing waste. Moreover, they are selecting more sustainable materials that which do not harm the environment or create an health hazard to humans during quartz production. Safety and Marine Environmental Protection Quartz manufacturers always make the security of their workers a top priority. They even give their staff a specific cloth and mask to protect them from these toxic substances. What is more, they are dedicated to responsibly made calacatta quartzite slab that has been designed to harm the environment as little as possible. Their industrial resources essentially have a safer, cleaner production process as well because they reuse materials and everything else so to make minimal waste. All We Do To Improve Quartz Production Producers are committed to increasing quartz manufacturing in a socially responsible and eco friendly way for all of us. They search for means to save energy, reduce waste and deal with everything from those manufacturing confectioneries to using cannabidiol goods. Most important they want to continue finding new ways of producing quartz without compromising environmental standards.",
    "highlightText": "",
    "highlightTitle": "",
    "highlightThreadTitle": "",
    "language": "english",
    "sentiment": "positive",
    "categories": [
        "Corporate Governance and CSR",
        "Economy, Business and Finance",
        "Environment"
    ],
    "webz_reporter": false,
    "external_links": [
        "https://www.sinostonequartz.com/application/calacatta-quartz-slab",
        "https://www.sinostonequartz.com/application/calacatta-quartz",
        "https://www.sinostonequartz.com/application/calacatta-quartzite-slab",
        "https://sinostonequartz.com/application/calacatta-quartzite-slab",
        "https://sinostonequartz.com/application/calacatta-quartz",
        "https://sinostonequartz.com/application/calacatta-quartz-slab"
    ],
    "external_images": [],
    "entities": {
        "persons": [],
        "organizations": [
            {
                "name": "waste and energy saving manufacturers",
                "sentiment": "none"
            }
        ],
        "locations": []
    },
    "rating": null,
    "crawled": "2024-07-05T10:20:24.499+03:00",
    "updated": "2024-07-05T10:20:24.499+03:00"
}