{
    "thread": {
        "uuid": "5834fa219227c01657dda8bf536b6c0b4b460b7c",
        "url": "https://vnexplorer.net/z/1205240.html",
        "site_full": "vnexplorer.net",
        "site": "vnexplorer.net",
        "site_section": "https://vnexplorer.net/es",
        "site_categories": [
            "health",
            "cold_and_flu"
        ],
        "section_title": "ES - VNExplorer",
        "title": "Cascada Escalera, el atractivo natural que se esconde al noroeste de Córdoba",
        "title_full": "Cascada Escalera, el atractivo natural que se esconde al noroeste de Córdoba",
        "published": "2024-07-05T00:21:00.000+03:00",
        "replies_count": 0,
        "participants_count": 1,
        "site_type": "news",
        "country": "VN",
        "main_image": "https://img-s-msn-com.akamaized.net/tenant/amp/entityid/BB1prifM.img",
        "performance_score": 0,
        "domain_rank": 98072,
        "domain_rank_updated": "2024-07-02T13:08:29.000+03:00",
        "reach": null,
        "social": {
            "facebook": {
                "likes": 0,
                "comments": 0,
                "shares": 0
            },
            "gplus": {
                "shares": 0
            },
            "pinterest": {
                "shares": 0
            },
            "linkedin": {
                "shares": 0
            },
            "stumbledupon": {
                "shares": 0
            },
            "vk": {
                "shares": 0
            }
        }
    },
    "uuid": "5834fa219227c01657dda8bf536b6c0b4b460b7c",
    "url": "https://vnexplorer.net/z/1205240.html",
    "ord_in_thread": 0,
    "parent_url": null,
    "author": "VNExplorer",
    "published": "2024-07-05T00:21:00.000+03:00",
    "title": "Cascada Escalera, el atractivo natural que se esconde al noroeste de Córdoba",
    "text": "Entre los destinos que tiene Córdoba para disfrutar estas vacaciones de invierno, se destaca un increíble salto de agua al noroeste provincial. Si bien los ríos no son los ideales para la época invernal, el paisaje es digno de conocer en cualquier estación. Mirá también: Cómo es el “Miami cordobés”, la playa en el interior de Córdoba con aguas cristalinas Se trata de la Cascada Escalera, en el departamento de Cruz del Eje. Un salto de agua que atrae a propios y ajenos por sus escalones de corte perfectamente recto. La cascada tiene tres caídas, la más alta de 20 metros de altura. Cascada Escalera, Pampa de Olaen. CÓMO ES LA CASCADA ESCALERA Ubicada en la Pampa de Olaen, la Cascada Escalera tiene tres saltos que terminan en una olla de 30 metros de diámetro y 11, de profundidad. El espejo de agua está en medio de una quebrada rocosa erosionada por el río Olaen. Cascada Escalera, Pampa de Olaen. El lugar está rodeado de grandes piedras y verde vegetación, donde los visitantes pueden instalarse a pasar el día. Sin embargo, se debe tener en cuenta que la Cascada Escalera es más admirable en época de lluvias, ya que el caudal es lo que maravilla a los visitantes. Cascada Escalera, Pampa de Olaen. El espacio está concesionado por la Fundación San Roque, y se debe pagar para su ingreso. Allí hay una pequeña proveeduría, asador comunitario, baños y mesas bajo los árboles. CÓMO LLEGAR A LA CASCADA ESCALERA La Cascada Escalera se ubica a 109 kilómetros de distancia de Córdoba capital. En auto, significa un viaje de más de dos horas y media. Cascada Escalera, Pampa de Olaen. Mirá también: Aguas turquesas entre piedras calizas, el oasis escondido en las Sierras de Córdoba Para llegar al salto, hay que dirigirse en dirección a La Falda, pero, antes de llegar y a la altura de Molinari, se debe doblar hacia la izquierda y tomar rumbo a la Pampa de Olaen. Se deben seguir los carteles que indican a Candelaria. Hay que tener en cuenta que, al desviarse de ruta 38, se deben hacer 50 kilómetros de camino de ripio.",
    "highlightText": "",
    "highlightTitle": "",
    "highlightThreadTitle": "",
    "language": "spanish",
    "sentiment": "positive",
    "categories": [
        "Lifestyle and Leisure",
        "Environment"
    ],
    "webz_reporter": false,
    "external_links": [],
    "external_images": [],
    "entities": {
        "persons": [],
        "organizations": [],
        "locations": []
    },
    "rating": null,
    "crawled": "2024-07-05T08:28:43.865+03:00",
    "updated": "2024-07-05T08:28:43.865+03:00"
}