{
    "thread": {
        "uuid": "94647066ef18566ce707374e40f8006afc94a2c5",
        "url": "https://www.ktre.com/video/2024/06/21/tyler-county-commissioners-consider-alternate-route-us-hwy-69-expansion",
        "site_full": "www.ktre.com",
        "site": "ktre.com",
        "site_section": "https://ktre.com/homepage",
        "site_categories": [
            "media"
        ],
        "section_title": "Home",
        "title": "KTRE - 10 p.m., M-F, Recurring",
        "title_full": "KTRE - 10 p.m., M-F, Recurring",
        "published": "2024-06-21T03:00:00.000+03:00",
        "replies_count": 0,
        "participants_count": 1,
        "site_type": "news",
        "country": "US",
        "main_image": "https://gray-ktre-prod.cdn.arcpublishing.com/resizer/v2/https%3A%2F%2Fdo0bihdskp9dy.cloudfront.net%2F06-21-2024%2Ft_9d07724f0e084ce7941af473741e9477_name_file_1280x720_2000_v3_1_.jpg?auth=ff1b3ab05b9bf7f1a7a838b437987854706a689e1085c9261cc110cc37b3c092&amp;width=1200&amp;height=600&amp;smart=true",
        "performance_score": 0,
        "domain_rank": 59507,
        "domain_rank_updated": "2024-06-18T13:08:26.000+03:00",
        "reach": null,
        "social": {
            "facebook": {
                "likes": 0,
                "comments": 0,
                "shares": 0
            },
            "gplus": {
                "shares": 0
            },
            "pinterest": {
                "shares": 0
            },
            "linkedin": {
                "shares": 0
            },
            "stumbledupon": {
                "shares": 0
            },
            "vk": {
                "shares": 0
            }
        }
    },
    "uuid": "94647066ef18566ce707374e40f8006afc94a2c5",
    "url": "https://www.ktre.com/video/2024/06/21/tyler-county-commissioners-consider-alternate-route-us-hwy-69-expansion",
    "ord_in_thread": 0,
    "parent_url": null,
    "author": "@KTREnews",
    "published": "2024-06-21T03:00:00.000+03:00",
    "title": "KTRE - 10 p.m., M-F, Recurring",
    "text": "Updated: 2 hours ago KLTV’s Lauren Tear spoke with Tyler Fire Department Chief David Coble for a closer look at the safety measures that keep firefighters in the best condition to do their job. Updated: 3 hours ago An Angelina County judge sentenced a man to prison Friday for attacking deputies with an air rifle while naked last year. Updated: 4 hours ago Sound on for her adorable pup voice! Born on June 6, the pup and her mom are doing well. Credit: Point Defiance Zoo & Aquarium in Tacoma, Wash. /TMX Updated: 18 hours ago| Building Homes for Heroes gave a Disabled Veteran a home in Harrison County this morning, the second in two days. The Army veteran who received a home this time was born in Cuba, but when he came to the United States, he says he loved this country so much he felt he had to join the military. Updated: 18 hours ago| Coby Ray Hudgins, 33, was convicted of first-degree murder in 2015 after he shot his girlfriend’s best friend to death in 2013, court documents say; he was sentenced to 99 years. On Wednesday, the Texas Criminal Court of Appeals announced that Hudgins will be receiving a new sentencing trial in the case due to a PTSD diagnosis.",
    "highlightText": "",
    "highlightTitle": "",
    "highlightThreadTitle": "",
    "language": "english",
    "sentiment": "positive",
    "categories": [
        "Human Interest",
        "Disaster and Accident",
        "Social Issue"
    ],
    "webz_reporter": false,
    "external_links": [],
    "external_images": [],
    "entities": {
        "persons": [
            {
                "name": "hudgins",
                "sentiment": "none"
            },
            {
                "name": "coby ray hudgins",
                "sentiment": "none"
            },
            {
                "name": "mark moore",
                "sentiment": "none"
            }
        ],
        "organizations": [
            {
                "name": "building homes for heroes",
                "sentiment": "negative"
            },
            {
                "name": "ktre",
                "sentiment": "negative"
            },
            {
                "name": "army",
                "sentiment": "none"
            },
            {
                "name": "texas criminal court of appeals",
                "sentiment": "none"
            }
        ],
        "locations": [
            {
                "name": "harrison county",
                "sentiment": "none"
            },
            {
                "name": "cuba",
                "sentiment": "none"
            },
            {
                "name": "united states",
                "sentiment": "none"
            },
            {
                "name": "gregg county",
                "sentiment": "none"
            }
        ]
    },
    "rating": null,
    "crawled": "2024-06-21T15:52:42.844+03:00",
    "updated": "2024-06-22T00:20:31.605+03:00"
}