{
    "thread": {
        "uuid": "d91491e2ac95057e42faffc59bfdd20361769e0e",
        "url": "https://www.lanacion.com.ar/estados-unidos/madagascar-primer-pais-en-beneficiarse-de-mecanismo-climatico-del-fmi-y-el-bm-nid21062024",
        "site_full": "www.lanacion.com.ar",
        "site": "lanacion.com.ar",
        "site_section": "https://www.lanacion.com.ar/estados-unidos",
        "site_categories": [
            "media",
            "law_government_and_politics",
            "politics",
            "top_news"
        ],
        "section_title": "Estados Unidos - LA NACION",
        "title": "Madagascar, primer país en beneficiarse de mecanismo climático del FMI y el BM - LA NACION",
        "title_full": "Madagascar, primer país en beneficiarse de mecanismo climático del FMI y el BM - LA NACION",
        "published": "2024-06-22T01:43:00.000+03:00",
        "replies_count": 0,
        "participants_count": 1,
        "site_type": "news",
        "country": "AR",
        "main_image": "https://resizer.glanacion.com/resizer/v2/madagascar-primer-pais-en-beneficiarse-de-NPYQID74GBGR7I2Q7OVY2KULLE.jpg?auth=03092ce9bdf6f6004e475fa413f0109127e0032d96ab2af691795dffc8213e1c&amp;width=768&amp;quality=70&amp;smart=false",
        "performance_score": 0,
        "domain_rank": 2491,
        "domain_rank_updated": "2024-06-18T13:08:21.000+03:00",
        "reach": null,
        "social": {
            "facebook": {
                "likes": 0,
                "comments": 0,
                "shares": 0
            },
            "gplus": {
                "shares": 0
            },
            "pinterest": {
                "shares": 0
            },
            "linkedin": {
                "shares": 0
            },
            "stumbledupon": {
                "shares": 0
            },
            "vk": {
                "shares": 0
            }
        }
    },
    "uuid": "d91491e2ac95057e42faffc59bfdd20361769e0e",
    "url": "https://www.lanacion.com.ar/estados-unidos/madagascar-primer-pais-en-beneficiarse-de-mecanismo-climatico-del-fmi-y-el-bm-nid21062024",
    "ord_in_thread": 0,
    "parent_url": null,
    "author": "LA NACION",
    "published": "2024-06-22T01:43:00.000+03:00",
    "title": "Madagascar, primer país en beneficiarse de mecanismo climático del FMI y el BM - LA NACION",
    "text": "Madagascar será el primer país en beneficiarse de un programa conjunto del Fondo Monetario Internacional (FMI) y el Banco Mundial (BM) para estimular la acción por el clima, a través de un préstamo de 321 millones de dólares liberado el viernes, anunciaron ambas organizaciones. \"A través de este mecanismo, los esfuerzos coordinados del Grupo del Banco Mundial y el FMI tratarán de seguir apoyando la capacidad de adaptación del país al cambio climático, en estrecha colaboración con otros socios para el desarrollo\", afirmaron las entidades en una declaración conjunta.\n\"El cambio climático está agudizando la pobreza en Madagascar\", remarcaron.\nEste programa de colaboración, que supone un trabajo más estrecho entre ambas instituciones multilaterales, se anunció en mayo para ayudar a los países a redoblar sus esfuerzos frente a la crisis climática.\nDe esta manera, Madagascar, isla del océano Índico, podrá beneficiarse de un préstamo de 321 millones de dólares aprobado por el Directorio Ejecutivo del FMI y concedido en el marco de la \"Línea de Resiliencia y Sustentabilidad\".\nEntre los ámbitos cubiertos por esta colaboración, el FMI y el BM citan \"la promoción de inversiones verdes y resilientes y de intervenciones de adaptación que reportarán beneficios inmediatos para el desarrollo\".\n\"Madagascar también adoptará una estrategia nacional para movilizar la financiación climática con el fin de reforzar su posición como destino atractivo para las inversiones relacionadas con el clima\", subrayaron ambas organizaciones.\nEl FMI anunció también este viernes la aprobación de otro préstamo de 337 millones de dólares a 36 meses para Madagascar, como parte de la misma línea de financiación. Esta suma ya incluye 312,4 millones de dólares de un crédito concedido en marzo de 2021, que luego fue cancelado y ahora reintegrado en el nuevo paquete.\njul/aem/arm/mel\nLA NACION Temas",
    "highlightText": "",
    "highlightTitle": "",
    "highlightThreadTitle": "",
    "language": "spanish",
    "sentiment": "positive",
    "categories": [
        "Disaster and Accident",
        "Economy, Business and Finance",
        "Environment"
    ],
    "webz_reporter": false,
    "external_links": [],
    "external_images": [],
    "entities": {
        "persons": [],
        "organizations": [],
        "locations": []
    },
    "rating": null,
    "crawled": "2024-06-22T03:28:52.018+03:00",
    "updated": "2024-06-22T03:28:52.018+03:00"
}