{
    "thread": {
        "uuid": "9342283668926c7ee1339480d2491fbc85d84b53",
        "url": "https://www.knoe.com/2024/06/20/not-all-patients-are-humans-14-puppies-rescued-rollover-vehicle-crash",
        "site_full": "www.knoe.com",
        "site": "knoe.com",
        "site_section": "http://shaleoil.einnews.com/live_feed",
        "site_categories": [
            "media"
        ],
        "section_title": "Live Feed Wire - Shale Oil News Today - EIN Presswire",
        "title": "‘Not all patients are humans’: 14 puppies rescued from rollover vehicle crash",
        "title_full": "‘Not all patients are humans’: 14 puppies rescued from rollover vehicle crash",
        "published": "2024-06-21T01:11:00.000+03:00",
        "replies_count": 0,
        "participants_count": 1,
        "site_type": "news",
        "country": "US",
        "main_image": "https://gray-knoe-prod.cdn.arcpublishing.com/resizer/v2/73SV2XEBZNGTXIUKHX6W73QPOM.png?auth=4c46fcf0d182783091a4f830c3c0234302b1ddcfc709d23724c7f03ff324c6d1&amp;width=1200&amp;height=600&amp;smart=true",
        "performance_score": 0,
        "domain_rank": 74398,
        "domain_rank_updated": "2024-06-18T13:08:26.000+03:00",
        "reach": null,
        "social": {
            "facebook": {
                "likes": 0,
                "comments": 0,
                "shares": 0
            },
            "gplus": {
                "shares": 0
            },
            "pinterest": {
                "shares": 0
            },
            "linkedin": {
                "shares": 0
            },
            "stumbledupon": {
                "shares": 0
            },
            "vk": {
                "shares": 0
            }
        }
    },
    "uuid": "9342283668926c7ee1339480d2491fbc85d84b53",
    "url": "https://www.knoe.com/2024/06/20/not-all-patients-are-humans-14-puppies-rescued-rollover-vehicle-crash",
    "ord_in_thread": 0,
    "parent_url": null,
    "author": "@KNOE8",
    "published": "2024-06-21T01:11:00.000+03:00",
    "title": "‘Not all patients are humans’: 14 puppies rescued from rollover vehicle crash",
    "text": "14 puppies were rescued from a rollover car crash in Woodstock, Connecticut. (Woodstock Vol Fire Assoc. Sta 76, Muddy Brook Fire Department) By Rob Polansky and Gray News staff Published: Jun. 20, 2024 at 5:11 PM CDT | Updated: 5 hours ago Email This Link\nShare on Facebook\nShare on X (formerly Twitter)\nShare on Pinterest\nShare on LinkedIn\nWOODSTOCK, CT ( WFSB /Gray News) - Fourteen puppies were rescued from a rollover crash that closed a road in Woodstock, Connecticut Thursday morning.\nSeveral fire agencies responded to Senexet Road between Laurel and Bull Hill roads for a single-vehicle rollover accident involving wires down.\nFirefighters found a pole that had snapped, with wires down, and called Eversource CT to disable the power. Power was out in the area while the electricians worked.\nOfficials say minor injuries were originally reported, but no one ended up being hurt.\nFirst responders also rescued and provided care for 14 puppies at the scene. the Muddy Brook Fire Department shared photos on Facebook of firefighters interacting with the puppies.\nThe Necogg Humane Society and a doctor from Peake Brook Veterinary Center responded to the scene to provide veterinary care and shelter to the animals, firefighters said. Some puppies will be taken to a veterinary office for further care.\nDrivers were warned to expect a “long duration road closure.”\nCopyright 2024 WFSB via Gray Media Group, Inc. All rights reserved.\nMost Read School janitor arrested for indecent behavior with juveniles Glenwood cites operation changes in layoffs MPD responds to five-vehicle crash, no reported injuries Monroe police arrest man wanted for simple kidnapping Coastal flooding from TS Alberto inundates southeast La. roadways Latest News Fire chief surprised with applause, tears after final chemotherapy session Miya Rudd: Parents, grandfather among those indicted in connection to baby’s death Cheering shocks fire chief following his final cancer treatment Millions are sweating it out as a heat wave nears its peak from Midwest to Maine Settlement reached with school after Jewish student gets swastika scratched into his skin",
    "highlightText": "",
    "highlightTitle": "",
    "highlightThreadTitle": "",
    "language": "english",
    "sentiment": "positive",
    "categories": [
        "Human Interest",
        "Disaster and Accident"
    ],
    "webz_reporter": false,
    "external_links": [
        "https://www.wfsb.com/2024/06/20/14-puppies-rescued-rollover-crash-woodstock/",
        "https://www.facebook.com/permalink.php?story_fbid=791535169786660&id=100067905522124&ref=embed_post",
        "https://gray-knoe-prod.cdn.arcpublishing.com/resizer/v2/ON423AQJYRHJLPDVFKOJNGN2EY?auth=54f77ebe82d4050c459917f2ba8fed4833f4e06680ab5a48f0260110b0496089&width=800&height=450&smart=true",
        "https://gray-knoe-prod.cdn.arcpublishing.com/resizer/v2/ON423AQJYRHJLPDVFKOJNGN2EY",
        "https://facebook.com/permalink.php?story_fbid=791535169786660&id=100067905522124&ref=embed_post",
        "https://www.wfsb.com/2024/06/20/14-puppies-rescued-rollover-crash-woodstock",
        "https://www.facebook.com/permalink.php",
        "https://wfsb.com/2024/06/20/14-puppies-rescued-rollover-crash-woodstock/",
        "https://www.gray-knoe-prod.cdn.arcpublishing.com/resizer/v2/ON423AQJYRHJLPDVFKOJNGN2EY?auth=54f77ebe82d4050c459917f2ba8fed4833f4e06680ab5a48f0260110b0496089&width=800&height=450&smart=true"
    ],
    "external_images": [],
    "entities": {
        "persons": [
            {
                "name": "rob polansky",
                "sentiment": "none"
            }
        ],
        "organizations": [
            {
                "name": "muddy brook fire department",
                "sentiment": "none"
            },
            {
                "name": "facebook share",
                "sentiment": "none"
            },
            {
                "name": "necogg humane society",
                "sentiment": "none"
            },
            {
                "name": "wfsb /gray news",
                "sentiment": "none"
            },
            {
                "name": "facebook",
                "sentiment": "none"
            },
            {
                "name": "gray news",
                "sentiment": "none"
            }
        ],
        "locations": [
            {
                "name": "connecticut",
                "sentiment": "none"
            },
            {
                "name": "woodstock",
                "sentiment": "none"
            },
            {
                "name": "bull hill",
                "sentiment": "none"
            },
            {
                "name": "woodstock",
                "sentiment": "none"
            },
            {
                "name": "laurel",
                "sentiment": "none"
            },
            {
                "name": "senexet road",
                "sentiment": "none"
            }
        ]
    },
    "rating": null,
    "crawled": "2024-06-21T06:05:33.882+03:00",
    "updated": "2024-06-21T06:05:33.882+03:00"
}