{
    "thread": {
        "uuid": "8841b895540f25d5cc1cc6a268f41890f02b5b53",
        "url": "https://www.investing.com/news/press-releases/duke-energy-supports-first-responders-with-500000-in-grants-for-emergency-preparedness-in-south-carolina-93CH-3491848",
        "site_full": "www.investing.com",
        "site": "investing.com",
        "site_section": "https://investing.com/news/press-releases",
        "site_categories": [
            "investing",
            "stamps_and_coins",
            "hobbies_and_interests",
            "finance",
            "financial_news"
        ],
        "section_title": "Press Releases - Investing.com",
        "title": "Duke Energy Supports First Responders With $500,000 in Grants for Emergency Preparedness in South Carolina By Investing.com",
        "title_full": "Duke Energy Supports First Responders With $500,000 in Grants for Emergency Preparedness in South Carolina By Investing.com",
        "published": "2024-06-21T03:00:00.000+03:00",
        "replies_count": 0,
        "participants_count": 1,
        "site_type": "news",
        "country": "US",
        "main_image": "https://i-invdn-com.investing.com/news/international_newspapers_69x52._800x533_L_1419494241.jpg",
        "performance_score": 0,
        "domain_rank": 1318,
        "domain_rank_updated": "2024-06-18T13:08:21.000+03:00",
        "reach": null,
        "social": {
            "facebook": {
                "likes": 0,
                "comments": 0,
                "shares": 0
            },
            "gplus": {
                "shares": 0
            },
            "pinterest": {
                "shares": 0
            },
            "linkedin": {
                "shares": 0
            },
            "stumbledupon": {
                "shares": 0
            },
            "vk": {
                "shares": 0
            }
        }
    },
    "uuid": "8841b895540f25d5cc1cc6a268f41890f02b5b53",
    "url": "https://www.investing.com/news/press-releases/duke-energy-supports-first-responders-with-500000-in-grants-for-emergency-preparedness-in-south-carolina-93CH-3491848",
    "ord_in_thread": 0,
    "parent_url": null,
    "author": "Investing.com",
    "published": "2024-06-21T03:00:00.000+03:00",
    "title": "Duke Energy Supports First Responders With $500,000 in Grants for Emergency Preparedness in South Carolina By Investing.com",
    "text": "GREENVILLE, S.C. / ACCESSWIRE / June 21, 2024 / Duke Energy (NYSE: DUK ):\nFunding will support 33 nonprofits and government agencies Grants will pay for training, life-saving equipment and new technology to aid in disaster planning and recovery operations GREENVILLE, S.C., June 21, 2024 /3BL/ - As hurricane season begins, emergency managers and first responders turn their eyes to the tropics as they continue to prepare their communities for the possibility of impacts from severe weather.\nDuke Energy is preparing as well and stands in support of these communities across South Carolina by announcing $500,000 in microgrants through the Duke Energy Foundation. These funds will increase community resiliency and local ability to help residents prepare for and recover from the devastation brought by significant weather events.\n\"Preparing communities to respond to severe weather impacts begins in our neighborhoods and communities,\" said Mike Callahan, Duke Energy's South Carolina president. \"Providing our fellow first responders with the tools and training to handle whatever Mother Nature throws our way is necessary in maintaining a resilient and prosperous South Carolina.\"\nDuke Energy's Emergency Preparedness and Storm Resiliency Grant Program was designed to help organizations with roles in emergency preparedness increase their resiliency to these events through advanced preparation, planning, equipment and training. Applicants could request funds up to $20,000. Grants were awarded to 33 nonprofits and governmental entities across the state.\nA complete list of recipients can be found here.\nQuotes\n\"Cherokee County Emergency Management would like to thank the Duke Energy Foundation for awarding Cherokee County this year's grant. This grant will double our sheltering capabilities adding 100 cots and the necessities along with 10 special-needs cots, helping those in need when they need it the most. The grant will also allow us to purchase a pet sheltering kit so we can start to address those needs as well.\" - Douglas Bowers, Director of Emergency Management, Cherokee County \"Duke Energy is always a great partner for us at the City of Sumter, and this grant is no exception. Being storm-ready is crucial for us. It helps our employees prepare for potentially hazardous weather so that we, as a city, can best serve and protect our citizens and ideally prevent any damage before it gets to that point. At the City of Sumter, we like to Invest, Invite, and Serve. And thanks to Duke Energy, we can invest in this equipment that will allow us to better serve the people of Sumter in a safe and timely manner.\" - David Merchant, Mayor, City of Sumter \"This new eye in sky will generate an overhead picture of a scene and provide a more complete view for responding ground crews. Adding this new information to an emergency incident should allow us to implement new response strategies that will improve operations along with saving lives and property plus promoting a safer work environment for our personnel.\" - Jimmy Flynn, EMS Operations Coordinator, Landrum Area Fire & Rescue District \"We appreciate Duke Energy's assistance with providing funding for equipment to help the City of Clemson communicate information to our community, especially during power loss and challenging circumstances.\" - Jorge Campos, Chief of Police, City of Clemson Duke Energy Foundation\nThe Duke Energy Foundation provides more than $30 million annually in philanthropic support to meet the needs of communities where Duke Energy customers live and work. The Foundation is funded by Duke Energy shareholders.\nDuke Energy\nDuke Energy (NYSE: DUK), a Fortune 150 company headquartered in Charlotte, N.C., is one of America's largest energy holding companies. The company's electric utilities serve 8.4 million customers in North Carolina, South Carolina, Florida, Indiana, Ohio and Kentucky, and collectively own 54,800 megawatts of energy capacity. Its natural gas utilities serve 1.7 million customers in North Carolina, South Carolina, Tennessee, Ohio and Kentucky.\nDuke Energy is executing an ambitious clean energy transition, keeping reliability, affordability and accessibility at the forefront as the company works toward net-zero methane emissions from its natural gas business by 2030 and net-zero carbon emissions from electricity generation by 2050. The company is investing in major electric grid upgrades and cleaner generation, including expanded energy storage, renewables, natural gas and nuclear.\nMore information is available at duke-energy.com and the Duke Energy News Center. Follow Duke Energy on Twitter, LinkedIn, Instagram and Facebook (NASDAQ: META ), and visit illumination for stories about the people and innovations powering our energy transition.\nContact: Ryan Mosier\n24-Hour: 800.559.3853\nDuke Energy Supports First Responders With $500,000 in Grants for Emergency Preparedness in South Carolina",
    "highlightText": "",
    "highlightTitle": "",
    "highlightThreadTitle": "",
    "language": "english",
    "sentiment": "positive",
    "categories": [
        "Human Interest",
        "Corporate News and Profiles",
        "Disaster and Accident"
    ],
    "webz_reporter": false,
    "external_links": [],
    "external_images": [],
    "entities": {
        "persons": [
            {
                "name": "mother nature th",
                "sentiment": "none"
            },
            {
                "name": "mike callahan",
                "sentiment": "none"
            }
        ],
        "organizations": [
            {
                "name": "duke energy",
                "sentiment": "negative"
            },
            {
                "name": "nyse",
                "sentiment": "negative"
            },
            {
                "name": "duke energy foundation",
                "sentiment": "none"
            }
        ],
        "locations": [
            {
                "name": "s.c.",
                "sentiment": "none"
            },
            {
                "name": "south carolina",
                "sentiment": "none"
            },
            {
                "name": "greenville",
                "sentiment": "none"
            }
        ]
    },
    "rating": null,
    "crawled": "2024-06-21T16:03:51.943+03:00",
    "updated": "2024-06-21T16:03:51.943+03:00"
}