{
    "thread": {
        "uuid": "d405e65b5921968835428d84a40d3ff6e7bb7cad",
        "url": "https://www.adnradio.cl/2024/06/21/dramatica-salvada-carabineros-de-farellones-logran-emotivo-rescate-de-hombre-atrapado-bajo-avalancha-de-nieve",
        "site_full": "www.adnradio.cl",
        "site": "adnradio.cl",
        "site_section": "https://www.adnradio.cl",
        "site_categories": [
            "media",
            "top_news"
        ],
        "section_title": " ADN Radio | Actualidad, deportes, noticias y radio online",
        "title": "¡Dramática salvada! Carabineros de Farellones logran emotivo rescate de hombre atrapado bajo avalancha de nieve | ADN Radio",
        "title_full": "¡Dramática salvada! Carabineros de Farellones logran emotivo rescate de hombre atrapado bajo avalancha de nieve | ADN Radio",
        "published": "2024-06-22T05:52:00.000+03:00",
        "replies_count": 0,
        "participants_count": 1,
        "site_type": "news",
        "country": "CL",
        "main_image": "https://www.adnradio.cl/resizer/v2/https%3A%2F%2Fcloudfront-us-east-1.images.arcpublishing.com%2Fprisachile%2FGOEAGVKJ3JAZ3MR5AYE77LYX5A.jpg?auth=d618e6b52bb80e2cc92502057ae6649f57963e7a928265d9b4fc85e7085e18ec&amp;height=758&amp;width=1171&amp;quality=70&amp;smart=true",
        "performance_score": 0,
        "domain_rank": 62651,
        "domain_rank_updated": "2024-06-18T13:08:26.000+03:00",
        "reach": null,
        "social": {
            "facebook": {
                "likes": 0,
                "comments": 0,
                "shares": 0
            },
            "gplus": {
                "shares": 0
            },
            "pinterest": {
                "shares": 0
            },
            "linkedin": {
                "shares": 0
            },
            "stumbledupon": {
                "shares": 0
            },
            "vk": {
                "shares": 0
            }
        }
    },
    "uuid": "d405e65b5921968835428d84a40d3ff6e7bb7cad",
    "url": "https://www.adnradio.cl/2024/06/21/dramatica-salvada-carabineros-de-farellones-logran-emotivo-rescate-de-hombre-atrapado-bajo-avalancha-de-nieve",
    "ord_in_thread": 0,
    "parent_url": null,
    "author": "Soledad Reyes",
    "published": "2024-06-22T05:52:00.000+03:00",
    "title": "¡Dramática salvada! Carabineros de Farellones logran emotivo rescate de hombre atrapado bajo avalancha de nieve | ADN Radio",
    "text": "VIDEO. ¡Dramática salvada! Carabineros de Farellones logran emotivo rescate de hombre atrapado bajo avalancha de nieve Los policías acudieron al llamado del extravío de un conductor y su vehículo, que habían quedado completamente tapados por el deslizamiento. Es un video conmovedor y que generó algo de alegría entre quienes lo pasan muy mal a estas horas por el frente de mal tiempo. Uno donde Carabineros salvó a un hombre en Farellones. Resulta que los policías acudieron al llamado de una persona que se había extraviado junto a su vehículo en la Ruta G-251. Así, los uniformados se unieron a personal de vialidad de Valle Nevado y funcionarios de la Municipalidad de Lo Barnechea para acudir en ayuda. Y lograron rescatar a una persona que se encontraba nada menos que dentro de un automóvil volcado y bajo una gruesa capa de nieve. El emotivo rescate en Farellones De esta forma, en el registro, publicado en la cuenta de X de Carabineros de Chile, se dio cuenta del complejo procedimiento. Y mostraron como, ataviados con palas y una retroexcavadora, comenzaron a sacar y sacar material hasta descubrir una parte del vehículo. Esto mientras varias personas gritaban “tranquilo, tranquilo” al joven, que luego terminó saliendo por la parte posterior y abrazando emocionado al policía que lo ayudó. Aplausos y alegría en medio de una compleja jornada de lluvias en la Zona Central, que culminó con esta persona rescatada en Farellones. [Podcasts recomendados](https://www.adnradio.cl/podcast/) [Ver todos](https://www.adnradio.cl/podcast/)",
    "highlightText": "",
    "highlightTitle": "",
    "highlightThreadTitle": "",
    "language": "spanish",
    "sentiment": "positive",
    "categories": [
        "Human Interest",
        "Disaster and Accident",
        "Health"
    ],
    "webz_reporter": false,
    "external_links": [],
    "external_images": [],
    "entities": {
        "persons": [],
        "organizations": [],
        "locations": []
    },
    "rating": null,
    "crawled": "2024-06-22T07:51:03.249+03:00",
    "updated": "2024-06-22T07:51:03.249+03:00"
}