{
    "thread": {
        "uuid": "be9780e6441b73e45703ceedb0ddc24bb640f36e",
        "url": "https://www.channel3000.com/news/national-and-world-news/good-samaritans-help-save-2-men-from-drowning-in-water/article_513ec8c3-0e39-5d9b-a598-95c6120cbebb.html",
        "site_full": "www.channel3000.com",
        "site": "channel3000.com",
        "site_section": "https://channel3000.com/",
        "site_categories": [
            "media"
        ],
        "section_title": "Channel 3000 | Madison, WI news and weather",
        "title": "Good Samaritans help save 2 men from drowning in water | National and World News | channel3000.com",
        "title_full": "Good Samaritans help save 2 men from drowning in water | National and World News | channel3000.com",
        "published": "2024-06-21T03:00:00.000+03:00",
        "replies_count": 0,
        "participants_count": 1,
        "site_type": "news",
        "country": "US",
        "main_image": "https://bloximages.newyork1.vip.townnews.com/channel3000.com/content/tncms/assets/v3/editorial/9/ea/9ead5c84-2689-53b0-8d94-8fdeed6bff2f/6675ac29e079d.image.jpg?crop=1920%2C1008%2C0%2C35&amp;resize=1200%2C630&amp;order=crop%2Cresize",
        "performance_score": 0,
        "domain_rank": 12235,
        "domain_rank_updated": "2024-06-18T13:08:21.000+03:00",
        "reach": null,
        "social": {
            "facebook": {
                "likes": 0,
                "comments": 0,
                "shares": 0
            },
            "gplus": {
                "shares": 0
            },
            "pinterest": {
                "shares": 0
            },
            "linkedin": {
                "shares": 0
            },
            "stumbledupon": {
                "shares": 0
            },
            "vk": {
                "shares": 0
            }
        }
    },
    "uuid": "be9780e6441b73e45703ceedb0ddc24bb640f36e",
    "url": "https://www.channel3000.com/news/national-and-world-news/good-samaritans-help-save-2-men-from-drowning-in-water/article_513ec8c3-0e39-5d9b-a598-95c6120cbebb.html",
    "ord_in_thread": 0,
    "parent_url": null,
    "author": "Dani Miskell",
    "published": "2024-06-21T03:00:00.000+03:00",
    "title": "Good Samaritans help save 2 men from drowning in water | National and World News | channel3000.com",
    "text": "SAN DIEGO ( [KGTV](https://www.10news.com/news/local-news/good-samaritans-help-save-2-men-from-drowning-in-water-off-sunset-cliffs)) -- Two men are lucky to be alive after somehow falling off Sunset Cliffs early Thursday morning. [] Good Samaritans help save 2 men from drowning in water - By Dani Miskell - - Two men are lucky to be alive after somehow falling off Sunset Cliffs early Thursday morning. Two men are lucky to be alive after somehow falling off Sunset Cliffs early Thursday morning. - KGTV via CNN Newsource - KGTV via CNN Newsource Most Popular - [Underground explosion rocks downtown Madison](/news/underground-explosion-rocks-downtown-madison/article_894bda1e-2e9a-11ef-bee2-a39eb77889a8.html) - [Officers shoot 2 people, unborn child dead following armed carjacking in downtown Milwaukee](/news/officers-shoot-2-people-unborn-child-dead-following-armed-carjacking-in-downtown-milwaukee/article_7fd75fa4-2f6b-11ef-ad25-1b65e1328cc0.html) - [Woman arrested after spraying graffiti on building](/news/woman-arrested-after-spraying-graffiti-on-building/article_27ea6f08-2f9c-11ef-82b8-a7a4fabb3815.html) - [The City of Madison is experiencing \"growing pains\" with additional housing developments](/news/the-city-of-madison-is-experiencing-growing-pains-with-additional-housing-developments/article_ff6db376-2f5c-11ef-ab89-f7772bb9b903.html) - [ALERT DAYS: Friday and Saturday for Severe Weather - Savanna](/weather/forecast/alert-days-friday-and-saturday-for-severe-weather---savanna/article_a1211afa-86c8-5443-b891-835dd6b621fd.html)",
    "highlightText": "",
    "highlightTitle": "",
    "highlightThreadTitle": "",
    "language": "english",
    "sentiment": "positive",
    "categories": [
        "Human Interest",
        "Disaster and Accident"
    ],
    "webz_reporter": false,
    "external_links": [
        "https://www.10news.com/news/local-news/good-samaritans-help-save-2-men-from-drowning-in-water-off-sunset-cliffs",
        "https://10news.com/news/local-news/good-samaritans-help-save-2-men-from-drowning-in-water-off-sunset-cliffs"
    ],
    "external_images": [],
    "entities": {
        "persons": [
            {
                "name": "dani miskell",
                "sentiment": "none"
            }
        ],
        "organizations": [
            {
                "name": "cnn newsource",
                "sentiment": "none"
            },
            {
                "name": "milwaukee",
                "sentiment": "none"
            },
            {
                "name": "kgtv",
                "sentiment": "none"
            }
        ],
        "locations": [
            {
                "name": "san diego",
                "sentiment": "none"
            },
            {
                "name": "madison",
                "sentiment": "none"
            }
        ]
    },
    "rating": null,
    "crawled": "2024-06-21T21:26:03.561+03:00",
    "updated": "2024-06-21T21:27:11.591+03:00"
}