{
    "thread": {
        "uuid": "c8df758142321c3feb40a59a31ed3751b7a3c895",
        "url": "https://www.hawaiinewsnow.com/2024/06/20/hawaii-news-now-wins-3-emmy-awards-including-lahaina-wildfire-coverage",
        "site_full": "www.hawaiinewsnow.com",
        "site": "hawaiinewsnow.com",
        "site_section": "https://hawaiinewsnow.com/",
        "site_categories": [
            "media"
        ],
        "section_title": "Hawaii News Now - Breaking News, Latest News, Weather &amp; Traffic",
        "title": "Hawaii News Now wins 3 Emmy Awards, including Lahaina wildfire coverage",
        "title_full": "Hawaii News Now wins 3 Emmy Awards, including Lahaina wildfire coverage",
        "published": "2024-06-20T19:56:00.000+03:00",
        "replies_count": 0,
        "participants_count": 1,
        "site_type": "news",
        "country": "US",
        "main_image": "https://gray-khnl-prod.cdn.arcpublishing.com/resizer/v2/QQZQDEUBG5EZZH5UZ62H66LH34.jpg?auth=22aa032fe0dbf267829d7cad415cc00ed3b62e58e73ea9f03d56b4c5f4bdce92&amp;width=1200&amp;height=600&amp;smart=false&amp;focal=554%2C624",
        "performance_score": 0,
        "domain_rank": 6332,
        "domain_rank_updated": "2024-06-18T13:08:21.000+03:00",
        "reach": null,
        "social": {
            "facebook": {
                "likes": 0,
                "comments": 0,
                "shares": 0
            },
            "gplus": {
                "shares": 0
            },
            "pinterest": {
                "shares": 0
            },
            "linkedin": {
                "shares": 0
            },
            "stumbledupon": {
                "shares": 0
            },
            "vk": {
                "shares": 0
            }
        }
    },
    "uuid": "c8df758142321c3feb40a59a31ed3751b7a3c895",
    "url": "https://www.hawaiinewsnow.com/2024/06/20/hawaii-news-now-wins-3-emmy-awards-including-lahaina-wildfire-coverage",
    "ord_in_thread": 0,
    "parent_url": null,
    "author": "@hawaiinewsnow",
    "published": "2024-06-20T19:56:00.000+03:00",
    "title": "Hawaii News Now wins 3 Emmy Awards, including Lahaina wildfire coverage",
    "text": "HONOLULU (HawaiiNewsNow) - Hawaii News Now took home 3 Emmy Awards Saturday night.\nTwo Emmys were awarded to the 4 and 6 p.m. newscasts covering the devastating Maui Wildfires . And the third was for news in the health category, in which HNN covered breaking the stigma around mental health .\n“It is an honor to have the hard work and dedication of our news team acknowledged by NATAS and our media peers,” said Hawaii News Now News Director Scott Duff. “Being recognized for covering the impact of the Maui Wildfires and the continuing recovery highlights the commitment our newsroom has to serving the Maui community as well as the entire state of Hawaii.”\nHNN was honored for:\n“First at Four: Maui Wildfires Disaster,” Hawaii News Now KGMB/KHNL Anthony Ferreira, Bryce Hanamoto, Mark Carpenter, Ashley Nagaoka, Jennifer Robbins, Lynn Kawano, Jolanie Martinez, Jonathan Masaki, Mahealani Richardson, Peter Tang, Daniel Nunes and Tim Rubino “Hawaii News Now at 6: Maui Wildfires Devastation,” Hawaii News Now KGMB/KHNL Linda Kawachi, Mahealani Richardson, Allyson Blair, Chelsea Davis, Jonathan Suyat, Tim Rubino, Daniel Nunes “Ending the Silence: Breaking Mental Health Stigma,” Hawaii News Now KGMB/KHNL Megan Ramones\nView this post on Instagram A post shared by Hawaii News Now (@hawaiinewsnow)\nHawaii News Now’s General Manager Katie Pickman said the awards are significant to the entire team.\n“It’s an honor to work beside these dedicated and talented individuals,” she said. “This recognition for the work by Hawaii News Now underscores the phenomenal efforts by our news team to highlight the critical issues and challenges faced by our community every day.”\nThe NATAS San Francisco/Northern California chapter is comprised of broadcast and cable television stations in Northern California, Hawaii, Guam and Reno, Nevada.\nCopyright 2024 Hawaii News Now. All rights reserved.",
    "highlightText": "",
    "highlightTitle": "",
    "highlightThreadTitle": "",
    "language": "english",
    "sentiment": "positive",
    "categories": [
        "Human Interest",
        "Disaster and Accident"
    ],
    "webz_reporter": false,
    "external_links": [
        "https://www.instagram.com/p/C8TFDL0tJKw/?utm_source=ig_embed&utm_campaign=loading",
        "https://instagram.com/p/C8TFDL0tJKw/?utm_source=ig_embed&utm_campaign=loading",
        "https://www.instagram.com/p/C8TFDL0tJKw/"
    ],
    "external_images": [],
    "entities": {
        "persons": [
            {
                "name": "lynn kawano",
                "sentiment": "none"
            },
            {
                "name": "jolanie martinez",
                "sentiment": "none"
            },
            {
                "name": "scott duff",
                "sentiment": "none"
            },
            {
                "name": "jonathan suyat",
                "sentiment": "none"
            },
            {
                "name": "ashley nagaoka",
                "sentiment": "none"
            },
            {
                "name": "tim rubino",
                "sentiment": "none"
            },
            {
                "name": "linda kawachi",
                "sentiment": "none"
            },
            {
                "name": "mahealani richardson",
                "sentiment": "none"
            },
            {
                "name": "jennifer robbins",
                "sentiment": "none"
            },
            {
                "name": "jonathan masaki",
                "sentiment": "none"
            },
            {
                "name": "mark carpenter",
                "sentiment": "none"
            },
            {
                "name": "bryce hanamoto",
                "sentiment": "none"
            },
            {
                "name": "daniel nunes",
                "sentiment": "none"
            },
            {
                "name": "anthony ferreira",
                "sentiment": "none"
            },
            {
                "name": "peter tang",
                "sentiment": "none"
            },
            {
                "name": "allyson blair",
                "sentiment": "none"
            },
            {
                "name": "tim rub",
                "sentiment": "none"
            }
        ],
        "organizations": [
            {
                "name": "hawaii news now",
                "sentiment": "neutral"
            },
            {
                "name": "hawaii news now kgmb",
                "sentiment": "none"
            },
            {
                "name": "natas",
                "sentiment": "none"
            },
            {
                "name": "hawaii news now news",
                "sentiment": "none"
            }
        ],
        "locations": [
            {
                "name": "lahaina",
                "sentiment": "none"
            },
            {
                "name": "maui wildfires",
                "sentiment": "none"
            },
            {
                "name": "hawaii",
                "sentiment": "none"
            },
            {
                "name": "maui",
                "sentiment": "none"
            }
        ]
    },
    "rating": null,
    "crawled": "2024-06-21T01:09:02.626+03:00",
    "updated": "2024-06-21T03:12:37.383+03:00"
}