{
    "thread": {
        "uuid": "ef957a0cc5c732d2549a54d88e9fa4afe6386ded",
        "url": "https://www.eleconomista.es/informalia/famosos/noticias/12875675/06/24/gonzalo-caballero-actualiza-su-estado-de-salud-tras-ser-intervenido-por-una-grave-cogida-la-operacion-ha-sido-un-exito.html",
        "site_full": "www.eleconomista.es",
        "site": "eleconomista.es",
        "site_section": "https://www.eleconomista.es/",
        "site_categories": [
            "sports",
            "top_news"
        ],
        "section_title": "elEconomista.es - Líder en noticias de economía, bolsa, mercados y finanzas",
        "title": "Gonzalo Caballero actualiza su estado de salud tras ser intervenido por una grave cogida: \"¡La operación ha sido un éxito!\"",
        "title_full": "Gonzalo Caballero actualiza su estado de salud tras ser intervenido por una grave cogida: \"¡La operación ha sido un éxito!\"",
        "published": "2024-06-21T12:31:00.000+03:00",
        "replies_count": 0,
        "participants_count": 1,
        "site_type": "news",
        "country": "ES",
        "main_image": "https://s03.s3c.es/imag/_v0/1200x655/4/e/8/gonzalo-caballero.jpg",
        "performance_score": 0,
        "domain_rank": 3577,
        "domain_rank_updated": "2024-06-18T13:08:21.000+03:00",
        "reach": null,
        "social": {
            "facebook": {
                "likes": 0,
                "comments": 0,
                "shares": 1
            },
            "gplus": {
                "shares": 0
            },
            "pinterest": {
                "shares": 0
            },
            "linkedin": {
                "shares": 0
            },
            "stumbledupon": {
                "shares": 0
            },
            "vk": {
                "shares": 0
            }
        }
    },
    "uuid": "ef957a0cc5c732d2549a54d88e9fa4afe6386ded",
    "url": "https://www.eleconomista.es/informalia/famosos/noticias/12875675/06/24/gonzalo-caballero-actualiza-su-estado-de-salud-tras-ser-intervenido-por-una-grave-cogida-la-operacion-ha-sido-un-exito.html",
    "ord_in_thread": 0,
    "parent_url": null,
    "author": "elEconomista.es",
    "published": "2024-06-21T12:31:00.000+03:00",
    "title": "Gonzalo Caballero actualiza su estado de salud tras ser intervenido por una grave cogida: \"¡La operación ha sido un éxito!\"",
    "text": "Buenas noticias para Gonzalo Caballero. El diestro fue intervenido con éxito este jueves en el Hospital Vithas Madrid La Milagrosa tras la grave cogida que sufrió el pasado 15 de junio en la plaza de toros de Alba de Tormes en Salamanca. Muy a su pesar, el pasado fin de semana, el madrileño terminó la corrida con una triple factura del húmero y dos costillas rotas. Casi una semana después de la grave lesión, el ex de Victoria Federica reveló a través de sus redes que ya está en planta y que la intervención ha sido todo un éxito. \\\"La operación ha sido un éxito. Ya en planta y con los mejores cuidados de mi princesa\\\", desveló Caballero este jueves en su perfil de Instagram. Asimismo, el torero publicó una fotografía con su inseparable María, la niña que apadrina en el proyecto que investiga el Sarcoma de Ewing en el Hospital Infantil público Universitario Niño Jesús de Madrid. En una entrevista con Informalia, el diestro ya nos habló muy ilusionado de esta iniciativa. \\\"Por un lado siento mucha emoción, porque cuando empezamos este proyecto era un salto al vacío con muchos miedos, y te aseguro que nunca imaginamos la gran repercusión que ha tenido y cómo se ha involucrado la sociedad\\\", manifestó Caballero.",
    "highlightText": "",
    "highlightTitle": "",
    "highlightThreadTitle": "",
    "language": "spanish",
    "sentiment": "positive",
    "categories": [
        "Health",
        "Human Interest",
        "Disaster and Accident"
    ],
    "webz_reporter": false,
    "external_links": [],
    "external_images": [],
    "entities": {
        "persons": [],
        "organizations": [],
        "locations": []
    },
    "rating": null,
    "crawled": "2024-06-21T12:46:17.676+03:00",
    "updated": "2024-06-21T12:53:28.948+03:00"
}