{
    "thread": {
        "uuid": "b0bd5566071ada66619b9c31f6515f8f9f0b67b0",
        "url": "https://heraldodemexico.com.mx/espectaculos/2024/6/21/christian-nodal-tendria-nueva-conquista-la-que-llama-mejor-amiga-asi-alertan-angela-aguilar-614448.html",
        "site_full": "heraldodemexico.com.mx",
        "site": "heraldodemexico.com.mx",
        "site_section": "https://www.heraldodemexico.com.mx",
        "site_categories": [
            "travel",
            "mexico_and_central_america",
            "top_news"
        ],
        "section_title": "El Heraldo de México | El diario que piensa joven",
        "title": "Christian Nodal tendría nueva conquista a la que llama \"mejor amiga\", así alertan a Ángela Aguilar | El Heraldo de México",
        "title_full": "Christian Nodal tendría nueva conquista a la que llama \"mejor amiga\", así alertan a Ángela Aguilar | El Heraldo de México",
        "published": "2024-06-21T17:44:00.000+03:00",
        "replies_count": 0,
        "participants_count": 1,
        "site_type": "news",
        "country": "MX",
        "main_image": "https://heraldodemexico.com.mx/u/fotografias/m/2024/6/21/f1280x720-963361_1095036_6753.jpg",
        "performance_score": 0,
        "domain_rank": 20652,
        "domain_rank_updated": "2024-06-18T13:08:21.000+03:00",
        "reach": null,
        "social": {
            "facebook": {
                "likes": 0,
                "comments": 0,
                "shares": 0
            },
            "gplus": {
                "shares": 0
            },
            "pinterest": {
                "shares": 0
            },
            "linkedin": {
                "shares": 0
            },
            "stumbledupon": {
                "shares": 0
            },
            "vk": {
                "shares": 0
            }
        }
    },
    "uuid": "b0bd5566071ada66619b9c31f6515f8f9f0b67b0",
    "url": "https://heraldodemexico.com.mx/espectaculos/2024/6/21/christian-nodal-tendria-nueva-conquista-la-que-llama-mejor-amiga-asi-alertan-angela-aguilar-614448.html",
    "ord_in_thread": 0,
    "parent_url": null,
    "author": "Brenda Moreno",
    "published": "2024-06-21T17:44:00.000+03:00",
    "title": "Christian Nodal tendría nueva conquista a la que llama \"mejor amiga\", así alertan a Ángela Aguilar | El Heraldo de México",
    "text": "La relación entre Ángela Aguilar y [Christian Nodal ](https://heraldodemexico.com.mx/espectaculos/2024/6/20/cazzu-aseguran-que-la-cantante-esta-embarazada-de-nodal-614107.html)sigue dando de qué hablar, pues poco tiempo ha pasado desde que los cantantes de regional mexicano anunciaron que están juntos y muy enamorados cuando ya comenzaron a alertar a la nieta de Flor Silvestre, pues su ahora novio tiene una nueva mejor amiga a la que le da likes y le comenta corazones. Así como lo lees, todo parece indicar que el cantante sonorense podría estar dando indicios de estar coqueteando con una mujer que evidentemente no es su nueva novia, la cantante Ángela Aguilar, y en redes sociales ya se dieron cuenta por lo que alertaron a la nieta de Flor Silvestre. Sigue leyendo: [El costoso anillo que Christian Nodal le dio a Ángela Aguilar equivaldría a este número de departamentos en CDMX](https://heraldodemexico.com.mx/espectaculos/2024/6/21/el-costoso-anillo-que-christian-nodal-le-dio-angela-aguilar-equivaldria-este-numero-de-departamentos-en-cdmx-614343.html) [Belinda y Cazzu, el dueto que fans ansían, externan en redes; igual quieren que Shakira escriba la canción](https://heraldodemexico.com.mx/espectaculos/2024/6/20/belinda-cazzu-el-dueto-que-fans-ansian-externan-en-redes-igual-quieren-que-shakira-escriba-la-cancion-614330.html) ¿Nodal tiene una nueva “mejor amiga”? Durante la última publicación de Nodal en la que muestra su participación en la semana de la moda en París, un comentario llamó la atención de los usuarios que siguen de cerca el trabajo del sonorense, pues una joven llamada Paula Machado lo llamó “mejor amigo” y él no dudó en responder a este comentario con un corazón en llamas. Sin embargo, lo que más llama la atención es que Nodal efectivamente sigue en Instagram a esta joven, y además le ha dado like a casi todas las publicaciones que Paula ha hecho a lo largo de este año 2024, pues en 2023 no tiene likes del intérprete de “Cazzualidades”. Debido a esto es que usuarios de redes sociales no perdieron la oportunidad de pedirle a Paula que se declare “fan” de la relación de Nodal y Ángela Aguilar, pues ahora todos apoyan a esta joven, pues, han estado etiquetando a la hija de Pepe Aguilar asegurando que quedó libre la “vacante” de “la mejor amiga” y de “fan de su relación” Cabe señalar que de acuerdo con lo que se puede apreciar en las redes sociales de Paula, la joven se dedica a bailar y montar espectáculos para grandes artistas como Feid, Rihanna, Karol G y hasta con Cazzu también ha trabajado la joven quien es la “nueva mejor amiga” de Nodal. El polémico romance de Nodal y Ángela Aguilar El romance entre Ángela y Nodal ha sido tema de especulación durante semanas, con rumores que sugerían una conexión más allá de la amistad. Sin embargo, fue a través de una famosa revista donde ambos decidieron compartir públicamente su historia de amor, dejando claro que la química que los une va más allá de sus respectivas carreras en la música. El anuncio de su relación ha sido recibido con entusiasmo por parte de sus seguidores, quienes han llenado las redes sociales con mensajes de apoyo y buenos deseos para Ángela y Nodal. Muchos han destacado la naturalidad con la que ambos han compartido esta noticia, alejándose de los típicos escándalos y enfocándose en lo que realmente importa: su felicidad. Ángela, con apenas veinte años, ha cautivado al público no solo por su voz y talento, sino también por su estilo único y personalidad carismática. Por su parte, Nodal, quien ha ganado reconocimiento internacional por su música, es conocido por su genuinidad y letras que hablan de amor y desamor. La combinación de estos dos talentos no solo promete consolidar una pareja mediática, sino también una colaboración artística que podría sorprender a muchos en la industria.",
    "highlightText": "",
    "highlightTitle": "",
    "highlightThreadTitle": "",
    "language": "spanish",
    "sentiment": "positive",
    "categories": [
        "Disaster and Accident",
        "Corporate News and Profiles",
        "Human Interest"
    ],
    "webz_reporter": false,
    "external_links": [],
    "external_images": [],
    "entities": {
        "persons": [],
        "organizations": [],
        "locations": []
    },
    "rating": null,
    "crawled": "2024-06-21T18:06:17.761+03:00",
    "updated": "2024-06-21T18:06:17.761+03:00"
}