{
    "thread": {
        "uuid": "a3fc5ed5875dadbab7ddb8524a8761337a26c381",
        "url": "https://markets.financialcontent.com/stocks/article/bizwire-2024-6-21-ice-first-look-mortgage-performance-remains-strong-as-delinquencies-foreclosures-continue-to-improve-in-may",
        "site_full": "markets.financialcontent.com",
        "site": "financialcontent.com",
        "site_section": "https://markets.financialcontent.com/stocks/markets/news?currentpage=18&type=press+release",
        "site_categories": [
            "financial_news",
            "finance"
        ],
        "section_title": "Stock Market News | NSDQ, NYSE, and AMEX Stock Market News, Market News Categories, Market Indicators | FinancialContent Business Page ",
        "title": "ICE First Look: Mortgage Performance Remains Strong as Delinquencies, Foreclosures Continue to Improve in May | FinancialContent Business Page",
        "title_full": "ICE First Look: Mortgage Performance Remains Strong as Delinquencies, Foreclosures Continue to Improve in May | FinancialContent Business Page",
        "published": "2024-06-21T16:00:00.000+03:00",
        "replies_count": 0,
        "participants_count": 1,
        "site_type": "news",
        "country": "US",
        "main_image": "",
        "performance_score": 0,
        "domain_rank": 6080,
        "domain_rank_updated": "2024-06-18T13:08:21.000+03:00",
        "reach": null,
        "social": {
            "facebook": {
                "likes": 0,
                "comments": 0,
                "shares": 0
            },
            "gplus": {
                "shares": 0
            },
            "pinterest": {
                "shares": 0
            },
            "linkedin": {
                "shares": 0
            },
            "stumbledupon": {
                "shares": 0
            },
            "vk": {
                "shares": 0
            }
        }
    },
    "uuid": "a3fc5ed5875dadbab7ddb8524a8761337a26c381",
    "url": "https://markets.financialcontent.com/stocks/article/bizwire-2024-6-21-ice-first-look-mortgage-performance-remains-strong-as-delinquencies-foreclosures-continue-to-improve-in-may",
    "ord_in_thread": 0,
    "parent_url": null,
    "author": "Intercontinental Exchange",
    "published": "2024-06-21T16:00:00.000+03:00",
    "title": "ICE First Look: Mortgage Performance Remains Strong as Delinquencies, Foreclosures Continue to Improve in May | FinancialContent Business Page",
    "text": "The national delinquency rate fell 6 basis points (bps) year over year to 3.04% in May; still the second lowest point on record, behind 2.92% in March 2023 A fifth consecutive monthly improvement in serious delinquencies (those loans 90+ days past due, but not yet in active foreclosure) reset what had already been a more than 18-year low The number of mortgage-holders who’ve missed a single payment dropped by -19K, while 60-day delinquencies edged up slightly (+4K) from April While inflow of borrowers newly 30 days late dropped to a one-year low, those rolling to later stages of delinquency edged higher from April and fewer delinquent loans cured to current status Foreclosure starts were down -6.5% from April, keeping active foreclosure inventory at the lowest level since pandemic-era moratoria were lifted in January 2022 The total number of mortgage-holders currently in active foreclosure remains 32% below (-92K) pre-pandemic levels Though up slightly for the month, foreclosure sales (completions) in May were down -7.2% year over year and remain well below pre-pandemic norms A seasonal rise in home sales and slightly improved refi volumes pushed prepayments to their highest level since September 2022, even as rate-related headwinds persist",
    "highlightText": "",
    "highlightTitle": "",
    "highlightThreadTitle": "",
    "language": "english",
    "sentiment": "positive",
    "categories": [
        "Disaster and Accident",
        "Economy, Business and Finance"
    ],
    "webz_reporter": false,
    "external_links": [],
    "external_images": [],
    "entities": {
        "persons": [],
        "organizations": [],
        "locations": []
    },
    "rating": null,
    "crawled": "2024-06-21T16:04:06.228+03:00",
    "updated": "2024-06-21T16:04:06.228+03:00"
}