{
    "thread": {
        "uuid": "c706d9a3450772cb9e71157a074598dc05c2b9a5",
        "url": "https://www.krqe.com/news/wildfires/new-mexico-offering-free-childcare-for-wildfire-evacuees",
        "site_full": "www.krqe.com",
        "site": "krqe.com",
        "site_section": "http://krqe.com/comments/feed/",
        "site_categories": [
            "non_standard_content",
            "adult"
        ],
        "section_title": "KRQE NEWS 13 -  Breaking News, Albuquerque News, New Mexico News, Weather, and Videos",
        "title": "New Mexico offering free childcare assistance for wildfire evacuees",
        "title_full": "New Mexico offering free childcare assistance for wildfire evacuees",
        "published": "2024-06-21T20:06:00.000+03:00",
        "replies_count": 0,
        "participants_count": 1,
        "site_type": "news",
        "country": "US",
        "main_image": "https://www.krqe.com/wp-content/uploads/sites/12/2023/08/ChildCare.png?w=1280",
        "performance_score": 0,
        "domain_rank": 8754,
        "domain_rank_updated": "2024-06-18T13:08:21.000+03:00",
        "reach": null,
        "social": {
            "facebook": {
                "likes": 0,
                "comments": 0,
                "shares": 0
            },
            "gplus": {
                "shares": 0
            },
            "pinterest": {
                "shares": 0
            },
            "linkedin": {
                "shares": 0
            },
            "stumbledupon": {
                "shares": 0
            },
            "vk": {
                "shares": 0
            }
        }
    },
    "uuid": "c706d9a3450772cb9e71157a074598dc05c2b9a5",
    "url": "https://www.krqe.com/news/wildfires/new-mexico-offering-free-childcare-for-wildfire-evacuees",
    "ord_in_thread": 0,
    "parent_url": null,
    "author": "Curtis Segarra",
    "published": "2024-06-21T20:06:00.000+03:00",
    "title": "New Mexico offering free childcare assistance for wildfire evacuees",
    "text": "Canada says it’s ‘deeply disturbed’ after Bombito …",
    "highlightText": "",
    "highlightTitle": "",
    "highlightThreadTitle": "",
    "language": "english",
    "sentiment": "positive",
    "categories": [
        "Disaster and Accident",
        "Human Interest"
    ],
    "webz_reporter": false,
    "external_links": [
        "https://www.nmececd.org/child-care-assistance/",
        "https://twitter.com/intent/tweet?text=New%20Mexico%20offering%20free%20childcare%20for%20wildfire%20evacuees&#038;url=https%3A%2F%2Fwww.krqe.com%2Fnews%2Fwildfires%2Fnew-mexico-offering-free-childcare-for-wildfire-evacuees%2F",
        "https://www.linkedin.com/sharing/share-offsite/?url=https%3A%2F%2Fwww.krqe.com%2Fnews%2Fwildfires%2Fnew-mexico-offering-free-childcare-for-wildfire-evacuees%2F&#038;title=New%20Mexico%20offering%20free%20childcare%20for%20wildfire%20evacuees",
        "https://www.nmececd.org/child-care-assistance",
        "https://nmececd.org/child-care-assistance/",
        "https://www.twitter.com/intent/tweet?text=New%20Mexico%20offering%20free%20childcare%20for%20wildfire%20evacuees&#038;url=https%3A%2F%2Fwww.krqe.com%2Fnews%2Fwildfires%2Fnew-mexico-offering-free-childcare-for-wildfire-evacuees%2F",
        "https://linkedin.com/sharing/share-offsite/?url=https%3A%2F%2Fwww.krqe.com%2Fnews%2Fwildfires%2Fnew-mexico-offering-free-childcare-for-wildfire-evacuees%2F&#038;title=New%20Mexico%20offering%20free%20childcare%20for%20wildfire%20evacuees",
        "https://www.linkedin.com/sharing/share-offsite/",
        "https://twitter.com/intent/tweet"
    ],
    "external_images": [],
    "entities": {
        "persons": [
            {
                "name": "curtis segarra",
                "sentiment": "negative"
            },
            {
                "name": "sara mickelson",
                "sentiment": "none"
            }
        ],
        "organizations": [],
        "locations": [
            {
                "name": "new mexico",
                "sentiment": "none"
            },
            {
                "name": "mexico",
                "sentiment": "none"
            }
        ]
    },
    "rating": null,
    "crawled": "2024-06-21T20:24:49.991+03:00",
    "updated": "2024-06-21T22:00:25.966+03:00"
}