{
    "thread": {
        "uuid": "e8d6fbfba25946cf0240bd06105bc437baecbb47",
        "url": "https://www.tehrantimes.com/news/500127/IRCS-provides-relief-to-quake-affected-people-in-Kashmar",
        "site_full": "www.tehrantimes.com",
        "site": "tehrantimes.com",
        "site_section": "https://www.tehrantimes.com/rss/tp/696",
        "site_categories": [
            "media"
        ],
        "section_title": "- Society",
        "title": "IRCS provides relief to quake-affected people in Kashmar",
        "title_full": "IRCS provides relief to quake-affected people in Kashmar",
        "published": "2024-06-21T18:55:00.000+03:00",
        "replies_count": 0,
        "participants_count": 0,
        "site_type": "news",
        "country": "US",
        "main_image": "https://media.mehrnews.com/d/2024/06/21/4/5038509.jpg?ts=1718985286385",
        "performance_score": 0,
        "domain_rank": 8747,
        "domain_rank_updated": "2024-06-18T13:08:21.000+03:00",
        "reach": null,
        "social": {
            "facebook": {
                "likes": 0,
                "comments": 0,
                "shares": 0
            },
            "gplus": {
                "shares": 0
            },
            "pinterest": {
                "shares": 0
            },
            "linkedin": {
                "shares": 0
            },
            "stumbledupon": {
                "shares": 0
            },
            "vk": {
                "shares": 0
            }
        }
    },
    "uuid": "e8d6fbfba25946cf0240bd06105bc437baecbb47",
    "url": "https://www.tehrantimes.com/news/500127/IRCS-provides-relief-to-quake-affected-people-in-Kashmar",
    "ord_in_thread": 0,
    "parent_url": null,
    "author": null,
    "published": "2024-06-21T18:55:00.000+03:00",
    "title": "IRCS provides relief to quake-affected people in Kashmar",
    "text": "IRCS provides relief to quake-affected people in Kashmar\nTEHRAN - The Iranian Red Crescent Society has provided rescue services to people affected by the earthquake in the city of Kashmar, Khorasan Razavi province.\nAn earthquake of 4.9 magnitude at a depth of 10 km occurred in Khorasan Razavi province, northeastern Iran, on 18 June.\nThe epicenter was located approximately 2 km north-northwestern of Kashmar city.\nAccording to reports four people died, 115 were injured (35 hospitalized), and some 900 buildings were damaged, YJC reported.\nA total of 41 relief teams consisting of 226 rescuers conducted some 76 rescue operations, the IRCS website quoted Yaqoub Soleimani, an official with the IRCS, as saying.\nSo far, seven emergency camps with 340 tents have been established in Kashmar, he added.\nIRCS services\nThe Iranian Red Crescent Society (IRCS) offered first-aid training services to more than four million people from March 14 to April 5.\nSome 63,000 other people also received rescue services.\nAmong 4,370 operations and services carried out by the IRCS, 2,525 were rescue operations, ISNA quoted Babak Mahmoudi, an IRCS official, as saying.\nThe IRCS provided emergency shelters for 3,931 individuals, treated 5,257 wounded people, and transferred 1,567 others to health centers.\nMoreover, within the framework of a program initiated on March 14, more than four million individuals were trained in first aid by the IRCS trainers, and 400 others received online training.\nAlso, kids were made aware of natural hazards, such as floods and earthquakes, and other dangers using virtual reality or playing games.\nA training workshop focusing on lowering harms caused by drug addiction was held with the cooperation of the IRCS and Villa Maraini Foundation of Italy in Tehran in December 2023.\nPirhossein Kolivand, the head of the IRCS, and Massimo Barra, the head of the Villa Maraini Foundation, met on the sidelines of the event.\nKolivand stated that drug users encounter severe health issues, suffering from an identity crisis which leads to their exclusion by both their families and society, the IRCS website reported.\nHowever, initiative projects, such as Harm Reduction on Drug Addiction, serve the purpose of educating and offering healthcare to these individuals, enabling them to reintegrate into society, reunite with their families, and restore self-esteem.\nMT/MG",
    "highlightText": "",
    "highlightTitle": "",
    "highlightThreadTitle": "",
    "language": "english",
    "sentiment": "positive",
    "categories": [
        "Human Interest",
        "Disaster and Accident"
    ],
    "webz_reporter": false,
    "external_links": [],
    "external_images": [],
    "entities": {
        "persons": [
            {
                "name": "yaqoub soleimani",
                "sentiment": "none"
            }
        ],
        "organizations": [
            {
                "name": "red crescent society",
                "sentiment": "positive"
            },
            {
                "name": "ircs",
                "sentiment": "positive"
            },
            {
                "name": "the iranian red crescent society",
                "sentiment": "none"
            }
        ],
        "locations": [
            {
                "name": "kashmar",
                "sentiment": "none"
            },
            {
                "name": "kashmar tehran",
                "sentiment": "none"
            },
            {
                "name": "iran",
                "sentiment": "none"
            },
            {
                "name": "khorasan razavi province",
                "sentiment": "none"
            },
            {
                "name": "khorasan razavi",
                "sentiment": "none"
            }
        ]
    },
    "rating": null,
    "crawled": "2024-06-21T19:54:34.636+03:00",
    "updated": "2024-06-21T19:54:34.636+03:00"
}