{
    "thread": {
        "uuid": "73d773dc2652de3327fbc0d0da689e9a5ec10148",
        "url": "https://www.newslocker.com/es-cl/noticias/noticias_generales_chile/chaleco-loacutepez-y-jeremiacuteas-israel-ganaron-primera-etapa-en-el-desafiacuteo-del-desierto",
        "site_full": "www.newslocker.com",
        "site": "newslocker.com",
        "site_section": "https://newslocker.com/es-cl",
        "site_categories": [
            "tennis",
            "sports"
        ],
        "section_title": "NewsLocker - News portal",
        "title": "Chaleco López y Jeremías Israel ganaron primera etapa en el Desafío del Desierto - Generales Chile noticias - NewsLocker",
        "title_full": "Chaleco López y Jeremías Israel ganaron primera etapa en el Desafío del Desierto - Generales Chile noticias - NewsLocker",
        "published": "2024-06-21T01:33:00.000+03:00",
        "replies_count": 0,
        "participants_count": 0,
        "site_type": "news",
        "country": "GB",
        "main_image": "https://img4.newslocker.com/2024/06/21/320688791_350.jpg",
        "performance_score": 0,
        "domain_rank": 99009,
        "domain_rank_updated": "2024-06-18T13:08:29.000+03:00",
        "reach": null,
        "social": {
            "facebook": {
                "likes": 0,
                "comments": 0,
                "shares": 0
            },
            "gplus": {
                "shares": 0
            },
            "pinterest": {
                "shares": 0
            },
            "linkedin": {
                "shares": 0
            },
            "stumbledupon": {
                "shares": 0
            },
            "vk": {
                "shares": 0
            }
        }
    },
    "uuid": "73d773dc2652de3327fbc0d0da689e9a5ec10148",
    "url": "https://www.newslocker.com/es-cl/noticias/noticias_generales_chile/chaleco-loacutepez-y-jeremiacuteas-israel-ganaron-primera-etapa-en-el-desafiacuteo-del-desierto",
    "ord_in_thread": 0,
    "parent_url": null,
    "author": null,
    "published": "2024-06-21T01:33:00.000+03:00",
    "title": "Chaleco López y Jeremías Israel ganaron primera etapa en el Desafío del Desierto - Generales Chile noticias - NewsLocker",
    "text": "[✗ Close categories](javascript:hideCategories();) [Ancud](https://www.newslocker.com/es-cl/region/ancud/) [Angol](https://www.newslocker.com/es-cl/region/angol/) [Antofagasta](https://www.newslocker.com/es-cl/region/antofagasta/) [Arauco](https://www.newslocker.com/es-cl/region/arauco/) [Arica](https://www.newslocker.com/es-cl/region/arica/) [Buin](https://www.newslocker.com/es-cl/region/buin/) [Bulnes](https://www.newslocker.com/es-cl/region/bulnes/) [Cañete](https://www.newslocker.com/es-cl/region/canete/) [Cabrero](https://www.newslocker.com/es-cl/region/cabrero/) [Calama](https://www.newslocker.com/es-cl/region/calama/) [Calbuco](https://www.newslocker.com/es-cl/region/calbuco/) [Caleta Condor](https://www.newslocker.com/es-cl/region/caleta-condor/) [Carahue](https://www.newslocker.com/es-cl/region/carahue/) [Cartagena](https://www.newslocker.com/es-cl/region/cartagena/) [Castro](https://www.newslocker.com/es-cl/region/castro/) [Cauquenes](https://www.newslocker.com/es-cl/region/cauquenes/) [Chaihuin](https://www.newslocker.com/es-cl/region/chaihuin/) [Chaitén](https://www.newslocker.com/es-cl/region/chaiten/) [Chiguayante](https://www.newslocker.com/es-cl/region/chiguayante/) [Chile Chico](https://www.newslocker.com/es-cl/region/chile-chico/) [Chillán](https://www.newslocker.com/es-cl/region/chillan/) [Chimbarongo](https://www.newslocker.com/es-cl/region/chimbarongo/) [Chonchi](https://www.newslocker.com/es-cl/region/chonchi/) [Cochrane](https://www.newslocker.com/es-cl/region/cochrane/) [Coihaique](https://www.newslocker.com/es-cl/region/coihaique/) [Coihueco](https://www.newslocker.com/es-cl/region/coihueco/) [Colbún](https://www.newslocker.com/es-cl/region/colbun/) [Collipulli](https://www.newslocker.com/es-cl/region/collipulli/) [Concepción](https://www.newslocker.com/es-cl/region/concepcion/) [Constitución](https://www.newslocker.com/es-cl/region/constitucion/) [Copiapó](https://www.newslocker.com/es-cl/region/copiapo/) [Coquimbo](https://www.newslocker.com/es-cl/region/coquimbo/) [Coronel](https://www.newslocker.com/es-cl/region/coronel/) [Corral](https://www.newslocker.com/es-cl/region/corral/) [Curanilahue](https://www.newslocker.com/es-cl/region/curanilahue/) [Curicó](https://www.newslocker.com/es-cl/region/curico/) [Diego de Almagro](https://www.newslocker.com/es-cl/region/diego-de-almagro/) [Остров Пасхи](https://www.newslocker.com/es-cl/region/n-a/) [El Arenal](https://www.newslocker.com/es-cl/region/el-arenal/) [El Cadillal](https://www.newslocker.com/es-cl/region/el-cadillal/) [El Monte](https://www.newslocker.com/es-cl/region/el-monte/) [Freire](https://www.newslocker.com/es-cl/region/freire/) [Frutillar](https://www.newslocker.com/es-cl/region/frutillar/) [Futaleufú](https://www.newslocker.com/es-cl/region/futaleufu/) [Graneros](https://www.newslocker.com/es-cl/region/graneros/) [Hacienda La Calera](https://www.newslocker.com/es-cl/region/hacienda-la-calera/) [Hanga Roa](https://www.newslocker.com/es-cl/region/hanga-roa/) [Huiro](https://www.newslocker.com/es-cl/region/huiro/) [Illapel](https://www.newslocker.com/es-cl/region/illapel/) [Iquique](https://www.newslocker.com/es-cl/region/iquique/) [La Amistad](https://www.newslocker.com/es-cl/region/la-amistad/) [La Ensenada](https://www.newslocker.com/es-cl/region/la-ensenada/) [La Junta](https://www.newslocker.com/es-cl/region/la-junta/) [La Laja](https://www.newslocker.com/es-cl/region/la-laja/) [La Ligua](https://www.newslocker.com/es-cl/region/la-ligua/) [La Pintana](https://www.newslocker.com/es-cl/region/la-pintana/) [La Serena](https://www.newslocker.com/es-cl/region/la-serena/) [La Unión](https://www.newslocker.com/es-cl/region/la-union/) [Lampa](https://www.newslocker.com/es-cl/region/lampa/) [Las Animas](https://www.newslocker.com/es-cl/region/las-animas/) [Las Fanegas](https://www.newslocker.com/es-cl/region/las-fanegas/) [Las Gaviotas](https://www.newslocker.com/es-cl/region/las-gaviotas/) [Lautaro](https://www.newslocker.com/es-cl/region/lautaro/) [Lebu](https://www.newslocker.com/es-cl/region/lebu/) [Limache](https://www.newslocker.com/es-cl/region/limache/) [Linares](https://www.newslocker.com/es-cl/region/linares/) [Llaillay](https://www.newslocker.com/es-cl/region/llaillay/) [Lo Prado](https://www.newslocker.com/es-cl/region/lo-prado/) [Loncoche](https://www.newslocker.com/es-cl/region/loncoche/) [Longaví](https://www.newslocker.com/es-cl/region/longavi/) [Los Andes](https://www.newslocker.com/es-cl/region/los-andes/) [Los Ángeles](https://www.newslocker.com/es-cl/region/los-angeles/) [Los Navegantes](https://www.newslocker.com/es-cl/region/los-navegantes/) [Lota](https://www.newslocker.com/es-cl/region/lota/) [Machalí](https://www.newslocker.com/es-cl/region/machali/) [Melipilla](https://www.newslocker.com/es-cl/region/melipilla/) [Molina](https://www.newslocker.com/es-cl/region/molina/) [Monte Patria](https://www.newslocker.com/es-cl/region/monte-patria/) [Mulchén](https://www.newslocker.com/es-cl/region/mulchen/) [Nacimiento](https://www.newslocker.com/es-cl/region/nacimiento/) [Nueva Imperial](https://www.newslocker.com/es-cl/region/nueva-imperial/) [Osorno](https://www.newslocker.com/es-cl/region/osorno/) [Ovalle](https://www.newslocker.com/es-cl/region/ovalle/) [Paine](https://www.newslocker.com/es-cl/region/paine/) [Palena](https://www.newslocker.com/es-cl/region/palena/) [Panguipulli](https://www.newslocker.com/es-cl/region/panguipulli/) [Parral](https://www.newslocker.com/es-cl/region/parral/) [Peñaflor](https://www.newslocker.com/es-cl/region/penaflor/) [Penco](https://www.newslocker.com/es-cl/region/penco/) [Pitrufquén](https://www.newslocker.com/es-cl/region/pitrufquen/) [Playa Pilolcura](https://www.newslocker.com/es-cl/region/playa-pilolcura/) [Pucón](https://www.newslocker.com/es-cl/region/pucon/) [Puente Alto](https://www.newslocker.com/es-cl/region/puente-alto/) [Puerto Aisén](https://www.newslocker.com/es-cl/region/puerto-aisen/) [Puerto Bertrand](https://www.newslocker.com/es-cl/region/puerto-bertrand/) [Puerto Chacabuco](https://www.newslocker.com/es-cl/region/puerto-chacabuco/) [Puerto Cisnes](https://www.newslocker.com/es-cl/region/puerto-cisnes/) [Puerto Guadal](https://www.newslocker.com/es-cl/region/puerto-guadal/) [Puerto Montt](https://www.newslocker.com/es-cl/region/puerto-montt/) [Puerto Natales](https://www.newslocker.com/es-cl/region/puerto-natales/) [Puerto Quellón](https://www.newslocker.com/es-cl/region/puerto-quellon/) [Puerto Rio Tranquilo](https://www.newslocker.com/es-cl/region/puerto-rio-tranquilo/) [Puerto Varas](https://www.newslocker.com/es-cl/region/puerto-varas/) [Punta Arenas](https://www.newslocker.com/es-cl/region/punta-arenas/) [Purranque](https://www.newslocker.com/es-cl/region/purranque/) [Puyehue](https://www.newslocker.com/es-cl/region/puyehue/) [Puyuhuapi](https://www.newslocker.com/es-cl/region/puyuhuapi/) [Quillota](https://www.newslocker.com/es-cl/region/quillota/) [Quilpué](https://www.newslocker.com/es-cl/region/quilpue/) [Rancagua](https://www.newslocker.com/es-cl/region/rancagua/) [Rauco](https://www.newslocker.com/es-cl/region/rauco/) [Río Bueno](https://www.newslocker.com/es-cl/region/rio-bueno/) [Rengo](https://www.newslocker.com/es-cl/region/rengo/) [Salamanca](https://www.newslocker.com/es-cl/region/salamanca/) [San Antonio](https://www.newslocker.com/es-cl/region/san-antonio/) [San Bernardo](https://www.newslocker.com/es-cl/region/san-bernardo/) [San Carlos](https://www.newslocker.com/es-cl/region/san-carlos/) [San Clemente](https://www.newslocker.com/es-cl/region/san-clemente/) [San Felipe](https://www.newslocker.com/es-cl/region/san-felipe/) [San Javier](https://www.newslocker.com/es-cl/region/san-javier/) [San Pedro de Atacama](https://www.newslocker.com/es-cl/region/san-pedro-de-atacama/) [San Vicente](https://www.newslocker.com/es-cl/region/san-vicente/) [Santa Cruz](https://www.newslocker.com/es-cl/region/santa-cruz/) [Santa Rosa](https://www.newslocker.com/es-cl/region/santa-rosa/) [Santiago](https://www.newslocker.com/es-cl/region/santiago/) [Talagante](https://www.newslocker.com/es-cl/region/talagante/) [Talca](https://www.newslocker.com/es-cl/region/talca/) [Talcahuano](https://www.newslocker.com/es-cl/region/talcahuano/) [Taltal](https://www.newslocker.com/es-cl/region/taltal/) [Temuco](https://www.newslocker.com/es-cl/region/temuco/) [Teno](https://www.newslocker.com/es-cl/region/teno/) [Tocopilla](https://www.newslocker.com/es-cl/region/tocopilla/) [Tomé](https://www.newslocker.com/es-cl/region/tome/) [Tortel](https://www.newslocker.com/es-cl/region/tortel/) [Traiguén](https://www.newslocker.com/es-cl/region/traiguen/) [Valdivia](https://www.newslocker.com/es-cl/region/valdivia/) [Vallenar](https://www.newslocker.com/es-cl/region/vallenar/) [Valparaíso](https://www.newslocker.com/es-cl/region/valparaiso/) [Viña del Mar](https://www.newslocker.com/es-cl/region/vina-del-mar/) [Victoria](https://www.newslocker.com/es-cl/region/victoria/) [Vicuña](https://www.newslocker.com/es-cl/region/vicuna/) [Vilcún](https://www.newslocker.com/es-cl/region/vilcun/) [Villa Alemana](https://www.newslocker.com/es-cl/region/villa-alemana/) [Villa Cerro Castillo](https://www.newslocker.com/es-cl/region/villa-cerro-castillo/) [Villa Europa](https://www.newslocker.com/es-cl/region/villa-europa/) [Villa Presidente Frei, Ñuñoa, Santiago, Chile](https://www.newslocker.com/es-cl/region/villa-presidente-frei-nunoa-santiago-chile/) [Villarrica](https://www.newslocker.com/es-cl/region/villarrica/) [Vuelta de la Zorra](https://www.newslocker.com/es-cl/region/vuelta-de-la-zorra/) [Yumbel](https://www.newslocker.com/es-cl/region/yumbel/) [✗ Close categories](javascript:hideCategories();) - [\"Chaleco\" López y Jeremías Israel ganaron primera etapa en el Desafío del Desierto](https://www.newslocker.com/es-cl/noticias/noticias_generales_chile/chaleco-loacutepez-y-jeremiacuteas-israel-ganaron-primera-etapa-en-el-desafiacuteo-del-desierto/view/)La Etapa 2 que se efectuará este viernes constará de 337 kilómetros, de los cuales 90 serán de especial cronometrada. - [Colo Colo confirmó amistoso ante Universitario en el Monumental](https://www.newslocker.com/es-cl/noticias/noticias_generales_chile/colo-colo-confirm-amistoso-ante-universitario-en-el-monumental/view/)Los \"albos\" buscan seguir dando rodaje al equipo. - [Nuevo sistema frontal será más moderado, pero lluvias caerán en tierras ya saturadas](https://www.newslocker.com/es-cl/noticias/noticias_generales_chile/nuevo-sistema-frontal-ser-ms-moderado-pero-lluvias-caern-en-tierras-ya-saturadas/view/)Aquello \"genera riesgos de remociones en masa\", alertó la ministra Carolina Tohá, que también informó desbordes en los mismos sectores afectados por los frentes anteriores, tras encabezar un Cogrid nacional. Las precipitaciones ya se registran en Biobío y Ñuble, y con el correr de las horas avanzará hacia las regiones de Maule, O'Higgins, Metropolitana y Valparaíso. - [Fossati se declaró \"nervioso\" por el debut ante La Roja, pero arengó con todo a Perú](https://www.newslocker.com/es-cl/noticias/noticias_generales_chile/fossati-se-declaroacute-nervioso-por-el-debut-ante-la-roja-pero-arengoacute-con-todo-a-peruacute/view/)\"Lo que buscamos es que en estos momentos los futbolistas estén motivados\", expresó. - [¿Nueva pareja? Diego Urrutia y Carla Jara subieron románticas postales](https://www.newslocker.com/es-cl/noticias/noticias_generales_chile/nueva-pareja-diego-urrutia-y-carla-jara-subieron-romnticas-postales/view/)El comediante publicó un misterioso video en el que aparece junto a la ex \"Mekano\". - [Coquimbo Unido avanzó en la Copa Chile tras batir en penales a Brujas Salamanca](https://www.newslocker.com/es-cl/noticias/noticias_generales_chile/coquimbo-unido-avanz-en-la-copa-chile-tras-batir-en-penales-a-brujas-salamanca/view/)El cuadro pirata enfrentará a Trasandino en la próxima fase. - [Tohá lideró Cogrid nacional para evaluar situación del sistema frontal](https://www.newslocker.com/es-cl/noticias/noticias_generales_chile/toh-lider-cogrid-nacional-para-evaluar-situacin-del-sistema-frontal/view/)Senapred ordenó evacuar sectores cercanos al Río Ranas, al Estero Plegarias y al Río Curanilahue en la comuna homónima; y Pichilo, El Llepo, Las Corrientes y La Faja en Arauco por desborde del Río Pichilo. Activó el Sistema de Alerta de Emergencia (SAE) en los mencionados sectores, e hizo un llamado a actuar con calma y acatar las indicaciones de la autoridad. - [Reportan al menos 125 muertos por las olas de calor en México](https://www.newslocker.com/es-cl/noticias/noticias_generales_chile/reportan-al-menos-125-muertos-por-las-olas-de-calor-en-mxico/view/)Un informe constató que las temperaturas máximas diurnas y nocturnas entre mayo y junio en el norte y centro de América batieron récords, alcanzando más de 45 grados. El Gobierno mexicano ha pronosticado al menos cinco olas de calor entre marzo y julio. - [España dominó a una deslucida Italia y festejó en la Eurocopa 2024](https://www.newslocker.com/es-cl/noticias/noticias_generales_chile/espaa-domin-a-una-deslucida-italia-y-festej-en-la-eurocopa-2024/view/)La selección española aprovechó el bajo rendimiento de Italia en la segunda fecha de la Eurocopa 2024 para imponer sus condiciones en la segunda fecha. Pese al dominio, el marcador sólo quedó 1-0 para España ―con un autogol― que aseguró su paso a octavos de final. - [[VIDEO] Un increíble autogol de Calafiori selló el triunfo de España ante Italia](https://www.newslocker.com/es-cl/noticias/noticias_generales_chile/video-un-increble-autogol-de-calafiori-sell-el-triunfo-de-espaa-ante-italia/view/)El defensor desequilibró el juego con un gol en su propio arco. - [Vidal: Quiero estar en las Clasificatorias, dependerá del nivel que muestre en Colo Colo](https://www.newslocker.com/es-cl/noticias/noticias_generales_chile/vidal-quiero-estar-en-las-clasificatorias-depender-del-nivel-que-muestre-en-colo-colo/view/)Arturo Vidal analizó la goleada de Colo Colo sobre Colegio Quillón en la Copa Chile y toco varios temas en la zona mixta del Monumental, como el debut de La Roja en la Copa América y expresó su deseo de volver a la selección para las Clasificatorias del Mundial 2026. - [Radamel Falcao cerró un acuerdo para jugar en Millonarios, el club de sus amores](https://www.newslocker.com/es-cl/noticias/noticias_generales_chile/radamel-falcao-cerr-un-acuerdo-para-jugar-en-millonarios-el-club-de-sus-amores/view/)El \"Tigre\" llegará luego de su paso por Rayo Vallecano. - [La primera rueda del Campeonato Nacional se cerró con el sólido triunfo de Ñublense ante Huachipato](https://www.newslocker.com/es-cl/noticias/noticias_generales_chile/la-primera-rueda-del-campeonato-nacional-se-cerr-con-el-slido-triunfo-de-ublense-ante-huachipato/view/)Ñublense venció por 3-0 a Huachipato en duelo pendiente de la fecha 15 del Campeonato Nacional y en el partido que marcó el cierre de la primera rueda. - [Almirón: Para nosotros es un privilegio tener a Arturo Vidal](https://www.newslocker.com/es-cl/noticias/noticias_generales_chile/almirn-para-nosotros-es-un-privilegio-tener-a-arturo-vidal/view/)El estratega de los \"albos\" se refirió sobre el presente del \"King\". - [Ministro peruano se disculpa por \"declaraciones inaceptables\" sobre abusos a indígenas](https://www.newslocker.com/es-cl/noticias/noticias_generales_chile/ministro-peruano-se-disculpa-por-declaraciones-inaceptables-sobre-abusos-a-indiacutegenas/view/)El titular de Educación, Morgan Quero, pidió perdón tras relacionar con \"prácticas culturales\" las denuncias de violaciones a menores de la comunidad amazónica awajún. Confirmó la formación de una comisión multisectorial \"para atender a una población que ha estado durante mucho tiempo en una condición de abandono muy grave\". - [Copa Chile: Unión Española goleó a Marcos Trincado y clasificó a cuartos del Centro Sur](https://www.newslocker.com/es-cl/noticias/noticias_generales_chile/copa-chile-unin-espaola-gole-a-marcos-trincado-y-clasific-a-cuartos-del-centro-sur/view/)El cuadro hispano se impuso en el Estadio Municipal de Rengo. - [Aníbal Mosa sobre los refuerzos de Colo Colo: Esperamos cerrar tres o dos jugadores](https://www.newslocker.com/es-cl/noticias/noticias_generales_chile/anbal-mosa-sobre-los-refuerzos-de-colo-colo-esperamos-cerrar-tres-o-dos-jugadores/view/)El presidente de Blanco y Negro también se refirió a la situación de Carlos Palacios. - [Ñublense venció a Huachipato y se alejó de la parte baja de la tabla](https://www.newslocker.com/es-cl/noticias/noticias_generales_chile/ublense-venci-a-huachipato-y-se-alej-de-la-parte-baja-de-la-tabla/view/)El elenco chillanejo venció con autoridad al cuadro del acero en duelo pendiente del Campeonato Nacional. - [España golpeó a Italia y sacó pasajes a octavos de la Euro 2024](https://www.newslocker.com/es-cl/noticias/noticias_generales_chile/espaa-golpe-a-italia-y-sac-pasajes-a-octavos-de-la-euro-2024/view/)El conjunto ibérico dominó, pero cosechó una estrecha diferencia en las cifras. - [[ESTADISTICAS] La tabla de posiciones tras el término de la primera rueda del Campeonato](https://www.newslocker.com/es-cl/noticias/noticias_generales_chile/estadisticas-la-tabla-de-posiciones-tras-el-trmino-de-la-primera-rueda-del-campeonato/view/)Revisa el movimiento de las clasificaciones en Cooperativa.cl. - [[Video] Cabra \"Holly\" del Parque Granjaventura lanzó su pronóstico para el Argentina-Canadá](https://www.newslocker.com/es-cl/noticias/noticias_generales_chile/video-cabra-holly-del-parque-granjaventura-lanzoacute-su-pronoacutestico-para-el-argentina-canadaacute/view/)El tierno animal es parte del recinto ubicado en Parque Mahuida. - [Otro más: Socavón afecta a berma de carretera en Concón](https://www.newslocker.com/es-cl/noticias/noticias_generales_chile/otro-ms-socavn-afecta-a-berma-de-carretera-en-concn/view/)Un nuevo socavón se registró este jueves en la ruta F30, en el sector de Camino Internacional de la comuna de Concón. Según las autoridades locales, la remoción de tierra tiene más de 20 metros. El alcalde de Concón, Freddy Ramírez, señaló que \"nos enteramos de lo ocurrido y avisamos a los organismos pertinentes (...). Se está trabajando en la desviación de los canales de aguas lluvias para evitar un nuevo socav& - [Milei convocó pacto transversal \"para que Argentina vuelva a ser grande\"](https://www.newslocker.com/es-cl/noticias/noticias_generales_chile/milei-convocoacute-pacto-transversal-para-que-argentina-vuelva-a-ser-grande/view/)Llamó a las fuerzas políticas, dirigencias sociales, empresarios y trabajadores a \"deponer las anteojeras partidarias para establecer juntos el nuevo orden económico\". Invitó a suscribir este compromiso el próximo 9 de julio en Tucumán. - [Comisión de Pesca: No permitiremos que la nueva ley sea ensuciada por algunos](https://www.newslocker.com/es-cl/noticias/noticias_generales_chile/comisin-de-pesca-no-permitiremos-que-la-nueva-ley-sea-ensuciada-por-algunos/view/)Su presidente, Jorge Brito (RD), dijo que la tramitación se suspendió por una semana hasta conocer el alcance del \"copy-paste\" presentado por diputados de oposición. Sonapesca afirmó que las propuestas impugnadas surgieron de un informe público, entregado a todos los miembros de la instancia, y no en particular a Bobadilla, Moreira y Berger. Agregó que el proyecto impulsado por el Gobierno \"es desprolijo, lleno de contradicciones técnicas que lo h - [Carlos Palacios sobre su futuro en Colo Colo: \"No he conversado para extender el vínculo\"](https://www.newslocker.com/es-cl/noticias/noticias_generales_chile/carlos-palacios-sobre-su-futuro-en-colo-colo-no-he-conversado-para-extender-el-viacutenculo/view/)El delantero no descartó emigrar del club para el segundo semestre del torneo. - [[Video] ¡Visita ilustre! José Pedro Fuenzalida llegó a la concentración de la Roja en Estados Unidos](https://www.newslocker.com/es-cl/noticias/noticias_generales_chile/video-visita-ilustre-jos-pedro-fuenzalida-lleg-a-la-concentracin-de-la-roja-en-estados-unidos/view/)El \"Chapa\" fue clave en el título logrado en Estados Unidos en 2016. - [Futbolista estrella de Jamaica renunció a jugar la Copa América y está de vacaciones en Cancún](https://www.newslocker.com/es-cl/noticias/noticias_generales_chile/futbolista-estrella-de-jamaica-renunci-a-jugar-la-copa-amrica-y-est-de-vacaciones-en-cancn/view/)Leon Bailey optó por tomarse un descanso en vez de acudir al torneo continental. - [Muere a los 101 años Silvia Infantas, cantante ícono del folclor chileno](https://www.newslocker.com/es-cl/noticias/noticias_generales_chile/muere-a-los-101-aos-silvia-infantas-cantante-cono-del-folclor-chileno/view/)Infantas interpretó clásicos como \"Si vas para Chile\", \"La consentida\" y \"La rosa y el clavel\", entre otros. - [Vidal a Gareca: Los peruanos saben cuántos goles les metí en esos ocho años que estuvo él](https://www.newslocker.com/es-cl/noticias/noticias_generales_chile/vidal-a-gareca-los-peruanos-saben-cuntos-goles-les-met-en-esos-ocho-aosqueestuvol/view/)El volante de Colo Colo se refirió al seleccionador de La Roja en la antesala de la Copa América. - [Buscan a hombre que se extravió en el Parque Nacional Villarrica](https://www.newslocker.com/es-cl/noticias/noticias_generales_chile/buscan-a-hombre-que-se-extravi-en-el-parque-nacional-villarrica/view/)Ingresó sin registrarse, con la intención de practicar deportes de nieve.",
    "highlightText": "",
    "highlightTitle": "",
    "highlightThreadTitle": "",
    "language": "english",
    "sentiment": "positive",
    "categories": [
        "Sport",
        "Human Interest",
        "Disaster and Accident"
    ],
    "webz_reporter": false,
    "external_links": [],
    "external_images": [],
    "entities": {
        "persons": [
            {
                "name": "chaleco lópez",
                "sentiment": "neutral"
            },
            {
                "name": "cabrero",
                "sentiment": "none"
            },
            {
                "name": "castro",
                "sentiment": "none"
            },
            {
                "name": "caleta condor",
                "sentiment": "none"
            }
        ],
        "organizations": [],
        "locations": [
            {
                "name": "desafío del desierto - generales chile",
                "sentiment": "none"
            },
            {
                "name": "israel",
                "sentiment": "none"
            },
            {
                "name": "cartagena",
                "sentiment": "none"
            },
            {
                "name": "calama",
                "sentiment": "none"
            },
            {
                "name": "antofagasta",
                "sentiment": "none"
            },
            {
                "name": "arica",
                "sentiment": "none"
            }
        ]
    },
    "rating": null,
    "crawled": "2024-06-21T02:04:16.638+03:00",
    "updated": "2024-06-21T02:04:16.638+03:00"
}