{
    "thread": {
        "uuid": "e540470c52291a7010d4b598234839b4e62db0ce",
        "url": "https://www.weareiowa.com/article/entertainment/television/programs/iowa-live/tired-of-dealing-with-insurance-let-my-storm-heroes-rescue-your-home-from-storm-damage-paid-content/524-e0422c5e-77a7-483d-a789-2d36f8e606c2",
        "site_full": "www.weareiowa.com",
        "site": "weareiowa.com",
        "site_section": "https://weareiowa.com/iowa-live",
        "site_categories": [
            "media"
        ],
        "section_title": "Iowa Live | weareiowa.com",
        "title": "Tired of dealing with insurance? Let My Storm Heroes rescue your home from storm damage | Paid Content | weareiowa.com",
        "title_full": "Tired of dealing with insurance? Let My Storm Heroes rescue your home from storm damage | Paid Content | weareiowa.com",
        "published": "2024-06-20T03:00:00.000+03:00",
        "replies_count": 0,
        "participants_count": 1,
        "site_type": "news",
        "country": "US",
        "main_image": "https://media.tegna-media.com/assets/WOI/images/da8eba0d-8d49-4205-a487-6eaf3d3786f6/20240620T174106/da8eba0d-8d49-4205-a487-6eaf3d3786f6_1140x641.jpg",
        "performance_score": 0,
        "domain_rank": 67783,
        "domain_rank_updated": "2024-06-18T13:08:26.000+03:00",
        "reach": null,
        "social": {
            "facebook": {
                "likes": 0,
                "comments": 0,
                "shares": 0
            },
            "gplus": {
                "shares": 0
            },
            "pinterest": {
                "shares": 0
            },
            "linkedin": {
                "shares": 0
            },
            "stumbledupon": {
                "shares": 0
            },
            "vk": {
                "shares": 0
            }
        }
    },
    "uuid": "e540470c52291a7010d4b598234839b4e62db0ce",
    "url": "https://www.weareiowa.com/article/entertainment/television/programs/iowa-live/tired-of-dealing-with-insurance-let-my-storm-heroes-rescue-your-home-from-storm-damage-paid-content/524-e0422c5e-77a7-483d-a789-2d36f8e606c2",
    "ord_in_thread": 0,
    "parent_url": null,
    "author": "My Storm Heroes",
    "published": "2024-06-20T03:00:00.000+03:00",
    "title": "Tired of dealing with insurance? Let My Storm Heroes rescue your home from storm damage | Paid Content | weareiowa.com",
    "text": "[Storm Heroes](https://mystormheroes.com/) is a 2 person team of Storm Damage experts with a combined 15 years of experience identifying storm damage, and helping their customers navigate confusing property insurance claims. A few key things they would like to help people understand are: how to identify signs that you may need to call someone to inspect your home for damage, and the importance of finding a contractor that you trust that has experience working with storm damage claims to team up with your insurance company to help make sure you get fully indemnified and your property restored. Storm damage can be difficult to identify if it is not something you are used to looking for. Many homeowners have no idea they have damage at all. Just a few simple signs you can look for after a storm comes through your area are: a lot of leaves or branches on the ground, knocked out of trees by wind or hail, dents on the metals of your home that you can see from ground level, holes in your vinyl siding, or the \"cleaned off\" white marks called spatter, on your sidewalk or deck. If you see these or anything else that see that seems suspicious, you should call your trusted storm damage contractor. Storm Heroes will provide a comprehensive analysis of your property for absolutely free. Your storm damage contractor will fully inspect your property to insure all damage is identified, and help the adjuster find it all during the adjuster inspection as well. They will work hard to provide all the evidence necessary, during each step of the process, and help overcome the obstacles that will surely come during a property claim. A few things you should look for when choosing a storm damage contractor to work with are: - Knowledge and experience specific to the storm damage industry and dealing with insurance claims. This is a very confusing, ever-changing industry that requires constantly being up to date on best practices. - Do you trust them and feel they are working with integrity and your best interests in mind and will they help you with every aspect of your claim for your benefit? - Will they be there helping you throughout the entirety of your claim until the end, and will they be around in case you need them in the future? - Do they have some references of the quality of service they provide that they are willing to share with you? Contact Storm Heroes now for a trustworthy, committed team ready to help with your storm damage claim.",
    "highlightText": "",
    "highlightTitle": "",
    "highlightThreadTitle": "",
    "language": "english",
    "sentiment": "positive",
    "categories": [
        "Disaster and Accident"
    ],
    "webz_reporter": false,
    "external_links": [
        "https://mystormheroes.com/)",
        "https://www.mystormheroes.com/)"
    ],
    "external_images": [],
    "entities": {
        "persons": [],
        "organizations": [],
        "locations": []
    },
    "rating": null,
    "crawled": "2024-06-21T01:02:00.152+03:00",
    "updated": "2024-06-21T01:02:00.152+03:00"
}