{
    "thread": {
        "uuid": "70c93822be528897671c9a46f78300578454e49d",
        "url": "https://www.dvidshub.net/image/8491623/provincial-government-batanes-hosts-dedication-ceremony-disaster-relief-warehouse-with-130th-engineer-brigade",
        "site_full": "www.dvidshub.net",
        "site": "dvidshub.net",
        "site_section": "https://www.dvidshub.net/rss/image",
        "site_categories": [
            "media"
        ],
        "section_title": "DVIDS RSS Feed: Image",
        "title": "Provincial Government of Batanes hosts dedication ceremony for disaster relief warehouse with 130th Engineer Brigade [Image 9 of 19]",
        "title_full": "Provincial Government of Batanes hosts dedication ceremony for disaster relief warehouse with 130th Engineer Brigade [Image 9 of 19]",
        "published": "2024-06-22T05:30:00.000+03:00",
        "replies_count": 0,
        "participants_count": 1,
        "site_type": "news",
        "country": "US",
        "main_image": "https://d1ldvf68ux039x.cloudfront.net/thumbs/photos/2406/8491623/1000w_q95.jpg",
        "performance_score": 0,
        "domain_rank": 5475,
        "domain_rank_updated": "2024-06-18T13:08:21.000+03:00",
        "reach": null,
        "social": {
            "facebook": {
                "likes": 0,
                "comments": 0,
                "shares": 0
            },
            "gplus": {
                "shares": 0
            },
            "pinterest": {
                "shares": 0
            },
            "linkedin": {
                "shares": 0
            },
            "stumbledupon": {
                "shares": 0
            },
            "vk": {
                "shares": 0
            }
        }
    },
    "uuid": "70c93822be528897671c9a46f78300578454e49d",
    "url": "https://www.dvidshub.net/image/8491623/provincial-government-batanes-hosts-dedication-ceremony-disaster-relief-warehouse-with-130th-engineer-brigade",
    "ord_in_thread": 0,
    "parent_url": null,
    "author": "Spc. Devin Davis",
    "published": "2024-06-22T05:30:00.000+03:00",
    "title": "Provincial Government of Batanes hosts dedication ceremony for disaster relief warehouse with 130th Engineer Brigade [Image 9 of 19]",
    "text": "U.S. Army engineers with the 523rd Engineer Support Company, 84th Engineer Battalion, 130th Engineer Brigade, 8th Theater Sustainment Command, conduct a dedication ceremony for a disaster relief warehouse they built with the Armed Forces of the Philippines, 513th Engineer Construction Battalion, 51st Engineer Brigade, who were also in attendance in Itbayat, Philippines, June 17, 2024. Salaknib is an annual exercise between the Armed Forces of the Philippines and the U.S. military designed to strengthen bilateral interoperability, capabilities, trust, and cooperation built over decades of shared experiences. (U.S. Army photo by Spc. Devin Davis)\n|Date Taken:||06.17.2024|\n|Date Posted:||06.21.2024 22:30|\n|Photo ID:||8491623|\n|VIRIN:||240616-A-JL197-1076|\n|Resolution:||6744x4498|\n|Size:||1.83 MB|\n|Location:||PH|\n|Web Views:||0|\n|Downloads:||0|\nThis work, Provincial Government of Batanes hosts dedication ceremony for disaster relief warehouse with 130th Engineer Brigade [Image 19 of 19], by\n[SPC Devin Davis](/portfolio/1768107/devin-davis), identified by DVIDS, must comply with the restrictions shown on https://www.dvidshub.net/about/copyright. [Provincial Government of Batanes hosts dedication ceremony for disaster relief warehouse with 130th Engineer Brigade](/news/474589/provincial-government-batanes-hosts-dedication-ceremony-disaster-relief-warehouse-with-130th-engineer-brigade)\nNo keywords found.",
    "highlightText": "",
    "highlightTitle": "",
    "highlightThreadTitle": "",
    "language": "english",
    "sentiment": "positive",
    "categories": [
        "Disaster and Accident",
        "Politics",
        "Human Interest"
    ],
    "webz_reporter": false,
    "external_links": [],
    "external_images": [],
    "entities": {
        "persons": [
            {
                "name": "devin davis",
                "sentiment": "none"
            }
        ],
        "organizations": [
            {
                "name": "u.s. army",
                "sentiment": "negative"
            },
            {
                "name": "523rd engineer support company",
                "sentiment": "negative"
            },
            {
                "name": "provincial government of batanes",
                "sentiment": "negative"
            },
            {
                "name": "8th theater sustainment command",
                "sentiment": "none"
            },
            {
                "name": "armed forces of the philippines",
                "sentiment": "none"
            },
            {
                "name": "513th engineer construction battalion",
                "sentiment": "none"
            }
        ],
        "locations": [
            {
                "name": "u.s.",
                "sentiment": "none"
            },
            {
                "name": "philippines",
                "sentiment": "none"
            },
            {
                "name": "itbayat",
                "sentiment": "none"
            }
        ]
    },
    "rating": null,
    "crawled": "2024-06-22T05:33:30.958+03:00",
    "updated": "2024-06-22T05:33:30.958+03:00"
}