{
    "thread": {
        "uuid": "c840ba04c897d3e7cbea8a92c738347ce8327cb6",
        "url": "https://www.adnradio.cl/2024/06/21/presidente-boric-lidera-reunion-de-monitoreo-por-sistema-frontal-en-centro-y-sur-de-chile-todos-debemos-cuidarnos-evacuar-cuando-se-alerte",
        "site_full": "www.adnradio.cl",
        "site": "adnradio.cl",
        "site_section": "https://www.adnradio.cl",
        "site_categories": [
            "media",
            "top_news"
        ],
        "section_title": " ADN Radio | Actualidad, deportes, noticias y radio online",
        "title": "Presidente Boric lidera reunión de monitoreo por sistema frontal en centro y sur de Chile: “Todos debemos cuidarnos, evacuar cuando se alerte” | ADN Radio",
        "title_full": "Presidente Boric lidera reunión de monitoreo por sistema frontal en centro y sur de Chile: “Todos debemos cuidarnos, evacuar cuando se alerte” | ADN Radio",
        "published": "2024-06-22T00:22:00.000+03:00",
        "replies_count": 0,
        "participants_count": 1,
        "site_type": "news",
        "country": "CL",
        "main_image": "https://www.adnradio.cl/resizer/v2/https%3A%2F%2Fcloudfront-us-east-1.images.arcpublishing.com%2Fprisachile%2FURRDVAZNBVCZRC3AINRZV4BGJ4.jpeg?auth=bfa3c074b8648e4c1085a287a05366425fbdbd47a419a653d26030c14fbac82b&amp;height=800&amp;width=1200&amp;quality=70&amp;smart=true",
        "performance_score": 0,
        "domain_rank": 62651,
        "domain_rank_updated": "2024-06-18T13:08:26.000+03:00",
        "reach": null,
        "social": {
            "facebook": {
                "likes": 0,
                "comments": 0,
                "shares": 0
            },
            "gplus": {
                "shares": 0
            },
            "pinterest": {
                "shares": 0
            },
            "linkedin": {
                "shares": 0
            },
            "stumbledupon": {
                "shares": 0
            },
            "vk": {
                "shares": 0
            }
        }
    },
    "uuid": "c840ba04c897d3e7cbea8a92c738347ce8327cb6",
    "url": "https://www.adnradio.cl/2024/06/21/presidente-boric-lidera-reunion-de-monitoreo-por-sistema-frontal-en-centro-y-sur-de-chile-todos-debemos-cuidarnos-evacuar-cuando-se-alerte",
    "ord_in_thread": 0,
    "parent_url": null,
    "author": "Nelson Quiroz,Diana Copa",
    "published": "2024-06-22T00:22:00.000+03:00",
    "title": "Presidente Boric lidera reunión de monitoreo por sistema frontal en centro y sur de Chile: “Todos debemos cuidarnos, evacuar cuando se alerte” | ADN Radio",
    "text": "Presidente Boric lidera reunión de monitoreo por sistema frontal en centro y sur de Chile: “Todos debemos cuidarnos, evacuar cuando se alerte” De acuerdo a estimaciones, la región de Valparaíso recibiría hasta 90 milímetros de agua durante la jornada, mientras que en el Ñuble y el Biobío carían 80 mm y la Metropolitana 60 mm. Este viernes 21 de junio comenzó [el sistema frontal que afectará a varias regiones de Chile ](https://www.adnradio.cl/2024/06/19/se-viene-una-potente-corriente-de-chorro-junto-al-nuevo-sistema-frontal-que-es-y-cuales-regiones-seran-afectadas-por-la-lluvia/)por varios días, trayendo consigo frío y lluvias intensas: La temperatura máxima registrada es de 8 °C, la cual se mantendrá durante todo el día. De acuerdo a estimaciones, la región de Valparaíso recibiría hasta 90 milímetros de agua durante la jornada, mientras que en el Ñuble y el Biobío carí 80 mm y la Metropolitana 60 mm. Revisa también Ante este escenario, debido a las diversas situaciones de emergencia registradas a lo largo del país, la tarde de este viernes, el Presidente Gabriel Boric encabezó una reunión de coordinación y monitoreo en La Moneda el Presidente, junto a otras autoridades como la ministra del Interior y Seguridad Pública, Carolina Tohá; el subsecretario del Interior, Manuel Monsalve y los delegados y delegadas presidenciales de las regiones afectadas por el sistema frontal en el centro y sur del país. “Compatriotas, en medio del sistema frontal que afecta la zona centro sur de nuestro país, lo más importante es proteger la vida de las personas y sus hogares. Entre todas y todos debemos cuidarnos, evacuar apenas lleguen las alertas de Senapred y seguir las indicaciones de las autoridades”, señaló el Mandatario tras la cita vía X. “Esta hora, hay más de 90 albergues habilitados a nivel nacional, tenemos maquinaria reponiendo rutas para ir en ayuda de las personas aisladas y estamos trabajando en obras de mitigación”, agregó el jefe de Estado. [Podcasts recomendados](https://www.adnradio.cl/podcast/) [Ver todos](https://www.adnradio.cl/podcast/)",
    "highlightText": "",
    "highlightTitle": "",
    "highlightThreadTitle": "",
    "language": "spanish",
    "sentiment": "positive",
    "categories": [
        "Politics",
        "Health",
        "Disaster and Accident"
    ],
    "webz_reporter": false,
    "external_links": [],
    "external_images": [],
    "entities": {
        "persons": [],
        "organizations": [],
        "locations": []
    },
    "rating": null,
    "crawled": "2024-06-22T01:28:12.041+03:00",
    "updated": "2024-06-22T01:28:12.041+03:00"
}