{
    "thread": {
        "uuid": "7dfda69509d8f736b365dc0258374981f457053d",
        "url": "https://thenationonlineng.net/troops-kill-220-terrorists-rescue-202-hostages-seize-one-million-crude",
        "site_full": "thenationonlineng.net",
        "site": "thenationonlineng.net",
        "site_section": "https://www.yohaig.ng/category/nigerian-newspapers/the-nation-news/",
        "site_categories": [
            "media"
        ],
        "section_title": null,
        "title": "Troops kill 220 terrorists, rescue 202 hostages, seize one million crude",
        "title_full": "Troops kill 220 terrorists, rescue 202 hostages, seize one million crude",
        "published": "2024-06-21T22:35:00.000+03:00",
        "replies_count": 0,
        "participants_count": 1,
        "site_type": "news",
        "country": "NG",
        "main_image": "",
        "performance_score": 0,
        "domain_rank": 15503,
        "domain_rank_updated": "2024-06-18T13:08:21.000+03:00",
        "reach": null,
        "social": {
            "facebook": {
                "likes": 0,
                "comments": 0,
                "shares": 0
            },
            "gplus": {
                "shares": 0
            },
            "pinterest": {
                "shares": 0
            },
            "linkedin": {
                "shares": 0
            },
            "stumbledupon": {
                "shares": 0
            },
            "vk": {
                "shares": 0
            }
        }
    },
    "uuid": "7dfda69509d8f736b365dc0258374981f457053d",
    "url": "https://thenationonlineng.net/troops-kill-220-terrorists-rescue-202-hostages-seize-one-million-crude",
    "ord_in_thread": 0,
    "parent_url": null,
    "author": "The Nation Newspaper",
    "published": "2024-06-21T22:35:00.000+03:00",
    "title": "Troops kill 220 terrorists, rescue 202 hostages, seize one million crude",
    "text": "Troops on operations across the country killed 220 and arrested 395 criminals in the past week.\nThe troops also seized 1,099,860 litres of stolen crude, arrested 55 oil thieves, and rescued 202 kidnap victims.\nThe Director of Defence Media Operations, Maj-Gen Edward Buba , announced this in a statement on Friday June 21.\nGen. Buba said troops recovered 432 assorted weapons comprising three PKT guns, one G3 rifle, 83 AK47 rifles, 18 locally fabricated gun, 16 dane guns, two pump action guns, two double barrel guns, two single barrel guns, eight locally fabricated pistols, two revolver rifles, one hand grenades, 14 RPG bombs, one RPG launcher, two tear gas launchers, 234 smoke grenades and one ba\nHe said troops also recovered 9,004 assorted ammunition comprising\n5,893 rounds of 7.62mm special ammo, 2,064 rounds of 7.62mm NATO, 401 rounds of 9mm ammo, 200 rounds of 7.62 x 54mm, 154 rounds of 7.62 x 51mm, 195 live cartridges, and 17 magazines,\nRelated News Other items recovered, according to the defence spokesperson, are three baofeng radios, eight vehicles, 32 motorcycles, 59 mobile phones and the sum of N813,550.00.\nGen. Buba said troops in the Niger Delta area also seized 1,101,700 litres of illegally refined diesel, 27350 litres of kerosene and 150 litres of petrol.\nHe said: “ Troops recovered and destroyed 105 illegal refining sites, 51 dugout pits, 38 boats and 51 storage tanks.\n“Other items recovered include 215 cooking ovens, two speedboats, 44 drums, three tug boats, three barges, four wheelbarrows, one outboard engine, 15 vehicles, three motorcycles, and six mobile phones.”\nThe defence spokesperson said the military had “intensified intelligence collection efforts targeted at hunting terrorists and striking them” they were hiding.\nHe said: “The aim is to kill this terrorist and the infrastructure that supports them. Additionally, operational adjustments have been made to prioritize protection for farmers to ensure a successful rainy season farming.”",
    "highlightText": "",
    "highlightTitle": "",
    "highlightThreadTitle": "",
    "language": "english",
    "sentiment": "positive",
    "categories": [
        "Disaster and Accident",
        "Human Interest",
        "Crime, Law and Justice"
    ],
    "webz_reporter": false,
    "external_links": [
        "https://gazettengr.com/tag/maj-gen-edward-buba/",
        "https://www.gazettengr.com/tag/maj-gen-edward-buba/",
        "https://gazettengr.com/tag/maj-gen-edward-buba"
    ],
    "external_images": [],
    "entities": {
        "persons": [
            {
                "name": "edward buba",
                "sentiment": "none"
            },
            {
                "name": "buba",
                "sentiment": "none"
            }
        ],
        "organizations": [
            {
                "name": "defence media operations",
                "sentiment": "none"
            },
            {
                "name": "nato",
                "sentiment": "none"
            }
        ],
        "locations": []
    },
    "rating": null,
    "crawled": "2024-06-22T01:25:13.351+03:00",
    "updated": "2024-06-22T01:25:13.351+03:00"
}