{
    "thread": {
        "uuid": "790f45bbdf6594668c68ee63fb6b36bf563f0a52",
        "url": "https://www.wgrz.com/article/news/local/buffalo-lawmakers-historic-cobblestone-district-structures-damaged-by-fire-can-be-saved/71-6fcc17a1-a5a7-480a-ad37-22862cd5072e",
        "site_full": "www.wgrz.com",
        "site": "wgrz.com",
        "site_section": "https://wgrz.com/local",
        "site_categories": [
            "media"
        ],
        "section_title": "Local News | Buffalo, New York | wgrz.com",
        "title": "Buffalo lawmaker says historic Cobblestone District structures damaged by fire can be saved | wgrz.com",
        "title_full": "Buffalo lawmaker says historic Cobblestone District structures damaged by fire can be saved | wgrz.com",
        "published": "2024-06-20T03:00:00.000+03:00",
        "replies_count": 0,
        "participants_count": 1,
        "site_type": "news",
        "country": "US",
        "main_image": "https://media.wgrz.com/assets/WGRZ/images/2f28dc26-8ae8-47e7-8ad9-bbe7d57415c3/20240620T030741/2f28dc26-8ae8-47e7-8ad9-bbe7d57415c3_1140x641.jpg",
        "performance_score": 0,
        "domain_rank": 12387,
        "domain_rank_updated": "2024-06-18T13:08:21.000+03:00",
        "reach": null,
        "social": {
            "facebook": {
                "likes": 0,
                "comments": 0,
                "shares": 0
            },
            "gplus": {
                "shares": 0
            },
            "pinterest": {
                "shares": 0
            },
            "linkedin": {
                "shares": 0
            },
            "stumbledupon": {
                "shares": 0
            },
            "vk": {
                "shares": 0
            }
        }
    },
    "uuid": "790f45bbdf6594668c68ee63fb6b36bf563f0a52",
    "url": "https://www.wgrz.com/article/news/local/buffalo-lawmakers-historic-cobblestone-district-structures-damaged-by-fire-can-be-saved/71-6fcc17a1-a5a7-480a-ad37-22862cd5072e",
    "ord_in_thread": 0,
    "parent_url": null,
    "author": "Dave McKinley",
    "published": "2024-06-20T03:00:00.000+03:00",
    "title": "Buffalo lawmaker says historic Cobblestone District structures damaged by fire can be saved | wgrz.com",
    "text": "BUFFALO, N.Y. — Days after a [devastating fire](/article/news/local/two-alarm-fire-cobblestone-keybank-center/71-efe4e6f2-8925-4ebe-958d-cecb55b891ae) that damaged some historic structures in Buffalo's Cobblestone District, a member of the Common Council is still holding out hope they can be saved. Fillmore District Council Member Mitch Nowakowski was among those who spearheaded an effort by the city in recent years [to seize the buildings ](/article/news/local/buffalo/buffalo-cobblestone-buildings-faced-code-violations-for-years/71-bcc5072b-b154-498c-b8a6-e1bacc26968b)under eminent domain from an owner whom he claims neglected them, in hopes they could be adaptively reused. Then came Tuesday's fire. The buildings are under an emergency stabilization order in part so that fire inspectors can do their business to determine a cause. The future of the buildings after that is still undetermined. \"It's my overall intent to make sure the structures that can be save are, and that the structure is adaptively reused,\" Nowakowski told WGRZ-TV. But not at all costs. \"No, I have to be able to rely on the department of permits and inspections and the law department and the fire department to make those determinations if they can be salvageable or not,\" Nowakowski said. Part of what gives Nowakowski hope for the buildings, which are among the oldest in the city, is what he heard from some interested parties since the fire occurred. \"What surprised me was the amount of developers and the amount of people in the business community that said look we've done this before on other projects ... this could happen,\" Nowakowski said. 2 On Your Side left a message for one developer identified by Nowakowski, but we did not hear back from them by Friday evening. As hopeful as he may be that the buildings which were already abandoned and derelict prior to the fire could still be saved, he also said he would not stand in opposition to demolishing them if the city determines that's the best course in terms of public safety. \"I'm certainly not going to be out there being contrary,\" Nowakowski said. \"I have to rely on the expertise of those folks at city hall that are making those determinations.\"",
    "highlightText": "",
    "highlightTitle": "",
    "highlightThreadTitle": "",
    "language": "english",
    "sentiment": "positive",
    "categories": [
        "Disaster and Accident"
    ],
    "webz_reporter": false,
    "external_links": [],
    "external_images": [],
    "entities": {
        "persons": [
            {
                "name": "mitch nowakowski",
                "sentiment": "none"
            },
            {
                "name": "nowakowski",
                "sentiment": "none"
            }
        ],
        "organizations": [
            {
                "name": "common council",
                "sentiment": "none"
            },
            {
                "name": "fillmore district council",
                "sentiment": "none"
            }
        ],
        "locations": [
            {
                "name": "n.y.",
                "sentiment": "none"
            },
            {
                "name": "cobblestone district",
                "sentiment": "none"
            },
            {
                "name": "buffalo",
                "sentiment": "none"
            },
            {
                "name": "buffalo",
                "sentiment": "none"
            }
        ]
    },
    "rating": null,
    "crawled": "2024-06-22T03:21:43.114+03:00",
    "updated": "2024-06-22T03:21:43.114+03:00"
}