{
    "thread": {
        "uuid": "fef19c8a37824bd764917eecf5c5e2f777a8b880",
        "url": "https://www.wgem.com/2024/06/20/not-all-patients-are-humans-14-puppies-rescued-rollover-vehicle-crash",
        "site_full": "www.wgem.com",
        "site": "wgem.com",
        "site_section": "https://automotive.einnews.com:443/live_feed",
        "site_categories": [
            "media"
        ],
        "section_title": "Live Feed Wire - Automotive Industry Today - EIN Presswire",
        "title": "‘Not all patients are humans’: 14 puppies rescued from rollover vehicle crash",
        "title_full": "‘Not all patients are humans’: 14 puppies rescued from rollover vehicle crash",
        "published": "2024-06-21T01:11:00.000+03:00",
        "replies_count": 0,
        "participants_count": 1,
        "site_type": "news",
        "country": "US",
        "main_image": "https://gray-wgem-prod.cdn.arcpublishing.com/resizer/v2/73SV2XEBZNGTXIUKHX6W73QPOM.png?auth=4c46fcf0d182783091a4f830c3c0234302b1ddcfc709d23724c7f03ff324c6d1&amp;width=1200&amp;height=600&amp;smart=true",
        "performance_score": 0,
        "domain_rank": 99425,
        "domain_rank_updated": "2024-06-18T13:08:29.000+03:00",
        "reach": null,
        "social": {
            "facebook": {
                "likes": 0,
                "comments": 0,
                "shares": 0
            },
            "gplus": {
                "shares": 0
            },
            "pinterest": {
                "shares": 0
            },
            "linkedin": {
                "shares": 0
            },
            "stumbledupon": {
                "shares": 0
            },
            "vk": {
                "shares": 0
            }
        }
    },
    "uuid": "fef19c8a37824bd764917eecf5c5e2f777a8b880",
    "url": "https://www.wgem.com/2024/06/20/not-all-patients-are-humans-14-puppies-rescued-rollover-vehicle-crash",
    "ord_in_thread": 0,
    "parent_url": null,
    "author": "Rob Polansky",
    "published": "2024-06-21T01:11:00.000+03:00",
    "title": "‘Not all patients are humans’: 14 puppies rescued from rollover vehicle crash",
    "text": "WOODSTOCK, CT ( WFSB /Gray News) - Fourteen puppies were rescued from a rollover crash that closed a road in Woodstock, Connecticut Thursday morning. Several fire agencies responded to Senexet Road between Laurel and Bull Hill roads for a single-vehicle rollover accident involving wires down. Firefighters found a pole that had snapped, with wires down, and called Eversource CT to disable the power. Power was out in the area while the electricians worked. Officials say minor injuries were originally reported, but no one ended up being hurt. First responders also rescued and provided care for 14 puppies at the scene. the Muddy Brook Fire Department shared photos on Facebook of firefighters interacting with the puppies. The Necogg Humane Society and a doctor from Peake Brook Veterinary Center responded to the scene to provide veterinary care and shelter to the animals, firefighters said. Some puppies will be taken to a veterinary office for further care. Drivers were warned to expect a “long duration road closure.” Copyright 2024 WFSB via Gray Media Group, Inc. All rights reserved.",
    "highlightText": "",
    "highlightTitle": "",
    "highlightThreadTitle": "",
    "language": "english",
    "sentiment": "positive",
    "categories": [
        "Disaster and Accident",
        "Health",
        "Human Interest"
    ],
    "webz_reporter": false,
    "external_links": [
        "https://www.wfsb.com/2024/06/20/14-puppies-rescued-rollover-crash-woodstock/",
        "https://www.facebook.com/permalink.php?story_fbid=791535169786660&id=100067905522124&ref=embed_post",
        "https://www.wfsb.com/2024/06/20/14-puppies-rescued-rollover-crash-woodstock",
        "https://www.facebook.com/permalink.php",
        "https://wfsb.com/2024/06/20/14-puppies-rescued-rollover-crash-woodstock/",
        "https://facebook.com/permalink.php?story_fbid=791535169786660&id=100067905522124&ref=embed_post"
    ],
    "external_images": [],
    "entities": {
        "persons": [],
        "organizations": [
            {
                "name": "wfsb /gray news",
                "sentiment": "neutral"
            },
            {
                "name": "gray media group, inc",
                "sentiment": "none"
            },
            {
                "name": "wfsb",
                "sentiment": "none"
            },
            {
                "name": "muddy brook fire department",
                "sentiment": "none"
            },
            {
                "name": "necogg humane society",
                "sentiment": "none"
            },
            {
                "name": "facebook",
                "sentiment": "none"
            }
        ],
        "locations": [
            {
                "name": "woodstock",
                "sentiment": "none"
            },
            {
                "name": "bull hill",
                "sentiment": "none"
            },
            {
                "name": "peake brook veterinary center",
                "sentiment": "none"
            },
            {
                "name": "connecticut",
                "sentiment": "none"
            },
            {
                "name": "laurel",
                "sentiment": "none"
            },
            {
                "name": "senexet road",
                "sentiment": "none"
            },
            {
                "name": "woodstock",
                "sentiment": "none"
            }
        ]
    },
    "rating": null,
    "crawled": "2024-06-21T01:46:41.576+03:00",
    "updated": "2024-06-21T01:46:41.576+03:00"
}