{
    "thread": {
        "uuid": "2aff3d6b457532627c5397979eea52a67afa9a2e",
        "url": "https://www.greaterkashmir.com/todays-paper/jammu-todays-paper/successful-memu-train-trial-run-conducted-between-sangaldan-reasi-across-chenab-bridge",
        "site_full": "www.greaterkashmir.com",
        "site": "greaterkashmir.com",
        "site_section": "https://www.greaterkashmir.com",
        "site_categories": [
            "media"
        ],
        "section_title": "Home - Greater Kashmir",
        "title": "Successful MEMU train trial run conducted between Sangaldan, Reasi across Chenab bridge - Greater Kashmir",
        "title_full": "Successful MEMU train trial run conducted between Sangaldan, Reasi across Chenab bridge - Greater Kashmir",
        "published": "2024-06-20T22:55:00.000+03:00",
        "replies_count": 0,
        "participants_count": 1,
        "site_type": "news",
        "country": "IN",
        "main_image": "https://www-greaterkashmir-com.imagibyte.sortdcdn.net/wp-content/uploads/2024/06/GQgtNCmbkAA1d5E.jpg",
        "performance_score": 0,
        "domain_rank": 68865,
        "domain_rank_updated": "2024-06-18T13:08:26.000+03:00",
        "reach": null,
        "social": {
            "facebook": {
                "likes": 0,
                "comments": 0,
                "shares": 0
            },
            "gplus": {
                "shares": 0
            },
            "pinterest": {
                "shares": 0
            },
            "linkedin": {
                "shares": 0
            },
            "stumbledupon": {
                "shares": 0
            },
            "vk": {
                "shares": 0
            }
        }
    },
    "uuid": "2aff3d6b457532627c5397979eea52a67afa9a2e",
    "url": "https://www.greaterkashmir.com/todays-paper/jammu-todays-paper/successful-memu-train-trial-run-conducted-between-sangaldan-reasi-across-chenab-bridge",
    "ord_in_thread": 0,
    "parent_url": null,
    "author": "M M PARVAIZ",
    "published": "2024-06-20T22:55:00.000+03:00",
    "title": "Successful MEMU train trial run conducted between Sangaldan, Reasi across Chenab bridge - Greater Kashmir",
    "text": "Ramban, June 20: The first trial run of Mainline Electric Multiple Unit (MEMU) train run was successfully conducted on Thursday between Sangaldan and Reasi across Chenab bridge. The run of MEMU train, a train with eight coaches, was conducted on a newly constructed electrified rail line section of Sangaldan -Reasi with a route length of 46 Km, of the USBRL project at a speed of 40 km. Official sources said the Mainline Electric Multiple Unit (MEMU) train passed through nine tunnels with a combined length of 40,787 km. They said the longest rail tunnel, T-44, has a length of 11.31, Kms, The first-ever train crossed the iconic Bridge between Dugga and Bakkal stations across the Chenab River, in Reasi which is the world’s highest railway bridge with a central span of 467 meters at a staggering height of 359 meters. Railway authorities said the Reasi, Bakkal, Dugga and Sawalkote railway stations are situated in the Reasi district of Jammu and Kashmir. They claimed that the Railway Electrification work on this section has been executed with state-of-the-art technology, ROCS (Rigid Overhead Conductor System) at 25 kV, for the first time on Indian Railways. Earlier in February 2024, Prime Minister Narendra Modi inaugurated the 48,1 km Banihal-Sangaldan section of the USBRL Rail Link and flagged off the first electric train in Kashmir valley. Rail service will likely extend up to Reasi from Baramulla by the end of June. The work on the Udhampur Srinagar Rail Link project will be completed by or before the end of 2024. Minister of Railways, Ashwini Vaishnaw posted on X, “Successful run of the MEMU train between the Sangaldan and Reasi section of the USBRL Project in Jammu.”",
    "highlightText": "",
    "highlightTitle": "",
    "highlightThreadTitle": "",
    "language": "english",
    "sentiment": "positive",
    "categories": [
        "Disaster and Accident"
    ],
    "webz_reporter": false,
    "external_links": [],
    "external_images": [],
    "entities": {
        "persons": [
            {
                "name": "reasi",
                "sentiment": "negative"
            },
            {
                "name": "rigid overhea",
                "sentiment": "none"
            }
        ],
        "organizations": [
            {
                "name": "mainline electric multiple unit",
                "sentiment": "negative"
            },
            {
                "name": "railway electrification",
                "sentiment": "none"
            }
        ],
        "locations": [
            {
                "name": "sangaldan",
                "sentiment": "none"
            },
            {
                "name": "chenab bridge - greater kashmir ramban",
                "sentiment": "none"
            },
            {
                "name": "chenab",
                "sentiment": "none"
            },
            {
                "name": "bakkal",
                "sentiment": "none"
            },
            {
                "name": "dugga",
                "sentiment": "none"
            },
            {
                "name": "kashmir",
                "sentiment": "none"
            },
            {
                "name": "reasi",
                "sentiment": "none"
            },
            {
                "name": "chenab river",
                "sentiment": "none"
            },
            {
                "name": "sawalkote",
                "sentiment": "none"
            },
            {
                "name": "sangaldan -reasi",
                "sentiment": "none"
            },
            {
                "name": "jammu",
                "sentiment": "none"
            }
        ]
    },
    "rating": null,
    "crawled": "2024-06-21T06:36:47.091+03:00",
    "updated": "2024-06-21T06:36:47.091+03:00"
}