{
    "thread": {
        "uuid": "4ed8f4ed476a7ef83371ed43989495fad237a303",
        "url": "https://www.dailynews.com/2024/06/21/post-fire-containment-now-at-61-as-temperatures-rise-in-gorman-area",
        "site_full": "www.dailynews.com",
        "site": "dailynews.com",
        "site_section": "https://www.golf.einnews.com/live_feed",
        "site_categories": [
            "media"
        ],
        "section_title": "Live Feed Wire - Golf News Today - EIN Presswire",
        "title": "Post fire containment now at 61% as temperatures rise in Gorman area – Daily News",
        "title_full": "Post fire containment now at 61% as temperatures rise in Gorman area – Daily News",
        "published": "2024-06-21T03:00:00.000+03:00",
        "replies_count": 0,
        "participants_count": 1,
        "site_type": "news",
        "country": "US",
        "main_image": "https://www.dailynews.com/wp-content/uploads/2024/06/LDN-Z-POST-FIRE-MM-02.jpg?w=1024&#038;h=688",
        "performance_score": 0,
        "domain_rank": 3826,
        "domain_rank_updated": "2024-06-18T13:08:21.000+03:00",
        "reach": null,
        "social": {
            "facebook": {
                "likes": 0,
                "comments": 0,
                "shares": 0
            },
            "gplus": {
                "shares": 0
            },
            "pinterest": {
                "shares": 0
            },
            "linkedin": {
                "shares": 0
            },
            "stumbledupon": {
                "shares": 0
            },
            "vk": {
                "shares": 0
            }
        }
    },
    "uuid": "4ed8f4ed476a7ef83371ed43989495fad237a303",
    "url": "https://www.dailynews.com/2024/06/21/post-fire-containment-now-at-61-as-temperatures-rise-in-gorman-area",
    "ord_in_thread": 0,
    "parent_url": null,
    "author": "City News Service",
    "published": "2024-06-21T03:00:00.000+03:00",
    "title": "Post fire containment now at 61% as temperatures rise in Gorman area – Daily News",
    "text": "News Crime and Public Safety News News Based on facts, either observed and verified directly by the reporter, or reported and verified from knowledgeable sources. Crime and Public Safety | Post fire containment now at 61% as temperatures rise in Gorman area Share this: Click to share on Facebook (Opens in new window) Click to share on Twitter (Opens in new window) Click to share on Reddit (Opens in new window) Click to print (Opens in new window) An LA County fire engine pours water on the Post fire near Gorman on Saturday, June 15, 2024. As of Friday, June 21, the blaze was 61% contained after burning 15,690 acres. (Photo by Mike Meadows/Contributing Photographer) By City News Service | news@socalnews.com PUBLISHED: June 21, 2024 at 9:30 a.m. | UPDATED: June 21, 2024 at 9:30 a.m. Firefighters are steadily gaining the upper hand on the massive Post fire in the Gorman area north of Los Angeles, increasing containment from 57% to 61% Friday, prompting officials to lift or reduce some evacuation orders.\nThe burn area remained at 15,690 acres after increasing from 15,611 acres on Tuesday, according to Cal Fire.\nIn anticipation of hot and breezy conditions Friday and through the weekend, firefighters continue to focus on protecting critical infrastructure and recreation areas throughout the fire footprint.\nCrews will continue to identify and address pockets of fire and heat within interior portions of the burned area, as well as along roads and the Interstate 5 corridor, according to Cal Fire.\nA DC-10 air tanker makes a drop on the Post fire near Gorman on Saturday, June 15, 2024. Crews were still battling the fire on Friday, June 21, with hot, dry conditions expected to persist throughout the weekend. (Photo by Mike Meadows/Contributing Photographer)\nAn LA County fire engine pours water on the Post fire near Gorman on Saturday, June 15, 2024. As of Friday, June 21, the blaze was 61% contained after burning 15,690 acres. (Photo by Mike Meadows/Contributing Photographer)\nTwo LA County Fire Department battalion chiefs set up a command post near Gorman Post Road on Saturday, June 15, 2024, as the Post fire rages in the background. (Photo by Mike Meadows/Contributing Photographer)\nLA County firefighters head up Gorman Post Road on Saturday, June 15, 2024, to battle the Post fire. (Photo by Mike Meadows/Contributing Photographer)\nAn LA City fire helicopter makes a drop to protect an LA County camp crew worning a spot fire Saturday, June 15, 2024, during the batle against the Post fire near Gorman. (Photo by Mike Meadows/Contributing Photographer)\nA large air tanker starts its drop over the hills to stop the spread of the Post fire to the northeast on Saturday, June 15, 2024. (Photo by Mike Meadows/Contributing Photographer)\nShow Caption of\nExpand The priority remains constructing and reinforcing containment lines around the fire.\nFire crews have also made progress on suppression repair, including repairing dozer lines and constructing water bars to help protect watersheds and recreation areas.\nSeasonably hot and dry weather is expected Friday, with daytime temperatures in the 90s and humidity levels in the teens and single digits. Morning and evening winds are expected at lower elevations and in valleys.\nFirefighters continue to prepare for a significant warming trend this weekend, with temperatures expected in the high 90s to around 100 degrees. On Sunday there is a slight possibility of thunderstorms over the burn area.\nThe fire broke out Saturday, June 15, prompting the evacuation of about 1,200 people from the Hungry Valley State Vehicular Recreation Area. Evacuation orders remained in place there Wednesday, and also at Pyramid Lake and Oak Flats Campground.\nAs of 10 a.m. Thursday, evacuation orders remained in place for areas south of Gorman Post Road, west of Interstate 5, east of the Los Angeles County line and north of Pyramid Lake, officials said.\nAlso as of 10 a.m. Thursday, evacuation orders were lifted for Cas Paradise Ranch and Goldenstate B. An evacuation order was converted to an evacuation warning for areas south of Pyramid Lake, west of Interstate 5, east of the Los Angeles County line, and just north of Templin Highway.\nThe following road closures were in place:\n— Northbound Interstate 5 at state Route 138\n— Southbound Vista del Lago Road at the entrance to the Vista del Lago Visitors Center\n— Eastbound Castaic Lake Drive at Ridge Route Road\nOne commercial property has been destroyed, while 10 are being threatened, along with 50 single-family residences, fire officials said.\nAuthorities are officially reporting one injury from the fire, although no details were released.\nThe blaze is being battled by a unified command that includes the U.S. Forest Service, Angeles National Forest, the Los Angeles County Fire Department and Ventura County Fire Department. The Los Angeles County Sheriff’s Department, California State Park Services, Los Angeles County Office of Emergency Management, Cal Fire and California Highway Patrol were also providing support.\n“Crews continue making progress on the perimeter of the Post fire … allowing teams to focus more on the interior terrain,” officials said in their Thursday morning update. “Crews continue seeking out isolated smoke and heat sources that produced small flare ups (Wednesday). Increased temperatures are expected over the next several days and into the weekend which make these areas a priority.”\nThe South Coast Air Quality Management District issued a wildfire smoke advisory for the Santa Clarita and Castaic areas, with northwesterly winds expected to push smoke from the fire southeast toward Santa Clarita, the San Fernando Valley and parts of the Angeles National Forest.\nThe SCAQMD advised people in the area to limit their exposure by remaining indoors with windows and doors closed or by seeking immediate shelter, avoid vigorous physical activity and to run their air conditioners or air purifiers.\nRelated Articles Crime and Public Safety | Home insurance at $10,000 a year shows California buyers’ pain Crime and Public Safety | Post fire, in the Gorman area, is now 43% contained at 15,690 acres Crime and Public Safety | All that rain, and now all that brush on fire in Southern California. What gives? Crime and Public Safety | Containment rises to 31% on the Post fire in Gorman Crime and Public Safety | Post fire in Gorman nearing Pyramid Lake; Inland fires reported well in hand “It’s best to avoid using swamp coolers or whole house fans that bring in outside air,” the agency said. “Residents should also avoid burning wood in their fireplaces or firepits. And, if they absolutely must be outside, a properly fit N95 mask or P100 respirator may provide some protection.\nThe Post fire started at about 1:45 p.m. Saturday at Ralph’s Ranch and Gorman School roads, near the 5 Freeway, Los Angeles County Fire Department spokesman Craig Little told City News Service.\nSome 1,747 personnel wee involved in the firefighting effort.\nThe cause of the fire was under investigation.\nShare this: Click to share on Facebook (Opens in new window) Click to share on Twitter (Opens in new window) Click to share on Reddit (Opens in new window) Click to print (Opens in new window)",
    "highlightText": "",
    "highlightTitle": "",
    "highlightThreadTitle": "",
    "language": "english",
    "sentiment": "positive",
    "categories": [
        "Disaster and Accident"
    ],
    "webz_reporter": false,
    "external_links": [],
    "external_images": [],
    "entities": {
        "persons": [
            {
                "name": "gorman",
                "sentiment": "negative"
            }
        ],
        "organizations": [
            {
                "name": "cal fire",
                "sentiment": "none"
            }
        ],
        "locations": [
            {
                "name": "gorman",
                "sentiment": "none"
            },
            {
                "name": "los angeles",
                "sentiment": "none"
            }
        ]
    },
    "rating": null,
    "crawled": "2024-06-21T19:48:22.177+03:00",
    "updated": "2024-06-22T00:39:39.129+03:00"
}