{
    "thread": {
        "uuid": "bdd9c3311c97357ff12268901cfaafc4b2956933",
        "url": "https://www.francebleu.fr/emissions/l-horoscope-de-catherine-viguie/l-horoscope-du-samedi-22-juin-2024-1737497",
        "site_full": "www.francebleu.fr",
        "site": "francebleu.fr",
        "site_section": "https://www.francebleu.fr/breizh-izel",
        "site_categories": [
            "travel",
            "france",
            "top_news"
        ],
        "section_title": "France Bleu Breizh Izel – Écouter la radio en direct, actualité locale, fréquence radio",
        "title": "L'horoscope du samedi 22 juin 2024 - France Bleu",
        "title_full": "L'horoscope du samedi 22 juin 2024 - France Bleu",
        "published": "2024-06-22T07:26:00.000+03:00",
        "replies_count": 0,
        "participants_count": 1,
        "site_type": "news",
        "country": "FR",
        "main_image": "https://www.francebleu.fr/s3/cruiser-production/2021/02/d147608b-25ef-4550-aaa7-1510b5e1e25b/1200x680_catherine.jpg",
        "performance_score": 0,
        "domain_rank": 3598,
        "domain_rank_updated": "2024-06-18T13:08:21.000+03:00",
        "reach": null,
        "social": {
            "facebook": {
                "likes": 0,
                "comments": 0,
                "shares": 0
            },
            "gplus": {
                "shares": 0
            },
            "pinterest": {
                "shares": 0
            },
            "linkedin": {
                "shares": 0
            },
            "stumbledupon": {
                "shares": 0
            },
            "vk": {
                "shares": 0
            }
        }
    },
    "uuid": "bdd9c3311c97357ff12268901cfaafc4b2956933",
    "url": "https://www.francebleu.fr/emissions/l-horoscope-de-catherine-viguie/l-horoscope-du-samedi-22-juin-2024-1737497",
    "ord_in_thread": 0,
    "parent_url": null,
    "author": "France Bleu",
    "published": "2024-06-22T07:26:00.000+03:00",
    "title": "L'horoscope du samedi 22 juin 2024 - France Bleu",
    "text": "L'horoscope du samedi 22 juin 2024 Il y a la réalité, et l’idée que l‘on se fait du monde… Il faut accorder les deux ! Bélier : cela joue au sujet de votre vie professionnelle, il y a un enjeu, vous êtes concerné ! Taureau : excellent ! Avec des occasions magiques de vous changer les idées ! Gémeaux : votre vie spirituelle est valorisée, les possessions matérielles, votre argent, aussi ! Cancer : très important ce jour, avec des relations prometteuses en amour et en amitié ! Lion : vous aurez besoin ou envie de vous soigner et d’envisager une nouvelle thérapie ! Vierge : vous êtes une valeur sûre pour l’un de vos proches, ou au travail, et ça vous rend confiant ! Balance : aujourd’hui vous vous mobilisez pour votre foyer ! Ça ne sera pas de tout repos ! Scorpion : vous faites passer un message, ou recevez une nouvelle… Important pour votre devenir ! Sagittaire : il est essentiel d’envisager la suite côté trésorerie et ça se passe aujourd’hui et demain ! Capricorne : une fois que vous saurez ce que vous voulez, vous passerez facilement à l’action ! Verseau : une histoire d’amour ou autre histoire vous perturbe… Confiez-vous à une personne aimée et fiable ! Poissons : la journée sera belle, même si la conjoncture vous invite à prendre des décisions importantes pour votre avenir ! Épisodes Tous les épisodes Les plus écoutés [Le surpoids n'est que le symptôme des problèmes plus sérieux. À VOTRE SERVICE PAR FRANCE BLEU SAINT-ÉTIENNE LOIRE ](/emissions/a-votre-service-par-france-bleu-saint-etienne-loire/le-surpoids-n-est-que-le-symptome-des-problemes-plus-serieux-6341849) [En Dordogne, on recherche trois personnes motivées pour compléter les équipes déjà en place LE JOURNAL DE L'EMPLOI EN DORDOGNE ](/emissions/le-journal-de-l-emploi-en-dordogne/en-dordogne-on-recherche-trois-personnes-motivees-pour-completer-les-equipes-deja-en-place-1776869)",
    "highlightText": "",
    "highlightTitle": "",
    "highlightThreadTitle": "",
    "language": "french",
    "sentiment": "positive",
    "categories": [
        "Disaster and Accident",
        "Economy, Business and Finance",
        "Human Interest"
    ],
    "webz_reporter": false,
    "external_links": [],
    "external_images": [],
    "entities": {
        "persons": [],
        "organizations": [],
        "locations": []
    },
    "rating": null,
    "crawled": "2024-06-22T07:31:08.751+03:00",
    "updated": "2024-06-22T07:31:08.751+03:00"
}