{
    "thread": {
        "uuid": "3030c27646d23a96a7c53edd3d1a3b7dfb58604e",
        "url": "https://www.miragenews.com/eastern-health-blackburns-surgical-hub-reopens-1260446",
        "site_full": "www.miragenews.com",
        "site": "miragenews.com",
        "site_section": "https://miragenews.com/tag/research",
        "site_categories": [
            "media"
        ],
        "section_title": "Live Research updates | Mirage News",
        "title": "Eastern Health Blackburn's Surgical Hub Reopens | Mirage News",
        "title_full": "Eastern Health Blackburn's Surgical Hub Reopens | Mirage News",
        "published": "2024-06-20T15:27:00.000+03:00",
        "replies_count": 0,
        "participants_count": 0,
        "site_type": "news",
        "country": "AU",
        "main_image": "https://cdn1.miragenews.com/wp-content/uploads/2017/11/news-developments.jpg",
        "performance_score": 0,
        "domain_rank": 12016,
        "domain_rank_updated": "2024-06-18T13:08:21.000+03:00",
        "reach": null,
        "social": {
            "facebook": {
                "likes": 0,
                "comments": 0,
                "shares": 0
            },
            "gplus": {
                "shares": 0
            },
            "pinterest": {
                "shares": 0
            },
            "linkedin": {
                "shares": 0
            },
            "stumbledupon": {
                "shares": 0
            },
            "vk": {
                "shares": 0
            }
        }
    },
    "uuid": "3030c27646d23a96a7c53edd3d1a3b7dfb58604e",
    "url": "https://www.miragenews.com/eastern-health-blackburns-surgical-hub-reopens-1260446",
    "ord_in_thread": 0,
    "parent_url": null,
    "author": null,
    "published": "2024-06-20T15:27:00.000+03:00",
    "title": "Eastern Health Blackburn's Surgical Hub Reopens | Mirage News",
    "text": "Key Messages: - Eastern Health Blackburn Public Surgical Centre has reopened and commenced providing services to the community. - Closed in 2023 for refurbishment, a large portion of the redevelopment has been completed - The facility opens with a updated floorplan boasting onsite pharmacy, specialist clinics and new surgical theatres, which optimise resources for staff and patients. - The full development is set to be completed in the coming months. Eastern Health Blackburn has opened its doors again, providing surgical services to the community. The initial stage of the site redevelopment has utilised the existing space to include new theatres, an on-site pharmacy and specialist clinics. Louisa Ford, Director Operations, Surgery and Anaesthetics says, \"I'm really proud of the way that we've been able to use the existing space and redesign It to ensure that the configuration is much more user friendly, for both our staff and patients\" The project, to be completed in the next few months, will see two new surgical theatres added and will allow more specialities to be provided on site. Nicole O'Brien, Acting Deputy Director Operations, Surgery and Anaesthetics, said about the project \"The next stage of our redevelopment is really exciting for us, as a team moving forward and bringing more specialities on board, will allow us additional cases, for surgery and for our ward. It's exciting times ahead.\"",
    "highlightText": "",
    "highlightTitle": "",
    "highlightThreadTitle": "",
    "language": "english",
    "sentiment": "positive",
    "categories": [
        "Health",
        "Human Interest",
        "Disaster and Accident"
    ],
    "webz_reporter": false,
    "external_links": [],
    "external_images": [],
    "entities": {
        "persons": [
            {
                "name": "louisa ford",
                "sentiment": "none"
            }
        ],
        "organizations": [
            {
                "name": "eastern health blackburn public surgical centre",
                "sentiment": "negative"
            },
            {
                "name": "eastern health blackburn",
                "sentiment": "negative"
            },
            {
                "name": "anaesthetics",
                "sentiment": "none"
            }
        ],
        "locations": []
    },
    "rating": null,
    "crawled": "2024-06-21T01:30:03.562+03:00",
    "updated": "2024-06-21T01:30:03.562+03:00"
}