{
    "thread": {
        "uuid": "c4072b6c6f315d163b885503f3c746425100b711",
        "url": "https://www.wnep.com/article/news/local/carbon-county/lehighton-community-rallies-around-fire-victims-firefighters/523-3870d02d-47c1-4321-be37-001c6801ce74",
        "site_full": "www.wnep.com",
        "site": "wnep.com",
        "site_section": "https://www.wnep.com/healthwatch16",
        "site_categories": [
            "by_us_locale",
            "apartments",
            "travel",
            "real_estate",
            "hobbies_and_interests",
            "photography"
        ],
        "section_title": "Healthwatch 16 | wnep.com",
        "title": "Lehighton rallies around fire victims | wnep.com",
        "title_full": "Lehighton rallies around fire victims | wnep.com",
        "published": "2024-06-21T03:00:00.000+03:00",
        "replies_count": 0,
        "participants_count": 1,
        "site_type": "news",
        "country": "US",
        "main_image": "https://media.tegna-media.com/assets/WNEP/images/d55f5eff-eb08-4c2c-8805-244e45fa6cd0/20240621T204454/d55f5eff-eb08-4c2c-8805-244e45fa6cd0_1140x641.jpg",
        "performance_score": 0,
        "domain_rank": 15404,
        "domain_rank_updated": "2024-06-18T13:08:21.000+03:00",
        "reach": null,
        "social": {
            "facebook": {
                "likes": 0,
                "comments": 0,
                "shares": 0
            },
            "gplus": {
                "shares": 0
            },
            "pinterest": {
                "shares": 0
            },
            "linkedin": {
                "shares": 0
            },
            "stumbledupon": {
                "shares": 0
            },
            "vk": {
                "shares": 0
            }
        }
    },
    "uuid": "c4072b6c6f315d163b885503f3c746425100b711",
    "url": "https://www.wnep.com/article/news/local/carbon-county/lehighton-community-rallies-around-fire-victims-firefighters/523-3870d02d-47c1-4321-be37-001c6801ce74",
    "ord_in_thread": 0,
    "parent_url": null,
    "author": "Emily Kress",
    "published": "2024-06-21T03:00:00.000+03:00",
    "title": "Lehighton rallies around fire victims | wnep.com",
    "text": "LEHIGHTON, Pa. — Not much is left of a home on North 1st Street in Lehighton. Thursday night, flames ripped through the home and spread to another home next door. \"It was scary,\" said Konner Nalesnik. \"I saw the smoke, and obviously, anytime a fire happens, you're praying for the family, but when it's someone you know, it's different.\" Nalesnik says the home that caught fire belongs to the family of one of his wrestling teammates. They were not home when the fire broke out. \"I care about the team and others before me, so knowing I have teammates in need, so I was quick to jump the gun and get some stuff together, and make sure they are alright and have the things they need because they don't have anything at all.\" Lehighton Fire Chief Pat Mriss says between the damage of the two homes, eight people are now left without a place to live. The Lehighton Takedown Club has started a donation drive for the families. \"This rivals up with one of the biggest ones in my career that we've seen in the borough,\" Chief Mriss said. Chief Mriss says battling this fire in the extreme heat was no easy task. Neighbors and businesses were quick to step in to help. \"The community support, they came out. They brought water. They brought food. The support, it didn't go unnoticed,\" the chief said. \"You always talk about everyone knows each other in a small town but when something like this happens, you see that camaraderie, everyone coming together and caring for each other,\" Nalesnik added. A state police fire marshal is investigating the cause of the fire. A GoFundMe page has been set up to help the victims.",
    "highlightText": "",
    "highlightTitle": "",
    "highlightThreadTitle": "",
    "language": "english",
    "sentiment": "positive",
    "categories": [
        "Disaster and Accident",
        "Social Issue",
        "Human Interest"
    ],
    "webz_reporter": false,
    "external_links": [
        "https://www.gofundme.com/f/support-christines-family-rebuild-after-fire)",
        "https://gofundme.com/f/support-christines-family-rebuild-after-fire)"
    ],
    "external_images": [],
    "entities": {
        "persons": [
            {
                "name": "konner nalesnik",
                "sentiment": "none"
            },
            {
                "name": "nalesnik",
                "sentiment": "none"
            },
            {
                "name": "pat mriss",
                "sentiment": "none"
            }
        ],
        "organizations": [
            {
                "name": "lehighton takedown club",
                "sentiment": "none"
            }
        ],
        "locations": [
            {
                "name": "lehighton",
                "sentiment": "none"
            },
            {
                "name": "lehighton",
                "sentiment": "none"
            },
            {
                "name": "pa.",
                "sentiment": "none"
            }
        ]
    },
    "rating": null,
    "crawled": "2024-06-21T23:53:37.673+03:00",
    "updated": "2024-06-22T05:49:42.478+03:00"
}