{
    "thread": {
        "uuid": "6fb7156fa0a402ce23553aeb965a82e4f765926c",
        "url": "https://www.14news.com/2024/06/22/missing-hiker-found-alive-after-being-lost-10-days-mountains",
        "site_full": "www.14news.com",
        "site": "14news.com",
        "site_section": "https://census.einnews.com:443/live_feed",
        "site_categories": [
            "media"
        ],
        "section_title": "Live Feed Wire - Census News Today - EIN Presswire",
        "title": "Missing hiker found alive after being lost for 10 days in mountains",
        "title_full": "Missing hiker found alive after being lost for 10 days in mountains",
        "published": "2024-06-22T03:00:00.000+03:00",
        "replies_count": 0,
        "participants_count": 1,
        "site_type": "news",
        "country": "US",
        "main_image": "https://gray-wfie-prod.cdn.arcpublishing.com/resizer/v2/PMPJCJSLENCWHG7STPOJNSNIDQ.jpg?auth=2054e544477fe56bf51d0142401621dfe1a93e5e74e0198928a53bf1372e75b8&amp;width=1200&amp;height=600&amp;smart=true",
        "performance_score": 0,
        "domain_rank": 22921,
        "domain_rank_updated": "2024-06-18T13:08:21.000+03:00",
        "reach": null,
        "social": {
            "facebook": {
                "likes": 0,
                "comments": 0,
                "shares": 0
            },
            "gplus": {
                "shares": 0
            },
            "pinterest": {
                "shares": 0
            },
            "linkedin": {
                "shares": 0
            },
            "stumbledupon": {
                "shares": 0
            },
            "vk": {
                "shares": 0
            }
        }
    },
    "uuid": "6fb7156fa0a402ce23553aeb965a82e4f765926c",
    "url": "https://www.14news.com/2024/06/22/missing-hiker-found-alive-after-being-lost-10-days-mountains",
    "ord_in_thread": 0,
    "parent_url": null,
    "author": "KSBW via CNN Newsource",
    "published": "2024-06-22T03:00:00.000+03:00",
    "title": "Missing hiker found alive after being lost for 10 days in mountains",
    "text": "SANTA CRUZ COUNTY, Calif. (KSBW) - A missing hiker was finally rescued after he was lost for 10 days in the Santa Cruz Mountains of California. The 34-year-old man was only going for a three-hour hike when he disappeared. “I didn’t bring anything because I thought I was doing a three-hour hike to go to work,” Lukas McClish, the rescued hiker, said. He was lost in the woods for nine nights and 10 days, shirtless with only a flashlight and folding scissors. It would be more than a week before the raggedy-looking hiker would be found. “So, I kind of just hiked. Each day, I go up a canyon, down a canyon to the next waterfall, sit down by the waterfall, drink water out of my boot,” Lukas McClish recalled. It was a Tuesday when Lukas McClish went for a hike in Boulder Creek and ended up getting lost. “I felt comfortable the whole time I was out there. I wasn’t worried about it,” Lukas McClish said. “I had a mountain lion that was following me, but it was cool. It kept its distances. I think it was just somebody watching over me.” The problem was that Lukas McClish didn’t tell anyone where he was going. By the time Father’s Day rolled around on Sunday, his family started worrying and filed a missing person’s report. The search was on then. “Some nights, although, I just had to trust God that he was going to be OK, and that was hard to do some nights when we would go to bed at night because I would worry about where he was, where he was sleeping and how cold he was and where he was if he was alive,” Diane McClish, the hiker’s mother, said. Lukas McClish drank from water from creeks, ate wild berries and slept on a wet bed of leaves all while yelling for help and thinking of his next meal. “‘Just help. Help, I’m over here.’ Or, ‘Is anybody out there?’” Lukas McClish remembered saying while he was lost. “I want a burrito or a taco bowl. That’s what I thought about every day when I, after the first five days, when I started to kind of realize that I might be in over my head.” But on Thursday afternoon, someone finally heard his cries for help. The Boulder Creek Fire Department deployed a drone and spotted his location. A K-9 tracked him down and Lukas McClish was escorted out of a remote canyon, finally reunited with family. “Met a lot of people because I had more people come to me and tell me how much they love my son and how they just hoped that we would find him,” Diane McClish said. “I didn’t realize that so many people in this town love Luke.” Fortunately, Lukas McClish had no major injuries. Copyright 2024 KSBW via CNN Newsource. All rights reserved.",
    "highlightText": "",
    "highlightTitle": "",
    "highlightThreadTitle": "",
    "language": "english",
    "sentiment": "positive",
    "categories": [
        "Human Interest",
        "Disaster and Accident"
    ],
    "webz_reporter": false,
    "external_links": [],
    "external_images": [],
    "entities": {
        "persons": [
            {
                "name": "lukas mcclish",
                "sentiment": "none"
            }
        ],
        "organizations": [
            {
                "name": "ksbw",
                "sentiment": "negative"
            }
        ],
        "locations": [
            {
                "name": "calif.",
                "sentiment": "none"
            },
            {
                "name": "boulder creek",
                "sentiment": "none"
            },
            {
                "name": "santa cruz mountains of california",
                "sentiment": "none"
            }
        ]
    },
    "rating": null,
    "crawled": "2024-06-22T11:18:11.216+03:00",
    "updated": "2024-06-22T11:18:11.216+03:00"
}