{
    "thread": {
        "uuid": "3a4419219a573693ca2ce38871d94b669bb83a1d",
        "url": "https://keyt.com/cnn-regional/2024/06/21/good-samaritans-help-save-2-men-from-drowning-in-water-2",
        "site_full": "keyt.com",
        "site": "keyt.com",
        "site_section": "https://live-keyt.pantheonsite.io/feed",
        "site_categories": [
            "media"
        ],
        "section_title": "News Channel 3-12",
        "title": "Good Samaritans help save 2 men from drowning in water",
        "title_full": "Good Samaritans help save 2 men from drowning in water",
        "published": "2024-06-21T19:22:00.000+03:00",
        "replies_count": 0,
        "participants_count": 1,
        "site_type": "news",
        "country": "US",
        "main_image": "https://keyt.b-cdn.net/2024/06/kgtvcliffrescue262124-1.jpg",
        "performance_score": 0,
        "domain_rank": 20451,
        "domain_rank_updated": "2024-06-18T13:08:21.000+03:00",
        "reach": null,
        "social": {
            "facebook": {
                "likes": 0,
                "comments": 0,
                "shares": 0
            },
            "gplus": {
                "shares": 0
            },
            "pinterest": {
                "shares": 0
            },
            "linkedin": {
                "shares": 0
            },
            "stumbledupon": {
                "shares": 0
            },
            "vk": {
                "shares": 0
            }
        }
    },
    "uuid": "3a4419219a573693ca2ce38871d94b669bb83a1d",
    "url": "https://keyt.com/cnn-regional/2024/06/21/good-samaritans-help-save-2-men-from-drowning-in-water-2",
    "ord_in_thread": 0,
    "parent_url": null,
    "author": "CNN",
    "published": "2024-06-21T19:22:00.000+03:00",
    "title": "Good Samaritans help save 2 men from drowning in water",
    "text": "Good Samaritans help save 2 men from drowning in water\nKGTV\nBy Dani Miskell\nClick here for updates on this story\nSAN DIEGO (\nKGTV) — Two men are lucky to be alive after somehow falling off Sunset Cliffs early Thursday morning.\nThe men were rescued not only by San Diego Lifeguards but also by good Samaritans who happened to be at the right place at the right time.\nThose good Samaritans told ABC 10News that around 1 a.m. they heard the two men screaming in the water and fighting for their lives, so they immediately took action.\nOne of the Samaritans called 911, while the other jumped into the ocean to help with the rescue.\nWitness Zachary Mallak said, “They were getting smashed in the waves and they were dropped into the cave. And when they were brought into the cave, they didn’t respond. So, they could have gotten stuck there for days; like, who knows what would have happened.”\nRyan Miller, who dove into the waters to help with the rescue, said he was certified at a surf school in Hawaii, so he knew exactly what to do.\n“They were dying,” Miller said. “They were going to die if no one came in, so what was I going to do? Sit there and watch?”\nABC 10News photojournalist Paul Anderegg captured the dramatic moments as Miller helped San Diego Fire-Rescue crews get the two men onto surfboards and out of the water.\nOne of the victims who fell in is seen in the video wearing a white T-shirt, and he, along with his friend, were helped up the cliffs where medics rendered aid.\nSarah Hulbert, another witness at the scene and one of the locals who tried helping the two men in the water, said many came to help in the nick of time before rescue crews arrived.\n“They were throwing surfboards over and trying to get everybody out as safely as possible, and it was honestly amazing,” Hulbert said.\nOn Thursday, San Diego Fire-Rescue’s Newsworthy Incident Fact Sheet showed the rescue transpired in just 90 minutes.\nUpdate: The fact sheet was updated Thursday stating that the two men jumped off the cliffs.\nSan Diego Fire-Rescue Department\nPlease note: This content carries a strict local market embargo. If you share the same market as the contributor of this article, you may not use it on any platform.",
    "highlightText": "",
    "highlightTitle": "",
    "highlightThreadTitle": "",
    "language": "english",
    "sentiment": "positive",
    "categories": [
        "Disaster and Accident",
        "Social Issue",
        "Human Interest"
    ],
    "webz_reporter": false,
    "external_links": [
        "https://www.10news.com/news/local-news/good-samaritans-help-save-2-men-from-drowning-in-water-off-sunset-cliffs",
        "https://10news.com/news/local-news/good-samaritans-help-save-2-men-from-drowning-in-water-off-sunset-cliffs"
    ],
    "external_images": [],
    "entities": {
        "persons": [
            {
                "name": "dani miskell click",
                "sentiment": "negative"
            },
            {
                "name": "miller",
                "sentiment": "none"
            },
            {
                "name": "ryan miller",
                "sentiment": "none"
            },
            {
                "name": "zachary mallak",
                "sentiment": "none"
            },
            {
                "name": "samaritans",
                "sentiment": "none"
            }
        ],
        "organizations": [
            {
                "name": "abc",
                "sentiment": "none"
            },
            {
                "name": "san diego",
                "sentiment": "none"
            }
        ],
        "locations": [
            {
                "name": "san diego lifeguards",
                "sentiment": "none"
            },
            {
                "name": "hawaii",
                "sentiment": "none"
            }
        ]
    },
    "rating": null,
    "crawled": "2024-06-21T20:14:44.402+03:00",
    "updated": "2024-06-21T20:14:44.402+03:00"
}