{
    "thread": {
        "uuid": "c69636c55b5c759784cbea39b99a8a9327e677d0",
        "url": "https://twitchy.com/dougp/2024/06/21/thanks-dems-bloomberg-has-a-middle-class-status-report-in-the-age-of-bidenomics-n2397531",
        "site_full": "twitchy.com",
        "site": "twitchy.com",
        "site_section": "https://twitchy.com/feed",
        "site_categories": [
            "tax_planning",
            "media",
            "law_government_and_politics",
            "finance",
            "politics"
        ],
        "section_title": "Twitchy",
        "title": "'Thanks Dems'! Here's a Middle-Class Status Report in the Age of 'Bidenomics'",
        "title_full": "'Thanks Dems'! Here's a Middle-Class Status Report in the Age of 'Bidenomics' – Twitchy",
        "published": "2024-06-21T03:00:00.000+03:00",
        "replies_count": 0,
        "participants_count": 1,
        "site_type": "news",
        "country": "US",
        "main_image": "https://media.townhall.com/cdn/hodl/2023/297/d586837f-8158-4b07-9a92-72f8ea89a9f9.jpg",
        "performance_score": 0,
        "domain_rank": 20294,
        "domain_rank_updated": "2024-06-18T13:08:21.000+03:00",
        "reach": null,
        "social": {
            "facebook": {
                "likes": 0,
                "comments": 0,
                "shares": 0
            },
            "gplus": {
                "shares": 0
            },
            "pinterest": {
                "shares": 0
            },
            "linkedin": {
                "shares": 0
            },
            "stumbledupon": {
                "shares": 0
            },
            "vk": {
                "shares": 0
            }
        }
    },
    "uuid": "c69636c55b5c759784cbea39b99a8a9327e677d0",
    "url": "https://twitchy.com/dougp/2024/06/21/thanks-dems-bloomberg-has-a-middle-class-status-report-in-the-age-of-bidenomics-n2397531",
    "ord_in_thread": 0,
    "parent_url": null,
    "author": "Doug P.",
    "published": "2024-06-21T03:00:00.000+03:00",
    "title": "'Thanks Dems'! Here's a Middle-Class Status Report in the Age of 'Bidenomics'",
    "text": "As everybody now knows, there are two distinct takes on what's been going on in the U.S. ever since Biden took office. There's the rosy picture the White House draws about how Biden has \"lowered costs\": The Biden-Harris Administration’s top economic priority is lowering costs for American families. That’s why we are calling out price gouging and calling on big corporations to lower grocery prices – giving families more breathing room.— The White House (@WhiteHouse) [pic.twitter.com/uTMbewIvJK] [June 20, 2024] Republicans want to increase costs by going back to their same old trickle-down economics.— Joe Biden (@JoeBiden) I have a different vision. Let’s take on special interests to lower costs and give the middle class a fair shot. [May 15, 2024] Then there's the reality. How's Biden \"helping\" the middle-class working out for the middle-class? Not great at all: Almost two-thirds of Americans considered middle class have said they are facing economic hardship, per Bloomberg.— unusual_whales (@unusual_whales) In the survey, 65% of people who earn at least $60,000 for a family of four said they are struggling financially [June 21, 2024] \"When does the \"Build Back Better\" phase of Bidenomics start and the \"tearing everything down\" part [stop](https://www.fox2detroit.com/news/majority-middle-class-americans-struggling-financially-2024-poll)? A majority of middle-class Americans are \"struggling financially\" and expect that to continue for the rest of their lives, according to a new poll. The poll, commissioned by the National True Cost of Living Coalition and published last week, found that 65% of Americans considered \"middle class\" – or those earning above 200% of the federal poverty level – are facing financial hardship. That’s about $62,300 for a family of four, according to FOX Business. Recommended According to the Biden White House, the middle-class is still struggling because of corporate \"greedflation\" that just coincidentally started after Biden took office. Thanks, .— Brian Doherty (@BDOH) [@TheDemocrats]! [https://t.co/GaRwxKpmLi] [June 21, 2024] Let's \"thank\" them for it in November. When the cost of your food, gas, utilities, and rent are all up, of course, you're experiencing hardship.— ginny j. (@ncginny) [#Bidenflation]is maxing people out. [https://t.co/lLuVyffrLL] [June 21, 2024] Meanwhile Team Biden hopes everybody's stupid because they recently claimed inflation was [down to \"zero.\"](https://twitchy.com/dougp/2024/06/15/biden-inflation-n2397317) The only thing that's \"zero\" is Biden's approval rating -- or at least it should be. But Democrats will tell them the stock market is at an all time high so everything is fine.— 💨 Smoky X 💨 😏 (my guy/my dude) (@Smokyy34) [https://t.co/mwWcWBe1B6] [June 21, 2024] Those are the same Dems who, when there's a Republican in office, will claim \"Wall Street is NOT Main Street.\"",
    "highlightText": "",
    "highlightTitle": "",
    "highlightThreadTitle": "",
    "language": "english",
    "sentiment": "positive",
    "categories": [
        "Human Interest",
        "Politics",
        "Disaster and Accident"
    ],
    "webz_reporter": false,
    "external_links": [
        "https://www.t.co/mwWcWBe1B6",
        "https://fox2detroit.com/news/majority-middle-class-americans-struggling-financially-2024-poll)?",
        "https://www.fox2detroit.com/news/majority-middle-class-americans-struggling-financially-2024-poll)?",
        "https://t.co/lLuVyffrLL",
        "https://www.t.co/lLuVyffrLL",
        "https://t.co/GaRwxKpmLi",
        "https://www.t.co/GaRwxKpmLi",
        "https://t.co/mwWcWBe1B6",
        "https://www.fox2detroit.com/news/majority-middle-class-americans-struggling-financially-2024-poll)"
    ],
    "external_images": [],
    "entities": {
        "persons": [
            {
                "name": "biden",
                "sentiment": "none"
            },
            {
                "name": "joe biden",
                "sentiment": "none"
            }
        ],
        "organizations": [
            {
                "name": "bloomberg",
                "sentiment": "none"
            },
            {
                "name": "biden-harris administration",
                "sentiment": "none"
            },
            {
                "name": "white house",
                "sentiment": "none"
            }
        ],
        "locations": [
            {
                "name": "u.s.",
                "sentiment": "none"
            }
        ]
    },
    "rating": null,
    "crawled": "2024-06-21T22:00:17.394+03:00",
    "updated": "2024-06-21T22:00:17.394+03:00"
}