{
    "thread": {
        "uuid": "eb43a856a9bef902e231441afcee322bc2a5d38c",
        "url": "https://www.devdiscourse.com/article/Newsalert/2990295-australia-defeat-bangladesh-by-28-runs-via-dls-method-in-super-8s-match-of-t20-world-cup",
        "site_full": "www.devdiscourse.com",
        "site": "devdiscourse.com",
        "site_section": "https://www.devdiscourse.com/news-analysis/",
        "site_categories": [
            "media"
        ],
        "section_title": "Breaking News, Development News, Latest News, Politics News, Sports News | Devdiscourse",
        "title": "Australia defeat Bangladesh by 28 runs via DLS method in Super 8s match of T20 World Cup. | Newsalert",
        "title_full": "Australia defeat Bangladesh by 28 runs via DLS method in Super 8s match of T20 World Cup. | Newsalert",
        "published": "2024-06-21T05:05:00.000+03:00",
        "replies_count": 0,
        "participants_count": 1,
        "site_type": "news",
        "country": "IN",
        "main_image": "https://www.devdiscourse.com/remote.axd?https://devdiscourse.blob.core.windows.net/imagegallery/22_02_2019_15_46_06_2224848.png?width=920&format=jpeg",
        "performance_score": 0,
        "domain_rank": 9669,
        "domain_rank_updated": "2024-06-18T13:08:21.000+03:00",
        "reach": null,
        "social": {
            "facebook": {
                "likes": 0,
                "comments": 0,
                "shares": 0
            },
            "gplus": {
                "shares": 0
            },
            "pinterest": {
                "shares": 0
            },
            "linkedin": {
                "shares": 0
            },
            "stumbledupon": {
                "shares": 0
            },
            "vk": {
                "shares": 0
            }
        }
    },
    "uuid": "eb43a856a9bef902e231441afcee322bc2a5d38c",
    "url": "https://www.devdiscourse.com/article/Newsalert/2990295-australia-defeat-bangladesh-by-28-runs-via-dls-method-in-super-8s-match-of-t20-world-cup",
    "ord_in_thread": 0,
    "parent_url": null,
    "author": "PTI",
    "published": "2024-06-21T05:05:00.000+03:00",
    "title": "Australia defeat Bangladesh by 28 runs via DLS method in Super 8s match of T20 World Cup. | Newsalert",
    "text": "Australia defeat Bangladesh by 28 runs via DLS method in Super 8s match of T20 World Cup. [PTI](/pti-stories)| Northsound | Updated: 21-06-2024 10:05 IST | Created: 21-06-2024 10:05 IST Australia defeat Bangladesh by 28 runs via DLS method in Super 8s match of T20 World Cup. (This story has not been edited by Devdiscourse staff and is auto-generated from a syndicated feed.) Advertisement ALSO READ [Historic Victory: Singapore PM Congratulates Modi on Third Consecutive Win](/article/politics/2973332-historic-victory-singapore-pm-congratulates-modi-on-third-consecutive-win) [Australia Clinches Victory in T20 World Cup Thriller Against Oman](/article/sports-games/2973413-australia-clinches-victory-in-t20-world-cup-thriller-against-oman) [French Open: Alexander Zverev advances to SFs after victory over Alex de Minaur](/article/sports-games/2973405-french-open-alexander-zverev-advances-to-sfs-after-victory-over-alex-de-minaur) [Uganda Clinches Historic First T20 World Cup Victory](/article/sports-games/2973437-uganda-clinches-historic-first-t20-world-cup-victory) [\"Engineer Rashid's victory will empower secessionists in J-K\": Omar Abdullah](/article/headlines/2973440-engineer-rashids-victory-will-empower-secessionists-in-j-k-omar-abdullah)",
    "highlightText": "",
    "highlightTitle": "",
    "highlightThreadTitle": "",
    "language": "english",
    "sentiment": "positive",
    "categories": [
        "Human Interest",
        "Disaster and Accident",
        "Sport"
    ],
    "webz_reporter": false,
    "external_links": [],
    "external_images": [],
    "entities": {
        "persons": [
            {
                "name": "alex de minaur",
                "sentiment": "none"
            },
            {
                "name": "modi",
                "sentiment": "none"
            },
            {
                "name": "alexander-zverev",
                "sentiment": "none"
            },
            {
                "name": "rashid",
                "sentiment": "none"
            },
            {
                "name": "devdiscourse",
                "sentiment": "none"
            },
            {
                "name": "alexander zverev",
                "sentiment": "none"
            }
        ],
        "organizations": [
            {
                "name": "newsalert australia",
                "sentiment": "negative"
            },
            {
                "name": "pti",
                "sentiment": "negative"
            }
        ],
        "locations": [
            {
                "name": "bangladesh",
                "sentiment": "none"
            },
            {
                "name": "australia",
                "sentiment": "none"
            },
            {
                "name": "singapore",
                "sentiment": "none"
            },
            {
                "name": "uganda",
                "sentiment": "none"
            }
        ]
    },
    "rating": null,
    "crawled": "2024-06-21T07:46:55.760+03:00",
    "updated": "2024-06-21T07:46:55.760+03:00"
}