{
    "thread": {
        "uuid": "2dd58126ccf025c0c01b92d8234a33f6ba3f1f66",
        "url": "https://www.newsbreak.com/el-paso-tx/3498635077472-local-airbnb-hosts-open-doors-to-ruidoso-families-affected-by-wildfires",
        "site_full": "www.newsbreak.com",
        "site": "newsbreak.com",
        "site_section": "https://www.newsbreak.com/new-mexico-state",
        "site_categories": [
            "under_construction",
            "non_standard_content",
            "top_news"
        ],
        "section_title": "New Mexico State News | NewsBreak New Mexico State",
        "title": "Local Airbnb hosts open doors to Ruidoso families affected by wildfires",
        "title_full": "Local Airbnb hosts open doors to Ruidoso families affected by wildfires",
        "published": "2024-06-21T03:00:00.000+03:00",
        "replies_count": 0,
        "participants_count": 1,
        "site_type": "news",
        "country": "US",
        "main_image": "https://img.particlenews.com/img/id/1dAnN9_0tyIoqLc00?type=thumbnail_1600x1200",
        "performance_score": 0,
        "domain_rank": 3348,
        "domain_rank_updated": "2024-06-18T13:08:21.000+03:00",
        "reach": null,
        "social": {
            "facebook": {
                "likes": 0,
                "comments": 0,
                "shares": 0
            },
            "gplus": {
                "shares": 0
            },
            "pinterest": {
                "shares": 0
            },
            "linkedin": {
                "shares": 0
            },
            "stumbledupon": {
                "shares": 0
            },
            "vk": {
                "shares": 0
            }
        }
    },
    "uuid": "2dd58126ccf025c0c01b92d8234a33f6ba3f1f66",
    "url": "https://www.newsbreak.com/el-paso-tx/3498635077472-local-airbnb-hosts-open-doors-to-ruidoso-families-affected-by-wildfires",
    "ord_in_thread": 0,
    "parent_url": null,
    "author": "Brianna Perez",
    "published": "2024-06-21T03:00:00.000+03:00",
    "title": "Local Airbnb hosts open doors to Ruidoso families affected by wildfires",
    "text": "By Brianna Perez,1 hour ago By Brianna Perez,1 hour ago Read in NewsBreak [Coffee County, GA](/coffee-county-ga)3 days ago [Shenandoah, PA](/shenandoah-pa)26 days ago [Los Angeles, CA](/los-angeles-ca)20 days ago [New York City, NY](/new-york-city-ny)7 days ago [Missouri State](/missouri-state)18 days ago [Newark, NJ](/newark-nj)17 days ago [Fayette County, KY](/fayette-county-ky)27 days ago Welcome to NewsBreak, an open platform where diverse perspectives converge. Most of our content comes from established publications and journalists, as well as from our extensive network of tens of thousands of creators who contribute to our platform. We empower individuals to share insightful viewpoints through short posts and comments. It’s essential to note our commitment to transparency: our Terms of Use acknowledge that our services may not always be error-free, and our Community Standards emphasize our discretion in enforcing policies. We strive to foster a dynamic environment for free expression and robust discourse through safety guardrails of human and AI moderation. Join us in shaping the news narrative together.",
    "highlightText": "",
    "highlightTitle": "",
    "highlightThreadTitle": "",
    "language": "english",
    "sentiment": "positive",
    "categories": [
        "Human Interest",
        "Disaster and Accident",
        "Social Issue"
    ],
    "webz_reporter": false,
    "external_links": [],
    "external_images": [],
    "entities": {
        "persons": [
            {
                "name": "brianna perez",
                "sentiment": "negative"
            }
        ],
        "organizations": [
            {
                "name": "pa",
                "sentiment": "none"
            },
            {
                "name": "missouri state",
                "sentiment": "none"
            }
        ],
        "locations": [
            {
                "name": "ruidoso",
                "sentiment": "none"
            },
            {
                "name": "newsbreak [coffee county",
                "sentiment": "none"
            },
            {
                "name": "new york city",
                "sentiment": "none"
            },
            {
                "name": "newsbreak",
                "sentiment": "none"
            },
            {
                "name": "fayette county",
                "sentiment": "none"
            },
            {
                "name": "shenandoah",
                "sentiment": "none"
            },
            {
                "name": "los angeles",
                "sentiment": "none"
            },
            {
                "name": "newark",
                "sentiment": "none"
            },
            {
                "name": "ny",
                "sentiment": "none"
            }
        ]
    },
    "rating": null,
    "crawled": "2024-06-21T04:37:54.817+03:00",
    "updated": "2024-06-21T04:37:54.817+03:00"
}