{
    "thread": {
        "uuid": "56fb00c5adda557c298a4ee4faa07116ab4173c6",
        "url": "https://www.24horas.cl/actualidad/nacional/rescatan-hombre-farellones-atrapado-auto-sepultado-nieve",
        "site_full": "www.24horas.cl",
        "site": "24horas.cl",
        "site_section": "https://www.24horas.cl/actualidad",
        "site_categories": [
            "under_construction",
            "non_standard_content"
        ],
        "section_title": "\n        \n             Actualidad\n         | 24horas ",
        "title": "Rescatan a hombre atrapado en auto cubierto en nieve en Farellones | 24horas",
        "title_full": "Rescatan a hombre atrapado en auto cubierto en nieve en Farellones | 24horas",
        "published": "2024-06-22T03:00:00.000+03:00",
        "replies_count": 0,
        "participants_count": 1,
        "site_type": "news",
        "country": "CL",
        "main_image": "https://www.24horas.cl/24horas/site/artic/20240622/imag/foto_0000000720240622010754/rescate-farellones-nieve.jpg",
        "performance_score": 0,
        "domain_rank": 23117,
        "domain_rank_updated": "2024-06-18T13:08:21.000+03:00",
        "reach": null,
        "social": {
            "facebook": {
                "likes": 0,
                "comments": 0,
                "shares": 0
            },
            "gplus": {
                "shares": 0
            },
            "pinterest": {
                "shares": 0
            },
            "linkedin": {
                "shares": 0
            },
            "stumbledupon": {
                "shares": 0
            },
            "vk": {
                "shares": 0
            }
        }
    },
    "uuid": "56fb00c5adda557c298a4ee4faa07116ab4173c6",
    "url": "https://www.24horas.cl/actualidad/nacional/rescatan-hombre-farellones-atrapado-auto-sepultado-nieve",
    "ord_in_thread": 0,
    "parent_url": null,
    "author": "24horas",
    "published": "2024-06-22T03:00:00.000+03:00",
    "title": "Rescatan a hombre atrapado en auto cubierto en nieve en Farellones | 24horas",
    "text": "[Carabineros de Farellones](/carabineros) junto a la Municipalidad de Lo Barnechea y el equipo de vialidad de Valle Nevado rescataron a un hombre que se encontraba atrapado en el interior de un vehículo, el cual estaba volcado y cubierto de [nieve](/24horas/site/tag/port/all/tagport_1085_1.html) tras una avalancha en la en la Ruta G-251. Cerca de las 19:30 horas del viernes, Carabineros recibió el reporte de una persona desaparecida tras posiblemente ser arrastada por un desplazamiento de nieve en el sector del kilómetro 7 de la ruta que une la localidad de Farellones con el Centro Invernal Valle Nevado. De acuerdo con el coronel Gerardo Aravena, prefecto Santiago Andes, personal policial concurrió de forma inmediata al lugar. Los mencionados equipos utilizaron maquinaria pesada con motivo de despejar la ruta, que se encontraba con grandes cantidades de nieve. Al llegar al lugar, se toparon con un minibús \"que se encontraba aislado con 11 personas en su interior, que correspondían a trabajadores del Centro Invernal y turistas (...) de acuerdo a la versión de ellos, había una persona que había sido efectivamente arrastrada por un desplazamiento de nieve ocurrido horas antes\", dijo Aravena. Carabineros procedió a buscar por las laderas del cerro, pudiendo ubicar al vehículo. Verificaron que en el interior estaba la persona desaparecida, a quien rescataron y trasladaron al Centro Invernal del Cerro Valle Nevado con la finalidad de ser atendida por especialistas médicos para verificar su estado de salud. Carabineros graba momento del rescate en Farellones El video del rescate fue capturada por [Carabineros](/carabineros) y subido a X (Twitter), en el cual se ve el auto volcado y cubierto de nieve. Luego de que el personal que se encontraba en el lugar se encargara de despejar la nieve para facilitar el procedimiento, Carabineros pudo abrir el vehículo para rescatar a quien se encontraba atrapado en el interior. 🚨— Carabineros de Chile (@Carabdechile) [#Urgente]: Carabineros de [#Farellones]junto a la Municipalidad de [@lo_barnechea]y equipo de vialidad de [#ValleNevado], logran el rescate de una persona extraviada producto del deslizamiento de nieve en la Ruta G-251. La persona se encontraba en el interior de un vehículo volcado… [pic.twitter.com/SMQgegBDaV] [June 22, 2024] Revisa más momentos del rescate",
    "highlightText": "",
    "highlightTitle": "",
    "highlightThreadTitle": "",
    "language": "spanish",
    "sentiment": "positive",
    "categories": [
        "Human Interest",
        "Disaster and Accident",
        "Health"
    ],
    "webz_reporter": false,
    "external_links": [],
    "external_images": [],
    "entities": {
        "persons": [],
        "organizations": [],
        "locations": []
    },
    "rating": null,
    "crawled": "2024-06-22T10:48:07.437+03:00",
    "updated": "2024-06-22T10:48:07.437+03:00"
}