{
    "thread": {
        "uuid": "e96215b868cd8a93b11491e79fe6fe72ba68caa8",
        "url": "https://www.eluniversal.com.mx/nacion/la-libro-amlo-manda-abrazo-a-gobernador-de-bcs-tras-percance-aereo-del-que-salio-ileso",
        "site_full": "www.eluniversal.com.mx",
        "site": "eluniversal.com.mx",
        "site_section": "https://www.eluniversal.com.mx/",
        "site_categories": [
            "media",
            "top_news"
        ],
        "section_title": "El Universal | El periódico de México líder en noticias y clasificados",
        "title": "“La libró”: AMLO manda abrazo a gobernador de BCS, tras percance aéreo del que salió ileso",
        "title_full": "“La libró”: AMLO manda abrazo a gobernador de BCS, tras percance aéreo del que salió ileso",
        "published": "2024-06-21T18:49:00.000+03:00",
        "replies_count": 0,
        "participants_count": 1,
        "site_type": "news",
        "country": "MX",
        "main_image": "https://www.eluniversal.com.mx/resizer/Op6-c9kJi95HDfcKAXyjXpZmGns=/980x528/cloudfront-us-east-1.images.arcpublishing.com/eluniversal/7KJMIICIU5HVFJTFL35HYSDLMI.jpeg",
        "performance_score": 0,
        "domain_rank": 3610,
        "domain_rank_updated": "2024-06-18T13:08:21.000+03:00",
        "reach": null,
        "social": {
            "facebook": {
                "likes": 0,
                "comments": 0,
                "shares": 0
            },
            "gplus": {
                "shares": 0
            },
            "pinterest": {
                "shares": 0
            },
            "linkedin": {
                "shares": 0
            },
            "stumbledupon": {
                "shares": 0
            },
            "vk": {
                "shares": 0
            }
        }
    },
    "uuid": "e96215b868cd8a93b11491e79fe6fe72ba68caa8",
    "url": "https://www.eluniversal.com.mx/nacion/la-libro-amlo-manda-abrazo-a-gobernador-de-bcs-tras-percance-aereo-del-que-salio-ileso",
    "ord_in_thread": 0,
    "parent_url": null,
    "author": "Eduardo Dina",
    "published": "2024-06-21T18:49:00.000+03:00",
    "title": "“La libró”: AMLO manda abrazo a gobernador de BCS, tras percance aéreo del que salió ileso",
    "text": "El presidente Andrés Manuel López Obrador mandó un “abrazo fuerte” al gobernador de Baja California Sur , Víctor Castro Cosío , luego de que la noche del miércoles sufriera una falla la avioneta en la que viajaba. En su conferencia mañanera de este viernes 21 de junio en Palacio Nacional, López Obrador explicó que la aeronave en la que viajaba el mandatario de Morena tuvo un problema con el tren de aterrizaje.\n“Y afortunadamente salió bien él, el piloto, pero sí fue aparatoso, la libró. Un aplauso maestro, nos da mucho gusto, él es muy valiente, pero de todas maneras, es fuerte”, dijo López Obrador.\nLee también Avioneta en la que viajaba el gobernador de Baja California Sur sufre falla; él y sus acompañantes salen ilesos\n“Hay riesgos, ya se le pasó el susto”, agregó.\nEl incidente ocurrió cuando Castro llegaba a La Paz, luego de una gira de trabajo en Mulegé, en la zona norte, para supervisar el avance del nuevo hospital en Santa Rosalía.\nLee también \"Yo no estoy recomendando a nadie\": AMLO reconoce como \"muy buenos\" los perfiles del gabinete de Sheinbaum",
    "highlightText": "",
    "highlightTitle": "",
    "highlightThreadTitle": "",
    "language": "spanish",
    "sentiment": "positive",
    "categories": [
        "Human Interest",
        "Disaster and Accident",
        "Politics"
    ],
    "webz_reporter": false,
    "external_links": [
        "https://news.google.com/publications/CAAqBwgKMKG_7wowkfm2Ag?hl=es-419&gl=MX&ceid=MX%3Aes-419",
        "https://news.google.com/publications/CAAqBwgKMKG_7wowkfm2Ag",
        "https://www.news.google.com/publications/CAAqBwgKMKG_7wowkfm2Ag?hl=es-419&gl=MX&ceid=MX%3Aes-419"
    ],
    "external_images": [],
    "entities": {
        "persons": [],
        "organizations": [],
        "locations": []
    },
    "rating": null,
    "crawled": "2024-06-21T18:59:29.400+03:00",
    "updated": "2024-06-21T18:59:29.400+03:00"
}