{
    "thread": {
        "uuid": "afbe8d51dcf9769337a16da46cc6d5198289d0f9",
        "url": "https://gizmodo.uol.com.br/startup-esta-buscando-ajuda-dos-caes-para-prever-terremotos",
        "site_full": "gizmodo.uol.com.br",
        "site": "uol.com.br",
        "site_section": "https://gizmodo.uol.com.br",
        "site_categories": [
            "tech",
            "top_news"
        ],
        "section_title": "Giz Brasil - Vida digital para pessoas",
        "title": "Startup está buscando ajuda dos cães para prever terremotos - Giz Brasil",
        "title_full": "Startup está buscando ajuda dos cães para prever terremotos - Giz Brasil",
        "published": "2024-06-21T19:32:00.000+03:00",
        "replies_count": 0,
        "participants_count": 1,
        "site_type": "news",
        "country": "BR",
        "main_image": "https://gizmodo.uol.com.br/wp-content/blogs.dir/8/files/2024/06/caes-terremotos.png",
        "performance_score": 0,
        "domain_rank": 740,
        "domain_rank_updated": "2024-06-18T13:08:21.000+03:00",
        "reach": null,
        "social": {
            "facebook": {
                "likes": 0,
                "comments": 0,
                "shares": 0
            },
            "gplus": {
                "shares": 0
            },
            "pinterest": {
                "shares": 0
            },
            "linkedin": {
                "shares": 0
            },
            "stumbledupon": {
                "shares": 0
            },
            "vk": {
                "shares": 0
            }
        }
    },
    "uuid": "afbe8d51dcf9769337a16da46cc6d5198289d0f9",
    "url": "https://gizmodo.uol.com.br/startup-esta-buscando-ajuda-dos-caes-para-prever-terremotos",
    "ord_in_thread": 0,
    "parent_url": null,
    "author": "Pablo Nogueira",
    "published": "2024-06-21T19:32:00.000+03:00",
    "title": "Startup está buscando ajuda dos cães para prever terremotos - Giz Brasil",
    "text": "Possivelmente, os cães conseguem sentir as ondas primárias (as Ondas P) de um terremoto, os primeiros sinais de um abalo sísmico; confira mais Imagem: Wikimedia Commons/Reprodução Por Pablo Nogueira 21 de junho de 2024 às 13:32 3 minutos de leitura Um estudo realizado no Peru tenta descobrir se dispositivos digitais em cães podem ajudar a prever terremotos.\nNova IA norte-americana promete “traduzir” o latido dos cães Dormindo, mas atento: estudo mostra que cães conseguem identificar sons durante sono\nA popularidade de dispositivos digitais de monitoramento da saúde não existe só para humanos . Em pets, coleiras smart podem ajudar os donos a localizar seus bichos e obter dados úteis sobre a saúde do animal, como a atividade cardíaca.\nAlém disso, dispositivos smart podem gerar dados para além dessas funções, como a coleira biométrica da PetPace, startup americana que desenvolve produtos digitais para animais.\nColeira smart da PetPace. Imagem: PetPace/Divulgação\nInicialmente, os cientistas da empresa desenvolveram essa coleira para monitorar a saúde dos cães a fim de prevenir doenças , mas descobriram que também é possível verificar o nível de stress do cachorro em tempo real.\nDesse modo, a startup pode ter encontrado uma forma de prever terremotos através do comportamento dos cães. “Ao monitorar o comportamento e os níveis de ansiedade dos cães e, assim, usar IA e machine learning para correlacionar esses dados com dados geofísicos , como de terremotos de diferentes magnitudes”, disse Asaf Dagan, co-fundador da startup, à ABC News.\nGráfico da PetPace mostra níveis de ansiedade dos cães usando a coleira da startup e os registros de terremotos no Peru. Imagem: PetPace/Divulgação\nAtualmente, a empresa desenvolve um projeto no Peru chamado “Animal Alerts”. A escolha foi porque o Peru, devido à sua localização geográfica, sente 90% de todas as atividades sísmicas do mundo.\nCom base nos dados dos cães que participaram desse estudo, o algoritmo pode detectar um padrão e, possivelmente, prever que um terremoto vai ocorrer, segundo Dagan.\nAinda de acordo com o Dagan, a startup também testou a coleira smart em cães de áreas sem terremotos.\n“Prever” pode não ser a palavra certa para essa habilidade dos cães\nNo entanto, para a geóloga Wendy Bohon, é melhor evitar o uso da palavra “prever” para evitar anúncios enganosos, pois insinua que animais são “psíquicos em vez de sensitivos”.\nBohon afirmou à ABC News desconhecer a existência estudos convincentes que mostram que cães e outros animais conseguem prever terremotos , ou que sabem que vai acontecer um terremoto antes mesmo do abalo acontecer.\nEm contrapartida, um estudo de 2021 descobriu que 49% dos cães apresentaram sintomas ansiedade um dia antes de um terremoto. O estudo sugere, portanto, que os cães possam ter percebido os abalos iniciais de terremotos ou o movimento de placas tectônicas.\nNos terremotos da Turquia e da Síria, no ano passado , pessoas postaram nas redes sociais que observaram comportamentos anormais dos animais horas antes do terremoto de 7,8 de magnitude.\nPossivelmente, os cães conseguem sentir as ondas primárias (Ondas P) de um terremoto, os primeiros sinais de um abalo sísmico.\nBohon diz que a capacidade dos cães em sentir as ondas primárias , é mais sobre como os animais percebem, antes, terremotos que já começaram. No entanto, essa habilidade ainda é bastante útil para salvar vidas.\nPor isso, a PetPace continua a estudar a coleira smart em cães no Peru para criar um possível dispositivo com base nos dados obtidos. Esse dispositivo, segundo a empresa, poderá os humanos a lidarem melhor com os terremotos, antecipando os estragos.\n#cães #coleira smart #PetPace #terremotos Pablo Nogueira\nTecnologia Whee: TikTok lança app com cara de Instagram e jeitão de BeReal",
    "highlightText": "",
    "highlightTitle": "",
    "highlightThreadTitle": "",
    "language": "portuguese",
    "sentiment": "positive",
    "categories": [
        "Disaster and Accident",
        "Science and Technology",
        "Human Interest"
    ],
    "webz_reporter": false,
    "external_links": [
        "https://abcnews.go.com/Technology/wearable-device-aid-dogs-helping-predict-earthquakes-creators/story?id=109745220",
        "https://www.linkedin.com/shareArticle?url=https://gizmodo.uol.com.br/startup-esta-buscando-ajuda-dos-caes-para-prever-terremotos/",
        "https://www.facebook.com/sharer.php?u=https://gizmodo.uol.com.br/startup-esta-buscando-ajuda-dos-caes-para-prever-terremotos/",
        "https://www.youtube.com/embed/yImQoEW9EV0?feature=oembed",
        "https://gizbrasil.substack.com/",
        "https://secure.gravatar.com/avatar/00183ec47ed74354a32b1c25641c4ef4?s=96&d=blank&r=g",
        "https://chat.whatsapp.com/DZFuh9P6Ezy7lj4oByudmg",
        "https://twitter.com/intent/tweet?url=https://gizmodo.uol.com.br/startup-esta-buscando-ajuda-dos-caes-para-prever-terremotos/&text=Startup",
        "https://www.secure.gravatar.com/avatar/00183ec47ed74354a32b1c25641c4ef4?s=96&d=blank&r=g",
        "https://gizbrasil.substack.com",
        "https://secure.gravatar.com/avatar/00183ec47ed74354a32b1c25641c4ef4",
        "https://www.abcnews.go.com/Technology/wearable-device-aid-dogs-helping-predict-earthquakes-creators/story?id=109745220",
        "https://www.gizbrasil.substack.com/",
        "https://linkedin.com/shareArticle?url=https://gizmodo.uol.com.br/startup-esta-buscando-ajuda-dos-caes-para-prever-terremotos/",
        "https://www.linkedin.com/shareArticle?url=https://gizmodo.uol.com.br/startup-esta-buscando-ajuda-dos-caes-para-prever-terremotos",
        "https://youtube.com/embed/yImQoEW9EV0?feature=oembed",
        "https://www.facebook.com/sharer.php?u=https://gizmodo.uol.com.br/startup-esta-buscando-ajuda-dos-caes-para-prever-terremotos",
        "https://www.linkedin.com/shareArticle",
        "https://www.facebook.com/sharer.php",
        "https://abcnews.go.com/Technology/wearable-device-aid-dogs-helping-predict-earthquakes-creators/story",
        "https://www.twitter.com/intent/tweet?url=https://www.gizmodo.uol.com.br/startup-esta-buscando-ajuda-dos-caes-para-prever-terremotos/&text=Startup",
        "https://www.chat.whatsapp.com/DZFuh9P6Ezy7lj4oByudmg",
        "https://facebook.com/sharer.php?u=https://gizmodo.uol.com.br/startup-esta-buscando-ajuda-dos-caes-para-prever-terremotos/",
        "https://twitter.com/intent/tweet",
        "https://www.youtube.com/embed/yImQoEW9EV0"
    ],
    "external_images": [],
    "entities": {
        "persons": [],
        "organizations": [],
        "locations": []
    },
    "rating": null,
    "crawled": "2024-06-21T20:39:21.958+03:00",
    "updated": "2024-06-21T20:39:21.958+03:00"
}