{
    "thread": {
        "uuid": "2aff2f454d964039bf45a3cf6eb63e5708362bd8",
        "url": "https://ca.marketscreener.com/quote/stock/INTERCONTINENTAL-EXCHANGE-14931198/news/ICE-First-Look-Mortgage-Performance-Remains-Strong-as-Delinquencies-Foreclosures-Continue-to-Impro-47019354",
        "site_full": "ca.marketscreener.com",
        "site": "marketscreener.com",
        "site_section": "https://ca.marketscreener.com/news/most-read/",
        "site_categories": [],
        "section_title": "Today&#039;s best articles | MarketScreener",
        "title": "ICE First Look: Mortgage Performance Remains Strong as Delinquencies, Foreclosures Continue to Improve in May - MarketScreener",
        "title_full": "ICE First Look: Mortgage Performance Remains Strong as Delinquencies, Foreclosures Continue to Improve in May - MarketScreener",
        "published": "2024-06-21T12:01:00.000+03:00",
        "replies_count": 0,
        "participants_count": 1,
        "site_type": "news",
        "country": "CA",
        "main_image": "https://ca.marketscreener.com/images/twitter_MS_fdblanc.png",
        "performance_score": 0,
        "domain_rank": 3865,
        "domain_rank_updated": "2024-06-18T13:08:21.000+03:00",
        "reach": null,
        "social": {
            "facebook": {
                "likes": 0,
                "comments": 0,
                "shares": 0
            },
            "gplus": {
                "shares": 0
            },
            "pinterest": {
                "shares": 0
            },
            "linkedin": {
                "shares": 0
            },
            "stumbledupon": {
                "shares": 0
            },
            "vk": {
                "shares": 0
            }
        }
    },
    "uuid": "2aff2f454d964039bf45a3cf6eb63e5708362bd8",
    "url": "https://ca.marketscreener.com/quote/stock/INTERCONTINENTAL-EXCHANGE-14931198/news/ICE-First-Look-Mortgage-Performance-Remains-Strong-as-Delinquencies-Foreclosures-Continue-to-Impro-47019354",
    "ord_in_thread": 0,
    "parent_url": null,
    "author": "MarketScreener",
    "published": "2024-06-21T12:01:00.000+03:00",
    "title": "ICE First Look: Mortgage Performance Remains Strong as Delinquencies, Foreclosures Continue to Improve in May - MarketScreener",
    "text": "The national delinquency rate fell 6 basis points (bps) year over year to 3.04% in May; still the second lowest point on record, behind 2.92% in March 2023 A fifth consecutive monthly improvement in serious delinquencies (those loans 90+ days past due, but not yet in active foreclosure) reset what had already been a more than 18-year low The number of mortgage-holders who’ve missed a single payment dropped by -19K, while 60-day delinquencies edged up slightly (+4K) from April While inflow of borrowers newly 30 days late dropped to a one-year low, those rolling to later stages of delinquency edged higher from April and fewer delinquent loans cured to current status Foreclosure starts were down -6.5% from April, keeping active foreclosure inventory at the lowest level since pandemic-era moratoria were lifted in January 2022 The total number of mortgage-holders currently in active foreclosure remains 32% below (-92K) pre-pandemic levels Though up slightly for the month, foreclosure sales (completions) in May were down -7.2% year over year and remain well below pre-pandemic norms A seasonal rise in home sales and slightly improved refi volumes pushed prepayments to their highest level since September 2022, even as rate-related headwinds persist\nIntercontinental Exchange, Inc. (NYSE:ICE), a leading global provider of technology and data, reports the following “first look” at May 2024 month-end mortgage performance statistics derived from its loan-level database representing the majority of the national mortgage market.\nData as of May 31, 2024\nTotal U.S. loan delinquency rate (loans 30 or more days past due, but not in foreclosure): 3.04%\nMonth-over-month change: -1.55%\nYear-over-year change: -1.94%\nTotal U.S. foreclosure pre-sale inventory rate: 0.36%\nMonth-over-month change: -3.83%\nYear-over-year change: -17.95%\nTotal U.S. foreclosure starts: 24,000\nMonth-over-month change -6.47%\nYear-over-year change: -4.77%\nMonthly prepayment rate (SMM): 0.58%\nMonth-over-month change: 10.45%\nYear-over-year change: 6.60%\nForeclosure sales: 6,300\nMonth-over-month change: 6.26%\nYear-over-year change: - 7.21%\nNumber of properties that are 30 or more days past due, but not in foreclosure: 1,634,000\nMonth-over-month change: -24,000\nYear-over-year change: -5,000\nNumber of properties that are 90 or more days past due, but not in foreclosure: 410,000\nMonth-over-month change: -7,000\nYear-over-year change: -38,000\nNumber of properties in foreclosure pre-sale inventory: 191,000\nMonth-over-month change: -7,000\nYear-over-year change: -38,000\nNumber of properties that are 30 or more days past due or in foreclosure: 1,825,000\nMonth-over-month change: -31,000\nYear-over-year change: -43,000\nTop 5 States by Non-Current* Percentage\nMississippi:\n7.41%\nLouisiana:\n7.25%\nAlabama:\n5.19%\nIndiana:\n4.77%\nWest Virginia:\n4.68%\nBottom 5 States by Non-Current* Percentage\nCalifornia:\n1.97%\nIdaho:\n1.89%\nMontana:\n1.87%\nWashington:\n1.83%\nColorado:\n1.83%\nTop 5 States by 90+ Days Delinquent Percentage\nMississippi:\n1.93%\nLouisiana:\n1.70%\nAlabama:\n1.41%\nArkansas:\n1.19%\nGeorgia:\n1.09%\nTop 5 States by 12-Month Change in Non-Current* Percentage\nVermont:\n-12.16%\nAlaska:\n-10.42%\nNew York:\n-9.64%\nNew Hampshire:\n-9.63%\nNew Mexico:\n- 8.79%\nBottom 5 States by 12-Month Change in Non-Current* Percentage\nLouisiana:\n7.03%\nSouth Dakota:\n4.45%\nArizona:\n2.28%\nNebraska:\n1.80%\nArkansas:\n1.48%\n*Non-current totals combine foreclosures and delinquencies as a percent of active loans in that state.\nNotes:\n1) Totals are extrapolated based on ICE’s McDash loan-level database of mortgage assets.\n2) All whole numbers are rounded to the nearest thousand, except foreclosure starts and sales, which are rounded to the nearest hundred.\nThe company will provide a more in-depth review of this data in its monthly Mortgage Monitor report, which includes an analysis of data supplemented by detailed charts and graphs that reflect trend and point-in-time observations. The Mortgage Monitor report will be available online at https://www.icemortgagetechnology.com/resources/data-reports by July 1, 2024.\nFor more information about gaining access to ICE’s loan-level database, please send an email to Mortgage.Monitor@bkfs.com.\nAbout Intercontinental Exchange\nIntercontinental Exchange, Inc. (NYSE: ICE) is a Fortune 500 company that designs, builds and operates digital networks that connect people to opportunity. We provide financial technology and data services across major asset classes helping our customers access mission-critical workflow tools that increase transparency and efficiency. ICE’s futures, equity, and options exchanges – including the New York Stock Exchange – and clearing houses help people invest, raise capital and manage risk. We offer some of the world’s largest markets to trade and clear energy and environmental products. Our fixed income, data services and execution capabilities provide information, analytics and platforms that help our customers streamline processes and capitalize on opportunities. At ICE Mortgage Technology , we are transforming U.S. housing finance, from initial consumer engagement through loan production, closing, registration and the long-term servicing relationship. Together, ICE transforms, streamlines and automates industries to connect our customers to opportunity.\nTrademarks of ICE and/or its affiliates include Intercontinental Exchange, ICE, ICE block design, NYSE and New York Stock Exchange. Information regarding additional trademarks and intellectual property rights of Intercontinental Exchange, Inc. and/or its affiliates is located here . Key Information Documents for certain products covered by the EU Packaged Retail and Insurance-based Investment Products Regulation can be accessed on the relevant exchange website under the heading “Key Information Documents (KIDS).”\nSafe Harbor Statement under the Private Securities Litigation Reform Act of 1995 – Statements in this press release regarding ICE's business that are not historical facts are \"forward-looking statements\" that involve risks and uncertainties. For a discussion of additional risks and uncertainties, which could cause actual results to differ from those contained in the forward-looking statements, see ICE's Securities and Exchange Commission (SEC) filings, including, but not limited to, the risk factors in ICE's Annual Report on Form 10-K for the year ended December 31, 2023, as filed with the SEC on February 8, 2024.\nCategory: Mortgage Technology\nICE-CORP\nSource: Intercontinental Exchange\nView source version on businesswire.com: https://www.businesswire.com/news/home/20240621604728/en/\nShare © Business Wire - 2024",
    "highlightText": "",
    "highlightTitle": "",
    "highlightThreadTitle": "",
    "language": "english",
    "sentiment": "positive",
    "categories": [
        "Disaster and Accident",
        "Economy, Business and Finance"
    ],
    "webz_reporter": false,
    "external_links": [
        "https://www.linkedin.com/shareArticle?mini=true&url=https%3A%2F%2Fwww.marketscreener.com%2Fquote%2Fstock%2FINTERCONTINENTAL-EXCHANGE-14931198%2Fnews%2FICE-First-Look-Mortgage-Performance-Remains-Strong-as-Delinquencies-Foreclosures-Continue-to-Impro-47019354%2F%3Futm_source%3Dlinkedin%26utm_medium%3Dsocial%26utm_campaign%3Dshare&title=ICE",
        "https://telegram.me/share/url?url=https%3A%2F%2Fwww.marketscreener.com%2Fquote%2Fstock%2FINTERCONTINENTAL-EXCHANGE-14931198%2Fnews%2FICE-First-Look-Mortgage-Performance-Remains-Strong-as-Delinquencies-Foreclosures-Continue-to-Impro-47019354%2F%3Futm_source%3Dtelegram%26utm_medium%3Dsocial%26utm_campaign%3Dshare",
        "https://wa.me/?text=https%3A%2F%2Fwww.marketscreener.com%2Fquote%2Fstock%2FINTERCONTINENTAL-EXCHANGE-14931198%2Fnews%2FICE-First-Look-Mortgage-Performance-Remains-Strong-as-Delinquencies-Foreclosures-Continue-to-Impro-47019354%2F%3Futm_source%3Dwhatsapp%26utm_medium%3Dsocial%26utm_campaign%3Dshare",
        "https://www.facebook.com/sharer/sharer.php?u=https%3A%2F%2Fwww.marketscreener.com%2Fquote%2Fstock%2FINTERCONTINENTAL-EXCHANGE-14931198%2Fnews%2FICE-First-Look-Mortgage-Performance-Remains-Strong-as-Delinquencies-Foreclosures-Continue-to-Impro-47019354%2F%3Futm_source%3Dfacebook%26utm_medium%3Dsocial%26utm_campaign%3Dshare",
        "https://www.businesswire.com/news/home/20240621604728/en/",
        "https://twitter.com/intent/tweet?text=ICE",
        "https://cts.businesswire.com/ct/CT?id=bwnews&sty=20240621604728r1&sid=frzb2&distro=ftp",
        "https://www.icemortgagetechnology.com/resources/data-reports",
        "https://wa.me/",
        "https://www.twitter.com/intent/tweet?text=ICE",
        "https://telegram.me/share/url",
        "https://businesswire.com/news/home/20240621604728/en/",
        "https://www.wa.me/?text=https%3A%2F%2Fwww.marketscreener.com%2Fquote%2Fstock%2FINTERCONTINENTAL-EXCHANGE-14931198%2Fnews%2FICE-First-Look-Mortgage-Performance-Remains-Strong-as-Delinquencies-Foreclosures-Continue-to-Impro-47019354%2F%3Futm_source%3Dwhatsapp%26utm_medium%3Dsocial%26utm_campaign%3Dshare",
        "https://linkedin.com/shareArticle?mini=true&url=https%3A%2F%2Fwww.marketscreener.com%2Fquote%2Fstock%2FINTERCONTINENTAL-EXCHANGE-14931198%2Fnews%2FICE-First-Look-Mortgage-Performance-Remains-Strong-as-Delinquencies-Foreclosures-Continue-to-Impro-47019354%2F%3Futm_source%3Dlinkedin%26utm_medium%3Dsocial%26utm_campaign%3Dshare&title=ICE",
        "https://www.facebook.com/sharer/sharer.php",
        "https://www.linkedin.com/shareArticle",
        "https://cts.businesswire.com/ct/CT",
        "https://facebook.com/sharer/sharer.php?u=https%3A%2F%2Fwww.marketscreener.com%2Fquote%2Fstock%2FINTERCONTINENTAL-EXCHANGE-14931198%2Fnews%2FICE-First-Look-Mortgage-Performance-Remains-Strong-as-Delinquencies-Foreclosures-Continue-to-Impro-47019354%2F%3Futm_source%3Dfacebook%26utm_medium%3Dsocial%26utm_campaign%3Dshare",
        "https://www.telegram.me/share/url?url=https%3A%2F%2Fwww.marketscreener.com%2Fquote%2Fstock%2FINTERCONTINENTAL-EXCHANGE-14931198%2Fnews%2FICE-First-Look-Mortgage-Performance-Remains-Strong-as-Delinquencies-Foreclosures-Continue-to-Impro-47019354%2F%3Futm_source%3Dtelegram%26utm_medium%3Dsocial%26utm_campaign%3Dshare",
        "https://icemortgagetechnology.com/resources/data-reports",
        "https://www.cts.businesswire.com/ct/CT?id=bwnews&sty=20240621604728r1&sid=frzb2&distro=ftp",
        "https://twitter.com/intent/tweet",
        "https://www.businesswire.com/news/home/20240621604728/en"
    ],
    "external_images": [],
    "entities": {
        "persons": [],
        "organizations": [],
        "locations": []
    },
    "rating": null,
    "crawled": "2024-06-21T16:08:09.622+03:00",
    "updated": "2024-06-21T16:08:09.622+03:00"
}