{
    "thread": {
        "uuid": "5eba61b61a298adcf75c49ee12ef1b5ad1d213c3",
        "url": "https://www.insidenova.com/headlines/firefighters-rescue-dog-from-burning-ashburn-townhouse/article_42e17e04-2f39-11ef-8fa0-5f86e68625d2.html",
        "site_full": "www.insidenova.com",
        "site": "insidenova.com",
        "site_section": "https://www.golf.einnews.com/live_feed",
        "site_categories": [
            "media"
        ],
        "section_title": "Live Feed Wire - Golf News Today - EIN Presswire",
        "title": "Firefighters rescue dog from burning Ashburn townhouse | Headlines | insidenova.com",
        "title_full": "Firefighters rescue dog from burning Ashburn townhouse | Headlines | insidenova.com",
        "published": "2024-06-20T03:00:00.000+03:00",
        "replies_count": 0,
        "participants_count": 1,
        "site_type": "news",
        "country": "US",
        "main_image": "https://bloximages.chicago2.vip.townnews.com/insidenova.com/content/tncms/assets/v3/editorial/1/6a/16a3800c-2f3a-11ef-9a89-7f454e7867d7/667480e097895.image.jpg?crop=600%2C315%2C0%2C94&amp;resize=600%2C315&amp;order=crop%2Cresize",
        "performance_score": 0,
        "domain_rank": 24278,
        "domain_rank_updated": "2024-06-18T13:08:21.000+03:00",
        "reach": null,
        "social": {
            "facebook": {
                "likes": 0,
                "comments": 0,
                "shares": 0
            },
            "gplus": {
                "shares": 0
            },
            "pinterest": {
                "shares": 0
            },
            "linkedin": {
                "shares": 0
            },
            "stumbledupon": {
                "shares": 0
            },
            "vk": {
                "shares": 0
            }
        }
    },
    "uuid": "5eba61b61a298adcf75c49ee12ef1b5ad1d213c3",
    "url": "https://www.insidenova.com/headlines/firefighters-rescue-dog-from-burning-ashburn-townhouse/article_42e17e04-2f39-11ef-8fa0-5f86e68625d2.html",
    "ord_in_thread": 0,
    "parent_url": null,
    "author": "INSIDENOVA STAFF",
    "published": "2024-06-20T03:00:00.000+03:00",
    "title": "Firefighters rescue dog from burning Ashburn townhouse | Headlines | insidenova.com",
    "text": "A lamp in the garage sparked a Wednesday afternoon fire that left more than $400,000 in damages to an Ashburn townhouse. Crews were called to the fire in the 43000 block of Baltusrol Terrace about 2:10 p.m., with units from Lansdowne, Ashburn, Moorefield, Kincora, and Leesburg, as well as numerous command staff responding, Loudoun County fire and rescue said in a news release. The first firefighters to arrive reported a two-story townhouse with smoke and fire showing. A \"Rapid Intervention Taskforce\" was subsequently requested to bring additional firefighters to the scene. Within 11 minutes of the initial dispatch, crews had multiple hand lines in place to control the fire and searched the entire inside of the structure to ensure no occupants were inside, the release said. No one was home, but a dog was rescued by firefighters. Crews determined there was no extension of the fire into the adjacent home. The Loudoun County Fire Marshal's Office determined the fire was accidental, caused by an unspecified electrical or mechanical event from a lamp on the workbench in the garage. Damages are estimated at $417,253. No resident or firefighter injuries were reported. The fire marshal's office reminds community members to always use caution when using extension cords. Always inspect cords for damage before use and replace if you observe any frayed or worn areas. Avoid overloading cords by plugging in only as many devices are recommended. Never run cords under carpets or rugs where damage can occur unnoticed. For additional electrical safety tips and information, visit the Electrical Safety Foundation’s website.",
    "highlightText": "",
    "highlightTitle": "",
    "highlightThreadTitle": "",
    "language": "english",
    "sentiment": "positive",
    "categories": [
        "Human Interest",
        "Disaster and Accident",
        "Social Issue"
    ],
    "webz_reporter": false,
    "external_links": [],
    "external_images": [],
    "entities": {
        "persons": [
            {
                "name": "moorefield",
                "sentiment": "none"
            },
            {
                "name": "ashburn",
                "sentiment": "none"
            }
        ],
        "organizations": [
            {
                "name": "baltusrol terrace",
                "sentiment": "none"
            },
            {
                "name": "loudoun county fire marshal's office",
                "sentiment": "none"
            }
        ],
        "locations": [
            {
                "name": "leesburg",
                "sentiment": "none"
            },
            {
                "name": "kincora",
                "sentiment": "none"
            },
            {
                "name": "loudoun county",
                "sentiment": "none"
            },
            {
                "name": "lansdowne",
                "sentiment": "none"
            },
            {
                "name": "ashburn",
                "sentiment": "none"
            }
        ]
    },
    "rating": null,
    "crawled": "2024-06-21T04:57:14.074+03:00",
    "updated": "2024-06-21T04:57:14.074+03:00"
}