{
    "thread": {
        "uuid": "890ab4a5847014ea300488a6f69bdfc8f040d5fd",
        "url": "https://abc30.com/post/valley-air-district-gets-federal-funding-help-improve/14984552",
        "site_full": "abc30.com",
        "site": "abc30.com",
        "site_section": "https://www.golf.einnews.com/live_feed",
        "site_categories": [
            "media",
            "television",
            "entertainment"
        ],
        "section_title": "Live Feed Wire - Golf News Today - EIN Presswire",
        "title": "Valley Air District gets federal funding to help improve air quality - ABC30 Fresno",
        "title_full": "Valley Air District gets federal funding to help improve air quality - ABC30 Fresno",
        "published": "2024-06-21T03:00:00.000+03:00",
        "replies_count": 0,
        "participants_count": 1,
        "site_type": "news",
        "country": "US",
        "main_image": "https://cdn.abcotvs.com/dip/images/14984574_062124-kfsn-valley-district-fund-vid.jpg?w=1600",
        "performance_score": 0,
        "domain_rank": 11755,
        "domain_rank_updated": "2024-06-18T13:08:21.000+03:00",
        "reach": null,
        "social": {
            "facebook": {
                "likes": 0,
                "comments": 0,
                "shares": 0
            },
            "gplus": {
                "shares": 0
            },
            "pinterest": {
                "shares": 0
            },
            "linkedin": {
                "shares": 0
            },
            "stumbledupon": {
                "shares": 0
            },
            "vk": {
                "shares": 0
            }
        }
    },
    "uuid": "890ab4a5847014ea300488a6f69bdfc8f040d5fd",
    "url": "https://abc30.com/post/valley-air-district-gets-federal-funding-help-improve/14984552",
    "ord_in_thread": 0,
    "parent_url": null,
    "author": "@abc30",
    "published": "2024-06-21T03:00:00.000+03:00",
    "title": "Valley Air District gets federal funding to help improve air quality - ABC30 Fresno",
    "text": "Friday, June 21, 2024 2:10PM",
    "highlightText": "",
    "highlightTitle": "",
    "highlightThreadTitle": "",
    "language": "english",
    "sentiment": "positive",
    "categories": [
        "Disaster and Accident",
        "Health",
        "Environment"
    ],
    "webz_reporter": false,
    "external_links": [],
    "external_images": [],
    "entities": {
        "persons": [],
        "organizations": [
            {
                "name": "the valley air district",
                "sentiment": "negative"
            },
            {
                "name": "valley air district",
                "sentiment": "negative"
            }
        ],
        "locations": [
            {
                "name": "fresno fresno",
                "sentiment": "none"
            },
            {
                "name": "calif.",
                "sentiment": "none"
            },
            {
                "name": "central california",
                "sentiment": "none"
            },
            {
                "name": "california",
                "sentiment": "none"
            }
        ]
    },
    "rating": null,
    "crawled": "2024-06-21T17:36:44.578+03:00",
    "updated": "2024-06-21T18:49:02.100+03:00"
}