{
    "thread": {
        "uuid": "54d7278784d35e33e5159b09f142c4d10ce7450d",
        "url": "https://www.elnuevodia.com/negocios/turismo/notas/fema-anuncia-los-lugares-restaurados-para-hacer-turismo-interno",
        "site_full": "www.elnuevodia.com",
        "site": "elnuevodia.com",
        "site_section": "https://elnuevodia.com",
        "site_categories": [
            "media",
            "top_news"
        ],
        "section_title": "El Nuevo Día - noticias de última hora, opinión, fotos, videos y podcasts de Puerto Rico.",
        "title": "FEMA anuncia los lugares restaurados para hacer turismo interno - El Nuevo Día",
        "title_full": "FEMA anuncia los lugares restaurados para hacer turismo interno - El Nuevo Día",
        "published": "2024-06-21T17:00:00.000+03:00",
        "replies_count": 0,
        "participants_count": 1,
        "site_type": "news",
        "country": "PR",
        "main_image": "https://www.elnuevodia.com/resizer/CEku0Ux-8o6NddDWkQelRKeDTDc=/1200x717/filters:quality(75):format(jpeg):focal(193x326:203x316)/cloudfront-us-east-1.images.arcpublishing.com/gfrmedia/BJTLDBYSY5DO7EG43OJTFXE2UM.png",
        "performance_score": 0,
        "domain_rank": 14828,
        "domain_rank_updated": "2024-06-18T13:08:21.000+03:00",
        "reach": null,
        "social": {
            "facebook": {
                "likes": 0,
                "comments": 0,
                "shares": 0
            },
            "gplus": {
                "shares": 0
            },
            "pinterest": {
                "shares": 0
            },
            "linkedin": {
                "shares": 0
            },
            "stumbledupon": {
                "shares": 0
            },
            "vk": {
                "shares": 0
            }
        }
    },
    "uuid": "54d7278784d35e33e5159b09f142c4d10ce7450d",
    "url": "https://www.elnuevodia.com/negocios/turismo/notas/fema-anuncia-los-lugares-restaurados-para-hacer-turismo-interno",
    "ord_in_thread": 0,
    "parent_url": null,
    "author": "/autor/efrain-montalban/",
    "published": "2024-06-21T17:00:00.000+03:00",
    "title": "FEMA anuncia los lugares restaurados para hacer turismo interno - El Nuevo Día",
    "text": "La agencia compartió destinos recreativos reparados en Arroyo, Rincón, Barceloneta y San Sebastián 21 de junio de 2024 - 10:00 AM La agencia compartió destinos recreativos reparados en Arroyo, Rincón, Barceloneta y San Sebastián 21 de junio de 2024 - 10:00 AM Un parque acuático, un museo y otros lugares recreativos son algunos de los lugares que fueron restaurados por la Agencia Federal para el Manejo de Emergencias ( [FEMA](https://www.elnuevodia.com/topicos/fema/), en inglés) y ya están listos para puertorriqueños que deseen hacer turismo interno. Hasta la fecha, FEMA ha obligado unos $33,900 millones para cerca de 11,000 proyectos de recuperación en Puerto Rico tras el paso del huracán María. “Los fondos de FEMA aportan a infraestructura esencial como la que nos provee agua y energía, pero también contribuyen a una recreación diversa para todas las edades. Nuestra isla cuenta con turismo verde, recreativo, educativo y cultural, y la agencia sostiene su compromiso con los proyectos que siguen su curso de reconstrucción para que podamos disfrutar de estos espacios durante todo el año”, indicó José G. Baquero, coordinador federal de Recuperación por Desastres. Aquí se presentan cuatro de los lugares restaurados y compartidos por la agencia federal. Por su parte, el director ejecutivo de la Oficina Central de Recuperación, Reconstrucción y Resiliencia ( [Cor3](https://www.elnuevodia.com/topicos/cor3/), en inglés), Manuel Laboy, sostuvo que “las instalaciones recreativas componen un segmento significativo de los proyectos de reconstrucción y tienen un efecto positivo tanto para el pequeño como mediano comerciante. Estas instalaciones también añaden valor a la oferta turística que se enriquece por la diversidad de las atracciones que van desde actividades en la costa hasta la montaña”. Hasta el momento, existen 1,095 proyectos en construcción en instalaciones recreativas y deportivas alrededor de la isla con un valor aproximado de $420.4 millones, informó Laboy. La editora de Negocios Joanisabel González explica los temas económicos más importantes a nivel local e internacional. Te invitamos a descargar cualquiera de estos navegadores para ver nuestras noticias:",
    "highlightText": "",
    "highlightTitle": "",
    "highlightThreadTitle": "",
    "language": "spanish",
    "sentiment": "positive",
    "categories": [
        "Human Interest",
        "Disaster and Accident",
        "Lifestyle and Leisure"
    ],
    "webz_reporter": false,
    "external_links": [],
    "external_images": [],
    "entities": {
        "persons": [],
        "organizations": [],
        "locations": []
    },
    "rating": null,
    "crawled": "2024-06-21T17:21:00.999+03:00",
    "updated": "2024-06-21T17:21:00.999+03:00"
}