{
    "thread": {
        "uuid": "0e0a42b7c2e3999a047d2ca10dad5a81c6d8e14d",
        "url": "https://www.newsbreak.com/news/3499902346934-firefighters-have-upper-hand-on-major-wildfire-in-ventura-los-angeles-counties",
        "site_full": "www.newsbreak.com",
        "site": "newsbreak.com",
        "site_section": "https://www.newsbreak.com/los-angeles-county-ca",
        "site_categories": [
            "under_construction",
            "non_standard_content",
            "top_news"
        ],
        "section_title": "Los Angeles County, CA News | NewsBreak Los Angeles County, CA",
        "title": "Firefighters have upper hand on major wildfire in Ventura, Los Angeles Counties",
        "title_full": "Firefighters have upper hand on major wildfire in Ventura, Los Angeles Counties",
        "published": "2024-06-21T03:00:00.000+03:00",
        "replies_count": 0,
        "participants_count": 1,
        "site_type": "news",
        "country": "US",
        "main_image": "https://img.particlenews.com/img/id/41ySDV_0tzaFyDu00?type=thumbnail_1600x1200",
        "performance_score": 0,
        "domain_rank": 3348,
        "domain_rank_updated": "2024-06-18T13:08:21.000+03:00",
        "reach": null,
        "social": {
            "facebook": {
                "likes": 0,
                "comments": 0,
                "shares": 0
            },
            "gplus": {
                "shares": 0
            },
            "pinterest": {
                "shares": 0
            },
            "linkedin": {
                "shares": 0
            },
            "stumbledupon": {
                "shares": 0
            },
            "vk": {
                "shares": 0
            }
        }
    },
    "uuid": "0e0a42b7c2e3999a047d2ca10dad5a81c6d8e14d",
    "url": "https://www.newsbreak.com/news/3499902346934-firefighters-have-upper-hand-on-major-wildfire-in-ventura-los-angeles-counties",
    "ord_in_thread": 0,
    "parent_url": null,
    "author": "KCLU",
    "published": "2024-06-21T03:00:00.000+03:00",
    "title": "Firefighters have upper hand on major wildfire in Ventura, Los Angeles Counties",
    "text": "Get updates delivered to you daily. Free and customizable. kclu.org By KCLU,5 hours ago By KCLU,5 hours ago Read in NewsBreak Comments / 0 Add a Comment YOU MAY ALSO LIKE The Standard5 days ago France 242 days ago [Tracy, CA](/tracy-ca)19 days ago [New Mexico State](/new-mexico-state)2 days ago [Plumas County, CA](/plumas-county-ca)2 hours ago [Newport Beach, CA](/newport-beach-ca)13 days ago [Riverside County, CA](/riverside-county-ca)7 days ago [New Mexico State](/new-mexico-state)6 days ago [Lexington, KY](/lexington-ky)29 days ago [California State](/california-state)2 days ago [Douglas City, CA](/douglas-city-ca)18 days ago Get updates delivered to you daily. Free and customizable. Welcome to NewsBreak, an open platform where diverse perspectives converge. Most of our content comes from established publications and journalists, as well as from our extensive network of tens of thousands of creators who contribute to our platform. We empower individuals to share insightful viewpoints through short posts and comments. It’s essential to note our commitment to transparency: our Terms of Use acknowledge that our services may not always be error-free, and our Community Standards emphasize our discretion in enforcing policies. We strive to foster a dynamic environment for free expression and robust discourse through safety guardrails of human and AI moderation. Join us in shaping the news narrative together.",
    "highlightText": "",
    "highlightTitle": "",
    "highlightThreadTitle": "",
    "language": "english",
    "sentiment": "positive",
    "categories": [
        "Disaster and Accident",
        "Human Interest",
        "Environment"
    ],
    "webz_reporter": false,
    "external_links": [],
    "external_images": [],
    "entities": {
        "persons": [],
        "organizations": [
            {
                "name": "new mexico state",
                "sentiment": "none"
            },
            {
                "name": "newsbreak comments /",
                "sentiment": "none"
            },
            {
                "name": "california state",
                "sentiment": "none"
            }
        ],
        "locations": [
            {
                "name": "ventura",
                "sentiment": "none"
            },
            {
                "name": "los angeles",
                "sentiment": "none"
            },
            {
                "name": "newport beach",
                "sentiment": "none"
            },
            {
                "name": "douglas city",
                "sentiment": "none"
            },
            {
                "name": "newsbreak",
                "sentiment": "none"
            },
            {
                "name": "plumas county",
                "sentiment": "none"
            },
            {
                "name": "riverside county",
                "sentiment": "none"
            },
            {
                "name": "france",
                "sentiment": "none"
            },
            {
                "name": "lexington",
                "sentiment": "none"
            }
        ]
    },
    "rating": null,
    "crawled": "2024-06-22T05:49:42.126+03:00",
    "updated": "2024-06-22T05:49:42.126+03:00"
}