{
    "thread": {
        "uuid": "f40056cbc2a4fee3a55617a4583c14d7591b1c45",
        "url": "https://www.razon.com.mx/estados/mara-lezama-agradece-sedena-labores-apoyo-rescate-chetumal-581711",
        "site_full": "www.razon.com.mx",
        "site": "razon.com.mx",
        "site_section": "https://www.razon.com.mx/estados",
        "site_categories": [
            "travel",
            "mexico_and_central_america"
        ],
        "section_title": "Estados",
        "title": "Mara Lezama agradece a Sedena labores de apoyo y rescate en Chetumal",
        "title_full": "Mara Lezama agradece a Sedena labores de apoyo y rescate en Chetumal",
        "published": "2024-06-22T01:42:00.000+03:00",
        "replies_count": 0,
        "participants_count": 1,
        "site_type": "news",
        "country": "MX",
        "main_image": "https://imagenes.razon.com.mx/files/og_thumbnail/uploads/2024/06/21/66760125c4d94.jpeg",
        "performance_score": 0,
        "domain_rank": 44851,
        "domain_rank_updated": "2024-06-18T13:08:26.000+03:00",
        "reach": null,
        "social": {
            "facebook": {
                "likes": 0,
                "comments": 0,
                "shares": 0
            },
            "gplus": {
                "shares": 0
            },
            "pinterest": {
                "shares": 0
            },
            "linkedin": {
                "shares": 0
            },
            "stumbledupon": {
                "shares": 0
            },
            "vk": {
                "shares": 0
            }
        }
    },
    "uuid": "f40056cbc2a4fee3a55617a4583c14d7591b1c45",
    "url": "https://www.razon.com.mx/estados/mara-lezama-agradece-sedena-labores-apoyo-rescate-chetumal-581711",
    "ord_in_thread": 0,
    "parent_url": null,
    "author": "La Razón Online",
    "published": "2024-06-22T01:42:00.000+03:00",
    "title": "Mara Lezama agradece a Sedena labores de apoyo y rescate en Chetumal",
    "text": "Plan DN-III Mara Lezama agradece a Sedena labores de apoyo y rescate en Chetumal La Gobernadora de Quintana Roo coordinó el traslado con el apoyo del Ejército Mexicano y la SEMAR, de un adulto mayor a un hospital para recibir atención médica oportuna Por: Con apoyo del Ejército Mexicano que mantiene el Plan DN-III, la Secretaría de Marina, la Gobernadora de Quintana Roo, [Mara Lezama](https://www.razon.com.mx/estados/anuncia-mara-lezama-37-mdp-paquete-integral-acciones-atencion-emergencia-chetumal-581379), acudió al rescate de una persona adulta mayor que requería atención médica inmediata en la Colonia Bicentenario de Chetumal. La Gobernadora, con apoyo de una ambulancia de los Servicios Estatales de Salud, coordinó personalmente el traslado del Sr. Lorenzo, acompañado de su esposa, la Sra. María Elizabeth, a un hospital de alta especialidad donde le brindarán atención médica oportuna y gratuita. [Únete a nuestro canal de WhatsApp.](https://whatsapp.com/channel/0029Va4honc30LKY9Z0wAT1u) En La Razón enviamos a tu celular lo más importante México y el Mundo, recuerda que una persona informada siempre tiene La Razón. FBPT LO MÁS VISTO - [Anuncia Javier May censo para definir beneficiarios de programas sociales de su gobierno](/estados/anuncia-javier-may-censo-definir-beneficiarios-programas-sociales-gobierno-581604) - [Babo y Celia Lora hacen VIDEO sin censura](/entretenimiento/babo-celia-lora-video-censura-579412) - [Piquero se rompe la cara y los VIDEOS más perturbadores de TikTok](/entretenimiento/piquero-rompe-cara-otros-perturbadores-videos-virales-tiktok-571245) - [Piquero se rompe la cara, la historia del perturbador VIDEO que es viral en TikTok](/entretenimiento/piquero-rompe-cara-impactante-video-viral-redes-563215) - [Resultados del Tris de hoy 21 de junio del 2024. Ve aquí los números ganadores](/mexico/resultados-tris-hoy-21-junio-2024-ve-numeros-ganadores-580925)",
    "highlightText": "",
    "highlightTitle": "",
    "highlightThreadTitle": "",
    "language": "spanish",
    "sentiment": "positive",
    "categories": [
        "Health",
        "Human Interest",
        "Disaster and Accident"
    ],
    "webz_reporter": false,
    "external_links": [
        "https://whatsapp.com/channel/0029Va4honc30LKY9Z0wAT1u)",
        "https://www.whatsapp.com/channel/0029Va4honc30LKY9Z0wAT1u)"
    ],
    "external_images": [],
    "entities": {
        "persons": [],
        "organizations": [],
        "locations": []
    },
    "rating": null,
    "crawled": "2024-06-22T02:11:36.715+03:00",
    "updated": "2024-06-22T05:45:45.199+03:00"
}