{
    "thread": {
        "uuid": "76d70e9b7a8846a1dfb321628b84222518a51502",
        "url": "https://www.investing.com/news/press-releases/teladoc-health-is-providing-free-virtual-health-care-services-to-new-mexico-residents-impacted-by-wildfires-93CH-3492688",
        "site_full": "www.investing.com",
        "site": "investing.com",
        "site_section": "https://investing.com/news/press-releases",
        "site_categories": [
            "investing",
            "stamps_and_coins",
            "hobbies_and_interests",
            "finance",
            "financial_news"
        ],
        "section_title": "Press Releases - Investing.com",
        "title": "Teladoc Health is Providing Free Virtual Health Care Services to New Mexico Residents Impacted by Wildfires By Investing.com",
        "title_full": "Teladoc Health is Providing Free Virtual Health Care Services to New Mexico Residents Impacted by Wildfires By Investing.com",
        "published": "2024-06-21T03:00:00.000+03:00",
        "replies_count": 0,
        "participants_count": 1,
        "site_type": "news",
        "country": "US",
        "main_image": "https://i-invdn-com.investing.com/news/World_News_9_800x533_L_1420026261.jpg",
        "performance_score": 0,
        "domain_rank": 1318,
        "domain_rank_updated": "2024-06-18T13:08:21.000+03:00",
        "reach": null,
        "social": {
            "facebook": {
                "likes": 0,
                "comments": 0,
                "shares": 0
            },
            "gplus": {
                "shares": 0
            },
            "pinterest": {
                "shares": 0
            },
            "linkedin": {
                "shares": 0
            },
            "stumbledupon": {
                "shares": 0
            },
            "vk": {
                "shares": 0
            }
        }
    },
    "uuid": "76d70e9b7a8846a1dfb321628b84222518a51502",
    "url": "https://www.investing.com/news/press-releases/teladoc-health-is-providing-free-virtual-health-care-services-to-new-mexico-residents-impacted-by-wildfires-93CH-3492688",
    "ord_in_thread": 0,
    "parent_url": null,
    "author": "Investing.com",
    "published": "2024-06-21T03:00:00.000+03:00",
    "title": "Teladoc Health is Providing Free Virtual Health Care Services to New Mexico Residents Impacted by Wildfires By Investing.com",
    "text": "PURCHASE, NY, June 21, 2024 (GLOBE NEWSWIRE) -- Teladoc Health (NYSE: NYSE: TDOC ), the global leader in whole-person virtual care, is providing free, 24/7 general medical telehealth visits to New Mexico residents, first responders and others directly impacted by the devastating wildfires.\nIndividuals in New Mexico who have been displaced or who cannot access medical care as a result of the fires can seek treatment from a licensed health care professional for any non-emergency illness by calling Teladoc Health directly at 855-225-5032. Individuals seeking physician-authorization for prescription refills of non-narcotic drugs can also get assistance. For emergencies, patients should call 911.\nWe encourage those impacted by the fires to continue to prioritize their health and safety, especially as patients may experience wildfire-induced flare ups of chronic illnesses, such as asthma, said Dr. Vidya Raman-Tangella, chief medical officer at Teladoc Health. Virtual care is a proven solution that supports community health during these times, and we are grateful to provide access to care as New Mexico rebuilds and recovers from the fires.\nAmong those adult and pediatric conditions that can be effectively diagnosed and treated as part of Teladoc Health's general medical no-cost offering are common conditions including urinary tract infections, sinus problems, respiratory infections, allergies, cold and flu symptoms, and many other non-emergency illnesses.\nTeladoc Health deploys resources each year to respond to federally declared natural disasters across the United States, making virtual care services available at no cost to communities impacted by floods, storms, fires and other public emergencies. For more information, visit https://www.teladochealth.com/info/disaster-hotline.\nAbout Teladoc Health\nTeladoc Health empowers all people everywhere to live their healthiest lives by transforming the healthcare experience. As the world leader in whole-person virtual care, Teladoc Health uses proprietary health signals and personalized interactions to drive better health outcomes across the full continuum of care, at every stage in a person's health journey. Teladoc Health leverages more than two decades of expertise and data-driven insights to meet the growing virtual care needs of consumers and healthcare professionals. For more information, please visit www.teladochealth.com.\nSource: Teladoc Health, Inc. “ General\nContact\nCarolyn Edwards\nPR@teladochealth.com\n+1 321-795-1952\nSource: Teladoc Health, Inc. Teladoc Health is Providing Free Virtual Health Care Services to New Mexico Residents Impacted by Wildfires",
    "highlightText": "",
    "highlightTitle": "",
    "highlightThreadTitle": "",
    "language": "english",
    "sentiment": "positive",
    "categories": [
        "Health",
        "Disaster and Accident"
    ],
    "webz_reporter": false,
    "external_links": [
        "https://www.teladochealth.com/info/disaster-hotline.",
        "https://teladochealth.com/info/disaster-hotline."
    ],
    "external_images": [],
    "entities": {
        "persons": [
            {
                "name": "vidya raman-tangella",
                "sentiment": "none"
            }
        ],
        "organizations": [
            {
                "name": "teladoc health is providing free virtual health care services",
                "sentiment": "neutral"
            },
            {
                "name": "teladoc health",
                "sentiment": "none"
            }
        ],
        "locations": [
            {
                "name": "new mexico",
                "sentiment": "none"
            },
            {
                "name": "ny",
                "sentiment": "none"
            }
        ]
    },
    "rating": null,
    "crawled": "2024-06-22T02:16:31.174+03:00",
    "updated": "2024-06-22T02:16:31.174+03:00"
}