{
    "thread": {
        "uuid": "b06140ddb4e683a669ca89fbe24e6a8bf69585de",
        "url": "https://menafn.com/1108355661/New-Leaf-Tree-Service-Helps-Storm-Victims-In-Louisville-And-Surrounding-Areas-With-Emergency-Tree-Removal",
        "site_full": "menafn.com",
        "site": "menafn.com",
        "site_section": "http://www.menafn.com/rss/menafn_Economy.xml",
        "site_categories": [
            "investing",
            "financial_news",
            "finance"
        ],
        "section_title": "MENAFN.com Economy",
        "title": "New Leaf Tree Service Helps Storm Victims In Louisville And Surrounding Areas With Emergency Tree Removal",
        "title_full": "New Leaf Tree Service Helps Storm Victims In Louisville And Surrounding Areas With Emergency Tree Removal",
        "published": "2024-06-20T08:45:00.000+03:00",
        "replies_count": 0,
        "participants_count": 1,
        "site_type": "news",
        "country": "US",
        "main_image": "https://menafn.com/includes/img/logo.jpg",
        "performance_score": 0,
        "domain_rank": 6560,
        "domain_rank_updated": "2024-06-18T13:08:21.000+03:00",
        "reach": null,
        "social": {
            "facebook": {
                "likes": 0,
                "comments": 0,
                "shares": 0
            },
            "gplus": {
                "shares": 0
            },
            "pinterest": {
                "shares": 0
            },
            "linkedin": {
                "shares": 0
            },
            "stumbledupon": {
                "shares": 0
            },
            "vk": {
                "shares": 0
            }
        }
    },
    "uuid": "b06140ddb4e683a669ca89fbe24e6a8bf69585de",
    "url": "https://menafn.com/1108355661/New-Leaf-Tree-Service-Helps-Storm-Victims-In-Louisville-And-Surrounding-Areas-With-Emergency-Tree-Removal",
    "ord_in_thread": 0,
    "parent_url": null,
    "author": "MENAFN",
    "published": "2024-06-20T08:45:00.000+03:00",
    "title": "New Leaf Tree Service Helps Storm Victims In Louisville And Surrounding Areas With Emergency Tree Removal",
    "text": "( MENAFN - GlobeNewsWire - Nasdaq) New Leaf Tree Service assists storm victims with swift and professional solutions, safely handling damaged/fallen trees and breaking down insurance claims.\nLouisville, KY, June 20, 2024 (GLOBE NEWSWIRE) -- Storms strike and leave a trail of devastation in their wake, often causing significant damage to property, homes, and trees. The aftermath is overwhelming for homeowners who face the daunting task of clearing fallen trees, repairing structural damage, and restoring their property.\nIn times of crisis, having Emergency Tree Services in Louisville is crucial and New Leaf Tree Service stands ready to assist storm victims, providing swift and professional solutions. The service helps homeowners deal with damaged/fallen trees quickly and safely. In many cases, they can remove a tree without causing further damage to a property.\nAfter powerful winds, heavy rain, or lighting, homeowners can identify when a tree may threaten the surrounding properties or lives. If a tree is leaning, damaged, blocking a road or path, or is in danger of falling, they should consider emergency removal services.\nNew Leaf Tree Service comprises experienced professionals offering tree pruning/trimming, stump grinding, tree plant/healthcare, and other tree care services. The team believes in caring for the environment by maintaining tree health.\nThe certified arborist can assess the damage and determine the best course of action to keep families, pets, and everyone safe. The team first safely and efficiently removes the tree or branch using a crane or other heavy machinery before cleaning up debris and hauling it away, leaving clients with clean and safe spaces.\nHomeowners can file a claim with their insurance company to pay for tree removal and repairs if there's extensive damage to a home. While this process is time-consuming, New Leaf Tree Service can Help with insurance claims , demystifying common misconceptions about tree damage policies.\nAs a one-stop shop for all tree care needs, New Leaf Tree Service prioritizes clients' requests and ensures they receive personalized solutions. This has earned them many 5-star reviews.\n“A few weeks ago during the many storms that passed through Louisville, a neighbor's tree had a branch snap and land on my garage roof... New Leaf responded to me the fastest and their quote was the most affordable... They came out and took care of the limb and I couldn't be more satisfied. Quick, Painless, Affordable, and Done Correctly...” Randy, Satisfied Client.\nNew Leaf Tree Service is a member of the Tree Care Industry Association (TCIA) and the International Society of Arboriculture (ISA). It is also fully insured and bonded, so clients can rest assured that their property is in good hands.\nAbout New Leaf Tree Service\nNew Leaf Tree Service is a family-owned and operated tree care company providing property owners with high-quality services. The team offers fast response times to all clients, answers questions promptly, and finds the best solutions for their needs. As a trusted, local, and respected arborist, the company serves Louisville, Prospect, Goshen, La Grange, Crestwood, and surrounding areas in Kentucky.\nMedia Contact:\nCompany Name: New Leaf Tree Service\nContact Person: Tyler Shehan\nPhone: (502) 419-9899\nAddress: 4124 Bishop Ln 103 Louisville\nCity: Louisville\nState: KY\nPostal Code: 40218\nCountry: USA\nWebsite:\nMENAFN20062024004107003653ID1108355661",
    "highlightText": "",
    "highlightTitle": "",
    "highlightThreadTitle": "",
    "language": "english",
    "sentiment": "positive",
    "categories": [
        "Disaster and Accident",
        "Human Interest"
    ],
    "webz_reporter": false,
    "external_links": [],
    "external_images": [],
    "entities": {
        "persons": [],
        "organizations": [
            {
                "name": "emergency tree services",
                "sentiment": "none"
            },
            {
                "name": "new leaf tree service",
                "sentiment": "none"
            }
        ],
        "locations": [
            {
                "name": "louisville",
                "sentiment": "none"
            },
            {
                "name": "ky",
                "sentiment": "none"
            }
        ]
    },
    "rating": null,
    "crawled": "2024-06-21T05:38:44.164+03:00",
    "updated": "2024-06-21T05:38:44.164+03:00"
}