{
    "thread": {
        "uuid": "5bd613986dbb7f5b0827783d11e7f938e2d57e54",
        "url": "https://vnexplorer.net/z/919603.html",
        "site_full": "vnexplorer.net",
        "site": "vnexplorer.net",
        "site_section": "https://vnexplorer.net/latest",
        "site_categories": [
            "health",
            "cold_and_flu"
        ],
        "section_title": "Latest breaking 24h news around the world - VNExplorer",
        "title": "Rescatan a 80 personas tras inundaciones en Santa Catarina, NL",
        "title_full": "Rescatan a 80 personas tras inundaciones en Santa Catarina, NL",
        "published": "2024-06-21T00:07:00.000+03:00",
        "replies_count": 0,
        "participants_count": 1,
        "site_type": "news",
        "country": "VN",
        "main_image": "https://img-s-msn-com.akamaized.net/tenant/amp/entityid/BB1oC1kp.img",
        "performance_score": 0,
        "domain_rank": 82409,
        "domain_rank_updated": "2024-06-18T13:08:29.000+03:00",
        "reach": null,
        "social": {
            "facebook": {
                "likes": 0,
                "comments": 0,
                "shares": 0
            },
            "gplus": {
                "shares": 0
            },
            "pinterest": {
                "shares": 0
            },
            "linkedin": {
                "shares": 0
            },
            "stumbledupon": {
                "shares": 0
            },
            "vk": {
                "shares": 0
            }
        }
    },
    "uuid": "5bd613986dbb7f5b0827783d11e7f938e2d57e54",
    "url": "https://vnexplorer.net/z/919603.html",
    "ord_in_thread": 0,
    "parent_url": null,
    "author": "VNExplorer",
    "published": "2024-06-21T00:07:00.000+03:00",
    "title": "Rescatan a 80 personas tras inundaciones en Santa Catarina, NL",
    "text": "El municipio, encabezado por el alcalde Jesús Nava Rivera, informó que las personas fueron trasladadas a albergues del DIF Santa Catarina. Foto tomada de X. Monterrey, NL. Al menos 80 personas fueron rescatadas por elementos de Protección Civil del Grupo Jaguares del municipio de Santa Catarina en la colonia El Escorial, luego de que sus domicilios resultaron inundados por las fuertes precipitaciones que ha dejado a su paso la depresión tropical Alberto. El municipio, encabezado por el alcalde Jesús Nava Rivera, informó que las personas fueron trasladadas a albergues del DIF Santa Catarina, luego de que sus hogares resultaron afectados por los escurrimientos causados por las lluvias. Asimismo, se informó que el director de la corporación de auxilio municipal, Israel Contreras Vásquez, señaló que la labor de apoyo se dio a adultos, menores de edad y embarazadas, quienes fueron llevados a los refugios temporales en el centro de la ciudad y en el gimnasio Santa Catarina 2000. De igual forma el titular del cuerpo de rescate señaló que la gran mayoría de las personas rescatadas en la colonia, El Escorial se quedaron en los albergues municipales y sólo cuatro optaron por irse a las casas de otros familiares. El emecista finalizó que al momento se mantiene saldo blanco en el municipio y resaltó que se mantendrán los protocolos de atención a la comunidad.",
    "highlightText": "",
    "highlightTitle": "",
    "highlightThreadTitle": "",
    "language": "spanish",
    "sentiment": "positive",
    "categories": [
        "Health",
        "Human Interest",
        "Disaster and Accident"
    ],
    "webz_reporter": false,
    "external_links": [],
    "external_images": [],
    "entities": {
        "persons": [],
        "organizations": [],
        "locations": []
    },
    "rating": null,
    "crawled": "2024-06-21T08:08:04.973+03:00",
    "updated": "2024-06-21T08:08:04.973+03:00"
}