{
    "thread": {
        "uuid": "cc1f7f3bf0350a95805de3c10edc5b0a0bb17768",
        "url": "https://menafn.com/1108352272/Reinsurance-Can-Significantly-Improve-Azerbaijans-Resilience-Swiss-Re-Europe",
        "site_full": "menafn.com",
        "site": "menafn.com",
        "site_section": "http://www.menafn.com/rss/menafn_Business_Finance.xml",
        "site_categories": [
            "investing",
            "financial_news",
            "finance"
        ],
        "section_title": "Dukhan Bank Attains International Security Certifications",
        "title": "Reinsurance Can Significantly Improve Azerbaijan's Resilience - Swiss Re Europe",
        "title_full": "Reinsurance Can Significantly Improve Azerbaijan's Resilience - Swiss Re Europe",
        "published": "2024-06-20T05:19:00.000+03:00",
        "replies_count": 0,
        "participants_count": 1,
        "site_type": "news",
        "country": "US",
        "main_image": "https://menafn.com/updates/pr/2024-06/20/TNA_9d2fdimage_story.jfif",
        "performance_score": 0,
        "domain_rank": 6560,
        "domain_rank_updated": "2024-06-18T13:08:21.000+03:00",
        "reach": null,
        "social": {
            "facebook": {
                "likes": 0,
                "comments": 0,
                "shares": 0
            },
            "gplus": {
                "shares": 0
            },
            "pinterest": {
                "shares": 0
            },
            "linkedin": {
                "shares": 0
            },
            "stumbledupon": {
                "shares": 0
            },
            "vk": {
                "shares": 0
            }
        }
    },
    "uuid": "cc1f7f3bf0350a95805de3c10edc5b0a0bb17768",
    "url": "https://menafn.com/1108352272/Reinsurance-Can-Significantly-Improve-Azerbaijans-Resilience-Swiss-Re-Europe",
    "ord_in_thread": 0,
    "parent_url": null,
    "author": "MENAFN",
    "published": "2024-06-20T05:19:00.000+03:00",
    "title": "Reinsurance Can Significantly Improve Azerbaijan's Resilience - Swiss Re Europe",
    "text": "( MENAFN - Trend News Agency) BAKU, Azerbaijan, June 20. Reinsurance can significantly improve Azerbaijan's resilience by minimizing financial risks and contributing to the stability of the insurance market, Senior Client Underwriter for Northern Europe and the CIS, Vice President for Reinsurance at Swiss Re Europe (Germany) Gepa Jansen-Klaus said, Trend reports.\nShe made the remark during the panel discussion“Insurance under the influence of climate change” within the Azerbaijan International Insurance Forum-2024 (AIIF-2024) today in Baku.\n\"This not only bolsters the nation's economy, but also offers added security for infrastructure projects and businesses. Reinsurers need to enhance their expertise in this field in order to narrow the difference between projected and real losses. In addition, it is crucial that insurance rates for protection against natural disasters accurately account for all potential risks. This is crucial for ensuring the stability of the insurance market,” she emphasized.\nWill be updated\nMENAFN20062024000187011040ID1108352272",
    "highlightText": "",
    "highlightTitle": "",
    "highlightThreadTitle": "",
    "language": "english",
    "sentiment": "positive",
    "categories": [
        "Disaster and Accident",
        "Economy, Business and Finance",
        "Environment"
    ],
    "webz_reporter": false,
    "external_links": [],
    "external_images": [],
    "entities": {
        "persons": [
            {
                "name": "gepa jansen-klaus",
                "sentiment": "none"
            }
        ],
        "organizations": [
            {
                "name": "azerbaijan international insurance forum",
                "sentiment": "none"
            },
            {
                "name": "cis",
                "sentiment": "none"
            }
        ],
        "locations": [
            {
                "name": "azerbaijan",
                "sentiment": "none"
            },
            {
                "name": "baku",
                "sentiment": "none"
            },
            {
                "name": "northern europe",
                "sentiment": "none"
            },
            {
                "name": "europe",
                "sentiment": "none"
            },
            {
                "name": "baku",
                "sentiment": "none"
            },
            {
                "name": "germany",
                "sentiment": "none"
            }
        ]
    },
    "rating": null,
    "crawled": "2024-06-21T08:01:31.855+03:00",
    "updated": "2024-06-21T08:01:31.855+03:00"
}