{
    "thread": {
        "uuid": "f77d4b774edd4262962da9d7f7bceb8e1512c016",
        "url": "https://www.einnews.com/pr_news/721637831/american-bar-association-offers-free-legal-aid-to-kentucky-storm-survivors",
        "site_full": "www.einnews.com",
        "site": "einnews.com",
        "site_section": "http://floods.einnews.com",
        "site_categories": [
            "search_engine",
            "tech"
        ],
        "section_title": "Floods Newswire - Floods News Today - EIN Presswire",
        "title": "American Bar Association Offers Free Legal Aid to Kentucky Storm Survivors - Floods News Today - EIN Presswire",
        "title_full": "American Bar Association Offers Free Legal Aid to Kentucky Storm Survivors - Floods News Today - EIN Presswire",
        "published": "2024-06-21T00:49:00.000+03:00",
        "replies_count": 0,
        "participants_count": 1,
        "site_type": "news",
        "country": "US",
        "main_image": "https://www.fema.gov/sites/default/files/2020-04/fema_logo_horizontal.png",
        "performance_score": 0,
        "domain_rank": 3194,
        "domain_rank_updated": "2024-06-18T13:08:21.000+03:00",
        "reach": null,
        "social": {
            "facebook": {
                "likes": 0,
                "comments": 0,
                "shares": 0
            },
            "gplus": {
                "shares": 0
            },
            "pinterest": {
                "shares": 0
            },
            "linkedin": {
                "shares": 0
            },
            "stumbledupon": {
                "shares": 0
            },
            "vk": {
                "shares": 0
            }
        }
    },
    "uuid": "f77d4b774edd4262962da9d7f7bceb8e1512c016",
    "url": "https://www.einnews.com/pr_news/721637831/american-bar-association-offers-free-legal-aid-to-kentucky-storm-survivors",
    "ord_in_thread": 0,
    "parent_url": null,
    "author": "EIN News",
    "published": "2024-06-21T00:49:00.000+03:00",
    "title": "American Bar Association Offers Free Legal Aid to Kentucky Storm Survivors - Floods News Today - EIN Presswire",
    "text": "American Bar Association Offers Free Legal Aid to Kentucky Storm Survivors FRANKFORT, Ky . – Free legal assistance is available to disaster survivors in Boyd, Carter, Fayette, Greenup, Henry, Jefferson, Jessamine, Mason, Oldham, Union and Whitley counties who were affected by the April 2, severe storms, straight-line winds, tornadoes, landslides and mudslides throughout Kentucky.\nKentuckians who need help can call 859-993-0300 , 8:30 a.m. -- noon; 1:00 -- 4:30 p.m. EST, Monday through Friday . If after business hours, survivors can leave a message and calls may be returned on the next business day. The hotline is available to connect survivors to free legal services in qualifying counties who cannot afford an attorney.\nLegal Aid may be able to help survivors in the following ways:\nFEMA and SBA financial benefits; Home repair contracts and property insurance claims; Re-doing wills and other important legal documents destroyed in the disaster; Price gouging, scams or identity theft; Landlord or tenant problems, or threats of foreclosure; and Disability-related access to federal, state and local disaster programs. The Disaster Legal Services (DLS) program works with state and local partners to provide free legal help for low-income disaster survivors. The service is a partnership between the American Bar Association Young Lawyers Division, FEMA, and various organizations and volunteer attorneys.\nFor the latest information on Kentucky’s recovery from the April 2 severe storms, straight-line winds, tornadoes, landslides and mudslides, please visit fema.gov/disaster/4782 . Follow FEMA on X, formerly called Twitter, at twitter.com/femaregion4 and at facebook.com/fema .",
    "highlightText": "",
    "highlightTitle": "",
    "highlightThreadTitle": "",
    "language": "english",
    "sentiment": "positive",
    "categories": [
        "Human Interest",
        "Disaster and Accident"
    ],
    "webz_reporter": false,
    "external_links": [
        "https://www.fema.gov/disaster/4782",
        "https://twitter.com/femaregion4",
        "http://www.facebook.com/fema",
        "https://fema.gov/disaster/4782",
        "https://www.twitter.com/femaregion4",
        "http://facebook.com/fema"
    ],
    "external_images": [],
    "entities": {
        "persons": [
            {
                "name": "whitley",
                "sentiment": "none"
            },
            {
                "name": "mason",
                "sentiment": "none"
            },
            {
                "name": "jefferson",
                "sentiment": "none"
            },
            {
                "name": "carter",
                "sentiment": "none"
            },
            {
                "name": "henry",
                "sentiment": "none"
            },
            {
                "name": "greenup",
                "sentiment": "none"
            }
        ],
        "organizations": [
            {
                "name": "ein presswire american bar association offers free legal aid",
                "sentiment": "negative"
            },
            {
                "name": "american bar association offers free legal aid",
                "sentiment": "negative"
            },
            {
                "name": "fema",
                "sentiment": "none"
            },
            {
                "name": "sba",
                "sentiment": "none"
            },
            {
                "name": "union",
                "sentiment": "none"
            }
        ],
        "locations": [
            {
                "name": "kentucky",
                "sentiment": "none"
            },
            {
                "name": "frankfort",
                "sentiment": "none"
            },
            {
                "name": "ky",
                "sentiment": "none"
            },
            {
                "name": "oldham",
                "sentiment": "none"
            },
            {
                "name": "boyd",
                "sentiment": "none"
            },
            {
                "name": "fayette",
                "sentiment": "none"
            }
        ]
    },
    "rating": null,
    "crawled": "2024-06-21T02:07:38.862+03:00",
    "updated": "2024-06-21T02:07:38.862+03:00"
}