{
    "thread": {
        "uuid": "d4c7cc98ac135f103b7ba6629c6ed896b172f1bd",
        "url": "https://vnexplorer.net/z/938537.html",
        "site_full": "vnexplorer.net",
        "site": "vnexplorer.net",
        "site_section": "https://vnexplorer.net/ar",
        "site_categories": [
            "health",
            "cold_and_flu"
        ],
        "section_title": "AR - VNExplorer",
        "title": "Lluvias de Alberto llenan presas y alivian la sequía en Nuevo León",
        "title_full": "Lluvias de Alberto llenan presas y alivian la sequía en Nuevo León",
        "published": "2024-06-21T22:39:00.000+03:00",
        "replies_count": 0,
        "participants_count": 1,
        "site_type": "news",
        "country": "VN",
        "main_image": "https://img-s-msn-com.akamaized.net/tenant/amp/entityid/BB1oFy2X.img",
        "performance_score": 0,
        "domain_rank": 82409,
        "domain_rank_updated": "2024-06-18T13:08:29.000+03:00",
        "reach": null,
        "social": {
            "facebook": {
                "likes": 0,
                "comments": 0,
                "shares": 0
            },
            "gplus": {
                "shares": 0
            },
            "pinterest": {
                "shares": 0
            },
            "linkedin": {
                "shares": 0
            },
            "stumbledupon": {
                "shares": 0
            },
            "vk": {
                "shares": 0
            }
        }
    },
    "uuid": "d4c7cc98ac135f103b7ba6629c6ed896b172f1bd",
    "url": "https://vnexplorer.net/z/938537.html",
    "ord_in_thread": 0,
    "parent_url": null,
    "author": "VNExplorer",
    "published": "2024-06-21T22:39:00.000+03:00",
    "title": "Lluvias de Alberto llenan presas y alivian la sequía en Nuevo León",
    "text": "La tormenta tropical Alberto ha traído un alivio significativo a Nuevo León, registrando más de 500 milímetros de lluvia en algunas zonas del estado. Este fin de semana se espera que continúen las precipitaciones, con una proyección de 100 a 150 mm adicionales debido a la posible formación de un nuevo ciclón que podría llegar el domingo. Impacto de Alberto en las presas de Nuevo León Las lluvias derivadas de Alberto han sido cruciales para las presas de Nuevo León, que enfrentaban una situación crítica por la sequía. En una rueda de prensa, el gobernador Samuel García ofreció un balance de las precipitaciones hasta la mañana del viernes. “Hay zonas que llovieron más de 500 milímetros y ahorita les voy a explicar que vienen otros 100 o 150 mm más el fin de semana. Además, hay que estar atentos porque ya está a un 60% la probabilidad de que en 48 horas se forme otro disturbio”, indicó. García mencionó que, aunque el nuevo ciclón tropical no será tan fuerte como Alberto, cualquier disturbio podría traer más lluvias, con acumulaciones adicionales de 100 a 200 mm. Reanudación de actividades en Nuevo León Samuel García también informó que las labores normales se han reanudado a partir del viernes 21 de junio, tras los estragos causados por Alberto. “Hoy se reanudaron labores, se reanudó el transporte, por eso ya no hubo un acuerdo de prórroga. Sin embargo, se recomienda el home office y evitar salir si no es necesario”, apuntó el gobernador. Las clases se reactivarán hasta el próximo lunes para evitar riesgos entre la población estudiantil. Te puede interesar: Alberto se degrada a baja presión remanente, pero seguirán las lluvias Estado actual de las presas El gobernador detalló el nivel de capacidad de las presas tras las lluvias: Presa Cerro Prieto en Linares está al 30% de su capacidad. La Boca se encuentra al 105%, con la compuerta abierta para el desfogue hacia El Cuchillo. Presa El Cuchillo tiene 512 millones de metros cúbicos, alcanzando el 45% de su capacidad a las 6 de la mañana, con una estimación de llegar al 50% al mediodía del viernes. Presa Libertad está al 22% de su capacidad. “Este es el corte, hoy viernes. Fue el escenario optimista que vimos el lunes”, mencionó García. Pronóstico y recomendaciones El gobernador enfatizó que la lluvia seguirá llegando hasta al menos el próximo jueves, y pidió a la población mantenerse alerta y tomar precauciones. La llegada de nuevas lluvias será monitoreada de cerca para gestionar adecuadamente el impacto en las áreas urbanas y rurales del estado. En resumen, las precipitaciones traídas por la tormenta tropical Alberto han sido un alivio bienvenido para Nuevo León, llenando las presas y aliviando la sequía. Sin embargo, las autoridades permanecen vigilantes ante la posibilidad de más lluvias y sus potenciales efectos. ЎГљnete a nuestro canal de Telegram! Las noticias mГЎs relevantes del dГ­a directamente en tu dispositivo mГіvil.",
    "highlightText": "",
    "highlightTitle": "",
    "highlightThreadTitle": "",
    "language": "spanish",
    "sentiment": "positive",
    "categories": [
        "Disaster and Accident",
        "Weather",
        "Environment"
    ],
    "webz_reporter": false,
    "external_links": [],
    "external_images": [],
    "entities": {
        "persons": [],
        "organizations": [],
        "locations": []
    },
    "rating": null,
    "crawled": "2024-06-22T06:42:56.963+03:00",
    "updated": "2024-06-22T06:42:56.963+03:00"
}