{
    "thread": {
        "uuid": "561644c46c9182f17ec21fc056837ae141fd91d4",
        "url": "https://markets.financialcontent.com/stocks/article/247pressrelease-2024-6-21-cell-over-satellite-responds-to-recent-massachusetts-911-outages-with-advanced-emergency-solutions",
        "site_full": "markets.financialcontent.com",
        "site": "financialcontent.com",
        "site_section": "https://markets.financialcontent.com/stocks/markets/news?provider=247pressrelease",
        "site_categories": [
            "financial_news",
            "finance"
        ],
        "section_title": "Stock Market News | NSDQ, NYSE, and AMEX Stock Market News, Market News Categories, Market Indicators | FinancialContent Business Page ",
        "title": "Cell Over Satellite Responds to Recent Massachusetts 911 Outages with Advanced Emergency Solutions | FinancialContent Business Page",
        "title_full": "Cell Over Satellite Responds to Recent Massachusetts 911 Outages with Advanced Emergency Solutions | FinancialContent Business Page",
        "published": "2024-06-21T15:00:00.000+03:00",
        "replies_count": 0,
        "participants_count": 1,
        "site_type": "news",
        "country": "US",
        "main_image": "",
        "performance_score": 0,
        "domain_rank": 6080,
        "domain_rank_updated": "2024-06-18T13:08:21.000+03:00",
        "reach": null,
        "social": {
            "facebook": {
                "likes": 0,
                "comments": 0,
                "shares": 0
            },
            "gplus": {
                "shares": 0
            },
            "pinterest": {
                "shares": 0
            },
            "linkedin": {
                "shares": 0
            },
            "stumbledupon": {
                "shares": 0
            },
            "vk": {
                "shares": 0
            }
        }
    },
    "uuid": "561644c46c9182f17ec21fc056837ae141fd91d4",
    "url": "https://markets.financialcontent.com/stocks/article/247pressrelease-2024-6-21-cell-over-satellite-responds-to-recent-massachusetts-911-outages-with-advanced-emergency-solutions",
    "ord_in_thread": 0,
    "parent_url": null,
    "author": "24-7 Press Release",
    "published": "2024-06-21T15:00:00.000+03:00",
    "title": "Cell Over Satellite Responds to Recent Massachusetts 911 Outages with Advanced Emergency Solutions | FinancialContent Business Page",
    "text": "Addressing 911 Failures: Cell Over Satellite Highlights the Importance of Backup Communication Systems or Business Continuity as a Service\nBOSTON, MA, June 21, 2024 /24-7PressRelease/ -- Cell Over Satellite, a leading provider of emergency communication solutions, addresses the recent 911 outages in Massachusetts, emphasizing the importance of reliable and resilient emergency communication systems.\nOn April 12, 2024, a network issue at a State 911 Department data center caused a significant outage affecting approximately one-quarter of the state's 911 call centers, disrupting emergency services in communities like Plymouth and Norwell​ (John Guilfoil Public Relations LLC)​​ (Yahoo)​. Just days ago, on June 18, 2024, another statewide outage occurred, impacting 911 services for nearly two hours and leaving first responders scrambling to manage emergency calls through alternative contact methods​ (Daily Voice)​​ (GovTech)​.\nCell Over Satellite's innovative solutions ensure continuous emergency communication by leveraging satellite technology, providing a crucial backup when traditional networks fail. There is no solution for congestion, network failure, and technology failure. We can't solve those issues, so we go around them. Our systems are designed to switch to satellite networks if terrestrial connections go down, offering robust redundancy that keeps emergency lines open when needed most. Today, you can easily turn every cell phone at a location into a powerful satellite phone and everyone will know how to reach you.\n\"The recent 911 outages highlight the urgent need for dependable emergency communication systems,\" said Jim Gledhill, CEO of Cell Over Satellite. \"Our technology ensures that 911 services remain operational, providing peace of mind to emergency responders and the public. For the last 15 years none of our protected 911 centers has ever gone offline.\"\nCell Over Satellite's solutions are essential when natural disasters or technical failures disrupt traditional communication networks. By integrating satellite technology, we enhance the resilience of emergency services, safeguarding communities against similar outages in the future.\nFor more information about Cell Over Satellite and our emergency communication solutions, please visit www.celloversatellite.com/7 .\nCell Over Satellite is dedicated to providing cutting-edge communication solutions that ensure continuous connectivity for emergency services. Our technology, which integrates satellite and terrestrial networks, delivers reliable and secure communication channels essential for public safety.\nCell Over Satellite, a division of Disaster Recovery Center, Inc. provides proven patented technology that keeps everyone at a site or campus connected to the rest of the world, no matter what.\nContact:\nJim Gledhill, President\nCell Over Satellite - Business Continuity as a Service (BCaaS)\njimg@celloversatellite.com\n888-600-0973\n---\nPress release service and press release distribution provided by https://www.24-7pressrelease.com",
    "highlightText": "",
    "highlightTitle": "",
    "highlightThreadTitle": "",
    "language": "english",
    "sentiment": "positive",
    "categories": [
        "Science and Technology",
        "Disaster and Accident"
    ],
    "webz_reporter": false,
    "external_links": [
        "https://www.24-7pressrelease.com",
        "https://tracking.newsrpm.com/pixel?slug=247pressrelease-2024-6-21-cell-over-satellite-responds-to-recent-massachusetts-911-outages-with-advanced-emergency-solutions",
        "http://www.celloversatellite.com/7",
        "http://celloversatellite.com/7",
        "https://24-7pressrelease.com",
        "https://www.tracking.newsrpm.com/pixel?slug=247pressrelease-2024-6-21-cell-over-satellite-responds-to-recent-massachusetts-911-outages-with-advanced-emergency-solutions",
        "https://tracking.newsrpm.com/pixel"
    ],
    "external_images": [],
    "entities": {
        "persons": [],
        "organizations": [
            {
                "name": "plymouth",
                "sentiment": "none"
            },
            {
                "name": "norwell​ (john guilfoil public relations llc",
                "sentiment": "none"
            }
        ],
        "locations": [
            {
                "name": "massachusetts",
                "sentiment": "none"
            },
            {
                "name": "ma",
                "sentiment": "none"
            },
            {
                "name": "boston",
                "sentiment": "none"
            }
        ]
    },
    "rating": null,
    "crawled": "2024-06-22T01:40:21.769+03:00",
    "updated": "2024-06-22T01:40:21.769+03:00"
}