{
    "thread": {
        "uuid": "034f02ea75be5709cdf8e0c776f7a57a507b5788",
        "url": "https://globorural.globo.com/pecuaria/noticia/2024/06/criadores-de-gado-lancam-campanha-para-ajudar-atingidos-por-enchentes-no-rs.ghtml",
        "site_full": "globorural.globo.com",
        "site": "globo.com",
        "site_section": "https://globorural.globo.com",
        "site_categories": [
            "top_news"
        ],
        "section_title": "Globo Rural | O agro de ponta a ponta",
        "title": "Criadores de gado lançam campanha para ajudar atingidos por enchentes no RS",
        "title_full": "Criadores de gado lançam campanha para ajudar atingidos por enchentes no RS",
        "published": "2024-06-21T22:20:00.000+03:00",
        "replies_count": 0,
        "participants_count": 0,
        "site_type": "news",
        "country": "BR",
        "main_image": "https://s2-globorural.glbimg.com/aUTnMZ35cvNNy5TqtPCHxdAM66Q=/1200x/smart/filters:cover():strip_icc()/i.s3.glbimg.com/v1/AUTH_afe5c125c3bb42f0b5ae633b58923923/internal_photos/bs/2024/C/u/F5jaDDQpuydqTnQ78qRw/whatsapp-image-2024-06-21-at-16.57.35.jpeg",
        "performance_score": 0,
        "domain_rank": 744,
        "domain_rank_updated": "2024-06-18T13:08:21.000+03:00",
        "reach": null,
        "social": {
            "facebook": {
                "likes": 0,
                "comments": 0,
                "shares": 0
            },
            "gplus": {
                "shares": 0
            },
            "pinterest": {
                "shares": 0
            },
            "linkedin": {
                "shares": 0
            },
            "stumbledupon": {
                "shares": 0
            },
            "vk": {
                "shares": 0
            }
        }
    },
    "uuid": "034f02ea75be5709cdf8e0c776f7a57a507b5788",
    "url": "https://globorural.globo.com/pecuaria/noticia/2024/06/criadores-de-gado-lancam-campanha-para-ajudar-atingidos-por-enchentes-no-rs.ghtml",
    "ord_in_thread": 0,
    "parent_url": null,
    "author": null,
    "published": "2024-06-21T22:20:00.000+03:00",
    "title": "Criadores de gado lançam campanha para ajudar atingidos por enchentes no RS",
    "text": "A Associação Brasileira de Hereford e Braford (ABHB) vai promover uma campanha de doações para os atingidos nas chuvas no Rio Grande do Sul em sua exposição nacional, que acontece em Bagé (RS) até este domingo, 23 de junho. Mais Sobre Chuvas no Rio Grande do Sul Enchentes no RS e impactos no agronegócio: a importância das Cláusulas de Washout em contratos Chuvas no Rio Grande do Sul: Estado emite novo alerta para inundações Veja Mais A “Campanha Nacional Solidária” vai destinar cestas básicas às famílias desalojadas ou desabrigadas. Assim, além da aquisição de uma quantidade de cestas, a ABHB aproveitará o encontro de sócios, criadores e demais envolvidos com o evento para convidá-los também a doar quantias que serão revertidas em alimentos. “Estamos aqui no Sindicato Rural de Bagé para mais uma Nacional Hereford e Braford, e dessa vez uma Nacional diferente, solidária”, destacou o presidente da ABHB, Eduardo Soares. Os interessados podem escolher a quantidade de cestas que desejarem e repassar o valor para a ABHB. O custo de cada cesta cotada pela ABHB é de R$ 71,90. Pelas redes sociais da entidade ou em cartazes no Sindicato Rural, os interessados podem localizar o QR Code para fazer a doação. A chave pix é um e-mail: tesouraria.hereford@braford.com Todas as cestas adquiridas ficarão em local específico, no parque, até o encerramento do evento. Exposição Nacional A Exposição Nacional Hereford e Braford acontece de 16 a 23 de junho no Parque de Exposições Visconde de Ribeiro Magalhães, em Bagé (RS). O evento, organizado pela Associação Brasileira de Hereford e Braford (ABHB), traz uma programação diversificada, onde os visitantes poderão apreciar julgamentos, participar de palestras e também degustar a Carne Hereford. São 455 animais inscritos das raças Hereford e Braford pertencentes a 63 cabanhas, sendo 12 delas estreantes. *Sob orientação de Marcelo Beledeli Mais recente Próxima Legislação brasileira é maior freio para a rastreabilidade pecuária, diz JBS",
    "highlightText": "",
    "highlightTitle": "",
    "highlightThreadTitle": "",
    "language": "portuguese",
    "sentiment": "positive",
    "categories": [
        "Human Interest",
        "Social Issue",
        "Disaster and Accident"
    ],
    "webz_reporter": false,
    "external_links": [],
    "external_images": [],
    "entities": {
        "persons": [],
        "organizations": [],
        "locations": []
    },
    "rating": null,
    "crawled": "2024-06-22T00:10:23.122+03:00",
    "updated": "2024-06-22T00:10:23.122+03:00"
}