{
    "thread": {
        "uuid": "46661d97f6db2c6ecdce2ecee4697ef5cc482f2a",
        "url": "https://www.dutchnews.nl/2024/06/elderly-tourist-found-alive-in-spain-after-night-in-the-open",
        "site_full": "www.dutchnews.nl",
        "site": "dutchnews.nl",
        "site_section": "http://indonesia.shafaqna.com/rss.xml",
        "site_categories": [
            "media"
        ],
        "section_title": "Indonesia Berita (News reader) | ",
        "title": "Elderly tourist found alive in Spain after night in the open - DutchNews.nl",
        "title_full": "Elderly tourist found alive in Spain after night in the open - DutchNews.nl",
        "published": "2024-06-21T03:00:00.000+03:00",
        "replies_count": 0,
        "participants_count": 1,
        "site_type": "news",
        "country": "NL",
        "main_image": "https://www.dutchnews.nl/wpcms/wp-content/uploads/2024/01/Depositphotos_71403569_XL-scaled.jpg",
        "performance_score": 0,
        "domain_rank": 6629,
        "domain_rank_updated": "2024-06-18T13:08:21.000+03:00",
        "reach": null,
        "social": {
            "facebook": {
                "likes": 0,
                "comments": 0,
                "shares": 0
            },
            "gplus": {
                "shares": 0
            },
            "pinterest": {
                "shares": 0
            },
            "linkedin": {
                "shares": 0
            },
            "stumbledupon": {
                "shares": 0
            },
            "vk": {
                "shares": 0
            }
        }
    },
    "uuid": "46661d97f6db2c6ecdce2ecee4697ef5cc482f2a",
    "url": "https://www.dutchnews.nl/2024/06/elderly-tourist-found-alive-in-spain-after-night-in-the-open",
    "ord_in_thread": 0,
    "parent_url": null,
    "author": "Hanneke Sanou",
    "published": "2024-06-21T03:00:00.000+03:00",
    "title": "Elderly tourist found alive in Spain after night in the open - DutchNews.nl",
    "text": "Elderly tourist found alive in Spain after night in the open A 75-year-old Dutch tourist who went missing in a mountainous area in southern Spain on Wednesday has been found alive, local Spanish [media](https://www.axarquiaplus.es/rescatan-a-un-anciano-holandes-con-alzheimer-en-murcia-tras-perderse-en-un-viaje-de-alicante-a-malaga/) reported. The man, who suffers from Alzheimer’s disease, was on a journey from Alicante to Malaga with his family and had stopped at a local look-out point in the Ricote Valley in Murcia when he wandered off. Rescue workers mounted an intensive search but only found him after drone footage showed the man walking around aimlessly the next day. He was exhausted, Gurdia Civil officers said, but otherwise unhurt. The case is the last in a spate of incidents involving missing tourists. Several tourists have [died](https://www.dutchnews.nl/2024/06/dutch-tourist-found-dead-in-car-in-crete/) from heat-related incidents in Greece and some are still missing. Thank you for donating to DutchNews.nl. We could not provide the Dutch News service, and keep it free of charge, without the generous support of our readers. Your donations allow us to report on issues you tell us matter, and provide you with a summary of the most important Dutch news each day. [Make a donation](/donate-to-dutchnews-nl)",
    "highlightText": "",
    "highlightTitle": "",
    "highlightThreadTitle": "",
    "language": "english",
    "sentiment": "positive",
    "categories": [
        "Human Interest",
        "Disaster and Accident"
    ],
    "webz_reporter": false,
    "external_links": [
        "https://www.axarquiaplus.es/rescatan-a-un-anciano-holandes-con-alzheimer-en-murcia-tras-perderse-en-un-viaje-de-alicante-a-malaga/",
        "https://www.axarquiaplus.es/rescatan-a-un-anciano-holandes-con-alzheimer-en-murcia-tras-perderse-en-un-viaje-de-alicante-a-malaga",
        "https://axarquiaplus.es/rescatan-a-un-anciano-holandes-con-alzheimer-en-murcia-tras-perderse-en-un-viaje-de-alicante-a-malaga/"
    ],
    "external_images": [],
    "entities": {
        "persons": [],
        "organizations": [
            {
                "name": "dutch news service",
                "sentiment": "none"
            }
        ],
        "locations": [
            {
                "name": "spain",
                "sentiment": "none"
            },
            {
                "name": "greece",
                "sentiment": "none"
            },
            {
                "name": "ricote valley",
                "sentiment": "none"
            },
            {
                "name": "alicante",
                "sentiment": "none"
            },
            {
                "name": "murcia",
                "sentiment": "none"
            },
            {
                "name": "malaga",
                "sentiment": "none"
            }
        ]
    },
    "rating": null,
    "crawled": "2024-06-21T10:52:51.809+03:00",
    "updated": "2024-06-28T21:18:50.129+03:00"
}