{
    "thread": {
        "uuid": "e4a571d6da054946d762193ea403f753dc3c3d85",
        "url": "https://www.wtxl.com/southwest-tallahassee/see-how-new-fire-station-coming-to-southwest-tallahassee-could-enhance-neighborhood-safety",
        "site_full": "www.wtxl.com",
        "site": "wtxl.com",
        "site_section": "https://www.wtxl.com",
        "site_categories": [
            "media"
        ],
        "section_title": "WTXL ABC 27 | Tallahassee, Crawfordville, Valdosta News, Weather, Sports",
        "title": "Funding approved for a new fire station in Southwest Tallahassee",
        "title_full": "Funding approved for a new fire station in Southwest Tallahassee",
        "published": "2024-06-21T01:52:00.000+03:00",
        "replies_count": 0,
        "participants_count": 1,
        "site_type": "news",
        "country": "US",
        "main_image": "https://ewscripps.brightspotcdn.com/dims4/default/387941b/2147483647/strip/true/crop/1280x672+0+24/resize/1200x630!/quality/90/?url=https%3A%2F%2Fx-default-stgec.uplynk.com%2Fause%2Fslices%2F059%2Fa97ad276f83142cda1b35edbfd83fcc1%2F05937dc1daf044b39b1386a30749396c%2Fposter_c1879f2a857445358b3b3ec948af2470.jpg",
        "performance_score": 0,
        "domain_rank": 30430,
        "domain_rank_updated": "2024-06-18T13:08:21.000+03:00",
        "reach": null,
        "social": {
            "facebook": {
                "likes": 0,
                "comments": 0,
                "shares": 0
            },
            "gplus": {
                "shares": 0
            },
            "pinterest": {
                "shares": 0
            },
            "linkedin": {
                "shares": 0
            },
            "stumbledupon": {
                "shares": 0
            },
            "vk": {
                "shares": 0
            }
        }
    },
    "uuid": "e4a571d6da054946d762193ea403f753dc3c3d85",
    "url": "https://www.wtxl.com/southwest-tallahassee/see-how-new-fire-station-coming-to-southwest-tallahassee-could-enhance-neighborhood-safety",
    "ord_in_thread": 0,
    "parent_url": null,
    "author": "Terry Gilliam Jr.",
    "published": "2024-06-21T01:52:00.000+03:00",
    "title": "Funding approved for a new fire station in Southwest Tallahassee",
    "text": "- Fire Station 17 should to enhance public safety and reduce response times within National Fire Protection standards. - It's in an under-served area that experiences 5,000 fire calls a year. - Watch the video above to hear from neighbors in Southwest Tallahassee, and local leaders about the plan. BROADCAST TRANSCRIPT A new fire station coming to SW Tallahassee is step closer to coming true. I'm Terry Gilliam your Southwest Tallahassee neighborhood reporter. I'm finding out about this new fire station, and what's next. \"It was blazing everywhere; it was so big. It was blazing so high, it was heat coming from the building, I'm glad no kids were in there.\" Ronald Mills is a Southwest Tallahassee neighbor. I had him explain the scene of a fire he saw one time in his area. \"A fire can go fast and it's the summertime now…\" Now there's something coming to the neighborhood when those fires occur. It's called Fire Station 17. Wednesday, city leaders voted in favor of funding up to $27 million for the project. That money would come from the City of Tallahassee, Florida Improvement Revenue Note. It's a project that been in development for years. \"It will be a faster response!\" A fast response is the idea. The new development is designed to enhance public safety and reduce response times within National Fire Protection standards in an under-served area that experiences 5,000 calls a year. I asked city commissioner and strong advocate of the new station, Curtis Richardson, if the new fire station were in the Southwest Tallahassee neighborhood would benefit people living here. \"We hear the sirens all the time along Orange Avenue; Lake Bradford road. We just pray that the best happens out of that. But with this facility in our neighborhood near where we live. The chances of a positive outcome would be so much better.\" The new fire station is planned to be located at the former site of the city-owned wastewater treatment facility on 1815 Lake Bradford Rd. Leaving neighbors like Mills confident in enhancing his community. \"I think it's a good time, they know what they're doing!\" The City of Tallahassee tells me that the director of construction for this development confirmed a start date of early 2025. The completion should be around the middle of 2026. In Southwest Tallahassee, Terry Gilliam, ABC27.",
    "highlightText": "",
    "highlightTitle": "",
    "highlightThreadTitle": "",
    "language": "english",
    "sentiment": "positive",
    "categories": [
        "Disaster and Accident"
    ],
    "webz_reporter": false,
    "external_links": [],
    "external_images": [],
    "entities": {
        "persons": [
            {
                "name": "terry gilliam",
                "sentiment": "none"
            },
            {
                "name": "ronald mills",
                "sentiment": "none"
            }
        ],
        "organizations": [],
        "locations": [
            {
                "name": "southwest tallahassee",
                "sentiment": "none"
            },
            {
                "name": "tallahassee",
                "sentiment": "none"
            },
            {
                "name": "florida",
                "sentiment": "none"
            }
        ]
    },
    "rating": null,
    "crawled": "2024-06-21T06:17:21.544+03:00",
    "updated": "2024-06-21T06:17:21.544+03:00"
}