{
    "thread": {
        "uuid": "6a21d75d7cbffb86582ea3e315723a50b4879bdc",
        "url": "https://odia.ig.com.br/sao-goncalo/2024/06/6868751-centro-de-trauma-do-hospital-alberto-torres-completa-11-anos.html",
        "site_full": "odia.ig.com.br",
        "site": "ig.com.br",
        "site_section": "https://odia.ig.com.br/cidades",
        "site_categories": [
            "media",
            "top_news"
        ],
        "section_title": "O Dia | Cidades",
        "title": "Centro de Trauma do Hospital Alberto Torres completa 11 anos | São Gonçalo | O Dia",
        "title_full": "Centro de Trauma do Hospital Alberto Torres completa 11 anos | São Gonçalo | O Dia",
        "published": "2024-06-21T19:45:00.000+03:00",
        "replies_count": 0,
        "participants_count": 1,
        "site_type": "news",
        "country": "BR",
        "main_image": "https://odia.ig.com.br/_midias/jpg/2024/06/21/1200x750/1_unnamed__70_-33203039.jpg",
        "performance_score": 0,
        "domain_rank": 4376,
        "domain_rank_updated": "2024-06-18T13:08:21.000+03:00",
        "reach": null,
        "social": {
            "facebook": {
                "likes": 0,
                "comments": 0,
                "shares": 0
            },
            "gplus": {
                "shares": 0
            },
            "pinterest": {
                "shares": 0
            },
            "linkedin": {
                "shares": 0
            },
            "stumbledupon": {
                "shares": 0
            },
            "vk": {
                "shares": 0
            }
        }
    },
    "uuid": "6a21d75d7cbffb86582ea3e315723a50b4879bdc",
    "url": "https://odia.ig.com.br/sao-goncalo/2024/06/6868751-centro-de-trauma-do-hospital-alberto-torres-completa-11-anos.html",
    "ord_in_thread": 0,
    "parent_url": null,
    "author": "O Dia",
    "published": "2024-06-21T19:45:00.000+03:00",
    "title": "Centro de Trauma do Hospital Alberto Torres completa 11 anos | São Gonçalo | O Dia",
    "text": "Centro de Trauma do Hospital Alberto Torres: 11 anos salvando vidasDivulgação Um dos diferenciais no atendimento do Centro de Trauma, como explica o diretor geral da unidade, Raphael Riodades, é o protocolo utilizado, que pode ser comparado aos principais centros internacionais da especialidade, onde a taxa de mortalidade é inferior a 5%. Segundo Riodades, o sucesso do serviço prestado é resultado da combinação de profissionais capacitados e da utilização de equipamentos de última geração. \"O nosso Centro de Trauma conta com toda uma infraestrutura voltada ao atendimento de urgência e emergência em um único local\", afirma Riodades. Médicos e demais profissionais que trabalham no Centro de Trauma garantem que, quanto menor o tempo entre o trauma e o procedimento cirúrgico, melhor o prognóstico para o paciente. \"O tempo de chegada é o fator determinante para salvar uma vida. O paciente chega de carro ou de helicóptero. E existe uma área totalmente livre e direta ao Centro de Trauma, onde todos os exames são realizados no próprio local. Um desses procedimentos é conhecido como Fast, que é a ultrassonografia feita e avaliada à beira do leito, o que ajuda a constatar com rapidez o nível de urgência da cirurgia\", explica o diretor do CT, Marcelo Pessoa. Os profissionais que atendem no Centro de Trauma do Heat foram capacitados no Centro de Trauma de Baltimore, nos Estados Unidos, e treinados também no Ryder Trauma Center, da Universidade de Miami, e no Children's Hospital, dedicado à criança em Washington. Entre os profissionais que atuam no setor desde a sua inauguração está o médico anestesiologista Renato Rodrigues, que participou de pelo menos 80% de todas as cirurgias, procedimentos e atendimentos realizados no Centro de Trauma. “Temos um quadro de profissionais treinados e capacitados. Muitos milagres ocorrem aqui. Nossos pacientes são de média e alta complexidade e a cada dia temos um desafio. Mas tivemos mais finais felizes do que triste”, garante. O Centro ocupa uma área de mil metros quadrados logo na entrada do hospital. Além das três salas de cirurgia, conta com sala de tomografia, onde o médico acompanha o resultado em tempo real sem precisar esperar que o exame seja revelado. Conta ainda com área de farmácia, insumos e Raio X. O modelo de atendimento foi levado há cerca de dois meses até o Hospital Estadual Roberto Chabo, em Araruama. A unidade é referência no atendimento a pacientes com múltiplos traumas nas cidades de Araruama, Búzios, Arraial do Cabo, Cabo Frio, Casimiro de Abreu, Iguaba Grande, Rio das Ostras, São Pedro d'Aldeia e Saquarema, na Região dos Lagos.",
    "highlightText": "",
    "highlightTitle": "",
    "highlightThreadTitle": "",
    "language": "portuguese",
    "sentiment": "positive",
    "categories": [
        "Human Interest",
        "Disaster and Accident",
        "Health"
    ],
    "webz_reporter": false,
    "external_links": [],
    "external_images": [],
    "entities": {
        "persons": [],
        "organizations": [],
        "locations": []
    },
    "rating": null,
    "crawled": "2024-06-21T21:01:42.427+03:00",
    "updated": "2024-06-21T21:01:42.427+03:00"
}