{
    "thread": {
        "uuid": "b7b233273705945574ebb001723adda40a77cb71",
        "url": "https://www.zupyak.com/p/4206466/t/why-regular-roof-inspections-are-crucial-for-south-bend-homes",
        "site_full": "www.zupyak.com",
        "site": "zupyak.com",
        "site_section": "http://www.techsite.io/rss/curated",
        "site_categories": [],
        "section_title": "Zupyak",
        "title": "Why Regular Roof Inspections Are Crucial for South Bend Homes",
        "title_full": "Why Regular Roof Inspections Are Crucial for South Bend Homes",
        "published": "2024-06-21T21:46:00.000+03:00",
        "replies_count": 0,
        "participants_count": 1,
        "site_type": "news",
        "country": "IN",
        "main_image": "https://d1tlrxy0mfxnyo.cloudfront.net/thumbnail/753016/5a1c6bad-66ae-5403-db05-fb1eb12fba13.jpg",
        "performance_score": 0,
        "domain_rank": 10264,
        "domain_rank_updated": "2024-06-18T13:08:21.000+03:00",
        "reach": null,
        "social": {
            "facebook": {
                "likes": 0,
                "comments": 0,
                "shares": 0
            },
            "gplus": {
                "shares": 0
            },
            "pinterest": {
                "shares": 0
            },
            "linkedin": {
                "shares": 0
            },
            "stumbledupon": {
                "shares": 0
            },
            "vk": {
                "shares": 0
            }
        }
    },
    "uuid": "b7b233273705945574ebb001723adda40a77cb71",
    "url": "https://www.zupyak.com/p/4206466/t/why-regular-roof-inspections-are-crucial-for-south-bend-homes",
    "ord_in_thread": 0,
    "parent_url": null,
    "author": "@zupyak.com",
    "published": "2024-06-21T21:46:00.000+03:00",
    "title": "Why Regular Roof Inspections Are Crucial for South Bend Homes",
    "text": "Introduction\nMaintaining a home involves many aspects, but one of the most critical yet often overlooked is regular roof inspections.\nIn South Bend, where the weather can be unpredictable and severe, ensuring your roof is in top condition is essential for the safety and longevity of your home.\nThe Importance of Regular Roof Inspections\nPrevents Major Damage\nRegular roof inspections help identify minor issues before they turn into major problems. Small leaks, damaged shingles, or other minor damages, if left unattended, can lead to significant structural damage over time. By addressing these issues early, homeowners can prevent costly repairs and extend the lifespan of their roof.\nProtects Against Weather Elements\nSouth Bend experiences a wide range of weather conditions, from heavy snowfall in winter to severe thunderstorms in summer. These weather elements can take a toll on your roof, causing wear and tear. Regular inspections ensure your roof can withstand these conditions, protecting your home from potential water damage, mold, and mildew.\nEnhances Energy Efficiency\nA well-maintained roof contributes to your home's energy efficiency. Damaged or improperly insulated roofs can lead to heat loss in winter and increased cooling costs in summer. Regular inspections help identify and rectify these issues, ensuring your home remains energy-efficient and reducing your utility bills.\nEnsures Safety\nA damaged roof can pose serious safety risks to the occupants of the house. Loose shingles, water leaks, and structural weaknesses can lead to accidents and health hazards. Regular inspections help in identifying these risks and ensuring your roof is safe and secure.\nIncreases Property Value\nFor homeowners planning to sell their property, a well-maintained roof can significantly enhance the value of the home. Prospective buyers are more likely to invest in a property that has a robust and well-maintained roof. Regular inspections and timely repairs can boost your home's market value.\nFrequently Asked Questions (FAQs)\nHow often should I have my roof inspected?\nIt is recommended to have your roof inspected at least twice a year, preferably in the spring and fall. Additionally, inspections should be conducted after any major weather event such as a severe storm, hail, or heavy snowfall.\nWhat are the signs that my roof needs an inspection?\nCommon signs include missing or damaged shingles, water stains on your ceiling or walls, visible mold or mildew, and an increase in energy bills. If you notice any of these signs, it’s crucial to schedule a roof inspection immediately.\nCan I perform a roof inspection myself?\nWhile you can perform a basic visual inspection from the ground, it is advisable to hire a professional for a thorough inspection. Professionals have the expertise to identify issues that may not be visible to the untrained eye and can safely access all areas of the roof.\nHow much does a roof inspection cost?\nThe cost of a roof inspection can vary depending on the size of your home and the extent of the inspection. On average, a professional roof inspection can cost between $100 and $300. However, this investment can save you thousands in potential repairs.\nWhat should I do if my roof needs repairs?\nIf an inspection reveals the need for repairs, it is important to address them promptly. Ignoring necessary repairs can lead to more extensive damage. Contact a professional roofing contractor to discuss the necessary repairs and obtain an estimate.\nHow can I maintain my roof between inspections?\nRegularly clean your gutters, trim overhanging branches, and remove debris from your roof. Additionally, inspect your attic for signs of leaks or water damage. Taking these steps can help maintain your roof’s condition between professional inspections.\nConclusion\nRegular roof inspections are a crucial aspect of home maintenance, especially in a city like South Bend with its diverse weather conditions. By staying proactive and addressing potential issues early, homeowners can protect their investment, enhance their home’s safety and energy efficiency, and maintain its value. Prioritize regular roof inspections to ensure your home remains a safe and comfortable haven for years to come.",
    "highlightText": "",
    "highlightTitle": "",
    "highlightThreadTitle": "",
    "language": "english",
    "sentiment": "positive",
    "categories": [
        "Disaster and Accident",
        "Environment"
    ],
    "webz_reporter": false,
    "external_links": [
        "https://www.reliableroofingonline.com/city/south-bend",
        "https://www.reliableroofingonline.com/",
        "https://reliableroofingonline.com/",
        "https://reliableroofingonline.com/city/south-bend",
        "https://www.reliableroofingonline.com"
    ],
    "external_images": [],
    "entities": {
        "persons": [],
        "organizations": [],
        "locations": [
            {
                "name": "south bend",
                "sentiment": "none"
            }
        ]
    },
    "rating": null,
    "crawled": "2024-06-21T22:33:57.966+03:00",
    "updated": "2024-06-21T22:33:57.966+03:00"
}