{
    "thread": {
        "uuid": "2e13a131dea7da6557961489e64e96c43eb01873",
        "url": "https://www.wcjb.com/2024/06/20/kitten-stuck-between-semi-trucks-wheels-rescued-officials-say",
        "site_full": "www.wcjb.com",
        "site": "wcjb.com",
        "site_section": "https://www.golf.einnews.com/live_feed",
        "site_categories": [
            "media"
        ],
        "section_title": "Live Feed Wire - Golf News Today - EIN Presswire",
        "title": "Kitten stuck between semi-truck’s wheels rescued, officials say",
        "title_full": "Kitten stuck between semi-truck’s wheels rescued, officials say",
        "published": "2024-06-21T01:12:00.000+03:00",
        "replies_count": 0,
        "participants_count": 1,
        "site_type": "news",
        "country": "US",
        "main_image": "https://gray-wcjb-prod.cdn.arcpublishing.com/resizer/v2/NUR5VUR7ONGKPNMTOWNBU3BB3A.jpg?auth=b38db8712c0898c018530f75df55a9c2d660fb67f8baa183ee31a29c1b5f153c&amp;width=1200&amp;height=600&amp;smart=true",
        "performance_score": 0,
        "domain_rank": 30988,
        "domain_rank_updated": "2024-06-18T13:08:21.000+03:00",
        "reach": null,
        "social": {
            "facebook": {
                "likes": 0,
                "comments": 0,
                "shares": 0
            },
            "gplus": {
                "shares": 0
            },
            "pinterest": {
                "shares": 0
            },
            "linkedin": {
                "shares": 0
            },
            "stumbledupon": {
                "shares": 0
            },
            "vk": {
                "shares": 0
            }
        }
    },
    "uuid": "2e13a131dea7da6557961489e64e96c43eb01873",
    "url": "https://www.wcjb.com/2024/06/20/kitten-stuck-between-semi-trucks-wheels-rescued-officials-say",
    "ord_in_thread": 0,
    "parent_url": null,
    "author": "@wcjb20",
    "published": "2024-06-21T01:12:00.000+03:00",
    "title": "Kitten stuck between semi-truck’s wheels rescued, officials say",
    "text": "A kitten was rescued from a semi's wheel well after a commercial driver noticed it. (SOURCE: Ohio State Highway Patrol) By Andrew McMunn Published: Jun. 20, 2024 at 6:12 PM EDT | Updated: 5 hours ago Email This Link\nShare on Facebook\nShare on X (formerly Twitter)\nShare on Pinterest\nShare on LinkedIn\nPORTAGE COUNTY, Ohio (Gray News) – A kitten was rescued after he found himself stuck in a semi-truck’s wheel well.\nAccording to the Ohio State Highway Patrol , the rescue took place on May 14.\nA commercial truck driver had noticed the kitten between the tires of his semi during a pre-trip inspection on the Ohio Turnpike in Portage County.\nThe state patrol said “purrfect” teamwork was used to save the kitten from its entrapment.\nThe kitten was then turned unharmed into the hands of the Portage Animal Protective League.\nCopyright 2024 Gray Media Group, Inc. All rights reserved. TMX contributed to this report\nMost Read Grizzly with 5 cubs caught on camera in Yellowstone Ginnie Springs closed as deputies search for attempted murder suspect University of Florida water polo club coach fired after sharing beds with athletes Brothers arrested for deadly Ginnie Springs shooting, FDLE investigates 2nd shooting Bear avoids trap, leaves University of Florida campus Latest News Report: Newberry Education First board member solicits sex from teen boy on Snapchat Fire chief surprised with applause, tears after final chemotherapy session Miya Rudd: Parents, grandfather among those indicted in connection to baby’s death Cheering shocks fire chief following his final cancer treatment Millions are sweating it out as a heat wave nears its peak from Midwest to Maine",
    "highlightText": "",
    "highlightTitle": "",
    "highlightThreadTitle": "",
    "language": "english",
    "sentiment": "positive",
    "categories": [
        "Human Interest",
        "Disaster and Accident",
        "Social Issue"
    ],
    "webz_reporter": false,
    "external_links": [
        "https://x.com/OSHP_NEOhio/status/1803100487320801321",
        "https://gray-wcjb-prod.cdn.arcpublishing.com/resizer/v2/ON423AQJYRHJLPDVFKOJNGN2EY?auth=54f77ebe82d4050c459917f2ba8fed4833f4e06680ab5a48f0260110b0496089&width=800&height=450&smart=true",
        "https://d1l66zlxaqpl1u.cloudfront.net/wp-gray/Ohio_State_Highway_Patrol/20240620/6674a5ee3913d4413a8ca83b/t_d170360f36c5455eaa0c4bf45d8643a3_name_81686e95109442918f49927da25207dd/file_1280x720-2000-v3_1.mp4",
        "https://gray-wcjb-prod.cdn.arcpublishing.com/resizer/v2/ON423AQJYRHJLPDVFKOJNGN2EY",
        "https://www.gray-wcjb-prod.cdn.arcpublishing.com/resizer/v2/ON423AQJYRHJLPDVFKOJNGN2EY?auth=54f77ebe82d4050c459917f2ba8fed4833f4e06680ab5a48f0260110b0496089&width=800&height=450&smart=true",
        "https://www.d1l66zlxaqpl1u.cloudfront.net/wp-gray/Ohio_State_Highway_Patrol/20240620/6674a5ee3913d4413a8ca83b/t_d170360f36c5455eaa0c4bf45d8643a3_name_81686e95109442918f49927da25207dd/file_1280x720-2000-v3_1.mp4",
        "https://www.x.com/OSHP_NEOhio/status/1803100487320801321"
    ],
    "external_images": [],
    "entities": {
        "persons": [
            {
                "name": "andrew mcmunn",
                "sentiment": "none"
            }
        ],
        "organizations": [
            {
                "name": "university of florida",
                "sentiment": "none"
            },
            {
                "name": "ohio state highway patrol",
                "sentiment": "none"
            },
            {
                "name": "gray media group, inc",
                "sentiment": "none"
            },
            {
                "name": "facebook share",
                "sentiment": "none"
            },
            {
                "name": "portage animal protective league",
                "sentiment": "none"
            },
            {
                "name": "tmx",
                "sentiment": "none"
            }
        ],
        "locations": [
            {
                "name": "portage county",
                "sentiment": "none"
            },
            {
                "name": "yellowstone ginnie springs",
                "sentiment": "none"
            },
            {
                "name": "portage county",
                "sentiment": "none"
            },
            {
                "name": "ohio turnpike",
                "sentiment": "none"
            },
            {
                "name": "ohio",
                "sentiment": "none"
            }
        ]
    },
    "rating": null,
    "crawled": "2024-06-21T06:07:21.457+03:00",
    "updated": "2024-06-21T06:07:21.457+03:00"
}