{
    "thread": {
        "uuid": "84d7e81e4ca4f182293102a5814d429a1860059c",
        "url": "https://heraldodemexico.com.mx/opinion/2024/6/21/las-lecciones-de-alberto-614362.html",
        "site_full": "heraldodemexico.com.mx",
        "site": "heraldodemexico.com.mx",
        "site_section": "https://www.heraldodemexico.com.mx/tendencias",
        "site_categories": [
            "travel",
            "mexico_and_central_america",
            "top_news"
        ],
        "section_title": "Tendencias - El Heraldo de México",
        "title": "Las lecciones de Alberto | El Heraldo de México",
        "title_full": "Las lecciones de Alberto | El Heraldo de México",
        "published": "2024-06-21T09:12:00.000+03:00",
        "replies_count": 0,
        "participants_count": 1,
        "site_type": "news",
        "country": "MX",
        "main_image": "https://heraldodemexico.com.mx/u/fotografias/m/2024/5/23/f1280x720-946785_1078460_5050.png",
        "performance_score": 0,
        "domain_rank": 20652,
        "domain_rank_updated": "2024-06-18T13:08:21.000+03:00",
        "reach": null,
        "social": {
            "facebook": {
                "likes": 0,
                "comments": 0,
                "shares": 0
            },
            "gplus": {
                "shares": 0
            },
            "pinterest": {
                "shares": 0
            },
            "linkedin": {
                "shares": 0
            },
            "stumbledupon": {
                "shares": 0
            },
            "vk": {
                "shares": 0
            }
        }
    },
    "uuid": "84d7e81e4ca4f182293102a5814d429a1860059c",
    "url": "https://heraldodemexico.com.mx/opinion/2024/6/21/las-lecciones-de-alberto-614362.html",
    "ord_in_thread": 0,
    "parent_url": null,
    "author": "Adriana Moreno",
    "published": "2024-06-21T09:12:00.000+03:00",
    "title": "Las lecciones de Alberto | El Heraldo de México",
    "text": "Afortunadamente, la tormenta tropical Alberto, que amenazaba a varios estados del país, principalmente Tamaulipas y Monterrey, se debilitó hasta convertirse en depresión tropical conforme recorrió México, y dejó varias lecciones que son dignas de retomar. De entrada, las entidades por las que pasó el primer fenómeno meteorológico del año vivieron una noche paradójica porque si bien había temor ante las afectaciones que podía dejar, por el otro lado, aguardaron con esperanza que llegara el agua, por lo que consideraron que valía la pena correr el riesgo. El año pasado, Nuevo León vivió una tremenda escasez de lluvia. De enero a octubre de 2023, en el estado, apenas cayeron 352 milímetros, cuando el promedio, de acuerdo a Conagua, indica que cada año llueve en la entidad alrededor de 579 milímetros. Luego del paso de Alberto, se rellenaron las presas de El Cuchillo y La Boca, e incluso hubo que abrir las compuertas para liberar agua. Sin embargo, desafortunadamente, en las primeras horas del paso de Alberto, se reportó la muerte de tres menores de edad. Uno, Azael Alberto, de 16 años, al tratar de rescatar el balón con el que jugaba en el río La Silla, y los otros dos al recibir una descarga eléctrica cuando en bicicleta pasaron por un encharcamiento donde había un cable suelto. También perdió la vida un adulto por intentar hacer una reparación eléctrica en su domicilio. Ahí, sin duda, hubo fallas de parte de Protección Civil que con explicaciones huecas trataron de justificarse. En Tamaulipas, uno de los efectos de Alberto tiene que ver con que una leyenda urbana se revivió. Desde antes de que el primer huracán del año llegara al estado, en Ciudad Madero, Altamira y Tampico, sus habitantes desarrollaban sus actividades diarias de manera normal, sin inquietarse mayormente porque saben que antes de llegar un fenómeno meteorológico de este tipo, se desvían hacia los costados y aseguran que no es la primera ocasión que esto ocurre y que se debe a la presencia de ovnis que protegen esa zona del país. Casualidad o coincidencia, esta tormenta tropical desvió su trayectoria. La noche del pasado miércoles, por las redes sociales se reportó que unas luces, cuya procedencia se desconoce, aparecieron en el cielo de Tampico, con lo que la leyenda urbana cobró mayor fuerza. Alberto pasó sin dejar daños mayores a diferencia de lo que ocurrió en el caso del huracán Otis, que destruyó Acapulco. Sin embargo, las áreas de Protección Civil de los estados deberían tener un papel más activo en el inicio de la temporada de huracanes que llaman a la emergencia. No se puede dejar todo a los ovnis, a la suerte o a las explicaciones huecas. POR ADRIANA MORENO CORDERO COLABORADORA EEZ",
    "highlightText": "",
    "highlightTitle": "",
    "highlightThreadTitle": "",
    "language": "spanish",
    "sentiment": "positive",
    "categories": [
        "Human Interest",
        "Disaster and Accident",
        "Weather"
    ],
    "webz_reporter": false,
    "external_links": [],
    "external_images": [],
    "entities": {
        "persons": [],
        "organizations": [],
        "locations": []
    },
    "rating": null,
    "crawled": "2024-06-21T09:48:08.090+03:00",
    "updated": "2024-06-21T09:48:08.090+03:00"
}