{
    "thread": {
        "uuid": "4768e67ece062a1350042a06f95045a27f9c5d91",
        "url": "https://ih.advfn.com/stock-market/stock-news/94085782/daylu-dena-council-celebrates-grand-opening-of-mul",
        "site_full": "ih.advfn.com",
        "site": "advfn.com",
        "site_section": "https://ih.advfn.com/p.php?pid=news",
        "site_categories": [
            "investing",
            "stocks",
            "finance",
            "financial_news"
        ],
        "section_title": "Investors Hub - News",
        "title": "Daylu Dena Council celebrates grand opening of multi-purpose building in Lower Post, British Columbia",
        "title_full": "Daylu Dena Council celebrates grand opening of multi-purpose building in Lower Post, British Columbia",
        "published": "2024-06-21T16:30:00.000+03:00",
        "replies_count": 0,
        "participants_count": 1,
        "site_type": "news",
        "country": "US",
        "main_image": "",
        "performance_score": 0,
        "domain_rank": 8602,
        "domain_rank_updated": "2024-06-18T13:08:21.000+03:00",
        "reach": null,
        "social": {
            "facebook": {
                "likes": 0,
                "comments": 0,
                "shares": 0
            },
            "gplus": {
                "shares": 0
            },
            "pinterest": {
                "shares": 0
            },
            "linkedin": {
                "shares": 0
            },
            "stumbledupon": {
                "shares": 0
            },
            "vk": {
                "shares": 0
            }
        }
    },
    "uuid": "4768e67ece062a1350042a06f95045a27f9c5d91",
    "url": "https://ih.advfn.com/stock-market/stock-news/94085782/daylu-dena-council-celebrates-grand-opening-of-mul",
    "ord_in_thread": 0,
    "parent_url": null,
    "author": "advfn.com",
    "published": "2024-06-21T16:30:00.000+03:00",
    "title": "Daylu Dena Council celebrates grand opening of multi-purpose building in Lower Post, British Columbia",
    "text": "LOWER POST, BC , June 21, 2024 /CNW/ - Today, the Daylu Dena Council, in partnership with the Government of Canada and the Government of British Columbia , proudly announces the grand opening of a new multi-purpose building in Lower Post, British Columbia . The new Dene Kǫ^ multi-purpose building, developed as part of the transformation of the area once occupied by the Lower Post Residential School, marks a significant milestone in the community's journey toward healing and reconciliation.\nThe new multi-purpose building is the latest addition to a series of significant community developments, including a recently opened water treatment facility and numerous new housing projects. These advancements collectively signify a period of growth and revitalization for the Daylu Dena Council and the Kaska people.\nQuotes \"The opening of this new multi-purpose building is a monumental achievement for our community of Lower Post and the Kaska people. It symbolizes our resilience and determination, marking a significant milestone in our journey towards healing and reconciliation after the closure of the Lower Post Residential School. This building stands not only as a physical structure but as a pillar of hope and healing, reflecting the reclaiming of our cultural heritage and fostering a vibrant future. It will serve as a beautiful space where Kaska culture can thrive, community bonds can strengthen, and our future generations can grow and prosper. I extend my heartfelt gratitude to the Government of Canada and the Government of British Columbia for their steadfast partnership and support in making this transformative project a reality.\"\nDeputy Chief Harlan Schilling , Daylu Dena Council\n\"Three years ago, my predecessors spoke of the ceremonial demolition of the Lower Post school. They looked forward to this day when the new multi-purpose building would be ready. I echo their words and hope that today's gathering is another step toward healing, and that this is a space where the community can feel welcomed and safe. We are committed to supporting communities like this one as they work towards healing and reconciliation.\"\nThe Hon. Gary Anandasangaree, Minister of Crown-Indigenous Relations\n\"This new multi-purpose building represents our commitment to reconciliation, and our ongoing responsibility to address the legacy of residential school, while supporting Indigenous communities in their pursuit of a brighter future. We are dedicated to continuing our partnership with Indigenous communities, ensuring they have the support needed for sustainable development and healing.\"\nThe Hon. Patty Hajdu , Minister of Indigenous Services\n\"The opening of the new community building in Lower Post is a testament to the leadership of the Daylu Dena Council and the Kaska people. Ground that was once marked by pain and sadness has been reclaimed as the foundation for a new cultural centre and community space. We celebrate with the community of Lower Post as a new chapter of hope and healing begins.\"\nThe Hon. David Eby , Premier of British Columbia\nQuick Facts The former Lower Post Residential School operated from 1951 to 1975. The demolition of the former residential school took place in 2021. The new multi-purpose building was funded by significant contributions from federal and provincial governments. Related Products Backgrounder Associated Links Canada , British Columbia and Daylu Dena Council partnership to build new multi-purpose community building in Lower Post Lower Post Residential School Ceremonial Demolition and Ground Blessing Ceremony for New Multi-Purpose Cultural Centre. News Release Daylu Dena Council website Stay connected Join the conversation about Indigenous Peoples in Canada :\nX: @GCIndigenous and @DayluDenaCouncil Facebook: @GCIndigenous and @DayluDenaCouncil Instagram: @gcindigenous and @DayluDenaCouncil You can subscribe to receive our news releases and speeches via RSS feeds. For more information or to subscribe, visit www.isc.gc.ca/RSS.\nSOURCE Indigenous Services Canada\nCopyright 2024 Canada NewsWire",
    "highlightText": "",
    "highlightTitle": "",
    "highlightThreadTitle": "",
    "language": "english",
    "sentiment": "positive",
    "categories": [
        "Human Interest",
        "Disaster and Accident"
    ],
    "webz_reporter": false,
    "external_links": [
        "https://static.cloudflareinsights.com/beacon.min.js/vcd15cbe7772f49c399c6a5babf22c1241717689176015",
        "https://www.static.cloudflareinsights.com/beacon.min.js/vcd15cbe7772f49c399c6a5babf22c1241717689176015"
    ],
    "external_images": [],
    "entities": {
        "persons": [],
        "organizations": [
            {
                "name": "daylu dena council",
                "sentiment": "negative"
            },
            {
                "name": "cnw",
                "sentiment": "negative"
            },
            {
                "name": "lower post",
                "sentiment": "none"
            },
            {
                "name": "lower post residential school",
                "sentiment": "none"
            },
            {
                "name": "government of british columbia",
                "sentiment": "none"
            }
        ],
        "locations": [
            {
                "name": "columbia lower post",
                "sentiment": "none"
            },
            {
                "name": "canada",
                "sentiment": "none"
            },
            {
                "name": "columbia",
                "sentiment": "none"
            },
            {
                "name": "kaska",
                "sentiment": "none"
            }
        ]
    },
    "rating": null,
    "crawled": "2024-06-21T20:51:10.325+03:00",
    "updated": "2024-06-21T20:51:10.325+03:00"
}