{
    "thread": {
        "uuid": "48ced09c4fb623082d4cbfabfdba1a79dbb22161",
        "url": "https://elcomercio.pe/lima/surco-rescatan-a-trabajador-de-28-anos-que-quedo-atrapado-en-construccion-bomberos-municipalidad-de-surco-ultimas-noticia",
        "site_full": "elcomercio.pe",
        "site": "elcomercio.pe",
        "site_section": "https://elcomercio.pe/arcio/rss/",
        "site_categories": [
            "media",
            "world_soccer",
            "sports",
            "top_news"
        ],
        "section_title": "El Comercio",
        "title": "Surco: rescatan a trabajador de 28 años que quedó atrapado en construcción | VIDEO",
        "title_full": "Surco: rescatan a trabajador de 28 años que quedó atrapado en construcción | VIDEO",
        "published": "2024-06-21T01:22:00.000+03:00",
        "replies_count": 0,
        "participants_count": 1,
        "site_type": "news",
        "country": "PE",
        "main_image": "https://elcomercio.pe/resizer/v2/PZXCHSII2RE7PJJ3IONGQFM55Q.png?auth=8908a2740b16a11529a92a6a9ba424c61369e5c1c0bf31fa28ea5898aa095fdc&amp;width=980&amp;height=528&amp;quality=75&amp;smart=true",
        "performance_score": 0,
        "domain_rank": 5060,
        "domain_rank_updated": "2024-06-18T13:08:21.000+03:00",
        "reach": null,
        "social": {
            "facebook": {
                "likes": 0,
                "comments": 0,
                "shares": 0
            },
            "gplus": {
                "shares": 0
            },
            "pinterest": {
                "shares": 0
            },
            "linkedin": {
                "shares": 0
            },
            "stumbledupon": {
                "shares": 0
            },
            "vk": {
                "shares": 0
            }
        }
    },
    "uuid": "48ced09c4fb623082d4cbfabfdba1a79dbb22161",
    "url": "https://elcomercio.pe/lima/surco-rescatan-a-trabajador-de-28-anos-que-quedo-atrapado-en-construccion-bomberos-municipalidad-de-surco-ultimas-noticia",
    "ord_in_thread": 0,
    "parent_url": null,
    "author": "Redacción EC",
    "published": "2024-06-21T01:22:00.000+03:00",
    "title": "Surco: rescatan a trabajador de 28 años que quedó atrapado en construcción | VIDEO",
    "text": "[1](/deporte-total/argentina/argentina-vs-canada-en-vivo-con-lionel-messi-hoy-por-copa-america-via-tyc-sports-telefe-directv-horarios-canales-y-donde-mirar-partido-gratis-video-ar-noticia/) [Saber más](https://elcomercio.pe/buenas-practicas/) / NoticiasInformación basada en hechos y verificada de primera mano por el reportero, o reportada y verificada por fuentes expertas. | Informativo Buenas noticias. Luego de cuatro horas de intenso trabajo, los bomberos lograron rescatar al obrero de 28 años que quedó atrapado en el pozo de una construcción en [Surco](https://elcomercio.pe/noticias/surco/?ref=ecr/). Afortunadamente, el hombre se encuentra estable y ya ha sido trasladado a un centro de salud para que reciba la atención correspondiente. La emergencia ocurrió en horas de la mañana de este jueves en la urbanización Chacarilla del Estanque. Félix Sosa estaba trabajando dentro de un pozo de 3 metros y medio de profundidad cuando los montículos de arena que estaban acumulados en los alrededores del hoyo, al parecer, se regresaron al hueco, lo que hizo que gran parte de su cuerpo quede cubierto. PUEDES VER: [Trata, sicariato y extorsión: la oscura red de Los Gallegos y sus S/15 millones en un año] De inmediato, personal especializado se acercó a la construcción para rescatar al obrero. Los trabajos de remoción duraron varias horas debido a que la arena debía retirarse cuidadosamente. La Superintendencia Nacional de Fiscalización Laboral (Sunafil) también se apersonó y, tras la inspección correspondiente, le colocaron una multa a la empresa constructora por no respetar las normas de seguridad. Al respecto, se conoció que la Municipalidad de Surco también paralizó la construcción por falta de medidas de seguridad, ya que esto ponía en riesgo al resto de trabajadores. La víctima está estable, consciente y se espera su pronta recuperación. Mientras tanto, continuará en observación. Contenido GEC",
    "highlightText": "",
    "highlightTitle": "",
    "highlightThreadTitle": "",
    "language": "spanish",
    "sentiment": "positive",
    "categories": [
        "Labor",
        "Human Interest",
        "Disaster and Accident"
    ],
    "webz_reporter": false,
    "external_links": [],
    "external_images": [],
    "entities": {
        "persons": [],
        "organizations": [],
        "locations": []
    },
    "rating": null,
    "crawled": "2024-06-21T02:08:17.832+03:00",
    "updated": "2024-06-21T08:23:45.603+03:00"
}