{
    "thread": {
        "uuid": "07e2f05b69f2d1e228581e73d39fdb0b57293fda",
        "url": "https://www.komu.com/news/midmissourinews/moberly-airport-hosts-over-30-planes-for-47th-annual-air-race-classic/article_2ee5ea7e-2f53-11ef-ae0c-8b0fa3b1b19f.html",
        "site_full": "www.komu.com",
        "site": "komu.com",
        "site_section": "http://www.komu.com/multimedia/",
        "site_categories": [
            "media"
        ],
        "section_title": "Multimedia | komu.com",
        "title": "Moberly airport hosts over 30 planes for 47th annual Air Race Classic",
        "title_full": "Moberly airport hosts over 30 planes for 47th annual Air Race Classic",
        "published": "2024-06-21T02:30:00.000+03:00",
        "replies_count": 0,
        "participants_count": 1,
        "site_type": "news",
        "country": "US",
        "main_image": "https://bloximages.newyork1.vip.townnews.com/komu.com/content/tncms/assets/v3/editorial/2/ee/2ee5ea7e-2f53-11ef-ae0c-8b0fa3b1b19f/6674b61719275.preview.jpg?crop=1920%2C1008%2C0%2C35&amp;resize=1200%2C630&amp;order=crop%2Cresize",
        "performance_score": 0,
        "domain_rank": 31038,
        "domain_rank_updated": "2024-06-18T13:08:21.000+03:00",
        "reach": null,
        "social": {
            "facebook": {
                "likes": 0,
                "comments": 0,
                "shares": 0
            },
            "gplus": {
                "shares": 0
            },
            "pinterest": {
                "shares": 0
            },
            "linkedin": {
                "shares": 0
            },
            "stumbledupon": {
                "shares": 0
            },
            "vk": {
                "shares": 0
            }
        }
    },
    "uuid": "07e2f05b69f2d1e228581e73d39fdb0b57293fda",
    "url": "https://www.komu.com/news/midmissourinews/moberly-airport-hosts-over-30-planes-for-47th-annual-air-race-classic/article_2ee5ea7e-2f53-11ef-ae0c-8b0fa3b1b19f.html",
    "ord_in_thread": 0,
    "parent_url": null,
    "author": "Ryan Blakely",
    "published": "2024-06-21T02:30:00.000+03:00",
    "title": "Moberly airport hosts over 30 planes for 47th annual Air Race Classic",
    "text": "MOBERLY — More than 30 planes flew in and out of Omar N. Bradley Regional Airport in Moberly for the sixth stop in the 47th annual Air Race Classic.\nForty-seven aircrafts are still in the race, which spans approximately 2,400 miles across the country. The race is exclusively for teams of two women pilots with ages ranging from 17 to the oldest pilot at 95 years old.\nThe race is classified as a handicapped race, meaning there are planes of different types and speeds, and each type of plane is assigned a handicap speed. Each team's goal is to beat their plane's handicap speed by the most. The team who beats their plane handicap speed by the most is the winner.\n\"That system allows all of us to race together, which has been a really, really exciting time,\" said Piper aircraft pilot Carly Shukiar.\nPiper aircraft pilots Carly Schukiar (right) and Lucy Freeman (left) prepare their plane for the journey to Oklahoma at the airport in Moberly during the 2024 Air Race Classic.\nRyan Blakely, KOMU 8 Reporter Along with trying to record a fast time, pilots also share another goal: to be an inspiration for young girls in aviation.\nSuccess! An email has been sent to with a link to confirm list signup.\nError! There was an error processing your request.",
    "highlightText": "",
    "highlightTitle": "",
    "highlightThreadTitle": "",
    "language": "english",
    "sentiment": "positive",
    "categories": [
        "Human Interest",
        "Disaster and Accident",
        "Environment"
    ],
    "webz_reporter": false,
    "external_links": [],
    "external_images": [],
    "entities": {
        "persons": [
            {
                "name": "ryan blakely",
                "sentiment": "none"
            },
            {
                "name": "carly schukiar",
                "sentiment": "none"
            },
            {
                "name": "carly shukiar",
                "sentiment": "none"
            },
            {
                "name": "lucy freeman",
                "sentiment": "none"
            }
        ],
        "organizations": [
            {
                "name": "piper",
                "sentiment": "none"
            },
            {
                "name": "komu",
                "sentiment": "none"
            }
        ],
        "locations": [
            {
                "name": "moberly",
                "sentiment": "none"
            },
            {
                "name": "omar n. bradley regional airport",
                "sentiment": "none"
            },
            {
                "name": "oklahoma",
                "sentiment": "none"
            }
        ]
    },
    "rating": null,
    "crawled": "2024-06-21T03:05:08.745+03:00",
    "updated": "2024-06-21T03:05:08.745+03:00"
}