{
    "thread": {
        "uuid": "6cef7159f48dbb6fe42773afa657a6a5216012ed",
        "url": "https://www.whio.com/news/trending/woman-attacked-with-sledgehammer-killed-christmas-eve/SNYVOKONCZGLBALHON6S6GRZ6A/",
        "site_full": "www.whio.com",
        "site": "whio.com",
        "site_section": "https://www.whio.com/fcc",
        "site_categories": [
            "under_construction",
            "non_standard_content"
        ],
        "section_title": "WHIO TV 7 and WHIO Radio",
        "title": "Woman attacked with sledgehammer, killed on Christmas Eve – WHIO TV 7 and WHIO Radio",
        "title_full": "Woman attacked with sledgehammer, killed on Christmas Eve – WHIO TV 7 and WHIO Radio",
        "published": "2023-12-29T00:10:00.000+02:00",
        "replies_count": 0,
        "participants_count": 1,
        "site_type": "news",
        "country": "US",
        "main_image": "https://cmg-cmg-tv-10040-prod.cdn.arcpublishing.com/resizer/qFnfLytIf_X5cMNLIcYYNNsUf2Y=/1440x810/filters:format(jpg):quality(70)/cloudfront-us-east-1.images.arcpublishing.com/cmg/5JWAA5MLGRE3HA7OGMJFBIPLZI.jpg",
        "performance_score": 0,
        "domain_rank": 14169,
        "domain_rank_updated": "2023-12-26T12:06:20.000+02:00",
        "reach": null,
        "social": {
            "facebook": {
                "likes": 0,
                "comments": 0,
                "shares": 0
            },
            "gplus": {
                "shares": 0
            },
            "pinterest": {
                "shares": 0
            },
            "linkedin": {
                "shares": 0
            },
            "stumbledupon": {
                "shares": 0
            },
            "vk": {
                "shares": 0
            }
        }
    },
    "uuid": "6cef7159f48dbb6fe42773afa657a6a5216012ed",
    "url": "https://www.whio.com/news/trending/woman-attacked-with-sledgehammer-killed-christmas-eve/SNYVOKONCZGLBALHON6S6GRZ6A/",
    "ord_in_thread": 0,
    "parent_url": null,
    "author": "Jessica Goodman, Cox Media Group National Content Desk",
    "published": "2023-12-29T00:10:00.000+02:00",
    "title": "Woman attacked with sledgehammer, killed on Christmas Eve – WHIO TV 7 and WHIO Radio",
    "text": "TORRANCE, Calif. — A woman was killed after she was attacked with a sledgehammer at a college on Christmas Eve in Torrance, California. The assault happened Sunday just after 7 a.m. in the 16000 block of Crenshaw Boulevard, the Los Angeles County Sheriff’s Department said, according to KABC . Investigators say that the victim was collecting recyclables at El Camino College in Torrance when she was attacked, the news station reported. A man with a sledgehammer attacked her and fled the area before law enforcement arrived, according to KTLA. The victim was spotted by the gymnasium by someone passing by the area. Officers found her unconscious and she appeared to be bleeding from her head, the news outlet reported. Her dog stayed at her side. The victim was taken to the hospital where she died a day later on Christmas from her injuries, KTLA reported. The sheriff’s department only identified the victim as an Asian woman between the ages of 60 and 65, according to the Los Angeles Times. Investigators identified the suspect through surveillance footage as Jeffrey Davis, 40, according to KTLA. “The person that we had an idea of who was on the security footage is, we believe, a homeless person we’ve had contact with before,” said Sgt. Francisco Esqueda of El Camino College Police, according to the news outlet. “So we were able to go to the neighboring county park where he sometimes hangs out and that’s where we found him.” Davis was arrested shortly after the incident, the LA Times reported.",
    "highlightText": "",
    "highlightTitle": "",
    "highlightThreadTitle": "",
    "language": "english",
    "sentiment": "negative",
    "categories": [
        "Human Interest",
        "Disaster and Accident",
        "Crime, Law and Justice"
    ],
    "external_links": [
        "https://www.latimes.com/california/story/2023-12-27/woman-killed-sledgehammer-el-camino-college-torrance)",
        "https://abc7.com/torrance-el-camino-college-sledgehammer-attack-woman-killed/14232402/).",
        "https://abc7.com/torrance-el-camino-college-sledgehammer-attack-woman-killed/14232402/)",
        "https://ktla.com/news/local-news/woman-killed-in-sledgehammer-attack-on-torrance-college-campus/)reported.",
        "https://ktla.com/news/local-news/woman-killed-in-sledgehammer-attack-on-torrance-college-campus/)",
        "https://www.ktla.com/news/local-news/woman-killed-in-sledgehammer-attack-on-torrance-college-campus/)reported.",
        "https://latimes.com/california/story/2023-12-27/woman-killed-sledgehammer-el-camino-college-torrance)",
        "https://www.abc7.com/torrance-el-camino-college-sledgehammer-attack-woman-killed/14232402/)",
        "https://www.ktla.com/news/local-news/woman-killed-in-sledgehammer-attack-on-torrance-college-campus/)",
        "https://www.abc7.com/torrance-el-camino-college-sledgehammer-attack-woman-killed/14232402/)."
    ],
    "external_images": [],
    "entities": {
        "persons": [],
        "organizations": [
            {
                "name": "whio",
                "sentiment": "negative"
            },
            {
                "name": "whio radio",
                "sentiment": "negative"
            },
            {
                "name": "kabc",
                "sentiment": "none"
            },
            {
                "name": "los angeles county sheriff’s department",
                "sentiment": "none"
            },
            {
                "name": "el camino college",
                "sentiment": "none"
            },
            {
                "name": "ktla",
                "sentiment": "none"
            }
        ],
        "locations": [
            {
                "name": "torrance",
                "sentiment": "none"
            },
            {
                "name": "calif.",
                "sentiment": "none"
            },
            {
                "name": "crenshaw boulevard",
                "sentiment": "none"
            },
            {
                "name": "torrance",
                "sentiment": "none"
            },
            {
                "name": "california",
                "sentiment": "none"
            }
        ]
    },
    "rating": null,
    "crawled": "2023-12-29T00:12:33.353+02:00",
    "updated": "2023-12-29T00:36:48.975+02:00"
}