{
    "thread": {
        "uuid": "d99be08a7afcf14974edccff630e570ba530edf0",
        "url": "https://www.pagina12.com.ar/699438-subsidios-y-creditos-para-damnificados-por-el-temporal-en-la",
        "site_full": "www.pagina12.com.ar",
        "site": "pagina12.com.ar",
        "site_section": "http://pagina12.com.ar/413838-migas/",
        "site_categories": [
            "media"
        ],
        "section_title": "Migas | Página|12",
        "title": "Subsidios y créditos para damnificados por el temporal en la Ciudad y Provincia: de cuánto son y cómo acceder | Una ayuda para los vecinos | Página|12",
        "title_full": "Subsidios y créditos para damnificados por el temporal en la Ciudad y Provincia: de cuánto son y cómo acceder | Una ayuda para los vecinos | Página|12",
        "published": "2023-12-29T00:12:00.000+02:00",
        "replies_count": 0,
        "participants_count": 1,
        "site_type": "news",
        "country": "AR",
        "main_image": "https://images.pagina12.com.ar/styles/focal_16_9_960x540/public/2023-12/803313-whatsapp-20image-202023-12-19-20at-2010-11-27-20pm.jpeg?h=f1c0f3e3&amp;itok=CzJZhbg4",
        "performance_score": 0,
        "domain_rank": 6312,
        "domain_rank_updated": "2023-12-26T12:06:20.000+02:00",
        "reach": null,
        "social": {
            "facebook": {
                "likes": 0,
                "comments": 0,
                "shares": 0
            },
            "gplus": {
                "shares": 0
            },
            "pinterest": {
                "shares": 0
            },
            "linkedin": {
                "shares": 0
            },
            "stumbledupon": {
                "shares": 0
            },
            "vk": {
                "shares": 0
            }
        }
    },
    "uuid": "d99be08a7afcf14974edccff630e570ba530edf0",
    "url": "https://www.pagina12.com.ar/699438-subsidios-y-creditos-para-damnificados-por-el-temporal-en-la",
    "ord_in_thread": 0,
    "parent_url": null,
    "author": "Página|12",
    "published": "2023-12-29T00:12:00.000+02:00",
    "title": "Subsidios y créditos para damnificados por el temporal en la Ciudad y Provincia: de cuánto son y cómo acceder | Una ayuda para los vecinos | Página|12",
    "text": "El gobierno de la Ciudad de Buenos Aires comunicó que todos aquellos vecinos que hayan sufrido daños por el temporal del pasado domingo 18 de diciembre deberán tramitar el subsidio hasta el próximo 18 de enero y a partir de allí, la autoridad de aplicación iniciará el procedimiento de verificación del daño en un plazo de 15 días hábiles después de la solicitud. Por su parte, la Provincia de Buenos Aires lanzará en los próximos días una línea de créditos especial.\nFortalecer los lazos para reconstruir Bahía Blanca Sobre la puesta en marcha de este resarcimiento, el jefe de Gobierno porteño Jorge Macri , sostuvo que \"tomamos la decisión de otorgar un subsidio para ayudar a reparar los daños que muchas familias sufrieron en sus casas o en sus vehículos\".\n\" Los vecinos damnificados tendrán disponible una ayuda de hasta dos millones y medio de pesos para arreglar daños en bienes inmuebles, y un millón y medio para los automotores\", agregó.\nAl respecto, se indicó que aquellos que resultaron damnificados podrán anotarse en la plataforma miBA . \"Es necesario contar con usuario y clave miBA nivel 2 ó 3\", se aclaró.\nEl trámite es gratuito , hay que ser el titular del bien o sucesor universal (adjuntar documentación respaldatoria), foto de ambos lados del DNI y documentación que acredite la titularidad del bien y su radicación en la Ciudad Autónoma de Buenos Aires.",
    "highlightText": "",
    "highlightTitle": "",
    "highlightThreadTitle": "",
    "language": "spanish",
    "sentiment": "negative",
    "categories": [
        "Politics",
        "Disaster and Accident",
        "Human Interest"
    ],
    "external_links": [
        "https://buenosaires.gob.ar/jefaturadegabinete/innovacion/plataforma-miBA",
        "https://www.buenosaires.gob.ar/jefaturadegabinete/innovacion/plataforma-miBA"
    ],
    "external_images": [],
    "entities": {
        "persons": [],
        "organizations": [],
        "locations": []
    },
    "rating": null,
    "crawled": "2023-12-29T00:21:35.242+02:00",
    "updated": "2023-12-29T00:21:35.242+02:00"
}