{
    "thread": {
        "uuid": "afc39f1c79b556657812a685bab075251ef195ef",
        "url": "https://www.pressandjournal.co.uk/news/uk/6310501/three-men-die-after-4x4-recovered-from-river/",
        "site_full": "www.pressandjournal.co.uk",
        "site": "pressandjournal.co.uk",
        "site_section": "https://pressandjournal.co.uk/category/news/uk/",
        "site_categories": [
            "science"
        ],
        "section_title": "Politics, News, Sport, and Opinion from The UK | Press and Journal",
        "title": "Three men die after 4×4 recovered from river - Press and Journal",
        "title_full": "Three men die after 4×4 recovered from river - Press and Journal",
        "published": "2023-12-28T20:03:00.000+02:00",
        "replies_count": 0,
        "participants_count": 1,
        "site_type": "news",
        "country": "GB",
        "main_image": "https://wpcluster.dctdigital.com/wp-content/uploads/sites/54/2023/12/2.18755944-1c9agsksf.jpg",
        "performance_score": 0,
        "domain_rank": 10198,
        "domain_rank_updated": "2023-12-26T12:06:20.000+02:00",
        "reach": null,
        "social": {
            "facebook": {
                "likes": 0,
                "comments": 0,
                "shares": 0
            },
            "gplus": {
                "shares": 0
            },
            "pinterest": {
                "shares": 0
            },
            "linkedin": {
                "shares": 0
            },
            "stumbledupon": {
                "shares": 0
            },
            "vk": {
                "shares": 0
            }
        }
    },
    "uuid": "afc39f1c79b556657812a685bab075251ef195ef",
    "url": "https://www.pressandjournal.co.uk/news/uk/6310501/three-men-die-after-4x4-recovered-from-river/",
    "ord_in_thread": 0,
    "parent_url": null,
    "author": "Press Association",
    "published": "2023-12-28T20:03:00.000+02:00",
    "title": "Three men die after 4×4 recovered from river - Press and Journal",
    "text": "Three men die after 4×4 recovered from river By Press Association December 28 2023, 6.03pm Share Three men die after 4×4 recovered from river Share via Facebook Twitter Whatsapp Messenger Linkedin Email Post link https://www.pressandjournal.co.uk/news/uk/6310501/three-men-die-after-4x4-recovered-from-river/ Copy Link (Dave Thompson/PA)\nThree men have died after a 4×4 vehicle was recovered from a river on the North York Moors, police said.\nEmergency services including police, ambulance and air support attended a location on the River Esk near Glaisdale shortly before midday on Thursday.\nA 4×4 was recovered from the river by the fire service just after 3pm and three men found inside have died, North Yorkshire Police said.\nAnother man who attempted to help those in the vehicle was pulled to safety from the river and has been receiving medical treatment.\nEmergency services have been dealing with a serious incident on Thursday (28 December) involving a 4×4 vehicle in the River Esk near Glaisdale on the North York Moors 🚨\nThree men sadly died at the scene.\nMore information is available here ⬇️ https://t.co/KgxPhHATO4 pic.twitter.com/AvDT3TiqCk\n— North Yorkshire Police (@NYorksPolice) December 28, 2023\nA police spokesperson advised people to travel with care after the “tragic incident”.\nIt comes after Storm Gerrit caused flooding and travel chaos across the country throughout Wednesday and Thursday.\nThe spokesperson said: “Localised conditions across our area are making driving hazardous.\n“Roads are particularly badly affected around the River Esk, to the north of the county, as we have seen with the tragic incident near Glaisdale.\n“There was another incident at nearby Houlsyke at 12.49pm when a car got stuck in flood water and another at Kirby Wiske in Hambleton at 2.35pm.\n“Thankfully, the occupants of both vehicles were brought to safety.\n“The key advice is to consider whether your journey is necessary.\n“Please avoid driving through any kind of standing or moving flood water if you possibly can.”\nWitnesses to the incident are urged to call North Yorkshire Police on 101, option 4, quoting reference NYP-28122023-0146.",
    "highlightText": "",
    "highlightTitle": "",
    "highlightThreadTitle": "",
    "language": "english",
    "sentiment": "negative",
    "categories": [
        "Disaster and Accident",
        "Human Interest",
        "Crime, Law and Justice"
    ],
    "external_links": [
        "https://www.facebook.com/sharer/sharer.php?u=https://www.pressandjournal.co.uk/news/uk/6310501/three-men-die-after-4x4-recovered-from-river/",
        "https://www.linkedin.com/sharing/share-offsite/?url=https://www.pressandjournal.co.uk/news/uk/6310501/three-men-die-after-4x4-recovered-from-river/",
        "https://twitter.com/intent/tweet?url=https://www.pressandjournal.co.uk/news/uk/6310501/three-men-die-after-4x4-recovered-from-river/",
        "https://t.co/AvDT3TiqCk",
        "https://t.co/KgxPhHATO4",
        "https://twitter.com/NYorksPolice/status/1740425994073247766?ref_src=twsrc%5Etfw",
        "https://www.facebook.com/dialog/send?app_id=1140125340199187&#038;link=https://www.pressandjournal.co.uk/news/uk/6310501/three-men-die-after-4x4-recovered-from-river/&#038;redirect_uri=https://www.pressandjournal.co.uk/news/uk/6310501/three-men-die-after-4x4-recovered-from-river/",
        "https://secure.gravatar.com/avatar/1c5f119976445a15ecafac226a9ca9bd?s=64&#038;d=mm&#038;r=g",
        "https://api.whatsapp.com/send?text=https://www.pressandjournal.co.uk/news/uk/6310501/three-men-die-after-4x4-recovered-from-river/%20-%20Three%20men%20have%20died%20after%20a%204&times;4%20vehicle%20was%20recovered%20from%20a%20river%20on%20the%20North%20York%20Moors,%20police%20said.",
        "https://www.t.co/KgxPhHATO4",
        "https://twitter.com/intent/tweet?url=https://www.pressandjournal.co.uk/news/uk/6310501/three-men-die-after-4x4-recovered-from-river",
        "https://www.secure.gravatar.com/avatar/1c5f119976445a15ecafac226a9ca9bd?s=64&#038;d=mm&#038;r=g",
        "https://www.facebook.com/sharer/sharer.php",
        "https://api.whatsapp.com/send?text=https://pressandjournal.co.uk/news/uk/6310501/three-men-die-after-4x4-recovered-from-river/%20-%20Three%20men%20have%20died%20after%20a%204&times;4%20vehicle%20was%20recovered%20from%20a%20river%20on%20the%20North%20York%20Moors,%20police%20said.",
        "https://www.facebook.com/dialog/send?app_id=1140125340199187&#038;link=https://www.pressandjournal.co.uk/news/uk/6310501/three-men-die-after-4x4-recovered-from-river/&#038;redirect_uri=https://www.pressandjournal.co.uk/news/uk/6310501/three-men-die-after-4x4-recovered-from-river",
        "https://www.twitter.com/NYorksPolice/status/1740425994073247766?ref_src=twsrc%5Etfw",
        "https://twitter.com/NYorksPolice/status/1740425994073247766",
        "https://www.linkedin.com/sharing/share-offsite/?url=https://www.pressandjournal.co.uk/news/uk/6310501/three-men-die-after-4x4-recovered-from-river",
        "https://www.t.co/AvDT3TiqCk",
        "https://facebook.com/sharer/sharer.php?u=https://pressandjournal.co.uk/news/uk/6310501/three-men-die-after-4x4-recovered-from-river/",
        "https://linkedin.com/sharing/share-offsite/?url=https://pressandjournal.co.uk/news/uk/6310501/three-men-die-after-4x4-recovered-from-river/",
        "https://facebook.com/dialog/send?app_id=1140125340199187&#038;link=https://pressandjournal.co.uk/news/uk/6310501/three-men-die-after-4x4-recovered-from-river/&#038;redirect_uri=https://pressandjournal.co.uk/news/uk/6310501/three-men-die-after-4x4-recovered-from-river/",
        "https://twitter.com/intent/tweet?url=https://pressandjournal.co.uk/news/uk/6310501/three-men-die-after-4x4-recovered-from-river/",
        "https://www.facebook.com/dialog/send",
        "https://www.facebook.com/sharer/sharer.php?u=https://www.pressandjournal.co.uk/news/uk/6310501/three-men-die-after-4x4-recovered-from-river",
        "https://api.whatsapp.com/send",
        "https://www.linkedin.com/sharing/share-offsite/",
        "https://twitter.com/intent/tweet",
        "https://secure.gravatar.com/avatar/1c5f119976445a15ecafac226a9ca9bd"
    ],
    "external_images": [],
    "entities": {
        "persons": [
            {
                "name": "dave thompson",
                "sentiment": "none"
            }
        ],
        "organizations": [
            {
                "name": "by press association",
                "sentiment": "negative"
            },
            {
                "name": "facebook twitter whatsapp messenger linkedin email post",
                "sentiment": "none"
            },
            {
                "name": "north yorkshire police",
                "sentiment": "none"
            }
        ],
        "locations": [
            {
                "name": "north york",
                "sentiment": "none"
            },
            {
                "name": "north york moors",
                "sentiment": "none"
            },
            {
                "name": "glaisdale",
                "sentiment": "none"
            },
            {
                "name": "river esk",
                "sentiment": "none"
            }
        ]
    },
    "rating": null,
    "crawled": "2023-12-29T00:13:17.831+02:00",
    "updated": "2023-12-29T00:13:17.831+02:00"
}