{
    "thread": {
        "uuid": "a49a80e5d3b61cbf515488eab71d619153d953b9",
        "url": "https://www.livingstondaily.com/story/money/2023/12/28/blendjet-2-portable-blender-recall-overheating/72049268007/",
        "site_full": "www.livingstondaily.com",
        "site": "livingstondaily.com",
        "site_section": "http://www.livingstondaily.com",
        "site_categories": [
            "real_estate",
            "buying_selling_homes"
        ],
        "section_title": "Livingston Daily - Home",
        "title": "BlendJet 2 recall: 4.8 million blenders pulled over safety concerns",
        "title_full": "BlendJet 2 recall: 4.8 million blenders pulled over safety concerns",
        "published": "2023-12-28T22:02:00.000+02:00",
        "replies_count": 0,
        "participants_count": 1,
        "site_type": "news",
        "country": "US",
        "main_image": "",
        "performance_score": 0,
        "domain_rank": 52538,
        "domain_rank_updated": "2023-12-26T12:06:25.000+02:00",
        "reach": null,
        "social": {
            "facebook": {
                "likes": 0,
                "comments": 0,
                "shares": 0
            },
            "gplus": {
                "shares": 0
            },
            "pinterest": {
                "shares": 0
            },
            "linkedin": {
                "shares": 0
            },
            "stumbledupon": {
                "shares": 0
            },
            "vk": {
                "shares": 0
            }
        }
    },
    "uuid": "a49a80e5d3b61cbf515488eab71d619153d953b9",
    "url": "https://www.livingstondaily.com/story/money/2023/12/28/blendjet-2-portable-blender-recall-overheating/72049268007/",
    "ord_in_thread": 0,
    "parent_url": null,
    "author": "Emilee Coblentz",
    "published": "2023-12-28T22:02:00.000+02:00",
    "title": "BlendJet 2 recall: 4.8 million blenders pulled over safety concerns",
    "text": "BlendJet recalls nearly 5 million blenders after reports of property damage, injuries [Emilee Coblentz](https://www.usatoday.com/staff/6093189001/emilee-coblentz/) Portable blender maker [BlendJet](https://blendjet.com/) is voluntarily [recalling](https://www.usatoday.com/recalls/) nearly 5 million of its BlendJet 2 blenders following reports of property damage and injury accrued due to the product overheating. In addition to those reports, 329 complaints were received of the blades breaking while in use, according to a [warning issued Thursday](https://www.cpsc.gov/Recalls/2024/BlendJet-Recalls-4-8-Million-BlendJet-2-Portable-Blenders-Due-to-Fire-and-Laceration-Hazards) by the Consumer Product Safety Commission, from which one laceration injury was documented. Consumers also reported $150,000 in property damage as a result of the 17 instances of the units overheating, some resulting in house fires. Nearly 50 cases of minor burns were reported as well. Though the CPSC urges consumers to stop using these blenders immediately, the [company states](https://blendjet.com/safetyandrecall) that BlendJet 2's currently for sale are safe to use and not impacted by this recall. Search USA TODAY's recall database: [Publicly available recall data, including consumer products, food, drug and automotive](https://www.usatoday.com/recalls/) Is my BlendJet 2 recalled? A variety of colors and designs of the recalled BlendJet 2 units were sold from October 2020 through November 2023 at Costco, Walmart, Target and other stores nationwide and on [BlendJet's website](https://blendjet.com/). The affected blenders are 9.5 inches by 3 inches, 1.5 pounds and retailed between $50 and $75. To know if your blender is recalled, check the serial number printed at the bottom of its base. If the first 4 digits are between 5201-5542, that product may be subject to recall. To confirm, you can enter your serial number on [BlendJet's site](https://snlookup.blendjet.com/). If you want more information, you can go to [blendjet.com/safetyandrecall](https://blendjet.com/safetyandrecall). After doing so, if you have further questions, you can fill out [this form](https://blendjet.gorgias.help/en-US/contact) and select \"Recall Information\" from the dropdown menu. Replacements are available Free replacements are available through BlendJet. To receive one, the company asks that you remove and cut the rubber seal from the base of your blender in more than three pieces. Then, upload or email a photo that shows the product's serial number along with proof that the rubber seal has been destroyed. You can complete that process on the company's site at [ blendjet.com/safetyandrecall](http://www.blendjet.com/safetyandrecall) or email your proof to [safety@blendjet.com](mailto:safety@blendjet.com).",
    "highlightText": "",
    "highlightTitle": "",
    "highlightThreadTitle": "",
    "language": "english",
    "sentiment": "negative",
    "categories": [
        "Disaster and Accident"
    ],
    "external_links": [
        "http://www.blendjet.com/safetyandrecall)",
        "https://blendjet.com/safetyandrecall)",
        "https://www.cpsc.gov/Recalls/2024/BlendJet-Recalls-4-8-Million-BlendJet-2-Portable-Blenders-Due-to-Fire-and-Laceration-Hazards)",
        "https://snlookup.blendjet.com/).",
        "https://blendjet.com/).",
        "https://www.usatoday.com/staff/6093189001/emilee-coblentz/)",
        "https://blendjet.com/)",
        "https://www.usatoday.com/recalls/)",
        "https://blendjet.com/safetyandrecall).",
        "https://blendjet.gorgias.help/en-US/contact)",
        "https://usatoday.com/staff/6093189001/emilee-coblentz/)",
        "http://blendjet.com/safetyandrecall)",
        "https://www.snlookup.blendjet.com/).",
        "https://usatoday.com/recalls/)",
        "https://www.blendjet.com/safetyandrecall).",
        "https://www.blendjet.com/safetyandrecall)",
        "https://www.blendjet.gorgias.help/en-US/contact)",
        "https://cpsc.gov/Recalls/2024/BlendJet-Recalls-4-8-Million-BlendJet-2-Portable-Blenders-Due-to-Fire-and-Laceration-Hazards)",
        "https://www.blendjet.com/)",
        "https://www.blendjet.com/)."
    ],
    "external_images": [],
    "entities": {
        "persons": [
            {
                "name": "emilee coblen",
                "sentiment": "negative"
            }
        ],
        "organizations": [
            {
                "name": "consumer product safety commission",
                "sentiment": "none"
            },
            {
                "name": "cpsc",
                "sentiment": "none"
            }
        ],
        "locations": []
    },
    "rating": null,
    "crawled": "2023-12-29T00:37:37.942+02:00",
    "updated": "2023-12-29T00:37:37.942+02:00"
}