{
    "thread": {
        "uuid": "334db882b0fd305d3d3a16521d93dbfbfc4c96c8",
        "url": "https://ground.news/article/two-were-taken-to-hospital-after-accident-involving-illegal-fireworks",
        "site_full": "ground.news",
        "site": "ground.news",
        "site_section": "https://ground.news/interest/berlingskedk_3bad8b",
        "site_categories": [],
        "section_title": "berlingske.dk Breaking News Headlines Today | Ground News",
        "title": "Ground News - Two were taken to hospital after accident involving illegal fireworks",
        "title_full": "Ground News - Two were taken to hospital after accident involving illegal fireworks",
        "published": "2023-12-28T23:04:00.000+02:00",
        "replies_count": 0,
        "participants_count": 1,
        "site_type": "news",
        "country": "CA",
        "main_image": "",
        "performance_score": 0,
        "domain_rank": 29780,
        "domain_rank_updated": "2023-12-26T12:06:20.000+02:00",
        "reach": null,
        "social": {
            "facebook": {
                "likes": 0,
                "comments": 0,
                "shares": 0
            },
            "gplus": {
                "shares": 0
            },
            "pinterest": {
                "shares": 0
            },
            "linkedin": {
                "shares": 0
            },
            "stumbledupon": {
                "shares": 0
            },
            "vk": {
                "shares": 0
            }
        }
    },
    "uuid": "334db882b0fd305d3d3a16521d93dbfbfc4c96c8",
    "url": "https://ground.news/article/two-were-taken-to-hospital-after-accident-involving-illegal-fireworks",
    "ord_in_thread": 0,
    "parent_url": null,
    "author": "berlingske.dk",
    "published": "2023-12-28T23:04:00.000+02:00",
    "title": "Ground News - Two were taken to hospital after accident involving illegal fireworks",
    "text": "Summary by berlingske.dk Two men had to go to hospital after they ignited a larger quantity of illegal fireworks. They are not in mortal danger. Share menu More\nFilters 2 Articles 2 Articles All Left Center Right\nPolitiken Two were taken to hospital after accident involving illegal fireworks Two men were admitted to the hospital, after they suspected an illegal firework. They are not in mortal danger.\n46 minutes ago · Copenhagen, Denmark Read Full Article\nPolitiken\nTwo were taken to hospital after accident involving illegal fireworks Two men were admitted to the hospital, after they suspected an illegal firework. They are not in mortal danger.\n46 minutes ago · Copenhagen, Denmark Read Full Article berlingske.dk Lean Right Mixed Factuality Independent: Berlingske Media Two were taken to hospital after accident involving illegal fireworks Two men had to go to hospital after they ignited a larger quantity of illegal fireworks. They are not in mortal danger.\n59 minutes ago · Copenhagen, Denmark Read Full Article\nberlingske.dk Lean Right Mixed Factuality Independent: Berlingske Media\nTwo were taken to hospital after accident involving illegal fireworks Two men had to go to hospital after they ignited a larger quantity of illegal fireworks. They are not in mortal danger.\n59 minutes ago · Copenhagen, Denmark Read Full Article Think freely. Subscribe and get full access to Ground News Subscriptions start at $9.99/year Subscribe",
    "highlightText": "",
    "highlightTitle": "",
    "highlightThreadTitle": "",
    "language": "english",
    "sentiment": "negative",
    "categories": [
        "Disaster and Accident"
    ],
    "external_links": [
        "https://politiken.dk/danmark/art9682832/To-blev-k%C3%B8rt-p%C3%A5-hospitalet-efter-ulykke-med-ulovligt-fyrv%C3%A6rkeri?utm_source=ground.news&utm_medium=referral",
        "https://www.berlingske.dk/samfund/to-blev-koert-paa-hospitalet-efter-ulykke-med-ulovligt-fyrvaerkeri?utm_source=ground.news&utm_medium=referral",
        "https://politiken.dk/danmark/art9682832/To-blev-k%C3%B8rt-p%C3%A5-hospitalet-efter-ulykke-med-ulovligt-fyrv%C3%A6rkeri",
        "https://berlingske.dk/samfund/to-blev-koert-paa-hospitalet-efter-ulykke-med-ulovligt-fyrvaerkeri?utm_source=ground.news&utm_medium=referral",
        "https://www.politiken.dk/danmark/art9682832/To-blev-k%C3%B8rt-p%C3%A5-hospitalet-efter-ulykke-med-ulovligt-fyrv%C3%A6rkeri?utm_source=ground.news&utm_medium=referral",
        "https://www.berlingske.dk/samfund/to-blev-koert-paa-hospitalet-efter-ulykke-med-ulovligt-fyrvaerkeri"
    ],
    "external_images": [],
    "entities": {
        "persons": [],
        "organizations": [],
        "locations": [
            {
                "name": "copenhagen",
                "sentiment": "none"
            },
            {
                "name": "denmark",
                "sentiment": "none"
            }
        ]
    },
    "rating": null,
    "crawled": "2023-12-29T00:03:32.068+02:00",
    "updated": "2023-12-29T00:03:32.068+02:00"
}