{
    "thread": {
        "uuid": "927dc0918a6c663e8a91a1262c34699477c95baa",
        "url": "https://www.heraldo.es/noticias/aragon/huesca/2023/12/28/dos-accidentes-trafico-huesca-agitada-noche-1700593.html",
        "site_full": "www.heraldo.es",
        "site": "heraldo.es",
        "site_section": "https://www.heraldo.es/rss/",
        "site_categories": [
            "media"
        ],
        "section_title": "HERALDO.ES - Lo último",
        "title": "Agitada noche en las calles de Huesca con dos accidentes de tráfico en pocos minutos",
        "title_full": "Agitada noche en las calles de Huesca con dos accidentes de tráfico en pocos minutos",
        "published": "2023-12-28T23:22:00.000+02:00",
        "replies_count": 0,
        "participants_count": 1,
        "site_type": "news",
        "country": "ES",
        "main_image": "https://imagenes.heraldo.es/files/og_thumbnail/uploads/imagenes/2023/12/28/un-coche-accidentado-en-huesca-este-jueves-28-de-diciembre.jpeg",
        "performance_score": 0,
        "domain_rank": 9900,
        "domain_rank_updated": "2023-12-26T12:06:20.000+02:00",
        "reach": null,
        "social": {
            "facebook": {
                "likes": 0,
                "comments": 0,
                "shares": 1
            },
            "gplus": {
                "shares": 0
            },
            "pinterest": {
                "shares": 0
            },
            "linkedin": {
                "shares": 0
            },
            "stumbledupon": {
                "shares": 0
            },
            "vk": {
                "shares": 0
            }
        }
    },
    "uuid": "927dc0918a6c663e8a91a1262c34699477c95baa",
    "url": "https://www.heraldo.es/noticias/aragon/huesca/2023/12/28/dos-accidentes-trafico-huesca-agitada-noche-1700593.html",
    "ord_in_thread": 0,
    "parent_url": null,
    "author": "redaccion@heraldo.es (Isabel García Macías)",
    "published": "2023-12-28T23:22:00.000+02:00",
    "title": "Agitada noche en las calles de Huesca con dos accidentes de tráfico en pocos minutos",
    "text": "sucesos en huesca Agitada noche en las calles de Huesca con dos accidentes de tráfico en pocos minutos Una mujer ha resultado herida tras estampar su coche contra una farola en la avenida de los Danzantes. La [Policía Local de Huesca](https://www.heraldo.es/tags/instituciones_empresas/policia_local_huesca.html) ha informado de dos accidentes de tráfico ocurridos en las últimas horas. El primero de ellos se ha producido en torno a las 21.00 de este jueves en la avenida de los Danzantes, en la rotonda que da a la calle de Balsas de Chirín. Según indican los agentes, una mujer ha tomado un tramo en contra dirección y el vehículo que conducía ha chocado contra una farola. El choque ha ocurrido al salir el turismo del estacionamiento de tierra que hay tras pasar el aparcamiento situado junto a una industria cárnica. \"En vez de salir hacia la derecha, hacia el paseo de Ramón y Cajal, el vehículo se ha desplazado en contra dirección\", explican las mismas fuentes. Como consecuencia del accidente, la mujer que lo conducía ha resultado herida leve y ha sido trasladada al [Hospital Universitario San Jorge](https://www.heraldo.es/tags/instituciones_empresas/hospital-universitario-san-jorge.html) de la capital oscense. Las pruebas de alcoholemia y drogas han dado resultados negativos. Hasta el lugar del suceso se han trasladado los [Bomberos](https://www.heraldo.es/tags/instituciones_empresas/bomberos_huesca.html) para retirar la farola dañada. Casi a la misma hora se ha producido otro accidente de circulación en la confluencia de las calles Doña Sancha y Calatayud, en la zona de los Olivos. Dos vehículos han colisionado al no respetar el stop el que venía desde Doña Sancha, según han informado desde el Ayuntamiento. Afortunadamente, no ha habido heridos, pero los daños materiales parecen cuantiosos. El conductor que venía de Doña Sancha (que al parecer es de fuera de Huesca) no se ha dado cuenta de la señal de stop y el de calle Calatayud se lo ha llevado por delante, han indicado las mismas fuentes. [Regístrate gratis](https://www.heraldo.es) [Iniciar sesión](https://www.heraldo.es)",
    "highlightText": "",
    "highlightTitle": "",
    "highlightThreadTitle": "",
    "language": "spanish",
    "sentiment": "negative",
    "categories": [
        "Disaster and Accident"
    ],
    "external_links": [],
    "external_images": [],
    "entities": {
        "persons": [],
        "organizations": [],
        "locations": []
    },
    "rating": null,
    "crawled": "2023-12-29T00:37:56.877+02:00",
    "updated": "2023-12-30T00:20:43.372+02:00"
}