{
    "thread": {
        "uuid": "831dd0f6ac66a17965ce18ed5221c4a4ef88b8ee",
        "url": "https://sports.caracoltv.com/deportes/estremecedora-caida-de-un-esquiador-en-la-copa-del-mundo-fue-retirado-en-helicoptero-rs15",
        "site_full": "sports.caracoltv.com",
        "site": "caracoltv.com",
        "site_section": "https://sports.caracoltv.com",
        "site_categories": [],
        "section_title": "Caracol Sports: resultados, noticias y transmisiones de todos los deportes",
        "title": "Estremecedora caída de un esquiador, en la Copa del Mundo: fue retirado en helicóptero - CaracolSports",
        "title_full": "Estremecedora caída de un esquiador, en la Copa del Mundo: fue retirado en helicóptero - CaracolSports",
        "published": "2023-12-28T22:25:00.000+02:00",
        "replies_count": 0,
        "participants_count": 1,
        "site_type": "news",
        "country": "CO",
        "main_image": "https://caracoltv.brightspotcdn.com/dims4/default/76189ed/2147483647/strip/true/crop/1000x486+0+90/resize/1440x700!/quality/90/?url=http%3A%2F%2Fcaracol-brightspot.s3.amazonaws.com%2F05%2F7a%2F717d54db43c29ff2a48b52530bb9%2Fmarco-schwarz-esquiador-copa-del-mundo.jpg",
        "performance_score": 0,
        "domain_rank": 23050,
        "domain_rank_updated": "2023-12-26T12:06:20.000+02:00",
        "reach": null,
        "social": {
            "facebook": {
                "likes": 0,
                "comments": 0,
                "shares": 0
            },
            "gplus": {
                "shares": 0
            },
            "pinterest": {
                "shares": 0
            },
            "linkedin": {
                "shares": 0
            },
            "stumbledupon": {
                "shares": 0
            },
            "vk": {
                "shares": 0
            }
        }
    },
    "uuid": "831dd0f6ac66a17965ce18ed5221c4a4ef88b8ee",
    "url": "https://sports.caracoltv.com/deportes/estremecedora-caida-de-un-esquiador-en-la-copa-del-mundo-fue-retirado-en-helicoptero-rs15",
    "ord_in_thread": 0,
    "parent_url": null,
    "author": "Caracol Sports",
    "published": "2023-12-28T22:25:00.000+02:00",
    "title": "Estremecedora caída de un esquiador, en la Copa del Mundo: fue retirado en helicóptero - CaracolSports",
    "text": "Estremecedora caída de un esquiador, en la Copa del Mundo: fue retirado en helicóptero Momentos de máxima tensión se vivieron, este jueves, en Italia, luego de que Marco Schwarz, esquiador favorito al título, sufriera un fuerte accidente en competencia. Marco Schwarz, promesa austríaca del esquí alpino que lideraba la clasificación de la general de la Copa del Mundo, no podrá volver a competir en la actual temporada debido a las serias heridas que sufrió este jueves durante el descenso de Bormio (Italia). Así lo informó la Federación Austríaca de Esquí (ÖSV) al comunicar el diagnóstico que le hicieron los médicos a Schwarz en un hospital de Innsbruck, capital del Tirol. En una estrepitosa caída en Bormio, el esquiador de 28 años \"sufrió una [rotura del ligamento cruzado, una rotura del menisco interno y daños en el cartílago de su rodilla derecha](https://sports.caracoltv.com/deportes) El atleta será operado el viernes, en la clínica privada de Hochrum por el especialista Christian Fink, el mismo que hace unos días operó al futbolista austríaco David Alaba, defensa del Real Madrid, de su lesión de ligamento cruzado. Das sieht nicht gut aus. Alles Gute für Marco Schwarz!— storymakers (@mz_storymakers) [#Bormio] [#Downhill] [#fisalpine] [@Ski_Austria_] [pic.twitter.com/4SLv6EG1RD] [December 28, 2023] Publicidad \"Como nos temíamos, el diagnóstico de Marco es desgraciadamente muy grave. La temporada ha terminado, por supuesto, lo que supone una amarga pérdida para todo el equipo\", declaró el jefe del esquí alpino, Herbert Mandl, citado por la agencia local APA. Tras caer durante el descenso en Bormio, Schwarz, que salía en la decimoséptima posición, se salió de la pista y terminó contra las vallas protectoras, teniendo que ser, primero, atendido, bloqueada su pierna derecha y, tras unos minutos, ser trasladado en un helicóptero a Innsbruck. ⛷️💥🇦🇹 La forta caiguda de Marco Schwarz al descens de Bormio— laneualdia (@laneualdia) [#infoneu] [#infonieve] [#nieve] [#esquí] [#snowboard] [#ski] [#snow] [#neu] [https://t.co/27K9gVmEAx] [pic.twitter.com/OfVjqUkDCl] [December 28, 2023] Ello motivó que la prueba fuera interrumpida durante una veintena de minutos. Publicidad Schwarz, después de quedar primero en el eslalon de Madonna di Campiglio, fue el único esquiador que había logrado clasificarse entre los 10 primeros en todas las disciplinas. Acudió a Bormio como cabeza de la general de la Copa del Mundo y aspiraba a consolidarse este invierno como uno de los mejores en todas las categorías. [\"El objetivo ahora está claro: quiero volver a estar donde estaba. Voy a darlo todo\"](https://sports.caracoltv.com/deportes)",
    "highlightText": "",
    "highlightTitle": "",
    "highlightThreadTitle": "",
    "language": "spanish",
    "sentiment": "negative",
    "categories": [
        "Sport",
        "Human Interest",
        "Disaster and Accident"
    ],
    "external_links": [
        "https://t.co/27K9gVmEAx",
        "https://www.t.co/27K9gVmEAx"
    ],
    "external_images": [],
    "entities": {
        "persons": [],
        "organizations": [],
        "locations": []
    },
    "rating": null,
    "crawled": "2023-12-29T00:29:26.642+02:00",
    "updated": "2023-12-29T00:29:26.642+02:00"
}