{
    "thread": {
        "uuid": "bfeb5a2d1bfc677fd55649eb6836b157420c113e",
        "url": "https://www.nsctotal.com.br/noticias/video-capela-mortuaria-de-igreja-tombada-em-sc-pega-fogo",
        "site_full": "www.nsctotal.com.br",
        "site": "nsctotal.com.br",
        "site_section": "https://www.nsctotal.com.br/feed",
        "site_categories": [
            "media"
        ],
        "section_title": "NSC Total",
        "title": "VÍDEO: Capela mortuária de igreja tombada em SC pega fogo - NSC Total",
        "title_full": "VÍDEO: Capela mortuária de igreja tombada em SC pega fogo - NSC Total",
        "published": "2023-12-29T00:11:00.000+02:00",
        "replies_count": 0,
        "participants_count": 1,
        "site_type": "news",
        "country": "BR",
        "main_image": "https://img.nsctotal.com.br/wp-content/uploads/2023/12/incendio--1.jpg",
        "performance_score": 0,
        "domain_rank": 51004,
        "domain_rank_updated": "2023-12-26T12:06:25.000+02:00",
        "reach": null,
        "social": {
            "facebook": {
                "likes": 0,
                "comments": 0,
                "shares": 0
            },
            "gplus": {
                "shares": 0
            },
            "pinterest": {
                "shares": 0
            },
            "linkedin": {
                "shares": 0
            },
            "stumbledupon": {
                "shares": 0
            },
            "vk": {
                "shares": 0
            }
        }
    },
    "uuid": "bfeb5a2d1bfc677fd55649eb6836b157420c113e",
    "url": "https://www.nsctotal.com.br/noticias/video-capela-mortuaria-de-igreja-tombada-em-sc-pega-fogo",
    "ord_in_thread": 0,
    "parent_url": null,
    "author": "Kássia Salles",
    "published": "2023-12-29T00:11:00.000+02:00",
    "title": "VÍDEO: Capela mortuária de igreja tombada em SC pega fogo - NSC Total",
    "text": "A capela mortuária ao lado da Igreja de São Miguel Arcanjo, em Biguaçu, Grande Florianópolis, pegou fogo na tarde desta quinta-feira (28). O Corpo de Bombeiros Militar de Santa Catarina atua no combate às chamas.\nContinua depois da publicidade\nReceba notícias de Santa Catarina pelo WhatsApp\nSegundo os bombeiros, um caminhão de combate a incêndio, um caminhão tanque e uma viatura de resgate foram deslocados para a ocorrência. Não há informações sobre os feridos ou sobre a causa do incêndio.\nVeja o vídeo do incêndio Igreja tem mais de 200 anos e é tombada A Igreja de São Miguel Arcanjo fica às margens da BR-101, em Biguaçu, e foi inaugurada em 1751. O sino dela foi doado em 1845 pelo imperador Dom Pedro II durante sua visita a Santa Catarina. O item foi furtado em junho deste ano , mas foi encontrado pela polícia.\nLeia mais Mortes por dengue batem recorde em SC e no Brasil em 2023\nContinua depois da publicidade\nAssalto a boate em SC tem mulher algemada, agressões e “limpa” de joias\nDuplicação da BR-470 chega a 80% e vídeo mostra antes e depois da obra; assista",
    "highlightText": "",
    "highlightTitle": "",
    "highlightThreadTitle": "",
    "language": "portuguese",
    "sentiment": "negative",
    "categories": [
        "Human Interest",
        "Disaster and Accident",
        "Religion and Belief"
    ],
    "external_links": [
        "https://www.dailymotion.com/embed/video/x8qyvl2",
        "https://dailymotion.com/embed/video/x8qyvl2"
    ],
    "external_images": [],
    "entities": {
        "persons": [],
        "organizations": [],
        "locations": []
    },
    "rating": null,
    "crawled": "2023-12-29T00:26:42.633+02:00",
    "updated": "2023-12-29T00:26:42.633+02:00"
}