{
    "thread": {
        "uuid": "fcf7b4ce1c7eb2351b46fde832cba2b35269406d",
        "url": "https://es-us.noticias.yahoo.com/cad%C3%A1veres-encontrados-coche-ser-mujer-205438243.html",
        "site_full": "es-us.noticias.yahoo.com",
        "site": "yahoo.com",
        "site_section": "https://es-us.noticias.yahoo.com/video/",
        "site_categories": [
            "search_engine",
            "media",
            "tech"
        ],
        "section_title": "Video.Las últimas noticias y titulares | Yahoo Noticias en Español",
        "title": "Los cadáveres encontrados en un coche podrían ser los de una mujer embarazada desaparecida y el de su novio",
        "title_full": "Los cadáveres encontrados en un coche podrían ser los de una mujer embarazada desaparecida y el de su novio",
        "published": "2023-12-28T22:54:00.000+02:00",
        "replies_count": 0,
        "participants_count": 1,
        "site_type": "news",
        "country": "US",
        "main_image": "https://s.yimg.com/ny/api/res/1.2/Imk4siXffYXIwUcnVLu5wg--/YXBwaWQ9aGlnaGxhbmRlcjt3PTEyMDA7aD02NzU-/https://media.zenfs.com/en/cnn_espanol_video_817/96ec9968b1aab9bb81d1b5c0a35ca0f7",
        "performance_score": 0,
        "domain_rank": 37,
        "domain_rank_updated": "2023-12-26T12:06:20.000+02:00",
        "reach": null,
        "social": {
            "facebook": {
                "likes": 0,
                "comments": 0,
                "shares": 0
            },
            "gplus": {
                "shares": 0
            },
            "pinterest": {
                "shares": 0
            },
            "linkedin": {
                "shares": 0
            },
            "stumbledupon": {
                "shares": 0
            },
            "vk": {
                "shares": 0
            }
        }
    },
    "uuid": "fcf7b4ce1c7eb2351b46fde832cba2b35269406d",
    "url": "https://es-us.noticias.yahoo.com/cad%C3%A1veres-encontrados-coche-ser-mujer-205438243.html",
    "ord_in_thread": 0,
    "parent_url": null,
    "author": "BBC News Mundo",
    "published": "2023-12-28T22:54:00.000+02:00",
    "title": "Los cadáveres encontrados en un coche podrían ser los de una mujer embarazada desaparecida y el de su novio",
    "text": "CNN Espanol Video Los cadáveres encontrados en un coche podrían ser los de una mujer embarazada desaparecida y el de su novio Leer todo el artículo CNN Espanol Video 28 de diciembre de 2023, 11:54 p. m.\nLos cuerpos de la adolescente tejana desaparecida Savannah Soto y de su novio Matthew Guerra podrían haber sido encontrados dentro de un coche estacionado cerca de un complejo de apartamentos en San Antonio, Texas, según la Policía. KSAT, afiliada de CNN, tiene los detalles.\nMÁS POPULARES La fiesta de celebridades \"casi desnudas\" que provocó un escándalo político en Rusia BBC News Mundo · 4 min de lectura Las espeluznantes predicciones de Baba Vanga para el 2024 LA NACION · 3 min de lectura El pez invasor de 200 kilos que se alimenta de pirañas y avanza implacable por la Amazonía BBC News Mundo · 5 min de lectura Maduro volvió a arremeter contra Milei, lo tildó de “pitiyanqui y progringo” e hizo una advertencia LA NACION · 2 min de lectura Loret responde a AMLO tras vincularlo con empresas de medicinas El Universal · 1 min de lectura",
    "highlightText": "",
    "highlightTitle": "",
    "highlightThreadTitle": "",
    "language": "spanish",
    "sentiment": "negative",
    "categories": [
        "Human Interest",
        "Disaster and Accident",
        "Crime, Law and Justice"
    ],
    "external_links": [
        "https://cnnespanol.cnn.com/",
        "https://s.yimg.com/uu/api/res/1.2/PVpHdoe4paqKCepyb91mcQ--~B/Zmk9c3RyaW07aD0yMjQ7cT04MDt3PTIyNDthcHBpZD15dGFjaHlvbg--/https://media.zenfs.com/es/bbc_news_mundo_254/a45c810a33cbd152c5b599a78105a4e6",
        "https://s.yimg.com/uu/api/res/1.2/H7vlO3BJIqXwY0k_6cc8yg--~B/Zmk9c3RyaW07aD0yMjQ7cT04MDt3PTIyNDthcHBpZD15dGFjaHlvbg--/https://media.zenfs.com/es/lanacion.com.ar/f3351dbd45afe4943014f0738176656a",
        "https://s.yimg.com/ny/api/res/1.2/Imk4siXffYXIwUcnVLu5wg--/YXBwaWQ9aGlnaGxhbmRlcjt3PTEyMDA7aD02NzU-/https://media.zenfs.com/en/cnn_espanol_video_817/96ec9968b1aab9bb81d1b5c0a35ca0f7",
        "https://s.yimg.com/uu/api/res/1.2/pg7QHIU9Rzttl3bxZswi2Q--~B/Zmk9c3RyaW07aD0yMjQ7cT04MDt3PTIyNDthcHBpZD15dGFjaHlvbg--/https://media.zenfs.com/es/eluniversal.com.mx/08bac5708f1dd5991267a45bcdfa917a",
        "https://s.yimg.com/ny/api/res/1.2/_KkzPowPbweIzSpNdzAbIw--/YXBwaWQ9aGlnaGxhbmRlcjt3PTcwO2g9NDg-/https://s.yimg.com/os/creatr-uploaded-images/2023-06/9982aab0-095d-11ee-bb5f-50687ea99d89",
        "https://s.yimg.com/uu/api/res/1.2/nZChwAbKP.j1i7S2EFzaYQ--~B/Zmk9c3RyaW07aD0yMjQ7cT04MDt3PTIyNDthcHBpZD15dGFjaHlvbg--/https://media.zenfs.com/es/lanacion.com.ar/54daa42cf7d61850657a66e9d0821326",
        "https://s.yimg.com/os/creatr-uploaded-images/2023-06/9982aab0-095d-11ee-bb5f-50687ea99d89",
        "https://media.zenfs.com/en/cnn_espanol_video_817/96ec9968b1aab9bb81d1b5c0a35ca0f7",
        "https://www.facebook.com/dialog/feed?app_id=458584288257241&link=https%3A%2F%2Fes-us.noticias.yahoo.com%2Fcad%25C3%25A1veres-encontrados-coche-ser-mujer-205438243.html%3Fsoc_src%3Dsocial-sh%26soc_trk%3Dfb%26tsrc%3Dfb",
        "https://twitter.com/intent/tweet?text=Los%20cad%C3%A1veres%20encontrados%20en%20un%20coche%20podr%C3%ADan%20ser%20los%20de%20una%20mujer%20embarazada%20desaparecida%20y%20el%20de%20su%20novio&url=https%3A%2F%2Fes-us.noticias.yahoo.com%2Fcad%25C3%25A1veres-encontrados-coche-ser-mujer-205438243.html%3Fsoc_src%3Dsocial-sh%26soc_trk%3Dtw%26tsrc%3Dtwtr&via=Yahoo",
        "https://s.yimg.com/uu/api/res/1.2/tKk9Ty3jJ_J4r1Ha1cWTGQ--~B/Zmk9c3RyaW07aD0zNjA7dz02NDA7c209MTthcHBpZD15dGFjaHlvbg--/https://media.zenfs.com/en/cnn_espanol_video_817/96ec9968b1aab9bb81d1b5c0a35ca0f7)",
        "https://s.yimg.com/uu/api/res/1.2/iTKJuOaJfdnqDIAPyVKq6g--~B/Zmk9c3RyaW07aD0yMjQ7cT04MDt3PTIyNDthcHBpZD15dGFjaHlvbg--/https://media.zenfs.com/es/bbc_news_mundo_254/1389675d2498c1757e6baeab2e574e11",
        "https://s.yimg.com/uu/api/res/1.2/vWA4U5mjEhnqDLefU5r3ng--~B/aD05MDA7dz0xNjAwO2FwcGlkPXl0YWNoeW9u/https://media.zenfs.com/en/cnn_espanol_video_817/96ec9968b1aab9bb81d1b5c0a35ca0f7",
        "https://www.s.yimg.com/ny/api/res/1.2/_KkzPowPbweIzSpNdzAbIw--/YXBwaWQ9aGlnaGxhbmRlcjt3PTcwO2g9NDg-/https://www.s.yimg.com/os/creatr-uploaded-images/2023-06/9982aab0-095d-11ee-bb5f-50687ea99d89",
        "https://www.s.yimg.com/uu/api/res/1.2/H7vlO3BJIqXwY0k_6cc8yg--~B/Zmk9c3RyaW07aD0yMjQ7cT04MDt3PTIyNDthcHBpZD15dGFjaHlvbg--/https://www.media.zenfs.com/es/lanacion.com.ar/f3351dbd45afe4943014f0738176656a",
        "https://www.facebook.com/dialog/feed",
        "https://cnnespanol.cnn.com",
        "https://www.cnnespanol.cnn.com/",
        "https://www.media.zenfs.com/en/cnn_espanol_video_817/96ec9968b1aab9bb81d1b5c0a35ca0f7",
        "https://www.s.yimg.com/uu/api/res/1.2/nZChwAbKP.j1i7S2EFzaYQ--~B/Zmk9c3RyaW07aD0yMjQ7cT04MDt3PTIyNDthcHBpZD15dGFjaHlvbg--/https://www.media.zenfs.com/es/lanacion.com.ar/54daa42cf7d61850657a66e9d0821326",
        "https://www.s.yimg.com/uu/api/res/1.2/PVpHdoe4paqKCepyb91mcQ--~B/Zmk9c3RyaW07aD0yMjQ7cT04MDt3PTIyNDthcHBpZD15dGFjaHlvbg--/https://www.media.zenfs.com/es/bbc_news_mundo_254/a45c810a33cbd152c5b599a78105a4e6",
        "https://www.s.yimg.com/os/creatr-uploaded-images/2023-06/9982aab0-095d-11ee-bb5f-50687ea99d89",
        "https://www.s.yimg.com/ny/api/res/1.2/Imk4siXffYXIwUcnVLu5wg--/YXBwaWQ9aGlnaGxhbmRlcjt3PTEyMDA7aD02NzU-/https://www.media.zenfs.com/en/cnn_espanol_video_817/96ec9968b1aab9bb81d1b5c0a35ca0f7",
        "https://www.s.yimg.com/uu/api/res/1.2/vWA4U5mjEhnqDLefU5r3ng--~B/aD05MDA7dz0xNjAwO2FwcGlkPXl0YWNoeW9u/https://www.media.zenfs.com/en/cnn_espanol_video_817/96ec9968b1aab9bb81d1b5c0a35ca0f7",
        "https://www.s.yimg.com/uu/api/res/1.2/pg7QHIU9Rzttl3bxZswi2Q--~B/Zmk9c3RyaW07aD0yMjQ7cT04MDt3PTIyNDthcHBpZD15dGFjaHlvbg--/https://www.media.zenfs.com/es/eluniversal.com.mx/08bac5708f1dd5991267a45bcdfa917a",
        "https://facebook.com/dialog/feed?app_id=458584288257241&link=https%3A%2F%2Fes-us.noticias.yahoo.com%2Fcad%25C3%25A1veres-encontrados-coche-ser-mujer-205438243.html%3Fsoc_src%3Dsocial-sh%26soc_trk%3Dfb%26tsrc%3Dfb",
        "https://www.twitter.com/intent/tweet?text=Los%20cad%C3%A1veres%20encontrados%20en%20un%20coche%20podr%C3%ADan%20ser%20los%20de%20una%20mujer%20embarazada%20desaparecida%20y%20el%20de%20su%20novio&url=https%3A%2F%2Fes-us.noticias.yahoo.com%2Fcad%25C3%25A1veres-encontrados-coche-ser-mujer-205438243.html%3Fsoc_src%3Dsocial-sh%26soc_trk%3Dtw%26tsrc%3Dtwtr&via=Yahoo",
        "https://www.s.yimg.com/uu/api/res/1.2/tKk9Ty3jJ_J4r1Ha1cWTGQ--~B/Zmk9c3RyaW07aD0zNjA7dz02NDA7c209MTthcHBpZD15dGFjaHlvbg--/https://www.media.zenfs.com/en/cnn_espanol_video_817/96ec9968b1aab9bb81d1b5c0a35ca0f7)",
        "https://twitter.com/intent/tweet",
        "https://www.s.yimg.com/uu/api/res/1.2/iTKJuOaJfdnqDIAPyVKq6g--~B/Zmk9c3RyaW07aD0yMjQ7cT04MDt3PTIyNDthcHBpZD15dGFjaHlvbg--/https://www.media.zenfs.com/es/bbc_news_mundo_254/1389675d2498c1757e6baeab2e574e11"
    ],
    "external_images": [],
    "entities": {
        "persons": [],
        "organizations": [],
        "locations": []
    },
    "rating": null,
    "crawled": "2023-12-29T00:36:49.461+02:00",
    "updated": "2023-12-29T00:36:49.461+02:00"
}