{
    "thread": {
        "uuid": "175010245176f48e2fc5bd16e2501da6d53cc076",
        "url": "https://politica.expansion.mx/estados/2023/12/28/localizan-a-restos-de-dos-mineros-de-la-mina-el-pinabete",
        "site_full": "politica.expansion.mx",
        "site": "expansion.mx",
        "site_section": "https://politica.expansion.mx",
        "site_categories": [
            "non_standard_content",
            "adult"
        ],
        "section_title": "Expansión Política",
        "title": "Mina El Pinabete: localizan restos de dos mineros atrapados",
        "title_full": "Mina El Pinabete: localizan restos de dos mineros atrapados",
        "published": "2023-12-28T23:17:00.000+02:00",
        "replies_count": 0,
        "participants_count": 1,
        "site_type": "news",
        "country": "MX",
        "main_image": "https://cdn-3.expansion.mx/dims4/default/0df238f/2147483647/strip/true/crop/4545x2386+0+321/resize/1200x630!/format/jpg/quality/80/?url=https%3A%2F%2Fcdn-3.expansion.mx%2Ff6%2Ff3%2Fc7f992754a96bb5ce70b3e97a946%2Fel-pinabete.jpg",
        "performance_score": 0,
        "domain_rank": 12259,
        "domain_rank_updated": "2023-12-26T12:06:20.000+02:00",
        "reach": null,
        "social": {
            "facebook": {
                "likes": 0,
                "comments": 0,
                "shares": 0
            },
            "gplus": {
                "shares": 0
            },
            "pinterest": {
                "shares": 0
            },
            "linkedin": {
                "shares": 0
            },
            "stumbledupon": {
                "shares": 0
            },
            "vk": {
                "shares": 0
            }
        }
    },
    "uuid": "175010245176f48e2fc5bd16e2501da6d53cc076",
    "url": "https://politica.expansion.mx/estados/2023/12/28/localizan-a-restos-de-dos-mineros-de-la-mina-el-pinabete",
    "ord_in_thread": 0,
    "parent_url": null,
    "author": "(Foto: Mario Jasso/Curtoscuro.)",
    "published": "2023-12-28T23:17:00.000+02:00",
    "title": "Mina El Pinabete: localizan restos de dos mineros atrapados",
    "text": "Los restos de dos de los 10 mineros que quedaron atrapados el 3 de agosto de 2022 en la mina El Pinabete fueron localizados, informó la Coordinación Nacional de Protección Civil.\nA 512 días de que yacimiento carbonífero quedara inundado, las autoridades informaron sobre el hallazgos realizados este 27 de diciembre.\nPublicidad “El día de ayer se localizaron restos humanos, identificándolos como indicio biológico “A” y “B”. El indicio “A” se localizó a las 16:15 horas a una distancia aproximada de 2.20 metros del tiro vertical 4 y a las 16:29 horas se localizó el indicio biológico “B” a una distancia aproximada de 1.7 metros del mismo punto”, informó la institución a cargo de Laura Velázquez.\nLee: México FGR gira tres órdenes de aprehensión por caso de mina \"El Pinabete\" en Coahuila Los restos del “indicio B” fueron levantados por personal de la Fiscalía General del Estado de Coahuila y entregado al Ministerio Público en una unidad refrigerante, mientras que el biológico “A” quedó a resguardo por el Ministerio Público y este jueves se realizará su recuperación.\nLos cuerpos serán analizados para determinar a quién de los mineros corresponde. “Se mantienen los trabajos para lograr la localización de los ocho mineros restantes”, agregó la Coordinación Nacional de Protección Civil.\n𝐒𝐄 𝐂𝐎𝐍𝐅𝐈𝐑𝐌𝐀 𝐄𝐋 𝐇𝐀𝐋𝐋𝐀𝐙𝐆𝐎 𝐃𝐄 𝐑𝐄𝐒𝐓𝐎𝐒 𝐇𝐔𝐌𝐀𝐍𝐎𝐒 𝐄𝐍 𝐋𝐀 𝐌𝐈𝐍𝐀 𝐄𝐋 𝐏𝐈𝐍𝐀𝐁𝐄𝐓𝐄 𝐄𝐍 𝐒𝐀𝐁𝐈𝐍𝐀𝐒, 𝐂𝐎𝐀𝐇𝐔𝐈𝐋𝐀.\n🔸El día de ayer, durante el transcurso de la tarde y noche, se localizaron dos restos de cuerpos @laualzua pic.twitter.com/qdgi0xnXrW\n— Coordinación Nacional de Protección Civil (@CNPC_MX) December 28, 2023\nPublicidad Lo último #Guerrero: Reos se amotinan en Acapulco y secuestran a trabajadores en Taxco Estos son los Pueblos mágicos que puedes visitar en Hidalgo Fiscalía Edomex: enfrentamiento en Texcaltitlán fue en legítima defensa Publicidad Desde el 2 de septiembre se realizaron trabajos de excavación a cielo abierto para recuperar los cuerpos de los mineros que fueron identificados como:\n-Sergio Gabriel Cruz Gaytan de 42 años.\n-José Luis Míreles Arguijo de 45 años.\n-Jorge Luis Martínez Valdez de 34 años.\n-José Rogelio Moreno Morales de 22 años.\n-José Rogelio Moreno Leija de 42 años.\n-Margarito Rodríguez Palomares de 39 años.\n-Jaime Montelongo Pérez de 61 años.\n-Ramiro Torres Rodríguez de 24 años.\n-Mario Alberto Cabriales Uresti de 45 años.\n-Hugo Tijerina Amaya de 29 años.\nTe recomendamos: México #Coahuila: Avanza segunda etapa del rescate de cuerpos de mineros en El Pinabete Los trabajos de rescate a cargo de Protección Civil y de la Comisión Federal de Electricidad, han permitido el retiro de 2 millones 365,087 metros cúbicos de suelo y roca, que equivalen a cinco millones de toneladas de material.\n“Se mantienen los trabajos los siete días de la semana, las 24 horas del día, con personal de la CFE, CNPC y de las empresas contratistas en estrecha colaboración con la Sedena”, informó la institución.\nEn agosto de 2022 se anunció el plan de rescate de los restos de los mineros, el cual tomaría entre seis y 11 meses, sin embargo los primeros resultados se obtuvieron a los 16 meses.\nLo más visto La actriz Silvia Pinal y su paso por la política mexicana Caravana de migrantes será tema en la reunión entre AMLO, Blinken y Mayorkas El Tribunal de Michigan rechaza sacar a Trump de la papeleta electoral Coca-Cola y Rappi se unen para darle una segunda vida a los envases con un clic Publicidad Publicidad Tags Minas Coahuila SSP Recomendaciones Estados Familias de mineros: El plan de PC para rescatarlos duraría de seis a 11 meses 1 Min Read México Mineros atrapados en Coahuila: así han sido las labores de rescate 3 Min Read Más acerca del autor: Lidia Arista @ExpansionMx Newsletter",
    "highlightText": "",
    "highlightTitle": "",
    "highlightThreadTitle": "",
    "language": "spanish",
    "sentiment": "negative",
    "categories": [
        "Social Issue",
        "Disaster and Accident",
        "Human Interest"
    ],
    "external_links": [
        "https://twitter.com/ExpansionMx",
        "https://twitter.com/laualzua?ref_src=twsrc%5Etfw",
        "https://twitter.com/CNPC_MX/status/1740425892328005852?ref_src=twsrc%5Etfw",
        "https://t.co/qdgi0xnXrW",
        "https://manufactura.mx/minas",
        "https://ads.viralize.tv/display/?zid=AAFCBbHCIYWAfzh4",
        "https://twitter.com/laualzua",
        "https://twitter.com/CNPC_MX/status/1740425892328005852",
        "https://www.twitter.com/CNPC_MX/status/1740425892328005852?ref_src=twsrc%5Etfw",
        "https://ads.viralize.tv/display/",
        "https://www.t.co/qdgi0xnXrW",
        "https://www.manufactura.mx/minas",
        "https://www.twitter.com/ExpansionMx",
        "https://www.ads.viralize.tv/display/?zid=AAFCBbHCIYWAfzh4",
        "https://www.twitter.com/laualzua?ref_src=twsrc%5Etfw"
    ],
    "external_images": [],
    "entities": {
        "persons": [],
        "organizations": [],
        "locations": []
    },
    "rating": null,
    "crawled": "2023-12-29T00:21:58.998+02:00",
    "updated": "2023-12-29T00:21:58.998+02:00"
}