{
    "thread": {
        "uuid": "bdfc7466e8fe72a3ac1a4e29649d7d6f1e3f1012",
        "url": "https://vnexplorer.net/grave-pero-estable-actualizan-estado-de-salud-del-bebe-mas-grande-en-la-historia-de-chile-s697203.html",
        "site_full": "vnexplorer.net",
        "site": "vnexplorer.net",
        "site_section": "https://vnexplorer.net/feed",
        "site_categories": [
            "health",
            "cold_and_flu"
        ],
        "section_title": "Verified News Explorer Channel - VNExplorer",
        "title": "\"Grave, pero estable\": actualizan estado de salud del bebé más grande en la historia de Chile",
        "title_full": "\"Grave, pero estable\": actualizan estado de salud del bebé más grande en la historia de Chile",
        "published": "2023-12-29T00:21:00.000+02:00",
        "replies_count": 0,
        "participants_count": 1,
        "site_type": "news",
        "country": "US",
        "main_image": "https://img-s-msn-com.akamaized.net/tenant/amp/entityid/AA1malO3.img",
        "performance_score": 0,
        "domain_rank": 45352,
        "domain_rank_updated": "2023-12-26T12:06:25.000+02:00",
        "reach": null,
        "social": {
            "facebook": {
                "likes": 0,
                "comments": 0,
                "shares": 0
            },
            "gplus": {
                "shares": 0
            },
            "pinterest": {
                "shares": 0
            },
            "linkedin": {
                "shares": 0
            },
            "stumbledupon": {
                "shares": 0
            },
            "vk": {
                "shares": 0
            }
        }
    },
    "uuid": "bdfc7466e8fe72a3ac1a4e29649d7d6f1e3f1012",
    "url": "https://vnexplorer.net/grave-pero-estable-actualizan-estado-de-salud-del-bebe-mas-grande-en-la-historia-de-chile-s697203.html",
    "ord_in_thread": 0,
    "parent_url": null,
    "author": "VNExplorer",
    "published": "2023-12-29T00:21:00.000+02:00",
    "title": "\"Grave, pero estable\": actualizan estado de salud del bebé más grande en la historia de Chile",
    "text": "“Grave, pero estable”: actualizan estado de salud del bebé más grande en la historia de Chile\nEl Hospital Guillermo Grant Benavente actualizó el estado de salud del bebé más grande de la historia de Chile, el que pesó 7,105 kilogramos y midió 57 centímetros.\nA través de un comunicado, desde el recinto asistencial informaron que el recién nacido ingresó a las 14:15 horas proveniente de Curanilahue, donde se registró su nacimiento.\nRespecto a su estado de salud, indicaron que se encuentra “en condición grave, pero estable. Con ventilación mecánica, sometido a exámenes y en observación permanente por el equipo clínico de la UCI Neonatal, de nuestro establecimiento”.\nEl bebé nació pasadas las 8 de la mañana por cesárea, pero debido a patologías de base maternas debió ser trasladado al Hospital Regional de Concepción.\nEl padre del lactante, Luis Contreras, detalló que su pareja tiene 24 años y que actualmente está estable y recuperándose de la cesárea. Además reveló que su primera hija también pesó y midió más que el promedio nacional.\nElla, al igual que su hermano, nacieron con problemas a la glicemia.\nSobre el tamaño de sus hijos, indicó que “de parte de mi familia somos todos altos, yo mido un metro 82 centímetros y tengo hermanos más grandes; y en la familia de mi polola también son altos”.",
    "highlightText": "",
    "highlightTitle": "",
    "highlightThreadTitle": "",
    "language": "spanish",
    "sentiment": "negative",
    "categories": [
        "Disaster and Accident",
        "Human Interest",
        "Health"
    ],
    "external_links": [
        "https://img-s-msn-com.akamaized.net/tenant/amp/entityid/AA1malO3.img",
        "https://www.img-s-msn-com.akamaized.net/tenant/amp/entityid/AA1malO3.img"
    ],
    "external_images": [],
    "entities": {
        "persons": [],
        "organizations": [],
        "locations": []
    },
    "rating": null,
    "crawled": "2023-12-29T00:26:51.632+02:00",
    "updated": "2023-12-29T00:26:51.632+02:00"
}