{
    "thread": {
        "uuid": "6e8ce51273fdd6827ff38ce81fdba4a0d3c158b2",
        "url": "https://ground.news/article/license-to-operate-suspended-for-nightclub-that-was-scene-of-fatal-christmas-eve-shooting-in-lawrence-boston-news-weather-sports",
        "site_full": "ground.news",
        "site": "ground.news",
        "site_section": "https://ground.news/interest/christmas",
        "site_categories": [],
        "section_title": "Christmas Breaking News Headlines Today | Ground News",
        "title": "Ground News - License to operate suspended for nightclub that was scene of fatal Christmas Eve shooting in Lawrence - Boston News, Weather, Sports",
        "title_full": "Ground News - License to operate suspended for nightclub that was scene of fatal Christmas Eve shooting in Lawrence - Boston News, Weather, Sports",
        "published": "2023-12-28T23:01:00.000+02:00",
        "replies_count": 0,
        "participants_count": 1,
        "site_type": "news",
        "country": "CA",
        "main_image": "",
        "performance_score": 0,
        "domain_rank": 29780,
        "domain_rank_updated": "2023-12-26T12:06:20.000+02:00",
        "reach": null,
        "social": {
            "facebook": {
                "likes": 0,
                "comments": 0,
                "shares": 0
            },
            "gplus": {
                "shares": 0
            },
            "pinterest": {
                "shares": 0
            },
            "linkedin": {
                "shares": 0
            },
            "stumbledupon": {
                "shares": 0
            },
            "vk": {
                "shares": 0
            }
        }
    },
    "uuid": "6e8ce51273fdd6827ff38ce81fdba4a0d3c158b2",
    "url": "https://ground.news/article/license-to-operate-suspended-for-nightclub-that-was-scene-of-fatal-christmas-eve-shooting-in-lawrence-boston-news-weather-sports",
    "ord_in_thread": 0,
    "parent_url": null,
    "author": "WHDH",
    "published": "2023-12-28T23:01:00.000+02:00",
    "title": "Ground News - License to operate suspended for nightclub that was scene of fatal Christmas Eve shooting in Lawrence - Boston News, Weather, Sports",
    "text": "Summary by WHDH As authorities continue to search for a suspect wanted for a deadly shooting at the Energy Lounge in Lawrence, officials say the nightclub’s license to operate has been suspended. Police were first called to the establishment on Broadway just after midnight on Christmas Eve, after authorities say a 29-year-old man was shot and killed. The Essex District Attorney’s Office later identified the victim as Edward Javier-Perez. As a result of the shoo… Share menu More\nFilters 1 Articles 1 Articles All Left Center Right\nWHDH Center High Factuality Media Conglomerate: Sunbeam Television License to operate suspended for nightclub that was scene of fatal Christmas Eve shooting in Lawrence - Boston News, Weather, Sports As authorities continue to search for a suspect wanted for a deadly shooting at the Energy Lounge in Lawrence, officials say the nightclub’s license to operate has been suspended. Police were first called to the establishment on Broadway just after midnight on Christmas Eve, after authorities say a 29-year-old man was shot and killed. The Essex District Attorney’s Office later identified the victim as Edward Javier-Perez. As a result of the shoo…\n1 hour ago · Boston, United States Read Full Article\nWHDH Center High Factuality Media Conglomerate: Sunbeam Television\nLicense to operate suspended for nightclub that was scene of fatal Christmas Eve shooting in Lawrence - Boston News, Weather, Sports As authorities continue to search for a suspect wanted for a deadly shooting at the Energy Lounge in Lawrence, officials say the nightclub’s license to operate has been suspended. Police were first called to the establishment on Broadway just after midnight on Christmas Eve, after authorities say a 29-year-old man was shot and killed. The Essex District Attorney’s Office later identified the victim as Edward Javier-Perez. As a result of the shoo…\n1 hour ago · Boston, United States Read Full Article Think freely. Subscribe and get full access to Ground News Subscriptions start at $9.99/year Subscribe",
    "highlightText": "",
    "highlightTitle": "",
    "highlightThreadTitle": "",
    "language": "english",
    "sentiment": "negative",
    "categories": [
        "Human Interest",
        "Disaster and Accident",
        "Crime, Law and Justice"
    ],
    "external_links": [
        "https://whdh.com/news/license-to-operate-suspended-for-nightclub-that-was-scene-of-fatal-christmas-eve-shooting-in-lawrence/?utm_source=ground.news&utm_medium=referral",
        "https://whdh.com/news/license-to-operate-suspended-for-nightclub-that-was-scene-of-fatal-christmas-eve-shooting-in-lawrence/",
        "https://www.whdh.com/news/license-to-operate-suspended-for-nightclub-that-was-scene-of-fatal-christmas-eve-shooting-in-lawrence/?utm_source=ground.news&utm_medium=referral"
    ],
    "external_images": [],
    "entities": {
        "persons": [
            {
                "name": "edward javier-perez",
                "sentiment": "none"
            }
        ],
        "organizations": [
            {
                "name": "whdh",
                "sentiment": "neutral"
            },
            {
                "name": "boston news",
                "sentiment": "neutral"
            },
            {
                "name": "energy lounge",
                "sentiment": "none"
            },
            {
                "name": "whdh center high factuality media conglomerate",
                "sentiment": "none"
            },
            {
                "name": "sunbeam television license",
                "sentiment": "none"
            },
            {
                "name": "essex district attorney’s office",
                "sentiment": "none"
            }
        ],
        "locations": [
            {
                "name": "lawrence",
                "sentiment": "none"
            },
            {
                "name": "energy lounge",
                "sentiment": "none"
            },
            {
                "name": "broadway",
                "sentiment": "none"
            }
        ]
    },
    "rating": null,
    "crawled": "2023-12-29T00:10:02.875+02:00",
    "updated": "2023-12-29T00:10:02.875+02:00"
}