{
    "thread": {
        "uuid": "ae47f9b57125491c352233259f62de288def7294",
        "url": "https://www.lanacion.com.ar/estados-unidos/florida/espeluznantes-estas-criaturas-podrian-ser-la-proximas-amenazas-invasoras-de-florida-nid28122023/",
        "site_full": "www.lanacion.com.ar",
        "site": "lanacion.com.ar",
        "site_section": "http://contenidos.lanacion.com.ar/herramientas/rss/categoria_id=494",
        "site_categories": [
            "media",
            "law_government_and_politics",
            "politics"
        ],
        "section_title": "LA NACION",
        "title": "Estas criaturas podrían ser las próximas amenazas invasoras de Florida",
        "title_full": "Estas criaturas podrían ser las próximas amenazas invasoras de Florida - LA NACION",
        "published": "2023-12-29T00:24:00.000+02:00",
        "replies_count": 0,
        "participants_count": 0,
        "site_type": "news",
        "country": "AR",
        "main_image": "https://resizer.glanacion.com/resizer/v2/desde-hace-varios-anos-la-piton-birmana-es-PJODLV2WJ5CBBJDCL6W73VMAVA.jpg?auth=d92c5988d6b8814c0563e1fc27cb858351ef8e2e09f6db3a7f59d0793d5b17f5&amp;width=768&amp;quality=70&amp;smart=false",
        "performance_score": 0,
        "domain_rank": 2519,
        "domain_rank_updated": "2023-12-26T12:06:20.000+02:00",
        "reach": null,
        "social": {
            "facebook": {
                "likes": 0,
                "comments": 0,
                "shares": 0
            },
            "gplus": {
                "shares": 0
            },
            "pinterest": {
                "shares": 0
            },
            "linkedin": {
                "shares": 0
            },
            "stumbledupon": {
                "shares": 0
            },
            "vk": {
                "shares": 0
            }
        }
    },
    "uuid": "ae47f9b57125491c352233259f62de288def7294",
    "url": "https://www.lanacion.com.ar/estados-unidos/florida/espeluznantes-estas-criaturas-podrian-ser-la-proximas-amenazas-invasoras-de-florida-nid28122023/",
    "ord_in_thread": 0,
    "parent_url": null,
    "author": null,
    "published": "2023-12-29T00:24:00.000+02:00",
    "title": "Estas criaturas podrían ser las próximas amenazas invasoras de Florida",
    "text": "La pitón birmana alguna vez se consideró una de las mayores especies invasoras en Florida . No obstante, los científicos de la Universidad de Florida (UF) revelaron una nueva lista con criaturas que podrían ser las próximas amenazas invasoras en el estado y que se sumarían a las ya existentes. Estas especies, que para muchos podrían parecer espeluznantes, son terrestres y marinas, e incluyen animales y algunas plantas . Los especialistas advierten que, en los últimos 50 años, las introducciones de ejemplares no nativos se duplicaron, lo que podría impulsar la pérdida de biodiversidad local.\nESTOS SON LOS CINCO LAGOS DE FLORIDA MÁS INFESTADOS DE CAIMANES Los resultados constan en el estudio “Identificación de amenazas, vías e impactos de especies invasoras para mejorar la bioseguridad” , el primero de su tipo en América del Norte, el cual fue publicado en la revista especializada Ecosphere , financiado por la Comisión de Conservación de Pesca y Vida Silvestre de Florida y el Decano de Investigación de la UF. Para hacerlo, se revisaron datos de 460 vertebrados, invertebrados, algas y plantas.\nEl mejillón cebra y el macaco de cola larga están entre las especies con mayor riesgo Universidad de Florida",
    "highlightText": "",
    "highlightTitle": "",
    "highlightThreadTitle": "",
    "language": "spanish",
    "sentiment": "negative",
    "categories": [
        "Science and Technology",
        "Environment",
        "Disaster and Accident"
    ],
    "external_links": [
        "https://www.esajournals.onlinelibrary.wiley.com/doi/10.1002/ecs2.4711",
        "https://esajournals.onlinelibrary.wiley.com/doi/10.1002/ecs2.4711"
    ],
    "external_images": [],
    "entities": {
        "persons": [],
        "organizations": [],
        "locations": []
    },
    "rating": null,
    "crawled": "2023-12-29T00:35:24.668+02:00",
    "updated": "2023-12-29T00:35:24.668+02:00"
}