{
    "thread": {
        "uuid": "4341ce10027cf99b8905e82b0436f8ce002e9365",
        "url": "https://www.eluniversal.com.mx/estados/muere-joven-migrante-al-caer-de-un-tren-en-aguascalientes/",
        "site_full": "www.eluniversal.com.mx",
        "site": "eluniversal.com.mx",
        "site_section": "https://www.eluniversal.com.mx/minuto-x-minuto/",
        "site_categories": [
            "media"
        ],
        "section_title": "Minuto x minuto | El Universal",
        "title": "Muere joven migrante al caer de un tren en Aguascalientes | El Universal",
        "title_full": "Muere joven migrante al caer de un tren en Aguascalientes | El Universal",
        "published": "2023-12-29T00:08:00.000+02:00",
        "replies_count": 0,
        "participants_count": 1,
        "site_type": "news",
        "country": "MX",
        "main_image": "https://www.eluniversal.com.mx/resizer/LHUU0FA1UOtkZ6uiFPGq6j5r6Sc=/980x528/cloudfront-us-east-1.images.arcpublishing.com/eluniversal/XDA5AY7R2NGSVLORHJYX4AEL3A.jpg",
        "performance_score": 0,
        "domain_rank": 3739,
        "domain_rank_updated": "2023-12-26T12:06:20.000+02:00",
        "reach": null,
        "social": {
            "facebook": {
                "likes": 0,
                "comments": 0,
                "shares": 0
            },
            "gplus": {
                "shares": 0
            },
            "pinterest": {
                "shares": 0
            },
            "linkedin": {
                "shares": 0
            },
            "stumbledupon": {
                "shares": 0
            },
            "vk": {
                "shares": 0
            }
        }
    },
    "uuid": "4341ce10027cf99b8905e82b0436f8ce002e9365",
    "url": "https://www.eluniversal.com.mx/estados/muere-joven-migrante-al-caer-de-un-tren-en-aguascalientes/",
    "ord_in_thread": 0,
    "parent_url": null,
    "author": "Xóchitl Álvarez",
    "published": "2023-12-29T00:08:00.000+02:00",
    "title": "Muere joven migrante al caer de un tren en Aguascalientes | El Universal",
    "text": "Aguascalientes.- Un joven migrante falleció al caer de un vagón y ser atropellado por el tren en el interior de los patios de maniobras de la Estación Chicalote, en el municipio de San Francisco de los Romo . El accidente ocurrió la tarde de este miércoles, de acuerdo al reporte de un guardia ferroviario.\nLa Fiscalía General del Estado informó esta mañana que el migrante de entre 25 y 30 años, aún no ha sido identificado.\nLee también Mina El Pinabete; ¿Qué paso con los trabajadores atrapados en un pozo en Coahuila desde 2022?\n“Con la práctica del estudio de necropsia, se determinó que falleció a consecuencia de un traumatismo abdomino pélvico”.\nSu cuerpo continúa en la sede del Servicio Médico Forense en espera de que se determine su nacionalidad y plena identidad.\nFOTOS: Efectos de frente frío crean extraño agujero en el cielo de Chiapas\nÚnete a nuestro canal ¡EL UNIVERSAL ya está en Whatsapp!, desde tu dispositivo móvil entérate de las noticias más relevantes del día, artículos de opinión, entretenimiento, tendencias y más.\nafcl/cls",
    "highlightText": "",
    "highlightTitle": "",
    "highlightThreadTitle": "",
    "language": "spanish",
    "sentiment": "negative",
    "categories": [
        "Human Interest",
        "Disaster and Accident"
    ],
    "external_links": [
        "https://whatsapp.com/channel/0029Va4lfJc1CYoM1R8IT71e",
        "https://news.google.com/publications/CAAqBwgKMKG_7wowkfm2Ag?hl=es-419&gl=MX&ceid=MX%3Aes-419",
        "https://news.google.com/publications/CAAqBwgKMKG_7wowkfm2Ag",
        "https://www.news.google.com/publications/CAAqBwgKMKG_7wowkfm2Ag?hl=es-419&gl=MX&ceid=MX%3Aes-419",
        "https://www.whatsapp.com/channel/0029Va4lfJc1CYoM1R8IT71e"
    ],
    "external_images": [],
    "entities": {
        "persons": [],
        "organizations": [],
        "locations": []
    },
    "rating": null,
    "crawled": "2023-12-29T00:20:06.664+02:00",
    "updated": "2023-12-29T00:20:06.664+02:00"
}