{
    "thread": {
        "uuid": "eece5e0617a35ae36e08b3f14d8fcb057c0b6f5c",
        "url": "https://www.lapresse.ca/actualites/2023-12-28/fillette-tombee-dans-une-riviere/les-recherches-se-sont-poursuivies-en-equipe-reduite.php",
        "site_full": "www.lapresse.ca",
        "site": "lapresse.ca",
        "site_section": "https://www.lapresse.ca/",
        "site_categories": [
            "media"
        ],
        "section_title": "LaPresse.ca | Actualités et Infos au Québec et dans le monde",
        "title": "Fillette tombée dans une rivière | Les recherches se sont poursuivies en équipe réduite | La Presse",
        "title_full": "Fillette tombée dans une rivière | Les recherches se sont poursuivies en équipe réduite | La Presse",
        "published": "2023-12-28T15:37:00.000+02:00",
        "replies_count": 0,
        "participants_count": 0,
        "site_type": "news",
        "country": "CA",
        "main_image": "https://mobile-img.lpcdn.ca/v2/924x/r3996/ef43e6de/3bd6c5dc38b43c0da2d2fe94e54617dd.jpg",
        "performance_score": 0,
        "domain_rank": 3765,
        "domain_rank_updated": "2023-12-26T12:06:20.000+02:00",
        "reach": null,
        "social": {
            "facebook": {
                "likes": 0,
                "comments": 0,
                "shares": 0
            },
            "gplus": {
                "shares": 0
            },
            "pinterest": {
                "shares": 0
            },
            "linkedin": {
                "shares": 0
            },
            "stumbledupon": {
                "shares": 0
            },
            "vk": {
                "shares": 0
            }
        }
    },
    "uuid": "eece5e0617a35ae36e08b3f14d8fcb057c0b6f5c",
    "url": "https://www.lapresse.ca/actualites/2023-12-28/fillette-tombee-dans-une-riviere/les-recherches-se-sont-poursuivies-en-equipe-reduite.php",
    "ord_in_thread": 0,
    "parent_url": null,
    "author": null,
    "published": "2023-12-28T15:37:00.000+02:00",
    "title": "Fillette tombée dans une rivière | Les recherches se sont poursuivies en équipe réduite | La Presse",
    "text": "Deux policiers ont été affectés jeudi à la recherche de la fillette tombée dans la rivière Mistassibi au Saguenay–Lac-Saint-Jean, après une glissade. Après sept jours de disparition, elle n’a toujours pas été retrouvée.\nPublié à 10h37 Mis à jour à 17h18 Lila Dussault La Presse Le drame se poursuit en plein temps des Fêtes à Dolbeau-Mistassini, ville de quelque 14 000 habitants située au nord du lac Saint-Jean.\nJeudi, il ne restait que deux policiers affectés à la recherche de la petite fille qui a disparu depuis sept jours dans les remous de la rivière Mistassibi. Elle n’a toujours pas été retrouvée.\nLes agents se trouvent à des « points d’observation fixes, placés stratégiquement sur la rivière où la fillette pourrait refaire surface », explique le sergent Hugues Beaulieu, porte-parole de la Sûreté du Québec (SQ).\nIl était aussi prévu qu’un hélicoptère survole les lieux jeudi, a indiqué le sergent Beaulieu à La Presse. Une autre personne se trouvait au centre de commandement, toujours en place.\nDepuis vendredi, les recherches intensives ont mobilisé un grand nombre de policiers et autres personnes, comme des équipes de plongeurs. Mardi encore, une vingtaine de policiers étaient à pied d’œuvre pour retrouver la fillette, ainsi qu’un drone et une équipe nautique. L’équipe a été réduite mercredi, mais des policiers ont patrouillé sur la rivière à bord d’une embarcation.\n« À la fin de chaque journée, on évalue ce qu’on a fait, ce qu’il reste à faire », souligne le sergent Beaulieu. Les recherches se poursuivront vendredi.\nLes citoyens et riverains sont encouragés à surveiller les berges. Une photo de l’habit de neige de la fillette a été publiée avec l’accord de la famille. Au moment de sa disparition, elle portait un manteau arc-en-ciel et des pantalons de neige bleus.\nVendredi dernier, les services d’urgence ont été appelés vers 14 h 30 à se rendre à l’endroit où la fillette glissait avec sa mère, près d’un sentier pédestre situé à proximité de la route 169.\nC’est à cet endroit que l’enfant n’a pu arrêter sa course, pour passer à travers le grillage d’un garde-fou installé le long de la berge et ensuite se retrouver dans les eaux de la rivière.\nUne campagne de collecte de dons a été lancée mardi sur la plateforme GoFundMe pour soutenir la famille et faire une plaque commémorative en l’honneur de la fillette. En fin de journée jeudi, plus de 10 400 $ avaient été amassés, sur un objectif de 10 000 $.",
    "highlightText": "",
    "highlightTitle": "",
    "highlightThreadTitle": "",
    "language": "french",
    "sentiment": "negative",
    "categories": [
        "Disaster and Accident",
        "Human Interest"
    ],
    "external_links": [
        "https://x.com/intent/tweet?url=https%3A%2F%2Fwww.lapresse.ca%2Factualites%2F2023-12-28%2Ffillette-tombee-dans-une-riviere%2Fles-recherches-se-sont-poursuivies-en-equipe-reduite.php&text=Les%20recherches%20se%20sont%20poursuivies%20en%20%C3%A9quipe%20r%C3%A9duite&via=lp_lapresse",
        "https://www.gofundme.com/f/evarose-gauthier",
        "https://www.linkedin.com/shareArticle?mini=true&url=https%3A%2F%2Fwww.lapresse.ca%2Factualites%2F2023-12-28%2Ffillette-tombee-dans-une-riviere%2Fles-recherches-se-sont-poursuivies-en-equipe-reduite.php&title=Les%20recherches%20se%20sont%20poursuivies%20en%20%C3%A9quipe%20r%C3%A9duite",
        "https://www.facebook.com/sharer/sharer.php?app_id=166995983353903&sdk=joey&u=https%3A%2F%2Fwww.lapresse.ca%2Factualites%2F2023-12-28%2Ffillette-tombee-dans-une-riviere%2Fles-recherches-se-sont-poursuivies-en-equipe-reduite.php&display=popup&ref=plugin&src=share_button",
        "https://x.com/intent/tweet?url=https%3A%2F%2Fwww.lapresse.ca%2Factualites%2F2023-12-28%2Ffillette-tombee-dans-une-riviere%2Fles-recherches-se-sont-poursuivies-en-equipe-reduite.php&text=Fillette%20tomb%C3%A9e%20dans%20une%20rivi%C3%A8re%20%7C%20Les%20recherches%20se%20sont%20poursuivies%20en%20%C3%A9quipe%20r%C3%A9duite&via=lp_lapresse",
        "https://linkedin.com/shareArticle?mini=true&url=https%3A%2F%2Fwww.lapresse.ca%2Factualites%2F2023-12-28%2Ffillette-tombee-dans-une-riviere%2Fles-recherches-se-sont-poursuivies-en-equipe-reduite.php&title=Les%20recherches%20se%20sont%20poursuivies%20en%20%C3%A9quipe%20r%C3%A9duite",
        "https://x.com/intent/tweet",
        "https://www.x.com/intent/tweet?url=https%3A%2F%2Fwww.lapresse.ca%2Factualites%2F2023-12-28%2Ffillette-tombee-dans-une-riviere%2Fles-recherches-se-sont-poursuivies-en-equipe-reduite.php&text=Les%20recherches%20se%20sont%20poursuivies%20en%20%C3%A9quipe%20r%C3%A9duite&via=lp_lapresse",
        "https://www.facebook.com/sharer/sharer.php",
        "https://www.linkedin.com/shareArticle",
        "https://www.x.com/intent/tweet?url=https%3A%2F%2Fwww.lapresse.ca%2Factualites%2F2023-12-28%2Ffillette-tombee-dans-une-riviere%2Fles-recherches-se-sont-poursuivies-en-equipe-reduite.php&text=Fillette%20tomb%C3%A9e%20dans%20une%20rivi%C3%A8re%20%7C%20Les%20recherches%20se%20sont%20poursuivies%20en%20%C3%A9quipe%20r%C3%A9duite&via=lp_lapresse",
        "https://facebook.com/sharer/sharer.php?app_id=166995983353903&sdk=joey&u=https%3A%2F%2Fwww.lapresse.ca%2Factualites%2F2023-12-28%2Ffillette-tombee-dans-une-riviere%2Fles-recherches-se-sont-poursuivies-en-equipe-reduite.php&display=popup&ref=plugin&src=share_button",
        "https://gofundme.com/f/evarose-gauthier"
    ],
    "external_images": [],
    "entities": {
        "persons": [],
        "organizations": [],
        "locations": []
    },
    "rating": null,
    "crawled": "2023-12-29T00:32:06.748+02:00",
    "updated": "2023-12-29T00:32:06.748+02:00"
}