{
    "thread": {
        "uuid": "9498469f20cf8bdfda5ca37cfbcf030ca07d3c5d",
        "url": "https://www.khou.com/article/news/crime/fort-bend-county-car-break-ins/285-9bd2989b-969c-4aa1-8f74-5737b50fe801",
        "site_full": "www.khou.com",
        "site": "khou.com",
        "site_section": "http://rssfeeds.khou.com/_/20/109329372/khou/crime",
        "site_categories": [
            "media",
            "travel",
            "by_us_locale"
        ],
        "section_title": "KHOU - Crime",
        "title": "Fort Bend County car break ins on the rise, sheriff says",
        "title_full": "Fort Bend County car break ins on the rise, sheriff says | khou.com",
        "published": "2023-12-28T23:13:00.000+02:00",
        "replies_count": 0,
        "participants_count": 1,
        "site_type": "news",
        "country": "US",
        "main_image": "https://media.khou.com/assets/KHOU/images/8274b06c-4aed-4c8d-b045-c9f7fd4ddc8d/8274b06c-4aed-4c8d-b045-c9f7fd4ddc8d_1140x641.jpg",
        "performance_score": 0,
        "domain_rank": 4410,
        "domain_rank_updated": "2023-12-26T12:06:20.000+02:00",
        "reach": null,
        "social": {
            "facebook": {
                "likes": 0,
                "comments": 0,
                "shares": 0
            },
            "gplus": {
                "shares": 0
            },
            "pinterest": {
                "shares": 0
            },
            "linkedin": {
                "shares": 0
            },
            "stumbledupon": {
                "shares": 0
            },
            "vk": {
                "shares": 0
            }
        }
    },
    "uuid": "9498469f20cf8bdfda5ca37cfbcf030ca07d3c5d",
    "url": "https://www.khou.com/article/news/crime/fort-bend-county-car-break-ins/285-9bd2989b-969c-4aa1-8f74-5737b50fe801",
    "ord_in_thread": 0,
    "parent_url": null,
    "author": "Troy Kless",
    "published": "2023-12-28T23:13:00.000+02:00",
    "title": "Fort Bend County car break ins on the rise, sheriff says",
    "text": "FORT BEND COUNTY, Texas — If you live or drive in Fort Bend County, officials say vehicle burglaries are on the rise. On Christmas morning, Missouri City resident Alex Bergeron said she was enjoying the day inside with her family until her sister came over. \"My sister came in the house and said, 'Why is your back window rolled down?' And I was like, 'Well it shouldn't be,'\" Bergeron said. When she went outside, she learned an unwanted visitor had been in her car. \"The glass even got to the front. I was just in shock, honestly. So, I went back inside and said, 'Hey, my car got broken into,'\" she said. Her doors were locked and all the thieves could see in the back were some jackets. \"They didn't take anything, my glove compartments weren't gone through so I'm not sure if someone startled them away,\" Bergeron said.\" Fort Bend County Sheriff Eric Fagan said car break-ins are up 9% this month compared to the previous. He recommends simply locking doors and removing every item inside. \"It's the holiday season. Thieves want to come out even more because they know individuals are shopping, leaving things in their cars. Let's not make it easy for them,\" he said. Luckily for Bergeron, she avoids the costly headache of replacing her window. \"You never know how it really feels until it happens to you,\" she said. \"It was just a bad feeling and it felt very personal.\" Other tips from the sheriff include tinting your windows and getting an alarm for window breaks. He said 25% of vehicles that were stolen in the county were left unlocked.",
    "highlightText": "",
    "highlightTitle": "",
    "highlightThreadTitle": "",
    "language": "english",
    "sentiment": "negative",
    "categories": [
        "Disaster and Accident",
        "Human Interest",
        "Crime, Law and Justice"
    ],
    "external_links": [],
    "external_images": [],
    "entities": {
        "persons": [
            {
                "name": "bergeron",
                "sentiment": "none"
            },
            {
                "name": "alex bergeron",
                "sentiment": "none"
            },
            {
                "name": "eric fagan",
                "sentiment": "none"
            }
        ],
        "organizations": [],
        "locations": [
            {
                "name": "fort bend county",
                "sentiment": "none"
            },
            {
                "name": "texas",
                "sentiment": "none"
            },
            {
                "name": "missouri city",
                "sentiment": "none"
            }
        ]
    },
    "rating": null,
    "crawled": "2023-12-29T00:27:11.795+02:00",
    "updated": "2023-12-29T00:27:11.795+02:00"
}