{
    "thread": {
        "uuid": "98b9039df659f02c97e2bcca1a0e1bca4a60d61c",
        "url": "https://www.i7news.ig.com.br/noticia/74066/cidades/colisao-fatal-entre-carro-e-caminhao-tira-a-vida-de-pai-e-filha-deixando-mae-e-crianca-em-estado-grave-28122023",
        "site_full": "www.i7news.ig.com.br",
        "site": "ig.com.br",
        "site_section": "https://www.1news.ig.com.br",
        "site_categories": [],
        "section_title": "1News Brasil – O site de notícias que aborda tudo que acontece no Brasil e no mundo.",
        "title": "Colisão fatal entre carro e caminhão tira a vida de pai e filha, deixando mãe e criança em estado grave",
        "title_full": "Colisão fatal entre carro e caminhão tira a vida de pai e filha, deixando mãe e criança em estado grave",
        "published": "2023-12-28T22:20:00.000+02:00",
        "replies_count": 0,
        "participants_count": 1,
        "site_type": "news",
        "country": "BR",
        "main_image": "https://www.i7news.ig.com.br/wp-content/uploads/2023/12/a6Cwa6vdU1ZekqSidtxNVOEXNgABLvtvr8OglIzh.jpg",
        "performance_score": 0,
        "domain_rank": 4263,
        "domain_rank_updated": "2023-12-26T12:06:20.000+02:00",
        "reach": null,
        "social": {
            "facebook": {
                "likes": 2,
                "comments": 1,
                "shares": 14
            },
            "gplus": {
                "shares": 0
            },
            "pinterest": {
                "shares": 0
            },
            "linkedin": {
                "shares": 0
            },
            "stumbledupon": {
                "shares": 0
            },
            "vk": {
                "shares": 0
            }
        }
    },
    "uuid": "98b9039df659f02c97e2bcca1a0e1bca4a60d61c",
    "url": "https://www.i7news.ig.com.br/noticia/74066/cidades/colisao-fatal-entre-carro-e-caminhao-tira-a-vida-de-pai-e-filha-deixando-mae-e-crianca-em-estado-grave-28122023",
    "ord_in_thread": 0,
    "parent_url": null,
    "author": "Brena",
    "published": "2023-12-28T22:20:00.000+02:00",
    "title": "Colisão fatal entre carro e caminhão tira a vida de pai e filha, deixando mãe e criança em estado grave",
    "text": "Um grave acidente envolvendo um carro e uma carreta resultou em uma verdadeira tragédia na rodovia BR-262. As duas vítimas dessa colisão eram um pai e sua filha. A jovem de 22 anos estava conduzindo o veículo. O acidente ocorreu na manhã de quinta-feira (28), nas proximidades do município de Miranda, localizado a cerca de 200 km de Campo Grande, capital do estado do Mato Grosso do Sul. Pai e filha vieram a óbito O delegado Daniel Dantas, da Delegacia de Polícia Civil de Miranda, confirmou que as vítimas que estavam no veículo formavam uma família. O pai e a filha, que estavam nos assentos dianteiros, morreram no local do acidente. No banco traseiro, estavam a mãe e duas crianças, um menino de 9 anos e uma bebê com pouco mais de um ano. A mulher foi resgatada em estado grave e transferida com máxima prioridade para uma unidade hospitalar em Campo Grande. As crianças foram levadas para uma unidade de saúde em Miranda. Os nomes das vítimas, que supostamente são originárias de um estado diferente, não foram divulgados publicamente. Autoridades estiveram no local do acidente Quanto à sequência do acidente, o delegado confirmou que há indícios de desrespeito à sinalização de pare em uma parte da estrada. Inicialmente, a informação da Polícia Rodoviária Federal (PRF) sugeria que o Tiguan, onde a família se encontrava, foi atingido por um caminhão. Supõe-se que o veículo tenha ingressado na BR-262 sem obedecer à sinalização, ocasionando a colisão com o veículo de carga. Diversas equipes, incluindo Perícia, Polícia Civil, PRF e Corpo de Bombeiros, foram acionadas para o local.",
    "highlightText": "",
    "highlightTitle": "",
    "highlightThreadTitle": "",
    "language": "portuguese",
    "sentiment": "negative",
    "categories": [
        "Human Interest",
        "Disaster and Accident"
    ],
    "external_links": [],
    "external_images": [],
    "entities": {
        "persons": [],
        "organizations": [],
        "locations": []
    },
    "rating": null,
    "crawled": "2023-12-29T00:41:30.989+02:00",
    "updated": "2023-12-29T00:41:30.989+02:00"
}