{
    "thread": {
        "uuid": "decb84d669065250979b4f22b3bfd0944785e2ee",
        "url": "https://www.heraldpalladium.com/news/national/house-where-university-of-idaho-students-killed-torn-down-victims-families-opposed-it/article_68f20a4e-2cd3-550b-be7c-067334c824fb.html",
        "site_full": "www.heraldpalladium.com",
        "site": "heraldpalladium.com",
        "site_section": "https://heraldpalladium.com/gallery",
        "site_categories": [
            "media"
        ],
        "section_title": "Gallery | heraldpalladium.com",
        "title": "House where University of Idaho students killed torn down. Victims’ families opposed it | National | heraldpalladium.com",
        "title_full": "House where University of Idaho students killed torn down. Victims’ families opposed it | National | heraldpalladium.com",
        "published": "2023-12-29T00:02:00.000+02:00",
        "replies_count": 0,
        "participants_count": 1,
        "site_type": "news",
        "country": "US",
        "main_image": "https://bloximages.chicago2.vip.townnews.com/heraldpalladium.com/content/tncms/custom/image/b0bfde5e-84a5-11ea-a445-a72d84c292c7.jpg?resize=600%2C295",
        "performance_score": 0,
        "domain_rank": 79812,
        "domain_rank_updated": "2023-12-26T12:06:35.000+02:00",
        "reach": null,
        "social": {
            "facebook": {
                "likes": 0,
                "comments": 0,
                "shares": 0
            },
            "gplus": {
                "shares": 0
            },
            "pinterest": {
                "shares": 0
            },
            "linkedin": {
                "shares": 0
            },
            "stumbledupon": {
                "shares": 0
            },
            "vk": {
                "shares": 0
            }
        }
    },
    "uuid": "decb84d669065250979b4f22b3bfd0944785e2ee",
    "url": "https://www.heraldpalladium.com/news/national/house-where-university-of-idaho-students-killed-torn-down-victims-families-opposed-it/article_68f20a4e-2cd3-550b-be7c-067334c824fb.html",
    "ord_in_thread": 0,
    "parent_url": null,
    "author": "Kevin Fixler and Ben DeWitt - The Idaho Statesman (TNS)",
    "published": "2023-12-29T00:02:00.000+02:00",
    "title": "House where University of Idaho students killed torn down. Victims’ families opposed it | National | heraldpalladium.com",
    "text": "Demolition of the off-campus home where four University of Idaho students were killed last year began Thursday morning over continued protests from at least half of the victims’ families. Work to bring down the unique property got underway before dawn. The noise from the heavy machinery pierced the nearby campus as a local construction firm used an excavator to rip away portions of the facade, starting at the front door. kAmqJ E96 D4965F=65 DE2CE E:>6 @7 f 2]>] !24:7:4[ 2D 5@K6?D @7 >6>36CD @7 E96 >65:2 2CC:G65 E@ 6?4:C4=6 E96 3@2C565\\FA AC@A6CEJ 2?5 EC2:? E96:C 42>6C2D E@H2C5 E96 HC64 6 H2D @? E96 8C@F?5] p3@FE 2? 9@FC =2E6C[ E96 7@C>6C C6D:56?46 H2D 2=>@DE 6?E:C6=J 8@?6]k^Am kAm%96 9@FD6[ 2 k2 9C67lQ9EEADi^^HHH]:529@DE2E6D>2?]4@>^?6HD^=@42=^4C:>6^2CE:4=6af`_`b`ef]9E>=QmD:I\\365C@@>[ E9C66\\32E9C@@> C6?E2=k^2m =@42E65 =6DD E92? e__ 766E 7C@> E96 F?:G6CD:EJ’D ?6H vC66 36C a_aa BF25CFA=6 9@>:4:56 — @?6 @7 E96 >@DE E2= 6D :? DE2E6 9:DE@CJ] %96 G:4E:>D H6C6 &] @7 x] D6?:@CD z2J=66 v@?42=G6D 2?5 |25:D@? |@86?[ 3@E9 a`[ ;F?:@C )2?2 z6C?@5=6 2?5 7C6D9>2? tE92? r92A:?[ 3@E9 a_]k^Am kAm%96 E9C66 H@>6? H6C6 E6?2?ED @7 E96 9@>6 H:E9 EH@ 76>2=6 9@FD6>2E6D H9@ H6C6 ?@E A9JD:42==J 92C>65 :? E96 72E2= DE233:?8D] r92A:? H2D z6C?@5=6’D 3@J7C:6?5 2?5 DE2J65 @G6C 7@C E96 ?:89E]k^Am kAmk2 9C67lQ9EEADi^^HHH]:529@DE2E6D>2?]4@>^?6HD^=@42=^4@>>F?:EJ^3@:D6^2CE:4=6af_e_b`ga]9E>=QmqCJ2? z@936C86Ck^2m[ 2 8C25F2E6 DEF56?E 2E k2 9C67lQ9EEADi^^HHH]:529@DE2E6D>2?]4@>^?6HD^=@42=^4C:>6^2CE:4=6af_gfeeff]9E>=Qm(2D9:?8E@? $E2E6 &?:G6CD:EJk^2m :? ?6:893@C:?8 !F==>2?[ (2D9:?8E@?[ 2E E96 E:>6[ H2D 2CC6DE65 2?5 492C865 H:E9 E96 4C:>6 :? =2E6 s646>36C a_aa] w6 k2 9C67lQ9EEADi^^HHH]:529@DE2E6D>2?]4@>^?6HD^=@42=^4C:>6^2CE:4=6afdecggc`]9E>=QmDE@@5 D:=6?Ek^2m H96? 2D 2?]4@>^?6HD^=@42=^4C:>6^2CE:4=6afadb`gec]9E>=Qm!6??DJ=G2?:2 ?2E:G6k^2m[ 4@F=5 7246 E96 562E9 A6?2=EJ :7 4@?G:4E65] p k2 9C67lQ9EEADi^^HHH]:529@DE2E6D>2?]4@>^?6HD^?@CE9H6DE^:529@^2CE:4=6agbc`cdfg]9E>=QmEC:2= 52E6k^2m 92D J6E E@ 36 D6E]k^Am kAmx? E96 DAC:?8[ E96 AC:G2E6 @H?6C @7 E96 9@FD6 2E ``aa z:?8 #@25 5@?2E65 E96 AC@A6CEJ E@ E96 F?:G6CD:EJ[ 2?5 E96 D49@@= >256 A=2?D 7@C :ED 56DECF4E:@?] p7E6C E96 9@>6 H2D =67E DE2?5:?8 7@C k2 9C67lQ9EEADi^^HHH]:529@DE2E6D>2?]4@>^?6HD^?@CE9H6DE^:529@^2CE:4=6ag`d_gegg]9E>=Qm>@C6 E92? 2 J62Ck^2m[ &] @7 x] 4@>>:EE65 E@ @?E9 2 %9FCD52J 56>@=:E:@? 52E6]k^Am kAm“xE :D E96 8C:> C6>:?56C @7 E96 96:?@FD 24E E92E E@@ 6?E 2E E96 E:>6] “(9:=6 H6 2AAC64:2E6 E96 6>@E:@?2= 4@??64E:@? D@>6 72>:=J >6>36CD @7 E96 G:4E:>D >2J 92G6 E@ E9:D 9@FD6[ :E :D E:>6 7@C :ED C6>@G2= 2?5 E@ 2==@H E96 4@==64E:G6 962=:?8 @7 @FC 4@>>F?:EJ E@ 4@?E:?F6]”k^Am kAms632E6 @G6C &] @7 x]’D 564:D:@?k^Am kAm%96 564:D:@? — 2 4@?E6?E:@FD @?6 k2 9C67lQ9EEADi^^HHH]:529@DE2E6D>2?]4@>^?6HD^=@42=^4C:>6^2CE:4=6afgdb_e_c]9E>=Qm29625 @7 2 EC:2= 52E6k^2m — 92D 5C2H? H:56DAC625 D4CFE:?J] x? D@4:2= >65:2 8C@FAD 2?5 E9C625D 565:42E65 E@ E96 42D6[ 5:D4FDD:@? @G6C 9@H E96 F?:G6CD:EJ D9@F=5 92?5=6 H92E 3642>6 E96 AC:>2CJ DJ>3@= @7 E96 9:89\\AC@7:=6 :?4:56?E 8C6H :?E@ 2 7=2D9 A@:?E]k^Am kAmpE =62DE D@>6 @7 E92E 5632E6 H2D 5C:G6? 3J E9C66 @7 E96 7@FC G:4E:>D’ k2 9C67lQ9EEADi^^HHH]:529@DE2E6D>2?]4@>^?6HD^=@42=^4C:>6^2CE:4=6afehbceab]9E>=Qm72>:=:6D G@:4:?8 4@?46C?Dk^2m :? C646?E >@?E9D 23@FE E96 F?:G6CD:EJ C2K:?8 E96 D46?6 @7 E96 4C:>6 367@C6 ;FC@CD 92G6 E96 492?46 E@ 564:56 :7 G:D:E:?8 >2J 36 96=A7F=] p? @?=:?6 A6E:E:@? 282:?DE E96 9@>6’D 56DECF4E:@? 2>2DD65 >@C6 E92? g[d__ D:8?2EFC6D] ~?6 A6E:E:@? DFAA@CE6C :56?E:7:65 96CD6=7 2D r2C2 z6C?@5=6[ )2?2 z6C?@5=6’D >@E96C]k^Am kAm“|J 52F89E6C H2D >FC56C65 :? E92E 9@FD6 2?5 E96C6 :D ?@ H2J E96J D9@F=5 36 56DEC@J:?8 2?J 6G:56?46[” E96 k2 9C67lQ9EEADi^^HHH]492?86]@C8^A^92=E\\E96\\56>@=:E:@?\\@7\\ :=:6D :DDF65 2 =6?8E9J DE2E6>6?E E9C@F89 2? 2EE@C?6J E96 ?:89E 367@C6 E96 9@>6 H2D D4965F=65 E@ 36 E@C? 5@H?] xE H2D E:E=65i !{tp$t $%~! %wt st|~{x%x~} ~u %wt zx}v #~ps w~|tPk^Am kAm“(6 766= E92E E96 &?:G6CD:EJ @7 x529@ 2?5 E96 4@FCE 92D AFE FD :? 2 9@CC:3=6 A@D:E:@? E@ 92G6 E@ G@:46 @FC @A:?:@?D[” E96 DE2E6>6?E C625 :? A2CE] “(6 2== 2=@?8 92G6 ;FDE H2?E65 E96 z:?8 #@25 9@>6 E@ ?@E 36 56>@=:D965 F?E:= 27E6C E96 EC:2= 2?5 7@C FD E@ 92G6 2 EC:2= 52E6 D@ E92E H6 42? =@@ F49 E@ 2D 6?E :? yF?6 E92E @AA@D65 E96 9@>6’D 56DECF4E:@? 2?5 4:E65 “>6>36CD @7 E96 |@86? 2?5 z6C?@5=6 72>:=:6D]” pEE6>AED 3J E96 x529@ $E2E6D>2? E@ C6249 >6>36CD @7 E96 |@86? 2?5 r92A:? 72>:=:6D H6C6 F?DF446DD7F=]k^Am kAmx? C6DA@?D6 E@ E96 AFD9324 2? :? 2 DE2E6>6?E (65?6D52J E92E E96 D49@@= F?56CDE2?5D E96 8C2G:EJ @7 E96 564:D:@? 2?5 :ED F?:BF6 67764E @? E96 7@FC G:4E:>D’ 72>:=:6D] w@H6G6C[ 677@CED E@ 6 H@F=5 4@?E:?F6 2D A=2??65]k^Am kAm“(6 46CE2:?=J 2AAC64:2E6 E92E E96C6 :D 2 =@E @7 6>@E:@? 2C@F?5 E96 56>@=:E:@? @7 E96 9@FD6[” (2= @C6 E92? E96 72>:=:6D] qFE H6 766= 4@?7:56?E E9:D :D E96 C:89E E:>6 7@C @FC 4@>>F?:EJ E@ E2 6 5@H?]”k^Am kAm%96 4@FCE 92D C6=62D65 E96 AC@A6CEJ[ 2?5 ?6:E96C E96 5676?D6 ?@C AC@D64FE:@? :? E96 42D6 92D @3;64E65 E@ =6G6=:?8 E96 9@>6[ E96 F?:G6CD:EJ 92D AC6G:@FD=J ?@E65] p7E6C E9:D >@?E9’D 56>@=:E:@? 2??@F?46>6?E[ 6249 D:56 G:D:E65 E96 4C:>6 D46?6 @?46 >@C6 — E96 AC@D64FE:@? >@DE C646?E=J]k^Am kAm{2E29 r@F?EJ !C@D64FE@C q:== %9@>AD@?[ =625 @? E96 z@936C86C 42D6[ E92? 6 D46?6 =2DE H66 2:= AC@G:565 3J (2= 2?] %96 AC@D64FE:@? 6IA64E65 ?@ ?665 @7 E96 AC@A6CEJ 8@:?8 7@CH2C5[ %9@>AD@? HC@E6]k^Am kAm“q2D65 @? @FC C6G:6H @7 x529@ 42D6 =2H[ E96 4FCC6?E 4@?5:E:@? @7 E96 AC6>:D6D :D D@ DF3DE2?E:2==J 5:776C6?E E92? 2E E96 E:>6 @7 E96 9@>:4:56D E92E 2 ‘;FCJ G:6H’ H@F=5 ?@E 36 2FE9@C:K65[” %9@>AD@? D2:5] “(6 2AAC64:2E6 E96 &]x]’D 96=A :? 724:=:E2E:?8 E96 :?G6DE:82E@CD 82E96C:?8 E96 ?646DD2CJ >62DFC6>6?ED[ 6E4][ E@ 6?23=6 4C62E:@? @7 :==FDEC2E:G6 6I9:3:ED E92E D9@F=5 36 25>:DD:3=6 2?5 96=A7F= E@ E96 ;FCJ]”k^Am kAmz@936C86C :D 492C865 H:E9 7@FC 4@F?ED @7 7:CDE\\568C66 >FC56C 2?5 @?6 4@F?E @7 76=@?J 3FC8=2CJ] w6 C6>2:?D :? 4FDE@5J 2E E96 {2E29 r@F?EJ y2:= 2H2:E:?8 EC:2=]k^Am k9C ^m kAm©a_ab %96 x529@ $E2E6D>2?] ':D:E k2 9C67lQ9EEADi^^HHH]:529@DE2E6D>2?]4@>Qm:529@DE2E6D>2?]4@>k^2m] s:DEC:3FE65 3J k2 9C67lQ9EEADi^^HHH]EC:3F?64@?E6?E286?4J]4@>Qm%C:3F?6 r@?E6?E p86?4J[ {{r]k^2mk^Am",
    "highlightText": "",
    "highlightTitle": "",
    "highlightThreadTitle": "",
    "language": "english",
    "sentiment": "negative",
    "categories": [
        "Disaster and Accident",
        "Human Interest"
    ],
    "external_links": [],
    "external_images": [],
    "entities": {
        "persons": [],
        "organizations": [
            {
                "name": "house",
                "sentiment": "neutral"
            },
            {
                "name": "university of idaho",
                "sentiment": "neutral"
            }
        ],
        "locations": []
    },
    "rating": null,
    "crawled": "2023-12-29T00:39:51.377+02:00",
    "updated": "2023-12-29T00:39:51.377+02:00"
}