{
    "thread": {
        "uuid": "0fdf855ca92ea28b74f6c62100a8914989fc3789",
        "url": "https://www.kbtx.com/2023/12/28/murder-suspect-involved-standoff-with-authorities-san-jacinto-county/",
        "site_full": "www.kbtx.com",
        "site": "kbtx.com",
        "site_section": "http://www.kltv.com/news",
        "site_categories": [
            "media"
        ],
        "section_title": "News",
        "title": "Murder suspect involved in standoff with authorities in San Jacinto County",
        "title_full": "Murder suspect involved in standoff with authorities in San Jacinto County",
        "published": "2023-12-28T23:48:00.000+02:00",
        "replies_count": 0,
        "participants_count": 1,
        "site_type": "news",
        "country": "US",
        "main_image": "https://gray-kbtx-prod.cdn.arcpublishing.com/resizer/v2/LGKUFFDUGNES7JLL2AZQOMCUG4.jpg?auth=030edb0b69ebf421e888100046b65b82ad2c73ed51f12fe12aaa772d992da865&amp;width=1200&amp;height=600&amp;smart=true",
        "performance_score": 0,
        "domain_rank": 20109,
        "domain_rank_updated": "2023-12-26T12:06:20.000+02:00",
        "reach": null,
        "social": {
            "facebook": {
                "likes": 0,
                "comments": 0,
                "shares": 0
            },
            "gplus": {
                "shares": 0
            },
            "pinterest": {
                "shares": 0
            },
            "linkedin": {
                "shares": 0
            },
            "stumbledupon": {
                "shares": 0
            },
            "vk": {
                "shares": 0
            }
        }
    },
    "uuid": "0fdf855ca92ea28b74f6c62100a8914989fc3789",
    "url": "https://www.kbtx.com/2023/12/28/murder-suspect-involved-standoff-with-authorities-san-jacinto-county/",
    "ord_in_thread": 0,
    "parent_url": null,
    "author": "@kbtxnews",
    "published": "2023-12-28T23:48:00.000+02:00",
    "title": "Murder suspect involved in standoff with authorities in San Jacinto County",
    "text": "Suspect involved in standoff with authorities in San Jacinto County now in custody Initially, San Jacinto County officials said the man was wanted for murder. In a later update, Polk County Sheriff Byron Lyons clarified he was a burglary suspect and person of interest in a fire. Published: Dec. 28, 2023 at 3:48 PM CST POINT BLANK, Texas (KBTX) - A man arrested after prompting an hourslong standoff with authorities at home in Point Blank was wanted on a burglary and arson charge, not murder, according to authorities. according to [ABC 13 in Houston](https://abc13.com/texas-murder-suspect-polk-county-san-jacinto-sheriffs-deputies-standoff/14235482/?fbclid=IwAR1vt8K3ZKHtMTmmlmdL-0RTojcKlXOwuyNQHhlfwj-7HwLPqyCqz1A9kg4). The location of the standoff was about 30 miles east of Huntsville. Initially, San Jacinto County officials said the man was wanted for murder. In a later update, Polk County Sheriff Byron Lyons clarified he was a burglary suspect and person of interest in a fire. For updates on this developing story, [click here](https://abc13.com/texas-murder-suspect-polk-county-san-jacinto-sheriffs-deputies-standoff/14235482/?fbclid=IwAR1vt8K3ZKHtMTmmlmdL-0RTojcKlXOwuyNQHhlfwj-7HwLPqyCqz1A9kg4). Copyright 2023 KBTX. All rights reserved.",
    "highlightText": "",
    "highlightTitle": "",
    "highlightThreadTitle": "",
    "language": "english",
    "sentiment": "negative",
    "categories": [
        "Disaster and Accident",
        "Human Interest",
        "Crime, Law and Justice"
    ],
    "external_links": [
        "https://abc13.com/texas-murder-suspect-polk-county-san-jacinto-sheriffs-deputies-standoff/14235482/?fbclid=IwAR1vt8K3ZKHtMTmmlmdL-0RTojcKlXOwuyNQHhlfwj-7HwLPqyCqz1A9kg4).",
        "https://abc13.com/texas-murder-suspect-polk-county-san-jacinto-sheriffs-deputies-standoff/14235482/",
        "https://www.abc13.com/texas-murder-suspect-polk-county-san-jacinto-sheriffs-deputies-standoff/14235482/?fbclid=IwAR1vt8K3ZKHtMTmmlmdL-0RTojcKlXOwuyNQHhlfwj-7HwLPqyCqz1A9kg4)."
    ],
    "external_images": [],
    "entities": {
        "persons": [],
        "organizations": [
            {
                "name": "abc",
                "sentiment": "none"
            },
            {
                "name": "san jacinto county sheriff",
                "sentiment": "none"
            },
            {
                "name": "polk county sheriff’s office",
                "sentiment": "none"
            },
            {
                "name": "san jacinto sheriff’s office",
                "sentiment": "none"
            },
            {
                "name": "onalaska police department",
                "sentiment": "none"
            },
            {
                "name": "montgomery county sheriff’s office swat",
                "sentiment": "none"
            }
        ],
        "locations": [
            {
                "name": "san jacinto county",
                "sentiment": "none"
            },
            {
                "name": "st. lucia lane",
                "sentiment": "none"
            },
            {
                "name": "point blank",
                "sentiment": "none"
            },
            {
                "name": "huntsville",
                "sentiment": "none"
            },
            {
                "name": "texas",
                "sentiment": "none"
            },
            {
                "name": "polk county",
                "sentiment": "none"
            },
            {
                "name": "houston",
                "sentiment": "none"
            }
        ]
    },
    "rating": null,
    "crawled": "2023-12-29T00:33:06.283+02:00",
    "updated": "2024-01-05T00:56:44.402+02:00"
}