{
    "thread": {
        "uuid": "279da0d76fc9947cbef965484ec10ab15cd748cd",
        "url": "https://andaluciainformacion.es/huelva/1492943/fallecido-tras-caer-con-su-turismo-por-un-terraplen-en-el-municipio-de-nevada/",
        "site_full": "andaluciainformacion.es",
        "site": "andaluciainformacion.es",
        "site_section": "http://andaluciainformacion.es/huelva/",
        "site_categories": [
            "media"
        ],
        "section_title": "Andalucía Información. Todas las noticias de Huelva",
        "title": "Fallecido tras caer con su turismo por un terraplén en el municipio de Nevada | Andalucía Información. Todas las noticias de Huelva",
        "title_full": "Fallecido tras caer con su turismo por un terraplén en el municipio de Nevada | Andalucía Información. Todas las noticias de Huelva",
        "published": "2023-12-28T20:28:00.000+02:00",
        "replies_count": 0,
        "participants_count": 1,
        "site_type": "news",
        "country": "ES",
        "main_image": "https://publicacionesdelsur.b-cdn.net/articulos/articulos-1250999.jpg",
        "performance_score": 0,
        "domain_rank": 44978,
        "domain_rank_updated": "2023-12-26T12:06:25.000+02:00",
        "reach": null,
        "social": {
            "facebook": {
                "likes": 0,
                "comments": 0,
                "shares": 0
            },
            "gplus": {
                "shares": 0
            },
            "pinterest": {
                "shares": 0
            },
            "linkedin": {
                "shares": 0
            },
            "stumbledupon": {
                "shares": 0
            },
            "vk": {
                "shares": 0
            }
        }
    },
    "uuid": "279da0d76fc9947cbef965484ec10ab15cd748cd",
    "url": "https://andaluciainformacion.es/huelva/1492943/fallecido-tras-caer-con-su-turismo-por-un-terraplen-en-el-municipio-de-nevada/",
    "ord_in_thread": 0,
    "parent_url": null,
    "author": "@andaluciainf",
    "published": "2023-12-28T20:28:00.000+02:00",
    "title": "Fallecido tras caer con su turismo por un terraplén en el municipio de Nevada | Andalucía Información. Todas las noticias de Huelva",
    "text": "Una persona ha fallecido en un accidente de tráfico registrado pasado el mediodía de este jueves en el municipio granadino de Nevada, en la Alpujarra, tras caer con su turismo por un terraplén, según ha informado Emergencias 112 Andalucía. El servicio adscrito a la Consejería de la Presidencia, Interior, Diálogo Social y Simplificación Administrativa ha señalado en una nota de prensa que el teléfono 112 ha atendido a las 14,04 horas un aviso del Centro de Emergencias Sanitarias 061 por un vehículo que se salió de la calzada y cayó por un terraplén de unos 20 metros de profundidad en el conocido como Pago del Soplón, en la localidad de Laroles, cerca de la vía A-4310, en término de Nevada. Según las primeras informaciones, el conductor salió despedido del vehículo en una zona de difícil acceso. Hasta el lugar se enviaron al servicio médico, con ambulancia y helicóptero sanitario, mientras que por parte de la sala coordinadora se activó a los Bomberos de Cádiar, a la Guardia Civil y a la Policía Local. Una vez en el lugar, los operativos han confirmado el fallecimiento del conductor, según los primeros indicios debido a una salida de vía por un camino de tierra y posterior caída por un terraplén, activando la Guardia Civil el protocolo judicial como es preceptivo para el levantamiento del cadáver. Envía tu noticia a: [participa@andaluciainformacion.es](mailto:participa@andaluciainformacion.es)",
    "highlightText": "",
    "highlightTitle": "",
    "highlightThreadTitle": "",
    "language": "spanish",
    "sentiment": "negative",
    "categories": [
        "Disaster and Accident"
    ],
    "external_links": [],
    "external_images": [],
    "entities": {
        "persons": [],
        "organizations": [],
        "locations": []
    },
    "rating": null,
    "crawled": "2023-12-29T00:03:12.658+02:00",
    "updated": "2023-12-29T00:03:12.658+02:00"
}