{
    "thread": {
        "uuid": "2efc9163d1e8adcea37f0091509885cc9bbaa3fe",
        "url": "https://aseannow.com/topic/1315719-body-found-floating-near-island-in-phang-nga/",
        "site_full": "aseannow.com",
        "site": "aseannow.com",
        "site_section": "https://aseannow.com",
        "site_categories": [],
        "section_title": "ASEAN NOW - News, Travel &amp; Forum",
        "title": "Body Found Floating Near Island in Phang Nga - Southern Thailand News - Thailand News, Travel & Forum - ASEAN NOW",
        "title_full": "Body Found Floating Near Island in Phang Nga - Southern Thailand News - Thailand News, Travel & Forum - ASEAN NOW",
        "published": "2023-12-28T23:40:00.000+02:00",
        "replies_count": 0,
        "participants_count": 1,
        "site_type": "news",
        "country": null,
        "main_image": "https://assets.aseannow.com/forum/uploads/monthly_2023_12/image.jpeg.23ec231e1849caf1f5f27813ec680267.jpeg",
        "performance_score": 0,
        "domain_rank": 59353,
        "domain_rank_updated": "2023-12-26T12:06:25.000+02:00",
        "reach": null,
        "social": {
            "facebook": {
                "likes": 0,
                "comments": 0,
                "shares": 0
            },
            "gplus": {
                "shares": 0
            },
            "pinterest": {
                "shares": 0
            },
            "linkedin": {
                "shares": 0
            },
            "stumbledupon": {
                "shares": 0
            },
            "vk": {
                "shares": 0
            }
        }
    },
    "uuid": "2efc9163d1e8adcea37f0091509885cc9bbaa3fe",
    "url": "https://aseannow.com/topic/1315719-body-found-floating-near-island-in-phang-nga/",
    "ord_in_thread": 0,
    "parent_url": null,
    "author": "webfact",
    "published": "2023-12-28T23:40:00.000+02:00",
    "title": "Body Found Floating Near Island in Phang Nga - Southern Thailand News - Thailand News, Travel & Forum - ASEAN NOW",
    "text": "Phang Nga – A body was found floating near an island in Phang Nga.\nThe Royal Thai Navy Third Area Command told the Phuket Express that earlier this week they were notified from a tour boat captain that they found a body while they were travelling between the Phi Phi Island in Krabi and the Yao Island in Phang Nga. However, it was dark and the Royal Thai Navy were unable to immediately recover the body.\nLast week, the Royal Thai Navy was notified that a man identified only as Mr. Soe, 36, a Myanmar national who was a boat crew member fell from a fishing boat.\nBy Goongnang Suksawat\nFull story: THE PHUKET EXPRESS 2023-12-29\n ",
    "highlightText": "",
    "highlightTitle": "",
    "highlightThreadTitle": "",
    "language": "english",
    "sentiment": "negative",
    "categories": [
        "Crime, Law and Justice",
        "Disaster and Accident",
        "Human Interest"
    ],
    "external_links": [],
    "external_images": [],
    "entities": {
        "persons": [
            {
                "name": "goongnang suksawat full",
                "sentiment": "none"
            },
            {
                "name": "soe",
                "sentiment": "none"
            }
        ],
        "organizations": [
            {
                "name": "travel & forum - asean",
                "sentiment": "negative"
            },
            {
                "name": "phang nga - southern thailand news - thailand news",
                "sentiment": "negative"
            },
            {
                "name": "cigna",
                "sentiment": "none"
            },
            {
                "name": "phuket express",
                "sentiment": "none"
            },
            {
                "name": "royal thai navy",
                "sentiment": "none"
            },
            {
                "name": "royal thai navy third area command",
                "sentiment": "none"
            }
        ],
        "locations": [
            {
                "name": "myanmar",
                "sentiment": "none"
            },
            {
                "name": "phang nga",
                "sentiment": "none"
            },
            {
                "name": "krabi",
                "sentiment": "none"
            },
            {
                "name": "yao island",
                "sentiment": "none"
            },
            {
                "name": "phi phi island",
                "sentiment": "none"
            }
        ]
    },
    "rating": null,
    "crawled": "2023-12-29T00:10:28.380+02:00",
    "updated": "2024-01-02T11:38:54.328+02:00"
}