{
    "thread": {
        "uuid": "0342a688043f11c9bf02d94d93ef641f9da7ebc2",
        "url": "https://laopinion.com/2023/12/28/peligrosas-olas-golpean-las-costas-de-california-y-se-convierten-en-amenaza-para-los-turistas/",
        "site_full": "laopinion.com",
        "site": "laopinion.com",
        "site_section": "https://laopinion.com/feed/",
        "site_categories": [
            "media",
            "law_government_and_politics",
            "immigration"
        ],
        "section_title": "La Opinión",
        "title": "Peligrosas olas golpean las costas de California y se convierten en amenaza para los turistas",
        "title_full": "Peligrosas olas golpean las costas de California y se convierten en amenaza para los turistas",
        "published": "2023-12-29T00:16:00.000+02:00",
        "replies_count": 0,
        "participants_count": 1,
        "site_type": "news",
        "country": "US",
        "main_image": "https://laopinion.com/wp-content/uploads/sites/3/2023/12/GettyImages-454268728.jpg?w=1200",
        "performance_score": 0,
        "domain_rank": 16772,
        "domain_rank_updated": "2023-12-26T12:06:20.000+02:00",
        "reach": null,
        "social": {
            "facebook": {
                "likes": 0,
                "comments": 0,
                "shares": 0
            },
            "gplus": {
                "shares": 0
            },
            "pinterest": {
                "shares": 0
            },
            "linkedin": {
                "shares": 0
            },
            "stumbledupon": {
                "shares": 0
            },
            "vk": {
                "shares": 0
            }
        }
    },
    "uuid": "0342a688043f11c9bf02d94d93ef641f9da7ebc2",
    "url": "https://laopinion.com/2023/12/28/peligrosas-olas-golpean-las-costas-de-california-y-se-convierten-en-amenaza-para-los-turistas/",
    "ord_in_thread": 0,
    "parent_url": null,
    "author": "Armando Hernández",
    "published": "2023-12-29T00:16:00.000+02:00",
    "title": "Peligrosas olas golpean las costas de California y se convierten en amenaza para los turistas",
    "text": "Peligrosas olas golpean las costas de California y se convierten en amenaza para los turistas\nMientras al norte existe el riesgo de olas superiores a los 30 pies, todas las playas de Los Ángeles también han sido sometidas a un aviso de alto oleaje e inundaciones costeras\nEl Servicio Meteorológico Nacional dio a conocer el pronóstico de grandes olas en las costas de California el jueves, lo que podrían representar una amenaza para los visitantes, justo el fin de semana cuando se celebra el Año Nuevo.\nUna intensa marejada ciclónica azotó la costa del norte de California el jueves y se espera que se extienda por todo el estado.\nAnte la situación, se han ordenado evacuaciones en todo el norte de California, específicamente en el Área de la Bahía, mientras el oleaje peligrosamente alto y las marejadas ciclónicas golpean las costas con olas que se espera que alcancen una altura de 33 pies.\nSe instó a los residentes a “irse inmediatamente”, ya que olas masivas también sacudieron el jueves el área de Stinson Beach, ubicada en el condado de Marin.\nEl Servicio Meteorológico Nacional ha emitido una advertencia de oleaje alto que estará vigente hasta las 3 a. m. del viernes. Se pronostica que las olas alcanzarán entre 28 y 33 pies de altura en las playas orientadas al oeste.\nTambién advirtieron a los residentes que estas condiciones ponen en peligro la vida y que deben “mantenerse alejados del agua”, junto con embarcaderos y rocas.\nAdemás, aconsejaron a las personas que se aseguraran de no dar la espalda al agua, ya que es probable que haya olas mucho más grandes que pueden correr muy lejos en la arena y arrastrar a alguien de la playa.\nSegún el anuncio oficial, al sur, algunas áreas locales podrían ver olas de hasta 15 pies de altura. Se espera que la costa del condado de Ventura y las playas de Hermosa, Manhattan y Palos Verdes experimenten los impactos más significativos.\nPese a que se trata de un fenómeno que favorece a quien practique surf, representa un gran riesgo para los visitantes, quienes acuden justo días previos a la celebración del Año Nuevo.el aviso de oleaje alto entró en vigor a las 4 am del jueves y durará hasta las 10 pm del sábado.\nEl jueves en Ventura, grandes olas rompieron un muro de contención en la playa y los socorristas se mantuvieron ocupados rescatando a los espectadores que se acercaban demasiado al fuerte oleaje.\nVarios autos fueron vistos atrapados en una calle inundada cerca de la playa en el área de Seaward y Zephyr. Los socorristas advirtieron a las personas que se habían reunido para observar las grandes olas que debían alejarse más del agua.\nEn Oxnard, las calles cercanas a la playa se inundaron de manera similar y varios automóviles también quedaron atrapados.\nLas autoridades dicen que es posible que se produzcan inundaciones en algunas zonas bajas. En Newport Beach, se advirtió a los residentes sobre las condiciones y se repusieron los diques de arena.\nLos funcionarios de la ciudad dijeron que equipos monitorearían los niveles de agua y bombearían agua si fuera necesario. Mientras tanto, se insta a los bañistas del condado de Los Ángeles a hablar con los salvavidas antes de meterse al agua.\nSe espera que el aumento sea causado por dos sistemas de tormentas separados. Uno está dirigido al norte de California, mientras que el otro afectará a todo el Estado con lluvias masivas.\nSigue leyendo:\n–\nExcursionista sobrevive a una caída de casi 1,000 pies desde una ruta de senderismo en Hawaii\n–\nExcursionista quedó atrapado bajo una roca de las montañas de California durante 7 horas\n–\nUn hombre murió tras caer escalando hielo en el Bosque Nacional Custer Gallatin",
    "highlightText": "",
    "highlightTitle": "",
    "highlightThreadTitle": "",
    "language": "spanish",
    "sentiment": "negative",
    "categories": [
        "Human Interest",
        "Disaster and Accident",
        "Lifestyle and Leisure"
    ],
    "external_links": [],
    "external_images": [],
    "entities": {
        "persons": [],
        "organizations": [],
        "locations": []
    },
    "rating": null,
    "crawled": "2023-12-29T00:32:12.807+02:00",
    "updated": "2023-12-29T00:32:12.807+02:00"
}