{
    "thread": {
        "uuid": "7511ec32aef2d2a44ba6ea4c75f14d0db8b80fe3",
        "url": "https://www.latribuna.hn/2023/12/28/un-adolescente-muere-tras-sufrir-un-ataque-de-un-tiburon-en-el-sur-de-australia/",
        "site_full": "www.latribuna.hn",
        "site": "latribuna.hn",
        "site_section": "https://www.latribuna.hn/feed",
        "site_categories": [
            "media"
        ],
        "section_title": "Diario La Tribuna",
        "title": "Un adolescente muere tras sufrir un ataque de un tiburón en el sur de Australia",
        "title_full": "Un adolescente muere tras sufrir un ataque de un tiburón en el sur de Australia",
        "published": "2023-12-29T00:10:00.000+02:00",
        "replies_count": 0,
        "participants_count": 1,
        "site_type": "news",
        "country": "HN",
        "main_image": "https://d1mrtjpezxphht.cloudfront.net/wp-content/uploads/2023/12/ataque-tiburon-australia-joven-.jpg",
        "performance_score": 0,
        "domain_rank": 59061,
        "domain_rank_updated": "2023-12-26T12:06:25.000+02:00",
        "reach": null,
        "social": {
            "facebook": {
                "likes": 0,
                "comments": 0,
                "shares": 0
            },
            "gplus": {
                "shares": 0
            },
            "pinterest": {
                "shares": 0
            },
            "linkedin": {
                "shares": 0
            },
            "stumbledupon": {
                "shares": 0
            },
            "vk": {
                "shares": 0
            }
        }
    },
    "uuid": "7511ec32aef2d2a44ba6ea4c75f14d0db8b80fe3",
    "url": "https://www.latribuna.hn/2023/12/28/un-adolescente-muere-tras-sufrir-un-ataque-de-un-tiburon-en-el-sur-de-australia/",
    "ord_in_thread": 0,
    "parent_url": null,
    "author": "Diario La Tribuna",
    "published": "2023-12-29T00:10:00.000+02:00",
    "title": "Un adolescente muere tras sufrir un ataque de un tiburón en el sur de Australia",
    "text": "Un adolescente muere tras sufrir un ataque de un tiburón en el sur de Australia Sídney (Australia).- Un adolescente, cuya edad no fue precisada, ha muerto este jueves a raíz de un ataque de un tiburón en una recóndita zona costera del sur de Australia, informó la Policía. El ataque ocurrió alrededor de la 13:30 hora local (3:00 GMT) en la playa Ethel, cerca del Parque Nacional Innes, en el estado de Australia del Sur, explicó en un comunicado la Policía de esta jurisdicción australiana. En un primer momento, las autoridades apuntaron que los servicios de emergencia habían sido movilizados hasta el lugar para atender a la víctima que sufría heridas de gravedad. Sin embargo, horas después indicaron que el varón, cuya edad no fue precisada, falleció por las lesiones y “el cuerpo del adolescente fue recuperado del agua”. En octubre se registraron dos ataques de escualos en aguas de esta región, con resultado de la muerte de un surfista de 55 años y otro que ocasionó heridas en la pierna de una nadadora que sobrevivió al ataque. En mayo, otro hombre, de 46 años, perdió la vida mientras surfeaba al sufrir un ataque de tiburón en una playa de la ciudad costera de Elliston, también en Australia del Sur, mientras que en febrero una adolescente de 16 años perdió la vida a raíz de un ataque de un tiburón en un río de Australia Occidental. Pese a ello, los ataques de tiburones contra los seres humanos no son habituales y, según el último informe anual del Archivo Internacional de Ataques de Tiburones (ISAF, en inglés) de la Universidad de Florida), en 2022 se registraron 57 ataques no provocados de tiburones en todo el mundo, la cifra más baja de los últimos diez años. EFE",
    "highlightText": "",
    "highlightTitle": "",
    "highlightThreadTitle": "",
    "language": "spanish",
    "sentiment": "negative",
    "categories": [
        "Human Interest",
        "Disaster and Accident"
    ],
    "external_links": [],
    "external_images": [],
    "entities": {
        "persons": [],
        "organizations": [],
        "locations": []
    },
    "rating": null,
    "crawled": "2023-12-29T00:24:30.984+02:00",
    "updated": "2023-12-29T00:25:32.078+02:00"
}