{
    "thread": {
        "uuid": "f6f23f6f7a57e08a4166df048b533c41b385fad1",
        "url": "https://vnexplorer.net/imagenes-impactantes-asi-quedo-el-tunel-de-la-via-al-llano-tras-explosion-de-tractomula-s696849.html",
        "site_full": "vnexplorer.net",
        "site": "vnexplorer.net",
        "site_section": "https://vnexplorer.net",
        "site_categories": [
            "health",
            "cold_and_flu"
        ],
        "section_title": "Verified News Explorer Channel - VNExplorer",
        "title": "Imágenes impactantes: así quedó el túnel de la vía al Llano tras explosión de tractomula",
        "title_full": "Imágenes impactantes: así quedó el túnel de la vía al Llano tras explosión de tractomula",
        "published": "2023-12-28T23:54:00.000+02:00",
        "replies_count": 0,
        "participants_count": 1,
        "site_type": "news",
        "country": "US",
        "main_image": "https://img-s-msn-com.akamaized.net/tenant/amp/entityid/AA1m9wWr.img",
        "performance_score": 0,
        "domain_rank": 45352,
        "domain_rank_updated": "2023-12-26T12:06:25.000+02:00",
        "reach": null,
        "social": {
            "facebook": {
                "likes": 0,
                "comments": 0,
                "shares": 0
            },
            "gplus": {
                "shares": 0
            },
            "pinterest": {
                "shares": 0
            },
            "linkedin": {
                "shares": 0
            },
            "stumbledupon": {
                "shares": 0
            },
            "vk": {
                "shares": 0
            }
        }
    },
    "uuid": "f6f23f6f7a57e08a4166df048b533c41b385fad1",
    "url": "https://vnexplorer.net/imagenes-impactantes-asi-quedo-el-tunel-de-la-via-al-llano-tras-explosion-de-tractomula-s696849.html",
    "ord_in_thread": 0,
    "parent_url": null,
    "author": "VNExplorer",
    "published": "2023-12-28T23:54:00.000+02:00",
    "title": "Imágenes impactantes: así quedó el túnel de la vía al Llano tras explosión de tractomula",
    "text": "Luego de que fuera controlada la emergencia, solo hasta el miércoles 27 de diciembre las autoridades lograron entrar al túnel para verificar su estado y hacer un balance de los daños.\nImágenes impactantes: así quedó el túnel de la vía al Llano tras explosión de tractomula December 28th, 8:28amDecember 28th, 8:28amdrodriguezb\nEl pasado martes 26 de diciembre, un grave accidente se registró a la altura del túnel de Quebrada Blanca, en la vía que conecta a Bogotá con Villavicencio, siniestro que provocó el cierre total de este corredor vial.\nSegún se conoció, un vehículo de carga se habría quedado sin frenos, lo que hizo que el conductor perdiera el control del vehículo y terminara volcándose y posteriormente explotando, provocando un voraz incendio en el interior de túnel.\nTe puede interesar: Video: así fue el trágico accidente de tractomula en túnel de la vía al llano\nEl camión pertenece a la empresa CTC Cootranscopetrol y transportaba en su interior un material inflamable conocido como nafta, lo que provocó la fuerte explosión, según informaron las autoridades.\nBomberos de Villavicencio, Cáqueza y Guayabetal llegaron a la zona a atender la emergencia, sin embargo, al tratarse de un líquido inflamable, también se requirió de un equipo especializado en sustancias peligrosas.\nSobre el conductor del vehículo accidentado, este fue rescatado con quemaduras del 84 % de su cuerpo y fue trasladado a un centro médico en Villavicencio. No obstante, debido a la gravedad de sus heridas será remitido a Bogotá para recibir atención especializada.\nRevelan imágenes del túnel tras fuerte explosión Luego de que fuera controlada la emergencia, que se registró sobre las 2:40 de la tarde, solo hasta el miércoles 27 de diciembre las autoridades lograron entrar al túnel para verificar su estado y hacer un balance de los daños.\nEn redes sociales se conocieron imágenes que dejaron sorprendidos a los usuarios, no solo del momento exacto del accidente, sino también del estado en el que quedó el túnel.\nEn las imágenes se ve que la fuerte explosión e incendio terminó incinerando todo el corredor vial, pues en su interior este se ve completamente quemado, dejando en evidencia lo grave que fue el siniestro.\nEl ingeniero Fernando Castillo, director de operación de Coviandina, explicó que aún no es claro el tiempo que estará cerrado el túnel Quebrada Blanca de la vía al Llano.\nAsimismo, señaló que tras el accidente se están tomando medidas debido al exceso de velocidad que se registra con gran frecuencia en esta zona.",
    "highlightText": "",
    "highlightTitle": "",
    "highlightThreadTitle": "",
    "language": "spanish",
    "sentiment": "negative",
    "categories": [
        "Disaster and Accident"
    ],
    "external_links": [
        "https://img-s-msn-com.akamaized.net/tenant/amp/entityid/AA1m9wWr.img",
        "https://www.img-s-msn-com.akamaized.net/tenant/amp/entityid/AA1m9wWr.img"
    ],
    "external_images": [],
    "entities": {
        "persons": [],
        "organizations": [],
        "locations": []
    },
    "rating": null,
    "crawled": "2023-12-29T00:00:51.253+02:00",
    "updated": "2023-12-29T00:00:51.253+02:00"
}