{
    "thread": {
        "uuid": "c6660a529e5136f13c293c3475651301c8e3f9fe",
        "url": "https://waterrestorationcompanies56406.ampedpages.com/the-basic-principles-of-disaster-restoration-companies-51613923",
        "site_full": "waterrestorationcompanies56406.ampedpages.com",
        "site": "ampedpages.com",
        "site_section": "https://ampedpages.com/rss-homepage.php?1",
        "site_categories": [],
        "section_title": "ampedpages.com RSS feed",
        "title": "The Basic Principles Of disaster restoration companies",
        "title_full": "The Basic Principles Of disaster restoration companies",
        "published": "2023-12-28T21:13:00.000+02:00",
        "replies_count": 0,
        "participants_count": 1,
        "site_type": "news",
        "country": "TR",
        "main_image": "",
        "performance_score": 0,
        "domain_rank": 6484,
        "domain_rank_updated": "2023-12-26T12:06:20.000+02:00",
        "reach": null,
        "social": {
            "facebook": {
                "likes": 0,
                "comments": 0,
                "shares": 0
            },
            "gplus": {
                "shares": 0
            },
            "pinterest": {
                "shares": 0
            },
            "linkedin": {
                "shares": 0
            },
            "stumbledupon": {
                "shares": 0
            },
            "vk": {
                "shares": 0
            }
        }
    },
    "uuid": "c6660a529e5136f13c293c3475651301c8e3f9fe",
    "url": "https://waterrestorationcompanies56406.ampedpages.com/the-basic-principles-of-disaster-restoration-companies-51613923",
    "ord_in_thread": 0,
    "parent_url": null,
    "author": "Waterrestorationcompanies",
    "published": "2023-12-28T21:13:00.000+02:00",
    "title": "The Basic Principles Of disaster restoration companies",
    "text": "Bub held me inside the loop of when he was coming and leaving your house. He failed to head my continuous issues and normally answered them politely and Actually. I am so appreciative of Bub and I am so glad he was ready to take care of our spouse and children house. Melvin and Jason were being fantastic, much too. These are helpful and supportive. From begin to conclusion, my Preliminary perception from the workforce haven't modified. I might use them again any working day! Thank you much for going above and over and above Bub and crew!\nWhile we use several different disinfectants that are built to get rid of hazardous germs and viruses, ServprOxide™ is used most frequently in COVID-19 predicaments.\nWater can also influence electrical wiring and other in-wall pipings/wiring. If left unhandled it may try to eat away at your property, resulting in a fair even worse and unpredictable catastrophe.\n“Once you cross the road to remediation, it’s more about removing contaminants in the space,” Ragsdale claims.\nOur cleansing crews are skillfully properly trained, and when you’re ever sad with any location we’ve cleaned, we’ll return the next day and reclean it.\nWe as a company are devoted to applying cleaning products that are environmentally liable, sustainable, and Protected for that Earth.\nCertainly – protection for smoke and fire damage are both included in a primary homeowners insurance plan coverage, aka HO3. The smoke doesn’t have to originate from a fire inside of the house—smoke damage to your home from a neighbor’s fire is likewise included. Your homeowners insurance will also go over you for damage a result of wildfires.\nThese specialized smoke damage mitigation companies cleanse and restore household furniture, electronics, apparel, and textile items after they’re damaged by smoke or water.\nEven though wastewater overflowing inside your residence is often a sure indicator that you choose to’ve acquired a sewer line backup, you will find other signals which you’ve got a potential issue before things get to that point. One example is, When you've got areas of standing water on your own residence, Primarily through dry intervals in which no rain has occurred, it might stage towards sewer line issues.\nMold infestations are an dreadful factor for property owners to expertise. Microscopic in measurement, mold\nfire restoration companies spores are presently close to you even now. On regular There exists a mold spore count of 200-500 per home. The excellent news is always that even though that common Appears scary, mold spores generally don’t grow to be an active danger right until Assembly the correct circumstances. Frequently the results of uncontrolled dampness, mold infestations will begin to unfold until finally they turn out to Mold Removal be Unattractive growths in your property coupled with a horrible odor to match.\nEnsuring your warranty crew follows a system for mold cleanup and remediation will look after the latter.\nThis kind of disinfection support Sharjah makes use of electrolysed water, which includes chlorine ions that\nhttps://modelingsexy66558.ageeksblog.com/24060017/bathroom-restoration-companies-for-dummies may eliminate bacteria and viruses on Make contact with. Electrolysed water is frequently Utilized in foods planning places, as it truly is powerful in opposition to several foodborne pathogens.\nFire damage refers back to the Bodily damage to the property because of burning. This damage\ndisaster restoration companies may well possibly be directly due to the flames or could come about because of smoke and various corrosive substances emitted by the fire.\nRagsdale suggests that lots of particular home merchandise could be successfully cleaned after a flood or other water party. “Most\nrestoration management company of the time, hardwood home furnishings or difficult, non-porous particular property objects is usually cleaned,” he states.\nThe Basic Principles Of disaster restoration companies\nBub held me inside the loop of when he was coming and leaving your house. He failed to head my continuous issues and normally answered them politely and Actually. I am so appreciative of Bub and I am so glad he was ready to take care of our spouse and children house. Melvin and Jason were being fantastic, much too. These are helpful and supportive. From begin to conclusion, my Preliminary perception from the workforce haven't modified. I might use them again any working day! Thank you much for going above and over and above Bub and crew!",
    "highlightText": "",
    "highlightTitle": "",
    "highlightThreadTitle": "",
    "language": "english",
    "sentiment": "negative",
    "categories": [
        "Disaster and Accident"
    ],
    "external_links": [
        "https://modelingsexy66558.ageeksblog.com/24060017/bathroom-restoration-companies-for-dummies",
        "https://trentonocoyk.blogdiloz.com/24074179/a-review-of-water-damage-restoration-company-near-me",
        "https://firerestorationcompany77528.tinyblogging.com/water-damage-restoration-company-near-me-no-further-a-mystery-67597227",
        "https://fernandoviwht.ja-blog.com/24342509/top-latest-five-water-restoration-companies-near-me-urban-news",
        "https://disaster-restoration-comp15930.actoblog.com/24650262/the-smart-trick-of-fire-damage-restoration-companies-near-me-that-nobody-is-discussing",
        "https://www.modelingsexy66558.ageeksblog.com/24060017/bathroom-restoration-companies-for-dummies",
        "https://www.disaster-restoration-comp15930.actoblog.com/24650262/the-smart-trick-of-fire-damage-restoration-companies-near-me-that-nobody-is-discussing",
        "https://www.fernandoviwht.ja-blog.com/24342509/top-latest-five-water-restoration-companies-near-me-urban-news",
        "https://www.trentonocoyk.blogdiloz.com/24074179/a-review-of-water-damage-restoration-company-near-me",
        "https://www.firerestorationcompany77528.tinyblogging.com/water-damage-restoration-company-near-me-no-further-a-mystery-67597227"
    ],
    "external_images": [],
    "entities": {
        "persons": [
            {
                "name": "melvin",
                "sentiment": "none"
            },
            {
                "name": "ragsdale",
                "sentiment": "none"
            },
            {
                "name": "jason",
                "sentiment": "none"
            }
        ],
        "organizations": [],
        "locations": []
    },
    "rating": null,
    "crawled": "2023-12-29T00:32:43.031+02:00",
    "updated": "2023-12-29T00:32:43.031+02:00"
}