{
    "thread": {
        "uuid": "376884854c908331619118bc502f8c9126daa7f9",
        "url": "https://www.dallasnews.com/espanol/al-dia/mexico/2023/12/28/taxco-secuestro-pepenadores-relleno-sanitario-plagio-guerrero/",
        "site_full": "www.dallasnews.com",
        "site": "dallasnews.com",
        "site_section": "https://dallasnews.com/news/mexico/",
        "site_categories": [
            "media"
        ],
        "section_title": "México | Al Día Dallas",
        "title": "Plagian a 7 personas en Taxco: una funcionaria y seis empleados del relleno sanitario",
        "title_full": "Plagian a 7 personas en Taxco: una funcionaria y seis empleados del relleno sanitario",
        "published": "2023-12-28T19:59:00.000+02:00",
        "replies_count": 0,
        "participants_count": 1,
        "site_type": "news",
        "country": "US",
        "main_image": "https://dmn-dallas-news-prod.cdn.arcpublishing.com/resizer/uo7xsm272wKohB8FZPbdGIuajaI=/830x467/smart/filters:no_upscale()/cloudfront-us-east-1.images.arcpublishing.com/dmn/3CQZE4EMJJB4FDYWBYBOUWJUTU.jpg",
        "performance_score": 0,
        "domain_rank": 1098,
        "domain_rank_updated": "2023-12-26T12:06:20.000+02:00",
        "reach": null,
        "social": {
            "facebook": {
                "likes": 1,
                "comments": 0,
                "shares": 8
            },
            "gplus": {
                "shares": 0
            },
            "pinterest": {
                "shares": 0
            },
            "linkedin": {
                "shares": 0
            },
            "stumbledupon": {
                "shares": 0
            },
            "vk": {
                "shares": 0
            }
        }
    },
    "uuid": "376884854c908331619118bc502f8c9126daa7f9",
    "url": "https://www.dallasnews.com/espanol/al-dia/mexico/2023/12/28/taxco-secuestro-pepenadores-relleno-sanitario-plagio-guerrero/",
    "ord_in_thread": 0,
    "parent_url": null,
    "author": "Agencia Reforma",
    "published": "2023-12-28T19:59:00.000+02:00",
    "title": "Plagian a 7 personas en Taxco: una funcionaria y seis empleados del relleno sanitario",
    "text": "Ciudad de México - Funcionarios y empleados del relleno sanitario de Taxco, Guerrero, fueron secuestrados por un grupo de hombres armados, mientras que en Texcaltitlán, Edomex, ascendió a 14 al número de personas plagiadas presuntamente por La Familia Michoacana. Lea también: Hallan en la cajuela de un auto a dos maestros asesinados en Taxco, Guerrero\nAdvertisement Autoridades de Guerrero informaron que la directora del relleno sanitario, Anabel Gutiérrez, un empleado y cinco pepenadores fueron secuestrados.\nAdvertisement Versiones de pobladores de Taxco indican que desde el martes por la noche se registraron balaceras en distintas zonas de esa ciudad.\nÚltimas noticias de hoy Las historias que tienes que saber de la comunidad de Dallas-Fort Worth, eventos gratuitos, paseos, conciertos, deportes y todo lo que ocurre en el Metroplex.\nEmail Address By signing up you agree to our Terms of Service and Privacy Policy\nSUBMIT En tanto, la Fiscalía de Justicia del Edomex actualizó en 14 el número de personas desaparecidas en Texcaltitlán, entre ellas cuatro menores, tras el enfrentamiento entre pobladores y presuntos criminales de La Familia Michoacana.\n“De ellos 4 son menores de edad y 10 son adultos: 2 niñas, 2 niños, 3 mujeres y 7 masculinos adultos”, detalló el Fiscal José Luis Cervantes, quien dijo que la dependencia a su cargo ofrece una recompensa de hasta 500 mil pesos para dar con su localización.\nAdvertisement Suscríbase al newsletter de Al Día para recibir el resumen de las noticias del Norte de Texas",
    "highlightText": "",
    "highlightTitle": "",
    "highlightThreadTitle": "",
    "language": "spanish",
    "sentiment": "negative",
    "categories": [
        "Human Interest",
        "Disaster and Accident",
        "Crime, Law and Justice"
    ],
    "external_links": [
        "http://www.facebook.com/sharer/sharer.php?u=https://www.dallasnews.com/espanol/al-dia/mexico/2023/12/28/taxco-secuestro-pepenadores-relleno-sanitario-plagio-guerrero/&title=Plagian%20a%207%20personas%20en%20Taxco%3A%20una%20funcionaria%20y%20seis%20empleados%20del%20relleno%20sanitario",
        "http://facebook.com/sharer/sharer.php?u=https://dallasnews.com/espanol/al-dia/mexico/2023/12/28/taxco-secuestro-pepenadores-relleno-sanitario-plagio-guerrero/&title=Plagian%20a%207%20personas%20en%20Taxco%3A%20una%20funcionaria%20y%20seis%20empleados%20del%20relleno%20sanitario",
        "http://www.facebook.com/sharer/sharer.php"
    ],
    "external_images": [],
    "entities": {
        "persons": [],
        "organizations": [],
        "locations": []
    },
    "rating": null,
    "crawled": "2023-12-29T00:04:16.938+02:00",
    "updated": "2023-12-29T00:04:16.938+02:00"
}