{
    "thread": {
        "uuid": "660180c46afa58188c02e5efcbfdc0c1f7617ff8",
        "url": "https://abcnews.go.com/US/video/site-idaho-murder-demolished-amid-protests-victims-families-105973944",
        "site_full": "abcnews.go.com",
        "site": "go.com",
        "site_section": "https://flipboard.com/@abc.rss",
        "site_categories": [
            "media"
        ],
        "section_title": "ABC News",
        "title": "Video Site of Idaho murder demolished amid protests from victims' families",
        "title_full": "Video Site of Idaho murder demolished amid protests from victims' families",
        "published": "2023-12-28T21:52:00.000+02:00",
        "replies_count": 0,
        "participants_count": 1,
        "site_type": "news",
        "country": "US",
        "main_image": "https://i.abcnewsfe.com/a/2861f212-7448-4bd3-978e-6591aabe7d3b/231228_abcnl_2pm_buckmire_idaho_hpMain_16x9.jpg?w=992",
        "performance_score": 0,
        "domain_rank": 135,
        "domain_rank_updated": "2023-12-26T12:06:20.000+02:00",
        "reach": null,
        "social": {
            "facebook": {
                "likes": 0,
                "comments": 0,
                "shares": 0
            },
            "gplus": {
                "shares": 0
            },
            "pinterest": {
                "shares": 0
            },
            "linkedin": {
                "shares": 0
            },
            "stumbledupon": {
                "shares": 0
            },
            "vk": {
                "shares": 0
            }
        }
    },
    "uuid": "660180c46afa58188c02e5efcbfdc0c1f7617ff8",
    "url": "https://abcnews.go.com/US/video/site-idaho-murder-demolished-amid-protests-victims-families-105973944",
    "ord_in_thread": 0,
    "parent_url": null,
    "author": "ABC News",
    "published": "2023-12-28T21:52:00.000+02:00",
    "title": "Video Site of Idaho murder demolished amid protests from victims' families",
    "text": "Site of Idaho murder demolished amid protests from victims' families\nLegal contributor Brian Buckmire talks about the demolition of the house where four University of Idaho students were killed.\nDecember 28, 2023\nExamined\nExamined\nWhat’s next for Russia?Jun 29, 2022\nWhat comes next after Texas school shooting?May 25, 2022\nWhat's next for abortion rights in America?May 03, 2022\nThe new battle for voting rightsMay 02, 2022\nHow we can build a clean and renewable futureApr 19, 2022\nThe fight for KyivMar 11, 2022\nExamining extremism in the militaryApr 27, 2021\nGun violence: An American epidemic?May 03, 2023\nBorder crisis: What’s happening at the US-Mexico border?Jun 18, 2021\nRemembering George Floyd: A year of protestMay 25, 2021\nThe source of COVID-19: What we knowApr 07, 2021\nHow did the GameStop stock spike on Wall Street happen?Feb 12, 2021\nWhy are people hesitant to trust a COVID-19 vaccine?Dec 10, 2020\nHow climate change and forest management make wildfires harder to containSep 29, 2020\nDisparity in police response: Black Lives Matter protests and Capitol riotFeb 23, 2021\n2020 in review: A year unlike any otherDec 22, 2020\nExamined: How Putin keeps powerMar 12, 2021\nWhy don’t the Electoral College and popular vote always match up?Oct 29, 2020\nUS crosses 250,000 coronavirus deathsNov 18, 2020\n2nd Impeachment Trial: What this could mean for TrumpFeb 08, 2021\nPresidential transition of power: ExaminedDec 01, 2020\nHow Donald Trump spent his last days as presidentJan 18, 2021\nHow Joe Biden's inauguration will be different from previous yearsJan 15, 2021\nBelarus’ ongoing protests: ExaminedDec 04, 2020\nTrump challenges the vote and takes legal actionNov 05, 2020\n2020’s DNC and RNC are different than any beforeAug 17, 2020\nWhat is happening with the USPS?Aug 20, 2020\nVoting in 2020 during COVID-19Oct 13, 2020\nDisinformation in 2020Oct 30, 2020\nABC News Specials on\nImpact X Nightline: On the BrinkDec 14, 2023\nImpact X Nightline: Unboxing SheinNov 27, 2023\nThe Lady Bird DiariesNov 27, 2023\nImpact X Nightline: It's BritneyNov 27, 2023\nImpact X Nightline: Natalee Holloway -- A Killer ConfessesNov 27, 2023\nImpact X Nightline: Who Shot Tupac?Nov 27, 2023\nWild CrimeOct 26, 2022\nImpact x NightlineOct 28, 2022\nPower Trip: Those Who Seek Power and Those Who Chase ThemSep 27, 2022\nThe Murders Before the MarathonSep 01, 2022\nThe Ivana Trump Story: The First WifeJul 25, 2022\nAftershockJul 18, 2022\nMormon No MoreJun 22, 2022\nLeave No Trace: A Hidden History of the Boy ScoutsJun 15, 2022\nKeeper of the Ashes: The Oklahoma Girl Scout MurdersMay 20, 2022\nThe Orphans of COVID: America's Hidden TollMay 13, 2022\nSuperstar: Patrick SwayzeApr 14, 2022\nThe Kardashians -- An ABC News SpecialApr 05, 2022\n24 Months That Changed the WorldMar 30, 2022\nHave You Seen This Man?Mar 22, 2022",
    "highlightText": "",
    "highlightTitle": "",
    "highlightThreadTitle": "",
    "language": "english",
    "sentiment": "negative",
    "categories": [
        "Crime, Law and Justice",
        "Disaster and Accident",
        "Human Interest"
    ],
    "external_links": [],
    "external_images": [],
    "entities": {
        "persons": [
            {
                "name": "brian buckmir",
                "sentiment": "negative"
            },
            {
                "name": "george floyd",
                "sentiment": "none"
            }
        ],
        "organizations": [
            {
                "name": "gamestop",
                "sentiment": "none"
            },
            {
                "name": "university of idaho",
                "sentiment": "none"
            }
        ],
        "locations": [
            {
                "name": "idaho",
                "sentiment": "none"
            },
            {
                "name": "texas",
                "sentiment": "none"
            },
            {
                "name": "mexico",
                "sentiment": "none"
            },
            {
                "name": "us",
                "sentiment": "none"
            }
        ]
    },
    "rating": null,
    "crawled": "2023-12-29T00:19:04.915+02:00",
    "updated": "2023-12-29T00:19:04.915+02:00"
}