{
    "thread": {
        "uuid": "f3eede3c29bfe1191e011abf1d40f0f529d92124",
        "url": "https://caracol.com.co/2023/12/28/cae-red-de-pedofilos-que-enganaban-a-menores-extranjeras-en-cucuta/",
        "site_full": "caracol.com.co",
        "site": "caracol.com.co",
        "site_section": "https://caracol.com.co/ciudades/cucuta/",
        "site_categories": [
            "media",
            "hobbies_and_interests",
            "radio"
        ],
        "section_title": "Cúcuta | Caracol Radio",
        "title": "Cae red de pedófilos que engañaban a menores extranjeras en Cúcuta",
        "title_full": "Cae red de pedófilos que engañaban a menores extranjeras en Cúcuta",
        "published": "2023-12-28T18:51:00.000+02:00",
        "replies_count": 0,
        "participants_count": 1,
        "site_type": "news",
        "country": "CO",
        "main_image": "https://caracol.com.co/resizer/K_kfyaaLakAOpvmP1GQpGG8cj78=/564x297/filters:quality(70)/cloudfront-us-east-1.images.arcpublishing.com/prisaradioco/5E6VJIHESNAJHON72RPPJEGEBQ.jpeg",
        "performance_score": 0,
        "domain_rank": 13634,
        "domain_rank_updated": "2023-12-26T12:06:20.000+02:00",
        "reach": null,
        "social": {
            "facebook": {
                "likes": 0,
                "comments": 0,
                "shares": 0
            },
            "gplus": {
                "shares": 0
            },
            "pinterest": {
                "shares": 0
            },
            "linkedin": {
                "shares": 0
            },
            "stumbledupon": {
                "shares": 0
            },
            "vk": {
                "shares": 0
            }
        }
    },
    "uuid": "f3eede3c29bfe1191e011abf1d40f0f529d92124",
    "url": "https://caracol.com.co/2023/12/28/cae-red-de-pedofilos-que-enganaban-a-menores-extranjeras-en-cucuta/",
    "ord_in_thread": 0,
    "parent_url": null,
    "author": "Caracol Radio\"/>",
    "published": "2023-12-28T18:51:00.000+02:00",
    "title": "Cae red de pedófilos que engañaban a menores extranjeras en Cúcuta",
    "text": "Cúcuta\nDesde la dirección de protección de la Fiscalía General , se llevó a cabo la investigación y allanamientos a varios inmuebles, donde eran sometidas sexualmente menores de edad, engañadas por esta red criminal en zona de frontera.\nCerca de un año duró la investigación que logró la captura de los criminales dedicados a engañar menores entre los 14 y 17 años , de nacionalidad extranjera , haciéndose pasar por niños por medio de redes sociales o portales de juegos, y también como empresarios, ofreciéndoles algún tipo de trabajo.\nMás información\nDesmantelada banda dedicada a la falsificación de dólares y pesos en frontera Las menores eran citadas, una vez lograban tenerlas, eran llevabas a casas, donde eran drogadas y sometidas sexualmente en pequeños cuartos. Actos que eran grabados para luego vender los videos a depredadores sexuales.\nEl operativo también se adelantó en otras ciudades de Colombia, dejando un total de 11 personas capturas y al menos 10 menores rescatadas por las autoridades. Además, los inmuebles donde eran cometidos estos actos fueron sometidos a proceso de extinción de dominio.",
    "highlightText": "",
    "highlightTitle": "",
    "highlightThreadTitle": "",
    "language": "spanish",
    "sentiment": "negative",
    "categories": [
        "Disaster and Accident",
        "Crime, Law and Justice",
        "Social Issue"
    ],
    "external_links": [],
    "external_images": [],
    "entities": {
        "persons": [],
        "organizations": [],
        "locations": []
    },
    "rating": null,
    "crawled": "2023-12-29T00:30:41.592+02:00",
    "updated": "2023-12-29T00:30:41.592+02:00"
}