{
    "thread": {
        "uuid": "107d5cb55de18e80432d8a4272c7d6b45d79657e",
        "url": "https://fox11online.com/news/local/green-bay-resident-killed-in-crash-in-manitowoc-county-third-fatal-crash-in-four-days-manitowoc-rapids-i43-guardrail-chevrolet-pickup-truck-sheriffs-office",
        "site_full": "fox11online.com",
        "site": "fox11online.com",
        "site_section": "https://fox11online.com",
        "site_categories": [
            "media",
            "non_standard_content"
        ],
        "section_title": "chevron-right",
        "title": "chevron-right",
        "title_full": "chevron-right",
        "published": "2023-12-28T23:22:00.000+02:00",
        "replies_count": 0,
        "participants_count": 1,
        "site_type": "news",
        "country": "US",
        "main_image": "https://fox11online.com/resources/media/ff4c110c-b402-4bbe-971c-a013d01398c1-large16x9_GenericWLUKManitowocCountySheriff.jpg",
        "performance_score": 0,
        "domain_rank": 18767,
        "domain_rank_updated": "2023-12-26T12:06:20.000+02:00",
        "reach": null,
        "social": {
            "facebook": {
                "likes": 0,
                "comments": 0,
                "shares": 0
            },
            "gplus": {
                "shares": 0
            },
            "pinterest": {
                "shares": 0
            },
            "linkedin": {
                "shares": 0
            },
            "stumbledupon": {
                "shares": 0
            },
            "vk": {
                "shares": 0
            }
        }
    },
    "uuid": "107d5cb55de18e80432d8a4272c7d6b45d79657e",
    "url": "https://fox11online.com/news/local/green-bay-resident-killed-in-crash-in-manitowoc-county-third-fatal-crash-in-four-days-manitowoc-rapids-i43-guardrail-chevrolet-pickup-truck-sheriffs-office",
    "ord_in_thread": 0,
    "parent_url": null,
    "author": "Mallory Allen, FOX 11 News",
    "published": "2023-12-28T23:22:00.000+02:00",
    "title": "chevron-right",
    "text": "MANITOWOC RAPIDS (WLUK) -- One person died in a single-vehicle crash in Manitowoc County Thursday afternoon. Just after 1:30 p.m., dispatchers received a report of a crash scene located under I-43 near the Manitowoc River within the township of Manitowoc Rapids. Officials say a preliminary investigation shows a 2000 Chevrolet S-10 pickup truck was traveling northbound on I-43 when it \"entered the median, struck the guardrail between the north and southbound lanes, and proceeded down the embankment. The truck came to rest along the south side of the Manitowoc River.\" The driver, a 56-year-old individual from Green Bay, was pronounced dead at the scene. Their name has not been released. An investigation by the Manitowoc County Sheriff's Office is ongoing. Anyone who witnessed the crash or has information regarding it is asked to contact Detective Michael Hermann at (920) 683-4215. This marks the third fatal crash on I-43 in Manitowoc County in a four-day span. Two women were killed and four other people were injured [in a crash on Christmas Day.](https://fox11online.com/news/local/two-women-dead-four-injured-in-manitowoc-county-christmas-day-crash-i-43-centerville-fischer-road-median-green-bay-two-rivers) Additionally, a crash on Dec. 26 [left a 19-year-old man dead.](https://fox11online.com/news/local/sheboygan-man-dies-in-i-43-crash-in-manitowoc-county-cleveland-highway-xx-guardrail-ditch-tree)",
    "highlightText": "",
    "highlightTitle": "",
    "highlightThreadTitle": "",
    "language": "english",
    "sentiment": "negative",
    "categories": [
        "Human Interest",
        "Disaster and Accident",
        "Crime, Law and Justice"
    ],
    "external_links": [],
    "external_images": [],
    "entities": {
        "persons": [
            {
                "name": "michael hermann",
                "sentiment": "none"
            }
        ],
        "organizations": [
            {
                "name": "manitowoc",
                "sentiment": "negative"
            },
            {
                "name": "chevron",
                "sentiment": "negative"
            },
            {
                "name": "chevrolet s",
                "sentiment": "none"
            },
            {
                "name": "manitowoc rapids",
                "sentiment": "none"
            },
            {
                "name": "manitowoc county sheriff's office",
                "sentiment": "none"
            }
        ],
        "locations": [
            {
                "name": "manitowoc county",
                "sentiment": "none"
            },
            {
                "name": "green bay",
                "sentiment": "none"
            },
            {
                "name": "manitowoc river",
                "sentiment": "none"
            }
        ]
    },
    "rating": null,
    "crawled": "2023-12-29T00:40:46.378+02:00",
    "updated": "2023-12-29T00:40:46.378+02:00"
}