{
    "thread": {
        "uuid": "e201c4d4ff2610a5b6ff64c24c12da8f949682ea",
        "url": "https://animalpolitico.com/estados/secuestran-trabajadores-limpia-taxco-guerrero",
        "site_full": "animalpolitico.com",
        "site": "animalpolitico.com",
        "site_section": "https://animalpolitico.com/estados",
        "site_categories": [],
        "section_title": "Animal Politico - Estados",
        "title": "Secuestran a trabajadores de limpia y del ayuntamiento de Taxco, Guerrero",
        "title_full": "Secuestran a trabajadores de limpia y del ayuntamiento de Taxco, Guerrero",
        "published": "2023-12-28T19:49:00.000+02:00",
        "replies_count": 0,
        "participants_count": 1,
        "site_type": "news",
        "country": "MX",
        "main_image": "https://ap-cdn.sfo3.digitaloceanspaces.com/uploads/2023/12/secuestro-trabajadores-taxco-guerrero-1-1024x683.jpg",
        "performance_score": 0,
        "domain_rank": 16859,
        "domain_rank_updated": "2023-12-26T12:06:20.000+02:00",
        "reach": null,
        "social": {
            "facebook": {
                "likes": 0,
                "comments": 0,
                "shares": 0
            },
            "gplus": {
                "shares": 0
            },
            "pinterest": {
                "shares": 0
            },
            "linkedin": {
                "shares": 0
            },
            "stumbledupon": {
                "shares": 0
            },
            "vk": {
                "shares": 0
            }
        }
    },
    "uuid": "e201c4d4ff2610a5b6ff64c24c12da8f949682ea",
    "url": "https://animalpolitico.com/estados/secuestran-trabajadores-limpia-taxco-guerrero",
    "ord_in_thread": 0,
    "parent_url": null,
    "author": "Redacción Animal Político",
    "published": "2023-12-28T19:49:00.000+02:00",
    "title": "Secuestran a trabajadores de limpia y del ayuntamiento de Taxco, Guerrero",
    "text": "Un grupo de civiles armados secuestró a un grupo de personas dedicadas al trabajo de limpia y reciclaje de residuos , así como a empleados del Ayuntamiento de Taxco, Guerrero.\nUn grupo de civiles armados se llevó por la fuerza a las víctimas y hasta el momento no se sabe nada de su paradero. De acuerdo con Amapola Periodismo , entre las personas privadas de su libertad se encuentra la directora del relleno sanitario de Taxco , Anabel Gutiérrez.\nHasta ahora la cifra de personas que fueron plagiadas no ha sido confirmada por las autoridades, aunque en su comunicado la Fiscalía habla de 12 personas.\nOperativo de búsqueda en Taxco De acuerdo con la Fiscalía de Guerrero, se implementó desde el 27 de diciembre un operativo de búsqueda en el municipio de Taxco de Alarcón.\n“La Fiscalía General del Estado informa que, en relación con la noticia criminal que circula en redes sociales, sobre la desaparición de 12 personas en el municipio de Taxco de Alarcón, en coordinación con el Ejército Mexicano y la Guardia Nacional, el día de ayer implementó un operativo de búsqueda en el municipio de Taxco de Alarcón”, indicó en un comunicado.\nComunicado de la Fiscalía de Guerrero. No hay denuncia por la desaparición de trabajadores Asimismo, detalló que hasta ahora no se cuenta con una denuncia formal por la desaparición de los empleados de Taxco, aunque se inició una carpeta de investigación por el delito de desaparición cometida por particulares.\n“La Fiscalía continúa con las investigaciones de gabinete y campo, así como con los operativos de búsqueda para poder esclarecer el ilícito y lograr la pronta localización de las víctimas”, informó.\nEn el mismo comunicado, la dependencia indicó que durante la madrugada de hoy realizaron un operativo en el poblado de Huixtac donde denunciaron que había personas privadas de su libertad.\nAl lugar llegaron elementos de la Fiscalía, Ejército y Guardia Nacional pero no hallaron a las personas, solo dos automóviles y una motocicleta con reporte de robo.\nDesapariciones y violencia en Taxco En los últimos meses en Taxco ocurrieron varios hechos violentos. El 25 de diciembre localizaron los cadáveres de Lucero Torres Iturralde y Jorge Mejía Reyes, ambos profesores reportados como desaparecidos.\nEn noviembre, tres periodistas fueron privados de su libertad en el mismo municipio, quienes fueron liberados después de varios días.\nManifestación para exigir la presentación con vida de tres comunicadores del municipio de Taxco. Foto: Archivo Cuartoscuro. A ello se suma el cierre de negocios debido a los hechos de violencia y a las extorsiones de parte de grupos del crimen organizado. El grupo criminal de la Familia Michoacana es señalado de realizar las extorsiones a los comercios de Taxco.",
    "highlightText": "",
    "highlightTitle": "",
    "highlightThreadTitle": "",
    "language": "spanish",
    "sentiment": "negative",
    "categories": [
        "Crime, Law and Justice",
        "Disaster and Accident",
        "Human Interest"
    ],
    "external_links": [
        "https://amapolaperiodismo.com/2023/12/28/privan-de-su-libertad-a-la-directora-del-relleno-sanitario-de-taxco-y-a-varios-trabajadores/?amp&fbclid=IwAR2PNsxh37shWA1vJBAbCAdICwZ6hiI4a4rHZ9xBNVj29QS4nJZH_fM6jBw",
        "https://amapolaperiodismo.com/2023/12/26/hallan-cadaveres-de-dos-maestros-en-taxco/?amp&fbclid=IwAR2TCdsBKfLn-pKy5bXVo0dA1omH40o3hzxn-b0uoYTFKkNQZZPuVyFTKC8",
        "https://www.amapolaperiodismo.com/2023/12/28/privan-de-su-libertad-a-la-directora-del-relleno-sanitario-de-taxco-y-a-varios-trabajadores/?amp&fbclid=IwAR2PNsxh37shWA1vJBAbCAdICwZ6hiI4a4rHZ9xBNVj29QS4nJZH_fM6jBw",
        "https://www.amapolaperiodismo.com/2023/12/26/hallan-cadaveres-de-dos-maestros-en-taxco/?amp&fbclid=IwAR2TCdsBKfLn-pKy5bXVo0dA1omH40o3hzxn-b0uoYTFKkNQZZPuVyFTKC8",
        "https://amapolaperiodismo.com/2023/12/28/privan-de-su-libertad-a-la-directora-del-relleno-sanitario-de-taxco-y-a-varios-trabajadores/",
        "https://amapolaperiodismo.com/2023/12/26/hallan-cadaveres-de-dos-maestros-en-taxco/"
    ],
    "external_images": [],
    "entities": {
        "persons": [],
        "organizations": [],
        "locations": []
    },
    "rating": null,
    "crawled": "2023-12-29T00:14:50.335+02:00",
    "updated": "2023-12-29T00:14:50.335+02:00"
}