{
    "thread": {
        "uuid": "79ac1afbcc8f579b004ed227cb48cd337e6b7258",
        "url": "https://www.timescolonist.com/indigenous-news/truck-carrying-girders-slams-into-highway-99-overpass-halting-traffic-8036543",
        "site_full": "www.timescolonist.com",
        "site": "timescolonist.com",
        "site_section": "https://www.timescolonist.com/rss",
        "site_categories": [
            "media"
        ],
        "section_title": "Times Colonist: victoriatimescolonist",
        "title": "Truck carrying girders slams into Highway 99 overpass, halting traffic",
        "title_full": "Truck carrying girders slams into Highway 99 overpass, halting traffic",
        "published": "2023-12-29T00:20:00.000+02:00",
        "replies_count": 0,
        "participants_count": 1,
        "site_type": "news",
        "country": "CA",
        "main_image": "https://www.vmcdn.ca/f/files/shared/feeds/cp/2023/12/20231228161252-0d9faebac31649eef02b6f17ac8f0eda2b02c34b6e7338b0b8f16b013172345b.jpg;w=1200;h=800;mode=crop",
        "performance_score": 0,
        "domain_rank": 9203,
        "domain_rank_updated": "2023-12-26T12:06:20.000+02:00",
        "reach": null,
        "social": {
            "facebook": {
                "likes": 0,
                "comments": 0,
                "shares": 0
            },
            "gplus": {
                "shares": 0
            },
            "pinterest": {
                "shares": 0
            },
            "linkedin": {
                "shares": 0
            },
            "stumbledupon": {
                "shares": 0
            },
            "vk": {
                "shares": 0
            }
        }
    },
    "uuid": "79ac1afbcc8f579b004ed227cb48cd337e6b7258",
    "url": "https://www.timescolonist.com/indigenous-news/truck-carrying-girders-slams-into-highway-99-overpass-halting-traffic-8036543",
    "ord_in_thread": 0,
    "parent_url": null,
    "author": "Canadian Press",
    "published": "2023-12-29T00:20:00.000+02:00",
    "title": "Truck carrying girders slams into Highway 99 overpass, halting traffic",
    "text": "DELTA — A truck carrying what appears to be heavy construction material has smashed into an overpass in Delta, British Columbia, shutting down the southbound lanes of Highway 99.\nIt's the latest in a rash of overpass collisions that prompted the province to announce harsher penalties for companies and drivers with repeat offences earlier this month.\nDrive BC says the incident south of Vancouver has also blocked traffic in both directions on the 112th Street overpass.\nDelta Fire and Rescue Deputy Chief Dave Wood says the crash caused a \"secondary accident\" involving another vehicle.\nHe says crews were called to the scene at 12:14 p.m. and he didn't know of any injuries.\nPhotos of the aftermath of the incident posted on social media show large girders on the bed of a truck with another laying across the highway along with other debris.\nProvincial statistics say as many as 30 bridge strikes have happened on British Columbia's highways since 2021, with 16 of them reported last year alone.\nThe new rules, announced Dec. 14, include the requirement for dump-style vehicles to have in-cab warning devices by next June, telling drivers if their trailer hasn't been lowered.\nOver-height vehicle fines will increase to $575, up from $115.\nThis report by The Canadian Press was first published Dec. 28, 2023.\nThe Canadian Press",
    "highlightText": "",
    "highlightTitle": "",
    "highlightThreadTitle": "",
    "language": "english",
    "sentiment": "negative",
    "categories": [
        "Disaster and Accident"
    ],
    "external_links": [],
    "external_images": [],
    "entities": {
        "persons": [
            {
                "name": "dave wood",
                "sentiment": "none"
            }
        ],
        "organizations": [
            {
                "name": "columbia",
                "sentiment": "none"
            },
            {
                "name": "delta",
                "sentiment": "none"
            },
            {
                "name": "delta fire and rescue",
                "sentiment": "none"
            }
        ],
        "locations": [
            {
                "name": "vancouver",
                "sentiment": "none"
            },
            {
                "name": "british columbia",
                "sentiment": "none"
            }
        ]
    },
    "rating": null,
    "crawled": "2023-12-29T00:23:48.283+02:00",
    "updated": "2023-12-29T00:23:48.283+02:00"
}