{
    "thread": {
        "uuid": "13e510ec24ebd0b4358c1e180d0549bc5e2d11f7",
        "url": "https://www.eluniversal.com.co/cartagena/la-gotera-se-convirtio-en-diluvio-denuncian-estado-de-edificio-en-la-carolina-AN9708471",
        "site_full": "www.eluniversal.com.co",
        "site": "eluniversal.com.co",
        "site_section": "https://www.eluniversal.com.co/",
        "site_categories": [
            "media"
        ],
        "section_title": "El Universal",
        "title": "“La gotera se convirtió en diluvio”: denuncian estado de edificio en La Carolina | EL UNIVERSAL - Cartagena",
        "title_full": "“La gotera se convirtió en diluvio”: denuncian estado de edificio en La Carolina | EL UNIVERSAL - Cartagena",
        "published": "2023-12-29T00:20:00.000+02:00",
        "replies_count": 0,
        "participants_count": 1,
        "site_type": "news",
        "country": "CO",
        "main_image": "https://www.eluniversal.com.co/binrepository/1218x686/209c0/800d686/none/13704/DVAV/problemas-de-tuberia-en-edificio-en-la-carolina_9238608_20231228172314.jpg",
        "performance_score": 0,
        "domain_rank": 25711,
        "domain_rank_updated": "2023-12-26T12:06:20.000+02:00",
        "reach": null,
        "social": {
            "facebook": {
                "likes": 0,
                "comments": 0,
                "shares": 0
            },
            "gplus": {
                "shares": 0
            },
            "pinterest": {
                "shares": 0
            },
            "linkedin": {
                "shares": 0
            },
            "stumbledupon": {
                "shares": 0
            },
            "vk": {
                "shares": 0
            }
        }
    },
    "uuid": "13e510ec24ebd0b4358c1e180d0549bc5e2d11f7",
    "url": "https://www.eluniversal.com.co/cartagena/la-gotera-se-convirtio-en-diluvio-denuncian-estado-de-edificio-en-la-carolina-AN9708471",
    "ord_in_thread": 0,
    "parent_url": null,
    "author": "JUAN SEBASTIÁN RAMOS",
    "published": "2023-12-29T00:20:00.000+02:00",
    "title": "“La gotera se convirtió en diluvio”: denuncian estado de edificio en La Carolina | EL UNIVERSAL - Cartagena",
    "text": "Habitantes del edificio Azure, ubicado en La Carolina llevan meses quejándose de las goteras y los problemas con la tubería. Pero fue hasta este 27 de diciembre que “la gota no solo rebosó el vaso... sino el edificio”, así lo describen los residentes del lugar, quienes dieron a conocer el caso a través de varios videos. Cuentan que siendo las cuatro de la madrugada de ayer, les tocó despertarse corriendo para cerrar las llaves del acueducto, porque el cuarto de máquinas (donde se encuentran las bombas) se había inundado. [Lea también: Afinia alista su plan de contingencia para Fin de Año](https://www.eluniversal.com.co/cartagena/afinia-alista-su-plan-de-contingencia-para-fin-de-ano-AN9708002) “No tenemos respuesta de cuál sea la razón, la administración del edificio no nos dice nada. Algunos propietarios ya tienen un año viviendo aquí y esta es la tortura de todas las semanas con la tubería rota, hay tubos partidos y que se despegan”, contó a El Universal María Soto, habitante del edificio. Y agregó: “cuando esa tubería comienza a molestar son tres días los que tenemos que soportar sin agua en las torres 1 y 2, que es donde con más frecuencia sucede. Los propietarios están cansados de esta situación porque tienen que ir a buscar el agua con baldes como si estuviéramos en la época antigua. No se justifica, en la administración reposan todos los informes técnicos elaborados por la empresa, pero pareciera como si no existiera una solución pronta y definitiva”. A continuación, el video: El servicio de basura: otro dolor de cabeza A principios de diciembre los habitantes de este edificio habían denunciado también el doble cobro de su servicio de aseo por parte de las empresas Ingeaseo de la Costa y Pacaribe. “El apartamento donde vivo es nuevo, nos lo entregaron el año pasado. La administración al principio contrató a un carretillero para que botara los residuos. Ante el desespero de seguir con el problema de las basuras todos en el edificio votamos para contratar el servicio con la empresa Ingeaseo, pero cuando llegó el fin de mes nos salieron en los recibos los dos cobros porque Pacaribe también estaba cobrándonos un servicio que nunca nos ha brindado”, contó Viviana Wills a El Universal. Y agregó: “Si yo lo sé, no compro este apartamento. Mi esposo y yo estábamos tan ilusionados con mudarnos por fin en nuestra casa propia y dejar de pagar arriendo, pero desde que llegamos aquí lo único que hemos tenido ha sido un problema tras otro; primero con las basuras, luego nos dimos cuenta que este edificio está como estrato cuatro, y ahora el problema con las tuberías. No sabemos ya con quién quejarnos”. [ Lea también: Sigue el cobro doble del servicio de aseo en algunos barrios](https://www.eluniversal.com.co/cartagena/sigue-el-cobro-doble-del-servicio-de-aseo-en-algunos-barrios-AD9566103) Este medio contactó a la administración del edificio, pero hasta el momento no han dado una respuesta o reporte oficial respecto al tema.",
    "highlightText": "",
    "highlightTitle": "",
    "highlightThreadTitle": "",
    "language": "spanish",
    "sentiment": "negative",
    "categories": [
        "Disaster and Accident",
        "Social Issue",
        "Human Interest"
    ],
    "external_links": [],
    "external_images": [],
    "entities": {
        "persons": [],
        "organizations": [],
        "locations": []
    },
    "rating": null,
    "crawled": "2023-12-29T00:38:46.841+02:00",
    "updated": "2023-12-29T00:38:46.841+02:00"
}