{
    "thread": {
        "uuid": "6f51bf3867f2273e85b7662e07128b7d215c5271",
        "url": "https://winnipeg.ctvnews.ca/public-asked-to-avoid-furby-street-due-to-serious-incident-1.6703781",
        "site_full": "winnipeg.ctvnews.ca",
        "site": "ctvnews.ca",
        "site_section": "http://northernontario.ctvnews.ca",
        "site_categories": [
            "media",
            "health",
            "cold_and_flu"
        ],
        "section_title": "Northern Ontario News | Local Breaking | CTV News Northern Ontario ",
        "title": "Winnipeg Police respond to serious incident on Furby Street | CTV News",
        "title_full": "Winnipeg Police respond to serious incident on Furby Street | CTV News",
        "published": "2023-12-28T22:14:00.000+02:00",
        "replies_count": 0,
        "participants_count": 1,
        "site_type": "news",
        "country": "CA",
        "main_image": "https://www.ctvnews.ca/content/dam/ctvnews/en/images/2022/8/21/winnipeg-police-1-6036271-1664290331849.jpeg",
        "performance_score": 0,
        "domain_rank": 980,
        "domain_rank_updated": "2023-12-26T12:06:20.000+02:00",
        "reach": null,
        "social": {
            "facebook": {
                "likes": 0,
                "comments": 0,
                "shares": 0
            },
            "gplus": {
                "shares": 0
            },
            "pinterest": {
                "shares": 0
            },
            "linkedin": {
                "shares": 0
            },
            "stumbledupon": {
                "shares": 0
            },
            "vk": {
                "shares": 0
            }
        }
    },
    "uuid": "6f51bf3867f2273e85b7662e07128b7d215c5271",
    "url": "https://winnipeg.ctvnews.ca/public-asked-to-avoid-furby-street-due-to-serious-incident-1.6703781",
    "ord_in_thread": 0,
    "parent_url": null,
    "author": "@CTVwinnipeg",
    "published": "2023-12-28T22:14:00.000+02:00",
    "title": "Winnipeg Police respond to serious incident on Furby Street | CTV News",
    "text": "[Skip to main content](#main) Public asked to avoid Furby Street due to 'serious incident' The Winnipeg Police Service is currently responding to a serious incident at an apartment building on Furby Street. Police posted on X, the social media platform formerly known as Twitter, that they are currently responding to an apartment building located at 25 Furby Street. People are being asked to avoid Furby between Wolseley and Cornish avenues. This story will be updated once more information becomes available. [Shopping Trends](https://www.ctvnews.ca/shopping.html) The Shopping Trends team is independent of the journalists at CTV News. We may earn a commission when you use our links to shop. [Read about us.](https://www.ctvnews.ca/shopping/about-us.html) [Winnipeg Top Stories](https://winnipeg.ctvnews.ca/) CTVNews.ca Top Stories BREAKING [Ten people rescued from plane crash site in remote N.W.T.](https://www.ctvnews.ca/canada/ten-people-rescued-from-plane-crash-site-in-remote-n-w-t-1.6703206) The military says a rescue operation is complete after a plane crash left 10 people, some with injuries, stranded overnight in a remote area of the Northwest Territories. [NDP's Jagmeet Singh rules out coalition government with Liberals after next election](https://www.ctvnews.ca/politics/ndp-s-jagmeet-singh-rules-out-coalition-government-with-liberals-after-next-election-1.6703348) NDP Leader Jagmeet Singh is ruling out the possibility of forming a coalition government with the Liberals if no party wins a clear majority after the next federal election. [Judih Weinstein Haggai, the last Canadian known to have been kidnapped by Hamas, confirmed dead](https://www.ctvnews.ca/canada/judih-weinstein-haggai-the-last-canadian-known-to-have-been-kidnapped-by-hamas-confirmed-dead-1.6703209) Judih Weinstein Haggai, the only Canadian citizen who was still missing amid the Israel-Hamas conflict and believed to be held in the Gaza Strip, has been reported dead. [In most African countries, drought forces rural communities to relocate, study finds](https://www.ctvnews.ca/climate-and-environment/in-most-african-countries-drought-forces-rural-communities-to-relocate-study-finds-1.6703720) Across most of Africa, drought is driving people who live in rural settlements closer to rivers and cities, according to a new study published in the journal Earth's Future. [Teen dead, another missing after falling through ice in Ottawa amid spate of similar incidents across Canada](https://www.ctvnews.ca/canada/teen-dead-another-missing-after-falling-through-ice-in-ottawa-amid-spate-of-similar-incidents-across-canada-1.6703498) A teenager is dead and another is still missing after four youths fell through the ice on the Rideau River in Ottawa's south end late Wednesday. [Pierce Brosnan is in hot water, accused of trespassing in a Yellowstone thermal area](https://www.ctvnews.ca/entertainment/pierce-brosnan-is-in-hot-water-accused-of-trespassing-in-a-yellowstone-thermal-area-1.6703402) Pierce Brosnan, whose fictitious movie character James Bond has been in hot water plenty of times, is now facing heat in real life, charged with stepping out of bounds in a thermal area during a recent visit to Yellowstone National Park. [Ontario man charged after allegedly planning trip to U.S. for sex acts with kids](https://toronto.ctvnews.ca/ontario-man-charged-after-allegedly-planning-trip-to-u-s-for-sex-acts-with-kids-1.6703437) Durham police say they arrested a man Thursday after learning that he allegedly planned to travel to the United States in order to engage in sex acts with a woman and her young children. [Tight-knit Canada set for tough test against hosts Sweden at world juniors](https://www.ctvnews.ca/sports/tight-knit-canada-set-for-tough-test-against-hosts-sweden-at-world-juniors-1.6703713) Canada will march into the jam-packed Scandinavium arena -- a building that resembles Calgary's Scotiabank Saddledome -- against the tournament hosts Friday night in a marquee Group A matchup. \"Skilled, dangerous,\" Canadian head coach Alan Letang said of Sweden. \"Very, very dangerous off the rush.\" [Canada to offer humanitarian visas to those fleeing Sudan if relatives pay costs](https://www.ctvnews.ca/canada/canada-to-offer-humanitarian-visas-to-those-fleeing-sudan-if-relatives-pay-costs-1.6703632) Ottawa is offering a lifeline to people fleeing an escalating civil war in Sudan if they have relatives in Canada who agree to financially support them. [Regina](https://regina.ctvnews.ca/) - [Huge plume of smoke seen at Wheat City Metals in Regina](https://regina.ctvnews.ca/huge-plume-of-smoke-seen-at-wheat-city-metals-in-regina-1.6703508) Fire crews were called out to Wheat City Metals in Regina for a report of a fire on Thursday afternoon. - ['You just get forgotten. Pushed aside': Sask. family grapples with difficulty in accessing specialist care](https://regina.ctvnews.ca/you-just-get-forgotten-pushed-aside-sask-family-grapples-with-difficulty-in-accessing-specialist-care-1.6702878) While recent statistics suggest that Saskatchewan is making progress on shortening waitlists for surgeries and diagnostic scans – some residents are still facing serious delays in accessing certain types of specialists. - [Second-degree murder charge laid following death of man in Regina](https://regina.ctvnews.ca/second-degree-murder-charge-laid-following-death-of-man-in-regina-1.6703278) A 46-year-old man has been charged with second-degree murder following investigation into a death in Regina on Dec. 22. [Saskatoon](https://saskatoon.ctvnews.ca/) - [Saskatoon developers hint at future of former Extra Foods property](https://saskatoon.ctvnews.ca/saskatoon-developers-hint-at-future-of-former-extra-foods-property-1.6703422) The site of a former grocery store on Broadway Avenue has sold. - [Dash cam footage shows van burst into flames in a Saskatoon parking lot](https://saskatoon.ctvnews.ca/dash-cam-footage-shows-van-burst-into-flames-in-a-saskatoon-parking-lot-1.6703622) Saskatoon firefighters say they don’t know what caused a van to burst into flames in a Cabela’s parking lot on Wednesday. - [Saskatoon recruiting Aussie paramedics to help with record emergency calls](https://saskatoon.ctvnews.ca/saskatoon-recruiting-aussie-paramedics-to-help-with-record-emergency-calls-1.6703749) Amid a record year for emergency calls, Saskatoon’s ambulance service has turned to Australia for a pool of new recruits. [Northern Ontario](https://northernontario.ctvnews.ca/) - [Pothole machine in Sudbury offers high-quality repairs, but low production](https://northernontario.ctvnews.ca/pothole-machine-in-sudbury-offers-high-quality-repairs-but-low-production-1.6703620) The city’s Python 5000 does a great job repairing potholes, but it’s a high-maintenance machine that depends on weather and replacement parts to operate successfully. - [17-year-old dead, one missing after teens fall through the ice on the Rideau River in Ottawa](https://ottawa.ctvnews.ca/17-year-old-dead-one-missing-after-teens-fall-through-the-ice-on-the-rideau-river-in-ottawa-1.6702946) Ottawa police say one youth is dead and one person is missing after they fell through the ice on the Rideau River in Ottawa's south end on Wednesday. Two other teens were treated for mild hypothermia. - [Christmas day fire in Hearst under investigation](https://northernontario.ctvnews.ca/christmas-day-fire-in-hearst-under-investigation-1.6703157) Officials are investigating the cause of residential fire in Hearst, Ont., that broke out early in the morning Christmas day. [Edmonton](https://edmonton.ctvnews.ca/) - [Deaths of two officers 'haunt' Edmonton police chief](https://edmonton.ctvnews.ca/deaths-of-two-officers-haunt-edmonton-police-chief-1.6703587) Edmonton's police chief says the \"line of duty\" deaths of two officers in 2023 will stay with him and others forever. - [Closure of 8 'high-risk' encampments to begin Friday: city](https://edmonton.ctvnews.ca/closure-of-8-high-risk-encampments-to-begin-friday-city-1.6703512) Notice has been given to clear several high-risk encampments in Edmonton that were the subject of an injunction earlier this month. - [Man who died with wife and son in Alberta lake wasn't a risk-taker, says friend](https://edmonton.ctvnews.ca/man-who-died-with-wife-and-son-in-alberta-lake-wasn-t-a-risk-taker-says-friend-1.6703579) An Edmonton man who died with his wife and eight-year-old son after their utility terrain vehicle went into a lake wasn't the kind of person to put his family at risk, says a friend. [Toronto](https://toronto.ctvnews.ca/) - [Woman allegedly intentionally drove vehicle into parking enforcement officer in Toronto](https://toronto.ctvnews.ca/woman-allegedly-intentionally-drove-vehicle-into-parking-enforcement-officer-in-toronto-1.6703595) Police arrested a 29-year-old woman after she allegedly intentionally drove her vehicle into a parking enforcement officer in Toronto’s east end. - [Citizen's tip helps police apprehend suspect wanted in Richmond Hill axe attack](https://toronto.ctvnews.ca/citizen-s-tip-helps-police-apprehend-suspect-wanted-in-richmond-hill-axe-attack-1.6703639) Police in York Region say media coverage, along with a tip from a member of the public, helped them apprehend a suspect wanted in connection with an axe attack in Richmond Hill as well as several other criminal offences. - [Ontario man charged after allegedly planning trip to U.S. for sex acts with kids](https://toronto.ctvnews.ca/ontario-man-charged-after-allegedly-planning-trip-to-u-s-for-sex-acts-with-kids-1.6703437) Durham police say they arrested a man Thursday after learning that he allegedly planned to travel to the United States in order to engage in sex acts with a woman and her young children. [Calgary](https://calgary.ctvnews.ca/) - [Southern Alberta girl injured in coyote attack](https://calgary.ctvnews.ca/southern-alberta-girl-injured-in-coyote-attack-1.6703487) A family from Brooks, Alta., says their daughter is lucky to have avoided more serious injuries after she was attacked and bitten several times by a coyote. - [2 teens killed in rollover crash near Crossfield, Alta.](https://calgary.ctvnews.ca/2-teens-killed-in-rollover-crash-near-crossfield-alta-1.6703303) Two teens are dead following a crash in Mountain View County on Wednesday evening, RCMP said. - [Child-care costs could rise for some Alberta parents as daycares consider leaving fee support program](https://calgary.ctvnews.ca/child-care-costs-could-rise-for-some-alberta-parents-as-daycares-consider-leaving-fee-support-program-1.6703754) Some daycare operators in the province are considering opting out of the Alberta Affordability Grant for child-care programs, which is concerning to parents who could see their payments skyrocket in the new year as a result. [Montreal](https://montreal.ctvnews.ca/) - [Common Front of public sector unions reaches tentative deal with Quebec](https://montreal.ctvnews.ca/common-front-of-public-sector-unions-reaches-tentative-deal-with-quebec-1.6703590) The Common Front of unions representing around 420,000 public sector workers in Quebec has reached a proposed agreement in principle with the government. - [Montreal man who ate recalled cantaloupes launches class-action lawsuit](https://montreal.ctvnews.ca/montreal-man-who-ate-recalled-cantaloupes-launches-class-action-lawsuit-1.6702862) A Montreal man who says he was hospitalized with salmonella poisoning after eating recalled cantaloupes has launched a proposed class-action lawsuit against two companies that produced and distributed the fruit. - [Beaconsfield lawsuit against City of Montreal over taxes grows to $15 million](https://montreal.ctvnews.ca/beaconsfield-lawsuit-against-city-of-montreal-over-taxes-grows-to-15-million-1.6703689) The City of Beaconsfield is taking the City of Montreal to court because it feels it is being overtaxed by the centre city. [Ottawa](https://ottawa.ctvnews.ca/) - [17-year-old dead, one missing after teens fall through the ice on the Rideau River in Ottawa](https://ottawa.ctvnews.ca/17-year-old-dead-one-missing-after-teens-fall-through-the-ice-on-the-rideau-river-in-ottawa-1.6702946) Ottawa police say one youth is dead and one person is missing after they fell through the ice on the Rideau River in Ottawa's south end on Wednesday. Two other teens were treated for mild hypothermia. - [Arnprior Aerospace to close after 70 years in operation](https://ottawa.ctvnews.ca/arnprior-aerospace-to-close-after-70-years-in-operation-1.6703770) The company opened in Arnprior in 1954 as a Boeing operation and will be closing its doors on March 6, 2024. - [Police searching for federal offender known to frequent Ottawa-Gatineau](https://ottawa.ctvnews.ca/police-searching-for-federal-offender-known-to-frequent-ottawa-gatineau-1.6703651) Ontario Provincial Police is seeking the public's assistance in locating a federal offender wanted on a Canada-wide warrant as a result of a breach of his statutory release. [Atlantic](https://atlantic.ctvnews.ca/) - [Freezing rain warnings, special weather statements in effect in N.S., N.B.](https://atlantic.ctvnews.ca/freezing-rain-warnings-special-weather-statements-in-effect-in-n-s-n-b-1.6703142) More messy weather is on the way to the Maritimes with freezing rain warnings and special weather statements in effect. - ['I will not go out back': Moncton landlord worried about tenant safety](https://atlantic.ctvnews.ca/i-will-not-go-out-back-moncton-landlord-worried-about-tenant-safety-1.6703716) Peter LeBlanc needs to find a new tenant for his downtown Moncton apartment building. The landlord said the vacancy is the result of a current tenant no longer feeling like it’s safe place to live. - ['It’s been rough': Bedford resident looks for help following summer flooding](https://atlantic.ctvnews.ca/more/it-s-been-rough-bedford-resident-looks-for-help-following-summer-flooding-1.6703767) Marguerite Dodge’s Bedford, N.S., home has been uninhabitable since the summer floods hit back in late July. [Kitchener](https://kitchener.ctvnews.ca/) - [No one hurt after fire at Kitchener restaurants](https://kitchener.ctvnews.ca/no-one-hurt-after-fire-at-kitchener-restaurants-1.6703580) No one was hurt after flames broke out at a building containing two restaurants in Kitchener. - [Men arrested with $1,000 in stolen butter](https://kitchener.ctvnews.ca/men-arrested-with-1-000-in-stolen-butter-1.6703164) Three men from Brampton, Ont. were arrested on Christmas Eve in Guelph after police caught them with more than $1,000 in stolen butter. - [Man seriously injured in Waterloo stabbing](https://kitchener.ctvnews.ca/man-seriously-injured-in-waterloo-stabbing-1.6703244) Police are looking for the person or people responsible for a stabbing in Waterloo that seriously injured a 41-year-old man. [Vancouver](https://bc.ctvnews.ca/) - [Overpass strike in Delta closes Highway 99 southbound](https://bc.ctvnews.ca/overpass-strike-in-delta-closes-highway-99-southbound-1.6703708) A truck collided with an overpass in Delta Thursday, prompting road closures and a heavy presence of first responders. - [Convicted murderer wanted Canada-wide after breaching conditions: police](https://bc.ctvnews.ca/convicted-murderer-wanted-canada-wide-after-breaching-conditions-police-1.6703646) Police in Victoria are asking the public to call 911 if they encounter a man who is wanted on a Canada-wide warrant for breaching conditions of his parole. - ['Damage consistent with bullet holes': Surrey RCMP investigating shots fired at residence](https://bc.ctvnews.ca/damage-consistent-with-bullet-holes-surrey-rcmp-investigating-shots-fired-at-residence-1.6703760) Mounties in Surrey are investigating a report of shots fired at a residence Wednesday morning. [Vancouver Island](https://vancouverisland.ctvnews.ca/) - [Convicted murderer wanted Canada-wide after breaching conditions: police](https://bc.ctvnews.ca/convicted-murderer-wanted-canada-wide-after-breaching-conditions-police-1.6703646) Police in Victoria are asking the public to call 911 if they encounter a man who is wanted on a Canada-wide warrant for breaching conditions of his parole. - [Century-old heat records fall in B.C. as weather system brings warmth and wind](https://bc.ctvnews.ca/century-old-heat-records-fall-in-b-c-as-weather-system-brings-warmth-and-wind-1.6703532) Unseasonably warm weather has broken temperature records in southern British Columbia, including century-old marks in the provincial capital. - [Calls for more addiction treatment as B.C. drug decriminalization enters second year](https://bc.ctvnews.ca/calls-for-more-addiction-treatment-as-b-c-drug-decriminalization-enters-second-year-1.6703540) A narrow, winding corridor at St. Paul's Hospital in Vancouver leads to a clinic offering quick access to addiction treatment for people seeking help on their own or after a referral from an emergency room, a family doctor or a social worker.",
    "highlightText": "",
    "highlightTitle": "",
    "highlightThreadTitle": "",
    "language": "english",
    "sentiment": "negative",
    "categories": [
        "Human Interest",
        "Disaster and Accident",
        "Crime, Law and Justice"
    ],
    "external_links": [],
    "external_images": [],
    "entities": {
        "persons": [
            {
                "name": "winni",
                "sentiment": "neutral"
            },
            {
                "name": "cornish",
                "sentiment": "none"
            }
        ],
        "organizations": [
            {
                "name": "winnipeg police",
                "sentiment": "neutral"
            },
            {
                "name": "wolseley",
                "sentiment": "none"
            },
            {
                "name": "ctv news",
                "sentiment": "none"
            },
            {
                "name": "winnipeg top stories",
                "sentiment": "none"
            }
        ],
        "locations": [
            {
                "name": "furby street",
                "sentiment": "none"
            }
        ]
    },
    "rating": null,
    "crawled": "2023-12-29T00:21:05.462+02:00",
    "updated": "2023-12-29T00:21:05.462+02:00"
}