{
    "thread": {
        "uuid": "fdf484d37e66215ac84fb4c3fd7e895f22dc2836",
        "url": "https://andaluciainformacion.es/sociedad/1493015/muere-un-anciano-y-una-mujer-resulta-herida-grave-en-un-accidente-de-coche-en-nijar/",
        "site_full": "andaluciainformacion.es",
        "site": "andaluciainformacion.es",
        "site_section": "http://andaluciainformacion.es/sociedad",
        "site_categories": [
            "media"
        ],
        "section_title": "Andalucía Información. Todas las noticias de Sociedad",
        "title": "Muere un anciano y una mujer resulta herida grave en un accidente de coche en Níjar | Andalucía Información. Todas las noticias de Sociedad",
        "title_full": "Muere un anciano y una mujer resulta herida grave en un accidente de coche en Níjar | Andalucía Información. Todas las noticias de Sociedad",
        "published": "2023-12-29T00:02:00.000+02:00",
        "replies_count": 0,
        "participants_count": 1,
        "site_type": "news",
        "country": "ES",
        "main_image": "https://publicacionesdelsur.b-cdn.net/articulos/articulos-1251038.jpg",
        "performance_score": 0,
        "domain_rank": 44978,
        "domain_rank_updated": "2023-12-26T12:06:25.000+02:00",
        "reach": null,
        "social": {
            "facebook": {
                "likes": 0,
                "comments": 0,
                "shares": 0
            },
            "gplus": {
                "shares": 0
            },
            "pinterest": {
                "shares": 0
            },
            "linkedin": {
                "shares": 0
            },
            "stumbledupon": {
                "shares": 0
            },
            "vk": {
                "shares": 0
            }
        }
    },
    "uuid": "fdf484d37e66215ac84fb4c3fd7e895f22dc2836",
    "url": "https://andaluciainformacion.es/sociedad/1493015/muere-un-anciano-y-una-mujer-resulta-herida-grave-en-un-accidente-de-coche-en-nijar/",
    "ord_in_thread": 0,
    "parent_url": null,
    "author": "@andaluciainf",
    "published": "2023-12-29T00:02:00.000+02:00",
    "title": "Muere un anciano y una mujer resulta herida grave en un accidente de coche en Níjar | Andalucía Información. Todas las noticias de Sociedad",
    "text": "Un hombre ha muerto y una mujer ha resultado herida de carácter grave a causa de un accidente de tráfico registrado esta tarde en la carretera AL-3106 en Níjar (Almería), según informa el servicio unificado de emergencias 112 de Andalucía. El siniestro se produjo sobre las 17.45 horas en la carretera AL-3106, en el municipio de Níjar. Ambos ancianos viajaban en el mismo turismo que se salió de la vía cuando circulaban por la carretera que va desde Las Hortichuelas a las Negras. Tras el aviso a 112 y la activación de los operativos, hasta el lugar se desplazaron servicios sanitarios, Guardia Civil de Tráfico, Protección Civil de Níjar y Mantenimiento de la Vía. El hombre, de unos ochenta años de edad, ha fallecido en el lugar del accidente mientras que a la mujer, también de edad avanzada, consiguieron estabilizarla y trasladarla con vida al Hospital Torrecárdenas. Se ha activado el protocolo judicial. Envía tu noticia a: [participa@andaluciainformacion.es](mailto:participa@andaluciainformacion.es)",
    "highlightText": "",
    "highlightTitle": "",
    "highlightThreadTitle": "",
    "language": "spanish",
    "sentiment": "negative",
    "categories": [
        "Disaster and Accident",
        "Human Interest",
        "Crime, Law and Justice"
    ],
    "external_links": [],
    "external_images": [],
    "entities": {
        "persons": [],
        "organizations": [],
        "locations": []
    },
    "rating": null,
    "crawled": "2023-12-29T00:41:06.468+02:00",
    "updated": "2023-12-29T00:41:06.468+02:00"
}