{
    "thread": {
        "uuid": "3f0ebb36d8409c03c3c554c2788d905c2752b742",
        "url": "https://www.blackenterprise.com/video-woman-shot-car/",
        "site_full": "www.blackenterprise.com",
        "site": "blackenterprise.com",
        "site_section": "https://www.blackenterprise.com/feed/",
        "site_categories": [
            "shopping"
        ],
        "section_title": "Black Enterprise",
        "title": "NYC Woman In Car Fatally Shot During Shocking Ambush Captured On Surveillance Video",
        "title_full": "NYC Woman In Car Fatally Shot During Shocking Ambush Captured On Surveillance Video",
        "published": "2023-12-28T23:40:00.000+02:00",
        "replies_count": 0,
        "participants_count": 1,
        "site_type": "news",
        "country": "US",
        "main_image": "https://www.blackenterprise.com/wp-content/blogs.dir/1/files/2023/12/GettyImages-1399782865.jpg",
        "performance_score": 0,
        "domain_rank": 7638,
        "domain_rank_updated": "2023-12-26T12:06:20.000+02:00",
        "reach": null,
        "social": {
            "facebook": {
                "likes": 0,
                "comments": 0,
                "shares": 1
            },
            "gplus": {
                "shares": 0
            },
            "pinterest": {
                "shares": 0
            },
            "linkedin": {
                "shares": 0
            },
            "stumbledupon": {
                "shares": 0
            },
            "vk": {
                "shares": 0
            }
        }
    },
    "uuid": "3f0ebb36d8409c03c3c554c2788d905c2752b742",
    "url": "https://www.blackenterprise.com/video-woman-shot-car/",
    "ord_in_thread": 0,
    "parent_url": null,
    "author": "Cedric 'BIG CED' Thornton",
    "published": "2023-12-28T23:40:00.000+02:00",
    "title": "NYC Woman In Car Fatally Shot During Shocking Ambush Captured On Surveillance Video",
    "text": "by Cedric 'BIG CED' Thornton\nDecember 28, 2023\nNYC Woman In Car Fatally Shot During Shocking Ambush Captured On Surveillance Video\nThe 28-year-old mother of one was killed instantly by a bullet to the head.\nA New York City woman was killed when several gunmen approached the car she was in, shooting several rounds into the driver’s side, striking her in the head and killing her instantly. It was all caught on surveillance video.\nThree men\nran up on a Black Honda sedan on a Queens street, targeting the male driver, who was also shot, but the passenger in the front seat, 28-year-old Clarisa Burgos, died after being hit in the head with a bullet from one of the gunmen. The troubling incident occurred just before midnight near 127th Street and Liberty Avenue in the Richmond Hill section on Dec. 26.\nThe 39-year-old unnamed driver tried to escape the scene before getting shot, as a video shows two men approaching the vehicle on the driver’s side. A third man came around from the passenger side to try to finish him off after the first two men fired through the window. As the driver hit the gas to get away, the three men ran away from the car. The man drove 2.5 miles away to a police station, the 103rd Precinct station house.\n🔴BREAKING NEWS LAST Night\nShocking video shows the moment three gunmen ambushed a vehicle in Queens Tuesday night, killing a woman in the front passenger seat and wounding the driver.\nClarisa Burgos 28 was shot once in the head and died on the spot, police said.\nNyc is going…\n[pic.twitter.com/upGyElPa8P]\n— Wilsonxdi (@wilsonxdi)\n[December 28, 2023]\nThe driver caught six bullets in the torso and was taken to Jamaica Hospital Medical Center by paramedics, where he was listed in stable condition. The young mother of a 4-year-old son, Burgos, was declared dead at the scene.\n“We’ve raised her in a good way, with love,” her aunt told The Post. “God knows what has happened to her.”\nThe relationship between the Burgos and the driver wasn’t disclosed, and the police have stated that they have no motive for the deadly shooting. There have been no arrests made in the killing.\nRELATED CONTENT:\n2 Teenagers In Custody After Fatal Christmas Eve Shooting Of Sister",
    "highlightText": "",
    "highlightTitle": "",
    "highlightThreadTitle": "",
    "language": "english",
    "sentiment": "negative",
    "categories": [
        "Human Interest",
        "Disaster and Accident",
        "Crime, Law and Justice"
    ],
    "external_links": [
        "https://nypost.com/2023/12/27/metro/video-shows-gunmen-ambush-vehicle-in-queens-killing-28-year-old-woman/",
        "https://nypost.com/2023/12/27/metro/video-shows-gunmen-ambush-vehicle-in-queens-killing-28-year-old-woman",
        "https://www.nypost.com/2023/12/27/metro/video-shows-gunmen-ambush-vehicle-in-queens-killing-28-year-old-woman/"
    ],
    "external_images": [],
    "entities": {
        "persons": [
            {
                "name": "cedric",
                "sentiment": "negative"
            },
            {
                "name": "thornton",
                "sentiment": "negative"
            },
            {
                "name": "clarisa burgos",
                "sentiment": "none"
            }
        ],
        "organizations": [
            {
                "name": "black honda",
                "sentiment": "none"
            }
        ],
        "locations": [
            {
                "name": "new york city",
                "sentiment": "none"
            },
            {
                "name": "liberty avenue",
                "sentiment": "none"
            },
            {
                "name": "queens",
                "sentiment": "none"
            },
            {
                "name": "richmond hill",
                "sentiment": "none"
            },
            {
                "name": "127th street",
                "sentiment": "none"
            }
        ]
    },
    "rating": null,
    "crawled": "2023-12-29T00:26:44.085+02:00",
    "updated": "2023-12-29T00:26:44.085+02:00"
}