{
    "thread": {
        "uuid": "0c8c432c48f4f138191175075f6e53bffe893d10",
        "url": "https://www.elperiodicodearagon.com/sociedad/2023/12/28/ong-denuncia-muerte-14-personas-96347319.html",
        "site_full": "www.elperiodicodearagon.com",
        "site": "elperiodicodearagon.com",
        "site_section": "https://www.elperiodicodearagon.com/autores/ricardo-barcelo.html",
        "site_categories": [
            "media",
            "education",
            "business"
        ],
        "section_title": "Ricardo Barceló - El Periódico de Aragón",
        "title": "Una ONG denuncia la muerte de 14 personas en una zódiac al sur de Canarias",
        "title_full": "Una ONG denuncia la muerte de 14 personas en una zódiac al sur de Canarias",
        "published": "2023-12-28T23:52:00.000+02:00",
        "replies_count": 0,
        "participants_count": 1,
        "site_type": "news",
        "country": "ES",
        "main_image": "https://estaticos-cdn.prensaiberica.es/clip/e0976cea-363f-43d4-86a5-b137c6d4a8e2_16-9-aspect-ratio_default_0.jpg",
        "performance_score": 0,
        "domain_rank": 23262,
        "domain_rank_updated": "2023-12-26T12:06:20.000+02:00",
        "reach": null,
        "social": {
            "facebook": {
                "likes": 0,
                "comments": 0,
                "shares": 0
            },
            "gplus": {
                "shares": 0
            },
            "pinterest": {
                "shares": 0
            },
            "linkedin": {
                "shares": 0
            },
            "stumbledupon": {
                "shares": 0
            },
            "vk": {
                "shares": 0
            }
        }
    },
    "uuid": "0c8c432c48f4f138191175075f6e53bffe893d10",
    "url": "https://www.elperiodicodearagon.com/sociedad/2023/12/28/ong-denuncia-muerte-14-personas-96347319.html",
    "ord_in_thread": 0,
    "parent_url": null,
    "author": "EFE",
    "published": "2023-12-28T23:52:00.000+02:00",
    "title": "Una ONG denuncia la muerte de 14 personas en una zódiac al sur de Canarias",
    "text": "Al menos catorce personas han muerto ahogadas en una zódiac cuyos ocupantes llevan pidiendo auxilio desde las 14.00 horas de este jueves desde un punto del Atlántico situado a unos 55 kilómetros de Cabo Bojador, en la costa marroquí del Sáhara Occidental, al sur de Canarias , porque su barca se desinfla y se hunden .\nEs la denuncia que realiza la activista Helena Maleno, fundadora de Caminando Fronteras, ONG que lleva toda la tarde de este jueves en contacto con los náufragos y que ha transmitido su posición a las autoridades españolas y marroquíes para que movilicen medios de rescate. Por la localización del incidente, ha asumido la emergencia Rabat.\nMaleno ha facilitado a EFE una foto enviada por los supervivientes que todavía siguen a flote , una imagen nocturna y borrosa en la que se ve a entre seis y siete personas sentadas a horcajadas sobre un flotador de una neumática, doblado y medio deshinchado.\nY también un audio que le ha remitido una de las ocupantes de la patera. En él se escucha a una mujer decir en francés: \"Estamos aquí, Helena. Soy una mujer embarazada de nueve meses , estoy en el flotador (de la zódiac). Todos los chicos del medio (de la embarcación) han desaparecido, la gente está desapareciendo, hasta ahora no hemos visto a la Marina\".\n\"Toda la gente está desapareciendo. ¡Por favor ayúdennos, ayúdennos! ¡Estamos aquí, ayúdennos! Estamos sentados así en el flotador (se refiere a la imagen que adjunta con el audio). Es muy peligroso, el agua está entrando\", se lamenta la mujer\nHelena Maleno ha explicado a EFE que, según la información que han recabado sobre esa neumática, se trata de un grupo de 58 personas que salieron el miércoles desde la costa del Sahara hacia Canarias y que ahora se encuentran al suroeste de Cabo Bojador.\nEntre ellos, añade, hay siete mujeres (incluyendo a la embarazada) y dos niños .\nLa portavoz de Caminando Fronteras denuncia que, hasta el momento, Marruecos no ha hecho llegar ayuda a los ocupantes de esa neumática, ni tampoco Salvamento Marítimo español ha intervenido.\nPor eso, expresa su temor a que ocurra lo mismo que el 21 de junio, cuando varias personas murieron al hundirse una zódiac al sur de Gran Canaria después de pasar toda la noche esperando a que llegara una patrullera de Marruecos, porque la emergencia la había asumido el Centro de Coordinación de Salvamento de Rabat.\nY ello, a pesar de que un barco de rescate español había estado a solo una hora de distancia de navegación de ellos, socorriendo a otra patera , cuando ya se conocían sus coordenadas.\nEse suceso dio lugar una denuncia de la Fiscalía de Canarias por presunto delito de omisión del deber de socorro contra los responsables del operativo en España, denuncia que desde este verano instruye un Juzgado de Las Palmas de Gran Canaria, que ha declarado secretas las actuaciones.",
    "highlightText": "",
    "highlightTitle": "",
    "highlightThreadTitle": "",
    "language": "spanish",
    "sentiment": "negative",
    "categories": [
        "Social Issue",
        "Disaster and Accident",
        "Human Interest"
    ],
    "external_links": [],
    "external_images": [],
    "entities": {
        "persons": [],
        "organizations": [],
        "locations": []
    },
    "rating": null,
    "crawled": "2023-12-29T00:04:39.508+02:00",
    "updated": "2023-12-29T00:04:39.508+02:00"
}