{
    "thread": {
        "uuid": "362d83be03537ded7cce027725d28a0c064de4f9",
        "url": "https://www.kvpr.org/arts-culture/2023-12-28/pierce-brosnan-faces-charges-after-allegedly-walking-in-yellowstones-thermal-areas",
        "site_full": "www.kvpr.org",
        "site": "kvpr.org",
        "site_section": "http://www.kvpr.org",
        "site_categories": [
            "media",
            "music",
            "entertainment"
        ],
        "section_title": "KVPR - NPR for Central California",
        "title": "Pierce Brosnan faces charges after allegedly walking in Yellowstone's thermal areas",
        "title_full": "Pierce Brosnan faces charges after allegedly walking in Yellowstone's thermal areas",
        "published": "2023-12-28T23:14:00.000+02:00",
        "replies_count": 0,
        "participants_count": 1,
        "site_type": "news",
        "country": "US",
        "main_image": "https://npr.brightspotcdn.com/dims4/default/8beede1/2147483647/strip/true/crop/4794x2517+0+539/resize/1200x630!/quality/90/?url=https%3A%2F%2Fmedia.npr.org%2Fassets%2Fimg%2F2023%2F12%2F28%2Fgettyimages-1502730729-d35b0dc4432d5c7713cc3249a232574193f7865f.jpg",
        "performance_score": 0,
        "domain_rank": 94395,
        "domain_rank_updated": "2023-12-26T12:06:35.000+02:00",
        "reach": null,
        "social": {
            "facebook": {
                "likes": 0,
                "comments": 0,
                "shares": 0
            },
            "gplus": {
                "shares": 0
            },
            "pinterest": {
                "shares": 0
            },
            "linkedin": {
                "shares": 0
            },
            "stumbledupon": {
                "shares": 0
            },
            "vk": {
                "shares": 0
            }
        }
    },
    "uuid": "362d83be03537ded7cce027725d28a0c064de4f9",
    "url": "https://www.kvpr.org/arts-culture/2023-12-28/pierce-brosnan-faces-charges-after-allegedly-walking-in-yellowstones-thermal-areas",
    "ord_in_thread": 0,
    "parent_url": null,
    "author": "Jaclyn Diaz",
    "published": "2023-12-28T23:14:00.000+02:00",
    "title": "Pierce Brosnan faces charges after allegedly walking in Yellowstone's thermal areas",
    "text": "Pierce Brosnan faces charges after allegedly walking in Yellowstone's thermal areas Actor Pierce Brosnan could be facing possible jail time after allegedly walking in Yellowstone National Park's hydrothermal areas in violation of federal law, according to court documents. Brosnan is facing citations of \"foot travel in all thermal areas and w/in Yellowstone Canyon confined to trails\" and \"violating closures and use limits,\" the court record shows. Criminal charges were filed against the Irish actor in Wyoming on Tuesday. [Federal law states](https://www.ecfr.gov/current/title-36/chapter-I/part-7/section-7.13): \"Foot travel in all thermal areas and within the Yellowstone Canyon between the Upper Falls and Inspiration Point must be confined to boardwalks or trails that are maintained for such travel and are marked by official signs.\" A representative for the 70-year-old Brosnan, who is best known [for his stint as James Bond](https://www.npr.org/2012/10/05/162175114/picking-the-best-bond-connery-and-craig-rise-to-the-top) in films in the 1990s, didn't respond to NPR's request for comment. What's the big deal? Within Yellowstone National Park's roughly 2.2 million acres there [are more than 10,000](https://www.nps.gov/yell/planyourvisit/parkfacts.htm)different hydrothermal features, like geysers and hot springs. The park provides many [guidelines and warnings](https://www.nps.gov/yell/planyourvisit/safety.htm) online and throughout the park for visitors to be aware of the dangers posed by hot springs and the like. The park says, \"Hot springs have injured or killed more people in Yellowstone than any other natural feature.\" More than 20 people have died after entering or accidentally falling into Yellowstone's hot springs, [according to the park](https://www.nps.gov/yell/planyourvisit/thermal-basin-exploring.htm) because certain thermal pools can reach deadly temperatures of over 150 degrees Fahrenheit. Still, a number of visitors to the park, like allegedly Brosnan, [violate this law when they visit Yellowstone](https://cowboystatedaily.com/2023/06/22/video-shows-pair-leave-yellowstone-boardwalk-to-dip-fingers-in-175-degree-thermals/) — some incidents leading to serious injury or even death. In August, a 49-year-old Michigan man was arraigned in federal court for traveling off-trail in Yellowstone's thermal area. Jason Wicks suffered thermal burns and was banned from Yellowstone and Grand Teton National Parks until his criminal charges are resolved, [according to the park.](https://www.nps.gov/yell/learn/news/23034.htm) Other violators in recent years have [faced a week](https://www.nps.gov/yell/learn/news/210826.htm)to [a 10-day jail sentence](https://www.nps.gov/yell/learn/news/20001.htm), hundreds of dollars in fines and a lengthy ban from Yellowstone. Brosnan's court appearance is set for Jan. 23. Copyright 2023 NPR. To see more, visit https://www.npr.org.",
    "highlightText": "",
    "highlightTitle": "",
    "highlightThreadTitle": "",
    "language": "english",
    "sentiment": "negative",
    "categories": [
        "Arts, Culture and Entertainment",
        "Disaster and Accident"
    ],
    "external_links": [
        "https://www.nps.gov/yell/learn/news/20001.htm),",
        "https://www.ecfr.gov/current/title-36/chapter-I/part-7/section-7.13):",
        "https://cowboystatedaily.com/2023/06/22/video-shows-pair-leave-yellowstone-boardwalk-to-dip-fingers-in-175-degree-thermals/)",
        "https://www.npr.org/2012/10/05/162175114/picking-the-best-bond-connery-and-craig-rise-to-the-top)",
        "https://www.nps.gov/yell/planyourvisit/thermal-basin-exploring.htm)",
        "https://www.nps.gov/yell/planyourvisit/parkfacts.htm)different",
        "https://www.nps.gov/yell/planyourvisit/safety.htm)",
        "https://www.nps.gov/yell/learn/news/23034.htm)",
        "https://www.npr.org.",
        "https://www.nps.gov/yell/learn/news/210826.htm)to",
        "https://nps.gov/yell/learn/news/20001.htm),",
        "https://www.cowboystatedaily.com/2023/06/22/video-shows-pair-leave-yellowstone-boardwalk-to-dip-fingers-in-175-degree-thermals/)",
        "https://nps.gov/yell/planyourvisit/parkfacts.htm)different",
        "https://ecfr.gov/current/title-36/chapter-I/part-7/section-7.13):",
        "https://npr.org/2012/10/05/162175114/picking-the-best-bond-connery-and-craig-rise-to-the-top)",
        "https://npr.org.",
        "https://nps.gov/yell/planyourvisit/thermal-basin-exploring.htm)",
        "https://nps.gov/yell/learn/news/210826.htm)to",
        "https://nps.gov/yell/learn/news/23034.htm)",
        "https://nps.gov/yell/planyourvisit/safety.htm)"
    ],
    "external_images": [],
    "entities": {
        "persons": [
            {
                "name": "pierce brosnan",
                "sentiment": "negative"
            },
            {
                "name": "pierce bro",
                "sentiment": "negative"
            },
            {
                "name": "james bond",
                "sentiment": "none"
            },
            {
                "name": "brosnan",
                "sentiment": "none"
            }
        ],
        "organizations": [
            {
                "name": "yellowstone",
                "sentiment": "negative"
            },
            {
                "name": "npr",
                "sentiment": "none"
            }
        ],
        "locations": [
            {
                "name": "yellowstone",
                "sentiment": "none"
            },
            {
                "name": "yellowstone national park",
                "sentiment": "none"
            },
            {
                "name": "yellowstone canyon",
                "sentiment": "none"
            },
            {
                "name": "wyoming",
                "sentiment": "none"
            },
            {
                "name": "upper falls",
                "sentiment": "none"
            }
        ]
    },
    "rating": null,
    "crawled": "2023-12-29T00:37:06.794+02:00",
    "updated": "2023-12-29T00:37:06.794+02:00"
}