{
    "thread": {
        "uuid": "64da05a05941280330ba5e8c6b3bb457e447f2cd",
        "url": "https://www.estrepublicain.fr/faits-divers-justice/2023/12/28/feu-de-maison-a-thillombois-pas-de-victime-mais-de-gros-degats",
        "site_full": "www.estrepublicain.fr",
        "site": "estrepublicain.fr",
        "site_section": "https://c.estrepublicain.fr",
        "site_categories": [
            "media"
        ],
        "section_title": "L'Est Républicain - L'info en direct et en continu, en Franche-Comté et en Lorraine, en France et dans le monde",
        "title": "Sud meusien. Feu de maison à Thillombois : pas de victime mais de gros dégâts",
        "title_full": "Sud meusien. Feu de maison à Thillombois : pas de victime mais de gros dégâts",
        "published": "2023-12-28T22:31:00.000+02:00",
        "replies_count": 0,
        "participants_count": 1,
        "site_type": "news",
        "country": "FR",
        "main_image": "https://cdn-s-www.estrepublicain.fr/images/C174977B-9B27-4F53-BE13-8560F7B706F0/FB1200/photo-1703796086.jpg",
        "performance_score": 0,
        "domain_rank": 16222,
        "domain_rank_updated": "2023-12-26T12:06:20.000+02:00",
        "reach": null,
        "social": {
            "facebook": {
                "likes": 0,
                "comments": 0,
                "shares": 0
            },
            "gplus": {
                "shares": 0
            },
            "pinterest": {
                "shares": 0
            },
            "linkedin": {
                "shares": 0
            },
            "stumbledupon": {
                "shares": 0
            },
            "vk": {
                "shares": 0
            }
        }
    },
    "uuid": "64da05a05941280330ba5e8c6b3bb457e447f2cd",
    "url": "https://www.estrepublicain.fr/faits-divers-justice/2023/12/28/feu-de-maison-a-thillombois-pas-de-victime-mais-de-gros-degats",
    "ord_in_thread": 0,
    "parent_url": null,
    "author": "Coralie Florentin",
    "published": "2023-12-28T22:31:00.000+02:00",
    "title": "Sud meusien. Feu de maison à Thillombois : pas de victime mais de gros dégâts",
    "text": "Sud meusien Feu de maison à Thillombois : pas de victime mais de gros dégâts Un incendie s’est déclaré ce jeudi soir dans une habitation située dans la Grande Rue à Thillombois. La propriétaire n’était pas sur les lieux. C’est une passante qui a prévenu les pompiers vers 19 h 40. 25 sapeurs-pompiers ont été mobilisés. Sur place, les hommes du feu s’efforçaient de faire diminuer la violence des flammes, qui semblent avoir tout ravagé à l’intérieur. Les secours sur place n’ont trouvé aucun blessé mais les 400 m2 de la maison ont été touchés. Les habitations adjacentes ne semblaient pas être atteintes, ce jeudi vers 21 h 30. L'électricité a été coupée par sécurité. Selon les gendarmes de Lacroix-sur-Meuse, également présents sur les lieux, la cause du départ de feu est pour l’instant inconnue. Une équipe de sapeurs-pompiers va rester sur place, avec un camion, toute la nuit pour éviter une reprise du feu. Elle va surveiller tout particulièrement la grange, où du bois et de la paille sont entreposés. L'habitante des lieux va être hébergée chez des proches.",
    "highlightText": "",
    "highlightTitle": "",
    "highlightThreadTitle": "",
    "language": "french",
    "sentiment": "negative",
    "categories": [
        "Disaster and Accident"
    ],
    "external_links": [],
    "external_images": [],
    "entities": {
        "persons": [],
        "organizations": [],
        "locations": []
    },
    "rating": null,
    "crawled": "2023-12-29T00:30:47.895+02:00",
    "updated": "2023-12-29T00:30:47.895+02:00"
}