{
    "thread": {
        "uuid": "ae881d3f1be5740645f240581b171a8d5d777e37",
        "url": "https://www.rcnradio.com/colombia/santanderes/domiciliario-murio-luego-de-recibir-un-disparo-en-uno-de-sus-gluteos",
        "site_full": "www.rcnradio.com",
        "site": "rcnradio.com",
        "site_section": "https://www.rcnradio.com",
        "site_categories": [
            "media"
        ],
        "section_title": "Últimas Noticias de Colombia y el mundo - Noticias - RCN Radio",
        "title": "Domiciliario murió luego de recibir un disparo en uno de sus glúteos | RCN Radio",
        "title_full": "Domiciliario murió luego de recibir un disparo en uno de sus glúteos | RCN Radio",
        "published": "2023-12-28T23:34:00.000+02:00",
        "replies_count": 0,
        "participants_count": 1,
        "site_type": "news",
        "country": "CO",
        "main_image": "https://files.rcnradio.com/public/2023-02/proyecto_nuevo_3_0.jpg?VersionId=KNE9KT0TA_YS.ARuz.Wmm5by10.WS0RD",
        "performance_score": 0,
        "domain_rank": 27089,
        "domain_rank_updated": "2023-12-26T12:06:20.000+02:00",
        "reach": null,
        "social": {
            "facebook": {
                "likes": 0,
                "comments": 0,
                "shares": 0
            },
            "gplus": {
                "shares": 0
            },
            "pinterest": {
                "shares": 0
            },
            "linkedin": {
                "shares": 0
            },
            "stumbledupon": {
                "shares": 0
            },
            "vk": {
                "shares": 0
            }
        }
    },
    "uuid": "ae881d3f1be5740645f240581b171a8d5d777e37",
    "url": "https://www.rcnradio.com/colombia/santanderes/domiciliario-murio-luego-de-recibir-un-disparo-en-uno-de-sus-gluteos",
    "ord_in_thread": 0,
    "parent_url": null,
    "author": "@rcnradio",
    "published": "2023-12-28T23:34:00.000+02:00",
    "title": "Domiciliario murió luego de recibir un disparo en uno de sus glúteos | RCN Radio",
    "text": "Domiciliario murió luego de recibir un disparo en uno de sus glúteos El lamentable hecho tuvo lugar el pasado lunes 25 de diciembre hacía las 12:30 del mediodía, en el barrio La Trinidad de Floridablanca. En las últimas horas se conoció que la Sijín de la Policía Metropolitana de Bucaramanga adelanta las investigaciones pertinentes para esclarecer la muerte de un domiciliario que recibió un impacto de bala en uno de sus glúteos y que le produjo la muerte posteriormente. El lamentable hecho tuvo lugar el pasado lunes 25 de diciembre hacía las 12:30 del mediodía en el barrio La Trinidad, en el sector del Campanazo en la ciudad de Floridablanca (Santander). De acuerdo con información suministrada por las autoridades, el hombre fue identificado como Ronald Johan Gustavo Mantilla Duéñez, de 25 años de edad, y la Sijín habría tenido acceso a un video en el que se ve el ataque sicarial y en este se podría ver que el joven sostenía una conversación con el conductor de un vehículo (que ya fue identificado) al momento de los hechos. Puede leer: [Video: Mujer que intentó ingresar droga a estación de Policía se burló e hizo muecas al ser capturada](https://www.rcnradio.com/colombia/santanderes/video-mujer-que-intento-ingresar-droga-a-estacion-de-policia-se-burlo-e-hizo) “En las cámaras se ve un automóvil, marca Kia Rio, cuyas placas ya están bajo investigación de nuestras unidades. El conductor llamó a la víctima y dialogaron por algunos minutos”, indica un aparte del informe policial. Posteriormente y luego de un intercambio de palabras, el conductor del automóvil desenfundó un arma de fuego y le disparó en repetidas ocasiones al domiciliario. Uno de los proyectiles lo impacto en el glúteo derecho, por lo que la víctima tuvo que ser trasladada rápidamente por una patrulla de la Policía que se encontraba cerca del lugar a la Clínica Foscal. También lea: [Accidente en la vía Bucaramanga - San Alberto deja una persona muerta y 18 heridas](https://www.rcnradio.com/colombia/santanderes/accidente-en-la-via-bucaramanga-san-alberto-deja-una-persona-muerta-y-12) Los agresores huyeron con rumbo desconocido y lamentablemente hacía la 1:00 de la tarde del pasado martes 26 de diciembre, Mantilla Duéñez falleció mientras recibía atención médica. “No tenemos capturas. La víctima presentaba una herida con orificio de entrada en el glúteo derecho y salida en la región inguinal derecha. Además, registraba dos anotaciones judiciales en el año 2020 por los delitos de fuga de presos y hurto”, agregó la Policía. Sistema Integrado Digital",
    "highlightText": "",
    "highlightTitle": "",
    "highlightThreadTitle": "",
    "language": "spanish",
    "sentiment": "negative",
    "categories": [
        "Health",
        "Disaster and Accident",
        "Crime, Law and Justice"
    ],
    "external_links": [],
    "external_images": [],
    "entities": {
        "persons": [],
        "organizations": [],
        "locations": []
    },
    "rating": null,
    "crawled": "2023-12-29T00:11:02.818+02:00",
    "updated": "2023-12-29T00:11:02.818+02:00"
}