{
    "thread": {
        "uuid": "395083cfaffa17c50cccdea3fc087bdab4cf3ea8",
        "url": "https://www.thisislocallondon.co.uk/news/national/24016267.two-people-die-car-collides-ambulance-transporting-elderly-man/",
        "site_full": "www.thisislocallondon.co.uk",
        "site": "thisislocallondon.co.uk",
        "site_section": "https://www.thisislocallondon.co.uk",
        "site_categories": [
            "media"
        ],
        "section_title": "London news, sport, weather, travel, events - This Is Local London",
        "title": "Two people die after car collides with ambulance transporting elderly man | This Is Local London",
        "title_full": "Two people die after car collides with ambulance transporting elderly man | This Is Local London",
        "published": "2023-12-28T23:31:00.000+02:00",
        "replies_count": 0,
        "participants_count": 1,
        "site_type": "news",
        "country": "GB",
        "main_image": "https://www.thisislocallondon.co.uk/resources/images/17594648/?type=og-image",
        "performance_score": 0,
        "domain_rank": 45332,
        "domain_rank_updated": "2023-12-26T12:06:25.000+02:00",
        "reach": null,
        "social": {
            "facebook": {
                "likes": 0,
                "comments": 0,
                "shares": 0
            },
            "gplus": {
                "shares": 0
            },
            "pinterest": {
                "shares": 0
            },
            "linkedin": {
                "shares": 0
            },
            "stumbledupon": {
                "shares": 0
            },
            "vk": {
                "shares": 0
            }
        }
    },
    "uuid": "395083cfaffa17c50cccdea3fc087bdab4cf3ea8",
    "url": "https://www.thisislocallondon.co.uk/news/national/24016267.two-people-die-car-collides-ambulance-transporting-elderly-man/",
    "ord_in_thread": 0,
    "parent_url": null,
    "author": "PA News Agency",
    "published": "2023-12-28T23:31:00.000+02:00",
    "title": "Two people die after car collides with ambulance transporting elderly man | This Is Local London",
    "text": "Two people are dead after a collision between a car and an ambulance transporting an elderly man in Suffolk. Emergency services were called to the B1506 Bury Road, between Newmarket and Kentford, at about 7.30pm on December 19. One of those killed was a woman in her 70s, who was driving the car, a blue Volkswagen Golf. The other was a man in his 90s, a passenger in the ambulance, who died after being taken to Addenbrooke’s Hospital, Suffolk Police said. The female ambulance driver suffered serious injuries and was also taken to hospital. Police are appealing for witnesses, who can call 101, quoting SC-19122023-302. Comments: Our rules We want our comments to be a lively and valuable part of our community - a place where readers can debate and engage with the most important local issues. The ability to comment on our stories is a privilege, not a right, however, and that privilege may be withdrawn if it is abused or misused. Please report any comments that break our rules. [Read the rules here](/misc/comments) Comments are closed on this article",
    "highlightText": "",
    "highlightTitle": "",
    "highlightThreadTitle": "",
    "language": "english",
    "sentiment": "negative",
    "categories": [
        "Disaster and Accident"
    ],
    "external_links": [],
    "external_images": [],
    "entities": {
        "persons": [],
        "organizations": [
            {
                "name": "suffolk police",
                "sentiment": "none"
            },
            {
                "name": "volkswagen golf",
                "sentiment": "none"
            },
            {
                "name": "addenbrooke’s hospital",
                "sentiment": "none"
            }
        ],
        "locations": [
            {
                "name": "newmarket",
                "sentiment": "none"
            },
            {
                "name": "kentford",
                "sentiment": "none"
            },
            {
                "name": "misc",
                "sentiment": "none"
            }
        ]
    },
    "rating": null,
    "crawled": "2023-12-29T00:24:35.075+02:00",
    "updated": "2023-12-29T00:24:35.075+02:00"
}