{
    "thread": {
        "uuid": "2bc0efac3013d488f8f66f1ecfe3283d54d84046",
        "url": "https://www.14news.com/video/2023/12/28/names-released-2-people-killed-daviess-co-crash/",
        "site_full": "www.14news.com",
        "site": "14news.com",
        "site_section": "http://www.14news.com",
        "site_categories": [
            "media"
        ],
        "section_title": "Home",
        "title": "Names released of 2 people killed in Daviess Co. crash",
        "title_full": "Names released of 2 people killed in Daviess Co. crash",
        "published": "2023-12-28T02:00:00.000+02:00",
        "replies_count": 0,
        "participants_count": 1,
        "site_type": "news",
        "country": "US",
        "main_image": "https://gray-wfie-prod.cdn.arcpublishing.com/resizer/v2/https%3A%2F%2Fdo0bihdskp9dy.cloudfront.net%2F12-28-2023%2Ft_d3a3349c36024b2cb3746c79070f7520_name_file_1280x720_2000_v3_1_.jpg?auth=9d49c2ed0ec5eae46a0314d4d70e4f4338327f7a0992303abe13e6be4863171b&amp;width=1200&amp;height=600&amp;smart=true",
        "performance_score": 0,
        "domain_rank": 28177,
        "domain_rank_updated": "2023-12-26T12:06:20.000+02:00",
        "reach": null,
        "social": {
            "facebook": {
                "likes": 0,
                "comments": 0,
                "shares": 0
            },
            "gplus": {
                "shares": 0
            },
            "pinterest": {
                "shares": 0
            },
            "linkedin": {
                "shares": 0
            },
            "stumbledupon": {
                "shares": 0
            },
            "vk": {
                "shares": 0
            }
        }
    },
    "uuid": "2bc0efac3013d488f8f66f1ecfe3283d54d84046",
    "url": "https://www.14news.com/video/2023/12/28/names-released-2-people-killed-daviess-co-crash/",
    "ord_in_thread": 0,
    "parent_url": null,
    "author": "@14News",
    "published": "2023-12-28T02:00:00.000+02:00",
    "title": "Names released of 2 people killed in Daviess Co. crash",
    "text": "Skip to content News National News 14 Days of Giving Special Coverage Peace of Mind On The Farm Weather Sports About Us TV River City Weekend On The Farm Home Follow Us Watch Live 14 News Now Download 14 News Apps Previous Newscasts 14 News Now at Noon News Editorial Elections Kentucky News Politics Cinema Chat Illinois News Indiana News National News Special Coverage Sunrise Shoutout Sunrise School Spirit Send Us Your Photos/Videos Peace of Mind What is the Peace of Mind Project? Click Here for Resources Weather SWAT Mosquito Forecast SkyVision HD Closings Admin Login Sports Football Viewer Photos & Videos Scores Stats & Predictions How to Watch Closings Sign Up for Closings Access Closings Admin Login Health Coronavirus Community On The Farm 70th Anniversary 14 Days of Giving Cream of the Crop Anti Bullying Tri-State Triumphs Traffic Programming 14News Streaming Apps Programming Schedule Circle - Country Music & Lifestyle Investigate TV PowerNation Gray DC Bureau About Us Jobs at 14 News Contact Us Meet the Team Latest Newscasts Gray DC Bureau PowerNation InvestigateTV Circle - Country Music & Lifestyle Press Releases Names released of 2 people killed in Daviess Co. crash Updated: 45 minutes ago Share on Facebook Email This Link Share on X (formerly Twitter) Share on Pinterest Share on LinkedIn Indiana News Dispatch: Traffic slowed due to hit and run near Riverside Dr. Updated: 45 minutes ago | Indiana News Watch: Early morning snow falls in Pike Co. Updated: 2 hours ago Politics Web Exclusive: Extended interview with new Mayor Stephanie Terry Updated: 5 hours ago News 12/28 Thursday Sunrise Headlines Updated: 12 hours ago Indiana News 14 News heads to Cali - Tanner live from Hollywood Updated: 12 hours ago",
    "highlightText": "",
    "highlightTitle": "",
    "highlightThreadTitle": "",
    "language": "english",
    "sentiment": "negative",
    "categories": [
        "Human Interest",
        "Disaster and Accident",
        "Social Issue"
    ],
    "external_links": [],
    "external_images": [],
    "entities": {
        "persons": [],
        "organizations": [
            {
                "name": "daviess co.",
                "sentiment": "negative"
            },
            {
                "name": "news national news",
                "sentiment": "negative"
            },
            {
                "name": "news contact us meet the team latest newscasts gray dc bureau powernation investigatetv circle",
                "sentiment": "none"
            }
        ],
        "locations": []
    },
    "rating": null,
    "crawled": "2023-12-29T00:28:14.593+02:00",
    "updated": "2023-12-29T00:47:35.829+02:00"
}