{
    "thread": {
        "uuid": "6c49b73b18622d545b90d9582fdd4bbd6bb35825",
        "url": "https://vnexplorer.net/ten-people-rescued-from-plane-crash-site-in-remote-northwest-territories-s696979.html",
        "site_full": "vnexplorer.net",
        "site": "vnexplorer.net",
        "site_section": "https://vnexplorer.net/",
        "site_categories": [
            "health",
            "cold_and_flu"
        ],
        "section_title": "Verified News Explorer Channel - VNExplorer",
        "title": "Ten people rescued from plane crash site in remote Northwest Territories",
        "title_full": "Ten people rescued from plane crash site in remote Northwest Territories",
        "published": "2023-12-29T00:05:00.000+02:00",
        "replies_count": 0,
        "participants_count": 1,
        "site_type": "news",
        "country": "US",
        "main_image": "https://img-s-msn-com.akamaized.net/tenant/amp/entityid/AA1m9RrQ.img",
        "performance_score": 0,
        "domain_rank": 45352,
        "domain_rank_updated": "2023-12-26T12:06:25.000+02:00",
        "reach": null,
        "social": {
            "facebook": {
                "likes": 0,
                "comments": 0,
                "shares": 0
            },
            "gplus": {
                "shares": 0
            },
            "pinterest": {
                "shares": 0
            },
            "linkedin": {
                "shares": 0
            },
            "stumbledupon": {
                "shares": 0
            },
            "vk": {
                "shares": 0
            }
        }
    },
    "uuid": "6c49b73b18622d545b90d9582fdd4bbd6bb35825",
    "url": "https://vnexplorer.net/ten-people-rescued-from-plane-crash-site-in-remote-northwest-territories-s696979.html",
    "ord_in_thread": 0,
    "parent_url": null,
    "author": "VNExplorer",
    "published": "2023-12-29T00:05:00.000+02:00",
    "title": "Ten people rescued from plane crash site in remote Northwest Territories",
    "text": "Ten people rescued from plane crash site in remote Northwest Territories\nYELLOWKNIFE — The military says a rescue is complete after a plane crash left 10 people, some with injuries, stranded overnight in a remote area of the Northwest Territories.\nDavid Lavellee, a spokesman with 1 Canadian Air Division and Canadian Norad Region Headquarters, says everyone has been extracted from the crash site and taken to the nearby Diavik diamond mine.\nThe Joint Rescue Coordination Centre Trenton started a search-and-rescue operation Wednesday after an Air Tindi Otter aircraft landed about 16 kilometres southeast of the mine.\nA Royal Canadian Air Force Hercules aircraft flew from Winnipeg and arrived in the area Wednesday evening.\nThree search-and-rescue technicians, who are highly trained first response and survival experts, parachuted to the site with supplies and equipment.\nThe president of Air Tindi, Chris Reynolds, says three helicopters were sent this morning to pick up the people at the scene and they were to be transported to Yellowknife.\nThis report by The Canadian Press was first published Dec. 28, 2023.\nThe Canadian Press",
    "highlightText": "",
    "highlightTitle": "",
    "highlightThreadTitle": "",
    "language": "english",
    "sentiment": "negative",
    "categories": [
        "Disaster and Accident"
    ],
    "external_links": [
        "https://img-s-msn-com.akamaized.net/tenant/amp/entityid/AA1m9RrQ.img",
        "https://www.img-s-msn-com.akamaized.net/tenant/amp/entityid/AA1m9RrQ.img"
    ],
    "external_images": [],
    "entities": {
        "persons": [
            {
                "name": "david lavellee",
                "sentiment": "none"
            },
            {
                "name": "chris reynolds",
                "sentiment": "none"
            }
        ],
        "organizations": [
            {
                "name": "joint rescue coordination centre trenton",
                "sentiment": "none"
            },
            {
                "name": "the canadian press",
                "sentiment": "none"
            },
            {
                "name": "air tindi",
                "sentiment": "none"
            },
            {
                "name": "norad region headquarters",
                "sentiment": "none"
            },
            {
                "name": "canadian air division",
                "sentiment": "none"
            },
            {
                "name": "air tindi otter",
                "sentiment": "none"
            }
        ],
        "locations": [
            {
                "name": "northwest territories yellowknife",
                "sentiment": "none"
            },
            {
                "name": "northwest territories ten",
                "sentiment": "none"
            },
            {
                "name": "northwest territories",
                "sentiment": "none"
            },
            {
                "name": "winnipeg",
                "sentiment": "none"
            },
            {
                "name": "diavik",
                "sentiment": "none"
            },
            {
                "name": "yellowknife",
                "sentiment": "none"
            }
        ]
    },
    "rating": null,
    "crawled": "2023-12-29T00:08:33.487+02:00",
    "updated": "2023-12-29T00:08:33.487+02:00"
}