{
    "thread": {
        "uuid": "1170d32ff48518b5b306aec21f6116c52f4bb4b3",
        "url": "https://tnonline.uol.com.br/noticias/vale-do-ivai/mulher-fica-ferida-em-acidente-na-pr-466-em-manoel-ribas-822958",
        "site_full": "tnonline.uol.com.br",
        "site": "uol.com.br",
        "site_section": "https://tnonline.uol.com.br/rss",
        "site_categories": [
            "media"
        ],
        "section_title": "TNOnline",
        "title": "• Mulher fica ferida em acidente na PR-466 em Manoel Ribas",
        "title_full": "• Mulher fica ferida em acidente na PR-466 em Manoel Ribas",
        "published": "2023-12-29T00:05:00.000+02:00",
        "replies_count": 0,
        "participants_count": 0,
        "site_type": "news",
        "country": "BR",
        "main_image": "https://cdn.tnonline.com.br/img/Artigo-Destaque/820000/O-acidente-na-PR-466-foi-por-volta-das-15h30-00822958-0-202312281705.jpg?xid=1150009",
        "performance_score": 0,
        "domain_rank": 752,
        "domain_rank_updated": "2023-12-26T12:06:20.000+02:00",
        "reach": null,
        "social": {
            "facebook": {
                "likes": 21,
                "comments": 0,
                "shares": 1
            },
            "gplus": {
                "shares": 0
            },
            "pinterest": {
                "shares": 0
            },
            "linkedin": {
                "shares": 0
            },
            "stumbledupon": {
                "shares": 0
            },
            "vk": {
                "shares": 0
            }
        }
    },
    "uuid": "1170d32ff48518b5b306aec21f6116c52f4bb4b3",
    "url": "https://tnonline.uol.com.br/noticias/vale-do-ivai/mulher-fica-ferida-em-acidente-na-pr-466-em-manoel-ribas-822958",
    "ord_in_thread": 0,
    "parent_url": null,
    "author": null,
    "published": "2023-12-29T00:05:00.000+02:00",
    "title": "• Mulher fica ferida em acidente na PR-466 em Manoel Ribas",
    "text": "ACIDENTE DE TRÃNSITO Mulher fica ferida em acidente na PR-466 em Manoel Ribas A passageira do caminhão foi socorrida pelo Samu e encaminhada ao Hospital Municipal de Manoel Ribas Da Redação 17:05 Foto por Reprodução/NH Notícias O acidente na PR-466 foi por volta das 15h30 Escrito por Da Redação 17:05:35 17:05:31 Uma mulher ficou ferida em um acidente de trânsito na tarde desta quinta-feira (28), por volta das 15h30, na Rodovia PR-466, em Manoel Ribas.\nO motorista de um caminhão carregado com batatas perdeu o controle do veículo, saiu da pista e caiu em um barranco em frente ao Pesqueiro Arroio do Broto, próximo à entrada da comunidade Barra Azul.\n- LEIA MAIS: Jovem de 26 anos fratura o pé ao cair de moto em Apucarana\nA passageira do caminhão, sofreu ferimentos leves e foi socorrida pelo Serviço de Atendimento Móvel de Urgência (Samu) e encaminhada ao Hospital Municipal de Manoel Ribas. O motorista não se feriu.\nA Polícia Rodoviária Estadual (PRE) esteve no local para registrar o acidente A Defesa Civil do município também foi acionada para prestar apoio à ocorrência e auxiliou no resgate da vítima.\n* Com informações NH Notícias/Manoel Ribas\nSiga o TNOnline no Google News Tags Relacionadas acidente Manoel Ribas PR 466 Encontrou algum erro? Avise a redação!",
    "highlightText": "",
    "highlightTitle": "",
    "highlightThreadTitle": "",
    "language": "portuguese",
    "sentiment": "negative",
    "categories": [
        "Disaster and Accident"
    ],
    "external_links": [
        "https://news.google.com/publications/CAAiEDG7uCcaxsngQEinhi18rAUqFAgKIhAxu7gnGsbJ4EBIp4YtfKwF?ceid=BR:pt-419&oc=3",
        "https://api.whatsapp.com/send?text=TNOnline%3A%20Mulher%20fica%20ferida%20em%20acidente%20na%20PR-466%20em%20Manoel%20Ribas%20https%3A%2F%2Ftnonline.uol.com.br%2F_%2F822958",
        "https://facebook.com/sharer.php?u=https%3A%2F%2Ftnonline.uol.com.br%2F_%2F822958",
        "https://telegram.me/share/url?url=http://tnonline.uol.com.br/noticias/vale-do-ivai/mulher-fica-ferida-em-acidente-na-pr-466-em-manoel-ribas-822958&text=TNOnline:Mulher",
        "https://telegram.me/share/url",
        "https://api.whatsapp.com/send",
        "https://twitter.com/intent/tweet?text=Mulher%20fica%20ferida%20em%20acidente%20na%20PR-466%20em%20Manoel%20Ribas&url=https%3A%2F%2Ftnonline.uol.com.br%2F_%2F822958",
        "https://news.google.com/publications/CAAiEDG7uCcaxsngQEinhi18rAUqFAgKIhAxu7gnGsbJ4EBIp4YtfKwF",
        "https://www.telegram.me/share/url?url=http://www.tnonline.uol.com.br/noticias/vale-do-ivai/mulher-fica-ferida-em-acidente-na-pr-466-em-manoel-ribas-822958&text=TNOnline:Mulher",
        "https://www.facebook.com/sharer.php?u=https%3A%2F%2Ftnonline.uol.com.br%2F_%2F822958",
        "https://www.facebook.com/sharer.php",
        "https://www.twitter.com/intent/tweet?text=Mulher%20fica%20ferida%20em%20acidente%20na%20PR-466%20em%20Manoel%20Ribas&url=https%3A%2F%2Ftnonline.uol.com.br%2F_%2F822958",
        "https://www.news.google.com/publications/CAAiEDG7uCcaxsngQEinhi18rAUqFAgKIhAxu7gnGsbJ4EBIp4YtfKwF?ceid=BR:pt-419&oc=3",
        "https://www.api.whatsapp.com/send?text=TNOnline%3A%20Mulher%20fica%20ferida%20em%20acidente%20na%20PR-466%20em%20Manoel%20Ribas%20https%3A%2F%2Ftnonline.uol.com.br%2F_%2F822958",
        "https://twitter.com/intent/tweet"
    ],
    "external_images": [],
    "entities": {
        "persons": [],
        "organizations": [],
        "locations": []
    },
    "rating": null,
    "crawled": "2023-12-29T00:05:39.862+02:00",
    "updated": "2023-12-29T00:05:39.862+02:00"
}