{
    "thread": {
        "uuid": "736e42316844536dbd186b9e1372c5e2cbefdd88",
        "url": "https://en.tempo.co/read/1814476/5-3m-earthquake-hits-garut-sukabumi-this-morning",
        "site_full": "en.tempo.co",
        "site": "tempo.co",
        "site_section": "https://en.tempo.co",
        "site_categories": [
            "media"
        ],
        "section_title": "Tempo.co English - En.tempo.co",
        "title": "5.3M Earthquake Hits Garut, Sukabumi This Morning - Sci En.tempo.co",
        "title_full": "5.3M Earthquake Hits Garut, Sukabumi This Morning - Sci En.tempo.co",
        "published": "2023-12-28T18:15:00.000+02:00",
        "replies_count": 0,
        "participants_count": 1,
        "site_type": "news",
        "country": "CO",
        "main_image": "https://statik.tempo.co/data/2018/03/05/id_688758/688758_720.jpg?rand=6",
        "performance_score": 0,
        "domain_rank": 8807,
        "domain_rank_updated": "2023-12-26T12:06:20.000+02:00",
        "reach": null,
        "social": {
            "facebook": {
                "likes": 0,
                "comments": 0,
                "shares": 1
            },
            "gplus": {
                "shares": 0
            },
            "pinterest": {
                "shares": 0
            },
            "linkedin": {
                "shares": 0
            },
            "stumbledupon": {
                "shares": 0
            },
            "vk": {
                "shares": 0
            }
        }
    },
    "uuid": "736e42316844536dbd186b9e1372c5e2cbefdd88",
    "url": "https://en.tempo.co/read/1814476/5-3m-earthquake-hits-garut-sukabumi-this-morning",
    "ord_in_thread": 0,
    "parent_url": null,
    "author": "Najla Nur Fauziyah",
    "published": "2023-12-28T18:15:00.000+02:00",
    "title": "5.3M Earthquake Hits Garut, Sukabumi This Morning - Sci En.tempo.co",
    "text": "5.3M Earthquake Hits Garut, Sukabumi This Morning Translator Editor 28 December 2023 11:15 WIB TEMPO.CO, Jakarta - The Meteorology, Climatology, and Geophysics Agency or BMKG reported a tectonic [earthquake](https://www.tempo.co/search?waktu=&kanal=&subkanal=&domain=2&q=earthquake) with an updated parameter of 5.3-magnitude hitting the southern part of Garut and Tasikmalaya in West Java on Thursday, Dec. 28, 2023, at around 05:43 a.m. WIB (Western Indonesia Time). The epicenter is located at 8.18 degrees Southern Latitude and 107.79 degrees Longitude East, or 94 kilometers away southwest of Pangandaran Regency at 41-kilometer depth. \"Considering the epicenter and the hypocenter, it was a shallow intraplate earthquake,\" said the head of the earthquake and tsunami center r at BMKG on Thursday. \"The [BMKG] analysis result found that the earthquake had an oblique-thrusting fault movement.\" The earthquake was felt at the scale of IV MMI in Garut. Meaning, the vibration was felt by many people inside the house. In Cilacap, Pelabuhan Ratu, Sukabumi, Cianjur, and Pangandaran, the earthquake was felt at III MMI on the intensity scale while it was felt at the scale of II-III MMI in Bandung and Bogor. BMKG recorded one aftershock up until 06:15 a.m. WIB. The earthquake did not cause any tsunami potential. ERWIN PRIMA Editor's Choice: [Shallow Earthquake Rocks Purwakarta on Christmas Day](https://en.tempo.co/read/1813541/shallow-earthquake-rocks-purwakarta-on-christmas-day) [Click here](https://news.google.com/publications/CAAqBggKMMnVJTCC7gU?hl=en-ID&gl=ID&ceid=ID:en) to get the latest news updates from Tempo on Google News",
    "highlightText": "",
    "highlightTitle": "",
    "highlightThreadTitle": "",
    "language": "english",
    "sentiment": "negative",
    "categories": [
        "Disaster and Accident"
    ],
    "external_links": [
        "https://news.google.com/publications/CAAqBggKMMnVJTCC7gU?hl=en-ID&gl=ID&ceid=ID:en)",
        "https://www.news.google.com/publications/CAAqBggKMMnVJTCC7gU?hl=en-ID&gl=ID&ceid=ID:en)",
        "https://news.google.com/publications/CAAqBggKMMnVJTCC7gU"
    ],
    "external_images": [],
    "entities": {
        "persons": [
            {
                "name": "pelabuhan ratu",
                "sentiment": "none"
            }
        ],
        "organizations": [
            {
                "name": "geophysics agency",
                "sentiment": "none"
            },
            {
                "name": "bmkg",
                "sentiment": "none"
            },
            {
                "name": "mmi",
                "sentiment": "none"
            }
        ],
        "locations": [
            {
                "name": "garut",
                "sentiment": "none"
            },
            {
                "name": "sukabumi",
                "sentiment": "none"
            },
            {
                "name": "pangandaran regency",
                "sentiment": "none"
            },
            {
                "name": "tasikmalaya",
                "sentiment": "none"
            },
            {
                "name": "jakarta",
                "sentiment": "none"
            },
            {
                "name": "longitude east",
                "sentiment": "none"
            },
            {
                "name": "pangandaran",
                "sentiment": "none"
            },
            {
                "name": "co",
                "sentiment": "none"
            },
            {
                "name": "cianjur",
                "sentiment": "none"
            }
        ]
    },
    "rating": null,
    "crawled": "2023-12-29T00:11:09.207+02:00",
    "updated": "2023-12-29T00:11:09.207+02:00"
}