{
    "thread": {
        "uuid": "fc2c6da9b48212077b692ca5ac36e48bf8d5789d",
        "url": "https://www.winnipegfreepress.com/arts-and-life/life/2023/12/28/another-death-reported-since-2021-recall-of-home-bed-assist-handles-health-canada",
        "site_full": "www.winnipegfreepress.com",
        "site": "winnipegfreepress.com",
        "site_section": "http://www.winnipegfreepress.com/rss/?path=/arts-and-life/life/style",
        "site_categories": [
            "media"
        ],
        "section_title": "Winnipeg Free Press",
        "title": "Another death reported since 2021 recall of home bed assist handles: Health Canada",
        "title_full": "Another death reported since 2021 recall of home bed assist handles: Health Canada – Winnipeg Free Press",
        "published": "2023-12-28T23:11:00.000+02:00",
        "replies_count": 0,
        "participants_count": 0,
        "site_type": "news",
        "country": "US",
        "main_image": "https://www.winnipegfreepress.com/wp-content/uploads/sites/2/2023/12/2023122817124-8823f2231702f56e3d6b30abc9b28fa003cd635cffc547782880fe4f5f696b2b.jpg",
        "performance_score": 0,
        "domain_rank": 4865,
        "domain_rank_updated": "2023-12-26T12:06:20.000+02:00",
        "reach": null,
        "social": {
            "facebook": {
                "likes": 0,
                "comments": 0,
                "shares": 0
            },
            "gplus": {
                "shares": 0
            },
            "pinterest": {
                "shares": 0
            },
            "linkedin": {
                "shares": 0
            },
            "stumbledupon": {
                "shares": 0
            },
            "vk": {
                "shares": 0
            }
        }
    },
    "uuid": "fc2c6da9b48212077b692ca5ac36e48bf8d5789d",
    "url": "https://www.winnipegfreepress.com/arts-and-life/life/2023/12/28/another-death-reported-since-2021-recall-of-home-bed-assist-handles-health-canada",
    "ord_in_thread": 0,
    "parent_url": null,
    "author": null,
    "published": "2023-12-28T23:11:00.000+02:00",
    "title": "Another death reported since 2021 recall of home bed assist handles: Health Canada",
    "text": "Another death reported since 2021 recall of home bed assist handles: Health Canada By: The Canadian Press Posted: 4:11 PM CST Thursday, Dec. 28, 2023 Advertisement\nAdvertise with us\nTweet Share Print Email Read Later OTTAWA - Health Canada is reminding Canadians about a recall of home bed assist handles after learning of an additional death.\nRead this article for free:\nEmail Address: Password: I agree to the Terms and Conditions, Cookie and Privacy Policies , and CASL agreement . or Already have an account? Log in here »\nTo continue reading, please subscribe:\nMonthly Digital Subscription $19 $0 for the first 4 weeks *\nEnjoy unlimited reading on winnipegfreepress.com Read the E-Edition, our digital replica newspaper Access News Break, our award-winning app Play interactive puzzles Continue *No charge for 4 weeks then billed as $19 every four weeks (new subscribers and qualified returning subscribers only). Cancel anytime.\nOTTAWA – Health Canada is reminding Canadians about a recall of home bed assist handles after learning of an additional death.\nFour models of bed handles distributed by Drive Medical were first recalled two years ago after two reported deaths — one in Canada and one in the U.S.\nHealth Canada says as of Dec. 19, the company has received a report of a second death in this country.\nHealth Canada is reminding Canadians about a recall of home bed assist handles after learning of an additional death. Four models of bed handles distributed by Drive Medical were first recalled two years ago after two reported deaths — one in Canada and one in the U.S. The Health Canada logo is seen in this undated handout. THE CANADIAN PRESS/HO The metal handles are affixed alongside the mattress to help people get in and out of their regular bed at home. The products are not designed for hospital beds.\nHealth Canada says more than 68,000 of the affected handles were sold between 2016 and 2021 in Canada.\nIt says consumers should stop using them and contact Drive Medical Canada to get a refund.\nThe recalled home bed assist model numbers are 15064, 15062, RTL15073 and RTL15063-ADJ.\nWinnipeg Free Press | Newsletter Jen Zoratti | Next Wednesdays\nA weekly look towards a post-pandemic future.\nSign up for Jen Zoratti | Next Sign Up I agree to the Terms and Conditions, Cookie and Privacy Policies , and CASL agreement . No information has been provided about what caused any of the deaths, but the recall notice says that retention straps were not properly secured in the initial cases in Canada and the U.S.\nDrive Medical has also learned of an additional three deaths in the U.S. that happened before Dec. 6, 2021, when the recall was first issued.\nMore than 496,000 of the bed assist products were distributed in the U.S. between 2007 and 2021. The products were sold on Amazon.\nThis report by The Canadian Press was first published Dec. 28, 2023.\nCanadian Press health coverage receives support through a partnership with the Canadian Medical Association. CP is solely responsible for this content.\nAdvertisement Advertise With Us\nAdvertisement Advertise With Us\nTweet Share Print Email Read Later",
    "highlightText": "",
    "highlightTitle": "",
    "highlightThreadTitle": "",
    "language": "english",
    "sentiment": "negative",
    "categories": [
        "Health",
        "Disaster and Accident"
    ],
    "external_links": [
        "https://www.twitter.com/share?ref_src=twsrc%5Etfw",
        "https://www.facebook.com/sharer/sharer.php?u=https%3A%2F%2Fwww.winnipegfreepress.com%2Farts-and-life%2Flife%2F2023%2F12%2F28%2Fanother-death-reported-since-2021-recall-of-home-bed-assist-handles-health-canada&src=sdkpreparse",
        "https://facebook.com/sharer/sharer.php?u=https%3A%2F%2Fwww.winnipegfreepress.com%2Farts-and-life%2Flife%2F2023%2F12%2F28%2Fanother-death-reported-since-2021-recall-of-home-bed-assist-handles-health-canada&src=sdkpreparse",
        "https://www.facebook.com/sharer/sharer.php",
        "https://twitter.com/share?ref_src=twsrc%5Etfw",
        "https://twitter.com/share"
    ],
    "external_images": [],
    "entities": {
        "persons": [],
        "organizations": [
            {
                "name": "health canada another",
                "sentiment": "negative"
            },
            {
                "name": "health canada",
                "sentiment": "none"
            },
            {
                "name": "ottawa – health canada",
                "sentiment": "none"
            },
            {
                "name": "u.s. health canada",
                "sentiment": "none"
            }
        ],
        "locations": [
            {
                "name": "canada",
                "sentiment": "none"
            },
            {
                "name": "health canada",
                "sentiment": "none"
            },
            {
                "name": "ottawa",
                "sentiment": "none"
            },
            {
                "name": "u.s",
                "sentiment": "none"
            }
        ]
    },
    "rating": null,
    "crawled": "2023-12-29T00:22:54.298+02:00",
    "updated": "2023-12-29T00:24:19.253+02:00"
}