{
    "thread": {
        "uuid": "24c707fe0c108df9d8fa744817c27fe4c5619bec",
        "url": "https://www.soychile.cl/Calama/Policial/2023/12/28/841437/sorprendidos-arrojando-agua-contaminada-humedal.html",
        "site_full": "www.soychile.cl",
        "site": "soychile.cl",
        "site_section": "https://soychile.cl/deportes",
        "site_categories": [
            "media"
        ],
        "section_title": "Deportes | SoyChile.cl",
        "title": "Detienen a conductor y peoneta de camión por verter aguas contaminadas en humedal en Calama",
        "title_full": "Detienen a conductor y peoneta de camión por verter aguas contaminadas en humedal en Calama",
        "published": "2023-12-28T02:00:00.000+02:00",
        "replies_count": 0,
        "participants_count": 1,
        "site_type": "news",
        "country": "CL",
        "main_image": "https://img.soy-chile.cl/Fotos/2023/12/28/file_20231228183333.jpg",
        "performance_score": 0,
        "domain_rank": 81922,
        "domain_rank_updated": "2023-12-26T12:06:35.000+02:00",
        "reach": null,
        "social": {
            "facebook": {
                "likes": 0,
                "comments": 0,
                "shares": 0
            },
            "gplus": {
                "shares": 0
            },
            "pinterest": {
                "shares": 0
            },
            "linkedin": {
                "shares": 0
            },
            "stumbledupon": {
                "shares": 0
            },
            "vk": {
                "shares": 0
            }
        }
    },
    "uuid": "24c707fe0c108df9d8fa744817c27fe4c5619bec",
    "url": "https://www.soychile.cl/Calama/Policial/2023/12/28/841437/sorprendidos-arrojando-agua-contaminada-humedal.html",
    "ord_in_thread": 0,
    "parent_url": null,
    "author": "SoyChile",
    "published": "2023-12-28T02:00:00.000+02:00",
    "title": "Detienen a conductor y peoneta de camión por verter aguas contaminadas en humedal en Calama",
    "text": "En el sector Puerto Seco que, mientras personal de Carabineros de Calama realizaba patrullajes preventivos, sorprendió a un camión aljibe, el cual estaba vertiendo aguas residuales a un humedal del sector, es por esta razón que se detuvo, tanto al conductor como al ayudante de éste, así como también se realizó la incautación del camión involucrado en la contaminación ambiental. El prefecto (s) de Carabineros, teniente coronel Juan Abarca explicó que “dos personas fueron detenidas en la tarde del día viernes 22 de diciembre, cuando Carabineros patrullaba en las inmediaciones del sector Puerto Seco, detectando un camión que estaba vertiendo líquido, al parecer de aguas servidas en un curso de agua existente en el lugar, por lo tanto se da cuenta al fiscal de turno, quien dispone que el vehículo sea incautado, la detención de las dos personas y posterior libertad tras comprobar su domicilio”. Así también, el oficial agregó que se instruyó que “personal de la Sección de Investigación Policial de la primera Comisaria de Calama concurra al lugar saque muestras de agua del agua que se estaba vertiendo y se remita al Laboratorio de Criminalística de Carabineros en Antofagasta”. Ante esta situación y al ser un hecho que atenta contra la naturaleza y los cursos de aguas que existen en el sector, el delegado presidencial provincial de El Loa, Miguel Ballesteros precisó que “valoramos el trabajo de Carabineros, que permitió descubrir este hecho de manera flagrante, logrando detener a los involucrados e identificar a la empresa que realizaba este acto de contaminación a un humedal de nuestro territorio. Por nuestra parte, como Delegación Presidencial Provincial de El Loa, estamos evaluando la presentación de acciones judiciales contra esta empresa para perseguir a quienes osen de seguir generando afectación medioambiental en Calama”.Por otro lado, el seremi de Medio Ambiente, Gustavo Riveros comentó “quiero destacar la acción de Carabineros respecto a la detención de estos sujetos que estaban descargando aguas residuales en humedal cercano a la cuidad de Calama, la fiscalización continua de los distintos órganos del estado es fundamental para proteger nuestro medio ambiente”.",
    "highlightText": "",
    "highlightTitle": "",
    "highlightThreadTitle": "",
    "language": "spanish",
    "sentiment": "negative",
    "categories": [
        "Crime, Law and Justice",
        "Disaster and Accident",
        "Environment"
    ],
    "external_links": [],
    "external_images": [],
    "entities": {
        "persons": [],
        "organizations": [],
        "locations": []
    },
    "rating": null,
    "crawled": "2023-12-29T00:08:35.625+02:00",
    "updated": "2023-12-29T00:08:35.625+02:00"
}