{
    "thread": {
        "uuid": "1cd0363b455f0a3fed40218c15a0fa7181c9d2f6",
        "url": "https://andaluciainformacion.es/cadiz/1492996/bomberos-rescatan-a-casi-90-personas-atrapadas-en-la-noria-de-san-sebastian-por-una-averia/",
        "site_full": "andaluciainformacion.es",
        "site": "andaluciainformacion.es",
        "site_section": "http://andaluciainformacion.es/cadiz",
        "site_categories": [
            "media"
        ],
        "section_title": "Andalucía Información. Todas las noticias de Cádiz",
        "title": "Bomberos rescatan a casi 90 personas atrapadas en la noria de San Sebastián por una avería | Andalucía Información. Todas las noticias de Cádiz",
        "title_full": "Bomberos rescatan a casi 90 personas atrapadas en la noria de San Sebastián por una avería | Andalucía Información. Todas las noticias de Cádiz",
        "published": "2023-12-28T22:45:00.000+02:00",
        "replies_count": 0,
        "participants_count": 1,
        "site_type": "news",
        "country": "ES",
        "main_image": "https://publicacionesdelsur.b-cdn.net/articulos/articulos-1251030.jpg",
        "performance_score": 0,
        "domain_rank": 44978,
        "domain_rank_updated": "2023-12-26T12:06:25.000+02:00",
        "reach": null,
        "social": {
            "facebook": {
                "likes": 0,
                "comments": 0,
                "shares": 0
            },
            "gplus": {
                "shares": 0
            },
            "pinterest": {
                "shares": 0
            },
            "linkedin": {
                "shares": 0
            },
            "stumbledupon": {
                "shares": 0
            },
            "vk": {
                "shares": 0
            }
        }
    },
    "uuid": "1cd0363b455f0a3fed40218c15a0fa7181c9d2f6",
    "url": "https://andaluciainformacion.es/cadiz/1492996/bomberos-rescatan-a-casi-90-personas-atrapadas-en-la-noria-de-san-sebastian-por-una-averia/",
    "ord_in_thread": 0,
    "parent_url": null,
    "author": "@andaluciainf",
    "published": "2023-12-28T22:45:00.000+02:00",
    "title": "Bomberos rescatan a casi 90 personas atrapadas en la noria de San Sebastián por una avería | Andalucía Información. Todas las noticias de Cádiz",
    "text": "Bomberos de San Sebastián están rescatando a usuarios de la noria ubicada en el Alderdi Eder de la capital guipuzcoana, después de que la instalación sufriera una avería sobre las siete de la tarde de este jueves, dejando suspendidas en el aire a unas 90 personas que ocupaban las 24 cabinas de la atracción. Según han informado fuentes municipales, el incidente ha ocurrido sobre las siete de la tarde, en hora punta de la noria de 32 metros de altura, que tenía ocupadas todas sus cabinas. Los responsables de la misma han intentado arreglar la avería durante una hora, sin éxito. Transcurrido ese tiempo han avisado a los bomberos, quienes tras comprobar que tampoco se podía reanudar la marcha de la instalación, han decidido ir rescatando poco a poco, mediante dos escalas, a todos los usuarios atrapados. Sobre las nueve de la noche los bomberos habían rescatado ya a personal que ocupaba diez cabinas de las 24, y siguen desalojando a más clientes, que se encuentran \"tranquilos\", sin que se hayan producido daños personales. Envía tu noticia a: [participa@andaluciainformacion.es](mailto:participa@andaluciainformacion.es)",
    "highlightText": "",
    "highlightTitle": "",
    "highlightThreadTitle": "",
    "language": "spanish",
    "sentiment": "negative",
    "categories": [
        "Human Interest",
        "Disaster and Accident",
        "Social Issue"
    ],
    "external_links": [],
    "external_images": [],
    "entities": {
        "persons": [],
        "organizations": [],
        "locations": []
    },
    "rating": null,
    "crawled": "2023-12-29T00:20:52.129+02:00",
    "updated": "2023-12-29T00:20:52.129+02:00"
}