{
    "thread": {
        "uuid": "50d24b0fb2d47fe67bf879281ec7c717d01bb845",
        "url": "https://www.nacion.com/el-mundo/terrorismo/delincuente-explota-al-manipular-dinamita-en/UPNO4YNKRREAVMGLDMTYZECAFI/story/",
        "site_full": "www.nacion.com",
        "site": "nacion.com",
        "site_section": "https://www.nacion.com/tecnologia",
        "site_categories": [
            "media",
            "law_government_and_politics",
            "politics"
        ],
        "section_title": "Noticias de tecnología en Costa Rica | La Nación",
        "title": "Delincuente explota al manipular dinamita en Ecuador | La Nación",
        "title_full": "Delincuente explota al manipular dinamita en Ecuador | La Nación",
        "published": "2023-12-29T00:29:00.000+02:00",
        "replies_count": 0,
        "participants_count": 1,
        "site_type": "news",
        "country": "CR",
        "main_image": "https://www.nacion.com/resizer/TkO948oCcgp6xS0HeTR7Ww79-is=/1440x0/filters:format(jpg):quality(70)/cloudfront-us-east-1.images.arcpublishing.com/gruponacion/2XMQN5MFTRFW5ILM3UIC4B2TXU.jpeg",
        "performance_score": 0,
        "domain_rank": 13651,
        "domain_rank_updated": "2023-12-26T12:06:20.000+02:00",
        "reach": null,
        "social": {
            "facebook": {
                "likes": 0,
                "comments": 0,
                "shares": 0
            },
            "gplus": {
                "shares": 0
            },
            "pinterest": {
                "shares": 0
            },
            "linkedin": {
                "shares": 0
            },
            "stumbledupon": {
                "shares": 0
            },
            "vk": {
                "shares": 0
            }
        }
    },
    "uuid": "50d24b0fb2d47fe67bf879281ec7c717d01bb845",
    "url": "https://www.nacion.com/el-mundo/terrorismo/delincuente-explota-al-manipular-dinamita-en/UPNO4YNKRREAVMGLDMTYZECAFI/story/",
    "ord_in_thread": 0,
    "parent_url": null,
    "author": "El Tiempo/Colombia/GDA",
    "published": "2023-12-29T00:29:00.000+02:00",
    "title": "Delincuente explota al manipular dinamita en Ecuador | La Nación",
    "text": "Diariamente, surgen cientos de historias insólitas, absurdas e indignantes a través de diversas redes sociales. En los últimos días, circuló ampliamente el caso de un hombre que aparentemente planeaba explotar un local comercial en Ecuador, y su intento resultó en un desenlace inesperado. A través de las redes sociales, se difundió un video que captura el momento en que un presunto extorsionista coloca un explosivo en un establecimiento, cuyos propietarios se resistieron a pagar ‘la vacuna’. Lo destacable de la situación fue la explosión inesperada que ocurrió en las manos del perpetrador. El incidente se produjo en el norte de Guayaquil, Ecuador, según las imágenes captadas por varias cámaras de seguridad. La explosión, totalmente inesperada, tuvo lugar el pasado miércoles 27 de diciembre a las 8:50 p. m., precisamente en la avenida Francisco de Orellana. En las grabaciones de las cámaras de seguridad, se aprecia a un hombre bajándose de un automóvil rojo y tratando de activar un artefacto explosivo cerca de un local comercial. Sin embargo, contra todo pronóstico, el dispositivo detonó en sus manos, generando una densa nube de humo y polvo. Después del estruendo, los residentes del área activaron las alarmas y contactaron a las autoridades pertinentes. El individuo que manipulaba el explosivo quedó inconsciente en la calle, mientras que el automóvil que lo transportaba se alejó rápidamente del lugar. Víctor Herrera, comandante de la Policía en la Zona 8 de Guayaquil, informó al portal de noticias ecuatoriano Primicias que el hombre que manipulaba el artefacto falleció en la explosión. Se determinó que estaba manipulando un taco de dinamita de fabricación industrial, resultando en su desmembramiento. Hasta el momento, la identidad del individuo sigue siendo desconocida. ¿Qué significa ser vacunador en Ecuador? En Ecuador, los vacunadores son delincuentes que exigen pagos a las personas que viven o trabajan en “sus territorios”, para dejarlos tranquilos. Una vacuna representa un cobro extorsivo de dinero realizado por delincuentes o grupos organizados a terceros con el fin de “asegurarles” seguridad y protección, permitiéndoles trabajar de manera tranquila. El Grupo de Diarios América (GDA), al cual pertenece ‘La Nación’, es una red de medios líderes fundada en 1991, que promueve los valores democráticos, la prensa independiente y la libertad de expresión en América Latina a través del periodismo de calidad para nuestras audiencias.",
    "highlightText": "",
    "highlightTitle": "",
    "highlightThreadTitle": "",
    "language": "spanish",
    "sentiment": "negative",
    "categories": [
        "Disaster and Accident",
        "Human Interest",
        "Crime, Law and Justice"
    ],
    "external_links": [],
    "external_images": [],
    "entities": {
        "persons": [],
        "organizations": [],
        "locations": []
    },
    "rating": null,
    "crawled": "2023-12-29T00:39:28.449+02:00",
    "updated": "2023-12-29T00:39:28.449+02:00"
}