{
    "thread": {
        "uuid": "f31945848496fca94759baa537ce1258edd72901",
        "url": "https://expansion.mx/empresas/2023/12/28/tren-maya-suspende-operaciones-preapertura-nuevo-tramo",
        "site_full": "expansion.mx",
        "site": "expansion.mx",
        "site_section": "https://expansion.mx/rss/portada.rss",
        "site_categories": [
            "vehicles",
            "auto_repair"
        ],
        "section_title": "Expansión",
        "title": "El Tren Maya suspende sus operaciones a menos de dos semanas de haberlas iniciado",
        "title_full": "El Tren Maya suspende sus operaciones a menos de dos semanas de haberlas iniciado",
        "published": "2023-12-28T23:15:00.000+02:00",
        "replies_count": 0,
        "participants_count": 1,
        "site_type": "news",
        "country": "MX",
        "main_image": "https://cdn-3.expansion.mx/dims4/default/51b5a0e/2147483647/strip/true/crop/1800x945+0+128/resize/1200x630!/format/jpg/quality/80/?url=https%3A%2F%2Fcdn-3.expansion.mx%2F2c%2F52%2F65e12f93426aa5f0aa93333ef0ea%2Ftren-maya.jpeg",
        "performance_score": 0,
        "domain_rank": 12259,
        "domain_rank_updated": "2023-12-26T12:06:20.000+02:00",
        "reach": null,
        "social": {
            "facebook": {
                "likes": 0,
                "comments": 0,
                "shares": 0
            },
            "gplus": {
                "shares": 0
            },
            "pinterest": {
                "shares": 0
            },
            "linkedin": {
                "shares": 0
            },
            "stumbledupon": {
                "shares": 0
            },
            "vk": {
                "shares": 0
            }
        }
    },
    "uuid": "f31945848496fca94759baa537ce1258edd72901",
    "url": "https://expansion.mx/empresas/2023/12/28/tren-maya-suspende-operaciones-preapertura-nuevo-tramo",
    "ord_in_thread": 0,
    "parent_url": null,
    "author": "(José Luis González/Reuters",
    "published": "2023-12-28T23:15:00.000+02:00",
    "title": "El Tren Maya suspende sus operaciones a menos de dos semanas de haberlas iniciado",
    "text": "El Tren Maya, uno de los proyectos insignia de la administración del presidente Andrés Manuel López Obrador, anunció que suspendería sus operaciones desde este jueves 28 de diciembre y hasta el próximo 1 de enero.\nHasta hoy, solo estaba habilitado el tramo de Campeche a Cancún, que comprende más de 400 kilómetros de vía. El motivo de la suspensión es que el tren se preparará para la preapertura del siguiente tramo , que va de Cancún a Palenque.\nPublicidad De acuerdo con el general David Lozano Águila, encargado del proyecto, la ocupación del tren desde su apertura el pasado 15 de diciembre hasta este 27, estaba a tope, según dijo en la inauguración del proyecto.\nLos boletos para el primer viaje al público del tren se terminaron en tan solo 20 minutos a través de su plataforma vía internet.\nPara las personas que adquirieron boletos en los días en los que no se brindará servicio, las autoridades pusieron a disposición un correo electrónico.\nSi compraste boleto, por favor escríbenos al correo: info@ventaboletostrenmaya.com.mx\nAgradecemos su comprensión.\n¡Porque todos somos Tren Maya! pic.twitter.com/U7XrF3jcQg\n— Tren Maya (@TrenMayaMX) December 28, 2023 El proyecto ferroviario además de brindar un atractivo turístico para la región, busca convertirse en una opción de transporte asequible a los locales del sureste, aunque aún no se sabe cuándo se contará con este servicio o el monto de la tarifa.\nDe igual forma, se pretende que éste ofrezca el servicio de transporte de carga, pero para ello tampoco se cuenta con una fecha. Los representantes del sector transportista en la región han cuestionado que exista la viabilidad económica para esta modalidad.\nCon información de Tzuara De Luna...\nPublicidad podcast Escucha nuestros podcast aquí Publicidad Tags Tren Maya Campeche Autotransporte de pasajeros Recomendaciones Empresas El sector transportista descarta la viabilidad del Tren Maya para mover carga 4 Min Read Empresas #Crónica | ¿Cómo es viajar en el Tren Maya en clase Premier y Turista? 8 Min Read Empresas Gastos extras de viajar en el Tren Maya duplican el costo de la experiencia 3 Min Read Más acerca del autor: Expansión @ExpansionMx Newsletter",
    "highlightText": "",
    "highlightTitle": "",
    "highlightThreadTitle": "",
    "language": "spanish",
    "sentiment": "negative",
    "categories": [
        "Politics",
        "Disaster and Accident"
    ],
    "external_links": [
        "https://t.co/U7XrF3jcQg",
        "https://twitter.com/TrenMayaMX/status/1740391029940031609?ref_src=twsrc%5Etfw",
        "https://twitter.com/ExpansionMx",
        "https://ads.viralize.tv/display/?zid=AAFCAUyZ8f0WYb9a",
        "https://twitter.com/TrenMayaMX/status/1740391029940031609",
        "https://www.t.co/U7XrF3jcQg",
        "https://ads.viralize.tv/display/",
        "https://www.twitter.com/ExpansionMx",
        "https://www.twitter.com/TrenMayaMX/status/1740391029940031609?ref_src=twsrc%5Etfw",
        "https://www.ads.viralize.tv/display/?zid=AAFCAUyZ8f0WYb9a"
    ],
    "external_images": [],
    "entities": {
        "persons": [],
        "organizations": [],
        "locations": []
    },
    "rating": null,
    "crawled": "2023-12-29T00:08:19.316+02:00",
    "updated": "2023-12-29T00:08:19.316+02:00"
}