{
    "thread": {
        "uuid": "334c8dfb5925cce93b42632ee3e616d5e15682f9",
        "url": "https://www.sdpnoticias.com/opinion/educare-un-programa-de-grupo-omnilife-chivas/",
        "site_full": "www.sdpnoticias.com",
        "site": "sdpnoticias.com",
        "site_section": "http://feeds.feedburner.com/SDPnoticiascom",
        "site_categories": [
            "tech",
            "email"
        ],
        "section_title": "",
        "title": "Educar+e; un programa de Grupo Omnilife-Chivas",
        "title_full": "Educar+e; un programa de Grupo Omnilife-Chivas",
        "published": "2024-01-07T23:03:00.000+02:00",
        "replies_count": 0,
        "participants_count": 1,
        "site_type": "news",
        "country": "MX",
        "main_image": "https://www.sdpnoticias.com/resizer/JHEkx6RMTrZSoSRHKxKxayuCtiE=/1200x628/filters:format(jpg):quality(90)/cloudfront-us-east-1.images.arcpublishing.com/sdpnoticias/4NAV3HVPARDTVLDHICD333VJ7U.jpg",
        "performance_score": 0,
        "domain_rank": 25405,
        "domain_rank_updated": "2024-01-02T12:06:49.000+02:00",
        "reach": null,
        "social": {
            "facebook": {
                "likes": 0,
                "comments": 0,
                "shares": 0
            },
            "gplus": {
                "shares": 0
            },
            "pinterest": {
                "shares": 0
            },
            "linkedin": {
                "shares": 0
            },
            "stumbledupon": {
                "shares": 0
            },
            "vk": {
                "shares": 0
            }
        }
    },
    "uuid": "334c8dfb5925cce93b42632ee3e616d5e15682f9",
    "url": "https://www.sdpnoticias.com/opinion/educare-un-programa-de-grupo-omnilife-chivas/",
    "ord_in_thread": 0,
    "parent_url": null,
    "author": "Manuel Galeazzi",
    "published": "2024-01-07T23:03:00.000+02:00",
    "title": "Educar+e; un programa de Grupo Omnilife-Chivas",
    "text": "Durante 2023 Grupo Omnilife-Chivas, que lidera Amaury Vergara, generó una serie de acciones humanitarias; como lo fueron actividades de voluntariado con el staff de Grupo Omnilife-Chivas y alumnos de Educar+e, para juntos colaborar en pro de las comunidades y las organizaciones civiles con las que Fundación Jorge Vergara trabaja, obteniendo los siguientes resultados: a. Se beneficiaron a 12 mil 879 personas a través de donaciones en especie; b. Labor social con [Chivas](https://www.sdpnoticias.com/deportes/la-drastica-decision-que-acaba-de-tomar-club-chivas-y-que-podria-retirar-a-alexis-vega/): jugadoras y jugadores de diferentes categorías de Chivas participan en acciones de convivencia con comunidades., se beneficiaron a 665 participantes; c. Educar+e: participaron 60 alumnos de bachillerato en dos casas hogar con 60 beneficiarios; d. Celebración Día del Niño: fueron beneficiarios 110 menores, donde participaron 12 personas en el staff. A través de este programa también se desarrollaron: e. Imparables: Empresarias SEYTÚ Colombia, donde los colaboradores del staff beneficiaron a 45 personas; f. Santa por un día (el staff brindó uno o varios regalos a niñas, niños y adultos mayores en situación de vulnerabilidad social): 300 personas del staff se transformaron en Santa Claus y 25 colaboradores del staff participaron en una posada, beneficiado a 300 personas; y g. Rehabilitación de cancha del hogar cabañas por parte del personal de operaciones y mantenimiento del Estadio Akron. Recordemos que [Amaury Vergara](https://www.sdpnoticias.com/deportes/amaury-vergara-ignora-a-fernando-hierro-en-contratacion-de-chicharito-hernandez/), presidente y director general de Omnilife, ha afirmado que: “Uno de nuestros objetivos, es que el Estadio Akron continúe consolidándose como el estadio de futbol más sustentable de Latinoamérica, de cara a la Copa Mundial de la FIFA 2026. La visión original de mi padre Jorge Vergara, fue desde los inicios crear un estadio sustentable, ya que esta es la razón por la cual tenemos la captación de agua pluvial y la planta de tratamiento de agua, entre otras cosas”. Grupo Omnilife-Chivas, está adherido al Pacto Mundial de las Naciones Unidas; que es la mayor iniciativa mundial de sustentabilidad, desde el 2021, y trabajan bajo sus 10 principios. Este año continuarán la ruta verde con el equipo de futbol más popular de México y Estados Unidos.",
    "highlightText": "",
    "highlightTitle": "",
    "highlightThreadTitle": "",
    "language": "spanish",
    "sentiment": "positive",
    "categories": [
        "Human Interest",
        "Health",
        "Sport"
    ],
    "external_links": [],
    "external_images": [],
    "entities": {
        "persons": [],
        "organizations": [],
        "locations": []
    },
    "rating": null,
    "crawled": "2024-01-08T00:23:05.066+02:00",
    "updated": "2024-01-08T03:28:18.157+02:00"
}