{
    "thread": {
        "uuid": "c0317996177d712dbc74e51d49883cd8c9c2debe",
        "url": "https://www.leparisien.fr/sports/football/psg/revel-psg-0-9-marco-asensio-quel-maestro-07-01-2024-SKSOWBGMDNBKFH7VGQ5OXUO4AI.php",
        "site_full": "www.leparisien.fr",
        "site": "leparisien.fr",
        "site_section": "https://feeds.leparisien.fr/leparisien/rss",
        "site_categories": [
            "non_standard_content",
            "adult"
        ],
        "section_title": "Le Parisien",
        "title": "Revel-PSG (0-9) : Marco Asensio, quel maestro !",
        "title_full": "Revel-PSG (0-9) : Marco Asensio, quel maestro !",
        "published": "2024-01-07T23:14:00.000+02:00",
        "replies_count": 0,
        "participants_count": 1,
        "site_type": "news",
        "country": "FR",
        "main_image": "https://www.leparisien.fr/resizer/QgVRM9-irXQt4jY027Y0icFLu-g=/1200x675/cloudfront-eu-central-1.images.arcpublishing.com/leparisien/O2ZTGRS4LRHVZCAU4HVVL7IQXE.jpg",
        "performance_score": 0,
        "domain_rank": 1496,
        "domain_rank_updated": "2024-01-02T12:06:49.000+02:00",
        "reach": null,
        "social": {
            "facebook": {
                "likes": 0,
                "comments": 0,
                "shares": 0
            },
            "gplus": {
                "shares": 0
            },
            "pinterest": {
                "shares": 0
            },
            "linkedin": {
                "shares": 0
            },
            "stumbledupon": {
                "shares": 0
            },
            "vk": {
                "shares": 0
            }
        }
    },
    "uuid": "c0317996177d712dbc74e51d49883cd8c9c2debe",
    "url": "https://www.leparisien.fr/sports/football/psg/revel-psg-0-9-marco-asensio-quel-maestro-07-01-2024-SKSOWBGMDNBKFH7VGQ5OXUO4AI.php",
    "ord_in_thread": 0,
    "parent_url": null,
    "author": "@le_parisien",
    "published": "2024-01-07T23:14:00.000+02:00",
    "title": "Revel-PSG (0-9) : Marco Asensio, quel maestro !",
    "text": "Revel-PSG (0-9) : Marco Asensio, quel maestro !\nTitulaire face à Revel en 32e de finale de la Coupe de France pour la première fois depuis son retour de blessure, fin novembre, l’Espagnol a fourni un match complet, délivrant des caviars pour ses coéquipiers. Face à ses concurrents en attaque, il a tiré son épingle du jeu.\nOn a parfois tendance à l’oublier. Mais Marco Asensio, titulaire\nlors de la large victoire de Paris ce dimanche 7 janvier en 32e de finale de Coupe de France face à Revel (9-0), est un joueur d’un pedigree rare dans l’effectif du PSG. Triple vainqueur de la Ligue des champions (en 2017, 2018 et 2022) et même buteur en finale. Arrivée libre en provenance du Real Madrid dans les premiers jours du mois de juin, l’Espagnol avait assuré qu’être un joker de luxe n’était pas le projet qui lui avait été présenté par le champion de France.\nLa suite après cette publicité\nEt le début de saison confirmait cette tendance avec deux prestations abouties contre Lens et Lyon. Ça, c’était avant de se blesser en sélection à un pied contre la Géorgie (7-1, le 8 septembre). En son absence, les prestations de Ramos et Kolo Muani laissaient penser\nqu’il serait la solution idoine en attaque. Se connecter",
    "highlightText": "",
    "highlightTitle": "",
    "highlightThreadTitle": "",
    "language": "french",
    "sentiment": "positive",
    "categories": [
        "Arts, Culture and Entertainment",
        "Sport",
        "Human Interest"
    ],
    "external_links": [],
    "external_images": [],
    "entities": {
        "persons": [],
        "organizations": [],
        "locations": []
    },
    "rating": null,
    "crawled": "2024-01-08T00:33:57.866+02:00",
    "updated": "2024-01-08T00:33:57.866+02:00"
}