{
    "thread": {
        "uuid": "2579e17e6581bdfcdc249916647541029d7b3187",
        "url": "https://www.20minutos.es/noticia/5206758/0/santiago-sanchez-cogedor-los-presos-iran-me-han-cuidado-una-forma-brutal/",
        "site_full": "www.20minutos.es",
        "site": "20minutos.es",
        "site_section": "https://www.20minutos.es/rss",
        "site_categories": [
            "media"
        ],
        "section_title": "20MINUTOS.ES - Lo último",
        "title": "Santiago Sánchez Cogedor: \"Los presos en Irán me han cuidado de una forma brutal\"",
        "title_full": "Santiago Sánchez Cogedor: \"Los presos en Irán me han cuidado de una forma brutal\"",
        "published": "2024-01-07T13:09:00.000+02:00",
        "replies_count": 0,
        "participants_count": 1,
        "site_type": "news",
        "country": "ES",
        "main_image": "https://imagenes.20minutos.es/files/image_1920_1080/uploads/imagenes/2024/01/07/santiago-sanchez-cogedor-tras-llegar-a-espana-despues-de-pasar-quince-meses-detenido-en-iran-acusado-de-espionaje.jpeg",
        "performance_score": 0,
        "domain_rank": 2524,
        "domain_rank_updated": "2024-01-02T12:06:49.000+02:00",
        "reach": null,
        "social": {
            "facebook": {
                "likes": 0,
                "comments": 0,
                "shares": 0
            },
            "gplus": {
                "shares": 0
            },
            "pinterest": {
                "shares": 0
            },
            "linkedin": {
                "shares": 0
            },
            "stumbledupon": {
                "shares": 0
            },
            "vk": {
                "shares": 0
            }
        }
    },
    "uuid": "2579e17e6581bdfcdc249916647541029d7b3187",
    "url": "https://www.20minutos.es/noticia/5206758/0/santiago-sanchez-cogedor-los-presos-iran-me-han-cuidado-una-forma-brutal/",
    "ord_in_thread": 0,
    "parent_url": null,
    "author": "Alexandra Smith",
    "published": "2024-01-07T13:09:00.000+02:00",
    "title": "Santiago Sánchez Cogedor: \"Los presos en Irán me han cuidado de una forma brutal\"",
    "text": "Santiago Sánchez Cogedor aterrizó hace unos días a España después de pasar quince meses detenido en [Irán ](https://www.20minutos.es/minuteca/iran/)acusado de espionaje. Este vecino de [Alcalá de Henares](https://www.20minutos.es/minuteca/alcala-de-henares/) (Madrid) quería llegar andando al Mundial de Qatar, pero todo se truncó al pasar por Irán en octubre de 2022, donde confiesa que en la cárcel los presos le cuidaron bien, \"de una forma brutal\". Una vez liberado, repasa cómo fue su detención, sus experiencias en una prisión iraní, la forma de superar tanto el miedo como la incertidumbre y qué aprendizaje se lleva de todo lo que supuso su detención, la cual se ha relacionado con una visita a la tumba de [Mahsa Amini](https://www.20minutos.es/minuteca/mahsa-amini/), la joven iraní que murió bajo custodia policial tras ser detenida por no llevar el velo. \"Todavía no sé muy bien por qué me detuvieron, si fue una trampa que me tendió un chico iraní o qué ocurrió, pero tampoco me interesa, lo quiero dejar atrás. Sé que me detuvieron por un posible espionaje, lo que me podía conducir a una sentencia de muerte\", ha sostenido Sánchez Cogedor. Ahí estuvo retenido los últimos quince meses, pero afirma que ahora solo quiere centrarse en vivir el presente: \"Lo que quiero es disfrutar del momento, de mi familia y mis amigos, y que esto continúa, nada es el final\". En cuanto al chico iraní que podría haberle tendido una trampa, Santiago indica que no lo conocía previamente. \"Yo llegué al país y este chico venía del Kurdistán, del norte de Irak, desde 1.700 kilómetros de distancia\", explica, señalando que le pareció \"muy raro\" que viniera desde tan lejos a por él. \"Fue una trampa, un tinglado que montaron. Me llevó a un pueblo y ahí nos hicimos una foto, luego vino la detención\", añade. \"No nos damos cuenta de lo que tenemos en España, ni lo afortunados que somos por haber nacido aquí, por tener un pasaporte español\", asegura. \"Allí es totalmente diferente, otra cultura, otro mundo. No digo que sea mejor o peor, pero de verdad que no sabemos la suerte que tenemos de vivir en Occidente\", insiste. No obstante, agradece la hospitalidad del pueblo iraní, algo que le ha llamado la atención: \"Cuando digo pueblo me refiero a la gente de a pie, a los presos que estaban conmigo. Me han cuidado de una forma brutal. Me trataban como uno más y me intentaban ayudar en cualquier cosa, eso es algo inolvidable\". Lidiar con el miedo \"El miedo y la incertidumbre aminoran con el tiempo\", asegura al detallar cómo consiguió lidiar con el miedo. \"Era muy difícil saber qué ocurría porque allí son otras leyes, no las conoces, y no sabes a qué te puedes enfrentar\", agrega. De hecho, reconoce que cuando le detuvieron y pasaron 72 horas pensaba que le soltarían, \"como hubiera ocurrido en España\", pero al final estuvo detenido quince meses sin pasar por delante de un juez. Así, en un país totalmente diferente y detenido sin saber cómo terminaría, tuvo que sacar fuerzas de donde no había para aguantar: \"Es muy probable que me las mandaran personas que no están aquí, sino en el cielo. Son personas que, estando en esa celda tan pequeña, las veía y me mandaban fuerzas\". \"Con las personas que se preocupaban por mí desde España, no pude hablar, estaba totalmente incomunicado. Yo llegué a hablar con las hormigas de la celda. Aquello fue muy duro\", confiesa al señalar que también le costó lidiar con la pérdida de la noción del tiempo. En este sentido, Santiago Sánchez relata que \"no sabía si era lunes o martes\". \"En Irán ahora están en el año 1400 y su viernes es el último día de la semana. Me encontraba totalmente desnortado\", explica. Caminando desde Alcalá de Henares hasta Qatar El español llegó a Irán porque quería ir andando desde Alcalá de Henares hasta Qatar para ver el Mundial de Fútbol de 2022. \"Ese era mi propósito. Mi excusa perfecta. Yo iba supercontento e ilusionado, y me hubiera esperado algún movimiento por parte de la selección española de fútbol\", lamenta. \"El juez me llegó a preguntar que si era cierto que iba a ver a España jugar el Mundial, cómo era posible que ningún jugador ni nadie del equipo mostrara una camiseta o pancarta en mi apoyo\", incide. Por otro lado, la intermediación de Ángel Losada como embajador español en Irán ha sido crucial para su puesta en libertad. \"Es mi ángel de la guarda, gracias a él ahora estoy libre. Si no llega a ser por su trabajo, yo seguiría allí recluido\". \"Desde aquí, le agradezco que consiguiera que pasara a disposición judicial, hicieran el teatro de juicio que hacen ellos, porque sabían perfectamente que no soy ningún espía, y semanas después me soltaran\", manifiesta. Con todo, Santiago se lleva algo muy importante de esta experiencia: \"Me quitaron la libertad, pero eso hizo que tuviera tiempo para hacer un viaje muy bonito por mi interior, un viaje espiritual por mi propio cuerpo\". \"Todo el daño y el dolor que me han causado me ayudan a ser mejor persona. También he aprendido que hay que disfrutar del momento, que hay muchas cosas que hacer en la vida y no podemos perder ni un solo día\", concluye.",
    "highlightText": "",
    "highlightTitle": "",
    "highlightThreadTitle": "",
    "language": "spanish",
    "sentiment": "positive",
    "categories": [
        "Human Interest"
    ],
    "external_links": [],
    "external_images": [],
    "entities": {
        "persons": [],
        "organizations": [],
        "locations": []
    },
    "rating": null,
    "crawled": "2024-01-08T00:00:46.706+02:00",
    "updated": "2024-01-08T00:08:00.159+02:00"
}