{
    "thread": {
        "uuid": "8c39c8cd02a50e2a4eba76754fa11ec2571d2aa6",
        "url": "https://www.thedailystar.net/election-2024/news/news/faridpur-3-ak-azad-braves-all-odds-comes-out-victorious-3514006",
        "site_full": "www.thedailystar.net",
        "site": "thedailystar.net",
        "site_section": "http://thedailystar.net",
        "site_categories": [
            "media"
        ],
        "section_title": "The Daily Star – Leading English Daily among Bangladesh Newspapers",
        "title": "Faridpur-3: AK Azad braves all odds, comes out victorious | The Daily Star",
        "title_full": "Faridpur-3: AK Azad braves all odds, comes out victorious | The Daily Star",
        "published": "2024-01-07T20:00:00.000+02:00",
        "replies_count": 0,
        "participants_count": 1,
        "site_type": "news",
        "country": "BD",
        "main_image": "https://tds-images.thedailystar.net/sites/default/files/styles/social_share/public/images/2024/01/08/ak-azad.jpg",
        "performance_score": 0,
        "domain_rank": 5720,
        "domain_rank_updated": "2024-01-02T12:06:49.000+02:00",
        "reach": null,
        "social": {
            "facebook": {
                "likes": 0,
                "comments": 0,
                "shares": 0
            },
            "gplus": {
                "shares": 0
            },
            "pinterest": {
                "shares": 0
            },
            "linkedin": {
                "shares": 0
            },
            "stumbledupon": {
                "shares": 0
            },
            "vk": {
                "shares": 0
            }
        }
    },
    "uuid": "8c39c8cd02a50e2a4eba76754fa11ec2571d2aa6",
    "url": "https://www.thedailystar.net/election-2024/news/news/faridpur-3-ak-azad-braves-all-odds-comes-out-victorious-3514006",
    "ord_in_thread": 0,
    "parent_url": null,
    "author": "@dailystarnews",
    "published": "2024-01-07T20:00:00.000+02:00",
    "title": "Faridpur-3: AK Azad braves all odds, comes out victorious | The Daily Star",
    "text": "Faridpur-3: AK Azad braves all odds, comes out victorious AK Azad, an Awami League leader who ran as an independent, had to fight against all odds to win yesterday's parliamentary polls from Faridpur-3. Supporters of his main rival Shamim Haque, the AL nominee, obstructed many voters from going to the polling centers. They also assaulted some voters at several places. A chase and counter chase between supporters of the two candidates also took place. Since the beginning of the campaign, Shamim's supporters intimidated the supporters of Azad. Even a day before the voting, Azad's chief election agent Shamsul Haque was attacked. Azad bagged 1,34,098 votes against Shamim's 75,089. Azad yesterday said people voted for him to protest the use of muscle power. Visiting 13 polling centres in Faridpur-3 yesterday, The Daily Star found polling agents of both the candidates were present in all the centres. However, at the Gerda Government Primary School polling centre, Azad's polling agent Halima Begum said a group of 10-12 supporters of the AL nominee entered the polling station around 1:30pm and started stuffing ballots. \"After I started shouting, law enforcers came in and drove them out,\" she said. Admitting the incident, Presiding Officer Mizanur Rahman said those ballots would be excluded. Around 10:30am, casting of ballots was suspended for about one and a half hours at the Ranokal Government Primary School polling centre in Kanaipur following clashes between the supporters of the two candidates. Awlad Hossain Babor, president of Faridpur Nagorik Mancha, said the election in Faridpur was largely peaceful. \"No vote-rigging took place. However, some untoward incidents happened. Had the opposition parties joined the polls, it would have been a more participatory election.\"",
    "highlightText": "",
    "highlightTitle": "",
    "highlightThreadTitle": "",
    "language": "english",
    "sentiment": "positive",
    "categories": [
        "Politics",
        "Human Interest"
    ],
    "external_links": [],
    "external_images": [],
    "entities": {
        "persons": [
            {
                "name": "azad",
                "sentiment": "negative"
            },
            {
                "name": "halima begum",
                "sentiment": "none"
            },
            {
                "name": "shamim haque",
                "sentiment": "none"
            },
            {
                "name": "shamsul haque",
                "sentiment": "none"
            },
            {
                "name": "shamim",
                "sentiment": "none"
            }
        ],
        "organizations": [
            {
                "name": "daily star faridpur",
                "sentiment": "negative"
            },
            {
                "name": "awami league",
                "sentiment": "negative"
            },
            {
                "name": "daily star",
                "sentiment": "none"
            },
            {
                "name": "gerda government primary school",
                "sentiment": "none"
            }
        ],
        "locations": [
            {
                "name": "faridpur",
                "sentiment": "none"
            }
        ]
    },
    "rating": null,
    "crawled": "2024-01-08T00:26:21.735+02:00",
    "updated": "2024-01-08T00:26:21.735+02:00"
}