{
    "thread": {
        "uuid": "c07072155bcad0b1965b6641075014a3f154996c",
        "url": "https://gazzettadimantova.gelocal.it/mantova/cronaca/2024/01/07/news/quarantamila_visitatori_presepe_vivente_piubega-13979539/",
        "site_full": "gazzettadimantova.gelocal.it",
        "site": "gelocal.it",
        "site_section": "https://gazzettadimantova.gelocal.it/rss/cronaca",
        "site_categories": [
            "media"
        ],
        "section_title": "Gazzetta di Mantova - News, inchieste e approfondimenti Cronaca",
        "title": "Oltre quarantamila i visitatori del presepe vivente di Piubega",
        "title_full": "Oltre quarantamila i visitatori del presepe vivente di Piubega",
        "published": "2024-01-07T20:49:00.000+02:00",
        "replies_count": 0,
        "participants_count": 1,
        "site_type": "news",
        "country": "IT",
        "main_image": "https://www.gedistatic.it/content/gnn/img/gazzettadimantova/2024/01/07/222920814-22e81b85-99a3-4fb8-a3a1-7fdd772bf3c5.jpg",
        "performance_score": 0,
        "domain_rank": 7370,
        "domain_rank_updated": "2024-01-02T12:06:49.000+02:00",
        "reach": null,
        "social": {
            "facebook": {
                "likes": 0,
                "comments": 0,
                "shares": 0
            },
            "gplus": {
                "shares": 0
            },
            "pinterest": {
                "shares": 0
            },
            "linkedin": {
                "shares": 0
            },
            "stumbledupon": {
                "shares": 0
            },
            "vk": {
                "shares": 0
            }
        }
    },
    "uuid": "c07072155bcad0b1965b6641075014a3f154996c",
    "url": "https://gazzettadimantova.gelocal.it/mantova/cronaca/2024/01/07/news/quarantamila_visitatori_presepe_vivente_piubega-13979539/",
    "ord_in_thread": 0,
    "parent_url": null,
    "author": "(Redazione Gazzetta di Mantova)",
    "published": "2024-01-07T20:49:00.000+02:00",
    "title": "Oltre quarantamila i visitatori del presepe vivente di Piubega",
    "text": "Oltre quarantamila i visitatori del presepe vivente di Piubega\nAnche nell’ultima domenica in 4mila nonostante la pioggia. Entro mercoledì le iscrizioni al concorso fotografico\nAnche domenica 7 gennaio il presepe vivente di Piubega, nonostante la pioggia incessante che non si è interrotta per l’intera giornata, è stato visitato da migliaia di persone. La stima degli organizzatori parla di 4mila ingressi, che in questo modo fanno diventare il totale complessivo (e definitivo, visto che quella di domenica è stata l’ultima rappresentazione) oltre quota 40mila. Una bella soddisfazione per un evento che non andava in scena ormai da quattro anni, principalmente a causa dell’esplodere della pandemia da Covid 19.\nOra, tuttavia, ci sarà una coda: l’associazione Eos- Cultura & Ricerca, con il patrocinio del Comune di Piubega, ha infatti organizzato il primo concorso fotografico “Presepio Vivente di Piubega”, riservato a immagini scattate durante una delle sette giornate di rappresentazione della Natività. Il termine per l’iscrizione scade alle 23.59 di mercoledì, mentre le opere potranno essere inviate entro la stessa ora del 20 gennaio.\nLa cerimonia di premiazione avverrà in una delle prime due domeniche di marzo; le opere segnalate saranno esposte in via Marconi 13, negli ambienti di “Palazzo Pavesi”.",
    "highlightText": "",
    "highlightTitle": "",
    "highlightThreadTitle": "",
    "language": "italian",
    "sentiment": "positive",
    "categories": [
        "Lifestyle and Leisure",
        "Human Interest",
        "Arts, Culture and Entertainment"
    ],
    "external_links": [],
    "external_images": [],
    "entities": {
        "persons": [],
        "organizations": [],
        "locations": []
    },
    "rating": null,
    "crawled": "2024-01-08T00:04:14.125+02:00",
    "updated": "2024-01-08T00:04:14.125+02:00"
}