{
    "thread": {
        "uuid": "7832d8c3e9e844f628110aa7f66a863fdad7d176",
        "url": "https://nationworldnews.com/promotion-g-adventures-invites-australian-agents-to-meet-taylor-swift-in-london/",
        "site_full": "nationworldnews.com",
        "site": "nationworldnews.com",
        "site_section": "https://nationworldnews.com/the-effect-of-high-energy-prices-on-inflation-and-how-to-solve-the-problem",
        "site_categories": [
            "media"
        ],
        "section_title": "The Effect Of High Energy Prices On Inflation And How To Solve The Problem",
        "title": "Promotion: G Adventures Invites Australian Agents To Meet Taylor Swift In London!",
        "title_full": "Promotion: G Adventures Invites Australian Agents To Meet Taylor Swift In London!",
        "published": "2024-01-07T21:38:00.000+02:00",
        "replies_count": 0,
        "participants_count": 1,
        "site_type": "news",
        "country": "US",
        "main_image": "https://nationworldnews.com/wp-content/uploads/2024/01/Promotion-G-Adventures-invites-Australian-agents-to-meet-Taylor-Swift.jpg",
        "performance_score": 0,
        "domain_rank": 65657,
        "domain_rank_updated": "2024-01-02T12:06:53.000+02:00",
        "reach": null,
        "social": {
            "facebook": {
                "likes": 0,
                "comments": 0,
                "shares": 0
            },
            "gplus": {
                "shares": 0
            },
            "pinterest": {
                "shares": 0
            },
            "linkedin": {
                "shares": 0
            },
            "stumbledupon": {
                "shares": 0
            },
            "vk": {
                "shares": 0
            }
        }
    },
    "uuid": "7832d8c3e9e844f628110aa7f66a863fdad7d176",
    "url": "https://nationworldnews.com/promotion-g-adventures-invites-australian-agents-to-meet-taylor-swift-in-london/",
    "ord_in_thread": 0,
    "parent_url": null,
    "author": "Nation World News Desk",
    "published": "2024-01-07T21:38:00.000+02:00",
    "title": "Promotion: G Adventures Invites Australian Agents To Meet Taylor Swift In London!",
    "text": "G Adventures is thanking its travel agent community by giving the top 75 global best G sellers the opportunity to earn the most popular concert tickets of the decade. As part of its worldwide “You Belong with the G Experience” campaign, eight agents from Australia and New Zealand are invited to join G Adventures to see ‘Taylor Swift: The Eras Tour’ live in London this coming August Will be done. This is G Adventures’ biggest agent experience to date, with top sellers from various countries around the world heading to concerts in Toronto, Canada, New Orleans in the United States and London, United Kingdom. G Adventures founder Bruce Poon Tip said the experience came about as a way to give back to the agents after he recognized the same sense of community and camaraderie in Taylor Swift’s fan base as he felt in G Adventures’ community of agents. I saw and traveler. “You have to listen to me. It was 1989 when I dreamed up the concept of G Adventures, and our travel community has truly been with us through every era. We want to create joy and community for our agency partners the same way G Adventures does for its travelers and Taylor for its fans. It’s a love story,” Poon Tip said. “On our tours we show you incredible things. And while I love watching you go on solo adventures, I’m even more excited to bring our agent community together in person to share this experience. We have always been disruptors in the industry, and joy can be found in both music and community. [Read Also: Shakira continues the billing: she takes out a sweater with a controversial phrase and it is sold out in a matter of minutes croy.com](https://nationworldnews.com/shakira-continues-the-billing-she-takes-out-a-sweater-with-a-controversial-phrase-and-it-is-sold-out-in-a-matter-of-minutes-croy-com/) “I don’t know how it gets better than this. I have two daughters, so I’ve heard every album, listened to the radio. For all the Swifties out there, this is going to be G Adventures’ most competitive travel agent experience yet – like, ever. I hope you all want to hang out, because you are with G. Are You Ready for This?” The ability to join this experience is based on changing lives through travel, with each month’s top seller getting a place from January 01 to July 31, 2024. Agents will thus claim their spots, with wild card tickets to be announced in the coming months. Tickets will be awarded through cumulative sales, with the first two winners awarded in late January, then a new winner each month from February–July. Join the ‘Agents of Change Facebook’ group for more information and to stay updated with the “You Belong with Zee Experience” initiative. this link,",
    "highlightText": "",
    "highlightTitle": "",
    "highlightThreadTitle": "",
    "language": "english",
    "sentiment": "positive",
    "categories": [
        "Lifestyle and Leisure",
        "Arts, Culture and Entertainment",
        "Human Interest"
    ],
    "external_links": [],
    "external_images": [],
    "entities": {
        "persons": [
            {
                "name": "bruce poon tip",
                "sentiment": "none"
            }
        ],
        "organizations": [
            {
                "name": "g adventures",
                "sentiment": "none"
            }
        ],
        "locations": [
            {
                "name": "london",
                "sentiment": "none"
            },
            {
                "name": "new zealand",
                "sentiment": "none"
            },
            {
                "name": "canada",
                "sentiment": "none"
            },
            {
                "name": "taylor swift",
                "sentiment": "none"
            },
            {
                "name": "united states",
                "sentiment": "none"
            },
            {
                "name": "new orleans",
                "sentiment": "none"
            },
            {
                "name": "united kingdom",
                "sentiment": "none"
            },
            {
                "name": "australia",
                "sentiment": "none"
            },
            {
                "name": "toronto",
                "sentiment": "none"
            }
        ]
    },
    "rating": null,
    "crawled": "2024-01-08T00:13:48.436+02:00",
    "updated": "2024-01-08T00:24:17.860+02:00"
}