{
    "thread": {
        "uuid": "189cb6d47c02f889bec729e63fc63704826a93fc",
        "url": "https://www.foxnews.com/entertainment/little-mermaid-actress-halle-bailey-announces-birth-son-welcome-world",
        "site_full": "www.foxnews.com",
        "site": "foxnews.com",
        "site_section": "http://feeds.foxnews.com/foxnews/latest",
        "site_categories": [
            "media"
        ],
        "section_title": "Latest &amp; Breaking News on Fox News",
        "title": "'Little Mermaid' actress Halle Bailey announces birth of son: 'Welcome to the world'",
        "title_full": "'Little Mermaid' actress Halle Bailey announces birth of son: 'Welcome to the world'",
        "published": "2024-01-07T21:55:00.000+02:00",
        "replies_count": 0,
        "participants_count": 1,
        "site_type": "news",
        "country": "US",
        "main_image": "https://static.foxnews.com/foxnews.com/content/uploads/2024/01/halle-bailey-2.png",
        "performance_score": 0,
        "domain_rank": 285,
        "domain_rank_updated": "2024-01-02T12:06:49.000+02:00",
        "reach": null,
        "social": {
            "facebook": {
                "likes": 0,
                "comments": 0,
                "shares": 1
            },
            "gplus": {
                "shares": 0
            },
            "pinterest": {
                "shares": 0
            },
            "linkedin": {
                "shares": 0
            },
            "stumbledupon": {
                "shares": 0
            },
            "vk": {
                "shares": 0
            }
        }
    },
    "uuid": "189cb6d47c02f889bec729e63fc63704826a93fc",
    "url": "https://www.foxnews.com/entertainment/little-mermaid-actress-halle-bailey-announces-birth-son-welcome-world",
    "ord_in_thread": 0,
    "parent_url": null,
    "author": "Andrea Vacchiano",
    "published": "2024-01-07T21:55:00.000+02:00",
    "title": "'Little Mermaid' actress Halle Bailey announces birth of son: 'Welcome to the world'",
    "text": "\"Little Mermaid\" star Halle Bailey announced on Instagram Saturday that she recently had a baby boy. The child, who is named Halo, was born some time in 2023.\"even though we’re a few days into the new year, the greatest thing that 2023 could have done for me, was bring me my son.. welcome to the world my halo,\" Bailey wrote in an Instagram post. \"the world is desperate to know you,\" the post added. DISNEY CAN'T FEEL THE LOVE AT THE BOX OFFICE. AND HERE'S THE REASON WHY Halle Bailey's son, who is named Halo, was born in 2023. (@hallebailey via Instagram) The 23-year-old mom shared a photo of her clutching her baby son's hand, who was wearing a bracelet that had his name engraved on it. Bailey is currently in a relationship with rapper DDG. The new father called her a \"super mom\" in the post's comment section.The actress's Instagram post, which garnered over 3 million likes, was flooded with congratulatory messages from colleagues and friends alike. DISNEY ADMITTED FORAY INTO POLITICS, CULTURE WARS, HURT ITS BOTTOM LINE IN SEC FILING: JONATHAN TURLEY Halle Bailey attends a basketball game between the Los Angeles Clippers and the Golden State Warriors at Crypto.com Arena on December 14, 2023 in Los Angeles, California. (Allen Berezovsky/Getty Images) \"Welcome to earth, Halo. We’ve been expecting you. congrats, mama!\" rapper Nicki Minaj wrote on the post.The \"Snow White\" reboot star Rachel Zegler also offered her congratulations to the new mom.\"welcome baby halo and congratulations beautiful mama,\" Zegler said. CLICK HERE TO GET THE FOX NEWS APP Halle Bailey attends the UK Premiere of \"The Little Mermaid\" at Odeon Luxe Leicester Square on May 15, 2023 in London, England. (Photo by Jeff Spicer/Getty Images) Bailey became an international star when she played the role of Ariel in Disney's 2023 remake of \"The Little Mermaid\". She has since appeared in the 2023 film \"The Color Purple\", which was released in the U.S. on Christmas Day.",
    "highlightText": "",
    "highlightTitle": "",
    "highlightThreadTitle": "",
    "language": "english",
    "sentiment": "positive",
    "categories": [
        "Arts, Culture and Entertainment",
        "Social Issue",
        "Human Interest"
    ],
    "external_links": [
        "https://www.instagram.com/p/C1yL3AfLrJj/?hl=en",
        "https://instagram.com/p/C1yL3AfLrJj/?hl=en",
        "https://www.instagram.com/p/C1yL3AfLrJj/"
    ],
    "external_images": [],
    "entities": {
        "persons": [
            {
                "name": "halle bailey",
                "sentiment": "negative"
            },
            {
                "name": "disney",
                "sentiment": "none"
            },
            {
                "name": "jonathan turley halle bailey",
                "sentiment": "none"
            },
            {
                "name": "halo",
                "sentiment": "none"
            },
            {
                "name": "bailey",
                "sentiment": "none"
            }
        ],
        "organizations": [
            {
                "name": "sec",
                "sentiment": "none"
            },
            {
                "name": "disney",
                "sentiment": "none"
            },
            {
                "name": "instagram",
                "sentiment": "none"
            }
        ],
        "locations": []
    },
    "rating": null,
    "crawled": "2024-01-08T00:11:16.589+02:00",
    "updated": "2024-01-08T00:11:16.589+02:00"
}