{
    "thread": {
        "uuid": "2ecd3350d5e4ff4b11996c6db84dec581c998194",
        "url": "https://www.cnnbrasil.com.br/entretenimento/cher-publica-foto-sensual-com-namorado-40-anos-mais-novo/",
        "site_full": "www.cnnbrasil.com.br",
        "site": "cnnbrasil.com.br",
        "site_section": "https://www.cnnbrasil.com.br/feed",
        "site_categories": [],
        "section_title": "CNN Brasil",
        "title": "Cher publica foto sensual com namorado 40 anos mais novo",
        "title_full": "Cher publica foto sensual com namorado 40 anos mais novo",
        "published": "2024-01-08T00:10:00.000+02:00",
        "replies_count": 0,
        "participants_count": 1,
        "site_type": "news",
        "country": "BR",
        "main_image": "https://www.cnnbrasil.com.br/wp-content/uploads/sites/12/2024/01/Cher-e-namorado-Alexander-Edwards.png",
        "performance_score": 0,
        "domain_rank": 7233,
        "domain_rank_updated": "2024-01-02T12:06:49.000+02:00",
        "reach": null,
        "social": {
            "facebook": {
                "likes": 18,
                "comments": 1,
                "shares": 26
            },
            "gplus": {
                "shares": 0
            },
            "pinterest": {
                "shares": 0
            },
            "linkedin": {
                "shares": 0
            },
            "stumbledupon": {
                "shares": 0
            },
            "vk": {
                "shares": 0
            }
        }
    },
    "uuid": "2ecd3350d5e4ff4b11996c6db84dec581c998194",
    "url": "https://www.cnnbrasil.com.br/entretenimento/cher-publica-foto-sensual-com-namorado-40-anos-mais-novo/",
    "ord_in_thread": 0,
    "parent_url": null,
    "author": "pedrojordao",
    "published": "2024-01-08T00:10:00.000+02:00",
    "title": "Cher publica foto sensual com namorado 40 anos mais novo",
    "text": "Cher publica foto sensual com namorado 40 anos mais novo\nCantora aparece sentada no colo do produtor musical Alexander Edwards\nA cantora e diva pop Cher, de 77 anos, publicou nas redes sociais uma foto sensual com seu atual namorado, o produtor musical Alexander Edwards, de 38 anos.\nNa imagem publicada no X (antigo Twitter), a cantora aparece sentada no colo de AE, como ele também é conhecido. “Amor é amor”, escreveu na legenda.\nAlém disso, a foto foi bastante editada para que só os dois apareçam, deixando a imagem com um fundo branco, sem que haja a possibilidade do internauta identificar onde eles estão.\nA foto foi publicada no sábado (6). Na tarde deste domingo (7), a publicação já tinha mais de 16.000 curtidas e 2.000 compartilhamentos.\nCher e AE se conheceram no final de 2022 durante o Paris Fashion Week. Depois, quando ele conseguiu o telefone dela, se aproximaram e começaram a namorar.\nEm maio do ano passado, tiveram um pequeno rompimento, mas logo retomaram o relacionamento.\nEm\nentrevista à Vanity Fair no final de 2023, a cantora disse não se surpreender com o fascínio e a curiosidade das pessoas sobre sua vida amorosa.\nAE tem “dentes de diamante, tatuagens, cabelos brancos e é muito mais jovem (…) Ele é um homem lindo”, comentou.\nCher é conhecida pelo seu pioneirismo e independência em várias áreas da sua vida.\nEla é considerada a\núnica artista solo a conquistar o topo das paradas de sucesso da Billboard com suas músicas por sete décadas seguidas.\nNo final de 2023, ela lançou um álbum natalino e fez\nsucesso mais uma vez com o single “DJ Play a Christmas Song”.\nLove is Love\n[pic.twitter.com/WE7PCpiezZ]\n— Cher (@cher)\n[January 6, 2024]",
    "highlightText": "",
    "highlightTitle": "",
    "highlightThreadTitle": "",
    "language": "portuguese",
    "sentiment": "positive",
    "categories": [
        "Human Interest",
        "Social Issue",
        "Lifestyle and Leisure"
    ],
    "external_links": [
        "https://www.vanityfair.com/style/2023/10/cher-and-her-40-years-younger-boyfriend-fell-in-love-over-text-message",
        "https://vanityfair.com/style/2023/10/cher-and-her-40-years-younger-boyfriend-fell-in-love-over-text-message"
    ],
    "external_images": [],
    "entities": {
        "persons": [],
        "organizations": [],
        "locations": []
    },
    "rating": null,
    "crawled": "2024-01-08T00:30:39.343+02:00",
    "updated": "2024-01-08T00:30:39.343+02:00"
}