{
    "thread": {
        "uuid": "66c6e092098dfd6f803a24d9791b827bb386a9ed",
        "url": "https://www.jornaldenegocios.pt/economia/detalhe/e-positiva-a-ideia-francesa-de-criar-nova-comunidade-politica-europeia",
        "site_full": "www.jornaldenegocios.pt",
        "site": "jornaldenegocios.pt",
        "site_section": "https://www.jornaldenegocios.pt/rss",
        "site_categories": [
            "financial_news",
            "finance"
        ],
        "section_title": "Jornal de Negócios",
        "title": "\"É positiva\" a ideia francesa de criar nova \"comunidade política europeia\"",
        "title_full": "\"É positiva\" a ideia francesa de criar nova \"comunidade política europeia\"",
        "published": "2024-01-07T23:50:00.000+02:00",
        "replies_count": 0,
        "participants_count": 1,
        "site_type": "news",
        "country": "PT",
        "main_image": "https://cdn.jornaldenegocios.pt/images/2024-01/img_1200x676$2024_01_07_21_49_46_467774.jpg",
        "performance_score": 0,
        "domain_rank": 31331,
        "domain_rank_updated": "2024-01-02T12:06:49.000+02:00",
        "reach": null,
        "social": {
            "facebook": {
                "likes": 0,
                "comments": 0,
                "shares": 0
            },
            "gplus": {
                "shares": 0
            },
            "pinterest": {
                "shares": 0
            },
            "linkedin": {
                "shares": 0
            },
            "stumbledupon": {
                "shares": 0
            },
            "vk": {
                "shares": 0
            }
        }
    },
    "uuid": "66c6e092098dfd6f803a24d9791b827bb386a9ed",
    "url": "https://www.jornaldenegocios.pt/economia/detalhe/e-positiva-a-ideia-francesa-de-criar-nova-comunidade-politica-europeia",
    "ord_in_thread": 0,
    "parent_url": null,
    "author": "jng@negocios.pt (Jornal de Negócios)",
    "published": "2024-01-07T23:50:00.000+02:00",
    "title": "\"É positiva\" a ideia francesa de criar nova \"comunidade política europeia\"",
    "text": "Notícia “É positiva” a ideia francesa de criar nova “comunidade política europeia” O embaixador de Portugal em Madrid, João Mira Gomes, vê com bons olhos a criação de uma nova comunidade política europeia, para integrar a Ucrânia e outros países de Leste na União Europeia (UE). Sobre os principais parceiros da UE, diz que relação com os Estados Unidos vai depender de quem ganhar eleições e que a China é “um parceiro incontornável”. [Joana Almeida](/opiniao/autores/detalhe/joana-almeida) [JoanaAlmeida@negocios.pt](mailto:JoanaAlmeida@negocios.pt)07 de Janeiro de 2024 às 21:50 - [Partilhar artigo](#) - - [1](#loadComments) - [...](javascript:void(0)) Como vê o alargamento da UE à Ucrânia? É um desafio grande para a UE, mas também uma grande oportunidade. Temos que preparar a UE institucionalmente para receber a Ucrânia, Moldova, Geórgia e os países dos Balcãs e preparar esses países para, quando entrarem, estarem o mais alinhados possível com as políticas e práticas da UE. [Ver comentários](#loadComments) [João Mira Gomes](/sabermais/joao-mira-gomes) [comunidade política europeia](/sabermais/comunidade-politica-europeia) [Ucrânia](/sabermais/ucrania)",
    "highlightText": "",
    "highlightTitle": "",
    "highlightThreadTitle": "",
    "language": "portuguese",
    "sentiment": "positive",
    "categories": [
        "Politics",
        "Social Issue",
        "Human Interest"
    ],
    "external_links": [],
    "external_images": [],
    "entities": {
        "persons": [],
        "organizations": [],
        "locations": []
    },
    "rating": null,
    "crawled": "2024-01-08T00:26:25.236+02:00",
    "updated": "2024-01-08T02:16:46.622+02:00"
}