{
    "thread": {
        "uuid": "119bf88be3d66eb3393f93de8e07c12b4e25fe2f",
        "url": "https://www.razon.com.mx/mexico/educacion-publica-mejor-gracias-maestros-maestras-mexico-claudia-sheinbaum-560096",
        "site_full": "www.razon.com.mx",
        "site": "razon.com.mx",
        "site_section": "https://www.razon.com.mx/rss/feed.xml",
        "site_categories": [
            "travel",
            "mexico_and_central_america"
        ],
        "section_title": "La Razón de México | Noticias e información en tiempo real.",
        "title": "La educación pública es la mejor gracias a los maestros y maestras de México: Claudia Sheinbaum",
        "title_full": "La educación pública es la mejor gracias a los maestros y maestras de México: Claudia Sheinbaum",
        "published": "2024-01-07T23:55:00.000+02:00",
        "replies_count": 0,
        "participants_count": 1,
        "site_type": "news",
        "country": "MX",
        "main_image": "https://imagenes.razon.com.mx/files/og_thumbnail/uploads/2024/01/07/659b1db6851b8.jpeg",
        "performance_score": 0,
        "domain_rank": 40643,
        "domain_rank_updated": "2024-01-02T12:06:53.000+02:00",
        "reach": null,
        "social": {
            "facebook": {
                "likes": 0,
                "comments": 0,
                "shares": 0
            },
            "gplus": {
                "shares": 0
            },
            "pinterest": {
                "shares": 0
            },
            "linkedin": {
                "shares": 0
            },
            "stumbledupon": {
                "shares": 0
            },
            "vk": {
                "shares": 0
            }
        }
    },
    "uuid": "119bf88be3d66eb3393f93de8e07c12b4e25fe2f",
    "url": "https://www.razon.com.mx/mexico/educacion-publica-mejor-gracias-maestros-maestras-mexico-claudia-sheinbaum-560096",
    "ord_in_thread": 0,
    "parent_url": null,
    "author": "razon.online@razon.com.mx (La Razón Online)",
    "published": "2024-01-07T23:55:00.000+02:00",
    "title": "La educación pública es la mejor gracias a los maestros y maestras de México: Claudia Sheinbaum",
    "text": "Se reúne con el Magisterio nacional La educación pública es la mejor gracias a los maestros y maestras de México: Claudia Sheinbaum Claudia Sheinbaum destaca la excelencia de la educación pública en México durante un encuentro con maestros, resaltando logros de la Cuarta Transformación y el compromiso con la equidad educativa En México la educación pública es la mejor de las educaciones gracias a la gran labor de los maestros y maestras del Magisterio, así lo destacó Claudia Sheinbaum Pardo, precandidata única a la Presidencia de México por Morena, el Partido del Trabajo (PT) y el Partido Verde Ecologista de México (PVEM) durante un encuentro nacional con profesores y profesoras en el que aseguró que la Cuarta Transformación defiende como ningún otro modelo a la educación pública, contrario a lo que sucedía en el periodo neoliberal. “Minimizaron al Magisterio Nacional, se acabó ese periodo del neoliberalismo en donde todo lo público parecía que lo querían desaparecer, valoraron la educación particular como si fuera mejor que la educación pública, es falso, la educación pública es la mejor de todas las educaciones en nuestro país gracias a los maestros y maestras de México”, aseveró. Por lo anterior, destacó que con la 4T quedó demostrado que los estudiantes, los profesores y profesoras de México son una prioridad, esto con programas como la beca para jóvenes que estudian en preparatoria y particularmente con la basificación de más de un millón de maestros y maestras. “El Presidente de la República recuperó algo fundamental que es el reconocimiento a los maestros de nuestro país, ese reconocimiento que fue echar para atrás la reforma educativa y recuperar el valor del Magisterio Nacional en toda su magnitud”, añadió. Por lo anterior, hizo hincapié en que junto a los maestros y maestras de México es vital trabajar en unidad no sólo para atender las necesidades que aún quedan pendientes en el sector educativo, sino que también para garantizar la continuidad de la Cuarta Transformación cuya meta siempre será apoyar a la educación pública. “El mejor legado que le podemos dejar a nuestros hijos y nuestras hijas es decir: Formamos parte del segundo piso de la Cuarta Transformación de la vida Pública de México”, concluyó. En el encuentro nacional con maestros y maestras, la coordinadora política nacional del Magisterio, Sonia Rincón Chanona, reconoció en Claudia Sheinbaum a una mujer honesta que va a garantizar que la educación sea parte clave para continuar con la tarea humanista que significa la Cuarta Transformación, la cual busca cerrar la brecha que ha excluido durante muchos años a miles de mexicanos y mexicanas, tal y como lo hizo en la Ciudad de México como Jefa de Gobierno, donde todos los niños y niñas desde preescolar hasta secundaria tienen un apoyo mensual para continuar estudiando con el programa “Bienestar Para Niñas y Niños. Mi Beca Para Empezar”. “Las maestras y los maestros tenemos importantes coincidencias con el proyecto social y humanista de esta Cuarta Transformación para que construyamos juntos un país más justo, equitativo e igualitario (...) Para alcanzar el México que anhelamos Claudia Sheinbaum es la indicada (...) Claudia Sheinbaum es una mujer honesta, no es una corrupta, sabemos que con ella vamos a tener buena respuesta”, aseveró. En el evento, el coordinador político del Valle de Toluca, Eliud Terrazas Ceballos, reiteró el apoyo de los maestros y maestras de México a Claudia Sheinbaum, pues destacó que juntos son aliados para garantizar que los jóvenes y niños puedan acceder al derecho de la educación. “Cuenta con nosotros en este camino y cuenta con nosotros para ocupar la primera magistratura de nuestro país, los maestros y maestras están con usted (...) Somos un aliado confiable del estado y de la sociedad mexicana, porque nos unen los propósitos de garantizar a los niños y jóvenes mexicanos el ejercicio pleno de su derecho humano a la educación”, destacó. Por su parte, el coordinador político del Valle de México, Rigoberto Vargas Cervantes, reiteró que Claudia Sheinbaum siempre ha sido una gran aliada de los maestros y maestras de México. “Nuestra querida doctora sabe de todo lo que hacen las maestras y los maestros para hacer gestión y que sus escuelas estén en buenas condiciones por eso nos ha platicado y comentado que estará siempre pendiente y que la educación y la escuela pública será una de sus grandes prioridades”, puntualizó. Al encuentro nacional en el que asistieron miles de maestros y maestras de todo México, también estuvieron presentes, el presidente nacional de Morena, Mario Delgado Carillo; la dirigente estatal de Morena, Martha Guerrero Sanchez, el coordinador de Enlace con Organizaciones Sociales, Gerardo Fernández Noroña; los precandidatos a Senadores de la República, Mariela Gutiérrez Escalante y Higinio Martínez Miranda; así como Alfonso Ramírez Cuéllar y Raúl Morón Orozco, coordinador de la Dra. Claudia Sheinbaum en el Estado de México. AM - [Dónde comprar el rímel de menos de 50 pesos que Profeco recomendó como el mejor](/negocios/comprar-rimel-50-pesos-profeco-recomendo-mejor-562960) - [Muere el actor Carl Weathers, Apollo Creed en 'Rocky' ¿Quién era?](/entretenimiento/muere-actor-carl-weathers-apollo-creed-rocky-563513) - [Piquero se rompe la cara, la historia del perturbador VIDEO que es viral en TikTok](/entretenimiento/piquero-rompe-cara-impactante-video-viral-redes-563215) - [Para unas pestañas largas | Este es el mejor rímel y el más barato, según Profeco](/negocios/cual-es-el-mejor-rimel-segun-profeco-pestanas-largas-562625) - [¿Qué autopistas se verían afectadas por el paro nacional de transportistas este 5 de febrero?](/mexico/que-autopistas-se-verian-afectadas-por-paro-nacional-de-transportistas-5-de-febrero-563378)",
    "highlightText": "",
    "highlightTitle": "",
    "highlightThreadTitle": "",
    "language": "spanish",
    "sentiment": "positive",
    "categories": [
        "Human Interest",
        "Education"
    ],
    "external_links": [],
    "external_images": [],
    "entities": {
        "persons": [],
        "organizations": [],
        "locations": []
    },
    "rating": null,
    "crawled": "2024-01-08T00:40:09.111+02:00",
    "updated": "2024-02-03T06:16:58.296+02:00"
}