{
    "thread": {
        "uuid": "d5877d6a21e22f41fb783e8928a4dae2d989bb0d",
        "url": "https://elnuevodiario.com.do/carlos-alcaraz-a-nadal-te-esperamos-en-el-proximo-torneo/",
        "site_full": "elnuevodiario.com.do",
        "site": "elnuevodiario.com.do",
        "site_section": "https://elnuevodiario.com.do/rss",
        "site_categories": [
            "non_standard_content"
        ],
        "section_title": "El Nuevo Diario (República Dominicana)",
        "title": "Carlos Alcaraz a Nadal: «Te esperamos en el próximo torneo»",
        "title_full": "Carlos Alcaraz a Nadal: «Te esperamos en el próximo torneo»",
        "published": "2024-01-07T23:55:00.000+02:00",
        "replies_count": 0,
        "participants_count": 1,
        "site_type": "news",
        "country": "DO",
        "main_image": "https://nuevodiario-assets.s3.us-east-2.amazonaws.com/wp-content/uploads/2024/01/07135502/Alcaraz-2.jpg",
        "performance_score": 0,
        "domain_rank": 86096,
        "domain_rank_updated": "2024-01-02T12:06:57.000+02:00",
        "reach": null,
        "social": {
            "facebook": {
                "likes": 0,
                "comments": 0,
                "shares": 0
            },
            "gplus": {
                "shares": 0
            },
            "pinterest": {
                "shares": 0
            },
            "linkedin": {
                "shares": 0
            },
            "stumbledupon": {
                "shares": 0
            },
            "vk": {
                "shares": 0
            }
        }
    },
    "uuid": "d5877d6a21e22f41fb783e8928a4dae2d989bb0d",
    "url": "https://elnuevodiario.com.do/carlos-alcaraz-a-nadal-te-esperamos-en-el-proximo-torneo/",
    "ord_in_thread": 0,
    "parent_url": null,
    "author": "EFE",
    "published": "2024-01-07T23:55:00.000+02:00",
    "title": "Carlos Alcaraz a Nadal: «Te esperamos en el próximo torneo»",
    "text": "EL NUEVO DIARIO, MADRID.- Carlos Alcaraz llegó a Melbourne para iniciar la cuenta atrás hacia el Abierto de Australia, primer Grand Slam de la temporada, casi al tiempo que se dio a conocer la baja por lesión de Rafael Nadal.\nAlcaraz, número dos del mundo, partió el sábado desde España a la ciudad australiana. Tras enterarse de la ausencia definitiva de su compatriota, con quien lleva tiempo sin coincidir en una competición, le envió un mensaje de ánimo.\n«Te esperamos en el próximo torneo Rafa! Recupérate pronto!», escribió Alcaraz en Instagram.\nCarlos Alcaraz jugará por tercera vez en su carrera el primer Grand Slam de la temporada. Nunca pasó los dieciseisavos de final, la tercera ronda, que obtuvo en 2022, superado por el italiano Matteo Berrettini.\n«Te echaremos de menos en Melbourne, Rafa. Te enviamos todo nuestro cariño y nuestros mejores deseos para una pronta recuperación. Nos vemos pronto en la cancha», expresó la organización del Abierto de Australia en sus redes sociales tras conocer la baja del balear.\nTambién el australiano Nick Kyrgios mostró su apoyo a Nadal: «Siento lo que está pasando Rafa. Mejorate pronto, ese era el miedo para mí también, volver demasiado pronto…»\nNadal, que reapareció en Brisbane la semana pasada después de casi un año apartado de las pistas por una lesión en el psoas ilíaco de la pierna izquierda, sintió molestias en la zona dañada tras jugar ante Thompson, que se impuso al ganador de veintidós grandes en un partido resuelto en tres sets y que duró más de tres horas.",
    "highlightText": "",
    "highlightTitle": "",
    "highlightThreadTitle": "",
    "language": "spanish",
    "sentiment": "positive",
    "categories": [
        "Lifestyle and Leisure",
        "Sport",
        "Human Interest"
    ],
    "external_links": [],
    "external_images": [],
    "entities": {
        "persons": [],
        "organizations": [],
        "locations": []
    },
    "rating": null,
    "crawled": "2024-01-08T00:08:59.312+02:00",
    "updated": "2024-01-08T00:08:59.312+02:00"
}