{
    "thread": {
        "uuid": "293d456ead4452c805aeaec693db9d0757a1d3c8",
        "url": "https://www.elnuevodia.com/entretenimiento/musica/notas/anuel-aa-dara-un-concierto-gratuito-en-el-residencial-monte-hatillo/",
        "site_full": "www.elnuevodia.com",
        "site": "elnuevodia.com",
        "site_section": "http://news.google.com/news?cf=all&ned=es&hl=es&topic=t&source=uds&output=rss",
        "site_categories": [
            "media"
        ],
        "section_title": "Noticias destacadas - Google Noticias",
        "title": "Anuel AA dará un concierto gratuito en el residencial Monte Hatillo - El Nuevo Día",
        "title_full": "Anuel AA dará un concierto gratuito en el residencial Monte Hatillo - El Nuevo Día",
        "published": "2024-01-07T15:44:00.000+02:00",
        "replies_count": 0,
        "participants_count": 1,
        "site_type": "news",
        "country": "PR",
        "main_image": "https://www.elnuevodia.com/resizer/7F8xk_CNEiEijlzRPIy0wW7qre4=/1200x717/filters:quality(75):format(jpeg):focal(682x415:692x405)/cloudfront-us-east-1.images.arcpublishing.com/gfrmedia/XBLMEE74QFHKZOP5AMQB7UUYOY.jpg",
        "performance_score": 0,
        "domain_rank": 14590,
        "domain_rank_updated": "2024-01-02T12:06:49.000+02:00",
        "reach": null,
        "social": {
            "facebook": {
                "likes": 0,
                "comments": 0,
                "shares": 0
            },
            "gplus": {
                "shares": 0
            },
            "pinterest": {
                "shares": 0
            },
            "linkedin": {
                "shares": 0
            },
            "stumbledupon": {
                "shares": 0
            },
            "vk": {
                "shares": 0
            }
        }
    },
    "uuid": "293d456ead4452c805aeaec693db9d0757a1d3c8",
    "url": "https://www.elnuevodia.com/entretenimiento/musica/notas/anuel-aa-dara-un-concierto-gratuito-en-el-residencial-monte-hatillo/",
    "ord_in_thread": 0,
    "parent_url": null,
    "author": "/autor/francisco-javier-diaz/",
    "published": "2024-01-07T15:44:00.000+02:00",
    "title": "Anuel AA dará un concierto gratuito en el residencial Monte Hatillo - El Nuevo Día",
    "text": "Como un regalo atrasado del Día de Reyes, el polémico exponente de música urbana\nAnuel AA anunció a través de sus redes sociales que este domingo, 7 de enero de 2024, brindará un concierto gratuito en el residencial Monte Hatillo, en Río Piedras, abierto a todo público.\n“Puerto Rico, este año voy a hacer el Hiram (Bithorn), pero primero voy mañana (domingo) a prender en fuego Monte Hatillo. Todo el mundo en la isla entera, no importa de donde sean, los estoy invitando pal’ party”, explicó el puertorriqueño en una publicación en Instagram que estaba acompañada de varios imágenes.\n“Esto es un party pa’ las familias, niños y niñas, pa’ los bandidos y las mujeres en todos los caseríos de Puerto Rico y pa’ todos los fanáticos en general en la isla entera. Es de gratis pa’ to’ Puerto Rico”, agregó.\nLa razón para dar este espectáculo gratuito es una sencilla para el artista de 31 años.\n“No todo el mundo tiene el dinero o la comodidad económica pa’ comprar taquillas pa’ un concierto en el Hiram o en el Choliseo (Coliseo de Puerto Rico)”, aclaró Emmanuel Gazmey Santiago, nombre de pila del cantante, para también dejar claro que el concierto servirá para celebrar la temporada en familia y en paz. “Voy hacer este party celebrando las navidades, año nuevo y Reyes. Vamos a pasarla bien hij... en familia, toda la isla juntos, en paz”.\nAunque no está claro en la publicación a qué hora ni dónde se llevará a cabo el espectáculo, Anuel AA mencionó que estará disponible para tomarse fotografías con sus fanáticos en algún momento de la tarde o noche.\n“Ustedes me hicieron y prefiero un millón de veces por cómo han sido las cosas, volver a cantarles a Puerto Rico, otra vez por primera vez después de siete años de gratis, pa’ la isla entera en un caserío antes que en un estadio o el Choliseo, porque la calle de PR fueron mis primeros fanáticos, los que me hicieron y me cambiaron la vida pa’ siempre. Si no fuera por ustedes, yo estaría preso o muerto”, explicó el artista natural de Carolina.\nEn los pasados años, Anuel AA ha acaparado titulares de los medios de comunicación, más por sus controversias que por su música. Esto incluye sus problemas de salud, sus relaciones amorosas, incluyendo su ruptura con Yailín la más Viral, la cancelación de su gira “Las leyendas nunca mueren”, así como su más reciente “tiraera” con Arcángel.\nEl mensaje en Instagram concluyó con “taggeando” a varios cantantes de reguetón, como Ozuna, Jhay Cortez, Bryant Myers, Almighty, Luar la L, Nio García, Casper Mágico, Brytiago, Hozwal, Conep y Pressure. No está claro su esto es una invitación directa a estos artistas o si estos van a estar presentes en el espectáculo.\nReacciona la Policía\nPor su parte, la Policía de Puerto Rico aseguró estar lista para atender situaciones que puedan surgir durante el concierto.\n“En la Policía de Puerto Rico estamos listos para atender eventos inesperados, como lo es el convocado, ayer tarde en la noche y sin previo aviso por el exponente urbano, Anuel, que se llevara a cabo en el residencial Monte Hatillo”, expresaron en declaraciones escritas, para apuntar a que no hubo coordinación con las autoridades por parte del equipo del exponente de música urbana.\n“Por ser un evento privado es responsabilidad de los organizadores garantizar la seguridad. Aunque no han efectuado la coordinación correspondiente con las autoridades, la Policía tendrá activados los recursos para atender situaciones que pudieran surgir. Hacemos un llamado a la prudencia y a la moderación para que prevalezcan las normas de sana convivencia para el disfrute de todos los asistentes”, concluyeron.\n[💬Ver comentarios]\n- ⎙",
    "highlightText": "",
    "highlightTitle": "",
    "highlightThreadTitle": "",
    "language": "spanish",
    "sentiment": "positive",
    "categories": [
        "Lifestyle and Leisure",
        "Human Interest",
        "Arts, Culture and Entertainment"
    ],
    "external_links": [],
    "external_images": [],
    "entities": {
        "persons": [],
        "organizations": [],
        "locations": []
    },
    "rating": null,
    "crawled": "2024-01-08T00:38:27.170+02:00",
    "updated": "2024-01-08T00:38:27.170+02:00"
}