{
    "thread": {
        "uuid": "796326363a51c53367b97b3e40c8345459cf8c8c",
        "url": "https://www.infobae.com/peru/2024/01/07/victor-chino-rivera-el-dt-campeon-formador-y-padre-de-estrellas-de-peru-confia-en-christian-cueva-suena-con-emigrar-y-confeso-ser-musico-y-bajista/",
        "site_full": "www.infobae.com",
        "site": "infobae.com",
        "site_section": "http://www.infobae.com/feeds/rss/",
        "site_categories": [
            "media"
        ],
        "section_title": "Infobae.com",
        "title": "Víctor ‘Chino’ Rivera, el DT campeón, formador y ‘padre’ de estrellas de Perú, confía en Christian Cueva, sueña con emigrar y confesó ser músico y bajista",
        "title_full": "Víctor ‘Chino’ Rivera, el DT campeón, formador y ‘padre’ de estrellas de Perú, confía en Christian Cueva, sueña con emigrar y confesó ser músico y bajista",
        "published": "2024-01-08T00:00:00.000+02:00",
        "replies_count": 0,
        "participants_count": 1,
        "site_type": "news",
        "country": "AR",
        "main_image": "https://www.infobae.com/new-resizer/m2j2pZsHHkrFEzkTi-vrmwhVHqk=/1200x630/filters:format(webp):quality(85)/cloudfront-us-east-1.images.arcpublishing.com/infobae/JVXZPVHER5DNLHWIPCTFDWSKHA.jpg",
        "performance_score": 0,
        "domain_rank": 2131,
        "domain_rank_updated": "2024-01-02T12:06:49.000+02:00",
        "reach": null,
        "social": {
            "facebook": {
                "likes": 0,
                "comments": 0,
                "shares": 0
            },
            "gplus": {
                "shares": 0
            },
            "pinterest": {
                "shares": 0
            },
            "linkedin": {
                "shares": 0
            },
            "stumbledupon": {
                "shares": 0
            },
            "vk": {
                "shares": 0
            }
        }
    },
    "uuid": "796326363a51c53367b97b3e40c8345459cf8c8c",
    "url": "https://www.infobae.com/peru/2024/01/07/victor-chino-rivera-el-dt-campeon-formador-y-padre-de-estrellas-de-peru-confia-en-christian-cueva-suena-con-emigrar-y-confeso-ser-musico-y-bajista/",
    "ord_in_thread": 0,
    "parent_url": null,
    "author": "Grace Nole Alcántara",
    "published": "2024-01-08T00:00:00.000+02:00",
    "title": "Víctor ‘Chino’ Rivera, el DT campeón, formador y ‘padre’ de estrellas de Perú, confía en Christian Cueva, sueña con emigrar y confesó ser músico y bajista",
    "text": "Lleva más de dos décadas detrás de un buzo, formando a jugadores que tienen un nombre ganado a nivel nacional e internacional. el técnico Víctor Rivera dirigió a doce equipos, incluyendo a la selección peruana sub 20, ha sido influente en la carrera de muchos futbolistas que inclusive, alguno de ellos hasta hoy, lo consideran como un padre. El mediocampista Christian Cueva es uno de ellos, el entrenador lamentó el mal momento futbolístico que está viviendo uno de sus mejores pupilos, pero está seguro que recuperará el nivel que todos aplaudían.\nEl ‘Chino’ ya perdió la cuenta de cuántos jugadores hizo debutar, pero guarda en su memoria cada momento. Se confesó con Infobae Perú y recordó cómo llenó de confianza al referente de la ‘bicolor’, Luis Advíncula, cuando era pequeño y se muestra orgulloso de verlo triunfar en Boca Juniors. A pesar de toda la experiencia y logros que alcanzó, tiene un deseo más por cumplir: dirigir en el exterior.\nDespués de tener una pausa en la dirección técnica, Rivera se hará cargo de un equipo emblemático del Perú: Deportivo Municipal. El multicampeón con la Universidad San Martín volvió al mando de los ‘ediles’ después cuatro años y tendrá la misión de regresarlo a primera división. En su momento fue comentarista deportivo y reveló que su otra pasión es la música, toca y canta cuando se lo piden.\n- ¿Qué le motivó regresar a Deportivo Municipal?\nSiempre dirigir a un equipo con tanta tradición siempre motiva, aparte que soy una persona bastante identificada con Deportivo Municipal. Cuando me hicieron el ofrecimiento, me movió emocionalmente poder asumir el reto porque es un club al cual quiero mucho, estoy identificado con su historia con su tradición; esas son las razones por las que he decidido asumir el desafío de dirigir a Municipal.\n- Lo presentaron como técnico para la Liga 1...\nCuando me contrataron me dijeron que el equipo estaba esperando una resolución para jugar la Liga 1, y dentro del contrato también especificaron, estuvo de acuerdo, que si se jugaba la Liga 2 firmábamos una adenda y así ha sido. No cambia en nada porque yo soy entrenador de fútbol y más allá de dirigir la Liga 1 o 2, a mí me gusta ejercer mi profesión.\n- ¿Cómo encontró al equipo deportivamente considerando que varios jugadores se fueron?\nHay jugadores de 18 y 21 años, unos más que tienen contrato como Jair Céspedes, Antonio Yáñez y Aarom Fuentes. Hay un grupo que se ha quedado y ahora necesitamos conocer las reglas de la Liga 2 para poder armar nuestro equipo y ver algunas contrataciones.\n- ¿Qué piensa del momento de Christian Cueva: lesionado y sin equipo?\nTiene que recuperarse de la lesión y una vez que él se recupere, va a ser un jugador que dará mucho al equipo que lo contrate. Recuperado volverá a ser considerado dentro del universo de jugadores de la selección. Estoy seguro de que Christian está viendo algunas alternativas en el extranjero.\n- ¿Christian Cueva es el mejor jugador que dirigió?\nHay varios jugadores que he tenido la suerte de formar, es un gran número como Carlos Lobatón, José Moisela, Irven Ávila, Christian Cueva, Adrián Ascues, Pedro Gallese, Luis Advíncula, son tantos en realidad. Uno se siente contento con el crecimiento de todos, incluso de los jugadores que no llegan a jugar fútbol profesional. La intención es que sean buenas personas y buenos profesionales, me alegra que todos estén bien, gracias a Dios.\n- Luis Advíncula lo considera como un padre ¿Qué siente al verlo triunfar en Boca Juniors?\nFue una visión profesional de creer en él en Sporting Cristal, apoyarlo en toda su carrera. Fue algo que uno pudo aportar, él es una persona muy agradecida y lo sabe reconocer. Uno lo valora mucho. Cuando estuvo en Sporting Cristal fue titular en todos los partidos porque aposté por él desde el primer minuto. Veía en él mucha potencia, desde lo físico, el arranque, la velocidad, le vía muchas cualidades. El tiempo me dio la razón, y el resto fue por su esfuerzo, talento y sus ganas.\n- ¿A qué jugador le hubiese gustado dirigir?\nSi retrocedemos el tiempo, me hubiese encantado dirigir a Ysrael Zúñiga, formarlo.\n- ¿Fue real la posibilidad de llegar en Alianza Lima en 2021?\nSi, estuve en la terna para dirigir, algún socio o miembro de alguna comisión me avisó que me estaban evaluando. Hubo interés, además porque yo trabajé en Alianza, había gente que me conoce y muchas veces me han considerado. No solo fue para esa campaña, fue para otras también. No se pudo dar porque estaba comprometido con otro equipo. Finalmente llegó el profesor Bustos.\n- ¿En alguna oportunidad pudo llegar a Universitario de Deportes?\nMe llegó tres veces una propuesta para llegar a Universitario, uno fue cuando salí campeón terminando el 2008, en 20219 cuando con Municipal terminamos terceros en la primera ronda y otra que no recuerdo bien.\n- ¿Qué piensa de que Alianza Lima no considere a Paolo Guerrero para el 2024?\nYo creo que Paolo Guerrero es una súper opción, viene ser campeón con LDU, pero derrepente Alianza ya tienen armado su plantel.\n- ¿Lamentó la salida de Ricardo Gareca en la selección peruana?\nSiempre cuando un técnico consigue logros, uno siempre se identifica. Todos estamos convencidos de que hubiese sido importante de que continúe.\n- ¿Cree que el mal momento se podrá revertir con Jorge Fossati?\nFossati es un técnico con mucha experiencia y gran trayectoria. Tiene mucho recorrido, acaba de salir campeón con la ‘U’, dirigió a la selección de Uruguay. Hay que ver cómo le va en los amistosos, en la Copa América, dependiendo de eso se podría hacer un análisis. Lo que tenemos que hacer es apoyar a la selección para encontrar el pensamiento del éxito en las Eliminatorias.\n- ¿Oliver Sonne debe ser convocado otra vez?\nTiene la prioridad en cuanto al análisis y a la elección, nos queda esperar cómo va ese proceso. Todos estamos en la expectativa de cómo juega Oliver Sonne, es una incógnita del nuevo proceso.\n- ¿Es posible el cambio generacional?\nHay una buena generación de jugadores como Grimaldo, Quispe, Cabanillas, Távara, Lora, algunos ya están con convocatorias y otros que se están sumando. Yo creo que hay varios buenos jugadores y estoy que se irán sumando a la selección.\n- ¿Qué juvenil cree que tiene gran proyección?\nMe gustaría ver más a Jahmir D’arrigo, es muy desequilibrante tanto como Joao Grimaldo y Piero Quispe. Me genera mucha expectativa.\n- ¿Cree que le falta lograr aún como técnico?\nEs un logro seguir dirigiendo, no he parado de dirigir entre menores y la profesional, desde que empecé en 2006 mi carrera, antes fui asistente en el 1997. Le agradezco a Dios porque ya han pasado 24 o 25 años seguidos que dirijo fútbol profesional. Me faltaría dirigir en el extranjero algún día, eso me haría sentir como que he cumplido con uno de mis objetivos como entrenador de fútbol.\n- ¿Qué tal su etapa como comentarista deportivo?\nHa sido una linda experiencia, una opción que he valorado porque me han invitado y eso yo lo agradezco mucho. Me gustó porque desde esa tribuna pude contribuir con el análisis y las cosas que he vivido, cómo se siente un jugador, cómo se hace un replanteo, muchas cosas. Me encantó porque siempre de chico me gustó el tema de las comunicaciones, si no hubiese estudiado para técnico, habría estado en el tema de la locución, la radio, la televisión.\n- Alguna vez confesó que su otra pasión es la música...\nSoy melómano, me gusta la música en todas las facetas. Me gusta rock, la salsa y las baladas; más me gusta el rock en español. Hemos tenido una pequeña banda con unos amigos, mi participación fue corta como bajista. He participado acompañando a unos grupos en fiestas privadas.",
    "highlightText": "",
    "highlightTitle": "",
    "highlightThreadTitle": "",
    "language": "spanish",
    "sentiment": "positive",
    "categories": [
        "Human Interest",
        "Arts, Culture and Entertainment"
    ],
    "external_links": [],
    "external_images": [],
    "entities": {
        "persons": [],
        "organizations": [],
        "locations": []
    },
    "rating": null,
    "crawled": "2024-01-08T00:08:12.020+02:00",
    "updated": "2024-01-08T00:08:12.020+02:00"
}