{
    "thread": {
        "uuid": "8824061d03dab12e77230a3385149e5c473a445a",
        "url": "https://diariodonordeste.verdesmares.com.br/jogada/resultado-do-jogo-as-roma-x-atalanta-hoje-71-veja-o-placar-e-estatisticas-da-partida-1.3464190",
        "site_full": "diariodonordeste.verdesmares.com.br",
        "site": "verdesmares.com.br",
        "site_section": "http://diariodonordeste.verdesmares.com.br/ultima-hora",
        "site_categories": [
            "media"
        ],
        "section_title": " &Uacute;ltima Hora - Di&aacute;rio do Nordeste ",
        "title": "Resultado do jogo AS Roma x Atalanta hoje, 7/1: veja o placar e estatísticas da partida - Jogada - Diário do Nordeste",
        "title_full": "Resultado do jogo AS Roma x Atalanta hoje, 7/1: veja o placar e estatísticas da partida - Jogada - Diário do Nordeste",
        "published": "2024-01-07T22:50:00.000+02:00",
        "replies_count": 0,
        "participants_count": 1,
        "site_type": "news",
        "country": "BR",
        "main_image": "https://diariodonordeste.verdesmares.com.br/image/contentid/policy:1.3419856:1695146067/image.jpg?h=630&q=0.6&w=1200&$p$h$q$w=f76cc5e",
        "performance_score": 0,
        "domain_rank": 35874,
        "domain_rank_updated": "2024-01-02T12:06:49.000+02:00",
        "reach": null,
        "social": {
            "facebook": {
                "likes": 0,
                "comments": 0,
                "shares": 0
            },
            "gplus": {
                "shares": 0
            },
            "pinterest": {
                "shares": 0
            },
            "linkedin": {
                "shares": 0
            },
            "stumbledupon": {
                "shares": 0
            },
            "vk": {
                "shares": 0
            }
        }
    },
    "uuid": "8824061d03dab12e77230a3385149e5c473a445a",
    "url": "https://diariodonordeste.verdesmares.com.br/jogada/resultado-do-jogo-as-roma-x-atalanta-hoje-71-veja-o-placar-e-estatisticas-da-partida-1.3464190",
    "ord_in_thread": 0,
    "parent_url": null,
    "author": "A. Seraphim",
    "published": "2024-01-07T22:50:00.000+02:00",
    "title": "Resultado do jogo AS Roma x Atalanta hoje, 7/1: veja o placar e estatísticas da partida - Jogada - Diário do Nordeste",
    "text": "Jogada Resultado do jogo AS Roma x Atalanta hoje, 7/1: veja o placar e estatísticas da partida Escrito por [A. Seraphim](#), O confronto terminou empatado, pelo Campeonato Italiano - Serie A. Neste domingo, 7 de janeiro, em Roma, o jogo AS Roma x Atalanta, terminou com o placar 1 - 1. A partida corresponde à 19ª rodada do Campeonato Italiano - Série A. GOLS E ESTATÍSTICAS DE AS Roma x Atalanta ROM 1-1 ATA Gols P. Dybala39' T. Koopmeiners8' 16 Total de chutes 8 6 Chutes no gol 2 55% Posse de bola 45% 459 Passes 374 82% Precisão de passe 78% 14 Faltas 14 1 Cartões amarelos 6 0 Cartões vermelhos 0 2 Impedimento(s) 1 6 Escanteio(s) 5 Rui Patrício, Rasmus Kristensen, Gianluca Mancini, Diego Llorente, Rick Karsdorp, Edoardo Bove, Bryan Cristante, Lorenzo Pellegrini, Nicola Zalewski, Paulo Dybala, Romelu Lukaku. 3-5-2 AS Roma Marco Carnesecchi, Giorgio Scalvini, Berat Djimsiti, Sead Kolašinac, Emil Holm, Éderson, Marten de Roon, Matteo Ruggeri, Aleksei Miranchuk, Teun Koopmeiners, Charles De Ketelaere. 3-5-2 Atalanta",
    "highlightText": "",
    "highlightTitle": "",
    "highlightThreadTitle": "",
    "language": "portuguese",
    "sentiment": "positive",
    "categories": [
        "Human Interest",
        "Arts, Culture and Entertainment",
        "Lifestyle and Leisure"
    ],
    "external_links": [
        "https://diariodonordeste.verdesmares.com.br),",
        "https://www.diariodonordeste.verdesmares.com.br),"
    ],
    "external_images": [],
    "entities": {
        "persons": [],
        "organizations": [],
        "locations": []
    },
    "rating": null,
    "crawled": "2024-01-08T00:05:06.885+02:00",
    "updated": "2024-01-08T00:07:44.335+02:00"
}