{
    "thread": {
        "uuid": "a10be5a6b1b02c8d1877c028a7e812af214d11e6",
        "url": "https://www.eldesmarque.com/futbol/copa-del-rey/20240107/sergi-canos-se-desquita-gracias-a-baraja-no-me-dejaban-chutar-desde-fuera-del-area-en-el-brentford_300203967.html",
        "site_full": "www.eldesmarque.com",
        "site": "eldesmarque.com",
        "site_section": "https://www.eldesmarque.com/feed",
        "site_categories": [
            "sports"
        ],
        "section_title": "ElDesmarque",
        "title": "Sergi Canós se desquita gracias a Baraja: \"Han estado siete años sin dejarme\"",
        "title_full": "Sergi Canós se desquita gracias a Baraja: \"Han estado siete años sin dejarme\"",
        "published": "2024-01-07T22:33:00.000+02:00",
        "replies_count": 0,
        "participants_count": 1,
        "site_type": "news",
        "country": "ES",
        "main_image": "",
        "performance_score": 0,
        "domain_rank": 45414,
        "domain_rank_updated": "2024-01-02T12:06:53.000+02:00",
        "reach": null,
        "social": {
            "facebook": {
                "likes": 0,
                "comments": 0,
                "shares": 0
            },
            "gplus": {
                "shares": 0
            },
            "pinterest": {
                "shares": 0
            },
            "linkedin": {
                "shares": 0
            },
            "stumbledupon": {
                "shares": 0
            },
            "vk": {
                "shares": 0
            }
        }
    },
    "uuid": "a10be5a6b1b02c8d1877c028a7e812af214d11e6",
    "url": "https://www.eldesmarque.com/futbol/copa-del-rey/20240107/sergi-canos-se-desquita-gracias-a-baraja-no-me-dejaban-chutar-desde-fuera-del-area-en-el-brentford_300203967.html",
    "ord_in_thread": 0,
    "parent_url": null,
    "author": "Xema Tarazona",
    "published": "2024-01-07T22:33:00.000+02:00",
    "title": "Sergi Canós se desquita gracias a Baraja: \"Han estado siete años sin dejarme\"",
    "text": "Sergi Canós se desquita gracias a Baraja: \"Han estado siete años sin dejarme\"\n- Sergi Canós ha hablado en rueda de prensa\n- El Valencia CF ha ganado en la prórroga (1-2)\n-\nA beber una Copa también se aprende\nEl jugador del Valencia CF, Sergi Canós, ha comparecido en rueda de prensa tras el\nchoque que le ha enfrentado al FC Cartagena correspondiente a los dieciseisavos de final de la Copa del Rey. El de Nules ha sido parte importante de la victoria anotando el gol del empate y ha hablado sobre su buen disparo desde fuera del área: \"Es complicado porque he estado siete años en el Brentford y el entrenador no me dejaba chutar desde fuera del área. Ahora, el mister me reitera que lo intente porque me dicen que tengo un buen disparo, que yo creo que lo tengo. Han estado siete años sin dejarme, pero confío en mí\".\nAdemás, Sergi Canós ha respondido a las siguientes cuestiones:\nSergi Canós está feliz\n\"El gol es muy importante. Siempre es bonito marcar y de la manera que ha pasado, que hemos podido empatar y darle la vuelta. Muy feliz, hay que seguir trabajando\".\n¿Qué espera de la Copa?\n\"El objetivo es jugar el próximo partido, que es el más importante. Ojalá nos toque en Mestalla\".\nUn gran gol\n\"Siempre he tenido confianza en mí mismo. Sé que puedo dar eso y más. Ha sido un gran gol. Muy contento de poder ayudar al equipo y darle la vuelta al resultado\".\nLes ha costado\n\"Creo que todos los partidos han sido muy difíciles para todos los equipos. Muchos equipos de Primera han sufrido. Sí que es verdad que nos ha pasado un poquito más. Veremos el partido otra vez para ver en qué hemos fallado y tratar de mejorar\".\n¿Rival favorito?\n\"En realidad, me da igual. Ojalá podamos jugar en Mestalla\".\nEl ambiente en el vestuario\n\"El ambiente es inmejorable. Es un ambiente buenísimo. He estado en pocos vestuarios así. Estamos muy unidos y significa mucho. NOs da mucho dentro del campo. Cada balón estás ayudando a tu compañero\".\n¿Todavía puede dar mucho más?\n\"Sí, puedo dar mucho más. Mucho más\".\n¿A quién dedica el gol?\n\"Todos los goles van dedicados a mi madre. No hay más. Hoy es 7 y hace 11 meses que falleció. También dedicarlo a toda la afición del Valencia CF, que me ha flipado. Han hecho que tuviésemos ese extra de fuerza para dar la vuelta al resultado\".",
    "highlightText": "",
    "highlightTitle": "",
    "highlightThreadTitle": "",
    "language": "spanish",
    "sentiment": "positive",
    "categories": [
        "Human Interest"
    ],
    "external_links": [],
    "external_images": [],
    "entities": {
        "persons": [],
        "organizations": [],
        "locations": []
    },
    "rating": null,
    "crawled": "2024-01-08T00:39:34.939+02:00",
    "updated": "2024-01-08T00:39:34.939+02:00"
}