{
    "thread": {
        "uuid": "1031844ae5fc6092d570cfc9cd95938c751cf529",
        "url": "https://news.yahoo.com/man-dementia-reunited-son-wandering-211731865.html",
        "site_full": "news.yahoo.com",
        "site": "yahoo.com",
        "site_section": "https://news.yahoo.com/us",
        "site_categories": [
            "media"
        ],
        "section_title": "US | Yahoo News - Latest News &amp; Headlines",
        "title": "Man with dementia reunited with son after wandering off, Marietta police say",
        "title_full": "Man with dementia reunited with son after wandering off, Marietta police say",
        "published": "2024-01-07T22:17:00.000+02:00",
        "replies_count": 0,
        "participants_count": 1,
        "site_type": "news",
        "country": "IT",
        "main_image": "https://media.zenfs.com/en/wsb_cox_articles_232/0b931f48f97fae2cef43d48d78469423",
        "performance_score": 0,
        "domain_rank": 37,
        "domain_rank_updated": "2024-01-02T12:06:49.000+02:00",
        "reach": null,
        "social": {
            "facebook": {
                "likes": 0,
                "comments": 0,
                "shares": 0
            },
            "gplus": {
                "shares": 0
            },
            "pinterest": {
                "shares": 0
            },
            "linkedin": {
                "shares": 0
            },
            "stumbledupon": {
                "shares": 0
            },
            "vk": {
                "shares": 0
            }
        }
    },
    "uuid": "1031844ae5fc6092d570cfc9cd95938c751cf529",
    "url": "https://news.yahoo.com/man-dementia-reunited-son-wandering-211731865.html",
    "ord_in_thread": 0,
    "parent_url": null,
    "author": "Yahoo Sports",
    "published": "2024-01-07T22:17:00.000+02:00",
    "title": "Man with dementia reunited with son after wandering off, Marietta police say",
    "text": "WSB Cox articles Man with dementia reunited with son after wandering off, Marietta police say WSBTV.com News Staff January 8, 2024 at 12:17 AM · 1 min read Link Copied Read full article\nA man was reunited with his father, who suffers from dementia, thanks to Marietta police.\nMarietta police said an 83-year-old man with dementia wandered away from his son.\nOfficers began searching the area to find the man amid the cold weather.\n[DOWNLOAD: Free WSB-TV News app for alerts as news breaks ]\nEventually, he was found walking more than two miles away from his home.\nMarietta police thanked its officers who assisted in finding the man in a post on their Facebook page .\nTRENDING STORIES:\n7-year-old mistakes handgun for air-soft gun, shoots 12-year-old sister, Georgia deputies say\nAtlanta restaurant receives threats over extra fee to help with employees’ health insurance\nMan surrenders at Fulton County Jail, faces murder and weapon charges\n[SIGN UP: WSB-TV Daily Headlines Newsletter ]\nIN OTHER NEWS:\nView comments",
    "highlightText": "",
    "highlightTitle": "",
    "highlightThreadTitle": "",
    "language": "english",
    "sentiment": "positive",
    "categories": [
        "Human Interest"
    ],
    "external_links": [
        "https://s.yimg.com/os/creatr-uploaded-images/2023-05/35390dc0-f043-11ed-bc32-02b4c9ef2cf0",
        "https://membercenter.wsbtv.com/newsletters",
        "https://www.wsbtv.com/",
        "https://www.wsbtv.com/news/local/7-year-old-mistakes-handgun-air-soft-gun-shoots-12-year-old-sister-georgia-deputies-say/WKEALX7MKZETJBNKVEUNTCKOZU/",
        "https://twitter.com/intent/tweet?text=Man%20with%20dementia%20reunited%20with%20son%20after%20wandering%20off%2C%20Marietta%20police%20say&url=https%3A%2F%2Fnews.yahoo.com%2Fman-dementia-reunited-son-wandering-211731865.html%3Fsoc_src%3Dsocial-sh%26soc_trk%3Dtw%26tsrc%3Dtwtr&via=YahooNews",
        "https://www.wsbtv.com/smart-tv/",
        "https://s.yimg.com/ny/api/res/1.2/fQ.6gN6wln0jFQn7rOr1CQ--/YXBwaWQ9aGlnaGxhbmRlcjt3PTQyMDtoPTIzNw--/https://media.zenfs.com/en/wsb_cox_articles_232/0b931f48f97fae2cef43d48d78469423",
        "https://www.facebook.com/dialog/feed?app_id=458584288257241&link=https%3A%2F%2Fnews.yahoo.com%2Fman-dementia-reunited-son-wandering-211731865.html%3Fsoc_src%3Dsocial-sh%26soc_trk%3Dfb%26tsrc%3Dfb",
        "https://s.yimg.com/ny/api/res/1.2/OBukFMKhmMv3V2_2RwvUAQ--/YXBwaWQ9aGlnaGxhbmRlcjt3PTE0NjtoPTYw/https://s.yimg.com/os/creatr-uploaded-images/2023-05/35390dc0-f043-11ed-bc32-02b4c9ef2cf0",
        "https://www.wsbtv.com/news/local/atlanta/atlanta-restaurant-receives-threats-over-extra-fee-help-with-employees-health-insurance/FJ7JSWSVXBCIVLSCCFA3QHTV3U/",
        "https://www.wsbtv.com/news/local/fulton-county/man-surrenders-fulton-county-jail-faces-murder-weapon-charges/TGW6GGW5MZEEZLW45KDM2WYVBM/",
        "https://media.zenfs.com/en/wsb_cox_articles_232/0b931f48f97fae2cef43d48d78469423",
        "https://www.facebook.com/MariettaPoliceDept/posts/pfbid02Dq7a9cM9FwmoKcNdDqLtyKehCMmQtmycfuFTz3FWxCfPqVvPHXPSZWARhywDut5kl",
        "https://wsbtv.com/news/local/fulton-county/man-surrenders-fulton-county-jail-faces-murder-weapon-charges/TGW6GGW5MZEEZLW45KDM2WYVBM/",
        "https://www.facebook.com/dialog/feed",
        "https://www.wsbtv.com/news/local/atlanta/atlanta-restaurant-receives-threats-over-extra-fee-help-with-employees-health-insurance/FJ7JSWSVXBCIVLSCCFA3QHTV3U",
        "https://facebook.com/dialog/feed?app_id=458584288257241&link=https%3A%2F%2Fnews.yahoo.com%2Fman-dementia-reunited-son-wandering-211731865.html%3Fsoc_src%3Dsocial-sh%26soc_trk%3Dfb%26tsrc%3Dfb",
        "https://www.twitter.com/intent/tweet?text=Man%20with%20dementia%20reunited%20with%20son%20after%20wandering%20off%2C%20Marietta%20police%20say&url=https%3A%2F%2Fnews.yahoo.com%2Fman-dementia-reunited-son-wandering-211731865.html%3Fsoc_src%3Dsocial-sh%26soc_trk%3Dtw%26tsrc%3Dtwtr&via=YahooNews",
        "https://www.wsbtv.com/smart-tv",
        "https://www.membercenter.wsbtv.com/newsletters",
        "https://www.s.yimg.com/os/creatr-uploaded-images/2023-05/35390dc0-f043-11ed-bc32-02b4c9ef2cf0",
        "https://www.media.zenfs.com/en/wsb_cox_articles_232/0b931f48f97fae2cef43d48d78469423",
        "https://www.wsbtv.com/news/local/fulton-county/man-surrenders-fulton-county-jail-faces-murder-weapon-charges/TGW6GGW5MZEEZLW45KDM2WYVBM",
        "https://www.wsbtv.com",
        "https://facebook.com/MariettaPoliceDept/posts/pfbid02Dq7a9cM9FwmoKcNdDqLtyKehCMmQtmycfuFTz3FWxCfPqVvPHXPSZWARhywDut5kl",
        "https://wsbtv.com/news/local/atlanta/atlanta-restaurant-receives-threats-over-extra-fee-help-with-employees-health-insurance/FJ7JSWSVXBCIVLSCCFA3QHTV3U/",
        "https://www.wsbtv.com/news/local/7-year-old-mistakes-handgun-air-soft-gun-shoots-12-year-old-sister-georgia-deputies-say/WKEALX7MKZETJBNKVEUNTCKOZU",
        "https://wsbtv.com/news/local/7-year-old-mistakes-handgun-air-soft-gun-shoots-12-year-old-sister-georgia-deputies-say/WKEALX7MKZETJBNKVEUNTCKOZU/",
        "https://www.s.yimg.com/ny/api/res/1.2/fQ.6gN6wln0jFQn7rOr1CQ--/YXBwaWQ9aGlnaGxhbmRlcjt3PTQyMDtoPTIzNw--/https://www.media.zenfs.com/en/wsb_cox_articles_232/0b931f48f97fae2cef43d48d78469423",
        "https://wsbtv.com/",
        "https://www.s.yimg.com/ny/api/res/1.2/OBukFMKhmMv3V2_2RwvUAQ--/YXBwaWQ9aGlnaGxhbmRlcjt3PTE0NjtoPTYw/https://www.s.yimg.com/os/creatr-uploaded-images/2023-05/35390dc0-f043-11ed-bc32-02b4c9ef2cf0",
        "https://twitter.com/intent/tweet",
        "https://wsbtv.com/smart-tv/"
    ],
    "external_images": [],
    "entities": {
        "persons": [
            {
                "name": "marietta",
                "sentiment": "negative"
            }
        ],
        "organizations": [
            {
                "name": "wsb cox",
                "sentiment": "negative"
            },
            {
                "name": "marietta",
                "sentiment": "none"
            },
            {
                "name": "wsb-tv daily headlines newsletter",
                "sentiment": "none"
            }
        ],
        "locations": [
            {
                "name": "fulton county jail",
                "sentiment": "none"
            },
            {
                "name": "marietta",
                "sentiment": "none"
            },
            {
                "name": "atlanta",
                "sentiment": "none"
            },
            {
                "name": "georgia",
                "sentiment": "none"
            }
        ]
    },
    "rating": null,
    "crawled": "2024-01-08T00:30:43.006+02:00",
    "updated": "2024-01-08T00:30:43.006+02:00"
}