{
    "thread": {
        "uuid": "86bfeb68f52835697133e4102494df21cfa04101",
        "url": "https://www.cbs7.com:443/2024/01/07/firefighter-snowplowing-route-notices-house-fire-rescues-4-people-3-dogs/",
        "site_full": "www.cbs7.com",
        "site": "cbs7.com",
        "site_section": "https://cbs7.com/powernation",
        "site_categories": [
            "media",
            "hobbies_and_interests"
        ],
        "section_title": "POWERNATION",
        "title": "Firefighter on snowplowing route notices house fire, rescues 4 people and 3 dogs",
        "title_full": "Firefighter on snowplowing route notices house fire, rescues 4 people and 3 dogs",
        "published": "2024-01-08T00:15:00.000+02:00",
        "replies_count": 0,
        "participants_count": 1,
        "site_type": "news",
        "country": "US",
        "main_image": "https://gray-kosa-prod.cdn.arcpublishing.com/resizer/v2/UXR6Z5BDB5D35FZ6RUKCSD6PKI.jpg?auth=2d7c84fcb9a357a6b586eaef02cee1fb15ca35a1f70880a6facec5cf6e9ad5fb&amp;width=1200&amp;height=600&amp;smart=false&amp;focal=2981%2C1625",
        "performance_score": 0,
        "domain_rank": 45959,
        "domain_rank_updated": "2024-01-02T12:06:53.000+02:00",
        "reach": null,
        "social": {
            "facebook": {
                "likes": 0,
                "comments": 0,
                "shares": 0
            },
            "gplus": {
                "shares": 0
            },
            "pinterest": {
                "shares": 0
            },
            "linkedin": {
                "shares": 0
            },
            "stumbledupon": {
                "shares": 0
            },
            "vk": {
                "shares": 0
            }
        }
    },
    "uuid": "86bfeb68f52835697133e4102494df21cfa04101",
    "url": "https://www.cbs7.com:443/2024/01/07/firefighter-snowplowing-route-notices-house-fire-rescues-4-people-3-dogs/",
    "ord_in_thread": 0,
    "parent_url": null,
    "author": "@CBS7News",
    "published": "2024-01-08T00:15:00.000+02:00",
    "title": "Firefighter on snowplowing route notices house fire, rescues 4 people and 3 dogs",
    "text": "Firefighter on snowplowing route notices house fire, rescues 4 people and 3 dogs TRUMBULL, Conn. (WFSB/Gray News) - A firefighter who was plowing the snowy streets of Trumbull, Connecticut, jumped into action to rescue four people and three dogs when he happened upon a house fire. [WFSB](https://www.wfsb.com/2024/01/07/firefighter-plowing-route-notices-house-fire-rescues-people-pets/) reports Shaun Bogen’s quick actions were credited with saving the lives of the victims. The [Long Hill Fire Department said](https://www.facebook.com/longhillfd/posts/pfbid0uNJskTAvbNXazDW3ybvZ3mLqGGpdjbSUJLsFGQJZQHEJpVsSWnDyBrfeSmbCzbr3l) the house fire on Haviland Drive began just before 4 a.m. Sunday. While he was on the plowing route, Bogen discovered a house with a fire in the garage, according to the fire department. Bogen radioed into his base to alert them of the fire and called 911. Bogen then sprung into action, waking up the four sleeping residents and their three dogs and making sure everyone was outside before the fire department arrived. A total of 26 firefighters responded to the fire, and the first unit to arrive found the fire most heavy in the garage and extending into the home. The firefighters brought the fire under control in less than one hour. Officials said there did not appear to be any injuries. The cause of the fire remains under investigation. Copyright 2024 WFSB via Gray Media Group, Inc. All rights reserved.",
    "highlightText": "",
    "highlightTitle": "",
    "highlightThreadTitle": "",
    "language": "english",
    "sentiment": "positive",
    "categories": [
        "Human Interest",
        "Disaster and Accident"
    ],
    "external_links": [
        "https://www.wfsb.com/2024/01/07/firefighter-plowing-route-notices-house-fire-rescues-people-pets/)",
        "https://www.facebook.com/longhillfd/posts/pfbid0uNJskTAvbNXazDW3ybvZ3mLqGGpdjbSUJLsFGQJZQHEJpVsSWnDyBrfeSmbCzbr3l)",
        "https://wfsb.com/2024/01/07/firefighter-plowing-route-notices-house-fire-rescues-people-pets/)",
        "https://facebook.com/longhillfd/posts/pfbid0uNJskTAvbNXazDW3ybvZ3mLqGGpdjbSUJLsFGQJZQHEJpVsSWnDyBrfeSmbCzbr3l)"
    ],
    "external_images": [],
    "entities": {
        "persons": [
            {
                "name": "bogen",
                "sentiment": "none"
            },
            {
                "name": "shaun bogen",
                "sentiment": "none"
            }
        ],
        "organizations": [
            {
                "name": "long hill fire department",
                "sentiment": "none"
            },
            {
                "name": "wfsb",
                "sentiment": "none"
            }
        ],
        "locations": [
            {
                "name": "trumbull",
                "sentiment": "none"
            },
            {
                "name": "conn.",
                "sentiment": "none"
            },
            {
                "name": "trumbull",
                "sentiment": "none"
            },
            {
                "name": "connecticut",
                "sentiment": "none"
            },
            {
                "name": "haviland drive",
                "sentiment": "none"
            }
        ]
    },
    "rating": null,
    "crawled": "2024-01-08T00:23:15.245+02:00",
    "updated": "2024-01-08T00:23:15.245+02:00"
}