{
    "thread": {
        "uuid": "5b1ffb83656bbb9ef3ea9a79988c7811caf0bd8b",
        "url": "https://www.sasktoday.ca/indigenous-news/abby-stonehouse-leads-canada-past-czechia-at-world-womens-under-18-hockey-event-8068113",
        "site_full": "www.sasktoday.ca",
        "site": "sasktoday.ca",
        "site_section": "https://www.sasktoday.ca/rss",
        "site_categories": [],
        "section_title": "SaskToday.ca: sasktoday",
        "title": "Abby Stonehouse leads Canada past Czechia at world women's under-18 hockey event",
        "title_full": "Abby Stonehouse leads Canada past Czechia at world women's under-18 hockey event",
        "published": "2024-01-07T23:50:00.000+02:00",
        "replies_count": 0,
        "participants_count": 1,
        "site_type": "news",
        "country": "CA",
        "main_image": "https://www.vmcdn.ca/files/sasktoday/images/sasktoday/sasktoday-green-logo.jpg",
        "performance_score": 0,
        "domain_rank": 83176,
        "domain_rank_updated": "2024-01-02T12:06:57.000+02:00",
        "reach": null,
        "social": {
            "facebook": {
                "likes": 0,
                "comments": 0,
                "shares": 0
            },
            "gplus": {
                "shares": 0
            },
            "pinterest": {
                "shares": 0
            },
            "linkedin": {
                "shares": 0
            },
            "stumbledupon": {
                "shares": 0
            },
            "vk": {
                "shares": 0
            }
        }
    },
    "uuid": "5b1ffb83656bbb9ef3ea9a79988c7811caf0bd8b",
    "url": "https://www.sasktoday.ca/indigenous-news/abby-stonehouse-leads-canada-past-czechia-at-world-womens-under-18-hockey-event-8068113",
    "ord_in_thread": 0,
    "parent_url": null,
    "author": "Canadian Press",
    "published": "2024-01-07T23:50:00.000+02:00",
    "title": "Abby Stonehouse leads Canada past Czechia at world women's under-18 hockey event",
    "text": "ZUG, Switzerland — Abby Stonehouse scored two short-handed goals and added three assists to lead Canada past Czechia 8-1 on Sunday at the world under-18 women's hockey championship.\nStonehouse score twice in the second period for Canada (2-0), which opened the tournament Saturday with an 11-0 victory over Germany. Morgan Jackson and Caitlin Kraemer (two apiece), Emma Venusio and Mackenzie Alexander had the other goals.\nAneta Paroubkova replied for Czechia (0-2).\nKraemer had two goals Saturday to become Canada's national women's under-18 all-time leading goal scorer with 17.\nKraemer opened the scoring with a short-handed goal at 12:28 of the first. But Canada broke the game open in the second, outscoring Czechia 4-1 in the period.\nStonehouse put Canada ahead 2-0 at 1:43 before scoring her second of the period at 8:20. Venusio made it 4-0 with the man advantage at 16:15 before Paroubkova scored at 17:38.\nBut Jackson countered at 19:27 to give the Canadians a four-goal advantage.\nJackson added her second of the game at 7:47 of the third. Kraemer and Alexander scored at 10:39 and 15:55, respectively, to round out the scoring.\nThis report by The Canadian Press was first published Jan. 7, 2024.\nThe Canadian Press",
    "highlightText": "",
    "highlightTitle": "",
    "highlightThreadTitle": "",
    "language": "english",
    "sentiment": "positive",
    "categories": [
        "Sport",
        "Social Issue",
        "Human Interest"
    ],
    "external_links": [],
    "external_images": [],
    "entities": {
        "persons": [
            {
                "name": "abby stonehouse",
                "sentiment": "negative"
            },
            {
                "name": "mackenzie alexander",
                "sentiment": "none"
            },
            {
                "name": "stonehouse",
                "sentiment": "none"
            },
            {
                "name": "alexander",
                "sentiment": "none"
            },
            {
                "name": "paroubkova",
                "sentiment": "none"
            },
            {
                "name": "venusio",
                "sentiment": "none"
            },
            {
                "name": "morgan jackson",
                "sentiment": "none"
            },
            {
                "name": "caitlin kraemer",
                "sentiment": "none"
            },
            {
                "name": "aneta paroubkova",
                "sentiment": "none"
            },
            {
                "name": "jackson",
                "sentiment": "none"
            },
            {
                "name": "kraemer",
                "sentiment": "none"
            },
            {
                "name": "emma venusio",
                "sentiment": "none"
            }
        ],
        "organizations": [
            {
                "name": "czechia",
                "sentiment": "none"
            }
        ],
        "locations": [
            {
                "name": "canada",
                "sentiment": "none"
            },
            {
                "name": "czechia",
                "sentiment": "none"
            },
            {
                "name": "zug",
                "sentiment": "none"
            },
            {
                "name": "switzerland",
                "sentiment": "none"
            },
            {
                "name": "germany",
                "sentiment": "none"
            }
        ]
    },
    "rating": null,
    "crawled": "2024-01-08T00:06:02.214+02:00",
    "updated": "2024-01-08T00:06:02.214+02:00"
}