{
    "thread": {
        "uuid": "fa193dddbd498b2e404ff6a858ba09f8a1af6cf3",
        "url": "https://vnexplorer.net/ana-milan-y-el-jersey-estilo-alpino-que-mas-calienta-de-sfera-s854031.html",
        "site_full": "vnexplorer.net",
        "site": "vnexplorer.net",
        "site_section": "https://vnexplorer.net/feed",
        "site_categories": [],
        "section_title": "Verified News Explorer Channel - VNExplorer",
        "title": "Ana Milán y el jersey estilo alpino que más calienta de Sfera",
        "title_full": "Ana Milán y el jersey estilo alpino que más calienta de Sfera",
        "published": "2024-01-08T00:14:00.000+02:00",
        "replies_count": 0,
        "participants_count": 1,
        "site_type": "news",
        "country": "US",
        "main_image": "https://img-s-msn-com.akamaized.net/tenant/amp/entityid/AA1mAqCa.img",
        "performance_score": 0,
        "domain_rank": 46448,
        "domain_rank_updated": "2024-01-02T12:06:53.000+02:00",
        "reach": null,
        "social": {
            "facebook": {
                "likes": 0,
                "comments": 0,
                "shares": 0
            },
            "gplus": {
                "shares": 0
            },
            "pinterest": {
                "shares": 0
            },
            "linkedin": {
                "shares": 0
            },
            "stumbledupon": {
                "shares": 0
            },
            "vk": {
                "shares": 0
            }
        }
    },
    "uuid": "fa193dddbd498b2e404ff6a858ba09f8a1af6cf3",
    "url": "https://vnexplorer.net/ana-milan-y-el-jersey-estilo-alpino-que-mas-calienta-de-sfera-s854031.html",
    "ord_in_thread": 0,
    "parent_url": null,
    "author": "VNExplorer",
    "published": "2024-01-08T00:14:00.000+02:00",
    "title": "Ana Milán y el jersey estilo alpino que más calienta de Sfera",
    "text": "No hay nada que sea más capaz de frenar el frío y quedarse congelada que un buen jersey bien grueso y calentito. De esos que te abrazan y reconfortan, capaces de calentar incluso el alma. Aunque debería ser una tarea fácil, lo cierto es que no. Las tendencias estos últimos meses han ido de cabeza enfocadas hacia las transparencias y los encajes, muy alejados del estar protegida y con calor frente al frío.\nEn la búsqueda insaciable de un buen jersey, de los de toda la vida, pero eliminando el detalle de que piquen, nos topamos con la última adquisición de Ana Milán, una joya que ha compartido en redes sociales y que ya hemos añadido a nuestro carrito de la compra.\nEl jersey calentito de Ana Milán Si por algo encanta el estilo de Ana Milán es por estar siempre a la última y descubrir los verdaderas joyas de las tiendas más top del momento. Ya sea por el buen rollo que genera o por ser una auténtica cazatesoros de la web, no podemos evitar querer recrear su armario al completo. Si te pasa como a nosotras y ya eres una fan declarada y consagrada de la actriz, te interesa saber todo sobre el jersey calentito y que no pica de Milán.\nana milán.PNG\nUn jersey que las alternativas de Malasaña jurarían que es vintage. Se trata de un jersey de Sfera, uno de los más bonitos que hemos visto de estilo alpino. Un precioso color gris oscuro con detalles en la zona del cuello caja y pecho en dorado y blanco. Con este jersey nos imaginamos a los famosos de los ochenta tomando un chocolate caliente tras una dura jornada esquiando.\nSi fuésemos tú, no tardaríamos mucho en en ir a la web de Sfera y hacerte con el tuyo (o su alternativa camel) porque seguro que vuelan en cuestión de segundos.",
    "highlightText": "",
    "highlightTitle": "",
    "highlightThreadTitle": "",
    "language": "spanish",
    "sentiment": "positive",
    "categories": [
        "Lifestyle and Leisure",
        "Arts, Culture and Entertainment",
        "Human Interest"
    ],
    "external_links": [
        "https://img-s-msn-com.akamaized.net/tenant/amp/entityid/AA1mAqCa.img",
        "https://www.img-s-msn-com.akamaized.net/tenant/amp/entityid/AA1mAqCa.img"
    ],
    "external_images": [],
    "entities": {
        "persons": [],
        "organizations": [],
        "locations": []
    },
    "rating": null,
    "crawled": "2024-01-08T00:34:12.335+02:00",
    "updated": "2024-01-08T00:34:12.335+02:00"
}