{
    "thread": {
        "uuid": "04c215fb3c39ad00e2db21c37a2ba6fa3c21ab26",
        "url": "https://onefootball.com/en/news/mbappe-scores-three-psg-score-nine-in-thumping-of-revel-38838242",
        "site_full": "onefootball.com",
        "site": "onefootball.com",
        "site_section": "https://onefootball.com/rss/en.xml",
        "site_categories": [
            "sports"
        ],
        "section_title": "OneFootball",
        "title": "🚨 Mbappé scores three, PSG score nine in thumping of Revel",
        "title_full": "🚨 Mbappé scores three, PSG score nine in thumping of Revel",
        "published": "2024-01-07T23:35:00.000+02:00",
        "replies_count": 0,
        "participants_count": 1,
        "site_type": "news",
        "country": "US",
        "main_image": "https://photobooth-api.onefootball.com/api/screenshot/%2Fv2%2Fphotobooth%2Fcms%2Fen%2F38838242",
        "performance_score": 0,
        "domain_rank": 18499,
        "domain_rank_updated": "2024-01-02T12:06:49.000+02:00",
        "reach": null,
        "social": {
            "facebook": {
                "likes": 0,
                "comments": 0,
                "shares": 0
            },
            "gplus": {
                "shares": 0
            },
            "pinterest": {
                "shares": 0
            },
            "linkedin": {
                "shares": 0
            },
            "stumbledupon": {
                "shares": 0
            },
            "vk": {
                "shares": 0
            }
        }
    },
    "uuid": "04c215fb3c39ad00e2db21c37a2ba6fa3c21ab26",
    "url": "https://onefootball.com/en/news/mbappe-scores-three-psg-score-nine-in-thumping-of-revel-38838242",
    "ord_in_thread": 0,
    "parent_url": null,
    "author": "Adam Booker",
    "published": "2024-01-07T23:35:00.000+02:00",
    "title": "🚨 Mbappé scores three, PSG score nine in thumping of Revel",
    "text": "\nPSG cruised away to sixth-tier side\n[Revel](/en/team/revel-52710), advancing to the next round of the [Coupe de France](/en/competition/coupe-de-france-33/fixtures).\nScorers: Mbappé 16′ 45′, 48′, N’Guessan (OG) 38′, Asensio 43′, Ramos (P) 71′, Kolo Muani 76′ 90′, Ndour 88′\nMinnows\n[Revel](/en/team/revel-52710) held on in the opening 15 minutes as [PSG](/en/team/psg-263) probed for the opener, but the solid rearguard wouldn’t remain that way for long as Kylian Mbappé broke the deadlock for the visitors.\nPSG doubled their lead before the break thanks to a Maxence N’Guessan own-goal after a pinpoint Nordi Mukiele cross.\nThe tie was all but killed off in the dying minutes of the half with goals from Marco Asensio and Kylian Mbappé seeing the visitors go four ahead of their hosts.\nMbappé started the second-half how he ended the first, tapping home from close range to complete his hat-trick.\nMeanwhile,\n[PSG](/en/team/psg-263) registered their sixth of the night from the penalty spot in the final 20 minutes, as Gonçalo Ramos dispatched from 12-yards.\nRandal Kolo Muani would not allow himself to miss out on the scoring action however, tallying just five minutes after Ramos to put\n[PSG](/en/team/psg-263) seven head in style.\nThe visitor’s lead grew to nine before the final whistle, capping off a thoroughly dominant\n[PSG](/en/team/psg-263) showing.",
    "highlightText": "",
    "highlightTitle": "",
    "highlightThreadTitle": "",
    "language": "english",
    "sentiment": "positive",
    "categories": [
        "Sport",
        "Human Interest",
        "Arts, Culture and Entertainment"
    ],
    "external_links": [],
    "external_images": [],
    "entities": {
        "persons": [
            {
                "name": "gonçalo ramos",
                "sentiment": "none"
            },
            {
                "name": "ramos",
                "sentiment": "none"
            },
            {
                "name": "nordi mukiele",
                "sentiment": "none"
            },
            {
                "name": "kylian mbappé",
                "sentiment": "none"
            },
            {
                "name": "marco asensio",
                "sentiment": "none"
            },
            {
                "name": "kolo muani",
                "sentiment": "none"
            },
            {
                "name": "asensio",
                "sentiment": "none"
            },
            {
                "name": "ndour",
                "sentiment": "none"
            },
            {
                "name": "randal kolo muani",
                "sentiment": "none"
            }
        ],
        "organizations": [
            {
                "name": "psg",
                "sentiment": "negative"
            },
            {
                "name": "mbappé",
                "sentiment": "none"
            }
        ],
        "locations": [
            {
                "name": "france",
                "sentiment": "none"
            }
        ]
    },
    "rating": null,
    "crawled": "2024-01-08T00:04:27.110+02:00",
    "updated": "2024-01-08T00:04:27.110+02:00"
}