{
    "thread": {
        "uuid": "dab15deffa4dd4048fc7ce0cd855a2dbd553e71e",
        "url": "https://www.publimetro.co/deportes/2024/01/07/millonarios-se-quedo-con-otra-referente-y-los-hinchas-salieron-a-cobrarle-a-los-de-santa-fe/",
        "site_full": "www.publimetro.co",
        "site": "publimetro.co",
        "site_section": "http://www.publimetro.co",
        "site_categories": [
            "real_estate",
            "apartments"
        ],
        "section_title": "Publimetro - Noticias, Deportes y Entretenimiento de Colombia y el mundo",
        "title": "Millonarios confirmó el fichaje de Diana Celis y los hinchas 'le cobraron' a los de Santa Fe",
        "title_full": "Millonarios confirmó el fichaje de Diana Celis y los hinchas 'le cobraron' a los de Santa Fe",
        "published": "2024-01-07T23:27:00.000+02:00",
        "replies_count": 0,
        "participants_count": 1,
        "site_type": "news",
        "country": "CO",
        "main_image": "https://www.publimetro.co/resizer/gGh-X_S61uvW1TpqXjWIkGIcgyA=/1200x630/filters:format(png):quality(70)/cloudfront-us-east-1.images.arcpublishing.com/metroworldnews/V5TVJC2KMZCZ5BXDFSHVZVB2DE.png",
        "performance_score": 0,
        "domain_rank": 99465,
        "domain_rank_updated": "2024-01-02T12:06:57.000+02:00",
        "reach": null,
        "social": {
            "facebook": {
                "likes": 0,
                "comments": 0,
                "shares": 0
            },
            "gplus": {
                "shares": 0
            },
            "pinterest": {
                "shares": 0
            },
            "linkedin": {
                "shares": 0
            },
            "stumbledupon": {
                "shares": 0
            },
            "vk": {
                "shares": 0
            }
        }
    },
    "uuid": "dab15deffa4dd4048fc7ce0cd855a2dbd553e71e",
    "url": "https://www.publimetro.co/deportes/2024/01/07/millonarios-se-quedo-con-otra-referente-y-los-hinchas-salieron-a-cobrarle-a-los-de-santa-fe/",
    "ord_in_thread": 0,
    "parent_url": null,
    "author": "Daniel Barbosa",
    "published": "2024-01-07T23:27:00.000+02:00",
    "title": "Millonarios confirmó el fichaje de Diana Celis y los hinchas 'le cobraron' a los de Santa Fe",
    "text": "El equipo femenino de Millonarios está armando un proyecto más que interesante de cara a la temporada 2024, en la que buscarán pelear por su primer título de liga colombiana y para eso se están reforzando de gran manera, con varias jugadoras de las vigentes campeonas, Independiente Santa Fe.\nYa se había confirmado la llegada de Daniela Garavito y la referente Liana Salazar , pero este domingo 7 de enero se confirmó una tercera jugadora, se cambiará de equipo bogotano y los hinchas de Millonarios ‘salieron a cobrarle’ a los de Santa Fe.\nVea acá: Luis Díaz clavó lindo golazo en todo el ángulo y al último minuto para eliminar al Arsenal\nConozca a la nueva futbolista de Millonarios: A través de sus redes sociales, Millonarios hizo oficial la llegada de la delantera Diana Celis , quien a sus 30 años de edad ha pasado por equipos como Santiago Morning de Chile, Deportivo Cali, La Equidad e Independiente Santa Fe en Colombia y viene de ser campeona con las ‘leonas’.\nLa experimentada delantera compartió la publicación de su nuevo equipo y mandó un mensaje de esperanza para los aficionados que anhelan ver campeón a ‘Millos’ de la liga femenina:\n“Vamos por la primera” Vamos por la primera ⭐️ https://t.co/TUkVFg0y0p\n— Diana Celis (@diana_celis5) January 7, 2024 Le puede interesar: “Le saco un diente”: Linda Caicedo ‘probó suerte’ en el boxeo y se agarró con compañera de la Selección\nLos hinchas de Millonarios ‘salieron a cobrarle’ a los de Santa Fe: Uno de los argumentos con los que se defendieron los hinchas de Santa Fe tras la marcha de Garavito y Liana fue que todavía quedaba Diana Celis, pero ahora que se va, los de Millonarios aprovecharon para ‘salir a cobrar’ y a través de redes sociales lo hicieron:\n- “Ahora sí veo llorando a más de un rojo jajajajajajajajajaja disfrut ”\n- “Los de Santa Fe quedaron como unos bobos creyendo que Diana Celis se iba a quedar”\n- “Jajajaja mire donde caen los verdaderos ídolos de un equipo xd vamos por la primera”",
    "highlightText": "",
    "highlightTitle": "",
    "highlightThreadTitle": "",
    "language": "spanish",
    "sentiment": "positive",
    "categories": [
        "Sport",
        "Lifestyle and Leisure",
        "Human Interest"
    ],
    "external_links": [
        "https://t.co/TUkVFg0y0p",
        "https://twitter.com/diana_celis5/status/1744053483588743240?ref_src=twsrc%5Etfw",
        "https://twitter.com/diana_celis5/status/1744053483588743240",
        "https://www.twitter.com/diana_celis5/status/1744053483588743240?ref_src=twsrc%5Etfw",
        "https://www.t.co/TUkVFg0y0p"
    ],
    "external_images": [],
    "entities": {
        "persons": [],
        "organizations": [],
        "locations": []
    },
    "rating": null,
    "crawled": "2024-01-08T00:02:41.916+02:00",
    "updated": "2024-01-08T00:02:41.916+02:00"
}