{
    "thread": {
        "uuid": "639b86c021ec9b8fdb9d1dac4e895689aa095162",
        "url": "https://www.foxsports.com/watch/fmc-wzd4mk7ynb6dz59p",
        "site_full": "www.foxsports.com",
        "site": "foxsports.com",
        "site_section": "http://api.foxsports.com/v1/rss?partnerKey=zBaFxRyGKCfxBagJG9b8pqLyndmvo7UU&tag=north",
        "site_categories": [
            "world_soccer",
            "sports"
        ],
        "section_title": "FOX Sports Digital",
        "title": "'Now it's on to the playoffs' – Amon-Ra St. Brown after Lions' dominant win over Vikings | NFL on FOX",
        "title_full": "'Now it's on to the playoffs' – Amon-Ra St. Brown after Lions' dominant win over Vikings | NFL on FOX",
        "published": "2024-01-07T23:38:00.000+02:00",
        "replies_count": 0,
        "participants_count": 1,
        "site_type": "news",
        "country": "US",
        "main_image": "",
        "performance_score": 0,
        "domain_rank": 2128,
        "domain_rank_updated": "2024-01-02T12:06:49.000+02:00",
        "reach": null,
        "social": {
            "facebook": {
                "likes": 0,
                "comments": 0,
                "shares": 4
            },
            "gplus": {
                "shares": 0
            },
            "pinterest": {
                "shares": 0
            },
            "linkedin": {
                "shares": 0
            },
            "stumbledupon": {
                "shares": 0
            },
            "vk": {
                "shares": 0
            }
        }
    },
    "uuid": "639b86c021ec9b8fdb9d1dac4e895689aa095162",
    "url": "https://www.foxsports.com/watch/fmc-wzd4mk7ynb6dz59p",
    "ord_in_thread": 0,
    "parent_url": null,
    "author": "@foxsports",
    "published": "2024-01-07T23:38:00.000+02:00",
    "title": "'Now it's on to the playoffs' – Amon-Ra St. Brown after Lions' dominant win over Vikings | NFL on FOX",
    "text": "my favs\nAccess and manage your favorites here\nDISMISS\nHome\nScores\nWatch\nOdds\nSuper 6\nStories\nSearch\nSign In\nAccount\nSPORTS & TEAMS\nPLAYERS\nSHOWS\nPERSONALITIES\nSPORTS\nSPORTS & TEAMS\nPLAYERS\nSHOWS\nPERSONALITIES\nSPORTS\nNFL\nNCAA FB\nMLB\nNBA\nNCAA BK\nNASCAR\nSoccer\nUSFL\nNCAAW BK\nNHL\nGolf\nPremier Boxing Champions\nWWE\nUFC\nWNBA\nTennis\nMotor Sports\nProfessional Bowlers Association\nHorse Racing\nWestminster Kennel Club\nFIBA\nOlympics\nWorld Baseball Classic\nSHOWS\nUndisputed\nTOMORROW | 9:30 AM\non\nThe Herd with Colin Cowherd\nTOMORROW | 12:00 PM\non\nThe Carton Show\nTOMORROW | 7:00 AM\non\nFirst Things First\nTOMORROW | 3:00 PM\non\nSpeak\nThe NFL on FOX Podcast\nThe Joel Klatt Show\nFlippin' Bats with Ben Verlander\nBear Bets: A FOX Sports Gambling Show\nThe Skip Bayless Show\nFOX NFL Sunday\nAlexi Lalas' State of the Union\nWhat's Wright? With Nick Wright\nThe Number One College Football Show\nBig Noon Kickoff\nFOX NFL Kickoff\nFOX Sports Films\nWWE Friday Night SmackDown\nFRIDAYS AT 8/7C\non\nNASCAR Race Hub\nTOMORROW | 9:00 PM\non\nOut of Character with Ryan Satin\nTOM RINALDI PRESENTS: WESLEY\nNASCAR #HotPass\nDraw for the FIFA Women's World Cup Australia & New Zealand 2023\nFIFA Women's World Cup - Top Moments\nFIFA Women's World Cup - Top Players\nFIFA Women's World Cup - Team Previews\nFIFA Women's World Cup - Goals\nFIFA Women's World Cup - Game Recaps\nFIFA Women's World Cup - Top Saves\nFIFA Women's World Cup - My Journey\nPERSONALITIES\nColin Cowherd\nSkip Bayless\nAlexi Lalas\nDerek Jeter\nEmmanuel Acho\nNick Wright\nCraig Carton\nMichael Irvin\nKeyshawn Johnson\nRichard Sherman\nRob Gronkowski\nChris Broussard\nJulian Edelman\nBen Verlander\nLeSean McCoy\nBucky Brooks\nMark Ingram II\nChris Fallica\nDavid Jacoby\nDavid Helman\nRic Bucher\nRob Friedman\nLaken Litman\nMelissa Rohlin\nJoel Klatt\nRyan Satin\nJason McIntyre\nGreg Olsen\nCharles Woodson\nLandon Donovan\nMichael DeCourcy\nRalph Vacchiano\nHenry Mckenna\nBob Pockrass\nCarmen Vitali\nAndy Katz\nRJ Young\nMartin Rogers\nChad Ochocinco\nRowan Kavner\nSam Panayotovich\nJordan Shusterman\nPatrick Everson\nMark Sanchez\nYaron Weitzman\nGeoff Schwartz\nGus Johnson\nEric D. Williams\nDoug McIntyre\nGreg Auman\nBen Arthur\nJohn Fanta\nDeesha Thosar\nRob Rang\nRob Stone\nJake Mintz\nMichael Vick\nErin Andrews\nMatt Leinart\nBryan Fischer\nKelly Smith\nMike Pereira\nDean Blandino\nJay Glazer\nKen Rosenthal\nMichael Cohen\nCharissa Thompson\nTom Rinaldi\nPeter Schrager\nTerry Bradshaw\nAlex Rodriguez\nJoy Taylor\nKevin Wildes\nClint Bowyer\nMichael Strahan\nEniola Aluko\nShannon Spake\nJimmy Johnson\nStu Holden\nAdam Amin\nDontrelle Willis\nJamie Little\nKevin Burkhardt\nJohn Smoltz\nPam Oliver\nBruce Feldman\nMichael Waltrip\nHowie Long\nJenny Taft\nCurt Menefee\nMark Schlereth\nMike Joy\nTim Brando\nJim Jackson\nChris Myers\nRegan Smith\nLindsay Czarniak\nMaurice Edu\nJennifer Hale\nTom Verducci\nLarry McReynolds\nKaitlyn Vincie\nBill Raftery\nDaryl Johnston\nKristina Pink\nJohnny Strong\nAlex Curry\nDonny Marshall\nDave Wannstedt\nCobi Jones\nLaura Okmin\nJP Dellacamera\nAdam Alexander\nAly Wagner\nHeather O'Reilly\nLisa Byington\nDanielle Slaton\nKatie Witham\nKyndra de St. Aubin\nA.J. Pierzynski\nVince Welch\nDr. Joe Machnik\nBobby Labonte\nSpencer Tillman\nKenny Albert\nJonathan Vilma\nGreg Jennings\nTodd Bodine\nUrban Meyer\nWarren Barton\nJoe Davis\nBrady Quinn\nDavid Ortiz\nNFL\nNFL\nNFL\nArizona Cardinals\nAtlanta Falcons\nBaltimore Ravens\nBuffalo Bills\nCarolina Panthers\nChicago Bears\nCincinnati Bengals\nCleveland Browns\nDallas Cowboys\nDenver Broncos\nDetroit Lions\nGreen Bay Packers\nHouston Texans\nIndianapolis Colts\nJacksonville Jaguars\nKansas City Chiefs\nLas Vegas Raiders\nLos Angeles Chargers\nLos Angeles Rams\nMiami Dolphins\nMinnesota Vikings\nNew England Patriots\nNew Orleans Saints\nNew York Giants\nNew York Jets\nPhiladelphia Eagles\nPittsburgh Steelers\nSan Francisco 49ers\nSeattle Seahawks\nTampa Bay Buccaneers\nTennessee Titans\nWashington Commanders\nNCAA FB\nNCAA FB\nNCAA FB\nAAC\nACC\nBSOVC\nBig 12\nBig Sky\nBig Ten\nC-USA\nCAA\nInd-FBS\nInd-FCS\nIvy\nMAC\nMEAC\nMVC\nMW\nNEC\nPac-12\nPatriot\nPioneer\nSEC\nSW Ath\nSouthern\nSouthlnd\nSun Belt\nUAC\nMLB\nMLB\nMLB\nArizona Diamondbacks\nAtlanta Braves\nBaltimore Orioles\nBoston Red Sox\nChicago Cubs\nChicago White Sox\nCincinnati Reds\nCleveland Guardians\nColorado Rockies\nDetroit Tigers\nHouston Astros\nKansas City Royals\nLos Angeles Angels\nLos Angeles Dodgers\nMiami Marlins\nMilwaukee Brewers\nMinnesota Twins\nNew York Mets\nNew York Yankees\nOakland Athletics\nPhiladelphia Phillies\nPittsburgh Pirates\nSan Diego Padres\nSan Francisco Giants\nSeattle Mariners\nSt. Louis Cardinals\nTampa Bay Rays\nTexas Rangers\nToronto Blue Jays\nWashington Nationals\nNBA\nNBA\nNBA\nAtlanta Hawks\nBoston Celtics\nBrooklyn Nets\nCharlotte Hornets\nChicago Bulls\nCleveland Cavaliers\nDallas Mavericks\nDenver Nuggets\nDetroit Pistons\nGolden State Warriors\nHouston Rockets\nIndiana Pacers\nLA Clippers\nLos Angeles Lakers\nMemphis Grizzlies\nMiami Heat\nMilwaukee Bucks\nMinnesota Timberwolves\nNew Orleans Pelicans\nNew York Knicks\nOklahoma City Thunder\nOrlando Magic\nPhiladelphia 76ers\nPhoenix Suns\nPortland Trail Blazers\nSacramento Kings\nSan Antonio Spurs\nToronto Raptors\nUtah Jazz\nWashington Wizards\nNCAA BK\nNCAA BK\nNCAA BK\nA 10\nA-Sun\nAAC\nACC\nAm. East\nBig 12\nBig East\nBig Sky\nBig South\nBig Ten\nBig West\nC-USA\nCAA\nDI-IND\nHorizon\nIvy\nMAA\nMAC\nMEastern\nMVC\nMWC\nNEC\nOVC\nPac-12\nPatriot\nSEC\nSLC\nSWAC\nSouthern\nSummit\nSun Belt\nWAC\nWCC\nNASCAR\nNASCAR\nNASCAR Cup Series\nNASCAR Xfinity Series\nNASCAR Craftsman Truck Series\nSOCCER\nSOCCER\nEPL\nMLS\nARG Prim\nAust AL\nAust Bund\nBrasil A\nBundesliga\nCAN Champ\nCAN PL\nChilean PD\nColombian PA\nCymru Premier\nDanish 1. Div\nDanish Superliga\nENG Champ\nENG L1\nENG L2\nEredivisie\nGreek SL\nIrish PD\nIsraeli PL\nJ1 League\nJupiler\nLa Liga\nLiga MX\nLiga Pro\nLigue 1\nMLS Next Pro\nNOR Eliteserien\nNOR FD\nNWSL\nParaguayan PD\nPeruvian PD\nPrimeira\nRussian PL\nSPL\nSWE Allsvenskan\nSaudi Pro League\nSerie A\nSerie A Fem\nSerie B\nSouth African FD\nSouth African PD\nSwiss SL\nTurkish SL\nUSL\nUSL Championship\nUSL One\nUSL Two\nUkrainian PL\nUru PD\nAfr Cup\nAlgarve Cup\nArab Cup\nArgentina Supercopa\nBelgian Super Cup\nBundesliga Playoffs\nC Nations\nC U17 Champ.\nC U17 W Champ\nC U20 Champ.\nC U20 W Champ\nC W Champ.\nCCL\nCONCACAF OLY Qual.\nCaribbean Cup\nCentral American Cup\nConf. Cup\nCopa Amér\nCopa Amér Fem\nCopa Lib.\nCopa Maradona\nCopa Rey\nCopa Sud.\nCoppa Italia\nCoupe de France\nDFB Pokal\nDutch Shield\nEngland Shield\nEuro Cup\nEuro Qual\nEuropa\nEuropa Conf. League\nFA Cup\nFIFA WC\nFIFA WWC\nFrance Trophee\nGerman DFL-Supercup\nGold Cup\nGreek Cup\nInt'l Champ Cup\nItaly Supercoppa\nLeagues Cup\nLg Cup\nMen's Olympics\nRecopa Sudamericana\nSA U17 Champ\nSaudi King Cup\nSheBelieves Cup\nSpain Supercopa\nU17 WC\nU17 WWC\nU19 Euro Champ\nU19 Euro W Champ\nU20 WC\nU20 WWC\nU21 Euro Champ\nUAE Super Cup\nUEFA CL\nUEFA Nations\nUEFA Super Cup\nUEFA WCL\nUS Open Cup\nWCQ - AFC\nWCQ - CAF\nWCQ - CONCACAF\nWCQ - CONMEBOL\nWCQ - ICPLY\nWCQ - OFC\nWCQ - UEFA\nWomen's EURO\nWomen's Olympics\nWorld Cup\nFriendly\nUSWNT-Frnd\nUSFL\nUSFL\nUSFL\nBirmingham Stallions\nHouston Gamblers\nMemphis Showboats\nMichigan Panthers\nNew Jersey Generals\nNew Orleans Breakers\nPhiladelphia Stars\nPittsburgh Maulers\nNCAAW BK\nNCAAW BK\nNCAAW BK\nA 10\nA-Sun\nAAC\nACC\nAm. East\nBig 12\nBig East\nBig Sky\nBig South\nBig Ten\nBig West\nC-USA\nCAA\nHorizon\nIND\nIvy\nMAA\nMAC\nMEastern\nMVC\nMWC\nNEC\nOVC\nPac-12\nPatriot\nSEC\nSLC\nSWAC\nSouthern\nSummit\nSun Belt\nWAC\nWCC\nNHL\nNHL\nNHL\nAnaheim Ducks\nArizona Coyotes\nBoston Bruins\nBuffalo Sabres\nCalgary Flames\nCarolina Hurricanes\nChicago Blackhawks\nColorado Avalanche\nColumbus Blue Jackets\nDallas Stars\nDetroit Red Wings\nEdmonton Oilers\nFlorida Panthers\nLos Angeles Kings\nMinnesota Wild\nMontreal Canadiens\nNashville Predators\nNew Jersey Devils\nNew York Islanders\nNew York Rangers\nOttawa Senators\nPhiladelphia Flyers\nPittsburgh Penguins\nSan Jose Sharks\nSeattle Kraken\nSt. Louis Blues\nTampa Bay Lightning\nToronto Maple Leafs\nVancouver Canucks\nVegas Golden Knights\nWashington Capitals\nWinnipeg Jets\nGOLF\nGOLF\nPGA Tour\nLPGA Tour\nChampions Tour\nKorn Ferry Tour\nDP World Tour\nWNBA\nWNBA\nWNBA\nAtlanta Dream\nChicago Sky\nConnecticut Sun\nDallas Wings\nIndiana Fever\nLas Vegas Aces\nLos Angeles Sparks\nMinnesota Lynx\nNew York Liberty\nPhoenix Mercury\nSeattle Storm\nWashington Mystics\nTennis\nTennis\nATP\nWTA\nMOTOR SPORTS\nMOTOR SPORTS\nFormula 1\nIndyCar Series\nMotoGP\nNational Hot Rod Association\nARCA Racing\nOLYMPICS\nOLYMPICS\nSummer Olympics\nWinter Olympics\nWorld Baseball Classic\nWorld Baseball Classic\nWorld Baseball Classic\nAustralia\nCanada\nChina\nChinese Taipei\nColombia\nCuba\nCzech Republic\nDominican Republic\nGreat Britain\nIsrael\nItaly\nJapan\nMexico\nNetherlands\nNicaragua\nPanama\nPuerto Rico\nRepublic of Korea\nUSA\nVenezuela\nNational Football League\nshare\nfacebook\nx\nreddit\nlink\n'Now it's on to the playoffs' – Amon-Ra St. Brown after Lions' dominant win over Vikings | NFL on FOX\nVideo Details\n\"Now it's on to the playoffs.\" – Amon-Ra St. Brown after the Detroit Lions' dominant regular-season finale 30-20 win over the Minnesota Vikings.\n22 MINS AGO・National Football League・1:03\nNFL - Minnesota Vikings vs. Detroit Lions - 01/07/2024\nNational Football League\nAmon-Ra St. Brown\nDetroit Lions\nPam Oliver\nNATIONAL FOOTBALL LEAGUE\nTrending\nNFL\nNCAAFB\nNBA\nNCAABK\nMLB\nNCAAWBK\nNHL\nEPL\nNASCAR\nPGA\n0:45\nUP NEXT\nBreece Hall on Jets snapping 15-game losing streak to Patriots | NFL on FOX\n0:44\nBreece Hall and Jets' Defense step up with 17-3 defeat of Patriots in Bill Belichick's possible last game as head coach\n1:40\nBill Belichick walks off field for potential last time as Patriots Head Coach\n1:38\n'We got another week to see what happens in the playoffs' – Baker Mayfield on Buccaneers clinching\n0:44\nJared Goff & Amon-ra St. Brown combine for three TDs in Lions' 30-20 win over Vikings | NFL Highlights\n0:44\nBuccaneers clinch playoff berth behind stout defense in shutout victory over Panthers | NFL Highlights\n5:13\nCoaching Carousel: Who's safe & Who's Out? | FOX NFL Sunday\n1:06\nJohn Harbaugh will travel to CFP and A.J. Brown led a players-only meeting for Eagles | FOX NFL Sunday\n5:33\nRavens' Lamar Jackson & 49ers' Christian McCaffrey among 2023 'The Kickies' Award winners\n4:50\nRob Gronkowski and Julian Edelman reflect on Bill Belichick's potential Patriots exit | FOX NFL Kickoff\nTop Leagues\nNFL\nCollege Football\nNBA\nMLB\nUSFL\nTop Shows\nUndisputed\nThe Herd with Colin Cowherd\nFirst Things First\nFlippin' Bats with Ben Verlander\nThe Skip Bayless Show\nThe Carton Show\nAffiliated Apps\nFOX Sports\nUSFL\nQuick Links\nNFL Playoff Picture\nNFL Power Rankings\nBowl Schedule\nNBA Power Rankings\nSuper Bowl Odds\nNFL MVP Race\nPodcasts\nFOX SPORTS™, SPEED™, SPEED.COM™ & © 2024 Fox Media LLC and Fox Sports Interactive Media, LLC. All rights reserved. Use of this website (including any and all parts and components) constitutes your acceptance of these\nTerms of Use and\nPrivacy Policy |\nAdvertising Choices |\nYour Privacy Choices |\nClosed Captioning\nHelp\nPress\nAdvertise with Us\nJobs\nFOX Cincy\nRSS\nSitemap\nFS1\nFOX\nFOX News\nFox Corporation\nFOX Sports Supports\nFOX Deportes",
    "highlightText": "",
    "highlightTitle": "",
    "highlightThreadTitle": "",
    "language": "english",
    "sentiment": "positive",
    "categories": [
        "Sport",
        "Human Interest"
    ],
    "external_links": [],
    "external_images": [],
    "entities": {
        "persons": [
            {
                "name": "amon-ra st. brown",
                "sentiment": "negative"
            },
            {
                "name": "joel klatt",
                "sentiment": "none"
            },
            {
                "name": "alexi lalas",
                "sentiment": "none"
            },
            {
                "name": "nick wright",
                "sentiment": "none"
            },
            {
                "name": "ryan satin tom rinaldi",
                "sentiment": "none"
            },
            {
                "name": "ben verlander",
                "sentiment": "none"
            },
            {
                "name": "wright",
                "sentiment": "none"
            },
            {
                "name": "colin cowherd",
                "sentiment": "none"
            }
        ],
        "organizations": [
            {
                "name": "lions",
                "sentiment": "negative"
            },
            {
                "name": "nfl",
                "sentiment": "negative"
            },
            {
                "name": "vikings",
                "sentiment": "negative"
            },
            {
                "name": "nascar",
                "sentiment": "none"
            },
            {
                "name": "nfl kickoff fox sports films",
                "sentiment": "none"
            },
            {
                "name": "wnba tennis motor sports professional bowlers association horse racing westminster kennel club",
                "sentiment": "none"
            },
            {
                "name": "wesley nascar",
                "sentiment": "none"
            },
            {
                "name": "nfl ncaa fb mlb nba ncaa bk nascar",
                "sentiment": "none"
            }
        ],
        "locations": []
    },
    "rating": null,
    "crawled": "2024-01-08T00:04:30.812+02:00",
    "updated": "2024-01-08T00:04:30.812+02:00"
}