{
    "thread": {
        "uuid": "b3c0c12ce65a4eec391b21d3756f038a265a8e2a",
        "url": "https://fr.finance.yahoo.com/actualites/retour-youtube-pape-crudivorisme-r%C3%A9colte-191410147.html",
        "site_full": "fr.finance.yahoo.com",
        "site": "yahoo.com",
        "site_section": "https://fr.finance.yahoo.com",
        "site_categories": [
            "financial_news",
            "finance"
        ],
        "section_title": "Yahoo Finance - Bourse en direct, cotations, actualités économiques et financières",
        "title": "De retour sur YouTube, «le pape du crudivorisme» récolte près de 175 000 euros",
        "title_full": "De retour sur YouTube, «le pape du crudivorisme» récolte près de 175 000 euros",
        "published": "2024-01-07T20:14:00.000+02:00",
        "replies_count": 0,
        "participants_count": 1,
        "site_type": "news",
        "country": "FR",
        "main_image": "https://media.zenfs.com/fr/capital_268/1085b1d20b81f70b4ed59f95bc85e5d3",
        "performance_score": 0,
        "domain_rank": 37,
        "domain_rank_updated": "2024-01-02T12:06:49.000+02:00",
        "reach": null,
        "social": {
            "facebook": {
                "likes": 0,
                "comments": 0,
                "shares": 0
            },
            "gplus": {
                "shares": 0
            },
            "pinterest": {
                "shares": 0
            },
            "linkedin": {
                "shares": 0
            },
            "stumbledupon": {
                "shares": 0
            },
            "vk": {
                "shares": 0
            }
        }
    },
    "uuid": "b3c0c12ce65a4eec391b21d3756f038a265a8e2a",
    "url": "https://fr.finance.yahoo.com/actualites/retour-youtube-pape-crudivorisme-r%C3%A9colte-191410147.html",
    "ord_in_thread": 0,
    "parent_url": null,
    "author": "Numerama",
    "published": "2024-01-07T20:14:00.000+02:00",
    "title": "De retour sur YouTube, «le pape du crudivorisme» récolte près de 175 000 euros",
    "text": "Capital De retour sur YouTube, «le pape du crudivorisme» récolte près de 175 000 euros Lire l'article complet Capital 7 janvier 2024 à 9:14 PM Regenere / Thierry Casasnovas (Capture écran Capital)\nUne cagnotte qui divise. Thierry Casasnovas a lancé un appel à la générosité des internautes pour l’aider à financer ses frais juridiques, rapporte L’Indépendant . 175 000 euros ont été récoltés par ce vidéaste controversé, autrement surnommé «le pape du crudivorisme», qui prodigue en ligne des conseils de santé sur fond de naturopathie . Alors qu'il a été mis en examen au mois de mars 2023 pour «abus de confiance» et «exercice illégal de la pharmacie et de la médecine», il lui a été interdit, après un contrôle judiciaire, d’organiser des stages et des formations en lien avec la naturopathie, l’hygiène, la santé ou le bien-être ou d'y participer.\nPour éviter de nouveaux ennuis avec la justice, Thierry Casasnovas s’est fait discret sur YouTube pendant quelques mois auprès de ses 600 000 abonnés, avant de finalement revenir avec des vidéos intitulées Guérir le cancer avec des jus de légumes ou Un bras amputé peut-il repousser avec des jus ?. Dès l’introduction de l’une de ses dernières vidéos, il explique d’ailleurs ne jamais avoir affirmé «qu’une cure de légumes guérissait à coup sûr le cancer». Il indique également que «les vidéos de cette chaîne ne constituent pas des conseils médicaux».\nThierry Casasnovas avait d’ailleurs déjà sollicité l’aide de sa communauté. Au mois de novembre 2023, il publiait une vidéo titrée : Notre solidarité est notre force !, dans laquelle il demandait 100 000 euros pour payer sa défense devant les tribunaux. La secrétaire d’État à la Citoyenneté Sonia (...)\n(...) Cliquez ici pour voir la suite\nVague de froid : la chute des températures peut-elle nous rendre malades ?\nComment fonctionne le plan grand froid déployé pour la chute brutale des températures ?\nHausse du tabac : les buralistes corses craignent une «catastrophe»\nPapillomavirus : quel est le problème de la vaccination au collège ?\nCe restaurateur envoie une lettre au président de la République pour «passer un moment» avec lui\nTENDANCE 1. Emploi à domicile : les règles à respecter si vous versez des étrennes à votre salarié 2. SCPI : le bon plan de l’achat de parts en nue-propriété pour vos enfants 3. Assurance vie : notre comparatif des taux 2023 de tous les fonds euros, contrat par contrat 4. Bourse : CAC 40, Crédit agricole, Hermès, Renault, Bouygues… au programme de Momentum cette semaine 5. Hermès, L'Oréal, Renault: quels sont les titres les plus valorisés du CAC 40... et les autres?",
    "highlightText": "",
    "highlightTitle": "",
    "highlightThreadTitle": "",
    "language": "french",
    "sentiment": "positive",
    "categories": [
        "Economy, Business and Finance",
        "Health",
        "Human Interest"
    ],
    "external_links": [
        "https://www.facebook.com/dialog/feed?app_id=458584288257241&link=https%3A%2F%2Ffr.finance.yahoo.com%2Factualites%2Fretour-youtube-pape-crudivorisme-r%25C3%25A9colte-191410147.html%3Fsoc_src%3Dsocial-sh%26soc_trk%3Dfb%26tsrc%3Dfb",
        "https://www.lindependant.fr/2024/01/06/pyrenees-orientales-cible-le-pape-du-crudivorisme-thierry-casasnovas-fait-son-retour-sur-youtube-et-recolte-au-passage-pres-de-175-000-eur-11680083.php",
        "https://www.capital.fr/economie-politique/hausse-du-tabac-les-buralistes-corses-craignent-une-catastrophe-1489994",
        "https://www.capital.fr/economie-politique/vague-de-froid-la-chute-des-temperatures-peut-elle-nous-rendre-malades-1489997",
        "https://media.zenfs.com/fr/capital_268/1085b1d20b81f70b4ed59f95bc85e5d3",
        "https://www.capital.fr/economie-politique/naturopathes-sophrologuesquelles-precautions-prendre-avant-de-les-consulter-1472730",
        "https://s.yimg.com/ny/api/res/1.2/t_MqCxJsPXlB9P7m_tzo9A--/YXBwaWQ9aGlnaGxhbmRlcjt3PTcyO2g9NDg-/https://s.yimg.com/os/creatr-uploaded-images/2022-11/5ff61b40-6b30-11ed-b72a-da11ed611e88",
        "https://www.capital.fr/economie-politique/de-retour-sur-youtube-le-pape-du-crudivorisme-recolte-pres-de-175-000-euros-1489995",
        "https://s.yimg.com/os/creatr-uploaded-images/2022-11/5ff61b40-6b30-11ed-b72a-da11ed611e88",
        "https://s.yimg.com/ny/api/res/1.2/CYcbtanISHlN3Xk9XHaGUw--/YXBwaWQ9aGlnaGxhbmRlcjt3PTk2MDtoPTcyMA--/https://media.zenfs.com/fr/capital_268/1085b1d20b81f70b4ed59f95bc85e5d3",
        "https://www.capital.fr/",
        "https://www.capital.fr/economie-politique/comment-fonctionne-le-plan-grand-froid-deploye-pour-la-chute-brutale-des-temperatures-1489996",
        "https://www.capital.fr/economie-politique/ce-restaurateur-envoi-une-lettre-au-president-de-la-republique-pour-passer-un-moment-avec-lui-1489989",
        "https://www.capital.fr/conso/cagnotte-en-ligne-leetchi-cotizup-lydia-laquelle-choisir-1475012",
        "https://www.capital.fr/economie-politique/papillomavirus-quel-est-le-probleme-de-la-vaccination-au-college-1489990",
        "https://www.capital.fr/entreprises-marches/thierry-casasnovas-garde-a-vue-pour-le-gourou-du-crudivorisme-et-star-de-youtube-1462627",
        "https://twitter.com/intent/tweet?text=De%20retour%20sur%20YouTube%2C%20%C2%ABle%20pape%20du%20crudivorisme%C2%BB%20r%C3%A9colte%20pr%C3%A8s%20de%20175%20000%20euros&url=https%3A%2F%2Ffr.finance.yahoo.com%2Factualites%2Fretour-youtube-pape-crudivorisme-r%25C3%25A9colte-191410147.html%3Fsoc_src%3Dsocial-sh%26soc_trk%3Dtw%26tsrc%3Dtwtr&via=Yahoo",
        "https://lindependant.fr/2024/01/06/pyrenees-orientales-cible-le-pape-du-crudivorisme-thierry-casasnovas-fait-son-retour-sur-youtube-et-recolte-au-passage-pres-de-175-000-eur-11680083.php",
        "https://capital.fr/",
        "https://www.facebook.com/dialog/feed",
        "https://facebook.com/dialog/feed?app_id=458584288257241&link=https%3A%2F%2Ffr.finance.yahoo.com%2Factualites%2Fretour-youtube-pape-crudivorisme-r%25C3%25A9colte-191410147.html%3Fsoc_src%3Dsocial-sh%26soc_trk%3Dfb%26tsrc%3Dfb",
        "https://capital.fr/economie-politique/papillomavirus-quel-est-le-probleme-de-la-vaccination-au-college-1489990",
        "https://www.s.yimg.com/ny/api/res/1.2/t_MqCxJsPXlB9P7m_tzo9A--/YXBwaWQ9aGlnaGxhbmRlcjt3PTcyO2g9NDg-/https://www.s.yimg.com/os/creatr-uploaded-images/2022-11/5ff61b40-6b30-11ed-b72a-da11ed611e88",
        "https://www.twitter.com/intent/tweet?text=De%20retour%20sur%20YouTube%2C%20%C2%ABle%20pape%20du%20crudivorisme%C2%BB%20r%C3%A9colte%20pr%C3%A8s%20de%20175%20000%20euros&url=https%3A%2F%2Ffr.finance.yahoo.com%2Factualites%2Fretour-youtube-pape-crudivorisme-r%25C3%25A9colte-191410147.html%3Fsoc_src%3Dsocial-sh%26soc_trk%3Dtw%26tsrc%3Dtwtr&via=Yahoo",
        "https://capital.fr/economie-politique/de-retour-sur-youtube-le-pape-du-crudivorisme-recolte-pres-de-175-000-euros-1489995",
        "https://www.s.yimg.com/ny/api/res/1.2/CYcbtanISHlN3Xk9XHaGUw--/YXBwaWQ9aGlnaGxhbmRlcjt3PTk2MDtoPTcyMA--/https://www.media.zenfs.com/fr/capital_268/1085b1d20b81f70b4ed59f95bc85e5d3",
        "https://capital.fr/economie-politique/hausse-du-tabac-les-buralistes-corses-craignent-une-catastrophe-1489994",
        "https://capital.fr/economie-politique/ce-restaurateur-envoi-une-lettre-au-president-de-la-republique-pour-passer-un-moment-avec-lui-1489989",
        "https://www.media.zenfs.com/fr/capital_268/1085b1d20b81f70b4ed59f95bc85e5d3",
        "https://capital.fr/economie-politique/comment-fonctionne-le-plan-grand-froid-deploye-pour-la-chute-brutale-des-temperatures-1489996",
        "https://capital.fr/economie-politique/naturopathes-sophrologuesquelles-precautions-prendre-avant-de-les-consulter-1472730",
        "https://twitter.com/intent/tweet",
        "https://www.capital.fr",
        "https://capital.fr/economie-politique/vague-de-froid-la-chute-des-temperatures-peut-elle-nous-rendre-malades-1489997",
        "https://www.s.yimg.com/os/creatr-uploaded-images/2022-11/5ff61b40-6b30-11ed-b72a-da11ed611e88",
        "https://capital.fr/entreprises-marches/thierry-casasnovas-garde-a-vue-pour-le-gourou-du-crudivorisme-et-star-de-youtube-1462627",
        "https://capital.fr/conso/cagnotte-en-ligne-leetchi-cotizup-lydia-laquelle-choisir-1475012"
    ],
    "external_images": [],
    "entities": {
        "persons": [],
        "organizations": [],
        "locations": []
    },
    "rating": null,
    "crawled": "2024-01-08T00:35:48.545+02:00",
    "updated": "2024-01-08T00:35:48.545+02:00"
}