{
    "thread": {
        "uuid": "db4cc5c55168ce7c2e25d1a72a18319418817ddf",
        "url": "https://exitoina.perfil.com/noticias/musica/seola-grupo-wjsn-desborda-elegancia-adelanto-debut-solitario-inside-out.phtml",
        "site_full": "exitoina.perfil.com",
        "site": "perfil.com",
        "site_section": "https://exitoina.perfil.com/feed",
        "site_categories": [
            "media"
        ],
        "section_title": "Exitoina",
        "title": "Seola, del grupo WJSN, desborda elegancia en el adelanto de su debut en solitario con \"INSIDE OUT\" | Exitoina",
        "title_full": "Seola, del grupo WJSN, desborda elegancia en el adelanto de su debut en solitario con \"INSIDE OUT\" | Exitoina",
        "published": "2024-01-07T23:45:00.000+02:00",
        "replies_count": 0,
        "participants_count": 1,
        "site_type": "news",
        "country": "AR",
        "main_image": "https://fotos.perfil.com/2024/01/07/trim/1140/641/seola-1733182.jpg",
        "performance_score": 0,
        "domain_rank": 8880,
        "domain_rank_updated": "2024-01-02T12:06:49.000+02:00",
        "reach": null,
        "social": {
            "facebook": {
                "likes": 0,
                "comments": 0,
                "shares": 11
            },
            "gplus": {
                "shares": 0
            },
            "pinterest": {
                "shares": 0
            },
            "linkedin": {
                "shares": 0
            },
            "stumbledupon": {
                "shares": 0
            },
            "vk": {
                "shares": 0
            }
        }
    },
    "uuid": "db4cc5c55168ce7c2e25d1a72a18319418817ddf",
    "url": "https://exitoina.perfil.com/noticias/musica/seola-grupo-wjsn-desborda-elegancia-adelanto-debut-solitario-inside-out.phtml",
    "ord_in_thread": 0,
    "parent_url": null,
    "author": "@exitoina",
    "published": "2024-01-07T23:45:00.000+02:00",
    "title": "Seola, del grupo WJSN, desborda elegancia en el adelanto de su debut en solitario con \"INSIDE OUT\" | Exitoina",
    "text": "Kim Hyun-jung , conocida profesionalmente como Seola , de WJSN (Cosmic Girls), presentó el primer adelanto de su single debut en solitario \"INSIDE OUT\" .\n¿Cuando sale el álbum de Seola? El 7 de enero, Seola dio a conocer un conjunto de teasers para el álbum debut \"INSIDE OUT\" , incluyendo un clip corto y tres fotos donde la cantante y actriz de Corea del Sur , de 29 años, aparece vestida de cóctel y con un look sensual.\nEl primer álbum de Seola, \"INSIDE OUT\", saldrá a la venta el 23 de enero a las 6PM KST.\nSeola Seola ¿Quiénes se fueron de Cosmic Girls? El 3 de marzo, Starship Entertainment confirmó que ocho integrantes del grupo de K-pop Cosmic Girls (WJSN) decidieron renovar sus contratos con la agencia, pero cinco terminarán el mismo. La compañía aseguró a los fans que el grupo seguirá promocionando como tal e individualmente en la música y en otros campos.\nSeola, Exi, Bona, Dayoung, Eunseo, Soobin, Yeongjung, Yeoreum \"Hola, esto es Starship Entertainment. En primer lugar, nos gustaría ofrecer nuestra más sincera gratitud a las WUJUNGs -nombre oficial del fandom- tanto en Corea como en el extranjero que continúan animando a Cosmic Girls con corazones inquebrantables\", inicia el comunicado difundido por la agencia.\nEn este marco, anunciaron: \"Starship Entertainment ha renovado los contratos exclusivos de las integrantes de Cosmic Girls Exy, Seola, Bona, Soobin, Eunseo, Yeoreum, Dayoung y Yeonjung\" . Pero aclararon que \"En el caso de los miembros Luda y Dawon , la agencia llevó a cabo largas y sinceras conversaciones con ambas artistas y, lamentablemente, nuestros contratos de exclusividad con las dos miembros han llegado a su fin\".\nLuda y Dawon \"Nos gustaría aprovechar esta oportunidad para agradecer a Luda y Dawon la fuerza y el esfuerzo que han demostrado a lo largo de sus promociones. Starship respeta las decisiones de Luda y Dawon y les ofrece apoyo y ánimos en sus nuevos caminos\", añadieron.\nPor otro, notificaron que los contratos de equipo de las integrantes de Cosmic Girls Xuanyi, Cheng Xiao y Meiqi , artistas de Yuehua Entertainment que promocionaron como Cosmic Girls con las demás integrantes y con la agencia, también han llegado a su fin.\nWu Xuanyi, Cheng Xiao y Meiqi\nGalería de imágenes\nTambién te puede interesar\n(G)I-DLE sorprende con la cuenta regresiva para el lanzamiento de su nuevo álbum, \"2\"",
    "highlightText": "",
    "highlightTitle": "",
    "highlightThreadTitle": "",
    "language": "spanish",
    "sentiment": "positive",
    "categories": [
        "Human Interest",
        "Arts, Culture and Entertainment",
        "Lifestyle and Leisure"
    ],
    "external_links": [
        "https://www.youtube.com/embed/zbP9hGnAJLM",
        "https://youtube.com/embed/zbP9hGnAJLM"
    ],
    "external_images": [],
    "entities": {
        "persons": [],
        "organizations": [],
        "locations": []
    },
    "rating": null,
    "crawled": "2024-01-08T00:08:11.965+02:00",
    "updated": "2024-01-08T00:08:11.965+02:00"
}