{
    "thread": {
        "uuid": "b8604e356f38df7d481a7e480c1a9c4257d167f5",
        "url": "https://celebrity.nine.com.au/latest/ariana-grande-announces-new-music-single-yes-and-release-january-12/ccf29ec3-9b2c-4e65-974c-c09e54d6366c",
        "site_full": "celebrity.nine.com.au",
        "site": "nine.com.au",
        "site_section": "https://celebrity.nine.com.au/rss",
        "site_categories": [
            "television",
            "entertainment"
        ],
        "section_title": "",
        "title": "Ariana Grande announces the release of her first new solo music in three years - 9Celebrity",
        "title_full": "Ariana Grande announces the release of her first new solo music in three years - 9Celebrity",
        "published": "2024-01-07T12:10:00.000+02:00",
        "replies_count": 0,
        "participants_count": 1,
        "site_type": "news",
        "country": "AU",
        "main_image": "https://imageresizer.static9.net.au/-29mxq9wEeGN5UCNfEgPNqC67wc=/98x301:1279x965/1200x628/smart/https%3A%2F%2Fprod.static9.net.au%2Ffs%2Fa9e8d218-2d4d-4ad1-9260-816458f6c34c",
        "performance_score": 0,
        "domain_rank": 5814,
        "domain_rank_updated": "2024-01-02T12:06:49.000+02:00",
        "reach": null,
        "social": {
            "facebook": {
                "likes": 0,
                "comments": 0,
                "shares": 1
            },
            "gplus": {
                "shares": 0
            },
            "pinterest": {
                "shares": 0
            },
            "linkedin": {
                "shares": 0
            },
            "stumbledupon": {
                "shares": 0
            },
            "vk": {
                "shares": 0
            }
        }
    },
    "uuid": "b8604e356f38df7d481a7e480c1a9c4257d167f5",
    "url": "https://celebrity.nine.com.au/latest/ariana-grande-announces-new-music-single-yes-and-release-january-12/ccf29ec3-9b2c-4e65-974c-c09e54d6366c",
    "ord_in_thread": 0,
    "parent_url": null,
    "author": "Chantelle Bozicevic",
    "published": "2024-01-07T12:10:00.000+02:00",
    "title": "Ariana Grande announces the release of her first new solo music in three years - 9Celebrity",
    "text": "Ariana Grande is kicking the new year off with new music!\nThe megastar announced she'll be releasing her first new solo music in three years in a post to her 380 million fans.\nShe shared the news early Monday morning with a post to Instagram captioned with the song's title and release date.\nThe new single is titled Yes, And? And is set to be released on January 12 (January 13 Australian time).\nShe first teased new music in early December, posting a series of images of her in the recording studio to Instagram.\n\"FINALLY,\" commented friend and fellow singer, Selena Gomez. SZA also echoed the sentiment, commenting \"Oh this bout to eat.\"\nActor references pop superstar in latest Instagram post View Gallery Over the past three years, Grande has featured on multiple singles of other artists, however her last solo, original music was her album Positions released in 2021.\nIn mid 2023, Grande re-released her debut album Yours Truly to celebrate it's 10-year anniversary.\nREAD MORE: Hailey Beiber wears $23k accessory in 'casual' beach pics.﻿\nThe star has been teasing new music via Instagram, posting a series of images of her in the recording studio in December. (Instagram) READ MORE: Taylor Swift's team slams 'invasive' article on her sexuality.\nIn an interview with Allure , Grande explained that she was re-recording her music as a 'surprise for her fans', adding that it did feel strange to be back in the recording studio with music she made a decade ago.\n\"It's like, I was so young,\" she said. \"But I knew exactly what I wanted.\"\nOver the past three years the superstar has been busy with her beauty and skincare brand, r.e.m beauty, as well as filming the highly anticipated Wicked movies in which she plays Glinda the Good Witch.\nJust last month, Grande reflected on the past year, expressing her gratitude for everything 2023 brought her on her Instagram story.\nREAD MORE: One parenting rule Kelly Clarkson won't budge on. ﻿\nLast month, she also took to Instagram to share how grateful she was for the past year. (Instagram) She described 2023 as, \"one of the most transformative, most challenging, and yet happiest and most special years of my life.\n\"There were so many beautiful and yet polarised feelings,\" she said. \"I've never felt more at the mercy of and in acceptance of what life was screaming to teach me. I've never felt more fulfilled by or present in my work, being able to cherish every moment.\n\"I gave everything I could have possibly given of my heart and of myself to the projects I was fortunate enough to be a part of and learned so much from every brilliant, beautiful soul that I had the privilege of creating art with and crossing paths with this year.\"",
    "highlightText": "",
    "highlightTitle": "",
    "highlightThreadTitle": "",
    "language": "english",
    "sentiment": "positive",
    "categories": [
        "Lifestyle and Leisure",
        "Arts, Culture and Entertainment",
        "Human Interest"
    ],
    "external_links": [
        "https://www.allure.com/story/ariana-grande-rem-beauty-sweetener-foundation-interview",
        "https://imageresizer.static9.net.au/T7QU67wVfIgbb_-ggGAhxNywVe0=/396x0/https%3A%2F%2Fprod.static9.net.au%2Ffs%2F0e1376ec-f250-4e08-b17a-245878891dcf",
        "https://www.instagram.com/p/C1zaRoXMB9u",
        "https://imageresizer.static9.net.au/nzBBPV3S7H_UCgPqko2pGmOKW3U=/0x360:1440x1440/792x0/https%3A%2F%2Fprod.static9.net.au%2Ffs%2F5e251128-f287-4ff2-8c3f-b821a062508c",
        "https://imageresizer.static9.net.au/EI3BLQw0TN0iLaHTdILBs1KHPck=/0x45:634x402/636x358/https%3A%2F%2Fprod.static9.net.au%2Ffs%2F179a0f15-e72e-49b7-926a-e4b1b60c11b7",
        "https://imageresizer.static9.net.au/47EkM6IEhUQxLuGOqh8X0jXJu0w=/0x360:1440x1440/636x0/https%3A%2F%2Fprod.static9.net.au%2Ffs%2F5e251128-f287-4ff2-8c3f-b821a062508c",
        "https://imageresizer.static9.net.au/Zrjhr-_UZ0HXQBtPfAcwP3LynD0=/792x0/https%3A%2F%2Fprod.static9.net.au%2Ffs%2F0e1376ec-f250-4e08-b17a-245878891dcf",
        "https://imageresizer.static9.net.au/JIsEWvHgugr1UnNnt66HYNbLmFQ=/0x83:1440x1163/636x0/https%3A%2F%2Fprod.static9.net.au%2Ffs%2Fa9e8d218-2d4d-4ad1-9260-816458f6c34c",
        "https://imageresizer.static9.net.au/hDeuQPWUdupN4u26egJqS-qLK4U=/636x0/https%3A%2F%2Fprod.static9.net.au%2Ffs%2F0e1376ec-f250-4e08-b17a-245878891dcf",
        "https://imageresizer.static9.net.au/DZHCicLb2D2GpU2bgTFKZLI6ZHs=/0x360:1440x1440/1274x0/https%3A%2F%2Fprod.static9.net.au%2Ffs%2F5e251128-f287-4ff2-8c3f-b821a062508c",
        "https://imageresizer.static9.net.au/8oCCK_MlK_dBD66ksHVRciSir3Q=/0x83:1440x1163/792x0/https%3A%2F%2Fprod.static9.net.au%2Ffs%2Fa9e8d218-2d4d-4ad1-9260-816458f6c34c",
        "https://imageresizer.static9.net.au/Y0gcKbLHYjaSlMgKHb_RyD_gI4E=/0x45:634x402/792x446/https%3A%2F%2Fprod.static9.net.au%2Ffs%2F179a0f15-e72e-49b7-926a-e4b1b60c11b7",
        "https://imageresizer.static9.net.au/qKU1x-6mPWnbThtVesc8KD4wMN4=/1274x0/https%3A%2F%2Fprod.static9.net.au%2Ffs%2F0e1376ec-f250-4e08-b17a-245878891dcf",
        "https://imageresizer.static9.net.au/KaWeLceWukJvXUesceMxILZEbRQ=/0x45:634x402/396x223/https%3A%2F%2Fprod.static9.net.au%2Ffs%2F179a0f15-e72e-49b7-926a-e4b1b60c11b7",
        "https://imageresizer.static9.net.au/Z9f_tfh6E1e6Qz6-Ag7zPAEpM9Q=/0x45:634x402/1274x717/https%3A%2F%2Fprod.static9.net.au%2Ffs%2F179a0f15-e72e-49b7-926a-e4b1b60c11b7",
        "https://imageresizer.static9.net.au/2xl86sGgJZhS86agFnwehMcyZq8=/0x83:1440x1163/396x0/https%3A%2F%2Fprod.static9.net.au%2Ffs%2Fa9e8d218-2d4d-4ad1-9260-816458f6c34c",
        "https://imageresizer.static9.net.au/OBVDCucOPh62W4QKs4tHHHGgx3E=/0x360:1440x1440/396x0/https%3A%2F%2Fprod.static9.net.au%2Ffs%2F5e251128-f287-4ff2-8c3f-b821a062508c",
        "https://imageresizer.static9.net.au/te18j_dpK05rZqFYIK132qGoSyY=/0x83:1440x1163/1274x0/https%3A%2F%2Fprod.static9.net.au%2Ffs%2Fa9e8d218-2d4d-4ad1-9260-816458f6c34c",
        "https://allure.com/story/ariana-grande-rem-beauty-sweetener-foundation-interview",
        "https://www.imageresizer.static9.net.au/Y0gcKbLHYjaSlMgKHb_RyD_gI4E=/0x45:634x402/792x446/https%3A%2F%2Fprod.static9.net.au%2Ffs%2F179a0f15-e72e-49b7-926a-e4b1b60c11b7",
        "https://instagram.com/p/C1zaRoXMB9u",
        "https://www.imageresizer.static9.net.au/DZHCicLb2D2GpU2bgTFKZLI6ZHs=/0x360:1440x1440/1274x0/https%3A%2F%2Fprod.static9.net.au%2Ffs%2F5e251128-f287-4ff2-8c3f-b821a062508c",
        "https://www.imageresizer.static9.net.au/T7QU67wVfIgbb_-ggGAhxNywVe0=/396x0/https%3A%2F%2Fprod.static9.net.au%2Ffs%2F0e1376ec-f250-4e08-b17a-245878891dcf",
        "https://www.imageresizer.static9.net.au/Zrjhr-_UZ0HXQBtPfAcwP3LynD0=/792x0/https%3A%2F%2Fprod.static9.net.au%2Ffs%2F0e1376ec-f250-4e08-b17a-245878891dcf",
        "https://www.imageresizer.static9.net.au/EI3BLQw0TN0iLaHTdILBs1KHPck=/0x45:634x402/636x358/https%3A%2F%2Fprod.static9.net.au%2Ffs%2F179a0f15-e72e-49b7-926a-e4b1b60c11b7",
        "https://www.imageresizer.static9.net.au/8oCCK_MlK_dBD66ksHVRciSir3Q=/0x83:1440x1163/792x0/https%3A%2F%2Fprod.static9.net.au%2Ffs%2Fa9e8d218-2d4d-4ad1-9260-816458f6c34c",
        "https://www.imageresizer.static9.net.au/KaWeLceWukJvXUesceMxILZEbRQ=/0x45:634x402/396x223/https%3A%2F%2Fprod.static9.net.au%2Ffs%2F179a0f15-e72e-49b7-926a-e4b1b60c11b7",
        "https://www.imageresizer.static9.net.au/OBVDCucOPh62W4QKs4tHHHGgx3E=/0x360:1440x1440/396x0/https%3A%2F%2Fprod.static9.net.au%2Ffs%2F5e251128-f287-4ff2-8c3f-b821a062508c",
        "https://www.imageresizer.static9.net.au/te18j_dpK05rZqFYIK132qGoSyY=/0x83:1440x1163/1274x0/https%3A%2F%2Fprod.static9.net.au%2Ffs%2Fa9e8d218-2d4d-4ad1-9260-816458f6c34c",
        "https://www.imageresizer.static9.net.au/47EkM6IEhUQxLuGOqh8X0jXJu0w=/0x360:1440x1440/636x0/https%3A%2F%2Fprod.static9.net.au%2Ffs%2F5e251128-f287-4ff2-8c3f-b821a062508c",
        "https://www.imageresizer.static9.net.au/2xl86sGgJZhS86agFnwehMcyZq8=/0x83:1440x1163/396x0/https%3A%2F%2Fprod.static9.net.au%2Ffs%2Fa9e8d218-2d4d-4ad1-9260-816458f6c34c",
        "https://www.imageresizer.static9.net.au/hDeuQPWUdupN4u26egJqS-qLK4U=/636x0/https%3A%2F%2Fprod.static9.net.au%2Ffs%2F0e1376ec-f250-4e08-b17a-245878891dcf",
        "https://www.imageresizer.static9.net.au/qKU1x-6mPWnbThtVesc8KD4wMN4=/1274x0/https%3A%2F%2Fprod.static9.net.au%2Ffs%2F0e1376ec-f250-4e08-b17a-245878891dcf",
        "https://www.imageresizer.static9.net.au/nzBBPV3S7H_UCgPqko2pGmOKW3U=/0x360:1440x1440/792x0/https%3A%2F%2Fprod.static9.net.au%2Ffs%2F5e251128-f287-4ff2-8c3f-b821a062508c",
        "https://www.imageresizer.static9.net.au/JIsEWvHgugr1UnNnt66HYNbLmFQ=/0x83:1440x1163/636x0/https%3A%2F%2Fprod.static9.net.au%2Ffs%2Fa9e8d218-2d4d-4ad1-9260-816458f6c34c",
        "https://www.imageresizer.static9.net.au/Z9f_tfh6E1e6Qz6-Ag7zPAEpM9Q=/0x45:634x402/1274x717/https%3A%2F%2Fprod.static9.net.au%2Ffs%2F179a0f15-e72e-49b7-926a-e4b1b60c11b7"
    ],
    "external_images": [],
    "entities": {
        "persons": [
            {
                "name": "ariana grande",
                "sentiment": "negative"
            },
            {
                "name": "hailey beiber",
                "sentiment": "none"
            },
            {
                "name": "grande",
                "sentiment": "none"
            },
            {
                "name": "selena gomez",
                "sentiment": "none"
            },
            {
                "name": "hailey bieber",
                "sentiment": "none"
            }
        ],
        "organizations": [
            {
                "name": "instagram",
                "sentiment": "none"
            }
        ],
        "locations": [
            {
                "name": "ariana grande",
                "sentiment": "none"
            },
            {
                "name": "grande",
                "sentiment": "none"
            }
        ]
    },
    "rating": null,
    "crawled": "2024-01-08T00:05:59.082+02:00",
    "updated": "2024-01-08T01:09:29.383+02:00"
}