{
    "thread": {
        "uuid": "81fdacefe00c230dcc528903c163d6ae22c72ab0",
        "url": "http://www.chilango.com/agenda/musica-agenda/ariana-grande-anuncia-nuevo-sencillo-yes-and-y-emociona-a-fans-esta-es-la-fecha-de-estreno/",
        "site_full": "www.chilango.com",
        "site": "chilango.com",
        "site_section": "https://jlanoticias.com",
        "site_categories": [
            "media"
        ],
        "section_title": "Al Minuto - Jlanoticias",
        "title": "chilango - Ariana Grande anuncia nuevo sencillo y emociona a fans; esta es la fecha de estreno",
        "title_full": "chilango - Ariana Grande anuncia nuevo sencillo y emociona a fans; esta es la fecha de estreno",
        "published": "2024-01-07T22:38:00.000+02:00",
        "replies_count": 0,
        "participants_count": 1,
        "site_type": "news",
        "country": "MX",
        "main_image": "https://img.chilango.com/2024/01/Ariana-Grande-foto_anuncia-nuevo-sencillo_ok-1024x576.jpg",
        "performance_score": 0,
        "domain_rank": 86548,
        "domain_rank_updated": "2024-01-02T12:06:57.000+02:00",
        "reach": null,
        "social": {
            "facebook": {
                "likes": 0,
                "comments": 0,
                "shares": 0
            },
            "gplus": {
                "shares": 0
            },
            "pinterest": {
                "shares": 0
            },
            "linkedin": {
                "shares": 0
            },
            "stumbledupon": {
                "shares": 0
            },
            "vk": {
                "shares": 0
            }
        }
    },
    "uuid": "81fdacefe00c230dcc528903c163d6ae22c72ab0",
    "url": "http://www.chilango.com/agenda/musica-agenda/ariana-grande-anuncia-nuevo-sencillo-yes-and-y-emociona-a-fans-esta-es-la-fecha-de-estreno/",
    "ord_in_thread": 0,
    "parent_url": null,
    "author": "chilango - Redacción",
    "published": "2024-01-07T22:38:00.000+02:00",
    "title": "chilango - Ariana Grande anuncia nuevo sencillo y emociona a fans; esta es la fecha de estreno",
    "text": "Ariana Grande anuncia nuevo sencillo y emociona a fans; esta es la fecha de estreno Ariana Grande hizo felices a todas y todos los 'arianators' al anunciar su nuevo sencillo Yes, and?. Te contamos cuándo se estrena la canción. Por: Redacción ¡Atención, arianators! Al parecer, los Reyes Magos siguen concediendo deseos, pues la cantante Ariana Grande hizo un esperado anuncio que de inmediato emocionó a todas y todos sus fans: lanzará un nuevo sencillo, luego de tres años de no sacar música nueva. La cantante estadounidense hizo el anuncio a través de sus redes sociales, donde publicó una fotografía de su rostro borroso y el mensaje Yes, and?, título de su nueva canción. Te recomendamos: [Caifanes anuncia nuevo concierto en CDMX; esta es la fecha y lugar](https://www.chilango.com/agenda/musica-agenda/caifanes-anuncia-nuevo-concierto-en-cdmx-fecha-costo-de-boletos/) Hace unos días, el 27 de diciembre de 2023, Ariana Grande se mostró lista para regresar a la escena musical al informar que lanzará su séptimo álbum de estudio este 2024. \"Nos vemos en 2024\", escribió la cantante de 30 años en un post de Instagram, donde compartió una serie de fotografías y videos en los que se le ve en el estudio de grabación. Entre las imágenes se puede ver a la intérprete de Thank U' Next entre lágrimas, al mismo tiempo que sonríe. En un video, Ariana Grande aparece acostada en un sillón y llorando de felicidad: \"Estoy tan cansada, pero muy feliz y agradecida. También siento que peso tres mil toneladas. Como si la idea de moverme fuera imposible\", dijo. Ariana Grande anuncia el primer sencillo de su nuevo álbum: Yes, and? Este domingo 7 de enero, la cantante Ariana Grande confirmó a sus fans la noticia que tanto esperaban: ya está listo su nuevo sencillo el cual lleva por nombre Yes, and?. El rumor sobre la nueva canción de Ariana empezó luego de que su madre, Joan Grande, publicó en su cuenta de Instagram una serie de fotografías en las que se veía a la cantante con una sudadera con un misterioso nombre: Yes, and?. Ese mismo día, Ariana se dejó ver la misma sudadera negra con la leyenda de lo que se convirtió en el título de su siguiente sencillo, que incluirá en su nuevo álbum ‘AG7’. Y fue hasta este domingo 7 de enero, cuando la actriz de Victorious publicó en sus redes sociales el nuevo título de su canción y su fecha de estreno. ¿Cuándo se estrena 'Yes, and?', nueva canción de Ariana Grande? El nuevo sencillo de Ariana Grande, Yes, and?, se estrenará el próximo viernes 12 de enero del 2024. La canción ya está disponible para pre-ordenar o pre-guardar en las plataformas de Spotify, Apple Music y iTunes Store. La nueva canción ‘Yes, and?’ tiene un costo de 1.99 dólares, de acuerdo con el [sitio oficial de la cantante.](https://www.arianagrande.com/) Si buscas qué hacer en CDMX, síguenos en",
    "highlightText": "",
    "highlightTitle": "",
    "highlightThreadTitle": "",
    "language": "spanish",
    "sentiment": "positive",
    "categories": [
        "Arts, Culture and Entertainment",
        "Lifestyle and Leisure",
        "Human Interest"
    ],
    "external_links": [
        "https://www.arianagrande.com/)",
        "https://arianagrande.com/)"
    ],
    "external_images": [],
    "entities": {
        "persons": [],
        "organizations": [],
        "locations": []
    },
    "rating": null,
    "crawled": "2024-01-08T00:23:07.031+02:00",
    "updated": "2024-01-08T00:23:07.031+02:00"
}