{
    "thread": {
        "uuid": "d441e609874d8071ba0556553ecebb7adb084946",
        "url": "https://pipewiki.org/app/index.php?title=Indian_Herbs_To_Boost_Libido_-_Ashwagandha_Indian_Ginseng_For_Stronger_Libido_As_Well_As_Better_Health&diff=6050053&oldid=6048147",
        "site_full": "pipewiki.org",
        "site": "pipewiki.org",
        "site_section": "https://pipewiki.org/app/index.php?title=Special:RecentChanges&feed=atom",
        "site_categories": [],
        "section_title": "PIPE Wiki  - Recent changes [en]",
        "title": "Indian Herbs To Boost Libido - Ashwagandha Indian Ginseng For Stronger Libido As Well As Better Health",
        "title_full": "Indian Herbs To Boost Libido - Ashwagandha Indian Ginseng For Stronger Libido As Well As Better Health",
        "published": "2024-01-08T00:18:00.000+02:00",
        "replies_count": 0,
        "participants_count": 1,
        "site_type": "news",
        "country": "US",
        "main_image": "",
        "performance_score": 0,
        "domain_rank": 20101,
        "domain_rank_updated": "2024-01-02T12:06:49.000+02:00",
        "reach": null,
        "social": {
            "facebook": {
                "likes": 0,
                "comments": 0,
                "shares": 0
            },
            "gplus": {
                "shares": 0
            },
            "pinterest": {
                "shares": 0
            },
            "linkedin": {
                "shares": 0
            },
            "stumbledupon": {
                "shares": 0
            },
            "vk": {
                "shares": 0
            }
        }
    },
    "uuid": "d441e609874d8071ba0556553ecebb7adb084946",
    "url": "https://pipewiki.org/app/index.php?title=Indian_Herbs_To_Boost_Libido_-_Ashwagandha_Indian_Ginseng_For_Stronger_Libido_As_Well_As_Better_Health&diff=6050053&oldid=6048147",
    "ord_in_thread": 0,
    "parent_url": null,
    "author": "GwenMays7213",
    "published": "2024-01-08T00:18:00.000+02:00",
    "title": "Indian Herbs To Boost Libido - Ashwagandha Indian Ginseng For Stronger Libido As Well As Better Health",
    "text": "Indian Herbs To Boost Libido - Ashwagandha Indian Ginseng For Stronger Libido As Well As Better Health: Difference between revisions\n[Jump to navigation](#mw-head) [Jump to search](#searchInput)\n|\n|\nmNo edit summary\n|\n|\nmNo edit summary\n|Line 1:||Line 1:|\nIndian herbs to increase libido\nIndian herbs to increase libido Ashwagandha \"Indian Ginseng\" had been utilized for to increase general health and its one of the best libido enhancers you are able to get improves general wellness, we should it in detail...<br>Ashwagandha - also as Indian Winter Cherry the scientific name Withania Somnifera and is the western India, MP, Punjab and Himalayas the affect of ashwagandha is as withanolides are present in the herb.<br>It's a herb acts on a number of levels to improve overall which in turn improves libido and sexual health.<br><br>Ashwagandha is utilized as an adaptogen that it improves and energy levels, rejuvenating tonic and possesses influences on both general and sexual health include the following:<br>, the herb sperm count, mobility. Ashwagandha promotes both vitality by both female and male reproductive systems. The libido enhancing properties of its help the libido and sex drive and its been prescribed for thousands of many years to both of the impotence & sexualenergy.<br>the problems that low libido is anxiety.<br> abdominal fat and an of both, heart attacks .\nLatest revision as of 22:18, 7 January 2024\nIndian herbs to increase libido including Ashwagandha \"Indian Ginseng\" had been utilized for many centuries to increase general health and libido and its one of the best libido enhancers you are able to get as well as improves general wellness, we should view it in detail...\nAshwagandha - also known as Indian Winter Cherry has the scientific name Withania Somnifera and is grown at the western India, Gujarat, MP, Punjab and in Himalayas the affect of ashwagandha is attributed to compounds referred to as withanolides that are present in the herb.\nIt's a herb which acts on a number of levels to improve overall health which in turn improves libido and sexual health.\nAshwagandha is utilized as an adaptogen that could mean it improves energy and energy levels, rejuvenating tonic and possesses influences on both general and sexual health which include the following:\nFor starters, the herb raises sperm count, size and mobility. Next Ashwagandha promotes both virility and vitality by strengthening both female and male reproductive systems. The libido enhancing properties of its help in bettering the libido and sex drive and its been prescribed for thousands of many years to address both of the impotence &\nincrease sexual energy.\nAmong the major problems that can cause low libido is stress and anxiety.\nAshwaganda controls the levels of cortisol, that is produced in response to increased levels of stress.\nHigh levels of stress kill sex drive and can result in major health issues including - higher blood pressure, poor immune function, impaired inflammatory response, decreased muscle function, hyperglycemia,\nLearn more abdominal fat and an elevated threat of both, heart attacks and strokes.",
    "highlightText": "",
    "highlightTitle": "",
    "highlightThreadTitle": "",
    "language": "english",
    "sentiment": "positive",
    "categories": [
        "Lifestyle and Leisure",
        "Health",
        "Human Interest"
    ],
    "external_links": [
        "https://www.ft.com/search?q=Ashwaganda%20controls",
        "http://soho.ooz.kr/info/2322615",
        "https://www.bbc.co.uk/search/?q=increase%20sexual",
        "https://bbc.co.uk/search/?q=increase%20sexual",
        "https://ft.com/search?q=Ashwaganda%20controls",
        "https://www.bbc.co.uk/search/",
        "http://www.soho.ooz.kr/info/2322615",
        "https://www.ft.com/search"
    ],
    "external_images": [],
    "entities": {
        "persons": [
            {
                "name": "ashwagandha",
                "sentiment": "none"
            }
        ],
        "organizations": [
            {
                "name": "better health",
                "sentiment": "negative"
            }
        ],
        "locations": [
            {
                "name": "punjab",
                "sentiment": "none"
            },
            {
                "name": "india",
                "sentiment": "none"
            }
        ]
    },
    "rating": null,
    "crawled": "2024-01-08T00:20:31.763+02:00",
    "updated": "2024-01-08T00:20:31.763+02:00"
}