{
    "thread": {
        "uuid": "3e36e979e9861d28167fe6a014059ca6a6e8dd43",
        "url": "https://www.sport.es/es/noticias/barca/fermin-reivindica-barbastro-copa-rey-96636219",
        "site_full": "www.sport.es",
        "site": "sport.es",
        "site_section": "http://www.sport.es/es/rss/last_news/rss.xml",
        "site_categories": [
            "world_soccer",
            "sports"
        ],
        "section_title": "Últimas Noticias",
        "title": "Fermín se reivindica y presume de 'hat-trick'",
        "title_full": "Fermín se reivindica y presume de 'hat-trick'",
        "published": "2024-01-07T23:49:00.000+02:00",
        "replies_count": 0,
        "participants_count": 0,
        "site_type": "news",
        "country": "ES",
        "main_image": "https://estaticos-cdn.prensaiberica.es/clip/04a9b8f3-4821-449f-a899-f2de33cd8e23_16-9-discover-aspect-ratio_default_0.jpg",
        "performance_score": 0,
        "domain_rank": 6895,
        "domain_rank_updated": "2024-01-02T12:06:49.000+02:00",
        "reach": null,
        "social": {
            "facebook": {
                "likes": 0,
                "comments": 0,
                "shares": 0
            },
            "gplus": {
                "shares": 0
            },
            "pinterest": {
                "shares": 0
            },
            "linkedin": {
                "shares": 0
            },
            "stumbledupon": {
                "shares": 0
            },
            "vk": {
                "shares": 0
            }
        }
    },
    "uuid": "3e36e979e9861d28167fe6a014059ca6a6e8dd43",
    "url": "https://www.sport.es/es/noticias/barca/fermin-reivindica-barbastro-copa-rey-96636219",
    "ord_in_thread": 0,
    "parent_url": null,
    "author": null,
    "published": "2024-01-07T23:49:00.000+02:00",
    "title": "Fermín se reivindica y presume de 'hat-trick'",
    "text": "Fermín se reivindica y presume de 'hat-trick'\nEl onubense sigue haciendo méritos para disponer de más minutos\nEl centrocampista no negocia la intensidad y a ella le suma buenos números en ataque\nPara Fermín López, hasta el rabo todo es toro. El centrocampista del Barça no olvida de dónde viene y mientra a algunos les puede dar pereza según qué compromisos, para el onubense cada vez que se enfunda la elástica culé es una nueva oportunidad par demostrarle a Xavi que merece un sitio en la plantilla del próximo curso.\nEste domingo, en Barbastro, volvió a demostrarlo.\nEl ex del Linares llegó a Huesca habiendo disputado solo 13 minutos en el primer partido del año, en campo de Las Palmas. El deseo de Xavi de rotar y las bajas le colocaban como titular frente al Barbastro, y así fue. No tardó el andaluz en sacar todo el hambre que tiene. En el minuto 19, un centro de Raphinha lo aprovechó Fermín para abrir el marcador.\nEl brasileño puso un centro raso al corazón del área y apareció el de El Campillo para hacer gala de su buena llegada desde segunda línea. Con un remate centrado pero duro, Fermín batió a Arnau Fabrega y acto seguido lo celebró haciendo una especie de saludo militar. Quién mejor que él, que siempre cumple cuando le necesita Xavi, para 'disfrazarse' de soldado fiel.\nYa ha marcado en Liga, Copa y Champions\nEl tanto, su tercero de la temporada, sirve al centrocampista para presumir de un registro que hasta la fecha solo él y Lewandowski han logrado: ver portería en todas las competiciones disputadas en lo que va de curso. Fermín marcó en Liga contra el Mallorca, lo hizo también en Champions ante el Shakhtar y 'mojó' también este domingo en Copa del Rey.\nCon tres dianas, el onubense alcanza a Gündogan y Sergi Roberto como centrocampistas del equipo con más goles logrados en la presente campaña. En el caso de los dos españoles el mérito es enorme ya que ambos disponen de menos minutos que el teutón.\nEl gol dio muchas alas a Fermín, que poco después bordeó el doblete al cabecear un centro en el área pequeña que no superó a Fabrega. Antes del descanso, el azulgrana aún tuvo tiempo para robar varios balones y demostrar que su intensidad en la presión es muy elogiable. Tan a gusto se estaba sintiendo que se animó incluso con un taconcito a Raphinha.\nLe 'birlaron' una asistencia\nTodavía antes del descanso, el onubense pudo haber sumado una asistencia a su contador. Su centro lo envió Joao Félix al fondo de las redes pero el asistente invalidó el gol por supuesto fuera de juego. El luso estaba en posición correcta pero la ausencia de VAR perjudicó al elenco de Xavi.\nEn la segunda mitad, al ex del Linares le costó más brillar. Mantuvo su ritmo sin balón pero fueron otros los compañeros que tuvieron más protagonismo con la posesión del cuero. Xavi le dejó sobre el césped durante los 90 minutos y justo en el último suspiro el andaluz cometió un riguroso penalti que sirvió a los oscenses para colocar el definitivo 2-3 en el luminoso.\nLos números de Fermín en Barbastro\nPases acertados: 30/39 (77%)\nDisparos a portería: 2\nGoles: 1\nDuelos ganados: 8/13\nBalones perdidos: 19",
    "highlightText": "",
    "highlightTitle": "",
    "highlightThreadTitle": "",
    "language": "spanish",
    "sentiment": "positive",
    "categories": [
        "Sport",
        "Arts, Culture and Entertainment",
        "Human Interest"
    ],
    "external_links": [],
    "external_images": [],
    "entities": {
        "persons": [],
        "organizations": [],
        "locations": []
    },
    "rating": null,
    "crawled": "2024-01-08T00:18:13.651+02:00",
    "updated": "2024-01-08T00:18:13.651+02:00"
}