{
    "thread": {
        "uuid": "a58aadd3ec61a746975067a3bdf1b350ec292f8d",
        "url": "https://muscatinejournal.com/willem-dafoe-believes-each-of-his-alpacas-has-a-human-like-personality/image_0f191f28-0ad2-547f-8a2f-13fac54c662d.html",
        "site_full": "muscatinejournal.com",
        "site": "muscatinejournal.com",
        "site_section": "https://muscatinejournal.com/search/?f=rss&amp",
        "site_categories": [
            "media"
        ],
        "section_title": "muscatinejournal.com - RSS Results",
        "title": "Willem Dafoe believes each of his alpacas has a human-like 'personality'",
        "title_full": "Willem Dafoe believes each of his alpacas has a human-like 'personality'",
        "published": "2024-01-07T20:00:00.000+02:00",
        "replies_count": 0,
        "participants_count": 1,
        "site_type": "news",
        "country": "US",
        "main_image": "https://bloximages.chicago2.vip.townnews.com/muscatinejournal.com/content/tncms/assets/v3/editorial/0/f1/0f191f28-0ad2-547f-8a2f-13fac54c662d/659af16160633.image.jpg?crop=650%2C341%2C0%2C154&amp;resize=650%2C341&amp;order=crop%2Cresize",
        "performance_score": 0,
        "domain_rank": 96975,
        "domain_rank_updated": "2024-01-02T12:06:57.000+02:00",
        "reach": null,
        "social": {
            "facebook": {
                "likes": 0,
                "comments": 0,
                "shares": 0
            },
            "gplus": {
                "shares": 0
            },
            "pinterest": {
                "shares": 0
            },
            "linkedin": {
                "shares": 0
            },
            "stumbledupon": {
                "shares": 0
            },
            "vk": {
                "shares": 0
            }
        }
    },
    "uuid": "a58aadd3ec61a746975067a3bdf1b350ec292f8d",
    "url": "https://muscatinejournal.com/willem-dafoe-believes-each-of-his-alpacas-has-a-human-like-personality/image_0f191f28-0ad2-547f-8a2f-13fac54c662d.html",
    "ord_in_thread": 0,
    "parent_url": null,
    "author": "Bang Showbiz",
    "published": "2024-01-07T20:00:00.000+02:00",
    "title": "Willem Dafoe believes each of his alpacas has a human-like 'personality'",
    "text": "Willem Dafoe believes each of his alpacas has a human-like 'personality'\n- Bang Showbiz\n-\n- Updated\n0\nTags\nAs featured on\nOpening up about how he loves keeping animals for their \"company\" at his farm house in Italy, Willem Dafoe admitted he believes each of his alpacas has a human-like \"personality\".\nMost Popular\n-\n[Iowa restaurant inspections: Insects, moldy fruit and rodents](/news/state-regional/government-politics/iowa-restaurant-inspections-insects-moldy-fruit-and-rodents/article_eb162e40-3d70-5fa3-af57-466843131f82.html)\n-\n[Muscatine's Jim Hetzler selected as featured artist for 3rd Herky on Parade event](/muscatine/news/local/local-artist-herky-parade-jc-hetz-studio/article_c2ee8c04-aa5a-11ee-ad28-c74b8413ae34.html)\n-\n[Cottage Gift Shoppe hopes to provide something for everyone through unique vendors](/muscatine/news/local/cottage-gift-shoppe-hopes-to-provide-something-for-everyone-through-unique-vendors/article_b20fe4f2-ab20-11ee-a016-ef0d8196fe59.html)\n-\n[Muscatine Running Club rings in new year with annual fun run/walk](/muscatine/news/local/muscatine-running-club-rings-in-new-year-with-annual-fun-run-walk/article_263ccf48-a97d-11ee-8026-d321a702a494.html)\n-\n[Illuminate light show a success despite vandalism, Crossroads looks ahead to next year](/muscatine/news/local/illuminate-light-show-crossroads-christmas-crime/article_7524856c-aa70-11ee-bee9-97806a19b4df.html)",
    "highlightText": "",
    "highlightTitle": "",
    "highlightThreadTitle": "",
    "language": "english",
    "sentiment": "positive",
    "categories": [
        "Arts, Culture and Entertainment",
        "Human Interest"
    ],
    "external_links": [
        "https://muscatinejournal.com/willem-dafoe-believes-each-of-his-alpacas-has-a-human-like-personality/image_0f191f28-0ad2-547f-8a2f-13fac54c662d.html?mode=comments",
        "https://muscatinejournal.com/willem-dafoe-believes-each-of-his-alpacas-has-a-human-like-personality/image_0f191f28-0ad2-547f-8a2f-13fac54c662d.html",
        "https://www.muscatinejournal.com/willem-dafoe-believes-each-of-his-alpacas-has-a-human-like-personality/image_0f191f28-0ad2-547f-8a2f-13fac54c662d.html?mode=comments"
    ],
    "external_images": [],
    "entities": {
        "persons": [
            {
                "name": "willem dafoe",
                "sentiment": "negative"
            },
            {
                "name": "jim hetzler",
                "sentiment": "none"
            }
        ],
        "organizations": [
            {
                "name": "muscatine running club",
                "sentiment": "none"
            },
            {
                "name": "cottage gift shoppe",
                "sentiment": "none"
            }
        ],
        "locations": [
            {
                "name": "iowa",
                "sentiment": "none"
            },
            {
                "name": "italy",
                "sentiment": "none"
            },
            {
                "name": "muscatine",
                "sentiment": "none"
            }
        ]
    },
    "rating": null,
    "crawled": "2024-01-08T00:18:47.320+02:00",
    "updated": "2024-01-08T00:18:47.320+02:00"
}