{
    "thread": {
        "uuid": "9bae55de9c4723e10e3e822c7defb8e5f9d609fc",
        "url": "https://www.lindependant.fr/2024/01/07/top-14-montpellier-soffre-toulon-et-se-relance-dans-la-course-pour-le-maintien-lusap-reste-5-points-devant-11682121.php",
        "site_full": "www.lindependant.fr",
        "site": "lindependant.fr",
        "site_section": "https://www.lindependant.fr/rss.xml",
        "site_categories": [
            "media"
        ],
        "section_title": "Actualités et infos de Perpignan et sa région - À la une",
        "title": "Top 14 : Montpellier s'offre Toulon et se relance dans la course pour le maintien, l'USAP reste 5 points devant",
        "title_full": "Top 14 : Montpellier s'offre Toulon et se relance dans la course pour le maintien, l'USAP reste 5 points devant",
        "published": "2024-01-07T23:05:00.000+02:00",
        "replies_count": 0,
        "participants_count": 1,
        "site_type": "news",
        "country": "FR",
        "main_image": "https://images.lindependant.fr/api/v1/images/view/659b1c4e5944400fc855f579/large/image.jpg?v=1",
        "performance_score": 0,
        "domain_rank": 20540,
        "domain_rank_updated": "2024-01-02T12:06:49.000+02:00",
        "reach": null,
        "social": {
            "facebook": {
                "likes": 0,
                "comments": 0,
                "shares": 0
            },
            "gplus": {
                "shares": 0
            },
            "pinterest": {
                "shares": 0
            },
            "linkedin": {
                "shares": 0
            },
            "stumbledupon": {
                "shares": 0
            },
            "vk": {
                "shares": 0
            }
        }
    },
    "uuid": "9bae55de9c4723e10e3e822c7defb8e5f9d609fc",
    "url": "https://www.lindependant.fr/2024/01/07/top-14-montpellier-soffre-toulon-et-se-relance-dans-la-course-pour-le-maintien-lusap-reste-5-points-devant-11682121.php",
    "ord_in_thread": 0,
    "parent_url": null,
    "author": "@lindependant",
    "published": "2024-01-07T23:05:00.000+02:00",
    "title": "Top 14 : Montpellier s'offre Toulon et se relance dans la course pour le maintien, l'USAP reste 5 points devant",
    "text": "Top 14 : Montpellier s'offre Toulon et se relance dans la course pour le maintien, l'USAP reste 5 points devant\nCe dimanche soir, Montpellier a battu Toulon (27-17) pour rester en vie. Mais reste dernier à cinq points de l’USAP.\nLa pression à son maximum. C’est dans ces conditions que Montpellier a reçu Toulon hier soir. Samedi, l’USAP a battu Oyonnax (27-12) et s’est offerte un matelas de 9 points d’avance sur la dernière place détenue par le MHR. Les Montpelliérains n‘avaient donc pas le droit l’erreur sur leur pelouse face à Toulon. Et ils n’ont pas trébuché. Les Héraultais se sont imposés 27 à 17 au terme d’un match qu’ils ont globalement dominé. Comme depuis le début de la saison, Toulon est apparu trop faible à l’extérieur.\nEt le MHR a même failli s’offrir le bonus offensif. Les Cistes ont inscrit trois essais par Geoffrey Doumayrou après une magnifique attaque initiée par Ben Lam (7e), puis par Nicolaas Janse van Rensburg sur une grossière erreur de Gigashvili (53e). Avant que Paul Willemse, en force, ne vienne terminer le travail à dix minutes du terme (71e).\nLes Toulonnais sont longtemps restés tant bien que mal dans le match grâce au pied de Melvyn Jaminet (11e, 21e, 51e, 62e), mais cela n’a pas suffi. L’essai de Dany Priso (73e) est arrivé trop tardivement.\nÀ une journée de la phase aller, la lutte pour le maintien est plus que jamais relancée. Quatre équipes (l’USAP, Oyonnax, Lyon et Montpellier) se tiennent sur quatre points. Sachant que Clermont (9e) et Bayonne (10e) ne sont pas très loin devant.\nLa prochaine journée de championnat avec les Lyon-USAP, Bayonne-Oyonnax et Montpellier-Pau vaudra son pesant d’or pour la suite de la saison.",
    "highlightText": "",
    "highlightTitle": "",
    "highlightThreadTitle": "",
    "language": "french",
    "sentiment": "positive",
    "categories": [
        "Politics",
        "Sport",
        "Human Interest"
    ],
    "external_links": [],
    "external_images": [],
    "entities": {
        "persons": [],
        "organizations": [],
        "locations": []
    },
    "rating": null,
    "crawled": "2024-01-08T00:34:11.035+02:00",
    "updated": "2024-01-08T00:34:11.035+02:00"
}