{
    "thread": {
        "uuid": "999a2403c622d96586b106cab1b34ee4698b750e",
        "url": "https://rpp.pe/famosos/celebridades/sean-penn-y-la-actriz-peruana-nathalie-kelley-confirman-su-romance-en-las-playas-de-miami-noticia-1526000",
        "site_full": "rpp.pe",
        "site": "rpp.pe",
        "site_section": "https://rpp.pe/feed/famosos",
        "site_categories": [
            "media"
        ],
        "section_title": "RPP NOTICIAS",
        "title": "Sean Penn y la actriz peruana Nathalie Kelley confirman su romance en las playas de Miami",
        "title_full": "Sean Penn y la actriz peruana Nathalie Kelley confirman su romance en las playas de Miami",
        "published": "2024-01-08T00:29:00.000+02:00",
        "replies_count": 0,
        "participants_count": 1,
        "site_type": "news",
        "country": "PE",
        "main_image": "https://e.rpp-noticias.io/large/2024/01/07/392739_1522029.webp",
        "performance_score": 0,
        "domain_rank": 15540,
        "domain_rank_updated": "2024-01-02T12:06:49.000+02:00",
        "reach": null,
        "social": {
            "facebook": {
                "likes": 0,
                "comments": 0,
                "shares": 0
            },
            "gplus": {
                "shares": 0
            },
            "pinterest": {
                "shares": 0
            },
            "linkedin": {
                "shares": 0
            },
            "stumbledupon": {
                "shares": 0
            },
            "vk": {
                "shares": 0
            }
        }
    },
    "uuid": "999a2403c622d96586b106cab1b34ee4698b750e",
    "url": "https://rpp.pe/famosos/celebridades/sean-penn-y-la-actriz-peruana-nathalie-kelley-confirman-su-romance-en-las-playas-de-miami-noticia-1526000",
    "ord_in_thread": 0,
    "parent_url": null,
    "author": "Brenda García Retamal",
    "published": "2024-01-08T00:29:00.000+02:00",
    "title": "Sean Penn y la actriz peruana Nathalie Kelley confirman su romance en las playas de Miami",
    "text": "Tras su divorcio en 2021,\nSean Penn se ha dado una nueva oportunidad en el amor y esta vez con Nathalie Kelley, actriz que protagonizó 'Rápidos y Furiosos' (2006).\nDespués de un tiempo soltero, el actor\nSean Penn se ha dejado ver con la actriz peruana Nathalie Kelley en South Beach, en Estados Unidos. La pareja se ha vuelto viral en las redes sociales después de que se lucieran juntos tomados de la mano.\nHasta el momento ni uno de los dos ha confirmado su romance; sin embargo, las imágenes hablan por sí solas, además, sus seguidores han estado llenando la caja de comentarios de los actores deseándoles lo mejor en esta etapa de su vida.\n¿Quién es Nathalie Kelley?\nNathalie Kelley es conocida por su participación en Rápidos y Furiosos. Es fruto de una madre peruana y un padre argentino, sin embargo, a los dos años se mudó a Australia junto a su mamá y su padrastro, allí decidió cambiar su apellido por el de él.\nDesde muy pequeña se mostró interesada en el mundo del modelaje, concursos de belleza y la actuación. Por ello, se formó en la actuación en el North Sydney High School, Australia, misma institución donde se graduó Nicole Kidman. Aunque en su momento tuvo problemas para lograr posicionarse en Hollywood, ha logrado participar de películas importantes a lo largo de su carrera.\nUna de sus apariciones más importantes ha sido en su papel de Neela en la saga de Rápidos y Furiosos (2006). Además, ha trabajado en series importantes como Unreal, Dynasty y The Vampire Diaries. Años atrás fue la protagonista del videoclip de Bruno Mars, Just the way you are. Recientemente participó de una de las producciones de Netflix, llamada Un panadero y la belleza (2021).\nEl último divorcio de Sean Penn\nTras cuatro años de noviazgo y apenas un año de matrimonio, Sean Penn y la actriz Leila George decidieron poner fin a su historia de amor en 2021. La australiana presentó una solicitud de disolución en la Corte Superior del Condado de Los Ángeles, Estados Unidos.\nLa pareja se casó en agosto de 2020 en plena pandemia, en una ceremonia celebrada por videoconferencia. \"Ha sido una boda COVID. Con eso me refiero a que la ofició un funcionario del condado por Zoom y nosotros estábamos en casa, con mis dos hijos y su hermano, y así lo organizamos todo\", reveló Penn en una entrevista.\nEste es el tercer divorcio que vive Sean Penn. El primero fue en Madonna en 1989, el segundo fue con Robin Wright en 2007, con quien tuvo dos hijos, Dylan Frances y Hopper Jack. También tuvo una relación con Charlize Theron, que acabó en 2015.\nTe recomendamos\nComparte esta noticia\nSiguenos en",
    "highlightText": "",
    "highlightTitle": "",
    "highlightThreadTitle": "",
    "language": "spanish",
    "sentiment": "positive",
    "categories": [
        "Human Interest"
    ],
    "external_links": [
        "https://news.google.com/publications/CAAiEPS-1PTwo1fhyncujsNXKmcqFAgKIhD0vtT08KNX4cp3Lo7DVypn?hl=es-419&gl=PE&ceid=PE%3Aes-419",
        "https://news.google.com/publications/CAAiEPS-1PTwo1fhyncujsNXKmcqFAgKIhD0vtT08KNX4cp3Lo7DVypn",
        "https://www.news.google.com/publications/CAAiEPS-1PTwo1fhyncujsNXKmcqFAgKIhD0vtT08KNX4cp3Lo7DVypn?hl=es-419&gl=PE&ceid=PE%3Aes-419"
    ],
    "external_images": [],
    "entities": {
        "persons": [],
        "organizations": [],
        "locations": []
    },
    "rating": null,
    "crawled": "2024-01-08T00:44:49.487+02:00",
    "updated": "2024-01-08T00:44:49.487+02:00"
}