{
    "thread": {
        "uuid": "eb7c95fa31371a43cbfa64a99789b9d691a035a0",
        "url": "https://www.antena3.com/series/secretos-familia/mejores-momentos/metin-absuelto-reincorpora-trabajo-como-inspector-policia_20240107659b27f2872b8200011ca207.html",
        "site_full": "www.antena3.com",
        "site": "antena3.com",
        "site_section": "http://www.antena3.com",
        "site_categories": [
            "television",
            "entertainment"
        ],
        "section_title": "Antena 3: Últimas noticias, series y programas en directo",
        "title": "Metin es absuelto y se reincorpora a su trabajo como inspector de policía",
        "title_full": "Metin es absuelto y se reincorpora a su trabajo como inspector de policía",
        "published": "2024-01-08T00:38:00.000+02:00",
        "replies_count": 0,
        "participants_count": 1,
        "site_type": "news",
        "country": "ES",
        "main_image": "https://fotografias.antena3.com/clipping/cmsimages02/2024/01/07/E59C508F-2282-4E6C-A78C-77F5BD739800/metin-absuelto-reincorpora-trabajo-como-inspector-policia_69.jpg?crop=1920,1080,x0,y0&width=1280&height=720&optimize=low&format=jpg",
        "performance_score": 0,
        "domain_rank": 7104,
        "domain_rank_updated": "2024-01-02T12:06:49.000+02:00",
        "reach": null,
        "social": {
            "facebook": {
                "likes": 7,
                "comments": 0,
                "shares": 1
            },
            "gplus": {
                "shares": 0
            },
            "pinterest": {
                "shares": 0
            },
            "linkedin": {
                "shares": 0
            },
            "stumbledupon": {
                "shares": 0
            },
            "vk": {
                "shares": 0
            }
        }
    },
    "uuid": "eb7c95fa31371a43cbfa64a99789b9d691a035a0",
    "url": "https://www.antena3.com/series/secretos-familia/mejores-momentos/metin-absuelto-reincorpora-trabajo-como-inspector-policia_20240107659b27f2872b8200011ca207.html",
    "ord_in_thread": 0,
    "parent_url": null,
    "author": "Julia Zapata",
    "published": "2024-01-08T00:38:00.000+02:00",
    "title": "Metin es absuelto y se reincorpora a su trabajo como inspector de policía",
    "text": "Mejores momentos | Capítulo 64 Metin es absuelto y se reincorpora a su trabajo como inspector de policía El padre de Ilgaz recupera su antiguo empleo después de haber sido expulsado del cargo. Publicidad Las piezas del puzzle parece que vuelven a encajar en la vida de los Kaya. Ilgaz está vivo, Defne es toda una rebelde adolescente, Merdan cree que cada vez más es una carga para su hijo y [Çinar está a punto de casarse](https://www.antena3.com/series/secretos-familia/mejores-momentos/nos-vamos-boda-cinar-parla-organizan-gran-fiesta-compromiso-todos-sus-familiares-amigos_20240107659b214e872b8200011c9828.html) con Parla. Metin, por su parte, se quedó muy triste desde que tuvo que abandonar su cargo como inspector jefe de policía tras manipular pruebas para salvar a su hijo Çinar hace ya más de cinco años. Tras un duro camino y gracias a la ayuda Ceylin y Yekta, Metin es absuelto de todos los delitos de los que se le acusaban y el padre de Ilgaz se reincorpora como inspector de policía. Entre los aplausos de sus compañeros, el gran Metin Kaya vuelve a la que fue su segunda casa, a la comisaría de la que nunca debió marcharse. ¡Bienvenido, de nuevo Metin! ¡Te echábamos de menos! Publicidad",
    "highlightText": "",
    "highlightTitle": "",
    "highlightThreadTitle": "",
    "language": "spanish",
    "sentiment": "positive",
    "categories": [
        "Human Interest",
        "Crime, Law and Justice"
    ],
    "external_links": [],
    "external_images": [],
    "entities": {
        "persons": [],
        "organizations": [],
        "locations": []
    },
    "rating": null,
    "crawled": "2024-01-08T00:43:31.890+02:00",
    "updated": "2024-01-08T00:43:31.890+02:00"
}