{
    "thread": {
        "uuid": "630d7651ed1c53d3aa4721030084ffd23f8e66a2",
        "url": "https://www.dallasnews.com/opinion/commentary/2024/01/07/it-really-is-a-miracle-and-other-remarkable-quotes-of-the-week/",
        "site_full": "www.dallasnews.com",
        "site": "dallasnews.com",
        "site_section": "https://dallasnews.com/opinion/commentary/",
        "site_categories": [
            "media"
        ],
        "section_title": "Commentary | Dallas Morning News",
        "title": "‘It really is a miracle’ and other remarkable quotes of the week",
        "title_full": "‘It really is a miracle’ and other remarkable quotes of the week",
        "published": "2024-01-07T14:31:00.000+02:00",
        "replies_count": 0,
        "participants_count": 1,
        "site_type": "news",
        "country": "US",
        "main_image": "https://dmn-dallas-news-prod.cdn.arcpublishing.com/resizer/xPgBePSerqzZGUPDR9BDV-hiWow=/830x467/smart/filters:no_upscale()/cloudfront-us-east-1.images.arcpublishing.com/dmn/SFTN25AXTLY3XG62DRUFVC5LGE.jpg",
        "performance_score": 0,
        "domain_rank": 1105,
        "domain_rank_updated": "2024-01-02T12:06:49.000+02:00",
        "reach": null,
        "social": {
            "facebook": {
                "likes": 0,
                "comments": 0,
                "shares": 0
            },
            "gplus": {
                "shares": 0
            },
            "pinterest": {
                "shares": 0
            },
            "linkedin": {
                "shares": 0
            },
            "stumbledupon": {
                "shares": 0
            },
            "vk": {
                "shares": 0
            }
        }
    },
    "uuid": "630d7651ed1c53d3aa4721030084ffd23f8e66a2",
    "url": "https://www.dallasnews.com/opinion/commentary/2024/01/07/it-really-is-a-miracle-and-other-remarkable-quotes-of-the-week/",
    "ord_in_thread": 0,
    "parent_url": null,
    "author": "The Dallas Morning News",
    "published": "2024-01-07T14:31:00.000+02:00",
    "title": "‘It really is a miracle’ and other remarkable quotes of the week",
    "text": "“It really is a miracle … that they got everyone out .” — Trisha Ferguson, aviation industry expert and the chief executive of The Interaction Group, a company that designs airplane safety cards, commenting on a Japan Airlines flight that burst into flames after colliding with another aircraft. (Monday, The New York Times ) “ These payments were made while these governments were promoting specific foreign policy goals with the Trump administration and even, at times, with President Trump himself, and as they were requesting specific actions from the United States to advance their own national policy objectives.” — A report from Democrats in the House Oversight Committee detailing $7.8 million in receipts from government officials in China, Saudi Arabia, Qatar and other countries to former President Donald Trump’s businesses while he was in office. (Thursday, The Washington Post )\nAdvertisement “I got a chance to visit with Jimmy during the week leading up to it, before he got to Dallas and then saw him before the game. And it was pretty obvious that this, this meant a lot to him . And I thought he was fantastic and what he had to say. And it was good to see he and Jerry together. I do feel like whatever differences they’ve had, I do believe that that’s in the past, which is good for all of us.” — Dallas Cowboys legend Troy Aikman describing the induction of former head coach Jimmy Johnson into the Cowboys Ring of Honor. (Thursday, Sportsradio 96.7 FM/1310 The Ticket)\nAdvertisement “Family court judges are more prone to experience threats or violence mainly because they are dealing with highly emotional family matters such as child custody and claims of domestic violence.” — James T. Richardson, a professor of sociology and judicial studies at the University of Nevada, Reno, after a viral video showed defendant attacking Judge Mary Kay Holthus. (Thursday, NPR )\nOpinion Get smart opinions on the topics North Texans care about.\nSIGN UP Or with:",
    "highlightText": "",
    "highlightTitle": "",
    "highlightThreadTitle": "",
    "language": "english",
    "sentiment": "positive",
    "categories": [
        "Human Interest"
    ],
    "external_links": [
        "https://www.npr.org/2024/01/04/1222863351/attacks-on-judges-las-vegas-nevada-hearing",
        "https://www.washingtonpost.com/politics/2024/01/04/report-trump-businesses-received-78-million-foreign-payments-during-presidency/?utm_campaign=wp_post_most&utm_medium=email&utm_source=newsletter&wpisrc=nl_most",
        "https://www.nytimes.com/2024/01/02/world/asia/tokyo-haneda-plane-fire.html",
        "https://washingtonpost.com/politics/2024/01/04/report-trump-businesses-received-78-million-foreign-payments-during-presidency/?utm_campaign=wp_post_most&utm_medium=email&utm_source=newsletter&wpisrc=nl_most",
        "https://www.washingtonpost.com/politics/2024/01/04/report-trump-businesses-received-78-million-foreign-payments-during-presidency/",
        "https://npr.org/2024/01/04/1222863351/attacks-on-judges-las-vegas-nevada-hearing",
        "https://nytimes.com/2024/01/02/world/asia/tokyo-haneda-plane-fire.html"
    ],
    "external_images": [],
    "entities": {
        "persons": [
            {
                "name": "trisha ferguson",
                "sentiment": "negative"
            },
            {
                "name": "donald trump",
                "sentiment": "none"
            },
            {
                "name": "jimmy",
                "sentiment": "none"
            },
            {
                "name": "trump",
                "sentiment": "none"
            }
        ],
        "organizations": [
            {
                "name": "washington post",
                "sentiment": "none"
            },
            {
                "name": "interaction group",
                "sentiment": "none"
            },
            {
                "name": "japan airlines",
                "sentiment": "none"
            },
            {
                "name": "house oversight committee",
                "sentiment": "none"
            },
            {
                "name": "the new york times",
                "sentiment": "none"
            }
        ],
        "locations": [
            {
                "name": "saudi arabia",
                "sentiment": "none"
            },
            {
                "name": "united states",
                "sentiment": "none"
            },
            {
                "name": "china",
                "sentiment": "none"
            },
            {
                "name": "qatar",
                "sentiment": "none"
            },
            {
                "name": "dallas",
                "sentiment": "none"
            }
        ]
    },
    "rating": null,
    "crawled": "2024-01-08T00:03:33.603+02:00",
    "updated": "2024-01-08T00:03:33.603+02:00"
}