{
    "thread": {
        "uuid": "ddcae5ec52dd4ca95d74155b8603ffe15abac439",
        "url": "https://www.superdeporte.es/valencia-cf/2024/01/07/brentford-dejaban-chutar-ahora-canos-secreto-goles-96637749.html",
        "site_full": "www.superdeporte.es",
        "site": "superdeporte.es",
        "site_section": "http://www.superdeporte.es/elementosInt/rss/2",
        "site_categories": [
            "sports"
        ],
        "section_title": "Superdeporte - Valencia CF",
        "title": "Canós: \"En el Brentford no me dejaban chutar y ahora me insisten en que pruebe\"",
        "title_full": "Canós: \"En el Brentford no me dejaban chutar y ahora me insisten en que pruebe\"",
        "published": "2024-01-08T00:20:00.000+02:00",
        "replies_count": 0,
        "participants_count": 1,
        "site_type": "news",
        "country": "ES",
        "main_image": "https://estaticos-cdn.prensaiberica.es/clip/710a6051-9210-4f95-86ef-692b2de5f022_16-9-aspect-ratio_default_0_x1087y785.jpg",
        "performance_score": 0,
        "domain_rank": 76992,
        "domain_rank_updated": "2024-01-02T12:06:57.000+02:00",
        "reach": null,
        "social": {
            "facebook": {
                "likes": 0,
                "comments": 0,
                "shares": 0
            },
            "gplus": {
                "shares": 0
            },
            "pinterest": {
                "shares": 0
            },
            "linkedin": {
                "shares": 0
            },
            "stumbledupon": {
                "shares": 0
            },
            "vk": {
                "shares": 0
            }
        }
    },
    "uuid": "ddcae5ec52dd4ca95d74155b8603ffe15abac439",
    "url": "https://www.superdeporte.es/valencia-cf/2024/01/07/brentford-dejaban-chutar-ahora-canos-secreto-goles-96637749.html",
    "ord_in_thread": 0,
    "parent_url": null,
    "author": "Iván Carsí",
    "published": "2024-01-08T00:20:00.000+02:00",
    "title": "Canós: \"En el Brentford no me dejaban chutar y ahora me insisten en que pruebe\"",
    "text": "Sergi Canós fue uno de los protagonistas del duelo con su segundo gol como valencianista y el que inició la remontada en Cartagonova. El de Nules se ha mostrado muy contento por la victoria tras el encuentro: \"El gol es muy importante, siempre es bonito marcar y hemos podido empatar y luego darle la vuelta. Muy feliz y hay que seguir trabajando\".\nAsimismo el atacante valencianista reconoció que ha estado tranquilo hasta alcanzar este nivel en el equipo: \"Siempre he tenido confianza en mí mismo y la verdad es que ha sido un gran gol. Estoy muy contento de ayudar al equipo. He estado siete años sin que me dejaran chutar en el Brentford ahora me insisten en que pruebe”\nEl de Nules siguió el discurso del técnico y destacó la dificultad que han tenido los equipos de mayor categoría para superar esta ronda: Todos los partidos han sido muy difíciles para todos los equipos. Muchos Primeras han sufrido para poder pasar. Sí que es verdad que nos ha faltado un poquito más. Veremos en qué hemos fallado e intentaremos mejorar\".\nCanós avisa: \"El objetivo es jugar el próximo partido y ojalá nos toque en\nMestalla\".",
    "highlightText": "",
    "highlightTitle": "",
    "highlightThreadTitle": "",
    "language": "spanish",
    "sentiment": "positive",
    "categories": [
        "Sport",
        "Human Interest",
        "Crime, Law and Justice"
    ],
    "external_links": [],
    "external_images": [],
    "entities": {
        "persons": [],
        "organizations": [],
        "locations": []
    },
    "rating": null,
    "crawled": "2024-01-08T00:40:25.239+02:00",
    "updated": "2024-01-08T00:40:25.239+02:00"
}