{
    "thread": {
        "uuid": "560ecfb0e849b44035cc6c000a35f1bdc3d20269",
        "url": "http://trentonmonitor.www.clients.ellingtoncms.com/news/2024/jan/07/update-bishop-making-progress-in-recovery-grateful-for-prayers-and-good-wishes/",
        "site_full": "trentonmonitor.www.clients.ellingtoncms.com",
        "site": "ellingtoncms.com",
        "site_section": "http://trentonmonitor.www.clients.ellingtoncms.com",
        "site_categories": [],
        "section_title": "Trenton Monitor",
        "title": "Trenton Monitor",
        "title_full": "Trenton Monitor",
        "published": "2024-01-07T02:00:00.000+02:00",
        "replies_count": 0,
        "participants_count": 0,
        "site_type": "news",
        "country": "US",
        "main_image": "https://trentonmonitor.media.clients.ellingtoncms.com/img/photos/2024/01/07/Untitled_design_1_t600.png?4326734cdb8e39baa3579048ef63ad7b451e7676",
        "performance_score": 0,
        "domain_rank": 59460,
        "domain_rank_updated": "2024-01-02T12:06:53.000+02:00",
        "reach": null,
        "social": {
            "facebook": {
                "likes": 0,
                "comments": 0,
                "shares": 0
            },
            "gplus": {
                "shares": 0
            },
            "pinterest": {
                "shares": 0
            },
            "linkedin": {
                "shares": 0
            },
            "stumbledupon": {
                "shares": 0
            },
            "vk": {
                "shares": 0
            }
        }
    },
    "uuid": "560ecfb0e849b44035cc6c000a35f1bdc3d20269",
    "url": "http://trentonmonitor.www.clients.ellingtoncms.com/news/2024/jan/07/update-bishop-making-progress-in-recovery-grateful-for-prayers-and-good-wishes/",
    "ord_in_thread": 0,
    "parent_url": null,
    "author": null,
    "published": "2024-01-07T02:00:00.000+02:00",
    "title": "Trenton Monitor",
    "text": "UPDATE: Bishop making progress in recovery, grateful for prayers and good wishes January 7, 2024 at 2:40 p.m. Bishop David M. O'Connell, C.M., was moved from intensive care to the Cardiac Care Unit of Santo Spirito Hospital in Rome Jan. 7, where he continues his recovery from surgery after suffering a heart attack days earlier. Bishop O’Connell has been hospitalized since Jan. 4 after undergoing emergency cardiac surgery to open a blocked artery. The Bishop had been in Rome a few days ahead of the arrival of some 20 priests of the Diocese for a planned pilgrimage. In a brief communication with The Monitor Jan. 7, Bishop O’Connell expressed gratitude for all the prayers and good wishes he is receiving and says he is feeling better each day. He looks forward to returning home as soon as possible. The Bishop added that although he misses being with the priests on pilgrimage, he is very happy that they are enjoying their visit to Rome. Related Stories Sunday, January 07, 2024 E-Editions Events Bishop David M. O'Connell, C.M., was moved from intensive care to the Cardiac Care Unit of Santo Spirito Hospital in Rome Jan. 7, where he continues his recovery from surgery after suffering a heart attack days earlier. Bishop O’Connell has been hospitalized since Jan. 4 after undergoing emergency cardiac surgery to open a blocked artery. The Bishop had been in Rome a few days ahead of the arrival of some 20 priests of the Diocese for a planned pilgrimage. In a brief communication with The Monitor Jan. 7, Bishop O’Connell expressed gratitude for all the prayers and good wishes he is receiving and says he is feeling better each day. He looks forward to returning home as soon as possible. The Bishop added that although he misses being with the priests on pilgrimage, he is very happy that they are enjoying their visit to Rome. [info@whitewaterpublications.com](mailto:info@whitewaterpublications.com)or Call/Text [360-922-3092](tel:360-922-3092)",
    "highlightText": "",
    "highlightTitle": "",
    "highlightThreadTitle": "",
    "language": "english",
    "sentiment": "positive",
    "categories": [
        "Health",
        "Human Interest",
        "Religion and Belief"
    ],
    "external_links": [],
    "external_images": [],
    "entities": {
        "persons": [
            {
                "name": "bishop",
                "sentiment": "negative"
            },
            {
                "name": "bishop o’connell",
                "sentiment": "none"
            },
            {
                "name": "c.m.",
                "sentiment": "none"
            },
            {
                "name": "sant",
                "sentiment": "none"
            },
            {
                "name": "david m. o'connell",
                "sentiment": "none"
            }
        ],
        "organizations": [
            {
                "name": "cardiac care unit of santo spirito hospital",
                "sentiment": "none"
            }
        ],
        "locations": [
            {
                "name": "trenton",
                "sentiment": "none"
            },
            {
                "name": "rome",
                "sentiment": "none"
            }
        ]
    },
    "rating": null,
    "crawled": "2024-01-08T00:20:36.939+02:00",
    "updated": "2024-01-08T00:20:36.939+02:00"
}