{
    "thread": {
        "uuid": "2e27a469ff86697445dfd8ef82e99f8f68ee39f5",
        "url": "https://www.fanforum.com/f423/anti-abcs-29-tension-update-vague-63276495/",
        "site_full": "www.fanforum.com",
        "site": "fanforum.com",
        "site_section": "https://www.fanforum.com/external.php?type=RSS2",
        "site_categories": [
            "television",
            "entertainment",
            "non_standard_content",
            "adult"
        ],
        "section_title": "Fan Forum",
        "title": "Anti-ABC's #29: Tension.. Update.. Vague..",
        "title_full": "Anti-ABC's #29: Tension.. Update.. Vague..",
        "published": "2024-01-07T23:54:00.000+02:00",
        "replies_count": 0,
        "participants_count": 1,
        "site_type": "news",
        "country": "US",
        "main_image": "",
        "performance_score": 0,
        "domain_rank": 86962,
        "domain_rank_updated": "2024-01-02T12:06:57.000+02:00",
        "reach": null,
        "social": {
            "facebook": {
                "likes": 0,
                "comments": 0,
                "shares": 0
            },
            "gplus": {
                "shares": 0
            },
            "pinterest": {
                "shares": 0
            },
            "linkedin": {
                "shares": 0
            },
            "stumbledupon": {
                "shares": 0
            },
            "vk": {
                "shares": 0
            }
        }
    },
    "uuid": "2e27a469ff86697445dfd8ef82e99f8f68ee39f5",
    "url": "https://www.fanforum.com/f423/anti-abcs-29-tension-update-vague-63276495/",
    "ord_in_thread": 0,
    "parent_url": null,
    "author": "FoxPhile",
    "published": "2024-01-07T23:54:00.000+02:00",
    "title": "Anti-ABC's #29: Tension.. Update.. Vague..",
    "text": "W recked",
    "highlightText": "",
    "highlightTitle": "",
    "highlightThreadTitle": "",
    "language": "english",
    "sentiment": "positive",
    "categories": [
        "Sport",
        "Human Interest"
    ],
    "external_links": [],
    "external_images": [],
    "entities": {
        "persons": [
            {
                "name": "wylie",
                "sentiment": "none"
            },
            {
                "name": "heidi",
                "sentiment": "none"
            },
            {
                "name": "robin tunney",
                "sentiment": "none"
            },
            {
                "name": "copyri",
                "sentiment": "none"
            },
            {
                "name": "sylvester dodd",
                "sentiment": "none"
            }
        ],
        "organizations": [
            {
                "name": "sheldon/amy ღ mulder/scully ღ peter/olivia ღ mac/harm ღ toby/happy ღ walter/paige",
                "sentiment": "none"
            },
            {
                "name": "google facebook",
                "sentiment": "none"
            },
            {
                "name": "facebook",
                "sentiment": "none"
            }
        ],
        "locations": []
    },
    "rating": null,
    "crawled": "2024-01-08T00:20:03.873+02:00",
    "updated": "2024-01-12T22:01:33.484+02:00"
}