{
    "thread": {
        "uuid": "4ddfa64e7b992dffc74d9bdd37f7ab38288c333e",
        "url": "https://plazadeportiva.valenciaplaza.com/jaume-domenech-vamos-a-luchar-por-llegar-lo-mas-lejos-posible",
        "site_full": "plazadeportiva.valenciaplaza.com",
        "site": "valenciaplaza.com",
        "site_section": "https://plazadeportiva.valenciaplaza.com/noticias/rss",
        "site_categories": [
            "sports"
        ],
        "section_title": "Valencia Plaza",
        "title": "Jaume Domènech: \"Vamos a luchar por llegar lo más lejos posible\"",
        "title_full": "Jaume Domènech: \"Vamos a luchar por llegar lo más lejos posible\"",
        "published": "2024-01-07T06:00:00.000+02:00",
        "replies_count": 0,
        "participants_count": 1,
        "site_type": "news",
        "country": "ES",
        "main_image": "https://plazadeportiva.valenciaplaza.com/public/Image/socialThumb/17046644037290700.png",
        "performance_score": 0,
        "domain_rank": 23326,
        "domain_rank_updated": "2024-01-02T12:06:49.000+02:00",
        "reach": null,
        "social": {
            "facebook": {
                "likes": 0,
                "comments": 0,
                "shares": 0
            },
            "gplus": {
                "shares": 0
            },
            "pinterest": {
                "shares": 0
            },
            "linkedin": {
                "shares": 0
            },
            "stumbledupon": {
                "shares": 0
            },
            "vk": {
                "shares": 0
            }
        }
    },
    "uuid": "4ddfa64e7b992dffc74d9bdd37f7ab38288c333e",
    "url": "https://plazadeportiva.valenciaplaza.com/jaume-domenech-vamos-a-luchar-por-llegar-lo-mas-lejos-posible",
    "ord_in_thread": 0,
    "parent_url": null,
    "author": "Plaza Deportiva",
    "published": "2024-01-07T06:00:00.000+02:00",
    "title": "Jaume Domènech: \"Vamos a luchar por llegar lo más lejos posible\"",
    "text": "Hoy es 8 de enero y se habla de VALÈNCIA. El portero del Valencia CF, Jaume Domènech, ha valorado el triunfo ante el FC Cartagena en los dieciseisavos de la Copa del Rey 2023-24. Partido “Sabíamos que el FC Cartagena nos lo iba a poner muy difícil. Baraja nos había avisado de la importancia de los primeros minutos y, justamente, no hemos entrado de la mejor manera en el partido. Han tenido 2/3 ocasiones claras y han materializado una. Luego el equipo lo ha intentado, no se ha rendido en ningún momento y hemos podido darle la vuelta y seguimos. Sabemos de la dificultad de la Copa”. Eliminatoria “Veníamos con todo, con la intención de pasar, nos tomamos muy en serio la Copa. Es una competición especial, tanto para nosotros como para todos los valencianistas y vamos a luchar por llegar lo más lejos posible”. Rendimiento “Estoy, siempre, contento por ayudar al equipo a conseguir los objetivos. Estoy trabajando duro para tener oportunidades y cuando me pone el míster, intentar ayudar al equipo”. Afición “Lo de nuestra gente es increíble. Ya cuando hemos salido del hotel estaban ahí todos esperándonos, al llegar al campo también. Estoy seguro de que nos han ayudado mucho para poder superar la eliminatoria. Son muy importantes para nosotros y estamos muy agradecidos”.",
    "highlightText": "",
    "highlightTitle": "",
    "highlightThreadTitle": "",
    "language": "spanish",
    "sentiment": "positive",
    "categories": [
        "Sport",
        "Human Interest"
    ],
    "external_links": [],
    "external_images": [],
    "entities": {
        "persons": [],
        "organizations": [],
        "locations": []
    },
    "rating": null,
    "crawled": "2024-01-08T00:19:53.737+02:00",
    "updated": "2024-01-08T05:21:18.818+02:00"
}