{
    "thread": {
        "uuid": "ecbe8f0823e7b13e0c9063ecb5305c0b3c8569e5",
        "url": "https://tdpelmedia.com/zara-and-mike-tindall-showcase-their-affectionate-bond-as-they-take-the-spotlight-at-magic-millions-event-on-the-gold-coast/",
        "site_full": "tdpelmedia.com",
        "site": "tdpelmedia.com",
        "site_section": "https://tdpelmedia.com/feed/",
        "site_categories": [],
        "section_title": "TDPel Media",
        "title": "Zara and Mike Tindall showcase their affectionate bond as they take the spotlight at Magic Millions event on the Gold Coast",
        "title_full": "Zara and Mike Tindall showcase their affectionate bond as they take the spotlight at Magic Millions event on the Gold Coast",
        "published": "2024-01-07T17:15:00.000+02:00",
        "replies_count": 0,
        "participants_count": 1,
        "site_type": "news",
        "country": "ID",
        "main_image": "https://tdpelmedia.com/wp-content/uploads/2024/01/zara-and-mike-tindall-put-on-a-loved-up-display-as-they-lead-the-charge-at-magic-millions-on-the-gold-coast.jpg",
        "performance_score": 0,
        "domain_rank": 40116,
        "domain_rank_updated": "2024-01-02T12:06:53.000+02:00",
        "reach": null,
        "social": {
            "facebook": {
                "likes": 0,
                "comments": 0,
                "shares": 0
            },
            "gplus": {
                "shares": 0
            },
            "pinterest": {
                "shares": 0
            },
            "linkedin": {
                "shares": 0
            },
            "stumbledupon": {
                "shares": 0
            },
            "vk": {
                "shares": 0
            }
        }
    },
    "uuid": "ecbe8f0823e7b13e0c9063ecb5305c0b3c8569e5",
    "url": "https://tdpelmedia.com/zara-and-mike-tindall-showcase-their-affectionate-bond-as-they-take-the-spotlight-at-magic-millions-event-on-the-gold-coast/",
    "ord_in_thread": 0,
    "parent_url": null,
    "author": "Christian Olarinre",
    "published": "2024-01-07T17:15:00.000+02:00",
    "title": "Zara and Mike Tindall showcase their affectionate bond as they take the spotlight at Magic Millions event on the Gold Coast",
    "text": "Zara and Mike Tindall’s Stylish Arrival in Australia\nZara and Mike Tindall recently made a return to Australia, attending the prestigious Magic Millions event on the Gold Coast in Queensland.\nThe couple, known for their frequent visits to Australian shores, displayed affection and joy as they arrived together at the renowned thoroughbred racehorse auction.\nChic Ensembles and Warm Moments\nAt the event, rugby legend Mike, 45, and Zara, 42, Princess Anne’s daughter, captivated onlookers with their impeccable style and warmth.\nZara donned a smart blue and white striped maxi dress by Rebecca Vallance, complemented by a rope belt and a wide-brimmed hat.\nHer ensemble was completed with designer espadrilles and subtle accessories, creating a chic and polished look.\nMike, on the other hand, looked dapper in a navy blue pinstripe suit, showcasing a classic yet fashionable appearance.\nPolo Skills and Playful Exchanges\nThe couple, visibly smitten, engaged in playful exchanges and shared laughter, adding a touch of charm to the event.\nZara later showcased her polo skills in a match on the grounds, sporting a polo shirt, white riding trousers, and tall brown boots.\nThe seasoned polo player seemed to thoroughly enjoy the friendly game, highlighting their shared love for sport and adventure.\nFond Memories and Return Plans\nMike and Zara’s connection with Australia goes beyond their frequent visits.\nThe couple’s love story began in Sydney in 2003, where they met at a bar. Reflecting on their fond memories, they express their affection for the country, emphasizing its significance in their relationship.\nDespite their return to the UK for Christmas with the royal family, the couple plans to head back to Australia for the Magic Millions, continuing their tradition.\nA Celebrity Couple’s Adventures Down Under\nRecalling their trip to Australia last year, Zara and Mike explored luxury boutiques and enjoyed wine tours, becoming local celebrities during their stay.\nThe couple’s connection with the country is deeply rooted, as demonstrated by their various escapades and engagements, including attending the Adelaide 500 motor racing event and indulging in VIP shopping experiences.\nMike’s Ventures and Charitable Contributions\nAway from the glamorous events, Mike recently ventured into the world of fashion with his own line of Budgy Smugglers, featuring cheeky slogans.\nThe proceeds from the sales, priced at $63 (£35) per pair, go directly to Cure Parkinson’s, contributing to research efforts.\nMike’s successful appearance on the UK version of I’m A Celebrity… Get Me Out Of Here! significantly boosted his company’s performance, showcasing a doubling of reserves and a notable rise in wealth.\nDown-to-Earth Royalty and Anecdotes\nMike’s down-to-earth nature and humorous anecdotes have endeared him to the public.\nFrom entertaining stories about his royal family encounters to humorous tales about his first date with Zara, the rugby royal has won praise for his relatability and calm demeanor.\nHis successful stint on the ITV celebrity show not only entertained fans but also contributed to a remarkable return for his company, marking a period of significant growth and success.\nShare on Facebook«||» «||» «||»\nRead More On The Topic On TDPel Media",
    "highlightText": "",
    "highlightTitle": "",
    "highlightThreadTitle": "",
    "language": "english",
    "sentiment": "positive",
    "categories": [
        "Lifestyle and Leisure",
        "Arts, Culture and Entertainment",
        "Human Interest"
    ],
    "external_links": [
        "https://www.facebook.com/sharer/sharer.php?u=https%3A%2F%2Ftdpelmedia.com%2Fzara-and-mike-tindall-showcase-their-affectionate-bond-as-they-take-the-spotlight-at-magic-millions-event-on-the-gold-coast%2F",
        "https://www.facebook.com/sharer/sharer.php",
        "https://facebook.com/sharer/sharer.php?u=https%3A%2F%2Ftdpelmedia.com%2Fzara-and-mike-tindall-showcase-their-affectionate-bond-as-they-take-the-spotlight-at-magic-millions-event-on-the-gold-coast%2F"
    ],
    "external_images": [],
    "entities": {
        "persons": [
            {
                "name": "mike tindall",
                "sentiment": "negative"
            },
            {
                "name": "zara",
                "sentiment": "negative"
            },
            {
                "name": "mike",
                "sentiment": "none"
            },
            {
                "name": "rebecca vallance",
                "sentiment": "none"
            },
            {
                "name": "anne",
                "sentiment": "none"
            }
        ],
        "organizations": [],
        "locations": [
            {
                "name": "australia zara",
                "sentiment": "none"
            },
            {
                "name": "gold coast zara",
                "sentiment": "none"
            },
            {
                "name": "gold coast",
                "sentiment": "none"
            },
            {
                "name": "australia",
                "sentiment": "none"
            },
            {
                "name": "queensland",
                "sentiment": "none"
            }
        ]
    },
    "rating": null,
    "crawled": "2024-01-08T00:25:32.326+02:00",
    "updated": "2024-01-08T00:25:32.326+02:00"
}