{
    "thread": {
        "uuid": "716e6df34b3e3fb76250cb2d4b174dc9316dff43",
        "url": "https://easybranches.com/entertainment/tv-web/14274759",
        "site_full": "easybranches.com",
        "site": "easybranches.com",
        "site_section": "https://easybranches.com/regions",
        "site_categories": [],
        "section_title": "Regions",
        "title": "'Little Mermaid' actress Halle Bailey announces birth of son: 'Welcome to the world'",
        "title_full": "'Little Mermaid' actress Halle Bailey announces birth of son: 'Welcome to the world'",
        "published": "2024-01-07T02:00:00.000+02:00",
        "replies_count": 0,
        "participants_count": 0,
        "site_type": "news",
        "country": "TH",
        "main_image": "https://img.easybranches.com/uploads/news/2024/01/little-mermaid-actress-halle-bailey-announces-birth-of-son-welcome-to-the-world.jpg",
        "performance_score": 0,
        "domain_rank": 82708,
        "domain_rank_updated": "2024-01-02T12:06:57.000+02:00",
        "reach": null,
        "social": {
            "facebook": {
                "likes": 0,
                "comments": 0,
                "shares": 0
            },
            "gplus": {
                "shares": 0
            },
            "pinterest": {
                "shares": 0
            },
            "linkedin": {
                "shares": 0
            },
            "stumbledupon": {
                "shares": 0
            },
            "vk": {
                "shares": 0
            }
        }
    },
    "uuid": "716e6df34b3e3fb76250cb2d4b174dc9316dff43",
    "url": "https://easybranches.com/entertainment/tv-web/14274759",
    "ord_in_thread": 0,
    "parent_url": null,
    "author": null,
    "published": "2024-01-07T02:00:00.000+02:00",
    "title": "'Little Mermaid' actress Halle Bailey announces birth of son: 'Welcome to the world'",
    "text": "\"Little Mermaid\" star Halle Bailey announced on Instagram Saturday that she recently had a baby boy. The child, who is named Halo, was born some time in 2023. \"even though we’re a few days into the new year, the greatest thing that 2023 could have done for me, was bring me my son.. welcome to the world my halo,\" Bailey wrote in an Instagram post. \"the world is desperate to know you,\" the post added. DISNEY CAN'T FEEL THE LOVE AT THE BOX OFFICE. AND HERE'S THE REASON WHY The 23-year-old mom shared a photo of her clutching her baby son's hand, who was wearing a bracelet that had his name engraved on it. Bailey is currently in a relationship with rapper DDG. The new father called her a \"super mom\" in the post's comment section. The actress's Instagram post, which garnered over 3 million likes, was flooded with congratulatory messages from colleagues and friends alike. DISNEY ADMITTED FORAY INTO POLITICS, CULTURE WARS, HURT ITS BOTTOM LINE IN SEC FILING: JONATHAN TURLEY \"Welcome to earth, Halo. We’ve been expecting you. congrats, mama!\" rapper Nicki Minaj wrote on the post. The \"Snow White\" reboot star Rachel Zegler also offered her congratulations to the new mom. \"welcome baby halo and congratulations beautiful mama,\" Zegler said. CLICK HERE TO GET THE FOX NEWS APP Bailey became an international star when she played the role of Ariel in Disney's 2023 remake of \"The Little Mermaid\". She has since appeared in the 2023 film \"The Color Purple\", which was released in the U.S. on Christmas Day.",
    "highlightText": "",
    "highlightTitle": "",
    "highlightThreadTitle": "",
    "language": "english",
    "sentiment": "positive",
    "categories": [
        "Human Interest",
        "Social Issue"
    ],
    "external_links": [
        "https://www.instagram.com/p/C1yL3AfLrJj/?hl=en",
        "https://www.foxnews.com/download",
        "https://www.foxnews.com/category/lifestyle/occasions/christmas",
        "https://www.foxnews.com/category/entertainment/events/babies",
        "https://www.foxnews.com/opinion/disneys-cant-feel-love-box-office-heres-reason-why",
        "https://www.foxnews.com/media/disney-admitted-foray-politics-culture-wars-hurt-bottom-line-sec-filing-jonathan-turley",
        "https://instagram.com/p/C1yL3AfLrJj/?hl=en",
        "https://foxnews.com/category/entertainment/events/babies",
        "https://foxnews.com/media/disney-admitted-foray-politics-culture-wars-hurt-bottom-line-sec-filing-jonathan-turley",
        "https://foxnews.com/category/lifestyle/occasions/christmas",
        "https://foxnews.com/download",
        "https://foxnews.com/opinion/disneys-cant-feel-love-box-office-heres-reason-why",
        "https://www.instagram.com/p/C1yL3AfLrJj/"
    ],
    "external_images": [],
    "entities": {
        "persons": [
            {
                "name": "halle bailey",
                "sentiment": "negative"
            },
            {
                "name": "disney",
                "sentiment": "none"
            },
            {
                "name": "jonathan turley",
                "sentiment": "none"
            },
            {
                "name": "nicki minaj",
                "sentiment": "none"
            },
            {
                "name": "halo",
                "sentiment": "none"
            },
            {
                "name": "bailey",
                "sentiment": "none"
            }
        ],
        "organizations": [
            {
                "name": "instagram",
                "sentiment": "negative"
            },
            {
                "name": "sec",
                "sentiment": "none"
            },
            {
                "name": "disney",
                "sentiment": "none"
            }
        ],
        "locations": []
    },
    "rating": null,
    "crawled": "2024-01-08T00:42:58.878+02:00",
    "updated": "2024-01-08T00:42:58.878+02:00"
}