{
    "thread": {
        "uuid": "1a26cacff40aa363b9a27be601aabc73f571cda7",
        "url": "https://www.archyde.com/dorival-junior-accepts-offer-to-coach-brazilian-national-team-the-future-of-brazilian-football/",
        "site_full": "www.archyde.com",
        "site": "archyde.com",
        "site_section": "https://www.archyde.com/feed/",
        "site_categories": [
            "media"
        ],
        "section_title": "Archyde",
        "title": "Dorival Junior Accepts Offer to Coach Brazilian National Team: The Future of Brazilian Football",
        "title_full": "Dorival Junior Accepts Offer to Coach Brazilian National Team: The Future of Brazilian Football",
        "published": "2024-01-08T00:31:00.000+02:00",
        "replies_count": 0,
        "participants_count": 1,
        "site_type": "news",
        "country": "US",
        "main_image": "",
        "performance_score": 0,
        "domain_rank": 19075,
        "domain_rank_updated": "2024-01-02T12:06:49.000+02:00",
        "reach": null,
        "social": {
            "facebook": {
                "likes": 0,
                "comments": 0,
                "shares": 0
            },
            "gplus": {
                "shares": 0
            },
            "pinterest": {
                "shares": 0
            },
            "linkedin": {
                "shares": 0
            },
            "stumbledupon": {
                "shares": 0
            },
            "vk": {
                "shares": 0
            }
        }
    },
    "uuid": "1a26cacff40aa363b9a27be601aabc73f571cda7",
    "url": "https://www.archyde.com/dorival-junior-accepts-offer-to-coach-brazilian-national-team-the-future-of-brazilian-football/",
    "ord_in_thread": 0,
    "parent_url": null,
    "author": "archyde",
    "published": "2024-01-08T00:31:00.000+02:00",
    "title": "Dorival Junior Accepts Offer to Coach Brazilian National Team: The Future of Brazilian Football",
    "text": "2024-01-07 20:46:00\nThe future of the brazilian team begins to become clearer regarding the choice of his new coach, since the press of that country assured that Dorival Junior will become the substitute for Fernando Diniz in office.\nThe portal\nGlobe Sports He even reported that the Copa Libertadores champion with Flamengo and who led Sao Paulo in recent months accepted the proposal of the Brazilian Confederation to take office.\n“The main objective of the CBF after the dismissal of Fernando Diniz, Dorival Júnior, received the first contacts from Ednaldo in recent days and liked what he heard. The coach always had the dream of coaching the national team and he let himself be carried away by the opportunity,” says the aforementioned media.\nIt is even mentioned in the information that Dorival has already communicated his decision to the Sao Paulo leadership and will say goodbye to the team this Monday.\nBrazil was left without a coach after the departure of Fernando Diniz last Fridaywho was dismissed due to the poor results achieved in the South American Qualifiers, where “Scratch” is sixth with seven points after six dates played.\nFurthermore, his main letter to the bank, the Italian Carlo Ancelotti, ruled out the alternative and renewed his contract with Real Madrid.\n1704666671\n#Dorival #appears #coach #Brazil",
    "highlightText": "",
    "highlightTitle": "",
    "highlightThreadTitle": "",
    "language": "english",
    "sentiment": "positive",
    "categories": [
        "Sport",
        "Human Interest"
    ],
    "external_links": [
        "https://ge.globo.com/futebol/selecao-brasileira/noticia/2024/01/07/dorival-junior-aceita-proposta-para-ser-tecnico-da-selecao-brasileira.ghtml?utm_source=Twitter&utm_medium=Social&utm_content=Esporte&utm_campaign=globoesportecom",
        "https://www.ge.globo.com/futebol/selecao-brasileira/noticia/2024/01/07/dorival-junior-aceita-proposta-para-ser-tecnico-da-selecao-brasileira.ghtml?utm_source=Twitter&utm_medium=Social&utm_content=Esporte&utm_campaign=globoesportecom",
        "https://ge.globo.com/futebol/selecao-brasileira/noticia/2024/01/07/dorival-junior-aceita-proposta-para-ser-tecnico-da-selecao-brasileira.ghtml"
    ],
    "external_images": [],
    "entities": {
        "persons": [
            {
                "name": "dorival junior",
                "sentiment": "none"
            },
            {
                "name": "dorival júnior",
                "sentiment": "none"
            },
            {
                "name": "dorival",
                "sentiment": "none"
            },
            {
                "name": "fernando diniz",
                "sentiment": "none"
            }
        ],
        "organizations": [
            {
                "name": "cbf",
                "sentiment": "none"
            },
            {
                "name": "flamengo",
                "sentiment": "none"
            }
        ],
        "locations": [
            {
                "name": "brazil",
                "sentiment": "none"
            },
            {
                "name": "ednaldo",
                "sentiment": "none"
            },
            {
                "name": "sao paulo",
                "sentiment": "none"
            }
        ]
    },
    "rating": null,
    "crawled": "2024-01-08T00:35:39.873+02:00",
    "updated": "2024-01-08T00:35:39.873+02:00"
}