{
    "thread": {
        "uuid": "244a3bca91c914d38c1d2a44dc97ca4eca70bc09",
        "url": "https://vnexplorer.net/halle-bailey-de-la-sirenita-revela-nacimiento-de-su-bebe-s853942.html",
        "site_full": "vnexplorer.net",
        "site": "vnexplorer.net",
        "site_section": "https://vnexplorer.net/latest",
        "site_categories": [
            "health",
            "cold_and_flu"
        ],
        "section_title": "Latest breaking 24h news around the world - VNExplorer",
        "title": "Halle Bailey de 'La Sirenita' revela nacimiento de su bebé",
        "title_full": "Halle Bailey de 'La Sirenita' revela nacimiento de su bebé",
        "published": "2024-01-08T00:08:00.000+02:00",
        "replies_count": 0,
        "participants_count": 1,
        "site_type": "news",
        "country": "US",
        "main_image": "https://img-s-msn-com.akamaized.net/tenant/amp/entityid/AA1mB0NY.img",
        "performance_score": 0,
        "domain_rank": 46448,
        "domain_rank_updated": "2024-01-02T12:06:53.000+02:00",
        "reach": null,
        "social": {
            "facebook": {
                "likes": 0,
                "comments": 0,
                "shares": 0
            },
            "gplus": {
                "shares": 0
            },
            "pinterest": {
                "shares": 0
            },
            "linkedin": {
                "shares": 0
            },
            "stumbledupon": {
                "shares": 0
            },
            "vk": {
                "shares": 0
            }
        }
    },
    "uuid": "244a3bca91c914d38c1d2a44dc97ca4eca70bc09",
    "url": "https://vnexplorer.net/halle-bailey-de-la-sirenita-revela-nacimiento-de-su-bebe-s853942.html",
    "ord_in_thread": 0,
    "parent_url": null,
    "author": "VNExplorer",
    "published": "2024-01-08T00:08:00.000+02:00",
    "title": "Halle Bailey de 'La Sirenita' revela nacimiento de su bebé",
    "text": "La talentosa actriz de Disney, Halle Bailey, conocida por su papel como Ariel en el reciente live action de “La Sirenita”, ha dado una sorpresa a sus seguidores al revelar que ha dado a luz a su primer hijo. La noticia llegó a través de una publicación en Instagram, donde compartió la primera imagen de su bebé, al que llamó Halo.\nA pesar de los persistentes rumores sobre su embarazo en los últimos meses, Halle Bailey optó por mantener en secreto este aspecto de su vida, sin confirmar oficialmente la noticia. En la conmovedora imagen compartida en redes sociales, la actriz sostiene la pequeña mano de su recién nacido, revelando también un delicado brazalete de oro con el nombre “Halo” grabado alrededor de la muñeca.\nHalle Bailey de ‘La Sirenita’ revela nacimiento de su bebé.\nEn la descripción de la foto en redes sociales, Halle expresó su alegría y dio la bienvenida a su hijo al mundo:\nAunque estamos a unos días del nuevo año, lo mejor que el 2023 pudo haber hecho por mí fue traerme a mi hijo… Bienvenido al mundo, mi Halo”. La actriz compartió su felicidad y anticipó el deseo de presentar a Halo al mundo: “El mundo está desesperado por conocerte”.\nEl novio de Halle, el rapero DDG, también compartió la emocionante noticia en sus redes sociales, acompañando la misma imagen y expresando su amor por su hijo:\nMi mayor bendición, mi hijo… Nunca he estado tan enamorado. Baby Halo”.\nA pesar de la privacidad mantenida durante el embarazo, la llegada de Halo ha llenado de alegría a la pareja y sus seguidores, quienes han colmado las redes de Halle con felicitaciones para la nueva familia.\nHalle Bailey de ‘La Sirenita’ revela nacimiento de su bebé.\nEn otro contexto, Halle Bailey también fue reconocida en la lista de los rostros más hermosos de 2023, ocupando el puesto 62 según el sitio de críticas cinematográficas TC Candler. Aunque la elección de Bailey como Ariel en “La Sirenita” generó polémica, su talento y belleza la han consolidado como una figura destacada en la industria del entretenimiento.",
    "highlightText": "",
    "highlightTitle": "",
    "highlightThreadTitle": "",
    "language": "spanish",
    "sentiment": "positive",
    "categories": [
        "Human Interest",
        "Arts, Culture and Entertainment"
    ],
    "external_links": [
        "https://img-s-msn-com.akamaized.net/tenant/amp/entityid/AA1mB7X9.img",
        "https://img-s-msn-com.akamaized.net/tenant/amp/entityid/AA1mB0NY.img",
        "https://www.img-s-msn-com.akamaized.net/tenant/amp/entityid/AA1mB7X9.img",
        "https://www.img-s-msn-com.akamaized.net/tenant/amp/entityid/AA1mB0NY.img"
    ],
    "external_images": [],
    "entities": {
        "persons": [],
        "organizations": [],
        "locations": []
    },
    "rating": null,
    "crawled": "2024-01-08T00:10:37.865+02:00",
    "updated": "2024-01-08T00:10:37.865+02:00"
}