{
    "thread": {
        "uuid": "9ae01b9df8b38f7305291cc9378954a3b90bc9ef",
        "url": "https://www.aol.com/sports/derrick-henry-likely-finished-tennessee-213133581.html",
        "site_full": "www.aol.com",
        "site": "aol.com",
        "site_section": "https://www.aol.com/sports",
        "site_categories": [
            "media"
        ],
        "section_title": "Sports News &amp; latest headlines from every league - AOL.com",
        "title": "Derrick Henry, likely finished in Tennessee, says goodbye to Titans fans after win",
        "title_full": "Derrick Henry, likely finished in Tennessee, says goodbye to Titans fans after win",
        "published": "2024-01-07T23:31:00.000+02:00",
        "replies_count": 0,
        "participants_count": 1,
        "site_type": "news",
        "country": "US",
        "main_image": "https://s.yimg.com/ny/api/res/1.2/7PxNpMfLGSylPaaepL6EMA--/YXBwaWQ9aGlnaGxhbmRlcjt3PTEyMDA7aD04MDA-/https://media.zenfs.com/en/aol_yahoo_sports_800/40e7bb4d726a10ed4050bc3d5b8e953c",
        "performance_score": 0,
        "domain_rank": 171,
        "domain_rank_updated": "2024-01-02T12:06:49.000+02:00",
        "reach": null,
        "social": {
            "facebook": {
                "likes": 0,
                "comments": 0,
                "shares": 0
            },
            "gplus": {
                "shares": 0
            },
            "pinterest": {
                "shares": 0
            },
            "linkedin": {
                "shares": 0
            },
            "stumbledupon": {
                "shares": 0
            },
            "vk": {
                "shares": 0
            }
        }
    },
    "uuid": "9ae01b9df8b38f7305291cc9378954a3b90bc9ef",
    "url": "https://www.aol.com/sports/derrick-henry-likely-finished-tennessee-213133581.html",
    "ord_in_thread": 0,
    "parent_url": null,
    "author": "AOL Staff",
    "published": "2024-01-07T23:31:00.000+02:00",
    "title": "Derrick Henry, likely finished in Tennessee, says goodbye to Titans fans after win",
    "text": "Derrick Henry, likely finished in Tennessee, says goodbye to Titans fans after win Derrick Henry gave Tennessee Titans fans some great memories over his eight seasons with the team. The city of Nashville seems to have given Henry plenty of great memories too. Henry will be a free agent after this season, and he's unlikely to return to the Titans. He has acknowledged that probability often late this season. After the Titans [won 28-20](https://sports.yahoo.com/jaguars-blow-playoff-chance-in-loss-to-titans-clinching-postseason-berths-for-bills-steelers-205744397.html) over the Jacksonville Jaguars in their final game, Henry took a microphone and thanked Titans fans. It's fairly rare for a player to address the crowd after a game, but Henry is a rare player. Henry had 153 yards and a touchdown in what was almost assuredly his final game with the Titans. In a heartfelt message, Henry thanked Titans fans for \"the greatest eight years of my life,\" and said he appreciated them supporting him through the ups and the downs. There were a lot more ups than downs, including a 2,000-yard rushing season in 2020, one of his two NFL rushing titles. \"Hopefully I was an inspiration to all the young kids,\" Henry said. \" [@Titans]fans... Thank you for the greatest 8 years of my life.\" 👑💙 [@KingHenry_2] [pic.twitter.com/3CpEHq4PiC] — NFL (@NFL) [January 7, 2024] Henry represented the Titans well from when he was a second-round pick, following his Heisman Trophy season at Alabama, until his final game. Henry just turned 30 and is nearing the end of his career. He can help his next team on a short-term deal starting next season. Whatever happens, he'll be welcomed back in Tennessee. It seems the feeling is mutual.",
    "highlightText": "",
    "highlightTitle": "",
    "highlightThreadTitle": "",
    "language": "english",
    "sentiment": "positive",
    "categories": [
        "Arts, Culture and Entertainment",
        "Sport",
        "Human Interest"
    ],
    "external_links": [
        "https://sports.yahoo.com/jaguars-blow-playoff-chance-in-loss-to-titans-clinching-postseason-berths-for-bills-steelers-205744397.html)",
        "https://www.sports.yahoo.com/jaguars-blow-playoff-chance-in-loss-to-titans-clinching-postseason-berths-for-bills-steelers-205744397.html)"
    ],
    "external_images": [],
    "entities": {
        "persons": [
            {
                "name": "derrick henry gav",
                "sentiment": "negative"
            },
            {
                "name": "derrick henry",
                "sentiment": "negative"
            },
            {
                "name": "henry",
                "sentiment": "none"
            }
        ],
        "organizations": [
            {
                "name": "titans",
                "sentiment": "negative"
            },
            {
                "name": "jacksonville jaguars",
                "sentiment": "none"
            },
            {
                "name": "tennessee titans",
                "sentiment": "none"
            }
        ],
        "locations": [
            {
                "name": "tennessee",
                "sentiment": "none"
            },
            {
                "name": "nashville",
                "sentiment": "none"
            }
        ]
    },
    "rating": null,
    "crawled": "2024-01-08T00:04:29.160+02:00",
    "updated": "2024-01-08T00:04:29.160+02:00"
}