{
    "thread": {
        "uuid": "3010f294de366ceb3098008d8b009b6ea0631535",
        "url": "https://bengalswire.usatoday.com/2024/01/07/joe-mixon-scores-2-tds-bengals-browns/",
        "site_full": "bengalswire.usatoday.com",
        "site": "usatoday.com",
        "site_section": "http://bengalswire.usatoday.com",
        "site_categories": [
            "media"
        ],
        "section_title": "Cincinnati Bengals News, Rumors, Scores, Schedule, Stats and Roster | Bengals Wire",
        "title": "Joe Mixon scores 2 TDs to put Bengals over Browns",
        "title_full": "Joe Mixon scores 2 TDs to put Bengals over Browns",
        "published": "2024-01-07T20:52:00.000+02:00",
        "replies_count": 0,
        "participants_count": 1,
        "site_type": "news",
        "country": "US",
        "main_image": "https://bengalswire.usatoday.com/wp-content/uploads/sites/47/2023/10/1724930865.jpg?w=1024&#038;h=576&#038;crop=1",
        "performance_score": 0,
        "domain_rank": 140,
        "domain_rank_updated": "2024-01-02T12:06:49.000+02:00",
        "reach": null,
        "social": {
            "facebook": {
                "likes": 15,
                "comments": 1,
                "shares": 1
            },
            "gplus": {
                "shares": 0
            },
            "pinterest": {
                "shares": 0
            },
            "linkedin": {
                "shares": 0
            },
            "stumbledupon": {
                "shares": 0
            },
            "vk": {
                "shares": 0
            }
        }
    },
    "uuid": "3010f294de366ceb3098008d8b009b6ea0631535",
    "url": "https://bengalswire.usatoday.com/2024/01/07/joe-mixon-scores-2-tds-bengals-browns/",
    "ord_in_thread": 0,
    "parent_url": null,
    "author": "Chris Roling",
    "published": "2024-01-07T20:52:00.000+02:00",
    "title": "Joe Mixon scores 2 TDs to put Bengals over Browns",
    "text": "Sunday felt like a game where a veteran Cincinnati Bengals player might go off for a big performance while setting the tone for the upcoming offseason.\nIt turns out that veteran was running back Joe Mixon.\nIn the first quarter alone, Mixon rushed six times for 80 yards, with one of those attempts a huge 44-yard gain to put him up over the 1,000-yard mark on the season.\nMixon also rushed for a touchdown and his lone catch of the quarter went for a touchdown, too, giving his team a 14-point lead going into the second quarter.\nHere’s a look at the scores from Mixon:\nDancing in the end zone… the best sight 🕺 #EasyToCelebrate | @budlight pic.twitter.com/hJu2BzHRUQ\n— Cincinnati Bengals (@Bengals) January 7, 2024\nMixon back in the end zone‼️ pic.twitter.com/8QzsxWiB8a\n— Cincinnati Bengals (@Bengals) January 7, 2024\nMore Latest News Best reactions to Bengals beating Browns, finishing season 9-8 Instant analysis after Bengals finish season with blowout of Browns Bengals inactive players vs. Cleveland Browns in Week 18",
    "highlightText": "",
    "highlightTitle": "",
    "highlightThreadTitle": "",
    "language": "english",
    "sentiment": "positive",
    "categories": [
        "Sport",
        "Human Interest"
    ],
    "external_links": [
        "https://twitter.com/Bengals/status/1744062580862189629?ref_src=twsrc%5Etfw",
        "https://t.co/8QzsxWiB8a",
        "https://t.co/hJu2BzHRUQ",
        "https://twitter.com/Bengals/status/1744065488299204818?ref_src=twsrc%5Etfw",
        "https://twitter.com/budlight?ref_src=twsrc%5Etfw",
        "https://twitter.com/hashtag/EasyToCelebrate?src=hash&ref_src=twsrc%5Etfw",
        "https://www.twitter.com/Bengals/status/1744062580862189629?ref_src=twsrc%5Etfw",
        "https://www.twitter.com/Bengals/status/1744065488299204818?ref_src=twsrc%5Etfw",
        "https://twitter.com/Bengals/status/1744062580862189629",
        "https://www.twitter.com/hashtag/EasyToCelebrate?src=hash&ref_src=twsrc%5Etfw",
        "https://www.t.co/8QzsxWiB8a",
        "https://twitter.com/hashtag/EasyToCelebrate",
        "https://twitter.com/budlight",
        "https://twitter.com/Bengals/status/1744065488299204818",
        "https://www.t.co/hJu2BzHRUQ",
        "https://www.twitter.com/budlight?ref_src=twsrc%5Etfw"
    ],
    "external_images": [],
    "entities": {
        "persons": [
            {
                "name": "joe mixon",
                "sentiment": "negative"
            },
            {
                "name": "mixon",
                "sentiment": "none"
            }
        ],
        "organizations": [
            {
                "name": "bengals",
                "sentiment": "negative"
            },
            {
                "name": "browns",
                "sentiment": "negative"
            },
            {
                "name": "cincinnati bengals",
                "sentiment": "negative"
            },
            {
                "name": "browns bengals",
                "sentiment": "none"
            },
            {
                "name": "cleveland browns",
                "sentiment": "none"
            }
        ],
        "locations": []
    },
    "rating": null,
    "crawled": "2024-01-08T00:03:45.619+02:00",
    "updated": "2024-01-08T00:03:45.619+02:00"
}