{
    "thread": {
        "uuid": "557420330ced5a07c4bf1bcffa71742c8a6d5215",
        "url": "https://www.time.news/the-importance-of-being-seen-a-heartwarming-grandfather-grandson-relationship/",
        "site_full": "www.time.news",
        "site": "time.news",
        "site_section": "https://time.news/feed",
        "site_categories": [],
        "section_title": "timenews",
        "title": "The Importance of Being Seen: A Heartwarming Grandfather-Grandson Relationship - timenews",
        "title_full": "The Importance of Being Seen: A Heartwarming Grandfather-Grandson Relationship - timenews",
        "published": "2024-01-08T00:28:00.000+02:00",
        "replies_count": 0,
        "participants_count": 1,
        "site_type": "news",
        "country": "US",
        "main_image": "https://img.leidschdagblad.nl/NwyOs55iGn9y8fYCIQ8x2AVM5yM=/658x369/smart/https://cdn-kiosk-api.telegraaf.nl/8c73c49a-ad9e-11ee-96cd-0255c322e81b.png",
        "performance_score": 0,
        "domain_rank": 61451,
        "domain_rank_updated": "2024-01-02T12:06:53.000+02:00",
        "reach": null,
        "social": {
            "facebook": {
                "likes": 0,
                "comments": 0,
                "shares": 0
            },
            "gplus": {
                "shares": 0
            },
            "pinterest": {
                "shares": 0
            },
            "linkedin": {
                "shares": 0
            },
            "stumbledupon": {
                "shares": 0
            },
            "vk": {
                "shares": 0
            }
        }
    },
    "uuid": "557420330ced5a07c4bf1bcffa71742c8a6d5215",
    "url": "https://www.time.news/the-importance-of-being-seen-a-heartwarming-grandfather-grandson-relationship/",
    "ord_in_thread": 0,
    "parent_url": null,
    "author": "time news",
    "published": "2024-01-08T00:28:00.000+02:00",
    "title": "The Importance of Being Seen: A Heartwarming Grandfather-Grandson Relationship - timenews",
    "text": "2024-01-07 22:51:36 Title: The Importance of Being Seen and Understood: A Grandfather’s Perspective In a heartwarming reflection on the profound impact of emotional connection, a grandfather shares his experience of understanding the fundamental need of being seen and understood, particularly through the eyes of his grandson. The grandfather describes the ritualistic gesture his grandchild uses as a way of expressing the desire to be held, talked to, and most importantly, seen. This simple yet powerful act signifies the child’s yearning for emotional involvement and care from those around him. He emphasizes the profound truth that there is nothing more painful than not being seen and highlights the fact that many children may grow up without tenderness, which he defines as emotional involvement and care for the other. Drawing on the words of the renowned playwright George Bernard Shaw, the grandfather underscores the detrimental impact of indifference, noting that it is not hatred, but rather indifference, that constitutes the worst sin against our fellow human beings. Through his poignant reflections, the grandfather is able to illustrate that being seen and understood promotes growth and self-awareness, leaving a lingering question about the multitude of children who may grow up feeling unseen and unheard. The grandfather’s words serve as a powerful reminder of the significance of emotional connection and the simple yet transformative act of truly seeing and understanding those around us. For any responses or feedback, you can email [[email protected]](/cdn-cgi/l/email-protection).] #pain #column",
    "highlightText": "",
    "highlightTitle": "",
    "highlightThreadTitle": "",
    "language": "english",
    "sentiment": "positive",
    "categories": [
        "Human Interest",
        "Lifestyle and Leisure"
    ],
    "external_links": [],
    "external_images": [],
    "entities": {
        "persons": [
            {
                "name": "george bernard shaw",
                "sentiment": "none"
            }
        ],
        "organizations": [],
        "locations": []
    },
    "rating": null,
    "crawled": "2024-01-08T00:31:45.517+02:00",
    "updated": "2024-01-08T00:31:45.517+02:00"
}