{
    "thread": {
        "uuid": "5173d5618051f3869103f6abeb17763faa8cbf1d",
        "url": "https://celebrity.nine.com.au/latest/little-mermaid-star-halle-bailey-welcomes-son-with-boyfriend-ddg-after-secret-pregnancy/f4fab63f-286a-4f1c-a00d-7e7360762141",
        "site_full": "celebrity.nine.com.au",
        "site": "nine.com.au",
        "site_section": "https://celebrity.nine.com.au/rss",
        "site_categories": [
            "television",
            "entertainment"
        ],
        "section_title": "",
        "title": "Little Mermaid's Halle Bailey welcomes son after secret pregnancy - 9Celebrity",
        "title_full": "Little Mermaid's Halle Bailey welcomes son after secret pregnancy - 9Celebrity",
        "published": "2024-01-07T09:24:00.000+02:00",
        "replies_count": 0,
        "participants_count": 1,
        "site_type": "news",
        "country": "AU",
        "main_image": "https://imageresizer.static9.net.au/VHCilpMV7H3wpDYIFhWYpQPOnMI=/0x0:669x376/1200x628/smart/https%3A%2F%2Fprod.static9.net.au%2Ffs%2Fa5575906-7552-41d4-bd51-38de7c5c0fc9",
        "performance_score": 0,
        "domain_rank": 5814,
        "domain_rank_updated": "2024-01-02T12:06:49.000+02:00",
        "reach": null,
        "social": {
            "facebook": {
                "likes": 1,
                "comments": 2,
                "shares": 6
            },
            "gplus": {
                "shares": 0
            },
            "pinterest": {
                "shares": 0
            },
            "linkedin": {
                "shares": 0
            },
            "stumbledupon": {
                "shares": 0
            },
            "vk": {
                "shares": 0
            }
        }
    },
    "uuid": "5173d5618051f3869103f6abeb17763faa8cbf1d",
    "url": "https://celebrity.nine.com.au/latest/little-mermaid-star-halle-bailey-welcomes-son-with-boyfriend-ddg-after-secret-pregnancy/f4fab63f-286a-4f1c-a00d-7e7360762141",
    "ord_in_thread": 0,
    "parent_url": null,
    "author": "Chloe-Lee Longhetti",
    "published": "2024-01-07T09:24:00.000+02:00",
    "title": "Little Mermaid's Halle Bailey welcomes son after secret pregnancy - 9Celebrity",
    "text": "Singer and actress Halle Bailey has welcomed her first child with rapper boyfriend DDG, after keeping her pregnancy a secret.\nThe Little Mermaid star, 23, announced the happy news on Instagram ﻿on Sunday, revealing the pair welcomed a son named Halo.\n\"Even though we're a few days into the new year, the greatest thing that 2023 could have done for me, was bring me my son...\" she said in her post.\nSinger and actress Halle Bailey has welcomed her first child with rapper boyfriend DDG. \"Welcome to the world my halo 🥰👼🏽 ✨,\" she said.\nShe added in regards to persistent rumours she was pregnant: \"The world is desperate to know you.\"\nUnderneath the post, stars including Nicki Minaj and Halle Berry commented.\nREAD MORE: Taylor Swift's sexuality questioned﻿\nShe announced the happy news on Instagram ﻿on Sunday, revealing the pair welcomed a son named Halo. (Instagram) READ MORE: ﻿ Last photo of the Friends cast before they were famous\nMinaj wrote: \"Welcome to earth, Halo. We've been expecting you. Congrats Mama!\"\nBerry added: \"Congratulations, Halle. Welcome to motherhood and welcome to the world baby Halo.\"﻿\nKylie Jenner added an angel and love heart emojis. ﻿\nREAD MORE: Cher's son has conservatorship request﻿\nIn November, the singer hit back at a comment about her supposedly having a ''pregnancy nose''. (Instagram) Bailey and DDG, 26, whose real name is ﻿Darryl Dwayne Granberry Jr., have been dating since March 2022, when they went Instagram official.\nIn November, the singer hit back at a comment about her supposedly having a ''pregnancy nose'' amid rumours she was expecting. She never confirmed her pregnancy.\n''If I see one more person say something about my nose one more time, it's gonna be hell to pay,'' she said in a video at the time.\nShe added in part of the clip: \"Leave me the hell alone.\"﻿\n ",
    "highlightText": "",
    "highlightTitle": "",
    "highlightThreadTitle": "",
    "language": "english",
    "sentiment": "positive",
    "categories": [
        "Human Interest"
    ],
    "external_links": [
        "https://imageresizer.static9.net.au/HZbHTaEMYdS0L8rofgSK-jPoMI4=/792x0/https%3A%2F%2Fprod.static9.net.au%2Ffs%2Fe6e32e50-de87-43e0-9518-33386ba70f84",
        "https://imageresizer.static9.net.au/MKbw3kOliMfRPRM7EjXkOg1AEew=/0x547:3714x3332/396x0/https%3A%2F%2Fprod.static9.net.au%2Ffs%2F77434cdb-4ba5-49bd-aea6-49da5a883bca",
        "https://imageresizer.static9.net.au/dwBjJx2o1-VxwdVUdRKwLpCrM_s=/636x0/https%3A%2F%2Fprod.static9.net.au%2Ffs%2F433ad9f9-e05c-4fcc-a4e2-859539a45c56",
        "https://imageresizer.static9.net.au/Zjow08MwL5utb_rPgcn6iYqZHjw=/1274x0/https%3A%2F%2Fprod.static9.net.au%2Ffs%2F433ad9f9-e05c-4fcc-a4e2-859539a45c56",
        "https://imageresizer.static9.net.au/dz1GHXGJj9JfgjIXWhOC1lXttE0=/0x547:3714x3332/1274x0/https%3A%2F%2Fprod.static9.net.au%2Ffs%2F77434cdb-4ba5-49bd-aea6-49da5a883bca",
        "https://imageresizer.static9.net.au/UX-eD3jclnaBnamzEyFI6cX-JA4=/792x0/https%3A%2F%2Fprod.static9.net.au%2Ffs%2F433ad9f9-e05c-4fcc-a4e2-859539a45c56",
        "https://imageresizer.static9.net.au/Qmq9deii_ZvuOaIh1mbm1NDsZsM=/396x0/https%3A%2F%2Fprod.static9.net.au%2Ffs%2Fe6e32e50-de87-43e0-9518-33386ba70f84",
        "https://imageresizer.static9.net.au/FGSL4QbAAYxnjFLGI-K0SAZTvQg=/1274x0/https%3A%2F%2Fprod.static9.net.au%2Ffs%2Fe6e32e50-de87-43e0-9518-33386ba70f84",
        "https://imageresizer.static9.net.au/5ibMzp4SiC_vMxR3dNj86AlL5gE=/636x0/https%3A%2F%2Fprod.static9.net.au%2Ffs%2Fe6e32e50-de87-43e0-9518-33386ba70f84",
        "https://www.instagram.com/p/C1yL3AfLrJj/?utm_source=ig_embed&ig_rid=0426ec71-95e9-4b31-8e6d-cd01e7110495",
        "https://imageresizer.static9.net.au/-zMVH5rD4mRUic9uU0_Mper3vSY=/0x547:3714x3332/636x0/https%3A%2F%2Fprod.static9.net.au%2Ffs%2F77434cdb-4ba5-49bd-aea6-49da5a883bca",
        "https://imageresizer.static9.net.au/4cHPNoRPIe_PGQKvtkso9QGL6eU=/396x0/https%3A%2F%2Fprod.static9.net.au%2Ffs%2F433ad9f9-e05c-4fcc-a4e2-859539a45c56",
        "https://imageresizer.static9.net.au/WIDAj9kqTQgreN2h2JfAMuS8t9s=/0x547:3714x3332/792x0/https%3A%2F%2Fprod.static9.net.au%2Ffs%2F77434cdb-4ba5-49bd-aea6-49da5a883bca",
        "https://www.imageresizer.static9.net.au/Qmq9deii_ZvuOaIh1mbm1NDsZsM=/396x0/https%3A%2F%2Fprod.static9.net.au%2Ffs%2Fe6e32e50-de87-43e0-9518-33386ba70f84",
        "https://www.imageresizer.static9.net.au/UX-eD3jclnaBnamzEyFI6cX-JA4=/792x0/https%3A%2F%2Fprod.static9.net.au%2Ffs%2F433ad9f9-e05c-4fcc-a4e2-859539a45c56",
        "https://www.imageresizer.static9.net.au/HZbHTaEMYdS0L8rofgSK-jPoMI4=/792x0/https%3A%2F%2Fprod.static9.net.au%2Ffs%2Fe6e32e50-de87-43e0-9518-33386ba70f84",
        "https://www.imageresizer.static9.net.au/dwBjJx2o1-VxwdVUdRKwLpCrM_s=/636x0/https%3A%2F%2Fprod.static9.net.au%2Ffs%2F433ad9f9-e05c-4fcc-a4e2-859539a45c56",
        "https://www.imageresizer.static9.net.au/dz1GHXGJj9JfgjIXWhOC1lXttE0=/0x547:3714x3332/1274x0/https%3A%2F%2Fprod.static9.net.au%2Ffs%2F77434cdb-4ba5-49bd-aea6-49da5a883bca",
        "https://www.imageresizer.static9.net.au/FGSL4QbAAYxnjFLGI-K0SAZTvQg=/1274x0/https%3A%2F%2Fprod.static9.net.au%2Ffs%2Fe6e32e50-de87-43e0-9518-33386ba70f84",
        "https://www.imageresizer.static9.net.au/-zMVH5rD4mRUic9uU0_Mper3vSY=/0x547:3714x3332/636x0/https%3A%2F%2Fprod.static9.net.au%2Ffs%2F77434cdb-4ba5-49bd-aea6-49da5a883bca",
        "https://www.imageresizer.static9.net.au/5ibMzp4SiC_vMxR3dNj86AlL5gE=/636x0/https%3A%2F%2Fprod.static9.net.au%2Ffs%2Fe6e32e50-de87-43e0-9518-33386ba70f84",
        "https://www.imageresizer.static9.net.au/MKbw3kOliMfRPRM7EjXkOg1AEew=/0x547:3714x3332/396x0/https%3A%2F%2Fprod.static9.net.au%2Ffs%2F77434cdb-4ba5-49bd-aea6-49da5a883bca",
        "https://instagram.com/p/C1yL3AfLrJj/?utm_source=ig_embed&ig_rid=0426ec71-95e9-4b31-8e6d-cd01e7110495",
        "https://www.imageresizer.static9.net.au/4cHPNoRPIe_PGQKvtkso9QGL6eU=/396x0/https%3A%2F%2Fprod.static9.net.au%2Ffs%2F433ad9f9-e05c-4fcc-a4e2-859539a45c56",
        "https://www.imageresizer.static9.net.au/WIDAj9kqTQgreN2h2JfAMuS8t9s=/0x547:3714x3332/792x0/https%3A%2F%2Fprod.static9.net.au%2Ffs%2F77434cdb-4ba5-49bd-aea6-49da5a883bca",
        "https://www.imageresizer.static9.net.au/Zjow08MwL5utb_rPgcn6iYqZHjw=/1274x0/https%3A%2F%2Fprod.static9.net.au%2Ffs%2F433ad9f9-e05c-4fcc-a4e2-859539a45c56",
        "https://www.instagram.com/p/C1yL3AfLrJj/"
    ],
    "external_images": [],
    "entities": {
        "persons": [
            {
                "name": "halle bailey",
                "sentiment": "negative"
            },
            {
                "name": "taylor swift",
                "sentiment": "none"
            },
            {
                "name": "halle berry",
                "sentiment": "none"
            },
            {
                "name": "minaj",
                "sentiment": "none"
            },
            {
                "name": "berry",
                "sentiment": "none"
            },
            {
                "name": "halle",
                "sentiment": "none"
            },
            {
                "name": "nicki minaj",
                "sentiment": "none"
            },
            {
                "name": "halo",
                "sentiment": "none"
            }
        ],
        "organizations": [
            {
                "name": "instagram",
                "sentiment": "none"
            }
        ],
        "locations": []
    },
    "rating": null,
    "crawled": "2024-01-08T00:06:12.422+02:00",
    "updated": "2024-01-08T01:09:29.904+02:00"
}