{
    "thread": {
        "uuid": "88a89db40b64e25c68425e9d3c0bd34d6f267f12",
        "url": "https://lopezdoriga.com/nacional/ejercito-celebra-primer-cumpleanos-perro-rescatista-arkadas/",
        "site_full": "lopezdoriga.com",
        "site": "lopezdoriga.com",
        "site_section": "https://lopezdoriga.com/nacional/",
        "site_categories": [
            "tech",
            "email"
        ],
        "section_title": "Nacional - López-Dóriga Digital",
        "title": "Ejército celebra primer cumpleaños de Arkadas, perro rescatista donado por Turquía",
        "title_full": "Ejército celebra primer cumpleaños de Arkadas, perro rescatista donado por Turquía",
        "published": "2024-01-07T22:45:00.000+02:00",
        "replies_count": 0,
        "participants_count": 1,
        "site_type": "news",
        "country": "MX",
        "main_image": "https://lopezdoriga.com/wp-content/uploads/2024/01/arkadas-celebra-su-primer-cumpleanos.jpg",
        "performance_score": 0,
        "domain_rank": 70117,
        "domain_rank_updated": "2024-01-02T12:06:53.000+02:00",
        "reach": null,
        "social": {
            "facebook": {
                "likes": 0,
                "comments": 0,
                "shares": 0
            },
            "gplus": {
                "shares": 0
            },
            "pinterest": {
                "shares": 0
            },
            "linkedin": {
                "shares": 0
            },
            "stumbledupon": {
                "shares": 0
            },
            "vk": {
                "shares": 0
            }
        }
    },
    "uuid": "88a89db40b64e25c68425e9d3c0bd34d6f267f12",
    "url": "https://lopezdoriga.com/nacional/ejercito-celebra-primer-cumpleanos-perro-rescatista-arkadas/",
    "ord_in_thread": 0,
    "parent_url": null,
    "author": "Lidia Vargas",
    "published": "2024-01-07T22:45:00.000+02:00",
    "title": "Ejército celebra primer cumpleaños de Arkadas, perro rescatista donado por Turquía",
    "text": "Nacional Arkadas celebra su primer cumpleaños. Foto de EFE/ Isaac Esquivel Ejército celebra primer cumpleaños de Arkadas, perro rescatista donado por Turquía\nArkadas, el perro rescatista donado por Turquía a México, festejó su primer cumpleaños con las famosas ‘Mañanitas’, pastel, gorritos y otros canes\nenero 7, 2024 El Ejército celebró el primer cumpleaños de Arkadas , un perro rescatista donado por Turquía a México hace unos meses , en un festejo con las famosas ‘Mañanitas’, pastel, gorritos y la presencia de decenas de perros como invitados.\nArkadas es el sucesor de Proteo , un can que murió durante las labores de rescate tras los sismos que azotaron a Turquía el 6 de febrero de 2023.\nPrimer cumpleaños de Arkadas. Foto de EFE/ Isaac Esquivel El festejo del soldado Arkadas, que desde mayo forma parte oficial de las Fuerzas Armadas mexicanas, ocurrió precisamente frente al monumento a Proteo que se ubica en las instalaciones del Campo Deportivo Militar ‘Marte’, en el poniente de la Ciudad de México.\nEn la celebración, el perro mostró avances de su adiestramiento y comió pastel ante la presencia de otros perros de rescate del Ejército y de otros canes invitados de familias fuera de la milicia a quienes les entregaron reconocimientos.\nLos militares bajo su cargo señalaron que la adaptación del perro es rápida ya que en dos o tres meses se cumplió la etapa de apego para que vaya con su cuidador a todos los lados y todo el tiempo.\nPrimer cumpleaños de Arkadas. Foto de EFE/ Isaac Esquivel Mientras que el adiestramiento es más complicado “porque debe cumplir varias etapas desde el inicio, desde encontrar su instinto de presa, los aromas y disparos a vista, entre otras”.\nTras su adiestramiento, Arkadas se integrará a labores como la revisión en aeropuertos para empezar su socialización y más tarde se someterá a labores de obediencia e irá a la unidad de rescate para finalmente desempeñarse como binomio canino .\nLuego de los devastadores terremotos, México envió un equipo de rescatistas con varios perros adiestrados entre ellos Proteo, cuyo cuerpo volvió a México, donde se le rindió homenaje por su esfuerzo y sacrificio en el cumplimiento de su misión de rescate en Turquía.\nAdemás se colocó una placa con su nombre y un monumento en su honor en un parque en Estambul.\nCon información de EFE",
    "highlightText": "",
    "highlightTitle": "",
    "highlightThreadTitle": "",
    "language": "spanish",
    "sentiment": "positive",
    "categories": [
        "Human Interest"
    ],
    "external_links": [
        "https://www.facebook.com/SEDENAmxOficial/videos/1414237019497992",
        "https://www.linkedin.com/sharing/share-offsite/?url=https://lopezdoriga.com/nacional/ejercito-celebra-primer-cumpleanos-perro-rescatista-arkadas/",
        "https://twitter.com/intent/tweet?url=https://lopezdoriga.com/nacional/ejercito-celebra-primer-cumpleanos-perro-rescatista-arkadas/&text=",
        "https://api.whatsapp.com/send?text=https://lopezdoriga.com/nacional/ejercito-celebra-primer-cumpleanos-perro-rescatista-arkadas/",
        "https://www.facebook.com/sharer.php?u=https://lopezdoriga.com/nacional/ejercito-celebra-primer-cumpleanos-perro-rescatista-arkadas/",
        "https://www.api.whatsapp.com/send?text=https://www.lopezdoriga.com/nacional/ejercito-celebra-primer-cumpleanos-perro-rescatista-arkadas/",
        "https://linkedin.com/sharing/share-offsite/?url=https://lopezdoriga.com/nacional/ejercito-celebra-primer-cumpleanos-perro-rescatista-arkadas/",
        "https://api.whatsapp.com/send?text=https://lopezdoriga.com/nacional/ejercito-celebra-primer-cumpleanos-perro-rescatista-arkadas",
        "https://www.facebook.com/sharer.php?u=https://lopezdoriga.com/nacional/ejercito-celebra-primer-cumpleanos-perro-rescatista-arkadas",
        "https://www.linkedin.com/sharing/share-offsite/?url=https://lopezdoriga.com/nacional/ejercito-celebra-primer-cumpleanos-perro-rescatista-arkadas",
        "https://www.twitter.com/intent/tweet?url=https://www.lopezdoriga.com/nacional/ejercito-celebra-primer-cumpleanos-perro-rescatista-arkadas/&text=",
        "https://facebook.com/sharer.php?u=https://lopezdoriga.com/nacional/ejercito-celebra-primer-cumpleanos-perro-rescatista-arkadas/",
        "https://www.linkedin.com/sharing/share-offsite/",
        "https://www.facebook.com/sharer.php",
        "https://api.whatsapp.com/send",
        "https://facebook.com/SEDENAmxOficial/videos/1414237019497992",
        "https://twitter.com/intent/tweet"
    ],
    "external_images": [],
    "entities": {
        "persons": [],
        "organizations": [],
        "locations": []
    },
    "rating": null,
    "crawled": "2024-01-08T00:06:55.230+02:00",
    "updated": "2024-01-08T00:06:55.230+02:00"
}