{
    "thread": {
        "uuid": "af2248acc558bf1eb9629bdda843acf01b6b9192",
        "url": "https://fr.le360.ma/societe/dans-la-province-de-taroudant-les-premieres-aides-directes-accueillies-avec-satisfaction-par-les_PZVS2UVN35DNXMGGWGSSGCLLOQ/",
        "site_full": "fr.le360.ma",
        "site": "le360.ma",
        "site_section": "https://le360.ma/societe/",
        "site_categories": [
            "under_construction",
            "non_standard_content"
        ],
        "section_title": "Société | www.le360.ma",
        "title": "Dans la province de Taroudant, les premières aides directes accueillies avec satisfaction par les bénéficiaires | le360.ma",
        "title_full": "Dans la province de Taroudant, les premières aides directes accueillies avec satisfaction par les bénéficiaires | le360.ma",
        "published": "2024-01-07T19:32:00.000+02:00",
        "replies_count": 0,
        "participants_count": 1,
        "site_type": "news",
        "country": "FR",
        "main_image": "https://fr.le360.ma/resizer/wrqUjlkV32qdcKzyv3hdEehE1As=/1200x630/cloudfront-eu-central-1.images.arcpublishing.com/le360/VBFWFQRKGBH25IH4WAM6PKUAEQ.jpg",
        "performance_score": 0,
        "domain_rank": 42847,
        "domain_rank_updated": "2024-01-02T12:06:53.000+02:00",
        "reach": null,
        "social": {
            "facebook": {
                "likes": 0,
                "comments": 0,
                "shares": 0
            },
            "gplus": {
                "shares": 0
            },
            "pinterest": {
                "shares": 0
            },
            "linkedin": {
                "shares": 0
            },
            "stumbledupon": {
                "shares": 0
            },
            "vk": {
                "shares": 0
            }
        }
    },
    "uuid": "af2248acc558bf1eb9629bdda843acf01b6b9192",
    "url": "https://fr.le360.ma/societe/dans-la-province-de-taroudant-les-premieres-aides-directes-accueillies-avec-satisfaction-par-les_PZVS2UVN35DNXMGGWGSSGCLLOQ/",
    "ord_in_thread": 0,
    "parent_url": null,
    "author": "@Le360",
    "published": "2024-01-07T19:32:00.000+02:00",
    "title": "Dans la province de Taroudant, les premières aides directes accueillies avec satisfaction par les bénéficiaires | le360.ma",
    "text": "Nous sommes à Ighri, une commune rurale de la province de Taroudant où, comme dans d’autres contrées du Maroc, des ménages dévalorisés ont commencé à recevoir le premier versement des aides sociales directes. Octroyées à une périodicité mensuelle à des familles en situation de fragilité ou ayant des enfants en âge de scolarité, et ne bénéficient actuellement d’aucune assistance sociale familiale, ces aides ont pour but de soutenir leur pouvoir d’achat, d’améliorer leurs conditions de vie et leur offrir un filet de protection sociale.\nDans cette localité, Le360 a recueilli des déclarations et impressions de certains bénéficiaires. Brahim Sellak, est l’un d’eux, forgeron de métier, marié et père de trois enfants. Heureux d’avoir pu recevoir cette aide bienvenue, l’homme nous explique son parcours pour atteindre à ce résultat. « Nous avons d’abord effectué l’enregistrement, moi et ma femme, ainsi que nos enfants, au caïdat. Nous nous sommes enregistrés ensuite sur le site Internet », détaille-t-il.\n« Alhamdoulillah (louange à dieu), nous sommes parmi les premiers dans le douar à recevoir cette aide. J’ai perçu 600 dirhams. Cela peut servir à payer la facture d’eau et d’électricité, et acheter un sac de farine. Ce n’est pas rien », poursuit-il.\nLire aussi : Aide sociale directe: à Jerada, forte affluence dans les bureaux administratifs pour s’inscrire au programme\nMême son de cloche auprès de Zaïna Boukharouach, octogénaire énergique à la frêle silhouette écrasée par le poids des ans, mais à la bonne humeur contagieuse. « J’ai reçu 500 DH. Cet argent m’a été très utile. J’ai payé la facture d’eau et d’électricité et j’ai acheté des légumes. Il me reste encore 300 DH. Cela peut servir à acheter de la farine, du savon, un peu de viande et de légumes, ainsi qu’une bonbonne de gaz et des vêtements », énumère-t-elle avec un enthousiasme palpable.\nPar M'hand Oubarka Le 07/01/2024 à 18h32",
    "highlightText": "",
    "highlightTitle": "",
    "highlightThreadTitle": "",
    "language": "french",
    "sentiment": "positive",
    "categories": [
        "Human Interest",
        "Disaster and Accident",
        "Social Issue"
    ],
    "external_links": [
        "https://www.youtube.com/embed/jULnpwOfDFs?feature=oembed",
        "https://youtube.com/embed/jULnpwOfDFs?feature=oembed",
        "https://www.youtube.com/embed/jULnpwOfDFs"
    ],
    "external_images": [],
    "entities": {
        "persons": [],
        "organizations": [],
        "locations": []
    },
    "rating": null,
    "crawled": "2024-01-08T00:06:11.610+02:00",
    "updated": "2024-01-08T00:06:11.610+02:00"
}