{
    "thread": {
        "uuid": "d7c3b63f8e2c2e75c693c3115888ca0f57c3117f",
        "url": "https://brownswire.usatoday.com/2024/01/07/browns-jeff-driskel-david-bell-bengals-touchdown-2/",
        "site_full": "brownswire.usatoday.com",
        "site": "usatoday.com",
        "site_section": "http://brownswire.usatoday.com",
        "site_categories": [
            "football",
            "sports"
        ],
        "section_title": "Cleveland Browns News, Rumors, Scores, Schedule, Stats and Roster | Browns Wire",
        "title": "Browns: Jeff Driskel, David Bell connect for 2nd touchdown vs. Bengals",
        "title_full": "Browns: Jeff Driskel, David Bell connect for 2nd touchdown vs. Bengals",
        "published": "2024-01-07T22:57:00.000+02:00",
        "replies_count": 0,
        "participants_count": 1,
        "site_type": "news",
        "country": "US",
        "main_image": "https://brownswire.usatoday.com/wp-content/uploads/sites/48/2024/01/USATSI_22170877-e1704660674968.jpg?w=1024&#038;h=576&#038;crop=1",
        "performance_score": 0,
        "domain_rank": 140,
        "domain_rank_updated": "2024-01-02T12:06:49.000+02:00",
        "reach": null,
        "social": {
            "facebook": {
                "likes": 0,
                "comments": 0,
                "shares": 0
            },
            "gplus": {
                "shares": 0
            },
            "pinterest": {
                "shares": 0
            },
            "linkedin": {
                "shares": 0
            },
            "stumbledupon": {
                "shares": 0
            },
            "vk": {
                "shares": 0
            }
        }
    },
    "uuid": "d7c3b63f8e2c2e75c693c3115888ca0f57c3117f",
    "url": "https://brownswire.usatoday.com/2024/01/07/browns-jeff-driskel-david-bell-bengals-touchdown-2/",
    "ord_in_thread": 0,
    "parent_url": null,
    "author": "Cory Kinnan",
    "published": "2024-01-07T22:57:00.000+02:00",
    "title": "Browns: Jeff Driskel, David Bell connect for 2nd touchdown vs. Bengals",
    "text": "The Cleveland Browns strike again against the Cincinnati Bengals. More specifically, quarterback Jeff Driskel and wide receiver David Bell have connected for their second touchdown strike in this game.\nPadding his stats in garbage time, Driskell is now up to 168 yards and two touchdowns on 13-of-26 passing. He also has the two interceptions to his name.\nBell is now up to 68 yards and two touchdowns on four catches for the Browns today. This is a career-high for the second-year receiver out of Purdue.\nWhile the Browns trail in this game by a score of 14-31, it remains refreshing to see that even their second and third-stringers are going to play for a full 60 minutes when given the chance.\nMore importantly, the Browns already have their playoff spot locked down while the Bengals will clean out their lockers in the morning. The Browns will play the Houston Texans in the first round of the playoffs.\n. @DB3LL rises up between defenders and muscles his way into the end zone 💪 #CLEvsCIN on CBS & NFL+ pic.twitter.com/JZTFW6uKzZ\n— Cleveland Browns (@Browns) January 7, 2024\nMore Videos Browns rookie Isaiah McGuire gets his first career sack vs. Bengals Browns get garbage time touchdown as Jeff Driskel finds David Bell deep vs. Bengals D'Anthony Bell not resting, gets second pick as a Brown vs. Bengals Browns join '87 Patriots to start 5 different QBs in a season WATCH: Joe Flacco mic'd up for playoff clinching win over the Jets on Thursday Night",
    "highlightText": "",
    "highlightTitle": "",
    "highlightThreadTitle": "",
    "language": "english",
    "sentiment": "positive",
    "categories": [
        "Sport",
        "Human Interest"
    ],
    "external_links": [
        "https://twitter.com/Browns/status/1744099315465765293",
        "https://twitter.com/DB3LL?ref_src=twsrc%5Etfw",
        "https://twitter.com/hashtag/CLEvsCIN?src=hash&ref_src=twsrc%5Etfw",
        "https://t.co/JZTFW6uKzZ",
        "https://twitter.com/Browns/status/1744099315465765293?ref_src=twsrc%5Etfw",
        "https://www.twitter.com/DB3LL?ref_src=twsrc%5Etfw",
        "https://www.twitter.com/Browns/status/1744099315465765293?ref_src=twsrc%5Etfw",
        "https://www.t.co/JZTFW6uKzZ",
        "https://www.twitter.com/hashtag/CLEvsCIN?src=hash&ref_src=twsrc%5Etfw",
        "https://www.twitter.com/Browns/status/1744099315465765293",
        "https://twitter.com/hashtag/CLEvsCIN",
        "https://twitter.com/DB3LL",
        "https://twitter.com/Browns/status/1744099315465765293"
    ],
    "external_images": [],
    "entities": {
        "persons": [
            {
                "name": "david bell",
                "sentiment": "negative"
            },
            {
                "name": "jef",
                "sentiment": "negative"
            },
            {
                "name": "jeff driskel",
                "sentiment": "negative"
            },
            {
                "name": "driskel",
                "sentiment": "none"
            },
            {
                "name": "driskell",
                "sentiment": "none"
            }
        ],
        "organizations": [
            {
                "name": "cleveland browns",
                "sentiment": "negative"
            },
            {
                "name": "cincinnati bengals",
                "sentiment": "negative"
            },
            {
                "name": "cbs & nfl",
                "sentiment": "none"
            },
            {
                "name": "houston texans",
                "sentiment": "none"
            },
            {
                "name": "browns",
                "sentiment": "none"
            },
            {
                "name": "bell",
                "sentiment": "none"
            },
            {
                "name": "bengals",
                "sentiment": "none"
            }
        ],
        "locations": [
            {
                "name": "purdue",
                "sentiment": "none"
            }
        ]
    },
    "rating": null,
    "crawled": "2024-01-08T00:04:58.365+02:00",
    "updated": "2024-01-08T00:04:58.365+02:00"
}