{
    "thread": {
        "uuid": "37adab21c2cf9f20b314786712e4336310d11bc9",
        "url": "https://www.vicnews.com/video/2-year-old-son-of-bcs-david-foster-wows-with-drumming-talents-in-viral-video-7293621",
        "site_full": "www.vicnews.com",
        "site": "vicnews.com",
        "site_section": "https://www.vicnews.com",
        "site_categories": [
            "media"
        ],
        "section_title": "Welcome to the Victoria News  - Greater Victoria News",
        "title": "2-year-old son of B.C.’s David Foster wows with drumming talents in viral video - Greater Victoria News",
        "title_full": "2-year-old son of B.C.’s David Foster wows with drumming talents in viral video - Greater Victoria News",
        "published": "2024-01-07T23:45:00.000+02:00",
        "replies_count": 0,
        "participants_count": 1,
        "site_type": "news",
        "country": "CA",
        "main_image": "https://www.bpmcdn.com/f/files/shared/feeds/gps/2024/01/web1_240107-cpw-2-year-oldsonofdavidfosterwowswithdrummingtalentsinviralvideo_1.jpg;w=1200;h=800;mode=crop",
        "performance_score": 0,
        "domain_rank": 40889,
        "domain_rank_updated": "2024-01-02T12:06:53.000+02:00",
        "reach": null,
        "social": {
            "facebook": {
                "likes": 0,
                "comments": 0,
                "shares": 0
            },
            "gplus": {
                "shares": 0
            },
            "pinterest": {
                "shares": 0
            },
            "linkedin": {
                "shares": 0
            },
            "stumbledupon": {
                "shares": 0
            },
            "vk": {
                "shares": 0
            }
        }
    },
    "uuid": "37adab21c2cf9f20b314786712e4336310d11bc9",
    "url": "https://www.vicnews.com/video/2-year-old-son-of-bcs-david-foster-wows-with-drumming-talents-in-viral-video-7293621",
    "ord_in_thread": 0,
    "parent_url": null,
    "author": "The Canadian Press",
    "published": "2024-01-07T23:45:00.000+02:00",
    "title": "2-year-old son of B.C.’s David Foster wows with drumming talents in viral video - Greater Victoria News",
    "text": "The two-year-old son of famed Canadian producer David Foster and singer Katharine McPhee is lighting up the internet with his musical talents. In a video posted to TikTok by McPhee and Instagram by Foster, the pair’s son is seen playing an impressive drum solo alongside a recording of Michael Jackson’s song “Rock with You.” Foster is seen in the video seated watching his son, bopping his head along to the beat while the two-year-old rocks out on a mini drum set complete with his name, Rennie Foster, splashed across the bass drum. McPhee’s video included the caption “my 2 year old baby is a genius.” Foster, the 74-year-old musician and composer, is a 16-time Grammy winner who was born in Victoria. He married McPhee, a 39-year-old singer and actress who was the runner-up in the 2006 season of American Idol, in 2019. Celebrities like Kristin Chenoweth, Questlove, Nicole Sherzinger, Joey McIntyre, Sharon Stone, Debra Messing, Charlie Puth and others took to the video comments to hype up the young drummer. READ ALSO: [Celine Song, Ryan Gosling, Martin Short among Canadians up for Golden Globes](https://www.todayinbc.com/entertainment/celine-song-ryan-gosling-martin-short-among-canadians-up-for-golden-globes-7293585) The Canadian Press",
    "highlightText": "",
    "highlightTitle": "",
    "highlightThreadTitle": "",
    "language": "english",
    "sentiment": "positive",
    "categories": [
        "Human Interest",
        "Arts, Culture and Entertainment"
    ],
    "external_links": [
        "https://www.todayinbc.com/entertainment/celine-song-ryan-gosling-martin-short-among-canadians-up-for-golden-globes-7293585)",
        "https://todayinbc.com/entertainment/celine-song-ryan-gosling-martin-short-among-canadians-up-for-golden-globes-7293585)"
    ],
    "external_images": [],
    "entities": {
        "persons": [
            {
                "name": "katharine mcphee",
                "sentiment": "negative"
            },
            {
                "name": "david foster",
                "sentiment": "negative"
            },
            {
                "name": "mcphee",
                "sentiment": "none"
            },
            {
                "name": "celine song",
                "sentiment": "none"
            },
            {
                "name": "michael jackson",
                "sentiment": "none"
            },
            {
                "name": "kristin chenoweth",
                "sentiment": "none"
            },
            {
                "name": "charlie puth",
                "sentiment": "none"
            },
            {
                "name": "martin short",
                "sentiment": "none"
            },
            {
                "name": "joey mcintyre",
                "sentiment": "none"
            },
            {
                "name": "nicole sherzinger",
                "sentiment": "none"
            },
            {
                "name": "debra messing",
                "sentiment": "none"
            },
            {
                "name": "ryan gosling",
                "sentiment": "none"
            },
            {
                "name": "sharon stone",
                "sentiment": "none"
            },
            {
                "name": "rennie foster",
                "sentiment": "none"
            }
        ],
        "organizations": [
            {
                "name": "instagram",
                "sentiment": "none"
            }
        ],
        "locations": [
            {
                "name": "victoria",
                "sentiment": "none"
            }
        ]
    },
    "rating": null,
    "crawled": "2024-01-08T00:09:27.815+02:00",
    "updated": "2024-01-08T00:09:27.815+02:00"
}