{
    "thread": {
        "uuid": "bce1b971089f66a54819029a0c847d0dbefebef1",
        "url": "https://mommypoppins.com/connecticut-kids/free-activities/100-free-fun-things-to-do-in-connecticut",
        "site_full": "mommypoppins.com",
        "site": "mommypoppins.com",
        "site_section": "http://mommypoppins.com/rss.xml",
        "site_categories": [
            "media",
            "travel",
            "education",
            "theme_parks",
            "k_6_educators"
        ],
        "section_title": "Mommy Poppins - Things to Do with Kids",
        "title": "100 Free Fun Things To Do in Connecticut",
        "title_full": "100 Free Fun Things To Do in Connecticut",
        "published": "2024-01-07T20:03:00.000+02:00",
        "replies_count": 0,
        "participants_count": 1,
        "site_type": "news",
        "country": "US",
        "main_image": "https://static.mommypoppins.com/lead_big_yale_peabody_museum_quartz_crystal_from_namibia_photo_by_robert_lorenz-2.jpg",
        "performance_score": 0,
        "domain_rank": 22207,
        "domain_rank_updated": "2024-01-02T12:06:49.000+02:00",
        "reach": null,
        "social": {
            "facebook": {
                "likes": 0,
                "comments": 0,
                "shares": 0
            },
            "gplus": {
                "shares": 0
            },
            "pinterest": {
                "shares": 0
            },
            "linkedin": {
                "shares": 0
            },
            "stumbledupon": {
                "shares": 0
            },
            "vk": {
                "shares": 0
            }
        }
    },
    "uuid": "bce1b971089f66a54819029a0c847d0dbefebef1",
    "url": "https://mommypoppins.com/connecticut-kids/free-activities/100-free-fun-things-to-do-in-connecticut",
    "ord_in_thread": 0,
    "parent_url": null,
    "author": "Michael Del Llano",
    "published": "2024-01-07T20:03:00.000+02:00",
    "title": "100 Free Fun Things To Do in Connecticut",
    "text": "100 Free Fun Things To Do in Connecticut\n[Michael Del Llano](/user/165330)\nConnecticut has enough free fun things to do with kids that families can fill the calendar without emptying their wallets. From world-class museums to cool outdoor spaces, the top free fun things to do are sure to please the whole family.\nRead on for our picks for 100 free fun things to do in Connecticut with kids. Be sure to check our activities calendar for more great ideas for things to do with kids!\nOUR LATEST VIDEOS\n100 Free Fun Things To Do in Connecticut\n1.\nConnecticut State House - Hartford\nExplore the Nutmeg State Capitol and its grounds.\nConnecticut has plenty of free museums (and free museum days) for family activities! Photo by Ally Noel for Mommy Poppins.\n2.\nYale University Art Gallery - New Haven\nNew Haven's Yale University Art Museum has striking works of art and cool indoor spaces.\n3.\nBushnell Park - Hartford\nHartford's\nWinterfest, complete with free ice skating, is just one example of the free fun to be had at Bushnell Park.\n4.\nConnecticut Trails Day - Statewide\nOver 100 events across Connecticut celebrate the outdoors with hiking, biking, trail-running, and more!\nEveryon will be getting the finery on for the re-opening of the (free) Yale Peabody Museum! Photo by Tosh Chiang via Flickr.\n5.\nThe Yale Peabody Museum - New Haven\nRe-openning in 2024, the Yale Peabody Museum in New Haven will offer free admission to all guests. That means free dino-sized fun for Connecticut families.\n6. Swimming Holes\nDive into some free fun at a local pond.\n7.\nCaptain’s Cove Boardwalk - Bridgeport\nHead to the waterfront for a fun stroll at Bridgeport's Captain's Cove.\n8.\nMark Twain House - Hartford\nChildren ages 2 to six can visit the Mark Twain House in Hartford for free. And the Mark Twain House hosts free events, like the annual Frog Hop!\n9.\nOutdoor Ice Skating\nSome of Connecticut's outdoor rinks offer free ice skating for families!\n10.\nConnecticut Museum of Culture and History - Hartford\nKids 5 and under get free admission. And EVERYBODY gets free admission on the first wekend of every month (as well as select dates throughout the year).\n11.\nNew Britain Industrial Museum - New Britain\nFree to visitors 12 and under, this museum features two centuries of priceless industrial artifacts from the hardware city of the world.\n12. Explore the streets of\nMystic, Connecticut\nSpend the entire day strolling through the quaint Connecticut town of Mystic.\n13.\nNathan Hale Homestead - Coventry\nFree for children 6 and under, the Natan Hale homestead sheds light on the Revolutionary War and the life of a Connecticut Patriot.\n14.\nSilver Sands State Park - Milford\nThe sandy beaches of Silver Sands State Park in Milford invite Connecticut families for free fun on the boardwalk.\n15.\nHill-Stead Museum - Farmington\nThe grounds of Farmington's Hill-Stead are open (and free!) to the public. Tours of the museum are free for kids 6 and under, as well as for members.\nHead to Rockville to learn about New England's role in the Civil War. Photo courtesy of the New England Civil War Museum\n14.\nNew England Civil War Museum - Rockville\nFree for every visitor, this museum sheds light on the Civil War experience of everyday New Englanders.\n15. Sledding at Page Park - Bristol\nBristol's Page Park offers some awesome sledding!\n16.\nNew Britain Museum of American Art - New Britain\nArt lovers will enjoy swinging by the New Britain Museum of American Art. The museum is free on Saturday mornings, from 10am to noon.\nGet closer to nature than you can possibly bear. Photo courtesy of Earthplace\n17.\nEarthplace - Westport\nThe grounds at this sanctuary are opened to the public year round for free. Admission to the indoor natureplace is only $5 for children, seniors, and students.\n18.\nFourth of July Celebrations - Various Locations\nConnecticut has free 4th of July fun all over the state.\n19.\nSledding\nWinter fun doesn't have to cost a thing. There are plenty of great sledding spots in Fairfield and\naround Hartford.\n20.\nEli Whitney Museum - Hamden\nThis historic site hosts free activities, such as\nMr. Gilbert's Railroad during the holidays. Check the Museum's calendar for fun free things to do!\nSome of CT's top free things to do are downright gorgeous! Helen S. Kaman Rose Garden in Elizabeth Park, photo by Susan DeMark, via Flickr.\n21.\nElizabeth Park - West Hartford\nElizabeth Park in West Hartford has some stunning beauty and fun outdoor spaces.\n22.\nSubmarine Force Library and Museum - Mystic\nFree admission, free parking, and free self-guided tours. What more can you ask for? Oh, cool submarine stuff!\n23.\nOld State House - Hartford\nConnecticut's Old State House hosts free events, such as\nconcerts and family day tours. The Old State House also offers free admission to kids 5 and under, as well as veterans and active-duty military personnel\n24.\nConnecticut College Arboretum - New London\nThe lovely 700+ acres of the Connecticut College Arboretum are open to the public, every day of the year, for free!\nHead to Storrs for some free barnyard fun in Connecticut! Animal Barns photo courtesy of the UConn Facebook page.\n25.\nUConn Animal Barns - Storrs\nOkay, the ice cream at the Dairy Barn isn't free, but seeing dairy cows (and other friendly farm animals) up close is a whole lot of free family fun.\n26.\nTopsmead State Forest - Litchfield\nGo for a hike at this beautiful state forest in Litchfield.\n27.\nConnecticut Audobon Society - Pomfret\nOpen to the public, this Quiet Corner nature center and sanctuary has over 700 acres of free things to do, with hiking, art exhibits, and more.\n28.\nOlde Mystick Village - Mystic\nThis recreation of a vintage New England hamlet has plenty to explore—for free! There are seasonal events and displays that families will love, from\nholiday lights to Easter egg hunts.\n29.\nGlastonbury Apple Harvest and Music Festival - Glastonbury\nEvery fall, Glastonbury hosts a free fall festival packed with fun for Connecticut kids.\n30.\nGreater Hartford Festival of Jazz - Hartford\nThis annual music fest fills Bushnell Park with FREE live music!\nSome of these free things to do are laid back and easy-breezy. Photo courtesy of the Flanders Nature Center and Land Trust\n31.\nFlanders Nature Center and Land Trust - Woodbury\nExplore thousands of acres of natural beauty.\n32.\nWadsworth Athaneum - Hartford\nThe Wadsworth Athaneum is free for families on the second Saturday of each month. The last hour of each day has a \"pay what you like\" policy.\n33.\nSoundwaters Coastal Education Center - Stamford\nThis free education center shows families the rich diversity of nature in Long Island Sound. Live animals include horshoe crabs and terrapins. The center has a touch-tank—always a hit with the kiddos.\n34.\nLyman Allen Art Museum - New London\nThe Lyman Allen Art Museum is free for visitors on the first Saturday of each month. It is also free for kids 12 and under, and always free for New London residents.\n35.\nAnsonia Nature Center - Ansonia\nThe Ansonia Nature Center offers 2 miles of trails and more, free to the public.\n36.\nFlorence Griswold Museum - Old Lyme\nThis Old Lyme Museum, with its beautiful grounds, is free fior kids 5 and under, as well as for active duty military and SNAP/EBT cardholders.\n37.\nBear Mountain Reservation - Danbury\nDanbury's Bear Mountain Reservation is perfect for a family hike.\n38.\nMuseum of Connecticut History - Hartford\nHartford's Museum of Connecticut History is always free.\n39.\nBartlett Arboretum - Stamford\nSurround yourself with nature at Stamford's Bartlett Arboretum.\n40.\nFree Outdoor Movies - Multiple Locations\nSeveral towns and cities provide free outdoor movies in Connecticut during the summer months.\n41. Governor's Mansion - Hartford\nTake a stroll past the Governor's Mansion. Say \"hi\" for us if you see the Governor.\n42.\nNew Haven\nExplore the streets of New Haven, with shops, festivals, and (of course) Yale!\n43.\nHarriet Beecher Stowe House - Hartford\nHartford residents enjoy free admission, as do kids six and under.\nFree museums help kids get a close look at some interesting works of art! Aldrich Contemporary Art Museum photo by Ally Noel for Mommy Poppins\n44.\nThe Aldrich Contemporary Art Museum - Ridgefield\nThe third Saturday of each month brings free admission to this museum filled with extraordinary art and fun spaces.\n45.\nBruce Museum - Greenwich\nAdmission to the Bruce Museum, one of our faves, is free on Tuesdays from 10am to 5pm.\n46.\nDinosaur State Park - Rocky Hill\nKids under 6 are always free at Dinosaur State Park!\n47.\nRose Arts Festival - Norwich\nThis free annual music festival is among the largest of its kind in New England!\n48.\nMattatuck Museum - Waterbury\nThe Mattatuck Museum is always free for kids under 5.\n49.\nChatfield Hollow State Park - Killingworth\nHead to this state park in Killingworth to look for Native American caves while hiking the trails.\n50.\nTarrywile Park - Danbury\nThe grounds of Tarrywile Mansion are free for little explorers—and big ones too!\n51.\nFort Stamford - Stamford\nThis Revolutionary-era site is situated on 5 acres. Look for mounds that mark where the original fort once stood.\nThe top free and fun things to do get CT families out in nature! Photo courtesy of Weir Farm National Historic Park\n52.\nWeir Farm - Wilton\nThis National Historic Park, straddling Wilton and Ridgefield, has attracted generations of artists to its natural beauty. Connecticut families can come explore the grounds of Weir Farm for free.\n53.\nLiberty Rock - Milford\nAnother fun Revolutionary site, the rock was used as a lookout point by American forces.\n54.\nConnecticut Air and Space Center - Stratford\nFull of cool air and space memorabilia, the CT Air and Space Center in Stratford is always free for kids 5 and under.\n55.\nMashamoquet Brook State Park - Pomfret\nMashamoquet Brook State Park has space for hiking, swimming, fishing, and more!\n56.\nWadsworth Falls - Middlefield/Middletown\nHead to Wadsworth Falls to see one of Connecticut's coolest waterfalls.\nGive a big hand to the Ballard Institute and Museum! Photo courtesy of the Ballard Institute and Museum of Puppetry\n57.\nBallard Institute and Museum of Puppetry - Storrs\nTake the family to Storrs to see Connecticut's cool puppet collection.\n58.\nMashantucket Pequot Museum - Mashantucket\nThe Mashantucket Pequot Museum is free for kids under 5.\n59.\nWooster Mountain State Park - Danbury\nDanbury's Wooster Mountain State Park has acres of family fun, for free!\n60.\nNoah Webster House - West Hartford\nThe Noah Webster House is free for kids 5 and under, a trip to Webster's\n61. Osbornedale State Park - Derby\nHome to hiking trails and more, the park features the Osborne Homestead Museum, where admission is always free.\n62. Stamford Museum and Nature Center - Stamford\nEncouraging public transportation, the Stamford Museum and Nature Center is free for visitors with bus passes or bus tickets.\n63.\nWhite Memorial Conservation Center - Litchfield\nThe center has miles of trails for hiking, biking, and snowshoeing.\n64. Eric Sloan Museum -\n65.\nLitchfield Historical Society - Litchfield\nThe museums and library of the Litchfield Historical Society, open from the spring through the fall, offer Connecticut families a free peek at the history of the town, the county, and the state.\n66. CT Antique Machinery Association -\n67.\nGilette Castle State Park - East Haddam\nPretend to be Harry Potter (or Merida, or Cinderella, or Gandalf) while you explore this extraordinary castle with grounds that stretch from East Haddam to Lyme.\n68.\nNICE Festival - Norwalk\nNorwalk celebrates its diversity with music, dancing, and free family fun.\n69. Discovery Museum - Bridgeport (free for Sport residents on Wed) <2\n70.\nSteep Rock Preserve - Washington Depot\nThe cliffs, tunnels, and woods at Steep Rock Preserve are waiting for explorers.\nBeardsley Zoo photo by Ally Noel for Mommy Poppins.\n71.\nBeardsley Zoo - Bridgeport\nThe Beardsley Zoo is offering free admission to Bridgeport residents (registering\nonline and showing ID) on Saturdays until June 2024!\n72.\nFairfield Museum and History Center - Fairfield\nThis museum, packed with hands-on exhibits, is free for kids 5 and under, and age 3 to 22 is only three dollars. Parking at the museum is also free.\n73.\nShakespeare on the Sound - Rowayton\nThe Shakespeare on the Sound players perform every summer season. These free shows include shorter kids versions of Shakespeare's classic plays.\n74.\nWestport Astronomical Society - Westport\nExplore the heavens for the low-low price of nuthin'. A five dollar donation is suggested.\n75.\nFestival of Silver Lights at Hubbard Park - Meriden\nEvery year, Meriden's Hubbard Park is aglow with a spectacular holiday light display.\n76.\nNew Canaan Nature Center - New Canaan\nThe New Canaan Nature Center provides free stimulating exhibits and events, such as the\nFall Fair and the Thanksgiving Weekend Waddle.\nGet out and see some amazing CT sights with these top free things to do. Heublein Tower Trail at Talcott Mt. State Park. Photo by Bryan Sereny via Flickr\n77.\nTalcott Mountain State Park - Simsbury\nHike the trails of central Connecticut's Talcott Mountain State Park and find the majestic Heublein Tower.\n78. Housatonic Museum - Bridgeport\n79.\nBoothe Park - Stratford\nThis combination park and museum is open year-round. The displays educate and entertain kids, showing what life was like on a Connecticut farm in days of yore.\n80.\nFort Trumbull State Park - New London\n81.\nCoastal Center at Milford Point - Milford\n82.\nFairfield University Art Museum - Fairfield\n83. Stamford History Center\n84. SoNo Tower - Norwalk\n85. National Helicopter Museum - Stratford\nThere is free fun to be had on the water in Connecticut. Quaddick Lake, Quaddick State Park. Photo courtesy of Mystic Country CT via Flickr\n86.\nQuaddick State Park - Thompson\nThere is a parking fee on weekends and holidays, but every other day, this beautiful park is free.\n87.\nSaint Ann Feast - Norwalk\nThis summer festival celebrates the city of Norwalk and the surrounding communities.\n88.\nHarvest Moon Festival - Naugatuck\nWelcome the Autumn with a free festival in Naugatuck featuring crafts, food, and entertainment!\n89.\nMilanus River Park - Greenwich\n90.\n91.\nNew London Black Heritage Trail - New London\n92. Glastonbury\n93.\nInternational Festival of Art and Ideas - New Haven\n94.\nNew Britain\n95.\nMystic Museum of Art - Mystic\n96.\nPhoto courtesy of the Husky Heritage Sports Museum.\n97.\nHusky Heritage Sports Museum - Storrs\nThe J. Robert Donnelly Husky Heritage Sports Museum celbrates the history of UConn sports. From National Championships to\n98.\nRiverfront Dragon Boat and Asian Festival - Hartford\nHartford's free summer festival celebrates Asian and Pacific Island cultures. Kids will love seeing the dragon boats on the river!\n99. Barnum Museum - when it opens\n100. K of C museum",
    "highlightText": "",
    "highlightTitle": "",
    "highlightThreadTitle": "",
    "language": "english",
    "sentiment": "positive",
    "categories": [
        "Lifestyle and Leisure",
        "Human Interest",
        "Arts, Culture and Entertainment"
    ],
    "external_links": [
        "https://www.danbury-ct.gov/facilities/facility/details/bearmountainreservation-2",
        "https://www.ctaudubon.org/coastal-center-home/",
        "https://portal.ct.gov/DEEP/State-Parks/Parks/Mashamoquet-Brook-State-Park",
        "https://www.fairfieldhistory.org",
        "https://portal.ct.gov/DEEP/State-Parks/Parks/Fort-Trumbull-State-Park/Overview",
        "https://www.hmdb.org/m.asp?m=26308",
        "https://bushnellpark.org",
        "https://portal.ct.gov/DEEP/State-Parks/Parks/Gillette-Castle-State-Park",
        "https://bimp.uconn.edu",
        "https://www.conncoll.edu/the-arboretum/",
        "https://soundwaters.org/coastal-education-center/",
        "https://tarrywile.com/the-park/",
        "https://flandersnaturecenter.org",
        "https://wp.cga.ct.gov/osh/",
        "http://oldemistickvillage.com",
        "https://portal.ct.gov/DEEP/State-Parks/Parks/Talcott-Mountain-State-Park",
        "https://steeprockassoc.org/preserve/steep-rock/",
        "https://portal.ct.gov/DEEP/State-Parks/Parks/Wadsworth-Falls-State-Park",
        "https://portal.ct.gov/DEEP/State-Parks/Parks/Quaddick-State-Park",
        "https://www.beardsleyzoo.org/cool-blue.html",
        "https://www.newenglandcivilwarmuseum.com",
        "https://www.hillstead.org/plan-your-visit/tours/",
        "http://www.captainscoveseaport.com",
        "https://ussnautilus.org",
        "https://newcanaannature.org",
        "https://nbmaa.org",
        "https://www.greenwichct.gov/2200/Mianus-River-Natural-Park",
        "https://visitnewlondon.org/black-heritage-trail/",
        "https://www.litchfieldhistoricalsociety.org",
        "https://www.stamfordct.gov/Home/Components/FacilityDirectory/FacilityDirectory/54/507",
        "https://www.connecticutmuseum.org",
        "https://portal.ct.gov/DEEP/State-Parks/Parks/Silver-Sands-State-Park",
        "https://www.ctairandspace.org",
        "https://www.ctaudubon.org/pomfret-home/",
        "https://www.mattmuseum.org",
        "https://whitememorialcc.org/trails/",
        "https://huskysports.museum.uconn.edu",
        "https://nbindustrial.org",
        "https://earthplace.org",
        "https://boothememorialpark.com",
        "https://portal.ct.gov/DEEP/State-Parks/Forests/Topsmead-State-Forest",
        "https://florencegriswoldmuseum.org",
        "https://noahwebsterhouse.org",
        "https://my.lwv.org/connecticut/tour-information",
        "https://www.fairfield.edu/museum/about-us/index.html",
        "https://www.nps.gov/wefa/index.htm",
        "https://portal.ct.gov/DEEP/State-Parks/Parks/Chatfield-Hollow-State-Park",
        "https://ctlandmarks.org/properties/nathan-hale-homestead/",
        "https://www.was-ct.org/about-us/",
        "https://stateparks.com/wooster_mountain_state_park_in_connecticut.html",
        "https://www.elizabethparkct.org",
        "https://animalscience.cahnr.uconn.edu/animal-barns/",
        "https://museumofcthistory.org",
        "https://www.boothememorialpark.com",
        "https://mattmuseum.org",
        "https://www.visitnewlondon.org/black-heritage-trail/",
        "https://www.stateparks.com/wooster_mountain_state_park_in_connecticut.html",
        "https://www.nbmaa.org",
        "https://www.museumofcthistory.org",
        "https://nps.gov/wefa/index.htm",
        "https://www.bimp.uconn.edu",
        "https://steeprockassoc.org/preserve/steep-rock",
        "https://danbury-ct.gov/facilities/facility/details/bearmountainreservation-2",
        "https://www.noahwebsterhouse.org",
        "https://www.portal.ct.gov/DEEP/State-Parks/Forests/Topsmead-State-Forest",
        "https://fairfield.edu/museum/about-us/index.html",
        "https://stamfordct.gov/Home/Components/FacilityDirectory/FacilityDirectory/54/507",
        "https://www.steeprockassoc.org/preserve/steep-rock/",
        "https://hmdb.org/m.asp?m=26308",
        "https://www.wp.cga.ct.gov/osh/",
        "https://www.soundwaters.org/coastal-education-center/",
        "https://www.portal.ct.gov/DEEP/State-Parks/Parks/Chatfield-Hollow-State-Park",
        "https://www.tarrywile.com/the-park/",
        "https://www.ctaudubon.org/pomfret-home",
        "https://www.animalscience.cahnr.uconn.edu/animal-barns/",
        "https://ctaudubon.org/coastal-center-home/",
        "https://www.newcanaannature.org",
        "https://ctairandspace.org",
        "https://greenwichct.gov/2200/Mianus-River-Natural-Park",
        "https://www.portal.ct.gov/DEEP/State-Parks/Parks/Gillette-Castle-State-Park",
        "https://www.hillstead.org/plan-your-visit/tours",
        "https://www.portal.ct.gov/DEEP/State-Parks/Parks/Wadsworth-Falls-State-Park",
        "https://www.ctlandmarks.org/properties/nathan-hale-homestead/",
        "https://wp.cga.ct.gov/osh",
        "https://www.my.lwv.org/connecticut/tour-information",
        "https://www.whitememorialcc.org/trails/",
        "https://www.portal.ct.gov/DEEP/State-Parks/Parks/Talcott-Mountain-State-Park",
        "https://ctaudubon.org/pomfret-home/",
        "https://www.portal.ct.gov/DEEP/State-Parks/Parks/Silver-Sands-State-Park",
        "https://hillstead.org/plan-your-visit/tours/",
        "https://www.nbindustrial.org",
        "https://www.huskysports.museum.uconn.edu",
        "https://newenglandcivilwarmuseum.com",
        "https://litchfieldhistoricalsociety.org",
        "https://ctlandmarks.org/properties/nathan-hale-homestead",
        "https://www.hmdb.org/m.asp",
        "https://whitememorialcc.org/trails",
        "http://captainscoveseaport.com",
        "https://www.was-ct.org/about-us",
        "https://soundwaters.org/coastal-education-center",
        "https://animalscience.cahnr.uconn.edu/animal-barns",
        "https://www.earthplace.org",
        "https://visitnewlondon.org/black-heritage-trail",
        "https://conncoll.edu/the-arboretum/",
        "https://fairfieldhistory.org",
        "https://www.ussnautilus.org",
        "https://www.ctaudubon.org/coastal-center-home",
        "https://www.portal.ct.gov/DEEP/State-Parks/Parks/Fort-Trumbull-State-Park/Overview",
        "http://www.oldemistickvillage.com",
        "https://www.bushnellpark.org",
        "https://www.portal.ct.gov/DEEP/State-Parks/Parks/Quaddick-State-Park",
        "https://beardsleyzoo.org/cool-blue.html",
        "https://elizabethparkct.org",
        "https://was-ct.org/about-us/",
        "https://www.conncoll.edu/the-arboretum",
        "https://www.portal.ct.gov/DEEP/State-Parks/Parks/Mashamoquet-Brook-State-Park",
        "https://www.florencegriswoldmuseum.org",
        "https://tarrywile.com/the-park",
        "https://www.flandersnaturecenter.org",
        "https://connecticutmuseum.org"
    ],
    "external_images": [],
    "entities": {
        "persons": [
            {
                "name": "ally noel",
                "sentiment": "none"
            },
            {
                "name": "mommy poppins",
                "sentiment": "none"
            }
        ],
        "organizations": [
            {
                "name": "michael del llano",
                "sentiment": "negative"
            },
            {
                "name": "nutmeg state capitol",
                "sentiment": "none"
            },
            {
                "name": "connecticut state house",
                "sentiment": "none"
            },
            {
                "name": "yale university art gallery - new haven new haven's yale university art museum",
                "sentiment": "none"
            }
        ],
        "locations": [
            {
                "name": "connecticut",
                "sentiment": "none"
            },
            {
                "name": "bushnell park",
                "sentiment": "none"
            },
            {
                "name": "hartford",
                "sentiment": "none"
            },
            {
                "name": "connecti",
                "sentiment": "none"
            },
            {
                "name": "bushnell park - hartford hartford",
                "sentiment": "none"
            },
            {
                "name": "winterfest",
                "sentiment": "none"
            }
        ]
    },
    "rating": null,
    "crawled": "2024-01-08T00:36:51.461+02:00",
    "updated": "2024-01-08T00:36:51.461+02:00"
}