{
    "thread": {
        "uuid": "215d40244b6e079714a7fc0aa3f59e42b74eb25d",
        "url": "https://godanriver.com/life-entertainment/nation-world/wellness/ways-to-beat-the-afternoon-slump-and-more-videos-to-improve-your-life/collection_ecaafa24-a7e5-5e51-bbfd-e18651edd6e4.html",
        "site_full": "godanriver.com",
        "site": "godanriver.com",
        "site_section": "https://godanriver.com/search/?f=rss&amp",
        "site_categories": [
            "media"
        ],
        "section_title": "godanriver.com - RSS Results",
        "title": "Ways to beat the afternoon slump, and more videos to improve your life",
        "title_full": "Ways to beat the afternoon slump, and more videos to improve your life",
        "published": "2024-01-07T19:30:00.000+02:00",
        "replies_count": 0,
        "participants_count": 1,
        "site_type": "news",
        "country": "US",
        "main_image": "https://bloximages.newyork1.vip.townnews.com/godanriver.com/content/tncms/assets/v3/editorial/e/ca/ecaafa24-a7e5-5e51-bbfd-e18651edd6e4/65960a9690317.preview.jpg?crop=612%2C321%2C0%2C11&amp;resize=612%2C321&amp;order=crop%2Cresize",
        "performance_score": 0,
        "domain_rank": 60275,
        "domain_rank_updated": "2024-01-02T12:06:53.000+02:00",
        "reach": null,
        "social": {
            "facebook": {
                "likes": 0,
                "comments": 0,
                "shares": 0
            },
            "gplus": {
                "shares": 0
            },
            "pinterest": {
                "shares": 0
            },
            "linkedin": {
                "shares": 0
            },
            "stumbledupon": {
                "shares": 0
            },
            "vk": {
                "shares": 0
            }
        }
    },
    "uuid": "215d40244b6e079714a7fc0aa3f59e42b74eb25d",
    "url": "https://godanriver.com/life-entertainment/nation-world/wellness/ways-to-beat-the-afternoon-slump-and-more-videos-to-improve-your-life/collection_ecaafa24-a7e5-5e51-bbfd-e18651edd6e4.html",
    "ord_in_thread": 0,
    "parent_url": null,
    "author": "VideoElephant",
    "published": "2024-01-07T19:30:00.000+02:00",
    "title": "Ways to beat the afternoon slump, and more videos to improve your life",
    "text": "Ways to beat the afternoon slump, and more videos to improve your life\nHere are some tips to get over the afternoon slump, easy changes to reduce your electricity bill, and more videos to improve your life.\n(12) updates to this series since\nOne of the most common feelings anyone will feel is that sudden slump in energy in the middle of the afternoon at around 3 pm.\nAs the world is in the midst of an ongoing energy crisis, people are looking for ways to reduce electricity consumption. Here are five instant…\nIt’s a new year, and what comes with another trip around the sun is another list of resolutions that we all vow to stick to for the year.\nAdopting a more sustainable lifestyle is an important part of taking care of our environment, so if you’re looking to shift into a greener lif…\nScientists uncover an unexpected ally in the fight against obesity: Intermittent fasting not only sheds pounds but triggers substantial change…\nHow and why you should take better care of your hairbrush.\nDeciding where to travel in this massive world can be tough, but luckily the stars have some guidance! An astrologer shared all the details wi…\nThe holidays are over and as we begin a fresh start to the new year, it’s time to clean up and declutter the festive mess.\nDry January is when someone abstains from drinking alcohol for the entire month of January. Here are four ways to ensure you achieve your goal.\nHere's how quitting alcohol can positively impact your mental and physical health.\nAs we embark on the first few days of the new year, many of us are beginning to embrace things that bring us joy and for a lot of people – tha…\nWinter may have just arrived, but thoughts of spring are already dancing in our heads. Amidst the unpredictable weather patterns dubbed \"weath…",
    "highlightText": "",
    "highlightTitle": "",
    "highlightThreadTitle": "",
    "language": "english",
    "sentiment": "positive",
    "categories": [
        "Lifestyle and Leisure",
        "Health",
        "Human Interest"
    ],
    "external_links": [],
    "external_images": [],
    "entities": {
        "persons": [],
        "organizations": [],
        "locations": []
    },
    "rating": null,
    "crawled": "2024-01-08T00:13:20.517+02:00",
    "updated": "2024-01-08T00:13:20.517+02:00"
}