{
    "thread": {
        "uuid": "0ed6c3047544f28e0767f95dc8655097f00eb35c",
        "url": "https://celebrity.nine.com.au/latest/afl-star-carlton-player-zachery-williams-marries-fiancee-rachel-in-melbourne/2f57bbd7-0ece-40ac-9f7c-425f1fb2db39",
        "site_full": "celebrity.nine.com.au",
        "site": "nine.com.au",
        "site_section": "https://celebrity.nine.com.au/rss",
        "site_categories": [
            "television",
            "entertainment"
        ],
        "section_title": "",
        "title": "AFL star Zachery Williams marries in Melbourne - 9Celebrity",
        "title_full": "AFL star Zachery Williams marries in Melbourne - 9Celebrity",
        "published": "2024-01-07T10:47:00.000+02:00",
        "replies_count": 0,
        "participants_count": 1,
        "site_type": "news",
        "country": "AU",
        "main_image": "https://imageresizer.static9.net.au/aK1Fifq0ehohpMcFAc2shiIzlfM=/0x54:642x416/1200x628/smart/https%3A%2F%2Fprod.static9.net.au%2Ffs%2Fd95822c6-c21e-492d-82f2-448b419f9406",
        "performance_score": 0,
        "domain_rank": 5814,
        "domain_rank_updated": "2024-01-02T12:06:49.000+02:00",
        "reach": null,
        "social": {
            "facebook": {
                "likes": 0,
                "comments": 0,
                "shares": 1
            },
            "gplus": {
                "shares": 0
            },
            "pinterest": {
                "shares": 0
            },
            "linkedin": {
                "shares": 0
            },
            "stumbledupon": {
                "shares": 0
            },
            "vk": {
                "shares": 0
            }
        }
    },
    "uuid": "0ed6c3047544f28e0767f95dc8655097f00eb35c",
    "url": "https://celebrity.nine.com.au/latest/afl-star-carlton-player-zachery-williams-marries-fiancee-rachel-in-melbourne/2f57bbd7-0ece-40ac-9f7c-425f1fb2db39",
    "ord_in_thread": 0,
    "parent_url": null,
    "author": "Chloe-Lee Longhetti",
    "published": "2024-01-07T10:47:00.000+02:00",
    "title": "AFL star Zachery Williams marries in Melbourne - 9Celebrity",
    "text": "AFL star Zachery Williams has tied the knot with his partner Rachel in a stunning ceremony in Melbourne.\nW﻿illiams, 29, and his new wife Rachel married at the Royal Botanic Gardens in Melbourne on Thursday and had a number of AFL star guests in attendance.\nOn her big day, former ballerina Rachel, 26, wore a white dress with a tiered tulle skirt.\nShe teamed the look with red heels and a bright red lip, while Williams looked dapper in a black and white tuxedo.\n\"Mrs Williams,\" she captioned one post.\nAFL star Jack Martin and his wife Britt were in attendance, with Britt sharing some stunning snaps with her followers on Instagram. ﻿\nREAD MORE: Cher's son has conservatorship request﻿\nAFL star Jack Martin and his wife Britt were in attendance, with Britt sharing some stunning snaps. (Instagram) \"Celebrating the beautiful Williams wedding,\" her post was captioned.\nJack Crisp's wife Mikayla shared a reel on her Instagram of the weekend celebrations.\n\"Mr & Mrs Williams 🤍 What a special day full of so much love x﻿,\" she captioned the post.\nREAD MORE: Halle Bailey welcomes son after secret pregnancy﻿\nOn her big day, former ballerina Rachel, 26, looked every inch the blushing bride in a white tulle dress. (Instagram) ﻿The pair, who share a daughter together, announced their engagement in December 2022.\nThey are believed to have started dating back in 2020.\n﻿Williams, who hails from NSW's Narrandera, plays for Carlton. He previously played for the Greater Western Sydney Football Club.\n ",
    "highlightText": "",
    "highlightTitle": "",
    "highlightThreadTitle": "",
    "language": "english",
    "sentiment": "positive",
    "categories": [
        "Lifestyle and Leisure",
        "Human Interest",
        "Arts, Culture and Entertainment"
    ],
    "external_links": [
        "https://imageresizer.static9.net.au/Xo8RyB_R3m6hbxL2T9XLb7BvPzc=/396x0/https%3A%2F%2Fprod.static9.net.au%2Ffs%2F08268995-cfb4-47e2-9617-343f27cc61c8",
        "https://imageresizer.static9.net.au/WysQ_pOLtEz_DTbqpr_mfdz-MLw=/792x0/https%3A%2F%2Fprod.static9.net.au%2Ffs%2Fd95822c6-c21e-492d-82f2-448b419f9406",
        "https://www.instagram.com/p/C1ymN4nJTmt/?igsh=MzRlODBiNWFlZA%3D%3D&img_index=3",
        "https://imageresizer.static9.net.au/c8hp-t3YFcUjlYix8yLjUIVT1y4=/636x0/https%3A%2F%2Fprod.static9.net.au%2Ffs%2Fd95822c6-c21e-492d-82f2-448b419f9406",
        "https://imageresizer.static9.net.au/B9kAYgBeSbTC09_oBIoRuLTp-XQ=/792x0/https%3A%2F%2Fprod.static9.net.au%2Ffs%2F08268995-cfb4-47e2-9617-343f27cc61c8",
        "https://imageresizer.static9.net.au/YeuJyUk0cZok225k57_IkR8TDBg=/88x37:641x590/636x0/https%3A%2F%2Fprod.static9.net.au%2Ffs%2Fa4ff5ff9-d01b-4b77-93ff-8c50e8f18c4e",
        "https://imageresizer.static9.net.au/mg5hDKw5bKKN95m9AdlZzj8sK5U=/1274x0/https%3A%2F%2Fprod.static9.net.au%2Ffs%2Fd95822c6-c21e-492d-82f2-448b419f9406",
        "https://imageresizer.static9.net.au/IARd7qufmxMqNSuGv_EdoNChwQY=/636x0/https%3A%2F%2Fprod.static9.net.au%2Ffs%2F08268995-cfb4-47e2-9617-343f27cc61c8",
        "https://imageresizer.static9.net.au/x4pYoUkVEJLvKqeazTsTs6zRmQk=/396x0/https%3A%2F%2Fprod.static9.net.au%2Ffs%2Fd95822c6-c21e-492d-82f2-448b419f9406",
        "https://www.instagram.com/reel/C1yEaLXPku4/?igsh=MzRlODBiNWFlZA%3D%3D",
        "https://imageresizer.static9.net.au/F8ooFi0sse4zdkZIvXecPZkD7r8=/88x37:641x590/1274x0/https%3A%2F%2Fprod.static9.net.au%2Ffs%2Fa4ff5ff9-d01b-4b77-93ff-8c50e8f18c4e",
        "https://imageresizer.static9.net.au/ksQY0tV8vu42q6CPkLPV0fwjPXU=/88x37:641x590/396x0/https%3A%2F%2Fprod.static9.net.au%2Ffs%2Fa4ff5ff9-d01b-4b77-93ff-8c50e8f18c4e",
        "https://imageresizer.static9.net.au/dsF7tTYWEtSZGsQEIdtZBJp5L2w=/88x37:641x590/792x0/https%3A%2F%2Fprod.static9.net.au%2Ffs%2Fa4ff5ff9-d01b-4b77-93ff-8c50e8f18c4e",
        "https://imageresizer.static9.net.au/1nviyzOSIroPiGPHfPQfRMkvznU=/1274x0/https%3A%2F%2Fprod.static9.net.au%2Ffs%2F08268995-cfb4-47e2-9617-343f27cc61c8",
        "https://www.imageresizer.static9.net.au/YeuJyUk0cZok225k57_IkR8TDBg=/88x37:641x590/636x0/https%3A%2F%2Fprod.static9.net.au%2Ffs%2Fa4ff5ff9-d01b-4b77-93ff-8c50e8f18c4e",
        "https://www.imageresizer.static9.net.au/IARd7qufmxMqNSuGv_EdoNChwQY=/636x0/https%3A%2F%2Fprod.static9.net.au%2Ffs%2F08268995-cfb4-47e2-9617-343f27cc61c8",
        "https://www.imageresizer.static9.net.au/WysQ_pOLtEz_DTbqpr_mfdz-MLw=/792x0/https%3A%2F%2Fprod.static9.net.au%2Ffs%2Fd95822c6-c21e-492d-82f2-448b419f9406",
        "https://instagram.com/reel/C1yEaLXPku4/?igsh=MzRlODBiNWFlZA%3D%3D",
        "https://instagram.com/p/C1ymN4nJTmt/?igsh=MzRlODBiNWFlZA%3D%3D&img_index=3",
        "https://www.imageresizer.static9.net.au/1nviyzOSIroPiGPHfPQfRMkvznU=/1274x0/https%3A%2F%2Fprod.static9.net.au%2Ffs%2F08268995-cfb4-47e2-9617-343f27cc61c8",
        "https://www.imageresizer.static9.net.au/x4pYoUkVEJLvKqeazTsTs6zRmQk=/396x0/https%3A%2F%2Fprod.static9.net.au%2Ffs%2Fd95822c6-c21e-492d-82f2-448b419f9406",
        "https://www.imageresizer.static9.net.au/dsF7tTYWEtSZGsQEIdtZBJp5L2w=/88x37:641x590/792x0/https%3A%2F%2Fprod.static9.net.au%2Ffs%2Fa4ff5ff9-d01b-4b77-93ff-8c50e8f18c4e",
        "https://www.imageresizer.static9.net.au/Xo8RyB_R3m6hbxL2T9XLb7BvPzc=/396x0/https%3A%2F%2Fprod.static9.net.au%2Ffs%2F08268995-cfb4-47e2-9617-343f27cc61c8",
        "https://www.imageresizer.static9.net.au/mg5hDKw5bKKN95m9AdlZzj8sK5U=/1274x0/https%3A%2F%2Fprod.static9.net.au%2Ffs%2Fd95822c6-c21e-492d-82f2-448b419f9406",
        "https://www.imageresizer.static9.net.au/F8ooFi0sse4zdkZIvXecPZkD7r8=/88x37:641x590/1274x0/https%3A%2F%2Fprod.static9.net.au%2Ffs%2Fa4ff5ff9-d01b-4b77-93ff-8c50e8f18c4e",
        "https://www.imageresizer.static9.net.au/ksQY0tV8vu42q6CPkLPV0fwjPXU=/88x37:641x590/396x0/https%3A%2F%2Fprod.static9.net.au%2Ffs%2Fa4ff5ff9-d01b-4b77-93ff-8c50e8f18c4e",
        "https://www.instagram.com/p/C1ymN4nJTmt/",
        "https://www.imageresizer.static9.net.au/c8hp-t3YFcUjlYix8yLjUIVT1y4=/636x0/https%3A%2F%2Fprod.static9.net.au%2Ffs%2Fd95822c6-c21e-492d-82f2-448b419f9406",
        "https://www.instagram.com/reel/C1yEaLXPku4/",
        "https://www.imageresizer.static9.net.au/B9kAYgBeSbTC09_oBIoRuLTp-XQ=/792x0/https%3A%2F%2Fprod.static9.net.au%2Ffs%2F08268995-cfb4-47e2-9617-343f27cc61c8"
    ],
    "external_images": [],
    "entities": {
        "persons": [
            {
                "name": "zachery williams",
                "sentiment": "negative"
            },
            {
                "name": "rachel",
                "sentiment": "negative"
            },
            {
                "name": "jack martin",
                "sentiment": "none"
            },
            {
                "name": "cher",
                "sentiment": "none"
            },
            {
                "name": "mikayla",
                "sentiment": "none"
            },
            {
                "name": "williams",
                "sentiment": "none"
            },
            {
                "name": "halle bailey",
                "sentiment": "none"
            },
            {
                "name": "mrs williams",
                "sentiment": "none"
            },
            {
                "name": "britt",
                "sentiment": "none"
            },
            {
                "name": "jack crisp",
                "sentiment": "none"
            }
        ],
        "organizations": [
            {
                "name": "afl",
                "sentiment": "negative"
            }
        ],
        "locations": [
            {
                "name": "melbou",
                "sentiment": "none"
            },
            {
                "name": "melbourne",
                "sentiment": "none"
            },
            {
                "name": "royal botanic gardens",
                "sentiment": "none"
            }
        ]
    },
    "rating": null,
    "crawled": "2024-01-08T00:05:58.938+02:00",
    "updated": "2024-01-08T01:09:29.769+02:00"
}