{
    "thread": {
        "uuid": "8a5bfba9ee12a4313783854dfbb5153069a2adf8",
        "url": "https://www.vakinha.com.br/vaquinha/ajude-a-isabelle-a-chegar-a-selecao-paraolimpica-de-judo",
        "site_full": "www.vakinha.com.br",
        "site": "vakinha.com.br",
        "site_section": "http://news.google.com/news?hl=pt-BR&gl=br&as_epq=&as_oq=jud%C3%B4+aikido+karat%C3%AA+mma+taekwondo+boxe+jiujitsu&as_eq=&as_scoring=n&as_drrb=q&as_qdr=a&as_nsrc=&as_occt=any&q=jud%C3%B4+OR+aikido+OR+karat%C3%AA+OR+mma+OR+taekwondo+OR+boxe+OR+jiujitsu&um=1&ie=UTF-8&output=rss",
        "site_categories": [
            "social"
        ],
        "section_title": "\"judô OR aikido OR karatê OR mma OR taekwondo OR boxe OR jiujitsu\" - Google Notícias",
        "title": "Ajude a Isabelle a chegar a seleção paraolímpica de judô - vakinha.com.br",
        "title_full": "Ajude a Isabelle a chegar a seleção paraolímpica de judô - vakinha.com.br",
        "published": "2024-01-07T21:04:00.000+02:00",
        "replies_count": 0,
        "participants_count": 0,
        "site_type": "news",
        "country": "BR",
        "main_image": "https://static.vakinha.com.br/uploads/vakinha/image/4356324/97ef056c-e2d1-4fdb-bb9d-68fca5b4c57d.jpeg?ims=340x170",
        "performance_score": 0,
        "domain_rank": 27031,
        "domain_rank_updated": "2024-01-02T12:06:49.000+02:00",
        "reach": null,
        "social": {
            "facebook": {
                "likes": 0,
                "comments": 0,
                "shares": 0
            },
            "gplus": {
                "shares": 0
            },
            "pinterest": {
                "shares": 0
            },
            "linkedin": {
                "shares": 0
            },
            "stumbledupon": {
                "shares": 0
            },
            "vk": {
                "shares": 0
            }
        }
    },
    "uuid": "8a5bfba9ee12a4313783854dfbb5153069a2adf8",
    "url": "https://www.vakinha.com.br/vaquinha/ajude-a-isabelle-a-chegar-a-selecao-paraolimpica-de-judo",
    "ord_in_thread": 0,
    "parent_url": null,
    "author": null,
    "published": "2024-01-07T21:04:00.000+02:00",
    "title": "Ajude a Isabelle a chegar a seleção paraolímpica de judô - vakinha.com.br",
    "text": "Essa vaquinha foi criada para ajudar Isabele, uma menina de 14 anos, que sonha em chegar a seleção brasileira paraolímpica de judô e contarei a história dela brevemente. Isabele conheceu o judô em um projeto escolar e começou a praticar o esporte no qual desde o início demonstrou muito esforço, empenho e talento. Infelizmente, o projeto escolar foi cancelado. Porém o professor, Marco Túlio, percebendo o desejo da atleta em praticar o esporte abriu as portas de sua academia para que pudesse treinar sem custos. Isabele possui uma doença chamada toxoplasmose ocular na qual gerou uma deficiência visual total no olho esquerdo (cegueira) e dessa forma foi inscrita e começou a disputar campeonatos na categoria paraolímpica. No final do ano de 2023 se sagrou campeã da Super Etapa da Associação Brasileira de Judô Inclusivo (ABJI). A paraatleta tem desejo e tem se esforçado muito nos treinos para conseguir chegar a seleção brasileira e participar das paraolimpíadas pelo nosso país. No entanto, para que ela seja classificada para uma paraolímpiada ela necessita participar dos campeonatos do ano de 2024 e treinar com judocas importantes. Dessa forma, ela precisa de ajuda para estar no campeonato de São Paulo em Santos, chamado de Shotyougueikoe, no qual ele deve treinar com 3 judocas que foram graduados para as paraolimpíadas. Abaixo o link da reportagem do jornal local, Tribuna de Minas:https://tribunademinas.com.br/noticias/esportes/10-12-2023/paratleta-jf-selecao-brasileira-judo.htmlContamos com sua ajuda.",
    "highlightText": "",
    "highlightTitle": "",
    "highlightThreadTitle": "",
    "language": "portuguese",
    "sentiment": "positive",
    "categories": [
        "Sport",
        "Human Interest"
    ],
    "external_links": [
        "https://tribunademinas.com.br/noticias/esportes/10-12-2023/paratleta-jf-selecao-brasileira-judo.htmlContamos",
        "https://www.tribunademinas.com.br/noticias/esportes/10-12-2023/paratleta-jf-selecao-brasileira-judo.htmlContamos"
    ],
    "external_images": [],
    "entities": {
        "persons": [],
        "organizations": [],
        "locations": []
    },
    "rating": null,
    "crawled": "2024-01-08T00:22:38.180+02:00",
    "updated": "2024-01-08T00:22:38.180+02:00"
}