{
    "thread": {
        "uuid": "5a8d61c3bb32c73f979edc840d38140f57a983a3",
        "url": "https://fr.audiofanzine.com/annonces-musiciens/trouver-un-groupe/a.play,id.149585.html",
        "site_full": "fr.audiofanzine.com",
        "site": "audiofanzine.com",
        "site_section": "https://fr.audiofanzine.com//annonces-musiciens/a.rss.xml",
        "site_categories": [
            "javascript",
            "tech"
        ],
        "section_title": "",
        "title": "Trio accoutique sympa cherche violoniste pour vibrer avec nous",
        "title_full": "Trio accoutique sympa cherche violoniste pour vibrer avec nous",
        "published": "2024-01-07T19:35:00.000+02:00",
        "replies_count": 0,
        "participants_count": 1,
        "site_type": "news",
        "country": "FR",
        "main_image": "https://img.audiofanzine.com/image.php?lang=fr&identifier=id&size=normal&module=artistClassified&classified_id=95803",
        "performance_score": 0,
        "domain_rank": 17053,
        "domain_rank_updated": "2024-01-02T12:06:49.000+02:00",
        "reach": null,
        "social": {
            "facebook": {
                "likes": 0,
                "comments": 0,
                "shares": 0
            },
            "gplus": {
                "shares": 0
            },
            "pinterest": {
                "shares": 0
            },
            "linkedin": {
                "shares": 0
            },
            "stumbledupon": {
                "shares": 0
            },
            "vk": {
                "shares": 0
            }
        }
    },
    "uuid": "5a8d61c3bb32c73f979edc840d38140f57a983a3",
    "url": "https://fr.audiofanzine.com/annonces-musiciens/trouver-un-groupe/a.play,id.149585.html",
    "ord_in_thread": 0,
    "parent_url": null,
    "author": "Camusmonamour",
    "published": "2024-01-07T19:35:00.000+02:00",
    "title": "Trio accoutique sympa cherche violoniste pour vibrer avec nous",
    "text": "DescriptionNous sommes un petit trio formé d'une chanteuse, d'un guitariste et d'un contrebassiste et nous cherchons notre 4éme corde pour vibrer avec nous sur des reprises que nous faisons nôtre avec joie et simplicité.\nNotre répertoire s'enrichit régulièrement de nouveaux morceaux. Parmi les prochains Renan Luce, Brassens et d'autres nous attendent.\nSachant que nous nous sommes déjà régalés avec:\nMuddy water, LP\nWonderwall, Oasis\nLa Seine, Vanessa Paradis et M\nLe carnet à spirale, W.Scheler\nLemon tree, Fool's garden\nPlain gold ring, Nina Simone\nAin't no sunshine, Bill Waters\nWayfaring stanger, J. Cash\nSmell liké teen spirit, version Pathy Smith ...\nNous répétons chaque vendredi soir généralement à Dardilly pendant 2h.\nPetits concerts privés et dans de petites salles débutés au printemps dernier. Mais avant tout c'est la convivialité qui nous rassemble autour de la musique.\nN'hésite pas, si tu veux nous rencontrer on se fera une joie de t'accueillir. Envoie de vidéos possible.\nA très bientôt.",
    "highlightText": "",
    "highlightTitle": "",
    "highlightThreadTitle": "",
    "language": "french",
    "sentiment": "positive",
    "categories": [
        "Arts, Culture and Entertainment",
        "Lifestyle and Leisure",
        "Human Interest"
    ],
    "external_links": [],
    "external_images": [],
    "entities": {
        "persons": [],
        "organizations": [],
        "locations": []
    },
    "rating": null,
    "crawled": "2024-01-08T00:13:06.995+02:00",
    "updated": "2024-01-08T00:13:06.995+02:00"
}