{
    "thread": {
        "uuid": "922fd92d7901e4a54aaac3030329c8db93601f28",
        "url": "https://ktvz.com/cnn-spanish/2024/01/07/halle-bailey-que-nunca-confirmo-que-estuviera-embarazada-anuncia-el-nacimiento-de-su-bebe/",
        "site_full": "ktvz.com",
        "site": "ktvz.com",
        "site_section": "https://ktvz.com/feed/",
        "site_categories": [
            "media"
        ],
        "section_title": "KTVZ",
        "title": "Halle Bailey, que nunca confirmó que estuviera embarazada, anuncia el nacimiento de su bebé",
        "title_full": "Halle Bailey, que nunca confirmó que estuviera embarazada, anuncia el nacimiento de su bebé",
        "published": "2024-01-08T00:27:00.000+02:00",
        "replies_count": 0,
        "participants_count": 1,
        "site_type": "news",
        "country": "US",
        "main_image": "https://ktvz.b-cdn.net/2023/08/T6W6K2eT-ktvz-860x484.jpg",
        "performance_score": 0,
        "domain_rank": 13442,
        "domain_rank_updated": "2024-01-02T12:06:49.000+02:00",
        "reach": null,
        "social": {
            "facebook": {
                "likes": 0,
                "comments": 0,
                "shares": 0
            },
            "gplus": {
                "shares": 0
            },
            "pinterest": {
                "shares": 0
            },
            "linkedin": {
                "shares": 0
            },
            "stumbledupon": {
                "shares": 0
            },
            "vk": {
                "shares": 0
            }
        }
    },
    "uuid": "922fd92d7901e4a54aaac3030329c8db93601f28",
    "url": "https://ktvz.com/cnn-spanish/2024/01/07/halle-bailey-que-nunca-confirmo-que-estuviera-embarazada-anuncia-el-nacimiento-de-su-bebe/",
    "ord_in_thread": 0,
    "parent_url": null,
    "author": "CNN Newsource",
    "published": "2024-01-08T00:27:00.000+02:00",
    "title": "Halle Bailey, que nunca confirmó que estuviera embarazada, anuncia el nacimiento de su bebé",
    "text": "Halle Bailey, que nunca confirmó que estuviera embarazada, anuncia el nacimiento de su bebé\n(CNN) — La cantante y estrella de “La Sirenita” Halle Bailey da la bienvenida a un nuevo bebé que formará parte de su mundo.\n“Aunque llevamos pocos días de año nuevo, lo mejor que ha podido hacer 2023 por mí ha sido traerme a mi hijo”, escribió Bailey en su cuenta de Instagram junto a una foto en la que se ve la mano de su hijo recién nacido con una pulsera de oro con su nombre, “Halo”, grabado.\n“Bienvenido al mundo, mi halo”, escribió. “El mundo está ansioso por conocerte”.\nHalle Bailey comparte un momento difícil que vivió en la grabación de “The Little Mermaid”\nEl novio de Bailey, el rapero DDG, publicó la misma foto en su Instagram este sábado, y escribió: “mi mayor bendición por mucho” y que “nunca había estado tan enamorado”.\nLa pareja, a la que se vincula sentimentalmente desde 2022, no había confirmado que estuvieran esperando un bebé, por lo que el anuncio de este sábado fue una sorpresa.\nAunque no se pronunció sobre el crecimiento de su familia, Bailey ya había hablado de su floreciente relación con DDG en una entrevista de 2022 con la revista British Vogue en la que dijo que “experimentar un amor profundo por primera vez en mi vida es algo que creo que me ha abierto un mundo completamente nuevo desde el punto de vista creativo”.\n“Me gustan todos los sentimientos aterradores que vienen con eso. Me gusta el suspenso, el no saber qué va a pasar, y siento que eso es lo que se supone que tengo que vivir en la feminidad”, añadió.\nEste es el primer hijo en común de Bailey y DDG.\nThe-CNN-Wire\n™ & © 2024 Cable News Network, Inc., a Warner Bros. Discovery Company. All rights reserved.",
    "highlightText": "",
    "highlightTitle": "",
    "highlightThreadTitle": "",
    "language": "spanish",
    "sentiment": "positive",
    "categories": [
        "Lifestyle and Leisure",
        "Human Interest",
        "Arts, Culture and Entertainment"
    ],
    "external_links": [],
    "external_images": [],
    "entities": {
        "persons": [],
        "organizations": [],
        "locations": []
    },
    "rating": null,
    "crawled": "2024-01-08T00:43:43.384+02:00",
    "updated": "2024-01-08T00:43:43.384+02:00"
}