{
    "thread": {
        "uuid": "a305f2412ec1fde59fbfbdfed4e18efc920c0fc0",
        "url": "https://www.brighteon.com/9d6c2e52-b9b7-4c18-8228-f9955c2b3a7f",
        "site_full": "www.brighteon.com",
        "site": "brighteon.com",
        "site_section": "https://brighteon.com/channels/breannamorello",
        "site_categories": [],
        "section_title": "Brighteon",
        "title": "Breanna Morello | Fmr Fox Corp Producer Speaks Out After Company Tries Forcing Her To Take The Covid Jab - Flyover In Studio Interview",
        "title_full": "Breanna Morello | Fmr Fox Corp Producer Speaks Out After Company Tries Forcing Her To Take The Covid Jab - Flyover In Studio Interview",
        "published": "2024-01-07T20:06:00.000+02:00",
        "replies_count": 0,
        "participants_count": 1,
        "site_type": "news",
        "country": "US",
        "main_image": "https://photos.brighteon.com/file/brighteon-thumbnails/poster/facc836b-1a25-4d6d-a61d-a47ea8b6cfd2",
        "performance_score": 0,
        "domain_rank": 16086,
        "domain_rank_updated": "2024-01-02T12:06:49.000+02:00",
        "reach": null,
        "social": {
            "facebook": {
                "likes": 0,
                "comments": 0,
                "shares": 0
            },
            "gplus": {
                "shares": 0
            },
            "pinterest": {
                "shares": 0
            },
            "linkedin": {
                "shares": 0
            },
            "stumbledupon": {
                "shares": 0
            },
            "vk": {
                "shares": 0
            }
        }
    },
    "uuid": "a305f2412ec1fde59fbfbdfed4e18efc920c0fc0",
    "url": "https://www.brighteon.com/9d6c2e52-b9b7-4c18-8228-f9955c2b3a7f",
    "ord_in_thread": 0,
    "parent_url": null,
    "author": "MyPodcastDropped2320",
    "published": "2024-01-07T20:06:00.000+02:00",
    "title": "Breanna Morello | Fmr Fox Corp Producer Speaks Out After Company Tries Forcing Her To Take The Covid Jab - Flyover In Studio Interview",
    "text": "Tonight at 8:30 pm CST, on the Flyover Conservatives show we are tackling the most important things going on RIGHT NOW from a Conservative Christian perspective!\nTO WATCH ALL FLYOVER CONSERVATIVES SHOWS -\nhttps://flyover.live/media/series/qhfzzzr/the-flyover-conservatives-show\nTO WATCH ALL FLYOVER CONTENT: www.theflyoverapp.com\nBreanna Morello is a former Fox Corp, Newsmax, local news, MLB producer. She has also spent several years reporting on the issues that matter most. After Fox Corp threatened to put Breanna on unpaid leave for not getting the Covid jab, she left the corporate media world and made her way into independent journalism. Breanna's goal is simple. She aims to be a truth seeker and amplify her findings through her new podcast.\nBreanna Morello\nWEBSITE: www.breannamorello.com\nRUMBLE: https://rumble.com/c/TheBreannaMorelloShow\nTWITTER: https://twitter.com/BreannaMorello\nSUBSTACK: https://breannamorello.substack.com/\nTO WATCH ALL FLYOVER CONTENT: theflyoverapp.com\nSPONSORS FOR TODAY’S VIDEO\n► ReAwaken America- text the word EVENTS to 40509\n(Message and data rates may apply. Terms/privacy: 40509-info.com)\n► Kirk Elliott PHD - http://FlyoverGold.com\n► My Pillow - https://MyPillow.com/Flyover\n► Z-Stack - https://flyoverhealth.com\n► Dr. Jason Dean (BraveTV) - https://parakiller.com\n► Patriot Mobile - www.patriotmobile.com/flyover\nWant to help spread the Wake Up • Speak Up • Show Up -\nhttps://shop.flyoverconservatives.com/\nFollow our Social Media so we can be best friends\n💬Telegram: https://t.me/FlyoverConservatives\n🐦Twitter: https://twitter.com/davidmwhited\n🏘FB Community: https://www.facebook.com/groups/flyoverconservatives\n📱FB Page: https://www.facebook.com/flyoverconservatives\n📸Instagram: https://www.instagram.com/flyoverconservatives/\n🧑‍💻Website: https://flyoverconservatives.com\n► ALL LINKS: https://sociatap.com/FlyoverConservatives\n► Sign Up For Our Newsletter! -https://bit.ly/flyovernewsletter\n► Support Flyover Directly - https://www.flyoverconservatives.com/donate\n► Get $50 off of Dr. Sherwood’s 13 Week Course to Reset Your Life-\nhttp://DoctorSoGood.com\n► Get The TuttleTwins Books Today - http://FlyoverTwins.com\n► Get 5% Off Of Dr. Zelenko’s Protocol ZStack at - http://FlyoverHealth.com\n► Support a Family Owned, Pro-Life Woman Merch Store\n🛍 https://col1972.com/discount/Flyover",
    "highlightText": "",
    "highlightTitle": "",
    "highlightThreadTitle": "",
    "language": "english",
    "sentiment": "positive",
    "categories": [
        "Politics",
        "Human Interest",
        "Religion and Belief"
    ],
    "external_links": [
        "https://flyoverhealth.com",
        "https://sociatap.com/FlyoverConservatives",
        "https://breannamorello.substack.com/",
        "https://twitter.com/davidmwhited",
        "https://flyoverconservatives.com",
        "https://shop.flyoverconservatives.com/",
        "https://www.facebook.com/flyoverconservatives",
        "https://MyPillow.com/Flyover",
        "https://www.flyoverconservatives.com/donate",
        "https://www.instagram.com/flyoverconservatives/",
        "https://bit.ly/flyovernewsletter",
        "http://FlyoverGold.com",
        "http://DoctorSoGood.com",
        "http://FlyoverTwins.com",
        "https://col1972.com/discount/Flyover",
        "https://flyover.live/media/series/qhfzzzr/the-flyover-conservatives-show",
        "https://parakiller.com",
        "http://FlyoverHealth.com",
        "https://t.me/FlyoverConservatives",
        "https://twitter.com/BreannaMorello",
        "https://rumble.com/c/TheBreannaMorelloShow",
        "https://www.facebook.com/groups/flyoverconservatives",
        "https://www.t.me/FlyoverConservatives",
        "https://www.bit.ly/flyovernewsletter",
        "https://www.flyover.live/media/series/qhfzzzr/the-flyover-conservatives-show",
        "http://www.FlyoverTwins.com",
        "http://www.FlyoverHealth.com",
        "https://www.col1972.com/discount/Flyover",
        "https://instagram.com/flyoverconservatives/",
        "https://www.shop.flyoverconservatives.com/",
        "https://breannamorello.substack.com",
        "https://www.flyoverhealth.com",
        "https://www.rumble.com/c/TheBreannaMorelloShow",
        "https://flyoverconservatives.com/donate",
        "https://www.instagram.com/flyoverconservatives",
        "https://www.MyPillow.com/Flyover",
        "https://www.twitter.com/BreannaMorello",
        "http://www.DoctorSoGood.com",
        "https://www.flyoverconservatives.com",
        "http://www.FlyoverGold.com",
        "https://shop.flyoverconservatives.com",
        "https://www.sociatap.com/FlyoverConservatives",
        "https://facebook.com/flyoverconservatives",
        "https://facebook.com/groups/flyoverconservatives",
        "https://www.twitter.com/davidmwhited",
        "https://www.parakiller.com",
        "https://www.breannamorello.substack.com/"
    ],
    "external_images": [],
    "entities": {
        "persons": [
            {
                "name": "breanna morello",
                "sentiment": "negative"
            },
            {
                "name": "breanna",
                "sentiment": "none"
            }
        ],
        "organizations": [
            {
                "name": "fmr fox corp",
                "sentiment": "negative"
            },
            {
                "name": "mlb",
                "sentiment": "none"
            },
            {
                "name": "newsmax",
                "sentiment": "none"
            },
            {
                "name": "fox corp",
                "sentiment": "none"
            }
        ],
        "locations": [
            {
                "name": "america",
                "sentiment": "none"
            }
        ]
    },
    "rating": null,
    "crawled": "2024-01-08T00:29:17.061+02:00",
    "updated": "2024-01-08T00:29:17.061+02:00"
}