{
    "thread": {
        "uuid": "6d22db5ff153bc4d4547a87839e824527918756b",
        "url": "https://lifestyle.thecable.ng/seven-new-years-resolutions-for-prosperous-business/",
        "site_full": "lifestyle.thecable.ng",
        "site": "thecable.ng",
        "site_section": "https://www.thecable.ng",
        "site_categories": [
            "media"
        ],
        "section_title": "Home | TheCable",
        "title": "Seven New Year’s resolutions for prosperous business",
        "title_full": "Seven New Year’s resolutions for prosperous business",
        "published": "2024-01-07T07:39:00.000+02:00",
        "replies_count": 0,
        "participants_count": 1,
        "site_type": "news",
        "country": "NG",
        "main_image": "https://w9r9i7y2.stackpathcdn.com/wp-content/uploads/2024/01/naira.jpg",
        "performance_score": 0,
        "domain_rank": 20211,
        "domain_rank_updated": "2024-01-02T12:06:49.000+02:00",
        "reach": null,
        "social": {
            "facebook": {
                "likes": 0,
                "comments": 0,
                "shares": 0
            },
            "gplus": {
                "shares": 0
            },
            "pinterest": {
                "shares": 0
            },
            "linkedin": {
                "shares": 0
            },
            "stumbledupon": {
                "shares": 0
            },
            "vk": {
                "shares": 0
            }
        }
    },
    "uuid": "6d22db5ff153bc4d4547a87839e824527918756b",
    "url": "https://lifestyle.thecable.ng/seven-new-years-resolutions-for-prosperous-business/",
    "ord_in_thread": 0,
    "parent_url": null,
    "author": "Muhibat Sulaimon",
    "published": "2024-01-07T07:39:00.000+02:00",
    "title": "Seven New Year’s resolutions for prosperous business",
    "text": "The past year posed numerous challenges for everyone as well as [businesses](https://en.wikipedia.org/wiki/Business) across [Nigeria](https://en.wikipedia.org/wiki/Nigeria). These challenges hindered businesses from realising the goals set for 2023. However, the beginning of 2024 is a perfect period for businesses to reevaluate their visions, goals and expectations for the new year. In 2024, here are resolutions you can consider adopting to propel your business toward prosperity and success. - Reflect on the previous year Reflecting on 2023 is a crucial step in setting resolutions for the new year. While reflecting on the previous year in your businesses, you would be able to know what worked well, and the achievements, identify areas for improvement, and learn from challenges or setbacks. This creates a form of self-awareness which will help in setting realistic and achievable resolutions and goals. - Do better with goal-setting Some setbacks businesses face are mostly from a lack of well-written goals. Some goals are ill-defined, difficult to track, and hard to hold the business accountable to. So this year, make sure your goals are SMART — specific, measurable, achievable, relevant, and time. Having a SMART goal will give you clarity which will help guide your efforts and measure success as you proceed. However, make sure the goals you want to set are aligned with your business’ vision and mission statement, address key areas for development, and be subject to regular review. - Improve online presence There is no doubt that social media is now a major marketing tool for business that wants to prosper. It is known that every facet of life is going virtual so any smart business owner should be setting themselves up for success in the online space. This year, you should increase your online presence. Invest in a robust online presence, including a user-friendly website and active engagement on social media. Leverage digital marketing strategies to reach a wider audience and boost brand visibility. Also, explore new technologies and innovations that can improve efficiency, and enhance the customer experience. - Create a more positive work environment For a more productive business, owners need to focus on fostering a positive work environment for the workers as well as the customers. The business should be open to feedback from employees and customers as well as listening and responding to their needs. You should recognize the importance of your team’s well-being. Implement initiatives that promote a healthy work-life balance, provide professional development opportunities, and foster a positive workplace culture. Remember, a happy team is a productive team. - Cultivate learning culture It is known that if you want to be better at what you do, you need to learn continuously. Encourage employees to share knowledge, seek professional development opportunities, and stay curious about industry advancements. Do not be stagnant, always look for knowledge and experience that will make your business better. - Improve financial management Monitoring the finances of a business is quite important because that is the major foundation of the business. This year, ensure to adopt better financial management practices including budgeting, monitoring cash flow, and exploring investment opportunities. Also, you can always handle every part of your business alone no matter how small. You can also seek professional financial advice when needed. These professionals can provide valuable insights, conduct financial audits, and offer guidance on optimizing financial strategies tailored to the specific needs of the business. - Strengthen customer relationships Customers are always right so you need to put them first to have a prosperous business. It is easy to be overwhelmed with the business goals, ambitions and targets for the year and forget customers’ wants and needs. However, as a business owner, you need to be intentional about adopting a customer-first approach to ensure that your brand continues to resonate with your target audience. To build a strong customer relationship, you can include personalized communication, loyalty programs, and actively seeking and responding to feedback and complaints. The year started on a Monday remember, meaning it is standing on business. You should do the same. Copyright 2024 TheCable. All rights reserved. This material, and other digital content on this website, may not be reproduced, published, broadcast, rewritten or redistributed in whole or in part without prior express written permission from TheCable. Follow us on twitter [@Thecablestyle](https://twitter.com/Thecablestyle)",
    "highlightText": "",
    "highlightTitle": "",
    "highlightThreadTitle": "",
    "language": "english",
    "sentiment": "positive",
    "categories": [
        "Human Interest",
        "Economy, Business and Finance",
        "Social Issue"
    ],
    "external_links": [
        "https://en.wikipedia.org/wiki/Nigeria).",
        "https://twitter.com/Thecablestyle)",
        "https://en.wikipedia.org/wiki/Business)",
        "https://www.en.wikipedia.org/wiki/Business)",
        "https://www.twitter.com/Thecablestyle)",
        "https://www.en.wikipedia.org/wiki/Nigeria)."
    ],
    "external_images": [],
    "entities": {
        "persons": [],
        "organizations": [],
        "locations": [
            {
                "name": "nigeria",
                "sentiment": "none"
            }
        ]
    },
    "rating": null,
    "crawled": "2024-01-08T00:20:07.020+02:00",
    "updated": "2024-01-08T00:20:07.020+02:00"
}