{
    "thread": {
        "uuid": "14cf68382436b3780756caa494099521aaed4b29",
        "url": "https://ground.news/article/ukraines-gdp-grows-almost-5-in-2023-economy-minister",
        "site_full": "ground.news",
        "site": "ground.news",
        "site_section": "https://ground.news/interest/ukraine-economy",
        "site_categories": [],
        "section_title": "Ukraine Economy Breaking News Headlines Today | Ground News",
        "title": "Ground News - Ukraine's GDP grows almost 5% in 2023: economy minister",
        "title_full": "Ground News - Ukraine's GDP grows almost 5% in 2023: economy minister",
        "published": "2023-12-28T18:05:00.000+02:00",
        "replies_count": 0,
        "participants_count": 1,
        "site_type": "news",
        "country": "CA",
        "main_image": "https://web-api-cdn.ground.news/api/v04/images/story/rss_10579_1703782020708_6/webMetaImg?v=1",
        "performance_score": 0,
        "domain_rank": 29780,
        "domain_rank_updated": "2023-12-26T12:06:20.000+02:00",
        "reach": null,
        "social": {
            "facebook": {
                "likes": 0,
                "comments": 0,
                "shares": 0
            },
            "gplus": {
                "shares": 0
            },
            "pinterest": {
                "shares": 0
            },
            "linkedin": {
                "shares": 0
            },
            "stumbledupon": {
                "shares": 0
            },
            "vk": {
                "shares": 0
            }
        }
    },
    "uuid": "14cf68382436b3780756caa494099521aaed4b29",
    "url": "https://ground.news/article/ukraines-gdp-grows-almost-5-in-2023-economy-minister",
    "ord_in_thread": 0,
    "parent_url": null,
    "author": "CGTN",
    "published": "2023-12-28T18:05:00.000+02:00",
    "title": "Ground News - Ukraine's GDP grows almost 5% in 2023: economy minister",
    "text": "Summary by CGTN Ukraine's gross domestic product (GDP) grew by almost 5 percent this year, Yulia Svyrydenko, the country's economy minister, said on Thursday.\"The main figure that characterizes this year in the economy is almost 5% GDP growth. Our economy not only did Share menu More\nFilters 1 Articles 1 Articles All Left Center Right\nCGTN Lean Left Mixed Factuality Government: Chinese Communist Party Ukraine's GDP grows almost 5% in 2023: economy minister Ukraine's gross domestic product (GDP) grew by almost 5 percent this year, Yulia Svyrydenko, the country's economy minister, said on Thursday.\"The main figure that characterizes this year in the economy is almost 5% GDP growth. Our economy not only did\n10 hours ago · Beijing, China Read Full Article\nCGTN Lean Left Mixed Factuality Government: Chinese Communist Party\nUkraine's GDP grows almost 5% in 2023: economy minister Ukraine's gross domestic product (GDP) grew by almost 5 percent this year, Yulia Svyrydenko, the country's economy minister, said on Thursday.\"The main figure that characterizes this year in the economy is almost 5% GDP growth. Our economy not only did\n10 hours ago · Beijing, China Read Full Article Think freely. Subscribe and get full access to Ground News Subscriptions start at $9.99/year Subscribe",
    "highlightText": "",
    "highlightTitle": "",
    "highlightThreadTitle": "",
    "language": "english",
    "sentiment": "positive",
    "categories": [
        "Economy, Business and Finance"
    ],
    "external_links": [
        "https://news.cgtn.com/news/2023-12-28/Ukraine-s-GDP-grows-almost-5-in-2023-economy-minister-1pUnWMWDcXu/p.html?utm_source=ground.news&utm_medium=referral",
        "https://www.news.cgtn.com/news/2023-12-28/Ukraine-s-GDP-grows-almost-5-in-2023-economy-minister-1pUnWMWDcXu/p.html?utm_source=ground.news&utm_medium=referral",
        "https://news.cgtn.com/news/2023-12-28/Ukraine-s-GDP-grows-almost-5-in-2023-economy-minister-1pUnWMWDcXu/p.html"
    ],
    "external_images": [],
    "entities": {
        "persons": [
            {
                "name": "yulia svy",
                "sentiment": "negative"
            },
            {
                "name": "yulia svyrydenko",
                "sentiment": "none"
            }
        ],
        "organizations": [],
        "locations": [
            {
                "name": "ukraine",
                "sentiment": "none"
            },
            {
                "name": "beijing",
                "sentiment": "none"
            },
            {
                "name": "china",
                "sentiment": "none"
            }
        ]
    },
    "rating": null,
    "crawled": "2023-12-29T00:43:13.199+02:00",
    "updated": "2023-12-29T00:43:13.199+02:00"
}