{
    "thread": {
        "uuid": "972029cc160843234160f7a5e07a1767c3103850",
        "url": "https://felixgecx72838.pages10.com/revitalize-your-business-with-mobile-fleet-wash-services-59777260",
        "site_full": "felixgecx72838.pages10.com",
        "site": "pages10.com",
        "site_section": "https://pages10.com/rss-homepage.php?1",
        "site_categories": [],
        "section_title": "pages10.com RSS feed",
        "title": "Revitalize Your Business with Mobile Fleet Wash Services",
        "title_full": "Revitalize Your Business with Mobile Fleet Wash Services",
        "published": "2023-12-28T19:38:00.000+02:00",
        "replies_count": 0,
        "participants_count": 1,
        "site_type": "news",
        "country": "IN",
        "main_image": "",
        "performance_score": 0,
        "domain_rank": 6184,
        "domain_rank_updated": "2023-12-26T12:06:20.000+02:00",
        "reach": null,
        "social": {
            "facebook": {
                "likes": 0,
                "comments": 0,
                "shares": 0
            },
            "gplus": {
                "shares": 0
            },
            "pinterest": {
                "shares": 0
            },
            "linkedin": {
                "shares": 0
            },
            "stumbledupon": {
                "shares": 0
            },
            "vk": {
                "shares": 0
            }
        }
    },
    "uuid": "972029cc160843234160f7a5e07a1767c3103850",
    "url": "https://felixgecx72838.pages10.com/revitalize-your-business-with-mobile-fleet-wash-services-59777260",
    "ord_in_thread": 0,
    "parent_url": null,
    "author": "Felixgecx",
    "published": "2023-12-28T19:38:00.000+02:00",
    "title": "Revitalize Your Business with Mobile Fleet Wash Services",
    "text": "Maintaining a fleet of vehicles, whether for your business or organization, can be a daunting task. Clean, well-maintained vehicles not only project a professional image but also extend the lifespan of your assets. In today's fast-paced world, traditional methods of fleet cleaning are often impractical. This is where mobile fleet wash services come to the rescue. In this blog, we will explore the benefits of mobile fleet wash and how it can revitalize your business.\nPro-Clean Mobile Wash\nThe Mobile Fleet Wash Advantage\nConvenience at Your Doorstep\nOne of the primary advantages of mobile fleet wash services is the convenience they offer. Imagine having a professional team arrive at your location, whether it's your office, a construction site, or a distribution center, to clean your entire fleet. This eliminates the need for you to transport your vehicles to a distant cleaning facility, saving time and operational costs.\nTime Efficiency\nTime is money, and mobile fleet wash services can help you save both. With a mobile wash crew at your disposal, you can schedule cleanings at times that are most convenient for your business operations. This ensures minimal downtime, allowing your fleet to remain on the road, where it belongs.\nClick Here\nCost Savings\nTraditional fleet cleaning services can be costly, especially when you factor in transportation costs, employee wages, and the use of water and cleaning supplies. Mobile fleet wash services are cost-effective because they bring all the necessary equipment, water, and cleaning supplies directly to your location. This eliminates the need for costly resources and streamlines the cleaning process.\nEnvironmentally Friendly\nMobile fleet wash services often utilize eco-friendly cleaning products and are equipped with water recovery systems to minimize water usage. This not only reduces your environmental footprint but also helps you adhere to environmental regulations.\nCustomized Cleaning\nMobile fleet wash professionals have the expertise and equipment to handle various types of vehicles, from trucks to buses to vans. They tailor their services to meet your specific cleaning needs, ensuring that your fleet looks its best and maintains its functionality.\nProtecting Your Investment\nRegularly scheduled mobile fleet washes can significantly extend the lifespan of your vehicles. Removing dirt, grime, and contaminants from the surface helps prevent corrosion and damage, preserving the appearance and structural integrity of your fleet.\nProfessional Image\nA well-maintained fleet reflects positively on your business. It conveys a sense of professionalism, reliability, and attention to detail, which can leave a lasting impression on clients, partners, and the public.\nConclusion\nMobile fleet wash services offer an efficient and cost-effective solution for maintaining the cleanliness and functionality of your fleet. By bringing the cleaning process directly to your doorstep, these services provide convenience and time savings while upholding environmental standards. Moreover, a well-maintained fleet enhances your professional image and protects your investment.\nIf you're looking to revitalize your business and keep your fleet in pristine condition, consider the advantages of mobile fleet wash services. This innovative approach to fleet maintenance can help you stay ahead in today's competitive business landscape.\nmobile fleet wash\nRevitalize Your Business with Mobile Fleet Wash Services\nMaintaining a fleet of vehicles, whether for your business or organization, can be a daunting task. Clean, well-maintained vehicles not only project a professional image but also extend the lifespan of your assets. In today's fast-paced world, traditional methods of fleet cleaning are often impractical. This is where mobile fleet wash services come to the rescue. In this blog, we will explore the benefits of mobile fleet wash and how it can revitalize your business.",
    "highlightText": "",
    "highlightTitle": "",
    "highlightThreadTitle": "",
    "language": "english",
    "sentiment": "positive",
    "categories": [
        "Economy, Business and Finance",
        "Environment",
        "Lifestyle and Leisure"
    ],
    "external_links": [
        "https://procleanmobilewash.ca/portfolio/truck-fleet-wash/",
        "https://maps.app.goo.gl/5A6fAQ6AoUCy7uNZ7",
        "https://procleanmobilewash.ca/portfolio/truck-fleet-wash",
        "https://www.maps.app.goo.gl/5A6fAQ6AoUCy7uNZ7",
        "https://www.procleanmobilewash.ca/portfolio/truck-fleet-wash/"
    ],
    "external_images": [],
    "entities": {
        "persons": [],
        "organizations": [
            {
                "name": "time efficiency time",
                "sentiment": "none"
            }
        ],
        "locations": []
    },
    "rating": null,
    "crawled": "2023-12-29T00:58:59.891+02:00",
    "updated": "2023-12-29T00:58:59.891+02:00"
}