{
    "thread": {
        "uuid": "aaf5960a5be14fc42cb98178c8e9ee080815c594",
        "url": "https://www.europapress.es/asturias/noticia-acertante-aviles-asturias-gana-mas-11-millones-sorteo-primitiva-20231228233024.html",
        "site_full": "www.europapress.es",
        "site": "europapress.es",
        "site_section": "https://www.europapress.es/noticias/",
        "site_categories": [
            "media"
        ],
        "section_title": "\r\n\t Últimas Noticias - EUROPA PRESS\r\n",
        "title": "Un acertante en Avilés (Asturias) gana más de 1,1 millones en el sorteo de 'La Primitiva'",
        "title_full": "Un acertante en Avilés (Asturias) gana más de 1,1 millones en el sorteo de 'La Primitiva'",
        "published": "2023-12-29T00:30:00.000+02:00",
        "replies_count": 0,
        "participants_count": 1,
        "site_type": "news",
        "country": "ES",
        "main_image": "https://img.europapress.es/fotoweb/fotonoticia_20231228233024_1200.jpg",
        "performance_score": 0,
        "domain_rank": 2692,
        "domain_rank_updated": "2023-12-26T12:06:20.000+02:00",
        "reach": null,
        "social": {
            "facebook": {
                "likes": 0,
                "comments": 0,
                "shares": 0
            },
            "gplus": {
                "shares": 0
            },
            "pinterest": {
                "shares": 0
            },
            "linkedin": {
                "shares": 0
            },
            "stumbledupon": {
                "shares": 0
            },
            "vk": {
                "shares": 0
            }
        }
    },
    "uuid": "aaf5960a5be14fc42cb98178c8e9ee080815c594",
    "url": "https://www.europapress.es/asturias/noticia-acertante-aviles-asturias-gana-mas-11-millones-sorteo-primitiva-20231228233024.html",
    "ord_in_thread": 0,
    "parent_url": null,
    "author": "Europa Press",
    "published": "2023-12-29T00:30:00.000+02:00",
    "title": "Un acertante en Avilés (Asturias) gana más de 1,1 millones en el sorteo de 'La Primitiva'",
    "text": "MADRID, 28 Dic. (EUROPA PRESS) -\nEl dueño de un boleto de 'La Primitiva' validado en Avilés (Asturias) percibirá más 1,1 millones de euros al haber sido el único acertante de Primera Categoría en el sorteo celebrado este jueves, según informó Loterías y Apuestas del Estado.\nEl boleto ganador ha sido validado en la Administración de Loterías número 3 de Avilés (Asturias), situada en avenida Santa Apolonia. Su propietario cobrará en total de 1.123.054,41 euros.\nLa combinación ganadora del sorteo de la Primitiva celebrado este jueves, 28 de diciembre, ha estado formada por los números 3, 11, 23, 45, 47 y 48. El número complementario es el 19 y el reintegro, el 1. El Joker ha sido 6750664 y la recaudación ha ascendido a 10.533.676,00 euros.\nEn el sorteo de La Primitiva de hoy no existen boletos acertantes de Categoría Especial, por lo que con el bote generado que se pondrá en juego en el próximo sorteo de La Primitiva, un único acertante de Primera Categoría con Categoría Especial podría ganar 4 millones de euros.\nDe Segunda Categoría (cinco aciertos más complementario) existen cinco boletos acertantes que han sido validados en la Administración de Loterías número 270 de Barcelona; en la número 4 de Bilbao; en la número 50 de Murcia; en la número 65 de Sevilla y en el Despacho Receptor número 81.935 de Alaquàs (Valencia).\nMás información Lotería Primitiva",
    "highlightText": "",
    "highlightTitle": "",
    "highlightThreadTitle": "",
    "language": "spanish",
    "sentiment": "positive",
    "categories": [
        "Human Interest",
        "Economy, Business and Finance"
    ],
    "external_links": [],
    "external_images": [],
    "entities": {
        "persons": [],
        "organizations": [],
        "locations": []
    },
    "rating": null,
    "crawled": "2023-12-29T00:49:56.641+02:00",
    "updated": "2023-12-29T00:49:56.641+02:00"
}