{
    "thread": {
        "uuid": "66f04e86ca2e659b12fef67f266755047efbc8df",
        "url": "https://ground.news/article/sudburys-hospital-draw-friday-will-be-worth-more-than-1-million",
        "site_full": "ground.news",
        "site": "ground.news",
        "site_section": "https://ground.news/interest/canada-economy",
        "site_categories": [],
        "section_title": "Canadian Economy Breaking News Headlines Today | Ground News",
        "title": "Ground News - Sudbury's hospital draw Friday will be worth more than $1 million",
        "title_full": "Ground News - Sudbury's hospital draw Friday will be worth more than $1 million",
        "published": "2023-12-28T22:13:00.000+02:00",
        "replies_count": 0,
        "participants_count": 1,
        "site_type": "news",
        "country": "CA",
        "main_image": "",
        "performance_score": 0,
        "domain_rank": 29780,
        "domain_rank_updated": "2023-12-26T12:06:20.000+02:00",
        "reach": null,
        "social": {
            "facebook": {
                "likes": 0,
                "comments": 0,
                "shares": 0
            },
            "gplus": {
                "shares": 0
            },
            "pinterest": {
                "shares": 0
            },
            "linkedin": {
                "shares": 0
            },
            "stumbledupon": {
                "shares": 0
            },
            "vk": {
                "shares": 0
            }
        }
    },
    "uuid": "66f04e86ca2e659b12fef67f266755047efbc8df",
    "url": "https://ground.news/article/sudburys-hospital-draw-friday-will-be-worth-more-than-1-million",
    "ord_in_thread": 0,
    "parent_url": null,
    "author": "Ground News",
    "published": "2023-12-28T22:13:00.000+02:00",
    "title": "Ground News - Sudbury's hospital draw Friday will be worth more than $1 million",
    "text": "Summary by Ground News The biggest HSN 50/50 Cash Lottery for the North take-home prize to date just hit more than $1 million for the second time in its three-and-a-half-year history. The deadline to purchase tickets for the December draw is 11:59 p.m. on Thursday, December 28. The jackpot-winning ticket will be drawn on Friday, Dec. 29, and posted online at www.hsn5050.ca. Share menu More\nFilters 1 Articles 1 Articles All Left Center Right\nSudbury Star Individual: Leon Cooperman Corporation: Allianz Sudbury's hospital draw Friday will be worth more than $1 million Money raised split between winner and the purchase of critical hospital equipment\n5 hours ago · Sudbury, Canada Read Full Article\nSudbury Star Individual: Leon Cooperman Corporation: Allianz\nSudbury's hospital draw Friday will be worth more than $1 million Money raised split between winner and the purchase of critical hospital equipment\n5 hours ago · Sudbury, Canada Read Full Article Think freely. Subscribe and get full access to Ground News Subscriptions start at $9.99/year Subscribe",
    "highlightText": "",
    "highlightTitle": "",
    "highlightThreadTitle": "",
    "language": "english",
    "sentiment": "positive",
    "categories": [
        "Human Interest",
        "Economy, Business and Finance",
        "Health"
    ],
    "external_links": [
        "https://thesudburystar.com/news/local-news/sudburys-hospital-draw-friday-will-be-worth-more-than-1-million?utm_source=ground.news&utm_medium=referral",
        "https://thesudburystar.com/news/local-news/sudburys-hospital-draw-friday-will-be-worth-more-than-1-million",
        "https://www.thesudburystar.com/news/local-news/sudburys-hospital-draw-friday-will-be-worth-more-than-1-million?utm_source=ground.news&utm_medium=referral"
    ],
    "external_images": [],
    "entities": {
        "persons": [
            {
                "name": "leon cooperman",
                "sentiment": "none"
            }
        ],
        "organizations": [
            {
                "name": "hsn",
                "sentiment": "neutral"
            },
            {
                "name": "ground news",
                "sentiment": "neutral"
            },
            {
                "name": "ground news subscriptions",
                "sentiment": "none"
            },
            {
                "name": "sudbury star individual",
                "sentiment": "none"
            },
            {
                "name": "canada read full article sudbury star individual",
                "sentiment": "none"
            },
            {
                "name": "allianz sudbury",
                "sentiment": "none"
            }
        ],
        "locations": [
            {
                "name": "sudbury",
                "sentiment": "none"
            },
            {
                "name": "canada",
                "sentiment": "none"
            }
        ]
    },
    "rating": null,
    "crawled": "2023-12-29T00:43:12.542+02:00",
    "updated": "2023-12-29T00:43:12.542+02:00"
}