{
    "thread": {
        "uuid": "f9712ab332c8bc6957a251bbe77cec659579831c",
        "url": "https://kalkinemedia.com/news/world-news/inspiring-excellence-alliance-american-university-grants-honorary-doctorates-to-international-luminaries",
        "site_full": "kalkinemedia.com",
        "site": "kalkinemedia.com",
        "site_section": "https://kalkinemedia.com/feed",
        "site_categories": [
            "financial_news",
            "finance"
        ],
        "section_title": "Kalkine Media",
        "title": "Inspiring Excellence: Alliance American University Grants Honorary Doctorates to International Luminaries",
        "title_full": "Inspiring Excellence: Alliance American University Grants Honorary Doctorates to International Luminaries",
        "published": "2023-12-28T17:50:00.000+02:00",
        "replies_count": 0,
        "participants_count": 1,
        "site_type": "news",
        "country": "GB",
        "main_image": "https://kalkinemedia.com/storage/uploads/large/1703800859_658df01b87c38_20033727_alliance_american_university_1599x899.jpeg",
        "performance_score": 0,
        "domain_rank": 66605,
        "domain_rank_updated": "2023-12-26T12:06:25.000+02:00",
        "reach": null,
        "social": {
            "facebook": {
                "likes": 0,
                "comments": 0,
                "shares": 0
            },
            "gplus": {
                "shares": 0
            },
            "pinterest": {
                "shares": 0
            },
            "linkedin": {
                "shares": 0
            },
            "stumbledupon": {
                "shares": 0
            },
            "vk": {
                "shares": 0
            }
        }
    },
    "uuid": "f9712ab332c8bc6957a251bbe77cec659579831c",
    "url": "https://kalkinemedia.com/news/world-news/inspiring-excellence-alliance-american-university-grants-honorary-doctorates-to-international-luminaries",
    "ord_in_thread": 0,
    "parent_url": null,
    "author": "info@kalkinemedia.com (EIN Presswire)",
    "published": "2023-12-28T17:50:00.000+02:00",
    "title": "Inspiring Excellence: Alliance American University Grants Honorary Doctorates to International Luminaries",
    "text": "WILMINGTON, DELAWARE, USA, December 28, 2023 /\nEINPresswire.com/ -- Alliance American University is proud to announce the conferment of Honorary Doctorate degrees upon an illustrious group of eminent personalities from across the globe. The esteemed recipients represent a diverse range of professions, including auditors, business coaches, nutritionists, academicians, classical dancers, and social activists. These individuals have demonstrated exceptional dedication and made significant contributions to their respective fields, leaving an indelible mark on society.\nThe Honorary Doctorate recipients for this prestigious award include:\nDr. Bello, Sikiru Adeniyi, Chief Internal Auditor, Nigeria\nMs. Betty Bogonko, Medical Sales Delegate (Nutritionist), Kenya\nMr. Manu Varghese, Director Academics, UAE\nMrs. Ananya Patnaik, Parenting Coach & Mompreneur mentor, India\nMr. Debabrata Roy, Classical Dance, India\nMr. Yaroslav Vasylyuk, Social Activist, Ukraine\nMs. Olga Zwerling, Business, Poland\nMr. Richard Zaneli, Business, Israel\nMs. Nada Jaffer, CEO, Lebanon\nAlliance American University recognizes the outstanding achievements and remarkable impact these individuals have had on their respective fields. The Honorary Doctorate is a testament to their unwavering commitment to excellence and their significant contributions to the betterment of society.\nMs. Betty Bogonko, a distinguished Nutritionist from Kenya, has dedicated her career to promoting healthy living and nutrition awareness. Her groundbreaking work has positively impacted communities and individuals, creating a lasting legacy in the field of nutrition.\nDr. Bello, Sikiru Adeniyi an accomplished Chief Internal Auditor from Nigeria, is recognized for his exceptional contributions to the field of auditing, setting the highest standards of professionalism and integrity. His work has not only elevated the auditing profession but has also contributed to building trust in financial systems.\nMr. Manu Varghese, an esteemed Academician from the UAE, has played a pivotal role in shaping the education landscape. His dedication to academic excellence and innovation has inspired countless students and educators alike.\nMrs. Ananya Patnaik, a renowned Mompreneur mentor and Parenting coach for special needs children, India, has been a guiding force for numerous women entrepreneurs and moms with special needs children, fostering growth and success through her insightful coaching and mentorship.\nMr. Debabrata Roy, a maestro in Classical Dance from India, has enriched the cultural tapestry through his captivating performances and tireless efforts in preserving and promoting the classical arts.\nMr. Yaroslav Vasylyuk, a dedicated Social Activist from Ukraine, has tirelessly worked towards social justice and community development, leaving an indelible mark on the lives of those he has touched.\nMs. Olga Zwerling, an accomplished Business professional from Poland, has demonstrated exceptional leadership and business acumen, contributing significantly to the economic landscape.\nMr. Richard Zaneli, a visionary Business leader from Israel, has been a driving force behind innovative business practices, making a substantial impact on the global business community.\nMs. Nada Jaffer, a trailblazing CEO from Lebanon, has shown exemplary leadership in the corporate world, breaking barriers and inspiring others to reach new heights.\nThis momentous occasion will be marked by a distinguished gathering of academic and industry leaders, honouring these exceptional individuals for their outstanding contributions to society.\nFor media inquiries, please contact:\nJohn Smith, Director Communications\nw/a +1 5517583026\nwww.allianceau.us\nJohn Smith\nAlliance American University\n+1 551-758-3026\n[[email protected]](/cdn-cgi/l/email-protection#620b0c040d22030e0e0b030c010703174c1711)\nVisit us on social media:",
    "highlightText": "",
    "highlightTitle": "",
    "highlightThreadTitle": "",
    "language": "english",
    "sentiment": "positive",
    "categories": [
        "Education",
        "Economy, Business and Finance",
        "Arts, Culture and Entertainment"
    ],
    "external_links": [
        "https://www.allianceau.us",
        "https://www.allianceau.us/phd",
        "http://www.allianceau.us",
        "https://www.einpresswire.com/",
        "http://allianceau.us",
        "https://www.einpresswire.com",
        "https://einpresswire.com/",
        "https://allianceau.us/phd",
        "https://allianceau.us"
    ],
    "external_images": [],
    "entities": {
        "persons": [
            {
                "name": "ananya patnaik",
                "sentiment": "none"
            },
            {
                "name": "nada jaffer",
                "sentiment": "none"
            },
            {
                "name": "olga zwerling",
                "sentiment": "none"
            },
            {
                "name": "sikiru adeniyi",
                "sentiment": "none"
            },
            {
                "name": "manu varghese",
                "sentiment": "none"
            },
            {
                "name": "debabrata roy",
                "sentiment": "none"
            },
            {
                "name": "richard zaneli",
                "sentiment": "none"
            },
            {
                "name": "betty bogonko",
                "sentiment": "none"
            },
            {
                "name": "yaroslav vasylyuk",
                "sentiment": "none"
            },
            {
                "name": "bello",
                "sentiment": "none"
            }
        ],
        "organizations": [
            {
                "name": "alliance american university",
                "sentiment": "negative"
            },
            {
                "name": "lebanon alliance american university",
                "sentiment": "none"
            }
        ],
        "locations": [
            {
                "name": "international luminaries wilmington",
                "sentiment": "none"
            },
            {
                "name": "usa",
                "sentiment": "none"
            },
            {
                "name": "delaware",
                "sentiment": "none"
            },
            {
                "name": "ukraine",
                "sentiment": "none"
            },
            {
                "name": "uae",
                "sentiment": "none"
            },
            {
                "name": "poland",
                "sentiment": "none"
            },
            {
                "name": "israel",
                "sentiment": "none"
            },
            {
                "name": "nigeria",
                "sentiment": "none"
            },
            {
                "name": "kenya",
                "sentiment": "none"
            },
            {
                "name": "india",
                "sentiment": "none"
            }
        ]
    },
    "rating": null,
    "crawled": "2023-12-29T00:12:03.044+02:00",
    "updated": "2023-12-29T00:12:03.044+02:00"
}