{
    "thread": {
        "uuid": "8aa716fc833033228de83a788bec5272d7de92c7",
        "url": "https://www.lavoz.com.ar/deportes/basquet/bolmaro-brillo-y-festejo-el-bayern-en-euroliga-real-madrid-no-necesito-de-un-gran-campazzo-para-seguir-lider/",
        "site_full": "www.lavoz.com.ar",
        "site": "lavoz.com.ar",
        "site_section": "https://www.lavoz.com.ar/rss.xml",
        "site_categories": [
            "media"
        ],
        "section_title": "",
        "title": "Bolmaro brilló y festejó el Bayern en Euroliga; Real Madrid no necesitó de un gran Campazzo para seguir líder",
        "title_full": "Bolmaro brilló y festejó el Bayern en Euroliga; Real Madrid no necesitó de un gran Campazzo para seguir líder",
        "published": "2023-12-28T23:55:00.000+02:00",
        "replies_count": 0,
        "participants_count": 1,
        "site_type": "news",
        "country": "AR",
        "main_image": "https://www.lavoz.com.ar/resizer/vjsoBsd-YS3EtK14EV8aUlTH0RM=/1200x630/smart/filters:quality(75):format(webp)/cloudfront-us-east-1.images.arcpublishing.com/grupoclarin/XFWHXDGS4RFD3O7GN6NCONODC4.jpg",
        "performance_score": 0,
        "domain_rank": 16077,
        "domain_rank_updated": "2023-12-26T12:06:20.000+02:00",
        "reach": null,
        "social": {
            "facebook": {
                "likes": 0,
                "comments": 0,
                "shares": 0
            },
            "gplus": {
                "shares": 0
            },
            "pinterest": {
                "shares": 0
            },
            "linkedin": {
                "shares": 0
            },
            "stumbledupon": {
                "shares": 0
            },
            "vk": {
                "shares": 0
            }
        }
    },
    "uuid": "8aa716fc833033228de83a788bec5272d7de92c7",
    "url": "https://www.lavoz.com.ar/deportes/basquet/bolmaro-brillo-y-festejo-el-bayern-en-euroliga-real-madrid-no-necesito-de-un-gran-campazzo-para-seguir-lider/",
    "ord_in_thread": 0,
    "parent_url": null,
    "author": "Redacción Mundod",
    "published": "2023-12-28T23:55:00.000+02:00",
    "title": "Bolmaro brilló y festejó el Bayern en Euroliga; Real Madrid no necesitó de un gran Campazzo para seguir líder",
    "text": "[Leandro Bolmaro](https://www.lavoz.com.ar/deportes/basquet/leandro-bolmaro-jugo-un-partidazo-y-el-bayern-munich-gano-en-dos-suplementarios-en-la-euroliga/) fue decisivo para la ajustada y muy necesaria victoria del Bayern Múnich en la Euroliga. El polifuncional jugador de Las Varillas fue la figura del equipo alemán que superó de manera ajustada, de local, al Valencia Basket por 85 a 84 en una nueva jornada del mejor básquet de Europa. Mientras que Real Madrid no necesitó de un gran [Facundo Campazzo](https://www.lavoz.com.ar/deportes/basquet/facu-campazzo-llego-a-un-record-en-la-euroliga-y-real-madrid-goleo-y-no-se-baja-de-la-punta/) para ganar de visitante, también muy ajustado, al Asvel de Francia por 77-76, y seguir líder de la Euroliga. Bolmaro fue uno de los goleadores del Bayern, junto a Devin Booker, ambos con 13 puntos. El cordobés anotó 4/7 en dobles, 1/2 triples y 2/2 tiros libres, y sumó 5 asistencias y 4 rebotes en 24 minutos, con 19 de valoración. Con el triunfo, el elenco alemán llegó a los ocho triunfos y nueve derrotas en la temporada. En tanto que Real Madrid se afirma como líder de la Euroliga con 16 partidos ganados y uno solo perdido, su mejor marca de la historia, por tras ajustada victoria frente al colista Asvel. Un parcial de 26-19 en el cuarto final le alcanzó al campeón defensor para quedarse con el triunfo. Campazzo arrancó de titular y aportó 6 puntos (1/2 dobles y 4/6 libres - falló tres intentos de tres), más 4 asistencias, 2 rebotes y un recupero en 24 minutos. En el Real Madrid no jugó el alero argentino Gabriel Deck y sus figuras fueron los dos pivotes: el francés Vincent Poirier, con 17 puntos y 7 rebotes, y el africano Walter Tavares con 16 tantos y 12 rebotes.",
    "highlightText": "",
    "highlightTitle": "",
    "highlightThreadTitle": "",
    "language": "spanish",
    "sentiment": "positive",
    "categories": [
        "Sport",
        "Economy, Business and Finance"
    ],
    "external_links": [],
    "external_images": [],
    "entities": {
        "persons": [],
        "organizations": [],
        "locations": []
    },
    "rating": null,
    "crawled": "2023-12-29T00:05:52.069+02:00",
    "updated": "2023-12-29T00:26:04.662+02:00"
}