{
    "thread": {
        "uuid": "4561e8848a4fbd77d4eec4094b5dc3ae9b37d34c",
        "url": "https://www.hojeemdia.com.br/economiaefinancas/preco-de-alimentos-e-juros-contribuiram-para-frear-inflac-o-em-2023-dizem-economistas-1.994114",
        "site_full": "www.hojeemdia.com.br",
        "site": "hojeemdia.com.br",
        "site_section": "https://hojeemdia.com.br",
        "site_categories": [
            "home_and_garden",
            "remodeling_and_construction",
            "family_and_parenting",
            "eldercare",
            "home_theater"
        ],
        "section_title": "Hoje em Dia",
        "title": "Preço de alimentos e juros contribuíram para frear inflação em 2023, dizem economistas",
        "title_full": "Preço de alimentos e juros contribuíram para frear inflação em 2023, dizem economistas",
        "published": "2023-12-28T22:54:00.000+02:00",
        "replies_count": 0,
        "participants_count": 1,
        "site_type": "news",
        "country": "BR",
        "main_image": "https://www.hojeemdia.com.br/image/policy:1.994115.1703800427:1703800427/image.jpg?w=1280&amp;",
        "performance_score": 0,
        "domain_rank": 64193,
        "domain_rank_updated": "2023-12-26T12:06:25.000+02:00",
        "reach": null,
        "social": {
            "facebook": {
                "likes": 0,
                "comments": 0,
                "shares": 0
            },
            "gplus": {
                "shares": 0
            },
            "pinterest": {
                "shares": 0
            },
            "linkedin": {
                "shares": 0
            },
            "stumbledupon": {
                "shares": 0
            },
            "vk": {
                "shares": 0
            }
        }
    },
    "uuid": "4561e8848a4fbd77d4eec4094b5dc3ae9b37d34c",
    "url": "https://www.hojeemdia.com.br/economiaefinancas/preco-de-alimentos-e-juros-contribuiram-para-frear-inflac-o-em-2023-dizem-economistas-1.994114",
    "ord_in_thread": 0,
    "parent_url": null,
    "author": "Agência Brasil",
    "published": "2023-12-28T22:54:00.000+02:00",
    "title": "Preço de alimentos e juros contribuíram para frear inflação em 2023, dizem economistas",
    "text": "De acordo com os especialistas, a tendência é de que a inflação continue a cair (Tânia Rêgo/ Agência Brasil) O comportamento dos preços dos alimentos e a política monetária, que impôs juros altos na economia em 2023, foram fatores que ajudaram a inflação ficar controlada neste ano que termina. A avaliação é de especialistas ouvidos pela Agência Brasil, nesta quinta-feira (28), quando foram divulgados dois índices de inflação. O Índice Nacional de Preços ao Consumidor Amplo 15 (IPCA-15), tido como a prévia da inflação oficial do país, fechou 2023 em 4,72%, o menor resultado dos últimos três anos. O dado é do Instituto Brasileiro de Geografia e Estatística (IBGE). Calculado pela Fundação Getulio Vargas, o Índice Geral de Preços - Mercado (IGP-M) apresentou deflação no ano, ou seja, a média dos preços ficou em queda de 3,18%. O resultado marca uma inflexão do índice, que chegou a fechar 2020 em 23,14%. O ano de 2021 também ficou na casa de dois dígitos, 17,78%. Em 2022, sinalizou desaceleração, terminando em 5,45%. Fatores Para o economista e professor do Ibmec, Gilberto Braga, os números mostram acertos da política macroeconômica do governo e do Comitê de Política Monetária (Copom) do Banco Central (BC), responsável por ditar a taxa básica de juros da economia, a Selic. Ao longo do ano, a Selic foi mantida em patamares altos, como forma de desestimular a economia e, consequentemente, combater a inflação. O ano começou com taxa de 13,75% e, depois de quatro cortes seguidos no segundo semestre, encerra 2023 em 11,75% Braga destaca que há grupos de preços que ainda pressionam os índices. “Principalmente dos aluguéis, que vêm subindo mais do que a inflação média da economia”. Mas ressalta que “o preço dos alimentos, de uma forma geral, vêm caindo, o que vem contrabalançar de maneira positiva as pressões de aumento”. O professor do Ibmec espera manutenção da tendência para o próximo ano. “Para 2024, esse comportamento dos preços deve permanecer com a inflação tendendo a cair”. No entanto, Gilberto Braga aponta que há riscos vindo de fora do Brasil. “Pressão externa, sobretudo, por conta dos conflitos bélicos da Rússia com a Ucrânia e do Oriente Médio [ofensiva israelense na Faixa de Gaza], que influenciam os preços do petróleo, dos seguros e do livre fluxo de comércio internacional”, descreve. “A expectativa, apesar dessas ameaças, é bastante positiva para 2024”, completa. Commodities O pesquisador André Braz, do Instituto Brasileiro de Economia da Fundação Getulio Vargas (Ibre/FGV), aponta que um elemento que ajudou a moldar a inflação de 2023 foram os preços das commodities (matérias-primas básicas negociadas com preços internacionais) agrícolas e minerais. “Na parte agrícola, soja, milho e trigo, que são matéria-prima para vários outros alimentos, tiveram quedas muito fortes do preço ao produtor”. A soja, por exemplo, caiu 21,92%. No caso do milho, o recuo foi ainda maior, 30,02%. Braz explica que o comportamento do IGP-M representa uma “devolução” do choque inflacionário causado pela pandemia entre 2020 e 2022. “Dado as safras, que foram muito boas tanto no Brasil quanto em outros países produtores de grãos, a gente teve essa queda de preços muito grande. Então ajudou a compensar um pouco aquela fase de aumentos agudos”, explica. Apesar de o IGP-M divulgado nesta quinta-feira ser o menor já registrado para um ano fechado (-3,18%), Braz observa que o índice mostra uma tendência de aceleração. Em julho, o acumulado de queda em 12 meses era 7,72%. “Está acelerando, está ficando cada vez mais próximo de zero e vai migrar para um terreno positivo. Número negativo é algo incomum para o IGP-M porque, em condições normais, a trajetória desses preços é de alta”, contextualiza. Em dezembro o índice mensal ficou em 0,74%. IPCA Sobre o IPCA, Braz sinaliza que o resultado de 0,40% de dezembro ficou acima do esperado. A causa foi a concentração no mês de reajustes de preços controlados. “Vimos aumento de [taxa de] água e esgoto, energia, ônibus, trem e metrô em várias cidades do país”, lista. Ainda especificamente para o mês de dezembro, o economista da FGV interpreta que houve surpresa no preço de alguns alimentos, especialmente os de características sazonais. “Não foi um aumento generalizado, foi um aumento sazonal, produtos que normalmente têm uma oferta menor no verão, cuja oferta é prejudicada pelo clima, como produtos de feira livre. Por exemplo, hortaliças, legumes e frutas vieram inflados em função desse clima mais hostil”. Outra influência foi a alimentação fora de casa. “Nesse período de festas e de férias, as famílias costumam comer em restaurantes, lanchonetes, então os preços do menu normalmente sobem pela demanda”. Apesar dessa sinalização em dezembro, Braz salienta que, ao longo do ano, o preço dos alimentos teve um comportamento positivo para a economia brasileira, contribuindo para que a inflação oficial ficasse abaixo do esperado no início do ano, quando o mercado estimava o IPCA perto de 5,5%. O IPCA-15 mostrou que o grupo alimentos e bebidas subiu 0,83% em 2023. “É muito pouco frente a uma inflação média de 4,72%. Em termos reais, a alimentação não subiu de preço. Isso foi bom porque a alimentação compromete mais o orçamento de famílias de menor renda e, por conta disso, você tem espaço para que essas famílias consumam outras coisas \", diz. O IPCA fechado do mês de dezembro e do ano 2023 será divulgado no dia 11 de janeiro. Braz estima que o número seja perto de 4,45%. Se concretizado esse patamar, estaria dentro da meta do Banco Central, 3,25%, com intervalo de tolerância de 1,5 ponto percentual para cima ou para baixo, ou seja, o limite superior é de 4,75%. Para 2024 Já para o ano que vem, assim como Gilberto Braga, do Ibmec, que tem uma visão otimista, Braz espera um IPCA fechando 2024 por volta de 4%. No entanto, também enxerga desafios, como a guerra entre Rússia e Ucrânia e a ofensiva israelense contra o Hamas. André Braz acrescenta ainda outro fator de preocupação: o El Niño, fenômeno climático que modifica a temperatura das águas do oceano pacífico e impacta safras em diversas regiões do planeta. “Da mesma forma que vai afetar os preços ao produtor no IGP-M, vai afetar os preços ao consumidor também, é um repasse. Isso pode ser o desafio para o ano que vem”. No cenário interno, Braz cita que a política fiscal do governo, ou seja, o montante de gastos públicos, pode intervir no comportamento da inflação, caso haja dúvidas de o governo não cumprir a meta orçamentária. O ministro da Fazenda, Fernando Haddad, diz buscar déficit zero em 2024. “Se essa meta fica ameaçada, pode haver uma desvalorização do câmbio [frente ao dólar], e essa desvalorização causa inflação porque a gente passa a importar as coisas a um preço maior”, explica. Juros O economista do Ibre avalia que a política de juros do BC cumpriu, em 2023, o papel de debelar a inflação. Mas ressalta que a Selic em 11,75% ainda é muito alta, o que a torna um desafio para o crescimento do país, geração de emprego e renda. Mesmo com os desafios citados, Braz acredita que a inflação seguirá uma trajetória controlada o suficiente para permitir mais quedas na taxa básica de juros. “Acho que o BC vai ter condições de continuar cortando [a taxa] ainda que existam esses desafios no radar. É provável que a Selic termine o ano que vem, quem sabe, em torno de 9%”, acredita. Leia mais",
    "highlightText": "",
    "highlightTitle": "",
    "highlightThreadTitle": "",
    "language": "portuguese",
    "sentiment": "positive",
    "categories": [
        "Health",
        "Economy, Business and Finance",
        "Social Issue"
    ],
    "external_links": [],
    "external_images": [],
    "entities": {
        "persons": [],
        "organizations": [],
        "locations": []
    },
    "rating": null,
    "crawled": "2023-12-29T00:21:55.442+02:00",
    "updated": "2023-12-29T00:21:55.442+02:00"
}