{
    "thread": {
        "uuid": "5cd9903bdd864c7de9333cee1c11dbcd007f9d9f",
        "url": "https://www.newsweek.com/fanduel-promo-code-win-150-bonus-any-nfl-college-football-game-1855915",
        "site_full": "www.newsweek.com",
        "site": "newsweek.com",
        "site_section": "https://www.biztoc.com",
        "site_categories": [
            "media",
            "law_government_and_politics",
            "politics"
        ],
        "section_title": "BizToc",
        "title": "FanDuel Promo Code: Win $150 Bonus on Any NFL or College Football Game",
        "title_full": "FanDuel Promo Code: Win $150 Bonus on Any NFL or College Football Game",
        "published": "2023-12-29T00:32:00.000+02:00",
        "replies_count": 0,
        "participants_count": 1,
        "site_type": "news",
        "country": "US",
        "main_image": "https://d.newsweek.com/en/full/2328842/fanduel-promo-code.jpg",
        "performance_score": 0,
        "domain_rank": 379,
        "domain_rank_updated": "2023-12-26T12:06:20.000+02:00",
        "reach": null,
        "social": {
            "facebook": {
                "likes": 0,
                "comments": 0,
                "shares": 0
            },
            "gplus": {
                "shares": 0
            },
            "pinterest": {
                "shares": 0
            },
            "linkedin": {
                "shares": 0
            },
            "stumbledupon": {
                "shares": 0
            },
            "vk": {
                "shares": 0
            }
        }
    },
    "uuid": "5cd9903bdd864c7de9333cee1c11dbcd007f9d9f",
    "url": "https://www.newsweek.com/fanduel-promo-code-win-150-bonus-any-nfl-college-football-game-1855915",
    "ord_in_thread": 0,
    "parent_url": null,
    "author": "Russell Joy | Sports Betting Dime",
    "published": "2023-12-29T00:32:00.000+02:00",
    "title": "FanDuel Promo Code: Win $150 Bonus on Any NFL or College Football Game",
    "text": "Sports Betting Dime provides exclusive sports betting commercial content to Newsweek, including real-time odds, picks, analysis and premier sportsbook offers to help sports fans get in on the action. Please wager responsibly. There are plenty of college football bowl games and [NFL](https://www.newsweek.com/topic/nfl) matchups, making it a great time to unlock the latest FanDuel promo code offer. [Sign up with our FanDuel promo code links](https://actionrush.com/go/newsweek-fanduel/) to activate a 30-1 money line boost for the game of your choice. After unlocking the current FanDuel promo code offer, new customers need to place a $5 money line wager on any game. If it wins, you'll get $150 in bonus bets. The odds of your first wager don't matter, so try betting on a big favorite. Taking the Browns to beat the Jets on Thursday night is a great option. Cleveland is a 7.5-point favorite at home against New York. As a customer, you will have access to other NFL bonuses on the FanDuel app. For example, customers can use a 25% live boost during the game. [Sign up for this FanDuel promo code offer](https://actionrush.com/go/newsweek-fanduel/) and make a $5 money line bet on any NFL or college football game. A win will result in $150 of bonus bets. Unlock the FanDuel Promo Code Offer for TNF |FanDuel Promo Code||Register Through Our Links to Activate| |Welcome Offer||Bet $5, Win $150 on Any Game| |Last Confirmed||December 28, 2023| |Verified By||Russell Joy, Sports Betting Dime| The Browns are going to be a tough out in the playoffs. Joe Flacco has been playing great, so I don't see them having any trouble with the Jets on Thursday night. Trevor Siemian will start at QB for New York since Zach Wilson is out. If you win this wager on the Browns game, you will have $150 in bonus bets to use for the Lions vs. Cowboys on Saturday night. Remember, there aren't any games on Monday for Week 17, making it a packed slate on Sunday. Steps to Activate the Best FanDuel Promo Code Offer Take these steps to activate the top FanDuel promo code offer. New customers in eligible states can start with this boost. |FanDuel Promo Code|[Sign up for an account](https://actionrush.com/go/newsweek-fanduel/)to unlock this FanDuel promo code offer - Enter your full legal name, physical address, phone number and birthdate to confirm your identity - Provide an email and create a password - Download the FanDuel Sportsbook app on your iPhone or Android and allow for location services - Select a deposit method, such as PayPal or a credit/debit card - Make a $10+ deposit - Bet $5 or more on any NFL or college football game A winning wager will result in $150 of bonus bets. You can use these throughout the weekend, in addition to other bonuses and free contests on the FanDuel app. Bet on Any College Football Bowl Games Get ready for the CFP by betting on the bowl games this week. Here are the four games on Thursday. - Wasabi Fenway Bowl: SMU vs. Boston College - Bad Boy Mowers Pinstripe Bowl: Rutgers vs. Miami - Pop-Tarts Bowl: NC State vs. Kansas State - Valero Alamo Bowl: Arizona vs. Oklahoma We have another three matchups on Friday, including the Fighting Irish in El Paso, Texas. - TaxSlayer Gator Bowl: Clemson vs. Kentucky - Tony the Tiger Sun Bowl: Oregon State vs. Notre Dame - AutoZone Liberty Bowl: Memphis vs. Iowa State [Sign up for the latest FanDuel promo code offer](https://actionrush.com/go/newsweek-fanduel/) and make a $5 wager on any football team to win. A winning wager will result in a $150 bonus. Newsweek may earn an affiliate commission if you sign up through the links in this article. See the sportsbook operator's terms and conditions for important details. Sports betting operators have no influence over newsroom coverage. If you or a loved one has a gambling problem call the National Council on Problem Gambling 24/7 at 1-800-GAMBLER. Must be 21 or older to gamble. Uncommon Knowledge Newsweek is committed to challenging conventional wisdom and finding connections in the search for common ground. Newsweek is committed to challenging conventional wisdom and finding connections in the search for common ground. About the writer Russ Joy is a commercial editor for XLMedia PLC, co-host of Snow The Goalie: A Flyers Podcast and It's Just Wrestling Podcast, and a Philadelphia Flyers writer for CrossingBroad.com. A graduate of West Chester University of PA and California University of PA, Russ is also a husband and father of four. Follow him on Twitter: @JoyOnBroad Email: russell.joy@xlmedia.com Russ Joy is a commercial editor for XLMedia PLC, co-host of Snow The Goalie: A Flyers Podcast and It's Just ... [Read more] To read how Newsweek uses AI as a newsroom tool, [Click here.](/editorial-guidelines)",
    "highlightText": "",
    "highlightTitle": "",
    "highlightThreadTitle": "",
    "language": "english",
    "sentiment": "positive",
    "categories": [
        "Sport",
        "Economy, Business and Finance"
    ],
    "external_links": [
        "https://actionrush.com/go/newsweek-fanduel/",
        "https://dsa.system114.info/adCSS/ad4/ad4.css",
        "https://dsa.system114.info/adCSS/ad4/fanduel-logo-d.svg",
        "https://www.linkedin.com/in/russell-joy-57a0b710/",
        "https://twitter.com/JoyOnBroad",
        "https://www.dsa.system114.info/adCSS/ad4/fanduel-logo-d.svg",
        "https://www.dsa.system114.info/adCSS/ad4/ad4.css",
        "https://actionrush.com/go/newsweek-fanduel",
        "https://www.twitter.com/JoyOnBroad",
        "https://www.linkedin.com/in/russell-joy-57a0b710",
        "https://linkedin.com/in/russell-joy-57a0b710/",
        "https://www.actionrush.com/go/newsweek-fanduel/"
    ],
    "external_images": [],
    "entities": {
        "persons": [],
        "organizations": [
            {
                "name": "newsweek",
                "sentiment": "negative"
            },
            {
                "name": "any nfl",
                "sentiment": "negative"
            },
            {
                "name": "fanduel sportsbook bet",
                "sentiment": "none"
            },
            {
                "name": "nfl",
                "sentiment": "none"
            },
            {
                "name": "browns",
                "sentiment": "none"
            }
        ],
        "locations": [
            {
                "name": "new york",
                "sentiment": "none"
            },
            {
                "name": "la",
                "sentiment": "none"
            },
            {
                "name": "ia",
                "sentiment": "none"
            },
            {
                "name": "az",
                "sentiment": "none"
            },
            {
                "name": "ny",
                "sentiment": "none"
            },
            {
                "name": "va",
                "sentiment": "none"
            },
            {
                "name": "co",
                "sentiment": "none"
            },
            {
                "name": "cleveland",
                "sentiment": "none"
            }
        ]
    },
    "rating": null,
    "crawled": "2023-12-29T00:49:31.192+02:00",
    "updated": "2023-12-29T01:39:49.284+02:00"
}