{
    "thread": {
        "uuid": "b62371de24e46cf7faae0c259e30a8c04f1d7298",
        "url": "https://home.nzcity.co.nz/news/article.aspx?id=390512",
        "site_full": "home.nzcity.co.nz",
        "site": "nzcity.co.nz",
        "site_section": "https://home.nzcity.co.nz/default.aspx",
        "site_categories": [
            "media"
        ],
        "section_title": "\r\n\tNZCity Personal Start Page \r\n",
        "title": "Regional airline Sounds Air is celebrating reaching pre-covid levels, thanks to strong demand this year - 29-Dec-2023 - NZ Living & Travel news",
        "title_full": "Regional airline Sounds Air is celebrating reaching pre-covid levels, thanks to strong demand this year - 29-Dec-2023 - NZ Living & Travel news",
        "published": "2023-12-28T13:00:00.000+02:00",
        "replies_count": 0,
        "participants_count": 0,
        "site_type": "news",
        "country": "NZ",
        "main_image": "",
        "performance_score": 0,
        "domain_rank": 46381,
        "domain_rank_updated": "2023-12-26T12:06:25.000+02:00",
        "reach": null,
        "social": {
            "facebook": {
                "likes": 0,
                "comments": 0,
                "shares": 0
            },
            "gplus": {
                "shares": 0
            },
            "pinterest": {
                "shares": 0
            },
            "linkedin": {
                "shares": 0
            },
            "stumbledupon": {
                "shares": 0
            },
            "vk": {
                "shares": 0
            }
        }
    },
    "uuid": "b62371de24e46cf7faae0c259e30a8c04f1d7298",
    "url": "https://home.nzcity.co.nz/news/article.aspx?id=390512",
    "ord_in_thread": 0,
    "parent_url": null,
    "author": null,
    "published": "2023-12-28T13:00:00.000+02:00",
    "title": "Regional airline Sounds Air is celebrating reaching pre-covid levels, thanks to strong demand this year - 29-Dec-2023 - NZ Living & Travel news",
    "text": "News | Living & Travel 29 Dec 2023 11:05 | outlook hotmail | yahoo mail | gmail | news | weather | finance | shopping | about nzcity | Search | NZCity News SEARCH Google Bing NZ News NewsLinks the White Pages NZ Street Names the Yellow Pages Yahoo NZ Web sites SearchNZ NZ Domain Names CUSTOMISE Start Page Personalise News Top Stories Business Sports Politics Health & Safety Law and Order Technology Education Living & Travel Entertainment Motoring Environment National International Accidents Maori Rural Local Politics Sport Weather Finance Shopping Jobs Horoscopes Lotto Results Photo Gallery Site Gallery TVNow Dating SearchNZ NZSearch Crime.co.nz RugbyLeague Make Home About NZCity Contact NZCity Your Privacy Advertising Login Join for Free Home > News > Living & Travel Regional airline Sounds Air is celebrating reaching pre-covid levels, thanks to strong demand this year Regional airline Sounds Air is celebrating reaching pre-covid levels, thanks to strong demand this year 29 December 2023 The airline operates 10 aircraft - with bookings on the 45 minute Christchurch to Wanaka flight particularly strong. Managing Director Andrew Crawford says building up again, hasn't come without challenges. He says fuel and maintenance has been tricky, but he hopes prices will drop down next year and is looking forward to 2024. >> More Living & Travel News © 2023 Newstalk ZB, NZCity Other Living & Travel News 29 Dec: The new 'holiday highway' is no match for busy holiday congestion 28 Dec: Invercargill Mayor Nobby Clark will undergo a quadruple bypass heart surgery next week 27 Dec: Police are appealing for sightings of a missing 32 year old Auckland man 27 Dec: Spirit Airlines apologises after putting unaccompanied six-year-old on wrong flight 27 Dec: Emergency vets are starting to see an annual spike in accidental treat consumption among pets 27 Dec: Auckland businesses are thought to be holding out for the good times over summer 27 Dec: Chris Hipkins plans on catching up with former minister and MP Kiri Allan over summer Top Stories RUGBY World number five Gerwyn Price is out of the World Darts Championship - upset 4 sets to 2 by Northern Ireland's Brendan Dolan More... BUSINESS Regional airline Sounds Air is celebrating reaching pre-covid levels, thanks to strong demand this year More... Today's News Entertainment: Kanye West has apologised for making anti-Semitic statements 10:48 Law and Order: Gypsy Rose Blanchard out of prison years after persuading boyfriend to kill her abusive mother 10:37 Business: Assaults at aged care facilities in NSW rise to highest level in a decade, data shows 10:27 Rugby: World number five Gerwyn Price is out of the World Darts Championship - upset 4 sets to 2 by Northern Ireland's Brendan Dolan 10:27 Tennis: Tennis legend Novak Djokovic expects Rafa Nadal to be at his competitive best at next month's Australian Open despite a hip injury that wiped out the veteran Spaniard's 2023 season 10:27 Entertainment: Julie Bowen's children haven't watched 'Modern Family' or 'Happy Gilmore' 10:18 Skiing: Ten years since Michael Schumacher's ski accident, interest in the F1 champion remains high 10:17 Motoring: A van has rolled in Auckland's Penrose, impacting southbound travel on Great South Road 10:07 Entertainment: Jax Jones thinks New Year's Eve is better than Christmas Day 9:48 Business: A call from gaming industry developers to level the playing field with competitors across the Tasman 9:47 News Search Living/Travel NZ News NewsLinks NZ Web Power Search © 2023 New Zealand City Ltd",
    "highlightText": "",
    "highlightTitle": "",
    "highlightThreadTitle": "",
    "language": "english",
    "sentiment": "positive",
    "categories": [
        "Economy, Business and Finance"
    ],
    "external_links": [],
    "external_images": [],
    "entities": {
        "persons": [],
        "organizations": [
            {
                "name": "dec-2023 - nz living & travel news news | living & travel",
                "sentiment": "negative"
            },
            {
                "name": "google bing nz news newslinks the white pages nz street names the yellow pages yahoo nz",
                "sentiment": "none"
            }
        ],
        "locations": [
            {
                "name": "christchurch",
                "sentiment": "none"
            },
            {
                "name": "wanaka",
                "sentiment": "none"
            }
        ]
    },
    "rating": null,
    "crawled": "2023-12-29T00:06:42.408+02:00",
    "updated": "2023-12-29T00:06:42.408+02:00"
}