{
    "thread": {
        "uuid": "2ac999a86008d90df48deb257d9c943c2ddc1a9b",
        "url": "http://www.gentedigital.es/las-palmas-de-gran-canaria/noticia/3742244/un-acertante-en-telde-gran-canaria-gana-mas-de-13-millones-en-el-sorteo-de-la-bonoloto/",
        "site_full": "www.gentedigital.es",
        "site": "gentedigital.es",
        "site_section": "http://www.gentedigital.es",
        "site_categories": [
            "media"
        ],
        "section_title": "Gente Digital · Información local, nacional e internacional · gentedigital.es",
        "title": "Un acertante en Telde (Gran Canaria) gana más de 1,3 millones en el sorteo de 'La Bonoloto'",
        "title_full": "Un acertante en Telde (Gran Canaria) gana más de 1,3 millones en el sorteo de 'La Bonoloto'",
        "published": "2023-12-28T02:00:00.000+02:00",
        "replies_count": 0,
        "participants_count": 1,
        "site_type": "news",
        "country": "ES",
        "main_image": "",
        "performance_score": 0,
        "domain_rank": 82342,
        "domain_rank_updated": "2023-12-26T12:06:35.000+02:00",
        "reach": null,
        "social": {
            "facebook": {
                "likes": 0,
                "comments": 0,
                "shares": 0
            },
            "gplus": {
                "shares": 0
            },
            "pinterest": {
                "shares": 0
            },
            "linkedin": {
                "shares": 0
            },
            "stumbledupon": {
                "shares": 0
            },
            "vk": {
                "shares": 0
            }
        }
    },
    "uuid": "2ac999a86008d90df48deb257d9c943c2ddc1a9b",
    "url": "http://www.gentedigital.es/las-palmas-de-gran-canaria/noticia/3742244/un-acertante-en-telde-gran-canaria-gana-mas-de-13-millones-en-el-sorteo-de-la-bonoloto/",
    "ord_in_thread": 0,
    "parent_url": null,
    "author": "Tres Tristes Tigres",
    "published": "2023-12-28T02:00:00.000+02:00",
    "title": "Un acertante en Telde (Gran Canaria) gana más de 1,3 millones en el sorteo de 'La Bonoloto'",
    "text": "El dueño de un boleto de 'La Bonoloto' validado en Telde (Gran Canaria) percibirá más 1,3 millones de euros al haber sido el único acertante de Primera Categoría en el sorteo celebrado este jueves, según informó Loterías y Apuestas del Estado. 28/12/2023 - 23:14 [A Coruña](/a-coruna/) | [Albacete](/albacete/) | [Algeciras](/algeciras/) | [Alicante](/alicante/) | [Almería](/almeria/) | [Ávila](/avila/) | [Avilés](/aviles/) | [Badajoz](/badajoz/) | [Barcelona](/barcelona/) | [Bilbao](/bilbao/) | [Burgos](/burgos/) | [Cáceres](/caceres/) | [Cádiz](/cadiz/) | [Cartagena](/cartagena/) | [Castellón](/castellon/) | [Ceuta](/ceuta/) | [Ciudad Real](/ciudad-real/) | [Córdoba](/cordoba/) | [Cuenca](/cuenca/) | [Gijón](/gijon/) | [Girona](/girona/) | [Granada](/granada/) | [Guadalajara](/guadalajara/) | [Huelva](/huelva/) | [Huesca](/huesca/) | [Ibiza](/ibiza/) | [Jaén](/jaen/) | [Las Palmas de Gran Canaria](/las-palmas-de-gran-canaria/) | [León](/leon/) | [Lleida](/lleida/) | [Logroño](/logrono/) | [Lugo](/lugo/) | [Madrid](/madrid/) | [Málaga](/malaga/) | [Melilla](/melilla/) | [Mérida](/merida/) | [Murcia](/murcia/) | [Ourense](/ourense/) | [Oviedo](/oviedo/) | [Palencia](/palencia/) | [Palma de Mallorca](/palma-de-mallorca/) | [Pamplona](/pamplona/) | [Pontevedra](/pontevedra/) | [Salamanca](/salamanca/) | [San Sebastián](/san-sebastian/) | [Santander](/santander/) | [Santiago de Compostela](/santiago-de-compostela/) | [Segovia](/segovia/) | [Sevilla](/sevilla/) | [Soria](/soria/) | [Tarragona](/tarragona/) | [Tenerife](/tenerife/) | [Teruel](/teruel/) | [Toledo](/toledo/) | [Valencia](/valencia/) | [Valladolid](/valladolid/) | [Vigo](/vigo/) | [Vitoria](/vitoria/) | [Zamora](/zamora/) | [Zaragoza](/zaragoza/) | Grupo de información GENTE · el líder nacional en prensa semanal gratuita según [PGD-OJD](http://www.ojd.es/)",
    "highlightText": "",
    "highlightTitle": "",
    "highlightThreadTitle": "",
    "language": "spanish",
    "sentiment": "positive",
    "categories": [
        "Economy, Business and Finance",
        "Human Interest"
    ],
    "external_links": [
        "http://www.ojd.es/)",
        "http://ojd.es/)"
    ],
    "external_images": [],
    "entities": {
        "persons": [],
        "organizations": [],
        "locations": []
    },
    "rating": null,
    "crawled": "2023-12-29T00:34:05.113+02:00",
    "updated": "2023-12-29T00:34:05.113+02:00"
}