{
    "thread": {
        "uuid": "7ee263b2eaaa7ae30a5eda1c5814616204418741",
        "url": "https://messiahlyrbj.ampedpages.com/foundation-repair-dallas-ensuring-security-and-stability-for-each-structure-51612661",
        "site_full": "messiahlyrbj.ampedpages.com",
        "site": "ampedpages.com",
        "site_section": "https://ampedpages.com/rss-homepage.php?4",
        "site_categories": [],
        "section_title": "ampedpages.com RSS feed",
        "title": "Foundation Repair Dallas: Ensuring Security and Stability for each Structure",
        "title_full": "Foundation Repair Dallas: Ensuring Security and Stability for each Structure",
        "published": "2023-12-28T19:59:00.000+02:00",
        "replies_count": 0,
        "participants_count": 1,
        "site_type": "news",
        "country": "TR",
        "main_image": "",
        "performance_score": 0,
        "domain_rank": 6484,
        "domain_rank_updated": "2023-12-26T12:06:20.000+02:00",
        "reach": null,
        "social": {
            "facebook": {
                "likes": 0,
                "comments": 0,
                "shares": 0
            },
            "gplus": {
                "shares": 0
            },
            "pinterest": {
                "shares": 0
            },
            "linkedin": {
                "shares": 0
            },
            "stumbledupon": {
                "shares": 0
            },
            "vk": {
                "shares": 0
            }
        }
    },
    "uuid": "7ee263b2eaaa7ae30a5eda1c5814616204418741",
    "url": "https://messiahlyrbj.ampedpages.com/foundation-repair-dallas-ensuring-security-and-stability-for-each-structure-51612661",
    "ord_in_thread": 0,
    "parent_url": null,
    "author": "Messiahlyrbj Ampedpages Com",
    "published": "2023-12-28T19:59:00.000+02:00",
    "title": "Foundation Repair Dallas: Ensuring Security and Stability for each Structure",
    "text": "Important Guide to Foundation Repair Work: Everything You Need to Know\nThe \"Important Guide to Foundation Repair: Every Little Thing You Need to Know\" is an extensive source that supplies beneficial insights right into the globe of foundation fixing. In this guide, you will locate comprehensive details on the indications of foundation damages, the causes of foundation problems, various types of foundation fixing methods, elements that impact repair expenses, and the value of hiring an expert foundation repair work service provider.\nIndicators of Foundation Damage\n1. There are 5 key indications that indicate structure damages in a building. Identifying these indications early on is critical to stop more architectural damage and costly repair work. The very first indicator is the appearance of splits in the wall surfaces, both indoor and exterior. These fractures might be horizontal, vertical, or angled and can vary in width - FCS Foundation Repair Dallas Concrete Slab foundation repair. They are commonly an outcome of shifting or clearing up structures, indicating underlying structural concerns.\nThe second indication is unequal or sloping floors. If you see that your floorings are no longer degree, maybe an indicator of foundation issues. This can be observed by placing a degree on different locations of your floor and examining for any kind of disparities.\nOne more indication is doors and home windows that are tough to open or shut. It might be due to foundation negotiation if you find that your home windows and doors are obstructing or sticking. As the structure changes, it can cause the frameworks of windows and doors to end up being misaligned, leading to operational concerns.\nBroken or leaning smokeshafts are also indications of foundation damages. Look for any type of visible splits, spaces, or tilting in your smokeshaft structure. These concerns can arise when the structure clears up, causing the smokeshaft to change.\nFinally, moisture-related troubles such as water pooling around the structure or basement leaks can additionally suggest structure damage. Extreme dampness can deteriorate the structure and compromise its stability, causing further damage over time.\nReasons of Structure Troubles\nOne of the major reasons of foundation problems is improper drainage around the building. When the soil around a structure comes to be saturated with water, it can lead to a rise in hydrostatic pressure.\nOne more usual reason of structure troubles is the presence of extensive dirts. These sorts of dirts, such as clay, have a high water material and often tend to increase when wet and agreement when dry. This constant movement can put considerable stress and anxiety on the foundation, bring about changes and fractures.\nFurthermore, poor construction practices can add to foundation problems. This consists of making use of low-quality materials, insufficient reinforcement, and incorrect compacting of the dirt during construction - Foundation Repair Dallas. These variables can damage the foundation and make it much more prone to harm with time\nIt is vital to identify and address the root causes of structure troubles immediately to avoid more damage. Consulting with a specialist structure repair work professional can help determine the underlying concerns and give ideal remedies to guarantee the stability and durability of the building.\nDifferent Kinds of Foundation Fixing Techniques\nInappropriate drain and extensive soils are usual sources of structure issues, which require different kinds of structure repair methods. There are several strategies that can be used depending on the particular issues and seriousness of the damages. when it comes to repairing foundations.\nOne common method is referred to as piering or support. This entails installing steel piers or concrete pilings deep into the ground below the foundation to offer extra assistance. These piers help to support the structure and prevent more settlement.\nAnother generally used technique is called slabjacking or mudjacking. This strategy entails infusing a blend of cement, sand, and water beneath the foundation to lift it back right into its initial setting. Slabjacking is typically utilized to deal with foundation settlement or unevenness caused by dirt activity.\nFor foundations that have actually experienced substantial damages, wall surface anchors or dental braces may be essential. These gadgets are set up on the exterior or interior wall surfaces of the structure and offer lateral assistance, stopping additional inward movement.\nIn cases where the foundation has actually experienced extreme moisture, such as in areas with high groundwater levels, waterproofing techniques may be used. This can include the installation of drainage systems, such as French drains pipes, to reroute water away from the structure.\nElements Influencing Structure Fixing Expenses\nAspects such as the extent of damage and the chosen repair approach considerably affect the expenses connected with structure repair work. When it comes to establishing the price of foundation fixing, the degree of damages is an important aspect.\nAnother variable that influences the cost of structure repair is the selected fixing approach. There are numerous methods available, consisting of beam, slabjacking and pier foundation repair work, and helical piers. Each technique has its own costs and requirements. The level of the damages and the kind of structure will certainly establish which technique is most appropriate.\nIn enhancement to the degree of damage and repair service approach, various other variables can impact the expense of structure repair work. These factors include the dimension and accessibility of the property, the place, and the materials required for the fixing. Properties with difficult access or bigger square video may require more labor and tools, leading to greater costs.\nIt is necessary to note that foundation fixing prices can differ substantially depending on these elements. It is recommended to speak with an expert foundation repair expert who can analyze the particular problems and supply an accurate price price quote.\nHiring a Specialist Foundation Repair Work Professional\nWhen taking into consideration foundation repair, it is important to hire an expert service provider with experience in the field. Foundation repair service is a complicated and specialized task that requires the knowledge and abilities of qualified specialists. Employing a professional structure fixing specialist makes certain that the job will certainly be done properly and successfully, lessening the danger of further damage to your home.\nAmong the main benefits of employing a specialist contractor is their experience and experience. They have the needed knowledge and abilities to evaluate the level of the damages, determine the underlying reasons, and create an ideal repair service plan. They know with the different sorts of structure repair work methods and can suggest the ideal remedy for your particular circumstance.\nExpert specialists likewise have accessibility to specific devices and tools that are required for foundation repair service. They are educated in using these devices securely and efficiently, making certain that the repair is made with accuracy and precision.\nFurthermore, employing an expert contractor gives you with satisfaction. They\nnextare certified, insured, hereand bonded, which indicates that they are held accountable for their work. In case of any type of issues or issues during the fixing procedure, you can count on their experience and insurance coverage to resolve them.\nFinal Thought\nIn final thought, comprehending the indicators and reasons for foundation damage, as well as the various kinds of repair work approaches and aspects impacting prices, is crucial for property owners (FCS Foundation Repair Dallas). Working with an expert foundation repair work service provider is critical in ensuring a durable and effective solution. By resolving structure problems without delay and successfully, home owners can protect their building and stay clear of further damage in the future\nThe \"Important Overview to Foundation Repair Work: Everything You Required to Know\" is a comprehensive source that supplies valuable understandings right into the globe of structure fixing. In this guide, you will certainly discover detailed information on the indications of structure damages, the reasons of foundation troubles, different types of structure repair techniques, factors that impact repair service prices, and the importance\nthis linkof employing a professional structure repair service contractor.Elements such as the degree of damage and the chosen repair work method considerably impact the prices associated with structure fixing.An additional element that influences the expense of foundation repair work is the picked repair service method.In addition to the degree of damage and repair service method, other elements can impact the price of structure repair work.",
    "highlightText": "",
    "highlightTitle": "",
    "highlightThreadTitle": "",
    "language": "english",
    "sentiment": "positive",
    "categories": [
        "Economy, Business and Finance",
        "Health",
        "Human Interest"
    ],
    "external_links": [
        "https://foundationrepairsedmonton65187.bloggerswise.com/30144836/fcs-foundation-repair-dallas-relied-on-professionals-in-foundation-reconstruction",
        "https://foundation-repairs-austin67778.myparisblog.com/24604542/fcs-foundation-repair-dallas-concrete-slab-foundation-repair-ensuring-structural-integrity",
        "https://caideneoqeg.blogpostie.com/46235667/fcs-foundation-repair-dallas-concrete-pier-and-beam-repair-precision-and-knowledge-combined",
        "https://www.caideneoqeg.blogpostie.com/46235667/fcs-foundation-repair-dallas-concrete-pier-and-beam-repair-precision-and-knowledge-combined",
        "https://www.foundationrepairsedmonton65187.bloggerswise.com/30144836/fcs-foundation-repair-dallas-relied-on-professionals-in-foundation-reconstruction",
        "https://www.foundation-repairs-austin67778.myparisblog.com/24604542/fcs-foundation-repair-dallas-concrete-slab-foundation-repair-ensuring-structural-integrity"
    ],
    "external_images": [],
    "entities": {
        "persons": [],
        "organizations": [
            {
                "name": "foundation repair dallas",
                "sentiment": "negative"
            },
            {
                "name": "structure important guide to foundation repair work",
                "sentiment": "negative"
            },
            {
                "name": "fcs foundation repair dallas concrete slab",
                "sentiment": "none"
            },
            {
                "name": "indicators of foundation damage",
                "sentiment": "none"
            }
        ],
        "locations": []
    },
    "rating": null,
    "crawled": "2023-12-29T00:47:25.216+02:00",
    "updated": "2023-12-29T00:47:25.216+02:00"
}