{
    "thread": {
        "uuid": "de4b8e50b3459c85db350cbae9f2ae80720aef5e",
        "url": "https://lakalle.bluradio.com/entretenimiento/virales/moneda-de-500-con-error-de-acunacion-podria-estar-teniendo-un-valor-mas-alto-rs15",
        "site_full": "lakalle.bluradio.com",
        "site": "bluradio.com",
        "site_section": "https://lakalle.bluradio.com",
        "site_categories": [
            "business",
            "entertainment"
        ],
        "section_title": "La Kalle 96.9 FM: música popular, vallenato, música mexicana y mucho más",
        "title": "Moneda de $500 con error de acuñación podría estar teniendo un valor más alto - LaKalle",
        "title_full": "Moneda de $500 con error de acuñación podría estar teniendo un valor más alto - LaKalle",
        "published": "2023-12-29T00:23:00.000+02:00",
        "replies_count": 0,
        "participants_count": 1,
        "site_type": "news",
        "country": "CO",
        "main_image": "https://caracoltv.brightspotcdn.com/dims4/default/8d98ce3/2147483647/strip/true/crop/600x315+0+25/resize/1200x630!/quality/90/?url=http%3A%2F%2Fcaracol-brightspot.s3.amazonaws.com%2F21%2F26%2F5d5c013c42dfb033c00eedeb376b%2Fwhatsapp-image-2023-12-28-at-17.05.10.jpeg",
        "performance_score": 0,
        "domain_rank": 35100,
        "domain_rank_updated": "2023-12-26T12:06:20.000+02:00",
        "reach": null,
        "social": {
            "facebook": {
                "likes": 0,
                "comments": 0,
                "shares": 0
            },
            "gplus": {
                "shares": 0
            },
            "pinterest": {
                "shares": 0
            },
            "linkedin": {
                "shares": 0
            },
            "stumbledupon": {
                "shares": 0
            },
            "vk": {
                "shares": 0
            }
        }
    },
    "uuid": "de4b8e50b3459c85db350cbae9f2ae80720aef5e",
    "url": "https://lakalle.bluradio.com/entretenimiento/virales/moneda-de-500-con-error-de-acunacion-podria-estar-teniendo-un-valor-mas-alto-rs15",
    "ord_in_thread": 0,
    "parent_url": null,
    "author": "Carolina Montenegro",
    "published": "2023-12-29T00:23:00.000+02:00",
    "title": "Moneda de $500 con error de acuñación podría estar teniendo un valor más alto - LaKalle",
    "text": "Una [moneda de $500 colombiana](https://lakalle.bluradio.com/noticias/economia/moneda-de-100-esta-siendo-comprada-hasta-en-20-000-so35) La moneda, que fue acuñada en 2012, presenta un error en el núcleo, que está hecho de cobre. En lugar de tener un círculo perfecto, el núcleo tiene una forma ovalada. Este error es muy raro y solo se han reportado unos pocos casos. Por esta razón, los coleccionistas están dispuestos a pagar altos [precios por estas monedas.](https://lakalle.bluradio.com/noticias/tres-monedas-colombianas-por-las-que-pagan-mas-de-18-millones-so35) En el mercado de coleccionismo, las monedas con errores de acuñación suelen ser más valiosas que las monedas normales. Esto se debe a que son más raras y difíciles de encontrar. Publicidad En el caso de la moneda de $500, el error de acuñación es muy visible y fácil de detectar. Esto hace que la moneda sea aún más valiosa para los coleccionistas. Si usted tiene una moneda de $500 colombiana con un error de acuñación, podría valer una buena cantidad de dinero. Puede intentar venderla en el mercado de coleccionismo para obtener una ganancia. Sin embargo, es importante tener en cuenta que el precio de la moneda dependerá de varios factores, como la rareza del error, el estado de la moneda y la demanda de los coleccionistas. Publicidad Si usted está interesado en comprar una moneda de $500 con un error de acuñación, puede buscar en el mercado de coleccionismo online o en tiendas especializadas. [@numismaker] Error de acuñación en moneda de 500 pesos, [#numismatica] [#parati] [#viral] [#fyp] [#monedas] [♬ Caile - Luar La L] ¿Por qué hay personas que coleccionan monedas? Hay varias razones por las que las personas coleccionan monedas. Algunas de las razones más comunes incluyen: Publicidad - Interés histórico y cultural: Las monedas pueden tener una rica historia detrás de ellas. Los coleccionistas a menudo se sienten atraídos por las monedas antiguas debido a su conexión con eventos históricos, períodos de tiempo específicos o culturas particulares. - Valor monetario: Algunas monedas tienen un valor intrínseco debido a su rareza, antigüedad o errores de acuñación. Los coleccionistas pueden buscar estas monedas con la esperanza de que aumenten su valor con el tiempo. - Pasatiempo y disfrute personal: Para muchos, coleccionar monedas es un hobby apasionante. La búsqueda, el descubrimiento y el intercambio de monedas pueden ser una actividad placentera y educativa. - Conexión con la numismática: La numismática es el estudio y la colección de monedas y papel moneda. Algunos coleccionistas se sienten atraídos por la numismática como una forma de aprender sobre la historia económica, las técnicas de acuñación y los detalles de diseño de diferentes monedas. Carlos, el malabarista urbano: un encuentro de solidaridad y lucha en las calles | De 5 en 5 [Únete a nuestro canal de Whatsapp para tener de primera mano el mejor contenido de entretenimiento y música](https://whatsapp.com/channel/0029Va4bJzX8vd1SnLoXac01)",
    "highlightText": "",
    "highlightTitle": "",
    "highlightThreadTitle": "",
    "language": "spanish",
    "sentiment": "positive",
    "categories": [
        "Economy, Business and Finance"
    ],
    "external_links": [
        "https://whatsapp.com/channel/0029Va4bJzX8vd1SnLoXac01)",
        "https://www.whatsapp.com/channel/0029Va4bJzX8vd1SnLoXac01)"
    ],
    "external_images": [],
    "entities": {
        "persons": [],
        "organizations": [],
        "locations": []
    },
    "rating": null,
    "crawled": "2023-12-29T00:32:00.017+02:00",
    "updated": "2023-12-29T00:32:00.017+02:00"
}