{
    "thread": {
        "uuid": "3cdcaac64ccfaf4230a218fed92aba9ea4d09e89",
        "url": "https://www.cope.es/actualidad/espana/noticias/acertante-telde-gran-canaria-gana-mas-millones-sorteo-bonoloto-20231228_3070840",
        "site_full": "www.cope.es",
        "site": "cope.es",
        "site_section": "http://www.cope.es/api/es/news/rss.xml",
        "site_categories": [
            "sports"
        ],
        "section_title": "",
        "title": "Un acertante en Telde (Gran Canaria) gana más de 1,3 millones en el sorteo de 'La Bonoloto'",
        "title_full": "Un acertante en Telde (Gran Canaria) gana más de 1,3 millones en el sorteo de 'La Bonoloto'",
        "published": "2023-12-28T23:14:00.000+02:00",
        "replies_count": 0,
        "participants_count": 1,
        "site_type": "news",
        "country": "ES",
        "main_image": "https://cope-cdnmed.cope.es/img/brand/cope-redes-sociales.jpg",
        "performance_score": 0,
        "domain_rank": 8049,
        "domain_rank_updated": "2023-12-26T12:06:20.000+02:00",
        "reach": null,
        "social": {
            "facebook": {
                "likes": 0,
                "comments": 0,
                "shares": 0
            },
            "gplus": {
                "shares": 0
            },
            "pinterest": {
                "shares": 0
            },
            "linkedin": {
                "shares": 0
            },
            "stumbledupon": {
                "shares": 0
            },
            "vk": {
                "shares": 0
            }
        }
    },
    "uuid": "3cdcaac64ccfaf4230a218fed92aba9ea4d09e89",
    "url": "https://www.cope.es/actualidad/espana/noticias/acertante-telde-gran-canaria-gana-mas-millones-sorteo-bonoloto-20231228_3070840",
    "ord_in_thread": 0,
    "parent_url": null,
    "author": "Europa Press",
    "published": "2023-12-28T23:14:00.000+02:00",
    "title": "Un acertante en Telde (Gran Canaria) gana más de 1,3 millones en el sorteo de 'La Bonoloto'",
    "text": "Un acertante en Telde (Gran Canaria) gana más de 1,3 millones en el sorteo de 'La Bonoloto' Europa Press Tiempo de lectura: 1' Actualizado 23:14 El dueño de un boleto de 'La Bonoloto' validado en Telde (Gran Canaria) percibirá más 1,3 millones de euros al haber sido el único acertante de Primera Categoría en el sorteo celebrado este jueves, según informó Loterías y Apuestas del Estado. El boleto acertante ha sido validado en la Administración de Loterías número 5 de Telde (Las Palmas), situada en Plaza San Gregorio. En concreto, su propietario cobrará un total de 1.345.347,23 euros. La combinación ganadora del sorteo de la Bonoloto celebrado este jueves, 28 de diciembre, ha estado formada por los números 6, 14, 15, 16, 20 y 40. El número complementario es el 28 y el reintegro, el 9. La recaudación ha ascendido a 2.599.905 euros. De Segunda Categoría (cinco aciertos más complementario) existen tres boletos acertantes que han sido validados en el Despacho Receptor número 7.035 de Montijo (Badajoz), situado en Plaza de los Bootello, 5;en el número 49.085 de Meira (Lugo), situado en Plaza Mayor, 14 y otro validado a través del canal oficial de internet Loterías y Apuestas del Estado. - item no encontrado",
    "highlightText": "",
    "highlightTitle": "",
    "highlightThreadTitle": "",
    "language": "spanish",
    "sentiment": "positive",
    "categories": [
        "Economy, Business and Finance",
        "Human Interest"
    ],
    "external_links": [],
    "external_images": [],
    "entities": {
        "persons": [],
        "organizations": [],
        "locations": []
    },
    "rating": null,
    "crawled": "2023-12-29T00:30:06.542+02:00",
    "updated": "2023-12-29T00:33:04.903+02:00"
}