{
    "thread": {
        "uuid": "ecb9ea32f3b9e706f526290d0c7de9f457dfcae7",
        "url": "https://askanews.it/2023/12/28/superbonus-tajani-aiutate-imprese-e-cittadini-piu-deboli/",
        "site_full": "askanews.it",
        "site": "askanews.it",
        "site_section": "https://www.askanews.it",
        "site_categories": [],
        "section_title": "Askanews - Notizie, approfondimenti e news dell'ultima ora di economia, cronaca, politica, cultura, spettacolo e altri temi di attualit&agrave;",
        "title": "Superbonus, Tajani: aiutate imprese e cittadini più deboli",
        "title_full": "Superbonus, Tajani: aiutate imprese e cittadini più deboli",
        "published": "2023-12-28T02:00:00.000+02:00",
        "replies_count": 0,
        "participants_count": 1,
        "site_type": "news",
        "country": "IT",
        "main_image": "https://askanews.it/wp-content/uploads/2023/12/Superbonus-Tajani-aiutate-imprese-e-cittadini-piu-deboli.jpg",
        "performance_score": 0,
        "domain_rank": 27345,
        "domain_rank_updated": "2023-12-26T12:06:20.000+02:00",
        "reach": null,
        "social": {
            "facebook": {
                "likes": 0,
                "comments": 0,
                "shares": 0
            },
            "gplus": {
                "shares": 0
            },
            "pinterest": {
                "shares": 0
            },
            "linkedin": {
                "shares": 0
            },
            "stumbledupon": {
                "shares": 0
            },
            "vk": {
                "shares": 0
            }
        }
    },
    "uuid": "ecb9ea32f3b9e706f526290d0c7de9f457dfcae7",
    "url": "https://askanews.it/2023/12/28/superbonus-tajani-aiutate-imprese-e-cittadini-piu-deboli/",
    "ord_in_thread": 0,
    "parent_url": null,
    "author": "@askanews_ita",
    "published": "2023-12-28T02:00:00.000+02:00",
    "title": "Superbonus, Tajani: aiutate imprese e cittadini più deboli",
    "text": "Roma, 28 dic. (askanews) – “Abbiamo dato un aiuto alle imprese che non rischiano di fallire e poi soprattutto un aiuto alle famiglie e ai cittadini più deboli che potranno veder concludere i lavori di ristrutturazione senza dover spendere altri soldi perchè magari non hanno la possibilità. Quindi un segnale alle grandi periferie e alle imprese”. Il vicepresidente del Consiglio e ministro degli Esteri Antonio Tajani (Fi), intervenuto alla trasmissione Zona Bianca su Retequattro, è soddisfatto per l’esito del consiglio dei ministri odierno nel quale, ha detto, “abbiamo trovato un accordo, com’era prevedibile sul Superbonus, di fatto garantendo a tutti coloro che lo stanno utilizzando e rispettando le regole che non ci saranno sanzioni. Anche se non è stato fatto tutto come previsto non dovranno restituire i soldo. Quindi – sintetizza Tajani – una sorta di sanatoria. Ma poi, per le famiglie più deboli e per coloro che hanno difficoltà economiche, siccome magari dovranno passare dal 110% al 70% (di rimborso, ndr) e non ce lo faranno perchè magari hanno iniziato i lavori e sono famiglie didagiate, con un’Isee sotto ai 15 mila euro lo stato pagherà la differenza il 70% e il 110% perchè i lavori si potranno sempre continuare col bonus del 70%”. Superbonus, Tajani: aiutate imprese e cittadini più deboli Vicepremier soddisfatto per esito consiglio dei ministri",
    "highlightText": "",
    "highlightTitle": "",
    "highlightThreadTitle": "",
    "language": "italian",
    "sentiment": "positive",
    "categories": [
        "Politics",
        "Human Interest",
        "Economy, Business and Finance"
    ],
    "external_links": [],
    "external_images": [],
    "entities": {
        "persons": [],
        "organizations": [],
        "locations": []
    },
    "rating": null,
    "crawled": "2023-12-29T00:45:02.929+02:00",
    "updated": "2023-12-29T00:45:02.929+02:00"
}