{
    "thread": {
        "uuid": "886dd601d1664489b3a54dbcfcff550eed4f343f",
        "url": "https://ground.news/article/loreal-heir-francoise-bettencourt-meyers-becomes-first-woman-with-100b-fortune_213951",
        "site_full": "ground.news",
        "site": "ground.news",
        "site_section": "https://ground.news/interest/hnonlinesk",
        "site_categories": [],
        "section_title": "hnonline.sk Breaking News Headlines Today | Ground News",
        "title": "Ground News - L’Oreal heiress Francoise Bettencourt Meyers is the first woman with a $100 billion fortune, according to Bloomberg",
        "title_full": "Ground News - L’Oreal heiress Francoise Bettencourt Meyers is the first woman with a $100 billion fortune, according to Bloomberg",
        "published": "2023-12-29T00:25:00.000+02:00",
        "replies_count": 0,
        "participants_count": 1,
        "site_type": "news",
        "country": "CA",
        "main_image": "",
        "performance_score": 0,
        "domain_rank": 29780,
        "domain_rank_updated": "2023-12-26T12:06:20.000+02:00",
        "reach": null,
        "social": {
            "facebook": {
                "likes": 0,
                "comments": 0,
                "shares": 0
            },
            "gplus": {
                "shares": 0
            },
            "pinterest": {
                "shares": 0
            },
            "linkedin": {
                "shares": 0
            },
            "stumbledupon": {
                "shares": 0
            },
            "vk": {
                "shares": 0
            }
        }
    },
    "uuid": "886dd601d1664489b3a54dbcfcff550eed4f343f",
    "url": "https://ground.news/article/loreal-heir-francoise-bettencourt-meyers-becomes-first-woman-with-100b-fortune_213951",
    "ord_in_thread": 0,
    "parent_url": null,
    "author": "KRDO",
    "published": "2023-12-29T00:25:00.000+02:00",
    "title": "Ground News - L’Oreal heiress Francoise Bettencourt Meyers is the first woman with a $100 billion fortune, according to Bloomberg",
    "text": "Summary by KRDO By Ramishah Maruf, CNN New York (CNN) — Francoise Bettencourt Meyers, the L’Oreal heiress and richest woman in the world, has become the first woman to hold a $100 billion fortune, Bloomberg reported Thursday. The Bloomberg Billionaire’s Index, which reflects changes as of 5 pm ET of the previous trading day, lists Bettencourt Meyers as the 12th richest person, just ahead of Mukesh Ambani and behind Carlos Slim, who recently became the first per… Share menu More\nFilters 15 Articles 15 Articles All Left Center Right\nKRDO Center High Factuality Media Conglomerate: News-Press & Gazette Company L’Oreal heiress Francoise Bettencourt Meyers is the first woman with a $100 billion fortune, according to Bloomberg By Ramishah Maruf, CNN New York (CNN) — Francoise Bettencourt Meyers, the L’Oreal heiress and richest woman in the world, has become the first woman to hold a $100 billion fortune, Bloomberg reported Thursday. The Bloomberg Billionaire’s Index, which reflects changes as of 5 pm ET of the previous trading day, lists Bettencourt Meyers as the 12th richest person, just ahead of Mukesh Ambani and behind Carlos Slim, who recently became the first per…\n3 hours ago · Colorado Springs, United States Read Full Article\nKRDO Center High Factuality Media Conglomerate: News-Press & Gazette Company\nL’Oreal heiress Francoise Bettencourt Meyers is the first woman with a $100 billion fortune, according to Bloomberg By Ramishah Maruf, CNN New York (CNN) — Francoise Bettencourt Meyers, the L’Oreal heiress and richest woman in the world, has become the first woman to hold a $100 billion fortune, Bloomberg reported Thursday. The Bloomberg Billionaire’s Index, which reflects changes as of 5 pm ET of the previous trading day, lists Bettencourt Meyers as the 12th richest person, just ahead of Mukesh Ambani and behind Carlos Slim, who recently became the first per…\n3 hours ago · Colorado Springs, United States Read Full Article KIFI Center High Factuality Media Conglomerate: News-Press & Gazette Company L’Oreal heiress Francoise Bettencourt Meyers is the first woman with a $100 billion fortune, according to Bloomberg By Ramishah Maruf, CNN New York (CNN) — Francoise Bettencourt Meyers, the L’Oreal heiress and richest woman in the world, has become the first woman to hold a $100 billion fortune, Bloomberg reported Thursday. The Bloomberg Billionaire’s Index, which reflects changes as of 5 pm ET of the previous trading day, lists Bettencourt Meyers as the 12th richest person, just ahead of Mukesh Ambani and behind Carlos Slim, who recently became the first per…\n3 hours ago · Idaho Falls, United States Read Full Article\nKIFI Center High Factuality Media Conglomerate: News-Press & Gazette Company\nL’Oreal heiress Francoise Bettencourt Meyers is the first woman with a $100 billion fortune, according to Bloomberg By Ramishah Maruf, CNN New York (CNN) — Francoise Bettencourt Meyers, the L’Oreal heiress and richest woman in the world, has become the first woman to hold a $100 billion fortune, Bloomberg reported Thursday. The Bloomberg Billionaire’s Index, which reflects changes as of 5 pm ET of the previous trading day, lists Bettencourt Meyers as the 12th richest person, just ahead of Mukesh Ambani and behind Carlos Slim, who recently became the first per…\n3 hours ago · Idaho Falls, United States Read Full Article New York Post Lean Right Mixed Factuality Media Conglomerate: Murdoch Family L’Oreal heir Francoise Bettencourt Meyers becomes first woman with $100B fortune Francoise Bettencourt Meyers became the first woman to boast a $100 billion fortune after L'Oreal's shares surged to a record high.\n2 hours ago · New York, United States Read Full Article\nNew York Post Lean Right Mixed Factuality Media Conglomerate: Murdoch Family\nL’Oreal heir Francoise Bettencourt Meyers becomes first woman with $100B fortune Francoise Bettencourt Meyers became the first woman to boast a $100 billion fortune after L'Oreal's shares surged to a record high.\n2 hours ago · New York, United States Read Full Article Het Laatste Nieuws Lean Right Mixed Factuality Media Conglomerate: DPG Media L'Oréal heiress is the first woman to have a fortune of more than $100 billion The world's richest woman has been worth more than 100 billion dollars since Thursday, equivalent to more than 90 billion euros. This is evident from the Billionaires Index by the financial news agency “Bloomberg”. L'Oréal heiress Francoise Bettencourt Meyers has crossed that mark as the first woman ever, after the company had its best stock market year in a quarter of a century in 2023.\n4 hours ago · Kobbegem, Belgium Read Full Article\nHet Laatste Nieuws Lean Right Mixed Factuality Media Conglomerate: DPG Media\nL'Oréal heiress is the first woman to have a fortune of more than $100 billion The world's richest woman has been worth more than 100 billion dollars since Thursday, equivalent to more than 90 billion euros. This is evident from the Billionaires Index by the financial news agency “Bloomberg”. L'Oréal heiress Francoise Bettencourt Meyers has crossed that mark as the first woman ever, after the company had its best stock market year in a quarter of a century in 2023.\n4 hours ago · Kobbegem, Belgium Read Full Article Noticias ao Minuto Herdeira da L'Oreal é a primeira mulher com fortuna de 100 mil milhões A empresária francesa Françoise Bettencourt Meyers, neta do fundador da L'Oréal, tornou-se a primeira mulher a acumular uma fortuna de 100 mil milhões de dólares (90.327 milhões de euros ), segundo o índice de bilionários elaborado pela Bloomberg. Na sessão de quinta-feira, depois de as ações da L'Oreal terem subido 0,58%, para uma cotação recorde de 451,30 euros, a fortuna estimada da empresária francesa subiu para 100,2 mil milhões de dólares…\n2 hours ago Read Full Article\nNoticias ao Minuto\nHerdeira da L'Oreal é a primeira mulher com fortuna de 100 mil milhões A empresária francesa Françoise Bettencourt Meyers, neta do fundador da L'Oréal, tornou-se a primeira mulher a acumular uma fortuna de 100 mil milhões de dólares (90.327 milhões de euros ), segundo o índice de bilionários elaborado pela Bloomberg. Na sessão de quinta-feira, depois de as ações da L'Oreal terem subido 0,58%, para uma cotação recorde de 451,30 euros, a fortuna estimada da empresária francesa subiu para 100,2 mil milhões de dólares…\n2 hours ago Read Full Article Het Belang van Limburg Media Conglomerate: Mediahuis L'Oréal heiress becomes first woman to own $100 billion Since Thursday, L'Oréal heiress Francoise Bettencourt Meyers, the richest woman in the world, became the first woman ever to own more than 100 billion dollars, more than 90 billion euros. This is evident from Bloomberg's Billionaires Index.\n2 hours ago Read Full Article\nHet Belang van Limburg Media Conglomerate: Mediahuis\nL'Oréal heiress becomes first woman to own $100 billion Since Thursday, L'Oréal heiress Francoise Bettencourt Meyers, the richest woman in the world, became the first woman ever to own more than 100 billion dollars, more than 90 billion euros. This is evident from Bloomberg's Billionaires Index.\n2 hours ago Read Full Article More articles Think freely. Subscribe and get full access to Ground News Subscriptions start at $9.99/year Subscribe",
    "highlightText": "",
    "highlightTitle": "",
    "highlightThreadTitle": "",
    "language": "english",
    "sentiment": "positive",
    "categories": [
        "Economy, Business and Finance",
        "Human Interest"
    ],
    "external_links": [
        "https://krdo.com/news/2023/12/28/loreal-heiress-francoise-bettencourt-meyers-is-the-first-woman-with-a-100-billion-fortune-according-to-bloomberg/?utm_source=ground.news&utm_medium=referral",
        "https://www.hbvl.be/cnt/dmf20231228_97292060?utm_source=ground.news&utm_medium=referral",
        "https://localnews8.com/money/cnn-business-consumer/2023/12/28/loreal-heiress-francoise-bettencourt-meyers-is-the-first-woman-with-a-100-billion-fortune-according-to-bloomberg/?utm_source=ground.news&utm_medium=referral",
        "https://nypost.com/2023/12/28/business/loreal-heir-francoise-bettencourt-meyers-boasts-100b-fortune/?utm_source=ground.news&utm_medium=referral",
        "https://www.hln.be/nieuws/loreal-erfgename-heeft-als-eerste-vrouw-vermogen-van-meer-dan-100-miljard-dollar~a788b4df8/?utm_source=ground.news&utm_medium=referral",
        "https://www.noticiasaominuto.com/economia/2469884/herdeira-da-loreal-e-a-primeira-mulher-com-fortuna-de-100-mil-milhoes?utm_source=ground.news&utm_medium=referral",
        "https://krdo.com/news/2023/12/28/loreal-heiress-francoise-bettencourt-meyers-is-the-first-woman-with-a-100-billion-fortune-according-to-bloomberg/",
        "https://www.noticiasaominuto.com/economia/2469884/herdeira-da-loreal-e-a-primeira-mulher-com-fortuna-de-100-mil-milhoes",
        "https://www.localnews8.com/money/cnn-business-consumer/2023/12/28/loreal-heiress-francoise-bettencourt-meyers-is-the-first-woman-with-a-100-billion-fortune-according-to-bloomberg/?utm_source=ground.news&utm_medium=referral",
        "https://www.hln.be/nieuws/loreal-erfgename-heeft-als-eerste-vrouw-vermogen-van-meer-dan-100-miljard-dollar~a788b4df8/",
        "https://www.hbvl.be/cnt/dmf20231228_97292060",
        "https://noticiasaominuto.com/economia/2469884/herdeira-da-loreal-e-a-primeira-mulher-com-fortuna-de-100-mil-milhoes?utm_source=ground.news&utm_medium=referral",
        "https://hln.be/nieuws/loreal-erfgename-heeft-als-eerste-vrouw-vermogen-van-meer-dan-100-miljard-dollar~a788b4df8/?utm_source=ground.news&utm_medium=referral",
        "https://localnews8.com/money/cnn-business-consumer/2023/12/28/loreal-heiress-francoise-bettencourt-meyers-is-the-first-woman-with-a-100-billion-fortune-according-to-bloomberg/",
        "https://www.nypost.com/2023/12/28/business/loreal-heir-francoise-bettencourt-meyers-boasts-100b-fortune/?utm_source=ground.news&utm_medium=referral",
        "https://www.krdo.com/news/2023/12/28/loreal-heiress-francoise-bettencourt-meyers-is-the-first-woman-with-a-100-billion-fortune-according-to-bloomberg/?utm_source=ground.news&utm_medium=referral",
        "https://hbvl.be/cnt/dmf20231228_97292060?utm_source=ground.news&utm_medium=referral",
        "https://nypost.com/2023/12/28/business/loreal-heir-francoise-bettencourt-meyers-boasts-100b-fortune/"
    ],
    "external_images": [],
    "entities": {
        "persons": [
            {
                "name": "ramishah maruf",
                "sentiment": "negative"
            },
            {
                "name": "francoise bettencourt meyers",
                "sentiment": "negative"
            },
            {
                "name": "bettencourt meyers",
                "sentiment": "none"
            },
            {
                "name": "carlos slim",
                "sentiment": "none"
            },
            {
                "name": "mukesh ambani",
                "sentiment": "none"
            }
        ],
        "organizations": [
            {
                "name": "cnn",
                "sentiment": "negative"
            },
            {
                "name": "bloomberg",
                "sentiment": "negative"
            },
            {
                "name": "krdo center high factuality media conglomerate: news-press & gazette company",
                "sentiment": "none"
            }
        ],
        "locations": [
            {
                "name": "new york",
                "sentiment": "none"
            }
        ]
    },
    "rating": null,
    "crawled": "2023-12-29T00:42:52.666+02:00",
    "updated": "2023-12-29T00:42:52.666+02:00"
}