{
    "thread": {
        "uuid": "3efa799cbd85ccf85e99f75b68b1a40da469cde1",
        "url": "https://Careers.asn-online.org/job/nephrologist/49005370/",
        "site_full": "careers.asn-online.org",
        "site": "asn-online.org",
        "site_section": "http://www.careerwebsite.com/distrib/jobs/rss.cfm?code=fcFIlETSKCCEnX3XP4kvedPIwPTlngHn&state=ZZZ",
        "site_categories": [
            "job_search",
            "jobs"
        ],
        "section_title": "Recent job postings",
        "title": "Nephrologist - Confidential - Griffin, GA",
        "title_full": "Nephrologist - Confidential - Griffin, GA",
        "published": "2023-12-28T23:23:00.000+02:00",
        "replies_count": 0,
        "participants_count": 0,
        "site_type": "news",
        "country": "US",
        "main_image": "",
        "performance_score": 0,
        "domain_rank": 51599,
        "domain_rank_updated": "2023-12-26T12:06:25.000+02:00",
        "reach": null,
        "social": {
            "facebook": {
                "likes": 0,
                "comments": 0,
                "shares": 0
            },
            "gplus": {
                "shares": 0
            },
            "pinterest": {
                "shares": 0
            },
            "linkedin": {
                "shares": 0
            },
            "stumbledupon": {
                "shares": 0
            },
            "vk": {
                "shares": 0
            }
        }
    },
    "uuid": "3efa799cbd85ccf85e99f75b68b1a40da469cde1",
    "url": "https://Careers.asn-online.org/job/nephrologist/49005370/",
    "ord_in_thread": 0,
    "parent_url": null,
    "author": null,
    "published": "2023-12-28T23:23:00.000+02:00",
    "title": "Nephrologist - Confidential - Griffin, GA",
    "text": "American Society of Nephrology\nNephrologist\nDescription\nExcellent opportunity to join established Nephrology private practice located in South Metro-Atlanta GA\nWell-established, thriving Nephrology private practice located close to Atlanta, GA is seeking a Fourth Nephrologist. This progressive private practice opportunity offers an immediate patient base and collegial referral sources amongst a rapidly growing renal population. The physician will also provide consultative coverage to local hospitals on a rotating basis. Our practice offers solid mid-level support to all physicians in the group, calls and holidays are divided equally. Candidates must be licensed or eligible for MD licensure in Georgia. Candidates must also be Nephrology BC/BE. Competitive compensation benefits package and, a sign-on bonus offered to qualified applicants. At this time we are only accepting applicants with no Visa issues.\nLocated 20 miles south of midtown Atlanta in a vibrant suburban community with excellent schools, recognized as an excellent place to raise a family while maintaining easy access to in-town activities as well as the International Airport. Metro Atlanta is known for its multiple colleges & universities, ongoing multicultural events, family and outdoor activities & venues such as parks, museums, theaters, Zoo & Aquarium, theme park, and major league sports (MLB, NFL & NBA) teams as well as numerous festivals and conferences.\nTo pursue this exciting opportunity, please submit your CV to the Practice Manager at: or via eFax: 678-833-3982.\nJob Information\n- Job ID: 49005370\n- Workplace Type: On-Site\n- Location:\nStockbridge, Georgia, United States\nGriffin, Georgia, United States\n- Company Name For Job: Confidential\n- Position Title: Nephrologist\n- Job Function: Nephrologist\n- Job Duration: Indefinite\n- Required Travel: 25-50%",
    "highlightText": "",
    "highlightTitle": "",
    "highlightThreadTitle": "",
    "language": "english",
    "sentiment": "positive",
    "categories": [
        "Arts, Culture and Entertainment",
        "Economy, Business and Finance"
    ],
    "external_links": [],
    "external_images": [],
    "entities": {
        "persons": [
            {
                "name": "griffin",
                "sentiment": "negative"
            }
        ],
        "organizations": [
            {
                "name": "ga american society of nephrology nephrologist description excellent",
                "sentiment": "negative"
            }
        ],
        "locations": [
            {
                "name": "atlanta",
                "sentiment": "none"
            },
            {
                "name": "georgia",
                "sentiment": "none"
            },
            {
                "name": "south metro-atlanta",
                "sentiment": "none"
            }
        ]
    },
    "rating": null,
    "crawled": "2023-12-29T00:28:59.766+02:00",
    "updated": "2023-12-29T00:28:59.766+02:00"
}