{
    "thread": {
        "uuid": "583ca8a51278152956b54f5fc61517685488a268",
        "url": "https://www.remax.ca/bc/ladysmith-real-estate/1144-2nd-ave-wp_idm00000051-950062-lst",
        "site_full": "www.remax.ca",
        "site": "remax.ca",
        "site_section": "https://remax.ca/bc",
        "site_categories": [
            "real_estate",
            "buying_selling_homes"
        ],
        "section_title": "British Columbia (BC) Real Estate | Houses For Sale | RE/MAX",
        "title": "1144 2nd Ave, Ladysmith BC V9G 1A4, Ladysmith, BC V9G 1A4 House For Sale | RE/MAX | 950062",
        "title_full": "1144 2nd Ave, Ladysmith BC V9G 1A4, Ladysmith, BC V9G 1A4 House For Sale | RE/MAX | 950062",
        "published": "2023-12-28T02:00:00.000+02:00",
        "replies_count": 0,
        "participants_count": 0,
        "site_type": "news",
        "country": "CA",
        "main_image": "https://remax-listingphotos-ca5.imgix.net/rets-images-victoria-can/bc915ac41b147fb5d0101ffec51506ad52ea0930-1-large.jpeg",
        "performance_score": 0,
        "domain_rank": 28927,
        "domain_rank_updated": "2023-12-26T12:06:20.000+02:00",
        "reach": null,
        "social": {
            "facebook": {
                "likes": 0,
                "comments": 0,
                "shares": 0
            },
            "gplus": {
                "shares": 0
            },
            "pinterest": {
                "shares": 0
            },
            "linkedin": {
                "shares": 0
            },
            "stumbledupon": {
                "shares": 0
            },
            "vk": {
                "shares": 0
            }
        }
    },
    "uuid": "583ca8a51278152956b54f5fc61517685488a268",
    "url": "https://www.remax.ca/bc/ladysmith-real-estate/1144-2nd-ave-wp_idm00000051-950062-lst",
    "ord_in_thread": 0,
    "parent_url": null,
    "author": null,
    "published": "2023-12-28T02:00:00.000+02:00",
    "title": "1144 2nd Ave, Ladysmith BC V9G 1A4, Ladysmith, BC V9G 1A4 House For Sale | RE/MAX | 950062",
    "text": "Property Description for 1144 2nd Ave, Ladysmith BC V9G 1A4 Welcome home! Here is an amazing opportunity to get into a beautiful home with LEGAL suite!! Impressive main home boasts cathedral ceilings with post and beam throughout. The main home also has three spacious bedrooms, two baths, modern kitchen, wood fireplace and a large deck for entertaining. Stunning views!! Below you will find the double car garage, common laundry AND legal one bedroom suite with wood fireplace and walkout to easy access parking! Looking for extended family or BnB or long-term rental income… the possibilities are endless! Complete with kiwi, peach, raspberry, strawberry and raised garden beds in a partially fenced yard. This private oasis has been meticulously landscaped, includes sandbox, swings and garden shed. Long list of recent upgrades in this lovingly maintained, quality home. Walking distance to Main Street, Community Centre and Schools in charming Ladysmith. Huge, private lot in town, a rare gem! Please verify measurements if important. Tour this home Property Details Property Tax: $5,120 (2023) Last Updated: Thu, December 28, 2023 MLS® #: 950062 Date Listed: Dec 28, 2023 Home Features Property Type: Single Family Square Footage: 1,921 SQFT Interior Features Heating: Forced Air, Heat Pump Fireplace: Yes Basement: Finished, Full, Walk-Out Access Flooring: Carpet, Laminate, Mixed Exterior Features Acreage: 0 Roof: Asphalt Torch On Utilities Sewer: Sewer Connected Other Parking Features: Additional Parking, Attached, Driveway Fireplace Features: Insert Exterior Features: Balcony/Deck, Fenced, Garden, Playground Mortgage Calculator Similar Listings in Ladysmith MLS® property information is provided under copyright© by the Vancouver Island Real Estate Board and Victoria Real Estate Board. The information is from sources deemed reliable, but should not be relied upon without independent verification. https://reciprocity.vireb.com/",
    "highlightText": "",
    "highlightTitle": "",
    "highlightThreadTitle": "",
    "language": "english",
    "sentiment": "positive",
    "categories": [
        "Lifestyle and Leisure",
        "Economy, Business and Finance",
        "Human Interest"
    ],
    "external_links": [
        "https://reciprocity.vireb.com/",
        "https://www.reciprocity.vireb.com/",
        "https://reciprocity.vireb.com"
    ],
    "external_images": [],
    "entities": {
        "persons": [
            {
                "name": "ladysmith",
                "sentiment": "none"
            }
        ],
        "organizations": [],
        "locations": []
    },
    "rating": null,
    "crawled": "2023-12-29T01:07:44.314+02:00",
    "updated": "2023-12-29T01:07:44.314+02:00"
}