{
    "thread": {
        "uuid": "0b6638ba0b02d8c163c10a8082b161aaf64e0859",
        "url": "https://www.sportskeeda.com/baseball/news-cody-bellinger-free-agency-cubs-now-favorites-re-sign-star-of-1b-per-mlb-insider",
        "site_full": "www.sportskeeda.com",
        "site": "sportskeeda.com",
        "site_section": "https://sportskeeda.com",
        "site_categories": [
            "media",
            "cricket",
            "sports"
        ],
        "section_title": "Sportskeeda - Sports News, Live Scores, Gaming, Fantasy and Wrestling News",
        "title": "Cody Bellinger Free Agency: Cubs now favorites to re-sign star OF/1B, per MLB insider",
        "title_full": "Cody Bellinger Free Agency: Cubs now favorites to re-sign star OF/1B, per MLB insider",
        "published": "2023-12-28T19:04:00.000+02:00",
        "replies_count": 0,
        "participants_count": 1,
        "site_type": "news",
        "country": "IN",
        "main_image": "https://staticg.sportskeeda.com/editor/2023/12/a207f-17037995207768-1920.jpg",
        "performance_score": 0,
        "domain_rank": 3425,
        "domain_rank_updated": "2023-12-26T12:06:20.000+02:00",
        "reach": null,
        "social": {
            "facebook": {
                "likes": 0,
                "comments": 0,
                "shares": 14
            },
            "gplus": {
                "shares": 0
            },
            "pinterest": {
                "shares": 0
            },
            "linkedin": {
                "shares": 0
            },
            "stumbledupon": {
                "shares": 0
            },
            "vk": {
                "shares": 0
            }
        }
    },
    "uuid": "0b6638ba0b02d8c163c10a8082b161aaf64e0859",
    "url": "https://www.sportskeeda.com/baseball/news-cody-bellinger-free-agency-cubs-now-favorites-re-sign-star-of-1b-per-mlb-insider",
    "ord_in_thread": 0,
    "parent_url": null,
    "author": "hindi.sportskeeda.com",
    "published": "2023-12-28T19:04:00.000+02:00",
    "title": "Cody Bellinger Free Agency: Cubs now favorites to re-sign star OF/1B, per MLB insider",
    "text": "') > -1) { addClass($('.section-container'), 'pill-tag'); } Cody Bellinger Free Agency: Cubs now favorites to re-sign star OF/1B, per MLB insider Like what you are reading? Unlock the Full Story for Free! Sign in with Google Continue with Facebook Login using other methods Cody Bellinger's free agency is starting to ramp up after the signings of Shohei Ohtani and Yoshinobu Yamamoto. Teams have shifted their interest in the former National League MVP in recent days.\nOne team that MLB insider Jon Heyman believes to be the favorite to land Bellinger is the Chicago Cubs. They have not done much as an organization this offseason besides adding Craig Counsell as manager.\nExpand Tweet •\n70% Win (110-25-1) 70% Win (110-25-1) 70% Win (110-25-1) Unlock Free tips from our Experts Get Picks Now Bellinger spent the 2023 season in Chicago and had a re-surging year. He appeared in 130 games, hitting .307/.356/.525 with 26 home runs, 97 RBIs, and 20 stolen bases. He did this all in a contract year, which is impressive.\nThe Cubs are looking for offense this winter, and Cody Bellinger was one of the most intriguing offensive players last season. If Chicago believes he has found himself again and is willing to spend the money, he would be a great re-signing.\nAll signs are pointing to Cody Bellinger rejoining the Chicago Cubs Pittsburgh Pirates v Chicago Cubs Cody Bellinger is the top-rated positional player on the open market. He is coming off a year where he bet on himself and had fantastic results with the Cubs for the 2023 season.\nChicago has exciting players like Christopher Morel and Pete Crow Armstrong. They should have an excellent opportunity to make a noise in the National League Central.\nThere is no denying that Bellinger was the team's best player last season. That is something they likely will not want to give up. However, they must dish out big-time money to re-sign the slugger. He is expected to receive a contract upwards of $200 million.\nExpand Tweet With the Toronto Blue Jays signing Kevin Kiermaier just days ago, all signs lead to Bellinger staying with the Cubs. This would be Chicago's biggest offseason signing if they were to make a deal with Bellinger.\nClick here for 2023 MLB Free Agency Tracker Updates. Follow Sportskeeda for latest news and updates on MLB.",
    "highlightText": "",
    "highlightTitle": "",
    "highlightThreadTitle": "",
    "language": "english",
    "sentiment": "positive",
    "categories": [
        "Sport",
        "Economy, Business and Finance"
    ],
    "external_links": [
        "https://twitter.com/CubsZone/status/1633587198091034627",
        "https://betstoday.com",
        "https://twitter.com/MLBDeadlineNews/status/1740479811498496393?t=RB9fo4meBRtpg2nVa3cW1g&s=19",
        "https://twitter.com/MLBDeadlineNews/status/1740479811498496393",
        "https://www.twitter.com/MLBDeadlineNews/status/1740479811498496393?t=RB9fo4meBRtpg2nVa3cW1g&s=19",
        "https://www.twitter.com/CubsZone/status/1633587198091034627",
        "https://www.betstoday.com"
    ],
    "external_images": [],
    "entities": {
        "persons": [
            {
                "name": "cody bellinger free agency",
                "sentiment": "negative"
            },
            {
                "name": "jon heyman",
                "sentiment": "none"
            },
            {
                "name": "cody bellinger",
                "sentiment": "none"
            },
            {
                "name": "shohei ohtani",
                "sentiment": "none"
            },
            {
                "name": "yoshinobu yamamoto",
                "sentiment": "none"
            },
            {
                "name": "bellinger",
                "sentiment": "none"
            },
            {
                "name": "craig counsell",
                "sentiment": "none"
            }
        ],
        "organizations": [
            {
                "name": "mlb",
                "sentiment": "negative"
            },
            {
                "name": "google continue",
                "sentiment": "none"
            },
            {
                "name": "facebook login",
                "sentiment": "none"
            },
            {
                "name": "cubs",
                "sentiment": "none"
            },
            {
                "name": "national league mvp",
                "sentiment": "none"
            },
            {
                "name": "chicago cubs",
                "sentiment": "none"
            }
        ],
        "locations": [
            {
                "name": "chicago",
                "sentiment": "none"
            }
        ]
    },
    "rating": null,
    "crawled": "2023-12-29T00:37:40.600+02:00",
    "updated": "2023-12-29T00:37:40.600+02:00"
}