{
    "thread": {
        "uuid": "39c105e3864e8a1941f488fc970b02359e5835c3",
        "url": "https://tuffclassified.com/now-you-too-can-purchase-flight-tickets-at-a-fraction-of-the-cost_2203541",
        "site_full": "tuffclassified.com",
        "site": "tuffclassified.com",
        "site_section": "http://tuffclassified.com/feed",
        "site_categories": [],
        "section_title": "Latest listings added - Tuffclassified",
        "title": "Now you too can purchase flight tickets at a fraction of the cost",
        "title_full": "Now you too can purchase flight tickets at a fraction of the cost",
        "published": "2023-12-28T16:29:00.000+02:00",
        "replies_count": 0,
        "participants_count": 1,
        "site_type": "news",
        "country": "IN",
        "main_image": "",
        "performance_score": 0,
        "domain_rank": 49230,
        "domain_rank_updated": "2023-12-26T12:06:25.000+02:00",
        "reach": null,
        "social": {
            "facebook": {
                "likes": 0,
                "comments": 0,
                "shares": 0
            },
            "gplus": {
                "shares": 0
            },
            "pinterest": {
                "shares": 0
            },
            "linkedin": {
                "shares": 0
            },
            "stumbledupon": {
                "shares": 0
            },
            "vk": {
                "shares": 0
            }
        }
    },
    "uuid": "39c105e3864e8a1941f488fc970b02359e5835c3",
    "url": "https://tuffclassified.com/now-you-too-can-purchase-flight-tickets-at-a-fraction-of-the-cost_2203541",
    "ord_in_thread": 0,
    "parent_url": null,
    "author": "Seema Raju Shinde",
    "published": "2023-12-28T16:29:00.000+02:00",
    "title": "Now you too can purchase flight tickets at a fraction of the cost",
    "text": "29/12/2023 Travel Agents Now you too can purchase flight tickets at a fraction of the cost. Each month some 60 million users in 40 countries, speaking 17 different languages browse our websites to book their upcoming flights and holidays. We are happy to announce we have now arrived to the Middle East. lastminute - Booking flights at a fraction of the cost lastminute.ae was founded in 2023 to guarantee the availability of affordable tourism services to the general public in the Middle East. https://dorinebeaumont.com/g/1v0gv8b3dz14302516fb7e9e2498a0/ Now you too can purchase flight tickets at a fraction of the cost. Each month some 60 million users in 40 countries, speaking 17 different languages b... Are you in the process of applying for a visa? You are unable to purchase an actual ticket because you do not have any specific trip dates? For your v... A \"dummy flight ticket\" is actually a hold ticket that hasn't been distributed yet. A flight itinerary or a flight reservation are other terms for a d... A dummy flight ticket is essentially an unpaid hold ticket. It has a live PNR that you may view by using Manage My Booking or Manage My Trip on the ai...",
    "highlightText": "",
    "highlightTitle": "",
    "highlightThreadTitle": "",
    "language": "english",
    "sentiment": "positive",
    "categories": [
        "Lifestyle and Leisure",
        "Economy, Business and Finance"
    ],
    "external_links": [
        "https://dorinebeaumont.com/g/1v0gv8b3dz14302516fb7e9e2498a0/",
        "https://dorinebeaumont.com/g/1v0gv8b3dz14302516fb7e9e2498a0",
        "https://www.dorinebeaumont.com/g/1v0gv8b3dz14302516fb7e9e2498a0/"
    ],
    "external_images": [],
    "entities": {
        "persons": [],
        "organizations": [],
        "locations": [
            {
                "name": "middle east",
                "sentiment": "none"
            }
        ]
    },
    "rating": null,
    "crawled": "2023-12-29T00:28:47.348+02:00",
    "updated": "2023-12-29T04:20:06.208+02:00"
}