{
    "thread": {
        "uuid": "6e4a99b11864b5b8655079f53672e8ae89d1be2f",
        "url": "https://www.chronicleonline.com/news/local/lecanto-becomes-countys-new-commercial-hot-spot-in-2023/article_366848f2-d081-50c0-96fc-038dfc42df4e.html",
        "site_full": "www.chronicleonline.com",
        "site": "chronicleonline.com",
        "site_section": "https://www.chronicleonline.com",
        "site_categories": [
            "media"
        ],
        "section_title": "chronicleonline.com | Florida's Best Community Newspaper",
        "title": "Lecanto becomes county's new commercial hot spot in 2023 | Local News | chronicleonline.com",
        "title_full": "Lecanto becomes county's new commercial hot spot in 2023 | Local News | chronicleonline.com",
        "published": "2023-12-28T07:00:00.000+02:00",
        "replies_count": 0,
        "participants_count": 1,
        "site_type": "news",
        "country": "US",
        "main_image": "https://bloximages.newyork1.vip.townnews.com/chronicleonline.com/content/tncms/assets/v3/editorial/c/1a/c1a72b4c-ed0e-5fe2-a130-991d7be94df9/65848abbeeef9.image.jpg?crop=1878%2C986%2C0%2C58&amp;resize=1200%2C630&amp;order=crop%2Cresize",
        "performance_score": 0,
        "domain_rank": 41728,
        "domain_rank_updated": "2023-12-26T12:06:25.000+02:00",
        "reach": null,
        "social": {
            "facebook": {
                "likes": 0,
                "comments": 0,
                "shares": 0
            },
            "gplus": {
                "shares": 0
            },
            "pinterest": {
                "shares": 0
            },
            "linkedin": {
                "shares": 0
            },
            "stumbledupon": {
                "shares": 0
            },
            "vk": {
                "shares": 0
            }
        }
    },
    "uuid": "6e4a99b11864b5b8655079f53672e8ae89d1be2f",
    "url": "https://www.chronicleonline.com/news/local/lecanto-becomes-countys-new-commercial-hot-spot-in-2023/article_366848f2-d081-50c0-96fc-038dfc42df4e.html",
    "ord_in_thread": 0,
    "parent_url": null,
    "author": "Michael D. Bates Chronicle Reporter",
    "published": "2023-12-28T07:00:00.000+02:00",
    "title": "Lecanto becomes county's new commercial hot spot in 2023 | Local News | chronicleonline.com",
    "text": "When Target and a host of other stores and restaurants announced they were coming to Citrus County a couple years ago, the news electrified many residents who had been clamoring for more shopping options. Others saw it as a death knell for the county’s rural, laid-back atmosphere. kAm(92E6G6C J@FC E9@F89ED[ E9:D A2DE J62C D2H E96 8C@F?5 4=62C65 2?5 3F:=5:?8D 8@:?8 FA @? 3@E9 4@C?6CD @7 E96 r@F?EJ #@25 cg`^cge :?E6CD64E:@? :? {642?E@]k^Am kAm%96 $9@AA6D 2E q=24 @?5[ @? E96 ?@CE9H6DE 4@C?6C[ H:== :?4=F56 @E96C DE@C6D DF49 2D !2?6C2[ $E2C3F4 @@E9:6D[ %6I2D #@259@FD6 2?5 f\\t=6G6?] ~? E96 D@FE9H6DE 4@C?6C[ =@@ E96 J62C :? 3FD:?6DD :?4=F56ik^Am k9cmx?G6C?6DD p:CA@CEk^9cm kAmp3@FE `__ 4@F?EJ 5:8?:E2C:6D 82E96C65 pF8] ` 2E E96 x?G6C?6DD p:CA@CE E@ 3C62 6 2 >2;@C 64@?@>:4 5C:G6C 7@C r:ECFD]k^Am kAmr@F?EJ 4@>>:DD:@?6CD 2C6 4@F?E:?8 @? E96 ?6H 2:CA@CE 4@>A=6I E@ 3C:?8 9:89\\6?5 ;@3D]k^Am k9cmuFEFC6 :? 7=:89Ek^9cm kAmt=64E65 @77:4:2=D >6E :? ~4E@36C 2E 2? 64@?@>:4 56G6=@A>6?E DF>>:E 2?5 DEC6DD65 E96J 2C6 32? :4 86?6C2E@CD 7@C E96 6?E:C6 4@F?EJ]k^Am kAmp AC@A@D65 d__\\7@@E CF?H2J 6IE6?D:@? 2E E96 rCJDE2= #:G6C p:CA@CE H:== 96=A :?5FDEC:2=:DED H9@ C6=J @? A=2?6D E@ 86E E96> E@ E9:D 2C62] #:89E ?@H[ E96 D9@CE CF?H2J :D 2 9:?5C2?46]k^Am kAm%96 x?G6C?6DD p:CA@CE qFD:?6DD\\x?5FDEC:2= !2C J[ 2EEC24E 9:89\\A2J:?8 ;@3D 2?5 D9:7E >@C6 @7 E96 E2I 32D6 @77 E96 D9@F=56CD @7 C6D:56?ED]k^Am kAm“pG:2E:@? :D 8@:?8 E@ A=2J 2 >F49 =2C86C C@=6 :? @FC 4@>>F?:EJ[ 7C@> E96 62DE D:56 E@ E96 H6DE D:56[” r@F?EJ r@>>:DD:@?6C y677 z:??2C5 D2:5 2E E96 DF>>:E]k^Am k9cmr9:4 36C 2??@F?465 :ED :?E6?E:@? E@ 3F:=5 2 C6DE2FC2?E :? r:ECFD r@F?EJ[ D@>6E9:?8 =@42=D 92G6 366? 4=2>@C:?8 7@C]k^Am kAm%96 A@AF=2C 492:? H@F=5 36 A2CE @7 2 C6E2:= 46?E6C 2E `eda r@F?EJ #@25 ch` :? {642?E@[ ;FDE D@FE9 @7 E96 ?6H rF=G6C’D 3J E96 6IA2?5:?8 4@>>6C4:2= 56G6=@A>6?E 9F3] ~E96C AC@A@D65 E6?2?ED @? E96 @G6C2== f]a\\24C6 AC@A6CEJ H@F=5 36 %2<6 d ~:= r92?86[ r9:A@E=6[ \"F:4< r2C6 |65 2?5 xC@?E@? $E@C286 &?:ED]k^Am kAm$:?46 E96?[ r9:A@E=6 2?5 xC@?E@? $E@C286 92G6 AF==65 @FE @7 E96 AC@;64E 2?5 E96 56G6=@A6C :D 9@A:?8 E@ <66A r9:4<\\7:=\\p :?E6C6DE65 :? 4@>:?8]k^Am kAm%92E H:== 36 D@>6E9:?8 E@ H2E49 :? E96 62C=J A2CE @7 a_ac]k^Am k9cm$42==@ADk^9cm kAm$42==@A:?8 :D 2 3:8 64@?@>:4 3@@? 7@C r:ECFD r@F?EJ[ 6DA64:2==J 7@C 492CE6C 3@2E 42AE2:?D H9@ 56A6?5 @? E@FC:DED 2?5 =@42=D 2=:<6 E@ 86E 2 967EJ 92F= @7 E96 DF44F=6?E D96==7:D9]k^Am kAmqFE E96 4@?46C? 5FC:?8 a_ab :D E92E E96 C646?E 9:E\\@C\\>:DD D62D@?D 2C6 :?5:42E:G6 @7 2 =2C86C AC@3=6> 23@FE :ED DFDE2:?23:=:EJ]k^Am kAmr@F?EJ 4@>>:DD:@?6CD 2C6 H@CC:65 2D H6==[ H9:49 :D H9J E96J :?G:E65 &?:G6CD:EJ @7 u=@C:52’D x?DE:EFE6 @7 u@@5 2?5 p8C:4F=EFC2= $4:6?46D W&u^xup$X C6AC6D6?E2E:G6D :? ~4E@36C E@ 8:G6 2 AC6D6?E2E:@? @? E96 4FCC6?E D:EF2E:@? @7 D42==@AD :? r:ECFD r@F?EJ]k^Am kAmt5 r2>A[ 2 &u\\xup$ C6D62C496C^D4:6?E:DE[ AC@G:565 D6G6C2= @AE:@?D 7@C AC@E64E:?8 D42==@A J:6=5D[ :?4=F5:?8i 492?8:?8 92CG6DE C68F=2E:@?D[ 6?24E:?8 2 =2E6C D42==@A:?8 D62D@? 2?5 DE2886C:?8 328 =:>:ED E9C@F89@FE E96 D62D@?]k^Am kAmz:??2C5 72G@C65 C6D665:?8 2D 2 H2J E@ C6A=6?:D9 E96 D42==@A A@AF=2E:@?]k^Am kAm%96 D42==@A:?8 4@?46C? :D DFC6 E@ DFC7246 282:? :? a_ac]k^Am k9cmqFD:?6DD >@?E9k^9cm kAm%96 c`DE 2??F2= qFD:?6DD pAAC64:2E:@? |@?E9 Wqp|X <:4<65 @77 ~4E] ` 2?5 E96 r:ECFD r@F?EJ r92>36C @7 r@>>6C46 C64@8?:K65 E96 @442D:@? H:E9 2 >@?E9\\=@?8 D6C:6D @7 6G6?ED]k^Am kAm“x E9:?< A6@A=6 E2<6 7@C 8C2?E65 D@>6E:>6D E96 C@=6 E92E E96 3FD:?6DD 4@>>F?:EJ A=2JD[” r92>36C !C6D:56?E^rt~ y@D9 (@@E6? D2:5 :? ~4E@36C] “%96J A2J 2? 2H7F= =@E @7 E2I6D[ E96J 6>A=@J @FC 72>:=J 2?5 7C:6?5D 2?5 ?6:893@CD[ E96J 4@?EC:3FE6 E@ {:EE=6 {628F6 2?5 E96 *|rp] %@ E2<6 2 >@?E9 E@ 9@?@C E92E 4@?EC:3FE:@? :D D@>6E9:?8 E96 492>36C :D AC@F5 E@ 6>32C< @?]”k^Am k9cm!F3=:Ik^9cm kAm!F3=:I :? pF8FDE DE2CE65 4=2>A:?8 5@H? @? ?@?\\D6CG:46 5@8D :? E96:C DE@C6D 3J C6:?7@C4:?8 2 A@=:4J :? 67764E 7@C 2E =62DE E9C66 J62CD]k^Am kAmr:ECFD r@F?EJ D9@AA6CD D2H “}@ A6ED 2==@H65” D:8?D 2E E96 7C@?E 6?EC2?46 @7 E96:C 72G@C:E6 !F3=:I DA6==:?8 @FE E92E @?=J EC2:?65 D6CG:46 2?:>2=D 2C6 2==@H65 :?D:56 – ?@ 6>@E:@?2=\\DFAA@CE 2?:>2=D] p?5 ?@ >@C6 5@8D C:5:?8 :? D9@AA:?8 42CED]k^Am kAm%96 >@G6 42FD65 DEC@?8 C6256C C624E:@?]k^Am kAm#636442 r=6>@?D\\|4r236 D2:5 ?@?\\D6CG:46 5@8D 5@?’E 36=@?8 :? 2 8C@46CJ DE@C6 2?5^@C C6DE2FC2?E @7 2?J <:?5]k^Am kAm“{24< @7 9F>2? 9J8:6?6 :? AF3=:4 :D 325 6?@F89 E96D6 52JD[” |4r236 HC@E6] “(6 5@?’E ?665 E@ 255 7FC[ 7646D[ 52?56C 6E4] E@ :E]”k^Am kAmq@??:6 {6763GC6 D2:5 5@8D :? !F3=:I 5@?’E 3@E96C 96C]k^Am kAm“|2?J @7 E96D6 5@8D 2C6 4=62?6C E92? 2 =@E @7 A6@A=6 x D66[” D96 D2:5]k^Am k9cmr2C H2D96Dk^9cm kAmq6E9’D r2C (2D9 @? &]$] `h ?62C (6DE r2C5:?2= $EC66E[ @A6?65 :? pAC:=[ AC@G:5:?8 =@42=D H:E9 J6E 2?@E96C A=246 E@ <66A E96:C G69:4=6 4=62? :?D:56 2?5 @FE]k^Am kAmqFE :D r:ECFD r@F?EJ 364@>:?8 E@@ D2EFC2E65 H:E9 42C H2D96Dnk^Am kAm%92E H2D 2 E@A:4 @7 5:D4FDD:@? E9C@F89@FE E96 J62C 2?5 4@F?EJ @77:4:2=D :? |2J DE2CE65 2D<:?8[ “(96? :D 6?@F89[ 6?@F89n”k^Am kAm“pC6 E96J E96 9:896DE 2?5 36DE FD6 7@C @FC 4@>>6C4:2= 4@CC:5@CD 2?5 5@ E96J 3C:?8 E96 36DE G2=F6 E@ @FC 4@F?EJn” (@@E6? 2D<65]k^Am kAmr@F?EJ r@>>:DD:@?6C #FE9:6 $49=23249 2D<65 E96 D2>6 BF6DE:@?]k^Am kAm“(6 @?=J 92G6 D@ >F49 =2?5 2?5 H6 92G6 E@ 36 AFCA@D67F= @7 H92E H6 H2?E @FC G:D:@? E@ 36 7@C r:ECFD r@F?EJ[” D96 D2:5 :? |2J] “qFE E96 AC:G2E6 D64E@C @H?D E96 =2?5 2?5 E96J 42? D6== :E E@ H9@6G6C E96J H2?E 2D =@?8 2D :E’D K@?65 7@C E92E DA64:7:4 3FD:?6DD]”k^Am k9cm|2C:;F2?2k^9cm kAm%96 7@C>6C wF55=6 w@FD6 C6DE2FC2?E @77 $E2E6 #@25 cc :? rCJDE2= #:G6C DE2CE65 36:?8 EC2?D7@C>65 :? pF8FDE 2D E96 4@F?EJ’D ?6H6DE >65:42= >2C:;F2?2 5:DA6?D2CJ]k^Am kAm#x$t @A6?65 D@@? 27E6C 2?5 H2D 25565 E@ E96 8C@H:?8 ?F>36C @7 DF49 3FD:?6DD6D[ H9:49 ?@H E@E2= @G6C d__ :? u=@C:52]k^Am kAm{@42E65 2E `a_g }t u:7E9 $E][ @77 $E2E6 #@25 cc[ #x$t :D ;FDE @?6 >:=6 7C@> %CF=:6G6[ 2?@E96C 5:DA6?D2CJ @77 &]$] `h :? rCJDE2= #:G6C]k^Am kAm%96 4:EJ @7 rCJDE2= #:G6C :? s646>36C F?2?:>@FD=J A2DD65 2 >@C2E@C:F> @? E96 @A6?:?8 @7 >@C6 DF49 724:=:E:6D] %92E >@C2E@C:F> :D :? 67764E F?E:= yF=J ``[ a_ac]k^Am",
    "highlightText": "",
    "highlightTitle": "",
    "highlightThreadTitle": "",
    "language": "english",
    "sentiment": "positive",
    "categories": [
        "Economy, Business and Finance"
    ],
    "external_links": [],
    "external_images": [],
    "entities": {
        "persons": [],
        "organizations": [],
        "locations": [
            {
                "name": "lecanto",
                "sentiment": "none"
            }
        ]
    },
    "rating": null,
    "crawled": "2023-12-29T00:28:33.155+02:00",
    "updated": "2024-01-05T01:17:24.569+02:00"
}