{
    "thread": {
        "uuid": "4e6373694176bfb0cec0518fe3099d2ead0d7dd8",
        "url": "https://www.dailyexcelsior.com/amnesty-scheme-big-relief-to-dealers-cci/",
        "site_full": "www.dailyexcelsior.com",
        "site": "dailyexcelsior.com",
        "site_section": "https://www.dailyexcelsior.com/feed/",
        "site_categories": [
            "media",
            "education",
            "business"
        ],
        "section_title": "DailyExcelsior",
        "title": "Amnesty scheme big relief to dealers: CCI",
        "title_full": "Amnesty scheme big relief to dealers: CCI",
        "published": "2023-12-28T19:16:00.000+02:00",
        "replies_count": 0,
        "participants_count": 1,
        "site_type": "news",
        "country": "IN",
        "main_image": "https://cdndailyexcelsior.b-cdn.net/wp-content/uploads/2023/12/arungupta.jpg",
        "performance_score": 0,
        "domain_rank": 37704,
        "domain_rank_updated": "2023-12-26T12:06:20.000+02:00",
        "reach": null,
        "social": {
            "facebook": {
                "likes": 0,
                "comments": 0,
                "shares": 0
            },
            "gplus": {
                "shares": 0
            },
            "pinterest": {
                "shares": 0
            },
            "linkedin": {
                "shares": 0
            },
            "stumbledupon": {
                "shares": 0
            },
            "vk": {
                "shares": 0
            }
        }
    },
    "uuid": "4e6373694176bfb0cec0518fe3099d2ead0d7dd8",
    "url": "https://www.dailyexcelsior.com/amnesty-scheme-big-relief-to-dealers-cci/",
    "ord_in_thread": 0,
    "parent_url": null,
    "author": "Daily Excelsior",
    "published": "2023-12-28T19:16:00.000+02:00",
    "title": "Amnesty scheme big relief to dealers: CCI",
    "text": "‘100 % hike at Nashri Toll Plaza most unfair ‘\nExcelsior Correspondent\nJAMMU, Dec 28: The Jammu Chamber of Industries and Commerce president, Arun Gupta has said that a big relief has been accorded to the dealers with the amnesty scheme.\nThe Chamber president expressed his deep gratitude to the Manoj Sinha, LG UT of J&K, Rajeev Rai Bhatnagar, Advisor to LG, Atal Dulloo, Chief Secretary UT of J&K for accepting our long pending demand regarding granting amnesty for settlement of tax arrears pertaining to Pre GST regime for the dealers who could not take the benefit of earlier amnesty scheme issued vide order no. 39-F-D of 2018 due to various reasons especially Covid-19 pandemic.\nGupta said that this amnesty scheme will provide relief to the dealers on 100% waiver of penalty and interest under general sales tax act 1962, Central Sales Tax 1956 and VAT Act 2005. He further said that this decision of the Government will result in minimizing the tax dispute cases.\nArun Gupta requests the business community to avail tax benefit of this amnesty scheme by depositing the tax arrears within the prescribed time limit.\nHe further said that during the initial stage of implementing the GST scheme there were some technical / other minor mistakes on the part of the dealers/ assesses due to unawareness about GST scheme. Chamber requests the government that those dealers / assesses should be given one time opportunity to settle their cases especially for the period 2017-2018, 2018-2019 and 2019-2020.\nGupta also requests the Government/NHAI to reconsider the decision of enhancing the toll tax by 100% at Nashri Toll Plaza as it will effect the business community/general public badly.\nAmnesty scheme big relief to dealers: CCI\n‘100 % hike at Nashri Toll Plaza most unfair ‘",
    "highlightText": "",
    "highlightTitle": "",
    "highlightThreadTitle": "",
    "language": "english",
    "sentiment": "positive",
    "categories": [
        "Politics",
        "Economy, Business and Finance",
        "Social Issue"
    ],
    "external_links": [],
    "external_images": [],
    "entities": {
        "persons": [
            {
                "name": "gupta",
                "sentiment": "none"
            },
            {
                "name": "rajeev rai bhatnagar",
                "sentiment": "none"
            },
            {
                "name": "arun gupta",
                "sentiment": "none"
            },
            {
                "name": "atal dulloo",
                "sentiment": "none"
            }
        ],
        "organizations": [
            {
                "name": "cci",
                "sentiment": "negative"
            },
            {
                "name": "nashri toll plaza",
                "sentiment": "negative"
            },
            {
                "name": "lg",
                "sentiment": "none"
            },
            {
                "name": "industries and commerce",
                "sentiment": "none"
            }
        ],
        "locations": [
            {
                "name": "jammu cham",
                "sentiment": "none"
            },
            {
                "name": "jammu",
                "sentiment": "none"
            },
            {
                "name": "manoj sinha",
                "sentiment": "none"
            }
        ]
    },
    "rating": null,
    "crawled": "2023-12-29T00:30:47.522+02:00",
    "updated": "2023-12-29T00:30:47.522+02:00"
}