{
    "thread": {
        "uuid": "bd3a96dedc91235d1343394944635afcf253eee9",
        "url": "http://business.decaturdailydemocrat.com/decaturdailydemocrat/article/abnewswire-2023-12-28-revolutionizing-hydration-on-the-go-onthego-drinkware-launches-premium-line-of-sustainable-portable-devices",
        "site_full": "business.decaturdailydemocrat.com",
        "site": "decaturdailydemocrat.com",
        "site_section": "http://business.decaturdailydemocrat.com/decaturdailydemocrat/markets/news",
        "site_categories": [
            "financial_news",
            "finance"
        ],
        "section_title": "Stock Market News | NSDQ, NYSE, and AMEX Stock Market News, Market News Categories, Market Indicators | News | decaturdailydemocrat.com ",
        "title": "Revolutionizing Hydration On-The-Go: OnTheGo Drinkware Launches Premium Line of Sustainable Portable Devices | News | decaturdailydemocrat.com",
        "title_full": "Revolutionizing Hydration On-The-Go: OnTheGo Drinkware Launches Premium Line of Sustainable Portable Devices | News | decaturdailydemocrat.com",
        "published": "2023-12-28T02:00:00.000+02:00",
        "replies_count": 0,
        "participants_count": 1,
        "site_type": "news",
        "country": "US",
        "main_image": "https://bloximages.newyork1.vip.townnews.com/decaturdailydemocrat.com/content/tncms/custom/image/aeb4ef48-6666-11eb-bb03-ab9624af0e8f.jpg?resize=600%2C315",
        "performance_score": 0,
        "domain_rank": 99295,
        "domain_rank_updated": "2023-12-26T12:06:35.000+02:00",
        "reach": null,
        "social": {
            "facebook": {
                "likes": 0,
                "comments": 0,
                "shares": 0
            },
            "gplus": {
                "shares": 0
            },
            "pinterest": {
                "shares": 0
            },
            "linkedin": {
                "shares": 0
            },
            "stumbledupon": {
                "shares": 0
            },
            "vk": {
                "shares": 0
            }
        }
    },
    "uuid": "bd3a96dedc91235d1343394944635afcf253eee9",
    "url": "http://business.decaturdailydemocrat.com/decaturdailydemocrat/article/abnewswire-2023-12-28-revolutionizing-hydration-on-the-go-onthego-drinkware-launches-premium-line-of-sustainable-portable-devices",
    "ord_in_thread": 0,
    "parent_url": null,
    "author": "Decatur Daily Democrat",
    "published": "2023-12-28T02:00:00.000+02:00",
    "title": "Revolutionizing Hydration On-The-Go: OnTheGo Drinkware Launches Premium Line of Sustainable Portable Devices | News | decaturdailydemocrat.com",
    "text": "United Kingdom - OnTheGo Drinkware is proud to unveil its latest line of innovative hydration solutions, designed to revolutionize the way we stay hydrated while promoting sustainability. With a focus on compact, foldable, and convenient designs, OnTheGo Drinkware's portable devices are not just water bottles; they are a lifestyle accessory catering to the health-conscious and environmentally aware consumer. Introducing OnTheGo Drinkware: Your Go-To Source for Portable Hydration In a world where staying hydrated is key to overall well-being, OnTheGo Drinkware emerges as a trailblazer, providing a range of premium, sustainable hydration devices. The brand's commitment to health and the environment is encapsulated in its thoughtfully designed products that go beyond mere functionality. Sustainable Hydration: A Win-Win for Health and the Environment At the heart of OnTheGo Drinkware's ethos is the belief that hydration should not come at the expense of the planet. The company emphasizes the importance of choosing reusable drinkware, promoting a real win-win scenario where personal health is prioritized alongside positive environmental impact. The focus on sustainability is evident in OnTheGo Drinkware's star products, the Silicone Foldable Water Bottle and the Foldable Water Bottle. These meticulously crafted devices offer a unique blend of convenience and eco-friendliness. The foldable design ensures easy storage, making them the perfect companions for commuters, hikers, campers, fishing enthusiasts, and travelers. What Sets OnTheGo Drinkware Apart? Compact and Foldable Design: The standout feature of OnTheGo Drinkware's products is their compact and foldable design. Unlike traditional water bottles, these devices can be easily folded and stowed away in pockets or handbags after use, eliminating storage concerns. Convenience for Every Lifestyle: Whether you're on a daily commute, hiking through the great outdoors, camping under the stars, or exploring new destinations, OnTheGo Drinkware ensures that hydration is never compromised. These devices seamlessly integrate into various lifestyles, providing unparalleled convenience. Sustainability at Its Core: OnTheGo Drinkware is committed to reducing single-use plastic waste. By choosing these reusable and durable devices, consumers actively contribute to a more sustainable and eco-friendly future. Explore the OnTheGo Difference Visit OnTheGo Drinkware's website to explore the full range of products and discover why the Silicone Foldable Water Bottle and the Foldable Water Bottle are making waves in the world of portable hydration. OnTheGo Drinkware is not just a brand; it's a lifestyle choice for those who prioritize health, convenience, and sustainability. Join them in the movement towards a hydrated and eco-conscious future. About OnTheGo Drinkware: OnTheGo Drinkware is a brand committed to providing innovative and sustainable hydration solutions. With a range of premium products designed for convenience and eco-friendliness, OnTheGo Drinkware aims to revolutionize the way individuals stay hydrated on-the-go. Media Contact Company Name: OnTheGo Drinkware Contact Person: Cornelis Fru Email: Send Email Phone: +44 1344 538 463 Country: United Kingdom Website: https://www.onthegodrinkware.com",
    "highlightText": "",
    "highlightTitle": "",
    "highlightThreadTitle": "",
    "language": "english",
    "sentiment": "positive",
    "categories": [
        "Lifestyle and Leisure",
        "Environment",
        "Economy, Business and Finance"
    ],
    "external_links": [
        "https://www.abnewswire.com/companyname/onthegodrinkware.com_127481.html",
        "https://www.onthegodrinkware.com/",
        "https://www.onthegodrinkware.com",
        "https://www.abnewswire.com/email_contact_us.php?pr=revolutionizing-hydration-onthego-onthego-drinkware-launches-premium-line-of-sustainable-portable-devices",
        "https://www.abnewswire.com/email_contact_us.php",
        "https://abnewswire.com/companyname/onthegodrinkware.com_127481.html",
        "https://onthegodrinkware.com/",
        "https://www.onthegodrinkware.com",
        "https://abnewswire.com/email_contact_us.php?pr=revolutionizing-hydration-onthego-onthego-drinkware-launches-premium-line-of-sustainable-portable-devices",
        "https://onthegodrinkware.com"
    ],
    "external_images": [],
    "entities": {
        "persons": [],
        "organizations": [],
        "locations": [
            {
                "name": "united kingdom",
                "sentiment": "none"
            }
        ]
    },
    "rating": null,
    "crawled": "2023-12-29T00:49:31.541+02:00",
    "updated": "2023-12-29T00:49:31.541+02:00"
}