{
    "thread": {
        "uuid": "86e41e12678c554d88b43a214dbb3937164d3a2b",
        "url": "https://theamberpost.com/post/advantages-of-utilizing-an-online-cricket-betting-account-for-wagering-3",
        "site_full": "theamberpost.com",
        "site": "theamberpost.com",
        "site_section": "https://theamberpost.com/sandbox",
        "site_categories": [],
        "section_title": "Recent | TheAmberPost",
        "title": "Advantages of Utilizing an Online Cricket Betting Account for Wagering | TheAmberPost",
        "title_full": "Advantages of Utilizing an Online Cricket Betting Account for Wagering | TheAmberPost",
        "published": "2023-12-28T16:12:00.000+02:00",
        "replies_count": 0,
        "participants_count": 0,
        "site_type": "news",
        "country": "PK",
        "main_image": "https://theamberpost.com/storage/posts/2023/12/28/35/l6DT5jrMNO4l5a6s91QhNkkBDqE7sXGvw21L7h8I.jpg",
        "performance_score": 0,
        "domain_rank": 66500,
        "domain_rank_updated": "2023-12-26T12:06:25.000+02:00",
        "reach": null,
        "social": {
            "facebook": {
                "likes": 0,
                "comments": 0,
                "shares": 0
            },
            "gplus": {
                "shares": 0
            },
            "pinterest": {
                "shares": 0
            },
            "linkedin": {
                "shares": 0
            },
            "stumbledupon": {
                "shares": 0
            },
            "vk": {
                "shares": 0
            }
        }
    },
    "uuid": "86e41e12678c554d88b43a214dbb3937164d3a2b",
    "url": "https://theamberpost.com/post/advantages-of-utilizing-an-online-cricket-betting-account-for-wagering-3",
    "ord_in_thread": 0,
    "parent_url": null,
    "author": null,
    "published": "2023-12-28T16:12:00.000+02:00",
    "title": "Advantages of Utilizing an Online Cricket Betting Account for Wagering | TheAmberPost",
    "text": "Utilizing a cricket betting ID for online wagering can present numerous advantages for individuals interested in cricket betting. However, responsible online betting is essential, and understanding the associated risks is crucial. Here are some potential benefits: - Convenience: With a [cricket betting ID](https://king45.com/), you can conveniently place bets on cricket matches from the comfort of your home or any location with internet access. This accessibility eliminates the need to physically visit a bookmaker or betting location. - Variety of Betting Markets: Platforms like King Book, offering cricket betting IDs, often provide a diverse range of betting markets. These may include match-winner, top batsman, top bowler, run totals, innings totals, and more, allowing users to choose from various betting options. - Access to Live Betting: Many platforms with cricket betting IDs, such as King Book, offer live or in-play betting options. This feature enables users to place bets during a live cricket match, reacting to real-time game dynamics. - Bonuses and Promotions: Platforms like King Book attract users with bonuses, promotions, or welcome offers, including free bets or deposit matches, enhancing the overall betting experience. - Information and Statistics: Reputable platforms often provide comprehensive statistics, match analysis, and historical data related to cricket matches, aiding users in making informed betting decisions. - User-Friendly Interface: Established online betting platforms usually offer user-friendly interfaces and mobile apps, simplifying navigation, bet placement, and account management. - Security and Privacy: Platforms like King Book prioritize user security, employing encryption and security measures to safeguard personal and financial information. - Analysis and Statistics: Betting IDs often grant access to detailed statistics and analysis related to cricket matches, assisting bettors in making informed decisions. - Entertainment and Engagement: For cricket enthusiasts, having a cricket betting ID adds excitement and engagement to watching matches, allowing betting on various aspects of the game. - Potential for Profits: Skilled and informed betting can lead to potential profits, as bettors capitalize on favorable odds and make successful wagers. - Community Interaction: Some platforms may offer communities or forums where users can discuss strategies, share insights, and engage with fellow bettors. However, it’s crucial to acknowledge the associated risks: - Risk of Financial Loss: Users should only gamble with funds they can afford to lose. - Legal Considerations: Ensure online betting is legal in your region and comply with relevant laws and regulations. - Addiction: Gambling can be addictive; responsible practices involve setting limits and seeking help if needed. - Security and Privacy: Use reputable and secure platforms to protect personal and financial information. CONCLUSION: Always ensure compliance with local laws, and seek professional advice if needed. Approach online betting responsibly, gamble within your means, and prioritize responsible practices. For more details contact us at [king45.com](http://king45.com/). While betting IDs offer benefits, there are no guaranteed wins, and caution, research, and responsible gambling practices are advisable for those considering online betting.",
    "highlightText": "",
    "highlightTitle": "",
    "highlightThreadTitle": "",
    "language": "english",
    "sentiment": "positive",
    "categories": [
        "Sport",
        "Economy, Business and Finance",
        "Lifestyle and Leisure"
    ],
    "external_links": [
        "https://king45.com/),",
        "http://king45.com/).",
        "http://www.king45.com/).",
        "https://www.king45.com/),"
    ],
    "external_images": [],
    "entities": {
        "persons": [],
        "organizations": [],
        "locations": []
    },
    "rating": null,
    "crawled": "2023-12-29T00:38:58.422+02:00",
    "updated": "2023-12-29T00:38:58.422+02:00"
}