{
    "thread": {
        "uuid": "a9a1a0ced0a268e7db6dc857941ce29e9068a0b6",
        "url": "http://business.bigspringherald.com/bigspringherald/article/abnewswire-2023-12-28-pmi-consultant-evolves-into-universal-talk-solutions-to-address-surge-in-language-service-demand",
        "site_full": "business.bigspringherald.com",
        "site": "bigspringherald.com",
        "site_section": "http://business.bigspringherald.com/bigspringherald/markets/news",
        "site_categories": [
            "financial_news",
            "finance"
        ],
        "section_title": "Stock Market News | NSDQ, NYSE, and AMEX Stock Market News, Market News Categories, Market Indicators | Markets | bigspringherald.com ",
        "title": "PMI Consultant Evolves into Universal Talk Solutions to Address Surge in Language Service Demand | Markets | bigspringherald.com",
        "title_full": "PMI Consultant Evolves into Universal Talk Solutions to Address Surge in Language Service Demand | Markets | bigspringherald.com",
        "published": "2023-12-28T02:00:00.000+02:00",
        "replies_count": 0,
        "participants_count": 1,
        "site_type": "news",
        "country": "US",
        "main_image": "https://bloximages.newyork1.vip.townnews.com/bigspringherald.com/content/tncms/custom/image/e8a750b8-62be-11e9-a190-5322d25ce562.jpg?crop=157%2C157%2C15%2C0&amp;resize=200%2C200&amp;order=crop%2Cresize",
        "performance_score": 0,
        "domain_rank": 93093,
        "domain_rank_updated": "2023-12-26T12:06:35.000+02:00",
        "reach": null,
        "social": {
            "facebook": {
                "likes": 0,
                "comments": 0,
                "shares": 0
            },
            "gplus": {
                "shares": 0
            },
            "pinterest": {
                "shares": 0
            },
            "linkedin": {
                "shares": 0
            },
            "stumbledupon": {
                "shares": 0
            },
            "vk": {
                "shares": 0
            }
        }
    },
    "uuid": "a9a1a0ced0a268e7db6dc857941ce29e9068a0b6",
    "url": "http://business.bigspringherald.com/bigspringherald/article/abnewswire-2023-12-28-pmi-consultant-evolves-into-universal-talk-solutions-to-address-surge-in-language-service-demand",
    "ord_in_thread": 0,
    "parent_url": null,
    "author": "AB Newswire",
    "published": "2023-12-28T02:00:00.000+02:00",
    "title": "PMI Consultant Evolves into Universal Talk Solutions to Address Surge in Language Service Demand | Markets | bigspringherald.com",
    "text": "Florida - PMI Consultant, a cornerstone in business consulting, proudly unveils a strategic evolution to meet the evolving needs of its clientele. Bolstered by a remarkable surge in demand for language services, PMI Consultant is embarking on a forward-thinking transformation, creating a specialized division—Universal Talk Solutions—solely devoted to delivering comprehensive linguistic solutions.\nThe genesis of this transformative move is rooted in a substantial shift in demand dynamics. The year 2023 witnessed an unprecedented sevenfold increase in interpretation cases compared to business consulting, prompting a proactive response from PMI Consultant. Recognizing this significant trend, the company made the strategic decision to establish Universal Talk Solutions as an independent entity under the PMI umbrella.\n\"As PMI Consultant, we've always been dedicated to delivering exceptional business consulting and support to our community. The landscape changed dramatically in 2023 when we observed a sevenfold increase in demand for language services over consulting cases. This pivotal realization became the driving force behind the decision to create Universal Talk Solutions,\" explains Pedro Raphael, CEO at PMI Consultant.\nEffective November 2023, Universal Talk Solutions will stand as a distinct division, catering exclusively to the rising demand for translation of documents, onsite interpretation, and phone interpretation for medical and business needs. This strategic shift positions the company to better streamline and enhance the delivery of language services, acknowledging the unique challenges businesses face in today's interconnected world.\n\"Universal Talk Solutions is more than a new name; it's a reflection of our dedication to providing seamless communication solutions,\" adds Pedro Raphael.\nWith a team of over 500 interpreters and translators, Universal Talk Solutions is well-equipped to meet the diverse and growing language requirements of its clients. The division is supported by cutting-edge technological solutions, including a proprietary CRM system, ensuring efficiency and precision in every language service provided.\n\"The decision to create Universal Talk Solutions was not only a response to demand but a strategic move to deliver language solutions with the same dedication and excellence our clients expect. This new division embodies our commitment to providing specialized linguistic services tailored to the evolving needs of our community,\" adds Pedro Raphael.\nFor more information about Universal Talk Solutions and its range of language services, please visit https://universaltalksolutions.com or contact (855) 392-2122.\nAbout PMI Consultant:\nPMI Consultant has been a reputable provider of business consulting and support services, earning trust within the community. Acknowledging the surge in demand for language services, PMI Consultant expands its offerings with the creation of Universal Talk Solutions, a dedicated division focused on specialized language services. For more information, visit https://universaltalksolutions.com\nMedia Contact\nCompany Name: UniversalTalk Solutions\nContact Person: Pedro Raphael\nEmail: Send Email\nCountry: United States\nWebsite: www.universaltalksolutions.com\nData & News supplied by www.cloudquote.io\nStock quotes supplied by Barchart\nQuotes delayed at least 20 minutes.\nBy accessing this page, you agree to the following\nPrivacy Policy and Terms and Conditions .",
    "highlightText": "",
    "highlightTitle": "",
    "highlightThreadTitle": "",
    "language": "english",
    "sentiment": "positive",
    "categories": [
        "Economy, Business and Finance",
        "Social Issue"
    ],
    "external_links": [
        "https://universaltalksolutions.com",
        "https://www.abnewswire.com/email_contact_us.php?pr=pmi-consultant-evolves-into-universal-talk-solutions-to-address-surge-in-language-service-demand",
        "https://www.cloudquote.io",
        "https://tracking.newsrpm.com/pixel?slug=abnewswire-2023-12-28-pmi-consultant-evolves-into-universal-talk-solutions-to-address-surge-in-language-service-demand",
        "https://www.googletagmanager.com/gtag/js?id=UA-8590502-3",
        "https://www.abnewswire.com/press_stat.php?pr=pmi-consultant-evolves-into-universal-talk-solutions-to-address-surge-in-language-service-demand",
        "https://www.abnewswire.com/companyname/universaltalksolutions.com_127602.html",
        "https://www.cloudquote.io/article/5",
        "http://www.universaltalksolutions.com",
        "https://www.cloudquote.io/article/6",
        "https://www.universaltalksolutions.com",
        "https://www.abnewswire.com/email_contact_us.php",
        "https://cloudquote.io/article/5",
        "https://cloudquote.io/article/6",
        "https://www.googletagmanager.com/gtag/js",
        "https://tracking.newsrpm.com/pixel",
        "https://googletagmanager.com/gtag/js?id=UA-8590502-3",
        "https://www.tracking.newsrpm.com/pixel?slug=abnewswire-2023-12-28-pmi-consultant-evolves-into-universal-talk-solutions-to-address-surge-in-language-service-demand",
        "https://cloudquote.io",
        "https://www.abnewswire.com/press_stat.php",
        "https://abnewswire.com/companyname/universaltalksolutions.com_127602.html",
        "https://abnewswire.com/email_contact_us.php?pr=pmi-consultant-evolves-into-universal-talk-solutions-to-address-surge-in-language-service-demand",
        "http://universaltalksolutions.com",
        "https://abnewswire.com/press_stat.php?pr=pmi-consultant-evolves-into-universal-talk-solutions-to-address-surge-in-language-service-demand"
    ],
    "external_images": [],
    "entities": {
        "persons": [],
        "organizations": [
            {
                "name": "universal talk solutions",
                "sentiment": "none"
            }
        ],
        "locations": [
            {
                "name": "florida",
                "sentiment": "none"
            }
        ]
    },
    "rating": null,
    "crawled": "2023-12-29T00:35:16.536+02:00",
    "updated": "2023-12-29T00:35:16.536+02:00"
}