{
    "thread": {
        "uuid": "e5bcfecffaa1ccd0c08a68b82f67cd2af9ffd6da",
        "url": "https://nesn.com/video/lewiston-maine-families-honored-ahead-of-wasabi-fenway-bowl/",
        "site_full": "nesn.com",
        "site": "nesn.com",
        "site_section": "https://nesn.com/shows/pnc-bank-sports-corner/",
        "site_categories": [
            "sports"
        ],
        "section_title": "PNC Bank Digital Studio Archives - NESN.com",
        "title": "Families From Lewiston Honored Ahead Of Wasabi Fenway Bowl",
        "title_full": "Families From Lewiston Honored Ahead Of Wasabi Fenway Bowl",
        "published": "2023-12-29T00:05:00.000+02:00",
        "replies_count": 0,
        "participants_count": 0,
        "site_type": "news",
        "country": "US",
        "main_image": "https://nesn.com/wp-content/uploads/sites/5/2023/12/Lewiston-Strong.jpg",
        "performance_score": 0,
        "domain_rank": 13305,
        "domain_rank_updated": "2023-12-26T12:06:20.000+02:00",
        "reach": null,
        "social": {
            "facebook": {
                "likes": 0,
                "comments": 0,
                "shares": 0
            },
            "gplus": {
                "shares": 0
            },
            "pinterest": {
                "shares": 0
            },
            "linkedin": {
                "shares": 0
            },
            "stumbledupon": {
                "shares": 0
            },
            "vk": {
                "shares": 0
            }
        }
    },
    "uuid": "e5bcfecffaa1ccd0c08a68b82f67cd2af9ffd6da",
    "url": "https://nesn.com/video/lewiston-maine-families-honored-ahead-of-wasabi-fenway-bowl/",
    "ord_in_thread": 0,
    "parent_url": null,
    "author": null,
    "published": "2023-12-29T00:05:00.000+02:00",
    "title": "Families From Lewiston Honored Ahead Of Wasabi Fenway Bowl",
    "text": "Skip to content New England Scores Schedule Menu Toggle New England Sports Network MLB MLB Latest News Latest News American League East Baltimore Orioles Boston Red Sox New York Yankees Tampa Bay Rays Toronto Blue Jays National League East Atlanta Braves Miami Marlins New York Mets Philadelphia Phillies Washington Nationals American League Central Chicago White Sox Cleveland Guardians Detroit Tigers Kansas City Royals Minnesota Twins National League Central Chicago Cubs Cincinnati Reds Milwaukee Brewers Pittsburgh Pirates St. Louis Cardinals American League West Houston Astros Los Angeles Angels Oakland Athletics Seattle Mariners Texas Rangers National League West Arizona Diamondbacks Colorado Rockies Los Angeles Dodgers San Diego Padres San Francisco Giants Games & Downloads Play Home Run Trivia Pick & Win Download the Red Sox Schedule Spacer Boston Red Sox Scores & Schedule Player Stats Roster Transactions, Trades, and Free Agents Spacer MLB Scores & Schedule Standings League Leaders Player Stats Team Stats League Transactions NHL NHL Latest News Latest News Atlantic Division Boston Bruins Buffalo Sabres Detroit Red Wings Florida Panthers Montreal Canadiens Ottawa Senators Tampa Bay Lightning Toronto Maple Leafs Podcasts Morning Bru with Jaffe & Razor My Story: Bruins Podcast Metropolitan Division Carolina Hurricanes Columbus Blue Jackets New Jersey Devils New York Islanders New York Rangers Philadelphia Flyers Pittsburgh Penguins Washington Capitals NESN 360 Originals My Story: Bruins Behind the B Bergeron at 1000 View More… Central Division Arizona Coyotes Chicago Blackhawks Colorado Avalanche Dallas Stars Minnesota Wild Nashville Predators St. Louis Blues Winnipeg Jets Play & Win Play Predict the Game Pick & Win Download the Bruins Schedule Pacific Division Anaheim Ducks Calgary Flames Edmonton Oilers Los Angeles Kings San Jose Sharks Seattle Kraken Vancouver Canucks Vegas Golden Knights Bruins Centennial Spacer Boston Bruins Scores & Schedule Player Stats Roster Injuries Transactions, Trades, and Free Agents Spacer NHL Scores & Schedule Standings League Leaders Player Stats Team Stats League Transactions League Injuries NFL NFL Latest News Latest News AFC East Buffalo Bills Miami Dolphins New England Patriots New York Jets AFC West Denver Broncos Kansas City Chiefs Las Vegas Raiders Los Angeles Chargers NESN Podcasts NESN Patriots Podcast AFC North Baltimore Ravens Cincinnati Bengals Cleveland Browns Pittsburgh Steelers AFC South Houston Texans Indianapolis Colts Jacksonville Jaguars Tennessee Titans NFC East Dallas Cowboys New York Giants Philadelphia Eagles Washington Commanders NFC West Arizona Cardinals Los Angeles Rams San Francisco 49ers Seattle Seahawks NFC North Chicago Bears Detroit Lions Green Bay Packers Minnesota Vikings NFC South Atlanta Falcons Carolina Panthers New Orleans Saints Tampa Bay Buccaneers Spacer New England Patriots Scores & Schedule Player Stats Depth Chart Injury Report Transactions & Trade Rumors Spacer NFL Scores & Schedule Standings League Leaders Player Stats Team Stats NBA NBA Latest News Latest News Atlantic Division Boston Celtics Brooklyn Nets New York Knicks Philadelphia 76ers Toronto Raptors Central Division Chicago Bulls Cleveland Cavaliers Detroit Pistons Indiana Pacers Milwaukee Bucks Southeast Division Atlanta Hawks Charlotte Hornets Miami Heat Orlando Magic Washington Wizards Northwest Division Denver Nuggets Minnesota Timberwolves Oklahoma City Thunder Portland Trail Blazers Utah Jazz Pacific Division Golden State Warriors Los Angeles Clippers Los Angeles Lakers Phoenix Suns Sacramento Kings Southwest Division Dallas Mavericks Houston Rockets Memphis Grizzlies New Orleans Pelicans San Antonio Spurs NESN Podcasts NESN Celtics Podcast NESN Games Pick & Win Spacer Boston Celtics Scores & Schedule Player Stats Roster Injuries Transactions, Trades, and Free Agents Spacer NBA Scores & Schedule Standings League Leaders Player Stats Team Stats More More PWHL Racing Hockey East UFC Boxing Liverpool FC Premier League Soccer Golf Connecticut Sun WWE Download Schedules Subscribe to ‘The Lead’ Newsletter NESN 360 NESN 360 Watch NESN 360 TV Schedules Stream NESN Live Channel Listings Stream NESN+ Live PNC Corner 4K Bets Podcasts Podcasts All Podcasts Morning Bru with Jaffe & Razor TC & Company Podcast Chicken Dinner The Spread Podcast Bruins Podcast My Story: Bruins College Hockey Podcast Fantasy Football Podcast Patriots Podcast Soccer Podcast My Story: Red Sox Celtics Podcast Play & Win Play & Win Pick & Win Home Run Trivia Predict the Game Search Input Scores New England Scores Schedule Watch NESN Home Stream Live NESN NESN+ Originals Travis Roy: A Life & A Legacy David Ortiz: Unstoppable Red Sox Recap Like a Pro with Jared Carrabis My Story: Red Sox Bell Biv DeVoe At Fenway Park Bergeron at 1000 Call to the Hall: Cam Neely Call to the Hall: Ray Bourque Chara at 1000 The David Ortiz Era David Ortiz: The Journey Dining Playbook Freezing Fenway Lord Stanley’s Summer Meet Marchand & Miller My Story: Bruins NESN Clubhouse On Course with Andy Brickley Pitching Ninja Red Sox Hall of Fame Ceremony Red Sox Winter Weekend Remembering Jerry Schooled Sox Appeal The Tradition Guide TV Schedules Channel Listings Sign In Families From Lewiston Community Honored Ahead Of Wasabi Fenway Bowl Liam Barrett | Tom Caron | Families From Lewiston Community Honored Ahead Of Wasabi Fenway Bowl Charlie Coyle Has Monster Bounce-Back Game In Bruins’ Win Over Sabres Patriots Legend Rodney Harrison Named Finalist For Pro Football Hall Of Fame Can Browns Crush Jets & Keep Playoff Hopes Alive? Related Videos Families From Lewiston Community Honored Ahead Of Wasabi Fenway Bowl Fenway Park Named 2023 ‘Sports Facility Of The Year’ Fenway Flashback: Bill Russell Throws Ceremonial First Pitch Shohei Ohtani Matches 1919 Babe Ruth Feat At Fenway Park ×",
    "highlightText": "",
    "highlightTitle": "",
    "highlightThreadTitle": "",
    "language": "english",
    "sentiment": "positive",
    "categories": [
        "Human Interest"
    ],
    "external_links": [],
    "external_images": [],
    "entities": {
        "persons": [],
        "organizations": [],
        "locations": [
            {
                "name": "lewiston",
                "sentiment": "none"
            }
        ]
    },
    "rating": null,
    "crawled": "2023-12-29T00:11:53.915+02:00",
    "updated": "2023-12-29T00:11:53.915+02:00"
}