{
    "thread": {
        "uuid": "72ad7c333204d5a6a58d22eb556045e8604d3764",
        "url": "https://themercury.com/news/area/plan-your-weekend-new-years-eve-farmers-markets-ksu-bowl-game-and-more/article_a7fb035f-9785-5af4-921f-9d6955b249df.html",
        "site_full": "themercury.com",
        "site": "themercury.com",
        "site_section": "https://themercury.com/news",
        "site_categories": [
            "media"
        ],
        "section_title": "News | themercury.com",
        "title": "PLAN YOUR WEEKEND | New Year's Eve, farmers markets, KSU bowl game and more | Area | themercury.com",
        "title_full": "PLAN YOUR WEEKEND | New Year's Eve, farmers markets, KSU bowl game and more | Area | themercury.com",
        "published": "2023-12-28T21:00:00.000+02:00",
        "replies_count": 0,
        "participants_count": 1,
        "site_type": "news",
        "country": "US",
        "main_image": "https://bloximages.newyork1.vip.townnews.com/themercury.com/content/tncms/assets/v3/editorial/b/63/b631e1e8-8499-50d9-9560-01b7ac30ed76/658c78f077e41.image.jpg?crop=1763%2C926%2C0%2C124&amp;resize=1200%2C630&amp;order=crop%2Cresize",
        "performance_score": 0,
        "domain_rank": 67604,
        "domain_rank_updated": "2023-12-26T12:06:25.000+02:00",
        "reach": null,
        "social": {
            "facebook": {
                "likes": 0,
                "comments": 0,
                "shares": 0
            },
            "gplus": {
                "shares": 0
            },
            "pinterest": {
                "shares": 0
            },
            "linkedin": {
                "shares": 0
            },
            "stumbledupon": {
                "shares": 0
            },
            "vk": {
                "shares": 0
            }
        }
    },
    "uuid": "72ad7c333204d5a6a58d22eb556045e8604d3764",
    "url": "https://themercury.com/news/area/plan-your-weekend-new-years-eve-farmers-markets-ksu-bowl-game-and-more/article_a7fb035f-9785-5af4-921f-9d6955b249df.html",
    "ord_in_thread": 0,
    "parent_url": null,
    "author": "Emily Porter Contributing writer",
    "published": "2023-12-28T21:00:00.000+02:00",
    "title": "PLAN YOUR WEEKEND | New Year's Eve, farmers markets, KSU bowl game and more | Area | themercury.com",
    "text": "Celebrate the end of the year and the beginning of the next this Sunday.\nThroughout town, several bars and local businesses will be hosting celebratory events to say goodbye to 2023 and ring in 2024. As usual, the little apple ball drop will be held in Aggieville at midnight.\nBusiness hours may vary Sunday and Monday. There will be no newspaper on Monday.\nHere’s a look at some local events in the area this weekend.\nTHURSDAY\nK-State Football vs NC State, 4:45 p.m.\nWatch, listen, live stats: ESPN, K-State Sports Network, kstatesports.com .\nOrlando, Florida.\nBINGO, 7 p.m.\nTickets: liquidartwinery.com .\nLiquid Art Winery, 1745 Wildcat Creek Road.\nFRIDAY\nPaint and Sip: Peace N Love Bug, 6 p.m.\nAlso Paint and Sip: Hoar Frost at 6 p.m. Saturday.\nUncorked Inspiration, 1223 Moro St.\nFriYay! Pick Your Project Workshop, 6 p.m.\nAlso Saturday Crafternoon Party at 2 p.m. Saturday.\nTickets: boardandbrush.com/manhattan/ . Bring your own beverage.\nBoard and Brush, 311 Fort Riley Blvd.\nChristmas Dinner and Movie Night: Love Actually, 7 p.m.\nTickets: liquidartwinery.com .\nLiquid Art Winery, 1745 Wildcat Creek Road.\nSATURDAY\nMHK Community Market, 9 a.m.-1 p.m.\nAmerican Legion.\nManhattan Farmers Market, 9 a.m.-1 p.m.\nThird and Leavenworth streets.\nWinery Tour, noon-2 p.m.\nTickets: liquidartwinery.com .\nLiquid Art Winery, 1745 Wildcat Creek Road.\nK-State Women’s Basketball at Cincinnati, 1 p.m.\nWatch, listen, live stats: Big 12 Now on ESPN+, K-State Sports Network, kstatesports.com .\nCincinnati, Ohio.\nSUNDAY\nNamaste MHK, 10:30 a.m.\nManhattan Brewing Company, 406 Poyntz Ave.\nNew Year’s Eve Matinee Show with Wasted Youth 785, 1:30 p.m.\nNo cost, all ages.\nSisters of Sound Records, 1214 Moro St.\nHoliday Dinner and Movie Night: When Harry Met Sally, 5 p.m.\nAlso Speakeasy: New Year’s Eve Celebration at 9 p.m.\nTickets: liquidartwinery.com .\nLiquid Art Winery, 1745 Wildcat Creek Road.\nFamily New Year’s Eve, 6-8:30 p.m.\nFood, music, and balloon drop at 8 p.m. All children must be accompanied by an adult.\nTickets: $18+, flinthillsdiscovery.org , in person, or 785-587-2726.\nFlint Hills Discovery Center, 315 S. Third St.\nNYE at MBC, 7 p.m.-12:30 a.m.\nManhattan Brewing Company, 406 Poyntz Ave.\nNYE Event, 7 p.m.-midnight.\nBalloon drop, midnight toast, prizes and more.\nTickets: $25, https://leaptrampolinepark.com/manhattan/\nLeap, 3011 Anderson Ave.\nNew Year’s Eve, 8 p.m.\nPrizes every half hour starting at 9 p.m.\nBottlecaps, 3043 Anderson Ave.\nLittle Apple New Year’s Eve, 8 p.m.-2 a.m.\nAggieville.\nNew Year’s Eve Celebration, 8 p.m.-1 a.m.\nFeaturing the band Mothers Worry.\nRC McGraw’s, 2317 Tuttle Creek Blvd.\nNew Year’s Eve Party, 9 p.m.\nDJ Papa Dom and the Box Turtles will perform. Champagne toast at midnight.\nFinn’s Neighborhood Pub, 317 Poyntz Ave.\nNew Year’s Eve Pajama Party, 9 p.m.\nChampagne toast at midnight, 21+ to enter.\nTickets: $15+, mhkentertainmentco.com/product/New-Years-Pajama-Party/25 .\nManhattan Entertainment Co., 3236 Kimball Ave.\nAMP NYE Party, 10 p.m.-2 a.m.\nChampagne toast included with cover charge.\nTickets: $5, auntiemaes.com .\nAuntie Mae’s Parlor, 616 N. 12th St.",
    "highlightText": "",
    "highlightTitle": "",
    "highlightThreadTitle": "",
    "language": "english",
    "sentiment": "positive",
    "categories": [
        "Lifestyle and Leisure",
        "Human Interest"
    ],
    "external_links": [
        "https://leaptrampolinepark.com/manhattan/",
        "http://boardandbrush.com/manhattan/",
        "http://auntiemaes.com",
        "http://flinthillsdiscovery.org",
        "http://liquidartwinery.com",
        "http://kstatesports.com",
        "http://mhkentertainmentco.com/product/New-Years-Pajama-Party/25",
        "http://www.boardandbrush.com/manhattan/",
        "http://www.flinthillsdiscovery.org",
        "http://www.liquidartwinery.com",
        "http://www.auntiemaes.com",
        "https://leaptrampolinepark.com/manhattan",
        "http://www.kstatesports.com",
        "http://www.mhkentertainmentco.com/product/New-Years-Pajama-Party/25",
        "https://www.leaptrampolinepark.com/manhattan/",
        "http://boardandbrush.com/manhattan"
    ],
    "external_images": [],
    "entities": {
        "persons": [
            {
                "name": "wildca",
                "sentiment": "none"
            },
            {
                "name": "hoar frost",
                "sentiment": "none"
            },
            {
                "name": "riley",
                "sentiment": "none"
            }
        ],
        "organizations": [
            {
                "name": "ksu",
                "sentiment": "negative"
            },
            {
                "name": "crafternoon party",
                "sentiment": "none"
            },
            {
                "name": "nc state",
                "sentiment": "none"
            },
            {
                "name": "espn",
                "sentiment": "none"
            }
        ],
        "locations": [
            {
                "name": "orlando",
                "sentiment": "none"
            },
            {
                "name": "wildcat creek road",
                "sentiment": "none"
            },
            {
                "name": "aggieville",
                "sentiment": "none"
            },
            {
                "name": "florida",
                "sentiment": "none"
            }
        ]
    },
    "rating": null,
    "crawled": "2023-12-29T00:11:01.990+02:00",
    "updated": "2023-12-29T00:11:01.990+02:00"
}