{
    "thread": {
        "uuid": "a42725453f675780d7270fdf5928f5020a51e3e8",
        "url": "https://www.justjared.com/2023/12/28/who-is-joe-flaccos-wife-hes-married-to-dana-grady/",
        "site_full": "www.justjared.com",
        "site": "justjared.com",
        "site_section": "http://www.justjared.com/feed/",
        "site_categories": [
            "celebrity_fan_gossip",
            "entertainment"
        ],
        "section_title": "Just Jared",
        "title": "Who Is Joe Flacco's Wife? He's Married to Dana Grady!",
        "title_full": "Who Is Joe Flacco's Wife? He's Married to Dana Grady!",
        "published": "2023-12-29T00:00:00.000+02:00",
        "replies_count": 0,
        "participants_count": 1,
        "site_type": "news",
        "country": "US",
        "main_image": "https://cdn01.justjared.com/wp-content/uploads/headlines/2023/12/flacco-wife.jpg",
        "performance_score": 0,
        "domain_rank": 5469,
        "domain_rank_updated": "2023-12-26T12:06:20.000+02:00",
        "reach": null,
        "social": {
            "facebook": {
                "likes": 0,
                "comments": 0,
                "shares": 1
            },
            "gplus": {
                "shares": 0
            },
            "pinterest": {
                "shares": 0
            },
            "linkedin": {
                "shares": 0
            },
            "stumbledupon": {
                "shares": 0
            },
            "vk": {
                "shares": 0
            }
        }
    },
    "uuid": "a42725453f675780d7270fdf5928f5020a51e3e8",
    "url": "https://www.justjared.com/2023/12/28/who-is-joe-flaccos-wife-hes-married-to-dana-grady/",
    "ord_in_thread": 0,
    "parent_url": null,
    "author": "Just Jared",
    "published": "2023-12-29T00:00:00.000+02:00",
    "title": "Who Is Joe Flacco's Wife? He's Married to Dana Grady!",
    "text": "Who Is Joe Flacco's Wife? He's Married to Dana Grady!\nJoe Flacco has been lighting it up as the quarterback for the Cleveland Browns after the NFL team started off the season with some quarterback woes.\nNow, the veteran star, who won a\nSuper Bowl with the Baltimore Ravens after the 2012 season, is taking the field tonight during Thursday Night Football to try and continue his hot streak. As you’re watching, you may be wondering if Joe is married or dating anyone.\nWell, he’s been married to\nDana Grady since 2011!\nThe pair actually grew up in the same area and went to high school together in the Camden County, New Jersey area.\nKeep reading to find out more…\nJoe and Dana have five kids together, Stephen, Daniel, Francis, Evelyn, and Thomas. They’re all born between 2012-2018. Evelyn is their only daughter, and once, when asked about what it was like finally welcoming a baby girl into the family, Joe\nsaid, “It was definitely different. Seeing a girl come out after three boys was a bit of a shock. Everybody is beyond overjoyed, beyond pumped.”\nNot much is known about Dana‘s personal life at this time.\nDana Flacco, Joe Flacco",
    "highlightText": "",
    "highlightTitle": "",
    "highlightThreadTitle": "",
    "language": "english",
    "sentiment": "positive",
    "categories": [
        "Human Interest"
    ],
    "external_links": [
        "https://www.nydailynews.com/2016/09/28/baltimore-ravens-quarterback-joe-flacco-welcomes-fourth-child-as-wife-gives-birth-to-daughter-evelyn-renee/",
        "https://nydailynews.com/2016/09/28/baltimore-ravens-quarterback-joe-flacco-welcomes-fourth-child-as-wife-gives-birth-to-daughter-evelyn-renee/",
        "https://www.nydailynews.com/2016/09/28/baltimore-ravens-quarterback-joe-flacco-welcomes-fourth-child-as-wife-gives-birth-to-daughter-evelyn-renee"
    ],
    "external_images": [],
    "entities": {
        "persons": [
            {
                "name": "joe flacco",
                "sentiment": "neutral"
            },
            {
                "name": "dana grady",
                "sentiment": "neutral"
            },
            {
                "name": "dana",
                "sentiment": "none"
            },
            {
                "name": "thomas",
                "sentiment": "none"
            },
            {
                "name": "joe",
                "sentiment": "none"
            },
            {
                "name": "evelyn",
                "sentiment": "none"
            },
            {
                "name": "francis",
                "sentiment": "none"
            },
            {
                "name": "daniel",
                "sentiment": "none"
            },
            {
                "name": "stephen",
                "sentiment": "none"
            }
        ],
        "organizations": [
            {
                "name": "nfl",
                "sentiment": "none"
            },
            {
                "name": "baltimore ravens",
                "sentiment": "none"
            },
            {
                "name": "cleveland browns",
                "sentiment": "none"
            }
        ],
        "locations": [
            {
                "name": "camden county",
                "sentiment": "none"
            },
            {
                "name": "new jersey",
                "sentiment": "none"
            }
        ]
    },
    "rating": null,
    "crawled": "2023-12-29T00:04:36.161+02:00",
    "updated": "2023-12-29T00:04:36.161+02:00"
}