{
    "thread": {
        "uuid": "085491f73fd9b4659d30acfb2948129838dc5a8f",
        "url": "https://andaluciainformacion.es/huelva/1492963/voluntarios-retiran-mas-de-1500-kg-de-residuos-de-las-playas-de-el-rompido/",
        "site_full": "andaluciainformacion.es",
        "site": "andaluciainformacion.es",
        "site_section": "http://andaluciainformacion.es/huelva/",
        "site_categories": [
            "media"
        ],
        "section_title": "Andalucía Información. Todas las noticias de Huelva",
        "title": "Voluntarios retiran más de 1.500 kg de residuos de las playas de El Rompido | Andalucía Información. Todas las noticias de Huelva",
        "title_full": "Voluntarios retiran más de 1.500 kg de residuos de las playas de El Rompido | Andalucía Información. Todas las noticias de Huelva",
        "published": "2023-12-28T21:10:00.000+02:00",
        "replies_count": 0,
        "participants_count": 1,
        "site_type": "news",
        "country": "ES",
        "main_image": "https://publicacionesdelsur.b-cdn.net/articulos/articulos-1251005.jpg",
        "performance_score": 0,
        "domain_rank": 44978,
        "domain_rank_updated": "2023-12-26T12:06:25.000+02:00",
        "reach": null,
        "social": {
            "facebook": {
                "likes": 0,
                "comments": 0,
                "shares": 0
            },
            "gplus": {
                "shares": 0
            },
            "pinterest": {
                "shares": 0
            },
            "linkedin": {
                "shares": 0
            },
            "stumbledupon": {
                "shares": 0
            },
            "vk": {
                "shares": 0
            }
        }
    },
    "uuid": "085491f73fd9b4659d30acfb2948129838dc5a8f",
    "url": "https://andaluciainformacion.es/huelva/1492963/voluntarios-retiran-mas-de-1500-kg-de-residuos-de-las-playas-de-el-rompido/",
    "ord_in_thread": 0,
    "parent_url": null,
    "author": "@andaluciainf",
    "published": "2023-12-28T21:10:00.000+02:00",
    "title": "Voluntarios retiran más de 1.500 kg de residuos de las playas de El Rompido | Andalucía Información. Todas las noticias de Huelva",
    "text": "La solidaridad, el buen rollo y los propósitos de estas fechas se han unido en una iniciativa única y de protección de nuestro entorno. Estos días la Asociación Deportiva Náutica Nuevo Portil ha organizado una jornada de limpieza voluntaria en la playa de La Flecha de El Rompido. Iniciativa a la que se han unido cerca de 60 personas que en solo unas horas han podido recoger más de 1.500 kilogramos de basura de las playas del Paraje Natural 'Marismas del Río Piedras y Flecha de El Rompido'. Así lo ha agradecido y aplaudido el propio [Ayuntamiento de Cartaya en sus redes sociales](https://www.facebook.com/AyuntamientoDeCartaya), ya que iniciativas de este tipo son imprescindibles para lanzar un mensaje de concienciación ambiental. Ataviados con gorros de Papá Noel y con sus tablas y kayaks han aprovechado para limpiar a ambos lados de la Flecha. Así, el Ayuntamiento cartayero, que ha colaborado en la retirada de la basura recogida, ha agradecido la iniciativa de la ADN Nuevo Portil y ha resaltado, sobre todo, \"el ejemplo de los voluntarios y voluntarias que, en su tabla de paddle sur, han dedicado su jornada de descanso a colaborar en la preservación y limpieza del patrimonio ambiental del municipio\". Envía tu noticia a: [participa@andaluciainformacion.es](mailto:participa@andaluciainformacion.es)",
    "highlightText": "",
    "highlightTitle": "",
    "highlightThreadTitle": "",
    "language": "spanish",
    "sentiment": "positive",
    "categories": [
        "Environment",
        "Human Interest",
        "Social Issue"
    ],
    "external_links": [
        "https://www.facebook.com/AyuntamientoDeCartaya),",
        "https://facebook.com/AyuntamientoDeCartaya),"
    ],
    "external_images": [],
    "entities": {
        "persons": [],
        "organizations": [],
        "locations": []
    },
    "rating": null,
    "crawled": "2023-12-29T00:03:39.994+02:00",
    "updated": "2023-12-29T00:03:39.994+02:00"
}