{
    "thread": {
        "uuid": "ba908a8c112cd937c8e1381b319801edfc5e3653",
        "url": "https://www.larepublica.net/noticia/ninos-y-jovenes-de-cieneguita-reciben-donacion-de-equipo-para-aprender-surf",
        "site_full": "www.larepublica.net",
        "site": "larepublica.net",
        "site_section": "https://www.larepublica.net/seccion/ultima-hora",
        "site_categories": [
            "media"
        ],
        "section_title": "Última Hora",
        "title": "Niños y jóvenes de Cieneguita reciben donación de equipo para aprender surf",
        "title_full": "Niños y jóvenes de Cieneguita reciben donación de equipo para aprender surf",
        "published": "2023-12-28T21:15:00.000+02:00",
        "replies_count": 0,
        "participants_count": 1,
        "site_type": "news",
        "country": "CR",
        "main_image": "https://www.larepublica.net/storage/images/2023/12/28/20231228120133.415222851-18260985898206681-756345658188125211-n.x2.jpg",
        "performance_score": 0,
        "domain_rank": 73096,
        "domain_rank_updated": "2023-12-26T12:06:25.000+02:00",
        "reach": null,
        "social": {
            "facebook": {
                "likes": 0,
                "comments": 0,
                "shares": 0
            },
            "gplus": {
                "shares": 0
            },
            "pinterest": {
                "shares": 0
            },
            "linkedin": {
                "shares": 0
            },
            "stumbledupon": {
                "shares": 0
            },
            "vk": {
                "shares": 0
            }
        }
    },
    "uuid": "ba908a8c112cd937c8e1381b319801edfc5e3653",
    "url": "https://www.larepublica.net/noticia/ninos-y-jovenes-de-cieneguita-reciben-donacion-de-equipo-para-aprender-surf",
    "ord_in_thread": 0,
    "parent_url": null,
    "author": "Allan Madriz",
    "published": "2023-12-28T21:15:00.000+02:00",
    "title": "Niños y jóvenes de Cieneguita reciben donación de equipo para aprender surf",
    "text": "Esto a través del programa “Sembremos Seguridad” de la Embajada de Estados Unidos\nAllan Madriz allanmadriz.asesor@larepublica.net | Jueves 28 diciembre, 2023 01:15 p. m.\nCortesía / La República\nCon la intención de impulsar las metas y sueños de los niños y jóvenes de Cieneguita de Limón , la Embajada de los Estados Unidos donó 20 tablas de surf a esta comunidad.\nLa donación del equipo forma parte del programa “Sembremos Seguridad”, impulsado por la embajada estadounidense, el cual ayudará a la práctica del deporte en la comunidad caribeña.\nLea más: Con 9 años, limonense Mikela Castro se corona campeona nacional de surf en tres categorías\nCortesía / La República\nCon tutoría de instructores voluntarios de la Fundación Waves & Smiles, los niños y jóvenes de Cieneguita recibirán lecciones de surf y herramientas para la vida.\nLea más: Estas son las 12 mejores playas de Costa Rica, según Lonely Planet\nMotivar cambios de comportamiento positivos en espacios seguros llenos de deporte, amor al ambiente y salud mental, es el objetivo de la fundación.\nCortesía / La República\nAdemás de las 20 tablas de surf, la embajada estadounidense donó los accesorios que requieren estos implementos deportivos.",
    "highlightText": "",
    "highlightTitle": "",
    "highlightThreadTitle": "",
    "language": "spanish",
    "sentiment": "positive",
    "categories": [
        "Human Interest"
    ],
    "external_links": [
        "https://web.whatsapp.com/send?text=https://www.larepublica.net/noticia/ninos-y-jovenes-de-cieneguita-reciben-donacion-de-equipo-para-aprender-surf",
        "http://www.facebook.com/sharer.php?u=https://www.larepublica.net/noticia/ninos-y-jovenes-de-cieneguita-reciben-donacion-de-equipo-para-aprender-surf",
        "http://twitter.com/share?url=https://www.larepublica.net/noticia/ninos-y-jovenes-de-cieneguita-reciben-donacion-de-equipo-para-aprender-surf",
        "https://web.whatsapp.com/send?text=https://larepublica.net/noticia/ninos-y-jovenes-de-cieneguita-reciben-donacion-de-equipo-para-aprender-surf",
        "http://facebook.com/sharer.php?u=https://larepublica.net/noticia/ninos-y-jovenes-de-cieneguita-reciben-donacion-de-equipo-para-aprender-surf",
        "https://web.whatsapp.com/send",
        "http://twitter.com/share",
        "http://www.facebook.com/sharer.php",
        "http://twitter.com/share?url=https://larepublica.net/noticia/ninos-y-jovenes-de-cieneguita-reciben-donacion-de-equipo-para-aprender-surf"
    ],
    "external_images": [],
    "entities": {
        "persons": [],
        "organizations": [],
        "locations": []
    },
    "rating": null,
    "crawled": "2023-12-29T00:06:31.638+02:00",
    "updated": "2023-12-29T00:06:31.638+02:00"
}