{
    "thread": {
        "uuid": "0b3874c5659b84c799dcffe26ed3f1a73b9d9995",
        "url": "https://kesq.com/cnn-regional/2023/12/28/virginia-mom-asks-taylor-swift-fans-for-help-with-her-daughter-and-boy-did-they-respond/",
        "site_full": "kesq.com",
        "site": "kesq.com",
        "site_section": "https://kesq.com/feed/",
        "site_categories": [
            "media"
        ],
        "section_title": "KESQ",
        "title": "Virginia mom asks Taylor Swift fans for help with her daughter and boy did they respond",
        "title_full": "Virginia mom asks Taylor Swift fans for help with her daughter and boy did they respond",
        "published": "2023-12-28T23:48:00.000+02:00",
        "replies_count": 0,
        "participants_count": 1,
        "site_type": "news",
        "country": "US",
        "main_image": "https://kesq.b-cdn.net/2023/12/Screenshot2023-12-28at11953PM.jpg",
        "performance_score": 0,
        "domain_rank": 18336,
        "domain_rank_updated": "2023-12-26T12:06:20.000+02:00",
        "reach": null,
        "social": {
            "facebook": {
                "likes": 0,
                "comments": 0,
                "shares": 0
            },
            "gplus": {
                "shares": 0
            },
            "pinterest": {
                "shares": 0
            },
            "linkedin": {
                "shares": 0
            },
            "stumbledupon": {
                "shares": 0
            },
            "vk": {
                "shares": 0
            }
        }
    },
    "uuid": "0b3874c5659b84c799dcffe26ed3f1a73b9d9995",
    "url": "https://kesq.com/cnn-regional/2023/12/28/virginia-mom-asks-taylor-swift-fans-for-help-with-her-daughter-and-boy-did-they-respond/",
    "ord_in_thread": 0,
    "parent_url": null,
    "author": "CNN Newsource",
    "published": "2023-12-28T23:48:00.000+02:00",
    "title": "Virginia mom asks Taylor Swift fans for help with her daughter and boy did they respond",
    "text": "Virginia mom asks Taylor Swift fans for help with her daughter and boy did they respond\nBy Cameron Thompson\nClick here for updates on this story\nCHESTERFIELD COUNTY, Virginia (\nWTVR) — Like many mother-daughter relationships, Sarah Blanks and her daughter Abby have a special one. Along with a deep love for each other, the pair also share a love for Taylor Swift.\nMother Sarah claims she was a Swifty first.\n“She was going through the same thing I was — heartbreak, friendships, friend struggles, you know, it’s all portrayed in her music,” Blanks, who is around Swift’s age, said.\nIt did not take much to convert daughter Abby.\n“I shared, ‘Shake it Off,’ I think was the first one with my daughter when it first came out in 2014. She was four. And she would just dance and shake it off in her car seat and it’s just been a love story ever since then,” Blanks said.\nLike her mom, Abby has been drawn to what Swift sings about.\n“I just feel like as I’m getting older, I can go back and listen to her music that she made when she was struggling with the same things that I am now,” Abby said.\nThe pair have made several trips to Swift concerts — including the opening of her current Eras Tour.\nAs Abby approached her 13th birthday this year, her mom reached out to fellow Swift fans, known as Swifties, with a special request.\nBlanks wrote a social media post asking fellow Swifties to send in cards to help Abby celebrate.\n“Being a teenager is hard. Being a teenage girl is even harder. She’s had a lot of struggles this past year,” Blanks said. “All I wanted was to give her the best 13th birthday.”\nBlanks said she expected about 20 cards to arrive.\nBut more than 250 were delivered from around the world.\nMom decorated the walls with the cards to surprise her Swiftie daughter.\n“I didn’t think the cards were actually, like, actual cards. And then I started opening some, and they were actual cards from people all over the world. I was just completely shocked,” Abby said.\nAmong the cards, were things like friendship bracelets and jars of her quotes.\nFor Abby, the experience was a lesson in community.\n“I just think it shows that you don’t really have to know someone for them to care about you,” Abby said.\n“I have cried multiple times just thinking about it,” her mom shared. “I know I personally have struggled finding a community that supports me and I know that being a teenager is difficult to find a community. So I think it’s important to be able to show her what it looks like.”\nBlanks and Abby said they’ll continue to watch Swift shows on tour and hope to be able to meet some of their fellow Swifties who helped make this a reality.\nPlease note: This content carries a strict local market embargo. If you share the same market as the contributor of this article, you may not use it on any platform.",
    "highlightText": "",
    "highlightTitle": "",
    "highlightThreadTitle": "",
    "language": "english",
    "sentiment": "positive",
    "categories": [
        "Arts, Culture and Entertainment",
        "Lifestyle and Leisure",
        "Human Interest"
    ],
    "external_links": [
        "https://www.wtvr.com/news/local-news/mom-asks-taylor-swift-fans-for-help-dec-25-2023",
        "https://wtvr.com/news/local-news/mom-asks-taylor-swift-fans-for-help-dec-25-2023"
    ],
    "external_images": [],
    "entities": {
        "persons": [
            {
                "name": "taylor swift",
                "sentiment": "neutral"
            },
            {
                "name": "cameron t",
                "sentiment": "neutral"
            },
            {
                "name": "sarah",
                "sentiment": "none"
            },
            {
                "name": "sarah blanks",
                "sentiment": "none"
            },
            {
                "name": "abby",
                "sentiment": "none"
            },
            {
                "name": "swift",
                "sentiment": "none"
            }
        ],
        "organizations": [],
        "locations": [
            {
                "name": "virginia",
                "sentiment": "none"
            }
        ]
    },
    "rating": null,
    "crawled": "2023-12-29T00:23:51.688+02:00",
    "updated": "2023-12-29T00:23:51.688+02:00"
}