{
    "thread": {
        "uuid": "c0470887be91ad6eca989a5bc6742480cf83f1c8",
        "url": "https://www.aol.com/jon-pardi-reveals-112-days-220145082.html",
        "site_full": "www.aol.com",
        "site": "aol.com",
        "site_section": "https://www.aol.com/entertainment",
        "site_categories": [
            "media"
        ],
        "section_title": "Entertainment News &amp; Latest Celebrity Headlines - AOL.com",
        "title": "Jon Pardi Reveals He's '112 Days Sober' After He 'Retired' from Alcohol: 'I Was So Unhappy with Myself'",
        "title_full": "Jon Pardi Reveals He's '112 Days Sober' After He 'Retired' from Alcohol: 'I Was So Unhappy with Myself'",
        "published": "2023-12-29T00:01:00.000+02:00",
        "replies_count": 0,
        "participants_count": 1,
        "site_type": "news",
        "country": "US",
        "main_image": "https://s.yimg.com/ny/api/res/1.2/pob9Tc3a9wyZ59YqIB5xWg--/YXBwaWQ9aGlnaGxhbmRlcjt3PTEyMDA7aD04MDA-/https://media.zenfs.com/en/aol_people_articles_471/bbf0e9aba8b967153669877bb8d70c68",
        "performance_score": 0,
        "domain_rank": 170,
        "domain_rank_updated": "2023-12-26T12:06:20.000+02:00",
        "reach": null,
        "social": {
            "facebook": {
                "likes": 0,
                "comments": 0,
                "shares": 0
            },
            "gplus": {
                "shares": 0
            },
            "pinterest": {
                "shares": 0
            },
            "linkedin": {
                "shares": 0
            },
            "stumbledupon": {
                "shares": 0
            },
            "vk": {
                "shares": 0
            }
        }
    },
    "uuid": "c0470887be91ad6eca989a5bc6742480cf83f1c8",
    "url": "https://www.aol.com/jon-pardi-reveals-112-days-220145082.html",
    "ord_in_thread": 0,
    "parent_url": null,
    "author": "AOL Staff",
    "published": "2023-12-29T00:01:00.000+02:00",
    "title": "Jon Pardi Reveals He's '112 Days Sober' After He 'Retired' from Alcohol: 'I Was So Unhappy with Myself'",
    "text": "Jon Pardi Reveals He's '112 Days Sober' After He 'Retired' from Alcohol: 'I Was So Unhappy with Myself' The country star said he's \"lost a bunch of weight\" since giving up alcohol [Jon Pardi](https://people.com/tag/jon-pardi/) is entering 2024 making strides in his newfound sobriety journey. The \"Ain't Always the Cowboy\" singer, 38, appeared on Amazon Music's [Country Heat Weekly](https://music.amazon.com/podcasts/8b0cf1f8-ea72-4ee7-ad89-39ec6474ee87/episodes/79cc5275-9fac-4719-bbec-63946731cb26/country-heat-weekly-jon-pardi's-christmas-party)podcast and revealed that he’s nearly four months sober, and has lost some weight because of the lifestyle change. \"I've been 112 days sober. I’ve lost a bunch of weight,\" the country star told hosts Kelly Sutton and Amber Anderson. \"I was pre-diabetic, and I was just like, 'I gotta stop.'\" Pardi explained that his weight ultimately left him feeling \"unhappy\" and drove him to make the decision. \"I was really getting to the point where every picture, every video I was so unhappy with myself,\" he admitted. \"And where I was going, I needed to just take a break.\" Never miss a story — sign up for [PEOPLE's free daily newsletter](https://forms.dotdashmeredith.com/people-news-inline) to stay up-to-date on the best of what PEOPLE has to offer, from celebrity news to compelling human interest stories. Related: [Ashley McBryde Makes Dramatic Life Changes: 'I Just Needed to Stop Killing Myself' (Exclusive)](https://people.com/ashley-mcbryde-sobriety-journey-exclusive-8347043) The results of his sobriety journey have even made Pardi more confident, telling others that going alcohol-free is the key to weight loss. \"I just did a photo shoot and I was like ... 'Damn, I look good,' Take that Tito's!\" he said with a laugh. \"But for anybody that's thinking about it, if they want to lose weight and you do drink, let me tell you, it does help tremendously if you stop.\" The \"Last Night Lonely\" singer then teased on the show that although he gave up alcohol, his sweet tooth is still his weakness. \"I love me some ice cream,\" he quipped. \"I'm like, 'Well, I'm not drinking. I better get this Twix candy ice cream.’ Coffee ice cream. So good.\" Although Pardi didn’t give anymore insight on his sobriety journey, he noted that he’s not sure if he’ll stay committed to it. \"I'm retired, OK? Doesn't mean I can't come out of retirement,\" he said. \"But for right now, it's been great.\" For more People news, make sure to [sign up for our newsletter!](https://forms.dotdashmeredith.com/people-apple-news-opt-in) Read the original article on [People](https://people.com/jon-pardi-is-112-days-sober-after-he-retired-from-alcohol-8420724).",
    "highlightText": "",
    "highlightTitle": "",
    "highlightThreadTitle": "",
    "language": "english",
    "sentiment": "positive",
    "categories": [
        "Lifestyle and Leisure",
        "Health",
        "Human Interest"
    ],
    "external_links": [
        "https://music.amazon.com/podcasts/8b0cf1f8-ea72-4ee7-ad89-39ec6474ee87/episodes/79cc5275-9fac-4719-bbec-63946731cb26/country-heat-weekly-jon-pardi",
        "https://forms.dotdashmeredith.com/people-news-inline)",
        "https://people.com/ashley-mcbryde-sobriety-journey-exclusive-8347043)",
        "https://forms.dotdashmeredith.com/people-apple-news-opt-in)",
        "https://people.com/jon-pardi-is-112-days-sober-after-he-retired-from-alcohol-8420724).",
        "https://people.com/tag/jon-pardi/)",
        "https://www.music.amazon.com/podcasts/8b0cf1f8-ea72-4ee7-ad89-39ec6474ee87/episodes/79cc5275-9fac-4719-bbec-63946731cb26/country-heat-weekly-jon-pardi",
        "https://www.people.com/jon-pardi-is-112-days-sober-after-he-retired-from-alcohol-8420724).",
        "https://www.forms.dotdashmeredith.com/people-apple-news-opt-in)",
        "https://www.people.com/ashley-mcbryde-sobriety-journey-exclusive-8347043)",
        "https://www.forms.dotdashmeredith.com/people-news-inline)",
        "https://www.people.com/tag/jon-pardi/)"
    ],
    "external_images": [],
    "entities": {
        "persons": [
            {
                "name": "jon pardi",
                "sentiment": "negative"
            },
            {
                "name": "myse",
                "sentiment": "negative"
            },
            {
                "name": "amber anderson",
                "sentiment": "none"
            },
            {
                "name": "pardi",
                "sentiment": "none"
            },
            {
                "name": "kelly sutton",
                "sentiment": "none"
            }
        ],
        "organizations": [
            {
                "name": "amazon music",
                "sentiment": "none"
            }
        ],
        "locations": []
    },
    "rating": null,
    "crawled": "2023-12-29T00:22:14.025+02:00",
    "updated": "2023-12-29T00:22:14.025+02:00"
}