{
    "thread": {
        "uuid": "bb9df95e8043b75e54634cc6e737455882db6943",
        "url": "https://evoke.ie/2023/12/28/style/fashion/dunnes-sweater-january",
        "site_full": "evoke.ie",
        "site": "evoke.ie",
        "site_section": "https://evoke.ie/life-style/interiors",
        "site_categories": [
            "media",
            "fashion",
            "style_and_fashion"
        ],
        "section_title": "Interiors - EVOKE",
        "title": "Dunnes Bargain Buy Sweater Is Perfect For Chilly January",
        "title_full": "Dunnes Bargain Buy Sweater Is Perfect For Chilly January",
        "published": "2023-12-28T22:54:00.000+02:00",
        "replies_count": 0,
        "participants_count": 1,
        "site_type": "news",
        "country": "IE",
        "main_image": "https://evoke.ie/wp-content/uploads/2023/12/dunnes-fleece-colour.jpg",
        "performance_score": 0,
        "domain_rank": 56108,
        "domain_rank_updated": "2023-12-26T12:06:25.000+02:00",
        "reach": null,
        "social": {
            "facebook": {
                "likes": 0,
                "comments": 0,
                "shares": 0
            },
            "gplus": {
                "shares": 0
            },
            "pinterest": {
                "shares": 0
            },
            "linkedin": {
                "shares": 0
            },
            "stumbledupon": {
                "shares": 0
            },
            "vk": {
                "shares": 0
            }
        }
    },
    "uuid": "bb9df95e8043b75e54634cc6e737455882db6943",
    "url": "https://evoke.ie/2023/12/28/style/fashion/dunnes-sweater-january",
    "ord_in_thread": 0,
    "parent_url": null,
    "author": "Sandra Black",
    "published": "2023-12-28T22:54:00.000+02:00",
    "title": "Dunnes Bargain Buy Sweater Is Perfect For Chilly January",
    "text": "While we're bracing for the usual cold snap that bites each January and Dunnes Stores is already one step ahead of us.\nIf you can peel your eyes away from the sales for just a moment, we've spotted a gorgeous fleecy half-zip that will keep out the cold - whenever it decides to descend - and it won't break the bank.\nToday's top videos\nThis blue and white abstract printed fleece is currently selling for €15.\nHalf zip fleece, €15. Pic: Dunnes Stores It also comes in a range of other colours like red, and beige, which are on sale for just €10.\nFeaturing a high neck and cuffed sleeves, this layer almost screams snug as it promises to keep out any draughts that may come your way in the new year.\nWe love the raspberry shade. Pic: Dunnes Stores Rosanna Davison previously had style fans racing to the tills for her cool and colourful Dunnes jumper and we can see this style is also selling out fast in cet\nThis piece looks like a great option to layer or wear as a standalone outerwear item, with a pouch pocket at the front for carrying any essentials around with you.\nThe cream fleece is so versatile. Pic: Dunnes Stores Pair this look with leggings for a relaxed look for running errands, or jeans and Chelsea boots to continue with the cosy winter style.",
    "highlightText": "",
    "highlightTitle": "",
    "highlightThreadTitle": "",
    "language": "english",
    "sentiment": "positive",
    "categories": [
        "Lifestyle and Leisure",
        "Health",
        "Human Interest"
    ],
    "external_links": [],
    "external_images": [],
    "entities": {
        "persons": [
            {
                "name": "rosanna davison",
                "sentiment": "none"
            }
        ],
        "organizations": [
            {
                "name": "dunnes stores",
                "sentiment": "negative"
            }
        ],
        "locations": []
    },
    "rating": null,
    "crawled": "2023-12-29T00:14:14.484+02:00",
    "updated": "2023-12-29T00:14:14.484+02:00"
}