{
    "thread": {
        "uuid": "d06a6bce70bad19d3d4df0a953e4622cebd0a2c9",
        "url": "https://www.finanznachrichten.de/nachrichten-2023-12/61023653-chapel-of-the-flowers-over-110-weddings-vow-renewals-on-the-unforgettable-palindrome-date-12-31-23-200.htm",
        "site_full": "www.finanznachrichten.de",
        "site": "finanznachrichten.de",
        "site_section": "https://finanznachrichten.de/nachrichten/uebersicht.htm",
        "site_categories": [
            "stocks",
            "finance",
            "financial_news"
        ],
        "section_title": "Aktuelle Nachrichten",
        "title": "Chapel of the Flowers: Over 110 Weddings/Vow Renewals on the Unforgettable Palindrome Date, 12/31/23",
        "title_full": "Chapel of the Flowers: Over 110 Weddings/Vow Renewals on the Unforgettable Palindrome Date, 12/31/23",
        "published": "2023-12-28T23:26:00.000+02:00",
        "replies_count": 0,
        "participants_count": 1,
        "site_type": "news",
        "country": "DE",
        "main_image": "https://finanznachrichten.de/content/g/fb.png",
        "performance_score": 0,
        "domain_rank": 8147,
        "domain_rank_updated": "2023-12-26T12:06:20.000+02:00",
        "reach": null,
        "social": {
            "facebook": {
                "likes": 0,
                "comments": 0,
                "shares": 0
            },
            "gplus": {
                "shares": 0
            },
            "pinterest": {
                "shares": 0
            },
            "linkedin": {
                "shares": 0
            },
            "stumbledupon": {
                "shares": 0
            },
            "vk": {
                "shares": 0
            }
        }
    },
    "uuid": "d06a6bce70bad19d3d4df0a953e4622cebd0a2c9",
    "url": "https://www.finanznachrichten.de/nachrichten-2023-12/61023653-chapel-of-the-flowers-over-110-weddings-vow-renewals-on-the-unforgettable-palindrome-date-12-31-23-200.htm",
    "ord_in_thread": 0,
    "parent_url": null,
    "author": "ACCESSWIRE",
    "published": "2023-12-28T23:26:00.000+02:00",
    "title": "Chapel of the Flowers: Over 110 Weddings/Vow Renewals on the Unforgettable Palindrome Date, 12/31/23",
    "text": "LAS VEGAS, NV / ACCESSWIRE / December 28, 2023 / In a once-in-a-lifetime celebration, Chapel of the Flowers is set to host a historic event on New Year's Eve, featuring over 110 weddings and vow renewals on the uniquely significant palindrome date, 12/31/23. This spectacular celebration promises to be a joyous affair, marking the end of the year with love, laughter, and a touch of whimsy.\n123123 Weddings With Fireworks At Chapel Of The Flowers\nThere will be more than fireworks this year at Chapel of the Flowers, as we plan to marry over 110 couples this New Years Eve or on 123123\nCountdown to \"I Do\":\nAs the clock ticks down to midnight on 12/31/23, Chapel of the Flowers is gearing up for a day and night filled with love stories and cherished moments. The Director of Storytelling at Chapel of the Flowers, Cynthia Sharpe says \"Over 110 couples will embark on the journey of a lifetime, saying 'I do' or renewing their vows in a festive atmosphere that's set to become a standout memory in the tapestry of their love.\"\n123 123: A Palindrome Extravaganza:\nThe date itself, 12/31/23, is a rare palindrome that adds an extra layer of magic to this already enchanting event. What better way to start a new chapter than on a date that reads the same backward as forward? It's a once-in-a-lifetime opportunity for couples to tie the knot or renew their vows in a way that's as unique as their love story.\nMore Love, More Fun - Join the Celebration!:\nChapel of the Flowers is extending an open invitation for more couples to join this extraordinary celebration and be part of history in the making. With the capacity for even more love-filled ceremonies, there's still time for couples to seize the opportunity to have their special moment amidst the glittering lights of Las Vegas on this auspicious night.\nHow to Join the Celebration:\nCouples interested in making their New Year's Eve unforgettable are encouraged to reach out to Chapel of the Flowers and secure their spot in this momentous celebration. Whether it's a grand wedding or a vow renewal surrounded by the electric energy of Las Vegas, the stage is set for an extraordinary start to 2024.\nContact Information:\nCynthia Sharpe\nDirector of Storytelling\ncindy.sharpe@littlechapel.com\n702-435-7331\nSOURCE: Chapel of the Flowers\nView the original press release on newswire.com.\nVideo-Workshop: Das kleine Einmaleins der Charttechnik In diesem kostenlosen Video-Workshop von Stefan Klotter lernen Sie alles über Charttechnik. Lassen Sie sich diesen kostenfreien Workshop nicht entgehen! Hier klicken © 2023 ACCESSWIRE",
    "highlightText": "",
    "highlightTitle": "",
    "highlightThreadTitle": "",
    "language": "english",
    "sentiment": "positive",
    "categories": [
        "Lifestyle and Leisure",
        "Human Interest",
        "Arts, Culture and Entertainment"
    ],
    "external_links": [
        "https://www.xing.com/app/user?op=share;url=https://www.finanznachrichten.de/nachrichten-2023-12/61023653-chapel-of-the-flowers-over-110-weddings-vow-renewals-on-the-unforgettable-palindrome-date-12-31-23-200.htm",
        "https://stats.newswire.com/x/im?ref=WyI0NTRjemkiXQ&hit%2Csum=WyIzeXd6NGQiLCIzeXd0MWoiLCI0NTRjemkiLCI0NTRjemsiXQ",
        "https://twitter.com/intent/tweet?source=webclient&url=https://www.finanznachrichten.de/nachrichten-2023-12/61023653-chapel-of-the-flowers-over-110-weddings-vow-renewals-on-the-unforgettable-palindrome-date-12-31-23-200.htm%2F&text=Chapel",
        "https://www.facebook.com/sharer.php?u=https://www.finanznachrichten.de/nachrichten-2023-12/61023653-chapel-of-the-flowers-over-110-weddings-vow-renewals-on-the-unforgettable-palindrome-date-12-31-23-200.htm",
        "https://share.flipboard.com/bookmarklet/popout?v=2&title=Chapel",
        "https://getpocket.com/edit?url=https://www.finanznachrichten.de/nachrichten-2023-12/61023653-chapel-of-the-flowers-over-110-weddings-vow-renewals-on-the-unforgettable-palindrome-date-12-31-23-200.htm",
        "https://www.linkedin.com/shareArticle?mini=true&url=https://www.finanznachrichten.de/nachrichten-2023-12/61023653-chapel-of-the-flowers-over-110-weddings-vow-renewals-on-the-unforgettable-palindrome-date-12-31-23-200.htm&title=deintitel",
        "https://facebook.com/sharer.php?u=https://finanznachrichten.de/nachrichten-2023-12/61023653-chapel-of-the-flowers-over-110-weddings-vow-renewals-on-the-unforgettable-palindrome-date-12-31-23-200.htm",
        "https://share.flipboard.com/bookmarklet/popout",
        "https://linkedin.com/shareArticle?mini=true&url=https://finanznachrichten.de/nachrichten-2023-12/61023653-chapel-of-the-flowers-over-110-weddings-vow-renewals-on-the-unforgettable-palindrome-date-12-31-23-200.htm&title=deintitel",
        "https://twitter.com/intent/tweet?source=webclient&url=https://finanznachrichten.de/nachrichten-2023-12/61023653-chapel-of-the-flowers-over-110-weddings-vow-renewals-on-the-unforgettable-palindrome-date-12-31-23-200.htm%2F&text=Chapel",
        "https://xing.com/app/user?op=share;url=https://finanznachrichten.de/nachrichten-2023-12/61023653-chapel-of-the-flowers-over-110-weddings-vow-renewals-on-the-unforgettable-palindrome-date-12-31-23-200.htm",
        "https://www.share.flipboard.com/bookmarklet/popout?v=2&title=Chapel",
        "https://www.xing.com/app/user",
        "https://getpocket.com/edit?url=https://finanznachrichten.de/nachrichten-2023-12/61023653-chapel-of-the-flowers-over-110-weddings-vow-renewals-on-the-unforgettable-palindrome-date-12-31-23-200.htm",
        "https://stats.newswire.com/x/im",
        "https://www.linkedin.com/shareArticle",
        "https://www.facebook.com/sharer.php",
        "https://www.stats.newswire.com/x/im?ref=WyI0NTRjemkiXQ&hit%2Csum=WyIzeXd6NGQiLCIzeXd0MWoiLCI0NTRjemkiLCI0NTRjemsiXQ",
        "https://getpocket.com/edit",
        "https://twitter.com/intent/tweet"
    ],
    "external_images": [],
    "entities": {
        "persons": [
            {
                "name": "cynthia sharpe",
                "sentiment": "none"
            }
        ],
        "organizations": [
            {
                "name": "las vegas",
                "sentiment": "negative"
            }
        ],
        "locations": []
    },
    "rating": null,
    "crawled": "2023-12-29T00:06:10.507+02:00",
    "updated": "2023-12-29T00:06:10.507+02:00"
}