{
    "thread": {
        "uuid": "f105f21ed5a01b259c0e5fc7ff6ea52847a10e70",
        "url": "https://www.accessonline.com/videos/selena-gomez-looks-so-in-love-with-boyfriend-benny-blanco-on-art-exhibit-date-night",
        "site_full": "www.accessonline.com",
        "site": "accessonline.com",
        "site_section": "https://news.google.com/rss/search?pz=1&cf=all&hl=en-US&q=selena&cf=all&gl=US&ceid=US:en",
        "site_categories": [
            "television",
            "celebrity_fan_gossip",
            "entertainment"
        ],
        "section_title": "\"selena\" - Google News",
        "title": "Selena Gomez Looks So In Love With Boyfriend Benny Blanco On Art Exhibit Date Night - Access Hollywood",
        "title_full": "Selena Gomez Looks So In Love With Boyfriend Benny Blanco On Art Exhibit Date Night - Access Hollywood",
        "published": "2023-12-28T23:24:00.000+02:00",
        "replies_count": 0,
        "participants_count": 1,
        "site_type": "news",
        "country": "US",
        "main_image": "https://prod-accessonline-be.s3-us-west-2.amazonaws.com/uploads/2023/12/ACCESSSELENABENNYDATENIGHT122823INSTAGRAM.jpg",
        "performance_score": 0,
        "domain_rank": 25346,
        "domain_rank_updated": "2023-12-26T12:06:20.000+02:00",
        "reach": null,
        "social": {
            "facebook": {
                "likes": 0,
                "comments": 0,
                "shares": 0
            },
            "gplus": {
                "shares": 0
            },
            "pinterest": {
                "shares": 0
            },
            "linkedin": {
                "shares": 0
            },
            "stumbledupon": {
                "shares": 0
            },
            "vk": {
                "shares": 0
            }
        }
    },
    "uuid": "f105f21ed5a01b259c0e5fc7ff6ea52847a10e70",
    "url": "https://www.accessonline.com/videos/selena-gomez-looks-so-in-love-with-boyfriend-benny-blanco-on-art-exhibit-date-night",
    "ord_in_thread": 0,
    "parent_url": null,
    "author": "Access",
    "published": "2023-12-28T23:24:00.000+02:00",
    "title": "Selena Gomez Looks So In Love With Boyfriend Benny Blanco On Art Exhibit Date Night - Access Hollywood",
    "text": "Selena Gomez Looks So In Love With Boyfriend Benny Blanco On Art Exhibit Date Night\nSelena Gomez and Benny Blanco can’t keep their hands to themselves! The couple packed on the PDA for their date night at an art exhibit and the songstress posted photos of the romantic outing on her Instagram story. In one of the pics, Selena and Benny’s reflections can be seen in a pink mirrored ceiling and the 35-year-old music producer has his arms wrapped around the 31-year-old while she smiles! In another photo, Selena showed off her man with a solo shot that she took herself. The couple’s cute date night comes one week after the “Only Murders In The Building” star opened up in an interview with Vogue México y Latinoamérica, translated from Spanish, about what she’s looking for in a relationship. “Honestly, I have to start being attracted to the right kind of people, because it’s a bit of both. It’s very hard to find someone who can listen to you and care about you, but I know when it happens it will be great, and I will want it to be healthy,” she told the magazine.\nLatest Videos\nSelena Gomez Packs On The PDA w/ Benny Blanco… Paul Walker's Daughter Meadow Splits From… Gypsy Rose Blanchard Released From Prison… ’90 Day Fiancé’: Debbie Trying To Date After… Taylor Swift, Scandoval & More SHOCKING Celeb… Bruce Willis & Emma Heming Willis Mark 16… Travis Barker Gifts His Kids $140K Cars For… 'Parasite' Actor Lee Sun-kyun Found Dead… ‘1,000-Lb. Sisters’: Amy Tells Michael She… Mariah Carey's Ex Bryan Tanaka Breaks Silence…",
    "highlightText": "",
    "highlightTitle": "",
    "highlightThreadTitle": "",
    "language": "english",
    "sentiment": "positive",
    "categories": [
        "Arts, Culture and Entertainment",
        "Human Interest"
    ],
    "external_links": [],
    "external_images": [],
    "entities": {
        "persons": [
            {
                "name": "hollywood selena gomez",
                "sentiment": "negative"
            },
            {
                "name": "selena gomez",
                "sentiment": "negative"
            },
            {
                "name": "benny blanco",
                "sentiment": "negative"
            },
            {
                "name": "benny",
                "sentiment": "none"
            },
            {
                "name": "selena",
                "sentiment": "none"
            },
            {
                "name": "selena gomez pa",
                "sentiment": "none"
            }
        ],
        "organizations": [
            {
                "name": "vogue méxico",
                "sentiment": "none"
            },
            {
                "name": "instagram",
                "sentiment": "none"
            }
        ],
        "locations": []
    },
    "rating": null,
    "crawled": "2023-12-29T00:19:09.621+02:00",
    "updated": "2023-12-29T00:19:09.621+02:00"
}