{
    "thread": {
        "uuid": "43a97a6a2c3e7b55f6abe600b9907da6ac80c189",
        "url": "https://www.brighteon.com/e93fe66e-6c92-4d25-9413-b966d12576dc",
        "site_full": "www.brighteon.com",
        "site": "brighteon.com",
        "site_section": "https://brighteon.com/channels/thrivetimeshow",
        "site_categories": [],
        "section_title": "Brighteon",
        "title": "ReAwaken America Tour | Gene Ho | What It’s Like to Be President Trump’s Photographer?",
        "title_full": "ReAwaken America Tour | Gene Ho | What It’s Like to Be President Trump’s Photographer?",
        "published": "2023-12-28T20:53:00.000+02:00",
        "replies_count": 0,
        "participants_count": 1,
        "site_type": "news",
        "country": "US",
        "main_image": "https://photos.brighteon.com/file/brighteon-thumbnails/poster/dfc311a9-12a4-47a7-87d1-362e835497fc",
        "performance_score": 0,
        "domain_rank": 16033,
        "domain_rank_updated": "2023-12-26T12:06:20.000+02:00",
        "reach": null,
        "social": {
            "facebook": {
                "likes": 0,
                "comments": 0,
                "shares": 0
            },
            "gplus": {
                "shares": 0
            },
            "pinterest": {
                "shares": 0
            },
            "linkedin": {
                "shares": 0
            },
            "stumbledupon": {
                "shares": 0
            },
            "vk": {
                "shares": 0
            }
        }
    },
    "uuid": "43a97a6a2c3e7b55f6abe600b9907da6ac80c189",
    "url": "https://www.brighteon.com/e93fe66e-6c92-4d25-9413-b966d12576dc",
    "ord_in_thread": 0,
    "parent_url": null,
    "author": "Thrivetime Show",
    "published": "2023-12-28T20:53:00.000+02:00",
    "title": "ReAwaken America Tour | Gene Ho | What It’s Like to Be President Trump’s Photographer?",
    "text": "The ReAwaken America Tour Heads to the Home of Lockdowns, Motown (Detroit, Michigan) & It's Going to Be Profound (June 7th & 8th 2024) | Join General Flynn, Eric & Lara Trump, Kash Patel, Dr. Stella, Mel K & Team America | June 7-8 2024\nRequest Tickets to the Detroit, Michigan June 7th & 8th 2024 ReAwaken Tour Today At: www.TimeToFreeAmerica.com\nJoin General Flynn, Kash Patel, Eric Trump, Lara Trump, Lindell, Dr. Mikovits, Julie Green, Dr. Peter McCullough, Jim Breuer, Dr. Immanuel, & Team America\nRequest Tickets At: https://timetofreeamerica.com/ or by texting 918-851-0102\n**Scholarship Pricing Is Available to Make the ReAwaken America Tour Affordable for Everyone That Wants to Attend\nWatch the ReAwaken America Tour Documentary for FREE Today HERE: https://timetofreeamerica.com/watch-the-reawakening-documentary/\nLearn How to Protect Your Wealth Against Inflation & Central Bank Digital Currencies Today At: www.BH-PM.com\nWant to Read Patents Related to The Great Reset Agenda? - READ - www.TimeToFreeAmerica.com/Revelation\nWhat Is BRICS? - READ - https://timetofreeamerica.com/brics/#scroll-content\nWhat Are CBDCs - https://timetofreeamerica.com/eo-14067/#scroll-content\nWho Is Elon Musk? - READ - https://timetofreeamerica.com/musk/#scroll-content\nWho Is Yuval Noah Harari? - READ - https://timetofreeamerica.com/behind-the-great-reset/#scroll-content",
    "highlightText": "",
    "highlightTitle": "",
    "highlightThreadTitle": "",
    "language": "english",
    "sentiment": "positive",
    "categories": [
        "Human Interest",
        "Arts, Culture and Entertainment",
        "Social Issue"
    ],
    "external_links": [
        "https://timetofreeamerica.com/",
        "https://timetofreeamerica.com/behind-the-great-reset/#scroll-content",
        "https://timetofreeamerica.com/brics/#scroll-content",
        "https://timetofreeamerica.com/musk/#scroll-content",
        "https://timetofreeamerica.com/eo-14067/#scroll-content",
        "https://timetofreeamerica.com/watch-the-reawakening-documentary/",
        "https://www.timetofreeamerica.com/",
        "https://timetofreeamerica.com/watch-the-reawakening-documentary",
        "https://www.timetofreeamerica.com/brics/#scroll-content",
        "https://www.timetofreeamerica.com/behind-the-great-reset/#scroll-content",
        "https://timetofreeamerica.com",
        "https://www.timetofreeamerica.com/eo-14067/#scroll-content",
        "https://www.timetofreeamerica.com/watch-the-reawakening-documentary/",
        "https://www.timetofreeamerica.com/musk/#scroll-content"
    ],
    "external_images": [],
    "entities": {
        "persons": [
            {
                "name": "trump",
                "sentiment": "negative"
            },
            {
                "name": "lara trump",
                "sentiment": "none"
            },
            {
                "name": "mikovits",
                "sentiment": "none"
            },
            {
                "name": "lindell",
                "sentiment": "none"
            },
            {
                "name": "immanuel",
                "sentiment": "none"
            },
            {
                "name": "peter mccullough",
                "sentiment": "none"
            },
            {
                "name": "kash patel",
                "sentiment": "none"
            },
            {
                "name": "julie green",
                "sentiment": "none"
            },
            {
                "name": "jim breuer",
                "sentiment": "none"
            },
            {
                "name": "eric trump",
                "sentiment": "none"
            },
            {
                "name": "stella",
                "sentiment": "none"
            },
            {
                "name": "flynn",
                "sentiment": "none"
            }
        ],
        "organizations": [
            {
                "name": "wealth against inflation & central bank digital",
                "sentiment": "none"
            },
            {
                "name": "brics",
                "sentiment": "none"
            },
            {
                "name": "eric & lara trump",
                "sentiment": "none"
            },
            {
                "name": "mel k & team america",
                "sentiment": "none"
            }
        ],
        "locations": [
            {
                "name": "detroit",
                "sentiment": "none"
            },
            {
                "name": "michigan",
                "sentiment": "none"
            }
        ]
    },
    "rating": null,
    "crawled": "2023-12-29T00:02:32.548+02:00",
    "updated": "2023-12-29T00:02:32.548+02:00"
}