{
    "thread": {
        "uuid": "1048108bd8e6781e67236cb24ff8e206f6546230",
        "url": "https://www.cbsnews.com/colorado/news/president-joe-biden-signs-bill-expand-mental-health-care-colorados-military-families/",
        "site_full": "www.cbsnews.com",
        "site": "cbsnews.com",
        "site_section": "https://cbslocal.com",
        "site_categories": [
            "media",
            "television",
            "entertainment"
        ],
        "section_title": "CBS Local - Your local news and live free 24/7 streaming news",
        "title": "President Joe Biden signs bill to expand mental health care for Colorado's military families - CBS Colorado",
        "title_full": "President Joe Biden signs bill to expand mental health care for Colorado's military families - CBS Colorado",
        "published": "2023-12-28T21:47:00.000+02:00",
        "replies_count": 0,
        "participants_count": 1,
        "site_type": "news",
        "country": "US",
        "main_image": "https://assets1.cbsnewsstatic.com/hub/i/r/2023/12/06/6b0be487-60bd-470b-99a8-996b80865d19/thumbnail/1200x630/0ab1f256e8ce35c343cbce137fc37525/gettyimages-1506001186.jpg?v=5382e209c94ee904b3a96a69f8ca0ce0",
        "performance_score": 0,
        "domain_rank": 187,
        "domain_rank_updated": "2023-12-26T12:06:20.000+02:00",
        "reach": null,
        "social": {
            "facebook": {
                "likes": 0,
                "comments": 0,
                "shares": 1
            },
            "gplus": {
                "shares": 0
            },
            "pinterest": {
                "shares": 0
            },
            "linkedin": {
                "shares": 0
            },
            "stumbledupon": {
                "shares": 0
            },
            "vk": {
                "shares": 0
            }
        }
    },
    "uuid": "1048108bd8e6781e67236cb24ff8e206f6546230",
    "url": "https://www.cbsnews.com/colorado/news/president-joe-biden-signs-bill-expand-mental-health-care-colorados-military-families/",
    "ord_in_thread": 0,
    "parent_url": null,
    "author": "Denver",
    "published": "2023-12-28T21:47:00.000+02:00",
    "title": "President Joe Biden signs bill to expand mental health care for Colorado's military families - CBS Colorado",
    "text": "President Joe Biden signed Colorado Democratic Rep. Joe Neguse's bipartisan bill that's aimed to expand access to counseling and mental health services for Colorado's military families.\nBiden signed the bill into law last week as it was enacted as part of the National Defense Authorization Act.\n\"Today, through the enactment of the Mental Health for Military Families Act, we are doing our part to care for our nation's service members and their spouses and children,\" said Neguse. \"These individuals sacrifice so much to defend our country, and by expanding access to critical mental health services we are making sure they have the support they need.\"\nThe act is set to allow the Secretary of Defense to waive out-of-pocket expenses on TRICARE -- the military's health insurance provider -- for their first three outpatient mental health visits per year, which will lower costs and help with treatment for military families, according to the press release.\nThe proposal was reportedly championed by U.S. Sen. Jon Ossoff of Georgia.\n\"Our bipartisan bill, which is now law, will expand free access to counseling and mental health services for servicemembers and their families who make great sacrifices for our nation, endure great stress in so doing, and deserve nothing less than the care they need — when they need it,\" said Ossoff.\nMore from CBS News Denver reassures migrant families will not be discharged from shelters Nuggets sign 100 Special Olympics Colorado athletes to 1-day contracts 2 children missing out of Sterling found Authorities release identity of victim killed at Citadel Mall I-70 back open on Colorado's Eastern Plains amid blizzard warning Kasey Richardson Kasey Richardson is Covering Colorado First in the CBS Colorado newsroom as a digital media producer. He writes and edits articles about breaking news, developing stories and sports. See the CBS Colorado news team or contact us .",
    "highlightText": "",
    "highlightTitle": "",
    "highlightThreadTitle": "",
    "language": "english",
    "sentiment": "positive",
    "categories": [
        "Politics",
        "Human Interest",
        "Health"
    ],
    "external_links": [],
    "external_images": [],
    "entities": {
        "persons": [
            {
                "name": "joe biden",
                "sentiment": "negative"
            },
            {
                "name": "joe neguse",
                "sentiment": "negative"
            },
            {
                "name": "brendan smialowski",
                "sentiment": "none"
            },
            {
                "name": "biden",
                "sentiment": "none"
            },
            {
                "name": "neguse",
                "sentiment": "none"
            }
        ],
        "organizations": [
            {
                "name": "cbs colorado",
                "sentiment": "negative"
            },
            {
                "name": "getty images",
                "sentiment": "none"
            },
            {
                "name": "afp",
                "sentiment": "none"
            },
            {
                "name": "defense",
                "sentiment": "none"
            }
        ],
        "locations": [
            {
                "name": "colorado",
                "sentiment": "none"
            },
            {
                "name": "gaza",
                "sentiment": "none"
            },
            {
                "name": "massachusetts",
                "sentiment": "none"
            },
            {
                "name": "nantucket",
                "sentiment": "none"
            }
        ]
    },
    "rating": null,
    "crawled": "2023-12-29T00:03:24.570+02:00",
    "updated": "2023-12-29T03:35:44.057+02:00"
}