{
    "thread": {
        "uuid": "2694ddd7dc661fb944128ccce41145d7e8f1f804",
        "url": "https://www.eluniverso.com/deportes/futbol/jeremy-sarmiento-un-futbolista-que-provoca-que-los-hinchas-se-levanten-asegura-carlos-corberan-dt-del-west-bromwich-fc-nota/",
        "site_full": "www.eluniverso.com",
        "site": "eluniverso.com",
        "site_section": "https://eluniverso.com/guayaquil",
        "site_categories": [
            "media"
        ],
        "section_title": "Guayaquil | El Universo",
        "title": "Jeremy Sarmiento, un futbolista que provoca que “los hinchas se levanten”, asegura Carlos Corberán, DT del West Bromwich FC | Fútbol | Deportes | El Universo",
        "title_full": "Jeremy Sarmiento, un futbolista que provoca que “los hinchas se levanten”, asegura Carlos Corberán, DT del West Bromwich FC | Fútbol | Deportes | El Universo",
        "published": "2023-12-29T00:13:00.000+02:00",
        "replies_count": 0,
        "participants_count": 1,
        "site_type": "news",
        "country": "EC",
        "main_image": "",
        "performance_score": 0,
        "domain_rank": 9769,
        "domain_rank_updated": "2023-12-26T12:06:20.000+02:00",
        "reach": null,
        "social": {
            "facebook": {
                "likes": 0,
                "comments": 0,
                "shares": 0
            },
            "gplus": {
                "shares": 0
            },
            "pinterest": {
                "shares": 0
            },
            "linkedin": {
                "shares": 0
            },
            "stumbledupon": {
                "shares": 0
            },
            "vk": {
                "shares": 0
            }
        }
    },
    "uuid": "2694ddd7dc661fb944128ccce41145d7e8f1f804",
    "url": "https://www.eluniverso.com/deportes/futbol/jeremy-sarmiento-un-futbolista-que-provoca-que-los-hinchas-se-levanten-asegura-carlos-corberan-dt-del-west-bromwich-fc-nota/",
    "ord_in_thread": 0,
    "parent_url": null,
    "author": "Redacción",
    "published": "2023-12-29T00:13:00.000+02:00",
    "title": "Jeremy Sarmiento, un futbolista que provoca que “los hinchas se levanten”, asegura Carlos Corberán, DT del West Bromwich FC | Fútbol | Deportes | El Universo",
    "text": "Jeremy Sarmiento salió del Brighton y fichó por el West Bromwich Albion en busca de sumar minutos y recuperar su estado de forma. Una lesión en el metatarsiano jugando para la selección ecuatoriana, hizo que el jugador perdiera espacio en las Gaviotas y tenga que salir a buscar un nuevo club. Sin embargo, tanto para la fanaticada de los Baggies como para su entrenador, Carlos Corberán, la llegada del tricolor ha sido una de las cosas más positivas del 2023. El mediocampista ha ido incrementando su rendimiento lo que ha provado que el técnico español lo llene de elogios. [Jeremy Sarmiento sumó minutos en la victoria del West Bromwich por la Championship](https://www.eluniverso.com/deportes/futbol/jeremy-sarmiento-sumo-minutos-en-la-victoria-del-west-bromwich-por-la-championship-nota/) “Yo lo que veo en Jeremy es algo diferente. Yo veo pasión. Y amo la pasión porque uno puede manejar la pasión. Cuando algo falta, es difícil agregarlo en un jugador. Cuando hay un exceso de algo, es más fácil de manejar”, dijo el estratega en diálogo con la prensa inglesa. Publicidad [El ‘equipazo’ que no llevará Ecuador al Preolímpico 2024](https://www.eluniverso.com/deportes/futbol/el-equipazo-que-no-llevara-ecuador-al-preolimpico-2024-nota/) Desde su llegada al club de la segunda división de Inglaterra el pasado mes de julio, el volante ofensivo ya acumula 20 partidos, en los que ha convertido dos goles. Es por eso que el DT de los Throstles destaca el desarrollo que ha tenido en estos meses. “Una cosa que era importante para él es que sumara minutos, la segunda cosa importante es que rinda en la cancha. Vino aquí para que desarrollara como jugador y para poder contar con todo su talento. Y estamos en ese proceso”, destacó Corberán. 'What I see in him is something different. I see a passion. And I love the passion'— ESAlbion_star (@ESAlbion_star) [https://t.co/EyqJv4gf7o] [#Baggies] [December 20, 2023] Y las adulaciones no pararon de llegar: “Jeremy tiene ese perfil. Es un jugador que puede superar a sus rivales en el uno contra uno. Va a darse cuenta de que no es lo único que puede hacer en un partido. Hay otras cosas que debe manejar. A veces necesitas driblar y jugar a un toque”. Publicidad Por último, el valenciano de 40 años resaltó a detalle las cualidades de Sarmiento como futbolista. “Jeremy necesita jugar a un solo toque, en otras, recibir el balón, moverse y dar el pase. Estoy 100% seguro que es un jugador que hace que los hinchas se levanten de su asiento. Una de las razones por las que está aquí es para que driblee y gambetee rivales. Si gambetea a un rival, genera una chance para el equipo”, sentenció el adiestrador. (D)",
    "highlightText": "",
    "highlightTitle": "",
    "highlightThreadTitle": "",
    "language": "spanish",
    "sentiment": "positive",
    "categories": [
        "Sport",
        "Human Interest"
    ],
    "external_links": [
        "https://t.co/EyqJv4gf7o",
        "https://www.t.co/EyqJv4gf7o"
    ],
    "external_images": [],
    "entities": {
        "persons": [],
        "organizations": [],
        "locations": []
    },
    "rating": null,
    "crawled": "2023-12-29T00:20:14.801+02:00",
    "updated": "2023-12-29T00:20:14.801+02:00"
}