{
    "thread": {
        "uuid": "5d15bfc647845b711acfbcb31955b46563a279de",
        "url": "https://www.wbrc.com:443/2023/12/28/man-finds-600-rarest-century-old-baseball-cards-late-fathers-closet/",
        "site_full": "www.wbrc.com",
        "site": "wbrc.com",
        "site_section": "https://wbrc.com/news/national",
        "site_categories": [
            "media"
        ],
        "section_title": "National",
        "title": "Man finds 600 of the rarest, century-old baseball cards in late father’s closet",
        "title_full": "Man finds 600 of the rarest, century-old baseball cards in late father’s closet",
        "published": "2023-12-28T22:49:00.000+02:00",
        "replies_count": 0,
        "participants_count": 1,
        "site_type": "news",
        "country": "US",
        "main_image": "https://gray-wbrc-prod.cdn.arcpublishing.com/resizer/v2/KN3H72HZDZGX5OB4Q5UNGJPLOI.png?auth=e9e3f7d0ec156e799c83f8963db43db170142ff388c469664805f5704355643b&amp;width=1200&amp;height=600&amp;smart=true",
        "performance_score": 0,
        "domain_rank": 15888,
        "domain_rank_updated": "2023-12-26T12:06:20.000+02:00",
        "reach": null,
        "social": {
            "facebook": {
                "likes": 0,
                "comments": 0,
                "shares": 0
            },
            "gplus": {
                "shares": 0
            },
            "pinterest": {
                "shares": 0
            },
            "linkedin": {
                "shares": 0
            },
            "stumbledupon": {
                "shares": 0
            },
            "vk": {
                "shares": 0
            }
        }
    },
    "uuid": "5d15bfc647845b711acfbcb31955b46563a279de",
    "url": "https://www.wbrc.com:443/2023/12/28/man-finds-600-rarest-century-old-baseball-cards-late-fathers-closet/",
    "ord_in_thread": 0,
    "parent_url": null,
    "author": "@WBRCnews",
    "published": "2023-12-28T22:49:00.000+02:00",
    "title": "Man finds 600 of the rarest, century-old baseball cards in late father’s closet",
    "text": "GRANITE BAY, Calif. (Gray News) – A man discovered a goldmine of more than 600 valuable 1920s baseball cards while cleaning out his late father’s northern California home.\nAccording to a news release , some of the rarest vintage baseball cards were found stored in an old tobacco tin inside a closet, including ones for Babe Ruth, “Shoeless” Joe Jackson, and Ty Cobb.\nEven the tobacco tin itself is from the early 1900s.\nThe collection belonged to a man named Ed, whose last name was not given. The news release said Ed was a longtime card collector, starting when he was a kid during the early 1920s.\nEd’s son said his father would often receive baseball cards from his uncles as gifts when he was a child.\n“Like many of those who grew up in the Depression, my father and members of his family did not discard anything,” Ed’s son said in a statement. “When I was young, elementary school age, I remember my father showing me the cards and the tin they were in.”\nAmong the 600 cards in the tin were some of the most sought-after vintage baseball cards, including:\n1919-21 W514 “Shoeless” Joe Jackson Nearly every player from the iconic 1919 ‘Black Sox’ team 1921 E220 National Caramel Babe Ruth 1922 American Caramel E121 Babe Ruth 1919-21 Babe Ruth W514 1920 W519 Babe Ruth Ty Cobb 1922 American Caramel E121 1921 W516 Ty Cobb 1920 W519 George Sisler The century-old collection of rare baseball cards will be sold by Auction Monthly .\nAuction Monthly’s vice president said in a statement that he “couldn’t believe what was inside the old tobacco tin when I first opened the lid and noticed more than 600 pre-war baseball cards were all well preserved in the box.”\nThe auction house did not give an estimate of what the collection is worth.\nCopyright 2023 Gray Media Group, Inc. All rights reserved.",
    "highlightText": "",
    "highlightTitle": "",
    "highlightThreadTitle": "",
    "language": "english",
    "sentiment": "positive",
    "categories": [
        "Human Interest",
        "Arts, Culture and Entertainment"
    ],
    "external_links": [
        "https://auctionmonthly.com/",
        "https://www.prnewswire.com/news-releases/hundreds-of-rare-1920s-vintage-baseball-cards-and-babe-ruth-cards-discovered-in-california-closet-302015047.html",
        "https://auctionmonthly.com",
        "https://prnewswire.com/news-releases/hundreds-of-rare-1920s-vintage-baseball-cards-and-babe-ruth-cards-discovered-in-california-closet-302015047.html",
        "https://www.auctionmonthly.com/"
    ],
    "external_images": [],
    "entities": {
        "persons": [
            {
                "name": "joe jackson",
                "sentiment": "none"
            },
            {
                "name": "babe ruth",
                "sentiment": "none"
            },
            {
                "name": "ty cobb",
                "sentiment": "none"
            },
            {
                "name": "ed",
                "sentiment": "none"
            }
        ],
        "organizations": [],
        "locations": [
            {
                "name": "granite bay",
                "sentiment": "none"
            },
            {
                "name": "calif.",
                "sentiment": "none"
            },
            {
                "name": "california",
                "sentiment": "none"
            }
        ]
    },
    "rating": null,
    "crawled": "2023-12-29T00:11:04.401+02:00",
    "updated": "2023-12-29T00:11:04.401+02:00"
}