{
    "thread": {
        "uuid": "1e87c0d2d83331eb9366ec142859e904b8dc4d20",
        "url": "https://www.espn.com.ar/futbol/inglaterra/nota/_/id/13040843/el-golazo-de-estupinan-ante-tottenham-que-da-la-vuelta-al-mundo",
        "site_full": "www.espn.com.ar",
        "site": "espn.com.ar",
        "site_section": "http://www.espn.com.ar",
        "site_categories": [
            "world_soccer",
            "sports"
        ],
        "section_title": "ESPN Argentina - Lo Último del Mundo Deportivo",
        "title": "Pervis Estupiñán volvió a jugar en Brighton y anotó un golazo ante Tottenham - ESPN",
        "title_full": "Pervis Estupiñán volvió a jugar en Brighton y anotó un golazo ante Tottenham - ESPN",
        "published": "2023-12-28T23:14:00.000+02:00",
        "replies_count": 0,
        "participants_count": 1,
        "site_type": "news",
        "country": "AR",
        "main_image": "https://a2.espncdn.com/combiner/i?img=%2Fphoto%2F2023%2F1228%2Fr1271466_1296x729_16%2D9.jpg",
        "performance_score": 0,
        "domain_rank": 54028,
        "domain_rank_updated": "2023-12-26T12:06:25.000+02:00",
        "reach": null,
        "social": {
            "facebook": {
                "likes": 0,
                "comments": 0,
                "shares": 0
            },
            "gplus": {
                "shares": 0
            },
            "pinterest": {
                "shares": 0
            },
            "linkedin": {
                "shares": 0
            },
            "stumbledupon": {
                "shares": 0
            },
            "vk": {
                "shares": 0
            }
        }
    },
    "uuid": "1e87c0d2d83331eb9366ec142859e904b8dc4d20",
    "url": "https://www.espn.com.ar/futbol/inglaterra/nota/_/id/13040843/el-golazo-de-estupinan-ante-tottenham-que-da-la-vuelta-al-mundo",
    "ord_in_thread": 0,
    "parent_url": null,
    "author": "ESPN com",
    "published": "2023-12-28T23:14:00.000+02:00",
    "title": "Pervis Estupiñán volvió a jugar en Brighton y anotó un golazo ante Tottenham - ESPN",
    "text": "[Pervis Estupiñán](/soccer/player/_/id/214689/pervis-estupinan) volvió a jugar con [Brighton](/futbol/equipo?id=331) y lo hizo con un verdadero golazo ante [Tottenham](/futbol/equipo?id=367) en una nueva fecha de la [Premier League](https://www.espn.com/soccer/league/_/name/ENG.1) en la que el equipo del ecuatoriano goleó 4-2. El ecuatoriano recibió un tiro de esquina en corto y se animó a probar a 30 metros de distancia, sacando un zurdazo inatajable para las manos de [Guglielmo Vicario](/soccer/player/_/id/204082/guglielmo-vicario) que significó el 3-0 parcial de su equipo. Pervis no había sido de la partida, sino que había ingresado apenas comenzado el complemento en lugar de [Igor Julio](/soccer/player/_/id/234143/igor-julio). Apenas tardó 18' en convertir, porque el gol fue a los 63' de juego. El lateral zurdo no jugaba en Premier League desde el 30 de septiembre, cuando se lesionó en el partido contra Aston Villa. Pervis Estupiñán marcó su segundo gol de la temporada, recordando que le convirtió a Wolves en agosto. Esta también fue su tercer tanto desde que llegó a las Gaviotas, ya que anotó en el pasado periodo al Arsenal. Luego de sufrir dos lesiones, una ante Aston Villa y recaer en el duelo de Europa League contra Ajax, el lateral tricolor tuvo un regreso soñado para finalizar el 2023.",
    "highlightText": "",
    "highlightTitle": "",
    "highlightThreadTitle": "",
    "language": "spanish",
    "sentiment": "positive",
    "categories": [
        "Sport",
        "Arts, Culture and Entertainment",
        "Human Interest"
    ],
    "external_links": [],
    "external_images": [],
    "entities": {
        "persons": [],
        "organizations": [],
        "locations": []
    },
    "rating": null,
    "crawled": "2023-12-29T00:02:23.453+02:00",
    "updated": "2023-12-29T00:02:23.453+02:00"
}