{
    "thread": {
        "uuid": "6dfb28775f31ec71cad8bc196ad3213a6f1bc334",
        "url": "https://www.univision.com/entretenimiento/cultura-pop/padre-ofrece-100-mil-pesos-yerno-boda-hija",
        "site_full": "www.univision.com",
        "site": "univision.com",
        "site_section": "https://lasestrellas.tv/espectaculos",
        "site_categories": [
            "unix",
            "tech"
        ],
        "section_title": "Espectáculos",
        "title": "Padre le ofrece 100 mil pesos a su yerno para que ya se case con su hija: video | Entretenimiento Cultura Pop | Univision",
        "title_full": "Padre le ofrece 100 mil pesos a su yerno para que ya se case con su hija: video | Entretenimiento Cultura Pop | Univision",
        "published": "2023-12-28T02:00:00.000+02:00",
        "replies_count": 0,
        "participants_count": 1,
        "site_type": "news",
        "country": "US",
        "main_image": "https://st1.uvnimg.com/57/54/cb7157834eaa94a1404be96cf162/hombre-ofrece-100-mil-pesos-a-su-hija-y-su-novio-para-pagar-la-boda.jpg",
        "performance_score": 0,
        "domain_rank": 3263,
        "domain_rank_updated": "2023-12-26T12:06:20.000+02:00",
        "reach": null,
        "social": {
            "facebook": {
                "likes": 0,
                "comments": 0,
                "shares": 0
            },
            "gplus": {
                "shares": 0
            },
            "pinterest": {
                "shares": 0
            },
            "linkedin": {
                "shares": 0
            },
            "stumbledupon": {
                "shares": 0
            },
            "vk": {
                "shares": 0
            }
        }
    },
    "uuid": "6dfb28775f31ec71cad8bc196ad3213a6f1bc334",
    "url": "https://www.univision.com/entretenimiento/cultura-pop/padre-ofrece-100-mil-pesos-yerno-boda-hija",
    "ord_in_thread": 0,
    "parent_url": null,
    "author": "liliana carmona",
    "published": "2023-12-28T02:00:00.000+02:00",
    "title": "Padre le ofrece 100 mil pesos a su yerno para que ya se case con su hija: video | Entretenimiento Cultura Pop | Univision",
    "text": "Existen padres cuyo único deseo es ver a sus hijos adultos con una buena pareja. Este señor demostró que está dispuesto a pagar una fuerte suma de dinero a su yerno para que se case con su hija.\nPadre ofrece miles de dólares al novio de su hija para que ya se casen; video se vuelve viral El usuario de TikTok @daypeppers compartió un video en el que un padre le ofrece una fuerte suma de dinero a su yerno para que se case con su hija. Pero no lo tomen a mal, ya que el señor ofreció aportar económicamente para que la joven tenga la boda de sus sueños.\n“Si tú te casas con mi hija y la quieres bien, yo pongo 100 mil pesos (5 mil 913 dólares) para la boda (...) es neta”, expresa el señor. @daypeppers Jajaja ya para que se vaya de la casa ?\n♬ sonido original - DayPeppers\nDe inmediato, la familia comienza a bromear con la situación, incluso su hermana menciona que ya quiere quitarse un problema ‘de encima’, mientras que su hermano se suma al cotorreo y le ofrece una consola de videojuegos para que ya se vaya de la casa.\nEl señor nuevamente se dirige a su yerno y le dice que el dinero estará disponible para la fecha que quieran, mientras que la joven solo pone cara de incomodidad.\nMás sobre Historias virales\nCULTURA POP Gypsy Rose Blanchard por fin es liberada de prisión: su terrible historia inspiró una serie 4 min de lectura\nCULTURA POP Mujer con vitiligo recibe su primer Barbie y se emociona al ver que se parece a ella 3 min de lectura\nCULTURA POP Como en 'Mi pobre angelito 2': aerolínea envió a un niño de 6 años en un vuelo equivocado 3 min de lectura\nCULTURA POP Abuelito aprende a maquillar a su esposa con Parkinson y ella no puede contener las lágrimas: \"Me veo hermosa\" 2 min de lectura El video acumuló más de 772 mil reproducciones en un par de días y los internautas bromearon con la situación, preguntando si tenía otra hija, quien, curiosamente, es quien subió el video a la red social.\n“¿No tiene otra hija, Don”, “Si él no quiere, yo me apunto por esos 100 mil”, “Es un buen suegro, ¿por qué esas cosas no me pasan a mí? Ah sí, ya me acordé”, “Si nos casamos, pero venimos a vivir con usted suegro”, “Si tu papá ya no te quiere en la casa, habrá señales” y “Y por mil pesos te llevas el play, jajaja”, fueron algunos de los textos.\nLa chica que subió el video no compartió más de esta cena navideña, por lo que no sabemos si la pareja aceptó el dinero para su boda, o si es que realmente piensan llegar al altar.\nTikToker comparte cómo pedir dinero en la boda sin ser tan obvios En las bodas mexicanas es común que el novio pase con una serie de seguros y un plumón, para que en la camisa dejen un billete y le escriban alguna frase, mientras que la novia pasa con una zapatilla o una caja especial.\nLa usuaria @bodasymas.guru compartió 3 maneras en la que puedes evitarte todo esto y hacer la recaudación de dinero de una manera discreta, incluso elegante.\nLa experta señala que puedes incluir un sobre en la invitación y le pongas que el dinero será destinado para la luna de miel de los novios, o algún otro plan que tengan en mente. Una vez que llegue a la recepción habrá un caja con un letrero que indica que ahí pueden depositarlo.\n@bodasymas.guru Pedir apoyo económico en la boda después de los gastos de la misma es añuna tradición que puedes hacer sin el famoso baile del dinero #bodas #baile #tradicionesmexicanas #bodasymas #dinero\n♬ FEEL THE GROOVE - Queens Road, Fabian Graetz “La otra opción es poner una cajita con una leyenda que diga ‘apoyanos para nuestra luna de miel’ y ahí tus invitados pueden ir colocando el dinero”, expresó.\nMientras que la tercera opción incluye a las Damas de Honor, quienes pasarán mesa por mesa para pedir que cooperen con los novios con lo que puedan, explicando que sera para su viaje especial o algún otro proyecto que tengan.\n¿Ayudarías económicamente a alguno de tus hijos para que tengan la boda de sus sueños? No olvides dejar tu opinión en la sección de comentarios.\nComparte RELACIONADOS: Historias virales • Videos Virales • TikTok • boda • suegros •",
    "highlightText": "",
    "highlightTitle": "",
    "highlightThreadTitle": "",
    "language": "spanish",
    "sentiment": "positive",
    "categories": [
        "Lifestyle and Leisure",
        "Social Issue",
        "Human Interest"
    ],
    "external_links": [
        "https://www.tiktok.com/@bodasymas.guru?refer=embed",
        "https://www.tudn.com/temas/videos-virales",
        "https://www.tiktok.com/tag/baile?refer=embed",
        "https://www.tiktok.com/tag/tradicionesmexicanas?refer=embed",
        "https://www.tiktok.com/@daypeppers/video/7316457293309152517",
        "https://www.tiktok.com/music/sonido-original-7316457337658788614?refer=embed",
        "https://www.tiktok.com/@bodasymas.guru/video/7125115061424622854",
        "https://www.tiktok.com/tag/bodasymas?refer=embed",
        "https://www.tiktok.com/@daypeppers?refer=embed",
        "https://www.tiktok.com/music/FEEL-THE-GROOVE-6769046027488987137?refer=embed",
        "https://www.tiktok.com/tag/dinero?refer=embed",
        "https://www.tiktok.com/tag/bodas?refer=embed",
        "https://tiktok.com/tag/bodasymas?refer=embed",
        "https://tiktok.com/tag/bodas?refer=embed",
        "https://tiktok.com/@daypeppers?refer=embed",
        "https://www.tiktok.com/music/sonido-original-7316457337658788614",
        "https://tiktok.com/music/FEEL-THE-GROOVE-6769046027488987137?refer=embed",
        "https://www.tiktok.com/tag/bodas",
        "https://www.tiktok.com/@bodasymas.guru",
        "https://tiktok.com/tag/dinero?refer=embed",
        "https://www.tiktok.com/tag/dinero",
        "https://www.tiktok.com/music/FEEL-THE-GROOVE-6769046027488987137",
        "https://tiktok.com/tag/baile?refer=embed",
        "https://www.tiktok.com/@daypeppers",
        "https://www.tiktok.com/tag/baile",
        "https://tiktok.com/@bodasymas.guru/video/7125115061424622854",
        "https://tudn.com/temas/videos-virales",
        "https://tiktok.com/tag/tradicionesmexicanas?refer=embed",
        "https://tiktok.com/@daypeppers/video/7316457293309152517",
        "https://tiktok.com/@bodasymas.guru?refer=embed",
        "https://tiktok.com/music/sonido-original-7316457337658788614?refer=embed",
        "https://www.tiktok.com/tag/tradicionesmexicanas",
        "https://www.tiktok.com/tag/bodasymas"
    ],
    "external_images": [],
    "entities": {
        "persons": [],
        "organizations": [],
        "locations": []
    },
    "rating": null,
    "crawled": "2023-12-29T00:24:18.829+02:00",
    "updated": "2023-12-29T00:24:18.829+02:00"
}