{
    "thread": {
        "uuid": "1944611d788aea6b67d2f0dedd8470ed82c09aa6",
        "url": "https://ground.news/article/5-of-the-best-outfits-kim-kardashian-wore-this-year-and-4-that-missed-the-mark",
        "site_full": "ground.news",
        "site": "ground.news",
        "site_section": "https://ground.news/interest/new-york",
        "site_categories": [],
        "section_title": "New York, NY Breaking News Headlines Today | Ground News",
        "title": "Ground News - 5 of the best outfits Kim Kardashian wore this year and 4 that missed the mark",
        "title_full": "Ground News - 5 of the best outfits Kim Kardashian wore this year and 4 that missed the mark",
        "published": "2023-12-28T22:54:00.000+02:00",
        "replies_count": 0,
        "participants_count": 1,
        "site_type": "news",
        "country": "CA",
        "main_image": "",
        "performance_score": 0,
        "domain_rank": 29780,
        "domain_rank_updated": "2023-12-26T12:06:20.000+02:00",
        "reach": null,
        "social": {
            "facebook": {
                "likes": 0,
                "comments": 0,
                "shares": 0
            },
            "gplus": {
                "shares": 0
            },
            "pinterest": {
                "shares": 0
            },
            "linkedin": {
                "shares": 0
            },
            "stumbledupon": {
                "shares": 0
            },
            "vk": {
                "shares": 0
            }
        }
    },
    "uuid": "1944611d788aea6b67d2f0dedd8470ed82c09aa6",
    "url": "https://ground.news/article/5-of-the-best-outfits-kim-kardashian-wore-this-year-and-4-that-missed-the-mark",
    "ord_in_thread": 0,
    "parent_url": null,
    "author": "Business Insider",
    "published": "2023-12-28T22:54:00.000+02:00",
    "title": "Ground News - 5 of the best outfits Kim Kardashian wore this year and 4 that missed the mark",
    "text": "Summary by Business Insider Kim Kardashian attends a Swarovski x Skims event in New York City.Nina Westervelt/Getty ImagesKim Kardashian appeared at red-carpet events and New York City parties throughout 2023.Some of her outfits were standouts, while others entirely missed the mark.One of her best was a crystal-covered two-piece, and one of her worst included printed leggings.Kim Kardashian is consistent in her efforts to have standout style.She attended a handful of red-c… Share menu More\nFilters 1 Articles 1 Articles All Left Center Right\nBusiness Insider Lean Left Mixed Factuality Private Equity: Kohlberg Kravis Roberts 5 of the best outfits Kim Kardashian wore this year and 4 that missed the mark Kim Kardashian attends a Swarovski x Skims event in New York City.Nina Westervelt/Getty ImagesKim Kardashian appeared at red-carpet events and New York City parties throughout 2023.Some of her outfits were standouts, while others entirely missed the mark.One of her best was a crystal-covered two-piece, and one of her worst included printed leggings.Kim Kardashian is consistent in her efforts to have standout style.She attended a handful of red-c…\n1 hour ago · United States Read Full Article\nBusiness Insider Lean Left Mixed Factuality Private Equity: Kohlberg Kravis Roberts\n5 of the best outfits Kim Kardashian wore this year and 4 that missed the mark Kim Kardashian attends a Swarovski x Skims event in New York City.Nina Westervelt/Getty ImagesKim Kardashian appeared at red-carpet events and New York City parties throughout 2023.Some of her outfits were standouts, while others entirely missed the mark.One of her best was a crystal-covered two-piece, and one of her worst included printed leggings.Kim Kardashian is consistent in her efforts to have standout style.She attended a handful of red-c…\n1 hour ago · United States Read Full Article Think freely. Subscribe and get full access to Ground News Subscriptions start at $9.99/year Subscribe",
    "highlightText": "",
    "highlightTitle": "",
    "highlightThreadTitle": "",
    "language": "english",
    "sentiment": "positive",
    "categories": [
        "Human Interest",
        "Arts, Culture and Entertainment",
        "Lifestyle and Leisure"
    ],
    "external_links": [
        "https://www.businessinsider.com/kim-kardashian-best-and-worst-fashion-moments-this-year-2023-12?utm_source=ground.news&utm_medium=referral",
        "https://www.businessinsider.com/kim-kardashian-best-and-worst-fashion-moments-this-year-2023-12",
        "https://businessinsider.com/kim-kardashian-best-and-worst-fashion-moments-this-year-2023-12?utm_source=ground.news&utm_medium=referral"
    ],
    "external_images": [],
    "entities": {
        "persons": [
            {
                "name": "kim kardashian",
                "sentiment": "negative"
            },
            {
                "name": "kardashian",
                "sentiment": "none"
            },
            {
                "name": "getty imageskim kardashian",
                "sentiment": "none"
            }
        ],
        "organizations": [
            {
                "name": "kohlberg kravis roberts",
                "sentiment": "none"
            }
        ],
        "locations": [
            {
                "name": "new york city.nina w",
                "sentiment": "none"
            },
            {
                "name": "new york city",
                "sentiment": "none"
            },
            {
                "name": "new york city.nina westervelt",
                "sentiment": "none"
            }
        ]
    },
    "rating": null,
    "crawled": "2023-12-29T00:18:43.585+02:00",
    "updated": "2023-12-29T00:18:43.585+02:00"
}