{
    "thread": {
        "uuid": "6198166fd99b57796996b133b25d94d83d42b56d",
        "url": "https://www.clarin.com/revista-n/balance-20-anos-leandro-erlich-ilusionista-record_0_xFsDn3pgwE.html",
        "site_full": "www.clarin.com",
        "site": "clarin.com",
        "site_section": "https://www.clarin.com/rss/lo-ultimo",
        "site_categories": [
            "media"
        ],
        "section_title": "",
        "title": "Balance 20 años. Leandro Erlich, el ilusionista récord",
        "title_full": "Balance 20 años. Leandro Erlich, el ilusionista récord",
        "published": "2023-12-29T00:05:00.000+02:00",
        "replies_count": 0,
        "participants_count": 1,
        "site_type": "news",
        "country": "AR",
        "main_image": "https://www.clarin.com/img/2023/12/28/C5MJ3_j3i_2000x1500__1.jpg",
        "performance_score": 0,
        "domain_rank": 2376,
        "domain_rank_updated": "2023-12-26T12:06:20.000+02:00",
        "reach": null,
        "social": {
            "facebook": {
                "likes": 0,
                "comments": 0,
                "shares": 0
            },
            "gplus": {
                "shares": 0
            },
            "pinterest": {
                "shares": 0
            },
            "linkedin": {
                "shares": 0
            },
            "stumbledupon": {
                "shares": 0
            },
            "vk": {
                "shares": 0
            }
        }
    },
    "uuid": "6198166fd99b57796996b133b25d94d83d42b56d",
    "url": "https://www.clarin.com/revista-n/balance-20-anos-leandro-erlich-ilusionista-record_0_xFsDn3pgwE.html",
    "ord_in_thread": 0,
    "parent_url": null,
    "author": "Clarin.com - Home",
    "published": "2023-12-29T00:05:00.000+02:00",
    "title": "Balance 20 años. Leandro Erlich, el ilusionista récord",
    "text": "Como un prestidigitador, un ilusionista en busca de provocar asombro en cada incursión ante su audiencia, Leandro Erlich (Buenos Aires, 1973) sorprendió en más de un sentido. Liminal, la primera exposición antológica del reconocido artista argentino en el continente, se convirtió con 252.000 visitantes en la más concurrida de la historia del Malba; una marca que hoy mantiene. Entonces \"La pileta\" (1999), la instalación estrella de la muestra se quedó varios meses más después, causando admiración e inspiración en artistas de la performance y el arte inmersivo tan en boga. Además, estaban las piezas \"La vista\" (1997), \"Vecinos\" (1996), \"La vereda\" (2007), \"Las Nubes\" (2018), \"El Avión\" (2011), \"Puerto de memorias\" (2014), \"Vuelo nocturno\" (2015), \"Hair Salon\" (2017), \"El Aula\" (2017) y \"Window and Ladder\". \"Invisible Billboard\", obra site specific instalada en la explanada del museo. Muchas de ellas viajaron por museos del mundo, como el PAMM de Miami o el Palazzo Reale de Milán, por citar las últimas.\nPero como aquella misma pileta que en 2001 había representado la Argentina en la Bienal de Venecia y que luego fue instalada de manera permanente en el 21st Century Museum of Contemporary Art, en Kanazawa, Japón, las instalaciones de Erlich en conjunto funciona como una “trampa perceptiva”, según definción del curador, Dan Cameron. “Con la apariencia arquitectónica de lo cotidiano, conduce al espectador desprevenido a una paradoja visual que desafía los presupuestos del orden y las reglas del mundo material”. Hay escaleras que no llevan a ninguna parte, ascensores que no paran en destino, nubes que adquieren nuevas características físicas y edificios resultan una ilusión óptica. La activa participación de los espectadores generó un fenómeno extra: fue entonces cuando en coincidencia con la irrupción de Instagram, que Liminal convirtió a Malba en el museo más popular en redes de toda la región, con un récord de seguidores.\nPero Liminal, como es de suponer en un gran artista, interpela en más de un sentido. El título de la muestra se refiere a esa zona de umbral, de una posición que está a punto de cruzar a otra pero no del todo. Una experiencia que sugiere estar atrapados entre una realidad previa y una nueva que está por llegar. Al borde.\nLuis Camnitzer escribió en el catálogo que Erlich desafía la palabra orden y que que lo hace “con mala leche”, porque no desordena sino lo sustituye. “La autoridad parece mantenerse y la organización también, así, después de todo lo imposible parece posible, lo absurdo racional y lo conocido se pone en duda hasta que llega a tocar lo desconocido”.\nSobre la firma\nNewsletter Clarín\nTags relacionados",
    "highlightText": "",
    "highlightTitle": "",
    "highlightThreadTitle": "",
    "language": "spanish",
    "sentiment": "positive",
    "categories": [
        "Lifestyle and Leisure",
        "Arts, Culture and Entertainment",
        "Human Interest"
    ],
    "external_links": [],
    "external_images": [],
    "entities": {
        "persons": [],
        "organizations": [],
        "locations": []
    },
    "rating": null,
    "crawled": "2023-12-29T00:21:10.171+02:00",
    "updated": "2023-12-29T00:21:10.171+02:00"
}