{
    "thread": {
        "uuid": "b88e8f275560e998345d7febf0cd20236cb96995",
        "url": "https://www.justjared.com/2023/12/28/travis-kelce-reveals-what-he-gave-his-teammates-for-christmas-another-player-went-even-bigger-with-their-gifts/",
        "site_full": "www.justjared.com",
        "site": "justjared.com",
        "site_section": "http://www.justjared.com/feed/",
        "site_categories": [
            "celebrity_fan_gossip",
            "entertainment"
        ],
        "section_title": "Just Jared",
        "title": "Travis Kelce Reveals What He Gave His Teammates for Christmas (& Another Player Went Even Bigger With Their Gifts!)",
        "title_full": "Travis Kelce Reveals What He Gave His Teammates for Christmas (& Another Player Went Even Bigger With Their Gifts!)",
        "published": "2023-12-28T23:57:00.000+02:00",
        "replies_count": 0,
        "participants_count": 1,
        "site_type": "news",
        "country": "US",
        "main_image": "https://cdn01.justjared.com/wp-content/uploads/headlines/2023/12/travis-gifts.jpg",
        "performance_score": 0,
        "domain_rank": 5469,
        "domain_rank_updated": "2023-12-26T12:06:20.000+02:00",
        "reach": null,
        "social": {
            "facebook": {
                "likes": 0,
                "comments": 0,
                "shares": 1
            },
            "gplus": {
                "shares": 0
            },
            "pinterest": {
                "shares": 0
            },
            "linkedin": {
                "shares": 0
            },
            "stumbledupon": {
                "shares": 0
            },
            "vk": {
                "shares": 0
            }
        }
    },
    "uuid": "b88e8f275560e998345d7febf0cd20236cb96995",
    "url": "https://www.justjared.com/2023/12/28/travis-kelce-reveals-what-he-gave-his-teammates-for-christmas-another-player-went-even-bigger-with-their-gifts/",
    "ord_in_thread": 0,
    "parent_url": null,
    "author": "Just Jared",
    "published": "2023-12-28T23:57:00.000+02:00",
    "title": "Travis Kelce Reveals What He Gave His Teammates for Christmas (& Another Player Went Even Bigger With Their Gifts!)",
    "text": "Travis Kelce Reveals What He Gave His Teammates for Christmas (& Another Player Went Even Bigger With Their Gifts!)\nTravis Kelce got his Kansas City Chiefs teammates a very thoughtful gift for Christmas this year.\nThe 34-year-old tight end for the Super Bowl-winning NFL team\ntook the field on Christmas day for a game, which was attended by girlfriend Taylor Swift.\nAfter the fact, he revealed how he shared the love with the team. He also spilled on how his teammate\nPatrick Mahomes took gift giving to an even more impressive level.\nRead more about Travis Kelce and Patrick Mahomes’ Christmas gifts…\nDuring the newest episode of his New Heights podcast with brother\nJason, Travis confirmed that he had his teammates on his gift list.\n“This year, I went up and teamed up with my guy Daniel Patrick [a designer] and got everybody velour jumpsuits,” he revealed, describing them as “nice, cozy, comfy.”\nTravis added, “Everybody can just, you know, this winter, can enjoy a nice velour top and bottom. Just a hoodie and sweatpants, man. It’s so good.”\nMeanwhile, Patrick gifted the Chiefs’ offensive line customized golf carts.\n“I was trying to get out of the parking lot, I think it was last Thursday, and everybody is just flying around,” he recalled. “Those things are street legal, so everybody’s going about 35 miles per hour.”\nIf you missed it, Travis recently\nexplained an emotional outburst he had during the team’s Christmas game.\nThe football star also went viral thanks to\na steamy video.\nPress play on the new episode of Travis and Jason Kelce’s podcast below…\nChristmas, Football, nfl, Patrick Mahomes, Travis Kelce",
    "highlightText": "",
    "highlightTitle": "",
    "highlightThreadTitle": "",
    "language": "english",
    "sentiment": "positive",
    "categories": [
        "Human Interest",
        "Sport",
        "Lifestyle and Leisure"
    ],
    "external_links": [],
    "external_images": [],
    "entities": {
        "persons": [
            {
                "name": "travis kelce",
                "sentiment": "negative"
            },
            {
                "name": "daniel patrick",
                "sentiment": "none"
            },
            {
                "name": "taylor swift",
                "sentiment": "none"
            },
            {
                "name": "patrick",
                "sentiment": "none"
            },
            {
                "name": "travis",
                "sentiment": "none"
            },
            {
                "name": "jason",
                "sentiment": "none"
            },
            {
                "name": "patrick mahomes",
                "sentiment": "none"
            }
        ],
        "organizations": [
            {
                "name": "kansas city chiefs",
                "sentiment": "none"
            },
            {
                "name": "nfl",
                "sentiment": "none"
            }
        ],
        "locations": []
    },
    "rating": null,
    "crawled": "2023-12-29T00:04:29.501+02:00",
    "updated": "2023-12-29T00:04:29.501+02:00"
}