{
    "thread": {
        "uuid": "ae6247dfd35e6826249238b49032ddc0129c064d",
        "url": "https://www.itv.com/news/london/2023-12-28/hugh-grant-serves-christmas-dinner-to-500-elderly-london-residents",
        "site_full": "www.itv.com",
        "site": "itv.com",
        "site_section": "http://itv.com/news",
        "site_categories": [
            "television",
            "entertainment"
        ],
        "section_title": "ITV News : The Latest UK And Regional News",
        "title": "Hugh Grant serves Christmas dinner to 500 elderly residents in Hammersmith and Fulham | ITV News London",
        "title_full": "Hugh Grant serves Christmas dinner to 500 elderly residents in Hammersmith and Fulham | ITV News London",
        "published": "2023-12-28T23:11:00.000+02:00",
        "replies_count": 0,
        "participants_count": 1,
        "site_type": "news",
        "country": "GB",
        "main_image": "https://images.ctfassets.net/pjshm78m9jt4/44P4bHU2krsJU3QJMGJreO/5e2e67c5d8dfff7e22a6f53a040b9fa2/GCWQJ7LWUAAJENz.jpg?fm=jpg&amp;fit=fill&amp;w=1600&amp;h=900&amp;q=80",
        "performance_score": 0,
        "domain_rank": 1286,
        "domain_rank_updated": "2023-12-26T12:06:20.000+02:00",
        "reach": null,
        "social": {
            "facebook": {
                "likes": 577,
                "comments": 57,
                "shares": 14
            },
            "gplus": {
                "shares": 0
            },
            "pinterest": {
                "shares": 0
            },
            "linkedin": {
                "shares": 0
            },
            "stumbledupon": {
                "shares": 0
            },
            "vk": {
                "shares": 0
            }
        }
    },
    "uuid": "ae6247dfd35e6826249238b49032ddc0129c064d",
    "url": "https://www.itv.com/news/london/2023-12-28/hugh-grant-serves-christmas-dinner-to-500-elderly-london-residents",
    "ord_in_thread": 0,
    "parent_url": null,
    "author": "@ITVNews",
    "published": "2023-12-28T23:11:00.000+02:00",
    "title": "Hugh Grant serves Christmas dinner to 500 elderly residents in Hammersmith and Fulham | ITV News London",
    "text": "Hugh Grant spent Christmas Day serving a festive lunch to elderly residents in London in what has been described as \"the real Love Actually\". The 63-year-old was helping out at the Big H&F Christmas Day Lunch which allows elderly residents of Hammersmith and Fulham, who would otherwise have been on their own, to enjoy Christmas together.The council shared a series of photographs on social media of the Hollywood actor serving food and meeting the elderly guests.In a post on X, formerly Twitter, the Quote: : \"Thanks to everyone who joined us at the annual Big H&F Christmas Day Lunch - including a very special guest, Hugh Grant. \"Hugh helped us serve lunch to 500 local older people who otherwise would have celebrated alone. This was the real Love Actually.\"Deputy leader of Hammersmith and Fulham, Councillor Ben Coleman, Quote: : \"Massive thanks to Hugh Grant for his surprise appearance serving guests at our Big H&F Christmas Day Lunch. \"We were all delighted to see him. He made an already fun occasion even more special.\"Want a quick and expert briefing on the biggest news stories? Listen to our latest podcasts to find out What You Need To Know...",
    "highlightText": "",
    "highlightTitle": "",
    "highlightThreadTitle": "",
    "language": "english",
    "sentiment": "positive",
    "categories": [
        "Human Interest"
    ],
    "external_links": [],
    "external_images": [],
    "entities": {
        "persons": [
            {
                "name": "hugh grant",
                "sentiment": "negative"
            },
            {
                "name": "ben coleman",
                "sentiment": "none"
            },
            {
                "name": "hugh",
                "sentiment": "none"
            }
        ],
        "organizations": [
            {
                "name": "fulham | itv news london hugh grant",
                "sentiment": "negative"
            }
        ],
        "locations": [
            {
                "name": "hammersmith",
                "sentiment": "none"
            },
            {
                "name": "london",
                "sentiment": "none"
            },
            {
                "name": "fulham",
                "sentiment": "none"
            },
            {
                "name": "hollywood",
                "sentiment": "none"
            }
        ]
    },
    "rating": null,
    "crawled": "2023-12-29T00:13:35.046+02:00",
    "updated": "2023-12-31T17:14:53.415+02:00"
}