{
    "thread": {
        "uuid": "52a8402912d11340be1b501c2f721276b06ca8de",
        "url": "https://articlescad.com/unlocking-savings-with-nhs-discounts-on-tui-a-gratitude-gesture-to-healthcare-heroes-16806.html",
        "site_full": "articlescad.com",
        "site": "articlescad.com",
        "site_section": "https://articlescad.com",
        "site_categories": [],
        "section_title": "Articles - Articles Directory - Submit articles",
        "title": "Unlocking Savings with NHS Discounts on TUI: A Gratitude Gesture to Healthcare Heroes",
        "title_full": "Unlocking Savings with NHS Discounts on TUI: A Gratitude Gesture to Healthcare Heroes",
        "published": "2023-12-29T00:11:02.000+02:00",
        "replies_count": 0,
        "participants_count": 0,
        "site_type": "news",
        "country": "IN",
        "main_image": "",
        "performance_score": 0,
        "domain_rank": 28541,
        "domain_rank_updated": "2023-12-26T12:06:20.000+02:00",
        "reach": null,
        "social": {
            "facebook": {
                "likes": 0,
                "comments": 0,
                "shares": 0
            },
            "gplus": {
                "shares": 0
            },
            "pinterest": {
                "shares": 0
            },
            "linkedin": {
                "shares": 0
            },
            "stumbledupon": {
                "shares": 0
            },
            "vk": {
                "shares": 0
            }
        }
    },
    "uuid": "52a8402912d11340be1b501c2f721276b06ca8de",
    "url": "https://articlescad.com/unlocking-savings-with-nhs-discounts-on-tui-a-gratitude-gesture-to-healthcare-heroes-16806.html",
    "ord_in_thread": 0,
    "parent_url": null,
    "author": null,
    "published": "2023-12-29T00:11:02.000+02:00",
    "title": "Unlocking Savings with NHS Discounts on TUI: A Gratitude Gesture to Healthcare Heroes",
    "text": "Unlocking Savings with NHS Discounts on TUI: A Gratitude Gesture to Healthcare Heroes Author : jacob weber | Published On : 29 Dec 2023 In an era where travel has become a sanctuary for many seeking respite and rejuvenation, the National Health Service (NHS) has been the steadfast guardian of public health. Amidst the challenges and triumphs, the NHS has stood as a symbol of dedication, resilience, and compassion. Acknowledging the unwavering commitment of healthcare professionals, TUI—a leading travel company—extends its gratitude through exclusive NHS discounts, offering a heartfelt token of appreciation to those who tirelessly serve the community. The relationship between the NHS and [ nhs discount tui ](https://discountsnhs.co.uk/store/tui/)isn't just about business transactions; it's about honoring the dedication and sacrifice of healthcare heroes. TUI, a prominent figure in the travel industry, recognized the selfless efforts of NHS staff and sought to show gratitude beyond words. Thus, the NHS discount initiative emerged, providing an avenue for healthcare workers to enjoy the pleasures of travel while easing the financial burden. The NHS discount with TUI encompasses a range of benefits tailored to honor those serving on the frontline. This exclusive offering isn't just a mere promotional strategy but a sincere attempt to give back to those who give their all every day. The discounts often encompass various facets of travel, including holiday packages, flights, accommodations, and other travel-related services. This thoughtful gesture not only recognizes the dedication of NHS staff but also encourages them to take much-needed breaks and create lasting memories without worrying about excessive costs. For healthcare professionals, the discount holds immense significance beyond the monetary value. It serves as a symbol of appreciation, acknowledging their unwavering commitment during challenging times. It's a way for a renowned travel brand like TUI to say, \"Thank you for your service,\" in a tangible and meaningful manner. Furthermore, the NHS discount from TUI isn't merely a one-time offering. It's an ongoing commitment to supporting those who work tirelessly to keep communities safe and healthy. This ongoing support fosters a sense of camaraderie and goodwill between the travel industry and healthcare professionals, showcasing how different sectors can collaborate to recognize and appreciate each other's contributions. The impact of these discounts extends far beyond the immediate beneficiaries. It resonates with the wider community, showcasing the importance of acknowledging the efforts of healthcare workers. It sets a precedent for other industries to follow suit, encouraging them to find innovative ways to honor and support those who dedicate their lives to serving others. Moreover, the NHS discounts on TUI aren't just about travel; they represent a much-needed break and a chance for rejuvenation. Healthcare professionals often face immense pressure and stress in their roles. These discounts provide an opportunity to unwind, recharge, and create cherished memories with loved ones, promoting holistic well-being. The implementation of these discounts also sheds light on the symbiotic relationship between healthcare and other industries. It emphasizes the interconnectedness of various sectors and highlights the importance of collective support and appreciation. Such initiatives strengthen the fabric of society, fostering unity and gratitude across diverse professions. While these discounts undoubtedly benefit NHS staff, they also positively impact TUI. Beyond the financial aspect, it elevates the brand's reputation and values. By demonstrating a commitment to social responsibility and gratitude, TUI establishes itself not just as a travel provider but as a company that values and respects the contributions of essential workers. In conclusion, the NHS discounts offered by TUI go beyond the realm of business transactions. They represent a profound acknowledgment and appreciation for the sacrifices and dedication of NHS staff. This initiative not only provides financial relief but also serves as a heartfelt gesture, fostering a deeper connection between the healthcare and travel industries. It stands as a testament to the power of collaboration, gratitude, and the collective support of those who work tirelessly to make a difference in our lives. As we continue to navigate through uncertain times, these gestures remind us of the unwavering resilience and unity that can uplift and inspire us all.",
    "highlightText": "",
    "highlightTitle": "",
    "highlightThreadTitle": "",
    "language": "english",
    "sentiment": "positive",
    "categories": [
        "Health",
        "Human Interest",
        "Economy, Business and Finance"
    ],
    "external_links": [
        "https://discountsnhs.co.uk/store/tui/)isn",
        "https://www.discountsnhs.co.uk/store/tui/)isn"
    ],
    "external_images": [],
    "entities": {
        "persons": [
            {
                "name": "jacob",
                "sentiment": "negative"
            }
        ],
        "organizations": [
            {
                "name": "healthcare heroes unlocking savings",
                "sentiment": "negative"
            },
            {
                "name": "nhs",
                "sentiment": "negative"
            },
            {
                "name": "national health service",
                "sentiment": "none"
            }
        ],
        "locations": []
    },
    "rating": null,
    "crawled": "2023-12-29T00:11:04.612+02:00",
    "updated": "2023-12-29T00:11:04.612+02:00"
}