{
    "thread": {
        "uuid": "729b702ea6df3f65882475fe3caa81879b71d6de",
        "url": "https://sarajevotimes.com/a-new-years-program-was-held-in-the-prison-in-zenica/",
        "site_full": "sarajevotimes.com",
        "site": "sarajevotimes.com",
        "site_section": "http://www.sarajevotimes.com/feed",
        "site_categories": [],
        "section_title": "Sarajevo Times",
        "title": "A New Year's Program was held in the Prison in Zenica",
        "title_full": "A New Year's Program was held in the Prison in Zenica - Sarajevo Times",
        "published": "2023-12-28T22:30:00.000+02:00",
        "replies_count": 0,
        "participants_count": 1,
        "site_type": "news",
        "country": "US",
        "main_image": "https://sarajevotimes.com/wp-content/uploads/2023/12/4D095ED0-25E1-4252-A8D0-085FA3035E6E.jpeg",
        "performance_score": 0,
        "domain_rank": 96169,
        "domain_rank_updated": "2023-12-26T12:06:35.000+02:00",
        "reach": null,
        "social": {
            "facebook": {
                "likes": 0,
                "comments": 0,
                "shares": 0
            },
            "gplus": {
                "shares": 0
            },
            "pinterest": {
                "shares": 0
            },
            "linkedin": {
                "shares": 0
            },
            "stumbledupon": {
                "shares": 0
            },
            "vk": {
                "shares": 0
            }
        }
    },
    "uuid": "729b702ea6df3f65882475fe3caa81879b71d6de",
    "url": "https://sarajevotimes.com/a-new-years-program-was-held-in-the-prison-in-zenica/",
    "ord_in_thread": 0,
    "parent_url": null,
    "author": "admin",
    "published": "2023-12-28T22:30:00.000+02:00",
    "title": "A New Year's Program was held in the Prison in Zenica",
    "text": "On the occasion of the upcoming New Year’s holidays, the convicts of the closed penitentiary Zenica, with the assistance of the institution’s staff m, realized a suitable program that consisted of a musical and acting part. This event was attended by hundreds of convicts, guards and other staff of the Penitentiary. The director of the Zenica Penitentiary, Rusmir Isak, in his speech emphasized that there are many good people among the convicts who improved their lives in this institution and became better people. “I am glad to see that the convicts are ready for resocialization, and this today’s event is the best indicator of that. We will certainly adequately reward that, but also adequately punish that part of the convicts who are not ready to cooperate,” said Isak. He added that coming to prison does not represent the end of life, all those who respect the house rules can start a new life full of positive changes here. The very goal of the activity is precisely educational in nature and serves to rehabilitate the convicts and gain some new experiences, knowledge and ultimately become an integrated part of the community after serving their sentence. After the program, a festive lunch was held for all employees and convicts, [Klix.ba](https://www.klix.ba/vijesti/bih/odrzan-novogodisnji-program-u-zatvoru-u-zenici-osudjenicima-se-obratio-i-direktor/231228159) writes.",
    "highlightText": "",
    "highlightTitle": "",
    "highlightThreadTitle": "",
    "language": "english",
    "sentiment": "positive",
    "categories": [
        "Human Interest"
    ],
    "external_links": [
        "https://klix.ba/vijesti/bih/odrzan-novogodisnji-program-u-zatvoru-u-zenici-osudjenicima-se-obratio-i-direktor/231228159)",
        "https://www.klix.ba/vijesti/bih/odrzan-novogodisnji-program-u-zatvoru-u-zenici-osudjenicima-se-obratio-i-direktor/231228159)"
    ],
    "external_images": [],
    "entities": {
        "persons": [
            {
                "name": "rusmir isak",
                "sentiment": "none"
            },
            {
                "name": "isak",
                "sentiment": "none"
            }
        ],
        "organizations": [
            {
                "name": "zenica penitentiary",
                "sentiment": "none"
            }
        ],
        "locations": [
            {
                "name": "prison",
                "sentiment": "none"
            },
            {
                "name": "zenica",
                "sentiment": "none"
            }
        ]
    },
    "rating": null,
    "crawled": "2023-12-29T00:22:05.935+02:00",
    "updated": "2023-12-29T00:22:05.935+02:00"
}