{
    "thread": {
        "uuid": "0f338e7e4e0bcfb95f99c3b5593b09c6b0668548",
        "url": "https://www.dailystar.co.uk/showbiz/topless-demi-rose-leaves-little-31764925",
        "site_full": "www.dailystar.co.uk",
        "site": "dailystar.co.uk",
        "site_section": "https://www.dailystar.co.uk/just-jane",
        "site_categories": [
            "under_construction",
            "non_standard_content"
        ],
        "section_title": "Just Jane - Your Problems Sorted by Our Agony Aunt - Daily Star",
        "title": "Topless Demi Rose leaves little to imagination as she strips off for eye-popping display - Daily Star",
        "title_full": "Topless Demi Rose leaves little to imagination as she strips off for eye-popping display - Daily Star",
        "published": "2023-12-29T00:06:00.000+02:00",
        "replies_count": 0,
        "participants_count": 1,
        "site_type": "news",
        "country": "GB",
        "main_image": "https://i2-prod.dailystar.co.uk/incoming/article31764952.ece/ALTERNATES/s1200/1_aapp_415278853_18419888557033270_2456144098591590569_n_1080.jpg",
        "performance_score": 0,
        "domain_rank": 2059,
        "domain_rank_updated": "2023-12-26T12:06:20.000+02:00",
        "reach": null,
        "social": {
            "facebook": {
                "likes": 40,
                "comments": 1,
                "shares": 1
            },
            "gplus": {
                "shares": 0
            },
            "pinterest": {
                "shares": 4
            },
            "linkedin": {
                "shares": 0
            },
            "stumbledupon": {
                "shares": 0
            },
            "vk": {
                "shares": 0
            }
        }
    },
    "uuid": "0f338e7e4e0bcfb95f99c3b5593b09c6b0668548",
    "url": "https://www.dailystar.co.uk/showbiz/topless-demi-rose-leaves-little-31764925",
    "ord_in_thread": 0,
    "parent_url": null,
    "author": "Dan Laurie",
    "published": "2023-12-29T00:06:00.000+02:00",
    "title": "Topless Demi Rose leaves little to imagination as she strips off for eye-popping display - Daily Star",
    "text": "Demi Rose is not one to shy away from the camera and sent fans wild with her latest batch of smoking hot social media snaps. The 28-year-old model logged into her Instagram page on Thursday (December 28) to share not one but three topless snaps with her 20million followers as she put on a daring display as she posed standing in a field wearing a purple skirt. She protected her modesty with two pink roses covering her nipples, with several flower petals running over her shoulder and down her back. Demi playfully ran her fingers though her trademark raven tresses as her locks fluttered in the breeze and enhanced her facial features with a glam makeup palette. READ MORE: Want more showbiz? Daily Star has just the thing for you! READ MORE: Want more TV? Daily Star has just the thing for you! Captioning the sultry shots, she wrote: \"The way of the Rose\" and unsurprisingly, some of her excited fans rushed to leave a comment for the stunning influencer in the comment section. One fan gushed: \"Divinely gorgeous, all the way.\" A second person wrote: \"What a beautiful lady.\" A third person penned: \"What a view.\" It comes after Demi nearly caused an internet meltdown after she posed up a storm in the back of a London cab wearing a teeny skirt that bared plenty of her sun-kissed skin last week. Posing up a storm in the back of a famous London black cab, Demi oozed beauty and style in her skimpy outfit. For the shoot, she slipped her figure into a red lace and white dress. Smouldering to the camera, she leaned back and crossed her legs - flaunting her endless pins for her fans to see. The stunner almost flashed her knickers too thanks to the frock’s teeny hemline. Demi teamed her barely-there dress with a white lace jacket adorned with fur on the sleeves and neck. Amping up the style, she rocked a pair of matching fluffy cream boots. Looking nothing short of sensational, Demi finished off her look with a bright red buret. In another snap, Demi posted next to a signature London post box. In the caption, Demi penned: \"Fun in London town. Sending letters to Santa.\" And unsurprisingly, fans were quick to pile high the compliments in the comments section. One person said: \"So beautiful.\" Someone else added: \"Absolutely astounding.\" A third chimed in and gushed: \"Stunning beauty.\" Another fan proclaimed: \"Such a fine woman.\" Echoing their thoughts, a fifth agreed: “Super sexy.” A sixth smitten follower then wrote: “Looking phenomenal.” Join the Daily Star Soaps WhatsApp for all the latest spoilers and exclusives It has been reported that Demi has been raking in over £1million for her photoshoots. According to The Sun, she runs a company called Productions Ltd, which last year boasted £1.2m in cash and assets. Demi has been working in the modelling industry for a number of years and originally grew popular on Myspace before joining Instagram when she was 18-years-old. She then received worldwide stardom when she dated American rapper Tyga in 2016. For the latest breaking news and stories from across the globe from the Daily Star, sign up for our newsletter by clicking here",
    "highlightText": "",
    "highlightTitle": "",
    "highlightThreadTitle": "",
    "language": "english",
    "sentiment": "positive",
    "categories": [
        "Lifestyle and Leisure",
        "Arts, Culture and Entertainment",
        "Human Interest"
    ],
    "external_links": [],
    "external_images": [],
    "entities": {
        "persons": [
            {
                "name": "demi rose",
                "sentiment": "negative"
            },
            {
                "name": "demi",
                "sentiment": "none"
            }
        ],
        "organizations": [
            {
                "name": "daily star",
                "sentiment": "none"
            }
        ],
        "locations": []
    },
    "rating": null,
    "crawled": "2023-12-29T00:22:50.472+02:00",
    "updated": "2023-12-29T00:22:50.472+02:00"
}