{
    "thread": {
        "uuid": "b25b8dc1936e31fdbc2ff85f23b9bc50f08734b1",
        "url": "https://trevorjszus.pages10.com/top-dumpster-service-dayton-ohio-secrets-59776556",
        "site_full": "trevorjszus.pages10.com",
        "site": "pages10.com",
        "site_section": "https://pages10.com/rss-homepage.php?1",
        "site_categories": [],
        "section_title": "pages10.com RSS feed",
        "title": "Top dumpster service dayton ohio Secrets",
        "title_full": "Top dumpster service dayton ohio Secrets",
        "published": "2023-12-28T18:56:00.000+02:00",
        "replies_count": 0,
        "participants_count": 1,
        "site_type": "news",
        "country": "IN",
        "main_image": "",
        "performance_score": 0,
        "domain_rank": 6184,
        "domain_rank_updated": "2023-12-26T12:06:20.000+02:00",
        "reach": null,
        "social": {
            "facebook": {
                "likes": 0,
                "comments": 0,
                "shares": 0
            },
            "gplus": {
                "shares": 0
            },
            "pinterest": {
                "shares": 0
            },
            "linkedin": {
                "shares": 0
            },
            "stumbledupon": {
                "shares": 0
            },
            "vk": {
                "shares": 0
            }
        }
    },
    "uuid": "b25b8dc1936e31fdbc2ff85f23b9bc50f08734b1",
    "url": "https://trevorjszus.pages10.com/top-dumpster-service-dayton-ohio-secrets-59776556",
    "ord_in_thread": 0,
    "parent_url": null,
    "author": "Trevorjszus Pages",
    "published": "2023-12-28T18:56:00.000+02:00",
    "title": "Top dumpster service dayton ohio Secrets",
    "text": "SC Industries did an excellent task once we hired them to take care of our cleanup following a little development undertaking. They have been rapid, clear, and simple to work with.\nWhilst we accept most particles forms, there are several resources we can’t just take off your hands. This features harmful squander like domestic chemical substances, oil, asbestos and auto tires.\nMost significantly, a buyer gained’t wish to really feel like they’re currently being nickel-and-dimed as a result of surprising costs. Buyers can check with dumpster rental companies any of the subsequent concerns that will help information their conclusion-creating method so that they know What to anticipate.\nWe bundle the costs of your rental period, delivery and pickup into 1 very low, upfront rate. The cost of a roll off dumpster will vary dependant on your spot, the sort and degree of debris, the dumpster size you may need as well as size of the rental period of time.\nIn the majority of markets, our largest container size may be the forty-lawn dumpster. This generous dimensions is perfect for comprehensive and prolonged assignments, providing ample Room for tasks ranging from commercial cleanouts to sizeable residence renovations.\nClean up out your home, garage, building internet site, or lose and insert parts of household furniture or large objects without difficulty. Wander-In Dumpster: Stroll into your dumpster to generate greatest use of Place, with quick open up barn doors\nPrice range Dumpster helps people, business and industrial prospects by examining their disposal requires and facilitating the shipping of waste elimination services, including the provision of the mandatory dumpster equipment.\nWonderful! Confirmed up punctually using a truck and a little dumpster. Loaded every little thing for me, which genuinely helped mainly because some of it absolutely was rather heavy. Hauled many of the rubbish absent.\nExact same-day delivery is feasible depending on our availability plus your spot. We recognize that some assignments involve speedy entry to a roll-off dumpster, and we strive to accommodate such requests whenever possible.\nThe charges related to dumpster rental aren’t overly challenging, but for customers who want to ensure they’re receiving the ideal dimension and magnificence, the method can really feel challenging.\nA fascinating substitute is to acquire a dumpster bag from the local hardware store for around $30.\ncheck this site out These occur collapsed, so the customer simply just sets it up inside their driveway and fills it with check these guys out any debris like plywood, tile, or luggage of trash.\nAll our containers have a established excess weight limit that demonstrates the tonnage of debris covered within your dumpster selling price. Going more than it's going to cause a prorated for every-ton disposal rate.\nCustomers will want to collect a few offers from local companies to ascertain the very best level for his or her region, but these guidelines will supply an First estimate customers can perform from.\nConstantly overestimate the quantity and excess weight of one's trash if you’ve preferred to select a variable charge on the dumpster rental. This way you’ll fork out significantly less for those who’re beneath the limit, While for those who go in excess of, you’ll shell out yet another cost of about $forty to $one hundred for each ton for your overage fee.\nTop dumpster service dayton ohio Secrets\nSC Industries did an excellent task once we hired them to take care of our cleanup following a little development undertaking. They have been rapid, clear, and simple to work with.",
    "highlightText": "",
    "highlightTitle": "",
    "highlightThreadTitle": "",
    "language": "english",
    "sentiment": "positive",
    "categories": [
        "Human Interest"
    ],
    "external_links": [
        "https://zanderktahr.blogvivi.com/24644031/top-dumpster-trash-service-near-me-secrets",
        "https://dumpster-rental-dayton-oh73951.spintheblog.com/24543208/rumored-buzz-on-dumpster-rental-dayton-oh",
        "https://www.zanderktahr.blogvivi.com/24644031/top-dumpster-trash-service-near-me-secrets",
        "https://www.dumpster-rental-dayton-oh73951.spintheblog.com/24543208/rumored-buzz-on-dumpster-rental-dayton-oh"
    ],
    "external_images": [],
    "entities": {
        "persons": [],
        "organizations": [
            {
                "name": "sc industries",
                "sentiment": "negative"
            }
        ],
        "locations": []
    },
    "rating": null,
    "crawled": "2023-12-29T00:01:23.717+02:00",
    "updated": "2023-12-29T00:01:23.717+02:00"
}