{
    "thread": {
        "uuid": "53aa8ae0b9e1491e505f3ad4f38bf59b6b93607b",
        "url": "https://articlescad.com/indulge-your-taste-buds-the-irresistible-allure-of-buying-handmade-snacks-16815.html",
        "site_full": "articlescad.com",
        "site": "articlescad.com",
        "site_section": "https://articlescad.com",
        "site_categories": [],
        "section_title": "Articles - Articles Directory - Submit articles",
        "title": "Indulge Your Taste Buds: The Irresistible Allure of Buying Handmade Snacks",
        "title_full": "Indulge Your Taste Buds: The Irresistible Allure of Buying Handmade Snacks",
        "published": "2023-12-29T00:10:54.000+02:00",
        "replies_count": 0,
        "participants_count": 0,
        "site_type": "news",
        "country": "IN",
        "main_image": "",
        "performance_score": 0,
        "domain_rank": 28541,
        "domain_rank_updated": "2023-12-26T12:06:20.000+02:00",
        "reach": null,
        "social": {
            "facebook": {
                "likes": 0,
                "comments": 0,
                "shares": 0
            },
            "gplus": {
                "shares": 0
            },
            "pinterest": {
                "shares": 0
            },
            "linkedin": {
                "shares": 0
            },
            "stumbledupon": {
                "shares": 0
            },
            "vk": {
                "shares": 0
            }
        }
    },
    "uuid": "53aa8ae0b9e1491e505f3ad4f38bf59b6b93607b",
    "url": "https://articlescad.com/indulge-your-taste-buds-the-irresistible-allure-of-buying-handmade-snacks-16815.html",
    "ord_in_thread": 0,
    "parent_url": null,
    "author": null,
    "published": "2023-12-29T00:10:54.000+02:00",
    "title": "Indulge Your Taste Buds: The Irresistible Allure of Buying Handmade Snacks",
    "text": "Indulge Your Taste Buds: The Irresistible Allure of Buying Handmade Snacks Author : audeatingstore audeatingstore | Published On : 29 Dec 2023 In a world dominated by mass-produced and heavily processed foods, the appeal of handmade snacks is experiencing a resurgence. The desire for unique, high-quality, and carefully crafted treats has led many individuals to seek out and [buy handmade snacks](https://audeatingstore.com/collections/snacks). This growing trend isn't just about satisfying hunger; it's a quest for an authentic culinary experience that transcends the ordinary. Handmade snacks evoke a sense of nostalgia, reminiscent of a time when the kitchen was the heart of the home, and recipes were passed down through generations. When you buy handmade snacks, you're not just purchasing a product; you're investing in the passion and dedication of artisans who pour their hearts into creating delectable delights. These snacks are a celebration of craftsmanship, showcasing the artistry that goes into each and every bite. One of the primary draws of handmade snacks is the emphasis on quality ingredients. Artisans often source the finest raw materials, ensuring that each element contributes to a harmonious flavor profile. Whether it's small-batch granola bars, artisanal chocolates, or handcrafted popcorn, the commitment to using premium ingredients sets handmade snacks apart from their mass-produced counterparts. For those who prioritize their health and well-being, buying handmade snacks provides a guilt-free indulgence that doesn't compromise on taste. The variety of handmade snacks available is staggering, offering something for every palate. From savory to sweet, spicy to tangy, the world of handmade snacks is a playground for flavor enthusiasts. Artisans experiment with unique combinations and innovative recipes, pushing the boundaries of conventional snacking. When you buy handmade snacks, you're not limited to the generic options found on supermarket shelves; instead, you gain access to a diverse array of culinary creations that cater to your specific cravings. Moreover, the act of buying handmade snacks supports local economies and small businesses. Many artisans operate on a smaller scale, producing limited quantities with a focus on quality over quantity. By choosing handmade snacks, consumers contribute to the sustainability of local businesses, fostering a sense of community and encouraging the growth of a vibrant artisanal food culture. It's a meaningful way to connect with the people behind the products, knowing that your purchase directly supports their craftsmanship. In addition to the joy of savoring unique flavors, [Buy Homemade Snacks](https://audeatingstore.com/collections/snacks) often comes with an extra layer of personalization. Many artisanal snack producers offer customization options, allowing customers to tailor their treats to specific preferences. Whether it's adjusting the level of spice, choosing preferred nuts and fruits, or opting for a special packaging design, the experience of buying handmade snacks becomes a collaborative journey between the artisan and the consumer.",
    "highlightText": "",
    "highlightTitle": "",
    "highlightThreadTitle": "",
    "language": "english",
    "sentiment": "positive",
    "categories": [
        "Lifestyle and Leisure",
        "Human Interest",
        "Arts, Culture and Entertainment"
    ],
    "external_links": [
        "https://audeatingstore.com/collections/snacks)",
        "https://audeatingstore.com/collections/snacks).",
        "https://www.audeatingstore.com/collections/snacks)",
        "https://www.audeatingstore.com/collections/snacks)."
    ],
    "external_images": [],
    "entities": {
        "persons": [],
        "organizations": [],
        "locations": []
    },
    "rating": null,
    "crawled": "2023-12-29T00:10:55.292+02:00",
    "updated": "2023-12-29T00:10:55.292+02:00"
}