{
    "thread": {
        "uuid": "414a291eadd239806649e3e7863a8b2c47cb1e09",
        "url": "https://www.antena3.com/programas/el-hormiguero/ester-exposito-cuenta-como-vivio-explosion-exito-cambia-vida_20231228658de69fcf86730001b5331b.html",
        "site_full": "www.antena3.com",
        "site": "antena3.com",
        "site_section": "http://feeds.feedburner.com/antena3/informacion",
        "site_categories": [
            "television",
            "entertainment"
        ],
        "section_title": "Noticias de última hora - ANTENA 3 TELEVISION, España, UE.",
        "title": "Ester Expósito cuenta cómo vivió la explosión del éxito: “Te cambia la vida”",
        "title_full": "Ester Expósito cuenta cómo vivió la explosión del éxito: “Te cambia la vida”",
        "published": "2023-12-28T22:20:00.000+02:00",
        "replies_count": 0,
        "participants_count": 1,
        "site_type": "news",
        "country": "ES",
        "main_image": "https://fotografias.antena3.com/clipping/cmsimages01/2023/12/28/05FE44BF-6677-466B-8F7A-B5BCD47BDE7E/69.jpg?crop=1920,1080,x0,y0&width=1280&height=720&optimize=low&format=jpg",
        "performance_score": 0,
        "domain_rank": 7096,
        "domain_rank_updated": "2023-12-26T12:06:20.000+02:00",
        "reach": null,
        "social": {
            "facebook": {
                "likes": 0,
                "comments": 0,
                "shares": 0
            },
            "gplus": {
                "shares": 0
            },
            "pinterest": {
                "shares": 0
            },
            "linkedin": {
                "shares": 0
            },
            "stumbledupon": {
                "shares": 0
            },
            "vk": {
                "shares": 0
            }
        }
    },
    "uuid": "414a291eadd239806649e3e7863a8b2c47cb1e09",
    "url": "https://www.antena3.com/programas/el-hormiguero/ester-exposito-cuenta-como-vivio-explosion-exito-cambia-vida_20231228658de69fcf86730001b5331b.html",
    "ord_in_thread": 0,
    "parent_url": null,
    "author": "Sara, Sanz",
    "published": "2023-12-28T22:20:00.000+02:00",
    "title": "Ester Expósito cuenta cómo vivió la explosión del éxito: “Te cambia la vida”",
    "text": "Se sincera\nEster Expósito cuenta cómo vivió la explosión del éxito: “Te cambia la vida”\nLa actriz ha confesado todos los cambios que ha sufrido tras ganar popularidad de forma tan repentina. ¡Descúbrelo!\nPublicidad\nEsta noche El Hormiguero ha recibido la visita de lujo de Ester Expósito, una de las actrices con más influencia de nuestro país. Su éxito, casi de un día para otro gracias a su papel en la serie Élite, le ha llevado a acumular 28,6 millones de seguidores en sus redes sociales.\nDurante la entrevista, Pablo Motos ha querido saber cómo afrontó Ester Expósito ese éxito inmediato con tan solo 18 años, cuando debutó en esta conocida serie: “Nada vuelve a ser lo mismo”, ha reconocido la actriz, a pesar de que “les habían preparado para lo que se podía venir” antes de su estreno.\nSin embargo, Expósito tiene muy claro que no va a dejar de hacer cosas que hacía antes de ser famosa porque su vida haya cambiado: “Salgo mucho de fiesta, eso no lo he dejado”, ha reconocido en El Hormiguero. ¡Revive aquí la\n entrevista completa de Ester Expósito!\nEl contenido al que hace referencia la información forma parte de un programa del 23 de noviembre de 2022 que Antena 3 ha vuelto a emitir este jueves.\nPublicidad",
    "highlightText": "",
    "highlightTitle": "",
    "highlightThreadTitle": "",
    "language": "spanish",
    "sentiment": "positive",
    "categories": [
        "Lifestyle and Leisure",
        "Human Interest",
        "Arts, Culture and Entertainment"
    ],
    "external_links": [],
    "external_images": [],
    "entities": {
        "persons": [],
        "organizations": [],
        "locations": []
    },
    "rating": null,
    "crawled": "2023-12-29T00:08:57.728+02:00",
    "updated": "2023-12-29T00:08:57.728+02:00"
}