{
    "thread": {
        "uuid": "5eceed4d7cc86e812bc79f89a184e807ede8b0aa",
        "url": "https://flowersvienna72692.ampedpages.com/fruitful-minutes-cherish-every-party-with-adeptly-made-fruit-arrangements-51613452",
        "site_full": "flowersvienna72692.ampedpages.com",
        "site": "ampedpages.com",
        "site_section": "https://ampedpages.com/rss-homepage.php?1",
        "site_categories": [],
        "section_title": "ampedpages.com RSS feed",
        "title": "Fruitful Minutes: Cherish Every Party with Adeptly Made Fruit Arrangements",
        "title_full": "Fruitful Minutes: Cherish Every Party with Adeptly Made Fruit Arrangements",
        "published": "2023-12-28T20:44:00.000+02:00",
        "replies_count": 0,
        "participants_count": 1,
        "site_type": "news",
        "country": "TR",
        "main_image": "",
        "performance_score": 0,
        "domain_rank": 6484,
        "domain_rank_updated": "2023-12-26T12:06:20.000+02:00",
        "reach": null,
        "social": {
            "facebook": {
                "likes": 0,
                "comments": 0,
                "shares": 0
            },
            "gplus": {
                "shares": 0
            },
            "pinterest": {
                "shares": 0
            },
            "linkedin": {
                "shares": 0
            },
            "stumbledupon": {
                "shares": 0
            },
            "vk": {
                "shares": 0
            }
        }
    },
    "uuid": "5eceed4d7cc86e812bc79f89a184e807ede8b0aa",
    "url": "https://flowersvienna72692.ampedpages.com/fruitful-minutes-cherish-every-party-with-adeptly-made-fruit-arrangements-51613452",
    "ord_in_thread": 0,
    "parent_url": null,
    "author": "Flowersvienna",
    "published": "2023-12-28T20:44:00.000+02:00",
    "title": "Fruitful Minutes: Cherish Every Party with Adeptly Made Fruit Arrangements",
    "text": "Express Your Feelings With Flower Shop's Prompt Flower Shipment\nExpress Your Feelings With Blossom Store's Prompt Blossom Delivery\nFlowers have long been identified as a powerful tool for expressing feelings. Whether it's love, sympathy, party, or thankfulness, the best bouquet can convey heartfelt sentiments like no other present. With Blossom Store's timely flower shipment service, expressing your emotions has never been easier or easier. Our professional team makes certain that your chosen blossoms are thoroughly selected, adeptly prepared, and immediately delivered to your wanted place. With a vast option of lovely blossoms to pick from, you can discover the perfect arrangement to match any type of occasion. Our reliable and fast distribution alternatives ensure that your thoughtful present will certainly arrive on time, making the procedure problem-free for both you and the recipient. Trust Blossom Shop to assist you express your feelings with the language of blossoms.\nThe Ease of Prompt Flower Delivery\nTrigger flower distribution supplies efficient and practical solution for sharing feelings via the prompt arrival of fresh, gorgeous flowers. Prompt flower shipment makes sure that your message is supplied at the appropriate minute, permitting you to convey your feelings with precision and consideration.\nOne of the essential advantages of punctual blossom shipment is its comfort. Rather of having to go to a physical flower store and personally handpick the blossoms, you can conveniently search through a vast option of floral plans online.\nMoreover, punctual flower delivery solutions commonly provide same-day or next-day distribution alternatives. This implies that even if you bear in mind a special celebration or desire to amaze someone at the last min, you can still make sure that fresh blossoms reach them promptly. This degree of benefit allows you to share your feelings without any type of unneeded anxiety or concern.\nA Wide Choice of Lovely Blossoms\nThe flower shop supplies a varied variety of magnificent blooms for clients to select from. Whether you're trying to find a vibrant bouquet to commemorate an easy plan or an unique occasion to reveal your compassion, you can locate the ideal blossoms to match your needs. With a large option of blooms offered, you can develop an individualized arrangement that shows your one-of-a-kind style and belief.\nIn addition to conventional blooms, the blossom shop additionally supplies one-of-a-kind and rare blossoms that are sure to make a statement. Whether it's a stunning protea or a stylish calla lily, these unique blossoms will add a touch of refinement to any arrangement.\nWith such a large option of gorgeous flowers, the blossom store is devoted to helping you find the ideal blossoms to share your feelings. Their knowledgeable staff is offered to supply experienced advice and guidance, guaranteeing that you discover the best setup for any kind of celebration.\nQuick and Reliable Delivery Options\nCustomers can anticipate dependable and effective distribution solutions from the blossom store, making certain that their gorgeous blossoms show up rapidly and in excellent problem. The flower shop understands the importance of timely distribution, specifically when feelings are included. Whether it's a birthday surprise, a wedding anniversary present, or simply a gesture to brighten someone's day, the blossom store is dedicated to offering dependable and fast distribution choices for every occasion.\nTo attain this, the blossom shop has established a streamlined delivery system that focuses on rate and accuracy. They function carefully with trusted distribution companions who are experienced in handling fragile floral setups. From the moment the order is placed, the blossom shop takes every action needed to guarantee that the flowers are meticulously prepared, packaged, and sent off for delivery.\nIn addition, the flower store provides numerous shipment options to match the customer's demands. They offer same-day distribution for orders put prior to a specified cut-off time, allowing clients to send their genuine messages right away. For those who prefer to prepare ahead, the flower shop additionally provides next-day distribution services. This adaptability guarantees that consumers can express their feelings and stun their liked ones whenever they want.\nAdditionally, the blossom store provides tracking info for all shipments, permitting customers to keep an eye on the progress of their order in real-time. This transparency provides clients satisfaction, knowing that their flowers are on their method and will certainly show up as arranged.\nRevealing Feelings for every single Celebration\nFor joyous occasions such as birthdays, anniversaries, or graduations, the flower shop supplies vibrant and lively plans that represent happiness and excitement. These plans typically feature cheerful blossoms like roses, sunflowers, and sissies, which make certain to bring a smile to the recipient's face.\nIn times of sorrow or compassion, the flower shop provides sophisticated and reassuring arrangements that express condolences and offer relief. These setups usually consist of lilies, orchids, and white roses, which convey a\nwhy not try this outfeeling of tranquility and remembrance.\nThe flower shop also understands the value of revealing love and love. For Valentine's Day, wedding anniversaries, or just to reveal a person special just how much they suggest to you, they use charming arrangements with roses, tulips, and other enchanting flowers, signifying love and love.\nIn addition, the flower store acknowledges the significance\ndiscover this info hereof sharing gratefulness, gratitude, and friendship (flowers delivery Vienna). They give arrangements with flowers like gerberas, daffodils, and carnations, which convey warmth, friendship, and appreciation\nRegardless of the feeling or the celebration you desire to convey, the blossom store's punctual blossom distribution solution makes sure that your sensations will certainly be shared via thoughtful and meticulously curated setups. Trust fund in their competence to assist you reveal your emotions with the perfect bouquet.\nConvenient Blossom Distribution for Thoughtful Presents\nWith a concentrate on offering benefit and ease, the blossom store makes sure a smooth flower delivery experience for those looking to offer thoughtful presents. Whether you intend to amaze a loved one on their birthday celebration, send out congratulations to a good friend, or reveal sympathy during a challenging time, the blossom store comprehends the relevance of prompt and hassle-free shipment.\nTo make the process as uncomplicated as feasible, the blossom shop uses a straightforward online platform where customers can check out a wide choice of stunning flower setups - fruit arrangements. From vibrant arrangements to classy flower baskets, there is something for each occasion and individual preference. When the ideal gift has been picked, clients can merely go into the recipient's address and choose a convenient delivery date\nThe blossom store takes pride in its trusted and punctual distribution solution. With a devoted group of skilled flower designers and effective logistics, they make sure that every arrangement shows up fresh and in excellent condition. Whether it's a same-day distribution or a scheduled one, clients can trust that their thoughtful gift will be provided on time.\nIn addition to ease and integrity, the flower store likewise understands the significance of customization. Consumers have the choice to include a wholehearted message together with their gift, adding a personal touch that absolutely makes the recipient feeling unique.\nWith its dedication to convenient blossom distribution, the blossom store aims to make the act of providing thoughtful gifts as purposeful and effortless as possible. Whether it's a grand motion or a little token of recognition, the flower store makes sure that every present is supplied with care and focus to detail.\nVerdict\nFinally, prompt blossom delivery from a flower shop provides the benefit of quick and trusted solutions. With a broad selection of gorgeous blossoms, people can quickly express their feelings for every single event. Problem-free blossom distribution guarantees that thoughtful gifts can be sent out without any type of inconvenience.\nWith Flower Store's prompt blossom shipment service, sharing\ncheck thisyour emotions has actually never been easier or extra practical. Trust Blossom Shop to aid you reveal your emotions with the language of flowers.\nRather of having to go to a physical blossom shop and directly handpick the flowers, you can comfortably search via a large selection of flower arrangements online. From the minute the order is placed, the blossom store takes every action required to make sure that the flowers are very carefully prepared, packaged, and dispatched for shipment.\nIn conclusion, timely blossom delivery from a blossom store provides the ease of quick and reliable services.",
    "highlightText": "",
    "highlightTitle": "",
    "highlightThreadTitle": "",
    "language": "english",
    "sentiment": "positive",
    "categories": [
        "Lifestyle and Leisure",
        "Arts, Culture and Entertainment",
        "Human Interest"
    ],
    "external_links": [
        "https://trentonwrgsj.wikibestproducts.com/470122/vienna_blooms_explore_the_appeal_of_exquisite_flowers_from_a_trusted_floral_designer",
        "https://edgarbgfbc.blue-blogs.com/30098663/floral-consistency-boost-your-room-with-the-freshest-flowers-vienna",
        "https://flowersvienna55210.fare-blog.com/24411758/nature-s-sophistication-raise-your-space-with-handpicked-beauty-from-fresh-flowers-vienna",
        "https://www.flowersvienna55210.fare-blog.com/24411758/nature-s-sophistication-raise-your-space-with-handpicked-beauty-from-fresh-flowers-vienna",
        "https://www.edgarbgfbc.blue-blogs.com/30098663/floral-consistency-boost-your-room-with-the-freshest-flowers-vienna",
        "https://www.trentonwrgsj.wikibestproducts.com/470122/vienna_blooms_explore_the_appeal_of_exquisite_flowers_from_a_trusted_floral_designer"
    ],
    "external_images": [],
    "entities": {
        "persons": [],
        "organizations": [
            {
                "name": "flower shop",
                "sentiment": "negative"
            },
            {
                "name": "cherish every party",
                "sentiment": "negative"
            },
            {
                "name": "trust blossom shop",
                "sentiment": "none"
            }
        ],
        "locations": []
    },
    "rating": null,
    "crawled": "2023-12-29T00:02:03.299+02:00",
    "updated": "2023-12-29T00:02:03.299+02:00"
}