{
    "thread": {
        "uuid": "55a6f33d650a76c5a282185deeb171cd630351d1",
        "url": "https://www.lanueva.com/nota/2023-12-28-19-3-0-con-10-anos-el-messi-del-ajedrez-deslumbro-en-el-mundial-de-rapidas",
        "site_full": "www.lanueva.com",
        "site": "lanueva.com",
        "site_section": "https://www.lanueva.com/news/rss/category/7",
        "site_categories": [
            "media"
        ],
        "section_title": "La Nueva",
        "title": "Con 10 años, el \"Messi del ajedrez\" deslumbró en el Mundial de Rápidas",
        "title_full": "Con 10 años, el \"Messi del ajedrez\" deslumbró en el Mundial de Rápidas",
        "published": "2023-12-29T00:09:00.000+02:00",
        "replies_count": 0,
        "participants_count": 0,
        "site_type": "news",
        "country": "US",
        "main_image": "https://pxcdn.lanueva.com/122023/1703799540679.jpg?&cw=600&ch=365",
        "performance_score": 0,
        "domain_rank": 90876,
        "domain_rank_updated": "2023-12-26T12:06:35.000+02:00",
        "reach": null,
        "social": {
            "facebook": {
                "likes": 0,
                "comments": 0,
                "shares": 0
            },
            "gplus": {
                "shares": 0
            },
            "pinterest": {
                "shares": 0
            },
            "linkedin": {
                "shares": 0
            },
            "stumbledupon": {
                "shares": 0
            },
            "vk": {
                "shares": 0
            }
        }
    },
    "uuid": "55a6f33d650a76c5a282185deeb171cd630351d1",
    "url": "https://www.lanueva.com/nota/2023-12-28-19-3-0-con-10-anos-el-messi-del-ajedrez-deslumbro-en-el-mundial-de-rapidas",
    "ord_in_thread": 0,
    "parent_url": null,
    "author": null,
    "published": "2023-12-29T00:09:00.000+02:00",
    "title": "Con 10 años, el \"Messi del ajedrez\" deslumbró en el Mundial de Rápidas",
    "text": "Con 10 años, el \"Messi del ajedrez\" deslumbró en el Mundial de Rápidas Es argentino y vive en España. El campeón mundial de la modalidad fue el noruego Magnus Carlsen. El noruego Magnus Carlsen se quedó por quinta vez con el Mundial FIDE Rápido de ajedrez en Samarcanda, Uzbekistán, torneo en el que el prodigio argentino Faustino Oro (10 años) concretó una destacada labor. Esta modalidad ajedrecística consta de 15 minutos más 10 segundos adicionales por movimiento. Entre 202 competidores con los que contó el torneo, Carlsen encabezó la puntuación desde la primera hasta la decimotercera ronda. El número uno del mundo finalizó con 10 puntos, tras imponerse hoy en las rondas 10, 11, 12 y 13 al ruso Vladimir Fedoseev, (segundo clasificado), al iraní Pouya Idani, el uzbeko Nodirbek Abdusattórov y el indio R Praggnanandhaa en la última partida (empate en 23 movimientos). [La clasificación final completa.](https://chess-results.com/tnr864782.aspx?lan=2&art=1&rd=13&fedb=ESP&fed=NOR&turdet=YES&zeilen= ) En cuanto a Oro, quien tiene residencia en España, fue el segundo competidor más joven del certamen detrás del ruso Roman Shógdzhiev (8 años), quien se ubicó 147º con 5,5 puntos. Faustino finalizó en el puesto 186º con 4 puntos como resultado de tres triunfos, dos tablas y ocho derrotas. Lo llaman el \"Messi del ajedrez\"' y, con un ranking ELO de 2150, captó la atención del torneo al ganarle con piezas blancas al Gran Maestro (GM) ruso Denis Khismatullin (2507) y con negras al Maestro Internacional (MI) de Marruecos, Mohammed Tissir (2358). Ya había sido elogiado el martes pasado, cuando superó al ruso Rudik Makarian, en una partida en la que diseñó una maniobra arriesgada para avanzar con una de las torres y lastimar con un alfil sobre la posición adversaria. En la rama femenina la campeona fue la maestra internacional Anastasia Bodnaruk, invicta con 8,5 puntos en 11 rondas.",
    "highlightText": "",
    "highlightTitle": "",
    "highlightThreadTitle": "",
    "language": "spanish",
    "sentiment": "positive",
    "categories": [
        "Human Interest",
        "Sport"
    ],
    "external_links": [
        "https://chess-results.com/tnr864782.aspx",
        "https://chess-results.com/tnr864782.aspx?lan=2&art=1&rd=13&fedb=ESP&fed=NOR&turdet=YES&zeilen=99999",
        "https://www.chess-results.com/tnr864782.aspx?lan=2&art=1&rd=13&fedb=ESP&fed=NOR&turdet=YES&zeilen=99999"
    ],
    "external_images": [],
    "entities": {
        "persons": [],
        "organizations": [],
        "locations": []
    },
    "rating": null,
    "crawled": "2023-12-29T00:24:23.663+02:00",
    "updated": "2023-12-29T02:22:31.030+02:00"
}