{
    "thread": {
        "uuid": "a394992a5a89527f250e20ac3b59342ddf1364b1",
        "url": "https://www.laprensa.hn/amiga/amiga-moda-que-color-usar-31-de-diciembre-rituales-significado-LH16772108",
        "site_full": "www.laprensa.hn",
        "site": "laprensa.hn",
        "site_section": "http://laprensa.hn",
        "site_categories": [
            "media"
        ],
        "section_title": "LA PRENSA - Diario de Honduras, noticias y videos del país y el mundo",
        "title": "¿Qué color debemos vestir el 31 de diciembre ?",
        "title_full": "¿Qué color debemos vestir el 31 de diciembre ?",
        "published": "2023-12-28T22:36:00.000+02:00",
        "replies_count": 0,
        "participants_count": 1,
        "site_type": "news",
        "country": "HN",
        "main_image": "https://www.laprensa.hn/binrepository/1200x793/0c81/1200d630/none/11004/SEFG/vestidas-para-brillar-2108892_6365773_20231228144202.jpg",
        "performance_score": 0,
        "domain_rank": 25333,
        "domain_rank_updated": "2023-12-26T12:06:20.000+02:00",
        "reach": null,
        "social": {
            "facebook": {
                "likes": 0,
                "comments": 0,
                "shares": 0
            },
            "gplus": {
                "shares": 0
            },
            "pinterest": {
                "shares": 0
            },
            "linkedin": {
                "shares": 0
            },
            "stumbledupon": {
                "shares": 0
            },
            "vk": {
                "shares": 0
            }
        }
    },
    "uuid": "a394992a5a89527f250e20ac3b59342ddf1364b1",
    "url": "https://www.laprensa.hn/amiga/amiga-moda-que-color-usar-31-de-diciembre-rituales-significado-LH16772108",
    "ord_in_thread": 0,
    "parent_url": null,
    "author": "/cronologia/-/meta/staff",
    "published": "2023-12-28T22:36:00.000+02:00",
    "title": "¿Qué color debemos vestir el 31 de diciembre ?",
    "text": "Es tiempo de pensar sobre que deseamos para el año nuevo y poner todas nuestras buenas vibraciones para que sucedan. Existen una serie de [rituales de Año Nuevo ](https://www.laprensa.hn/fotogalerias/farandula/mexico-espectaculos-ritual-galilea-montijo-atraer-dinero-ano-nuevo-HF16750744#image-1)en diversos países que muchos siguen para llamar a la suerte, trabajo y fortuna. ¿Sabías, por ejemplo, que las personas en Brasil visten ropa interior con los colores que representan lo que ellos quieren para el nuevo año? Así que es muy común ver personas con ropas blancas que probablemente dentro visten una ropa interior secreta con el color de sus deseos. Recibir el [año 2024 ](https://www.laprensa.hn/fotogalerias/mundo/rituales-supersticiones-tradiciones-fin-ano-nuevo-ano-2018-2019-EDLP1245414#image-1)es muy importante, pues todos deseamos que sea todo lo opuesto de 2023, así que para que sea el mejor, cada detalle cuenta. Es por esto que aquí te dejamos una lista de colores que puedes utilizar la noche del 31 de diciembre, que te ayudarán a atraer buenas cosas. Lee: [ Tendencia: el poder del verde acqua este fin de año](https://www.laprensa.hn/amiga/tendencia-verde-acqua-moda-psicologia-color-DF16461103) Dorado. El dorado es el color de la abundancia. Utiliza este color si estás buscando la riqueza y el éxito profesional. Rojo. Simboliza la alegría, el valor y la fuerza. Además, el rojo es el color de la pasión. Úsalo si deseas aumentarla en el siguiente año. Negro. Aunque puede ser fácilmente asociado al luto y la tristeza, dale una oportunidad; sin embargo, es elegante y significa poder. Utilízalo para llevar un look poderosísimo. Blanco. El color más apacible de todos. Significa purificación y puede ayudarte a dejar atrás todas las malas experiencias para empezar de nuevo. Además, si hablamos de estilo, puede combinarse con absolutamente todos los colores. Turquesa. El turquesa atrae el dinero y las buenas relaciones de pareja, por lo que llevarlo para recibir el Año Nuevo no es la peor idea de todas. No es un color común en las tendencias de esta temporada, pero puedes encontrar accesorios y ensambles para combinarlos con negro, blanco o ambos. Plateado. ¿Deseas el año 2024 lleno de emociones nuevas, diversión y éxito? Entonces el plateado será el indicado para recibir tu año nuevo. Azul. La tranquilidad, armonía y serenidad son unas de las energías que podemos atraer al usar este color en el recibimiento del nuevo año. Púrpura o violeta: Estos son los colores de la intuición. Es perfecto para quienes buscan respuestas el próximo año. Este es un buen momento para despejar la mente y considerar qué camino es mejor. También: [Ideas de maquillaje para lucirte en Navidad y Año Nuevo](https://www.laprensa.hn/amiga/ideas-maquillaje-lucirte-navidad-ano-nuevo-tendencias-2023-lovely-studio-FC16721242#image-1)",
    "highlightText": "",
    "highlightTitle": "",
    "highlightThreadTitle": "",
    "language": "spanish",
    "sentiment": "positive",
    "categories": [
        "Lifestyle and Leisure",
        "Human Interest",
        "Religion and Belief"
    ],
    "external_links": [],
    "external_images": [],
    "entities": {
        "persons": [],
        "organizations": [],
        "locations": []
    },
    "rating": null,
    "crawled": "2023-12-29T00:18:47.085+02:00",
    "updated": "2023-12-29T00:18:47.085+02:00"
}