{
    "thread": {
        "uuid": "4c1e3df3b5ae40c744f573a82f335781e1c2d2ed",
        "url": "https://www.etonline.com/media/videos/watch-serena-williams-and-daughter-olympia-give-baby-adira-a-work-out-217041",
        "site_full": "www.etonline.com",
        "site": "etonline.com",
        "site_section": "https://www.etonline.com/video",
        "site_categories": [
            "media",
            "television",
            "celebrity_fan_gossip",
            "entertainment"
        ],
        "section_title": "&#x27;Tombstone&#x27; Turns 30: Watch Kurt Russell&#x27;s Son Wyatt Visit the Set of Historical Western (Flashback) ",
        "title": "Watch Serena Williams and Daughter Olympia Give Baby Adira a 'Work Out'",
        "title_full": "Watch Serena Williams and Daughter Olympia Give Baby Adira a 'Work Out'",
        "published": "2023-12-28T02:00:00.000+02:00",
        "replies_count": 0,
        "participants_count": 1,
        "site_type": "news",
        "country": "US",
        "main_image": "https://www.etonline.com/sites/default/files/styles/video_1920x1080/public/images/2023-12/ETD_TRENDING%20Watch%20Serena%20Williams%20Daughters_20231228_MG_VIDPIC.jpg?h=d1cb525d&amp;width=1280&amp;height=720",
        "performance_score": 0,
        "domain_rank": 2897,
        "domain_rank_updated": "2023-12-26T12:06:20.000+02:00",
        "reach": null,
        "social": {
            "facebook": {
                "likes": 0,
                "comments": 0,
                "shares": 0
            },
            "gplus": {
                "shares": 0
            },
            "pinterest": {
                "shares": 0
            },
            "linkedin": {
                "shares": 0
            },
            "stumbledupon": {
                "shares": 0
            },
            "vk": {
                "shares": 0
            }
        }
    },
    "uuid": "4c1e3df3b5ae40c744f573a82f335781e1c2d2ed",
    "url": "https://www.etonline.com/media/videos/watch-serena-williams-and-daughter-olympia-give-baby-adira-a-work-out-217041",
    "ord_in_thread": 0,
    "parent_url": null,
    "author": "@etnow",
    "published": "2023-12-28T02:00:00.000+02:00",
    "title": "Watch Serena Williams and Daughter Olympia Give Baby Adira a 'Work Out'",
    "text": "News Latest TV Shop Awards Music Movies Newsletter Trending Shop The Best New TV Shows and Movies to Stream This Week Shop How to Get Tickets to 'The Color Purple' — in Theaters Now News Mariah Carey Splits From Bryan Tanaka After 7 Years of Dating News Kanye West Apologizes for Anti-Semitic Rants Ahead of Album Release TV 'Bridgerton' Drops New Season 3 Photos: Kate and Anthony Are Back Close Menu Photos Videos Shop Watch ET Search Close Form Open Search Form Watch Serena Williams and Daughter Olympia Give Baby Adira a 'Work Out' Up Next Gypsy Rose Blanchard Wants to Team Up With Kim Kardashian After Prison Release Latest 3:07 DEC 28,2023 Watch Serena Williams and Daughter Olympia Give Baby Adira a 'Work Out' DEC 28,2023 4:19 DEC 28,2023 Gypsy Rose Blanchard Wants to Team Up With Kim Kardashian After Prison Release DEC 28,2023 9:15 DEC 28,2023 'The Iron Claw's True Story: Inside the Von Erich 'Curse' and Wrestling Family's Tragedies DEC 28,2023 2:41 DEC 28,2023 Cher Files for Conservatorship of Son Elijah Blue Allman DEC 28,2023 3:44 DEC 28,2023 ‘Today’s’ Jill Martin Gets Emotional Trying on Wigs After Chemo Amid Breast Cancer Battle DEC 28,2023 8:16 DEC 27,2023 Inside 'Stranger Things' Season 5: Fan Theories, Spin-Offs, Casting Announcements and More! DEC 27,2023 3:19 DEC 27,2023 Nick Cannon Plays Santa Claus, Receives Unique Gift Featuring His 12 Kids DEC 27,2023 11:08 DEC 27,2023 'Sister Wives': The Biggest Blow-Ups, Shake-Ups and Showdowns DEC 27,2023 3:08 DEC 27,2023 Simone Biles Seemingly Supports Husband After Claiming He’s the ‘Catch’ in Their Relationship DEC 27,2023 4:05 DEC 27,2023 Travis Kelce Reveals Extravagant Chiefs Gift After Spending Christmas With Taylor Swift DEC 27,2023 3:48 DEC 27,2023 Timothée Chalamet Joins Kylie Jenner at Kardashian Family Christmas Party DEC 27,2023 11:46 DEC 27,2023 ‘90 Day Fiancé’: Tim on Rumors About His Sexuality and 'Awkward' New Season of 'The Single Life' DEC 27,2023 2:14 DEC 27,2023 '90 Day: The Single Life': Chantel's Triggered After Sharing Romantic Moment With a Guy in Greece DEC 27,2023 3:11 DEC 26,2023 Hayley Erbert Kisses Derek Hough in First Post After Brain Surgeries DEC 26,2023 6:15 DEC 26,2023 Serena Williams' Daughter Olympia's Sweetest and Sassiest Moments DEC 26,2023 2:44 DEC 26,2023 Taylor Swift Spends Christmas Cheering on Travis Kelce at His Chiefs Game DEC 26,2023 1:47 DEC 26,2023 'Sister Wives': Kody Loses It When Asked to Rewatch His Big Fight With Janelle (Exclusive) DEC 26,2023 2:08 DEC 22,2023 John Schneider Reacts to Secret Service Probe Over Joe Biden Comments Post-'Masked Singer' Loss DEC 22,2023 8:16 DEC 22,2023 'Rebel Moon': Djimon Hounsou and Staz Nair | Full Interview DEC 22,2023 3:16 DEC 22,2023 'Patch Adams' at 25: Robin Williams Praises Real Make-A-Wish Kids Who Starred in 1998 Dramedy DEC 22,2023 Show More Featured 18:04 DEC 12, 2023 ET Vault Unlocked: Brad Pitt | Never-Before-Seen Interviews and His Rise to Hollywood Golden Boy DEC 12, 2023 18:28 DEC 13, 2023 ET Vault Unlocked: Celine Dion | Her History-Making Moments and the Disease That Threatens Her Career DEC 13, 2023 18:17 DEC 18, 2023 ET Vault Unlocked: Usher | His Journey to Super Bowl Halftime DEC 18, 2023 18:18 DEC 13, 2023 ET Vault Unlocked: Leonardo DiCaprio | His Titanic-Sized Journey to Stardom DEC 13, 2023 18:29 DEC 19, 2023 ET Vault Unlocked: Tom Hanks | His 'Big' Journey to Nicest Guy in Hollywood DEC 19, 2023 18:15 DEC 15, 2023 ET Vault Unlocked: Denzel Washington | His Rise to Hollywood Titan DEC 15, 2023 16:34 DEC 18, 2023 Holiday Movie Classics | Behind-the-Scenes Secrets From 'A Christmas Story,' 'Elf' and More DEC 18, 2023 16:55 DEC 19, 2023 ET's Movie Guide | What to Watch Over the Holidays DEC 19, 2023 17:55 DEC 20, 2023 Celebrity Court Cases: Gwyneth Paltrow, Danny Masterson, Jonathan Majors and More DEC 20, 2023 17:57 DEC 14, 2023 Biggest Star Splits of 2023 | Kevin Costner, Joe Jonas-Sophie Turner and More DEC 14, 2023 17:48 DEC 20, 2023 Spilling the E-Tea | Jennifer Aniston, Adam Sandler, Jonas Brothers and More DEC 20, 2023 Show More News 3:06 0M AGO Watch Serena Williams and Daughter Olympia Give Baby Adira a 'Work Out' 0M AGO 4:18 9M AGO Gypsy Rose Blanchard Wants to Team Up With Kim Kardashian After Prison Release 9M AGO 2:40 2H AGO Cher Files for Conservatorship of Son Elijah Blue Allman 2H AGO 3:43 3H AGO ‘Today’s’ Jill Martin Gets Emotional Trying on Wigs After Chemo Amid Breast Cancer Battle 3H AGO 3:18 23H AGO Nick Cannon Plays Santa Claus, Receives Unique Gift Featuring His 12 Kids 23H AGO 3:07 DEC 27, 2023 Simone Biles Seemingly Supports Husband After Claiming He’s the ‘Catch’ in Their Relationship DEC 27, 2023 4:04 DEC 27, 2023 Travis Kelce Reveals Extravagant Chiefs Gift After Spending Christmas With Taylor Swift DEC 27, 2023 3:47 DEC 27, 2023 Timothée Chalamet Joins Kylie Jenner at Kardashian Family Christmas Party DEC 27, 2023 3:10 DEC 26, 2023 Hayley Erbert Kisses Derek Hough in First Post After Brain Surgeries DEC 26, 2023 6:14 DEC 26, 2023 Serena Williams' Daughter Olympia's Sweetest and Sassiest Moments DEC 26, 2023 2:43 DEC 26, 2023 Taylor Swift Spends Christmas Cheering on Travis Kelce at His Chiefs Game DEC 26, 2023 2:07 DEC 22, 2023 John Schneider Reacts to Secret Service Probe Over Joe Biden Comments Post-'Masked Singer' Loss DEC 22, 2023 3:19 DEC 22, 2023 Simone Biles' Husband Jonathan Owens Says He's the 'Catch' in Their Relationship DEC 22, 2023 3:00 DEC 22, 2023 Selena Gomez's Relationship Must-Haves Revealed Amid Benny Blanco Romance DEC 22, 2023 3:03 DEC 22, 2023 Travis Kelce's Shirtless Spa Visit Resurfaces Amid Taylor Swift Romance DEC 22, 2023 9:22 DEC 22, 2023 Prince Harry's Best Moments of 2023: 'Spare,' King Charles’ Coronation and a Historic Legal Victory DEC 22, 2023 5:04 DEC 22, 2023 Pamela Anderson's Makeup-Free Life: All Her Major Public Outings Since Making the Beauty Change DEC 22, 2023 3:25 DEC 22, 2023 Amanda Bynes Reveals Buzzcut Mullet DEC 22, 2023 3:38 DEC 22, 2023 Willie Nelson Reveals Shocking Way Ex-Wife Found Out About Affair DEC 22, 2023 3:09 DEC 21, 2023 Taylor Swift's Bejeweled Birthday Bling Isn't From Travis Kelce, Keleigh Teller Confirms DEC 21, 2023 Show More On Entertainment Tonight 1:46 DEC 26, 2023 'Sister Wives': Kody Loses It When Asked to Rewatch His Big Fight With Janelle (Exclusive) DEC 26, 2023 1:34 DEC 20, 2023 ‘Married at First Sight’: Lauren Breaks Down Telling Group About Divorce From Orion (Exclusive) DEC 20, 2023 1:34 DEC 19, 2023 Christine and David's Wedding: Kody, Robyn and Meri React in ‘Sister Wives’ Supertease Trailer DEC 19, 2023 1:57 DEC 18, 2023 George Clooney Ribs 'Pretty Boy' Brad Pitt as He Teases Their Big Screen Reunion (Exclusive) DEC 18, 2023 0:43 DEC 15, 2023 Miranda Lambert on Wrapping Vegas Run With 'Firepower and Confetti and Glitter' | Certified Country DEC 15, 2023 2:35 DEC 15, 2023 Piers Morgan Slams Prince Harry's UK Court Victory in Tabloid Phone-Hacking Case DEC 15, 2023 0:56 DEC 15, 2023 Matthew Perry's Cause of Death Deemed to Be the Result of Ketamine Therapy DEC 15, 2023 1:47 DEC 15, 2023 Michael B. Jordan $430K Car Crash: New Video and Details of the Wreck (Exclusive) DEC 15, 2023 1:38 DEC 15, 2023 Susan Lucci Honored With Daytime Emmys Lifetime Achievement Award DEC 15, 2023 2:09 DEC 15, 2023 Dick Van Dyke Jokes He 'Should've Taken Better Care of Himself' as He Celebrates 98th Birthday DEC 15, 2023 1:30 DEC 15, 2023 Hugh Grant Reacts to His Own Family's Obsession With 'Wonka' Co-Star Timothée Chalamet! DEC 15, 2023 1:24 DEC 15, 2023 Jason Momoa Admits His Future as Aquaman Is ‘Not Looking Good’ After DC Shakeup (Exclusive) DEC 15, 2023 1:36 DEC 15, 2023 How Mandy Moore Is Celebrating the Joy of Cats This Holiday Season DEC 15, 2023 1:25 DEC 14, 2023 ‘Dick Van Dyke: 98 Years of Magic’ Special | Behind the Scenes With Zachary Levi (Exclusive) DEC 14, 2023 1:48 DEC 14, 2023 ‘The Color Purple’s Taraji P. Henson Shares Her ‘Biggest Fear’ About the Musical Remake (Exclusive) DEC 14, 2023 1:13 DEC 14, 2023 Inside ‘New Year’s Eve Live: Nashville’s Big Bash’ With Blake Shelton, Carly Pearce and Trace Adkins DEC 14, 2023 2:59 DEC 13, 2023 '90 Day Fiancé' Tell-All: Sarper Defends Sleeping With 2,500 Women (Exclusive) DEC 13, 2023 1:42 DEC 13, 2023 ‘Celebrity IOU’: Why Drew and Jonathan Scott Call Sterling K. Brown a ‘Wrecking Machine’ DEC 13, 2023 1:50 DEC 13, 2023 Renee Rapp Dishes on Her Favorite OG ‘Mean Girls’ Memory (Exclusive) DEC 13, 2023 1:33 DEC 13, 2023 Hugh Grant Roasts Timotheé Chalamet During Surprise Late-Night Appearance! DEC 13, 2023 Show More TV 8:15 21H AGO Inside 'Stranger Things' Season 5: Fan Theories, Spin-Offs, Casting Announcements and More! 21H AGO 11:07 DEC 27, 2023 'Sister Wives': The Biggest Blow-Ups, Shake-Ups and Showdowns DEC 27, 2023 11:45 DEC 27, 2023 ‘90 Day Fiancé’: Tim on Rumors About His Sexuality and 'Awkward' New Season of 'The Single Life' DEC 27, 2023 2:13 DEC 27, 2023 '90 Day: The Single Life': Chantel's Triggered After Sharing Romantic Moment With a Guy in Greece DEC 27, 2023 1:46 DEC 26, 2023 'Sister Wives': Kody Loses It When Asked to Rewatch His Big Fight With Janelle (Exclusive) DEC 26, 2023 3:14 DEC 21, 2023 'The Masked Singer': Ne-Yo Reacts to Winning Season 10 as 'The Cow' (Exclusive) DEC 21, 2023 23:09 DEC 21, 2023 ‘90 Day Fiance’: Couples’ Biggest Fights and Meltdowns of 2023 DEC 21, 2023 4:10 DEC 20, 2023 'The Voice's Ruby Leigh on Being Runner Up and Introducing Her Family to Reba McEntire (Exclusive) DEC 20, 2023 2:59 DEC 20, 2023 'The Voice': Jacquie Roar Shares Tom Nitti Update and Plans to Collab! (Exclusive) DEC 20, 2023 3:38 DEC 20, 2023 ‘The Voice’ Crowns Team Niall’s Huntley Season 24 Winner DEC 20, 2023 1:34 DEC 20, 2023 ‘Married at First Sight’: Lauren Breaks Down Telling Group About Divorce From Orion (Exclusive) DEC 20, 2023 2:44 DEC 20, 2023 '1000-Lb. Sisters’: Amy Tells Amanda and Tammy She Wants to Divorce Michael (Exclusive) DEC 20, 2023 3:24 DEC 19, 2023 'The Voice': Niall Horan and Season 24 Winner Huntley React to Shocking Victory! (Exclusive) DEC 19, 2023 3:47 DEC 19, 2023 'Percy Jackson' Creators on Bringing Books to TV After Films (Exclusive) DEC 19, 2023 23:01 DEC 19, 2023 ‘90 Day Fiancé’ Tell-All: Yohan Forced to Face Woman He ‘Pursued’ While Married to Daniele DEC 19, 2023 1:34 DEC 19, 2023 Christine and David's Wedding: Kody, Robyn and Meri React in ‘Sister Wives’ Supertease Trailer DEC 19, 2023 2:06 DEC 19, 2023 'Death By Fame' Season 2 Investigates James Brown's Suspected Murder (Exclusive) DEC 19, 2023 4:23 DEC 18, 2023 'The Voice’: Reba McEntire Shares Biggest Lesson Learned From First Season as a Coach (Exclusive) DEC 18, 2023 3:30 DEC 18, 2023 Gwen Stefani Names Her Favorite ‘Love. Angel. Music. Baby.’ Track Ahead of Album’s 20th Anniversary DEC 18, 2023 4:09 DEC 18, 2023 'Sister Wives': Kody Accuses Christine of Mocking His 'Suffering' After Meeting Her New Husband DEC 18, 2023 Show More Awards 3:58 DEC 17, 2023 Susan Lucci at 76: Beauty Secrets and If Retirement Is in the Picture (Exclusive) DEC 17, 2023 4:48 DEC 17, 2023 Amanda Kloots Gets Her Dating Advice From 'The Talk' Co-Host Akbar Gbajabiamila (Exclusive) DEC 17, 2023 2:30 DEC 17, 2023 Remembering Jacklyn Zeman and Tyler Christopher: Daytime Stars Reflect on Late Castmates DEC 17, 2023 3:32 DEC 17, 2023 Jennifer Nettles Reacts to Taylor Swift-Penned ‘Babe’ Getting a Second Life on TikTok (Exclusive) DEC 17, 2023 3:38 DEC 17, 2023 Melissa Claire Egan Tears Up Remembering Late ‘Young and the Restless’ Co-Star Billy Miller DEC 17, 2023 2:40 DEC 17, 2023 Jennifer Hudson on Full-Circle Moment With Oprah and Fantasia on Her Talk Show (Exclusive) DEC 17, 2023 5:41 DEC 17, 2023 Maury Povich Says He's Proud to Have ‘You Are the Father’ Be His Daytime TV Legacy (Exclusive) DEC 17, 2023 3:21 DEC 17, 2023 Sherri Shepherd on Her Eyes Being 'Swollen Shut’ From Crying After Oprah Passed Daytime Baton DEC 17, 2023 3:39 DEC 17, 2023 Shemar Moore and Susan Lucci on Reuniting 24 Years After History-Making Emmy Win! (Exclusive) DEC 17, 2023 6:28 DEC 17, 2023 Adrienne Bailon Houghton Shares Mom Life Update & Reacts to Plastic Surgery Speculation (Exclusive) DEC 17, 2023 1:58 DEC 11, 2023 2024 Golden Globe Nominations: Surprises and Snubs DEC 11, 2023 1:49 DEC 3, 2023 Dionne Warwick Says She Had ‘No Idea’ Who Doja Cat Was After Sampling ‘Walk on By’ (Exclusive) DEC 3, 2023 1:54 NOV 27, 2023 Margot Robbie Compares Herself and Greta Gerwig to This Hollywood Duo After Gotham Awards Honor NOV 27, 2023 1:40 NOV 27, 2023 Greta Gerwig on a Potential ‘Barbie’ Sequel and Film’s Massive Success (Exclusive) NOV 27, 2023 1:29 NOV 27, 2023 Margot Robbie Shares Which Ryan Gosling 'Barbie' Ad-Lib Still Makes Her Laugh (Exclusive) NOV 27, 2023 2:48 NOV 19, 2023 Coco Jones Reacts to Being Nominated For 5 GRAMMYs (Exclusive) NOV 19, 2023 2:51 NOV 16, 2023 BBMA 2023: Watch Stray Kids Tease 'Something Very New' in Debut Performance! (Exclusive) NOV 16, 2023 2:35 NOV 9, 2023 Jelly Roll Reacts to Shattering His CMA Award Backstage (Exclusive) NOV 9, 2023 1:19 NOV 8, 2023 CMAs: Why Post Malone Was Excited to Tribute Joe Diffie With Morgan Wallen & HARDY (Exclusive) NOV 8, 2023 2:23 NOV 8, 2023 Wynonna Judd on Why She Broke Down During a Recent Tour Performance (Exclusive) NOV 8, 2023 Show More Royals 2:27 DEC 1, 2023 King Charles Seemingly References Royal Drama Surrounding Alleged Racist Comments in Speech DEC 1, 2023 2:25 NOV 30, 2023 Prince William 'Absolutely Furious' Over Reignited Row Over Alleged Royal Racism (Source) NOV 30, 2023 3:33 NOV 22, 2023 Watch BLACKPINK Get Awarded Royal Honor From King Charles III at Buckingham Palace NOV 22, 2023 2:27 NOV 16, 2023 Prince Harry's Birthday Call to King Charles Could Be 'Turning Point' in Royal Rift NOV 16, 2023 3:00 NOV 12, 2023 Why Elizabeth Debicki Felt 'Immense' Responsibility Portraying Princess Diana's Death (Exclusive) NOV 12, 2023 3:01 OCT 12, 2023 Prince William’s Most-Used Emoji Is Cheeky! OCT 12, 2023 3:02 OCT 6, 2023 Watch Kate Middleton React After Player Tickles Her at Wheelchair Rugby Event OCT 6, 2023 1:34 SEP 18, 2023 Why Prince William Won't See Prince Harry During US Visit, Per Royal Expert SEP 18, 2023 4:04 SEP 15, 2023 Inside Prince Harry's 39th Birthday Party: Sausage, Beers and More! (Source) SEP 15, 2023 1:21 SEP 8, 2023 Prince Harry Makes Unexpected Visit to Queen Elizabeth II's Gravesite on the One-Year Anniversary of Her Death SEP 8, 2023 3:39 AUG 30, 2023 Prince Harry Shocks Fans With Surprise Appearance at Docuseries Screening AUG 30, 2023 2:12 AUG 24, 2023 Prince Harry and Meghan Markle Set to Attend the Invictus Games Amid Divorce Rumors AUG 24, 2023 1:08 AUG 9, 2023 Prince Harry and Meghan Markle Lose Their Titles on Royal Family Website AUG 9, 2023 1:14 AUG 4, 2023 Meghan Markle and Prince Harry Seen ‘Laughing and Smiling’ Amid Divorce Rumors AUG 4, 2023 2:12 JUL 19, 2023 Where Prince Harry and Meghan Markle Stand Amid Divorce Rumors (Royal Expert) JUL 19, 2023 3:46 JUL 19, 2023 Inside Prince George's 'Surprisingly Normal' Life (Royal Expert) JUL 19, 2023 1:33 JUL 17, 2023 Wimbledon: Ariana Grande, Kate Middleton, Nick Jonas and More Stars Attend JUL 17, 2023 1:49 JUL 2, 2023 Prince George Eats Pizza and Smiles With Dad Prince William During Cricket Match JUL 2, 2023 1:26 JUN 20, 2023 Meghan Markle Accused of Faking Spotify Interviews After $20M Deal Abruptly Ends JUN 20, 2023 2:45 JUN 12, 2023 Prince William Responds After Troops Faint During Outdoor Rehearsal Ceremony JUN 12, 2023 Show More Movies 9:14 16M AGO 'The Iron Claw's True Story: Inside the Von Erich 'Curse' and Wrestling Family's Tragedies 16M AGO 8:15 DEC 22, 2023 'Rebel Moon': Djimon Hounsou and Staz Nair | Full Interview DEC 22, 2023 3:15 DEC 22, 2023 'Patch Adams' at 25: Robin Williams Praises Real Make-A-Wish Kids Who Starred in 1998 Dramedy DEC 22, 2023 3:19 DEC 22, 2023 'The Polar Express': Tom Hanks on CGI Characters and Christmas Memories (Flashback) DEC 22, 2023 8:40 DEC 22, 2023 'The Iron Claw': Von Erich Family Reacts to Kerry's Death, Pro Wrestlers Pay Tribute (Flashback) DEC 22, 2023 6:49 DEC 21, 2023 'Rebel Moon': Sofia Boutella and Ed Skrein | Full Interview DEC 21, 2023 4:00 DEC 21, 2023 'Rebel Moon': Ray Fisher Calls Post-'Justice League' Reunion With Zack Snyder a 'Homecoming' DEC 21, 2023 4:01 DEC 20, 2023 'Rebel Moon' Franchise: Zack Snyder Jokes He'll 'Make Everybody Mad at Some Point' (Exclusive) DEC 20, 2023 3:26 DEC 20, 2023 'Home Alone': Watch John Williams Play Music Score and Explain His 'Ballet' Inspiration (Flashback) DEC 20, 2023 16:55 DEC 19, 2023 ET's Movie Guide | What to Watch Over the Holidays DEC 19, 2023 18:29 DEC 19, 2023 ET Vault Unlocked: Tom Hanks | His 'Big' Journey to Nicest Guy in Hollywood DEC 19, 2023 8:01 DEC 19, 2023 Fantasia Barrino, Taraji P. Henson and Danielle Brooks on Expanding the Story of 'The Color Purple' DEC 19, 2023 16:34 DEC 18, 2023 Holiday Movie Classics | Behind-the-Scenes Secrets From 'A Christmas Story,' 'Elf' and More DEC 18, 2023 4:47 DEC 15, 2023 Charlie Hunnam Was Almost a ‘Star Wars’ Icon Years Before ‘Rebel Moon’ (Exclusive) DEC 15, 2023 18:15 DEC 15, 2023 ET Vault Unlocked: Denzel Washington | His Rise to Hollywood Titan DEC 15, 2023 3:13 DEC 15, 2023 'Prince of Egypt' Turns 25: Whitney Houston & Mariah Carey Talk 'When You Believe' (Flashback) DEC 15, 2023 8:05 DEC 15, 2023 'Ferrari': Adam Driver and Penélope Cruz on Transforming Into Their Characters (Exclusive) DEC 15, 2023 8:02 DEC 15, 2023 'Aquaman 2': Jason Momoa on His Future in DC Universe, Says Lobo Casting Would Be 'Really Cool' DEC 15, 2023 3:01 DEC 15, 2023 'Superman' Turns 45: Christopher Reeve Explains His Rom-Com Approach to Man of Steel (Flashback) DEC 15, 2023 1:34 DEC 14, 2023 Mark Wahlberg's Family Gives Him 'Crap' for Loving This Music Icon (Exclusive) DEC 14, 2023 Show More Inside Black Hollywood 12:18 DEC 8, 2023 'Sister Act 2' Turns 30: Watch Lauryn Hill Give Tour of Dorm Room and Talk Fugees (Flashback) DEC 8, 2023 3:06 DEC 7, 2023 A Celebration for 50 Years of Hip-Hop: Inside Fresh Prince and DJ Jazzy Jeff's Reunion and More! DEC 7, 2023 3:10 NOV 7, 2023 Tyler Perry Unexpectedly Chokes Up After Emotional Moment on 'The View' NOV 7, 2023 3:47 SEP 29, 2023 'Cool Runnings' Turns 30: Watch the Cast's On-Set Interviews in Jamaica (Flashback) SEP 29, 2023 3:34 SEP 19, 2023 'The Fighting Temptations' Turns 15: Beyoncé Calls Gospel 'Most Powerful' Type of Music (Flashback) SEP 19, 2023 3:04 JUN 28, 2023 Watch Tia Mowry's Brother React to Surprise Visit With Their Father JUN 28, 2023 3:12 MAY 26, 2023 Kevin Hart's Daughter Heaven Cries After He Gifts Her a Car for Graduation MAY 26, 2023 3:30 MAY 6, 2023 Pretty Yende Reflects on ‘Wonderful’ Experience at King Charles’ Coronation (Exclusive) MAY 6, 2023 2:04 APR 25, 2023 'College Hill' Trailer: Ray J, Amber Rose and More Get Schooled in Season 2 of Celebrity Edition (Exclusive) APR 25, 2023 8:06 APR 21, 2023 Tupac Shakur Talks Music, Acting and Public Image in Rare Interviews (Flashback) APR 21, 2023 3:43 MAR 10, 2023 Sonequa Martin-Green on Michael's Future After 'Star Trek: Discovery’s Final Season (Exclusive) MAR 10, 2023 2:05 FEB 26, 2023 'Abbott Elementary's Sheryl Lee Ralph and Tyler James Williams React to SAG Awards Win (Exclusive) FEB 26, 2023 6:42 FEB 13, 2023 Sheryl Lee Ralph on Twinning With Rihanna During Super Bowl Performance (Exclusive) FEB 13, 2023 2:30 FEB 12, 2023 Super Bowl LVII: Babyface Reflects on 'America the Beautiful' Performance (Exclusive) FEB 12, 2023 5:00 FEB 8, 2023 Babyface on Taking Super Bowl and 'America the Beautiful' Performance 'Very Seriously' (Exclusive) FEB 8, 2023 3:19 FEB 5, 2023 GRAMMYs: Questlove Says Will Smith Dropped Out of Hip Hop 50 Tribute Last Minute (Exclusive) FEB 5, 2023 2:29 JAN 10, 2023 'Golden Globes': Janelle James on Sitting Near Brad Pitt and 'Abbott Elementary's Win (Exclusive) JAN 10, 2023 2:30 JAN 6, 2023 Angela Bassett Used to Send Handwritten Cards to Promote Early Acting Gigs (Exclusive) JAN 6, 2023 9:53 DEC 16, 2022 Remembering Whitney Houston: Inside Her Rise to Fame DEC 16, 2022 2:27 NOV 21, 2022 Angela Bassett on Michael B. Jordan’s ‘Black Panther’ Cameo and Her Possible Oscar Nom (Exclusive) NOV 21, 2022 Show More View All",
    "highlightText": "",
    "highlightTitle": "",
    "highlightThreadTitle": "",
    "language": "english",
    "sentiment": "positive",
    "categories": [
        "Arts, Culture and Entertainment",
        "Human Interest"
    ],
    "external_links": [],
    "external_images": [],
    "entities": {
        "persons": [
            {
                "name": "serena williams",
                "sentiment": "positive"
            },
            {
                "name": "olympia give baby adira",
                "sentiment": "positive"
            },
            {
                "name": "bryan tanaka",
                "sentiment": "none"
            },
            {
                "name": "kate",
                "sentiment": "none"
            },
            {
                "name": "anthony",
                "sentiment": "none"
            },
            {
                "name": "mariah carey",
                "sentiment": "none"
            },
            {
                "name": "gypsy rose blanchard",
                "sentiment": "none"
            },
            {
                "name": "von erich",
                "sentiment": "none"
            },
            {
                "name": "jill martin",
                "sentiment": "none"
            }
        ],
        "organizations": [
            {
                "name": "anti-semitic rants ahead of album release tv",
                "sentiment": "none"
            },
            {
                "name": "cher files for conservatorship of son elijah blue allman dec",
                "sentiment": "none"
            }
        ],
        "locations": []
    },
    "rating": null,
    "crawled": "2023-12-29T00:22:43.058+02:00",
    "updated": "2023-12-29T00:22:43.058+02:00"
}