{
    "thread": {
        "uuid": "a216a08eee9e17d200615d1ab7a30ac3ce46cd17",
        "url": "https://www.newshub.co.nz/home/sport/2023/12/netball-silver-ferns-taking-forward-thinking-approach-to-motherhood-as-senior-players-put-family-first.html",
        "site_full": "www.newshub.co.nz",
        "site": "newshub.co.nz",
        "site_section": "https://newshub.co.nz/home/video.html",
        "site_categories": [
            "media"
        ],
        "section_title": "Newshub Video | Newshub",
        "title": "Netball: Silver Ferns taking forward-thinking approach to motherhood as senior players put family first | Newshub",
        "title_full": "Netball: Silver Ferns taking forward-thinking approach to motherhood as senior players put family first | Newshub",
        "published": "2023-12-29T00:07:00.000+02:00",
        "replies_count": 0,
        "participants_count": 1,
        "site_type": "news",
        "country": "NZ",
        "main_image": "https://www.newshub.co.nz/home/sport/2023/12/netball-silver-ferns-taking-forward-thinking-approach-to-motherhood-as-senior-players-put-family-first/_jcr_content/par/video/image.dynimg.1280.q75.jpg/v1703801268529/291223_noeline_ekenasio_photosport.jpg",
        "performance_score": 0,
        "domain_rank": 7276,
        "domain_rank_updated": "2023-12-26T12:06:20.000+02:00",
        "reach": null,
        "social": {
            "facebook": {
                "likes": 0,
                "comments": 0,
                "shares": 1
            },
            "gplus": {
                "shares": 0
            },
            "pinterest": {
                "shares": 0
            },
            "linkedin": {
                "shares": 0
            },
            "stumbledupon": {
                "shares": 0
            },
            "vk": {
                "shares": 0
            }
        }
    },
    "uuid": "a216a08eee9e17d200615d1ab7a30ac3ce46cd17",
    "url": "https://www.newshub.co.nz/home/sport/2023/12/netball-silver-ferns-taking-forward-thinking-approach-to-motherhood-as-senior-players-put-family-first.html",
    "ord_in_thread": 0,
    "parent_url": null,
    "author": "Natasha Payne",
    "published": "2023-12-29T00:07:00.000+02:00",
    "title": "Netball: Silver Ferns taking forward-thinking approach to motherhood as senior players put family first | Newshub",
    "text": "The Silver Ferns are putting their families first. Credits: Image - Photosport; Video - Newshub\nWhen the Silver Ferns head to next month's Netball Nations Cup in England, they'll be without several senior players.\nA few regulars are taking sabbaticals, while others are putting family first – with the blessing of Netball New Zealand.\nNetball NZ and the Silver Ferns coaching staff pride themselves on supporting the mothers within the players group, it also comes with a catch.\nThe Silver Ferns have a fresh look to them this summer, with a number of young players given the chance to prove their skills in the Nations Cup.\n\"I think it's a real energy boost for us, well for us as the oldies,\" captain Phoenix Karaka told Newshub. \"The confidence that they bring in themselves is huge.\"\nKaraka will captain the team in place of Ameliaranne Ekenasio, who has chosen to spend time with her two children.\nEarlier this month, Ekenasio told Newshub how hard it is to be both a netballer and a mum.\n\"The juggle of having a family just takes its toll in every single way,\" she said at the time.\nEkenasio won't be the only experienced player missing in the UK, either.\nMore from Newshub\nTough fitness standards claim three notable victims amid Silver Ferns selections\n'Make it about myself': Ferns captain Ekenasio makes tough call on Taurua coaching quandary Mother of one Jane Watson is unavailable due to family reasons, while Shannon Saunders only gave birth nine months ago.\n\"We are a female sport, and it is a big demand,\" said assistant coach Deb Fuller.\nA demand Netball New Zealand has worked hard to address.\nPlaying mothers now stay contracted, are kept in the Silver Ferns programme and are treated the same as if they were injured - all with their playing future in mind.\n\"I feel that sets us apart to some degree from other high-performance environments, where if you can't perform, that's it, you're out,\" Dame Noeline Taurua told Newshub.\nBut allowing athletes to have such flexibility can put pressure on the system, and for the Silver Ferns, building depth is a work in progress.\n\"You want to have a massive foundation of quality players that can fill those gaps when other players exit,\" added Fuller.\n\"I don't think we have that right now.\"\nBut January's series will be a great chance for those players to get that experience so when mothers step aside, they're ready to step up.",
    "highlightText": "",
    "highlightTitle": "",
    "highlightThreadTitle": "",
    "language": "english",
    "sentiment": "positive",
    "categories": [
        "Human Interest",
        "Lifestyle and Leisure"
    ],
    "external_links": [
        "http://twitter.com/share?text=Netball%3A+Silver+Ferns+taking+forward-thinking+approach+to+motherhood+as+senior+players+put+family+first&url=https://www.newshub.co.nz/home/sport/2023/12/netball-silver-ferns-taking-forward-thinking-approach-to-motherhood-as-senior-players-put-family-first.html",
        "https://www.facebook.com/sharer/sharer.php?u=https://www.newshub.co.nz/home/sport/2023/12/netball-silver-ferns-taking-forward-thinking-approach-to-motherhood-as-senior-players-put-family-first.html",
        "http://twitter.com/share?text=Netball%3A+Silver+Ferns+taking+forward-thinking+approach+to+motherhood+as+senior+players+put+family+first&url=https://newshub.co.nz/home/sport/2023/12/netball-silver-ferns-taking-forward-thinking-approach-to-motherhood-as-senior-players-put-family-first.html",
        "https://www.facebook.com/sharer/sharer.php",
        "https://facebook.com/sharer/sharer.php?u=https://newshub.co.nz/home/sport/2023/12/netball-silver-ferns-taking-forward-thinking-approach-to-motherhood-as-senior-players-put-family-first.html",
        "http://twitter.com/share"
    ],
    "external_images": [],
    "entities": {
        "persons": [
            {
                "name": "newshub",
                "sentiment": "none"
            },
            {
                "name": "ekenasio",
                "sentiment": "none"
            },
            {
                "name": "phoenix karaka",
                "sentiment": "none"
            },
            {
                "name": "karaka",
                "sentiment": "none"
            }
        ],
        "organizations": [
            {
                "name": "silver ferns",
                "sentiment": "negative"
            },
            {
                "name": "netball nz",
                "sentiment": "none"
            }
        ],
        "locations": [
            {
                "name": "ameliaranne ekenasio",
                "sentiment": "none"
            },
            {
                "name": "netball new zealand",
                "sentiment": "none"
            },
            {
                "name": "england",
                "sentiment": "none"
            }
        ]
    },
    "rating": null,
    "crawled": "2023-12-29T00:18:46.401+02:00",
    "updated": "2023-12-29T00:18:46.401+02:00"
}