{
    "thread": {
        "uuid": "8be96a00af036f006815d2db1dac7d07ccafc649",
        "url": "https://entertainment.whatfinger.com/34-celebs-reveal-their-best-makeup-secrets-of-2023-vogue/",
        "site_full": "entertainment.whatfinger.com",
        "site": "whatfinger.com",
        "site_section": "https://entertainment.whatfinger.com",
        "site_categories": [],
        "section_title": "Entertainment News 24/7 Updates &#8211; Entertainment direct from all sources",
        "title": "34 Celebs Reveal Their Best Makeup Secrets of 2023 | Vogue – Entertainment News 24/7 Updates",
        "title_full": "34 Celebs Reveal Their Best Makeup Secrets of 2023 | Vogue – Entertainment News 24/7 Updates",
        "published": "2023-12-28T16:53:00.000+02:00",
        "replies_count": 0,
        "participants_count": 1,
        "site_type": "news",
        "country": "US",
        "main_image": "",
        "performance_score": 0,
        "domain_rank": 87941,
        "domain_rank_updated": "2023-12-26T12:06:35.000+02:00",
        "reach": null,
        "social": {
            "facebook": {
                "likes": 0,
                "comments": 0,
                "shares": 0
            },
            "gplus": {
                "shares": 0
            },
            "pinterest": {
                "shares": 0
            },
            "linkedin": {
                "shares": 0
            },
            "stumbledupon": {
                "shares": 0
            },
            "vk": {
                "shares": 0
            }
        }
    },
    "uuid": "8be96a00af036f006815d2db1dac7d07ccafc649",
    "url": "https://entertainment.whatfinger.com/34-celebs-reveal-their-best-makeup-secrets-of-2023-vogue/",
    "ord_in_thread": 0,
    "parent_url": null,
    "author": "Editor 4",
    "published": "2023-12-28T16:53:00.000+02:00",
    "title": "34 Celebs Reveal Their Best Makeup Secrets of 2023 | Vogue – Entertainment News 24/7 Updates",
    "text": "Recent tabs widget still need to be configured! Add tabs, add a title, and select type for each tab in widgets area. Facebook Twitter Instagram Thursday, December 28 Whatfinger® Breaking Videos Military Sports Humor Money Daily List World Daily Paper Sci-Tech Top 3 Community Chat GPT Choice Left Wing Clips About Search Top 10 Retirement Home » All news » 34 Celebs Reveal Their Best Makeup Secrets of 2023 | Vogue All news 34 Celebs Reveal Their Best Makeup Secrets of 2023 | Vogue By Editor 4 December 28, 2023 Updated: December 28, 2023 No Comments 1 Min Read Facebook Twitter Pinterest LinkedIn Tumblr Email Share Facebook Twitter LinkedIn Pinterest Email Share. Facebook Twitter Pinterest LinkedIn Tumblr Email Editor 4 Latest Posts i really need to come here more often December 28, 2023 What Happens As We Die? | Kathryn Mannix | TED December 28, 2023 Die Hard: Hilarious Moments and Bloopers You Didn’t See| OSSA December 28, 2023 The Tragic Real-Life Story Of Mayim Bialik December 28, 2023 The Tragedy Of Adam Sandler Is So Sad December 28, 2023 Nick Cannon Receives Unique Gift Featuring His 12 Kids December 28, 2023 Celine Dion’s History-Making Moments and the Disease Threatening Her Career | ET Vault Unlocked December 28, 2023 Simone Biles Seemingly Responds to Criticism Over Husband’s Relationship Comments December 28, 2023 Submit Type above and press Enter to search. Press Esc to cancel.",
    "highlightText": "",
    "highlightTitle": "",
    "highlightThreadTitle": "",
    "language": "english",
    "sentiment": "positive",
    "categories": [
        "Lifestyle and Leisure",
        "Human Interest",
        "Arts, Culture and Entertainment"
    ],
    "external_links": [],
    "external_images": [],
    "entities": {
        "persons": [
            {
                "name": "adam sandler",
                "sentiment": "none"
            },
            {
                "name": "kathryn mannix",
                "sentiment": "none"
            }
        ],
        "organizations": [
            {
                "name": "nick cannon receives unique gift featuring",
                "sentiment": "none"
            },
            {
                "name": "tech top",
                "sentiment": "none"
            },
            {
                "name": "gpt choice left wing clips about search top",
                "sentiment": "none"
            },
            {
                "name": "facebook twitter pinterest linkedin tumblr email",
                "sentiment": "none"
            },
            {
                "name": "facebook twitter instagram",
                "sentiment": "none"
            }
        ],
        "locations": []
    },
    "rating": null,
    "crawled": "2023-12-29T00:19:56.091+02:00",
    "updated": "2023-12-29T00:19:56.091+02:00"
}