{
    "thread": {
        "uuid": "a7fe858c70cb784137111d90ef496b6f50539ccf",
        "url": "https://www.cleveland19.com/video/2023/12/28/life-saving-first-responders/",
        "site_full": "www.cleveland19.com",
        "site": "cleveland19.com",
        "site_section": "http://www.cleveland19.com/meet-the-team",
        "site_categories": [
            "media"
        ],
        "section_title": "Meet the Team",
        "title": "Life-saving first responders",
        "title_full": "Life-saving first responders",
        "published": "2023-12-28T02:00:00.000+02:00",
        "replies_count": 0,
        "participants_count": 1,
        "site_type": "news",
        "country": "US",
        "main_image": "https://gray-woio-prod.cdn.arcpublishing.com/resizer/v2/https%3A%2F%2Fdo0bihdskp9dy.cloudfront.net%2F12-28-2023%2Ft_f06a7cf5be1b4cdd813f49efce4ed7e3_name_file_1280x720_2000_v3_1_.jpg?auth=3cebd1280ceb79ef2fecb7f30d50ce58e938fd0c78096bedf882e49ca0d57ad4&amp;width=1200&amp;height=600&amp;smart=true",
        "performance_score": 0,
        "domain_rank": 15274,
        "domain_rank_updated": "2023-12-26T12:06:20.000+02:00",
        "reach": null,
        "social": {
            "facebook": {
                "likes": 0,
                "comments": 0,
                "shares": 0
            },
            "gplus": {
                "shares": 0
            },
            "pinterest": {
                "shares": 0
            },
            "linkedin": {
                "shares": 0
            },
            "stumbledupon": {
                "shares": 0
            },
            "vk": {
                "shares": 0
            }
        }
    },
    "uuid": "a7fe858c70cb784137111d90ef496b6f50539ccf",
    "url": "https://www.cleveland19.com/video/2023/12/28/life-saving-first-responders/",
    "ord_in_thread": 0,
    "parent_url": null,
    "author": "@Cleveland19",
    "published": "2023-12-28T02:00:00.000+02:00",
    "title": "Life-saving first responders",
    "text": "Skip to content News Live First Alert Weather Video Closings Sports Seen On TV Telemundo CLE Podcasts Home Watch Live Seen On Contests Deals Submit Photos & Video Sign Up For Our Newsletter News Download News App Crime Lights Out in the Land Cuyahoga's Most Wanted Scam Squad The Next 400 National Video Download Streaming Apps Live Newscasts Latest News Videos 19 News This Morning Drone 19 19 News Now 19 Investigates 19 Solutions Team 19 Troubleshooters Unidentified To Catch a Killer Podcasts Dark Side of the Land Podcast Off the Leash Podcast First Alert Weather Radar Closings Download Weather App First Alert Camera Network 19 First Alert Safety Guide First Alert Science School Traffic Gas Prices Sports Cleveland Browns Cleveland Cavaliers Cleveland Guardians Ohio State Tailgate 19 Friday Football Frenzy Off the Leash Operation Orange Stats & Predictions How to Watch Health Vaccine Health Updates Go Red Breast Cancer Spot The Signs Opioid Crisis Food Cleveland Cooks Taste Buds Community Military Greetings Share Your Holidays CLE Weekend CW 43 Focus Submit Photos & Video Cleveland Now Sponsor Spotlight Programming Schedule CW43 Cleveland Report a Service Outage About Us Contact Us Meet the Team Request an Emcee Internships Careers InvestigateTV Gray DC Bureau Circle - Country Music & Lifestyle Latest Newscasts PowerNation Press Releases Life-saving first responders Updated: 2 hours ago Share on Facebook Email This Link Share on X (formerly Twitter) Share on Pinterest Share on LinkedIn News MG 4pm Weather Update - WOIO Updated: moments ago News Humane Society of Summit County reduces adoption fees for extended-stay animals Updated: 2 hours ago News Preparing for annual Popcorn Ball Drop Updated: 2 hours ago News Northeast Ohio Weather: A few showers left Thursday, cloudy and mild Updated: 5 hours ago News Operation Orange: Miles can't separate fans from the Browns Updated: 6 hours ago",
    "highlightText": "",
    "highlightTitle": "",
    "highlightThreadTitle": "",
    "language": "english",
    "sentiment": "positive",
    "categories": [
        "Human Interest"
    ],
    "external_links": [],
    "external_images": [],
    "entities": {
        "persons": [],
        "organizations": [
            {
                "name": "land cuyahoga",
                "sentiment": "none"
            },
            {
                "name": "leash operation orange stats & predictions how",
                "sentiment": "none"
            },
            {
                "name": "focus submit photos & video cleveland now",
                "sentiment": "none"
            },
            {
                "name": "signs opioid crisis food cleveland cooks taste buds community military",
                "sentiment": "none"
            }
        ],
        "locations": []
    },
    "rating": null,
    "crawled": "2023-12-29T00:07:13.342+02:00",
    "updated": "2023-12-29T00:07:13.342+02:00"
}