{
    "thread": {
        "uuid": "9c786e2176b1c9ad521fc368729875377f1091e9",
        "url": "https://www.iheart.com/content/2023-12-28-the-most-memorable-dining-experience-in-north-carolina/",
        "site_full": "www.iheart.com",
        "site": "iheart.com",
        "site_section": "https://wwnc.iheart.com",
        "site_categories": [
            "non_standard_content"
        ],
        "section_title": "News Radio 570 WWNC - Western North Carolina&#x27;s News &amp; Information Station",
        "title": "This Is The 'Most Memorable Dining Experience' In North Carolina | News Radio 570 WWNC",
        "title_full": "This Is The 'Most Memorable Dining Experience' In North Carolina | News Radio 570 WWNC",
        "published": "2023-12-28T22:26:00.000+02:00",
        "replies_count": 0,
        "participants_count": 1,
        "site_type": "news",
        "country": "US",
        "main_image": "https://i.iheart.com/v3/re/new_assets/658ddb2f3051e2ae51b5502b?ops=gravity(%22north%22),fit(1200,675),quality(65)",
        "performance_score": 0,
        "domain_rank": 853,
        "domain_rank_updated": "2023-12-26T12:06:20.000+02:00",
        "reach": null,
        "social": {
            "facebook": {
                "likes": 0,
                "comments": 0,
                "shares": 0
            },
            "gplus": {
                "shares": 0
            },
            "pinterest": {
                "shares": 0
            },
            "linkedin": {
                "shares": 0
            },
            "stumbledupon": {
                "shares": 0
            },
            "vk": {
                "shares": 0
            }
        }
    },
    "uuid": "9c786e2176b1c9ad521fc368729875377f1091e9",
    "url": "https://www.iheart.com/content/2023-12-28-the-most-memorable-dining-experience-in-north-carolina/",
    "ord_in_thread": 0,
    "parent_url": null,
    "author": "Sarah Tate",
    "published": "2023-12-28T22:26:00.000+02:00",
    "title": "This Is The 'Most Memorable Dining Experience' In North Carolina | News Radio 570 WWNC",
    "text": "When choosing a restaurant to enjoy a nice meal , most people base their decision on the price or variety of menu options. Sometimes, however, you may want to make an evening out of it and have a truly unique experience. Using reviews, awards and accolades, and first-hand experience, LoveFood compiled a list of the restaurant in each state providing the \"most memorable dining experience\" and serving \"unforgettable eats.\"\nSo where can you have the most memorable dining experience in all of North Carolina ?\nThe Dining Room at Biltmore Estate\nA visit to Biltmore Estate in Asheville is an adventure in itself, but it can be made even better by enjoying a delicious meal in the gorgeous dining room. Biltmore Estate is located at 1 Lodge Street.\nHere's what the site had to say:\n\"Possibly North Carolina's most sought-after attraction, Biltmore Estate captures tourists' interest thanks to its sumptuous tangle of rooms and swooping, manicured grounds. But it should also draw foodies in, too; the mansion's Dining Room serves a fine roster of dishes, all set out on neat white tablecloths. Embrace the opulence and plump for options such as lobster cioppino (a kind of fish stew) or porcini mushroom and squash ravioli.\" Check out the full list at lovefood.com to see more restaurants around the country that are sure to leave a lasting impression.",
    "highlightText": "",
    "highlightTitle": "",
    "highlightThreadTitle": "",
    "language": "english",
    "sentiment": "positive",
    "categories": [
        "Lifestyle and Leisure",
        "Human Interest"
    ],
    "external_links": [
        "https://www.lovefood.com/gallerylist/214808/the-most-memorable-dining-experience-in-every-us-state",
        "https://www.biltmore.com/restaurant/the-dining-room/",
        "https://lovefood.com/gallerylist/214808/the-most-memorable-dining-experience-in-every-us-state",
        "https://www.biltmore.com/restaurant/the-dining-room",
        "https://biltmore.com/restaurant/the-dining-room/"
    ],
    "external_images": [],
    "entities": {
        "persons": [],
        "organizations": [
            {
                "name": "biltmore estate",
                "sentiment": "none"
            }
        ],
        "locations": [
            {
                "name": "north carolina",
                "sentiment": "none"
            },
            {
                "name": "lodge street",
                "sentiment": "none"
            },
            {
                "name": "asheville",
                "sentiment": "none"
            }
        ]
    },
    "rating": null,
    "crawled": "2023-12-29T00:07:57.958+02:00",
    "updated": "2023-12-29T00:28:58.493+02:00"
}