{
    "thread": {
        "uuid": "5dc738caadd299e6982087c3813b804322c74427",
        "url": "https://www.bollyinside.com/news/business-news/houghton-and-hancock-prepare-for-new-years-2024-celebrations-with-sparkling-wine-tasting-and-chook-drop-event/",
        "site_full": "www.bollyinside.com",
        "site": "bollyinside.com",
        "site_section": "https://www.bollyinside.com/feed/",
        "site_categories": [
            "media"
        ],
        "section_title": "Bollyinside &#8211; Breaking &amp; latest News worldwide",
        "title": "Houghton and Hancock Prepare for New Year’s 2024 Celebrations with Sparkling Wine Tasting and ‘Chook Drop’ Event",
        "title_full": "Houghton and Hancock Prepare for New Year’s 2024 Celebrations with Sparkling Wine Tasting and ‘Chook Drop’ Event",
        "published": "2023-12-29T00:13:00.000+02:00",
        "replies_count": 0,
        "participants_count": 1,
        "site_type": "news",
        "country": "US",
        "main_image": "https://cdn.bollyinside.com/wp-content/uploads/2020/08/default-bollyinside.png.webp",
        "performance_score": 0,
        "domain_rank": 26372,
        "domain_rank_updated": "2023-12-26T12:06:20.000+02:00",
        "reach": null,
        "social": {
            "facebook": {
                "likes": 0,
                "comments": 0,
                "shares": 0
            },
            "gplus": {
                "shares": 0
            },
            "pinterest": {
                "shares": 0
            },
            "linkedin": {
                "shares": 0
            },
            "stumbledupon": {
                "shares": 0
            },
            "vk": {
                "shares": 0
            }
        }
    },
    "uuid": "5dc738caadd299e6982087c3813b804322c74427",
    "url": "https://www.bollyinside.com/news/business-news/houghton-and-hancock-prepare-for-new-years-2024-celebrations-with-sparkling-wine-tasting-and-chook-drop-event/",
    "ord_in_thread": 0,
    "parent_url": null,
    "author": "Marissa Blackwood",
    "published": "2023-12-29T00:13:00.000+02:00",
    "title": "Houghton and Hancock Prepare for New Year’s 2024 Celebrations with Sparkling Wine Tasting and ‘Chook Drop’ Event",
    "text": "Houghton and Hancock Gear Up for New Year’s Weekend Celebrations in 2024\nSparkling Wine Tasting at Keweenaw Co-op\nOn Saturday, the Keweenaw Co-op will be hosting a Sparkling Wine Tasting event, featuring a French Brut, a White Lambrusco, and a Grace Brut Rose from Mawby Winery. In addition to wines, there will also be grape beer and sparkling teas available for sampling. This is a great opportunity to try something new for the start of the new year, and the sampling will run from noon until 2:00 p.m.\nChook Drop Event on the Downtown Waterfront Pier\nOn Sunday evening, the City of Houghton and Visit Keweenaw will be hosting a unique New Year’s arrival event on the downtown waterfront pier. The event, known as the ‘Chook Drop’, will involve dropping a large Chook hat at midnight to ring in 2024. Attendees are encouraged to arrive by at least 11:30 p.m. for the full experience, which will include live music and mingling with fellow chook-drop watchers.\nCelebrate the New Year Outdoors\nThe Chook Drop event provides a great alternative for people on New Year’s Eve, allowing them to enjoy live music and outdoor festivities. This event is a unique way to welcome the new year and is sure to be a memorable experience for all who attend.\nCopyright 2023 WLUC. All rights reserved.",
    "highlightText": "",
    "highlightTitle": "",
    "highlightThreadTitle": "",
    "language": "english",
    "sentiment": "positive",
    "categories": [
        "Lifestyle and Leisure",
        "Human Interest",
        "Arts, Culture and Entertainment"
    ],
    "external_links": [],
    "external_images": [],
    "entities": {
        "persons": [
            {
                "name": "hancock",
                "sentiment": "negative"
            },
            {
                "name": "houghton",
                "sentiment": "negative"
            },
            {
                "name": "chook",
                "sentiment": "none"
            }
        ],
        "organizations": [],
        "locations": [
            {
                "name": "keweenaw co-op",
                "sentiment": "none"
            },
            {
                "name": "white lambrusco",
                "sentiment": "none"
            },
            {
                "name": "keweenaw",
                "sentiment": "none"
            },
            {
                "name": "houghton",
                "sentiment": "none"
            }
        ]
    },
    "rating": null,
    "crawled": "2023-12-29T00:18:57.145+02:00",
    "updated": "2023-12-29T00:18:57.145+02:00"
}