{
    "thread": {
        "uuid": "4af90bf671b9310f3f89004c23e84977e9b61163",
        "url": "https://www.canalrcn.com/super-like/gente/anitta-enamoro-con-cautivador-baile-en-la-piscina-188340",
        "site_full": "www.canalrcn.com",
        "site": "canalrcn.com",
        "site_section": "https://www.canalrcn.com",
        "site_categories": [
            "hobbies_and_interests",
            "candle_and_soap_making"
        ],
        "section_title": "Canal RCN",
        "title": "Anitta enamorÃ³ con cautivador baile en la piscina",
        "title_full": "Anitta enamorÃ³ con cautivador baile en la piscina",
        "published": "2023-12-28T23:55:00.000+02:00",
        "replies_count": 0,
        "participants_count": 1,
        "site_type": "news",
        "country": "CO",
        "main_image": "https://imagenes.canalrcn.com/lomaslike/anitta-cautivo-con-baile-en-la-piscina-video-instagram.webp?VersionId=DnN2fpaIT0hpi2CQQ27HChyyHmstFN6B",
        "performance_score": 0,
        "domain_rank": 61414,
        "domain_rank_updated": "2023-12-26T12:06:25.000+02:00",
        "reach": null,
        "social": {
            "facebook": {
                "likes": 0,
                "comments": 0,
                "shares": 0
            },
            "gplus": {
                "shares": 0
            },
            "pinterest": {
                "shares": 0
            },
            "linkedin": {
                "shares": 0
            },
            "stumbledupon": {
                "shares": 0
            },
            "vk": {
                "shares": 0
            }
        }
    },
    "uuid": "4af90bf671b9310f3f89004c23e84977e9b61163",
    "url": "https://www.canalrcn.com/super-like/gente/anitta-enamoro-con-cautivador-baile-en-la-piscina-188340",
    "ord_in_thread": 0,
    "parent_url": null,
    "author": "canalrcn.com",
    "published": "2023-12-28T23:55:00.000+02:00",
    "title": "Anitta enamorÃ³ con cautivador baile en la piscina",
    "text": "La cantante Anitta revelÃ³ a sus millones de fanÃ¡ticos un cautivador baile en medio de sus vacaciones de fin de aÃ±o. Anitta mostrÃ³ cÃ³mo disfruta de sus vacaciones A travÃ©s de su cuenta de Instagram , donde tiene cerca de 65 millones de seguidores, compartiÃ³ un video en el que se mostrÃ³ en un paradisiaco lugar disfrutando de una gran tarde en la piscina.\nNo dejes de leer\nLele Pons y Anitta paralizan las redes al mostrarse esquiando en toalla en Aspen AsÃ­ celebra Anitta el auge global del funk brasileÃ±o en 2023 En la grabaciÃ³n se dejÃ³ ver luciendo un traje de playa, con el que logrÃ³ resaltar su figura, acaparando las miradas de sus fieles admiradores.\nRealizando sus mejores movimientos de cadera, celebrÃ³ el Ã©xito que estÃ¡ teniendo su canciÃ³n titulada â€˜Bellakeoâ€™ junto al artista mexicano Peso Pluma, cuyo video oficial suma mÃ¡s de 42 millones de reproducciones en YouTube.\nâ€œBella keo keo keo en el TOP 10 global, Brasilâ€�, escribiÃ³ en la descripciÃ³n de la publicaciÃ³n.",
    "highlightText": "",
    "highlightTitle": "",
    "highlightThreadTitle": "",
    "language": "spanish",
    "sentiment": "positive",
    "categories": [
        "Lifestyle and Leisure",
        "Arts, Culture and Entertainment",
        "Human Interest"
    ],
    "external_links": [],
    "external_images": [],
    "entities": {
        "persons": [],
        "organizations": [],
        "locations": []
    },
    "rating": null,
    "crawled": "2023-12-29T00:21:19.391+02:00",
    "updated": "2023-12-29T00:21:19.391+02:00"
}