{
    "thread": {
        "uuid": "f107b2513e274ab7922b691d80b27e00d1cea886",
        "url": "https://yr.media/identity/lgbtq/gen-z-queer-lgbtqia-labels-noumaan-faiz/",
        "site_full": "yr.media",
        "site": "yr.media",
        "site_section": "https://yr.media/feed",
        "site_categories": [
            "media"
        ],
        "section_title": "YR Media",
        "title": "Gen Z Queer Community Wants Less Labels",
        "title_full": "Gen Z Queer Community Wants Less Labels",
        "published": "2023-12-29T00:00:00.000+02:00",
        "replies_count": 0,
        "participants_count": 1,
        "site_type": "news",
        "country": "US",
        "main_image": "https://yr.media/wp-content/uploads/2023/12/queer-lgbtqia-nonbinary-labels-heart-hands-GETTY-IMAGES.jpg",
        "performance_score": 0,
        "domain_rank": 75111,
        "domain_rank_updated": "2023-12-26T12:06:25.000+02:00",
        "reach": null,
        "social": {
            "facebook": {
                "likes": 0,
                "comments": 0,
                "shares": 0
            },
            "gplus": {
                "shares": 0
            },
            "pinterest": {
                "shares": 0
            },
            "linkedin": {
                "shares": 0
            },
            "stumbledupon": {
                "shares": 0
            },
            "vk": {
                "shares": 0
            }
        }
    },
    "uuid": "f107b2513e274ab7922b691d80b27e00d1cea886",
    "url": "https://yr.media/identity/lgbtq/gen-z-queer-lgbtqia-labels-noumaan-faiz/",
    "ord_in_thread": 0,
    "parent_url": null,
    "author": "Kathy Chaney",
    "published": "2023-12-29T00:00:00.000+02:00",
    "title": "Gen Z Queer Community Wants Less Labels",
    "text": "[California](https://yr.media/locations/california/); [Hayward](https://yr.media/locations/hayward-california/) — In the evolving landscape of sexual identity, Gen Z stands out as a trailblazing cohort, not only for its high representation of LGBTQIA+ individuals, but also for its inclination towards embracing ambiguous labels. The [study](https://www.msn.com/en-us/lifestyle/lifestyle-buzz/more-gen-zers-identify-as-queer-and-bisexual-than-other-generations-and-some-are-losing-the-labels-altogether/ar-AA1lvqEl), encompassing individuals aged 18 to 26, unveils a distinctive trend among Gen Z, with a substantial 26% identifying as \"something other than straight.\" This starkly contrasts with 15% of Millennials, 11% of Gen X, and a mere 7% of Baby Boomers who share this sentiment, according to [Yahoo News](https://www.yahoo.com/news/gen-z-most-queer-generation-123139321.html). What distinguishes Gen Z even further is its preference for unspecific labels, notably the umbrella term \"queer.\" Five percent of Gen Z respondents self-identify as queer, a noteworthy contrast to the 1% reported by Millennials and Gen X, and less than 1% among Boomers. This shift towards embracing broader categories may signify a departure from more traditional and specific labels. The study also sheds light on Gen Z's embrace of the \"bisexual\" label, a term that reflects a departure from binary classifications. Thirteen percent of Gen Z individuals identify as bisexual, in contrast to 7% of Millennials and 4% of Gen X, with only 1% of Boomers embracing this label. However, researchers caution against interpreting this as a surge in bisexuality within the generation, suggesting instead that Gen Z might feel more at ease openly discussing their sexual orientation. Importantly, the data reveals the fluidity of sexual identity among Gen Z, as many respondents express a willingness to alternate between labels based on the context. The term \"queer\" is particularly favored, often used in conjunction with more specific descriptors like \"lesbian\" or \"gay.\" Respondents note the nuanced political and inclusive connotations attached to certain labels, showcasing a sophisticated understanding of the evolving discourse surrounding sexual identity. Ultimately, the research underscores the progressive and open-minded approach of Gen Z towards sexuality, epitomizing a generation unafraid of change and embracing the diversity and fluidity that characterize contemporary discussions around sexual orientation. Noumaan Faiz, (he/him) is a journalist and entertainer from Hayward, CA who covers culture and entertainment. Edited by Nykeya Woods [donate now](/donate) [donate now](/donate)",
    "highlightText": "",
    "highlightTitle": "",
    "highlightThreadTitle": "",
    "language": "english",
    "sentiment": "positive",
    "categories": [
        "Lifestyle and Leisure",
        "Social Issue",
        "Human Interest"
    ],
    "external_links": [
        "https://msn.com/en-us/lifestyle/lifestyle-buzz/more-gen-zers-identify-as-queer-and-bisexual-than-other-generations-and-some-are-losing-the-labels-altogether/ar-AA1lvqEl",
        "https://www.msn.com/en-us/lifestyle/lifestyle-buzz/more-gen-zers-identify-as-queer-and-bisexual-than-other-generations-and-some-are-losing-the-labels-altogether/ar-AA1lvqEl",
        "https://yahoo.com/news/gen-z-most-queer-generation-123139321.html",
        "https://www.yahoo.com/news/gen-z-most-queer-generation-123139321.html"
    ],
    "external_images": [],
    "entities": {
        "persons": [],
        "organizations": [
            {
                "name": "yahoo news",
                "sentiment": "none"
            }
        ],
        "locations": [
            {
                "name": "california",
                "sentiment": "none"
            }
        ]
    },
    "rating": null,
    "crawled": "2023-12-29T00:12:55.437+02:00",
    "updated": "2023-12-29T00:43:54.726+02:00"
}