{
    "thread": {
        "uuid": "2b37282542c865c54c9f3e2586d9089978d916a3",
        "url": "https://www.dvidshub.net/image/8183047/2023-cleveland-national-air-show",
        "site_full": "www.dvidshub.net",
        "site": "dvidshub.net",
        "site_section": "https://www.dvidshub.net/rss/image",
        "site_categories": [
            "media"
        ],
        "section_title": "DVIDS RSS Feed: Image",
        "title": "2023 Cleveland National Air Show [Image 8 of 18]",
        "title_full": "2023 Cleveland National Air Show [Image 8 of 18]",
        "published": "2023-12-29T00:09:00.000+02:00",
        "replies_count": 0,
        "participants_count": 1,
        "site_type": "news",
        "country": "US",
        "main_image": "https://d1ldvf68ux039x.cloudfront.net/thumbs/photos/2312/8183047/1000w_q95.jpg",
        "performance_score": 0,
        "domain_rank": 5446,
        "domain_rank_updated": "2023-12-26T12:06:20.000+02:00",
        "reach": null,
        "social": {
            "facebook": {
                "likes": 0,
                "comments": 0,
                "shares": 0
            },
            "gplus": {
                "shares": 0
            },
            "pinterest": {
                "shares": 0
            },
            "linkedin": {
                "shares": 0
            },
            "stumbledupon": {
                "shares": 0
            },
            "vk": {
                "shares": 0
            }
        }
    },
    "uuid": "2b37282542c865c54c9f3e2586d9089978d916a3",
    "url": "https://www.dvidshub.net/image/8183047/2023-cleveland-national-air-show",
    "ord_in_thread": 0,
    "parent_url": null,
    "author": "Staff Sgt. Jacob Derry",
    "published": "2023-12-29T00:09:00.000+02:00",
    "title": "2023 Cleveland National Air Show [Image 8 of 18]",
    "text": "The U.S. Air Force Air Demonstration Squadron “Thunderbirds” perform during the Cleveland National Air Show at Cleveland, Ohio, Sept. 2, 2023. The Thunderbirds aim to strengthen morale and support community relations by executing difficult aerial performances during airshows and other events. The Thunderbirds headlined the three-day event to demonstrate the pride, precision, and professionalism of nearly 700,000 Total Force Airmen across the globe. The Cleveland National Air Show is one of the oldest and most established annual air shows in the country starting with the National Air Races from 1929 to 1949 and continuing with the current-day air show from 1964 to present day. The air show is held every Labor Day weekend and attracts more than 100,000 spectators to Burke Lakefront Airport located along the shores of Lake Erie. (U.S. Air Force photo by Staff Sgt. Jacob B. Derry)\n|Date Taken:||09.02.2023|\n|Date Posted:||12.28.2023 17:09|\n|Photo ID:||8183047|\n|VIRIN:||230902-F-YG657-2504|\n|Resolution:||8961x5974|\n|Size:||5.52 MB|\n|Location:||CLEVELAND, OH, US|\n|Web Views:||1|\n|Downloads:||0|\nThis work, 2023 Cleveland National Air Show [Image 18 of 18], by\n[SSgt Jacob Derry](/portfolio/1529617/jacob-derry), identified by DVIDS, must comply with the restrictions shown on https://www.dvidshub.net/about/copyright.",
    "highlightText": "",
    "highlightTitle": "",
    "highlightThreadTitle": "",
    "language": "english",
    "sentiment": "positive",
    "categories": [
        "Lifestyle and Leisure",
        "Arts, Culture and Entertainment",
        "Human Interest"
    ],
    "external_links": [],
    "external_images": [],
    "entities": {
        "persons": [
            {
                "name": "jacob b. derry",
                "sentiment": "none"
            }
        ],
        "organizations": [
            {
                "name": "u.s. air force air demonstration squadron",
                "sentiment": "positive"
            },
            {
                "name": "cleveland national air show",
                "sentiment": "positive"
            },
            {
                "name": "u.s. air force",
                "sentiment": "none"
            },
            {
                "name": "thunderbirds",
                "sentiment": "none"
            },
            {
                "name": "national air races",
                "sentiment": "none"
            }
        ],
        "locations": [
            {
                "name": "cleveland",
                "sentiment": "none"
            },
            {
                "name": "lake erie",
                "sentiment": "none"
            },
            {
                "name": "cleveland",
                "sentiment": "none"
            },
            {
                "name": "ohio",
                "sentiment": "none"
            },
            {
                "name": "burke lakefront airport",
                "sentiment": "none"
            },
            {
                "name": "us",
                "sentiment": "none"
            }
        ]
    },
    "rating": null,
    "crawled": "2023-12-29T00:15:17.570+02:00",
    "updated": "2023-12-29T00:15:17.570+02:00"
}