{
    "thread": {
        "uuid": "a025c29513e6fbc530980d2f41a0ddd237bec461",
        "url": "https://www.antimusic.com/news/23/1228heart_reunite_for_pre-new_years_eve_show_in_highland_ca.shtml",
        "site_full": "www.antimusic.com",
        "site": "antimusic.com",
        "site_section": "http://feeds.feedburner.com/dayinrock",
        "site_categories": [
            "music",
            "non_standard_content",
            "entertainment"
        ],
        "section_title": "Day in Rock Report",
        "title": "Heart Reunite For Pre-New Year's Eve Show In Highland, Ca",
        "title_full": "Heart Reunite For Pre-New Year's Eve Show In Highland, Ca",
        "published": "2023-12-28T07:00:00.000+02:00",
        "replies_count": 0,
        "participants_count": 1,
        "site_type": "news",
        "country": "US",
        "main_image": "https://www.antimusic.com/news/photos/23/12/28/heart.jpg",
        "performance_score": 0,
        "domain_rank": 74152,
        "domain_rank_updated": "2023-12-26T12:06:25.000+02:00",
        "reach": null,
        "social": {
            "facebook": {
                "likes": 0,
                "comments": 0,
                "shares": 0
            },
            "gplus": {
                "shares": 0
            },
            "pinterest": {
                "shares": 0
            },
            "linkedin": {
                "shares": 0
            },
            "stumbledupon": {
                "shares": 0
            },
            "vk": {
                "shares": 0
            }
        }
    },
    "uuid": "a025c29513e6fbc530980d2f41a0ddd237bec461",
    "url": "https://www.antimusic.com/news/23/1228heart_reunite_for_pre-new_years_eve_show_in_highland_ca.shtml",
    "ord_in_thread": 0,
    "parent_url": null,
    "author": "antiMusic Staff",
    "published": "2023-12-28T07:00:00.000+02:00",
    "title": "Heart Reunite For Pre-New Year's Eve Show In Highland, Ca",
    "text": "Legendary sister rockers Heart reunited for their first concert together since 2019 when they took the stage at the Yaamava' Resort & Casino in Highland, Ca on Wednesday night (Dec. 27th).\nThe show was the first of a string of concert that Ann and Nancy Wilson led band have planned for this week. They will next rock Palm Desert, Ca tonight, followed by a hometown New Year's Eve performance in Seattle.\nFor Wednesday night's concert they rocked a 14-song set that was launched with \"Bebe La Strange\" and they wrapped up with an encore performance of the Led Zeppelin classic \"Stairway To Heaven\", according to Setlist.fm. Check out fan filmed video from the show\nhere.\nSteelheart Frontman Postponed Dates To Recovery From Heart Procedure - 2023 In Review Emerson, Lake and Palmer Legend Carl Palmer Underwent Heart Procedure - 2023 In Review Former Iron Maiden Singer Has Quadruple Heart Bypass Surgery - 2023 In Review Former Iron Maiden Vocalist Hospitalized Following Heart Attack - 2023 In Review\nAerosmith Aim To Resume Farewell Tour This Summer Or Fall- Heart Reunite For Pre-New Year's Eve Show In Highland, Ca- more Paramore Take Down Official Website and Wipe Social Media Accounts- Green Day To Rock Small Stage Concert- more Travel News, Trips and Tips: Wyoming Ice Festival Holiday Gift Guide: Last Minute Gifts - Music And More! Holiday Gift Guide: More Rock Reads - Queen, Fleetwood Mac, David Bowie and Sammy Hagar\nAerosmith Aim To Resume Farewell Tour This Summer Or Fall Heart Reunite For Pre-New Year's Eve Show In Highland, Ca Van Halen Doesn't Exist Anymore Says Wolfgang - 2023 In Review Iron Maiden Star Suffered Stroke - 2023 In Review The Band's Robbie Robertson Dead At 80 - 2023 In Review Carrie Underwood Rocked Guns N' Roses North American Tour - 2023 In Review David Coverdale and Jimmy Page In the Studio For Coverdale-Page's 30th Anniversary - 2023 In Review Queen Revisit An Unforgettable Moment On The Greatest Live - 2023 In Review",
    "highlightText": "",
    "highlightTitle": "",
    "highlightThreadTitle": "",
    "language": "english",
    "sentiment": "positive",
    "categories": [
        "Lifestyle and Leisure",
        "Human Interest",
        "Arts, Culture and Entertainment"
    ],
    "external_links": [
        "https://www.youtube.com/@ViaSolisSJC/videos",
        "https://youtube.com/@ViaSolisSJC/videos"
    ],
    "external_images": [],
    "entities": {
        "persons": [
            {
                "name": "ann",
                "sentiment": "none"
            },
            {
                "name": "palmer",
                "sentiment": "none"
            },
            {
                "name": "nancy wilson",
                "sentiment": "none"
            },
            {
                "name": "bebe la strange",
                "sentiment": "none"
            },
            {
                "name": "lake",
                "sentiment": "none"
            },
            {
                "name": "carl palmer",
                "sentiment": "none"
            }
        ],
        "organizations": [],
        "locations": [
            {
                "name": "highland",
                "sentiment": "none"
            },
            {
                "name": "palm desert",
                "sentiment": "none"
            },
            {
                "name": "seattle",
                "sentiment": "none"
            },
            {
                "name": "review emerson",
                "sentiment": "none"
            }
        ]
    },
    "rating": null,
    "crawled": "2023-12-29T00:09:26.129+02:00",
    "updated": "2023-12-29T00:09:26.129+02:00"
}