{
    "thread": {
        "uuid": "40f00eecaf5fec2391e1860f43cad4ff36f0820c",
        "url": "https://www.estadao.com.br/cultura/gilberto-amendola/suzana-pires-conta-que-marieta-severo-raspou-a-sua-cabeca-em-novo-filme-tinha-muito-afeto-ali/",
        "site_full": "www.estadao.com.br",
        "site": "estadao.com.br",
        "site_section": "http://cultura.estadao.com.br/",
        "site_categories": [
            "media",
            "law_government_and_politics",
            "politics"
        ],
        "section_title": "Cultura | Tudo sobre arte, música, cinema e mais - Estadão",
        "title": "Suzana Pires conta que Marieta Severo raspou a sua cabeça em novo filme: ‘Tinha muito afeto ali’ - Estadão",
        "title_full": "Suzana Pires conta que Marieta Severo raspou a sua cabeça em novo filme: ‘Tinha muito afeto ali’ - Estadão",
        "published": "2023-12-28T21:00:00.000+02:00",
        "replies_count": 0,
        "participants_count": 1,
        "site_type": "news",
        "country": "BR",
        "main_image": "https://www.estadao.com.br/resizer/ZNDv1pAwroEhI7rgu0IHXv-vjZs=/1200x630/filters:format(jpg):quality(80):focal(1004x440:1014x450)/cloudfront-us-east-1.images.arcpublishing.com/estadao/6TSLBRYSJRAHHMQIP5CW3VBTDI.jpg",
        "performance_score": 0,
        "domain_rank": 3155,
        "domain_rank_updated": "2023-12-26T12:06:20.000+02:00",
        "reach": null,
        "social": {
            "facebook": {
                "likes": 0,
                "comments": 0,
                "shares": 0
            },
            "gplus": {
                "shares": 0
            },
            "pinterest": {
                "shares": 0
            },
            "linkedin": {
                "shares": 0
            },
            "stumbledupon": {
                "shares": 0
            },
            "vk": {
                "shares": 0
            }
        }
    },
    "uuid": "40f00eecaf5fec2391e1860f43cad4ff36f0820c",
    "url": "https://www.estadao.com.br/cultura/gilberto-amendola/suzana-pires-conta-que-marieta-severo-raspou-a-sua-cabeca-em-novo-filme-tinha-muito-afeto-ali/",
    "ord_in_thread": 0,
    "parent_url": null,
    "author": "Paula Bonelli",
    "published": "2023-12-28T21:00:00.000+02:00",
    "title": "Suzana Pires conta que Marieta Severo raspou a sua cabeça em novo filme: ‘Tinha muito afeto ali’ - Estadão",
    "text": "Leia também\nErnesto Paglia retrata ‘sentinelas da mudança climática’ no Ártico em série do Globoplay\nSuzana Pires raspou o cabelo como Carolina Dieckmann em Laços de Família, em 2000 Foto: Mariana Vianna Quando questionada sobre a sensação, Suzana responde: “Muito tranquila, foi a Marieta Severo que raspou a maior parte da minha cabeça, com quem eu tive um uma relação profissional, maravilhosa e pessoal também. Então, tinha muito carinho ali, muito afeto envolvido e respeito pelo trabalho, e a Nathália Costa, que faz a minha filha, raspou o finalzinho”. Marieta Severo faz a mãe da personagem de Suzana no filme.\nA história do longa foi inspirada no blog “Estou com câncer, e daí?”, lançado em 2018, em que Clélia Bessa compartilhava com os leitores de forma bem-humorada as experiências com a doença. Suzana comenta sobre como o câncer afeta não só a pessoa, mas também a família e as possibilidades para o futuro. Ela destaca que entrar em contato com essas emoções foi muito intenso e requereu todo o seu foco. Por isso, ela optou por morar em um hotel durante as seis semanas de filmagem e preparação, deixando sua vida cotidiana para trás.\nUma das intenções do filme, segundo Suzana, é tirar a história do câncer de mama do lugar de batalha, de vencer ou perder, e trazer um olhar diferente sobre a doença. O título “Câncer com Ascendente em Virgem” dialoga com uma cena do longa. A personagem acaba de ter o diagnóstico de câncer de mama. Logo depois, ela está com um cara que conheceu em uma festa. Suzana está animada de uma maneira que nunca esteve antes. Ela puxa uma coreografia na festa e o cara acha ela incrível. Suzana, então, diz: ‘Cara, nem eu tô me reconhecendo. É porque eu tô com câncer.’ E o pretendente não ouve direito e pergunta: “Como?” E ela, para disfarçar, fala: ‘Eu sou de câncer com ascendente em virgem’. “A gente achou que essa frase dá uma outra compreensão do que pode ser essa doença, esse tratamento, e é algo engraçado e suave que também traz a seriedade com que a gente está falando da doença, então batizamos assim o título”, explica Suzana.\nAlém de atriz, Suzana Pires é uma das roteiristas do filme, e há 30 anos ela desempenha ambos os papéis. O filme ‘Câncer com Ascendente em Virgem’ está previsto para ser lançado em 2024, com direção de Rosane Svartmann.\nEncontrou algum erro? Entre em contato Compartilhe",
    "highlightText": "",
    "highlightTitle": "",
    "highlightThreadTitle": "",
    "language": "portuguese",
    "sentiment": "positive",
    "categories": [
        "Arts, Culture and Entertainment",
        "Environment",
        "Human Interest"
    ],
    "external_links": [
        "https://www.facebook.com/sharer/sharer.php?u=https://www.estadao.com.br/cultura/gilberto-amendola/suzana-pires-conta-que-marieta-severo-raspou-a-sua-cabeca-em-novo-filme-tinha-muito-afeto-ali/%3Futm_source%3Destadao%3Afacebook%26utm_medium%3Dlink",
        "https://www.linkedin.com/sharing/share-offsite/?url=https://www.estadao.com.br/cultura/gilberto-amendola/suzana-pires-conta-que-marieta-severo-raspou-a-sua-cabeca-em-novo-filme-tinha-muito-afeto-ali/%3Futm_source%3Destadao%3Alinkedin%26utm_medium%3Dlink",
        "https://twitter.com/intent/tweet?text=Suzana",
        "https://api.whatsapp.com/send?text=Suzana",
        "https://www.twitter.com/intent/tweet?text=Suzana",
        "https://api.whatsapp.com/send",
        "https://linkedin.com/sharing/share-offsite/?url=https://estadao.com.br/cultura/gilberto-amendola/suzana-pires-conta-que-marieta-severo-raspou-a-sua-cabeca-em-novo-filme-tinha-muito-afeto-ali/%3Futm_source%3Destadao%3Alinkedin%26utm_medium%3Dlink",
        "https://www.facebook.com/sharer/sharer.php",
        "https://twitter.com/intent/tweet",
        "https://www.api.whatsapp.com/send?text=Suzana",
        "https://www.linkedin.com/sharing/share-offsite/",
        "https://facebook.com/sharer/sharer.php?u=https://estadao.com.br/cultura/gilberto-amendola/suzana-pires-conta-que-marieta-severo-raspou-a-sua-cabeca-em-novo-filme-tinha-muito-afeto-ali/%3Futm_source%3Destadao%3Afacebook%26utm_medium%3Dlink"
    ],
    "external_images": [],
    "entities": {
        "persons": [],
        "organizations": [],
        "locations": []
    },
    "rating": null,
    "crawled": "2023-12-29T00:03:05.880+02:00",
    "updated": "2023-12-29T00:03:05.880+02:00"
}