{
    "thread": {
        "uuid": "847c0a92e5663c9e4f6b0aaf2df6ce756e177c96",
        "url": "https://deanesxqj.ampedpages.com/examine-this-report-on-pay-someone-to-take-gmat-exam-51613385",
        "site_full": "deanesxqj.ampedpages.com",
        "site": "ampedpages.com",
        "site_section": "https://ampedpages.com/rss-homepage.php?1",
        "site_categories": [],
        "section_title": "ampedpages.com RSS feed",
        "title": "Examine This Report on Pay Someone To Take gmat Exam",
        "title_full": "Examine This Report on Pay Someone To Take gmat Exam",
        "published": "2023-12-28T20:40:00.000+02:00",
        "replies_count": 0,
        "participants_count": 1,
        "site_type": "news",
        "country": "TR",
        "main_image": "",
        "performance_score": 0,
        "domain_rank": 6484,
        "domain_rank_updated": "2023-12-26T12:06:20.000+02:00",
        "reach": null,
        "social": {
            "facebook": {
                "likes": 0,
                "comments": 0,
                "shares": 0
            },
            "gplus": {
                "shares": 0
            },
            "pinterest": {
                "shares": 0
            },
            "linkedin": {
                "shares": 0
            },
            "stumbledupon": {
                "shares": 0
            },
            "vk": {
                "shares": 0
            }
        }
    },
    "uuid": "847c0a92e5663c9e4f6b0aaf2df6ce756e177c96",
    "url": "https://deanesxqj.ampedpages.com/examine-this-report-on-pay-someone-to-take-gmat-exam-51613385",
    "ord_in_thread": 0,
    "parent_url": null,
    "author": "Deanesxqj Ampedpages Com",
    "published": "2023-12-28T20:40:00.000+02:00",
    "title": "Examine This Report on Pay Someone To Take gmat Exam",
    "text": "For reading through comprehension, you'll want to acquire expertise of speed reading along with your power to extract transitional Suggestions and the key place with out getting caught up during the weeds.\nYou may need to figure out how to study for that GMAT in a means that’s good for you, not your Pal and not another GMAT take a look at taker.\nWith this exam, you are able to take a Element of the exams, and you can get most of your effects. You may take the exam, but not all the effects are shown for you by taking the exam. So, You should use this take a look at to show the exam end result. So, you can have the top results of the exam at the same time. see this Here's not tricky but you can't take the Exam since it is tough. It is very important to take it if you find yourself out of some time to accomplish the exam. On the other hand, you may not do the exam by taking the Exam.\nThis check just isn't about accomplishing nicely, but relatively about attaining a clear sense of one's start line. You’ll see areas where you’re rather powerful, along with People sections and question forms that have to have plenty of do the job.\nFor example, some facilities may have only early early morning start moments, while others could give largely night moments. Think about what helps make the most perception on your routine and strengths.\nWhen you input your place, a map of the closest exam center locations will probably be pulled up. You could see the overall area of the take a look at facilities within the map, in addition to a lot more specific exam\nweb Centre details like name, address, and distance in the tackle you furnished within the still left hand column.\nAre you currently acquiring difficulties finding the time to study for that future competitive exams sufficiently? Have you been looking at that You can't do correctly with your educational pursuits? By establishing contact with a qualified professional, you will be able to fix these problems. A number of companies can be found To ease you within your duties and assist you in achieving stellar educational final results.\nFind out almost everything it is possible to regarding the GMAT, and publish down any questions that arrive up. When take a look at working day comes, you gained’t really have to waste time looking at Directions. Rather, you’ll have a clear sense of the duties at hand.\nYou will have extra choices for taking the GRE when compared to the GMAT, as it’s administered at different locations.\nAs well as mapping your route, it is best to approach out what you’ll have on to your examination. Put on at ease apparel so that you’re not distracted by emotion far too cold, far too hot, also itchy, or another Bodily irritation that would mess with your head.\nTo prevent a company coaching or recruitment-centered business chance scam, take these ways prior to deciding to fork out:\nWhenever you buy a thing online, you could possibly get numerous email messages or text messages regarding your get: Confirming your buy. Telling you it shipped. Declaring it's out for supply. Notifying\nClick This Link you about delivery.\nConsidering the fact that Every person has distinctive goals, what qualifies as a fantastic GMAT score for you could be diverse than your Good friend or colleague. Figuring out your concentrate on GMAT score can help you figure out what “good” appears like for yourself.\nThe initial step of this method is to choose which round of MBA applications you happen to be targeting. Take a look at the desk below to be aware of superior.\nExamine This Report on Pay Someone To Take gmat Exam\nFor reading through comprehension, you'll want to acquire expertise of speed reading along with your power to extract transitional Suggestions and the key place with out getting caught up during the weeds.",
    "highlightText": "",
    "highlightTitle": "",
    "highlightThreadTitle": "",
    "language": "english",
    "sentiment": "positive",
    "categories": [
        "Health",
        "Human Interest",
        "Social Issue"
    ],
    "external_links": [
        "https://hiresomeonetodogmatexamin54866.csublogs.com/29863430/the-ultimate-guide-to-take-my-gmat-examination",
        "https://sethyrmdn.blogdemls.com/24068077/not-known-facts-about-can-someone-do-my-gmat-exam",
        "https://www.hiresomeonetodogmatexamin54866.csublogs.com/29863430/the-ultimate-guide-to-take-my-gmat-examination",
        "https://www.sethyrmdn.blogdemls.com/24068077/not-known-facts-about-can-someone-do-my-gmat-exam"
    ],
    "external_images": [],
    "entities": {
        "persons": [],
        "organizations": [],
        "locations": []
    },
    "rating": null,
    "crawled": "2023-12-29T00:01:22.266+02:00",
    "updated": "2023-12-29T00:01:22.266+02:00"
}