{
    "thread": {
        "uuid": "066df38908bc92d0e3a53096da8930a6eaf33429",
        "url": "https://evoke.ie/2023/12/28/entertainment/celebrity/teresa-costello-wedding",
        "site_full": "evoke.ie",
        "site": "evoke.ie",
        "site_section": "https://evoke.ie/life-style/interiors",
        "site_categories": [
            "media",
            "fashion",
            "style_and_fashion"
        ],
        "section_title": "Interiors - EVOKE",
        "title": "Elaine Crowley Sparkles At Cllr Teresa Costello's Wedding",
        "title_full": "Elaine Crowley Sparkles At Cllr Teresa Costello's Wedding",
        "published": "2023-12-28T22:07:00.000+02:00",
        "replies_count": 0,
        "participants_count": 1,
        "site_type": "news",
        "country": "IE",
        "main_image": "https://evoke.ie/wp-content/uploads/2023/12/elaine-crowley-friends-wedding.jpg",
        "performance_score": 0,
        "domain_rank": 56108,
        "domain_rank_updated": "2023-12-26T12:06:25.000+02:00",
        "reach": null,
        "social": {
            "facebook": {
                "likes": 0,
                "comments": 0,
                "shares": 0
            },
            "gplus": {
                "shares": 0
            },
            "pinterest": {
                "shares": 0
            },
            "linkedin": {
                "shares": 0
            },
            "stumbledupon": {
                "shares": 0
            },
            "vk": {
                "shares": 0
            }
        }
    },
    "uuid": "066df38908bc92d0e3a53096da8930a6eaf33429",
    "url": "https://evoke.ie/2023/12/28/entertainment/celebrity/teresa-costello-wedding",
    "ord_in_thread": 0,
    "parent_url": null,
    "author": "Rebecca Dore",
    "published": "2023-12-28T22:07:00.000+02:00",
    "title": "Elaine Crowley Sparkles At Cllr Teresa Costello's Wedding",
    "text": "Elaine Crowley was a picture of pure happiness as her friend Dublin local councillor Teresa Costello said 'I do'.\nThe broadcaster was right by the Tallaght councilwoman's side as she tied the knot in serious style.\nToday's top videos\nThere were smiles all around as Teresa, who is a breast cancer survivor, got ready for her trip down the aisle on the morning of her wedding with her bride tribe and the matching purple dressing gowns were out.\nElaine Crowley with Teresa Costello on her wedding day. Pic: Supplied Elaine dazzled in a mint green dress which was awash with twinkling sequins.\nShe wore her hair in gentle waves with dark smokey eyeshadow which complemented her eyes beautifully and she also wore light pink lippy.\nPic: Supplied The bride opted for a glamorous strapless gown with a tulle skirt that had a dainty bow waistband for her big day and she accessorised with a glittering necklace and drop earrings.\nWearing her hair up with curled bangs, the bride chose a dewy makeup look with statement smokey eyes and pink lipstick.\nPic: Supplied The Dublin mum was diagnosed with stage three breast cancer at the age of 36 .\nHer world was rocked by the prognosis and she then underwent chemotherapy and a mastectomy followed by immediate reconstruction and radiotherapy.\nPic: Supplied Teresa is a Breast Cancer Ireland ambassador who has been helping women all around Ireland navigate their journey with the disease through her online support group Breast Friends .",
    "highlightText": "",
    "highlightTitle": "",
    "highlightThreadTitle": "",
    "language": "english",
    "sentiment": "positive",
    "categories": [
        "Lifestyle and Leisure",
        "Arts, Culture and Entertainment",
        "Human Interest"
    ],
    "external_links": [
        "https://www.breastfriendsireland.com/",
        "https://www.breastfriendsireland.com",
        "https://breastfriendsireland.com/"
    ],
    "external_images": [],
    "entities": {
        "persons": [
            {
                "name": "elaine crowley",
                "sentiment": "negative"
            },
            {
                "name": "teresa costello",
                "sentiment": "negative"
            },
            {
                "name": "elaine crowley sparkles at cllr teresa costello",
                "sentiment": "negative"
            },
            {
                "name": "teresa",
                "sentiment": "none"
            },
            {
                "name": "elaine",
                "sentiment": "none"
            }
        ],
        "organizations": [],
        "locations": [
            {
                "name": "dublin",
                "sentiment": "none"
            },
            {
                "name": "tallaght",
                "sentiment": "none"
            }
        ]
    },
    "rating": null,
    "crawled": "2023-12-29T00:14:03.588+02:00",
    "updated": "2023-12-29T00:14:03.588+02:00"
}