{
    "thread": {
        "uuid": "6309b7e8c7722b720a8e52888c44464ea091530f",
        "url": "https://www.ilounge.com/news/free-government-tablet",
        "site_full": "www.ilounge.com",
        "site": "ilounge.com",
        "site_section": "http://feeds.feedburner.com/ilounge",
        "site_categories": [
            "mac_support",
            "tech",
            "palmtops_pdas"
        ],
        "section_title": "News | iLounge",
        "title": "Get a Free Government Tablet: Your Complete Guide",
        "title_full": "Get a Free Government Tablet: Your Complete Guide",
        "published": "2023-12-28T23:11:00.000+02:00",
        "replies_count": 0,
        "participants_count": 1,
        "site_type": "news",
        "country": null,
        "main_image": "https://www.ilounge.com/wp-content/uploads/2023/12/Free-Government-Tablet.png",
        "performance_score": 0,
        "domain_rank": 13610,
        "domain_rank_updated": "2023-12-26T12:06:20.000+02:00",
        "reach": null,
        "social": {
            "facebook": {
                "likes": 0,
                "comments": 0,
                "shares": 0
            },
            "gplus": {
                "shares": 0
            },
            "pinterest": {
                "shares": 0
            },
            "linkedin": {
                "shares": 0
            },
            "stumbledupon": {
                "shares": 0
            },
            "vk": {
                "shares": 0
            }
        }
    },
    "uuid": "6309b7e8c7722b720a8e52888c44464ea091530f",
    "url": "https://www.ilounge.com/news/free-government-tablet",
    "ord_in_thread": 0,
    "parent_url": null,
    "author": "James Patterson",
    "published": "2023-12-28T23:11:00.000+02:00",
    "title": "Get a Free Government Tablet: Your Complete Guide",
    "text": "In an age where digital connectivity is pivotal, the digital divide remains a stark reality for many. Recognizing this, various government programs are stepping up to offer free or highly subsidized tablets.\nThese initiatives are not just about providing gadgets; they’re about enabling equal access to digital resources, essential for education, job searches, and staying connected in a fast-paced world. The “free government tablet” programs symbolize a commitment to bridging this divide, ensuring that technological advancements are inclusive and beneficial for all.\nUnderstanding Free Government Tablet Programs\nThe concept of free government tablets stems from a broader commitment to digital inclusion. Programs like the Affordable Connectivity Program (ACP) and the Lifeline Assistance Program are at the forefront of this initiative.\nThese programs are designed to assist low-income families, ensuring they are not left behind in the digital era. By providing tablets, these initiatives offer essential tools for education, communication, and access to a plethora of online resources.\nThis article delves into the specifics of these programs, their eligibility criteria, application processes, and the profound impact they have on bridging the digital gap.\nKey Takeaways\nBefore we delve deeper, here are the key aspects of the free government tablet programs:\n- Eligibility: These programs primarily cater to low-income households. Eligibility often includes meeting certain income thresholds or participating in federal assistance programs.\n- Application Process: Applying involves submitting proof of income or participation in government programs, with specific requirements varying by provider.\n- Benefits: Beyond mere internet access, these tablets serve as gateways to emergency services, educational resources, and job opportunities, significantly impacting beneficiaries’ lives.\nEligibility\nGaining access to a free government tablet hinges on meeting certain eligibility criteria, tailored to ensure the support reaches those who need it most. The cornerstone of eligibility is household income, typically set at 135% to 200% of the Federal Poverty Guidelines. This means your household income must fall below a certain threshold, relative to the size and location of your family.\nAnother critical criterion is participation in federal assistance programs. If you’re already a beneficiary of programs like SNAP (Supplemental Nutrition Assistance Program), Medicaid, or SSI (Supplemental Security Income), you’re likely eligible for these tablet programs. These programs are indicators of financial need, simplifying the eligibility process.\nHowever, it’s important to note that each provider may have unique requirements. For instance, some may require proof of income like recent tax returns, while others might ask for statements from assistance programs you’re part of. Additionally, certain programs have specific eligibility guidelines based on factors like employment status, disability, age, or educational enrollment.\nTo navigate these criteria, it’s advisable to check the specific eligibility requirements of each program you’re considering. This ensures you gather the right documentation and apply to programs where your chances of approval are highest.\nHow to Apply for a Free Government Tablet\nApplying for a free government tablet involves a process that, while straightforward, requires attention to detail. The first step is selecting the right program. With several options available, such as the Lifeline Assistance Program or the Affordable Connectivity Program, choosing the one that aligns with your eligibility is key.\nOnce you’ve identified the suitable program, the next step is gathering the necessary documentation. This often includes proof of income, such as recent tax returns or benefit statements from government assistance programs, and any other relevant documents that demonstrate your eligibility, like participation in federal assistance programs.\nThe application itself is typically done online. You’ll need to fill out the application form on the service provider’s website, ensuring all details – like your name, address, and income level – are accurately and completely filled. Incomplete or inaccurate applications can lead to delays or rejections.\nAfter submission, there’s a waiting period for your application to be reviewed. This process can take a few weeks, during which the provider assesses your eligibility. Once your application is approved, you’ll receive a notification, and your free tablet will be dispatched to your address. It’s important to be patient during this period and to follow up if necessary.\nBenefits\nThe free tablet programs offer a range of benefits that extend beyond the device itself. Firstly, these tablets provide crucial internet access. This connectivity is essential for a variety of online activities, from accessing educational resources to searching for jobs.\nOne of the most significant benefits is the access to emergency services. For many low-income individuals without standard phone access, these tablets can be a lifeline in emergency situations, allowing them to connect swiftly with emergency services.\nEducation is another area where these tablets have a profound impact. They enable access to digital learning platforms, interactive courses, and communication tools, particularly beneficial for students from challenged backgrounds. This access helps level the educational playing field and opens up new learning opportunities.\nThe tablets also aid in employment opportunities. They can be used for online job hunts, application processes, and even attending virtual interviews, thereby streamlining the path to employment for many users.\nLastly, access to healthcare has been greatly enhanced through these tablets. Beneficiaries can use them for telehealth services, online health research, and booking medical appointments, ensuring all have equal opportunities for health information and care.\nTop Providers of Free Government Tablets\nSeveral providers offer free government tablets, each with unique offerings and eligibility criteria.\n- Lifeline Assistance Program: This program provides a free Android tablet with benefits like 350 monthly minutes, 3GB of data, and unlimited texts. It’s accessible in all 50 states to qualifying low-income households.\n- Emergency Broadband Benefit: Part of the FCC program, it offers a monthly discount for broadband services and a one-time discount for a tablet or laptop.\n- EveryoneOn: A nonprofit dedicated to connecting low-income families to affordable internet and computers, offering discounted tablets and laptops.\n- Comcast Internet Essentials: This service provides affordable internet and the option to purchase a heavily discounted tablet, aimed at low-income households in Comcast service areas.\nFAQs\n- Can I get a free iPad from the government?\n- Yes, through programs like Lifeline or ACP, you can get a free iPad from participating providers.\n- Is T-Mobile giving away free tablets?\n- Yes, T-Mobile participates in the FCC’s Affordable Connectivity Program, offering free tablets to eligible users.\n- How to get a free tablet?\n- Apply through a government program, submit required documents, and wait for approval.\n- How to get an ACP free tablet?\n- Check eligibility at\nfcc.gov/acpand apply through a participating company.\n- Check eligibility at\n- Is there a free tablet for students?\n- Yes, students can obtain free tablets through Lifeline and ACP.\nConclusion: Empowering Communities Through Technology\nIn conclusion, free government tablet programs are more than just technological offerings; they are lifelines that empower communities. By providing essential tech access to low-income families and students, these programs are crucial in bridging the digital divide.\nThey ensure that the benefits of our digital age are shared equitably, enhancing education, healthcare, and employment opportunities. If you or someone you know struggles with technology costs, exploring these programs could be a step towards a more connected and inclusive future.\nReferences\n- “Affordable Connectivity Program” –\nfcc.gov\n- “Affordable Discounted Tablets” –\nEveryoneOn\n- “Affordable Internet Service Provider” –\nXfinity A.K.A Comcast\n- “Information about the iPad Tablet” –\niLounge\n- “Apple Dominating the Tablet Market” –\nhttps://www.ilounge.com/news/ipad-dominates-tablet-market\n- “iPad Air Is the Best Tablet to Buy” –\nhttps://www.ilounge.com/news/ipad-air-best-tablet",
    "highlightText": "",
    "highlightTitle": "",
    "highlightThreadTitle": "",
    "language": "english",
    "sentiment": "positive",
    "categories": [
        "Politics",
        "Human Interest",
        "Social Issue"
    ],
    "external_links": [
        "https://www.everyoneon.org/",
        "https://www.fcc.gov/",
        "https://www.xfinity.com/",
        "https://www.fcc.gov/acp",
        "https://xfinity.com/",
        "https://www.xfinity.com",
        "https://everyoneon.org/",
        "https://www.fcc.gov",
        "https://fcc.gov/",
        "https://fcc.gov/acp",
        "https://www.everyoneon.org"
    ],
    "external_images": [],
    "entities": {
        "persons": [],
        "organizations": [
            {
                "name": "lifeline assistance program",
                "sentiment": "none"
            }
        ],
        "locations": []
    },
    "rating": null,
    "crawled": "2023-12-29T00:22:19.287+02:00",
    "updated": "2023-12-29T00:22:19.287+02:00"
}