{
    "thread": {
        "uuid": "592c932d8c377548a152a012dc3cb1ba4e6437c1",
        "url": "https://www.aol.com/ryan-oneals-son-patrick-says-215621507.html",
        "site_full": "www.aol.com",
        "site": "aol.com",
        "site_section": "https://www.aol.com/entertainment",
        "site_categories": [
            "media"
        ],
        "section_title": "Entertainment News &amp; Latest Celebrity Headlines - AOL.com",
        "title": "Ryan O'Neal's Son Patrick Says He's Planning a 'Celebration of Life' to Honor His Late Dad: 'Will Be Amazing'",
        "title_full": "Ryan O'Neal's Son Patrick Says He's Planning a 'Celebration of Life' to Honor His Late Dad: 'Will Be Amazing'",
        "published": "2023-12-28T23:56:00.000+02:00",
        "replies_count": 0,
        "participants_count": 1,
        "site_type": "news",
        "country": "US",
        "main_image": "https://s.yimg.com/ny/api/res/1.2/95Wbdwpz99Cca_7pALSsGw--/YXBwaWQ9aGlnaGxhbmRlcjt3PTEyMDA7aD04MDA-/https://media.zenfs.com/en/aol_people_articles_471/783104d782b3497a8a6ff3a0a914cc7a",
        "performance_score": 0,
        "domain_rank": 170,
        "domain_rank_updated": "2023-12-26T12:06:20.000+02:00",
        "reach": null,
        "social": {
            "facebook": {
                "likes": 0,
                "comments": 0,
                "shares": 0
            },
            "gplus": {
                "shares": 0
            },
            "pinterest": {
                "shares": 0
            },
            "linkedin": {
                "shares": 0
            },
            "stumbledupon": {
                "shares": 0
            },
            "vk": {
                "shares": 0
            }
        }
    },
    "uuid": "592c932d8c377548a152a012dc3cb1ba4e6437c1",
    "url": "https://www.aol.com/ryan-oneals-son-patrick-says-215621507.html",
    "ord_in_thread": 0,
    "parent_url": null,
    "author": "AOL Staff",
    "published": "2023-12-28T23:56:00.000+02:00",
    "title": "Ryan O'Neal's Son Patrick Says He's Planning a 'Celebration of Life' to Honor His Late Dad: 'Will Be Amazing'",
    "text": "Ryan O'Neal's Son Patrick Says He's Planning a 'Celebration of Life' to Honor His Late Dad: 'Will Be Amazing' Ryan O'Neal died at age 82 on Dec. 8 of “congestive heart failure,” according to a death certificate obtained by PEOPLE [Ryan O'Neal](https://people.com/ryan-oneal-life-in-photos-8413775)'s son [Patrick O'Neal](https://people.com/ryan-o-neal-remembered-hollywood-legend-full-stop-son-patrick-8413810) plans to memorialize his father after his [death at 82](https://people.com/ryan-o-neal-academy-award-nominated-love-story-star-dead-at-82-8413764). Days after the Love Story actor was [buried next to his longtime partner](https://people.com/ryan-oneal-buried-next-to-farrah-fawcett-in-los-angeles-8420197) [Farrah Fawcett](https://people.com/tag/farrah-fawcett/) in Los Angeles, Patrick shared an image to \"Everyone who should be there will be there and it will be amazing, trust me. 🔥,\" Patrick wrote. \"This will be a tribute to the man, his family, his love of boxing, and his legendary career as an actor. I have my work cut out for me because Ryan took about 3 million photos and saved 700 thousand of them 🥺\" Photos of Ryan's burial service published by [The Daily Mail](https://www.dailymail.co.uk/news/article-12897215/Ryan-ONeal-buried-longtime-lover-Farrah-Fawcett-Love-Story-actor-farewelled-intimate-ceremony-Los-Angeles-ex-wife-Leigh-Taylor-Young-son-Patrick-death-82.html) showed Patrick in attendance at Pierce Brothers Westwood Village Memorial Park & Mortuary for the ceremony. Ryan's ex-wife Leigh Taylor-Young and actress Alana Stewart, a friend of Fawcett's, were also present. Related: [Ryan O'Neal Dead: Actor Reflected on Love Story's 50th Anniversary with Ali MacGraw in 2021 PEOPLE Interview](https://people.com/ryan-o-neal-dead-read-his-2021-people-interview-with-ali-macgraw-8413884) Patrick announced his father's death on Dec. 8, when he shared on \"He is a Hollywood legend. Full stop,\" Patrick wrote at the time. He also shared a photo of a beach at sunset on his Instagram Story on Christmas Day as he wrote, \"1st Christmas without my dad. Prayers up. We miss you.\" Never miss a story — sign up for [PEOPLE's free daily newsletter](https://forms.dotdashmeredith.com/people-news-inline) to stay up-to-date on the best of what PEOPLE has to offer, from celebrity news to compelling human interest stories. Related: [Inside Ryan O'Neal and Farrah Fawcett's Love Story: 'I Loved Her with All My Heart'](https://people.com/inside-ryan-oneal-love-story-with-farrah-fawcett-8413818) Patrick is Ryan’s only son from his marriage to his Peyton Place costar, Leigh Taylor-Young. Ryan is also survived by his two children from his marriage to Joanna Moore: [Tatum O’Neal](https://people.com/tag/tatum-oneal/) and Griffin O’Neal; and his son with Fawcett: Redmond James Fawcett O’Neal. After Ryan's death, his daughter and Paper Moon costar [Tatum honored her dad in a statement to PEOPLE](https://people.com/tatum-oneal-speaks-out-about-late-father-ryan-oneal-death-8413778). \"I feel great sorrow with my father's passing,\" she said. \"He meant the world to me. I loved him very much and know he loved me too. I'll miss him forever and I feel very lucky that we ended on such good terms.\" For more People news, make sure to [sign up for our newsletter!](https://forms.dotdashmeredith.com/people-apple-news-opt-in) Read the original article on [People](https://people.com/ryan-oneals-son-patrick-says-hes-planning-a-celebration-of-life-to-honor-his-late-dad-will-be-amazing-8420714).",
    "highlightText": "",
    "highlightTitle": "",
    "highlightThreadTitle": "",
    "language": "english",
    "sentiment": "positive",
    "categories": [
        "Lifestyle and Leisure",
        "Human Interest"
    ],
    "external_links": [
        "https://forms.dotdashmeredith.com/people-news-inline)",
        "https://forms.dotdashmeredith.com/people-apple-news-opt-in)",
        "https://people.com/inside-ryan-oneal-love-story-with-farrah-fawcett-8413818)",
        "https://people.com/ryan-oneals-son-patrick-says-hes-planning-a-celebration-of-life-to-honor-his-late-dad-will-be-amazing-8420714).",
        "https://people.com/tag/tatum-oneal/)",
        "https://people.com/ryan-o-neal-dead-read-his-2021-people-interview-with-ali-macgraw-8413884)",
        "https://people.com/tatum-oneal-speaks-out-about-late-father-ryan-oneal-death-8413778).",
        "https://people.com/ryan-oneal-life-in-photos-8413775)",
        "https://www.dailymail.co.uk/news/article-12897215/Ryan-ONeal-buried-longtime-lover-Farrah-Fawcett-Love-Story-actor-farewelled-intimate-ceremony-Los-Angeles-ex-wife-Leigh-Taylor-Young-son-Patrick-death-82.html)",
        "https://people.com/ryan-o-neal-remembered-hollywood-legend-full-stop-son-patrick-8413810)",
        "https://people.com/ryan-oneal-buried-next-to-farrah-fawcett-in-los-angeles-8420197)",
        "https://people.com/ryan-o-neal-academy-award-nominated-love-story-star-dead-at-82-8413764).",
        "https://people.com/tag/farrah-fawcett/)",
        "https://www.people.com/tag/tatum-oneal/)",
        "https://www.people.com/ryan-oneal-life-in-photos-8413775)",
        "https://www.people.com/ryan-o-neal-dead-read-his-2021-people-interview-with-ali-macgraw-8413884)",
        "https://www.people.com/tatum-oneal-speaks-out-about-late-father-ryan-oneal-death-8413778).",
        "https://www.forms.dotdashmeredith.com/people-apple-news-opt-in)",
        "https://www.people.com/ryan-oneals-son-patrick-says-hes-planning-a-celebration-of-life-to-honor-his-late-dad-will-be-amazing-8420714).",
        "https://www.people.com/inside-ryan-oneal-love-story-with-farrah-fawcett-8413818)",
        "https://www.forms.dotdashmeredith.com/people-news-inline)",
        "https://www.people.com/ryan-oneal-buried-next-to-farrah-fawcett-in-los-angeles-8420197)",
        "https://www.people.com/ryan-o-neal-academy-award-nominated-love-story-star-dead-at-82-8413764).",
        "https://www.people.com/ryan-o-neal-remembered-hollywood-legend-full-stop-son-patrick-8413810)",
        "https://www.people.com/tag/farrah-fawcett/)",
        "https://dailymail.co.uk/news/article-12897215/Ryan-ONeal-buried-longtime-lover-Farrah-Fawcett-Love-Story-actor-farewelled-intimate-ceremony-Los-Angeles-ex-wife-Leigh-Taylor-Young-son-Patrick-death-82.html)"
    ],
    "external_images": [],
    "entities": {
        "persons": [
            {
                "name": "patrick says he",
                "sentiment": "negative"
            },
            {
                "name": "ryan o'neal",
                "sentiment": "negative"
            },
            {
                "name": "patrick",
                "sentiment": "none"
            },
            {
                "name": "ryan",
                "sentiment": "none"
            },
            {
                "name": "patrick o'neal",
                "sentiment": "none"
            },
            {
                "name": "farrah fawcett",
                "sentiment": "none"
            }
        ],
        "organizations": [],
        "locations": [
            {
                "name": "los angeles",
                "sentiment": "none"
            }
        ]
    },
    "rating": null,
    "crawled": "2023-12-29T00:22:24.950+02:00",
    "updated": "2023-12-29T00:22:24.950+02:00"
}