{
    "thread": {
        "uuid": "556885454deb1dda9800a63a89b50f50a59b20c8",
        "url": "https://ground.news/article/grace-bowers-5-things-to-know-about-the-17-year-old-rising-country-star",
        "site_full": "ground.news",
        "site": "ground.news",
        "site_section": "https://ground.news/interest/hollywood-life",
        "site_categories": [],
        "section_title": "Hollywood Life  Breaking News Headlines Today | Ground News",
        "title": "Ground News - Grace Bowers: 5 Things to Know About the 17-Year-Old Rising Country Star",
        "title_full": "Ground News - Grace Bowers: 5 Things to Know About the 17-Year-Old Rising Country Star",
        "published": "2023-12-28T23:57:00.000+02:00",
        "replies_count": 0,
        "participants_count": 1,
        "site_type": "news",
        "country": "CA",
        "main_image": "",
        "performance_score": 0,
        "domain_rank": 29780,
        "domain_rank_updated": "2023-12-26T12:06:20.000+02:00",
        "reach": null,
        "social": {
            "facebook": {
                "likes": 0,
                "comments": 0,
                "shares": 0
            },
            "gplus": {
                "shares": 0
            },
            "pinterest": {
                "shares": 0
            },
            "linkedin": {
                "shares": 0
            },
            "stumbledupon": {
                "shares": 0
            },
            "vk": {
                "shares": 0
            }
        }
    },
    "uuid": "556885454deb1dda9800a63a89b50f50a59b20c8",
    "url": "https://ground.news/article/grace-bowers-5-things-to-know-about-the-17-year-old-rising-country-star",
    "ord_in_thread": 0,
    "parent_url": null,
    "author": "Hollywood Life",
    "published": "2023-12-28T23:57:00.000+02:00",
    "title": "Ground News - Grace Bowers: 5 Things to Know About the 17-Year-Old Rising Country Star",
    "text": "Summary by Hollywood Life Grace Bowers is making a name for herself in the country music world. Get to know the young musician who is performing in Nashville on New Year's Eve. Share menu More\nFilters 1 Articles 1 Articles All Left Center Right\nHollywood Life Lean Left Mixed Factuality Independent: Bonnie Fuller Grace Bowers: 5 Things to Know About the 17-Year-Old Rising Country Star Grace Bowers is making a name for herself in the country music world. Get to know the young musician who is performing in Nashville on New Year's Eve.\n4 hours ago · Los Angeles, United States Read Full Article\nHollywood Life Lean Left Mixed Factuality Independent: Bonnie Fuller\nGrace Bowers: 5 Things to Know About the 17-Year-Old Rising Country Star Grace Bowers is making a name for herself in the country music world. Get to know the young musician who is performing in Nashville on New Year's Eve.\n4 hours ago · Los Angeles, United States Read Full Article Think freely. Subscribe and get full access to Ground News Subscriptions start at $9.99/year Subscribe",
    "highlightText": "",
    "highlightTitle": "",
    "highlightThreadTitle": "",
    "language": "english",
    "sentiment": "positive",
    "categories": [
        "Lifestyle and Leisure",
        "Arts, Culture and Entertainment",
        "Human Interest"
    ],
    "external_links": [
        "https://hollywoodlife.com/feature/who-is-grace-bowers-5216403/?utm_source=ground.news&utm_medium=referral",
        "https://hollywoodlife.com/feature/who-is-grace-bowers-5216403/",
        "https://www.hollywoodlife.com/feature/who-is-grace-bowers-5216403/?utm_source=ground.news&utm_medium=referral"
    ],
    "external_images": [],
    "entities": {
        "persons": [
            {
                "name": "grace bowers",
                "sentiment": "neutral"
            },
            {
                "name": "bonnie fuller grace bowers",
                "sentiment": "none"
            }
        ],
        "organizations": [
            {
                "name": "hollywood life grace bowers",
                "sentiment": "neutral"
            },
            {
                "name": "· los angeles",
                "sentiment": "none"
            },
            {
                "name": "ground news subscriptions",
                "sentiment": "none"
            },
            {
                "name": "hollywood life lean left mixed factuality independent",
                "sentiment": "none"
            }
        ],
        "locations": [
            {
                "name": "united states",
                "sentiment": "none"
            },
            {
                "name": "nashville",
                "sentiment": "none"
            }
        ]
    },
    "rating": null,
    "crawled": "2023-12-29T00:20:21.368+02:00",
    "updated": "2023-12-29T00:43:29.024+02:00"
}