{
    "thread": {
        "uuid": "e07d27988df31b3c5a242206fd539903b58d9333",
        "url": "https://hollywoodlife.com/2023/12/28/jennifer-lopez-rocks-white-string-bikini-top-in-st-barts-photos/",
        "site_full": "hollywoodlife.com",
        "site": "hollywoodlife.com",
        "site_section": "https://hollywoodlife.com/topics/fashion/",
        "site_categories": [
            "vehicles",
            "media",
            "celebrity_fan_gossip",
            "motorcycles",
            "entertainment"
        ],
        "section_title": "Fashion &#8211; Hollywood Life",
        "title": "Jennifer Lopez Rocks White String Bikini Top in St. Barts: Photos – Hollywood Life",
        "title_full": "Jennifer Lopez Rocks White String Bikini Top in St. Barts: Photos – Hollywood Life",
        "published": "2023-12-28T22:43:00.000+02:00",
        "replies_count": 0,
        "participants_count": 1,
        "site_type": "news",
        "country": "US",
        "main_image": "https://hollywoodlife.com/wp-content/uploads/2023/12/jennifer-lopez-white-bikini-st-barts-feat.jpg?quality=100",
        "performance_score": 0,
        "domain_rank": 5160,
        "domain_rank_updated": "2023-12-26T12:06:20.000+02:00",
        "reach": null,
        "social": {
            "facebook": {
                "likes": 0,
                "comments": 0,
                "shares": 0
            },
            "gplus": {
                "shares": 0
            },
            "pinterest": {
                "shares": 0
            },
            "linkedin": {
                "shares": 0
            },
            "stumbledupon": {
                "shares": 0
            },
            "vk": {
                "shares": 0
            }
        }
    },
    "uuid": "e07d27988df31b3c5a242206fd539903b58d9333",
    "url": "https://hollywoodlife.com/2023/12/28/jennifer-lopez-rocks-white-string-bikini-top-in-st-barts-photos/",
    "ord_in_thread": 0,
    "parent_url": null,
    "author": "Sabrina Picou",
    "published": "2023-12-28T22:43:00.000+02:00",
    "title": "Jennifer Lopez Rocks White String Bikini Top in St. Barts: Photos – Hollywood Life",
    "text": "View gallery Image Credit: Broadimage/Shutterstock\nWinter is in full swing and stars like Jennifer Lopez , 54, are fleeing to warmer climates! The Marry Me actress was photographed enjoying a getaway in St. Barts on December 27 and turned heads in her beach attire . For J.Lo’s stroll on the beach, she rocked a white string bikini top and a pink towel wrapped around her waist.\nJennifer accessorized with a few beach essentials. In the photos ( seen here ), the brunette bombshell added a wide-brim sunhat, oversized sunglasses, and a few gold bracelets to her ensemble. J.Lo wore her giant diamond wedding ring from hubby Ben Affleck . While she enjoyed her vacation, the mother-of-two was seemingly still plugged in and was spotted chatting on the phone with her wired headphones.\nView this post on Instagram\nA post shared by Jennifer Lopez (@jlo)\nAfter photos of her bikini moment in St. Barts landed on social media, Jennifer’s fans took to the comments to react. “Bummer, I’m not there as usual,” one admirer joked , while another tweeted , “Wow @JLo is so beautiful.” A separate fan called Jennifer’s look “Effortlessly chic.” J.Lo was seemingly sans Ben during her R&R moment, as he was not pictured by her side that afternoon.\nIt’s been a few months since Jennifer has been spotted in a bikini, as the winter months began. Prior to her island getaway, Jennifer took to Instagram to show off a pink one-piece swimsuit over the Fourth of July weekend. “Hope everyone had a great holiday weekend filled with love, family, friends and fun,” she captioned the sexy carousel of poolside photos at the time. She completed her plunging swimsuit with gold hoop earrings and a matching gold nameplate necklace.\nMost recently, Bennifer went viral online after the Gone Girl star was pictured checking his phone during a make out session with J.Lo on December 21. The duo was photographed shopping at Maxfield in West Hollywood just days before Christmas when the PDA moment took place. Jennifer was photographed packing on the PDA with her man while he was tuned into his smartphone. A few days prior, Jennifer stunned in a sequined green gown while hosting her Christmas party and singing holiday classics at home.",
    "highlightText": "",
    "highlightTitle": "",
    "highlightThreadTitle": "",
    "language": "english",
    "sentiment": "positive",
    "categories": [
        "Lifestyle and Leisure",
        "Human Interest",
        "Arts, Culture and Entertainment"
    ],
    "external_links": [
        "https://twitter.com/edwardistheman/status/1740446344496726106",
        "https://www.dailymail.co.uk/tvshowbiz/article-12894241/jennifer-lopez-ben-affleck-kiss-shopping.html",
        "https://twitter.com/KGAJA2023/status/1740436753100493218",
        "https://www.instagram.com/p/CuTU85frRHl/?img_index=1",
        "https://pagesix.com/2023/12/28/style/jennifer-lopez-is-all-abs-in-white-bikini-during-st-barts-vacation/",
        "https://twitter.com/suzieq11123547/status/1740444001600413928",
        "https://www.instagram.com/p/CuTU85frRHl/?utm_source=ig_embed&utm_campaign=loading",
        "https://www.twitter.com/edwardistheman/status/1740446344496726106",
        "https://instagram.com/p/CuTU85frRHl/?utm_source=ig_embed&utm_campaign=loading",
        "https://www.instagram.com/p/CuTU85frRHl/",
        "https://www.twitter.com/KGAJA2023/status/1740436753100493218",
        "https://www.pagesix.com/2023/12/28/style/jennifer-lopez-is-all-abs-in-white-bikini-during-st-barts-vacation/",
        "https://www.twitter.com/suzieq11123547/status/1740444001600413928",
        "https://dailymail.co.uk/tvshowbiz/article-12894241/jennifer-lopez-ben-affleck-kiss-shopping.html",
        "https://instagram.com/p/CuTU85frRHl/?img_index=1",
        "https://pagesix.com/2023/12/28/style/jennifer-lopez-is-all-abs-in-white-bikini-during-st-barts-vacation"
    ],
    "external_images": [],
    "entities": {
        "persons": [
            {
                "name": "jennifer l",
                "sentiment": "negative"
            },
            {
                "name": "jennifer lopez",
                "sentiment": "negative"
            },
            {
                "name": "jennifer",
                "sentiment": "none"
            },
            {
                "name": "ben affleck",
                "sentiment": "none"
            }
        ],
        "organizations": [
            {
                "name": "broadimage/shutterstock winter",
                "sentiment": "negative"
            }
        ],
        "locations": [
            {
                "name": "hollywood life view",
                "sentiment": "none"
            },
            {
                "name": "st. barts",
                "sentiment": "none"
            }
        ]
    },
    "rating": null,
    "crawled": "2023-12-29T00:05:49.008+02:00",
    "updated": "2024-01-05T00:11:29.302+02:00"
}