{
    "thread": {
        "uuid": "0cee4236aa14f64303114616de557596f4fd00d8",
        "url": "https://sanluis.eluniversal.com.mx/mas-de-san-luis/sol-arena-y-mar-en-slp-ricardo-gallardo-anuncia-construccion-de-playa-artificial-en-la-fenapo/",
        "site_full": "sanluis.eluniversal.com.mx",
        "site": "eluniversal.com.mx",
        "site_section": "https://sanluis.eluniversal.com.mx",
        "site_categories": [
            "uncategorized"
        ],
        "section_title": "El Universal San Luis Potosí | El periódico de México líder en noticias y clasificados",
        "title": "¡Sol, arena y mar en SLP! Ricardo Gallardo anuncia construcción de playa artificial en la Fenapo",
        "title_full": "¡Sol, arena y mar en SLP! Ricardo Gallardo anuncia construcción de playa artificial en la Fenapo",
        "published": "2023-12-28T20:22:00.000+02:00",
        "replies_count": 0,
        "participants_count": 1,
        "site_type": "news",
        "country": "MX",
        "main_image": "https://sanluis.eluniversal.com.mx/resizer/kZClofULILDerp3oRN7iVDpgWY0=/980x528/cloudfront-us-east-1.images.arcpublishing.com/eluniversal/LSQWCC4GQNCDLIBUCY2Z7GGZAE.jpg",
        "performance_score": 0,
        "domain_rank": 3739,
        "domain_rank_updated": "2023-12-26T12:06:20.000+02:00",
        "reach": null,
        "social": {
            "facebook": {
                "likes": 1,
                "comments": 1,
                "shares": 1
            },
            "gplus": {
                "shares": 0
            },
            "pinterest": {
                "shares": 0
            },
            "linkedin": {
                "shares": 0
            },
            "stumbledupon": {
                "shares": 0
            },
            "vk": {
                "shares": 0
            }
        }
    },
    "uuid": "0cee4236aa14f64303114616de557596f4fd00d8",
    "url": "https://sanluis.eluniversal.com.mx/mas-de-san-luis/sol-arena-y-mar-en-slp-ricardo-gallardo-anuncia-construccion-de-playa-artificial-en-la-fenapo/",
    "ord_in_thread": 0,
    "parent_url": null,
    "author": "@ElUniversal_SLP",
    "published": "2023-12-28T20:22:00.000+02:00",
    "title": "¡Sol, arena y mar en SLP! Ricardo Gallardo anuncia construcción de playa artificial en la Fenapo",
    "text": "En un intento para aumentar el turismo en la capital de San Luis Potosí , el gobernador del estado Ricardo Gallardo Cardona confirmó hoy a medios de comunicación que, para el 2024 se construirá una playa artificial en las instalaciones de la Feria Nacional Potosina ( Fenapo ), la cual quedaría lista para la temporada alta de Semana Santa . “SLP será un destino turístico tan importante y reconocido como Cancún ”, afirmó el gobernador. Las instalaciones de la Fenapo se aprovecharían de tal manera que el área de los “ gritones ” (que se ha inundado en años anteriores) pueda convertirse en un contenedor “natural” del agua que simulará la playa.\n“Para la arena vamos a exportar alrededor de 300 toneladas de arena de Cancún, para que esta sea blanca. Y en cuanto al agua, para que sea más realista, se le echarán cientos de kilos de sal de mar diariamente, para que la gente sienta que verdaderamente se encuentra en la playita”, afirmó el gobernador.\nVisita las cascadas de la Huasteca Potosina y súbete a la tirolesa en bicicleta\n¡Inocente palomita! Hoy, 28 de diciembre , se celebra el día de los Santos Inocentes , fecha en la que en diversos países como en México, se suelen realizar bromas a familiares o amigos, sin una intención verdaderamente maliciosa.\nEsta tradición proviene de las fiestas saturnianas de los romanos, en las que la gente se divertía realizando diversos tipos de bromas. Sin embargo, la fecha se empalmó con la conmemoración cristiana de recordar la masacre del rey Herodes en contra de miles de niños menores de 2 años, con la intención de asesinar a Jesús.\nEn fin, en esta fecha, te recomendamos estar muy al pendiente y alerta, porque quien menos te lo esperes, podría estar haciéndote una broma. ¡Feliz día de los Santos Inocentes!",
    "highlightText": "",
    "highlightTitle": "",
    "highlightThreadTitle": "",
    "language": "spanish",
    "sentiment": "positive",
    "categories": [
        "Human Interest",
        "Environment",
        "Lifestyle and Leisure"
    ],
    "external_links": [
        "https://news.google.com/publications/CAAqBwgKMPzGpAswv9G8Aw?hl=es-419&gl=MX&ceid=MX%3Aes-419",
        "https://news.google.com/publications/CAAqBwgKMPzGpAswv9G8Aw",
        "https://www.news.google.com/publications/CAAqBwgKMPzGpAswv9G8Aw?hl=es-419&gl=MX&ceid=MX%3Aes-419"
    ],
    "external_images": [],
    "entities": {
        "persons": [],
        "organizations": [],
        "locations": []
    },
    "rating": null,
    "crawled": "2023-12-29T00:08:13.591+02:00",
    "updated": "2023-12-29T00:08:13.591+02:00"
}