{
    "thread": {
        "uuid": "e6a69e164e9f2fe202d28537d3dfe66d4ce8d577",
        "url": "https://www.record.com.mx/futbol-futbol-internacional-internacionales/visita-de-lujo-hugo-sanchez-visito-y-elogio-a-hirving",
        "site_full": "www.record.com.mx",
        "site": "record.com.mx",
        "site_section": "https://www.record.com.mx/rss.xml",
        "site_categories": [
            "world_soccer",
            "sports"
        ],
        "section_title": "RÉCORD",
        "title": "¡Visita de lujo! Hugo Sánchez visitó y elogio a Hirving Lozano en Eindhoven",
        "title_full": "¡Visita de lujo! Hugo Sánchez visitó y elogio a Hirving Lozano en Eindhoven",
        "published": "2023-12-28T22:58:00.000+02:00",
        "replies_count": 0,
        "participants_count": 1,
        "site_type": "news",
        "country": "MX",
        "main_image": "https://www.record.com.mx/sites/default/files/articulos/2023/12/28/proyecsdlkfjevo.jpg",
        "performance_score": 0,
        "domain_rank": 52851,
        "domain_rank_updated": "2023-12-26T12:06:25.000+02:00",
        "reach": null,
        "social": {
            "facebook": {
                "likes": 0,
                "comments": 0,
                "shares": 0
            },
            "gplus": {
                "shares": 0
            },
            "pinterest": {
                "shares": 0
            },
            "linkedin": {
                "shares": 0
            },
            "stumbledupon": {
                "shares": 0
            },
            "vk": {
                "shares": 0
            }
        }
    },
    "uuid": "e6a69e164e9f2fe202d28537d3dfe66d4ce8d577",
    "url": "https://www.record.com.mx/futbol-futbol-internacional-internacionales/visita-de-lujo-hugo-sanchez-visito-y-elogio-a-hirving",
    "ord_in_thread": 0,
    "parent_url": null,
    "author": "@record_mexico",
    "published": "2023-12-28T22:58:00.000+02:00",
    "title": "¡Visita de lujo! Hugo Sánchez visitó y elogio a Hirving Lozano en Eindhoven",
    "text": "¡Visita de lujo! Hugo Sánchez visitó y elogió a Hirving Lozano en Eindhoven [Hugo Sánchez](https://www.record.com.mx/empelotados/chucky-lozano-recibio-un-jersey-del-real-madrid-de-manos-de-hugo-sanchez) aprovechó un episodio de su podcast para poder visitar a [Hirving Lozano](https://www.record.com.mx/futbol/futbol-internacional) en las instalaciones del [PSV.](https://www.record.com.mx/futbol/futbol-internacional) En su llegada a Eindhoven, el conjunto neerlandés decidió entrevistar a la leyenda mexicana. Durante la entrevista Sánchez no tuvo más que palabras positivas sobre Lozano, a quien recuerda en sus inicios con Pachuca. Además, aseguró estar muy contento de verlo crecer como futbolista en los años recientes. “Tuve la oportunidad de conocer a Hirving jovencito, cuando está iniciando su etapa como futbolista en Pachuca y vi el crecimiento de Hirving y me da mucho gusto que siga consiguiendo cosas importantes. “Ha madurado mucho y aparte a mejorado. Es un jugador desequilibrante. Es el mexicano mejor valorado de la actualidad y en la historia”, reveló el exfutbolista sobre su compatriota. A parte, el exjugador del Real Madrid recordó su etapa como futbolista cuando se enfrento ante el PSV en un partido de Semifinales de Champions League, donde su equipo fue eliminado, pero él anotó de penal. ¡Bienvenido a Eindhoven, [@hugosanchez_9]! Una plática especial con el ídolo mexicano en su visita a [@HirvingLozano70] — PSV Español (@PSVespanol) [December 28, 2023] [TAMBIÉN TE PUEDE INTERESAR: ¡OFICIAL! FORTALEZA HACE OFICIAL EL FICHAJE DE MOISÉS VIEIRA TRAS SU PASO CON CRUZ AZUL](https://www.record.com.mx/futbol-futbol-internacional-internacionales/oficial-fortaleza-hace-oficial-el-fichaje-de-moises)",
    "highlightText": "",
    "highlightTitle": "",
    "highlightThreadTitle": "",
    "language": "spanish",
    "sentiment": "positive",
    "categories": [
        "Human Interest",
        "Arts, Culture and Entertainment"
    ],
    "external_links": [],
    "external_images": [],
    "entities": {
        "persons": [],
        "organizations": [],
        "locations": []
    },
    "rating": null,
    "crawled": "2023-12-29T00:02:27.146+02:00",
    "updated": "2023-12-29T01:11:45.091+02:00"
}