{
    "thread": {
        "uuid": "6f9216a8b85fca6af69413352d7d3d67a97d19fa",
        "url": "https://www.currentargus.com/story/news/nation/2023/12/28/dry-well-rescue-bend-oregon-john-mclerran/72049357007/",
        "site_full": "www.currentargus.com",
        "site": "currentargus.com",
        "site_section": "https://www.currentargus.com",
        "site_categories": [
            "media"
        ],
        "section_title": "Carlsbad Current-Argus: Breaking news, Sports, Lifestyle, Opinion",
        "title": "Search for missing Bend, Oregon man John McLerran ends in dry well",
        "title_full": "Search for missing Bend, Oregon man John McLerran ends in dry well",
        "published": "2023-12-28T22:15:00.000+02:00",
        "replies_count": 0,
        "participants_count": 1,
        "site_type": "news",
        "country": "US",
        "main_image": "",
        "performance_score": 0,
        "domain_rank": 44852,
        "domain_rank_updated": "2023-12-26T12:06:25.000+02:00",
        "reach": null,
        "social": {
            "facebook": {
                "likes": 0,
                "comments": 0,
                "shares": 0
            },
            "gplus": {
                "shares": 0
            },
            "pinterest": {
                "shares": 0
            },
            "linkedin": {
                "shares": 0
            },
            "stumbledupon": {
                "shares": 0
            },
            "vk": {
                "shares": 0
            }
        }
    },
    "uuid": "6f9216a8b85fca6af69413352d7d3d67a97d19fa",
    "url": "https://www.currentargus.com/story/news/nation/2023/12/28/dry-well-rescue-bend-oregon-john-mclerran/72049357007/",
    "ord_in_thread": 0,
    "parent_url": null,
    "author": "Saman Shafiq",
    "published": "2023-12-28T22:15:00.000+02:00",
    "title": "Search for missing Bend, Oregon man John McLerran ends in dry well",
    "text": "Oregon man reported missing on Christmas Day found alive in a dry well after 2 days [Saman Shafiq](https://www.usatoday.com/staff/12168535002/saman-shafiq/) A man, who was reported missing on Christmas Day in Oregon, was found alive Wednesday afternoon in a dry well several blocks from his home, the [Bend Police Department](https://www.bendoregon.gov/government/departments/police/) said. John Michael McLerran, 34, was reported to be missing on Monday, Dec. 25, after authorities responded to a welfare check around 5:30 p.m. McLerran had left his home in midtown Bend to get coffee but never returned. Police said that McLerran did not take his wallet or identification with him. Two days later, on Wednesday around 3 p.m., a community member called 911 to report that they had found McLerran stuck about six feet below street level in a dry well inside the parking lot of a gated storage unit site. Bend Police and the city's Fire & Rescue Department responded to the scene and were able to retrieve McLerran from the drain. He was later taken to a local hospital for evaluation, said the police, and is in good condition. No foul play Police said that it appeared that McLerran got into the dry well on his own and that there was no foul play. \"Our officers reviewed surveillance footage from the storage unit site and determined no criminal wrongdoing took place,\" said the police. Saman Shafiq is a trending news reporter for USA TODAY. Reach her at sshafiq@gannett.com and follow her on X, the platform formerly known as Twitter @saman_shafiq7.",
    "highlightText": "",
    "highlightTitle": "",
    "highlightThreadTitle": "",
    "language": "english",
    "sentiment": "positive",
    "categories": [
        "Human Interest",
        "Disaster and Accident"
    ],
    "external_links": [
        "https://www.bendoregon.gov/government/departments/police/)",
        "https://www.usatoday.com/staff/12168535002/saman-shafiq/)",
        "https://bendoregon.gov/government/departments/police/)",
        "https://usatoday.com/staff/12168535002/saman-shafiq/)"
    ],
    "external_images": [],
    "entities": {
        "persons": [
            {
                "name": "saman shafiq",
                "sentiment": "negative"
            },
            {
                "name": "john mclerran",
                "sentiment": "negative"
            },
            {
                "name": "mclerran",
                "sentiment": "none"
            },
            {
                "name": "john michael mclerran",
                "sentiment": "none"
            }
        ],
        "organizations": [
            {
                "name": "bend police department",
                "sentiment": "none"
            },
            {
                "name": "fire & rescue department",
                "sentiment": "none"
            }
        ],
        "locations": [
            {
                "name": "oregon",
                "sentiment": "none"
            }
        ]
    },
    "rating": null,
    "crawled": "2023-12-29T00:21:20.631+02:00",
    "updated": "2023-12-29T00:21:20.631+02:00"
}