{
    "thread": {
        "uuid": "65f16db2c4d5c5ff3eaa06cd44cf54b8a1101161",
        "url": "https://www.wlwt.com/article/emma-heming-marks-16-years-with-bruce-willis/46245146",
        "site_full": "www.wlwt.com",
        "site": "wlwt.com",
        "site_section": "http://www.wlwt.com/topstories-rss",
        "site_categories": [
            "media"
        ],
        "section_title": "Top Stories",
        "title": "Emma Heming marks 16 years with Bruce Willis in candid message: 'Anniversaries are hard'",
        "title_full": "Emma Heming marks 16 years with Bruce Willis in candid message: 'Anniversaries are hard'",
        "published": "2023-12-29T00:07:00.000+02:00",
        "replies_count": 0,
        "participants_count": 0,
        "site_type": "news",
        "country": "US",
        "main_image": "https://kubrick.htvapps.com/htv-prod-media.s3.amazonaws.com/images/cnn-l19jb21wb25lbnrzl2ltywdll2luc3rhbmnlcy9szwrllwfmyzg1mzcwn2mwzddiogu5zmvhyjfioge1nta2mze1-l19wywdlcy9oxzc5m2mxzmi4m2myymfinjmwntjhzmy0zdjjmja3ymfj-jpg-6511f0af746b6.jpg?crop=1.00xw:1.00xh;0,0&amp;resize=1200:*",
        "performance_score": 0,
        "domain_rank": 10365,
        "domain_rank_updated": "2023-12-26T12:06:20.000+02:00",
        "reach": null,
        "social": {
            "facebook": {
                "likes": 0,
                "comments": 0,
                "shares": 0
            },
            "gplus": {
                "shares": 0
            },
            "pinterest": {
                "shares": 0
            },
            "linkedin": {
                "shares": 0
            },
            "stumbledupon": {
                "shares": 0
            },
            "vk": {
                "shares": 0
            }
        }
    },
    "uuid": "65f16db2c4d5c5ff3eaa06cd44cf54b8a1101161",
    "url": "https://www.wlwt.com/article/emma-heming-marks-16-years-with-bruce-willis/46245146",
    "ord_in_thread": 0,
    "parent_url": null,
    "author": null,
    "published": "2023-12-29T00:07:00.000+02:00",
    "title": "Emma Heming marks 16 years with Bruce Willis in candid message: 'Anniversaries are hard'",
    "text": "Emma Heming marks 16 years with Bruce Willis in candid message: ‘Anniversaries are hard’ Bruce Willis and his wife [Emma Heming](https://www.cnn.com/2023/11/15/entertainment/bruce-willis-wife-emma-caregiving/index.html) are celebrating their \"sweet 16.\" On Wednesday, Heming celebrated the couple's 16-year anniversary by [sharing](https://www.instagram.com/p/C1XMGLmLjqd/?hl=en&img_index=1) a photo of herself kissing Willis's cheek on her Instagram page, writing in the caption, \"16 years with this special man. My love and adoration for him only grows.\" Video above: Emma Heming Willis 'not good' amid husband Bruce Willis' dementia battle The couple wed in 2009 and share two daughters together, Mabel and Evelyn. Heming also posted a vulnerable message to her [\"Die Hard\"](https://www.cnn.com/2023/12/24/entertainment/peter-billingsley-die-hard-christmas/index.html) actor's [health issues](https://www.cnn.com/2023/10/12/entertainment/bruce-willis-moonlighting-creator/index.html), sharing in the video that she \"was able to have a good cry\" with a close friend. \"It is really important to be able to have someone that you can trust with your feelings instead of just bottling them up and putting your best foot forward and just kind of soldiering through stuff, which I have a tendency to do,\" Heming said in the video. In February, Willis's family – including Heming, ex-wife Demi Moore and his daughters – [announced](https://www.cnn.com/2023/02/16/entertainment/bruce-willis-dementia/index.html) that the actor has been diagnosed with a form of dementia called frontotemporal dementia, or [FTD](https://www.mayoclinic.org/diseases-conditions/frontotemporal-dementia/symptoms-causes/syc-20354737) for short. Heming, who has been open about her journey as Willis's primary caretaker on her social media ever since, said in her video this week that \"holidays are hard, anniversaries are hard.\" She added that \"building a community and connection\" has helped her get through it this year. \"That has been my lifeline and I just want to thank you for that,\" she said. Heming wrote in the caption to her Instagram video about receiving \"countless messages of love and support because Bruce is so beloved,\" and that these messages help her feel \"less alone.\" \"I wish I could answer all the messages because they are deep, raw and poetic but please know that I appreciate them so very much,\" she wrote. \"I am grateful to you.\"",
    "highlightText": "",
    "highlightTitle": "",
    "highlightThreadTitle": "",
    "language": "english",
    "sentiment": "positive",
    "categories": [
        "Lifestyle and Leisure",
        "Human Interest"
    ],
    "external_links": [
        "https://cnn.com/2023/02/16/entertainment/bruce-willis-dementia/index.html",
        "https://www.cnn.com/2023/02/16/entertainment/bruce-willis-dementia/index.html",
        "https://www.mayoclinic.org/diseases-conditions/frontotemporal-dementia/symptoms-causes/syc-20354737",
        "https://cnn.com/2023/10/12/entertainment/bruce-willis-moonlighting-creator/index.html",
        "https://www.cnn.com/2023/12/24/entertainment/peter-billingsley-die-hard-christmas/index.html",
        "https://www.cnn.com/2023/10/12/entertainment/bruce-willis-moonlighting-creator/index.html",
        "https://mayoclinic.org/diseases-conditions/frontotemporal-dementia/symptoms-causes/syc-20354737",
        "https://www.instagram.com/p/C1XMGLmLjqd/?hl=en&img_index=1",
        "https://www.cnn.com/2023/11/15/entertainment/bruce-willis-wife-emma-caregiving/index.html",
        "https://cnn.com/2023/12/24/entertainment/peter-billingsley-die-hard-christmas/index.html",
        "https://instagram.com/p/C1XMGLmLjqd/?hl=en&img_index=1",
        "https://www.instagram.com/p/C1XMGLmLjqd/",
        "https://cnn.com/2023/11/15/entertainment/bruce-willis-wife-emma-caregiving/index.html"
    ],
    "external_images": [],
    "entities": {
        "persons": [
            {
                "name": "emma heming",
                "sentiment": "positive"
            },
            {
                "name": "bruce willi",
                "sentiment": "positive"
            },
            {
                "name": "bruce willis",
                "sentiment": "positive"
            },
            {
                "name": "evelyn",
                "sentiment": "none"
            },
            {
                "name": "demi moore",
                "sentiment": "none"
            },
            {
                "name": "willis",
                "sentiment": "none"
            },
            {
                "name": "emma heming willis",
                "sentiment": "none"
            },
            {
                "name": "heming",
                "sentiment": "none"
            },
            {
                "name": "mabel",
                "sentiment": "none"
            }
        ],
        "organizations": [],
        "locations": []
    },
    "rating": null,
    "crawled": "2023-12-29T00:16:17.773+02:00",
    "updated": "2023-12-29T04:01:38.965+02:00"
}