{
    "thread": {
        "uuid": "4d17ea3910f23ede8793e024693fd9a8dd0e2a40",
        "url": "https://thatgrapejuice.net/entertainment/2023/12/ciara-on-the-color-purple-one-of-my-proudest-accomplishments-of-my-career/",
        "site_full": "thatgrapejuice.net",
        "site": "thatgrapejuice.net",
        "site_section": "https://thatgrapejuice.net/feed/",
        "site_categories": [
            "music",
            "entertainment"
        ],
        "section_title": "..::That Grape Juice.net::.. &#8211; Thirsty?",
        "title": "Ciara on ‘The Color Purple’: “One of My Proudest Accomplishments of My Career”",
        "title_full": "Ciara on ‘The Color Purple’: “One of My Proudest Accomplishments of My Career”",
        "published": "2023-12-29T00:13:00.000+02:00",
        "replies_count": 0,
        "participants_count": 1,
        "site_type": "news",
        "country": "US",
        "main_image": "https://thatgrapejuice.net/wp-content/uploads/2023/12/ciara-the-color-purple-2023-tgj-1.jpg",
        "performance_score": 0,
        "domain_rank": 66414,
        "domain_rank_updated": "2023-12-26T12:06:25.000+02:00",
        "reach": null,
        "social": {
            "facebook": {
                "likes": 0,
                "comments": 0,
                "shares": 0
            },
            "gplus": {
                "shares": 0
            },
            "pinterest": {
                "shares": 0
            },
            "linkedin": {
                "shares": 0
            },
            "stumbledupon": {
                "shares": 0
            },
            "vk": {
                "shares": 0
            }
        }
    },
    "uuid": "4d17ea3910f23ede8793e024693fd9a8dd0e2a40",
    "url": "https://thatgrapejuice.net/entertainment/2023/12/ciara-on-the-color-purple-one-of-my-proudest-accomplishments-of-my-career/",
    "ord_in_thread": 0,
    "parent_url": null,
    "author": "Sam",
    "published": "2023-12-29T00:13:00.000+02:00",
    "title": "Ciara on ‘The Color Purple’: “One of My Proudest Accomplishments of My Career”",
    "text": "With [‘The Color Purple’](https://thatgrapejuice.net/entertainment/2023/10/extended-trailer-the-color-purple-starring-fantasia-halle-bailey-ciara-danielle-brooks-taraji-p-henson-more/) off to a [blazing start at the US box office](https://thatgrapejuice.net/entertainment/2023/12/the-color-purple-triumphs-with-huge-christmas-day-opening/), Ciara has joined her castmates in celebrating the film everyone is talking about. As reported, the singer – who [gave birth to her fourth child earlier this month](https://thatgrapejuice.net/2023/12/ciara-gives-birth-welcomes-new-baby-girl-with-russell-wilson/) – plays adult Nettie in the Blitz Bazawule-directed film. Reimagined as a musical, the latest incarnation of Alice Walker‘s beloved tale also sees CiCi appear on its [star-studded soundtrack.](https://thatgrapejuice.net/2023/12/stream-the-color-purple-soundtrack-featuring-fantasia-usher-megan-thee-stallion-mary-j-blige-h-e-r-alicia-keys-more/) In a touching post, the [‘Level Up’](https://thatgrapejuice.net/2018/07/new-song-ciara-level-full/) performer reflects on what the moment means to her and her trajectory at large. See what she had to say below… Sharing a clip of her dancing and posing it up with the likes of castmates Fantasia Barrino, Taraji P. Henson, and Danielle Brooks, as well as the film’s producer Oprah Winfrey, Ciara wrote: “One of my proudest accomplishments of my career and this year! This was truly an honor to be a part of this beautiful ensemble. Thank you @BlitzAmbassador for believing in me. Me as Nettie! @TheColorPurple Out Now 💜” One of my proudest accomplishments of my career and this year! This was truly an honor to be a part of this beautiful ensemble. Thank you [@BlitzAmbassador]for believing in me. Me as Nettie! [@TheColorPurple]Out Now 💜 [pic.twitter.com/xWDazHw2mc] — Ciara (@ciara) [December 28, 2023] Touching! ‘The Color Purple,’ which has [nabbed multiple Golden Globes nominations](https://thatgrapejuice.net/entertainment/2023/12/golden-globes-2024-full-nominations-list-fantasia-danielle-brooks-colman-domingo-barbie-more-named/), is playing in US theaters now and dances into UK cinemas on January 26.",
    "highlightText": "",
    "highlightTitle": "",
    "highlightThreadTitle": "",
    "language": "english",
    "sentiment": "positive",
    "categories": [
        "Arts, Culture and Entertainment",
        "Human Interest"
    ],
    "external_links": [],
    "external_images": [],
    "entities": {
        "persons": [
            {
                "name": "ciara",
                "sentiment": "negative"
            },
            {
                "name": "danielle brooks",
                "sentiment": "none"
            },
            {
                "name": "oprah winfrey",
                "sentiment": "none"
            },
            {
                "name": "nettie",
                "sentiment": "none"
            },
            {
                "name": "alice walker",
                "sentiment": "none"
            },
            {
                "name": "taraji p. henson",
                "sentiment": "none"
            }
        ],
        "organizations": [],
        "locations": [
            {
                "name": "us",
                "sentiment": "none"
            }
        ]
    },
    "rating": null,
    "crawled": "2023-12-29T00:24:07.092+02:00",
    "updated": "2023-12-29T03:37:57.378+02:00"
}