{
    "thread": {
        "uuid": "960b13f6b1e6cd775210e5d2c4ad650424a08807",
        "url": "https://ileon.eldiario.es/cultura/ayuntamiento-sariegos-apuesta-cultura-magia-musica-clasica_1_10801095.html",
        "site_full": "ileon.eldiario.es",
        "site": "eldiario.es",
        "site_section": "https://elbierzo.eldiario.es",
        "site_categories": [],
        "section_title": "Noticias de El Bierzo en elBierzo.elDiario.es – iLeon.com",
        "title": "El Ayuntamiento de Sariegos apuesta por la cultura con la magia y la música clásica",
        "title_full": "El Ayuntamiento de Sariegos apuesta por la cultura con la magia y la música clásica",
        "published": "2023-12-28T20:46:00.000+02:00",
        "replies_count": 0,
        "participants_count": 1,
        "site_type": "news",
        "country": "ES",
        "main_image": "https://static.eldiario.es/clip/7c5a4849-c87d-4a1d-b315-5d7450ffcbb0_facebook-ileon-watermarked-aspect-ratio_default_0.jpg",
        "performance_score": 0,
        "domain_rank": 2942,
        "domain_rank_updated": "2023-12-26T12:06:20.000+02:00",
        "reach": null,
        "social": {
            "facebook": {
                "likes": 4,
                "comments": 0,
                "shares": 1
            },
            "gplus": {
                "shares": 0
            },
            "pinterest": {
                "shares": 0
            },
            "linkedin": {
                "shares": 0
            },
            "stumbledupon": {
                "shares": 0
            },
            "vk": {
                "shares": 0
            }
        }
    },
    "uuid": "960b13f6b1e6cd775210e5d2c4ad650424a08807",
    "url": "https://ileon.eldiario.es/cultura/ayuntamiento-sariegos-apuesta-cultura-magia-musica-clasica_1_10801095.html",
    "ord_in_thread": 0,
    "parent_url": null,
    "author": "Agencia EFE",
    "published": "2023-12-28T20:46:00.000+02:00",
    "title": "El Ayuntamiento de Sariegos apuesta por la cultura con la magia y la música clásica",
    "text": "[Navidad](https://ileon.eldiario.es/temas/navidad) El Ayuntamiento de Sariegos apuesta por la cultura con la magia y la música clásica El Ayuntamiento de Sariegos (León) ha preparado un amplio y variado programa de actividades para animar las fechas navideñas que tiene en los últimos días del año un hueco destacado para la cultura, y a la exposición del Belén Artesano de ganchillo realizado por la Asociación 'La Tierra Negra' que se podrá contemplar de 18.00 a 20.00 horas hasta el 7 de enero, se unirán la magia y la música clásica. La cita con la magia llegará de la mano del Festival Internacional de Magia, que este año llega a su vigésima edición, y que trae dos de sus actuaciones al municipio de Sariegos, la primera de ellas en el Auditorio Café Quijano de Azadinos, este viernes 29 de diciembre, desde las 19.00 horas, con Alejandro Revuelta como mago dispuesto a sorprender al público. La música clásica tendrá como protagonista a la Coral Capilla Clásica, que con la dirección de Elena María Fernández Delgado, llevará el 30 de diciembre, a las 19.30 horas, una muestra de su repertorio a la Iglesia Parroquial de Carbajal de la Legua. El alcalde, Roberto Aller Llanos, ha animado a los vecinos a “disfrutar de estas iniciativas culturales de primer nivel sin tener que salir del municipio. Desde este equipo de gobierno tratamos de traer a las localidades del Ayuntamiento de Sariegos actividades culturales atractivas y éstos son dos buenos ejemplos”.",
    "highlightText": "",
    "highlightTitle": "",
    "highlightThreadTitle": "",
    "language": "spanish",
    "sentiment": "positive",
    "categories": [
        "Arts, Culture and Entertainment",
        "Human Interest"
    ],
    "external_links": [],
    "external_images": [],
    "entities": {
        "persons": [],
        "organizations": [],
        "locations": []
    },
    "rating": null,
    "crawled": "2023-12-29T00:16:50.261+02:00",
    "updated": "2023-12-29T00:16:50.261+02:00"
}