{
    "thread": {
        "uuid": "adc59a175013ecb2df69c61344ea161990b62f59",
        "url": "https://www.wfmz.com/news/cnn/us-national/raw-az-endangered-zebra-born-christmas-day-at-tucson-zoo/video_d171afa6-bc08-567a-9eae-746deba595fa.html",
        "site_full": "www.wfmz.com",
        "site": "wfmz.com",
        "site_section": "https://www.wfmz.com/video",
        "site_categories": [
            "media"
        ],
        "section_title": "Video - WFMZ-TV 69News | wfmz.com",
        "title": "RAW: AZ: ENDANGERED ZEBRA BORN CHRISTMAS DAY AT TUCSON ZOO | CNN | wfmz.com",
        "title_full": "RAW: AZ: ENDANGERED ZEBRA BORN CHRISTMAS DAY AT TUCSON ZOO | CNN | wfmz.com",
        "published": "2023-12-28T07:00:00.000+02:00",
        "replies_count": 0,
        "participants_count": 0,
        "site_type": "news",
        "country": "US",
        "main_image": "https://bloximages.newyork1.vip.townnews.com/wfmz.com/content/tncms/assets/v3/editorial/d/17/d171afa6-bc08-567a-9eae-746deba595fa/658de42902906.image.jpg?crop=1920%2C1008%2C0%2C35&amp;resize=1200%2C630&amp;order=crop%2Cresize",
        "performance_score": 0,
        "domain_rank": 7563,
        "domain_rank_updated": "2023-12-26T12:06:20.000+02:00",
        "reach": null,
        "social": {
            "facebook": {
                "likes": 0,
                "comments": 0,
                "shares": 0
            },
            "gplus": {
                "shares": 0
            },
            "pinterest": {
                "shares": 0
            },
            "linkedin": {
                "shares": 0
            },
            "stumbledupon": {
                "shares": 0
            },
            "vk": {
                "shares": 0
            }
        }
    },
    "uuid": "adc59a175013ecb2df69c61344ea161990b62f59",
    "url": "https://www.wfmz.com/news/cnn/us-national/raw-az-endangered-zebra-born-christmas-day-at-tucson-zoo/video_d171afa6-bc08-567a-9eae-746deba595fa.html",
    "ord_in_thread": 0,
    "parent_url": null,
    "author": null,
    "published": "2023-12-28T07:00:00.000+02:00",
    "title": "RAW: AZ: ENDANGERED ZEBRA BORN CHRISTMAS DAY AT TUCSON ZOO | CNN | wfmz.com",
    "text": "[] RAW: AZ: ENDANGERED ZEBRA BORN CHRISTMAS DAY AT TUCSON ZOO - - Updated [0](https://www.wfmz.com/news/cnn/us-national/raw-az-endangered-zebra-born-christmas-day-at-tucson-zoo/video_d171afa6-bc08-567a-9eae-746deba595fa.html#comments) Lehigh Valley News - [ArtsQuest's Bridge fire statue to be repaired, will burn again at SteelStacks in 2024](/news/area/lehighvalley/artsquests-bridge-fire-statue-to-be-repaired-will-burn-again-at-steelstacks-in-2024/article_d5620102-a5bb-11ee-ade5-ef785cf5e167.html) - [Crash involving 2 tractor-trailers ties up traffic on stretch of I-78](/news/area/lehighvalley/crash-involving-2-tractor-trailers-ties-up-traffic-on-stretch-of-i-78/article_11712d76-a5bc-11ee-9702-4bfa3e1dd364.html) - [2023 is the Lehigh Valley's wettest December on record](/news/area/lehighvalley/2023-is-the-lehigh-valleys-wettest-december-on-record/article_5dc821b2-a5bb-11ee-b383-2fe17676fb26.html) - [Northampton County to launch new website, county executive says it will be easier to navigate](/news/area/lehighvalley/northampton-county-to-launch-new-website-county-executive-says-it-will-be-easier-to-navigate/article_738e9402-a5b8-11ee-8af6-6bd51580c161.html) - [‘Difficult time’: Family-run eatery abruptly shutters in Northampton County](/features/eat-sip-shop/difficult-time-family-run-eatery-abruptly-shutters-in-northampton-county/article_b0782082-a5b2-11ee-9bca-8782eb7c35e2.html) - [Power outages reported after heavy rain across the region](/news/area/lehighvalley/power-outages-reported-after-heavy-rain-across-the-region/article_b96c29f2-a5a5-11ee-863a-3fd354a6b3ba.html) - [Retail recap: Businesses that opened or closed in the Lehigh Valley, nearby areas in 2023](/features/eat-sip-shop/retail-recap-businesses-that-opened-or-closed-in-the-lehigh-valley-nearby-areas-in-2023/article_3db95aec-a4e1-11ee-b6f9-9b826da257b7.html) - [British semiconductor company IQE completing shutdown of South Bethlehem operations](/news/area/lehighvalley/british-semiconductor-company-iqe-completing-shutdown-of-south-bethlehem-operations/article_791f34cc-a585-11ee-85cd-bfde01bd03c3.html) - [Heavy rain causes flooding in parts of the area](/weather/heavy-rain-causes-flooding-in-parts-of-the-area/article_e6d0d976-a567-11ee-8f63-ab75cb0820e6.html) - [Some skiers' plans upended, as ski resorts across area close early due to conditions](/news/area/lehighvalley/some-skiers-plans-upended-as-ski-resorts-across-area-close-early-due-to-conditions/article_1ae18862-a524-11ee-94bf-0bd1944138dc.html) Berks Area News - [Retail recap: Businesses that opened or closed in the Lehigh Valley, nearby areas in 2023](/features/eat-sip-shop/retail-recap-businesses-that-opened-or-closed-in-the-lehigh-valley-nearby-areas-in-2023/article_3db95aec-a4e1-11ee-b6f9-9b826da257b7.html) - [Reading Royals to pay tribute to RSD with name change](/news/area/berks/reading-royals-to-pay-tribute-to-rsd-with-name-change/article_75c1a54e-a53a-11ee-b6e4-5f6b68f34325.html) - [Reading allocates $400K for temporary winter housing](/news/area/berks/reading-allocates-400k-for-temporary-winter-housing/article_1eaa10c8-a532-11ee-b100-132ddb728cd6.html) - [Some skiers' plans upended, as ski resorts across area close early due to conditions](/news/area/lehighvalley/some-skiers-plans-upended-as-ski-resorts-across-area-close-early-due-to-conditions/article_1ae18862-a524-11ee-94bf-0bd1944138dc.html) - [Reading hires new police chief from Tampa](/news/area/berks/reading-hires-new-police-chief-from-tampa/article_f44ab526-a518-11ee-a2fd-77591ccd7f08.html) - [Local doctors weigh in, as infections rise amid flu and cold season](/news/area/lehighvalley/local-doctors-weigh-in-as-infections-rise-amid-flu-and-cold-season/article_88f1f9fa-a505-11ee-8a60-5fe716e28bcb.html) - [Kelly Toyota donates over $90,000 to local charities, groups this holiday season](/news/area/berks/kelly-toyota-donates-over-90-000-to-local-charities-groups-this-holiday-season/article_b2f81f52-a50c-11ee-8643-ff438927e878.html) - [Used Christmas trees help improve aquatic habitat at Blue Marsh Lake](/news/area/berks/used-christmas-trees-help-improve-aquatic-habitat-at-blue-marsh-lake/article_ac605696-a502-11ee-b000-cb0625a6f673.html) - [Reading Police: Child accidentally shoots himself in leg on Christmas Eve](/news/area/berks/reading-police-child-accidentally-shoots-himself-in-leg-on-christmas-eve/article_6696150a-a4fe-11ee-b85d-b75f4253b437.html) - [Coroner seeking next of kin for Kempton woman](/news/area/berks/coroner-seeking-next-of-kin-for-kempton-woman/article_360d4550-a4ce-11ee-8180-ff447cfc9d34.html)",
    "highlightText": "",
    "highlightTitle": "",
    "highlightThreadTitle": "",
    "language": "english",
    "sentiment": "positive",
    "categories": [
        "Human Interest",
        "Arts, Culture and Entertainment",
        "Environment"
    ],
    "external_links": [],
    "external_images": [],
    "entities": {
        "persons": [],
        "organizations": [
            {
                "name": "cnn",
                "sentiment": "negative"
            },
            {
                "name": "steelstacks",
                "sentiment": "none"
            },
            {
                "name": "lehigh valley news",
                "sentiment": "none"
            }
        ],
        "locations": [
            {
                "name": "tucson",
                "sentiment": "none"
            },
            {
                "name": "northampton county",
                "sentiment": "none"
            },
            {
                "name": "lehigh valley",
                "sentiment": "none"
            },
            {
                "name": "artsquest's bridge",
                "sentiment": "none"
            }
        ]
    },
    "rating": null,
    "crawled": "2023-12-29T00:21:54.731+02:00",
    "updated": "2023-12-29T00:21:54.731+02:00"
}