{
    "thread": {
        "uuid": "b490df1d8e2ed633ad3ca7e6e8c6817d2f5edcbc",
        "url": "https://yen.com.gh/entertainment/style/248475-ghanaian-doctor-flawless-dark-skin-rocks-gold-glittering-corseted-kente-gown-wedding/",
        "site_full": "yen.com.gh",
        "site": "yen.com.gh",
        "site_section": "https://yen.com.gh",
        "site_categories": [
            "media"
        ],
        "section_title": "YEN News - Ghana News, Breaking News, Africa and World Latest Updates",
        "title": "Ghanaian Doctor With Flawless Dark Skin Rocks Gold Glittering Corseted Kente Gown For Her Wedding - YEN.COM.GH",
        "title_full": "Ghanaian Doctor With Flawless Dark Skin Rocks Gold Glittering Corseted Kente Gown For Her Wedding - YEN.COM.GH",
        "published": "2023-12-28T22:18:00.000+02:00",
        "replies_count": 0,
        "participants_count": 1,
        "site_type": "news",
        "country": "GH",
        "main_image": "https://images.yen.com.gh/images/5bb0d8473a724fee.png?imwidth=1200",
        "performance_score": 0,
        "domain_rank": 45015,
        "domain_rank_updated": "2023-12-26T12:06:25.000+02:00",
        "reach": null,
        "social": {
            "facebook": {
                "likes": 0,
                "comments": 0,
                "shares": 0
            },
            "gplus": {
                "shares": 0
            },
            "pinterest": {
                "shares": 0
            },
            "linkedin": {
                "shares": 0
            },
            "stumbledupon": {
                "shares": 0
            },
            "vk": {
                "shares": 0
            }
        }
    },
    "uuid": "b490df1d8e2ed633ad3ca7e6e8c6817d2f5edcbc",
    "url": "https://yen.com.gh/entertainment/style/248475-ghanaian-doctor-flawless-dark-skin-rocks-gold-glittering-corseted-kente-gown-wedding/",
    "ord_in_thread": 0,
    "parent_url": null,
    "author": "Portia Arthur",
    "published": "2023-12-28T22:18:00.000+02:00",
    "title": "Ghanaian Doctor With Flawless Dark Skin Rocks Gold Glittering Corseted Kente Gown For Her Wedding - YEN.COM.GH",
    "text": "Ghanaian Doctor With Flawless Dark Skin Rocks Gold Glittering Corseted Kente Gown For Her Wedding - Ghanaian doctor has gone viral with her beautiful outfits for her viral wedding photos and videos - The melanin bride looked ravishing in four different hairstyles and makeup to match her looks - Some social media users have commented on Dr Afia Agyinsam's flawless skin and beautiful smile Ghanaian medical doctor and published author Afia Agyinsam walked down the aisle in a lovely ceremony over the weekend with some top politicians in attendance. At the lavish wedding ceremony, her Excellency the Second Lady of Ghana, [Samira Bawumia](https://yen.com.gh/tags/samira-bawumia/), looked exquisite in a blue lace gown and matching turban. Watch the [video](https://www.instagram.com/p/C1Y885vibRD/) below; PAY ATTENTION: Сheck out news that is picked exactly for YOU ➡️ click on [“Recommended for you” ](https://yen.com.gh/recommended/)and enjoy! Ghanaian bride Afia Agyinsam dazzled in a gold-beaded kente gown and an elegant hairstyle for her traditional wedding. Watch the [video](https://www.instagram.com/p/C1Jf6tliKJy/) below; Ghanaian bride Afia looks stunning in a kente fringe dress for her wedding reception The gorgeous melanin bride looked effortlessly chic in a sleeveless kente dress paired with designer shoes for her traditional wedding reception. The handsome groom and medical doctor wore a three-piece agbada while showing off his dance moves. Watch the [video](https://www.instagram.com/p/C1Ly6xLiGBv/) below; Some social media users have commented on Ghanaian bride Dr Afia Sam's wedding photos YEN.com.gh has compiled some reactions below; Adademartha stated: Black is gold aphiya_konadu stated: Black beauty....wow __ann__macs stated: Dark Chocolate ❤️❤️ glam_by_veth stated: Always maintaining ski yvnn_parry stated: As always!! Yomiflawless stated: Holy grail bling_outlet stated: Skin is skinning! Well done @reggies_makeovers Takyiwaaaa stated: Beautiful kinesh_creationz stated: She is a beauty….. Black is bae barb_rita_ stated: Congratulations Dr.Afia Leezy. heezy stated: Black beauty makeup_by_plange stated: Tuntum broni ampa afiaboatemaa360 stated: Black Magic❤️ Ackahphyllis stated: Congrats Afia. We are still chillaxing here Ghanaian Bride With Curves Looks Stunning In One-Of-A-Kind Kente Gown Adorned With Intricate Fringes Earlier, YEN.com.gh wrote about a [Ghanaian bride](https://yen.com.gh/entertainment/style/248387-ghanaian-bride-curves-stunning-a-kind-kente-gown-adorned-intricate-fringes/), Vanessa, who married wearing an exquisite kente gown. A well-known Ghanaian wedding fashion designer created the stunning bride with the most attention. Several social media users have complimented the bride while praising the designer for her outstanding work. New feature: Сheck out news that is picked for YOU ➡️ click on [“Recommended for you” ](https://yen.com.gh/recommended/) and enjoy! Source: YEN.com.gh",
    "highlightText": "",
    "highlightTitle": "",
    "highlightThreadTitle": "",
    "language": "english",
    "sentiment": "positive",
    "categories": [
        "Lifestyle and Leisure",
        "Human Interest",
        "Arts, Culture and Entertainment"
    ],
    "external_links": [
        "https://www.instagram.com/p/C1Ly6xLiGBv/)",
        "https://www.instagram.com/p/C1Jf6tliKJy/)",
        "https://www.instagram.com/p/C1Y885vibRD/)",
        "https://instagram.com/p/C1Ly6xLiGBv/)",
        "https://instagram.com/p/C1Y885vibRD/)",
        "https://instagram.com/p/C1Jf6tliKJy/)"
    ],
    "external_images": [],
    "entities": {
        "persons": [
            {
                "name": "afia agyinsam",
                "sentiment": "none"
            },
            {
                "name": "samira bawumia",
                "sentiment": "none"
            }
        ],
        "organizations": [],
        "locations": [
            {
                "name": "ghana",
                "sentiment": "none"
            }
        ]
    },
    "rating": null,
    "crawled": "2023-12-29T00:22:42.149+02:00",
    "updated": "2023-12-29T00:22:42.149+02:00"
}