{
    "thread": {
        "uuid": "fc49f41d01b55b686a50ec7dfc226a368fa70d6a",
        "url": "https://stylevanity.com/2023/12/swing-into-action-discovering-the-finest-mini-golf-courses-in-london.html",
        "site_full": "stylevanity.com",
        "site": "stylevanity.com",
        "site_section": "https://stylevanity.com/feed",
        "site_categories": [
            "style_and_fashion",
            "beauty"
        ],
        "section_title": "Style Vanity",
        "title": "Swing Into Action: Discovering the Finest Mini Golf Courses in London",
        "title_full": "Swing Into Action: Discovering the Finest Mini Golf Courses in London",
        "published": "2023-12-28T23:28:00.000+02:00",
        "replies_count": 0,
        "participants_count": 1,
        "site_type": "news",
        "country": "US",
        "main_image": "https://stylevanity.com/wp-content/uploads/2019/12/golf.jpg",
        "performance_score": 0,
        "domain_rank": 49234,
        "domain_rank_updated": "2023-12-26T12:06:25.000+02:00",
        "reach": null,
        "social": {
            "facebook": {
                "likes": 0,
                "comments": 0,
                "shares": 0
            },
            "gplus": {
                "shares": 0
            },
            "pinterest": {
                "shares": 0
            },
            "linkedin": {
                "shares": 0
            },
            "stumbledupon": {
                "shares": 0
            },
            "vk": {
                "shares": 0
            }
        }
    },
    "uuid": "fc49f41d01b55b686a50ec7dfc226a368fa70d6a",
    "url": "https://stylevanity.com/2023/12/swing-into-action-discovering-the-finest-mini-golf-courses-in-london.html",
    "ord_in_thread": 0,
    "parent_url": null,
    "author": "Aly",
    "published": "2023-12-28T23:28:00.000+02:00",
    "title": "Swing Into Action: Discovering the Finest Mini Golf Courses in London",
    "text": "Welcome to the most fascinating mini golf courses in the heart of London. Get ready to explore the magical world of mini golf in this amazing city, discovering the most interesting and well-designed venues. A diversity of themes is there for everyone to encounter them. This journey definitely promises to lead every individual to an unexpected and unforgettable experience full of joy, happiness and a competitive spirit. Join us in this adventure and prepare yourselves to come across with lively indoor and outdoor crazy golf and games.\n1. Escape from daily anxiety\nFirst and foremost, one of the main benefits of mini golf clubs in London is that there is the possibility of a quick\nescape from the daily worries and the stress. The pressure of the city may cause serious problems on the ultimate well-being. Mini golf centres have the privilege of setting a world where time seems to flow in a slow way and every kind of concern takes a backseat in people’s minds. Due to the full concentration on the moment of playing , an instant relief takes place and this gives everyone the chance to relax and enjoy the present. Tranquility and adrenaline join forces and an ideal environment for the rejuvenation of wellness is fostered.\n2. Mini golf tournaments and events\nIf you make a simple search using the following words “\ncrazy golf with plonkgolf.co.uk”, you will get informed about a range of tournaments and events that are held throughout the year. For someone who seeks a competitive edge, these events constitute the perfect option. In particular, tournaments’ organisers set challenging games providing the competitors with the luck of showing and developing their skills against each other. Enthusiasts can exchange experiences and even make new friendships. Without any doubt, these events play a significant role in people’s socialisation and they enhance a sense of community among individuals.\n3. Educational dimension of mini golf courses\nFurthermore, immersing yourselves in mini golf experience gives a more profound meaning in the field of education and learning. This happens because as the players explore a diversity of themed courses, they are able to understand the space around them better. Every spot represents a story or an important incident and this encourages individuals to investigate hidden aspects. Moreover, the players are supposed to face plenty of obstacles and in order for them to get over every difficulty, it is necessary to use their mind and apply alternative strategies and smart techniques. As a result, the competitors feel alert and energetic during the games. Levels of adrenaline rise, too. The outcome is the transformation of a simple game into an exciting experience.\nAll in all,\nLondon’s mini golf courses offer numerous possibilities for extraordinary activities. A diverse range of scenery and landscapes await you to try them. Beyond any doubt, these courses cater to all wishes and ages. So, when you are in London, swing into action and you will gain tremendous profits.",
    "highlightText": "",
    "highlightTitle": "",
    "highlightThreadTitle": "",
    "language": "english",
    "sentiment": "positive",
    "categories": [
        "Human Interest",
        "Arts, Culture and Entertainment",
        "Lifestyle and Leisure"
    ],
    "external_links": [
        "https://www.huffingtonpost.co.uk/entry/health-benefits-of-golf-study_uk_57f61562e4b0efc7e3c4b126",
        "https://www.plonkgolf.co.uk/",
        "https://lazypenguins.com/crazy-golf-in-london-10-of-the-coolest-courses-in-the-city/",
        "https://plonkgolf.co.uk/",
        "https://www.plonkgolf.co.uk",
        "https://www.lazypenguins.com/crazy-golf-in-london-10-of-the-coolest-courses-in-the-city/",
        "https://lazypenguins.com/crazy-golf-in-london-10-of-the-coolest-courses-in-the-city",
        "https://huffingtonpost.co.uk/entry/health-benefits-of-golf-study_uk_57f61562e4b0efc7e3c4b126"
    ],
    "external_images": [],
    "entities": {
        "persons": [],
        "organizations": [],
        "locations": [
            {
                "name": "london",
                "sentiment": "none"
            }
        ]
    },
    "rating": null,
    "crawled": "2023-12-29T00:23:11.542+02:00",
    "updated": "2023-12-29T00:23:11.542+02:00"
}