{
    "thread": {
        "uuid": "cd9dc4825d71bf2f93e793119200099bdb9171d2",
        "url": "https://www.noticiasaominuto.com/desporto/2469916/o-golaco-de-estupinan-no-pesadelo-do-tottenham-no-amex-stadium",
        "site_full": "www.noticiasaominuto.com",
        "site": "noticiasaominuto.com",
        "site_section": "https://www.noticiasaominuto.com/desporto",
        "site_categories": [
            "tech",
            "email"
        ],
        "section_title": "Notícias ao Minuto - Desporto",
        "title": "O golaço de Estupiñán no pesadelo do Tottenham no Amex Stadium",
        "title_full": "O golaço de Estupiñán no pesadelo do Tottenham no Amex Stadium",
        "published": "2023-12-28T23:44:00.000+02:00",
        "replies_count": 0,
        "participants_count": 0,
        "site_type": "news",
        "country": "PT",
        "main_image": "https://media-manager.noticiasaominuto.com/1280/naom_658dec034f7a5.jpg",
        "performance_score": 0,
        "domain_rank": 30105,
        "domain_rank_updated": "2023-12-26T12:06:20.000+02:00",
        "reach": null,
        "social": {
            "facebook": {
                "likes": 0,
                "comments": 0,
                "shares": 0
            },
            "gplus": {
                "shares": 0
            },
            "pinterest": {
                "shares": 0
            },
            "linkedin": {
                "shares": 0
            },
            "stumbledupon": {
                "shares": 0
            },
            "vk": {
                "shares": 0
            }
        }
    },
    "uuid": "cd9dc4825d71bf2f93e793119200099bdb9171d2",
    "url": "https://www.noticiasaominuto.com/desporto/2469916/o-golaco-de-estupinan-no-pesadelo-do-tottenham-no-amex-stadium",
    "ord_in_thread": 0,
    "parent_url": null,
    "author": null,
    "published": "2023-12-28T23:44:00.000+02:00",
    "title": "O golaço de Estupiñán no pesadelo do Tottenham no Amex Stadium",
    "text": "P ervis Estupiñán apontou, esta quinta-feira, um belo golo na vitória do Brighton diante do Tottenham (4-2), em jogo da 19.ª jornada da Premier League. Pouco depois do arranque da segunda parte, eis que o lateral equatoriano decidiu tentar a sorte a longa distância e acabou por ser autor do melhor golo da noite.\nConfira o vídeo abaixo.\nÍNCRIVEL Pouco há a dizer, Estupiñán.\n󠁧󠁢󠁥󠁮󠁧󠁿 @premierleague | @OfficialBHAFC 3 x 0 @SpursOfficial #PremierELEVEN pic.twitter.com/8gaIOxfmjw\n— DAZN Portugal (@DAZNPortugal) December 28, 2023\nPUB Transferência de crédito: Insatisfeito com o seu crédito? Quem está mal, muda-se: transfira-o para outro banco\nCultura Viagens 19/12/23 A \"Cidade Maravilhosa\" é obrigatória em qualquer roteiro. Reserve já!\npatrocinado por Betclic Para ver... e apostar. Os jogos que vão marcar a semana\npatrocinado por Crioestaminal Primeira prenda do ano para o seu bebé? O presente que protege o futuro\nTodas as Notícias. Ao Minuto.\nSétimo ano consecutivo Escolha do Consumidor para Imprensa Online.\nDescarregue a nossa App gratuita.\nRecomendados para si",
    "highlightText": "",
    "highlightTitle": "",
    "highlightThreadTitle": "",
    "language": "portuguese",
    "sentiment": "positive",
    "categories": [
        "Arts, Culture and Entertainment",
        "Sport",
        "Human Interest"
    ],
    "external_links": [
        "https://www.flytap.com/pt-pt/destinos/brasil/rio-de-janeiro?utm_source=noticiasaominuto.com&utm_medium=display&utm_content=widgetnoticias&utm_campaign=DISPLAYAO&anetwork=DISPLAY",
        "https://twitter.com/hashtag/PremierELEVEN?src=hash&ref_src=twsrc%5Etfw",
        "https://apps.apple.com/us/app/noticias-ao-minuto-portugal/id1217833451?ct=notícias-ao-minuto&ct=buttons",
        "https://twitter.com/SpursOfficial?ref_src=twsrc%5Etfw",
        "https://t.co/8gaIOxfmjw",
        "https://twitter.com/OfficialBHAFC?ref_src=twsrc%5Etfw",
        "https://twitter.com/DAZNPortugal/status/1740480708286542323?ref_src=twsrc%5Etfw",
        "https://play.google.com/store/apps/details?id=com.noticiasaominuto.pt&hl=pt_pt&utm_source=notícias-ao-minuto&utm_medium=footer&utm_campaign=app-notícias-ao-minuto",
        "https://www.poupancanominuto.com/credito-habitacao?utm_source=poupancaaominuto&utm_medium=textlink&utm_campaign=transferencia-credito-v4",
        "https://twitter.com/premierleague?ref_src=twsrc%5Etfw",
        "https://www.flytap.com/pt-pt/destinos/brasil/rio-de-janeiro",
        "https://twitter.com/DAZNPortugal/status/1740480708286542323",
        "https://www.poupancanominuto.com/credito-habitacao",
        "https://www.twitter.com/DAZNPortugal/status/1740480708286542323?ref_src=twsrc%5Etfw",
        "https://www.twitter.com/hashtag/PremierELEVEN?src=hash&ref_src=twsrc%5Etfw",
        "https://twitter.com/premierleague",
        "https://www.twitter.com/SpursOfficial?ref_src=twsrc%5Etfw",
        "https://twitter.com/SpursOfficial",
        "https://flytap.com/pt-pt/destinos/brasil/rio-de-janeiro?utm_source=noticiasaominuto.com&utm_medium=display&utm_content=widgetnoticias&utm_campaign=DISPLAYAO&anetwork=DISPLAY",
        "https://www.twitter.com/OfficialBHAFC?ref_src=twsrc%5Etfw",
        "https://twitter.com/OfficialBHAFC",
        "https://play.google.com/store/apps/details",
        "https://www.apps.apple.com/us/app/noticias-ao-minuto-portugal/id1217833451?ct=notícias-ao-minuto&ct=buttons",
        "https://www.twitter.com/premierleague?ref_src=twsrc%5Etfw",
        "https://poupancanominuto.com/credito-habitacao?utm_source=poupancaaominuto&utm_medium=textlink&utm_campaign=transferencia-credito-v4",
        "https://www.t.co/8gaIOxfmjw",
        "https://twitter.com/hashtag/PremierELEVEN",
        "https://apps.apple.com/us/app/noticias-ao-minuto-portugal/id1217833451",
        "https://www.play.google.com/store/apps/details?id=com.noticiasaominuto.pt&hl=pt_pt&utm_source=notícias-ao-minuto&utm_medium=footer&utm_campaign=app-notícias-ao-minuto"
    ],
    "external_images": [],
    "entities": {
        "persons": [],
        "organizations": [],
        "locations": []
    },
    "rating": null,
    "crawled": "2023-12-29T00:07:20.817+02:00",
    "updated": "2023-12-29T00:07:20.817+02:00"
}