{
    "thread": {
        "uuid": "467f109b2633d918b603ba42ee72536fe01bc8cb",
        "url": "https://www.channelnewsasia.com/sport/singapore-football-scout-talent-identification-next-generation-4001356",
        "site_full": "www.channelnewsasia.com",
        "site": "channelnewsasia.com",
        "site_section": "https://www.channelnewsasia.com/",
        "site_categories": [
            "society",
            "tech"
        ],
        "section_title": "CNA: Breaking News, Singapore News, World and Asia",
        "title": "How Singaporeans with 'a heart for football’ are joining the search for the next generation of stars - CNA",
        "title_full": "How Singaporeans with 'a heart for football’ are joining the search for the next generation of stars - CNA",
        "published": "2023-12-29T00:06:00.000+02:00",
        "replies_count": 0,
        "participants_count": 1,
        "site_type": "news",
        "country": "SG",
        "main_image": "https://onecms-res.cloudinary.com/image/upload/s--94XLaKqk--/c_crop,h_576,w_1024,x_0,y_24/f_auto,q_auto/c_fill,g_auto,h_676,w_1200/v1/mediacorp/cna/image/2023/12/27/scoutfeature1.jpeg?itok=x59gvvvU",
        "performance_score": 0,
        "domain_rank": 1729,
        "domain_rank_updated": "2023-12-26T12:06:20.000+02:00",
        "reach": null,
        "social": {
            "facebook": {
                "likes": 0,
                "comments": 0,
                "shares": 12
            },
            "gplus": {
                "shares": 0
            },
            "pinterest": {
                "shares": 0
            },
            "linkedin": {
                "shares": 0
            },
            "stumbledupon": {
                "shares": 0
            },
            "vk": {
                "shares": 0
            }
        }
    },
    "uuid": "467f109b2633d918b603ba42ee72536fe01bc8cb",
    "url": "https://www.channelnewsasia.com/sport/singapore-football-scout-talent-identification-next-generation-4001356",
    "ord_in_thread": 0,
    "parent_url": null,
    "author": "Matthew Mohan",
    "published": "2023-12-29T00:06:00.000+02:00",
    "title": "How Singaporeans with 'a heart for football’ are joining the search for the next generation of stars - CNA",
    "text": "Best News Website or Mobile Service WAN-IFRA Digital Media Awards Worldwide 2022 Best News Website or Mobile Service Digital Media Awards Worldwide 2022",
    "highlightText": "",
    "highlightTitle": "",
    "highlightThreadTitle": "",
    "language": "english",
    "sentiment": "positive",
    "categories": [
        "Sport",
        "Human Interest",
        "Social Issue"
    ],
    "external_links": [
        "https://www.youtube.com/embed/g6VvKigO9Yk?autoplay=0&start=0&rel=0",
        "https://youtube.com/embed/g6VvKigO9Yk?autoplay=0&start=0&rel=0",
        "https://www.youtube.com/embed/g6VvKigO9Yk"
    ],
    "external_images": [],
    "entities": {
        "persons": [
            {
                "name": "kenneth santa",
                "sentiment": "none"
            }
        ],
        "organizations": [
            {
                "name": "cna",
                "sentiment": "neutral"
            },
            {
                "name": "punjab fc",
                "sentiment": "none"
            },
            {
                "name": "football association of singapore",
                "sentiment": "none"
            },
            {
                "name": "aspire academy",
                "sentiment": "none"
            }
        ],
        "locations": [
            {
                "name": "geylang",
                "sentiment": "none"
            },
            {
                "name": "singapore",
                "sentiment": "none"
            },
            {
                "name": "jalan besar stadium",
                "sentiment": "none"
            },
            {
                "name": "asia",
                "sentiment": "none"
            },
            {
                "name": "qatar",
                "sentiment": "none"
            },
            {
                "name": "denmark",
                "sentiment": "none"
            },
            {
                "name": "india",
                "sentiment": "none"
            }
        ]
    },
    "rating": null,
    "crawled": "2023-12-29T00:12:59.129+02:00",
    "updated": "2023-12-29T00:15:54.450+02:00"
}