{
    "thread": {
        "uuid": "0072307ea385fef143a3ad2e5e096c6e564d331a",
        "url": "https://beaubzrj150482.pages10.com/the-excitement-of-the-proposal-methods-for-successful-public-auction-engagement-59776585",
        "site_full": "beaubzrj150482.pages10.com",
        "site": "pages10.com",
        "site_section": "https://pages10.com/rss-homepage.php?1",
        "site_categories": [],
        "section_title": "pages10.com RSS feed",
        "title": "The Excitement of the Proposal: Methods for Successful Public Auction Engagement",
        "title_full": "The Excitement of the Proposal: Methods for Successful Public Auction Engagement",
        "published": "2023-12-28T18:58:00.000+02:00",
        "replies_count": 0,
        "participants_count": 1,
        "site_type": "news",
        "country": "IN",
        "main_image": "",
        "performance_score": 0,
        "domain_rank": 6184,
        "domain_rank_updated": "2023-12-26T12:06:20.000+02:00",
        "reach": null,
        "social": {
            "facebook": {
                "likes": 0,
                "comments": 0,
                "shares": 0
            },
            "gplus": {
                "shares": 0
            },
            "pinterest": {
                "shares": 0
            },
            "linkedin": {
                "shares": 0
            },
            "stumbledupon": {
                "shares": 0
            },
            "vk": {
                "shares": 0
            }
        }
    },
    "uuid": "0072307ea385fef143a3ad2e5e096c6e564d331a",
    "url": "https://beaubzrj150482.pages10.com/the-excitement-of-the-proposal-methods-for-successful-public-auction-engagement-59776585",
    "ord_in_thread": 0,
    "parent_url": null,
    "author": "Beaubzrj",
    "published": "2023-12-28T18:58:00.000+02:00",
    "title": "The Excitement of the Proposal: Methods for Successful Public Auction Engagement",
    "text": "In the fascinating world of public auction houses, effective bidding process needs greater than simply luck; it demands cautious techniques and a deep understanding of the characteristics at play. Whether one is a seasoned collection agency or a newbie to the amazing world of art public auctions, understanding exactly how to browse these occasions can make all the difference. This blog checks out efficient approaches for effective public auction participation, focusing on the popular Bay Area auction house and the variety of things offered in such facilities.\nRecognizing the Public Auction House Landscape\nThe Diverse Variety of Furniture\nAt an auction house, a treasure trove of objects awaits both seasoned collection agencies and curious newcomers. From beautiful fine art and sculptures to rare books and antique coins and stamps, these art public auctions existing diverse things that attract various interests and interests. Comprehending the breadth of objects readily available is essential for individuals to establish effective bidding process techniques and make educated choices.\nLooking into the Market\nSuccessful prospective buyers comprehend the importance of detailed research study prior to going into a public auction. By studying market patterns, current sales documents, and the credibility of musicians or makers related to the items, participants obtain important understandings right into the worth and demand of certain things. Armed with this knowledge, they can make educated choices when positioning proposals and enhance their possibilities of success.\nApproaches for Effective Auction Participation\nPre-Auction Preparation\nEstablishing a Budget\nSetting a clear budget is important for successful auction involvement. Participants must establish their optimal costs limitation in advance and comply with it purely. This method aids protect against spontaneous bidding process and makes sure that prospective buyers do not overextend themselves financially. Individuals can come close to the auction with focus and technique by developing a budget.\nFocusing On Item Option\nWith diverse objects readily available, individuals need to prioritize their options based on personal choices, market price, and potential gratitude. By determining essential things of passion, prospective buyers can designate their resources successfully and increase their chances of protecting the wanted things.\nCarrying Out Thorough Research\nTo acquire an advantage in a public auction, participants must conduct extensive study on the objects they intend to bid on. This involves examining the history, provenance, and condition of the products and analyzing equivalent sales data and existing market fads. By acquiring in-depth understanding concerning certain items, prospective buyers can make enlightened decisions and have more self-confidence in their bidding methods.\nPublic Auction Day Methods\nGetting Here Very Early and Observing\nShowing up very early enables prospective buyers to immerse themselves in the public auction environment and observe the characteristics of the occasion. People can acquire useful understandings by thoroughly enjoying various other individuals, noting bidding patterns, and familiarizing themselves with the auctioneer's style. This monitoring helps them comprehend the competitors and readjust their strategies accordingly.\nSetting Bid Limitations and Staying With Them\nPreserving technique throughout the auction is vital. Individuals must establish clear bid limits for each and every item of rate of interest and stick to them rigorously. By preventing spontaneous activities and sticking to determined bid restrictions, prospective buyers preserve financial vigilance and protect against psychological decision-making.\nUsing Strategic Bidding Techniques\nUsing critical bidding process strategies can offer participants an advantage in competitive auctions. Opening up with a strong quote asserts dominance and might inhibit various other prospective buyers from going into the fray. Another strategy entails bidding process late, waiting until the last minutes of the bidding process to position a quote, and potentially catching other participants off-guard. Additionally, making use of proxy quotes (absentee proposals or compensation quotes) permits bidders to establish their maximum proposal ahead of time, allowing them to protect a thing without proactively participating in the live auction.\nRemaining Calm and Concentrated\nAuctions can be exciting and fast-paced, however participants have to continue to be tranquil and focused. Emotions can quickly be affected by decision-making, bring about spontaneous activities and surpassing established budgets. Prospective buyers can make rational choices and raise their chances of success by\nofficial website preserving composure and remaining concentrated on their bidding techniques.\nPost-Auction Evaluation\nAssessing Outcomes\nAfter the public auction, participants ought to assess their performance and evaluate the outcomes. Examining effective proposals, missed out on opportunities, and last rates realized allows prospective buyers to evaluate the effectiveness of their techniques. This reflection helps identify locations for renovation and notifies future participation.\nIncreasing Expertise and Experience\nConstant learning plays an essential function in effective auction involvement. Bidders should make use of academic chances offered by auction residences, such as sneak peeks, exhibits, and lectures. Enhancing expertise concerning certain items, artists, or groups broadens competence and informs more enlightened decision-making in future art auctions.\nThe Thrill of Art Public Auctions\nTaking part in art auctions at prominent establishments offers an awesome experience for collectors and fanatics alike. Successful public auction involvement requires cautious strategies and a deep understanding of the public auction house landscape. Individuals can increase their possibilities of success by understanding the varied array of items, conducting complete research, and executing reliable pre-auction preparation and public auction day tactics.\nAssessing outcomes, expanding understanding and expertise, and staying tranquil and concentrated even more improve one's capacity to confidently navigate the public auction residence landscape. With the thrill of the bid and calculated engagement, individuals can maximize their chances to obtain desirable things for their collections.\nReady to start carrying out these methods? Look for upcoming art auction occasions and contact an auction home!\nLearn more about this\nart auctions today.",
    "highlightText": "",
    "highlightTitle": "",
    "highlightThreadTitle": "",
    "language": "english",
    "sentiment": "positive",
    "categories": [
        "Human Interest",
        "Arts, Culture and Entertainment",
        "Lifestyle and Leisure"
    ],
    "external_links": [
        "https://myleslxoo406179.blogtov.com/4520413/the-thrill-of-the-quote-methods-for-successful-public-auction-involvement",
        "https://www.cybo.com/US-biz/michaan%E2%80%99s-auction",
        "https://cybo.com/US-biz/michaan%E2%80%99s-auction",
        "https://www.myleslxoo406179.blogtov.com/4520413/the-thrill-of-the-quote-methods-for-successful-public-auction-involvement"
    ],
    "external_images": [],
    "entities": {
        "persons": [],
        "organizations": [
            {
                "name": "diverse variety of furniture",
                "sentiment": "none"
            },
            {
                "name": "public auction house",
                "sentiment": "none"
            }
        ],
        "locations": [
            {
                "name": "bay area",
                "sentiment": "none"
            }
        ]
    },
    "rating": null,
    "crawled": "2023-12-29T00:01:18.736+02:00",
    "updated": "2023-12-29T00:01:18.736+02:00"
}