{
    "thread": {
        "uuid": "db31eabb95ad780dbc1c028ed062f4777ee68adf",
        "url": "https://vnexplorer.net/el-tiempo-en-rosario-doble-alerta-por-tormentas-y-viento-complica-el-miercoles-s2008123.html",
        "site_full": "vnexplorer.net",
        "site": "vnexplorer.net",
        "site_section": "https://vnexplorer.net",
        "site_categories": [
            "health",
            "cold_and_flu"
        ],
        "section_title": "Verified News Explorer Channel - VNExplorer",
        "title": "El tiempo en Rosario: doble alerta por tormentas y viento complica el miércoles",
        "title_full": "El tiempo en Rosario: doble alerta por tormentas y viento complica el miércoles",
        "published": "2024-03-22T00:45:00.000+02:00",
        "replies_count": 0,
        "participants_count": 1,
        "site_type": "news",
        "country": "JP",
        "main_image": "https://img-s-msn-com.akamaized.net/tenant/amp/entityid/AA1etDQM.img",
        "performance_score": 0,
        "domain_rank": 52173,
        "domain_rank_updated": "2024-03-19T12:08:01.000+02:00",
        "reach": null,
        "social": {
            "facebook": {
                "likes": 0,
                "comments": 0,
                "shares": 0
            },
            "gplus": {
                "shares": 0
            },
            "pinterest": {
                "shares": 0
            },
            "linkedin": {
                "shares": 0
            },
            "stumbledupon": {
                "shares": 0
            },
            "vk": {
                "shares": 0
            }
        }
    },
    "uuid": "db31eabb95ad780dbc1c028ed062f4777ee68adf",
    "url": "https://vnexplorer.net/el-tiempo-en-rosario-doble-alerta-por-tormentas-y-viento-complica-el-miercoles-s2008123.html",
    "ord_in_thread": 0,
    "parent_url": null,
    "author": "VNExplorer",
    "published": "2024-03-22T00:45:00.000+02:00",
    "title": "El tiempo en Rosario: doble alerta por tormentas y viento complica el miércoles",
    "text": "La ciudad amaneció con el cielo parcialmente nublado y mucha humedad.\nEl clima de verano decidió jugar sus peores cartas en su último día. El Servicio Meteorológico Nacional (SMN) activó una doble alerta por tormentas y viento en Rosario. El pronóstico anticipa un miércoles con mal tiempo y la amenaza de nuevas lluvias abundantes.\nEl día comenzó con el cielo parcialmente nublado luego de una madrugada calurosa y húmeda. A primera hora, la marca del termómetro rozó los 26 grados y la presión estaba muy baja, señales de que no conviene dejar el paraguas y el piloto de lado a la hora de salir a la calle.\n¿Cómo estará el tiempo en Rosario el miércoles 20 de marzo? En primer lugar, el SMN anuncia tormentas fuertes por la mañana. El alerta en Rosario asciende a nivel naranja hacia la noche e incluye otros fenómenos como abundante caída de agua en poco tiempo, ocasional caída de granizo e importante actividad eléctrica.\nSegún el informe meteorológico, la inestabilidad irá en aumento con el correr de las horas de este miércoles. Después de la tarde se espera que el viento empiece a soplar con todo, al punto de que pueden producirse ráfagas de más de 80 kilómetros por hora hasta la madrugada del jueves.\nEl pronóstico del día establece una máxima de 29 ° en la ciudad. Una vez más se enciende el alerta por lluvias abundantes en Rosario, dado que pueden acumularse entre 50 y 90 milímetros de agua como consecuencia de las precipitaciones previstas al final de la jornada.",
    "highlightText": "",
    "highlightTitle": "",
    "highlightThreadTitle": "",
    "language": "spanish",
    "sentiment": "negative",
    "categories": [
        "Disaster and Accident",
        "Weather"
    ],
    "external_links": [
        "https://img-s-msn-com.akamaized.net/tenant/amp/entityid/AA1etDQM.img",
        "https://www.img-s-msn-com.akamaized.net/tenant/amp/entityid/AA1etDQM.img"
    ],
    "external_images": [],
    "entities": {
        "persons": [],
        "organizations": [],
        "locations": []
    },
    "rating": null,
    "crawled": "2024-03-22T00:57:44.425+02:00",
    "updated": "2024-03-22T00:57:44.425+02:00"
}