{
    "thread": {
        "uuid": "a8769bb10da46533eeb79c995972506e817fb2c4",
        "url": "https://flipboard.com/article/sven-sundgaard-s-forecast-major-storm-system-with-lots-of-potential/f-88f7cd845f%2Fbringmethenews.com",
        "site_full": "flipboard.com",
        "site": "flipboard.com",
        "site_section": "https://flipboard.com/topic/weatherunitedstates",
        "site_categories": [
            "family_and_parenting",
            "eldercare"
        ],
        "section_title": "Discover More in Weather in the U.S. on Flipboard",
        "title": "Sven Sundgaard's forecast: Major storm system with lots of potential | Flipboard",
        "title_full": "Sven Sundgaard's forecast: Major storm system with lots of potential | Flipboard",
        "published": "2024-03-21T02:00:00.000+02:00",
        "replies_count": 0,
        "participants_count": 1,
        "site_type": "news",
        "country": "US",
        "main_image": "https://ic-cdn.flipboard.com/bringmethenews.com/85389509e99f5e94e65f56776e977a0ff51193bf/_medium.jpeg",
        "performance_score": 0,
        "domain_rank": 1230,
        "domain_rank_updated": "2024-03-19T12:07:56.000+02:00",
        "reach": null,
        "social": {
            "facebook": {
                "likes": 0,
                "comments": 0,
                "shares": 0
            },
            "gplus": {
                "shares": 0
            },
            "pinterest": {
                "shares": 0
            },
            "linkedin": {
                "shares": 0
            },
            "stumbledupon": {
                "shares": 0
            },
            "vk": {
                "shares": 0
            }
        }
    },
    "uuid": "a8769bb10da46533eeb79c995972506e817fb2c4",
    "url": "https://flipboard.com/article/sven-sundgaard-s-forecast-major-storm-system-with-lots-of-potential/f-88f7cd845f%2Fbringmethenews.com",
    "ord_in_thread": 0,
    "parent_url": null,
    "author": "bringmethenews.com - Meteorologist Sven Sundgaard",
    "published": "2024-03-21T02:00:00.000+02:00",
    "title": "Sven Sundgaard's forecast: Major storm system with lots of potential | Flipboard",
    "text": "Sven Sundgaard's forecast: Major storm system with lots of potential March 21, 2024: Sven Sundgaard is in with the latest Minnesota weather forecast [Bring Me The News](/@BringMeTheNews) flipped this story into [Minnesota Weather](/@bringmethenews/minnesota-weather-o0fivpuiz)•20h Related articles More stories from [Weather](/topic/weather) [Chicago weather: Up to 5 inches of snow in the suburbs](/topic/weather/chicago-weather-up-to-5-inches-of-snow-in-the-suburbs/a-G9mA-9v2TKCQfjWvBZ8Wyg%3Aa%3A3483286113-83c08fa87a%2Fflipboard.com) FOX 32's Mike Caplan breaks down today's forecast for Chicago and beyond. [“Redefine what it means to take music on the road”: Harley Benton rolls out the TravelMate and TravelMate-E, affordable weather and climate resistant guitars for players on the go](/topic/weather/redefine-what-it-means-to-take-music-on-the-road-harley-benton-rolls-out-the-t/a-LeUKtc8eQsm9Tc2hdOXRDQ%3Aa%3A76022696-97eae1c7e7%2Fmusicradar.com) Harley Benton has expanded its lineup of affordable travel guitars with the TravelMate and TravelMate-E, two smart single-cuts with carbon fibre builds … [Global sea level jumped due to El Niño and climate change, says NASA](/topic/weather/global-sea-level-jumped-due-to-el-ni-o-and-climate-change-says-nasa/a-oYo6c3IoQSK1M9pT0HzO9g%3Aa%3A37374060-bbad3726f2%2Flemonde.fr) Current projections suggest the next three decades could see the same increase as observed over the past 100 years. Global average sea level rose by … Join the flipboard community Discover, collect, and share stories for all your interests [Sign up](/signup) More stories from [Minnesota](/topic/minnesota) [Doors Open Is Coming Back This Year](/topic/minnesota/doors-open-is-coming-back-this-year/f-bea1f599be%2Fmspmag.com) The event allows the public to visit more than 100 historic buildings and exciting venues in Minneapolis for one weekend only. [Driver arrested for DWI after flipping car on Interstate 94 in Minneapolis, state patrol says](/topic/minnesota/driver-arrested-for-dwi-after-flipping-car-on-interstate-94-in-minneapolis-stat/f-b97ff18120%2Fcbsnews.com) MINNEAPOLIS — Police in Minneapolis arrested a driver after they flipped a vehicle on Interstate 94, injuring two people on Thursday evening. The … [Winter Pride Event in Cook County](/topic/minnesota/winter-pride-event-in-cook-county/f-b3060fb8fa%2Fwtip.org) On Saturday, March 16th the Cook County Pride Committee hosted the 2nd annual Winter Pride Celebration with the expressed intention of celebrating …",
    "highlightText": "",
    "highlightTitle": "",
    "highlightThreadTitle": "",
    "language": "english",
    "sentiment": "negative",
    "categories": [
        "Disaster and Accident",
        "Weather"
    ],
    "external_links": [],
    "external_images": [],
    "entities": {
        "persons": [
            {
                "name": "flipboard sven sundgaard",
                "sentiment": "negative"
            },
            {
                "name": "sven sundgaard",
                "sentiment": "negative"
            }
        ],
        "organizations": [],
        "locations": [
            {
                "name": "canada",
                "sentiment": "none"
            },
            {
                "name": "minnesota",
                "sentiment": "none"
            }
        ]
    },
    "rating": null,
    "crawled": "2024-03-22T06:22:00.086+02:00",
    "updated": "2024-03-22T16:28:29.750+02:00"
}