{
    "thread": {
        "uuid": "84c92bbf2266750b4513906393ffd1e32a44f3a1",
        "url": "https://www.kompas.id/baca/english/2024/03/22/en-presiden-jokowi-hujan-ekstrem-dan-alih-fungsi-lahan-picu-banjir-demak",
        "site_full": "www.kompas.id",
        "site": "kompas.id",
        "site_section": "https://www.kompas.id/",
        "site_categories": [],
        "section_title": "Kompas.id",
        "title": "President Jokowi: Extreme Rain and Land Conversion Trigger Floods in Demak - Kompas.id",
        "title_full": "President Jokowi: Extreme Rain and Land Conversion Trigger Floods in Demak - Kompas.id",
        "published": "2024-03-22T00:36:00.000+02:00",
        "replies_count": 0,
        "participants_count": 1,
        "site_type": "news",
        "country": "ID",
        "main_image": "https://cdn-assetd.kompas.id/4uQ098ZF1LgawYPfRkGrPIt60h8=/1024x576/https%3A%2F%2Fasset.kgnewsroom.com%2Fphoto%2Fpre%2F2024%2F03%2F22%2Fc61ba5ae-8d65-4f06-b1f9-bbbeb2cef47e_png.png",
        "performance_score": 0,
        "domain_rank": 34709,
        "domain_rank_updated": "2024-03-19T12:07:56.000+02:00",
        "reach": null,
        "social": {
            "facebook": {
                "likes": 0,
                "comments": 0,
                "shares": 0
            },
            "gplus": {
                "shares": 0
            },
            "pinterest": {
                "shares": 0
            },
            "linkedin": {
                "shares": 0
            },
            "stumbledupon": {
                "shares": 0
            },
            "vk": {
                "shares": 0
            }
        }
    },
    "uuid": "84c92bbf2266750b4513906393ffd1e32a44f3a1",
    "url": "https://www.kompas.id/baca/english/2024/03/22/en-presiden-jokowi-hujan-ekstrem-dan-alih-fungsi-lahan-picu-banjir-demak",
    "ord_in_thread": 0,
    "parent_url": null,
    "author": "NINA SUSILO, KRISTI DWI UTAMI",
    "published": "2024-03-22T00:36:00.000+02:00",
    "title": "President Jokowi: Extreme Rain and Land Conversion Trigger Floods in Demak - Kompas.id",
    "text": "[›](/) [English](/kategori/english)›President Jokowi: Extreme Rain... President Jokowi: Extreme Rain and Land Conversion Trigger Floods in Demak Various emergency measures will be taken to prevent flooding in Demak from spreading. Restoration of upstream areas is also being carried out. About AI Translated Article Please note that this article was automatically translated using Microsoft Azure AI, Open AI, and Google Translation AI. We cannot ensure that the entire content is translated accurately. If you spot any errors or inconsistencies, contact us at [hotline@kompas.id](mailto:hotline@kompas.id), and we'll make every effort to address them. Thank you for your understanding. The following article was translated using both Microsoft Azure Open AI and Google Translation AI. The original article can be found in [Presiden Jokowi: Hujan Ekstrem dan Alih Fungsi Lahan Picu Banjir di Demak](https://www.kompas.id/baca/nusantara/2024/03/22/presiden-jokowi-hujan-ekstrem-dan-alih-fungsi-lahan-picu-banjir-demak) JAKARTA, KOMPAS — Extreme rainfall combined with damaged land conditions were several factors that caused major [floods](https://www.kompas.id/label/banjir?open_from=automate_body_url) to hit [Demak](https://www.kompas.id/label/demak?open_from=automate_body_url) and parts of Kudus, Java Middle. Several emergency management steps are considered to prevent widespread flooding.",
    "highlightText": "",
    "highlightTitle": "",
    "highlightThreadTitle": "",
    "language": "english",
    "sentiment": "negative",
    "categories": [
        "Disaster and Accident",
        "Weather",
        "Environment"
    ],
    "external_links": [],
    "external_images": [],
    "entities": {
        "persons": [
            {
                "name": "jokowi",
                "sentiment": "negative"
            },
            {
                "name": "alih fungsi lahan picu banjir",
                "sentiment": "none"
            }
        ],
        "organizations": [
            {
                "name": "kompas",
                "sentiment": "none"
            },
            {
                "name": "microsoft",
                "sentiment": "none"
            }
        ],
        "locations": [
            {
                "name": "jakarta",
                "sentiment": "none"
            }
        ]
    },
    "rating": null,
    "crawled": "2024-03-22T07:57:38.660+02:00",
    "updated": "2024-03-22T07:57:38.660+02:00"
}