{
    "thread": {
        "uuid": "ed227b07270aa33704afb7fa4ad9ef2e261400e2",
        "url": "https://www.huffingtonpost.es/politica/la-aemet-avisa-dana-ceba-inesperadamente-zona.html",
        "site_full": "www.huffingtonpost.es",
        "site": "huffingtonpost.es",
        "site_section": "https://www.huffingtonpost.es/economia",
        "site_categories": [
            "politics",
            "law_government_and_politics",
            "media"
        ],
        "section_title": "Economía: Últimas noticias de empresas y finanzas | El HuffPost",
        "title": "La AEMET avisa: la DANA se ceba inesperadamente con esta zona",
        "title_full": "La AEMET avisa: la DANA se ceba inesperadamente con esta zona",
        "published": "2024-03-22T07:07:00.000+02:00",
        "replies_count": 0,
        "participants_count": 1,
        "site_type": "news",
        "country": "ES",
        "main_image": "https://img.huffingtonpost.es/files/og_thumbnail/uploads/2024/03/21/mapa-de-aemet-para-los-proximos-dias.jpeg",
        "performance_score": 0,
        "domain_rank": 10259,
        "domain_rank_updated": "2024-03-19T12:07:56.000+02:00",
        "reach": null,
        "social": {
            "facebook": {
                "likes": 0,
                "comments": 0,
                "shares": 0
            },
            "gplus": {
                "shares": 0
            },
            "pinterest": {
                "shares": 0
            },
            "linkedin": {
                "shares": 0
            },
            "stumbledupon": {
                "shares": 0
            },
            "vk": {
                "shares": 0
            }
        }
    },
    "uuid": "ed227b07270aa33704afb7fa4ad9ef2e261400e2",
    "url": "https://www.huffingtonpost.es/politica/la-aemet-avisa-dana-ceba-inesperadamente-zona.html",
    "ord_in_thread": 0,
    "parent_url": null,
    "author": "Redacción HuffPost",
    "published": "2024-03-22T07:07:00.000+02:00",
    "title": "La AEMET avisa: la DANA se ceba inesperadamente con esta zona",
    "text": "La AEMET avisa: la DANA se ceba inesperadamente con esta zona Antes de que lleguen las jornadas 'grandes' de la Semana Santa. Vienen tiempos revueltos, también en lo meteorológico por Semana Santa. Pero antes de que las procesiones sean mayoría en buena parte del país, una DANA amenaza zonas de España y, a cortísimo plazo, se centra en Canarias. La importancia de la previsión meteorológica es tal que la Agencia Estatal de Meteorología (AEMET) ha [anunciado un pronóstico actualizado a diario hasta el Sábado Santo](https://www.huffingtonpost.es/tiempo/la-aemet-pone-jaque-semana-santa-comunicado-urgente.html), día 30 de marzo. Pero de momento, el foco de las próximas horas está puesto en las islas. [Como apunta Meteored](https://www.tiempo.com/mapas-meteorologicos/), la DANA \"le va a coger cariño a Canarias\", porque las lluvias se esperan que sean la tónica hasta el domingo. Añade AEMET que ademas de las precipitaciones fuertes, habrá tormentas destacadas en diversos puntos. Este panorama supondrá un contraste con el clima relativamente despejado y estable que se vivirá en la Península, donde, eso sí, habrá una caída térmica de varios grados durante sábado y domingo. No obstante, el comienzo de la semana, porque para el Lunes Santo la fotografía meteorológica cambia y [casi toda España tendrá que recurrir al paraguas](https://www.huffingtonpost.es/tiempo/la-aemet-resuelve-duda-semana-santa-va-llover.html). Así se espera que sea hasta el miércoles, como poco, abriéndose un horizonte menos claro (y quizás más seco) para Jueves, Viernes y Sábado Santo.",
    "highlightText": "",
    "highlightTitle": "",
    "highlightThreadTitle": "",
    "language": "spanish",
    "sentiment": "negative",
    "categories": [
        "Disaster and Accident",
        "Weather"
    ],
    "external_links": [
        "https://www.tiempo.com/mapas-meteorologicos/),",
        "https://tiempo.com/mapas-meteorologicos/),"
    ],
    "external_images": [],
    "entities": {
        "persons": [],
        "organizations": [],
        "locations": []
    },
    "rating": null,
    "crawled": "2024-03-22T07:32:58.917+02:00",
    "updated": "2024-03-22T07:32:58.917+02:00"
}