{
    "thread": {
        "uuid": "9d4330da74322746662b5cb003398b7068b9996e",
        "url": "https://g1.globo.com/rj/rio-de-janeiro/noticia/2024/03/22/rio-tem-eventos-cancelados-por-causa-da-chuva.ghtml",
        "site_full": "g1.globo.com",
        "site": "globo.com",
        "site_section": "http://g1.globo.com/Rss2/0,,AS0-9658,00.xml",
        "site_categories": [
            "media"
        ],
        "section_title": "g1",
        "title": "Rio tem eventos cancelados por causa da chuva; confira lista",
        "title_full": "Rio tem eventos cancelados por causa da chuva; confira lista",
        "published": "2024-03-22T11:45:00.000+02:00",
        "replies_count": 0,
        "participants_count": 0,
        "site_type": "news",
        "country": "BR",
        "main_image": "https://s2-g1.glbimg.com/8ggiCkvIY4L3Uf32yZFFpdcAiIU=/1200x/smart/filters:cover():strip_icc()/i.s3.glbimg.com/v1/AUTH_59edd422c0c84a879bd37670ae4f538a/internal_photos/bs/2024/Q/N/zbQmFyRyGfL0IoctuQng/bdrj-cancelados.jpeg",
        "performance_score": 0,
        "domain_rank": 745,
        "domain_rank_updated": "2024-03-19T12:07:56.000+02:00",
        "reach": null,
        "social": {
            "facebook": {
                "likes": 0,
                "comments": 0,
                "shares": 0
            },
            "gplus": {
                "shares": 0
            },
            "pinterest": {
                "shares": 0
            },
            "linkedin": {
                "shares": 0
            },
            "stumbledupon": {
                "shares": 0
            },
            "vk": {
                "shares": 0
            }
        }
    },
    "uuid": "9d4330da74322746662b5cb003398b7068b9996e",
    "url": "https://g1.globo.com/rj/rio-de-janeiro/noticia/2024/03/22/rio-tem-eventos-cancelados-por-causa-da-chuva.ghtml",
    "ord_in_thread": 0,
    "parent_url": null,
    "author": null,
    "published": "2024-03-22T11:45:00.000+02:00",
    "title": "Rio tem eventos cancelados por causa da chuva; confira lista",
    "text": "1 de 1 Rio tem eventos cancelados por causa da chuva — Foto: Reprodução/ TV Globo Rio tem eventos cancelados por causa da chuva — Foto: Reprodução/ TV Globo\nA cidade do Rio de Janeiro teve uma série de eventos culturais cancelados por causa da previsão de chuva forte no fim de semana. De acordo com a Climatempo, a previsão é de 300mm a 500mm de chuva até domingo (24), principalmente no Grande Rio e na Região Serrana.\nConfira a lista dos eventos:\nBabilônia Feira Hype – Lagoa (23 e 24); Junta Local - Laranjeiras (23) e Tijuca (24); Carioquíssima - Urca (23 e 24); Rock 80 Festival – Aterro do Flamengo (23 e 24); Samba Luzia – Botafogo (22); Festa da Raça - Praça Tiradentes (22).\nA Prefeitura do Rio também decretou ponto facultativo nas repartições públicas para esta sexta (22), devido ao risco de temporais ao longo do dia. A medida segue uma decisão semelhante do Governo do Estado.\nO objetivo é evitar o deslocamento de pessoas durante a chuva forte.\nVárias universidades públicas também suspenderam as atividades presenciais ou decretaram ponto facultativo nesta sexta.\nUFRJ - Suspendeu atividades presenciais em todos os campi, inclusive uma aula magna com o ministro Celso Amorim UniRio - suspendeu todas as de atividades letivas e administrativas presenciais Uerj - anunciou ponto facultativo UFRRJ - sugeriu \"aulas assíncronas\" e atividades administrativas remotas\nRio de Janeiro",
    "highlightText": "",
    "highlightTitle": "",
    "highlightThreadTitle": "",
    "language": "portuguese",
    "sentiment": "negative",
    "categories": [
        "Weather"
    ],
    "external_links": [],
    "external_images": [],
    "entities": {
        "persons": [],
        "organizations": [],
        "locations": []
    },
    "rating": null,
    "crawled": "2024-03-22T11:52:30.003+02:00",
    "updated": "2024-03-22T12:06:20.772+02:00"
}