{
    "thread": {
        "uuid": "4e21f2daca113031be27c617f526e9a94e388104",
        "url": "https://www.wxow.com/birthday-shoutouts-for-march-18th-2024/image_2d8a52f0-e83b-11ee-8ca2-9bb48a70ce2b.html",
        "site_full": "www.wxow.com",
        "site": "wxow.com",
        "site_section": "https://www.wxow.com/search/?f=rss&amp",
        "site_categories": [
            "media"
        ],
        "section_title": "www.wxow.com - RSS Results",
        "title": "Birthday Shoutouts for March 18th, 2024",
        "title_full": "Birthday Shoutouts for March 18th, 2024",
        "published": "2024-03-22T12:58:00.000+02:00",
        "replies_count": 0,
        "participants_count": 0,
        "site_type": "news",
        "country": "US",
        "main_image": "https://bloximages.newyork1.vip.townnews.com/wxow.com/content/tncms/assets/v3/editorial/2/d8/2d8a52f0-e83b-11ee-8ca2-9bb48a70ce2b/65fd649742432.image.png?crop=1920%2C1008%2C0%2C35&amp;resize=1200%2C630&amp;order=crop%2Cresize",
        "performance_score": 0,
        "domain_rank": 56425,
        "domain_rank_updated": "2024-03-19T12:08:01.000+02:00",
        "reach": null,
        "social": {
            "facebook": {
                "likes": 0,
                "comments": 0,
                "shares": 0
            },
            "gplus": {
                "shares": 0
            },
            "pinterest": {
                "shares": 0
            },
            "linkedin": {
                "shares": 0
            },
            "stumbledupon": {
                "shares": 0
            },
            "vk": {
                "shares": 0
            }
        }
    },
    "uuid": "4e21f2daca113031be27c617f526e9a94e388104",
    "url": "https://www.wxow.com/birthday-shoutouts-for-march-18th-2024/image_2d8a52f0-e83b-11ee-8ca2-9bb48a70ce2b.html",
    "ord_in_thread": 0,
    "parent_url": null,
    "author": null,
    "published": "2024-03-22T12:58:00.000+02:00",
    "title": "Birthday Shoutouts for March 18th, 2024",
    "text": "Birthday Shoutouts for March 18th, 2024\n-\n- Updated\n0\nWeather Alert\n...Snow Continues, Travel Impacted... .Widespread light snow will continue through the early morning hours. West-east oriented snow band producing 1-2 mile visibilities continuing across southeast Minnesota and west- central Wisconsin...but is likely to weaken. Instead, another band of snow is expected to enhance over northern Iowa and southern Wisconsin over the next few hours with snow rates of 1\" per hour. Additional snow accumulations of 1 to 4\" expected across the area, highest additional over northeast Iowa and southwest Wisconsin. The morning commute will be impacted with snow covered, slippery roads. ...WINTER WEATHER ADVISORY REMAINS IN EFFECT UNTIL 10 AM CDT THIS MORNING... * WHAT...Snow. Additional accumulations of up to 2 inches. * WHERE...Portions of southeast Minnesota and central, north central and west central Wisconsin. * WHEN...Until 10 AM CDT this morning. * IMPACTS...Plan on slippery road conditions. The hazardous conditions will impact the morning commute. PRECAUTIONARY/PREPAREDNESS ACTIONS... Slow down and use caution while traveling. In Minnesota, visit 511mn.org for road conditions. In Wisconsin, visit 511wi.gov for road conditions. &&\nCurrently in La Crosse\n28°F\nCloudy\n38°F / 26°F\n7 AM\n28°F\n8 AM\n29°F\n9 AM\n31°F\n10 AM\n33°F\n11 AM\n34°F\nOnline Poll\n© Copyright 2024\nAllen Media Broadcasting, 3705 CTH 25 La Crescent, MN | [Terms of Use](/site/terms.html)| [Privacy Policy](/site/privacy.html)\nPowered by",
    "highlightText": "",
    "highlightTitle": "",
    "highlightThreadTitle": "",
    "language": "english",
    "sentiment": "negative",
    "categories": [
        "Weather",
        "Disaster and Accident"
    ],
    "external_links": [
        "https://allenmediabroadcasting.com/",
        "https://allenmediabroadcasting.com",
        "https://www.allenmediabroadcasting.com/"
    ],
    "external_images": [],
    "entities": {
        "persons": [],
        "organizations": [],
        "locations": [
            {
                "name": "iowa",
                "sentiment": "none"
            },
            {
                "name": "minnesota",
                "sentiment": "none"
            },
            {
                "name": "west-east",
                "sentiment": "none"
            },
            {
                "name": "wisconsin",
                "sentiment": "none"
            }
        ]
    },
    "rating": null,
    "crawled": "2024-03-22T13:50:26.716+02:00",
    "updated": "2024-03-22T13:50:26.716+02:00"
}