{
    "thread": {
        "uuid": "103eef17bdd26bd79488bb1d1cf20e78cb44cb3b",
        "url": "https://ground.news/article/west-africas-early-heat-wave-signals-climate-changes-impact",
        "site_full": "ground.news",
        "site": "ground.news",
        "site_section": "https://ground.news/interest/lagos",
        "site_categories": [],
        "section_title": "Lagos Breaking News Headlines Today | Ground News",
        "title": "Ground News - West Africa's early heat wave signals climate change's impact",
        "title_full": "Ground News - West Africa's early heat wave signals climate change's impact",
        "published": "2024-03-22T13:30:00.000+02:00",
        "replies_count": 0,
        "participants_count": 1,
        "site_type": "news",
        "country": "US",
        "main_image": "https://web-api-cdn.ground.news/api/v04/images/story/rss_10172_1711107362749_3/webMetaImg?v=1",
        "performance_score": 0,
        "domain_rank": 29362,
        "domain_rank_updated": "2024-03-19T12:07:56.000+02:00",
        "reach": null,
        "social": {
            "facebook": {
                "likes": 0,
                "comments": 0,
                "shares": 0
            },
            "gplus": {
                "shares": 0
            },
            "pinterest": {
                "shares": 0
            },
            "linkedin": {
                "shares": 0
            },
            "stumbledupon": {
                "shares": 0
            },
            "vk": {
                "shares": 0
            }
        }
    },
    "uuid": "103eef17bdd26bd79488bb1d1cf20e78cb44cb3b",
    "url": "https://ground.news/article/west-africas-early-heat-wave-signals-climate-changes-impact",
    "ord_in_thread": 0,
    "parent_url": null,
    "author": "EHN",
    "published": "2024-03-22T13:30:00.000+02:00",
    "title": "Ground News - West Africa's early heat wave signals climate change's impact",
    "text": "Summary by EHN West Africa experienced an unprecedented early heat wave, intensified by global warming.Delger Erdenesanaa reports for The New York Times.In short: Climate change has made extreme heat events in West Africa, like the recent heat wave, ten times more likely, exacerbating the heat index significantly.T... Share menu 0 Articles 0 Articles All Left Center Right\nEHN Left Mixed Factuality West Africa's early heat wave signals climate change's impact West Africa experienced an unprecedented early heat wave, intensified by global warming.Delger Erdenesanaa reports for The New York Times.In short:Climate change has made extreme heat events in West Africa, like the recent heat wave, ten times more likely, exacerbating the heat index significantly.T...\n11 hours ago Read Full Article\nEHN Left Mixed Factuality\nWest Africa's early heat wave signals climate change's impact West Africa experienced an unprecedented early heat wave, intensified by global warming.Delger Erdenesanaa reports for The New York Times.In short:Climate change has made extreme heat events in West Africa, like the recent heat wave, ten times more likely, exacerbating the heat index significantly.T...\n11 hours ago Read Full Article Think freely. Subscribe and get full access to Ground News Subscriptions start at $9.99/year Subscribe Ground News Article Assistant Not enough coverage to generate an Article Assistant.",
    "highlightText": "",
    "highlightTitle": "",
    "highlightThreadTitle": "",
    "language": "english",
    "sentiment": "negative",
    "categories": [
        "Weather",
        "Environment"
    ],
    "external_links": [],
    "external_images": [],
    "entities": {
        "persons": [
            {
                "name": "ng.delger erdenesanaa",
                "sentiment": "none"
            },
            {
                "name": "erdenesanaa",
                "sentiment": "none"
            }
        ],
        "organizations": [
            {
                "name": "ehn west africa",
                "sentiment": "neutral"
            },
            {
                "name": "articles all left center right ehn left mixed factuality west africa",
                "sentiment": "none"
            }
        ],
        "locations": [
            {
                "name": "west africa",
                "sentiment": "none"
            },
            {
                "name": "new york",
                "sentiment": "none"
            }
        ]
    },
    "rating": null,
    "crawled": "2024-03-22T14:11:59.999+02:00",
    "updated": "2024-03-23T00:30:48.916+02:00"
}