{
    "thread": {
        "uuid": "c81d3c026c04513458c28f38df4fb332b27f0d00",
        "url": "https://www.itatiaia.com.br/cidades/2024/03/22/alerta-de-grande-perigo-de-chuva-veja-as-250-cidades-de-minas-que-podem-ser-atingidas",
        "site_full": "www.itatiaia.com.br",
        "site": "itatiaia.com.br",
        "site_section": "https://www.itatiaia.com.br/",
        "site_categories": [],
        "section_title": "Notícias, Esportes, Cidades, e muito mais sobre Minas Gerais - Rádio Itatiaia",
        "title": "Alerta de grande perigo de chuva: veja as 250 cidades de Minas que podem ser atingidas - Rádio Itatiaia",
        "title_full": "Alerta de grande perigo de chuva: veja as 250 cidades de Minas que podem ser atingidas - Rádio Itatiaia",
        "published": "2024-03-22T11:50:00.000+02:00",
        "replies_count": 0,
        "participants_count": 1,
        "site_type": "news",
        "country": "BR",
        "main_image": "https://medias.itatiaia.com.br/dims4/default/e99011b/2147483647/strip/true/crop/1029x579+87+0/resize/1440x810!/quality/90/?url=https%3A%2F%2Fk2-prod-radio-itatiaia.s3.us-east-1.amazonaws.com%2Fbrightspot%2F93%2Fcd%2F74086541499ab40ce1b7c550c126%2Fchuva-grande.jpg",
        "performance_score": 0,
        "domain_rank": 86650,
        "domain_rank_updated": "2024-03-19T12:08:04.000+02:00",
        "reach": null,
        "social": {
            "facebook": {
                "likes": 0,
                "comments": 0,
                "shares": 0
            },
            "gplus": {
                "shares": 0
            },
            "pinterest": {
                "shares": 0
            },
            "linkedin": {
                "shares": 0
            },
            "stumbledupon": {
                "shares": 0
            },
            "vk": {
                "shares": 0
            }
        }
    },
    "uuid": "c81d3c026c04513458c28f38df4fb332b27f0d00",
    "url": "https://www.itatiaia.com.br/cidades/2024/03/22/alerta-de-grande-perigo-de-chuva-veja-as-250-cidades-de-minas-que-podem-ser-atingidas",
    "ord_in_thread": 0,
    "parent_url": null,
    "author": "Rômulo Ávila",
    "published": "2024-03-22T11:50:00.000+02:00",
    "title": "Alerta de grande perigo de chuva: veja as 250 cidades de Minas que podem ser atingidas - Rádio Itatiaia",
    "text": "Minas Gerais entra, nesta segunda-feira (22), em alerta vermelho para chuva intensa que pode atingir 250 cidades até o próximo domingo (24). Belo Horizonte não está na lista. O alerta vermelho é o mais elevado do Instituto Nacional de Meteorologia (Inmet). São Paulo, Rio de Janeiro e Espírito Santo também estão na lista. São mais de 400 cidades do Sudeste com previsão de chuva de até 100 mm que pode causar “danos em edificações, corte de energia elétrica, de queda de árvores, descargas elétricas, alagamentos, enxurradas e grandes transtornos no transporte rodoviário” Instruções do Inmet: Desligue aparelhos elétricos e quadro geral de energia; Em caso de enxurrada ou similar, coloque documentos e objetos de valor em sacos plásticos; Em caso de situação de grande perigo confirmada: Procure abrigo, evite permanecer ao ar livre; Obtenha mais informações junto à Defesa Civil (telefone 199) e ao Corpo de Bombeiros (telefone 193). Lista das cidades de Minas: - Abre Campo - Acaiaca - Aiuruoca - Alagoa - Além Paraíba - Alfredo Vasconcelos - Alto Caparaó - Alto Jequitibá - Alto Rio Doce - Amparo do Serra - Andrelândia - Antônio Carlos - Antônio Prado de Minas - Aracitaba - Arantina - Araponga - Argirita - Astolfo Dutra - Baependi - Barão de Monte Alto - Barbacena - Barra Longa - Barroso - Belmiro Braga - Bias Fortes - Bicas - Bocaina de Minas - Bom Jardim de Minas - Brás Pires - Brazópolis - Cachoeira de Minas - Caiana - Cajuri - Camanducaia - Cambuí - Cambuquira - Campanha - Canaã - Caparaó - Capela Nova - Caputira - Caranaíba - Carandaí - Carangola - Careaçu - Carmo da Cachoeira - Carmo de Minas - Carrancas - Carvalhos - Casa Grande - Cataguases - Catas Altas da Noruega - Caxambu - Chácara - Chiador - Cipotânea - Coimbra - Conceição da Barra de Minas - Conceição das Pedras - Conceição do Rio Verde - Conceição dos Ouros - Conselheiro Lafaiete - Consolação - Coronel Pacheco - Coronel Xavier Chaves - Córrego do Bom Jesus - Cristiano Otoni - Cristina - Cruzília - Delfim Moreira - Descoberto - Desterro do Melo - Diogo de Vasconcelos - Divinésia - Divino - Dom Viçoso - Dona Eusébia - Dores de Campos - Dores do Turvo - Durandé - Ervália - Espera Feliz - Estiva - Estrela Dalva - Eugenópolis - Ewbank da Câmara - Extrema - Faria Lemos - Fervedouro - Goianá - Gonçalves - Guaraciaba - Guarani - Guarará - Guidoval - Guiricema - Heliodora - Ibertioga - Ibituruna - Ingaí - Itajubá - Itamarati de Minas - Itamonte - Itanhandu - Itapeva - Itaverava - Itumirim - Itutinga - Jequeri - Jesuânia - Juiz de Fora - Lagoa Dourada - Lajinha - Lambari - Lamim - Laranjal - Lavras - Leopoldina - Liberdade - Lima Duarte - Luisburgo - Luminárias - Madre de Deus de Minas - Manhuaçu - Manhumirim - Mar de Espanha - Maria da Fé - Mariana - Maripá de Minas - Marmelópolis - Martins Soares - Matias Barbosa - Matipó - Mercês - Minduri - Miradouro - Miraí - Monsenhor Paulo - Munhoz - Muriaé - Mutum - Natércia - Nazareno - Olaria - Olímpio Noronha - Oliveira Fortes - Oratórios - Orizânia - Ouro Preto - Paiva - Palma - Paraisópolis - Passa Quatro - Passa Vinte - Patrocínio do Muriaé - Paula Cândido - Pedra Bonita - Pedra do Anta - Pedra Dourada - Pedralva - Pedro Teixeira - Pequeri - Piau - Piedade de Ponte Nova - Piedade do Rio Grande - Piranga - Piranguçu - Piranguinho - Pirapetinga - Piraúba - Ponte Nova - Porto Firme - Pouso Alegre - Pouso Alto - Prados - Presidente Bernardes - Queluzito - Recreio - Reduto - Resende Costa - Ressaquinha - Rio Casca - Rio Espera - Rio Novo - Rio Pomba - Rio Preto - Ritápolis - Rochedo de Minas - Rodeiro - Rosário da Limeira - Santa Bárbara do Monte Verde - Santa Bárbara do Tugúrio - Santa Cruz de Minas - Santa Margarida - Santana de Cataguases - Santana do Deserto - Santana do Garambéu - Santana do Manhuaçu - Santana dos Montes - Santa Rita de Ibitipoca - Santa Rita de Jacutinga - Santa Rita do Sapucaí - Santo Antônio do Aventureiro - Santo Antônio do Grama - Santos Dumont - São Bento Abade - São Francisco do Glória - São Geraldo - São Gonçalo do Sapucaí - São João del Rei - São João do Manhuaçu - São João Nepomuceno - São José do Alegre - São Lourenço - São Miguel do Anta - São Pedro dos Ferros - São Sebastião da Bela Vista - São Sebastião da Vargem Alegre - São Sebastião do Rio Verde - São Thomé das Letras - São Tiago - São Vicente de Minas - Sapucaí-Mirim - Senador Amaral - Senador Cortes - Senador Firmino - Senhora de Oliveira - Senhora dos Remédios - Sericita - Seritinga - Serranos - Silveirânia - Silvianópolis - Simão Pereira - Simonésia - Soledade de Minas - Tabuleiro - Teixeiras - Tiradentes - Tocantins - Tombos - Três Corações - Ubá - Urucânia - Viçosa - Vieiras - Virgínia - Visconde do Rio Branco - Volta Grande - Wenceslau Braz",
    "highlightText": "",
    "highlightTitle": "",
    "highlightThreadTitle": "",
    "language": "portuguese",
    "sentiment": "negative",
    "categories": [
        "Weather",
        "Environment",
        "Disaster and Accident"
    ],
    "external_links": [],
    "external_images": [],
    "entities": {
        "persons": [],
        "organizations": [],
        "locations": []
    },
    "rating": null,
    "crawled": "2024-03-22T11:58:09.008+02:00",
    "updated": "2024-03-22T11:58:09.008+02:00"
}