{
    "thread": {
        "uuid": "b8cd3c1d5dfcd10e91cef0b774c0b070021bb68a",
        "url": "https://www.latestnigeriannews.com/p/3280875/nigerians-to-witness-extreme-weather-conditions-says-wmo.html",
        "site_full": "www.latestnigeriannews.com",
        "site": "latestnigeriannews.com",
        "site_section": "http://www.latestnigeriannews.com/feed/allnews/rss",
        "site_categories": [
            "media"
        ],
        "section_title": "Latest Nigerian News Headlines",
        "title": "Nigerians to witness extreme weather conditions, says WMO",
        "title_full": "Nigerians to witness extreme weather conditions, says WMO",
        "published": "2024-03-22T12:40:00.000+02:00",
        "replies_count": 0,
        "participants_count": 1,
        "site_type": "news",
        "country": "NG",
        "main_image": "",
        "performance_score": 0,
        "domain_rank": 91870,
        "domain_rank_updated": "2024-03-19T12:08:04.000+02:00",
        "reach": null,
        "social": {
            "facebook": {
                "likes": 0,
                "comments": 0,
                "shares": 0
            },
            "gplus": {
                "shares": 0
            },
            "pinterest": {
                "shares": 0
            },
            "linkedin": {
                "shares": 0
            },
            "stumbledupon": {
                "shares": 0
            },
            "vk": {
                "shares": 0
            }
        }
    },
    "uuid": "b8cd3c1d5dfcd10e91cef0b774c0b070021bb68a",
    "url": "https://www.latestnigeriannews.com/p/3280875/nigerians-to-witness-extreme-weather-conditions-says-wmo.html",
    "ord_in_thread": 0,
    "parent_url": null,
    "author": "Latestnigeriannews",
    "published": "2024-03-22T12:40:00.000+02:00",
    "title": "Nigerians to witness extreme weather conditions, says WMO",
    "text": "#Giveaway: Win the New NIVEAPerfect & Radiant Luminous630 Anti-Dark Marks this Week - Bellanaija \"Celebrate me now that I'm alive\" Actor, Hanks Anuku says - Linda Ikeji 3 Feared Dead As Nasarawa State University Students Loot Rice - Tori A groundbreaking surgery was performed at Massachusetts General Hospital, where a genetically modified pig kidney was successfully transplanted into a human patient. - Pulse Abia: Otti Assents To Bill Nullifying Pensions Of Ex-Govs, Deputies - Information Nigeria Actress Etinosa Idemudia Slams Fellow Women And Their Wigs - Stella Dimoko Korkus Actress, Abimbola Craig Shares Near-Death Experience After Brain Surgery - https://www.latestnigeriannews.com/news/3280287/actress-abimbola-craig-shares-neardeath-experience-after-brain-surgery.html Adult star Stormy Daniels says she's hoping she'll be called as witness at Donald Trump trial so she can come 'face to face' with him again - https://www.latestnigeriannews.com/news/3279310/adult-star-stormy-daniels-says-shes-hoping-shell-be-called-as-witness-at-donald-.html African Games: Ese Brume Wins Long Jump Gold Medal - https://www.latestnigeriannews.com/news/3280285/african-games-ese-brume-wins-long-jump-gold-medal.html 1 Word to Describe Every Team's 2024 NFL Offseason After Early Free Agency - Bleacher Report 13th African Games: Ese Brume clinches Long jump gold, defends title - Blueprint 7 2024 NFL Draft Prospects Who Are Safest Bets to Succeed at Next Level - https://www.latestnigeriannews.com/news/3280840/7-2024-nfl-draft-prospects-who-are-safest-bets-to-succeed-at-next-level.html A 3-Team Trade to Give Wemby a Star PG and Big-Market Franchise Real Hope - https://www.latestnigeriannews.com/news/3280829/a-3team-trade-to-give-wemby-a-star-pg-and-bigmarket-franchise-real-hope.html A disappointing Premier League Night Eight for Littler - Yahoo Adepoju to mentor students at FCV Gladiator Camp - Punch African Games: Brume jumps to gold as Nigerias medals swell - Daily Trust Alec Stewart steps down as Surrey director of cricket to support wife in cancer battle - https://www.latestnigeriannews.com/news/3280668/alec-stewart-steps-down-as-surrey-director-of-cricket-to-support-wife-in-cancer-.html Alec Stewart to step down as Surrey's director of cricket - https://www.latestnigeriannews.com/news/3280512/alec-stewart-to-step-down-as-surreys-director-of-cricket.html",
    "highlightText": "",
    "highlightTitle": "",
    "highlightThreadTitle": "",
    "language": "english",
    "sentiment": "negative",
    "categories": [
        "Weather"
    ],
    "external_links": [
        "https://uk.sports.yahoo.com/news/alec-stewart-step-down-surrey-090734721.html",
        "https://www.lindaikejisblog.com/2024/3/celebrate-me-now-that-im-alive-actor-hanks-anuku-says.html",
        "https://punchng.com/adepoju-to-mentor-students-at-fcv-gladiator-camp/",
        "https://www.tori.ng/news/265264/3-feared-dead-as-nasarawa-state-university-student.html",
        "https://bleacherreport.com/articles/10113938-a-3-team-trade-to-give-wemby-a-star-pg-and-big-market-franchise-real-hope",
        "https://www.informationng.com/2024/03/abia-otti-assents-to-bill-nullifying-pensions-of-ex-govs-deputies.html",
        "http://www.stelladimokokorkus.com/2024/03/actress-etinosa-idemudia-slams-fellow.html",
        "https://www.bellanaija.com/2024/03/giveaway-3-bns-womens-month-2024/",
        "https://www.pulse.ng/lifestyle/beauty-health/pig-kidney-transplant-boston/hs7eg5l",
        "https://www.informationng.com/2024/03/actress-abimbola-craig-shares-near-death-experience-after-brain-surgery.html",
        "https://uk.sports.yahoo.com/news/disappointing-premier-league-night-eight-211426264.html",
        "https://blueprint.ng/13th-african-games-ese-brume-clinches-long-jump-gold-defends-title/",
        "https://www.lindaikejisblog.com/2024/3/adult-star-stormy-daniels-says-shes-hoping-shell-be-called-as-witness-at-donald-trump-trial-so-she-can-come-face-to-face-with-him-again-2.html",
        "https://bleacherreport.com/articles/10113813-1-word-to-describe-every-teams-2024-nfl-offseason-after-early-free-agency",
        "https://uk.sports.yahoo.com/news/alec-stewart-steps-down-surrey-095756119.html",
        "https://www.informationng.com/2024/03/african-games-ese-brume-wins-long-jump-gold-medal.html",
        "https://bleacherreport.com/articles/10113875-7-2024-nfl-draft-prospects-who-are-safest-bets-to-succeed-at-next-level",
        "https://dailytrust.com/african-games-brume-jumps-to-gold-as-nigerias-medals-swell/",
        "https://www.bleacherreport.com/articles/10113938-a-3-team-trade-to-give-wemby-a-star-pg-and-big-market-franchise-real-hope",
        "https://www.uk.sports.yahoo.com/news/disappointing-premier-league-night-eight-211426264.html",
        "https://www.uk.sports.yahoo.com/news/alec-stewart-steps-down-surrey-095756119.html",
        "https://www.bleacherreport.com/articles/10113875-7-2024-nfl-draft-prospects-who-are-safest-bets-to-succeed-at-next-level",
        "https://dailytrust.com/african-games-brume-jumps-to-gold-as-nigerias-medals-swell",
        "http://stelladimokokorkus.com/2024/03/actress-etinosa-idemudia-slams-fellow.html",
        "https://informationng.com/2024/03/african-games-ese-brume-wins-long-jump-gold-medal.html",
        "https://lindaikejisblog.com/2024/3/adult-star-stormy-daniels-says-shes-hoping-shell-be-called-as-witness-at-donald-trump-trial-so-she-can-come-face-to-face-with-him-again-2.html",
        "https://bellanaija.com/2024/03/giveaway-3-bns-womens-month-2024/",
        "https://tori.ng/news/265264/3-feared-dead-as-nasarawa-state-university-student.html",
        "https://informationng.com/2024/03/actress-abimbola-craig-shares-near-death-experience-after-brain-surgery.html",
        "https://pulse.ng/lifestyle/beauty-health/pig-kidney-transplant-boston/hs7eg5l",
        "https://blueprint.ng/13th-african-games-ese-brume-clinches-long-jump-gold-defends-title",
        "https://punchng.com/adepoju-to-mentor-students-at-fcv-gladiator-camp",
        "https://www.bellanaija.com/2024/03/giveaway-3-bns-womens-month-2024",
        "https://lindaikejisblog.com/2024/3/celebrate-me-now-that-im-alive-actor-hanks-anuku-says.html",
        "https://www.uk.sports.yahoo.com/news/alec-stewart-step-down-surrey-090734721.html",
        "https://www.blueprint.ng/13th-african-games-ese-brume-clinches-long-jump-gold-defends-title/",
        "https://www.dailytrust.com/african-games-brume-jumps-to-gold-as-nigerias-medals-swell/",
        "https://www.bleacherreport.com/articles/10113813-1-word-to-describe-every-teams-2024-nfl-offseason-after-early-free-agency",
        "https://www.punchng.com/adepoju-to-mentor-students-at-fcv-gladiator-camp/",
        "https://informationng.com/2024/03/abia-otti-assents-to-bill-nullifying-pensions-of-ex-govs-deputies.html"
    ],
    "external_images": [],
    "entities": {
        "persons": [
            {
                "name": "linda ikeji",
                "sentiment": "none"
            },
            {
                "name": "stella dimoko korkus actress",
                "sentiment": "none"
            },
            {
                "name": "stormy daniels",
                "sentiment": "none"
            },
            {
                "name": "hanks anuku",
                "sentiment": "none"
            },
            {
                "name": "donald trump",
                "sentiment": "none"
            },
            {
                "name": "tori",
                "sentiment": "none"
            },
            {
                "name": "abimbola craig",
                "sentiment": "none"
            },
            {
                "name": "otti",
                "sentiment": "none"
            }
        ],
        "organizations": [
            {
                "name": "wmo",
                "sentiment": "negative"
            },
            {
                "name": "information nigeria actress etinosa idemudia",
                "sentiment": "none"
            },
            {
                "name": "nasarawa state university",
                "sentiment": "none"
            }
        ],
        "locations": [
            {
                "name": "massachusetts general hospital",
                "sentiment": "none"
            },
            {
                "name": "abia",
                "sentiment": "none"
            }
        ]
    },
    "rating": null,
    "crawled": "2024-03-22T13:53:38.998+02:00",
    "updated": "2024-03-22T13:53:38.998+02:00"
}