{
    "thread": {
        "uuid": "1f301fc2102e9bd9678c9d9f42c3fccc7f3f2b45",
        "url": "https://ground.news/article/severe-dry-spells-to-hit-the-country-next-year-in-2026",
        "site_full": "ground.news",
        "site": "ground.news",
        "site_section": "https://ground.news/interest/malaysia",
        "site_categories": [],
        "section_title": "Malaysia Breaking News Headlines Today | Ground News",
        "title": "Ground News - Severe dry spells to hit the country next year, in 2026",
        "title_full": "Ground News - Severe dry spells to hit the country next year, in 2026",
        "published": "2024-03-22T03:50:00.000+02:00",
        "replies_count": 0,
        "participants_count": 1,
        "site_type": "news",
        "country": "US",
        "main_image": "",
        "performance_score": 0,
        "domain_rank": 29362,
        "domain_rank_updated": "2024-03-19T12:07:56.000+02:00",
        "reach": null,
        "social": {
            "facebook": {
                "likes": 0,
                "comments": 0,
                "shares": 0
            },
            "gplus": {
                "shares": 0
            },
            "pinterest": {
                "shares": 0
            },
            "linkedin": {
                "shares": 0
            },
            "stumbledupon": {
                "shares": 0
            },
            "vk": {
                "shares": 0
            }
        }
    },
    "uuid": "1f301fc2102e9bd9678c9d9f42c3fccc7f3f2b45",
    "url": "https://ground.news/article/severe-dry-spells-to-hit-the-country-next-year-in-2026",
    "ord_in_thread": 0,
    "parent_url": null,
    "author": "The Star Kuala Lumpur",
    "published": "2024-03-22T03:50:00.000+02:00",
    "title": "Ground News - Severe dry spells to hit the country next year, in 2026",
    "text": "Summary by The Star Kuala Lumpur PETALING JAYA: Parts of Malaysia have been baking under a heatwave, but brace yourself, the worse is yet to come, with a government report projecting severe dry spells next year and in 2026. Read full story Share menu 0 Articles 0 Articles All Left Center Right\nThe Star Kuala Lumpur Right Mixed Factuality Media Conglomerate: Star Media Group Severe dry spells to hit the country next year, in 2026 PETALING JAYA: Parts of Malaysia have been baking under a heatwave, but brace yourself, the worse is yet to come, with a government report projecting severe dry spells next year and in 2026. Read full story\n2 hours ago · Malaysia Read Full Article\nThe Star Kuala Lumpur Right Mixed Factuality Media Conglomerate: Star Media Group\nSevere dry spells to hit the country next year, in 2026 PETALING JAYA: Parts of Malaysia have been baking under a heatwave, but brace yourself, the worse is yet to come, with a government report projecting severe dry spells next year and in 2026. Read full story\n2 hours ago · Malaysia Read Full Article Think freely. Subscribe and get full access to Ground News Subscriptions start at $9.99/year Subscribe Ground News Article Assistant Not enough coverage to generate an Article Assistant.",
    "highlightText": "",
    "highlightTitle": "",
    "highlightThreadTitle": "",
    "language": "english",
    "sentiment": "negative",
    "categories": [
        "Weather",
        "Environment"
    ],
    "external_links": [],
    "external_images": [],
    "entities": {
        "persons": [],
        "organizations": [
            {
                "name": "star kuala lumpur petaling jaya",
                "sentiment": "negative"
            },
            {
                "name": "articles all left center right the star kuala lumpur right mixed factuality media conglomerate",
                "sentiment": "none"
            },
            {
                "name": "petaling jaya",
                "sentiment": "none"
            },
            {
                "name": "star kuala lumpur right mixed factuality media conglomerate",
                "sentiment": "none"
            }
        ],
        "locations": [
            {
                "name": "malaysia",
                "sentiment": "none"
            }
        ]
    },
    "rating": null,
    "crawled": "2024-03-22T05:35:05.839+02:00",
    "updated": "2024-03-22T05:35:05.839+02:00"
}