{
    "thread": {
        "uuid": "eb358ff906fe8b776f25a0683cc24da2f10af6de",
        "url": "https://www.huelvainformacion.es/huelva/Llega-Huelva-DANA-lluvia-barro-laves-coche-viernes-dolores-video_0_1886811525.html",
        "site_full": "www.huelvainformacion.es",
        "site": "huelvainformacion.es",
        "site_section": "https://www.huelvainformacion.es/jose_miguel_carrasco/",
        "site_categories": [
            "media"
        ],
        "section_title": "José Miguel Carrasco - Huelva Información",
        "title": "Video: Llega a Huelva una DANA con lluvia de barro: no laves el coche este Viernes de Dolores",
        "title_full": "Video: Llega a Huelva una DANA con lluvia de barro: no laves el coche este Viernes de Dolores",
        "published": "2024-03-22T10:54:00.000+02:00",
        "replies_count": 0,
        "participants_count": 1,
        "site_type": "news",
        "country": "ES",
        "main_image": "https://cdn.socy.cloud/JOLY/v3/SSFC/65240440166d2/https://www.huelvainformacion.es/2024/03/22/huelva/Coches-llenos-barro-Roque-Barcia_1886821382_207000455_1200x675.jpg",
        "performance_score": 0,
        "domain_rank": 68134,
        "domain_rank_updated": "2024-03-19T12:08:01.000+02:00",
        "reach": null,
        "social": {
            "facebook": {
                "likes": 0,
                "comments": 0,
                "shares": 0
            },
            "gplus": {
                "shares": 0
            },
            "pinterest": {
                "shares": 0
            },
            "linkedin": {
                "shares": 0
            },
            "stumbledupon": {
                "shares": 0
            },
            "vk": {
                "shares": 0
            }
        }
    },
    "uuid": "eb358ff906fe8b776f25a0683cc24da2f10af6de",
    "url": "https://www.huelvainformacion.es/huelva/Llega-Huelva-DANA-lluvia-barro-laves-coche-viernes-dolores-video_0_1886811525.html",
    "ord_in_thread": 0,
    "parent_url": null,
    "author": "María Fernández",
    "published": "2024-03-22T10:54:00.000+02:00",
    "title": "Video: Llega a Huelva una DANA con lluvia de barro: no laves el coche este Viernes de Dolores",
    "text": "Este Viernes de Dolores Huelva vive un día peculiar con temperaturas máximas de 30 grados, poco habituales en esta época, y una lluvia de barro provocada por el polvo en suspensión que nos acompaña desde la pasada noche. Según la Agencia Estatal de Meteorología (Aemet), viviremos una jornada marcada por los efectos de la DANA.\nAsí lo mostraba también en sus redes sociales Dani Zamora, del portal meteorológico Meteohuelva: \"No os asustéis cuando esta mañana vayáis a recoger vuestro coche y os lo encontréis en esta situación. El chubasquito de anoche en Huelva dejó 18 gotas y 20 gramos de arena del desierto\".\nNo os asustéis cuando esta mañana vayáis a recoger vuestro coche y os lo encontréis en esta situación.El chubasquito de anoche en Huelva dejó 18 gotas y 20 gramos de arena del desierto. pic.twitter.com/ikjBNKtx0Q\n— MeteoHuelva.es (@Meteohuelva) March 22, 2024\nLa lluvia de barro ha alertado especialmente a todos los cofrades, que han puesto el grito en el cielo al pensar en el aspecto que lucirían tras el polvo en suspensión los palcos recién colocados en la Carrera Oficial, tras haber colocado las telas.\nLas telas en los palcos de la Carrera Oficial recién colocadas Las telas en los palcos de la Carrera Oficial recién colocadas / M.G. (Huelva)\nSin embargo, al parecer se ha quedado en un susto, ya que tal y como ha podido comprobar Huelva Información, no se han visto afectados. Según la predicción de la Aemet, esta situación nos acompañará al menos hasta el próximo Domingo de Ramos, cuando se registren cielos con nubes medias y altas, también con polvo en suspensión y sin descartar precipitaciones débiles y dispersas , acompañadas de depósitos de barro, más probables a partir de la tarde.\nCoches llenos de barro en la calle Roque Barcia Coches llenos de barro en la calle Roque Barcia / Alberto Domínguez (Huelva)\nEl tiempo a partir del domingo A partir de la jornada dominical, las temperaturas comenzarán a descender en la mitad oriental y habrá pocos cambios en el resto de la provincia. Los vientos soplarán de componente este, moderados a fuertes en el litoral mediterráneo y flojos a moderados en el resto. Tendremos rachas muy fuertes en el área del Estrecho y litoral mediterráneo oriental.\nY este episodio de calima no acaba hoy, al revés.La situación de la Dana entre Canarias y la Península seguirá impulsando aire directamente desde el desierto del Sáhara durante hoy y todo el fin de semana. Las posibles lluvias que se esperan para el domingo por la noche… pic.twitter.com/txebpGJn8Z\n— MeteoHuelva.es (@Meteohuelva) March 22, 2024\nA partir del lunes la situación se complica, ya que tendremos una probabilidad de precipitación de casi el 100% en las primeras horas del día y de en torno al 30% por la tarde, lo que mantendrá en vilo a los pasos que salen en Carrera Oficial.\n¿Por qué se produce la lluvia de barro? Según eltiempo.es, La lluvia de barro es un fenómeno característico en España principalmente de la vertiente Mediterránea (aunque puede darse en otras zonas), y en ocasiones se la conoce con el nombre de lluvia de sangre o «lluvia de fango» por el color rojizo que puede llegar a dejar el polvo mezclado con agua al impactar sobre diferentes superficies.\nLa lluvia de barro es un tipo de lluvia (o de precipitación) que arrastra polvo mineral que termina depositándose en el suelo u otras superficies, dando la sensación de que han sido salpicadas por barro.\n¿Qué es la lluvia de barro? ¿Qué se necesita para que llueva barro? Para que llueva barro debe producirse un contraste de temperaturas entre el suelo y las capas medias y altas de nuestra atmósfera . La temperatura en el suelo, más alta, levanta las masas de aire arrastrando polvo hasta niveles altos de la troposfera.\nEn este «viaje», y para que se produzca lluvia de barro, el aire cálido debe chocar con otro más frío. Si se eleva más y choca con algún frente que se encuentre en la zona caerá de nuevo a la superficie en forma de lluvia de barro.",
    "highlightText": "",
    "highlightTitle": "",
    "highlightThreadTitle": "",
    "language": "spanish",
    "sentiment": "negative",
    "categories": [
        "Weather"
    ],
    "external_links": [
        "https://t.co/ikjBNKtx0Q",
        "https://twitter.com/Meteohuelva/status/1771067811441307908?ref_src=twsrc%5Etfw",
        "https://www.eltiempo.es/noticias/que-es-la-lluvia-de-sangre",
        "https://t.co/txebpGJn8Z",
        "https://twitter.com/Meteohuelva/status/1771074856764776615?ref_src=twsrc%5Etfw",
        "https://twitter.com/Meteohuelva/status/1771067811441307908",
        "https://www.t.co/ikjBNKtx0Q",
        "https://www.t.co/txebpGJn8Z",
        "https://www.twitter.com/Meteohuelva/status/1771074856764776615?ref_src=twsrc%5Etfw",
        "https://eltiempo.es/noticias/que-es-la-lluvia-de-sangre",
        "https://twitter.com/Meteohuelva/status/1771074856764776615",
        "https://www.twitter.com/Meteohuelva/status/1771067811441307908?ref_src=twsrc%5Etfw"
    ],
    "external_images": [],
    "entities": {
        "persons": [],
        "organizations": [],
        "locations": []
    },
    "rating": null,
    "crawled": "2024-03-22T12:04:31.860+02:00",
    "updated": "2024-03-22T17:10:00.539+02:00"
}