{
    "thread": {
        "uuid": "ec5bcebe6c1fe68e80ccd60e14410794eccbd84f",
        "url": "https://larepublica.pe/sociedad/2024/03/21/cusco-senamhi-recomienda-no-visitar-montana-de-7-colores-en-epoca-de-lluvias-por-que-lrsd-1560153",
        "site_full": "larepublica.pe",
        "site": "larepublica.pe",
        "site_section": "https://larepublica.pe/sociedad",
        "site_categories": [
            "media",
            "top_news"
        ],
        "section_title": "Noticias de Perú HOY: últimas noticias de Lima, Arequipa, Piura y regiones",
        "title": "Cusco | Senamhi recomienda no visitar montaña de 7 Colores en época de lluvias: ¿por qué? LRSD | Sociedad | La República",
        "title_full": "Cusco | Senamhi recomienda no visitar montaña de 7 Colores en época de lluvias: ¿por qué? LRSD | Sociedad | La República",
        "published": "2024-03-22T05:26:00.000+02:00",
        "replies_count": 0,
        "participants_count": 1,
        "site_type": "news",
        "country": "PE",
        "main_image": "https://imgmedia.larepublica.pe/1200x630/larepublica/original/2024/03/21/65fcf523b6e58d25e12c7f51.jpg",
        "performance_score": 0,
        "domain_rank": 7911,
        "domain_rank_updated": "2024-03-19T12:07:56.000+02:00",
        "reach": null,
        "social": {
            "facebook": {
                "likes": 21,
                "comments": 0,
                "shares": 19
            },
            "gplus": {
                "shares": 0
            },
            "pinterest": {
                "shares": 0
            },
            "linkedin": {
                "shares": 0
            },
            "stumbledupon": {
                "shares": 0
            },
            "vk": {
                "shares": 0
            }
        }
    },
    "uuid": "ec5bcebe6c1fe68e80ccd60e14410794eccbd84f",
    "url": "https://larepublica.pe/sociedad/2024/03/21/cusco-senamhi-recomienda-no-visitar-montana-de-7-colores-en-epoca-de-lluvias-por-que-lrsd-1560153",
    "ord_in_thread": 0,
    "parent_url": null,
    "author": "Milagros Corrales",
    "published": "2024-03-22T05:26:00.000+02:00",
    "title": "Cusco | Senamhi recomienda no visitar montaña de 7 Colores en época de lluvias: ¿por qué? LRSD | Sociedad | La República",
    "text": "Senamhi recomienda no visitar montaña de 7 Colores en época de lluvias: ¿por qué? Durante los meses de enero, febrero y marzo se espera la presencia de [lluvias continuas en la región imperial](https://larepublica.pe/sociedad/2024/03/21/senamhi-advierte-intensas-lluvias-y-descargas-electricas-en-ayacucho-y-otras-13-regiones-del-22-al-24-de-marzo-conoce-las-zonas-afectadas-pronostico-senamhi-lrsd-600138). La laguna Humantay es otro atractivo turístico que se encuentra en una zona vulnerable a más de 4.000 m s. n. m. [Examen de admisión San Marcos 2024 II: 1.320 vacantes no fueron cubiertas](https://larepublica.pe/sociedad/2024/03/20/unmsm-1320-vacantes-no-fueron-cubiertas-educacion-examen-de-admision-carreras-universitarias-universidades-publicas-471620) [Corte de agua en Lima vía Sedapal: los distritos que serán afectados este 20 y 21 de marzo](https://larepublica.pe/sociedad/2024/03/19/corte-de-agua-en-lima-via-sedapal-los-distritos-que-seran-afectados-este-20-y-21-de-marzo-1502387) Con la muerte del guía de turismo Glauder Paucarmayta Triveño, ocurrida el último domingo en la montaña de Palccoyo, los fallecidos por impacto de rayo llegan a nueve en lo que va del 2024, en la región Cusco. [En el reciente evento también resultaron heridos seis turistas extranjeros que se hallaban camino a la montaña de 7 Colores](https://larepublica.pe/sociedad/2024/03/11/cusco-guia-de-turismo-fallecio-tras-caerle-un-rayo-en-la-montana-7-colores-lrnd-142978), ubicada en la provincia de [Canchis.](https://larepublica.pe/tag/cusco) Muertes por impacto de rayos en Cusco: ¿se han determinado algunas medidas de prevención ante esta problemática? El director de la Oficina Regional de Gestión del Riesgo de Desastres y Seguridad de Cusco, Miguel Oscco, informó que en coordinación con el Servicio Nacional de Meteorología e Hidrología (Senamhi) se trabaja en un sistema de alerta temprana para advertir la caída de tormentas. \"Este sistema nos permitirá emitir señales a los operadores turísticos, de tal forma que se evite el desplazamiento de turistas cuando se tenga una alerta meteorológica de tormenta eléctrica con alta probabilidad de ocurrencia\", indicó. Sin embargo, el encargado de la Dirección Zonal 12 del Senamhi, Zenón Huaman, sostiene que, por más de que sean técnicos en materia del monitoreo atmosférico ambiental, a veces hay convectivos que se forman de un momento a otro por las condiciones de humedad que hay en esta temporada; entonces, de un momento a otro aparece una nube negra que pronostica ese tipo de descargas eléctricas. PUEDES VER: [Lluvias intensas y descargas eléctricas en 14 regiones del Perú del 22 al 24 de marzo: ¿cuáles son?] \"Definitivamente, va a ser necesario creo que se tome en consideración que entre los meses de enero, febrero y marzo no se permita el acceso permanente, salvo que nosotros podamos detectar un tiempo prolongado de ausencia de lluvias, por decir tres, cuatro o cinco días. Entonces, ahí aprovechar esos días, ¿no? Pero en los días que generalmente está lloviendo es peligroso de todas maneras. Quizá sería (necesario) conversar con los operadores de turismo para que en estos meses de lluvias evitemos el acceso a esa zona\", comentó el especialista del Senamhi. Senamhi recomienda no visitar montaña de 7 Colores en época de lluvias: ¿por qué? \"Las partes altas siempre van a estar expuestas a estos eventos (caída de rayos) y la montaña de 7 Colores está en la altura, encima de los 4.000 m s. n. m. Entonces, ahí, por ejemplo, como se ha convertido en una zona turística, creo que en esta temporada debía haber alguna norma que salga de repente para que se evite la visita en esta temporada. Es más, como hay precipitaciones bastante fuertes en la zona y constantes, las vías de comunicación, pues, no son pistas, no son como las que tenemos en las ciudades, son trochas a veces; incluso esas mismas trochas no están buenas para transitar y como para llevar turistas. Entonces, en ese aspecto, creo que ya debemos tomar esas precauciones, ¿no? No solamente por los rayos, sino también como cuidado a que podemos tener algún tipo de accidente por la precariedad de las vías de comunicación en esta temporada. Se vuelven resbaladizas y a veces hay neblina que cubre casi por completo el horizonte, y en esas condiciones a veces están circulando; entonces, es eso lo que se tiene que tomar en cuenta\", señaló el especialista del Senamhi. PUEDES VER: [Cortes de luz en Arequipa y Cusco del 19 al 24 de marzo: revisa aquí zonas y distritos afectados] Recomendaciones El funcionario comentó que la totalidad de las muertes ocurrieron en zonas altoandinas. Recomendó a la población que se encuentra en zonas de impacto evitar permanecer en colinas altas, alejarse de árboles altos o que estén solos en el área, asimismo, evitar contacto con agua, objetos metálicos, postes, torres de alta tención, entre otros. Y si se encuentran en una llanura o pampa, la posición que deben tomar es en cuclillas. Las muertes se registraron en las provincias de Chumbivilcas (2), Acomayo (1), Canchis (2), Canas (1) y Espinar (3). En esta última, los miembros de una familia murieron tras la caída de un rayo sobre su vivienda en distrito de Coporaque. ¿Cómo son las nubes que ocasionan tormentas eléctricas? La característica de esas nubes que ocasionan tormentas eléctricas es que cubren por completo la zona y es gris, muy oscura. Es completamente negra la base de la nube y generalmente viene acompañada de ráfagas de viento, de lluvias de intensidades bastantes fuertes que acompañan a los truenos y relámpagos. Entonces, si se ven ese tipo de nubes que provocan descargas eléctricas, se deben tomar las previsiones del caso. Cusco: ¿hay otros atractivos turísticos naturales que conlleven el mismo riesgo? La laguna Humantay también se encuentra en una zona de riesgo a más de 4.000 m s. n. m. y el acceso es aún más peligroso que el de la montaña de 7 Colores. Además, se sabe que hay bastantes quebradas que causan problemas en la zona. La República Regiones AHORA en WhatsApp ¿Quieres enterarte de las últimas noticias del Perú? Te invitamos a suscribirte [AQUÍ ](https://whatsapp.com/channel/0029VaEyIF8HgZWgOPDZ9U3U)a nuestro canal oficial La República Regiones, que te trae la información más reciente sobre lo que acontece en cada rincón de nuestro país. ► [https://whatsapp.com/channel/0029VaEyIF8HgZWgOPDZ9U3U](https://whatsapp.com/channel/0029VaEyIF8HgZWgOPDZ9U3U)",
    "highlightText": "",
    "highlightTitle": "",
    "highlightThreadTitle": "",
    "language": "spanish",
    "sentiment": "negative",
    "categories": [
        "Weather",
        "Environment"
    ],
    "external_links": [
        "https://whatsapp.com/channel/0029VaEyIF8HgZWgOPDZ9U3U)",
        "https://whatsapp.com/channel/0029VaEyIF8HgZWgOPDZ9U3U)a",
        "https://whatsapp.com/channel/0029VaEyIF8HgZWgOPDZ9U3U",
        "https://www.whatsapp.com/channel/0029VaEyIF8HgZWgOPDZ9U3U)",
        "https://www.whatsapp.com/channel/0029VaEyIF8HgZWgOPDZ9U3U",
        "https://www.whatsapp.com/channel/0029VaEyIF8HgZWgOPDZ9U3U)a"
    ],
    "external_images": [],
    "entities": {
        "persons": [],
        "organizations": [],
        "locations": []
    },
    "rating": null,
    "crawled": "2024-03-22T06:13:54.488+02:00",
    "updated": "2024-03-22T06:13:54.488+02:00"
}