{
    "thread": {
        "uuid": "2140385f2dbf73cbd8445cae605e267667d0b66e",
        "url": "https://elnacional.com.do/aguaceros-anegan-diferentes-vias-del-gran-santo-domingo",
        "site_full": "elnacional.com.do",
        "site": "elnacional.com.do",
        "site_section": "http://elnacional.com.do/feed",
        "site_categories": [
            "media"
        ],
        "section_title": "El Nacional",
        "title": "Aguaceros anegan diferentes vías del Gran Santo Domingo",
        "title_full": "Aguaceros anegan diferentes vías del Gran Santo Domingo",
        "published": "2024-03-22T00:44:00.000+02:00",
        "replies_count": 0,
        "participants_count": 1,
        "site_type": "news",
        "country": "DO",
        "main_image": "https://elnacional.com.do/wp-content/uploads/2024/03/WhatsApp-Image-2024-03-21-at-6.08.32-PM.jpeg",
        "performance_score": 0,
        "domain_rank": 78627,
        "domain_rank_updated": "2024-03-19T12:08:04.000+02:00",
        "reach": null,
        "social": {
            "facebook": {
                "likes": 0,
                "comments": 0,
                "shares": 0
            },
            "gplus": {
                "shares": 0
            },
            "pinterest": {
                "shares": 0
            },
            "linkedin": {
                "shares": 0
            },
            "stumbledupon": {
                "shares": 0
            },
            "vk": {
                "shares": 0
            }
        }
    },
    "uuid": "2140385f2dbf73cbd8445cae605e267667d0b66e",
    "url": "https://elnacional.com.do/aguaceros-anegan-diferentes-vias-del-gran-santo-domingo",
    "ord_in_thread": 0,
    "parent_url": null,
    "author": "Lázaro Medina Familia",
    "published": "2024-03-22T00:44:00.000+02:00",
    "title": "Aguaceros anegan diferentes vías del Gran Santo Domingo",
    "text": "Santo Domingo.-Los\naguaceros caídos desde la tarde de este jueves han provocado grandes inundaciones de diferentes vías en el Gran Santo Domingo, lo que ha provocado que muchas personas queden varadas.\nComo cada vez que caen fuerte\nhttps://dai.ly/x8vbcwg, esta vez no fue la excepción, rápidamente las calles y principales avenida del Gran Santo Domingo se inundan provocando interminables tapones, vehículos averiados y personas quedadas por la falta de transporte público.\nEn sectores como Alma Rosa y Los Mina en Santo Domingo Este, así como en los ensanches la Fe, Naco, y Kennedy en el Distrito Nacional, se pueden observar decenas de calles anegadas por las recientes lluvias, fruto de un sistema frontal ubicado en el océano Atlántico que provocará lluvia hasta el sábado por lo menos según el informe de la Oficina Nacional de Meteorología (Onamet).\nTambién te puede interesar:\nAguaceros continuarán al menos hasta el sábado, según Onamet\nAnte esta realidad, se mantienen en alerta verde las provincias Santiago, Monseñor Nouel, La Vega y El Gran Santo Domingo (el Distrito Nacional y provincia Santo Domingo).",
    "highlightText": "",
    "highlightTitle": "",
    "highlightThreadTitle": "",
    "language": "spanish",
    "sentiment": "negative",
    "categories": [
        "Weather"
    ],
    "external_links": [
        "https://dai.ly/x8vbcwg,",
        "https://www.dai.ly/x8vbcwg,"
    ],
    "external_images": [],
    "entities": {
        "persons": [],
        "organizations": [],
        "locations": []
    },
    "rating": null,
    "crawled": "2024-03-22T01:13:40.309+02:00",
    "updated": "2024-03-22T01:13:40.309+02:00"
}