{
    "thread": {
        "uuid": "392b2ba41a16a29692170dea93421fdef69e38d0",
        "url": "https://www.zonebourse.com/cours/action/PHOENIX-GROUP-HOLDINGS-PL-105996789/actualite/Phoenix-bondit-grace-a-de-nouveaux-objectifs-ambitieux-et-a-des-resultats-de-premier-ordre-46261757",
        "site_full": "www.zonebourse.com",
        "site": "zonebourse.com",
        "site_section": "https://www.zonebourse.com",
        "site_categories": [
            "investing",
            "finance"
        ],
        "section_title": "Bourse: Cours, Cotations &amp; Actualités - Zonebourse",
        "title": "Phoenix bondit grâce à de nouveaux objectifs \"ambitieux\" et à des résultats de premier ordre -Le 22 mars 2024 à 09:58 | Zonebourse",
        "title_full": "Phoenix bondit grâce à de nouveaux objectifs \"ambitieux\" et à des résultats de premier ordre -Le 22 mars 2024 à 09:58 | Zonebourse",
        "published": "2024-03-22T10:58:00.000+02:00",
        "replies_count": 0,
        "participants_count": 1,
        "site_type": "news",
        "country": "FR",
        "main_image": "https://www.zonebourse.com/images/twitter_ZB_fdblanc.png",
        "performance_score": 0,
        "domain_rank": 29340,
        "domain_rank_updated": "2024-03-19T12:07:56.000+02:00",
        "reach": null,
        "social": {
            "facebook": {
                "likes": 0,
                "comments": 0,
                "shares": 0
            },
            "gplus": {
                "shares": 0
            },
            "pinterest": {
                "shares": 0
            },
            "linkedin": {
                "shares": 0
            },
            "stumbledupon": {
                "shares": 0
            },
            "vk": {
                "shares": 0
            }
        }
    },
    "uuid": "392b2ba41a16a29692170dea93421fdef69e38d0",
    "url": "https://www.zonebourse.com/cours/action/PHOENIX-GROUP-HOLDINGS-PL-105996789/actualite/Phoenix-bondit-grace-a-de-nouveaux-objectifs-ambitieux-et-a-des-resultats-de-premier-ordre-46261757",
    "ord_in_thread": 0,
    "parent_url": null,
    "author": "Zonebourse",
    "published": "2024-03-22T10:58:00.000+02:00",
    "title": "Phoenix bondit grâce à de nouveaux objectifs \"ambitieux\" et à des résultats de premier ordre -Le 22 mars 2024 à 09:58 | Zonebourse",
    "text": "Phoenix bondit grâce à de nouveaux objectifs \"ambitieux\" et à des résultats de premier ordrePhoenix Group Holdings PLC a dévoilé vendredi de nouveaux objectifs ambitieux lors de la publication de ses résultats annuels qui ont atteint et, dans certains domaines, dépassé les attentes de...",
    "highlightText": "",
    "highlightTitle": "",
    "highlightThreadTitle": "",
    "language": "french",
    "sentiment": "negative",
    "categories": [
        "Weather"
    ],
    "external_links": [],
    "external_images": [],
    "entities": {
        "persons": [],
        "organizations": [],
        "locations": []
    },
    "rating": null,
    "crawled": "2024-03-22T11:04:00.267+02:00",
    "updated": "2024-03-22T18:12:06.735+02:00"
}