{
    "thread": {
        "uuid": "566306d20d24c82646884ac7648e87baf46468a7",
        "url": "https://www.cope.es/emisoras/extremadura/noticias/semana-santa-extremadura-amenazada-por-lluvia-20240322_3211381",
        "site_full": "www.cope.es",
        "site": "cope.es",
        "site_section": "https://www.cope.es",
        "site_categories": [
            "sports"
        ],
        "section_title": "COPE | Noticias y radio online",
        "title": "La Semana Santa de Extremadura amenazada por la lluvia - Extremadura - COPE",
        "title_full": "La Semana Santa de Extremadura amenazada por la lluvia - Extremadura - COPE",
        "published": "2024-03-22T09:16:00.000+02:00",
        "replies_count": 0,
        "participants_count": 1,
        "site_type": "news",
        "country": "ES",
        "main_image": "https://cope-cdnmed.cope.es/resources/jpg/3/5/1711091932953.jpg",
        "performance_score": 0,
        "domain_rank": 7831,
        "domain_rank_updated": "2024-03-19T12:07:56.000+02:00",
        "reach": null,
        "social": {
            "facebook": {
                "likes": 0,
                "comments": 0,
                "shares": 3
            },
            "gplus": {
                "shares": 0
            },
            "pinterest": {
                "shares": 0
            },
            "linkedin": {
                "shares": 0
            },
            "stumbledupon": {
                "shares": 0
            },
            "vk": {
                "shares": 0
            }
        }
    },
    "uuid": "566306d20d24c82646884ac7648e87baf46468a7",
    "url": "https://www.cope.es/emisoras/extremadura/noticias/semana-santa-extremadura-amenazada-por-lluvia-20240322_3211381",
    "ord_in_thread": 0,
    "parent_url": null,
    "author": "Celia Lafuente",
    "published": "2024-03-22T09:16:00.000+02:00",
    "title": "La Semana Santa de Extremadura amenazada por la lluvia - Extremadura - COPE",
    "text": "La Semana Santa de Extremadura amenazada por la lluvia Esta es la última previsión [Celia Lafuente](https://www.cope.es/autores/celia-lafuente)Coordinadora Digital en COPE Extremadura Mérida Tiempo de lectura: 1' Actualizado 08:19 El tiempo sigue siendo motivo de preocupación para los cofrades que se preparan para la Semana Santa. A medida que nos acercamos al Domingo de Ramos, las condiciones meteorológicas generan incertidumbre y preocupación entre los organizadores y participantes de las procesiones. Hasta el Domingo de Ramos, el pronóstico es relativamente favorable, con temperaturas que recuerdan más a mayo que a marzo, alcanzando máximas de hasta 28 grados. Sin embargo, a partir del lunes, se espera la llegada de varios frentes que podrían cambiar drásticamente el clima. Samuel Biener, de Meteored, advierte que lo peor podría ocurrir en la recta final de la semana grande. Esta perspectiva meteorológica mantiene en vilo a los cofrades, que temen que las condiciones adversas puedan afectar las procesiones y otras actividades programadas para la Semana Santa. Etiquetas - item no encontrado",
    "highlightText": "",
    "highlightTitle": "",
    "highlightThreadTitle": "",
    "language": "spanish",
    "sentiment": "negative",
    "categories": [
        "Weather",
        "Human Interest"
    ],
    "external_links": [],
    "external_images": [],
    "entities": {
        "persons": [],
        "organizations": [],
        "locations": []
    },
    "rating": null,
    "crawled": "2024-03-22T09:27:32.603+02:00",
    "updated": "2024-03-22T09:27:32.603+02:00"
}