{
    "thread": {
        "uuid": "f48c0ffe034cc449272dab3adf49634039d755ab",
        "url": "https://www.bemparana.com.br/noticias/parana/depois-de-ventos-fortes-frente-fria-avanca-e-faz-temperatura-despencar-em-curitiba",
        "site_full": "www.bemparana.com.br",
        "site": "bemparana.com.br",
        "site_section": "https://www.bemparana.com.br/rss",
        "site_categories": [
            "media"
        ],
        "section_title": "Bem Paraná",
        "title": "Depois de ventos fortes, frente fria avança e faz temperatura despencar em Curitiba",
        "title_full": "Depois de ventos fortes, frente fria avança e faz temperatura despencar em Curitiba",
        "published": "2024-03-22T04:00:00.000+02:00",
        "replies_count": 0,
        "participants_count": 1,
        "site_type": "news",
        "country": "BR",
        "main_image": "https://www.bemparana.com.br/wp-content/uploads/2024/03/0cf-obinus.jpg?v=22.03.2.14.55",
        "performance_score": 0,
        "domain_rank": 61125,
        "domain_rank_updated": "2024-03-19T12:08:01.000+02:00",
        "reach": null,
        "social": {
            "facebook": {
                "likes": 0,
                "comments": 0,
                "shares": 0
            },
            "gplus": {
                "shares": 0
            },
            "pinterest": {
                "shares": 0
            },
            "linkedin": {
                "shares": 0
            },
            "stumbledupon": {
                "shares": 0
            },
            "vk": {
                "shares": 0
            }
        }
    },
    "uuid": "f48c0ffe034cc449272dab3adf49634039d755ab",
    "url": "https://www.bemparana.com.br/noticias/parana/depois-de-ventos-fortes-frente-fria-avanca-e-faz-temperatura-despencar-em-curitiba",
    "ord_in_thread": 0,
    "parent_url": null,
    "author": "Rodolfo Luis Kowalski",
    "published": "2024-03-22T04:00:00.000+02:00",
    "title": "Depois de ventos fortes, frente fria avança e faz temperatura despencar em Curitiba",
    "text": "Os dias de calor chegaram ao fim (ao menos por ora) e Curitiba vai enfrentar uma verdadeira virada no tempo nos próximos dias. Ao menos é isso o que prevê o Sistema de Tecnologia e Monitoramento Ambiental do Paraná (Simepar) e o que o próprio tempo demonstrou ontem, quando um temporal atingiu a capital paranaense no meio da tarde e acabou trazendo algum refresco para a cidade.\nSegundo o Simepar, a virada no tempo é resultado do avanço de uma frente fria, que fez mudar as condições climáticas em todo o Paraná. Para hoje, estão previstas algumas chuvas na Região Metropolitana de Curitiba (RMC) e no litoral do estado, que podem vir acompanhadas de descargas atmosféricas. As temperaturas, por sua vez, também devem permanecer mais amenas, uma situação que deve se estender ao longo do final de semana – quando pode ocorrer garoa ocasional na RMC e nas praias do Paraná.\nPara se ter uma noção do impacto da frente fria no tempo de Curitiba, durante esta quinta-feira (21) a temperatura na cidade variou entre 20ºC (mínima) e 29ºC (máxima). Mais um dia de muito calor, portanto.\nJá para esta sexta-feira (22), a temperatura mínima prevista é de 15ºC e a máxima, de 21ºC. No sábado, esfria ainda mais — com a temperatura na cidade variando entre 13 e 19ºC — e no domingo o tempo deve ficar parecido com o de sexta-feira (inclusive com céu nublado), mas sem a ocorrência de chuvas.\nOu seja, o que foi a temperatura mínima em Curitiba na última quinta-feira deve se tornar a temperatura máxima da cidade nos próximos dias.\nChuva com rajadas de vento\nA tarde desta quinta foi de alguma chuva em Curitiba, mas o que mais se destacou foram as rajadas de vento, que provocaram diversos estragos na cidade. Um balanço da Defesa Civil apontava a queda de 45 árvores ou galhos de porte.\nEm uma das ocorrências,\no vento forte derrubou uma Araucária de porte sobre um ônibus de transporte coletivo na Rua Vírginia Dalabona, no bairro Orleans. O acidente deixou quatro pessoas feridas, uma em estado grave, que ficou presa às ferragens.\nA passageira que ficou presa às ferragens era uma mulher de 55 anos. Ela recebeu atendimento do Corpo de Bombeiros e foi encaminhada para o Hospital Evangélico Mackenzie. De acordo com a equipe, o estado dela era estável. A árvore também atingiu cabos de fiação elétrica, a região ficou sem energia e o trânsito foi interditado.\nA rajada de vento chegou a 36 km/h na estação do Simepar, localizado no bairro Jardim das Américas.\nChuva forte foi registrada no interior do Estado. Com o deslocamento da tempestade a Copel registrou, até o final da tarde, 5.058 danos à rede de distribuição de energia. Mais de 640 mil domicílios tiveram a energia desligada em algum momento em todo o Estado.\nDe acordo com o Simepar, foram registradas rajadas de vento de 91,4 km/h em Foz do Iguaçu, 96,1 km/h próximo a Francisco Beltrão e 87,1 km/h em Nova Prata do Iguaçu. De acordo com a Escala de Beaufort, que mede a força dos ventos, essas rajadas são consideradas ventanias fortíssimas e têm o potencial para provocar danos em habitações.\nA Copel orienta a população a manter distância de locais que tenham postes quebrados e fios caídos. Situações de risco devem ser informadas pelo telefone 0800 51 00 116. A falta de luz pode ser informada por meio do aplicativo para celulares, pelo site www.copel.com e pelo número de WhatsApp 41 3013-8973.\nOutono: semana quente, semana fria…\nDias consecutivos com temperaturas altas seguidas de dias com temperaturas mais baixas são comuns no outono. A estação é uma transição entre o verão e o inverno, e é comum oscilar dias quentes e frios. Com o avanço da estação, até mesmo um mesmo dia pode ter esse tipo de oscilação, com madrugadas e manhãs geladas, e tarde cálidas.\nA partir do final de abril e início de maio, as temperaturas ficam mais tempo frias. Também é o período da estação quando podem começar a registrar fenômenos de geada no Paraná. Normalmnete no mês de maio é lançado o programa Alerta Geada, da Secretaria de Agricultura com o Simepar, para alertar produtores, especialmente do interior, para a ocorrência do fenômeno, que afeta as culturas, como o café.",
    "highlightText": "",
    "highlightTitle": "",
    "highlightThreadTitle": "",
    "language": "portuguese",
    "sentiment": "negative",
    "categories": [
        "Disaster and Accident",
        "Weather"
    ],
    "external_links": [],
    "external_images": [],
    "entities": {
        "persons": [],
        "organizations": [],
        "locations": []
    },
    "rating": null,
    "crawled": "2024-03-22T04:16:21.939+02:00",
    "updated": "2024-03-22T04:16:21.939+02:00"
}