{
    "thread": {
        "uuid": "626b4a04d49195008f6343d3ae6b10c63296df50",
        "url": "https://vnexplorer.net/belinda-esta-hospitalizada-y-cancela-concierto-esto-sabemos-sobre-su-estado-de-salud-s2010307.html",
        "site_full": "vnexplorer.net",
        "site": "vnexplorer.net",
        "site_section": "https://vnexplorer.net",
        "site_categories": [
            "health",
            "cold_and_flu"
        ],
        "section_title": "Verified News Explorer Channel - VNExplorer",
        "title": "Belinda está hospitalizada y cancela concierto; esto sabemos sobre su estado de salud",
        "title_full": "Belinda está hospitalizada y cancela concierto; esto sabemos sobre su estado de salud",
        "published": "2024-03-22T03:36:00.000+02:00",
        "replies_count": 0,
        "participants_count": 1,
        "site_type": "news",
        "country": "JP",
        "main_image": "https://img-s-msn-com.akamaized.net/tenant/amp/entityid/BB1ki4PK.img",
        "performance_score": 0,
        "domain_rank": 52173,
        "domain_rank_updated": "2024-03-19T12:08:01.000+02:00",
        "reach": null,
        "social": {
            "facebook": {
                "likes": 0,
                "comments": 0,
                "shares": 0
            },
            "gplus": {
                "shares": 0
            },
            "pinterest": {
                "shares": 0
            },
            "linkedin": {
                "shares": 0
            },
            "stumbledupon": {
                "shares": 0
            },
            "vk": {
                "shares": 0
            }
        }
    },
    "uuid": "626b4a04d49195008f6343d3ae6b10c63296df50",
    "url": "https://vnexplorer.net/belinda-esta-hospitalizada-y-cancela-concierto-esto-sabemos-sobre-su-estado-de-salud-s2010307.html",
    "ord_in_thread": 0,
    "parent_url": null,
    "author": "VNExplorer",
    "published": "2024-03-22T03:36:00.000+02:00",
    "title": "Belinda está hospitalizada y cancela concierto; esto sabemos sobre su estado de salud",
    "text": "Belinda\nBelinda fue hospitalizada de emergencia, así lo dieron a conocer por medio de un comunicado que fue publicado en las redes sociales de la cantante. Debido a esto, la intérprete de “Luz sin gravedad” tuvo que cancelar un concierto que daría en Coatzacoalcos, Veracruz.\nEn el comunicado se explica que debido a órdenes del doctor que atienden a Belinda, la famosa tuvo que ser hospitalizada, sin embargo, no dieron a conocer la razón por la que la cantante está en el nosocomio.\nTe recomendamos: ¡Con Belinda, Luis Gerardo Méndez y más! Revelan el elenco de ‘Mentiras, la serie’\n“Lamentamos informales que Belinda no podrá presentarse al concierto programa para el día viernes 22 de marzo en la Expo Feria Coatza. Debido a un problema de salud, por indicaciones de su médico, tuvo que ser hospitalizada”.\nFinalmente, en el comunicado lamentaron que Belinda no pueda presentarse en el evento, pero lo más importante siempre será la salud de la famosa.\n“La salud de Belinda es nuestra principal preocupación en este momento. Esperamos poder reprogramar el concierto en una próxima fecha”.\ncomunicado Belinda\nBelinda comparte foto desde el hospital Por medio de sus historias de Instagram, Belinda compartió una foto que tomó desde el hospital. En la imagen se observa su mano conectada al suero, mientras abraza un peluche. Detrás de la cantante también se puede ver otro muñeco.\nLa famosa compartió la imagen junto con un texto en el que compartió que para ella siempre la salud será lo más importante.\n“La salud siempre tiene que ser lo más importante”.\nhistoria Belinda\nHasta el momento Belinda tampoco ha dado a conocer la razón por la que fue hospitalizada. Esto ocurre en medio de su regreso a la música, después de que hace unas semanas lanzara su canción “Cactus” cuya letra contiene varias indirectas a Christian Nodal.\nPor si fuera poco, sus fans esperan que Belinda este año lance nuevo disco, el cual podría contener colaboraciones con Natanael Cano y el rapero Alemán.\nPJG",
    "highlightText": "",
    "highlightTitle": "",
    "highlightThreadTitle": "",
    "language": "spanish",
    "sentiment": "negative",
    "categories": [
        "Disaster and Accident",
        "Weather",
        "Environment"
    ],
    "external_links": [
        "https://img-s-msn-com.akamaized.net/tenant/amp/entityid/BB1kig2u.img",
        "https://img-s-msn-com.akamaized.net/tenant/amp/entityid/BB1ki4PK.img",
        "https://img-s-msn-com.akamaized.net/tenant/amp/entityid/BB1ki4PT.img",
        "https://www.img-s-msn-com.akamaized.net/tenant/amp/entityid/BB1ki4PT.img",
        "https://www.img-s-msn-com.akamaized.net/tenant/amp/entityid/BB1ki4PK.img",
        "https://www.img-s-msn-com.akamaized.net/tenant/amp/entityid/BB1kig2u.img"
    ],
    "external_images": [],
    "entities": {
        "persons": [],
        "organizations": [],
        "locations": []
    },
    "rating": null,
    "crawled": "2024-03-22T03:46:43.843+02:00",
    "updated": "2024-03-22T03:46:43.843+02:00"
}