{
    "thread": {
        "uuid": "2766bff7c49cef88bd4eac5c685210c51b8f2f5a",
        "url": "https://www.terra.com.br/noticias/brasil/cidades/eduardo-paes-sobre-temporal-no-rio-algo-grave-pode-acontecer,66c8a92dfe9006eebc9438730f3176c0ssdn3zr6.html",
        "site_full": "www.terra.com.br",
        "site": "terra.com.br",
        "site_section": "https://www.terra.com.br/noticias/rss.xml",
        "site_categories": [
            "media"
        ],
        "section_title": "Notícias",
        "title": "Eduardo Paes sobre temporal no Rio: \"Algo grave pode acontecer\"",
        "title_full": "Eduardo Paes sobre temporal no Rio: \"Algo grave pode acontecer\"",
        "published": "2024-03-22T00:42:00.000+02:00",
        "replies_count": 0,
        "participants_count": 1,
        "site_type": "news",
        "country": "BR",
        "main_image": "https://p2.trrsf.com/image/fget/cf/1200/630/middle/images.terra.com/2024/03/21/573579548-abre-perfil-brasil-91-4.jpg",
        "performance_score": 0,
        "domain_rank": 3385,
        "domain_rank_updated": "2024-03-19T12:07:56.000+02:00",
        "reach": null,
        "social": {
            "facebook": {
                "likes": 0,
                "comments": 0,
                "shares": 0
            },
            "gplus": {
                "shares": 0
            },
            "pinterest": {
                "shares": 0
            },
            "linkedin": {
                "shares": 0
            },
            "stumbledupon": {
                "shares": 0
            },
            "vk": {
                "shares": 0
            }
        }
    },
    "uuid": "2766bff7c49cef88bd4eac5c685210c51b8f2f5a",
    "url": "https://www.terra.com.br/noticias/brasil/cidades/eduardo-paes-sobre-temporal-no-rio-algo-grave-pode-acontecer,66c8a92dfe9006eebc9438730f3176c0ssdn3zr6.html",
    "ord_in_thread": 0,
    "parent_url": null,
    "author": "Perfil Brasil",
    "published": "2024-03-22T00:42:00.000+02:00",
    "title": "Eduardo Paes sobre temporal no Rio: \"Algo grave pode acontecer\"",
    "text": "Eduardo Paes sobre temporal no Rio: \"Algo grave pode acontecer\"\nSegundo o Inmet, o estado pode presenciar precipitação de até 500 mm nos próximos três dias\nO prefeito do Rio de Janeiro, Eduardo Paes, convocou uma coletiva de imprensa nesta quinta-feira (21) para alertar a população tanto da cidade quanto da região metropolitana para que evite sair de casa e transitar pela cidade nos próximos quatro dias, com exceção de serviços essenciais.\n\"Essa chuva da noite de hoje acontecerá. Essa chuva virá forte na madrugada, podendo passar de 40mm em uma hora e 200 mm em 24h, mais no final da sexta-feira. É bem maior do que a média histórica de março, que é 124 mm no mês todo\", afirmou.\nCom o temporal, o prefeito alertou sobre o risco de alagamentos e, em regiões mais costeiras, deslizamentos de terra, afirmando que \"algo grave pode acontecer\".\nAlém disso, Eduardo Paes cogita o estabelecimento de um ponto facultativo para amanhã, sexta-feira (22), que promete ser o dia com maior precipitação. Dessa maneira, busca-se diminuir o trânsito de pessoas pela cidade. \"Se confirmar que vai chover canivete, setores da prefeitura serão dispensados\".\nPrevenção e resposta\nNo evento, a prefeitura também destacou as medidas que serão tomadas para supervisão da cidade nos próximos dias. Segundo o órgão, 9,3 mil funcionários estarão envolvidos no monitoramento e comunicação das condições climáticas.\nVer essa foto no Instagram\n\"Chuva extrema\"\nInstituto Nacional de Meteorologia (Inmet) emitiu um alerta para a chegada de uma frente fria à região Sudeste, que causará a queda de temperaturas e aumento nas chuvas. O órgão destacou o perigo especial para o Rio de Janeiro. \"Estima-se que, em algumas áreas, sobretudo na Baixada Fluminense, litoral norte e na Região Serrana, entre a quinta-feira e o domingo (de 21 a 24 de março), possam ser acumulados volumes da ordem de 300 a 500 mm\", relatou a nota.\n⚠️\n[#Atenção]: Previsão de chuvas intensas, hoje (21) e amanhã (22), em áreas de MT, MS, GO, MG, SP e RJ. O volume total de chuva pode chegar a 100 milímetros (mm) em 24h com ventos de até 100 km/h.\nConfira o aviso laranja (perigo) 👉\n[https://t.co/KdyGjDvjly] [#chuva] [#vento] [pic.twitter.com/NbOYfazEK7]\n— INMET (@inmet_)\n[March 21, 2024]",
    "highlightText": "",
    "highlightTitle": "",
    "highlightThreadTitle": "",
    "language": "portuguese",
    "sentiment": "negative",
    "categories": [
        "Weather"
    ],
    "external_links": [
        "https://www.t.co/KdyGjDvjly",
        "https://t.co/KdyGjDvjly"
    ],
    "external_images": [],
    "entities": {
        "persons": [],
        "organizations": [],
        "locations": []
    },
    "rating": null,
    "crawled": "2024-03-22T01:13:09.861+02:00",
    "updated": "2024-03-22T01:13:09.861+02:00"
}