{
    "thread": {
        "uuid": "91c12e10d1addd2225db930a04a8a0388f137262",
        "url": "https://flipboard.com/video/kmsp/3c0c3d78d2",
        "site_full": "flipboard.com",
        "site": "flipboard.com",
        "site_section": "https://flipboard.com/topic/crowwingcounty",
        "site_categories": [
            "family_and_parenting",
            "eldercare"
        ],
        "section_title": "Discover More in Crow Wing County on Flipboard",
        "title": "Tracking the spring snow (Thursday 8 p.m. update) | Flipboard",
        "title_full": "Tracking the spring snow (Thursday 8 p.m. update) | Flipboard",
        "published": "2024-03-22T02:00:00.000+02:00",
        "replies_count": 0,
        "participants_count": 1,
        "site_type": "news",
        "country": "US",
        "main_image": "https://m107833-mcdn.mp.lura.live/iupl/EF2/CD3/EF2CD33A40EC5D62426F8E00CAAA3C08.jpg?Expires=2082758400&amp;KeyName=mcpkey1&amp;Signature=JS_KBZ3w8dFrnlFFK9YfKnhWBbA",
        "performance_score": 0,
        "domain_rank": 1230,
        "domain_rank_updated": "2024-03-19T12:07:56.000+02:00",
        "reach": null,
        "social": {
            "facebook": {
                "likes": 0,
                "comments": 0,
                "shares": 0
            },
            "gplus": {
                "shares": 0
            },
            "pinterest": {
                "shares": 0
            },
            "linkedin": {
                "shares": 0
            },
            "stumbledupon": {
                "shares": 0
            },
            "vk": {
                "shares": 0
            }
        }
    },
    "uuid": "91c12e10d1addd2225db930a04a8a0388f137262",
    "url": "https://flipboard.com/video/kmsp/3c0c3d78d2",
    "ord_in_thread": 0,
    "parent_url": null,
    "author": "KMSP",
    "published": "2024-03-22T02:00:00.000+02:00",
    "title": "Tracking the spring snow (Thursday 8 p.m. update) | Flipboard",
    "text": "After a warm winter, spring is starting with a snowy blast. Ian Leonard is tracking spring snow that is moving into the metro Thursday evening into the overnight. More stories from [FOX 9](/@FOX92020) Join the flipboard community Discover, collect, and share stories for all your interests [Sign up](/signup) More stories from [Minneapolis-Saint Paul](/topic/minneapolis) [Driver arrested for DWI after flipping car on Interstate 94 in Minneapolis, state patrol says](/topic/minneapolis/driver-arrested-for-dwi-after-flipping-car-on-interstate-94-in-minneapolis-stat/f-b97ff18120%2Fcbsnews.com) MINNEAPOLIS — Police in Minneapolis arrested a driver after they flipped a vehicle on Interstate 94, injuring two people on Thursday evening. The … [Timberwolves’ evolving Anthony Edwards is playing some of best basketball of his career](/topic/minneapolis/timberwolves-evolving-anthony-edwards-is-playing-some-of-best-basketball-of-his/f-50e04c371c%2Fpineandlakes.com) Anthony Edwards was rolling in the third quarter on Tuesday during Minnesota’s narrow loss against the defending champion … [Bad Bunny's poor-selling concert Saturday night in Minneapolis has been canceled](/topic/minneapolis/bad-bunny-s-poor-selling-concert-saturday-night-in-minneapolis-has-been-canceled/a-IiSerF4dQMOCCVr9-uTE1A%3Aa%3A3281877821-bf89d4bcb2%2Fstartribune.com) Ticket buyers were sent alerts on Thursday morning offering refunds to his Target Center date. Minnesota fans of Bad Bunny — who waited six years to …",
    "highlightText": "",
    "highlightTitle": "",
    "highlightThreadTitle": "",
    "language": "english",
    "sentiment": "negative",
    "categories": [
        "Environment",
        "Weather"
    ],
    "external_links": [],
    "external_images": [],
    "entities": {
        "persons": [
            {
                "name": "ian leonard",
                "sentiment": "neutral"
            },
            {
                "name": "paul",
                "sentiment": "none"
            },
            {
                "name": "russell-tyler-ruthton",
                "sentiment": "none"
            }
        ],
        "organizations": [
            {
                "name": "cherry",
                "sentiment": "none"
            },
            {
                "name": "russell-tyler-ruthton",
                "sentiment": "none"
            }
        ],
        "locations": [
            {
                "name": "minneapolis",
                "sentiment": "none"
            },
            {
                "name": "minneapolis",
                "sentiment": "none"
            }
        ]
    },
    "rating": null,
    "crawled": "2024-03-22T06:02:49.902+02:00",
    "updated": "2024-03-22T06:38:01.571+02:00"
}