{
    "thread": {
        "uuid": "59ff939f421f9ad220a034564ea940ec0ad4bc57",
        "url": "https://www.agefi.fr/news/banque-assurance/secheresse-il-y-a-peril-en-la-demeure",
        "site_full": "www.agefi.fr",
        "site": "agefi.fr",
        "site_section": "https://agefi.fr",
        "site_categories": [
            "financial_news",
            "finance"
        ],
        "section_title": "Actualité financière et économique - Information finance avec l&#x27;AGEFI - L&#x27;Agefi",
        "title": "Sécheresse, il y a péril en la demeure - L'Agefi",
        "title_full": "Sécheresse, il y a péril en la demeure - L'Agefi",
        "published": "2024-03-22T02:00:00.000+02:00",
        "replies_count": 0,
        "participants_count": 1,
        "site_type": "news",
        "country": "FR",
        "main_image": "https://beymedias.brightspotcdn.com/dims4/default/466d485/2147483647/strip/true/crop/2296x1116+0+1016/resize/1440x700!/quality/90/?url=http%3A%2F%2Fl-opinion-brightspot.s3.amazonaws.com%2F08%2Fd0%2F2c492005405c95c953d478739013%2Ffissures-secheresse-photo-rk.jpg",
        "performance_score": 0,
        "domain_rank": 62363,
        "domain_rank_updated": "2024-03-19T12:08:01.000+02:00",
        "reach": null,
        "social": {
            "facebook": {
                "likes": 0,
                "comments": 0,
                "shares": 0
            },
            "gplus": {
                "shares": 0
            },
            "pinterest": {
                "shares": 0
            },
            "linkedin": {
                "shares": 0
            },
            "stumbledupon": {
                "shares": 0
            },
            "vk": {
                "shares": 0
            }
        }
    },
    "uuid": "59ff939f421f9ad220a034564ea940ec0ad4bc57",
    "url": "https://www.agefi.fr/news/banque-assurance/secheresse-il-y-a-peril-en-la-demeure",
    "ord_in_thread": 0,
    "parent_url": null,
    "author": "Camille George",
    "published": "2024-03-22T02:00:00.000+02:00",
    "title": "Sécheresse, il y a péril en la demeure - L'Agefi",
    "text": "Le problème du manque d’eau reste intimement lié au changement climatique. Et sur ce point, les épisodes de sécheresse répétés sont la cause de bien des dégâts, notamment sur l’habitat. Les conséquences parfois dramatiques sur la valeur des biens mettent le système assurantiel à rude épreuve. Un évènement L’AGEFI PRIVATE EQUITY FRANCE 2 avril 2024 à 2:00 PM S’inscrire Plus d'articles du même thème - Ces entreprises que l’intelligence artificielle pourrait faire disparaitre L’avènement de l’IA générative promet de bouleverser de nombreux secteurs d’activités. Au point que certaines entreprises particulièrement exposées commencent déjà à subir la défiance des investisseurs. - Franck Le Vallois, l'ex directeur général de France Assureurs, prend la tête d'Aon France Le courtier revoit son organisation en Europe. Laurent Belhout, qui occupait le poste de PDG France depuis 14 ans, prend de nouvelles fonctions dans ce cadre. - Les assureurs français, aux commandes de 2.552 milliards d'euros d'actifs Deux tiers du portefeuille des assureurs financent les entreprises avec une percée du private equity, du crédit et des infrastructures. Sujets d'actualité Tous les sujets ETF à la Une BlackRock lance à son tour des ETF actifs en Europe Ces deux véhicules listés s’appuient sur une méthodologie propriétaire qui mêle machine learning, big data et intervention humaine. Les plus lus - La BCE inflige une amende de 3,5 millions au groupe Crédit Mutuel - Avec son école de la banque, BNP Paribas prépare la relève dans son réseau - Le coup de force d’Altice chamboule le marché de la dette à haut rendement - Le directeur général d’Axa est mieux payé que les patrons de banques françaises - L’ex-Orpea se remet dans le bon sens avec son regroupement d’actions Contenu de nos partenaires A lire sur ... - Trois jours avant l’attentat à Moscou, Poutine affirmait que les avertissements des Etats-Unis relevaient du «chantage» Au début du mois de mars, la Russie avait été avertie par Washington d’une possible attaque contre de « grands rassemblements » - Chausses-trappes Les Républicains: François-Xavier Bellamy dans le viseur des planqués de la campagne des européennes Ils sont plusieurs, au sein du parti, à souhaiter un échec en juin de la tête de liste LR aux européennes pour ensuite passer à l'offensive - Crash de la voiture électrique sur le mur de la pensée magique Le replay de «Voyage en absurdie», la chronique matinale d’Emmanuelle Ducros sur Europe 1",
    "highlightText": "",
    "highlightTitle": "",
    "highlightThreadTitle": "",
    "language": "french",
    "sentiment": "negative",
    "categories": [
        "Weather",
        "Environment"
    ],
    "external_links": [
        "https://www.lopinion.fr/international/fraichement-reelu-vladimir-poutine-previent-loccident-du-risque-de-troisieme-guerre-mondiale",
        "https://www.lopinion.fr/international/comment-les-etats-unis-ont-subi-lhumiliation-du-siecle-au-niger",
        "https://www.lopinion.fr/politique/la-fronde-des-allies-deric-zemmour-et-marion-marechal",
        "https://lopinion.fr/international/fraichement-reelu-vladimir-poutine-previent-loccident-du-risque-de-troisieme-guerre-mondiale",
        "https://lopinion.fr/international/comment-les-etats-unis-ont-subi-lhumiliation-du-siecle-au-niger",
        "https://lopinion.fr/politique/la-fronde-des-allies-deric-zemmour-et-marion-marechal"
    ],
    "external_images": [],
    "entities": {
        "persons": [],
        "organizations": [],
        "locations": []
    },
    "rating": null,
    "crawled": "2024-03-22T12:09:04.855+02:00",
    "updated": "2024-03-29T13:14:24.994+03:00"
}