{
    "thread": {
        "uuid": "8df4339e29e692dee8090dba048cd8ab374aa483",
        "url": "https://andaluciainformacion.es/jaen/1609739/martinez-almeida-critica-la-chuleria-de-sanchez-en-las-ayudas-a-madrid-por-filomena",
        "site_full": "andaluciainformacion.es",
        "site": "andaluciainformacion.es",
        "site_section": "http://andaluciainformacion.es/jaen",
        "site_categories": [
            "media"
        ],
        "section_title": "Andalucía Información. Todas las noticias de Jaén",
        "title": "Martínez-Almeida critica la \"chulería\" de Sánchez en las ayudas a Madrid por Filomena | Andalucía Información. Todas las noticias de Jaén",
        "title_full": "Martínez-Almeida critica la \"chulería\" de Sánchez en las ayudas a Madrid por Filomena | Andalucía Información. Todas las noticias de Jaén",
        "published": "2024-03-22T11:34:00.000+02:00",
        "replies_count": 0,
        "participants_count": 1,
        "site_type": "news",
        "country": "ES",
        "main_image": "https://publicacionesdelsur.b-cdn.net/articulos/articulos-1189460.jpg",
        "performance_score": 0,
        "domain_rank": 43760,
        "domain_rank_updated": "2024-03-19T12:08:01.000+02:00",
        "reach": null,
        "social": {
            "facebook": {
                "likes": 0,
                "comments": 0,
                "shares": 0
            },
            "gplus": {
                "shares": 0
            },
            "pinterest": {
                "shares": 0
            },
            "linkedin": {
                "shares": 0
            },
            "stumbledupon": {
                "shares": 0
            },
            "vk": {
                "shares": 0
            }
        }
    },
    "uuid": "8df4339e29e692dee8090dba048cd8ab374aa483",
    "url": "https://andaluciainformacion.es/jaen/1609739/martinez-almeida-critica-la-chuleria-de-sanchez-en-las-ayudas-a-madrid-por-filomena",
    "ord_in_thread": 0,
    "parent_url": null,
    "author": "@andaluciainf",
    "published": "2024-03-22T11:34:00.000+02:00",
    "title": "Martínez-Almeida critica la \"chulería\" de Sánchez en las ayudas a Madrid por Filomena | Andalucía Información. Todas las noticias de Jaén",
    "text": "El alcalde de Madrid, José Luis Martínez-Almeida, ha criticado la \"chulería\" del Gobierno de España, liderado por Pedro Sánchez, en las ayudas por la borrasca Filomena en la capital mientras \"agacha la cabeza\" con el independentismo. Así lo ha expresado en el Pleno ordinario del Ayuntamiento de Madrid, después de que el TSJM diera la razón al Ayuntamiento de Madrid en su reclamación de ayudas por los gastos derivados de los servicios de Emergencias en la capital por la borrasca de Filomena y obligara a la Delegación de Gobierno a dictar una nueva resolución al no estar motivada la decisión de conceder solo 1,4 millones de euros, un tema que se debatirá también este viernes en el Pleno ordinario del Palacio de Cibeles. Almeida considera que la forma de actuar por parte del Gobierno de España fue \"injusta y arbitraria\" en esta materia, al ser \"incapaces\" de dictar una resolución \"mínimamente motivada\" que explicara las razones por las que denegaban las cantidades que se habían solicitado por parte del Ayuntamiento. \"No motivar la resolución es un acto de arbitrariedad, pero también es un acto de chulería, la chulería del gobierno de Pedro Sánchez, que mientras agacha la cabeza frente al independentismo en Waterloo, sin embargo, a los madrileños no nos quiere ni explicar las razones por las que no quiere compensar los daños causados por Filomena en esta ciudad\", ha censurado al alcalde ante una pregunta del portavoz del Grupo Municipal Popular, Carlos Izquierdo. Así, ha insistido en que no hay \"madrileño más desagradecido que Pedro Sánchez\" porque no tuvo ninguna reunión con el alcalde pese a los efectos que tuvo Filomena en la ciudad y lo que hizo fue \"bajarse de un coche frente al Ministerio de Interior e iba con mocasines\". \"Tuvo que pegar dos saltitos para no mojarse los mocasines, entrar en el Ministerio, tener una reunión sin contacto con el Ayuntamiento y con la comunidad, y volver al coche pegando saltitos con los mocasines, porque no fue capaz de hacer absolutamente nada por esta ciudad\", ha censurado. Considera Martínez-Almeida que Sánchez prefiere estar \"con (Carles) Puigdemont, (Oriol) Junqueras, con Koldo y con (José Luis) Ábalos\" porque es \"el jefe de la banda\" de la \"corrupción en estado puro\". \"Sánchez es el jefe de la banda que se niega a decirle a los madrileños por qué nos deniega 59 millones de euros por los daños de Filomena. Nosotros, que lo tenga claro señor Sánchez, seguiremos haciendo frente a este Gobierno, y lo seguiremos haciendo desde las instituciones, desde las calles, desde los tribunales y desde la aplicación del Estado de Derecho y de la Democracia\", ha señalado el regidor. Por su parte, Izquierdo ha puesto el foco en que Sánchez ha \"abandonado la ciudad\" también durante la pandemia o con el servicio de Cercanías. Envía tu noticia a: [participa@andaluciainformacion.es](mailto:participa@andaluciainformacion.es)",
    "highlightText": "",
    "highlightTitle": "",
    "highlightThreadTitle": "",
    "language": "spanish",
    "sentiment": "negative",
    "categories": [
        "Politics",
        "Weather",
        "Human Interest"
    ],
    "external_links": [],
    "external_images": [],
    "entities": {
        "persons": [],
        "organizations": [],
        "locations": []
    },
    "rating": null,
    "crawled": "2024-03-22T13:07:44.224+02:00",
    "updated": "2024-03-22T13:07:44.224+02:00"
}