{
    "thread": {
        "uuid": "2982fd8433d53cd30709e1ba2495ae2a8a004479",
        "url": "https://www.sport.es/es/noticias/fuera-de-juego/aemet-alerta-naranja-99821947",
        "site_full": "www.sport.es",
        "site": "sport.es",
        "site_section": "https://www.sport.es/es/rss/last-news/news.xml",
        "site_categories": [
            "world_soccer",
            "sports"
        ],
        "section_title": "Últimas Noticias",
        "title": "¡La AEMET activa la alerta naranja de manera inesperada en varias zonas de España por la DANA!",
        "title_full": "¡La AEMET activa la alerta naranja de manera inesperada en varias zonas de España por la DANA!",
        "published": "2024-03-22T02:00:00.000+02:00",
        "replies_count": 0,
        "participants_count": 1,
        "site_type": "news",
        "country": "ES",
        "main_image": "https://estaticos-cdn.prensaiberica.es/clip/05f49e9f-e219-4172-945a-d7d1bb3f312d_16-9-discover-aspect-ratio_default_0.jpg",
        "performance_score": 0,
        "domain_rank": 6864,
        "domain_rank_updated": "2024-03-19T12:07:56.000+02:00",
        "reach": null,
        "social": {
            "facebook": {
                "likes": 0,
                "comments": 0,
                "shares": 0
            },
            "gplus": {
                "shares": 0
            },
            "pinterest": {
                "shares": 0
            },
            "linkedin": {
                "shares": 0
            },
            "stumbledupon": {
                "shares": 0
            },
            "vk": {
                "shares": 0
            }
        }
    },
    "uuid": "2982fd8433d53cd30709e1ba2495ae2a8a004479",
    "url": "https://www.sport.es/es/noticias/fuera-de-juego/aemet-alerta-naranja-99821947",
    "ord_in_thread": 0,
    "parent_url": null,
    "author": "Emma Ferrara",
    "published": "2024-03-22T02:00:00.000+02:00",
    "title": "¡La AEMET activa la alerta naranja de manera inesperada en varias zonas de España por la DANA!",
    "text": "A medida que nos acercamos al fin de semana, España se encuentra en medio de una montaña rusa meteorológica que ha mantenido a todos en vilo. La llegada de una Depresión Aislada en Niveles Altos (DANA) ha desencadenado un cambio repentino en el clima, dando paso a lluvias intensas y tormentas en gran parte del país. Aunque las precipitaciones parecen estar disminuyendo gradualmente en la Península, las islas Canarias se preparan para recibir los efectos de esta DANA en los próximos días. Sin embargo, mientras la DANA se desplaza hacia el archipiélago canario, el sur de España enfrenta otro desafío: alertas naranjas por el temporal marítimo. La AEMET ha advertido sobre fuertes ráfagas de viento y olas impresionantes en el litoral de Almería y Granada, lo que podría generar condiciones peligrosas para la navegación y la seguridad de los residentes. A pesar de la aparente estabilización del clima hacia el fin de semana, los pronósticos sugieren que la tranquilidad podría ser efímera. Se espera que las temperaturas sufran un brusco descenso y que las precipitaciones, e incluso las nevadas, vuelvan a hacer su aparición. Con esta incertidumbre en el horizonte, la atención se centra en seguir de cerca las actualizaciones diarias para una mayor precisión en las previsiones y una preparación adecuada ante cualquier eventualidad.",
    "highlightText": "",
    "highlightTitle": "",
    "highlightThreadTitle": "",
    "language": "spanish",
    "sentiment": "negative",
    "categories": [
        "Weather"
    ],
    "external_links": [],
    "external_images": [],
    "entities": {
        "persons": [],
        "organizations": [],
        "locations": []
    },
    "rating": null,
    "crawled": "2024-03-22T12:53:47.750+02:00",
    "updated": "2024-03-22T12:53:47.750+02:00"
}