{
    "thread": {
        "uuid": "57dea2859300dcc31cf9ac21c3640f44be4e2899",
        "url": "https://www.benningtonbanner.com/lifestyle/me-marine-warning-and-forecast/article_d18d3934-80ec-51b5-80ab-f6c33fa4462e.html",
        "site_full": "www.benningtonbanner.com",
        "site": "benningtonbanner.com",
        "site_section": "http://www.benningtonbanner.com/search/?f=rss&t=article&c=lifestyle&l=50&s=start_time&sd=desc",
        "site_categories": [
            "media"
        ],
        "section_title": "www.benningtonbanner.com - RSS Results in lifestyle of type article",
        "title": "ME Marine Warning and Forecast",
        "title_full": "ME Marine Warning and Forecast",
        "published": "2024-03-22T09:16:00.000+02:00",
        "replies_count": 0,
        "participants_count": 1,
        "site_type": "news",
        "country": "US",
        "main_image": "https://bloximages.newyork1.vip.townnews.com/benningtonbanner.com/content/tncms/custom/image/90f2e3da-429a-11ee-98fe-73f3cd906334.png?resize=600%2C315",
        "performance_score": 0,
        "domain_rank": 41105,
        "domain_rank_updated": "2024-03-19T12:08:01.000+02:00",
        "reach": null,
        "social": {
            "facebook": {
                "likes": 0,
                "comments": 0,
                "shares": 0
            },
            "gplus": {
                "shares": 0
            },
            "pinterest": {
                "shares": 0
            },
            "linkedin": {
                "shares": 0
            },
            "stumbledupon": {
                "shares": 0
            },
            "vk": {
                "shares": 0
            }
        }
    },
    "uuid": "57dea2859300dcc31cf9ac21c3640f44be4e2899",
    "url": "https://www.benningtonbanner.com/lifestyle/me-marine-warning-and-forecast/article_d18d3934-80ec-51b5-80ab-f6c33fa4462e.html",
    "ord_in_thread": 0,
    "parent_url": null,
    "author": "Accuweather",
    "published": "2024-03-22T09:16:00.000+02:00",
    "title": "ME Marine Warning and Forecast",
    "text": "ME Marine Warnings and Forecast for Friday, March 22, 2024\nGALE WARNING\nURGENT - MARINE WEATHER MESSAGE\nNational Weather Service Gray ME\n314 AM EDT Fri Mar 22 2024\n...SMALL CRAFT ADVISORY IN EFFECT UNTIL 2 PM EDT THIS AFTERNOON...\n...GALE WARNING IS CANCELLED...\n* WHAT...West winds 20 to 30 kt and seas 4 to 7 ft.\n* WHERE...Penobscot Bay, Coastal Waters from Port Clyde, ME to\nCape Elizabeth, ME out 25 NM and Coastal Waters from Cape\nElizabeth, ME to Merrimack River, MA out 25 NM.\n* WHEN...Until 2 PM EDT this afternoon.\n* IMPACTS...Conditions will be hazardous to small craft.\nPRECAUTIONARY/PREPAREDNESS ACTIONS...\nInexperienced mariners, especially those operating smaller\nvessels, should avoid navigating in hazardous conditions.\n...GALE WARNING REMAINS IN EFFECT UNTIL 11 AM EDT THIS MORNING...\n* WHAT...Northwest winds 20 to 30 kt with gusts up to 35 kt and\nseas 6 to 9 ft.\n* WHERE...Coastal Waters from Stonington, ME to Port Clyde, ME\nout 25 NM.\n* WHEN...Until 11 AM EDT this morning.\n* IMPACTS...Strong winds will cause hazardous seas which could\ncapsize or damage vessels and reduce visibility.\nMariners should alter plans to avoid these hazardous conditions.\nRemain in port, seek safe harbor, alter course, and/or secure the\nvessel for severe conditions.\n...SMALL CRAFT ADVISORY IS CANCELLED...\nCopyright 2024 AccuWeather",
    "highlightText": "",
    "highlightTitle": "",
    "highlightThreadTitle": "",
    "language": "english",
    "sentiment": "negative",
    "categories": [
        "Weather"
    ],
    "external_links": [],
    "external_images": [],
    "entities": {
        "persons": [
            {
                "name": "cape elizabeth",
                "sentiment": "none"
            }
        ],
        "organizations": [
            {
                "name": "northwest",
                "sentiment": "none"
            }
        ],
        "locations": [
            {
                "name": "port clyde",
                "sentiment": "none"
            },
            {
                "name": "ma",
                "sentiment": "none"
            },
            {
                "name": "cape elizabeth",
                "sentiment": "none"
            },
            {
                "name": "penobscot bay",
                "sentiment": "none"
            },
            {
                "name": "merrimack river",
                "sentiment": "none"
            },
            {
                "name": "stonington",
                "sentiment": "none"
            }
        ]
    },
    "rating": null,
    "crawled": "2024-03-22T09:59:12.607+02:00",
    "updated": "2024-03-22T09:59:12.607+02:00"
}