{
    "thread": {
        "uuid": "7bf9b09fcd699d039d52c435f2cdcb9a50059d6c",
        "url": "https://timesofindia.indiatimes.com/city/ahmedabad/seasons-first-40c-day/articleshow/108690023.cms",
        "site_full": "timesofindia.indiatimes.com",
        "site": "indiatimes.com",
        "site_section": "https://automotive.einnews.com:443/live_feed",
        "site_categories": [
            "under_construction",
            "non_standard_content"
        ],
        "section_title": "Live Feed Wire - Automotive Industry Today - EIN Presswire",
        "title": "Heatwave: Season’s First 40°c Day | Ahmedabad News - Times of India",
        "title_full": "Heatwave: Season’s First 40°c Day | Ahmedabad News - Times of India",
        "published": "2024-03-22T01:54:53.000+02:00",
        "replies_count": 0,
        "participants_count": 1,
        "site_type": "news",
        "country": "IN",
        "main_image": "https://static.toiimg.com/thumb/msid-47529300,width-1070,height-580,imgsize-110164,resizemode-75,overlay-toi_sw,pt-32,y_pad-40/photo.jpg",
        "performance_score": 0,
        "domain_rank": 284,
        "domain_rank_updated": "2024-03-19T12:07:56.000+02:00",
        "reach": null,
        "social": {
            "facebook": {
                "likes": 0,
                "comments": 0,
                "shares": 15
            },
            "gplus": {
                "shares": 0
            },
            "pinterest": {
                "shares": 0
            },
            "linkedin": {
                "shares": 0
            },
            "stumbledupon": {
                "shares": 0
            },
            "vk": {
                "shares": 0
            }
        }
    },
    "uuid": "7bf9b09fcd699d039d52c435f2cdcb9a50059d6c",
    "url": "https://timesofindia.indiatimes.com/city/ahmedabad/seasons-first-40c-day/articleshow/108690023.cms",
    "ord_in_thread": 0,
    "parent_url": null,
    "author": "TNN",
    "published": "2024-03-22T01:54:53.000+02:00",
    "title": "Heatwave: Season’s First 40°c Day | Ahmedabad News - Times of India",
    "text": "Ahmedabad: Due to a heatwave on Thursday, the mercury touched 40°C in Amreli and Rajkot for the first time this season. Ahmedabad recorded a maximum temperature of 37.4°C, 0.7 degrees higher than normal. The minimum temperature at 22°C was 1.6 degrees higher than normal.According to the India Meteorological Department (IMD) forecast, minimum and maximum temperatures will likely stay around 38°C and 22°C on Friday. “No large change during the next five days is very likely,” mentioned the forecast.At 40.2°C, Amreli recorded the highest maximum temperature, followed by 40.1°C in Rajkot and 39.4°C in Keshod. Parts of north Gujarat reported cloudy weather. tnnWe also published the following articles recentlyDelhi records minimum temperature of 10.1 degree Celsius, IMD predicts partly cloudy sky todayDelhi experienced a chilly morning with 10.1C min temp and 30C max. Humidity at 70%, AQI 147 'moderate'. Ranges: 0-50 'good', 51-100 'satisfactory'. Cloudy skies, pollution levels categorized.Delhi records minimum temperature of 11.9 degree Celsius, IMD predicts cloudy skies todayDelhi's morning chill at 11.9C below usual, cloudy skies, 67% humidity. AQI 'moderate' at 185. Sunday, 8:30 am recorded.Winter temperature trends in India hint at shorter spring, study showsClimate Central study reveals India's winter temperature surge, impacting spring duration. Urgent actions needed to combat climate change effects on ecosystems and livelihoods.",
    "highlightText": "",
    "highlightTitle": "",
    "highlightThreadTitle": "",
    "language": "english",
    "sentiment": "negative",
    "categories": [
        "Weather"
    ],
    "external_links": [],
    "external_images": [],
    "entities": {
        "persons": [
            {
                "name": "amreli",
                "sentiment": "none"
            }
        ],
        "organizations": [
            {
                "name": "ahmedabad news - times of india ahmedabad",
                "sentiment": "negative"
            },
            {
                "name": "imd",
                "sentiment": "none"
            },
            {
                "name": "india meteorological department",
                "sentiment": "none"
            }
        ],
        "locations": [
            {
                "name": "amreli",
                "sentiment": "none"
            },
            {
                "name": "ahmedabad",
                "sentiment": "none"
            },
            {
                "name": "keshod",
                "sentiment": "none"
            },
            {
                "name": "gujarat",
                "sentiment": "none"
            }
        ]
    },
    "rating": null,
    "crawled": "2024-03-22T01:54:54.029+02:00",
    "updated": "2024-03-22T01:54:54.029+02:00"
}