{
    "thread": {
        "uuid": "4d1768908775780c3015ea5a1c97a941b740f26b",
        "url": "https://www.nbcmiami.com/news/local/flood-watch-friday-and-saturday/3265089",
        "site_full": "www.nbcmiami.com",
        "site": "nbcmiami.com",
        "site_section": "https://golf.einnews.com/live_feed",
        "site_categories": [
            "tech"
        ],
        "section_title": "Live Feed Wire - Golf News Today - EIN Presswire",
        "title": "Flood watch expected Friday and Saturday in South Florida – NBC 6 South Florida",
        "title_full": "Flood watch expected Friday and Saturday in South Florida – NBC 6 South Florida",
        "published": "2024-03-21T02:00:00.000+02:00",
        "replies_count": 0,
        "participants_count": 1,
        "site_type": "news",
        "country": "US",
        "main_image": "https://media.nbcmiami.com/2023/09/GettyImages-1481255165.jpg?quality=85&#038;strip=all&#038;resize=1200%2C675",
        "performance_score": 0,
        "domain_rank": 5264,
        "domain_rank_updated": "2024-03-19T12:07:56.000+02:00",
        "reach": null,
        "social": {
            "facebook": {
                "likes": 0,
                "comments": 0,
                "shares": 0
            },
            "gplus": {
                "shares": 0
            },
            "pinterest": {
                "shares": 0
            },
            "linkedin": {
                "shares": 0
            },
            "stumbledupon": {
                "shares": 0
            },
            "vk": {
                "shares": 0
            }
        }
    },
    "uuid": "4d1768908775780c3015ea5a1c97a941b740f26b",
    "url": "https://www.nbcmiami.com/news/local/flood-watch-friday-and-saturday/3265089",
    "ord_in_thread": 0,
    "parent_url": null,
    "author": "Adam Berg",
    "published": "2024-03-21T02:00:00.000+02:00",
    "title": "Flood watch expected Friday and Saturday in South Florida – NBC 6 South Florida",
    "text": "A flood watch will be in effect for Broward and Miami-Dade County starting Friday morning through Saturday evening. In preparation for a busy weekend in South Florida with different events taking place in our cities, it looks like we’ll be in the crosshairs for active weather. A warm front is coming our way. An area of low pressure is working across the northern Gulf of Mexico and pushing a warm front across our area on Friday. This will spread tropical air across South Florida, with the heaviest rain and best chance for thunderstorms by the second half of the day. Get South Florida local news, weather forecasts and entertainment stories to your inbox. [Sign up for NBC South Florida newsletters.] Friday with the low-pressure center, there is a chance for isolated tornadoes, strong wind, and flooding. It's expected to start raining during the evening, although activity could start as early as 10 a.m. This weekend in South Florida The worst of the storm is expected to move in late Friday evening. Rainfall looks to be between 3 and 5+ inches. A flood watch is in effect starting Friday morning through Saturday evening. This is important to have in mind if you’re planning to attend an event such as Ultra , which is taking place at Bayfront Park in Downtown Miami — an area that is not strange to flooding. We will stay locked into this unstable air mass into Saturday, with periods of heavy rain throughout the day. Additionally, a wind advisory is in effect through Saturday evening, with winds of 20-25 mph and 40 mph gusts expected. By the end of the day, things will look to clear out and we improve by the second half of the weekend. It's still early, so stay with NBC6 and the First Alert Weather Team as we continue to analyze the data and fine-tune the forecast.",
    "highlightText": "",
    "highlightTitle": "",
    "highlightThreadTitle": "",
    "language": "english",
    "sentiment": "negative",
    "categories": [
        "Weather"
    ],
    "external_links": [],
    "external_images": [],
    "entities": {
        "persons": [],
        "organizations": [
            {
                "name": "nbc",
                "sentiment": "negative"
            },
            {
                "name": "nbc south florida",
                "sentiment": "none"
            }
        ],
        "locations": [
            {
                "name": "south florida",
                "sentiment": "none"
            },
            {
                "name": "miami-dade county",
                "sentiment": "none"
            },
            {
                "name": "florida",
                "sentiment": "none"
            },
            {
                "name": "broward",
                "sentiment": "none"
            },
            {
                "name": "gulf of mexico",
                "sentiment": "none"
            }
        ]
    },
    "rating": null,
    "crawled": "2024-03-22T02:18:27.098+02:00",
    "updated": "2024-03-22T02:18:27.098+02:00"
}