{
    "thread": {
        "uuid": "a75d2892fff83313b06189afc9129cc8e519c596",
        "url": "https://www.laopiniondemurcia.es/buzzeando/2024/03/22/jorge-rey-anuncia-mayor-cambio-99787141.html",
        "site_full": "www.laopiniondemurcia.es",
        "site": "laopiniondemurcia.es",
        "site_section": "https://www.laopiniondemurcia.es/vida-y-estilo",
        "site_categories": [
            "media"
        ],
        "section_title": "Vida y Estilo | Noticias de Vida y Estilo - La Opinión de Murcia",
        "title": "Jorge Rey anuncia el mayor cambio de tiempo y media España se echa a temblar - La Opinión de Murcia",
        "title_full": "Jorge Rey anuncia el mayor cambio de tiempo y media España se echa a temblar - La Opinión de Murcia",
        "published": "2024-03-22T08:34:00.000+02:00",
        "replies_count": 0,
        "participants_count": 1,
        "site_type": "news",
        "country": "ES",
        "main_image": "https://estaticos-cdn.prensaiberica.es/clip/d485147e-3cd7-4414-831f-5c313ff853dd_16-9-discover-aspect-ratio_default_0.jpg",
        "performance_score": 0,
        "domain_rank": 29632,
        "domain_rank_updated": "2024-03-19T12:07:56.000+02:00",
        "reach": null,
        "social": {
            "facebook": {
                "likes": 0,
                "comments": 0,
                "shares": 0
            },
            "gplus": {
                "shares": 0
            },
            "pinterest": {
                "shares": 0
            },
            "linkedin": {
                "shares": 0
            },
            "stumbledupon": {
                "shares": 0
            },
            "vk": {
                "shares": 0
            }
        }
    },
    "uuid": "a75d2892fff83313b06189afc9129cc8e519c596",
    "url": "https://www.laopiniondemurcia.es/buzzeando/2024/03/22/jorge-rey-anuncia-mayor-cambio-99787141.html",
    "ord_in_thread": 0,
    "parent_url": null,
    "author": "Abril Escalante",
    "published": "2024-03-22T08:34:00.000+02:00",
    "title": "Jorge Rey anuncia el mayor cambio de tiempo y media España se echa a temblar - La Opinión de Murcia",
    "text": "Jorge Rey anuncia el mayor cambio de tiempo y media España se echa a temblar El joven cabañuelo ha explicado qué es lo que cree que va a pasar en los próximos días antes de Semana Santa Las calles ya empiezan a oler a incienso y se ven los primeros nazarenos cruzando los pasos de peatones: la [Semana Santa](/comunidad/2024/03/21/hoteles-costa-region-esperan-ocupacion-99753672.html) ya está en todos y cada uno de los rincones de España y eso solo puede significar que aumenta la preocupación generla por el tiempo que va a hacer durante los próximos días en los que, quien más quien menos, celebrará las fiestas religiosas más importantes de nuestro pís. Todo el mundo comienza a mirar al cielo y a preguntarse qué ocurrirá y, en este contexto, el famoso aspirante a meteorólogo Jorge Rey ha llegado con un paquete de respuesas bajo el brazo. Los primeros meses de 2024 se han caracterizado por un patrón meteorológico inusual: tanto enero como febrero han estado marcados por temperaturas mucho más cálidas de lo habitual y unas mínimas por encima de la media,además de una notable ausencia de precipitaciones en muchas regiones que ha dado lugar a que se activen los protocolos de sequía en comunidades autónomas como Andalucía o Cataluña. Jorge Rey avisa de un cambio en el tiempo Pero las anomalías no se detuvieron con la llegada del mes de marzo, que ha estado protagonizado por un clima mayr mente seco y temperaturas suaves en buena parte de España. No obstante, nos acercamos a Semana Santa y Jorge Rey ya ha anunciado que se avecina un importante cambio en las condiciones climáticas. Según su ojo clínico, se espera que las lluvias y la tormenta irrumpan durante los días laborales de la Semana Santa, contrastando con el clima cálido y seco que ha protagonizado los meses anteriores. El cambio drástico que ha anunciado Jorge Rey se puede atribuir a distintos motivos, incluídos fenómenos como la DANA y la variabilidad habitual del clima en estas fechas. En concreto respecto a la DANA Jorge Rey ha previsto que esta se sitúe sobre el archipiélago canario, desencadenando importantes tormentas y precipitaciones que podrían incluso alcanzar la Península, que se vería afectada a su vez por un descenso de las temperaturas que facilitaría la entrada de nieves en las montañas. El cambio de tiempo que anuncia Jorge Rey cae como un jarro de agua fría entre todas aquellas personas que tenían planificadas sus actividades al aire libre durante Semana Santa, o bien entre los devotos que sabiendo la importancia de la lluvia no pueden dejar de lamentarse por el impedimento de rendir homenaje a imágenes de culto. [RRSS WhatsApp](https://api.whatsapp.com/send?text=Jorge%20Rey%20anuncia%20el%20mayor%20cambio%20de%20tiempo%20y%20media%20Espa%C3%B1a%20se%20echa%20a%20temblar%20https://www.laopiniondemurcia.es/buzzeando/2024/03/22/jorge-rey-anuncia-mayor-cambio-99787141.html%3Futm_source%3Dwhatsapp%26utm_medium%3Dsocial%26utm_campaign%3Dbtn-share) [RRSS Facebook](https://www.facebook.com/sharer/sharer.php?u=https://www.laopiniondemurcia.es/buzzeando/2024/03/22/jorge-rey-anuncia-mayor-cambio-99787141.html%3Futm_source%3Dfacebook%26utm_medium%3Dsocial%26utm_campaign%3Dbtn-share) [RRSS Twitter](https://twitter.com/intent/tweet?original_referer=https://www.laopiniondemurcia.es/buzzeando/2024/03/22/jorge-rey-anuncia-mayor-cambio-99787141.html&text=Jorge%20Rey%20anuncia%20el%20mayor%20cambio%20de%20tiempo%20y%20media%20Espa%C3%B1a%20se%20echa%20a%20temblar%20%20https://www.laopiniondemurcia.es/buzzeando/2024/03/22/jorge-rey-anuncia-mayor-cambio-99787141.html%3Futm_source%3Dtwitter%26utm_medium%3Dsocial%26utm_campaign%3Dbtn-share%20a%20trav%C3%A9s%20de%20%40diariolaopinion) [RRSS email](mailto:?subject=Jorge%20Rey%20anuncia%20el%20mayor%20cambio%20de%20tiempo%20y%20media%20Espa%C3%B1a%20se%20echa%20a%20temblar%20&body=https://www.laopiniondemurcia.es/buzzeando/2024/03/22/jorge-rey-anuncia-mayor-cambio-99787141.html%3Futm_source%3Dmail%26utm_medium%3Dsocial%26utm_campaign%3Dbtn-share) [Copiar URL](javascript: void(0)) [BuZZeando](https://www.laopiniondemurcia.es/buzzeando/2024/03/20/capadocia-murcia-impresionante-playa-region-dv-99730275.html) [No es Capadocia, es Murcia: la impresionante playa de la Región que vuelve locos a los amantes del paisaje de toda España](https://www.laopiniondemurcia.es/buzzeando/2024/03/20/capadocia-murcia-impresionante-playa-region-dv-99730275.html) [BuZZeando](https://www.laopiniondemurcia.es/buzzeando/2024/03/21/polemica-casa-cara-region-murcia-99783992.html) [Polémica: esta es la casa más cara de toda la Región de Murcia](https://www.laopiniondemurcia.es/buzzeando/2024/03/21/polemica-casa-cara-region-murcia-99783992.html) [BuZZeando](https://www.laopiniondemurcia.es/buzzeando/2024/03/28/murcia-colapsa-descubren-producto-tipico-dv-91845385.html) [Murcia, al borde del colapso tras descubrir que el producto más típico tiene un origen distinto](https://www.laopiniondemurcia.es/buzzeando/2024/03/28/murcia-colapsa-descubren-producto-tipico-dv-91845385.html) [BuZZeando](https://www.laopiniondemurcia.es/buzzeando/2024/02/28/hablan-cabanuelas-sentencian-espana-proximos-dv-98671352.html) [Alerta de las cabañuelas para España: esto es lo que llega en los próximos meses](https://www.laopiniondemurcia.es/buzzeando/2024/02/28/hablan-cabanuelas-sentencian-espana-proximos-dv-98671352.html) [BuZZeando](https://www.laopiniondemurcia.es/buzzeando/2024/03/22/hablan-cabanuelas-sentencian-espana-proximos-dv-98671352.html) [Hablan las cabañuelas y sentencian a España: este es el pronóstico para los próximos meses](https://www.laopiniondemurcia.es/buzzeando/2024/03/22/hablan-cabanuelas-sentencian-espana-proximos-dv-98671352.html) [BuZZeando](https://www.laopiniondemurcia.es/buzzeando/2024/03/20/lugar-murcia-dicen-vas-noche-dv-99726792.html) [Este es el lugar de Murcia donde dicen que, si vas por la noche, se escucha un fantasma nítidamente](https://www.laopiniondemurcia.es/buzzeando/2024/03/20/lugar-murcia-dicen-vas-noche-dv-99726792.html) [BuZZeando](https://www.laopiniondemurcia.es/buzzeando/2024/03/22/adios-region-murcia-proponen-cambiarle-dv-97284265.html) [Proponen cambiar el nombre de la Región de Murcia por este otro y toda España dice 'Sí](https://www.laopiniondemurcia.es/buzzeando/2024/03/22/adios-region-murcia-proponen-cambiarle-dv-97284265.html) [BuZZeando](https://www.laopiniondemurcia.es/buzzeando/2024/03/26/son-tres-poblaciones-infelices-region-99988038.html) [Estas son las tres poblaciones más infelices de la Región de Murcia según un estudio](https://www.laopiniondemurcia.es/buzzeando/2024/03/26/son-tres-poblaciones-infelices-region-99988038.html) BuZZeando",
    "highlightText": "",
    "highlightTitle": "",
    "highlightThreadTitle": "",
    "language": "spanish",
    "sentiment": "negative",
    "categories": [
        "Weather"
    ],
    "external_links": [
        "https://www.facebook.com/sharer/sharer.php?u=https://www.laopiniondemurcia.es/buzzeando/2024/03/22/jorge-rey-anuncia-mayor-cambio-99787141.html%3Futm_source%3Dfacebook%26utm_medium%3Dsocial%26utm_campaign%3Dbtn-share)",
        "https://api.whatsapp.com/send?text=Jorge%20Rey%20anuncia%20el%20mayor%20cambio%20de%20tiempo%20y%20media%20Espa%C3%B1a%20se%20echa%20a%20temblar%20https://www.laopiniondemurcia.es/buzzeando/2024/03/22/jorge-rey-anuncia-mayor-cambio-99787141.html%3Futm_source%3Dwhatsapp%26utm_medium%3Dsocial%26utm_campaign%3Dbtn-share)",
        "https://twitter.com/intent/tweet?original_referer=https://www.laopiniondemurcia.es/buzzeando/2024/03/22/jorge-rey-anuncia-mayor-cambio-99787141.html&text=Jorge%20Rey%20anuncia%20el%20mayor%20cambio%20de%20tiempo%20y%20media%20Espa%C3%B1a%20se%20echa%20a%20temblar%20%20https://www.laopiniondemurcia.es/buzzeando/2024/03/22/jorge-rey-anuncia-mayor-cambio-99787141.html%3Futm_source%3Dtwitter%26utm_medium%3Dsocial%26utm_campaign%3Dbtn-share%20a%20trav%C3%A9s%20de%20%40diariolaopinion)",
        "https://facebook.com/sharer/sharer.php?u=https://laopiniondemurcia.es/buzzeando/2024/03/22/jorge-rey-anuncia-mayor-cambio-99787141.html%3Futm_source%3Dfacebook%26utm_medium%3Dsocial%26utm_campaign%3Dbtn-share)",
        "https://api.whatsapp.com/send?text=Jorge%20Rey%20anuncia%20el%20mayor%20cambio%20de%20tiempo%20y%20media%20Espa%C3%B1a%20se%20echa%20a%20temblar%20https://laopiniondemurcia.es/buzzeando/2024/03/22/jorge-rey-anuncia-mayor-cambio-99787141.html%3Futm_source%3Dwhatsapp%26utm_medium%3Dsocial%26utm_campaign%3Dbtn-share)",
        "https://twitter.com/intent/tweet?original_referer=https://laopiniondemurcia.es/buzzeando/2024/03/22/jorge-rey-anuncia-mayor-cambio-99787141.html&text=Jorge%20Rey%20anuncia%20el%20mayor%20cambio%20de%20tiempo%20y%20media%20Espa%C3%B1a%20se%20echa%20a%20temblar%20%20https://laopiniondemurcia.es/buzzeando/2024/03/22/jorge-rey-anuncia-mayor-cambio-99787141.html%3Futm_source%3Dtwitter%26utm_medium%3Dsocial%26utm_campaign%3Dbtn-share%20a%20trav%C3%A9s%20de%20%40diariolaopinion)",
        "https://www.facebook.com/sharer/sharer.php",
        "https://api.whatsapp.com/send",
        "https://twitter.com/intent/tweet"
    ],
    "external_images": [],
    "entities": {
        "persons": [],
        "organizations": [],
        "locations": []
    },
    "rating": null,
    "crawled": "2024-03-22T08:41:02.214+02:00",
    "updated": "2024-03-29T13:08:09.685+03:00"
}