{
    "thread": {
        "uuid": "36f066a4009ec10910de4a10e72469a37207f4de",
        "url": "https://www.notizie.it/terremoto-nel-mar-ionio-scossa-di-magnitudo-4-6",
        "site_full": "www.notizie.it",
        "site": "notizie.it",
        "site_section": "http://torino.notizie.it/feed/",
        "site_categories": [
            "tech"
        ],
        "section_title": "Notizie.it",
        "title": "Terremoto nel mar Ionio: scossa di magnitudo 4.6",
        "title_full": "Terremoto nel mar Ionio: scossa di magnitudo 4.6",
        "published": "2024-03-22T07:28:00.000+02:00",
        "replies_count": 0,
        "participants_count": 1,
        "site_type": "news",
        "country": "IT",
        "main_image": "https://www.notizie.it/wp-content/uploads/2024/03/image-f425a922-88c2-458a-8bed-8b1ef8ef8a42-scaled.jpg",
        "performance_score": 0,
        "domain_rank": 61628,
        "domain_rank_updated": "2024-03-19T12:08:01.000+02:00",
        "reach": null,
        "social": {
            "facebook": {
                "likes": 0,
                "comments": 0,
                "shares": 0
            },
            "gplus": {
                "shares": 0
            },
            "pinterest": {
                "shares": 0
            },
            "linkedin": {
                "shares": 0
            },
            "stumbledupon": {
                "shares": 0
            },
            "vk": {
                "shares": 0
            }
        }
    },
    "uuid": "36f066a4009ec10910de4a10e72469a37207f4de",
    "url": "https://www.notizie.it/terremoto-nel-mar-ionio-scossa-di-magnitudo-4-6",
    "ord_in_thread": 0,
    "parent_url": null,
    "author": "Jacopo Romeo",
    "published": "2024-03-22T07:28:00.000+02:00",
    "title": "Terremoto nel mar Ionio: scossa di magnitudo 4.6",
    "text": "Erano circa le ore 6 della mattina tra giovedì 21 e mercoledì 22 marzo, quando l’Istituto nazionale di geofisica e vulcanologia ha registrato una conistente scossa di terremoto in Italia, più precisamente nel Mar Ionio.\nTerremoto nel Mar Ionio: scossa di magnitudo 4.6\nL’Istituto nazionale di geofisica e vulcanologia (Ingv) ha registrato una scossa di terremoto di magnitudo 4.6 sulla scala Richter con epicentro nel Mar Ionio. Il terremoto, secondo quanto appreso dagli esperti, ha avuto ipocentro a 64 chilometri di profondità nel mare italiano ed epicentro tra la Puglia e l’isola greca di Corfù. La scossa si è avvertita alle ore 6:20 della notte tra il 21 e 22 marzo. Non si registrano danni a persone o cose.\nTerremoto nel Mar Ionio: zona sismica\nSolo un paio di giorni fa, curiosamente quasi alla stessa ora, nel Mar Ionio si era verificato un altro evento sismico. Quella volta però, il sisma era leggermente meno potente (magnitudo 3.8). Le autorità locali stanno vigilando attentamente sulla situazione.",
    "highlightText": "",
    "highlightTitle": "",
    "highlightThreadTitle": "",
    "language": "italian",
    "sentiment": "negative",
    "categories": [
        "Environment",
        "Disaster and Accident",
        "Weather"
    ],
    "external_links": [],
    "external_images": [],
    "entities": {
        "persons": [],
        "organizations": [],
        "locations": []
    },
    "rating": null,
    "crawled": "2024-03-22T08:35:30.329+02:00",
    "updated": "2024-03-22T08:35:30.329+02:00"
}