{
    "thread": {
        "uuid": "8bd5f800ec4dada82efa3563443d7a08a2eebeb1",
        "url": "https://www.poder360.com.br/meio-ambiente/sudeste-tem-alerta-de-temporais-e-deslizamentos-ate-domingo",
        "site_full": "www.poder360.com.br",
        "site": "poder360.com.br",
        "site_section": "http://poder360.com.br/feed",
        "site_categories": [
            "politics",
            "law_government_and_politics"
        ],
        "section_title": "Poder360",
        "title": "Sudeste tem alerta de temporais e deslizamentos até domingo",
        "title_full": "Sudeste tem alerta de temporais e deslizamentos até domingo",
        "published": "2024-03-22T04:21:00.000+02:00",
        "replies_count": 0,
        "participants_count": 1,
        "site_type": "news",
        "country": "BR",
        "main_image": "https://static.poder360.com.br/2022/04/chuvas-fernando-frazao-ag-br-848x477.jpeg",
        "performance_score": 0,
        "domain_rank": 15313,
        "domain_rank_updated": "2024-03-19T12:07:56.000+02:00",
        "reach": null,
        "social": {
            "facebook": {
                "likes": 0,
                "comments": 0,
                "shares": 0
            },
            "gplus": {
                "shares": 0
            },
            "pinterest": {
                "shares": 0
            },
            "linkedin": {
                "shares": 0
            },
            "stumbledupon": {
                "shares": 0
            },
            "vk": {
                "shares": 0
            }
        }
    },
    "uuid": "8bd5f800ec4dada82efa3563443d7a08a2eebeb1",
    "url": "https://www.poder360.com.br/meio-ambiente/sudeste-tem-alerta-de-temporais-e-deslizamentos-ate-domingo",
    "ord_in_thread": 0,
    "parent_url": null,
    "author": "Poder360 ·",
    "published": "2024-03-22T04:21:00.000+02:00",
    "title": "Sudeste tem alerta de temporais e deslizamentos até domingo",
    "text": "Sudeste tem alerta de temporais e deslizamentos até domingo\nChuva, que pode atingir até 100 milímetros em 24 horas, é consequência de frente fria que se aproxima da região Sul\nA frente fria que chega ao Sudeste na 6ª feira (22.mar.2024) deverá provocar chuvas de até 100 mm (milímetros) em 24 horas, alagamentos e deslizamentos de terra na região. Em alguns pontos, como no Rio de Janeiro, o volume de chuva poderá somar 200 milímetros até domingo (24.mar).\nA chuva é consequência da aproximação de uma frente fria que avançou pela região Sul do país nesta 5ª feira (21.mar). O Cemaden (Centro Nacional de Monitoramento e Alertas de Desastres Naturais) informou nesta 5ª feira (21.mar) que os maiores volumes de chuvas devem ser registrados entre a noite de 6ª feira e a madrugada de sábado.\n“Isso já é um problema, porque provavelmente vamos acumular volumes importantes de chuva durante a madrugada de sábado, e sabemos que a logística se torna mais difícil”, disse o diretor de Operações do Cemaden, Marcelo Seluchi.\nSegundo o Inmet (Instituto Nacional de Meteorologia), na noite desta noite, já podem ser registradas algumas áreas com chuva forte, descargas elétricas, granizo e rajadas de vento em São Paulo e no Paraná. A partir de amanhã, há previsão de acumulado muito alto de chuvas que pegam desde o litoral norte de São Paulo, todo o Estado do Rio de Janeiro, a Zona da Mata de Minas Gerais e o sul do Espírito Santo.\n“Se a gente pegar os acumulados de chuva de hoje até domingo, podemos ter até mais de 200 mm nessas áreas”, disse a coordenadora do Inmet, Márcia Seabra. Segundo ela, também há previsão de ressacas em algumas áreas e ondas de até 2,5 metros no litoral do Rio de Janeiro.\nNo Rio de Janeiro, as regiões mais atingidas serão a Costa Verde, a região metropolitana e, especialmente, a região serrana, onde poderá haver deslizamentos de terras mais generalizados.\n“Levando em conta o volume previsto, não podemos descartar episódios mais graves como corrida de massa ou corrida de detritos”, disse Seluchi. Essa situação pode abranger também a parte sul de Minas Gerais, que faz divisa com o Estado do Rio.\nEm São Paulo, há possibilidade de inundações mais rápidas, com alagamentos urbanos ou transbordamento de córregos. Os deslizamentos de terra em São Paulo também serão mais pontuais e esparsos, mas pode haver interrupção de algumas estradas, como a rodovia dos Tamoios, que tem um protocolo de fechamento quando a chuva ultrapassa 100 mm.\nA orientação para a população das áreas atingidas é observar as recomendações dos serviços de Defesa Civil municipais, estaduais e nacionais, por meio das redes sociais e canais oficiais.\n“Em locais onde há sirenes, a população deve seguir as orientações, deixando suas casas no momento em que o alerta é emitido”, diz o diretor do Cenad (Centro Nacional de Gerenciamento de Riscos e Desastres), Armin Braun.\nPara receber alertas da Defesa Civil por SMS, basta enviar uma mensagem para o número 40199 com o CEP de sua região. O contato também pode ser feito pelo telefone 199, o WhatsApp (61) 2034-4611 ou Telegram @defesacivilbrbot.\nCom informações da\nAgência Brasil.",
    "highlightText": "",
    "highlightTitle": "",
    "highlightThreadTitle": "",
    "language": "portuguese",
    "sentiment": "negative",
    "categories": [
        "Disaster and Accident",
        "Weather"
    ],
    "external_links": [
        "https://www.agenciabrasil.ebc.com.br/geral/noticia/2024-03/regiao-sudeste-tem-alerta-de-temporais-e-deslizamentos-ate-domingo",
        "https://agenciabrasil.ebc.com.br/geral/noticia/2024-03/regiao-sudeste-tem-alerta-de-temporais-e-deslizamentos-ate-domingo"
    ],
    "external_images": [],
    "entities": {
        "persons": [],
        "organizations": [],
        "locations": []
    },
    "rating": null,
    "crawled": "2024-03-22T04:37:41.632+02:00",
    "updated": "2024-03-22T04:37:41.632+02:00"
}