{
    "thread": {
        "uuid": "ea30e2b0a6ab797bb70ffd7bfc0f804e03466e37",
        "url": "https://www.iltempo.it/personaggi/2024/03/22/news/meteo-pasquetta-paolo-sottocorona-scherzo-non-valgono-nulla-previsioni-tempo-38825999",
        "site_full": "www.iltempo.it",
        "site": "iltempo.it",
        "site_section": "https://www.iltempo.it/rss.xml",
        "site_categories": [
            "media"
        ],
        "section_title": "Il Tempo",
        "title": "“Non valgono nulla”. Sottocorona azzanna gli altri meteorologi sulla Pasquetta",
        "title_full": "“Non valgono nulla”. Sottocorona azzanna gli altri meteorologi sulla Pasquetta",
        "published": "2024-03-22T11:03:00.000+02:00",
        "replies_count": 0,
        "participants_count": 1,
        "site_type": "news",
        "country": "IT",
        "main_image": "https://img.iltempo.it/images/2024/03/22/101240654-420fb014-fd36-4b26-ae7a-02cf18a522de.jpg",
        "performance_score": 0,
        "domain_rank": 21723,
        "domain_rank_updated": "2024-03-19T12:07:56.000+02:00",
        "reach": null,
        "social": {
            "facebook": {
                "likes": 0,
                "comments": 0,
                "shares": 0
            },
            "gplus": {
                "shares": 0
            },
            "pinterest": {
                "shares": 0
            },
            "linkedin": {
                "shares": 0
            },
            "stumbledupon": {
                "shares": 0
            },
            "vk": {
                "shares": 0
            }
        }
    },
    "uuid": "ea30e2b0a6ab797bb70ffd7bfc0f804e03466e37",
    "url": "https://www.iltempo.it/personaggi/2024/03/22/news/meteo-pasquetta-paolo-sottocorona-scherzo-non-valgono-nulla-previsioni-tempo-38825999",
    "ord_in_thread": 0,
    "parent_url": null,
    "author": "@iltempo_official",
    "published": "2024-03-22T11:03:00.000+02:00",
    "title": "“Non valgono nulla”. Sottocorona azzanna gli altri meteorologi sulla Pasquetta",
    "text": "Meteo Pasquetta, Sottocorona all'attacco: “Quelle previsioni sono uno scherzo, non valgono nulla”\nGli italiani aspettano con ansia di capire che tempo farà a Pasqua e Pasquetta, per organizzarsi tra gite e scampagnate con famiglia e amici. Ma ha davvero senso oggi, 22 marzo, affidarsi alle previsioni del tempo per stilare un proprio piano per i giorni di festa? A rispondere in un video è Paolo Sottocorona, meteorologo di La7: “Oggi siamo al 22 marzo, questa carta che vi faccio vedere è la carta prevista per il 1 aprile, il giorno di Pasquetta. Che cosa ci direbbe questa carta? Nuvoloso al sud e al centro, al nord, soprattutto sulla parte occidentale, piogge anche forti. Però facciamo una considerazione, mancano dieci giorni. Allora io vi do appuntamento per il giorno di Pasquetta a mezzogiorno e poi vi dico se riesco a prendere il treno e ad arrivare in tempo, se mi passa l’influenza, se chi mi doveva dare quella cosa me l’ha data. Se, se, se… Che cosa direste voi? Quando siamo due giorni prima confermami l’appuntamento, fare le previsioni a dieci giorni è come andare ad un appuntamento con 10-12 se, non ha senso”.\nDa Giuliacci la notizia più bella per Pasqua e Pasquetta: che tempo farà per le feste\n“Le previsioni a 10-12 giorni ci sono - sottolinea Sottocorona con toni duri - come vedete, ma quanto valgono? Se la previsione a 24 ore valesse il 100%, e non è mai al 100% visto che è al 95%, una a dodici giorni vale il 20-30%. Assolutamente nulla, è molto più probabile che succeda esattamente il contrario di questo. Le previsioni per lunedì 1 aprile, per il pesce d’aprile, sono davvero un pesce d’aprile. Le previsioni oggi per Pasquetta sono uno scherzo, non una cosa seria”. A qualche meteorologo fischieranno le orecchie.\nDai blog\nQui Lazio []https://www.iltempo.it/blog/luigi-salomone/2024/03/21/news/tudor-igor-lazio-cambio-modulo-luis-alberto-obiettivo-38817517/\nTudor prova la Lazio con la difesa a tre Luigi Salomone Controtempo\n\"Pino Daniele Day è una festa per diffondere l'arte di papà\" Carlo Antini https://www.iltempo.it/blog/luigi-salomone/2024/03/19/news/lazio-tudor-modulo-tattica-sarri-lotito-immobile-ciro-luis-alberto-zaccagni-kamada-pellegrini-castellanos-coppa-italia-38796049/\nLazio, comincia la rivoluzione di Tudor Luigi Salomone",
    "highlightText": "",
    "highlightTitle": "",
    "highlightThreadTitle": "",
    "language": "italian",
    "sentiment": "negative",
    "categories": [
        "Social Issue",
        "Weather"
    ],
    "external_links": [],
    "external_images": [],
    "entities": {
        "persons": [],
        "organizations": [],
        "locations": []
    },
    "rating": null,
    "crawled": "2024-03-22T12:17:18.722+02:00",
    "updated": "2024-03-22T12:17:18.722+02:00"
}