{
    "thread": {
        "uuid": "ce41963ff3cb4c86128051ee97319e1be8f5917f",
        "url": "https://sbtnews.sbt.com.br/noticia/brasil/governo-faz-alerta-a-regiao-sudeste-sobre-fortes-chuvas-dos-proximos-dias",
        "site_full": "sbtnews.sbt.com.br",
        "site": "sbt.com.br",
        "site_section": "https://www.sbtnews.com.br",
        "site_categories": [],
        "section_title": "SBT News - A sua fonte segura de informação",
        "title": "Governo faz alerta à região Sudeste sobre fortes chuvas dos próximos dias - SBT News",
        "title_full": "Governo faz alerta à região Sudeste sobre fortes chuvas dos próximos dias - SBT News",
        "published": "2024-03-21T23:13:00.000+02:00",
        "replies_count": 0,
        "participants_count": 1,
        "site_type": "news",
        "country": "BR",
        "main_image": "https://sbt-news-assets-prod.s3.sa-east-1.amazonaws.com/chuva_640_d69a3bad1e_7bcc06c2ad_a906778aa7_69e8fb56fe.jpeg",
        "performance_score": 0,
        "domain_rank": 41763,
        "domain_rank_updated": "2024-03-19T12:08:01.000+02:00",
        "reach": null,
        "social": {
            "facebook": {
                "likes": 0,
                "comments": 0,
                "shares": 0
            },
            "gplus": {
                "shares": 0
            },
            "pinterest": {
                "shares": 0
            },
            "linkedin": {
                "shares": 0
            },
            "stumbledupon": {
                "shares": 0
            },
            "vk": {
                "shares": 0
            }
        }
    },
    "uuid": "ce41963ff3cb4c86128051ee97319e1be8f5917f",
    "url": "https://sbtnews.sbt.com.br/noticia/brasil/governo-faz-alerta-a-regiao-sudeste-sobre-fortes-chuvas-dos-proximos-dias",
    "ord_in_thread": 0,
    "parent_url": null,
    "author": "SBT",
    "published": "2024-03-21T23:13:00.000+02:00",
    "title": "Governo faz alerta à região Sudeste sobre fortes chuvas dos próximos dias - SBT News",
    "text": "Governo faz alerta à região Sudeste sobre fortes chuvas dos próximos dias Rio de Janeiro será o estado mais castigado; há riscos de deslizamentos de terra, inundações e enchentes O Ministério da Integração e do Desenvolvimento Regional (MIDR) promoveu uma live nesta quinta-feira (21) para informar à população sobre potenciais riscos para moradores da região Sudeste a partir desta sexta (21), por conta das [fortes chuvas](https://sbtnews.sbt.com.br/noticia/brasil/rio-de-janeiro-tem-previsao-de-chuva-extrema-a-partir-de-sexta-feira) que atingirão, principalmente o litoral norte de São Paulo e o estado do Rio de Janeiro. [+Leia mais sobre Brasil no SBT News](https://sbtnews.sbt.com.br/noticias/brasil) Participaram da transmissão representantes do Centro Nacional de Gerenciamento de Riscos e Desastres (CENAD) do MIDR, do Instituto Nacional de Meterologia (Inmet), do Centro Nacional de Monitoramento e Alertas de Desastre Naturais (Cemaden) e do Instituto Nacional de Pesquisas Espaciais (Inpe). Segundo Márcia Seabra, coordenadora-geral de meteorologia aplicada, desenvolvimento e pesquisa do INMET, essa instabilidade meteorológica é causada por uma frente fria que vem do Sul, causando já ventos superiores a 140 km/h em diversas cidades da região. Como consequência, já poderá haver registros, na madrugada desta quinta para sexta, de chuva forte, granizo e rajadas de vento em regiões de São Paulo e Paraná. Os institutos informaram que as chuvas poderão ultrapassar os 200mm de chuva, principalmente no Rio de Janeiro, região que deve ser a mais castigada entre sexta e domingo. Segundo representantes do Cemaden, haverá riscos de deslizamentos de terra, inundações e enchentes nas regiões Sul-Fluminense, Paraty, Angra dos Reis, Região Metropolitana e na Região Serrana, nas cidades de Petrópolis, Teresópolis e Nova Friburgo. As Defesas Civis de São Paulo e Rio de Janeiro já estão de prontidão para acompanhar os acontecimentos. Foi recomendado à população também ficar atenta aos canais oficiais (confira abaixo) do governo para informações sobre quais são as áreas de risco, procedimentos de segurança e evacuação, caso necessário. Serviços de alerta Enviar o CEP para 40199 (SMS) 61 2034-4623 (WhatsApp) @defesacivilbrbot (Telegram) Agências Federais cemaden.gov.br @inmet.oficial @inpe.oficial Redes @defesacivilbr @defesacivilbra Defesas Civis Estaduais @defeasacivil_rj @defesacivilsp @defesacivilmg @defesacivil.es",
    "highlightText": "",
    "highlightTitle": "",
    "highlightThreadTitle": "",
    "language": "portuguese",
    "sentiment": "negative",
    "categories": [
        "Disaster and Accident",
        "Weather"
    ],
    "external_links": [],
    "external_images": [],
    "entities": {
        "persons": [],
        "organizations": [],
        "locations": []
    },
    "rating": null,
    "crawled": "2024-03-22T00:30:34.008+02:00",
    "updated": "2024-03-22T00:30:34.008+02:00"
}