{
    "thread": {
        "uuid": "63c603b589adf4732ac09b51af5c6c6883811461",
        "url": "https://techdows.com/2024/03/22/verastem-nasdaqvstm-rating-reiterated-by-hc-wainwright/141660.html",
        "site_full": "techdows.com",
        "site": "techdows.com",
        "site_section": "http://techdows.com/feed",
        "site_categories": [
            "tech"
        ],
        "section_title": "Techdows News",
        "title": "Verastem (NASDAQ:VSTM) Rating Reiterated by HC Wainwright",
        "title_full": "Verastem (NASDAQ:VSTM) Rating Reiterated by HC Wainwright",
        "published": "2024-03-22T09:52:00.000+02:00",
        "replies_count": 0,
        "participants_count": 1,
        "site_type": "news",
        "country": "US",
        "main_image": "https://www.americanbankingnews.com/wp-content/timthumb/timthumb.php?src=https://www.marketbeat.com/logos/verastem-inc-logo.png?v=20221223185701&amp;w=240&amp;h=240&amp;zc=2",
        "performance_score": 0,
        "domain_rank": 79054,
        "domain_rank_updated": "2024-03-19T12:08:04.000+02:00",
        "reach": null,
        "social": {
            "facebook": {
                "likes": 0,
                "comments": 0,
                "shares": 0
            },
            "gplus": {
                "shares": 0
            },
            "pinterest": {
                "shares": 0
            },
            "linkedin": {
                "shares": 0
            },
            "stumbledupon": {
                "shares": 0
            },
            "vk": {
                "shares": 0
            }
        }
    },
    "uuid": "63c603b589adf4732ac09b51af5c6c6883811461",
    "url": "https://techdows.com/2024/03/22/verastem-nasdaqvstm-rating-reiterated-by-hc-wainwright/141660.html",
    "ord_in_thread": 0,
    "parent_url": null,
    "author": "matt",
    "published": "2024-03-22T09:52:00.000+02:00",
    "title": "Verastem (NASDAQ:VSTM) Rating Reiterated by HC Wainwright",
    "text": "HC Wainwright reissued their buy rating on shares of Verastem ( NASDAQ:VSTM – Free Report) in a research note issued to investors on Tuesday morning, Benzinga reports. HC Wainwright currently has a $17.50 target price on the biopharmaceutical company’s stock.\nA number of other analysts have also commented on the company.\nStockNews.com lowered Verastem from a hold rating to a sell rating in a report on Tuesday, March 12th. Royal Bank of Canada reaffirmed an outperform rating and issued a $32.00 target price on shares of Verastem in a research report on Friday, March 15th. Finally, BTIG Research reiterated a buy rating and issued a $27.00 price target on shares of Verastem in a research note on Tuesday, November 21st. One analyst has rated the stock with a sell rating and seven have issued a buy rating to the company’s stock. According to MarketBeat.com, the stock has an average rating of Moderate Buy and a consensus target price of $28.79. Check Out Our Latest Analysis on Verastem\nVerastem Stock Up 1.2 %\nVerastem stockopened at $11.93 on Tuesday. The company has a quick ratio of 5.45, a current ratio of 5.45 and a debt-to-equity ratio of 0.70. Verastem has a 12 month low of $4.20 and a 12 month high of $15.18. The business has a fifty day simple moving average of $11.91 and a 200 day simple moving average of $9.27. The stock has a market cap of $301.83 million, a PE ratio of -2.91 and a beta of 0.49.\nInsider Activity at Verastem\nIn other Verastem news, Director\nRobert E. Gagnon sold 9,204 shares of Verastem stock in a transaction that occurred on Friday, January 12th. The shares were sold at an average price of $10.95, for a total transaction of $100,783.80. Following the transaction, the director now owns 37,008 shares of the company’s stock, valued at approximately $405,237.60. The transaction was disclosed in a legal filing with the SEC, which is available through this link. In the last quarter, insiders have sold 9,817 shares of company stock valued at $107,290. 2.90% of the stock is owned by corporate insiders.\nHedge Funds Weigh In On Verastem\nSeveral hedge funds have recently modified their holdings of VSTM. Millennium Management LLC lifted its position in shares of Verastem by 417.3% during the 2nd quarter. Millennium Management LLC now owns 5,154,530 shares of the biopharmaceutical company’s stock worth $5,979,000 after buying an additional 4,158,108 shares in the last quarter. Jefferies Financial Group Inc. bought a new position in shares of Verastem during the 4th quarter worth approximately $662,000. Renaissance Technologies LLC lifted its position in shares of Verastem by 190.2% during the 1st quarter. Renaissance Technologies LLC now owns 1,684,106 shares of the biopharmaceutical company’s stock worth $2,375,000 after buying an additional 1,103,806 shares in the last quarter. Adage Capital Partners GP L.L.C. increased its stake in shares of Verastem by 116.7% during the 3rd quarter. Adage Capital Partners GP L.L.C. now owns 1,300,000 shares of the biopharmaceutical company’s stock worth $10,569,000 after purchasing an additional 700,000 shares during the last quarter. Finally, Vanguard Group Inc. increased its stake in shares of Verastem by 6.6% during the 3rd quarter. Vanguard Group Inc. now owns 8,511,513 shares of the biopharmaceutical company’s stock worth $7,235,000 after purchasing an additional 528,022 shares during the last quarter. Institutional investors own 75.25% of the company’s stock.\nVerastem Company Profile\nVerastem, Inc, a development-stage biopharmaceutical company, focuses on developing and commercializing drugs for the treatment of cancer in the United States. Its product candidates are Avutometinib, an orally available small molecule RAF/MEK clamp that inhibits the ras sarcoma RAF/MEK, ERK mitogen activated pathway kinase pathway which is involved in cell proliferation, migration, transformation, and survival of tumor cells; and Defactinib, an oral small molecule inhibitor of FAK and proline-rich tyrosine kinase for various solid tumors.\nFurther Reading\nFive stocks we like better than Verastem What is a SEC Filing? Google and Meta Circling the Market on a TikTok Ban Rally Ride Out The Recession With These Dividend Kings Intuitive Machines: Charting a Course Among the Stars Best Stocks Under $10.00 KB Home’s Stock Price Can Move Higher, Here’s Why\nReceive News & Ratings for Verastem Daily - Enter your email address below to receive a concise daily summary of the latest news and analysts' ratings for Verastem and related companies with\n[MarketBeat.com's FREE daily email newsletter](/daily-email-updates-basic/?symbol=NASDAQ:VSTM&c=Verastem).",
    "highlightText": "",
    "highlightTitle": "",
    "highlightThreadTitle": "",
    "language": "english",
    "sentiment": "negative",
    "categories": [
        "Weather"
    ],
    "external_links": [
        "https://www.marketbeat.com/newsletter/PDFoffer.aspx?offer=top5&RegistrationCode=NewsSites-SeeAlso",
        "https://www.marketbeat.com/originals/proctor-and-gamble-is-going-to-set-a-new-high/",
        "https://www.marketbeat.com/stock-ideas/intuitive-machines-charting-a-course-among-the-stars/",
        "https://www.insidertrades.com/verastem-inc-stock/robert-e-gagnon/",
        "https://www.marketbeat.com/stocks/NASDAQ/VSTM/",
        "https://www.marketbeat.com/stocks/NASDAQ/VSTM/price-target/",
        "https://www.sec.gov/Archives/edgar/data/1504983/000110465924004453/xslF345X05/tm243349-1_4seq1.xml",
        "https://www.marketbeat.com/originals/google-and-meta-circling-the-market-on-a-tiktok-ban-rally/",
        "https://www.marketbeat.com/market-data/low-priced-stocks/",
        "https://report.stocknews.com/sign-up/ticker/?ticker=VSTM&lead_source=marketbeat_snra&utm_source=marketbeat_snra&utm_medium=article&utm_campaign=ticker&utm_term=VSTM&utm_content=text_link",
        "https://www.marketbeat.com/arnreports/ReportTickerOptin.aspx?RegistrationCode=TickerHyperlink&Prefix=NASDAQ&Symbol=VSTM",
        "https://www.marketbeat.com/market-data/sec-filings/",
        "https://www.marketbeat.com/stock-ideas/kb-homes-stock-price-can-move-higher-heres-why/",
        "http://api.cloudquote.io/benzinga/getAnalystRatings.json/",
        "https://www.marketbeat.com/stocks/NASDAQ/VSTM",
        "https://sec.gov/Archives/edgar/data/1504983/000110465924004453/xslF345X05/tm243349-1_4seq1.xml",
        "https://marketbeat.com/stocks/NASDAQ/VSTM/",
        "https://marketbeat.com/newsletter/PDFoffer.aspx?offer=top5&RegistrationCode=NewsSites-SeeAlso",
        "https://www.marketbeat.com/newsletter/PDFoffer.aspx",
        "https://www.marketbeat.com/market-data/low-priced-stocks",
        "https://www.marketbeat.com/originals/google-and-meta-circling-the-market-on-a-tiktok-ban-rally",
        "https://www.marketbeat.com/stock-ideas/intuitive-machines-charting-a-course-among-the-stars",
        "https://marketbeat.com/stock-ideas/kb-homes-stock-price-can-move-higher-heres-why/",
        "http://www.api.cloudquote.io/benzinga/getAnalystRatings.json/",
        "https://www.marketbeat.com/market-data/sec-filings",
        "https://marketbeat.com/arnreports/ReportTickerOptin.aspx?RegistrationCode=TickerHyperlink&Prefix=NASDAQ&Symbol=VSTM",
        "https://insidertrades.com/verastem-inc-stock/robert-e-gagnon/",
        "https://www.marketbeat.com/originals/proctor-and-gamble-is-going-to-set-a-new-high",
        "https://www.report.stocknews.com/sign-up/ticker/?ticker=VSTM&lead_source=marketbeat_snra&utm_source=marketbeat_snra&utm_medium=article&utm_campaign=ticker&utm_term=VSTM&utm_content=text_link",
        "http://api.cloudquote.io/benzinga/getAnalystRatings.json",
        "https://www.insidertrades.com/verastem-inc-stock/robert-e-gagnon",
        "https://marketbeat.com/originals/proctor-and-gamble-is-going-to-set-a-new-high/",
        "https://marketbeat.com/market-data/low-priced-stocks/",
        "https://marketbeat.com/stocks/NASDAQ/VSTM/price-target/",
        "https://marketbeat.com/market-data/sec-filings/",
        "https://marketbeat.com/stock-ideas/intuitive-machines-charting-a-course-among-the-stars/",
        "https://report.stocknews.com/sign-up/ticker/",
        "https://marketbeat.com/originals/google-and-meta-circling-the-market-on-a-tiktok-ban-rally/",
        "https://www.marketbeat.com/arnreports/ReportTickerOptin.aspx",
        "https://www.marketbeat.com/stocks/NASDAQ/VSTM/price-target",
        "https://www.marketbeat.com/stock-ideas/kb-homes-stock-price-can-move-higher-heres-why"
    ],
    "external_images": [],
    "entities": {
        "persons": [
            {
                "name": "hc wainwright hc wainwright",
                "sentiment": "negative"
            },
            {
                "name": "hc wainwright",
                "sentiment": "none"
            },
            {
                "name": "benzinga",
                "sentiment": "none"
            }
        ],
        "organizations": [
            {
                "name": "royal bank of canada",
                "sentiment": "none"
            },
            {
                "name": "btig research",
                "sentiment": "none"
            }
        ],
        "locations": [
            {
                "name": "verastem",
                "sentiment": "none"
            }
        ]
    },
    "rating": null,
    "crawled": "2024-03-22T10:03:25.964+02:00",
    "updated": "2024-03-22T10:03:25.964+02:00"
}