{
    "thread": {
        "uuid": "eb27ce6c54be13d85252b62b26dea0f5d0f24a6a",
        "url": "https://vnexplorer.net/apos-onda-de-calor-temporal-causa-estragos-no-rs-s2007960.html",
        "site_full": "vnexplorer.net",
        "site": "vnexplorer.net",
        "site_section": "https://vnexplorer.net",
        "site_categories": [
            "health",
            "cold_and_flu"
        ],
        "section_title": "Verified News Explorer Channel - VNExplorer",
        "title": "Após onda de calor, temporal causa estragos no RS",
        "title_full": "Após onda de calor, temporal causa estragos no RS",
        "published": "2024-03-22T00:30:00.000+02:00",
        "replies_count": 0,
        "participants_count": 1,
        "site_type": "news",
        "country": "JP",
        "main_image": "https://img-s-msn-com.akamaized.net/tenant/amp/entityid/BB1kiMOC.img",
        "performance_score": 0,
        "domain_rank": 52173,
        "domain_rank_updated": "2024-03-19T12:08:01.000+02:00",
        "reach": null,
        "social": {
            "facebook": {
                "likes": 0,
                "comments": 0,
                "shares": 0
            },
            "gplus": {
                "shares": 0
            },
            "pinterest": {
                "shares": 0
            },
            "linkedin": {
                "shares": 0
            },
            "stumbledupon": {
                "shares": 0
            },
            "vk": {
                "shares": 0
            }
        }
    },
    "uuid": "eb27ce6c54be13d85252b62b26dea0f5d0f24a6a",
    "url": "https://vnexplorer.net/apos-onda-de-calor-temporal-causa-estragos-no-rs-s2007960.html",
    "ord_in_thread": 0,
    "parent_url": null,
    "author": "VNExplorer",
    "published": "2024-03-22T00:30:00.000+02:00",
    "title": "Após onda de calor, temporal causa estragos no RS",
    "text": "As regiões mais atingidas foram a Fronteira Oeste, a Região Sul, a Região Metropolitana e a do Centro do estado. No final da manhã os estragos ainda estavam sendo contabilizados pela Defesa Civil. Na Região Norte, apesar de mais fracos os ventos também fizeram estragos.\nPor Redação, com Brasil de Fato – de Brasília\nO Rio Grande do Sul amanheceu esta quinta-feira com um rastro de destruição deixado pelo temporal causado pela entrada de uma nova frente fria. Fortes rajadas de vento de até 142 quilômetros por hora, aconteceram das 18h de quarta até as 8h de quinta-feira em todo o Estado. Cerca de 1,1 milhão de residências amanheceram sem energia elétrica: 752 mil na área da CEEE Equatorial e 337 mil na área da RGE Energia.\nSegundo o Inmet o pior temporal foi o de 16 de janeiro\nA Defesa Civil do RS emitiu alertas vermelhos ainda na tarde de quarta-feira. O que causou mais destruição foram as rajadas de vento. Segundo o Instituto Nacional de Meteorologia (Inmet), a mais forte delas aconteceu em Soledade, com 142 km/h. O Inmet ainda registrou os seguintes dados: Cruz Alta 140 km/h; Jaguarão 125 km/h; Rio Grande 114 km/h; Pelotas 111 km/h; São Borja 108 km/h; São Luiz Gonzaga 91 km/h; Canguçu 91 km/h; Santa Maria 91 km/h e Porto Alegre, no bairro Jardim Botânico: 90 km/h.\nRegiões mais atingidas\nAs regiões mais atingidas foram a Fronteira Oeste, a Região Sul, a Região Metropolitana e a do Centro do estado. No final da manhã os estragos ainda estavam sendo contabilizados pela Defesa Civil. Na Região Norte, apesar de mais fracos os ventos também fizeram estragos. Em Passo Fundo, a velocidade do vento atingiu quase 70 km/h. Uma árvore caiu sobre o telhado de uma escola de Educação Infantil e as aulas foram suspensas. A ventania começou por volta das 6 horas da manhã. Conforme o Inmet a velocidade do vento foi de 68.4 km/h, mas o volume de chuva foi pequeno, 13.6 mm.\nEm Espumoso, a chuva e o vento começaram por volta das 5h da manhã. Conforme a Secretaria de Obras do município, as rajadas mais fortes duraram em torno de 10 minutos. Há registro de 20 árvores caídas. Uma delas atingiu duas residências no Bairro União. Até o momento, 15 casas e uma escola foram destelhadas e mais de 200 metros de lona foram distribuídos. Duas famílias tiveram que sair de casa por conta da chuva e foram direcionadas para casas de parentes. Até o fechamento desta matéria não havia registros de feridos.",
    "highlightText": "",
    "highlightTitle": "",
    "highlightThreadTitle": "",
    "language": "portuguese",
    "sentiment": "negative",
    "categories": [
        "Weather"
    ],
    "external_links": [
        "https://img-s-msn-com.akamaized.net/tenant/amp/entityid/BB1kiMOC.img",
        "https://www.img-s-msn-com.akamaized.net/tenant/amp/entityid/BB1kiMOC.img"
    ],
    "external_images": [],
    "entities": {
        "persons": [],
        "organizations": [],
        "locations": []
    },
    "rating": null,
    "crawled": "2024-03-22T00:34:16.481+02:00",
    "updated": "2024-03-22T00:34:16.481+02:00"
}