{
    "thread": {
        "uuid": "15b136d9c45a32f29c3369bbee46305ed8ccd52a",
        "url": "https://www.edinburghlive.co.uk/news/edinburgh-news/edinburgh-weather-princes-street-gardens-28866026",
        "site_full": "www.edinburghlive.co.uk",
        "site": "edinburghlive.co.uk",
        "site_section": "https://www.edinburghlive.co.uk/rss.xml",
        "site_categories": [
            "united_kingdom",
            "travel"
        ],
        "section_title": "Edinburgh Live - frontpage",
        "title": "Edinburgh weather: Princes Street Gardens closed to public due to 'high winds'",
        "title_full": "Edinburgh weather: Princes Street Gardens closed to public due to 'high winds'",
        "published": "2024-03-22T09:37:00.000+02:00",
        "replies_count": 0,
        "participants_count": 1,
        "site_type": "news",
        "country": "GB",
        "main_image": "https://i2-prod.edinburghlive.co.uk/incoming/article22928625.ece/ALTERNATES/s1200/0_GettyImages-1052756832.jpg",
        "performance_score": 0,
        "domain_rank": 29563,
        "domain_rank_updated": "2024-03-19T12:07:56.000+02:00",
        "reach": null,
        "social": {
            "facebook": {
                "likes": 0,
                "comments": 0,
                "shares": 0
            },
            "gplus": {
                "shares": 0
            },
            "pinterest": {
                "shares": 0
            },
            "linkedin": {
                "shares": 0
            },
            "stumbledupon": {
                "shares": 0
            },
            "vk": {
                "shares": 0
            }
        }
    },
    "uuid": "15b136d9c45a32f29c3369bbee46305ed8ccd52a",
    "url": "https://www.edinburghlive.co.uk/news/edinburgh-news/edinburgh-weather-princes-street-gardens-28866026",
    "ord_in_thread": 0,
    "parent_url": null,
    "author": "news@edinburghlive.co.uk (Katie Williams)",
    "published": "2024-03-22T09:37:00.000+02:00",
    "title": "Edinburgh weather: Princes Street Gardens closed to public due to 'high winds'",
    "text": "Follow us Funeral Notices Jobs Voucher Codes Advertise with Us Contact Us Newsletter Signup In Your Area Discount Codes mynewsassistant Contact Us Beauty Box Subscription About Us Work for us Advertise with Us Competition Rules How to Complain Corrections and Clarifications Terms and Conditions Privacy Notice AI Notice Cookie Notice Newsletter Signup Syndication & Licensing RSS feeds © 2024 MGN Limited frontpage News Edinburgh News Weather News Edinburgh weather: Princes Street Gardens closed to public due to 'high winds' According to weather forecasters, winds are expected to reach 44 miles per hour on Friday by 3pm and it will remain in the 30 range for the rest of the evening.\nedinburghlive Bookmark\nShare\nNews By Katie Williams Reporter 07:37, 22 MAR 2024 Bookmark\nEdinburgh Princes Street Gardens are closed on Friday due to the weather. (Image: Getty Images) Don't miss any of Edinburgh Live's biggest stories - sign up to our daily email newsletter\nMore Newsletters\nSubscribe Please enter a valid email Something went wrong, please try again later. More Newsletters\nWe use your sign-up to provide content in ways you’ve consented to and improve our understanding of you. This may include adverts from us and third parties based on our knowledge of you. More info Thank you for subscribing! We have more newsletters\nShow me See Our Privacy Notice See Our Privacy Notice × Group 28\nDon't miss any of Edinburgh Live's biggest stories - sign up to our daily email newsletter\nInvalid email Something went wrong, please try again later. Sign Up No thanks, close We use your sign-up to provide content in ways you’ve consented to and improve our understanding of you. This may include adverts from us and third parties based on our knowledge of you. More info × Group 28\nThank you for subscribing! We have more newsletters\nShow Me No thanks, close See our Privacy Notice Edinburgh&apos;s Princes Street Gardens will be closed today due to the weather .\nEdinburgh Council informed locals that the gardens will be closed on Friday, March 22 due to &apos;high winds&apos;.\nWhile there is no weather warning, the Met Office is forecasting a blustery day.\nREAD NEXT- Edinburgh man, 38, arrested in connection with death after city bus stop attack\nREAD NEXT- Viral Edinburgh cookie shop forced to close doors to venue as &apos;ceiling collapses&apos;\nAccording to weather forecasters, winds are expected to reach 44 miles per hour on Friday by 3pm and it will remain in the 30 range for the rest of the evening.\nWhile temperatures are expected to reach up to 7C, the Met Office forecasts that it will feel as cold as 0C with a chilly wind in the air.\nThe Met Office forecasts a cold and windy day across Edinburgh, the Borders and Dumfries and Galloway. On its website, it reads: \" Cold and windy today with sunny spells and blustery showers. Some of the showers may be heavy at times with a risk of hail and thunder. The eastern Borders will have the best of the drier and sunniest conditions. Maximum temperature 8C.\nTaking to social media, Edinburgh Council wrote: \"Due to forecasted high winds tomorrow (Friday March 22) Princes Street Gardens will be closed. Keep up to date with the weather on the @metofficeUK website.\"\nSign up for Edinburgh Live&apos;s newsletter Get all the latest news and headlines from Edinburgh, Fife and the Lothians sent straight to your inbox twice a day by signing up to our free newsletter.\nFrom breaking news to the latest on the coronavirus crisis in Scotland, we&apos;ll have you covered.\nThe morning newsletter arrives every day before 9am and the evening newsletter, manually curated by the team, is sent at 6.30pm, giving you a round up of the most important stories of the day.\nTo sign up to any of our newsletters, visit this link here .\nStory Saved You can find this story in My Bookmarks. Or by navigating to the user icon in the top right.\nFollow EdinburghLive Facebook Twitter More On Weather Princes Street",
    "highlightText": "",
    "highlightTitle": "",
    "highlightThreadTitle": "",
    "language": "english",
    "sentiment": "negative",
    "categories": [
        "Weather",
        "Disaster and Accident"
    ],
    "external_links": [
        "https://data.reachplc.com/223337010414946",
        "https://twitter.com/metofficeUK",
        "https://www.twitter.com/metofficeUK",
        "https://www.data.reachplc.com/223337010414946"
    ],
    "external_images": [],
    "entities": {
        "persons": [
            {
                "name": "galloway",
                "sentiment": "none"
            }
        ],
        "organizations": [
            {
                "name": "edinburgh council",
                "sentiment": "neutral"
            },
            {
                "name": "met office",
                "sentiment": "none"
            }
        ],
        "locations": [
            {
                "name": "princes street gardens",
                "sentiment": "none"
            },
            {
                "name": "edinburgh",
                "sentiment": "none"
            },
            {
                "name": "dumfries",
                "sentiment": "none"
            }
        ]
    },
    "rating": null,
    "crawled": "2024-03-22T10:30:39.398+02:00",
    "updated": "2024-03-22T13:28:37.626+02:00"
}