{
    "thread": {
        "uuid": "78614fe603868a70d3c6444ddbb12ef8e1fdeff7",
        "url": "https://www.natureworldnews.com/articles/61062/20240322/northern-new-england-ny-state-weather-forecast-heavy-snow-bring.htm",
        "site_full": "www.natureworldnews.com",
        "site": "natureworldnews.com",
        "site_section": "https://www.natureworldnews.com/rss/archives/archives.xml",
        "site_categories": [
            "science"
        ],
        "section_title": "",
        "title": "Northern New England, NY State Weather Forecast: Heavy Snow to Bring Potential Travel Concerns",
        "title_full": "Northern New England, NY State Weather Forecast: Heavy Snow to Bring Potential Travel Concerns",
        "published": "2024-03-22T08:52:00.000+02:00",
        "replies_count": 0,
        "participants_count": 1,
        "site_type": "news",
        "country": "US",
        "main_image": "https://1471793142.rsc.cdn77.org/data/images/full/69854/new-york-city.jpg",
        "performance_score": 0,
        "domain_rank": 13845,
        "domain_rank_updated": "2024-03-19T12:07:56.000+02:00",
        "reach": null,
        "social": {
            "facebook": {
                "likes": 0,
                "comments": 0,
                "shares": 0
            },
            "gplus": {
                "shares": 0
            },
            "pinterest": {
                "shares": 0
            },
            "linkedin": {
                "shares": 0
            },
            "stumbledupon": {
                "shares": 0
            },
            "vk": {
                "shares": 0
            }
        }
    },
    "uuid": "78614fe603868a70d3c6444ddbb12ef8e1fdeff7",
    "url": "https://www.natureworldnews.com/articles/61062/20240322/northern-new-england-ny-state-weather-forecast-heavy-snow-bring.htm",
    "ord_in_thread": 0,
    "parent_url": null,
    "author": "Kenneth John",
    "published": "2024-03-22T08:52:00.000+02:00",
    "title": "Northern New England, NY State Weather Forecast: Heavy Snow to Bring Potential Travel Concerns",
    "text": "Heavy snow potential and travel concerns can likely unload in northern New England and New York State this week, according to a forecast by the National Weather Service (NWS). Heavy snow can lead to slower commutes due to slippery roads and foggy conditions due to [potential heavy snow](https://www.youtube.com/watch?v=cXcgDcm7HQs). Limiting outdoor plans is recommended to avoid the dangers of commuting and travel. Recently, [NWN](https://www.natureworldnews.com/articles/61052/20240320/northeast-expect-heavy-snowfall-weekend-new-storm-unload-upper-midwest.htm) reported heavy snowfall in the Northeast and Upper Midwest, causing a cold-related health concern and a power outage. The stormy conditions can unload potential hypothermia and frostbite. In addition, the [NWS Weather Prediction Center](https://www.natureworldnews.com/articles/61052/20240320/northeast-expect-heavy-snowfall-weekend-new-storm-unload-upper-midwest.htm) warns of a potential large storm in the Upper Midwest and Northern Plains this weekend. Homeowners should stay alert for mixed precipitation early next week. Motorists traveling this week should stay alert to forecasts and [road conditions](https://www.natureworldnews.com/articles/61060/20240322/southern-weather-forecast-isolated-tornadoes-hail-unload-weekend.htm) to stay safe from the Northern Plains winter storm. Snow-covered roads can be hazardous. Weather Conditions in New York State and New England According to a forecast by the [National Weather Service](https://www.wpc.ncep.noaa.gov/discussions/hpcdiscussions.php?disc=pmdspd) (NWS), early spring heavy snows are likely this weekend in northern New York State and into northern New England. The [forecast](https://www.natureworldnews.com/articles/61052/20240320/northeast-expect-heavy-snowfall-weekend-new-storm-unload-upper-midwest.htm) monitors the development of winter weather in the portions of the northern tier of the US for the first week of spring. However, portions of New England can expect additional heavy snow on Thursday night, spreading over the Lower Great Lakes and Upper Mississippi Valley. On the weekend, snowy conditions can unfold in parts of northern New States and northern New England, with potential snowfall. Homeowners should anticipate below-average temperatures on the weekend. Meanwhile, the NWS forecast warns of an impactful winter storm in portions of eastern Montate on late Saturday. On the other hand, widespread wet weather can unload in Florida, East Texas, and the Eastern Seaboard. North and South Dakota can expect challenging commutes, including in northern Wisconsin and Minnesota. Motorists should stay alert for blowing snow and low visibility, affecting the road conditions due to heavy snow and gusty winds. Limiting unnecessary travel is advisable to keep safe from the weather. In [New York City](https://twitter.com/NWSNewYorkNY), homeowners are advised to check for a flood watch concern in the city, including in the Lower Hudson Valley. The heavy rain potential can bring flooding concerns, particularly in areas in Rockland County and Westchester. In addition, scattered to widespread minor urban flooding is possible. Also Read: [NWS Weather Forecast in Florida: Slight Risk of Excessive Rainfall To Hit This Week](https://www.natureworldnews.com/articles/61002/20240318/nws-weather-forecast-florida-slight-risk-excessive-rainfall-hit-week.htm) Snow Condition Preparedness This Weekend The latest forecast warns of snow conditions in parts of the US this weekend, causing slower commutes and cold-related health risks. Power outages are likely, increasing the risks of hypothermia and frostbite. Homeowners should store winter emergency kits at home to stay safe from the weather, especially on the weekend. Related Article: [Northeast to Expect Heavy Snowfall This Weekend; New Storm To Unload in Upper Midwest](https://www.natureworldnews.com/articles/61052/20240320/northeast-expect-heavy-snowfall-weekend-new-storm-unload-upper-midwest.htm) For more similar stories, don't forget to follow [Nature World News](https://www.natureworldnews.com/). © 2024 NatureWorldNews.com All rights reserved. Do not reproduce without permission.",
    "highlightText": "",
    "highlightTitle": "",
    "highlightThreadTitle": "",
    "language": "english",
    "sentiment": "negative",
    "categories": [
        "Weather"
    ],
    "external_links": [
        "http://www.youtube.com/watch?v=cXcgDcm7HQs",
        "https://www.wpc.ncep.noaa.gov/discussions/hpcdiscussions.php?disc=pmdspd",
        "https://twitter.com/NWSNewYorkNY",
        "http://youtube.com/watch?v=cXcgDcm7HQs",
        "http://www.youtube.com/watch",
        "https://www.wpc.ncep.noaa.gov/discussions/hpcdiscussions.php",
        "https://wpc.ncep.noaa.gov/discussions/hpcdiscussions.php?disc=pmdspd",
        "https://www.twitter.com/NWSNewYorkNY"
    ],
    "external_images": [],
    "entities": {
        "persons": [],
        "organizations": [
            {
                "name": "national weather service",
                "sentiment": "none"
            },
            {
                "name": "nwn",
                "sentiment": "none"
            },
            {
                "name": "nws weather prediction center",
                "sentiment": "none"
            }
        ],
        "locations": [
            {
                "name": "northern new england",
                "sentiment": "none"
            },
            {
                "name": "new york stat",
                "sentiment": "none"
            },
            {
                "name": "new england",
                "sentiment": "none"
            },
            {
                "name": "ny",
                "sentiment": "none"
            },
            {
                "name": "new york state",
                "sentiment": "none"
            },
            {
                "name": "northern plains",
                "sentiment": "none"
            },
            {
                "name": "upper midwest",
                "sentiment": "none"
            }
        ]
    },
    "rating": null,
    "crawled": "2024-03-22T09:33:08.842+02:00",
    "updated": "2024-03-22T10:03:39.845+02:00"
}