{
    "thread": {
        "uuid": "b373107407cdb07d037de7a09fe9239254ea7b36",
        "url": "https://istoedinheiro.com.br/rio-tera-ponto-facultativo-na-sexta-e-mobilizacao-contra-chuvas-fortes",
        "site_full": "istoedinheiro.com.br",
        "site": "istoedinheiro.com.br",
        "site_section": "https://www.istoedinheiro.com.br/rss",
        "site_categories": [],
        "section_title": "ISTOÉ DINHEIRO",
        "title": "Rio terá ponto facultativo na sexta e mobilização contra chuvas fortes",
        "title_full": "Rio terá ponto facultativo na sexta e mobilização contra chuvas fortes",
        "published": "2024-03-22T04:23:00.000+02:00",
        "replies_count": 0,
        "participants_count": 1,
        "site_type": "news",
        "country": "BR",
        "main_image": "https://istoedinheiro.com.br/wp-content/uploads/sites/17/2021/10/thumbnail-istoedinheirologo.png",
        "performance_score": 0,
        "domain_rank": 18990,
        "domain_rank_updated": "2024-03-19T12:07:56.000+02:00",
        "reach": null,
        "social": {
            "facebook": {
                "likes": 0,
                "comments": 0,
                "shares": 0
            },
            "gplus": {
                "shares": 0
            },
            "pinterest": {
                "shares": 0
            },
            "linkedin": {
                "shares": 0
            },
            "stumbledupon": {
                "shares": 0
            },
            "vk": {
                "shares": 0
            }
        }
    },
    "uuid": "b373107407cdb07d037de7a09fe9239254ea7b36",
    "url": "https://istoedinheiro.com.br/rio-tera-ponto-facultativo-na-sexta-e-mobilizacao-contra-chuvas-fortes",
    "ord_in_thread": 0,
    "parent_url": null,
    "author": "Redação",
    "published": "2024-03-22T04:23:00.000+02:00",
    "title": "Rio terá ponto facultativo na sexta e mobilização contra chuvas fortes",
    "text": "21/03/2024 - 21:23\nCom previsão de chuvas fortes, o estado do Rio de Janeiro prepara mobilização especial entre esta quinta-feira (21) e o domingo (24). O governador Cláudio Castro decretou ponto facultativo nesta sexta-feira (22), sob argumento de se preparar melhor para os possíveis impactos do temporal. Segundo o próprio, o Tribunal de Justiça e a Assembleia Legislativa também vão suspender os trabalhos amanhã.\n“A partir de agora à noite, eu vou ligar para todos os prefeitos, solicitando que eles também sigam o decreto estadual e façam o decreto municipal de ponto facultativo. Para que a gente passe por esse momento, de uma forma mais organizada e mais preparada para enfrentar os desafios que venham a acontecer”, disse o governador.\nNotícias relacionadas:\nRegião Sudeste tem alerta de temporais e deslizamentos até domingo. Cidades serranas do Rio alertam população para chegada de temporal. Temporal: prefeito do Rio pede que população antecipe volta para casa.\nCláudio Castro também anunciou que o Corpo de Bombeiros cancelou todas as folgas até domingo e convocou um quantitativo extra de 2 mil homens por dia. Agentes do Segurança Presente e da Lei Seca também estarão à disposição, o que corresponde a 4 mil homens e mulheres. A Polícia Militar e a Polícia Civil estarão de prontidão, sobretudo nas áreas de maior risco.\nAs secretarias estaduais de Infraestrutura, Cidades, Agricultura e Meio Ambiente estão com maquinário à disposição, caso haja necessidade de socorro rápido. O governo do estado também garantiu que as secretarias de Saúde e de Assistência Social estão a postos com estruturas e materiais de acolhimento à população, como colchonetes, kits de alimentação, higiene e saúde.\nPraticamente todas as regiões do estado – Serrana, Sul, Norte, Noroeste, Baixada e Metropolitana – têm previsão de volume alto de chuva nos próximos dias. Enquanto pode chover em média 100 mm (milímetros) na maior parte dessas regiões, na Serrana é esperado volume de 200 mm de chuva em um período de 24 horas.\n“Existe essa necessidade de alerta constante. Pedimos para a população não ficar em áreas de risco. Se a casa ficar em um lugar seguro, evite sair durante as chuvas. Queremos dizer para a população que nós estamos preparados para dar todo atendimento caso haja necessidade”, disse Cláudio Castro.\nPrefeitura do Rio\nO prefeito Eduardo Paes voltou a pedir que os moradores fiquem em casa e recolham o lixo para dentro de casa durante as chuvas. A coleta do lixo será feita posteriormente.\n“Em situações extremas, o deslocamento é mais perigoso”, afirmou. Nas áreas de risco, a recomendação é atenção às sirenes, que alertam para alagamentos e deslizamentos.\nSegundo o prefeito, a situação será monitorada durante a madrugada. ”Ao longo da madrugada de hoje, a situação será analisada para que sejam tomadas medidas mais duras e drásticas em relação ao dia de amanhã (22)”.\nEle não descartou decretar ponto facultativo para os servidores públicos municipais se o cenário piorar. Desta forma, deverão funcionar os serviços essenciais.\nO chefe-executivo do Centro de Operações da Prefeitura do Rio de Janeiro (COR Rio), Marcus Belchior Corrêa Bento, informou que mais de 9 mil servidores estarão envolvidos na operação de resposta aos temporais. No próprio COR Rio, 500 profissionais irão trabalhar em turnos de 24 horas para municiar a prefeitura de dados.\nEm 103 comunidades, há 164 sirenes da Defesa Civil em funcionamento e cerca de 200 pontos de apoio para onde os moradores poderão se deslocar.\nOs profissionais da Companhia de Engenharia de Tráfego do Rio de Janeiro (CET Rio) também irão trabalhar em plantões de 24 horas. Na Fundação Instituto de Geotécnica do Município do Rio de Janeiro (Geo Ri), 30 engenheiros e técnicos estarão de prontidão em todo o final de semana, desde a madrugada de hoje. Na Rio Águas, 234 trabalhadores ficarão mobilizados com 80 equipamentos. Seiscentos e sessenta agentes da Guarda Municipal trabalharão também até o domingo, com 168 viaturas e 117 motos.\nNa Companhia Municipal de Limpeza Urbana (Comlurb), 7,3 mil garis, divididos em três turnos, atuarão na limpeza da cidade, com mais de 200 veículos, enquanto na Secretaria de Conservação, 880 servidores ficarão disponíveis até domingo.\nInformações sobre a chuva na cidade do Rio podem ser obtidas pelo Whatsapp 61-20344611.\nMinistério Público\nO Ministério Público do Estado do Rio de Janeiro (MPRJ) informou que está acompanhando a preparação do Poder Público diante da previsão de chuvas forte na Região Serrana. O órgão monitora que estratégias estão sendo adotadas na região, tida como historicamente vulnerável a desastres provocados por eventos climáticos.\nPromotorias de Justiça que atuam em Petrópolis entraram em contato com as secretarias municipais de Defesa Civil, de Saúde e de Assistência Social. Foi relatado que as equipes estão de sobreaviso para a possibilidade de intercorrências. Abrigos públicos estão em alerta. A concessionária responsável pelo fornecimento de energia elétrica disse estar programada em caso de grande evento. O mesmo acompanhamento das promotorias está sendo feito em Nova Friburgo e Teresópolis, na Região Serrana.",
    "highlightText": "",
    "highlightTitle": "",
    "highlightThreadTitle": "",
    "language": "portuguese",
    "sentiment": "negative",
    "categories": [
        "Weather"
    ],
    "external_links": [
        "https://agenciabrasil.ebc.com.br/geral/noticia/2024-03/cidades-serranas-do-rio-alertam-populacao-para-chegada-de-temporal",
        "https://agenciabrasil.ebc.com.br/geral/noticia/2024-03/temporal-prefeito-do-rio-pede-populacao-que-antecipe-volta-para-casa",
        "https://agenciabrasil.ebc.com.br/geral/noticia/2024-03/regiao-sudeste-tem-alerta-de-temporais-e-deslizamentos-ate-domingo",
        "https://www.agenciabrasil.ebc.com.br/geral/noticia/2024-03/temporal-prefeito-do-rio-pede-populacao-que-antecipe-volta-para-casa",
        "https://www.agenciabrasil.ebc.com.br/geral/noticia/2024-03/cidades-serranas-do-rio-alertam-populacao-para-chegada-de-temporal",
        "https://www.agenciabrasil.ebc.com.br/geral/noticia/2024-03/regiao-sudeste-tem-alerta-de-temporais-e-deslizamentos-ate-domingo"
    ],
    "external_images": [],
    "entities": {
        "persons": [],
        "organizations": [],
        "locations": []
    },
    "rating": null,
    "crawled": "2024-03-22T05:40:54.613+02:00",
    "updated": "2024-03-22T05:40:54.613+02:00"
}