{
    "thread": {
        "uuid": "04a9821dec8bf42a2e0230bbde840f98400f68cd",
        "url": "https://larepublica.pe/sociedad/2024/03/21/senamhi-advierte-intensas-lluvias-y-descargas-electricas-en-ayacucho-y-otras-13-regiones-del-22-al-24-de-marzo-conoce-las-zonas-afectadas-pronostico-senamhi-lrsd-600138",
        "site_full": "larepublica.pe",
        "site": "larepublica.pe",
        "site_section": "http://pwa.larepublica.pe/peru",
        "site_categories": [
            "media",
            "top_news"
        ],
        "section_title": "Noticias del Perú y del mundo en larepublica.pe - Últimas noticias de política, espectáculos, deportes, economía, tendencias, , sociedad, mundo, cine y más. | La República",
        "title": "Senamhi advierte intensas lluvias y descargas eléctricas en Ayacucho y otras 13 regiones del 22 al 24 de marzo: conoce las zonas afectadas | pronóstico senamhi | LRSD | Sociedad | La República",
        "title_full": "Senamhi advierte intensas lluvias y descargas eléctricas en Ayacucho y otras 13 regiones del 22 al 24 de marzo: conoce las zonas afectadas | pronóstico senamhi | LRSD | Sociedad | La República",
        "published": "2024-03-21T23:59:00.000+02:00",
        "replies_count": 0,
        "participants_count": 1,
        "site_type": "news",
        "country": "PE",
        "main_image": "https://imgmedia.larepublica.pe/1200x630/larepublica/original/2024/03/21/65fca9575b976640cd68b057.jpg",
        "performance_score": 0,
        "domain_rank": 7911,
        "domain_rank_updated": "2024-03-19T12:07:56.000+02:00",
        "reach": null,
        "social": {
            "facebook": {
                "likes": 0,
                "comments": 0,
                "shares": 1
            },
            "gplus": {
                "shares": 0
            },
            "pinterest": {
                "shares": 0
            },
            "linkedin": {
                "shares": 0
            },
            "stumbledupon": {
                "shares": 0
            },
            "vk": {
                "shares": 0
            }
        }
    },
    "uuid": "04a9821dec8bf42a2e0230bbde840f98400f68cd",
    "url": "https://larepublica.pe/sociedad/2024/03/21/senamhi-advierte-intensas-lluvias-y-descargas-electricas-en-ayacucho-y-otras-13-regiones-del-22-al-24-de-marzo-conoce-las-zonas-afectadas-pronostico-senamhi-lrsd-600138",
    "ord_in_thread": 0,
    "parent_url": null,
    "author": "Milagros Corrales",
    "published": "2024-03-21T23:59:00.000+02:00",
    "title": "Senamhi advierte intensas lluvias y descargas eléctricas en Ayacucho y otras 13 regiones del 22 al 24 de marzo: conoce las zonas afectadas | pronóstico senamhi | LRSD | Sociedad | La República",
    "text": "Lluvias intensas y descargas eléctricas en 14 regiones del Perú del 22 al 24 de marzo: ¿cuáles son? El Senamhi advirtió sobre la ocurrencia de [lluvias, descargas eléctricas y ráfagas de viento en ciertas regiones del Perú.](https://larepublica.pe/sociedad/2024/03/18/senamhi-advierte-fuertes-lluvias-en-lima-y-19-regiones-del-19-al-21-de-marzo-cuales-seran-afectadas-arequipa-puno-la-libertad-lambayeque-piura-lrsd-842004) La entidad indicó que estos eventos alcanzarían un nivel de alerta naranja. Conoce AQUÍ las localidades que serán afectadas y las sugerencias para prevenir hechos lamentables. [Examen de admisión San Marcos 2024 II: 1.320 vacantes no fueron cubiertas](https://larepublica.pe/sociedad/2024/03/20/unmsm-1320-vacantes-no-fueron-cubiertas-educacion-examen-de-admision-carreras-universitarias-universidades-publicas-471620) [Corte de agua en Lima vía Sedapal: los distritos que serán afectados este 20 y 21 de marzo](https://larepublica.pe/sociedad/2024/03/19/corte-de-agua-en-lima-via-sedapal-los-distritos-que-seran-afectados-este-20-y-21-de-marzo-1502387) El [Servicio Nacional de Meteorología e Hidrología del Perú (Senamhi)](https://larepublica.pe/tag/senamhi) pronosticó lluvias intensas en el territorio peruano. Se espera que en los próximos días [ocurran potentes precipitaciones y descargas eléctricas](https://larepublica.pe/sociedad/2024/03/18/senamhi-advierte-fuertes-lluvias-en-lima-y-19-regiones-del-19-al-21-de-marzo-cuales-seran-afectadas-arequipa-puno-la-libertad-lambayeque-piura-lrsd-842004) de moderada a fuerte intensidad en 14 regiones del país, que incluyen a Ayacucho, Puno, Cusco, La Libertad, Loreto y Cajamarca. Esta nota de La República se detalla la potencia, duración y áreas geográficas afectadas por estos fenómenos, con el fin de mantener a la población informada y en alerta. PUEDES VER: [Senamhi advierte fuertes lluvias en Lima y otras regiones del 19 al 21 de marzo: ¿cuáles serán las afectadas?] Lluvias en Perú: pronósticos del Senamhi en 14 regiones De acuerdo con el aviso número 75 del Senamhi, desde el viernes 22 al domingo 24 de marzo, se espera lluvia de moderada a fuerte intensidad en la selva. Esta precipitación estará acompañada de descargas eléctricas y ráfagas de viento con velocidades alrededor de los 45 km/h, principalmente en la selva sur. Además, [se presentará el descenso de la temperatura diurna debido al ingreso del primer friaje del año.](https://larepublica.pe/sociedad/2024/03/20/el-invierno-de-este-2024-sera-tan-calido-como-el-anterior-esto-revela-senamhi-invierno-otono-ola-de-calor-1582940) De esta manera, para el viernes 22 de marzo, se prevén acumulados de lluvia cercanos a los 50 mm/día en la selva norte, sobre los 60 mm/día en la selva centro y valores alrededor de los 65 mm/día en la selva sur. Estas serán las regiones afectadas: - Amazonas - Ayacucho - Cajamarca - Cusco - Huancavelica - Huánuco - Junín - La Libertad - Loreto - Madre De Dios - Pasco - Puno - San Martin - Ucayali El sábado 23 de marzo, se pronostican acumulados de lluvia cercanos a los 50 mm/día en la selva norte, sobre los 60 mm/día en la selva centro y valores alrededor de los 65 mm/día en la selva sur. Estas serán las regiones afectadas: - Amazonas - Ayacucho - Cajamarca - Cusco - Huancavelica - Huánuco - Junín - La Libertad - Loreto - Madre De Dios - Pasco - Puno - San Martin - Ucayali Pronóstico de lluvias. Foto: Senamhi Finalmente, para el domingo 24 de marzo, se prevén acumulados de lluvia cercanos a los 40 mm/día en la selva norte, sobre los 55 mm/día en la selva centro y valores alrededor de los 50 mm/día en la selva sur. Estas serán las regiones afectadas: - Amazonas - Ayacucho - Cusco - Huancavelica - Huánuco - Junín - La Libertad - Loreto - Pasco - San Martin - Ucayali Senamhi pronostica incremento de viento en la costa El Senamhi informó que, a partir del viernes 22 al domingo 24 de marzo, se registrará el incremento de la velocidad del viento de moderada a fuerte intensidad en la costa. Este aumento podría generar el levantamiento de polvo/arena y la reducción de la visibilidad horizontal, principalmente en Ica. Además, se espera cobertura nubosa y niebla/neblina hacia el atardecer y las primeras horas de la mañana. Incremento de la velocidad del viento. Foto: Senamhi La República Regiones AHORA en WhatsApp ¿Quieres enterarte de las últimas noticias del Perú? Te invitamos a suscribirte [AQUÍ ](https://whatsapp.com/channel/0029VaEyIF8HgZWgOPDZ9U3U)a nuestro canal oficial La República Regiones, que te trae la información más reciente sobre lo que acontece en cada rincón de nuestro país. ► [https://whatsapp.com/channel/0029VaEyIF8HgZWgOPDZ9U3U](https://whatsapp.com/channel/0029VaEyIF8HgZWgOPDZ9U3U) Estudió Comunicación Social en la Universidad Católica de Santa María. Especialista en comunicación para el desarrollo. Y con la convicción plena de que la finalidad del ser humano es siempre buscar la verdad.",
    "highlightText": "",
    "highlightTitle": "",
    "highlightThreadTitle": "",
    "language": "spanish",
    "sentiment": "negative",
    "categories": [
        "Disaster and Accident",
        "Weather"
    ],
    "external_links": [
        "https://whatsapp.com/channel/0029VaEyIF8HgZWgOPDZ9U3U)",
        "https://whatsapp.com/channel/0029VaEyIF8HgZWgOPDZ9U3U)a",
        "https://whatsapp.com/channel/0029VaEyIF8HgZWgOPDZ9U3U",
        "https://www.whatsapp.com/channel/0029VaEyIF8HgZWgOPDZ9U3U)",
        "https://www.whatsapp.com/channel/0029VaEyIF8HgZWgOPDZ9U3U",
        "https://www.whatsapp.com/channel/0029VaEyIF8HgZWgOPDZ9U3U)a"
    ],
    "external_images": [],
    "entities": {
        "persons": [],
        "organizations": [],
        "locations": []
    },
    "rating": null,
    "crawled": "2024-03-22T01:04:26.286+02:00",
    "updated": "2024-03-22T01:04:26.286+02:00"
}