{
    "thread": {
        "uuid": "9736ad2c7513d4fa88e090843a7087a81dde5338",
        "url": "https://bnnbreaking.com/weather/retail-sales-stagnate-amid-unfavorable-weather-dampening-consumer-demand",
        "site_full": "bnnbreaking.com",
        "site": "bnnbreaking.com",
        "site_section": "https://bnnbreaking.com/rss",
        "site_categories": [],
        "section_title": "BNN : Latest Posts",
        "title": "Retail Sales Stagnate Amid Unfavorable Weather, Dampening Consumer Demand",
        "title_full": "Retail Sales Stagnate Amid Unfavorable Weather, Dampening Consumer Demand",
        "published": "2024-03-21T23:12:00.000+02:00",
        "replies_count": 0,
        "participants_count": 1,
        "site_type": "news",
        "country": "IN",
        "main_image": "https://img-cdn.thepublive.com/fit-in/1200x675/bnn/media/media_files/df3d87044f3e7c1681cbde82c9074bff01f23d97a291733cd0423f3693e2e2aa.jpg",
        "performance_score": 0,
        "domain_rank": 12640,
        "domain_rank_updated": "2024-03-19T12:07:56.000+02:00",
        "reach": null,
        "social": {
            "facebook": {
                "likes": 0,
                "comments": 0,
                "shares": 0
            },
            "gplus": {
                "shares": 0
            },
            "pinterest": {
                "shares": 0
            },
            "linkedin": {
                "shares": 0
            },
            "stumbledupon": {
                "shares": 0
            },
            "vk": {
                "shares": 0
            }
        }
    },
    "uuid": "9736ad2c7513d4fa88e090843a7087a81dde5338",
    "url": "https://bnnbreaking.com/weather/retail-sales-stagnate-amid-unfavorable-weather-dampening-consumer-demand",
    "ord_in_thread": 0,
    "parent_url": null,
    "author": "Aqsa Younas Rana",
    "published": "2024-03-21T23:12:00.000+02:00",
    "title": "Retail Sales Stagnate Amid Unfavorable Weather, Dampening Consumer Demand",
    "text": "As the latest market insights unveil, retail sales have hit a standstill, with inclement weather playing a significant role in curbing consumer enthusiasm. March 2024 brings with it a stark reminder of the fragile nature of market dynamics, where external factors such as weather can have a profound impact on economic activities. The report from CommunityAmerica Credit Union highlights a 0.8 percent drop in consumer spending in January, a figure that fell short of market expectations and marked a downturn from December's growth.\nAdvertisment Unpacking the Numbers With a year-over-year decline of 0.2 percent in retail sales, the data suggests a cooling off from previously recorded gains. The decline in consumer spending is particularly noteworthy, given the positive trajectory observed in December. Analysts point to the adverse weather conditions, including cold snaps that not only dampened consumer demand but also affected industrial output and housing starts. This period of stagnation raises questions about the resilience of the retail sector and its ability to bounce back from such setbacks.\nWeather's Economic Chill Advertisment The impact of weather on economic activities is well-documented, yet the extent to which it can influence retail sales provides a fresh perspective on market vulnerabilities. January's weather conditions, marked by lower temperatures and increased precipitation, created a less than favorable environment for shopping and outdoor activities, leading to a noticeable dip in retail foot traffic. This case serves as a stark illustration of how external, uncontrollable factors can sway economic indicators, prompting a reevaluation of strategies to mitigate such risks.\nLooking Ahead While the immediate outlook for retail may seem grim, market analysts are keen to observe how the sector will adapt and respond to these challenges. The resilience of the retail industry, coupled with innovative strategies to engage consumers, may very well dictate the pace of recovery. Furthermore, as weather conditions improve, there is cautious optimism for a rebound in consumer spending. However, this episode serves as a reminder of the need for businesses to remain agile and responsive to external shocks, ensuring sustainability and growth in the face of adversity.\nAs we reflect on the recent stagnation in retail sales, it's clear that the journey ahead for retailers and market analysts alike is fraught with uncertainties. Yet, it is also an opportunity to innovate and strengthen strategies against unforeseeable challenges. The impact of weather on retail sales in January 2024 underscores the interconnectedness of environmental factors and economic outcomes, urging a closer examination of how businesses can navigate such complexities in the future.",
    "highlightText": "",
    "highlightTitle": "",
    "highlightThreadTitle": "",
    "language": "english",
    "sentiment": "negative",
    "categories": [
        "Economy, Business and Finance",
        "Weather"
    ],
    "external_links": [],
    "external_images": [],
    "entities": {
        "persons": [],
        "organizations": [
            {
                "name": "communityamerica credit union",
                "sentiment": "none"
            }
        ],
        "locations": []
    },
    "rating": null,
    "crawled": "2024-03-22T10:17:43.590+02:00",
    "updated": "2024-03-22T10:17:43.590+02:00"
}