{
    "thread": {
        "uuid": "4cdf02793663874baa73e334e0e2cf62777cc81c",
        "url": "https://caracol.com.co/2024/03/22/fuertes-lluvias-causan-estragos-en-bogota-y-cundinamarca-inundaciones-danos-y-mas",
        "site_full": "caracol.com.co",
        "site": "caracol.com.co",
        "site_section": "https://caracol.com.co/ciudades/bogota/",
        "site_categories": [
            "media",
            "hobbies_and_interests",
            "radio"
        ],
        "section_title": "Bogotá | Caracol Radio",
        "title": "Fuertes lluvias causan estragos en Bogotá y Cundinamarca: inundaciones, daños y más",
        "title_full": "Fuertes lluvias causan estragos en Bogotá y Cundinamarca: inundaciones, daños y más",
        "published": "2024-03-22T03:21:00.000+02:00",
        "replies_count": 0,
        "participants_count": 1,
        "site_type": "news",
        "country": "CO",
        "main_image": "https://caracol.com.co/resizer/v2/https%3A%2F%2Fcloudfront-us-east-1.images.arcpublishing.com%2Fprisaradioco%2FBRFBLTU24NEHLGGPTJQDXXL27I.PNG?auth=1b8ca1cad172e5a69a011a84810497bea56c7a98443d82bcaba7531a56088235&amp;height=428&amp;width=770&amp;quality=70&amp;smart=true",
        "performance_score": 0,
        "domain_rank": 14055,
        "domain_rank_updated": "2024-03-19T12:07:56.000+02:00",
        "reach": null,
        "social": {
            "facebook": {
                "likes": 0,
                "comments": 0,
                "shares": 0
            },
            "gplus": {
                "shares": 0
            },
            "pinterest": {
                "shares": 0
            },
            "linkedin": {
                "shares": 0
            },
            "stumbledupon": {
                "shares": 0
            },
            "vk": {
                "shares": 0
            }
        }
    },
    "uuid": "4cdf02793663874baa73e334e0e2cf62777cc81c",
    "url": "https://caracol.com.co/2024/03/22/fuertes-lluvias-causan-estragos-en-bogota-y-cundinamarca-inundaciones-danos-y-mas",
    "ord_in_thread": 0,
    "parent_url": null,
    "author": "Karen Ortiz\"/>",
    "published": "2024-03-22T03:21:00.000+02:00",
    "title": "Fuertes lluvias causan estragos en Bogotá y Cundinamarca: inundaciones, daños y más",
    "text": "El granizo y las lluvias torrenciales volvieron a ser los protagonistas en Bogotá. Este jueves, 21 de marzo, diversos sectores de la capital se vieron afectados por las fuertes lluvias que se presentaron en las horas de la tarde.\nSegún el Instituto Distrital de Gestión de Riesgos y Cambio Climático (Idiger), siete localidades de la capital del país resultaron afectadas:\nUsaquén Chapinero Barrios Unidos Santa Fe San Cristóbal Rafael Uribe Ciudad Bolívar Hace unas semanas, el Ideam anunció que, durante este mes de marzo, Colombia había entrado en su primera temporada de lluvias de 2024.\nDaños por las lluvias Se reportó que en el sur de la ciudad, se presentaron inundaciones y hasta daños en el Colegio Estanislao Zuleta.\n#BOGOTÁ | Parte del techo del Colegio Estanislao Zuleta, en el sur de la ciudad resultó afectado, tras los fuertes vientos de las últimas horas. No se reportan personas lesionadas. pic.twitter.com/y5o5mZ24Lx\n— ÚltimaHoraCaracol (@UltimaHoraCR) March 21, 2024 #CUNDINAMARCA | Los habitantes de La Calera reportan que en las últimas horas cayó granizo en varios sectores del municipio. Hay tráfico lento por cuenta de las lluvias en la vía a Patios. Vía: @CaracolRadio pic.twitter.com/JAW3D0icWd\n— ÚltimaHoraCaracol (@UltimaHoraCR) March 21, 2024 #BOGOTÁ Este es el panorama en la localidad de Usme, en el sur de la ciudad. Se reportan inundaciones en varios sectores por cuenta de las lluvias acompañadas con granizo de las últimas horas. Vía: @CaracolRadio pic.twitter.com/tYQ2EBmy19\n— ÚltimaHoraCaracol (@UltimaHoraCR) March 21, 2024 Daños en la Universidad Nacional En medio del proceso de elección del nuevo rector de la Universidad Nacional de Colombia, se presentaron inundaciones, daños de techos y hasta fugas de agua en el centro educativo.\nLos edificios más afectados por las fuertes lluvias han sido los de Bellas Artes y el de la Facultad de Derecho.\n#BOGOTÁ . Con videos como este, los estudiantes de la Universidad Nacional le piden al Gobierno Nacional una intervención urgente y efectiva a los edificios del ICN, Farmacia, colegio IPARM, humanas entre otros. @JulianiMartinez pic.twitter.com/2HawyS5LJN\n— ÚltimaHoraCaracol (@UltimaHoraCR) March 21, 2024 Situación en Cundinamarca En las últimas horas, los habitantes de La Calera han reportado la caída de granizo en diversos sectores del municipio. Esta situación generaron tráfico lento en la vía hacia Patios debido a las intensas lluvias .\nLos residentes y conductores deben tomar precauciones adicionales al transitar por la zona afectada por las condiciones climáticas adversas.\nAsí mismo, en el municipio de Anapoima varias viviendas resultaron afectadas, debido a los fuertes ventarrones.\n#CUNDINAMARCA El capitán Álvaro Farfán ( @BomberoFarfan ) informó que en horas de la noche se registró un vendaval en el municipio de Anapoima, que dejó varias viviendas desentechadas, y árboles caídos. No se reportan personas lesionadas. @CaracolRadio pic.twitter.com/px8VAQZ7s1\n— ÚltimaHoraCaracol (@UltimaHoraCR) March 21, 2024",
    "highlightText": "",
    "highlightTitle": "",
    "highlightThreadTitle": "",
    "language": "spanish",
    "sentiment": "negative",
    "categories": [
        "Weather"
    ],
    "external_links": [
        "https://twitter.com/JulianiMartinez?ref_src=twsrc%5Etfw",
        "https://twitter.com/UltimaHoraCR/status/1770761756266188892?ref_src=twsrc%5Etfw",
        "https://t.co/tYQ2EBmy19",
        "https://t.co/JAW3D0icWd",
        "https://twitter.com/UltimaHoraCR/status/1770820387934183895?ref_src=twsrc%5Etfw",
        "https://twitter.com/UltimaHoraCR/status/1770936854268801490?ref_src=twsrc%5Etfw",
        "https://twitter.com/hashtag/BOGOT%C3%81?src=hash&ref_src=twsrc%5Etfw",
        "https://twitter.com/hashtag/CUNDINAMARCA?src=hash&ref_src=twsrc%5Etfw",
        "https://t.co/px8VAQZ7s1",
        "https://twitter.com/UltimaHoraCR/status/1770930862034428131?ref_src=twsrc%5Etfw",
        "https://twitter.com/UltimaHoraCR/status/1770931623015378971?ref_src=twsrc%5Etfw",
        "https://t.co/y5o5mZ24Lx",
        "https://t.co/2HawyS5LJN",
        "https://twitter.com/BomberoFarfan?ref_src=twsrc%5Etfw",
        "https://twitter.com/CaracolRadio?ref_src=twsrc%5Etfw",
        "https://www.twitter.com/BomberoFarfan?ref_src=twsrc%5Etfw",
        "https://twitter.com/UltimaHoraCR/status/1770936854268801490",
        "https://twitter.com/UltimaHoraCR/status/1770930862034428131",
        "https://twitter.com/UltimaHoraCR/status/1770931623015378971",
        "https://twitter.com/CaracolRadio",
        "https://www.t.co/tYQ2EBmy19",
        "https://www.twitter.com/UltimaHoraCR/status/1770931623015378971?ref_src=twsrc%5Etfw",
        "https://twitter.com/UltimaHoraCR/status/1770761756266188892",
        "https://twitter.com/hashtag/BOGOT%C3%81",
        "https://twitter.com/JulianiMartinez",
        "https://www.t.co/JAW3D0icWd",
        "https://www.twitter.com/CaracolRadio?ref_src=twsrc%5Etfw",
        "https://www.t.co/y5o5mZ24Lx",
        "https://www.twitter.com/UltimaHoraCR/status/1770930862034428131?ref_src=twsrc%5Etfw",
        "https://www.twitter.com/UltimaHoraCR/status/1770936854268801490?ref_src=twsrc%5Etfw",
        "https://www.t.co/2HawyS5LJN",
        "https://twitter.com/hashtag/CUNDINAMARCA",
        "https://twitter.com/BomberoFarfan",
        "https://www.twitter.com/UltimaHoraCR/status/1770761756266188892?ref_src=twsrc%5Etfw",
        "https://www.twitter.com/JulianiMartinez?ref_src=twsrc%5Etfw",
        "https://twitter.com/UltimaHoraCR/status/1770820387934183895",
        "https://www.twitter.com/hashtag/CUNDINAMARCA?src=hash&ref_src=twsrc%5Etfw",
        "https://www.t.co/px8VAQZ7s1",
        "https://www.twitter.com/UltimaHoraCR/status/1770820387934183895?ref_src=twsrc%5Etfw",
        "https://www.twitter.com/hashtag/BOGOT%C3%81?src=hash&ref_src=twsrc%5Etfw"
    ],
    "external_images": [],
    "entities": {
        "persons": [],
        "organizations": [],
        "locations": []
    },
    "rating": null,
    "crawled": "2024-03-22T07:02:24.491+02:00",
    "updated": "2024-03-22T07:02:24.491+02:00"
}