{
    "thread": {
        "uuid": "b158cbdc65807c9ff16c8fb738f1789429629e6c",
        "url": "https://www.dailyexcelsior.com/kashmir-plains-lashed-by-rains-snowfall-at-gulmarg",
        "site_full": "www.dailyexcelsior.com",
        "site": "dailyexcelsior.com",
        "site_section": "https://www.dailyexcelsior.com/feed",
        "site_categories": [
            "media",
            "education",
            "business"
        ],
        "section_title": "Daily Excelsior",
        "title": "Kashmir Plains Lashed By Rains, Snowfall At Gulmarg",
        "title_full": "Kashmir Plains Lashed By Rains, Snowfall At Gulmarg - Daily Excelsior",
        "published": "2024-03-22T10:08:00.000+02:00",
        "replies_count": 0,
        "participants_count": 1,
        "site_type": "news",
        "country": "IN",
        "main_image": "https://cdndailyexcelsior.b-cdn.net/wp-content/uploads/2024/03/Srinagar-Rain-02-1-scaled.jpg",
        "performance_score": 0,
        "domain_rank": 38984,
        "domain_rank_updated": "2024-03-19T12:08:01.000+02:00",
        "reach": null,
        "social": {
            "facebook": {
                "likes": 0,
                "comments": 0,
                "shares": 0
            },
            "gplus": {
                "shares": 0
            },
            "pinterest": {
                "shares": 0
            },
            "linkedin": {
                "shares": 0
            },
            "stumbledupon": {
                "shares": 0
            },
            "vk": {
                "shares": 0
            }
        }
    },
    "uuid": "b158cbdc65807c9ff16c8fb738f1789429629e6c",
    "url": "https://www.dailyexcelsior.com/kashmir-plains-lashed-by-rains-snowfall-at-gulmarg",
    "ord_in_thread": 0,
    "parent_url": null,
    "author": "Daily Excelsior",
    "published": "2024-03-22T10:08:00.000+02:00",
    "title": "Kashmir Plains Lashed By Rains, Snowfall At Gulmarg",
    "text": "SRINAGAR, Mar 22: Kashmir plains were lashed by rains while the ski resort of Gulmarg received a fresh snowfall during the past 24 hours, officials said.\nThe Meteorological Department said that Gulmarg in north Kashmir’s Baramulla district received 1.5cm of fresh snowfall much to the delight of the tourists staying there.\nSrinagar and other parts of Kashmir valley were lashed by light to moderate rains resulting in drop in the temperature.\nThe MeT office said Srinagar received 9.7mm of rainfall, Qazigund 3,4mm, Pahalgam 16.0mm, Kupwara 9.2mm, Kokernag 2.9mm and Gulmarg 18.4mm of rainfall during the past 24 hours till 0830hours Friday.\nThe sky is overcast and there is a forecast of rain or snow today in Kashmir valley and likely improvement in weather thereafter till March 26.\nFrom March 27, there is a possibility of intermittent light rain and snow for the next four days.\nMeanwhile, the night temperatures in most weather stations across Kashmir dropped but settled above the freezing point. The day temperature also dropped by several degrees and Srinagar recorded at 16.2C against the 22.8C the previous day .\nThe summer capital Srinagar recorded 7.2C against the 9.9C on the previous night. It was 2.2C above normal on Friday.\nQazigund had a low of 7.0C against the 6.0C recorded on the previous night while at picnic spot of Kokernag in south Kashmir it was recorded at 5.6C against the 8.2C recorded a day ago.\nThe night temperature at Gulmarg in north Kashmir’;s Baramulla district slipped to -0.5C against the 3.2C the previous night and it was still 1.1C above normal for the famous ski resort.\nPahalgam recorded 3.7C against 3.0C the prvious night and it was 3.3C above normal for the tourist resort in south Kashmir’s Anantnag district. Kupwara settled at 6.6C against the 7.3C recorded the previous night. It was 3.4C above normal for the frontier Kashmir’s of north Kashmir on Friday, the MeT office said.",
    "highlightText": "",
    "highlightTitle": "",
    "highlightThreadTitle": "",
    "language": "english",
    "sentiment": "negative",
    "categories": [
        "Weather"
    ],
    "external_links": [],
    "external_images": [],
    "entities": {
        "persons": [
            {
                "name": "gulmarg",
                "sentiment": "none"
            }
        ],
        "organizations": [
            {
                "name": "meteorological department",
                "sentiment": "none"
            }
        ],
        "locations": [
            {
                "name": "gulmarg srinagar",
                "sentiment": "none"
            },
            {
                "name": "gulmarg",
                "sentiment": "none"
            },
            {
                "name": "kashmir plains",
                "sentiment": "none"
            },
            {
                "name": "kashmir",
                "sentiment": "none"
            },
            {
                "name": "baramulla",
                "sentiment": "none"
            },
            {
                "name": "kupwara",
                "sentiment": "none"
            },
            {
                "name": "kokernag",
                "sentiment": "none"
            },
            {
                "name": "srinagar",
                "sentiment": "none"
            },
            {
                "name": "kashmir valley",
                "sentiment": "none"
            },
            {
                "name": "pahalgam",
                "sentiment": "none"
            }
        ]
    },
    "rating": null,
    "crawled": "2024-03-22T10:21:45.425+02:00",
    "updated": "2024-03-22T13:52:09.494+02:00"
}