{
    "thread": {
        "uuid": "0e386bda301037b6323ac9c01c900ea7cf3b1e8b",
        "url": "https://timesofindia.indiatimes.com/city/guwahati/cyclonic-circulation-over-jkhand-to-cause-widespread-rain-in-ne/articleshow/108691041.cms",
        "site_full": "timesofindia.indiatimes.com",
        "site": "indiatimes.com",
        "site_section": "http://timesofindia.indiatimes.com/rssfeeds/4118215.cms",
        "site_categories": [
            "under_construction",
            "non_standard_content"
        ],
        "section_title": "Guwahati News, Latest Guwahati News Headlines & Live Updates - Times of India",
        "title": "Rain: Cyclonic Circulation Over J’khand To Cause Widespread Rain In Ne | Guwahati News",
        "title_full": "Rain: Cyclonic Circulation Over J’khand To Cause Widespread Rain In Ne | Guwahati News - Times of India",
        "published": "2024-03-22T05:39:00.000+02:00",
        "replies_count": 0,
        "participants_count": 1,
        "site_type": "news",
        "country": "IN",
        "main_image": "https://static.toiimg.com/thumb/msid-108691040,width-1070,height-580,imgsize-25350,resizemode-75,overlay-toi_sw,pt-32,y_pad-40/photo.jpg",
        "performance_score": 0,
        "domain_rank": 284,
        "domain_rank_updated": "2024-03-19T12:07:56.000+02:00",
        "reach": null,
        "social": {
            "facebook": {
                "likes": 0,
                "comments": 0,
                "shares": 1
            },
            "gplus": {
                "shares": 0
            },
            "pinterest": {
                "shares": 0
            },
            "linkedin": {
                "shares": 0
            },
            "stumbledupon": {
                "shares": 0
            },
            "vk": {
                "shares": 0
            }
        }
    },
    "uuid": "0e386bda301037b6323ac9c01c900ea7cf3b1e8b",
    "url": "https://timesofindia.indiatimes.com/city/guwahati/cyclonic-circulation-over-jkhand-to-cause-widespread-rain-in-ne/articleshow/108691041.cms",
    "ord_in_thread": 0,
    "parent_url": null,
    "author": "Mukut Das",
    "published": "2024-03-22T05:39:00.000+02:00",
    "title": "Rain: Cyclonic Circulation Over J’khand To Cause Widespread Rain In Ne | Guwahati News",
    "text": "Guwahati: Rain may play spoilsport during Holi, which will be celebrated here on Monday, as the IMD has forecast widespread rain over the northeast region till Tuesday.The Met department in a press communiqué stated that a cyclonic circulation over north Jharkhand and a trough running from this circulation to Manipur in lower tropospheric levels were marked.Sanjay O’Neil Shaw, deputy DG of meteorology of Regional Meteorological Centre, Guwahati, said fairly widespread or widespread light to moderate rainfall with isolated thunderstorms and lightning is very likely over Arunachal Pradesh, Assam, Meghalaya, Nagaland, Manipur, Mizoram and Tripura till Tuesday.He also said isolated heavy rainfall or snowfall is also likely over Arunachal Pradesh on Friday, Saturday and Monday and isolated heavy rainfall over Assam and Meghalaya on Friday, Saturday and Monday.Light to moderate rainfall lashed several places in Assam, Meghalaya, Nagaland, Manipur, Mizoram and Tripura in the last 24 hours.According to the IMD data, Assam received 4.3 mm rain, which is 1.3mm more than normal, in the last 24 hours while its neighbor Meghalaya received 5.7mm (2.9 mm more than normal), Arunachal Pradesh received 6.5 mm (1.5 mm more than normal) and Manipur received 4.3 mm (1.4 mm more than normal). We also published the following articles recentlyRussia behind 'widespread and systematic' torture in Ukraine: UNUN investigators accuse Russia of war crimes, torture, and rape in Ukraine. Evidence of territorial advances in ongoing conflict. Concern over civilian harm disregard by Russian armed forces.10852685110 injured in Assam varsity clash over CAA10 students injured at Gauhati University during clash between anti-CAA protesters and ABVP members. Conflict ensued over entry permissions and anti-CAA sentiments. ABVP allegedly assaulted PG Students Union members, leading to injuries and hospitalizations.108597280Heavy rains: Met issues orange alert for todayRaipur, Bilaspur, Korba experienced rain and winds. Yellow alert for Wednesday. Surguja, Bastar, Raipur, Durg expected drizzles, thunderstorms. Jashpur, Kondagaon, Bijapur, Narayanpur, Rajnandgaon, Mahasamund, Sukma, Dantewada, Balrampur, Koriya at risk of severe weather.108630039",
    "highlightText": "",
    "highlightTitle": "",
    "highlightThreadTitle": "",
    "language": "english",
    "sentiment": "negative",
    "categories": [
        "Weather"
    ],
    "external_links": [],
    "external_images": [],
    "entities": {
        "persons": [],
        "organizations": [
            {
                "name": "imd",
                "sentiment": "negative"
            },
            {
                "name": "arunachal pradesh",
                "sentiment": "none"
            }
        ],
        "locations": [
            {
                "name": "guwahati",
                "sentiment": "none"
            },
            {
                "name": "assam",
                "sentiment": "none"
            },
            {
                "name": "mizoram",
                "sentiment": "none"
            },
            {
                "name": "meghalaya",
                "sentiment": "none"
            },
            {
                "name": "manipur",
                "sentiment": "none"
            },
            {
                "name": "nagaland",
                "sentiment": "none"
            },
            {
                "name": "tripura",
                "sentiment": "none"
            }
        ]
    },
    "rating": null,
    "crawled": "2024-03-22T05:54:50.343+02:00",
    "updated": "2024-03-22T05:54:50.343+02:00"
}