{
    "thread": {
        "uuid": "751f5d25c2a66285222531bd35ab873277b8f3e6",
        "url": "https://www.farodevigo.es/galicia/2024/03/22/medio-rural-prohibe-hoy-quemas-99809195.html",
        "site_full": "www.farodevigo.es",
        "site": "farodevigo.es",
        "site_section": "https://www.farodevigo.es/rss/section/7502",
        "site_categories": [
            "non_standard_content",
            "adult"
        ],
        "section_title": "",
        "title": "Medio Rural prohíbe desde hoy las quemas agrícolas por las altas temperaturas",
        "title_full": "Medio Rural prohíbe desde hoy las quemas agrícolas por las altas temperaturas",
        "published": "2024-03-22T06:01:00.000+02:00",
        "replies_count": 0,
        "participants_count": 1,
        "site_type": "news",
        "country": "ES",
        "main_image": "https://www.farodevigo.es/cds-statics/assets/img/logos/logo-regionales-faro-de-vigoOG_.png",
        "performance_score": 0,
        "domain_rank": 15762,
        "domain_rank_updated": "2024-03-19T12:07:56.000+02:00",
        "reach": null,
        "social": {
            "facebook": {
                "likes": 0,
                "comments": 0,
                "shares": 0
            },
            "gplus": {
                "shares": 0
            },
            "pinterest": {
                "shares": 0
            },
            "linkedin": {
                "shares": 0
            },
            "stumbledupon": {
                "shares": 0
            },
            "vk": {
                "shares": 0
            }
        }
    },
    "uuid": "751f5d25c2a66285222531bd35ab873277b8f3e6",
    "url": "https://www.farodevigo.es/galicia/2024/03/22/medio-rural-prohibe-hoy-quemas-99809195.html",
    "ord_in_thread": 0,
    "parent_url": null,
    "author": "REDACCIÓN",
    "published": "2024-03-22T06:01:00.000+02:00",
    "title": "Medio Rural prohíbe desde hoy las quemas agrícolas por las altas temperaturas",
    "text": "Medio Rural prohíbe desde hoy las quemas agrícolas por las altas temperaturas\nQuedan todos los permisos sin efecto, incluso los concedidos en los últimos días\nREDACCIÓN\nLa\nXunta prohíbe desde hoy y hasta nuevo aviso las quemas agrícolas y forestales realizadas por particulares. De esta forma, quedan excluidas de esa prohibición las quemas controladas que realiza el servicio de prevención y defensa contra los incendios forestales debidamente planificadas y disponiendo de los medios de extinción necesarios.\nAsí lo anunció ayer el Ejecutivo gallego, que ha detallado que “no dará” más permisos y los ya concedidos “quedarán en suspenso” a partir desde hoy.\nLa decisión se ha tomado tras valorar la evolución de la situación meteorológica y una vez analizados los diferentes indicadores técnicos que inciden en el riesgo de fuego. Las temperaturas podrán alcanzar los 28 grados este fin de semana.\nEn este sentido, también ha argumentado que la normativa por la que se regulan medidas relativas a la prevención de incendios forestales, a la protección de los asentamientos en medio rural y a la regulación de aprovechamientos y repoblación forestal, prohíbe las quemas en cuando las condiciones meteorológicas puedan dificultar su control.\nLa Consellería do Medio Rural pide colaboración de la ciudadanía para que extreme las precauciones y denuncie cualquier actividad delictiva incendiaria de la que tenga conocimiento. Además, recuerda que está a disposición de los ciudadanos el número de teléfono gratuito 085, al que deben llamar en caso de detectar algún incendio forestal.\nGalicia Criar a un hijo cuesta 630 euros al mes y va a más con la edad https://www.farodevigo.es/galicia/2024/03/19/duplex-torres-catedral-santiago-arbn-99700230.html Así era el dúplex que hubo entre las dos torres de la Catedral de Santiago y que arrasaría en Airbnb https://www.farodevigo.es/galicia/2024/03/19/santalices-presidente-parlamento-gallego-rueda-sorprendeume-ben-99662123.html “Rueda sorprendeume para ben, deuse a coñecer e asumiu a defensa de Galicia” https://www.farodevigo.es/galicia/2024/03/19/gallegas-viven-hombres-cinco-claves-99678146.html ¿Por qué las gallegas viven más que los hombres?: las cinco claves de su longevidad https://www.farodevigo.es/galicia/2024/03/21/xunta-reactiva-norma-agilizar-licencias-99748855.html La Xunta reactiva la norma para agilizar las licencias de obra en los concellos https://www.farodevigo.es/galicia/2024/03/19/vejez-seis-anos-99657597.html A la vejez, seis años más para ellas https://www.farodevigo.es/galicia/2024/03/19/cuantas-gallinas-puedo-tener-casa-99681297.html ¿Cuántas gallinas puedo tener en casa? https://www.farodevigo.es/galicia/2024/03/20/peor-tramo-carretera-espana-6-99751629.html El peor tramo de carretera de España está en la A-6 en Lugo\nGalicia",
    "highlightText": "",
    "highlightTitle": "",
    "highlightThreadTitle": "",
    "language": "spanish",
    "sentiment": "negative",
    "categories": [
        "Environment",
        "Weather"
    ],
    "external_links": [],
    "external_images": [],
    "entities": {
        "persons": [],
        "organizations": [],
        "locations": []
    },
    "rating": null,
    "crawled": "2024-03-22T09:46:48.934+02:00",
    "updated": "2024-03-22T09:46:48.934+02:00"
}