{
    "thread": {
        "uuid": "ad3f6690e32df6272906ee814ce061932babb105",
        "url": "https://globegazette.com/weather/ca-undefined-warnings-watches-and-advisories/article_76e78a53-70d6-5b81-aac0-a1f379c1f7ec.html",
        "site_full": "globegazette.com",
        "site": "globegazette.com",
        "site_section": "http://globegazette.com/search/?f=rss&t=article&c=weather&l=50&s=start_time&sd=desc",
        "site_categories": [
            "media"
        ],
        "section_title": "globegazette.com - RSS Results in weather of type article",
        "title": "CA undefined Warnings, Watches, and Advisories",
        "title_full": "CA undefined Warnings, Watches, and Advisories",
        "published": "2024-03-21T23:36:00.000+02:00",
        "replies_count": 0,
        "participants_count": 1,
        "site_type": "news",
        "country": "US",
        "main_image": "https://bloximages.chicago2.vip.townnews.com/globegazette.com/content/tncms/custom/image/4a008fc8-c542-11ea-80d0-f71aedfaa0ef.jpg?resize=600%2C315",
        "performance_score": 0,
        "domain_rank": 30901,
        "domain_rank_updated": "2024-03-19T12:07:56.000+02:00",
        "reach": null,
        "social": {
            "facebook": {
                "likes": 0,
                "comments": 0,
                "shares": 0
            },
            "gplus": {
                "shares": 0
            },
            "pinterest": {
                "shares": 0
            },
            "linkedin": {
                "shares": 0
            },
            "stumbledupon": {
                "shares": 0
            },
            "vk": {
                "shares": 0
            }
        }
    },
    "uuid": "ad3f6690e32df6272906ee814ce061932babb105",
    "url": "https://globegazette.com/weather/ca-undefined-warnings-watches-and-advisories/article_76e78a53-70d6-5b81-aac0-a1f379c1f7ec.html",
    "ord_in_thread": 0,
    "parent_url": null,
    "author": "Accuweather",
    "published": "2024-03-21T23:36:00.000+02:00",
    "title": "CA undefined Warnings, Watches, and Advisories",
    "text": "undefined Warnings, Watches and Advisories for Thursday, March 21, 2024\nTSUNAMI WARNING\nTEST...Tsunami Message Number 1...TEST\nNWS National Tsunami Warning Center Palmer AK\n930 AM PDT Thu Mar 21 2024\nAlaska, British Columbia, Washington, Oregon and California\ncoastal areas\n...THIS_MESSAGE_IS_FOR_TEST_PURPOSES_ONLY...\n...THIS IS A TEST TO DETERMINE TRANSMISSION TIMES INVOLVED IN THE\nDISSEMINATION OF TSUNAMI INFORMATION...\nRESPONSES ARE REQUIRED FROM\n---------------------------\nPeople are also reading…\n* All Coastal Weather Forecast Offices in Alaska, Washington,\nOregon and California\n* USAF 11th Rescue Coordination Center at Elmendorf AFB\n* California, Oregon, Washington and Alaska State Warning Points\n* Emergency Management British Columbia\n* The Pacific Storm Prediction Centre in British Columbia\n* Joint Typhoon Warning Center in Hawaii\n* U.S. Coast Guard 11th, 13th, 17th District Offices\n* U.S. Coast Guard Kodiak COMMSTA and CAMSPAC Point Reyes, CA\n* Canadian Coast Guard MCTS COMOX and/or Victoria\n* FAA Regional Operations Center in Seattle\n* All Pacific Coast Tsunamiready Community Warning Points.\nRESPONSES SHOULD INCLUDE\n------------------------\n* Time-of-receipt\n* Agency name\n* Email address\n* Phone number\nWeather Service Offices should respond in accordance with local\ndirectives. All others should reply by one of the available methods\nbelow.\nSEND RESPONSE BY\n-----------",
    "highlightText": "",
    "highlightTitle": "",
    "highlightThreadTitle": "",
    "language": "english",
    "sentiment": "negative",
    "categories": [
        "Weather"
    ],
    "external_links": [],
    "external_images": [],
    "entities": {
        "persons": [
            {
                "name": "tsuna",
                "sentiment": "negative"
            },
            {
                "name": "reyes",
                "sentiment": "none"
            }
        ],
        "organizations": [
            {
                "name": "u.s. coast guard kodiak commsta",
                "sentiment": "none"
            },
            {
                "name": "usaf 11th rescue coordination center",
                "sentiment": "none"
            },
            {
                "name": "columbia",
                "sentiment": "none"
            },
            {
                "name": "faa regional operations center",
                "sentiment": "none"
            },
            {
                "name": "u.s. coast guard",
                "sentiment": "none"
            },
            {
                "name": "elmendorf afb",
                "sentiment": "none"
            },
            {
                "name": "nws national tsunami warning center palmer ak",
                "sentiment": "none"
            },
            {
                "name": "columbia * joint typhoon warning center",
                "sentiment": "none"
            },
            {
                "name": "alaska state warning points",
                "sentiment": "none"
            },
            {
                "name": "coast guard",
                "sentiment": "none"
            }
        ],
        "locations": [
            {
                "name": "oregon",
                "sentiment": "none"
            },
            {
                "name": "seattle",
                "sentiment": "none"
            },
            {
                "name": "victoria",
                "sentiment": "none"
            },
            {
                "name": "hawaii",
                "sentiment": "none"
            },
            {
                "name": "alaska",
                "sentiment": "none"
            },
            {
                "name": "british columbia",
                "sentiment": "none"
            },
            {
                "name": "california",
                "sentiment": "none"
            },
            {
                "name": "washington",
                "sentiment": "none"
            }
        ]
    },
    "rating": null,
    "crawled": "2024-03-22T05:23:46.711+02:00",
    "updated": "2024-03-22T05:23:46.711+02:00"
}