{
    "thread": {
        "uuid": "6290f345a56db199807daab3a437429d696a7ac5",
        "url": "https://www.band.uol.com.br/bandnews-fm/rio-de-janeiro/noticias/alerta-de-chuva-castro-e-paes-orientam-que-populacao-evite-deslocamento-16676128",
        "site_full": "www.band.uol.com.br",
        "site": "uol.com.br",
        "site_section": "https://noticias.uol.com.br",
        "site_categories": [
            "music",
            "entertainment"
        ],
        "section_title": "UOL Notícias | Notícias do Dia no Brasil e no Mundo",
        "title": "Alerta de chuva: Castro e Paes orientam que população evite deslocamento | Rádio BandNews Rio de Janeiro FM",
        "title_full": "Alerta de chuva: Castro e Paes orientam que população evite deslocamento | Rádio BandNews Rio de Janeiro FM",
        "published": "2024-03-22T12:18:00.000+02:00",
        "replies_count": 0,
        "participants_count": 1,
        "site_type": "news",
        "country": "BR",
        "main_image": "https://img.band.uol.com.br/image/2024/03/22/chuva-x-rj-71636.png",
        "performance_score": 0,
        "domain_rank": 742,
        "domain_rank_updated": "2024-03-19T12:07:56.000+02:00",
        "reach": null,
        "social": {
            "facebook": {
                "likes": 0,
                "comments": 0,
                "shares": 7
            },
            "gplus": {
                "shares": 0
            },
            "pinterest": {
                "shares": 0
            },
            "linkedin": {
                "shares": 0
            },
            "stumbledupon": {
                "shares": 0
            },
            "vk": {
                "shares": 0
            }
        }
    },
    "uuid": "6290f345a56db199807daab3a437429d696a7ac5",
    "url": "https://www.band.uol.com.br/bandnews-fm/rio-de-janeiro/noticias/alerta-de-chuva-castro-e-paes-orientam-que-populacao-evite-deslocamento-16676128",
    "ord_in_thread": 0,
    "parent_url": null,
    "author": "Redação BandNews FM",
    "published": "2024-03-22T12:18:00.000+02:00",
    "title": "Alerta de chuva: Castro e Paes orientam que população evite deslocamento | Rádio BandNews Rio de Janeiro FM",
    "text": "A cidade do Rio praticamente não teve registro de chuva durante a madrugada desta sexta-feira (22). O alerta de temporal, que pode passar em 200mm em 24 horas alguns pontos, segue valendo. A média histórica de todo o mês de março é de 124mm. De acordo com a Prefeitura, núcleos de chuva já podem ser formar agora pela manhã.Segundo o Centro Nacional de Monitoramento e Alertas de Desastres Naturais, há o risco da intensidade do temporal ser semelhante à tragédia de 2011, na Região Serrana, que matou mais de 900 pessoas.Diante da previsão de alto impacto, o governador do Rio, Cláudio Castro, decretou ponto facultativo. O Tribunal de Justiça e a Assembleia Legislativa do Rio não irão funcionar hoje.O governador garantiu que o Comitê Permanente de Chuvas do Estado está pronto para atender todas as demandas municipais. Segundo Castro, as questões contratuais de compras já foram realizadas para que as equipes do governo possam auxiliar no socorro à população e também na limpeza e reconstrução das cidades caso seja necessário. Cidades da Baixada e da Região Serrana já começaram a se preparar e montaram gabinetes de crise.Na cidade do Rio, equipes foram reforçadas. A Câmara Municipal do Rio também não funcionará nesta sexta (22) devido a alerta de fortes chuvas na cidade.O Governo Federal decide suspender o expediente dos órgãos e entidades federais localizados no Rio de Janeiro. A medida vale excepcionalmente para esta sexta-feira (22) em decorrência das fortes chuvas previstas para o estado fluminense. Devido à previsão de forte chuva para os próximos dias, universidades cancelaram as atividades ou adotaram o modelo de aulas virtuais. Por segurança, a Universidade Federal Fluminense (UFF) decidiu suspender as aulas nos campi de Nova Friburgo e Petrópolis, na Região Serrana, e de Angra dos Reis, na Costa Verde Fluminense, até domingo (24). O campus de Niterói teve as aulas desta quinta-feira (21) canceladas. Já a Universidade Federal Rural do Rio de Janeiro anunciou que as aulas desta sexta-feira (22) vão acontecer de forma virtual gravada.",
    "highlightText": "",
    "highlightTitle": "",
    "highlightThreadTitle": "",
    "language": "portuguese",
    "sentiment": "negative",
    "categories": [
        "Disaster and Accident",
        "Weather"
    ],
    "external_links": [
        "https://privacy.band.com.br/",
        "https://privacy.band.com.br",
        "https://www.privacy.band.com.br/"
    ],
    "external_images": [],
    "entities": {
        "persons": [],
        "organizations": [],
        "locations": []
    },
    "rating": null,
    "crawled": "2024-03-22T12:27:27.529+02:00",
    "updated": "2024-03-22T12:28:07.514+02:00"
}