{
    "thread": {
        "uuid": "6b5f53c9d1208d09a3a9035330fb2a51c1ca2ae5",
        "url": "https://bnnbreaking.com/weather/heavy-rainfall-in-tamil-nadu-causes-widespread-waterlogging-imd-predicts-more-showers",
        "site_full": "bnnbreaking.com",
        "site": "bnnbreaking.com",
        "site_section": "https://bnnbreaking.com/feed/",
        "site_categories": [],
        "section_title": "BNN : Latest Posts",
        "title": "Heavy Rainfall in Tamil Nadu Causes Widespread Waterlogging; IMD Predicts More Showers",
        "title_full": "Heavy Rainfall in Tamil Nadu Causes Widespread Waterlogging; IMD Predicts More Showers",
        "published": "2024-03-21T19:43:00.000+02:00",
        "replies_count": 0,
        "participants_count": 1,
        "site_type": "news",
        "country": "IN",
        "main_image": "https://img-cdn.thepublive.com/fit-in/1200x675/bnn/media/media_files/b392b560bc0bb15c2733804ea891734b8281e120146d638adf8ced26c182020b.jpg",
        "performance_score": 0,
        "domain_rank": 12640,
        "domain_rank_updated": "2024-03-19T12:07:56.000+02:00",
        "reach": null,
        "social": {
            "facebook": {
                "likes": 0,
                "comments": 0,
                "shares": 0
            },
            "gplus": {
                "shares": 0
            },
            "pinterest": {
                "shares": 0
            },
            "linkedin": {
                "shares": 0
            },
            "stumbledupon": {
                "shares": 0
            },
            "vk": {
                "shares": 0
            }
        }
    },
    "uuid": "6b5f53c9d1208d09a3a9035330fb2a51c1ca2ae5",
    "url": "https://bnnbreaking.com/weather/heavy-rainfall-in-tamil-nadu-causes-widespread-waterlogging-imd-predicts-more-showers",
    "ord_in_thread": 0,
    "parent_url": null,
    "author": "BNN Correspondents",
    "published": "2024-03-21T19:43:00.000+02:00",
    "title": "Heavy Rainfall in Tamil Nadu Causes Widespread Waterlogging; IMD Predicts More Showers",
    "text": "Heavy rainfall swept through parts of Tamil Nadu, including the Thoothukudi district, on Friday, leading to significant waterlogging and disrupting daily commutes. While light showers graced other state regions the previous day, the sudden downpour was primarily attributed to a dip in the mid-upper level trough, ushering in isolated thunderstorms over Thoothukudi. The India Meteorological Department (IMD) has forecasted light to moderate rainfall accompanied by isolated thunderstorms and lightning across Tamil Nadu, Puducherry, and parts of Kerala for the day.\nAdvertisment Immediate Impact on Daily Life The unanticipated heavy showers have caused considerable inconvenience to residents and commuters in the affected areas. Several roads and low-lying areas in Thoothukudi were submerged under water, causing traffic disruptions and delaying daily activities. Local authorities are on high alert, deploying teams to manage the waterlogging and ensure safety. Public advisories have been issued, urging citizens to exercise caution and avoid unnecessary travel.\nWeather Forecast and Precautions Advertisment According to the IMD, this spell of rain is part of a larger weather pattern affecting the region. Apart from Tamil Nadu, Puducherry, and Kerala, hot and humid conditions are forecasted for Rayalaseema and Kerala over the next five days. Northern parts of Tamil Nadu and Puducherry are also expected to experience similar weather conditions in the next two days. Residents and travelers in these areas are advised to stay informed about the weather conditions and take necessary precautions.\nLooking Ahead The recent rainfall and the IMD's predictions indicate a crucial period for the region's weather patterns. While the rain brings temporary relief from the preceding hot weather, it also poses challenges in terms of waterlogging and the potential for subsequent disruptions. Authorities and citizens alike are bracing for the forecasted conditions, hoping to mitigate the adverse effects of the weather on their daily lives and livelihoods. As the situation develops, the focus remains on preparedness and timely response to ensure minimal impact on the community.",
    "highlightText": "",
    "highlightTitle": "",
    "highlightThreadTitle": "",
    "language": "english",
    "sentiment": "negative",
    "categories": [
        "Disaster and Accident",
        "Weather"
    ],
    "external_links": [],
    "external_images": [],
    "entities": {
        "persons": [],
        "organizations": [
            {
                "name": "india meteorological department",
                "sentiment": "none"
            }
        ],
        "locations": [
            {
                "name": "thoothukudi",
                "sentiment": "none"
            },
            {
                "name": "tamil nadu causes widespread waterlogging",
                "sentiment": "none"
            },
            {
                "name": "tamil nadu",
                "sentiment": "none"
            },
            {
                "name": "puducherry",
                "sentiment": "none"
            },
            {
                "name": "kerala",
                "sentiment": "none"
            }
        ]
    },
    "rating": null,
    "crawled": "2024-03-22T06:49:03.888+02:00",
    "updated": "2024-03-22T06:49:03.888+02:00"
}