{
    "thread": {
        "uuid": "478564c43adb2032f3940f1aa064631d61097976",
        "url": "https://toronto.citynews.ca/video/2024/03/21/late-march-winter-storm-on-the-way-for-toronto-heres-what-to-expect",
        "site_full": "toronto.citynews.ca",
        "site": "citynews.ca",
        "site_section": "https://toronto.citynews.ca",
        "site_categories": [
            "media",
            "non_standard_content",
            "adult"
        ],
        "section_title": "Breaking News | Top Local Stories | CityNews Toronto",
        "title": "Late-March winter storm on the way for Toronto. Here's what to expect",
        "title_full": "Late-March winter storm on the way for Toronto. Here's what to expect",
        "published": "2024-03-22T04:12:00.000+02:00",
        "replies_count": 0,
        "participants_count": 0,
        "site_type": "news",
        "country": "CA",
        "main_image": "https://cf-images.us-east-1.prod.boltdns.net/v1/static/593482582001/ccbc6ed4-1065-439c-8312-ca5b5e45c6a7/e9daf2d5-8e10-4421-b58e-2c84bbf419cc/1920x1080/match/image.jpg",
        "performance_score": 0,
        "domain_rank": 4842,
        "domain_rank_updated": "2024-03-19T12:07:56.000+02:00",
        "reach": null,
        "social": {
            "facebook": {
                "likes": 0,
                "comments": 0,
                "shares": 0
            },
            "gplus": {
                "shares": 0
            },
            "pinterest": {
                "shares": 0
            },
            "linkedin": {
                "shares": 0
            },
            "stumbledupon": {
                "shares": 0
            },
            "vk": {
                "shares": 0
            }
        }
    },
    "uuid": "478564c43adb2032f3940f1aa064631d61097976",
    "url": "https://toronto.citynews.ca/video/2024/03/21/late-march-winter-storm-on-the-way-for-toronto-heres-what-to-expect",
    "ord_in_thread": 0,
    "parent_url": null,
    "author": null,
    "published": "2024-03-22T04:12:00.000+02:00",
    "title": "Late-March winter storm on the way for Toronto. Here's what to expect",
    "text": "Just when Mother Nature had everyone fooled with balmy, double-digit temperatures earlier this month, another significant winter storm is coming. Special weather statements are in effect, with Toronto and the GTA expecting anywhere from 10 to 15 cm. 4h ago Just when Mother Nature had everyone fooled with balmy, double-digit temperatures earlier this month, another significant winter storm is coming. Special weather statements are in effect, with Toronto and the GTA expecting anywhere from 10 to 15 cm. 4h ago Up to 10 centimetres of snow could fall in parts of Toronto on Friday. Melissa Duggan speaks with a TTC spokesperson to find out how the transit agency is preparing for the potential storm, which could include the temporary closure of some bus stops. 11h ago Ana Safavi says she lost everything after she reported she had been sexually harassed by a supervising doctor. Now she is going before the Human Rights Commission hoping to get her residency back so she can finally practice medicine. Donald Trump could have assets like Trump Tower or Mar-a-Lago seized next week, if he’s unable to post his $454 million bond by Monday. Brandon Choghri with a look at the potential consequences for the Republican frontrunner.",
    "highlightText": "",
    "highlightTitle": "",
    "highlightThreadTitle": "",
    "language": "english",
    "sentiment": "negative",
    "categories": [
        "Weather"
    ],
    "external_links": [],
    "external_images": [],
    "entities": {
        "persons": [
            {
                "name": "mother nature",
                "sentiment": "neutral"
            },
            {
                "name": "melissa duggan",
                "sentiment": "none"
            },
            {
                "name": "donald trump",
                "sentiment": "none"
            },
            {
                "name": "ana safavi",
                "sentiment": "none"
            }
        ],
        "organizations": [
            {
                "name": "human rights commission",
                "sentiment": "none"
            },
            {
                "name": "mar-a-lago",
                "sentiment": "none"
            }
        ],
        "locations": [
            {
                "name": "toronto",
                "sentiment": "none"
            },
            {
                "name": "trump tower",
                "sentiment": "none"
            }
        ]
    },
    "rating": null,
    "crawled": "2024-03-22T05:35:50.989+02:00",
    "updated": "2024-03-22T05:35:50.989+02:00"
}