{
    "thread": {
        "uuid": "073368bdaccf9c2f3e23d43e62b6100199e57f62",
        "url": "http://www.gentedigital.es/portada/noticia/3799923/la-lluvia-amenaza-a-la-semana-santa",
        "site_full": "www.gentedigital.es",
        "site": "gentedigital.es",
        "site_section": "http://gentedigital.es//rss/portada/",
        "site_categories": [
            "media"
        ],
        "section_title": "gentedigital.es | RSS - Portada",
        "title": "La lluvia amenaza a la Semana Santa",
        "title_full": "La lluvia amenaza a la Semana Santa",
        "published": "2024-03-21T23:41:00.000+02:00",
        "replies_count": 0,
        "participants_count": 1,
        "site_type": "news",
        "country": "ES",
        "main_image": "",
        "performance_score": 0,
        "domain_rank": 78388,
        "domain_rank_updated": "2024-03-19T12:08:04.000+02:00",
        "reach": null,
        "social": {
            "facebook": {
                "likes": 0,
                "comments": 0,
                "shares": 0
            },
            "gplus": {
                "shares": 0
            },
            "pinterest": {
                "shares": 0
            },
            "linkedin": {
                "shares": 0
            },
            "stumbledupon": {
                "shares": 0
            },
            "vk": {
                "shares": 0
            }
        }
    },
    "uuid": "073368bdaccf9c2f3e23d43e62b6100199e57f62",
    "url": "http://www.gentedigital.es/portada/noticia/3799923/la-lluvia-amenaza-a-la-semana-santa",
    "ord_in_thread": 0,
    "parent_url": null,
    "author": "GENTE",
    "published": "2024-03-21T23:41:00.000+02:00",
    "title": "La lluvia amenaza a la Semana Santa",
    "text": "La Agencia Estatal de Meteorología (Aemet) explica que las fechas en las que caen este año los días festivos son muy inestables y que las probabilidades de que caigan precipitaciones son elevadas, sobre todo en determinadas zonas.\nArchivado en:\n[Semana Santa](/etiqueta/semana-santa/.), [tiempo](/etiqueta/tiempo/.), [turismo](/etiqueta/turismo/.), [meteorología](/etiqueta/meteorologia/.)\nLa última semana de marzo es habitualmente inestable\nGENTE\n22/3/2024 - 00:41\nHay pocas fechas en las que los españoles miren más el pronóstico meteorológico que antes de la Semana Santa, uno de los periodos más impredecibles de todo el año. Esa cuestión se agrava este año al caer las jornadas festivas en el mes de marzo y no en abril, sobre todo en lo que tiene que ver con el fenómeno más temido por los que tienen unos días libres: la lluvia. Así lo asegura al menos la Agencia Estatal de Meteorología, que apunta a que entre el 24 de marzo y el 1 de abril existe históricamente una gran \"gran variabilidad climática\", aunque eso no debe tomarse como una predicción para los próximos días.\nLa Aemet apunta a que en esta última semana de marzo las precipitaciones son \"frecuentes\". En la Península, las provincias de Almería y Murcia suelen registrar entre 1 y 2 días de precipitación. Le siguen el sur de Badajoz, Andalucía, interior de Murcia, Comunidad Valenciana, Albacete y zonas de Cataluña y Aragón con entre 2 y 3 días. Gran parte del interior peninsular, como la Comunidad de Madrid, y Cataluña tienen entre 3 y 4 días de lluvia, mientras que norte de Castilla y León, La Rioja, Navarra y sur de Cantabria se llevan entre 4 y 5. La zona con más precipitaciones es la de Galicia, Asturias, norte de Cantabria y País Vasco, con entre 5 y 6 días de precipitaciones. En Baleares hay valores entre 2 y 4 días y en Canarias entre 1 y 2.\nUn ejemplo de la variabilidad climática de estas fechas se refleja en la precipitación acumulada en el Observatorio de Retiro en estos días. En ocho de los últimos 43 años no ha habido lluvia y en cuatro más ha sido igual o inferior a 1 l/m2; mientras que en 16 se han superado los 10, siendo los de mayor precipitación 2004 con 49,6, 2003 con 39,3 y 2020 con 28,9.\nBAJAS PRESIONES\nLos que sí se han atrevido a lanzar una primera predicción para la Semana Santa han sido los responsables de la página web eltiempo.es. Uno de sus expertos, Samuel Biener, apunta que los \"días grandes\" estarán marcados por \"una situación de bajas presiones rondando la Península\" que producirá \"un ambiente variable e inestable\".\nAunque los \"centros van a estar bastante móviles por las ondulaciones del Chorro Polar\", Biener señala que el escenario más probable por el momento es que las precipitaciones se concentren sobre todo en la vertiente cantábrica. El portal ha avanzado que las temperaturas en Semana Santa serán más altas de lo habitual, sobre todo en la mitad este peninsular, sudeste, gran parte de Andalucía y ambos archipiélagos.\n----------\n|\n|\nEl invierno más cálido en Madrid:\nLa Comunidad de Madrid ha sufrido el invierno más cálido desde que en 1961 empezaron a registrarse las temperaturas. Así lo aseguró el delegado de la Aemet en Madrid, Miguel Ángel Pelacho, que indicó que la media en este periodo ha sido de 7,4 grados, una anomalía de 1,9 grados superior a la serie histórica.\n-----",
    "highlightText": "",
    "highlightTitle": "",
    "highlightThreadTitle": "",
    "language": "spanish",
    "sentiment": "negative",
    "categories": [
        "Weather"
    ],
    "external_links": [],
    "external_images": [],
    "entities": {
        "persons": [],
        "organizations": [],
        "locations": []
    },
    "rating": null,
    "crawled": "2024-03-22T01:57:12.372+02:00",
    "updated": "2024-03-22T01:57:12.372+02:00"
}