{
    "thread": {
        "uuid": "d06bf6f6e57ccbdc194106b92af6d9da2f6b4e45",
        "url": "https://listindiario.com/la-republica/20240321/gran-santo-domingo-alerta-amarilla-lluvias_801017.html",
        "site_full": "listindiario.com",
        "site": "listindiario.com",
        "site_section": "https://listindiario.com",
        "site_categories": [
            "non_standard_content",
            "adult",
            "top_news"
        ],
        "section_title": "Listín Diario, el periódico de los dominicanos. Noticias Santo Domingo.",
        "title": "Gran Santo Domingo en alerta amarilla por las lluvias",
        "title_full": "Gran Santo Domingo en alerta amarilla por las lluvias",
        "published": "2024-03-22T01:05:00.000+02:00",
        "replies_count": 0,
        "participants_count": 1,
        "site_type": "news",
        "country": "DO",
        "main_image": "https://listindiario.com/files/main_image/uploads/2024/02/27/65de92e726c47.jpeg",
        "performance_score": 0,
        "domain_rank": 23709,
        "domain_rank_updated": "2024-03-19T12:07:56.000+02:00",
        "reach": null,
        "social": {
            "facebook": {
                "likes": 0,
                "comments": 0,
                "shares": 0
            },
            "gplus": {
                "shares": 0
            },
            "pinterest": {
                "shares": 0
            },
            "linkedin": {
                "shares": 0
            },
            "stumbledupon": {
                "shares": 0
            },
            "vk": {
                "shares": 0
            }
        }
    },
    "uuid": "d06bf6f6e57ccbdc194106b92af6d9da2f6b4e45",
    "url": "https://listindiario.com/la-republica/20240321/gran-santo-domingo-alerta-amarilla-lluvias_801017.html",
    "ord_in_thread": 0,
    "parent_url": null,
    "author": "Listin Diario",
    "published": "2024-03-22T01:05:00.000+02:00",
    "title": "Gran Santo Domingo en alerta amarilla por las lluvias",
    "text": "Gran Santo Domingo en alerta amarilla por las lluvias Se recomienda a las personas abstenerse de cruzar ríos, arroyos y cañadas que presenten altos volúmenes de agua en las provincias bajo alerta. El Centro de Operaciones de Emergencia (COE) elevó dos provincias a alerta amarilla ante el aumento significativo de la nubosidad acompañada de aguaceros, siendo fuertes en ocasiones con tormentas eléctricas y ráfagas de viento. El COE mantiene además a tres provincias en alerta verde. Esta nubosidad es visible en las imágenes de satélite y de radar meteorológico, de acuerdo a la Oficina Nacional de Meteorología. Las provincias en alerta amarilla son Santo Domingo y el Distrito Nacional. Mientras que el verde está Monseñor Nouel, La Vega y Santiago. Se recomienda a las personas abstenerse de cruzar ríos, arroyos y cañadas que presenten altos volúmenes de agua en las provincias bajo alerta. Estas lluvias estarán presentes, de acuerdo a la Onamet entre las próximas 24 a 48 horas. El viernes, el sistema frontal se mantendrá incidiendo en las condiciones del tiempo sobre país, provocando aumentos nubosos, desde la madrugada con aguaceros moderados a fuertes en ocasiones, tormentas eléctricas y ráfagas de vientos sobre varias provincias de las regiones norte, noreste, sureste, así como, Cordillera Central y la zona fronteriza.",
    "highlightText": "",
    "highlightTitle": "",
    "highlightThreadTitle": "",
    "language": "spanish",
    "sentiment": "negative",
    "categories": [
        "Disaster and Accident",
        "Weather"
    ],
    "external_links": [],
    "external_images": [],
    "entities": {
        "persons": [],
        "organizations": [],
        "locations": []
    },
    "rating": null,
    "crawled": "2024-03-22T01:38:21.761+02:00",
    "updated": "2024-03-22T01:38:21.761+02:00"
}