{
    "thread": {
        "uuid": "7c9465f44f24bd16ef43fac68a2f9fad0c18e73f",
        "url": "https://elmanana.com.mx/nacional/2024/3/22/se-acerca-nuevo-frente-frio-mexico-habra-temperaturas-de-hasta-grados-en-estos-estados-120277.html",
        "site_full": "elmanana.com.mx",
        "site": "elmanana.com.mx",
        "site_section": "http://elmanana.com.mx/nacional",
        "site_categories": [
            "non_standard_content",
            "adult"
        ],
        "section_title": "Nacional - El Mañana de Nuevo Laredo",
        "title": "Se acerca nuevo Frente Frío a México; habrá temperaturas de hasta 0 grados en estos estados | El Mañana de Nuevo Laredo",
        "title_full": "Se acerca nuevo Frente Frío a México; habrá temperaturas de hasta 0 grados en estos estados | El Mañana de Nuevo Laredo",
        "published": "2024-03-22T09:00:00.000+02:00",
        "replies_count": 0,
        "participants_count": 1,
        "site_type": "news",
        "country": "MX",
        "main_image": "https://elmanana.com.mx/u/fotografias/m/2024/3/21/f1280x720-202185_333860_5050.jpg",
        "performance_score": 0,
        "domain_rank": 91147,
        "domain_rank_updated": "2024-03-19T12:08:04.000+02:00",
        "reach": null,
        "social": {
            "facebook": {
                "likes": 0,
                "comments": 0,
                "shares": 0
            },
            "gplus": {
                "shares": 0
            },
            "pinterest": {
                "shares": 0
            },
            "linkedin": {
                "shares": 0
            },
            "stumbledupon": {
                "shares": 0
            },
            "vk": {
                "shares": 0
            }
        }
    },
    "uuid": "7c9465f44f24bd16ef43fac68a2f9fad0c18e73f",
    "url": "https://elmanana.com.mx/nacional/2024/3/22/se-acerca-nuevo-frente-frio-mexico-habra-temperaturas-de-hasta-grados-en-estos-estados-120277.html",
    "ord_in_thread": 0,
    "parent_url": null,
    "author": "Jesús García",
    "published": "2024-03-22T09:00:00.000+02:00",
    "title": "Se acerca nuevo Frente Frío a México; habrá temperaturas de hasta 0 grados en estos estados | El Mañana de Nuevo Laredo",
    "text": "Sin duda marzo está con uno de los climas más cambiantes que hemos visto en años, teniendo olas de calor y ahora nuevamente la entrada de un Frente Frío, el cual causará temperaturas de hasta 0 grados en algunos estados de México. De acuerdo con el Servicio Meteorológico Nacional (SMN), este fin de semana la temperatura va a bajar en algunas zonas del país, pues luego del paso del Frente Frío 40, uno nuevo se aproxima. Será este sábado 23 de marzo que el Frente Frío 41 entre al país, estableciéndose sobre el Golfo de México, donde la masa de aire helado que lo acompaña, hará que se refresque el noreste y oriente del país. Te podría interesar En el transcurso del domingo, el Frente Frío 42 se asociará con una vaguada polar y la corriente en chorro polar, condiciones que podrían dar origen a la Octava Tormenta Invernal de la temporada, produciendo marcado descenso de temperaturas, chubascos y lluvias fuertes. Los estados afectado serán en las sierras de Coahuila, Nuevo León, Aguascalientes, Jalisco, Michoacán, Guanajuato, Querétaro, Hidalgo, Tlaxcala, Puebla, Veracruz y Oaxaca, donde se llegará entre 0 y 5 grados como máximo, pero en sierras de Baja California, Sonora, Chihuahua, Durango, Zacatecas y Estado de México habrá de 0 a -5. Lamentablemente en las demás entidades se mantendrá el calor intenso, incluso llegando a los 45 grados.",
    "highlightText": "",
    "highlightTitle": "",
    "highlightThreadTitle": "",
    "language": "spanish",
    "sentiment": "negative",
    "categories": [
        "Weather"
    ],
    "external_links": [],
    "external_images": [],
    "entities": {
        "persons": [],
        "organizations": [],
        "locations": []
    },
    "rating": null,
    "crawled": "2024-03-22T09:57:49.325+02:00",
    "updated": "2024-03-22T09:57:49.325+02:00"
}