{
    "thread": {
        "uuid": "92154974578001cda80f475b05ceb629c88725e3",
        "url": "https://www.ilmessaggero.it/mondo/brasile_caldo_tempeste_emergenza_paese_cosa_sta_succedendo-8009223.html",
        "site_full": "www.ilmessaggero.it",
        "site": "ilmessaggero.it",
        "site_section": "https://www.ilmessaggero.it/",
        "site_categories": [
            "travel",
            "italy"
        ],
        "section_title": "Il Messaggero",
        "title": "Brasile, allarme tempeste nel centro-sud del Paese: nuova emergenza dopo il grande caldo",
        "title_full": "Brasile, allarme tempeste nel centro-sud del Paese: nuova emergenza dopo il grande caldo",
        "published": "2024-03-21T19:03:00.000+02:00",
        "replies_count": 0,
        "participants_count": 0,
        "site_type": "news",
        "country": "IT",
        "main_image": "https://statics.cedscdn.it/photos/MED_HIGH/92/23/8009223_21180318_brasile.jpg",
        "performance_score": 0,
        "domain_rank": 6317,
        "domain_rank_updated": "2024-03-19T12:07:56.000+02:00",
        "reach": null,
        "social": {
            "facebook": {
                "likes": 0,
                "comments": 0,
                "shares": 1
            },
            "gplus": {
                "shares": 0
            },
            "pinterest": {
                "shares": 0
            },
            "linkedin": {
                "shares": 0
            },
            "stumbledupon": {
                "shares": 0
            },
            "vk": {
                "shares": 0
            }
        }
    },
    "uuid": "92154974578001cda80f475b05ceb629c88725e3",
    "url": "https://www.ilmessaggero.it/mondo/brasile_caldo_tempeste_emergenza_paese_cosa_sta_succedendo-8009223.html",
    "ord_in_thread": 0,
    "parent_url": null,
    "author": null,
    "published": "2024-03-21T19:03:00.000+02:00",
    "title": "Brasile, allarme tempeste nel centro-sud del Paese: nuova emergenza dopo il grande caldo",
    "text": "Brasile, allarme tempeste nel centro-sud del Paese: nuova emergenza dopo il grande caldo I venti hanno raggiunto i 150 km/h 2 Minuti di Lettura Giovedì 21 Marzo 2024, 15:31 - Ultimo aggiornamento: 18:03 Da un'emergenza all'altra. Come annunciato dai meteorologi nel corso degli ultimi giorni, dopo la fine dell'ondata di calore che ha interessato le regioni centro meridionali del Brasile saranno le tempeste a creare nuovi disagi nel Paese. Forti piogge hanno già colpito diverse città nello stato di Rio Grande do Sul, vicino al confine con Argentina, dalle prime ore della giornata di oggi con venti che hanno raggiunto i 150 km/h. Secondo la protezione civile i municipi di Santana do Livramento, São Gabriel e Santa Maria hanno registrato gravi allagamenti, mentre nella capitale Porto Alegre diversi quartieri sono rimasti senza elettricità, lasciando al buio oltre un milione di persone. Molte strade e autostrade sono state chiuse a seguito della caduta di alberi sulla carreggiata.\nAPPROFONDIMENTI MONDO Foto",
    "highlightText": "",
    "highlightTitle": "",
    "highlightThreadTitle": "",
    "language": "italian",
    "sentiment": "negative",
    "categories": [
        "Weather",
        "Disaster and Accident"
    ],
    "external_links": [],
    "external_images": [],
    "entities": {
        "persons": [],
        "organizations": [],
        "locations": []
    },
    "rating": null,
    "crawled": "2024-03-22T01:15:56.932+02:00",
    "updated": "2024-03-22T01:15:56.932+02:00"
}