{
    "thread": {
        "uuid": "539d88765e70cd8380ddeabf499e905d9f915d59",
        "url": "https://www.wbrz.com/news/one-person-injured-after-early-morning-house-fire-investigators-working-to-determine-cause",
        "site_full": "www.wbrz.com",
        "site": "wbrz.com",
        "site_section": "http://www.wbrz.com",
        "site_categories": [
            "media",
            "business",
            "entertainment"
        ],
        "section_title": "WBRZ-TV Channel 2 Baton Rouge, LA",
        "title": "One person injured after early-morning house fire - Investigators working to determine cause",
        "title_full": "One person injured after early-morning house fire - Investigators working to determine cause",
        "published": "2024-03-22T02:00:00.000+02:00",
        "replies_count": 0,
        "participants_count": 1,
        "site_type": "news",
        "country": "US",
        "main_image": "https://dcer237tfveol.cloudfront.net/v2/6jscanU3622ZHLhcqHP8NQ2az5I8ygaaCFjvUunHIiMmo5taj6H7ITIG6fnXJKb2Y1LbKEOpjaYb6sX4GewSP7jVIuCw25hllAfrqTPNnUJA",
        "performance_score": 0,
        "domain_rank": 22420,
        "domain_rank_updated": "2024-03-19T12:07:56.000+02:00",
        "reach": null,
        "social": {
            "facebook": {
                "likes": 0,
                "comments": 0,
                "shares": 0
            },
            "gplus": {
                "shares": 0
            },
            "pinterest": {
                "shares": 0
            },
            "linkedin": {
                "shares": 0
            },
            "stumbledupon": {
                "shares": 0
            },
            "vk": {
                "shares": 0
            }
        }
    },
    "uuid": "539d88765e70cd8380ddeabf499e905d9f915d59",
    "url": "https://www.wbrz.com/news/one-person-injured-after-early-morning-house-fire-investigators-working-to-determine-cause",
    "ord_in_thread": 0,
    "parent_url": null,
    "author": "@WBRZ",
    "published": "2024-03-22T02:00:00.000+02:00",
    "title": "One person injured after early-morning house fire - Investigators working to determine cause",
    "text": "74° Latest Weather Blog One person injured after early-morning house fire - Investigators working to determine cause BATON ROUGE - One person was taken to the hospital after a house caught fire early Friday morning. The Baton Rouge Fire Department said the fire happened at a home on 39th Street. One person was rescued from inside the home and was awake and talking when they were taken to the hospital for injuries. Trending News There was no immediate information on what caused the fire. More News Desktop NewsClick to open Continuous News in a sidebar that updates in real-time. News Video - One person injured after early-morning house fire - Investigators working to determine... - Man arrested after body found in trunk of burned-out car in St.... - Mother charged in death of 3-year-old arrested for theft charges while on... - One injured in shooting on North 38th Street and Adams Avenue - 'A very depressing building:' EBR Juvenile Detention Center, Parish Prison could finally... Sports Video - LSU men's hoops readies for NIT starter - Selection Sunday: LSU women's basketball team to face Rice in the first... - Livvy Dunne finds balance online and in the gym - LSU Softball takes down Texas with early momentum - LSU women's basketball loses to undefeated South Carolina 79-72 in SEC Championship...",
    "highlightText": "",
    "highlightTitle": "",
    "highlightThreadTitle": "",
    "language": "english",
    "sentiment": "negative",
    "categories": [
        "Weather",
        "Disaster and Accident"
    ],
    "external_links": [],
    "external_images": [],
    "entities": {
        "persons": [],
        "organizations": [
            {
                "name": "continuous news",
                "sentiment": "none"
            },
            {
                "name": "baton rouge fire department",
                "sentiment": "none"
            },
            {
                "name": "ebr juvenile detention center",
                "sentiment": "none"
            },
            {
                "name": "lsu",
                "sentiment": "none"
            }
        ],
        "locations": [
            {
                "name": "st.",
                "sentiment": "none"
            }
        ]
    },
    "rating": null,
    "crawled": "2024-03-22T13:21:26.339+02:00",
    "updated": "2024-03-22T20:26:51.401+02:00"
}