{
    "thread": {
        "uuid": "7bbeafb5bf177f0c596cc465e64b9109826b0c9f",
        "url": "https://www.yahoo.com/news/hampshire-hourly-weather-track-major-113510116.html",
        "site_full": "www.yahoo.com",
        "site": "yahoo.com",
        "site_section": "https://ca.sports.yahoo.com/rss",
        "site_categories": [
            "search_engine",
            "media",
            "tech"
        ],
        "section_title": "Yahoo Canada Sports - Sports News, Scores, Rumours, Fantasy Games, and more",
        "title": "New Hampshire hourly weather: Track major winter storm Saturday",
        "title_full": "New Hampshire hourly weather: Track major winter storm Saturday",
        "published": "2024-03-22T02:00:00.000+02:00",
        "replies_count": 0,
        "participants_count": 1,
        "site_type": "news",
        "country": "US",
        "main_image": "https://s.yimg.com/ny/api/res/1.2/cR1_9SHRDgezC6GGCJ_Bwg--/YXBwaWQ9aGlnaGxhbmRlcjt3PTEyMDA7aD02NzU-/https://media.zenfs.com/en/video.wmur.hearstnews.com/d19c8e7c98814566e483de82efb55471",
        "performance_score": 0,
        "domain_rank": 36,
        "domain_rank_updated": "2024-03-19T12:07:56.000+02:00",
        "reach": null,
        "social": {
            "facebook": {
                "likes": 0,
                "comments": 0,
                "shares": 0
            },
            "gplus": {
                "shares": 0
            },
            "pinterest": {
                "shares": 0
            },
            "linkedin": {
                "shares": 0
            },
            "stumbledupon": {
                "shares": 0
            },
            "vk": {
                "shares": 0
            }
        }
    },
    "uuid": "7bbeafb5bf177f0c596cc465e64b9109826b0c9f",
    "url": "https://www.yahoo.com/news/hampshire-hourly-weather-track-major-113510116.html",
    "ord_in_thread": 0,
    "parent_url": null,
    "author": "WMUR - Manchester",
    "published": "2024-03-22T02:00:00.000+02:00",
    "title": "New Hampshire hourly weather: Track major winter storm Saturday",
    "text": "See the hour-by-hour timeline for Saturday's all-day storm. See the hour-by-hour timeline for Saturday's all-day storm. Drivers beware: This first official weekend of spring could start with some heavy snow across parts of Ontario It's officially spring, but Friday's snow across southern Ontario could bring one of the largest one day snowfall totals of the year A chilly weekend will spread across much of Canada as an active pattern churns through the end of March A widespread swath of snow is expected across southern Ontario on Friday. Some areas could get 10-15 cm, however, the exact track is uncertain. Farther north, less snow for some, farther south more snowfall for some. The Weather Network meteorologist Nadine Powell has the details. It won't feel like spring at all in eastern Quebec and on parts of the East Coast as a messy system will be bringing a hefty dose of snowfall for many areas, and heavy rain for others, alongside intense wind gusts More snow is on the way for southern Ontario on Wednesday, a not-so pleasant way to welcome spring into the region for its first full day. Warnings span southern Alberta with the threat for as much as 30 cm of snow across the region by Friday A swath of snow will cover southern Ontario into Friday night, potentially hampering the evening commute for folks across the region The calendar may have marked the first day of spring as March 19, but the weather in southern Alberta says otherwise.Snow hit the region late Tuesday.A snowfall warning has been issued to Calgary and surrounding areas that is expected to last through the week — southern Alberta can expect 10 to 30 centimetres of snow by Friday morning.Alysa Pederson, Environment and Climate Change Canada's warning preparedness meteorologist, says it's \"quite the change\" from Sunday's balmy temperatures.As of Wed Portions of all 50 states are predicted to see above-average temperatures throughout the months of April, May and June. The first day of spring has brought heavy snow, wind gusts, and rain across Canada. Cold winds blowing against the mountains can create a unique and annoying phenomenon for communities in the foothills Our test of the Nokian Outpost AT snow-rated SUV tire stretched to more than two winters thanks to balmy Michigan weather. Here's our verdict. Chocolate prices rise in the run up to Easter after high temperatures curb cocoa crops in West Africa. Snow, rain and blustery winds, all on the first full day of Spring. Weather warnings issued, as the low pressure systems swings from Quebec into Atlantic Canada. Meteorologist Nadine Powell has the details. Meteorologist Jacqueline Thomas says there will be gusty winds Thursday, and a storm this weekend will bring snow and rain. Dark Brandon strikes again. 'Jennifer's Body' star Megan Fox opened up about her engagement to Machine Gun Kelly and listed all her cosmetic procedures on the 'Call Her Daddy' podcast. The 48-year-old mother-of-three spoke to Vogue about her life after ending her marriage of 18 years. Marco BelloDonald Trump, unable to front a half billion dollars to pay off his recent bank fraud judgment, now effectively has liens placed on his massive, forested estate north of New York City, according to public records and several court clerks who spoke to The Daily Beast on Thursday.Documents show that New York Attorney General Letitia James has started preparing to seize his family’s hallowed grounds at Seven Springs, the billionaire tycoon’s Bruce-Wayne-like mansion surrounded by 212 acr",
    "highlightText": "",
    "highlightTitle": "",
    "highlightThreadTitle": "",
    "language": "english",
    "sentiment": "negative",
    "categories": [
        "Weather"
    ],
    "external_links": [],
    "external_images": [],
    "entities": {
        "persons": [
            {
                "name": "nadine powell",
                "sentiment": "none"
            }
        ],
        "organizations": [],
        "locations": [
            {
                "name": "new hampshire",
                "sentiment": "none"
            },
            {
                "name": "canada",
                "sentiment": "none"
            },
            {
                "name": "east coast",
                "sentiment": "none"
            },
            {
                "name": "quebec",
                "sentiment": "none"
            },
            {
                "name": "ontario",
                "sentiment": "none"
            }
        ]
    },
    "rating": null,
    "crawled": "2024-03-22T13:51:17.913+02:00",
    "updated": "2024-03-22T13:51:17.913+02:00"
}