{
    "thread": {
        "uuid": "891e42f3e27c7dd67d6c35b2876e337f04457dfe",
        "url": "https://www.folhavitoria.com.br/geral/noticia/03/2024/es-recebe-alerta-de-tempestades-alagamentos-e-deslizamentos-a-partir-desta-sexta",
        "site_full": "www.folhavitoria.com.br",
        "site": "folhavitoria.com.br",
        "site_section": "https://novo.folhavitoria.com.br",
        "site_categories": [
            "media"
        ],
        "section_title": "Folha Vitória - O Jornal Online do Espírito Santo",
        "title": "ES recebe alerta de tempestades, alagamentos e deslizamentos a partir desta sexta PREVISÃO DO TEMPO",
        "title_full": "ES recebe alerta de tempestades, alagamentos e deslizamentos a partir desta sexta PREVISÃO DO TEMPO",
        "published": "2024-03-22T03:00:00.000+02:00",
        "replies_count": 0,
        "participants_count": 1,
        "site_type": "news",
        "country": "BR",
        "main_image": "https://assets.folhavitoria.com.br/images/f6103f90-c9ce-11ee-b2c5-a99aff9d3d6c--minified.jpg",
        "performance_score": 0,
        "domain_rank": 54074,
        "domain_rank_updated": "2024-03-19T12:08:01.000+02:00",
        "reach": null,
        "social": {
            "facebook": {
                "likes": 0,
                "comments": 0,
                "shares": 0
            },
            "gplus": {
                "shares": 0
            },
            "pinterest": {
                "shares": 0
            },
            "linkedin": {
                "shares": 0
            },
            "stumbledupon": {
                "shares": 0
            },
            "vk": {
                "shares": 0
            }
        }
    },
    "uuid": "891e42f3e27c7dd67d6c35b2876e337f04457dfe",
    "url": "https://www.folhavitoria.com.br/geral/noticia/03/2024/es-recebe-alerta-de-tempestades-alagamentos-e-deslizamentos-a-partir-desta-sexta",
    "ord_in_thread": 0,
    "parent_url": null,
    "author": "Folha Vitória",
    "published": "2024-03-22T03:00:00.000+02:00",
    "title": "ES recebe alerta de tempestades, alagamentos e deslizamentos a partir desta sexta PREVISÃO DO TEMPO",
    "text": "ES recebe alerta de tempestades, alagamentos e deslizamentos a partir desta sexta Segundo o Instituto Nacional de Meteorologia (Inmet), o volume pode chegar a 200 milímetros de chuva até domingo (24) A frente fria que chega à Região Sudeste do Brasil nesta sexta-feira (22) deve causar chuvas torrenciais em algumas regiões do Espírito Santo, além de todo o Rio de Janeiro e litoral Norte paulista. Há previsão de chuvas de até 100 milímetros em 24 horas, alagamentos e deslizamentos de terra. No entanto, segundo alerta do Instituto Nacional de Meteorologia (Inmet), em algumas regiões, o volume pode chegar a 200 milímetros de chuva até domingo (24). Nas regiões Sul e Serrana do Espírito Santo, além disso, há a possibilidade de ventos que cheguem até 100 quilômetros por hora. >> Quer receber nossas notícias 100% gratuitas? Participe da nossa [comunidade no WhatsApp](https://chat.whatsapp.com/CUtNx3TkdVqG4crbyEEpGg) ou entre no nosso [canal do Telegram!](https://t.me/folhavitoriaoficial) O anúncio foi feito nesta quinta-feira (21), em uma coletiva de imprensa realizada pelo Inmet. O Rio de Janeiro deve ser o estado mais afetado. Segundo a coordenadora do Inmet, Márcia Seabra, o alerta é válido até o próximo sábado (23), mas pode se estender até o domingo (24). \"A partir de amanhã e no decorrer dos próximos dias esta frente fria vai avançar pela Região Sudeste e até a passagem desta frente, ainda vamos ter fluxo de umidade, vento levando umidade do oceano em direção ao Rio de Janeiro, mais precisamente a partir de amanhã\", disse. De acordo com Márcia Seabra, os acumulados de chuva são muito grandes e os estados devem entrar em alerta. \"A gente tem estes acumulados muito grandes de chuva, que pegam desde o litoral norte de São Paulo, pegam todo o estado do Rio de Janeiro, Zona da Mata de Minas Gerais e o sul do Espírito Santo\", afirma. O Centro Nacional de Monitoramento e Alertas de Desastres Naturais (Cemaden) informou que os maiores volumes de chuvas devem ser registrados entre a noite de sexta-feira e a madrugada de sábado. Em algumas áreas com chuva forte, há risco de descargas elétricas, granizo e rajadas de vento. A partir de amanhã, há previsão de acumulado muito alto de chuvas que pegam desde o litoral norte de São Paulo, todo o estado do Rio de Janeiro, a Zona da Mata de Minas Gerais e o sul do Espírito Santo. Prefeito do Rio pede que moradores evitem sair de casa No Rio de Janeiro, por conta da previsão de chuva forte e volumosa, o prefeito da cidade, Eduardo Paes, pediu aos moradores da cidade para que evitem sair de casa nesta sexta-feira. “Se a gente pegar os acumulados de chuva de hoje (quinta) até domingo, podemos ter até mais de 200mm nessas áreas”, diz a coordenadora do Inmet. Segundo ela, também há previsão de ressacas em algumas áreas e ondas de até 2,5 metros no litoral do Rio de Janeiro. \"Deslizamentos de terras generalizados\" No Rio, as regiões mais atingidas serão a Costa Verde, a região metropolitana e, especialmente, a região serrana, onde poderá haver deslizamentos de terras mais generalizados. “Levando em conta o volume previsto, não podemos descartar episódios mais graves, como corrida de massa ou corrida de detritos”, disse o diretor de Operações do Cemaden, Marcelo Seluchi. Essa situação pode abranger também a parte sul de Minas Gerais, que faz divisa com o estado do Rio. Em São Paulo, há possibilidade de inundações mais rápidas, com alagamentos urbanos ou transbordamento de córregos. Os deslizamentos de terra em São Paulo também serão mais pontuais e esparsos, mas pode haver interrupção de algumas estradas como a Rodovia dos Tamoios, que tem um protocolo de fechamento quando a chuva ultrapassa 100mm. Leia Também: [Alerta de chuvas intensas para 39 cidades do ES; veja a lista](https://www.folhavitoria.com.br/geral/noticia/03/2024/alerta-de-chuvas-intensas-para-39-cidades-do-es-veja-a-lista) *Com informações da Agência Brasil",
    "highlightText": "",
    "highlightTitle": "",
    "highlightThreadTitle": "",
    "language": "portuguese",
    "sentiment": "negative",
    "categories": [
        "Disaster and Accident",
        "Weather",
        "Environment"
    ],
    "external_links": [
        "https://chat.whatsapp.com/CUtNx3TkdVqG4crbyEEpGg)",
        "https://t.me/folhavitoriaoficial)",
        "https://www.t.me/folhavitoriaoficial)",
        "https://www.chat.whatsapp.com/CUtNx3TkdVqG4crbyEEpGg)"
    ],
    "external_images": [],
    "entities": {
        "persons": [],
        "organizations": [],
        "locations": []
    },
    "rating": null,
    "crawled": "2024-03-22T04:11:38.612+02:00",
    "updated": "2024-03-22T04:11:38.612+02:00"
}