{
    "thread": {
        "uuid": "dafd8b2db60515e0f6f6a99ec7d02fb3a9f9c62a",
        "url": "https://www.brasildefato.com.br/2024/03/21/inmet-alerta-para-risco-de-tempestades-em-estados-do-sul-centro-oeste-e-sudeste",
        "site_full": "www.brasildefato.com.br",
        "site": "brasildefato.com.br",
        "site_section": "https://brasildefato.com.br",
        "site_categories": [
            "politics",
            "law_government_and_politics"
        ],
        "section_title": "Brasil de Fato | Uma visão popular do Brasil e do mundo",
        "title": "Inmet alerta para risco de tempestades em estados do Sul, | Geral",
        "title_full": "Inmet alerta para risco de tempestades em estados do Sul, | Geral",
        "published": "2024-03-21T21:49:00.000+02:00",
        "replies_count": 0,
        "participants_count": 1,
        "site_type": "news",
        "country": "BR",
        "main_image": "https://images02.brasildefato.com.br/14c0c24c50753e8f346480e73bdc444e.webp",
        "performance_score": 0,
        "domain_rank": 20533,
        "domain_rank_updated": "2024-03-19T12:07:56.000+02:00",
        "reach": null,
        "social": {
            "facebook": {
                "likes": 0,
                "comments": 0,
                "shares": 0
            },
            "gplus": {
                "shares": 0
            },
            "pinterest": {
                "shares": 0
            },
            "linkedin": {
                "shares": 0
            },
            "stumbledupon": {
                "shares": 0
            },
            "vk": {
                "shares": 0
            }
        }
    },
    "uuid": "dafd8b2db60515e0f6f6a99ec7d02fb3a9f9c62a",
    "url": "https://www.brasildefato.com.br/2024/03/21/inmet-alerta-para-risco-de-tempestades-em-estados-do-sul-centro-oeste-e-sudeste",
    "ord_in_thread": 0,
    "parent_url": null,
    "author": "@Brasil_de_Fato",
    "published": "2024-03-21T21:49:00.000+02:00",
    "title": "Inmet alerta para risco de tempestades em estados do Sul, | Geral",
    "text": "Depois de passar pelo Rio Grande do Sul e causar uma [tempestade que deixou estragos em diversas cidades](https://www.brasildefato.com.br/2024/03/21/apos-onda-de-calor-temporal-causa-estragos-no-rio-grande-do-sul), a frente fria que chegou ao Brasil nos últimos dias segue pela região Sul e se aproxima das regiões Centro-Oeste e Sudeste. O Instituto Nacional de Meteorologia (Inmet) alerta para o risco de tempestades em diferentes partes dessas regiões já a partir da noite desta quinta-feira (21). Segundo o Inmet, há risco de tempestades em boa parte do Paraná e em praticamente todo o território dos estados de São Paulo e Mato Grosso do Sul já nesta quinta. Para os estados do Rio de Janeiro, Minas Gerais, Goiás, e Mato Grosso a previsão é de \"chuvas intensas\". Para sexta-feira (22), a previsão é de mais chuva forte nos mesmos estados. Em todo o [Rio de Janeiro](https://www.brasildefato.com.br/2024/03/19/estado-do-rio-pode-ter-chuva-extrema-a-partir-de-sexta-feira-22-diz-climatempo), na região do Vale do Paraíba (em São Paulo) e na Zona da Mata mineira o Inmet emitiu um alerta de \"grande perigo\" de chuvas que podem superar os 100 mm, com rajadas de vento superiores a 100 km/h. O alerta é reforçado para o sábado (23), quando algumas localidades do Vale do Paraíba e do litoral norte de São Paulo; das regiões sul e Zona da Mata mineira; do sul do Espírito Santo e de todo o estado do Rio podem ter chuvas ainda mais fortes, podendo superar os 150 mm. Com isso, não está descartada a hipótese de enxurradas, deslizamentos e alagamentos. O Inmet recomenda que, em caso de rajadas de vento, as pessoas não se abriguem debaixo de árvores, já que há risco de queda e de descargas elétricas. Os veículos devem ser estacionados longe de torres de transmissão. Quem puder, deve desligar os aparelhos elétricos ou até mesmo o quadro geral de energia. Em todos os casos, as pessoas devem estar atentas às orientações da Defesa Civil (que atende pelo número 199, e deve ser acionada em caso de deslizamentos ou enchentes). O Corpo de Bombeiros também está à disposição, pelo telefone 193. Edição: Matheus Alves de Almeida [](https://apoie.brasildefato.com.br/?utm_source=site&utm_medium=bannersite&utm_campaign=apoiase)",
    "highlightText": "",
    "highlightTitle": "",
    "highlightThreadTitle": "",
    "language": "portuguese",
    "sentiment": "negative",
    "categories": [
        "Weather"
    ],
    "external_links": [],
    "external_images": [],
    "entities": {
        "persons": [],
        "organizations": [],
        "locations": []
    },
    "rating": null,
    "crawled": "2024-03-22T00:21:01.149+02:00",
    "updated": "2024-03-22T00:21:01.149+02:00"
}