{
    "thread": {
        "uuid": "e8d5d3e45a1f0144c54ae3f203212561066e48bb",
        "url": "https://www.ansa.it/abruzzo/notizie/2024/03/22/montagna-senza-neve-cna-costruiamo-pacchetti-last-minute_30aad46e-df06-4f46-9623-59f12ee88b44.html",
        "site_full": "www.ansa.it",
        "site": "ansa.it",
        "site_section": "http://wwwext.ansa.it//abruzzo/notizie/abruzzo_rss.xml",
        "site_categories": [
            "media",
            "top_news"
        ],
        "section_title": "RSS di   - ANSA.it",
        "title": "Montagna senza neve, Cna 'costruiamo pacchetti last minute' - Notizie - Ansa.it",
        "title_full": "Montagna senza neve, Cna 'costruiamo pacchetti last minute' - Notizie - Ansa.it",
        "published": "2024-03-22T09:00:00.000+02:00",
        "replies_count": 0,
        "participants_count": 1,
        "site_type": "news",
        "country": "IT",
        "main_image": "https://www.ansa.it/webimages/img_165x110/2021/6/22/550cee5fe8ffb67325c69c3d033a1831.0",
        "performance_score": 0,
        "domain_rank": 1888,
        "domain_rank_updated": "2024-03-19T12:07:56.000+02:00",
        "reach": null,
        "social": {
            "facebook": {
                "likes": 0,
                "comments": 0,
                "shares": 4
            },
            "gplus": {
                "shares": 0
            },
            "pinterest": {
                "shares": 0
            },
            "linkedin": {
                "shares": 0
            },
            "stumbledupon": {
                "shares": 0
            },
            "vk": {
                "shares": 0
            }
        }
    },
    "uuid": "e8d5d3e45a1f0144c54ae3f203212561066e48bb",
    "url": "https://www.ansa.it/abruzzo/notizie/2024/03/22/montagna-senza-neve-cna-costruiamo-pacchetti-last-minute_30aad46e-df06-4f46-9623-59f12ee88b44.html",
    "ord_in_thread": 0,
    "parent_url": null,
    "author": "ansa.it",
    "published": "2024-03-22T09:00:00.000+02:00",
    "title": "Montagna senza neve, Cna 'costruiamo pacchetti last minute' - Notizie - Ansa.it",
    "text": "La crisi della stagione degli sport invernali, dovuta alla chiusura di molti impianti di risalita per mancanza di neve, può rappresentare un'occasione per sperimentare nelle prossime settimane un'altra forma di fruizione della montagna. Lo afferma una nota di Cna Artigiani Imprenditori d'Italia Abruzzo, secondo cui al di là della giusta preoccupazione degli operatori degli impianti, occorre fare il massimo sforzo, anche a livello di promozione istituzionale, per proporre sul mercato della vacanza last minute altre formule di fruizione dell'Abruzzo interno e dei parchi.\n \"In autunno - ricorda il presidente regionale Claudio Di Dionisio - con la manifestazione 'Active Abruzzo. Tra vocazione e destinazione' abbiamo cercato di delineare una proposta fondata su altre opportunità legate a un turismo sostenibile della montagna: escursionismo in bici, traversate a piedi lungo i percorsi di trekking, valorizzazione di treni storici, forme inclusive rivolte alle persone con disabilità, riscoperta dei centri storici, della ristorazione di qualità e dell'artigianato artistico. Tutti elementi che messi insieme possono rappresentare per il turismo esperienziale un'importante opportunità. D'altra parte, in Italia non mancano esempi virtuosi in tal senso di intere aree territoriali\".\n \"Siamo a disposizione con la nostra rete di operatori - aggiunge il responsabile regionale di Cna Gabriele Marchese - per collaborare con la Regione e il suo assessorato nella ricerca positiva di soluzioni per le prossime settimane, magari costruendo pacchetti specifici last minute rivolti sia al mercato regionale, nazionale che internazionale\".",
    "highlightText": "",
    "highlightTitle": "",
    "highlightThreadTitle": "",
    "language": "italian",
    "sentiment": "negative",
    "categories": [
        "Weather",
        "Lifestyle and Leisure"
    ],
    "external_links": [],
    "external_images": [],
    "entities": {
        "persons": [],
        "organizations": [],
        "locations": []
    },
    "rating": null,
    "crawled": "2024-03-22T12:03:22.374+02:00",
    "updated": "2024-03-22T12:03:22.374+02:00"
}