{
    "thread": {
        "uuid": "4024e6369b513cc5f2ebb8eb4762edbe7837aafb",
        "url": "https://www.cnnbrasil.com.br/nacional/claudio-castro-decreta-ponto-facultativo-nesta-sexta-no-rj-por-risco-de-fortes-chuvas",
        "site_full": "www.cnnbrasil.com.br",
        "site": "cnnbrasil.com.br",
        "site_section": "https://www.cnnbrasil.com.br/feed",
        "site_categories": [],
        "section_title": "CNN Brasil",
        "title": "Claudio Castro decreta ponto facultativo nesta sexta no RJ por risco de fortes chuvas",
        "title_full": "Claudio Castro decreta ponto facultativo nesta sexta no RJ por risco de fortes chuvas",
        "published": "2024-03-22T00:47:00.000+02:00",
        "replies_count": 0,
        "participants_count": 1,
        "site_type": "news",
        "country": "BR",
        "main_image": "https://www.cnnbrasil.com.br/wp-content/uploads/sites/12/2024/01/53366694601_b5970b257a_k.jpg",
        "performance_score": 0,
        "domain_rank": 7002,
        "domain_rank_updated": "2024-03-19T12:07:56.000+02:00",
        "reach": null,
        "social": {
            "facebook": {
                "likes": 0,
                "comments": 0,
                "shares": 0
            },
            "gplus": {
                "shares": 0
            },
            "pinterest": {
                "shares": 0
            },
            "linkedin": {
                "shares": 0
            },
            "stumbledupon": {
                "shares": 0
            },
            "vk": {
                "shares": 0
            }
        }
    },
    "uuid": "4024e6369b513cc5f2ebb8eb4762edbe7837aafb",
    "url": "https://www.cnnbrasil.com.br/nacional/claudio-castro-decreta-ponto-facultativo-nesta-sexta-no-rj-por-risco-de-fortes-chuvas",
    "ord_in_thread": 0,
    "parent_url": null,
    "author": "Felipe Andrade",
    "published": "2024-03-22T00:47:00.000+02:00",
    "title": "Claudio Castro decreta ponto facultativo nesta sexta no RJ por risco de fortes chuvas",
    "text": "Claudio Castro decreta ponto facultativo nesta sexta no RJ por risco de fortes chuvas\nVolume de chuva, segundo a previsão, pode superar os números do desastre de 2011, quando quase mil pessoas morreram\nA previsão de chuvas intensas a partir desta sexta-feira (22) fez o governador do Rio, Cláudio Castro, decretar ponto facultativo e acionar todo o plano estadual de prevenção com a Defesa Civil. O governador garantiu que a estrutura de alerta e locais de apoio para a população estão preparados para um evento extremo de tragédia.\nCláudio Castro pediu para que as pessoas que puderem fiquem em suas casas e aquelas que estão em áreas de risco não permaneçam nesses locais. Segundo o governador, todas as folgas dos militares do Corpo de Bombeiros foram canceladas e, com isso, serão 2 mil profissionais por dia à disposição. Além de agentes da Lei Seca, da Polícia Militar e Defesa Civil.\nAinda segundo o governador do Rio, a partir da noite desta quinta-feira (21), ele entrará em contato com os prefeitos para decretarem ponto facultativo também nas suas cidades. Segundo o Centro Nacional de Monitoramento e Alertas de Desastres Naturais (Cemaden), o próximo sábado (23) deverá ser o dia mais crítico para as regiões serrana e metropolitana do Rio de Janeiro, além da Baixada Fluminense.\nO acumulado de chuva previsto para o Rio de Janeiro neste final de semana pode superar os números do desastre de 2011, quando quase mil pessoas morreram devido às chuvas que atingiram a região serrana do estado.\nO Instituto Nacional de Meteorologia emitiu alerta vermelho de grande perigo e chuvas intensas para o litoral norte de São Paulo, Vale do Paraíba paulista, Zona da Mata mineira, sul do Espírito Santo e para todo o estado do Rio de Janeiro. O aviso começa na sexta (22) e termina no domingo (24).",
    "highlightText": "",
    "highlightTitle": "",
    "highlightThreadTitle": "",
    "language": "portuguese",
    "sentiment": "negative",
    "categories": [
        "Disaster and Accident",
        "Weather"
    ],
    "external_links": [],
    "external_images": [],
    "entities": {
        "persons": [],
        "organizations": [],
        "locations": []
    },
    "rating": null,
    "crawled": "2024-03-22T01:27:37.552+02:00",
    "updated": "2024-03-22T01:27:37.552+02:00"
}