{
    "thread": {
        "uuid": "4ec1b4a805813d9c4d27a991dd486e6ede4c23de",
        "url": "https://www.lostiempos.com/actualidad/cochabamba/20240321/mosquitos-aumentan-lluvias-proliferacion-criaderos",
        "site_full": "www.lostiempos.com",
        "site": "lostiempos.com",
        "site_section": "https://www.lostiempos.com/encuestas",
        "site_categories": [
            "media",
            "world_soccer",
            "sports"
        ],
        "section_title": "Sondeos",
        "title": "Mosquitos aumentan por lluvias y proliferación de criaderos | Los Tiempos",
        "title_full": "Mosquitos aumentan por lluvias y proliferación de criaderos | Los Tiempos",
        "published": "2024-03-21T02:00:00.000+02:00",
        "replies_count": 0,
        "participants_count": 0,
        "site_type": "news",
        "country": "BO",
        "main_image": "https://www.lostiempos.com/sites/default/files/media_imagen/2024/3/21/dengue_mosquito_lt_0.jpg",
        "performance_score": 0,
        "domain_rank": 32493,
        "domain_rank_updated": "2024-03-19T12:07:56.000+02:00",
        "reach": null,
        "social": {
            "facebook": {
                "likes": 0,
                "comments": 0,
                "shares": 0
            },
            "gplus": {
                "shares": 0
            },
            "pinterest": {
                "shares": 0
            },
            "linkedin": {
                "shares": 0
            },
            "stumbledupon": {
                "shares": 0
            },
            "vk": {
                "shares": 0
            }
        }
    },
    "uuid": "4ec1b4a805813d9c4d27a991dd486e6ede4c23de",
    "url": "https://www.lostiempos.com/actualidad/cochabamba/20240321/mosquitos-aumentan-lluvias-proliferacion-criaderos",
    "ord_in_thread": 0,
    "parent_url": null,
    "author": null,
    "published": "2024-03-21T02:00:00.000+02:00",
    "title": "Mosquitos aumentan por lluvias y proliferación de criaderos | Los Tiempos",
    "text": "Mosquitos aumentan por lluvias y proliferación de criaderos En esta época del año, cuando las lluvias son constantes y el crecimiento de la hierba se acelera, el mosquito transmisor del dengue “Aedes aegypti” y otros como los zancudos proliferan en diferentes puntos de la ciudad, según el área de salud de la Alcaldía. El secretario de Salud, Aníbal Cruz, indicó que para evitar la propagación de los mosquitos es primordial realizar la destrucción de criaderos que se forman principalmente en lugares con agua acumulada, desechos, pastizales y recipientes que almacenan agua, según una nota de prensa. “En esta época del año aparecen los mosquitos transmisores del dengue que se han vuelto urbanos, así como también otro tipo de mosquitos que son propios de la época que tienen otras características de proliferación, pero de igual forma se reproducen por huevos que posteriormente se convierten en larvas”, indicó Cruz. La autoridad indicó que el municipio trabaja para enfrentar esta enfermedad con labores de limpieza y fumigación en diferentes zonas de la ciudad. Sin embargo, enfatizó la importancia del autocuidado, como el uso de repelentes o mosquiteros. Añadió que los síntomas más frecuentes de la enfermedad son: fiebre, dolor muscular, malestar, vómitos e incluso manchas en la piel. En caso de reportar algunos de los síntomas la autoridad recomendó no “automedicarse” y acudir a un centro de salud para ser diagnosticado y recibir un tratamiento adecuado.",
    "highlightText": "",
    "highlightTitle": "",
    "highlightThreadTitle": "",
    "language": "spanish",
    "sentiment": "negative",
    "categories": [
        "Weather",
        "Environment",
        "Health"
    ],
    "external_links": [],
    "external_images": [],
    "entities": {
        "persons": [],
        "organizations": [],
        "locations": []
    },
    "rating": null,
    "crawled": "2024-03-22T00:46:42.005+02:00",
    "updated": "2024-03-22T00:46:42.005+02:00"
}