{
    "thread": {
        "uuid": "e12cc2d392ce1d3cbb8e1d523ad3349b4c9f760c",
        "url": "https://istoedinheiro.com.br/regiao-sudeste-tem-alerta-de-temporais-e-deslizamentos-ate-domingo",
        "site_full": "istoedinheiro.com.br",
        "site": "istoedinheiro.com.br",
        "site_section": "https://www.istoedinheiro.com.br/feed",
        "site_categories": [],
        "section_title": "ISTOÉ DINHEIRO",
        "title": "Região Sudeste tem alerta de temporais e deslizamentos até domingo",
        "title_full": "Região Sudeste tem alerta de temporais e deslizamentos até domingo",
        "published": "2024-03-22T00:31:00.000+02:00",
        "replies_count": 0,
        "participants_count": 1,
        "site_type": "news",
        "country": "BR",
        "main_image": "https://istoedinheiro.com.br/wp-content/uploads/sites/17/2021/10/thumbnail-istoedinheirologo.png",
        "performance_score": 0,
        "domain_rank": 18990,
        "domain_rank_updated": "2024-03-19T12:07:56.000+02:00",
        "reach": null,
        "social": {
            "facebook": {
                "likes": 0,
                "comments": 0,
                "shares": 0
            },
            "gplus": {
                "shares": 0
            },
            "pinterest": {
                "shares": 0
            },
            "linkedin": {
                "shares": 0
            },
            "stumbledupon": {
                "shares": 0
            },
            "vk": {
                "shares": 0
            }
        }
    },
    "uuid": "e12cc2d392ce1d3cbb8e1d523ad3349b4c9f760c",
    "url": "https://istoedinheiro.com.br/regiao-sudeste-tem-alerta-de-temporais-e-deslizamentos-ate-domingo",
    "ord_in_thread": 0,
    "parent_url": null,
    "author": "Redação",
    "published": "2024-03-22T00:31:00.000+02:00",
    "title": "Região Sudeste tem alerta de temporais e deslizamentos até domingo",
    "text": "21/03/2024 - 19:31\nA frente fria que chega ao Sudeste nesta sexta-feira (22) deverá provocar chuvas de até 100 milímetros em 24 horas, alagamentos e deslizamentos de terra na região. Em alguns pontos, como no Rio de Janeiro, o volume de chuva poderá somar 200 milímetros (mm) até domingo (24).\nA chuva é consequência da aproximação de uma frente fria que avançou pela Região Sul do país nesta quinta-feira (21). O Centro Nacional de Monitoramento e Alertas de Desastres Naturais (Cemaden) informou hoje que os maiores volumes de chuvas devem ser registrados entre a noite de sexta-feira e a madrugada de sábado.\nNotícias relacionadas:\nCidades serranas do Rio alertam população para chegada de temporal. Sul e Sudeste têm alerta para chuva forte entre quinta e domingo.\n“Isso já é um problema, porque provavelmente vamos acumular volumes importantes de chuva durante a madrugada de sábado, e sabemos que a logística se torna mais difícil”, disse o diretor de Operações do Cemaden, Marcelo Seluchi.\nSegundo o Instituto Nacional de Meteorologia (Inmet), nesta noite, já podem ser registradas algumas áreas com chuva forte, descargas elétricas, granizo e rajadas de vento em São Paulo e no Paraná. A partir de amanhã, há previsão de acumulado muito alto de chuvas que pegam desde o litoral norte de São Paulo, todo o estado do Rio de Janeiro, a Zona da Mata de Minas Gerais e o sul do Espírito Santo.\n“Se a gente pegar os acumulados de chuva de hoje até domingo, podemos ter até mais de 200mm nessas áreas”, diz a coordenadora do Inmet, Márcia Seabra. Segundo ela, também há previsão de ressacas em algumas áreas e ondas de até 2,5 metros no litoral do Rio de Janeiro.\nNo Rio de Janeiro, as regiões mais atingidas serão a Costa Verde, a região metropolitana e, especialmente, a região serrana, onde poderá haver deslizamentos de terras mais generalizados. “Levando em conta o volume previsto, não podemos descartar episódios mais graves como corrida de massa ou corrida de detritos”, disse Seluchi. Essa situação pode abranger também a parte sul de Minas Gerais, que faz divisa com o estado do Rio.\nEm São Paulo, há possibilidade de inundações mais rápidas, com alagamentos urbanos ou transbordamento de córregos. Os deslizamentos de terra em São Paulo também serão mais pontuais e esparsos, mas pode haver interrupção de algumas estradas como a Rodovia dos Tamoios, que tem um protocolo de fechamento quando a chuva ultrapassa 100mm.\nA orientação para a população das áreas atingidas é observar as recomendações dos serviços de Defesa Civil municipais, estaduais e nacionais, por meio das redes sociais e canais oficiais. “Em locais onde há sirenes, a população deve seguir as orientações, deixando suas casas no momento em que o alerta é emitido”, diz o diretor do Centro Nacional de Gerenciamento de Riscos e Desastres (Cenad), Armin Braun.\nPara receber alertas da Defesa Civil por SMS, basta enviar uma mensagem para o número 40199 com o CEP de sua região. O contato também pode ser feito pelo telefone 199, o WhatsApp (61) 2034-4611 ou telegram @defesacivilbrbot.",
    "highlightText": "",
    "highlightTitle": "",
    "highlightThreadTitle": "",
    "language": "portuguese",
    "sentiment": "negative",
    "categories": [
        "Disaster and Accident",
        "Weather"
    ],
    "external_links": [
        "https://agenciabrasil.ebc.com.br/geral/noticia/2024-03/cidades-serranas-do-rio-alertam-populacao-para-chegada-de-temporal",
        "https://agenciabrasil.ebc.com.br/geral/noticia/2024-03/sul-e-sudeste-tem-alerta-para-chuva-forte-entre-quinta-e-domingo",
        "https://www.agenciabrasil.ebc.com.br/geral/noticia/2024-03/cidades-serranas-do-rio-alertam-populacao-para-chegada-de-temporal",
        "https://www.agenciabrasil.ebc.com.br/geral/noticia/2024-03/sul-e-sudeste-tem-alerta-para-chuva-forte-entre-quinta-e-domingo"
    ],
    "external_images": [],
    "entities": {
        "persons": [],
        "organizations": [],
        "locations": []
    },
    "rating": null,
    "crawled": "2024-03-22T01:35:25.074+02:00",
    "updated": "2024-03-22T01:35:25.074+02:00"
}