{
    "thread": {
        "uuid": "859b22675639e5f4a6f8d6886df3131689503618",
        "url": "https://en.royanews.tv/news/50217/What%20will%20weather%20be%20like%20Friday,%20Saturday",
        "site_full": "en.royanews.tv",
        "site": "royanews.tv",
        "site_section": "https://en.royanews.tv/latest-news",
        "site_categories": [
            "media"
        ],
        "section_title": "\n                    Latest News\n                | Roya News\n    ",
        "title": "What will weather be like Friday, Saturday? | Roya News",
        "title_full": "What will weather be like Friday, Saturday? | Roya News",
        "published": "2024-03-22T10:55:00.000+02:00",
        "replies_count": 0,
        "participants_count": 1,
        "site_type": "news",
        "country": "JO",
        "main_image": "",
        "performance_score": 0,
        "domain_rank": 88358,
        "domain_rank_updated": "2024-03-19T12:08:04.000+02:00",
        "reach": null,
        "social": {
            "facebook": {
                "likes": 0,
                "comments": 0,
                "shares": 0
            },
            "gplus": {
                "shares": 0
            },
            "pinterest": {
                "shares": 0
            },
            "linkedin": {
                "shares": 0
            },
            "stumbledupon": {
                "shares": 0
            },
            "vk": {
                "shares": 0
            }
        }
    },
    "uuid": "859b22675639e5f4a6f8d6886df3131689503618",
    "url": "https://en.royanews.tv/news/50217/What%20will%20weather%20be%20like%20Friday,%20Saturday",
    "ord_in_thread": 0,
    "parent_url": null,
    "author": "Roya News Team",
    "published": "2024-03-22T10:55:00.000+02:00",
    "title": "What will weather be like Friday, Saturday? | Roya News",
    "text": "A cold and moist air mass is affecting Jordan today, Friday, leading to a noticeable drop in temperatures and cold weather prevailing in most areas, with clouds appearing at low altitudes, especially in the north and center of the kingdom - according to Jordan’s Meteorological Department.\nIt added that the air mass affecting Jordan will result in scattered showers in the northern regions and parts of the central regions, with brisk northwesterly winds.\nFriday night, the weather will be colder with clouds at low altitudes, especially in the north of the kingdom, and moderate northwesterly winds.\nDuring Saturday daytime, the weather will be relatively cold in most areas, leaning towards warmth in the Jordan Valley, Dead Sea, and Aqaba, with some clouds at various altitudes and moderate northwesterly winds, according to the Department's forecast.\nThe weather will be cold at night in most areas, with clouds at various altitudes, especially in the east of the kingdom, and moderate northwesterly winds.\nThe Meteorological Department warned of the possibility of reduced visibility in the early morning hours due to fog, especially over mountainous areas and plains, and the risk of road slipperiness in rainy areas. It also cautioned against the potential for reduced visibility due to dust in desert regions.\n*Stay informed with our carefully curated content delivered directly to your inbox. Subscribe to our newsletter for exclusive updates and in-depth analysis. Click here to subscribe.",
    "highlightText": "",
    "highlightTitle": "",
    "highlightThreadTitle": "",
    "language": "english",
    "sentiment": "negative",
    "categories": [
        "Weather"
    ],
    "external_links": [],
    "external_images": [],
    "entities": {
        "persons": [
            {
                "name": "jordan",
                "sentiment": "none"
            }
        ],
        "organizations": [
            {
                "name": "meteorological department",
                "sentiment": "none"
            }
        ],
        "locations": [
            {
                "name": "jordan",
                "sentiment": "none"
            },
            {
                "name": "jordan valley",
                "sentiment": "none"
            },
            {
                "name": "aqaba",
                "sentiment": "none"
            },
            {
                "name": "dead sea",
                "sentiment": "none"
            }
        ]
    },
    "rating": null,
    "crawled": "2024-03-22T10:57:31.965+02:00",
    "updated": "2024-03-22T10:57:31.965+02:00"
}