{
    "thread": {
        "uuid": "ac4c54970065c34f6893021a0e6e632ffef8742b",
        "url": "https://www.cbsnews.com/miami/news/next-alert-south-florida-under-a-flood-watch-wind-advisory-through-saturday-evening",
        "site_full": "www.cbsnews.com",
        "site": "cbsnews.com",
        "site_section": "http://crowdfunding.einnews.com/live_feed",
        "site_categories": [
            "media",
            "television",
            "entertainment"
        ],
        "section_title": "Live Feed Wire - Crowdfunding News Today - EIN Presswire",
        "title": "NEXT Alert: South Florida under a Flood Watch, Wind Advisory through Saturday evening - CBS Miami",
        "title_full": "NEXT Alert: South Florida under a Flood Watch, Wind Advisory through Saturday evening - CBS Miami",
        "published": "2024-03-22T07:45:00.000+02:00",
        "replies_count": 0,
        "participants_count": 1,
        "site_type": "news",
        "country": "US",
        "main_image": "https://assets1.cbsnewsstatic.com/hub/i/r/2024/03/22/27f8d96b-de37-40c0-83bc-697015967302/thumbnail/1200x630/7a1eb3a70a691e196fb2c465546d1152/alert-day.png?v=4baa656f7af774a52a8c6a88476cb826",
        "performance_score": 0,
        "domain_rank": 186,
        "domain_rank_updated": "2024-03-19T12:07:56.000+02:00",
        "reach": null,
        "social": {
            "facebook": {
                "likes": 0,
                "comments": 0,
                "shares": 0
            },
            "gplus": {
                "shares": 0
            },
            "pinterest": {
                "shares": 0
            },
            "linkedin": {
                "shares": 0
            },
            "stumbledupon": {
                "shares": 0
            },
            "vk": {
                "shares": 0
            }
        }
    },
    "uuid": "ac4c54970065c34f6893021a0e6e632ffef8742b",
    "url": "https://www.cbsnews.com/miami/news/next-alert-south-florida-under-a-flood-watch-wind-advisory-through-saturday-evening",
    "ord_in_thread": 0,
    "parent_url": null,
    "author": null,
    "published": "2024-03-22T07:45:00.000+02:00",
    "title": "NEXT Alert: South Florida under a Flood Watch, Wind Advisory through Saturday evening - CBS Miami",
    "text": "MIAMI - We're in for some wet and windy weather through Saturday.\nCBS News Miami's NEXT Weather Meteorologist KC Sherman stated on Saturday afternoon that the severe weather threats have ended for all of South Florida as drier air is now moving in, with the heaviest of the rain moving offshore.\nOn Friday night, the National Weather Service issued a Tornado Watch for all of South Florida through 3 a.m. Saturday and a Flash Flood Warning through 2 a.m. Saturday. The Tornado Watch for Monroe County was upgraded to a Tornado Watch on Saturday morning until noon.\nMiami-Dade, Broward, and Monroe Counties remained under a Flood Watch through 8 p.m. Saturday. As of Saturday morning, the Flood Watch in Miami-Dade County has been downgraded to a Flood Advisory — it was eventually canceled in the afternoon. The Flood Watch for Monroe County was also canceled Saturday afternoon.\nMiami-Dade and Broward were also under a Wind Advisory through Saturday evening.\nThis was due to a strong low-pressure system in the Gulf that brought rounds of rain from Friday through Saturday.\nThe National Weather Service's Storm Prediction Center placed South Florida under a Level 1 risk of severe weather Friday with the potential for heavy rain , flooding, damaging gusty winds, small hail, and isolated tornadoes. The biggest concern was flooding but there was an elevated risk of strong damaging winds.\nSouth Florida could see three to five inches of rain with some areas getting as much as six inches. Periods of heavy rain were expected Friday. The highest accumulations are likely to be along and south of Alligator Alley where four to six inches are possible, according to the National Weather Service.\nThere was a marginal risk for severe thunderstorms on Friday and Saturday with the strongest storms expected across southern portions of the area. The strongest activity had potential wind gusts up to 60 mph. Gusty background winds were anticipated to accompany the system with sustained winds of 20-30 mph and gusts to 40 mph possible on Friday afternoon through Saturday afternoon.\nSunday will be drier with plenty of sunshine and highs in the upper 70s. It will be slightly warmer early next week with highs in the low 80s.\nMore from CBS News Youth Fair canceled, Ultra Music Festival shuts down for the night due to weather South Florida warm & dry Thursday, stormy weather coming Friday Miami International Airport grounds all departures due to inclement weather, hours-long delays expected throughout Saturday Despite improvements, flooding remains major concern in Edgewood neighborhood Family visiting Miami Beach: Lyft driver ran over mom's foot 3 times, took off & police did not show In: Fort Lauderdale Miami Lissette Gonzalez Lissette Gonzalez has served as the morning and noon meteorologist for CBS4 News since 2007. Viewers can watch Lissette's weathercasts weekday mornings from 5 to 9 a.m. and again at noon.\nTwitter Facebook",
    "highlightText": "",
    "highlightTitle": "",
    "highlightThreadTitle": "",
    "language": "english",
    "sentiment": "negative",
    "categories": [
        "Weather"
    ],
    "external_links": [],
    "external_images": [],
    "entities": {
        "persons": [
            {
                "name": "mon",
                "sentiment": "neutral"
            }
        ],
        "organizations": [
            {
                "name": "cbs",
                "sentiment": "negative"
            },
            {
                "name": "national weather service",
                "sentiment": "none"
            }
        ],
        "locations": [
            {
                "name": "miami-dade",
                "sentiment": "none"
            },
            {
                "name": "florida",
                "sentiment": "none"
            },
            {
                "name": "broward",
                "sentiment": "none"
            },
            {
                "name": "miami miami",
                "sentiment": "none"
            },
            {
                "name": "south florida",
                "sentiment": "none"
            }
        ]
    },
    "rating": null,
    "crawled": "2024-03-22T11:51:31.993+02:00",
    "updated": "2024-03-23T19:28:50.955+02:00"
}