{
    "thread": {
        "uuid": "66bb03f2ea6fada12b9e1ea61202f12a5d7dedfe",
        "url": "https://www.noticiasrcn.com/colombia/fuertes-lluvias-en-bogota-dejaron-danos-21-de-marzo-468240",
        "site_full": "www.noticiasrcn.com",
        "site": "noticiasrcn.com",
        "site_section": "https://noticiasrcn.com/",
        "site_categories": [
            "media",
            "top_news"
        ],
        "section_title": "Noticias RCN | Noticias de Colombia y el Mundo",
        "title": "Fuertes lluvias en Bogotá dejaron daños: 21 de marzo",
        "title_full": "Fuertes lluvias en Bogotá dejaron daños: 21 de marzo",
        "published": "2024-03-22T02:40:00.000+02:00",
        "replies_count": 0,
        "participants_count": 1,
        "site_type": "news",
        "country": "CO",
        "main_image": "https://imagenes.noticiasrcn.com/ImgNoticias/balance-de-lluvias-en-bogotta.webp?VersionId=4woUztXPiz_6.s4izRCqU7FyZHF4UMSZ",
        "performance_score": 0,
        "domain_rank": 69878,
        "domain_rank_updated": "2024-03-19T12:08:01.000+02:00",
        "reach": null,
        "social": {
            "facebook": {
                "likes": 0,
                "comments": 0,
                "shares": 0
            },
            "gplus": {
                "shares": 0
            },
            "pinterest": {
                "shares": 0
            },
            "linkedin": {
                "shares": 0
            },
            "stumbledupon": {
                "shares": 0
            },
            "vk": {
                "shares": 0
            }
        }
    },
    "uuid": "66bb03f2ea6fada12b9e1ea61202f12a5d7dedfe",
    "url": "https://www.noticiasrcn.com/colombia/fuertes-lluvias-en-bogota-dejaron-danos-21-de-marzo-468240",
    "ord_in_thread": 0,
    "parent_url": null,
    "author": "noticiasrcn.com",
    "published": "2024-03-22T02:40:00.000+02:00",
    "title": "Fuertes lluvias en Bogotá dejaron daños: 21 de marzo",
    "text": "Fuertes lluvias en Bogotá dejaron viviendas afectadas y colapsos en movilidad Durante la tarde de este jueves se presentaron fuertes granizadas en varios sectores de Bogotá, tras la intensa ola de calor de los últimos meses. Los meses de intenso calor en Bogotá parecen haber acabado. En la tarde de este jueves 21 de marzo se registraron, en varias zonas de la capital, fuertes aguaceros y granizadas que dejaron afectaciones en la movilidad y en algunas viviendas. De acuerdo con el Sistema de Alerta de Bogotá (SAB), varias estaciones de la red meteorológica presentaron lluvias en amplios sectores de la capital, lo que generó colapsos en la movilidad, por empozamientos y encharcamientos en las vías. Por su parte, entidades distritales encargadas de la Gestión de Riesgos entregaron un balance de por lo menos 10 viviendas afectadas tras un vendaval en el barrio El Mirador, en la localidad de Usme. Afortunadamente, no hubo personas lesionadas. Vea también: [Manifestaciones frente a la Universidad Nacional complica movilidad sobre la calle 26 y 45](https://www.noticiasrcn.com/colombia/manifestacion-en-bogota-hoy-468214) ¿Hay riesgo de inundaciones en Bogotá? Allí, la situación fue atendida por el cuerpo de Bomberos, la Secretaria de Integración Social y el Instituto Distrital de Gestión de Riesgos y Cambio Climático (Idiger), para llevar a cabo el registro de la población afectada y determinar las ayudas humanitarias necesarias. Por ahora, los cuerpos de agua de la ciudad continúan con monitoreo constante y no existe alerta alguna por aumentos inesperados que puedan generar desbordamientos. Según la red metrológica del Idiger, las localidades en donde más llovió fueorn San Cristóbal, Suba y Usme. Para esta noche también se esperan algunas lloviznas en amplios sectores de la ciudad y cielo mayormente nublado. Daños por lluvias en Bogotá Videos tomados por la ciudadanía registraron algunos de los daños causados por las fuertes lluvias de este jueves en Bogotá. La mayoría de ellos en la localidad de Usme. Allí, un colegio y varias casas resultaron afectados, principalmente en las estructuras de los techos de teja debido a los vientos. En la institución educativa se reportaron preliminarmente cuatro estudiantes con heridas leves. En el municipio de La Calera, cerca de Bogotá, también hubo una intensa granizada, al igual que en zonas del centro de Boyacá, en donde la sequía había afectado los bosques. Le puede interesar: [Metro de Bogotá despidió a operador que protagonizó reprochable acto de maltrato animal](https://www.noticiasrcn.com/colombia/despiden-a-operario-del-metro-que-degollo-un-gallo-468218) Noticiasrcn.com",
    "highlightText": "",
    "highlightTitle": "",
    "highlightThreadTitle": "",
    "language": "spanish",
    "sentiment": "negative",
    "categories": [
        "Disaster and Accident",
        "Weather"
    ],
    "external_links": [],
    "external_images": [],
    "entities": {
        "persons": [],
        "organizations": [],
        "locations": []
    },
    "rating": null,
    "crawled": "2024-03-22T03:10:20.991+02:00",
    "updated": "2024-03-22T03:10:20.991+02:00"
}