{
    "thread": {
        "uuid": "23a02d6b0897f55ba79463e0b792d86f630e6b9a",
        "url": "https://www.bluradio.com/regiones/pacifico/gerente-emcali-de-no-llover-racionamiento-energia-rg10",
        "site_full": "www.bluradio.com",
        "site": "bluradio.com",
        "site_section": "https://bluradio.com",
        "site_categories": [
            "media",
            "top_news"
        ],
        "section_title": "Blu Radio señal en vivo, Noticias de Colombia y el Mundo",
        "title": "Gerente de Emcali dice que de no llover en unos días se pensará en racionamiento de energía - BluRadio",
        "title_full": "Gerente de Emcali dice que de no llover en unos días se pensará en racionamiento de energía - BluRadio",
        "published": "2024-03-22T04:34:00.000+02:00",
        "replies_count": 0,
        "participants_count": 1,
        "site_type": "news",
        "country": "CO",
        "main_image": "https://caracoltv.brightspotcdn.com/dims4/default/65bba7c/2147483647/strip/true/crop/1280x672+0+24/resize/1200x630!/quality/90/?url=http%3A%2F%2Fcaracol-brightspot.s3.amazonaws.com%2F58%2Fd2%2F3f5a75674a8e85be190c1aeeff60%2Fbombillo-tarifa-energia-bing.png",
        "performance_score": 0,
        "domain_rank": 34489,
        "domain_rank_updated": "2024-03-19T12:07:56.000+02:00",
        "reach": null,
        "social": {
            "facebook": {
                "likes": 0,
                "comments": 0,
                "shares": 0
            },
            "gplus": {
                "shares": 0
            },
            "pinterest": {
                "shares": 0
            },
            "linkedin": {
                "shares": 0
            },
            "stumbledupon": {
                "shares": 0
            },
            "vk": {
                "shares": 0
            }
        }
    },
    "uuid": "23a02d6b0897f55ba79463e0b792d86f630e6b9a",
    "url": "https://www.bluradio.com/regiones/pacifico/gerente-emcali-de-no-llover-racionamiento-energia-rg10",
    "ord_in_thread": 0,
    "parent_url": null,
    "author": "Redacción BLU Radio",
    "published": "2024-03-22T04:34:00.000+02:00",
    "title": "Gerente de Emcali dice que de no llover en unos días se pensará en racionamiento de energía - BluRadio",
    "text": "La ausencia de lluvias en el fenómeno del niño está generando que desde las empresas municipales de Cali Emcali adopten medidas para evitar afectaciones para poder prestar de manera adecuada los servicios de agua y energía. En las últimas horas, el gerente de energía de la entidad, José David Insuasti, advirtió que de no llover en los próximos días, la ciudad posiblemente entraría en una etapa de racionamiento de energía, aunque el servicio se encuentra en condiciones normales. \"Si no llueve en Colombia en el término de unos 15 o 20 días, esto puede llevar a que ese nivel de embalses disminuya y si llegase a estar por debajo del 31% ahí si puede haber un racionamiento si no lloviera, pero lo que ha presentado el Ideam observa que en las próximas semanas empiece a llover, lo que hace que el nivel de embalsamiento sea menor al esperado, pero siempre hay que estar alerta al tema del embalse\", explico Isuasti. El funcionario público señaló que aunque los embalses cuentan con la capacidad suficiente para generar energía, aunque hay un latente riesgo por la disminución de su capacidad con el paso de las horas y los días. Publicidad \"Los embalses siempre van a estar en el radar del sector de energía porque nuestra canasta de generación de todo el país depende de un 60 % Y 70 % del nivel de los embalses. Se está observando diariamente cuando no esta lloviendo que se desembalsa en promedio entre un 0.4% y 0.5% y si esto sigue bajando es ahí cuando se podría llegar a un racionamiento, porque el agua que existe en el embalse no es suficiente para generar energía\", añadió el gerente de energía. Así mismo, argumento que el uso excesivo de electrodomésticos por la ola de calor en los hogares, podrían generar una sobrecarga en los circuitos que días después se reflejaría en apagones. Publicidad",
    "highlightText": "",
    "highlightTitle": "",
    "highlightThreadTitle": "",
    "language": "spanish",
    "sentiment": "negative",
    "categories": [
        "Weather"
    ],
    "external_links": [],
    "external_images": [],
    "entities": {
        "persons": [],
        "organizations": [],
        "locations": []
    },
    "rating": null,
    "crawled": "2024-03-22T05:03:01.178+02:00",
    "updated": "2024-03-22T05:03:01.178+02:00"
}