{
    "thread": {
        "uuid": "59a261f5ac0390f468ff5f633a9c0d93810f21b9",
        "url": "https://www.publimetro.co/bogota/2024/03/22/video-salio-a-volar-el-techo-impresionantes-imagenes-de-lo-que-dejo-el-aguacero-en-bogota",
        "site_full": "www.publimetro.co",
        "site": "publimetro.co",
        "site_section": "https://publimetro.co/estilo-vida",
        "site_categories": [
            "real_estate",
            "apartments",
            "top_news"
        ],
        "section_title": "Estilo de Vida - Publimetro Colombia",
        "title": "Video: inundaciones se presentaron en fuerte aguacero de Bogotá",
        "title_full": "Video: inundaciones se presentaron en fuerte aguacero de Bogotá",
        "published": "2024-03-22T04:22:00.000+02:00",
        "replies_count": 0,
        "participants_count": 1,
        "site_type": "news",
        "country": "CO",
        "main_image": "https://www.publimetro.co/resizer/mlueUS9_NxxmYFGE3b9EFlTyesU=/1200x630/filters:format(jpg):quality(70)/cloudfront-us-east-1.images.arcpublishing.com/metroworldnews/DJXVVEV775BUHCLMFSBMRBXMBM.jpg",
        "performance_score": 0,
        "domain_rank": 97742,
        "domain_rank_updated": "2024-03-19T12:08:04.000+02:00",
        "reach": null,
        "social": {
            "facebook": {
                "likes": 0,
                "comments": 0,
                "shares": 0
            },
            "gplus": {
                "shares": 0
            },
            "pinterest": {
                "shares": 0
            },
            "linkedin": {
                "shares": 0
            },
            "stumbledupon": {
                "shares": 0
            },
            "vk": {
                "shares": 0
            }
        }
    },
    "uuid": "59a261f5ac0390f468ff5f633a9c0d93810f21b9",
    "url": "https://www.publimetro.co/bogota/2024/03/22/video-salio-a-volar-el-techo-impresionantes-imagenes-de-lo-que-dejo-el-aguacero-en-bogota",
    "ord_in_thread": 0,
    "parent_url": null,
    "author": "Kewin Alarcón",
    "published": "2024-03-22T04:22:00.000+02:00",
    "title": "Video: inundaciones se presentaron en fuerte aguacero de Bogotá",
    "text": "Desde este miércoles 20 de marzo, fuertes lluvias han azotado la ciudad de Bogotá luego de una temporada pasada por tardes soleadas y altas temperaturas a causa del fenómeno de El Niño, en redes sociales ha quedado registrado algunos videos de cómo las tormentas han afectado las viviendas e inundado las principales calles.\nEn la tarde de este jueves 21 de marzo, nuevamente las lluvias causaron estragos en la movilidad y en la infraestructura, siendo particularmente llamativo lo sucedido en la localidad de Usme, donde usuarios reportaron que el aguacero y los veloces vientos, hicieron que los techos de algunas casas se desprendieran, igualmente el agua se filtró en los inmuebles.\n🇨🇴 | ÚLTIMA HORA: Vientos devastadores arrancan techos de varias casas y una escuela en la región de Usme, Bogotá, Colombia, en medio de inundaciones y fuertes lluvias. pic.twitter.com/A4DfB73ogx\n— UHN PLUS (@UHN_Plus) March 21, 2024 Igualmente, el periodista de Citytv Johnatan Nieto, publicó en sus redes sociales la situación vivida en la localidad.\nRecomendados ¡No se deje tumbar! Estos serían los precios del pescado en Bogotá para la Semana Santa",
    "highlightText": "",
    "highlightTitle": "",
    "highlightThreadTitle": "",
    "language": "spanish",
    "sentiment": "negative",
    "categories": [
        "Disaster and Accident",
        "Weather"
    ],
    "external_links": [
        "https://t.co/A4DfB73ogx",
        "https://twitter.com/UHN_Plus/status/1770959516756291602?ref_src=twsrc%5Etfw",
        "https://www.twitter.com/UHN_Plus/status/1770959516756291602?ref_src=twsrc%5Etfw",
        "https://twitter.com/UHN_Plus/status/1770959516756291602",
        "https://www.t.co/A4DfB73ogx"
    ],
    "external_images": [],
    "entities": {
        "persons": [],
        "organizations": [],
        "locations": []
    },
    "rating": null,
    "crawled": "2024-03-22T04:45:25.119+02:00",
    "updated": "2024-03-22T06:21:15.739+02:00"
}