{
    "thread": {
        "uuid": "e1095e19e373c6b6af76e9a842de5787973b13b0",
        "url": "https://www.hojeemdia.com.br/minas/cidades-da-zona-da-mata-e-sul-de-minas-podem-receber-temporal-de-100-mm-ate-domingo-veja-lista-1.1005885",
        "site_full": "www.hojeemdia.com.br",
        "site": "hojeemdia.com.br",
        "site_section": "https://www.hojeemdia.com.br/ultimas",
        "site_categories": [
            "home_and_garden",
            "remodeling_and_construction",
            "family_and_parenting",
            "eldercare",
            "home_theater"
        ],
        "section_title": "Últimas",
        "title": "Cidades da Zona da Mata e Sul de Minas podem receber temporal de 100 mm até domingo; veja lista",
        "title_full": "Cidades da Zona da Mata e Sul de Minas podem receber temporal de 100 mm até domingo; veja lista",
        "published": "2024-03-22T12:13:00.000+02:00",
        "replies_count": 0,
        "participants_count": 1,
        "site_type": "news",
        "country": "BR",
        "main_image": "https://www.hojeemdia.com.br/image/policy:1.343733.1711107616:1711107616/image.jpg?w=1280&amp;",
        "performance_score": 0,
        "domain_rank": 60417,
        "domain_rank_updated": "2024-03-19T12:08:01.000+02:00",
        "reach": null,
        "social": {
            "facebook": {
                "likes": 0,
                "comments": 0,
                "shares": 0
            },
            "gplus": {
                "shares": 0
            },
            "pinterest": {
                "shares": 0
            },
            "linkedin": {
                "shares": 0
            },
            "stumbledupon": {
                "shares": 0
            },
            "vk": {
                "shares": 0
            }
        }
    },
    "uuid": "e1095e19e373c6b6af76e9a842de5787973b13b0",
    "url": "https://www.hojeemdia.com.br/minas/cidades-da-zona-da-mata-e-sul-de-minas-podem-receber-temporal-de-100-mm-ate-domingo-veja-lista-1.1005885",
    "ord_in_thread": 0,
    "parent_url": null,
    "author": "Da Redação",
    "published": "2024-03-22T12:13:00.000+02:00",
    "title": "Cidades da Zona da Mata e Sul de Minas podem receber temporal de 100 mm até domingo; veja lista",
    "text": "Segundo o Inmet, municípios na divisa com Rio de Janeiro e São Paulo estão na faixa da tempestade, que pode causar alagamentos e deslizamentos. Em BH, a sexta-feira (22) será de céu parcialmente nublado a nublado com chuvas, por vezes fortes, acompanhadas de raios e rajadas de vento ocasionais. (Clima Ao Vivo/Divulgação) Uma [frente fria chega à região Sudeste](http://hoje.vc/3ide7) coloca os municípios da Zona da Mata e Sul de Minas em alerta vermelho para tempestade de até 100 milímetros por dia, com risco de alagamentos e deslizamentos. De acordo com o Instituto Nacional de Meteorologia (Inmet), o aviso é válido até domingo e pode abranger outras regiões também. \"O fim de semana em todo o Estado tem previsão de chuva. Entretanto, os municípios na dividsa com Rio de Janeiro e São Paulo podem receber esse volume maior de precipitação por conta dessa tempestade. Além de Zona da Mata e Sul de Minas, não podemos descartar municipios na região do Vale do Rio Doce\", explicou a meteorologista Anete Fernandes. Na manhã desta sexta, o Inmet emitiu um alerta de tempestade para 250 cidades mineiras. \"Os modelos estão (de previsão) estão mudando. Nossos equipamentos que geram o alerta não conseguem determinar a cidade exata que terá chuva, mas a região. E considerando a faixa de alerta, até outras regiões que fazem limites foram incluídas\", detalhou a especialista. O grande volume e a estrutura da precipitação pode causar cortes de energia elétrica, estragos em plantações, queda de árvores e de alagamentos. Confira a lista de cidades [atingidas pelo alerta vermelho](https://alertas2.inmet.gov.br/46805). Em Belo Horizonte o dia será de céu parcialmente nublado a nublado com chuvas, por vezes fortes, acompanhadas de raios e rajadas de vento ocasionais. Na capital mineira, a temperatura mínima foi 20°C e a máxima de 29ºC, com umidade relativa do ar mínima em torno de 60%, à tarde. Recomendações Em situações de rajada de vento, a recomendação das forças de segurança é que a população não faça abrigo debaixo de árvores, tendo em vista o perigo de queda ou descargas elétricas. Torres de transmissão e placas de propaganda também devem estar distantes em caso de vento. A reportagem procurou o governo do Estado para saber se está preparando alguma operação para atender alagamentos e deslizamentos e aguarda retorno. Índice pluviômetro No Sistema Internacional de Unidades, a unidade de pluviosidade (ou \"unidade de medida de precipitação\") é o milímetro (mm). Quando se diz que choveu 10 mm em um dia em determinada região, significa que uma caixa de 1 metro quadrado de base seria preenchida com água de chuva até a altura de 10 mm. Nesse conceito, para medir a intensidade de chuva diária, vários municípios no Brasil, adotam as seguintes medidas:",
    "highlightText": "",
    "highlightTitle": "",
    "highlightThreadTitle": "",
    "language": "portuguese",
    "sentiment": "negative",
    "categories": [
        "Weather"
    ],
    "external_links": [
        "https://alertas2.inmet.gov.br/46805).",
        "http://hoje.vc/3ide7)",
        "https://www.alertas2.inmet.gov.br/46805).",
        "http://www.hoje.vc/3ide7)"
    ],
    "external_images": [],
    "entities": {
        "persons": [],
        "organizations": [],
        "locations": []
    },
    "rating": null,
    "crawled": "2024-03-22T14:38:24.157+02:00",
    "updated": "2024-03-22T14:38:24.157+02:00"
}