{
    "thread": {
        "uuid": "7b665d3d0e5c818632e3f0b3dbe7cebb252b0245",
        "url": "https://www.brecorder.com/news/40294974",
        "site_full": "www.brecorder.com",
        "site": "brecorder.com",
        "site_section": "https://agriculture.einnews.com:443/live_feed",
        "site_categories": [
            "financial_news",
            "finance",
            "top_news"
        ],
        "section_title": "Live Feed Wire - Agriculture Industry Today - EIN Presswire",
        "title": "Palm oil eases on soft rival oils, heads for weekly loss - Markets - Business Recorder",
        "title_full": "Palm oil eases on soft rival oils, heads for weekly loss - Markets - Business Recorder",
        "published": "2024-03-22T08:16:00.000+02:00",
        "replies_count": 0,
        "participants_count": 1,
        "site_type": "news",
        "country": "PK",
        "main_image": "https://i.brecorder.com/large/2024/03/221116125e865e7.jpg?r=111617",
        "performance_score": 0,
        "domain_rank": 13816,
        "domain_rank_updated": "2024-03-19T12:07:56.000+02:00",
        "reach": null,
        "social": {
            "facebook": {
                "likes": 0,
                "comments": 0,
                "shares": 0
            },
            "gplus": {
                "shares": 0
            },
            "pinterest": {
                "shares": 0
            },
            "linkedin": {
                "shares": 0
            },
            "stumbledupon": {
                "shares": 0
            },
            "vk": {
                "shares": 0
            }
        }
    },
    "uuid": "7b665d3d0e5c818632e3f0b3dbe7cebb252b0245",
    "url": "https://www.brecorder.com/news/40294974",
    "ord_in_thread": 0,
    "parent_url": null,
    "author": "Reuters",
    "published": "2024-03-22T08:16:00.000+02:00",
    "title": "Palm oil eases on soft rival oils, heads for weekly loss - Markets - Business Recorder",
    "text": "SINGAPORE: Malaysian palm oil futures fell on Friday amid lower edible and crude oil prices, with the market set for a weekly decline, although a weaker ringgit limited losses. The benchmark palm oil contract for June delivery on the Bursa Malaysia Derivatives Exchange fell 21 ringgit, or 0.49% to 4,228 ringgit ($892.36) a metric ton in morning trade. Malaysian palm oil futures easier It had slid 0.19% during overnight trade. The contract is set for a weekly loss of about 1%. Fundamentals - contract was down 0.86%. Soyoil prices on the Chicago Board of Trade lost 0.74%. - Palm oil is affected by price movements in related oils as they compete for a share in the global vegetable oils market. - Oil prices sank on the possibility of a nearing Gaza ceasefire, which could ease geopolitical concerns in the Middle East, at the same time a stronger US dollar and faltering US gasoline demand weighed on prices. - Weaker crude oil futures make palm a less attractive option for biodiesel feedstock. - The Malaysian ringgit, palm’s currency of trade, weakened 0.55% against the dollar. A weaker ringgit makes palm oil more attractive for foreign currency holders. - Palm oil may retrace into the 4,190-4,212 ringgit range again, following its failure to break resistance at 4,326 ringgit per ton, said Reuters technical analyst Wang Tao.",
    "highlightText": "",
    "highlightTitle": "",
    "highlightThreadTitle": "",
    "language": "english",
    "sentiment": "negative",
    "categories": [
        "Economy, Business and Finance",
        "Weather",
        "Environment"
    ],
    "external_links": [],
    "external_images": [],
    "entities": {
        "persons": [],
        "organizations": [
            {
                "name": "markets - business recorder singapore",
                "sentiment": "negative"
            },
            {
                "name": "bursa malaysia derivatives exchange",
                "sentiment": "none"
            },
            {
                "name": "chicago board of trade",
                "sentiment": "none"
            }
        ],
        "locations": [
            {
                "name": "gaza",
                "sentiment": "none"
            },
            {
                "name": "middle east",
                "sentiment": "none"
            },
            {
                "name": "palm",
                "sentiment": "none"
            },
            {
                "name": "us",
                "sentiment": "none"
            }
        ]
    },
    "rating": null,
    "crawled": "2024-03-22T08:20:47.322+02:00",
    "updated": "2024-03-24T12:21:00.402+02:00"
}