{
    "thread": {
        "uuid": "4b5a613f4082ca466b4a5d739160e3af1a5bf567",
        "url": "https://galego.farodevigo.es/galicia/2024/03/22/medio-rural-prohibe-hoy-quemas-agricolas-forestales-galicia-99809195.html",
        "site_full": "galego.farodevigo.es",
        "site": "farodevigo.es",
        "site_section": "https://galego.farodevigo.es",
        "site_categories": [],
        "section_title": "FARO DE VIGO | Noticias e Última Hora de Vigo",
        "title": "INCENDIOS EN GALICIA: Medio Rural prohibe desde hoxe as queimas agrícolas polas altas temperaturas",
        "title_full": "INCENDIOS EN GALICIA: Medio Rural prohibe desde hoxe as queimas agrícolas polas altas temperaturas",
        "published": "2024-03-22T07:01:00.000+02:00",
        "replies_count": 0,
        "participants_count": 1,
        "site_type": "news",
        "country": "ES",
        "main_image": "https://estaticos-cdn.prensaiberica.es/clip/dcaece18-0314-406c-8d12-d31e2da9ecae_16-9-discover-aspect-ratio_default_0.jpg",
        "performance_score": 0,
        "domain_rank": 15762,
        "domain_rank_updated": "2024-03-19T12:07:56.000+02:00",
        "reach": null,
        "social": {
            "facebook": {
                "likes": 0,
                "comments": 0,
                "shares": 0
            },
            "gplus": {
                "shares": 0
            },
            "pinterest": {
                "shares": 0
            },
            "linkedin": {
                "shares": 0
            },
            "stumbledupon": {
                "shares": 0
            },
            "vk": {
                "shares": 0
            }
        }
    },
    "uuid": "4b5a613f4082ca466b4a5d739160e3af1a5bf567",
    "url": "https://galego.farodevigo.es/galicia/2024/03/22/medio-rural-prohibe-hoy-quemas-agricolas-forestales-galicia-99809195.html",
    "ord_in_thread": 0,
    "parent_url": null,
    "author": "Patricia Pedrido",
    "published": "2024-03-22T07:01:00.000+02:00",
    "title": "INCENDIOS EN GALICIA: Medio Rural prohibe desde hoxe as queimas agrícolas polas altas temperaturas",
    "text": "Medio Rural prohibe desde hoxe as queimas agrícolas polas altas temperaturas A Serra do Suído e a contorna de Ourense, en risco alto A Xunta [ prohibe desde hoxe e ata novo aviso as queimas agrícolas e forestais realizadas por particulares. Desta forma, quedan excluídas desa prohibición as queimas controladas que realiza o servizo de prevención e defensa contra os incendios forestais debidamente planificadas e dispondo dos medios de extinción necesarios.](https://galego.farodevigo.es/tags/xunta-de-galicia/) Así o anunciou onte o Executivo galego, que detallou que “non dará” máis permisos e os xa concedidos “quedarán en suspenso” a partir desde hoxe. A decisión tomouse tras valorar a evolución da [ situación meteorolóxica](https://galego.farodevigo.es/sociedad/2024/03/19/efectos-colaterales-dana-galicia-calor-99681544.html) e unha vez analizados os diferentes indicadores técnicos que inciden no risco de lume. As temperaturas poderán alcanzar os 28 graos esta fin de semana. Neste sentido, tamén argumentou que a normativa pola que se regulan medidas relativas á prevención de incendios forestais, á protección dos asentamentos no medio rural e á regulación de aproveitamentos e repoboación forestal, prohibe as queimas en cando as condicións meteorolóxicas poidan dificultar o seu control. Risco de incendio Este venres, o Índice de risco diario de incendio forestal (IRDI) marca un risco alto no interior da provincia de Pontevedra. Trátase da área que abarca a Serra do Suído, que se estende polos concellos da Lama, Cerdedo-Cotobade, Fornelos e Covelo. Na provincia de Ourense están baixo a mesma alerta a capital das Burgas, Amoeiro, Coles e A Peroxa. A Consellería do Medio Rural pide colaboración da cidadanía para que extreme as precaucións e denuncie calquera actividade delituosa incendiaria da que teña coñecemento. Ademais, recorda que está a disposición dos cidadáns o número de teléfono gratuíto 085, ao que deben chamar en caso de detectar algún incendio forestal. [RRSS WhatsApp](https://api.whatsapp.com/send?text=null%20https://galego.farodevigo.es/galicia/2024/03/22/medio-rural-prohibe-hoy-quemas-agricolas-forestales-galicia-99809195.html%3Futm_source%3Dwhatsapp%26utm_medium%3Dsocial%26utm_campaign%3Dbtn-share) [RRSS Facebook](https://www.facebook.com/sharer/sharer.php?u=https://galego.farodevigo.es/galicia/2024/03/22/medio-rural-prohibe-hoy-quemas-agricolas-forestales-galicia-99809195.html%3Futm_source%3Dfacebook%26utm_medium%3Dsocial%26utm_campaign%3Dbtn-share) [RRSS Twitter](https://twitter.com/intent/tweet?original_referer=https://galego.farodevigo.es/galicia/2024/03/22/medio-rural-prohibe-hoy-quemas-agricolas-forestales-galicia-99809195.html&text=null%20https://galego.farodevigo.es/galicia/2024/03/22/medio-rural-prohibe-hoy-quemas-agricolas-forestales-galicia-99809195.html%3Futm_source%3Dtwitter%26utm_medium%3Dsocial%26utm_campaign%3Dbtn-share%20a%20trav%C3%A9s%20de%20%40Farodevigo) [RRSS email](mailto:?subject=null&body=https://galego.farodevigo.es/galicia/2024/03/22/medio-rural-prohibe-hoy-quemas-agricolas-forestales-galicia-99809195.html%3Futm_source%3Dmail%26utm_medium%3Dsocial%26utm_campaign%3Dbtn-share) [Copiar URL](javascript:%20void(0)) - [Galicia](https://galego.farodevigo.es/galicia/2024/03/19/duplex-torres-catedral-santiago-arbn-99700230.html) [Así era o dúplex que houbo entre as dúas torres da Catedral de Santiago e que arrasaría en Airbnb](https://galego.farodevigo.es/galicia/2024/03/19/duplex-torres-catedral-santiago-arbn-99700230.html) - [Galicia](https://galego.farodevigo.es/galicia/2024/03/20/secretos-mejor-guardados-superaron-100-99707604.html) [Os segredos mellor gardados dos que superaron os 100 anos](https://galego.farodevigo.es/galicia/2024/03/20/secretos-mejor-guardados-superaron-100-99707604.html) - [Galicia](https://galego.farodevigo.es/galicia/2024/03/20/centenarios-tocan-techo-2-039-99707126.html) [Os centenarios tocan teito con 2.039 e sitúan a Galicia no top de lonxevidade](https://galego.farodevigo.es/galicia/2024/03/20/centenarios-tocan-techo-2-039-99707126.html) - [Galicia](https://galego.farodevigo.es/galicia/2024/03/20/coche-galicia-semana-santa-dgt-trafico-viajar-99747335.html) [Se vas coller o coche desde Galicia en Semana Santa, así se presenta o panorama segundo a DXT](https://galego.farodevigo.es/galicia/2024/03/20/coche-galicia-semana-santa-dgt-trafico-viajar-99747335.html) - [Galicia](https://galego.farodevigo.es/galicia/2024/03/20/gonzalo-caballero-perfila-candidato-europeas-99702046.html) [Gonzalo Caballero perfílase como candidato para as europeas de xuño](https://galego.farodevigo.es/galicia/2024/03/20/gonzalo-caballero-perfila-candidato-europeas-99702046.html) - [Galicia](https://galego.farodevigo.es/galicia/2024/03/20/peor-tramo-carretera-espana-6-99751629.html) [O peor tramo de estrada de España está na A-6 en Lugo](https://galego.farodevigo.es/galicia/2024/03/20/peor-tramo-carretera-espana-6-99751629.html) - [Galicia](https://galego.farodevigo.es/galicia/2024/03/19/cuantas-gallinas-puedo-tener-casa-99681297.html) [Cantas galiñas podo ter en casa?](https://galego.farodevigo.es/galicia/2024/03/19/cuantas-gallinas-puedo-tener-casa-99681297.html) - [Galicia](https://galego.farodevigo.es/galicia/2024/03/19/criar-hijo-cuesta-630-euros-99703452.html) [Criar a un fillo custa 630 euros ao mes e vai a máis coa idade](https://galego.farodevigo.es/galicia/2024/03/19/criar-hijo-cuesta-630-euros-99703452.html)",
    "highlightText": "",
    "highlightTitle": "",
    "highlightThreadTitle": "",
    "language": "spanish",
    "sentiment": "negative",
    "categories": [
        "Disaster and Accident",
        "Weather"
    ],
    "external_links": [
        "https://twitter.com/intent/tweet?original_referer=https://galego.farodevigo.es/galicia/2024/03/22/medio-rural-prohibe-hoy-quemas-agricolas-forestales-galicia-99809195.html&text=null%20https://galego.farodevigo.es/galicia/2024/03/22/medio-rural-prohibe-hoy-quemas-agricolas-forestales-galicia-99809195.html%3Futm_source%3Dtwitter%26utm_medium%3Dsocial%26utm_campaign%3Dbtn-share%20a%20trav%C3%A9s%20de%20%40Farodevigo)",
        "https://api.whatsapp.com/send?text=null%20https://galego.farodevigo.es/galicia/2024/03/22/medio-rural-prohibe-hoy-quemas-agricolas-forestales-galicia-99809195.html%3Futm_source%3Dwhatsapp%26utm_medium%3Dsocial%26utm_campaign%3Dbtn-share)",
        "https://www.facebook.com/sharer/sharer.php?u=https://galego.farodevigo.es/galicia/2024/03/22/medio-rural-prohibe-hoy-quemas-agricolas-forestales-galicia-99809195.html%3Futm_source%3Dfacebook%26utm_medium%3Dsocial%26utm_campaign%3Dbtn-share)",
        "https://www.api.whatsapp.com/send?text=null%20https://www.galego.farodevigo.es/galicia/2024/03/22/medio-rural-prohibe-hoy-quemas-agricolas-forestales-galicia-99809195.html%3Futm_source%3Dwhatsapp%26utm_medium%3Dsocial%26utm_campaign%3Dbtn-share)",
        "https://www.facebook.com/sharer/sharer.php",
        "https://www.twitter.com/intent/tweet?original_referer=https://www.galego.farodevigo.es/galicia/2024/03/22/medio-rural-prohibe-hoy-quemas-agricolas-forestales-galicia-99809195.html&text=null%20https://www.galego.farodevigo.es/galicia/2024/03/22/medio-rural-prohibe-hoy-quemas-agricolas-forestales-galicia-99809195.html%3Futm_source%3Dtwitter%26utm_medium%3Dsocial%26utm_campaign%3Dbtn-share%20a%20trav%C3%A9s%20de%20%40Farodevigo)",
        "https://facebook.com/sharer/sharer.php?u=https://galego.farodevigo.es/galicia/2024/03/22/medio-rural-prohibe-hoy-quemas-agricolas-forestales-galicia-99809195.html%3Futm_source%3Dfacebook%26utm_medium%3Dsocial%26utm_campaign%3Dbtn-share)",
        "https://api.whatsapp.com/send",
        "https://twitter.com/intent/tweet"
    ],
    "external_images": [],
    "entities": {
        "persons": [],
        "organizations": [],
        "locations": []
    },
    "rating": null,
    "crawled": "2024-03-22T14:21:59.595+02:00",
    "updated": "2024-03-22T14:21:59.595+02:00"
}