{
    "thread": {
        "uuid": "9e3ab61d2c0f568177adac09d2149d4486eafcee",
        "url": "https://e24.sapo.pt/tempo-ida-praia-amn-alerta-para-mar-perigoso",
        "site_full": "e24.sapo.pt",
        "site": "sapo.pt",
        "site_section": "https://e24.pt/feed",
        "site_categories": [],
        "section_title": "e24",
        "title": "Tempo simpático para ir à praia mas AMN alerta: mar perigoso",
        "title_full": "Tempo simpático para ir à praia mas AMN alerta: mar perigoso",
        "published": "2024-03-22T12:26:00.000+02:00",
        "replies_count": 0,
        "participants_count": 1,
        "site_type": "news",
        "country": "PT",
        "main_image": "https://e24.sapo.pt/wp-content/uploads/2022/07/praia-marinhas.jpeg",
        "performance_score": 0,
        "domain_rank": 1809,
        "domain_rank_updated": "2024-03-19T12:07:56.000+02:00",
        "reach": null,
        "social": {
            "facebook": {
                "likes": 0,
                "comments": 0,
                "shares": 0
            },
            "gplus": {
                "shares": 0
            },
            "pinterest": {
                "shares": 0
            },
            "linkedin": {
                "shares": 0
            },
            "stumbledupon": {
                "shares": 0
            },
            "vk": {
                "shares": 0
            }
        }
    },
    "uuid": "9e3ab61d2c0f568177adac09d2149d4486eafcee",
    "url": "https://e24.sapo.pt/tempo-ida-praia-amn-alerta-para-mar-perigoso",
    "ord_in_thread": 0,
    "parent_url": null,
    "author": "visao.sapo.pt",
    "published": "2024-03-22T12:26:00.000+02:00",
    "title": "Tempo simpático para ir à praia mas AMN alerta: mar perigoso",
    "text": "e24 > Notícias > Cávado > Esposende > Tempo simpático para ida à praia mas AMN alerta para “mar perigoso” Esposende Viana do Castelo Tempo simpático para ida à praia mas AMN alerta para “mar perigoso” Filipe Oitavem Publicado a 22 de Março de 2024 Adicionar um comentário Partilhar 2 minutos de leitura Partilhar – Publicidade – A Autoridade Marítima Nacional (AMN) aconselhou hoje a população a adotar comportamentos de segurança durante este fim de semana.\nDestaques da Notícia Com as temperaturas acima da média a AMN aconselha a população a adotar “comportamentos de segurança numa eventual ida à praia ou zonas costeiras, evitando expor-se desnecessariamente ao risco no mar”. Recomendações em caso de uma ida à praia Com as temperaturas acima da média a AMN aconselha a população a adotar “comportamentos de segurança numa eventual ida à praia ou zonas costeiras, evitando expor-se desnecessariamente ao risco no mar”. “É importante ter em conta que o mar, nesta época do ano é um mar de inverno e apresenta um risco elevado devido aos efeitos da agitação marítima, apresentando também a sua morfologia alterada pelo efeito da ondulação forte que se verifica normalmente neste período do ano, criando nas praias zonas de fundões, declives acentuados, remoinhos e agueiros que não se encontram sinalizados nesta altura do ano”, destaca a AMN.\nA maioria das praias portuguesas não se encontra vigiada nesta altura do ano, isto é, não têm o dispositivo de segurança balnear.\n“Como tal, a resposta a uma situação de socorro poderá ser demorada, pelo que a população deverá ter um comportamento adequado e responsável, não se colocando em situações de risco “, dá nota a AMN.\nRecomendações em caso de uma ida à praia Face à possível afluência junto das praias , a AMN recomenda vigiar permanentemente as crianças e não permitir que se afastem, mantendo-as sempre próximas de um adulto, evitar comportamentos de risco, não se aproximando da água ou caminhar na areia molhada.\nA AMN afirma também para não virar as costas ao mar e “ofereça sempre uma distância de segurança em relação à linha de água, evitando ser surpreendido por uma onda”.\n“Caso testemunhe uma situação de perigo dentro de água, não entrar e pedir ajuda através do 112. Não se esqueça: a sua segurança começa em si”, vaticina a AMN .\n– Publicidade – ETIQUETAS: amn Bom tempo calor e24 Esposende Mar principal Viana do Castelo Subscrever a newsletter semanal e24.pt Mantenha-se atualizado! Receba um resumo das notícias semanais no seu email!\nEmail (Obrigatório) Name Este campo é para efeitos de validação e deve ser mantido inalterado. Ao inscrever-se, concorda e reconhece as práticas de dados na nossa Política de Privacidade . Pode cancelar a subscrição em qualquer altura. Partilhar esta notícia Facebook Twitter WhatsApp WhatsApp LinkedIn Reddit Telegram Copiar ligação Imprimir Partilhar eReações Adorei 0 Feliz 0 Piscadela 0 Surpreso 0 Sonolento 0 Triste 0 Zangado 0 Notícia anterior “Slow J” primeiro nome confirmado no Enterro da Gata 2024 Deixar um comentário Deixar um comentário Deixe um comentário Cancelar resposta O seu endereço de email não será publicado. Campos obrigatórios marcados com *\nComentário *\nNome *\nEmail *\nSite\nGuardar o meu nome, email e site neste navegador para a próxima vez que eu comentar.\nSubscreva a nossa newsletter\nSomos Sociais 41.4k Seguidores Gosto 31 Seguidores Seguir 4.3k Seguidores Seguir 343 Subscritores Subscrever Últimas Notícias Tempo simpático para ida à praia mas AMN alerta para “mar perigoso” Esposende Viana do Castelo 22 de Março de 2024 “Slow J” primeiro nome confirmado no Enterro da Gata 2024 Lifestyle 21 de Março de 2024 Braga: Ricardo Rio espera “bracarenses” no Governo de Luís Montenegro Braga Cávado 21 de Março de 2024 Braga: Música dos “Xutos” adaptada no Hospital para prevenir quedas. Este é o vídeo Braga Cávado 21 de Março de 2024 – Publicidade –",
    "highlightText": "",
    "highlightTitle": "",
    "highlightThreadTitle": "",
    "language": "portuguese",
    "sentiment": "negative",
    "categories": [
        "Weather",
        "Disaster and Accident"
    ],
    "external_links": [
        "https://web.whatsapp.com/send?text=Tempo+simp%C3%A1tico+para+ida+%C3%A0+praia+mas+AMN+alerta+para+%E2%80%9Cmar+perigoso%E2%80%9D",
        "https://twitter.com/E24_pt",
        "https://twitter.com/intent/tweet?text=Tempo+simp%C3%A1tico+para+ida+%C3%A0+praia+mas+AMN+alerta+para+%E2%80%9Cmar+perigoso%E2%80%9D&url=https%3A%2F%2Fe24.sapo.pt%2Ftempo-ida-praia-amn-alerta-para-mar-perigoso%2F&via=e24",
        "https://www.amn.pt/",
        "https://www.facebook.com/sharer.php?u=https%3A%2F%2Fe24.sapo.pt%2Ftempo-ida-praia-amn-alerta-para-mar-perigoso%2F",
        "https://www.visitportugal.com/pt-pt/content/melhores-praias",
        "https://www.reddit.com/submit?url=https%3A%2F%2Fe24.sapo.pt%2Ftempo-ida-praia-amn-alerta-para-mar-perigoso%2F&title=Tempo+simp%C3%A1tico+para+ida+%C3%A0+praia+mas+AMN+alerta+para+%E2%80%9Cmar+perigoso%E2%80%9D",
        "https://linkedin.com/shareArticle?mini=true&url=https%3A%2F%2Fe24.sapo.pt%2Ftempo-ida-praia-amn-alerta-para-mar-perigoso%2F&title=Tempo+simp%C3%A1tico+para+ida+%C3%A0+praia+mas+AMN+alerta+para+%E2%80%9Cmar+perigoso%E2%80%9D",
        "https://facebook.com/E24.pt",
        "https://t.me/share/?url=https%3A%2F%2Fe24.sapo.pt%2Ftempo-ida-praia-amn-alerta-para-mar-perigoso%2F&text=Tempo+simp%C3%A1tico+para+ida+%C3%A0+praia+mas+AMN+alerta+para+%E2%80%9Cmar+perigoso%E2%80%9D",
        "https://e24.pt/politica-de-privacidade/",
        "https://instagram.com/e24.pt",
        "https://www.youtube.com/@E24pt",
        "https://e24.pt/politica-de-privacidade",
        "https://youtube.com/@E24pt",
        "https://www.web.whatsapp.com/send?text=Tempo+simp%C3%A1tico+para+ida+%C3%A0+praia+mas+AMN+alerta+para+%E2%80%9Cmar+perigoso%E2%80%9D",
        "https://www.facebook.com/E24.pt",
        "https://reddit.com/submit?url=https%3A%2F%2Fe24.sapo.pt%2Ftempo-ida-praia-amn-alerta-para-mar-perigoso%2F&title=Tempo+simp%C3%A1tico+para+ida+%C3%A0+praia+mas+AMN+alerta+para+%E2%80%9Cmar+perigoso%E2%80%9D",
        "https://www.amn.pt",
        "https://web.whatsapp.com/send",
        "https://t.me/share/",
        "https://amn.pt/",
        "https://www.twitter.com/E24_pt",
        "https://www.facebook.com/sharer.php",
        "https://www.reddit.com/submit",
        "https://www.instagram.com/e24.pt",
        "https://www.twitter.com/intent/tweet?text=Tempo+simp%C3%A1tico+para+ida+%C3%A0+praia+mas+AMN+alerta+para+%E2%80%9Cmar+perigoso%E2%80%9D&url=https%3A%2F%2Fe24.sapo.pt%2Ftempo-ida-praia-amn-alerta-para-mar-perigoso%2F&via=e24",
        "https://www.linkedin.com/shareArticle?mini=true&url=https%3A%2F%2Fe24.sapo.pt%2Ftempo-ida-praia-amn-alerta-para-mar-perigoso%2F&title=Tempo+simp%C3%A1tico+para+ida+%C3%A0+praia+mas+AMN+alerta+para+%E2%80%9Cmar+perigoso%E2%80%9D",
        "https://www.e24.pt/politica-de-privacidade/",
        "https://visitportugal.com/pt-pt/content/melhores-praias",
        "https://facebook.com/sharer.php?u=https%3A%2F%2Fe24.sapo.pt%2Ftempo-ida-praia-amn-alerta-para-mar-perigoso%2F",
        "https://linkedin.com/shareArticle",
        "https://twitter.com/intent/tweet",
        "https://www.t.me/share/?url=https%3A%2F%2Fe24.sapo.pt%2Ftempo-ida-praia-amn-alerta-para-mar-perigoso%2F&text=Tempo+simp%C3%A1tico+para+ida+%C3%A0+praia+mas+AMN+alerta+para+%E2%80%9Cmar+perigoso%E2%80%9D"
    ],
    "external_images": [],
    "entities": {
        "persons": [],
        "organizations": [],
        "locations": []
    },
    "rating": null,
    "crawled": "2024-03-22T12:30:14.341+02:00",
    "updated": "2024-03-22T12:30:14.341+02:00"
}