{
    "thread": {
        "uuid": "6f1a4447d06116979fc0d6e484c93470d5812c65",
        "url": "https://globegazette.com/weather/nh-wfo-portland-warnings-watches-and-advisories/article_ad4eb177-51b3-5d64-ae39-a213b4a61552.html",
        "site_full": "globegazette.com",
        "site": "globegazette.com",
        "site_section": "http://globegazette.com/search/?f=rss&t=article&c=weather&l=50&s=start_time&sd=desc",
        "site_categories": [
            "media"
        ],
        "section_title": "globegazette.com - RSS Results in weather of type article",
        "title": "NH WFO PORTLAND Warnings, Watches, and Advisories",
        "title_full": "NH WFO PORTLAND Warnings, Watches, and Advisories",
        "published": "2024-03-22T09:02:00.000+02:00",
        "replies_count": 0,
        "participants_count": 1,
        "site_type": "news",
        "country": "US",
        "main_image": "https://bloximages.chicago2.vip.townnews.com/globegazette.com/content/tncms/custom/image/4a008fc8-c542-11ea-80d0-f71aedfaa0ef.jpg?resize=600%2C315",
        "performance_score": 0,
        "domain_rank": 30901,
        "domain_rank_updated": "2024-03-19T12:07:56.000+02:00",
        "reach": null,
        "social": {
            "facebook": {
                "likes": 0,
                "comments": 0,
                "shares": 0
            },
            "gplus": {
                "shares": 0
            },
            "pinterest": {
                "shares": 0
            },
            "linkedin": {
                "shares": 0
            },
            "stumbledupon": {
                "shares": 0
            },
            "vk": {
                "shares": 0
            }
        }
    },
    "uuid": "6f1a4447d06116979fc0d6e484c93470d5812c65",
    "url": "https://globegazette.com/weather/nh-wfo-portland-warnings-watches-and-advisories/article_ad4eb177-51b3-5d64-ae39-a213b4a61552.html",
    "ord_in_thread": 0,
    "parent_url": null,
    "author": "Accuweather",
    "published": "2024-03-22T09:02:00.000+02:00",
    "title": "NH WFO PORTLAND Warnings, Watches, and Advisories",
    "text": "WFO PORTLAND Warnings, Watches and Advisories for Sunday, March 24, 2024\nAREAL FLOOD WATCH\nURGENT - IMMEDIATE BROADCAST REQUESTED\nFlood Watch\nNational Weather Service Gray ME\n257 AM EDT Fri Mar 22 2024\n.A period of heavy rain is expected on Saturday as low pressure\nmoves up the coast. This period of heavy rain may be sandwiched in\nbetween mixed precipitation Friday night and again Saturday evening\nand night. However, up to 2 inches of rain on cold ground may cause\nurban and small stream flooding.\nPeople are also reading…\n...FLOOD WATCH IN EFFECT FROM SATURDAY AFTERNOON THROUGH SATURDAY\nEVENING...\n* WHAT...Flooding caused by excessive rainfall is possible.\n* WHERE...Portions of Maine, including the following areas, Coastal\nCumberland, Coastal Waldo, Coastal York, Knox, Lincoln and\nSagadahoc and New Hampshire, including the following areas,\nCoastal Rockingham, Eastern Hillsborough, Interior Rockingham and\nStrafford.\n* WHEN...From Saturday afternoon through Saturday evening.\n* IMPACTS...Excessive runoff may result in flooding of rivers,\ncreeks, streams, and other low-lying and flood-prone locations.\nPRECAUTIONARY/PREPAREDNESS ACTIONS...\nYou should monitor the latest forecast and be alert for possible\nFlood Warnings. Those living in areas prone to flooding should be\nprepared to take action should flooding develop.\nCopyright 2024 AccuWeather",
    "highlightText": "",
    "highlightTitle": "",
    "highlightThreadTitle": "",
    "language": "english",
    "sentiment": "negative",
    "categories": [
        "Disaster and Accident",
        "Weather"
    ],
    "external_links": [],
    "external_images": [],
    "entities": {
        "persons": [
            {
                "name": "lincoln",
                "sentiment": "none"
            },
            {
                "name": "knox",
                "sentiment": "none"
            }
        ],
        "organizations": [
            {
                "name": "interior rockingham",
                "sentiment": "none"
            },
            {
                "name": "eastern hillsborough",
                "sentiment": "none"
            }
        ],
        "locations": [
            {
                "name": "portland",
                "sentiment": "none"
            },
            {
                "name": "coastal waldo",
                "sentiment": "none"
            },
            {
                "name": "coastal cumberland",
                "sentiment": "none"
            },
            {
                "name": "coastal rockingham",
                "sentiment": "none"
            },
            {
                "name": "strafford",
                "sentiment": "none"
            },
            {
                "name": "maine",
                "sentiment": "none"
            },
            {
                "name": "new hampshire",
                "sentiment": "none"
            },
            {
                "name": "coastal york",
                "sentiment": "none"
            },
            {
                "name": "sagadahoc",
                "sentiment": "none"
            }
        ]
    },
    "rating": null,
    "crawled": "2024-03-22T09:54:31.829+02:00",
    "updated": "2024-03-22T09:54:31.829+02:00"
}