{
    "thread": {
        "uuid": "418cc8daf6ad4e8d8eec51dabe1b6fcca2c36ebc",
        "url": "https://www.theadvocate.com.au/video/national/x8vbtu2/evacuations-in-nt-ahead-of-one-in-a-hundred-year-flood",
        "site_full": "www.theadvocate.com.au",
        "site": "theadvocate.com.au",
        "site_section": "https://theadvocate.com.au/video",
        "site_categories": [
            "media"
        ],
        "section_title": "Video | The Advocate | Burnie, TAS",
        "title": "Evacuations in NT ahead of ‘one-in-a-hundred-year flood’ | The Advocate | Burnie, TAS",
        "title_full": "Evacuations in NT ahead of ‘one-in-a-hundred-year flood’ | The Advocate | Burnie, TAS",
        "published": "2024-03-22T02:07:00.000+02:00",
        "replies_count": 0,
        "participants_count": 0,
        "site_type": "news",
        "country": "AU",
        "main_image": "https://s2.dmcdn.net/v/V-0hA1b_Dd2Zo2BlS/x480",
        "performance_score": 0,
        "domain_rank": 62839,
        "domain_rank_updated": "2024-03-19T12:08:01.000+02:00",
        "reach": null,
        "social": {
            "facebook": {
                "likes": 0,
                "comments": 0,
                "shares": 0
            },
            "gplus": {
                "shares": 0
            },
            "pinterest": {
                "shares": 0
            },
            "linkedin": {
                "shares": 0
            },
            "stumbledupon": {
                "shares": 0
            },
            "vk": {
                "shares": 0
            }
        }
    },
    "uuid": "418cc8daf6ad4e8d8eec51dabe1b6fcca2c36ebc",
    "url": "https://www.theadvocate.com.au/video/national/x8vbtu2/evacuations-in-nt-ahead-of-one-in-a-hundred-year-flood",
    "ord_in_thread": 0,
    "parent_url": null,
    "author": null,
    "published": "2024-03-22T02:07:00.000+02:00",
    "title": "Evacuations in NT ahead of ‘one-in-a-hundred-year flood’ | The Advocate | Burnie, TAS",
    "text": "Ad Video National Video National News Home Home Page News Local News Court and Crime Property History Health Politics Business Education Tasmania Votes Rural National World Young and Regional Motoring News Cost of Living Sport Live Local Sport Scores and Draws Football NRL A-League Soccer AFL Netball Basketball Hockey Bowls Racing National Sport World Sport What's On Things to do Food and Drink Family and Kids Music and Gigs Theatre and Arts TV Guide Movies Today's Paper Video Breaking Local National Viral World Animal Politics Crime Entertainment Sport Community Babies, Weddings & Obituaries Newsletters Competitions & Sponsorships Send Us Your News Photo Sales Sponsorships Comment Your Say Our Say Opinion Jobs Notices Tributes Celebrations Cars Place a Job Ad Place Classifieds Ad Ag and Rural Garage Sales Recommended Features Special Publications Partner Content RELA Life & Style Life Puzzles Celebrity Shopping Books Photos and Video Heartbeat of Australia Discount Codes Press releases from AAP Emergency Quick Links Today’s Paper Download our app Interactive Puzzles Video Network Explore Travel View Jobs AgTrader View Insurance Beevo Contact us Help Centre Terms & Conditions - Digital Terms & Conditions - Newspaper Privacy Policy About us Conditions of Use The Advocate's complete view of property Home / Video / National Evacuations in NT ahead of ‘one-in-a-hundred-year flood’ Updated March 22 2024 - 2:05pm , first published 11:07am Updated March 22 2024 - 2:05pm , first published 11:07am Facebook Twitter Whatsapp Email Copy Share Facebook Twitter Whatsapp Email Copy Advertisement Ad Advertisement Ad Australian Community Media ACM Website Conditions of Use Privacy Terms and Conditions - Digital Subscription Terms and Conditions - Newspaper Subscription The Advocate Contact About Us Working With Us Today's Paper Commenting Guidelines View Property Edition Help Centre Our Sites View Explore View Insurance Beevo Place an Ad Classifieds Cars Jobs Tributes Celebrations Promo Codes AgTrader Whizz Garage Sales Submit Send a Letter to the Editor Send Us Your News Ad",
    "highlightText": "",
    "highlightTitle": "",
    "highlightThreadTitle": "",
    "language": "english",
    "sentiment": "negative",
    "categories": [
        "Disaster and Accident",
        "Weather"
    ],
    "external_links": [],
    "external_images": [],
    "entities": {
        "persons": [
            {
                "name": "burnie",
                "sentiment": "negative"
            }
        ],
        "organizations": [
            {
                "name": "tas ad video national video national news home home page news local news court",
                "sentiment": "negative"
            },
            {
                "name": "video heartbeat of australia discount codes press",
                "sentiment": "none"
            },
            {
                "name": "arts tv guide movies today",
                "sentiment": "none"
            },
            {
                "name": "food and drink family",
                "sentiment": "none"
            }
        ],
        "locations": []
    },
    "rating": null,
    "crawled": "2024-03-22T04:10:53.344+02:00",
    "updated": "2024-03-22T09:29:56.967+02:00"
}