{
    "thread": {
        "uuid": "6e4b8e850a0fba2b33993db9d54fe5a8f519040b",
        "url": "https://news.ava360.com/calgarians-dig-out-after-spring-storm-brings-over-20-cm-of-snow_ca18c2e99.html",
        "site_full": "news.ava360.com",
        "site": "ava360.com",
        "site_section": "https://news.ava360.com/rss.php",
        "site_categories": [],
        "section_title": "AVA 360 News | Latest Worldwide Media News - RSS Feed",
        "title": "Calgarians dig out after spring storm brings over 20 cm of snow",
        "title_full": "Calgarians dig out after spring storm brings over 20 cm of snow",
        "published": "2024-03-22T11:00:00.000+02:00",
        "replies_count": 0,
        "participants_count": 1,
        "site_type": "news",
        "country": "AD",
        "main_image": "https://i.ytimg.com/vi/kBaP2M44KOc/0.jpg",
        "performance_score": 0,
        "domain_rank": 54149,
        "domain_rank_updated": "2024-03-19T12:08:01.000+02:00",
        "reach": null,
        "social": {
            "facebook": {
                "likes": 0,
                "comments": 0,
                "shares": 0
            },
            "gplus": {
                "shares": 0
            },
            "pinterest": {
                "shares": 0
            },
            "linkedin": {
                "shares": 0
            },
            "stumbledupon": {
                "shares": 0
            },
            "vk": {
                "shares": 0
            }
        }
    },
    "uuid": "6e4b8e850a0fba2b33993db9d54fe5a8f519040b",
    "url": "https://news.ava360.com/calgarians-dig-out-after-spring-storm-brings-over-20-cm-of-snow_ca18c2e99.html",
    "ord_in_thread": 0,
    "parent_url": null,
    "author": "Ava",
    "published": "2024-03-22T11:00:00.000+02:00",
    "title": "Calgarians dig out after spring storm brings over 20 cm of snow",
    "text": "After two days of being under a snowfall warning, Environment and Climate Change Canada (ECCC) said Calgary, Cochrane and parts of central Alberta along the QEII highway were past the worst of the spring snow event Thursday afternoon.\nAs of 10 a.m. on Thursday, ECCC said Calgary International Airport received 22 centimetres, the most of the seven stations the federal agency reported.\nAccording to Global Calgary chief meteorologist Tiffany Lizee, Calgary has seen 42 centimetres of snow this month, with the normal for March being 23 centimetres.\nCalgary police said 104 collisions were reported on Thursday to 4 p.m., including 20 injury collisions, 6 non-injury hit and runs, and two hit and runs that resulted in injuries.\nCity of Calgary snow crews worked overnight and throughout Thursday to continue to clear the most trafficked roads.\nFor more info, please go to https://globalnews.ca/news/10376363/crews-clear-calgary-roads-snowfall-warning-ends/\nSubscribe to Global News Channel HERE: http://bit.ly/20fcXDc\nLike Global News on Facebook HERE: http://bit.ly/255GMJQ\nFollow Global News on Twitter HERE: http://bit.ly/1Toz8mt\nFollow Global News on Instagram HERE: https://bit.ly/2QZaZIB\n#GlobalNews #weather #snow\nAs of 10 a.m. on Thursday, ECCC said Calgary International Airport received 22 centimetres, the most of the seven stations the federal agency reported.\nAccording to Global Calgary chief meteorologist Tiffany Lizee, Calgary has seen 42 centimetres of snow this month, with the normal for March being 23 centimetres.\nCalgary police said 104 collisions were reported on Thursday to 4 p.m., including 20 injury collisions, 6 non-injury hit and runs, and two hit and runs that resulted in injuries.\nCity of Calgary snow crews worked overnight and throughout Thursday to continue to clear the most trafficked roads.\nFor more info, please go to https://globalnews.ca/news/10376363/crews-clear-calgary-roads-snowfall-warning-ends/\nSubscribe to Global News Channel HERE: http://bit.ly/20fcXDc\nLike Global News on Facebook HERE: http://bit.ly/255GMJQ\nFollow Global News on Twitter HERE: http://bit.ly/1Toz8mt\nFollow Global News on Instagram HERE: https://bit.ly/2QZaZIB\n#GlobalNews #weather #snow\n- Category\nU.S. & Canada\n- Tags\nglobal news, calgary, weather",
    "highlightText": "",
    "highlightTitle": "",
    "highlightThreadTitle": "",
    "language": "english",
    "sentiment": "negative",
    "categories": [
        "Weather",
        "Disaster and Accident"
    ],
    "external_links": [
        "https://bit.ly/2QZaZIB",
        "https://globalnews.ca/news/10376363/crews-clear-calgary-roads-snowfall-warning-ends/",
        "http://bit.ly/1Toz8mt",
        "http://bit.ly/20fcXDc",
        "http://bit.ly/255GMJQ",
        "https://globalnews.ca/news/10376363/crews-clear-calgary-roads-snowfall-warning-ends",
        "https://www.globalnews.ca/news/10376363/crews-clear-calgary-roads-snowfall-warning-ends/",
        "http://www.bit.ly/255GMJQ",
        "http://www.bit.ly/1Toz8mt",
        "https://www.bit.ly/2QZaZIB",
        "http://www.bit.ly/20fcXDc"
    ],
    "external_images": [],
    "entities": {
        "persons": [
            {
                "name": "cochrane",
                "sentiment": "none"
            },
            {
                "name": "tiffany lizee",
                "sentiment": "none"
            }
        ],
        "organizations": [
            {
                "name": "environment and climate change canada",
                "sentiment": "negative"
            },
            {
                "name": "global calgary",
                "sentiment": "none"
            },
            {
                "name": "calgary international airport",
                "sentiment": "none"
            },
            {
                "name": "eccc",
                "sentiment": "none"
            }
        ],
        "locations": [
            {
                "name": "alberta",
                "sentiment": "none"
            },
            {
                "name": "calgary",
                "sentiment": "none"
            }
        ]
    },
    "rating": null,
    "crawled": "2024-03-22T11:21:43.595+02:00",
    "updated": "2024-03-22T11:21:43.595+02:00"
}