{
    "thread": {
        "uuid": "b00036d077f29b81d970f919ec670c6af650fdc4",
        "url": "https://news.sky.com/story/retail-sales-flatline-as-wet-weather-dampens-demand-13099657",
        "site_full": "news.sky.com",
        "site": "sky.com",
        "site_section": "https://news.sky.com",
        "site_categories": [
            "politics",
            "media",
            "financial_news",
            "law_government_and_politics",
            "finance"
        ],
        "section_title": "The Latest News from the UK and Around the World | Sky News",
        "title": "Retail sales flatline as wet weather dampens demand | Business News | Sky News",
        "title_full": "Retail sales flatline as wet weather dampens demand | Business News | Sky News",
        "published": "2024-03-22T08:19:00.000+02:00",
        "replies_count": 0,
        "participants_count": 1,
        "site_type": "news",
        "country": "GB",
        "main_image": "https://e3.365dm.com/24/03/1600x900/skynews-retail-shops-shoppers_6497475.jpg?20240322062236",
        "performance_score": 0,
        "domain_rank": 586,
        "domain_rank_updated": "2024-03-19T12:07:56.000+02:00",
        "reach": null,
        "social": {
            "facebook": {
                "likes": 0,
                "comments": 0,
                "shares": 1
            },
            "gplus": {
                "shares": 0
            },
            "pinterest": {
                "shares": 0
            },
            "linkedin": {
                "shares": 0
            },
            "stumbledupon": {
                "shares": 0
            },
            "vk": {
                "shares": 0
            }
        }
    },
    "uuid": "b00036d077f29b81d970f919ec670c6af650fdc4",
    "url": "https://news.sky.com/story/retail-sales-flatline-as-wet-weather-dampens-demand-13099657",
    "ord_in_thread": 0,
    "parent_url": null,
    "author": "Sky UK Limited",
    "published": "2024-03-22T08:19:00.000+02:00",
    "title": "Retail sales flatline as wet weather dampens demand | Business News | Sky News",
    "text": "Retail sales flatline as wet weather dampens demand Online spending was up last month as heavy rainfall put off many shoppers from heading to the high street. Friday 22 March 2024 07:39, UK Retail sales flatlined in February as \"extremely\" wet weather put off shoppers from heading to the high street. There was 0% growth in the sector last month, according to new figures from the Office for National Statistics (ONS) on Friday. It said a good performance for clothes shops and department stores was offset by falls in food and fuel sales, possibly because of rising prices at the pumps. [Money latest - Where property prices are going up and where they're falling](https://news.sky.com/story/inflation-latest-interest-rates-mortgage-money-blog-sky-news-live-13040934) However, it appears the weather also had a major impact as consumers also shunned in-person stores in favour of online shopping. February was [one of the wettest](https://news.sky.com/story/uk-weather-february-was-warmest-since-records-began-in-england-and-wales-13084406) since records began, with the south of England experiencing more than twice the level of average rainfall. Read more from business: [New Brexit border post could be demolished](https://news.sky.com/story/portsmouths-new-brexit-border-post-could-be-demolished-without-ever-being-used-13099358) [Bank of England keeps interest rate at 5.25%](https://news.sky.com/story/bank-of-england-keeps-interest-rate-at-5-25-but-cut-moves-closer-13098984) [US justice department sues Apple](https://news.sky.com/story/apple-has-kept-an-illegal-monopoly-over-smartphones-us-justice-department-claims-in-lawsuit-13099281) [ ](/download-app) Be the first to get Breaking News Install the Sky News app for free Heather Bovill, deputy director for surveys and economic indicators at the ONS, said: \"Many shops told us that an extremely wet February reduced in-store sales. \"But, with people staying indoors, we saw a boost of 2.1% in the amount spent online.\" The figure was better than the -0.3% growth predicted by economists in a Reuters poll. It comes following a [surprise increase in retail sales](https://news.sky.com/story/surprise-surge-in-retail-sales-suggests-economy-is-growing-despite-uk-entering-recession-13072731) in January.",
    "highlightText": "",
    "highlightTitle": "",
    "highlightThreadTitle": "",
    "language": "english",
    "sentiment": "negative",
    "categories": [
        "Economy, Business and Finance",
        "Weather"
    ],
    "external_links": [],
    "external_images": [],
    "entities": {
        "persons": [],
        "organizations": [
            {
                "name": "office for national statistics (ons",
                "sentiment": "none"
            }
        ],
        "locations": [
            {
                "name": "uk",
                "sentiment": "none"
            },
            {
                "name": "england",
                "sentiment": "none"
            }
        ]
    },
    "rating": null,
    "crawled": "2024-03-22T09:46:09.372+02:00",
    "updated": "2024-03-22T09:46:09.372+02:00"
}