{
    "thread": {
        "uuid": "6cf19089fd6d215ae968d4f6979bb2188cc9db1b",
        "url": "https://www.elperiodic.com/tren-borrascas-desplome-termico-dejara-chubascos-posibilidad-nieve-complica-semana-santa-comunitat-valenciana_950942",
        "site_full": "www.elperiodic.com",
        "site": "elperiodic.com",
        "site_section": "https://www.elperiodic.com/rss_general.xml",
        "site_categories": [
            "non_standard_content",
            "adult"
        ],
        "section_title": "Noticias de Valencia, Alicante y Castellón",
        "title": "Un tren de borrascas y un desplome térmico dejará chubascos y posibilidad de nieve: se complica la Semana Santa en la Comunitat Valenciana",
        "title_full": "Un tren de borrascas y un desplome térmico dejará chubascos y posibilidad de nieve: se complica la Semana Santa en la Comunitat Valenciana",
        "published": "2024-03-22T11:13:00.000+02:00",
        "replies_count": 0,
        "participants_count": 1,
        "site_type": "news",
        "country": "ES",
        "main_image": "https://www.elperiodic.com/archivos/imagenes/noticias/2024/03/22/focscudxeaaofvp_og.jpeg",
        "performance_score": 0,
        "domain_rank": 67839,
        "domain_rank_updated": "2024-03-19T12:08:01.000+02:00",
        "reach": null,
        "social": {
            "facebook": {
                "likes": 0,
                "comments": 0,
                "shares": 0
            },
            "gplus": {
                "shares": 0
            },
            "pinterest": {
                "shares": 0
            },
            "linkedin": {
                "shares": 0
            },
            "stumbledupon": {
                "shares": 0
            },
            "vk": {
                "shares": 0
            }
        }
    },
    "uuid": "6cf19089fd6d215ae968d4f6979bb2188cc9db1b",
    "url": "https://www.elperiodic.com/tren-borrascas-desplome-termico-dejara-chubascos-posibilidad-nieve-complica-semana-santa-comunitat-valenciana_950942",
    "ord_in_thread": 0,
    "parent_url": null,
    "author": "elperiodic.com",
    "published": "2024-03-22T11:13:00.000+02:00",
    "title": "Un tren de borrascas y un desplome térmico dejará chubascos y posibilidad de nieve: se complica la Semana Santa en la Comunitat Valenciana",
    "text": "Un tren de borrascas y un desplome térmico dejará chubascos y posibilidad de nieve: se complica la Semana Santa en la Comunitat Valenciana\nAunque no se esperan grandes precipitaciones por ahora, parece que el tiempo puede ser algo desapacible algunos días de esta Semana Santa\nTras dejar atrás la DANA que ha afectado la Comunitat Valenciana en forma de polvo en suspensión, nieblas y una pésima visibilidad estos días, este fin de semana se espera tranquilo en general.\nY es que parece que el inicio de la Semana Santa, especialmente el Domingo de Ramos, no hay que sufrir por mirar al cielo, es más, las temperaturas serán parecidas a las de estos días, es decir, noches frías y ambiente templado en las horas centrales.\nA partir del lunes santo el tiempo se complica\nSerá este próximo lunes cuando tendremos que empezar a mirar al cielo, pues las primeras precipitaciones llegarán y lo harán de forma débil y más probables en el norte de la Comunitat Valenciana.\nSerá el martes la jornada con más precipitaciones y serán generalizadas, pudiendo afectar cualquier punto de la geografía valenciana, siendo un día muy fresco. Eso sí, estas lluvias serán más abundantes durante la madrugada.\nEl miércoles la lluvia se quedaría más hacia el interior, sin descartar que puedan afectar el litoral.\nTambién es probable la posibilidad de que la nieve haga acto de presencia en los puntos más altos de la Comunitat Valenciana, algo que no es de extrañar en esta época.\nA partir del jueves santo se acercarán nuevas borrascas que aún están por determinar su colocación y qué lugares puede afectar.\nLo que parece claro es que el tiempo será inestable, seguiremos necesitando el abrigo durante algunas horas del día y habrá que estar pendientes del cielo durante casi todos los días de esta Semana Santa.\nEs importante recalcar que las lluvias no parece que vayan a ser muy cuantiosas de momento, especialmente en puntos costeros.\nLa incertidumbre de los últimos días de Semana Santa hace que aún no esté claro el pronóstico, por lo que emplazamos a los lectores a seguir muy atentos a través de este portal web.",
    "highlightText": "",
    "highlightTitle": "",
    "highlightThreadTitle": "",
    "language": "spanish",
    "sentiment": "negative",
    "categories": [
        "Weather"
    ],
    "external_links": [],
    "external_images": [],
    "entities": {
        "persons": [],
        "organizations": [],
        "locations": []
    },
    "rating": null,
    "crawled": "2024-03-22T12:51:37.995+02:00",
    "updated": "2024-03-22T12:51:37.995+02:00"
}