{
    "thread": {
        "uuid": "ffe5edf1bd559f2f95baa5493d4dba798c537198",
        "url": "https://www.elperiodicodearagon.com/redactor/2024/03/22/pantanos-mezalocha-torcas-encuentran-torno-99645674.html",
        "site_full": "www.elperiodicodearagon.com",
        "site": "elperiodicodearagon.com",
        "site_section": "https://www.elperiodicodearagon.com/rss/",
        "site_categories": [
            "media",
            "education",
            "business"
        ],
        "section_title": "",
        "title": "Los pantanos de Mezalocha y Las Torcas se encuentran en torno al 15% de capacidad",
        "title_full": "Los pantanos de Mezalocha y Las Torcas se encuentran en torno al 15% de capacidad",
        "published": "2024-03-22T08:21:00.000+02:00",
        "replies_count": 0,
        "participants_count": 1,
        "site_type": "news",
        "country": "ES",
        "main_image": "",
        "performance_score": 0,
        "domain_rank": 22661,
        "domain_rank_updated": "2024-03-19T12:07:56.000+02:00",
        "reach": null,
        "social": {
            "facebook": {
                "likes": 0,
                "comments": 0,
                "shares": 0
            },
            "gplus": {
                "shares": 0
            },
            "pinterest": {
                "shares": 0
            },
            "linkedin": {
                "shares": 0
            },
            "stumbledupon": {
                "shares": 0
            },
            "vk": {
                "shares": 0
            }
        }
    },
    "uuid": "ffe5edf1bd559f2f95baa5493d4dba798c537198",
    "url": "https://www.elperiodicodearagon.com/redactor/2024/03/22/pantanos-mezalocha-torcas-encuentran-torno-99645674.html",
    "ord_in_thread": 0,
    "parent_url": null,
    "author": "CARMELO LOSTAL",
    "published": "2024-03-22T08:21:00.000+02:00",
    "title": "Los pantanos de Mezalocha y Las Torcas se encuentran en torno al 15% de capacidad",
    "text": "Situación de extrema sequía\nLos pantanos de Mezalocha y Las Torcas se encuentran en torno al 15% de capacidad\nCARMELO LOSTAL\nLa ribera del Huerva se encuentra en una situación de extrema sequía, permaneciendo los dos pantanos que la regulan, Mezalocha y Las Torcas (Tosos), en torno al 15 % de su capacidad. Todo ello en fechas donde aún no ha dado comienzo la verdadera campaña de riegos de cara a la subida de temperaturas. La CHE, por cuarto mes consecutivo, mantiene en situación de emergencia la totalidad de la zona.\nPor lo que respecta al embalse de Mezalocha, la reserva de agua tan solo alcanza un teórico 15,39 %, cifra artificial y engañosa, habida cuenta del aterramiento en el lecho de la presa, con un total abandono de cualquier tipo de limpieza de lodos desde hace decenios, lo que hace que el almacenamiento sea prácticamente inexistente.\nPREOCUPACIÓN\nEn toda la zona, los frentes de lluvias no llegan y los que llegan apenas descargan algo de precipitación, por lo que la preocupación entre los regantes es notoria, aplazando o incluso desechando el cultivo en más de la mitad de hectáreas regables por las pésimas perspectivas. Ya el 2023 fue un año pésimo, con escasísimas e irregulares precipitaciones y golpes de calor extremo que afectaron a la mayoría de los cultivos.",
    "highlightText": "",
    "highlightTitle": "",
    "highlightThreadTitle": "",
    "language": "spanish",
    "sentiment": "negative",
    "categories": [
        "Weather",
        "Environment"
    ],
    "external_links": [],
    "external_images": [],
    "entities": {
        "persons": [],
        "organizations": [],
        "locations": []
    },
    "rating": null,
    "crawled": "2024-03-22T09:30:17.977+02:00",
    "updated": "2024-03-22T09:30:17.977+02:00"
}