{
    "thread": {
        "uuid": "5425b41472fa5b993c3838ec95a1f6a0faa43e87",
        "url": "https://www.dnoticias.pt/2024/3/22/398688-madeira-com-vento-chuva-granizo-e-trovoada-esta-sexta-feira",
        "site_full": "www.dnoticias.pt",
        "site": "dnoticias.pt",
        "site_section": "https://turismo.dnoticias.pt/rss.xml",
        "site_categories": [
            "tech"
        ],
        "section_title": "Últimas notícias da plataforma DNOTICIAS.PT da empresa do Diário de Notícias da Madeira",
        "title": "Madeira com vento, chuva, granizo e trovoada esta sexta-feira",
        "title_full": "Madeira com vento, chuva, granizo e trovoada esta sexta-feira",
        "published": "2024-03-22T09:10:00.000+02:00",
        "replies_count": 0,
        "participants_count": 1,
        "site_type": "news",
        "country": "PT",
        "main_image": "https://static-storage.dnoticias.pt/www-assets.dnoticias.pt/images/configuration/fb-9/logoASP_0481_M9rDSGs.JPEG",
        "performance_score": 0,
        "domain_rank": 65175,
        "domain_rank_updated": "2024-03-19T12:08:01.000+02:00",
        "reach": null,
        "social": {
            "facebook": {
                "likes": 0,
                "comments": 0,
                "shares": 0
            },
            "gplus": {
                "shares": 0
            },
            "pinterest": {
                "shares": 0
            },
            "linkedin": {
                "shares": 0
            },
            "stumbledupon": {
                "shares": 0
            },
            "vk": {
                "shares": 0
            }
        }
    },
    "uuid": "5425b41472fa5b993c3838ec95a1f6a0faa43e87",
    "url": "https://www.dnoticias.pt/2024/3/22/398688-madeira-com-vento-chuva-granizo-e-trovoada-esta-sexta-feira",
    "ord_in_thread": 0,
    "parent_url": null,
    "author": "Carolina Rodrigues",
    "published": "2024-03-22T09:10:00.000+02:00",
    "title": "Madeira com vento, chuva, granizo e trovoada esta sexta-feira",
    "text": "Madeira com vento, chuva, granizo e trovoada esta sexta-feira O Instituto Português do Mar e da Atmosfera (IPMA) prevê que, na Madeira, esta seja uma sexta-feira com céu geralmente muito nublado, com aguaceiros por vezes fortes, que poderão ser pontualmente de granizo e acompanhados de trovoada. [Aviso amarelo para chuva na costa Sul da Madeira a partir das 11 horas de sexta-feira](https://www.dnoticias.pt/2024/3/21/398647-aviso-amarelo-para-chuva-na-costa-sul-da-madeira-a-partir-das-11-horas-de-sexta-feira/) O Instituto Português do Mar e da Atmosfera emitiu um novo aviso para precipitação forte. Desta feita trata-se de um aviso amarelo que se aplica à Costa Sul da Madeira, em vigor entre as 11 horas de sexta-feira e as 9 horas de sábado, dia 23 de Março. O vento será moderado (20 a 35 km/h) de norte/nordeste, soprando por vezes forte (até 45 km/h), em especial nas terras altas, com rajadas até 90 km/h, e nos extremos leste e oeste da ilha da Madeira, com rajadas até 70 km/h. Quanto à temperatura, haverá uma pequena descida, com esta a oscilar entre os 14.ºC de mínima e os 21.ºC de máxima na Madeira. No Porto Santo, a temperatura vai variar entre os 14.ºC de mínima e os 20.ºC de máxima. Para o Funchal também está previsto céu geralmente muito nublado, com possibilidade de ocorrência de aguaceiros, em especial a partir do final da tarde. O vento será em geral fraco (inferior a 20 km/h) predominando de nordeste. Quanto ao estado do mar, o IPMA aponta para ondas de norte com 3,5 a 4,5 metros na Costa Norte. Já para a Costa Sul são esperadas ondas oeste com 1 metro, sendo inferiores a 1 metro na parte mais leste. A temperatura da água do mar irá variar entre 19 e os 20 ºC.",
    "highlightText": "",
    "highlightTitle": "",
    "highlightThreadTitle": "",
    "language": "portuguese",
    "sentiment": "negative",
    "categories": [
        "Weather"
    ],
    "external_links": [],
    "external_images": [],
    "entities": {
        "persons": [],
        "organizations": [],
        "locations": []
    },
    "rating": null,
    "crawled": "2024-03-22T09:29:00.839+02:00",
    "updated": "2024-03-22T09:54:43.142+02:00"
}