{
    "thread": {
        "uuid": "98c3c13ae416fd97cf20c142f2642f0c88262461",
        "url": "https://la1ere.francetvinfo.fr/reunion/madagascar-alerte-verte-et-jaune-fortes-pluies-et-orages-sur-la-cote-est-1474305.html",
        "site_full": "la1ere.francetvinfo.fr",
        "site": "francetvinfo.fr",
        "site_section": "https://francetvinfo.fr",
        "site_categories": [
            "travel",
            "france"
        ],
        "section_title": "Franceinfo - Actualit&eacute;s en temps r&eacute;el et info en direct",
        "title": "Madagascar : alerte verte et jaune, fortes pluies et orages, sur la côte Est - Réunion la 1ère",
        "title_full": "Madagascar : alerte verte et jaune, fortes pluies et orages, sur la côte Est - Réunion la 1ère",
        "published": "2024-03-22T04:30:00.000+02:00",
        "replies_count": 0,
        "participants_count": 1,
        "site_type": "news",
        "country": "FR",
        "main_image": "https://la1ere.francetvinfo.fr/image/ixVtqHhT3M9QVHQZff9Ov8VQjIg/930x620/outremer/2024/03/22/mada-jaune-et-vert-65fd22492f1ac963572094.jpg",
        "performance_score": 0,
        "domain_rank": 1425,
        "domain_rank_updated": "2024-03-19T12:07:56.000+02:00",
        "reach": null,
        "social": {
            "facebook": {
                "likes": 0,
                "comments": 0,
                "shares": 0
            },
            "gplus": {
                "shares": 0
            },
            "pinterest": {
                "shares": 0
            },
            "linkedin": {
                "shares": 0
            },
            "stumbledupon": {
                "shares": 0
            },
            "vk": {
                "shares": 0
            }
        }
    },
    "uuid": "98c3c13ae416fd97cf20c142f2642f0c88262461",
    "url": "https://la1ere.francetvinfo.fr/reunion/madagascar-alerte-verte-et-jaune-fortes-pluies-et-orages-sur-la-cote-est-1474305.html",
    "ord_in_thread": 0,
    "parent_url": null,
    "author": "Fabrice Floch",
    "published": "2024-03-22T04:30:00.000+02:00",
    "title": "Madagascar : alerte verte et jaune, fortes pluies et orages, sur la côte Est - Réunion la 1ère",
    "text": "À Madagascar, encore plus qu’à La Réunion, les fortes pluies et orage peuvent avoir des conséquences dramatiques pour la population. Deux alertes (verte et jaune.) ont été émises par les prévisionnistes de la Grande île.\nCe vendredi 22 mars, l’épisode pluvieux orageux devrait toucher la côte Est au Sud de Vohipeno, Manakara, Mananjry et Taolognaro, précise météomadagascar.mg . La vigilance est de couleur verte.\nSamedi 23 et dimanche 24 mars, l’alerte jaune, concerne les villes et villages situés entre Tvavavy et Antalaha.\nLes alertes à Madagascar comportent quatre couleurs : la moins importante est bleue, elle est suivie du jaune, du vert et du rouge. Comme chez nous, ces avis varient au fil des analyses et des certitudes.\nDeux perturbations potentielles sont sous surveillance. L'une en orange et loin à l'Est, la seconde en jaune et au Nord du département. • ©Météo-France La Réunion Deux zones suspectes\nMalgré l’importante présence nuageuse au Nord des Mascareignes en cette fin mars 2024, aucune tempête tropicale ne menace notre département dans les cinq prochains jours. Une zone orangée va se rapprocher de l’île Rodrigues, puis de Maurice et de La Réunion. Elle est encore très éloignée et pour l’instant, ne présente pas de danger.\nLa seconde, au Nord-Nord-Ouest est de couleur jaune. Là encore, rien de nouveau n’est envisagé d’ici plusieurs jours. Le risque de voir un système s’organiser ce dimanche est de 10%, écrit Météo-France La Réunion.",
    "highlightText": "",
    "highlightTitle": "",
    "highlightThreadTitle": "",
    "language": "french",
    "sentiment": "negative",
    "categories": [
        "Disaster and Accident",
        "Weather"
    ],
    "external_links": [
        "https://www.meteomadagascar.mg/vigilance/",
        "https://meteofrance.re/fr/cyclone",
        "https://www.meteofrance.re/fr/cyclone",
        "https://www.meteomadagascar.mg/vigilance",
        "https://meteomadagascar.mg/vigilance/"
    ],
    "external_images": [],
    "entities": {
        "persons": [],
        "organizations": [],
        "locations": []
    },
    "rating": null,
    "crawled": "2024-03-22T08:44:52.076+02:00",
    "updated": "2024-03-22T10:28:33.117+02:00"
}