{
    "thread": {
        "uuid": "9a7ca28bca2710171e8133421f21efaaf35696da",
        "url": "https://www.elespanol.com/malaga/vivir/20240322/aemet-confirma-lluvia-bastante-persistente-lunes-santo-malaga/841915986_0.html",
        "site_full": "www.elespanol.com",
        "site": "elespanol.com",
        "site_section": "https://elespanol.com/malaga",
        "site_categories": [
            "non_standard_content",
            "adult"
        ],
        "section_title": "De Málaga  - Toda la actualidad de Málaga - El ESPAÑOL",
        "title": "La Aemet confirma lluvia \"bastante persistente\" el Lunes Santo en Málaga",
        "title_full": "La Aemet confirma lluvia \"bastante persistente\" el Lunes Santo en Málaga",
        "published": "2024-03-22T13:31:00.000+02:00",
        "replies_count": 0,
        "participants_count": 1,
        "site_type": "news",
        "country": "ES",
        "main_image": "https://s1.elespanol.com/2023/04/04/malaga/cultura/cofradias/753684650_232181358_1706x960.jpg",
        "performance_score": 0,
        "domain_rank": 2565,
        "domain_rank_updated": "2024-03-19T12:07:56.000+02:00",
        "reach": null,
        "social": {
            "facebook": {
                "likes": 0,
                "comments": 0,
                "shares": 0
            },
            "gplus": {
                "shares": 0
            },
            "pinterest": {
                "shares": 0
            },
            "linkedin": {
                "shares": 0
            },
            "stumbledupon": {
                "shares": 0
            },
            "vk": {
                "shares": 0
            }
        }
    },
    "uuid": "9a7ca28bca2710171e8133421f21efaaf35696da",
    "url": "https://www.elespanol.com/malaga/vivir/20240322/aemet-confirma-lluvia-bastante-persistente-lunes-santo-malaga/841915986_0.html",
    "ord_in_thread": 0,
    "parent_url": null,
    "author": "Sebastián Sánchez",
    "published": "2024-03-22T13:31:00.000+02:00",
    "title": "La Aemet confirma lluvia \"bastante persistente\" el Lunes Santo en Málaga",
    "text": "[Vivir](/malaga/vivir/) La Aemet confirma lluvia \"bastante persistente\" el Lunes Santo en Málaga La Agencia Estatal de Meteorología apunta la posibilidad de precipitaciones también en la parte final del Domingo de Ramos y el Martes Santo.22 marzo, 2024 12:31 [@rastepiu](https://twitter.com/rastepiu) Noticias relacionadas Lo que para una provincia seca y sedienta como Málaga es una bendición, se convierte en una pésima noticia para las cofradías de Semana Santa. Las [lluvias van a ser protagonistas en la noche-madrugada del Domingo de Ramos al Lunes Santo](https://www.elespanol.com/malaga/cultura/cofradias/20240321/aemet-da-segura-lluvia-lunes-santo-malaga-guarda-prudencia-horas-intensidad/841665863_0.html), así como la práctica totalidad de esta última jornada, lo que puede afectar de lleno al recorrido y a la salida de las cofradías que tienen previsto procesionar esos días. Este es la última previsión que hace la Agencia Estatal de Meteorología (AEMET) a pocas horas del inicio de la Semana Santa, La noticia, que ya se venía apuntando desde hace días, supone un jarro de agua fría, especialmente, para las hermandades del Lunes Santo, entre las que adquiere un protagonismo especial El Cautivo, al tiempo que siembra de incertidumbre a aquellas que estén recorriendo las calles de la capital de la Costa del Sol en la noche en la madrugada del lunes. \"Conforme avance la madrugada del lunes aumenta la probabilidad de lluvia\", afirma Jesús Riesco, el director del Centro Meteorológico de Málaga. Los datos dejan poco lugar a la duda y confirman el Lunes Santo, en la práctica totalidad de la provincia y durante casi toda la jornada, habrá precipitaciones \"bastante persistentes\". \"Es el día más complicado\", confirma Riesco en relación con las cofradías. Pero no es el único día en que la lluvia puede ser protagonista. El Martes Santo continuará la inestabilidad, pero es cierto que \"aumenta la incertidumbre\". \"Nos llega la otra depresión del norte que puede afectar al martes y el miércoles\", explica. Con los datos en la mano, el Domingo de Ramos, a priori, transcurrirá con normalidad durante la primera parte del día. Sin embargo, al final de la jornada puede caer algo un chubasco \"disperso\", que puede estar acompañado de barro. Conforme a la información disponible en este momento, que habrá que ir puliendo con el paso de las horas, el Jueves Santo es el día menos amenazado por la meteorología. De hecho, Riesco admite de manera prudente que al final de la Semana Santa podría entrar en la Península una nueva borrasca, cuyo impacto sobre la provincia aún se ignora con precisión. Más allá de la incidencia evidente que esta información tiene sobre la Semana Santa, tanto este viernes como mañana sábado se mantiene la previsión de [calima](https://www.elespanol.com/malaga/20240321/cielo-tine-naranja-calima-ataca-nuevo-malaga-anos-despues-gran-ola-barro/841666228_0.html), aunque sin precipitaciones. Los termómetros siguen con temperaturas muy por encima de lo normal.",
    "highlightText": "",
    "highlightTitle": "",
    "highlightThreadTitle": "",
    "language": "spanish",
    "sentiment": "negative",
    "categories": [
        "Weather"
    ],
    "external_links": [
        "https://twitter.com/rastepiu)",
        "https://www.twitter.com/rastepiu)"
    ],
    "external_images": [],
    "entities": {
        "persons": [],
        "organizations": [],
        "locations": []
    },
    "rating": null,
    "crawled": "2024-03-22T13:46:34.820+02:00",
    "updated": "2024-03-22T13:46:34.820+02:00"
}