{
    "thread": {
        "uuid": "1193c275039167cd2bec9b399f22de6c6a697a3c",
        "url": "https://www.elimparcial.com/deporte/2024/03/22/padres-de-san-diego-cancelan-su-fanfest-2024",
        "site_full": "www.elimparcial.com",
        "site": "elimparcial.com",
        "site_section": "https://www.elimparcial.com/rss/feed.xml",
        "site_categories": [
            "media"
        ],
        "section_title": "",
        "title": "Padres de San Diego cancelan su FanFest 2024",
        "title_full": "Padres de San Diego cancelan su FanFest 2024",
        "published": "2024-03-22T04:00:00.000+02:00",
        "replies_count": 0,
        "participants_count": 1,
        "site_type": "news",
        "country": "MX",
        "main_image": "",
        "performance_score": 0,
        "domain_rank": 33474,
        "domain_rank_updated": "2024-03-19T12:07:56.000+02:00",
        "reach": null,
        "social": {
            "facebook": {
                "likes": 0,
                "comments": 0,
                "shares": 0
            },
            "gplus": {
                "shares": 0
            },
            "pinterest": {
                "shares": 0
            },
            "linkedin": {
                "shares": 0
            },
            "stumbledupon": {
                "shares": 0
            },
            "vk": {
                "shares": 0
            }
        }
    },
    "uuid": "1193c275039167cd2bec9b399f22de6c6a697a3c",
    "url": "https://www.elimparcial.com/deporte/2024/03/22/padres-de-san-diego-cancelan-su-fanfest-2024",
    "ord_in_thread": 0,
    "parent_url": null,
    "author": "Heriberto Muñoz",
    "published": "2024-03-22T04:00:00.000+02:00",
    "title": "Padres de San Diego cancelan su FanFest 2024",
    "text": "Padres de San Diego cancelan su FanFest 2024 Debido a los pronosticos del clima para este fin de semana, los Padres de San Diego cancelaron la edición 2024 de su FanFest e informaron que recompensarán a sus aficionados. Por los pronósticos del clima, los Padres de San Diego decidieron cancelar su edición 2024 del FanFest que tenían programada para este domingo en Petco Park. Para los aficionados que retiraron por medio de su portal los boletos que eran gratuitos, se les dará a cambio entradas para los juegos de preparación ante los Marineros de Seattle que se jugarán el lunes 25 de marzo a las 18:40 y el martes 26 a las 13:10. Te puede interesar: [¡Se perderá a Messi! Fan de Rayados intenta usar boleto filtrado vs Inter de Miami y acaba muy mal](https://www.elimparcial.com/deporte/2024/03/21/se-perdera-a-messi-fan-de-rayados-intenta-usar-boleto-filtrado-vs-inter-de-miami-y-acaba-muy-mal/) FanFest canceled due to weather.— Annie Heilbrunn (@annieheilbrunn) [#Padres] [pic.twitter.com/esgvNdL3B9] [March 22, 2024] “Debido a las expectativas del clima que incluyen la posibilidad de tormenta eléctrica, fuertes lluvias y viento”, explicaron como las razones de su cancelación mediante un boletín. El FanFest de este año contemplaba un juego de celebridades de Softbol donde participarían Brandon Moreno, Rey Mysterio Jr, Landon Donovan, Drew Brees, Alex Morgan. We will be honoring our beloved former Chairman and Owner, Peter Seidler, with a celebration of life ceremony at— San Diego Padres (@Padres) [@PetcoPark]on Saturday, March 23 at 1pm PT 💛 Details: [https://t.co/aQBqPu9PU0] [pic.twitter.com/ONSjNDFoDz] [February 8, 2024] En el comunicado se explicó que los aficionados pueden elegir entre el primero juego o segundo ante Marineros de Seattle y los asientos serán los de la parte superior del estadio. El primer nivel de asientos, como parte de la celebración de los 20 años de Petco Park, se mantendrá con un costo de 20 dólares para adultos y 10 para niños. Te puede interesar: [Regresa José ‘Chapulín’ Salas a boxear en TJ tras sparrings con Inoue](https://www.elimparcial.com/deporte/2024/03/21/regresa-jose-chapulin-salas-a-boxear-en-tj-tras-sparrings-con-inoue/) Este sábado tendrán una celebración de la vida de su difunto propietario Peter Seidler, misma que también se movió un par de horas por las condiciones climatológicas. Con el nuevo horario, el evento dará inicio a las 11:00 de este sábado 23 de marzo. For Peter.— San Diego Padres (@Padres) For San Diego. For The Faithful. [pic.twitter.com/qZjtItbWUn] [March 1, 2024]",
    "highlightText": "",
    "highlightTitle": "",
    "highlightThreadTitle": "",
    "language": "spanish",
    "sentiment": "negative",
    "categories": [
        "Social Issue",
        "Weather",
        "Human Interest"
    ],
    "external_links": [],
    "external_images": [],
    "entities": {
        "persons": [],
        "organizations": [],
        "locations": []
    },
    "rating": null,
    "crawled": "2024-03-22T04:12:39.717+02:00",
    "updated": "2024-03-22T08:47:11.430+02:00"
}