{
    "thread": {
        "uuid": "9de52704b3d77bc6df9690f707411f318b2fc267",
        "url": "https://www.wqow.com/video/evening-weather-brief-3-21-24/video_006c9702-92ea-5790-8d92-b30ee82d3633.html",
        "site_full": "www.wqow.com",
        "site": "wqow.com",
        "site_section": "https://www.wqow.com/search/?f=rss&amp",
        "site_categories": [
            "media"
        ],
        "section_title": "www.wqow.com - RSS Results",
        "title": "Evening Weather Brief 3-21-24",
        "title_full": "Evening Weather Brief 3-21-24",
        "published": "2024-03-22T01:44:00.000+02:00",
        "replies_count": 0,
        "participants_count": 0,
        "site_type": "news",
        "country": "US",
        "main_image": "https://bloximages.newyork1.vip.townnews.com/wqow.com/content/tncms/assets/v3/editorial/0/06/006c9702-92ea-5790-8d92-b30ee82d3633/65fcc68a08352.image.jpg?crop=1280%2C672%2C0%2C23&amp;resize=1200%2C630&amp;order=crop%2Cresize",
        "performance_score": 0,
        "domain_rank": 53766,
        "domain_rank_updated": "2024-03-19T12:08:01.000+02:00",
        "reach": null,
        "social": {
            "facebook": {
                "likes": 0,
                "comments": 0,
                "shares": 0
            },
            "gplus": {
                "shares": 0
            },
            "pinterest": {
                "shares": 0
            },
            "linkedin": {
                "shares": 0
            },
            "stumbledupon": {
                "shares": 0
            },
            "vk": {
                "shares": 0
            }
        }
    },
    "uuid": "9de52704b3d77bc6df9690f707411f318b2fc267",
    "url": "https://www.wqow.com/video/evening-weather-brief-3-21-24/video_006c9702-92ea-5790-8d92-b30ee82d3633.html",
    "ord_in_thread": 0,
    "parent_url": null,
    "author": null,
    "published": "2024-03-22T01:44:00.000+02:00",
    "title": "Evening Weather Brief 3-21-24",
    "text": "Evening Weather Brief 3-21-24 Weather Alert ...WINTER WEATHER ADVISORY REMAINS IN EFFECT FROM 10 PM THIS EVENING TO 10 AM CDT FRIDAY... * WHAT...Snow expected. Total snow accumulations of 3 to 5 inches. * WHERE...Portions of south central and southeast Minnesota and northwest and west central Wisconsin. * WHEN...From 10 PM this evening to 10 AM CDT Friday. * IMPACTS...Plan on slippery road conditions. The hazardous conditions could impact the morning commute. PRECAUTIONARY/PREPAREDNESS ACTIONS... Slow down and use caution while traveling. The latest road conditions for the state you are calling from can be obtained by calling 5 1 1. && Currently in Eau Claire 33°F Cloudy 34°F / 22°F 7 PM 33°F 8 PM 32°F 9 PM 30°F 10 PM 30°F 11 PM 28°F Online Poll [ What is your ideal vacation?](/what-is-your-ideal-vacation/poll_1ca360d6-e0b5-11ee-a2d7-534c39b59d4e.html) You voted: © Copyright 2024 [Allen Media Broadcasting](https://allenmediabroadcasting.com/), 5545 Hwy 93 Eau Claire, WI | [Terms of Use](/site/terms.html)| [Privacy Policy](/site/privacy.html) Powered by",
    "highlightText": "",
    "highlightTitle": "",
    "highlightThreadTitle": "",
    "language": "english",
    "sentiment": "negative",
    "categories": [
        "Weather"
    ],
    "external_links": [
        "https://allenmediabroadcasting.com/",
        "https://allenmediabroadcasting.com",
        "https://www.allenmediabroadcasting.com/"
    ],
    "external_images": [],
    "entities": {
        "persons": [],
        "organizations": [
            {
                "name": "eau claire",
                "sentiment": "none"
            },
            {
                "name": "allen media broadcasting",
                "sentiment": "none"
            }
        ],
        "locations": [
            {
                "name": "minnesota",
                "sentiment": "none"
            },
            {
                "name": "wisconsin",
                "sentiment": "none"
            }
        ]
    },
    "rating": null,
    "crawled": "2024-03-22T02:12:55.253+02:00",
    "updated": "2024-03-22T10:12:38.778+02:00"
}