{
    "thread": {
        "uuid": "7f9ddaa22d14b3ac40754668ecfebdccdb421071",
        "url": "https://www.elnuevosiglo.com.co/nacion/viviendas-damnificadas-en-usme-tras-fuerte-vendabal-de-este-jueves",
        "site_full": "www.elnuevosiglo.com.co",
        "site": "elnuevosiglo.com.co",
        "site_section": "https://elnuevosiglo.com.co/enfrentados",
        "site_categories": [
            "non_standard_content",
            "adult"
        ],
        "section_title": "Enfrentados | El Nuevo Siglo",
        "title": "Viviendas damnificadas en Usme tras fuerte vendabal de este jueves | El Nuevo Siglo",
        "title_full": "Viviendas damnificadas en Usme tras fuerte vendabal de este jueves | El Nuevo Siglo",
        "published": "2024-03-21T02:00:00.000+02:00",
        "replies_count": 0,
        "participants_count": 1,
        "site_type": "news",
        "country": "CO",
        "main_image": "https://www.elnuevosiglo.com.co/sites/default/files/2024-03/Dise%C3%B1o%20sin%20t%C3%ADtulo%20%283%29_2.png",
        "performance_score": 0,
        "domain_rank": 70013,
        "domain_rank_updated": "2024-03-19T12:08:01.000+02:00",
        "reach": null,
        "social": {
            "facebook": {
                "likes": 0,
                "comments": 0,
                "shares": 0
            },
            "gplus": {
                "shares": 0
            },
            "pinterest": {
                "shares": 0
            },
            "linkedin": {
                "shares": 0
            },
            "stumbledupon": {
                "shares": 0
            },
            "vk": {
                "shares": 0
            }
        }
    },
    "uuid": "7f9ddaa22d14b3ac40754668ecfebdccdb421071",
    "url": "https://www.elnuevosiglo.com.co/nacion/viviendas-damnificadas-en-usme-tras-fuerte-vendabal-de-este-jueves",
    "ord_in_thread": 0,
    "parent_url": null,
    "author": "@elnuevosiglo",
    "published": "2024-03-21T02:00:00.000+02:00",
    "title": "Viviendas damnificadas en Usme tras fuerte vendabal de este jueves | El Nuevo Siglo",
    "text": "[Jueves, 21 de Marzo de 2024] Casas inundadas y techos desprendidos en la localidad de Usme, sur de Bogotá, fue el saldo que dejaron las fuertes lluvias y vendavales que se presentaron en este jueves 21 de marzo. Videos que circulan en redes sociales muestran los angustiantes momentos cuando casas se destruyen desde su parte superior. Por otro lado, algunas víctimas del fenómeno natural aseguran que esta noche estarán a la intemperie, pues habitaciones quedaron bajo el agua y, además, en otras zonas no hay energía eléctrica. [Haga clic aquí para seguirnos en WhatsApp](https://www.whatsapp.com/channel/0029Va67qiqCMY0IauxJAF0m) \"El agua abrió la puerta y se entró a la casa, como ven. Aquí toca entrar agachado porque la casa quedó llena de escombro, hasta la cocina\", sostiene un ciudadano en un contenido multimedia. En otro contenido se puede ver cómo el agua avanza con bastante fuerza e ingresa a varias casas, dañando sofás, comedores y diferentes objetos residenciales. Por otro lado, el Instituto Distrital de Gestión de Riesgos y Cambio Climático (Idiger), afirmó que funcionarios ya se encuentran en el lugar y hasta el momento no han dado cifras exactas de las familias damnificadas. \"Nuestro equipo junto con las demás entidades estamos al tanto de la situación y brindaremos el apoyo necesario a los ciudadanos afectados por esta emergencia\", se lee en el comunicado de la entidad. Otros ciudadanos también reportaron daños estructurales en diferentes puntos de la capital.",
    "highlightText": "",
    "highlightTitle": "",
    "highlightThreadTitle": "",
    "language": "spanish",
    "sentiment": "negative",
    "categories": [
        "Weather",
        "Disaster and Accident"
    ],
    "external_links": [
        "https://www.whatsapp.com/channel/0029Va67qiqCMY0IauxJAF0m)",
        "https://whatsapp.com/channel/0029Va67qiqCMY0IauxJAF0m)"
    ],
    "external_images": [],
    "entities": {
        "persons": [],
        "organizations": [],
        "locations": []
    },
    "rating": null,
    "crawled": "2024-03-22T05:07:38.514+02:00",
    "updated": "2024-03-22T05:07:38.514+02:00"
}