{
    "thread": {
        "uuid": "f0d09fae060497c8d8f7fc3f2876559326a1805d",
        "url": "https://www.benningtonbanner.com/lifestyle/me-wfo-caribou-warnings-watches-and-advisories/article_f535dba5-f9d0-538f-a52c-248127ec84e1.html",
        "site_full": "www.benningtonbanner.com",
        "site": "benningtonbanner.com",
        "site_section": "http://www.benningtonbanner.com/search/?f=rss&t=article&c=lifestyle&l=50&s=start_time&sd=desc",
        "site_categories": [
            "media"
        ],
        "section_title": "www.benningtonbanner.com - RSS Results in lifestyle of type article",
        "title": "ME WFO CARIBOU Warnings, Watches, and Advisories",
        "title_full": "ME WFO CARIBOU Warnings, Watches, and Advisories",
        "published": "2024-03-22T10:16:00.000+02:00",
        "replies_count": 0,
        "participants_count": 1,
        "site_type": "news",
        "country": "US",
        "main_image": "https://bloximages.newyork1.vip.townnews.com/benningtonbanner.com/content/tncms/custom/image/90f2e3da-429a-11ee-98fe-73f3cd906334.png?resize=600%2C315",
        "performance_score": 0,
        "domain_rank": 41105,
        "domain_rank_updated": "2024-03-19T12:08:01.000+02:00",
        "reach": null,
        "social": {
            "facebook": {
                "likes": 0,
                "comments": 0,
                "shares": 0
            },
            "gplus": {
                "shares": 0
            },
            "pinterest": {
                "shares": 0
            },
            "linkedin": {
                "shares": 0
            },
            "stumbledupon": {
                "shares": 0
            },
            "vk": {
                "shares": 0
            }
        }
    },
    "uuid": "f0d09fae060497c8d8f7fc3f2876559326a1805d",
    "url": "https://www.benningtonbanner.com/lifestyle/me-wfo-caribou-warnings-watches-and-advisories/article_f535dba5-f9d0-538f-a52c-248127ec84e1.html",
    "ord_in_thread": 0,
    "parent_url": null,
    "author": "Accuweather",
    "published": "2024-03-22T10:16:00.000+02:00",
    "title": "ME WFO CARIBOU Warnings, Watches, and Advisories",
    "text": "WFO CARIBOU Warnings, Watches and Advisories for Friday, March 22, 2024\nWINTER STORM WATCH\nURGENT - WINTER WEATHER MESSAGE\nNational Weather Service Caribou ME\n411 AM EDT Fri Mar 22 2024\n...WINTER STORM WARNING IN EFFECT FROM 4 AM SATURDAY TO 8 AM EDT\nSUNDAY...\n* WHAT...Heavy snow expected. Total snow accumulations between 9 and\n14 inches. Winds gusting as high as 40 mph.\n* WHERE...Portions of Central Highlands, Far Eastern, Far Northern,\nNorth Woods, and Penobscot Valley Maine\n* WHEN...From 4 AM Saturday to 8 AM EDT Sunday.\n* IMPACTS...Travel will be very difficult due to heavy snowfall and\nreduced visibility in areas of blowing snow. Strong winds could\ncause extensive damage to trees and power lines.\nPRECAUTIONARY/PREPAREDNESS ACTIONS...\nA Winter Storm Warning for snow means severe winter weather\nconditions will make travel extremely dangerous. If you must travel,\nkeep an extra flashlight, food, and water in your vehicle in case of\nan emergency.\nThe latest road conditions for Maine can be obtained by going to\n...WINTER STORM WATCH REMAINS IN EFFECT FROM LATE TONIGHT THROUGH\nSUNDAY MORNING...\n* WHAT...Heavy snow possible. Total snow accumulations between 6 and\n11 inches possible. Winds could gust as high as 40 mph.\n* WHERE...Northwest Aroostook, Central Washington, and Interior\nHancock Counties.\n* WHEN...From late tonight through Sunday morning.\n* IMPACTS...Travel could be very difficult due to heavy snowfall and\nA Winter Storm Watch means there is potential for significant snow,\nsleet or ice accumulations that may impact travel. Continue to\nmonitor the latest forecasts.\n...FLOOD WATCH IN EFFECT FROM SATURDAY AFTERNOON THROUGH LATE\nSATURDAY NIGHT...\n* WHAT...Heavy rainfall may lead to localized flooding.\n* WHERE...A portion of Coastal DownEast Maine, including the\nfollowing areas, Coastal Hancock and Coastal Washington.\n* WHEN...From Saturday afternoon through late Saturday night.\n* IMPACTS...Excessive runoff may result in flooding of rivers,\ncreeks, streams, and other low-lying and flood-prone locations.\n* ADDITIONAL DETAILS...\n- Total rainfall amounts of 2 to 2.25 inches possible along the\nDowneast coast. Heaviest rainfall rates expected Saturday\nevening through late Saturday night.\n-\nhttp://www.weather.gov/safety/flood\nYou should monitor later forecasts and be alert for possible Flood\nWarnings. Those living in areas prone to flooding should be prepared\nto take action should flooding develop.\nCopyright 2024 AccuWeather",
    "highlightText": "",
    "highlightTitle": "",
    "highlightThreadTitle": "",
    "language": "english",
    "sentiment": "negative",
    "categories": [
        "Weather"
    ],
    "external_links": [
        "http://www.weather.gov/safety/flood",
        "http://weather.gov/safety/flood"
    ],
    "external_images": [],
    "entities": {
        "persons": [
            {
                "name": "north woods",
                "sentiment": "none"
            }
        ],
        "organizations": [
            {
                "name": "far eastern",
                "sentiment": "none"
            }
        ],
        "locations": [
            {
                "name": "central highlands",
                "sentiment": "none"
            },
            {
                "name": "penobscot valley maine",
                "sentiment": "none"
            },
            {
                "name": "maine",
                "sentiment": "none"
            }
        ]
    },
    "rating": null,
    "crawled": "2024-03-22T12:27:45.106+02:00",
    "updated": "2024-03-22T12:27:45.106+02:00"
}