{
    "thread": {
        "uuid": "b89d08e90f57859201990c95ee01aeb8aef636f7",
        "url": "https://www.natureworldnews.com/articles/61060/20240322/southern-weather-forecast-isolated-tornadoes-hail-unload-weekend.htm",
        "site_full": "www.natureworldnews.com",
        "site": "natureworldnews.com",
        "site_section": "https://natureworldnews.com/environment",
        "site_categories": [
            "science"
        ],
        "section_title": "Environment News | Nature World News",
        "title": "Southern US Weather Forecast: Isolated Tornadoes, Hail to Unload This Weekend | Nature World News",
        "title_full": "Southern US Weather Forecast: Isolated Tornadoes, Hail to Unload This Weekend | Nature World News",
        "published": "2024-03-22T02:00:00.000+02:00",
        "replies_count": 0,
        "participants_count": 1,
        "site_type": "news",
        "country": "US",
        "main_image": "https://1471793142.rsc.cdn77.org/data/images/full/69853/live-zoom-earth-satellite-weather-via-nedis-noaa.png",
        "performance_score": 0,
        "domain_rank": 13845,
        "domain_rank_updated": "2024-03-19T12:07:56.000+02:00",
        "reach": null,
        "social": {
            "facebook": {
                "likes": 0,
                "comments": 0,
                "shares": 0
            },
            "gplus": {
                "shares": 0
            },
            "pinterest": {
                "shares": 0
            },
            "linkedin": {
                "shares": 0
            },
            "stumbledupon": {
                "shares": 0
            },
            "vk": {
                "shares": 0
            }
        }
    },
    "uuid": "b89d08e90f57859201990c95ee01aeb8aef636f7",
    "url": "https://www.natureworldnews.com/articles/61060/20240322/southern-weather-forecast-isolated-tornadoes-hail-unload-weekend.htm",
    "ord_in_thread": 0,
    "parent_url": null,
    "author": "Kenneth John",
    "published": "2024-03-22T02:00:00.000+02:00",
    "title": "Southern US Weather Forecast: Isolated Tornadoes, Hail to Unload This Weekend | Nature World News",
    "text": "The latest weather forecast warns of challenging weather conditions in portions of the Southern US this week due to a severe outlook. Homeowners should stay alert for severe conditions, causing slower commutes and power outages this March's end. The Southern US has experienced challenging weather conditions this March, with isolated tornadoes, severe weather conditions, slower commutes, isolated [tornadoes](https://www.youtube.com/watch?v=cXcgDcm7HQs&t=37s), and hail. Recently, [NWN](https://www.natureworldnews.com/articles/61002/20240318/nws-weather-forecast-florida-slight-risk-excessive-rainfall-hit-week.htm) has covered the potential poor weather outlook in parts of the Southwest and Texas. People in the affected areas are advised to keep alert with [forecasts](https://www.youtube.com/watch?v=2Kbj1DE8Be4) to stay safe from severe weather, that impacts portions of the Plains, Tennessee Valley, Ohio Valley, and Mississippi. In addition, the [National Weather Service](https://www.accuweather.com/en/severe-weather/flooding-hail-and-tornado-threat-looms-for-central-southeastern-us-to-end-march/1632349) (NWS) warns of a potential winter storm in the Upper Midwest and Northern Plains this week, bringing potential snow and hazardous weather conditions. In Texas, the [NOAA advisory](https://twitter.com/NOAADrought/status/1770824874035913000) shows that the drought outlook can expand in parts of the state. With the recent heavy rain, it can likely help ease the dry conditions in the region. Weather Conditions in the Southeastern US this March Recently, NWS warned of a developing Gulf Coast storm in the region, with potential threats of flooding, and heavy rain. The Southern US and Mid-Atlantic were also at risk of poor weather this late Thursday and weekend. The latest forecast shows that a possible surge of severe weather can unload in the central and southeastern US this week. Limiting unessential outdoor activities is recommended to keep safe from the severe weather. The impact of warm conditions and an active jet stream will allow the emergence of thunderstorms and showers over the Gulf of Mexico. The forecast shows that severe weather can erupt on Saturday, with potential flooding risk, hail, isolated tornadoes, and heavy rain. According to a weather report for the weekend, severe weather is expected in the following areas: - Kansas City - Wichita - Springfield - Oklahoma City - Lubbock - Abilene - Dallas - Austin Severe weather potential can likely extend early next week, with a risk of thunderstorm conditions in portions of Oklahoma, Texas, and the Mississippi Valley. Early next week, severe thunderstorms can unload in the following areas: - Little Rock - Houston - Jackson - Shreveport - Memphis - Nashville - St. Louis In [Houston](https://twitter.com/NWSHouston/status/1770857873603527141), a special weather statement is issued in some areas. Additionally, a special marine warning is present in the waters from High Island to Freeport. On Saturday night, possible snowfall can unload in Helena, Billings, Rapid City, Bismarck, Rapid City, Fargo, Sioux Falls, Omaha, Thunder Bay, Minneapolis, and Omaha. Also Read: [NWS Weather Forecast in Florida: Slight Risk of Excessive Rainfall To Hit This Week](https://www.natureworldnews.com/articles/61002/20240318/nws-weather-forecast-florida-slight-risk-excessive-rainfall-hit-week.htm) Tornado and Severe Weather Preparedness This Weekend According to [forecasts](https://www.natureworldnews.com/articles/61053/20240321/california-nws-forecast-light-moderate-rain-hit-late-week-severe.htm), severe weather outlook can unload in the Southern US this week, bringing risks of tornadoes and severe weather. The forecast warns of challenging conditions, particularly nocturnal tornadoes. Homeowners should keep updated with forecasts, and limit outdoor activities to keep safe from the weather. When tornadoes emerge, people should evacuate to secure shelters, keeping away from open areas, doors, and windows. Related Article: [Northeast to Expect Heavy Snowfall This Weekend; New Storm To Unload in Upper Midwest](https://www.natureworldnews.com/articles/61052/20240320/northeast-expect-heavy-snowfall-weekend-new-storm-unload-upper-midwest.htm) For more similar stories, don't forget to follow [Nature World News](https://www.natureworldnews.com/). © 2024 NatureWorldNews.com All rights reserved. Do not reproduce without permission.",
    "highlightText": "",
    "highlightTitle": "",
    "highlightThreadTitle": "",
    "language": "english",
    "sentiment": "negative",
    "categories": [
        "Weather"
    ],
    "external_links": [
        "https://www.accuweather.com/en/severe-weather/flooding-hail-and-tornado-threat-looms-for-central-southeastern-us-to-end-march/1632349)",
        "http://www.youtube.com/watch?v=2Kbj1DE8Be4)",
        "http://www.youtube.com/watch?v=cXcgDcm7HQs",
        "https://twitter.com/NWSHouston/status/1770857873603527141),",
        "https://twitter.com/NOAADrought/status/1770824874035913000)",
        "https://www.twitter.com/NWSHouston/status/1770857873603527141),",
        "https://www.twitter.com/NOAADrought/status/1770824874035913000)",
        "https://accuweather.com/en/severe-weather/flooding-hail-and-tornado-threat-looms-for-central-southeastern-us-to-end-march/1632349)",
        "http://youtube.com/watch?v=2Kbj1DE8Be4)",
        "http://youtube.com/watch?v=cXcgDcm7HQs",
        "http://www.youtube.com/watch"
    ],
    "external_images": [],
    "entities": {
        "persons": [],
        "organizations": [
            {
                "name": "national weather service",
                "sentiment": "none"
            }
        ],
        "locations": [
            {
                "name": "southern us",
                "sentiment": "none"
            },
            {
                "name": "us",
                "sentiment": "none"
            },
            {
                "name": "southwest",
                "sentiment": "none"
            },
            {
                "name": "mississippi",
                "sentiment": "none"
            },
            {
                "name": "tennessee valley",
                "sentiment": "none"
            },
            {
                "name": "texas",
                "sentiment": "none"
            },
            {
                "name": "ohio valley",
                "sentiment": "none"
            }
        ]
    },
    "rating": null,
    "crawled": "2024-03-22T08:04:55.994+02:00",
    "updated": "2024-03-29T13:47:28.216+03:00"
}