{
    "thread": {
        "uuid": "5e5f12a86492cc668ce2cb7b8be2093bd688608b",
        "url": "https://www.tvazteca.com/aztecanoticias/clima-en-mexico-hoy-22-marzo-frente-frio-traera-fuertes-lluvias-y-granizo",
        "site_full": "www.tvazteca.com",
        "site": "tvazteca.com",
        "site_section": "https://www.tvazteca.com/aztecanoticias",
        "site_categories": [
            "vehicles"
        ],
        "section_title": "Azteca Noticias. Fuerza Informativa Azteca. Las noticias de última hora y de interés nacional e internacional.",
        "title": "Clima en México hoy 22 de marzo: Frente frío traerá fuertes lluvias y granizo",
        "title_full": "Clima en México hoy 22 de marzo: Frente frío traerá fuertes lluvias y granizo",
        "published": "2024-03-21T02:00:00.000+02:00",
        "replies_count": 0,
        "participants_count": 1,
        "site_type": "news",
        "country": "MX",
        "main_image": "https://tvazteca.brightspotcdn.com/dims4/default/e6a7876/2147483647/strip/true/crop/1238x650+31+0/resize/1200x630!/quality/90/?url=http%3A%2F%2Ftv-azteca-brightspot.s3.amazonaws.com%2Fd3%2Fa5%2F962859984e7ebd8b25fd2e1619d5%2Fclimaa.jpg",
        "performance_score": 0,
        "domain_rank": 29066,
        "domain_rank_updated": "2024-03-19T12:07:56.000+02:00",
        "reach": null,
        "social": {
            "facebook": {
                "likes": 0,
                "comments": 0,
                "shares": 0
            },
            "gplus": {
                "shares": 0
            },
            "pinterest": {
                "shares": 0
            },
            "linkedin": {
                "shares": 0
            },
            "stumbledupon": {
                "shares": 0
            },
            "vk": {
                "shares": 0
            }
        }
    },
    "uuid": "5e5f12a86492cc668ce2cb7b8be2093bd688608b",
    "url": "https://www.tvazteca.com/aztecanoticias/clima-en-mexico-hoy-22-marzo-frente-frio-traera-fuertes-lluvias-y-granizo",
    "ord_in_thread": 0,
    "parent_url": null,
    "author": "Pilar Espinoza",
    "published": "2024-03-21T02:00:00.000+02:00",
    "title": "Clima en México hoy 22 de marzo: Frente frío traerá fuertes lluvias y granizo",
    "text": "¡Pronóstico del clima en México! Este 22 de marzo el Frente frío No. 41 traerá fuertes lluvias, granizo y tolnaveras, pese a ello, el calor no se acabrá. El frente frío No. 41 provocará grandes efectos en clima en México este 22 de marzo, porque se esperan lluvias con intervalos de chubascos en el suroeste del Golfo de México y la Península de Yucatán, presentándose lluvias puntuales fuertes, acompañadas de descargas eléctricas y caída de granizo en Puebla, Veracruz, Campeche, Yucatán y Quintana Roo. También habrá viento de componente norte con rachas de hasta 60 km/h en el litoral de Tamaulipas, Veracruz, Tabasco y Campeche, así como viento de 40 a 60 km/h y probables tolvaneras en la Mesa del Norte y Mesa Central. Finalmente, prevalecerá el ambiente caluroso a muy caluroso en la mayor parte del territorio nacional, con temperaturas máximas superiores a 40 °C en regiones de Sinaloa, Nayarit, Jalisco, Colima, Michoacán, Guerrero, Morelos (sur), Oaxaca, Chiapas, Tabasco, Campeche, Yucatán y Quintana Roo. ¿Habrá lluvias en México hoy? Esto dice el pronóstico del clima La Comisión Nacional del Agua ( Conagua ) establece que para este viernes 22 de marzo se esperan lluvias fuertes con puntuales muy fuertes en algunos estados de la República, ¿dónde? - Chubascos con lluvias puntuales fuertes en Puebla, Veracruz, Campeche, Yucatán y Quintana Roo. - Intervalos de chubascos en Hidalgo, Oaxaca, Chiapas y Tabasco. - Lluvias aisladas en Nuevo León, Tamaulipas, San Luis Potosí y Querétaro. Las altas temperaturas continuarán en México; llegaremos a los 45 grados El ambiente caluroso predominará en México, donde algunas zonas de la República Mexicana alcanzarán hasta los 45 grados, ¿cuáles serán los estados más afectados por las temperaturas extremas de este viernes 22 de marzo? - Temperaturas máximas de 40 a 45 °C en Sinaloa, Nayarit, Jalisco, Colima, Michoacán, Guerrero, Morelos (sur), Oaxaca, Chiapas, Tabasco, Campeche, Yucatán y Quintana Roo. - Temperaturas máximas de 35 a 40 °C en Tamaulipas, San Luis Potosí, Zacatecas, Guanajuato, Querétaro, Hidalgo, Estado de México (suroeste), Puebla (suroeste) y Veracruz (sur). ☀️🥵 Ayer, miércoles, se registraron 44.1 grados— CONAGUA Clima (@conagua_clima) [#Celsius]de [#Temperatura]máxima en Ciudad Altamirano, [#Guerrero]. Ve más en el gráfico. Consulta diariamente los mapas de temperaturas mínimas y máximas en ⬇️ [pic.twitter.com/wijDRlrFpQ] [March 21, 2024] La CDMX podría llegar hasta lo 30 grados este viernes 22 de marzo En la Ciudad de México y Edomex se pronostica ambiente templado al amanecer y fresco en zonas altas de la región. Por la tarde, cielo despejado, ambiente de cálido a caluroso y sin lluvia en ambas entidades. - Temperatura máxima estimada en la Ciudad de México: 29 a 31 °C. - Temperatura mínima estimada en la Ciudad de México: 14 a 16 °C.",
    "highlightText": "",
    "highlightTitle": "",
    "highlightThreadTitle": "",
    "language": "spanish",
    "sentiment": "negative",
    "categories": [
        "Weather"
    ],
    "external_links": [
        "https://www.gob.mx/conagua",
        "https://gob.mx/conagua"
    ],
    "external_images": [],
    "entities": {
        "persons": [],
        "organizations": [],
        "locations": []
    },
    "rating": null,
    "crawled": "2024-03-22T05:13:10.783+02:00",
    "updated": "2024-03-22T05:13:10.783+02:00"
}