{
    "thread": {
        "uuid": "93a5d779be655fece00b31d61d891f55957eddd2",
        "url": "https://ground.news/article/colder-temperatures-across-the-region-with-potential-winter-storm-impacts-in-the-eastern-plains-this-weekend",
        "site_full": "ground.news",
        "site": "ground.news",
        "site_section": "https://ground.news/interest/winter-storm",
        "site_categories": [],
        "section_title": "Winter Storm Breaking News Headlines Today | Ground News",
        "title": "Ground News - Colder temperatures across the region with potential winter storm impacts in the eastern plains this weekend",
        "title_full": "Ground News - Colder temperatures across the region with potential winter storm impacts in the eastern plains this weekend",
        "published": "2024-03-22T00:39:00.000+02:00",
        "replies_count": 0,
        "participants_count": 1,
        "site_type": "news",
        "country": "US",
        "main_image": "",
        "performance_score": 0,
        "domain_rank": 29362,
        "domain_rank_updated": "2024-03-19T12:07:56.000+02:00",
        "reach": null,
        "social": {
            "facebook": {
                "likes": 0,
                "comments": 0,
                "shares": 0
            },
            "gplus": {
                "shares": 0
            },
            "pinterest": {
                "shares": 0
            },
            "linkedin": {
                "shares": 0
            },
            "stumbledupon": {
                "shares": 0
            },
            "vk": {
                "shares": 0
            }
        }
    },
    "uuid": "93a5d779be655fece00b31d61d891f55957eddd2",
    "url": "https://ground.news/article/colder-temperatures-across-the-region-with-potential-winter-storm-impacts-in-the-eastern-plains-this-weekend",
    "ord_in_thread": 0,
    "parent_url": null,
    "author": "KULR-TV",
    "published": "2024-03-22T00:39:00.000+02:00",
    "title": "Ground News - Colder temperatures across the region with potential winter storm impacts in the eastern plains this weekend",
    "text": "Summary by KULR-TV A strong winter storm is expected to impact much of the region starting Saturday evening through Sunday. Temperatures will drop from the upper 30s and 40s Saturday, to the low to upper 20s Sunday. Several inches of snow will also… Share menu 0 Articles 0 Articles All Left Center Right\nKULR-TV Media Conglomerate: Cowles Company Independent: Stephan Marks Colder temperatures across the region with potential winter storm impacts in the eastern plains this weekend A strong winter storm is expected to impact much of the region starting Saturday evening through Sunday. Temperatures will drop from the upper 30s and 40s Saturday, to the low to upper 20s Sunday. Several inches of snow will also…\n1 hour ago · Billings, United States Read Full Article\nKULR-TV Media Conglomerate: Cowles Company Independent: Stephan Marks\nColder temperatures across the region with potential winter storm impacts in the eastern plains this weekend A strong winter storm is expected to impact much of the region starting Saturday evening through Sunday. Temperatures will drop from the upper 30s and 40s Saturday, to the low to upper 20s Sunday. Several inches of snow will also…\n1 hour ago · Billings, United States Read Full Article Think freely. Subscribe and get full access to Ground News Subscriptions start at $9.99/year Subscribe Ground News Article Assistant Not enough coverage to generate an Article Assistant.",
    "highlightText": "",
    "highlightTitle": "",
    "highlightThreadTitle": "",
    "language": "english",
    "sentiment": "negative",
    "categories": [
        "Weather"
    ],
    "external_links": [],
    "external_images": [],
    "entities": {
        "persons": [],
        "organizations": [
            {
                "name": "kulr",
                "sentiment": "negative"
            },
            {
                "name": "cowles company independent",
                "sentiment": "none"
            },
            {
                "name": "articles all left center right kulr-tv media conglomerate",
                "sentiment": "none"
            }
        ],
        "locations": [
            {
                "name": "united states",
                "sentiment": "none"
            }
        ]
    },
    "rating": null,
    "crawled": "2024-03-22T02:04:36.309+02:00",
    "updated": "2024-03-22T02:04:36.309+02:00"
}