{
    "thread": {
        "uuid": "82c8310545345b35e9116a3b98e959cc3e1055d5",
        "url": "https://www.folhavitoria.com.br/geral/noticia/03/2024/alerta-de-chuvas-intensas-para-39-cidades-do-es-veja-a-lista",
        "site_full": "www.folhavitoria.com.br",
        "site": "folhavitoria.com.br",
        "site_section": "http://www.folhavitoria.com.br/",
        "site_categories": [
            "media"
        ],
        "section_title": "Folha Vitória - O Jornal Online do Espírito Santo",
        "title": "Alerta de chuvas intensas para 39 cidades do ES; veja a lista PREVISÃO DO TEMPO",
        "title_full": "Alerta de chuvas intensas para 39 cidades do ES; veja a lista PREVISÃO DO TEMPO",
        "published": "2024-03-21T22:52:00.000+02:00",
        "replies_count": 0,
        "participants_count": 1,
        "site_type": "news",
        "country": "BR",
        "main_image": "https://assets.folhavitoria.com.br/images/bd20c8d0-9dc3-11ee-89f2-555fa35f768f--minified.jpeg",
        "performance_score": 0,
        "domain_rank": 54074,
        "domain_rank_updated": "2024-03-19T12:08:01.000+02:00",
        "reach": null,
        "social": {
            "facebook": {
                "likes": 0,
                "comments": 0,
                "shares": 0
            },
            "gplus": {
                "shares": 0
            },
            "pinterest": {
                "shares": 0
            },
            "linkedin": {
                "shares": 0
            },
            "stumbledupon": {
                "shares": 0
            },
            "vk": {
                "shares": 0
            }
        }
    },
    "uuid": "82c8310545345b35e9116a3b98e959cc3e1055d5",
    "url": "https://www.folhavitoria.com.br/geral/noticia/03/2024/alerta-de-chuvas-intensas-para-39-cidades-do-es-veja-a-lista",
    "ord_in_thread": 0,
    "parent_url": null,
    "author": "Folha Vitória",
    "published": "2024-03-21T22:52:00.000+02:00",
    "title": "Alerta de chuvas intensas para 39 cidades do ES; veja a lista PREVISÃO DO TEMPO",
    "text": "Alerta de chuvas intensas para 39 cidades do ES; veja a lista Segundo o Instituto Nacional de Metereologia (Inmet), o alerta é válido até a manhã desta sexta-feira (22) O Instituto Nacional de Metereologia (Inmet) renovou o alerta para chuvas intensas na região Sul do Espírito Santo, agora válido para até as 10h desta sexta-feira (22). O alerta amarelo, de perigo potencial, é vigente para 39 cidades. São esperadas chuvas entre 20 e 30 mm/h ou até 50 mm/dia, além de ventos intensos de 40 a 60 km/h. >> Quer receber nossas notícias 100% gratuitas? Participe da nossa [comunidade no WhatsApp](https://chat.whatsapp.com/CUtNx3TkdVqG4crbyEEpGg) ou entre no nosso [ canal do Telegram!](https://t.me/folhavitoriaoficial) Segundo o instituto, há baixo risco de corte de energia elétrica, queda de galhos de árvores, alagamentos e de descargas elétricas. O órgão também dá algumas instruções que devem ser seguidas. São elas: - Em caso de rajadas de vento: (não se abrigue debaixo de árvores, pois há leve risco de queda e descargas elétricas e não estacione veículos próximos a torres de transmissão e placas de propaganda); - Evite usar aparelhos eletrônicos ligados à tomada; - Obtenha mais informações junto à Defesa Civil (telefone 199) e ao Corpo de Bombeiros (telefone 193). Veja as cidades contempladas com o aviso: 1- Afonso Cláudio 2- Alegre 3- Alfredo Chaves 4- Anchieta 5- Apiacá 6- Atílio Vivacqua 7- Baixo Guandu 8- Bom Jesus do Norte 9- Brejetuba 10- Cachoeiro de Itapemirim 11- Castelo 12- Conceição do Castelo 13- Divino de São Lourenço 14- Domingos Martins 15- Dores do Rio Preto 16- Guaçuí 17- Guarapari 18- Ibatiba 19- Ibitirama 20- Iconha 21- Irupi 22- Itapemirim 23- Itarana 24- Iúna 25- Jerônimo Monteiro 26- Laranja da Terra 27- Marataízes 28- Marechal Floriano 29- Mimoso do Sul 30- Muniz Freire 31- Muqui 32- Piúma 33- Presidente Kennedy 34- Rio Novo do Sul 35- Santa Maria de Jetibá 36- São José do Calçado 37- Vargem Alta 38- Venda Nova do Imigrante 39- Viana LEIA TAMBÉM: [Festa da Penha: 3 municípios do ES terão imagens gigantes da padroeira](https://www.folhavitoria.com.br/geral/noticia/03/2024/festa-da-penha-3-municipios-do-es-terao-imagens-gigantes-da-padroeira)",
    "highlightText": "",
    "highlightTitle": "",
    "highlightThreadTitle": "",
    "language": "portuguese",
    "sentiment": "negative",
    "categories": [
        "Weather"
    ],
    "external_links": [
        "https://chat.whatsapp.com/CUtNx3TkdVqG4crbyEEpGg)",
        "https://t.me/folhavitoriaoficial)",
        "https://www.t.me/folhavitoriaoficial)",
        "https://www.chat.whatsapp.com/CUtNx3TkdVqG4crbyEEpGg)"
    ],
    "external_images": [],
    "entities": {
        "persons": [],
        "organizations": [],
        "locations": []
    },
    "rating": null,
    "crawled": "2024-03-22T00:03:12.851+02:00",
    "updated": "2024-03-22T00:03:12.851+02:00"
}