{
    "thread": {
        "uuid": "76686eebcacfd28a83b0603202602edaf2d4c390",
        "url": "https://oglobo.globo.com/rio/noticia/2024/03/21/governo-cancela-expediente-em-orgaos-federais-no-rio-nesta-sexta.ghtml",
        "site_full": "oglobo.globo.com",
        "site": "globo.com",
        "site_section": "https://oglobo.globo.com/rss/oglobo",
        "site_categories": [
            "media",
            "tech",
            "web_clip_art"
        ],
        "section_title": "oglobo",
        "title": "Governo cancela expediente em órgãos federais no Rio nesta sexta",
        "title_full": "Governo cancela expediente em órgãos federais no Rio nesta sexta",
        "published": "2024-03-22T04:41:00.000+02:00",
        "replies_count": 0,
        "participants_count": 1,
        "site_type": "news",
        "country": "BR",
        "main_image": "https://s2-oglobo.glbimg.com/iZzs_9b7zy_8Mo1BBuxhDFUVDMM=/1200x/smart/filters:cover():strip_icc()/i.s3.glbimg.com/v1/AUTH_da025474c0c44edd99332dddb09cabe8/internal_photos/bs/2024/O/S/kbBYRTRI6wMAdxboSPhw/106314295-ri-rio-de-janeiro-rj-21-03-2024-mudanca-do-tempo-no-rio-de-janeiro-no-horizonte-chuva.jpg",
        "performance_score": 0,
        "domain_rank": 745,
        "domain_rank_updated": "2024-03-19T12:07:56.000+02:00",
        "reach": null,
        "social": {
            "facebook": {
                "likes": 0,
                "comments": 0,
                "shares": 0
            },
            "gplus": {
                "shares": 0
            },
            "pinterest": {
                "shares": 0
            },
            "linkedin": {
                "shares": 0
            },
            "stumbledupon": {
                "shares": 0
            },
            "vk": {
                "shares": 0
            }
        }
    },
    "uuid": "76686eebcacfd28a83b0603202602edaf2d4c390",
    "url": "https://oglobo.globo.com/rio/noticia/2024/03/21/governo-cancela-expediente-em-orgaos-federais-no-rio-nesta-sexta.ghtml",
    "ord_in_thread": 0,
    "parent_url": null,
    "author": "Notícias do Rio",
    "published": "2024-03-22T04:41:00.000+02:00",
    "title": "Governo cancela expediente em órgãos federais no Rio nesta sexta",
    "text": "Alerta máximo: Saiba como se proteger em caso de chuva forte, alagamento e risco de deslizamento Chuva no Rio: 'Eu vou ter coração como se as crianças começam a perguntar se nós vamos morrer?', questiona moradora da Baixada A previsão é de chuvas fortes até domingo. O prefeito Eduardo Paes afirmou que sexta-feira deve ser o pior dia, a começar pela madrugada, que tem previsão de temporal. Paes pediu que a população fique de olho nos canais de comunicação da prefeitura e na imprensa.\nSaiba o que funciona ou não\nservidores federais deverão, quando cabível, desempenhar suas atividades de forma integralmente remota, \"ressalvado o caso daqueles que exercem atividades consideradas serviço essencial, os quais devem ser preservados, na forma definida pelos dirigentes máximos de cada órgão ou entidade\" escolas municipais do Rio suspenderam as atividades serviços essenciais , como saúde, permanecem funcionando. Segundo a Secretaria municipal de Saúde do Rio, todas as unidades funcionam nesta sexta Tribunal de Justiça do Rio suspendeu o expediente UFRJ tem atividades presenciais suspensas em todos os campi; aula magna com o ministro Celso Amorim foi cancelada UNIRio suspendeu todas as atividades presenciai letivas e administrativas Uerj determinou ponto facultativo UFRRJ tem \"aulas assincronas\" — como videoaulas — e atividades administrativas realizadas remotamente Universidade Estácio suspendeu as aulas Detran.RJ não abre nesta sexta-feira. Quem tinha agendamento para hoje, pode voltar em cinco dias úteis sem agendar bancos funcionam normalmente creches particulares não entraram em consenso. Algumas discutem se fecham ou não. O melhor a fazer é entrar em contato com a unidade escolas particulares também não entraram em consenso: algumas mantiveram as aulas e outras ainda discutem se as suspendem. Outras mantém as atividades até meio-dia vacinação está mantida INSS mantém os atendimentos Rio Farmes abre até o meio-dia Rio Imagem e ambulatório médico especializado suspenderam o atendimento unidades de saúde estaduais funcionam Consulado dos Estados Unidos mantém o funcionamento eventos cancelados por causa da chuva: Babilônia Feira Hype (sábado e domingo); Junta Local (sábado em Laranjeiras e domingo na Tijuca); Carioquíssima (sábado e domingo); Rock 80 Festival (sábado e domingo); Samba Luzia (sexta-feira); Festa da Raça (sexta-feira) Rodoviária Novo Rio está com a operação mantida\nMais recente Próxima Grave acidente envolvendo caminhão, carros, moto e um ônibus em Niterói; sete ficaram feridos",
    "highlightText": "",
    "highlightTitle": "",
    "highlightThreadTitle": "",
    "language": "portuguese",
    "sentiment": "negative",
    "categories": [
        "Weather"
    ],
    "external_links": [],
    "external_images": [],
    "entities": {
        "persons": [],
        "organizations": [],
        "locations": []
    },
    "rating": null,
    "crawled": "2024-03-22T05:16:00.109+02:00",
    "updated": "2024-03-22T18:16:25.558+02:00"
}