{
    "thread": {
        "uuid": "069476f9294545ee41f674b0aaff48df16a38ca6",
        "url": "https://www.diaridetarragona.com/sociedad/pantanos-catalanes-en-estado-de-emergencia-FF18954199",
        "site_full": "www.diaridetarragona.com",
        "site": "diaridetarragona.com",
        "site_section": "https://diaridetarragona.com/camp",
        "site_categories": [
            "media"
        ],
        "section_title": "Camp | Diari de Tarragona",
        "title": "Pantanos catalanes: en estado de emergencia",
        "title_full": "Pantanos catalanes: en estado de emergencia",
        "published": "2024-03-22T14:30:00.000+02:00",
        "replies_count": 0,
        "participants_count": 1,
        "site_type": "news",
        "country": "ES",
        "main_image": "https://www.diaridetarragona.com/binrepository/1194x597/0c0/0d0/none/15017645/DPQG/documentacio-fotos-1-6241468_241-1624169_20240322132019.jpg",
        "performance_score": 0,
        "domain_rank": 47690,
        "domain_rank_updated": "2024-03-19T12:08:01.000+02:00",
        "reach": null,
        "social": {
            "facebook": {
                "likes": 0,
                "comments": 0,
                "shares": 0
            },
            "gplus": {
                "shares": 0
            },
            "pinterest": {
                "shares": 0
            },
            "linkedin": {
                "shares": 0
            },
            "stumbledupon": {
                "shares": 0
            },
            "vk": {
                "shares": 0
            }
        }
    },
    "uuid": "069476f9294545ee41f674b0aaff48df16a38ca6",
    "url": "https://www.diaridetarragona.com/sociedad/pantanos-catalanes-en-estado-de-emergencia-FF18954199",
    "ord_in_thread": 0,
    "parent_url": null,
    "author": "ana rivera",
    "published": "2024-03-22T14:30:00.000+02:00",
    "title": "Pantanos catalanes: en estado de emergencia",
    "text": "Las escasas lluvias de hace apenas unas semanas se vislumbraban como un foco de esperanza para aumentar el volumen de los embalses de las cuencas internas catalanas e intentar paliar el estado de emergencia por sequía que el Govern de la Generalitat declaró el pasado 1 de febrero.\nTodo un espejismo porque el 7 de marzo el Govern anunció el cambio de escenario del embalse de Darnius Boadella, que abastece a 12 a municipios del Alt Empordà, que pasaba del escenario de emergencia 1, alcanzado en septiembre de 2023, al escenario de emergencia 2. Cabe recordar que este estadio se declara cuando las reservas llegan a los 67 hm3 (10,95%) y provoca que haya restricciones de consumo más extremas: el consumo se limita a 160 litros por habitante y día.\nTarragona quedaba fuera de esta grave situación (siendo Barcelona y Girona las provincias más afectadas) por el buen estado del río Ebre del que dependen 70 municipios por el trasvase que se llevó a cabo en los años 80. Pero, lamentablemente, hay otras poblaciones que no gozan de este escenario algo más benevolente: Riudecanyes y Duesaigües ya hace más de medio año que mantienen en vigor el estadio de emergencia por sequía, sin que haya ningún atisbo de mejora.\nCifras de contrastes\nLa Agència Catalana de l’Aigua (ACA) mantiene la información del estado de los pantanos actualizada diariamente y algunos datos no pueden ser más estremecedores: Riudecanyes (Baix Camp) se encuentra al 2,70% de su capacidad, con un volumen de 0,14 hm3 cuando su capacidad total es de 5,32 hm3. En lo que respecta a Siurana (Priorat), está al 3,10% de su total, con un volumen de 0,37 hm3 de los 12,22 hm3 que podría almacenar.\nEn contraste de estos dos embalses se encuentra el de Riba-roja (Ribera d’Ebre), que está a un 94% de su capacidad y el de Mequinenza, también conocido como el Mar de Aragón, a un 96%.\nEl Pla de sequera es la herramienta aprobada por el Govern de la Generalitat a través de la ACA, para gestionar los episodios de escasez de agua en el territorio de los ríos catalanes que acaban desembocando en el Mediterráneo. El plan, que divide el territorio de las cuencas internas en 18 unidades de explotación, hace posible que la gestión de los episodios de sequía se puedan realizar de forma anticipada y localizada.\nComentarios",
    "highlightText": "",
    "highlightTitle": "",
    "highlightThreadTitle": "",
    "language": "spanish",
    "sentiment": "negative",
    "categories": [
        "Weather",
        "Environment"
    ],
    "external_links": [],
    "external_images": [],
    "entities": {
        "persons": [],
        "organizations": [],
        "locations": []
    },
    "rating": null,
    "crawled": "2024-03-22T14:33:27.734+02:00",
    "updated": "2024-03-22T14:33:27.734+02:00"
}