{
    "thread": {
        "uuid": "9641725e9df5d05a448476cab69f1246ed782019",
        "url": "https://www.laprovincia.es/gran-canaria/2024/03/22/dana-dominara-cielos-canarias-domingo-dv-99819509.html",
        "site_full": "www.laprovincia.es",
        "site": "laprovincia.es",
        "site_section": "https://www.laprovincia.es/rss",
        "site_categories": [
            "media"
        ],
        "section_title": "",
        "title": "La DANA dominará los cielos de Canarias hasta el domingo",
        "title_full": "La DANA dominará los cielos de Canarias hasta el domingo",
        "published": "2024-03-22T10:41:00.000+02:00",
        "replies_count": 0,
        "participants_count": 1,
        "site_type": "news",
        "country": "ES",
        "main_image": "https://estaticos-cdn.prensaiberica.es/clip/da3a53bd-8071-4ad2-9fdf-97e9dedbe4b5_16-9-discover-aspect-ratio_default_0.jpg",
        "performance_score": 0,
        "domain_rank": 27832,
        "domain_rank_updated": "2024-03-19T12:07:56.000+02:00",
        "reach": null,
        "social": {
            "facebook": {
                "likes": 0,
                "comments": 0,
                "shares": 0
            },
            "gplus": {
                "shares": 0
            },
            "pinterest": {
                "shares": 0
            },
            "linkedin": {
                "shares": 0
            },
            "stumbledupon": {
                "shares": 0
            },
            "vk": {
                "shares": 0
            }
        }
    },
    "uuid": "9641725e9df5d05a448476cab69f1246ed782019",
    "url": "https://www.laprovincia.es/gran-canaria/2024/03/22/dana-dominara-cielos-canarias-domingo-dv-99819509.html",
    "ord_in_thread": 0,
    "parent_url": null,
    "author": "J. J. J.",
    "published": "2024-03-22T10:41:00.000+02:00",
    "title": "La DANA dominará los cielos de Canarias hasta el domingo",
    "text": "La DANA dominará los cielos de Canarias hasta el domingo\nLos chubascos podrán dejar hasta 20 litros de agua por metro cuadrado en una hora\nLa AEMET ha decretado avisos amarillos por tormentas, precipitaciones y viento fuerte para este sábado\nEl\nGobierno de Canarias ha decretado la primera prealerta de 2024 por precipitaciones en el archipiélago, por chubascos de hasta 20 litros por metro cuadrado en una hora, y que entró en vigor a partir de las 09.00 horas de este viernes.\nEsta inestabilidad está provocada por la\nllegada de una DANA que se anclará sobre las islas al menos hasta el domingo, motivo por el que también se han activado para este sábado los avisos amarillos de la Aemet por tres meteoros: lluvias, tormentas y vientos fuertes.\nEn la mañana de este viernes ya ha causado estragos en la zona de La Cícer, donde el agua ha trasladado toda la basura por el barranco de La Ballena hasta la playa de Las Canteras. Las autoridades desaconsejan el baño en la zona.\nAdemás, otra consecuencia de esta DANA ha sido las primeras nieves en El\nTeide, que este invierno fue el primero en un siglo en no registrar un manto blanco en el pico más alto de España.\nPor todos estos motivos, la Aemet ha publicado un aviso especial en el que detalla que esta Depresión en Niveles Altos se ha ido desplazando hacia el sur por la vertiente oeste de la península, y que se situará este viernes en la Comunidad Autónoma, donde permanecerá «estacionaria» hasta el domingo. Añade que su influencia «dará lugar a probables chubascos localmente fuertes, acompañados de tormentas a partir del viernes y durante el fin de semana», para concretar que «debido a la incertidumbre que caracteriza a este tipo de situaciones, es difícil precisar las zonas más afectadas y la duración del episodio».\nFin de semana\nEn todo caso, la agencia estatal precisa que los chubascos más intensos comenzarán durante la tarde de este viernes, «especialmente en las islas orientales, donde podrían ser localmente fuertes, y sin descartar que afecten también a medianías orientadas al sureste de\n[Tenerife](/tags/tenerife/) y ({url_board_1000374})».El día de mayor inestabilidad será el sábado, «con chubascos generalizados, acompañados de tormenta, que serán más probables, intensos y persistentes en el norte de las islas más montañosas». El tiempo tormentoso irá barriendo las islas de oeste a este, «sin descartar granizo de forma ocasional y con cotas de nieve en torno a los 2.000 y 2.200 metros», todo ello con un viento del norte con intervalos fuertes y rachas muy fuertes en las medianías del norte.\nEl domingo, añade el comunicado, continuará la inestabilidad, aunque es probable que la DANA inicie su retirada, «por lo que se espera que los chubascos sean menos intensos que el día anterior, tendiendo a remitir el lunes», si bien advierte que «existe una alta incertidumbre respecto a la posición y la evolución del sistema», por lo que «no se puede descartar que el episodio pueda extenderse».\nLluvias registradas\nEn cualquier caso en su aproximación a las islas durante este jueves ya se hacía notar un radical cambio del tiempo que dejaba registros orientativos de lo que está por venir, como las rachas de viento con velocidades de hasta 102 kilómetros por hora en Izaña; de 96 kilómetros por hora en San Sebastián de\n[La Gomera](/tags/la-gomera/) anotadas durante la madrugada; o los 83 kilómetros por hora apuntados en Arure.A ello se sumaban precipitaciones, aunque menos significativas.\nAsí los 9,6 litros de agua por metro cuadrado recibidos en\n[San Juan](/tags/san-juan/) de la Rambla, en Santa Cruz de Tenerife; los 6,4 litros por metro cuadrado, también en Izaña; o los 4,2 litros por metro cuadrado captados en [Valleseco](/gran-canaria/valleseco/), todos ellos valores apuntados a últimas horas de este jueves. En cuanto las temperaturas también han experimentado un ligero descenso, esperándose para este viernes en las dos capitales [canarias](/canarias/) registros de entre los 16 y los 23 grados centígrados. Gran Canaria Así fue el improvisado homenaje a un guardia civil en Gran Canaria https://www.laprovincia.es/gran-canaria/2024/03/21/son-horarios-cierre-trafico-jueves-99769299.html Estos son los horarios de cierre al tráfico de este jueves de la carretera desde Bañaderos a Teror https://www.laprovincia.es/gran-canaria/2024/03/20/historico-molino-gofio-san-pedro-99749237.html El histórico molino de gofio San Pedro tendrá su propio sello de Correos https://www.laprovincia.es/gran-canaria/2024/03/21/sacramentos-bodega-txistu-san-mateo-93921785.html Los sacramentos de la Bodega El Txistu de San Mateo GRAN CANARIA Juan Moya: «Tras la pandemia, el camping y las caravanas han crecido un 35% en Gran Canaria» https://www.laprovincia.es/gran-canaria/2024/03/19/santa-brigida-compra-parcela-atalaya-96139389.html Santa Brígida compra una parcela en La Atalaya para construir 40 plazas de aparcamiento https://www.laprovincia.es/gran-canaria/2024/03/21/tormentas-lluvias-semana-dana-llega-canarias-99775038.html La DANA ya riega Canarias https://www.laprovincia.es/gran-canaria/2024/03/21/atento-consejos-evitar-desgracia-llegada-99784810.html Atento: consejos para evitar una desgracia con la llegada de la DANA a Canarias\nAgenda del fin de semana\n¿Qué hacer este fin de semana en Gran Canaria?\nSureste | Semana Santa en la costa",
    "highlightText": "",
    "highlightTitle": "",
    "highlightThreadTitle": "",
    "language": "spanish",
    "sentiment": "negative",
    "categories": [
        "Weather"
    ],
    "external_links": [],
    "external_images": [],
    "entities": {
        "persons": [],
        "organizations": [],
        "locations": []
    },
    "rating": null,
    "crawled": "2024-03-22T11:49:54.589+02:00",
    "updated": "2024-03-22T11:49:54.589+02:00"
}