{
    "thread": {
        "uuid": "6d6fba7993ca6b3e4a022f7dde681d029b31f3cb",
        "url": "https://www.limerickleader.ie/news/weather/1456621/thunder-lightning-and-hail-unsettled-weather-ahead.html",
        "site_full": "www.limerickleader.ie",
        "site": "limerickleader.ie",
        "site_section": "https://www.ireland-live.ie",
        "site_categories": [
            "media"
        ],
        "section_title": "Home - Ireland Live Ireland-Live IrelandLive News",
        "title": "Thunder, lightning and hail: Unsettled weather ahead - Limerick Live",
        "title_full": "Thunder, lightning and hail: Unsettled weather ahead - Limerick Live",
        "published": "2024-03-22T09:17:00.000+02:00",
        "replies_count": 0,
        "participants_count": 1,
        "site_type": "news",
        "country": "IE",
        "main_image": "https://www.limerickleader.ie/resizer/1200/700/true/2024_03_22/lighting_off_cork_Storm_Gerritt-1703755856452.jpg--_Cropped-1711089478622.jpg--met_eireann_say_thunder_and_lightning_could_be_in_store.jpg?1711089478652",
        "performance_score": 0,
        "domain_rank": 61818,
        "domain_rank_updated": "2024-03-19T12:08:01.000+02:00",
        "reach": null,
        "social": {
            "facebook": {
                "likes": 0,
                "comments": 0,
                "shares": 0
            },
            "gplus": {
                "shares": 0
            },
            "pinterest": {
                "shares": 0
            },
            "linkedin": {
                "shares": 0
            },
            "stumbledupon": {
                "shares": 0
            },
            "vk": {
                "shares": 0
            }
        }
    },
    "uuid": "6d6fba7993ca6b3e4a022f7dde681d029b31f3cb",
    "url": "https://www.limerickleader.ie/news/weather/1456621/thunder-lightning-and-hail-unsettled-weather-ahead.html",
    "ord_in_thread": 0,
    "parent_url": null,
    "author": "Reporter",
    "published": "2024-03-22T09:17:00.000+02:00",
    "title": "Thunder, lightning and hail: Unsettled weather ahead - Limerick Live",
    "text": "File image Met Éireann have forecast a Friday that might turn wintry, with thunder and a chance of lightning. This Friday will start fresh and increasingly breezy with a mix of sunshine and showers. Showers will mainly affect western and northern areas at first, but will spread across the country during the day on a strong westerly breeze. Some of the showers will be heavy with hail and a slight chance of lightning. Later in the day, showers may turn wintry on high ground. Highest temperatures of 7 to 10 degrees. Fresh & increasingly breezy today with a mix of sunshine and showers️— Met Éireann (@MetEireann) Some of the showers will be heavy with hail and the slight chance of lightning☔️ Highs of 7 to 10C [pic.twitter.com/9M07a7xRDm] [March 22, 2024] A cold and windy Friday night with a mix of clear spells and showers, some of the showers will be heavy and prolonged with hail and thunder possible. Some wintry falls are possible, mainly over the hills. Lowest temperatures of 1 to 4 degrees in fresh to strong westerly winds. A touch of frost is likely in some sheltered spots. Saturday will be a fairly windy day with a mix of sunny spells and showers with the continued chance of hail and thunder. Some wintry falls are possible in the morning on high ground. Highest temperatures of 7 to 10 degrees, but feeling colder. Subscribe or register today to discover more from DonegalLive.ie Buy the e-paper of the Donegal Democrat, Donegal People's Press, Donegal Post and Inish Times here for instant access to Donegal's premier news titles. Keep up with the latest news from Donegal with our daily newsletter featuring the most important stories of the day delivered to your inbox every evening at 5pm.",
    "highlightText": "",
    "highlightTitle": "",
    "highlightThreadTitle": "",
    "language": "english",
    "sentiment": "negative",
    "categories": [
        "Weather"
    ],
    "external_links": [],
    "external_images": [],
    "entities": {
        "persons": [],
        "organizations": [],
        "locations": []
    },
    "rating": null,
    "crawled": "2024-03-22T09:45:32.090+02:00",
    "updated": "2024-03-22T09:45:32.090+02:00"
}