{
    "thread": {
        "uuid": "da2868b296bcc4a21026965c850bc9d81c45db68",
        "url": "https://www.wradio.com.co/2024/03/22/videos-fuertes-lluvias-y-vendavales-causan-estragos-en-bogota",
        "site_full": "www.wradio.com.co",
        "site": "wradio.com.co",
        "site_section": "https://www.wradio.com.co/",
        "site_categories": [
            "media"
        ],
        "section_title": "Todas las noticias en La W | W Radio",
        "title": "VIDEOS: Fuertes lluvias y vendavales causan estragos en Bogotá",
        "title_full": "VIDEOS: Fuertes lluvias y vendavales causan estragos en Bogotá",
        "published": "2024-03-22T04:41:00.000+02:00",
        "replies_count": 0,
        "participants_count": 1,
        "site_type": "news",
        "country": "CO",
        "main_image": "https://www.wradio.com.co/resizer/v2/https%3A%2F%2Fcloudfront-us-east-1.images.arcpublishing.com%2Fprisaradioco%2FUIR5IFEGRNAHJF23K4XPFS7KXU.jpg?auth=9f42caf6d6a1d5be5d52864f13b467b99b9a4263202ca54e62085f598d1708ff&amp;height=851&amp;width=1200&amp;quality=70&amp;smart=true",
        "performance_score": 0,
        "domain_rank": 26311,
        "domain_rank_updated": "2024-03-19T12:07:56.000+02:00",
        "reach": null,
        "social": {
            "facebook": {
                "likes": 0,
                "comments": 0,
                "shares": 0
            },
            "gplus": {
                "shares": 0
            },
            "pinterest": {
                "shares": 0
            },
            "linkedin": {
                "shares": 0
            },
            "stumbledupon": {
                "shares": 0
            },
            "vk": {
                "shares": 0
            }
        }
    },
    "uuid": "da2868b296bcc4a21026965c850bc9d81c45db68",
    "url": "https://www.wradio.com.co/2024/03/22/videos-fuertes-lluvias-y-vendavales-causan-estragos-en-bogota",
    "ord_in_thread": 0,
    "parent_url": null,
    "author": "Tatiana Forigua",
    "published": "2024-03-22T04:41:00.000+02:00",
    "title": "VIDEOS: Fuertes lluvias y vendavales causan estragos en Bogotá",
    "text": "VIDEOS: Fuertes lluvias y vendavales causan estragos en Bogotá Las autoridades aún trabajan para hacer un balance general de los daños ocurridos en el sur de la ciudad. En la tarde de este jueves 21 de marzo fuertes lluvias pasaron por Bogotá, especialmente en la [localidad de Usme,](https://www.wradio.com.co/2024/01/11/atacan-con-granada-una-casa-en-la-localidad-de-usme-al-sur-de-bogota/?rel=buscador_noticias) donde se registraron vendavales que afectaron varias viviendas en diferentes barrios de la zona. Videos compartidos por usuarios en redes sociales mostraron cómo los techos de las casas se desprenden debido a los fuertes vientos. Lea también: Según información de Bomberos, se reportó el caso de un colegio donde muros y ventanas se desplomaron, dejando a cuatro menores heridos, quienes recibieron atención prehospitalaria en una estación de Policía cercana. Por otra parte, el IDIGER informó sobre [fuertes lluvias acompañadas de granizo](https://www.wradio.com.co/2024/03/13/en-que-mes-iniciara-la-temporada-de-lluvias-en-colombia-atento-al-ideam/?rel=buscador_noticias) en Bogotá. El Sistema de Alerta de Bogotá (SAB) reportó que varias estaciones meteorológicas registraron lluvias en diversos sectores y la movilidad se vio afectada por encharcamientos y láminas de agua en las vías. En el barrio El Mirador de Usme, el vendaval afectó diez viviendas, pero no se reportaron personas heridas. Los Bomberos, la Secretaría de Integración Social y el IDIGER están atendiendo la situación y evaluando las necesidades de la población afectada para brindar [ayuda humanitaria.](https://www.wradio.com.co/2024/03/14/israel-no-abrira-mas-pasos-fronterizos-terrestres-para-que-entre-ayuda-humanitaria-en-gaza/?rel=buscador_noticias) Los cuerpos de agua de la ciudad están siendo monitoreados constantemente, y no se ha observado un aumento inesperado que pueda causar [desbordamientos](https://www.wradio.com.co/2024/02/06/fuertes-lluvias-complican-la-movilidad-en-las-principales-vias-de-bogota/?rel=buscador_noticias). Según IDIGER, las localidades donde se registraron más lluvias son San Cristóbal, Suba y Usme. Se espera que durante la noche continúen algunas lloviznas en diversos sectores de la ciudad, con cielos mayormente nublados.",
    "highlightText": "",
    "highlightTitle": "",
    "highlightThreadTitle": "",
    "language": "spanish",
    "sentiment": "negative",
    "categories": [
        "Weather"
    ],
    "external_links": [],
    "external_images": [],
    "entities": {
        "persons": [],
        "organizations": [],
        "locations": []
    },
    "rating": null,
    "crawled": "2024-03-22T07:48:06.976+02:00",
    "updated": "2024-03-22T07:48:06.976+02:00"
}