{
    "thread": {
        "uuid": "d7179c3bd2878df7b83ac8467f950f37d2f9a69b",
        "url": "https://www.soychile.cl/Antofagasta/Sociedad/2024/03/21/852679/estudiantes-antofagasta-matriculas-colegios.html",
        "site_full": "www.soychile.cl",
        "site": "soychile.cl",
        "site_section": "http://soychile.cl",
        "site_categories": [
            "media",
            "top_news"
        ],
        "section_title": "soychile.cl  - Noticias de todo nuestro país",
        "title": "Más de 800 estudiantes de Antofagasta se encuentran sin matrícula",
        "title_full": "Más de 800 estudiantes de Antofagasta se encuentran sin matrícula",
        "published": "2024-03-21T02:00:00.000+02:00",
        "replies_count": 0,
        "participants_count": 1,
        "site_type": "news",
        "country": "CL",
        "main_image": "https://img.soy-chile.cl/Fotos/2024/03/21/file_20240321173956.jpg",
        "performance_score": 0,
        "domain_rank": 78742,
        "domain_rank_updated": "2024-03-19T12:08:04.000+02:00",
        "reach": null,
        "social": {
            "facebook": {
                "likes": 0,
                "comments": 0,
                "shares": 0
            },
            "gplus": {
                "shares": 0
            },
            "pinterest": {
                "shares": 0
            },
            "linkedin": {
                "shares": 0
            },
            "stumbledupon": {
                "shares": 0
            },
            "vk": {
                "shares": 0
            }
        }
    },
    "uuid": "d7179c3bd2878df7b83ac8467f950f37d2f9a69b",
    "url": "https://www.soychile.cl/Antofagasta/Sociedad/2024/03/21/852679/estudiantes-antofagasta-matriculas-colegios.html",
    "ord_in_thread": 0,
    "parent_url": null,
    "author": "SoyChile",
    "published": "2024-03-21T02:00:00.000+02:00",
    "title": "Más de 800 estudiantes de Antofagasta se encuentran sin matrícula",
    "text": "Más de 800 estudiantes de la comuna de Antofagasta no tienen matrícula en ningún establecimiento municipal de la ciudad. Lo anterior equivale a alrededor de 18 cursos, por lo que los padres se han visto enfrentados a una serie de problemas para poder mantener a sus hijos en las aulas.Fuentes consultadas por este medio, informaron que tras la reunión de hoy entre la Corporación Municipal de Desarrollo Social (CMDS) y los concejales, el organismo público-privado entregó una serie de posibles soluciones a fin de terminar con este problema.Entre ellas, se evalúa el arriendo de un inmueble en el centro de la ciudad y la construcción de un nuevo establecimiento en el sector norte de la comuna. Aunque no existe claridad respecto a los lugares específicos en los cuales los estudiantes podrían tener sus clases.Además, según fuentes consultadas por SoyAntofagasta.cl, la seremi de educación no maneja la cifra oficial de alumnos registrados en la iniciativa Anotate en la Lista, puesto que hay estudiantes que han ingresado hasta 10 veces su rut.Trascendidos indican que la Seremi de Educación exige a la CMDS que se flexibilice la jornada escolar, es decir, que los profesores hagan sus 44 horas en aula, lo que generaría que los docentes no tengas horas de planificación.Por eso la solución que propone CMDS es arrendar un recinto que funcione como anexo de un liceo.",
    "highlightText": "",
    "highlightTitle": "",
    "highlightThreadTitle": "",
    "language": "spanish",
    "sentiment": "negative",
    "categories": [
        "Weather",
        "Environment"
    ],
    "external_links": [],
    "external_images": [],
    "entities": {
        "persons": [],
        "organizations": [],
        "locations": []
    },
    "rating": null,
    "crawled": "2024-03-22T00:29:10.064+02:00",
    "updated": "2024-03-22T00:29:10.064+02:00"
}