{
    "thread": {
        "uuid": "6f3052c594e7cb35adf906688061928ebf56a149",
        "url": "https://wp.telesurtv.net/news/uruguay-reportan-clientes-sin-electricidad-temporal-20240322-0004.html",
        "site_full": "wp.telesurtv.net",
        "site": "telesurtv.net",
        "site_section": "https://wp.telesurtv.net",
        "site_categories": [
            "media"
        ],
        "section_title": "teleSUR",
        "title": "Lluvias dejan sin electricidad a más de 80 mil personas en Uruguay | Noticias | teleSUR",
        "title_full": "Lluvias dejan sin electricidad a más de 80 mil personas en Uruguay | Noticias | teleSUR",
        "published": "2024-03-22T06:27:00.000+02:00",
        "replies_count": 0,
        "participants_count": 1,
        "site_type": "news",
        "country": "EC",
        "main_image": "https://www.telesurtv.net/__export/1711085748649/sites/telesur/img/2024/03/22/descarga_x1x.jfif_1810791533.jfif",
        "performance_score": 0,
        "domain_rank": 6815,
        "domain_rank_updated": "2024-03-19T12:07:56.000+02:00",
        "reach": null,
        "social": {
            "facebook": {
                "likes": 0,
                "comments": 0,
                "shares": 0
            },
            "gplus": {
                "shares": 0
            },
            "pinterest": {
                "shares": 0
            },
            "linkedin": {
                "shares": 0
            },
            "stumbledupon": {
                "shares": 0
            },
            "vk": {
                "shares": 0
            }
        }
    },
    "uuid": "6f3052c594e7cb35adf906688061928ebf56a149",
    "url": "https://wp.telesurtv.net/news/uruguay-reportan-clientes-sin-electricidad-temporal-20240322-0004.html",
    "ord_in_thread": 0,
    "parent_url": null,
    "author": "teleSUR - jaa - SH",
    "published": "2024-03-22T06:27:00.000+02:00",
    "title": "Lluvias dejan sin electricidad a más de 80 mil personas en Uruguay | Noticias | teleSUR",
    "text": "Más 112 mil servicios de electricidad resultaron interrumpidos según la entidad por el viento y el temporal durante la madrugada de este miércoles.\nLa Administración Nacional de Usinas y Transmisiones Eléctricas (UTE) de Uruguay informó el jueves que al menos 84.284 clientes estaban sin energía eléctrica tras el temporal que azotó el país suramericano en la víspera.\nLEA TAMBIÉN\nMás de 4.700 desplazados por grandes inundaciones en Uruguay\nAsimismo, en general, más 112 mil servicios de UTE resultaron interrumpidos según la entidad por el viento y el temporal durante la madrugada del miércoles.\n\"La coordinación de alimentaciones alternativas y la rápida respuesta de las brigadas operativas, que pudieron salir a campo al terminar la Alerta Roja a las 5 AM, permitieron la reposición de un importante volumen de clientes, quedando ahora menos de 65 mil servicios pendientes\", escribió UTE Comunicados Corporativos en su cuenta en X.\nEl reciente temporal que azotó varios departamentos del país, con lluvias y fuertes vientos que alcanzaron hasta 136 kms. por hora, produjo distintos daños en la infraestructura eléctrica que provocaron un pico en la madrugada de este viernes de 112 mil servicios afectados. pic.twitter.com/ur1a2U6RnD\n— UTE (@UTE_ComCorp) March 21, 2024 Los departamentos más afectados son Río Negro, Tacuarembó, Rocha, Rivera, Cerro Largo y Salto.\nLe siguen Artigas, Paysandú y San José. En un tercer nivel están Maldonado, Florida y Durazno.\nEn Tacuarembó y Rivera hay más de 18 mil cientes sin servicio. En Cerro Largo más de 10 mil, en Rocha más de 8.000, en Salto 7.000. Mirá el mapa de UTE en tiempo real aquí.",
    "highlightText": "",
    "highlightTitle": "",
    "highlightThreadTitle": "",
    "language": "spanish",
    "sentiment": "negative",
    "categories": [
        "Disaster and Accident",
        "Weather"
    ],
    "external_links": [
        "https://twitter.com/UTE_ComCorp/status/1770824455725490285?ref_src=twsrc%5Etfw",
        "https://t.co/ur1a2U6RnD",
        "https://twitter.com/UTE_ComCorp/status/1770824455725490285",
        "https://www.t.co/ur1a2U6RnD",
        "https://www.twitter.com/UTE_ComCorp/status/1770824455725490285?ref_src=twsrc%5Etfw"
    ],
    "external_images": [],
    "entities": {
        "persons": [],
        "organizations": [],
        "locations": []
    },
    "rating": null,
    "crawled": "2024-03-22T08:37:24.710+02:00",
    "updated": "2024-03-22T08:37:24.710+02:00"
}