{
    "thread": {
        "uuid": "54190c1a429c0070d96590c5441a00f2095bb556",
        "url": "https://www.reformer.com/ap/weather/ct-wfo-albany-warnings-watches-and-advisories/article_7abc69a2-ed0b-5384-aa1e-4b8d9c80f609.html",
        "site_full": "www.reformer.com",
        "site": "reformer.com",
        "site_section": "https://www.reformer.com/lifestyle/",
        "site_categories": [
            "media"
        ],
        "section_title": "Lifestyle | reformer.com",
        "title": "CT WFO ALBANY Warnings, Watches, and Advisories | Ap | reformer.com",
        "title_full": "CT WFO ALBANY Warnings, Watches, and Advisories | Ap | reformer.com",
        "published": "2024-03-22T11:36:00.000+02:00",
        "replies_count": 0,
        "participants_count": 1,
        "site_type": "news",
        "country": "US",
        "main_image": "https://bloximages.newyork1.vip.townnews.com/reformer.com/content/tncms/custom/image/bd63a06c-429a-11ee-8950-d704275f5abb.png?resize=600%2C315",
        "performance_score": 0,
        "domain_rank": 36271,
        "domain_rank_updated": "2024-03-19T12:07:56.000+02:00",
        "reach": null,
        "social": {
            "facebook": {
                "likes": 0,
                "comments": 0,
                "shares": 0
            },
            "gplus": {
                "shares": 0
            },
            "pinterest": {
                "shares": 0
            },
            "linkedin": {
                "shares": 0
            },
            "stumbledupon": {
                "shares": 0
            },
            "vk": {
                "shares": 0
            }
        }
    },
    "uuid": "54190c1a429c0070d96590c5441a00f2095bb556",
    "url": "https://www.reformer.com/ap/weather/ct-wfo-albany-warnings-watches-and-advisories/article_7abc69a2-ed0b-5384-aa1e-4b8d9c80f609.html",
    "ord_in_thread": 0,
    "parent_url": null,
    "author": "Accuweather",
    "published": "2024-03-22T11:36:00.000+02:00",
    "title": "CT WFO ALBANY Warnings, Watches, and Advisories | Ap | reformer.com",
    "text": "WFO ALBANY Warnings, Watches and Advisories for Sunday, March 24, 2024\nAREAL FLOOD WATCH\nURGENT - IMMEDIATE BROADCAST REQUESTED\nFlood Watch\nNational Weather Service Albany NY\n430 AM EDT Fri Mar 22 2024\n...FLOOD WATCH IN EFFECT FROM SATURDAY MORNING THROUGH LATE SATURDAY\nNIGHT...\n* WHAT...Flooding caused by excessive rainfall is possible.\n* WHERE...Portions of northwestern Connecticut, including the\nfollowing areas, Northern Litchfield and Southern Litchfield and\neast central New York, including the following areas, Eastern\nDutchess and Western Dutchess.\n* WHEN...From Saturday morning through late Saturday night.\n* IMPACTS...Excessive runoff may result in flooding of rivers,\ncreeks, streams, and other low-lying and flood-prone locations.\nFlooding may occur in poor drainage and urban areas.\n* ADDITIONAL DETAILS...\n- Around 2 inches of rain is expected Saturday through Saturday\nnight with locally higher amounts. This rainfall could\nproduce flooding in urban and poor drainage areas as well as\nlow lying areas. Some minor river flooding is also possible.\n- http://www.weather.gov/safety/flood\nPRECAUTIONARY/PREPAREDNESS ACTIONS...\nYou should monitor later forecasts and be alert for possible Flood\nWarnings. Those living in areas prone to flooding should be prepared\nto take action should flooding develop.",
    "highlightText": "",
    "highlightTitle": "",
    "highlightThreadTitle": "",
    "language": "english",
    "sentiment": "negative",
    "categories": [
        "Disaster and Accident",
        "Weather"
    ],
    "external_links": [
        "http://www.weather.gov/safety/flood",
        "http://weather.gov/safety/flood"
    ],
    "external_images": [],
    "entities": {
        "persons": [],
        "organizations": [
            {
                "name": "eastern dutchess",
                "sentiment": "none"
            }
        ],
        "locations": [
            {
                "name": "new york",
                "sentiment": "none"
            },
            {
                "name": "southern litchfield",
                "sentiment": "none"
            },
            {
                "name": "northern litchfield",
                "sentiment": "none"
            },
            {
                "name": "connecticut",
                "sentiment": "none"
            }
        ]
    },
    "rating": null,
    "crawled": "2024-03-22T11:43:17.234+02:00",
    "updated": "2024-03-22T11:43:17.234+02:00"
}