{
    "thread": {
        "uuid": "29ed2bbdc76f79ebb2ea9c03b7eaacb44bb21ca2",
        "url": "https://flipboard.com/article/japanese-high-court-rules-same-sex-marriage-ban-unconstitutional/f-91d89dbfb3%2Flgbtqnation.com",
        "site_full": "flipboard.com",
        "site": "flipboard.com",
        "site_section": "https://flipboard.com/topic/asiatravel",
        "site_categories": [
            "family_and_parenting",
            "eldercare"
        ],
        "section_title": "Discover More in Asia Travel on Flipboard",
        "title": "Japanese high court rules same-sex marriage ban unconstitutional | Flipboard",
        "title_full": "Japanese high court rules same-sex marriage ban unconstitutional | Flipboard",
        "published": "2024-03-14T02:00:00.000+02:00",
        "replies_count": 0,
        "participants_count": 1,
        "site_type": "news",
        "country": "US",
        "main_image": "https://abuwjaawap.cloudimg.io/v7/_lgbtqnation-assets_/assets/2022/05/shutterstock_1421107619-scaled.jpg?auto=format&amp;auto=compress&amp;fit=crop&amp;gravity=smart&amp;w=1200&amp;h=630&amp;force_format=jpeg&amp;wat=1&amp;wat_gravity=southeast&amp;wat_pad=40",
        "performance_score": 0,
        "domain_rank": 1226,
        "domain_rank_updated": "2024-03-12T12:10:46.000+02:00",
        "reach": null,
        "social": {
            "facebook": {
                "likes": 0,
                "comments": 0,
                "shares": 0
            },
            "gplus": {
                "shares": 0
            },
            "pinterest": {
                "shares": 0
            },
            "linkedin": {
                "shares": 0
            },
            "stumbledupon": {
                "shares": 0
            },
            "vk": {
                "shares": 0
            }
        }
    },
    "uuid": "29ed2bbdc76f79ebb2ea9c03b7eaacb44bb21ca2",
    "url": "https://flipboard.com/article/japanese-high-court-rules-same-sex-marriage-ban-unconstitutional/f-91d89dbfb3%2Flgbtqnation.com",
    "ord_in_thread": 0,
    "parent_url": null,
    "author": "LGBTQ Nation - Greg Owen",
    "published": "2024-03-14T02:00:00.000+02:00",
    "title": "Japanese high court rules same-sex marriage ban unconstitutional | Flipboard",
    "text": "Japanese high court rules same-sex marriage ban unconstitutional It was a \"delightful ruling which makes me cry,\" said one of the plaintiffs. Japan’s fitful march toward marriage equality took a giant leap on … [LGBTQ Nation](/@LGBTQNation) flipped this story into [LGBTQ Nation](/@lgbtqnation/lgbtq-nation-c65vn37sz)•20h Related articles More stories from [Marriage](/topic/marriage) [The Shady Side Of Donald And Melania Trump's Relationship](/topic/marriage/the-shady-side-of-donald-and-melania-trump-s-relationship/a-la7jqBWPQpu0UYHTKr0Qww%3Aa%3A2732402857-57266382d7%2Fgrunge.com) If he's offered nothing else to the American political and media landscape, Donald Trump has been an endless source of fodder for late-night … [Woman's threatens suspicious BF after he begs for paternity test; 'As soon as the results come, I'm getting revenge.' AITA? MAJOR UPDATES.](/topic/marriage/woman-s-threatens-suspicious-bf-after-he-begs-for-paternity-test-as-soon-as-th/a-HgBDLNIsQ4Sz2RriYHstOw%3Aa%3A2553434335-3272032fab%2Fsomeecards.com) When this woman has vindictive plans for her suspicious boyfriend and father to her child, she asks Reddit:\"My boyfriend asked for a paternity test … Join the flipboard community Discover, collect, and share stories for all your interests [Sign up](/signup) More stories from [Social Justice](/topic/socialjustice) [Why Young Voters Aren’t With Biden on Israel](/topic/socialjustice/why-young-voters-aren-t-with-biden-on-israel/a-n1gKcuNrTpOjvlTiG8Ab0Q%3Aa%3A3783110638-7c0444efc1%2Fprogressive.org) They’re progressive, more aware of racism, and have only known a rightwing Israel, Stephen Zunes writes. [Unrealized Gains Tax is an Economic Fallacy](/topic/socialjustice/unrealized-gains-tax-is-an-economic-fallacy/a-vW7_QpYcRbyIjmXX_y3tKA%3Aa%3A3474427595-9ddb076d20%2Faier.org) Taxing unrealized capital gains on property, stocks, and other assets is not just a bad idea, it’s an economic fallacy that undermines economic … [Russian military recruiters ask 70-year-old jailed human rights activist Oleg Orlov to join war against Ukraine — Meduza](/topic/socialjustice/russian-military-recruiters-ask-70-year-old-jailed-human-rights-activist-oleg-or/a-BH8gTmJ0SYi60tngdDdlnA%3Aa%3A70078048-924986cb17%2Fmeduza.io) Leading Russian human rights activist Oleg Orlov, who is serving a 2.5-year prison term for criticizing the Putin regime, was asked to join the war …",
    "highlightText": "",
    "highlightTitle": "",
    "highlightThreadTitle": "",
    "language": "english",
    "sentiment": "positive",
    "categories": [
        "Arts, Culture and Entertainment",
        "Human Interest"
    ],
    "external_links": [],
    "external_images": [],
    "entities": {
        "persons": [],
        "organizations": [
            {
                "name": "ncaa",
                "sentiment": "none"
            },
            {
                "name": "capitol hill",
                "sentiment": "none"
            }
        ],
        "locations": [
            {
                "name": "capitol hill",
                "sentiment": "none"
            },
            {
                "name": "u.s.",
                "sentiment": "none"
            },
            {
                "name": "japan",
                "sentiment": "none"
            },
            {
                "name": "washington",
                "sentiment": "none"
            }
        ]
    },
    "rating": null,
    "crawled": "2024-03-15T00:27:40.338+02:00",
    "updated": "2024-03-15T18:35:33.823+02:00"
}