{
    "thread": {
        "uuid": "c5afd5031d3add0e85ffc2e96b7519781db09432",
        "url": "https://bush.house.gov/media/press-releases/congresswoman-bush-delivers-floor-speech-to-celebrate-314-day-in-st-louis",
        "site_full": "bush.house.gov",
        "site": "house.gov",
        "site_section": "https://bush.house.gov/media/press-releases",
        "site_categories": [],
        "section_title": "Press Releases",
        "title": "Congresswoman Bush Delivers Floor Speech to Celebrate 314 Day in St. Louis",
        "title_full": "Congresswoman Bush Delivers Floor Speech to Celebrate 314 Day in St. Louis",
        "published": "2024-03-14T02:00:00.000+02:00",
        "replies_count": 0,
        "participants_count": 1,
        "site_type": "news",
        "country": "US",
        "main_image": "https://bush.house.gov/themes/bush/images/sharelogo.jpg",
        "performance_score": 0,
        "domain_rank": 439,
        "domain_rank_updated": "2024-03-12T12:10:46.000+02:00",
        "reach": null,
        "social": {
            "facebook": {
                "likes": 0,
                "comments": 0,
                "shares": 0
            },
            "gplus": {
                "shares": 0
            },
            "pinterest": {
                "shares": 0
            },
            "linkedin": {
                "shares": 0
            },
            "stumbledupon": {
                "shares": 0
            },
            "vk": {
                "shares": 0
            }
        }
    },
    "uuid": "c5afd5031d3add0e85ffc2e96b7519781db09432",
    "url": "https://bush.house.gov/media/press-releases/congresswoman-bush-delivers-floor-speech-to-celebrate-314-day-in-st-louis",
    "ord_in_thread": 0,
    "parent_url": null,
    "author": "bush.house.gov",
    "published": "2024-03-14T02:00:00.000+02:00",
    "title": "Congresswoman Bush Delivers Floor Speech to Celebrate 314 Day in St. Louis",
    "text": "March 14, 2024 Congresswoman Bush Delivers Floor Speech to Celebrate 314 Day in St. Louis WATCH: “On 314 Day, St. Louis has gathered together to bask in the love and the pride that we have for our community,” says Bush Washington, D.C. (Mar. 14, 2024) – Yesterday, Congresswoman Cori Bush (MO-01) delivered a speech on the House floor to celebrate 314 Day and honor the rich social, cultural, and artistic history of St. Louis. Watch HERE or read her full remarks, as prepared for delivery, below.\n“Thank you, Mr. Speaker.\n“St. Louis and I rise in celebration of 314 Day, founded by Young DIP, celebrated across St. Louis on March the 14th — 3 1 4 — which is our area code.\n“On 314 Day, we celebrate our amazing sports teams and passionate fans from the St. Louis Cardinals, Blues, CITY Soccer Club, Battlehawks, Surge, as well as our college and high school teams.\n“On 314 Day, we indulge in toasted raviolis, Imo’s pizza, Red Hot Riplets, in our Chinese food, and Vess soda.\n“On 314 Day, we enjoy artists and creators rooted in St. Louis, like Nelly, the St. Lunatics, Tina Turner, Scott Joplin, Michael McDonald, Maya Angelou, and Cbabi Bayoc.\n“Most importantly, on 314 Day, St. Louisans gather together to bask in the love and the pride that we have for our community. To be from St. Louis is to love St. Louis.\n“Every day, it is among one of my life’s greatest honors to be your Congresswoman. St. Louis, I love you, and happy 314 Day.”",
    "highlightText": "",
    "highlightTitle": "",
    "highlightThreadTitle": "",
    "language": "english",
    "sentiment": "positive",
    "categories": [
        "Politics",
        "Human Interest"
    ],
    "external_links": [
        "https://youtu.be/VPCOStE8LL8?feature=shared",
        "https://youtu.be/VPCOStE8LL8",
        "https://www.youtu.be/VPCOStE8LL8?feature=shared"
    ],
    "external_images": [],
    "entities": {
        "persons": [
            {
                "name": "bush",
                "sentiment": "negative"
            },
            {
                "name": "cori bush",
                "sentiment": "none"
            },
            {
                "name": "nelly",
                "sentiment": "none"
            },
            {
                "name": "tina turner",
                "sentiment": "none"
            },
            {
                "name": "scott joplin",
                "sentiment": "none"
            },
            {
                "name": "speaker",
                "sentiment": "none"
            }
        ],
        "organizations": [
            {
                "name": "city soccer club",
                "sentiment": "none"
            },
            {
                "name": "red hot riplets",
                "sentiment": "none"
            },
            {
                "name": "house",
                "sentiment": "none"
            },
            {
                "name": "imo",
                "sentiment": "none"
            },
            {
                "name": "st. lunatics",
                "sentiment": "none"
            },
            {
                "name": "blues",
                "sentiment": "none"
            },
            {
                "name": "st. louis cardinals",
                "sentiment": "none"
            }
        ],
        "locations": [
            {
                "name": "st. louis",
                "sentiment": "none"
            },
            {
                "name": "d.c.",
                "sentiment": "none"
            },
            {
                "name": "washington",
                "sentiment": "none"
            }
        ]
    },
    "rating": null,
    "crawled": "2024-03-15T00:21:41.216+02:00",
    "updated": "2024-04-12T06:13:41.263+03:00"
}