{
    "thread": {
        "uuid": "f51eb07a66db2b293816c0a385495493277cc688",
        "url": "https://www.prweb.com/releases/greenberg-traurigs-brandon-d-cox-named-a-best-lgbtq-lawyer-under-40-302089745.html",
        "site_full": "www.prweb.com",
        "site": "prweb.com",
        "site_section": "https://www.prweb.com/releases",
        "site_categories": [
            "marketing",
            "business"
        ],
        "section_title": "All News Releases and Press Releases from PRWeb",
        "title": "Greenberg Traurig's Brandon D. Cox Named a Best LGBTQ+ Lawyer Under 40",
        "title_full": "Greenberg Traurig's Brandon D. Cox Named a Best LGBTQ+ Lawyer Under 40",
        "published": "2024-03-14T23:45:00.000+02:00",
        "replies_count": 0,
        "participants_count": 1,
        "site_type": "news",
        "country": "US",
        "main_image": "",
        "performance_score": 0,
        "domain_rank": 827,
        "domain_rank_updated": "2024-03-12T12:10:46.000+02:00",
        "reach": null,
        "social": {
            "facebook": {
                "likes": 0,
                "comments": 0,
                "shares": 0
            },
            "gplus": {
                "shares": 0
            },
            "pinterest": {
                "shares": 0
            },
            "linkedin": {
                "shares": 0
            },
            "stumbledupon": {
                "shares": 0
            },
            "vk": {
                "shares": 0
            }
        }
    },
    "uuid": "f51eb07a66db2b293816c0a385495493277cc688",
    "url": "https://www.prweb.com/releases/greenberg-traurigs-brandon-d-cox-named-a-best-lgbtq-lawyer-under-40-302089745.html",
    "ord_in_thread": 0,
    "parent_url": null,
    "author": "Greenberg Traurig",
    "published": "2024-03-14T23:45:00.000+02:00",
    "title": "Greenberg Traurig's Brandon D. Cox Named a Best LGBTQ+ Lawyer Under 40",
    "text": "Brandon D. Cox, shareholder in global law firm Greenberg Traurig, LLP's Litigation Practice, has been named a Best LGBTQ+ Lawyer Under 40 by the National LGBTQ+ Bar. ATLANTA, March 14, 2024 /PRNewswire-PRWeb/ -- [Brandon D. Cox](https://c212.net/c/link/?t=0&l=en&o=4116273-1&h=2769249069&u=https%3A%2F%2Fwww.gtlaw.com%2Fen%2Fprofessionals%2Fc%2Fcox-brandon-d&a=Brandon+D.+Cox), shareholder in global law firm [Greenberg Traurig, LLP](https://c212.net/c/link/?t=0&l=en&o=4116273-1&h=3110066177&u=https%3A%2F%2Fwww.gtlaw.com%2Fen&a=Greenberg+Traurig%2C+LLP)'s [Litigation Practice](https://c212.net/c/link/?t=0&l=en&o=4116273-1&h=2988256076&u=https%3A%2F%2Fwww.gtlaw.com%2Fen%2Fcapabilities%2Flitigation&a=Litigation+Practice), has been named a Best LGBTQ+ Lawyer Under 40 by the National LGBTQ+ Bar. Every year, the LGBTQ+ Bar honors 40 legal professionals under 40 years of age who are part of the LGBTQ+ community, have excelled in their profession, and have shown a deep commitment to equality within the LGBTQ+ community. At Greenberg Traurig, Brandon is a respected and active leader within its Diversity, Equity, and Inclusion Initiative, currently holding the position of co-chair of the firm's multinational LGBTQ+ Affinity Group. As co-chair, he is a coveted resource within the firm's DEI programming and is an avid mentor to law students, new lawyers, and junior shareholders. Brandon is considered an inspiration to many at the firm, within the profession, and educational institutions where his message of resilience and excellence are often sought out. As first- and second-chair trial counsel, Brandon has obtained defense verdicts for clients in several nationwide cases. A high-energy, passionate lawyer, he thrives in the courtroom and has a unique ability to connect with jurors, capture their attention, and explain complex evidence creatively and effectively. Brandon's trial experience and excitement for the courtroom has resulted in a national practice that focuses on complex litigation of virtually all types, defending a variety of clients in personal injury, products liability, and pharmaceutical, medical device, and health care litigation. About Greenberg Traurig's Diversity Initiative: From its inception, Greenberg Traurig has been committed to diversity, equity, and inclusion in the workplace. Greenberg Traurig is a uniquely empowering and diverse firm built on a foundation of fairness, equality, and authenticity. Through its Social, Racial, and Economic Justice Action Plan, the firm has committed $5 million over five years to help combat systemic racism and support impoverished communities. In addition, the firm's efforts have been recognized through its Mansfield Rule 6.0 Certification Plus, administered by The Diversity Lab, and by local, national, and global publications and organizations including Chambers and Partners. Web: [https://www.gtlaw.com/en/general/our-firm/diversity](https://c212.net/c/link/?t=0&l=en&o=4116273-1&h=2918594592&u=https%3A%2F%2Fwww.gtlaw.com%2Fen%2Fgeneral%2Four-firm%2Fdiversity&a=https%3A%2F%2Fwww.gtlaw.com%2Fen%2Fgeneral%2Four-firm%2Fdiversity) Twitter: @GT_Drives. About Greenberg Traurig: Greenberg Traurig, LLP has more than 2750 attorneys in 47 locations in the United States, Europe and the Middle East, Latin America, and Asia. The firm is a 2022 BTI \"Highly Recommended Law Firm\" for superior client service and is consistently among the top firms on the Am Law Global 100 and NLJ 500. Greenberg Traurig is Mansfield Rule 6.0 Certified Plus by The Diversity Lab. The firm is recognized for powering its U.S. offices with 100% renewable energy as certified by the Center for Resource Solutions Green-e® Energy program and is a member of the U.S. EPA's Green Power Partnership Program. The firm is known for its philanthropic giving, innovation, diversity, and pro bono. Web: [http://www.gtlaw.com](https://c212.net/c/link/?t=0&l=en&o=4116273-1&h=2022774506&u=http%3A%2F%2Fwww.gtlaw.com%2F&a=http%3A%2F%2Fwww.gtlaw.com). Media Contact Lou Brezo Scholl, Greenberg Traurig, 12128012131, [[email protected]](/cdn-cgi/l/email-protection#97dbf8e2b9d5e5f2edf8c4f4fff8fbfbd7f0e3fbf6e0b9f4f8fa), gtlaw.com SOURCE Greenberg Traurig",
    "highlightText": "",
    "highlightTitle": "",
    "highlightThreadTitle": "",
    "language": "english",
    "sentiment": "positive",
    "categories": [
        "Crime, Law and Justice",
        "Human Interest"
    ],
    "external_links": [
        "https://c212.net/c/link/?t=0&l=en&o=4116273-1&h=3110066177&u=https%3A%2F%2Fwww.gtlaw.com%2Fen&a=Greenberg+Traurig%2C+LLP)",
        "https://www.gtlaw.com/en/general/our-firm/diversity",
        "https://c212.net/c/link/?t=0&l=en&o=4116273-1&h=2022774506&u=http%3A%2F%2Fwww.gtlaw.com%2F&a=http%3A%2F%2Fwww.gtlaw.com).",
        "https://c212.net/c/link/?t=0&l=en&o=4116273-1&h=2918594592&u=https%3A%2F%2Fwww.gtlaw.com%2Fen%2Fgeneral%2Four-firm%2Fdiversity&a=https%3A%2F%2Fwww.gtlaw.com%2Fen%2Fgeneral%2Four-firm%2Fdiversity)",
        "https://c212.net/c/link/?t=0&l=en&o=4116273-1&h=2769249069&u=https%3A%2F%2Fwww.gtlaw.com%2Fen%2Fprofessionals%2Fc%2Fcox-brandon-d&a=Brandon+D.+Cox),",
        "https://c212.net/c/link/?t=0&l=en&o=4116273-1&h=2988256076&u=https%3A%2F%2Fwww.gtlaw.com%2Fen%2Fcapabilities%2Flitigation&a=Litigation+Practice),",
        "http://www.gtlaw.com",
        "https://www.c212.net/c/link/?t=0&l=en&o=4116273-1&h=2022774506&u=http%3A%2F%2Fwww.gtlaw.com%2F&a=http%3A%2F%2Fwww.gtlaw.com).",
        "https://gtlaw.com/en/general/our-firm/diversity",
        "https://www.c212.net/c/link/?t=0&l=en&o=4116273-1&h=3110066177&u=https%3A%2F%2Fwww.gtlaw.com%2Fen&a=Greenberg+Traurig%2C+LLP)",
        "https://www.c212.net/c/link/?t=0&l=en&o=4116273-1&h=2988256076&u=https%3A%2F%2Fwww.gtlaw.com%2Fen%2Fcapabilities%2Flitigation&a=Litigation+Practice),",
        "https://www.c212.net/c/link/?t=0&l=en&o=4116273-1&h=2769249069&u=https%3A%2F%2Fwww.gtlaw.com%2Fen%2Fprofessionals%2Fc%2Fcox-brandon-d&a=Brandon+D.+Cox),",
        "http://gtlaw.com",
        "https://c212.net/c/link/",
        "https://www.c212.net/c/link/?t=0&l=en&o=4116273-1&h=2918594592&u=https%3A%2F%2Fwww.gtlaw.com%2Fen%2Fgeneral%2Four-firm%2Fdiversity&a=https%3A%2F%2Fwww.gtlaw.com%2Fen%2Fgeneral%2Four-firm%2Fdiversity)"
    ],
    "external_images": [],
    "entities": {
        "persons": [
            {
                "name": "brandon d. cox",
                "sentiment": "negative"
            },
            {
                "name": "brandon",
                "sentiment": "none"
            }
        ],
        "organizations": [
            {
                "name": "greenberg traurig",
                "sentiment": "negative"
            },
            {
                "name": "greenberg traurig, llp's litigation practice",
                "sentiment": "neutral"
            },
            {
                "name": "national lgbtq",
                "sentiment": "none"
            },
            {
                "name": "greenberg traurig, llp",
                "sentiment": "none"
            }
        ],
        "locations": [
            {
                "name": "atlanta",
                "sentiment": "none"
            }
        ]
    },
    "rating": null,
    "crawled": "2024-03-15T00:25:05.434+02:00",
    "updated": "2024-03-15T00:25:05.434+02:00"
}