{
    "thread": {
        "uuid": "b437f6f651fce8556c61b6bd60175d086e299b70",
        "url": "https://www.kbtx.com/2024/03/14/celebrate-ronald-mcdonald-house-charities-ninth-annual-starlight-affair",
        "site_full": "www.kbtx.com",
        "site": "kbtx.com",
        "site_section": "http://www.kbtx.com/the-three",
        "site_categories": [
            "media"
        ],
        "section_title": "The Three",
        "title": "Celebrate Ronald McDonald House Charities at ninth annual Starlight Affair",
        "title_full": "Celebrate Ronald McDonald House Charities at ninth annual Starlight Affair",
        "published": "2024-03-14T23:00:00.000+02:00",
        "replies_count": 0,
        "participants_count": 1,
        "site_type": "news",
        "country": "US",
        "main_image": "https://gray-kbtx-prod.cdn.arcpublishing.com/resizer/v2/6JCBLBLZZNBBHJF67CMWDAZ45A.jpg?auth=e7746999db86b8ddf093d7dd90dad291948300ebaf2abe073bc293ab287f3fc1&amp;width=1200&amp;height=600&amp;smart=true",
        "performance_score": 0,
        "domain_rank": 20947,
        "domain_rank_updated": "2024-03-12T12:10:46.000+02:00",
        "reach": null,
        "social": {
            "facebook": {
                "likes": 0,
                "comments": 0,
                "shares": 0
            },
            "gplus": {
                "shares": 0
            },
            "pinterest": {
                "shares": 0
            },
            "linkedin": {
                "shares": 0
            },
            "stumbledupon": {
                "shares": 0
            },
            "vk": {
                "shares": 0
            }
        }
    },
    "uuid": "b437f6f651fce8556c61b6bd60175d086e299b70",
    "url": "https://www.kbtx.com/2024/03/14/celebrate-ronald-mcdonald-house-charities-ninth-annual-starlight-affair",
    "ord_in_thread": 0,
    "parent_url": null,
    "author": "@kbtxnews",
    "published": "2024-03-14T23:00:00.000+02:00",
    "title": "Celebrate Ronald McDonald House Charities at ninth annual Starlight Affair",
    "text": "Celebrate Ronald McDonald House Charities at ninth annual Starlight Affair BRYAN, Texas (KBTX) -Enjoy an evening of celebration, while supporting families with ill or injured children at this year’s [Starlight Affair](https://rmhc-ctx.org/events/starlight-affair/). Expect lots of mingling, chef’s tastings, live and silent auctions and live music! The Starlight Affair, happening on April 13 at Traditions Club, benefits the [Ronald McDonald House Charities of Central Texas](https://rmhc-ctx.org/). “It is indoor, outdoor casual boots and jeans, we’ve got fun games,” said Development Manager Tanner Williams. If you’re unable to attend, another way to donate is by taking part in the silent auction. “We’re going to have great things from Caribbean island getaways, to Whiskey Charlie’s has a 15-year-old Pappy Van Winkle that’s going to be in there,” said Williams. Purchase individual tickets [here](https://rmhc-ctx.org/events/starlight-affair/tickets/). For sponsorships, click [here](https://rmhc-ctx.org/events/starlight-affair/participate/). Copyright 2024 KBTX. All rights reserved.",
    "highlightText": "",
    "highlightTitle": "",
    "highlightThreadTitle": "",
    "language": "english",
    "sentiment": "positive",
    "categories": [
        "Human Interest"
    ],
    "external_links": [
        "https://rmhc-ctx.org/).",
        "https://rmhc-ctx.org/events/starlight-affair/tickets/).",
        "https://rmhc-ctx.org/events/starlight-affair/).",
        "https://rmhc-ctx.org/events/starlight-affair/participate/).",
        "https://www.rmhc-ctx.org/events/starlight-affair/tickets/).",
        "https://www.rmhc-ctx.org/).",
        "https://www.rmhc-ctx.org/events/starlight-affair/).",
        "https://www.rmhc-ctx.org/events/starlight-affair/participate/)."
    ],
    "external_images": [],
    "entities": {
        "persons": [
            {
                "name": "williams",
                "sentiment": "none"
            },
            {
                "name": "pappy van winkle",
                "sentiment": "none"
            },
            {
                "name": "tanner williams",
                "sentiment": "none"
            }
        ],
        "organizations": [
            {
                "name": "ronald mcdonald house charities",
                "sentiment": "negative"
            },
            {
                "name": "starlight affair celebrate ronald mcdonald house charities",
                "sentiment": "negative"
            },
            {
                "name": "traditions club",
                "sentiment": "none"
            },
            {
                "name": "ronald mcdonald house charities of central texas",
                "sentiment": "none"
            }
        ],
        "locations": [
            {
                "name": "texas",
                "sentiment": "none"
            },
            {
                "name": "bryan",
                "sentiment": "none"
            },
            {
                "name": "caribbean",
                "sentiment": "none"
            }
        ]
    },
    "rating": null,
    "crawled": "2024-03-15T00:16:08.288+02:00",
    "updated": "2024-03-15T00:16:08.288+02:00"
}