{
    "thread": {
        "uuid": "983f80ce311fe269c490537eedcdb0138a2fe30d",
        "url": "https://acidcow.com/fun/160064-daily-pictures-part-2-67-pics.html",
        "site_full": "acidcow.com",
        "site": "acidcow.com",
        "site_section": "https://feeds.feedburner.com/acidcow_com",
        "site_categories": [
            "non_standard_content",
            "adult"
        ],
        "section_title": "AcidCow.com - The One and Only",
        "title": "Daily Pictures. Part 2 (67 pics)",
        "title_full": "Daily Pictures. Part 2 (67 pics)",
        "published": "2024-03-14T23:04:00.000+02:00",
        "replies_count": 0,
        "participants_count": 1,
        "site_type": "news",
        "country": "US",
        "main_image": "https://cdn.acidcow.com/uploads/posts/2024-03/1710448518_fn_01.jpg",
        "performance_score": 0,
        "domain_rank": 23304,
        "domain_rank_updated": "2024-03-12T12:10:46.000+02:00",
        "reach": null,
        "social": {
            "facebook": {
                "likes": 0,
                "comments": 0,
                "shares": 0
            },
            "gplus": {
                "shares": 0
            },
            "pinterest": {
                "shares": 0
            },
            "linkedin": {
                "shares": 0
            },
            "stumbledupon": {
                "shares": 0
            },
            "vk": {
                "shares": 0
            }
        }
    },
    "uuid": "983f80ce311fe269c490537eedcdb0138a2fe30d",
    "url": "https://acidcow.com/fun/160064-daily-pictures-part-2-67-pics.html",
    "ord_in_thread": 0,
    "parent_url": null,
    "author": "rgxdante",
    "published": "2024-03-14T23:04:00.000+02:00",
    "title": "Daily Pictures. Part 2 (67 pics)",
    "text": "Log in\nSign up\nLogin\nRecover password\nLogin\nWe are on facebook\n34,153 people have already subscribed\nDaily Pictures. Part 2 (67 pics)\nCategory:\nPicdump\n|\nToday, 00:04 |\nViews: 160\n|\n+1\n|\nTweet\n<>1>\n<>2>\n<>3>\n<>4>\n<>5>\n<>6>\n<>7>\n<>8>\n<>9>\n<>10>\n<>11>\n<>12>\n<>13>\n<>14>\n<>15>\n<>16>\n<>17>\n<>18>\n<>19>\n<>20>\n<>21>\n<>22>\n<>23>\n<>24>\n<>25>\n<>26>\n<>27>\n<>28>\n<>29>\n<>30>\n<>31>\n<>32>\n<>33>\n<>34>\n<>35>\n<>36>\n<>37>\n<>38>\n<>39>\n<>40>\n<>41>\n<>42>\n<>43>\n<>44>\n<>45>\n<>46>\n<>47>\n<>48>\n<>49>\n<>50>\n<>51>\n<>52>\n<>53>\n<>54>\n<>55>\n<>56>\n<>57>\n<>58>\n<>59>\n<>60>\n<>61>\n<>62>\n<>63>\n<>64>\n<>65>\n<>66>\n<>67>\nDaily Pictures 2 (67 pics), March 15, 2023\nDo you like it?\nShare\nTweet\nSimilar Posts:\nDaily Pictures. Part 1 (76 pics)\nDaily Pictures. Part 2 (76 pics)\nDaily Pictures. Part 2 (76 pics)\nDaily Pictures. Part 2 (76 pics)\nDaily Pictures. Part 2 (74 pics)\nAdd comment\nName:\nE-Mail:\nbold\nitalic\nunderlined\nstrike\nInsert a video from YouTube\nType the two words shown in the image:\nPrivacy Policy\n|\nCopyright\n|\nTerms & Conditions\n| Contact: contact@acidcow.com",
    "highlightText": "",
    "highlightTitle": "",
    "highlightThreadTitle": "",
    "language": "english",
    "sentiment": "positive",
    "categories": [
        "Human Interest",
        "Lifestyle and Leisure",
        "Social Issue"
    ],
    "external_links": [],
    "external_images": [],
    "entities": {
        "persons": [],
        "organizations": [
            {
                "name": "daily pictures",
                "sentiment": "neutral"
            }
        ],
        "locations": []
    },
    "rating": null,
    "crawled": "2024-03-15T00:17:45.932+02:00",
    "updated": "2024-03-15T00:17:45.932+02:00"
}