{
    "thread": {
        "uuid": "af3847d47dda66ac8b51643b9e8912401096965d",
        "url": "https://www.wsiltv.com/news/illinois/third-grade-student-credits-baywatch-after-saving-classmate-with-heimlich-maneuver/article_c3a61e52-e239-11ee-9465-63037e4f22bc.html",
        "site_full": "www.wsiltv.com",
        "site": "wsiltv.com",
        "site_section": "https://wsiltv.com",
        "site_categories": [
            "politics",
            "media",
            "financial_news",
            "finance",
            "law_government_and_politics"
        ],
        "section_title": "WSIL News 3 | Southern Illinois News and Weather | We've Got You Covered",
        "title": "Third Grade Student Credits Baywatch After Saving Classmate with Heimlich Maneuver | Illinois | wsiltv.com",
        "title_full": "Third Grade Student Credits Baywatch After Saving Classmate with Heimlich Maneuver | Illinois | wsiltv.com",
        "published": "2024-03-14T02:00:00.000+02:00",
        "replies_count": 0,
        "participants_count": 1,
        "site_type": "news",
        "country": "US",
        "main_image": "https://bloximages.newyork1.vip.townnews.com/wsiltv.com/content/tncms/assets/v3/editorial/8/f7/8f72e124-e23e-11ee-8414-5b5e07f43082/65f35942bce63.image.jpg?crop=1920%2C1008%2C0%2C35&amp;resize=1200%2C630&amp;order=crop%2Cresize",
        "performance_score": 0,
        "domain_rank": 46402,
        "domain_rank_updated": "2024-03-12T12:13:34.000+02:00",
        "reach": null,
        "social": {
            "facebook": {
                "likes": 0,
                "comments": 0,
                "shares": 0
            },
            "gplus": {
                "shares": 0
            },
            "pinterest": {
                "shares": 0
            },
            "linkedin": {
                "shares": 0
            },
            "stumbledupon": {
                "shares": 0
            },
            "vk": {
                "shares": 0
            }
        }
    },
    "uuid": "af3847d47dda66ac8b51643b9e8912401096965d",
    "url": "https://www.wsiltv.com/news/illinois/third-grade-student-credits-baywatch-after-saving-classmate-with-heimlich-maneuver/article_c3a61e52-e239-11ee-9465-63037e4f22bc.html",
    "ord_in_thread": 0,
    "parent_url": null,
    "author": ": Mike Mohundro",
    "published": "2024-03-14T02:00:00.000+02:00",
    "title": "Third Grade Student Credits Baywatch After Saving Classmate with Heimlich Maneuver | Illinois | wsiltv.com",
    "text": "WEST FRANKFORT, Ill. -- An elementary student is being hailed a hero after saving a classmate from choking by using the Heimlich Maneuver.\nThe West Frankfort Redbirds 168 School District stated T'niyah Avant, at the Frankfort Intermediate School, jumped into action when a piece of food was caught in another student's throat which caused the student to start choking.\nAvant then performed the Heimlich Maneuver on the other student which dislodged the food and her classmate was then able to breathe again.\nAvant is now being labeled a real-life superhero. She was even asked how she knew how to perform the Heimlich Maneuver, which she replied,\" I watched Baywatch!\" the school stated in a Facebook post.\nIn a picture posted by the school, Avant held up a Principal's Award for \"Being a HERO for a friend in need.\" She also held up multiple coupons to area restaurants.\nDownload the free WSIL News and Weather apps for the latest stories and alerts sent straight to your mobile device. You may also see us on YouTube for the latest videos.",
    "highlightText": "",
    "highlightTitle": "",
    "highlightThreadTitle": "",
    "language": "english",
    "sentiment": "positive",
    "categories": [
        "Human Interest"
    ],
    "external_links": [
        "https://www.youtube.com/channel/UC_lz6fyCo2DaYbT86rVXwrw",
        "https://youtube.com/channel/UC_lz6fyCo2DaYbT86rVXwrw"
    ],
    "external_images": [],
    "entities": {
        "persons": [],
        "organizations": [
            {
                "name": "frankfort intermediate school",
                "sentiment": "none"
            },
            {
                "name": "west frankfort redbirds",
                "sentiment": "none"
            },
            {
                "name": "heimlich maneuver",
                "sentiment": "none"
            },
            {
                "name": "facebook",
                "sentiment": "none"
            },
            {
                "name": "youtube",
                "sentiment": "none"
            }
        ],
        "locations": [
            {
                "name": "ill.",
                "sentiment": "none"
            },
            {
                "name": "frankfort",
                "sentiment": "none"
            }
        ]
    },
    "rating": null,
    "crawled": "2024-03-15T00:04:47.748+02:00",
    "updated": "2024-03-15T17:30:24.646+02:00"
}