{
    "thread": {
        "uuid": "946768774799cfbf3811da82bcc6f46846c7bcaa",
        "url": "https://information.tv5monde.com/culture/sebastien-vauxion-le-patissier-dans-les-etoiles-2713964",
        "site_full": "information.tv5monde.com",
        "site": "tv5monde.com",
        "site_section": "https://information.tv5monde.com/afprss/francais--journal--clt",
        "site_categories": [
            "non_standard_content",
            "adult"
        ],
        "section_title": "TV5MONDE Informations",
        "title": "Sébastien Vauxion, le pâtissier dans les étoiles",
        "title_full": "Sébastien Vauxion, le pâtissier dans les étoiles",
        "published": "2024-03-14T05:00:00.000+02:00",
        "replies_count": 0,
        "participants_count": 1,
        "site_type": "news",
        "country": "FR",
        "main_image": "https://information.tv5monde.com/sites/tv5-info/files/styles/seo_1200/public/2024-03/field_media_image-2816752-16e861321fdd5b8ff504a9f3a892814c569b0ceb.jpg?itok=VVyLRGEY",
        "performance_score": 0,
        "domain_rank": 5403,
        "domain_rank_updated": "2024-03-12T12:10:46.000+02:00",
        "reach": null,
        "social": {
            "facebook": {
                "likes": 0,
                "comments": 0,
                "shares": 0
            },
            "gplus": {
                "shares": 0
            },
            "pinterest": {
                "shares": 0
            },
            "linkedin": {
                "shares": 0
            },
            "stumbledupon": {
                "shares": 0
            },
            "vk": {
                "shares": 0
            }
        }
    },
    "uuid": "946768774799cfbf3811da82bcc6f46846c7bcaa",
    "url": "https://information.tv5monde.com/culture/sebastien-vauxion-le-patissier-dans-les-etoiles-2713964",
    "ord_in_thread": 0,
    "parent_url": null,
    "author": "TV5MONDE",
    "published": "2024-03-14T05:00:00.000+02:00",
    "title": "Sébastien Vauxion, le pâtissier dans les étoiles",
    "text": "[Back to top](#skip-link)\nSébastien Vauxion, désigné \"meilleur pâtissier de restaurant du monde\", dans les cuisines du restaurant Sarkara, le 7 mars 2024 à Courchevel, en Savoie\n\"Le pâtissier au restaurant n'est plus un cuisinier loupé\". Dixit Sébastien Vauxion, récemment désigné \"meilleur pâtissier de restaurant du monde\", pour ses audacieux mariages de saveurs, \"oignons-châtaignes\" ou \"champignons noirs-café\" qui ont séduit la haute gastronomie.\nCe titre honorifique décerné par Les Grandes tables du Monde est venu s'ajouter début février aux deux étoiles de son restaurant le Sarkara à Courchevel, la première en 2019, la seconde en 2020 - inédit en pâtisserie.\nUne nouvelle consécration pour ce fils de maraîchers que le Gault et Millau présente comme un \"pionnier\" et pour ses créations qualifiées d'\"ébouriffantes\" sur le site du guide Michelin.\nSébastien Vauxion, désigné \"meilleur pâtissier de restaurant du monde\", prépare un plat dans les cuisines du restaurant Sarkara, le 7 mars 2024 à Courchevel, en Savoie\n\"Le pâtissier au restaurant n'est plus un cuisinier loupé, avant moi il y a plein de gens qui ont oeuvré en ce sens\", explique à l'AFP Sébastien Vauxion depuis sa cuisine, sur les flancs de la vallée de la Tarentaise.\n\"L'esprit que j'ai initié à travers ce restaurant se répercute dans beaucoup d'assiettes de pâtissiers, cet esprit très végétal, cette ouverture sur le légume\", dit-il.\nOuvert en 2017 au sein du K2 Palace, son \"restaurant de desserts\" propose des menus en plusieurs plats.\nLe chef pâtissier de 40 ans travaille arômes, cuissons et textures. Le céleri-rave rôti au beurre chante dans la poêle tandis que dans un coin, une pâtissière souffle des effeuillés de sucre.\nCouteau prêt à éplucher, il sourit: \"des pâtissiers avec un oignon dans les mains, ça n'arrive pas souvent\". C'est pourtant un légume qu'il \"adore\", sucré quand il est cuit très lentement, \"puissant\" dans une cuisson vive.\nSébastien Vauxion, désigné \"meilleur pâtissier de restaurant du monde\", prépare un plat dans les cuisines du restaurant Sarkara, le 7 mars 2024 à Courchevel, en Savoie\n\"Il a révolutionné une partie de la façon de faire en cuisine en apportant un peu de mélange entre sucré et salé dans un restaurant, en étant un peu plus pointu qu'un chef\", observe Christophe Marguin, président des Toques blanches lyonnaises, association de chefs défenseurs de la gastronomie.\n\"Je suis pâtissier de formation et je n'ai jamais travaillé en cuisine. Seulement, année après année, mon travail sur les desserts a évolué, je me suis mis à travailler les fruits, puis les légumes, à la façon d'un cuisinier: en les faisant cuire, rôtir, en les braisant, en les associant ensemble, en créant des sauces et non plus des crèmes ou de simples coulis pour les accommoder. J'en suis venu à cuisiner la pâtisserie\", explique Sébastien Vauxion.\nDans ses poêlons de fonte, le chef pâtissier place délicatement des noisettes torréfiées et de l'emmental au jus brun de topinambour sur une omelette. Son \"topinambour-truffe noire mélanosporum\" côtoie le \"cerfeuil tubéreux épice\" au jus d'arbousier sur le menu à 350 euros.\nSébastien Vauxion, désigné \"meilleur pâtissier de restaurant du monde\", prépare un plat dans les cuisines du restaurant Le Sarkara, le 7 mars 2024 à Courchevel, en Savoie\n\"On est dans un côté hors-norme de la pâtisserie parce que l'on cuisine, on marche beaucoup au goût, il y a très peu de recettes. C'est plutôt rigolo\", estime son sous-chef-pâtissier, Nicolas Mormile.\nPetit, Sébastien Vauxion allait \"embêter les pâtissiers\", à Orléans, dans la boutique de ses oncles. Ses parents étaient producteurs de plants de légumes.\n\"Je me souviens les week-ends de pièces montées. C'était exceptionnel. Il y avait le côté très gourmand avec ces odeurs de caramel, de choux, de crème pâtissière, mais il y avait aussi le côté artistique\", raconte-t-il.\nA 14 ans, il sait qu'il veut devenir pâtissier. Il quitte le lycée quelques mois avant le bac et se lance: CAP, BEP, école de pâtisserie d'Yssingeaux (Haute Loire).\nLe chef pâtissier s'est ensuite formé aux côtés de grands noms: Pierre Hermé, Yannick Alléno, et surtout chez Pierre Gagnaire, pendant une dizaine d'années.\nSébastien Vauxion, désigné \"meilleur pâtissier de restaurant du monde\", prépare un plat dans les cuisines du restaurant Sarkara, le 7 mars 2024 à Courchevel, en Savoie\n\"Il est rentré chez nous avec un esprit bagarreur\", se remémore ce dernier, \"puis très vite il a fait preuve d'une véritable intelligence de coeur et d'un talent indéniable\".\n\"Je suis frappé aujourd'hui par sa modestie sereine\", confie le chef trois fois étoilé depuis 1996.\n\"Impensable\" pour Sébastien Vauxion de se retrouver sur scène pour recevoir le prix de \"meilleur pâtissier du monde\": \"j’avais envie de m’asseoir, je me suis mis à trembler\".",
    "highlightText": "",
    "highlightTitle": "",
    "highlightThreadTitle": "",
    "language": "french",
    "sentiment": "positive",
    "categories": [
        "Human Interest",
        "Arts, Culture and Entertainment"
    ],
    "external_links": [],
    "external_images": [],
    "entities": {
        "persons": [],
        "organizations": [],
        "locations": []
    },
    "rating": null,
    "crawled": "2024-03-15T00:28:32.155+02:00",
    "updated": "2024-03-15T00:28:32.155+02:00"
}