{
    "thread": {
        "uuid": "6aa6fa9bf83708a22149066e4bbd1bdb784e2d4b",
        "url": "https://markets.financialcontent.com/stocks/article/abnewswire-2024-3-14-suzanne-delaurentiis-luncheon-honors-us-military-service-members-and-veterans-during-oscar-week",
        "site_full": "markets.financialcontent.com",
        "site": "financialcontent.com",
        "site_section": "https://markets.financialcontent.com/stocks/markets/news?currentpage=21&provider=abnewswire",
        "site_categories": [
            "financial_news",
            "finance"
        ],
        "section_title": "Stock Market News | NSDQ, NYSE, and AMEX Stock Market News, Market News Categories, Market Indicators | FinancialContent Business Page ",
        "title": "Suzanne DeLaurentiis Luncheon Honors US Military Service Members and Veterans During Oscar Week | FinancialContent Business Page",
        "title_full": "Suzanne DeLaurentiis Luncheon Honors US Military Service Members and Veterans During Oscar Week | FinancialContent Business Page",
        "published": "2024-03-14T22:04:00.000+02:00",
        "replies_count": 0,
        "participants_count": 1,
        "site_type": "news",
        "country": "US",
        "main_image": "",
        "performance_score": 0,
        "domain_rank": 5702,
        "domain_rank_updated": "2024-03-12T12:10:46.000+02:00",
        "reach": null,
        "social": {
            "facebook": {
                "likes": 0,
                "comments": 0,
                "shares": 0
            },
            "gplus": {
                "shares": 0
            },
            "pinterest": {
                "shares": 0
            },
            "linkedin": {
                "shares": 0
            },
            "stumbledupon": {
                "shares": 0
            },
            "vk": {
                "shares": 0
            }
        }
    },
    "uuid": "6aa6fa9bf83708a22149066e4bbd1bdb784e2d4b",
    "url": "https://markets.financialcontent.com/stocks/article/abnewswire-2024-3-14-suzanne-delaurentiis-luncheon-honors-us-military-service-members-and-veterans-during-oscar-week",
    "ord_in_thread": 0,
    "parent_url": null,
    "author": "AB Newswire",
    "published": "2024-03-14T22:04:00.000+02:00",
    "title": "Suzanne DeLaurentiis Luncheon Honors US Military Service Members and Veterans During Oscar Week | FinancialContent Business Page",
    "text": "Suzanne DeLaurentiis with military honorees Col. Arnold V. Strong, Captain Tommy DeVries, Captain Pierre Sutton Jr., and Bill Walters On March 10th, at the Luxe Hotel in Beverly Hills, the luxurious event organized by Suzanne DeLaurentiis, alongside co-producers Lelani Turner and Joy Parris, was held to honor US Military Service Members and Veterans. This formal gathering provided a platform for recognizing the contributions and sacrifices of military personnel, with a program that included a luncheon, a gifting suite, a red carpet experience, and an awards ceremony with notable celebrity hosts. On March 10th, at the Luxe Hotel in Beverly Hills, the luxurious event organized by Suzanne DeLaurentiis, alongside co-producers Lelani Turner and Joy Parris, was held to honor US Military Service Members and Veterans. This formal gathering provided a platform for recognizing the contributions and sacrifices of military personnel, with a program that included a luncheon, a gifting suite, a red carpet experience, and an awards ceremony with notable celebrity hosts.\nDeLaurentiis stated, “Organizing this event annually is a profound honor, underscoring the importance of acknowledging the sacrifices made by service members and veterans to ensure our freedoms and the continuation of arts and culture.”\nThe ceremony featured presentations by celebrities such as Kim Estes, Sally Struthers, Eric Roberts, and Stefanie Kramer, with Stefanie Powers also showing her support. The military honorees include: Col. Arnold V. Strong, Captain Tommy DeVries, Captain Pierre Sutton Jr., and Bill Walters. The involvement of these figures highlighted the event’s significance and the entertainment industry’s respect for the military.\nThe event was supported by title sponsors Teri Werner International, Organic Body Essentials, and A 91 RedRams Production. Additional support came from Bella Grace, Terra Arma, Ava’s Heart, On All Fours, Sugarfina, The Healing Trilogy: Kimberly Meredith, Raffi Dilsizian, MegaMix Expo, Hidden Hills Coffee Company, G.L.A.M. Body Scrubs, Red Light Pro Devices, La Casa Del Camino, MidWest Railway Services, Vivian’s Boutique, Hodges Collection, Organic Body Essentials, Tech Production Value Software, Renova Worldwide, and Karen Kraft demonstrating a wide-ranging community support for this initiative.\nThe successful orchestration of this event not only served as a poignant reminder of the entertainment industry’s appreciation for the military community but also reinforced the importance of bridging diverse sectors for common causes. By bringing together service members, veterans, and celebrities from the entertainment world, the event fostered a unique environment of mutual respect and gratitude. Such initiatives underscore the vital role of collaborative efforts in honoring those who serve, highlighting the interconnectedness of service, sacrifice, and societal appreciation.\nThis annual event continues to set a precedent for how industries can contribute to acknowledging and celebrating the invaluable service of military personnel, further solidifying the bond between the arts and the defenders of freedom.\nMedia Contact\nCompany Name: Suzanne DeLaurentiis PR\nContact Person: Suzanne DeLaurentiis\nEmail: Send Email\nPhone: (310) 801-3675\nCountry: United States\nWebsite: http://suzannedelaurentiisproduction.com/",
    "highlightText": "",
    "highlightTitle": "",
    "highlightThreadTitle": "",
    "language": "english",
    "sentiment": "positive",
    "categories": [
        "Arts, Culture and Entertainment",
        "Human Interest"
    ],
    "external_links": [
        "https://www.abnewswire.com/uploads/1710438156.jpeg",
        "https://www.abnewswire.com/companyname/suzannedelaurentiisproduction.com_65192.html",
        "https://www.abnewswire.com/press_stat.php?pr=suzanne-delaurentiis-luncheon-honors-us-military-service-members-and-veterans-during-oscar-week",
        "https://tracking.newsrpm.com/pixel?slug=abnewswire-2024-3-14-suzanne-delaurentiis-luncheon-honors-us-military-service-members-and-veterans-during-oscar-week",
        "https://www.abnewswire.com/email_contact_us.php?pr=suzanne-delaurentiis-luncheon-honors-us-military-service-members-and-veterans-during-oscar-week",
        "http://suzannedelaurentiisproduction.com/",
        "https://abnewswire.com/companyname/suzannedelaurentiisproduction.com_65192.html",
        "https://www.abnewswire.com/email_contact_us.php",
        "https://abnewswire.com/email_contact_us.php?pr=suzanne-delaurentiis-luncheon-honors-us-military-service-members-and-veterans-during-oscar-week",
        "http://www.suzannedelaurentiisproduction.com/",
        "http://suzannedelaurentiisproduction.com",
        "https://tracking.newsrpm.com/pixel",
        "https://abnewswire.com/press_stat.php?pr=suzanne-delaurentiis-luncheon-honors-us-military-service-members-and-veterans-during-oscar-week",
        "https://www.tracking.newsrpm.com/pixel?slug=abnewswire-2024-3-14-suzanne-delaurentiis-luncheon-honors-us-military-service-members-and-veterans-during-oscar-week",
        "https://abnewswire.com/uploads/1710438156.jpeg",
        "https://www.abnewswire.com/press_stat.php"
    ],
    "external_images": [],
    "entities": {
        "persons": [
            {
                "name": "arnold v. strong",
                "sentiment": "negative"
            },
            {
                "name": "pi",
                "sentiment": "negative"
            },
            {
                "name": "tommy devries",
                "sentiment": "negative"
            },
            {
                "name": "suzanne delaurentiis",
                "sentiment": "negative"
            },
            {
                "name": "lelani turner",
                "sentiment": "none"
            },
            {
                "name": "delaurentiis",
                "sentiment": "none"
            },
            {
                "name": "joy parris",
                "sentiment": "none"
            },
            {
                "name": "bill walters",
                "sentiment": "none"
            },
            {
                "name": "sutton jr.",
                "sentiment": "none"
            }
        ],
        "organizations": [],
        "locations": [
            {
                "name": "beverly hills",
                "sentiment": "none"
            },
            {
                "name": "luxe hotel",
                "sentiment": "none"
            },
            {
                "name": "us",
                "sentiment": "none"
            }
        ]
    },
    "rating": null,
    "crawled": "2024-03-15T00:10:32.164+02:00",
    "updated": "2024-03-15T00:10:32.164+02:00"
}