{
    "thread": {
        "uuid": "243393477a7ff033c89e2a2656a5b3f7e5a73fc6",
        "url": "https://ground.news/article/after-victim-devastated-by-trike-theft-deputies-rolled-in-to-help",
        "site_full": "ground.news",
        "site": "ground.news",
        "site_section": "https://ground.news/interest/therepubliccom",
        "site_categories": [],
        "section_title": "therepublic.com Breaking News Headlines Today | Ground News",
        "title": "Ground News - After victim 'devastated' by trike theft, deputies rolled in to help",
        "title_full": "Ground News - After victim 'devastated' by trike theft, deputies rolled in to help",
        "published": "2024-03-14T02:00:00.000+02:00",
        "replies_count": 0,
        "participants_count": 1,
        "site_type": "news",
        "country": "US",
        "main_image": "",
        "performance_score": 0,
        "domain_rank": 29912,
        "domain_rank_updated": "2024-03-12T12:10:46.000+02:00",
        "reach": null,
        "social": {
            "facebook": {
                "likes": 0,
                "comments": 0,
                "shares": 0
            },
            "gplus": {
                "shares": 0
            },
            "pinterest": {
                "shares": 0
            },
            "linkedin": {
                "shares": 0
            },
            "stumbledupon": {
                "shares": 0
            },
            "vk": {
                "shares": 0
            }
        }
    },
    "uuid": "243393477a7ff033c89e2a2656a5b3f7e5a73fc6",
    "url": "https://ground.news/article/after-victim-devastated-by-trike-theft-deputies-rolled-in-to-help",
    "ord_in_thread": 0,
    "parent_url": null,
    "author": "therepublic.com",
    "published": "2024-03-14T02:00:00.000+02:00",
    "title": "Ground News - After victim 'devastated' by trike theft, deputies rolled in to help",
    "text": "Bartholomew County sheriff deputies responded in more ways than one after someone stole an adult tricycle belonging to a man with Down syndrome At about 4:29 p.m. on Feb. 29, sheriff’s Deputy Tyler Cooper was notified of a theft on Alan Drive. When Cooper arrived on scene and met with Della Dowden, she reported that her son’s tricycle was stolen from her yard during the night of February 28. Continue reading at The Republic News. Summary by therepublic.com 1 Articles 1 Articles All Left Center Right [] therepublic.com After victim 'devastated' by trike theft, deputies rolled in to help Bartholomew County sheriff deputies responded in more ways than one after someone stole an adult tricycle belonging to a man with Down syndrome At about 4:29 p.m. on Feb. 29, sheriff’s Deputy Tyler Cooper was notified of a theft on Alan Drive. When Cooper arrived on scene and met with Della Dowden, she reported that her son’s tricycle was stolen from her yard during the night of February 28. Continue reading at The Republic News. 6 hours ago·Columbus, United StatesRead Full Article Think freely.Subscribe and get full access to Ground NewsSubscriptions start at $9.99/year [Subscribe](/subscribe) Not enough coverage to generate an Article Assistant. Ground News Article Assistant Coverage Details Total News Sources0Leaning Left0Leaning Right0Center1Last Updated4 hours agoBias Distribution 100% Center Bias Distribution - 100% of the sources are Center 100% Center C 100% Factuality To view factuality data please Upgrade to Premium Ownership To view ownership data please Upgrade to Vantage Sources are mostly out of (0)",
    "highlightText": "",
    "highlightTitle": "",
    "highlightThreadTitle": "",
    "language": "english",
    "sentiment": "positive",
    "categories": [
        "Crime, Law and Justice",
        "Social Issue",
        "Human Interest"
    ],
    "external_links": [],
    "external_images": [],
    "entities": {
        "persons": [
            {
                "name": "tyler cooper",
                "sentiment": "none"
            },
            {
                "name": "della dowden",
                "sentiment": "none"
            },
            {
                "name": "cooper",
                "sentiment": "none"
            }
        ],
        "organizations": [
            {
                "name": "united",
                "sentiment": "none"
            }
        ],
        "locations": [
            {
                "name": "bartholomew county",
                "sentiment": "none"
            },
            {
                "name": "alan drive",
                "sentiment": "none"
            },
            {
                "name": "columbus",
                "sentiment": "none"
            }
        ]
    },
    "rating": null,
    "crawled": "2024-03-15T00:14:07.399+02:00",
    "updated": "2024-03-15T00:14:07.399+02:00"
}