{
    "thread": {
        "uuid": "21542f6978aba4747dc89e5bb7b75c154ce374bc",
        "url": "https://www.eldia.es/sociedad/2024/03/14/lluvia-premios-canarias-99499749.html",
        "site_full": "www.eldia.es",
        "site": "eldia.es",
        "site_section": "https://www.eldia.es/rss/section/12507",
        "site_categories": [
            "media"
        ],
        "section_title": "",
        "title": "Lluvia de premios en Canarias",
        "title_full": "Lluvia de premios en Canarias",
        "published": "2024-03-14T22:45:00.000+02:00",
        "replies_count": 0,
        "participants_count": 1,
        "site_type": "news",
        "country": "ES",
        "main_image": "https://estaticos-cdn.prensaiberica.es/clip/1776b0e6-7b72-4375-9569-2322c7b73e11_16-9-discover-aspect-ratio_default_0.jpg",
        "performance_score": 0,
        "domain_rank": 25112,
        "domain_rank_updated": "2024-03-12T12:10:46.000+02:00",
        "reach": null,
        "social": {
            "facebook": {
                "likes": 0,
                "comments": 0,
                "shares": 0
            },
            "gplus": {
                "shares": 0
            },
            "pinterest": {
                "shares": 0
            },
            "linkedin": {
                "shares": 0
            },
            "stumbledupon": {
                "shares": 0
            },
            "vk": {
                "shares": 0
            }
        }
    },
    "uuid": "21542f6978aba4747dc89e5bb7b75c154ce374bc",
    "url": "https://www.eldia.es/sociedad/2024/03/14/lluvia-premios-canarias-99499749.html",
    "ord_in_thread": 0,
    "parent_url": null,
    "author": "La pluma de la Fortuna",
    "published": "2024-03-14T22:45:00.000+02:00",
    "title": "Lluvia de premios en Canarias",
    "text": "Lluvia de premios en Canarias Un segundo premio de la Bonoloto toca en Tenerife Lluvia de premios este jueves en [Canarias](https://www.eldia.es/canarias/). Todos los principales sorteos que se celebran este 14 de marzo se han dejado notar en las Islas, en especial la Bonoloto. Según ha informado [ Loterías y Apuestas del Estado](https://www.loteriasyapuestas.es/es/resultados), en la isla de [Tenerife](https://www.eldia.es/tenerife/) ha tocado un segundo premio de este sorteo (5 aciertos + C), más concretamente en la gasolinera El Bohío, en la autopista del Norte. El afortunado recibirá 41.771 euros. Sin embargo, el mayor afortunado de las Islas no obtendrá esta cantidad, sino casi 2,8 millones de euros, al obtener un premio de la Bonoloto de primera categoría (6 aciertos). En este caso, la combinación ganadora cayó en Las Palmas de Gran Canaria. La combinación ganadora del sorteo de la Bonoloto de este jueves es 07 12 18 32 46 47, complementario el 11 y [reintegro](https://www.elperiodico.com/es/loteria-navidad/premios/) el 9. Pero la provincia de Las Palmas ha llevado su idilio con la suerte más allá, ya que también ha tocado un segundo premio de la Primitiva, premiado con 24.770 euros, y dos segundos de la Lotería Nacional, premiados con 6.000 euros al número. - Combinación ganadora La Primitiva: 01 07 10 18 41 43 - C 13 - R 2 - Primer premio Lotería Nacional: 67455 - Segundo premio Lotería Nacional: 29648 ¿Cómo se juega a la Bonoloto? El Sorteo de la Bonoloto se celebra todos los días de la semana. El boleto está formado por 8 columnas, cada una de las cuales con número que van desde el 1 al 49. En cada sorteo se extraen 6 bolas del bombo principal y una bola más de un segundo bombo que corresponde al reintegro. La Bonoloto permite jugar mediante apuesta simple o múltiple. En el primer caso, cada apostante deberá rellenar tantas columnas como apuestas quiera realizar. En cada una de ellas rellenará 6 números. En el caso de la apuesta múltiple, solo se marcan número de una columna y en función del número de apuestas que se quiera jugar, se seleccionará una cantidad de números diferente entre una de las siguientes posibles: - Si marcas la casilla de 44 apuestas, deberás seleccionar 5 números en el primer bloque. El conjunto formado por esos cinco números elegidos juega con cada uno de los restantes números del bloque, formándose así 44 conjuntos de seis pronósticos, es decir, 44 apuestas - Si marcas la casilla de 7 apuestas, deberás seleccionar 7 números en el primer bloque - Si marcas la casilla de 28 apuestas, deberás seleccionar 8 números en el primer bloque - Si marcas la casilla de 84 apuestas, deberás seleccionar 9 números en el primer bloque - Si marcas la casilla de 210 apuestas, deberás seleccionar 10 números en el primer bloque - Si marcas la casilla de 462 apuestas, deberás seleccionar 11 números en el primer bloque ¿Cuánto cuesta jugar? El importe de cada apuesta es de 0,50 euros. El importe mínimo del boleto completo es 1 euro, por tanto: Si tu boleto participa en un único sorteo, debe incluir al menos 2 apuestas (50 céntimos x 2 apuestas x 1 sorteo = 1 euro). Si tu boleto participa en dos o más sorteos (sorteo semanal), puede incluir desde 1 única apuesta (50 céntimos x 1 apuesta x 2 sorteos = 1 euro) Premios de la Bonoloto En Bonoloto se destina el 55% de la recaudación a premios, distribuyéndose entre las siguientes categorías de premios: 1ª Categoría: si se aciertan los 6 números de la combinación ganadora. 2ª Categoría: si se aciertan 5 números de la combinación ganadora más la extracción correspondiente al número complementario* 3ª Categoría: si se aciertan 5 números de la combinación ganadora 4ª Categoría: si se aciertan 4 números de la combinación ganadora 5ª Categoría: si se aciertan 3 números de la combinación ganadora Reintegro: si el número destinado a este premio coincide con el de tu boleto y vendrá referido al importe total de apuestas en las que has participado. Sorteo Semanal: el reintegro para la modalidad de abono o sorteo semanal se sorteará cada día, asignándose el premio correspondiente al valor de la apuesta diaria. Sorteo Diario: el reintegro para la modalidad de participación diaria vendrá determinado por el dígito ganador del sorteo del día de participación. [RRSS WhatsApp](https://api.whatsapp.com/send?text=Lluvia%20de%20premios%20en%20Canarias%20https://www.eldia.es/sociedad/2024/03/14/lluvia-premios-canarias-99499749.html%3Futm_source%3Dwhatsapp%26utm_medium%3Dsocial%26utm_campaign%3Dbtn-share) [RRSS Facebook](https://www.facebook.com/sharer/sharer.php?u=https://www.eldia.es/sociedad/2024/03/14/lluvia-premios-canarias-99499749.html%3Futm_source%3Dfacebook%26utm_medium%3Dsocial%26utm_campaign%3Dbtn-share) [RRSS Twitter](https://twitter.com/intent/tweet?original_referer=https://www.eldia.es/sociedad/2024/03/14/lluvia-premios-canarias-99499749.html&text=Lluvia%20de%20premios%20en%20Canarias%20%20https://www.eldia.es/sociedad/2024/03/14/lluvia-premios-canarias-99499749.html%3Futm_source%3Dtwitter%26utm_medium%3Dsocial%26utm_campaign%3Dbtn-share) [RRSS email](mailto:?subject=Lluvia%20de%20premios%20en%20Canarias%20&body=https://www.eldia.es/sociedad/2024/03/14/lluvia-premios-canarias-99499749.html%3Futm_source%3Dmail%26utm_medium%3Dsocial%26utm_campaign%3Dbtn-share) [Copiar URL](javascript: void(0)) [Sociedad](https://www.eldia.es/sociedad/2024/03/13/pareja-acusado-agresion-sexual-tenerife-99436564.html) [La pareja del acusado de agresión sexual en Tenerife rechaza el relato de la denunciante](https://www.eldia.es/sociedad/2024/03/13/pareja-acusado-agresion-sexual-tenerife-99436564.html) [Sociedad](https://www.eldia.es/sociedad/2024/03/13/mujeres-mando-canarias-99397871.html) [Las mujeres del Mando de Canarias](https://www.eldia.es/sociedad/2024/03/13/mujeres-mando-canarias-99397871.html) [Sociedad](https://www.eldia.es/sociedad/2024/03/14/vistazo-chipeque-recuperacion-miradores-bonitos-dv-99481331.html) [Un vistazo desde Chipeque: así va la recuperación de uno de los miradores más bonitos de Tenerife tras el incendio](https://www.eldia.es/sociedad/2024/03/14/vistazo-chipeque-recuperacion-miradores-bonitos-dv-99481331.html) [Sociedad](https://www.eldia.es/sociedad/2024/03/13/hay-cambios-tiempo-jueves-99439854.html) [¿Hay cambios en el tiempo este jueves?](https://www.eldia.es/sociedad/2024/03/13/hay-cambios-tiempo-jueves-99439854.html) [Sociedad](https://www.eldia.es/sociedad/2024/03/13/parlamento-andalucia-sera-debatir-ley-gafas-gratuitas-99445269.html) [El Parlamento de Andalucía será el primero en debatir sobre una ley de gafas gratuitas](https://www.eldia.es/sociedad/2024/03/13/parlamento-andalucia-sera-debatir-ley-gafas-gratuitas-99445269.html) [Sociedad](https://www.eldia.es/sociedad/2024/03/13/rescate-cacatua-hierro-acaba-tres-99398413.html) [El rescate de una cacatúa en El Hierro acaba con tres dedos amputados](https://www.eldia.es/sociedad/2024/03/13/rescate-cacatua-hierro-acaba-tres-99398413.html) [GENTE Y CULTURAS](https://www.eldia.es/sociedad/2024/03/13/canarias-ofrecera-primera-vez-becas-99434920.html) [Canarias ofrecerá por primera vez becas para alumnos con necesidades especiales](https://www.eldia.es/sociedad/2024/03/13/canarias-ofrecera-primera-vez-becas-99434920.html) [Sociedad](https://www.eldia.es/sociedad/2024/03/14/invierno-raro-islas-nieve-teide-99474466.html) [El invierno más raro en las Islas: sin nieve en el Teide por primera vez en más de cien años](https://www.eldia.es/sociedad/2024/03/14/invierno-raro-islas-nieve-teide-99474466.html)",
    "highlightText": "",
    "highlightTitle": "",
    "highlightThreadTitle": "",
    "language": "spanish",
    "sentiment": "positive",
    "categories": [
        "Human Interest"
    ],
    "external_links": [
        "https://www.elperiodico.com/es/loteria-navidad/premios/",
        "https://www.loteriasyapuestas.es/es/resultados",
        "https://loteriasyapuestas.es/es/resultados",
        "https://www.elperiodico.com/es/loteria-navidad/premios",
        "https://elperiodico.com/es/loteria-navidad/premios/"
    ],
    "external_images": [],
    "entities": {
        "persons": [],
        "organizations": [],
        "locations": []
    },
    "rating": null,
    "crawled": "2024-03-15T00:04:56.766+02:00",
    "updated": "2024-03-15T00:38:40.365+02:00"
}