{
    "thread": {
        "uuid": "e2f90de26d612c0a9dcf301a9ba53883db99edc8",
        "url": "https://www.vanguardia.com/entretenimiento/tendencias/video-viral-vendedora-de-melones-causa-polemica-en-redes-sociales-por-sus-atributos-fisicos-FM8790766",
        "site_full": "www.vanguardia.com",
        "site": "vanguardia.com",
        "site_section": "https://www.vanguardia.com",
        "site_categories": [
            "media",
            "top_news"
        ],
        "section_title": "Noticias de Bucaramanga, Santander y Colombia en Vanguardia",
        "title": "Video | Vendedora de 'melones' causa polémica en redes sociales por sus atributos físicos | Vanguardia.com",
        "title_full": "Video | Vendedora de 'melones' causa polémica en redes sociales por sus atributos físicos | Vanguardia.com",
        "published": "2024-03-14T23:30:00.000+02:00",
        "replies_count": 0,
        "participants_count": 1,
        "site_type": "news",
        "country": "CO",
        "main_image": "https://www.vanguardia.com/binrepository/1200x800/0c144/1200d628/upper-right/12204/UAXC/d7f0afba-01a2-40b1-b011-2a15f2eda144_9623516_20240314164016.jpg",
        "performance_score": 0,
        "domain_rank": 30901,
        "domain_rank_updated": "2024-03-12T12:10:46.000+02:00",
        "reach": null,
        "social": {
            "facebook": {
                "likes": 0,
                "comments": 0,
                "shares": 0
            },
            "gplus": {
                "shares": 0
            },
            "pinterest": {
                "shares": 0
            },
            "linkedin": {
                "shares": 0
            },
            "stumbledupon": {
                "shares": 0
            },
            "vk": {
                "shares": 0
            }
        }
    },
    "uuid": "e2f90de26d612c0a9dcf301a9ba53883db99edc8",
    "url": "https://www.vanguardia.com/entretenimiento/tendencias/video-viral-vendedora-de-melones-causa-polemica-en-redes-sociales-por-sus-atributos-fisicos-FM8790766",
    "ord_in_thread": 0,
    "parent_url": null,
    "author": "m.b.",
    "published": "2024-03-14T23:30:00.000+02:00",
    "title": "Video | Vendedora de 'melones' causa polémica en redes sociales por sus atributos físicos | Vanguardia.com",
    "text": "Cinthya, una joven emprendedora que se dedica a la venta de frutas frescas en su puesto callejero, ha alcanzado la fama en la reconocida plataforma de videos cortos con una grabación sumamente divertida. En este video de apenas 15 segundos, se muestra a Cinthya ofreciendo melones a un conductor que pasa por el lugar. Sin embargo, lo que hace que el video sea tan entretenido es el comentario que hace Cinthya después de que el conductor elige sus melones y paga por ellos. La respuesta del público ha sido inmediata, con más de un millón de reproducciones en TikTok en tan solo unas pocas horas. Lo que añade aún más intriga a esta historia es que detrás de esta ingeniosa broma está una sorprendente revelación: Cinthya también es modelo de OnlyFans. Con un toque de humor y creatividad, esta emprendedora ha encontrado una manera única no solo de promocionar su puesto de frutas, sino también de aumentar su visibilidad en otras plataformas en línea. Los comentarios en el video no se han hecho esperar, con usuarios expresando desde asombro hasta hilaridad ante la ocurrencia de Cinthya. Algunos han comparado su estilo con el de otras personalidades conocidas en las redes sociales, mientras que otros simplemente han elogiado su ingenio y sentido del humor. @cinthyach00oficial vendiendo melones ♬ sonido original - Cinthya CH vendiendo melones Esta historia demuestra cómo la creatividad y el ingenio pueden convertirse en poderosas herramientas de marketing en el mundo digital de hoy. Desde vender frutas en la calle hasta conquistar las redes sociales, Cinthya ha demostrado que el humor puede ser un aliado invaluable en el mundo del comercio electrónico. Sin duda, esta vendedora de frutas ha logrado dejar una impresión duradera en el mundo digital, recordándonos que a veces, todo lo que se necesita es una buena dosis de creatividad para destacar en un mercado saturado de contenido.",
    "highlightText": "",
    "highlightTitle": "",
    "highlightThreadTitle": "",
    "language": "spanish",
    "sentiment": "positive",
    "categories": [
        "Human Interest"
    ],
    "external_links": [],
    "external_images": [],
    "entities": {
        "persons": [],
        "organizations": [],
        "locations": []
    },
    "rating": null,
    "crawled": "2024-03-15T00:15:25.659+02:00",
    "updated": "2024-03-15T00:15:25.659+02:00"
}