{
    "thread": {
        "uuid": "5ec8152455c3053042d90713860a6f9ebfedb9b7",
        "url": "https://menafn.com/1107978319/Koramangala-To-Indiranagar-7-Places-To-Enjoy-Ramadan-Food-In-Bangalore",
        "site_full": "menafn.com",
        "site": "menafn.com",
        "site_section": "http://www.menafn.com/rss/menafn_globaltopstories.xml",
        "site_categories": [
            "investing",
            "financial_news",
            "finance"
        ],
        "section_title": "Families Of Israeli Hostages Meet Netanyahu",
        "title": "Koramangala To Indiranagar-7 Places To Enjoy Ramadan Food In Bangalore | MENAFN.COM",
        "title_full": "Koramangala To Indiranagar-7 Places To Enjoy Ramadan Food In Bangalore | MENAFN.COM",
        "published": "2024-03-14T02:00:00.000+02:00",
        "replies_count": 0,
        "participants_count": 1,
        "site_type": "news",
        "country": "US",
        "main_image": "https://menafn.com/updates/pr/2024-03/14/AN_e9177image_story.jpg",
        "performance_score": 0,
        "domain_rank": 6330,
        "domain_rank_updated": "2024-03-12T12:10:46.000+02:00",
        "reach": null,
        "social": {
            "facebook": {
                "likes": 0,
                "comments": 0,
                "shares": 0
            },
            "gplus": {
                "shares": 0
            },
            "pinterest": {
                "shares": 0
            },
            "linkedin": {
                "shares": 0
            },
            "stumbledupon": {
                "shares": 0
            },
            "vk": {
                "shares": 0
            }
        }
    },
    "uuid": "5ec8152455c3053042d90713860a6f9ebfedb9b7",
    "url": "https://menafn.com/1107978319/Koramangala-To-Indiranagar-7-Places-To-Enjoy-Ramadan-Food-In-Bangalore",
    "ord_in_thread": 0,
    "parent_url": null,
    "author": "MENAFN",
    "published": "2024-03-14T02:00:00.000+02:00",
    "title": "Koramangala To Indiranagar-7 Places To Enjoy Ramadan Food In Bangalore | MENAFN.COM",
    "text": "Forgot Username or Password Date (MENAFN- AsiaNet News) Several eateries in Bangalore serve amazing Ramadan meals during the holy month. Here are 7 recommendations. Several eateries in Bangalore serve amazing Ramadan meals during the holy month. Here are 7 recommendations. This Bangalore neighbourhood has a thriving Ramadan food scene. Many restaurants and street food carts provide Ramadan meals such kebabs, biryanis, haleem, baklava, and phirni. Shivaji Nagar is another busy Ramadan location with several food vendors and small eateries providing genuine Ramadan dishes. Ramadan nights on Mosque Road in Richmond Town are foodies' delight. Shawarma, tandoori, grilled meats, and traditional desserts are served here. Many restaurants in Koramangala provide Ramadan dishes. Arabian and Ramadan-inspired Indian meals are available in this area. Commercial Street is a Ramadan food and retail hotspot. Street cuisine includes samosas, pakoras, kebabs, and fruit drinks. Indiranagar's 12th Main has many Ramadan food booths and pop-up stores. Chicken tikka, seekh kebabs, biryanis, and sheer khurma are available here. Johnson Market is known for its diverse cuisine, and Ramadan brings extra booths serving delicious kebabs, tandoori dishes, creamy haleem, and sweets like gulab jamun and jalebi. MENAFN14032024007385015968ID1107978319 Legal Disclaimer: MENAFN provides the information “as is” without warranty of any kind. We do not accept any responsibility or liability for the accuracy, content, images, videos, licenses, completeness, legality, or reliability of the information contained in this article. If you have any complaints or copyright issues related to this article, kindly contact the provider above. Tags Comments Category Date",
    "highlightText": "",
    "highlightTitle": "",
    "highlightThreadTitle": "",
    "language": "english",
    "sentiment": "positive",
    "categories": [
        "Lifestyle and Leisure",
        "Human Interest"
    ],
    "external_links": [],
    "external_images": [],
    "entities": {
        "persons": [
            {
                "name": "shivaji nagar",
                "sentiment": "none"
            }
        ],
        "organizations": [
            {
                "name": "asianet news",
                "sentiment": "negative"
            }
        ],
        "locations": [
            {
                "name": "bangalore",
                "sentiment": "none"
            },
            {
                "name": "mosque road",
                "sentiment": "none"
            },
            {
                "name": "richmond town",
                "sentiment": "none"
            },
            {
                "name": "indiranagar",
                "sentiment": "none"
            },
            {
                "name": "koramangala",
                "sentiment": "none"
            }
        ]
    },
    "rating": null,
    "crawled": "2024-03-15T00:05:48.883+02:00",
    "updated": "2024-03-15T00:05:48.883+02:00"
}