{
    "thread": {
        "uuid": "5408ed92105b4312c5b3e621715872f99a839e9e",
        "url": "https://dev.to/nilavya2000/revolutionizing-coding-with-devin-the-worlds-first-ai-software-engineer-3742",
        "site_full": "dev.to",
        "site": "dev.to",
        "site_section": "https://dev.to/latest",
        "site_categories": [
            "javascript",
            "tech",
            "databases"
        ],
        "section_title": "DEV Community - Latest posts",
        "title": "Revolutionizing Coding with Devin: The World's First AI Software Engineer - DEV Community",
        "title_full": "Revolutionizing Coding with Devin: The World's First AI Software Engineer - DEV Community",
        "published": "2024-03-15T00:03:00.000+02:00",
        "replies_count": 0,
        "participants_count": 1,
        "site_type": "news",
        "country": "US",
        "main_image": "https://media.dev.to/cdn-cgi/image/width=1000,height=500,fit=cover,gravity=auto,format=auto/https%3A%2F%2Fdev-to-uploads.s3.amazonaws.com%2Fuploads%2Farticles%2F77w55777t56z3dgw36bu.jpg",
        "performance_score": 0,
        "domain_rank": 1900,
        "domain_rank_updated": "2024-03-12T12:10:46.000+02:00",
        "reach": null,
        "social": {
            "facebook": {
                "likes": 0,
                "comments": 0,
                "shares": 0
            },
            "gplus": {
                "shares": 0
            },
            "pinterest": {
                "shares": 0
            },
            "linkedin": {
                "shares": 0
            },
            "stumbledupon": {
                "shares": 0
            },
            "vk": {
                "shares": 0
            }
        }
    },
    "uuid": "5408ed92105b4312c5b3e621715872f99a839e9e",
    "url": "https://dev.to/nilavya2000/revolutionizing-coding-with-devin-the-worlds-first-ai-software-engineer-3742",
    "ord_in_thread": 0,
    "parent_url": null,
    "author": "@Nilavya1",
    "published": "2024-03-15T00:03:00.000+02:00",
    "title": "Revolutionizing Coding with Devin: The World's First AI Software Engineer - DEV Community",
    "text": "Forget free coffee ☕️ and ping pong tables 🏓, the hottest perk in Silicon Valley might just be your new coworker – Devin, the world's first AI software engineer. But is Devin here to revolutionize coding or steal your paycheck 👀? Imagine this:🤔 You're neck-deep in a complex software project 🤯, drowning in repetitive tasks ⏳ and bug fixes😵💫. Enter Devin, your tireless AI teammate. Devin can churn out code 👨💻, build websites 🌎, and tackle intricate engineering challenges – all while you focus on the big picture. Sounds like a dream come true 🤩, right? Although Devin has impressive skills, they are incomparable to the Terminator with a coding degree. Here's the reality: - Devin automates repetitive tasks, freeing up your time to focus on creative problem-solving. Work with Devin to avoid errors and make your job more interesting.🤖💼 - Marvel, Devin's AI constantly learns and adapts, becoming a better coder with every project. Think of it as having a coding prodigy by your side, eager to learn from your expertise.🌟👨💻 - Collaboration is key. Devin works well with human engineers by sharing ideas, receiving feedback, and keeping everyone informed. It's like having a coding partner who never needs a nap.🤝👨💻 So, is Devin coming for your job 👀? Not likely 😮💨 The creators envision Devin as a force multiplier, not a replacement. Think of it as having a super-powered coding assistant who lets you focus on the strategic aspects of software engineering. 💪👨💻 While Devin is a groundbreaking development, AI in software engineering is still young. True human-level creativity and the ability to handle the unexpected are still very much human strengths. 🧠🛠️ But make no mistake, Devin is a sign of things to come. As AI continues to evolve, we can expect even more powerful tools to emerge, ushering in a new era of human-AI collaboration in the world of software engineering. 🌟🚀 The question isn't whether AI will change the coding, it's how. So, buckle up, grab your keyboard ⌨️, and get ready to code alongside your new AI teammate. The future of software engineering is here, and it's looking collaborative. 🤖🤝🐛",
    "highlightText": "",
    "highlightTitle": "",
    "highlightThreadTitle": "",
    "language": "english",
    "sentiment": "positive",
    "categories": [
        "Human Interest",
        "Science and Technology"
    ],
    "external_links": [],
    "external_images": [],
    "entities": {
        "persons": [
            {
                "name": "devin",
                "sentiment": "negative"
            }
        ],
        "organizations": [],
        "locations": [
            {
                "name": "silicon valley",
                "sentiment": "none"
            }
        ]
    },
    "rating": null,
    "crawled": "2024-03-15T00:30:11.911+02:00",
    "updated": "2024-03-15T00:30:11.911+02:00"
}