{
    "thread": {
        "uuid": "bfa3147a973097c117e0f6dbbc6d3585e4a30d74",
        "url": "http://www.lapatilla.com/2024/03/14/una-pareja-y-su-hija-sobreviven-a-un-accidente-de-avioneta-en-california-saltaron-en-paracaidas-milagrosamente-fotos",
        "site_full": "www.lapatilla.com",
        "site": "lapatilla.com",
        "site_section": "https://paiylg.awsve.com",
        "site_categories": [
            "media"
        ],
        "section_title": "Home - LaPatilla.com",
        "title": "Una pareja y su hija sobreviven a un accidente de avioneta en California: saltaron en paracaídas milagrosamente (FOTOS) - LaPatilla.com",
        "title_full": "Una pareja y su hija sobreviven a un accidente de avioneta en California: saltaron en paracaídas milagrosamente (FOTOS) - LaPatilla.com",
        "published": "2024-03-14T23:07:00.000+02:00",
        "replies_count": 0,
        "participants_count": 1,
        "site_type": "news",
        "country": "VE",
        "main_image": "https://www.lapatilla.com/wp-content/uploads/2024/03/Cal-Fire-1.jpg",
        "performance_score": 0,
        "domain_rank": 43937,
        "domain_rank_updated": "2024-03-12T12:13:34.000+02:00",
        "reach": null,
        "social": {
            "facebook": {
                "likes": 0,
                "comments": 0,
                "shares": 0
            },
            "gplus": {
                "shares": 0
            },
            "pinterest": {
                "shares": 0
            },
            "linkedin": {
                "shares": 0
            },
            "stumbledupon": {
                "shares": 0
            },
            "vk": {
                "shares": 0
            }
        }
    },
    "uuid": "bfa3147a973097c117e0f6dbbc6d3585e4a30d74",
    "url": "http://www.lapatilla.com/2024/03/14/una-pareja-y-su-hija-sobreviven-a-un-accidente-de-avioneta-en-california-saltaron-en-paracaidas-milagrosamente-fotos",
    "ord_in_thread": 0,
    "parent_url": null,
    "author": "Elizabeth Gutiérrez",
    "published": "2024-03-14T23:07:00.000+02:00",
    "title": "Una pareja y su hija sobreviven a un accidente de avioneta en California: saltaron en paracaídas milagrosamente (FOTOS) - LaPatilla.com",
    "text": "Una pareja de California y su hija de 2 años lograron sobrevivir milagrosamente a un accidente de avioneta el viernes pasado, luego de que el motor del avión perdiera potencia de forma alarmante mientras se dirigían desde la población de Shelter Cove hasta Santa Rosa, donde vive la familia. Por [El Diario NY ](https://eldiariony.com/2024/03/14/una-pareja-y-su-hija-sobreviven-a-un-accidente-de-avioneta-en-california-al-desplegar-el-paracaidas-milagrosamente/)",
    "highlightText": "",
    "highlightTitle": "",
    "highlightThreadTitle": "",
    "language": "spanish",
    "sentiment": "positive",
    "categories": [
        "Disaster and Accident",
        "Health",
        "Human Interest"
    ],
    "external_links": [
        "https://eldiariony.com/2024/03/14/una-pareja-y-su-hija-sobreviven-a-un-accidente-de-avioneta-en-california-al-desplegar-el-paracaidas-milagrosamente/)",
        "https://www.eldiariony.com/2024/03/14/una-pareja-y-su-hija-sobreviven-a-un-accidente-de-avioneta-en-california-al-desplegar-el-paracaidas-milagrosamente/)"
    ],
    "external_images": [],
    "entities": {
        "persons": [],
        "organizations": [],
        "locations": []
    },
    "rating": null,
    "crawled": "2024-03-15T00:17:28.347+02:00",
    "updated": "2024-03-15T03:11:53.663+02:00"
}