{
    "thread": {
        "uuid": "23a8c33083477b6d4577b17b6eb69bcd1286cec7",
        "url": "https://www.cbsnews.com/philadelphia/video/actress-olivia-munn-raise-awareness-about-breast-cancer-with-risk-assessment-tool",
        "site_full": "www.cbsnews.com",
        "site": "cbsnews.com",
        "site_section": "https://philadelphia.cbslocal.com/category/business-economy/page/4/",
        "site_categories": [
            "media",
            "television",
            "entertainment"
        ],
        "section_title": "CBS Philadelphia - Breaking News, Sports, NEXT Weather &amp; Community Journalism",
        "title": "Actress Olivia Munn raise awareness about breast cancer with risk assessment tool - CBS Philadelphia",
        "title_full": "Actress Olivia Munn raise awareness about breast cancer with risk assessment tool - CBS Philadelphia",
        "published": "2024-03-14T02:00:00.000+02:00",
        "replies_count": 0,
        "participants_count": 1,
        "site_type": "news",
        "country": "US",
        "main_image": "https://assets2.cbsnewsstatic.com/hub/i/r/2024/03/14/73046c32-04b8-4d68-9097-14d6686b4b74/thumbnail/1200x630/69335e95914b9d1bdfa12bf80f5faa14/42816cce5e8f0d97544f7735cce52d80.jpg?v=d1d78866939020fc1f2607ef7298e4ec",
        "performance_score": 0,
        "domain_rank": 184,
        "domain_rank_updated": "2024-03-12T12:10:46.000+02:00",
        "reach": null,
        "social": {
            "facebook": {
                "likes": 0,
                "comments": 0,
                "shares": 0
            },
            "gplus": {
                "shares": 0
            },
            "pinterest": {
                "shares": 0
            },
            "linkedin": {
                "shares": 0
            },
            "stumbledupon": {
                "shares": 0
            },
            "vk": {
                "shares": 0
            }
        }
    },
    "uuid": "23a8c33083477b6d4577b17b6eb69bcd1286cec7",
    "url": "https://www.cbsnews.com/philadelphia/video/actress-olivia-munn-raise-awareness-about-breast-cancer-with-risk-assessment-tool",
    "ord_in_thread": 0,
    "parent_url": null,
    "author": "CBS Philadelphia",
    "published": "2024-03-14T02:00:00.000+02:00",
    "title": "Actress Olivia Munn raise awareness about breast cancer with risk assessment tool - CBS Philadelphia",
    "text": "Latest U.S. World Politics Entertainment HealthWatch MoneyWatch Crime Sports Local News Baltimore Bay Area Boston Chicago Colorado Detroit Los Angeles Miami Minnesota New York Philadelphia Pittsburgh Sacramento Texas Live CBS News Streaming Baltimore Bay Area Boston Chicago Colorado Detroit Los Angeles Miami Minnesota New York Philadelphia Pittsburgh Sacramento Texas Shows 48 Hours 60 Minutes America Decides CBS Evening News CBS Mornings CBS News Eye on America CBS News Mornings CBS Reports CBS Saturday Morning The Dish Face the Nation Here Comes the Sun Person to Person Prime Time Sunday Morning The Takeout The Uplift Weekender Photos Podcasts In Depth Newsletters Download Our App CBS News Team Executive Team Paramount Shop Paramount+ Join Our Talent Community RSS Feeds A Moment With... Innovators & Disruptors Philadelphia News All News Pennsylvania New Jersey Delaware National World Health Entertainment Politics Traffic & Transportation Business Recalls CBS+ Weather Latest Weather Radars Become a Weather Watcher Sports All Sports CBS Sports HQ Eagles Sixers Phillies Flyers Blue Coats College High School Odds Video CBS Philadelphia Shows Focusing on the Future Gallen of Questions Alex's Lemonade Stand Lights for the Fight More Than Pink Friday Football Frenzy Hispanic Heritage Month Joy of Sharing Black Business Month Mental Reset RMHC Telethon SummerFest The Heartbeat Station Info Contact Us Share Photos & Video Send Us a News Tip Advertise With Us Contests & Promotions Download The App About NEXTGEN TV Photo Galleries Mentioned On-Air Jobs & Internships Watch CBS News The actress Olivia Munn is being applauded for raising awareness about breast cancer but it's also raising a lot of questions about her complicated diagnosis. Stephanie Stahl reports more on her case and the online test you may not even know about. View CBS News In CBS News App Open Chrome Safari Continue Be the first to know Get browser notifications for breaking news, live events, and exclusive reporting. Not Now Turn On",
    "highlightText": "",
    "highlightTitle": "",
    "highlightThreadTitle": "",
    "language": "english",
    "sentiment": "positive",
    "categories": [
        "Human Interest",
        "Health"
    ],
    "external_links": [],
    "external_images": [],
    "entities": {
        "persons": [
            {
                "name": "baltimore ba",
                "sentiment": "negative"
            },
            {
                "name": "olivia munn",
                "sentiment": "negative"
            }
        ],
        "organizations": [
            {
                "name": "cbs",
                "sentiment": "negative"
            },
            {
                "name": "national world health entertainment politics traffic & transportation business recalls cbs",
                "sentiment": "none"
            },
            {
                "name": "cbs news team executive team paramount shop paramount",
                "sentiment": "none"
            },
            {
                "name": "innovators & disruptors philadelphia news all news",
                "sentiment": "none"
            },
            {
                "name": "cbs sports hq eagles sixers phillies flyers blue coa",
                "sentiment": "none"
            }
        ],
        "locations": [
            {
                "name": "philadelphia latest u.s.",
                "sentiment": "none"
            },
            {
                "name": "pennsylvania new jersey delaware",
                "sentiment": "none"
            }
        ]
    },
    "rating": null,
    "crawled": "2024-03-15T00:08:33.438+02:00",
    "updated": "2024-03-15T01:24:36.025+02:00"
}