{
    "thread": {
        "uuid": "3845d7dfd44eeb30371b34e28fbcb67ccac72f01",
        "url": "https://menafn.com/1107978318/Farah-Khan-Meets-Ed-Sheeran-After-7-Years-At-Shah-Rukh-Khans-House-Shares-Picture",
        "site_full": "menafn.com",
        "site": "menafn.com",
        "site_section": "http://www.menafn.com/rss/menafn_globaltopstories.xml",
        "site_categories": [
            "financial_news",
            "finance"
        ],
        "section_title": "Families Of Israeli Hostages Meet Netanyahu",
        "title": "Farah Khan Meets Ed Sheeran After 7 Years At Shah Rukh Khan's House, Shares Picture | MENAFN.COM",
        "title_full": "Farah Khan Meets Ed Sheeran After 7 Years At Shah Rukh Khan's House, Shares Picture | MENAFN.COM",
        "published": "2024-03-14T02:00:00.000+02:00",
        "replies_count": 0,
        "participants_count": 1,
        "site_type": "news",
        "country": "US",
        "main_image": "https://menafn.com/updates/pr/2024-03/14/AN_1f5c4image_story.jpg",
        "performance_score": 0,
        "domain_rank": 6330,
        "domain_rank_updated": "2024-03-12T12:10:46.000+02:00",
        "reach": null,
        "social": {
            "facebook": {
                "likes": 0,
                "comments": 0,
                "shares": 0
            },
            "gplus": {
                "shares": 0
            },
            "pinterest": {
                "shares": 0
            },
            "linkedin": {
                "shares": 0
            },
            "stumbledupon": {
                "shares": 0
            },
            "vk": {
                "shares": 0
            }
        }
    },
    "uuid": "3845d7dfd44eeb30371b34e28fbcb67ccac72f01",
    "url": "https://menafn.com/1107978318/Farah-Khan-Meets-Ed-Sheeran-After-7-Years-At-Shah-Rukh-Khans-House-Shares-Picture",
    "ord_in_thread": 0,
    "parent_url": null,
    "author": "MENAFN",
    "published": "2024-03-14T02:00:00.000+02:00",
    "title": "Farah Khan Meets Ed Sheeran After 7 Years At Shah Rukh Khan's House, Shares Picture | MENAFN.COM",
    "text": "Ed Sheeran is in India for his concert and he seems to be having a fun time here. Director Farah Khan reunited with the singer and songwriter after seven years and she turned to Instagram to reveal that she met him seven years after the famed Bollywood party organized for Ed Sheeran back in 2017. Farah was photographed sitting on a couch with Ed by her side. The two were reportedly at Shah Rukh Khan's Mumbai house, Mannat. Farah Khan's post Farah laid her arm on Ed's shoulder as they smiled for the camera and sharing the photo, she wrote, \"Relax mode with the loveliest guy ever..” She also shared a video of Ed recreating Shah Rukh's signature pose with the Bollywood superstar and wrote,“When u get to direct Ed Sheeran & Shahrukh Khan u get? .... #SherKhan of course.\" SRK teaches Ed Sheeran his iconic pose Also read: WATCH: Ed Sheeran lands in Mumbai for concert, spends time and sings with school students Ed Sheeran's India concert Ed's concert will be held at the Mahalaxmi Race Course Grounds in Mumbai. This will be Sheeran's second concert in India; he previously appeared there in 2017. Before the main show, singer Prateek Kuhad will perform for the audience. Fans will also enjoy singer Calum Scott's opening performance, which will perform songs like You Are The Reason and Where Are You Now. MENAFN14032024007385015968ID1107978318 Legal Disclaimer: MENAFN provides the information “as is” without warranty of any kind. We do not accept any responsibility or liability for the accuracy, content, images, videos, licenses, completeness, legality, or reliability of the information contained in this article. If you have any complaints or copyright issues related to this article, kindly contact the provider above. Tags Comments Category Date",
    "highlightText": "",
    "highlightTitle": "",
    "highlightThreadTitle": "",
    "language": "english",
    "sentiment": "positive",
    "categories": [
        "Human Interest",
        "Arts, Culture and Entertainment"
    ],
    "external_links": [],
    "external_images": [],
    "entities": {
        "persons": [
            {
                "name": "ed sheeran",
                "sentiment": "negative"
            },
            {
                "name": "shah rukh khan",
                "sentiment": "negative"
            },
            {
                "name": "farah khan",
                "sentiment": "negative"
            },
            {
                "name": "farah kha",
                "sentiment": "negative"
            },
            {
                "name": "farah",
                "sentiment": "none"
            },
            {
                "name": "sheeran",
                "sentiment": "none"
            },
            {
                "name": "shah rukh",
                "sentiment": "none"
            },
            {
                "name": "shahrukh khan",
                "sentiment": "none"
            },
            {
                "name": "ed",
                "sentiment": "none"
            }
        ],
        "organizations": [
            {
                "name": "house",
                "sentiment": "negative"
            },
            {
                "name": "srk",
                "sentiment": "none"
            }
        ],
        "locations": [
            {
                "name": "india",
                "sentiment": "none"
            },
            {
                "name": "mannat",
                "sentiment": "none"
            },
            {
                "name": "instagram",
                "sentiment": "none"
            },
            {
                "name": "mumbai",
                "sentiment": "none"
            }
        ]
    },
    "rating": null,
    "crawled": "2024-03-15T00:05:38.345+02:00",
    "updated": "2024-03-15T00:05:38.345+02:00"
}