{
    "thread": {
        "uuid": "d9b66fe7498c27c26b2f6eaecda7681b491d5154",
        "url": "https://m.dailyhunt.in/news/india/english/moneycontrolenglish-epaper-dh7a9fe6ff1e384d01b8c5d59183b9bde1/ias+officer+disguises+herself+as+patient+for+surprise+hospital+check+what+she+found-newsid-n591391274",
        "site_full": "m.dailyhunt.in",
        "site": "dailyhunt.in",
        "site_section": "https://m.dailyhunt.in/news/india/epaper-modashin",
        "site_categories": [
            "media"
        ],
        "section_title": "Dailyhunt",
        "title": "IAS officer disguises herself as patient for surprise hospital check. What she found",
        "title_full": "IAS officer disguises herself as patient for surprise hospital check. What she found",
        "published": "2024-03-14T19:01:00.000+02:00",
        "replies_count": 0,
        "participants_count": 1,
        "site_type": "news",
        "country": "IN",
        "main_image": "https://assets-news-bcdn.dailyhunt.in/cmd/resize/1200x630_90/fetchdata16/images/fa/f3/d1/faf3d124cd5dc2d364e27e1f92bb9c982575f32a29e03f4f857f5b848622e3b1.jpg",
        "performance_score": 0,
        "domain_rank": 18187,
        "domain_rank_updated": "2024-03-12T12:10:46.000+02:00",
        "reach": null,
        "social": {
            "facebook": {
                "likes": 0,
                "comments": 0,
                "shares": 0
            },
            "gplus": {
                "shares": 0
            },
            "pinterest": {
                "shares": 0
            },
            "linkedin": {
                "shares": 0
            },
            "stumbledupon": {
                "shares": 0
            },
            "vk": {
                "shares": 0
            }
        }
    },
    "uuid": "d9b66fe7498c27c26b2f6eaecda7681b491d5154",
    "url": "https://m.dailyhunt.in/news/india/english/moneycontrolenglish-epaper-dh7a9fe6ff1e384d01b8c5d59183b9bde1/ias+officer+disguises+herself+as+patient+for+surprise+hospital+check+what+she+found-newsid-n591391274",
    "ord_in_thread": 0,
    "parent_url": null,
    "author": "@Dailyhuntapp",
    "published": "2024-03-14T19:01:00.000+02:00",
    "title": "IAS officer disguises herself as patient for surprise hospital check. What she found",
    "text": "IAS officer Krati Raj reached the health centre wearing a ghoonghat or veil to conceal her face, where she mingled with other patients without overt security. Firozabad SDM (Sadar) Krati Raj found several inconsistencies during her inspection of Dida Mai health centre in Firozabad. She found expired medicines at the pharmacy, employees not at work despite being marked present, lack of cleanliness and hygiene, and injections not being administered properly to patients.\nRaj, an IAS officer of the 2021 batch, also spoke to the doctor while disguised as a patient and found his conduct to be unsuitable.\n#WATCH | Uttar Pradesh: Sub-Divisional Magistrate Sadar Kriti Raj inspected a government health centre in Firozabad, after receiving several complaints regarding inconveniences faced by patients.\n(Source: SDM Office) pic.twitter.com/UZamZhpvxJ\n— ANI UP/Uttarakhand (@ANINewsUP) March 13, 2024 \\n\\n\n\"I had received a complaint in regards to Dida Mai health centre that the doctor was not present even after 10 am to administer the injection for dog bite. I went there anonymously in a veil, the doctor&apos;s behaviour was not appropriate,\" said Raj.\n\"Half the medicines were expired, cleanliness was also not maintained,\" she added. \"Work was not being done in the spirit of public service. We have noted these complaints and we are investigating.\"\nOne video shared by news agency ANI shows the IAS officer taking employees of the government health centre to task for stocking expired medicines.\nHowever, Chief Medical Officer Dr Rambadan Ram denied that expired medicines were being given to patients. \"I conducted an inspection at 12.05 pm on Wednesday. Work was on for cleanliness and painting. No major shortcomings, as pointed by SDM were found at the health centre,\" the CMO was quoted as saying by Hindustan Times.\n\"There were no expired medicines being distributed to patients. The medicines with expiry dates in March and April 2024 were kept separately and were not being used. They were to be discarded and were mentioned in the discharge register. It appears that the SDM found a &apos;wrong&apos; box of medicines with expiry date,\" he said.",
    "highlightText": "",
    "highlightTitle": "",
    "highlightThreadTitle": "",
    "language": "english",
    "sentiment": "positive",
    "categories": [
        "Human Interest",
        "Crime, Law and Justice",
        "Health"
    ],
    "external_links": [
        "https://twitter.com/ANINewsUP/status/1767754515812368819?ref_src=twsrc%5Etfw\\",
        "https://twitter.com/hashtag/WATCH?src=hash&ref_src=twsrc%5Etfw\\",
        "https://t.co/UZamZhpvxJ\\",
        "https://twitter.com/ANINewsUP/status/1767754515812368819",
        "https://www.twitter.com/ANINewsUP/status/1767754515812368819?ref_src=twsrc%5Etfw\\",
        "https://www.twitter.com/hashtag/WATCH?src=hash&ref_src=twsrc%5Etfw\\",
        "https://www.t.co/UZamZhpvxJ\\",
        "https://twitter.com/hashtag/WATCH"
    ],
    "external_images": [],
    "entities": {
        "persons": [
            {
                "name": "krati raj",
                "sentiment": "negative"
            },
            {
                "name": "sadar kriti raj",
                "sentiment": "none"
            },
            {
                "name": "sadar",
                "sentiment": "none"
            },
            {
                "name": "raj",
                "sentiment": "none"
            },
            {
                "name": "dida mai",
                "sentiment": "none"
            }
        ],
        "organizations": [
            {
                "name": "ias",
                "sentiment": "neutral"
            },
            {
                "name": "firozabad sdm",
                "sentiment": "none"
            },
            {
                "name": "sdm office",
                "sentiment": "none"
            }
        ],
        "locations": [
            {
                "name": "firozabad",
                "sentiment": "none"
            }
        ]
    },
    "rating": null,
    "crawled": "2024-03-15T00:10:30.444+02:00",
    "updated": "2024-03-15T00:10:30.444+02:00"
}