{
    "thread": {
        "uuid": "852bf3a4082c72a0fa37c6d137c67355db0c4805",
        "url": "http://business.dailytimesleader.com/dailytimesleader/article/abnewswire-2024-3-14-local-water-restoration-immediate-assistance-just-a-click-away",
        "site_full": "business.dailytimesleader.com",
        "site": "dailytimesleader.com",
        "site_section": "http://business.dailytimesleader.com/dailytimesleader/markets/news",
        "site_categories": [],
        "section_title": "Stock Market News | NSDQ, NYSE, and AMEX Stock Market News, Market News Categories, Market Indicators | User | dailytimesleader.com ",
        "title": "Local Water Restoration: Immediate Assistance Just a Click Away | User | dailytimesleader.com",
        "title_full": "Local Water Restoration: Immediate Assistance Just a Click Away | User | dailytimesleader.com",
        "published": "2024-03-14T02:00:00.000+02:00",
        "replies_count": 0,
        "participants_count": 1,
        "site_type": "news",
        "country": "US",
        "main_image": "",
        "performance_score": 0,
        "domain_rank": 83689,
        "domain_rank_updated": "2024-03-12T12:13:38.000+02:00",
        "reach": null,
        "social": {
            "facebook": {
                "likes": 0,
                "comments": 0,
                "shares": 0
            },
            "gplus": {
                "shares": 0
            },
            "pinterest": {
                "shares": 0
            },
            "linkedin": {
                "shares": 0
            },
            "stumbledupon": {
                "shares": 0
            },
            "vk": {
                "shares": 0
            }
        }
    },
    "uuid": "852bf3a4082c72a0fa37c6d137c67355db0c4805",
    "url": "http://business.dailytimesleader.com/dailytimesleader/article/abnewswire-2024-3-14-local-water-restoration-immediate-assistance-just-a-click-away",
    "ord_in_thread": 0,
    "parent_url": null,
    "author": "AB Newswire",
    "published": "2024-03-14T02:00:00.000+02:00",
    "title": "Local Water Restoration: Immediate Assistance Just a Click Away | User | dailytimesleader.com",
    "text": "Immaculate Restoration and Carpet Care In times of unforeseen water damage, the urgency for swift and efficient solutions becomes paramount. Fortunately, the advent of technology has significantly streamlined this process, offering residents unprecedented access to professional water restoration services with just a few clicks. With the convenience of water restoration near me In times of unforeseen water damage, the urgency for swift and efficient solutions becomes paramount. Fortunately, the advent of technology has significantly streamlined this process, offering residents unprecedented access to professional water restoration services with just a few clicks. With the convenience of water restoration near me , individuals grappling with such predicaments can now find immediate assistance, alleviating the stress and uncertainties associated with water-related emergencies.\nThese local water restoration services play a pivotal role in mitigating the aftermath of water damage incidents. Employing specialized techniques and equipment, restoration professionals swiftly address various challenges, including water extraction, drying, sanitization, and deodorization. By leveraging their expertise and proximity to affected areas, these experts ensure prompt response times, enabling them to initiate remedial measures swiftly and effectively, thereby minimizing the extent of damage and potential disruptions.\nFurthermore, the accessibility of water restoration near me transcends geographical boundaries, offering convenience and peace of mind to residents across diverse locations. Whether situated in bustling urban centers or remote rural areas, individuals can rely on these services to swiftly address water damage incidents, irrespective of the scale or complexity. This accessibility not only enhances the efficiency of restoration efforts but also fosters a sense of community resilience, as neighbors band together to support one another in times of need.\nIn addition to their technical prowess, water restoration companies prioritize customer satisfaction and support throughout the restoration journey. From initial inquiries and assessments to the completion of restoration works, these professionals uphold a commitment to transparent communication, ensuring that clients are kept informed and involved at every stage of the process. This customer-centric approach not only instills confidence but also reinforces the invaluable role of local water restoration services in safeguarding and revitalizing communities against the impact of water-related emergencies.\nWater restoration service providers play a crucial role in mitigating the aftermath of water-related incidents, encompassing a wide array of tasks aimed at restoring affected properties to their pre-damage condition. From extracting water and drying affected areas to sanitizing and deodorizing spaces, these experts employ specialized techniques and equipment to address the complexities associated with water damage.\nOne of the primary advantages of opting for water restoration near me is the proximity and promptness it offers. By engaging local service providers, individuals can benefit from expedited response times, ensuring that remedial measures are initiated swiftly to prevent further escalation of the situation. This proximity also fosters a deeper understanding of the local environment and regulations, enabling restoration professionals to navigate the process with precision and compliance.\nMoreover, water restoration services extend beyond mere restoration efforts. They encompass comprehensive assessments to identify the extent of damage, thereby facilitating the formulation of tailored restoration plans. This meticulous approach ensures that every aspect of the restoration process is meticulously addressed, leading to optimal outcomes and minimized disruptions for affected individuals.\nFurthermore, the accessibility of water restoration near me transcends geographical boundaries, offering convenience and peace of mind to residents across diverse locations. Whether in bustling urban centers or remote rural areas, individuals can leverage these services to swiftly address water damage incidents, regardless of the scale or complexity.\nIn addition to their technical expertise, water restoration companies also prioritize customer satisfaction and support throughout the restoration journey. From initial inquiries and assessments to the completion of restoration works, these professionals uphold a commitment to transparent communication, ensuring that clients are kept informed and involved at every stage of the process. This collaborative approach fosters trust and confidence, reassuring clients that their properties are in capable hands.\nFurthermore, water restoration services are not confined to reactive measures alone; they also encompass proactive strategies aimed at mitigating the risk of future incidents. Through the implementation of preventive measures such as waterproofing, moisture control, and regular maintenance, these professionals empower property owners to safeguard their assets against potential water-related threats, thereby promoting long-term resilience and sustainability.\nThe availability of water restoration near me represents a beacon of hope for individuals grappling with water damage emergencies. Through prompt, professional, and proactive intervention, these services offer a lifeline to affected individuals, helping them navigate through challenging circumstances with confidence and resilience. By harnessing the power of technology and local expertise, water restoration companies stand ready to restore, renew, and revitalize properties, one click at a time.\nThe accessibility of water restoration services near me heralds a new era of efficiency and reliability in addressing water-related emergencies. With prompt response times, comprehensive solutions, and a commitment to customer satisfaction, local restoration companies like Immaculate Restoration and Carpet Care exemplify the dedication and expertise necessary to navigate through such challenging circumstances. As a leading provider in the industry, Immaculate Restoration and Carpet Care stand ready to deliver exceptional service, utilizing state-of-the-art techniques and equipment to restore properties to their pre-damage condition swiftly and effectively. With a focus on transparency, communication, and community support, Immaculate Restoration and Carpet Care embody the essence of trust and reliability, offering a beacon of hope for individuals grappling with the aftermath of water damage incidents.\nMedia Contact\nCompany Name: Immaculate Restoration and Carpet Care\nContact Person: Support\nEmail: Send Email\nPhone: (702) 829-2900\nAddress: 3255 Pepper Ln Suite # 100A\nCity: Las Vegas\nState: NV\nCountry: United States\nWebsite: https://immaculaterestoration.com/\nData & News supplied by www.cloudquote.io\nStock quotes supplied by Barchart\nQuotes delayed at least 20 minutes.\nBy accessing this page, you agree to the following\nPrivacy Policy and Terms and Conditions .",
    "highlightText": "",
    "highlightTitle": "",
    "highlightThreadTitle": "",
    "language": "english",
    "sentiment": "positive",
    "categories": [
        "Human Interest"
    ],
    "external_links": [
        "https://immaculaterestoration.com/#water-restoration-near-me",
        "https://tracking.newsrpm.com/pixel?slug=abnewswire-2024-3-14-local-water-restoration-immediate-assistance-just-a-click-away",
        "https://immaculaterestoration.com/",
        "https://www.cloudquote.io",
        "https://www.googletagmanager.com/gtag/js?id=UA-8590502-3",
        "https://www.abnewswire.com/email_contact_us.php?pr=local-water-restoration-immediate-assistance-just-a-click-away",
        "https://www.abnewswire.com/companyname/immaculaterestoration.com_129914.html",
        "https://www.abnewswire.com/uploads/1709748213.jpeg",
        "https://www.abnewswire.com/press_stat.php?pr=local-water-restoration-immediate-assistance-just-a-click-away",
        "https://www.cloudquote.io/article/5",
        "https://www.cloudquote.io/article/6",
        "https://www.google.com/maps?q=water+restoration+services&cid=6492253916998185832",
        "https://www.abnewswire.com/email_contact_us.php",
        "https://www.googletagmanager.com/gtag/js",
        "https://cloudquote.io/article/5",
        "https://abnewswire.com/email_contact_us.php?pr=local-water-restoration-immediate-assistance-just-a-click-away",
        "https://www.immaculaterestoration.com/",
        "https://cloudquote.io/article/6",
        "https://www.google.com/maps",
        "https://tracking.newsrpm.com/pixel",
        "https://abnewswire.com/companyname/immaculaterestoration.com_129914.html",
        "https://abnewswire.com/press_stat.php?pr=local-water-restoration-immediate-assistance-just-a-click-away",
        "https://googletagmanager.com/gtag/js?id=UA-8590502-3",
        "https://google.com/maps?q=water+restoration+services&cid=6492253916998185832",
        "https://www.tracking.newsrpm.com/pixel?slug=abnewswire-2024-3-14-local-water-restoration-immediate-assistance-just-a-click-away",
        "https://cloudquote.io",
        "https://www.abnewswire.com/press_stat.php",
        "https://www.immaculaterestoration.com/#water-restoration-near-me",
        "https://immaculaterestoration.com",
        "https://abnewswire.com/uploads/1709748213.jpeg"
    ],
    "external_images": [],
    "entities": {
        "persons": [],
        "organizations": [
            {
                "name": "immaculate restoration and carpet care",
                "sentiment": "negative"
            }
        ],
        "locations": []
    },
    "rating": null,
    "crawled": "2024-03-15T00:14:48.810+02:00",
    "updated": "2024-03-15T00:14:48.810+02:00"
}