{
    "thread": {
        "uuid": "1765f1d87012a4216376a6e36b4e911717ad432c",
        "url": "https://celticswire.usatoday.com/2024/03/14/nba-boston-celtics-deuce-book",
        "site_full": "celticswire.usatoday.com",
        "site": "usatoday.com",
        "site_section": "https://celticswire.usatoday.com/feed",
        "site_categories": [
            "sports"
        ],
        "section_title": "Celtics Wire",
        "title": "Jayson Tatum reveals he’s co-authored a new kids book out this summer",
        "title_full": "Jayson Tatum reveals he’s co-authored a new kids book out this summer",
        "published": "2024-03-14T22:03:00.000+02:00",
        "replies_count": 0,
        "participants_count": 1,
        "site_type": "news",
        "country": "US",
        "main_image": "https://celticswire.usatoday.com/wp-content/uploads/sites/39/2023/03/1452394555.jpg?w=1024&#038;h=576&#038;crop=1",
        "performance_score": 0,
        "domain_rank": 139,
        "domain_rank_updated": "2024-03-12T12:10:46.000+02:00",
        "reach": null,
        "social": {
            "facebook": {
                "likes": 0,
                "comments": 0,
                "shares": 0
            },
            "gplus": {
                "shares": 0
            },
            "pinterest": {
                "shares": 0
            },
            "linkedin": {
                "shares": 0
            },
            "stumbledupon": {
                "shares": 0
            },
            "vk": {
                "shares": 0
            }
        }
    },
    "uuid": "1765f1d87012a4216376a6e36b4e911717ad432c",
    "url": "https://celticswire.usatoday.com/2024/03/14/nba-boston-celtics-deuce-book",
    "ord_in_thread": 0,
    "parent_url": null,
    "author": "Justin Quinn",
    "published": "2024-03-14T22:03:00.000+02:00",
    "title": "Jayson Tatum reveals he’s co-authored a new kids book out this summer",
    "text": "Per the Celtics star, the book is already available for pre-order, and can be bought as of August 27, 2024. Listen to the “ Celtics Lab ” podcast on: Apple Podcasts: https://apple.co/3zBKQY6 Spotify: https://spoti.fi/3GfUPFi YouTube: https://bit.ly/3F9DvjQ",
    "highlightText": "",
    "highlightTitle": "",
    "highlightThreadTitle": "",
    "language": "english",
    "sentiment": "positive",
    "categories": [
        "Lifestyle and Leisure",
        "Arts, Culture and Entertainment",
        "Human Interest"
    ],
    "external_links": [
        "https://spoti.fi/3GfUPFi",
        "https://twitter.com/jaytatum0/status/1768091765620531373?ref_src=twsrc%5Etfw",
        "https://cms.megaphone.fm/channel/NSM6855951183?selected=NSM3123864198",
        "https://t.co/48WX6bNfVr",
        "https://twitter.com/Sam_Apple1?ref_src=twsrc%5Etfw",
        "https://apple.co/3zBKQY6",
        "https://twitter.com/Sam_Apple1",
        "http://www.amazon.com/exec/obidos/ASIN/1419771469",
        "https://bit.ly/3F9DvjQ",
        "https://www.twitter.com/jaytatum0/status/1768091765620531373?ref_src=twsrc%5Etfw",
        "https://cms.megaphone.fm/channel/NSM6855951183",
        "https://twitter.com/jaytatum0/status/1768091765620531373",
        "https://www.twitter.com/Sam_Apple1?ref_src=twsrc%5Etfw",
        "http://amazon.com/exec/obidos/ASIN/1419771469",
        "https://www.twitter.com/Sam_Apple1",
        "https://twitter.com/Sam_Apple1",
        "https://www.spoti.fi/3GfUPFi",
        "https://www.t.co/48WX6bNfVr",
        "https://www.bit.ly/3F9DvjQ",
        "https://www.apple.co/3zBKQY6",
        "https://www.cms.megaphone.fm/channel/NSM6855951183?selected=NSM3123864198"
    ],
    "external_images": [],
    "entities": {
        "persons": [
            {
                "name": "jayson tatum",
                "sentiment": "neutral"
            },
            {
                "name": "tatum",
                "sentiment": "none"
            },
            {
                "name": "sam apple",
                "sentiment": "none"
            },
            {
                "name": "parker",
                "sentiment": "none"
            },
            {
                "name": "deuce",
                "sentiment": "none"
            },
            {
                "name": "johns hopkins",
                "sentiment": "none"
            },
            {
                "name": "sam apple)",
                "sentiment": "none"
            }
        ],
        "organizations": [
            {
                "name": "star boston celtics",
                "sentiment": "neutral"
            },
            {
                "name": "nba",
                "sentiment": "neutral"
            },
            {
                "name": "apple",
                "sentiment": "none"
            }
        ],
        "locations": [
            {
                "name": "st. louis",
                "sentiment": "none"
            }
        ]
    },
    "rating": null,
    "crawled": "2024-03-15T00:20:23.368+02:00",
    "updated": "2024-03-15T19:34:21.872+02:00"
}