{
    "thread": {
        "uuid": "9acc552af9fa671b6bde1da84a25e102a8fe9d79",
        "url": "https://www.legit.ng/people/1583583-i-don-japa-nigerian-man-overjoyed-finally-enters-plane-relocates-video-trends",
        "site_full": "www.legit.ng",
        "site": "legit.ng",
        "site_section": "https://www.legit.ng",
        "site_categories": [
            "media",
            "homework_study_tips",
            "education",
            "non_standard_content",
            "society"
        ],
        "section_title": "Legit Nigeria News Today - Latest Naija News and Breaking Updates on Legit.ng",
        "title": "\"I Don Japa\": Nigerian Man Overjoyed as He Finally Enters Plane, Relocates Abroad, Video Trends - Legit.ng",
        "title_full": "\"I Don Japa\": Nigerian Man Overjoyed as He Finally Enters Plane, Relocates Abroad, Video Trends - Legit.ng",
        "published": "2024-03-14T23:39:00.000+02:00",
        "replies_count": 0,
        "participants_count": 1,
        "site_type": "news",
        "country": "US",
        "main_image": "https://netstorage-legit.akamaized.net/images/9bec551e9ae4efe0.jpg?imwidth=1200",
        "performance_score": 0,
        "domain_rank": 11022,
        "domain_rank_updated": "2024-03-12T12:10:46.000+02:00",
        "reach": null,
        "social": {
            "facebook": {
                "likes": 0,
                "comments": 0,
                "shares": 0
            },
            "gplus": {
                "shares": 0
            },
            "pinterest": {
                "shares": 0
            },
            "linkedin": {
                "shares": 0
            },
            "stumbledupon": {
                "shares": 0
            },
            "vk": {
                "shares": 0
            }
        }
    },
    "uuid": "9acc552af9fa671b6bde1da84a25e102a8fe9d79",
    "url": "https://www.legit.ng/people/1583583-i-don-japa-nigerian-man-overjoyed-finally-enters-plane-relocates-video-trends",
    "ord_in_thread": 0,
    "parent_url": null,
    "author": "Ankrah Shalom",
    "published": "2024-03-14T23:39:00.000+02:00",
    "title": "\"I Don Japa\": Nigerian Man Overjoyed as He Finally Enters Plane, Relocates Abroad, Video Trends - Legit.ng",
    "text": "\"I Don Japa\": Nigerian Man Overjoyed as He Finally Enters Plane, Relocates Abroad, Video Trends - A hardworking black man has shared his relocation journey from Nigeria to Serbia in a heartwarming video - The happy man asked his followers to thank God for his success while excitedly revealing how he was served food in the plane - The comments section of his video was filled with congratulatory messages from netizens who gushed over his growth PAY ATTENTION: [The 2024 Business Leaders Awards Present Entrepreneurs that Change Nigeria for the Better. Check out their Stories!](https://corp.legit.ng/legit-business-names-2024) An excited Nigerian man has shared an intriguing video detailing his experience while relocating abroad. The man identified as @ [jerry_moses_10](https://vm.tiktok.com/ZMMh8N7oC/) on [TikTok](https://www.legit.ng/tags/tiktok/) proudly showcased the moment he was served food on the plane. Man overjoyed as he relocates to Serbia Excited about his relocation, Jerry asked his followers to thank God for seeing him through the entire process. PAY ATTENTION: Сheck out news that is picked exactly for YOU ➡️ find the “Recommended for you” block on the home page and enjoy! [He also prayed](https://www.tiktok.com/@jerry_moses_10/video/7344446178471185669) for all followers hoping to relocate abroad that his story will also 'be their testimony'. He said excitedly: \"I enter plane jakpa oo make una help me thank God o, I come climb wetin de carry person go f . This will be someone testimony soon.” Reactions as man relocates to Serbia Netizens flooded the comments section with congratulatory [messages](https://www.legit.ng/ask-legit/quotes-messages/) for the young man. Joy said: “Congratulations.” @vmmy said: “I tap the blessings this year I will go in Jesus's name, Amen.” God loves you reacted: “Amen God bless you pls be careful e there are alot of killing case in Serbia but the Lord will protect you.” Faith brown reacted: “Congratulations.” Niphemie reacted: “Amen I wont stop congratulating people until it's my turn. Congratulations.” BeAdÕhJaGÖ__ reacted: “@Jerry Moses congratulations.” Mia said: “Congratulations I am next.” Giwa -Aishat said: “Congratulations. GOD please bless me before, I leave this world, there are places I need to visit.” Sugar baby reacted: “Congratulations.” Sanju Acharya said: “Manifesting visa approval.” @tofunmi reacted: “Bro I talk amm, bro this is just one step of your journey.” @Son of Victory said: “Anyone that come across this comment, u will have a reason to smile.” Feranmighty said: “Congratulations bro cus I believe this blessing will soon reach my turn.” Watch the video below: Lady flaunts transformation after relocating abroad Meanwhile, Legit.ng previously reported that a pretty black lady has gone viral on popular app, [TikTok](https://www.legit.ng/tags/tiktok/), after [showing off her ](https://www.legit.ng/people/1515567-yankee-na-real-skincare-ladys-transformation-photos-travelling-stuns-people/)transformation. In the heartwarming clip making the rounds online, the lady gave a brief insight into her life and how she got to where she is now. The first part of the video showed her as a hardworking cake seller. PAY ATTENTION: [Unlock the best of Legit.ng on Pinterest! Subscribe now and get your daily inspiration!](https://www.pinterest.com/Legitng/) Source: Legit.ng",
    "highlightText": "",
    "highlightTitle": "",
    "highlightThreadTitle": "",
    "language": "english",
    "sentiment": "positive",
    "categories": [
        "Human Interest"
    ],
    "external_links": [
        "https://vm.tiktok.com/ZMMh8N7oC/)",
        "https://www.tiktok.com/@jerry_moses_10/video/7344446178471185669)",
        "https://www.pinterest.com/Legitng/)",
        "https://pinterest.com/Legitng/)",
        "https://tiktok.com/@jerry_moses_10/video/7344446178471185669)",
        "https://www.vm.tiktok.com/ZMMh8N7oC/)"
    ],
    "external_images": [],
    "entities": {
        "persons": [
            {
                "name": "don japa",
                "sentiment": "negative"
            },
            {
                "name": "jerry",
                "sentiment": "none"
            }
        ],
        "organizations": [],
        "locations": [
            {
                "name": "nigeria",
                "sentiment": "none"
            },
            {
                "name": "serbia",
                "sentiment": "none"
            }
        ]
    },
    "rating": null,
    "crawled": "2024-03-15T00:12:01.623+02:00",
    "updated": "2024-03-15T00:12:01.623+02:00"
}