{
    "thread": {
        "uuid": "93d6af0f6c2c1229c7fce6439afe37d9c34ea6e9",
        "url": "https://flipboard.com/article/player-s-perspective-ut-and-howard-reflect-on-special-visit/f-9c33fb8a80%2Fd1softball.com",
        "site_full": "flipboard.com",
        "site": "flipboard.com",
        "site_section": "https://flipboard.com/topic/nashvillesports",
        "site_categories": [
            "family_and_parenting",
            "eldercare"
        ],
        "section_title": "Discover More in Nashville Sports on Flipboard",
        "title": "Player’s Perspective: UT and Howard Reflect on Special Visit | Flipboard",
        "title_full": "Player’s Perspective: UT and Howard Reflect on Special Visit | Flipboard",
        "published": "2024-03-14T02:00:00.000+02:00",
        "replies_count": 0,
        "participants_count": 1,
        "site_type": "news",
        "country": "US",
        "main_image": "https://d1-softball.s3.amazonaws.com/uploads/2024/03/13073006/GIbY18nW4AAyG27.jpeg",
        "performance_score": 0,
        "domain_rank": 1226,
        "domain_rank_updated": "2024-03-12T12:10:46.000+02:00",
        "reach": null,
        "social": {
            "facebook": {
                "likes": 0,
                "comments": 0,
                "shares": 0
            },
            "gplus": {
                "shares": 0
            },
            "pinterest": {
                "shares": 0
            },
            "linkedin": {
                "shares": 0
            },
            "stumbledupon": {
                "shares": 0
            },
            "vk": {
                "shares": 0
            }
        }
    },
    "uuid": "93d6af0f6c2c1229c7fce6439afe37d9c34ea6e9",
    "url": "https://flipboard.com/article/player-s-perspective-ut-and-howard-reflect-on-special-visit/f-9c33fb8a80%2Fd1softball.com",
    "ord_in_thread": 0,
    "parent_url": null,
    "author": "d1softball.com - Rhiannon Potkey",
    "published": "2024-03-14T02:00:00.000+02:00",
    "title": "Player’s Perspective: UT and Howard Reflect on Special Visit | Flipboard",
    "text": "Player’s Perspective: UT and Howard Reflect on Special Visit Tennessee visited Washington DC to play Howard and tour the National Museum of African American History and Culture. Players from both teams shared … More stories from [Sports](/topic/sports) More stories from [D.C. Sports](/topic/d.c.sports) [\"That's not in fast forward\": Fans left amazed by Connor McDavid's burst of speed against Washington Capitals](/topic/d.c.sports/that-s-not-in-fast-forward-fans-left-amazed-by-connor-mcdavid-s-burst-of-speed/a-Fe_M3SedRtyylaBdUSKq3Q%3Aa%3A2732881213-faafa95084%2Fsportskeeda.com) Edmonton Oilers captain Connor McDavid's incredible speed during Wednesday's game against the Washington Capitals stunned NHL fans on social … [Lionel Messi could now miss next Inter Miami match after what happened last night](/topic/d.c.sports/lionel-messi-could-now-miss-next-inter-miami-match-after-what-happened-last-nigh/a-rD61h3b9RhykJsy04SIq3Q%3Aa%3A4026051949-e48b3e3b2f%2Fintermiami.news) Lionel Messi could reportedly miss Inter Miami’s next match this weekend after coming off with an injury against Nashville SC. The 36-year-old … [Washington Nationals news & notes: Jake Irvin takes advice to heart; Carter Kieboom outrighted to Triple-A...](/topic/d.c.sports/washington-nationals-news-notes-jake-irvin-takes-advice-to-heart-carter-kieb/f-24ff18709e%2Ffederalbaseball.com) Notes and quotes from West Palm Beach, FL, where Jake Irvin shoved and Carter Kieboom was outrighted to AAA...Jake Irvin made his first two … Join the flipboard community Discover, collect, and share stories for all your interests [Sign up](/signup) More stories from [College Softball](/topic/collegesoftball) [Dodgers Broadcaster Signs Contract With ESPN](/topic/collegesoftball/dodgers-broadcaster-signs-contract-with-espn/a-uiF4zIkSQyWWoZiGsQK3gA%3Aa%3A3654265270-a5bb340eb0%2Fsi.com) The Dodger broadcaster has signed a multi-year contract to return to ESPN. Los Angeles Dodgers broadcaster Jessica Mendoza will retain her duties with … [Alabama softball downs Florida State, trolls Seminoles for CFP snub](/topic/collegesoftball/alabama-softball-downs-florida-state-trolls-seminoles-for-cfp-snub/a-3FJXLKhGR8S4B24WrwI5-Q%3Aa%3A3171955741-f0c5bc11c0%2Fal.com) The 14th-ranked Alabama softball team’s social media game might be as impressive as the on-the-field performance. Alabama went on the road Wednesday … [As a role model, young girls look up to Moon](/topic/collegesoftball/as-a-role-model-young-girls-look-up-to-moon/f-eb17b5d589%2Fkitsapdailynews.com) Kitsap County has many athletes who are state champions, game-changers and well-known for drawing attention, but nobody draws a crowd like Kingston’s …",
    "highlightText": "",
    "highlightTitle": "",
    "highlightThreadTitle": "",
    "language": "english",
    "sentiment": "positive",
    "categories": [
        "Arts, Culture and Entertainment",
        "Human Interest"
    ],
    "external_links": [],
    "external_images": [],
    "entities": {
        "persons": [
            {
                "name": "howard",
                "sentiment": "none"
            },
            {
                "name": "connor mcdavid",
                "sentiment": "none"
            },
            {
                "name": "lionel-messi",
                "sentiment": "none"
            },
            {
                "name": "nash",
                "sentiment": "none"
            },
            {
                "name": "lionel messi",
                "sentiment": "none"
            }
        ],
        "organizations": [
            {
                "name": "howard reflect on special visit",
                "sentiment": "negative"
            },
            {
                "name": "ut",
                "sentiment": "negative"
            },
            {
                "name": "nhl",
                "sentiment": "none"
            },
            {
                "name": "inter miami",
                "sentiment": "none"
            },
            {
                "name": "washington capitals",
                "sentiment": "none"
            },
            {
                "name": "national museum of african american history",
                "sentiment": "none"
            },
            {
                "name": "edmonton oilers",
                "sentiment": "none"
            }
        ],
        "locations": [
            {
                "name": "washington dc",
                "sentiment": "none"
            },
            {
                "name": "special visit tennessee",
                "sentiment": "none"
            }
        ]
    },
    "rating": null,
    "crawled": "2024-03-15T00:07:56.810+02:00",
    "updated": "2024-03-15T00:27:31.312+02:00"
}