{
    "thread": {
        "uuid": "95e06a7776422836ed53e1578abffca5f267e460",
        "url": "https://ground.news/article/amanda-peet-joins-your-friends-and-neighbors-apple-series-craig-gillespie-to-direct",
        "site_full": "ground.news",
        "site": "ground.news",
        "site_section": "https://ground.news/interest/apple_dc6b6b",
        "site_categories": [],
        "section_title": "Apple Breaking News Headlines Today | Ground News",
        "title": "Ground News - Amanda Peet Joins ‘Your Friends And Neighbors’ Apple Series, Craig Gillespie To Direct",
        "title_full": "Ground News - Amanda Peet Joins ‘Your Friends And Neighbors’ Apple Series, Craig Gillespie To Direct",
        "published": "2024-03-14T23:00:00.000+02:00",
        "replies_count": 0,
        "participants_count": 1,
        "site_type": "news",
        "country": "US",
        "main_image": "",
        "performance_score": 0,
        "domain_rank": 29912,
        "domain_rank_updated": "2024-03-12T12:10:46.000+02:00",
        "reach": null,
        "social": {
            "facebook": {
                "likes": 0,
                "comments": 0,
                "shares": 0
            },
            "gplus": {
                "shares": 0
            },
            "pinterest": {
                "shares": 0
            },
            "linkedin": {
                "shares": 0
            },
            "stumbledupon": {
                "shares": 0
            },
            "vk": {
                "shares": 0
            }
        }
    },
    "uuid": "95e06a7776422836ed53e1578abffca5f267e460",
    "url": "https://ground.news/article/amanda-peet-joins-your-friends-and-neighbors-apple-series-craig-gillespie-to-direct",
    "ord_in_thread": 0,
    "parent_url": null,
    "author": "Ground News",
    "published": "2024-03-14T23:00:00.000+02:00",
    "title": "Ground News - Amanda Peet Joins ‘Your Friends And Neighbors’ Apple Series, Craig Gillespie To Direct",
    "text": "Summary by Ground News Amanda Peet is set as a lead opposite Jon Hamm in Your Friends and Neighbors. Craig Gillespie is set to direct the first two episodes and executive produce. Peet headlined Season 2 of USA Network’s crime anthology series Dirty John. Her series credits also include Brockmire, Togetherness and Fatal Attraction. Share menu 1 Articles 1 Articles All Left Center Right\nDeadline Center High Factuality Media Conglomerate: Penske Media Corporation Amanda Peet Joins ‘Your Friends And Neighbors’ Apple Series, Craig Gillespie To Direct EXCLUSIVE: Amanda Peet (Dirty John) is set as a lead opposite Jon Hamm in Your Friends and Neighbors, Apple TV+’s upcoming drama series from Warrior creator Jonathan Tropper and Apple Studios. Craig Gillespie (Physical) is set to direct the first two episodes and executive produce. Based on an original idea by Tropper, Your Friends and Neighbors stars Hamm as Coop, […]\n1 hour ago · Los Angeles, United States Read Full Article\nDeadline Center High Factuality Media Conglomerate: Penske Media Corporation\nAmanda Peet Joins ‘Your Friends And Neighbors’ Apple Series, Craig Gillespie To Direct EXCLUSIVE: Amanda Peet (Dirty John) is set as a lead opposite Jon Hamm in Your Friends and Neighbors, Apple TV+’s upcoming drama series from Warrior creator Jonathan Tropper and Apple Studios. Craig Gillespie (Physical) is set to direct the first two episodes and executive produce. Based on an original idea by Tropper, Your Friends and Neighbors stars Hamm as Coop, […]\n1 hour ago · Los Angeles, United States Read Full Article Think freely. Subscribe and get full access to Ground News Subscriptions start at $9.99/year Subscribe Ground News Article Assistant Not enough coverage to generate an Article Assistant.",
    "highlightText": "",
    "highlightTitle": "",
    "highlightThreadTitle": "",
    "language": "english",
    "sentiment": "positive",
    "categories": [
        "Social Issue",
        "Arts, Culture and Entertainment",
        "Human Interest"
    ],
    "external_links": [
        "https://deadline.com/2024/03/amanda-peet-your-friends-and-neighbors-apple-craig-gillespie-1235859029/?utm_source=ground.news&utm_medium=referral",
        "https://deadline.com/2024/03/amanda-peet-your-friends-and-neighbors-apple-craig-gillespie-1235859029/",
        "https://www.deadline.com/2024/03/amanda-peet-your-friends-and-neighbors-apple-craig-gillespie-1235859029/?utm_source=ground.news&utm_medium=referral"
    ],
    "external_images": [],
    "entities": {
        "persons": [
            {
                "name": "amanda peet",
                "sentiment": "negative"
            },
            {
                "name": "jon hamm",
                "sentiment": "negative"
            },
            {
                "name": "craig gillespie",
                "sentiment": "negative"
            },
            {
                "name": "peet",
                "sentiment": "none"
            },
            {
                "name": "john",
                "sentiment": "none"
            },
            {
                "name": "john)",
                "sentiment": "none"
            },
            {
                "name": "tropper",
                "sentiment": "none"
            },
            {
                "name": "jonathan tropper",
                "sentiment": "none"
            },
            {
                "name": "hamm",
                "sentiment": "none"
            }
        ],
        "organizations": [
            {
                "name": "apple",
                "sentiment": "none"
            },
            {
                "name": "brockmire",
                "sentiment": "none"
            },
            {
                "name": "apple studios",
                "sentiment": "none"
            },
            {
                "name": "penske media corporation amanda peet",
                "sentiment": "none"
            },
            {
                "name": "articles all left center right deadline center high factuality media conglomerate",
                "sentiment": "none"
            },
            {
                "name": "usa network",
                "sentiment": "none"
            }
        ],
        "locations": [
            {
                "name": "united states",
                "sentiment": "none"
            },
            {
                "name": "los angeles",
                "sentiment": "none"
            }
        ]
    },
    "rating": null,
    "crawled": "2024-03-15T00:24:47.419+02:00",
    "updated": "2024-03-15T00:24:47.419+02:00"
}