{
    "thread": {
        "uuid": "9a977db57a147bb4a81e62c435554648b404e974",
        "url": "https://www.cronica.com.mx/cultura/muestra-londres-retrata-historia-seis-mujeres-dejaron-hogar-ucrania.html",
        "site_full": "www.cronica.com.mx",
        "site": "cronica.com.mx",
        "site_section": "https://www.cronica.com.mx",
        "site_categories": [
            "media"
        ],
        "section_title": "Inicio - La Crónica de Hoy | La noticia hecha diario",
        "title": "Una muestra en Londres retrata la historia de seis mujeres que dejaron su hogar en Ucrania",
        "title_full": "Una muestra en Londres retrata la historia de seis mujeres que dejaron su hogar en Ucrania",
        "published": "2024-03-14T16:05:00.000+02:00",
        "replies_count": 0,
        "participants_count": 1,
        "site_type": "news",
        "country": "MX",
        "main_image": "https://www.cronica.com.mx/uploads/2024/03/14/65f304349eff2.jpeg",
        "performance_score": 0,
        "domain_rank": 22321,
        "domain_rank_updated": "2024-03-12T12:10:46.000+02:00",
        "reach": null,
        "social": {
            "facebook": {
                "likes": 0,
                "comments": 0,
                "shares": 0
            },
            "gplus": {
                "shares": 0
            },
            "pinterest": {
                "shares": 0
            },
            "linkedin": {
                "shares": 0
            },
            "stumbledupon": {
                "shares": 0
            },
            "vk": {
                "shares": 0
            }
        }
    },
    "uuid": "9a977db57a147bb4a81e62c435554648b404e974",
    "url": "https://www.cronica.com.mx/cultura/muestra-londres-retrata-historia-seis-mujeres-dejaron-hogar-ucrania.html",
    "ord_in_thread": 0,
    "parent_url": null,
    "author": "efe en londres",
    "published": "2024-03-14T16:05:00.000+02:00",
    "title": "Una muestra en Londres retrata la historia de seis mujeres que dejaron su hogar en Ucrania",
    "text": "Una muestra en Londres retrata la historia de seis mujeres que dejaron su hogar en Ucrania Los retratos de Anya, Lena, Narine, Sofiia, Yuliia y Aleisia narran su travesía por distintos países en busca de un lugar donde establecerse, algunas a la espera de poder volver a casa La fotógrafa británica Polly Braden comparte dos años de la vida de seis mujeres obligadas a abandonar Ucrania y empezar una nueva vida tras la invasión de Rusia, en la exposición 'Polly Braden: Leaving Ukraine'. Abierta al público desde el 15 de marzo al 1 de septiembre en el museo Foundling de Londres, la muestra reflexiona sobre el significado de dejar atrás el hogar y la pérdida repentina de una red de apoyo. Los retratos de Anya, Lena, Narine, Sofiia, Yuliia y Aleisia narran su travesía por distintos países en busca de un lugar donde establecerse, algunas a la espera de poder volver a casa, en un viaje que creían que duraría menos que los dos años que se ha extendido el conflicto. Aunque la duración de la guerra puede llevar a una disminución de las conversaciones y publicaciones al respecto, para Braden esta exposición es \"más relevante que nunca\". \"La gente tiene que recordar que esto no ha terminado para los ucranianos que continúan fuera de Ucrania y no tienen la posibilidad de volver a casa\", según dijo a EFE este jueves durante la presentación de la exposición. En concreto, menciona que dos de las protagonistas de la exhibición —Narine y Anya— volverán a mudarse próximamente, continuando su búsqueda constante de una nueva vida. La fotógrafa llegó a los viajes que aparecen en 'Leaving Ukraine' después de recorrer Moldavia, donde, entre las historias de decenas de personas, destacaron las de estas seis mujeres, con las que aseguró que se produjo una conexión. Por esa razón, Braden incidió en la necesidad de dar tiempo para escuchar a la gente y poder, así, conocer lo que tienen que contar, frente a medidas como relegar a los refugiados \"a un hotel en medio de la nada\". \"Es importante ver lo que está pasando en Ucrania. Tenemos que recordar. Hay seis millones de refugiados, un número enorme. Y no son solo ucranianos. Cuando la gente llega a un país pidiendo ayuda, si se la damos, realmente pueden prosperar y formar parte de la comunidad\", consideró.",
    "highlightText": "",
    "highlightTitle": "",
    "highlightThreadTitle": "",
    "language": "spanish",
    "sentiment": "positive",
    "categories": [
        "Social Issue",
        "Arts, Culture and Entertainment",
        "Human Interest"
    ],
    "external_links": [],
    "external_images": [],
    "entities": {
        "persons": [],
        "organizations": [],
        "locations": []
    },
    "rating": null,
    "crawled": "2024-03-15T00:04:43.555+02:00",
    "updated": "2024-03-15T00:04:43.555+02:00"
}