{
    "thread": {
        "uuid": "1b089c4a7e344a08eadece6add9fa2c99fef1c49",
        "url": "https://vnexplorer.net/popular-aficionada-del-america-se-roba-reflectores-en-juego-vs-chivas-foto-s1885637.html",
        "site_full": "vnexplorer.net",
        "site": "vnexplorer.net",
        "site_section": "https://vnexplorer.net",
        "site_categories": [
            "health",
            "cold_and_flu"
        ],
        "section_title": "Verified News Explorer Channel - VNExplorer",
        "title": "Popular aficionada del América se roba reflectores en juego vs Chivas (FOTO)",
        "title_full": "Popular aficionada del América se roba reflectores en juego vs Chivas (FOTO)",
        "published": "2024-03-15T00:04:00.000+02:00",
        "replies_count": 0,
        "participants_count": 1,
        "site_type": "news",
        "country": "JP",
        "main_image": "https://img-s-msn-com.akamaized.net/tenant/amp/entityid/BB1jU9bS.img",
        "performance_score": 0,
        "domain_rank": 52589,
        "domain_rank_updated": "2024-03-12T12:13:34.000+02:00",
        "reach": null,
        "social": {
            "facebook": {
                "likes": 0,
                "comments": 0,
                "shares": 0
            },
            "gplus": {
                "shares": 0
            },
            "pinterest": {
                "shares": 0
            },
            "linkedin": {
                "shares": 0
            },
            "stumbledupon": {
                "shares": 0
            },
            "vk": {
                "shares": 0
            }
        }
    },
    "uuid": "1b089c4a7e344a08eadece6add9fa2c99fef1c49",
    "url": "https://vnexplorer.net/popular-aficionada-del-america-se-roba-reflectores-en-juego-vs-chivas-foto-s1885637.html",
    "ord_in_thread": 0,
    "parent_url": null,
    "author": "VNExplorer",
    "published": "2024-03-15T00:04:00.000+02:00",
    "title": "Popular aficionada del América se roba reflectores en juego vs Chivas (FOTO)",
    "text": "La seguidora de las Águilas se volvió viral en plenas acciones del Clásico Nacional en el estadio Azteca.\nMuchas son las que cosas que pasan alrededor de un partido tan importante como el América vs Chivas y no todas tienen que ver con los futbolistas, pues ahora una aficionada de las Águilas publicó una foto que robó reflectores en plenas acciones del encuentro.\nEs común que miles de seguidores de cualquier equipo presuman que asisten a algún juego y este caso fue similar, pues dicha fan de las Águilas compartió una foto en las instalaciones del estadio Azteca que no tardó en ser compartida por distintas plataformas.\nLas Águilas tuvieron mucho apoyo desde las gradas del Azteca. (Archivo SoyReferee)\nPODRÍA INTERESARTE: América: El gesto obsceno de Emilio Azcárraga a Chivas tras el autogol de Alan Mozo (VIDEO)\nUna publicación en X incluso acusó a la aficionada del América de distraer a los jugadores en tono de broma, esto cuando el encuentro estaba con un 2-0 a favor de Chivas, resultado que ponía al Rebaño Sagrado a un gol de mandar la eliminatoria a los penales.\nSi bien muchos preguntaron por la identidad de la mujer, la realidad es que se trata de Ashley Carolina, una popular modelo que ha dejado en claro que tiene una enorme pasión por el cuadro azulcrema, incluso la publicación original fue desde su perfil de Instagram.\nEl post original de la también influencer acumula más de 40 mil likes así como decenas de comentarios en los que coinciden con ella al apoyar al equipo capitalino, por su parte la publicación que se hizo viral en X sumó más de 17 mil likes y fue más de 3 mil veces guardado.\nPODRÍA INTERESARTE: Alan Mozo es víctima de las burlas por su autogolazo en el América vs Chivas\nSeguro la famosa aficionada del América ganará varios seguidores luego de que se robara los reflectores en el América vs Chivas de la Concachampions , pues ahora ya muchos saben su identidad y su perfil de Instagram . Para más información, síguenos en Google News.",
    "highlightText": "",
    "highlightTitle": "",
    "highlightThreadTitle": "",
    "language": "spanish",
    "sentiment": "positive",
    "categories": [
        "Social Issue",
        "Arts, Culture and Entertainment",
        "Human Interest"
    ],
    "external_links": [
        "https://img-s-msn-com.akamaized.net/tenant/amp/entityid/BB1jU9bS.img",
        "https://img-s-msn-com.akamaized.net/tenant/amp/entityid/BB1jUfSb.img",
        "https://www.img-s-msn-com.akamaized.net/tenant/amp/entityid/BB1jU9bS.img",
        "https://www.img-s-msn-com.akamaized.net/tenant/amp/entityid/BB1jUfSb.img"
    ],
    "external_images": [],
    "entities": {
        "persons": [],
        "organizations": [],
        "locations": []
    },
    "rating": null,
    "crawled": "2024-03-15T00:24:22.563+02:00",
    "updated": "2024-03-15T00:24:22.563+02:00"
}