{
    "thread": {
        "uuid": "7c87d64f6bc25d37d62b3975855615fed5f47a0a",
        "url": "https://www.fox6now.com/sports/badgers-basketball-score-maryland-031424",
        "site_full": "www.fox6now.com",
        "site": "fox6now.com",
        "site_section": "https://fox6now.com/sports",
        "site_categories": [
            "media"
        ],
        "section_title": "Sports",
        "title": "Big Ten Tournament: Badgers rout Maryland, advance to quarterfinals",
        "title_full": "Big Ten Tournament: Badgers rout Maryland, advance to quarterfinals",
        "published": "2024-03-14T23:15:00.000+02:00",
        "replies_count": 0,
        "participants_count": 1,
        "site_type": "news",
        "country": "US",
        "main_image": "https://images.foxtv.com/static.fox6now.com/www.fox6now.com/content/uploads/2024/03/1280/720/GettyImages-2084344715.jpg?ve=1&amp;tl=1",
        "performance_score": 0,
        "domain_rank": 7949,
        "domain_rank_updated": "2024-03-12T12:10:46.000+02:00",
        "reach": null,
        "social": {
            "facebook": {
                "likes": 17,
                "comments": 18,
                "shares": 36
            },
            "gplus": {
                "shares": 0
            },
            "pinterest": {
                "shares": 0
            },
            "linkedin": {
                "shares": 0
            },
            "stumbledupon": {
                "shares": 0
            },
            "vk": {
                "shares": 0
            }
        }
    },
    "uuid": "7c87d64f6bc25d37d62b3975855615fed5f47a0a",
    "url": "https://www.fox6now.com/sports/badgers-basketball-score-maryland-031424",
    "ord_in_thread": 0,
    "parent_url": null,
    "author": "@fox6now",
    "published": "2024-03-14T23:15:00.000+02:00",
    "title": "Big Ten Tournament: Badgers rout Maryland, advance to quarterfinals",
    "text": "article Chucky Hepburn shoots the ball against Jordan Geronimo of the Maryland Terrapins in the Big Ten Tournament on March 14. (Photo by David Berding/Getty Images)\nMINNEAPOLIS - Freshman John Blackwell scored 18 points, Steven Crowl added 17 points, and the pair made seven of Wisconsin &apos;s season-high 16 3-pointers in an 87-56 rout of Maryland on Thursday in the second round of the Big Ten Tournament.\nWisconsin (20-12) will play No. 4 seed Northwestern on Friday in the quarterfinals. The Badgers beat the Wildcats 71-63 on Jan. 13 in the lone regular-season meeting.\nWisconsin dominated the first half, hitting 10 3-pointers – in just 13 attempts – to build a 47-26 lead. It tied the Badgers ’ second-most makes from 3-point range this season – in full-length games.\nRELATED: Check out the new and improved FOX Sports app\nWisconsin made its first six 3-pointers and, after a miss, Blackwell added another to make it 31-15 with nine minutes left. Blackwell made all four of his 3-point attempts in the first half and scored 14 points. AJ Storr and Crowl each added two 3-pointers, with Crowl scoring 14 points.\nCrowl and Chucky Hepburn continued the hot shooting after halftime, making 3-pointers on back-to-back possessions during a 18-0 run to open the second half for a 39-point lead.\nFeatured\narticle Badgers basketball assistant Chambliss carries father's legacy February is Black History Month, and one member of the Badgers men's basketball program need only think of his family to know how history is made.\nMaryland didn&apos;t score in the second half until DeShawn Harris-Smith&apos;s 3-pointer with 14:52 left. It was just Maryland&apos;s third 3-pointer of the game.\nEight different Badgers made a 3-pointer – a game after the team went 5 of 24 from 3-point range in a 78-70 loss to No. 3 Purdue on Sunday.\nSIGN UP TODAY: Get daily headlines, breaking news emails from FOX6 News\nStorr finished with 16 points for Wisconsin . The Badgers finished 16 of 25 from behind the arc and shot 52% overall.\nJahmir Young led Maryland (16-17) with 18 points. Harris-Smith added 16 and Julian Reese had 10.\nYoung scored 15 of Maryland&apos;s 26 points in the first half after going 7 of 11 from the field, while the rest of his teammates were 5 of 17.",
    "highlightText": "",
    "highlightTitle": "",
    "highlightThreadTitle": "",
    "language": "english",
    "sentiment": "positive",
    "categories": [
        "Human Interest",
        "Sport",
        "Social Issue"
    ],
    "external_links": [
        "https://tinyurl.com/y4uouolb",
        "https://www.tinyurl.com/y4uouolb"
    ],
    "external_images": [],
    "entities": {
        "persons": [
            {
                "name": "chucky hepburn",
                "sentiment": "negative"
            },
            {
                "name": "jordan geronimo",
                "sentiment": "negative"
            },
            {
                "name": "crowl",
                "sentiment": "none"
            },
            {
                "name": "david berding",
                "sentiment": "none"
            },
            {
                "name": "steven crowl",
                "sentiment": "none"
            },
            {
                "name": "blackwell",
                "sentiment": "none"
            },
            {
                "name": "aj storr",
                "sentiment": "none"
            },
            {
                "name": "john blackwell",
                "sentiment": "none"
            }
        ],
        "organizations": [
            {
                "name": "maryland terrapins",
                "sentiment": "negative"
            },
            {
                "name": "fox sports",
                "sentiment": "none"
            },
            {
                "name": "badgers",
                "sentiment": "none"
            },
            {
                "name": "wildcats",
                "sentiment": "none"
            }
        ],
        "locations": [
            {
                "name": "maryland",
                "sentiment": "none"
            },
            {
                "name": "minneapolis",
                "sentiment": "none"
            },
            {
                "name": "wisconsin",
                "sentiment": "none"
            }
        ]
    },
    "rating": null,
    "crawled": "2024-03-15T00:03:47.632+02:00",
    "updated": "2024-03-15T00:03:47.632+02:00"
}