{
    "thread": {
        "uuid": "bb7d1f3d7517398efe93d87ef6f31b821a4823b0",
        "url": "http://business.theeveningleader.com/theeveningleader/article/lawfirmnewswire-2024-3-14-littman-krooks-proudly-supports-and-congratulates-nami-westchesters-40th-anniversary-find-help-find-hope-gala",
        "site_full": "business.theeveningleader.com",
        "site": "theeveningleader.com",
        "site_section": "http://business.theeveningleader.com/theeveningleader/markets/news",
        "site_categories": [
            "financial_news",
            "finance"
        ],
        "section_title": "Stock Market News | NSDQ, NYSE, and AMEX Stock Market News, Market News Categories, Market Indicators | User | theeveningleader.com ",
        "title": "Littman Krooks Proudly Supports and Congratulates NAMI Westchester’s 40th Anniversary Find Help Find Hope Gala | User | theeveningleader.com",
        "title_full": "Littman Krooks Proudly Supports and Congratulates NAMI Westchester’s 40th Anniversary Find Help Find Hope Gala | User | theeveningleader.com",
        "published": "2024-03-14T02:00:00.000+02:00",
        "replies_count": 0,
        "participants_count": 1,
        "site_type": "news",
        "country": "US",
        "main_image": "",
        "performance_score": 0,
        "domain_rank": 94264,
        "domain_rank_updated": "2024-03-12T12:13:38.000+02:00",
        "reach": null,
        "social": {
            "facebook": {
                "likes": 0,
                "comments": 0,
                "shares": 0
            },
            "gplus": {
                "shares": 0
            },
            "pinterest": {
                "shares": 0
            },
            "linkedin": {
                "shares": 0
            },
            "stumbledupon": {
                "shares": 0
            },
            "vk": {
                "shares": 0
            }
        }
    },
    "uuid": "bb7d1f3d7517398efe93d87ef6f31b821a4823b0",
    "url": "http://business.theeveningleader.com/theeveningleader/article/lawfirmnewswire-2024-3-14-littman-krooks-proudly-supports-and-congratulates-nami-westchesters-40th-anniversary-find-help-find-hope-gala",
    "ord_in_thread": 0,
    "parent_url": null,
    "author": "Law Firm Newswire",
    "published": "2024-03-14T02:00:00.000+02:00",
    "title": "Littman Krooks Proudly Supports and Congratulates NAMI Westchester’s 40th Anniversary Find Help Find Hope Gala | User | theeveningleader.com",
    "text": "Westchester County, New York – As an In Our Own Voice Sponsor of NAMI Westchester’s 40th Anniversary Find Help Find Hope Gala, Littman Krooks is proud to demonstrate its commitment to supporting mental health and advocating for the rights of those with mental illness. We also extend our gratitude and congratulations to NAMI for their incredible milestone and continued work in the Westchester community.\n“The work of NAMI Westchester is more critical than ever,” says Marion M. Walsh, a partner of Littman Krooks LLP who currently serves as President of the Board of Directors of NAMI Westchester. “We applaud the work of NAMI Westchester, she adds, as our work at Littman Krooks is aligned to their mission in helping individuals and families whose lives are affected by mental illness,” she adds.\nHere are some of the reasons we sponsor NAMI:\nNAMI Westchester works to end the pervasive stigma that society perpetuates toward individuals with mental health disorders, through programs such as In Our Own Voice. This program spreads the message of hope and recovery through presentations by leaders with lived experience to show that individuals with mental health challenges can lead fulfilling lives. At Littman Krooks, we work to help families ensure that their loved ones have the right legal protections, services and public benefits, educational and community services. Through their outreach programs, NAMI Westchester educates the community on mental health and suicide prevention. For example, the Ending the Silence program for young people is critical to educate on mental health and suicide prevention, for young people. We applaud NAMI Westchester’s commitment to build a community of hope through their HelpLine , support groups and educational classes, which help families create support systems. At Littman Krooks, we work to help families navigate services and to obtain appropriate public benefits, and we advocate for changes in legislation. The people who volunteer with NAMI Westchester are hopeful, bright and sensitive and we love being a partner and supporting this work. So many of these volunteers share their dedication each day and it is an honor to be part of this work. “We are proud to support NAMI and their mission to eradicate the stigma associated with mental illness,” said Bernard A. Krooks, founding partner of Littman Krooks . “We believe that everyone deserves access to quality mental health care, and we are committed to doing our part to make that a reality.”\nFor more information about NAMI Westchester and its programs, please visit https://namiwestchester.org .\nLittman Krooks provides sophisticated legal advice and the high-level of expertise ordinarily associated with large law firms along with the personal attention and responsiveness of smaller firms. They offer services in several areas of law, including elder law, estate planning, special needs planning, special education advocacy, and corporate and securities. Their offices are located at 800 Westchester Ave, Rye Brook, NY, and 1325 Avenue of the Americas, New York, NY. Contact us at https://www.littmankrooks.com/contact/ .\nLittman Krooks\n800 Westchester Ave S-436 Rye Brook, NY 10573\n(914) 684-2100\nhttps://www.littmankrooks.com/\nPress Contact : Littman Krooks\nDistributed by Law Firm Newswire Data & News supplied by www.cloudquote.io\nStock quotes supplied by Barchart\nQuotes delayed at least 20 minutes.\nBy accessing this page, you agree to the following\nPrivacy Policy and Terms and Conditions .",
    "highlightText": "",
    "highlightTitle": "",
    "highlightThreadTitle": "",
    "language": "english",
    "sentiment": "positive",
    "categories": [
        "Health",
        "Human Interest"
    ],
    "external_links": [
        "https://www.littmankrooks.com/contact/",
        "https://namiwestchester.org",
        "https://tracking.newsrpm.com/pixel?slug=lawfirmnewswire-2024-3-14-littman-krooks-proudly-supports-and-congratulates-nami-westchesters-40th-anniversary-find-help-find-hope-gala",
        "https://www.cloudquote.io",
        "https://www.littmankrooks.com/",
        "https://www.littmankrooks.com/attorneys/bernard-a-krooks/",
        "https://www.googletagmanager.com/gtag/js?id=UA-8590502-3",
        "https://namiwestchester.org/",
        "https://www.cloudquote.io/article/5",
        "https://www.cloudquote.io/article/6",
        "https://lawfirmnewswire.com/",
        "https://www.littmankrooks.com/attorneys/marion-w-walsh/",
        "https://cloudquote.io/article/5",
        "https://www.googletagmanager.com/gtag/js",
        "https://namiwestchester.org",
        "https://littmankrooks.com/attorneys/bernard-a-krooks/",
        "https://cloudquote.io/article/6",
        "https://www.littmankrooks.com/attorneys/marion-w-walsh",
        "https://tracking.newsrpm.com/pixel",
        "https://littmankrooks.com/",
        "https://www.littmankrooks.com",
        "https://googletagmanager.com/gtag/js?id=UA-8590502-3",
        "https://littmankrooks.com/attorneys/marion-w-walsh/",
        "https://www.namiwestchester.org/",
        "https://cloudquote.io",
        "https://www.lawfirmnewswire.com/",
        "https://www.namiwestchester.org",
        "https://www.tracking.newsrpm.com/pixel?slug=lawfirmnewswire-2024-3-14-littman-krooks-proudly-supports-and-congratulates-nami-westchesters-40th-anniversary-find-help-find-hope-gala",
        "https://littmankrooks.com/contact/",
        "https://www.littmankrooks.com/attorneys/bernard-a-krooks",
        "https://lawfirmnewswire.com",
        "https://www.littmankrooks.com/contact"
    ],
    "external_images": [],
    "entities": {
        "persons": [
            {
                "name": "littman krooks",
                "sentiment": "negative"
            },
            {
                "name": "marion m. walsh",
                "sentiment": "none"
            }
        ],
        "organizations": [
            {
                "name": "congratulates nami westchester",
                "sentiment": "negative"
            },
            {
                "name": "nami westchester",
                "sentiment": "negative"
            },
            {
                "name": "littman krooks",
                "sentiment": "none"
            },
            {
                "name": "nami",
                "sentiment": "none"
            },
            {
                "name": "littman krooks llp",
                "sentiment": "none"
            }
        ],
        "locations": [
            {
                "name": "new york",
                "sentiment": "none"
            },
            {
                "name": "westchester county",
                "sentiment": "none"
            },
            {
                "name": "westchester",
                "sentiment": "none"
            }
        ]
    },
    "rating": null,
    "crawled": "2024-03-15T00:08:25.374+02:00",
    "updated": "2024-03-15T00:08:25.374+02:00"
}