{
    "thread": {
        "uuid": "a4b477a363b9034dfc4df6474427d78ef0192689",
        "url": "https://www.nst.com.my/news/nation/2024/03/1025937/rebuilding-hope-one-year-after-t%C3%BCrkiyes-devastating-earthquake",
        "site_full": "www.nst.com.my",
        "site": "nst.com.my",
        "site_section": "https://www.nst.com.my/feed",
        "site_categories": [
            "media"
        ],
        "section_title": "New Straits Times",
        "title": "Rebuilding hope: One year after Türkiye's devastating earthquake",
        "title_full": "Rebuilding hope: One year after Türkiye's devastating earthquake",
        "published": "2024-03-15T00:00:00.000+02:00",
        "replies_count": 0,
        "participants_count": 1,
        "site_type": "news",
        "country": "MY",
        "main_image": "https://assets.nst.com.my/images/articles/TurkiyeAnniversary_NSTfield_image_socialmedia.var_1710453638.jpg",
        "performance_score": 0,
        "domain_rank": 5413,
        "domain_rank_updated": "2024-03-12T12:10:46.000+02:00",
        "reach": null,
        "social": {
            "facebook": {
                "likes": 0,
                "comments": 0,
                "shares": 0
            },
            "gplus": {
                "shares": 0
            },
            "pinterest": {
                "shares": 0
            },
            "linkedin": {
                "shares": 0
            },
            "stumbledupon": {
                "shares": 0
            },
            "vk": {
                "shares": 0
            }
        }
    },
    "uuid": "a4b477a363b9034dfc4df6474427d78ef0192689",
    "url": "https://www.nst.com.my/news/nation/2024/03/1025937/rebuilding-hope-one-year-after-t%C3%BCrkiyes-devastating-earthquake",
    "ord_in_thread": 0,
    "parent_url": null,
    "author": "Shahrin Aizat Noorshahrizam",
    "published": "2024-03-15T00:00:00.000+02:00",
    "title": "Rebuilding hope: One year after Türkiye's devastating earthquake",
    "text": "News\nRegional\nNorthern\nEast Coast\nSouthern\nBorneo\nCentral\nBusiness Times\nLife & Times\nSports\nWorld\nRadio\nGet Audio+\nHOT FM\nBULETIN FM\nEight FM\nFLY FM\nMOLEK FM\nNST TV\nOpinion\nGallery\nVouchers\nNST Podcast\nMore\nCOVID-19 Vaccine\nNews\nNST Viral\nCrime & Courts\nNation\nGovernment / Public Policy\nPolitics\nVIEW ALL NEWS\nBusiness\nBusiness\nProperty\nCars Bikes Trucks\nLife & Times\nBots\nHeal\nFlair\nJom!\nGroove\nSunday Vibes\nVIEW ALL LIFE & TIMES\nSports\nFootball\nBadminton\nTennis\nCycling\nGolf\nMotor Sports\nCricket\nHockey\nOthers\nVideo\nVIEW ALL SPORTS\nWorld\nWorld\nRegion\nVIEW ALL WORLD\nNST Podcast\nNST TV\nOpinion\nLeader\nLetters\nColumnists\nVIEW ALL OPINION\nVouchers\nGallery\nPhotos\nInfographics\nContact Us\nGet Mobile App\nNews\nCrime & Courts\nGovt / Public Policy\nNation\nPolitics\nBusiness\nBusiness Times\nProperty\nCars Bikes Trucks\nLife & Times\nSunday Vibes\nBots\nHeal\nFlair\nJom!\nGroove\nSports\nFootball\nBadminton\nTennis\nCycling\nGolf\nMMA\nMotorSport\nCricket\nOthers\nWorld\nWorld\nRegion\nRadio\nGet Audio+\nHot FM\nBuletin FM\nFly FM\nEight FM\nMolek FM\nOpinion\nColumnists\nLetters\nLeader\nGallery\nPhotos\nInfographics\nNST Podcast\nNST TV\nEducation\nVoucher",
    "highlightText": "",
    "highlightTitle": "",
    "highlightThreadTitle": "",
    "language": "english",
    "sentiment": "positive",
    "categories": [
        "Disaster and Accident",
        "Human Interest"
    ],
    "external_links": [],
    "external_images": [],
    "entities": {
        "persons": [
            {
                "name": "türkiye",
                "sentiment": "neutral"
            },
            {
                "name": "jom",
                "sentiment": "none"
            }
        ],
        "organizations": [
            {
                "name": "news regional northern east coast southern borneo central business times life & times sports world",
                "sentiment": "neutral"
            },
            {
                "name": "fm molek fm nst tv opinion gallery vouchers nst",
                "sentiment": "none"
            },
            {
                "name": "eight fm molek fm opinion columnists letters leader gallery photos infographics nst podcast nst tv",
                "sentiment": "none"
            }
        ],
        "locations": []
    },
    "rating": null,
    "crawled": "2024-03-15T00:24:46.382+02:00",
    "updated": "2024-03-15T00:24:46.382+02:00"
}