{
    "thread": {
        "uuid": "8d468459da636769d31296752b5a4fbffb32f82a",
        "url": "https://www.cbsnews.com/losangeles/video/singer-actress-and-writer-lucy-walsh-talks-about-her-new-book-remember-me-as-human",
        "site_full": "www.cbsnews.com",
        "site": "cbsnews.com",
        "site_section": "http://xijinping.einnews.com/live_feed",
        "site_categories": [
            "media",
            "television",
            "entertainment"
        ],
        "section_title": "Live Feed Wire - Xi Jinping News Today - EIN Presswire",
        "title": "Singer, actress and writer Lucy Walsh talks about her new book \"Remember Me as Human.\" - CBS Los Angeles",
        "title_full": "Singer, actress and writer Lucy Walsh talks about her new book \"Remember Me as Human.\" - CBS Los Angeles",
        "published": "2024-03-14T02:00:00.000+02:00",
        "replies_count": 0,
        "participants_count": 1,
        "site_type": "news",
        "country": "US",
        "main_image": "https://assets3.cbsnewsstatic.com/hub/i/r/2024/03/14/5dd8b3f0-86ae-4a23-820e-ce2b8900228f/thumbnail/1200x630/85bf87aa73340dcba112680b785596ed/77b66f303f7ddc48abeed98cba1940e0.jpg?v=d1d78866939020fc1f2607ef7298e4ec",
        "performance_score": 0,
        "domain_rank": 184,
        "domain_rank_updated": "2024-03-12T12:10:46.000+02:00",
        "reach": null,
        "social": {
            "facebook": {
                "likes": 0,
                "comments": 0,
                "shares": 0
            },
            "gplus": {
                "shares": 0
            },
            "pinterest": {
                "shares": 0
            },
            "linkedin": {
                "shares": 0
            },
            "stumbledupon": {
                "shares": 0
            },
            "vk": {
                "shares": 0
            }
        }
    },
    "uuid": "8d468459da636769d31296752b5a4fbffb32f82a",
    "url": "https://www.cbsnews.com/losangeles/video/singer-actress-and-writer-lucy-walsh-talks-about-her-new-book-remember-me-as-human",
    "ord_in_thread": 0,
    "parent_url": null,
    "author": "CBS Los Angeles",
    "published": "2024-03-14T02:00:00.000+02:00",
    "title": "Singer, actress and writer Lucy Walsh talks about her new book \"Remember Me as Human.\" - CBS Los Angeles",
    "text": "Latest U.S. World Politics Entertainment HealthWatch MoneyWatch Crime Sports Local News Baltimore Bay Area Boston Chicago Colorado Detroit Los Angeles Miami Minnesota New York Philadelphia Pittsburgh Sacramento Texas Live CBS News Streaming Baltimore Bay Area Boston Chicago Colorado Detroit Los Angeles Miami Minnesota New York Philadelphia Pittsburgh Sacramento Texas Shows 48 Hours 60 Minutes America Decides CBS Evening News CBS Mornings CBS News Eye on America CBS News Mornings CBS Reports CBS Saturday Morning The Dish Face the Nation Here Comes the Sun Person to Person Prime Time Sunday Morning The Takeout The Uplift Weekender Photos Podcasts In Depth Newsletters Download Our App CBS News Team Executive Team Paramount Shop Paramount+ Join Our Talent Community RSS Feeds A Moment With... Innovators & Disruptors Los Angeles News All News LA News OC News IE News U.S. CBS2 Investigations Entertainment Politics Consumer Business Health On Your Side CBS+ Weather Latest Weather Radars & Maps Sports All Sports Chargers LA Kings Rams Lakers Clippers Golf CBS Sports HQ Dodgers Angels Soccer Hockey College Sports Videos KCAL News Shows The Morning Wrap The Lot STEAM On Your Side: Veterans' Voices Inside SoCal Java with Jamie Investigation Class Act SoCal Spotlight People Making a Difference Station Info KCAL News Team Contests & Promotions Advertise Seen on TV News Tip Download the App Galleries Watch CBS News Singer, actress and writer Lucy Walsh talks about her new book \"Remember Me as Human.\" Singer, songwriter, actress and writer Lucy Walsh talks about her new book \"Remember Me as Human.\" Walsh, daughter of Eagles guitarist Joe Walsh, wrote her book after a three-day interview with her grandmother. \"Remember Me as Human\" is a tribute to family and her grandparents' love story. View CBS News In CBS News App Open Chrome Safari Continue Be the first to know Get browser notifications for breaking news, live events, and exclusive reporting. Not Now Turn On",
    "highlightText": "",
    "highlightTitle": "",
    "highlightThreadTitle": "",
    "language": "english",
    "sentiment": "positive",
    "categories": [
        "Human Interest",
        "Arts, Culture and Entertainment"
    ],
    "external_links": [],
    "external_images": [],
    "entities": {
        "persons": [
            {
                "name": "lucy walsh",
                "sentiment": "neutral"
            },
            {
                "name": "baltimore ba",
                "sentiment": "neutral"
            }
        ],
        "organizations": [
            {
                "name": "cbs",
                "sentiment": "neutral"
            },
            {
                "name": "cbs news mornings cbs reports cbs",
                "sentiment": "none"
            },
            {
                "name": "cbs news team executive team paramount shop paramount",
                "sentiment": "none"
            },
            {
                "name": "innovators & disruptors los angeles news all news la news oc news ie news",
                "sentiment": "none"
            },
            {
                "name": "sports chargers la kings rams lakers clippers golf cbs sports hq dodgers",
                "sentiment": "none"
            }
        ],
        "locations": [
            {
                "name": "los angeles latest u.s.",
                "sentiment": "none"
            },
            {
                "name": "u.s.",
                "sentiment": "none"
            },
            {
                "name": "america",
                "sentiment": "none"
            }
        ]
    },
    "rating": null,
    "crawled": "2024-03-15T00:09:14.261+02:00",
    "updated": "2024-03-22T02:06:37.645+02:00"
}