{
    "thread": {
        "uuid": "d14d269902941639ca30461c78cf37b260e137dd",
        "url": "https://www.telecinco.es/la-isla-de-las-tentaciones/20240314/sergio-aguilera-mensaje-hoguera-final-alex-marieta_18_011977493.html",
        "site_full": "www.telecinco.es",
        "site": "telecinco.es",
        "site_section": "https://www.telecinco.es/rss.xml",
        "site_categories": [
            "television",
            "non_standard_content",
            "entertainment"
        ],
        "section_title": "",
        "title": "Sergio Aguilera comparte un mensaje tras la hoguera final de Álex y Marieta - La isla de las tentaciones",
        "title_full": "Sergio Aguilera comparte un mensaje tras la hoguera final de Álex y Marieta - La isla de las tentaciones",
        "published": "2024-03-14T20:35:00.000+02:00",
        "replies_count": 0,
        "participants_count": 1,
        "site_type": "news",
        "country": "ES",
        "main_image": "https://album.mediaset.es/eimg/2024/03/14/sergio-aguilera_8826.jpg",
        "performance_score": 0,
        "domain_rank": 7347,
        "domain_rank_updated": "2024-03-12T12:10:46.000+02:00",
        "reach": null,
        "social": {
            "facebook": {
                "likes": 28,
                "comments": 1,
                "shares": 1
            },
            "gplus": {
                "shares": 0
            },
            "pinterest": {
                "shares": 0
            },
            "linkedin": {
                "shares": 0
            },
            "stumbledupon": {
                "shares": 0
            },
            "vk": {
                "shares": 0
            }
        }
    },
    "uuid": "d14d269902941639ca30461c78cf37b260e137dd",
    "url": "https://www.telecinco.es/la-isla-de-las-tentaciones/20240314/sergio-aguilera-mensaje-hoguera-final-alex-marieta_18_011977493.html",
    "ord_in_thread": 0,
    "parent_url": null,
    "author": "Ana Carrillo",
    "published": "2024-03-14T20:35:00.000+02:00",
    "title": "Sergio Aguilera comparte un mensaje tras la hoguera final de Álex y Marieta - La isla de las tentaciones",
    "text": "> La reacción de Marieta al ver su hoguera final con Álex por televisión: \"Fue preciosa\" Sergio Aguilera le ha deseado lo mejor a sus compañeras de Villa Montaña tras la emisión de las hogueras finales de 'La isla de las tentaciones 7' Álex confiesa qué pronóstico hizo antes de llegar a su hoguera final con Marieta: \"Es una cosa que ya sabía\" En su hoguera final , Marieta expresó su deseo de irse de 'La isla de las tentaciones 7' de la mano de Álex , que la rechazó para iniciar una relación con Gabriela fuera de Villa Playa. La ilicitana solo tenía otra decisión posible: la de irse sola, porque había decidido expulsar unos días antes a Sergio Aguilera, su tentador favorito , después de que él le dijera que ya no tenía ganas de seguir conociéndola.\nAsí fue la expulsión de Sergio Aguilera de 'La isla de las tentaciones' MÁS La tremenda reacción de Marieta al ver irse juntos a Álex y Gabriela de 'La isla de las tentaciones’: “¡Esto es ridículo!” Avance exclusivo | Marieta, contra las cuerdas tras una impactante revelación de Miguel: “Quería una relación conmigo” Las decisiones de las parejas en las hogueras finales de 'La isla de las tentaciones 7' El agricultor ha estado siguiendo el episodio 12 de 'La isla de las tentaciones 7' desde casa y ha querido mandarle un mensaje a todos los habitantes de Villa Montaña, entre los que está Marieta : \"Gracias a mis compañeros y compañeras, os deseo lo mejor de corazón, fuimos felices. Os quiero\". En sus líneas también se ha acordado del equipo que hace posible el programa: \"Gracias a todos y a todas de corazón por una experiencia única\".\nEl andaluz ha cerrado el mensaje con una reflexión muy similar a la que compartió en sus stories el día después de la emisión del episodio en el que Marieta decidió expulsarle de la villa: \"Me encanta la vida, paz y amor para todos\" . Estas líneas las ha escrito junto a una foto desde su tractor, con el que conquistó a los fans en la presentación de solteros, cuando hizo alusión a su vehículo y a su profesión en la huerta de Granada.\nLos colaboradores de 'La isla de las tentaciones' hablan del enfado de Marieta con Sergio Temas Marieta ('La isla de las tentaciones 7') Álex ('La isla de las tentaciones 7') Solteros de 'La isla de las tentaciones 7' Parejas de 'La isla de las tentaciones 7'",
    "highlightText": "",
    "highlightTitle": "",
    "highlightThreadTitle": "",
    "language": "spanish",
    "sentiment": "positive",
    "categories": [
        "Human Interest"
    ],
    "external_links": [
        "https://rawvod.mediaset.es/bitmovin/f45b3d03-852f-4a65-b285-0d0ae9c70eb0/f45b3d03-852f-4a65-b285-0d0ae9c70eb0.4000000.mp4",
        "https://rawvod.mediaset.es/bitmovin/3402ad89-8acb-4114-a9e4-1d71ff80164d/3402ad89-8acb-4114-a9e4-1d71ff80164d.3902896.mp4",
        "https://www.rawvod.mediaset.es/bitmovin/f45b3d03-852f-4a65-b285-0d0ae9c70eb0/f45b3d03-852f-4a65-b285-0d0ae9c70eb0.4000000.mp4",
        "https://www.rawvod.mediaset.es/bitmovin/3402ad89-8acb-4114-a9e4-1d71ff80164d/3402ad89-8acb-4114-a9e4-1d71ff80164d.3902896.mp4"
    ],
    "external_images": [],
    "entities": {
        "persons": [],
        "organizations": [],
        "locations": []
    },
    "rating": null,
    "crawled": "2024-03-15T00:03:12.736+02:00",
    "updated": "2024-03-15T00:03:12.736+02:00"
}