{
    "thread": {
        "uuid": "5e1a0919e20f917b6fce34834783a59408f21171",
        "url": "https://www.gazettextra.com/sports/national/why-kansas-city-chiefs-newest-signing-irv-smith-jr-says-kc-was-his-best-fit/article_863fe591-ac20-5a87-b8ec-96f63bfa6d8f.html",
        "site_full": "www.gazettextra.com",
        "site": "gazettextra.com",
        "site_section": "http://www.gazettextra.com/obituaries/search/?f=rss&t=article&c=&l=50&s=start_time&sd=desc",
        "site_categories": [
            "media"
        ],
        "section_title": "www.gazettextra.com - RSS Results of type article",
        "title": "Why Kansas City Chiefs’ newest signing — Irv Smith Jr. — says KC was his ‘best fit’",
        "title_full": "Why Kansas City Chiefs’ newest signing — Irv Smith Jr. — says KC was his ‘best fit’",
        "published": "2024-03-14T23:25:00.000+02:00",
        "replies_count": 0,
        "participants_count": 1,
        "site_type": "news",
        "country": "US",
        "main_image": "https://bloximages.newyork1.vip.townnews.com/gazettextra.com/content/tncms/custom/image/bd5993ec-56a6-11ec-a43c-8f7b005e099d.jpg",
        "performance_score": 0,
        "domain_rank": 14454,
        "domain_rank_updated": "2024-03-12T12:10:46.000+02:00",
        "reach": null,
        "social": {
            "facebook": {
                "likes": 0,
                "comments": 0,
                "shares": 0
            },
            "gplus": {
                "shares": 0
            },
            "pinterest": {
                "shares": 0
            },
            "linkedin": {
                "shares": 0
            },
            "stumbledupon": {
                "shares": 0
            },
            "vk": {
                "shares": 0
            }
        }
    },
    "uuid": "5e1a0919e20f917b6fce34834783a59408f21171",
    "url": "https://www.gazettextra.com/sports/national/why-kansas-city-chiefs-newest-signing-irv-smith-jr-says-kc-was-his-best-fit/article_863fe591-ac20-5a87-b8ec-96f63bfa6d8f.html",
    "ord_in_thread": 0,
    "parent_url": null,
    "author": "Jesse Newell - The Kansas City Star (TNS)",
    "published": "2024-03-14T23:25:00.000+02:00",
    "title": "Why Kansas City Chiefs’ newest signing — Irv Smith Jr. — says KC was his ‘best fit’",
    "text": "Free agent tight end Irv Smith Jr. said quite a few draws led him to sign a one-year deal with the Kansas City Chiefs.\nPlaying alongside quarterback Patrick Mahomes and tight end Travis Kelce. Getting to be coached by Andy Reid.\nkAmp?5 2=D@ 36:?8 23=6 E@ ;@:? 2 E62> E92E’D 925 A=6?EJ @7 C646?E DF446DD]k^Am\nkAm“%96 4F=EFC6 E92E E96J’G6 3F:=E 96C6[ :E’D 2 H:??:?8 4F=EFC6[ 2?5 :E’D D@>6E9:?8 E92E ]]] x’G6 366? 2C@F?5 H:??:?8 >J H9@=6 =:76[” $>:E9 D2:5 %9FCD52J 5FC:?8 2? :?E6CG:6H H:E9 C6A@CE6CD] “x ;FDE 76=E =:<6 7@C >6[ :E H2D E96 36DE @AA@CEF?:EJ[ E96 36DE 7:E 2?5 D@>6H96C6 x 42? DF44665 2?5 ;FDE D9@H42D6 >J 23:=:EJ]”k^Am\nkAm$>:E9[ ad[ D:8?65 H:E9 zr @? 2 @?6\\J62C 4@?EC24E H@CE9 S`]aha >:==:@?] $>:E9 AC@7:=6D 2D E96 r9:67D’ E9:C5 E:89E 6?5 369:?5 z6=46 2?5 }@29 vC2J[ E9@F89 E96 E62> 92D 9:DE@C:42==J FD65 >F=E:A=6\\E:89E\\6?5 D6ED >@C6 E92? >2?J @E96C 7C2?49:D6D]k^Am\nkAm“pE E96 6?5 @7 E96 52J[ H6’C6 8@:?8 E@ 36 86EE:?8 6249 @E96C @A6?[” $>:E9 D2:5[ “2?5 7665:?8 @77 @7 6249 @E96C]”k^Am\nkAmp a_`h D64@?5\\C@F?5 5C27E A:4< @7 E96 ':<:?8D[ $>:E9 A=2J65 E9C66 J62CD :? |:??6D@E2 367@C6 DA6?5:?8 E9:D A2DE D62D@? H:E9 r:?4:??2E:] w6 A=2J65 :? `a 82>6D =2DE D62D@? 2?5 925 `g 42E496D 7@C ``d J2C5D 2?5 2 E@F495@H? H9:=6 >:DD:?8 D@>6 E:>6 H:E9 2 92>DEC:?8 :?;FCJ]k^Am\nkAmp:=>6?ED 92G6 2=D@ 4FE D9@CE AC6G:@FD D62D@?D] $>:E9 >:DD65 >@DE @7 a_aa H:E9 E96 ':<:?8D 27E6C DF776C:?8 2 9:89 2?<=6 DAC2:?]k^Am\nkAm$>:E9 25>:EE65 %9FCD52J E9:D @77D62D@? 92D 366? E96 7:CDE :? E9C66 J62CD H96C6 96’D 366? 23=6 E@ EC2:? 2E 7F== 962=E9]k^Am\nkAm“%92E’D >J >2:? 8@2= :D ;FDE E@ 36 `__T 2D >F49 2D x 42?[” $>:E9 D2:5[ “2?5 E@ 36 2G2:=23=6]”k^Am\nkAm$>:E9 D2:5 96 9@A6D E@ 3C:?8 D@>6 J@FE9 2?5 “;F:46” E@ E96 r9:67D’ E:89E\\6?5D C@@>] w6 2=D@ D66D 9:>D6=7 2D 36:?8 23=6 E@ 27764E 3@E9 E96 CF? 2?5 A2DD 82>6D]k^Am\nkAm“p?J H2J x 42? 96=A E96 E62>[” $>:E9 D2:5] “u@C >6[ x 766= =:<6 x’> 2 G6CD2E:=6 A=2J6C 2?5 x 42? >2<6 2 =@E @7 A=2JD]”k^Am\nkAm$>:E9 yC]’D 72E96C[ xCG $>:E9 $C][ A=2J65 E:89E 6?5 7@C D6G6? D62D@?D :? E96 }u{ 7C@> `hhb\\hh H9:=6 DA6?5:?8 >@DE @7 9:D E:>6 H:E9 E96 }6H ~C=62?D $2:?ED]k^Am\nkAmu@@E32==[ E96?[ 92D 2=H2JD 366? 2 >62?:?87F= A2CE @7 $>:E9 yC]’D =:76] w6 C6>6>36CD E6==:?8 E62496CD H96? 96 H2D J@F?86C E92E 96 H2D D@>652J 8@:?8 E@ 36 2? }u{ A=2J6C] w6 2=D@ EC:65 @? 9:D 525’D 96=>6E[ 4=62ED 2?5 8=@G6D 2C@F?5 E96 9@FD6 H9:=6 6?G:D:@?:?8 9:>D6=7 2D 2 AC@]k^Am\nkAm“u@C >6[ 7@@E32== 2?5 DA@CED[ E92E’D >J 6G6CJE9:?8[” $>:E9 yC] D2:5]k^Am\nkAm%96 E:89E 6?5 :D 244FDE@>65 E@ 9:89 6IA64E2E:@?D] $>:E9 A=2J65 :? 4@==686 2E p=232>2[ D@ 96 92D 6IA6C:6?46 @? E62>D E92E EJA:42==J C646:G6 E96:C @AA@?6?E’D 36DE D9@E]k^Am\nkAm“(96? :E 42>6 5@H? E@ E96 564:D:@?\\>2<:?8 AC@46DD[ x H2?E65 E9:D @AA@CEF?:EJ] xE H2D D@>6E9:?8 x H2D?’E D9J:?8 2H2J 7C@>[” $>:E9 D2:5] “x’> 2EE24<:?8 :E]”k^Am\nkAm$>:E9 D2:5 :E’D 366? 6I4:E:?8 E@ H2E49 E96 r9:67D @776?D6 7C@> 272C E96 A2DE 76H D62D@?D[ 42==:?8 E96:C 82>6D “6=64EC:4]”k^Am\nkAm}@H[ 96’D C625J E@ 5@ H92E 96 42? E@ 4@?EC:3FE6 E@ E92E DF446DD]k^Am\nkAm“r@>:?8 E@ r9:67D z:?85@>[ x <?@H H92E E96 DE2?52C5 :D[” $>:E9 D2:5[ “D@ x 5@?’E E2<6 :E =:89E=J]”k^Am\nkAm©a_ac %96 z2?D2D r:EJ $E2C] ':D:E k2 9C67lQ9EEADi^^HHH]<2?D2D4:EJ]4@>Qm<2?D2D4:EJ]4@>k^2m] s:DEC:3FE65 3J k2 9C67lQ9EEADi^^HHH]EC:3F?64@?E6?E286?4J]4@>Qm%C:3F?6 r@?E6?E p86?4J[ {{r]k^2mk^Am",
    "highlightText": "",
    "highlightTitle": "",
    "highlightThreadTitle": "",
    "language": "english",
    "sentiment": "positive",
    "categories": [
        "Sport",
        "Human Interest"
    ],
    "external_links": [],
    "external_images": [],
    "entities": {
        "persons": [
            {
                "name": "irv smith jr.",
                "sentiment": "negative"
            },
            {
                "name": "irv smith jr. —",
                "sentiment": "neutral"
            },
            {
                "name": "travis kelce",
                "sentiment": "none"
            },
            {
                "name": "andy reid",
                "sentiment": "none"
            },
            {
                "name": "patrick mahomes",
                "sentiment": "none"
            }
        ],
        "organizations": [
            {
                "name": "kansas city chiefs",
                "sentiment": "negative"
            },
            {
                "name": "city chiefs",
                "sentiment": "none"
            }
        ],
        "locations": []
    },
    "rating": null,
    "crawled": "2024-03-15T00:19:13.374+02:00",
    "updated": "2024-03-15T00:19:13.374+02:00"
}