{
    "thread": {
        "uuid": "e7f78d944fc5f72ec7a7e7e202f60090621114ee",
        "url": "https://ground.news/article/lafayette-commodores-baseball-wins-against-water-valley-and-iahs-the-oxford-eagle",
        "site_full": "ground.news",
        "site": "ground.news",
        "site_section": "https://ground.news/interest/baseball",
        "site_categories": [],
        "section_title": "Baseball Breaking News Headlines Today | Ground News",
        "title": "Ground News - Lafayette Commodores baseball wins against Water Valley & IAHS - The Oxford Eagle",
        "title_full": "Ground News - Lafayette Commodores baseball wins against Water Valley & IAHS - The Oxford Eagle",
        "published": "2024-03-14T23:05:00.000+02:00",
        "replies_count": 0,
        "participants_count": 1,
        "site_type": "news",
        "country": "US",
        "main_image": "",
        "performance_score": 0,
        "domain_rank": 29912,
        "domain_rank_updated": "2024-03-12T12:10:46.000+02:00",
        "reach": null,
        "social": {
            "facebook": {
                "likes": 0,
                "comments": 0,
                "shares": 0
            },
            "gplus": {
                "shares": 0
            },
            "pinterest": {
                "shares": 0
            },
            "linkedin": {
                "shares": 0
            },
            "stumbledupon": {
                "shares": 0
            },
            "vk": {
                "shares": 0
            }
        }
    },
    "uuid": "e7f78d944fc5f72ec7a7e7e202f60090621114ee",
    "url": "https://ground.news/article/lafayette-commodores-baseball-wins-against-water-valley-and-iahs-the-oxford-eagle",
    "ord_in_thread": 0,
    "parent_url": null,
    "author": "Ground News",
    "published": "2024-03-14T23:05:00.000+02:00",
    "title": "Ground News - Lafayette Commodores baseball wins against Water Valley & IAHS - The Oxford Eagle",
    "text": "Summary by Ground News Lafayette Commodores (8-5) defeated Water Valley 24-10 on Wednesday night. Lafayette scored 12 runs in the first two innings with nine coming in the second. Luke Anderson went 2-for-4 and scored three runs with five RBIs. Share menu 1 Articles 1 Articles All Left Center Right\nThe Oxford Eagle Lafayette Commodores baseball wins against Water Valley & IAHS - The Oxford Eagle By Adam Brown Sports writer Lafayette Commodores (8-5) defeated Water Valley 24-10 on Wednesday night in an offensive game. Lafayette scored 12 runs in the first two innings with nine coming in the second. Water Valley answered with three runs of their own through the first three innings. The Commodores had a five-run fourth and and seven-run sixth. Water Valley had a five-run fifth against Lafayette. Lafayette had Easton Thompson on the mound f…\n1 hour ago Read Full Article\nThe Oxford Eagle\nLafayette Commodores baseball wins against Water Valley & IAHS - The Oxford Eagle By Adam Brown Sports writer Lafayette Commodores (8-5) defeated Water Valley 24-10 on Wednesday night in an offensive game. Lafayette scored 12 runs in the first two innings with nine coming in the second. Water Valley answered with three runs of their own through the first three innings. The Commodores had a five-run fourth and and seven-run sixth. Water Valley had a five-run fifth against Lafayette. Lafayette had Easton Thompson on the mound f…\n1 hour ago Read Full Article Think freely. Subscribe and get full access to Ground News Subscriptions start at $9.99/year Subscribe Ground News Article Assistant Not enough coverage to generate an Article Assistant.",
    "highlightText": "",
    "highlightTitle": "",
    "highlightThreadTitle": "",
    "language": "english",
    "sentiment": "positive",
    "categories": [
        "Sport",
        "Human Interest"
    ],
    "external_links": [
        "https://www.oxfordeagle.com/2024/03/14/150448/?utm_source=ground.news&utm_medium=referral",
        "https://www.oxfordeagle.com/2024/03/14/150448/",
        "https://oxfordeagle.com/2024/03/14/150448/?utm_source=ground.news&utm_medium=referral"
    ],
    "external_images": [],
    "entities": {
        "persons": [
            {
                "name": "luke anderson",
                "sentiment": "none"
            },
            {
                "name": "lafayette",
                "sentiment": "none"
            },
            {
                "name": "easton thompson",
                "sentiment": "none"
            }
        ],
        "organizations": [
            {
                "name": "ground news - lafayette commodores",
                "sentiment": "negative"
            },
            {
                "name": "water valley & iahs",
                "sentiment": "negative"
            },
            {
                "name": "ground news lafayette commodores",
                "sentiment": "negative"
            },
            {
                "name": "lafayette commodores",
                "sentiment": "none"
            },
            {
                "name": "commodores",
                "sentiment": "none"
            },
            {
                "name": "oxford eagle lafayette commodores",
                "sentiment": "none"
            },
            {
                "name": "water valley",
                "sentiment": "none"
            }
        ],
        "locations": [
            {
                "name": "lafayette",
                "sentiment": "none"
            },
            {
                "name": "water valley",
                "sentiment": "none"
            }
        ]
    },
    "rating": null,
    "crawled": "2024-03-15T00:26:33.397+02:00",
    "updated": "2024-03-15T00:26:33.397+02:00"
}