{
    "thread": {
        "uuid": "08030cb4a3898d964e87f1453698df925cddf72f",
        "url": "https://www.telecinco.es/outdoor/actualidad/20240314/violeta-mangrinan-detalle-look-recuerda-hijas-supervivientes_18_011978381.html",
        "site_full": "www.telecinco.es",
        "site": "telecinco.es",
        "site_section": "https://telecinco.es/outdoor",
        "site_categories": [
            "television",
            "non_standard_content",
            "entertainment"
        ],
        "section_title": "Outdoor | La vida de los famosos de Mediaset fuera de la tele - Telecinco",
        "title": "Violeta Mangriñán presume del detalle que le recuerda a sus hijas en su look de los Premios Ídolo",
        "title_full": "Violeta Mangriñán presume del detalle que le recuerda a sus hijas en su look de los Premios Ídolo",
        "published": "2024-03-14T23:33:00.000+02:00",
        "replies_count": 0,
        "participants_count": 1,
        "site_type": "news",
        "country": "ES",
        "main_image": "https://album.mediaset.es/eimg/2024/03/14/violeta-mangrinan_a84f.jpg",
        "performance_score": 0,
        "domain_rank": 7347,
        "domain_rank_updated": "2024-03-12T12:10:46.000+02:00",
        "reach": null,
        "social": {
            "facebook": {
                "likes": 0,
                "comments": 0,
                "shares": 0
            },
            "gplus": {
                "shares": 0
            },
            "pinterest": {
                "shares": 0
            },
            "linkedin": {
                "shares": 0
            },
            "stumbledupon": {
                "shares": 0
            },
            "vk": {
                "shares": 0
            }
        }
    },
    "uuid": "08030cb4a3898d964e87f1453698df925cddf72f",
    "url": "https://www.telecinco.es/outdoor/actualidad/20240314/violeta-mangrinan-detalle-look-recuerda-hijas-supervivientes_18_011978381.html",
    "ord_in_thread": 0,
    "parent_url": null,
    "author": "Ana Carrillo",
    "published": "2024-03-14T23:33:00.000+02:00",
    "title": "Violeta Mangriñán presume del detalle que le recuerda a sus hijas en su look de los Premios Ídolo",
    "text": "> La exconcursante de 'Supervivientes' ha confiado en Claro Couture para su look en los Premios Ídolo 2024, organizados por Dulceida A Violeta Mangriñán, que ha posado con Fabio Colloricchio, le encanta el vestido azul que ha lucido en la alfombra roja La influencer, ganadora del Premio Ídolo Lifestyle, ha llevado un detalle en su look para sentirse conectada con sus hijas, Gala y Gia Violeta Mangriñán ha vivido su gran noche en los Premios Ídolo 2024 porque se ha hecho con uno de los galardones más destacados de esta gala organizada por Dulceida para reconocer la labor de los creadores de contenido y es que la exconcursante de 'Supervivientes' se ha hecho con el Premio Ídolo en la categoría de Lifestyle , en la que estaba nominada junto a María Pombo, Marina Riverss y Elena Gortari .\n\"¡Todo el mundo saltando por Marta que es su cumple!\", ha comentado la influencer al subir a recoger su premio al Teatro Gran Príncipe Pío de Madrid, donde ha estado apoyándole Fabio Colloricchio, su novio y padre de sus dos hijas, que debido a su corta edad no han podido estar presentes en el patio de butacas siguiendo la gala: Gala va a cumplir dos años en julio y Gia solo tiene un mes y medio de vida.\nMÁS Verdeliss cuenta el problema que ha tenido con su look para los Premios Ídolo: \"No tenía un plan b\" Estela Grande destapa a la organización de los Premios Ídolo: \"Consideran que no cumplo con los estándares\" Nagore Robles y su look 'low cost' rosa que causó sensación en los Premios Ídolo No obstante, su madre las tenía muy presentes en todo momento porque ha decidido no quitarse los dos colgantes que lleva siempre con las iniciales de sus pequeñas . \"No me quito las cadenas de mis hijas aunque queden mal por si me dan suerte, quiero llevarlas conmigo\", confesaba antes de la gala la extronista de 'Mujeres y Hombres y Viceversa', a la que parece que le ha salido bien la jugada porque se ha llevado el premio más codiciado a casa.\nEl look de Violeta Mangriñán en los Premios Ídolo 2024 La influencer ha confiado en Claro Couture para esta noche tan especial y ha quedado encantada con el resultado, algo que ya sabían sus seguidores más fieles porque ella misma se lo había confesado unos días antes durante la prueba final. El vestido combina tonos azules, es vaporoso en la falda y en las mangas, se completa con fular en el mismo color y un corpiño que destaca respecto al resto de piezas.\nLos looks de Violeta Mangriñán y Fabio Colloricchio en los Premios Ídolo 2024 Instagram \"A juego con mis ojos\", ha comentado la valenciana, que ha completado su look con varios anillos y pulseras plateadas. Fabio Colloricchio le ha dado \"el visto bueno\" al estilismo . El cantante de 'Diablita Remix', por su parte, ha lucido un look 'total black' con chaqueta de cuero, gafas de sol y dos collares de cadenas.\nTemas Violeta Mangriñán Actualidad Famosos Premios Influencers",
    "highlightText": "",
    "highlightTitle": "",
    "highlightThreadTitle": "",
    "language": "spanish",
    "sentiment": "positive",
    "categories": [
        "Human Interest",
        "Lifestyle and Leisure",
        "Arts, Culture and Entertainment"
    ],
    "external_links": [],
    "external_images": [],
    "entities": {
        "persons": [],
        "organizations": [],
        "locations": []
    },
    "rating": null,
    "crawled": "2024-03-15T00:14:13.914+02:00",
    "updated": "2024-03-15T00:14:13.914+02:00"
}