{
    "thread": {
        "uuid": "6a752e69a69760f84987e413564d8ca2e4814447",
        "url": "https://www.timescolonist.com/indigenous-news/blue-jays-top-twins-5-1-earn-fourth-consecutive-pre-season-win-8446849",
        "site_full": "www.timescolonist.com",
        "site": "timescolonist.com",
        "site_section": "https://www.timescolonist.com/rss",
        "site_categories": [
            "media"
        ],
        "section_title": "Times Colonist: victoriatimescolonist",
        "title": "Blue Jays top Twins 5-1, earn fourth consecutive pre-season win",
        "title_full": "Blue Jays top Twins 5-1, earn fourth consecutive pre-season win",
        "published": "2024-03-15T00:20:00.000+02:00",
        "replies_count": 0,
        "participants_count": 1,
        "site_type": "news",
        "country": "CA",
        "main_image": "https://www.vmcdn.ca/f/files/shared/feeds/cp/2024/03/20240314170332-65f36d7793f706011c07b600jpeg.jpg;w=1200;h=800;mode=crop",
        "performance_score": 0,
        "domain_rank": 9456,
        "domain_rank_updated": "2024-03-12T12:10:46.000+02:00",
        "reach": null,
        "social": {
            "facebook": {
                "likes": 0,
                "comments": 0,
                "shares": 0
            },
            "gplus": {
                "shares": 0
            },
            "pinterest": {
                "shares": 0
            },
            "linkedin": {
                "shares": 0
            },
            "stumbledupon": {
                "shares": 0
            },
            "vk": {
                "shares": 0
            }
        }
    },
    "uuid": "6a752e69a69760f84987e413564d8ca2e4814447",
    "url": "https://www.timescolonist.com/indigenous-news/blue-jays-top-twins-5-1-earn-fourth-consecutive-pre-season-win-8446849",
    "ord_in_thread": 0,
    "parent_url": null,
    "author": "Canadian Press",
    "published": "2024-03-15T00:20:00.000+02:00",
    "title": "Blue Jays top Twins 5-1, earn fourth consecutive pre-season win",
    "text": "FORT MYERS, Fla. — Brian Serven hit a two-run homer in the third inning and the Toronto Blue Jays extended their win streak to four games with a 5-1 victory over the Minnesota Twins on Thursday in pre-season play.\nDavis Schneider contributed a run with a sacrifice fly, Rafael Lantigua added an RBI double, and Steward Berroa, with a bases-loaded walk, helped power the Toronto (10-9) attack.\nBowden Francis (2-1) threw two strikeouts and allowed four hits and one run in six innings starting on the mound for the Jays. Wes Parsons picked up the save, pitching the final three innings.\nEdouard Julien drove in Minnesota's (6-12) lone run with a single in the bottom of the third.\nStarting pitcher Bailey Ober (1-1) took the loss for the Twins. He surrendered three runs, four hits, and one walk, while recording three strikeouts in 2 2/3 innings of work.\nToronto next plays the Detroit Tigers on Friday in Dunedin, Fla.\nThis report by The Canadian Press was first published March 14, 2024.\nThe Canadian Press",
    "highlightText": "",
    "highlightTitle": "",
    "highlightThreadTitle": "",
    "language": "english",
    "sentiment": "positive",
    "categories": [
        "Human Interest",
        "Lifestyle and Leisure",
        "Sport"
    ],
    "external_links": [],
    "external_images": [],
    "entities": {
        "persons": [
            {
                "name": "brian serven",
                "sentiment": "negative"
            },
            {
                "name": "bowden francis",
                "sentiment": "none"
            },
            {
                "name": "davis schneider",
                "sentiment": "none"
            },
            {
                "name": "edouard julien",
                "sentiment": "none"
            },
            {
                "name": "bailey ober",
                "sentiment": "none"
            },
            {
                "name": "rafael lantigua",
                "sentiment": "none"
            },
            {
                "name": "wes parsons",
                "sentiment": "none"
            },
            {
                "name": "steward berroa",
                "sentiment": "none"
            }
        ],
        "organizations": [
            {
                "name": "blue jays top twins",
                "sentiment": "negative"
            },
            {
                "name": "toronto blue jays",
                "sentiment": "negative"
            },
            {
                "name": "detroit tigers",
                "sentiment": "none"
            },
            {
                "name": "the canadian press",
                "sentiment": "none"
            },
            {
                "name": "minnesota twins",
                "sentiment": "none"
            },
            {
                "name": "twins",
                "sentiment": "none"
            }
        ],
        "locations": [
            {
                "name": "fla.",
                "sentiment": "none"
            },
            {
                "name": "fort myers",
                "sentiment": "none"
            },
            {
                "name": "minnesota",
                "sentiment": "none"
            },
            {
                "name": "fla",
                "sentiment": "none"
            },
            {
                "name": "dunedin",
                "sentiment": "none"
            },
            {
                "name": "toronto",
                "sentiment": "none"
            }
        ]
    },
    "rating": null,
    "crawled": "2024-03-15T00:26:02.021+02:00",
    "updated": "2024-03-15T00:26:02.021+02:00"
}