{
    "thread": {
        "uuid": "ff1f9e510b9c6279418ab249bdcacc4538de7672",
        "url": "https://www.elpais.cr/2024/03/14/por-que-estudiamos",
        "site_full": "www.elpais.cr",
        "site": "elpais.cr",
        "site_section": "http://www.elpais.cr/feed",
        "site_categories": [
            "media"
        ],
        "section_title": "Diario Digital Nuestro País",
        "title": "¿Por qué estudiamos?",
        "title_full": "¿Por qué estudiamos?",
        "published": "2024-03-14T23:40:00.000+02:00",
        "replies_count": 0,
        "participants_count": 1,
        "site_type": "news",
        "country": "CR",
        "main_image": "https://www.elpais.cr/wp-content/uploads/2023/02/Estudiantes-de-Primaria.-ODI.jpg",
        "performance_score": 0,
        "domain_rank": 73202,
        "domain_rank_updated": "2024-03-12T12:13:34.000+02:00",
        "reach": null,
        "social": {
            "facebook": {
                "likes": 0,
                "comments": 0,
                "shares": 0
            },
            "gplus": {
                "shares": 0
            },
            "pinterest": {
                "shares": 0
            },
            "linkedin": {
                "shares": 0
            },
            "stumbledupon": {
                "shares": 0
            },
            "vk": {
                "shares": 0
            }
        }
    },
    "uuid": "ff1f9e510b9c6279418ab249bdcacc4538de7672",
    "url": "https://www.elpais.cr/2024/03/14/por-que-estudiamos",
    "ord_in_thread": 0,
    "parent_url": null,
    "author": "Por José Alberto Villalobos Morales",
    "published": "2024-03-14T23:40:00.000+02:00",
    "title": "¿Por qué estudiamos?",
    "text": "Estudiamos porque nos agrada crear y producir cosas y nos sentimos mejor cuando las hacemos bien.\n- ¿Cuál médico no quiere siempre salvar a sus pacientes?\n- ¿Qué arquitecto, o ingeniero no sueña con construir el más bello y funcional edificio?\n- Habrá algún artista que no se inspire con la bella música de Beethoven?\nHacer las cosas bien es el motor que mueve a cada individuo y por consiguiente a la humanidad. No se llega a hacer las cosas bien por pura genética, pero si es un factor importante. El éxito solo se alcanza con no menos de un 90% de esfuerzo personal. El resto es el aporte de nuestros ancestros, del entorno, compañeros, amigos, vecinos, la contribución del país y el patrimonio global de la humanidad.\nTanto usted como yo, estamos en capacidad de llegar a hacer buenas cosas, pero tenemos antes que aprender a hacerlas bien y esa es la principal razón por la que estudiamos todos los días. El inicio de sus estudios, en cualquier momento que ocurra puede marcar un momento importante para su vida.\nLa familia, la comunidad y el país están colaborando para que aprovechemos los seis años de la escuela y los cinco del colegio de la mejor manera, para que lleguemos a ser mejores ciudadanos y para que continuemos y definamos, con un poquito más de aprendizaje especializado, lo que vamos a hacer en el futuro cercano. Debemos aprovechar toda oportunidad para aprender, es la principal y a veces única responsabilidad de los estudiantes de todas las edades.\nHace unos años viví muy de cerca con estudiantes de colegio en otro país. Quedé sorprendido por la cantidad de actividades extracurriculares que por iniciativa propia y por placer, realizan en el colegio y en el barrio, después de las tres de la tarde.\nAprenden a tocar instrumentos musicales, entrenan para ser muy buenos deportistas, participan en la elaboración del periódico estudiantil, en clubes de arte, aprenden idiomas extranjeros, computación, hacen servicio comunal, y todo eso manteniendo buenas calificaciones -nada de notas en rojo-, por el contrario, son buenos y sobresalientes en todas las asignaturas.\nTambién observé que se miraba muy poca televisión y se leía mucho.\nComprobé además como los mayorcitos, hijos de pobres y de ricos por igual, realizaban algún tipo de actividad remunerada, buscada por ellos mismos para realizar en su tiempo libre, como dar tutorías a sus compañeros, entregar periódicos, colaboran en oficinas, tiendas o supermercados y ayudar a ancianos, aunque sea una o dos horas por semana, sin interferir en lo más mínimo con sus obligaciones escolares. Esto los pone en contacto con la realidad que vive su comunidad y no sueñan con la fantasía utópica de que papá, mamá y el gobierno deben darles todo. También les enseña el valor del trabajo y del esfuerzo que debe hacerse para lograr metas, por simples que sean.\nNo parece lógico entonces, que en Costa Rica, un país con más necesidad de buenos aportes de sus ciudadanos, concluyamos con un bachillerato y lo único que sepamos hacer es, medio tener la capacidad para seguir estudiando, en un sistema de enseñanza superior que parece cada vez más bajar sus estándares y calidad.\nEn once años de nuestra vida podemos lograr cosas extraordinarias, si los aprovechamos para alcanzar un aprendizaje amplio, que sirva para realizar nuestro aporte de la sociedad.\nPor favor, no los desperdiciemos, porque nosotros mismos, nuestra familia y el país, necesita de ese aporte tan pronto tengamos la capacidad requerida para hacer bien las cosas.\nCumpliré 81 y aún disfruto el estudio, el aprendizaje, hacer y compartir -todos los días-.\n(*) José Alberto Villalobos Morales es asesor en Física y Astronomía.",
    "highlightText": "",
    "highlightTitle": "",
    "highlightThreadTitle": "",
    "language": "spanish",
    "sentiment": "positive",
    "categories": [
        "Human Interest",
        "Health",
        "Education"
    ],
    "external_links": [],
    "external_images": [],
    "entities": {
        "persons": [],
        "organizations": [],
        "locations": []
    },
    "rating": null,
    "crawled": "2024-03-15T00:23:41.421+02:00",
    "updated": "2024-03-15T00:23:41.421+02:00"
}