{
    "thread": {
        "uuid": "48d38ac6a59e4f3b721596a0a6bc15f441e641ab",
        "url": "http://business.dailytimesleader.com/dailytimesleader/article/abnewswire-2024-3-14-leah-wise-law-firm-earns-2024-stellar-business-award-for-best-100-female-run-law-firm-in-south-texas",
        "site_full": "business.dailytimesleader.com",
        "site": "dailytimesleader.com",
        "site_section": "http://business.dailytimesleader.com/dailytimesleader/markets/news",
        "site_categories": [],
        "section_title": "Stock Market News | NSDQ, NYSE, and AMEX Stock Market News, Market News Categories, Market Indicators | User | dailytimesleader.com ",
        "title": "Leah Wise Law Firm Earns 2024 Stellar Business Award for Best 100% Female-Run Law Firm in South Texas | User | dailytimesleader.com",
        "title_full": "Leah Wise Law Firm Earns 2024 Stellar Business Award for Best 100% Female-Run Law Firm in South Texas | User | dailytimesleader.com",
        "published": "2024-03-14T02:00:00.000+02:00",
        "replies_count": 0,
        "participants_count": 1,
        "site_type": "news",
        "country": "US",
        "main_image": "",
        "performance_score": 0,
        "domain_rank": 83689,
        "domain_rank_updated": "2024-03-12T12:13:38.000+02:00",
        "reach": null,
        "social": {
            "facebook": {
                "likes": 0,
                "comments": 0,
                "shares": 0
            },
            "gplus": {
                "shares": 0
            },
            "pinterest": {
                "shares": 0
            },
            "linkedin": {
                "shares": 0
            },
            "stumbledupon": {
                "shares": 0
            },
            "vk": {
                "shares": 0
            }
        }
    },
    "uuid": "48d38ac6a59e4f3b721596a0a6bc15f441e641ab",
    "url": "http://business.dailytimesleader.com/dailytimesleader/article/abnewswire-2024-3-14-leah-wise-law-firm-earns-2024-stellar-business-award-for-best-100-female-run-law-firm-in-south-texas",
    "ord_in_thread": 0,
    "parent_url": null,
    "author": "AB Newswire",
    "published": "2024-03-14T02:00:00.000+02:00",
    "title": "Leah Wise Law Firm Earns 2024 Stellar Business Award for Best 100% Female-Run Law Firm in South Texas | User | dailytimesleader.com",
    "text": "McAllen, Texas - Leah Wise, Esq., founder and owner of Leah Wise Law Firm, PLLC , has been recognized as a leader in the legal industry, earning the esteemed 2024 Stellar Business Award for Best 100% Female-Run Law Firm in South Texas . With a commitment to excellence and a track record of delivering exceptional legal services, Leah Wise and her team stand out as a premier choice for individuals seeking representation in personal injury matters.\nSpecializing in personal injury law, Leah Wise Law Firm has garnered the trust of numerous clients who have benefitted from Wise's expertise and dedication. Handling a wide range of cases, including truck, car, motorcycle, oilfield, and construction accidents, as well as premises and product liability, Wise and her team have secured millions of dollars in compensation for injured individuals and their families. Her firm also handles cases related to dog bites, catastrophic injuries, work-related injuries, and wrongful death.\n“I am thrilled and deeply honored to receive the 2024 Stellar Business Award for Best 100% Female-Run Law Firm in South Texas. This award reaffirms our commitment to providing exceptional legal services while championing diversity and female leadership in the legal profession,” shared Wise.\nThe selection committee for the Stellar Business Awards evaluated numerous outstanding providers before unanimously choosing Leah Wise Law Firm as the official winner. Criteria for selection included exceptional customer service, superb results, ethical practices, and a commitment to diversity and equity.\n\"As the top 100% Female-Run Law Firm in South Texas, Leah Wise and her team exemplify excellence in the legal profession,\" remarked a spokesperson for the Stellar Business Awards.\nIn recognition of their achievement, Leah Wise Law Firm, PLLC, has received a series of accolades, including a public announcement on the Stellar Business Awards website, social media recognition on platforms such as LinkedIn, Instagram, and Facebook, a physical certificate signed by the selection committee, and a trophy symbolizing their excellence in the field of law.\nFor individuals seeking unparalleled legal representation in South Texas, Leah Wise Law Firm offers a diverse and experienced team committed to achieving justice for their clients. To learn more about Leah Wise Law Firm and their services, visit their website at https://www.956abogada.com/ .\nAbout Leah Wise:\nLeah Wise is a trailblazing entrepreneur and attorney, dedicated to empowering Latinas and advocating for women's rights. She is the founder and owner of Leah Wise Law Firm, PLLC, the first Latina-owned law firm in South Texas specializing in personal injury cases. With a proven track record of securing millions of dollars in settlements for her clients, Leah has been recognized as one of the best lawyers in the nation for her remarkable achievements. She is also the proud owner of Leah Wise Enterprises, LLC, a real estate investment company, and CrashGal Couture, LLC, a clothing line. In addition, Leah is actively involved in community initiatives, including the co-founding of \"Latina Feature Friday\" to promote Latina-owned businesses, running mentorship programs for aspiring Latina lawyers and entrepreneurs. Her dedication to education and empowerment led her to establish the Leah Wise Latina Student Hardship Fund, pledging $50,000 to support Latina law students facing financial challenges at St. Mary's University School of Law. Leah's commitment to women's empowerment extends beyond her professional endeavors, as she passionately advocates for gender equality nationwide.\nMedia Contact\nCompany Name: Otter PR\nContact Person: Gabrielle Lask\nEmail: Send Email\nCity: Orlando\nState: Florida\nCountry: United States\nWebsite: OtterPR.com\nData & News supplied by www.cloudquote.io\nStock quotes supplied by Barchart\nQuotes delayed at least 20 minutes.\nBy accessing this page, you agree to the following\nPrivacy Policy and Terms and Conditions .",
    "highlightText": "",
    "highlightTitle": "",
    "highlightThreadTitle": "",
    "language": "english",
    "sentiment": "positive",
    "categories": [
        "Human Interest",
        "Economy, Business and Finance",
        "Crime, Law and Justice"
    ],
    "external_links": [
        "https://www.956abogada.com/",
        "https://tracking.newsrpm.com/pixel?slug=abnewswire-2024-3-14-leah-wise-law-firm-earns-2024-stellar-business-award-for-best-100-female-run-law-firm-in-south-texas",
        "https://www.abnewswire.com/email_contact_us.php?pr=leah-wise-law-firm-earns-2024-stellar-business-award-for-best-100-femalerun-law-firm-in-south-texas",
        "https://www.cloudquote.io",
        "https://www.googletagmanager.com/gtag/js?id=UA-8590502-3",
        "https://stellarbusiness.com/awards/leah-wise-law-firm/",
        "https://www.abnewswire.com/companyname/OtterPR.com_65283.html",
        "http://OtterPR.com",
        "https://www.cloudquote.io/article/5",
        "https://www.cloudquote.io/article/6",
        "https://www.abnewswire.com/press_stat.php?pr=leah-wise-law-firm-earns-2024-stellar-business-award-for-best-100-femalerun-law-firm-in-south-texas",
        "https://www.abnewswire.com/email_contact_us.php",
        "https://www.googletagmanager.com/gtag/js",
        "https://cloudquote.io/article/5",
        "https://stellarbusiness.com/awards/leah-wise-law-firm",
        "https://www.956abogada.com",
        "https://www.tracking.newsrpm.com/pixel?slug=abnewswire-2024-3-14-leah-wise-law-firm-earns-2024-stellar-business-award-for-best-100-female-run-law-firm-in-south-texas",
        "https://tracking.newsrpm.com/pixel",
        "https://googletagmanager.com/gtag/js?id=UA-8590502-3",
        "https://cloudquote.io",
        "http://www.OtterPR.com",
        "https://abnewswire.com/press_stat.php?pr=leah-wise-law-firm-earns-2024-stellar-business-award-for-best-100-femalerun-law-firm-in-south-texas",
        "https://abnewswire.com/companyname/OtterPR.com_65283.html",
        "https://abnewswire.com/email_contact_us.php?pr=leah-wise-law-firm-earns-2024-stellar-business-award-for-best-100-femalerun-law-firm-in-south-texas",
        "https://956abogada.com/",
        "https://www.abnewswire.com/press_stat.php",
        "https://www.stellarbusiness.com/awards/leah-wise-law-firm/",
        "https://cloudquote.io/article/6"
    ],
    "external_images": [],
    "entities": {
        "persons": [
            {
                "name": "leah wise",
                "sentiment": "negative"
            },
            {
                "name": "leah wise law firm",
                "sentiment": "negative"
            },
            {
                "name": "leah wise law",
                "sentiment": "negative"
            },
            {
                "name": "wise",
                "sentiment": "none"
            }
        ],
        "organizations": [
            {
                "name": "pllc",
                "sentiment": "negative"
            }
        ],
        "locations": [
            {
                "name": "mcallen",
                "sentiment": "none"
            },
            {
                "name": "texas",
                "sentiment": "none"
            },
            {
                "name": "south texas",
                "sentiment": "none"
            },
            {
                "name": "esq.",
                "sentiment": "none"
            }
        ]
    },
    "rating": null,
    "crawled": "2024-03-15T00:14:41.077+02:00",
    "updated": "2024-03-15T00:14:41.077+02:00"
}