{
    "thread": {
        "uuid": "f7863f351c68e78e5beb0aead5a994468e9af51f",
        "url": "https://ndmais.com.br/seguranca/video-cachorro-e-abandonado-por-mulher-na-rua-mas-tem-final-feliz-em-chapeco",
        "site_full": "ndmais.com.br",
        "site": "ndmais.com.br",
        "site_section": "https://www.ndmais.com.br/feed",
        "site_categories": [
            "non_standard_content",
            "adult"
        ],
        "section_title": "ND Mais",
        "title": "VÍDEO: Cachorro é abandonado por mulher na rua, mas tem final feliz em Chapecó",
        "title_full": "VÍDEO: Cachorro é abandonado por mulher na rua, mas tem final feliz em Chapecó",
        "published": "2024-03-14T23:51:00.000+02:00",
        "replies_count": 0,
        "participants_count": 1,
        "site_type": "news",
        "country": "BR",
        "main_image": "https://static.ndmais.com.br/2024/03/capa-1200x675.jpeg",
        "performance_score": 0,
        "domain_rank": 63402,
        "domain_rank_updated": "2024-03-12T12:13:34.000+02:00",
        "reach": null,
        "social": {
            "facebook": {
                "likes": 0,
                "comments": 0,
                "shares": 0
            },
            "gplus": {
                "shares": 0
            },
            "pinterest": {
                "shares": 0
            },
            "linkedin": {
                "shares": 0
            },
            "stumbledupon": {
                "shares": 0
            },
            "vk": {
                "shares": 0
            }
        }
    },
    "uuid": "f7863f351c68e78e5beb0aead5a994468e9af51f",
    "url": "https://ndmais.com.br/seguranca/video-cachorro-e-abandonado-por-mulher-na-rua-mas-tem-final-feliz-em-chapeco",
    "ord_in_thread": 0,
    "parent_url": null,
    "author": "Angela Bueno",
    "published": "2024-03-14T23:51:00.000+02:00",
    "title": "VÍDEO: Cachorro é abandonado por mulher na rua, mas tem final feliz em Chapecó",
    "text": "Câmeras de segurança flagraram o abandono de um cachorro na rua Adolfo Mass, no bairro Efapi em\nChapecó, no Oeste de Santa Catarina. Uma mulher para o carro, deixa o pequeno cão e vai embora na quinta-feira (7). A Polícia Civil instaurou um inquérito para apurar a denúncia sobre maus-tratos ao animal.\nO delegado Éder Matte explica que a mulher foi identificada e ouvida pela\nPolícia Civil. O abandono de animais prevê punição ao autor com reclusão de dois a cinco anos.\nCachorro segue o carro\nNo vídeo é possível observar que o cão tenta seguir o veículo por alguns metros, porém sem sucesso e fica no local. O delegado informou que o animal foi encontrado, está bem e já tem um novo lar.\nA denúncia chegou até a delegacia de Polícia Civil por meio do Napa e da Guarda Municipal, que foram acionados por vizinhos.\nDelegado faz um alerta sobre o abandono\nO delegado explica que o vídeo teve uma grande repercussão nas redes sociais e alerta que abandono de animais é crime previsto em lei. “Animal de estimação não é um objeto, é uma vida que sofre com o abandono”, completa a Polícia Civil.",
    "highlightText": "",
    "highlightTitle": "",
    "highlightThreadTitle": "",
    "language": "portuguese",
    "sentiment": "positive",
    "categories": [
        "Human Interest"
    ],
    "external_links": [
        "https://pc.sc.gov.br/",
        "https://pc.sc.gov.br",
        "https://www.pc.sc.gov.br/"
    ],
    "external_images": [],
    "entities": {
        "persons": [],
        "organizations": [],
        "locations": []
    },
    "rating": null,
    "crawled": "2024-03-15T00:01:26.383+02:00",
    "updated": "2024-03-15T00:01:26.383+02:00"
}