{
    "thread": {
        "uuid": "b86e433e171539ca6bc2a5d29421a3e01bcfc118",
        "url": "https://bnnbreaking.com/world/us/gwyneth-paltrow-reunites-with-childhood-friend-mary-wigmore-for-coffee-in-la",
        "site_full": "bnnbreaking.com",
        "site": "bnnbreaking.com",
        "site_section": "https://bnnbreaking.com/rss",
        "site_categories": [],
        "section_title": "BNN : Latest Posts",
        "title": "Gwyneth Paltrow Reunites with Childhood Friend Mary Wigmore for Coffee in LA",
        "title_full": "Gwyneth Paltrow Reunites with Childhood Friend Mary Wigmore for Coffee in LA",
        "published": "2024-03-15T00:23:00.000+02:00",
        "replies_count": 0,
        "participants_count": 1,
        "site_type": "news",
        "country": "US",
        "main_image": "https://img-cdn.thepublive.com/fit-in/1200x675/bnn/media/media_files/30b3da4524374fef5c7bd81286cb35111e36671a4be7a15d28d29463c7fda34f.jpg",
        "performance_score": 0,
        "domain_rank": 13578,
        "domain_rank_updated": "2024-03-12T12:10:46.000+02:00",
        "reach": null,
        "social": {
            "facebook": {
                "likes": 0,
                "comments": 0,
                "shares": 0
            },
            "gplus": {
                "shares": 0
            },
            "pinterest": {
                "shares": 0
            },
            "linkedin": {
                "shares": 0
            },
            "stumbledupon": {
                "shares": 0
            },
            "vk": {
                "shares": 0
            }
        }
    },
    "uuid": "b86e433e171539ca6bc2a5d29421a3e01bcfc118",
    "url": "https://bnnbreaking.com/world/us/gwyneth-paltrow-reunites-with-childhood-friend-mary-wigmore-for-coffee-in-la",
    "ord_in_thread": 0,
    "parent_url": null,
    "author": "Dil Bar Irshad",
    "published": "2024-03-15T00:23:00.000+02:00",
    "title": "Gwyneth Paltrow Reunites with Childhood Friend Mary Wigmore for Coffee in LA",
    "text": "Gwyneth Paltrow was spotted enjoying a warm coffee catch-up with her childhood best friend, Mary Wigmore , in Los Angeles, showcasing the enduring nature of their friendship. The pair, both aged 51, were seen walking out of a café in casual attire, deeply engrossed in conversation. This meet-up highlights the significant role lifelong friendships play in Paltrow's life, a sentiment she has openly shared in the past, emphasizing the laughter and shared stories that have bonded them through the years.\nAdvertisment Enduring Bonds of Friendship The relationship between Gwyneth Paltrow and Mary Wigmore stretches back to their early childhood, with their friendship beginning on the first day of kindergarten. Over the years, Paltrow has often expressed how her circle of lifelong friends, including Wigmore, has been a cornerstone of her emotional support system. Their recent outing in Los Angeles serves as a testament to the strength and longevity of their bond, displaying the effortless connection they share.\nWigmore's Multifaceted Career in Hollywood Advertisment Mary Wigmore has carved out a successful career in Hollywood, not just as an actress in films like 'Shallow Hal' and 'The Royal Tenenbaums' but also as a director. Her directorial ventures include an episode of 'American Horror Story' and '9-1-1'. Furthermore, Wigmore has directed several music videos for Coldplay, showcasing her versatility and talent in the entertainment industry. Her contributions to Paltrow's lifestyle brand, Goop, further illustrate the multifaceted nature of her career.\nThe Power of Lifelong Friendships Gwyneth Paltrow's recent catch-up with Mary Wigmore in Los Angeles underscores the importance of maintaining lifelong friendships. Paltrow's acknowledgment of the positive impact these relationships have had on her life echoes the sentiment that genuine friendships can provide unparalleled emotional support and joy. This outing not only highlights the personal connection between Paltrow and Wigmore but also serves as a reminder of the value of nurturing deep, lasting friendships.\nThe reunion of Gwyneth Paltrow and Mary Wigmore over coffee in Los Angeles not only provides a glimpse into their enduring friendship but also shines a light on the roles such relationships play in our lives. As Paltrow continues to navigate her multifaceted career in the public eye, her connection with Wigmore and other lifelong friends remains a grounding force, reminding us all of the priceless value of deep, enduring friendships.",
    "highlightText": "",
    "highlightTitle": "",
    "highlightThreadTitle": "",
    "language": "english",
    "sentiment": "positive",
    "categories": [
        "Human Interest"
    ],
    "external_links": [
        "https://www.dailymail.co.uk/tvshowbiz/article-13198925/Gwyneth-Paltrow-coffee-childhood-bestie-Mary-Wigmore.html",
        "https://dailymail.co.uk/tvshowbiz/article-13198925/Gwyneth-Paltrow-coffee-childhood-bestie-Mary-Wigmore.html"
    ],
    "external_images": [],
    "entities": {
        "persons": [
            {
                "name": "mary wigmore",
                "sentiment": "negative"
            },
            {
                "name": "mary wig",
                "sentiment": "negative"
            },
            {
                "name": "wigmore",
                "sentiment": "none"
            }
        ],
        "organizations": [
            {
                "name": "hollywood advertisment mary wigmore",
                "sentiment": "none"
            }
        ],
        "locations": [
            {
                "name": "la gwyneth paltrow",
                "sentiment": "none"
            },
            {
                "name": "paltrow",
                "sentiment": "none"
            },
            {
                "name": "los angeles",
                "sentiment": "none"
            },
            {
                "name": "gwyneth paltrow",
                "sentiment": "none"
            }
        ]
    },
    "rating": null,
    "crawled": "2024-03-15T00:26:06.455+02:00",
    "updated": "2024-03-15T00:26:06.455+02:00"
}