{
    "thread": {
        "uuid": "b716f8d400e63a64e3a63a60ba66aff6d4d50386",
        "url": "https://www.eluniversal.com.mx/nacion/segob-reconoce-a-evelyn-salgado-por-aceptar-renuncias-de-funcionarios-de-guerrero",
        "site_full": "www.eluniversal.com.mx",
        "site": "eluniversal.com.mx",
        "site_section": "http://eluniversal.com.mx/edomex",
        "site_categories": [
            "media",
            "top_news"
        ],
        "section_title": "Edomex | El Universal",
        "title": "Segob reconoce a Evelyn Salgado por aceptar renuncias de funcionarios de Guerrero | El Universal",
        "title_full": "Segob reconoce a Evelyn Salgado por aceptar renuncias de funcionarios de Guerrero | El Universal",
        "published": "2024-03-14T02:00:00.000+02:00",
        "replies_count": 0,
        "participants_count": 1,
        "site_type": "news",
        "country": "MX",
        "main_image": "https://www.eluniversal.com.mx/resizer/61aEEIg6I6lTGrOvwM4_HSD0f4U=/980x528/cloudfront-us-east-1.images.arcpublishing.com/eluniversal/HP6LJA4ECJFAZLP2QKGPX6QXHY.jpg",
        "performance_score": 0,
        "domain_rank": 3690,
        "domain_rank_updated": "2024-03-12T12:10:46.000+02:00",
        "reach": null,
        "social": {
            "facebook": {
                "likes": 0,
                "comments": 0,
                "shares": 0
            },
            "gplus": {
                "shares": 0
            },
            "pinterest": {
                "shares": 0
            },
            "linkedin": {
                "shares": 0
            },
            "stumbledupon": {
                "shares": 0
            },
            "vk": {
                "shares": 0
            }
        }
    },
    "uuid": "b716f8d400e63a64e3a63a60ba66aff6d4d50386",
    "url": "https://www.eluniversal.com.mx/nacion/segob-reconoce-a-evelyn-salgado-por-aceptar-renuncias-de-funcionarios-de-guerrero",
    "ord_in_thread": 0,
    "parent_url": null,
    "author": "Eduardo Dina",
    "published": "2024-03-14T02:00:00.000+02:00",
    "title": "Segob reconoce a Evelyn Salgado por aceptar renuncias de funcionarios de Guerrero | El Universal",
    "text": "Más Información [Las dos verduras que debes combinar en un jugo para acabar con los problemas de gastritis, agruras, reflujo y acidez](/tendencias/las-dos-verduras-que-debes-combinar-en-un-jugo-para-acabar-con-los-problemas-de-gastritis-agruras-reflujo-y-acidez/) Luisa María Alcalde, titular de la Secretaría de Gobernación (Segob), reconoció a la gobernadora de Guerrero, Evelyn Salgado, por aceptar la renuncia del secretario de Gobierno , Ludwig Marcial Reynoso, y el de Seguridad Pública, Rolando Solano Rivera, así como la petición de remoción de la fiscal Sandra Luz Valdovinos Salmerón. Esto por el asesinato del normalista Yanqui Kothan Gómez Peralta y los hechos de violencia registrados en el estado. La titular de la Segob reconoció el compromiso de la gobernadora Salgado \"con la justicia, la transparencia y el combate a la impunidad\". Lee también Renuncian secretarios de Gobierno y de Seguridad de Guerrero por muerte del normalista Yanqui Khotan \"La decisión de aceptar las renuncias de los Secretarios de Gobierno y de Seguridad, así como la remoción de la Fiscal, son determinaciones valientes que ayudarán a garantizar una investigación imparcial\", destacó Alcalde. La secretaria de Gobernación refrendó el apoyo a la gobernadora apoyando y la total coordinación con el gobierno de Guerrero \"para garantizar la paz y la tranquilidad de las y los guerrerenses\". La gobernadora del Guerrero, Evelyn Salgado, informó que el secretario de Gobierno, Ludwig Marcial Reynoso, y el de Seguridad Pública, Rolando Solano Rivera, presentaron su renuncia al cargo. Su renuncia se debió al asesinato del normalista de Ayotzinapa, Yaqui Kothan Gómez Peralta, y los recientes hechos de violencia que se han registrado en la entidad. Asimismo, dijo que solicitará al Congreso local la remoción de la fiscal general del estado, la teniente coronel Sandra Luz Valdovinos Salmerón. Lee también Un balazo en la cabeza recibió Yanqui Khotan, normalista Únete a nuestro canal ¡EL UNIVERSAL ya está en Whatsapp!, desde tu dispositivo móvil entérate de las noticias más relevantes del día, artículos de opinión, entretenimiento, tendencias y más. bmc/rmlgv",
    "highlightText": "",
    "highlightTitle": "",
    "highlightThreadTitle": "",
    "language": "spanish",
    "sentiment": "positive",
    "categories": [
        "Human Interest",
        "Politics"
    ],
    "external_links": [
        "https://whatsapp.com/channel/0029Va4lfJc1CYoM1R8IT71e/",
        "https://www.whatsapp.com/channel/0029Va4lfJc1CYoM1R8IT71e/",
        "https://whatsapp.com/channel/0029Va4lfJc1CYoM1R8IT71e"
    ],
    "external_images": [],
    "entities": {
        "persons": [],
        "organizations": [],
        "locations": []
    },
    "rating": null,
    "crawled": "2024-03-15T00:25:53.857+02:00",
    "updated": "2024-03-15T00:32:17.072+02:00"
}