{
    "thread": {
        "uuid": "461162bc5387d275831c9deee913c9b1a91c34f2",
        "url": "https://www.diariopopular.com.ar/espectaculos/asi-es-la-soplada-la-exclusiva-isla-donde-se-aloja-margot-robbie-argentina-n777514",
        "site_full": "www.diariopopular.com.ar",
        "site": "diariopopular.com.ar",
        "site_section": "https://diariopopular.com.ar",
        "site_categories": [
            "under_construction",
            "non_standard_content"
        ],
        "section_title": "Home - Diario Popular",
        "title": "Así es La Soplada, la exclusiva isla donde se aloja Margot Robbie en Argentina",
        "title_full": "Así es La Soplada, la exclusiva isla donde se aloja Margot Robbie en Argentina",
        "published": "2024-03-14T02:00:00.000+02:00",
        "replies_count": 0,
        "participants_count": 1,
        "site_type": "news",
        "country": "AR",
        "main_image": "https://media.diariopopular.com.ar/p/c76acdc3b90f8c49adc11c2f2309fb90/adjuntos/143/imagenes/008/139/0008139559/1200x675/smart/margot-robbie-en-la-cabana-de-francis-mallmann-20240314-1770199jpg.jpg",
        "performance_score": 0,
        "domain_rank": 77469,
        "domain_rank_updated": "2024-03-12T12:13:38.000+02:00",
        "reach": null,
        "social": {
            "facebook": {
                "likes": 0,
                "comments": 0,
                "shares": 0
            },
            "gplus": {
                "shares": 0
            },
            "pinterest": {
                "shares": 0
            },
            "linkedin": {
                "shares": 0
            },
            "stumbledupon": {
                "shares": 0
            },
            "vk": {
                "shares": 0
            }
        }
    },
    "uuid": "461162bc5387d275831c9deee913c9b1a91c34f2",
    "url": "https://www.diariopopular.com.ar/espectaculos/asi-es-la-soplada-la-exclusiva-isla-donde-se-aloja-margot-robbie-argentina-n777514",
    "ord_in_thread": 0,
    "parent_url": null,
    "author": "diariopopular",
    "published": "2024-03-14T02:00:00.000+02:00",
    "title": "Así es La Soplada, la exclusiva isla donde se aloja Margot Robbie en Argentina",
    "text": "\"La Soplada\" ubicado en una remota isla de la provincia de Chubut, fue el lugar elegido para unas vacaciones con su pareja y amigos.\nEn los últimos días se dio a conocer la noticia que la reconocida actriz de Hollywood Margot Robbie fue vista en el Aeropuerto Internacional General Mosconi, de Comodoro Rivadavia, y las imágenes generaron furor entre los fanáticos.\nSegún ADN Sur, un medio local de Chubut , la australiana fue vista la tarde de este martes por las calles de la ciudad de Rada Tilly, situada a 15 km al sur del centro de Comodoro.\nADEMÁS: Margot Robbie está de nuevo en Argentina: todos los detalles de su viaje Las informaciones filtradas indican que la actriz no viajó sola, sino que estaba con su marido, el productor Tom Ackerley , “y un grupo de amigos”. Por último, “se marchó acompañada por un seguridad, mientras que sus acompañantes se quedaron en el restaurante hasta las 16″.\nGIjxSWAWMAE0H0F.jpg Así es “La Soplada”, la isla de Francis Mallmann La cabaña “La Soplada” está ubicada en una isla en el lago La Plata . Se trata de una inmensa, rústica y lujosa mansión de estilo netamente patagónico, la cual está rodeada por altos árboles de lenga.\nGIojDRpWsAAgpoj.jpg La propiedad pertenece al reconocido cocinero Francis Mallmann . Hospedarse allí incluye una experiencia completa de comida de primer nivel , paisajes imponentes y una vista paradisíaca. La desconexión es absoluta: no hay wifi ni acceso a telefonía.\nGIojGS3WMAAEnsr.jpg “Francis Mallmann acepta huéspedes en su porción de la Patagonia para una experiencia de seis noches y siete días con clases diarias de cocina a fuego abierto. Con la guía del famoso chef mundialmente famoso, domina las brasas, las llamas y el humo mientras transformas ingredientes locales simples en comidas increíblemente deliciosas” , dice la web.\nGIojHZYWwAAJjrN.png Hay dos contactos telefónicos para hacer reservas, uno con sede en Inglaterra y otro en Estados Unidos. El precio es de US$14.000 por noche y por persona , dentro de un grupo de hasta ocho personas. Recién hay fechas disponibles para abril.\nGIojIZ6XcAAqvua.png\nVideos relacionados: Aparecen en esta nota: Margot Robbie Chubut Francis Mallmann",
    "highlightText": "",
    "highlightTitle": "",
    "highlightThreadTitle": "",
    "language": "spanish",
    "sentiment": "positive",
    "categories": [
        "Lifestyle and Leisure",
        "Human Interest"
    ],
    "external_links": [
        "https://twitter.com/intent/tweet?url=https://www.diariopopular.com.ar/c777514&via=poopulardiario&related=Popular&text=",
        "https://twitter.com/intent/tweet?url=https://diariopopular.com.ar/c777514&via=poopulardiario&related=Popular&text=",
        "https://twitter.com/intent/tweet"
    ],
    "external_images": [],
    "entities": {
        "persons": [],
        "organizations": [],
        "locations": []
    },
    "rating": null,
    "crawled": "2024-03-15T00:07:43.095+02:00",
    "updated": "2024-03-15T00:07:43.095+02:00"
}