{
    "thread": {
        "uuid": "6d0b51a3a4a6272b1b0c02acee3835b04a7bcb9e",
        "url": "https://www.elimparcial.com:443/espectaculos/2024/03/14/kali-uchis-y-don-toliver-celebran-la-llegada-de-su-primer-hijo",
        "site_full": "www.elimparcial.com",
        "site": "elimparcial.com",
        "site_section": "https://elimparcial.com/mexicali",
        "site_categories": [
            "media"
        ],
        "section_title": "Noticias de Mexicali | El Imparcial",
        "title": "Kali Uchis y Don Toliver celebran la llegada de su primer hijo | Noticias de México | El Imparcial",
        "title_full": "Kali Uchis y Don Toliver celebran la llegada de su primer hijo | Noticias de México | El Imparcial",
        "published": "2024-03-15T00:13:00.000+02:00",
        "replies_count": 0,
        "participants_count": 1,
        "site_type": "news",
        "country": "MX",
        "main_image": "",
        "performance_score": 0,
        "domain_rank": 33238,
        "domain_rank_updated": "2024-03-12T12:10:46.000+02:00",
        "reach": null,
        "social": {
            "facebook": {
                "likes": 0,
                "comments": 0,
                "shares": 0
            },
            "gplus": {
                "shares": 0
            },
            "pinterest": {
                "shares": 0
            },
            "linkedin": {
                "shares": 0
            },
            "stumbledupon": {
                "shares": 0
            },
            "vk": {
                "shares": 0
            }
        }
    },
    "uuid": "6d0b51a3a4a6272b1b0c02acee3835b04a7bcb9e",
    "url": "https://www.elimparcial.com:443/espectaculos/2024/03/14/kali-uchis-y-don-toliver-celebran-la-llegada-de-su-primer-hijo",
    "ord_in_thread": 0,
    "parent_url": null,
    "author": "Kimberly Salazar",
    "published": "2024-03-15T00:13:00.000+02:00",
    "title": "Kali Uchis y Don Toliver celebran la llegada de su primer hijo | Noticias de México | El Imparcial",
    "text": "Kali Uchis y Don Toliver celebran la llegada de su primer hijo La noticia fue compartida por Uchis en Instagram, donde reveló las primeras imágenes del recién nacido. Hermosillo, Sonora.- Kali Uchis, conocida por éxitos como “Telepatía” y “Te mata”, ha dado la bienvenida a su primer hijo junto al cantante estadounidense Don Toliver. La noticia fue revelada mediante un video compartido en redes sociales, en el cual se observan algunas imágenes de ambos padres con el recién nacido; incluso dejaron ver por un momento sus pequeños pies. La artista expresó su gratitud y alegría por la llegada del pequeño. Toliver también compartió su emoción, jugando con las manitas del bebé y mostrando cariño a [ Uchis.](https://www.elimparcial.com/espectaculos/2024/01/11/kali-uchis-esta-embarazada-esperando-su-primer-hijo-con-don-toliver/) — “Eres todo lo que podríamos haber esperado y más. Gracias Dios por nuestro hermoso y saludable bebé, y gracias a todos por la buena energía a lo largo del camino. Que nuestro hogar y sus hogares sean bendecidos para siempre con paz, felicidad y salud”, se lee en el post de Instagram. Los seguidores de la pareja se unieron a la celebración, llenando las [redes sociales ](https://www.elimparcial.com/mexico/2024/03/14/este-es-el-plan-de-morena-para-evitar-guerra-sucia-en-redes/)con mensajes positivos y muestras de cariño hacia la nueva familia.",
    "highlightText": "",
    "highlightTitle": "",
    "highlightThreadTitle": "",
    "language": "spanish",
    "sentiment": "positive",
    "categories": [
        "Human Interest"
    ],
    "external_links": [],
    "external_images": [],
    "entities": {
        "persons": [],
        "organizations": [],
        "locations": []
    },
    "rating": null,
    "crawled": "2024-03-15T00:23:56.262+02:00",
    "updated": "2024-03-15T00:23:56.262+02:00"
}