{
    "thread": {
        "uuid": "ff46bef20bc50b1368d1617709837785b422af9f",
        "url": "http://business.theeveningleader.com/theeveningleader/article/abnewswire-2024-3-14-invest-wealth-summit-2024-breaking-free-from-wall-street-in-san-diego",
        "site_full": "business.theeveningleader.com",
        "site": "theeveningleader.com",
        "site_section": "http://business.theeveningleader.com/theeveningleader/markets/news",
        "site_categories": [
            "financial_news",
            "finance"
        ],
        "section_title": "Stock Market News | NSDQ, NYSE, and AMEX Stock Market News, Market News Categories, Market Indicators | User | theeveningleader.com ",
        "title": "Invest Wealth Summit 2024: Breaking Free From Wall Street In San Diego | User | theeveningleader.com",
        "title_full": "Invest Wealth Summit 2024: Breaking Free From Wall Street In San Diego | User | theeveningleader.com",
        "published": "2024-03-14T02:00:00.000+02:00",
        "replies_count": 0,
        "participants_count": 1,
        "site_type": "news",
        "country": "US",
        "main_image": "",
        "performance_score": 0,
        "domain_rank": 94264,
        "domain_rank_updated": "2024-03-12T12:13:38.000+02:00",
        "reach": null,
        "social": {
            "facebook": {
                "likes": 0,
                "comments": 0,
                "shares": 0
            },
            "gplus": {
                "shares": 0
            },
            "pinterest": {
                "shares": 0
            },
            "linkedin": {
                "shares": 0
            },
            "stumbledupon": {
                "shares": 0
            },
            "vk": {
                "shares": 0
            }
        }
    },
    "uuid": "ff46bef20bc50b1368d1617709837785b422af9f",
    "url": "http://business.theeveningleader.com/theeveningleader/article/abnewswire-2024-3-14-invest-wealth-summit-2024-breaking-free-from-wall-street-in-san-diego",
    "ord_in_thread": 0,
    "parent_url": null,
    "author": "AB Newswire",
    "published": "2024-03-14T02:00:00.000+02:00",
    "title": "Invest Wealth Summit 2024: Breaking Free From Wall Street In San Diego | User | theeveningleader.com",
    "text": "San Diego, CA - March 14, 2024 - Dutch Mendenhall , renowned alternative investment thought leader and bestselling author, will lead the Invest Wealth Summit (IWS) in San Diego from April 19 to 21, 2024.\nThis exclusive event, tailored for investors, entrepreneurs, and newcomers, promises unmatched insights and networking opportunities to Redefine the American Dream . Dutch challenges individuals facing economic uncertainties, particularly in California, stating, \"There is a viable alternative to conventional financial strategies, and I’ve done it since 2008.\"\nKey Highlights:\nIs California real estate out of reach? Think again. Discover hidden gems in California's volatile real estate market.\nSick of California's sky-high taxes? So are we. Arm yourself with battle-tested tactics to slash your tax bill and shield your assets.\nDon't let California's steep living costs hold you back. Learn to outpace inflation with passive income streams and improve your freedom mobility , as it will be discussed at IWS.\nIt’s time to take action, and IWS will have the resources. Dutch and industry-leading guest speakers will be there to share their expertise, offering due diligence training, exclusive access to unique deals, expert asset protection and tax incentives strategies, and other experts within the field.\nBreak free from the traditional status quo at the Invest Wealth Summit. Registration is open at InvestWealthSummit.com\nFor media inquiries, interviews, or review copies, please contact thomas.mustac@otterpr.com\nDisclosure for Dutch Mendenhall of RADD Companies (RADD):\nFor more information, please visit www.dutchmendenhall.com/. Dutch Mendenhall is the brand's public face, and while his role involves promoting and representing the company, his opinions and statements are solely his own and not necessarily reflective of RADD Companies' official stance. Our RADD Companies encompass Alternative Investment Association (AIA), RAD Diversified REIT, RADD Inner Circle, RADD Opportunity Zone Fund, RADD America (land REIT), The Legendary, and TheRAD™. For additional information, visit https://dutchmendenhall.com/terms-conditions/\nMedia Contact\nCompany Name: OtterPR\nContact Person: Thomas Mustac\nEmail: Send Email\nAddress: 320 1st Ave N\nCity: St. Petersburg\nState: Florida\nCountry: United States\nWebsite: OtterPR.com\nData & News supplied by www.cloudquote.io\nStock quotes supplied by Barchart\nQuotes delayed at least 20 minutes.\nBy accessing this page, you agree to the following\nPrivacy Policy and Terms and Conditions .",
    "highlightText": "",
    "highlightTitle": "",
    "highlightThreadTitle": "",
    "language": "english",
    "sentiment": "positive",
    "categories": [
        "Economy, Business and Finance",
        "Education",
        "Human Interest"
    ],
    "external_links": [
        "https://dutchmendenhall.com/?utm_source=pr&utm_medium=radd&utm_campaign=wk_11_24&utm_term=san_diego",
        "https://youtu.be/zr7l3a2a1iw?si=VxujiqFBf0putBOL",
        "https://www.linkedin.com/in/dutchmendenhall/?utm_source=pr&utm_medium=radd&utm_campaign=2024&utm_term=general",
        "http://www.youtube.com/watch?v=WoQWEC1wBZ0",
        "https://www.abnewswire.com/email_contact_us.php?pr=invest-wealth-summit-2024-breaking-free-from-wall-street-in-san-diego",
        "https://moneyshackles.com/",
        "https://dutchmendenhall.com/terms-conditions/",
        "https://www.cloudquote.io",
        "https://www.googletagmanager.com/gtag/js?id=UA-8590502-3",
        "https://tracking.newsrpm.com/pixel?slug=abnewswire-2024-3-14-invest-wealth-summit-2024-breaking-free-from-wall-street-in-san-diego",
        "http://OtterPR.com",
        "https://www.abnewswire.com/press_stat.php?pr=invest-wealth-summit-2024-breaking-free-from-wall-street-in-san-diego",
        "https://www.cloudquote.io/article/5",
        "https://www.cloudquote.io/article/6",
        "https://www.abnewswire.com/companyname/OtterPR.com_64993.html",
        "https://www.moneyshackles.com/",
        "https://tracking.newsrpm.com/pixel",
        "https://dutchmendenhall.com/terms-conditions",
        "https://www.tracking.newsrpm.com/pixel?slug=abnewswire-2024-3-14-invest-wealth-summit-2024-breaking-free-from-wall-street-in-san-diego",
        "https://dutchmendenhall.com/",
        "https://www.dutchmendenhall.com/terms-conditions/",
        "https://www.googletagmanager.com/gtag/js",
        "https://youtu.be/zr7l3a2a1iw",
        "https://abnewswire.com/press_stat.php?pr=invest-wealth-summit-2024-breaking-free-from-wall-street-in-san-diego",
        "https://www.youtu.be/zr7l3a2a1iw?si=VxujiqFBf0putBOL",
        "https://abnewswire.com/email_contact_us.php?pr=invest-wealth-summit-2024-breaking-free-from-wall-street-in-san-diego",
        "https://moneyshackles.com",
        "https://www.abnewswire.com/press_stat.php",
        "https://www.dutchmendenhall.com/?utm_source=pr&utm_medium=radd&utm_campaign=wk_11_24&utm_term=san_diego",
        "http://www.youtube.com/watch",
        "https://www.abnewswire.com/email_contact_us.php",
        "https://cloudquote.io/article/6",
        "https://cloudquote.io/article/5",
        "https://www.linkedin.com/in/dutchmendenhall/",
        "https://abnewswire.com/companyname/OtterPR.com_64993.html",
        "https://linkedin.com/in/dutchmendenhall/?utm_source=pr&utm_medium=radd&utm_campaign=2024&utm_term=general",
        "https://googletagmanager.com/gtag/js?id=UA-8590502-3",
        "http://youtube.com/watch?v=WoQWEC1wBZ0",
        "https://cloudquote.io",
        "http://www.OtterPR.com"
    ],
    "external_images": [],
    "entities": {
        "persons": [],
        "organizations": [
            {
                "name": "iws",
                "sentiment": "none"
            }
        ],
        "locations": [
            {
                "name": "san diego",
                "sentiment": "none"
            },
            {
                "name": "california",
                "sentiment": "none"
            }
        ]
    },
    "rating": null,
    "crawled": "2024-03-15T00:08:38.509+02:00",
    "updated": "2024-03-15T00:08:38.509+02:00"
}