{
    "thread": {
        "uuid": "f32ca0e1862c36ba01583fa1d7a7bf7b28b637bb",
        "url": "https://www.prnewswire.com/news-releases/barracuda-honored-by-comparably-for-best-hr-team-for-the-second-year-in-a-row-302089860.html",
        "site_full": "www.prnewswire.com",
        "site": "prnewswire.com",
        "site_section": "https://prnewswire.com/news-releases/business-technology-latest-news/business-technology-latest-news-list/",
        "site_categories": [
            "media"
        ],
        "section_title": "All Business Technology News and Press Releases from PR Newswire",
        "title": "Barracuda honored by Comparably for Best HR Team for the second year in a row",
        "title_full": "Barracuda honored by Comparably for Best HR Team for the second year in a row",
        "published": "2024-03-14T23:55:00.000+02:00",
        "replies_count": 0,
        "participants_count": 1,
        "site_type": "news",
        "country": "US",
        "main_image": "https://mma.prnewswire.com/media/324434/BARRACUDA_NETWORKS_INC_LOGO_V1.jpg?p=facebook",
        "performance_score": 0,
        "domain_rank": 188,
        "domain_rank_updated": "2024-03-12T12:10:46.000+02:00",
        "reach": null,
        "social": {
            "facebook": {
                "likes": 0,
                "comments": 0,
                "shares": 0
            },
            "gplus": {
                "shares": 0
            },
            "pinterest": {
                "shares": 0
            },
            "linkedin": {
                "shares": 0
            },
            "stumbledupon": {
                "shares": 0
            },
            "vk": {
                "shares": 0
            }
        }
    },
    "uuid": "f32ca0e1862c36ba01583fa1d7a7bf7b28b637bb",
    "url": "https://www.prnewswire.com/news-releases/barracuda-honored-by-comparably-for-best-hr-team-for-the-second-year-in-a-row-302089860.html",
    "ord_in_thread": 0,
    "parent_url": null,
    "author": "Barracuda Networks, Inc.",
    "published": "2024-03-14T23:55:00.000+02:00",
    "title": "Barracuda honored by Comparably for Best HR Team for the second year in a row",
    "text": "Winners were chosen based on 16 core metrics, including innovation, growth, and workplace experience\nCAMPBELL, Calif. , March 14, 2024 /PRNewswire/ -- Barracuda Networks, Inc., a trusted partner and leading provider for cloud-first security solutions today announced it has been again honored by Comparably and has been recognized as one of the top 50 companies with the best human resources teams for the second year in a row. Barracuda ranked 40 for this year's Best HR Teams award, which is based on how employees rate and approve of the job their human resources team is doing.\nComparably Awards are derived from 15 million sentiment ratings anonymously provided by current employees across 70,000 companies about their workplaces in multiple categories on Comparably.com during a 12-month period. Winners are then determined based on 16 core workplace metrics, ranging from work-life balance and leadership to compensation and career growth.\n\"Our HR teams are supporting our employees around the world in so many different ways and working hard to foster the culture we've build here at Barracuda, so it's fantastic to see them earn this recognition,\" said Kim Mota , Chief Human Resources Officer at Barracuda. \"We're honored to receive the Best HR Teams award, and the fact that it is based on our employees' feedback makes it especially meaningful.\"\nAbout Barracuda At Barracuda we strive to make the world a safer place. We believe every business deserves access to cloud-first, enterprise-grade security solutions that are easy to buy, deploy, and use. We protect email, networks, data, and applications with innovative solutions that grow and adapt with our customers' journey. More than 200,000 organizations worldwide trust Barracuda to protect them — in ways they may not even know they are at risk — so they can focus on taking their business to the next level. For more information, visit barracuda.com .\nBarracuda Networks, Barracuda and the Barracuda Networks logo are registered trademarks or trademarks of Barracuda Networks, Inc. in the U.S. and other countries.\nContact Anne Campbell Barracuda Networks, Inc. 978-328-1642 [email protected]\nSOURCE Barracuda Networks, Inc.",
    "highlightText": "",
    "highlightTitle": "",
    "highlightThreadTitle": "",
    "language": "english",
    "sentiment": "positive",
    "categories": [
        "Lifestyle and Leisure",
        "Human Interest"
    ],
    "external_links": [
        "https://c212.net/c/link/?t=0&l=en&o=4116369-1&h=4062465230&u=http%3A%2F%2Fwww.barracuda.com%2F&a=barracuda.com",
        "https://c212.net/c/link/",
        "https://www.c212.net/c/link/?t=0&l=en&o=4116369-1&h=4062465230&u=http%3A%2F%2Fwww.barracuda.com%2F&a=barracuda.com"
    ],
    "external_images": [],
    "entities": {
        "persons": [
            {
                "name": "barracuda",
                "sentiment": "negative"
            }
        ],
        "organizations": [
            {
                "name": "barracuda networks, inc.",
                "sentiment": "none"
            }
        ],
        "locations": [
            {
                "name": "barracud",
                "sentiment": "none"
            },
            {
                "name": "campbell",
                "sentiment": "none"
            },
            {
                "name": "calif.",
                "sentiment": "none"
            }
        ]
    },
    "rating": null,
    "crawled": "2024-03-15T00:05:42.854+02:00",
    "updated": "2024-03-15T00:05:42.854+02:00"
}