{
    "thread": {
        "uuid": "31e5fe0abec8e1e288011559263502ed504546d9",
        "url": "https://www.smoothradio.com/news/uk-world/everyone-has-the-potential-to-give-back-princ",
        "site_full": "www.smoothradio.com",
        "site": "smoothradio.com",
        "site_section": "https://smoothradio.com/news",
        "site_categories": [
            "dating",
            "social",
            "music",
            "non_standard_content",
            "entertainment"
        ],
        "section_title": "Latest News | Smooth Radio",
        "title": "'Everyone has the potential to give back': Prince William says mother's legacy... - Smooth",
        "title_full": "'Everyone has the potential to give back': Prince William says mother's legacy... - Smooth",
        "published": "2024-03-14T21:25:00.000+02:00",
        "replies_count": 0,
        "participants_count": 0,
        "site_type": "news",
        "country": "US",
        "main_image": "https://e3.365dm.com/24/03/640x380/skynews-prince-of-wales-william_6490509.jpg?20240314193922",
        "performance_score": 0,
        "domain_rank": 28204,
        "domain_rank_updated": "2024-03-12T12:10:46.000+02:00",
        "reach": null,
        "social": {
            "facebook": {
                "likes": 0,
                "comments": 0,
                "shares": 0
            },
            "gplus": {
                "shares": 0
            },
            "pinterest": {
                "shares": 0
            },
            "linkedin": {
                "shares": 0
            },
            "stumbledupon": {
                "shares": 0
            },
            "vk": {
                "shares": 0
            }
        }
    },
    "uuid": "31e5fe0abec8e1e288011559263502ed504546d9",
    "url": "https://www.smoothradio.com/news/uk-world/everyone-has-the-potential-to-give-back-princ",
    "ord_in_thread": 0,
    "parent_url": null,
    "author": null,
    "published": "2024-03-14T21:25:00.000+02:00",
    "title": "'Everyone has the potential to give back': Prince William says mother's legacy... - Smooth",
    "text": "On Air Now [ The Smooth Late Show with Martin Collins ](/radio/shows-presenters/late-show/) 10pm - 1am 14 March 2024, 19:25 | Updated: 14 March 2024, 23:39 Prince William has spoken of how he continues to be guided by Princess Diana's legacy following a week under pressure over Kate's altered Mother's Day photo. The Prince of Wales was speaking at the Diana Award Legacy Award event at the Science Museum in London, which celebrates the achievements of young people from around the world. Talking about the impact his mother has had, Prince William said: \"I know that she would have been honoured to see a charity in her name doing such inspirational work to uplift young people from all corners of the globe.\" Speaking more personally, he added: \"She taught me that everyone has the potential to give something back; that everyone in need deserves a supporting hand in life. \"That legacy is something that both Catherine and I have sought to focus on through our work, as have the 50,000 young people who have received a Diana Award over the past 25 years.\" Prince Harry was also expected to speak to the winners via videolink from America. Both of the brothers, despite their differences, are still involved in the award, and every year have contributed to the ceremony in some way. This year's Legacy Award marks the start of The Diana Award's 25th anniversary year, the only charity to specifically set up in her name and recognising her belief that young people have the power to change the world. It comes after William paid tribute to his wife's creativity during a visit to a youth group in London earlier on Thursday. Read more from Sky News: Photo agency director unimpressed by Kate's editing Queen Camilla receives own Barbie doll \"My wife is the arty one,\" he said, as he decorated biscuits with a group of children at a centre in Shepherd's Bush, west London. The WEST centre, which stands for Where Everyone Sticks Together, was named by the youngsters who use the £12m facility, which officially opens in April. The future king also played pool and basketball with the children and teenagers before joining a group working on a mental health project. (c) Sky News 2024: 'Everyone has the potential to give back': Prince William says mother's legacy continues to guide him",
    "highlightText": "",
    "highlightTitle": "",
    "highlightThreadTitle": "",
    "language": "english",
    "sentiment": "positive",
    "categories": [
        "Social Issue",
        "Politics",
        "Human Interest"
    ],
    "external_links": [],
    "external_images": [],
    "entities": {
        "persons": [
            {
                "name": "william",
                "sentiment": "negative"
            },
            {
                "name": "gary vincent",
                "sentiment": "negative"
            },
            {
                "name": "diana",
                "sentiment": "none"
            },
            {
                "name": "kate",
                "sentiment": "none"
            },
            {
                "name": "harry",
                "sentiment": "none"
            },
            {
                "name": "catherine",
                "sentiment": "none"
            }
        ],
        "organizations": [],
        "locations": [
            {
                "name": "science museum",
                "sentiment": "none"
            },
            {
                "name": "wales",
                "sentiment": "none"
            },
            {
                "name": "london",
                "sentiment": "none"
            }
        ]
    },
    "rating": null,
    "crawled": "2024-03-15T00:11:54.639+02:00",
    "updated": "2024-03-15T02:53:06.907+02:00"
}