{
    "thread": {
        "uuid": "0d97160bcca28f6993f43577dd5df13ebbc1b5e1",
        "url": "https://grabien.com/story.php?id=464237",
        "site_full": "grabien.com",
        "site": "grabien.com",
        "site_section": "https://www.grabien.com/rss.php?type=stories",
        "site_categories": [
            "television",
            "health",
            "non_standard_content",
            "exercise",
            "entertainment"
        ],
        "section_title": "Grabien RSS",
        "title": "Ana Navarro: Kamala Harris Is ‘Uniquely Positioned’ to Talk About Abortion ‘Because She Has a Uterus’",
        "title_full": "Ana Navarro: Kamala Harris Is ‘Uniquely Positioned’ to Talk About Abortion ‘Because She Has a Uterus’",
        "published": "2024-03-14T23:47:00.000+02:00",
        "replies_count": 0,
        "participants_count": 0,
        "site_type": "news",
        "country": "US",
        "main_image": "https://media.grabien.com/clipsbank/2336/framelarge/2336605.jpg",
        "performance_score": 0,
        "domain_rank": 48880,
        "domain_rank_updated": "2024-03-12T12:13:34.000+02:00",
        "reach": null,
        "social": {
            "facebook": {
                "likes": 0,
                "comments": 0,
                "shares": 0
            },
            "gplus": {
                "shares": 0
            },
            "pinterest": {
                "shares": 0
            },
            "linkedin": {
                "shares": 0
            },
            "stumbledupon": {
                "shares": 0
            },
            "vk": {
                "shares": 0
            }
        }
    },
    "uuid": "0d97160bcca28f6993f43577dd5df13ebbc1b5e1",
    "url": "https://grabien.com/story.php?id=464237",
    "ord_in_thread": 0,
    "parent_url": null,
    "author": null,
    "published": "2024-03-14T23:47:00.000+02:00",
    "title": "Ana Navarro: Kamala Harris Is ‘Uniquely Positioned’ to Talk About Abortion ‘Because She Has a Uterus’",
    "text": "Find\nClipsBank\nNewsBase\nRadioBank\nPodBank\nPhotoBank\nTranscriptBank\nClip\nLiveClipper\nNewsClipper\nTVClipper\nWebClipper\nRadioClipper\nPodClipper\nNewsMonitor\nCityMonitor\nShare\nUpload\nGIFCreator\nLiveShare\nShowCaster\nAbout\nNews\nHow-To\nRSS\nLogin\nRegister\nNews\nLists\nClips\nUsername or e-mail\nPassword\nAna Navarro: Kamala Harris Is ‘Uniquely Positioned’ to Talk About Abortion ‘Because She Has a Uterus’\n‘She was also a prosecutor of sex crimes’\nNews & Politics\nVideo files\nFull\nCompact\nSort by\nRelevance\nDate\nPopularity\nSummary\nPer page\n8\n12\n16\nAudio files\nFull\nCompact\nSort by\nRelevance\nDate\nPopularity\nSummary\nPer page\n8\n12\n16\nRecipient e-mail\nMessage (optional)\nPreview\ng\nFind\nClipsBank\nNewsBase\nRadioBank\nPodBank\nPhotoBank\nTranscriptBank\nClip\nLiveClipper\nNewsClipper\nTVClipper\nWebClipper\nRadioClipper\nPodClipper\nNewsMonitor\nCityMonitor\nShare\nUpload\nGIFCreator\nLiveShare\nShowCaster\nAbout\nFAQ\nRules\nPrivacy Policy\nStyle Guide\nTeam\nOur Story\nOur Manifesto\nContact\nNews\nHow-To\nRSS\nCopyright Grabien Inc. 2024. All Rights Reserved",
    "highlightText": "",
    "highlightTitle": "",
    "highlightThreadTitle": "",
    "language": "english",
    "sentiment": "positive",
    "categories": [
        "Social Issue",
        "Politics",
        "Human Interest"
    ],
    "external_links": [],
    "external_images": [],
    "entities": {
        "persons": [
            {
                "name": "kamala harris",
                "sentiment": "negative"
            },
            {
                "name": "ana navarro",
                "sentiment": "negative"
            }
        ],
        "organizations": [
            {
                "name": "copyright grabien inc.",
                "sentiment": "none"
            }
        ],
        "locations": []
    },
    "rating": null,
    "crawled": "2024-03-15T00:07:30.195+02:00",
    "updated": "2024-03-15T00:07:30.195+02:00"
}