{
    "thread": {
        "uuid": "edb9a6d6fb519a790c361dec525ba69eff6fd79d",
        "url": "https://www.legit.ng/people/1583582-turned-99-man-visits-young-grandfather-touching-video-people-react",
        "site_full": "www.legit.ng",
        "site": "legit.ng",
        "site_section": "https://www.legit.ng",
        "site_categories": [
            "media",
            "homework_study_tips",
            "education",
            "non_standard_content",
            "society"
        ],
        "section_title": "Legit Nigeria News Today - Latest Naija News and Breaking Updates on Legit.ng",
        "title": "\"He Just Turned 99\": Man Visits Young-looking Grandfather in Touching Video, People React - Legit.ng",
        "title_full": "\"He Just Turned 99\": Man Visits Young-looking Grandfather in Touching Video, People React - Legit.ng",
        "published": "2024-03-14T23:25:00.000+02:00",
        "replies_count": 0,
        "participants_count": 1,
        "site_type": "news",
        "country": "US",
        "main_image": "https://netstorage-legit.akamaized.net/images/d5b7495c56a96007.jpg?imwidth=1200",
        "performance_score": 0,
        "domain_rank": 11022,
        "domain_rank_updated": "2024-03-12T12:10:46.000+02:00",
        "reach": null,
        "social": {
            "facebook": {
                "likes": 0,
                "comments": 0,
                "shares": 0
            },
            "gplus": {
                "shares": 0
            },
            "pinterest": {
                "shares": 0
            },
            "linkedin": {
                "shares": 0
            },
            "stumbledupon": {
                "shares": 0
            },
            "vk": {
                "shares": 0
            }
        }
    },
    "uuid": "edb9a6d6fb519a790c361dec525ba69eff6fd79d",
    "url": "https://www.legit.ng/people/1583582-turned-99-man-visits-young-grandfather-touching-video-people-react",
    "ord_in_thread": 0,
    "parent_url": null,
    "author": "Ankrah Shalom",
    "published": "2024-03-14T23:25:00.000+02:00",
    "title": "\"He Just Turned 99\": Man Visits Young-looking Grandfather in Touching Video, People React - Legit.ng",
    "text": "\"He Just Turned 99\": Man Visits Young-looking Grandfather in Touching Video, People React - A young man has shared a video showcasing the moment he surprised his 99-year-old grandfather with a visit - According to him, he was visiting his grandfather for the first time in 12 years and he spent a week with him - Netizens who watched the video were stunned by how great his grandfather looked despite his age A young Zambian man has proudly shown off his grandfather who still looks great at 99 years old. The man identified as @directedbykumiko on [TikTok](https://www.legit.ng/tags/tiktok/) revealed that the last time he saw his grandfather was 12 years ago. Man pays grandfather a surprise visit In an [emotional video](https://vm.tiktok.com/ZMMrEAMbY/), he paid his grandfather a surprise visit and spent one week with him at his abode. PAY ATTENTION: [Click “See First” under the “Following” tab to see Legit.ng News on your Facebook News Feed! ](https://www.legit.ng/1325957-new-facebook-algorithm-how-legitngs-posts-timeline-now.html) The young man’s grandfather looked quite young and more vibrant than several [people](https://www.legit.ng/people/) of his age. When he saw his grandson, the older man was so surprised and speechless, almost driven to tears. The video was captioned: “Surprised visited my Grandad who just turned 99 and safe to say he was pretty speechless. Haven't seen him in 12 years and got to spend the week with him. Best trip ar ever! Family is so so important.” Reactions as man surprises 99-year-old grandfather Netizens were stunned to see how good the grandfather looked at his age. Rebecca Wambui reacted: “That man is HANDSOME even at 99.” @jãy jãy said: “I need to know his diet plan and skincare routine over his 99 years here on earth, asking for my future self.” Tests said: “99?! You have got to be kidding me he looks at least 30 years younger wha ?!” @yourmom'sfavoritegal reacted: “Porch looks exactly like mine back home in Zambia!!” @•g.itau._ said: “That's the healthiest man l've ever seen, he looks 60.” tessa_VIRGIN. PRIDE, said: “Throwback pictures of grandpa? cause WOAH!” Goodnews Hope reacted: “You suspect he was looking at his younger self at that moment.” Trish x reacted: “And side note this home is beautiful.” @marie_andy said: “There's no way he's 99. He looks so much.” Watch the video below: Mum in tears as sons surprise her Meanwhile, Legit.ng previously reported that a woman burst into tears as her [twin sons returned](https://www.legit.ng/people/family-relationship/1518778-woman-beautiful-young-mum-burst-tears-twin-sons-return-nigeria-3-years/) to [Nigeria](https://www.legit.ng/nigeria/) to see her three years after she left them abroad. One of her sons recorded the moment they made the surprise visit to Nigeria and shared the clip on [TikTok](https://www.legit.ng/tags/tiktok/). In the clip, the woman screamed and went berserk as soon as the young men made their way into the living room. PAY ATTENTION: [Stay Informed and follow us on Google News!](https://news.google.com/publications/CAAiEE_46eMZDNHXP_a26TYOsGIqFAgKIhBP-OnjGQzR1z_2tuk2DrBi) Source: Legit.ng",
    "highlightText": "",
    "highlightTitle": "",
    "highlightThreadTitle": "",
    "language": "english",
    "sentiment": "positive",
    "categories": [
        "Human Interest"
    ],
    "external_links": [
        "https://news.google.com/publications/CAAiEE_46eMZDNHXP_a26TYOsGIqFAgKIhBP-OnjGQzR1z_2tuk2DrBi)",
        "https://vm.tiktok.com/ZMMrEAMbY/),",
        "https://www.vm.tiktok.com/ZMMrEAMbY/),",
        "https://www.news.google.com/publications/CAAiEE_46eMZDNHXP_a26TYOsGIqFAgKIhBP-OnjGQzR1z_2tuk2DrBi)"
    ],
    "external_images": [],
    "entities": {
        "persons": [],
        "organizations": [
            {
                "name": "facebook news",
                "sentiment": "none"
            }
        ],
        "locations": []
    },
    "rating": null,
    "crawled": "2024-03-15T00:12:21.390+02:00",
    "updated": "2024-03-15T00:12:21.390+02:00"
}