{
    "thread": {
        "uuid": "0ac76e19648ff4adf9ebc98f0df779f8ccf9a991",
        "url": "https://ground.news/article/experts-buy-insect-from-collector-and-accidentally-find-species-not-seen-in-150-years",
        "site_full": "ground.news",
        "site": "ground.news",
        "site_section": "https://ground.news/interest/the-herald-sun",
        "site_categories": [],
        "section_title": "The Herald Sun Breaking News Headlines Today | Ground News",
        "title": "Ground News - Experts buy insect from collector — and accidentally find species not seen in 150 years",
        "title_full": "Ground News - Experts buy insect from collector — and accidentally find species not seen in 150 years",
        "published": "2024-03-14T23:14:00.000+02:00",
        "replies_count": 0,
        "participants_count": 1,
        "site_type": "news",
        "country": "US",
        "main_image": "",
        "performance_score": 0,
        "domain_rank": 29912,
        "domain_rank_updated": "2024-03-12T12:10:46.000+02:00",
        "reach": null,
        "social": {
            "facebook": {
                "likes": 0,
                "comments": 0,
                "shares": 0
            },
            "gplus": {
                "shares": 0
            },
            "pinterest": {
                "shares": 0
            },
            "linkedin": {
                "shares": 0
            },
            "stumbledupon": {
                "shares": 0
            },
            "vk": {
                "shares": 0
            }
        }
    },
    "uuid": "0ac76e19648ff4adf9ebc98f0df779f8ccf9a991",
    "url": "https://ground.news/article/experts-buy-insect-from-collector-and-accidentally-find-species-not-seen-in-150-years",
    "ord_in_thread": 0,
    "parent_url": null,
    "author": "The News & Observer",
    "published": "2024-03-14T23:14:00.000+02:00",
    "title": "Ground News - Experts buy insect from collector — and accidentally find species not seen in 150 years",
    "text": "Summary by The News & Observer Charles Darwin used the “fascinating” species in his “famous” 1871 book. Share menu 3 Articles 3 Articles All Left Center Right\nThe News & Observer Center High Factuality Media Conglomerate: McClatchy Experts buy insect from collector — and accidentally find species not seen in 150 years Charles Darwin used the “fascinating” species in his “famous” 1871 book.\n59 minutes ago · United States Read Full Article\nThe News & Observer Center High Factuality Media Conglomerate: McClatchy\nExperts buy insect from collector — and accidentally find species not seen in 150 years Charles Darwin used the “fascinating” species in his “famous” 1871 book.\n59 minutes ago · United States Read Full Article The Herald Sun Center High Factuality Experts buy insect from collector — and accidentally find species not seen in 150 years Charles Darwin used the “fascinating” species in his “famous” 1871 book.\n59 minutes ago · Durham, United States Read Full Article\nThe Herald Sun Center High Factuality\nExperts buy insect from collector — and accidentally find species not seen in 150 years Charles Darwin used the “fascinating” species in his “famous” 1871 book.\n59 minutes ago · Durham, United States Read Full Article tri-cityherald.com Center High Factuality Experts buy insect from collector — and accidentally find species not seen in 150 years Charles Darwin used the “fascinating” species in his “famous” 1871 book.\n59 minutes ago Read Full Article\ntri-cityherald.com Center High Factuality\nExperts buy insect from collector — and accidentally find species not seen in 150 years Charles Darwin used the “fascinating” species in his “famous” 1871 book.\n59 minutes ago Read Full Article Think freely. Subscribe and get full access to Ground News Subscriptions start at $9.99/year Subscribe Ground News Article Assistant Not enough coverage to generate an Article Assistant.",
    "highlightText": "",
    "highlightTitle": "",
    "highlightThreadTitle": "",
    "language": "english",
    "sentiment": "positive",
    "categories": [
        "Science and Technology",
        "Human Interest"
    ],
    "external_links": [
        "https://www.newsobserver.com/news/nation-world/world/article286701240.html?utm_source=ground.news&utm_medium=referral",
        "https://www.tri-cityherald.com/news/nation-world/world/article286701240.html?utm_source=ground.news&utm_medium=referral",
        "https://www.heraldsun.com/news/nation-world/world/article286701240.html?utm_source=ground.news&utm_medium=referral",
        "https://www.heraldsun.com/news/nation-world/world/article286701240.html",
        "https://heraldsun.com/news/nation-world/world/article286701240.html?utm_source=ground.news&utm_medium=referral",
        "https://newsobserver.com/news/nation-world/world/article286701240.html?utm_source=ground.news&utm_medium=referral",
        "https://www.newsobserver.com/news/nation-world/world/article286701240.html",
        "https://tri-cityherald.com/news/nation-world/world/article286701240.html?utm_source=ground.news&utm_medium=referral",
        "https://www.tri-cityherald.com/news/nation-world/world/article286701240.html"
    ],
    "external_images": [],
    "entities": {
        "persons": [
            {
                "name": "charles darwin",
                "sentiment": "negative"
            },
            {
                "name": "mcclatchy",
                "sentiment": "none"
            }
        ],
        "organizations": [
            {
                "name": "news & observer center high factuality media conglomerate",
                "sentiment": "none"
            },
            {
                "name": "· durham",
                "sentiment": "none"
            },
            {
                "name": "articles all left center right the news & observer center high factuality media conglomerate",
                "sentiment": "none"
            },
            {
                "name": "herald sun center",
                "sentiment": "none"
            }
        ],
        "locations": [
            {
                "name": "united states",
                "sentiment": "none"
            }
        ]
    },
    "rating": null,
    "crawled": "2024-03-15T00:13:46.190+02:00",
    "updated": "2024-03-15T00:13:46.190+02:00"
}