{
    "thread": {
        "uuid": "b58ca6779a5fe81a96938ee68096cee26c78f637",
        "url": "https://www.prnewswire.com/news-releases/pepsico-changes-the-face-of-supply-chain-careers-celebrating-two-tennessee-women-through-she-is-pepsico-campaign-302089771.html",
        "site_full": "www.prnewswire.com",
        "site": "prnewswire.com",
        "site_section": "https://prnewswire.com/news-releases/consumer-products-retail-latest-news/household-consumer-cosmetics-list/",
        "site_categories": [
            "media"
        ],
        "section_title": "All Household, Consumer &amp; Cosmetics News and Press Releases from PR Newswire",
        "title": "PEPSICO CHANGES THE FACE OF SUPPLY CHAIN CAREERS, CELEBRATING TWO TENNESSEE WOMEN THROUGH SHE IS PEPSICO CAMPAIGN",
        "title_full": "PEPSICO CHANGES THE FACE OF SUPPLY CHAIN CAREERS, CELEBRATING TWO TENNESSEE WOMEN THROUGH SHE IS PEPSICO CAMPAIGN",
        "published": "2024-03-14T22:32:00.000+02:00",
        "replies_count": 0,
        "participants_count": 1,
        "site_type": "news",
        "country": "US",
        "main_image": "https://mma.prnewswire.com/media/2363176/Image_1___Nashville.jpg?p=facebook",
        "performance_score": 0,
        "domain_rank": 188,
        "domain_rank_updated": "2024-03-12T12:10:46.000+02:00",
        "reach": null,
        "social": {
            "facebook": {
                "likes": 0,
                "comments": 0,
                "shares": 0
            },
            "gplus": {
                "shares": 0
            },
            "pinterest": {
                "shares": 0
            },
            "linkedin": {
                "shares": 0
            },
            "stumbledupon": {
                "shares": 0
            },
            "vk": {
                "shares": 0
            }
        }
    },
    "uuid": "b58ca6779a5fe81a96938ee68096cee26c78f637",
    "url": "https://www.prnewswire.com/news-releases/pepsico-changes-the-face-of-supply-chain-careers-celebrating-two-tennessee-women-through-she-is-pepsico-campaign-302089771.html",
    "ord_in_thread": 0,
    "parent_url": null,
    "author": "PepsiCo",
    "published": "2024-03-14T22:32:00.000+02:00",
    "title": "PEPSICO CHANGES THE FACE OF SUPPLY CHAIN CAREERS, CELEBRATING TWO TENNESSEE WOMEN THROUGH SHE IS PEPSICO CAMPAIGN",
    "text": "/PRNewswire/ -- Today PepsiCo announced two Tennessee women as honorees in its third annual She is PepsiCo campaign, which spotlights women in frontline careers such as manufacturing, operations, and sales. Timed with Women's History Month, the program aims to increase representation for women in traditionally male-dominated frontline roles by re-branding some of the company's highly visible delivery trucks with the names and faces of She is PepsiCo honorees in place of its iconic brands.",
    "highlightText": "",
    "highlightTitle": "",
    "highlightThreadTitle": "",
    "language": "english",
    "sentiment": "positive",
    "categories": [
        "Human Interest",
        "Economy, Business and Finance"
    ],
    "external_links": [
        "https://www.gartner.com/en/newsroom/press-releases/2023-06-29-gartner-says-26-percent-of-supply-chain-csuite-roles-now-filled-by-women",
        "https://c212.net/c/link/?t=0&l=en&o=4116203-1&h=50561175&u=http%3A%2F%2Fwww.pepsico.com%2F&a=www.pepsico.com",
        "https://c212.net/c/link/?t=0&l=en&o=4116203-1&h=930892100&u=https%3A%2F%2Fwww.prnewswire.com%2Fnews-releases%2Fpepsico-campaign-inspires-and-celebrates-women-thriving-in-supply-chain-careers-302074996.html&a=here.",
        "https://c212.net/c/link/?t=0&l=en&o=4116203-1&h=667303159&u=https%3A%2F%2Fwww.linkedin.com%2Fcompany%2Fpepsico%2F&a=LinkedIn",
        "https://c212.net/c/link/?t=0&l=en&o=4116203-1&h=4032383105&u=https%3A%2F%2Ftwitter.com%2Fpepsico&a=X+(Twitter)",
        "https://c212.net/c/link/?t=0&l=en&o=4116203-1&h=1705137758&u=https%3A%2F%2Fwww.facebook.com%2FPepsiCo%2F&a=Facebook",
        "https://c212.net/c/link/?t=0&l=en&o=4116203-1&h=3021201292&u=https%3A%2F%2Fwww.instagram.com%2Fpepsico%2F&a=Instagram",
        "https://c212.net/c/link/?t=0&l=en&o=4116203-1&h=754735071&u=https%3A%2F%2Fwww.gartner.com%2Fen%2Fnewsroom%2Fpress-releases%2F2023-06-29-gartner-says-26-percent-of-supply-chain-csuite-roles-now-filled-by-women&a=https%3A%2F%2Fwww.gartner.com%2Fen%2Fnewsroom%2Fpress-releases%2F2023-06-29-gartner-says-26-percent-of-supply-chain-csuite-roles-now-filled-by-women",
        "https://www.c212.net/c/link/?t=0&l=en&o=4116203-1&h=3021201292&u=https%3A%2F%2Fwww.instagram.com%2Fpepsico%2F&a=Instagram",
        "https://www.c212.net/c/link/?t=0&l=en&o=4116203-1&h=4032383105&u=https%3A%2F%2Ftwitter.com%2Fpepsico&a=X+(Twitter)",
        "https://www.c212.net/c/link/?t=0&l=en&o=4116203-1&h=667303159&u=https%3A%2F%2Fwww.linkedin.com%2Fcompany%2Fpepsico%2F&a=LinkedIn",
        "https://c212.net/c/link/",
        "https://www.c212.net/c/link/?t=0&l=en&o=4116203-1&h=1705137758&u=https%3A%2F%2Fwww.facebook.com%2FPepsiCo%2F&a=Facebook",
        "https://www.c212.net/c/link/?t=0&l=en&o=4116203-1&h=754735071&u=https%3A%2F%2Fwww.gartner.com%2Fen%2Fnewsroom%2Fpress-releases%2F2023-06-29-gartner-says-26-percent-of-supply-chain-csuite-roles-now-filled-by-women&a=https%3A%2F%2Fwww.gartner.com%2Fen%2Fnewsroom%2Fpress-releases%2F2023-06-29-gartner-says-26-percent-of-supply-chain-csuite-roles-now-filled-by-women",
        "https://www.c212.net/c/link/?t=0&l=en&o=4116203-1&h=50561175&u=http%3A%2F%2Fwww.pepsico.com%2F&a=www.pepsico.com",
        "https://gartner.com/en/newsroom/press-releases/2023-06-29-gartner-says-26-percent-of-supply-chain-csuite-roles-now-filled-by-women",
        "https://www.c212.net/c/link/?t=0&l=en&o=4116203-1&h=930892100&u=https%3A%2F%2Fwww.prnewswire.com%2Fnews-releases%2Fpepsico-campaign-inspires-and-celebrates-women-thriving-in-supply-chain-careers-302074996.html&a=here."
    ],
    "external_images": [],
    "entities": {
        "persons": [
            {
                "name": "ruthanne sir",
                "sentiment": "none"
            },
            {
                "name": "ram krishnan",
                "sentiment": "none"
            },
            {
                "name": "heather hoytink",
                "sentiment": "none"
            }
        ],
        "organizations": [
            {
                "name": "pepsico",
                "sentiment": "negative"
            },
            {
                "name": "pepsico beverages north america",
                "sentiment": "none"
            },
            {
                "name": "women's history month",
                "sentiment": "none"
            }
        ],
        "locations": [
            {
                "name": "knoxville",
                "sentiment": "none"
            },
            {
                "name": "nashville",
                "sentiment": "none"
            },
            {
                "name": "tennessee",
                "sentiment": "none"
            },
            {
                "name": "n.y.",
                "sentiment": "none"
            },
            {
                "name": "tennessee",
                "sentiment": "none"
            }
        ]
    },
    "rating": null,
    "crawled": "2024-03-15T00:13:21.811+02:00",
    "updated": "2024-03-19T01:25:59.108+02:00"
}