{
    "thread": {
        "uuid": "e759498dbdba5059a981094e18e660263e5eafef",
        "url": "https://m.dailyhunt.in/news/india/english/timesnownews-epaper-dhf729babb066e4159bc8e6ad4fc8cd3b9/shreyas+iyer+celebrates+mumbais+ranji+trophy+title+win+with+wild+dance+video+goes+viral+watch-newsid-n591598768",
        "site_full": "m.dailyhunt.in",
        "site": "dailyhunt.in",
        "site_section": "https://m.dailyhunt.in/news/india/epaper-tenvideo",
        "site_categories": [
            "media"
        ],
        "section_title": "Dailyhunt",
        "title": "Shreyas Iyer Celebrates Mumbai's Ranji Trophy Title Win With Wild Dance; Video Goes Viral - Watch",
        "title_full": "Shreyas Iyer Celebrates Mumbai's Ranji Trophy Title Win With Wild Dance; Video Goes Viral - Watch",
        "published": "2024-03-14T11:01:00.000+02:00",
        "replies_count": 0,
        "participants_count": 1,
        "site_type": "news",
        "country": "IN",
        "main_image": "https://assets-news-bcdn.dailyhunt.in/cmd/resize/1200x630_90/fetchdata16/images/9b/19/c2/9b19c2c6dedfa66b7c7324d84ad4dfb11c481d744920c4f05bcf340f58c03ddf.jpg",
        "performance_score": 0,
        "domain_rank": 18187,
        "domain_rank_updated": "2024-03-12T12:10:46.000+02:00",
        "reach": null,
        "social": {
            "facebook": {
                "likes": 0,
                "comments": 0,
                "shares": 0
            },
            "gplus": {
                "shares": 0
            },
            "pinterest": {
                "shares": 0
            },
            "linkedin": {
                "shares": 0
            },
            "stumbledupon": {
                "shares": 0
            },
            "vk": {
                "shares": 0
            }
        }
    },
    "uuid": "e759498dbdba5059a981094e18e660263e5eafef",
    "url": "https://m.dailyhunt.in/news/india/english/timesnownews-epaper-dhf729babb066e4159bc8e6ad4fc8cd3b9/shreyas+iyer+celebrates+mumbais+ranji+trophy+title+win+with+wild+dance+video+goes+viral+watch-newsid-n591598768",
    "ord_in_thread": 0,
    "parent_url": null,
    "author": "@Dailyhuntapp",
    "published": "2024-03-14T11:01:00.000+02:00",
    "title": "Shreyas Iyer Celebrates Mumbai's Ranji Trophy Title Win With Wild Dance; Video Goes Viral - Watch",
    "text": "After not taking the field for the last two days of the 2024 Ranji Trophy final due to reported back pain, the star Indian batter joined his teammates to celebrate Mumbai&apos;s 42nd title victory on Thursday (March 14) with a wild dance at the Wankhede Stadium after the Ajinkya Rahane-led side&apos;s victory over Vidarbha in the summit clash. In a video that has gone viral on social media, Shreyas was spotted leading Mumbai's celebration as they ended an eight-year drought without the prestigious title. The clip showed Shreyas shaking a leg passionately with Dhol playing in the background at the iconic stadium.\nWatch here\nI recorded Shreyas iyer dancing after winning Ranji Trophy final! Wo 😭😭😭❤️❤️❤️ pic.twitter.com/dyyclpveng\n— Cricket With Laresh (@Lareshhere) March 14, 2024 \\n\\n\nShreyas was absent from the field for Vidarbha's second inning, and reports have emerged since that the star Indian batter's back issues have flared up again. It has been suggested that the Kolkata Knight Riders (KKR) skipper is now doubtful for the first few games of the 2024 Indian Premier League (IPL) season.\nShreyas has faced a troubled period in his career in recent times following a back injury suffered during the 2023 Border Gavaskar Trophy (BGT), which kept him out of action for almost six months and forced him to undergo surgery.\nThe 29-year-old recovered in time for the ICC Cricket World Cup 2023 after missing the 2023 IPL and World Test Championship (WTC) final and suffering a setback in the Asia Cup. In the mega event, Shreyas was key to India's dream run to the final, which saw him make 526 runs in 10 innings, including a century in the semi-final vs. New Zealand.\nShreyas played an important role in Mumbai's victory in the Ranji final with a quick-fire knock of 95 in 111 balls in the second innings.\nRecently, Shreyas found himself in the middle of the storm after being dropped from the Indian test team and missing Mumbai's final two league stage Ranji Games and the quarter-final of the Ranji Trophy. In an unprecedented move, the Board of Control for Cricket in India (BCCI) did not name him on the list of contracted players for the 2023-24 season.",
    "highlightText": "",
    "highlightTitle": "",
    "highlightThreadTitle": "",
    "language": "english",
    "sentiment": "positive",
    "categories": [
        "Sport",
        "Human Interest"
    ],
    "external_links": [
        "https://twitter.com/Lareshhere/status/1768188107055329711?ref_src=twsrc%5Etfw\\",
        "https://t.co/dyyclpveng\\",
        "https://twitter.com/Lareshhere/status/1768188107055329711",
        "https://www.t.co/dyyclpveng\\",
        "https://www.twitter.com/Lareshhere/status/1768188107055329711?ref_src=twsrc%5Etfw\\"
    ],
    "external_images": [],
    "entities": {
        "persons": [
            {
                "name": "shreyas",
                "sentiment": "negative"
            },
            {
                "name": "dhol",
                "sentiment": "none"
            }
        ],
        "organizations": [
            {
                "name": "kkr",
                "sentiment": "none"
            },
            {
                "name": "ipl",
                "sentiment": "none"
            },
            {
                "name": "icc",
                "sentiment": "none"
            }
        ],
        "locations": [
            {
                "name": "mumbai",
                "sentiment": "none"
            },
            {
                "name": "kolkata",
                "sentiment": "none"
            },
            {
                "name": "vidarbha",
                "sentiment": "none"
            }
        ]
    },
    "rating": null,
    "crawled": "2024-03-15T00:01:37.883+02:00",
    "updated": "2024-03-15T04:57:45.788+02:00"
}