{
    "thread": {
        "uuid": "130dd65ea43cd12a5701e48b6b32fc2bdf01ba76",
        "url": "http://www.lapatilla.com/2024/03/14/maria-corina-machado-agradecio-respaldo-de-alberto-feijoo-que-exigio-elecciones-libres-en-venezuela",
        "site_full": "www.lapatilla.com",
        "site": "lapatilla.com",
        "site_section": "https://erpgkm.awsve.com/rss",
        "site_categories": [
            "media"
        ],
        "section_title": "LaPatilla.com",
        "title": "María Corina Machado agradeció respaldo de Alberto Feijóo que exigió elecciones libres en Venezuela - LaPatilla.com",
        "title_full": "María Corina Machado agradeció respaldo de Alberto Feijóo que exigió elecciones libres en Venezuela - LaPatilla.com",
        "published": "2024-03-14T23:50:00.000+02:00",
        "replies_count": 0,
        "participants_count": 1,
        "site_type": "news",
        "country": "VE",
        "main_image": "https://www.lapatilla.com/wp-content/uploads/2024/03/GIqAsiEWAAA0Cw9.jpg",
        "performance_score": 0,
        "domain_rank": 43937,
        "domain_rank_updated": "2024-03-12T12:13:34.000+02:00",
        "reach": null,
        "social": {
            "facebook": {
                "likes": 0,
                "comments": 0,
                "shares": 0
            },
            "gplus": {
                "shares": 0
            },
            "pinterest": {
                "shares": 0
            },
            "linkedin": {
                "shares": 0
            },
            "stumbledupon": {
                "shares": 0
            },
            "vk": {
                "shares": 0
            }
        }
    },
    "uuid": "130dd65ea43cd12a5701e48b6b32fc2bdf01ba76",
    "url": "http://www.lapatilla.com/2024/03/14/maria-corina-machado-agradecio-respaldo-de-alberto-feijoo-que-exigio-elecciones-libres-en-venezuela",
    "ord_in_thread": 0,
    "parent_url": null,
    "author": "Deiker Ortíz",
    "published": "2024-03-14T23:50:00.000+02:00",
    "title": "María Corina Machado agradeció respaldo de Alberto Feijóo que exigió elecciones libres en Venezuela - LaPatilla.com",
    "text": "La candidata presidencial de la Plataforma Unitaria, María Corina Machado, expresó este jueves su agradecimiento al líder del Partido Popular (PP) de España, Alberto Núñez Feijóo, por ratificar su apoyo y exigir elecciones libres en Venezuela. Por lapatilla.com",
    "highlightText": "",
    "highlightTitle": "",
    "highlightThreadTitle": "",
    "language": "spanish",
    "sentiment": "positive",
    "categories": [
        "Human Interest",
        "Social Issue",
        "Politics"
    ],
    "external_links": [],
    "external_images": [],
    "entities": {
        "persons": [],
        "organizations": [],
        "locations": []
    },
    "rating": null,
    "crawled": "2024-03-15T00:14:22.783+02:00",
    "updated": "2024-03-15T03:12:19.172+02:00"
}