{
    "thread": {
        "uuid": "a7e1e0c89dc12d922801b9218f534f8e361cb539",
        "url": "https://knowyourmeme.com/memes/a-latinx-making-a-taco-%E2%9D%A4%EF%B8%8F-heartwarming",
        "site_full": "knowyourmeme.com",
        "site": "knowyourmeme.com",
        "site_section": "https://knowyourmeme.com/",
        "site_categories": [
            "non_standard_content",
            "adult"
        ],
        "section_title": "Internet Meme Database | Know Your Meme",
        "title": "A Latinx Making a Taco ❤️ Heartwarming | Know Your Meme",
        "title_full": "A Latinx Making a Taco ❤️ Heartwarming | Know Your Meme",
        "published": "2024-03-15T00:01:00.000+02:00",
        "replies_count": 3,
        "participants_count": 4,
        "site_type": "news",
        "country": "US",
        "main_image": "https://i.kym-cdn.com/entries/icons/original/000/048/890/cover10.jpg",
        "performance_score": 0,
        "domain_rank": 1289,
        "domain_rank_updated": "2024-03-12T12:10:46.000+02:00",
        "reach": null,
        "social": {
            "facebook": {
                "likes": 0,
                "comments": 0,
                "shares": 0
            },
            "gplus": {
                "shares": 0
            },
            "pinterest": {
                "shares": 0
            },
            "linkedin": {
                "shares": 0
            },
            "stumbledupon": {
                "shares": 0
            },
            "vk": {
                "shares": 0
            }
        }
    },
    "uuid": "a7e1e0c89dc12d922801b9218f534f8e361cb539",
    "url": "https://knowyourmeme.com/memes/a-latinx-making-a-taco-%E2%9D%A4%EF%B8%8F-heartwarming",
    "ord_in_thread": 0,
    "parent_url": null,
    "author": "Philipp",
    "published": "2024-03-15T00:01:00.000+02:00",
    "title": "A Latinx Making a Taco ❤️ Heartwarming | Know Your Meme",
    "text": "About A Latinx Making a Taco ❤️ Heartwarming refers a viral X / Twitter post in which a user user the controversial term \"latinx\" to comment on a scene of animated film Turbo character Angelo Lopez making a taco. Posted in November 2023, the post since inspired parodies and spawned the A X Making a Y ❤️ Heartwarming phrasal template .\nOrigin On November 9th, 2023, X [1] [2] user @GladFan5 posted a scene from the 2013 animated film Turbo in which character Angelo Lopez is making a taco, captioning the video, \"a latinx making a taco ❤️ heartwarming\" (shown below, left). The post received over 1,800 reposts and 6,500 likes prior to the account getting suspended.\nThe post later received a community note which claimed that the post used \"a term that is offensive to Latinos\" and that the video \"showed a completely distorted form of Mexican tacos.\"\nSpread The post inspired viral reactions on X / Twitter. For example, on November 9th, 2024, X [3] user @PKontwt made a post that garnered over 390 reposts and 8,500 likes in four months (shown below, left). On November 11th, 2023, X [4] user @GrumpyCatterman made a comment that gained over 100 reposts and 490 likes in the same period (shown below, right).\nIn the following weeks, the phrase \"a latinx making a taco ❤️ heartwarming\" achieved spread, being used as a caption and a phrasal template. For example, on November 21st, 2023, X [5] user @ashpile985 posted a Jollyposting edit that garnered over 8,000 reposts and 49,000 likes in four months.\nVarious Examples\nSearch Interest External References [1] X – @GladFan5\n[2] X – @GrumpyCatterman\n[3] X – @PKontwt\n[4] X – @GrumpyCatterman\n[5] X – @ashpile985\nRelated Entries 1 total Bungie Latinx Controversy",
    "highlightText": "",
    "highlightTitle": "",
    "highlightThreadTitle": "",
    "language": "english",
    "sentiment": "positive",
    "categories": [
        "Lifestyle and Leisure",
        "Human Interest"
    ],
    "external_links": [
        "https://twitter.com/ashpile985/status/1726995037911921055",
        "https://twitter.com/GladFan5/status/1722777676790821297",
        "https://www.trends.google.com/trends/embed/explore/TIMESERIES?eq=date%3Dall&geo=&q=a+latinx+making+a+taco&req=%7B%22comparisonItem%22%3A%5B%7B%22keyword%22%3A%22a+latinx+making+a+taco%22%2C%22geo%22%3A%22%22%2C%22time%22%3A%22all%22%7D%5D%2C%22category%22%3A0%2C%22property%22%3A%22%22%7D&tz=0",
        "https://www.twitter.com/ashpile985/status/1726995037911921055",
        "https://twitter.com/PKontwt/status/1722836909486211321",
        "https://www.twitter.com/GladFan5/status/1722777676790821297",
        "https://www.twitter.com/PKontwt/status/1722836909486211321",
        "https://twitter.com/GrumpyCatterman/status/1723363312031687157",
        "https://trends.google.com/trends/embed/explore/TIMESERIES",
        "https://www.twitter.com/GrumpyCatterman/status/1723363312031687157",
        "https://trends.google.com/trends/embed/explore/TIMESERIES?eq=date%3Dall&geo=&q=a+latinx+making+a+taco&req=%7B%22comparisonItem%22%3A%5B%7B%22keyword%22%3A%22a+latinx+making+a+taco%22%2C%22geo%22%3A%22%22%2C%22time%22%3A%22all%22%7D%5D%2C%22category%22%3A0%2C%22property%22%3A%22%22%7D&tz=0"
    ],
    "external_images": [],
    "entities": {
        "persons": [
            {
                "name": "angelo lopez",
                "sentiment": "none"
            }
        ],
        "organizations": [],
        "locations": []
    },
    "rating": null,
    "crawled": "2024-03-15T00:08:35.924+02:00",
    "updated": "2024-03-15T00:08:35.924+02:00"
}