{
    "thread": {
        "uuid": "d132b8b381eaf775f3cda5ba30515a903d124e76",
        "url": "https://www.semana.com/finanzas/trabajo-y-educacion/articulo/embajada-de-canada-necesita-colombianos-sin-experiencia-y-paga-37-millones-ofrece-horarios-flexibles/202400",
        "site_full": "www.semana.com",
        "site": "semana.com",
        "site_section": "https://www.semana.com/finanzas",
        "site_categories": [
            "media",
            "top_news"
        ],
        "section_title": "Semana.com -  Últimas Noticias de Colombia y el Mundo",
        "title": "Embajada de Canadá necesita colombianos sin experiencia y paga $3,7 millones; ofrece horarios flexibles",
        "title_full": "Embajada de Canadá necesita colombianos sin experiencia y paga $3,7 millones; ofrece horarios flexibles",
        "published": "2024-03-15T00:05:00.000+02:00",
        "replies_count": 0,
        "participants_count": 1,
        "site_type": "news",
        "country": "CO",
        "main_image": "https://www.semana.com/resizer/iBM0cZoareiBVHhavbZDagThGFM=/1280x720/smart/filters:format(jpg):quality(80)/cloudfront-us-east-1.images.arcpublishing.com/semana/YKLBYRFNPJH2DOZ6RFB3GCMEPQ.jpg",
        "performance_score": 0,
        "domain_rank": 6139,
        "domain_rank_updated": "2024-03-12T12:10:46.000+02:00",
        "reach": null,
        "social": {
            "facebook": {
                "likes": 0,
                "comments": 0,
                "shares": 0
            },
            "gplus": {
                "shares": 0
            },
            "pinterest": {
                "shares": 0
            },
            "linkedin": {
                "shares": 0
            },
            "stumbledupon": {
                "shares": 0
            },
            "vk": {
                "shares": 0
            }
        }
    },
    "uuid": "d132b8b381eaf775f3cda5ba30515a903d124e76",
    "url": "https://www.semana.com/finanzas/trabajo-y-educacion/articulo/embajada-de-canada-necesita-colombianos-sin-experiencia-y-paga-37-millones-ofrece-horarios-flexibles/202400",
    "ord_in_thread": 0,
    "parent_url": null,
    "author": "Redacción Economía",
    "published": "2024-03-15T00:05:00.000+02:00",
    "title": "Embajada de Canadá necesita colombianos sin experiencia y paga $3,7 millones; ofrece horarios flexibles",
    "text": "La Embajada de Estados Unidos en Colombia, la cual está ubicada en el occidente de Bogotá, abrió la semana pasada una nueva convocatoria laboral. El consulado puntualizó que los aspirantes no necesitan contar con mucha experiencia para postularse ala oferta de empleo disponible. ¿Cuál es el perfil que piden? * Apoyo al Programa de Migración (Empleado de Emergencia) Funciones - Bajo supervisión general, el candidato brinda servicios de apoyo multitarea para la ejecución de programas de Inmigración, Refugiados y Ciudadanía de Canadá a través de ejercicios de integridad del programa, apoyo administrativo y otros tipos de apoyo a los clientes.- Requiere adquirir experiencia en el uso de sistemas informáticos departamentales y seguir cuidadosamente los procedimientos y pautas establecidos.- El candidato debe ser un excelente integrante del equipo, prestando mucha atención a los detalles.- Tiene que realizar tareas repetitivas durante un período de tiempo. Requisitos • Dominio escrito y oral del inglés y del francés.• Dominio escrito y oral del español.• Experiencia en análisis de datos.• Experiencia en la creación y edición de correspondencia.• Experiencia en manejo de inventarios (suministros, finanzas, etc.).• Capacidad para trabajar horas extras.• Control de seguridad: Obtenga y mantenga un estado de confiabilidad (nivel de seguridad) que incluya una verificación de antecedentes penales y una verificación de crédito del Gobierno de Canadá que cubra todo el período de empleo. Beneficios - Salario: 3.705.497 pesos colombianos mensuales (salario por hora de $22.726,42)- Tipo de contrato: Emergencia, el empleo no puede exceder un período total de 125 días trabajados en un año calendario.- Horario de trabajo: Horarios flexibles dependiendo de las necesidades de emergencia/proyecto.- Ubicación: Embajada de Canadá en Colombia, Cra. 7, No. 114-33, Piso 14, Bogotá, Colombia.- Fecha límite de solicitud: 15 de marzo de 2024.¿Cómo aplicar a la vacante?• Debes enviar tu CV (en inglés o francés) a BGOTA.humanresources@international.gc.ca .• La línea de asunto debe incluir “Reclutamiento EMLES” ÁREA DE SELECCIÓN.• Luego debe dirigirse a CALIFICACIONES ESENCIALES.• Diploma de Estudios secundarios.• Dominio escrito y oral del inglés o francés (B2 o superior).• No se necesita mucha experiencia; este es un puesto de nivel inicial.“Nuestra organización ofrece un ambiente de trabajo inclusivo, donde el respeto, el trabajo en equipo y la colaboración son parte de nuestra cultura. Las misiones de Canadá en el extranjero están comprometidas a promover y apoyar un entorno libre de acoso y discriminación, así como a alentar y ayudar a los empleados a aprender y desarrollar sus habilidades y competencias” , concluyó la embajada.",
    "highlightText": "",
    "highlightTitle": "",
    "highlightThreadTitle": "",
    "language": "spanish",
    "sentiment": "positive",
    "categories": [
        "Human Interest",
        "Economy, Business and Finance"
    ],
    "external_links": [],
    "external_images": [],
    "entities": {
        "persons": [],
        "organizations": [],
        "locations": []
    },
    "rating": null,
    "crawled": "2024-03-15T00:25:40.127+02:00",
    "updated": "2024-03-15T00:25:40.127+02:00"
}