{
    "thread": {
        "uuid": "30b437d729bfd7655e83d3c62a740d3f45543e1a",
        "url": "https://24.sapo.pt/atualidade/artigos/trump-autorizou-operacao-secreta-da-cia-nas-redes-sociais-chinesas",
        "site_full": "24.sapo.pt",
        "site": "sapo.pt",
        "site_section": "http://24.sapo.pt",
        "site_categories": [
            "media"
        ],
        "section_title": "SAPO 24",
        "title": "Trump autorizou operação secreta da CIA nas redes sociais chinesas - Atualidade - SAPO 24",
        "title_full": "Trump autorizou operação secreta da CIA nas redes sociais chinesas - Atualidade - SAPO 24",
        "published": "2024-03-15T00:09:00.000+02:00",
        "replies_count": 0,
        "participants_count": 1,
        "site_type": "news",
        "country": "PT",
        "main_image": "https://thumbs.web.sapo.io/?W=1200&amp;H=630&amp;delay_optim=1&amp;tv=1&amp;crop=center&amp;bottom_overlay=https%3A%2F%2Fsapo24.web.sapo.io%2Fassets%2Fimg%2F24-sapo%2Ffacebook-overlay.png&amp;epic=NWYyWLiqoBA/1rIVv1FwoDV7hs2rqnzc0Sf+8oNy8dHwLAJeMzkKyO/hpbjIgzu7294cDoRBYuaIZCzrsTi4Uphfn4qGMonJbQLqc/rF0lmCzaY=",
        "performance_score": 0,
        "domain_rank": 1787,
        "domain_rank_updated": "2024-03-12T12:10:46.000+02:00",
        "reach": null,
        "social": {
            "facebook": {
                "likes": 0,
                "comments": 0,
                "shares": 1
            },
            "gplus": {
                "shares": 0
            },
            "pinterest": {
                "shares": 0
            },
            "linkedin": {
                "shares": 0
            },
            "stumbledupon": {
                "shares": 0
            },
            "vk": {
                "shares": 0
            }
        }
    },
    "uuid": "30b437d729bfd7655e83d3c62a740d3f45543e1a",
    "url": "https://24.sapo.pt/atualidade/artigos/trump-autorizou-operacao-secreta-da-cia-nas-redes-sociais-chinesas",
    "ord_in_thread": 0,
    "parent_url": null,
    "author": "visao.sapo.pt",
    "published": "2024-03-15T00:09:00.000+02:00",
    "title": "Trump autorizou operação secreta da CIA nas redes sociais chinesas - Atualidade - SAPO 24",
    "text": "A notícia esta a ser avançada esta quinta-feira pela Reuters , que escreve que Trump estava há dois anos em funções como Presidente dos Estados Unidos quando autorizou esta operação secreta da CIA.\nSegundo ex-oficiais com conhecimento direto desta operação, o objetivo era usar as redes sociais para influenciar a opinião pública chinesa contra o seu governo de Xi Jinping.\nEsta operação foi realizada por uma pequena equipa de operacionais que usaram identidades falsas para espalhar narrativas nas redes sociais chinesas contra o governo de Xi Jinping. Ao mesmo tempo, divulgavam informações depreciativas a meios de comunicação social estrangeiros.\nA operação teve início em 2019 e não tinha sido do conhecimento público até hoje.\nA equipa da CIA responsável por esta operação promoveu alegações de que membros do Partido Comunista chinês em funções esconderam dinheiro ilícito no estrangeiro, além de criticarem duramente a iniciativa chinesa Rota da Seda, que visa aumentar a influência da China através do financiamento de infra-estruturas pelo mundo, sobretudo nos países em desenvolvimento.\nAs autoridades norte-americanas recusaram fornecer detalhes, mas garantem que as informações depreciativas veiculadas eram baseadas em factos. Não são claras as consequências desta operação secreta conduzida em 2019 e a porta-voz de Biden no Conselho Nacional de Segurança, Kate Waters, recusou esclarecer se o programa ainda se mantém ativo.\nPorque o seu tempo é precioso. Subscreva a newsletter do SAPO 24.",
    "highlightText": "",
    "highlightTitle": "",
    "highlightThreadTitle": "",
    "language": "portuguese",
    "sentiment": "positive",
    "categories": [
        "Human Interest",
        "Crime, Law and Justice",
        "Health"
    ],
    "external_links": [
        "http://facebook.com/24sapo",
        "http://twitter.com/24sapo",
        "https://www.reuters.com/world/us/trump-launched-cia-covert-influence-operation-against-china-2024-03-14/",
        "http://instagram.com/24sapo",
        "http://thumbs.web.sapo.io/?W=1200&H=627&crop=center&delay_optim=1&epic=NWYyWLiqoBA/1rIVv1FwoDV7hs2rqnzc0Sf+8oNy8dHwLAJeMzkKyO/hpbjIgzu7294cDoRBYuaIZCzrsTi4Uphfn4qGMonJbQLqc/rF0lmCzaY=",
        "https://www.reuters.com/world/us/trump-launched-cia-covert-influence-operation-against-china-2024-03-14",
        "http://www.thumbs.web.sapo.io/?W=1200&H=627&crop=center&delay_optim=1&epic=NWYyWLiqoBA/1rIVv1FwoDV7hs2rqnzc0Sf+8oNy8dHwLAJeMzkKyO/hpbjIgzu7294cDoRBYuaIZCzrsTi4Uphfn4qGMonJbQLqc/rF0lmCzaY=",
        "http://www.twitter.com/24sapo",
        "https://reuters.com/world/us/trump-launched-cia-covert-influence-operation-against-china-2024-03-14/",
        "http://thumbs.web.sapo.io/",
        "http://www.facebook.com/24sapo",
        "http://www.instagram.com/24sapo"
    ],
    "external_images": [],
    "entities": {
        "persons": [],
        "organizations": [],
        "locations": []
    },
    "rating": null,
    "crawled": "2024-03-15T00:12:18.157+02:00",
    "updated": "2024-03-15T03:59:36.370+02:00"
}