{
    "thread": {
        "uuid": "1d6193323fc512f31f7acfc08877585cee4b9d80",
        "url": "https://www.waaytv.com/news/huntsville/aka-celebrates-75-years-of-sisterhood-and-service-to-community-in-north-alabama/article_495de9d8-e24b-11ee-ae52-a710f0d01bc4.html",
        "site_full": "www.waaytv.com",
        "site": "waaytv.com",
        "site_section": "http://www.waaytv.com/search/?q=&quot;seminole&quot;&t=&l=25&d=&d1=&d2=&s=start_time&sd=desc&f=rss",
        "site_categories": [
            "media"
        ],
        "section_title": "www.waaytv.com - RSS Results",
        "title": "AKA celebrates 75 Years of sisterhood and service to community in North Alabama",
        "title_full": "AKA celebrates 75 Years of sisterhood and service to community in North Alabama",
        "published": "2024-03-14T20:39:00.000+02:00",
        "replies_count": 0,
        "participants_count": 1,
        "site_type": "news",
        "country": "US",
        "main_image": "https://bloximages.newyork1.vip.townnews.com/waaytv.com/content/tncms/assets/v3/editorial/6/7d/67db4f18-e24b-11ee-bb78-0bd9eb1f5144/65f36ed5d3442.image.jpg?crop=973%2C511%2C0%2C31&amp;resize=973%2C511&amp;order=crop%2Cresize",
        "performance_score": 0,
        "domain_rank": 27806,
        "domain_rank_updated": "2024-03-12T12:10:46.000+02:00",
        "reach": null,
        "social": {
            "facebook": {
                "likes": 0,
                "comments": 0,
                "shares": 0
            },
            "gplus": {
                "shares": 0
            },
            "pinterest": {
                "shares": 0
            },
            "linkedin": {
                "shares": 0
            },
            "stumbledupon": {
                "shares": 0
            },
            "vk": {
                "shares": 0
            }
        }
    },
    "uuid": "1d6193323fc512f31f7acfc08877585cee4b9d80",
    "url": "https://www.waaytv.com/news/huntsville/aka-celebrates-75-years-of-sisterhood-and-service-to-community-in-north-alabama/article_495de9d8-e24b-11ee-ae52-a710f0d01bc4.html",
    "ord_in_thread": 0,
    "parent_url": null,
    "author": "Nakell Williams",
    "published": "2024-03-14T20:39:00.000+02:00",
    "title": "AKA celebrates 75 Years of sisterhood and service to community in North Alabama",
    "text": "WAAY 31 evening anchor Nakell Williams will serve as emcee of the Legends' Ball hosted by Alpha Kappa Alpha Sorority, Incorporated – Epsilon Gamma Omega Chapter and Gammu Mu Chapters as they celebrate 75 years of outstanding service in the Huntsville/Madison County area, the Southeastern region, and across the world. In celebration of 75 years of service and sisterhood, the Epsilon Gamma Omega Chapter will host a Pearls and Pretty Girls Sunset Soiree from 4 to 8 p.m. Friday at Stovehouse Event Center. Get ready to indulge in a sophisticated evening filled with music, delectable hors d'oeuvres, and fantastic company. The grand finale event will commence on Saturday at The Legends Ball: Diamond Jubilee of Legends- Celebrating 75 Years of Soaring to Greater Heights. The black-tie event will be at the Von Braun Center Saturn Ballroom. The event will be an extraordinary, memorable, and monumental evening of honoring our \"Living Legends.\" It will include live music, entertainment, dinner, and dancing. All proceeds from both events will be dedicated to scholarships and service programs that will allow the organization to empower and uplift the community.",
    "highlightText": "",
    "highlightTitle": "",
    "highlightThreadTitle": "",
    "language": "english",
    "sentiment": "positive",
    "categories": [
        "Arts, Culture and Entertainment",
        "Social Issue",
        "Human Interest"
    ],
    "external_links": [],
    "external_images": [],
    "entities": {
        "persons": [
            {
                "name": "alpha kapp",
                "sentiment": "negative"
            },
            {
                "name": "nakell williams",
                "sentiment": "negative"
            }
        ],
        "organizations": [
            {
                "name": "stovehouse event center",
                "sentiment": "none"
            },
            {
                "name": "epsilon gamma omega chapter",
                "sentiment": "none"
            },
            {
                "name": "alpha sorority",
                "sentiment": "none"
            }
        ],
        "locations": [
            {
                "name": "north alabama",
                "sentiment": "none"
            },
            {
                "name": "huntsville",
                "sentiment": "none"
            },
            {
                "name": "madison county",
                "sentiment": "none"
            },
            {
                "name": "von braun center saturn ballroom",
                "sentiment": "none"
            },
            {
                "name": "greater heights",
                "sentiment": "none"
            }
        ]
    },
    "rating": null,
    "crawled": "2024-03-15T00:02:45.724+02:00",
    "updated": "2024-03-15T04:31:20.324+02:00"
}