{
    "thread": {
        "uuid": "abf3db2d9aae49887d00c0731085922d19784e26",
        "url": "https://expressdigest.com/gwyneth-paltrow-shares-a-cozy-coffee-catch-up-with-childhood-bestie-mary-wigmore-in-los-angeles",
        "site_full": "expressdigest.com",
        "site": "expressdigest.com",
        "site_section": "https://expressdigest.com/feed/",
        "site_categories": [
            "media"
        ],
        "section_title": "Express Digest",
        "title": "Gwyneth Paltrow shares a cozy coffee catch-up with childhood bestie Mary Wigmore in Los Angeles",
        "title_full": "Gwyneth Paltrow shares a cozy coffee catch-up with childhood bestie Mary Wigmore in Los Angeles",
        "published": "2024-03-14T23:11:00.000+02:00",
        "replies_count": 0,
        "participants_count": 1,
        "site_type": "news",
        "country": "GB",
        "main_image": "",
        "performance_score": 0,
        "domain_rank": 37281,
        "domain_rank_updated": "2024-03-12T12:10:46.000+02:00",
        "reach": null,
        "social": {
            "facebook": {
                "likes": 0,
                "comments": 0,
                "shares": 0
            },
            "gplus": {
                "shares": 0
            },
            "pinterest": {
                "shares": 0
            },
            "linkedin": {
                "shares": 0
            },
            "stumbledupon": {
                "shares": 0
            },
            "vk": {
                "shares": 0
            }
        }
    },
    "uuid": "abf3db2d9aae49887d00c0731085922d19784e26",
    "url": "https://expressdigest.com/gwyneth-paltrow-shares-a-cozy-coffee-catch-up-with-childhood-bestie-mary-wigmore-in-los-angeles",
    "ord_in_thread": 0,
    "parent_url": null,
    "author": "ExpressDigest",
    "published": "2024-03-14T23:11:00.000+02:00",
    "title": "Gwyneth Paltrow shares a cozy coffee catch-up with childhood bestie Mary Wigmore in Los Angeles",
    "text": "By Deirdre Durkan-simonds and Justin Enriquez For Dailymail.com\nPublished: 20:58 GMT, 14 March 2024 | Updated: 21:11 GMT, 14 March 2024\nGwyneth Paltrow was seen catching up with her childhood best friend, Mary Wigmore, over coffee in Los Angeles, California on Thursday morning.\nWhile walking out of a café together, the Goop founder and film director, both 51, were seen chatting away as they held onto their warm beverages in the parking lot.\nFor their laid-back outing, the Oscar winner sported a black t-shirt, matching leggings and a grey sweatshirt wrapped around her slender waist.\nShe completed her casual ensemble with a pair of aviator sunglasses over her light blue eyes and a pair of charcoal grey sneakers with neon yellow accents.\nGwyneth Paltrow was seen catching up with her childhood best friend, Mary Wigmore, over coffee in Los Angeles , California on Thursday morning\nHer signature sunny blonde tresses cascaded down her shoulders in loose waves as she strolled back to her car, alongside her longtime pal.\nPaltrow, who is married to Brad Falchuk, showcased her natural beauty with little makeup.\nWigmore wore a crewneck sweatshirt, blue baseball cap, leggings and tennis shoes.\nIn 2020, Paltrow described Wigmore as her ‘dearest’ and ‘oldest’ pal, alongside a sweet birthday tribute.\nAt the time, she also shared throwback images of them together from their first day of elementary school, playing soccer as kids on the same team and family vacations.\nOver the years, the mother-of-two has talked about the positive effect that Wigmore and her other lifelong friends have had on her life.\n‘It has helped my life and attitude that I’ve had the same friends for most of my life. I met one, Mary Wigmore, on the first day of kindergarten, aged four, and three or four others I met at the age of five,’ she told The Sun in 2011.\nShe continued: ‘We have been very close throughout and have all heard each other’s stories about growing up… the laughter between us has been the most important thing, at any age.’\nWhile walking out of a café together, the Goop founder and film director, both 51, were seen chatting away as they held onto their warm beverages in the parking lot\nIn 2020, Paltrow described Wigmore as her ‘dearest’ and ‘oldest’ pal, alongside a sweet birthday tribute\nWigmore seen in the front row (on the far left next to Stella McCartney) at Paltrow’s bachelorette weekend in Mexico in 2018\nWigmore is also a contributor for Gwyneth’s wellness and lifestyle brand and company, Goop, and has written a few articles for the website.\nMary is a success in Hollywood in her own right as she starred in Shallow Hal and The Royal Tenenbaums.\nShe has since moved on to directing as she directed a season 9 episode of American Horror Story – titled Slashdance – in 2019 in addition to an episode of 9-1-1 that same year.\nMary also seems to have a good working relationship with Gwyneth’s ex Chris Martin as she has directed several music videos for his band Coldplay including 2014’s Midnight, 2006’s The Hardest Part and lyric video for Hypnotised in 2017.\n:\nGwyneth Paltrow shares a cozy coffee catch-up with childhood bestie Mary Wigmore in Los Angeles\n***\nRead more at DailyMail.co.uk",
    "highlightText": "",
    "highlightTitle": "",
    "highlightThreadTitle": "",
    "language": "english",
    "sentiment": "positive",
    "categories": [
        "Human Interest",
        "Lifestyle and Leisure"
    ],
    "external_links": [
        "https://www.dailymail.co.uk/tvshowbiz/article-13198925/Gwyneth-Paltrow-coffee-childhood-bestie-Mary-Wigmore.html?ns_mchannel=rss&ns_campaign=1490&ito=1490",
        "https://dailymail.co.uk/tvshowbiz/article-13198925/Gwyneth-Paltrow-coffee-childhood-bestie-Mary-Wigmore.html?ns_mchannel=rss&ns_campaign=1490&ito=1490",
        "https://www.dailymail.co.uk/tvshowbiz/article-13198925/Gwyneth-Paltrow-coffee-childhood-bestie-Mary-Wigmore.html"
    ],
    "external_images": [],
    "entities": {
        "persons": [
            {
                "name": "mary wigmore",
                "sentiment": "negative"
            },
            {
                "name": "wigmore",
                "sentiment": "none"
            },
            {
                "name": "brad falchuk",
                "sentiment": "none"
            }
        ],
        "organizations": [],
        "locations": [
            {
                "name": "los angeles gwyneth paltrow",
                "sentiment": "none"
            },
            {
                "name": "gwyneth paltrow",
                "sentiment": "none"
            },
            {
                "name": "paltrow",
                "sentiment": "none"
            },
            {
                "name": "los angeles",
                "sentiment": "none"
            },
            {
                "name": "california",
                "sentiment": "none"
            }
        ]
    },
    "rating": null,
    "crawled": "2024-03-15T00:00:39.379+02:00",
    "updated": "2024-03-15T02:50:13.263+02:00"
}