{
    "thread": {
        "uuid": "02adb043ded15114aa99fa9fa16dbfddddd67620",
        "url": "https://www.canalrcn.com/super-like/gente/yina-calderon-hablo-del-embarazo-de-ana-lucia-dominguez-192383",
        "site_full": "www.canalrcn.com",
        "site": "canalrcn.com",
        "site_section": "https://www.canalrcn.com/",
        "site_categories": [
            "hobbies_and_interests",
            "candle_and_soap_making",
            "top_news"
        ],
        "section_title": "Canal RCN",
        "title": "Yina Calderón habló del embarazo de Ana Lucía Domínguez",
        "title_full": "Yina Calderón habló del embarazo de Ana Lucía Domínguez",
        "published": "2024-03-14T23:38:00.000+02:00",
        "replies_count": 0,
        "participants_count": 1,
        "site_type": "news",
        "country": "CO",
        "main_image": "https://imagenes.canalrcn.com/lomaslike/yina-calderon-hablo-del-embarazo-de-ana-lucia-dominguez.webp?VersionId=YVNu_WxT996qAaMTw9JYhr9gKkDvMJ9F",
        "performance_score": 0,
        "domain_rank": 58498,
        "domain_rank_updated": "2024-03-12T12:13:34.000+02:00",
        "reach": null,
        "social": {
            "facebook": {
                "likes": 0,
                "comments": 0,
                "shares": 0
            },
            "gplus": {
                "shares": 0
            },
            "pinterest": {
                "shares": 0
            },
            "linkedin": {
                "shares": 0
            },
            "stumbledupon": {
                "shares": 0
            },
            "vk": {
                "shares": 0
            }
        }
    },
    "uuid": "02adb043ded15114aa99fa9fa16dbfddddd67620",
    "url": "https://www.canalrcn.com/super-like/gente/yina-calderon-hablo-del-embarazo-de-ana-lucia-dominguez-192383",
    "ord_in_thread": 0,
    "parent_url": null,
    "author": "canalrcn.com",
    "published": "2024-03-14T23:38:00.000+02:00",
    "title": "Yina Calderón habló del embarazo de Ana Lucía Domínguez",
    "text": "Ana Lucia Domínguez y Jorge Cárdenas se encuentran en el mejor momento de sus vidas , pues los cimientos de su relación recibirán a un retoño que será una pieza fundamental de entregar un sinfín de pinceladas de colores. Yina Calderón dio su opinión acerca del embarazo de Ana Lucía Domínguez El idílico momento cautivó al mundo en las redes sociales y en esta oportunidad fue Yina Calderón , quien se encargó de apaciguar las prominentes mareas que alteraron la tranquilidad de la pareja.\nNo dejes de leer\nConoce a los participantes de La casa de los famosos Colombia 2024 Así fue la reacción de Nataly Umaña tras la visita de Alejandro Estrada El lazo romántico, que lleva 15 años, presenció una oleada de comentarios acerca de la edad de la mujer, sin embargo, unas de las grandes personalidades de las redes sociales expertas en entregar su opinión desde su etapa en ‘ Protagonistas de Nuestra Tela’, dio una certera opinión en cuenta de Instagram.\nLa oriunda de Oporapa entregó una frase capaz de encantar a una gran parte de los internautas tras afirmar que una mujer puede entrar en el milagro de la vida sin importar su edad y cada una tiene el libre albedrío de escoger.\nElla resaltó que el número no es impedimento para fungir el rol de madre , pues el esperar solo significa la completa preparación de la involucrada y es consciente de su preparación para crear un hogar perfecto y así conseguir la crianza del retoño.",
    "highlightText": "",
    "highlightTitle": "",
    "highlightThreadTitle": "",
    "language": "spanish",
    "sentiment": "positive",
    "categories": [
        "Arts, Culture and Entertainment",
        "Human Interest"
    ],
    "external_links": [],
    "external_images": [],
    "entities": {
        "persons": [],
        "organizations": [],
        "locations": []
    },
    "rating": null,
    "crawled": "2024-03-15T00:25:47.102+02:00",
    "updated": "2024-03-15T00:25:47.102+02:00"
}