{
    "thread": {
        "uuid": "033d51e09ca0e3868eb85c31c49a0711be34324e",
        "url": "https://themerkle.com/the-befe-coin-bonanza-turning-100-into-a-whopping-2-million-heres-how",
        "site_full": "themerkle.com",
        "site": "themerkle.com",
        "site_section": "https://themerkle.com/rss",
        "site_categories": [
            "finance"
        ],
        "section_title": "The Merkle News",
        "title": "The BEFE Coin Bonanza: Turning $100 Into a Whopping $2 Million – Here’s How!",
        "title_full": "The BEFE Coin Bonanza: Turning $100 Into a Whopping $2 Million – Here’s How!",
        "published": "2024-03-14T22:54:00.000+02:00",
        "replies_count": 0,
        "participants_count": 1,
        "site_type": "news",
        "country": "US",
        "main_image": "https://themerkle.com/wp-content/uploads-new/2024/03/IMG_20240314_215013_756.jpg",
        "performance_score": 0,
        "domain_rank": 44195,
        "domain_rank_updated": "2024-03-12T12:13:34.000+02:00",
        "reach": null,
        "social": {
            "facebook": {
                "likes": 0,
                "comments": 0,
                "shares": 0
            },
            "gplus": {
                "shares": 0
            },
            "pinterest": {
                "shares": 0
            },
            "linkedin": {
                "shares": 0
            },
            "stumbledupon": {
                "shares": 0
            },
            "vk": {
                "shares": 0
            }
        }
    },
    "uuid": "033d51e09ca0e3868eb85c31c49a0711be34324e",
    "url": "https://themerkle.com/the-befe-coin-bonanza-turning-100-into-a-whopping-2-million-heres-how",
    "ord_in_thread": 0,
    "parent_url": null,
    "author": "Will Izuchukwu",
    "published": "2024-03-14T22:54:00.000+02:00",
    "title": "The BEFE Coin Bonanza: Turning $100 Into a Whopping $2 Million – Here’s How!",
    "text": "The cryptocurrency community is searching for the next big coin as the bull run is currently in full throttle. It’s really hard to invest in a meme coin before it takes off. Buying the coin early requires you to do so at a lesser price before demand picks up and the price increases.\nThe time has gone to turn $100 dollars into a million or two dollars through bitcoin or other major altcoins. Getting in early on meme coins is probably the best way to make that kind of money right now. People are on the lookout for coins that inculcate the elements of fun associated with a meme coin while also having some track record. BEFE is one such coin that fits this criteria.\nWhat is BEFE?\nBEFE’s case is strengthened by the fact that it was introduced without a presale and has no taxes. Launched in late 2023, the Blockchain Ecosystem for Everyone Token, or\nBEFE Coin, had no presale and no taxes attached. Participating early investors in BEFE’s fair debut have experienced an amazing 550% return on their capital.\nWith a strong and growing community behind BEFE, a healthy daily transaction volume, and the right tokenomics supporting it, crypto analysts predict that BEFE should break $9.4 per coin or 1,999,990% increase in value from its current price at $0.00047 in the next few months. If you play your cards right you could turn a mere $100 into $2,000,000 with BEFE.\nBEFE’s value increased by almost 30% in February 2024 and reached an all time high on 10 March at $0.0006718 making it ripe for takeoff right now. With the right amount of excitement behind BEFE, the proven track record so far, and being inches away from exploding, BEFE provides you with an excellent opportunity to turn your $100 into millions.\nConclusion\nThe general cryptocurrency market is ready for a further bounce as the excitement surrounding the impending Bitcoin halving builds. Coins like BEFE, which have made a strong case for themselves before this event, are all but set to go to the moon, making it an intriguing alternative for investors wanting large returns. Meme coins like\nBEFE and other tokens are primed for a strong upward price movement similar to previous halving cycles. But before you go off on your moonshot, remember that meme coins are highly volatile so remember to DYOR and HODL.\nTo know more about BEFE, Visit\nhttps://befetoken.com/?utm_source=rich7&utm_medium=rich7&utm_campaign=rich7\nBuy BEFE coin from the below exchanges now!\nBuy on\n<a href=\"https://www.gate.io/trade/BEFE_USDT\">Gate.io – BEFE/USDT\n</a>Buy on MEXC – BEFE/USDTBuy on\nPancakeswapBuy on\nUniswap\n ",
    "highlightText": "",
    "highlightTitle": "",
    "highlightThreadTitle": "",
    "language": "english",
    "sentiment": "positive",
    "categories": [
        "Human Interest",
        "Science and Technology",
        "Economy, Business and Finance"
    ],
    "external_links": [
        "https://www.mexc.com/exchange/BEFE_USDT",
        "https://www.app.uniswap.org/swap?outputCurrency=0x0cc488a3f6c9a569614912e421115995493fdfec",
        "https://app.uniswap.org/swap?outputCurrency=0x0cc488a3f6c9a569614912e421115995493fdfec",
        "https://pancakeswap.finance/swap?outputCurrency=0x57185189118c7e786cafd5c71f35b16012fa95ad",
        "https://www.befetoken.com/?utm_source=rich7&utm_medium=rich7&utm_campaign=rich7",
        "https://befetoken.com/?utm_source=rich6&utm_medium=rich6&utm_campaign=rich6",
        "https://www.gate.io/trade/BEFE_USDT",
        "https://www.befetoken.com/?utm_source=rich6&utm_medium=rich6&utm_campaign=rich6",
        "https://www.pancakeswap.finance/swap?outputCurrency=0x57185189118c7e786cafd5c71f35b16012fa95ad",
        "https://befetoken.com/",
        "https://gate.io/trade/BEFE_USDT",
        "https://app.uniswap.org/swap",
        "https://befetoken.com/?utm_source=rich7&utm_medium=rich7&utm_campaign=rich7",
        "https://mexc.com/exchange/BEFE_USDT",
        "https://pancakeswap.finance/swap"
    ],
    "external_images": [],
    "entities": {
        "persons": [],
        "organizations": [
            {
                "name": "befe",
                "sentiment": "none"
            }
        ],
        "locations": []
    },
    "rating": null,
    "crawled": "2024-03-15T00:28:54.973+02:00",
    "updated": "2024-03-15T00:28:54.973+02:00"
}