{
    "thread": {
        "uuid": "f517c466766eba389a206d7026f10b551b2e00a6",
        "url": "https://www.poder360.com.br/governo/alckmin-se-encontra-com-comunicadores-evangelicos-conversa-inspiradora",
        "site_full": "www.poder360.com.br",
        "site": "poder360.com.br",
        "site_section": "http://poder360.com.br/feed",
        "site_categories": [
            "politics",
            "law_government_and_politics"
        ],
        "section_title": "Poder360",
        "title": "Alckmin se encontra com comunicadores evangélicos: “Conversa inspiradora”",
        "title_full": "Alckmin se encontra com comunicadores evangélicos: “Conversa inspiradora”",
        "published": "2024-03-15T00:00:00.000+02:00",
        "replies_count": 0,
        "participants_count": 1,
        "site_type": "news",
        "country": "BR",
        "main_image": "https://static.poder360.com.br/2024/03/geraldo-alckmin-lideres-evangelicos-14-mar-2024-848x477.jpeg",
        "performance_score": 0,
        "domain_rank": 15424,
        "domain_rank_updated": "2024-03-12T12:10:46.000+02:00",
        "reach": null,
        "social": {
            "facebook": {
                "likes": 0,
                "comments": 0,
                "shares": 0
            },
            "gplus": {
                "shares": 0
            },
            "pinterest": {
                "shares": 0
            },
            "linkedin": {
                "shares": 0
            },
            "stumbledupon": {
                "shares": 0
            },
            "vk": {
                "shares": 0
            }
        }
    },
    "uuid": "f517c466766eba389a206d7026f10b551b2e00a6",
    "url": "https://www.poder360.com.br/governo/alckmin-se-encontra-com-comunicadores-evangelicos-conversa-inspiradora",
    "ord_in_thread": 0,
    "parent_url": null,
    "author": "Poder360 ·",
    "published": "2024-03-15T00:00:00.000+02:00",
    "title": "Alckmin se encontra com comunicadores evangélicos: “Conversa inspiradora”",
    "text": "Vice-presidente recebeu representantes de rádios do Estado de São Paulo e disse que as comunidades evangélicas “confortam e informam sobre amor e acolhimento”\nO vice-presidente\nGeraldo Alckmin (PSB) recebeu em seu gabinete nesta 5ª feira (14.mar.2024) representantes de rádios evangélicas do Estado de São Paulo. “Conversa inspiradora”, disse o Alckmin em seu perfil no X (antigo Twitter). “As comunidades evangélicas confortam e informam sobre amor e acolhimento. Como nos ensina a Sagrada Escritura: ‘A verdade deve ser expressa em amor’ (Efésios 4:15)”, completou.\na) Para receber as informações solicitadas, você nos autoriza a usar o seu nome, endereço de e-mail e/ou telefone e assuntos de interesse (a depender da opção assinalada e do interesse indicado). Independentemente da sua escolha, note que o Poder360 poderá lhe contatar para assuntos regulares.\nb) Caso não deseje oferecer o seu consentimento para as divulgações do Poder360, é possível seguir sem receber as informações assinaladas acima. Você poderá, a qualquer momento, se descadastrar de nossos contatos ou revogar o consentimento dado abaixo pelos nossos canais de atendimento.\nc) O Poder360 garantirá o exercício de quaisquer direitos e prerrogativas de proteção de dados pessoais em conformidade com a Lei 13.709/2018.\nMais informações, leia nossa\n[Política de Privacidade](politica-de-privacidade/).\nO Poder360 enviou um e-mail para você confirmar a inscrição. Clique no link enviado para o seu e-mail para concluir o cadastro.\nNão chegou ainda? Dê uma olhada na caixa de spam se a mensagem não tiver aparecido em alguns minutos.",
    "highlightText": "",
    "highlightTitle": "",
    "highlightThreadTitle": "",
    "language": "portuguese",
    "sentiment": "positive",
    "categories": [
        "Religion and Belief",
        "Human Interest"
    ],
    "external_links": [
        "https://twitter.com/geraldoalckmin/status/1768346404949282872",
        "https://www.twitter.com/geraldoalckmin/status/1768346404949282872"
    ],
    "external_images": [],
    "entities": {
        "persons": [],
        "organizations": [],
        "locations": []
    },
    "rating": null,
    "crawled": "2024-03-15T00:05:49.932+02:00",
    "updated": "2024-03-15T00:05:49.932+02:00"
}