{
    "thread": {
        "uuid": "5f259702172287271d4257a689f82db09f4b6ecf",
        "url": "https://elnuevodiario.com.do/dr-milagro-un-drama-de-historias-personales",
        "site_full": "elnuevodiario.com.do",
        "site": "elnuevodiario.com.do",
        "site_section": "https://elnuevodiario.com.do/feed",
        "site_categories": [
            "non_standard_content",
            "top_news"
        ],
        "section_title": "El Nuevo Diario (República Dominicana)",
        "title": "Dr. Milagro: un drama de historias personales",
        "title_full": "Dr. Milagro: un drama de historias personales",
        "published": "2024-03-14T22:13:00.000+02:00",
        "replies_count": 0,
        "participants_count": 1,
        "site_type": "news",
        "country": "DO",
        "main_image": "https://i0.wp.com/nuevodiario-assets.s3.us-east-2.amazonaws.com/wp-content/uploads/2021/05/17070745/IMG-20210321-WA0062-01-01-2.jpeg?resize=640%2C640&ssl=1",
        "performance_score": 0,
        "domain_rank": 81109,
        "domain_rank_updated": "2024-03-12T12:13:38.000+02:00",
        "reach": null,
        "social": {
            "facebook": {
                "likes": 0,
                "comments": 0,
                "shares": 0
            },
            "gplus": {
                "shares": 0
            },
            "pinterest": {
                "shares": 0
            },
            "linkedin": {
                "shares": 0
            },
            "stumbledupon": {
                "shares": 0
            },
            "vk": {
                "shares": 0
            }
        }
    },
    "uuid": "5f259702172287271d4257a689f82db09f4b6ecf",
    "url": "https://elnuevodiario.com.do/dr-milagro-un-drama-de-historias-personales",
    "ord_in_thread": 0,
    "parent_url": null,
    "author": "Mario Antonio Lara Valdez",
    "published": "2024-03-14T22:13:00.000+02:00",
    "title": "Dr. Milagro: un drama de historias personales",
    "text": "«Almas de Guerreros: Llorando y Riéndonos Ante las Adversidades»\nEn el corazón de esta historia se encuentra el Dr. Ali Vefa, un recordatorio poderoso de la fuerza interior y la determinación. Su declaración, «Soy autista, pero también soy un gran doctor que solo busca salvar vidas», desafía las percepciones limitadas y celebra la diversidad humana.\nEn un segundo plano, el Dr. Ferman emerge como un equilibrio, mientras que el Dr. Adil destaca como el verdadero héroe, asumiendo el papel de padre y madre para su hijo despreciado por sus progenitores debido a su condición asi como no comprendido por los demas .\nEl viaje de estos personajes refleja los desafíos y bendiciones de dar vida a seres humanos con necesidades especiales, una experiencia marcada por lágrimas internas y plegarias silenciosas por la supervivencia y la aceptación.\nA través de encuentros en hogares de acogida y experiencias personales, nos vemos obligados a reflexionar sobre la importancia de la compasión y la empatía en nuestras vidas.\nSi bien el éxito profesional merece reconocimiento, el verdadero logro radica en convertirse en licenciados de empatía y maestros del amor al prójimo, dejando una marca perdurable en los corazones que anhelan paz interior.\nDesde la infancia hasta la vejez, atravesamos diferentes etapas marcadas por risas, lágrimas, traumas y, en última instancia, amor y compañía en la soledad.\nLa paternidad se presenta como una oportunidad para formar a las futuras generaciones con amor y valores, preparándolos para enfrentar el mundo con fuerza y dignidad.\nEn un mundo que puede ser hostil, el legado de estos padres amorosos perdura, impregnando nuestras vidas con la fragancia del sándalo incluso en medio de las espadas que enfrentamos.\nEstas producciones logran despertar conciencia ciudadana sobre sobre dramas humanos y condiciones que deben ser expuestos para lograr empatía.\nPor . Mario Antonio Lara Valdez",
    "highlightText": "",
    "highlightTitle": "",
    "highlightThreadTitle": "",
    "language": "spanish",
    "sentiment": "positive",
    "categories": [
        "Arts, Culture and Entertainment",
        "Human Interest"
    ],
    "external_links": [],
    "external_images": [],
    "entities": {
        "persons": [],
        "organizations": [],
        "locations": []
    },
    "rating": null,
    "crawled": "2024-03-15T00:15:57.645+02:00",
    "updated": "2024-03-15T00:15:57.645+02:00"
}