{
    "thread": {
        "uuid": "7929db7fb7d3c8b8478678bf3fb679bd8f2cb3d9",
        "url": "https://www.noticias.ucn.cl/destacado/facultad-de-humanidades-ucn-es-reconocida-por-su-trabajo-en-dd-hh",
        "site_full": "www.noticias.ucn.cl",
        "site": "ucn.cl",
        "site_section": "https://www.noticias.ucn.cl/rss",
        "site_categories": [],
        "section_title": "Noticias UCN al día – Universidad Católica del Norte",
        "title": "Facultad de Humanidades UCN es reconocida por su trabajo en DD HH",
        "title_full": "Facultad de Humanidades UCN es reconocida por su trabajo en DD HH",
        "published": "2024-03-14T22:27:00.000+02:00",
        "replies_count": 0,
        "participants_count": 1,
        "site_type": "news",
        "country": "CL",
        "main_image": "https://www.noticias.ucn.cl/wp-content/uploads/2024/03/Reconocimiento-INDH-FHUM-150x150.jpg",
        "performance_score": 0,
        "domain_rank": 55723,
        "domain_rank_updated": "2024-03-12T12:13:34.000+02:00",
        "reach": null,
        "social": {
            "facebook": {
                "likes": 0,
                "comments": 0,
                "shares": 0
            },
            "gplus": {
                "shares": 0
            },
            "pinterest": {
                "shares": 0
            },
            "linkedin": {
                "shares": 0
            },
            "stumbledupon": {
                "shares": 0
            },
            "vk": {
                "shares": 0
            }
        }
    },
    "uuid": "7929db7fb7d3c8b8478678bf3fb679bd8f2cb3d9",
    "url": "https://www.noticias.ucn.cl/destacado/facultad-de-humanidades-ucn-es-reconocida-por-su-trabajo-en-dd-hh",
    "ord_in_thread": 0,
    "parent_url": null,
    "author": "Pablo Codd",
    "published": "2024-03-14T22:27:00.000+02:00",
    "title": "Facultad de Humanidades UCN es reconocida por su trabajo en DD HH",
    "text": "El INDH agradeció la labor impulsada por la Unidad y sus Escuelas.\nEn el marco de la entrega del Informe Anual 2023 y la cuenta pública de gestión del\nInstituto Nacional de Derechos Humanos (INDH) Sede Antofagasta, este organismo reconoció y agradeció a la Facultad de Humanidades de la Universidad Católica del Norte (UCN) por su apoyo en el trabajo en materias de promoción y educación de los derechos humanos (DD HH).\n“El que hayamos sido convocados a esta ceremonia y haber recibido un reconocimiento por lo que hemos hecho durante el año es un motivo de mucho orgullo y alegría, puesto que pone en valor el trabajo colaborativo que hemos realizado y da cuenta del respaldo a nuestro compromiso con la promoción y defensa de los derechos fundamentales. Espero que este vínculo continúe y se fortalezca aún más en el tiempo”, declaró la decana de la Facultad, Dra. Mónica Guzmán González.\nSi bien el INDH mantiene un convenio de colaboración vigente con la UCN, desde la institución pública reconocen que la Facultad de Humanidades ha sido un “punto focal de trabajo permanente”, tanto con la Escuela de Psicología como con la Escuela de Periodismo.\n“El trabajo con la Facultad de Humanidades nos ha permitido desarrollar diversas actividades para transversalizar el enfoque de derechos humanos en la formación académica y profesional. El marco de los derechos humanos contribuye y reconoce los aportes de las ciencias sociales y las comunicaciones en las transformaciones sociales hacia una cultura de respeto a los derechos humanos de todas, todos y todes”, manifestó la jefa subrogante del INDH Antofagasta, Karen Lagües Farías.\nEntre las actividades realizadas por las distintas unidades de Humanidades UCN se cuentan la\nconmemoración de los 50 años del Golpe Militar, la que incluyó una ruta de la memoria, talleres, un conversatorio y una exposición fílmica; y el seminario Infancias en/y dictadura: Una mirada transgeneracional a 50 años del Golpe Militar, donde se realizó el lanzamiento del cómic Arriba de la Pelota vol.3: Encontrarse en la memoria.",
    "highlightText": "",
    "highlightTitle": "",
    "highlightThreadTitle": "",
    "language": "spanish",
    "sentiment": "positive",
    "categories": [
        "Human Interest",
        "Education"
    ],
    "external_links": [
        "https://humanidadesucn.cl/2023/09/14/facultad-de-humanidades-conmemora-los-50-anos-del-golpe-de-estado-con-simbolica-jornada",
        "https://www.indh.cl/regiones/noticias-regionales/antofagasta/",
        "https://humanidadesucn.cl/2023/09/14/facultad-de-humanidades-conmemora-los-50-anos-del-golpe-de-estado-con-simbolica-jornada/",
        "https://indh.cl/regiones/noticias-regionales/antofagasta/",
        "https://www.indh.cl/regiones/noticias-regionales/antofagasta",
        "https://www.humanidadesucn.cl/2023/09/14/facultad-de-humanidades-conmemora-los-50-anos-del-golpe-de-estado-con-simbolica-jornada/",
        "https://instagram.com/p/C0P9HwStScg/?utm_source=ig_web_copy_link&igsh=MzRlODBiNWFlZA==",
        "https://www.instagram.com/p/C0P9HwStScg/?utm_source=ig_web_copy_link&igsh=MzRlODBiNWFlZA==",
        "https://www.instagram.com/p/C0P9HwStScg/"
    ],
    "external_images": [],
    "entities": {
        "persons": [],
        "organizations": [],
        "locations": []
    },
    "rating": null,
    "crawled": "2024-03-15T00:31:02.284+02:00",
    "updated": "2024-03-15T00:31:02.284+02:00"
}