{
    "thread": {
        "uuid": "63a3a82f566a70b750429d5210994d914f6349eb",
        "url": "http://business.bigspringherald.com/bigspringherald/article/bizwire-2024-4-11-aboard-brings-ai-powered-data-management-to-everyone",
        "site_full": "business.bigspringherald.com",
        "site": "bigspringherald.com",
        "site_section": "http://business.bigspringherald.com/bigspringherald/markets/news",
        "site_categories": [
            "financial_news",
            "finance"
        ],
        "section_title": "Stock Market News | NSDQ, NYSE, and AMEX Stock Market News, Market News Categories, Market Indicators | User | bigspringherald.com ",
        "title": "Aboard Brings AI-Powered Data Management to Everyone | User | bigspringherald.com",
        "title_full": "Aboard Brings AI-Powered Data Management to Everyone | User | bigspringherald.com",
        "published": "2024-04-11T03:00:00.000+03:00",
        "replies_count": 0,
        "participants_count": 1,
        "site_type": "news",
        "country": "US",
        "main_image": "",
        "performance_score": 0,
        "domain_rank": 85299,
        "domain_rank_updated": "2024-04-09T13:11:30.000+03:00",
        "reach": null,
        "social": {
            "facebook": {
                "likes": 0,
                "comments": 0,
                "shares": 0
            },
            "gplus": {
                "shares": 0
            },
            "pinterest": {
                "shares": 0
            },
            "linkedin": {
                "shares": 0
            },
            "stumbledupon": {
                "shares": 0
            },
            "vk": {
                "shares": 0
            }
        }
    },
    "uuid": "63a3a82f566a70b750429d5210994d914f6349eb",
    "url": "http://business.bigspringherald.com/bigspringherald/article/bizwire-2024-4-11-aboard-brings-ai-powered-data-management-to-everyone",
    "ord_in_thread": 0,
    "parent_url": null,
    "author": "Business Wire",
    "published": "2024-04-11T03:00:00.000+03:00",
    "title": "Aboard Brings AI-Powered Data Management to Everyone | User | bigspringherald.com",
    "text": "With Board Builder and Enterprise Software Solutions, It’s A New Era in Human-Data Interaction\nAboard, the AI-powered data management platform for everyone, today releases its latest update. With a suite of enhancements across its web experience, mobile application, and browser extension, Aboard is the leading solution for individuals, teams, and businesses to organize, share, and collaborate on data. The Aboard platform now allows enterprises to create new software solutions in minutes, instead of months.\nCentral to this update is the introduction of \"Board Builder,\" a groundbreaking feature designed to redefine user interaction with software by offering custom-built boards with a simple command. From organizing recipes to compiling research on small business management tools, Board Builder leverages AI to create tailored boards that meet specific user needs, demonstrating Aboard's commitment to making sophisticated data management accessible to everyone.\nBoard Builder’s premise is straightforward: users type what they need, and Board Builder brings it to life. This feature not only showcases Aboard's advanced AI power but also addresses the universal challenge of software onboarding.\n“We’re aiming to make the world’s easiest data management tool for everyone–individuals and groups, organizations and businesses,” said co-founder Richard Ziade, “From small non-profit teams to large companies integrating with legacy systems who need simple software for their thousands of employees, Aboard can help.”\n“Board Builder gives you a starter software kit for just about anything you imagine, in under a minute,” said co-founder Paul Ford. “And then you can rename or add fields and tweak it a little. Suddenly, a half-hour after you had an idea, you’ve got working software customized for you–and your team is in there adding data.”\nBoard Builder is the latest addition to Aboard’s suite of intuitive tools that give people control over data. Since its initial release, Aboard has been a smarter way of organizing data like notes, links, browser tabs, spreadsheet columns, and rows, into highly visual boards that can then be shared, published and collaborated on by teams, friends or family members.\nBy bridging the gap between complex data management requirements and user-friendly interfaces, Aboard is not just transforming the way people interact with software; it's setting the stage for a future where anyone can turn their ideas into custom, functional software in no time.\nFor further information, visit Aboard.com.\nAbout Aboard:\nAboard is an AI-powered data management platform that makes digital life better for users and accelerates software development for enterprises. Aboard is co-founded by software industry veterans Richard Ziade and Paul Ford and is based in New York City.\nView source version on businesswire.com: https://www.businesswire.com/news/home/20240411482391/en/\nContacts press@aboard.com\nData & News supplied by www.cloudquote.io\nStock quotes supplied by Barchart\nQuotes delayed at least 20 minutes.\nBy accessing this page, you agree to the following\nPrivacy Policy and Terms and Conditions .",
    "highlightText": "",
    "highlightTitle": "",
    "highlightThreadTitle": "",
    "language": "english",
    "sentiment": "positive",
    "categories": [
        "Science and Technology"
    ],
    "external_links": [
        "https://www.googletagmanager.com/gtag/js?id=UA-8590502-3",
        "https://www.businesswire.com/news/home/20240411482391/en/",
        "https://www.cloudquote.io/article/5",
        "https://www.cloudquote.io",
        "https://www.cloudquote.io/article/6",
        "https://cts.businesswire.com/ct/CT?id=bwnews&sty=20240411482391r1&sid=fincn&distro=ftp",
        "https://www.googletagmanager.com/gtag/js",
        "https://cloudquote.io/article/5",
        "https://cloudquote.io/article/6",
        "https://googletagmanager.com/gtag/js?id=UA-8590502-3",
        "https://www.cts.businesswire.com/ct/CT?id=bwnews&sty=20240411482391r1&sid=fincn&distro=ftp",
        "https://cloudquote.io",
        "https://www.businesswire.com/news/home/20240411482391/en",
        "https://businesswire.com/news/home/20240411482391/en/",
        "https://cts.businesswire.com/ct/CT"
    ],
    "external_images": [],
    "entities": {
        "persons": [],
        "organizations": [
            {
                "name": "board builder and enterprise software solutions",
                "sentiment": "negative"
            },
            {
                "name": "board builder",
                "sentiment": "none"
            }
        ],
        "locations": [
            {
                "name": "human-data",
                "sentiment": "none"
            }
        ]
    },
    "rating": null,
    "crawled": "2024-04-12T00:40:18.732+03:00",
    "updated": "2024-04-12T00:40:18.732+03:00"
}