{
    "thread": {
        "uuid": "3571f1ed0f359339322ad604353e258e15ee69d1",
        "url": "https://www.elpais.com.co/salud/el-superalimento-repleto-de-calcio-que-posee-propiedades-antioxidantes-1116.html",
        "site_full": "www.elpais.com.co",
        "site": "elpais.com.co",
        "site_section": "https://elpais.com.co/salud",
        "site_categories": [
            "non_standard_content",
            "adult",
            "top_news"
        ],
        "section_title": "Noticias de Cali, Valle y Colombia - Periodico: Diario El País",
        "title": "El superalimento repleto de calcio que posee propiedades antioxidantes",
        "title_full": "El superalimento repleto de calcio que posee propiedades antioxidantes",
        "published": "2024-04-12T00:37:00.000+03:00",
        "replies_count": 0,
        "participants_count": 1,
        "site_type": "news",
        "country": "CO",
        "main_image": "https://www.elpais.com.co/resizer/cS7lnbqDSy-UqU1tbgUzbu9eP3k=/1280x720/smart/filters:format(jpg):quality(80)/cloudfront-us-east-1.images.arcpublishing.com/semana/UKJ4KQYRCRFL5EXSCRLSGUU7SI.jpg",
        "performance_score": 0,
        "domain_rank": 20336,
        "domain_rank_updated": "2024-04-09T13:11:13.000+03:00",
        "reach": null,
        "social": {
            "facebook": {
                "likes": 0,
                "comments": 0,
                "shares": 0
            },
            "gplus": {
                "shares": 0
            },
            "pinterest": {
                "shares": 0
            },
            "linkedin": {
                "shares": 0
            },
            "stumbledupon": {
                "shares": 0
            },
            "vk": {
                "shares": 0
            }
        }
    },
    "uuid": "3571f1ed0f359339322ad604353e258e15ee69d1",
    "url": "https://www.elpais.com.co/salud/el-superalimento-repleto-de-calcio-que-posee-propiedades-antioxidantes-1116.html",
    "ord_in_thread": 0,
    "parent_url": null,
    "author": "Redacción El País",
    "published": "2024-04-12T00:37:00.000+03:00",
    "title": "El superalimento repleto de calcio que posee propiedades antioxidantes",
    "text": "Salud El superalimento repleto de calcio que posee propiedades antioxidantes Este alimento ofrece una amplia gama de beneficios para la salud, conozca cuáles son. [Por: Redacción El País](/autor/redaccion-el-pais/) La moringa, conocida científicamente como Moringa oleifera, es un árbol originario de la India, aunque también se cultiva en Asia, África y América del Sur. Reconocida por sus múltiples usos nutricionales y medicinales, la moringa ha sido denominada “el árbol de la vida”. [ Este artículo se enfoca en desvelar los increíbles beneficios de la moringa en el organismo, prestando especial atención a su alto contenido de calcio y sus propiedades antioxidantes.](https://www.elpais.com.co/salud/como-se-toma-la-semilla-de-moringa-y-para-que-sirve-0430.html) ¿Qué es la Moringa? La moringa es un árbol de rápido crecimiento y resistente a la sequía, cuyas hojas, semillas, raíz y hasta la corteza se utilizan para diferentes propósitos nutricionales y medicinales. Las hojas de moringa son la parte más nutritiva del árbol, siendo ricas en vitaminas, minerales y proteínas. En muchos países, especialmente en aquellos con altos índices de malnutrición, la moringa se ha utilizado para mejorar la nutrición debido a su impresionante perfil de nutrientes. Alto contenido de calcio Una de las características nutricionales más destacadas de la moringa es su alto contenido de calcio. Las hojas de moringa contienen cuatro veces más calcio que la leche, lo que las convierte en una excelente opción para fortalecer los huesos y los dientes. Este mineral es esencial no solo para la salud ósea, sino también para la función muscular adecuada, la transmisión nerviosa y la coagulación sanguínea. Incorporar moringa en la dieta puede ser especialmente beneficioso para personas que son intolerantes a la lactosa o que no consumen productos lácteos, proporcionándoles una fuente alternativa de calcio. Propiedades antioxidantes La moringa es altamente valorada por sus propiedades antioxidantes. Contiene varios tipos de antioxidantes como la vitamina C, beta-caroteno, quercetina y clorogenic acid. Estos antioxidantes juegan un papel crucial en proteger el cuerpo contra el daño causado por los radicales libres, [que son moléculas inestables que pueden causar daño celular y contribuir al envejecimiento y a enfermedades como el cáncer.](https://www.elpais.com.co/salud/asi-se-prepara-el-te-de-moringa-para-mejorar-la-circulacion-de-la-sangre-3106.html) Los estudios sugieren que los antioxidantes en la moringa no solo ayudan a reducir el estrés oxidativo, sino que también mejoran la función inmunológica y la salud general. Por ejemplo, la quercetina —un potente antioxidante presente en las hojas de moringa— ha demostrado tener propiedades antiinflamatorias, lo que puede ayudar en el tratamiento de condiciones inflamatorias crónicas. Beneficios generales para la salud Además de su contenido en calcio y sus propiedades antioxidantes, la moringa ofrece otros beneficios para la salud que incluyen: - Mejora de la salud digestiva: La moringa tiene propiedades antiinflamatorias y es rica en fibra, lo que ayuda a mejorar la digestión y a combatir condiciones como el estreñimiento. - Control del azúcar en sangre: Algunos estudios indican que la moringa puede ayudar a reducir los niveles de glucosa en sangre, beneficiando así a personas con diabetes. - Soporte para el sistema inmunológico: Gracias a su alta concentración de vitaminas y minerales, la moringa puede fortalecer el sistema inmunológico, ayudando al cuerpo a combatir infecciones. - Salud cardiovascular: La moringa puede contribuir a la salud del corazón mediante la reducción de la presión arterial, la disminución de los niveles de colesterol y la prevención de la formación de placas en las arterias. Recomendaciones para el consumo de Moringa La moringa puede consumirse de diversas maneras, como en polvo, cápsulas, té o fresca. El polvo de hoja de moringa puede añadirse a batidos, jugos o espolvorearse en ensaladas y platos principales. [Es importante comenzar con pequeñas cantidades y aumentar gradualmente la dosis para evitar efectos secundarios como malestar gastrointestinal.](https://www.elpais.com.co/salud/que-cura-la-moringa-y-por-que-es-bueno-consumirla-0149.html) *Este artículo fue creado con ayuda de una inteligencia artificial que utiliza machine learning para producir texto similar al humano, y curado por un periodista especializado de El País.",
    "highlightText": "",
    "highlightTitle": "",
    "highlightThreadTitle": "",
    "language": "spanish",
    "sentiment": "positive",
    "categories": [
        "Science and Technology",
        "Health"
    ],
    "external_links": [],
    "external_images": [],
    "entities": {
        "persons": [],
        "organizations": [],
        "locations": []
    },
    "rating": null,
    "crawled": "2024-04-12T00:46:34.756+03:00",
    "updated": "2024-04-12T00:50:01.698+03:00"
}