{
    "thread": {
        "uuid": "0e3a40ffd7cc29ab593f8737f450c6e3bda05f86",
        "url": "https://www.ncesc.com/geographic-faq/did-france-own-catalonia",
        "site_full": "www.ncesc.com",
        "site": "ncesc.com",
        "site_section": "https://www.ncesc.com/geographic-faq/feed/",
        "site_categories": [],
        "section_title": "Geographic FAQ Hub: Answers to Your Global Questions",
        "title": "Did France own Catalonia?",
        "title_full": "Did France own Catalonia?",
        "published": "2024-04-12T00:49:00.000+03:00",
        "replies_count": 0,
        "participants_count": 1,
        "site_type": "news",
        "country": "US",
        "main_image": "https://www.ncesc.com/geographic-faq/wp-content/uploads/2024/01/geographic-faq.png",
        "performance_score": 0,
        "domain_rank": 43555,
        "domain_rank_updated": "2024-04-09T13:11:21.000+03:00",
        "reach": null,
        "social": {
            "facebook": {
                "likes": 0,
                "comments": 0,
                "shares": 0
            },
            "gplus": {
                "shares": 0
            },
            "pinterest": {
                "shares": 0
            },
            "linkedin": {
                "shares": 0
            },
            "stumbledupon": {
                "shares": 0
            },
            "vk": {
                "shares": 0
            }
        }
    },
    "uuid": "0e3a40ffd7cc29ab593f8737f450c6e3bda05f86",
    "url": "https://www.ncesc.com/geographic-faq/did-france-own-catalonia",
    "ord_in_thread": 0,
    "parent_url": null,
    "author": "Beth Haines",
    "published": "2024-04-12T00:49:00.000+03:00",
    "title": "Did France own Catalonia?",
    "text": "Did France own Catalonia?\nDuring the Napoleonic Wars of the early 19th century, Catalonia was occupied by invading French forces. Catalonia itself was even briefly annexed to France during this period until ultimately the French retreated in 1814.\nDid Catalonia belong to France?\nBetween 1812 and 1814, Catalonia was annexed to France and organized as four departments.\nWas Barcelona ever a part of France?\nIn 1812, Barcelona was annexed by Napoleonic France and incorporated into the First French Empire as part of the department Montserrat (later Bouches-de-l’Èbre–Montserrat), where it remained for a few years until Napoleon’s defeat.\nIs Catalonia French or Spanish?\nCatalan can be considered a close relative of both French and Spanish. However, after several centuries, Catalan has evolved well enough to develop its own structure and grammatical norms, and it operates independently from the evolution and current state of Spanish, French, and other Romance languages.\nWho colonized Catalonia?\nPeople have lived in what is now Catalonia since prehistory, when a society of chieftain-led Iberian tribes emerged. In the sixth century B.C., Greek colonists arrived; around 220 B.C., the Romans took over.\nWhat did Franco do to Catalonia?\nDuring the dictatorship of Franco (1939–1975), not only democratic freedoms were suppressed, but also the Catalan language, which was excluded from the education system and relegated to the family sphere. Castillian (Spanish) became the only language of education, administration, and the media.\nWhy is Catalonia richer than Spain?\nCatalonia’s economy is industrially based and rivals any other location in Spain and in Europe. Industry represents 19.8% of Catalan GDP, above Spain’s average, and manufacturing and industry-related services amount to 50% of the global GDP.\nAre Catalan people French?\nThe current official category of “Catalans” is that of the citizens of Catalonia, an autonomous community in Spain, and the inhabitants of the Roussillon historical region in southern France, today the Pyrénées Orientales department, also called Northern Catalonia and Pays Catalan in French.\nAre Catalan and French related?\nCatalan was considered a dialect of Occitan until the end of the 19th century and still today remains its closest relative. Catalan shares many traits with the other neighboring Romance languages (Occitan, French, Italian, Sardinian as well as Spanish and Portuguese among others).\nWhy does Catalan sound like Portuguese?\nBecause both languages are derived from Latin, you’ll find the greatest similarities in vocabulary, while many speakers say in terms of grammar and pronunciation, Catalan more closely resembles Portuguese or Italian. Catalan has a broader array of sounds than Spanish and a tone or pitch that does not exist in English.\nWhen did France get Catalonia?\nWhen the war between Spain and France ended in 1659, the peace treaty ceded the Catalan territories north of the Pyrenees, the counties of Roussillon, and the northern half of Cerdanya, to France. Catalan institutions were suppressed in the French Roussillon; in 1700, public use of the Catalan language was prohibited.\nWas Spain under French rule?\nNapoleonic Spain was the part of Spain loyal to Joseph I during the Peninsular War (1808–1813) after the country was partially occupied by French forces. During this period, the country was considered a client state of the First French Empire.\nDoes Barcelona speak French?\nMany people from Barcelona understand English and French. Here are some of the most frequent Catalan expressions translated into Spanish, English, and French, which will help you get around the city.\nWhy is Catalan so different from Spanish?\nGrammar: Catalan has a more extensive and intricate verbal conjugation system compared to Spanish. It also retains more Latin features, making it closer to its ancient roots. Catalan also preserves the neuter gender for nouns, which Spanish has lost. Word Stress: Catalan has less predictable word stress than Spanish.\nWhat is the richest town in Catalonia?\nCatalonia and its contrasts: Less than twenty kilometers and the Collserola hills separate the residents of the richest town in Catalonia from the poorest. The richest town is Sant Cugat del Vallès, located close to the Autonomous University of Barcelona and High Technology Park.\nWhat is the issue with Catalonia?\nA constitutional crisis took place in Spain from 2017 to 2018 as the result of a political conflict between the Government of Spain and the Generalitat de Catalunya over the issue of Catalan independence.\nIs Catalonia rich or poor?\nCatalonia is one of the wealthiest regions in Spain. It has a strong economy, driven by industries such as tourism, manufacturing, and technology. The region contributes significantly to Spain’s overall GDP and has a higher GDP per capita compared to the national average.\nWhy didn’t Catalonia get independence?\nWith many key pro-independence leaders arrested for holding a banned ballot and others fleeing into exile, the independence bid collapsed. Since then, Catalonia has continued to preserve its own identity and language but with little appetite for doing that outside the larger Spanish state.\nDoes Catalonia want to be independent from Spain?\nAll of the Spanish national political parties in Catalonia reject the idea of independence, except Catalonia In Common-We Can (Catalunya En Comú-Podem), which are pro-referendum but have remained neutral on the issue.\nWhen was Catalan banned?\nAfter the Treaty of the Pyrenees, a royal decree by Louis XIV of France on April 2, 1700, prohibited the use of the Catalan language in present-day Northern Catalonia. The decree forbade use in any official document, under the threat of being invalidated.\nIs it OK to speak Spanish in Barcelona?\nThere are two official languages in the city: Catalan and Spanish. The overwhelming majority of Barcelona’s residents consider themselves fully bilingual.\nAre Spain and France friends?\nFrance and Spain enjoy an extremely close relationship of confidence, driven by law enforcement and judicial cooperation. They have concrete cooperation projects in interconnections (energy and transport) and work together to address common challenges.\nWhy did France invade Spain?\nOn February 16, 1808, under the pretext of sending reinforcements to the French army occupying Portugal, French Emperor Napoleon Bonaparte invaded Spain. Thus began the Peninsular War, a phase of the Napoleonic Wars fought between France and much of Europe.",
    "highlightText": "",
    "highlightTitle": "",
    "highlightThreadTitle": "",
    "language": "english",
    "sentiment": "positive",
    "categories": [
        "Social Issue",
        "Education",
        "Science and Technology"
    ],
    "external_links": [],
    "external_images": [],
    "entities": {
        "persons": [
            {
                "name": "napoleon",
                "sentiment": "none"
            }
        ],
        "organizations": [
            {
                "name": "barcelona",
                "sentiment": "none"
            },
            {
                "name": "iberia",
                "sentiment": "none"
            }
        ],
        "locations": [
            {
                "name": "catalonia",
                "sentiment": "none"
            },
            {
                "name": "france",
                "sentiment": "none"
            },
            {
                "name": "montserrat",
                "sentiment": "none"
            },
            {
                "name": "barcelona",
                "sentiment": "none"
            }
        ]
    },
    "rating": null,
    "crawled": "2024-04-12T00:54:07.529+03:00",
    "updated": "2024-04-12T00:54:07.529+03:00"
}