{
    "thread": {
        "uuid": "fd4faae2dc9ee8534c22d6e7e8d0231c776c879d",
        "url": "https://www.newslocker.com/en-uk/profession/automotive/this-avid-power-portable-tire-inflator-has-returned-to-its-lowest-price-in-years",
        "site_full": "www.newslocker.com",
        "site": "newslocker.com",
        "site_section": "https://www.newslocker.com/en-uk/profession/automotive/rss/",
        "site_categories": [
            "tennis",
            "sports"
        ],
        "section_title": "",
        "title": "This Avid Power portable tire inflator has returned to its lowest price in years",
        "title_full": "This Avid Power portable tire inflator has returned to its lowest price in years",
        "published": "2024-04-11T22:23:00.000+03:00",
        "replies_count": 0,
        "participants_count": 0,
        "site_type": "news",
        "country": "DE",
        "main_image": "https://img4.newslocker.com/2024/04/11/314623736_350.jpg",
        "performance_score": 0,
        "domain_rank": 63372,
        "domain_rank_updated": "2024-04-09T13:11:21.000+03:00",
        "reach": null,
        "social": {
            "facebook": {
                "likes": 0,
                "comments": 0,
                "shares": 0
            },
            "gplus": {
                "shares": 0
            },
            "pinterest": {
                "shares": 0
            },
            "linkedin": {
                "shares": 0
            },
            "stumbledupon": {
                "shares": 0
            },
            "vk": {
                "shares": 0
            }
        }
    },
    "uuid": "fd4faae2dc9ee8534c22d6e7e8d0231c776c879d",
    "url": "https://www.newslocker.com/en-uk/profession/automotive/this-avid-power-portable-tire-inflator-has-returned-to-its-lowest-price-in-years",
    "ord_in_thread": 0,
    "parent_url": null,
    "author": null,
    "published": "2024-04-11T22:23:00.000+03:00",
    "title": "This Avid Power portable tire inflator has returned to its lowest price in years",
    "text": "[✗ Close categories](javascript:hideCategories();) Addiction Apple Arts Asia News British Airways Business Cars Celebrity Christianity Cinema, Theater & TV Conspiracy Theories Coronavirus Ebola Economy Education Electronics Entertainment Environment Fashion Finance Food Funny videos Gadgets Games General News Health International Crime Jobs Lifestyle Military Mindfulness Movies Music News videos NewsPhoto Nightlife Obituaries Olympics Organized Crime Politics Psychology Recipes Royal Family Sci-Tech Science Social media Sport Technology Television Thames Deckway Traffic Travel Trending UK UK News UnitedHealth Group Inc. Weather World News [✗ Close categories](javascript:hideCategories();) [✗ Close categories](javascript:hideCategories();) Arsenal Aston Villa Athletics Badminton Baseball Basketball Blackburn Rovers Blackpool Boxing Burnley Cardiff City Champions League Chelsea Cricket Crystal Palace Cycling Darts Everton Formula 1 Formula 1 - Force India Videos Formula 1 - Infiniti Red Bull Racing Videos Formula 1 - Live Stream & News Formula 1 - McLaren Videos Formula 1 - Mercedes AMG Petronas Videos Formula 1 - Sauber F1 Team Videos Formula 1 - Scuderia Ferrari Videos Formula 1 - Scuderia Toro Rosso Videos Formula 1 - Team Lotus Videos Formula 1 - Williams Martini videos Fulham Golf Hockey Horse Racing Hull City Ice Hockey Leicester City Liverpool Manchester City Manchester United Middlesbrough Motorsport Norwich City Philadelphia Phillies Premier League Queens Park Rangers Rally Reading Rowing Rugby scarlets rugby Soccer Southampton Stoke City Sunderland Swansea City Swimming Tennis Tottenham Tour de France Volleyball WC soccer 2014 Welsh Rugby Union West Ham Wigan Athletic Wolverhampton Wanderers [✗ Close categories](javascript:hideCategories();) [✗ Close categories](javascript:hideCategories();) ...test Aberdeen City Aberdeenshire Antrim Aylesbury Vale Barking and Dagenham Barnet Barnsley Basildon Bath and North East Somerset Belfast Bexley Birmingham Blackburn with Darwen Bolton Bournemouth Bradford Brent Brighton and Hove Bristol Bromley Bury Calderdale Cambridge Camden Cardiff Central Bedfordshire Cheshire East Cheshire West and Chester Cornwall County Durham Coventry Croydon Derby Doncaster Dudley Ealing East Riding of Yorkshire Edinburgh Enfield Essex Gateshead Glasgow Greater London Greenwich Hackney Hammersmith and Fulham Haringey Harrow Havering Herefordshire Hillingdon Hounslow Hull Islington Kirklees Lambeth Leeds Leicester Lewisham https://www.newslocker.com/en-uk/region/liverpool/ London Luton Manchester Medway Merton Milton Keynes New Forest Newcastle Newcastle upon Tyne Newham North Somerset North Tyneside North West Northampton Northern Ireland Northumberland Nottingham Oldham Oxford Peterborough Plymouth Portsmouth Redbridge Richmond upon Thames Rochdale Rotherham Salford Sandwell Scotland Sefton Sheffield Shropshire Solihull South East South Gloucestershire South West https://www.newslocker.com/en-uk/region/southampton/ Southend-on-Sea Southwark St Helens Stockport Stockton-on-Tees Stoke-on-Trent https://www.newslocker.com/en-uk/region/sunderland/ Sutton Swindon Tameside Tower Hamlets Trafford Wakefield Wales Walsall Waltham Forest Wandsworth Warrington West Midlands Westminster Wigan Wiltshire Wirral Wolverhampton York [✗ Close categories](javascript:hideCategories();) [✗ Close categories](javascript:hideCategories();) Harry Styles Aaron Taylor-Johnson Adele Ashley Cole Benedict Cumberbatch Billie Piper Boris Johnson Charlie Hunnam Cliff Richard David Beckham DJ 3lau DJ Above & Beyond DJ Afrojack DJ Alesso DJ Aly & Fila DJ Andrew Rayel DJ Angerfist DJ Armin Van Buuren DJ Arty DJ ATB DJ Audien DJ Avicii DJ Axwell DJ Bingo Players DJ Bl3ND DJ Blasterjaxx DJ Borgeous DJ Borgore DJ Boy George DJ Brennan Heart DJ Calvin Harris DJ Carl Cox DJ Carnage DJ Code Black DJ Coone DJ Cosmic Gate DJ Da Tweekaz DJ Dada Life DJ Daft Punk DJ Dannic DJ Dash Berlin DJ David Guetta DJ Deadmau5 DJ Deorro DJ Diego Miranda DJ Dillon Francis DJ Dimitri Vegas & Like Mike DJ Diplo DJ Don Diablo DJ DVBBS DJ Dyro DJ Eric Prydz DJ Fedde Le Grand DJ Felguk DJ Ferry Corsten DJ Firebeatz DJ Frontliner DJ Gabry Ponte DJ Gareth Emery DJ Hardwell DJ Headhunterz DJ Heatbeat DJ Infected Mushroom DJ John O'Callaghan DJ Kaskade DJ Knife Party DJ Krewella DJ Kura DJ Laidback Luke DJ Madeon DJ MAKJ DJ Markus Schulz DJ Martin Garrix DJ Merk & Kremont DJ Mike Candys DJ Nervo DJ Nicky Romero DJ Noisecontrollers DJ Oliver Heldens DJ Orjan Nilsen DJ Paul Van Dyk DJ Porter Robinson DJ Quentin Mosimann DJ Quintino DJ R3hab DJ Radical Redemption DJ Richie Hawtin DJ Sander Van Doorn DJ Sebastian Ingrosso DJ Showtek DJ Skrillex DJ Snake DJ Steve Angello DJ Steve Aoki DJ Tenishia DJ The Chainsmokers DJ Tiddey DJ Tiesto DJ TJR DJ Umek DJ Ummet Ozcan DJ Vicetone DJ VINAI DJ W&W DJ Wildstylez DJ Wolfpack DJ Yves V DJ Zatox DJ Zedd DJ Zomboy Emilia Clarke Emily Blunt Gabriella Wilde Gary Lineker Gemma Arterton Gwendoline Christie Hayley Atwell Helena Bonham Carter Imogen Poots Jason Statham John Terry Juno Temple Kate Beckinsale Kate Winslet Keira Knightley Liam Payne Lily Collins Louis Tomlinson Niall Horan Nicholas Hoult Paul McCartney Prince William Ralph Fiennes Richard Branson Robbie Williams Robert Pattinson Rosamund Pike Sophie Turner Theo James Tom Hardy Tom Hiddleston Tony Blair Tyree Cooper Wayne Rooney Zayn Malik [✗ Close categories](javascript:hideCategories();) [✗ Close categories](javascript:hideCategories();) Accountancy Administration Advertising Aerospace Agriculture Analyst Animals Antiques Archaeology Architecture https://www.newslocker.com/en-uk/profession/arts/ Astrology Astronomy Auto News Automotive Aviation Bakery Biotechnology Brazil Cabaret Call Centre Car News Care Catering Charities Chemistry Child care https://www.newslocker.com/en-uk/profession/cinema_theater_tv/ Cleaning Industry Coaching Construction Customs Dairy industry Dance & ballet Debt collection agencies Defense DJ https://www.newslocker.com/en-uk/profession/economy/ Education & Training Electrical Entrepreneur Farming & Agriculture Financial Firefighter Fisheries Flowers FMCG https://www.newslocker.com/en-uk/profession/food/ Fruit & Vegetables Genealogy https://www.newslocker.com/en-uk/profession/general_news/ Government Hair stylist Hotel HR & Recruitment ICT Insurance IT Executive https://www.newslocker.com/en-uk/profession/jobs/ Justice Landscaper Lawyer Legal Library Logistics Marketing Meat industry Medical Industry Mining Nurse Online Trends Pharmaceutical Industry Pharmacy Physical therapy Police Political PR Public relations Production & Industry Project Management https://www.newslocker.com/en-uk/profession/psychology/ Public Transport Publisher Real estate Research & Development Restaurant Retail Sales & Marketing Security SEO Shipping Social work Sustainable Energy Teacher Telecom Tourism Traditional Energy Transport Travel Industry Web Design [✗ Close categories](javascript:hideCategories();)\n-\nThis Avid Power portable tire inflator has returned to its lowest price in yearsFiled under:CommerceContinue reading This Avid Power portable tire inflator has returned to its lowest price in years This Avid Power portable tire inflator has returned to its lowest price in years originally appeared on Autoblog on Thu, 11 Apr 2024 15:23:00 EDT.Please see our terms for use of feeds. Permalink | Email this | Comments\n-\nFord targets Tesla owners with $1,500 EV 'conquest' rebateFiled under:Green,Ford,Tesla,Car Buying,Truck,ElectricContinue reading Ford targets Tesla owners with $1,500 EV 'conquest' rebate Ford targets Tesla owners with $1,500 EV 'conquest' rebate originally appeared on Autoblog on Thu, 11 Apr 2024 16:10:00 EDT.Please see our terms for use of feeds. Permalink | Email this | Comments\n-\nFord is sending a whopping 144,000 trucks to dealersFiled under:Plants/Manufacturing,Ford,Car Buying,TruckContinue reading Ford is sending a whopping 144,000 trucks to dealers Ford is sending a whopping 144,000 trucks to dealers originally appeared on Autoblog on Thu, 11 Apr 2024 15:45:00 EDT.Please see our terms for use of feeds. Permalink | Email this | Comments\n-\n2024 Ford Bronco Sport prices cut by as much as $1,980Filed under:Ford,Car Buying,Crossover,SUVContinue reading 2024 Ford Bronco Sport prices cut by as much as $1,980 2024 Ford Bronco Sport prices cut by as much as $1,980 originally appeared on Autoblog on Thu, 11 Apr 2024 15:30:00 EDT.Please see our terms for use of feeds. Permalink | Email this | Comments\n-\nSkoda Kodiaq review - the do-it-all family SUVThe Kodiaq aims to be the do-it-all SUV for families and it largely succeeds. The driving experience isn’t the most exciting, but for a big, practical SUV, it’s excellent.\n-\nNew Skoda Kodiaq 2024 - picturesOfficial pictures of the Skoda Kodiaq SUV on the International launch event in 2024\n-\nPolestar posts 40% slump in Q1 deliveriesFiled under:By the Numbers,Green,Electric,PolestarContinue reading Polestar posts 40% slump in Q1 deliveries Polestar posts 40% slump in Q1 deliveries originally appeared on Autoblog on Thu, 11 Apr 2024 13:19:00 EDT.Please see our terms for use of feeds. Permalink | Email this | Comments\n-\nJunkyard Gem: 2003 Subaru BajaFiled under:Subaru,Automotive History,Truck,ClassicsContinue reading Junkyard Gem: 2003 Subaru Baja Junkyard Gem: 2003 Subaru Baja originally appeared on Autoblog on Thu, 11 Apr 2024 13:11:00 EDT.Please see our terms for use of feeds. Permalink | Email this | Comments\n-\nNew Hyundai i20 N Line S adds a hint of sporty spice to supermini rangePrices for the sporty-looking Hyundai i20 N Line S supermini start from £24,180\n-\nNew Hyundai i20 N Line S trim level announced - picturesOfficial pictures of the Hyundai i20 N Line S\n-\nNew, all-electric Alfa Romeo Stelvio Quadrifoglio in line for 950bhp performanceThe new Alfa Romeo Stelvio is on the way, it’s electric and the Quadrifoglio version sounds like it’ll be something special.\n-\nNew Volkswagen T-Cross 2024 review: a small SUV that struggles to stand outVW’s smallest SUV leads on value and image, but is too unremarkable to stand out in its crowded segment?\n-\nNew 2024 Volkswagen T-Cross in R-Line trim - picturesPictures of the 2024 Volkswagen T-Cross in R-Line trim, painted in Rubber Ducky Yellow.\n-\nWhat is a hybrid car and how does it work?Filed under:Green,Fuel Efficiency,HybridContinue reading What is a hybrid car and how does it work? What is a hybrid car and how does it work? originally appeared on Autoblog on Thu, 11 Apr 2024 11:45:00 EDT.Please see our terms for use of feeds. Permalink | Email this | Comments\n-\nCar Deal of the Day: practical Vauxhall Astra Sport Tourer estate for under £200 a monthIf a family hatchback isn’t quite practical enough for you, then our Car Deal of the Day for 11 April might be the solution\n-\nKia Tasman pickup announced for global markets at leastFiled under:Plants/Manufacturing,Toyota,TruckContinue reading Kia Tasman pickup announced for global markets at least Kia Tasman pickup announced for global markets at least originally appeared on Autoblog on Thu, 11 Apr 2024 10:12:00 EDT.Please see our terms for use of feeds. Permalink | Email this | Comments\n-\n2024 Chevrolet Trax Interior Review: An appliance, but one you'll likeFiled under:Chevrolet,Crossover,SUV,Driveway TestsContinue reading 2024 Chevrolet Trax Interior Review: An appliance, but one you'll like 2024 Chevrolet Trax Interior Review: An appliance, but one you'll like originally appeared on Autoblog on Thu, 11 Apr 2024 10:00:00 EDT.Please see our terms for use of feeds. Permalink | Email this | Comments\n-\nCelebrate National Pet Day by taking your furry best friend on a road trip - here's what you'll needFiled under:CommerceContinue reading Celebrate National Pet Day by taking your furry best friend on a road trip - here's what you'll need Celebrate National Pet Day by taking your furry best friend on a road trip - here's what you'll need originally appeared on Autoblog on Thu, 11 Apr 2024 09:55:00 EDT.Please see our terms for use of feeds. Permalink | Email this | Comments\n-\nThe best-selling stick vacuum on Amazon is 30% off todayFiled under:CommerceContinue reading The best-selling stick vacuum on Amazon is 30% off today The best-selling stick vacuum on Amazon is 30% off today originally appeared on Autoblog on Thu, 11 Apr 2024 09:45:00 EDT.Please see our terms for use of feeds. Permalink | Email this | Comments\n-\nUber makes its safety tools easier to access and customizeFiled under:Transportation Alternatives,SafetyContinue reading Uber makes its safety tools easier to access and customize Uber makes its safety tools easier to access and customize originally appeared on Autoblog on Thu, 11 Apr 2024 09:30:00 EDT.Please see our terms for use of feeds. Permalink | Email this | Comments\n-\nBest car subwoofers of 2024Filed under:CommerceContinue reading Best car subwoofers of 2024 Best car subwoofers of 2024 originally appeared on Autoblog on Thu, 11 Apr 2024 09:20:00 EDT.Please see our terms for use of feeds. Permalink | Email this | Comments\n-\nBMW and Rimac Technology partner on future high-voltage battery techFiled under:Green,BMW,Technology,Electric,Future Vehicles,RimacContinue reading BMW and Rimac Technology partner on future high-voltage battery tech BMW and Rimac Technology partner on future high-voltage battery tech originally appeared on Autoblog on Thu, 11 Apr 2024 08:49:00 EDT.Please see our terms for use of feeds. Permalink | Email this | Comments\n-\nNew Kia EV3 spotted ahead of summer blockbuster revealThe baby electric SUV will be unveiled this summer and draw on Kia’s flagship seven-seat EV9\n-\nNew Kia EV3 spy shots - picturesNew Kia EV3 spotted testing ahead of summer reveal.\n-\n20 best cities to own an electric vehicleFiled under:Green,Green Driving,ElectricContinue reading 20 best cities to own an electric vehicle 20 best cities to own an electric vehicle originally appeared on Autoblog on Thu, 11 Apr 2024 08:05:00 EDT.Please see our terms for use of feeds. Permalink | Email this | Comments\n-\n2024 Cadillac Lyriq Sport AWD Road Test: Old-school drive with new-school looksFiled under:Green,Cadillac,Crossover,SUV,Electric,Luxury,Road TestsContinue reading 2024 Cadillac Lyriq Sport AWD Road Test: Old-school drive with new-school looks 2024 Cadillac Lyriq Sport AWD Road Test: Old-school drive with new-school looks originally appeared on Autoblog on Thu, 11 Apr 2024 06:00:00 EDT.Please see our terms for use of feeds. Permalink | Email this | Comments\n-\nNew Pininfarina Battista Reversario hypercar is the Yin to the Anniversario’s YangThe Reversario is a bespoke commision of the all-electric Battista hypercar\n-\nPininfarina Battista Reversario and Anniversario - picturesPictures of the exclusive Pininfarina Battista Reversario and Anniversario\n-\nNTSB probes fatal Ford Mach-E crash in PhiladelphiaFiled under:Government/Legal,Green,Ford,Driving,Safety,Crossover,SUV,ElectricContinue reading NTSB probes fatal Ford Mach-E crash in Philadelphia NTSB probes fatal Ford Mach-E crash in Philadelphia originally appeared on Autoblog on Wed, 10 Apr 2024 17:41:00 EDT.Please see our terms for use of feeds. Permalink | Email this | Comments\n-\nNASCAR driver's on-track tantrum lands him sponsorship from bumper maker via autonews.comVideo of driver Joey Gase throwing a piece of his wrecked Chevrolet Camaro SS at a rival during the Toyotacare 250 went viral and helped him get a fitting new sponsorship.\nFollow\n@AutomotiveNewsl on Twitter!",
    "highlightText": "",
    "highlightTitle": "",
    "highlightThreadTitle": "",
    "language": "english",
    "sentiment": "positive",
    "categories": [
        "Economy, Business and Finance",
        "Science and Technology"
    ],
    "external_links": [
        "https://twitter.com/AutomotiveNewsl",
        "https://www.autonews.com/automakers-suppliers/nascars-joey-gase-sponsored-bumper-maker-after-tossing-bumper",
        "https://autonews.com/automakers-suppliers/nascars-joey-gase-sponsored-bumper-maker-after-tossing-bumper",
        "https://www.twitter.com/AutomotiveNewsl"
    ],
    "external_images": [],
    "entities": {
        "persons": [],
        "organizations": [
            {
                "name": "avid power",
                "sentiment": "negative"
            },
            {
                "name": "force india videos formula",
                "sentiment": "none"
            },
            {
                "name": "cars celebrity christianity cinema",
                "sentiment": "none"
            },
            {
                "name": "mclaren videos formula",
                "sentiment": "none"
            }
        ],
        "locations": [
            {
                "name": "airways bu",
                "sentiment": "none"
            }
        ]
    },
    "rating": null,
    "crawled": "2024-04-12T00:21:24.473+03:00",
    "updated": "2024-04-12T00:21:24.473+03:00"
}