{
    "thread": {
        "uuid": "8377fe3b459e34a488e75de3444b14d8deb307ee",
        "url": "https://www.apkmirror.com/apk/mighty-networks/mighty-networks/mighty-networks-8-155-1-release",
        "site_full": "www.apkmirror.com",
        "site": "apkmirror.com",
        "site_section": "https://www.apkmirror.com/uploads",
        "site_categories": [
            "tech",
            "illegal_content"
        ],
        "section_title": "Latest Uploads - APKMirror",
        "title": "Mighty Networks 8.155.1 APK Download by Mighty Networks - APKMirror",
        "title_full": "Mighty Networks 8.155.1 APK Download by Mighty Networks - APKMirror",
        "published": "2024-04-11T19:23:00.000+03:00",
        "replies_count": 0,
        "participants_count": 0,
        "site_type": "news",
        "country": "US",
        "main_image": "https://downloadr2.apkmirror.com/wp-content/uploads/2024/01/60/65b1c04e659c6_com.mightybell.mb-384x384.png",
        "performance_score": 0,
        "domain_rank": 6152,
        "domain_rank_updated": "2024-04-09T13:11:13.000+03:00",
        "reach": null,
        "social": {
            "facebook": {
                "likes": 0,
                "comments": 0,
                "shares": 0
            },
            "gplus": {
                "shares": 0
            },
            "pinterest": {
                "shares": 0
            },
            "linkedin": {
                "shares": 0
            },
            "stumbledupon": {
                "shares": 0
            },
            "vk": {
                "shares": 0
            }
        }
    },
    "uuid": "8377fe3b459e34a488e75de3444b14d8deb307ee",
    "url": "https://www.apkmirror.com/apk/mighty-networks/mighty-networks/mighty-networks-8-155-1-release",
    "ord_in_thread": 0,
    "parent_url": null,
    "author": null,
    "published": "2024-04-11T19:23:00.000+03:00",
    "title": "Mighty Networks 8.155.1 APK Download by Mighty Networks - APKMirror",
    "text": "About Mighty Networks Mighty is where creators, entrepreneurs, and brands build their own digital communities, courses, and memberships with cultural software. Every day millions of members contribute to cultural networks across Mighty, going deeper in their own rich, immersive communities for interests, passions, career, health, wellness, and more. Anyone can host a Mighty Network where you can livestream, run events, set up fun and lively chats, offer online courses, charge for membership, and so much more. What makes Mighty different is that it’s your brand. You are designing and scaling your own content, courses, commerce, and community into your very own digital culture. Whether you’re a member of one or more Mighty Networks or a host building your own—when you’re #OnMighty, you’re a part of building the next generation of new, fresh, and exciting digital cultures. “Compared to anything else, it's like playing 3D chess vs. checkers. Nothing comes close.” - Randy Kavanaugh, Mighty Host “I have 3 paid courses with over 120 students. I started everything in 2 weeks. I could not have done it with Mighty Networks!” - Pablo Riboldi, Mighty Host \"I am in awe of the AMAZINGNESS that is cultural software. It’s beautiful, functional, enjoyable, and ntuitive. I am zipping along at lightning speed!\" - Jennifer Joffe, Mighty Host “My Mighty Network is incredibly dynamic and keeps getting better. The features they offer make it easy to build a community and, more importantly, keep my members engaged. Their team is also highly responsive, another reason I love Mighty. In short, A+” - Dana Wilde, Mighty Host -- Some Mighty Networks have monthly and/or yearly subscription plans available. Terms of Use: mn.co/terms_of_use Download Mighty Networks This release may come in several variants. Consult our [handy FAQ](/faq/) to see which download is right for you. [8.155.1](/apk/mighty-networks/mighty-networks/mighty-networks-8-155-1-release/mighty-networks-8-155-1-android-apk-download/)APK 501652 April 11, 2024 Version:8.155.1 Uploaded:April 11, 2024 at 9:23PM UTC File size:92.16 MB Downloads:3 Version:8.154.1 Uploaded:April 5, 2024 at 2:36AM UTC File size:92.16 MB Downloads:5 Version:8.153.1 Uploaded:March 28, 2024 at 5:34PM UTC File size:92.16 MB Downloads:9 Version:8.152.1 Uploaded:March 22, 2024 at 7:23PM UTC File size:92.15 MB Downloads:2 Version:8.151.1 Uploaded:March 15, 2024 at 9:26PM UTC File size:92.15 MB Downloads:12 Version:8.149.1 Uploaded:February 29, 2024 at 12:56AM UTC File size:92.14 MB Downloads:9 Version:8.148.3 Uploaded:February 27, 2024 at 3:47AM UTC File size:91.98 MB Downloads:8 Version:8.147.2 Uploaded:February 14, 2024 at 4:05PM UTC File size:91.98 MB Downloads:6 Version:8.146.3 Uploaded:February 7, 2024 at 1:26AM UTC File size:92.3 MB Downloads:5 Version:8.145.1 Uploaded:February 1, 2024 at 5:25PM UTC File size:92.25 MB Downloads:8",
    "highlightText": "",
    "highlightTitle": "",
    "highlightThreadTitle": "",
    "language": "english",
    "sentiment": "positive",
    "categories": [
        "Science and Technology",
        "Economy, Business and Finance"
    ],
    "external_links": [],
    "external_images": [],
    "entities": {
        "persons": [
            {
                "name": "randy kavanaugh",
                "sentiment": "none"
            }
        ],
        "organizations": [],
        "locations": []
    },
    "rating": null,
    "crawled": "2024-04-12T00:37:35.926+03:00",
    "updated": "2024-04-12T01:17:49.472+03:00"
}