{
    "thread": {
        "uuid": "351e4a6b057caa8e8c8eebdfaedca5431e753942",
        "url": "https://www.einpresswire.com/article/702975974/drkumo-to-illuminate-the-path-to-digital-healthcare-innovation-as-keynote-speaker-at-vpanc-gala?ref=rss&amp;code=3ZlqwaSGYRX99U8j",
        "site_full": "www.einpresswire.com",
        "site": "einpresswire.com",
        "site_section": "https://journalofcyberpolicy.com/feed",
        "site_categories": [
            "media"
        ],
        "section_title": "Journal of Cyber Policy",
        "title": "DrKumo to Illuminate the Path to Digital Healthcare Innovation as Keynote Speaker at VPANC Gala",
        "title_full": "DrKumo to Illuminate the Path to Digital Healthcare Innovation as Keynote Speaker at VPANC Gala",
        "published": "2024-04-12T01:29:00.000+03:00",
        "replies_count": 0,
        "participants_count": 1,
        "site_type": "news",
        "country": "US",
        "main_image": "https://img.einnews.com/facebook/185309/company-logo.png",
        "performance_score": 0,
        "domain_rank": 6659,
        "domain_rank_updated": "2024-04-09T13:11:13.000+03:00",
        "reach": null,
        "social": {
            "facebook": {
                "likes": 0,
                "comments": 0,
                "shares": 0
            },
            "gplus": {
                "shares": 0
            },
            "pinterest": {
                "shares": 0
            },
            "linkedin": {
                "shares": 0
            },
            "stumbledupon": {
                "shares": 0
            },
            "vk": {
                "shares": 0
            }
        }
    },
    "uuid": "351e4a6b057caa8e8c8eebdfaedca5431e753942",
    "url": "https://www.einpresswire.com/article/702975974/drkumo-to-illuminate-the-path-to-digital-healthcare-innovation-as-keynote-speaker-at-vpanc-gala?ref=rss&amp;code=3ZlqwaSGYRX99U8j",
    "ord_in_thread": 0,
    "parent_url": null,
    "author": "Dr. Ali Nemat",
    "published": "2024-04-12T01:29:00.000+03:00",
    "title": "DrKumo to Illuminate the Path to Digital Healthcare Innovation as Keynote Speaker at VPANC Gala",
    "text": "DrKumo to Illuminate the Path to Digital Healthcare Innovation as Keynote Speaker at VPANC Gala\nRevolutionizing Healthcare: DrKumo Leads the Digital Transformation at VPANC Gala\nDigital health is reshaping the landscape of chronic care management, and DrKumo is at the forefront of this transformation.”BUENA PARK, CALIFORNIA, UNITED STATES, April 11, 2024 /\n— Dr. Kelly Nguyen, Founder/CEO of DrKumo\nEINPresswire.com/ -- DrKumo Inc., a pioneer in the field of Digital Chronic Care Management technology, is honored to take the stage as the keynote speaker at the upcoming Vietnamese Physician Association of Northern California (VPANC) gala event. The presentation, titled \"Mastering the Digital Healthcare Revolution with DrKumo,\" will be led by Dr. Kelly Nguyen, co-founder and CEO of DrKumo.\nA Glimpse into the Future of Healthcare\nIn her keynote, Dr. Nguyen will delve into the critical role of digital transformation in healthcare—a transition that is both essential and inevitable. Drawing upon her extensive experience in developing Intelligent Digital Chronic Care Management technology, she will highlight the transformative power of artificial intelligence and machine learning (AI/ML) in improving patient outcomes and operational efficiency.\nDr. Nguyen's address will explore the integration of\nRemote Patient Monitoring-Home Telehealth (RPM-HT), Disease Management Protocols (DMP), Artificial Intelligence/Machine Learning (AI/ML) on a foundation of unparalleled security, showcasing how these advancements can not only enhance patient care and streamline healthcare delivery but also significantly improve the management and outcomes of chronic diseases. The session promises to be a compelling exploration of digital innovation's role in healthcare, offering actionable insights for integrating these technologies into practice. This engagement underscores DrKumo commitment to leading healthcare innovation and promoting a new era of efficient, technology-driven solutions among healthcare professionals.\n\"Digital health is reshaping the landscape of chronic care management, and DrKumo is at the forefront of this transformation,\" says Dr. Kelly Nguyen. \"Our participation in the VPANC Gala Event as keynote speaker is a tremendous opportunity to share our vision for a future where healthcare transcends traditional boundaries, powered by the digital revolution. We're excited to lead this conversation and drive meaningful change in healthcare.\"\n\"We're thrilled to welcome Dr. Kelly Nguyen and DrKumo Inc. as keynote speakers. Their work in digital healthcare isn't just breaking new ground – it's transforming patient care. DrKumo's dedication to tech-powered well-being perfectly aligns with VPANC's mission to elevate health in our community,\" says Dr. Michael Quach, VPANC President.\nEvent Highlights:\nDate: April 13, 2024\nVenue: Santa Clara Convention Center, Northern California\nAgenda: Insightful Keynote by Dr. Kelly Nguyen, Dinner, High School Dance Performances, Entertainment, and an opportunity for Professional Networking\nAttendees will gain unparalleled insights into the future of healthcare, networking opportunities with industry leaders, and the chance to engage in a movement that is transforming patient care through technology.\nFor further details\nabout DrKumo's innovative healthcare solutions and their impact, please visit https://drkumo.com.\n###\nAbout VPANC\nThe Vietnamese Physician Association of Northern California is a non-profit organization committed to enhancing professional development and community health through education, outreach, and advocacy. VPANC has been a cornerstone of the Vietnamese American healthcare community in Northern California, promoting a wide array of activities that support health education and community service.\nSince its establishment in 1989, VPANC has made significant strides in fostering professional excellence and community service among its members, who number approximately 300 physicians across various specialties in Northern California. The organization is renowned for its comprehensive range of activities aimed at promoting education, health awareness, and community well-being.\nAbout DrKumo Inc.\nDrKumo is a pioneering force in Intelligent Digital Chronic Care Management Technology, holding prestigious certification from URAC. Specializing in the integration of highly scalable, continuous, real-time Remote Patient Monitoring-Home Telehealth (RPM-HT), Disease Management Protocols (DMP), Artificial Intelligence/Machine Learning (AI/ML) on a foundation of unparalleled security, DrKumo addresses critical healthcare challenges with an innovative, user-friendly approach. This empowers patients to manage their health conditions from the comfort of their homes while providing healthcare providers with real-time intelligence for timely interventions.\nThe company's commitment to revolutionizing healthcare extends globally, transforming the way individuals access quality healthcare services. DrKumo fosters a culture of innovation, collaboration, and technology-driven excellence, delivering effective solutions that make a lasting impact on both patients and healthcare providers.\nDr. Ali Nemat\nDrKumo Inc\n+1 866-435-6447\nemail us here\nVisit us on social media:\nYouTube\nDrKumo's Remote Patient Monitoring Technology",
    "highlightText": "",
    "highlightTitle": "",
    "highlightThreadTitle": "",
    "language": "english",
    "sentiment": "positive",
    "categories": [
        "Health",
        "Science and Technology"
    ],
    "external_links": [
        "https://drkumo.com",
        "https://www.youtube.com/@DrKumo",
        "https://drkumo.com.",
        "https://drkumo.com/comprehensive-guide-to-remote-patient-monitoring/",
        "https://www.drkumo.com",
        "https://drkumo.com/comprehensive-guide-to-remote-patient-monitoring",
        "https://www.drkumo.com.",
        "https://www.drkumo.com/comprehensive-guide-to-remote-patient-monitoring/",
        "https://youtube.com/@DrKumo"
    ],
    "external_images": [],
    "entities": {
        "persons": [
            {
                "name": "kelly nguyen",
                "sentiment": "none"
            },
            {
                "name": "nguyen",
                "sentiment": "none"
            }
        ],
        "organizations": [
            {
                "name": "digital healthcare innovation",
                "sentiment": "negative"
            },
            {
                "name": "intelligent digital chronic care management",
                "sentiment": "none"
            },
            {
                "name": "united states",
                "sentiment": "none"
            },
            {
                "name": "drkumo inc.",
                "sentiment": "none"
            },
            {
                "name": "physician association of northern california",
                "sentiment": "none"
            },
            {
                "name": "drkumo einpresswire.com",
                "sentiment": "none"
            },
            {
                "name": "vpanc gala digital",
                "sentiment": "none"
            }
        ],
        "locations": [
            {
                "name": "california",
                "sentiment": "none"
            },
            {
                "name": "buena park",
                "sentiment": "none"
            }
        ]
    },
    "rating": null,
    "crawled": "2024-04-12T01:35:36.141+03:00",
    "updated": "2024-04-12T01:35:36.141+03:00"
}