{
    "thread": {
        "uuid": "6ff10ccbeea8cb87b55158e06cd77b2e96bb51e4",
        "url": "https://gizmodo.uol.com.br/igual-a-jesus-este-lagarto-consegue-andar-sobre-as-aguas",
        "site_full": "gizmodo.uol.com.br",
        "site": "uol.com.br",
        "site_section": "https://gizmodo.uol.com.br/feed",
        "site_categories": [
            "tech"
        ],
        "section_title": "Giz Brasil",
        "title": "Igual a Jesus? Este lagarto consegue andar sobre as águas",
        "title_full": "Igual a Jesus? Este lagarto consegue andar sobre as águas",
        "published": "2024-04-11T20:13:00.000+03:00",
        "replies_count": 0,
        "participants_count": 0,
        "site_type": "news",
        "country": "BR",
        "main_image": "https://gizmodo.uol.com.br/wp-content/blogs.dir/8/files/2024/04/lagarto-andar-sobre-as-aguas.jpeg",
        "performance_score": 0,
        "domain_rank": 738,
        "domain_rank_updated": "2024-04-09T13:11:13.000+03:00",
        "reach": null,
        "social": {
            "facebook": {
                "likes": 0,
                "comments": 0,
                "shares": 0
            },
            "gplus": {
                "shares": 0
            },
            "pinterest": {
                "shares": 0
            },
            "linkedin": {
                "shares": 0
            },
            "stumbledupon": {
                "shares": 0
            },
            "vk": {
                "shares": 0
            }
        }
    },
    "uuid": "6ff10ccbeea8cb87b55158e06cd77b2e96bb51e4",
    "url": "https://gizmodo.uol.com.br/igual-a-jesus-este-lagarto-consegue-andar-sobre-as-aguas",
    "ord_in_thread": 0,
    "parent_url": null,
    "author": null,
    "published": "2024-04-11T20:13:00.000+03:00",
    "title": "Igual a Jesus? Este lagarto consegue andar sobre as águas",
    "text": "Lagarto é nativo da América Central e do Sul; ele utiliza a habilidade de andar sobre as águas para se proteger de predadores Imagem: Wikimedia Commons/ Reprodução Por Bárbara Giovani 11 de abril de 2024 às 14:13 2 minutos de leitura Nas paisagens tropicais da América Central e do Sul, um lagarto chama a atenção por um dom um tanto quanto “místico”. Da mesma maneira que Jesus é citado em uma passagem bíblica, o animal consegue andar sobre a água sem afundar.\nPicada de formiga que vive no Brasil é a mais dolorosa do mundo: \"parece um tiro\", diz biólogo “Pior do que cobra cascavel, seu veneno é cruel”: conheça a víbora azul do Butantan batizada em homenagem a Rita Lee Isso acontece quando precisa fugir de um predador. Nesse momento, o lagarto (Basiliscus plumifrons) não pensa duas vezes e passa a andar sobre as águas em uma velocidade altíssima. No total, ele pode percorrer cerca de três metros de distância.\nAssim, despista qualquer outro animal que queira comê-lo. Por este motivo, o animal vive em locais úmidos no continente americano, geralmente onde há riachos e rios.\nVídeos espalhados pela internet mostram a habilidade do animal, que não é nativo do Brasil, mas de países vizinhos, como a Colômbia e a Venezuela, bem como em locais mais distantes, como México e Panamá.\n@jacobfeder Jesus lizard taking off in 3….2….1….@itsnickbingo #dormlife #run #greenscreengaming #lizard #animals #BeautyIs #instaxmeback #cuteanimals\n♬ Run – AWOLNATION\nEm geral, os representantes da espécie se diferem fisicamente pela presença de uma crista na cabeça e nas costas, o que só acontece nos machos. Eles são parentes das iguanas e se alimentam de plantas, frutas e insetos.\nHabilidade divina?\nNão. Na verdade, o lagarto Basiliscus consegue andar sobre as águas por duas características físicas específicas. A primeira é o formato de seu corpo, comprido e leve, que auxilia no deslocamento.\nA segunda é a membrana que possui em suas patas. Como caminha sobre as águas em cima de seus membros traseiros, eles possuem os dedos mais alongados e uma película que facilita o equilíbrio e flutuação do animal na superfície aquática.\n@lpe360 Can the Jesus Lizard Walk on Water🧐😳 #amazing #lizard #shorts #animals #wildlife #funny #wow #water #fyp #foryou\n♬ Originalton – Andreas – Andreas\nDe acordo com o biólogo Christian Raboch, em entrevista ao UOL , essa membrana armazena bolhas de ar. Assim, quando o lagarto “Jesus” tem que andar sobre as águas, as bolhas se solta das membranas e mantém o réptil na superfície, sem afundar.\nNo entanto, isso acontece por apenas alguns metros e sob alta velocidade. Depois, o animal pode se cansar, diminuir a velocidade e simplesmente submergir. Nesses casos, também não há problema, uma vez que o lagarto sabe nadar com a ajuda das quatro patas.\n#animais #animais bizarros #biologia #Jesus Cristo #lagarto Bárbara Giovani Jornalista de ciência que também ama música e cinema. Já publicou na Agência Bori e participa do podcast Prato de Ciência.\nCiência Suplementos: mitos que o marketing quer que você acredite",
    "highlightText": "",
    "highlightTitle": "",
    "highlightThreadTitle": "",
    "language": "portuguese",
    "sentiment": "positive",
    "categories": [
        "Science and Technology"
    ],
    "external_links": [
        "https://www.facebook.com/sharer.php?u=https://gizmodo.uol.com.br/igual-a-jesus-este-lagarto-consegue-andar-sobre-as-aguas/",
        "https://tiktok.com/tag/water?refer=embed",
        "https://www.tiktok.com/tag/shorts?refer=embed",
        "https://www.tiktok.com/tag/lizard?refer=embed",
        "https://www.tiktok.com/music/Run-135257376298844160?refer=embed",
        "https://www.facebook.com/sharer.php?u=https://gizmodo.uol.com.br/igual-a-jesus-este-lagarto-consegue-andar-sobre-as-aguas",
        "https://www.tiktok.com/tag/run?refer=embed",
        "https://twitter.com/intent/tweet?url=https://gizmodo.uol.com.br/igual-a-jesus-este-lagarto-consegue-andar-sobre-as-aguas/&text=Igual",
        "https://tiktok.com/tag/greenscreengaming?refer=embed",
        "https://tiktok.com/@lpe360?refer=embed",
        "https://www.linkedin.com/shareArticle",
        "https://www.tiktok.com/tag/fyp?refer=embed",
        "https://www.tiktok.com/tag/cuteanimals",
        "https://www.tiktok.com/tag/foryou",
        "https://www.tiktok.com/tag/amazing",
        "https://www.tiktok.com/tag/dormlife?refer=embed",
        "https://tiktok.com/tag/funny?refer=embed",
        "https://facebook.com/sharer.php?u=https://gizmodo.uol.com.br/igual-a-jesus-este-lagarto-consegue-andar-sobre-as-aguas/",
        "https://www.tiktok.com/@lpe360?refer=embed",
        "https://www.secure.gravatar.com/avatar/a38fa6d89ff773a16e4e7a7db729545b?s=96&d=blank&r=g",
        "https://www.tiktok.com/music/Originalton-Andreas-7258561744350579482?refer=embed",
        "https://tiktok.com/tag/animals?refer=embed",
        "https://www.tiktok.com/tag/shorts",
        "https://www.tiktok.com/tag/wow?refer=embed",
        "https://www.tiktok.com/tag/water?refer=embed",
        "https://www.tiktok.com/tag/water",
        "https://secure.gravatar.com/avatar/a38fa6d89ff773a16e4e7a7db729545b?s=96&d=blank&r=g",
        "https://tiktok.com/tag/lizard?refer=embed",
        "https://www.tiktok.com/tag/BeautyIs?refer=embed",
        "https://www.tiktok.com/tag/instaxmeback",
        "https://tiktok.com/@jacobfeder/video/6741701627830422790",
        "https://www.facebook.com/sharer.php",
        "https://www.tiktok.com/@jacobfeder/video/6741701627830422790",
        "https://www.tiktok.com/tag/instaxmeback?refer=embed",
        "https://www.tiktok.com/tag/wildlife?refer=embed",
        "https://www.tiktok.com/tag/foryou?refer=embed",
        "https://tiktok.com/tag/fyp?refer=embed",
        "https://www.tiktok.com/tag/wow",
        "https://twitter.com/intent/tweet",
        "https://www.tiktok.com/tag/funny",
        "https://www.tiktok.com/tag/funny?refer=embed",
        "https://tiktok.com/tag/wildlife?refer=embed",
        "https://www.tiktok.com/tag/run",
        "https://tiktok.com/tag/instaxmeback?refer=embed",
        "https://nationalgeographic.com/animals/reptiles/facts/green-basilisk-lizard",
        "https://www.linkedin.com/shareArticle?url=https://gizmodo.uol.com.br/igual-a-jesus-este-lagarto-consegue-andar-sobre-as-aguas/",
        "https://www.tiktok.com/@lpe360",
        "https://tiktok.com/music/Originalton-Andreas-7258561744350579482?refer=embed",
        "https://www.tiktok.com/@jacobfeder",
        "https://linkedin.com/shareArticle?url=https://gizmodo.uol.com.br/igual-a-jesus-este-lagarto-consegue-andar-sobre-as-aguas/",
        "https://www.tiktok.com/music/Run-135257376298844160",
        "https://www.tiktok.com/@lpe360/video/7258561782669757723",
        "https://www.tiktok.com/tag/animals?refer=embed",
        "https://www.tiktok.com/tag/lizard",
        "https://tiktok.com/tag/amazing?refer=embed",
        "https://www.tiktok.com/tag/amazing?refer=embed",
        "https://tiktok.com/tag/shorts?refer=embed",
        "https://tiktok.com/@jacobfeder?refer=embed",
        "https://www.tiktok.com/tag/wildlife",
        "https://www.nationalgeographic.com/animals/reptiles/facts/green-basilisk-lizard",
        "https://www.tiktok.com/tag/animals",
        "https://tiktok.com/tag/run?refer=embed",
        "https://tiktok.com/tag/wow?refer=embed",
        "https://www.tiktok.com/tag/fyp",
        "https://www.tiktok.com/tag/cuteanimals?refer=embed",
        "https://www.tiktok.com/@jacobfeder?refer=embed",
        "https://www.tiktok.com/tag/greenscreengaming",
        "https://www.tiktok.com/tag/BeautyIs",
        "https://tiktok.com/@lpe360/video/7258561782669757723",
        "https://www.twitter.com/intent/tweet?url=https://www.gizmodo.uol.com.br/igual-a-jesus-este-lagarto-consegue-andar-sobre-as-aguas/&text=Igual",
        "https://www.tiktok.com/music/Originalton-Andreas-7258561744350579482",
        "https://tiktok.com/music/Run-135257376298844160?refer=embed",
        "https://www.tiktok.com/tag/dormlife",
        "https://www.linkedin.com/shareArticle?url=https://gizmodo.uol.com.br/igual-a-jesus-este-lagarto-consegue-andar-sobre-as-aguas",
        "https://tiktok.com/tag/foryou?refer=embed",
        "https://tiktok.com/tag/dormlife?refer=embed",
        "https://www.tiktok.com/tag/greenscreengaming?refer=embed",
        "https://tiktok.com/tag/cuteanimals?refer=embed",
        "https://tiktok.com/tag/BeautyIs?refer=embed",
        "https://secure.gravatar.com/avatar/a38fa6d89ff773a16e4e7a7db729545b"
    ],
    "external_images": [],
    "entities": {
        "persons": [],
        "organizations": [],
        "locations": []
    },
    "rating": null,
    "crawled": "2024-04-12T01:11:01.624+03:00",
    "updated": "2024-04-12T01:41:07.953+03:00"
}