{
    "thread": {
        "uuid": "ee989b56189d1684711add8341715224e8db9f5a",
        "url": "https://www.immigration.ca/canada-issues-4500-express-entry-invitations-to-apply-for-stem-occupations",
        "site_full": "www.immigration.ca",
        "site": "immigration.ca",
        "site_section": "https://www.immigration.ca/feed",
        "site_categories": [
            "law_government_and_politics",
            "immigration"
        ],
        "section_title": "Canada Immigration and Visa Information. Canadian Immigration Services and Free Online Evaluation.",
        "title": "Canada Issues 4,500 Express Entry Invitations to Apply for STEM Occupations",
        "title_full": "Canada Issues 4,500 Express Entry Invitations to Apply for STEM Occupations",
        "published": "2024-04-11T21:27:00.000+03:00",
        "replies_count": 0,
        "participants_count": 1,
        "site_type": "news",
        "country": "CA",
        "main_image": "https://www.immigration.ca/wp-content/uploads/2024/04/Canada-Issues-4500-Express-Entry-Invitations-to-Apply-for-STEM-Occupations.jpg",
        "performance_score": 0,
        "domain_rank": 57953,
        "domain_rank_updated": "2024-04-09T13:11:21.000+03:00",
        "reach": null,
        "social": {
            "facebook": {
                "likes": 0,
                "comments": 0,
                "shares": 0
            },
            "gplus": {
                "shares": 0
            },
            "pinterest": {
                "shares": 0
            },
            "linkedin": {
                "shares": 0
            },
            "stumbledupon": {
                "shares": 0
            },
            "vk": {
                "shares": 0
            }
        }
    },
    "uuid": "ee989b56189d1684711add8341715224e8db9f5a",
    "url": "https://www.immigration.ca/canada-issues-4500-express-entry-invitations-to-apply-for-stem-occupations",
    "ord_in_thread": 0,
    "parent_url": null,
    "author": "Colin R. Singer",
    "published": "2024-04-11T21:27:00.000+03:00",
    "title": "Canada Issues 4,500 Express Entry Invitations to Apply for STEM Occupations",
    "text": "Are you a candidate with skills and qualifications in one of Canada’s 82 jobs for occupation-specific Express Entry draws? We want to help you move to Canada. Please submit your CV here. Canada has conducted a major targeted Express Entry draw for STEM occupations, issuing 4,500 Invitations to Apply (ITAs). The April 11 draw saw a minimum Comprehensive Ranking System (CRS) score of 491 points – 10 points higher than the STEM occupations draw before that, which was conducted on December 8, 2023, had a minimum CRS score of 481 points, and had issued 5,900 ITAs. The last draw was an all-program draw and was held a day prior, on April 10, 2024. It issued 1,280 ITAs with a minimum CRS of 549. Last year, Canada conducted the following draws: - 19 all-program draws - Five PNP draws - Six draws targeted at French speakers - Three draws targeted at healthcare occupations - Two draws targeted at STEM occupations - Two draws targeted at skilled trades - Two draws targeted at transport jobs - Two draws targeted at agriculture and agri-food occupations - One draw targeted at Federal Skilled Worker candidates This year, the following draws have been conducted: - Eight all-program draws - Three draws targeted at French speakers - One draw targeted at transport jobs - One draw targeted at agriculture and agri-food occupations - One draw targeted at healthcare occupations - One draw targeted at STEM occupations IRCC issued 110,266 ITAs in 2023, after inviting 45,115 candidates in the whole of 2022. IRCC issued a record 114,431 ITAs in 2021, to all Canadian Experience Class and Provincial Nominee Program candidates. It beat the previous record of 107,350 set in 2020. Read More: University of Alberta Scholarships Available to International Students British Columbia Issues 88 Canada Immigration Invitations In New PNP Draw Manitoba Targets Nurses, Retail Managers And Construction Workers In New PNP Draw Canada had a record immigration target of 465,000 for 2023, which it plans to surpass by setting the target of 485,000 permanent residency invites in 2024. The latest draw saw the tie-breaking rule implemented on February 25, 2024, at 7:55 am EST. If more than one candidate had the minimum CRS score, only those who submitted their Express Entry profiles before this date and time received invitations. This was the 15th round of invitations under https://www.immigration.ca/express-entry-immigration-2018/ in 2024 and 293rd overall . Candidates have a 60-day window to submit their applications, which will be processed within the six-month standard. Watch video: What Can Employers Do to Recruit Foreign Workers? Employers are encouraged to consider securing an LMIA or nomination under provincial nomination programs (PNPs) to ensure long-term retention of employees. At immigration.ca we provide Canadian employers with unparalleled immigration legal services and recruitment of foreign nationals through our in-house skilledworker.com . We bring qualified candidates to Canada in the shortest time possible. Employers in a wide range of industries can directly benefit from our unique position as one of Canada’s leading immigration firms in the industry, with a strong online presence, to meet both their recruitment and immigration requirements. Interested employers wishing to seek our assistance are invited to contact us here for further information. What Should Candidates Do Next? Securing an approved offer of employment is highly recommended as one of the best pathways to guaranteeing an ITA in the next round of invitations. Find out whether you qualify for Canada by completing our free online evaluation. We will provide you with your evaluation results within 1-2 business days. Resources: Immigration.ca News Articles – A daily news source outlining the latest developments in immigration, employment and the economy with commentaries by Attorney Colin Singer. - At skilledworker.com we are dedicated to developing long-term strategic alliances with client companies and candidates alike. We strictly adhere to our guiding principles of honesty, integrity and confidentiality. Colin R. Singer is immigration counsel for www.immigration.ca and Managing Partner of skilledworker.com . He is one of Canada’s foremost senior corporate immigration attorneys. Colin is internationally recognized as an experienced and recommended authority on Canadian immigration and foreign recruitment. In addition to being a licensed human resources professional, he has been a licensed Canadian lawyer in good standing with the Quebec Law Society for more than 30+ years and is authorized by the Canadian government in all immigration matters.",
    "highlightText": "",
    "highlightTitle": "",
    "highlightThreadTitle": "",
    "language": "english",
    "sentiment": "positive",
    "categories": [
        "Science and Technology"
    ],
    "external_links": [
        "https://www.fr.m.wikipedia.org/wiki/Colin_Singer",
        "https://fr.m.wikipedia.org/wiki/Colin_Singer",
        "http://skilledworker.com/",
        "http://www.skilledworker.com/",
        "http://skilledworker.com"
    ],
    "external_images": [],
    "entities": {
        "persons": [],
        "organizations": [
            {
                "name": "pnp",
                "sentiment": "none"
            },
            {
                "name": "federal skilled worke",
                "sentiment": "none"
            }
        ],
        "locations": [
            {
                "name": "canada",
                "sentiment": "none"
            }
        ]
    },
    "rating": null,
    "crawled": "2024-04-12T01:20:44.109+03:00",
    "updated": "2024-04-12T01:56:41.872+03:00"
}