{
    "thread": {
        "uuid": "6a355fc91512b36257fe317581a28b7db6524e40",
        "url": "https://ih.advfn.com/stock-market/stock-news/93640319/indji-systems-innovates-advanced-hail-detection-fo",
        "site_full": "ih.advfn.com",
        "site": "advfn.com",
        "site_section": "https://ih.advfn.com/p.php?pid=news",
        "site_categories": [
            "investing",
            "stocks",
            "finance",
            "financial_news"
        ],
        "section_title": "Investors Hub - News",
        "title": "Indji Systems Innovates Advanced Hail Detection for Solar Industry Growth",
        "title_full": "Indji Systems Innovates Advanced Hail Detection for Solar Industry Growth",
        "published": "2024-04-11T21:33:00.000+03:00",
        "replies_count": 0,
        "participants_count": 1,
        "site_type": "news",
        "country": "US",
        "main_image": "",
        "performance_score": 0,
        "domain_rank": 9098,
        "domain_rank_updated": "2024-04-09T13:11:13.000+03:00",
        "reach": null,
        "social": {
            "facebook": {
                "likes": 0,
                "comments": 0,
                "shares": 0
            },
            "gplus": {
                "shares": 0
            },
            "pinterest": {
                "shares": 0
            },
            "linkedin": {
                "shares": 0
            },
            "stumbledupon": {
                "shares": 0
            },
            "vk": {
                "shares": 0
            }
        }
    },
    "uuid": "6a355fc91512b36257fe317581a28b7db6524e40",
    "url": "https://ih.advfn.com/stock-market/stock-news/93640319/indji-systems-innovates-advanced-hail-detection-fo",
    "ord_in_thread": 0,
    "parent_url": null,
    "author": "advfn.com",
    "published": "2024-04-11T21:33:00.000+03:00",
    "title": "Indji Systems Innovates Advanced Hail Detection for Solar Industry Growth",
    "text": "Indji Systems reinforces its commitment to the solar Industry with the release of real-time and historical tools to enhance its industry leading damaging hail mitigation solution.\nIn an era marked by rapid solar industry expansion, Indji Systems, the premier provider of environmental threat monitoring solutions for the energy sector, is elevating the standard for hail damage prevention with important enhancements to its flagship product, Indji Watch. These enhancements represent a vital advancement in protecting the burgeoning solar energy infrastructure, particularly crucial for utility-scale solar farms which are instrumental in powering the future.\nThis press release features multimedia. View the full release here: https://www.businesswire.com/news/home/20240411227395/en/\nIndji Watch display of historical views of damaging hail in relation to solar assets (Graphic: Business Wire)\nWith the solar industry on the brink of a transformative decade, characterized by significant growth and the deployment of large, utility-scale tracking sites, the imperative for advanced hail mitigation strategies has escalated. Indji Systems is at the forefront of this challenge, integrating, innovative technology and user-driven enhancements to fortify Indji Watch, the sector's trusted hail mitigation solution.\nThe latest upgrades to Indji Watch introduce intuitive, real-time radar visuals, enabling improved storm tracking and hail detection for operators regardless of their technical acumen. This leading-edge approach not only simplifies the identification of potentially damaging hailstorms but also facilitates prompt protective measures, such as the preemptive stowage of solar panels, thereby minimizing risk and enhancing operational continuity.\nFurthermore, Indji Watch now offers an API for seamless integration with existing operational systems, allowing for automated protective responses. This feature, along with the system's dynamic and customizable alert capabilities, underscores Indji Systems' commitment to technological innovation and customer-centric development.\nBeyond immediate hail threat mitigation, Indji Watch's new historical analysis feature offers invaluable post-event insights. This functionality provides detailed assessments of the hail's path and size, enabling damage evaluations, facilitating forensic analysis, and streamlining insurance processing. These important updates significantly augment the strategic depth of hail mitigation efforts, ensuring stakeholders are equipped with the intelligence to navigate the aftermath of severe weather events efficiently.\nThese updates to Indji Watch represent incremental but meaningful steps forward in the tool's capabilities, underscoring Indji Systems' effort to align with the solar industry's needs for efficient and reliable hail mitigation strategies.\n\"At Indji Systems, we understand the critical importance of trust and innovation in driving the solar industry forward. Our latest enhancements to Indji Watch are a testament to our commitment to not only meet but exceed the evolving needs of our clients,” said Adam Hender, CEO of Indji Systems. “We're dedicated to providing solutions that protect assets, optimize operations, and ensure our clients are prepared for any challenge. Our team's relentless pursuit of excellence and our collaborative approach with stakeholders underscore our role as a trusted partner in the industry.\"\nAbout Indji Systems\nFounded in 2004, Indji Systems is a trailblazing software company with offices in California and Western Australia. The company's innovative mapping software empowers businesses to make smarter decisions and operate more effectively, delivering tangible benefits and value to its clients. For more information about Indji Systems and its products, visit https://www.indjiwatch.com, or contact the company at info.indjiwatch@indji.net.\nView source version on businesswire.com: https://www.businesswire.com/news/home/20240411227395/en/\nShelly Carothers\nshelly.carothers@indji.net",
    "highlightText": "",
    "highlightTitle": "",
    "highlightThreadTitle": "",
    "language": "english",
    "sentiment": "positive",
    "categories": [
        "Science and Technology",
        "Environment"
    ],
    "external_links": [
        "https://cts.businesswire.com/ct/CT?id=bwnews&sty=20240411227395r1&sid=ukadn&distro=nx&lang=en",
        "https://www.indjiwatch.com,",
        "https://www.businesswire.com/news/home/20240411227395/en/",
        "https://static.cloudflareinsights.com/beacon.min.js/v84a3a4012de94ce1a686ba8c167c359c1696973893317",
        "https://www.businesswire.com/news/home/20240411227395/en",
        "https://www.cts.businesswire.com/ct/CT?id=bwnews&sty=20240411227395r1&sid=ukadn&distro=nx&lang=en",
        "https://cts.businesswire.com/ct/CT",
        "https://indjiwatch.com,",
        "https://www.static.cloudflareinsights.com/beacon.min.js/v84a3a4012de94ce1a686ba8c167c359c1696973893317",
        "https://businesswire.com/news/home/20240411227395/en/"
    ],
    "external_images": [],
    "entities": {
        "persons": [],
        "organizations": [
            {
                "name": "indji systems innovates advanced hail detection for solar industry growth indji systems",
                "sentiment": "negative"
            },
            {
                "name": "indji systems",
                "sentiment": "none"
            }
        ],
        "locations": []
    },
    "rating": null,
    "crawled": "2024-04-12T01:38:11.761+03:00",
    "updated": "2024-04-12T01:38:11.761+03:00"
}