{
    "thread": {
        "uuid": "392ae5c8cbab5bb9ba3035c31d3e6f720ff04c22",
        "url": "https://www.einpresswire.com/article/702986504/bitcoinhelp-revolutionizing-crypto-technical-support-with-unmatched-expertise-and-service?ref=rss&amp;code=3ZlqwaSGYRX99U8j",
        "site_full": "www.einpresswire.com",
        "site": "einpresswire.com",
        "site_section": "https://journalofcyberpolicy.com/feed",
        "site_categories": [
            "media"
        ],
        "section_title": "Journal of Cyber Policy",
        "title": "BitcoinHelp: Revolutionizing Crypto Technical Support with Unmatched Expertise and Service",
        "title_full": "BitcoinHelp: Revolutionizing Crypto Technical Support with Unmatched Expertise and Service",
        "published": "2024-04-12T01:30:00.000+03:00",
        "replies_count": 0,
        "participants_count": 1,
        "site_type": "news",
        "country": "US",
        "main_image": "https://img.einnews.com/facebook/651660/bitcoinhelp.png",
        "performance_score": 0,
        "domain_rank": 6659,
        "domain_rank_updated": "2024-04-09T13:11:13.000+03:00",
        "reach": null,
        "social": {
            "facebook": {
                "likes": 0,
                "comments": 0,
                "shares": 0
            },
            "gplus": {
                "shares": 0
            },
            "pinterest": {
                "shares": 0
            },
            "linkedin": {
                "shares": 0
            },
            "stumbledupon": {
                "shares": 0
            },
            "vk": {
                "shares": 0
            }
        }
    },
    "uuid": "392ae5c8cbab5bb9ba3035c31d3e6f720ff04c22",
    "url": "https://www.einpresswire.com/article/702986504/bitcoinhelp-revolutionizing-crypto-technical-support-with-unmatched-expertise-and-service?ref=rss&amp;code=3ZlqwaSGYRX99U8j",
    "ord_in_thread": 0,
    "parent_url": null,
    "author": "Jiri Adam",
    "published": "2024-04-12T01:30:00.000+03:00",
    "title": "BitcoinHelp: Revolutionizing Crypto Technical Support with Unmatched Expertise and Service",
    "text": "BitcoinHelp: Revolutionizing Crypto Technical Support with Unmatched Expertise and Service\nBitcoinHelp, the leading name in cryptocurrency technical support, is proud to announce a significant milestone in its journey.SHERIDAN, WY, US, April 11, 2024 /\nEINPresswire.com/ -- BitcoinHelp, the leading name in cryptocurrency technical support, is proud to announce a significant milestone in its journey to provide unparalleled assistance to both newcomers and seasoned users in the cryptocurrency world. With a special emphasis on catering to the crypto-curious, BitcoinHelp is setting new standards in demystifying the complex world of digital currencies.\nAs the only reliable service of its kind, BitcoinHelp has set a new standard for Bitcoin technical support, crypto help, and\nsecurityguidance. It has been instrumental in aiding users with diverse needs, from setting up Bitcoin wallets to ensuring robust Ethereum security. Its comprehensive services include detailed guidance on Bitcoin security, Ethereum security, and personalized support for various other cryptocurrencies. The company's commitment to accessibility and user empowerment is evident through its innovative Bitcoin phone support and 24/7 availability, ensuring that help is just a call away.\n\"Our mission at BitcoinHelp is to demystify the world of cryptocurrencies and provide the technical support our clients need to navigate this dynamic sector confidently,\" said Jiri Adam, General Manager of BitcoinHelp. \"We are particularly keen on supporting the crypto-curious individuals, empowering them with the knowledge and tools they need for successful crypto management, and fostering a secure and informed crypto community.\"\nBitcoinHelp's achievements include:\n- Developing a user-friendly platform for immediate assistance with common issues like how to set up a\nBitcoin wallet, catering especially to those new to the crypto world.\n- Providing advanced crypto technical support to tackle complex problems and enhance user experience, ensuring that even the most seasoned users find value in our services.\n- Implementing cutting-edge security measures to protect users' digital assets against evolving threats.\nAs the cryptocurrency landscape continues to evolve, BitcoinHelp remains at the forefront, offering expert guidance and support to ensure users can safely and effectively engage with digital currencies. Whether you are a beginner curious about Bitcoin or an experienced user needing advanced support, BitcoinHelp is your go-to resource for reliable, expert assistance in the crypto world.\nFor more information about BitcoinHelp and its services, visit\nhttps://www.bitcoinhelp.tech/.\nJiri Adam\nBitcoinHelp\n+1 3073960287\npress@bitcoinhelp.tech\nVisit us on social media:\nYouTube\nWelcome to BitcoinHelp: Your Gateway to the World of Cryptocurrency",
    "highlightText": "",
    "highlightTitle": "",
    "highlightThreadTitle": "",
    "language": "english",
    "sentiment": "positive",
    "categories": [
        "Science and Technology"
    ],
    "external_links": [
        "https://www.bitcoinhelp.tech/services/customized-support",
        "https://www.bitcoinhelp.tech/.",
        "https://www.bitcoinhelp.tech/services/security-guidance",
        "https://www.youtube.com/@BitcoinHelp",
        "https://www.bitcoinhelp.tech/services/wallet-setup-and-management",
        "https://bitcoinhelp.tech/services/wallet-setup-and-management",
        "https://bitcoinhelp.tech/services/customized-support",
        "https://bitcoinhelp.tech/services/security-guidance",
        "https://youtube.com/@BitcoinHelp",
        "https://bitcoinhelp.tech/."
    ],
    "external_images": [],
    "entities": {
        "persons": [],
        "organizations": [
            {
                "name": "bitcoinhelp",
                "sentiment": "none"
            }
        ],
        "locations": [
            {
                "name": "us",
                "sentiment": "none"
            }
        ]
    },
    "rating": null,
    "crawled": "2024-04-12T01:35:27.370+03:00",
    "updated": "2024-04-12T01:35:27.370+03:00"
}