{
    "thread": {
        "uuid": "22e6d9992352a7edc55d8a8586fe6d334dd9b71c",
        "url": "https://electricpower.einnews.com/pr_news/702869670/immigrate-software-celebrates-graduation-from-co-labs-tech-incubator",
        "site_full": "electricpower.einnews.com",
        "site": "einnews.com",
        "site_section": "https://electricpower.einnews.com:443/rss",
        "site_categories": [
            "media"
        ],
        "section_title": "Electric Power News",
        "title": "Immigrate Software Celebrates Graduation from Co.Labs Tech Incubator",
        "title_full": "Immigrate Software Celebrates Graduation from Co.Labs Tech Incubator - Electric Power News Today - EIN Presswire",
        "published": "2024-04-11T20:06:00.000+03:00",
        "replies_count": 0,
        "participants_count": 0,
        "site_type": "news",
        "country": "US",
        "main_image": "https://img.einnews.com/ampsize/651350/canadian-capture.png",
        "performance_score": 0,
        "domain_rank": 3181,
        "domain_rank_updated": "2024-04-09T13:11:13.000+03:00",
        "reach": null,
        "social": {
            "facebook": {
                "likes": 0,
                "comments": 0,
                "shares": 0
            },
            "gplus": {
                "shares": 0
            },
            "pinterest": {
                "shares": 0
            },
            "linkedin": {
                "shares": 0
            },
            "stumbledupon": {
                "shares": 0
            },
            "vk": {
                "shares": 0
            }
        }
    },
    "uuid": "22e6d9992352a7edc55d8a8586fe6d334dd9b71c",
    "url": "https://electricpower.einnews.com/pr_news/702869670/immigrate-software-celebrates-graduation-from-co-labs-tech-incubator",
    "ord_in_thread": 0,
    "parent_url": null,
    "author": null,
    "published": "2024-04-11T20:06:00.000+03:00",
    "title": "Immigrate Software Celebrates Graduation from Co.Labs Tech Incubator",
    "text": "Immigrate Software Celebrates Graduation from Co.Labs Tech Incubator Canadian Image\nDespite challenges posed by the Covid-19 pandemic, Immigrate received investments and launched a successful platform iteration\nOur journey with Co.Labs has been transformative, shaping our trajectory and empowering us to support Canadian businesses while assisting thousands in making Canada their home.” — Miranda Miller SASKATOON, SOUTH SASKATCHEWAN, CANADA, April 11, Immigrate Software Celebrates Graduation from Co.Labs Tech Incubator\nImmigrate Software, a pioneering immigration services tech startup headquartered in Saskatchewan, proudly announces its upcoming graduation from the esteemed Co.Labs Incubator program on April 10th, 2024. Founded by Keli Propp and Dirk Propp, Immigrate has thrived within the Co.Labs ecosystem since May 2018, benefiting profoundly from the invaluable support and resources provided by the incubator.\nOver the past seven years, Immigrate Software has facilitated over 500 Canadian businesses in addressing labor shortages by facilitating the hiring of international workers. The co-founders express profound gratitude towards Co.Labs for its pivotal role in nurturing their growth, empowering Immigrate to assist Canadian businesses while aiding thousands of clients in establishing Canada as their new home.\nA Journey of Persistence and Innovation\nThe inception of Immigrate dates back to December 2017, when co-founder Dirk Propp, leveraging his successful immigration consultancy background, discerned an opportunity to revolutionize the immigration process through technological innovation. Acceptance into the Co.Labs program in May 2018 marked a seminal moment for the company, initiating a phase of intensive product development and readiness for potential investors.\nThe pursuit of transforming the immigration landscape was a challenging endeavor, compounded by the disruptions of the Covid-19 pandemic, necessitating a temporary halt and strategic pivot in 2020. In February 2021, the company secured its inaugural investment during the inaugural Startup TNT summit in Saskatchewan. The team, consisting of four dedicated members at the time, subsequently garnered additional funding in April 2022.\nUnder the stewardship of CEO Keli Propp, appointed in May 2023, Immigrate successfully launched the second iteration of its platform, amassing over 35,000 users within its initial nine months of operation.\nLooking to the Future\nAs Immigrate Software prepares to graduate from the Co.Labs program, the team reflects on their journey with deep appreciation for the milestones achieved. This transformative experience has been instrumental in shaping the company's trajectory, laying a robust groundwork for future expansion and accomplishment.\nImmigrate Software remains steadfast in its commitment to simplifying the immigration process, driven by a fervent dedication to technological advancement and unwavering pursuit of excellence. The company eagerly anticipates continuing its mission of realizing the Canadian dream for countless clients.\nAbout Immigrate Software\nImmigrate Software is an immigration services platform facilitating the connection between Canadian employers and international workers with top-tier immigration experts, ensuring the highest probability of success in their immigration endeavors.\nAbout Co.Labs\nCo.Labs stands as Saskatchewanâ€™s premier technology incubator, offering startups the essential support, resources, and networking opportunities vital for growth and success within a competitive market. Through its comprehensive program, Co.Labs plays a pivotal role in cultivating the next generation of tech leaders in Canada.\nNote to Editors:\nImmigrate Software's journey from inception to graduation highlights the resilience and innovation integral to the tech startup landscape. For further insights into Immigrate's evolution and accomplishments, please refer to the appended company history.\nCompany History:\nFounded as OFAS - Online Form Automation System in December 2017\nAccepted into Co.Labs in May 2018, receiving invaluable support including mentorship from industry experts, network building, community engagement, and dedicated workspace\nEngaged in rigorous product development and investor readiness\nLaunched marketing initiatives on March 10th, 2020, paused amidst pandemic concerns on March 15th, 2020\nUndertook a strategic hiatus for reassessment and pivot from July 2020 to September 2020\nResumed operations in October 2020 with a team of four\nRebranded as Immigrate Software in January 2021\nSecured initial investment in February 2021\nParticipated in the inaugural Startup TNT summit in Saskatchewan in November 2021, securing supplementary investment\nObtained additional investment in April 2022\nAppointed Keli Propp as CEO in May 2023 and launched the second version of the platform\nParticipated in the Start-up TNT Summit in December 2023, securing further supplementary investmentMiranda Miller\nImmigrate Software\n+1 306-805-0113\ncontact@immigrate.biz",
    "highlightText": "",
    "highlightTitle": "",
    "highlightThreadTitle": "",
    "language": "english",
    "sentiment": "positive",
    "categories": [
        "Science and Technology",
        "Human Interest",
        "Education"
    ],
    "external_links": [
        "https://www.immigrate.biz/",
        "https://www.einpresswire.com/",
        "https://www.einpresswire.com/?promo=4700",
        "https://www.immigrate.biz",
        "http://immigrate.biz/",
        "http://www.immigrate.biz",
        "https://einpresswire.com/?promo=4700",
        "http://www.immigrate.biz/",
        "https://immigrate.biz/"
    ],
    "external_images": [],
    "entities": {
        "persons": [
            {
                "name": "miranda miller",
                "sentiment": "none"
            },
            {
                "name": "dirk propp",
                "sentiment": "none"
            },
            {
                "name": "keli propp",
                "sentiment": "none"
            }
        ],
        "organizations": [
            {
                "name": "immigrate software",
                "sentiment": "none"
            },
            {
                "name": "co.labs tech incubator immigrate software",
                "sentiment": "none"
            }
        ],
        "locations": [
            {
                "name": "canada",
                "sentiment": "none"
            },
            {
                "name": "canada",
                "sentiment": "none"
            },
            {
                "name": "saskatchewan",
                "sentiment": "none"
            },
            {
                "name": "saskatchewan",
                "sentiment": "none"
            },
            {
                "name": "saskatoon",
                "sentiment": "none"
            }
        ]
    },
    "rating": null,
    "crawled": "2024-04-12T01:18:09.305+03:00",
    "updated": "2024-04-12T01:18:09.305+03:00"
}