{
    "thread": {
        "uuid": "6133683c90ca06b1d66f9d4aabbcf0d23e9373fb",
        "url": "https://flipboard.com/article/best-decision-i-ever-made-driver-puts-apple-carplay-and-backup-camera-into-her/f-8d296bbc2e%2Fdailydot.com",
        "site_full": "flipboard.com",
        "site": "flipboard.com",
        "site_section": "https://flipboard.com/topic/shopping",
        "site_categories": [
            "family_and_parenting",
            "eldercare"
        ],
        "section_title": "Discover More in Shopping on Flipboard",
        "title": "‘Best decision I ever made’: Driver puts Apple CarPlay and backup camera into her old vehicle. She’s not alone | Flipboard",
        "title_full": "‘Best decision I ever made’: Driver puts Apple CarPlay and backup camera into her old vehicle. She’s not alone | Flipboard",
        "published": "2024-04-11T03:00:00.000+03:00",
        "replies_count": 0,
        "participants_count": 1,
        "site_type": "news",
        "country": "US",
        "main_image": "https://ic-cdn.flipboard.com/dailydot.com/48efedf2d7afb8221b3c28b33bcc2d2ea6257df2/_medium.jpeg",
        "performance_score": 0,
        "domain_rank": 1217,
        "domain_rank_updated": "2024-04-09T13:11:13.000+03:00",
        "reach": null,
        "social": {
            "facebook": {
                "likes": 0,
                "comments": 0,
                "shares": 0
            },
            "gplus": {
                "shares": 0
            },
            "pinterest": {
                "shares": 0
            },
            "linkedin": {
                "shares": 0
            },
            "stumbledupon": {
                "shares": 0
            },
            "vk": {
                "shares": 0
            }
        }
    },
    "uuid": "6133683c90ca06b1d66f9d4aabbcf0d23e9373fb",
    "url": "https://flipboard.com/article/best-decision-i-ever-made-driver-puts-apple-carplay-and-backup-camera-into-her/f-8d296bbc2e%2Fdailydot.com",
    "ord_in_thread": 0,
    "parent_url": null,
    "author": "Daily Dot - Jack Alban",
    "published": "2024-04-11T03:00:00.000+03:00",
    "title": "‘Best decision I ever made’: Driver puts Apple CarPlay and backup camera into her old vehicle. She’s not alone | Flipboard",
    "text": "‘Best decision I ever made’: Driver puts Apple CarPlay and backup camera into her old vehicle. She’s not alone A TikToker who goes by Heaven (@purplyavocado) is in car-driving bliss after she decided to upgrade her Acura (Honda’s luxury car brand, which is … [Daily Dot](/@DailyDot) flipped this story into [Trending on TikTok](/@dailydot/trending-on-tiktok-b92m9mdez)•5h Related storyboards Related articles ['I have more space in my Honda Civic': This San Antonio neighborhood of tiny 600-square feet homes is going viral — why so many Americans are now living in pint-sized properties](/@moneywise/moneywise-today-u1h0c4sbz/i-have-more-space-in-my-honda-civic-this-san-antonio-neighborhood-of-tiny-600-/a-q1WZuGfJTzGuwK8gDwE7bQ%3Aa%3A3387178518-3912cf15d8%2Fmoneywise.com) Resident argue they're better than apartments. San Antonio's Elm Trail community of pint-sized pads is gaining plenty of traction online — with new … [Woman Cuts One Thing Out Of Her Diet And After Just 2 Weeks Her Face Looks Completely Different](/@yourtango/entertainment-news-a85v3l9vz/woman-cuts-one-thing-out-of-her-diet-and-after-just-2-weeks-her-face-looks-compl/a-0jMrY-Q_TJOzxDVyMA5bIg%3Aa%3A2589570198-a70009257d%2Fyourtango.com) After a woman decided to cut out one specific item from her diet, she noticed drastic changes to her face in just a few weeks. Now, she is … [Expired Cans of Salmon From Decades Ago Reveal a Big Surprise](/@vegpwr/cool-articles-with-no-home-8a5j1vj8z/expired-cans-of-salmon-from-decades-ago-reveal-a-big-surprise/a-BC3-sEjAQO2BaI88uYcvrg%3Aa%3A37645874-362c805716%2Fsciencealert.com) Canned salmon are the unlikely heroes of an accidental back-of-the-pantry natural history museum, with decades of Alaskan marine ecology preserved in … Join the flipboard community Discover, collect, and share stories for all your interests [Sign up](/signup) More stories from [Acura](/topic/acura) [Gradient replaces Legge with McAleer for rest of 2024 season](/topic/acura/gradient-replaces-legge-with-mcaleer-for-rest-of-2024-season/a-mUpwo2kaRFO9qtT0pAPpYg%3Aa%3A76306994-6f389fdb38%2Fmotorsport.com) The team revealed the driver change on social media, with McAleer stepping up to full-time GTD running alongside co-driver Sheena Monk in the Acura … [Revamped 2025 Acura MDX Puts Your Home Theater to Shame](/topic/acura/revamped-2025-acura-mdx-puts-your-home-theater-to-shame/a-doT4Og6LTw2eQOkVvsvWsw%3Aa%3A1737302834-9bc8b7937c%2Fthedrive.com) The MDX’s new top-of-the-line Bang & Olufsen audio system has as many speakers as Baskin-Robbins has flavors. Acura recently updated its flagship … [2025 Acura MDX ditches touchpad, embraces touchscreens, Google, Bang & Olufsen](/topic/acura/2025-acura-mdx-ditches-touchpad-embraces-touchscreens-google-bang-olufsen/a-ecCwpC8lR9ajjBDPCDQZDQ%3Aa%3A660838358-326a4e4edb%2Fautoblog.com) The 2025 Acura MDX sees a number of updates and upgrades, especially inside, where a new infotainment system is a potential game-changer for Acura's flagship SUV as well as, potentially, the entire brand. Now, at first glance, adding a 12.3-inch touchscreen to a new luxury car shouldn't be that big …",
    "highlightText": "",
    "highlightTitle": "",
    "highlightThreadTitle": "",
    "language": "english",
    "sentiment": "positive",
    "categories": [
        "Lifestyle and Leisure",
        "Science and Technology"
    ],
    "external_links": [],
    "external_images": [],
    "entities": {
        "persons": [
            {
                "name": "baskin",
                "sentiment": "none"
            },
            {
                "name": "acura",
                "sentiment": "none"
            },
            {
                "name": "legge",
                "sentiment": "none"
            },
            {
                "name": "mcaleer",
                "sentiment": "none"
            },
            {
                "name": "sheena monk",
                "sentiment": "none"
            },
            {
                "name": "robbins",
                "sentiment": "none"
            }
        ],
        "organizations": [
            {
                "name": "apple",
                "sentiment": "positive"
            },
            {
                "name": "acura",
                "sentiment": "none"
            },
            {
                "name": "bang & olufsen",
                "sentiment": "none"
            },
            {
                "name": "honda",
                "sentiment": "none"
            }
        ],
        "locations": []
    },
    "rating": null,
    "crawled": "2024-04-12T01:55:17.261+03:00",
    "updated": "2024-04-12T06:22:24.230+03:00"
}