{
    "thread": {
        "uuid": "f2c09802b5ae62b6c690b5f9da1917df12ca1007",
        "url": "https://culture.org/art-and-culture/ai-art-controversy",
        "site_full": "culture.org",
        "site": "culture.org",
        "site_section": "http://www.believermag.com/feed",
        "site_categories": [],
        "section_title": "Culture",
        "title": "AI Art Controversy: Real Art or Technological Illusion?",
        "title_full": "AI Art Controversy: Real Art or Technological Illusion?",
        "published": "2024-04-11T21:43:00.000+03:00",
        "replies_count": 0,
        "participants_count": 1,
        "site_type": "news",
        "country": "US",
        "main_image": "https://culture.org/wp-content/uploads/AI-Art-Real-Art-Technological_FI.jpg",
        "performance_score": 0,
        "domain_rank": 24342,
        "domain_rank_updated": "2024-04-09T13:11:13.000+03:00",
        "reach": null,
        "social": {
            "facebook": {
                "likes": 0,
                "comments": 0,
                "shares": 0
            },
            "gplus": {
                "shares": 0
            },
            "pinterest": {
                "shares": 0
            },
            "linkedin": {
                "shares": 0
            },
            "stumbledupon": {
                "shares": 0
            },
            "vk": {
                "shares": 0
            }
        }
    },
    "uuid": "f2c09802b5ae62b6c690b5f9da1917df12ca1007",
    "url": "https://culture.org/art-and-culture/ai-art-controversy",
    "ord_in_thread": 0,
    "parent_url": null,
    "author": "Grace Angelique",
    "published": "2024-04-11T21:43:00.000+03:00",
    "title": "AI Art Controversy: Real Art or Technological Illusion?",
    "text": "Harvard artists and professors advocate for an open approach to AI, seeing it as an extension of the artistic toolkit rather than a threat.\nHarvard arts professors view AI as a potential collaborator, emphasizing the importance of embracing technology to uncover new creative possibilities.\nThe evolution of artistic tools, from pencils to digital platforms and now\nArtificial Intelligence, represents a continuous expansion of the mediums available to artists.\nRuth Stella Lingford, a senior lecturer on Art, Film, and Visual Studies, discusses AI’s dual role as a threat and collaborator in the animation industry.\nWhile acknowledging AI’s capability to mimic her artistic style, she values the intuitive process of hand drawing for its depth and nuance.\nLingford sees AI as a “collective unconscious,” offering intriguing possibilities for combining human creativity with AI’s vast data processing.\nMatt Saunders, a mixed-media artist and professor, views AI as a “new material intelligence provider.”\nHe believes AI’s agency challenges artists to explore new collaborations and rethink their habits and assumptions.\nSaunders highlights the ongoing dialogue between artists and AI, suggesting that such technological advancements enrich the creative process.\nMoshe Safdie, an architect and urban planner, reflects on AI’s capabilities and limitations in architecture.\nDespite AI’s analytical prowess, he suggests that it has yet to replicate the nuanced decision-making of human architects.\nSafdie remains cautiously optimistic about AI’s future contributions to the field.\nDiscussions around AI-generated art often raise ethical and philosophical questions regarding authenticity, authorship, and the impact on human labor.\nThe proliferation of AI-generated images challenges traditional notions of creativity, prompting a reevaluation of the artist’s role in this technological age.\nThe question of whether machines can truly create art or express themselves without consciousness is central to the debate.\nAs technology redefines art, questions about the real artist behind AI-generated works—whether it’s the programmers or the AI itself—become increasingly relevant.\nAs AI image generation technology continues to evolve, the integration of AI in social media and communication is likely.\nThe ongoing\ndebate about AI art’s legitimacy highlights the fluid nature of artistic expression and the need for critical discussions around technology’s impact on creativity.\nThe artistic community is divided on the implications of AI for creativity. While some fear the loss of originality and the commodification of creative expression, others embrace AI as a vast and exciting toolkit for innovation.\nWith AI becoming more entrenched in creative processes, balancing technological advancement with ethical considerations and preserving human creativity is challenging.\nThe intersection of AI and art at Harvard and beyond is a microcosm of the broader conversations in the art world.\nAs we navigate this new frontier, the perspectives of artists, educators, and technologists will be crucial in shaping the future of creativity in the digital age. Only then will we be able to determine AI’s actual role in the creative process.\nRap music has existed for decades, with someone new stepping up every year to claim the spotlight. There’ve been many…\nThe Boys Season 4 kicks off on Amazon Prime Video on June 13, 2024, with a triple-episode launch. Here’s what…\nAnonymity in art creates a unique relationship between the creator, their work, and the audience. It allows artists to express…",
    "highlightText": "",
    "highlightTitle": "",
    "highlightThreadTitle": "",
    "language": "english",
    "sentiment": "positive",
    "categories": [
        "Arts, Culture and Entertainment",
        "Science and Technology"
    ],
    "external_links": [],
    "external_images": [],
    "entities": {
        "persons": [
            {
                "name": "ruth stella lingford",
                "sentiment": "none"
            },
            {
                "name": "matt saunders",
                "sentiment": "none"
            },
            {
                "name": "lingford",
                "sentiment": "none"
            }
        ],
        "organizations": [
            {
                "name": "harvard",
                "sentiment": "neutral"
            },
            {
                "name": "artificial intelligence",
                "sentiment": "none"
            }
        ],
        "locations": []
    },
    "rating": null,
    "crawled": "2024-04-12T01:53:48.630+03:00",
    "updated": "2024-04-12T01:53:48.630+03:00"
}