{
    "thread": {
        "uuid": "439e5c29d740a0ac938af26723a10e11708d5f13",
        "url": "http://paulikipedia.ru/index.php?title=10_Facts_About_NeuroBloc_Botulinum_Toxin_Type_B_(5000_U)_That_Will_Instantly_Put_You_in_a_Good_Mood&diff=134094&oldid=0",
        "site_full": "paulikipedia.ru",
        "site": "paulikipedia.ru",
        "site_section": "https://paulikipedia.ru/index.php?title=%d0%a1%d0%bb%d1%83%d0%b6%d0%b5%d0%b1%d0%bd%d0%b0%d1%8f:%d0%a1%d0%b2%d0%b5%d0%b6%d0%b8%d0%b5_%d0%bf%d1%80%d0%b0%d0%b2%d0%ba%d0%b8&feed=atom",
        "site_categories": [],
        "section_title": "Paulikipedia  - Свежие правки [ru]",
        "title": "10 Facts About NeuroBloc Botulinum Toxin Type B (5000 U) That Will Instantly Put You in a Good Mood",
        "title_full": "10 Facts About NeuroBloc Botulinum Toxin Type B (5000 U) That Will Instantly Put You in a Good Mood",
        "published": "2024-04-12T00:12:00.000+03:00",
        "replies_count": 0,
        "participants_count": 1,
        "site_type": "news",
        "country": "BE",
        "main_image": "",
        "performance_score": 0,
        "domain_rank": 55788,
        "domain_rank_updated": "2024-04-09T13:11:21.000+03:00",
        "reach": null,
        "social": {
            "facebook": {
                "likes": 0,
                "comments": 0,
                "shares": 0
            },
            "gplus": {
                "shares": 0
            },
            "pinterest": {
                "shares": 0
            },
            "linkedin": {
                "shares": 0
            },
            "stumbledupon": {
                "shares": 0
            },
            "vk": {
                "shares": 0
            }
        }
    },
    "uuid": "439e5c29d740a0ac938af26723a10e11708d5f13",
    "url": "http://paulikipedia.ru/index.php?title=10_Facts_About_NeuroBloc_Botulinum_Toxin_Type_B_(5000_U)_That_Will_Instantly_Put_You_in_a_Good_Mood&diff=134094&oldid=0",
    "ord_in_thread": 0,
    "parent_url": null,
    "author": "D1njmmf748",
    "published": "2024-04-12T00:12:00.000+03:00",
    "title": "10 Facts About NeuroBloc Botulinum Toxin Type B (5000 U) That Will Instantly Put You in a Good Mood",
    "text": "10 Facts About NeuroBloc Botulinum Toxin Type B (5000 U) That Will Instantly Put You in a Good Mood: различия между версиями\n[Перейти к навигации](#mw-head) [Перейти к поиску](#p-search)\n|\n|\n(Новая страница: «Introduction: NeuroBloc Botulinum Toxin Type B (5000 U) is a purified sort of botulinum toxin type B, generally useful for therapeutic applications while in the…»)\n(нет различий)\nТекущая версия на 01:12, 12 апреля 2024\nIntroduction:\nNeuroBloc Botulinum Toxin Type B (5000 U) is a purified sort of botulinum toxin type B, generally useful for therapeutic applications while in the therapy of cervical dystonia, a neurological ailment characterised by irregular muscle mass contractions from the neck and shoulders. This neurotoxin operates by briefly blocking the release of acetylcholine, a neurotransmitter liable for muscle contraction, leading to muscle paralysis and alleviating signs affiliated\n<a href=\"https://issuu.com/z3senvg648/docs/63798\">Buy Viscoderm with cervical dystonia.\nGrowth:\nNeuroBloc Botulinum Toxin Form B was developed as an alternative treatment option for cervical dystonia, presenting a purified kind of botulinum toxin type B exclusively designed for therapeutic use. It had been authorized by regulatory companies for health-related use determined by medical trials demonstrating its efficacy and security in supplying reduction for individuals with cervical dystonia.\nMechanism of Motion:\nNeuroBloc Botulinum Toxin Style B exerts its therapeutic results by blocking the discharge of acetylcholine within the neuromuscular junction, protecting against muscle contractions and inducing short-term muscle mass paralysis. This mechanism of motion assists reduce muscle spasms and involuntary actions connected to cervical dystonia, bringing about improved neck posture, array of motion, and All round quality of life for people.\nAdministration:\nNeuroBloc Botulinum Toxin Sort B is typically administered by certified Health care gurus, for example neurologists or physiatrists, as a result of intramuscular injections into the afflicted muscles. The dosage and injection internet sites might change depending on the severity with the affected person's signs and their person reaction to procedure. Procedure classes are generally scheduled at regular intervals to maintain therapeutic outcomes.\nEfficacy and Protection:\nMedical studies have shown the efficacy and safety of NeuroBloc\nhttps://www.4shared.com/s/fX738gTAdjq Botulinum Toxin Type B in delivering relief for individuals with cervical dystonia. Widespread Unwanted effects may contain injection internet site suffering, bruising, swelling, and muscle mass weak spot, which are frequently non permanent and solve by themselves. Serious problems are exceptional but could include issues swallowing or respiration, which require fast healthcare attention.\nSummary:\nNeuroBloc Botulinum Toxin Kind B (5000 U) provides a useful treatment option for people living with cervical dystonia, offering aid from muscle mass spasms and increasing In general Standard of living. With its demonstrated efficacy and safety profile, NeuroBloc has become a dependable therapeutic intervention during the management of this debilitating neurological issue, helping clients achieve much better symptom Handle and purposeful outcomes.",
    "highlightText": "",
    "highlightTitle": "",
    "highlightThreadTitle": "",
    "language": "english",
    "sentiment": "positive",
    "categories": [
        "Human Interest",
        "Health",
        "Science and Technology"
    ],
    "external_links": [
        "https://www.4shared.com/s/fX738gTAdjq",
        "https://issuu.com/z3senvg648/docs/63798",
        "https://www.issuu.com/z3senvg648/docs/63798",
        "https://4shared.com/s/fX738gTAdjq"
    ],
    "external_images": [],
    "entities": {
        "persons": [],
        "organizations": [],
        "locations": []
    },
    "rating": null,
    "crawled": "2024-04-12T01:26:28.761+03:00",
    "updated": "2024-04-12T01:26:28.761+03:00"
}