{
    "thread": {
        "uuid": "88443545bd7e773328920e6a6b8dc66f5d154b10",
        "url": "https://www.tekedia.com/blockdags-v2-whitepaper-ignites-potential-for-massive-returns",
        "site_full": "www.tekedia.com",
        "site": "tekedia.com",
        "site_section": "https://www.tekedia.com/category/community/",
        "site_categories": [
            "media"
        ],
        "section_title": null,
        "title": "",
        "title_full": "",
        "published": "2024-04-11T20:00:00.000+03:00",
        "replies_count": 0,
        "participants_count": 1,
        "site_type": "news",
        "country": "US",
        "main_image": "",
        "performance_score": 0,
        "domain_rank": 81288,
        "domain_rank_updated": "2024-04-09T13:11:30.000+03:00",
        "reach": null,
        "social": {
            "facebook": {
                "likes": 0,
                "comments": 0,
                "shares": 0
            },
            "gplus": {
                "shares": 0
            },
            "pinterest": {
                "shares": 0
            },
            "linkedin": {
                "shares": 0
            },
            "stumbledupon": {
                "shares": 0
            },
            "vk": {
                "shares": 0
            }
        }
    },
    "uuid": "88443545bd7e773328920e6a6b8dc66f5d154b10",
    "url": "https://www.tekedia.com/blockdags-v2-whitepaper-ignites-potential-for-massive-returns",
    "ord_in_thread": 0,
    "parent_url": null,
    "author": "TI Partners",
    "published": "2024-04-11T20:00:00.000+03:00",
    "title": "",
    "text": "The recent release of the V2 Technical Whitepaper by BlockDAG has become a pivotal moment within the cryptocurrency sector, driving the project towards an impressive potential return of 20,000 times the investment. This development positions BlockDAG at the forefront of the industry, surpassing recent gains seen in Smog and Ethereum, and establishing it as a frontrunner in blockchain innovation. By merging blockchain technology with Directed Acyclic Graph (DAG), BlockDAG introduces a solution offering unparalleled transaction speed, scalability, and security, drawing significant interest from investors and cryptocurrency enthusiasts.\nWhile Ethereum continues to make strides in the DeFi space and Smog captures attention within the meme coin sector, BlockDAG sets itself apart by delivering a robust and financially promising platform. This platform revolutionizes transaction and smart contract processing in the digital realm and presents an attractive investment opportunity poised for unprecedented success.\nSmog Strategic Positioning In the dynamic crypto market of 2024, Smog stands out through its creative use of the Solana platform, distinguishing itself amid the meme coin frenzy. Its innovative approach to airdrops and the strategy for exchange listings highlight a promising path forward, emphasizing the potential of meme coins to offer value beyond the fleeting viral appeal. Smog’s strategy reveals a shift towards sustainability and impact within the meme coin market, offering a fresh perspective on the possibilities for meme-based cryptocurrencies.\nEthereum Redefining Crypto World Ethereum, a constant leader within the DeFi industry, further solidifies its position through strategic enhancements made by the Origin Protocol. These enhancements optimize staking processes and are supported by industry experts, showcasing Ethereum’s commitment to innovation focused on user benefit. This initiative not only boosts the Ethereum ecosystem’s value and accessibility but also affirms its influential role in the DeFi space. By simplifying staking and demonstrating dedication to DeFi advancement, Ethereum continues to shape the future of decentralized finance.\nBlockDAG A Hybrid Mechanism Poised For Huge Returns BlockDAG’s introduction of a hybrid model that combines blockchain security with DAG’s efficiency represents a cutting-edge approach to addressing the blockchain trilemma of decentralization, security, and scalability. This unique architecture promises to revolutionize the blockchain arena by offering a solution that supports high transaction volumes, minimal costs, and compatibility with the Ethereum Virtual Machine (EVM), marking a significant advancement for both developers and users.\nWith a successful $15.9 million raised during its presale, BlockDAG’s market strategy and technical innovation have garnered significant attention and investment. The whitepaper’s launch event in the Las Vegas Sphere has been a crucial step, drawing attention to its growth potential and the possibility for unparalleled returns as highlighted by the enthusiastic response to its Batch 8 presale.\nAs the cryptocurrency landscape evolves with Ethereum’s tokenomics and Smog’s meme coin innovations, BlockDAG emerges as a leader with its breakthrough technology and solid market strategy. The recent whitepaper unveils a future filled with technological excellence and substantial growth potential, inviting investors to join a venture at the forefront of the crypto revolution.\nThe Final Verdict In conclusion, BlockDAG offers a unique blend of innovative technology and strategic market positioning, providing a prime opportunity for investors looking to be at the cutting edge of cryptocurrency evolution. As BlockDAG reshapes the concepts of blockchain efficiency and scalability, it beckons forward-thinking investors to a platform not just participating in the crypto evolution but spearheading a new era of success and sustainability in the digital currency space.\nInvest In BlockDAG Now\nWebsite: https://blockdag.network\nPresale: https://purchase.blockdag.network\nTelegram: https://t.me/blockDAGnetworkOfficial\nDiscord: https://discord.gg/Q7BxghMVyu",
    "highlightText": "",
    "highlightTitle": "",
    "highlightThreadTitle": "",
    "language": "english",
    "sentiment": "positive",
    "categories": [
        "Science and Technology"
    ],
    "external_links": [
        "https://t.me/blockDAGnetworkOfficial",
        "https://purchase.blockdag.network/",
        "https://discord.gg/Q7BxghMVyu",
        "https://blockdag.network/",
        "https://blockdag.network",
        "https://purchase.blockdag.network",
        "https://www.t.me/blockDAGnetworkOfficial",
        "https://blockdag.network",
        "https://www.blockdag.network/",
        "https://purchase.blockdag.network",
        "https://www.blockdag.network",
        "https://www.discord.gg/Q7BxghMVyu",
        "https://www.purchase.blockdag.network/",
        "https://www.purchase.blockdag.network"
    ],
    "external_images": [],
    "entities": {
        "persons": [
            {
                "name": "ethereum",
                "sentiment": "none"
            }
        ],
        "organizations": [],
        "locations": [
            {
                "name": "ethereum",
                "sentiment": "none"
            }
        ]
    },
    "rating": null,
    "crawled": "2024-04-12T01:39:56.113+03:00",
    "updated": "2024-04-12T01:39:56.113+03:00"
}