{
    "thread": {
        "uuid": "2047e88ffa98b7efa8cd52608ba88e5af9823312",
        "url": "https://www.einnews.com/pr_news/703025360/computer-corner-announces-april-15-2024-relocation-to-better-serve-customers-community",
        "site_full": "www.einnews.com",
        "site": "einnews.com",
        "site_section": "https://it.einnews.com/",
        "site_categories": [
            "search_engine",
            "tech"
        ],
        "section_title": "IT Industry Newswire - IT Industry Today - EIN Presswire",
        "title": "Computer Corner Announces April 15, 2024 Relocation to Better Serve Customers & Community - IT Industry Today - EIN Presswire",
        "title_full": "Computer Corner Announces April 15, 2024 Relocation to Better Serve Customers & Community - IT Industry Today - EIN Presswire",
        "published": "2024-04-11T03:00:00.000+03:00",
        "replies_count": 0,
        "participants_count": 1,
        "site_type": "news",
        "country": "US",
        "main_image": "https://img.einnews.com/ampsize/651755/computer-corner-is-moving.png",
        "performance_score": 0,
        "domain_rank": 3181,
        "domain_rank_updated": "2024-04-09T13:11:13.000+03:00",
        "reach": null,
        "social": {
            "facebook": {
                "likes": 0,
                "comments": 0,
                "shares": 0
            },
            "gplus": {
                "shares": 0
            },
            "pinterest": {
                "shares": 0
            },
            "linkedin": {
                "shares": 0
            },
            "stumbledupon": {
                "shares": 0
            },
            "vk": {
                "shares": 0
            }
        }
    },
    "uuid": "2047e88ffa98b7efa8cd52608ba88e5af9823312",
    "url": "https://www.einnews.com/pr_news/703025360/computer-corner-announces-april-15-2024-relocation-to-better-serve-customers-community",
    "ord_in_thread": 0,
    "parent_url": null,
    "author": "Michael Villella",
    "published": "2024-04-11T03:00:00.000+03:00",
    "title": "Computer Corner Announces April 15, 2024 Relocation to Better Serve Customers & Community - IT Industry Today - EIN Presswire",
    "text": "Computer Corner, a leading provider of computer and tech services in Albuquerque, is thrilled to announce its relocation, scheduled for April 15. EINPresswire.com / -- Computer Corner, a leading provider of computer and tech services in Albuquerque, is thrilled to announce its relocation to 6104-B Jefferson St NE Albuquerque, NM 87109, scheduled for April 15. The move signifies a significant milestone for the company as it continues to prioritize an enhanced customer experience for Albuquerqueâ€™s local residents, businesses and government agencies. Since its establishment in 1983, Computer Corner has been dedicated to providing top-notch computer services to individuals and businesses in the Albuquerque community. The decision to relocate comes as a strategic initiative to accommodate the growing needs of its valued customers effectively. The new location boasts a spacious and modern facility, equipped with state-of-the-art technology and resources, allowing Computer Corner to enhance its service offerings and provide an even more comprehensive range of solutions to its local clientele. \"Relocating to our new facility represents an exciting chapter for Computer Corner,\" said Brian Fletcher, CEO of Computer Corner. \"We are committed to continually improving our services and ensuring that our customers receive the highest level of support. This move not only allows us to better serve our existing clientele but also opens doors for us to reach new customers and expand our presence in the Albuquerque area.\" Whether clients require the latest computing technology, cybersecurity expertise, support services, or hardware repairs, Computer Corner remains steadfast in its commitment to delivering efficient and reliable solutions, while continuing to provide award-winning customer service. As Computer Corner prepares for its relocation, the company reassures customers that operations will continue uninterrupted during the transition period. The team is diligently working to ensure a seamless move and looks forward to welcoming customers to the new facility starting April 15. About Computer Corner: Computer Corner is a locally-owned, family-owned provider of computer services based in Albuquerque, NM. With a focus on customer satisfaction and technical expertise, the company offers a wide range of solutions including high level technology solutions, hardware repairs, software installations, and IT support services. Michael Villella Computer Corner +1 (505) 881-2333 email us here Visit us on social media: Business & Economy , Electronics Industry , IT Industry , http://www.einpresswire.com/channel/technology EIN Presswire does not exercise editorial control over third-party content provided, uploaded, published, or distributed by users of EIN Presswire. We are a distributor, not a publisher, of 3rd party content. Such content may contain the views, opinions, statements, offers, and other material of the respective users, suppliers, participants, or authors. Submit your press release",
    "highlightText": "",
    "highlightTitle": "",
    "highlightThreadTitle": "",
    "language": "english",
    "sentiment": "positive",
    "categories": [
        "Science and Technology"
    ],
    "external_links": [
        "http://www.einpresswire.com/channel/business-economy",
        "http://www.einpresswire.com/channel/technology",
        "http://www.einpresswire.com/contact_author/703025360",
        "http://www.einpresswire.com/channel/electronics",
        "https://www.einpresswire.com/?promo=4700",
        "http://www.einpresswire.com/channel/it,",
        "http://www.einpresswire.com/why-us?promo=4700",
        "http://einpresswire.com/why-us?promo=4700",
        "https://www.einpresswire.com/",
        "http://www.einpresswire.com/why-us",
        "http://einpresswire.com/channel/technology",
        "http://einpresswire.com/contact_author/703025360",
        "http://einpresswire.com/channel/it,",
        "https://einpresswire.com/?promo=4700",
        "http://einpresswire.com/channel/business-economy",
        "http://einpresswire.com/channel/electronics"
    ],
    "external_images": [],
    "entities": {
        "persons": [],
        "organizations": [
            {
                "name": "better serve customers & community - it industry today",
                "sentiment": "negative"
            },
            {
                "name": "ein presswire computer corner",
                "sentiment": "negative"
            },
            {
                "name": "computer corner",
                "sentiment": "none"
            }
        ],
        "locations": [
            {
                "name": "albuquerque",
                "sentiment": "none"
            }
        ]
    },
    "rating": null,
    "crawled": "2024-04-12T01:21:11.179+03:00",
    "updated": "2024-04-12T06:48:43.857+03:00"
}