{
    "thread": {
        "uuid": "8dfea3e14a3c358598aa83312223aa738f2ea539",
        "url": "https://www.world-today-news.com/sega-releases-exciting-details-about-super-monkey-ball-banana-clash-adventure-mode-for-nintendo-switch-game-set-to-launch-on-june-25-2024",
        "site_full": "www.world-today-news.com",
        "site": "world-today-news.com",
        "site_section": "https://www.world-today-news.com/rss",
        "site_categories": [
            "media"
        ],
        "section_title": "World Today News",
        "title": "SEGA Releases Exciting Details About Super Monkey Ball Banana Clash Adventure Mode for Nintendo Switch Game Set to Launch on June 25, 2024 - World Today News",
        "title_full": "SEGA Releases Exciting Details About Super Monkey Ball Banana Clash Adventure Mode for Nintendo Switch Game Set to Launch on June 25, 2024 - World Today News",
        "published": "2024-04-12T01:52:00.000+03:00",
        "replies_count": 0,
        "participants_count": 1,
        "site_type": "news",
        "country": "US",
        "main_image": "https://today-obs.line-scdn.net/0hM8khpz7jEhdWEQJnxwttQG5HHmZldwgedCUKdCMSG3QsPVNJaSBBdCZDHjtydFwSdnVVcnMTTXJ-IgARbw/w1200",
        "performance_score": 0,
        "domain_rank": 26911,
        "domain_rank_updated": "2024-04-09T13:11:13.000+03:00",
        "reach": null,
        "social": {
            "facebook": {
                "likes": 0,
                "comments": 0,
                "shares": 0
            },
            "gplus": {
                "shares": 0
            },
            "pinterest": {
                "shares": 0
            },
            "linkedin": {
                "shares": 0
            },
            "stumbledupon": {
                "shares": 0
            },
            "vk": {
                "shares": 0
            }
        }
    },
    "uuid": "8dfea3e14a3c358598aa83312223aa738f2ea539",
    "url": "https://www.world-today-news.com/sega-releases-exciting-details-about-super-monkey-ball-banana-clash-adventure-mode-for-nintendo-switch-game-set-to-launch-on-june-25-2024",
    "ord_in_thread": 0,
    "parent_url": null,
    "author": "world today news",
    "published": "2024-04-12T01:52:00.000+03:00",
    "title": "SEGA Releases Exciting Details About Super Monkey Ball Banana Clash Adventure Mode for Nintendo Switch Game Set to Launch on June 25, 2024 - World Today News",
    "text": "SEGA has released a promotional video introducing the latest adventure mode of the Nintendo Switch game “Super Monkey Ball Banana Clash”, and also provided detailed information on the level content. This game is expected to be released on June 25, 2024 (Tuesday).\nThis game has a new “Battle Mode”, where players can engage in online multiplayer battles with up to 16 people with friends, family or players from around the world. In “Adventure Mode”, you can enjoy the classic gameplay of monkey ball – roll the little monkey in the ball to reach the end within the time limit, and there are 200 new levels. In addition, this game also supports up to 4 people playing on one Switch at the same time, and you can also enjoy the exciting stories of new characters.\nAdvertisement (Please continue reading this article)\nStory introduction While traveling on the southern island (Juice Island), Ai Ai and his party met a girl named Paret who was looking for the legendary banana. So, Aai and his friends embarked on a journey with Paret to the seven wonders of the island to collect Opaz, the key to finding the legendary banana. During the journey, they will encounter mysterious enemies and many secrets will gradually be revealed.\nAdvertisement (Please continue reading this article)\n“Adventure Mode” World 1 ~ 5 Partial Level Introduction “Adventure Mode” will provide 200 challenging and charming new levels. In addition, when using a Switch console to play this game, up to 4 people can play in split screen mode (up to 4 people can also play at the same time in online mode). Whether you want to enjoy it alone or with family and friends, you can fully experience the fun of playing this game.\nWorld 1 “Banana Farm – Spin Jump -“ This level is set up with terrain and jumping platforms that are higher than the ball. When moving forward, remember to make good use of the new action “Spin Dash” to fly over the height difference.\nWorld 2 “Rose Garden-Fantasy Maze-“ The structure of this level is like a maze, remember to find the correct route in it.\nWorld 3 “Piao Piao City – Switch and Advance -“ This level has a switch that moves the pedal. Remember to switch the switch at the appropriate time.\nWorld 4 “Golden Shining Temple – Rolling Ball -“ This level has balls (boulders) that block the way, and players need to roll the boulders to move forward.\nWorld 5 “Rocky Valley – Rocket Launcher -“ The end point of this level is set high in the sky, and players need to use a mechanism that can shoot vertically upward to fly to the end point.",
    "highlightText": "",
    "highlightTitle": "",
    "highlightThreadTitle": "",
    "language": "english",
    "sentiment": "positive",
    "categories": [
        "Science and Technology",
        "Arts, Culture and Entertainment"
    ],
    "external_links": [
        "https://akamai.vgc.no/v2/images/d22dc7de-913f-4d7f-9a56-fd30cde0f883?fit=crop&format=auto&h=1267&w=1900&s=dc65b370b3418ba6c4882d23eed81fa3fe1d93f5)",
        "https://akamai.vgc.no/v2/images/d22dc7de-913f-4d7f-9a56-fd30cde0f883",
        "https://www.akamai.vgc.no/v2/images/d22dc7de-913f-4d7f-9a56-fd30cde0f883?fit=crop&format=auto&h=1267&w=1900&s=dc65b370b3418ba6c4882d23eed81fa3fe1d93f5)"
    ],
    "external_images": [],
    "entities": {
        "persons": [
            {
                "name": "ai ai",
                "sentiment": "none"
            },
            {
                "name": "paret",
                "sentiment": "none"
            },
            {
                "name": "aai",
                "sentiment": "none"
            },
            {
                "name": "opaz",
                "sentiment": "none"
            }
        ],
        "organizations": [
            {
                "name": "nintendo",
                "sentiment": "neutral"
            },
            {
                "name": "sega",
                "sentiment": "neutral"
            }
        ],
        "locations": []
    },
    "rating": null,
    "crawled": "2024-04-12T01:54:21.619+03:00",
    "updated": "2024-04-12T04:43:21.198+03:00"
}