{
    "thread": {
        "uuid": "e353ae608d3f5ba9f125a85330074aa29fb2ffc7",
        "url": "https://www.prnewswire.com/news-releases/blinger-shines-bright-on-shark-tank-the-ultimate-hair-styling-tool-302114922.html",
        "site_full": "www.prnewswire.com",
        "site": "prnewswire.com",
        "site_section": "https://prnewswire.com/news-releases/news-releases-list",
        "site_categories": [
            "media"
        ],
        "section_title": "All News Releases and Press Releases from PR Newswire ",
        "title": "blinger® Shines Bright on 'Shark Tank': The Ultimate Hair Styling Tool",
        "title_full": "blinger® Shines Bright on 'Shark Tank': The Ultimate Hair Styling Tool",
        "published": "2024-04-11T19:54:00.000+03:00",
        "replies_count": 0,
        "participants_count": 1,
        "site_type": "news",
        "country": "US",
        "main_image": "https://mma.prnewswire.com/media/2385100/Blinger_SHARK_TANK.jpg?p=facebook",
        "performance_score": 0,
        "domain_rank": 192,
        "domain_rank_updated": "2024-04-09T13:11:13.000+03:00",
        "reach": null,
        "social": {
            "facebook": {
                "likes": 0,
                "comments": 0,
                "shares": 0
            },
            "gplus": {
                "shares": 0
            },
            "pinterest": {
                "shares": 0
            },
            "linkedin": {
                "shares": 0
            },
            "stumbledupon": {
                "shares": 0
            },
            "vk": {
                "shares": 0
            }
        }
    },
    "uuid": "e353ae608d3f5ba9f125a85330074aa29fb2ffc7",
    "url": "https://www.prnewswire.com/news-releases/blinger-shines-bright-on-shark-tank-the-ultimate-hair-styling-tool-302114922.html",
    "ord_in_thread": 0,
    "parent_url": null,
    "author": "blinger®",
    "published": "2024-04-11T19:54:00.000+03:00",
    "title": "blinger® Shines Bright on 'Shark Tank': The Ultimate Hair Styling Tool",
    "text": "Inventor and Daughter Set to Dazzle the Sharks with blinger ®\nAVONDALE, Pa. , April 11, 2024 /PRNewswire/ -- blinger ® , the groundbreaking hair accessory brand, is thrilled to announce its appearance on ABC's \"Shark Tank\" on April 12, 2024 , at 8 pm ET . Inventor Angie Cella and her daughter, Cambria, will take center stage to demonstrate the world's first and only patented styling tool that effortlessly adds genuine crystals to your hair in an instant.\nContinue Reading\nSHARK TANK - “1520” - blinger® Shines Bright on ‘Shark Tank’: Inventor and Daughter Set to Dazzle the Sharks! blinger® is thrilled to announce its appearance on ABC’s “Shark Tank”. Inventor Angie Cella and daughter, Cambria, will take center stage to demonstrate the world’s first and only patented styling tool that effortlessly adds genuine crystals to your hair in an instant. Airs FRIDAY, APRIL 12 (8:00-9:01 p.m. EDT) on ABC. (Disney/Christopher Willard) ANGIE CELLA, CAMBRIA CELLA\nIn the upcoming episode, Angie and Cambria will showcase blinger ® and seek backing from esteemed investors Lori Greiner , Barbara Corcoran , Mark Cuban , Kevin O'Leary , and Robert Herjavec in hopes of leveraging the Sharks' valuable insights and expertise in expanding distribution channels and elevating global brand awareness.\n Angie shared \"It was such an exhilarating experience for my daughter and me. We went on with huge hopes of striking a deal for our company and product blinger ® ... What happened in actuality... well you'll just have to tune in to find out! All I can say now is it was an amazing opportunity with an incredible outcome.\"\nKey Features of blinger ® :\nSparkling Crystals : blinger® combines innovative design with elegance. You can adorn your hair with dazzling crystals, pearls or other gems, transforming any hairstyle into a work of art.\nEffortless & Safe Application : No more tedious gluing or complicated processes. blinger®'s patented design applies crystals effortlessly and securely with their proprietary, hair-safe adhesive – no hair damage.\nVersatile Styles : Whether you're heading to a glamorous event, a music festival, or just want to add some sparkle to your everyday look, blinger® has you covered. Choose from various crystal sizes, shapes, and colors to match your mood.\nFun For All Ages : blinger® offers a dazzling experience for fashionistas of all ages with a Styling Tool for Women to enhance a fabulous hairstyle and a Gem Stamper for Girls to bedazzle hair, fashion, anything!\nInstant Glamour: From ponytails to braids, blinger ® instantly elevates your hairstyle. Be the center of attention with a touch of sparkling crystals.\nThe blinger ® Journey:\nThe idea for blinger ® came to Angie Cella in a dream. In a second dream, God said to her, \"I want you to make this product.\" From that moment on, blinger ® became a journey of faith. As a single mom of four, it was that faith that kept Angie going after every failure and obstacle and gave her the courage to sell her family's home in order to further what He had asked her to do. This product is a testament to her belief that anything is possible with God (Matthew 19:26). Angie seeks to encourage other entrepreneurs to share their dreams with God. She believes that bringing Him in as their Chief Business Partner infinitely increases their chances of success.\nAbout blinger ® :\nblinger ® is the world's first and only patented styling tool that effortlessly adds gems to your hair in an instant. At blinger ® our mission is to shine so brightly as a company that others can't help but see the evidence of God's goodness and faithfulness in our lives. Our motto is to Brighten Lives and leave a little sparkle wherever we go!\nAvailability:\nblinger ® is available at www.blinger.com and retailers worldwide.\nFor media inquiries, please contact: Heather Fink , Chief Marketing Officer | Email: [email protected]\nFollow us on social media: Instagram | Facebook | TikTok: @blingerofficial\nPhoto Credit: Disney/ Christopher Willard\nSOURCE blinger®",
    "highlightText": "",
    "highlightTitle": "",
    "highlightThreadTitle": "",
    "language": "english",
    "sentiment": "positive",
    "categories": [
        "Science and Technology"
    ],
    "external_links": [
        "https://c212.net/c/link/?t=0&l=en&o=4139374-1&h=2068059309&u=http%3A%2F%2Fwww.blinger.com%2F&a=www.blinger.com",
        "https://www.c212.net/c/link/?t=0&l=en&o=4139374-1&h=2068059309&u=http%3A%2F%2Fwww.blinger.com%2F&a=www.blinger.com",
        "https://c212.net/c/link/"
    ],
    "external_images": [],
    "entities": {
        "persons": [
            {
                "name": "sharks",
                "sentiment": "negative"
            },
            {
                "name": "angie cella",
                "sentiment": "none"
            },
            {
                "name": "angie",
                "sentiment": "none"
            },
            {
                "name": "lori greiner",
                "sentiment": "none"
            },
            {
                "name": "barbara corcor",
                "sentiment": "none"
            },
            {
                "name": "angie cella",
                "sentiment": "none"
            }
        ],
        "organizations": [
            {
                "name": "avondale",
                "sentiment": "negative"
            },
            {
                "name": "abc",
                "sentiment": "none"
            }
        ],
        "locations": [
            {
                "name": "pa.",
                "sentiment": "none"
            },
            {
                "name": "cambria",
                "sentiment": "none"
            }
        ]
    },
    "rating": null,
    "crawled": "2024-04-12T00:04:11.233+03:00",
    "updated": "2024-04-12T00:04:11.233+03:00"
}