{
    "thread": {
        "uuid": "aa8da155e6989ddef74e1caa70cba7fbff71d056",
        "url": "https://www.prnewswire.com/news-releases/elemental-excelerator-launches-next-investment-opportunity-at-annual-interactive-event-302114959.html",
        "site_full": "www.prnewswire.com",
        "site": "prnewswire.com",
        "site_section": "https://www.prnewswire.com/news-releases/english-releases/",
        "site_categories": [
            "media"
        ],
        "section_title": "All English-only  News and Press Releases from PR Newswire",
        "title": "Elemental Excelerator Launches Next Investment Opportunity at Annual Interactive Event",
        "title_full": "Elemental Excelerator Launches Next Investment Opportunity at Annual Interactive Event",
        "published": "2024-04-11T20:47:00.000+03:00",
        "replies_count": 0,
        "participants_count": 1,
        "site_type": "news",
        "country": "US",
        "main_image": "https://mma.prnewswire.com/media/1935790/Elemental_Excelerator_logo.jpg?p=facebook",
        "performance_score": 0,
        "domain_rank": 192,
        "domain_rank_updated": "2024-04-09T13:11:13.000+03:00",
        "reach": null,
        "social": {
            "facebook": {
                "likes": 0,
                "comments": 0,
                "shares": 0
            },
            "gplus": {
                "shares": 0
            },
            "pinterest": {
                "shares": 0
            },
            "linkedin": {
                "shares": 0
            },
            "stumbledupon": {
                "shares": 0
            },
            "vk": {
                "shares": 0
            }
        }
    },
    "uuid": "aa8da155e6989ddef74e1caa70cba7fbff71d056",
    "url": "https://www.prnewswire.com/news-releases/elemental-excelerator-launches-next-investment-opportunity-at-annual-interactive-event-302114959.html",
    "ord_in_thread": 0,
    "parent_url": null,
    "author": "Elemental Excelerator",
    "published": "2024-04-11T20:47:00.000+03:00",
    "title": "Elemental Excelerator Launches Next Investment Opportunity at Annual Interactive Event",
    "text": "Applications Open Until May 31st , Offering Catalytic Capital and Expanded Services for Climate Projects, Including Elemental's Largest Project Investment Yet\nHONOLULU and SAN FRANCISCO Elemental Excelerator , a nonprofit investor scaling climate technologies for deep community impact, announced the opening of applications for their next investment cycle from the stage at its annual Interactive event. Built on the belief that success requires more than just funding, Elemental provides a comprehensive suite of services, resources and events to drive commercial success and social impact.\nElemental is investing up to $3 million in catalytic capital per company for the 15-20 companies it will accept into its latest cohort – its largest project investment to date. This presents a significant opportunity for high-impact climate innovators to access the necessary capital and tailored support required to achieve widespread adoption of their promising and essential climate technology. Additionally, Elemental is expanding its co-investor-network, fostering relationships with public and private funders, philanthropy and project partners to support companies as they scale.\nThe Elemental Interactive event, hosted by Emmy-nominated actor, writer, producer, and former Associate Director of the White House Office of Public Engagement, Kal Penn , featured esteemed speakers within the climate sector, including Laurene Powell Jobs , Founder of Emerson Collective, and Tom Steyer , Co-Executive Chair of Galvanize Climate Solutions. During the event, Elemental highlighted the remarkable projects of several portfolio companies. Among these were notable representatives from previous cohorts, such as Joshua Aviv of SparkCharge, Rebecca Hu from Glacier, Tim Latimer representing Fervo Energy, Megan O'Connor from Nth Cycle and Kameale C. Terry of ChargerHelp!, sharing firsthand accounts of how Elemental's support has positively impacted their businesses.\n\"As climate financing evolves, we're committed to addressing critical funding gaps and expanding opportunities for impactful projects,\" said Danya Hakeem , VP of Portfolio at Elemental Excelerator. \"Over the past five years, we've observed a growing disparity between early- and late stage funding, particularly for project deployments. To bridge this gap, Elemental is rolling out its largest capital opportunity yet, along with expanded services for project development, finance and community engagement. We are thrilled to open applications and welcome new additions to our portfolio.\"\nThe nonprofit investor is growing its suite of services to provide comprehensive support for project development and financing, offering coaching in project finance, strategic guidance on deal structures, engineering, procurement, construction and offtake advisory, as well as fractional CFO support to bolster capacity. In addition, Elemental is providing coaching in community engagement and policy, focusing on workforce development, community benefits plans and government affairs strategies.\nMatt Leducq , CEO of Forum Mobility, an Elemental portfolio company, shared, \"The partnership with Elemental not only aided significantly in funding the development of our project but the team at Elemental was instrumental in working with communities, policymakers, and stakeholders - ensuring the project does well by doing right. Since our first project, Elemental has also doubled down, investing in Forum beyond our initial project and helping us unlock other funding.\"\nFor over 14 years, Elemental has been fostering a vibrant community of entrepreneurs, having made investments in over 150 companies to date. Not only has the organization invested over $79 million in its portfolio companies, but these ventures have also collectively raised over $10 billion in follow-on funding.\nElemental Excelerator invites eligible entrepreneurs with innovative climate solutions to apply for their latest investment cycle before the application deadline on May 31st . As a partner to winning coalitions of the EPA's recently announced $20B Greenhouse Gas Reduction Fund (GGRF), a self-sustaining fund focused on investing in climate projects, Elemental anticipates having access to increased capital this summer to expand our community-centered climate strategy and invest in additional companies with qualified projects. If you are interested in joining the Elemental portfolio, apply now to receive preferential review for GGRF investments made this year. Further details and expanded investment opportunities will be announced in the upcoming months.\nAbout Elemental Excelerator Elemental is a nonprofit investor in climate technologies with deep community impact. Elemental has a 14-year track record of investing in companies scaling essential climate solutions that make neighborhoods and homes cleaner, healthier, safer, and more affordable. Elemental, which has successfully stewarded $180 million in government and philanthropic resources, de-risks technologies for additional investment and centers social equity and community impact in project deployment.\nContact: [email protected]\nSOURCE Elemental Excelerator",
    "highlightText": "",
    "highlightTitle": "",
    "highlightThreadTitle": "",
    "language": "english",
    "sentiment": "positive",
    "categories": [
        "Economy, Business and Finance",
        "Science and Technology",
        "Environment"
    ],
    "external_links": [
        "https://c212.net/c/link/?t=0&l=en&o=4139408-1&h=3634539226&u=https%3A%2F%2Finteractive.elementalexcelerator.com%2F&a=Interactive",
        "https://c212.net/c/link/?t=0&l=en&o=4139408-1&h=1152214181&u=https%3A%2F%2Felementalexcelerator.com%2F&a=Elemental+Excelerator",
        "https://c212.net/c/link/?t=0&l=en&o=4139408-1&h=3823935924&u=https%3A%2F%2Felementalexcelerator.com%2Ffunding-opportunities%2F&a=apply+now",
        "https://www.c212.net/c/link/?t=0&l=en&o=4139408-1&h=3634539226&u=https%3A%2F%2Finteractive.elementalexcelerator.com%2F&a=Interactive",
        "https://www.c212.net/c/link/?t=0&l=en&o=4139408-1&h=3823935924&u=https%3A%2F%2Felementalexcelerator.com%2Ffunding-opportunities%2F&a=apply+now",
        "https://c212.net/c/link/",
        "https://www.c212.net/c/link/?t=0&l=en&o=4139408-1&h=1152214181&u=https%3A%2F%2Felementalexcelerator.com%2F&a=Elemental+Excelerator"
    ],
    "external_images": [],
    "entities": {
        "persons": [],
        "organizations": [
            {
                "name": "offering catalytic capital and expanded services",
                "sentiment": "negative"
            }
        ],
        "locations": [
            {
                "name": "san francisco",
                "sentiment": "none"
            },
            {
                "name": "honolulu",
                "sentiment": "none"
            }
        ]
    },
    "rating": null,
    "crawled": "2024-04-12T00:48:32.788+03:00",
    "updated": "2024-04-16T00:22:29.577+03:00"
}