{
    "thread": {
        "uuid": "c8c1798cc1c564d5e671d3a4c816942819bfd85f",
        "url": "https://worthplaying.com/article/2024/4/11/news/141572-teared-is-an-actionplatformer-coming-to-nintendo-switch-playstation-and-pc-later-this-month-xbox-later-screens-trailer",
        "site_full": "worthplaying.com",
        "site": "worthplaying.com",
        "site_section": "https://worthplaying.com/reviewer",
        "site_categories": [
            "movies",
            "hobbies_and_interests",
            "video_and_computer_games",
            "entertainment"
        ],
        "section_title": "Worthplaying | Reviewers",
        "title": "Worthplaying | 'Teared' Is An Action/Platformer Coming To Nintendo Switch, PlayStation and PC Later This Month, Xbox Later - Screens & Trailer",
        "title_full": "Worthplaying | 'Teared' Is An Action/Platformer Coming To Nintendo Switch, PlayStation and PC Later This Month, Xbox Later - Screens & Trailer",
        "published": "2024-04-11T03:00:00.000+03:00",
        "replies_count": 0,
        "participants_count": 1,
        "site_type": "news",
        "country": "US",
        "main_image": "http://worthplaying.com/wpimages/t/e/teared/thumbs/609951.jpg",
        "performance_score": 0,
        "domain_rank": 28772,
        "domain_rank_updated": "2024-04-09T13:11:13.000+03:00",
        "reach": null,
        "social": {
            "facebook": {
                "likes": 0,
                "comments": 0,
                "shares": 0
            },
            "gplus": {
                "shares": 0
            },
            "pinterest": {
                "shares": 0
            },
            "linkedin": {
                "shares": 0
            },
            "stumbledupon": {
                "shares": 0
            },
            "vk": {
                "shares": 0
            }
        }
    },
    "uuid": "c8c1798cc1c564d5e671d3a4c816942819bfd85f",
    "url": "https://worthplaying.com/article/2024/4/11/news/141572-teared-is-an-actionplatformer-coming-to-nintendo-switch-playstation-and-pc-later-this-month-xbox-later-screens-trailer",
    "ord_in_thread": 0,
    "parent_url": null,
    "author": "@worthplayingeic",
    "published": "2024-04-11T03:00:00.000+03:00",
    "title": "Worthplaying | 'Teared' Is An Action/Platformer Coming To Nintendo Switch, PlayStation and PC Later This Month, Xbox Later - Screens & Trailer",
    "text": "Dive into the heart-pounding world of Teared, an exhilarating 3D arcade action-platformer that takes you on a rollercoaster ride through 9 captivating levels and 2 bonus stages. Prepare to confront a formidable lineup of adversaries, including 9 colossal bosses and an array of fantastical creatures like dragons, skeletons, bats, spiders, and menacing cyclops. As the hero in this fantasy universe, you'll navigate perilous landscapes, battling foes with precision and mastering the art of platforming. The game offers a diverse arsenal, with 3 distinct weapons to discover and wield strategically. Each weapon brings its own set of advantages, empowering you to customize your playstyle and devise effective strategies against the relentless horde of enemies. Teared is not just a game; it's an immersive journey where dynamic 3D graphics meet intense gameplay. Experience the thrill of a side-scrolling adventure set in a three-dimensional world, combining classic action with modern design elements. Whether you're a seasoned gamer or a newcomer to the arcade genre, Teared promises hours of excitement and entertainment. Dive into a journey filled with big monsters, retro vibes, challenges, and adventure! Are you ready for this epic journey? Key Features: - 9 challenging levels and 2 bonus stages to conquer. - Face off against 9 epic bosses with unique abilities and attack patterns. - Battle a diverse range of enemies, including dragons, skeletons, bats, spiders, cyclops, and more. - 3 different weapons available. - A side-scroller game with 3D graphics. Teared is coming to Nintendo Switch, PS4, PS5 and PC ( Steam ) on April, 25, 2024 at $7,99/7,99 €, followed by Xbox One & Series at a later time. [More articles about Teared](/game/17890-teared/)",
    "highlightText": "",
    "highlightTitle": "",
    "highlightThreadTitle": "",
    "language": "english",
    "sentiment": "positive",
    "categories": [
        "Science and Technology",
        "Arts, Culture and Entertainment",
        "Lifestyle and Leisure"
    ],
    "external_links": [
        "https://store.steampowered.com/app/2782490/Teared/))",
        "https://www.store.steampowered.com/app/2782490/Teared/))"
    ],
    "external_images": [],
    "entities": {
        "persons": [],
        "organizations": [
            {
                "name": "nintendo",
                "sentiment": "negative"
            }
        ],
        "locations": []
    },
    "rating": null,
    "crawled": "2024-04-12T00:31:58.251+03:00",
    "updated": "2024-04-12T01:21:22.286+03:00"
}