{
    "thread": {
        "uuid": "d88ca4e5fe438a2f772bcf49d3b2e6c41e8ff30b",
        "url": "https://www.analyticsinsight.net/v2-whitepaper-launch-blockdag-aims-10-valuation-by-2025-surpassing-xrp-price-and-shiba-inus-transactions-surge",
        "site_full": "www.analyticsinsight.net",
        "site": "analyticsinsight.net",
        "site_section": "https://www.analyticsinsight.net/feed/",
        "site_categories": [
            "financial_news",
            "tech",
            "finance"
        ],
        "section_title": "Analytics Insight",
        "title": "V2 Whitepaper Launch: BlockDAG Aims $10 Valuation by 2025 Surpassing XRP Price and Shiba Inu’s Transactions Surge",
        "title_full": "V2 Whitepaper Launch: BlockDAG Aims $10 Valuation by 2025 Surpassing XRP Price and Shiba Inu’s Transactions Surge",
        "published": "2024-04-11T03:00:00.000+03:00",
        "replies_count": 0,
        "participants_count": 1,
        "site_type": "news",
        "country": "US",
        "main_image": "https://www.analyticsinsight.net/wp-content/uploads/2024/04/FBTFBGRWftrQWGEWRTENYRHTJYKUL.jpg",
        "performance_score": 0,
        "domain_rank": 5824,
        "domain_rank_updated": "2024-04-09T13:11:13.000+03:00",
        "reach": null,
        "social": {
            "facebook": {
                "likes": 0,
                "comments": 0,
                "shares": 0
            },
            "gplus": {
                "shares": 0
            },
            "pinterest": {
                "shares": 0
            },
            "linkedin": {
                "shares": 0
            },
            "stumbledupon": {
                "shares": 0
            },
            "vk": {
                "shares": 0
            }
        }
    },
    "uuid": "d88ca4e5fe438a2f772bcf49d3b2e6c41e8ff30b",
    "url": "https://www.analyticsinsight.net/v2-whitepaper-launch-blockdag-aims-10-valuation-by-2025-surpassing-xrp-price-and-shiba-inus-transactions-surge",
    "ord_in_thread": 0,
    "parent_url": null,
    "author": "IndustryTrends",
    "published": "2024-04-11T03:00:00.000+03:00",
    "title": "V2 Whitepaper Launch: BlockDAG Aims $10 Valuation by 2025 Surpassing XRP Price and Shiba Inu’s Transactions Surge",
    "text": "In the dynamic DeFi and cryptocurrency market, investment eyes are keenly set on the leading alternative coins. BlockDAG comes up as the frontrunner, transforming the landscape with unmatched scalability and transaction speed, eclipsing Shiba Inu and XRP in its wake.\nBlockDAG has captivated the market with its nearly $16 million presale success, backed by influential tech pioneers, marking a new era of scalability and speed in crypto. The excitement was further fueled by the launch of Whitepaper V2 and a high-profile event in Las Vegas, reinforcing BlockDAG’s dominance in the sector.\nShiba Inu’s Transaction Volume Soars by 340% Shiba Inu’s market activity has recently soared, evidenced by a 340% jump in transaction volume by major investors, propelling the volume from 1.4 trillion to 6.16 trillion SHIB. This spike reflects the significant influence of major investors on the market.\nDespite a 10.36% price decline over the last week amidst a market downturn, the Shiba Inu community remains alert. The transaction surge could signal a critical phase of accumulation or distribution by major holders, potentially guiding the token on a bullish path due to its inherent volatility and the impact of whale transactions.\nXRP Faces Challenges Yet Holds Community Optimism XRP continues to struggle to breach the $1 threshold, with its price wavering around $0.59 in the midst of a general cryptocurrency bull run. Affected by regulatory challenges and volatile market conditions, XRP’s price has fluctuated significantly, yet it maintains community hope due to its utility in international payments and growing institutional acceptance. Despite varied predictions on its price trajectory, the XRP community stays hopeful for a future rally.\nBlockDAG’s Pioneering Technology Anticipates $10 Value by 2025 BlockDAG stands at the forefront of crypto innovation by integrating blockchain reliability with the efficiency of Directed Acyclic Graphs (DAG), addressing core issues of scalability and transaction speed. With a remarkable nearly $16 million raised in its presale with over 7 billion BDAG coins sold, supported by a wide-ranging community and tech luminaries, BlockDAG solidifies its position as a key investment target among altcoins.\nThe enthusiasm for BlockDAG’s presale suggests a potential daily revenue increase to $5 million, with a quick sell-out expected. This optimism is rooted in its novel mining approach, eliminating the need for expensive hardware and promoting a fair, robust network. As the mainnet launch approaches, with a coin valuation of $10 projected by 2025, BlockDAG’s Las Vegas event has proven its leadership and innovative spirit in the cryptocurrency world. With a forecasted 30,000x return on investment, BlockDAG is capturing global investor attention as a peerless investment opportunity.\nThe Last Say BlockDAG indisputably positions itself as the premier choice for investment in the altcoin space, overshadowing Shiba Inu’s market movements and XRP’s price volatility. With a groundbreaking nearly $16 million presale, a foundation of advanced technology, and an anticipated 30,000x return on investment, BlockDAG represents a significant leap forward in overcoming traditional blockchain barriers, supported by a rapidly expanding community.\nJoin BlockDAG Presale Now:\nWebsite: https://blockdag.network\nPresale: https://purchase.blockdag.network\nTelegram: https://t.me/blockDAGnetworkOfficial\nDiscord: https://discord.gg/Q7BxghMVyu",
    "highlightText": "",
    "highlightTitle": "",
    "highlightThreadTitle": "",
    "language": "english",
    "sentiment": "positive",
    "categories": [
        "Economy, Business and Finance",
        "Science and Technology"
    ],
    "external_links": [
        "https://t.me/blockDAGnetworkOfficial",
        "https://purchase.blockdag.network/",
        "https://discord.gg/Q7BxghMVyu",
        "https://blockdag.network/",
        "https://www.t.me/blockDAGnetworkOfficial",
        "https://blockdag.network",
        "https://www.blockdag.network/",
        "https://purchase.blockdag.network",
        "https://www.discord.gg/Q7BxghMVyu",
        "https://www.purchase.blockdag.network/"
    ],
    "external_images": [],
    "entities": {
        "persons": [],
        "organizations": [
            {
                "name": "shib",
                "sentiment": "none"
            },
            {
                "name": "shiba inu",
                "sentiment": "none"
            }
        ],
        "locations": [
            {
                "name": "shiba inu",
                "sentiment": "none"
            },
            {
                "name": "las vegas",
                "sentiment": "none"
            }
        ]
    },
    "rating": null,
    "crawled": "2024-04-12T01:37:30.607+03:00",
    "updated": "2024-04-12T11:05:09.438+03:00"
}