{
    "thread": {
        "uuid": "fd2384797ad86f01062f0e81315e44966f984f89",
        "url": "https://posteezy.com/x10-boost-keto-maximizing-fat-burn-ketones",
        "site_full": "posteezy.com",
        "site": "posteezy.com",
        "site_section": "https://posteezy.com/rss.xml",
        "site_categories": [
            "tech",
            "non_standard_content",
            "adult"
        ],
        "section_title": "Posteezy",
        "title": "X10 Boost Keto: Maximizing Fat Burn With Ketones",
        "title_full": "X10 Boost Keto: Maximizing Fat Burn With Ketones",
        "published": "2024-04-11T20:32:00.000+03:00",
        "replies_count": 0,
        "participants_count": 1,
        "site_type": "news",
        "country": "IN",
        "main_image": "",
        "performance_score": 0,
        "domain_rank": 40076,
        "domain_rank_updated": "2024-04-09T13:11:21.000+03:00",
        "reach": null,
        "social": {
            "facebook": {
                "likes": 0,
                "comments": 0,
                "shares": 0
            },
            "gplus": {
                "shares": 0
            },
            "pinterest": {
                "shares": 0
            },
            "linkedin": {
                "shares": 0
            },
            "stumbledupon": {
                "shares": 0
            },
            "vk": {
                "shares": 0
            }
        }
    },
    "uuid": "fd2384797ad86f01062f0e81315e44966f984f89",
    "url": "https://posteezy.com/x10-boost-keto-maximizing-fat-burn-ketones",
    "ord_in_thread": 0,
    "parent_url": null,
    "author": "Poster",
    "published": "2024-04-11T20:32:00.000+03:00",
    "title": "X10 Boost Keto: Maximizing Fat Burn With Ketones",
    "text": "Introduction:The prevalence of obesity and overweight individuals has reached alarming heights worldwide, necessitating the search for effective weight loss solutions. Among the plethora of weight management strategies, X10 Boost Keto Diet has gained attention due to its association with the ketogenic diet and potential benefits for weight loss. This report aims to unravel the properties, benefits, and potential drawbacks of X10 Boost Keto Diet in a bid to understand its efficacy in supporting individuals in their weight loss journey.I. Understanding X10 Boost Keto Diet:A. Key Components:1. Beta-Hydroxybutyrate (BHB): This ketone is believed to induce a state of ketosis,\nX10 Boost Keto Diet where the body primarily uses fat as a source of energy.2. Essential Vitamins and Minerals: X10 Boost Keto Diet incorporates essential nutrients required to support overall health during the weight loss process.II. Mechanisms of Action:A. Ketosis and Fat Utilization:1. Ketosis: X10 Boost Keto Diet aims to achieve a state of ketosis, promoting fat metabolism as the primary source of energy instead of carbohydrates.2. Increased Fat Burning: X10 Boost Keto With the body relying on fat for energy, X10 Boost Keto Diet may potentially accelerate fat burning and aid in weight loss.III. Efficacy and Benefits of X10 Boost Keto Diet:A. Weight Loss:1. Fat Reduction: Studies have indicated that following a ketogenic diet can lead to significant reduction in body weight, particularly in overweight individuals.2. Appetite Suppression: The high-fat content in X10 Boost Keto Diet has been linked to increased satiety, potentially curbing cravings and overeating.B. Enhanced Cognitive Function:1. Mental Clarity and Focus: Some individuals report improved cognitive function and mental sharpness while in a state of ketosis.2. Stable Energy Levels: By providing a steady flow of energy, X10 Boost Keto Diet may help individuals avoid energy crashes often associated with sugar-rich diets.IV. Potential Drawbacks and Considerations:A. Adjusting to Ketogenic Diets:1. Keto Flu: During the initial transition phase, some individuals may experience symptoms such as fatigue, dizziness, and irritability.2. Long-term Sustainability: Sustaining a ketogenic diet for extended periods may prove challenging for some individuals due to dietary restrictions.B. Individual Variability:1. Different Responses: Individuals may respond differently to X10 Boost Keto Diet, with varying levels of success in weight loss.2. Health Conditions: Individuals with health conditions such as diabetes, pancreatitis, or gallbladder disease should consult their healthcare provider before starting any dietary regimen.Conclusion:X10 Boost Keto Diet has emerged as a potential tool in the battle against obesity, offering a unique approach to weight loss through the induction of a state of ketosis. Its key components, including BHB and essential nutrients, aim to harness the body's fat-burning capabilities while supporting overall health. The potential benefits, such as weight loss and improved cognitive function, make X10 Boost Keto Diet an intriguing option for individuals seeking effective weight management solutions. However, it is important to consider individual variability and potential drawbacks, highlighting the importance of consulting healthcare providers to determine its suitability for specific individuals. With further research and understanding, the true potential of X10 Boost Keto Diet in weight loss can be fully realized.\nIntroduction:The prevalence of obesity and overweight individuals has reached alarming heights worldwide, necessitating the search for effective weight loss solutions. Among the plethora of weight management strategies, X10 Boost Keto Diet has gained attention due to its association with the ketogenic diet and potential benefits for weight loss. This report aims to unravel the properties, benefits, and potential drawbacks of X10 Boost Keto Diet in a bid to understand its efficacy in supporting individuals in their weight loss journey.I. Understanding X10 Boost Keto Diet:A. Key Components:1. Beta-Hydroxybutyrate (BHB): This ketone is believed to induce a state of ketosis,",
    "highlightText": "",
    "highlightTitle": "",
    "highlightThreadTitle": "",
    "language": "english",
    "sentiment": "positive",
    "categories": [
        "Human Interest",
        "Health",
        "Science and Technology"
    ],
    "external_links": [
        "https://x10boostketo.net",
        "https://www.x10boostketo.net"
    ],
    "external_images": [],
    "entities": {
        "persons": [
            {
                "name": "keto",
                "sentiment": "negative"
            },
            {
                "name": "keto diet",
                "sentiment": "none"
            },
            {
                "name": "a. ketosis",
                "sentiment": "none"
            }
        ],
        "organizations": [],
        "locations": []
    },
    "rating": null,
    "crawled": "2024-04-12T01:34:37.247+03:00",
    "updated": "2024-04-12T01:34:37.247+03:00"
}