{
    "thread": {
        "uuid": "03ee9044206862f5a8464f2d7aa771799f6b9fcb",
        "url": "https://www.analyticsinsight.net/blockdags-revolutionary-whitepaper-15-9m-presale-sets-new-crypto-milestones-beyond-ethereum-and-smog-trends",
        "site_full": "www.analyticsinsight.net",
        "site": "analyticsinsight.net",
        "site_section": "http://feeds.feedburner.com/analyticsinsight/ijEZ",
        "site_categories": [
            "financial_news",
            "tech",
            "finance"
        ],
        "section_title": "Analytics Insight",
        "title": "BlockDAG’s Revolutionary Whitepaper & $15.9M Presale Sets New Crypto Milestones Beyond Ethereum and Smog Trends",
        "title_full": "BlockDAG’s Revolutionary Whitepaper & $15.9M Presale Sets New Crypto Milestones Beyond Ethereum and Smog Trends",
        "published": "2024-04-11T23:00:00.000+03:00",
        "replies_count": 0,
        "participants_count": 1,
        "site_type": "news",
        "country": "US",
        "main_image": "https://www.analyticsinsight.net/wp-content/uploads/2024/04/szscscdwsdwcfeasf.jpg",
        "performance_score": 0,
        "domain_rank": 5824,
        "domain_rank_updated": "2024-04-09T13:11:13.000+03:00",
        "reach": null,
        "social": {
            "facebook": {
                "likes": 0,
                "comments": 0,
                "shares": 0
            },
            "gplus": {
                "shares": 0
            },
            "pinterest": {
                "shares": 0
            },
            "linkedin": {
                "shares": 0
            },
            "stumbledupon": {
                "shares": 0
            },
            "vk": {
                "shares": 0
            }
        }
    },
    "uuid": "03ee9044206862f5a8464f2d7aa771799f6b9fcb",
    "url": "https://www.analyticsinsight.net/blockdags-revolutionary-whitepaper-15-9m-presale-sets-new-crypto-milestones-beyond-ethereum-and-smog-trends",
    "ord_in_thread": 0,
    "parent_url": null,
    "author": "IndustryTrends",
    "published": "2024-04-11T23:00:00.000+03:00",
    "title": "BlockDAG’s Revolutionary Whitepaper & $15.9M Presale Sets New Crypto Milestones Beyond Ethereum and Smog Trends",
    "text": "BlockDAG has recently taken the cryptocurrency world by storm with the release of its Version 2 Technical Whitepaper, setting the stage for a potential return on investment of 20,000X. This pivotal event has placed BlockDAG at the forefront of blockchain innovation, eclipsing the advancements of Ethereum in the DeFi space and Smog’s rise in the meme coin market. By seamlessly blending blockchain and Directed Acyclic Graph (DAG) technologies, BlockDAG introduces transaction efficiency, scalability, and security yet to be seen, captivating investors and enthusiasts worldwide.\nWhile Ethereum enhances its stronghold within the DeFi ecosystem and Smog captivates the meme coin audience with its innovative strategies, BlockDAG breaks new ground with a technology platform that promises substantial financial gains and pioneers a revolution in digital transaction processing.\nSmog: A Fresh Take on Meme Coins In 2024’s volatile crypto landscape, Smog has carved a niche by leveraging the Solana blockchain, distinguishing itself amidst the meme coin frenzy. Smog’s innovative approach to airdrops and strategic listing plans signal a new era for meme coins, where transient viral appeal is supplemented with tangible strategy and potential for lasting impact. This shift towards a more structured and impactful presence could redefine the trajectory for meme coins, promising more than fleeting success.\nEthereum Leads with DeFi Innovations Ethereum continues to assert its dominance in the decentralized finance sector, showcasing its adaptability and leadership by introducing new tokenomics and staking enhancements by protocols like Origin. These developments not only streamline Ethereum’s staking mechanism but also solidify its place as a cornerstone of the DeFi movement. Ethereum’s commitment to advancing the sector underscores its ongoing influence and critical role in the evolution of decentralized finance, setting the stage for future growth and innovation.\nBlockDAG: A Technological Revolution At the heart of BlockDAG’s innovative leap is its hybrid model, which marries the security and trustworthiness of blockchain with the agility and scalability of DAG technologies. This approach addresses the longstanding challenges of the blockchain trilemma, offering a balanced and efficient solution. BlockDAG’s high throughput, reduced transaction costs, and compatibility with the Ethereum Virtual Machine (EVM) make it a transformative force ready to reshape the blockchain ecosystem.\nBlockDAG’s impressive presale, raising over $15.9 million, and its whitepaper’s strategic unveiling at the Las Vegas Sphere event have firmly established its position in the market. The enthusiastic reception of its Batch 8 presale underscores the community’s confidence in BlockDAG’s vision and technology. As the crypto community navigates through the developments of Ethereum and the ascent of Smog, BlockDAG emerges as a beacon of innovation, offering a compelling combination of technological advancement and significant growth potential.\nThe Verdict BlockDAG invites investors and crypto aficionados to embrace a future where blockchain technology is more efficient and scalable and leads the charge in a new era of digital finance. As BlockDAG paves the way with its pioneering technology and strategic market presence, it presents an unparalleled opportunity for those looking to invest in a platform at the forefront of the crypto evolution. With Ethereum’s ongoing developments in the DeFi space and Smog’s innovative approach in the meme coin market, BlockDAG stands out as a trailblazer, promising a venture rich with technological excellence and extraordinary growth potential.\nBuy BlockDAG Now\nWebsite: https://blockdag.network\nPresale: https://purchase.blockdag.network\nTelegram: https://t.me/blockDAGnetworkOfficial\nDiscord: https://discord.gg/Q7BxghMVyu",
    "highlightText": "",
    "highlightTitle": "",
    "highlightThreadTitle": "",
    "language": "english",
    "sentiment": "positive",
    "categories": [
        "Science and Technology"
    ],
    "external_links": [
        "https://t.me/blockDAGnetworkOfficial",
        "https://purchase.blockdag.network/",
        "https://discord.gg/Q7BxghMVyu",
        "https://blockdag.network/",
        "https://www.t.me/blockDAGnetworkOfficial",
        "https://blockdag.network",
        "https://www.blockdag.network/",
        "https://purchase.blockdag.network",
        "https://www.discord.gg/Q7BxghMVyu",
        "https://www.purchase.blockdag.network/"
    ],
    "external_images": [],
    "entities": {
        "persons": [],
        "organizations": [],
        "locations": []
    },
    "rating": null,
    "crawled": "2024-04-12T00:12:05.346+03:00",
    "updated": "2024-04-12T11:05:09.797+03:00"
}