{
    "thread": {
        "uuid": "9e3ead62eadf866b23494556053a3e0069047b2a",
        "url": "https://www.prnewswire.com/news-releases/developersnet-founders-shine-at-business-of-software-europe-conference-302114901.html",
        "site_full": "www.prnewswire.com",
        "site": "prnewswire.com",
        "site_section": "https://www.prnewswire.com/news-releases/consumer-technology-latest-news/consumer-technology-latest-news-list/",
        "site_categories": [
            "media"
        ],
        "section_title": "All Consumer Technology News and Press Releases from PR Newswire",
        "title": "Developers.net Founders Shine at Business of Software Europe Conference",
        "title_full": "Developers.net Founders Shine at Business of Software Europe Conference",
        "published": "2024-04-11T19:32:00.000+03:00",
        "replies_count": 0,
        "participants_count": 1,
        "site_type": "news",
        "country": "US",
        "main_image": "https://mma.prnewswire.com/media/2380959/DevelopersNet_Logo_Vertical_Black_Logo.jpg?p=facebook",
        "performance_score": 0,
        "domain_rank": 192,
        "domain_rank_updated": "2024-04-09T13:11:13.000+03:00",
        "reach": null,
        "social": {
            "facebook": {
                "likes": 0,
                "comments": 0,
                "shares": 0
            },
            "gplus": {
                "shares": 0
            },
            "pinterest": {
                "shares": 0
            },
            "linkedin": {
                "shares": 0
            },
            "stumbledupon": {
                "shares": 0
            },
            "vk": {
                "shares": 0
            }
        }
    },
    "uuid": "9e3ead62eadf866b23494556053a3e0069047b2a",
    "url": "https://www.prnewswire.com/news-releases/developersnet-founders-shine-at-business-of-software-europe-conference-302114901.html",
    "ord_in_thread": 0,
    "parent_url": null,
    "author": "Developers.Net",
    "published": "2024-04-11T19:32:00.000+03:00",
    "title": "Developers.net Founders Shine at Business of Software Europe Conference",
    "text": "Showcasing Expertise and Leadership in Software Development and Nearshore Outsourcing Solutions\nCAMBRIDGE United Kingdom , April 11, 2024 /PRNewswire/ -- The founders of Developers.net, a leading software development solutions provider, recently participated in the prestigious Business of Software (BoS) Europe Conference held at Cambridge University's Churchill College on March 25 and 25, 2024.\nThe BoS conference is a renowned gathering of distinguished founders, CXOs, and emerging leaders from software and SaaS companies worldwide. It offers a supportive community where these professionals can exchange ideas, learn from each other's experiences, and build valuable networks.\n\"The conference was an excellent platform to engage with industry leaders and showcase our unique nearshore outsourcing solutions,\" said Developers.net's president, Emilio Baez . \"We believe in building software that not only meets but exceeds client expectations, and we do this by leveraging our exceptional talent in Latin America .\"\nBy employing nearshore talent, Developers.net delivers high-quality software solutions that are on time, on budget, and within US time zones. This approach offers numerous benefits:\nSeamless communication and collaboration due to minimal time difference High-quality deliverables ensured by a talented pool of software developers Improved budgeting with cost-effective solutions Faster project delivery times Developers.net welcomes potential clients to explore the opportunities provided by their unique business model offers and contact them for more information.\nAbout Developers.net: Developers.net is a US-based company specializing in software outsourcing and staffing solutions. By leveraging nearshore talent in Latin America , the company delivers software projects that are high in quality, on time, and within budget. Developers.net is committed to building software that exceeds client expectations and fostering a nurturing work environment for its diverse team of experts.\nMedia contact: [email protected]\nSOURCE Developers.Net",
    "highlightText": "",
    "highlightTitle": "",
    "highlightThreadTitle": "",
    "language": "english",
    "sentiment": "positive",
    "categories": [
        "Science and Technology",
        "Economy, Business and Finance"
    ],
    "external_links": [],
    "external_images": [],
    "entities": {
        "persons": [
            {
                "name": "developers.net",
                "sentiment": "none"
            },
            {
                "name": "emilio baez",
                "sentiment": "none"
            }
        ],
        "organizations": [
            {
                "name": "cambridge university's churchill college",
                "sentiment": "none"
            }
        ],
        "locations": [
            {
                "name": "united kingdom",
                "sentiment": "none"
            },
            {
                "name": "latin america",
                "sentiment": "none"
            }
        ]
    },
    "rating": null,
    "crawled": "2024-04-12T00:16:02.741+03:00",
    "updated": "2024-04-12T00:16:02.741+03:00"
}