{
    "thread": {
        "uuid": "0ddf868244a04cf84721b30e0bf95abef5417786",
        "url": "https://ca.marketscreener.com/news/latest/US-surpasses-renewable-energy-goal-for-public-lands-46417889",
        "site_full": "ca.marketscreener.com",
        "site": "marketscreener.com",
        "site_section": "https://ca.marketscreener.com/news/latest/",
        "site_categories": [],
        "section_title": "Stock market news - MarketScreener",
        "title": "US surpasses renewable energy goal for public lands - 2024-04-11 | MarketScreener",
        "title_full": "US surpasses renewable energy goal for public lands - 2024-04-11 | MarketScreener",
        "published": "2024-04-11T20:34:00.000+03:00",
        "replies_count": 0,
        "participants_count": 1,
        "site_type": "news",
        "country": "CA",
        "main_image": "https://ca.marketscreener.com/images/reuters/2023-03/2023-03-07T004343Z_1_LYNXMPEJ2600V_RTROPTP_3_USA-SOLAR.JPG",
        "performance_score": 0,
        "domain_rank": 3970,
        "domain_rank_updated": "2024-04-09T13:11:13.000+03:00",
        "reach": null,
        "social": {
            "facebook": {
                "likes": 0,
                "comments": 0,
                "shares": 0
            },
            "gplus": {
                "shares": 0
            },
            "pinterest": {
                "shares": 0
            },
            "linkedin": {
                "shares": 0
            },
            "stumbledupon": {
                "shares": 0
            },
            "vk": {
                "shares": 0
            }
        }
    },
    "uuid": "0ddf868244a04cf84721b30e0bf95abef5417786",
    "url": "https://ca.marketscreener.com/news/latest/US-surpasses-renewable-energy-goal-for-public-lands-46417889",
    "ord_in_thread": 0,
    "parent_url": null,
    "author": "MarketScreener",
    "published": "2024-04-11T20:34:00.000+03:00",
    "title": "US surpasses renewable energy goal for public lands - 2024-04-11 | MarketScreener",
    "text": "(Reuters) - The Biden administration on Thursday said the U.S. had surpassed a goal of permitting more than 25 gigawatts of clean energy projects on public lands by 2025 and finalized a plan to slash project fees for wind and solar energy on federal acreage.\nWHY IT'S IMPORTANT\nThe announcement marks the latest effort by the administration of President Joe Biden to leverage the nation's 250 million acres of federal land to reach his goal of decarbonizing the U.S. power grid by 2035.\nThe permitted projects also appeared to satisfy a Congressional mandate from 2020 that the Interior Department permit at least 25 gigawatts of renewable energy by 2025.\nKEY QUOTE\n\"We know that clean energy including transmission lines, solar energy and storage projects on public lands is helping communities across the country to be part of the climate solution while creating good paying jobs,\" Interior Secretary Deb Haaland said on a call with reporters.\nBY THE NUMBERS\n* The Interior Department has permitted nearly 29 GW ofclean energy on public lands - enough to power more than 12million homes. * The Bureau of Land Management, which manages 250 millionacres of federal lands, has permitted more than 7 GW of projectssince 2021. The agency is processing permits for an additional32 GW of renewable energy. * The finalized Renewable Energy Rule will reduce fees forsolar and wind projects on federal lands by 80% whilestreamlining the application process. WHAT'S NEXT\nThe administration is undertaking a separate effort to identify areas in 11 western states best suited for solar energy development. A final plan is expected by the end of the year.\n(Reporting by Nichola Groom; editing by Diane Craft)\nBy Nichola Groom\nShare © Reuters - 2024",
    "highlightText": "",
    "highlightTitle": "",
    "highlightThreadTitle": "",
    "language": "english",
    "sentiment": "positive",
    "categories": [
        "Science and Technology",
        "Politics",
        "Environment"
    ],
    "external_links": [
        "https://www.facebook.com/sharer/sharer.php?u=https%3A%2F%2Fwww.marketscreener.com%2Fnews%2Flatest%2FUS-surpasses-renewable-energy-goal-for-public-lands-46417889%2F%3Futm_source%3Dfacebook%26utm_medium%3Dsocial%26utm_campaign%3Dshare",
        "https://cdn.zonebourse.com/static/resize/464/261//images/reuters/2023-03/2023-03-07T004343Z_1_LYNXMPEJ2600V_RTROPTP_3_USA-SOLAR.JPG",
        "https://wa.me/?text=https%3A%2F%2Fwww.marketscreener.com%2Fnews%2Flatest%2FUS-surpasses-renewable-energy-goal-for-public-lands-46417889%2F%3Futm_source%3Dwhatsapp%26utm_medium%3Dsocial%26utm_campaign%3Dshare",
        "https://twitter.com/intent/tweet?text=US",
        "https://www.linkedin.com/shareArticle?mini=true&url=https%3A%2F%2Fwww.marketscreener.com%2Fnews%2Flatest%2FUS-surpasses-renewable-energy-goal-for-public-lands-46417889%2F%3Futm_source%3Dlinkedin%26utm_medium%3Dsocial%26utm_campaign%3Dshare&title=US",
        "https://telegram.me/share/url?url=https%3A%2F%2Fwww.marketscreener.com%2Fnews%2Flatest%2FUS-surpasses-renewable-energy-goal-for-public-lands-46417889%2F%3Futm_source%3Dtelegram%26utm_medium%3Dsocial%26utm_campaign%3Dshare",
        "https://www.telegram.me/share/url?url=https%3A%2F%2Fwww.marketscreener.com%2Fnews%2Flatest%2FUS-surpasses-renewable-energy-goal-for-public-lands-46417889%2F%3Futm_source%3Dtelegram%26utm_medium%3Dsocial%26utm_campaign%3Dshare",
        "https://telegram.me/share/url",
        "https://www.twitter.com/intent/tweet?text=US",
        "https://www.wa.me/?text=https%3A%2F%2Fwww.marketscreener.com%2Fnews%2Flatest%2FUS-surpasses-renewable-energy-goal-for-public-lands-46417889%2F%3Futm_source%3Dwhatsapp%26utm_medium%3Dsocial%26utm_campaign%3Dshare",
        "https://twitter.com/intent/tweet",
        "https://wa.me/",
        "https://www.facebook.com/sharer/sharer.php",
        "https://www.linkedin.com/shareArticle",
        "https://facebook.com/sharer/sharer.php?u=https%3A%2F%2Fwww.marketscreener.com%2Fnews%2Flatest%2FUS-surpasses-renewable-energy-goal-for-public-lands-46417889%2F%3Futm_source%3Dfacebook%26utm_medium%3Dsocial%26utm_campaign%3Dshare",
        "https://linkedin.com/shareArticle?mini=true&url=https%3A%2F%2Fwww.marketscreener.com%2Fnews%2Flatest%2FUS-surpasses-renewable-energy-goal-for-public-lands-46417889%2F%3Futm_source%3Dlinkedin%26utm_medium%3Dsocial%26utm_campaign%3Dshare&title=US",
        "https://www.cdn.zonebourse.com/static/resize/464/261//images/reuters/2023-03/2023-03-07T004343Z_1_LYNXMPEJ2600V_RTROPTP_3_USA-SOLAR.JPG"
    ],
    "external_images": [],
    "entities": {
        "persons": [
            {
                "name": "biden",
                "sentiment": "negative"
            },
            {
                "name": "deb haaland",
                "sentiment": "none"
            },
            {
                "name": "joe biden",
                "sentiment": "none"
            }
        ],
        "organizations": [
            {
                "name": "reuters",
                "sentiment": "negative"
            },
            {
                "name": "congressional",
                "sentiment": "none"
            },
            {
                "name": "interior",
                "sentiment": "none"
            },
            {
                "name": "interior department",
                "sentiment": "none"
            }
        ],
        "locations": [
            {
                "name": "u.s.",
                "sentiment": "none"
            },
            {
                "name": "us",
                "sentiment": "none"
            }
        ]
    },
    "rating": null,
    "crawled": "2024-04-12T00:59:39.105+03:00",
    "updated": "2024-04-12T00:59:39.105+03:00"
}