{
    "thread": {
        "uuid": "6837f5a40e23e73c0af2ab8fb61c12180682bd59",
        "url": "https://electricpower.einnews.com/pr_news/702421747/driver-industrial-safetytm-unveils-revolutionary-rhinoguardtm-cable-protectors-and-ground-protection-mats",
        "site_full": "electricpower.einnews.com",
        "site": "einnews.com",
        "site_section": "https://electricpower.einnews.com:443/rss",
        "site_categories": [
            "media"
        ],
        "section_title": "Electric Power News",
        "title": "Driver Industrial SafetyTM Unveils Revolutionary RhinoGuardTM Cable Protectors and Ground Protection Mats",
        "title_full": "Driver Industrial SafetyTM Unveils Revolutionary RhinoGuardTM Cable Protectors and Ground Protection Mats - Electric Power News Today - EIN Presswire",
        "published": "2024-04-11T23:00:00.000+03:00",
        "replies_count": 0,
        "participants_count": 0,
        "site_type": "news",
        "country": "US",
        "main_image": "https://img.einnews.com/ampsize/650353/rhinoguard-logo.jpeg",
        "performance_score": 0,
        "domain_rank": 3181,
        "domain_rank_updated": "2024-04-09T13:11:13.000+03:00",
        "reach": null,
        "social": {
            "facebook": {
                "likes": 0,
                "comments": 0,
                "shares": 0
            },
            "gplus": {
                "shares": 0
            },
            "pinterest": {
                "shares": 0
            },
            "linkedin": {
                "shares": 0
            },
            "stumbledupon": {
                "shares": 0
            },
            "vk": {
                "shares": 0
            }
        }
    },
    "uuid": "6837f5a40e23e73c0af2ab8fb61c12180682bd59",
    "url": "https://electricpower.einnews.com/pr_news/702421747/driver-industrial-safetytm-unveils-revolutionary-rhinoguardtm-cable-protectors-and-ground-protection-mats",
    "ord_in_thread": 0,
    "parent_url": null,
    "author": null,
    "published": "2024-04-11T23:00:00.000+03:00",
    "title": "Driver Industrial SafetyTM Unveils Revolutionary RhinoGuardTM Cable Protectors and Ground Protection Mats",
    "text": "Driver Industrial SafetyTM Unveils Revolutionary RhinoGuardTM Cable Protectors and Ground Protection Mats RhinoGuard Logo\nRhinoGuard 5-Channel Cable Protector\nRhinoGuard Ground Protection Mats\nThe launch of RhinoGuardTM is a proud moment for Driver Industrial Safety. It reflects our commitment to providing solutions that not only meet but exceed the evolving needs of our customers.” — Pete Bierden, CEO, Driver Industrial Safety PHOENIX, ARIZONA, UNITED STATES, April 11, Driver Industrial Safety™, a leader in industrial and commercial safety solutions, is proud to announce the launch of its latest innovations under the RhinoGuard™ brand: state-of-the-art Cable Protectors and Ground Protection Mats. These new offerings are set to redefine standards in workplace safety and efficiency, catering to a broad range of industries, including temp power, entertainment, industrial, utility, construction, oil & gas, landscaping, and tree care.\nLightweight Yet Robust Cable Protectors for Enhanced Safety\nSet to launch April 11, 2024, RhinoGuardTM Cable Protectors represent a leap forward in cable protection technology. Utilizing superior Reaction Injection Molding (RIM) technology, these protectors are up to 25% lighter than competing models without compromising strength. Made from polyurethane, they provide high load capacity, impact absorption, and resistance to UV and weather effects. The functional design includes a snap-on/off lid for easy access, ensuring cables and hoses up to 1.3” in diameter are securely protected under a diamond tread pattern for improved traction. The RhinoGuardTM 5-Channel Cable Protector connects with other major brands in the market. Custom color and logo options available.\nTwo Ground-Breaking Solutions in Ground Protection: General Purpose and Heavy Duty Mats for Unmatched Durability and Versatility\nCrafted from solid high-density polyethylene, RhinoGuardTM Ground Protection Mats are engineered for unmatched durability, versatility, and environmental sustainability. Available in two specialized solutions - the General Purpose Mat for everyday applications and the Heavy Duty Mat for the toughest conditions - these mats are designed to support a remarkable load-bearing capacity, accommodating both vehicles and pedestrians with ease. Featuring dual traction surfaces for secure footing, a flexible design to adapt to varied terrains, and user-friendly features such as hand cut-outs and versatile connectors, RhinoGuardTM Mats provide the perfect solution for creating temporary roadways and walkways, ensuring ground protection across a wide range of settings.\nElevating Safety Across Industries\nThe RhinoGuardTM product line is designed to meet the critical needs of various sectors. The Cable Protectors are tailored for the entertainment industry, A/V and lighting distributors, studios, events, amusement parks, stadiums, concerts, temporary power, generator rental companies, oil & gas, construction, and industrial utilities. The Ground Protection Mats are ideal for utilities, construction, landscaping, oil and gas, mining, and event industries, offering a cost-effective and eco-friendly alternative to plywood.\n\"The launch of RhinoGuardTM is a proud moment for Driver Industrial Safety. It reflects our commitment to providing solutions that not only meet but exceed the evolving needs of our customers,\" said Pete Bierden, CEO of Driver Industrial SafetyTM. \"These products underscore our dedication to innovation, safety, and environmental responsibility.\"\nAvailability\nFor more information on RhinoGuardTM products or to place an order, please visit our Driver Industrial SafetyTM website at DriverIndustrialSafety.com to view our full range of safety products. To purchase RhinoGuardTM products now, visit our new website at RhinoGuardProtection.com or contact Alex Forte, Business Development Manager, at aforte@driverindustrial.com or call (303) 668-9044.\nAbout Driver Industrial Safety™\nDriver Industrial SafetyTM, headquartered in Phoenix, Arizona, is a leading manufacturer of safety products for industrial and commercial industries. Founded in 2004 as SafetyWhips, the company has grown to offer six branded product lines renowned for their robust quality and engineering excellence. Driver Industrial SafetyTM is committed to keeping worksites safe with products that lead the industry in performance and durability.Alex Forte\nDriver Industrial Safety\n+1 303-668-9044\nVisit us on social media:\nFacebook\nTwitter\nLinkedIn\nInstagram",
    "highlightText": "",
    "highlightTitle": "",
    "highlightThreadTitle": "",
    "language": "english",
    "sentiment": "positive",
    "categories": [
        "Economy, Business and Finance",
        "Science and Technology",
        "Health"
    ],
    "external_links": [
        "https://instagram.com/driverindustrialsafety/",
        "https://www.rhinoguardprotection.com",
        "https://www.einpresswire.com/",
        "https://www.einpresswire.com/?promo=4700",
        "https://twitter.com/DriverUSASafety",
        "https://www.facebook.com/DriverIndustrialSafety",
        "https://rhinoguardprotection.com",
        "https://linkedin.com/company/driverindustrialsafety",
        "https://www.instagram.com/driverindustrialsafety/",
        "https://driverindustrialsafety.com",
        "https://www.instagram.com/driverindustrialsafety",
        "https://www.driverindustrialsafety.com",
        "https://www.twitter.com/DriverUSASafety",
        "https://einpresswire.com/?promo=4700",
        "https://www.linkedin.com/company/driverindustrialsafety",
        "https://facebook.com/DriverIndustrialSafety"
    ],
    "external_images": [],
    "entities": {
        "persons": [
            {
                "name": "pete bierden",
                "sentiment": "none"
            }
        ],
        "organizations": [
            {
                "name": "united states",
                "sentiment": "none"
            },
            {
                "name": "ground protection mats",
                "sentiment": "none"
            }
        ],
        "locations": [
            {
                "name": "arizona",
                "sentiment": "none"
            },
            {
                "name": "phoenix",
                "sentiment": "none"
            }
        ]
    },
    "rating": null,
    "crawled": "2024-04-12T01:18:09.183+03:00",
    "updated": "2024-04-12T01:18:09.183+03:00"
}