{
    "thread": {
        "uuid": "78f6c5448280f2e4ed08076b2107f7536a137e93",
        "url": "https://www.flightaware.com/squawks/view/1/today/popular/95515/Breeze_Reports_First_Profitable_Month_Cites_Strong_Demand_and_Network_Growth",
        "site_full": "www.flightaware.com",
        "site": "flightaware.com",
        "site_section": "https://flightaware.com/",
        "site_categories": [],
        "section_title": "FlightAware - Flight Tracker / Flight Status",
        "title": "Breeze Reports First Profitable Month, Cites Strong Demand and Network Growth - FlightAware",
        "title_full": "Breeze Reports First Profitable Month, Cites Strong Demand and Network Growth - FlightAware",
        "published": "2024-04-11T02:51:00.000+03:00",
        "replies_count": 0,
        "participants_count": 0,
        "site_type": "news",
        "country": "US",
        "main_image": "https://www.flightaware.com/images/og_default_image.png",
        "performance_score": 0,
        "domain_rank": 3940,
        "domain_rank_updated": "2024-04-09T13:11:13.000+03:00",
        "reach": null,
        "social": {
            "facebook": {
                "likes": 0,
                "comments": 0,
                "shares": 0
            },
            "gplus": {
                "shares": 0
            },
            "pinterest": {
                "shares": 0
            },
            "linkedin": {
                "shares": 0
            },
            "stumbledupon": {
                "shares": 0
            },
            "vk": {
                "shares": 0
            }
        }
    },
    "uuid": "78f6c5448280f2e4ed08076b2107f7536a137e93",
    "url": "https://www.flightaware.com/squawks/view/1/today/popular/95515/Breeze_Reports_First_Profitable_Month_Cites_Strong_Demand_and_Network_Growth",
    "ord_in_thread": 0,
    "parent_url": null,
    "author": null,
    "published": "2024-04-11T02:51:00.000+03:00",
    "title": "Breeze Reports First Profitable Month, Cites Strong Demand and Network Growth - FlightAware",
    "text": "All ← The airline is marking its first profitable month. ( Sort type: [Top] [ [Back to Squawk list](/squawks/browse/1/recently/popular) The airline is marking its first profitable month. ( [Breeze Reports First Profitable Month, Cites Strong Demand and Network Growth](/squawks/link/1/recently/popular/95515/Breeze_Reports_First_Profitable_Month_Cites_Strong_Demand_and_Network_Growth) [airlinegeeks.com](http://airlinegeeks.com/2024/04/10/breeze-reports-first-profitable-month-cites-strong-demand-and-network-growth/)) [More...](/squawks/link/1/recently/popular/95515/Breeze_Reports_First_Profitable_Month_Cites_Strong_Demand_and_Network_Growth) Sort type: [Top] [ [Newest](/squawks/view/1/recently/popular/95515/newest)] Login |Your browser is unsupported. | Did you know that FlightAware flight tracking is supported by advertising? You can help us keep FlightAware free by allowing ads from FlightAware.com. We work hard to keep our advertising relevant and unobtrusive to create a great experience. It's quick and easy to",
    "highlightText": "",
    "highlightTitle": "",
    "highlightThreadTitle": "",
    "language": "english",
    "sentiment": "positive",
    "categories": [
        "Social Issue",
        "Economy, Business and Finance",
        "Science and Technology"
    ],
    "external_links": [
        "http://airlinegeeks.com/2024/04/10/breeze-reports-first-profitable-month-cites-strong-demand-and-network-growth/))",
        "http://www.airlinegeeks.com/2024/04/10/breeze-reports-first-profitable-month-cites-strong-demand-and-network-growth/))"
    ],
    "external_images": [],
    "entities": {
        "persons": [],
        "organizations": [],
        "locations": []
    },
    "rating": null,
    "crawled": "2024-04-12T01:28:56.961+03:00",
    "updated": "2024-04-12T01:28:56.961+03:00"
}