{
    "thread": {
        "uuid": "6618c8508e64710eb7790875b4d0fa627dcaac7a",
        "url": "https://markets.financialcontent.com/stocks/article/nnwire-2024-4-11-first-of-its-kind-event-podfest-asia-to-be-held-in-manila-philippines",
        "site_full": "markets.financialcontent.com",
        "site": "financialcontent.com",
        "site_section": "https://markets.financialcontent.com/stocks/markets/news?currentpage=6&provider=nnwire",
        "site_categories": [
            "financial_news",
            "finance"
        ],
        "section_title": "Stock Market News | NSDQ, NYSE, and AMEX Stock Market News, Market News Categories, Market Indicators | FinancialContent Business Page ",
        "title": "First-of-its-kind Event, Podfest Asia, to be Held in Manila, Philippines | FinancialContent Business Page",
        "title_full": "First-of-its-kind Event, Podfest Asia, to be Held in Manila, Philippines | FinancialContent Business Page",
        "published": "2024-04-11T20:57:00.000+03:00",
        "replies_count": 0,
        "participants_count": 1,
        "site_type": "news",
        "country": "US",
        "main_image": "",
        "performance_score": 0,
        "domain_rank": 5885,
        "domain_rank_updated": "2024-04-09T13:11:13.000+03:00",
        "reach": null,
        "social": {
            "facebook": {
                "likes": 0,
                "comments": 0,
                "shares": 0
            },
            "gplus": {
                "shares": 0
            },
            "pinterest": {
                "shares": 0
            },
            "linkedin": {
                "shares": 0
            },
            "stumbledupon": {
                "shares": 0
            },
            "vk": {
                "shares": 0
            }
        }
    },
    "uuid": "6618c8508e64710eb7790875b4d0fa627dcaac7a",
    "url": "https://markets.financialcontent.com/stocks/article/nnwire-2024-4-11-first-of-its-kind-event-podfest-asia-to-be-held-in-manila-philippines",
    "ord_in_thread": 0,
    "parent_url": null,
    "author": "Investor Brand Network",
    "published": "2024-04-11T20:57:00.000+03:00",
    "title": "First-of-its-kind Event, Podfest Asia, to be Held in Manila, Philippines | FinancialContent Business Page",
    "text": "All-Day International Event Taking Place May 8th\nPodfest Multimedia Expo is partnering with Podcast Network Asia and MGS Global Group to bring world-class education, collaboration, and community overseas. The longest-running annual podcasting conference in the world comes directly to an Asian audience at a physical event for Podfest Asia on May 8, 2024, in Manila, Philippines.\nThe event features expert speakers, an array of topics and trends, and a full day of learning for attendees at all levels of podcasting – beginner, intermediate, and advanced. Running through all of it is the sense of community that Podfest has built a reputation for since launching…\nRead More>>\nFind more information below as well as at https://podfestexpo.com/podfest-asia/ .\nAvailable Passes:\nGeneral Admission- $99.00+$8.48 Fee\nSales end on May 8, 2024\n– Access to the event’s education, plus lunch “GO VIP” Experience-$299.00+$21.89 Fee\nSales end on May 8, 2024\n– Everything included with the General Pass\n– Front Row VIP seating\n– Access to After Party\n– Access to recordings Speaker Pass (Only for confirmed speakers)-$299.00+$21.89 Fee\nSales end on May 8, 2024\n– Included with the General Pass\n– Front Row VIP seating\n– Access to After Party\n– Access to recordings About InvestorWire\nInvestorWire (“IW”) is a specialized communications platform with a focus on advanced wire-grade press release syndication for private and public companies and the investment community. It is one of 60+ brands within the Dynamic Brand Portfolio @ IBN that delivers : (1) access to a vast network of wire solutions via InvestorWire to efficiently and effectively reach a myriad of target markets, demographics and diverse industries ; (2) article and editorial syndication to 5,000+ outlets ; (3) enhanced press release enhancement to ensure maximum impact ; (4) social media distribution via IBN to millions of social media followers ; and (5) a full array of tailored corporate communications solutions . With broad reach and a seasoned team of contributing journalists and writers, IW is uniquely positioned to best serve private and public companies that want to reach a wide audience of investors, influencers, consumers, journalists and the general public. By cutting through the overload of information in today’s market, IW brings its clients unparalleled recognition and brand awareness. IW is where breaking news, insightful content and actionable information converge.\nFor more information, please visit https://www.InvestorWire.com\nPlease see full terms of use and disclaimers on the InvestorWire website applicable to all content provided by IW, wherever published or re-published: https://www.InvestorWire.com/Disclaimer\nInvestorWire\nLos Angeles, CA\nwww.InvestorWire.com\n310.299.1717 Office\nEditor@InvestorWire.com\nInvestorWire is powered by IBN",
    "highlightText": "",
    "highlightTitle": "",
    "highlightThreadTitle": "",
    "language": "english",
    "sentiment": "positive",
    "categories": [
        "Science and Technology",
        "Arts, Culture and Entertainment"
    ],
    "external_links": [
        "https://www.InvestorWire.com/Disclaimer",
        "https://podfestexpo.com/podfest-asia/",
        "https://www.InvestorWire.com",
        "https://www.investorwire.com/investorwire-press-distribution/press-release-enhancement/",
        "https://www.investorbrandnetwork.com/solutions/press-distribution-via-investorwire/syndication-partners/",
        "https://www.investorbrandnetwork.com/social-media-network/",
        "https://www.investorbrandnetwork.com/",
        "https://www.investorwire.com/news-articles/first-of-its-kind-event-podfest-asia-to-be-held-in-manila-philippines/",
        "https://tracking.newsrpm.com/pixel?slug=nnwire-2024-4-11-first-of-its-kind-event-podfest-asia-to-be-held-in-manila-philippines",
        "https://www.investorwire.com/Disclaimer",
        "https://www.investorwire.com/",
        "https://www.investorbrandnetwork.com/solutions/",
        "https://www.investorbrandnetwork.com/dynamic-brand-portfolio/",
        "https://www.investorbrandnetwork.com/social-media-network",
        "https://InvestorWire.com/Disclaimer",
        "https://tracking.newsrpm.com/pixel",
        "https://www.investorbrandnetwork.com/dynamic-brand-portfolio",
        "https://www.investorwire.com",
        "https://investorbrandnetwork.com/solutions/",
        "https://podfestexpo.com/podfest-asia",
        "https://www.investorbrandnetwork.com/solutions/press-distribution-via-investorwire/syndication-partners",
        "https://investorwire.com/investorwire-press-distribution/press-release-enhancement/",
        "https://www.investorbrandnetwork.com",
        "https://www.investorwire.com/investorwire-press-distribution/press-release-enhancement",
        "https://www.investorbrandnetwork.com/solutions",
        "https://investorwire.com/",
        "https://investorwire.com/Disclaimer",
        "https://www.tracking.newsrpm.com/pixel?slug=nnwire-2024-4-11-first-of-its-kind-event-podfest-asia-to-be-held-in-manila-philippines",
        "https://investorbrandnetwork.com/dynamic-brand-portfolio/",
        "https://www.podfestexpo.com/podfest-asia/",
        "https://investorwire.com/news-articles/first-of-its-kind-event-podfest-asia-to-be-held-in-manila-philippines/",
        "https://investorbrandnetwork.com/social-media-network/",
        "https://investorbrandnetwork.com/",
        "https://www.investorwire.com/news-articles/first-of-its-kind-event-podfest-asia-to-be-held-in-manila-philippines",
        "https://InvestorWire.com",
        "https://investorbrandnetwork.com/solutions/press-distribution-via-investorwire/syndication-partners/"
    ],
    "external_images": [],
    "entities": {
        "persons": [],
        "organizations": [
            {
                "name": "mgs global group",
                "sentiment": "none"
            }
        ],
        "locations": [
            {
                "name": "philippines",
                "sentiment": "none"
            },
            {
                "name": "manila",
                "sentiment": "none"
            },
            {
                "name": "podfest asia",
                "sentiment": "none"
            },
            {
                "name": "asia",
                "sentiment": "none"
            },
            {
                "name": "podfest",
                "sentiment": "none"
            }
        ]
    },
    "rating": null,
    "crawled": "2024-04-12T00:39:13.571+03:00",
    "updated": "2024-04-12T00:39:13.571+03:00"
}