{
    "thread": {
        "uuid": "8b6b218ef414ff79aa9fc925a312cced0f0791b8",
        "url": "https://www.finanzen.net/nachricht/aktien/pixso-revolutionary-ui-ux-collaboration-tool-releases-lifetime-plan-to-global-users-13414180",
        "site_full": "www.finanzen.net",
        "site": "finanzen.net",
        "site_section": "https://www.finanzen.net/nachrichten/ressort/aktien",
        "site_categories": [
            "investing",
            "financial_news",
            "finance"
        ],
        "section_title": "Aktiennews | Nachrichten zu Aktien | finanzen.net",
        "title": "Pixso - Revolutionary UI/UX Collaboration Tool Releases Lifetime Plan to Global Users | finanzen.net",
        "title_full": "Pixso - Revolutionary UI/UX Collaboration Tool Releases Lifetime Plan to Global Users | finanzen.net",
        "published": "2024-04-12T01:30:32.000+03:00",
        "replies_count": 0,
        "participants_count": 1,
        "site_type": "news",
        "country": "DE",
        "main_image": "https://images.finanzen.net/images/logos/finanzennet_660x303.png",
        "performance_score": 0,
        "domain_rank": 7283,
        "domain_rank_updated": "2024-04-09T13:11:13.000+03:00",
        "reach": null,
        "social": {
            "facebook": {
                "likes": 0,
                "comments": 0,
                "shares": 0
            },
            "gplus": {
                "shares": 0
            },
            "pinterest": {
                "shares": 0
            },
            "linkedin": {
                "shares": 0
            },
            "stumbledupon": {
                "shares": 0
            },
            "vk": {
                "shares": 0
            }
        }
    },
    "uuid": "8b6b218ef414ff79aa9fc925a312cced0f0791b8",
    "url": "https://www.finanzen.net/nachricht/aktien/pixso-revolutionary-ui-ux-collaboration-tool-releases-lifetime-plan-to-global-users-13414180",
    "ord_in_thread": 0,
    "parent_url": null,
    "author": "Importer",
    "published": "2024-04-12T01:30:32.000+03:00",
    "title": "Pixso - Revolutionary UI/UX Collaboration Tool Releases Lifetime Plan to Global Users | finanzen.net",
    "text": "VANCOUVER, BC, April 11, 2024 /PRNewswire/ -- Pixso, the revolutionary UI/UX collaboration design tool of Boyun Tech Ltd., is thrilled to launch its Lifetime Plan, offering designers and teams an unparalleled opportunity to harness the full power of Pixso's suite of tools for a one-time payment. With this offer, users can shed the burden of recurring monthly or annual fees and adopt a forward-looking design experience that adapts to their evolving needs. A New Era in UI/UX Design and Collaboration In a landscape where designers are constantly seeking innovative solutions, Pixso emerges as a competitive newcomer in the UI/UX design sector. Distinguished by its integrated workflow that consolidates project management, collaborative design, and prototype delivery into one globally accessible platform, Pixso offers professionals and teams a seamless and efficient UI/UX design process. Its unique pricing strategy, the Pixso Lifetime Plan, further distinguishes it, providing users with unparalleled value and flexibility. Main Features of Pixso: All-In-One Platform of UI/UX Design Pixso's Lifetime Plan offers a comprehensive UI/UX design experience that reshapes creativity and collaboration: - Seamless Integration of Design and Prototyping: Pixso serves as a holistic platform where UI/UX design, prototype interaction, and developer mode converge seamlessly, empowering designers to transition effortlessly from concept to coding. - Real-Time Collaboration: With Pixso, multiple members can collaborate simultaneously on projects, facilitating real-time adjustments and decisions to maintain project momentum. - Unlimited Whiteboard Files: Pixso provides unlimited capacity for whiteboard files, crucial for team management and idea organization. - AI-Powered Design Enhancements: Pixso leverages AI capabilities to accelerate the design process, from image and icon generation to providing design inspiration and language translation. - Extensive Design Resource Library: Equipped with a vast library of freely accessible design resources, Pixso provides a treasure trove of templates, icons, and elements to expedite the design process. Lifetime Plan Highlights Unlimited Access: Gain lifetime access to Pixso's design and whiteboard tools, ensuring uninterrupted creativity without the hassle of subscription renewals.Scalable Team Sizes: From solo designers to large teams, it accommodates various team sizes, supporting up to 30 team members in the premium tier.Storage and AI Credits: Enjoy generous whiteboard and design file capacities and AI credits.Continuous Innovation: Lifetime plan holders will automatically be granted access to upgrades for all future free features.Special Offers: Pixso is offering an unprecedented limited-time discount on its lifetime plan tiers for global users.Price and Free Trial for Pixso' Lifetime Plan For a trial experience and detail plans, please visit Pixso or follow Pixso on YouTube, Facebook, Twitter, and Instagram. About Pixso Pixso is an online UI/UX design platform dedicated to seamlessly blending collaborative design tools with an online whiteboard. The Pixso crew is committed to addressing the collaborative requirements of product teams worldwide. With a focus on teamwork, innovation, and project management, Pixso offers a comprehensive suite of services, including design tools, digital whiteboard, AI assistance, and enterprise-level support. Media Contact sasa.hui@pixso.net support@pixso.netPhoto - https://mma.prnewswire.com/media/2383321/pixso_lifetime_plan_ui_ux_design_tool.jpg View original content:https://www.prnewswire.co.uk/news-releases/pixso---revolutionary-uiux-collaboration-tool-releases-lifetime-plan-to-global-users-302114970.html",
    "highlightText": "",
    "highlightTitle": "",
    "highlightThreadTitle": "",
    "language": "english",
    "sentiment": "positive",
    "categories": [
        "Science and Technology"
    ],
    "external_links": [
        "https://www.prnewswire.co.uk/news-releases/pixso---revolutionary-uiux-collaboration-tool-releases-lifetime-plan-to-global-users-302114970.html",
        "https://prnewswire.co.uk/news-releases/pixso---revolutionary-uiux-collaboration-tool-releases-lifetime-plan-to-global-users-302114970.html"
    ],
    "external_images": [],
    "entities": {
        "persons": [
            {
                "name": "pixso",
                "sentiment": "none"
            }
        ],
        "organizations": [
            {
                "name": "boyun tech ltd.",
                "sentiment": "none"
            }
        ],
        "locations": [
            {
                "name": "vancouver",
                "sentiment": "none"
            },
            {
                "name": "ui",
                "sentiment": "none"
            }
        ]
    },
    "rating": null,
    "crawled": "2024-04-12T01:30:33.018+03:00",
    "updated": "2024-04-12T01:30:33.018+03:00"
}