{
    "thread": {
        "uuid": "3d399a9414601a66ac7e2dea0c16134412c5dce0",
        "url": "https://www.trendhunter.com/trends/kbo-k1",
        "site_full": "www.trendhunter.com",
        "site": "trendhunter.com",
        "site_section": "https://www.trendhunter.com/rss",
        "site_categories": [
            "fashion",
            "style_and_fashion"
        ],
        "section_title": "TREND HUNTER - The Latest Trends",
        "title": "Step-Over Foldable Bikes - KBO Debuted the 'K1' and 'K2' E-Bikes to Accommodate Consumers' Needs (TrendHunter.com)",
        "title_full": "Step-Over Foldable Bikes - KBO Debuted the 'K1' and 'K2' E-Bikes to Accommodate Consumers' Needs (TrendHunter.com)",
        "published": "2024-04-11T21:08:00.000+03:00",
        "replies_count": 0,
        "participants_count": 1,
        "site_type": "news",
        "country": "US",
        "main_image": "https://cdn.trendhunterstatic.com/thumbs/530/kbo-k1.jpeg?auto=webp",
        "performance_score": 0,
        "domain_rank": 5559,
        "domain_rank_updated": "2024-04-09T13:11:13.000+03:00",
        "reach": null,
        "social": {
            "facebook": {
                "likes": 0,
                "comments": 0,
                "shares": 0
            },
            "gplus": {
                "shares": 0
            },
            "pinterest": {
                "shares": 0
            },
            "linkedin": {
                "shares": 0
            },
            "stumbledupon": {
                "shares": 0
            },
            "vk": {
                "shares": 0
            }
        }
    },
    "uuid": "3d399a9414601a66ac7e2dea0c16134412c5dce0",
    "url": "https://www.trendhunter.com/trends/kbo-k1",
    "ord_in_thread": 0,
    "parent_url": null,
    "author": "Colin Smith",
    "published": "2024-04-11T21:08:00.000+03:00",
    "title": "Step-Over Foldable Bikes - KBO Debuted the 'K1' and 'K2' E-Bikes to Accommodate Consumers' Needs (TrendHunter.com)",
    "text": "The KBO K1 is a stylish and affordable folding e-bike designed for urban commuters and explorers. Its compact and versatile design makes it suitable for various riding scenarios. Notable design features include a 6061 aluminum bike frame, 20\" x 3\" tires, and a fold-and-unfold mechanism that allows for easy storage and transport within just two steps. Additionally, the K1 incorporates an innovative integrated battery design, where the battery is hidden and protected inside the frame, minimizing potential electrical faults.\nThe KBO K1 e-bike boasts a 500W motor capable of speeds up to 20 mph. Its built-in lithium-ion battery has a capacity of 499 Wh, providing a range of up to 45 miles per charge. Without the battery, the K1 weighs 48 lbs. The 20\" x 3\" tires ensure stability and traction on various surfaces. KBO offers direct-to-consumer pricing, making the K1 cost-effective and accessible. As of now, the K1 is available for purchase directly from KBO. Interested buyers can find more details on the KBO website, linked above.\nImage Credit: KBO\nKBO Debuted the 'K1' and 'K2' E-Bikes to Accommodate Consumers' Needs\n[Colin Smith](/Colin96)— April 11, 2024 — [Autos](/autos)\nReferences:\nkbobike& cleantechnica\nTrend Themes\n1. Electric Foldable Bikes - Opportunity for brands to integrate innovative battery designs and compact folding mechanisms for urban commuters.\n2. Direct-to-consumer Pricing - Potential for businesses to offer cost-effective and accessible products through direct sales channels.\n3. Integrating Lithium-ion Batteries - Possibility for industry players to enhance range and efficiency by incorporating advanced battery technologies.\nIndustry Implications\n1. Electric Bike Manufacturing - Innovative approaches in creating stylish and affordable e-bikes revolutionize urban commuting solutions.\n2. E-commerce - Advantages for businesses to reach consumers directly and offer competitive pricing in the online retail sector.\n3. Battery Technology - Opportunities for advancements in lithium-ion battery technology to cater to the growing demands of electric transportation.\n4.4\nScore\nPopularity\nActivity\nFreshness",
    "highlightText": "",
    "highlightTitle": "",
    "highlightThreadTitle": "",
    "language": "english",
    "sentiment": "positive",
    "categories": [
        "Lifestyle and Leisure",
        "Science and Technology"
    ],
    "external_links": [
        "https://cleantechnica.com/2024/04/09/kbo-k1-folding-e-bike-cleantechnica-tested/",
        "https://kbobike.com/pages/k1-k2",
        "https://www.cleantechnica.com/2024/04/09/kbo-k1-folding-e-bike-cleantechnica-tested/",
        "https://cleantechnica.com/2024/04/09/kbo-k1-folding-e-bike-cleantechnica-tested",
        "https://www.kbobike.com/pages/k1-k2"
    ],
    "external_images": [],
    "entities": {
        "persons": [],
        "organizations": [
            {
                "name": "kbo",
                "sentiment": "negative"
            },
            {
                "name": "kbo kbo",
                "sentiment": "none"
            }
        ],
        "locations": []
    },
    "rating": null,
    "crawled": "2024-04-12T01:27:53.538+03:00",
    "updated": "2024-04-12T01:27:53.538+03:00"
}