{
    "thread": {
        "uuid": "f4653be4bafeac480586421ee590e1c0c54a0c03",
        "url": "https://www.tradingview.com/news/benzinga:603e51000094b:0-e-l-f-beauty-advances-digital-strategy-with-app-for-apple-s-vision-pro-ceo-says-business-has-never-been-stronger",
        "site_full": "www.tradingview.com",
        "site": "tradingview.com",
        "site_section": "https://www.tradingview.com/news",
        "site_categories": [
            "financial_news",
            "finance"
        ],
        "section_title": "Financial News &amp; Top Stories — Market Analysis — TradingView",
        "title": "E.l.f. Beauty Advances Digital Strategy With App For Apple's Vision Pro, CEO Says Business Has 'Never Been Stronger' — TradingView News",
        "title_full": "E.l.f. Beauty Advances Digital Strategy With App For Apple's Vision Pro, CEO Says Business Has 'Never Been Stronger' — TradingView News",
        "published": "2024-04-11T19:00:00.000+03:00",
        "replies_count": 0,
        "participants_count": 0,
        "site_type": "news",
        "country": "IN",
        "main_image": "https://s.tradingview.com/static/images/illustrations/news-story.jpg",
        "performance_score": 0,
        "domain_rank": 1620,
        "domain_rank_updated": "2024-04-09T13:11:13.000+03:00",
        "reach": null,
        "social": {
            "facebook": {
                "likes": 0,
                "comments": 0,
                "shares": 0
            },
            "gplus": {
                "shares": 0
            },
            "pinterest": {
                "shares": 0
            },
            "linkedin": {
                "shares": 0
            },
            "stumbledupon": {
                "shares": 0
            },
            "vk": {
                "shares": 0
            }
        }
    },
    "uuid": "f4653be4bafeac480586421ee590e1c0c54a0c03",
    "url": "https://www.tradingview.com/news/benzinga:603e51000094b:0-e-l-f-beauty-advances-digital-strategy-with-app-for-apple-s-vision-pro-ceo-says-business-has-never-been-stronger",
    "ord_in_thread": 0,
    "parent_url": null,
    "author": null,
    "published": "2024-04-11T19:00:00.000+03:00",
    "title": "E.l.f. Beauty Advances Digital Strategy With App For Apple's Vision Pro, CEO Says Business Has 'Never Been Stronger' — TradingView News",
    "text": "E.l.f. Beauty Advances Digital Strategy With App For Apple's Vision Pro, CEO Says Business Has 'Never Been Stronger' E.l.f. Beauty, Inc. [ELF](/symbols/NYSE-ELF/) has made a name for its products among Gen Z consumers on social media. CEO Tarang Amin joined CNBC's \"Mad Money\" with Jim Cramer Tuesday to discuss [the company's digital strategy. ](https://www.benzinga.com/trading-ideas/long-ideas/24/03/37927495/jim-cramer-says-dont-sell-this-beauty-brand-believes-kkr-and-blackstone-can-make-more-mo) What Happened: Amin told Cramer that E.l.f Beauty’s digital business was up over 100% last quarter, which he attributed to the company’s willingness to try new things. \"As a digitally native brand, we're constantly testing and learning,\" Amin said on the show. \"We're going to constantly test and learn on new frontiers and delight our community.\" E.l.f. was one of the first beauty brands to embrace TikTok. The company also has its own channel on Twitch and offers a popular brand experience on Roblox with over 9 million plays. The company's newest digital experience is the \"your best e.l.f.\" app for the Apple Vision Pro headset. E.l.f. Beauty describes the app as a \"spatial experience\" where users engage with \"playful, inspirational environments that contextualize an assortment of 3D e.l.f. products.\" Users can also purchase products within the app using Apple Pay. Related News: [Ulta Beauty Faces Headwinds From Slowing Trends, Notes Analyst](https://www.benzinga.com/analyst-ratings/analyst-color/24/04/38147655/ulta-beauty-faces-headwinds-from-slowing-trends-notes-analyst) Why It Matters: [E.l.f. Beauty shares](https://www.benzinga.com/quote/ELF) are up more than 90% over the past year as the company continues to take market share. E.l.f. Cosmetics ranked as the number one cosmetics brand among teens and grew its market share by 16 points year-over-year to 38%, according to Piper Sandler's \"Taking Stock With Teens\" survey. The survey also showed E.l.f. continues to rank in the top 10 skincare brands and beauty destinations. Amin told Cramer this week that the company’s business has “never been stronger.” E.l.f. Beauty has beat earnings estimates on both the top and bottom lines in 12 consecutive quarters, according to data from Benzinga Pro. The company is not due to report earnings again until sometime in May. ELF Price Action: According to Benzinga Pro, e.l.f. Beauty shares closed 0.08% lower at $167.05 Thursday. Image: Courtesy of e.l.f. Beauty, Inc. © 2024 Benzinga.com. Benzinga does not provide investment advice. All rights reserved.",
    "highlightText": "",
    "highlightTitle": "",
    "highlightThreadTitle": "",
    "language": "english",
    "sentiment": "positive",
    "categories": [
        "Economy, Business and Finance",
        "Science and Technology"
    ],
    "external_links": [
        "https://www.benzinga.com/trading-ideas/long-ideas/24/03/37927495/jim-cramer-says-dont-sell-this-beauty-brand-believes-kkr-and-blackstone-can-make-more-mo)",
        "https://www.benzinga.com/quote/ELF)",
        "https://www.benzinga.com/analyst-ratings/analyst-color/24/04/38147655/ulta-beauty-faces-headwinds-from-slowing-trends-notes-analyst)",
        "https://benzinga.com/quote/ELF)",
        "https://benzinga.com/analyst-ratings/analyst-color/24/04/38147655/ulta-beauty-faces-headwinds-from-slowing-trends-notes-analyst)",
        "https://benzinga.com/trading-ideas/long-ideas/24/03/37927495/jim-cramer-says-dont-sell-this-beauty-brand-believes-kkr-and-blackstone-can-make-more-mo)"
    ],
    "external_images": [],
    "entities": {
        "persons": [
            {
                "name": "neve",
                "sentiment": "negative"
            },
            {
                "name": "tarang amin",
                "sentiment": "none"
            },
            {
                "name": "cramer",
                "sentiment": "none"
            },
            {
                "name": "jim cramer",
                "sentiment": "none"
            },
            {
                "name": "amin",
                "sentiment": "none"
            }
        ],
        "organizations": [
            {
                "name": "apple",
                "sentiment": "negative"
            },
            {
                "name": "cnbc",
                "sentiment": "none"
            },
            {
                "name": "e.l.f. beauty, inc.",
                "sentiment": "none"
            }
        ],
        "locations": []
    },
    "rating": null,
    "crawled": "2024-04-12T00:21:58.902+03:00",
    "updated": "2024-04-12T00:21:58.902+03:00"
}