{
    "thread": {
        "uuid": "2268845c65ce4bcd60a4adb23449c2371302d656",
        "url": "https://www.rtl.be/actu/magazine/hi-tech/bafta-du-jeu-video-baldurs-gate-3-sorti-dun-studio-belge-ecrase-ses-concurrents/2024-04-12/article/657734",
        "site_full": "www.rtl.be",
        "site": "rtl.be",
        "site_section": "https://www.rtl.be",
        "site_categories": [
            "media"
        ],
        "section_title": "RTL info - La Une de l'actualité",
        "title": "BAFTA du jeu vidéo: \"Baldur's Gate 3\", sorti d'un studio belge, écrase ses concurrents | RTL Info",
        "title_full": "BAFTA du jeu vidéo: \"Baldur's Gate 3\", sorti d'un studio belge, écrase ses concurrents | RTL Info",
        "published": "2024-04-12T01:15:00.000+03:00",
        "replies_count": 0,
        "participants_count": 1,
        "site_type": "news",
        "country": "BE",
        "main_image": "https://rtleng.rosselcdn.net/sites/default/files/dpistyles_v2/ena_16_9_extra_big/2024/04/12/node_657734/3517753/public/2024/04/12/14137649.jpg?itok=kUW1x9dY1712873916",
        "performance_score": 0,
        "domain_rank": 11892,
        "domain_rank_updated": "2024-04-09T13:11:13.000+03:00",
        "reach": null,
        "social": {
            "facebook": {
                "likes": 0,
                "comments": 0,
                "shares": 0
            },
            "gplus": {
                "shares": 0
            },
            "pinterest": {
                "shares": 0
            },
            "linkedin": {
                "shares": 0
            },
            "stumbledupon": {
                "shares": 0
            },
            "vk": {
                "shares": 0
            }
        }
    },
    "uuid": "2268845c65ce4bcd60a4adb23449c2371302d656",
    "url": "https://www.rtl.be/actu/magazine/hi-tech/bafta-du-jeu-video-baldurs-gate-3-sorti-dun-studio-belge-ecrase-ses-concurrents/2024-04-12/article/657734",
    "ord_in_thread": 0,
    "parent_url": null,
    "author": "@rtlinfo",
    "published": "2024-04-12T01:15:00.000+03:00",
    "title": "BAFTA du jeu vidéo: \"Baldur's Gate 3\", sorti d'un studio belge, écrase ses concurrents | RTL Info",
    "text": "Situé dans un royaume fantastique peuplé de sorciers, d'elfes, de barbares et d'autres personnages, le dernier opus de la franchise créée par le studio gantois Larian Studios a remporté le prix du Jeu de l'année. Il a également remporté le EE Players' Choice Award, décerné par le public, ainsi que les BAFTA de la musique, de la narration et des interprètes, ce qui porte à cinq le nombre de récompenses obtenues lors de la remise des prix dans le centre de Londres. Le jeu médiéval-fantastique, qui fait partie d'une saga de jeux populaires remontant à la fin des années 1990, avait déjà remporté le premier prix lors des Game Awards 2023 à Los Angeles en décembre. Il a connu un succès commercial fulgurant depuis sa sortie en août, se vendant à plus de 10 millions d'exemplaires sur PC, Playstation 5 et Xbox Series, selon le studio. Parmi les autres lauréats des BAFTA du jeu, qui en sont à leur 20e année, figure \"The Legend of Zelda : Tears Of The Kingdom\", qui a reçu le prix de la réalisation technique.",
    "highlightText": "",
    "highlightTitle": "",
    "highlightThreadTitle": "",
    "language": "french",
    "sentiment": "positive",
    "categories": [
        "Science and Technology",
        "Social Issue",
        "Arts, Culture and Entertainment"
    ],
    "external_links": [],
    "external_images": [],
    "entities": {
        "persons": [],
        "organizations": [],
        "locations": []
    },
    "rating": null,
    "crawled": "2024-04-12T01:38:00.126+03:00",
    "updated": "2024-04-19T01:44:13.807+03:00"
}