{
    "thread": {
        "uuid": "98109d4b9036e243d74ff04aebc0e04d01cd785e",
        "url": "https://www.info.gov.hk/gia/general/202404/12/P2024041200116.htm",
        "site_full": "www.info.gov.hk",
        "site": "info.gov.hk",
        "site_section": "https://www.info.gov.hk/gia/rss/general_en.xml",
        "site_categories": [
            "law_government_and_politics",
            "us_government_resources"
        ],
        "section_title": "HKSAR Government Press Releases",
        "title": "HKETO, Brussels supports Hong Kong design in Bologna Children's Book Fair 2024 (with photos)",
        "title_full": "HKETO, Brussels supports Hong Kong design in Bologna Children's Book Fair 2024 (with photos)",
        "published": "2024-04-11T17:00:00.000+03:00",
        "replies_count": 0,
        "participants_count": 0,
        "site_type": "news",
        "country": "HK",
        "main_image": "https://gia.info.gov.hk/general/202404/12/P2024041200116_photo_1270034.jpg",
        "performance_score": 0,
        "domain_rank": 5996,
        "domain_rank_updated": "2024-04-09T13:11:13.000+03:00",
        "reach": null,
        "social": {
            "facebook": {
                "likes": 0,
                "comments": 0,
                "shares": 0
            },
            "gplus": {
                "shares": 0
            },
            "pinterest": {
                "shares": 0
            },
            "linkedin": {
                "shares": 0
            },
            "stumbledupon": {
                "shares": 0
            },
            "vk": {
                "shares": 0
            }
        }
    },
    "uuid": "98109d4b9036e243d74ff04aebc0e04d01cd785e",
    "url": "https://www.info.gov.hk/gia/general/202404/12/P2024041200116.htm",
    "ord_in_thread": 0,
    "parent_url": null,
    "author": null,
    "published": "2024-04-11T17:00:00.000+03:00",
    "title": "HKETO, Brussels supports Hong Kong design in Bologna Children's Book Fair 2024 (with photos)",
    "text": "HKETO, Brussels supports Hong Kong design in Bologna Children's Book Fair 2024 (with photo)\n******************************************************************************************\nThe Hong Kong Pavilion as sponsored by Create Hong Kong of the Government of the Hong Kong Special Administrative Region, co-organised by Hong Kong Publishing Federation and the Hong Kong Printers Association, is themed \"Soaring Creativity\" to showcase the creativity and achievements of Hong Kong's publishing and printing industry to the world.\nUnder \"one country, two systems\", Hong Kong's sound legal and financial systems, robust protection of intellectual property, sophisticated logistical network, professional and multicultural workforce enable the city to become a regional publishing centre attracting international news and book publishers set up in Hong Kong for the Chinese market and Asian editions.\nOfficiated and spoke at the opening ceremony of the Hong Kong Pavilion in the BCBF held on April 8 in Bologna, the Deputy Representative of the HKETO, Brussels, Miss Fiona Li said that \"Hong Kong is leading in design and creativity as we promote arts and culture, and creative industries\". Miss Li wished the guests appreciate the design, the creativity and the quality of the Hong Kong books and encouraged them to visit Hong Kong for vibrant arts and culture.\nThe BCBF is one of the world's most established professional fair for children's books. It is an ideal platform to promote Hong Kong's publishing and printing industry which is internationally renowned for its efficient services, quality products, innovative design and green production.\nEnds/Friday, April 12, 2024\nIssued at HKT 6:00\nIssued at HKT 6:00\nNNNN",
    "highlightText": "",
    "highlightTitle": "",
    "highlightThreadTitle": "",
    "language": "english",
    "sentiment": "positive",
    "categories": [
        "Science and Technology",
        "Economy, Business and Finance",
        "Environment"
    ],
    "external_links": [],
    "external_images": [],
    "entities": {
        "persons": [
            {
                "name": "fiona li",
                "sentiment": "none"
            }
        ],
        "organizations": [
            {
                "name": "bologna children",
                "sentiment": "negative"
            },
            {
                "name": "hong kong publishing federation",
                "sentiment": "none"
            },
            {
                "name": "hong kong printers association",
                "sentiment": "none"
            }
        ],
        "locations": [
            {
                "name": "brussels",
                "sentiment": "none"
            },
            {
                "name": "hketo",
                "sentiment": "none"
            },
            {
                "name": "hong kong",
                "sentiment": "none"
            },
            {
                "name": "bologna",
                "sentiment": "none"
            },
            {
                "name": "hong kong pavilion",
                "sentiment": "none"
            },
            {
                "name": "hong kong special administrative region",
                "sentiment": "none"
            }
        ]
    },
    "rating": null,
    "crawled": "2024-04-12T01:12:06.075+03:00",
    "updated": "2024-04-12T01:12:06.075+03:00"
}