{
    "thread": {
        "uuid": "a5ef82255e65cf80f798f5df4972ad46814ef59a",
        "url": "https://flipboard.com/article/wahey-fallout-4-s-next-gen-update-is-finally-set-to-arrive-later-this-month/f-91f2fdf5c6%2Fvg247.com",
        "site_full": "flipboard.com",
        "site": "flipboard.com",
        "site_section": "https://flipboard.com/topic/playstation5",
        "site_categories": [
            "family_and_parenting",
            "eldercare"
        ],
        "section_title": "Discover More in PlayStation 5 on Flipboard",
        "title": "Wahey, Fallout 4's next-gen update is finally set to arrive later this month | Flipboard",
        "title_full": "Wahey, Fallout 4's next-gen update is finally set to arrive later this month | Flipboard",
        "published": "2024-04-11T03:00:00.000+03:00",
        "replies_count": 0,
        "participants_count": 1,
        "site_type": "news",
        "country": "US",
        "main_image": "https://assetsio.gnwcdn.com/fallout-4-next-gen-update-01.jpg?width=1200&amp;height=630&amp;fit=crop&amp;enable=upscale&amp;auto=webp",
        "performance_score": 0,
        "domain_rank": 1217,
        "domain_rank_updated": "2024-04-09T13:11:13.000+03:00",
        "reach": null,
        "social": {
            "facebook": {
                "likes": 0,
                "comments": 0,
                "shares": 0
            },
            "gplus": {
                "shares": 0
            },
            "pinterest": {
                "shares": 0
            },
            "linkedin": {
                "shares": 0
            },
            "stumbledupon": {
                "shares": 0
            },
            "vk": {
                "shares": 0
            }
        }
    },
    "uuid": "a5ef82255e65cf80f798f5df4972ad46814ef59a",
    "url": "https://flipboard.com/article/wahey-fallout-4-s-next-gen-update-is-finally-set-to-arrive-later-this-month/f-91f2fdf5c6%2Fvg247.com",
    "ord_in_thread": 0,
    "parent_url": null,
    "author": "vg247.com - Mark Warren",
    "published": "2024-04-11T03:00:00.000+03:00",
    "title": "Wahey, Fallout 4's next-gen update is finally set to arrive later this month | Flipboard",
    "text": "Wahey, Fallout 4's next-gen update is finally set to arrive later this month Boo! After eons of silence, Bethesda has finally provided us with an update on Fallout 4's long-awaited next-gen update. It's coming later this month … Related articles More stories from [Fallout 4](/topic/fallout4) [Fallout Cascadia trailer drops, looks like the best Fallout in a long time](/topic/fallout4/fallout-cascadia-trailer-drops-looks-like-the-best-fallout-in-a-long-time/a-HUPxLFNRQgOSftMbeu96Pg%3Aa%3A3564342025-75e2dadb52%2Fgamingbible.com) We can never get enough of the post-apocalyptic wasteland that Bethesda’s iconic Fallout series has to offer. It doesn't matter if it's from Bethesda … [Nearly a decade later, Fallout 4 is getting its next-gen update with 60 FPS support and a pile of new content just in time for the TV show](/topic/fallout4/nearly-a-decade-later-fallout-4-is-getting-its-next-gen-update-with-60-fps-supp/a-yG16KXWaRfK1DiU0pGIRlw%3Aa%3A2413451384-c76628dd4b%2Fgamesradar.com) If the excellent Fallout TV show is inspiring you to pick one of the games back up for a replay, Bethesda is offering a very nice incentive to get … Join the flipboard community Discover, collect, and share stories for all your interests [Sign up](/signup) More stories from [Gaming](/topic/gaming) - Storyboard LASIK Patient Issues Dire Warning About Getting The ProcedureCurated byDaily Dot [An estimated 20-25 million LASIK procedures have been performed on Americans, but as TikToker Lainey Ostrom (@laineyostrom) can attest, there’s always a chance it can go wrong. As part of a “Get Ready With Me” video, Ostrom opened up about how LASIK is one of her “biggest regrets in life.”](/@dailydot/lasik-patient-issues-dire-warning-about-getting-the-procedure-7ofn1kju7mhef2so) [The \"infinite ammo, never reload\" Helldivers 2 loadout has made fighting the Automatons so much more fun that I can never go back](/topic/gaming/the-infinite-ammo-never-reload-helldivers-2-loadout-has-made-fighting-the-aut/a-nFNRZQO6Q2ORaoWMfPxgbQ%3Aa%3A2413451384-d98a96db3d%2Fgamesradar.com) I don't like reloading. I understand why games with guns make you reload those guns, and I do appreciate a good reload animation, but minimizing … [Fallout Show Explains How Feral Ghouls Are Created](/topic/gaming/fallout-show-explains-how-feral-ghouls-are-created/a-o1LEZP-nQ1Sy2oUhZMXX5A%3Aa%3A54101944-e9477f30f7%2Fthegamer.com) Ghouls have been part of the Fallout world since the first game in 1997. But despite being a series mainstay, we never learned how a ghoul goes from …",
    "highlightText": "",
    "highlightTitle": "",
    "highlightThreadTitle": "",
    "language": "english",
    "sentiment": "positive",
    "categories": [
        "Arts, Culture and Entertainment",
        "Science and Technology"
    ],
    "external_links": [],
    "external_images": [],
    "entities": {
        "persons": [
            {
                "name": "wahey",
                "sentiment": "negative"
            }
        ],
        "organizations": [],
        "locations": [
            {
                "name": "bethesda",
                "sentiment": "none"
            }
        ]
    },
    "rating": null,
    "crawled": "2024-04-12T00:34:16.790+03:00",
    "updated": "2024-04-12T00:34:16.790+03:00"
}