{
    "thread": {
        "uuid": "34e81dcc95bb5fe274848af71c495a3ddb4f92d0",
        "url": "https://www.siliconvalley.com/2024/04/11/best-mushroom-gummies",
        "site_full": "www.siliconvalley.com",
        "site": "siliconvalley.com",
        "site_section": "https://www.siliconvalley.com/sponsored-content/",
        "site_categories": [
            "media"
        ],
        "section_title": "Sponsored Content &#8211; Silicon Valley",
        "title": "Best Mushroom Gummies of 2024 for a Potent Psychedelic Experience & Stress Relief",
        "title_full": "Best Mushroom Gummies of 2024 for a Potent Psychedelic Experience & Stress Relief",
        "published": "2024-04-11T23:27:00.000+03:00",
        "replies_count": 0,
        "participants_count": 1,
        "site_type": "news",
        "country": "US",
        "main_image": "https://www.siliconvalley.com/wp-content/uploads/2024/04/image3_fc480d.jpg?w=1024&#038;h=576",
        "performance_score": 0,
        "domain_rank": 13105,
        "domain_rank_updated": "2024-04-09T13:11:13.000+03:00",
        "reach": null,
        "social": {
            "facebook": {
                "likes": 0,
                "comments": 0,
                "shares": 0
            },
            "gplus": {
                "shares": 0
            },
            "pinterest": {
                "shares": 0
            },
            "linkedin": {
                "shares": 0
            },
            "stumbledupon": {
                "shares": 0
            },
            "vk": {
                "shares": 0
            }
        }
    },
    "uuid": "34e81dcc95bb5fe274848af71c495a3ddb4f92d0",
    "url": "https://www.siliconvalley.com/2024/04/11/best-mushroom-gummies",
    "ord_in_thread": 0,
    "parent_url": null,
    "author": "Sponsored Content",
    "published": "2024-04-11T23:27:00.000+03:00",
    "title": "Best Mushroom Gummies of 2024 for a Potent Psychedelic Experience & Stress Relief",
    "text": "Sponsored Content Author: Jamila Khan\nJamila is an avid researcher of all things cannabis-related with a passion for creating content in several niches, particularly the cannabis-related niche. She has written over several hundred articles on all the latest trends in edibles, vaping, strains and related products.\nIf you are looking for a potent and effective mushroom supplement to add to your daily supplement regime, you have come to the right place.\nThese gummies are created to please your taste buds and your health, using only the best ingredients.\nOur selection of mushroom gummies, which are loaded with beneficial nutrients and bioactive compounds, provides a handy way to promote general wellness in a hassle-free and discreet way.\nThe Amanita Mushroom Chocolate Caps available at Utoya emerged as our top pick.\nStill, the selection includes eight other equally delicious and flavorful magic mushroom gummies we cannot wait for you to try.\nBest Mushroom Gummies – First Look Amanita Mushroom Chocolate Caps – Best overall (100% pure Belgian chocolate) Functional Mushroom Gummies – Overall health benefits Mushroom Chocolate 5 Pack – Most delicious taste Milk Chocolate Cookies 1,500MG – Ideal for stress relief Super Mushroom Gummies – Mood upliftment and euphoria CBD Mushroom Gummies – Improved mental clarity and focus Immunity Blend Gummies – Natural immune system support WonderDay Mushroom Gummies – Enjoy increased energy CBD Gummies with Mushrooms for Wellness – Best for overall well being Our selection of mushroom gummies is the ideal choice if you want to increase the nutritional content in your diet, strengthen your immune system, or support cognitive function while enjoying other health benefits.\nWith each product on the list, whether you choose one with Lion’s Mane mushrooms or equally cherished Reishi mushrooms, you are promised a delightful and flavorful experience.\n1. Amanita Mushroom Chocolate Caps – Best Mushroom Gummies Overall\nPros:\nRich flavor due to Belgian dark chocolate 100% natural ingredients 5mg of Muscimol Consumers report strong effects Cons:\nNo different sizing options Who Is Amanita Mushroom Chocolate Caps Best For?\nThe Amanita Mushroom Chocolate Caps make the best choice for all who want to consume mushroom gummies for their potential health benefits but prefer sweet treats in the form of chocolate.\nWho Should Avoid Amanita Mushroom Chocolate Caps?\nIn sensitive people, these gummies may cause adverse effects, in the first place, nausea and headaches, so caution is advised.\nEffectiveness\nWith each bite of these rich Belgian dark chocolate bars infused with 50 mg of Muscimol, your taste buds will be delighted, just as expected from the best mushroom gummies on the market.\nAlthough limited, customer reviews highlight the delightful effectiveness of these mushroom gummies that contain 5mg of Muscimol per chocolate bar , while there is plenty to experience strong effects.\nTypes Of Mushrooms\nThese mushroom edibles are infused with a healthy dose of Amanita mushroom extract alongside Muscimol and other 100% natural ingredients to ensure organic nature.\nFlavor\nCrafted with premium Belgian dark chocolate, these delectable treats offer a delightful sweetness for those with a sweet tooth, while thanks to being infused with dark chocolate , the flavor is not too sweet.\nSummary\nIn summary, Utoya’s Amanita Mushroom Chocolate Caps offer a delightful entry into the world of mushrooms.\nIndulge in the rich Belgian dark chocolate infused with 50mg of Muscimol, making it a top option in the gummies market.\n>>Check the best price for Amanita Mushroom Chocolate Caps at Utoya\n2. Functional Mushroom Gummies – Overall Health Benefits\nPros:\nThree natural ingredients Subscribe for a discount High overall customer rating 60-day money-back guarantee Cons:\nSome report lingering aftertaste Who Is Functional Mushroom Gummies Best For?\nWith just three ingredients, Functional Mushroom Gummies stands out as an unconventional yet effective choice, especially for those looking for natural ways to boost their overall wellness .\nWho Should Avoid Functional Mushroom Gummies?\nIt is important to note that individuals sensitive to Lion’s Mane may experience adverse effects such as diarrhea, headaches, and fluctuations in glucose levels, so be careful with these gummies.\nEffectiveness\nEach package contains thirty organic gummies, with 100mg of Cordyceps, 10mg of Reishi extract, and 300mg of Lion’s Mane .\nThis potent dosage often yields profound effects, positively influencing both mental and physical well-being and enhancing memory, focus, and stamina.\nTypes Of Mushrooms\nIn this mushroom supplement, there are three main ingredients, including Reishi, Lion’s Mane, and Cordyceps, each delivering unique health benefits.\nFlavor\nFOCL’s Functional Mushroom Gummies boast natural flavors and colors , which is a favorable feature. However, some consumers have expressed dissatisfaction with the taste, noting a lingering aftertaste.\nSummary\nFor those seeking a mushroom supplement to bolster immunity and endurance while experiencing improved memory and focus, FOCL’s Functional Mushroom Gummies are a compelling option.\nComprising just three ingredients, these remarkable edibles may hold the key to unlocking your mental and physical potential.\n>>Check the best price for Functional Mushroom Gummies at FOCL\n3. Mushroom Chocolate 5 Pack – Most Delicious Taste\nPros:\nOver 50 positive customer reviews Often available on sale Made with organic ingredients Tested for quality Cons:\nOnly one flavor option Who Is Mushroom Chocolate 5 Pack Best For?\nMade with non-GMO ingredients, the Mushroom Chocolate 5 Pack has a calming and stimulating effect, which makes it perfect for people looking for a 100% organic product that delivers the most gummylicious experience.\nWho Should Avoid Mushroom Chocolate 5 Pack?\nIndividuals sensitive to caffeine or those trying to stay away from caffeine-infused products may have more luck looking at other gummies featured here.\nEffectiveness\nThe energizing properties of the Amanita mushroom extract (250gr) , combined with a subtle sense of physical and mental relaxation, contribute to its effectiveness.\nThe product does not contain mycelium, starch, and grains of any kind.\nTypes Of Mushrooms\nThe Amanita Muscaria extract in this product is enriched with other natural ingredients, including different types of mushrooms, as a part of the company’s proprietary formula.\nFlavor\nGiven that the chocolate mushroom supplement contains more than 75% dark chocolate made from organic heirloom cacao, the flavor is irresistible, especially for those with a sweet tooth.\nSummary\nThe Mushroom Chocolate 5 Pack offers a nice balance of sweetness and bitterness. The product’s flavor is highly praised by customers, who find it especially delicious for lovers of dark chocolate.\n>>Check the best price for Mushroom Chocolate 5 Pack at Real Mushrooms\n4. Milk Chocolate Cookies 1,500MG – Ideal for Stress Relief\nPros:\nPromotes stress relief and relaxation Highly potent formula Unique organic mushroom brand Contains CBD and THC Cons:\nMay not suit beginner consumers Who Is Milk Chocolate Cookies 1,500MG Best For?\nWhile not mushroom gummies, these chocolate-infused mushroom edibles are enriched with Lion’s Mane, making them an excellent option for those seeking relief from fatigue .\nWho Should Avoid Milk Chocolate Cookies 1,500MG?\nIt is important to note that due to the high Delta 9 THC content, users may experience intense psychotropic effects.\nIf a milder experience is preferred, exploring alternative products from the list is advisable.\nEffectiveness\nThe unique combination of CBD and Delta 9 THC produces a potent high that is accompanied by both mental and physical relaxation and a noticeable boost in euphoric energy , which not many other gummies offer.\nTypes Of Mushrooms\nThe primary type of mushrooms featured in the formula are Amanita mushrooms, followed by a significant dose of Lion’s Mane, which is known for its relaxing effects.\nFlavor\nWhat we also like about this product is its incredible flavor of milk chocolate cookies , which reminds of the most delicious non-mushroom chocolate you can think of.\nSummary\nThis proprietary mushroom blend, featuring CBD and Delta 9 THC, offers a delicious experience at an affordable price point.\nNot only does it cater to seasoned users, but it also provides potential stress relief for those struggling with anxiety and heightened stress.\n>>Check the best price for Milk Chocolate Cookies 1,500MG at Exodus Canna\n5. Super Mushroom Gummies – Mood Upliftment and Euphoria\nPros:\nSave 15% on your first order Ten types of mushrooms per gummy Encourages mood upliftment Natural mushroom flavor Cons:\nOnly a handful of customer reviews Who Is Super Mushroom Gummies Best For?\nTen beneficial mushrooms are combined in Super Mushroom Gummies (per mushroom gummy) so that you can benefit from the therapeutic effects of Cordyceps, Chaga, Reishi, Lion’s Mane, and Maitake mushrooms , among other valuable ingredients.\nWho Should Avoid Super Mushroom Gummies?\nIt is important to note that people diagnosed with hypoglycemia should avoid this product, as Chaga mushrooms can significantly reduce blood sugar levels.\nAdditionally, Reishi mushrooms have the potential to cause nausea, gastrointestinal discomfort, and itching in sensitive individuals, so be cautious.\nEffectiveness\nThe unique combination in this proprietary mushroom blend has anti-inflammatory and antioxidant qualities that can improve mood and offer immune support .\nIn addition, the product supports cognitive function and acts as a natural immune system booster. Some of the mushrooms in the formula are also known for improving brain function and reducing inflammation.\nTypes Of Mushrooms\nWith each mushroom gummy, you consume ten different types of mushrooms, including Reishi mushroom, Maitake, and Lion’s Mane, among others.\nFlavor\nWhile most customers report no lingering aftertaste, the natural mushroom flavor may not be suitable for everyone’s palate, as many prefer natural fruit flavors, and many products of this kind contain.\nSummary\nIf you seek natural mood upliftment and euphoria, Super Mushroom Gummies by Riti may deliver the desired effects with their selection of ten different mushroom varieties.\n>>Check the best price for Super Mushroom Gummies at Riti\n6. CBD Mushroom Gummies – Improved Mental Clarity and Focus\nPros:\nFast effect onset time Healthy dose of CBD Encourages better brain function Enriched with CBG Cons:\nHigh price tag Who Is CBD Mushroom Gummies Best For?\nMood Wellness offers a range of gummies, and their CBD Mushroom Gummies are particularly attractive to individuals seeking a natural way to alleviate stress .\nWith 12.5mg of CBD per mushroom gummy, these are ideal for those looking to support cognitive function, so think of them as your nootropic brain supplement.\nWho Should Avoid CBD Mushroom Gummies?\nThe company’s unique blend is also enriched with 5mg of CBG (per mushroom gummy), so individuals who are sensitive to CBG or simply want to avoid this cannabinoid should check out other options on the list.\nEffectiveness\nThese mushroom gummies harness the combined benefits of mushrooms and cannabinoids to promote mental clarity, focus, and better cognitive performance.\nThey are infused with 250mg of Lion’s Mane mushroom blend, 12.5mg of CBD, and 12.5mg of CBG .\nTypes Of Mushrooms\nIn these magic mushroom gummies, you have a healthy dose of Lion’s Mane, which is the main ingredient in the formula besides CBD and CBG.\nFlavor\nThe gummies boast a natural flavor profile featuring a blend of tropical fruits and berries . While fruity flavors are popular, some consumers may find the aftertaste overwhelming despite all-natural ingredients.\nSummary\nIf you seek a natural mushroom supplement to boost your cognitive function and mental clarity, CBD Mushroom Gummies by MoodWellness may work like magic with their cannabinoid-rich mushroom formula.\n>>Check the best price for CBD Mushroom Gummies at MoodWellness\n7. Immunity Blend Gummies – Natural Immune System Support\nPros:\nOffer natural immune support 500mg extract per mushroom gummy 60 gummies per bottle Five mushroom varieties Cons:\nOften out of stock Who Is Immunity Blend Gummies Best For?\nImmunity Blend Gummies are infused with a unique blend of mushrooms manufactured to support your immune system.\nThese gummies contain 500mg of apple cider vinegar , offering potent immune-boosting effects.\nWho Should Avoid Immunity Blend Gummies?\nWhile apple cider vinegar can do wonders for your immune system regardless of how you consume it, it can also cause adverse effects in sensitive people, so be cautious.\nEffectiveness\nThough these gummies may not be the strongest option on the market, their 500 mg of mushroom blend and 500mg of apple cider vinegar still have therapeutic benefits.\nThey might strengthen your immune system but also help fight fatigue by boosting your energy levels.\nTypes Of Mushrooms\nThese gummies for immune support contain Mycomatrix mushroom blend with five mushroom species, including Turkey Tail, Maitake, and Lion’s Mane.\nFlavor\nThese gummies’ sweet and fruity flavor profile will appeal to people who enjoy sugary snacks. Most customers are relieved that, contrary to expectations, the taste does not resemble apple cider vinegar.\nSummary\nFor natural immune support, we recommend you check out VidaCap Immunity Blend Gummies infused with Turkey Tail, Lion’s Mane, and three other mushroom species, alongside apple cider vinegar, which is known for its powerful immunity-boosting properties .\n>>Check the best price for Immunity Blend Gummies at VidaCap\n8. WonderDay Mushroom Gummies – Enjoy Increased Energy\nPros:\nOver 300 verified customer reviews Vegan-friendly and gluten-free 2,500mg mushroom blend 60 gummies per bottle Cons:\nNo option to choose the flavor Who Is WonderDay Mushroom Gummies Best For?\nThe next mushroom gummies we discuss here is the WonderDay Mushroom Gummies by Plant People that make the best choice for everyone looking to combat fatigue by significantly increased energy levels .\nWho Should Avoid WonderDay Mushroom Gummies?\nWhile the product is expertly crafted and undergoes rigorous testing, some ingredients may cause side effects in sensitive people, so check the ingredient list carefully before you buy.\nEffectiveness\nEach mushroom gummy has a potent blend of different mushroom species, including Reishi and Lion’s Mane; the effectiveness is out there, making these gummies among the most potent options with a 2,500mg formula .\nTypes Of Mushrooms\nApart from Lion’s Mane and Reishi, these mushroom gummies also contain a healthy dose of Turkey Tail, Cordyceps, and Chaga mushrooms, alongside other natural ingredients.\nFlavor\nThese gummies taste great, according to hundreds of mushroom lovers who have had a chance to try them. While there is only one flavor option, Wild Raspberry is super delicious.\nSummary\nFor those looking for a powerful dietary supplement to combat fatigue, WonderDay Mushroom Gummies is a wonderful choice thanks to its selection of different mushroom types and great taste.\n>>Check the best price for WonderDay Mushroom Gummies at Plant People\n9. CBD Gummies with Mushrooms for Wellness 1500mg – Best for Overall Well Being\nPros:\n4.8/5 overall customer rating With 50mg of CBD per serving Natural cherry flavor Different mushroom varieties Cons:\nSlightly higher price tag Who Is CBD Gummies with Mushrooms for Wellness 1500mg Best For?\nThe last product on our list of the best Amanita Muscaria mushroom gummies is CBDfx CBD Gummies with Mushrooms for Wellness 1500mg.\nWith many different mushroom types, this product is recommended for everyone looking to boost their well being .\nWho Should Avoid CBD Gummies with Mushrooms for Wellness 1500mg?\nThis product contains profound adaptogenic properties, meaning it can be beneficial to people struggling with depression and anxiety, but at the same time, some people may experience side effects.\nEffectiveness\nIn these Amanita Muscaria mushroom gummies, you consume 50mng of CBD (broad-spectrum) alongside a potent mushroom formula with Turkey Tail, Reishi, and Cordyceps .\nTypes Of Mushrooms\nBesides Turkey Tail, Reishi, and Cordyceps, CBD Gummies with Mushrooms for Wellness 1500mg are also enriched with Shiitake, Lion’s Mane, and Chaga mushrooms for more intense effects.\nFlavor\nAccording to most consumers, these mushroom gummies taste great, but a handful of consumers reported not liking the aftertaste that tends to linger on the palate.\nSummary\nFor those looking for a natural dietary supplement to potentially boost their overall well-being, CBD Gummies with Mushrooms for Wellness 1500mg may offer what they want.\nIn addition to promoting overall well being, these delicious mushroom gummies may offer natural immune support and encourage clarity and mental focus.\n>>Check the best price for CBD Gummies with Mushrooms for Wellness 1500mg at CBDfx\nWhat Are Mushroom Gummies? Mushroom gummies are a type of dietary supplement that combines the benefits of mushrooms with the deliciousness of gummy edibles.\nThese gummies are infused with extracts from various types of mushrooms , such as Reishi, Chaga, and Cordyceps, known for their potential health-promoting properties and varying effects.\nGummies made from mushrooms are a more fun and convenient way to add these all-natural ingredients to one’s daily routine than traditional supplements and taking medications typically taken as capsules or powders.\nTypically, the gummies are made to provide particular health advantages linked to the individual mushroom extracts, like improved energy, stress reduction, immune support, and cognitive function .\nHow Do Mushroom Gummies Work? Mushroom gummies work by utilizing the properties of mushrooms to deliver possible health advantages in a tasty way.\nExtracts from a variety of mushrooms are commonly found in these edibles and may have health benefits.\nThe active ingredients in these mushrooms are absorbed into the body after consumption, where they may interact with different systems to possibly promote general health .\nFor instance, Lion’s Mane is frequently linked to cognitive function, Chaga to antioxidant properties, and Reishi to immune system support.\n>>Check the best price for Amanita Mushroom Chocolate Caps at Utoya\nTypes of Mushrooms Used in Gummies Below, we examine the most common types of mushrooms used in magic mushroom gummies.\nChaga Chaga is a type of mushroom that is frequently used in gummies because of its possible antioxidant properties. It is thought to promote general health and immune system function .\nLion’s Mane Another common mushroom used in gummies, Lion’s Mane, is thought to promote brain health and has been linked to possible cognitive benefits .\nReishi Gummies frequently contain Reishi, a well-known mushroom in traditional Chinese medicine, due to its possible calming and stress-relieving effects .\nCordyceps Another popular mushroom used in gummies is cordyceps, which may have energy-boosting effects , making it beneficial to individuals struggling with chronic fatigue.\nThe Benefits of Magic Mushroom Gummies Magic mushroom gummies are becoming more well-known due to their possible medicinal and health advantages.\nThese mushroom gummies , which come from natural sources, have a number of benefits that appeal to people looking for non-traditional ways to wellness.\nMagic mushroom gummies can potentially improve mental health, which is one of their main advantages.\nAccording to research [1], psilocybin, one of the active ingredients in magic mushrooms, may be able to lessen the symptoms of PTSD, anxiety, and depression .\nA number of people have reported having profound experiences and feeling more at ease after ingesting magic mushroom gummies.\nMagic mushroom gummies have shown promise in helping individuals overcome addiction [2].\nPsilocybin-assisted therapy has been shown in studies to help break the cycle of addiction by addressing the root causes and fostering long-term recovery.\nMagic mushroom gummies may have advantages for mental health as well as spiritual and personal development.\nAt the same time, many consumers report psilocybin in psychedelic mushrooms boosts their energy levels while reducing stress and anxiety [3].\n>>Check the best price for Amanita Mushroom Chocolate Caps at Utoya\nSide Effects of Mushroom Gummies Even though there are many advantages to taking mushroom gummies, it is crucial to remain responsible.\nIt is essential to speak with a healthcare professional and make sure that consumption takes place in a secure and encouraging environment.\nThis leads us to potential adverse effects associated with the consumption of magic mushroom gummies, and these include gastrointestinal discomfort, such as bloating, gas, or stomach upset .\nFurthermore, some people may be allergic to specific kinds of mushrooms, which can cause allergic reactions like rash, swelling, or itching.\nFurthermore, there is a chance that mushroom gummies will interfere with certain drugs or medical conditions.\nBefore adding magic mushroom gummies to your daily routine, it is crucial to speak with a healthcare provider, particularly if you are expecting, nursing, taking medication, or have any underlying health issues.\nHow to Choose the Right Mushroom Gummy for You Now that you know magic mushrooms and their specific benefits, examine the following factors before you hop on your shopping adventure.\nPicking Your Potency When choosing a mushroom gummy, consider the potency that aligns with your needs.\nWhether you are a beginner or an experienced user, selecting the right potency level is essential for achieving the desired effects.\nFlavors: Taste the Adventure Examine the range of flavors and decide which suits your taste buds. The taste of amanita mushrooms in the gummy form can range greatly from fruity to earthy tones .\nDiscovering delicious flavors that spark your interest can improve the whole magic mushroom experience.\nTransparency in Sourcing Look out for companies that place a high value on transparency in their production and sourcing procedures.\nPeace of mind and quality assurance can be obtained by being aware of the origins of the mushrooms and the manufacturing process.\nCustomer Feedback and Reputation Prioritize brands with positive customer feedback and a strong reputation in the market.\nReal user experiences can offer valuable insights into the effectiveness and overall satisfaction with the magic mushroom product you are interested in.\nBudget Considerations Consider your budget when selecting a mushroom gummy. While quality is important, finding a product that aligns with your budget ensures a sustainable and enjoyable experience.\n>>Check the best price for Amanita Mushroom Chocolate Caps at Utoya\nHow We Created the List of Best Mushroom Gummies Next, we discuss the main factors we have considered for our list of the best mushroom complex gummies.\nEffectiveness Effectiveness was a top priority in our selection process. We looked for mushroom gummies that have been shown to provide health benefits and support overall well-being .\nTypes of Mushrooms The types of mushrooms used in the gummies were also a crucial consideration.\nWe sought out products that incorporated a variety of beneficial mushrooms , each with unique properties and potential health advantages.\nFlavor Another significant component of our raking assessment was flavor.\nWe searched for mushroom complex gummies that would appeal to a broad spectrum of customers by providing tasty and palatable flavors.\nExtraction Type We also closely examined the kind of extraction that was employed to make the gummies.\nTo preserve the health-promoting properties of the mushrooms, we looked for products that made use of premium extraction techniques.\nFAQs For more valuable information on how to buy mushroom spores and mushroom extracts in the gummy form, check the section below.\nWhere to Buy Mushroom Gummies? Mushrooms-infused gummies are available from reputable retailers and online shops, such as Utoya , FOCL , and other companies featured here.\nWho Shouldn’t Take Mushroom Gummies? Gummies with mushroom extracts should not be consumed by pregnant and nursing females, as well as people who take blood thinners, medications for diabetes and hypertension, and individuals with other medical conditions.\nHow Strong Are Mushroom Gummies? This depends on the type of mushroom extract used in gummies, but the market is loaded with quite potent options , including those products featured here.\nDo Mushroom Gummies Help with Anxiety? Yes, mushroom gummies can help with anxiety. Even though there is evidence that some mushrooms may provide anti-anxiety properties, it is essential to see a healthcare provider for specific advice on managing anxiety.\nCan Mushroom Gummies Make You Trip? It is unlikely that consuming mushrooms-infused gummies that have been prepared medicinally—as long as they are taken according to recommended dosage guidelines —will cause hallucinations.\nHowever, it is crucial to use caution and follow the usage guidelines to avoid psychoactive effects.\nAre Mushroom Gummies Safe to Take? Generally, mushroom-infused gummies are considered safe. Though to reduce the risk of side effects, it is crucial to remain responsible and exercise caution.\nAre Mushroom Gummies Legal? The legal status of mushroom gummies varies by location and the specific mushrooms used in their production.\nWhile these products are legal in some areas, in others, they are not, so understanding local laws is crucial.\nWhat Is the Best Time of Day to Take Mushroom Gummies? The best time to eat mushrooms-infused gummies may vary depending on personal preferences and desired results.\nWhile some prefer to consume them at nighttime, others take them sometime in the morning.\nBest Mushroom Gummies – The Takeaway With a wide array of mushroom gummies on the market, there is no wonder why many find it very challenging to find the right product, but we are here to help.\nWhether you are looking for mushroom complex gummies to experience mood upliftment, greater energy, or stress relief, the selection of products featured here most certainly includes the right product based on your needs and preferences.\nInfused with Lion’s Mane and other beneficial mushrooms, these products offer a wealth of potential health benefits , and this is especially true for our #1 pick, Amanita Mushroom Chocolate Caps by Utoya .\nAn equally delicious mushroom experience is to be expected with each other product on the list, so make sure you check them all once again.\nThis article does not provide medical advice. The information, including but not limited to text, graphics, images, and other material contained in this article, are for informational purposes only. No material within this article is intended to be a substitute for professional medical advice, diagnosis, or treatment.\nReferences: Daniel J, Haberman M. Clinical potential of psilocybin as a treatment for mental health conditions. Ment Health Clin. 2018 Mar 23;7(1):24-28. doi: 10.9740/mhc.2017.01.024. PMID: 29955494; PMCID: PMC6007659. van der Meer PB, Fuentes JJ, Kaptein AA, Schoones JW, de Waal MM, Goudriaan AE, Kramers K, Schellekens A, Somers M, Bossong MG, Batalla A. Therapeutic effect of psilocybin in addiction: A systematic review. Front Psychiatry. 2023 Feb 9;14:1134454. doi: 10.3389/fpsyt.2023.1134454. PMID: 36846225; PMCID: PMC9947277. Polito V, Stevenson RJ. A systematic study of microdosing psychedelics. PLoS One. 2019 Feb 6;14(2):e0211023. doi: 10.1371/journal.pone.0211023. PMID: 30726251; PMCID: PMC6364961.\nArticle paid for by: PlayTogga, partners@playtogga.com\nThe news and editorial staff of the Bay Area News Group had no role in this post’s preparation.\nShare this: Click to share on Facebook (Opens in new window) Click to share on Twitter (Opens in new window) Click to print (Opens in new window) Most Popular Most Popular Buyers grab downtown San Jose condos in foreclosure auction with winning bids up to $32,300 Buyers grab downtown San Jose condos in foreclosure auction with winning bids up to $32,300 PG&E CEO, other utility execs land higher compensation PG&E CEO, other utility execs land higher compensation Affordable San Jose homes may rise at Willow Glen restaurant site Affordable San Jose homes may rise at Willow Glen restaurant site Owner of San Jose office building headed for foreclosure goes bankrupt Owner of San Jose office building headed for foreclosure goes bankrupt Live in a single-family home? This Bay Area company wants to give you $100,000 for the yard space you’re not using Live in a single-family home? This Bay Area company wants to give you $100,000 for the yard space you’re not using San Jose towers owner gets court to order delay for condo foreclosures San Jose towers owner gets court to order delay for condo foreclosures Developers of two new East Bay housing developments hear that affordability is key Developers of two new East Bay housing developments hear that affordability is key They handed luxury retailer Pirch money and trust. Now customers want their money back They handed luxury retailer Pirch money and trust. Now customers want their money back Trending Nationally Trump is about to go on trial in New York. Here’s what to expect Carnie Wilson gives update on dad, Beach Boys co-founder Brian Wilson, amid dementia Skier dies after attempting to jump stunt over Highway 40 'Deeply disturbing': Harrowing video released of fatal Chicago police shooting of Dexter Reed Colorado paraprofessional arrested after police say video shows her beating autistic child on school bus",
    "highlightText": "",
    "highlightTitle": "",
    "highlightThreadTitle": "",
    "language": "english",
    "sentiment": "positive",
    "categories": [
        "Science and Technology",
        "Health",
        "Lifestyle and Leisure"
    ],
    "external_links": [
        "http://www.nydailynews.com/2024/04/09/beach-boys-brian-wilson-health-update-conservatorship/?itm_source=parsely-api",
        "https://www.chicagotribune.com/2024/04/09/copa-releases-harrowing-video-of-fatal-police-shooting-of-dexter-reed-on-west-side-which-mayor-calls-deeply-disturbing/?itm_source=parsely-api",
        "https://www.denverpost.com/2024/04/10/skier-dies-stunt-jump-highway-40-grand-county/?itm_source=parsely-api",
        "https://www.denverpost.com/2024/04/09/bus-paraprofessional-arrested-littleton-autistic-child-beaten/?itm_source=parsely-api",
        "https://www.bostonherald.com/2024/04/11/trump-hush-money-trial-new-york-what-to-expect/",
        "https://www.chicagotribune.com/2024/04/09/copa-releases-harrowing-video-of-fatal-police-shooting-of-dexter-reed-on-west-side-which-mayor-calls-deeply-disturbing/",
        "https://www.bostonherald.com/2024/04/11/trump-hush-money-trial-new-york-what-to-expect",
        "https://bostonherald.com/2024/04/11/trump-hush-money-trial-new-york-what-to-expect/",
        "https://denverpost.com/2024/04/09/bus-paraprofessional-arrested-littleton-autistic-child-beaten/?itm_source=parsely-api",
        "https://www.denverpost.com/2024/04/09/bus-paraprofessional-arrested-littleton-autistic-child-beaten/",
        "https://denverpost.com/2024/04/10/skier-dies-stunt-jump-highway-40-grand-county/?itm_source=parsely-api",
        "https://chicagotribune.com/2024/04/09/copa-releases-harrowing-video-of-fatal-police-shooting-of-dexter-reed-on-west-side-which-mayor-calls-deeply-disturbing/?itm_source=parsely-api",
        "http://nydailynews.com/2024/04/09/beach-boys-brian-wilson-health-update-conservatorship/?itm_source=parsely-api",
        "http://www.nydailynews.com/2024/04/09/beach-boys-brian-wilson-health-update-conservatorship/",
        "https://www.denverpost.com/2024/04/10/skier-dies-stunt-jump-highway-40-grand-county/"
    ],
    "external_images": [],
    "entities": {
        "persons": [
            {
                "name": "jamila khan jamila",
                "sentiment": "negative"
            }
        ],
        "organizations": [],
        "locations": [
            {
                "name": "utoya",
                "sentiment": "none"
            }
        ]
    },
    "rating": null,
    "crawled": "2024-04-12T00:19:00.927+03:00",
    "updated": "2024-04-12T00:19:00.927+03:00"
}