{
    "thread": {
        "uuid": "f1480197eee8c1a38e959c1014d615a6610f6c44",
        "url": "https://www.cgmagonline.com/news/streamlabs-tiktok-live-integration",
        "site_full": "www.cgmagonline.com",
        "site": "cgmagonline.com",
        "site_section": "https://www.cgmagonline.com/feeds",
        "site_categories": [
            "hobbies_and_interests",
            "video_and_computer_games"
        ],
        "section_title": "CGMagazine",
        "title": "Streamlabs Launches TikTok LIVE Integration",
        "title_full": "Streamlabs Launches TikTok LIVE Integration",
        "published": "2024-04-11T23:39:00.000+03:00",
        "replies_count": 0,
        "participants_count": 1,
        "site_type": "news",
        "country": "US",
        "main_image": "https://cdn.cgmagonline.com/wp-content/uploads/2024/04/streamlabs-launches-tiktok-live-integration-2024-04-11_16-43-31_645238.jpg",
        "performance_score": 0,
        "domain_rank": 49634,
        "domain_rank_updated": "2024-04-09T13:11:21.000+03:00",
        "reach": null,
        "social": {
            "facebook": {
                "likes": 0,
                "comments": 0,
                "shares": 0
            },
            "gplus": {
                "shares": 0
            },
            "pinterest": {
                "shares": 0
            },
            "linkedin": {
                "shares": 0
            },
            "stumbledupon": {
                "shares": 0
            },
            "vk": {
                "shares": 0
            }
        }
    },
    "uuid": "f1480197eee8c1a38e959c1014d615a6610f6c44",
    "url": "https://www.cgmagonline.com/news/streamlabs-tiktok-live-integration",
    "ord_in_thread": 0,
    "parent_url": null,
    "author": "Nicholas Rambhajue",
    "published": "2024-04-11T23:39:00.000+03:00",
    "title": "Streamlabs Launches TikTok LIVE Integration",
    "text": "Logitech has announced Streamlabs integration with TikTok LIVE for\neasy streaming to TikTok and customization from all in one place.\nStarting today, users can stream to TikTok directly through Streamlabs Desktop without needing a stream key. To apply for stream access for their account to go live with Steamlabs, users can log into their Streamlabs Desktop or Mobile using their TikTok account. With the new partnership, both platforms establish a deeper collaboration and make it easier for creators to reach new audiences and cultivate their fan communities on TikTok.\nStreamlabs integration with TikTok LIVE helps TikTok grow its arsenal of tools for content creation, such as the Cross Clip Editor that was launched on mobile last year. With TikTok being able to stream through Streamlabs, users can go live simultaneously across multiple platforms to engage with their audience and enhance their experience with Dual Output to create and share vertical and horizontal resolution simultaneously while streaming or recording using the Streamlabs Desktop. Alongside the set of features, Desktop users can enable multistreaming so they can go live on TikTok at the same time they are streaming to another platform, reaching more audience for engagement rather than using one platform.\nIf you are\nunfamiliar with Streamlabs streaming service, it is a popular live streaming tool and a brand of Logitech. Streamlabs offers many features that professional live streamers use to broadcast, engage, gain more fans, and improve monetization. The service is available on many popular platforms, including YouTube, Twitch, and Facebook/Meta.\nPreviously, in 2023, Streamlabs unveiled an AI-powered Podcast Editor for the premium Streamlabs Ultra Suite. The Podcast Editor, endorsed by the long-running YouTube Duo\nRhett & Link, helps users record and edit their video and audio content quickly with easy text-based editing.\nStreamers can look forward to future updates about access to TikTok through the Streamlabs Mobile app, compatibility with the web experience for Multistream, and many more in the coming months. As of now, it’s time to level up your TikTok LIVE experience with the power of Streamlabs and enhance your content creation ability!",
    "highlightText": "",
    "highlightTitle": "",
    "highlightThreadTitle": "",
    "language": "english",
    "sentiment": "positive",
    "categories": [
        "Science and Technology",
        "Arts, Culture and Entertainment"
    ],
    "external_links": [
        "https://www.youtube.com/@GoodMythicalMorning",
        "https://streamlabs.com",
        "https://youtube.com/@GoodMythicalMorning",
        "https://www.streamlabs.com"
    ],
    "external_images": [],
    "entities": {
        "persons": [
            {
                "name": "steamlabs",
                "sentiment": "none"
            },
            {
                "name": "streamlabs",
                "sentiment": "none"
            },
            {
                "name": "tiktok",
                "sentiment": "none"
            }
        ],
        "organizations": [
            {
                "name": "tiktok live integration logitech",
                "sentiment": "negative"
            }
        ],
        "locations": [
            {
                "name": "streamlabs desktop",
                "sentiment": "none"
            }
        ]
    },
    "rating": null,
    "crawled": "2024-04-12T00:31:34.594+03:00",
    "updated": "2024-04-12T00:31:34.594+03:00"
}