{
    "thread": {
        "uuid": "2e60ab4d35dba8895a02bac5a561780dd4e15099",
        "url": "https://flipboard.com/article/destiny-2-is-finally-fixing-an-issue-that-has-plagued-players-for-seven-years/f-2bdbe49853%2Fgamespot.com",
        "site_full": "flipboard.com",
        "site": "flipboard.com",
        "site_section": "https://flipboard.com/topic/xboxone",
        "site_categories": [
            "family_and_parenting",
            "eldercare"
        ],
        "section_title": "Discover More in Xbox One on Flipboard",
        "title": "Destiny 2 Is Finally Fixing An Issue That Has Plagued Players For Seven Years | Flipboard",
        "title_full": "Destiny 2 Is Finally Fixing An Issue That Has Plagued Players For Seven Years | Flipboard",
        "published": "2024-04-11T03:00:00.000+03:00",
        "replies_count": 0,
        "participants_count": 1,
        "site_type": "news",
        "country": "US",
        "main_image": "https://ic-cdn.flipboard.com/gamespot.com/9509e63010ec318a7a8adb1dad4f0bafbf1d9603/_medium.jpeg",
        "performance_score": 0,
        "domain_rank": 1217,
        "domain_rank_updated": "2024-04-09T13:11:13.000+03:00",
        "reach": null,
        "social": {
            "facebook": {
                "likes": 0,
                "comments": 0,
                "shares": 0
            },
            "gplus": {
                "shares": 0
            },
            "pinterest": {
                "shares": 0
            },
            "linkedin": {
                "shares": 0
            },
            "stumbledupon": {
                "shares": 0
            },
            "vk": {
                "shares": 0
            }
        }
    },
    "uuid": "2e60ab4d35dba8895a02bac5a561780dd4e15099",
    "url": "https://flipboard.com/article/destiny-2-is-finally-fixing-an-issue-that-has-plagued-players-for-seven-years/f-2bdbe49853%2Fgamespot.com",
    "ord_in_thread": 0,
    "parent_url": null,
    "author": "GameSpot - Phil Hornshaw",
    "published": "2024-04-11T03:00:00.000+03:00",
    "title": "Destiny 2 Is Finally Fixing An Issue That Has Plagued Players For Seven Years | Flipboard",
    "text": "Destiny 2 Is Finally Fixing An Issue That Has Plagued Players For Seven Years A limitation of Destiny 2's heads-up display meant you could only see four important status effect messages at a time. That's finally changing. For the entirety of Destiny 2's life, players have had to tough out an annoying but pervasive problem: the HUD, or heads-up display. A limitation on the way … [WW](/@wlvwildwild) flipped this story into [Relevant: Gaming](/@wlvwildwild/relevant-gaming-ikumhud1z)•1h Related articles More stories from [Destiny 2](/topic/destiny2) [The \"infinite ammo, never reload\" Helldivers 2 loadout has made fighting the Automatons so much more fun that I can never go back](/topic/destiny2/the-infinite-ammo-never-reload-helldivers-2-loadout-has-made-fighting-the-aut/a-nFNRZQO6Q2ORaoWMfPxgbQ%3Aa%3A2413451384-d98a96db3d%2Fgamesradar.com) I don't like reloading. I understand why games with guns make you reload those guns, and I do appreciate a good reload animation, but minimizing … [Destiny 2: Into the Light has an extremely annoying loadout reset bug, but you can avoid it](/topic/destiny2/destiny-2-into-the-light-has-an-extremely-annoying-loadout-reset-bug-but-you-c/f-3c45583924%2Fdestructoid.com) Destiny 2: Into the Light is great, as it turns out, with very exciting goodies and gear to chase after, and it is poised as a stellar lead-up into … [Bungie Might Be Making Destiny 3, Its Fanbase Speculates](/topic/destiny2/bungie-might-be-making-destiny-3-its-fanbase-speculates/a-CgcM7ttfTeCG5spfjcOiZw%3Aa%3A8904979-1497c756f8%2Fpushsquare.com) For a long, long time now, the hardcore Destiny 2 fanbase appeared to accept Bungie would always stick to its seasonal and expansion-based model, and … Join the flipboard community Discover, collect, and share stories for all your interests [Sign up](/signup) More stories from [Bungie](/topic/bungie) [How To Unlock The Superblack Shader In Destiny 2](/topic/bungie/how-to-unlock-the-superblack-shader-in-destiny-2/a-TZnTkw9_RieH8G7ORKl6DQ%3Aa%3A878901126-7ba30edcce%2Fgamespot.com) A favorite shader from the original Destiny returns with Destiny 2: Into the Light--here's what you need to do to earn it. With Destiny 2: Into the Light, Bungie has brought back a number of fan-favorites, including 12 weapons and two of its best Exotic missions. The new content drop also brings … [Bungie Might Be Making Destiny 3, Its Fanbase Speculates](/topic/bungie/bungie-might-be-making-destiny-3-its-fanbase-speculates/a-CgcM7ttfTeCG5spfjcOiZw%3Aa%3A8904979-1497c756f8%2Fpushsquare.com) For a long, long time now, the hardcore Destiny 2 fanbase appeared to accept Bungie would always stick to its seasonal and expansion-based model, and … [Destiny 2: Into the Light has an extremely annoying loadout reset bug, but you can avoid it](/topic/bungie/destiny-2-into-the-light-has-an-extremely-annoying-loadout-reset-bug-but-you-c/f-3c45583924%2Fdestructoid.com) Destiny 2: Into the Light is great, as it turns out, with very exciting goodies and gear to chase after, and it is poised as a stellar lead-up into …",
    "highlightText": "",
    "highlightTitle": "",
    "highlightThreadTitle": "",
    "language": "english",
    "sentiment": "positive",
    "categories": [
        "Science and Technology"
    ],
    "external_links": [],
    "external_images": [],
    "entities": {
        "persons": [],
        "organizations": [
            {
                "name": "hud",
                "sentiment": "none"
            },
            {
                "name": "bungie",
                "sentiment": "none"
            }
        ],
        "locations": [
            {
                "name": "destin",
                "sentiment": "none"
            }
        ]
    },
    "rating": null,
    "crawled": "2024-04-12T00:05:27.057+03:00",
    "updated": "2024-04-12T00:36:44.435+03:00"
}