{
    "thread": {
        "uuid": "0e5014f6a88a4e2ccfce2adf7d916b6f2ff04d2d",
        "url": "https://www.infobae.com/salud/ciencia/2024/04/11/descubren-nuevo-titanosaurio-en-la-patagonia-que-podria-revolucionar-el-curso-de-la-paleontologia",
        "site_full": "www.infobae.com",
        "site": "infobae.com",
        "site_section": "http://www.infobae.com/feeds/rss",
        "site_categories": [
            "media",
            "top_news"
        ],
        "section_title": "Infobae.com",
        "title": "Descubren un nuevo titanosaurio en la Patagonia que podría revolucionar el curso de la paleontología",
        "title_full": "Descubren un nuevo titanosaurio en la Patagonia que podría revolucionar el curso de la paleontología",
        "published": "2024-04-12T01:35:00.000+03:00",
        "replies_count": 0,
        "participants_count": 1,
        "site_type": "news",
        "country": "AR",
        "main_image": "https://www.infobae.com/new-resizer/Q0FGMCLyAEk9BSNO1HpgqN3Ia5U=/1200x630/filters:format(webp):quality(85)/cloudfront-us-east-1.images.arcpublishing.com/infobae/QFQLFNSAZRA3DFC5IOEEGIDONQ.jpg",
        "performance_score": 0,
        "domain_rank": 2080,
        "domain_rank_updated": "2024-04-09T13:11:13.000+03:00",
        "reach": null,
        "social": {
            "facebook": {
                "likes": 0,
                "comments": 0,
                "shares": 0
            },
            "gplus": {
                "shares": 0
            },
            "pinterest": {
                "shares": 0
            },
            "linkedin": {
                "shares": 0
            },
            "stumbledupon": {
                "shares": 0
            },
            "vk": {
                "shares": 0
            }
        }
    },
    "uuid": "0e5014f6a88a4e2ccfce2adf7d916b6f2ff04d2d",
    "url": "https://www.infobae.com/salud/ciencia/2024/04/11/descubren-nuevo-titanosaurio-en-la-patagonia-que-podria-revolucionar-el-curso-de-la-paleontologia",
    "ord_in_thread": 0,
    "parent_url": null,
    "author": "@infobae",
    "published": "2024-04-12T01:35:00.000+03:00",
    "title": "Descubren un nuevo titanosaurio en la Patagonia que podría revolucionar el curso de la paleontología",
    "text": "Un nuevo descubrimiento significativo sacudió a la paleontología. Un equipo de investigadores del CONICET encontraron los restos fósiles de un tipo de titanosaurio denominado Titanomachya gimenezi, que vivió hace unos 66 millones de años, al final del período Cretácico. Se estima que pesaba aproximadamente 7 toneladas y era diez veces más pequeño que otros de su especie.",
    "highlightText": "",
    "highlightTitle": "",
    "highlightThreadTitle": "",
    "language": "spanish",
    "sentiment": "positive",
    "categories": [
        "Science and Technology"
    ],
    "external_links": [
        "https://www.tandfonline.com/doi/full/10.1080/08912963.2024.2332997",
        "https://tandfonline.com/doi/full/10.1080/08912963.2024.2332997"
    ],
    "external_images": [],
    "entities": {
        "persons": [],
        "organizations": [],
        "locations": []
    },
    "rating": null,
    "crawled": "2024-04-12T01:42:16.907+03:00",
    "updated": "2024-04-12T06:45:56.239+03:00"
}