{
    "thread": {
        "uuid": "d42add1135e8fc1022600ab4950aa85313509673",
        "url": "https://www.elheraldo.co/tecnologia/baldurs-gate-iii-se-lleva-el-bafta-al-mejor-videojuego-de-2023-1085557",
        "site_full": "www.elheraldo.co",
        "site": "elheraldo.co",
        "site_section": "https://www.elheraldo.co/lgbt",
        "site_categories": [
            "travel",
            "caribbean",
            "top_news"
        ],
        "section_title": "",
        "title": "'Baldur's Gate III' se lleva el BAFTA al mejor videojuego de 2023",
        "title_full": "'Baldur's Gate III' se lleva el BAFTA al mejor videojuego de 2023",
        "published": "2024-04-11T03:00:00.000+03:00",
        "replies_count": 0,
        "participants_count": 1,
        "site_type": "news",
        "country": "CO",
        "main_image": "https://www.elheraldo.co/sites/default/files/articulo/2024/04/11/whatsapp_image_2024-04-11_at_16.07.27.jpeg",
        "performance_score": 0,
        "domain_rank": 21201,
        "domain_rank_updated": "2024-04-09T13:11:13.000+03:00",
        "reach": null,
        "social": {
            "facebook": {
                "likes": 0,
                "comments": 0,
                "shares": 0
            },
            "gplus": {
                "shares": 0
            },
            "pinterest": {
                "shares": 0
            },
            "linkedin": {
                "shares": 0
            },
            "stumbledupon": {
                "shares": 0
            },
            "vk": {
                "shares": 0
            }
        }
    },
    "uuid": "d42add1135e8fc1022600ab4950aa85313509673",
    "url": "https://www.elheraldo.co/tecnologia/baldurs-gate-iii-se-lleva-el-bafta-al-mejor-videojuego-de-2023-1085557",
    "ord_in_thread": 0,
    "parent_url": null,
    "author": "El Heraldo",
    "published": "2024-04-11T03:00:00.000+03:00",
    "title": "'Baldur's Gate III' se lleva el BAFTA al mejor videojuego de 2023",
    "text": "Este título también se había coronado en los The Game Awards, celebrados en diciembre. 'Baldur's Gate III' se hizo con el BAFTA al mejor videojuego de 2023, en la vigésima edición de estos premios celebrada en Londres y que dejó unos galardones bastante repartidos entre los nominados. Lea: 'Los médicos de Macondo', una exploración a las entrañas literarias de Gabo Lea: Ópera prima de John William Archbold estará en el Carnaval de las Artes Con este, el juego de rol de Larian Studios sumó cinco premios —mejor narrativa, mejor interpretación en rol secundario para Andrew Wincott, mejor juego votado por el público y mejor música— de las siete categorías a las que optaba en un año de grandes lanzamientos en el sector de los videojuegos. A ocho nominaciones optaba 'Alan Wake 2', de Remedy Entertainment, que finalmente obtuvo dos de ellas: mejor realización de audio y mejor realización artística. Lea: Carnaval de las Artes inicia con un tributo a tres catalanes Lea: “Ser músico Caribe significa abrirse a todas las culturas del mundo” 'Marvel's Spider-Man 2' de Insomniac Games, otro de los favoritos con nominaciones en ocho categorías, se quedó tan solo con un galardón, el de mejor interpretación en rol principal para el actor Nadji Jeter, por su papel de Miles Morales. También fueron premiados 'Super Mario Bros. Wonder' (mejor multijugador y mejor juego familiar), 'Viewfinder' (mejor juego británico y nueva propiedad intelectual) o 'Hi-Fi Rush' (mejor animación), entre otros. Lea: Una serie que construye paz desde la Región Caribe Durante la gala, se dieron a conocer más detalles de los próximos lanzamientos de la secuela Senua’s Saga: Hellblade II, del metroidvania Tales of Kenzera: ZAU, el simulador de crianza My Child New Beginnings o la aventura Mythwrecked: Ambrosia Island. Además, se otorgó un premio especial a la organización benéfica del Reino Unido SpecialEffects, que facilita el acceso a los videojuegos a personas en condición de discapacidad. Lea: “Llevar el nombre de Gabo era un honor, ahora es una responsabilidad” Junto a otros presentadores como el diseñador John Romero o la actriz Shelley Blond, voz original de Lara Croft, el cómico Phil Wang fue el encargado de presentar la gala, llena de referencias a las últimas dos décadas de videojuegos. La ceremonia de los BAFTA se enmarca en el London Games Festival, celebrado anualmente en abril en la capital británica y que reúne actividades dedicadas tanto a los desarrolladores de la industria como a sus jugadores. Convierta a El Heraldo en su fuente de noticias",
    "highlightText": "",
    "highlightTitle": "",
    "highlightThreadTitle": "",
    "language": "spanish",
    "sentiment": "positive",
    "categories": [
        "Science and Technology",
        "Arts, Culture and Entertainment"
    ],
    "external_links": [
        "https://bit.ly/3iGyplP",
        "https://www.bit.ly/3iGyplP"
    ],
    "external_images": [],
    "entities": {
        "persons": [],
        "organizations": [],
        "locations": []
    },
    "rating": null,
    "crawled": "2024-04-12T00:16:44.299+03:00",
    "updated": "2024-05-03T01:51:58.703+03:00"
}