{
    "thread": {
        "uuid": "ccde4afa144319f62e357cbf14ab1d7887cb1f67",
        "url": "https://edu.ava360.com/nasas-growing-garden_e08b08289.html",
        "site_full": "edu.ava360.com",
        "site": "ava360.com",
        "site_section": "https://edu.ava360.com",
        "site_categories": [
            "non_standard_content",
            "adult"
        ],
        "section_title": "AVA360 Education | Free Online Courses &amp; Learning from the Best Trainer",
        "title": "NASA's Growing Garden",
        "title_full": "NASA's Growing Garden",
        "published": "2024-04-11T06:00:00.000+03:00",
        "replies_count": 0,
        "participants_count": 0,
        "site_type": "news",
        "country": "AD",
        "main_image": "https://edu.ava360.com/uploads/thumbs/e08b08289-social.jpg",
        "performance_score": 0,
        "domain_rank": 52274,
        "domain_rank_updated": "2024-04-09T13:11:21.000+03:00",
        "reach": null,
        "social": {
            "facebook": {
                "likes": 0,
                "comments": 0,
                "shares": 0
            },
            "gplus": {
                "shares": 0
            },
            "pinterest": {
                "shares": 0
            },
            "linkedin": {
                "shares": 0
            },
            "stumbledupon": {
                "shares": 0
            },
            "vk": {
                "shares": 0
            }
        }
    },
    "uuid": "ccde4afa144319f62e357cbf14ab1d7887cb1f67",
    "url": "https://edu.ava360.com/nasas-growing-garden_e08b08289.html",
    "ord_in_thread": 0,
    "parent_url": null,
    "author": null,
    "published": "2024-04-11T06:00:00.000+03:00",
    "title": "NASA's Growing Garden",
    "text": "Go on a journey to NASA’s space garden and marvel at plants scientists have grown on both the International Space Station and Earth: go.nasa.gov/43GW10R Up Next Autoplay - 101 Facts About NASA by lily 230 Views - How To Keep Growing by ava 32 Views - Why Am I Growing a Beard? by ava 236 Views - Growing Herbs For Beginners: Rachael's Tips For Growing Thyme | #StayHome Q & Ray by ava 249 Views - What is it like growing up online ? by AVA 179 Views - Garden Party Cakepops! Make Bee & Ladybug Garden Cake Pops - A Cupcake Addiction How To Tutorial by [admin]()1,084 Views - International Fruit Day: A few rather curious fruits growing at Oxford Botanic Garden... by ava 89 Views - Drs. Exclusive: Growing up with a ‘Barbie’ Mom by ava 298 Views - Were you invisible growing up? by ava 39 Views - Growing up Insecure by ava 140 Views - Clever Growing Plant Hacks And Easy Garden Organization Ideas by ava 209 Views - Easy Garden Tricks For Growing Plants And Backyard Decoration by ava 132 Views - 11 NASA Inventions We Use Every Day by Lily 125 Views - 5 Stocks Growing Massively! by ava 185 Views - My Story: Growing Up Psychic by Lily 243 Views - NASA ScienceCasts: A Growing Market at Gravity’s Edge by ava 147 Views - If Your Business Is Not Growing... by ava 80 Views - Growing Cactus Indoors by [admin]()251 Views - 26 Simple Plant-growing Hacks For Your Tiny Garden by ava 251 Views - Growing Up Healthy: What Your Kids Need! by ava 196 Views - Growing Crocodile Experiment by ava 270 Views - Keep Learning or Start Growing by ava 42 Views Add to playlist Sorry, only registred users can create playlists.",
    "highlightText": "",
    "highlightTitle": "",
    "highlightThreadTitle": "",
    "language": "english",
    "sentiment": "positive",
    "categories": [
        "Environment",
        "Health",
        "Science and Technology"
    ],
    "external_links": [],
    "external_images": [],
    "entities": {
        "persons": [
            {
                "name": "rachael",
                "sentiment": "none"
            }
        ],
        "organizations": [
            {
                "name": "nasa",
                "sentiment": "neutral"
            }
        ],
        "locations": [
            {
                "name": "space station",
                "sentiment": "none"
            },
            {
                "name": "ladybug garden cake pops",
                "sentiment": "none"
            },
            {
                "name": "oxford botanic garden",
                "sentiment": "none"
            }
        ]
    },
    "rating": null,
    "crawled": "2024-04-12T00:21:28.066+03:00",
    "updated": "2024-04-12T00:21:28.066+03:00"
}