{
    "thread": {
        "uuid": "abed0860e293a8b757fb851e6361e582bae80c36",
        "url": "https://www.levelup.com/noticias/782377/Xbox-Game-Pass-este-juegazo-de-Activision-llegaria-pronto-al-servicio",
        "site_full": "www.levelup.com",
        "site": "levelup.com",
        "site_section": "http://www.levelup.com/rss",
        "site_categories": [
            "hobbies_and_interests",
            "video_and_computer_games"
        ],
        "section_title": "LevelUp",
        "title": "Xbox Game Pass: este juegazo de Activision llegaría pronto al servicio",
        "title_full": "Xbox Game Pass: este juegazo de Activision llegaría pronto al servicio",
        "published": "2024-04-12T00:35:00.000+03:00",
        "replies_count": 0,
        "participants_count": 1,
        "site_type": "news",
        "country": "MX",
        "main_image": "https://cl2.buscafs.com/www.levelup.com/public/uploads/images/844392/844392_600x315.jpg",
        "performance_score": 0,
        "domain_rank": 96626,
        "domain_rank_updated": "2024-04-09T13:11:30.000+03:00",
        "reach": null,
        "social": {
            "facebook": {
                "likes": 0,
                "comments": 0,
                "shares": 0
            },
            "gplus": {
                "shares": 0
            },
            "pinterest": {
                "shares": 0
            },
            "linkedin": {
                "shares": 0
            },
            "stumbledupon": {
                "shares": 0
            },
            "vk": {
                "shares": 0
            }
        }
    },
    "uuid": "abed0860e293a8b757fb851e6361e582bae80c36",
    "url": "https://www.levelup.com/noticias/782377/Xbox-Game-Pass-este-juegazo-de-Activision-llegaria-pronto-al-servicio",
    "ord_in_thread": 0,
    "parent_url": null,
    "author": "Víctor Rosas",
    "published": "2024-04-12T00:35:00.000+03:00",
    "title": "Xbox Game Pass: este juegazo de Activision llegaría pronto al servicio",
    "text": "Tras el cierre de la compra de Activision Blizzard King por parte de Microsoft, la expectativa de los jugadores de Xbox está en la llegada de los juegos de la compañía a [Xbox Game Pass](https://www.levelup.com/tag/Xbox%20Game%20Pass). Se sabe que esto no puede ser de inmediato pues todavía falta un último escalón legal con la FTC de Estados Unidos, pero poco a poco se integrarán al servicio y en los próximos podría darse una gran sorpresa. Spyro Reignited Trilogy llegaría pronto a Xbox Game Pass De acuerdo con un reporte del usuario de X especializado en Xbox \"Idle Sloth\" Spyro Reignited Trilogy recién fue añadido a Microsoft Store en su versión de PC, pero más allá de que esta trilogía esté disponible en la plataforma, se ha tomado como una señal de que su lanzamiento en Xbox Game Pass y PC Game Pass está cerca toda vez que esto ha sucedido en anteriores ocasiones con otros títulos. (FYI) Spyro Reignited Trilogy has just been added to the Microsoft Store for PC 👀— Idle Sloth💙💛 (@IdleSloth84_) It maybe coming to [#XboxGamePass]next Tuesday 🤞 Microsoft Store: [https://t.co/axge1M5ce2] [pic.twitter.com/LXsyp1QAnf] [April 11, 2024] [Spyro Reignited Trilogy](https://www.levelup.com/Xbox-One/juegos/471949/Spyro-Reignited-Trilogy) es un remake de la trilogía original que en su momento fue desarrollada por Insomniac Games. En este caso, el proyecto corrió a cargo de Toys for Bob, estudio que lideró el regreso de estos plataformeros en 3D. [Tras el debut de Diablo IV](https://www.levelup.com/noticias/780531/Diablo-IV-necesitaras-Battlenet-para-jugar-en-PC-Game-Pass-como-vincular-tus-cuentas), juego de Blizzard, en Xbox Game Pass, esta trilogía podría ser el siguiente lanzamiento para el servicio, esta vez con un título proveniente de Activision. En torno a esta noticia hay 2 hechos importantes. El primero, [Toys for Bob se separó de Activision y ahora es un estudio independiente. De inmediato estableció una alianza con Microsoft para un nuevo juego](https://www.levelup.com/noticias/780168/Tras-volverse-independiente-Toys-for-Bob-trabajaria-otra-vez-con-Microsoft) y se rumora que será Spyro 4. Segundo, [Diablo IV tuvo enorme éxito en Game Pass y Microsoft ha tomado nota del hype que existe por la llegada de los juegos de Activision Blizzard al servicio](https://www.levelup.com/noticias/780716/Xbox-Game-Pass-tiene-uno-de-sus-mejores-dias-del-mes-con-estos-nuevos-juegazos), así que la próxima escala sería Spyro Reignited Trilogy. Sigue aquí, en LEVEL UP. Editorial: Gaming / [YouTube](https://www.youtube.com/user/levelupcom) / [Noticias](https://www.levelup.com/noticias) / [Discord](https://discord.gg/bJcyjh8) / [Telegram](https://t.me/levelupcom) / [Google News](https://news.google.com/publications/CAAqJQgKIh9DQklTRVFnTWFnMEtDMnhsZG1Wc2RYQXVZMjl0S0FBUAE) / [MSN](https://www.msn.com/es-mx/channel/source/LevelUp.com/sr-vid-0f7ajmky0vwi7j75y9yseaud4qq9jh80nud5hyep8xf0dvepatna?ocid=windirect&cvid=464f600c6ffc4b00b243750a730ccda0&ei=53) /",
    "highlightText": "",
    "highlightTitle": "",
    "highlightThreadTitle": "",
    "language": "spanish",
    "sentiment": "positive",
    "categories": [
        "Science and Technology",
        "Arts, Culture and Entertainment"
    ],
    "external_links": [
        "https://www.youtube.com/user/levelupcom",
        "https://discord.gg/bJcyjh8",
        "https://www.msn.com/es-mx/channel/source/LevelUp.com/sr-vid-0f7ajmky0vwi7j75y9yseaud4qq9jh80nud5hyep8xf0dvepatna?ocid=windirect&cvid=464f600c6ffc4b00b243750a730ccda0&ei=53",
        "https://news.google.com/publications/CAAqJQgKIh9DQklTRVFnTWFnMEtDMnhsZG1Wc2RYQXVZMjl0S0FBUAE",
        "https://t.me/levelupcom",
        "https://www.t.me/levelupcom",
        "https://msn.com/es-mx/channel/source/LevelUp.com/sr-vid-0f7ajmky0vwi7j75y9yseaud4qq9jh80nud5hyep8xf0dvepatna?ocid=windirect&cvid=464f600c6ffc4b00b243750a730ccda0&ei=53",
        "https://www.discord.gg/bJcyjh8",
        "https://www.news.google.com/publications/CAAqJQgKIh9DQklTRVFnTWFnMEtDMnhsZG1Wc2RYQXVZMjl0S0FBUAE",
        "https://www.msn.com/es-mx/channel/source/LevelUp.com/sr-vid-0f7ajmky0vwi7j75y9yseaud4qq9jh80nud5hyep8xf0dvepatna",
        "https://youtube.com/user/levelupcom"
    ],
    "external_images": [],
    "entities": {
        "persons": [],
        "organizations": [],
        "locations": []
    },
    "rating": null,
    "crawled": "2024-04-12T01:17:17.501+03:00",
    "updated": "2024-04-12T02:03:04.451+03:00"
}