{
    "thread": {
        "uuid": "4a2023fc1665a7620369ad97ed73d74379a7cb70",
        "url": "https://gritdaily.com/rise-of-io-net-decentralizing-ai-compute",
        "site_full": "gritdaily.com",
        "site": "gritdaily.com",
        "site_section": "https://gritdaily.com/rss",
        "site_categories": [
            "media",
            "celebrity_fan_gossip",
            "entertainment"
        ],
        "section_title": "Grit Daily News",
        "title": "The Rise of io.net: Decentralizing AI Compute",
        "title_full": "The Rise of io.net: Decentralizing AI Compute",
        "published": "2024-04-11T23:30:00.000+03:00",
        "replies_count": 0,
        "participants_count": 1,
        "site_type": "news",
        "country": "US",
        "main_image": "https://i0.wp.com/gritdaily.com/wp-content/uploads/2024/04/The-Rise-of-io.net-Decentralizing-AI-Compute.png",
        "performance_score": 0,
        "domain_rank": 34768,
        "domain_rank_updated": "2024-04-09T13:11:13.000+03:00",
        "reach": null,
        "social": {
            "facebook": {
                "likes": 0,
                "comments": 0,
                "shares": 0
            },
            "gplus": {
                "shares": 0
            },
            "pinterest": {
                "shares": 0
            },
            "linkedin": {
                "shares": 0
            },
            "stumbledupon": {
                "shares": 0
            },
            "vk": {
                "shares": 0
            }
        }
    },
    "uuid": "4a2023fc1665a7620369ad97ed73d74379a7cb70",
    "url": "https://gritdaily.com/rise-of-io-net-decentralizing-ai-compute",
    "ord_in_thread": 0,
    "parent_url": null,
    "author": "Jordan French",
    "published": "2024-04-11T23:30:00.000+03:00",
    "title": "The Rise of io.net: Decentralizing AI Compute",
    "text": "In the 19th century, the California Gold Rush completely reshaped the United States as prospectors flocked to the region in search of riches. Today, a new kind of gold rush is underway: the rush for computing power to fuel the AI revolution. At the heart of this whirlwind stands\nNVIDIA, whose stock price surged 239% in 2023 as demand for its GPUs (graphics processing units) skyrocketed.\nOn the other hand, centralized cloud giants Amazon, Microsoft, and Google, whose combined $6 Trillion market cap has benefited greatly from the high demand for cloud services, are struggling to keep up with the insatiable demand for AI compute (computational power), leading to high prices, long wait times, and limited options for\nAI startups and innovators.\nEnter io.net, a decentralized cloud compute provider which has achieved a $1 billion private market valuation and raised $40 million from various venture capital firms, showcasing significant market confidence in both its vision and the scalability of its network since its launch in November 2023.\nHere, we discuss the decentralization and accessibility of the AI compute market by io.net, its technological and economic innovations, and plans for market expansion.\nMarket Disruption\nio.net is on a mission to disrupt the AI compute market through decentralization. The centerpiece is the IO Cloud, a permissionless, distributed network of GPUs and CPUs (central processing units) that anyone can tap into on-demand without long-term contracts or KYC.\nDevelopers can quickly deploy ML clusters, while hardware providers earn rewards for contributing compute to the network. The result is a more accessible, flexible, and cost-effective alternative to big-box centralized cloud behemoths.\nThe Birth of Digital Oil and $IO, the Currency of Compute\nio.net was born out of necessity. In 2020, founder Ahmad Shadid was building quantitative trading systems and ran into the common roadblock of high GPU costs from existing providers. So, he built his own distributed GPU network to cut expenses.\nAfter the ChatGPT launch, Shadid realized the opportunity to bring this network architecture to the broader market. A few months and a Solana hackathon victory later, io.net officially launched.\nThe IO Cloud already boasts an impressive 300,000 GPUs and 40,000 CPUs distributed globally. Crypto partners, like Filecoin, Render, and Gaimin, have surfaced their own GPU networks to the IO Cloud to take advantage of io.net’s self-service cluster virtualization and\nAI-ready orchestration layer.\nHow It Works\nAccessing compute is simple through the intuitive dashboard at cloud.io.net. Here, developers can view stats, manage clusters, and track network performance. Hardware providers can also monitor their machines and earnings.\nUnder the hood, the io.net stack is powered by the IO-SDK and a specialized fork of Ray, the same open-source network architecture used by OpenAI and Uber. The modular architecture is designed for reliability and flexibility while scaling up parallel processing capabilities to handle AI/ML workloads. APIs enable connectivity while the infrastructure layer handles core functions like GPU provisioning, monitoring, and ML ops. This layered approach prevents single points of failure and allows the swapping of components as needed.\n“Compute power is the new oil for the AI era,” said Ahmad Shadid, CEO and co-founder of io.net. “By leveraging GPU power as a decentralized resource, io.net will continue to play a crucial role in the future of technology and economy, with compute power backing the value of $IO.”\nLaunch of the Ignition Program\nHowever, io.net’s biggest advantage may be its crypto-economic model. By building on Solana, the network gains a trustless settlement layer without legacy inefficiencies. Plus, the $IO token — set to launch in April following io.net’s Ignition Program — has the ambition to become the currency of compute, attracting users and incentivizing infrastructure buildout in a continuous growth cycle.\nThe Ignition program aims to incentivize and reward IO Network suppliers and community members for their contributions to the network. Participants can earn rewards by supplying GPUs to the network, with factors such as job hours completed, node bandwidth, GPU model, and uptime taken into consideration by the rewards algorithm.\n“We are thrilled to launch the Ignition program as the first step in our mission to decentralize the IO Network and transition governance to the community,” said Garrison Yang, Chief Strategy & Marketing Officer at io.net. “By incentivizing and rewarding our suppliers and community members, we aim to expand access to underutilized GPU resources and make the power of AI accessible to anyone in the world.”\nCompute Power: The Lifeforce of AI\nWith its strong unit economics and token incentives, io.net is poised to grow exponentially, grabbing market share from the cloud giants. The timing could not be better, as the world is waking up to the transformative potential of AI. By making AI/ML compute more accessible, io.net is democratizing access to this critical resource.\nWhile centralized providers struggle with capacity, io.net offers an elegant solution through decentralization: It provides the tools and infrastructure for anyone to participate in the AI revolution. As more developers and suppliers plugin, network effects should drive rapid expansion and adoption.\nThe California Gold Rush completely reshaped the Western United States in the 1800s. Now, io.net is in pursuit of reshaping computing for the AI age. If successful, it could become an essential backbone for the next generation of AI innovation. The IO Cloud may very well enable the next OpenAIs and Anthropics but in a more open and permissionless way. Keep an eye on this project as the decentralized AI compute wars heat up.",
    "highlightText": "",
    "highlightTitle": "",
    "highlightThreadTitle": "",
    "language": "english",
    "sentiment": "positive",
    "categories": [
        "Science and Technology"
    ],
    "external_links": [
        "https://www.smartechdaily.com/evolution-of-ai-in-recruitment-chattr-ai/",
        "https://smartechdaily.com/evolution-of-ai-in-recruitment-chattr-ai",
        "https://smartechdaily.com/evolution-of-ai-in-recruitment-chattr-ai/"
    ],
    "external_images": [],
    "entities": {
        "persons": [],
        "organizations": [
            {
                "name": "google",
                "sentiment": "none"
            },
            {
                "name": "nvidia",
                "sentiment": "none"
            },
            {
                "name": "microsoft",
                "sentiment": "none"
            },
            {
                "name": "amazon",
                "sentiment": "none"
            }
        ],
        "locations": [
            {
                "name": "united states",
                "sentiment": "none"
            },
            {
                "name": "california",
                "sentiment": "none"
            }
        ]
    },
    "rating": null,
    "crawled": "2024-04-12T00:57:29.817+03:00",
    "updated": "2024-04-12T00:57:29.817+03:00"
}