{
    "thread": {
        "uuid": "ad06cb090776486d3905d88062f7199daf3b30b8",
        "url": "http://business.bigspringherald.com/bigspringherald/article/abnewswire-2024-4-11-ascend-ai-unveils-scopenotes-the-ai-assistant-for-client-servicing",
        "site_full": "business.bigspringherald.com",
        "site": "bigspringherald.com",
        "site_section": "http://business.bigspringherald.com/bigspringherald/markets/news",
        "site_categories": [
            "financial_news",
            "finance"
        ],
        "section_title": "Stock Market News | NSDQ, NYSE, and AMEX Stock Market News, Market News Categories, Market Indicators | User | bigspringherald.com ",
        "title": "Ascend AI Unveils Scopenotes – The AI Assistant for Client Servicing | User | bigspringherald.com",
        "title_full": "Ascend AI Unveils Scopenotes – The AI Assistant for Client Servicing | User | bigspringherald.com",
        "published": "2024-04-11T03:00:00.000+03:00",
        "replies_count": 0,
        "participants_count": 1,
        "site_type": "news",
        "country": "US",
        "main_image": "",
        "performance_score": 0,
        "domain_rank": 85299,
        "domain_rank_updated": "2024-04-09T13:11:30.000+03:00",
        "reach": null,
        "social": {
            "facebook": {
                "likes": 0,
                "comments": 0,
                "shares": 0
            },
            "gplus": {
                "shares": 0
            },
            "pinterest": {
                "shares": 0
            },
            "linkedin": {
                "shares": 0
            },
            "stumbledupon": {
                "shares": 0
            },
            "vk": {
                "shares": 0
            }
        }
    },
    "uuid": "ad06cb090776486d3905d88062f7199daf3b30b8",
    "url": "http://business.bigspringherald.com/bigspringherald/article/abnewswire-2024-4-11-ascend-ai-unveils-scopenotes-the-ai-assistant-for-client-servicing",
    "ord_in_thread": 0,
    "parent_url": null,
    "author": "AB Newswire",
    "published": "2024-04-11T03:00:00.000+03:00",
    "title": "Ascend AI Unveils Scopenotes – The AI Assistant for Client Servicing | User | bigspringherald.com",
    "text": "AI tool generates actionable outcomes from client conversations in just seconds\nLONDON - April 11, 2024 - Scopenotes is a new AI assistant built to streamline client communication by converting client meetings into valuable outcomes for client service professionals in a few clicks. With Scopenotes, these professionals can access an automated summary of client decisions, feedback, and agreed next steps within seconds of signing out of a meeting.\nProfessionals who work in client-facing roles regularly face the challenge of managing conversations and tracking interactions in real time. Failure to keep up with scope changes can easily lead to overservicing and related issues that complicate client relationship management and negatively impact revenue.\nThis AI assistant from Ascend AI tackles these issues with note-taking capabilities that leverage active listening to capture feedback accurately, understand client needs, and offer customized solutions. With Scopenotes, professionals can cut down on the amount of time they spend on post-meeting admin tasks. For one Scopenotes client , this translates to a 45-minute time saving as she now spends 15 minutes on tasks that would normally take 1 hour.\n“Many client service professionals we’ve spoken to are weighed down by the responsibility of keeping up with client conversations,” says Scopenotes co-founder and AI expert Jeffrey Davis. “We built our AI assistant specifically to help capture requirements, whether during in-person or virtual meetings, and translate them into actionable outcomes. This offers professionals valuable insight into what to prioritize, in addition to giving them the bandwidth they need to focus on tasks that clients value.”\nFor client service professionals, what seems like a simple meeting is followed by lots of administrative tasks. These could include creating client briefs, generating follow-up emails, recording RFP responses, and keeping track of project deliverables. This AI assistant from Ascend AI seamlessly captures, analyzes, and uses information from every conversation, freeing professionals up to focus on delivering value to clients.\nUsers of Scopenotes can employ this user-friendly AI assistant for different client service tasks. Scopenotes has the ability to record, transcribe, and summarize meetings and discussions. The fact that it can automatically generate a follow-up email for professionals to send to their clients directly from meeting notes simplifies the follow-up process. Scopenotes also offers customizable templates for meeting summaries, decisions, next steps, and client briefs. With streamlined project management and client engagement tools, Scopenotes also takes the hassle out of customer relationship management.\nSince Scopenotes is built specifically around the pain points that client service professionals need help with, this tool stands out from other AI assistants. Whereas conventional AI assistants focus on the technology solving the problem, Scopenotes was developed with a human-centric focus on the problem.\nWith its unique features and capabilities, Scopenotes empowers client service professionals to differentiate themselves from the competition and deliver exceptional value to clients. By summarizing lengthy discussions from both virtual and in-person meetings within seconds, Scopenotes fills a gap in the market and ensures that all client expectations are met. This focus on client expectations empowers professionals in client-facing roles to focus on the aspects of a project that matter most to their clients.\nScopenotes streamlines client service roles by generating an actionable list of conversation outcomes to keep client service professionals focused on what clients care about. In this way, Scopenotes is built to help these professionals offer meaningful and unforgettable services to their clients, increasing customer loyalty and retention.\nAbout Scopenotes\nScopenotes is an AI assistant from Ascend AI that generates conversation outcomes for client service professionals, empowering them to focus on what matters to clients. Beyond streamlining the more tedious and repetitive aspects of client relationship management, Scopenotes enables professionals to stand out for delivering meaningful services to their clients.\nMedia Contact\nCompany Name: Scopenotes\nContact Person: Chris\nEmail: Send Email\nState: London\nCountry: United Kingdom\nWebsite: https://scopenotes.ai\nData & News supplied by www.cloudquote.io\nStock quotes supplied by Barchart\nQuotes delayed at least 20 minutes.\nBy accessing this page, you agree to the following\nPrivacy Policy and Terms and Conditions .",
    "highlightText": "",
    "highlightTitle": "",
    "highlightThreadTitle": "",
    "language": "english",
    "sentiment": "positive",
    "categories": [
        "Science and Technology",
        "Social Issue",
        "Economy, Business and Finance"
    ],
    "external_links": [
        "https://www.abnewswire.com/companyname/scopenotes.ai_133942.html",
        "https://www.linkedin.com/pulse/scopenotes-innovating-site-visits-ai-assistance-scopenotes-ai-tyfif/?trackingId=TOF%2FF7hkSJCsBs%2By3btmjw%3D%3D",
        "https://tracking.newsrpm.com/pixel?slug=abnewswire-2024-4-11-ascend-ai-unveils-scopenotes-the-ai-assistant-for-client-servicing",
        "https://scopenotes.ai",
        "https://www.cloudquote.io",
        "https://scopenotes.ai/about",
        "https://www.googletagmanager.com/gtag/js?id=UA-8590502-3",
        "https://www.abnewswire.com/press_stat.php?pr=ascend-ai-unveils-scopenotes-the-ai-assistant-for-client-servicing",
        "https://www.cloudquote.io/article/5",
        "https://www.cloudquote.io/article/6",
        "https://www.businessnewsdaily.com/15957-small-business-customer-relationship-management.html",
        "https://www.abnewswire.com/email_contact_us.php?pr=ascend-ai-unveils-scopenotes-the-ai-assistant-for-client-servicing",
        "https://www.scopenotes.ai/about",
        "https://www.googletagmanager.com/gtag/js",
        "https://cloudquote.io/article/5",
        "https://www.scopenotes.ai",
        "https://businessnewsdaily.com/15957-small-business-customer-relationship-management.html",
        "https://cloudquote.io/article/6",
        "https://www.abnewswire.com/email_contact_us.php",
        "https://tracking.newsrpm.com/pixel",
        "https://abnewswire.com/email_contact_us.php?pr=ascend-ai-unveils-scopenotes-the-ai-assistant-for-client-servicing",
        "https://googletagmanager.com/gtag/js?id=UA-8590502-3",
        "https://abnewswire.com/press_stat.php?pr=ascend-ai-unveils-scopenotes-the-ai-assistant-for-client-servicing",
        "https://linkedin.com/pulse/scopenotes-innovating-site-visits-ai-assistance-scopenotes-ai-tyfif/?trackingId=TOF%2FF7hkSJCsBs%2By3btmjw%3D%3D",
        "https://cloudquote.io",
        "https://www.abnewswire.com/press_stat.php",
        "https://www.tracking.newsrpm.com/pixel?slug=abnewswire-2024-4-11-ascend-ai-unveils-scopenotes-the-ai-assistant-for-client-servicing",
        "https://abnewswire.com/companyname/scopenotes.ai_133942.html",
        "https://www.linkedin.com/pulse/scopenotes-innovating-site-visits-ai-assistance-scopenotes-ai-tyfif/"
    ],
    "external_images": [],
    "entities": {
        "persons": [],
        "organizations": [],
        "locations": [
            {
                "name": "london",
                "sentiment": "none"
            }
        ]
    },
    "rating": null,
    "crawled": "2024-04-12T00:39:46.127+03:00",
    "updated": "2024-04-12T00:39:46.127+03:00"
}