{
    "thread": {
        "uuid": "9e6d4d848a77e14d1f7ead06ca52ce701c553c57",
        "url": "https://www.telemundo.com/entretenimiento/telemundo-entretenimiento/famosos/video/j-balvin-capta-misterioso-objeto-volador-hay-vida-en-otros-planetas-tmvo12622440",
        "site_full": "www.telemundo.com",
        "site": "telemundo.com",
        "site_section": "https://telemundo.com",
        "site_categories": [
            "television",
            "non_standard_content",
            "entertainment"
        ],
        "section_title": "Telemundo | Noticias, Shows, Entretenimiento, Series y Novelas | Telemundo",
        "title": "J Balvin capta misterioso objeto volador: \"Hay vida en otros planetas\"",
        "title_full": "J Balvin capta misterioso objeto volador: \"Hay vida en otros planetas\"",
        "published": "2024-04-11T23:53:00.000+03:00",
        "replies_count": 0,
        "participants_count": 1,
        "site_type": "news",
        "country": "US",
        "main_image": "https://www.telemundo.com/sites/nbcutelemundo/files/styles/nbcnews-fp-1200-630/public/images/mpx/2024/04/11/34085686210-1080pnbcstations.jpg?ramen_itok=iqwQftIcTf",
        "performance_score": 0,
        "domain_rank": 13510,
        "domain_rank_updated": "2024-04-09T13:11:13.000+03:00",
        "reach": null,
        "social": {
            "facebook": {
                "likes": 0,
                "comments": 0,
                "shares": 0
            },
            "gplus": {
                "shares": 0
            },
            "pinterest": {
                "shares": 0
            },
            "linkedin": {
                "shares": 0
            },
            "stumbledupon": {
                "shares": 0
            },
            "vk": {
                "shares": 0
            }
        }
    },
    "uuid": "9e6d4d848a77e14d1f7ead06ca52ce701c553c57",
    "url": "https://www.telemundo.com/entretenimiento/telemundo-entretenimiento/famosos/video/j-balvin-capta-misterioso-objeto-volador-hay-vida-en-otros-planetas-tmvo12622440",
    "ord_in_thread": 0,
    "parent_url": null,
    "author": "TELEMUNDO",
    "published": "2024-04-11T23:53:00.000+03:00",
    "title": "J Balvin capta misterioso objeto volador: \"Hay vida en otros planetas\"",
    "text": "- UP NEXT Hermana de Julián Figueroa reveló cómo superó su pérdida y la de su padre, Joan Sebastian01:22 William Levy reacciona a acusaciones de supuesto altercado doméstico con Elizabeth Gutiérrez03:19 Elizabeth Gutiérrez estaría investigando supuesto embarazo de Samadhi Zendejas y William Levy03:33 William Levy y Elizabeth Gutiérrez: reportan un supuesto altercado doméstico y policía intervino04:09 Kim Flores detalla cómo Edwin Luna la ha apoyado en su lanzamiento musical00:57 Ximena Duque comparte su secreto para un matrimonio feliz01:44 J Balvin causa polémica con un video de un supuesto platillo volador01:03 Le llueven las críticas a Peso Pluma por realizar una transmisión en vivo fumando00:49 Joaquín 'El Chapo' Guzmán pide poder ser visitado por su familia en prisión01:12 Mauricio Ochmann reacciona a rumores de reconciliación con Aislinn Derbez01:04 Muere O. J. Simpson a los 76 años tras padecer cáncer de próstata00:38 Alejandro Fernández comparte foto inédita de su niñez junto a Vicente Fernández01:36 Pepe Aguilar sorprendió al mostrar su nuevo tatuaje, ¡tienes que verlo!01:36 O.J. Simpson: Así fue la vida de la leyenda de la NFL y protagonista del 'juicio del siglo'02:08 Ex de Maite Perroni se disculpó luego de ser señalado de abuso sexual01:23 Jennifer Lopez muestra su curvilínea figura en lencería nude01:08 Jennifer Aniston le daría un gran consejo a su versión más joven sobre su carrera01:23 Gregorio Pernía habla de las relaciones actuales entre famosos: \"El amor es un negocio\"01:54 Lucía Méndez niega rivalidad con Verónica Castro: \"Yo no tengo envidia\"01:29 Cristian Castro confirma que sigue con su \"dulce novia\" y agradece a Dios por tenerla01:29 - UP NEXT Hermana de Julián Figueroa reveló cómo superó su pérdida y la de su padre, Joan Sebastian01:22 William Levy reacciona a acusaciones de supuesto altercado doméstico con Elizabeth Gutiérrez03:19 Elizabeth Gutiérrez estaría investigando supuesto embarazo de Samadhi Zendejas y William Levy03:33 William Levy y Elizabeth Gutiérrez: reportan un supuesto altercado doméstico y policía intervino04:09 Kim Flores detalla cómo Edwin Luna la ha apoyado en su lanzamiento musical00:57 Ximena Duque comparte su secreto para un matrimonio feliz01:44 J Balvin causa polémica con un video de un supuesto platillo volador01:03 Le llueven las críticas a Peso Pluma por realizar una transmisión en vivo fumando00:49 Joaquín 'El Chapo' Guzmán pide poder ser visitado por su familia en prisión01:12 Mauricio Ochmann reacciona a rumores de reconciliación con Aislinn Derbez01:04 Muere O. J. Simpson a los 76 años tras padecer cáncer de próstata00:38 Alejandro Fernández comparte foto inédita de su niñez junto a Vicente Fernández01:36 Pepe Aguilar sorprendió al mostrar su nuevo tatuaje, ¡tienes que verlo!01:36 O.J. Simpson: Así fue la vida de la leyenda de la NFL y protagonista del 'juicio del siglo'02:08 Ex de Maite Perroni se disculpó luego de ser señalado de abuso sexual01:23 Jennifer Lopez muestra su curvilínea figura en lencería nude01:08 Jennifer Aniston le daría un gran consejo a su versión más joven sobre su carrera01:23 Gregorio Pernía habla de las relaciones actuales entre famosos: \"El amor es un negocio\"01:54 Lucía Méndez niega rivalidad con Verónica Castro: \"Yo no tengo envidia\"01:29 Cristian Castro confirma que sigue con su \"dulce novia\" y agradece a Dios por tenerla01:29",
    "highlightText": "",
    "highlightTitle": "",
    "highlightThreadTitle": "",
    "language": "spanish",
    "sentiment": "positive",
    "categories": [
        "Science and Technology"
    ],
    "external_links": [],
    "external_images": [],
    "entities": {
        "persons": [],
        "organizations": [],
        "locations": []
    },
    "rating": null,
    "crawled": "2024-04-12T00:06:05.395+03:00",
    "updated": "2024-04-12T00:06:05.395+03:00"
}