{
    "thread": {
        "uuid": "f4e257810a2d06400ddedb51f2b1e78b697be427",
        "url": "https://iamwomanacademy.com/increase-your-eth-to-heco-bridge-with-the-following-pointers",
        "site_full": "iamwomanacademy.com",
        "site": "iamwomanacademy.com",
        "site_section": "https://iamwomanacademy.com/feed/",
        "site_categories": [],
        "section_title": "Business &#8211; I AM WOMAN Academy",
        "title": "Increase Your Eth To Heco Bridge With The following pointers – I AM WOMAN Academy",
        "title_full": "Increase Your Eth To Heco Bridge With The following pointers – I AM WOMAN Academy",
        "published": "2024-04-11T03:00:00.000+03:00",
        "replies_count": 0,
        "participants_count": 0,
        "site_type": "news",
        "country": "US",
        "main_image": "",
        "performance_score": 0,
        "domain_rank": 34452,
        "domain_rank_updated": "2024-04-09T13:11:13.000+03:00",
        "reach": null,
        "social": {
            "facebook": {
                "likes": 0,
                "comments": 0,
                "shares": 0
            },
            "gplus": {
                "shares": 0
            },
            "pinterest": {
                "shares": 0
            },
            "linkedin": {
                "shares": 0
            },
            "stumbledupon": {
                "shares": 0
            },
            "vk": {
                "shares": 0
            }
        }
    },
    "uuid": "f4e257810a2d06400ddedb51f2b1e78b697be427",
    "url": "https://iamwomanacademy.com/increase-your-eth-to-heco-bridge-with-the-following-pointers",
    "ord_in_thread": 0,
    "parent_url": null,
    "author": null,
    "published": "2024-04-11T03:00:00.000+03:00",
    "title": "Increase Your Eth To Heco Bridge With The following pointers – I AM WOMAN Academy",
    "text": "Virtual connections exist still one emerging technology, but they fulfill an essential role in the evolving blockchain ecosystem. As the ledger landscape carries on to grow and vary, connections will transform into even more critical for supporting smooth interaction and innovation. Developers exist perpetually endeavoring on enhancing link safety, efficiency, and user interaction. With ongoing development, digital links have the capability to turn into the vital roads for exploring the immense and linked planet of ledger systems.\nSecurity Hazards: Bridges, especially centralized ones, can be exposed to cyber-attack intrusions. Always explore the bridge’s security practices before using it.\nFees: Connecting transactions frequently incorporate fees, which may vary depending on the bridge and the chains involved.\nComplexity: Understanding how bridges work and choosing the appropriate one can be intricate for novices. It’s essential to do your research ahead of making any shifts\nThink about a crypto bridge as a secure gateway. When you need to shift your crypto assets, like Bitcoin or Ethereum coins, from one blockchain to another, the connection takes your original property and locks it in a vault on the sending blockchain. It afterwards creates a new, equal representation of that asset on the receiving blockchain. This new representation is often called a “encapsulated” token. Once the exchange is complete, the original secured asset is released.\nTrusted (Centralized) Bridges: These bridges rest on the central authority to control the locked assets. This may be swifter and cheaper, but it introduces a single weak point, meaning if the central authority is breached, your assets might be at risk.\nTrustless (Decentralized) Bridges: These bridges make use of smart contracts, self-executing code included within the blockchain, to manage your locking and releasing for assets. This removes the need for an central authority, although it can be increasingly complex and expensive.\nChoose a Bridge: Research and select the reputable bridge that supports various blockchains you want eth to heco bridge transfer assets between.\nConnect Your Wallet: Connect your crypto wallet to your bridge interface.\nSelect Assets: Specify your amount and type of the crypto asset you want to transfer.\nChoose Destination Chain: Indicate your blockchain you want to send your assets to.\nInitiate Transfer: Follow the bridge’s instructions to initiate your transfer and pay any associated fees.\nCrypto bridges open up an assortment of possibilities for crypto users. Here are several key benefits:\nIncreased Functionality: Bridges enable you to access a wider spectrum of DeFi (Decentralized Finance) applications and services constructed on various blockchains. For instance, you might utilize the bridge to transmit your Bitcoin to the DeFi platform on the Ethereum blockchain to earn interest.\nEnhanced Liquidity: By tying blockchains, bridges form a bigger pool for liquidity for crypto assets. This may bring about narrower spreads (the discrepancy between an buying and selling price) and greater efficient trading.\nInnovation: Bridges promote innovation by empowering developers to create applications that utilize some strengths within different blockchains.",
    "highlightText": "",
    "highlightTitle": "",
    "highlightThreadTitle": "",
    "language": "english",
    "sentiment": "positive",
    "categories": [
        "Science and Technology",
        "Education"
    ],
    "external_links": [
        "https://www.linkedin.com/pulse/bridging-ethereum-bsc-heco-chain-full-tutorial-carlota-sofias-m5fke",
        "https://linkedin.com/pulse/bridging-ethereum-bsc-heco-chain-full-tutorial-carlota-sofias-m5fke"
    ],
    "external_images": [],
    "entities": {
        "persons": [],
        "organizations": [],
        "locations": []
    },
    "rating": null,
    "crawled": "2024-04-12T01:30:39.006+03:00",
    "updated": "2024-04-12T08:17:33.412+03:00"
}