{
    "thread": {
        "uuid": "dfe30676d013be0756ac5017784de3ce0d40a5b1",
        "url": "https://www.finsmes.com/2024/04/metacade-unchains-web3-gaming-multi-chain-integration-unites-the-industry.html",
        "site_full": "www.finsmes.com",
        "site": "finsmes.com",
        "site_section": "https://www.finsmes.com/category/uk",
        "site_categories": [
            "hobbies_and_interests",
            "investors_and_patents"
        ],
        "section_title": null,
        "title": "",
        "title_full": "",
        "published": "2024-04-11T23:57:00.000+03:00",
        "replies_count": 0,
        "participants_count": 1,
        "site_type": "news",
        "country": "US",
        "main_image": "",
        "performance_score": 0,
        "domain_rank": 17983,
        "domain_rank_updated": "2024-04-09T13:11:13.000+03:00",
        "reach": null,
        "social": {
            "facebook": {
                "likes": 0,
                "comments": 0,
                "shares": 0
            },
            "gplus": {
                "shares": 0
            },
            "pinterest": {
                "shares": 0
            },
            "linkedin": {
                "shares": 0
            },
            "stumbledupon": {
                "shares": 0
            },
            "vk": {
                "shares": 0
            }
        }
    },
    "uuid": "dfe30676d013be0756ac5017784de3ce0d40a5b1",
    "url": "https://www.finsmes.com/2024/04/metacade-unchains-web3-gaming-multi-chain-integration-unites-the-industry.html",
    "ord_in_thread": 0,
    "parent_url": null,
    "author": "Chainwire",
    "published": "2024-04-11T23:57:00.000+03:00",
    "title": "",
    "text": "London, United Kingdom, April 11th, 2024, Chainwire\nMetacade , the leading blockchain gaming platform, takes a monumental leap forward with the integration of multi-chains into its ecosystem.\nThis Omni-layer development provides universal application reach, resolving blockchain fragmentation and empowering builders across diverse chains.\nThe rapid integration of the Metacade Tournament Platform with the Base Layer 2 Rollup within 12 hours showcases Metacade’s technical prowess and underscores a commitment to delivering best-in-class solutions for partners and players.\nThe decision to introduce multi-chain functionality highlights Metacade’s vision to create the largest Web3 gaming platform, grounded in open market principles.\n“We recognize that speed and low transaction costs are crucial for builders. However, game development hinges on intricate blockchain solutions,” states CEO Russell Bennett. “For Metacade to achieve genuine inclusivity, our success depends on an adaptable infrastructure, regardless of the blockchain utilized.”\nThe multi-chain approach considers scalability for partner road maps, allowing existing projects to remain on their native chain while maintaining platform security through an optimistic-based rollup.\nWhat began as a vision to connect Web3 game developers with seasoned players has become an omni-layer movement to unify games across chains and provide fluid liquidity, expanding economic opportunities for builders and players alike.\nA multi-chain infrastructure will optimize liquidity access, mitigate inefficiencies, and simplify asset trading processes. It offers an efficient on-ramp for gaming partners to facilitate the use of their tokens regardless of where the core of their liquidity is situated.\nThis pivotal development future proofs Metacade’s robust, diverse, and accessible ecosystem. For more information on Metacade and its multi-chain expansion, users can visit the new website: metacade.co .\nAbout METACADE\nMetacade is a seamless Web3 Gaming platform connecting developers and players through plug-and-play community initiatives. Providing an unfair advantage through early access, dev-player collaborations, and financial rewards.\nContact Elly Bradbury\nMetacade\nmarketing@metacade.co",
    "highlightText": "",
    "highlightTitle": "",
    "highlightThreadTitle": "",
    "language": "english",
    "sentiment": "positive",
    "categories": [
        "Science and Technology",
        "Arts, Culture and Entertainment"
    ],
    "external_links": [
        "https://www.coinbase.com/blog/introducing-base",
        "https://metacade.co",
        "https://coinbase.com/blog/introducing-base",
        "https://www.metacade.co"
    ],
    "external_images": [],
    "entities": {
        "persons": [
            {
                "name": "chainwire metacade",
                "sentiment": "negative"
            },
            {
                "name": "metacade",
                "sentiment": "none"
            },
            {
                "name": "russell bennett",
                "sentiment": "none"
            }
        ],
        "organizations": [],
        "locations": [
            {
                "name": "london",
                "sentiment": "none"
            },
            {
                "name": "united kingdom",
                "sentiment": "none"
            }
        ]
    },
    "rating": null,
    "crawled": "2024-04-12T00:48:47.392+03:00",
    "updated": "2024-04-12T00:48:47.392+03:00"
}