{
    "thread": {
        "uuid": "6e2a8eb1ab6d317a5979f26730b44594d0e96a4c",
        "url": "https://click4r.com/posts/g/16365607/kamra-inlay-a-comprehensive-overview-to-fixing-near-vision",
        "site_full": "click4r.com",
        "site": "click4r.com",
        "site_section": "https://click4r.com/posts/c/0/unlisted",
        "site_categories": [],
        "section_title": "Unlisted Blogging Site| Click4r",
        "title": "KAMRA Inlay: A Comprehensive Overview To Fixing Near Vision | Click4R",
        "title_full": "KAMRA Inlay: A Comprehensive Overview To Fixing Near Vision | Click4R",
        "published": "2024-04-11T03:00:00.000+03:00",
        "replies_count": 0,
        "participants_count": 1,
        "site_type": "news",
        "country": "IN",
        "main_image": "https://c2c.fp.guinfra.com/file/65a9d8ec927d6ef7609db8ecr52HRY3I03",
        "performance_score": 0,
        "domain_rank": 3222,
        "domain_rank_updated": "2024-04-09T13:11:13.000+03:00",
        "reach": null,
        "social": {
            "facebook": {
                "likes": 0,
                "comments": 0,
                "shares": 0
            },
            "gplus": {
                "shares": 0
            },
            "pinterest": {
                "shares": 0
            },
            "linkedin": {
                "shares": 0
            },
            "stumbledupon": {
                "shares": 0
            },
            "vk": {
                "shares": 0
            }
        }
    },
    "uuid": "6e2a8eb1ab6d317a5979f26730b44594d0e96a4c",
    "url": "https://click4r.com/posts/g/16365607/kamra-inlay-a-comprehensive-overview-to-fixing-near-vision",
    "ord_in_thread": 0,
    "parent_url": null,
    "author": "Click4r Solutions Private Limited",
    "published": "2024-04-11T03:00:00.000+03:00",
    "title": "KAMRA Inlay: A Comprehensive Overview To Fixing Near Vision | Click4R",
    "text": "KAMRA Inlay: A Comprehensive Overview To Fixing Near Vision Posted On: April 11, 2024, 9:13 pm Write-Up By-Browning Crowell Think of a globe where you can easily concentrate on the small print of a book, thread a needle easily, or see the details of an attractive painting up close. Washington DC Schools is the pledge of the KAMRA Inlay, a groundbreaking treatment that aims to restore near vision and totally free you from the headache of checking out glasses. In this detailed overview, we will explore just how the KAMRA Inlay functions, the treatment and healing procedure, as well as the possible risks and benefits. Yet initially, let's study the fascinating globe of close to vision reconstruction and discover a new means to see the world around you. Exactly How the KAMRA Inlay Works The KAMRA Inlay works by using a tiny ring-shaped device to bring back near vision. This inlay is positioned in the non-dominant eye, producing a pinhole impact that raises depth of emphasis. By obstructing undistinct light rays, the inlay assists to bring near things right into more clear focus. The KAMRA Inlay is made of a biocompatible product that's clear and rests easily on the cornea. It's just 3.8 millimeters in diameter and has a main opening of 1.6 millimeters. This permits appropriate light transmission while preserving the general integrity of the cornea. The inlay is designed to be a lasting solution for presbyopia, supplying boosted near vision without the demand for reading glasses. The Procedure and Recuperation Refine After understanding exactly how the KAMRA Inlay functions to recover near vision, it is very important to discover the treatment and recovery procedure. The KAMRA Inlay treatment is a fast and minimally intrusive outpatient surgical procedure that can be completed in about 15-20 mins. Below is what you can expect during the procedure and recovery: 1. Regional Anesthetic: Prior to the surgery, your eye will certainly be numbed with neighborhood anesthetic to make certain a pain-free experience. 2. Inlay Placement: The doctor will certainly produce a little pocket in the cornea and location the KAMRA Inlay in the non-dominant eye. 3. Healing Time: You may experience blurry vision and mild pain for a couple of days after the surgical treatment. It is very important to relax your eyes and stay clear of strenuous activities during this moment. 4. Follow-up https://blogfreely.net/danuta8arianna/figure-out-if-the-kamra-inlay-is-the-right-alternative-for-you-determine-if: Regular check-ups will be set up to check your progression and make sure ideal outcomes. Prospective Dangers and Benefits of the KAMRA Inlay Prior to going through the KAMRA Inlay procedure, it's important to take into consideration the possible threats and advantages associated with this therapy alternative. The KAMRA Inlay is made to boost near vision in individuals who have actually presbyopia, an usual problem that impacts the capability to concentrate on close items. One of the primary benefits of the KAMRA Inlay is that it can lower or eliminate the requirement for checking out glasses. Nonetheless, it's important to understand that there are possible risks included. https://www.webmd.com/eye-health/news/20161202/halo-effect-common-after-lasik-eye-surgerymay experience completely dry eyes, glare, or halos around lights after the treatment. In uncommon instances, the inlay may need to be eliminated if problems occur. It's vital to have an extensive conversation with your eye treatment expert to establish if the potential benefits outweigh the dangers for you. Conclusion So, if you're tired of continuously reaching for your reading glasses or battling to see points up close, the KAMRA Inlay might be the remedy for you. Envision a pair of field glasses that magically bring everything into focus, allowing you to appreciate all the little information of life again. With a fast and reasonably painless procedure, you can recover your near vision and bid farewell to the hassle of reading glasses. Do not miss out on experiencing life completely clarity-- think about the KAMRA Inlay today! Sponsored LASIK Surgery,LASIK Eye Surgery Procedure,Contact Lenses,Laser Vision Correction,LASIK Clinics,LASIK Consultation,LASIK Eye Specialist,Astigmatism,LASIK For High Astigmatism,LASIK Surgeon,Mono vision Eye Surgery,Modern Vision Correction,Cataract Surgery,Cornea Crosslinking,Lens Replacement Surgery,EVO ICL,Vision Correction,PRK Laser Eye Surgery,SMILE Laser Eye Surgery,Small Incision Lenticule Extraction,KAMRA Inlay Technology,Optometrists,Optometry Professionals",
    "highlightText": "",
    "highlightTitle": "",
    "highlightThreadTitle": "",
    "language": "english",
    "sentiment": "positive",
    "categories": [
        "Science and Technology",
        "Health",
        "Education"
    ],
    "external_links": [
        "http://pablo756eldridge.booklikes.com/post/6209076/reveal-the-secret-to-a-growing-individualized-lens-replacement-procedure-find-a-phenomenal-doctor-who-can-enhance-your-eyesight-and-make-a-favorable-influence-on-your-life",
        "https://www.webmd.com/eye-health/news/20161202/halo-effect-common-after-lasik-eye-surgerymay",
        "https://blogfreely.net/danuta8arianna/figure-out-if-the-kamra-inlay-is-the-right-alternative-for-you-determine-if:",
        "https://www.blogfreely.net/danuta8arianna/figure-out-if-the-kamra-inlay-is-the-right-alternative-for-you-determine-if:",
        "http://www.pablo756eldridge.booklikes.com/post/6209076/reveal-the-secret-to-a-growing-individualized-lens-replacement-procedure-find-a-phenomenal-doctor-who-can-enhance-your-eyesight-and-make-a-favorable-influence-on-your-life",
        "https://webmd.com/eye-health/news/20161202/halo-effect-common-after-lasik-eye-surgerymay"
    ],
    "external_images": [],
    "entities": {
        "persons": [
            {
                "name": "browning crowell",
                "sentiment": "none"
            }
        ],
        "organizations": [
            {
                "name": "kamra inlay",
                "sentiment": "none"
            }
        ],
        "locations": [
            {
                "name": "washington dc",
                "sentiment": "none"
            }
        ]
    },
    "rating": null,
    "crawled": "2024-04-12T00:14:15.835+03:00",
    "updated": "2024-04-12T00:14:15.835+03:00"
}