{
    "thread": {
        "uuid": "16bb691d9ae539b3bab342dd7c3d4583e5f52b91",
        "url": "https://tech.ava360.com/dji-avata-2-drone-review-improved-video-makes-it-a-potent-tool-for-pro-creators_1076523f3.html",
        "site_full": "tech.ava360.com",
        "site": "ava360.com",
        "site_section": "https://tech.ava360.com/newvideos.html",
        "site_categories": [],
        "section_title": "New videos from AVA 360 Tech | Tech News, Reviews, Analysis &amp; Latest Products, UNBOXING, ...",
        "title": "DJI Avata 2 drone review: Improved video makes it a potent tool for pro creators",
        "title_full": "DJI Avata 2 drone review: Improved video makes it a potent tool for pro creators",
        "published": "2024-04-11T06:00:00.000+03:00",
        "replies_count": 0,
        "participants_count": 0,
        "site_type": "news",
        "country": "AD",
        "main_image": "https://tech.ava360.com/uploads/thumbs/1076523f3-social.jpg",
        "performance_score": 0,
        "domain_rank": 52274,
        "domain_rank_updated": "2024-04-09T13:11:21.000+03:00",
        "reach": null,
        "social": {
            "facebook": {
                "likes": 0,
                "comments": 0,
                "shares": 0
            },
            "gplus": {
                "shares": 0
            },
            "pinterest": {
                "shares": 0
            },
            "linkedin": {
                "shares": 0
            },
            "stumbledupon": {
                "shares": 0
            },
            "vk": {
                "shares": 0
            }
        }
    },
    "uuid": "16bb691d9ae539b3bab342dd7c3d4583e5f52b91",
    "url": "https://tech.ava360.com/dji-avata-2-drone-review-improved-video-makes-it-a-potent-tool-for-pro-creators_1076523f3.html",
    "ord_in_thread": 0,
    "parent_url": null,
    "author": null,
    "published": "2024-04-11T06:00:00.000+03:00",
    "title": "DJI Avata 2 drone review: Improved video makes it a potent tool for pro creators",
    "text": "The Avata 2 improves just about everything from the very popular original while shaving some dollars off the cost. It has improved video quality thanks to an update to the same 1/1.3-inch sensor used on the Mini 3 Pro. It’s also faster, more agile and the FPV Goggles 3 now have passthrough cameras. The main downside is that the Goggles 3 have limited support for folks who need eyesight correction. Read our full review of the DJI Avata 2 at Engadget.com! https://www.engadget.com/dji-avata-2-fpv-drone-review-a-cheaper-more-potent-tool-for-creators-130052278.html Subscribe: https://www.youtube.com/c/Engadget Like us on Facebook: http://www.facebook.com/engadget Follow us on Twitter: http://www.twitter.com/engadget Follow us on Instagram: http://www.instagram.com/engadget Follow us on TikTok: https://www.tiktok.com/@engadget The Engadget Podcast: https://itunes.apple.com/us/podcast/the-engadget-podcast/id1142790530?mt=2 More about Engadget Audio: https://www.engadget.com/podcasts/ Read more: http://www.engadget.com Read our full review of the DJI Avata 2 at Engadget.com! https://www.engadget.com/dji-avata-2-fpv-drone-review-a-cheaper-more-potent-tool-for-creators-130052278.html Subscribe: https://www.youtube.com/c/Engadget Like us on Facebook: http://www.facebook.com/engadget Follow us on Twitter: http://www.twitter.com/engadget Follow us on Instagram: http://www.instagram.com/engadget Follow us on TikTok: https://www.tiktok.com/@engadget The Engadget Podcast: https://itunes.apple.com/us/podcast/the-engadget-podcast/id1142790530?mt=2 More about Engadget Audio: https://www.engadget.com/podcasts/ Read more: http://www.engadget.com - Category Gadgets - Tags engadget , technology , consumer tech",
    "highlightText": "",
    "highlightTitle": "",
    "highlightThreadTitle": "",
    "language": "english",
    "sentiment": "positive",
    "categories": [
        "Science and Technology"
    ],
    "external_links": [
        "https://www.engadget.com/podcasts/",
        "https://itunes.apple.com/us/podcast/the-engadget-podcast/id1142790530?mt=2",
        "https://www.engadget.com/dji-avata-2-fpv-drone-review-a-cheaper-more-potent-tool-for-creators-130052278.html",
        "http://www.instagram.com/engadget",
        "http://www.engadget.com",
        "https://www.tiktok.com/@engadget",
        "https://www.youtube.com/c/Engadget",
        "http://www.twitter.com/engadget",
        "http://www.facebook.com/engadget",
        "http://engadget.com",
        "https://www.engadget.com/podcasts",
        "http://facebook.com/engadget",
        "https://www.itunes.apple.com/us/podcast/the-engadget-podcast/id1142790530?mt=2",
        "https://engadget.com/podcasts/",
        "http://instagram.com/engadget",
        "https://engadget.com/dji-avata-2-fpv-drone-review-a-cheaper-more-potent-tool-for-creators-130052278.html",
        "https://tiktok.com/@engadget",
        "http://twitter.com/engadget",
        "https://itunes.apple.com/us/podcast/the-engadget-podcast/id1142790530",
        "https://youtube.com/c/Engadget"
    ],
    "external_images": [],
    "entities": {
        "persons": [],
        "organizations": [
            {
                "name": "avata",
                "sentiment": "negative"
            },
            {
                "name": "dji avata",
                "sentiment": "none"
            }
        ],
        "locations": []
    },
    "rating": null,
    "crawled": "2024-04-12T00:36:37.879+03:00",
    "updated": "2024-04-12T00:36:37.879+03:00"
}