{
    "thread": {
        "uuid": "8029c57d6fb4321cbfb177b623b25e02298bc34b",
        "url": "https://sinaloa.quadratin.com.mx/sucesos/reconocen-a-cientificos-de-la-nasa-que-acudieron-a-eclipse-en-mazatlan",
        "site_full": "sinaloa.quadratin.com.mx",
        "site": "quadratin.com.mx",
        "site_section": "https://sinaloa.quadratin.com.mx/rss",
        "site_categories": [
            "top_news"
        ],
        "section_title": "Noticias de Sinaloa",
        "title": "Reconocen a Científicos de la NASA que acudieron a eclipse en Mazatlán - Noticias de Sinaloa",
        "title_full": "Reconocen a Científicos de la NASA que acudieron a eclipse en Mazatlán - Noticias de Sinaloa",
        "published": "2024-04-12T01:52:00.000+03:00",
        "replies_count": 0,
        "participants_count": 1,
        "site_type": "news",
        "country": "MX",
        "main_image": "https://sinaloa.quadratin.com.mx/wp-content/uploads/2024/04/cientificos-NASA-Mazatlan.jpg",
        "performance_score": 0,
        "domain_rank": 53787,
        "domain_rank_updated": "2024-04-09T13:11:21.000+03:00",
        "reach": null,
        "social": {
            "facebook": {
                "likes": 0,
                "comments": 0,
                "shares": 0
            },
            "gplus": {
                "shares": 0
            },
            "pinterest": {
                "shares": 0
            },
            "linkedin": {
                "shares": 0
            },
            "stumbledupon": {
                "shares": 0
            },
            "vk": {
                "shares": 0
            }
        }
    },
    "uuid": "8029c57d6fb4321cbfb177b623b25e02298bc34b",
    "url": "https://sinaloa.quadratin.com.mx/sucesos/reconocen-a-cientificos-de-la-nasa-que-acudieron-a-eclipse-en-mazatlan",
    "ord_in_thread": 0,
    "parent_url": null,
    "author": "Leticia Acosta",
    "published": "2024-04-12T01:52:00.000+03:00",
    "title": "Reconocen a Científicos de la NASA que acudieron a eclipse en Mazatlán - Noticias de Sinaloa",
    "text": "MAZATLÁN, Sin., 11 de abril de 2024.- El alcalde de Mazatlán, Edgar González, honró a los científicos de la NASA que participaron en la investigación del eclipse total de sol en Mazatlán el pasado 8 de abril con una entrega de reconocimientos que se llevó a cabo en un ambiente de celebración y aprecio por el valioso aporte científico y cultural brindado por el equipo de expertos.\nDe acuerdo a un comunicado de prensa, durante el evento se hizo la entrega de una placa conmemorativa simbolizó la gratitud y admiración hacia los integrantes de la NASA por su labor antes, durante y después del eclipse solar.\nEste gesto no solo reconoció la excelencia científica del equipo de investigadores, sino que también subrayó el compromiso de Mazatlán con la promoción de la ciencia y el turismo sostenible.\nLa colaboración entre Mazatlán y la NASA representa un hito significativo en la historia local, posicionando a la ciudad como un destino innovador y atractivo para eventos científicos y turísticos de relevancia global.\nEdgar González expresó su entusiasmo por el impacto positivo que esta colaboración tendrá en la proyección internacional de Mazatlán como un lugar seguro y fascinante para visitar en cualquier momento.\nLa presencia de los astrónomos de la NASA marcó un parteaguas para el turismo astronómico en la región, resaltando las oportunidades únicas que ofrece Mazatlán para la exploración científica y cultural.",
    "highlightText": "",
    "highlightTitle": "",
    "highlightThreadTitle": "",
    "language": "spanish",
    "sentiment": "positive",
    "categories": [
        "Human Interest",
        "Science and Technology"
    ],
    "external_links": [],
    "external_images": [],
    "entities": {
        "persons": [],
        "organizations": [],
        "locations": []
    },
    "rating": null,
    "crawled": "2024-04-12T01:53:34.271+03:00",
    "updated": "2024-04-12T01:53:34.271+03:00"
}