{
    "thread": {
        "uuid": "df3387444db2661af3839e8d2756404fdeee6cd2",
        "url": "https://theamberpost.com/post/capcut-apk-enhancing-videos-with-dynamic-text-and-titles",
        "site_full": "theamberpost.com",
        "site": "theamberpost.com",
        "site_section": "https://theamberpost.com/sandbox",
        "site_categories": [],
        "section_title": "Recent | TheAmberPost",
        "title": "CapCut APK: Enhancing Videos with Dynamic Text and Titles | TheAmberPost",
        "title_full": "CapCut APK: Enhancing Videos with Dynamic Text and Titles | TheAmberPost",
        "published": "2024-04-11T19:25:00.000+03:00",
        "replies_count": 0,
        "participants_count": 0,
        "site_type": "news",
        "country": "IN",
        "main_image": "https://theamberpost.com/storage/posts/2024/04/11/89/mubmzO55ICVHLRYc9s3vWBOJP45SpK4xf165Kz84.png",
        "performance_score": 0,
        "domain_rank": 59089,
        "domain_rank_updated": "2024-04-09T13:11:21.000+03:00",
        "reach": null,
        "social": {
            "facebook": {
                "likes": 0,
                "comments": 0,
                "shares": 0
            },
            "gplus": {
                "shares": 0
            },
            "pinterest": {
                "shares": 0
            },
            "linkedin": {
                "shares": 0
            },
            "stumbledupon": {
                "shares": 0
            },
            "vk": {
                "shares": 0
            }
        }
    },
    "uuid": "df3387444db2661af3839e8d2756404fdeee6cd2",
    "url": "https://theamberpost.com/post/capcut-apk-enhancing-videos-with-dynamic-text-and-titles",
    "ord_in_thread": 0,
    "parent_url": null,
    "author": null,
    "published": "2024-04-11T19:25:00.000+03:00",
    "title": "CapCut APK: Enhancing Videos with Dynamic Text and Titles | TheAmberPost",
    "text": "Text and titles play a crucial role in video content by providing context, information, and visual appeal. [CapCut APK](https://capcutapkdownload.org/) offers powerful tools for enhancing your videos with dynamic text and titles. In this guide, we'll explore how to leverage these features effectively to create engaging and professional-looking video projects. 1. Choosing the Right Font and Style CapCut APK provides a wide selection of fonts and text styles to suit different video themes and aesthetics: - Experiment with different fonts to find one that complements your video's tone and message. - Consider using bold, italic, or decorative fonts for emphasis and visual interest. - Adjust text size, spacing, and alignment to ensure readability and visual balance. Choosing the right font and style sets the foundation for compelling text and title design. 2. Animating Text Introductions Capture viewers' attention from the start with animated text introductions: - Use animation presets like typewriter, fade in/out, or scale to reveal text dynamically. - Apply keyframes to animate text movements, rotations, or effects over time. - Experiment with text overlays and transitions to create engaging intros. Animated text introductions make a strong first impression and set the tone for your video. 3. Incorporating Text Overlays for Information Enhance your videos with text overlays to convey information or highlight key points: - Add text layers to provide context, captions, or commentary throughout your video. - Use text overlays to introduce new sections, explain concepts, or guide viewers. - Experiment with opacity, blending modes, and animations to integrate text seamlessly with visuals. Text overlays enrich the storytelling and improve viewer engagement in your videos. 4. Creating Lower Thirds and Captions [CapCut APK](https://capcutapkdownload.co.in/) allows you to create professional-looking lower thirds and captions: - Design lower third graphics to display names, titles, or additional information. - Use captions to provide subtitles or translations for accessibility. - Customize text appearance and position to ensure clarity and visibility. Lower thirds and captions add polish and professionalism to your video presentations. 5. Implementing Dynamic Text Effects Explore dynamic text effects to add flair and creativity to your video projects: - Apply text animations such as bouncing, spinning, or pulsating effects. - Use layering and blending techniques to create depth and dimension with text. - Combine text effects with motion graphics or overlays for dynamic visual compositions. Dynamic text effects enhance visual interest and contribute to a professional look in your videos. Conclusion By leveraging CapCut APK's text and title features effectively, you can elevate the quality and impact of your video projects. Experiment with fonts, animations, overlays, and dynamic effects to create engaging and visually appealing text elements. With CapCut APK's intuitive tools, you have the flexibility to customize text and titles to suit your creative vision and enhance the storytelling in your videos.",
    "highlightText": "",
    "highlightTitle": "",
    "highlightThreadTitle": "",
    "language": "english",
    "sentiment": "positive",
    "categories": [
        "Lifestyle and Leisure",
        "Arts, Culture and Entertainment",
        "Science and Technology"
    ],
    "external_links": [
        "https://capcutapkdownload.co.in/",
        "https://capcutapkdownload.org/",
        "https://www.capcutapkdownload.co.in/",
        "https://capcutapkdownload.co.in",
        "https://www.capcutapkdownload.org/",
        "https://capcutapkdownload.org"
    ],
    "external_images": [],
    "entities": {
        "persons": [],
        "organizations": [],
        "locations": []
    },
    "rating": null,
    "crawled": "2024-04-12T00:38:36.484+03:00",
    "updated": "2024-04-12T06:02:28.766+03:00"
}