{
    "thread": {
        "uuid": "2a2623f69e856128bc1bdfc057d54fb8b7c61edf",
        "url": "https://click4r.com/posts/g/16365993/refractive-lens-exchange-the-future-of-vision-improvement",
        "site_full": "click4r.com",
        "site": "click4r.com",
        "site_section": "https://click4r.com",
        "site_categories": [],
        "section_title": "Top Blog Submission Site in india, Free Blogging Platform for Beginners & Developers | Click4R",
        "title": "Refractive Lens Exchange: The Future Of Vision Improvement | Click4R",
        "title_full": "Refractive Lens Exchange: The Future Of Vision Improvement | Click4R",
        "published": "2024-04-11T03:00:00.000+03:00",
        "replies_count": 0,
        "participants_count": 1,
        "site_type": "news",
        "country": "IN",
        "main_image": "https://c2c.fp.guinfra.com/file/65a9d8ec927d6ef7609db8ecr52HRY3I03",
        "performance_score": 0,
        "domain_rank": 3222,
        "domain_rank_updated": "2024-04-09T13:11:13.000+03:00",
        "reach": null,
        "social": {
            "facebook": {
                "likes": 0,
                "comments": 0,
                "shares": 0
            },
            "gplus": {
                "shares": 0
            },
            "pinterest": {
                "shares": 0
            },
            "linkedin": {
                "shares": 0
            },
            "stumbledupon": {
                "shares": 0
            },
            "vk": {
                "shares": 0
            }
        }
    },
    "uuid": "2a2623f69e856128bc1bdfc057d54fb8b7c61edf",
    "url": "https://click4r.com/posts/g/16365993/refractive-lens-exchange-the-future-of-vision-improvement",
    "ord_in_thread": 0,
    "parent_url": null,
    "author": "Click4r Solutions Private Limited",
    "published": "2024-04-11T03:00:00.000+03:00",
    "title": "Refractive Lens Exchange: The Future Of Vision Improvement | Click4R",
    "text": "Refractive Lens Exchange: The Future Of Vision Improvement Posted On: April 11, 2024, 10:50 pm Content Writer-Austin Brink Visualize a future where you no more need to depend on glasses or get in touch with lenses to see plainly. A future where vision correction is as simple as a quick, pain-free treatment. Well, that future is closer than you may assume. Introducing refractive lens exchange, a revolutionary technique to fixing your vision that might transform the means you see the globe. But exactly what is refractive lens exchange, and why is it took into consideration the future of vision modification? In this conversation, we will certainly discover the advantages, the procedure, and the potential risks of refractive lens exchange, giving you a glance right into what lies in advance for those seeking more clear vision. The Advantages of Refractive Lens Exchange Refractive Lens Exchange provides numerous advantages for people seeking vision correction. By changing your all-natural lens with a man-made intraocular lens, this treatment can fix a vast array of vision problems. One of the major advantages of refractive lens exchange is the renovation in visual acuity. Whether you're nearsighted, farsighted, or have astigmatism, this procedure can substantially enhance your capacity to see plainly without depending on glasses or contact lenses. In addition, refractive lens exchange can likewise avoid the progression of particular eye problems, such as cataracts. https://www.ophthalmologytimes.com/view/raising-the-bar-for-premium-pterygium-procedure indicates that not just will you accomplish much better vision, yet you'll additionally have a lowered risk of creating cataracts in the future. With refractive lens exchange, you can take pleasure in enhanced vision and a higher quality of life. The Procedure for Refractive Lens Exchange When undergoing refractive lens exchange, the cosmetic surgeon will certainly begin by making a small laceration in your cornea. This enables them to access the lens of your eye and remove it. Below are five vital actions involved in the treatment: - The specialist will meticulously separate the lens making use of ultrasound waves or lasers. - After getting rid of the lens, they'll put a brand-new fabricated lens, called an intraocular lens (IOL), right into your eye. - The IOL is designed to correct your specific vision problems, such as nearsightedness, farsightedness, or astigmatism. - Once the new lens is in location, the cosmetic surgeon will close the laceration with little stitches or self-sealing strategies. - The whole treatment generally takes less than thirty minutes and is typically performed on an outpatient basis. Following these steps, refractive lens exchange can give you with improved vision and reduce your dependancy on glasses or contact lenses. Prospective Risks of Refractive Lens Exchange Before undergoing refractive lens exchange, it's important to recognize the potential threats associated with the procedure. While refractive lens exchange is generally taken into consideration risk-free, like any operation, there are threats entailed. One potential risk is infection, which can occur if bacteria gets in the eye during or after the surgical treatment. One more danger is the development of boosted intraocular pressure, which can lead to glaucoma. Additionally, there's relevant web site of experiencing corneal edema, which is the swelling of the cornea. Various other potential risks consist of retinal detachment, macular edema, and loss of vision. It's critical to discuss these risks with your doctor and consider them versus the possible benefits before deciding. Conclusion So there you have it, individuals! Refractive lens exchange is genuinely the future of vision adjustment. With its many benefits and improvements in innovation, this treatment uses a life-changing solution for those battling with their vision. But remember, every increased has its thorns. While refractive lens exchange might bring clarity, it is necessary to be knowledgeable about the potential dangers included. So, before taking the leap, evaluate the benefits and drawbacks, and talk to your eye doctor. After you can look here , far better secure than sorry! Sponsored LASIK Surgery,LASIK Eye Surgery Procedure,Contact Lenses,Laser Vision Correction,LASIK Clinics,LASIK Consultation,LASIK Eye Specialist,Astigmatism,LASIK For High Astigmatism,LASIK Surgeon,Mono vision Eye Surgery,Modern Vision Correction,Cataract Surgery,Cornea Crosslinking,Lens Replacement Surgery,EVO ICL,Vision Correction,PRK Laser Eye Surgery,SMILE Laser Eye Surgery,Small Incision Lenticule Extraction,KAMRA Inlay Technology,Optometrists,Optometry Professionals",
    "highlightText": "",
    "highlightTitle": "",
    "highlightThreadTitle": "",
    "language": "english",
    "sentiment": "positive",
    "categories": [
        "Science and Technology",
        "Health"
    ],
    "external_links": [
        "https://postheaven.net/quinton6483thresa/discover-if-kamra-inlay-is-the-best-solution-for-you-analyze-your",
        "https://zenwriting.net/luigi09horace/exactly-how-your-diet-plan-can-impact-your-eye-wellness",
        "https://www.ophthalmologytimes.com/view/raising-the-bar-for-premium-pterygium-procedure",
        "https://ophthalmologytimes.com/view/raising-the-bar-for-premium-pterygium-procedure",
        "https://www.postheaven.net/quinton6483thresa/discover-if-kamra-inlay-is-the-best-solution-for-you-analyze-your",
        "https://www.zenwriting.net/luigi09horace/exactly-how-your-diet-plan-can-impact-your-eye-wellness"
    ],
    "external_images": [],
    "entities": {
        "persons": [],
        "organizations": [
            {
                "name": "refractive lens exchange refractive lens exchange",
                "sentiment": "none"
            }
        ],
        "locations": [
            {
                "name": "austin brink visualize",
                "sentiment": "none"
            }
        ]
    },
    "rating": null,
    "crawled": "2024-04-12T01:52:45.742+03:00",
    "updated": "2024-04-12T01:52:45.742+03:00"
}