{
    "thread": {
        "uuid": "733c72a52b060798c9e3f715c27ffbfa8b140d3d",
        "url": "https://www.freecodecamp.org/news/ai-web-development-tutorial-figma-designs",
        "site_full": "www.freecodecamp.org",
        "site": "freecodecamp.org",
        "site_section": "https://www.freecodecamp.org/news/rss",
        "site_categories": [
            "society",
            "javascript",
            "tech"
        ],
        "section_title": "\n            ",
        "title": "One-Click AI Web Development Tutorial - Learn how to Turn Figma Designs into Working Code using AI [Full Course]",
        "title_full": "One-Click AI Web Development Tutorial - Learn how to Turn Figma Designs into Working Code using AI [Full Course]",
        "published": "2024-04-11T22:12:00.000+03:00",
        "replies_count": 0,
        "participants_count": 1,
        "site_type": "news",
        "country": "US",
        "main_image": "https://www.freecodecamp.org/news/content/images/2024/04/locofy.png",
        "performance_score": 0,
        "domain_rank": 2203,
        "domain_rank_updated": "2024-04-09T13:11:13.000+03:00",
        "reach": null,
        "social": {
            "facebook": {
                "likes": 0,
                "comments": 0,
                "shares": 0
            },
            "gplus": {
                "shares": 0
            },
            "pinterest": {
                "shares": 0
            },
            "linkedin": {
                "shares": 0
            },
            "stumbledupon": {
                "shares": 0
            },
            "vk": {
                "shares": 0
            }
        }
    },
    "uuid": "733c72a52b060798c9e3f715c27ffbfa8b140d3d",
    "url": "https://www.freecodecamp.org/news/ai-web-development-tutorial-figma-designs",
    "ord_in_thread": 0,
    "parent_url": null,
    "author": "Beau Carnes",
    "published": "2024-04-11T22:12:00.000+03:00",
    "title": "One-Click AI Web Development Tutorial - Learn how to Turn Figma Designs into Working Code using AI [Full Course]",
    "text": "There are many ways that AI can help speed up web development. We just posted a course on the freeCodeCamp.org YouTube channel that will show you how to convert Figma designs into working code with just one click using AI.\nAnia Kubów developed this course. She is one of our most popular instructors. She will show you how to transform your Figma designs into code using Locofy, and also how to prepare to deploy the complete application.\nYou will learn to easily create an Airbnb clone. This app isn't just a static display of properties; it's a dynamic platform where users can sign up, sign in, and interact with property data in real-time. This course will take you from a raw design in Figma to a live application, covering every step in between.\nCourse Contents\nThe course starts with an introduction to Figma, a leading tool in collaborative web design that allows for real-time UI and UX development. You will then dive into the actual design of the 'localhost' app (that's the name of the Airbnb clone), laying the groundwork for the transformative steps ahead.\nThe heart of the course is the introduction to Locofy Lightning and LocoAI, tools that convert Figma designs into high-quality, production-ready frontend code. This AI-driven process is not only efficient but also adaptable, providing code that's ready for further customization if needed. Locofy provided a grant to make this course possible.\nThis tutorial isn't just about converting designs into code; it's about making that code functional and interactive. You'll learn how to sync the generated code to GitHub, integrate a database, set up authentication, and finally, deploy the app using Netlify.\nWith technologies like React for the frontend, Node.js for the backend, MongoDB for database management, and Netlify for deployment, you are in for a comprehensive development experience.\nWhy This Course?\n- Hands-on Learning: From design to deployment, you'll get hands-on experience with every aspect of building a web application.\n- AI-Powered Efficiency: Discover how AI can streamline the development process, turning complex designs into usable code in an instant.\n- Expert Guidance: Ania Kubów, with her extensive experience and clear teaching style, will be your guide, ensuring you understand each step of the process.\nWhether you're a seasoned developer looking to integrate AI into your workflow or a beginner eager to explore the intersection of design and coding, this course is designed to offer valuable insights and practical skills. Watch the full course on\nthe freeCodeCamp.org YouTube channel (2-hour watch).",
    "highlightText": "",
    "highlightTitle": "",
    "highlightThreadTitle": "",
    "language": "english",
    "sentiment": "positive",
    "categories": [
        "Science and Technology",
        "Education"
    ],
    "external_links": [
        "https://youtu.be/-kLs1NGt3ys",
        "https://www.youtu.be/-kLs1NGt3ys"
    ],
    "external_images": [],
    "entities": {
        "persons": [
            {
                "name": "ania kubów",
                "sentiment": "none"
            }
        ],
        "organizations": [
            {
                "name": "decamp.org youtube",
                "sentiment": "none"
            }
        ],
        "locations": [
            {
                "name": "figma",
                "sentiment": "none"
            },
            {
                "name": "locofy",
                "sentiment": "none"
            }
        ]
    },
    "rating": null,
    "crawled": "2024-04-12T01:41:28.058+03:00",
    "updated": "2024-04-12T01:41:28.058+03:00"
}