{
    "thread": {
        "uuid": "a6809a3fa23c64059ede6740935409a9ce150531",
        "url": "https://ca.marketscreener.com/quote/stock/APPLE-INC-4849/news/Tech-Advances-as-Traders-Chase-Magnificent-Seven-Tech-Roundup-46417916",
        "site_full": "ca.marketscreener.com",
        "site": "marketscreener.com",
        "site_section": "https://ca.marketscreener.com/news/companies/appointments/",
        "site_categories": [],
        "section_title": "Stock Market Listed Companies News - MarketScreener",
        "title": "Tech Advances as Traders Chase Magnificent Seven -- Tech Roundup -April 11, 2024 at 05:24 pm | MarketScreener",
        "title_full": "Tech Advances as Traders Chase Magnificent Seven -- Tech Roundup -April 11, 2024 at 05:24 pm | MarketScreener",
        "published": "2024-04-11T20:24:00.000+03:00",
        "replies_count": 0,
        "participants_count": 1,
        "site_type": "news",
        "country": "CA",
        "main_image": "https://ca.marketscreener.com/images/twitter_MS_fdnoir.png",
        "performance_score": 0,
        "domain_rank": 3970,
        "domain_rank_updated": "2024-04-09T13:11:13.000+03:00",
        "reach": null,
        "social": {
            "facebook": {
                "likes": 0,
                "comments": 0,
                "shares": 0
            },
            "gplus": {
                "shares": 0
            },
            "pinterest": {
                "shares": 0
            },
            "linkedin": {
                "shares": 0
            },
            "stumbledupon": {
                "shares": 0
            },
            "vk": {
                "shares": 0
            }
        }
    },
    "uuid": "a6809a3fa23c64059ede6740935409a9ce150531",
    "url": "https://ca.marketscreener.com/quote/stock/APPLE-INC-4849/news/Tech-Advances-as-Traders-Chase-Magnificent-Seven-Tech-Roundup-46417916",
    "ord_in_thread": 0,
    "parent_url": null,
    "author": "MarketScreener",
    "published": "2024-04-11T20:24:00.000+03:00",
    "title": "Tech Advances as Traders Chase Magnificent Seven -- Tech Roundup -April 11, 2024 at 05:24 pm | MarketScreener",
    "text": "Shares of technology companies rose as traders dived back into the \"Magnificent Seven.\"\nApple shares surged by more than 3% after analysts at brokerage JPMorgan said the tech giant's artificial-intelligence enabled iPhone could cause a wave of upgrades akin to that which occured upon the launch of 5G-enabled phones.\nHedge-fund traders are increasingly buying into Apple following its recent selloff, said the JPMorgan analysts. Shares of Apple are now down roughly 6% for the year to date.\nMicrosoft shares rose after analysts at brokerage Morgan Stanley said an analysis of its generative artificial-intelligence revenue-growth prospects \"increased confidence in the durability of Microsoft's earnings-per-share growth trajectory and in Microsoft's AI leadership position ahead of the large market opportunity.\"\nAmazon Chief Executive Andy Jassy said generative artificial intelligence could be one of the largest technological transformations in decades.\nAmong other mega-cap tech stocks, shares of Nvidia rose by more than 3%.\nMicron Technology shares rose after the memory-chip maker estimated a recent earthquake in Taiwan will result in an impact of up to a mid-single-digit percentage of a calendar quarter's company-level DRAM supply.\nWrite to Rob Curran at rob.curran@dowjones.com\n(END) Dow Jones Newswires\n04-11-24 1723ET\nShare © Dow Jones - 2024",
    "highlightText": "",
    "highlightTitle": "",
    "highlightThreadTitle": "",
    "language": "english",
    "sentiment": "positive",
    "categories": [
        "Science and Technology"
    ],
    "external_links": [
        "https://www.facebook.com/sharer/sharer.php?u=https%3A%2F%2Fwww.marketscreener.com%2Fquote%2Fstock%2FAPPLE-INC-4849%2Fnews%2FTech-Advances-as-Traders-Chase-Magnificent-Seven-Tech-Roundup-46417916%2F%3Futm_source%3Dfacebook%26utm_medium%3Dsocial%26utm_campaign%3Dshare",
        "https://telegram.me/share/url?url=https%3A%2F%2Fwww.marketscreener.com%2Fquote%2Fstock%2FAPPLE-INC-4849%2Fnews%2FTech-Advances-as-Traders-Chase-Magnificent-Seven-Tech-Roundup-46417916%2F%3Futm_source%3Dtelegram%26utm_medium%3Dsocial%26utm_campaign%3Dshare",
        "https://www.linkedin.com/shareArticle?mini=true&url=https%3A%2F%2Fwww.marketscreener.com%2Fquote%2Fstock%2FAPPLE-INC-4849%2Fnews%2FTech-Advances-as-Traders-Chase-Magnificent-Seven-Tech-Roundup-46417916%2F%3Futm_source%3Dlinkedin%26utm_medium%3Dsocial%26utm_campaign%3Dshare&title=Tech",
        "https://wa.me/?text=https%3A%2F%2Fwww.marketscreener.com%2Fquote%2Fstock%2FAPPLE-INC-4849%2Fnews%2FTech-Advances-as-Traders-Chase-Magnificent-Seven-Tech-Roundup-46417916%2F%3Futm_source%3Dwhatsapp%26utm_medium%3Dsocial%26utm_campaign%3Dshare",
        "https://twitter.com/intent/tweet?text=Tech",
        "https://www.telegram.me/share/url?url=https%3A%2F%2Fwww.marketscreener.com%2Fquote%2Fstock%2FAPPLE-INC-4849%2Fnews%2FTech-Advances-as-Traders-Chase-Magnificent-Seven-Tech-Roundup-46417916%2F%3Futm_source%3Dtelegram%26utm_medium%3Dsocial%26utm_campaign%3Dshare",
        "https://telegram.me/share/url",
        "https://facebook.com/sharer/sharer.php?u=https%3A%2F%2Fwww.marketscreener.com%2Fquote%2Fstock%2FAPPLE-INC-4849%2Fnews%2FTech-Advances-as-Traders-Chase-Magnificent-Seven-Tech-Roundup-46417916%2F%3Futm_source%3Dfacebook%26utm_medium%3Dsocial%26utm_campaign%3Dshare",
        "https://www.twitter.com/intent/tweet?text=Tech",
        "https://linkedin.com/shareArticle?mini=true&url=https%3A%2F%2Fwww.marketscreener.com%2Fquote%2Fstock%2FAPPLE-INC-4849%2Fnews%2FTech-Advances-as-Traders-Chase-Magnificent-Seven-Tech-Roundup-46417916%2F%3Futm_source%3Dlinkedin%26utm_medium%3Dsocial%26utm_campaign%3Dshare&title=Tech",
        "https://wa.me/",
        "https://www.facebook.com/sharer/sharer.php",
        "https://www.linkedin.com/shareArticle",
        "https://www.wa.me/?text=https%3A%2F%2Fwww.marketscreener.com%2Fquote%2Fstock%2FAPPLE-INC-4849%2Fnews%2FTech-Advances-as-Traders-Chase-Magnificent-Seven-Tech-Roundup-46417916%2F%3Futm_source%3Dwhatsapp%26utm_medium%3Dsocial%26utm_campaign%3Dshare",
        "https://twitter.com/intent/tweet"
    ],
    "external_images": [],
    "entities": {
        "persons": [
            {
                "name": "andy jassy",
                "sentiment": "none"
            }
        ],
        "organizations": [
            {
                "name": "apple",
                "sentiment": "neutral"
            },
            {
                "name": "nvidia",
                "sentiment": "none"
            },
            {
                "name": "jpmorgan",
                "sentiment": "none"
            },
            {
                "name": "microsoft",
                "sentiment": "none"
            },
            {
                "name": "amazon",
                "sentiment": "none"
            },
            {
                "name": "micron technology",
                "sentiment": "none"
            },
            {
                "name": "morgan stanley",
                "sentiment": "none"
            }
        ],
        "locations": []
    },
    "rating": null,
    "crawled": "2024-04-12T00:57:36.592+03:00",
    "updated": "2024-04-12T00:57:36.592+03:00"
}