{
    "thread": {
        "uuid": "960692e737029e007b0c5cef1c6300394964cd23",
        "url": "https://www.3djuegos.com/tv-series/noticias/volvera-ciencia-ficcion-colosal-monstruosa-renovada-segunda-temporada-serie-para-apple-tv-monarch-legacy-of-monsters",
        "site_full": "www.3djuegos.com",
        "site": "3djuegos.com",
        "site_section": "https://www.3djuegos.com/feedburner.xml",
        "site_categories": [
            "hobbies_and_interests",
            "video_and_computer_games"
        ],
        "section_title": "3DJuegos",
        "title": "Volverá la ciencia ficción más colosal y monstruosa. Renovada por una segunda temporada la serie Monarch Legacy of Monsters para Apple TV+",
        "title_full": "Volverá la ciencia ficción más colosal y monstruosa. Renovada por una segunda temporada la serie Monarch Legacy of Monsters para Apple TV+",
        "published": "2024-04-11T23:43:00.000+03:00",
        "replies_count": 0,
        "participants_count": 1,
        "site_type": "news",
        "country": "ES",
        "main_image": "https://i.blogs.es/0edd49/ciencia-diccion/840_560.jpeg",
        "performance_score": 0,
        "domain_rank": 33936,
        "domain_rank_updated": "2024-04-09T13:11:13.000+03:00",
        "reach": null,
        "social": {
            "facebook": {
                "likes": 0,
                "comments": 0,
                "shares": 0
            },
            "gplus": {
                "shares": 0
            },
            "pinterest": {
                "shares": 0
            },
            "linkedin": {
                "shares": 0
            },
            "stumbledupon": {
                "shares": 0
            },
            "vk": {
                "shares": 0
            }
        }
    },
    "uuid": "960692e737029e007b0c5cef1c6300394964cd23",
    "url": "https://www.3djuegos.com/tv-series/noticias/volvera-ciencia-ficcion-colosal-monstruosa-renovada-segunda-temporada-serie-para-apple-tv-monarch-legacy-of-monsters",
    "ord_in_thread": 0,
    "parent_url": null,
    "author": "Adrián Mira",
    "published": "2024-04-11T23:43:00.000+03:00",
    "title": "Volverá la ciencia ficción más colosal y monstruosa. Renovada por una segunda temporada la serie Monarch Legacy of Monsters para Apple TV+",
    "text": "La ciencia ficción más colosal y monstruosa volverá donde ya triunfó una vez, y lo mejor es que el Monsterverse está cada vez más de moda con nuevas súper producciones. [Monarch Legacy of Monsters](https://www.3djuegos.com/tv-series/noticias/titanica-misteriosa-asi-nueva-serie-universo-godzilla-apple-tv-critica-monarch-legacy-of-monsters) ha sido una serie emitida en Apple TV+ que ha encantado a la audiencia, pero lo mejor es que parece que su futuro está más que asegurado según nuevas informaciones procedentes de Estados Unidos. Ahora solo queda esperar a que se compartan nuevos detalles. El medio [Variety](https://variety.com/2024/tv/news/monarch-legacy-of-monsters-renewed-season-2-spinoffs-apple-tv-plus-1235967900/) ha informado en exclusiva de que Monarch: Legacy of Monsters ha sido renovada para una segunda temporada en Apple TV+. Esta no ha sido la única buena noticia para los fans, pues Apple ha llegado a un acuerdo con la productora, Legendary Entertainment, para desarrollar nuevos spin-off que estarán ambientadas en el [Monsterverse](https://www.3djuegos.com/tag/monsterverse). Los detalles sobre estos proyectos todavía son secretos, pero es una realidad que los espectadores volverán a ver destrucción y bestias enormes arrasando edificios. El jefe de desarrollo internacional de Apple TV+ ha confirmado la Temporada 2 y habla sobre lo emocionado que está: \"Monarch: El legado de los monstruos ha dejado una huella en los corazones, las mentes y la imaginación de las audiencias de todo el mundo. No podríamos estar más emocionados de que los espectadores no solo tengan la oportunidad de experimentar aún más emociones en la segunda temporada, sino de embarcarse en épicos y nuevos viajes en la franquicia, a medida que expandimos el Monsterverse de Legendary\", explica. El Monsterverse se expande En agosto del año pasado os hablábamos de [primeras imágenes de Monarch: Legacy of Monsters para Apple TV+](https://www.3djuegos.com/tv-series/noticias/ciencia-ficcion-epica-monstruos-colosales-continua-esta-vez-tv-primeras-imagenes-monarch-legacy-of-monsters-para-apple-tv), pero eso es cosa del pasado. Godzilla es algo más que un monstruo que destruye todo a su paso, la inolvidable [Godzilla Minus One ha derrotado a los más poderosos de Hollywood](https://www.3djuegos.com/tv-series/noticias/como-godzilla-minus-one-ha-derrotado-a-poderosos-hollywood-apenas-recursos-su-propio-terreno) \"sin apenas\" recursos. Y recientemente tenemos la película de [Godzilla y Kong: El nuevo imperio](https://www.3djuegos.com/tv-series/noticias/no-tiene-pies-complejos-cabeza-monstruosamente-divertida-critica-godzilla-kong-nuevo-imperio) salió en cines el pasado 27 de marzo, y es un éxito en taquilla tras mejorar los números de Dune 2 en su estreno. En 3DJuegos | [Titánica y misteriosa, la nueva serie de ciencia ficción de Apple TV+ es un soberbio desembarco en TV para una saga que ha arrasado en cines. Crítica de Monarch: Legacy of Monsters](https://www.3djuegos.com/tv-series/noticias/titanica-misteriosa-asi-nueva-serie-universo-godzilla-apple-tv-critica-monarch-legacy-of-monsters) En 3DJuegos | [\"He conocido a Dios. Estoy llorando, de verdad\". Steven Spielberg vio tres veces Godzilla Minus One y su director no puede estar más feliz con ello](https://www.3djuegos.com/tv-series/noticias/he-conocido-a-dios-estoy-llorando-verdad-steven-spielberg-vio-tres-veces-pelicula-godzilla-minus-one-su-director-no-puede-estar-feliz)",
    "highlightText": "",
    "highlightTitle": "",
    "highlightThreadTitle": "",
    "language": "spanish",
    "sentiment": "positive",
    "categories": [
        "Arts, Culture and Entertainment",
        "Science and Technology"
    ],
    "external_links": [
        "https://variety.com/2024/tv/news/monarch-legacy-of-monsters-renewed-season-2-spinoffs-apple-tv-plus-1235967900/",
        "https://www.variety.com/2024/tv/news/monarch-legacy-of-monsters-renewed-season-2-spinoffs-apple-tv-plus-1235967900/",
        "https://variety.com/2024/tv/news/monarch-legacy-of-monsters-renewed-season-2-spinoffs-apple-tv-plus-1235967900"
    ],
    "external_images": [],
    "entities": {
        "persons": [],
        "organizations": [],
        "locations": []
    },
    "rating": null,
    "crawled": "2024-04-12T01:40:18.256+03:00",
    "updated": "2024-04-12T01:57:35.549+03:00"
}