{
    "thread": {
        "uuid": "47e390522c159e62e1651263783fc4baa33d6058",
        "url": "https://www.debate.com.mx/tecnologia/Sextorsion-Mark-Zuckerberg-anuncio-una-nueva-funcion-para-proteger-las-fotos-intimas-20240411-0164.html",
        "site_full": "www.debate.com.mx",
        "site": "debate.com.mx",
        "site_section": "https://www.debate.com.mx/rss/feed.xml",
        "site_categories": [
            "media",
            "top_news"
        ],
        "section_title": "DEBATE",
        "title": "¿Sextorsión?: Mark Zuckerberg anunció una nueva función para proteger las fotos íntimas",
        "title_full": "¿Sextorsión?: Mark Zuckerberg anunció una nueva función para proteger las fotos íntimas",
        "published": "2024-04-12T00:19:00.000+03:00",
        "replies_count": 0,
        "participants_count": 1,
        "site_type": "news",
        "country": "MX",
        "main_image": "https://www.debate.com.mx/__export/1712869796321/sites/debate/img/2024/04/11/sextorsion.jpg_242310155.jpg",
        "performance_score": 0,
        "domain_rank": 25406,
        "domain_rank_updated": "2024-04-09T13:11:13.000+03:00",
        "reach": null,
        "social": {
            "facebook": {
                "likes": 0,
                "comments": 0,
                "shares": 0
            },
            "gplus": {
                "shares": 0
            },
            "pinterest": {
                "shares": 0
            },
            "linkedin": {
                "shares": 0
            },
            "stumbledupon": {
                "shares": 0
            },
            "vk": {
                "shares": 0
            }
        }
    },
    "uuid": "47e390522c159e62e1651263783fc4baa33d6058",
    "url": "https://www.debate.com.mx/tecnologia/Sextorsion-Mark-Zuckerberg-anuncio-una-nueva-funcion-para-proteger-las-fotos-intimas-20240411-0164.html",
    "ord_in_thread": 0,
    "parent_url": null,
    "author": "EFE Agencias",
    "published": "2024-04-12T00:19:00.000+03:00",
    "title": "¿Sextorsión?: Mark Zuckerberg anunció una nueva función para proteger las fotos íntimas",
    "text": "[Tecnología](https://www.debate.com.mx/seccion/tecnologia/) ¿Sextorsión?: Mark Zuckerberg anunció una nueva función para proteger las fotos íntimas El fundador de Facebook, Mark Zuckerberg, emitió un comunicado donde anunció que está trabajando para detectar las posibles estafas de \"sextorsión\", donde los delincuentes extorsionan a las personas con sus fotos íntimas [Un hombre quedó paralizado tras un paseo en una playa de México: Una ola le rompió el cuello](https://www.debate.com.mx/mundo/Un-hombre-quedo-paralizado-tras-un-paseo-en-una-playa-de-Mexico-Una-ola-le-rompio-el-cuello-20240411-0080.html) [Video: Mujer intenta envenenar a su esposo poniendo cloro en su café: Quería cobrar el seguro](https://www.debate.com.mx/viral/Video-Mujer-intenta-envenenar-a-su-esposo-poniendo-cloro-en-su-cafe-Queria-cobrar-el-seguro-20240411-0100.html) [Video: Perro que había sido reportado como perdido, fue descubierto con una familia de osos](https://www.debate.com.mx/viral/Video-Perro-que-habia-sido-reportado-como-perdido-fue-descubierto-con-una-familia-de-osos-20240411-0125.html) [Indignante: Mujer golpea con un palo a una perrita que acababa de dar a luz](https://www.debate.com.mx/mundo/Indignante-Mujer-golpea-con-un-palo-a-una-perrita-que-acababa-de-dar-a-luz-20240411-0146.html) Nueva York.- El gigante [tecnológico](https://www.debate.com.mx/seccion/tecnologia/) Meta, fundado por Mark Zuckerberg, anunció este jueves que está probando nuevas funciones en su red social para proteger a los jóvenes de la 'sextorsión' y el abuso de imágenes íntimas, y para hacer más difícil que los delincuentes potenciales encuentren e interactúen con los adolescentes. En un comunicado publicado en su página web, la empresa matriz de Facebook, WhatsApp o Instagram indicó que también está probando nuevas formas de ayudar a las personas a detectar posibles estafas de 'sextorsión', animarlas a denunciarlas y empoderarlas para decir no a cualquier cosa que les haga sentir incómodas en las redes sociales. La 'sextorsion' o extorsión sexual implica chantajear a una víctima de la que se tienen imágenes íntimas y es un fenómeno cada vez más extendido en las redes sociales y afecta especialmente a los jóvenes. Según Meta, la 'sextorsión' \"es un crimen horrible. Hemos pasado años trabajando estrechamente con expertos, incluidos aquellos con experiencia en la lucha contra estos delitos, para comprender las tácticas que utilizan los estafadores para encontrar y extorsionar a las víctimas en línea, de modo que podamos desarrollar formas efectivas de ayudar a detenerlos\". Por ello, están probando \"nuevas herramientas\" para \"hacer que sea lo más difícil posible para los estafadores encontrar objetivos potenciales, en las aplicaciones de Meta y en Internet. También estamos probando nuevas medidas para ayudar a los jóvenes a reconocer y protegerse de las estafas de 'sextorsión'\", precisó la compañía. Entre las nuevas herramientas, el gigante de las redes sociales confirmó que comenzará a probar un filtro de desnudez en los mensajes directos en Instagram. Esta función, llamada protección contra la desnudez, estará activada de forma predeterminada para los menores de 18 años y desenfocará automáticamente las imágenes enviadas a los usuarios que se detecten que contienen desnudez, protegiendo mejor a los usuarios de ver desnudos no deseados en sus mensajes directos. Entre las medidas también se incluye configurar de forma predeterminada los perfiles de adolescentes para que no puedan recibir mensajes de nadie con quien no estén conectados. Y mostrarán avisos de seguridad a los adolescentes que ya están en contacto con posibles cuentas fraudulentas ofreciendo la opción de realizar denuncias. El gigante de las redes sociales señaló que \"las empresas tienen la responsabilidad de garantizar la protección de los menores que utilizan sus plataformas\" califica de \"alentadoras\" estas medidas tomadas para el uso de sus redes. - ¿No te has dado una vuelta por Amazon? Mira en [ESTE ENLACE](https://amzn.to/442uyXx)sus mejores productos [¡Únete a la comunidad del canal de Debate en WhatsApp y recibe lo más relevante!](https://whatsapp.com/channel/0029Va2VOoSEgGfKeOYnUB36) [Síguenos en](https://news.google.com/publications/CAAqBwgKMI66_wowu_H4Ag?utm_source=nota_standard&utm_medium=fullamp&utm_campaign=banner_googlenews) Comparte esta noticia Los editores recomiendan - {{#section-name}} [{{section-name}}]({{section-url}}){{/section-name}} [{{title-article}}]({{link-url}}) {{/news}}",
    "highlightText": "",
    "highlightTitle": "",
    "highlightThreadTitle": "",
    "language": "spanish",
    "sentiment": "positive",
    "categories": [
        "Science and Technology",
        "Human Interest"
    ],
    "external_links": [
        "https://amzn.to/442uyXx",
        "https://news.google.com/publications/CAAqBwgKMI66_wowu_H4Ag?utm_source=nota_standard&utm_medium=fullamp&utm_campaign=banner_googlenews",
        "https://whatsapp.com/channel/0029Va2VOoSEgGfKeOYnUB36",
        "https://www.amzn.to/442uyXx",
        "https://news.google.com/publications/CAAqBwgKMI66_wowu_H4Ag",
        "https://www.news.google.com/publications/CAAqBwgKMI66_wowu_H4Ag?utm_source=nota_standard&utm_medium=fullamp&utm_campaign=banner_googlenews",
        "https://www.whatsapp.com/channel/0029Va2VOoSEgGfKeOYnUB36"
    ],
    "external_images": [],
    "entities": {
        "persons": [],
        "organizations": [],
        "locations": []
    },
    "rating": null,
    "crawled": "2024-04-12T00:32:42.621+03:00",
    "updated": "2024-04-12T00:41:30.313+03:00"
}