{
    "thread": {
        "uuid": "68a31a2cfd833e83e04fb78cd2685b232eed84d0",
        "url": "https://digitalcommons.library.tmc.edu/medicalworldnewspub/898",
        "site_full": "digitalcommons.library.tmc.edu",
        "site": "tmc.edu",
        "site_section": "http://digitalcommons.library.tmc.edu/recent.rss",
        "site_categories": [
            "health"
        ],
        "section_title": "DigitalCommons@TMC",
        "title": "Medical World News Vol. 7 (31), Front Cover",
        "title_full": "Medical World News Vol. 7 (31), Front Cover",
        "published": "2024-04-11T20:26:00.000+03:00",
        "replies_count": 0,
        "participants_count": 1,
        "site_type": "news",
        "country": "US",
        "main_image": "https://digitalcommons.library.tmc.edu/medicalworldnewspub/1897/preview.jpg",
        "performance_score": 0,
        "domain_rank": 9046,
        "domain_rank_updated": "2024-04-09T13:11:13.000+03:00",
        "reach": null,
        "social": {
            "facebook": {
                "likes": 0,
                "comments": 0,
                "shares": 0
            },
            "gplus": {
                "shares": 0
            },
            "pinterest": {
                "shares": 0
            },
            "linkedin": {
                "shares": 0
            },
            "stumbledupon": {
                "shares": 0
            },
            "vk": {
                "shares": 0
            }
        }
    },
    "uuid": "68a31a2cfd833e83e04fb78cd2685b232eed84d0",
    "url": "https://digitalcommons.library.tmc.edu/medicalworldnewspub/898",
    "ord_in_thread": 0,
    "parent_url": null,
    "author": "Medical World News",
    "published": "2024-04-11T20:26:00.000+03:00",
    "title": "Medical World News Vol. 7 (31), Front Cover",
    "text": "Preview\nIdentifier\nIC077-v07-1966-page-00155\nPublication Date(s)\nAugust 26, 1966\nLanguage\nEnglish\nDescription\nImage shows the designated issue with its affiliated page. File contains selected pages from approximately 12 issues of the Medical World News from 1966. Pages for each issue typically include cover, masthead, table of contents, acknowledgements (photographer credits), and advertisement index. See more at\nMedical World News Photograph Collection and its finding aid.\nCopyright\nThis work is licensed under a\nCreative Commons Attribution-NonCommercial-No Derivative Works 4.0 International License.\nComments\nThe McGovern Historical Center received the Medical World News Photograph Collection from HEI Publishing, which published the magazine in Houston for a few years. The photograph archive was originally donated to the archive in 1985. After the publication was sold to Miller Freeman, Inc. in San Francisco, CA, the archive had an agreement to archive materials with the new publishing company for a time. During this time, starting April 15, 1992, 19 boxes (roughly 16 cubic feet) were added to the collection.\nRecommended Citation\nMedical World News, \"Medical World News Vol. 7 (31), Front Cover\" (1966). Medical World News Publications. 898.\nhttps://digitalcommons.library.tmc.edu/medicalworldnewspub/898\nKeywords\nprinted materials (object genre), publications (documents)",
    "highlightText": "",
    "highlightTitle": "",
    "highlightThreadTitle": "",
    "language": "english",
    "sentiment": "positive",
    "categories": [
        "Science and Technology",
        "Human Interest",
        "Health"
    ],
    "external_links": [
        "https://creativecommons.org/licenses/by-nc-nd/4.0/",
        "https://www.creativecommons.org/licenses/by-nc-nd/4.0/",
        "https://creativecommons.org/licenses/by-nc-nd/4.0"
    ],
    "external_images": [],
    "entities": {
        "persons": [],
        "organizations": [
            {
                "name": "mcgovern historical center",
                "sentiment": "none"
            },
            {
                "name": "hei publishing",
                "sentiment": "none"
            },
            {
                "name": "miller freeman, inc.",
                "sentiment": "none"
            },
            {
                "name": "medical world news photograph collection",
                "sentiment": "none"
            }
        ],
        "locations": [
            {
                "name": "san francisco",
                "sentiment": "none"
            },
            {
                "name": "ca",
                "sentiment": "none"
            },
            {
                "name": "houston",
                "sentiment": "none"
            }
        ]
    },
    "rating": null,
    "crawled": "2024-04-12T00:52:54.608+03:00",
    "updated": "2024-04-12T00:52:54.608+03:00"
}