{
    "thread": {
        "uuid": "824b8dde2236b10c644391f4858acabe50954a51",
        "url": "https://mag.elcomercio.pe/respuestas/us/esta-es-la-edad-adecuada-para-regalarle-a-un-nino-su-primer-telefono-segun-bill-gates-nndaml-noticia",
        "site_full": "mag.elcomercio.pe",
        "site": "elcomercio.pe",
        "site_section": "https://mag.elcomercio.pe/arcio/rss",
        "site_categories": [
            "hobbies_and_interests",
            "freelance_writing",
            "top_news"
        ],
        "section_title": "El Comercio Mag",
        "title": "Esta es la edad adecuada para regalarle a un niño su primer teléfono, según Bill Gates",
        "title_full": "Esta es la edad adecuada para regalarle a un niño su primer teléfono, según Bill Gates",
        "published": "2024-04-12T00:15:00.000+03:00",
        "replies_count": 0,
        "participants_count": 1,
        "site_type": "news",
        "country": "PE",
        "main_image": "https://elcomercio.pe/resizer/TnllahGDd1gAHazgMbZ42yaW_nE=/980x528/smart/filters:format(jpeg):quality(75)/cloudfront-us-east-1.images.arcpublishing.com/elcomercio/5BCKEATDZJHHBGWR34N3KBY5JU.png",
        "performance_score": 0,
        "domain_rank": 5039,
        "domain_rank_updated": "2024-04-09T13:11:13.000+03:00",
        "reach": null,
        "social": {
            "facebook": {
                "likes": 0,
                "comments": 0,
                "shares": 0
            },
            "gplus": {
                "shares": 0
            },
            "pinterest": {
                "shares": 0
            },
            "linkedin": {
                "shares": 0
            },
            "stumbledupon": {
                "shares": 0
            },
            "vk": {
                "shares": 0
            }
        }
    },
    "uuid": "824b8dde2236b10c644391f4858acabe50954a51",
    "url": "https://mag.elcomercio.pe/respuestas/us/esta-es-la-edad-adecuada-para-regalarle-a-un-nino-su-primer-telefono-segun-bill-gates-nndaml-noticia",
    "ord_in_thread": 0,
    "parent_url": null,
    "author": "Redacción MAG US",
    "published": "2024-04-12T00:15:00.000+03:00",
    "title": "Esta es la edad adecuada para regalarle a un niño su primer teléfono, según Bill Gates",
    "text": "[¿Cuáles son los únicos trabajos que no desaparecerán por la inteligencia artificial, según Bill Gates?](https://mag.elcomercio.pe/respuestas/cuales-son-los-unicos-trabajos-que-no-desapareceran-por-la-inteligencia-artificial-segun-bill-gates-nnda-nnlt-noticia/) [La complicada prueba que Bill Gates le puso a la inteligencia artificial ChatGPT](https://mag.elcomercio.pe/respuestas/chatgpt-la-complicada-prueba-que-bill-gates-le-puso-a-la-inteligencia-artificial-ia-nnda-nnlt-noticia/) [Los 5 consejos para mejorar tus finanzas personales, según Bill Gates](https://mag.elcomercio.pe/respuestas/como-mejorar-tus-finanzas-personales-segun-bill-gates-5-consejos-nnda-nnlt-noticia/) [¿Qué hacen Bill Gates y otros exitosos para iniciar el lunes con la mejor actitud?](https://mag.elcomercio.pe/respuestas/que-hacen-bill-gates-otros-exitosos-millonarios-elon-musk-sergey-brin-mark-cuban-fin-de-semana-iniciar-lunes-mejor-actitud-nnda-nnlt-noticia/) [La predicción de Bill Gates sobre la inteligencia artificial que ya está cumpliéndose](https://mag.elcomercio.pe/respuestas/ia-la-prediccion-de-bill-gates-sobre-la-inteligencia-artificial-que-ya-esta-cumpliendose-nnda-nnlt-noticia/)",
    "highlightText": "",
    "highlightTitle": "",
    "highlightThreadTitle": "",
    "language": "spanish",
    "sentiment": "positive",
    "categories": [
        "Science and Technology",
        "Lifestyle and Leisure"
    ],
    "external_links": [],
    "external_images": [],
    "entities": {
        "persons": [],
        "organizations": [],
        "locations": []
    },
    "rating": null,
    "crawled": "2024-04-12T00:23:17.816+03:00",
    "updated": "2024-04-15T18:52:57.291+03:00"
}