{
    "thread": {
        "uuid": "a4a0945e65f8bd2736ed554fa3cb5cc5017a7922",
        "url": "https://www.benzinga.com/news/24/04/38212539/amazon-shares-close-at-all-time-high-thursday",
        "site_full": "www.benzinga.com",
        "site": "benzinga.com",
        "site_section": "https://consumer.einnews.com:443/live_feed",
        "site_categories": [
            "stocks",
            "finance"
        ],
        "section_title": "Live Feed Wire - Consumer News Today - EIN Presswire",
        "title": "Amazon Shares Close At All-Time High Thursday - Amazon.com (NASDAQ:AMZN) - Benzinga",
        "title_full": "Amazon Shares Close At All-Time High Thursday - Amazon.com (NASDAQ:AMZN) - Benzinga",
        "published": "2024-04-11T20:07:00.000+03:00",
        "replies_count": 0,
        "participants_count": 1,
        "site_type": "news",
        "country": "US",
        "main_image": "https://cdn.benzinga.com/files/images/story/2024/04/11/amazon-fans-shutter.jpeg?width=1200&amp;height=800&amp;fit=crop",
        "performance_score": 0,
        "domain_rank": 1934,
        "domain_rank_updated": "2024-04-09T13:11:13.000+03:00",
        "reach": null,
        "social": {
            "facebook": {
                "likes": 0,
                "comments": 0,
                "shares": 0
            },
            "gplus": {
                "shares": 0
            },
            "pinterest": {
                "shares": 0
            },
            "linkedin": {
                "shares": 0
            },
            "stumbledupon": {
                "shares": 0
            },
            "vk": {
                "shares": 0
            }
        }
    },
    "uuid": "a4a0945e65f8bd2736ed554fa3cb5cc5017a7922",
    "url": "https://www.benzinga.com/news/24/04/38212539/amazon-shares-close-at-all-time-high-thursday",
    "ord_in_thread": 0,
    "parent_url": null,
    "author": "Erica Kollmann",
    "published": "2024-04-11T20:07:00.000+03:00",
    "title": "Amazon Shares Close At All-Time High Thursday - Amazon.com (NASDAQ:AMZN) - Benzinga",
    "text": " Amazon.com Inc. AMZN shares closed up 1.67% at a new all-time high of $189.05 Thursday. Here’s a look at what to know.\nThe Details: Amazon shares closed at a new all-time high of $189.05 Thursday after flirting with the mark throughout the week. The company is edging closer to a $2 trillion valuation and ended Thursday’s session with $1.932 trillion in market capitalization.\nAmazon CEO Andy Jassy released his annual shareholder letter Thursday morning which focused heavily on the company's opportunities in artificial intelligence .\nDuring an interview with CNBC, Jassy described plans to improve Amazon’s virtual assistant, Alexa, and spoke about the potential of generative AI to enhance customer experiences across Amazon’s businesses.\nRelated News: Andy Jassy Says Amazon Has Its Hand In Every Layer Of The Generative AI Stack: ‘This Is Going To Transform Virtually Every Experience’\nAMZN Stock Prediction 2024 Equity research can be a valuable source of information for learning about a company's fundamentals. Analysts create financial models based on the fundamentals and expected future earnings of a company to arrive at a price target and recommendation for the stock.\nShares of Amazon.com have an average 1-year price target of $209.70, representing an expected upside of 10.92%.\nBecause of differences in assumptions, analysts can arrive at very different price targets and recommendations. No analysts have bearish recommendations on Amazon, while 23 analysts have bullish ratings. The street high price target from DA Davidson is $235, while the street low from Benchmark is $175.\nAMZN Price Action: According to Benzinga Pro , Amazon shares are up 0.0026% after-hours at $189.10 at the time of publication Thursday.\nPhoto: Shutterstock\n ",
    "highlightText": "",
    "highlightTitle": "",
    "highlightThreadTitle": "",
    "language": "english",
    "sentiment": "positive",
    "categories": [
        "Economy, Business and Finance",
        "Science and Technology",
        "Social Issue"
    ],
    "external_links": [],
    "external_images": [],
    "entities": {
        "persons": [
            {
                "name": "jassy",
                "sentiment": "none"
            },
            {
                "name": "andy jassy",
                "sentiment": "none"
            },
            {
                "name": "alexa",
                "sentiment": "none"
            }
        ],
        "organizations": [
            {
                "name": "amazon",
                "sentiment": "negative"
            },
            {
                "name": "amazon.com",
                "sentiment": "negative"
            },
            {
                "name": "benzinga amazon.com inc",
                "sentiment": "negative"
            },
            {
                "name": "amzn",
                "sentiment": "negative"
            },
            {
                "name": "cnbc",
                "sentiment": "none"
            }
        ],
        "locations": [
            {
                "name": "amazon",
                "sentiment": "none"
            }
        ]
    },
    "rating": null,
    "crawled": "2024-04-12T00:15:08.866+03:00",
    "updated": "2024-04-23T23:42:36.092+03:00"
}