{
    "thread": {
        "uuid": "182b41ed479e9f7cfe6ed429b18467328063be5b",
        "url": "https://vnexplorer.net/royaume-uni-une-start-up-annonce-construire-la-premiere-usine-de-biocarburant-pour-avions-a-base-deaux-usees-s2341735.html",
        "site_full": "vnexplorer.net",
        "site": "vnexplorer.net",
        "site_section": "https://vnexplorer.net",
        "site_categories": [],
        "section_title": "Verified News Explorer Channel - VNExplorer",
        "title": "Royaume-Uni: une start-up annonce construire la première usine de biocarburant pour avions à base d'eaux usées",
        "title_full": "Royaume-Uni: une start-up annonce construire la première usine de biocarburant pour avions à base d'eaux usées",
        "published": "2024-04-12T01:38:00.000+03:00",
        "replies_count": 0,
        "participants_count": 1,
        "site_type": "news",
        "country": "JP",
        "main_image": "https://img-s-msn-com.akamaized.net/tenant/amp/entityid/AA19eal0.img",
        "performance_score": 0,
        "domain_rank": 55066,
        "domain_rank_updated": "2024-04-09T13:11:21.000+03:00",
        "reach": null,
        "social": {
            "facebook": {
                "likes": 0,
                "comments": 0,
                "shares": 0
            },
            "gplus": {
                "shares": 0
            },
            "pinterest": {
                "shares": 0
            },
            "linkedin": {
                "shares": 0
            },
            "stumbledupon": {
                "shares": 0
            },
            "vk": {
                "shares": 0
            }
        }
    },
    "uuid": "182b41ed479e9f7cfe6ed429b18467328063be5b",
    "url": "https://vnexplorer.net/royaume-uni-une-start-up-annonce-construire-la-premiere-usine-de-biocarburant-pour-avions-a-base-deaux-usees-s2341735.html",
    "ord_in_thread": 0,
    "parent_url": null,
    "author": "VNExplorer",
    "published": "2024-04-12T01:38:00.000+03:00",
    "title": "Royaume-Uni: une start-up annonce construire la première usine de biocarburant pour avions à base d'eaux usées",
    "text": "La start-up britannique Firefly a annoncé ce jeudi 11 avril qu’une première usine mondiale de biocarburant à partir d’eaux usées allait ouvrir, tout en se félicitant de ne jamais manquer de matière première. L’utilisation du produit n’est, à ce stade, pas autorisée.\nUn avion décollant de Francfort en Allemagne (photo d’illustration).\n“Partout dans le monde où il y a des gens, il y a du caca.” Un constat simple et une promesse pour une aviation plus verte. L’entreprise britannique Firefly a annoncé la création d’une première usine mondiale transformant les eaux usées en carburant pour avions à Harwich, dans l’Essex, comme l’a relayé ce jeudi 11 avril Sky News.\nFirefly s’est donné un objectif: fournir du carburant à faible teneur en carbone à partir de 2028. Un accord a déjà été signé avec la compagnie hongroise Wizz Air, qui finance le projet, pour la livraison de 525.000 tonnes de carburant d’aviation durable (SAF) en 15 ans.\n92% de gaz à effet de serre en moins Ce SAF est un biocarburant dont la production nécessite 70% de carbone en moins que le carboréacteur habituel. Il peut se mélanger à 50% avec du kérosène sans que les moteurs d’avions n’aient à être modifiés.\nTout au long de sa vie, ce carburant alternatif émet jusqu’à 92% de gaz à effet de serre de moins que les combustibles fossiles, selon les calculs de Firefly.\n“Nous transformons les eaux usées en carburéacteur. Je ne pense pas qu’il y ait à beaucoup de choses plus sympas que cela”, a clamé James Hygate, directeur général de l’entreprise.\nIl a ajouté: “Cette nouvelle façon d’aborder les SAF a le potentiel de faire bouger les choses, et d’être une contribution significative à l’approvisionnement en SAF au Royaume-Uni. Pas seulement au Royaume-Uni bien sûr. Partout dans le monde où il y a des gens, il y a du caca.”\nPour l’instant, Firefly est dans l’attente d’une autorisation pour alimenter les avions avec son invention. Mais les autorités encouragent ce genre de découvertes et innovation. Le gouvernement britannique a d’ailleurs signé un mandat obligeant les compagnies aériennes à utiliser au moins 10% d’énergies durables d’ici 2030.",
    "highlightText": "",
    "highlightTitle": "",
    "highlightThreadTitle": "",
    "language": "french",
    "sentiment": "positive",
    "categories": [
        "Environment",
        "Science and Technology"
    ],
    "external_links": [
        "https://img-s-msn-com.akamaized.net/tenant/amp/entityid/AA19eal0.img",
        "https://www.img-s-msn-com.akamaized.net/tenant/amp/entityid/AA19eal0.img"
    ],
    "external_images": [],
    "entities": {
        "persons": [],
        "organizations": [],
        "locations": []
    },
    "rating": null,
    "crawled": "2024-04-12T01:53:36.716+03:00",
    "updated": "2024-04-12T01:53:36.716+03:00"
}