{
    "thread": {
        "uuid": "a2d894697ad670ed2d9cad60de25126735743044",
        "url": "http://business.times-online.com/times-online/article/abnewswire-2024-4-11-the-internet-of-things-iot-an-indispensable-element-in-the-current-digital-epoch",
        "site_full": "business.times-online.com",
        "site": "times-online.com",
        "site_section": "http://business.times-online.com/times-online/markets/news",
        "site_categories": [
            "financial_news",
            "finance"
        ],
        "section_title": "Stock Market News | NSDQ, NYSE, and AMEX Stock Market News, Market News Categories, Market Indicators | User | times-online.com ",
        "title": "The Internet of Things (IoT): An Indispensable Element in the Current Digital Epoch | User | times-online.com",
        "title_full": "The Internet of Things (IoT): An Indispensable Element in the Current Digital Epoch | User | times-online.com",
        "published": "2024-04-11T23:54:00.000+03:00",
        "replies_count": 0,
        "participants_count": 1,
        "site_type": "news",
        "country": "US",
        "main_image": "",
        "performance_score": 0,
        "domain_rank": 82064,
        "domain_rank_updated": "2024-04-09T13:11:30.000+03:00",
        "reach": null,
        "social": {
            "facebook": {
                "likes": 0,
                "comments": 0,
                "shares": 0
            },
            "gplus": {
                "shares": 0
            },
            "pinterest": {
                "shares": 0
            },
            "linkedin": {
                "shares": 0
            },
            "stumbledupon": {
                "shares": 0
            },
            "vk": {
                "shares": 0
            }
        }
    },
    "uuid": "a2d894697ad670ed2d9cad60de25126735743044",
    "url": "http://business.times-online.com/times-online/article/abnewswire-2024-4-11-the-internet-of-things-iot-an-indispensable-element-in-the-current-digital-epoch",
    "ord_in_thread": 0,
    "parent_url": null,
    "author": "Valley City Times-Record",
    "published": "2024-04-11T23:54:00.000+03:00",
    "title": "The Internet of Things (IoT): An Indispensable Element in the Current Digital Epoch | User | times-online.com",
    "text": "In the prevailing digital epoch, the Internet of Things (IoT) has surfaced as an indispensable element. The IoT is an intricate matrix of physical entities, or ‘things’, that possess the ability to connect to the internet. These IoT devices can span from ordinary household commodities to intricate industrial apparatus. The IoT has transformed the manner in which individuals exist and operate, rendering everyday chores more efficient and expedient. It has also paved the way for new prospects for businesses, empowering them to streamline procedures, enhance customer service, and devise new business models. The Necessity of Overseeing IoT Devices Monitor status of IoT devices is a crucial facet of administering an IoT network. This involves amassing, scrutinizing, and managing data from these devices. The data amassed from IoT devices can offer valuable insights into their performance and functionality, aiding in identifying potential issues and implementing necessary measures to prevent or rectify problems. RemoteIoT: A Premier Instrument for IoT Supervision RemoteIoT is a premier instrument for IoT supervision. It offers a platform for users to supervise the status of their IoT devices, exhibit device data, and trigger alerts and notifications in real time. This instrument is particularly beneficial for businesses that heavily rely on IoT devices for their operations. Supervising Specific IoT Devices: A Deep Dive into Raspberry Pi In the expansive and ever-evolving landscape of the Internet of Things (IoT), certain devices have carved a niche for themselves. They possess a unique blend of features and capabilities that set them apart from the crowd. One such device that has captured the imagination of many is the Raspberry Pi. The Raspberry Pi, despite its diminutive size, is a powerful computer that can comfortably nestle in the palm of people’s hand. It’s a marvel of modern technology, packing enough power to handle a diverse range of IoT tasks. From controlling smart home devices to serving as a server, the Raspberry Pi can do it all. This tiny powerhouse has won the hearts of everyone, from weekend hobbyists experimenting in their garages to seasoned professionals developing complex systems. Its flexibility and affordability are its major selling points, making it an accessible and versatile tool in the realm of IoT. However, the task of monitoring the status of a Raspberry Pi is not as straightforward as one might think. It requires a specialized set of tools and a particular skill set, each tailored to the device and its specific functions. These tools provide real-time insights into the device’s performance, allowing users to keep a close eye on its operation. Monitor status of a Raspberry Pi , or any IoT device for that matter, is a mission-critical task. The primary objective is to ensure the device is running smoothly, performing its tasks efficiently, and maintaining its health. Early detection of potential issues is key to this process. Spotting a problem before it escalates can save time, effort, and resources. Enhanced Efficiency and Cost Savings Monitor status of IoT devices ensures they are operating at their peak performance. This optimal functioning can significantly enhance efficiency. For instance, in an industrial setting, well-monitored IoT devices can streamline operations, reduce downtime, and increase productivity. Moreover, efficient devices consume less energy, leading to substantial cost savings in the long run. Proactive Maintenance and Extended Device Longevity IoT device supervision allows for the early detection of potential issues. This early detection facilitates proactive maintenance and repairs. For example, a temperature sensor in an IoT-enabled HVAC system might be showing readings that are consistently off by a few degrees. By catching this early, users can recalibrate or replace the sensor before it results in significant energy waste or damage to other components. Such a proactive approach not only enhances the device’s performance but also extends its lifespan, leading to further cost savings. Informed Decision-Making and Strategy Development Supervising IoT devices also provides valuable insights into device usage patterns. These insights can be instrumental for businesses in understanding how their devices are being utilized. For instance, usage patterns can reveal peak usage times, user preferences, and even potential misuse of the devices. This data can guide decision-making processes, aid in the development of effective strategies, and inform future IoT deployments. It can also help businesses to tailor their services more closely to their customers’ needs, improving customer satisfaction and potentially opening up new revenue streams. Security and Compliance Another critical aspect of IoT device supervision is security. With the increasing prevalence of IoT devices, they have become attractive targets for cybercriminals. Effective supervision includes monitoring for any signs of security breaches, such as unusual data patterns or unauthorized access attempts, and taking swift action to address them. Additionally, in regulated industries, IoT device supervision can help ensure compliance with standards and regulations, such as data protection and privacy laws. Conclusion In conclusion, as the world becomes increasingly interconnected, the importance of IoT supervision continues to grow. Tools like RemoteIoT and techniques for supervising specific devices like the Raspberry Pi are simplifying the process of tracking devices and ensuring their optimal functionality. As we continue to navigate the digital age, the role of IoT supervision will only become more critical. It is indeed an exhilarating time to be part of this technological revolution. Media Contact Company Name: REMOTEIOT INC. Contact Person: Media Relations Email: Send Email Phone: +1 866 516 0608 Country: United States Website: https://remoteiot.com",
    "highlightText": "",
    "highlightTitle": "",
    "highlightThreadTitle": "",
    "language": "english",
    "sentiment": "positive",
    "categories": [
        "Science and Technology"
    ],
    "external_links": [
        "https://www.abnewswire.com/email_contact_us.php?pr=the-internet-of-things-iot-an-indispensable-element-in-the-current-digital-epoch",
        "https://remoteiot.com/blog/monitor-cpu-temperature-and-status-of-raspberry-pi.html",
        "https://remoteiot.com",
        "https://www.abnewswire.com/companyname/remoteiot.com_63989.html",
        "https://www.abnewswire.com/email_contact_us.php",
        "https://abnewswire.com/companyname/remoteiot.com_63989.html",
        "https://www.remoteiot.com/blog/monitor-cpu-temperature-and-status-of-raspberry-pi.html",
        "https://www.remoteiot.com",
        "https://abnewswire.com/email_contact_us.php?pr=the-internet-of-things-iot-an-indispensable-element-in-the-current-digital-epoch"
    ],
    "external_images": [],
    "entities": {
        "persons": [],
        "organizations": [],
        "locations": []
    },
    "rating": null,
    "crawled": "2024-04-12T00:07:34.842+03:00",
    "updated": "2024-04-12T00:07:34.842+03:00"
}