{
    "thread": {
        "uuid": "d77cc3186923415fff33a43d68b42995caab7347",
        "url": "https://www.cgmagonline.com/articles/how-to-digital-marketing-asset-secure",
        "site_full": "www.cgmagonline.com",
        "site": "cgmagonline.com",
        "site_section": "https://www.cgmagonline.com/feeds",
        "site_categories": [
            "hobbies_and_interests",
            "video_and_computer_games"
        ],
        "section_title": "CGMagazine",
        "title": "How to Keep Your Digital Marketing Assets Secure?",
        "title_full": "How to Keep Your Digital Marketing Assets Secure?",
        "published": "2024-04-11T20:01:00.000+03:00",
        "replies_count": 0,
        "participants_count": 1,
        "site_type": "news",
        "country": "US",
        "main_image": "https://cdn.cgmagonline.com/wp-content/uploads/2024/04/2024-04-09_15-08-16_473637.jpg",
        "performance_score": 0,
        "domain_rank": 49634,
        "domain_rank_updated": "2024-04-09T13:11:21.000+03:00",
        "reach": null,
        "social": {
            "facebook": {
                "likes": 0,
                "comments": 0,
                "shares": 0
            },
            "gplus": {
                "shares": 0
            },
            "pinterest": {
                "shares": 0
            },
            "linkedin": {
                "shares": 0
            },
            "stumbledupon": {
                "shares": 0
            },
            "vk": {
                "shares": 0
            }
        }
    },
    "uuid": "d77cc3186923415fff33a43d68b42995caab7347",
    "url": "https://www.cgmagonline.com/articles/how-to-digital-marketing-asset-secure",
    "ord_in_thread": 0,
    "parent_url": null,
    "author": "CGMagazine",
    "published": "2024-04-11T20:01:00.000+03:00",
    "title": "How to Keep Your Digital Marketing Assets Secure?",
    "text": "Digital marketing assets are valuable to the success of your online business. These assets may include websites, social media accounts, intellectual property, and more. So, you need to beef up your security protocols to deal with ever-evolving cyber crimes.\nThe security of SaaS companies, marketers, and entrepreneurs is always at risk. Those threats often lead to compromised data integrity. However, financial losses and a tainted brand reputation are important concerns, too. Here’s how you can mitigate these risks and secure your assets.\nUse Reliable Marketing Software and Tools\nReliable marketing tools like SEO software can serve as an additional line of defence when trying to keep digital assets secure. Of course, you need a more robust security plan with dedicated security software and additional layers, like backups, strong passwords, and employee training.\nNevertheless, a well-rounded SEO software, one that you pick after reading SEO tool reviews on\nhttps://top10seosoftware.com/reviews/ and conducting your research, can help identify potential threats.\nHere’s how a solid SEO tool can help in this regard:\n- It can help identify issues such as injected content and suspicious redirects.\n- It ensures improved organization through cataloging features, and also revealing unauthorized access attempts.\n- It helps identify and fix broken links. This deters attackers from exploiting these potential security vulnerabilities.\n- It may inform you about any modifications to your website content. It sometimes indicates a security breach.\nEnsure Secure Email Communication\nBusinesses always share sensitive information via email. It could be in the form of financial records, customer data, or proprietary strategies. Hackers can intercept these messages. And they can even gain complete control of your email account. So, it is crucial to use authentication and encryption techniques. Here are some steps to avoid that.\nUse Encrypted Email Services\nAlways use a reliable\nRemember not to choose an email service at random. Pick a service that is easy to use. It should have high encryption strength. And, of course, it should comply with data protection regulations. A bonus tip is to pick a service that is compatible with your current email client to avoid problems.\nEducate Team Members to Identify Phishing Attacks\nCybercriminals have always used phishing attacks to their advantage. But they now rely on many other techniques to fly under the radar. For instance, they often use techniques like waterhole attacks and wireless access points. But, you may also become a victim of a bait and switch, brute forcing, and clickjacking.\nSo, you should work on raising awareness to ensure your team members don’t fall prey to those tactics.\nHere are some best practices to follow:\n- Train employees to spot phishing red flags. Don’t ignore urgent requests for sensitive information, suspicious sender addresses, and weird language.\n- Run simulated phishing drills to ensure employees are aware of the risk.\n- Ask employees to report suspicious emails immediately. This helps security or the IT team to conduct further investigation.\nProtect Websites and Social Media Accounts\nSaaS companies and\nImplement Multi-Factor Authentication\nMulti-factor authentication (MFA) involves setting up a system with extra verification procedures. The system may include a fingerprint scan, a code sent to your mobile, or even a physical security key.\nThese authentication methods make it harder for cybercriminals to access your account. This is true even if they manage to crack your password using brute-force attacks or another method.\nUpdate Your Passwords Regularly\nChanging your passwords regularly is an important step to keeping your account secure.\nIn most cases, you should update your password at least every 90 days. This helps if someone has gained access to your password without your knowledge. If you change it, you may be able to stop a hacker from having prolonged access to your accounts.\nJust don’t let your guard down after updating your password. Be proactive and keep looking for any suspicious account activity to react promptly.\nSecure Data Storage and Backup Solutions\nGoing with secure data storage solutions is also important for protecting digital assets. Proper storage solutions will prevent unauthorized access to campaign strategies, intellectual property, and anything that contains sensitive information.\nUtilize Encrypted Cloud Storage\nUsing cloud storage can help protect marketing data. It works because these solutions are encrypted. They also work under data privacy regulations, including the CCPA and the GDPR.\nIt also makes sense to use encrypted cloud storage for intellectual property. This is especially true for marketing strategies and creative assets. With this option, your team can collaborate securely with remote access to the assets.\nImplement Regular Backups and Disaster Recovery Plans\nNo matter what you do, data loss risks are always present. To mitigate those risks, regular backups are essential. These procedures protect against issues like:\nIf you notice any attacks, it’s easier to restore those assets you’ve backed up already to minimize potential revenue loss. But, having a comprehensive disaster recovery plan is just as important. The plan should include:\n- Communication protocols to ensure all stakeholders and relevant authorities are onboard.\n- Data restoration procedures to prioritize critical digital assets and restore systematically.\n- Role assignments to identify incident response team lead, data recovery specialists, and legal advisors.\nConduct Regular Security Audits\nRegular security audits are important for safeguarding digital marketing assets. Here’s why you should audit your sites regularly.\nComprehensive Security Audits\nUsing some good security software is usually enough to help you\nconduct regular audits. Comprehensive security audits are essential for many reasons. For instance:\nSEO tools can also be helpful. They crawl websites and analyze various technical factors. During this crawling process, they may detect issues like injected spam content. But, it may show cloaking, redirects to malicious sites, or other suspicious activities.\nUsing a well-rounded security software works better when conducting an audit. The audit identifies digital marketing vulnerabilities (e.g., outdated\nsoftware, weak access controls) to prevent cyber threats. They may also help identify risks to creative assets (e.g., logos, graphics) in marketing campaigns, enabling protective measures.\nIdentify Vulnerabilities and Implement Security Patches\nWith regular audits, you can detect vulnerabilities early. And you can often manage things with timely patching of security loopholes. This usually involves adjusting settings, updating software, and doubling up on security controls.\nPartner with Trusted Service Providers\nIt’s important to look for a trusted service provider. It offers some peace of mind while trying to protect sensitive information.\nSelect Digital Agencies with Robust Security Protocols\nYou need to pay attention to several things before choosing a digital agency. For instance:\n|Aspect||Description|\n|Reputation and Certifications||Choose providers with strong reputations and industry certifications. Pay attention to ISO 27001 or SOC 2 compliance. Ensure they deliver secure services and follow best practices.|\n|Security Policies and Procedures||Check for documented security policies. Learn about encryption, access controls, incident response, and regular audits.|\n|Employee Training and Awareness||Focus on providers who train their staff in security best practices. This is crucial because it reduces the risk of human error.|\n|Secure Infrastructure and Tech||Evaluate providers’ infrastructure for secure hosting, encrypted data transmission, and regular updates to prevent vulnerabilities.|\nEnsure Contractual Agreements Include Provisions for Data Protection\nAlways pay attention to contractual agreements and what they include. There should be clauses highlighting the responsibilities of providers for data protection.\nThose agreements should also follow relevant regulations depending on the data type. They should allow you to audit and track a provider’s security practices. This may help avoid serious issues in the future.\nMonitoring and Response Procedures\nWhen you’ve taken all the steps, it’s vital to keep monitoring your assets. And it’s just as vital to have response procedures in place.\nEstablish Protocols to Deal with Security Incidents\nContinuous monitoring is vital. It’s true for databases, websites, and even third-party integrations. Being proactive pays off in the long run, so be prepared to invest in the right tools and software solutions.\nAlso, you should define protocols for identifying and reporting potential security incidents. Sometimes, you can do it with intrusion detection and prevention systems. But you may also have to rely on some security information and event management (SIEM) tools.\nWork on Incident Response Plans\nTo avoid potential losses, you should create and put in place an incident response plan. The plan should explain the steps necessary for dealing with a security breach. It should identify the incident immediately. But, it should also share details about containing, eradicating, and recovering after it.\nConclusion\nDigital asset protection is an ongoing battle, and you need to be ready to put your best foot forward. Ensure you use the right software solutions. Also, invest in team training to be prepared in advance. And work on incident response plans to mitigate the damage if something goes wrong. Also, never ignore the importance of regular monitoring. And for that, auditing your assets is essential. It helps identify loopholes that need to be patched immediately. That’s the only way to deal with the situation.",
    "highlightText": "",
    "highlightTitle": "",
    "highlightThreadTitle": "",
    "language": "english",
    "sentiment": "positive",
    "categories": [
        "Science and Technology"
    ],
    "external_links": [
        "https://top10seosoftware.com/reviews/",
        "https://www.top10seosoftware.com/reviews/",
        "https://top10seosoftware.com/reviews"
    ],
    "external_images": [],
    "entities": {
        "persons": [],
        "organizations": [],
        "locations": []
    },
    "rating": null,
    "crawled": "2024-04-12T00:31:34.724+03:00",
    "updated": "2024-04-12T00:31:34.724+03:00"
}