{
    "thread": {
        "uuid": "140260cc64140cbab25bedd4dfc89e7558369394",
        "url": "https://flipboard.com/article/dog-found-cold-and-hungry-near-washington-taco-bell-now-she-s-getting-a-special/f-29d32a74c7%2Fmyrtlebeachonline.com",
        "site_full": "flipboard.com",
        "site": "flipboard.com",
        "site_section": "https://flipboard.com/topic/pendoreillecounty",
        "site_categories": [
            "family_and_parenting",
            "eldercare"
        ],
        "section_title": "Discover More in Pend Oreille County on Flipboard",
        "title": "Dog found cold and hungry near Washington Taco Bell. Now she’s getting a special job | Flipboard",
        "title_full": "Dog found cold and hungry near Washington Taco Bell. Now she’s getting a special job | Flipboard",
        "published": "2024-04-11T20:07:00.000+03:00",
        "replies_count": 0,
        "participants_count": 1,
        "site_type": "news",
        "country": "US",
        "main_image": "https://ic-cdn.flipboard.com/thenewstribune.com/65fec4f58abbcfe9ca5e485c1a85c48cd1f70b28/_medium.jpeg",
        "performance_score": 0,
        "domain_rank": 1217,
        "domain_rank_updated": "2024-04-09T13:11:13.000+03:00",
        "reach": null,
        "social": {
            "facebook": {
                "likes": 0,
                "comments": 0,
                "shares": 0
            },
            "gplus": {
                "shares": 0
            },
            "pinterest": {
                "shares": 0
            },
            "linkedin": {
                "shares": 0
            },
            "stumbledupon": {
                "shares": 0
            },
            "vk": {
                "shares": 0
            }
        }
    },
    "uuid": "140260cc64140cbab25bedd4dfc89e7558369394",
    "url": "https://flipboard.com/article/dog-found-cold-and-hungry-near-washington-taco-bell-now-she-s-getting-a-special/f-29d32a74c7%2Fmyrtlebeachonline.com",
    "ord_in_thread": 0,
    "parent_url": null,
    "author": "myrtlebeachonline.com - By Helena Wegner",
    "published": "2024-04-11T20:07:00.000+03:00",
    "title": "Dog found cold and hungry near Washington Taco Bell. Now she’s getting a special job | Flipboard",
    "text": "Dog found cold and hungry near Washington Taco Bell. Now she’s getting a special job Dame, a 2-year-old Belgian Malinois, was found cold and hungry near a Taco Bell in northwest Washington. But, before long, her rescue in Silverdale … More stories from [Taco Bell](/topic/tacobell) More stories from [Belgian Malinois](/topic/belgianmalinois) [Indian cricketers and their beloved pet dogs](/topic/belgianmalinois/indian-cricketers-and-their-beloved-pet-dogs/a-LjMnaUAWQ32KYJmmbPF9mw%3Aa%3A3972488315-2162e64f3a%2Findiatimes.com) Cricketers and their love for dogs From Sachin Tendulkar to MS Dhoni, here we list down some famous Indian cricketers and their beloved pet … [19 Popular Dog Breeds That the Average Person Should Avoid](/topic/belgianmalinois/19-popular-dog-breeds-that-the-average-person-should-avoid/a-xrr_zBWLSrOB7q7QTYafuA%3Aa%3A2275644785-20cdc588bf%2Fthethriftyapartment.com) Greetings, readers, and welcome to the canine-themed section of our universe, where we have all the harsh realities you require. We’re attempting to … [MS-13 gang members 'violently' kill K-9 protecting officer during Virginia prison assault](/topic/belgianmalinois/ms-13-gang-members-violently-kill-k-9-protecting-officer-during-virginia-priso/a-5z6fBeIOQpa8LyNKFhWZ8A%3Aa%3A3718454186-e0e879592b%2Fjustthenews.com) The corrections officer suffered no serious injuries due to the actions of her assigned K-9, a Belgian Malinois named Rivan. Join the flipboard community Discover, collect, and share stories for all your interests [Sign up](/signup) More stories from [Pacific Northwest](/topic/pacificnorthwest) [Boeing won’t even consider moving HQ back to Seattle](/topic/pacificnorthwest/boeing-won-t-even-consider-moving-hq-back-to-seattle/a-siCbiYJyRbankxPURSd67g%3Aa%3A137178510-c20b64a1e2%2Fcnn.com) New York CNN — It’s been a brutal six years for Boeing, with two fatal jet crashes kicking off a series of safety crises — and raising concerns about the quality and safety of the planes rolling off its assembly lines. As Boeing scrambles to repair its reputation, some critics and shareholders are … [Oregon Football Spring Camp Updates: Practice 7](/topic/pacificnorthwest/oregon-football-spring-camp-updates-practice-7/a-_rz4-h89QheGf53ss0xcHg%3Aa%3A3170794580-3deef418e2%2F247sports.com) Oregon football held its seventh spring practice on Thursday morning out on the HDC practice turfs. Here is what media saw during the 18 minutes of … [8-mile backup after military vehicle overturns on I-5 in Federal Way](/topic/pacificnorthwest/8-mile-backup-after-military-vehicle-overturns-on-i-5-in-federal-way/a-_2cYqyqHTXOsKAjUWvVVOQ%3Aa%3A3483445720-36d133ecf0%2Fflipboard.com) Nobody was seriously hurt, but traffic was snarled Wednesday afternoon after a military vehicle overturned on I-5 in Federal Way, Washington.",
    "highlightText": "",
    "highlightTitle": "",
    "highlightThreadTitle": "",
    "language": "english",
    "sentiment": "positive",
    "categories": [
        "Science and Technology"
    ],
    "external_links": [],
    "external_images": [],
    "entities": {
        "persons": [
            {
                "name": "sachin tendulkar",
                "sentiment": "none"
            },
            {
                "name": "dhoni",
                "sentiment": "none"
            }
        ],
        "organizations": [
            {
                "name": "taco bell",
                "sentiment": "none"
            }
        ],
        "locations": [
            {
                "name": "washington taco bell",
                "sentiment": "none"
            },
            {
                "name": "silverdale",
                "sentiment": "none"
            },
            {
                "name": "washington",
                "sentiment": "none"
            }
        ]
    },
    "rating": null,
    "crawled": "2024-04-12T00:14:55.015+03:00",
    "updated": "2024-04-12T00:14:55.015+03:00"
}