{
    "thread": {
        "uuid": "f0b765f6f911735bf2a9d0dfc395fce087defda5",
        "url": "https://timesofindia.indiatimes.com/city/lucknow/pathak-hails-pioneer-of-homeopathy/articleshow/109208855.cms",
        "site_full": "timesofindia.indiatimes.com",
        "site": "indiatimes.com",
        "site_section": "https://timesofindia.indiatimes.com/rssfeeds/-2128819658.cms",
        "site_categories": [
            "under_construction",
            "non_standard_content",
            "top_news"
        ],
        "section_title": "Lucknow News, Latest Lucknow News Headlines &amp; Live Updates - Times of India",
        "title": "Homeopathy: Pathak Hails Pioneer Of Homeopathy | Lucknow News - Times of India",
        "title_full": "Homeopathy: Pathak Hails Pioneer Of Homeopathy | Lucknow News - Times of India",
        "published": "2024-04-11T03:11:00.000+03:00",
        "replies_count": 0,
        "participants_count": 1,
        "site_type": "news",
        "country": "IN",
        "main_image": "https://static.toiimg.com/thumb/msid-109208854,width-1070,height-580,imgsize-20108,resizemode-75,overlay-toi_sw,pt-32,y_pad-40/photo.jpg",
        "performance_score": 0,
        "domain_rank": 285,
        "domain_rank_updated": "2024-04-09T13:11:13.000+03:00",
        "reach": null,
        "social": {
            "facebook": {
                "likes": 0,
                "comments": 0,
                "shares": 0
            },
            "gplus": {
                "shares": 0
            },
            "pinterest": {
                "shares": 0
            },
            "linkedin": {
                "shares": 0
            },
            "stumbledupon": {
                "shares": 0
            },
            "vk": {
                "shares": 0
            }
        }
    },
    "uuid": "f0b765f6f911735bf2a9d0dfc395fce087defda5",
    "url": "https://timesofindia.indiatimes.com/city/lucknow/pathak-hails-pioneer-of-homeopathy/articleshow/109208855.cms",
    "ord_in_thread": 0,
    "parent_url": null,
    "author": "TNN",
    "published": "2024-04-11T03:11:00.000+03:00",
    "title": "Homeopathy: Pathak Hails Pioneer Of Homeopathy | Lucknow News - Times of India",
    "text": "Lucknow: Deputy chief minister Brajesh Pathak kicked off celebration of World Homeopathy Day at the Homeo Shakti 2024 event in Gomtinagar on Wednesday. The event marked the 269th birth anniversary of Samuel Hahnemann, widely regarded as the father of homeopathy. The event, led by Dr Umang Khanna, highlighted Hahnemann’s groundbreaking contributions to homeopathy.Pathak praised Hahnemann as pioneer of homeopathy and commended practitioners in UP for their dedication. Shyam Das Pabhu, priest from ISKCON temple Lucknow, stressed importance of mental health alongside physical well-being, urging balance between spiritual and physical care to combat stress and anxiety. Prof Abbas Mahdi, VC Era’s University, said there was need for further research to make homeopathic medicine more advanced.Dr Umang Khanna highlighted Hahnemann’s timeless influence on homeopathy.We also published the following articles recentlyWorld Health Day 2024: Understanding how physical health shapes mental wellbeingInvest in long-term health by recognizing the complex relationship between physical and mental well-being. Prioritize sleep, exercise, and nutrition for overall health. Seek professional help when needed to manage mental health challenges and improve well-being.109064612Aquarius, Horoscope Today, April 11, 2024: Balance mental stimulation with physical activityAquarius, guided by the stars, embraces visionary nature to push progress, foster genuine connections, stimulate forward-thinking, balance mental and physical well-being, and trailblaze for a brighter future.109204896Importance of mental wellbeing in workplace and relationshipHealth's crucial role in mental well-being across life aspects like workplaces, relationships is evident. Mental health intertwined with physical health affects thoughts, actions, stress management, choices, and relationships, emphasizing the need to address mental health openly.109112266",
    "highlightText": "",
    "highlightTitle": "",
    "highlightThreadTitle": "",
    "language": "english",
    "sentiment": "positive",
    "categories": [
        "Science and Technology",
        "Human Interest",
        "Health"
    ],
    "external_links": [],
    "external_images": [],
    "entities": {
        "persons": [
            {
                "name": "brajesh pathak",
                "sentiment": "negative"
            },
            {
                "name": "umang khanna",
                "sentiment": "none"
            },
            {
                "name": "shyam das pabhu",
                "sentiment": "none"
            },
            {
                "name": "samuel hahnemann",
                "sentiment": "none"
            },
            {
                "name": "abbas mahdi",
                "sentiment": "none"
            }
        ],
        "organizations": [
            {
                "name": "pathak hails pioneer of homeopathy | lucknow news - times of india lucknow",
                "sentiment": "negative"
            },
            {
                "name": "university",
                "sentiment": "none"
            },
            {
                "name": "iskcon",
                "sentiment": "none"
            },
            {
                "name": "hahnemann",
                "sentiment": "none"
            }
        ],
        "locations": [
            {
                "name": "lucknow",
                "sentiment": "none"
            },
            {
                "name": "gomtinagar",
                "sentiment": "none"
            }
        ]
    },
    "rating": null,
    "crawled": "2024-04-12T00:27:00.777+03:00",
    "updated": "2024-04-12T00:27:00.777+03:00"
}