{
    "thread": {
        "uuid": "8a3f3570cc30c68216331008fe4939506fa5f0d0",
        "url": "https://www.prnewswire.com/news-releases/itoolab-anygo---the-best-gps-location-changer-app-for-ios-17-302114724.html",
        "site_full": "www.prnewswire.com",
        "site": "prnewswire.com",
        "site_section": "https://prnewswire.com/news-releases/telecommunications-latest-news",
        "site_categories": [
            "media"
        ],
        "section_title": "Latest  Telecommunications News and Press Releases | PR Newswire",
        "title": "iToolab AnyGo - The Best GPS Location Changer App for iOS 17",
        "title_full": "iToolab AnyGo - The Best GPS Location Changer App for iOS 17",
        "published": "2024-04-11T23:00:00.000+03:00",
        "replies_count": 0,
        "participants_count": 1,
        "site_type": "news",
        "country": "US",
        "main_image": "https://mma.prnewswire.com/media/2384904/iToolab_Co_Ltd__iToolab_AnyGo___The_Best_GPS_Location_Changer_App_for_iOS_17.jpg?p=facebook",
        "performance_score": 0,
        "domain_rank": 192,
        "domain_rank_updated": "2024-04-09T13:11:13.000+03:00",
        "reach": null,
        "social": {
            "facebook": {
                "likes": 0,
                "comments": 0,
                "shares": 0
            },
            "gplus": {
                "shares": 0
            },
            "pinterest": {
                "shares": 0
            },
            "linkedin": {
                "shares": 0
            },
            "stumbledupon": {
                "shares": 0
            },
            "vk": {
                "shares": 0
            }
        }
    },
    "uuid": "8a3f3570cc30c68216331008fe4939506fa5f0d0",
    "url": "https://www.prnewswire.com/news-releases/itoolab-anygo---the-best-gps-location-changer-app-for-ios-17-302114724.html",
    "ord_in_thread": 0,
    "parent_url": null,
    "author": "iToolab Co Ltd",
    "published": "2024-04-11T23:00:00.000+03:00",
    "title": "iToolab AnyGo - The Best GPS Location Changer App for iOS 17",
    "text": "2024 Best GPS Location Changer App for iOS 17 – iToolab AnyGo NEW YORK, April 11, 2024 /PRNewswire/ — Many iOS 17 users are facing the problem that there is no working iOS location changer app that compatible with iOS 17! You must use a computer, but not directly on your iPhone. The good…\nSource link",
    "highlightText": "",
    "highlightTitle": "",
    "highlightThreadTitle": "",
    "language": "english",
    "sentiment": "positive",
    "categories": [
        "Science and Technology"
    ],
    "external_links": [
        "https://itoolab.com/buy/anygo-for-ios/",
        "https://itoolab.com/",
        "https://www.facebook.com/itoolab",
        "https://c212.net/c/link/?t=0&l=en&o=4139124-1&h=2488145714&u=https%3A%2F%2Fwww.youtube.com%2F%40iToolab&a=https%3A%2F%2Fwww.youtube.com%2F%40iToolab",
        "https://c212.net/c/link/?t=0&l=en&o=4139124-1&h=2466734659&u=https%3A%2F%2Fwww.facebook.com%2Fitoolab&a=https%3A%2F%2Fwww.facebook.com%2Fitoolab",
        "https://c212.net/c/link/?t=0&l=en&o=4139124-1&h=568091466&u=https%3A%2F%2Fwww.Send2Press.com&a=https%3A%2F%2Fwww.Send2Press.com",
        "https://c212.net/c/link/?t=0&l=en&o=4139124-1&h=2550693124&u=https%3A%2F%2Fitoolab.com%2F&a=https%3A%2F%2Fitoolab.com%2F",
        "https://twitter.com/IToolab",
        "https://c212.net/c/link/?t=0&l=en&o=4139124-1&h=1981684699&u=https%3A%2F%2Ftwitter.com%2FIToolab&a=https%3A%2F%2Ftwitter.com%2FIToolab",
        "https://c212.net/c/link/?t=0&l=en&o=4139124-1&h=2813120919&u=https%3A%2F%2Fitoolab.com%2Fiphone-location-changer-app%2F&a=iToolab+AnyGo+for+iOS",
        "https://www.youtube.com/@iToolab",
        "https://www.Send2Press.com",
        "https://c212.net/c/link/?t=0&l=en&o=4139124-1&h=1088747953&u=https%3A%2F%2Fitoolab.com%2Flocation%2Fhow-to-fake-location-on-iphone%2F&a=fake+GPS+location+on+iPhone",
        "https://c212.net/c/link/?t=0&l=en&o=4139124-1&h=3537000714&u=https%3A%2F%2Fitoolab.com%2Fbuy%2Fanygo-for-ios%2F&a=https%3A%2F%2Fitoolab.com%2Fbuy%2Fanygo-for-ios%2F",
        "https://www.c212.net/c/link/?t=0&l=en&o=4139124-1&h=568091466&u=https%3A%2F%2Fwww.Send2Press.com&a=https%3A%2F%2Fwww.Send2Press.com",
        "https://itoolab.com/buy/anygo-for-ios",
        "https://youtube.com/@iToolab",
        "https://www.twitter.com/IToolab",
        "https://www.c212.net/c/link/?t=0&l=en&o=4139124-1&h=1088747953&u=https%3A%2F%2Fitoolab.com%2Flocation%2Fhow-to-fake-location-on-iphone%2F&a=fake+GPS+location+on+iPhone",
        "https://itoolab.com",
        "https://www.c212.net/c/link/?t=0&l=en&o=4139124-1&h=2466734659&u=https%3A%2F%2Fwww.facebook.com%2Fitoolab&a=https%3A%2F%2Fwww.facebook.com%2Fitoolab",
        "https://www.c212.net/c/link/?t=0&l=en&o=4139124-1&h=2813120919&u=https%3A%2F%2Fitoolab.com%2Fiphone-location-changer-app%2F&a=iToolab+AnyGo+for+iOS",
        "https://Send2Press.com",
        "https://www.c212.net/c/link/?t=0&l=en&o=4139124-1&h=3537000714&u=https%3A%2F%2Fitoolab.com%2Fbuy%2Fanygo-for-ios%2F&a=https%3A%2F%2Fitoolab.com%2Fbuy%2Fanygo-for-ios%2F",
        "https://www.c212.net/c/link/?t=0&l=en&o=4139124-1&h=2550693124&u=https%3A%2F%2Fitoolab.com%2F&a=https%3A%2F%2Fitoolab.com%2F",
        "https://www.itoolab.com/",
        "https://www.itoolab.com/buy/anygo-for-ios/",
        "https://c212.net/c/link/",
        "https://www.c212.net/c/link/?t=0&l=en&o=4139124-1&h=1981684699&u=https%3A%2F%2Ftwitter.com%2FIToolab&a=https%3A%2F%2Ftwitter.com%2FIToolab",
        "https://www.c212.net/c/link/?t=0&l=en&o=4139124-1&h=2488145714&u=https%3A%2F%2Fwww.youtube.com%2F%40iToolab&a=https%3A%2F%2Fwww.youtube.com%2F%40iToolab",
        "https://facebook.com/itoolab"
    ],
    "external_images": [],
    "entities": {
        "persons": [],
        "organizations": [],
        "locations": [
            {
                "name": "new york",
                "sentiment": "none"
            }
        ]
    },
    "rating": null,
    "crawled": "2024-04-12T00:17:50.518+03:00",
    "updated": "2024-04-12T00:48:10.748+03:00"
}