{
    "thread": {
        "uuid": "5d333484356d589190e82d57226a3546d2f14e49",
        "url": "https://lompocrecord.com/news/local/military/vandenberg/first-u-s-military-weather-satellite-successfully-launches-from-vandenberg-thursday/article_a4b33b22-3fd2-5df8-ba3a-2fbdf65e2d56.html",
        "site_full": "lompocrecord.com",
        "site": "lompocrecord.com",
        "site_section": "https://tncontentexchange.com",
        "site_categories": [
            "media"
        ],
        "section_title": "tncontentexchange.com | BLOX Digital provides state-of-the-art content management systems (CMS) and revenue solutions for serious news and media publishers.",
        "title": "First U.S. military weather satellite successfully launches from Vandenberg Thursday | Vandenberg | lompocrecord.com",
        "title_full": "First U.S. military weather satellite successfully launches from Vandenberg Thursday | Vandenberg | lompocrecord.com",
        "published": "2024-04-11T22:00:00.000+03:00",
        "replies_count": 0,
        "participants_count": 1,
        "site_type": "news",
        "country": "US",
        "main_image": "https://bloximages.chicago2.vip.townnews.com/lompocrecord.com/content/tncms/assets/v3/editorial/4/d9/4d9d06df-ba2c-570f-9005-b7cc59fb3865/661851f058b90.image.png?crop=1440%2C756%2C0%2C14&amp;resize=1200%2C630&amp;order=crop%2Cresize",
        "performance_score": 0,
        "domain_rank": 71069,
        "domain_rank_updated": "2024-04-09T13:11:21.000+03:00",
        "reach": null,
        "social": {
            "facebook": {
                "likes": 0,
                "comments": 0,
                "shares": 0
            },
            "gplus": {
                "shares": 0
            },
            "pinterest": {
                "shares": 0
            },
            "linkedin": {
                "shares": 0
            },
            "stumbledupon": {
                "shares": 0
            },
            "vk": {
                "shares": 0
            }
        }
    },
    "uuid": "5d333484356d589190e82d57226a3546d2f14e49",
    "url": "https://lompocrecord.com/news/local/military/vandenberg/first-u-s-military-weather-satellite-successfully-launches-from-vandenberg-thursday/article_a4b33b22-3fd2-5df8-ba3a-2fbdf65e2d56.html",
    "ord_in_thread": 0,
    "parent_url": null,
    "author": "Lompoc Record Staff Report",
    "published": "2024-04-11T22:00:00.000+03:00",
    "title": "First U.S. military weather satellite successfully launches from Vandenberg Thursday | Vandenberg | lompocrecord.com",
    "text": "A [SpaceX](https://www.spacex.com/launches/mission/?missionId=sl-7-17) Falcon 9 rocket was successfully launched today at 7:25 a.m. from Vandenberg Space Force to deliver the U.S. military's first Weather System Follow-on -Microwave satellite to low-Earth orbit. A Lisa André covers lifestyle and local news for Santa Ynez Valley News and Lompoc Record, editions of the Santa Maria Times.",
    "highlightText": "",
    "highlightTitle": "",
    "highlightThreadTitle": "",
    "language": "english",
    "sentiment": "positive",
    "categories": [
        "Science and Technology"
    ],
    "external_links": [
        "https://www.spacex.com/launches/mission/?missionId=sl-7-17",
        "https://www.dvidshub.net/video/embed/918801",
        "https://dvidshub.net/video/embed/918801",
        "https://spacex.com/launches/mission/?missionId=sl-7-17",
        "https://www.spacex.com/launches/mission/"
    ],
    "external_images": [],
    "entities": {
        "persons": [
            {
                "name": "vandenberg",
                "sentiment": "negative"
            },
            {
                "name": "mark shoemaker",
                "sentiment": "none"
            }
        ],
        "organizations": [
            {
                "name": "spacex falcon",
                "sentiment": "negative"
            },
            {
                "name": "vandenberg space force",
                "sentiment": "negative"
            },
            {
                "name": "airmen of space launch delta",
                "sentiment": "none"
            },
            {
                "name": "space command",
                "sentiment": "none"
            },
            {
                "name": "space launch delta",
                "sentiment": "none"
            },
            {
                "name": "space systems command",
                "sentiment": "none"
            },
            {
                "name": "ussf",
                "sentiment": "none"
            },
            {
                "name": "spacex",
                "sentiment": "none"
            },
            {
                "name": "u.s. space force",
                "sentiment": "none"
            },
            {
                "name": "public affairs video",
                "sentiment": "none"
            },
            {
                "name": "wsf",
                "sentiment": "none"
            }
        ],
        "locations": [
            {
                "name": "vandenberg",
                "sentiment": "none"
            },
            {
                "name": "u.s.",
                "sentiment": "none"
            },
            {
                "name": "los angeles",
                "sentiment": "none"
            }
        ]
    },
    "rating": null,
    "crawled": "2024-04-12T00:36:02.042+03:00",
    "updated": "2024-04-19T03:43:41.522+03:00"
}