{
    "thread": {
        "uuid": "6ff13e055454a0d751c1e75e8fd8a1dbb04466cf",
        "url": "https://tecnologia.ig.com.br/parceiros/canaltech/2024-04-11/pais-poderao-proteger-seus-filhos-de-comentarios-no-youtube.html",
        "site_full": "tecnologia.ig.com.br",
        "site": "ig.com.br",
        "site_section": "https://tecnologia.ig.com.br/index.xml",
        "site_categories": [
            "non_standard_content"
        ],
        "section_title": "Tecnologia - Notícias, Análises, Dicas e Especiais - iG",
        "title": "Pais poderão proteger seus filhos de comentários no YouTube",
        "title_full": "Pais poderão proteger seus filhos de comentários no YouTube",
        "published": "2024-04-11T22:05:00.000+03:00",
        "replies_count": 0,
        "participants_count": 1,
        "site_type": "news",
        "country": "BR",
        "main_image": "https://i0.statig.com.br/bancodeimagens/0e/2l/h8/0e2lh82x646wnm8url27mv7k0.jpg",
        "performance_score": 0,
        "domain_rank": 4261,
        "domain_rank_updated": "2024-04-09T13:11:13.000+03:00",
        "reach": null,
        "social": {
            "facebook": {
                "likes": 0,
                "comments": 0,
                "shares": 0
            },
            "gplus": {
                "shares": 0
            },
            "pinterest": {
                "shares": 0
            },
            "linkedin": {
                "shares": 0
            },
            "stumbledupon": {
                "shares": 0
            },
            "vk": {
                "shares": 0
            }
        }
    },
    "uuid": "6ff13e055454a0d751c1e75e8fd8a1dbb04466cf",
    "url": "https://tecnologia.ig.com.br/parceiros/canaltech/2024-04-11/pais-poderao-proteger-seus-filhos-de-comentarios-no-youtube.html",
    "ord_in_thread": 0,
    "parent_url": null,
    "author": "Canaltech",
    "published": "2024-04-11T22:05:00.000+03:00",
    "title": "Pais poderão proteger seus filhos de comentários no YouTube",
    "text": "Pais e responsáveis agora contam com mais uma ferramenta para supervisionar e dar mais segurança aos seus filhos no\nYouTube\n. Nesta quarta-feira (10), a plataforma de streaming\nanunciou uma configuração para impedir que crianças escrevam novos comentários em vídeos.\n-\nComo usar o Controle Parental no celular e computador\n-\nComo ajustar um celular para uma criança | Guia Prático\nYouTube amplia controle parental\nA nova opção foi divulgada em uma página de suporte do serviço com recursos ainda em fase Beta para o controle parental. No comunicado, o\n\"Adolescentes e pré-adolescentes poderão ler comentários quando seus pais escolherem a configuração de conteúdo 'Explorar mais' ou 'A maior parte do YouTube'. Os comentários permanecerão ocultos na configuração de conteúdo 'Explorar'\", explicou a empresa.\n-\nPodcast Canaltech: de segunda a sexta-feira, você escuta as principais manchetes e comentários sobre os acontecimentos tecnológicos no Brasil e no mundo. Links aqui:\nhttps://canaltech.com.br/podcast/\n-\nA medida é bem simples: quando ativado, o recurso impede que as crianças e adolescentes escrevam novos comentários em vídeos ou participem dos bate-papos ao vivo. No lugar, eles conseguem apenas visualizar as interações, já que continuam visíveis nos conteúdos.\nPais podem controlar a restrição\nPor outro lado, tudo isso é gerenciável. Através das configurações de controle parental do YouTube, os responsáveis conseguem liberar a redação de novos comentários quando quiser, por exemplo. Da mesma forma, dá para desativar tudo de uma só vez.\nContudo, ainda não está claro se o recurso foi liberado no Brasil ou se ainda será distribuído. Nos que realizamos, não conseguimos bloquear a publicação de novos comentários em contas supervisionadas.\nProcurado pelo Canaltech , o YouTube não informou se o serviço já está disponível ou ainda será lançamento no Brasil.\nLeia a matéria no\nCanaltech\n.\nTrending no Canaltech:\n-\nInstagram vai borrar nudes enviados para adolescentes\n-\nAsteroide do tamanho de carro passa pela Terra nesta quinta (11)\n-\nEngenheiro desmonta Cybertruck e fica chocado com a bateria\n-\nO filme do Silvio Santos usou a mesma fonte da Sega?\n-\nVídeo da SpaceX mostra eclipse solar visto do espaço\n-\nWolverine admite fraqueza perturbadora sobre seu fator de cura",
    "highlightText": "",
    "highlightTitle": "",
    "highlightThreadTitle": "",
    "language": "portuguese",
    "sentiment": "positive",
    "categories": [
        "Social Issue",
        "Human Interest",
        "Science and Technology"
    ],
    "external_links": [
        "https://canaltech.com.br/internet/pais-poderao-proteger-seus-filhos-de-comentarios-no-youtube-285357",
        "https://www.canaltech.com.br/espaco/asteroide-do-tamanho-de-carro-passa-pela-terra-nesta-quinta-11-285419/",
        "https://www.canaltech.com.br/podcast/",
        "https://www.canaltech.com.br/espaco/video-da-spacex-mostra-eclipse-solar-visto-do-espaco-285001/",
        "https://canaltech.com.br/carros/engenheiro-desmonta-cybertruck-e-fica-chocado-com-a-bateria-285183/",
        "https://canaltech.com.br/internet/pais-poderao-proteger-seus-filhos-de-comentarios-no-youtube-285357/",
        "https://canaltech.com.br/apps/controle-parental-o-que-e/",
        "https://canaltech.com.br/smartphone/como-ajustar-um-celular-para-uma-crianca-guia-pratico/",
        "https://canaltech.com.br/espaco/asteroide-do-tamanho-de-carro-passa-pela-terra-nesta-quinta-11-285419/",
        "https://canaltech.com.br/internet/o-que-e-streaming",
        "https://canaltech.com.br/quadrinhos/wolverine-admite-fraqueza-perturbadora-sobre-seu-fator-de-cura-285299",
        "https://canaltech.com.br/cinema/o-filme-do-silvio-santos-usou-a-mesma-fonte-da-sega-285269/",
        "https://www.canaltech.com.br/apps/controle-parental-o-que-e/",
        "https://canaltech.com.br/redes-sociais/instagram-vai-borrar-nudes-enviados-para-adolescentes-285353",
        "https://canaltech.com.br/espaco/asteroide-do-tamanho-de-carro-passa-pela-terra-nesta-quinta-11-285419",
        "https://www.canaltech.com.br/empresa/youtube/",
        "https://canaltech.com.br/cinema/o-filme-do-silvio-santos-usou-a-mesma-fonte-da-sega-285269",
        "https://www.canaltech.com.br/redes-sociais/instagram-vai-borrar-nudes-enviados-para-adolescentes-285353/",
        "https://canaltech.com.br/carros/engenheiro-desmonta-cybertruck-e-fica-chocado-com-a-bateria-285183",
        "https://canaltech.com.br/empresa/youtube/",
        "https://www.canaltech.com.br/smartphone/como-ajustar-um-celular-para-uma-crianca-guia-pratico/",
        "https://canaltech.com.br/apps/controle-parental-o-que-e",
        "https://www.canaltech.com.br/carros/engenheiro-desmonta-cybertruck-e-fica-chocado-com-a-bateria-285183/",
        "https://canaltech.com.br/redes-sociais/instagram-vai-borrar-nudes-enviados-para-adolescentes-285353/",
        "https://canaltech.com.br/espaco/video-da-spacex-mostra-eclipse-solar-visto-do-espaco-285001",
        "https://canaltech.com.br/podcast/",
        "https://www.canaltech.com.br/internet/pais-poderao-proteger-seus-filhos-de-comentarios-no-youtube-285357/",
        "https://canaltech.com.br/podcast",
        "https://www.canaltech.com.br/quadrinhos/wolverine-admite-fraqueza-perturbadora-sobre-seu-fator-de-cura-285299/",
        "https://canaltech.com.br/internet/o-que-e-streaming/",
        "https://canaltech.com.br/smartphone/como-ajustar-um-celular-para-uma-crianca-guia-pratico",
        "https://www.canaltech.com.br/cinema/o-filme-do-silvio-santos-usou-a-mesma-fonte-da-sega-285269/",
        "https://canaltech.com.br/espaco/video-da-spacex-mostra-eclipse-solar-visto-do-espaco-285001/",
        "https://canaltech.com.br/quadrinhos/wolverine-admite-fraqueza-perturbadora-sobre-seu-fator-de-cura-285299/",
        "https://www.canaltech.com.br/internet/o-que-e-streaming/",
        "https://canaltech.com.br/empresa/youtube"
    ],
    "external_images": [],
    "entities": {
        "persons": [],
        "organizations": [],
        "locations": []
    },
    "rating": null,
    "crawled": "2024-04-12T00:44:00.548+03:00",
    "updated": "2024-04-12T00:44:00.548+03:00"
}