{
    "thread": {
        "uuid": "da02d300975df2859521a99a52fff18550d45aad",
        "url": "https://www.prlog.org/13015672-anchorsix-continues-to-lead-in-professional-it-services-with-proven-business-solutions.html",
        "site_full": "www.prlog.org",
        "site": "prlog.org",
        "site_section": "https://www.prlog.org/news",
        "site_categories": [
            "non_standard_content"
        ],
        "section_title": "Latest News (Press Releases)",
        "title": "AnchorSix Continues to Lead in Professional IT Services with Proven Business Solutions -- AnchorSix | PRLog",
        "title_full": "AnchorSix Continues to Lead in Professional IT Services with Proven Business Solutions -- AnchorSix | PRLog",
        "published": "2024-04-11T03:00:00.000+03:00",
        "replies_count": 0,
        "participants_count": 1,
        "site_type": "news",
        "country": "US",
        "main_image": "https://dj5dehgem20mk.cloudfront.net/img/logo-2.png",
        "performance_score": 0,
        "domain_rank": 3468,
        "domain_rank_updated": "2024-04-09T13:11:13.000+03:00",
        "reach": null,
        "social": {
            "facebook": {
                "likes": 0,
                "comments": 0,
                "shares": 0
            },
            "gplus": {
                "shares": 0
            },
            "pinterest": {
                "shares": 0
            },
            "linkedin": {
                "shares": 0
            },
            "stumbledupon": {
                "shares": 0
            },
            "vk": {
                "shares": 0
            }
        }
    },
    "uuid": "da02d300975df2859521a99a52fff18550d45aad",
    "url": "https://www.prlog.org/13015672-anchorsix-continues-to-lead-in-professional-it-services-with-proven-business-solutions.html",
    "ord_in_thread": 0,
    "parent_url": null,
    "author": "TriDigital",
    "published": "2024-04-11T03:00:00.000+03:00",
    "title": "AnchorSix Continues to Lead in Professional IT Services with Proven Business Solutions -- AnchorSix | PRLog",
    "text": "News By Tag Industry News News By Location Country(s) |Th||We||Tu||Mo||Su||Sa||Fr| AnchorSix Continues to Lead in Professional IT Services with Proven Business Solutions By: AnchorSix Consistent Excellence in IT Solutions AnchorSix's suite of professional services encompasses a broad range of solutions tailored to meet the dynamic needs of modern businesses. With a proven track record of success, AnchorSix continues to provide comprehensive services that streamline operations, bolster cybersecurity, and support cloud integration, solidifying its status as a trusted partner in business technology optimization. Impactful Success Story The value of AnchorSix's professional services is vividly brought to life through the testimonials of clients who have witnessed significant transformations in their operations. A notable example is Scott Kirkland from Riverside Country Club, who commended AnchorSix for their comprehensive IT management: \"AnchorSix has gladly taken over our IT. They help us address the millennial needs of our members and they keep us online and in business.\" This encapsulates the experiences of many businesses across diverse sectors, which have realized substantial improvements in performance, security, and growth. Driving Digital Transformation At the core of AnchorSix's mission is the drive to lead businesses through the digital age with innovation and strategic foresight. The company's comprehensive approach to IT consulting and solution deployment has empowered countless organizations to not only adapt to digital change but also to thrive and lead in their respective industries. Tyler Leonard, CEO of AnchorSix, articulates this commitment, \"Our goal is to transform the landscape of professional IT services, guiding our clients to not just navigate but excel in the digital era. We provide the tools and expertise necessary for businesses to harness the full potential of digital technology, ensuring they remain at the forefront of their industry.\" This vision underscores AnchorSix's dedication to being a catalyst for digital transformation, facilitating a journey of continuous growth and technological advancement for its clients. The Future Forward with AnchorSix AnchorSix remains dedicated to shaping the future of work and collaboration, leveraging its professional services to foster the progress and innovation of businesses worldwide. The company is poised to remain a key player in guiding companies through their digital transformation journeys, ensuring long-term success and sustainability. About AchorSix AnchorSix stands as a beacon in the IT services industry, renowned for its commitment to making technology accessible and secure. With a history of excellence, our services encompass a broad spectrum, from managed IT solutions to innovative cybersecurity protocols. We are recognized for our standardization, efficiency, and proactive approach, ensuring the success and satisfaction of our clients. Our integrity, accountability, and passion for technology make us a leader in our field, dedicated to delivering unparalleled service. Contact AnchorSix End |Tags||:||Industry||:||Location||:| Account Email Address Account Phone Number",
    "highlightText": "",
    "highlightTitle": "",
    "highlightThreadTitle": "",
    "language": "english",
    "sentiment": "positive",
    "categories": [
        "Science and Technology",
        "Economy, Business and Finance"
    ],
    "external_links": [],
    "external_images": [],
    "entities": {
        "persons": [
            {
                "name": "scott kirkland",
                "sentiment": "none"
            }
        ],
        "organizations": [
            {
                "name": "proven business solutions",
                "sentiment": "negative"
            },
            {
                "name": "riverside country club",
                "sentiment": "none"
            }
        ],
        "locations": []
    },
    "rating": null,
    "crawled": "2024-04-12T00:47:13.673+03:00",
    "updated": "2024-04-12T03:17:53.327+03:00"
}