{
    "thread": {
        "uuid": "8229037e1ac11932901cba961156b1a746c1e872",
        "url": "https://flipboard.com/article/the-world-s-southernmost-active-volcano-in-antarctica-spews-gold-dust/f-6dac176beb%2Fiflscience.com",
        "site_full": "flipboard.com",
        "site": "flipboard.com",
        "site_section": "https://flipboard.com/topic/physicalgeography?format=amp",
        "site_categories": [
            "family_and_parenting",
            "eldercare"
        ],
        "section_title": "Discover More in Physical Geography on Flipboard",
        "title": "The World's Southernmost Active Volcano In Antarctica Spews Gold Dust | Flipboard",
        "title_full": "The World's Southernmost Active Volcano In Antarctica Spews Gold Dust | Flipboard",
        "published": "2024-04-11T03:00:00.000+03:00",
        "replies_count": 0,
        "participants_count": 1,
        "site_type": "news",
        "country": "US",
        "main_image": "https://ic-cdn.flipboard.com/iflscience.com/1e53125ae3391341ba32adf977a41068008fcb92/_medium.jpeg",
        "performance_score": 0,
        "domain_rank": 1217,
        "domain_rank_updated": "2024-04-09T13:11:13.000+03:00",
        "reach": null,
        "social": {
            "facebook": {
                "likes": 0,
                "comments": 0,
                "shares": 0
            },
            "gplus": {
                "shares": 0
            },
            "pinterest": {
                "shares": 0
            },
            "linkedin": {
                "shares": 0
            },
            "stumbledupon": {
                "shares": 0
            },
            "vk": {
                "shares": 0
            }
        }
    },
    "uuid": "8229037e1ac11932901cba961156b1a746c1e872",
    "url": "https://flipboard.com/article/the-world-s-southernmost-active-volcano-in-antarctica-spews-gold-dust/f-6dac176beb%2Fiflscience.com",
    "ord_in_thread": 0,
    "parent_url": null,
    "author": "iflscience.com",
    "published": "2024-04-11T03:00:00.000+03:00",
    "title": "The World's Southernmost Active Volcano In Antarctica Spews Gold Dust | Flipboard",
    "text": "The World's Southernmost Active Volcano In Antarctica Spews Gold Dust Antarctica is an ice-capped continent with blistering cold temperatures, but it also harbors red-hot volcanic activity. There are a dozen volcanoes … [IFLScience Admin](/@IFLScienceMag) flipped this story into [IFLScience](/@iflsciencemag/iflscience-v0ib8ckdz)•4h Related storyboards Related articles [Can Information Escape a Black Hole?](/@uprooted/scientifical-isgpl7qrz/can-information-escape-a-black-hole/a-oSuN7D0JT_uhqWKQBFIRgA%3Aa%3A61998698-4430d5e56e%2Fquantamagazine.org) Black holes are inescapable traps for most of what falls into them — but there can be exceptions. The theoretical physicist Leonard Susskind speaks … [A new and improved bird family tree shows rapid post-dinosaur evolution](/@tigr11/my-most-liked-eb2phss5z/a-new-and-improved-bird-family-tree-shows-rapid-post-dinosaur-evolution/a-0SHNezSUTn6TbRa7DI-gGw%3Aa%3A2353149517-9598c099ea%2Fmongabay.com) Scientists have created the largest and most detailed bird family tree ever, showing how various species are related to each other and how they … [One of the World's Oldest Surviving Books Is for Sale](/@smithsonianmag/smartnews-343feuq8z/one-of-the-world-s-oldest-surviving-books-is-for-sale/a--s6wVwtcSz2wdcQv05LUfw%3Aa%3A2586892611-198550f728%2Fsmithsonianmag.com) Some 1,700 years ago, a scribe living at a monastery in Egypt wrote out two complete books of the Bible over a 40-year period. Today, the rare … Join the flipboard community Discover, collect, and share stories for all your interests [Sign up](/signup) More stories from [Natural Sciences](/topic/naturalsciences) [Lucid Episodes in Dementia Explored - Neuroscience News](/topic/naturalsciences/lucid-episodes-in-dementia-explored---neuroscience-news/a-7_NDufhPS8WOTqxxFWq7aw%3Aa%3A524521739-704099dbf1%2Fneurosciencenews.com) The study aims to better understand these spontaneous episodes of clarity, offering reassurance to caregivers that these moments do not necessarily … [Why XRP price might jump 70% vs. BTC after the Bitcoin halving](/topic/naturalsciences/why-xrp-price-might-jump-70-vs-btc-after-the-bitcoin-halving/a-eGduEzXwSZmyOEfcFQS9Dw%3Aa%3A3308332460-3d419456aa%2Fcointelegraph.com) Whale accumulation patterns and critical Bitcoin halving fractals suggest a significant rebound for XRP/BTC price in the upcoming months.",
    "highlightText": "",
    "highlightTitle": "",
    "highlightThreadTitle": "",
    "language": "english",
    "sentiment": "positive",
    "categories": [
        "Environment",
        "Disaster and Accident",
        "Science and Technology"
    ],
    "external_links": [],
    "external_images": [],
    "entities": {
        "persons": [
            {
                "name": "leonard susskind",
                "sentiment": "none"
            }
        ],
        "organizations": [
            {
                "name": "world",
                "sentiment": "negative"
            }
        ],
        "locations": [
            {
                "name": "antarctica",
                "sentiment": "none"
            }
        ]
    },
    "rating": null,
    "crawled": "2024-04-12T00:21:03.393+03:00",
    "updated": "2024-04-12T00:21:03.393+03:00"
}