{
    "thread": {
        "uuid": "5e8f757adee3ef1ec9d3d65d9502543a2524bf90",
        "url": "https://www.newsbreak.com/maryland-state/3399910465312-18-students-awarded-scholarships-to-pursue-computer-science-engineering",
        "site_full": "www.newsbreak.com",
        "site": "newsbreak.com",
        "site_section": "https://www.newsbreak.com/wmar-2-news-baltimore-563671",
        "site_categories": [
            "under_construction",
            "non_standard_content",
            "top_news"
        ],
        "section_title": "WMAR 2 News Baltimore | NewsBreak",
        "title": "18 students awarded scholarships to pursue computer science, engineering",
        "title_full": "18 students awarded scholarships to pursue computer science, engineering",
        "published": "2024-04-11T23:44:00.000+03:00",
        "replies_count": 0,
        "participants_count": 1,
        "site_type": "news",
        "country": "US",
        "main_image": "https://img.particlenews.com/img/id/2Ry4Tw_0sNplcNk00?type=thumbnail_1600x1200",
        "performance_score": 0,
        "domain_rank": 3387,
        "domain_rank_updated": "2024-04-09T13:11:13.000+03:00",
        "reach": null,
        "social": {
            "facebook": {
                "likes": 0,
                "comments": 0,
                "shares": 0
            },
            "gplus": {
                "shares": 0
            },
            "pinterest": {
                "shares": 0
            },
            "linkedin": {
                "shares": 0
            },
            "stumbledupon": {
                "shares": 0
            },
            "vk": {
                "shares": 0
            }
        }
    },
    "uuid": "5e8f757adee3ef1ec9d3d65d9502543a2524bf90",
    "url": "https://www.newsbreak.com/maryland-state/3399910465312-18-students-awarded-scholarships-to-pursue-computer-science-engineering",
    "ord_in_thread": 0,
    "parent_url": null,
    "author": "NewsBreak Original",
    "published": "2024-04-11T23:44:00.000+03:00",
    "title": "18 students awarded scholarships to pursue computer science, engineering",
    "text": "By Rushaad Hayward ,\n1 hour ago 18 Maryland students are among 400 Amazon Future Engineer Scholarship recipients to receive up to $40,000 scholarship to study computer science or engineering starting this fall.\nThey will also get a paid internship offer at Amazon after their freshman year of college.\nHere are the recipients:\nTineta Nkoronye, Elizabeth Seton High School Bliss Phinehas, Digital Harbor High School Christiana Alapa, Eleanor Roosevelt High School Tolib Sanni II, Western School of Technology Anthony Ramirez-Roca, Western School of Technology Mao Yu Cheng, Northern High School Omo Imode, Havre de Grace High Oluwasayofunmi Odusote, Howard High School Jeffrey Gao, Marriotts Ridge High School Franco Molinari, James Hubert Blake High School Gabriel Diaz, Wheaton High School Khadija Ndiaye, Northwood High School Kamsy Umeaku, Paint Branch High School Eniola Aloba, Eleanor Roosevelt High School Jehan Idsassi, Eleanor Roosevelt High School Ernest Binfon, Jr,. Maryland International World School Oumou Sall, Western High School The recipients were chosen based on academic achievement, demonstrated leadership and participation in school and community activities.\n“Our scholarship recipients' unwavering dedication to academic excellence and their passion for leveraging technology to uplift communities is truly inspiring,” said Victor Reinoso, global director of education philanthropy at Amazon.\nIn Maryland, there are over 12,800 open computing jobs, but only 5,121 students graduated with a computer science degree in 2020, even while 99 percent of all public high schools offer a course.\nExpand All Read in NewsBreak",
    "highlightText": "",
    "highlightTitle": "",
    "highlightThreadTitle": "",
    "language": "english",
    "sentiment": "positive",
    "categories": [
        "Science and Technology",
        "Human Interest",
        "Education"
    ],
    "external_links": [
        "https://img.particlenews.com/image.php?type=thumbnail_580x000&url=2Ry4Tw_0sNplcNk00",
        "https://img.particlenews.com/image.php?url=2Ry4Tw_0sNplcNk00",
        "https://img.particlenews.com/image.php",
        "https://www.img.particlenews.com/image.php?type=thumbnail_580x000&url=2Ry4Tw_0sNplcNk00",
        "https://www.img.particlenews.com/image.php?url=2Ry4Tw_0sNplcNk00"
    ],
    "external_images": [],
    "entities": {
        "persons": [
            {
                "name": "rushaad hayward",
                "sentiment": "negative"
            },
            {
                "name": "mao yu cheng",
                "sentiment": "none"
            },
            {
                "name": "eleanor roosevelt",
                "sentiment": "none"
            },
            {
                "name": "christiana alapa",
                "sentiment": "none"
            },
            {
                "name": "tineta nkoronye",
                "sentiment": "none"
            },
            {
                "name": "jeffrey gao",
                "sentiment": "none"
            },
            {
                "name": "ernest binfon",
                "sentiment": "none"
            },
            {
                "name": "anthony ramirez",
                "sentiment": "none"
            },
            {
                "name": "franco molinari",
                "sentiment": "none"
            },
            {
                "name": "khadija ndiaye",
                "sentiment": "none"
            },
            {
                "name": "oumou sall",
                "sentiment": "none"
            },
            {
                "name": "jehan idsassi",
                "sentiment": "none"
            },
            {
                "name": "gabriel diaz",
                "sentiment": "none"
            },
            {
                "name": "roca",
                "sentiment": "none"
            }
        ],
        "organizations": [
            {
                "name": "maryland",
                "sentiment": "negative"
            },
            {
                "name": "james hubert blake high school",
                "sentiment": "none"
            },
            {
                "name": "digital harbor high school",
                "sentiment": "none"
            },
            {
                "name": "northwood high school kamsy umeaku",
                "sentiment": "none"
            },
            {
                "name": "elizabeth seton high school bliss phinehas",
                "sentiment": "none"
            },
            {
                "name": "wheaton high school",
                "sentiment": "none"
            },
            {
                "name": "eleanor roosevelt high school",
                "sentiment": "none"
            },
            {
                "name": "paint branch high school eniola aloba",
                "sentiment": "none"
            },
            {
                "name": "maryland international world school",
                "sentiment": "none"
            },
            {
                "name": "amazon",
                "sentiment": "none"
            },
            {
                "name": "howard high school",
                "sentiment": "none"
            },
            {
                "name": "western school of technology",
                "sentiment": "none"
            }
        ],
        "locations": []
    },
    "rating": null,
    "crawled": "2024-04-12T01:43:30.046+03:00",
    "updated": "2024-04-12T01:43:30.046+03:00"
}