{
    "thread": {
        "uuid": "5a5d043b856f04732f5d8b4564e08122f778d637",
        "url": "https://cryptomode.com/news/brc-20-leads-crypto-narratives",
        "site_full": "cryptomode.com",
        "site": "cryptomode.com",
        "site_section": "https://cryptomode.com/feed",
        "site_categories": [
            "finance"
        ],
        "section_title": "CryptoMode",
        "title": "BRC-20 Leads Among Crypto Narratives",
        "title_full": "BRC-20 Leads Among Crypto Narratives",
        "published": "2024-04-12T01:00:00.000+03:00",
        "replies_count": 0,
        "participants_count": 1,
        "site_type": "news",
        "country": "US",
        "main_image": "https://cryptomode.com/wp-content/uploads/2024/04/Cryptomode-Gaming-0124-38.png",
        "performance_score": 0,
        "domain_rank": 78465,
        "domain_rank_updated": "2024-04-09T13:11:30.000+03:00",
        "reach": null,
        "social": {
            "facebook": {
                "likes": 0,
                "comments": 0,
                "shares": 0
            },
            "gplus": {
                "shares": 0
            },
            "pinterest": {
                "shares": 0
            },
            "linkedin": {
                "shares": 0
            },
            "stumbledupon": {
                "shares": 0
            },
            "vk": {
                "shares": 0
            }
        }
    },
    "uuid": "5a5d043b856f04732f5d8b4564e08122f778d637",
    "url": "https://cryptomode.com/news/brc-20-leads-crypto-narratives",
    "ord_in_thread": 0,
    "parent_url": null,
    "author": "Olga Primakova",
    "published": "2024-04-12T01:00:00.000+03:00",
    "title": "BRC-20 Leads Among Crypto Narratives",
    "text": "According to Crypto Koryo’s Dune data, BRC-20 emerged as the top-performing crypto narrative last month (MTD).\nOrdinals scored 40.62% in this ranking , securing the top position. Account Abstraction followed closely behind, with 17.69%, and LSD L2 took third place with 17.05%.\nA performance of crypto narratives during MTD. Source: Dune BRC-20 vs ERC-20 With the introduction of the BRC-20 standard, the Bitcoin blockchain has expanded its capabilities to include non-fungible tokens (NFTs) .\nIn Q4, the blockchain surged ahead in sales volume , surpassing Ethereum with $1.27 billion compared to $881 million in organic volume, as reported by Coin98.\nA list of blockchains by sale volume in NFT. Source: Coin98 Analytics Fresh data from CryptoSlam further underscores the popularity of Bitcoin ordinals. According to the aggregator, the Uncategorized Ordinals collection holds the top spot in terms of sales volume over the past 24 hours.\nSales increased by 49.09% to $10.8 million, while the number of transactions increased by 71.94% to 12,115.\nOnce again, collections on the Bitcoin blockchain claimed the top two spots in this ranking. $PUPS BRC-20 NFTs secured second place, followed by NodeMonkes in third place.\nBRC-20 leads among NFT collections in sales volume over the last 24 hours. Source: CryptoSlam CryptoPunks and Bored Ape Yacht Club, previously dominant in the NFT space , have slipped to 8th and 9th place, respectively.\nFor instance, CryptoPunks saw sales totaling $778,414, a nearly 93% decrease compared to Uncategorized Ordinals.\nBRC-20 Outlook According to Dune statistics , Bitcoin Ordinals is one of the few crypto narratives exhibiting positive momentum.\nIn contrast, other narratives have experienced declines. For instance, the Decentralized Physical Infrastructure Network (DePIN) dropped by 13.08% in MTD performance, while real-world assets (RWA) lost 14.54%.\nDecentralized exchanges (DEX) led the anti-growth trend. However, NFTs in this ranking experienced a smaller decline of 5.27%. This could suggest a potential market revival fueled by Bitcoin ordinals.",
    "highlightText": "",
    "highlightTitle": "",
    "highlightThreadTitle": "",
    "language": "english",
    "sentiment": "positive",
    "categories": [
        "Economy, Business and Finance",
        "Science and Technology"
    ],
    "external_links": [
        "https://dune.com/cryptokoryo/btc-pairs",
        "https://www.dune.com/cryptokoryo/btc-pairs"
    ],
    "external_images": [],
    "entities": {
        "persons": [],
        "organizations": [
            {
                "name": "brc",
                "sentiment": "negative"
            },
            {
                "name": "crypto koryo",
                "sentiment": "negative"
            },
            {
                "name": "dune brc",
                "sentiment": "none"
            },
            {
                "name": "erc",
                "sentiment": "none"
            },
            {
                "name": "coin98 analytics fresh",
                "sentiment": "none"
            },
            {
                "name": "nft",
                "sentiment": "none"
            }
        ],
        "locations": []
    },
    "rating": null,
    "crawled": "2024-04-12T01:14:06.957+03:00",
    "updated": "2024-04-12T01:31:58.108+03:00"
}