{
    "thread": {
        "uuid": "4d2ee0182a833a02e3ff4a0022acb8c20f423833",
        "url": "https://www.prlog.org/13015858-aflatco-revolutionizes-the-apartment-rental-market-with-innovative-digital-platform.html",
        "site_full": "www.prlog.org",
        "site": "prlog.org",
        "site_section": "https://www.prlog.org/news",
        "site_categories": [
            "non_standard_content"
        ],
        "section_title": "Latest News (Press Releases)",
        "title": "AFlat.co Revolutionizes the Apartment Rental Market with Innovative Digital Platform -- AFlat.co | PRLog",
        "title_full": "AFlat.co Revolutionizes the Apartment Rental Market with Innovative Digital Platform -- AFlat.co | PRLog",
        "published": "2024-04-11T03:00:00.000+03:00",
        "replies_count": 0,
        "participants_count": 1,
        "site_type": "news",
        "country": "US",
        "main_image": "https://biz.prlog.org/AFlatco/logo.jpg",
        "performance_score": 0,
        "domain_rank": 3468,
        "domain_rank_updated": "2024-04-09T13:11:13.000+03:00",
        "reach": null,
        "social": {
            "facebook": {
                "likes": 0,
                "comments": 0,
                "shares": 0
            },
            "gplus": {
                "shares": 0
            },
            "pinterest": {
                "shares": 0
            },
            "linkedin": {
                "shares": 0
            },
            "stumbledupon": {
                "shares": 0
            },
            "vk": {
                "shares": 0
            }
        }
    },
    "uuid": "4d2ee0182a833a02e3ff4a0022acb8c20f423833",
    "url": "https://www.prlog.org/13015858-aflatco-revolutionizes-the-apartment-rental-market-with-innovative-digital-platform.html",
    "ord_in_thread": 0,
    "parent_url": null,
    "author": "AFlat.co",
    "published": "2024-04-11T03:00:00.000+03:00",
    "title": "AFlat.co Revolutionizes the Apartment Rental Market with Innovative Digital Platform -- AFlat.co | PRLog",
    "text": "Filter News News By Country |Fr||Th||We||Tu||Mo||Su||Sa| AFlat.co Revolutionizes the Apartment Rental Market with Innovative Digital Platform New England-based Startup AFlat.co Aims to Simplify the Renting Process for Millions of Americans By: NEW ENGLAND, Mass. - April 11, 2024 - Founded by veterans in the rental space, The platform's innovative approach allows tenants to create a comprehensive profile, detailing their ideal living situation. Landlords can then directly offer flats that meet these specified needs, significantly cutting down on the back-and-forth and inefficiencies of traditional renting processes. For media inquiries, please contact: About AFlat.co: Contact AFlat.co End |:||Tags||:||Industry||:||Location||:||Subject||:| Account Email Address Account Phone Number",
    "highlightText": "",
    "highlightTitle": "",
    "highlightThreadTitle": "",
    "language": "english",
    "sentiment": "positive",
    "categories": [
        "Science and Technology",
        "Economy, Business and Finance"
    ],
    "external_links": [],
    "external_images": [],
    "entities": {
        "persons": [
            {
                "name": "kirill balchenkoff",
                "sentiment": "none"
            }
        ],
        "organizations": [
            {
                "name": "innovative digital platform new england",
                "sentiment": "negative"
            }
        ],
        "locations": [
            {
                "name": "boston",
                "sentiment": "none"
            }
        ]
    },
    "rating": null,
    "crawled": "2024-04-12T01:16:35.161+03:00",
    "updated": "2024-04-12T12:04:36.290+03:00"
}