{
    "thread": {
        "uuid": "f5eb9a1c2925c055c067cfa3499504534e3d3f0f",
        "url": "https://phandroid.com/2024/04/11/7-ways-to-use-google-pay-like-a-pro",
        "site_full": "phandroid.com",
        "site": "phandroid.com",
        "site_section": "http://phandroid.com/feed/",
        "site_categories": [
            "cell_phones",
            "tech"
        ],
        "section_title": "Phandroid",
        "title": "7 ways to use Google Pay like a Pro!",
        "title_full": "7 ways to use Google Pay like a Pro!",
        "published": "2024-04-12T00:57:00.000+03:00",
        "replies_count": 0,
        "participants_count": 1,
        "site_type": "news",
        "country": "US",
        "main_image": "https://phandroid.com/wp-content/uploads/2021/03/Google-Pay-Insights.jpg",
        "performance_score": 0,
        "domain_rank": 15212,
        "domain_rank_updated": "2024-04-09T13:11:13.000+03:00",
        "reach": null,
        "social": {
            "facebook": {
                "likes": 0,
                "comments": 0,
                "shares": 0
            },
            "gplus": {
                "shares": 0
            },
            "pinterest": {
                "shares": 0
            },
            "linkedin": {
                "shares": 0
            },
            "stumbledupon": {
                "shares": 0
            },
            "vk": {
                "shares": 0
            }
        }
    },
    "uuid": "f5eb9a1c2925c055c067cfa3499504534e3d3f0f",
    "url": "https://phandroid.com/2024/04/11/7-ways-to-use-google-pay-like-a-pro",
    "ord_in_thread": 0,
    "parent_url": null,
    "author": "Specious Coda-Bishop",
    "published": "2024-04-12T00:57:00.000+03:00",
    "title": "7 ways to use Google Pay like a Pro!",
    "text": "Google Pay has revolutionized the way we handle payments, making transactions quick, convenient, and secure. We’ll share the best tips and tricks on how to use it like a pro. Starting from making payments to managing your cards and rewards. And hopefully, share some things you didn’t already know about Google’s payment platform.\nAdd Multiple Payment Methods Did you know that Google Pay allows you to add multiple payment methods, including credit cards, debit cards, and even PayPal? By adding all your preferred payment methods, you’ll have flexibility and convenience when making purchases online or in-store.\nManage Loyalty Cards and Rewards Take advantage of Google Pay ‘s loyalty card and rewards feature to keep track of your loyalty programs and earn rewards with every purchase. Simply add your loyalty cards, and they’ll be easily accessible whenever you need them.\nSend and Receive Money Need to split the bill with friends or send money to family members? Google Pay makes it easy to send and receive money directly from your phone. Whether you’re splitting dinner, paying rent, or sending a gift, you can do it all with just a few taps in the app.\nTap to Pay Forget fumbling for your wallet or digging through your purse—the tap-to-pay feature allows you to make contactless payments with your phone at millions of stores worldwide. Simply unlock your phone, hold it near the payment terminal, and you’re good to go. It’s fast, secure, and incredibly convenient.\nUse Google Pay on Websites and Apps\nWhen shopping online or using mobile apps, Google Pay makes checkout a breeze. Look for the Google Pay button at checkout and tap to complete your purchase quickly and securely. No more entering payment and shipping information every time you shop.\nStay Organized with Transaction History Keep track of your spending and view detailed transaction history directly within the Google Pay app. Easily monitor your purchases, track expenses, and stay on top of your finances with this handy feature. You can also set up notifications for every transaction to receive real-time alerts on your phone.\nSecure Your Account Protect your account with additional security features, such as fingerprint or face unlock authentication. You can also enable Google’s built-in security measures, like device encryption and remote device wipe, for added peace of mind. With these safeguards in place, you can use Google Pay confidently, knowing your information is secure.\nMany ways to pay With its seamless integration, convenient features, and robust security measures, Google Pay has become an indispensable tool for managing payments and finances. By mastering these tips and tricks, you can take your experience to the next level and streamline your payment process like a pro. Whether you’re making purchases in-store, online, or sending money to friends, Google Pay makes it easier than ever to handle your transactions with ease.",
    "highlightText": "",
    "highlightTitle": "",
    "highlightThreadTitle": "",
    "language": "english",
    "sentiment": "positive",
    "categories": [
        "Science and Technology",
        "Lifestyle and Leisure",
        "Economy, Business and Finance"
    ],
    "external_links": [
        "https://www.support.google.com/googlepay/answer/10195325?hl=en&co=GENIE.CountryCode%3DUS",
        "https://support.google.com/googlepay/answer/10195325",
        "https://support.google.com/googlepay/answer/10195325?hl=en&co=GENIE.CountryCode%3DUS"
    ],
    "external_images": [],
    "entities": {
        "persons": [],
        "organizations": [
            {
                "name": "google",
                "sentiment": "negative"
            },
            {
                "name": "paypal",
                "sentiment": "none"
            }
        ],
        "locations": []
    },
    "rating": null,
    "crawled": "2024-04-12T01:18:53.098+03:00",
    "updated": "2024-04-12T02:34:11.977+03:00"
}