{
    "thread": {
        "uuid": "5fb302e77ffc2a20d89fb5cb727116857024a077",
        "url": "https://menafn.com/1108085845/Darling-Ingredients-Inc-Identifies-Collagen-Peptide-Profiles-For-Targeted-Health-Benefits",
        "site_full": "menafn.com",
        "site": "menafn.com",
        "site_section": "http://emm.newsbrief.eu/rss/rss?type=rtn&language=en&duplicates=false",
        "site_categories": [
            "investing",
            "financial_news",
            "finance"
        ],
        "section_title": "Latest news clusters for en",
        "title": "Darling Ingredients Inc. Identifies Collagen Peptide Profiles For Targeted Health Benefits | MENAFN.COM",
        "title_full": "Darling Ingredients Inc. Identifies Collagen Peptide Profiles For Targeted Health Benefits | MENAFN.COM",
        "published": "2024-04-11T03:00:00.000+03:00",
        "replies_count": 0,
        "participants_count": 1,
        "site_type": "news",
        "country": "US",
        "main_image": "https://menafn.com/includes/img/logo.jpg",
        "performance_score": 0,
        "domain_rank": 6496,
        "domain_rank_updated": "2024-04-09T13:11:13.000+03:00",
        "reach": null,
        "social": {
            "facebook": {
                "likes": 0,
                "comments": 0,
                "shares": 0
            },
            "gplus": {
                "shares": 0
            },
            "pinterest": {
                "shares": 0
            },
            "linkedin": {
                "shares": 0
            },
            "stumbledupon": {
                "shares": 0
            },
            "vk": {
                "shares": 0
            }
        }
    },
    "uuid": "5fb302e77ffc2a20d89fb5cb727116857024a077",
    "url": "https://menafn.com/1108085845/Darling-Ingredients-Inc-Identifies-Collagen-Peptide-Profiles-For-Targeted-Health-Benefits",
    "ord_in_thread": 0,
    "parent_url": null,
    "author": "MENAFN",
    "published": "2024-04-11T03:00:00.000+03:00",
    "title": "Darling Ingredients Inc. Identifies Collagen Peptide Profiles For Targeted Health Benefits | MENAFN.COM",
    "text": "( MENAFN - PR Newswire) IRVING, Texas, April 11, 2024 /PRNewswire/ -- Darling Ingredients Inc. (NYSE: DAR ) today announced that, through a proprietary process, it has identified a portfolio of collagen peptide profiles that are believed to provide targeted health and wellness benefits. During scientific trials, these active collagen peptide profiles have demonstrated that collagen can be beneficial for a variety of common health and wellness concerns, such as reducing post-meal blood sugar spike, in a natural way, in healthy individuals. The company is also working on a number of other active collagen products for targeted health and wellness benefits.\n\"Darling Ingredients has unlocked the next wave of collagen-based solutions that are truly revolutionary. Produced through our proprietary process, we have discovered a way to use natural collagen for targeted health benefits,\" said Randall\nC. Stuewe, Chairman and CEO. \"We are extremely encouraged by our discovery and are working with a variety of consumer products companies to bring these products to market.\"\nIn the Fall of 2024, Darling Ingredients' health and wellness brand Rousselot plans to bring to market to consumer products companies its first active collagen peptide that aims to reduce the post-meal blood sugar spike in healthy individuals.\n\"This is a game-changing discovery that opens many new product launches,\" Stuewe said. \"Built on science with patents pending, we will continue to leverage the power of native collagen to develop a number of solutions, each with targeted health benefits.\"\nAbout Darling Ingredients\nA pioneer in circularity, Darling Ingredients Inc. (NYSE: DAR ) takes material\nfrom the animal agriculture and food industries, and transforms them into valuable ingredients that nourish people, feed animals and crops, and fuel the world with renewable energy.\nThe company operates over 260 facilities in more than 15 countries and processes about 15% of the world's animal agricultural by-products, produces about 30% of the world's collagen (both gelatin and hydrolyzed collagen), and is one of the largest producers of renewable energy. To learn more, visit darlingii. Follow us on LinkedIn .\nDarling Ingredients Contacts\nInvestors:\nSuann Guthrie\nSenior VP, Investor Relations, Sustainability & Communications\n(469) 214-8202;\n[email protected]\nMedia:\nJillian Fleming\nDirector, Global Communications\n(972) 541-7115;\n[email protected]\nSOURCE Darling Ingredients Inc.\nMENAFN11042024003732001241ID1108085845\nLegal Disclaimer:\nMENAFN provides the information “as is” without warranty of any kind. We do not accept any responsibility or liability for the accuracy, content, images, videos, licenses, completeness, legality, or reliability of the information contained in this article. If you have any complaints or copyright issues related to this article, kindly contact the provider above.",
    "highlightText": "",
    "highlightTitle": "",
    "highlightThreadTitle": "",
    "language": "english",
    "sentiment": "positive",
    "categories": [
        "Health",
        "Science and Technology",
        "Economy, Business and Finance"
    ],
    "external_links": [],
    "external_images": [],
    "entities": {
        "persons": [
            {
                "name": "stuewe",
                "sentiment": "none"
            },
            {
                "name": "rousselot",
                "sentiment": "none"
            }
        ],
        "organizations": [
            {
                "name": "darling ingredients inc",
                "sentiment": "neutral"
            },
            {
                "name": "darling ingredients inc.",
                "sentiment": "none"
            },
            {
                "name": "darling ingredients",
                "sentiment": "none"
            },
            {
                "name": "nyse",
                "sentiment": "none"
            }
        ],
        "locations": []
    },
    "rating": null,
    "crawled": "2024-04-12T01:12:45.943+03:00",
    "updated": "2024-04-12T01:58:27.445+03:00"
}