{
    "thread": {
        "uuid": "52fb7a89bf76e5ee36ddd2b7ee8866141badc8ea",
        "url": "https://www.dealighted.com/main/page/comment/Logitech_MK550_Wireless_Wave_All_Day_Comfort_Combo_29_99_Free_Ship_17422035",
        "site_full": "www.dealighted.com",
        "site": "dealighted.com",
        "site_section": "https://www.dealighted.com/dealighted_rss.xml",
        "site_categories": [
            "couponing",
            "shopping"
        ],
        "section_title": "Dealighted.com Top User Posted Deals",
        "title": "Logitech MK550 Wireless Wave All-Day Comfort Combo - $29.99 + Free Ship",
        "title_full": "Logitech MK550 Wireless Wave All-Day Comfort Combo - $29.99 + Free Ship",
        "published": "2024-04-11T22:11:00.000+03:00",
        "replies_count": 0,
        "participants_count": 0,
        "site_type": "news",
        "country": "US",
        "main_image": "",
        "performance_score": 0,
        "domain_rank": 57613,
        "domain_rank_updated": "2024-04-09T13:11:21.000+03:00",
        "reach": null,
        "social": {
            "facebook": {
                "likes": 0,
                "comments": 0,
                "shares": 0
            },
            "gplus": {
                "shares": 0
            },
            "pinterest": {
                "shares": 0
            },
            "linkedin": {
                "shares": 0
            },
            "stumbledupon": {
                "shares": 0
            },
            "vk": {
                "shares": 0
            }
        }
    },
    "uuid": "52fb7a89bf76e5ee36ddd2b7ee8866141badc8ea",
    "url": "https://www.dealighted.com/main/page/comment/Logitech_MK550_Wireless_Wave_All_Day_Comfort_Combo_29_99_Free_Ship_17422035",
    "ord_in_thread": 0,
    "parent_url": null,
    "author": null,
    "published": "2024-04-11T22:11:00.000+03:00",
    "title": "Logitech MK550 Wireless Wave All-Day Comfort Combo - $29.99 + Free Ship",
    "text": "Yesterday, 6:02 pm\nLogitech G903 LIGHTSPEED Wireless Gaming Mouse with HERO Sensor $29.99 + Free Ship\nCoupon by RoxstarForever\nToday, 8:30 pm\nLogitech Mouse, Keyboard & Combo Sale - Save $5, $9.99 to $29.99 + Free Ship (New & Open Box)\nCoupon by RoxstarForever\nCoupon by dissension89\nCoupon by Norrir\n1 Apr, 2:52 pm\nBeats By Dr. Dre Powerbeats 2 Wireless Earbuds (Loose Pack) - $29.99 + Free Ship $19.99\nCoupon by RoxstarForever\n5 Apr, 12:44 am\nLogitech - Combo Touch Keyboard Folio for Apple iPad Air 10.9\" (5th & 4th Gen) for $119.99; Combo Touch Keyboard Folio for Apple iPad Pro 12.9\" (5th & 6th Gen) for $149.99\nCoupon by VolunteerApeMan\n5 Apr, 7:06 pm\nLogitech MX Mechanical Full Size Wireless Backlit Keyboard w/ Tactile Switch $108.80 after 20% Recycle & Save Coupon + Free S/H\nCoupon by p0tential\n30 Mar, 2:32 am\nLogitech MX Keys Advanced Wireless Illuminated Keyboard, Tactile Responsive Typing, Backlighting, Bluetooth, USB-C, Apple macOS, Microsoft Windows, Linux, iOS, Android, M - $85.81\nCoupon by dude1974\n2 Apr, 3:12 pm\nUGREEN Silent Wireless Full-Size Keyboard & Mouse Combo $14 + Free Shipping w/ Prime or $35+ orders\nCoupon by Red_Liz\n8 Apr, 9:39 pm\nExisting/Eligible Raising Cane's Caniac Club Card Members a Free Box Combo w/ Purchase of a Box Combo YMMV\nCoupon by ohsnapz\n3 Apr, 1:39 pm\nGreenworks 80V 21” Lawn Mower, 13” String Trimmer, and 730 Leaf Blower Combo with 4 Ah Battery & Charger) 3-piece combo Green 1345202 - Best Buy $599.99\nCoupon by koomoo\n2 Apr, 3:40 pm\nDEWALT - Brush 20V MAX Cordless Drill Combo Kit, 2-Tool (DCK240C2) Yellow/Black Drill Driver/Impact Combo Kit $139 Amazon\nCoupon by Mathews001\n7 Apr, 10:30 am\n17-Piece HART Magnetic Screwdriver Set with Comfort Grip $10.90 + Free S&H w/ Walmart+ or $35+\nCoupon by Rokket\n9 Apr, 10:40 pm\nAthletic Works Women's Comfort Crossband Slip On Shoes (Black) $9.39 + Free Shipping w/ Walmart+ or on $35+\nCoupon by LolaBunny21\n9 Apr, 2:31 am\nAmazon Essentials Men's Classic-Fit 9\" Comfort Stretch Chino Short (Various Colors & Sizes) $7.40 + Free Shipping w/ Prime or on $35+\nCoupon by babgaly\n3 Apr, 3:19 pm\nLightning Deal: Amazon Essentials Men's Slim-Fit 11\" Lightweight Comfort Stretch Oxford Short (Metallic Silver) $10 + Free Shipping w/ Prime or on $35+\nCoupon by Navy-Wife\n3 Apr, 4:30 pm\n0.5-Oz Visine Red Eye Hydrating Comfort Redness Relief and Lubricant Eye Drops $4.65 w/ S&S + Free Shipping w/ Prime or on $35+\nCoupon by babgaly\n5 Apr, 2:10 pm\nVarious Logitech Keyboards, Mouse, Headsets on sale Woot $2\nCoupon by AmusedStove7007\nToday, 6:10 am\n$28: Logitech for Creators Blue Snowball iCE USB Microphone\nCoupon by phoinix\n29 Mar, 7:30 pm\n$30: Logitech for Creators Blue Snowball iCE USB Microphone\nCoupon by phoinix\nCoupon by phoinix\n6 Apr, 11:55 am\nTOZO T20 Wireless Earbuds Bluetooth Headphones 48.5 Hrs Playtime, IPX8 Waterproof, Dual Mic Call Noise Cancelling with Wireless Charging Case Black $29.99\nCoupon by Mathews001\nCoupon by PennyFound\nCoupon by johnny_miller",
    "highlightText": "",
    "highlightTitle": "",
    "highlightThreadTitle": "",
    "language": "english",
    "sentiment": "positive",
    "categories": [
        "Science and Technology",
        "Economy, Business and Finance"
    ],
    "external_links": [],
    "external_images": [],
    "entities": {
        "persons": [
            {
                "name": "dre powerbeats",
                "sentiment": "none"
            }
        ],
        "organizations": [
            {
                "name": "lightspeed",
                "sentiment": "negative"
            },
            {
                "name": "logitech",
                "sentiment": "negative"
            },
            {
                "name": "norrir",
                "sentiment": "none"
            },
            {
                "name": "logitech mx mechanical full size wireless backlit keyboard w/ tactile switch",
                "sentiment": "none"
            },
            {
                "name": "volunteerapeman",
                "sentiment": "none"
            },
            {
                "name": "microsoft",
                "sentiment": "none"
            },
            {
                "name": "logitech mouse",
                "sentiment": "none"
            }
        ],
        "locations": []
    },
    "rating": null,
    "crawled": "2024-04-12T01:17:55.384+03:00",
    "updated": "2024-04-12T01:17:55.384+03:00"
}