{
    "thread": {
        "uuid": "8331077b15ef7cb7b9ae457cdbdbd9a7f2a30b87",
        "url": "https://flipboard.com/article/researchers-make-breakthrough-discovery-that-could-change-the-way-we-approach-fa/f-68251b1b65%2Fthecooldown.com",
        "site_full": "flipboard.com",
        "site": "flipboard.com",
        "site_section": "https://flipboard.com/topic/genes",
        "site_categories": [
            "family_and_parenting",
            "eldercare"
        ],
        "section_title": "Discover More in Genes on Flipboard",
        "title": "Researchers make breakthrough discovery that could change the way we approach farming in polluted soils: 'All of [a] sudden it's resistant' | Flipboard",
        "title_full": "Researchers make breakthrough discovery that could change the way we approach farming in polluted soils: 'All of [a] sudden it's resistant' | Flipboard",
        "published": "2024-04-11T03:00:00.000+03:00",
        "replies_count": 0,
        "participants_count": 1,
        "site_type": "news",
        "country": "US",
        "main_image": "https://ic-cdn.flipboard.com/thecooldown.com/62595d0446f6edd812108c494f32749db2103069/_medium.jpeg",
        "performance_score": 0,
        "domain_rank": 1217,
        "domain_rank_updated": "2024-04-09T13:11:13.000+03:00",
        "reach": null,
        "social": {
            "facebook": {
                "likes": 0,
                "comments": 0,
                "shares": 0
            },
            "gplus": {
                "shares": 0
            },
            "pinterest": {
                "shares": 0
            },
            "linkedin": {
                "shares": 0
            },
            "stumbledupon": {
                "shares": 0
            },
            "vk": {
                "shares": 0
            }
        }
    },
    "uuid": "8331077b15ef7cb7b9ae457cdbdbd9a7f2a30b87",
    "url": "https://flipboard.com/article/researchers-make-breakthrough-discovery-that-could-change-the-way-we-approach-fa/f-68251b1b65%2Fthecooldown.com",
    "ord_in_thread": 0,
    "parent_url": null,
    "author": "thecooldown.com - Jeremiah Budin",
    "published": "2024-04-11T03:00:00.000+03:00",
    "title": "Researchers make breakthrough discovery that could change the way we approach farming in polluted soils: 'All of [a] sudden it's resistant' | Flipboard",
    "text": "Researchers make breakthrough discovery that could change the way we approach farming in polluted soils: 'All of [a] sudden it's resistant' Scientists have made a discovery that could help to grow plants in polluted soil.A Washington State University-led research team discovered that …\nthecooldown.com - Jeremiah Budin • 3h",
    "highlightText": "",
    "highlightTitle": "",
    "highlightThreadTitle": "",
    "language": "english",
    "sentiment": "positive",
    "categories": [
        "Science and Technology",
        "Environment"
    ],
    "external_links": [],
    "external_images": [],
    "entities": {
        "persons": [
            {
                "name": "dimmick",
                "sentiment": "none"
            }
        ],
        "organizations": [
            {
                "name": "washington state university",
                "sentiment": "none"
            },
            {
                "name": "un",
                "sentiment": "none"
            },
            {
                "name": "smart house",
                "sentiment": "none"
            }
        ],
        "locations": [
            {
                "name": "san joaquin valley",
                "sentiment": "none"
            },
            {
                "name": "tulare lake",
                "sentiment": "none"
            },
            {
                "name": "california",
                "sentiment": "none"
            }
        ]
    },
    "rating": null,
    "crawled": "2024-04-12T00:10:26.290+03:00",
    "updated": "2024-04-12T00:27:20.249+03:00"
}