{
    "thread": {
        "uuid": "444752cd1d8744ca3f33027ce2540e2a3f7cbe2b",
        "url": "https://flipboard.com/article/how-to-unlock-the-superblack-shader-in-destiny-2/f-7ba30edcce%2Fgamespot.com",
        "site_full": "flipboard.com",
        "site": "flipboard.com",
        "site_section": "https://flipboard.com/topic/xboxone",
        "site_categories": [
            "family_and_parenting",
            "eldercare"
        ],
        "section_title": "Discover More in Xbox One on Flipboard",
        "title": "How To Unlock The Superblack Shader In Destiny 2 | Flipboard",
        "title_full": "How To Unlock The Superblack Shader In Destiny 2 | Flipboard",
        "published": "2024-04-11T03:00:00.000+03:00",
        "replies_count": 0,
        "participants_count": 1,
        "site_type": "news",
        "country": "US",
        "main_image": "https://ic-cdn.flipboard.com/gamespot.com/f04f2e5b522cbc7cc9c3a6454cdda2263b83d4aa/_medium.jpeg",
        "performance_score": 0,
        "domain_rank": 1217,
        "domain_rank_updated": "2024-04-09T13:11:13.000+03:00",
        "reach": null,
        "social": {
            "facebook": {
                "likes": 0,
                "comments": 0,
                "shares": 0
            },
            "gplus": {
                "shares": 0
            },
            "pinterest": {
                "shares": 0
            },
            "linkedin": {
                "shares": 0
            },
            "stumbledupon": {
                "shares": 0
            },
            "vk": {
                "shares": 0
            }
        }
    },
    "uuid": "444752cd1d8744ca3f33027ce2540e2a3f7cbe2b",
    "url": "https://flipboard.com/article/how-to-unlock-the-superblack-shader-in-destiny-2/f-7ba30edcce%2Fgamespot.com",
    "ord_in_thread": 0,
    "parent_url": null,
    "author": "GameSpot - Phil Hornshaw",
    "published": "2024-04-11T03:00:00.000+03:00",
    "title": "How To Unlock The Superblack Shader In Destiny 2 | Flipboard",
    "text": "How To Unlock The Superblack Shader In Destiny 2 A favorite shader from the original Destiny returns with Destiny 2: Into the Light--here's what you need to do to earn it. With Destiny 2: Into the Light, Bungie has brought back a number of fan-favorites, including 12 weapons and two of its best Exotic missions. The new content drop also brings …\nGameSpot - Phil Hornshaw • 8h",
    "highlightText": "",
    "highlightTitle": "",
    "highlightThreadTitle": "",
    "language": "english",
    "sentiment": "positive",
    "categories": [
        "Lifestyle and Leisure",
        "Science and Technology",
        "Arts, Culture and Entertainment"
    ],
    "external_links": [],
    "external_images": [],
    "entities": {
        "persons": [
            {
                "name": "ostrom",
                "sentiment": "none"
            },
            {
                "name": "tiktoker lainey ostrom",
                "sentiment": "none"
            }
        ],
        "organizations": [
            {
                "name": "bungie",
                "sentiment": "none"
            }
        ],
        "locations": []
    },
    "rating": null,
    "crawled": "2024-04-12T00:05:58.562+03:00",
    "updated": "2024-04-12T08:43:33.822+03:00"
}