{
    "thread": {
        "uuid": "92de48d31f49f4b38832be70cd83a8e60b6a9306",
        "url": "https://grabien.com/story.php?id=476199",
        "site_full": "grabien.com",
        "site": "grabien.com",
        "site_section": "https://www.grabien.com/rss.php?type=stories",
        "site_categories": [
            "television",
            "health",
            "non_standard_content",
            "exercise",
            "entertainment"
        ],
        "section_title": "Grabien RSS",
        "title": "MSNBC’s Nicolle Wallace: How Do You ‘Fix’ Trump Supporters?; ‘How Do You Help People That Must Hate Themselves?’",
        "title_full": "MSNBC’s Nicolle Wallace: How Do You ‘Fix’ Trump Supporters?; ‘How Do You Help People That Must Hate Themselves?’",
        "published": "2024-06-06T23:25:00.000+03:00",
        "replies_count": 0,
        "participants_count": 0,
        "site_type": "news",
        "country": "US",
        "main_image": "https://clipscache2.grabien.com/clipsbank/2446/framelarge/2446145.jpg",
        "performance_score": 0,
        "domain_rank": 74880,
        "domain_rank_updated": "2024-06-04T13:08:20.000+03:00",
        "reach": null,
        "social": {
            "facebook": {
                "likes": 0,
                "comments": 0,
                "shares": 0
            },
            "gplus": {
                "shares": 0
            },
            "pinterest": {
                "shares": 0
            },
            "linkedin": {
                "shares": 0
            },
            "stumbledupon": {
                "shares": 0
            },
            "vk": {
                "shares": 0
            }
        }
    },
    "uuid": "92de48d31f49f4b38832be70cd83a8e60b6a9306",
    "url": "https://grabien.com/story.php?id=476199",
    "ord_in_thread": 0,
    "parent_url": null,
    "author": null,
    "published": "2024-06-06T23:25:00.000+03:00",
    "title": "MSNBC’s Nicolle Wallace: How Do You ‘Fix’ Trump Supporters?; ‘How Do You Help People That Must Hate Themselves?’",
    "text": "Find\nClipsBank\nNewsBase\nRadioBank\nPodBank\nPhotoBank\nTranscriptBank\nClip\nLiveClipper\nNewsClipper\nTVClipper\nWebClipper\nRadioClipper\nPodClipper\nNewsMonitor\nCityMonitor\nShare\nUpload\nGIFCreator\nLiveShare\nShowCaster\nAbout\nNews\nHow-To\nRSS\nLogin\nRegister\nNews\nLists\nClips\nUsername or e-mail\nPassword\nMSNBC’s Nicolle Wallace: How Do You ‘Fix’ Trump Supporters?; ‘How Do You Help People That Must Hate Themselves?’\n‘I don’t recommend that we hate those people’\nNews & Politics\nVideo files\nFull\nCompact\nSort by\nDate\nSummary\nRelevance\nPopularity\nPer page\n8\n12\n16\nAudio files\nFull\nCompact\nSort by\nDate\nSummary\nRelevance\nPopularity\nPer page\n8\n12\n16\nRecipient e-mail\nMessage (optional)\nPreview\ng\nFind\nClipsBank\nNewsBase\nRadioBank\nPodBank\nPhotoBank\nTranscriptBank\nClip\nLiveClipper\nNewsClipper\nTVClipper\nWebClipper\nRadioClipper\nPodClipper\nNewsMonitor\nCityMonitor\nShare\nUpload\nGIFCreator\nLiveShare\nShowCaster\nAbout\nFAQ\nRules\nPrivacy Policy\nStyle Guide\nTeam\nOur Story\nOur Manifesto\nContact\nNews\nHow-To\nRSS\nCopyright Grabien Inc. 2024. All Rights Reserved",
    "highlightText": "",
    "highlightTitle": "",
    "highlightThreadTitle": "",
    "language": "english",
    "sentiment": "negative",
    "categories": [
        "Politics",
        "Social Issue",
        "Human Interest"
    ],
    "webz_reporter": false,
    "external_links": [],
    "external_images": [],
    "entities": {
        "persons": [
            {
                "name": "nicolle wallace",
                "sentiment": "negative"
            }
        ],
        "organizations": [
            {
                "name": "msnbc",
                "sentiment": "negative"
            },
            {
                "name": "’ news & politics video",
                "sentiment": "none"
            }
        ],
        "locations": []
    },
    "rating": null,
    "crawled": "2024-06-07T00:26:20.665+03:00",
    "updated": "2024-06-07T00:26:20.665+03:00"
}