{
    "thread": {
        "uuid": "2552453d04e1a73442997f3ff01cc4376e411701",
        "url": "https://www.meneame.net/story/ingenieros-tecnicos-informaticos-quejan-begona-gomez-intrusismo/c011",
        "site_full": "www.meneame.net",
        "site": "meneame.net",
        "site_section": "http://meneame.net//comments_rss",
        "site_categories": [
            "non_standard_content",
            "adult",
            "top_news"
        ],
        "section_title": "Menéame: comentarios",
        "title": "#11 Los ingenieros técnicos informáticos se quejan de Begoña Gómez por intrusismo profesional",
        "title_full": "#11 Los ingenieros técnicos informáticos se quejan de Begoña Gómez por intrusismo profesional",
        "published": "2024-06-06T22:44:00.000+03:00",
        "replies_count": 0,
        "participants_count": 1,
        "site_type": "news",
        "country": "ES",
        "main_image": "https://meneame.net/img/logo_meneame.png",
        "performance_score": 0,
        "domain_rank": 11042,
        "domain_rank_updated": "2024-06-04T13:08:15.000+03:00",
        "reach": null,
        "social": {
            "facebook": {
                "likes": 0,
                "comments": 0,
                "shares": 0
            },
            "gplus": {
                "shares": 0
            },
            "pinterest": {
                "shares": 0
            },
            "linkedin": {
                "shares": 0
            },
            "stumbledupon": {
                "shares": 0
            },
            "vk": {
                "shares": 0
            }
        }
    },
    "uuid": "2552453d04e1a73442997f3ff01cc4376e411701",
    "url": "https://www.meneame.net/story/ingenieros-tecnicos-informaticos-quejan-begona-gomez-intrusismo/c011",
    "ord_in_thread": 0,
    "parent_url": null,
    "author": "Caravan_Palace",
    "published": "2024-06-06T22:44:00.000+03:00",
    "title": "#11 Los ingenieros técnicos informáticos se quejan de Begoña Gómez por intrusismo profesional",
    "text": "[xupiri](/user/xupiri)a [theobjective.com](/go/link/3947089) [#5](c5#c-5) normal, ya te dije ayer que en meneame no se toleran los medios basura.\nPero tampoco vayas de adivino que estaba cerrada ya hace más de 5 m\n[#7](c7#c-7) censura? No, la censura sería no dejar publicar a the Objetive. Que la gente elija lo que consume o no consume no es censura.\nPruébate con otro, a mí no me engañas con semejante trola.\n[#10](c10#c-10) si,.solo me faltaba a mí tener que justificar algo ante ti. Como si a ti te importase algo la verdad.\nThe Objetive es una basura y hundir sus noticias de mierda en meneame no es censura por muchos emoticonos simpáticos que pongas. Cuando intentes entrar a las web de the Objetive y no se pueda, entonces podrás hablar de censura.\nPero insisto. A ti te importa una mierda la realidad..\nBuenas noches.\n[#12](c12#c-12) exacto. Esa es una buena definición de censura. Ahora abre el navegador, entra en la web de the Objetive y si no te dejan leer la noticia me avisas que yo estoy aquí para defender tu derecho a la información y el derecho de los asquerosos de the Objetive a publicar lo que ellos quieran sin que se les censure.\nEso si, avísame para ayudarte en eso. Para más chorradas como las que estás escribiendo, preferiría que no me molestases",
    "highlightText": "",
    "highlightTitle": "",
    "highlightThreadTitle": "",
    "language": "spanish",
    "sentiment": "negative",
    "categories": [
        "Social Issue",
        "Politics"
    ],
    "webz_reporter": false,
    "external_links": [],
    "external_images": [],
    "entities": {
        "persons": [],
        "organizations": [],
        "locations": []
    },
    "rating": null,
    "crawled": "2024-06-07T00:03:02.401+03:00",
    "updated": "2024-06-07T00:03:02.401+03:00"
}