{
    "thread": {
        "uuid": "aaf0a646ca196627463fa074d95dbdeb0c4dcde1",
        "url": "https://www.democraticunderground.com/100219014161",
        "site_full": "www.democraticunderground.com",
        "site": "democraticunderground.com",
        "site_section": "https://democraticunderground.com/?com=latest_threads",
        "site_categories": [
            "politics",
            "law_government_and_politics",
            "media"
        ],
        "section_title": "Latest Discussions - Democratic Underground Forums",
        "title": "Is a blue suit and a long red tie an American swastika? - Democratic Underground Forums",
        "title_full": "Is a blue suit and a long red tie an American swastika? - Democratic Underground Forums",
        "published": "2024-06-07T00:14:00.000+03:00",
        "replies_count": 0,
        "participants_count": 0,
        "site_type": "news",
        "country": "US",
        "main_image": "https://www.democraticunderground.com/imgs/du100x100.gif",
        "performance_score": 0,
        "domain_rank": 11163,
        "domain_rank_updated": "2024-06-04T13:08:15.000+03:00",
        "reach": null,
        "social": {
            "facebook": {
                "likes": 0,
                "comments": 0,
                "shares": 0
            },
            "gplus": {
                "shares": 0
            },
            "pinterest": {
                "shares": 0
            },
            "linkedin": {
                "shares": 0
            },
            "stumbledupon": {
                "shares": 0
            },
            "vk": {
                "shares": 0
            }
        }
    },
    "uuid": "aaf0a646ca196627463fa074d95dbdeb0c4dcde1",
    "url": "https://www.democraticunderground.com/100219014161",
    "ord_in_thread": 0,
    "parent_url": null,
    "author": null,
    "published": "2024-06-07T00:14:00.000+03:00",
    "title": "Is a blue suit and a long red tie an American swastika? - Democratic Underground Forums",
    "text": "Welcome to DU! The truly grassroots left-of-center political community where regular people, not algorithms, drive the discussions and set the standards. Join the community: [Create a free account](/?com=login&create=1)Support DU (and get rid of ads!): [Become a Star Member](/star) [Latest Breaking News](/?com=forum&id=1014) [General Discussion](/?com=forum&id=1002) [The DU Lounge](/?com=forum&id=1018) [All Forums](/?com=forums) [Issue Forums](/?com=forum&id=1311) [Culture Forums](/?com=forum&id=1312) [Alliance Forums](/?com=forum&id=1313) [Region Forums](/?com=forum&id=1314) [Support Forums](/?com=forum&id=1315) [Help & Search](/?com=search) Related: [General Discussion](/?com=forum&id=1002) [Editorials & Other Articles](/?com=forum&id=1016), [Issue Forums](/?com=forum&id=1311), [Alliance Forums](/?com=forum&id=1313), [Region Forums](/?com=forum&id=1314) (15,109 posts) Thu Jun 6, 2024, 05:14 PM 21 min ago [Cyrano](/?com=profile&uid=142992) No, I'm not being sarcastic. A bunch of Republican congressmen showed up at at Trump's New York trial wearing blue suits and red ties. Given that Trump's authoritarian desires are so obvious, it seems that these ring-kissers will back their \"Dear Leader\" no matter what. The sad part is that, those Republican house members and senators don't have the slightest idea that they may as well be wearing the equivalent of swastika armbands. So they're either totally ignorant of modern history, or they are true Nazi pricks. I can't see a third alternative. [InfoView thread info, including edit history](/?com=thread&info=1&address=100219014161) [TrashPut this thread in your Trash Can (My DU » Trash Can)](/?com=login) [BookmarkAdd this thread to your Bookmarks (My DU » Bookmarks)](/?com=login)4 replies, 140 views [ShareGet links to this post and/or share on social media] [AlertAlert this post for a rule violation](/?com=login) [PowersThere are no powers you can use on this post] [EditCannot edit other people's posts] [ReplyReply to this post](/?com=post&post&forum=1002&pid=19014161) [EditCannot edit other people's posts] [Rec (4)] [ReplyReply to this post](/?com=post&forum=1002&pid=19014161) 4 replies = new reply since forum marked as read Highlight: [NoneDon't highlight anything](#!) [5 newestHighlight 5 most recent replies](#!) (Original Post) Cyrano 21 min ago OP [Seems like...](#post1)2naSalit 11 min ago #1 [They think they own the flag 🇺🇸 and it's colors.](#post2)live love laugh 5 min ago #2 [My go to attire is polo and khakis](#post3)Ex Lurker 4 min ago #3 [Compensation (R)](#post4)BoRaGard 1 min ago #4 (87,509 posts) [2naSalit](/?com=profile&uid=296737) 1. Seems like... Thu Jun 6, 2024, 05:24 PM 11 min ago It is now. (13,351 posts) [live love laugh](/?com=profile&uid=201039) 2. They think they own the flag 🇺🇸 and it's colors. Thu Jun 6, 2024, 05:30 PM 5 min ago (3,828 posts) [Ex Lurker](/?com=profile&uid=224832) 3. My go to attire is polo and khakis Thu Jun 6, 2024, 05:31 PM 4 min ago I'm not going to change my habits just because the Proud Boys also wear them. (465 posts) [BoRaGard](/?com=profile&uid=372434) 4. Compensation (R) Thu Jun 6, 2024, 05:34 PM 1 min ago repubes have so many reasons.",
    "highlightText": "",
    "highlightTitle": "",
    "highlightThreadTitle": "",
    "language": "english",
    "sentiment": "negative",
    "categories": [
        "Politics"
    ],
    "webz_reporter": false,
    "external_links": [],
    "external_images": [],
    "entities": {
        "persons": [],
        "organizations": [
            {
                "name": "trump",
                "sentiment": "none"
            }
        ],
        "locations": [
            {
                "name": "new york",
                "sentiment": "none"
            }
        ]
    },
    "rating": null,
    "crawled": "2024-06-07T00:36:09.396+03:00",
    "updated": "2024-06-07T00:36:09.396+03:00"
}