{
    "thread": {
        "uuid": "277dfdf96271fc41697165672612a8400d181e00",
        "url": "https://www.devdiscourse.com/article/politics/2974483-anc-seeks-government-of-national-unity-after-losing-majority",
        "site_full": "www.devdiscourse.com",
        "site": "devdiscourse.com",
        "site_section": "http://www.devdiscourse.com/news-analysis/",
        "site_categories": [
            "media"
        ],
        "section_title": "Breaking News, Development News, Latest News, Politics News, Sports News | Devdiscourse",
        "title": "ANC Seeks Government of National Unity After Losing Majority | Politics",
        "title_full": "ANC Seeks Government of National Unity After Losing Majority | Politics",
        "published": "2024-06-06T21:11:00.000+03:00",
        "replies_count": 0,
        "participants_count": 1,
        "site_type": "news",
        "country": "IN",
        "main_image": "https://www.devdiscourse.com/remote.axd?https://devdiscourse.blob.core.windows.net/imagegallery/27_05_2019_12_10_51_4304562.jpg?width=920&format=jpeg",
        "performance_score": 0,
        "domain_rank": 9787,
        "domain_rank_updated": "2024-06-04T13:08:15.000+03:00",
        "reach": null,
        "social": {
            "facebook": {
                "likes": 0,
                "comments": 0,
                "shares": 0
            },
            "gplus": {
                "shares": 0
            },
            "pinterest": {
                "shares": 0
            },
            "linkedin": {
                "shares": 0
            },
            "stumbledupon": {
                "shares": 0
            },
            "vk": {
                "shares": 0
            }
        }
    },
    "uuid": "277dfdf96271fc41697165672612a8400d181e00",
    "url": "https://www.devdiscourse.com/article/politics/2974483-anc-seeks-government-of-national-unity-after-losing-majority",
    "ord_in_thread": 0,
    "parent_url": null,
    "author": "Reuters",
    "published": "2024-06-06T21:11:00.000+03:00",
    "title": "ANC Seeks Government of National Unity After Losing Majority | Politics",
    "text": "ANC Seeks Government of National Unity After Losing Majority The African National Congress (ANC), led by Cyril Ramaphosa, plans to invite other political parties to form a government of national unity after losing its parliamentary majority in recent elections. This marks the first time the ANC cannot govern alone since the end of apartheid 30 years ago. [Reuters](/reuters-stories)| Johannesburg | Updated: 07-06-2024 02:11 IST | Created: 07-06-2024 02:11 IST - Country: - South Africa South Africa's African National Congress (ANC) will invite other political parties to form a government of national unity, its leader Cyril Ramaphosa said on Thursday, after a meeting of the ANC's National Executive Committee. The ANC lost its parliamentary majority in last week's election, meaning it cannot govern alone for the first time since the end of apartheid 30 years ago. (This story has not been edited by Devdiscourse staff and is auto-generated from a syndicated feed.) Advertisement ALSO READ [South Africa's 4 big political parties begin final weekend of campaigning ahead of election](/article/politics/2950405-south-africas-4-big-political-parties-begin-final-weekend-of-campaigning-ahead-of-election) [Historic Shift: ANC Loses Parliamentary Majority in Landmark South African Election](/article/politics/2958047-historic-shift-anc-loses-parliamentary-majority-in-landmark-south-african-election) [Historic Shift: ANC Loses Parliamentary Majority in South Africa's Election](/article/politics/2957816-historic-shift-anc-loses-parliamentary-majority-in-south-africas-election) [Historic Shift: ANC Loses Parliamentary Majority in South African Elections](/article/politics/2957969-historic-shift-anc-loses-parliamentary-majority-in-south-african-elections) [Surge in Political Parties Contesting Lok Sabha from 2009-2024 Reveals ADR Analysis](/article/politics/2953898-surge-in-political-parties-contesting-lok-sabha-from-2009-2024-reveals-adr-analysis)",
    "highlightText": "",
    "highlightTitle": "",
    "highlightThreadTitle": "",
    "language": "english",
    "sentiment": "negative",
    "categories": [
        "Politics"
    ],
    "webz_reporter": false,
    "external_links": [],
    "external_images": [],
    "entities": {
        "persons": [
            {
                "name": "cyril ramaphosa",
                "sentiment": "none"
            },
            {
                "name": "devdiscourse",
                "sentiment": "none"
            }
        ],
        "organizations": [
            {
                "name": "anc",
                "sentiment": "negative"
            },
            {
                "name": "reuters",
                "sentiment": "none"
            },
            {
                "name": "african national congress",
                "sentiment": "none"
            },
            {
                "name": "national executive committee",
                "sentiment": "none"
            }
        ],
        "locations": [
            {
                "name": "johannesburg",
                "sentiment": "none"
            },
            {
                "name": "south africa",
                "sentiment": "none"
            },
            {
                "name": "south africa south africa",
                "sentiment": "none"
            }
        ]
    },
    "rating": null,
    "crawled": "2024-06-07T00:00:34.686+03:00",
    "updated": "2024-06-07T00:00:34.686+03:00"
}