{
    "thread": {
        "uuid": "67023879cbcc7596f9269bc61d84db4fcc52d488",
        "url": "https://vnexplorer.net/z/617354.html",
        "site_full": "vnexplorer.net",
        "site": "vnexplorer.net",
        "site_section": "https://vnexplorer.net/",
        "site_categories": [],
        "section_title": "Verified News Explorer Channel - VNExplorer",
        "title": "Así defendió el líder sindical del Infonavit el retiro y destrucción de bandera LGBT+",
        "title_full": "Así defendió el líder sindical del Infonavit el retiro y destrucción de bandera LGBT+",
        "published": "2024-06-06T16:28:00.000+03:00",
        "replies_count": 0,
        "participants_count": 1,
        "site_type": "news",
        "country": "VN",
        "main_image": "https://img-s-msn-com.akamaized.net/tenant/amp/entityid/BB1nLtEU.img",
        "performance_score": 0,
        "domain_rank": 85205,
        "domain_rank_updated": "2024-06-04T13:08:26.000+03:00",
        "reach": null,
        "social": {
            "facebook": {
                "likes": 0,
                "comments": 0,
                "shares": 0
            },
            "gplus": {
                "shares": 0
            },
            "pinterest": {
                "shares": 0
            },
            "linkedin": {
                "shares": 0
            },
            "stumbledupon": {
                "shares": 0
            },
            "vk": {
                "shares": 0
            }
        }
    },
    "uuid": "67023879cbcc7596f9269bc61d84db4fcc52d488",
    "url": "https://vnexplorer.net/z/617354.html",
    "ord_in_thread": 0,
    "parent_url": null,
    "author": "VNExplorer",
    "published": "2024-06-06T16:28:00.000+03:00",
    "title": "Así defendió el líder sindical del Infonavit el retiro y destrucción de bandera LGBT+",
    "text": "Así defendió el líder sindical del Infonavit el retiro y destrucción de bandera LGBT+ CIUDAD DE MÉXICO (apro).- El líder del Sindicato del Instituto del Fondo Nacional de la Vivienda para los Trabajadores (Infonavit), Rafael Riva Palacio Pontones, justificó el retiro y destrucción de la bandera arcoíris representativa de la comunidad LGBT+ colocada en la fachada del edificio. El pasado martes, el director de la institución, Carlos Martínez Velázquez, publicó imágenes del momento en el que varios individuos tratan de arrancar la bandera multicolor del edificio institucional. Martínez Velázquez compartió un video en el que se escucha a Riva Palacio pontones expresarse sobre la bandera: “Esto que están haciendo, me parece que es indigno”, declaró señalando la bandera. “Cuantas veces lo quieran poner, tantas veces como lo pongan lo vamos a quitar”, advirtió Riva Palacio por medio de un megáfono. “Sé que a muchas trabajadoras y a muchos trabajadores los están amedrentando, le están pisando su dignidad y se prestigio”, agregó. Tras la denuncia del director, el líder sindical emitió un comunicado en el que defendió su actuar y el de sus agremiados. Argumentó que de acuerdo con la Ley del Instituto, bajo la Fracción IV del artículo 5, el patrimonio del mismo es propiedad de las y los trabajadores. &quot;La fachada del edificio como se dijo es PATRIMONIO DEL INFONAVIT y no se justifica el hacer uso de él para un fin publicitario, al haber colocado pendones en razón de la conmemoración del orgullo LGBTTTIQ+&quot;, apuntó. Y aunque dijo ser respetuoso de la comunidad LGBT+, recalcó que está en su derecho de mostrar su inconformidad. &quot;He sido y, seguiré siendo respetuoso y empático con todas las trabajadoras y con todos los trabajadores del INFONAVIT sin importar su orientación; por lo que lamento profundamente el haber lastimado la sensibilidad de quienes se sintieron ofendidos sin haber sido este el propósito de mis acciones&quot;, resaltó. Finalmente, el líder sindical reiteró su compromiso de &quot;promover, respetar, proteger y garantizar la seguridad y los derechos humanos de los trabajadores derechohabientes del Instituto, así como de la comunidad LGBTTTIQ+”.",
    "highlightText": "",
    "highlightTitle": "",
    "highlightThreadTitle": "",
    "language": "spanish",
    "sentiment": "negative",
    "categories": [
        "Social Issue",
        "Politics"
    ],
    "webz_reporter": false,
    "external_links": [],
    "external_images": [],
    "entities": {
        "persons": [],
        "organizations": [],
        "locations": []
    },
    "rating": null,
    "crawled": "2024-06-07T00:53:54.894+03:00",
    "updated": "2024-06-07T00:53:54.894+03:00"
}