{
    "thread": {
        "uuid": "0f94ade29a4e86a2429b9dacb8d06fc79b5d3aa5",
        "url": "https://fr.le360.ma/societe/colonies-de-vacances-la-liste-noire-du-ministre-mehdi-bensaid_W6L56NOXFREHXL2L67C35E343Y",
        "site_full": "fr.le360.ma",
        "site": "le360.ma",
        "site_section": "https://fr.le360.ma/societe/",
        "site_categories": [
            "under_construction",
            "non_standard_content"
        ],
        "section_title": "Société | www.le360.ma",
        "title": "Colonies de vacances: la liste noire du ministre Mehdi Bensaid",
        "title_full": "Colonies de vacances: la liste noire du ministre Mehdi Bensaid | le360.ma",
        "published": "2024-06-06T23:12:00.000+03:00",
        "replies_count": 0,
        "participants_count": 0,
        "site_type": "news",
        "country": "MA",
        "main_image": "https://fr.le360.ma/resizer/tiTLQql-Jkflzj1x1PFo4Ap8Qtw=/1200x630/cloudfront-eu-central-1.images.arcpublishing.com/le360/QZIPLKF5HRHKROGO4F3RAQL22M.jpg",
        "performance_score": 0,
        "domain_rank": 52806,
        "domain_rank_updated": "2024-06-04T13:08:20.000+03:00",
        "reach": null,
        "social": {
            "facebook": {
                "likes": 0,
                "comments": 0,
                "shares": 0
            },
            "gplus": {
                "shares": 0
            },
            "pinterest": {
                "shares": 0
            },
            "linkedin": {
                "shares": 0
            },
            "stumbledupon": {
                "shares": 0
            },
            "vk": {
                "shares": 0
            }
        }
    },
    "uuid": "0f94ade29a4e86a2429b9dacb8d06fc79b5d3aa5",
    "url": "https://fr.le360.ma/societe/colonies-de-vacances-la-liste-noire-du-ministre-mehdi-bensaid_W6L56NOXFREHXL2L67C35E343Y",
    "ord_in_thread": 0,
    "parent_url": null,
    "author": null,
    "published": "2024-06-06T23:12:00.000+03:00",
    "title": "Colonies de vacances: la liste noire du ministre Mehdi Bensaid",
    "text": "A l’approche des colonies de vacances, le ministre de la Culture, de la jeunesse et de la communication, Mehdi Bensaid, a mis en garde les associations qui exploitent ces camps à d’autres fins. Les associations, poursuit-il, qui enfreignent la loi seront désormais inscrites sur une liste noire, rapporte Al Ahdath Al Maghribia du vendredi 7 juin 2024.\nLors de son intervention, le 4 juin, pendant la séance de questions orales à la chambre des conseillers, Bensaid n’a pas caché l’existence d’associations qui ne respectent pas les normes relatives au programme national. Il a dénoncé les agissements de ceux qui ne « respectent pas les enfants et les jeunes qu’ils exploitent à des fins très éloignées de l’humanitaire et de l’associatif ».\nLe ministre avait déjà fait part de sa détermination à élaborer cette liste l’année dernière. Il a, par ailleurs, annoncé la mise en place d’un ensemble de mesures pour rénover les infrastructures existantes et ouvrir de nouveaux centres de vacances dans le haut et le bas Taghazout.\nEn parallèle, poursuit Bensaid, d’autres centres seront fermés pour réhabilitation: « Il n’est pas normal que des enfants et des jeunes bénéficient de centre de vacances beaux et spacieux tandis que d’autres se contentent de centres en deçà des normes ».\nLe ministre souligne que son département a organisé plusieurs stages de formation au profit des encadrants et des séminaires nationaux pour les femmes actives dans le domaine des colonies de vacances et pour faciliter l’accès aux enfants en situation de handicap. De plus, poursuit Bensaid, le ministère a créé des commissions régionales et provinciales pour préparer, faire le suivi et numériser les opérations liées aux colonies de vacances.\nPar Hassan Benadad Le 06/06/2024 à 21h12",
    "highlightText": "",
    "highlightTitle": "",
    "highlightThreadTitle": "",
    "language": "french",
    "sentiment": "negative",
    "categories": [
        "Social Issue",
        "Politics"
    ],
    "webz_reporter": false,
    "external_links": [],
    "external_images": [],
    "entities": {
        "persons": [],
        "organizations": [],
        "locations": []
    },
    "rating": null,
    "crawled": "2024-06-07T00:53:08.600+03:00",
    "updated": "2024-06-07T00:53:08.600+03:00"
}