{
    "thread": {
        "uuid": "7b23e4766ac0902a72cbad327721218422e17d32",
        "url": "https://www.newslocker.com/en-uk/news/world_news/biden-rules-out-pardoning-hunter-if-hes-convicted-on-gun-charges",
        "site_full": "www.newslocker.com",
        "site": "newslocker.com",
        "site_section": "http://www.newslocker.com/en-uk/news/world_news/rss/",
        "site_categories": [
            "tennis",
            "sports"
        ],
        "section_title": "",
        "title": "Biden rules out pardoning Hunter if he’s convicted on gun charges",
        "title_full": "Biden rules out pardoning Hunter if he’s convicted on gun charges",
        "published": "2024-06-06T21:56:00.000+03:00",
        "replies_count": 0,
        "participants_count": 0,
        "site_type": "news",
        "country": "GB",
        "main_image": "https://img4.newslocker.com/2024/06/06/319287544_1200.jpg",
        "performance_score": 0,
        "domain_rank": 99058,
        "domain_rank_updated": "2024-06-04T13:08:26.000+03:00",
        "reach": null,
        "social": {
            "facebook": {
                "likes": 0,
                "comments": 0,
                "shares": 0
            },
            "gplus": {
                "shares": 0
            },
            "pinterest": {
                "shares": 0
            },
            "linkedin": {
                "shares": 0
            },
            "stumbledupon": {
                "shares": 0
            },
            "vk": {
                "shares": 0
            }
        }
    },
    "uuid": "7b23e4766ac0902a72cbad327721218422e17d32",
    "url": "https://www.newslocker.com/en-uk/news/world_news/biden-rules-out-pardoning-hunter-if-hes-convicted-on-gun-charges",
    "ord_in_thread": 0,
    "parent_url": null,
    "author": null,
    "published": "2024-06-06T21:56:00.000+03:00",
    "title": "Biden rules out pardoning Hunter if he’s convicted on gun charges",
    "text": "[✗ Close categories](javascript:hideCategories();) Addiction Apple Arts Asia News British Airways Business Cars Celebrity Christianity Cinema, Theater & TV Conspiracy Theories Coronavirus Ebola Economy Education Electronics Entertainment Environment Fashion Finance Food Funny videos Gadgets Games General News Health International Crime Jobs Lifestyle Military Mindfulness Movies Music News videos NewsPhoto Nightlife Obituaries Olympics Organized Crime Politics Psychology Recipes Royal Family Sci-Tech Science Social media Sport Technology Television Thames Deckway Traffic Travel Trending UK UK News UnitedHealth Group Inc. Weather World News [✗ Close categories](javascript:hideCategories();) [✗ Close categories](javascript:hideCategories();) Arsenal Aston Villa Athletics Badminton Baseball Basketball Blackburn Rovers Blackpool Boxing Burnley Cardiff City Champions League Chelsea Cricket Crystal Palace Cycling Darts Everton Formula 1 Formula 1 - Force India Videos Formula 1 - Infiniti Red Bull Racing Videos Formula 1 - Live Stream & News Formula 1 - McLaren Videos Formula 1 - Mercedes AMG Petronas Videos Formula 1 - Sauber F1 Team Videos Formula 1 - Scuderia Ferrari Videos Formula 1 - Scuderia Toro Rosso Videos Formula 1 - Team Lotus Videos Formula 1 - Williams Martini videos Fulham Golf Hockey Horse Racing Hull City Ice Hockey Leicester City Liverpool Manchester City Manchester United Middlesbrough Motorsport Norwich City Philadelphia Phillies Premier League Queens Park Rangers Rally Reading Rowing Rugby scarlets rugby Soccer Southampton Stoke City Sunderland Swansea City Swimming Tennis Tottenham Tour de France Volleyball WC soccer 2014 Welsh Rugby Union West Ham Wigan Athletic Wolverhampton Wanderers [✗ Close categories](javascript:hideCategories();) [✗ Close categories](javascript:hideCategories();) ...test Aberdeen City Aberdeenshire Antrim Aylesbury Vale Barking and Dagenham Barnet Barnsley Basildon Bath and North East Somerset Belfast Bexley Birmingham Blackburn with Darwen Bolton Bournemouth Bradford Brent Brighton and Hove Bristol Bromley Bury Calderdale Cambridge Camden Cardiff Central Bedfordshire Cheshire East Cheshire West and Chester Cornwall County Durham Coventry Croydon Derby Doncaster Dudley Ealing East Riding of Yorkshire Edinburgh Enfield Essex Gateshead Glasgow Greater London Greenwich Hackney Hammersmith and Fulham Haringey Harrow Havering Herefordshire Hillingdon Hounslow Hull Islington Kirklees Lambeth Leeds Leicester Lewisham https://www.newslocker.com/en-uk/region/liverpool/ London Luton Manchester Medway Merton Milton Keynes New Forest Newcastle Newcastle upon Tyne Newham North Somerset North Tyneside North West Northampton Northern Ireland Northumberland Nottingham Oldham Oxford Peterborough Plymouth Portsmouth Redbridge Richmond upon Thames Rochdale Rotherham Salford Sandwell Scotland Sefton Sheffield Shropshire Solihull South East South Gloucestershire South West https://www.newslocker.com/en-uk/region/southampton/ Southend-on-Sea Southwark St Helens Stockport Stockton-on-Tees Stoke-on-Trent https://www.newslocker.com/en-uk/region/sunderland/ Sutton Swindon Tameside Tower Hamlets Trafford Wakefield Wales Walsall Waltham Forest Wandsworth Warrington West Midlands Westminster Wigan Wiltshire Wirral Wolverhampton York [✗ Close categories](javascript:hideCategories();) [✗ Close categories](javascript:hideCategories();) Harry Styles Aaron Taylor-Johnson Adele Ashley Cole Benedict Cumberbatch Billie Piper Boris Johnson Charlie Hunnam Cliff Richard David Beckham DJ 3lau DJ Above & Beyond DJ Afrojack DJ Alesso DJ Aly & Fila DJ Andrew Rayel DJ Angerfist DJ Armin Van Buuren DJ Arty DJ ATB DJ Audien DJ Avicii DJ Axwell DJ Bingo Players DJ Bl3ND DJ Blasterjaxx DJ Borgeous DJ Borgore DJ Boy George DJ Brennan Heart DJ Calvin Harris DJ Carl Cox DJ Carnage DJ Code Black DJ Coone DJ Cosmic Gate DJ Da Tweekaz DJ Dada Life DJ Daft Punk DJ Dannic DJ Dash Berlin DJ David Guetta DJ Deadmau5 DJ Deorro DJ Diego Miranda DJ Dillon Francis DJ Dimitri Vegas & Like Mike DJ Diplo DJ Don Diablo DJ DVBBS DJ Dyro DJ Eric Prydz DJ Fedde Le Grand DJ Felguk DJ Ferry Corsten DJ Firebeatz DJ Frontliner DJ Gabry Ponte DJ Gareth Emery DJ Hardwell DJ Headhunterz DJ Heatbeat DJ Infected Mushroom DJ John O'Callaghan DJ Kaskade DJ Knife Party DJ Krewella DJ Kura DJ Laidback Luke DJ Madeon DJ MAKJ DJ Markus Schulz DJ Martin Garrix DJ Merk & Kremont DJ Mike Candys DJ Nervo DJ Nicky Romero DJ Noisecontrollers DJ Oliver Heldens DJ Orjan Nilsen DJ Paul Van Dyk DJ Porter Robinson DJ Quentin Mosimann DJ Quintino DJ R3hab DJ Radical Redemption DJ Richie Hawtin DJ Sander Van Doorn DJ Sebastian Ingrosso DJ Showtek DJ Skrillex DJ Snake DJ Steve Angello DJ Steve Aoki DJ Tenishia DJ The Chainsmokers DJ Tiddey DJ Tiesto DJ TJR DJ Umek DJ Ummet Ozcan DJ Vicetone DJ VINAI DJ W&W DJ Wildstylez DJ Wolfpack DJ Yves V DJ Zatox DJ Zedd DJ Zomboy Emilia Clarke Emily Blunt Gabriella Wilde Gary Lineker Gemma Arterton Gwendoline Christie Hayley Atwell Helena Bonham Carter Imogen Poots Jason Statham John Terry Juno Temple Kate Beckinsale Kate Winslet Keira Knightley Liam Payne Lily Collins Louis Tomlinson Niall Horan Nicholas Hoult Paul McCartney Prince William Ralph Fiennes Richard Branson Robbie Williams Robert Pattinson Rosamund Pike Sophie Turner Theo James Tom Hardy Tom Hiddleston Tony Blair Tyree Cooper Wayne Rooney Zayn Malik [✗ Close categories](javascript:hideCategories();) [✗ Close categories](javascript:hideCategories();) Accountancy Administration Advertising Aerospace Agriculture Analyst Animals Antiques Archaeology Architecture https://www.newslocker.com/en-uk/profession/arts/ Astrology Astronomy Auto News Automotive Aviation Bakery Biotechnology Brazil Cabaret Call Centre Car News Care Catering Charities Chemistry Child care https://www.newslocker.com/en-uk/profession/cinema_theater_tv/ Cleaning Industry Coaching Construction Customs Dairy industry Dance & ballet Debt collection agencies Defense DJ https://www.newslocker.com/en-uk/profession/economy/ Education & Training Electrical Entrepreneur Farming & Agriculture Financial Firefighter Fisheries Flowers FMCG https://www.newslocker.com/en-uk/profession/food/ Fruit & Vegetables Genealogy https://www.newslocker.com/en-uk/profession/general_news/ Government Hair stylist Hotel HR & Recruitment ICT Insurance IT Executive https://www.newslocker.com/en-uk/profession/jobs/ Justice Landscaper Lawyer Legal Library Logistics Marketing Meat industry Medical Industry Mining Nurse Online Trends Pharmaceutical Industry Pharmacy Physical therapy Police Political PR Public relations Production & Industry Project Management https://www.newslocker.com/en-uk/profession/psychology/ Public Transport Publisher Real estate Research & Development Restaurant Retail Sales & Marketing Security SEO Shipping Social work Sustainable Energy Teacher Telecom Tourism Traditional Energy Transport Travel Industry Web Design [✗ Close categories](javascript:hideCategories();)\n-\nBiden rules out pardoning Hunter if he’s convicted on gun chargesThe president also accused Trump of undermining the law following his felony conviction last week\n-\nWatch live: Trump campaigns in Arizona following felony convictionWarning: This livestream has not been independently fact-checked and may contain misinformation.\n-\nShot down: Kristi Noem doesn’t make the cut for Trump’s VP shortlistNoem’s recent dog-killing scandal grabbed headlines\n-\nMy teeth exploded’: Transgender teens breaks silence on being assaulted for using her Minnesota school bathroomPolice are investigating the incident as a possible hate crime\n-\n70 passengers on luxury Celebrity Cruises voyage to Alaska fall sick with norovirusThe main symptoms reported by the sick passengers and crew aboard the Celebrity Summit cruise ship were vomiting and diarrhea\n-\nHunter Biden trial live: Ex-girlfriend Hallie explains ‘panicked’ moment she dumped his gun in trashPresident Joe Biden’s son is accused of purchasing a firearm while an active drug user in 2018\n-\nTrump tells Dr Phil about his ‘hardest, darkest moment’ in interview set to air tonight: Live updatesRepublican presidential candidate and convicted felon sat down with TV doctor ahead of Arizona town hall and Silicon Valley fundraiser\n-\nMississippi state trooper is fired after sending sex tape of her and another woman to colleaguesA Mississippi State trooper fired for sending explicit images and videos is now suing another woman with whom she made a sex tape.\n-\nGilgo Beach suspect charged with more murders after cops find twisted ‘blueprint’ of killingsRex Heuermann, 60, of Massapequa Park, was arraigned in a Long Island courtroom Thursday in the July 2003 dismemberment death of Jessica Taylor and the November 1993 death of Sandra Costilla\n-\nHunter Biden trial live: Ex-girlfriend Hallie details drug addiction as she attends court with new husbandPresident Joe Biden’s son is accused of purchasing a firearm while an active drug user in 2018\n-\nUS ‘strongly condemns’ Palestinian journalist attack in IsraelAlso warns of ‘dire consequences’ for Israeli security if the Palestinian Authority collapses\n-\nThe ex, the wife and the widow: Who’s who in the Hunter Biden trialHunter Biden, the son of President Joe Biden, is on trial for three federal gun-related charges after he allegedly unlawfully obtained a firearm in October 2018.\n-\nWatch: World leaders mark D-Day 80th anniversary in FranceWatch as Emmanuel Macron led a ceremony with world leaders marking the 80th anniversary of D-Day and the liberation of western Europe from Nazi Germany occupation on Thursday, 6 June.\n-\nGilgo Beach suspect charged with more murders after cops find ‘blueprint’ of killingsRex Heuermann, 60, of Massapequa Park, was arraigned in a Long Island courtroom Thursday in the July 2003 dismemberment death of Jessica Taylor and the November 1993 death of Sandra Costilla\n-\nSuspected Gilgo Beach killer Rex Heuermann hit with new charges, including dismembermentThe suspected serial killer has already pleaded not guilty to the murders of the Gilgo Four\n-\nBBC D-Day broadcast interrupted by explicit remarkA BBC D-Day 80th anniversary broadcast was interrupted by an explicit remark on Wednesday, 5 June.\n-\nBrigitte Macron tries to hold Queen’s hand at D-Day memorialBrigitte Macron appeared to try and hold Queen Camilla’s hand as they laid flowers at the British Normandy Memorial at Ver-sur-Mer to commemorate the 80th anniversary of the D-Day landings on Thursday, 6 June.\n-\nRepublicans in Pennsylvania BOO and walk out after Jan 6 cops visit and are introduced as ‘heroes’Speaker Joanna McClinton called the behavior ‘despicable’\n-\n2 more charged in betting scandal that spurred NBA to bar Raptors' Jontay Porter for lifeTwo more people have been charged in the sports betting scandal that prompted the NBA to ban former Toronto Raptors player Jontay Porter for life\n-\nFormer NY Cop turned model arrested in extortion plot targeting cosmetology small businessThe model allegedly threatened to make false claims about the cosmetology business and file reports of labor violations to the US Department of Labor\n-\nTrump aide Steve Bannon rages as he’s ordered to prison on July 1Far-right strategist defied congressional subpoena to testify to January 6 committee\n-\nSuperintendent gets restraining order against dad who pushed him off stage so he couldn’t shake daughter’s handThe restraining order comes after a father pushed the superintendent off stage during a graduation ceremony as his daughter was shaking officials’ hands\n-\nCars drive through funnel cloud as tornado whips up debris in MarylandA driver caught a funnel cloud on camera as it whipped up debris as a tornado passed through Maryland on Wednesday, 5 June.\n-\nWhy African nations are turning to RussiaRussia has taken advantage of political unrest and discontent in coup-hit nations\n-\nDad who spent 22 years trying to find daughter’s killer dies by suicide in front of sheriff’s officeJerry Harris never gave up hope that justice would be served after his 28-year-old daughter’s body washed ashore in a local river.\n-\nTrump aide Steve Bannon must surrender to prison on July 1Far-right strategist defied congressional subpoena to testify to January 6 committee\n-\n‘Out of control’ container ship forces Charleston bridge closureAuthorities reopened the Arthur Ravenel Jr Bridge on Wednesday afternoon after the scare\n-\nHunter Biden trial live updates: Beau’s widow Hallie reflects on ‘on and off’ relationship with brother-in-lawPresident Joe Biden’s son is accused of purchasing a firearm while an active drug user in 2018\n-\n50 Cent clarifies he ‘doesn’t have chlamydia’ after viral photo with Lauren BoebertRapper brings up congresswoman’s lewd theater incident on Twitter after she asked him for photo\n-\nSuspended driver who went viral for calling in to Zoom court hearing from car never had a license at all‘Let me make it very clear, based on what the court looked at. [Harris] has never had a Michigan license’\nFollow\n@uk_worldnews on Twitter!",
    "highlightText": "",
    "highlightTitle": "",
    "highlightThreadTitle": "",
    "language": "english",
    "sentiment": "negative",
    "categories": [
        "Politics",
        "Human Interest",
        "Crime, Law and Justice"
    ],
    "webz_reporter": false,
    "external_links": [
        "https://twitter.com/uk_worldnews",
        "https://www.twitter.com/uk_worldnews"
    ],
    "external_images": [],
    "entities": {
        "persons": [
            {
                "name": "biden",
                "sentiment": "neutral"
            },
            {
                "name": "hunter",
                "sentiment": "neutral"
            }
        ],
        "organizations": [
            {
                "name": "force india videos formula",
                "sentiment": "none"
            },
            {
                "name": "cars celebrity christianity cinema",
                "sentiment": "none"
            },
            {
                "name": "mclaren videos formula",
                "sentiment": "none"
            }
        ],
        "locations": [
            {
                "name": "airways bu",
                "sentiment": "none"
            }
        ]
    },
    "rating": null,
    "crawled": "2024-06-07T00:07:39.379+03:00",
    "updated": "2024-06-07T00:07:39.379+03:00"
}