{
    "thread": {
        "uuid": "2d726694cd1a1ab3b95ebd6633db85af19dc1404",
        "url": "https://www.democraticunderground.com/132225825",
        "site_full": "www.democraticunderground.com",
        "site": "democraticunderground.com",
        "site_section": "https://democraticunderground.com/?com=greatest_threads",
        "site_categories": [
            "politics",
            "law_government_and_politics",
            "media"
        ],
        "section_title": "Greatest Discussions - Democratic Underground Forums",
        "title": "Rick Reacts: Steve Bannon is Going to Prison - Democratic Underground Forums",
        "title_full": "Rick Reacts: Steve Bannon is Going to Prison - Democratic Underground Forums",
        "published": "2024-06-06T23:44:00.000+03:00",
        "replies_count": 0,
        "participants_count": 0,
        "site_type": "news",
        "country": "US",
        "main_image": "https://www.democraticunderground.com/imgs/du100x100.gif",
        "performance_score": 0,
        "domain_rank": 11163,
        "domain_rank_updated": "2024-06-04T13:08:15.000+03:00",
        "reach": null,
        "social": {
            "facebook": {
                "likes": 0,
                "comments": 0,
                "shares": 0
            },
            "gplus": {
                "shares": 0
            },
            "pinterest": {
                "shares": 0
            },
            "linkedin": {
                "shares": 0
            },
            "stumbledupon": {
                "shares": 0
            },
            "vk": {
                "shares": 0
            }
        }
    },
    "uuid": "2d726694cd1a1ab3b95ebd6633db85af19dc1404",
    "url": "https://www.democraticunderground.com/132225825",
    "ord_in_thread": 0,
    "parent_url": null,
    "author": null,
    "published": "2024-06-06T23:44:00.000+03:00",
    "title": "Rick Reacts: Steve Bannon is Going to Prison - Democratic Underground Forums",
    "text": "Welcome to DU! The truly grassroots left-of-center political community where regular people, not algorithms, drive the discussions and set the standards. Join the community: [Create a free account](/?com=login&create=1)Support DU (and get rid of ads!): [Become a Star Member](/star) [Latest Breaking News](/?com=forum&id=1014) [General Discussion](/?com=forum&id=1002) [The DU Lounge](/?com=forum&id=1018) [All Forums](/?com=forums) [Issue Forums](/?com=forum&id=1311) [Culture Forums](/?com=forum&id=1312) [Alliance Forums](/?com=forum&id=1313) [Region Forums](/?com=forum&id=1314) [Support Forums](/?com=forum&id=1315) [Help & Search](/?com=search) Related: [Liberal YouTubers](/?com=forum&id=1322) [About this forum](/?com=about&forum=1322) (5,825 posts) Thu Jun 6, 2024, 04:44 PM 30 min ago [MagaSmash](/?com=profile&uid=366977) [InfoView thread info, including edit history](/?com=thread&info=1&address=132225825) [TrashPut this thread in your Trash Can (My DU » Trash Can)](/?com=login) [BookmarkAdd this thread to your Bookmarks (My DU » Bookmarks)](/?com=login)4 replies, 230 views [ShareGet links to this post and/or share on social media] [AlertAlert this post for a rule violation](/?com=login) [PowersThere are no powers you can use on this post] [EditCannot edit other people's posts] [ReplyReply to this post](/?com=post&post&forum=1322&pid=25825) [EditCannot edit other people's posts] [Rec (8)] [ReplyReply to this post](/?com=post&forum=1322&pid=25825) 4 replies = new reply since forum marked as read Highlight: [NoneDon't highlight anything](#!) [5 newestHighlight 5 most recent replies](#!) (Original Post) MagaSmash 30 min ago OP [Really, when? It's been weeks since he list his appeal. Hes not going to be punished.](#post1)onecaliberal 25 min ago #1 [Incredible, isn't it](#post2)peppertree 23 min ago #2 [Rick certainly has a way with words! 🤣](#post3)Quakerfriend 12 min ago #3 [Still remember being lectured to by Rick about not being Conservative.](#post4)czarjak 9 min ago #4 (33,251 posts) [onecaliberal](/?com=profile&uid=313523) 1. Really, when? It's been weeks since he list his appeal. Hes not going to be punished. Thu Jun 6, 2024, 04:49 PM 25 min ago (21,955 posts) [peppertree](/?com=profile&uid=343065) 2. Incredible, isn't it Reply to [onecaliberal (Reply #1)](#post1) Thu Jun 6, 2024, 04:51 PM 23 min ago The Mercers and other pro-fascist elites are obviously making phone calls for him. \"He's a filthy, felonious clown - but he's our filthy, felonious clown!\" (5,469 posts) [Quakerfriend](/?com=profile&uid=159311) 3. Rick certainly has a way with words! 🤣 Thu Jun 6, 2024, 05:02 PM 12 min ago I would love to know if Bannons ever going to be charged for his fraudulent build the wall scheme with Chinese billionaire Gno (?). (11,497 posts) [czarjak](/?com=profile&uid=307334) 4. Still remember being lectured to by Rick about not being Conservative. Thu Jun 6, 2024, 05:05 PM 9 min ago Involves plenty of irony though. Sure wish being right felt better sometimes. Especially after watching someone make a living as a pundit too.",
    "highlightText": "",
    "highlightTitle": "",
    "highlightThreadTitle": "",
    "language": "english",
    "sentiment": "negative",
    "categories": [
        "Politics"
    ],
    "webz_reporter": false,
    "external_links": [],
    "external_images": [],
    "entities": {
        "persons": [
            {
                "name": "rick",
                "sentiment": "negative"
            },
            {
                "name": "steve bannon",
                "sentiment": "negative"
            }
        ],
        "organizations": [],
        "locations": []
    },
    "rating": null,
    "crawled": "2024-06-07T00:15:20.968+03:00",
    "updated": "2024-06-07T00:15:20.968+03:00"
}