{
    "thread": {
        "uuid": "fc870a9b809392e93a675bc9876c4e0a2c46a0dc",
        "url": "https://www.elimparcial.com/deporte/2024/06/06/seleccion-de-brasil-podria-jugar-sin-sus-principales-figuras-en-el-amistoso-contra-mexico",
        "site_full": "www.elimparcial.com",
        "site": "elimparcial.com",
        "site_section": "https://elimparcial.com/deporte",
        "site_categories": [
            "media"
        ],
        "section_title": "Deportes | Noticias de México | EL IMPARCIAL | El Imparcial",
        "title": "Selección de Brasil podría jugar sin sus principales figuras en el amistoso contra México | Noticias de México | El Imparcial",
        "title_full": "Selección de Brasil podría jugar sin sus principales figuras en el amistoso contra México | Noticias de México | El Imparcial",
        "published": "2024-06-07T00:01:00.000+03:00",
        "replies_count": 0,
        "participants_count": 1,
        "site_type": "news",
        "country": "MX",
        "main_image": "",
        "performance_score": 0,
        "domain_rank": 35317,
        "domain_rank_updated": "2024-06-04T13:08:15.000+03:00",
        "reach": null,
        "social": {
            "facebook": {
                "likes": 0,
                "comments": 0,
                "shares": 0
            },
            "gplus": {
                "shares": 0
            },
            "pinterest": {
                "shares": 0
            },
            "linkedin": {
                "shares": 0
            },
            "stumbledupon": {
                "shares": 0
            },
            "vk": {
                "shares": 0
            }
        }
    },
    "uuid": "fc870a9b809392e93a675bc9876c4e0a2c46a0dc",
    "url": "https://www.elimparcial.com/deporte/2024/06/06/seleccion-de-brasil-podria-jugar-sin-sus-principales-figuras-en-el-amistoso-contra-mexico",
    "ord_in_thread": 0,
    "parent_url": null,
    "author": "Misael Montaño",
    "published": "2024-06-07T00:01:00.000+03:00",
    "title": "Selección de Brasil podría jugar sin sus principales figuras en el amistoso contra México | Noticias de México | El Imparcial",
    "text": "Selección de Brasil podría jugar sin sus principales figuras en el amistoso contra México La Selección Mexicana se enfrentará a Brasil en el último partido de preparación previo a la Copa América 2024. CIUDAD DE MÉXICO. - Todo parece indicar que la selección de Brasil podría reservar a varios de sus mejores jugadores y no alinearlos para el partido amistoso contra México, de este sábado 8 de junio en el Kyle Field en Texas, como parte de la preparación para la Copa América 2024. Después de la [ humillante derrota de 4-0 frente a Uruguay](https://www.elimparcial.com/deporte/2024/06/06/la-seleccion-mexicana-sufre-humillante-derrota-ante-uruguay/), la Selección Mexicana podría recibir un respiro, ya que Brasil no utilizaría a varias de sus figuras en el próximo encuentro. Posibles bajas de Brasil - Según información de medios brasileños, el director técnico de la verdeamarela, Dorival Junior, ha decidido preservar a sus estrellas para el inicio de la Copa América, que comenzará el 20 de junio. - Entre los jugadores que no estarían presentes en el enfrentamiento contra México se encuentran los jugadores del Real Madrid: Vinícius Jr, Eder Militao y Rodrygo. Además, el defensa central del Arsenal, Gabriel, también estaría ausente. Oportunidad para su joven promesa - En lugar de sus estrellas habituales, Dorival Junior podría apostar por el joven talento de 17 años, Endrick Felipe, quien se perfila como [titular frente a la Selección Mexicana](https://www.elimparcial.com/deporte/2024/06/05/jaime-lozano-abre-las-puertas-de-la-seleccion-mexicana-a-nicolas-ibanez-tras-su-naturalizacion/), acompañado por Gabriel Martinelli y Evanilson. - A pesar de su corta edad, Endrick ha sido una revelación y se unirá al Real Madrid la próxima temporada. La Confederación Brasileña de Fútbol le ha otorgado la confianza de portar el número “9″, un dorsal emblemático que fue usado por Ronaldo Nazario, una de las leyendas del fútbol brasileño. Horario del partido - México vs. Brasil - Día: Sábado 8 de junio. - Hora: 6:00 p.m. (Sonora) - Estadio: Kyle Field, Texas. Te recomendamos [México vs. Uruguay: Estos son los futbolistas que no jugarán el amistoso previo a la Copa América](/deporte/2024/06/04/mexico-vs-uruguay-estos-son-los-futbolistas-que-no-jugaran-el-amistoso-previo-a-la-copa-america/) [México vs. Uruguay: Posibles alineaciones para el partido de hoy en Denver](/deporte/2024/06/05/mexico-vs-uruguay-posibles-alineaciones-para-el-partido-de-hoy-en-denver/) [Henry Martín tuvo una discusión con Lozano tras quedar fuera de la lista para la Copa América](/deporte/2024/05/11/henry-martin-tuvo-una-discusion-con-lozano-tras-quedar-fuera-de-la-lista-para-la-copa-america/) [¡Cambio generacional! México revela prelista para la Copa América 2024, destacan rostros nuevos](/deporte/2024/05/10/cambio-generacional-mexico-revela-prelista-para-la-copa-america-2024-destacan-rostros-nuevos/)",
    "highlightText": "",
    "highlightTitle": "",
    "highlightThreadTitle": "",
    "language": "spanish",
    "sentiment": "negative",
    "categories": [
        "Sport",
        "Politics",
        "Human Interest"
    ],
    "webz_reporter": false,
    "external_links": [],
    "external_images": [],
    "entities": {
        "persons": [],
        "organizations": [],
        "locations": []
    },
    "rating": null,
    "crawled": "2024-06-07T00:26:31.616+03:00",
    "updated": "2024-06-07T00:26:31.616+03:00"
}