{
    "thread": {
        "uuid": "8f907aae5dab3e9971e7144fde536b30fb559995",
        "url": "https://auvio.rtbf.be/live/doc-shot-525328",
        "site_full": "auvio.rtbf.be",
        "site": "rtbf.be",
        "site_section": "https://rtbf.be/tipik",
        "site_categories": [
            "top_news"
        ],
        "section_title": "Tipik - RTBF Actus",
        "title": "Doc Shot - Auvio",
        "title_full": "Doc Shot - Auvio",
        "published": "2024-06-07T00:13:11.000+03:00",
        "replies_count": 0,
        "participants_count": 0,
        "site_type": "news",
        "country": "BE",
        "main_image": "https://ds.static.rtbf.be/image/media/program/16x9/1920x1080/3/0/2/30276e6398efb79c68abf23701309b0d.jpg",
        "performance_score": 0,
        "domain_rank": 3601,
        "domain_rank_updated": "2024-06-04T13:08:15.000+03:00",
        "reach": null,
        "social": {
            "facebook": {
                "likes": 1,
                "comments": 0,
                "shares": 1
            },
            "gplus": {
                "shares": 0
            },
            "pinterest": {
                "shares": 0
            },
            "linkedin": {
                "shares": 0
            },
            "stumbledupon": {
                "shares": 0
            },
            "vk": {
                "shares": 0
            }
        }
    },
    "uuid": "8f907aae5dab3e9971e7144fde536b30fb559995",
    "url": "https://auvio.rtbf.be/live/doc-shot-525328",
    "ord_in_thread": 0,
    "parent_url": null,
    "author": null,
    "published": "2024-06-07T00:13:11.000+03:00",
    "title": "Doc Shot - Auvio",
    "text": "La Une - Investigation Doc Shot Trump le retour, en marche vers la dictature ? Trump le retour, en marche vers la dictature ? 80 min Donald Trump se prépare à reprendre la Maison Blanche avec un programme plus extrême encore que celui de son 1er mandat. Il veut démanteler l'état et mettre sous sa coupe la justice virgule la presse et l'armée virgule à l'instar des régimes autoritaires qu'il a toujours admirés. Donald Trump n'est connu ni pour sa modération, ni pour son intégrité. Il a été condamné pour fraude financière et est accusé dans plusieurs procès. Si Donald Trump revient à la Maison Blanche, il mettra en œuvre son programme radical, dès qu'il en franchira la porte, sans aucun doute. Alors qui sont-ils, ceux qui soutiennent l'ex-président ? Qui sont-ils, ceux sont qui pourraient faire glisser l'Amérique vers l'autoritarisme ? Nous sommes allés à la rencontre de ses plus fervents défenseurs en Floride. Cet état laboratoire de l'autoritarisme à l'américaine, où Trump a élu résidence dans son palais de Mar-a-Lago, nous donne comme un avant-goût d'une présidence Trump 2.0. Réalisation : Françoise Weilhammer et Marie-Laure Widmer Baggiolini - Production : RTS (2024)",
    "highlightText": "",
    "highlightTitle": "",
    "highlightThreadTitle": "",
    "language": "french",
    "sentiment": "negative",
    "categories": [
        "Politics"
    ],
    "webz_reporter": false,
    "external_links": [],
    "external_images": [],
    "entities": {
        "persons": [],
        "organizations": [],
        "locations": []
    },
    "rating": null,
    "crawled": "2024-06-07T00:13:12.033+03:00",
    "updated": "2024-06-07T00:13:12.033+03:00"
}