{
    "thread": {
        "uuid": "6990793641f3abf7dd462c7e24822f8f491454dc",
        "url": "https://www.eldebate.com/espana/la-voz-de-cordoba/actualidad/20240606/vox-pide-bellido-explique-perdida-casi-10-millones-fondos-europeos_203163.html",
        "site_full": "www.eldebate.com",
        "site": "eldebate.com",
        "site_section": "https://www.eldebate.com/rss/espana/la-voz-de-cordoba.xml",
        "site_categories": [],
        "section_title": "La Voz de Córdoba",
        "title": "Vox pide a Bellido que explique la pérdida de casi 10 millones de fondos europeos",
        "title_full": "Vox pide a Bellido que explique la pérdida de casi 10 millones de fondos europeos",
        "published": "2024-06-06T17:55:00.000+03:00",
        "replies_count": 0,
        "participants_count": 1,
        "site_type": "news",
        "country": "US",
        "main_image": "https://www.eldebate.com/files/article_social/uploads/2024/06/06/6661cc39da932.jpeg",
        "performance_score": 0,
        "domain_rank": 33657,
        "domain_rank_updated": "2024-06-04T13:08:15.000+03:00",
        "reach": null,
        "social": {
            "facebook": {
                "likes": 0,
                "comments": 0,
                "shares": 0
            },
            "gplus": {
                "shares": 0
            },
            "pinterest": {
                "shares": 0
            },
            "linkedin": {
                "shares": 0
            },
            "stumbledupon": {
                "shares": 0
            },
            "vk": {
                "shares": 0
            }
        }
    },
    "uuid": "6990793641f3abf7dd462c7e24822f8f491454dc",
    "url": "https://www.eldebate.com/espana/la-voz-de-cordoba/actualidad/20240606/vox-pide-bellido-explique-perdida-casi-10-millones-fondos-europeos_203163.html",
    "ord_in_thread": 0,
    "parent_url": null,
    "author": "Redacción La Voz",
    "published": "2024-06-06T17:55:00.000+03:00",
    "title": "Vox pide a Bellido que explique la pérdida de casi 10 millones de fondos europeos",
    "text": "Vox pide a Bellido que explique la pérdida de casi 10 millones de fondos europeos\nBadanelli critica que «se paguen intereses a los bancos para un proyecto que ni siquiera tiene un proyecto básico de ejecución»\nCórdoba Actualizada 16:55\nLa portavoz de Vox en el Ayuntamiento de Córdoba, Paula Badanelli, ha lamentado que un año más el Ayuntamiento tenga que devolver millones de euros de los fondos europeos que no han sido capaces de ejecutar, «ya en 2023 denunciamos que solo se había ejecutado el 80% del total perdiendo también millones de euros».\n«En este año ya han anunciado que van a tener que devolver cerca de un 40% del dinero, casi seis millones de euros que sumado a lo perdido en el ejercicio anterior por el Gobierno del PP suman nueve millones de euros».\nPaula Badanelli ha tachado de «escandalosa» la situación y ha puesto sobre la masa la «falta de respeto del gobierno de Bellido por el dinero público, y vemos en los plenos modificaciones de crédito que nadie sabe a dónde van». Además ha puesto en relieve la «incompetencia y la irresponsabilidad del gobierno del PP, hablamos de casi diez millones de euros que devuelven porque no han sido capaces de gastar»\nA esto, hay que añadir, según Badanelli, «que el Ayuntamiento ha pedido préstamos a los bancos para licitar más de 20 millones de euros para inversiones» y ha criticado que «el gobierno del PP esté dejando escapar millones de euros cuando le pide préstamos a los bancos y cuando las cuentas corrientes del Ayuntamiento están más que saneadas, hay casi 150 millones de euros que el Gobierno municipal no es capaz de gastar».\nDinero sin proyectos\nLa portavoz municipal ha recalcado que «se paguen intereses a los bancos para un proyecto que ni siquiera tiene un proyecto básico de ejecución» y que «siendo los plazos de la administración larguísimos se termina de pagar el préstamo y el proyecto aún no está terminado, no está proyectado en la ciudad».\nPor último, Paula Badanelli ha lamentado el negocio que supone esto para los bancos mientras que «el alcalde Bellido sigue asfixiando a las familias cordobesas con subidas de impuestos o bajadas pírricas del 0,1%. Nos preguntamos dónde está el alcalde, más centrado en su proyección personal que en hacer de alcalde» y ha terminado diciendo que «desde Vox, vamos a estar encima de todo esto, vamos a denunciar cada cosa por mucho que haya a quien no le guste porque el dinero público es sagrado, un gobierno debe ser eficaz y cuidar cada euro, con menos impuestos, más eficiencia y más inversiones en las calles en lugar de más dinero en la cuenta corriente y más negocio para los bancos».",
    "highlightText": "",
    "highlightTitle": "",
    "highlightThreadTitle": "",
    "language": "spanish",
    "sentiment": "negative",
    "categories": [
        "Politics"
    ],
    "webz_reporter": false,
    "external_links": [],
    "external_images": [],
    "entities": {
        "persons": [],
        "organizations": [],
        "locations": []
    },
    "rating": null,
    "crawled": "2024-06-07T00:25:29.172+03:00",
    "updated": "2024-06-07T00:25:29.172+03:00"
}