{
    "thread": {
        "uuid": "3a576a31089409dac34129409d7b971a6de78e24",
        "url": "https://tn.com.ar/deportes/futbol/2024/06/06/un-futbolista-de-independiente-revelo-que-quiere-ser-presidente-del-club-y-sorprendio-a-todos",
        "site_full": "tn.com.ar",
        "site": "tn.com.ar",
        "site_section": "https://tn.com.ar/show/",
        "site_categories": [
            "non_standard_content",
            "adult",
            "top_news"
        ],
        "section_title": "TN Show, las últimas noticias y videos sobre el espectáculo| TN",
        "title": "Un futbolista del plantel de Independiente reveló que QUIERE SER PRESIDENTE del club | TN",
        "title_full": "Un futbolista del plantel de Independiente reveló que QUIERE SER PRESIDENTE del club | TN",
        "published": "2024-06-07T00:28:00.000+03:00",
        "replies_count": 0,
        "participants_count": 1,
        "site_type": "news",
        "country": "AR",
        "main_image": "",
        "performance_score": 0,
        "domain_rank": 12372,
        "domain_rank_updated": "2024-06-04T13:08:15.000+03:00",
        "reach": null,
        "social": {
            "facebook": {
                "likes": 0,
                "comments": 0,
                "shares": 0
            },
            "gplus": {
                "shares": 0
            },
            "pinterest": {
                "shares": 0
            },
            "linkedin": {
                "shares": 0
            },
            "stumbledupon": {
                "shares": 0
            },
            "vk": {
                "shares": 0
            }
        }
    },
    "uuid": "3a576a31089409dac34129409d7b971a6de78e24",
    "url": "https://tn.com.ar/deportes/futbol/2024/06/06/un-futbolista-de-independiente-revelo-que-quiere-ser-presidente-del-club-y-sorprendio-a-todos",
    "ord_in_thread": 0,
    "parent_url": null,
    "author": "@todonoticias",
    "published": "2024-06-07T00:28:00.000+03:00",
    "title": "Un futbolista del plantel de Independiente reveló que QUIERE SER PRESIDENTE del club | TN",
    "text": "El presente de Independiente a nivel institucional es muy complicado: tiene grandes problemas económicos que suelen repercutir en lo deportivo. Dentro del plantel actual hay varios futbolistas identificados con el club y, en las últimas horas, uno de ellos reveló que sueña con ser presidente de la entidad y sorprendió a todos.\nLeé también: La anécdota paranormal que involucra a Racing e Independiente y enloqueció a un grupo de estadounidenses\nSe trata de Iván Marcone que pasó de estar en la tribuna a cumplir uno de sus sueños de ser jugador del club y capitán . El fanatismo del mediocampista por el Rojo sobrepasa cualquier límite y aseguró que quiere seguir ligado al a la institución, incluso por fuera de su faceta de futbolista.\nIván Marcone aseguró que quiere ser presidente de Independiente en el futuro. (Foto: ivanmarcone-IG) “Mi deseo es continuar acá y no solo retirarme acá. Yo ya cumplí un sueño y mi próximo objetivo es ser presidente de Independiente” , sostuvo ante la sorpresa de los periodistas de Muy Independiente . Y agregó: “Me encantaría seguir en el club lo máximo que pueda. Quizás sea un año, quizás dos, lo que sea. Obviamente, estar lo más alto posible, lograr un campeonato”.\nEsta faceta dirigencial ya está pensada por Marcone y se lo notó convencido de sus palabras: “Hablando fuera de lo deportivo y lo que es mi carrera como futbolista, me gustaría seguir toda la vida trabajando acá en el club, ya sea ayudando en otro lado, siendo técnico en inferiores, colaborando y mi sueño a futuro es ser presidente del club ”.\nAdemás, reveló que ya se está formando en este sentido en el Club Belgrano de Avellaneda, donde es el presidente : “Hay que aprender. Por eso lo hago en el Club Belgrano, que lo uso con total seriedad para aprender. Ser presidente de un club de barrio, a la larga, las tareas son similares”.\nEstas palabras sorprendieron a los hinchas del Rojo y las reacciones fueron muy diversas. Mientras algunos se centraron en el bajo nivel futbolístico del mediocampista, otros destacaron la voluntad, fanatismo y convencimiento que demuestra para afrontar este desafío en un futuro.",
    "highlightText": "",
    "highlightTitle": "",
    "highlightThreadTitle": "",
    "language": "spanish",
    "sentiment": "negative",
    "categories": [
        "Politics",
        "Sport",
        "Economy, Business and Finance"
    ],
    "webz_reporter": false,
    "external_links": [],
    "external_images": [],
    "entities": {
        "persons": [],
        "organizations": [],
        "locations": []
    },
    "rating": null,
    "crawled": "2024-06-07T00:54:52.765+03:00",
    "updated": "2024-06-07T00:54:52.765+03:00"
}