{
    "thread": {
        "uuid": "f79c44bf7effc1580e0c6a44250babd3d48d2de8",
        "url": "https://www.meneame.net/story/pasadle-estos-datos-graficos-partidarios-javier-milei-ver-alguno/c07",
        "site_full": "www.meneame.net",
        "site": "meneame.net",
        "site_section": "http://meneame.net//comments_rss",
        "site_categories": [
            "non_standard_content",
            "adult",
            "top_news"
        ],
        "section_title": "Menéame: comentarios",
        "title": "#7 Pasadle estos datos y gráficos a los partidarios de Javier Milei a ver si alguno tiene la poca vergüenza de decir que lo está haciendo bien en Argentina",
        "title_full": "#7 Pasadle estos datos y gráficos a los partidarios de Javier Milei a ver si alguno tiene la poca vergüenza de decir que lo está haciendo bien en Argentina",
        "published": "2024-06-06T22:46:00.000+03:00",
        "replies_count": 0,
        "participants_count": 1,
        "site_type": "news",
        "country": "ES",
        "main_image": "https://meneame.net/img/logo_meneame.png",
        "performance_score": 0,
        "domain_rank": 11042,
        "domain_rank_updated": "2024-06-04T13:08:15.000+03:00",
        "reach": null,
        "social": {
            "facebook": {
                "likes": 0,
                "comments": 0,
                "shares": 0
            },
            "gplus": {
                "shares": 0
            },
            "pinterest": {
                "shares": 0
            },
            "linkedin": {
                "shares": 0
            },
            "stumbledupon": {
                "shares": 0
            },
            "vk": {
                "shares": 0
            }
        }
    },
    "uuid": "f79c44bf7effc1580e0c6a44250babd3d48d2de8",
    "url": "https://www.meneame.net/story/pasadle-estos-datos-graficos-partidarios-javier-milei-ver-alguno/c07",
    "ord_in_thread": 0,
    "parent_url": null,
    "author": "painful",
    "published": "2024-06-06T22:46:00.000+03:00",
    "title": "#7 Pasadle estos datos y gráficos a los partidarios de Javier Milei a ver si alguno tiene la poca vergüenza de decir que lo está haciendo bien en Argentina",
    "text": "Portada\nmis comunidades\notras secciones\nTodos esos gráficos ya los adelantó en su campaña, no son nada que no se supiera. Argentina tenía un modo de gestión con un déficit tan loco que para encauzarlo habría que hacer sacrificios. Se dijo de sobra, 2 décadas con la mayor pérdida de poder adquisitivo de todo occidente, se trataba de elegir seguir así o romper esa inercia pero con unos años malos.\nDe verdad, es ridículo. Argentina es el peor caso de gestión económica de este siglo, habría que ir a Venezuela o países del 3er mundo o a países en guerra para ver algo comparable. Es mucho canteo que el meneante medio no tenga ni puñeterísima idea de lo que ha estado pasando en Argentina los últimos 20-30 años, y de pronto para criticar a un rival ideológico medio foro se autoproclame catedrático en argentinología.\n[#5](c5#c-5) tb resulta un poco curioso que todos los defensores de Milei en meneame son expertos en argentinologia . O no?\n[#6](c6#c-6) A mí siempre me ha parecido un mamarracho. Pero es una consecuencia lógica de la Argentina desde los 90 hasta hoy.\nPonerse a hacer gráficos con un excel y echarse las manos a la cabeza es absurdo tras ni medio año de Milei, que además no es nada que no se supiera. Argentina es un país cuya economía daba para por lo menos una portada mensual en menéame desde antes de la creación del propio portal.\nHacedle caso a Eduardo Garzón, que tiene la receta para solucionar lo de Argentina:\n⦁ Eduardo Garzón: \"Argentina no está limitada en términos financieros. Todos los pesos que se quieran crear, se pueden crear\"\n⦁ Eduardo Garzón: \"La solución al paro es teclear dinero\"\n⦁ Eduardo Garzón: \"El dinero es un invento y se puede crear sin límites\"\n⦁ Eduardo Garzón: \"El dinero lo crea y regula el sector público, por lo que éste no necesita recaudar impuestos para financiarse.\"\n⦁ Eduardo Garzón: \"Los ingresos de los funcionarios provienen del gasto del Estado, no de ningún impuesto.\"\n⦁ Eduardo Garzón: Como si llega al 250% del PIB,como en Japón y viven mejor que nosotros, mientras el BCE siga comprando bonos la deuda pública no debe preocupar\nMe jode tener yo que defender al mongolo de Milei, pero vamos si quitas subsidios y desregulas sectores es seguro que pasaría lo que está pasando.\nOtro punto es el precio a pagar por ello y si estas medidas van a mejorar el país en el medio-largo plazo o lo van a mandar al abismo directamente reventando la cohesión social.\n[#4](c4#c-4) \"El interrogante que más insiste con respecto a la ultraderecha argentina se refiere a la adhesión que aun suscita en sectores amplios de la población.\nEn efecto, un gobierno que no gobierna, un grupo de funcionarios inconsistentes y crueles, una agrupación de políticos bizarros que parecen testimoniar de una mutación antropológica en el centro del neoliberalismo provocan en el mundo la pregunta crucial: porqué un experimento con un coste de dolor tan amplio para la sociedad argentina no solo es soportable sino que parece estar apoyado por una fe inquebrantable.\nResponder a esto exigiría un conjunto de lecturas que sepan al menos caracterizar en qué tiempo histórico vivimos y si somos contemporáneos de algo nuevo y distinto. Pero mas allá de la necesaria reflexión teórica y crítica con respecto a la tragedia que le toca vivir a la Argentina, la única posibilidad de responder a esta situación siniestra es no dejarse subyugar por la foto fija de las encuestas y los votos obtenidos.\nLas encuestas y el sistema de votación nunca logran captar ciertos momentos privilegiados de lo micropolítico y de su capilarización en el tejido social. El supuesto 50 por ciento de apoyo del que dispone el ultraderechista se puede volatilizar de un instante a otro, y entonces puede emerger la verdad del militante, la verdad del que no cede, y entrega su vida a la más inmediata de las urgencias: combatir el hambre. Ya sabemos de quién estamos hablando.\nEsta es la hora de quien no se deja obnubilar por el peso inerte de los números y abraza la verdadera causa, la verdadera razón por la que ha decidido entregar su vida a la justicia.\nFrente al nihilismo de las encuestas, la verdad incondicional de la justicia social; no importa lo que digan si alguien ha decidido no prestarles mas atención.\nEn cada hombre y en cada mujer, uno por uno, en donde vibre una sensibilidad por la justicia y por el otro, un nuevo lazo social, un nuevo amor va abriendo su camino. Los días de la nueva política estan por venir\".",
    "highlightText": "",
    "highlightTitle": "",
    "highlightThreadTitle": "",
    "language": "spanish",
    "sentiment": "negative",
    "categories": [
        "Social Issue",
        "Politics",
        "Human Interest"
    ],
    "webz_reporter": false,
    "external_links": [
        "http://www.youtube.com/watch?v=Smg6f1U1tbc",
        "https://www.infobae.com/economia/2019/09/17/fernanda-vallejos-un-estado-soberano-en-terminos-monetarios-no-necesita-pedir-dinero-prestado-porque-los-puede-crear/",
        "http://www.youtube.com/watch",
        "https://infobae.com/economia/2019/09/17/fernanda-vallejos-un-estado-soberano-en-terminos-monetarios-no-necesita-pedir-dinero-prestado-porque-los-puede-crear/",
        "https://www.infobae.com/economia/2019/09/17/fernanda-vallejos-un-estado-soberano-en-terminos-monetarios-no-necesita-pedir-dinero-prestado-porque-los-puede-crear",
        "http://youtube.com/watch?v=Smg6f1U1tbc"
    ],
    "external_images": [],
    "entities": {
        "persons": [],
        "organizations": [],
        "locations": []
    },
    "rating": null,
    "crawled": "2024-06-07T00:03:20.031+03:00",
    "updated": "2024-06-07T00:03:20.031+03:00"
}