{
    "thread": {
        "uuid": "046cd395e63eee14279ead34c64cc3338553735c",
        "url": "https://www.eluniversal.com.mx/cartera/dolar-toca-los-18-pesos-por-temor-a-posible-aprobacion-de-reformas-constitucionales-de-amlo",
        "site_full": "www.eluniversal.com.mx",
        "site": "eluniversal.com.mx",
        "site_section": "https://eluniversal.com.mx",
        "site_categories": [
            "media",
            "top_news"
        ],
        "section_title": "El Universal | El periódico de México líder en noticias y clasificados",
        "title": "Dólar toca los 18 pesos por temor a posible aprobación de reformas constitucionales de AMLO | El Universal",
        "title_full": "Dólar toca los 18 pesos por temor a posible aprobación de reformas constitucionales de AMLO | El Universal",
        "published": "2024-06-07T00:13:00.000+03:00",
        "replies_count": 0,
        "participants_count": 1,
        "site_type": "news",
        "country": "MX",
        "main_image": "https://www.eluniversal.com.mx/resizer/PmjqF3FSEeaVYUcI70g_Vc5xTm8=/980x528/cloudfront-us-east-1.images.arcpublishing.com/eluniversal/2K2QRA2SBBEPTJHLA6GWDCTDD4.jpg",
        "performance_score": 0,
        "domain_rank": 3679,
        "domain_rank_updated": "2024-06-04T13:08:15.000+03:00",
        "reach": null,
        "social": {
            "facebook": {
                "likes": 0,
                "comments": 1,
                "shares": 0
            },
            "gplus": {
                "shares": 0
            },
            "pinterest": {
                "shares": 0
            },
            "linkedin": {
                "shares": 0
            },
            "stumbledupon": {
                "shares": 0
            },
            "vk": {
                "shares": 0
            }
        }
    },
    "uuid": "046cd395e63eee14279ead34c64cc3338553735c",
    "url": "https://www.eluniversal.com.mx/cartera/dolar-toca-los-18-pesos-por-temor-a-posible-aprobacion-de-reformas-constitucionales-de-amlo",
    "ord_in_thread": 0,
    "parent_url": null,
    "author": "Rubén Migueles",
    "published": "2024-06-07T00:13:00.000+03:00",
    "title": "Dólar toca los 18 pesos por temor a posible aprobación de reformas constitucionales de AMLO | El Universal",
    "text": "El tipo de cambio vuelve a repuntar y tocar la cotización de 18 pesos por dólar , debido al temor de que las reformas propuestas por el presidente López Obrador puedan ser aprobadas debido a la mayoría calificada que puedan lograr en el próximo Congreso. La divisa mexicana en los mercados internacionales cotiza alrededor de los 17.99 pesos por dólar, llegando a superar las 18 unidades, lo que significa una depreciación de 2.87% o 50 centavos, respecto al cierre del miércoles, de acuerdo con información de Bloomberg.\nEl dólar al menudeo se vende en 18.41 pesos en las ventanillas de los bancos, 2.39% o 43 centavos por arriba del cierre del miércoles, de acuerdo con los datos publicados por CitiBanamex .\nLee también: Superpeso se deprecia; precio del dólar abre en 17.61 pesos al mayoreo este jueves\nSe teme que, con la amplia mayoría de Morena y coalición en el Congreso, el presidente López Obrador decida a partir del 1 de septiembre buscar la aprobación de reformas constitucionales. En particular, preocupa la reforma del poder judicial, último contrapeso del poder ejecutivo, comentó Gabriela Siller, directora de análisis económico de grupo financiero Base.\nAdemás, existe el riesgo de recortes de la calificación crediticia de la deuda soberana. Ayer miércoles, la agencia calificadora Moody’s dijo que revisará la calificación de México después de la publicación del Paquete Económico 2025. También señalaron que estarán atentos a las posibles reformas que se envíen al Congreso.\nMercados empiezan a serenarse, pero aún no recuperan el terreno perdido: Franklin Templeton México\nÚnete a nuestro canal ¡EL UNIVERSAL ya está en Whatsapp!, desde tu dispositivo móvil entérate de las noticias más relevantes del día, artículos de opinión, entretenimiento, tendencias y más.\nrtd/mg",
    "highlightText": "",
    "highlightTitle": "",
    "highlightThreadTitle": "",
    "language": "spanish",
    "sentiment": "negative",
    "categories": [
        "Politics",
        "Economy, Business and Finance"
    ],
    "webz_reporter": false,
    "external_links": [
        "https://whatsapp.com/channel/0029Va4lfJc1CYoM1R8IT71e",
        "https://news.google.com/publications/CAAqBwgKMKG_7wowkfm2Ag?hl=es-419&gl=MX&ceid=MX%3Aes-419",
        "https://news.google.com/publications/CAAqBwgKMKG_7wowkfm2Ag",
        "https://www.news.google.com/publications/CAAqBwgKMKG_7wowkfm2Ag?hl=es-419&gl=MX&ceid=MX%3Aes-419",
        "https://www.whatsapp.com/channel/0029Va4lfJc1CYoM1R8IT71e"
    ],
    "external_images": [],
    "entities": {
        "persons": [],
        "organizations": [],
        "locations": []
    },
    "rating": null,
    "crawled": "2024-06-07T00:38:31.500+03:00",
    "updated": "2024-06-07T00:38:31.500+03:00"
}