{
    "thread": {
        "uuid": "8a8a2fb83af90fac031fb2ba6bc38428413115ac",
        "url": "https://www.meneame.net/story/erc-desafia-tc-admitira-voto-distancia-carles-puigdemont-mesa/c011",
        "site_full": "www.meneame.net",
        "site": "meneame.net",
        "site_section": "http://meneame.net//comments_rss",
        "site_categories": [
            "non_standard_content",
            "adult",
            "top_news"
        ],
        "section_title": "Menéame: comentarios",
        "title": "#11 ERC desafía al TC y admitirá el voto a distancia de Carles Puigdemont en la elección de la Mesa del Parlament en el pleno del próximo lunes",
        "title_full": "#11 ERC desafía al TC y admitirá el voto a distancia de Carles Puigdemont en la elección de la Mesa del Parlament en el pleno del próximo lunes",
        "published": "2024-06-06T22:47:00.000+03:00",
        "replies_count": 0,
        "participants_count": 1,
        "site_type": "news",
        "country": "ES",
        "main_image": "https://meneame.net/img/logo_meneame.png",
        "performance_score": 0,
        "domain_rank": 11042,
        "domain_rank_updated": "2024-06-04T13:08:15.000+03:00",
        "reach": null,
        "social": {
            "facebook": {
                "likes": 0,
                "comments": 0,
                "shares": 0
            },
            "gplus": {
                "shares": 0
            },
            "pinterest": {
                "shares": 0
            },
            "linkedin": {
                "shares": 0
            },
            "stumbledupon": {
                "shares": 0
            },
            "vk": {
                "shares": 0
            }
        }
    },
    "uuid": "8a8a2fb83af90fac031fb2ba6bc38428413115ac",
    "url": "https://www.meneame.net/story/erc-desafia-tc-admitira-voto-distancia-carles-puigdemont-mesa/c011",
    "ord_in_thread": 0,
    "parent_url": null,
    "author": "MAVERISCH",
    "published": "2024-06-06T22:47:00.000+03:00",
    "title": "#11 ERC desafía al TC y admitirá el voto a distancia de Carles Puigdemont en la elección de la Mesa del Parlament en el pleno del próximo lunes",
    "text": "Especialistas en corrupción e ilegalidades. Les da igual todo como les daba igual todo en 2017. Y todavía está el otro caradura diciendo que ha llevado la concordia a Cataluña y lo bien que vino perdonar a los delincuentes a la carta.\n#1 ¿El TC? sin duda.\n#1 Es el mito español: impunidad mediante amnistía es igual a concordia. Lo hicieron con el franquismo y lo hacen con estos.\nQue poquita dignidad tiene ERC. Junts les forzó hacer elecciones pasando de ellos y ahora le tienden la mano a Puigdemont. Los veo cayendo en picado...\n#2 ¿perdona? Quien les forzó a hacer las elecciones fueron los \"comuns\" con su línea roja ante el Hard Rock que, después de las elecciones, resulta que ya no es una línea roja ni nada...\nEsta debe ser la normalidad y la concordia de la que habla el marido de Begoña.\nA ver, no creo que nadie en Catalunya se crea nada de lo que viene del TC, se lo han ganado a pulso, si pasa algo ya se pedirá a Europa que de su opinión y allí los jueces son de verdad.\n#6 Ahora la moda es decir eso que dices. Hasta que dice cosas que molan, como que la amnistía fiscal del PP es anticonstitucional.\n#6 Pues más les vale, porque cuando VOX/PP recurran al TC para tratar de tumbar la amnistia, y el TC le dice a PP/VOX que no, yo creo que entonces si le harán caso\nCuando dicen que se les vuelve a amnistiar? O a los de erc es indultar? Ya me lio\nSiempre y cuando lo envíe antes de 8 segundos.\nEsto es una intromisión inadmisible del poder judicial en el legislativo.",
    "highlightText": "",
    "highlightTitle": "",
    "highlightThreadTitle": "",
    "language": "spanish",
    "sentiment": "negative",
    "categories": [
        "Politics",
        "Social Issue",
        "Crime, Law and Justice"
    ],
    "webz_reporter": false,
    "external_links": [],
    "external_images": [],
    "entities": {
        "persons": [],
        "organizations": [],
        "locations": []
    },
    "rating": null,
    "crawled": "2024-06-07T00:02:57.524+03:00",
    "updated": "2024-06-07T00:02:57.524+03:00"
}