{
    "thread": {
        "uuid": "06e3b83e5555a010b2537296c1f267ab0de52120",
        "url": "https://vnexplorer.net/z/616643.html",
        "site_full": "vnexplorer.net",
        "site": "vnexplorer.net",
        "site_section": "https://vnexplorer.net/",
        "site_categories": [
            "health",
            "cold_and_flu"
        ],
        "section_title": "Verified News Explorer Channel - VNExplorer",
        "title": "Petro responde desafiante a propuesta de Iván Duque sobre un “candidato único” para 2026: “Están asustados”",
        "title_full": "Petro responde desafiante a propuesta de Iván Duque sobre un “candidato único” para 2026: “Están asustados”",
        "published": "2024-06-06T15:46:00.000+03:00",
        "replies_count": 0,
        "participants_count": 1,
        "site_type": "news",
        "country": "VN",
        "main_image": "https://img-s-msn-com.akamaized.net/tenant/amp/entityid/BB1nEEXm.img",
        "performance_score": 0,
        "domain_rank": 85205,
        "domain_rank_updated": "2024-06-04T13:08:26.000+03:00",
        "reach": null,
        "social": {
            "facebook": {
                "likes": 0,
                "comments": 0,
                "shares": 0
            },
            "gplus": {
                "shares": 0
            },
            "pinterest": {
                "shares": 0
            },
            "linkedin": {
                "shares": 0
            },
            "stumbledupon": {
                "shares": 0
            },
            "vk": {
                "shares": 0
            }
        }
    },
    "uuid": "06e3b83e5555a010b2537296c1f267ab0de52120",
    "url": "https://vnexplorer.net/z/616643.html",
    "ord_in_thread": 0,
    "parent_url": null,
    "author": "VNExplorer",
    "published": "2024-06-06T15:46:00.000+03:00",
    "title": "Petro responde desafiante a propuesta de Iván Duque sobre un “candidato único” para 2026: “Están asustados”",
    "text": "Llamó la atención del presidente de la República Gustavo Petro, la propuesta que lanzó desde la convención de Asobancaria en Cartagena, el expresidente Iván Duque de cara a las próximas elecciones de 2026, cuando constitucionalmente termina el mandato del Gobierno del llamado cambio. Duque, se lanzó y habló sobre un “candidato único” para las elecciones del 2026, por medio de una “gran alianza nacional”, con el objetivo de recuperar el rumbo del país. Inmediatamente, el mandatario colombiano Petro, a través de su cuenta personal de X, antes Twitter, respondió de manera desafiante. “Están asustados…”, expresó Petro en sus redes sociales. Esta semana y de manera sorpresiva, el presidente Petro abrió la puerta a una reelección de su mandato vía constituyente. “Ellos sí se reeligieron, los que me critican se reeligieron, yo no quiero reelegirme, ni creo que una constituyente es el instrumento adecuado aún, pero no niego esa posibilidad en un futuro, porque el poder constituyente tiene que expresarse, tal cual como cuando los liberales y conservadores hicieron la paz, para poder hacer la paz hoy”, insistió Petro en esa ocasión. Presidente Gustavo Petro Cabe señalar, que el acontecer político y económico en Colombia es el tema obligado en la 58° Convención Bancaria que se realiza en Cartagena, en la que participó el expresidente Iván Duque, quien se refirió a la inconveniencia de la constituyente a la que le está apuntando el gobierno de Gustavo Petro. “En los momentos actuales, en Colombia es inconveniente hablar de constituyente, eso solo va a generar más incertidumbre y falta confianza, algo que ya está impactando”, indicó. Iván Duque, Expresidente de Colombia y fundador de I+D (Innovación para el Desarrollo) Tras exponer su punto de vista sobre distintos tópicos que afectan a los colombianos, dijo que es oportuno que todos los que quieren ser presidentes en 2026 salgan ya, y que el país avance en la construcción de una alianza nacional republicana. El expresidente mencionó un panorama poco optimista. Expresó que, a su juicio, hay una clara intención del gobierno de perpetuarse en el poder, por lo que hizo un llamado a que la constituyente sea rechazada por los ciudadanos. ¿Colombia vía a una recesión? También hizo referencia a un tema preocupante y es el de la economía. Al respecto, dijo que el país venía de crecer al 10 % en 2021 y de cerca del 8 % en 2022, y ahora estamos por debajo del 1 %, por lo que manifestó que “esto es casi recesivo, si Colombia no crece por encima del 3 % no va a ser capaz de seguir cerrando las brechas sociales”. Duque advirtió que a la situación débil de la economía se suma lo que llamó “persecución de los sectores productivos”, alrededor de lo cual puso como ejemplo la reforma a la salud, que claramente promueve la antiparticipación privada en la salud. Palacio de Nariño Casa de Nariño Bogota mayo 23 del 2024 Foto Guillermo Torres Reina / Semana Y no fue todo, se refirió a la reforma pensional, que, desde su perspectiva, “tiene varios elementos catastróficos”, pero uno de los que más le preocupó a Duque fue el de que “Colpensiones se vuelva un cajero automático para sacar adelante propuestas demenciales como el puente elevado Buenaventura-Barranquilla que mencionó el mismo presidente de Colpensiones”. Según lo expresado por Duque, si no hay un cambio de rumbo, “vamos a ver una situación económica que continuará empeorando”. De izquierda a derecha: el expresidente Iván Duque y el presidente Gustavo Petro. Sumado a ello, en varios de los escenarios que mencionó Duque descalificó políticas y posiciones que se han tomado, como la del tema relacionado con la seguridad y la economía ilegal. “Recordemos lo que el gobierno dijo cuando empezó, que se quería sentar con grupos alzados en armas y que se queden con parte de la fortuna mal habida. Se trataría del proceso más grande de lavado de activos que se haya dado”, advirtió y remarcó su desacuerdo con negociaciones con grupos que “violaron el acuerdo de 2016, el principio de no repetición, conformaron grupos terroristas, asesinaron lideres sociales, reclutaron niños, y ahora les dan tratamiento político violando todas las normas”.",
    "highlightText": "",
    "highlightTitle": "",
    "highlightThreadTitle": "",
    "language": "spanish",
    "sentiment": "negative",
    "categories": [
        "Politics"
    ],
    "webz_reporter": false,
    "external_links": [],
    "external_images": [],
    "entities": {
        "persons": [],
        "organizations": [],
        "locations": []
    },
    "rating": null,
    "crawled": "2024-06-07T00:03:51.957+03:00",
    "updated": "2024-06-07T00:03:51.957+03:00"
}