{
    "thread": {
        "uuid": "75353af6307df34f442195eb5a9686e66828501c",
        "url": "https://spain.shafaqna.com/ES/AL/7150985",
        "site_full": "spain.shafaqna.com",
        "site": "shafaqna.com",
        "site_section": "https://spain.shafaqna.com/",
        "site_categories": [],
        "section_title": "\r\n\t\tSpain News (News Reader)\t",
        "title": "El PP pagó 82.930 euros en 32 contratos menores por el acto inaugural de la Capitalidad Verde de València",
        "title_full": "El PP pagó 82.930 euros en 32 contratos menores por el acto inaugural de la Capitalidad Verde de València",
        "published": "2024-06-06T03:00:00.000+03:00",
        "replies_count": 0,
        "participants_count": 0,
        "site_type": "news",
        "country": "ES",
        "main_image": "",
        "performance_score": 0,
        "domain_rank": 30664,
        "domain_rank_updated": "2024-06-04T13:08:15.000+03:00",
        "reach": null,
        "social": {
            "facebook": {
                "likes": 0,
                "comments": 0,
                "shares": 0
            },
            "gplus": {
                "shares": 0
            },
            "pinterest": {
                "shares": 0
            },
            "linkedin": {
                "shares": 0
            },
            "stumbledupon": {
                "shares": 0
            },
            "vk": {
                "shares": 0
            }
        }
    },
    "uuid": "75353af6307df34f442195eb5a9686e66828501c",
    "url": "https://spain.shafaqna.com/ES/AL/7150985",
    "ord_in_thread": 0,
    "parent_url": null,
    "author": null,
    "published": "2024-06-06T03:00:00.000+03:00",
    "title": "El PP pagó 82.930 euros en 32 contratos menores por el acto inaugural de la Capitalidad Verde de València",
    "text": "eldiario - 21 minutes ago El PP pagó 82.930 euros en 32 contratos menores por el acto inaugural de la Capitalidad Verde de València El pasado 11 de enero tuvo lugar en el Palau de la M sica el acto oficial de apertura de la Capitalidad Verde Europea, que ostenta este a o Val ncia, en una doble sesi n matinal y nocturna. En l, adem s de la alcaldesa, Mar a Jos Catal , participaron expertos nacionales e internacionales, representantes de las capitales verdes europeas predecesoras y alcaldes del rea metropolitana de Val ncia. La concejala del Grupo Municipal Socialista, Elisa Val a, desvel este mi rcoles que la organizaci n del evento tuvo un coste de 143.000 euros. Sin embargo, m s all de la cuant a denunci el procedimiento utilizado para abonar los diferentes servicios, que ha llevado a la Agencia Antifraude. La edil revel el fraccionamiento de 82.930 euros en 32 contratos menores, tras tener acceso al expediente de contrataci n, del que dijo: Fue montado el 29 de mayo a ra z de que solicitamos acceso porque ni siquiera hab a un expediente del acto inaugural . Los 60.500 euros restantes se corresponden con al contrato del espect culo piromusical que, si bien fue por procedimiento negociado sin publicidad, es decir, a dedo (un recurso legal en el caso de servicios art sticos), no se puede considerar contrato menor al superar el l mite de 18.000 euros. Val a record que la ley establece que en el caso de los contratos de entre 3.000 y 18.000 euros tienen que pedirse hasta tres presupuestos para cada factura, cuesti n que seg n asegur tampoco se ha cumplido, u organizarlos por lotes si son trabajos distintos para los que habr a que sacar sus correspondientes licitaciones. Por tanto, considera evidente y demostrado que el Ayuntamiento ha incumplido la legislaci n que se aplica a la contrataci n p blica. Val a a adi que otra irregularidad es la falta de aplicaci n de los procedimientos de contrataci n, es decir al margen de que se hayan fraccionado, no se ha seguido el procedimiento establecido para la contrataci n p blica. Por ejemplo, seg n la edil socialista, se han contratado por medio de fraccionamiento en contrato menor sin pedir m s presupuestos el merchandising (3.829 euros), el alquiler de instalaci n de los hologramas (3.628 euros), el alquiler del mobiliario (3.177), la ingenier a del espect culo piromusical (3.605 euros), los servicios de dinamizaci n de talleres (3.617 euros), las traducciones simult neas (4.582 euros) o el catering (3.300 euros). Costaron m s de 3.000 euros y para ninguno de ellos se pidieron tres ofertas como marca el procedimiento de contrataci n p blica. Adem s, resalt que tambi n hay ampliaciones extras de ltima hora en algunas contrataciones que superan claramente los l mites que establecen los diferentes procedimientos de contrataci n . Val a se al : Ya vemos cu l es su forma de trabajar y c mo entienden que pueden actuar, porque creen que todo funciona igual, como si pudieran llamar a cuatro amigos para que les hagan las cosas, sin ning n control . Esto no es una empresa privada en la que llamas a cualquier proveedor amigo y le dices, oye, tr emelo corriendo que me hace falta y luego te lo pago . La concejal socialista calific de cutre y poco profesional que en un acto de este tipo, por ejemplo, con gente de todas partes del mundo, se les pagaran uno a uno sus taxis . Por otra parte, denunci que el D a Mundial del Medio Ambiente el Gobierno de la alcaldesa Mar a Jos Catal no tenga ning n acto en la agenda, ni siquiera una rueda de prensa de balance de actuaciones o para anunciar alguna medida . La ciudad que es Capital Verde Europea no ha organizado nada , indic , y lament que el nico balance que pod a presentar Catal es la reversi n de todos los proyectos de renaturalizaci n y recuperaci n de espacio p blico para las persona que nos hicieron merecedores de ese reconocimiento .\nRead on the original site",
    "highlightText": "",
    "highlightTitle": "",
    "highlightThreadTitle": "",
    "language": "spanish",
    "sentiment": "negative",
    "categories": [
        "Politics"
    ],
    "webz_reporter": false,
    "external_links": [
        "https://eldiario.es/comunitat-valenciana/valencia/pp-pago-82-930-euros-32-contratos-menores-acto-inaugural-capitalidad-verde-valencia_1_11424038.html",
        "https://www.eldiario.es/comunitat-valenciana/valencia/pp-pago-82-930-euros-32-contratos-menores-acto-inaugural-capitalidad-verde-valencia_1_11424038.html"
    ],
    "external_images": [],
    "entities": {
        "persons": [],
        "organizations": [],
        "locations": []
    },
    "rating": null,
    "crawled": "2024-06-07T00:31:15.296+03:00",
    "updated": "2024-06-07T00:31:15.296+03:00"
}