{
    "thread": {
        "uuid": "79fe87fea42a86c4207b3f41c963c02cb68ff6e0",
        "url": "https://es-us.noticias.yahoo.com/empujones-agresiones-inicio-conteo-votos-000008435.html",
        "site_full": "es-us.noticias.yahoo.com",
        "site": "yahoo.com",
        "site_section": "https://espanol.yahoo.com/topics/elecciones-mexico-2024/",
        "site_categories": [
            "search_engine",
            "media",
            "tech",
            "top_news"
        ],
        "section_title": "Elecciones presidenciales México 2024 | Yahoo en español",
        "title": "Empujones y agresiones al inicio del conteo de votos en Jalisco; Morena reclama presuntas boletas extraviadas",
        "title_full": "Empujones y agresiones al inicio del conteo de votos en Jalisco; Morena reclama presuntas boletas extraviadas",
        "published": "2024-06-06T08:00:00.000+03:00",
        "replies_count": 0,
        "participants_count": 1,
        "site_type": "news",
        "country": "US",
        "main_image": "https://media.zenfs.com/es/animal_pol_tico_619/93d31e4803a9ff3b13e0649c2dddfe60",
        "performance_score": 0,
        "domain_rank": 37,
        "domain_rank_updated": "2024-06-04T13:08:15.000+03:00",
        "reach": null,
        "social": {
            "facebook": {
                "likes": 0,
                "comments": 0,
                "shares": 0
            },
            "gplus": {
                "shares": 0
            },
            "pinterest": {
                "shares": 0
            },
            "linkedin": {
                "shares": 0
            },
            "stumbledupon": {
                "shares": 0
            },
            "vk": {
                "shares": 0
            }
        }
    },
    "uuid": "79fe87fea42a86c4207b3f41c963c02cb68ff6e0",
    "url": "https://es-us.noticias.yahoo.com/empujones-agresiones-inicio-conteo-votos-000008435.html",
    "ord_in_thread": 0,
    "parent_url": null,
    "author": "yahoo",
    "published": "2024-06-06T08:00:00.000+03:00",
    "title": "Empujones y agresiones al inicio del conteo de votos en Jalisco; Morena reclama presuntas boletas extraviadas",
    "text": "Leer todo el artículo Animal Político Empujones y agresiones al inicio del conteo de votos en Jalisco; Morena reclama presuntas boletas extraviadas Siboney Flores 6 de junio de 2024, 3:00 a. m. · 6 min de lectura Enlace copiado undefined\nA tres días de las elecciones del 2 de junio y el primer día del cómputo de lo votos para definir quién ganó la gubernatura de Jalisco y las diputaciones locales, seis elementos de la policía municipal de Zapopan custodian a un joven capacitador del Instituto Electoral y Participación Ciudadana (IEPC) que segundos antes era ahorcado por un elemento de seguridad identificado como parte del equipo de la candidata guinda Claudia Delgadillo.\nEn medio de gritos, simpatizantes morenistas y representantes del partido insisten en que sea detenido. Hay empujones y manotazos. Una joven mujer intenta pedir espacio y grita “ya déjenlo por favor”. Al final un portazo comprueba que la policía logra llevar al capacitador al interior del Consejo Distrital 10, ubicado en el municipio de Zapopan, para mantenerlo a salvo.\nEs el primer día de cuatro en los que los 20 consejos distritales a lo largo de Jalisco realizan el conteo de cómputos distritales .\nEntérate | Instituto de Jalisco alerta sobre agresiones y personas armadas, presuntamente de Morena, en sus sedes por cómputos distritales\nLos simpatizantes de Morena permanecen afuera de las instalaciones electorales y justifican que ese mismo capacitador, al que se intentaba ahorcar, horas antes en ese miércoles 5 de junio, conducía una camioneta particular en la que intentaron trasladar una bolsa negra que fue sacada desde el Consejo Distrital y cuyo contenido eran boletas marcadas en favor de los candidatos guindas Pedro Kumamoto por Zapopan y Claudia Delgadillo por la gubernatura .\nCamioneta presuntamente para transportar las boletas. Foto: Siboney\nEn tanto, el IEPC denunció que durante el arranque de la jornada en las diferentes sedes que contabilizaban los cómputos distritales, registraron esta y otras agresiones e incidentes y por lo menos en la sede del municipio de Tequila se identificaron a personas armadas, presuntamente de Morena.\nEl instituto electoral reprobó la violencia contra el capacitador en el distrito 10 y explicó que en esa sede las boletas que salían de las instalaciones serían entregadas al Consejo Municipal para su escrutinio.\n“En todos los procesos electorales, los funcionarios de casilla por error colocan boletas donde no les corresponde. En este caso teníamos un grupo de boletas, un paquete electoral que le corresponden a Zapopan y a través de los protocolos de mecanismos de recolección de paquetes, nuestra obligación era entregarlo al consejo municipal… Entonces por un error humano del equipo del Consejo se llevan el paquete rompiendo una parte de la cadena de custodia y la gente que está afuera pensó que era una cosa indebida”, explica David Córtes, presidente del consejo distrital electoral 10.\nLee también | Morena pedirá recuento de votos en elección a gubernatura de Jalisco; denuncia que no le entregaron copias legibles de las actas\n“Error humano” en el PREP de Jalisco La acusación de intentar eliminar actas para beneficiar a Movimiento Ciudadano ocurre después de que el programa de resultados electorales preliminares (PREP) de Jalisco , a cargo del IEPC, tuviera lo que llamó “un error humano” en el que registró más de 200 mil votos a favor del candidato Kumamoto y luego cambió la cifra.\n“Se capturó un dato incorrecto, porque eran 230 mil votos, lo cual es totalmente imposible para una casilla, cada casilla puede recibir hasta 750 votos, lo sabemos todas y todos, ese error salió a la vista de inmediato y fue corregido”, explicó en su momento Paula Ramírez Höhne, presidenta del IEPC.\nTambién sucede tras la negativa de Claudia Delgadillo y Mario Delgado, dirigente nacional del partido, de aceptar una derrota por el 3% de los votos frente a Pablo Lemus de Movimiento Ciudadano para obtener la gubernatura.\nLa candidata guinda sostiene que hay una inconsistencia en el número de votos por lo que el partido impugnará las elecciones para hacer una revisión.\n“H acen falta infinidad de boletas en cada uno de los distritos, donde faltan un millón de votos que no se han contabilizado para la gubernatura, pues entonces yo estaré pidiendo que se haga un recuento voto a voto, casilla por casilla, porque no voy a permitir que me roben la elección”, alega Claudia Delgadillo .\nLee más | Jorge Álvarez Máynez pide a Morena reconocer el triunfo de Movimiento Ciudadano en Jalisco\nLa candidata muestra los datos públicos sobre votos para la gubernatura y la presidencia. De acuerdo al Instituto Nacional Electoral (INE) en Jalisco votaron 3.6 millones de personas para la presidencia de México, pero según el IEPC solo votaron 2.4 millones de jaliscienses para definir a su próximo gobernador.\nFoto: Captura de video.\n¿Qué dice el candidato de Movimiento Ciudadano sobre el resultado de elección en Jalisco? Al respecto, Pablo Lemus respondió que Morena difunde información falsa y aseguró que los votos que “dice que faltan” son los que apenas van a contar los consejos distritales, pero que no quieren que sean contabilizadas y por eso recurren a violencia e intimidaciones, “porque saben que en esas casillas les ponemos un baile y ampliamos aún más nuestra ventaja”.\n“No faltan un millón de votos, falta que Morena le permita a los ciudadanos y al IEPC terminar de contarlos. De forma tramposa, la candidata de Morena en su “cálculo” omitió más del 36% de las actas en Jalisco que aún no estaban contabilizadas en el último corte del PREP del Instituto Electoral”, dijo Lemus.\nLos simpatizantes y representantes de Morena y de los partidos aliados — Partido Verde, partido del Trabajo, Futuro y Hagamos — permanecían fuera de las instalaciones electorales del distrito 10 desde las 8 de la mañana, porque el partido sostiene que es el principal distrito donde hay una amplia inconsistencia en el número de votos emitidos para el cargo de gobernador y presidencia.\n“En este distrito tenemos votos para gobernador de alrededor de 85 mil votos, sin embargo en este mismo distrito, en el 10, de Zapopan, que es el mismo territorio y que se votaron al mismo tiempo en las casillas únicas hay 233 mil votos para la presidencia. Es una diferencia de 146 mil votos”, explicó Mario Delgado, dirigente Nacional de Morena.\nEn el siguiente distrito donde denunciaron que también hay una amplia diferencia en la votación es el distrito 1, ubicado en el municipio de Tequila. La inconsistencia señalada es por 70 mil votos. Se trata de la sede donde este mismo miércoles se reportó la asistencia de personas que portaban armas, presuntamente de Morena.\n“Este hecho intimidatorio no es compatible con un proceso legal, pacífico y transparente como el que estamos llevando a cabo”, insistió el instituto electoral a través de un comunicado.\nAdemás de los altercados antes mencionados, el resto de juntas distritales en Jalisco también tuvieron movilizaciones y manifestaciones de simpatizantes y representantes morenistas, aunque no se reportaron mayores incidentes en dichas sedes.\nRepresentante de Morena en en el Consejo del Distrito 10. Foto: Siboney Flores\nSigue la cobertura de las elecciones 2024 aquí",
    "highlightText": "",
    "highlightTitle": "",
    "highlightThreadTitle": "",
    "language": "spanish",
    "sentiment": "negative",
    "categories": [
        "Politics",
        "Crime, Law and Justice"
    ],
    "webz_reporter": false,
    "external_links": [
        "https://animalpolitico.com/elecciones-2024/estados/jalisco/jorge-alvarez-maynez-pide-a-morena-reconocer-el-triunfo-jalisco",
        "https://s.yimg.com/ny/api/res/1.2/KeXFWR_MX.Nd0eo_A87HNA--/YXBwaWQ9aGlnaGxhbmRlcjt3PTk2MDtoPTY0MA--/https://media.zenfs.com/es/animal_pol_tico_619/35c5018bab43ae1d69195f7f4de3ec0a",
        "https://www.facebook.com/dialog/feed?app_id=458584288257241&link=https%3A%2F%2Fes-us.noticias.yahoo.com%2Fempujones-agresiones-inicio-conteo-votos-000008435.html%3Fsoc_src%3Dsocial-sh%26soc_trk%3Dfb%26tsrc%3Dfb",
        "https://animalpolitico.com/elecciones-2024/estados/jalisco/morena-gubernatura-jalisco-recuento-votos",
        "https://s.yimg.com/ny/api/res/1.2/2JWsJBPjBa7.KIN8TNjVTw--/YXBwaWQ9aGlnaGxhbmRlcjt3PTI0MDA7aD0xNjAw/https://media.zenfs.com/es/animal_pol_tico_619/9b45ba77acbd056b6b8f5893793e3ae2",
        "https://media.zenfs.com/es/animal_pol_tico_619/93d31e4803a9ff3b13e0649c2dddfe60",
        "https://s.yimg.com/os/creatr-uploaded-images/2021-02/12d40660-6664-11eb-bc8f-b4e5ae00178a",
        "https://www.animalpolitico.com/",
        "https://s.yimg.com/ny/api/res/1.2/XskkXD4EoLjYztS5rBk27w--/YXBwaWQ9aGlnaGxhbmRlcjt3PTk2MDtoPTY0MA--/https://media.zenfs.com/es/animal_pol_tico_619/9b45ba77acbd056b6b8f5893793e3ae2",
        "https://animalpolitico.com/elecciones-2024/estados/jalisco/quien-es-claudia-delgadillo",
        "https://s.yimg.com/ny/api/res/1.2/hHcHQkB5uST2kqM_fKFI1g--/YXBwaWQ9aGlnaGxhbmRlcjt3PTI0MDA7aD0xNjAw/https://media.zenfs.com/es/animal_pol_tico_619/93d31e4803a9ff3b13e0649c2dddfe60",
        "https://s.yimg.com/ny/api/res/1.2/BmmizsViyXKmQRimWC9wtg--/YXBwaWQ9aGlnaGxhbmRlcjt3PTI0MDA7aD0xNjAw/https://media.zenfs.com/es/animal_pol_tico_619/0ac5ce3b9cef2eeaed88c29aa7dc7912",
        "https://www.animalpolitico.com/elecciones-2024/estados/jalisco/morena-gubernatura-jalisco-recuento-votos",
        "https://twitter.com/intent/tweet?text=Empujones%20y%20agresiones%20al%20inicio%20del%20conteo%20de%20votos%20en%20Jalisco%3B%20Morena%20reclama%20presuntas%20boletas%20extraviadas&url=https%3A%2F%2Fes-us.noticias.yahoo.com%2Fempujones-agresiones-inicio-conteo-votos-000008435.html%3Fsoc_src%3Dsocial-sh%26soc_trk%3Dtw%26tsrc%3Dtwtr&via=Yahoo",
        "https://s.yimg.com/ny/api/res/1.2/3zcVYaQsvqx7BnvEKazLtg--/YXBwaWQ9aGlnaGxhbmRlcjt3PTk2MDtoPTY0MA--/https://media.zenfs.com/es/animal_pol_tico_619/0ac5ce3b9cef2eeaed88c29aa7dc7912",
        "https://animalpolitico.com/elecciones-2024/estados/jalisco/instituto-jalisco-personas-armadas-morena-computos",
        "https://s.yimg.com/ny/api/res/1.2/g3FAy2fBzIdpz.7MMuBmVA--/YXBwaWQ9aGlnaGxhbmRlcjt3PTk0O2g9NjA-/https://s.yimg.com/os/creatr-uploaded-images/2021-02/12d40660-6664-11eb-bc8f-b4e5ae00178a",
        "https://animalpolitico.com/elecciones-2024/estados/jalisco/pablo-lemus-gobernador-quien-es",
        "https://s.yimg.com/ny/api/res/1.2/au4wN3ThvcZcYUL5DCyLPA--/YXBwaWQ9aGlnaGxhbmRlcjt3PTEyNDI7aD04Mjg-/https://media.zenfs.com/es/animal_pol_tico_619/93d31e4803a9ff3b13e0649c2dddfe60",
        "https://www.animalpolitico.com/elecciones-2024",
        "https://s.yimg.com/ny/api/res/1.2/VF0SBoLTNHHk7QIZiADmZA--/YXBwaWQ9aGlnaGxhbmRlcjt3PTI0MDA7aD0xNjAw/https://media.zenfs.com/es/animal_pol_tico_619/35c5018bab43ae1d69195f7f4de3ec0a",
        "https://www.animalpolitico.com/elecciones-2024/estados/jalisco/pablo-lemus-gobernador-quien-es",
        "https://animalpolitico.com/",
        "https://www.s.yimg.com/os/creatr-uploaded-images/2021-02/12d40660-6664-11eb-bc8f-b4e5ae00178a",
        "https://animalpolitico.com/elecciones-2024",
        "https://www.animalpolitico.com/elecciones-2024/estados/jalisco/instituto-jalisco-personas-armadas-morena-computos",
        "https://facebook.com/dialog/feed?app_id=458584288257241&link=https%3A%2F%2Fes-us.noticias.yahoo.com%2Fempujones-agresiones-inicio-conteo-votos-000008435.html%3Fsoc_src%3Dsocial-sh%26soc_trk%3Dfb%26tsrc%3Dfb",
        "https://www.s.yimg.com/ny/api/res/1.2/au4wN3ThvcZcYUL5DCyLPA--/YXBwaWQ9aGlnaGxhbmRlcjt3PTEyNDI7aD04Mjg-/https://www.media.zenfs.com/es/animal_pol_tico_619/93d31e4803a9ff3b13e0649c2dddfe60",
        "https://www.s.yimg.com/ny/api/res/1.2/VF0SBoLTNHHk7QIZiADmZA--/YXBwaWQ9aGlnaGxhbmRlcjt3PTI0MDA7aD0xNjAw/https://www.media.zenfs.com/es/animal_pol_tico_619/35c5018bab43ae1d69195f7f4de3ec0a",
        "https://www.animalpolitico.com/elecciones-2024/estados/jalisco/morena-gubernatura-jalisco-recuento-votos",
        "https://www.s.yimg.com/ny/api/res/1.2/g3FAy2fBzIdpz.7MMuBmVA--/YXBwaWQ9aGlnaGxhbmRlcjt3PTk0O2g9NjA-/https://www.s.yimg.com/os/creatr-uploaded-images/2021-02/12d40660-6664-11eb-bc8f-b4e5ae00178a",
        "https://www.s.yimg.com/ny/api/res/1.2/hHcHQkB5uST2kqM_fKFI1g--/YXBwaWQ9aGlnaGxhbmRlcjt3PTI0MDA7aD0xNjAw/https://www.media.zenfs.com/es/animal_pol_tico_619/93d31e4803a9ff3b13e0649c2dddfe60",
        "https://animalpolitico.com/elecciones-2024/estados/jalisco/morena-gubernatura-jalisco-recuento-votos",
        "https://www.s.yimg.com/ny/api/res/1.2/BmmizsViyXKmQRimWC9wtg--/YXBwaWQ9aGlnaGxhbmRlcjt3PTI0MDA7aD0xNjAw/https://www.media.zenfs.com/es/animal_pol_tico_619/0ac5ce3b9cef2eeaed88c29aa7dc7912",
        "https://www.s.yimg.com/ny/api/res/1.2/2JWsJBPjBa7.KIN8TNjVTw--/YXBwaWQ9aGlnaGxhbmRlcjt3PTI0MDA7aD0xNjAw/https://www.media.zenfs.com/es/animal_pol_tico_619/9b45ba77acbd056b6b8f5893793e3ae2",
        "https://www.s.yimg.com/ny/api/res/1.2/3zcVYaQsvqx7BnvEKazLtg--/YXBwaWQ9aGlnaGxhbmRlcjt3PTk2MDtoPTY0MA--/https://www.media.zenfs.com/es/animal_pol_tico_619/0ac5ce3b9cef2eeaed88c29aa7dc7912",
        "https://twitter.com/intent/tweet",
        "https://www.facebook.com/dialog/feed",
        "https://www.twitter.com/intent/tweet?text=Empujones%20y%20agresiones%20al%20inicio%20del%20conteo%20de%20votos%20en%20Jalisco%3B%20Morena%20reclama%20presuntas%20boletas%20extraviadas&url=https%3A%2F%2Fes-us.noticias.yahoo.com%2Fempujones-agresiones-inicio-conteo-votos-000008435.html%3Fsoc_src%3Dsocial-sh%26soc_trk%3Dtw%26tsrc%3Dtwtr&via=Yahoo",
        "https://www.s.yimg.com/ny/api/res/1.2/KeXFWR_MX.Nd0eo_A87HNA--/YXBwaWQ9aGlnaGxhbmRlcjt3PTk2MDtoPTY0MA--/https://www.media.zenfs.com/es/animal_pol_tico_619/35c5018bab43ae1d69195f7f4de3ec0a",
        "https://www.media.zenfs.com/es/animal_pol_tico_619/93d31e4803a9ff3b13e0649c2dddfe60",
        "https://www.animalpolitico.com/elecciones-2024/estados/jalisco/jorge-alvarez-maynez-pide-a-morena-reconocer-el-triunfo-jalisco",
        "https://www.animalpolitico.com/elecciones-2024/estados/jalisco/quien-es-claudia-delgadillo",
        "https://www.s.yimg.com/ny/api/res/1.2/XskkXD4EoLjYztS5rBk27w--/YXBwaWQ9aGlnaGxhbmRlcjt3PTk2MDtoPTY0MA--/https://www.media.zenfs.com/es/animal_pol_tico_619/9b45ba77acbd056b6b8f5893793e3ae2",
        "https://www.animalpolitico.com"
    ],
    "external_images": [],
    "entities": {
        "persons": [],
        "organizations": [],
        "locations": []
    },
    "rating": null,
    "crawled": "2024-06-07T00:37:48.061+03:00",
    "updated": "2024-06-07T00:37:48.061+03:00"
}