{
    "thread": {
        "uuid": "21e3edc402b10b3e237b9b05c28102417972c6f4",
        "url": "https://www.startribune.com/wisconsin-withholds-nearly-17-million-to-milwaukee-schools-due-to-unfiled-report/600371617",
        "site_full": "www.startribune.com",
        "site": "startribune.com",
        "site_section": "https://www.startribune.com/nation/",
        "site_categories": [
            "under_construction",
            "non_standard_content"
        ],
        "section_title": "            National news\n    ",
        "title": "Wisconsin withholds nearly $17 million to Milwaukee schools due to unfiled report",
        "title_full": "Wisconsin withholds nearly $17 million to Milwaukee schools due to unfiled report",
        "published": "2024-06-06T23:26:00.000+03:00",
        "replies_count": 0,
        "participants_count": 0,
        "site_type": "news",
        "country": "US",
        "main_image": "https://www.startribune.com/static/img/branding/logos/strib-social-card.png?d=1717510706",
        "performance_score": 0,
        "domain_rank": 1191,
        "domain_rank_updated": "2024-06-04T13:08:15.000+03:00",
        "reach": null,
        "social": {
            "facebook": {
                "likes": 0,
                "comments": 0,
                "shares": 0
            },
            "gplus": {
                "shares": 0
            },
            "pinterest": {
                "shares": 0
            },
            "linkedin": {
                "shares": 0
            },
            "stumbledupon": {
                "shares": 0
            },
            "vk": {
                "shares": 0
            }
        }
    },
    "uuid": "21e3edc402b10b3e237b9b05c28102417972c6f4",
    "url": "https://www.startribune.com/wisconsin-withholds-nearly-17-million-to-milwaukee-schools-due-to-unfiled-report/600371617",
    "ord_in_thread": 0,
    "parent_url": null,
    "author": null,
    "published": "2024-06-06T23:26:00.000+03:00",
    "title": "Wisconsin withholds nearly $17 million to Milwaukee schools due to unfiled report",
    "text": "MADISON, Wis. — The Wisconsin education department said Thursday that it was withholding nearly $17 million in aid to Milwaukee Public Schools because the district has yet to submit financial reports that were due nine months ago.\nThe state Department of Public Instruction had warned that the money would be suspended and stressed in a statement Thursday that it was working ''deeply and actively'' with the district so the payment could be made later this month.\nThe aid payment suspension comes just two days after the district's superintendent resigned following a contentious school board meeting. The district's comptroller also said he was fired Tuesday.\nIn addition to the state aid payment being on hold, millions of dollars in federal funding is being withheld from the district's Head Start program after officials discovered abuse and lack of supervision in Milwaukee Public Schools programs.\nFederal officials cited ''deficiencies,'' such as failure to supervise students in the early education and nutrition program for low-income children.\nThe district received $14 million from the federal Head Start program in the most recent school year, according to district budget materials.",
    "highlightText": "",
    "highlightTitle": "",
    "highlightThreadTitle": "",
    "language": "english",
    "sentiment": "negative",
    "categories": [
        "Politics",
        "Education",
        "Economy, Business and Finance"
    ],
    "webz_reporter": false,
    "external_links": [],
    "external_images": [],
    "entities": {
        "persons": [],
        "organizations": [
            {
                "name": "milwaukee",
                "sentiment": "negative"
            },
            {
                "name": "milwaukee public schools",
                "sentiment": "none"
            },
            {
                "name": "department of public instruction",
                "sentiment": "none"
            }
        ],
        "locations": [
            {
                "name": "madison",
                "sentiment": "none"
            },
            {
                "name": "wis.",
                "sentiment": "none"
            },
            {
                "name": "wisconsin",
                "sentiment": "none"
            }
        ]
    },
    "rating": null,
    "crawled": "2024-06-07T00:00:32.169+03:00",
    "updated": "2024-06-07T00:00:32.169+03:00"
}