{
    "thread": {
        "uuid": "c4047e71a6b8d9e58002e861169c25a5e3bfa725",
        "url": "https://www.rionegro.com.ar/gremios/aguiar-en-suiza-denuncio-al-presidente-milei-ante-la-oit-aumento-drasticamente-la-pobreza-y-duplico-la-indigencia-3625123",
        "site_full": "www.rionegro.com.ar",
        "site": "rionegro.com.ar",
        "site_section": "https://www.rionegro.com.ar/rss",
        "site_categories": [
            "travel",
            "south_america",
            "top_news"
        ],
        "section_title": "Diario Río Negro",
        "title": "Aguiar en Suiza, denunció al presidente Milei ante la OIT: «aumentó drásticamente la pobreza y duplicó la indigencia»",
        "title_full": "Aguiar en Suiza, denunció al presidente Milei ante la OIT: «aumentó drásticamente la pobreza y duplicó la indigencia»",
        "published": "2024-06-06T23:44:00.000+03:00",
        "replies_count": 0,
        "participants_count": 1,
        "site_type": "news",
        "country": "AR",
        "main_image": "https://www.rionegro.com.ar/wp-content/uploads/2024/06/WhatsApp-Image-2024-06-06-at-11.21.48-1.jpeg?w=1200&amp;h=630&amp;crop=1",
        "performance_score": 0,
        "domain_rank": 34697,
        "domain_rank_updated": "2024-06-04T13:08:15.000+03:00",
        "reach": null,
        "social": {
            "facebook": {
                "likes": 0,
                "comments": 0,
                "shares": 0
            },
            "gplus": {
                "shares": 0
            },
            "pinterest": {
                "shares": 0
            },
            "linkedin": {
                "shares": 0
            },
            "stumbledupon": {
                "shares": 0
            },
            "vk": {
                "shares": 0
            }
        }
    },
    "uuid": "c4047e71a6b8d9e58002e861169c25a5e3bfa725",
    "url": "https://www.rionegro.com.ar/gremios/aguiar-en-suiza-denuncio-al-presidente-milei-ante-la-oit-aumento-drasticamente-la-pobreza-y-duplico-la-indigencia-3625123",
    "ord_in_thread": 0,
    "parent_url": null,
    "author": "Carlos Morando",
    "published": "2024-06-06T23:44:00.000+03:00",
    "title": "Aguiar en Suiza, denunció al presidente Milei ante la OIT: «aumentó drásticamente la pobreza y duplicó la indigencia»",
    "text": "Aguiar en Suiza, denunció al presidente Milei ante la OIT: «aumentó drásticamente la pobreza y duplicó la indigencia»\nEl secretario general de ATE Nacional, Rodolfo Aguiar, participó de la Conferencia de la Organización Internacional del Trabajo (OIT) en Suiza. \"La democracia está en riesgo en este momento en la Argentina\", afirmó ante los representantes de los 187 Estados miembros.\n[https://www.rionegro.com.ar/gremios/aguiar-en-suiza-denuncio-al-presidente-milei-ante-la-oit-aumento-drasticamente-la-pobreza-y-duplico-la-indigencia-3625123/]\nEl secretario general de ATE a nivel nacional, Rodolfo Aguiar, participó este jueves en la 112° Conferencia de la Organización Internacional del Trabajo (OIT) realizada en Ginebra, Suiza. Denunció ante los representantes de los 187 Estados miembros de la organización los «ataques que los trabajadores y jubilados argentinos están sufriendo por parte del gobierno de Javier Milei».\n«La eficiencia del orden democrático de un país puede medirse por la eficacia de la libertad sindical, y podemos afirmar categóricamente que sin libertad sindical no hay democracia. En la Argentina, es la democracia misma la que está en riesgo en este momento», apuntó el dirigente desde el Palacio de las Naciones Unidas.\nAgregó que «el proceso de criminalización de la protesta en el país es gravísimo. No podemos naturalizar que se estén allanando domicilios de dirigentes y de sedes sindicales».\nFrente a miles de delegados de trabajadores, empleadores y gobiernos de todo el mundo, el dirigente estatal expuso que «llegamos a esta Conferencia Internacional del Trabajo para denunciar al Gobierno y al presidente Milei. Desde el mismo 10 de diciembre los estatales estamos siendo atacados, agraviados, insultados. Nos quitan derechos, destruyen nuestros puestos de empleo y demuelen nuestros salarios».\nAguiar informó sobre los despidos masivos y dijo que «las medidas económicas del Gobierno hasta aquí han sido lapidarias. En tan solo cinco meses aumentó drásticamente la pobreza y duplicó la indigencia. En este momento asistimos a un fenómeno de empobrecimiento de los pobres en el país».\nEl dirigente gremial sostuvo que «no podemos aceptar que la respuesta a esta crisis profunda que generaron sea la Ley Bases, una ley que incorpora una reforma laboral absolutamente regresiva. En el 2015, la OIT ya estudió 63 países que impulsaron en el mundo legislaciones similares y todas fracasaron. Para terminar con la emergencia de empleo y salario que existe hoy, hay que hacer todo lo contrario a lo que está haciendo este Gobierno».\nAnte la atenta mirada de trabajadores de todos los continentes, alertados por la grave situación que vive el país, Aguiar concluyó que «enfrentamos un programa económico orientado a entregar a las potencias extranjeras todas las riquezas que producimos exclusivamente los trabajadores, y es con la unidad del movimiento obrero y un pueblo que se niega a firmar su propio certificado de defunción que lo vamos a derrotar».",
    "highlightText": "",
    "highlightTitle": "",
    "highlightThreadTitle": "",
    "language": "spanish",
    "sentiment": "negative",
    "categories": [
        "Social Issue",
        "Politics",
        "Human Interest"
    ],
    "webz_reporter": false,
    "external_links": [],
    "external_images": [],
    "entities": {
        "persons": [],
        "organizations": [],
        "locations": []
    },
    "rating": null,
    "crawled": "2024-06-07T00:02:21.745+03:00",
    "updated": "2024-06-07T00:02:21.745+03:00"
}