{
    "thread": {
        "uuid": "cc4340f5a8d25db0a9577aa4ec366bae2479cca5",
        "url": "https://www.emol.com/noticias/Economia/2024/06/06/1132984/china-embajador-minrel.html",
        "site_full": "www.emol.com",
        "site": "emol.com",
        "site_section": "https://www.emol.com",
        "site_categories": [
            "media",
            "top_news"
        ],
        "section_title": "EMOL - El sitio de noticias online de Chile.",
        "title": "Embajador chino insiste en críticas por sobretasas al acero y acusa \"perjuicio a relación comercial\" con Chile",
        "title_full": "Embajador chino insiste en críticas por sobretasas al acero y acusa \"perjuicio a relación comercial\" con Chile",
        "published": "2024-06-06T21:56:00.000+03:00",
        "replies_count": 17,
        "participants_count": 15,
        "site_type": "news",
        "country": "CL",
        "main_image": "https://static.emol.cl/emol50/Fotos/2024/06/06/file_20240606135954.jpg",
        "performance_score": 0,
        "domain_rank": 10535,
        "domain_rank_updated": "2024-06-04T13:08:15.000+03:00",
        "reach": null,
        "social": {
            "facebook": {
                "likes": 0,
                "comments": 0,
                "shares": 0
            },
            "gplus": {
                "shares": 0
            },
            "pinterest": {
                "shares": 0
            },
            "linkedin": {
                "shares": 0
            },
            "stumbledupon": {
                "shares": 0
            },
            "vk": {
                "shares": 0
            }
        }
    },
    "uuid": "cc4340f5a8d25db0a9577aa4ec366bae2479cca5",
    "url": "https://www.emol.com/noticias/Economia/2024/06/06/1132984/china-embajador-minrel.html",
    "ord_in_thread": 0,
    "parent_url": null,
    "author": "El Mercurio S.A.P.",
    "published": "2024-06-06T21:56:00.000+03:00",
    "title": "Embajador chino insiste en críticas por sobretasas al acero y acusa \"perjuicio a relación comercial\" con Chile",
    "text": "El embajador de China en Chile, Niu Qingbao, volvió a remarcar sus críticas en torno a las sobretasas al acero chino que el Gobierno implementó luego de la recomendación de la Comisión Antidistorsiones, que llegó a la conclusión de que existía dumnping en medio de la crisis de la Siderúrgica Huachipato.\nEn conversación con radio Cooperativa, el diplomático insistió en que \"Chile es un país que siempre aboga por el libre comercio. Las decisiones de antidumping sin fundamento no está en línea con la propia imagen del país\" .\n\"La práctica antidumping ha perjudicado los intereses legítimos de las empresas siderúrgicas chinas porque sus productos ahora son tratados con discriminación en Chile y eso significa un perjuicio de la propia relación económica y comercial entre China y Chile\" , recalcó también.\nSus comentarios estuvieron en línea con lo que ya había manifestado el martes en la Comisión de Economía del Senado. Allí, Niu Qingbao explicó que \"la medida adoptada no coincide con los hechos y contraviene el consenso alcanzado entre ambos jefes de Estado el año pasado\" .\nSubsecretaria Sanhueza: \"Esperamos reunirnos pronto\"\nLa subsecretaria de Relaciones Económicas Internacionales, Claudia Sanhueza , señaló esta mañana en Radio Pauta que \"todavía no nos hemos juntado con él (el embajador)\".\nNo obstante, indicó que \"estábamos agendando una reunión con él, para conversar no solo este tema , sino (que) tenemos otros temas en la agenda\".\nEn relación a cuándo se llevaría a cabo el encuentro, Sanhueza explicó que \"esperemos que pronto\".",
    "highlightText": "",
    "highlightTitle": "",
    "highlightThreadTitle": "",
    "language": "spanish",
    "sentiment": "negative",
    "categories": [
        "Politics",
        "Economy, Business and Finance"
    ],
    "webz_reporter": false,
    "external_links": [],
    "external_images": [],
    "entities": {
        "persons": [],
        "organizations": [],
        "locations": []
    },
    "rating": null,
    "crawled": "2024-06-07T00:18:37.509+03:00",
    "updated": "2024-06-07T00:18:37.509+03:00"
}