{
    "thread": {
        "uuid": "b1489bac6a79129043b62e1f77fa3d7acc6dd858",
        "url": "https://vnexplorer.net/z/617348.html",
        "site_full": "vnexplorer.net",
        "site": "vnexplorer.net",
        "site_section": "https://vnexplorer.net/",
        "site_categories": [],
        "section_title": "Verified News Explorer Channel - VNExplorer",
        "title": "Chile envía nota de protesta a Venezuela tras declaraciones del fiscal general Saab",
        "title_full": "Chile envía nota de protesta a Venezuela tras declaraciones del fiscal general Saab",
        "published": "2024-06-06T16:28:00.000+03:00",
        "replies_count": 0,
        "participants_count": 1,
        "site_type": "news",
        "country": "VN",
        "main_image": "https://img-s-msn-com.akamaized.net/tenant/amp/entityid/BB1nLrrS.img",
        "performance_score": 0,
        "domain_rank": 85205,
        "domain_rank_updated": "2024-06-04T13:08:26.000+03:00",
        "reach": null,
        "social": {
            "facebook": {
                "likes": 0,
                "comments": 0,
                "shares": 0
            },
            "gplus": {
                "shares": 0
            },
            "pinterest": {
                "shares": 0
            },
            "linkedin": {
                "shares": 0
            },
            "stumbledupon": {
                "shares": 0
            },
            "vk": {
                "shares": 0
            }
        }
    },
    "uuid": "b1489bac6a79129043b62e1f77fa3d7acc6dd858",
    "url": "https://vnexplorer.net/z/617348.html",
    "ord_in_thread": 0,
    "parent_url": null,
    "author": "VNExplorer",
    "published": "2024-06-06T16:28:00.000+03:00",
    "title": "Chile envía nota de protesta a Venezuela tras declaraciones del fiscal general Saab",
    "text": "Chile envía nota de protesta a Venezuela tras declaraciones del fiscal general Saab El presidente de Chile, Gabriel Boric, anunció este jueves el envío de una nota de protesta a Venezuela por las declaraciones de su fiscal general, Tarek William Saab, que el miércoles señaló a los servicios de inteligencia chilenos como supuestos responsables del crimen del exmilitar antichavista Ronald Ojeda en febrero pasado en Santiago. “Instruí al canciller presentar una nota de protesta (...) Chile es un país serio, donde las instituciones funcionan, donde hay separación de poderes, donde el Ministerio Público está llevando una investigación seria y responsable”, indicó el mandatario progresista en declaraciones a los periodistas. Boric dijo que “los comentarios del fiscal venezolano dan cuenta efectivamente de que no hay voluntad adecuada para resolver un caso que es tremendamente complejo” y aseguró que adoptará “todas las medidas que estén a nuestro alcance” para dar con los responsables del crimen. “Cuando se insulta, se denigra o se pone en cuestión a las instituciones de nuestro país lo que tenemos que hacer es actuar con mucha claridad y firmeza”, indicó el gobernante, que rechazó sin embargo la ruptura de relaciones diplomáticas. Ojeda, disidente del Gobierno de Nicolás Maduro y asilado político en Chile, fue secuestrado el pasado 21 de febrero en Santiago y sus restos fueron hallados diez días después en una localidad periférica de la capital, sepultados debajo de un bloque de cemento. Le puede interesar: Encuentran cadáver de ex militar venezolano desaparecido en Chile La Fiscalía chilena vinculó en abril el crimen con la banda criminal Tren de Aragua, nacida en una cárcel venezolana y extendida por Chile, Perú, Colombia y Bolivia, y pidió apoyo a las autoridades venezolanas para esclarecer los hechos. Hasta el momento, solo hay un joven venezolano detenido en Chile, pero hay otros dos sospechosos con órdenes de detención, que las autoridades chilenas creen que están en Venezuela. El fiscal general de Venezuela, Tarek William Saab, aseguró el miércoles que el crimen de Ojeda fue una operación para “enturbiar” las relaciones entre ambos países, en la que participaron cuerpos de inteligencia chilenos y extranjeros “con intereses espurios”, al tiempo que rechazó que los dos sospechosos vayan a ser extraditados a Chile en caso de ser detenidos.",
    "highlightText": "",
    "highlightTitle": "",
    "highlightThreadTitle": "",
    "language": "spanish",
    "sentiment": "negative",
    "categories": [
        "Politics"
    ],
    "webz_reporter": false,
    "external_links": [],
    "external_images": [],
    "entities": {
        "persons": [],
        "organizations": [],
        "locations": []
    },
    "rating": null,
    "crawled": "2024-06-07T00:53:53.915+03:00",
    "updated": "2024-06-07T00:53:53.915+03:00"
}