{
    "thread": {
        "uuid": "1b990ae2d2772f38870bdff18dee71e7fb7da211",
        "url": "https://politica.expansion.mx/mexico/2024/06/06/fiscalia-eu-cadena-perpetua-genaro-garcia-luna",
        "site_full": "politica.expansion.mx",
        "site": "expansion.mx",
        "site_section": "https://expansion.mx",
        "site_categories": [
            "non_standard_content",
            "adult",
            "top_news"
        ],
        "section_title": "Expansión | Noticias de Negocios, Economía y Política en México",
        "title": "Fiscalía de EU insiste en cadena perpetua para Genaro García Luna",
        "title_full": "Fiscalía de EU insiste en cadena perpetua para Genaro García Luna",
        "published": "2024-06-06T23:53:00.000+03:00",
        "replies_count": 0,
        "participants_count": 1,
        "site_type": "news",
        "country": "MX",
        "main_image": "https://cdn-3.expansion.mx/dims4/default/0270236/2147483647/strip/true/crop/1196x628+2+0/resize/1200x630!/format/jpg/quality/80/?url=https%3A%2F%2Fcdn-3.expansion.mx%2Faf%2F57%2F30ffa8c044a7a149b37c61ce2f08%2Fgenaro-garcia-luna-piden-cadena-perpetua.jpg",
        "performance_score": 0,
        "domain_rank": 11705,
        "domain_rank_updated": "2024-06-04T13:08:15.000+03:00",
        "reach": null,
        "social": {
            "facebook": {
                "likes": 0,
                "comments": 0,
                "shares": 0
            },
            "gplus": {
                "shares": 0
            },
            "pinterest": {
                "shares": 0
            },
            "linkedin": {
                "shares": 0
            },
            "stumbledupon": {
                "shares": 0
            },
            "vk": {
                "shares": 0
            }
        }
    },
    "uuid": "1b990ae2d2772f38870bdff18dee71e7fb7da211",
    "url": "https://politica.expansion.mx/mexico/2024/06/06/fiscalia-eu-cadena-perpetua-genaro-garcia-luna",
    "ord_in_thread": 0,
    "parent_url": null,
    "author": "(Foto: Jane Rosenberg/Reuters)",
    "published": "2024-06-06T23:53:00.000+03:00",
    "title": "Fiscalía de EU insiste en cadena perpetua para Genaro García Luna",
    "text": "La Fiscalía de Estados Unidos insiste en que la sentencia en contra del exsecretario de Seguridad Pública de México Genaro García Luna es cadena perpetua, pues recordó que durante el juicio que se le siguió se \"desmostró\" que participó con el Cártel de Sinaloa en el envío de cocaína y otras drogas.\nPublicidad La Fiscalía envió una carta dirigida a la Corte de Distrito Este de Nueva York , donde asegura que el exfuncionario mexicano sí colaboró con una de las células delictivas más peligrosas y poderosas de México.\nEl acusado conspiró con el Cártel de Sinaloa y aceptó decenas de millones de dólares en sobornos a cambio de asistir al Cártel de Sinaloa con la importación de grandes cantidades de cocaína dentro de EU Fiscalía de EU La Fiscalía estadounidense insistió en que el acusado se enriqueció con jugosas cantidades de dinero, pues –señaló– recibió sobornos de parte del cártel de Sinaloa, además de que “ usó como fachada su cargo , para impulsar de forma encubierta y corrupta las metas del Cártel de Sinaloa”.\n“La evidencia demuestra que el acusado se involucró en esta conducta criminal como forma de vida”, insistió la Fiscalía de EU.\nTe recomendamos: elecciones 2024 “¿Por qué no pide investigar a García Luna?”: Sheinbaum a Gálvez por Tren Maya\n¿En qué va el juicio contra García Luna?\nEl juez federal Brian Cogan aplazó la audiencia de sentencia contra el extitular de la policía para el 24 de junio , después de que los fiscales solicitaron aplazar la fecha prevista para marzo de este 2024.\nLos abogados defensores de García Luna solicitaron a las autoridades de EU un nuevo juicio contra su cliente; sin embargo, hasta ahora las autoridades no han determinado si se realizará o no un nuevo juicio.\nPublicidad Lo último SEP avanza en trámites y pago a la OCDE para aplicar prueba PISA en México ¿Quiénes son los hijos de Claudia Sheinbaum? La nueva familia presidencial Infonavit coloca otra vez bandera LGBTI+, luego de que el sindicato la rompiera Publicidad Tags Genaro García Luna Juicio de Genaro García Luna Recomendaciones México Fiscales: García Luna ofreció millones a presos para que testificaran a su favor 1 Min Read México Funcionarios de la SSP comparecerán en juicio de García Luna, informa Pablo Gómez 2 Min Read Más acerca del autor: Expansión Política @ExpPolitica MGID Recomienda Newsletter",
    "highlightText": "",
    "highlightTitle": "",
    "highlightThreadTitle": "",
    "language": "spanish",
    "sentiment": "negative",
    "categories": [
        "Politics",
        "Crime, Law and Justice",
        "Social Issue"
    ],
    "webz_reporter": false,
    "external_links": [
        "https://ads.viralize.tv/display/?zid=AAFCBbHCIYWAfzh4",
        "https://twitter.com/ExpPolitica",
        "https://www.twitter.com/ExpPolitica",
        "https://ads.viralize.tv/display/",
        "https://www.ads.viralize.tv/display/?zid=AAFCBbHCIYWAfzh4"
    ],
    "external_images": [],
    "entities": {
        "persons": [],
        "organizations": [],
        "locations": []
    },
    "rating": null,
    "crawled": "2024-06-07T00:13:20.004+03:00",
    "updated": "2024-06-07T00:13:20.004+03:00"
}