{
    "thread": {
        "uuid": "55a7ed896b33bc06de872fdb774dc54b9d9acd90",
        "url": "https://noticias.r7.com/brasilia/lula-condena-fake-news-sobre-rs-nao-tem-preocupacao-com-sofrimento-dos-outros-06062024",
        "site_full": "noticias.r7.com",
        "site": "r7.com",
        "site_section": "https://www.r7.com/",
        "site_categories": [
            "media",
            "top_news"
        ],
        "section_title": "R7 - Notícias do Dia no Brasil e no Mundo ",
        "title": "Lula condena fake news sobre RS: ‘Não têm preocupação com sofrimento dos outros’ – Noticias R7",
        "title_full": "Lula condena fake news sobre RS: ‘Não têm preocupação com sofrimento dos outros’ – Noticias R7",
        "published": "2024-06-06T23:04:00.000+03:00",
        "replies_count": 0,
        "participants_count": 1,
        "site_type": "news",
        "country": "BR",
        "main_image": "https://newr7-r7-prod.web.arc-cdn.net/resizer/v2/F3G3BBBCBZC23IQ3OSBI6QEPM4.jpg?smart=true&amp;auth=62cad3ba790df573f4f8aa34332ca72452bd571139cf7527f64ddd1e1c3ad16e&amp;width=1200&amp;height=630",
        "performance_score": 0,
        "domain_rank": 6865,
        "domain_rank_updated": "2024-06-04T13:08:15.000+03:00",
        "reach": null,
        "social": {
            "facebook": {
                "likes": 0,
                "comments": 0,
                "shares": 0
            },
            "gplus": {
                "shares": 0
            },
            "pinterest": {
                "shares": 0
            },
            "linkedin": {
                "shares": 0
            },
            "stumbledupon": {
                "shares": 0
            },
            "vk": {
                "shares": 0
            }
        }
    },
    "uuid": "55a7ed896b33bc06de872fdb774dc54b9d9acd90",
    "url": "https://noticias.r7.com/brasilia/lula-condena-fake-news-sobre-rs-nao-tem-preocupacao-com-sofrimento-dos-outros-06062024",
    "ord_in_thread": 0,
    "parent_url": null,
    "author": "R7.com",
    "published": "2024-06-06T23:04:00.000+03:00",
    "title": "Lula condena fake news sobre RS: ‘Não têm preocupação com sofrimento dos outros’ – Noticias R7",
    "text": "O presidente Luiz Inácio Lula da Silva voltou a condenar, nesta quinta-feira (6), as informações falsas sobre a tragédia ambiental que assola o Rio Grande do Sul desde o fim de abril. Em Arroio do Meio (RS), ao lado de ministros para anúncio de novas medidas de socorro ao estado, Lula declarou que quem espalha fake news “não tem preocupação com o sofrimento dos outros”. É a quarta vez que o petista vai ao Rio Grande do Sul desde o início da tragédia ambiental. “Não acreditem em nada que vocês perceberem que seja anormal. Nos tempos de hoje no Brasil, temos a indústria da mentira, da maldade, da fake news, que não têm nenhuma preocupação com o sofrimento dos outros. Têm só objetivo de negar, de destruir”, criticou o presidente. Dados divulgados às 9h de quarta-feira (5) pela Defesa Civil local apontam que 172 pessoas morreram em decorrência da tragédia ambiental e outras 41 estão desaparecidas. Outras 30.442 estão em abrigos e 572.781, desalojadas. Ao todo, 2,3 milhões de pessoas foram afetadas pelas chuvas e enchentes, em 476 municípios — 95% do estado. Lula também pediu que os agentes públicos do estado não usem o desastre com intenções políticas. “Não permitam que as eleições deste ano atrapalhem o compromisso de vocês com o povo. Não permitam que seja usada com objetivos eleitorais essa desgraça que aconteceu. Vamos dar uma chance a este país. Uma vez na vida vamos tratar com seriedade aquilo que merece ser tratado com seriedade. A gente vai respeitar quem merece ser respeitado e a gente vai devolver ao povo gaúcho o direito de acreditar que tem gente interessada em cuidar”, declarou.",
    "highlightText": "",
    "highlightTitle": "",
    "highlightThreadTitle": "",
    "language": "portuguese",
    "sentiment": "negative",
    "categories": [
        "Politics"
    ],
    "webz_reporter": false,
    "external_links": [],
    "external_images": [],
    "entities": {
        "persons": [],
        "organizations": [],
        "locations": []
    },
    "rating": null,
    "crawled": "2024-06-07T00:05:16.885+03:00",
    "updated": "2024-06-07T00:05:16.885+03:00"
}