{
    "thread": {
        "uuid": "e713c1179a4e53f34327cd4b36b0460fad4d5746",
        "url": "https://www.world-today-news.com/kasselakis-to-mitsotakis-about-tempi-is-it-true-that-the-state-cant-verify-what-number-of-are-useless-video-2024-06-06-202731",
        "site_full": "www.world-today-news.com",
        "site": "world-today-news.com",
        "site_section": "https://www.world-today-news.com/category/world/",
        "site_categories": [],
        "section_title": null,
        "title": "Kasselakis to Mitsotakis about Tempi: “Is it true that the state can’t verify what number of are useless?” (Video) – 2024-06-06 20:27:31",
        "title_full": "Kasselakis to Mitsotakis about Tempi: “Is it true that the state can’t verify what number of are useless?” (Video) – 2024-06-06 20:27:31",
        "published": "2024-06-06T21:27:00.000+03:00",
        "replies_count": 0,
        "participants_count": 1,
        "site_type": "news",
        "country": "DE",
        "main_image": "",
        "performance_score": 0,
        "domain_rank": 27932,
        "domain_rank_updated": "2024-06-04T13:08:15.000+03:00",
        "reach": null,
        "social": {
            "facebook": {
                "likes": 0,
                "comments": 0,
                "shares": 0
            },
            "gplus": {
                "shares": 0
            },
            "pinterest": {
                "shares": 0
            },
            "linkedin": {
                "shares": 0
            },
            "stumbledupon": {
                "shares": 0
            },
            "vk": {
                "shares": 0
            }
        }
    },
    "uuid": "e713c1179a4e53f34327cd4b36b0460fad4d5746",
    "url": "https://www.world-today-news.com/kasselakis-to-mitsotakis-about-tempi-is-it-true-that-the-state-cant-verify-what-number-of-are-useless-video-2024-06-06-202731",
    "ord_in_thread": 0,
    "parent_url": null,
    "author": "world today news",
    "published": "2024-06-06T21:27:00.000+03:00",
    "title": "Kasselakis to Mitsotakis about Tempi: “Is it true that the state can’t verify what number of are useless?” (Video) – 2024-06-06 20:27:31",
    "text": "His sturdy response SYRIZA attributable to what Kostas Lakafosis revealed to MEGA, concerning the crime of Tempi forward of the trial for the case.\nThe professional famous that “the state has not mapped the crime scene”:\n“The error that the state has made is that it has not recorded what was discovered and the place, from injured and victims and to attract a conclusion about what might have occurred to every of the 57. Even when it was 57 or not it has not reply the state or state company. There was no report of the place as a result of there was an inexplicable rush to “gather” every little thing. The court docket should someway know the place the individuals have been on the time they have been killed.”\n“Look individuals within the eye and reply” “Mr. Prime Minister, it isn’t humorous. It is a crime. Look individuals within the eye and reply” says o Stefanos Kasselakis and addresses key inquiries to Kyriakos Mitsotakis:\n“I’m asking the Prime Minister to reply: Is it true that the state can’t even verify the variety of useless within the Tempe crime?\nWhy this inexplicable rush, Mr. Prime Minister, to gather every little thing piecemeal, with none report?\nDid you or did you not give an order to edit the conversations of the railwaymen on the identical evening of the accident, in order that the edited materials could possibly be given to Maximus’s favourite web site, First Matter?\nDid you or did you not give an order to your right-hand man, the deputy minister subsequent to the Prime Minister, Mr. Triandopoulos, two days after the crime, to arrange a gathering that remained secret and has now been revealed, throughout which it was determined to kill the Tempes?”\nThe announcement of SYRIZA:\n“Greek society continues to observe in shock the just about each day revelations concerning the well-planned cover-up operation of the crime in Tempe.\nThe professional professional, Kostas Lakafosis, revealed that “the state has not completed mapping of the crime scene”, with a view to reply the kin what occurred to every of the 57 useless in Tempe. One thing that the specialists undertook to cowl up the legal indifference of the authorities.\n“Even when he was 57 or not, the state or state company has no reply. There was no report of the place as a result of there was an inexplicable rush to “gather” every little thing. […] Most died immediately or nearly immediately, had no hope of survival and weren’t tortured – as one may think. Nonetheless, there are some, 5.6 individuals, who would have survived if there had been no fireplace and explosion”, the chilling report of Mr. Lakafosis (Mega, 5.6.24).\nA lawyer for kin of the victims, he spoke of an unprecedented and legal alteration of the crime scene below investigation “from which proof was eliminated, whereas the physiognomy of the bottom was additionally altered, with the recognized switch of virtually a constructing block” (Mega, 5.6.24).\nAnd he reiterated that the explosion was attributable to flammable materials, the existence of which is causally linked to the demise of some individuals, who weren’t killed by the collision as such, however burned alive.\n“There was an allalum within the coordination and both it is because of excessive negligence and excessive stupidity or it is because of one thing that’s coordinated, so it’s suspicious,” underlined the lawyer. He estimated that the “undressing of the system” will outcome from the continuing investigation and the trial course of.\nIf he has an iota of empathy left, even now, Mr. Mitsotakis should converse with braveness and honesty about what occurred within the first hours and days after the crime of Tempe and take the obligations that belong to the federal government and people in hiding, now and former, his ministers.\nHe owes it to the households of the victims, but additionally to all Greek women and men, to place a cease to the cover-up operation and to permit the ministers to be tried earlier than common justice.”\nLearn additionally: Kasselakis for Haritsi’s response to Documento: “Give your wages to charities”\nKasselakis assault on SW from Heraklion: Nero of Well being the undefined Adonis\n#Kasselakis #Mitsotakis #Tempi #true #state #verify #useless #Video",
    "highlightText": "",
    "highlightTitle": "",
    "highlightThreadTitle": "",
    "language": "english",
    "sentiment": "negative",
    "categories": [
        "Human Interest",
        "Politics",
        "Crime, Law and Justice"
    ],
    "webz_reporter": false,
    "external_links": [
        "https://www.instagram.com/reel/C71tBKNIZEN/?utm_source=ig_embed&#038;utm_campaign=loading",
        "https://instagram.com/reel/C71tBKNIZEN/?utm_source=ig_embed&#038;utm_campaign=loading",
        "https://www.instagram.com/reel/C71tBKNIZEN/"
    ],
    "external_images": [],
    "entities": {
        "persons": [
            {
                "name": "mitsotakis",
                "sentiment": "negative"
            },
            {
                "name": "kostas lakafosis",
                "sentiment": "negative"
            },
            {
                "name": "stefanos kasselakis",
                "sentiment": "none"
            },
            {
                "name": "kyriakos mitsotakis",
                "sentiment": "none"
            }
        ],
        "organizations": [],
        "locations": []
    },
    "rating": null,
    "crawled": "2024-06-07T00:01:17.287+03:00",
    "updated": "2024-06-07T00:01:17.287+03:00"
}