{
    "thread": {
        "uuid": "88a6f9f0d1c54707990bfcf5c14eee652ca4bb84",
        "url": "https://www.emol.com/noticias/Nacional/2024/06/06/1132993/gobierno-recurrir-organismos-ojeda.html",
        "site_full": "www.emol.com",
        "site": "emol.com",
        "site_section": "https://www.emol.com",
        "site_categories": [
            "media",
            "top_news"
        ],
        "section_title": "EMOL - El sitio de noticias online de Chile.",
        "title": "Gobierno recurrirá a organismos multilaterales y hará saber \"su molestia\" por dichos de fiscal venezolano",
        "title_full": "Gobierno recurrirá a organismos multilaterales y hará saber \"su molestia\" por dichos de fiscal venezolano",
        "published": "2024-06-06T21:00:00.000+03:00",
        "replies_count": 51,
        "participants_count": 46,
        "site_type": "news",
        "country": "CL",
        "main_image": "https://static.emol.cl/emol50/Fotos/2024/06/06/file_20240606150257.jpg",
        "performance_score": 0,
        "domain_rank": 10535,
        "domain_rank_updated": "2024-06-04T13:08:15.000+03:00",
        "reach": null,
        "social": {
            "facebook": {
                "likes": 0,
                "comments": 0,
                "shares": 0
            },
            "gplus": {
                "shares": 0
            },
            "pinterest": {
                "shares": 0
            },
            "linkedin": {
                "shares": 0
            },
            "stumbledupon": {
                "shares": 0
            },
            "vk": {
                "shares": 0
            }
        }
    },
    "uuid": "88a6f9f0d1c54707990bfcf5c14eee652ca4bb84",
    "url": "https://www.emol.com/noticias/Nacional/2024/06/06/1132993/gobierno-recurrir-organismos-ojeda.html",
    "ord_in_thread": 0,
    "parent_url": null,
    "author": "El Mercurio S.A.P.",
    "published": "2024-06-06T21:00:00.000+03:00",
    "title": "Gobierno recurrirá a organismos multilaterales y hará saber \"su molestia\" por dichos de fiscal venezolano",
    "text": "El Gobierno recurrirá a organismos multilaterales para manifestar su molestia por los dichos del fiscal venezolano Tarek Saab , quien señaló que había agentes chilenos involucrados en secuestro y homicidio de Ronald Ojeda.\n\"Hoy día el Presidente de la República hizo mención, y vamos a trabajar en esa dirección, a que el país primero va a seguir insistiendo con Venezuela, porque Venezuela tiene compromisos en esta materia, cuando se es parte de organismos internacionales, hay acuerdos bilaterales en esta materia, hay participación en Interpol, pero vamos además a recurrir a organismos multilaterales , y en esos foros vamos a llevar el punto de vista de Chile\", sostuvo la ministra del Interior, Carolina Tohá.\nSumado a lo revelado por el Presidente Gabriel Boric, la jefa de Gabinete agregó que \"del punto de vista de cómo trabajamos en Chile, nos parece totalmente inadecuado que autoridades de Chile, o con mayor razón de otro país, planteen mediáticamente sospechas respecto a causas de esta naturaleza. Esa no es la forma seria en que se enfrenta una investigación\".\n\"Y vamos a hacer saber esa molestia de Chile , y también la exigencia a que Venezuela colabore en el hallazgo de estas personas sospechosas por todas esas vías, además de la nota de protesta\".\nSobre la colaboración venezolana, aseguró que \"siempre hemos hablado de que nosotros no nos encontramos, no somos ingenuos ni estamos relajados por el hecho de que se nos haya ofrecido colaboración. Siempre hemos dicho que vamos a estar atentos a que ello suceda, y lo vamos a exigir en todas las instancias\".\nNosotros como país tenemos la evaluación, a partir además de una trayectoria de política exterior, que la medida de romper relaciones suele prestar muy poca utilidad a los objetivos del país. Sin embargo, eso no quiere decir que nuestro único vehículo sean las notas de protesta.",
    "highlightText": "",
    "highlightTitle": "",
    "highlightThreadTitle": "",
    "language": "spanish",
    "sentiment": "negative",
    "categories": [
        "War, Conflict and Unrest",
        "Politics",
        "Social Issue"
    ],
    "webz_reporter": false,
    "external_links": [],
    "external_images": [],
    "entities": {
        "persons": [],
        "organizations": [],
        "locations": []
    },
    "rating": null,
    "crawled": "2024-06-07T00:19:11.171+03:00",
    "updated": "2024-06-07T00:19:11.171+03:00"
}