{
    "thread": {
        "uuid": "dbc07e4c6aa8e76fd2fa6adb9c2b6953b7f16532",
        "url": "https://www.meneame.net/story/pasadle-estos-datos-graficos-partidarios-javier-milei-ver-alguno/c06",
        "site_full": "www.meneame.net",
        "site": "meneame.net",
        "site_section": "http://meneame.net//comments_rss",
        "site_categories": [
            "media",
            "top_news"
        ],
        "section_title": "Menéame: comentarios",
        "title": "#6 Pasadle estos datos y gráficos a los partidarios de Javier Milei a ver si alguno tiene la poca vergüenza de decir que lo está haciendo bien en Argentina",
        "title_full": "#6 Pasadle estos datos y gráficos a los partidarios de Javier Milei a ver si alguno tiene la poca vergüenza de decir que lo está haciendo bien en Argentina",
        "published": "2024-06-06T22:42:00.000+03:00",
        "replies_count": 0,
        "participants_count": 1,
        "site_type": "news",
        "country": "ES",
        "main_image": "https://meneame.net/img/logo_meneame.png",
        "performance_score": 0,
        "domain_rank": 11042,
        "domain_rank_updated": "2024-06-04T13:08:15.000+03:00",
        "reach": null,
        "social": {
            "facebook": {
                "likes": 0,
                "comments": 0,
                "shares": 0
            },
            "gplus": {
                "shares": 0
            },
            "pinterest": {
                "shares": 0
            },
            "linkedin": {
                "shares": 0
            },
            "stumbledupon": {
                "shares": 0
            },
            "vk": {
                "shares": 0
            }
        }
    },
    "uuid": "dbc07e4c6aa8e76fd2fa6adb9c2b6953b7f16532",
    "url": "https://www.meneame.net/story/pasadle-estos-datos-graficos-partidarios-javier-milei-ver-alguno/c06",
    "ord_in_thread": 0,
    "parent_url": null,
    "author": "Caravan_Palace",
    "published": "2024-06-06T22:42:00.000+03:00",
    "title": "#6 Pasadle estos datos y gráficos a los partidarios de Javier Milei a ver si alguno tiene la poca vergüenza de decir que lo está haciendo bien en Argentina",
    "text": "Portada\nmis comunidades\notras secciones\nTodos esos gráficos ya los adelantó en su campaña, no son nada que no se supiera. Argentina tenía un modo de gestión con un déficit tan loco que para encauzarlo habría que hacer sacrificios. Se dijo de sobra, 2 décadas con la mayor pérdida de poder adquisitivo de todo occidente, se trataba de elegir seguir así o romper esa inercia pero con unos años malos.\nDe verdad, es ridículo. Argentina es el peor caso de gestión económica de este siglo, habría que ir a Venezuela o países del 3er mundo o a países en guerra para ver algo comparable. Es mucho canteo que el meneante medio no tenga ni puñeterísima idea de lo que ha estado pasando en Argentina los últimos 20-30 años, y de pronto para criticar a un rival ideológico medio foro se autoproclame catedrático en argentinología.\n[#5](c5#c-5) tb resulta un poco curioso que todos los defensores de Milei en meneame son expertos en argentinologia . O no?\n[#6](c6#c-6) A mí siempre me ha parecido un mamarracho. Pero es una consecuencia lógica de la Argentina desde los 90 hasta hoy.\nPonerse a hacer gráficos con un excel y echarse las manos a la cabeza es absurdo tras ni medio año de Milei, que además no es nada que no se supiera. Argentina es un país cuya economía daba para por lo menos una portada mensual en menéame desde antes de la creación del propio portal.\nHacedle caso a Eduardo Garzón, que tiene la receta para solucionar lo de Argentina:\n⦁ Eduardo Garzón: \"Argentina no está limitada en términos financieros. Todos los pesos que se quieran crear, se pueden crear\"\n⦁ Eduardo Garzón: \"La solución al paro es teclear dinero\"\n⦁ Eduardo Garzón: \"El dinero es un invento y se puede crear sin límites\"\n⦁ Eduardo Garzón: \"El dinero lo crea y regula el sector público, por lo que éste no necesita recaudar impuestos para financiarse.\"\n⦁ Eduardo Garzón: \"Los ingresos de los funcionarios provienen del gasto del Estado, no de ningún impuesto.\"\n⦁ Eduardo Garzón: Como si llega al 250% del PIB,como en Japón y viven mejor que nosotros, mientras el BCE siga comprando bonos la deuda pública no debe preocupar\nMe jode tener yo que defender al mongolo de Milei, pero vamos si quitas subsidios y desregulas sectores es seguro que pasaría lo que está pasando.\nOtro punto es el precio a pagar por ello y si estas medidas van a mejorar el país en el medio-largo plazo o lo van a mandar al abismo directamente reventando la cohesión social.",
    "highlightText": "",
    "highlightTitle": "",
    "highlightThreadTitle": "",
    "language": "spanish",
    "sentiment": "negative",
    "categories": [
        "Politics"
    ],
    "webz_reporter": false,
    "external_links": [
        "http://www.youtube.com/watch?v=Smg6f1U1tbc",
        "https://www.infobae.com/economia/2019/09/17/fernanda-vallejos-un-estado-soberano-en-terminos-monetarios-no-necesita-pedir-dinero-prestado-porque-los-puede-crear/",
        "http://www.youtube.com/watch",
        "https://infobae.com/economia/2019/09/17/fernanda-vallejos-un-estado-soberano-en-terminos-monetarios-no-necesita-pedir-dinero-prestado-porque-los-puede-crear/",
        "https://www.infobae.com/economia/2019/09/17/fernanda-vallejos-un-estado-soberano-en-terminos-monetarios-no-necesita-pedir-dinero-prestado-porque-los-puede-crear",
        "http://youtube.com/watch?v=Smg6f1U1tbc"
    ],
    "external_images": [],
    "entities": {
        "persons": [],
        "organizations": [],
        "locations": []
    },
    "rating": null,
    "crawled": "2024-06-07T00:03:20.047+03:00",
    "updated": "2024-06-07T00:03:20.047+03:00"
}