{
    "thread": {
        "uuid": "df49efaf88e93c373bf81a6c3e00559a97d803f1",
        "url": "https://www.lapoliticaonline.com/mexico/economia-mx/tras-el-esfuerzo-de-ramirez-de-la-o-nacho-mier-vuelve-a-hablar-de-reforma-judicial-y-caen-los-mercados",
        "site_full": "www.lapoliticaonline.com",
        "site": "lapoliticaonline.com",
        "site_section": "https://www.lapoliticaonline.com/files/rss/ultimasnoticias-mx.xml",
        "site_categories": [
            "politics",
            "law_government_and_politics"
        ],
        "section_title": "LPO México - Últimas Noticias",
        "title": "Tras el esfuerzo de Ramírez De la O, Nacho Mier vuelve a hablar de reforma judicial y caen los mercados",
        "title_full": "Tras el esfuerzo de Ramírez De la O, Nacho Mier vuelve a hablar de reforma judicial y caen los mercados",
        "published": "2024-06-06T23:29:00.000+03:00",
        "replies_count": 0,
        "participants_count": 0,
        "site_type": "news",
        "country": "US",
        "main_image": "https://www.lapoliticaonline.com/files/image/182/182029/63eeb85c2090a_600_315!.jpg?s=cafbb513bca6dbbd1f12b747963c29d3&d=1676589387",
        "performance_score": 0,
        "domain_rank": 85176,
        "domain_rank_updated": "2024-06-04T13:08:26.000+03:00",
        "reach": null,
        "social": {
            "facebook": {
                "likes": 0,
                "comments": 0,
                "shares": 0
            },
            "gplus": {
                "shares": 0
            },
            "pinterest": {
                "shares": 0
            },
            "linkedin": {
                "shares": 0
            },
            "stumbledupon": {
                "shares": 0
            },
            "vk": {
                "shares": 0
            }
        }
    },
    "uuid": "df49efaf88e93c373bf81a6c3e00559a97d803f1",
    "url": "https://www.lapoliticaonline.com/mexico/economia-mx/tras-el-esfuerzo-de-ramirez-de-la-o-nacho-mier-vuelve-a-hablar-de-reforma-judicial-y-caen-los-mercados",
    "ord_in_thread": 0,
    "parent_url": null,
    "author": null,
    "published": "2024-06-06T23:29:00.000+03:00",
    "title": "Tras el esfuerzo de Ramírez De la O, Nacho Mier vuelve a hablar de reforma judicial y caen los mercados",
    "text": "Son dÃas de alta volatilidad en el mercado. La jornada de este jueves perfilaba un cierre estable, con ganancias para la Bolsa y pocos cambios en el tipo de cambio, pero bastÃ³ una declaraciÃ³n desde el Congreso para que en cuestiÃ³n de minutos el tablero de los indicadores financieros volviera a rojo, revirtiendo la recuperaciÃ³n que se veÃa tras los mensajes de calma de Rogelio RamÃrez de la O.\nUn par de horas previo al cierre del mercado, Ignacio Mier Velazco, coordinador de los morenistas en San LÃ¡zaro, perfilÃ³ para septiembre la discusiÃ³n del paquete de reformas que AndrÃ©s Manuel LÃ³pez Obrador entregÃ³ en febrero, entre ellas, la que confiere al Poder Judicial, como dijo el legislador.\n[Alivio en el mercado: el peso se recupera y se aleja de las 18 unidades por dÃ³lar](/tools/redirect.php?t=3&i=291817&s=48583cb25f8cfa71a9a1124ad7b7a2d3)\n\"Con forme al reglamento de la CÃ¡mara, y asÃ ya lo acordÃ³ la junta de coordinaciÃ³n polÃtica, estÃ¡n vigentes las iniciativas y estÃ¡ presta la comisiÃ³n de puntos constitucionales para elaborar el dictamen y que sea votado una vez que se instale el siguiente congreso general\", dijo Mier desde el reciento legislativo.\nExplicÃ³ que habrÃ¡ participaciÃ³n de los legisladores electos, de la virtual presidenta y el gobierno saliente para determinar y ajustar el dictamen, justo como anunciÃ³ dÃas antes el presidente LÃ³pez Obrador, quien avisÃ³ que revisarÃ¡ con Claudia Sheinbaum el iniciar el \"Plan C\" antes de que entregue su gobierno en octubre.\nVuelven a caer los mercados\nLa noticia surtiÃ³ efecto inmediato en los mercados financieros, luego de una maÃ±ana de estabilidad para el peso y ganancias para la BMV: a los pocos minutos, el Ã�ndice de la Bolsa tuvo una caÃda de casi 2% y el peso se depreciÃ³ 1.5%, alcanzando un mÃ¡ximo de 18 unidades por dÃ³lar.\nVale decir que previo a esta noticia la Bolsa se perfilaba para recuperar las pÃ©rdidas registradas desde el \"lunes negro\" posterior a la elecciÃ³n. Esta jornada ganaba 2%, su tercera jornada en terreno positivo, por lo que estaba por recuperar las pÃ©rdidas de inicio de semana.\nY el peso, si bien arrancÃ³ esta jornada con una ligera depreciaciÃ³n de 0.55%, logrÃ³ ligeras ganancias a lo largo del dÃa, por lo que cerrÃ³ la jornada en 17.53 unidades por dÃ³lar, de acuerdo con los datos de Banco de MÃ©xico (Banxico).\nEl pasado lunes el secretario de Hacienda sostuvo una llamada con un puÃ±ado de inversionistas en donde confirmÃ³ que permanecerÃa en la dependencia \"por tiempo indefinido\", asÃ como su meta de reducir el dÃ©ficit y un manejo responsable sobre el apoyo a Pemex. MÃ¡s tarde tambiÃ©n sostuvo un encuentro con Claudia Sheinbaum para ratificar esta guÃa. El efecto no fue inmediato, pero dio alivio a los inversionistas.\nLos movimientos del mercado responden a la especulaciÃ³n del impacto que pudiera tener este tipo de iniciativas, principalmente el temor sobre el Poder Judicial: que implique impactos en el marco constitucional y afecte futuras inversiones, asÃ como otros efectos adversos en la economÃa que dificulten la reducciÃ³n del dÃ©ficit, clave para mantener la calificaciÃ³n crediticia.\nLos analistas advierten que los mercados permanecerÃ¡n sensibles durante el tiempo de transiciÃ³n, por lo que se prevÃ© que la volatilidad se extienda algunos meses mÃ¡s. Y a ese contexto hay que agregar el factor de elecciones en Estados Unidos en noviembre.\nSobre ese escenario, el tipo de cambio resulta un terreno mÃ¡s volÃ¡til que la Bolsa, pues en el mercado de valores operan emisoras con portafolios diversos, menos expuesto al riesgo polÃtico o local (algunas empresas tienen una fuerte presencia en otros paÃses).\n[RamÃrez de la O intentÃ³ calmar a los mercados en una llamada accidentada](/tools/redirect.php?t=3&i=291723&s=d6622f94e6bb750757dd0e3d09f8fcbc)\nAsÃ, las empresas menos afectadas han sido las de construcciÃ³n, educaciÃ³n y consumo; por el contrario, las mÃ¡s afectadas en estas sesiones han sido el aeroportuario y el bancario. Este Ãºltimo llegÃ³ a caer hasta 7.9% y aÃºn no recupera sus pÃ©rdidas del lunes.\nDe acuerdo con Brian RodrÃguez Ontiveros, analista de Monex, este sector se vio particularmente afectado ante el rumor de que Morena busque llevar a discusiÃ³n una iniciativa que endurece las utilidades de los bancos.\n condiciones/)serÃ¡ ",
    "highlightText": "",
    "highlightTitle": "",
    "highlightThreadTitle": "",
    "language": "spanish",
    "sentiment": "negative",
    "categories": [
        "Politics",
        "Disaster and Accident",
        "Economy, Business and Finance"
    ],
    "webz_reporter": false,
    "external_links": [],
    "external_images": [],
    "entities": {
        "persons": [],
        "organizations": [],
        "locations": []
    },
    "rating": null,
    "crawled": "2024-06-07T00:21:28.047+03:00",
    "updated": "2024-06-07T00:21:28.047+03:00"
}