{
    "thread": {
        "uuid": "74f05a19cff91087e2be1cdf88b76dd363b89c21",
        "url": "https://journalstar.com/bear-tenney-commits/html_25b39b76-2446-11ef-9391-ff9bea69971f.html",
        "site_full": "journalstar.com",
        "site": "journalstar.com",
        "site_section": "http://journalstar.com/search/?f=rss&amp;t=article&amp;l=50&amp;s=start_time&amp;sd=desc&amp;k[]=%23topstory",
        "site_categories": [
            "media"
        ],
        "section_title": "journalstar.com - RSS Results",
        "title": "Bear Tenney commits",
        "title_full": "Bear Tenney commits",
        "published": "2024-06-06T23:48:00.000+03:00",
        "replies_count": 0,
        "participants_count": 1,
        "site_type": "news",
        "country": "US",
        "main_image": "https://bloximages.chicago2.vip.townnews.com/journalstar.com/content/tncms/custom/image/2a3b23f8-c545-11ea-a4d0-5f948ef847e8.jpg?resize=600%2C315",
        "performance_score": 0,
        "domain_rank": 7080,
        "domain_rank_updated": "2024-06-04T13:08:15.000+03:00",
        "reach": null,
        "social": {
            "facebook": {
                "likes": 0,
                "comments": 0,
                "shares": 0
            },
            "gplus": {
                "shares": 0
            },
            "pinterest": {
                "shares": 0
            },
            "linkedin": {
                "shares": 0
            },
            "stumbledupon": {
                "shares": 0
            },
            "vk": {
                "shares": 0
            }
        }
    },
    "uuid": "74f05a19cff91087e2be1cdf88b76dd363b89c21",
    "url": "https://journalstar.com/bear-tenney-commits/html_25b39b76-2446-11ef-9391-ff9bea69971f.html",
    "ord_in_thread": 0,
    "parent_url": null,
    "author": "Guest",
    "published": "2024-06-06T23:48:00.000+03:00",
    "title": "Bear Tenney commits",
    "text": "Bear Tenney commits\nHOME 🏡 🐻— Bear Tenney (@BearTenney)\n[#Committed] [@HuskerFootball] [@Rivals] [@247Sports] [@On3sports] [pic.twitter.com/PcgynOAzXO] [April 25, 2024]\nAs featured on\nMost Popular\n-\n[Woman believed to be dead turns out to be alive at Lincoln funeral home, officials say](/news/local/crime-courts/woman-dead-mortuary-lincoln-alive-waverly/article_bfa6ec48-21d4-11ef-83cd-3ba83d517ce1.html)\n-\n[New inclusive playground coming to Omaha's Zorinsky Lake Park](/news/state-regional/new-inclusive-playground-coming-to-omahas-zorinsky-lake-park/article_b97c8380-445d-5731-aa48-7faac4523485.html)\n-\n[Lincoln man gets max time for random attack downtown that killed beloved 55-year-old](/news/local/crime-courts/lincoln-man-gets-max-time-for-random-attack-downtown-that-killed-beloved-55-year-old/article_678f4d2a-1f86-11ef-904f-2beb4c08091f.html)\n-\n[High-priced lots earmarked for villas hit the market at The Knolls in southeast Lincoln](/news/local/high-priced-lots-earmarked-for-villas-hit-the-market-at-the-knolls-in-southeast-lincoln/article_7f5214c4-1d10-11ef-8967-1bf6a61782c8.html)\n-\n[Lincoln man's murder case begins with dramatic video of his father dying](/news/local/crime-courts/lincoln-mans-murder-case-begins-with-dramatic-video-of-his-father-dying/article_89af972e-22a7-11ef-92b8-5b9123133498.html)",
    "highlightText": "",
    "highlightTitle": "",
    "highlightThreadTitle": "",
    "language": "english",
    "sentiment": "negative",
    "categories": [
        "Politics"
    ],
    "webz_reporter": false,
    "external_links": [],
    "external_images": [],
    "entities": {
        "persons": [
            {
                "name": "tenney",
                "sentiment": "negative"
            }
        ],
        "organizations": [
            {
                "name": "lincoln",
                "sentiment": "none"
            }
        ],
        "locations": [
            {
                "name": "omaha",
                "sentiment": "none"
            },
            {
                "name": "the knolls",
                "sentiment": "none"
            },
            {
                "name": "zorinsky lake park",
                "sentiment": "none"
            }
        ]
    },
    "rating": null,
    "crawled": "2024-06-07T00:14:52.195+03:00",
    "updated": "2024-06-07T00:14:52.195+03:00"
}