{
    "thread": {
        "uuid": "77e71e0cd824de8f438f6c4d379a7afcfe57e39b",
        "url": "https://www.caranddriver.com/es/formula-1/a61019018/jacques-villeneuve-suspendido-piloto-gp-canada",
        "site_full": "www.caranddriver.com",
        "site": "caranddriver.com",
        "site_section": "https://www.caranddriver.com/es/rss/all.xml",
        "site_categories": [
            "buying_selling_cars",
            "vehicles",
            "car_culture"
        ],
        "section_title": "Último contenido - Car and Driver",
        "title": "Jacques Villeneuve critica la decisión de no suspender a este piloto para el GP de Canadá",
        "title_full": "Jacques Villeneuve critica la decisión de no suspender a este piloto para el GP de Canadá",
        "published": "2024-06-06T22:10:00.000+03:00",
        "replies_count": 0,
        "participants_count": 0,
        "site_type": "news",
        "country": "US",
        "main_image": "https://hips.hearstapps.com/hmg-prod/images/jacques-villeneuve-before-qualifying-ahead-of-the-formula-1-news-photo-1717699379.jpg?crop=1xw:0.75008xh;center,top&amp;resize=1200:*",
        "performance_score": 0,
        "domain_rank": 2056,
        "domain_rank_updated": "2024-06-04T13:08:15.000+03:00",
        "reach": null,
        "social": {
            "facebook": {
                "likes": 0,
                "comments": 0,
                "shares": 0
            },
            "gplus": {
                "shares": 0
            },
            "pinterest": {
                "shares": 0
            },
            "linkedin": {
                "shares": 0
            },
            "stumbledupon": {
                "shares": 0
            },
            "vk": {
                "shares": 0
            }
        }
    },
    "uuid": "77e71e0cd824de8f438f6c4d379a7afcfe57e39b",
    "url": "https://www.caranddriver.com/es/formula-1/a61019018/jacques-villeneuve-suspendido-piloto-gp-canada",
    "ord_in_thread": 0,
    "parent_url": null,
    "author": null,
    "published": "2024-06-06T22:10:00.000+03:00",
    "title": "Jacques Villeneuve critica la decisión de no suspender a este piloto para el GP de Canadá",
    "text": "C alendario temporada 2024 de Fórmula\nHorarios del próximo Gran Premio de Fórmula 1 Clasificación de equipos y pilotos del mundial 2024 de Fórmula 1 Las mejores camisetas para apoyar a Fernando Alonso En el GP de Mónaco, muchos quedaron sorprendidos ante la decisión de la FIA de ni siquiera investigar a Kevin Magnussen por el accidente que tuvo con Sergio Pérez . En la primera vuelta, mientras subían por Beau Rivage después de la primera curva , el danés intentó adelantar al mexicano de manera muy optimista. Ambos terminaron chocando y con sus monoplazas destrozados -sobre todo el Red Bull-, abandonando así el Gran Premio. El danés recibió muchas críticas tras la carrera por parte de los fans y muchos expertos, como Günther Steiner . Otro de los que se ha mostrado sorprendido por la falta de consecuencias para Magnussen ha sido Jacques Villeneuve, campeón del mundo de la F1 en 1996. Durante esta temporada, el piloto de Haas ha demostrado en numerosas ocasiones su arriesgada, e incluso peligrosa, manera de conducir, acumulando hasta diez puntos de penalización en su súper licencia -a los doce se penaliza con la suspensión de un Gran Premio-. Por suerte para él, la FIA ni siquiera investigó el incidente con Checo. Pero si hubiese sido sancionado, probablemente no podría disputar el GP de Canadá de este fin de semana. \"Fue ridículo\" Al recordar el incidente, Villeneuve fue muy duro con Magnussen: \"Estamos en la F1, no en la Fórmula 4, donde un niño de 15 años puede que aún no tenga esa comprensión. La absoluta falta de comprensión por parte de Magnussen me deja perplejo \", declaró el canadiense a Best Online Poker Sites . getty images // Getty Images Además de criticar al piloto de Haas, el expiloto también clamó contra la decisión de los comisarios: \"El hecho de que ni siquiera fuera penalizado demuestra que el sistema no es neutral\", dijo Villeneuve. \" Si le hubieran sancionado, le habrían expulsado una carrera. Decidieron no hacerlo. ¿Por qué existe esa norma? Fue masivo. Fue peligroso. Fue ridículo \". Contenidos relacionados Magnussen continua culpando a Sergio Pérez Sergio Pérez arremete contra Kevin Magnussen Accidente brutal de Sergio Pérez en Mónaco Top ofertas F1 Aston Martin F1 Polo oficial 2024 85 € en Amazon Aston Martin Formula One Team Gorra oficial Fernando Alonso 60 € en Amazon LEGO LEGO Fórmula 1 McLaren 26 € en Amazon El último giro - Thriller F1 19 € en Amazon VER VÍDEO Noticias F1 Magnussen continua culpando a Sergio Pérez",
    "highlightText": "",
    "highlightTitle": "",
    "highlightThreadTitle": "",
    "language": "spanish",
    "sentiment": "negative",
    "categories": [
        "Sport",
        "Politics",
        "Human Interest"
    ],
    "webz_reporter": false,
    "external_links": [
        "https://www.amazon.es/dp/8419822027",
        "https://amazon.es/dp/B0BWKFTYDS",
        "https://amazon.es/dp/B0CV7VX2VY",
        "https://www.amazon.es/dp/B0BWKFTYDS",
        "https://amazon.es/dp/8419822027",
        "https://www.amazon.es/dp/B0CFVWTFN6",
        "https://www.amazon.es/dp/B0CV7VX2VY",
        "https://amazon.es/dp/B0CFVWTFN6"
    ],
    "external_images": [],
    "entities": {
        "persons": [],
        "organizations": [],
        "locations": []
    },
    "rating": null,
    "crawled": "2024-06-07T00:09:59.351+03:00",
    "updated": "2024-06-07T02:08:08.656+03:00"
}