{
    "thread": {
        "uuid": "c26ff205a6451018d566e8c61d038dd410945305",
        "url": "https://elcomentario.ucol.mx/?p=98691",
        "site_full": "elcomentario.ucol.mx",
        "site": "ucol.mx",
        "site_section": "https://elcomentario.ucol.mx/?feed=rss2",
        "site_categories": [
            "7_12_education",
            "education"
        ],
        "section_title": "",
        "title": "Acusa Alcaldía de Colima a Indira de usar políticamente el tema de la seguridad",
        "title_full": "Acusa Alcaldía de Colima a Indira de usar políticamente el tema de la seguridad",
        "published": "2024-06-07T00:27:00.000+03:00",
        "replies_count": 0,
        "participants_count": 1,
        "site_type": "news",
        "country": "MX",
        "main_image": "https://i0.wp.com/elcomentario.ucol.mx/wp-content/uploads/2024/06/411180245_668496288799852_3265396770670102073_n.jpg?resize=1200%2C628&ssl=1",
        "performance_score": 0,
        "domain_rank": 65941,
        "domain_rank_updated": "2024-06-04T13:08:20.000+03:00",
        "reach": null,
        "social": {
            "facebook": {
                "likes": 0,
                "comments": 0,
                "shares": 0
            },
            "gplus": {
                "shares": 0
            },
            "pinterest": {
                "shares": 0
            },
            "linkedin": {
                "shares": 0
            },
            "stumbledupon": {
                "shares": 0
            },
            "vk": {
                "shares": 0
            }
        }
    },
    "uuid": "c26ff205a6451018d566e8c61d038dd410945305",
    "url": "https://elcomentario.ucol.mx/?p=98691",
    "ord_in_thread": 0,
    "parent_url": null,
    "author": "Redacción",
    "published": "2024-06-07T00:27:00.000+03:00",
    "title": "Acusa Alcaldía de Colima a Indira de usar políticamente el tema de la seguridad",
    "text": "De acuerdo con un comunicado de prensa, el Ayuntamiento de Colima informó que causan extrañeza las declaraciones de la gobernadora, Indira Vizcaíno Silva, en las que afirma que esta institución ha estado ausente en el tema de la seguridad. Según el Ayuntamiento, es el Gobierno del estado, y específicamente la mandataria estatal, quien ha usado políticamente el tema de la seguridad.\nEl Gobierno del estado ha proporcionado apoyos extraordinarios en materia de seguridad a los municipios gobernados por alcaldes afines a su ideología política, mientras que en los que no comparten su ideología, el apoyo ha sido prácticamente nulo. La gobernadora ha señalado que el tema de la seguridad debe ser una materia en la que prevalezca la\nneutralidad política, pero es ella misma quien lo utiliza para hacer declaraciones constantes y repartir culpas sin asumir su responsabilidad, explica el comunicado.\nEl Ayuntamiento de Colima, a través del Comisionado Municipal de Seguridad y Justicia, ha tenido presencia constante en las mesas regionales de seguridad y siempre ha mostrado voluntad y disposición para trabajar de manera coordinada. Ejemplo de ello son los operativos de visitas de supervisión mixta a establecimientos residenciales especializados en adicciones, en los que participa el Gobierno del estado a través de Coespris, la Sedena, la Guardia Nacional, Protección Civil, la Policía Municipal y la Dirección de Inspección y Licencias.\nDurante el actual periodo, refiere el comunicado, el Ayuntamiento de Colima adquirió 5 unidades para el fortalecimiento de la policía municipal, ya que Colima ha sido uno de los municipios que menos unidades ha recibido por parte del Gobierno del estado. También, el Ayuntamiento de Colima ha realizado operativos con la Sedena y la Guardia Nacional, ha incrementado el presupuesto en seguridad pública, ha desarrollado programas de prevención de adicciones, y ha creado el proyecto estratégico Corredores Seguros y el programa “Punto Seguro”.\nAdemás, se han adoptado experiencias exitosas en seguridad, como el modelo Guardaparques y la aplicación Cuelga APP. Asimismo, se tienen resultados acreditados por el Sistema Nacional de Seguridad Pública, que evidencian los logros de la presente administración con una baja representativa en delitos como: robo de vehículos, en 51%; robo de negocios, 21%; transeúntes, 51%; casa habitación, 51%; violencia intrafamiliar, 25%; y lesiones dolosas, 17%.\nColima, añade el comunicado, es también el único municipio en donde sus agentes portan cámaras corporales que permiten documentar la actuación tanto de los elementos policiacos como de la población, en un ejercicio de total transparencia. Colima también es ejemplo nacional en el modelo de justicia cívica y es el único municipio mentor a nivel nacional en esta materia.\nPor todo lo anterior, resulta lamentable que la gobernadora emita este tipo de declaraciones que no contribuyen a construir un clima de coordinación a favor de la población en temas tan sensibles como la seguridad. Finalmente, cabe aclarar que este Ayuntamiento ha estado, sigue y seguirá cooperando con los 3 órdenes de Gbierno, en beneficio de la sociedad colimense.",
    "highlightText": "",
    "highlightTitle": "",
    "highlightThreadTitle": "",
    "language": "spanish",
    "sentiment": "negative",
    "categories": [
        "Politics"
    ],
    "webz_reporter": false,
    "external_links": [],
    "external_images": [],
    "entities": {
        "persons": [],
        "organizations": [],
        "locations": []
    },
    "rating": null,
    "crawled": "2024-06-07T00:57:29.478+03:00",
    "updated": "2024-06-07T00:57:29.478+03:00"
}