{
    "thread": {
        "uuid": "c0ee54166c21a0e653021f509682f1c59cb45065",
        "url": "https://www.meneame.net/story/constitucional-rechaza-recurso-vox-avala-denegar-financiacion/c059",
        "site_full": "www.meneame.net",
        "site": "meneame.net",
        "site_section": "https://www.meneame.net//comments_rss",
        "site_categories": [
            "non_standard_content",
            "adult",
            "top_news"
        ],
        "section_title": "Menéame: comentarios",
        "title": "#59 El Constitucional rechaza el recurso de Vox y avala denegar la financiación pública a colegios que segreguen a sus alumnos",
        "title_full": "#59 El Constitucional rechaza el recurso de Vox y avala denegar la financiación pública a colegios que segreguen a sus alumnos",
        "published": "2024-06-06T23:11:00.000+03:00",
        "replies_count": 0,
        "participants_count": 1,
        "site_type": "news",
        "country": "ES",
        "main_image": "https://meneame.net/img/logo_meneame.png",
        "performance_score": 0,
        "domain_rank": 11042,
        "domain_rank_updated": "2024-06-04T13:08:15.000+03:00",
        "reach": null,
        "social": {
            "facebook": {
                "likes": 0,
                "comments": 0,
                "shares": 0
            },
            "gplus": {
                "shares": 0
            },
            "pinterest": {
                "shares": 0
            },
            "linkedin": {
                "shares": 0
            },
            "stumbledupon": {
                "shares": 0
            },
            "vk": {
                "shares": 0
            }
        }
    },
    "uuid": "c0ee54166c21a0e653021f509682f1c59cb45065",
    "url": "https://www.meneame.net/story/constitucional-rechaza-recurso-vox-avala-denegar-financiacion/c059",
    "ord_in_thread": 0,
    "parent_url": null,
    "author": "yonosoycobarde",
    "published": "2024-06-06T23:11:00.000+03:00",
    "title": "#59 El Constitucional rechaza el recurso de Vox y avala denegar la financiación pública a colegios que segreguen a sus alumnos",
    "text": "Portada\nmis comunidades\notras secciones\n[#2](c2#c-2) ¿Con qué dinero crees que se pagan los talleres de twerking para la igualdad a los que solo pueden acudir mujeres?\nEntiendo que son espacios seguros, y sentirse segura es un derecho humano.\nCon la misma lógica, las niñas deberían poder ir a colegios solo para niñas, aka espacios seguros para la igualdad y la ecosostenibilidad.\nTe pagas los que decida la mayoría parlamentaria elegida por la mayoría de los ciudadanos. Si una minoría quiere cambiarlo tiene que conseguir una mayoría. Se llama democracia,\n[#10](c10#c-10)\n[#11](c11#c-11) hubo un tiempo en que la izquierda definía la democracia como \"la defensa de las minorías\" o algo así... Claro que eso era cuando gobernaba la derecha.\nAhora democracia significa poder aplicar la ley del embudo de forma arbitraria, según decida el gobierno, puesto que tiene la legitimidad de los pactos parlamentarios.\n[#16](c16#c-16) En efecto, así es como funciona. ¿No quieres ir a la educación pública? Pues vale, paga la privada de tu bolsillo y sigue pagando la pública con los impuestos, que se paga entre todos.\n[#21](c21#c-21) No, no están pagando su educación. La gente no pagan impuestos para pagar su educación. Pagan impuestos para pagar la educación _de todos_\nAsí es como funcionan los impuestos, no pagas solo para ti, pagas para los demás.\nSi quieres verlo como pagar por duplicado, pues en efecto, tendrán que pagar por duplicado.\n[#36](c36#c-36) ¿Y cual es el motivo que justifique que haya educación que reciba fondos públicos mientras segrega por sexos? Te recuerdo que según la constitución España es un estado aconfesional, así que posibles motivaciones inducidas porque una paloma mística les dijo que era lo correcto no son válidas.\nSi para ellos es tan importante ese hecho, que paguen.\n[#42](c42#c-42) Que segregar por sexos no está demostrado científica ni pedagógicamente que de una formación de mayor calidad y se basa solo en creencias subjetivas.\n[#54](c54#c-54) Eres tú el que has puesto eso como argumento, a mí que me cuentas, de todos modos como veo que tiras de mover la portería lo dejo aquí, no me gusta que me hagan perder el tiempo con falacias y gilipolleces\n[#21](c21#c-21) No lo están pagando. Lo que están pagando es la educación pública, que es no segregatoria. Como la segregación se practica en centros de titularidad privada, lo que dice la Sentencia es que no se subvencionen parcialmente mediante conciertos los centros educativos que no cumplen las normas de igualdad de los centros educativos públicos. Si quieres una explicación mejor tendré que buscar las tizas de colores\n[#23](c23#c-23) Ve buscando las tizas de colores si eres tan amable. Porque eso de que segregar no cumple con las normas de igualdad es algo que no termino de entender.\nEl Estado segrega en base al genero en multitud de ocasiones. Entiendo que en ese caso es para respetar las normas de igualdad? O como funciona?\n[#23](c23#c-23) segregar no es malo en si mismo.\nSe segregan vestuarios, baños, carceles, medios de transporte, leyes de genero, etc etc etc\nHay una razon educativa, de resultados educativos que demuestre que la segregacion es peor??? porque yo te puedo demostrar lo contrario.\nhttps://www.irabia-izaga.org/en-datos/\nA quien beneficia esta medida? me lo explicas?\nA los padres que eligen libremente esos colegios, esta claro que no les beneficia, en eso estamos de acuerdo, no???\nBeneficia a los padres que no eligen esos colegios? en que????? esto se hace para fastidiar y por razones politicas, no educativas, al menos admite eso.\nY explicame por que vale la segregacion en muchos casos, y en otros no.\n[#32](c32#c-32) Déjalo, no lo va a entender nunca.\nEs el neo-egoísmo, querer beneficiarse de un país y sociedad avanzada sin colaborar en ella.\nCuando les mencionas ejemplos de países que funcionan como ellos quieren y se ve claramente que son países fallidos, pues no entienden en qué se convertirá.\nOtro caso similar son los inmigrantes que pretenden convertir su país de acogida en el país del que salen, cuando han huido de el por ser precisamente de esa forma.\n[#13](c13#c-13) Que no toda lo sea, no quita que una parte sí lo sea. ¿Entiendes el concepto o lo ves demasiado complejo?\nLo digo porque algunos se os ve discurrir en conceptos absolutos y simplistas como el todo/nada, blanco/negro, bueno/malo y parecéis huir de todo concepto que sea más complejo que eso.\nA ver si aclaramos si el constitucional es facha o no que no puedo seguir este ritmo\nEl Constitucional rechaza el recurso de Vox y avala íntegramente la ley Zerolo [#3](c3#c-3) En estos momentos es \"facha\" en minoría:\n\"cuatro magistrados emitirán votos particulares. son Ricardo Enríquez, Enrique Arnaldo, César Tolosa y Concepción Espejel\"\nMe parece bien.\nNo a la segregación.\nPero en las mezquitas tampoco. Y en los futuros colegios musulmanes, tampoco.\n[#12](c12#c-12) Ni en las iglesias, ya que como las mezquitas, han de ser consideradas colegios. Me pare bien también.\n[#12](c12#c-12) los laicos tampoco. Saquemos los fondos de los colegios laicos. No está bien financiar el laicismo.\nTe equivocas, tu me has preguntado que porque se debería financiar y mi argumento no es que sea mejor o que esté probado que sea mejor. Sino que hay gente que lo considera mejor. Ya me dirás tú que portería he movido.\nEl caso, que quieres que otros paguen tu modelo educativo porque es el que te gusta, egoísmo e imposición.\npara que se hace esta medida? a quien beneficia?\nEste es un colegio que segrega:\nhttps://www.irabia-izaga.org/en-datos/\nEl mejor de la region.\nLa unica razon para quitar un concierto educativo a un colegio deberia ser por razones educativas.\nPero resulta que esos colegios precisamente SON LOS MEJORES de toda la region y con diferencia, en los primeros puestos de pruebas de todo tipo, ebau, acceso universidad, etc etc\nMe explica alguien para que se mete aqui la comunidad a obligar ahora a padres a pagar 5 veces mas al mes, o a tener que cambiar de colegio los niños y niñas, cambiar de amigos, etc etc, para qué?? se hace en miles de colegios por todo el mundo, y aqui vamos y lo queremos prohibir? cual es la razon¿? IDEOLOGIA pura, y para fastidiar, no se hace por motivos educativos.\nEstudios varios avalan la segregacion en ciertas etapas educativas (puedo daros varios links), a nivel mundial se hace en muchos paises mucho mas desarrollados que el nuestro. Las niñas tienen otro ritmo y en muchas materias hay mucha disparidad de resultados y procedimientos. Resultados desde hace mas de 50 años avalan muchos colegios que segregan, no solo en españa, sino a nivel mundial.\nY la razon por las que segregan son varias, pero si se segregan baños, y vestuarios, y autobuses, por que no colegios? mientras a nadie se le OBLIGUE, cual es el problema? la libertad molesta?\nSi es tan malo por que no se prohibe???",
    "highlightText": "",
    "highlightTitle": "",
    "highlightThreadTitle": "",
    "language": "spanish",
    "sentiment": "negative",
    "categories": [
        "Politics"
    ],
    "webz_reporter": false,
    "external_links": [
        "https://www.irabia-izaga.org/en-datos/",
        "https://www.irabia-izaga.org/en-datos",
        "https://irabia-izaga.org/en-datos/"
    ],
    "external_images": [],
    "entities": {
        "persons": [],
        "organizations": [],
        "locations": []
    },
    "rating": null,
    "crawled": "2024-06-07T00:29:41.626+03:00",
    "updated": "2024-06-07T00:29:41.626+03:00"
}