{
    "thread": {
        "uuid": "68a475c3c7471fdf81428aafd1a9724c252d145d",
        "url": "https://vnexplorer.net/z/617214.html",
        "site_full": "vnexplorer.net",
        "site": "vnexplorer.net",
        "site_section": "https://vnexplorer.net/fr",
        "site_categories": [
            "health",
            "cold_and_flu"
        ],
        "section_title": "FR - VNExplorer",
        "title": "Comment camoufler son compteur électrique ?",
        "title_full": "Comment camoufler son compteur électrique ?",
        "published": "2024-06-06T16:18:00.000+03:00",
        "replies_count": 0,
        "participants_count": 1,
        "site_type": "news",
        "country": "VN",
        "main_image": "https://img-s-msn-com.akamaized.net/tenant/amp/entityid/BB1nEnmc.img",
        "performance_score": 0,
        "domain_rank": 85205,
        "domain_rank_updated": "2024-06-04T13:08:26.000+03:00",
        "reach": null,
        "social": {
            "facebook": {
                "likes": 0,
                "comments": 0,
                "shares": 0
            },
            "gplus": {
                "shares": 0
            },
            "pinterest": {
                "shares": 0
            },
            "linkedin": {
                "shares": 0
            },
            "stumbledupon": {
                "shares": 0
            },
            "vk": {
                "shares": 0
            }
        }
    },
    "uuid": "68a475c3c7471fdf81428aafd1a9724c252d145d",
    "url": "https://vnexplorer.net/z/617214.html",
    "ord_in_thread": 0,
    "parent_url": null,
    "author": "VNExplorer",
    "published": "2024-06-06T16:18:00.000+03:00",
    "title": "Comment camoufler son compteur électrique ?",
    "text": "Le compteur Linky est jaune fluo, on peut avoir envie de le cacher. Bien qu&#039;indispensables, les compteurs électriques sont souvent peu esthétiques. Heureusement, il existe de nombreuses astuces pour les camoufler tout en embellissant votre intérieur. Que ce soit en les dissimulant derrière un panneau décoratif ou en les intégrant à un meuble, vous pouvez transformer cet équipement en un atout pour votre décoration. Découvrez comment masquer votre compteur électrique sans sacrifier l&#039;accessibilité ni le style. Intégrer le compteur électrique dans un meuble Intégrer le compteur électrique dans un meuble permet de le dissimuler tout en maintenant un accès facile. Cette méthode permet de cacher à la fois le compteur et le tableau électrique, facilitant ainsi l&#039;accès aux disjoncteurs et la relève de la consommation énergétique (et établir votre facture d&#039;électricité) sans nécessiter de travaux complexes. Selon l&#039;emplacement du compteur et l&#039;espace disponible, plusieurs options de meubles s&#039;offrent à vous. Dans un hall d&#039;entrée, vous pouvez opter pour un meuble à chaussures, un placard avec penderie ou une boîte à clés. Dans un couloir, un meuble mural ou un placard étroit peuvent convenir. Dans le salon ou la salle à manger, un buffet ou une étagère peut être une bonne solution, etc. Si un meuble prêt à l&#039;emploi ne convient pas, le sur-mesure est une excellente alternative. Lors de l&#039;installation, veillez à ne pas fixer le fond du meuble afin d&#039;englober le compteur électrique. Assurez-vous que le compteur reste facilement accessible pour les relevés de votre fournisseur d&#039;électricité et que l&#039;espace est bien ventilé pour prévenir tout risque de surchauffe. Réaliser un coffrage en bois Réaliser un coffrage en bois pour cacher un compteur électrique est un projet de bricolage accessible qui permet d&#039;améliorer l&#039;esthétique de votre intérieur tout en préservant la fonctionnalité de l&#039;installation électrique. Pour le construire, vous aurez besoin de : Planches de bois (contreplaqué ou MDF) Charnières Vis à bois Tournevis ou visseuse électrique Scie (sauteuse ou circulaire) Mètre ruban Niveau à bulle Crayon Équerre Papier de verre Peinture ou vernis (optionnel) Voici les étapes pour le réaliser : Prenez les dimensions exactes du compteur d&#039;électricité, en ajoutant quelques centimètres de chaque côté pour l&#039;ouverture et la ventilation. Utilisez une scie pour découper les planches de bois selon ces dimensions. Vous aurez besoin de quatre panneaux principaux (deux pour les côtés, un pour le dessus et un pour le dessous) et d&#039;une porte pour l&#039;avant. Poncez les bords des planches découpées pour éliminer les éclats et obtenir une finition lisse. Assemblez les quatre panneaux principaux du coffrage à l&#039;aide de vis à bois. Utilisez une équerre pour vous assurer que les angles sont bien droits. Vérifiez que la structure est bien carrée en utilisant un niveau à bulle et une équerre. Attachez les charnières sur un côté de la porte et sur le bord de l&#039;un des panneaux latéraux du coffrage. Vérifiez que la porte s&#039;ouvre et se ferme correctement. Ajustez les charnières si nécessaire pour un alignement parfait. Fixez une petite poignée sur la porte pour faciliter l&#039;ouverture. Placez le coffrage devant le compteur Linky et marquez les points où vous allez fixer le coffrage au mur. Percez des trous dans le mur à l&#039;aide d&#039;une perceuse et insérez des chevilles si nécessaire. Fixez solidement le coffrage au mur avec des vis. Pour protéger le bois et améliorer l&#039;esthétique, appliquez une couche de peinture ou de vernis. Vous pouvez également le recouvrir de papier peint décoratif, le peindre de la même couleur que les murs, ou ajouter des stickers et autres éléments décoratifs selon vos goûts. » LIRE AUSSI - Coupures d&#039;Ã©lectricitÃ©Â : nos conseils pour la maison Autres astuces pour dissimuler le compteur électrique Cacher un compteur électrique monophasé ou triphasé ne nécessite pas forcément d&#039;être un expert en menuiserie ou en bricolage. Voici quelques idées simples et efficaces pour dissimuler votre compteur tout en ajoutant une touche esthétique à votre intérieur. Vous pouvez le camoufler derrière : Un cadre ou une affiche : achetez ou fabriquez un petit coffret en bois de la taille exacte de votre compteur. Customisez-le avec une affiche ou des photos pour ajouter une touche personnelle. Un miroir : accrochez-le sur le coffrage, pour jeter un coup d&#039;œil à votre look avant de sortir, mais aussi agrandir visuellement la pièce. Cela convient particulièrement aux petits espaces. Une boîte à clés murale : transformez l&#039;intérieur du coffrage de votre compteur en boîte à clés pour joindre l&#039;utile à l&#039;agréable. Vous pouvez également accrocher quelques crochets en dessous pour suspendre vos clés, vos parapluies, etc. Un rideau ou une tenture : installez un rideau ou une tenture devant le compteur pour le cacher des regards. Assurez-vous que le tissu est à une distance suffisante pour éviter tout risque d&#039;incident. Un paravent : placé devant le compteur, il ajoute aussi une touche décorative à votre pièce. Une trappe d&#039;accès : si votre compteur est encastré dans un mur ou une niche, utilisez une trappe d&#039;accès pour le cacher. Ces trappes, souvent sans poignée et s&#039;ouvrant par simple pression, sont pratiques et esthétiques. Un cache-compteur prêt à poser : il en existe de différentes tailles et couleurs dans les magasins de bricolage pour habiller vos compteurs. Un trompe-l&#039;œil : une option créative consiste à utiliser de la peinture, du papier peint ou un autocollant trompe-l&#039;œil pour créer l&#039;illusion que le compteur est un autre élément de la pièce, comme une fenêtre, une étagère ou un tableau. Que vous choisissiez d&#039;intégrer votre compteur dans un meuble, de le dissimuler derrière un cadre ou d&#039;utiliser un coffrage en bois, de nombreuses solutions s&#039;offrent à vous pour camoufler votre compteur électrique de manière esthétique et pratique. Laissez libre cours à votre créativité pour transformer cet élément indispensable, mais peu décoratif en un atout pour votre intérieur.",
    "highlightText": "",
    "highlightTitle": "",
    "highlightThreadTitle": "",
    "language": "french",
    "sentiment": "negative",
    "categories": [
        "Politics"
    ],
    "webz_reporter": false,
    "external_links": [],
    "external_images": [],
    "entities": {
        "persons": [],
        "organizations": [],
        "locations": []
    },
    "rating": null,
    "crawled": "2024-06-07T00:49:36.365+03:00",
    "updated": "2024-06-07T00:49:36.365+03:00"
}