{
    "thread": {
        "uuid": "3cc7dd3c291745e1a9e4ad475bef6d28b58a6d00",
        "url": "https://www.cnnbrasil.com.br/politica/comissao-do-senado-aprova-tipificar-crime-de-apologia-a-ditadura",
        "site_full": "www.cnnbrasil.com.br",
        "site": "cnnbrasil.com.br",
        "site_section": "http://www.cnnbrasil.com.br",
        "site_categories": [
            "top_news"
        ],
        "section_title": "CNN Brasil | Notícias Ao Vivo do Brasil e do Mundo",
        "title": "Comissão do Senado aprova tipificar crime de apologia à ditadura | CNN Brasil",
        "title_full": "Comissão do Senado aprova tipificar crime de apologia à ditadura | CNN Brasil",
        "published": "2024-06-06T23:10:00.000+03:00",
        "replies_count": 0,
        "participants_count": 1,
        "site_type": "news",
        "country": "BR",
        "main_image": "https://www.cnnbrasil.com.br/wp-content/uploads/sites/12/2024/06/53772558167_e9f5a986ce_o.jpg?w=941",
        "performance_score": 0,
        "domain_rank": 6913,
        "domain_rank_updated": "2024-06-04T13:08:15.000+03:00",
        "reach": null,
        "social": {
            "facebook": {
                "likes": 0,
                "comments": 0,
                "shares": 0
            },
            "gplus": {
                "shares": 0
            },
            "pinterest": {
                "shares": 0
            },
            "linkedin": {
                "shares": 0
            },
            "stumbledupon": {
                "shares": 0
            },
            "vk": {
                "shares": 0
            }
        }
    },
    "uuid": "3cc7dd3c291745e1a9e4ad475bef6d28b58a6d00",
    "url": "https://www.cnnbrasil.com.br/politica/comissao-do-senado-aprova-tipificar-crime-de-apologia-a-ditadura",
    "ord_in_thread": 0,
    "parent_url": null,
    "author": "da Agência Brasil",
    "published": "2024-06-06T23:10:00.000+03:00",
    "title": "Comissão do Senado aprova tipificar crime de apologia à ditadura | CNN Brasil",
    "text": "Comissão do Senado aprova tipificar crime de apologia à ditadura Atualmente, o artigo 287 do Código Penal diz que é crime fazer, publicamente, apologia de fato criminoso ou de autor de crime com pena de detenção de três a seis meses ou multa; projeto muda redação desse artigo A Comissão de Defesa da Democracia do Senado aprovou, nesta quinta-feira (6), o projeto de lei 2.140/2020 que tipifica o crime de apologia à tortura e de apologia à instauração de regime ditatorial no país. Atualmente, o Artigo 287 do Código Penal diz que é crime fazer, publicamente, apologia de fato criminoso ou de autor de crime com pena de detenção de três a seis meses ou multa. O projeto muda a redação desse artigo, acrescentando que é crime fazer apologia à tortura e à ditadura. “Art. 278 – Fazer publicamente ou disseminar, inclusive em ambiente virtual, apologia de fato criminoso ou de autor de crime; de tortura ou de torturadores; de instauração de regime ditatorial no país ou de ruptura institucional”, diz a proposta para o artigo. O texto ainda dobra a pena se a apologia for cometida por membro do Poder Judiciário ou do Ministério Público, aumentando a punição pela metade se a apologia ao crime for cometida por meio de perfis falsos nas redes sociais. A relatora da matéria, senadora Teresa Leitão (PT-PE), disse que a medida é necessária diante do aumento da polarização política no Brasil. “Observamos o surgimento de discursos de ódio, violentos e que defendem o retorno da ditadura militar no país, assim como celebram figuras ligadas a atos de tortura durante aquele período sombrio da nação. Essas manifestações, indubitavelmente, acabam estimulando o crescimento de grupos radicais que se opõem à democracia e à ordem constitucional”, disse. A relatora ainda destacou a diferença entre liberdade de expressão e apologia ao crime. “A liberdade de expressão é um direito fundamental em uma democracia, mas que há limites, uma vez que certos discursos podem inflamar grupos radicais que difundem discurso de ódio travestido de liberdade de pensamento”, diz o relatório. Não houve manifestações contrárias a proposta. O projeto agora segue para análise da Comissão de Segurança Pública do Senado. Para virar lei, precisa ainda passar pelos plenários da Câmara e do Senado e ser sancionado pelo presidente da República.",
    "highlightText": "",
    "highlightTitle": "",
    "highlightThreadTitle": "",
    "language": "portuguese",
    "sentiment": "negative",
    "categories": [
        "Politics"
    ],
    "webz_reporter": false,
    "external_links": [],
    "external_images": [],
    "entities": {
        "persons": [],
        "organizations": [],
        "locations": []
    },
    "rating": null,
    "crawled": "2024-06-07T00:26:42.765+03:00",
    "updated": "2024-06-07T00:26:42.765+03:00"
}