{
    "thread": {
        "uuid": "53d5ee8826bd1758291ecfb48b7a1eab49534b2d",
        "url": "https://www.publico.es/internacional/juez-eeuu-ordena-ingreso-prision-julio-del-ultraderechista-steve-bannon.html",
        "site_full": "www.publico.es",
        "site": "publico.es",
        "site_section": "https://www.publico.es/",
        "site_categories": [
            "media"
        ],
        "section_title": "Diario Público | El medio progresista en España",
        "title": "Un juez de EEUU ordena el ingreso en prisión en julio del ultraderechista Steve Bannon",
        "title_full": "Un juez de EEUU ordena el ingreso en prisión en julio del ultraderechista Steve Bannon",
        "published": "2024-06-06T23:26:00.000+03:00",
        "replies_count": 0,
        "participants_count": 0,
        "site_type": "news",
        "country": "ES",
        "main_image": "https://www.publico.es/uploads/2024/06/06/66621a3f718d0.jpeg",
        "performance_score": 0,
        "domain_rank": 5013,
        "domain_rank_updated": "2024-06-04T13:08:15.000+03:00",
        "reach": null,
        "social": {
            "facebook": {
                "likes": 0,
                "comments": 0,
                "shares": 0
            },
            "gplus": {
                "shares": 0
            },
            "pinterest": {
                "shares": 0
            },
            "linkedin": {
                "shares": 0
            },
            "stumbledupon": {
                "shares": 0
            },
            "vk": {
                "shares": 0
            }
        }
    },
    "uuid": "53d5ee8826bd1758291ecfb48b7a1eab49534b2d",
    "url": "https://www.publico.es/internacional/juez-eeuu-ordena-ingreso-prision-julio-del-ultraderechista-steve-bannon.html",
    "ord_in_thread": 0,
    "parent_url": null,
    "author": null,
    "published": "2024-06-06T23:26:00.000+03:00",
    "title": "Un juez de EEUU ordena el ingreso en prisión en julio del ultraderechista Steve Bannon",
    "text": "Un juez federal de Estados Unidos ordenó este jueves el ingreso en prisión el próximo 1 de julio del ultraderechista Steve Bannon , que fue asesor del expresidente republicano Donald Trump (2017-2021), para cumplir su condena por desacato al Congreso, algo que el propio Bannon tachó de persecución política.\n\" Quieren acallar el movimiento MAGA , acallar a los conservadores de base y acallar al presidente Trump\", aseguró en declaraciones a los medios poco después de que se conociera el fallo que ordena su entrada en la cárcel.\nCon las siglas MAGA (Make America Great Again) hizo alusión al lema de Trump en las campañas de 2016 y 2020 y a quienes apoyan esa proclama.\nSteve Bannon alentó el asalto en Brasil en un acto en el que participaron Trump, Abascal y el hijo de Bolsonaro Público Bannon fue condenado en octubre de 2022 a cuatro meses de cárcel por haberse negado a comparecer ante el comité que investigaba el asalto del 6 de enero de 2021 al Capitolio, que tuvo lugar mientras el Congreso certificaba la victoria de Joe Biden frente a Trump en las presidenciales de 2020.\n\"No hay nada que pueda callarme. No hay ninguna cárcel que me haga callar\" , añadió desde fuera de la corte federal en Washington.\nEl ultraderechista, de 70 años, es uno de los dos exmiembros del círculo íntimo de Trump que afrontaban un proceso judicial por no participar en la investigación parlamentaria.\nCondenado a cuatro meses de prisión Steve Bannon, exasesor de Trump Público / EFE Peter Navarro, ya en la cárcel El segundo, el exasesor del exmandatario en la Casa Blanca Peter Navarro , ingresó en la cárcel el pasado marzo para cumplir otra pena de cuatro meses.\nBannon había recurrido la sentencia , pero un tribunal federal de apelaciones del Distrito de Columbia confirmó el pasado 10 de mayo su condena penal. La sentencia había quedado en suspenso a la espera de que se resolviera la apelación, según la cadena NBC News.\nEl comité quería que Bannon testificara porque creía que tenía algún conocimiento previo sobre lo que iba a ocurrir ese 6 de enero de 2021, cuando miles de seguidores de Trump asaltaron la sede del Congreso. Hubo cinco muertos y cerca de 140 agentes heridos.\nAhora, el equipo legal de Bannon, tal y como planteó su abogado, David Schoen, considera que el caso se debe tratar en el Supremo de EEUU porque plantea una cuestión de separación de poderes. Bannon afirmó que luchará contra su condena: \"Vamos a ganar en el Tribunal Supremo\", concluyó.\n ",
    "highlightText": "",
    "highlightTitle": "",
    "highlightThreadTitle": "",
    "language": "spanish",
    "sentiment": "negative",
    "categories": [
        "Politics",
        "Crime, Law and Justice"
    ],
    "webz_reporter": false,
    "external_links": [
        "https://share.flipboard.com/bookmarklet/popout?v=2&title=Un%20juez%20de%20EEUU%20ordena%20el%20ingreso%20en%20prisi%C3%B3n%20en%20julio%20del%20ultraderechista%20Steve%20Bannon&url=https://publico.es/internacional/juez-eeuu-ordena-ingreso-prision-julio-del-ultraderechista-steve-bannon.html%3Futm_source%3Dflipboard%26utm_medium%3Dsocial%26utm_campaign%3Dweb",
        "https://share.flipboard.com/bookmarklet/popout",
        "https://twitter.com/intent/tweet?url=https://publico.es/internacional/juez-eeuu-ordena-ingreso-prision-julio-del-ultraderechista-steve-bannon.html%3Futm_source%3Dtwitter%26utm_medium%3Dsocial%26utm_campaign%3Dweb&text=Un%20juez%20de%20EEUU%20ordena%20el%20ingreso%20en%20prisi%C3%B3n%20en%20julio%20del%20ultraderechista%20Steve%20Bannon&via=publico_es",
        "https://www.meneame.net/submit?url=https://www.publico.es/internacional/juez-eeuu-ordena-ingreso-prision-julio-del-ultraderechista-steve-bannon.html%3Futm_source%3Dmeneame%26utm_medium%3Dsocial%26utm_campaign%3Dweb",
        "https://share.flipboard.com/bookmarklet/popout?v=2&title=Un%20juez%20de%20EEUU%20ordena%20el%20ingreso%20en%20prisi%C3%B3n%20en%20julio%20del%20ultraderechista%20Steve%20Bannon&url=https://www.publico.es/internacional/juez-eeuu-ordena-ingreso-prision-julio-del-ultraderechista-steve-bannon.html%3Futm_source%3Dflipboard%26utm_medium%3Dsocial%26utm_campaign%3Dweb",
        "https://www.facebook.com/sharer/sharer.php?u=https://www.publico.es/internacional/juez-eeuu-ordena-ingreso-prision-julio-del-ultraderechista-steve-bannon.html%3Futm_source%3Dfacebook%26utm_medium%3Dsocial%26utm_campaign%3Dweb",
        "https://www.meneame.net/submit",
        "https://facebook.com/sharer/sharer.php?u=https://publico.es/internacional/juez-eeuu-ordena-ingreso-prision-julio-del-ultraderechista-steve-bannon.html%3Futm_source%3Dfacebook%26utm_medium%3Dsocial%26utm_campaign%3Dweb",
        "https://meneame.net/submit?url=https://publico.es/internacional/juez-eeuu-ordena-ingreso-prision-julio-del-ultraderechista-steve-bannon.html%3Futm_source%3Dmeneame%26utm_medium%3Dsocial%26utm_campaign%3Dweb",
        "https://twitter.com/intent/tweet",
        "https://telegram.me/share/url",
        "https://telegram.me/share/url?url=https://www.publico.es/internacional/juez-eeuu-ordena-ingreso-prision-julio-del-ultraderechista-steve-bannon.html%3Futm_source%3Dtelegram%26utm_medium%3Dsocial%26utm_campaign%3Dweb&via=publico_es&text=Un%20juez%20de%20EEUU%20ordena%20el%20ingreso%20en%20prisi%C3%B3n%20en%20julio%20del%20ultraderechista%20Steve%20Bannon",
        "https://twitter.com/intent/tweet?url=https://www.publico.es/internacional/juez-eeuu-ordena-ingreso-prision-julio-del-ultraderechista-steve-bannon.html%3Futm_source%3Dtwitter%26utm_medium%3Dsocial%26utm_campaign%3Dweb&text=Un%20juez%20de%20EEUU%20ordena%20el%20ingreso%20en%20prisi%C3%B3n%20en%20julio%20del%20ultraderechista%20Steve%20Bannon&via=publico_es",
        "https://telegram.me/share/url?url=https://publico.es/internacional/juez-eeuu-ordena-ingreso-prision-julio-del-ultraderechista-steve-bannon.html%3Futm_source%3Dtelegram%26utm_medium%3Dsocial%26utm_campaign%3Dweb&via=publico_es&text=Un%20juez%20de%20EEUU%20ordena%20el%20ingreso%20en%20prisi%C3%B3n%20en%20julio%20del%20ultraderechista%20Steve%20Bannon",
        "https://www.facebook.com/sharer/sharer.php"
    ],
    "external_images": [],
    "entities": {
        "persons": [],
        "organizations": [],
        "locations": []
    },
    "rating": null,
    "crawled": "2024-06-07T00:19:45.878+03:00",
    "updated": "2024-06-08T06:56:02.197+03:00"
}