{
    "thread": {
        "uuid": "bfe534d9b54249ee470e574bee0ca606ce23707d",
        "url": "https://www.eldiario.es/politica/ultima-hora-actualidad-politica-directo_6_11426497_1108267.html",
        "site_full": "www.eldiario.es",
        "site": "eldiario.es",
        "site_section": "https://www.eldiario.es",
        "site_categories": [
            "politics",
            "law_government_and_politics",
            "top_news"
        ],
        "section_title": "elDiario.es - Noticias de actualidad - Periodismo a pesar de todo",
        "title": "Estrela Galán (Sumar) pide la condena del \"genocidio\" en Palestina para \"una Europa que apueste por la convivencia\"",
        "title_full": "Estrela Galán (Sumar) pide la condena del \"genocidio\" en Palestina para \"una Europa que apueste por la convivencia\"",
        "published": "2024-06-06T09:32:00.000+03:00",
        "replies_count": 0,
        "participants_count": 1,
        "site_type": "news",
        "country": "ES",
        "main_image": "https://static.eldiario.es/clip/37c3e376-bce3-4e38-b190-73df2230c18f_facebook-watermarked-aspect-ratio_default_0_x1594y223.jpg",
        "performance_score": 0,
        "domain_rank": 2858,
        "domain_rank_updated": "2024-06-04T13:08:15.000+03:00",
        "reach": null,
        "social": {
            "facebook": {
                "likes": 0,
                "comments": 0,
                "shares": 12
            },
            "gplus": {
                "shares": 0
            },
            "pinterest": {
                "shares": 0
            },
            "linkedin": {
                "shares": 0
            },
            "stumbledupon": {
                "shares": 0
            },
            "vk": {
                "shares": 0
            }
        }
    },
    "uuid": "bfe534d9b54249ee470e574bee0ca606ce23707d",
    "url": "https://www.eldiario.es/politica/ultima-hora-actualidad-politica-directo_6_11426497_1108267.html",
    "ord_in_thread": 0,
    "parent_url": null,
    "author": "elDiario.es",
    "published": "2024-06-06T09:32:00.000+03:00",
    "title": "Estrela Galán (Sumar) pide la condena del \"genocidio\" en Palestina para \"una Europa que apueste por la convivencia\"",
    "text": "Estrela Galán (Sumar) pide la condena del “genocidio” en Palestina para “una Europa que apueste por la convivencia” Estrella Galán, candidata de Sumar a las elecciones europeas, ha pedido este jueves a todas las fuerzas políticas presentes en el debate de RTVE su “condena” al “genocidio que se está cometiendo en Palestina”. Lo ha hecho en su primera intervención durante el cara a cara protagonizado por nueve formaciones políticas. “Necesitamos luchar por una Europa que apueste por la convivencia y por la paz, donde quepamos todos y todas”, ha dicho Galán, que ha insistido en esa misma idea en su segunda intervención, sin conseguir que los representantes de PSOE o PP utilizaran esos mismos términos para hablar de la masacre en Gaza. 23:12 h Irene Montero acusa a Jordi Cañas de querer hacerle un \"mansplaining\" y él le responde: \"¿Qué es un mansplaining?\" El debate de RTVE estaba abordando el segundo bloque, centrado en las políticas económicas de la UE, cuando la candidata de Podemos, Irene Montero, pedía “transformar el modelo económico liberal” para garantizar la igualdad de los ciudadanos“. ”No podemos afrontar la transición energética ni la emergencia climática si no transformamos el modelo económico neoliberal: hace falta que los fondos buitre no puedan comprar vivienda ni abrir nuevasmacrogranjas“, ha dicho. A renglón seguido tomaba la palabra el candidato de Ciudadanos, Jordi Cañas, que le reprochaba a Montero estar equivocada. “No me haga un 'mansplaining'”, le ha dicho la exministra al representante del partido que se dice liberal, en alusión al término que denuncia el machismo de los hombres que tratan de dar lecciones argumentales a las mujeres. “¿Qué es el 'mansplaining'?” se ha preguntado Cañas, aparentemente desconocedor del término. 23:09 h Diana Riba: \"Si volvemos a los recortes, no podremos hacer la transición verde\" La candidata de Ahora Repúblicas, Diana Riba, ha cuestionado que muchos de los partidos de los candidatos presentes en el debate votaron “las futuras políticas de austeridad” en el último pleno del Parlamento Europeo y ha exigido “seguir estas políticas expansivas, para llegar a estas transiciones ecológicas”. “Si volvemos a los recortes, no podremos hacer la transición verde. Si volvemos a los recortes, tendremos que cerrar escuelas, hospitales, infraestructuras...”, ha argumentado Riba, que ha dicho que “no nos va a quedar nada” para la transición ecológica si “vamos dando millones de euros a la industria armamentística”. 23:02 h Ribera (PSOE) acusa al PP de querer \"recortar\" la PAC y otras ayudas agrarias La vicepresidenta tercera del Gobierno y candidata del PSOE a las elecciones europeas, Teresa Ribera, ha acusado este jueves al PP y al resto de formaciones de derechas de querer recuperar una política de “recortes” en la UE en la legislatura que surja de las elecciones europeas de este domingo. “Ustedes y sus amigos quieren recortar las partidas presupuestarias y las más importantes son la PAC y las ayudas agrarias”, le ha dicho Ribera a Dolors Montserrat, la candidata del PP las europeas, haciendo también alusión a Vox y a otras formaciones con las que pactan los de Alberto Núñez Feijóo. 23:00 h Estrella Galán pide ser \"firmes\" para no bonificar a los grandes oligopolios La candidata de Sumar, Estrella Galán, ha defendido la descarbonización de la economía acompañada de una limitación del “control” de las grandes multinacionales eléctricas y energéticas que, según ha dicho, “tienen en su mano el control de los precios de la energía”. “Hay que desplegar una revolución energética”, ha dicho Galán, que ha pedido “ser firmes” para no bonificar a los grandes oligopolios. “Me consta que usted está por esa bonificación”, ha dicho dirigiéndose a la candidata socialista, Teresa Ribera, aunque luego ha añadido que “es un detalle” ante los gestos de Ribera, que no ha contestado. 22:54 h Montserrat (PP): \"Yo evité que los socialistas pusieran una etiqueta como la del tabaco en el vino\" Dolors Montserrat, candidata del PP a las elecciones europeas, ha acusado este jueves al PSOE de “dar la espalda al campo” durante la última legislatura en el Parlamento Europeo. Es más, la dirigente popular ha hecho mención a dos productos, el vino y el arroz, a los que según ella pretendieron perjudicar los socialistas españoles en la UE. “Yo evité que los socialistas pusieran una etiqueta como la del tabaco en el vino”, ha asegurado Montserrat, que ha pedido “luchar contra la competencia desleal”, así como “defender al campo” bajando el IVA a la carne y el pescado. 22:51 h Dolors Montserrat: \"El 80% de las iniciativas en el Parlamento Europeo son del PP\" La candidata del PP ha rebatido las acusaciones de Jorge Buxadé, de Vox, de que 'populares' y socialdemócratas votan “siempre” juntos asegurando que “el 80%” de las iniciativas presentadas en el Europarlamento parten de su partido y le ha exigido que diga la verdad y que “forman parte del gobierno de Europa con Úrsula Von der Leyen con un comisario de agricultura que es de Vox”. Montserrat también ha cargado contra el candidato de Ciudadanos, Jordi Cañas, diciéndole que “Europa también es la defensa del estado de derecho”. 22:47 h Irene Montero: \"Este país tiene que decir alto y claro 'no a la guerra'\" La candidata de Podemos a las elecciones europeas, la exministra Irene Montero, ha considerado este jueves, durante el debate a nueve de RTVE con motivo del 9J que una de las prioridades de los próximos meses tiene que ver con un compromiso antibelicista de la sociedad española tanto por la situación en Gaza como por la guerra en Ucrania. “Este país tiene que decir alto y claro 'no a la guerra' y votar por la paz”, ha insistido Montero en un breve rifirrafe con el candidato de Ciudadanos, Jordi Cañas, que se ha resistido a calificar de “genocidio” la masacre perpetrada por Israel en Gaza. 22:44 h El PNV pide un comisario que garantice \"el respeto\" a las lenguas cooficiales en la UE La representante de la coalición CEUS en el debate de RTVE, la portavoz del PNV Oihane Agirregoitia, ha pedido este jueves que en la próxima legislatura la Comisión Europea cuente con un comisario específico que “garantice el respeto” a las lenguas cooficiales de la Unión Europea, entre las que ha incluido al euskera, el catalán y el gallego. Agirregoitia ha coincidido con la representante de Ahora Repúblicas, Diana Riba, en reclamar la oficialidad de esas tres lenguas cooficiales en España. 22:41 h Ribera reprocha al PP que no reconozca a Palestina como Estado y Montserrat le responde acusándole de pactar con \"prófugos de la justicia\" La candidata del PSOE a las elecciones europeas, la vicepresidenta tercera del Gobierno, Teresa Ribera, ha reprochado este jueves, durante el debate de RTVE, a la candidata del PP, Dolors Montserrat, que su partido no haya apoyado el reconocimiento de Palestina aprobado por el Gobierno la semana pasada, pero la dirigente popular ha optado por obviar la cuestión y hablar de los pactos del Gobierno con formaciones independentistas. “Han entregado la igualdad de los españoles”, le ha reprochado Montserrat a Ribera, antes de acusarle de “negociar con un prófugo de la justicia que tiene vínculos con Putin”, en alusión al expresident catalán Carles Puigdemont. “Han entregado el código penal a los prófugos de la justicia”, ha zanjado. 22:38 h Irene Montero, a Teresa Ribera: \"¿Qué ata a este gobierno con el Estado genocida de Israel para no romper relaciones\" La candidata de Podemos al Parlamento Europeo, Irene Montero, ha asegurado que mucha gente se pregunta “para qué sirve Europa” si no es capaz de “construir paz y acabar con el genocidio en Gaza” y ha dicho que mucha gente se ha alegrado hoy “cuando ha creído que por fin el gobierno de España iba a llevar al Estado genocida de Israel ante la Corte Internacional de Justicia”, pero que dos minutos después esa alegría ha desaparecido. Dirigiéndose a la candidata socialista, Montero ha exigido a Teresa Ribera que explicase por qué España no ha roto relaciones “comerciales y diplomáticas con Israel” pese a haber retirado al embajador de Argentina y le ha pedido que reconozca que “lo que Israel está haciendo es genocidio”. 22:36 h Estrela Galán (Sumar) pide la condena del \"genocidio\" en Palestina para \"una Europa que apueste por la convivencia\" Estrella Galán, candidata de Sumar a las elecciones europeas, ha pedido este jueves a todas las fuerzas políticas presentes en el debate de RTVE su “condena” al “genocidio que se está cometiendo en Palestina”. Lo ha hecho en su primera intervención durante el cara a cara protagonizado por nueve formaciones políticas. “Necesitamos luchar por una Europa que apueste por la convivencia y por la paz, donde quepamos todos y todas”, ha dicho Galán, que ha insistido en esa misma idea en su segunda intervención, sin conseguir que los representantes de PSOE o PP utilizaran esos mismos términos para hablar de la masacre en Gaza. 22:25 h Diana Riba (Ahora Repúblicas) pide que catalán, euskera y gallego sean oficiales en la UE La representante de la coalición Ahora Repúblicas que engloba a ERC, EH Bildu y BNG ha pedido en su primera intervención del debate de RTVE que catalán, euskera y gallego sean oficiales en la Unión Europea. Para ella es “indispensable” que se reconozca esa oficialidad en la legislatura que comenzará tras las elecciones de este domingo. Además, Riba ha presentado su coalición como “la única candidatura que puede defender las naciones sin Estado y su cultura”, pero, además, ha querido lanzar un mensaje al conjunto de los votantes de izquierda. “Nuestra clase trabajadora nos tienen a nosotros para defenderlas”, ha dicho. 22:20 h Teresa Ribera: \"Hoy ya no me preguntan por Catalunya en la Unión Europea\" La candidata del PSOE, Teresa Ribera, ha afirmado que cuando fue nombrada ministra, en sus viajes a Bruselas le preguntaban por Catalunya “con gran desazón”, pero que hoy en día ya no le preguntan por ello. Lo ha hecho después de que la candidata del Partido Popular, Dolors Montserrat, haya acusado a los socialistas de “entregar la gobernabilidad a Puigdemont” y de que le haya exigido que “rectifique”. Montserrat ha acusado también a Teresa Ribera de “señalar” al juez que investiga a Puigdemont y al juez que investiga a Begoña Gómez y ha dicho que el PP va a seguir defendiendo el Estado de Derecho en la Unión Europea así como la igualdad de los españoles. 22:17 h Aleix Sarri (Junts) abre el debate de las europeas: \"Aquí tendría que estar Toni Comín, pero si hubiera venido estaría encarcelado\" El representante de Junts en el debate organizado por RTVE, Aleix Sarri, ha abierto este jueves el enfrentamiento con sus otros ocho oponentes haciendo una denuncia por la situación de los dirigentes independentistas que viven fuera de España. Además de reclamar “una Europa más federal”, Sarri ha recordado a Carles Puigdemont y a Toni Comín, el cabeza de lista de su formación a las europeas. “Yo no tendría que estar aquí”, ha dicho Sarri. “Tendría que ser Toni Comín, pero si hubiera estado aquí estaría encarcelado”, ha asegurado. La primera intervención del debate ha sido íntegramente en catalán. 20:41 h Comienzan a llegar los candidatos a los estudios de Prado del Rey para el último debate electoral Los candidatos de CEUS, Podemos, Junts+, Ahora Repúblicas o Sumar, Oihane Agirregoitia, Irene Montero, Aleix Sarri, Diana Riba y Estrella Galán ya han llegado a los estudios de Televisión Española cuando aún queda más de una hora para que de comienzo el debate electoral entre los nueve candidatos con representación en el Parlamento Europeo. Se espera que todos los candidatos lleguen a Prado del Rey, a las afueras de Madrid, antes de las 21.00 horas para que puedan preparar sus intervenciones antes de que de inicio el llamado “debate decisivo” en la televisión pública, a tres días de las elecciones. 20:36 h Sánchez equipara al PP con una matrioshka: \"Del PP sale Vox y de ahí el inframundo de Alvise\" Pedro Sánchez ha incorporado en su agenda de fin de campaña una parada en Catalunya junto a Salvador Illa, con el que ha compartido mitin este jueves en L’Hospitalet para volver a hacer un llamamiento al electorado progresista frente a la amenaza de la ultraderecha y de sus alianzas con el PP. “¿Sabéis lo que es una matrioshka? Esas muñecas rusas que se van abriendo y contienen otra dentro. Pues bien, los pactos de Feijóo con la ultraderecha han acabado por devorarle. Hasta el punto de que del PP de Feijóo sale el Vox de Abascal, y de Vox sale ahora el inframundo de Alvise. Los tres son la matrioshka de la internacional ultraderechista”, ha señalado. El líder de los socialistas ha resaltado que los populares “han pasado de decir que iban a arrasar con más de diez puntos a que su lema ahora sea que este partido lo van a empatar”. Y ha vuelto a reivindicar la honradez de su pareja tras las últimas maniobras del juez Peinado. “A mi no me duelen prendas decir que quiero a mi mujer y voy a defender su honorabilidad ante los ataques infames de aquellos que solo hacen oposición destructiva contra el adversario político”, ha dicho. Escribe José Monrosi 20:11 h Yolanda Díaz: \"Os pido que os movilicéis para mandar a Feijóo a casa el domingo\" La coordinadora general de Sumar y vicepresidenta segunda del Gobierno, Yolanda Díaz, ha pedido este jueves que las elecciones europeas del domingo se conviertan en un plebiscito contra el líder del PP. “El PP está nervioso porque sabe que la ciudadanía se está movilizando. Os pido que sigáis trabajando hasta el domingo para movilizar votos, para decirle a Feijóo que lo vamos a mandar a casa. Que no nos representan, que sus políticas son políticas fallidas”, ha dicho en un mitin en Málaga. “El próximo 9 de junio no van a ganar. La gente trabajadora va a salir a derrotar a Feijóo, va a salir a votar la gente LGTBI para decirles que no van a ganar. Os pido que este domingo vayáis a votar con el orgullo de un país diverso, que es plural, que es alegre, que no es como ellos, que quieren una España triste, que quieren retroceder 40 años atrás”, ha defendido la líder de Sumar. Escribe Alberto Ortiz 20:07 h El candidato de IU en la lista de Sumar a las europeas llama “trilero” a Albares y le pide “acciones concretas contra el genocidio” Aunque inicialmente el candidato de IU en la lista de Sumar a las elecciones europeas, Manu Pineda, había celebrado la decisión de España de sumarse al procedimiento contra Israel en la Corte Internacional de Justicia, más tarde se ha corregido en un tuit y ha calificado al ministro de Exteriores, José Manuel Albares, de “trilero”. “El trilero de Albares nos ha vuelto a engañar. España no se ha adherido a la demanda de Sudáfrica. No valen los eufemismos; queremos acciones concretas contra el genocidio. Ese es el único camino”, ha dicho en un tuit para pedir a España que “participe en las demandas contra Israel y sus altos cargos ”tanto en la Corte Penal Internacional como en el Tribunal Internacional de Justicia“. Albares había anunciado este jueves que España se sumará al procedimiento iniciado por Sudáfrica contra Israel en la Corte Internacional de Justicia por genocidio pero ha aclarado en su comparecencia que el movimiento no significa apoyar a ninguna de las partes sino asistir a los jueces a la hora de tomar una decisión. Por Alberto Ortiz 20:04 h La número tres del PP a las europeas, a Sánchez: \"A sus perros, como la vicepresidenta, no les va a quedar otra que temblarles el pulso\" Alma Ezcurra, número tres del PP a las elecciones europeas, ha pronunciado este jueves un durísimo discurso cargado de insultos y acusaciones contra el Gobierno “al que solo apoyan los terroristas, los talibanes, Hamás, los dictadores venezolanos o los amigos de Putin”. En un acto en el centro de Madrid, Ezcurra ha asegurado que los “fascistas” son “los socios” del Ejecutivo, “que tienen una asquerosa relación de intimidad con las dictaduras venezolana, rusa e iraní”. “Fascismo el de los independentistas, que los tenemos que ver en la calle vivitos y coleando”, ha añadido Dirigiéndose a Sánchez, la popular ha pronunciado la siguiente frase: “Al puto amo no le va a quedar otra más que claudicar y a sus perros, que es como se llaman, toda una vicepresidenta del Gobierno, no les va a quedar otra que temblarles el pulso. Les decimos que tiemblen, que tiemble la izquierda en este país”. Escribe Aitor Riveiro 16:49 h Manu Pineda (IU) pide una reflexión tras el 9J para volver a unir a la izquierda: “Nos une mucho más de lo que nos separa” El candidato de Izquierda Unida en las listas de Sumar al Parlamento Europeo, Manu Pineda, ha llamado este jueves a la reflexión a todas las fuerzas políticas para volver a ponerse de acuerdo después del 9 de junio, día de las elecciones. El eurodiputado ha dicho que no encuentra justificación para que Sumar y Podemos vayan en dos listas separadas y ha lamentado que se hayan roto “muchos puentes” en estos meses. “En Sumar apostamos por la unidad, somos una izquierda diversa que sabemos que estamos de acuerdo en lo principal y que tenemos diferencias pero somos capaces de hablar de nuestras diferencias y somos capaces de hacer síntesis”, ha dicho en el programa Carne Cruda. “Los compañeros han decidido hacer otra cosa. Lo respetamos pero consideramos que es un error”, ha dicho el dirigente de Izquierda Unida. “Cuando vas separado tienes que de forma exagerada, teatral, poner el acento en las diferencias en lugar de centrarnos en hacer política contra las derechas”, ha opinado después. Pineda ha llamado a la reflexión para el día después de las europeas. “Después del 9 viene el 10 de junio y la izquierda que hay es la que hay, no nos podemos inventar otra. Tenemos que volver a poner el acento, el foco, en que se visibilice lo que nos une, que es mucho más de lo que nos separa”, ha dicho para recordar que las derechas “hacen política con las derechas” y las izquierdas, “contra las izquierdas”. “Lo que tenemos enfrente es muy gordo”, ha reflexionado. Por Alberto Ortiz Sumar pone las sonrisas en la nevera para enseñar el colmillo al PSOE",
    "highlightText": "",
    "highlightTitle": "",
    "highlightThreadTitle": "",
    "language": "spanish",
    "sentiment": "negative",
    "categories": [
        "War, Conflict and Unrest",
        "Politics",
        "Human Interest"
    ],
    "webz_reporter": false,
    "external_links": [],
    "external_images": [],
    "entities": {
        "persons": [],
        "organizations": [],
        "locations": []
    },
    "rating": null,
    "crawled": "2024-06-07T00:16:47.168+03:00",
    "updated": "2024-06-07T00:16:47.168+03:00"
}