{
    "thread": {
        "uuid": "79e50a5e9783e3b74ee0473e680ca3a327586e89",
        "url": "https://aventurasnahistoria.uol.com.br/noticias/historia-hoje/dia-d-em-discurso-biden-compara-ameaca-de-hitler-com-acoes-de-putin.phtml",
        "site_full": "aventurasnahistoria.uol.com.br",
        "site": "uol.com.br",
        "site_section": "https://aventurasnahistoria.uol.com.br/feed",
        "site_categories": [
            "media",
            "top_news"
        ],
        "section_title": "Aventuras na História",
        "title": "Dia D: Em discurso, Biden compara ameaça de Hitler com ações de Putin",
        "title_full": "Dia D: Em discurso, Biden compara ameaça de Hitler com ações de Putin",
        "published": "2024-06-06T23:52:00.000+03:00",
        "replies_count": 0,
        "participants_count": 1,
        "site_type": "news",
        "country": "BR",
        "main_image": "https://aventurasnahistoria.uol.com.br/media/_versions/2024/06/gettyimages-2156356316_widelg.jpg",
        "performance_score": 0,
        "domain_rank": 745,
        "domain_rank_updated": "2024-06-04T13:08:15.000+03:00",
        "reach": null,
        "social": {
            "facebook": {
                "likes": 0,
                "comments": 0,
                "shares": 0
            },
            "gplus": {
                "shares": 0
            },
            "pinterest": {
                "shares": 0
            },
            "linkedin": {
                "shares": 0
            },
            "stumbledupon": {
                "shares": 0
            },
            "vk": {
                "shares": 0
            }
        }
    },
    "uuid": "79e50a5e9783e3b74ee0473e680ca3a327586e89",
    "url": "https://aventurasnahistoria.uol.com.br/noticias/historia-hoje/dia-d-em-discurso-biden-compara-ameaca-de-hitler-com-acoes-de-putin.phtml",
    "ord_in_thread": 0,
    "parent_url": null,
    "author": "Fabio Previdelli",
    "published": "2024-06-06T23:52:00.000+03:00",
    "title": "Dia D: Em discurso, Biden compara ameaça de Hitler com ações de Putin",
    "text": "Em celebração dos 80 anos do Dia D. Joe Biden fez discurso efusivo atacando Vladimir Putin: \"As forças das trevas nunca desaparecem\"\nNesta quinta-feira, 6, o presidente norte-americano Joe Biden discursou na celebração dos 80 anos do Dia D — como a\nInvasão da Normandia, um dos episódios mais célebres da Segunda Guerra, também é conhecida. Em 6 de junho de 1944, os Aliados começaram a libertação da França, que sofria na garra dos nazistas. + Há 80 anos, acontecia o Dia D: Do planejamento a construção do mito\nNas suas falas, repercute a Folha de São Paulo, Biden aproveitou para comparar a ameaça de\nAdolf Hitler com as recentes ações do presidente russo Vladimir Putin, que invadiu a Ucrânia em meados de fevereiro de 2022.\n\"As forças das trevas nunca desaparecem. A Ucrânia foi invadida por um tirano e nunca se rendeu\", disse o presidente do país que criou a OTAN em 1949 — organização que visa proteger a Europa Ocidental da então União Soviética (hoje Rússia), que foi o principal aliado norte-americano na Segunda Guerra.\nAinda conforme a Folha, Biden também se juntou a diversos chefes de Estado em um evento internacional que marca os 80 anos do Dia D; onde o presidente ucraniano Volodymyr Zelensky também esteve presente.\nHitler pensava que as democracias eram frágeis, que o futuro era dos ditadores\", continuou em seu discurso. \"Não se engane: nós não iremos nos curvar, não podemos nos render aos valentões, isso é simplesmente impensável. Se o fizermos, a liberdade será subjugada, toda a Europa estará ameaçada\".\n\"Nós devemos nos perguntar: iremos novamente nos levantar contra o mal, contra a brutalidade esmagadora? Vamos nos unir pela liberdade, defender a democracia? Vamos nos unir? Minha resposta é sim, e só pode ser sim\", prosseguiu. \"Nós não vamos nos afastar [do apoio a Kiev]. Se o fizermos, [Putin] não vai parar ali. Autocratas no mundo todo estão olhando atentamente\".",
    "highlightText": "",
    "highlightTitle": "",
    "highlightThreadTitle": "",
    "language": "portuguese",
    "sentiment": "negative",
    "categories": [
        "War, Conflict and Unrest",
        "Politics"
    ],
    "webz_reporter": false,
    "external_links": [],
    "external_images": [],
    "entities": {
        "persons": [],
        "organizations": [],
        "locations": []
    },
    "rating": null,
    "crawled": "2024-06-07T00:01:43.834+03:00",
    "updated": "2024-06-07T00:01:43.834+03:00"
}