{
    "thread": {
        "uuid": "cfd575e129c3a895b3a22172c8512cb6092c2804",
        "url": "https://www.5newsonline.com/article/news/local/lawsuit-rule-banning-electronic-voter-registration-signatures-arkansas/527-66df2c94-c2df-4073-9b63-92d6e583d5c2",
        "site_full": "www.5newsonline.com",
        "site": "5newsonline.com",
        "site_section": "https://5newsonline.com/local",
        "site_categories": [
            "hobbies_and_interests",
            "travel",
            "by_us_locale",
            "photography"
        ],
        "section_title": "Local | Fort Smith/Fayetteville News | KFSM 5NEWS | 5newsonline.com",
        "title": "Arkansas lawsuit filed over new voter registration signature rule | 5newsonline.com",
        "title_full": "Arkansas lawsuit filed over new voter registration signature rule | 5newsonline.com",
        "published": "2024-06-06T03:00:00.000+03:00",
        "replies_count": 0,
        "participants_count": 1,
        "site_type": "news",
        "country": "US",
        "main_image": "https://media.tegna-media.com/assets/KFSM/images/c4dc7f78-1ec5-4737-bb3b-b6c70c417b9f/20240606T200355/c4dc7f78-1ec5-4737-bb3b-b6c70c417b9f_1140x641.jpg",
        "performance_score": 0,
        "domain_rank": 24589,
        "domain_rank_updated": "2024-06-04T13:08:15.000+03:00",
        "reach": null,
        "social": {
            "facebook": {
                "likes": 0,
                "comments": 0,
                "shares": 0
            },
            "gplus": {
                "shares": 0
            },
            "pinterest": {
                "shares": 0
            },
            "linkedin": {
                "shares": 0
            },
            "stumbledupon": {
                "shares": 0
            },
            "vk": {
                "shares": 0
            }
        }
    },
    "uuid": "cfd575e129c3a895b3a22172c8512cb6092c2804",
    "url": "https://www.5newsonline.com/article/news/local/lawsuit-rule-banning-electronic-voter-registration-signatures-arkansas/527-66df2c94-c2df-4073-9b63-92d6e583d5c2",
    "ord_in_thread": 0,
    "parent_url": null,
    "author": "Delaney Van Wilpe",
    "published": "2024-06-06T03:00:00.000+03:00",
    "title": "Arkansas lawsuit filed over new voter registration signature rule | 5newsonline.com",
    "text": "ARKANSAS, USA — A recently passed emergency rule banning e-signatures on voter registration applications has prompted two organizations to sue the Arkansas State Board of Election Commissioners and Secretary of State John Thurston, claiming they are using voter suppression tactics. Get Loud Arkansas ( [GLA](https://getloudarkansas.org/about/)) and [vote.org](https://www.vote.org/state/arkansas/) filed the lawsuit in federal court in the Western District of Arkansas on June 5. Back in April, the State Board of Election Commission unanimously approved the [emergency rule prohibiting election officials from accepting voter registration forms with e-signatures](https://www.5newsonline.com/article/news/politics/voter-registration-different-year-arkansans-new-law-enacted/527-34296575-53c4-445b-bc13-ce5a2f45134f). An Arkansas legislative committee approved the rule in May. Now, the only acceptable signature is a \"wet signature,\" meaning registration forms can only be signed with a pen. Before this approval, GLA, a nonprofit organization dedicated to increasing voter participation in Arkansas, had been collecting e-signatures to register voters since January. At one point, \"Arkansas's election officials assured GLA this online process was lawful,\" the lawsuit says. GLA said once word got out they were \"registering hundreds of young and minority voters\" through their website, the secretary of state and state election commissioners recommended to begin rejecting applications with e-signatures. The lawsuit calls the rule change a \"meaningless technicality that creates unlawful barriers,\" and a violation of the Civil Rights Act. Additionally, GLA claims officials have not clarified whether voters who previously registered electronically will have their registrations canceled due to the new rule, \"leaving many currently registered Arkansas voters in limbo.\" Two of the other plaintiffs listed in the lawsuit are Arkansans from Washington and Pope counties. According to the lawsuit, the two \"qualified Arkansas voters\" registered to vote through GLA's online tool, but the applications were rejected due to the defendants' enforcement of the wet-signature rule. The lawsuit asks the court to declare that the wet signature rule violates the Civil Rights Act. Furthermore, it asks the court to prevent any election officials from enforcing the rule by disallowing them to reject any application containing an electronic signature. Chris Powell with the Secretary of State's office provided the following statement: \"We are reviewing the complaint and have no comment at this time.\" The voter registration application deadline for the November election is Oct. 6, 2024. April report: Watch 5NEWS on [YouTube](https://www.youtube.com/channel/UCsjInJwm1vIMCeegrZSk_TQ). Download the 5NEWS app on your smartphone: Stream 5NEWS 24/7 on the 5+ app: [How to watch the 5+ app on your streaming device](https://www.5newsonline.com/article/about-us/how-to-watch-the-5-plus-app-streaming-device/527-f43c3dcd-a3f2-40d1-9d4c-7941c4d46dca) To report a typo or grammatical error, please email [KFSMDigitalTeam@tegna.com](mailto:KFSMDigitalTeam@tegna.com) and detail which story you're referring to.",
    "highlightText": "",
    "highlightTitle": "",
    "highlightThreadTitle": "",
    "language": "english",
    "sentiment": "negative",
    "categories": [
        "Politics",
        "Crime, Law and Justice"
    ],
    "webz_reporter": false,
    "external_links": [
        "https://www.vote.org/state/arkansas/)",
        "https://getloudarkansas.org/about/))",
        "https://www.youtube.com/channel/UCsjInJwm1vIMCeegrZSk_TQ).",
        "https://vote.org/state/arkansas/)",
        "https://youtube.com/channel/UCsjInJwm1vIMCeegrZSk_TQ).",
        "https://www.getloudarkansas.org/about/))"
    ],
    "external_images": [],
    "entities": {
        "persons": [
            {
                "name": "john thurston",
                "sentiment": "none"
            }
        ],
        "organizations": [
            {
                "name": "state board of election commission",
                "sentiment": "none"
            },
            {
                "name": "arkansas state board of election commissioners",
                "sentiment": "none"
            }
        ],
        "locations": [
            {
                "name": "arkansas",
                "sentiment": "none"
            },
            {
                "name": "usa",
                "sentiment": "none"
            },
            {
                "name": "arkansas",
                "sentiment": "none"
            },
            {
                "name": "western district of arkansas",
                "sentiment": "none"
            },
            {
                "name": "arkansa",
                "sentiment": "none"
            }
        ]
    },
    "rating": null,
    "crawled": "2024-06-07T00:23:47.352+03:00",
    "updated": "2024-06-14T06:52:04.185+03:00"
}