{
    "thread": {
        "uuid": "1336267afd6cc98fe6c7074df1e9bff07414d962",
        "url": "https://www.indybay.org/newsitems/2024/06/06/18867092.php",
        "site_full": "www.indybay.org",
        "site": "indybay.org",
        "site_section": "https://indybay.org/news/",
        "site_categories": [
            "media"
        ],
        "section_title": "San Francisco Bay Area Independent Media Center",
        "title": "San Jose: Peace Vigil - Ceasefire Now! No Weapons for Israel or Ukraine! : Indybay",
        "title_full": "San Jose: Peace Vigil - Ceasefire Now! No Weapons for Israel or Ukraine! : Indybay",
        "published": "2024-06-06T03:00:00.000+03:00",
        "replies_count": 0,
        "participants_count": 0,
        "site_type": "news",
        "country": "US",
        "main_image": "https://www.indybay.org/im/meta_event.png",
        "performance_score": 0,
        "domain_rank": 18953,
        "domain_rank_updated": "2024-06-04T13:08:15.000+03:00",
        "reach": null,
        "social": {
            "facebook": {
                "likes": 0,
                "comments": 0,
                "shares": 0
            },
            "gplus": {
                "shares": 0
            },
            "pinterest": {
                "shares": 0
            },
            "linkedin": {
                "shares": 0
            },
            "stumbledupon": {
                "shares": 0
            },
            "vk": {
                "shares": 0
            }
        }
    },
    "uuid": "1336267afd6cc98fe6c7074df1e9bff07414d962",
    "url": "https://www.indybay.org/newsitems/2024/06/06/18867092.php",
    "ord_in_thread": 0,
    "parent_url": null,
    "author": null,
    "published": "2024-06-06T03:00:00.000+03:00",
    "title": "San Jose: Peace Vigil - Ceasefire Now! No Weapons for Israel or Ukraine! : Indybay",
    "text": "From the Open-Publishing Calendar From the Open-Publishing Newswire Indybay Feature San Jose: Peace Vigil - Ceasefire Now! No Weapons for Israel or Ukraine! Date: Friday, June 14, 2024 Time: 5:00 PM - 6:00 PM Event Type: Vigil/Ritual Organizer/Author: Angela Location Details: in front of MLK Library 4th and San Fernando San Jose, CA 4th and San Fernando San Jose, CA We are on the corner of 4th and San Fernando Streets every Friday from 5 to 6pm. Join us to to take a stand in opposition to war and militarism and in solidarity with Black Lives Matter and all movements working for racial and economic justice. Bing your own signs or use one of ours! Bing your own signs or use one of ours! For more information: https://sanjosepeace.org/calendar/ Added to the calendar on Thu, Jun 6, 2024 1:29PM We are 100% volunteer and depend on your participation to sustain our efforts! Get Involved If you'd like to help with maintaining or developing the website, [contact us](/contact). Publish Publish [your stories](/publish.php) and [upcoming events](/calendar/event_add.php) on Indybay. Topics More Search Indybay's Archives [Advanced Search](/search/advanced_search.php) ► ▼ IMC Network",
    "highlightText": "",
    "highlightTitle": "",
    "highlightThreadTitle": "",
    "language": "english",
    "sentiment": "negative",
    "categories": [
        "War, Conflict and Unrest",
        "Politics",
        "Human Interest"
    ],
    "webz_reporter": false,
    "external_links": [
        "https://sanjosepeace.org/calendar/",
        "https://www.sanjosepeace.org/calendar/",
        "https://sanjosepeace.org/calendar"
    ],
    "external_images": [],
    "entities": {
        "persons": [
            {
                "name": "bing",
                "sentiment": "none"
            }
        ],
        "organizations": [],
        "locations": [
            {
                "name": "ukraine",
                "sentiment": "none"
            },
            {
                "name": "israel",
                "sentiment": "none"
            },
            {
                "name": "san jose",
                "sentiment": "none"
            },
            {
                "name": "san fernando san jose",
                "sentiment": "none"
            },
            {
                "name": "san fernando streets",
                "sentiment": "none"
            }
        ]
    },
    "rating": null,
    "crawled": "2024-06-07T00:12:26.585+03:00",
    "updated": "2024-06-07T00:12:26.585+03:00"
}