{
    "thread": {
        "uuid": "f6ea525a68217c0b17d4e906e73cc08624672433",
        "url": "https://www.emol.com/noticias/Economia/2024/06/06/1132985/presidenta-banco-central-tarifas-electricas.html",
        "site_full": "www.emol.com",
        "site": "emol.com",
        "site_section": "https://www.emol.com",
        "site_categories": [
            "media",
            "top_news"
        ],
        "section_title": "EMOL - El sitio de noticias online de Chile.",
        "title": "Presidenta del Banco Central advierte por el efecto del alza de las tarifas eléctricas en la inflación",
        "title_full": "Presidenta del Banco Central advierte por el efecto del alza de las tarifas eléctricas en la inflación",
        "published": "2024-06-06T20:20:00.000+03:00",
        "replies_count": 6,
        "participants_count": 7,
        "site_type": "news",
        "country": "CL",
        "main_image": "https://static.emol.cl/emol50/Fotos/2024/06/06/file_20240606153602.JPG",
        "performance_score": 0,
        "domain_rank": 10535,
        "domain_rank_updated": "2024-06-04T13:08:15.000+03:00",
        "reach": null,
        "social": {
            "facebook": {
                "likes": 0,
                "comments": 0,
                "shares": 0
            },
            "gplus": {
                "shares": 0
            },
            "pinterest": {
                "shares": 0
            },
            "linkedin": {
                "shares": 0
            },
            "stumbledupon": {
                "shares": 0
            },
            "vk": {
                "shares": 0
            }
        }
    },
    "uuid": "f6ea525a68217c0b17d4e906e73cc08624672433",
    "url": "https://www.emol.com/noticias/Economia/2024/06/06/1132985/presidenta-banco-central-tarifas-electricas.html",
    "ord_in_thread": 0,
    "parent_url": null,
    "author": "Tomás Molina J.",
    "published": "2024-06-06T20:20:00.000+03:00",
    "title": "Presidenta del Banco Central advierte por el efecto del alza de las tarifas eléctricas en la inflación",
    "text": "Sin aventurarse con proyecciones, la presidenta del Banco Central, Rosanna Costa , subrayó que la tarea para controlar la inflación en Chile no ha terminado, lo que ha sido uno sus principales mensajes en el último tiempo y que repitió esta mañana, en el marco de un seminario organizado por la Sofofa y la U. del Desarrollo.\n\"Nuevos vientos de la Economía 2024: ¿Cómo reativar la inversión?\", es como se bautizó al encuentro, en el que también participó el ministro de Hacienda, Mario Marcel. En la instancia, Costa abordó las perspectivas sobre la inflación, donde tocó algunos factores que causarán impacto en los próximos meses -ad portas de la presentación del Informe de Política Monetaria (IPoM) de junio- , como el alza de las tarifas eléctricas.\nEn esa líneam expuso que \"es importante considerar las implicancias de las alzas de las tarifas eléctricas que contempla la ley sobre estabilización tarifaria de fines de abril cuyo Informe Técnico Preliminar se puso en consulta por la Comisión Nacional de Energía el 23 de mayo\".\nCosta también llamó a poner atención a \" lo que ha pasado con los precios internacionales de los combustibles. Los precios del petróleo han ido disminuyendo desde mediados de abril, fecha desde la cual acumular un retroceso del orden de 15% si se considera el promedio de Brent y WTI\".\n\"En todo caso, estos niveles permanecen por encima de los de comienzos de año\", agregó.\nCon todo, la presidente del instituto emisor explicó que \"el reciente descenso se da en medio de preocupaciones en torno a la debilidad de la demanda por gasolina en Estados Unidos, aunque la situación geopolítica mundial continúa poniendo una nota de cautela sobre su trayectoria futura. Esto último no solo tiene impactos en los precios de las materias primas, sino también en los costos de transporte globales, que se ubican en valores más altos que hace un año, pero aún lejos de los máximos de años previos\".\nCon respecto al alza en el precio del cobre, que ha provocado que las proyecciones superen los US$4 la libra el promedio durante este y el próximo año, Costo señaló que \"cuán permanente sea este incremento es algo que debemos evaluar en detalle, dada su relevancia para nuestra economía. Un alza más duradera del cobre podría tener efectos importantes sobre el gasto interno, que trasciendan a otros rubros distintos de la minería, además del empuje que podría dar a las expectativas de los agentes\".\n\"Asimismo, los efectos sobre la inflación pueden diferir entre el corto y largo plazo, dependiendo de cuánto impulso adicional genere. Por lo pronto, esto ha impactado positivamente los términos de intercambio de Chile\", añadió.\nPor último, e independiente de todos estos factores, la economista manifestó que \"es útil examinar la capacidad de traspaso de precios a costos por parte de las empresas, algo en lo que también indaga el último Informe de Percepciones de Negocios\".\n\"Los resultados indican que el porcentaje de empresas que han podido traspasar las alzas de costos o que lo harán en lo venidero es un poco menor que hace seis meses. Según las entrevistas complementarias a esta encuesta, ello se debe principalmente a una demanda aún débil, lo que es coherente con cifras de alta frecuencia del comercio minorista\", cerró.",
    "highlightText": "",
    "highlightTitle": "",
    "highlightThreadTitle": "",
    "language": "spanish",
    "sentiment": "negative",
    "categories": [
        "Politics",
        "Economy, Business and Finance"
    ],
    "webz_reporter": false,
    "external_links": [
        "https://cooperativa.cl/noticias/pais/energia/generacionelectrica/senadodespachoproyectoqueprometebajarcuentasdeluzacasitres/20160531/194055.htmlLes",
        "https://www.cooperativa.cl/noticias/pais/energia/generacionelectrica/senadodespachoproyectoqueprometebajarcuentasdeluzacasitres/20160531/194055.htmlLes"
    ],
    "external_images": [],
    "entities": {
        "persons": [],
        "organizations": [],
        "locations": []
    },
    "rating": null,
    "crawled": "2024-06-07T00:17:31.770+03:00",
    "updated": "2024-06-07T00:17:31.770+03:00"
}