{
    "thread": {
        "uuid": "d467142ebbec1547bbbac84a4b2318edac0e84d8",
        "url": "https://www.lostiempos.com/actualidad/pais/20240606/rodriguez-no-podiamos-esperar-que-iluminado-del-ejecutivo-venga-resolver",
        "site_full": "www.lostiempos.com",
        "site": "lostiempos.com",
        "site_section": "http://www.lostiempos.com/rss/ultimas",
        "site_categories": [
            "media",
            "world_soccer",
            "sports"
        ],
        "section_title": "",
        "title": "Rodríguez: No podíamos esperar a que un iluminado del Ejecutivo venga a resolver esta crisis",
        "title_full": "Rodríguez: No podíamos esperar a que un iluminado del Ejecutivo venga a resolver esta crisis",
        "published": "2024-06-06T23:28:00.000+03:00",
        "replies_count": 0,
        "participants_count": 1,
        "site_type": "news",
        "country": "BO",
        "main_image": "https://www.lostiempos.com/sites/default/files/media_imagen/2024/6/6/37aefb24-3899-4482-84fe-f0f4992b2e6e.jpg",
        "performance_score": 0,
        "domain_rank": 31907,
        "domain_rank_updated": "2024-06-04T13:08:15.000+03:00",
        "reach": null,
        "social": {
            "facebook": {
                "likes": 0,
                "comments": 0,
                "shares": 0
            },
            "gplus": {
                "shares": 0
            },
            "pinterest": {
                "shares": 0
            },
            "linkedin": {
                "shares": 0
            },
            "stumbledupon": {
                "shares": 0
            },
            "vk": {
                "shares": 0
            }
        }
    },
    "uuid": "d467142ebbec1547bbbac84a4b2318edac0e84d8",
    "url": "https://www.lostiempos.com/actualidad/pais/20240606/rodriguez-no-podiamos-esperar-que-iluminado-del-ejecutivo-venga-resolver",
    "ord_in_thread": 0,
    "parent_url": null,
    "author": "nperedo",
    "published": "2024-06-06T23:28:00.000+03:00",
    "title": "Rodríguez: No podíamos esperar a que un iluminado del Ejecutivo venga a resolver esta crisis",
    "text": "Rodríguez: No podíamos esperar a que un iluminado del Ejecutivo venga a resolver esta crisis\nEl presidente del Senado y jefe interino de la Asamblea Legislativa Plurinacional (ALP), el evista Andrónico Rodríguez, aseguró, tras la polémica sesión de este jueves, que los legisladores cumplieron la ley y aprobaron una agenda que \"estaba inconclusa\".\n\"La ALP sufre una profunda y descontrolada crisis de institucionalidad, no hay desarrollo normal de Diputados y eso afecta al Senado y nosotros esperar que un iluminado del Órgano Ejecutivo venga a resolvernos, no podíamos esperar\", dijo Rodríguez.\nAfirmó que se hicieron varios esfuerzos y acuerdos para llevar adelante esta \"agenda inconclusa\" de leyes económicas, elecciones judiciales y otras, pero todos estos intentos fracasaron por \"decisión del Ejecutivo\".\n\"Hoy en la Asamblea lo único que hicimos en estricto cumplimiento a las atribuciones es haber cumplido esa agenda inconclusa\", dijo.\nAfirmó que \"esta Asamblea no está en contra del Ejecutivo\".\nHoy no es que ha ganado o a sido victoria de un partido o de mi persona, hoy ha sudo victoria de la democracia. Le pedimos al Ejecutivo que tome mayor atención a las preocupaciones del pueblo, la crisis económica, alza de precios, no estamos con el objetivo de desestabilizar o tumbar.\n\"Hemos aprobado esta agenda inconclusa que nos ha generado nuestro vicepresidente del Estado\", ratificó.\n\"Más allá de las diferencias políticas se debe encontrar el camino de consensos\", afirmó.\nDijo que si le vienen procesos judiciales se defenderá y que fue toda la ALP la que aprobó las normas.\nCalificó de \"histórica\" la sesión y dijo que espera que el Ejecutivo promulgue estas normativas.\n\"No es victoria de un partido o de mi persona, es victoria de la democracia\", dijo.",
    "highlightText": "",
    "highlightTitle": "",
    "highlightThreadTitle": "",
    "language": "spanish",
    "sentiment": "negative",
    "categories": [
        "Politics",
        "Social Issue"
    ],
    "webz_reporter": false,
    "external_links": [],
    "external_images": [],
    "entities": {
        "persons": [],
        "organizations": [],
        "locations": []
    },
    "rating": null,
    "crawled": "2024-06-07T00:24:24.006+03:00",
    "updated": "2024-06-07T00:24:24.006+03:00"
}