{
    "thread": {
        "uuid": "317a1784d3f197a4a5444573382448e2f902d666",
        "url": "https://www.reporteindigo.com/reporte/con-plan-c-de-morena-en-el-congreso-adios-a-plurinominales-y-organos-autonomos",
        "site_full": "www.reporteindigo.com",
        "site": "reporteindigo.com",
        "site_section": "https://reporteindigo.com",
        "site_categories": [
            "media",
            "top_news"
        ],
        "section_title": "Reporte Indigo - Reporte Índigo se publica de lunes a viernes en la CDMX, Guadalajara y Monterrey. Noticias, entrevistas, opinión, videos",
        "title": "Con “Plan C” de Morena en el Congreso: adiós a plurinominales y órganos autónomos",
        "title_full": "Con “Plan C” de Morena en el Congreso: adiós a plurinominales y órganos autónomos",
        "published": "2024-06-06T23:34:00.000+03:00",
        "replies_count": 0,
        "participants_count": 1,
        "site_type": "news",
        "country": "MX",
        "main_image": "https://images.reporteindigo.com/wp-content/uploads/2024/06/Con-Plan-C-de-Morena-en-el-Congreso-adios-a-plurinominales-y-organos-autonomos.jpg",
        "performance_score": 0,
        "domain_rank": 91585,
        "domain_rank_updated": "2024-06-04T13:08:26.000+03:00",
        "reach": null,
        "social": {
            "facebook": {
                "likes": 0,
                "comments": 0,
                "shares": 0
            },
            "gplus": {
                "shares": 0
            },
            "pinterest": {
                "shares": 0
            },
            "linkedin": {
                "shares": 0
            },
            "stumbledupon": {
                "shares": 0
            },
            "vk": {
                "shares": 0
            }
        }
    },
    "uuid": "317a1784d3f197a4a5444573382448e2f902d666",
    "url": "https://www.reporteindigo.com/reporte/con-plan-c-de-morena-en-el-congreso-adios-a-plurinominales-y-organos-autonomos",
    "ord_in_thread": 0,
    "parent_url": null,
    "author": "Yvonne Reyes",
    "published": "2024-06-06T23:34:00.000+03:00",
    "title": "Con “Plan C” de Morena en el Congreso: adiós a plurinominales y órganos autónomos",
    "text": "Con “Plan C” de Morena en el Congreso: adiós a plurinominales y órganos autónomos Morenistas, verdes y petistas prevén discutir y votar dichos proyectos en septiembre [Yvonne Reyes](https://www.reporteindigo.com/author/yvonne-reyes/) Dentro del Plan C de Morena y sus aliados del PT y del Partido Verde para la Sexagésima Sexta Legislatura del Congreso de la Unión, que iniciará el próximo 1 de septiembre, se encuentran la eliminación de las diputaciones y senadurías plurinominales, así como la desaparición de los organismos autónomos, como la Comisión Reguladora de Energía (CRE), la Comisión Federal de Competencia Económica (Cofece), el Instituto Federal de Telecomunicaciones (IFT) y el INAI. Al haber logrado en la Cámara de Diputados la mayoría calificada para aprobar sin ningún problema las [reformas constitucionales](https://www.reporteindigo.com/reporte/negociacion-y-consenso-las-claves-para-cualquier-reforma-constitucional/) del presidente Andrés Manuel López Obrador (AMLO), que no lograron salir en esta legislatura que está por fenecer, la bancada morenista se alista a aprobar, una ve que inicie el periodo de sesiones, la elección de magistrados, ministros y jueces por voto popular. Morena es mayoría en la Cámara de Diputados Además de la iniciativa del Ejecutivo para reconocer a la [Guardia Nacional](https://www.reporteindigo.com/reporte/la-ruta-de-la-guardia-nacional-tras-cinco-anos-seguridad-publica-derechos-humanos/) como fuerza armada permanente del Estado, integrada por personal “de origen militar con formación policial”, y trasladar su adscripción de la Secretaría de Seguridad a la Secretaría de la Defensa. Y es que Morena, PVEM y PT sumarían entre 346 y 380 curules en la Cámara de Diputados, superando el mínimo de 334 votos para aprobar cualquier reforma constitucional. Morena sin opositores De confirmarse esos números en el cómputo oficial, las nuevas bancadas de la llamada cuarta transformación tendrían allanado el camino para aprobar sin un solo voto opositor el paquete de 20 iniciativas de reformas presentadas por el presidente López Obrador el pasado 5 de febrero. En tal escenario, morenistas, verdes y petistas prevén discutir y votar dichos proyectos en septiembre, último mes de mandato de López Obrador, y una vez que diputados y senadores electos rindan protesta y asuman sus cargos.",
    "highlightText": "",
    "highlightTitle": "",
    "highlightThreadTitle": "",
    "language": "spanish",
    "sentiment": "negative",
    "categories": [
        "Politics"
    ],
    "webz_reporter": false,
    "external_links": [],
    "external_images": [],
    "entities": {
        "persons": [],
        "organizations": [],
        "locations": []
    },
    "rating": null,
    "crawled": "2024-06-07T00:05:05.141+03:00",
    "updated": "2024-06-07T00:05:05.141+03:00"
}