{
    "thread": {
        "uuid": "689a179b5e2483781873d10365c1dc7e82018620",
        "url": "https://www.goskagit.com/nixon-understood-what-trump-wont-acknowledge/article_08110a16-2443-11ef-9ceb-6fd1fe818d25.html",
        "site_full": "www.goskagit.com",
        "site": "goskagit.com",
        "site_section": "https://www.goskagit.com/search/?f=rss&amp",
        "site_categories": [
            "media"
        ],
        "section_title": "www.goskagit.com - RSS Results",
        "title": "Nixon understood what Trump won't acknowledge",
        "title_full": "Nixon understood what Trump won't acknowledge",
        "published": "2024-06-06T23:26:00.000+03:00",
        "replies_count": 0,
        "participants_count": 1,
        "site_type": "news",
        "country": "US",
        "main_image": "https://bloximages.chicago2.vip.townnews.com/goskagit.com/content/tncms/assets/v3/editorial/5/6a/56ae46de-2443-11ef-afb9-07ff2ae3a0c1/66621c094a84a.image.jpg?crop=1500%2C788%2C0%2C106&amp;resize=1200%2C630&amp;order=crop%2Cresize",
        "performance_score": 0,
        "domain_rank": 88952,
        "domain_rank_updated": "2024-06-04T13:08:26.000+03:00",
        "reach": null,
        "social": {
            "facebook": {
                "likes": 0,
                "comments": 0,
                "shares": 0
            },
            "gplus": {
                "shares": 0
            },
            "pinterest": {
                "shares": 0
            },
            "linkedin": {
                "shares": 0
            },
            "stumbledupon": {
                "shares": 0
            },
            "vk": {
                "shares": 0
            }
        }
    },
    "uuid": "689a179b5e2483781873d10365c1dc7e82018620",
    "url": "https://www.goskagit.com/nixon-understood-what-trump-wont-acknowledge/article_08110a16-2443-11ef-9ceb-6fd1fe818d25.html",
    "ord_in_thread": 0,
    "parent_url": null,
    "author": "Carl P. Leubsdorf The Dallas Morning News",
    "published": "2024-06-06T23:26:00.000+03:00",
    "title": "Nixon understood what Trump won't acknowledge",
    "text": "A half-century ago this August, a career congressman named Gerald Ford took the presidential oath in the White House East Room, proclaiming, “Our long national nightmare is over. Our Constitution works. Our republic is a government of laws, not of men.”\nFord was able to preside over an unexpectedly smooth transfer of power, marking the end of the two-year Watergate scandal, in large part because his disgraced predecessor, Richard Nixon, respected the institutions of government that produced his downfall and tearfully accepted their verdict.\nkAmqFE E96 EC2?D:E:@? H2D 72C >@C6 7C2F89E H:E9 A6C:= H96? y@6 q:56?[ 2?@E96C 42C66C =2H>2<6C[ E@@< 9:D AC6D:56?E:2= @2E9 :? a_a` 2>:5 2? 6G6? 8C62E6C E6DE @7 E96 ?2E:@?’D 4@?DE:EFE:@?2= F?56CA:??:?8D 2?5[ :? =2?8F286 2<:? E@ u@C5’D[ 564=2C65[ “p>6C:42 92D 366? E6DE65 2?6H 2?5 p>6C:42 92D C:D6? E@ E96 492==6?86]”k^Am\nkAmx? 724E[ E92E 492==6?86 E@ p>6C:42? 56>@4C24J C6>2:?D @?8@:?8 3642FD6 s@?2=5 %CF>A[ F?=:<6 }:I@?[ 92D C67FD65 E@ E9:D 52J E@ C6DA64E E96 4@?DE:EFE:@?2= AC@465FC6D — 2 7C66 2?5 @A6? 6=64E:@? — E92E 6?565 9:D AC6D:56?4J]k^Am\nkAmx?DE625[ 96 92D DA6?E >@C6 E92? E9C66 J62CD :?244FC2E6=J 2?5 5:D9@?6DE=J A6CDF25:?8 >:==:@?D @7 DFAA@CE6CD 2?5 :?E:>:52E:?8 E:>:5 v~! =6256CD E@ 36=:6G6 q:56?’D G:4E@CJ H2D D@>69@H E2:?E65] tG6? >@C6 F?7@CEF?2E6=J[ 96 :D D66<:?8 2 C6EFC? E@ A@H6C — 2?5 >2J 86E :E — @? 2 A=2E7@C> @7 G6?862?46 282:?DE 2== H9@ 4@F?E65 9:> @FE @C =2F?4965 E96 AC@4665:?8D E92E =65 E@ gg DE2E6 2?5 7656C2= 76=@?J :?5:4E>6?ED 282:?DE 9:>]k^Am\nkAm%9@D6 EH@ 4@?EC2DE:?8 6I2>A=6D 42>6 E@ >:?5 H96? %CF>A[ ?@E 7@C E96 7:CDE E:>6[ >256 4=62C 9@H >F49 96 5:DC6DA64ED @FC ?2E:@?’D =682= AC@46DD6D :? 4@?56>?:?8 E96 bc 76=@?J 4@?G:4E:@?D :? 9:D }6H *@C< 9FD9 >@?6J EC:2=[ E96 5:DEC:4E 2EE@C?6J H9@ 3C@F89E E96 492C86D 2?5 E96 ;F586 H9@ AC6D:565 @G6C E96 AC@4665:?8D]k^Am\nkAm“%96D6 2C6 325 A6@A=6[” E96 7@C>6C AC6D:56?E D2:5 :? H92E H2D 3:==65 2D 2 AC6DD 4@?76C6?46 3FE EFC?65 :?E@ 2 EJA:42= %CF>A C2?E] yF586 yF2? |6C492?[ 96 D2:5[ “=@@<D =:<6 2? 2?86=[ 3FE 96’D C62==J 2 56G:=]”k^Am\nkAmw6 4@?4=F565[ 282:? :?244FC2E6=J[ “%9:D :D 2== 5@?6 3J q:56? 2?5 9:D A6@A=6[” 72=D6=J 3=2>:?8 E96 AC6D:56?E 2?5 yFDE:46 s6A2CE>6?E 7@C 2 AC@D64FE:@? E92E[ :? 724E[ H2D 3C@F89E 3J E96 6=64E65 5:DEC:4E 2EE@C?6J @7 }6H *@C< r@F?EJ]k^Am\nkAmp?5 FD:?8 H@C5D E92E H6C6 72C ECF6C E92? 96 >:89E 92G6 C62=:K65[ %CF>A D2:5[ “%9:D :D 2 42D6 H96C6 :7 E96J 42? 5@ E9:D E@ >6[ E96J 42? 5@ E9:D E@ 2?J@?6]” w6 925 :E 324<H2C5] pD q:56? AFE :E =2E6C E92E 52J :? 9:D 7:CDE 4@>>6?ED @? E96 G6C5:4Ei “%96 p>6C:42? AC:?4:A=6 E92E ?@ @?6 :D 23@G6 E96 =2H H2D C6277:C>65]”k^Am\nkAmx? C646?E J62CD[ >2?J A6@A=6 92G6 2D<65 >6[ 2D 2 ;@FC?2=:DE H9@ 4@G6C65 E96 $6?2E6 5FC:?8 E96 (2E6C82E6 6C2[ E@ 4@>A2C6 E96 EH@ AC6D:56?ED H9@D6 7=@FE:?8 @7 E96 AC@AC:6E2C:6D 2?5 E96 =2HD 42F89E FA H:E9 E96>[ }:I@? G:2 E96 :>A6249>6?E AC@46DD 2?5 %CF>A E9C@F89 E96 4C:>:?2= AC@46DD]k^Am\nkAm%96:C 42D6D 2C6[ @7 4@FCD6[ ?@E AC64:D6=J A2C2==6=] %96 :?DE:EFE:@?D @7 8@G6C?>6?E C6?56C65 2 7:?2= ;F58>6?E @? }:I@?[ H9:49 >256 :E :>A@DD:3=6 7@C 9:> E@ C6>2:? 2D AC6D:56?E] %96 ?2E:@?’D G@E6CD C6?56C65 @?6 ;F58>6?E @? %CF>A’D AC6D:56?4J 2?5 @?6 @7 :ED ;F5:4:2= :?DE:EFE:@?D 2?@E96C[ 3@E9 @7 H9:49 96 >:89E DE:== 36 23=6 E@ A@=:E:42==J 2?5 =682==J C6G6CD6]k^Am\nkAmqFE :E :D 92C5 E@ :>28:?6 %CF>A 6G6C D2J:?8 2?JE9:?8 =:<6 E96 H@C5D }:I@? FD65 ?62C=J d_ J62CD 28@ H96? 96 3@H65 E@ E96 :?6G:E23=6 2?5 C6D:8?65[ ?@E:?8 96 ?@ =@?86C 925 E96 G@E6D E@ AC6G6?E :>A6249>6?E :? E96 w@FD6 2?5 4@?G:4E:@? :? E96 $6?2E6]k^Am\nkAmx? 9:D @77:4:2= 72C6H6== DA6649 E@ E96 ?2E:@?[ 96 D2:5 96 H2D 24E:?8 E@ 92DE6? “E96 DE2CE @7 E92E AC@46DD @7 962=:?8 H9:49 :D D@ 56DA6C2E6=J ?66565 :? p>6C:42[” 564=2C:?8 E92E “:7 D@>6 @7 >J ;F58>6?ED H6C6 HC@?8[ 2?5 D@>6 H6C6 HC@?8[ E96J H6C6 >256 :? H92E x 36=:6G65 2E E96 E:>6 E@ 36 E96 36DE :?E6C6DE @7 E96 }2E:@?]”k^Am\nkAm%96?[ :? 2 D64@?5[ >@C6 A6CD@?2= DA6649 E96 ?6IE >@C?:?8[ 2 E62C7F= (9:E6 w@FD6 72C6H6== E@ 7C:6?5D[ DFAA@CE6CD[ DE2776CD 2?5 72>:=J >6>36CD[ 96 3=2>65 9:>D6=7] “p=H2JD C6>6>36C[ @E96CD >2J 92E6 J@F[ 3FE E9@D6 H9@ 92E6 J@F 5@?VE H:? F?=6DD J@F 92E6 E96>[ 2?5 E96? J@F 56DEC@J J@FCD6=7]” }:I@? D2:5]k^Am\nkAm%92E :D 2 =6DD@? %CF>A 92D ?@E J6E 7F==J =62C?65[ E92E >F49 @7 H92E 96 C2:=D 282:?DE H2D 3C@F89E @? ?@E 3J 9:D 6?6>:6D 3FE 3J 9:D @H? 68@ 2?5 9:D 5:DC6DA64E @7 E96 ?2E:@?’D =2HD 2?5 A@=:E:42= AC@AC:6E:6D — 2?5 E92E 9:D >62?D @7 562=:?8 H:E9 :E >2J ?@E 249:6G6 E96 C6DF=E 96 4=2:>D E@ D66<]k^Am\nkAmx?5665[ 2D E96 4@?EC2DE 36EH66? %CF>A’D C624E:@? E@ 9:D 4@?G:4E:@? 2?5 }:I@?’D C624E:@? E@ 9:D 7@C465 C6D:8?2E:@? >2<6D 4=62C[ %CF>A 92D D9@H? 3J H@C5 2?5 5665 E92E 96 5:DC6DA64ED E96 =682= 2?5 E96 4@?DE:EFE:@?2= AC@46DD — :7 96 ECF=J F?56CDE2?5D :E] }:I@?[ 6G6? H9:=6 C6D:DE:?8 2?5 7:89E:?8 :E[ D9@H65 F=E:>2E6=J 96 C6DA64E65 :E]k^Am\nkAm%92E :D H9J E96 }:I@?\\u@C5 EC2?D:E:@? H6?E D@ D>@@E9=J 2?5 E96 %CF>A\\q:56? @?6 5:5?’E] p?5 :E :D H9J E96 7@CE94@>:?8 6=64E:@? 4@F=5 C6DF=E :? 2? 6G6? 8C62E6C E9C62E E@ @FC 56>@4C2E:4 AC@46DD6D D9@F=5 %CF>A 282:? 36 56762E65 2?5[ 2D 96 92D 2=C625J DF886DE65[ 282:? 492==6?86 E96 C6DF=E]k^Am\nkAmxC@?:42==J[ E96 724E E92E 96 D66>D =:<6=J E@ DA6?5 E96 ?6IE 7:G6 >@?E9D C2:=:?8 282:?DE 9:D 4@?G:4E:@?[ E96 4@FCED[ E96 q:56? AC6D:56?4J 2?5 E96 F?72:C?6DD @7 :E :D 2== — :?DE625 @7 @776C:?8 2 A@D:E:G6 G:D:@? 7@C E96 J62CD 29625 — >2J F=E:>2E6=J AC@G6 564:D:G6 :? 56E6C>:?:?8 E92E C6DF=E]k^Am\nkAmkDEC@?8mr2C= !] {6F3D5@C7k^DEC@?8m :D E96 7@C>6C (2D9:?8E@? 3FC62F 49:67 @7 E96 s2==2D |@C?:?8 }6HD] #6256CD >2J HC:E6 E@ 9:> G:2 6>2:= 2E k2 9C67lQ>2:=E@i42C=]A]=6F3D5@C7o8>2:=]4@>Qm42C=]A]=6F3D5@C7o8>2:=]4@>k^2m]k^Am",
    "highlightText": "",
    "highlightTitle": "",
    "highlightThreadTitle": "",
    "language": "english",
    "sentiment": "negative",
    "categories": [
        "Politics"
    ],
    "webz_reporter": false,
    "external_links": [],
    "external_images": [],
    "entities": {
        "persons": [
            {
                "name": "trump",
                "sentiment": "neutral"
            },
            {
                "name": "nixon",
                "sentiment": "neutral"
            },
            {
                "name": "gerald ford",
                "sentiment": "neutral"
            },
            {
                "name": "richard nixon",
                "sentiment": "none"
            }
        ],
        "organizations": [
            {
                "name": "ford",
                "sentiment": "none"
            }
        ],
        "locations": [
            {
                "name": "white house east room",
                "sentiment": "none"
            }
        ]
    },
    "rating": null,
    "crawled": "2024-06-07T00:01:11.110+03:00",
    "updated": "2024-06-07T00:01:11.110+03:00"
}