{
    "thread": {
        "uuid": "062dfc5be4ee16ab0ae66a6b9fb1e40fffc3f191",
        "url": "https://www.yogonet.com/latinoamerica/noticias/2024/06/06/99437-avanza-una-iniciativa-para-combatir-la-ludopatia-en-salta-mientras-el-gobierno-provincial-advierte-sobre-la-problematica",
        "site_full": "www.yogonet.com",
        "site": "yogonet.com",
        "site_section": "https://jocprivat.com/component/banners/click/4",
        "site_categories": [
            "hobbies_and_interests"
        ],
        "section_title": "Yogonet | Noticias de Casinos y Juego Online. América Latina",
        "title": "Avanza una iniciativa para combatir la ludopatía en Salta mientras el Gobierno provincial advierte sobre la problemática | Yogonet Latinoamérica",
        "title_full": "Avanza una iniciativa para combatir la ludopatía en Salta mientras el Gobierno provincial advierte sobre la problemática | Yogonet Latinoamérica",
        "published": "2024-06-06T03:00:00.000+03:00",
        "replies_count": 0,
        "participants_count": 1,
        "site_type": "news",
        "country": "US",
        "main_image": "https://imagenesyogonet.b-cdn.net/data/imagenes/2024/06/05/64891/1717600030-camara-diputados-provincia-salta.jpg",
        "performance_score": 0,
        "domain_rank": 77166,
        "domain_rank_updated": "2024-06-04T13:08:20.000+03:00",
        "reach": null,
        "social": {
            "facebook": {
                "likes": 0,
                "comments": 0,
                "shares": 0
            },
            "gplus": {
                "shares": 0
            },
            "pinterest": {
                "shares": 0
            },
            "linkedin": {
                "shares": 0
            },
            "stumbledupon": {
                "shares": 0
            },
            "vk": {
                "shares": 0
            }
        }
    },
    "uuid": "062dfc5be4ee16ab0ae66a6b9fb1e40fffc3f191",
    "url": "https://www.yogonet.com/latinoamerica/noticias/2024/06/06/99437-avanza-una-iniciativa-para-combatir-la-ludopatia-en-salta-mientras-el-gobierno-provincial-advierte-sobre-la-problematica",
    "ord_in_thread": 0,
    "parent_url": null,
    "author": "Yogonet",
    "published": "2024-06-06T03:00:00.000+03:00",
    "title": "Avanza una iniciativa para combatir la ludopatía en Salta mientras el Gobierno provincial advierte sobre la problemática | Yogonet Latinoamérica",
    "text": "La Cámara de Diputados de Salta dio media sanción a un proyecto de ley que establece que el Gobierno provincial deberá implementar acciones de visualización, concientización y prevención del juego problemático destinadas a niñas, niños y adolescentes. La iniciativa prevé campañas estratégicas destinadas a prevenir los riesgos del juego y las apuestas online que deberán ser ejecutadas, en forma periódica, en todos los niveles de los establecimientos educativos de gestión estatal y privada y en espacios públicos, eventos deportivos, musicales, artísticos y culturales de concurrencia de niñas, niños y adolescentes. A su vez, se deberán difundir acciones preventivas dirigidas a padres, madres y tutores tales como la habilitación de filtros para menores en los dispositivos digitales, incorporación de controles parentales, limitar uso de chats en los dispositivos, control del tiempo de uso de los dispositivos. También se prevé la articulación de jornadas pedagógicas en los establecimientos educativos con la finalidad de reconocer la problemática de la adicción al juego y las apuestas en línea, así como la capacitación de docentes. Asimismo, se incorpora un artículo en el Código Contravencional de la Provincia – Ley Nº 7135, que establece que “será sancionado con multa de hasta 120 días, quien produzca, difunda o promocione publicidad de juegos de azar, apuestas y pronósticos deportivos dirigida a personas menores de 18 años, a través de Internet, plataformas de medios o redes sociales, cartelería en la vía pública o en espacios privados de uso público, medios de difusión gráfica y audiovisual, en eventos deportivos, indumentaria utilizada por deportistas y cualquier medio de información o comunicación”. En este sentido, el diputado Edgard Domínguez, uno de los autores de la propuesta, manifestó que la ludopatía “es una problemática social que afecta cada vez más la salud mental y la vida de niños y jóvenes de distintos puntos de nuestra provincia”. “Es un tema que nos preocupa a todos, nuestros niños y jóvenes están jugando compulsivamente en línea, apostando en las plataformas virtuales”, señaló el legislador. Edgard Domínguez “Son comportamientos que se deben prevenir, comportamientos que destruyen el tejido social. Soy docente, lo veo de cerca, hay chicos que se juntan y apuestan. Está en riesgo su presente y futuro”, añadió. Consultado por un medio local sobre la manera en que se implementará la campaña de prevención afirmó: \"Hay que utilizar el mismo mecanismo que usan estas casas [de apuestas], que son los youtubers e influencers, con gente influyente del segmento de su población. Así como ellos pueden apostar en clases, recreo, jugando, de esa manera hay que llegar a todos esos espacios para contrarrestar\". El proyecto que unificó propuestas de autoría de los diputados Edgar Domínguez, Carlos Jorge, Patricio Peñalba, Mónica Juárez, Bernardo Biella, Cristina Frisoli, y el senador Manuel Pailler, fue aprobado por unanimidad y pasó al Senado en revisión. La Secretaría de Salud Mental y Adicciones, del Ministerio de Salud de la provincia, advirtió sobre la proliferación de consumos problemáticos que no están relacionados con el uso de drogas. “La compulsión al juego, con apuestas de dinero, es uno de ellos”, destacaron. Martín Teruel En esta línea, informaron que la proliferación de sitios de apuestas online comenzó a afectar a una población cada vez mayor de adolescentes y jóvenes, pero remarcaron que la provincia de Salta cuenta con dispositivos para tratamientos especializados. “Es necesario alertar sobre esta problemática para que aquellas personas que la sufren, y también sus familiares, puedan acercarse a consultar y recibir la atención profesional que convenga a cada caso”, sostuvo el titular del área, Martín Teruel. “Sin embargo, los índices de consulta por compulsión al juego siguen siendo muy bajos en los servicios especializados de adicciones”, comentó. El funcionario explicó que el juego patológico es un comportamiento compulsivo que se caracteriza por el fracaso crónico de los intentos de resistir los impulsos de jugar apostando dinero. “Las personas con este problema suelen presentar síntomas comportamentales semejantes a las que padecen consumos problemáticos de drogas. Estas conductas muchas veces llevan al deterioro de relaciones significativas y a poner en riesgo el empleo y las actividades académicas o profesionales”, agregó Teruel.",
    "highlightText": "",
    "highlightTitle": "",
    "highlightThreadTitle": "",
    "language": "spanish",
    "sentiment": "negative",
    "categories": [
        "Social Issue",
        "Health",
        "Politics"
    ],
    "webz_reporter": false,
    "external_links": [],
    "external_images": [],
    "entities": {
        "persons": [],
        "organizations": [],
        "locations": []
    },
    "rating": null,
    "crawled": "2024-06-07T00:45:09.908+03:00",
    "updated": "2024-06-07T00:45:09.908+03:00"
}