{
    "thread": {
        "uuid": "cdf0efac6fc6b87ccc0326b5ab195858eb3e7d99",
        "url": "https://www.world-today-news.com/turkey-erdogan-desires-to-alter-the-structure-how-is-he-pressuring-the-kurds-2024-06-06-163803",
        "site_full": "www.world-today-news.com",
        "site": "world-today-news.com",
        "site_section": "https://www.world-today-news.com/category/news/",
        "site_categories": [
            "media"
        ],
        "section_title": null,
        "title": "Turkey: Erdoğan desires to alter the Structure – How is he pressuring the Kurds? – 2024-06-06 16:38:03",
        "title_full": "Turkey: Erdoğan desires to alter the Structure – How is he pressuring the Kurds? – 2024-06-06 16:38:03",
        "published": "2024-06-06T17:38:00.000+03:00",
        "replies_count": 0,
        "participants_count": 1,
        "site_type": "news",
        "country": "DE",
        "main_image": "",
        "performance_score": 0,
        "domain_rank": 27932,
        "domain_rank_updated": "2024-06-04T13:08:15.000+03:00",
        "reach": null,
        "social": {
            "facebook": {
                "likes": 0,
                "comments": 0,
                "shares": 0
            },
            "gplus": {
                "shares": 0
            },
            "pinterest": {
                "shares": 0
            },
            "linkedin": {
                "shares": 0
            },
            "stumbledupon": {
                "shares": 0
            },
            "vk": {
                "shares": 0
            }
        }
    },
    "uuid": "cdf0efac6fc6b87ccc0326b5ab195858eb3e7d99",
    "url": "https://www.world-today-news.com/turkey-erdogan-desires-to-alter-the-structure-how-is-he-pressuring-the-kurds-2024-06-06-163803",
    "ord_in_thread": 0,
    "parent_url": null,
    "author": "world today news",
    "published": "2024-06-06T17:38:00.000+03:00",
    "title": "Turkey: Erdoğan desires to alter the Structure – How is he pressuring the Kurds? – 2024-06-06 16:38:03",
    "text": "“The subsequent few days will probably be very tense in Turkey, with potential unrest within the streets, as occurred within the Parliament. President Erdogan’s purpose of a brand new Structure, underneath the brand new circumstances, won’t have any help from the Kurds.” predicts, chatting with Vima, the Turkish analyst and tutorial, Doan Tillits.\nA day earlier (5/6), the Turkish Nationwide Meeting as soon as once more become a hoop when MPs from the Folks’s Democracy and Equality Celebration (DEM), a spin-off of the pro-Kurdish HDP, protested in entrance of the seat, carrying placards, calling for the ouster of the elected with the DEM of the mayor of Hakari, Mehmet Akis, who, two months after his election, was arrested on costs of membership within the PKK. Instantly MPs from the ruling Justice and Growth Celebration (AKP) reacted, waving and destroying the posters.\nTurkish President Recep Tayyip Erdogan has been making an attempt for greater than a decade to alter the nation’s Structure, which has been in drive since 1982 (and is a product of Evren’s army junta). Since then there have been 20 constitutional amendments – crucial being the one in 2017 that changed the parliamentary system with a presidential one – however the Turkish president now desires to alter the Structure. To ensure that it to succeed, 400 deputies (out of a complete of 600) should ratify the brand new draft Structure with their vote in Parliament. If at the least 360 MPs vote for it, the draft Structure will probably be determined in a referendum by the Turkish folks.\n“It’s potential that Erdogan desires to create extra tensions” “It appears that evidently the federal government has not realized a lesson from the municipal elections. He blatantly violates the Structure and current legal guidelines, ignoring the need of the folks, appointing directors from the previous rather than legally elected ones and persevering with the fascist alliance with Bakhtseli” is the remark made in Vima by Sezai Temeli, one of many deputies of the Celebration of Democracy and Equality of Peoples and former co-chairman of the HDP, who unexpectedly discovered himself within the place of attacking the Nationwide Meeting. Nevertheless, declaring a vital distinction from the previous: “The opposition (the Republican Folks’s Celebration – CHP) is not silent. It reveals us solidarity.”\n“Turkish politics slips once more into the sphere of uncertainty” provides Temeli. “There are “cracks” within the AKP and an important social response in opposition to the federal government, particularly as a result of financial disaster”. “The AKP authorities, by deposing the elected mayor, first seeks to consolidate its alliance with Bakhtseli’s Nationalist Motion Celebration” is the interpretation he offers of the developments, chatting with Vima, the vp of the CHP, Ilhan Uzgel. “Moreover, the federal government is placing strain on the DEM celebration, displaying that it even has the facility and can to take away any of its members at any time.” .\nThe official opposition celebration, CHP, the good triumphant of the current native elections, which instantly after the removing of the mayor of Hakari (in south-eastern Turkey) “despatched a bunch of attorneys, a few of whom are its MPs”, (as “it’s a matter of state of regulation, past personalities and political events”), is at the moment “pushing for the de-escalation and normalization of the polarized Turkish political system”, underlines the CHP vice-president. On this line, Uzgel provides, the post-election assembly of CHP chief Ozgur Özel with the Turkish president, whom he then invited to CHP headquarters, had additionally taken place.\n“Nevertheless, it’s potential that Erdogan desires to create extra tensions” he provides. “Many within the nation consider that political normalization is finally not potential and confrontation is critical. The CHP doesn’t share that.”\nThe subsequent steps “Political pressure appears to be rising once more” estimates the Turkish analyst and head of the Ideapolitik Institute suppose tank, Ali Tirali. “Erdoğan’s assembly with Özel was optimistic. However it isn’t sufficient. Erdogan is a pragmatist and doesn’t wish to lose the alliance with Bakhceli. As well as, as we speak (ss: Tuesday) the Constitutional Court docket annulled two legal guidelines, which must be rewritten throughout the subsequent 12 months” Tirali factors out. “One considerations the appointment of college chancellors, the opposite the alleged removing of the governor of the Central Financial institution with out his time period having expired. We look ahead to seeing the brand new legal guidelines. Will they be executed with the MHP or with the opposition events?”\n“Clearly, the removing of the mayor of Hakari proves one factor. That the federal government has no intention of fixing its coverage in the direction of the Kurds after the March 31 elections.” continues, Doan Tillich. “Within the 2019 municipal elections, the Kurds received about 60 municipalities and in 48 of them the mayors had been changed by directors – in truth, a number of of the elected had been despatched to jail” the Turkish analyst reminds us. “On March 31, DEM received again all these municipalities. However most likely the federal government will begin the same pogrom. After Hakari, we may even see him eradicating different mayors as effectively” Tillich continues. “It will improve political pressure and additional polarize the Kurds and the AKP” .\nThe distinction that our interlocutor finds from 2019, agreeing with the previous HDP co-chairman, is that as we speak “CHP strongly opposes removing of Kurdish mayors and sides with DEM” .\n#Turkey #Erdoğan #change #Structure #pressuring #Kurds",
    "highlightText": "",
    "highlightTitle": "",
    "highlightThreadTitle": "",
    "language": "english",
    "sentiment": "negative",
    "categories": [
        "Politics",
        "Social Issue"
    ],
    "webz_reporter": false,
    "external_links": [],
    "external_images": [],
    "entities": {
        "persons": [
            {
                "name": "mehmet akis",
                "sentiment": "none"
            },
            {
                "name": "erdogan",
                "sentiment": "none"
            },
            {
                "name": "evren",
                "sentiment": "none"
            },
            {
                "name": "doan tillits",
                "sentiment": "none"
            },
            {
                "name": "recep tayyip erdogan",
                "sentiment": "none"
            },
            {
                "name": "vima",
                "sentiment": "none"
            }
        ],
        "organizations": [
            {
                "name": "justice",
                "sentiment": "none"
            },
            {
                "name": "pkk",
                "sentiment": "none"
            },
            {
                "name": "parliament",
                "sentiment": "none"
            }
        ],
        "locations": [
            {
                "name": "turkey",
                "sentiment": "none"
            },
            {
                "name": "hakari",
                "sentiment": "none"
            }
        ]
    },
    "rating": null,
    "crawled": "2024-06-07T00:02:22.814+03:00",
    "updated": "2024-06-07T00:02:22.814+03:00"
}