{
    "thread": {
        "uuid": "4ed1a3eef28ce4a65232f5fc9894f72929f4628b",
        "url": "https://gestion.pe/peru/funcionario-que-recorte-sueldo-recibiria-hasta-8-anos-prision-advierte-poder-judicial-congreso-caso-mochasueldo-noticia",
        "site_full": "gestion.pe",
        "site": "gestion.pe",
        "site_section": "https://gestion.pe/arcio/rss/category/peru/?ref=gesr",
        "site_categories": [
            "media",
            "top_news"
        ],
        "section_title": "Diario Gestión",
        "title": "Funcionario que recorte sueldo recibiría hasta 8 años prisión, advierte Poder Judicial",
        "title_full": "Funcionario que recorte sueldo recibiría hasta 8 años prisión, advierte Poder Judicial",
        "published": "2024-06-06T23:03:00.000+03:00",
        "replies_count": 0,
        "participants_count": 1,
        "site_type": "news",
        "country": "PE",
        "main_image": "https://gestion.pe/resizer/3YH1nAULMiQT97xska3m2qAaFrA=/980x528/smart/filters:format(jpeg):quality(75)/cloudfront-us-east-1.images.arcpublishing.com/elcomercio/33HO5QV7MZBOTG7VQTRPBQRU4E.jpg",
        "performance_score": 0,
        "domain_rank": 16990,
        "domain_rank_updated": "2024-06-04T13:08:15.000+03:00",
        "reach": null,
        "social": {
            "facebook": {
                "likes": 0,
                "comments": 0,
                "shares": 0
            },
            "gplus": {
                "shares": 0
            },
            "pinterest": {
                "shares": 0
            },
            "linkedin": {
                "shares": 0
            },
            "stumbledupon": {
                "shares": 0
            },
            "vk": {
                "shares": 0
            }
        }
    },
    "uuid": "4ed1a3eef28ce4a65232f5fc9894f72929f4628b",
    "url": "https://gestion.pe/peru/funcionario-que-recorte-sueldo-recibiria-hasta-8-anos-prision-advierte-poder-judicial-congreso-caso-mochasueldo-noticia",
    "ord_in_thread": 0,
    "parent_url": null,
    "author": "Redacción Gestión",
    "published": "2024-06-06T23:03:00.000+03:00",
    "title": "Funcionario que recorte sueldo recibiría hasta 8 años prisión, advierte Poder Judicial",
    "text": "Los [funcionarios públicos](https://gestion.pe/peru/politica/congreso-blinda-a-maria-cordero-jon-tay-y-la-salva-de-la-inhabilitacion-mochasueldos-noticia/) que abusan de su cargo y obliguen a un trabajador a otorgarle a él o a un tercero, un bien o cualquier beneficio patrimonial indebido, estarán cometiendo un [delito de concusión](https://gestion.pe/peru/politica/comision-de-etica-aprueba-abrir-investigacion-contra-darwin-espinoza-y-kira-alcarraz-noticia/) y podrían ser condenados de dos a ocho años de prisión efectiva; así lo informó el juez supremo provisional Ricardo Brousset Salas. “Este delito se produce cuando el [empleado público](https://gestion.pe/peru/politica/comision-de-etica-aprueba-abrir-investigacion-contra-darwin-espinoza-y-kira-alcarraz-noticia/), abusando de su cargo, obliga, induce o hace prometer a una persona otorgar a él o a una tercera persona un bien o cualquier beneficio patrimonial, entiéndase, indebido”, expresó. Además, resaltó que esta falta es un delito contra la administración pública, por lo que quienes pueden cometerlo son solo los [funcionarios o servidores públicos](https://gestion.pe/peru/politica/congreso-da-marcha-atras-y-aprueba-levantar-la-inmunidad-a-maria-cordero-jon-tay-mochasueldos-noticia/). LEA TAMBIÉN: [Congreso da marcha atrás y aprueba levantar la inmunidad a María Cordero Jon Tay] Aparte de recibir una pena de cárcel, el magistrado mencionó que los responsables deberán pagar una pena de 180 a 365 días de multa (un porcentaje de la remuneración diaria del imputado). “Como es un [delito contra la administración pública](https://gestion.pe/peru/politica/congreso-da-marcha-atras-y-aprueba-levantar-la-inmunidad-a-maria-cordero-jon-tay-mochasueldos-noticia/), también tiene la pena de inhabilitación en el cargo, este delito no tiene agravantes”, refirió. La aplicación de la pena por este delito tiene diferentes factores: “Las penas mínimas son para concusiones que deben entenderse como menos graves. Se conmina atendiendo si se dan circunstancias que agraven como montos altos, que afecten a una pluralidad de personas o que sea un alto funcionario público”. LEA TAMBIÉN: [Comisión de Ética aprueba abrir investigación contra Darwin Espinoza y Kira Alcarraz] El juez recordó que en el Parlamento hubo congresistas que abusaron de su cargo y contrataron empleados para su despacho, a los que les obligan a entregarles una [cantidad de sueldo](https://gestion.pe/peru/politica/congreso-blinda-a-maria-cordero-jon-tay-y-la-salva-de-la-inhabilitacion-mochasueldos-noticia/) para contratar a otro personal y tener dos trabajadores con un mismo sueldo: “En ese caso sería concusión en favor de tercero o para sí mismo”. Comienza a destacar en el mundo empresarial recibiendo las noticias más exclusivas del día en tu bandeja [Aquí]. Si aún no tienes una cuenta, [Regístrate gratis]y sé parte de nuestra comunidad.",
    "highlightText": "",
    "highlightTitle": "",
    "highlightThreadTitle": "",
    "language": "spanish",
    "sentiment": "negative",
    "categories": [
        "Social Issue",
        "Politics",
        "Crime, Law and Justice"
    ],
    "webz_reporter": false,
    "external_links": [],
    "external_images": [],
    "entities": {
        "persons": [],
        "organizations": [],
        "locations": []
    },
    "rating": null,
    "crawled": "2024-06-07T00:03:31.454+03:00",
    "updated": "2024-06-07T03:17:31.741+03:00"
}