{
    "thread": {
        "uuid": "1d04a07c3fdff1ec891eb8f8e9a500b360f68b67",
        "url": "https://www.lasicilia.it/ultimi-aggiornamenti/poverta-boccia-social-card-elemosina-elettorale-offendono-chi-ha-bisogno-2164494",
        "site_full": "www.lasicilia.it",
        "site": "lasicilia.it",
        "site_section": "https://www.lasicilia.it/agenzia/",
        "site_categories": [
            "media",
            "top_news"
        ],
        "section_title": null,
        "title": "Povertà: Boccia, ‘social card elemosina elettorale, offendono chi ha bisogno’",
        "title_full": "Povertà: Boccia, ‘social card elemosina elettorale, offendono chi ha bisogno’",
        "published": "2024-06-06T17:20:00.000+03:00",
        "replies_count": 0,
        "participants_count": 1,
        "site_type": "news",
        "country": "IT",
        "main_image": "",
        "performance_score": 0,
        "domain_rank": 70874,
        "domain_rank_updated": "2024-06-04T13:08:20.000+03:00",
        "reach": null,
        "social": {
            "facebook": {
                "likes": 0,
                "comments": 0,
                "shares": 0
            },
            "gplus": {
                "shares": 0
            },
            "pinterest": {
                "shares": 0
            },
            "linkedin": {
                "shares": 0
            },
            "stumbledupon": {
                "shares": 0
            },
            "vk": {
                "shares": 0
            }
        }
    },
    "uuid": "1d04a07c3fdff1ec891eb8f8e9a500b360f68b67",
    "url": "https://www.lasicilia.it/ultimi-aggiornamenti/poverta-boccia-social-card-elemosina-elettorale-offendono-chi-ha-bisogno-2164494",
    "ord_in_thread": 0,
    "parent_url": null,
    "author": "Redazione",
    "published": "2024-06-06T17:20:00.000+03:00",
    "title": "Povertà: Boccia, ‘social card elemosina elettorale, offendono chi ha bisogno’",
    "text": "Roma, 6 giu. “La campagna elettorale giustifica le promesse ma non le prese in giro, men che meno le umiliazioni per chi è in stato di bisogno. Con il Governo Meloni si è passati dal reddito di cittadinanza per chi viveva in condizioni difficili senza trovar lavoro (la media italiana era di 576 euro con il tetto di 780 euro al mese) a poco più di un caffè al giorno con 41,6 euro al mese. Una vergogna”. Così il presidente dei senatori del Pd Francesco Boccia durante una iniziativa elettorale a Statte, in provincia di Taranto, con la candidata a sindaca Debora Artuso.\n“E quella fatta dal Governo stamattina in conferenza stampa è una presa in giro alle centinaia di migliaia di famiglie che beneficiano di ‘Dedicata a te’. Sbandierare come un grande successo un contributo di 41,6 euro annui, che per di più partirà dai prossimi mesi vuol dire offendere chi è in gravi difficoltà. Siamo di fronte ad una elemosina elettorale, che ricorda altri tempi, di cui questo governo dovrebbe provare la stessa vergogna che provano tutti gli italiani. Il Sud, dove più risiedono le famiglie bisognose che usufruiscono delle diverse forme di sostegno, ha bisogno di servizi sanitari, di scuole potenziate e trasporti adeguati e non di queste elemosine”.",
    "highlightText": "",
    "highlightTitle": "",
    "highlightThreadTitle": "",
    "language": "italian",
    "sentiment": "negative",
    "categories": [
        "Social Issue",
        "Politics"
    ],
    "webz_reporter": false,
    "external_links": [],
    "external_images": [],
    "entities": {
        "persons": [],
        "organizations": [],
        "locations": []
    },
    "rating": null,
    "crawled": "2024-06-07T00:25:55.108+03:00",
    "updated": "2024-06-07T00:25:55.108+03:00"
}