{
    "thread": {
        "uuid": "d53f934dfd82659c3d15d23d84f5388a9bb12e39",
        "url": "https://www.meneame.net/m/actualidad/violenta-proisraeli-quiere-hacer-famosa-tras-agredir-madrid",
        "site_full": "www.meneame.net",
        "site": "meneame.net",
        "site_section": "http://meneame.net/rss2.php?status=all&category=36",
        "site_categories": [
            "non_standard_content",
            "adult",
            "top_news"
        ],
        "section_title": "Menéame: todas",
        "title": "Una violenta proisraelí que se quiere hacer famosa tras agredir en Madrid a un joven que repartía panfletos contra el genocidio",
        "title_full": "Una violenta proisraelí que se quiere hacer famosa tras agredir en Madrid a un joven que repartía panfletos contra el genocidio",
        "published": "2024-06-06T22:35:00.000+03:00",
        "replies_count": 0,
        "participants_count": 1,
        "site_type": "news",
        "country": "ES",
        "main_image": "https://meneame.net/img/logo_meneame.png",
        "performance_score": 0,
        "domain_rank": 11042,
        "domain_rank_updated": "2024-06-04T13:08:15.000+03:00",
        "reach": null,
        "social": {
            "facebook": {
                "likes": 0,
                "comments": 0,
                "shares": 0
            },
            "gplus": {
                "shares": 0
            },
            "pinterest": {
                "shares": 0
            },
            "linkedin": {
                "shares": 0
            },
            "stumbledupon": {
                "shares": 0
            },
            "vk": {
                "shares": 0
            }
        }
    },
    "uuid": "d53f934dfd82659c3d15d23d84f5388a9bb12e39",
    "url": "https://www.meneame.net/m/actualidad/violenta-proisraeli-quiere-hacer-famosa-tras-agredir-madrid",
    "ord_in_thread": 0,
    "parent_url": null,
    "author": "Beltenebros",
    "published": "2024-06-06T22:35:00.000+03:00",
    "title": "Una violenta proisraelí que se quiere hacer famosa tras agredir en Madrid a un joven que repartía panfletos contra el genocidio",
    "text": "Portada\nmis comunidades\notras secciones\n[#1](c1#c-1) Una cristiana de derechas de bien... Lo más alejado de las enseñanzas de Jesucristo que se pueda uno imaginar.\nCuanta mierda a dos patas sobre el planeta joder.\n[#1](c1#c-1) pues quizás alguien le tendría que explicar a esta... chiquilla... que algunos de los que defiende, no la verían con buenos ojos si fuera a Jerusalén a los lugares de culto cristianos.\nhttps://www.ayudaalaiglesianecesitada.org/noticias/ataques-contra-cristianos-en-israel/\nDe todas formas, si veo a unos chavales repartiendo pasquines, y no me va su rollo... Mejor pasar que hacer el garrulo como esta... chica. Hace falta ser gilipollas para montar semejante numerito.\nOtra sionazi con las neuronas justas para no cagarse encima y con unas características propias de la endogamia genética que te puedes encontrar en los peces de un acuario.\nBueno, puede que me equivoque. Por la mierda de sus argumentos y su modo de actuar esta claro que debe llevar el pañal desbordando mierda.",
    "highlightText": "",
    "highlightTitle": "",
    "highlightThreadTitle": "",
    "language": "spanish",
    "sentiment": "negative",
    "categories": [
        "Politics",
        "Social Issue",
        "Crime, Law and Justice"
    ],
    "webz_reporter": false,
    "external_links": [
        "https://www.ayudaalaiglesianecesitada.org/noticias/ataques-contra-cristianos-en-israel/",
        "https://www.ayudaalaiglesianecesitada.org/noticias/ataques-contra-cristianos-en-israel",
        "https://ayudaalaiglesianecesitada.org/noticias/ataques-contra-cristianos-en-israel/"
    ],
    "external_images": [],
    "entities": {
        "persons": [],
        "organizations": [],
        "locations": []
    },
    "rating": null,
    "crawled": "2024-06-07T00:05:29.653+03:00",
    "updated": "2024-06-07T00:05:29.653+03:00"
}