{
    "thread": {
        "uuid": "958d560a312f6643363e531c3f0c2b3ae483d098",
        "url": "https://espanol.yahoo.com/noticias/la-dura-advertencia-de-fernandez-norona-a-la-oposicion-derrotada-en-mexico-no-nos-van-a-sacar-por-decadas-201521978.html",
        "site_full": "espanol.yahoo.com",
        "site": "yahoo.com",
        "site_section": "https://espanol.yahoo.com/",
        "site_categories": [
            "search_engine",
            "tech"
        ],
        "section_title": "Yahoo Español | Últimas noticias, Deportes, Finanzas y Mail",
        "title": "La dura advertencia de Fernández Noroña a la oposición derrotada en México: \"no nos van a sacar por décadas\"",
        "title_full": "La dura advertencia de Fernández Noroña a la oposición derrotada en México: \"no nos van a sacar por décadas\"",
        "published": "2024-06-06T23:15:00.000+03:00",
        "replies_count": 0,
        "participants_count": 1,
        "site_type": "news",
        "country": "US",
        "main_image": "https://s.yimg.com/ny/api/res/1.2/Pld34HKbBzWyMgu64s5BPg--/YXBwaWQ9aGlnaGxhbmRlcjt3PTEyMDA7aD02NDY-/https://s.yimg.com/os/creatr-uploaded-images/2024-06/578abd90-243d-11ef-bbfc-f620f6a0fe9d",
        "performance_score": 0,
        "domain_rank": 37,
        "domain_rank_updated": "2024-06-04T13:08:15.000+03:00",
        "reach": null,
        "social": {
            "facebook": {
                "likes": 0,
                "comments": 0,
                "shares": 0
            },
            "gplus": {
                "shares": 0
            },
            "pinterest": {
                "shares": 0
            },
            "linkedin": {
                "shares": 0
            },
            "stumbledupon": {
                "shares": 0
            },
            "vk": {
                "shares": 0
            }
        }
    },
    "uuid": "958d560a312f6643363e531c3f0c2b3ae483d098",
    "url": "https://espanol.yahoo.com/noticias/la-dura-advertencia-de-fernandez-norona-a-la-oposicion-derrotada-en-mexico-no-nos-van-a-sacar-por-decadas-201521978.html",
    "ord_in_thread": 0,
    "parent_url": null,
    "author": "El Universal",
    "published": "2024-06-06T23:15:00.000+03:00",
    "title": "La dura advertencia de Fernández Noroña a la oposición derrotada en México: \"no nos van a sacar por décadas\"",
    "text": " Yahoo Noticias Opinión La dura advertencia de Fernández Noroña a la oposición derrotada en México: \"no nos van a sacar por décadas\" Enrique Pérez Quintana Se actualizó el 6 de junio de 2024, 11:15 p. m. · 5 min de lectura Enlace copiado Gerardo Fernández Noroña, representante del Partido del Trabajo (PT) en el Instituto Nacional Electoral (INE) y vocero de la campaña de Claudia Sheinbaum en la elección presidencial | Captura de pantalla Youtube vía INETV\nLos procesos electorales en México no terminaron el 2 de junio. Los ciudadanos votaron por más de 20 mil puestos de elección popular . Un evento de esta magnitud está sujeto a diversos procedimientos que al final legitimen y transparenten la disputa por el poder. Esos lineamientos están contenidos en el Código Federal de Instituciones y Procedimientos Electorales (COFIPE), que contiene los pasos a seguir para certificar el resultado final.\nEn el COFIPE, se contempla la posibilidad de revisar los resultados electorales cuando no son convincentes. En la etapa actual el Instituto Nacional Electoral (INE) volverá a contar el 67.33% de los paquetes electorales para la presidencia de la república , y el 70% de los correspondientes a las diputaciones y senadurías.\nLa determinación del INE surgió en medio del debate, ayer 5 de junio, entre los representantes de los partidos de oposición y los partidos oficialistas. La oposición, por medio del representante del PAN, Víctor Hugo Sondón , denunció que se había llevado a cabo una “elección de Estado” y puso en duda los resultados electorales. Afirmó que tenía evidencia de irregularidades en 23 mil 780 casillas, integradas por actas que “no reportan la votación obtenida por la candidata Xóchitl Gálvez”. Exigió el recuento de los resultados electorales del pasado 2 de junio.\nEl planteamiento del representante del PAN es consistente con lo que parece una estrategia de mayor dimensión, de impugnar los resultados , que empezó con el anuncio de Xóchitl Gálvez de que impugnaría el proceso electoral por la inequidad que generó la intervención de López Obrador y la violencia ejercida por la delincuencia organizada. Posteriormente se sumaron el dirigente del PAN, Marko Cortés, José Yunes , candidato al gobierno de Veracruz, Luci Mesa , candidata al gobierno de Morelos y otros.\nLos representantes de Morena, PT y PVEM, ante el INE, calificaron de patético y ridículo el intento de la oposición de sembrar la idea de un fraude electoral. Destaca la intervención del diputado Gerardo Fernández Noroña, representante del PT.\nNunca imaginé decir esto algún día, pero coincido al 100% con lo que expresa Fernández Noroña en este video.\nEs la mera verdad. pic.twitter.com/z3gRtJPFSD\n— Аrturo Adrián (@arqturus) June 5, 2024\nEn tono de burla, dirigiéndose a los representantes del PAN, PRI y PRD les dijo: “tuvieron que ir juntos para enfrentarnos y sacaron menos que en 2018; en 2018 tuvieron 38% y hoy tuvieron 28 por ciento”.\nComo si fuera regaño agrego: “Es patético su discurso, 30% de diferencia y siguen regateando y no son capaces de hacer el más mínimo ejercicio de autocrítica , de decir: Tuvimos una pésima candidatura. Mentimos, intrigamos, denostamos, injuriamos al pueblo, lo tratamos con racismo y con clasismo. Le metimos millones de dólares desde el exterior a una campaña. Narcopresidente, Narcocandidata. Le pegamos o intentamos pegarle a la coalición gobernante donde más fuertes son; en su honestidad”.\nLes recordó que la democracia es la voluntad del pueblo “y el pueblo se expresó de manera avasalladora diciéndoles no los queremos más, no los aceptamos. Por el pequeño detalle de que encabezaba la lista de plurinominales al senado Alejandro Moreno del PRI, por el pequeño detalle de que encabezaba la lista de plurinominales del PAN Marko Cortés, por el pequeño detalle de que encabezaba, ilusamente, Jesús Zambrano la lista del PRD y ni así va a llegar”.\nRecordó el diputado Noroña: \" En 2006 nos hicieron un fraude electoral monstruoso, con una diferencia de 200 mil votos y no quisieron hacer el recuento del cien por ciento, y hoy nos piden el recuento del cien por ciento\".\nY regreso a la burla: “Me recuerdan cuando era niño, perdía mi equipo favorito el partido y decía “Voy a ver la repetición, a ver si ahí ganamos” . Pues van a volver a perder, van a volver a ser humillados. Ora sí que como decía Juan Gabriel: Pero qué necesidad. Para qué tanto problema. Por qué quieren alargar su agonía. Yo no niego el derecho, pues hagan el recuento del 100% y si quieren dos veces. Lo que deseen para que se transparente”.\nEnfático les dijo: \"Nosotros no hicimos la ley de la que fueron favorecidos por décadas con una sobre representación. No la hicimos, la hizo el PRI y el PAN fundamentalmente. Hay que cambiar la ley, pero por lo pronto con estas reglas jugamos. Respeten sus reglas, respeten al electorado, respeten a la democracia. Respeten al pueblo de México que dijo, 'necesitas cuarta transformación dos veces, ahí te va'”.\nComo si pudiera ver el futuro Fernández Noroña anunció: “ Los que tenemos un problema somos nosotros, debemos cumplirle al pueblo, en todo lo que nos comprometimos y tenemos que hacer una reforma al Poder Judicial, una reforma energética, una reforma electoral y cualquier cantidad de reformas, porque el pueblo quiere ir a fondo.”\nCasi al final de su discurso Fernández Noroña agregó: No estoy para dar consejos a la oposición, pero tiene que repensarse, tienen que replantearse. Tienen que ser una oposición dura , los necesitamos como una oposición dura, seria, sólida, consistente.\nCon su discurso en el INE Fernández Noroña protagonizó la escena del triunfo político de Morena y sus aliados. Con su estilo le explicó a la oposición por qué había perdido. Destacó su falta de autocrítica, esa que tampoco existe en su bando. Lo firmó con frases de soberbia describiendo el futuro de la oposición que desean. Y recordó una advertencia que él mismo les hizo previa a la elección: \"no nos van a sacra por décadas\".\nEl proceso electoral continúa y en las siguientes semanas podría haber sorpresas. Es aceptable el optimismo del diputado, pero la oposición existe y merece respeto, es de 15 millones.\nTAMBIÉN TE PUEDE INTERESAR | EN VIDEO\nHelado gratis, café, y más. Los mexicanos se dieron vuelo con los regalos por ir a votar",
    "highlightText": "",
    "highlightTitle": "",
    "highlightThreadTitle": "",
    "language": "spanish",
    "sentiment": "negative",
    "categories": [
        "Politics"
    ],
    "webz_reporter": false,
    "external_links": [
        "https://www.s.yimg.com/ny/api/res/1.2/Pld34HKbBzWyMgu64s5BPg--/YXBwaWQ9aGlnaGxhbmRlcjt3PTEyMDA7aD02NDY-/https://www.s.yimg.com/os/creatr-uploaded-images/2024-06/578abd90-243d-11ef-bbfc-f620f6a0fe9d",
        "https://s.yimg.com/ny/api/res/1.2/Niiyt2LMTFxdWcfRLaVtRQ--/YXBwaWQ9aGlnaGxhbmRlcjt3PTgwO2g9ODA-/https://s.yimg.com/os/creatr-uploaded-images/2019-07/91818de0-9de1-11e9-be5f-64ae3ae7d922",
        "https://www.twitter.com/arqturus/status/1798483125917696303?ref_src=twsrc%5Etfw",
        "https://twitter.com/arqturus/status/1798483125917696303",
        "https://s.yimg.com/ny/api/res/1.2/oPahVvzenm8jLNlsXNM3Kg--/YXBwaWQ9aGlnaGxhbmRlcjt3PTQ0MDtoPTYw/https://s.yimg.com/os/creatr-uploaded-images/2020-11/b6cf8c60-30d3-11eb-bff6-a78161dbb0e1",
        "https://s.yimg.com/os/creatr-uploaded-images/2020-11/b6cf8c60-30d3-11eb-bff6-a78161dbb0e1",
        "https://www.twitter.com/intent/tweet?text=La%20dura%20advertencia%20de%20Fern%C3%A1ndez%20Noro%C3%B1a%20a%20la%20oposici%C3%B3n%20derrotada%20en%20M%C3%A9xico%3A%20%22no%20nos%20van%20a%20sacar%20por%20d%C3%A9cadas%22&url=https%3A%2F%2Fes-us.noticias.yahoo.com%2Fla-dura-advertencia-de-fernandez-norona-a-la-oposicion-derrotada-en-mexico-no-nos-van-a-sacar-por-decadas-201521978.html%3Fsoc_src%3Dsocial-sh%26soc_trk%3Dtw%26tsrc%3Dtwtr&via=Yahoo",
        "https://s.yimg.com/ny/api/res/1.2/NjVaBnQN9DfxR6P_kPD3BA--/YXBwaWQ9aGlnaGxhbmRlcjt3PTI0MDA7aD0xMjky/https://s.yimg.com/os/creatr-uploaded-images/2024-06/578abd90-243d-11ef-bbfc-f620f6a0fe9d",
        "https://s.yimg.com/ny/api/res/1.2/lDwJGtKsQVJ7_aF2U.86Ig--/YXBwaWQ9aGlnaGxhbmRlcjt3PTEyNDI7aD02Njk-/https://s.yimg.com/os/creatr-uploaded-images/2024-06/578abd90-243d-11ef-bbfc-f620f6a0fe9d",
        "https://www.facebook.com/dialog/feed?app_id=458584288257241&link=https%3A%2F%2Fes-us.noticias.yahoo.com%2Fla-dura-advertencia-de-fernandez-norona-a-la-oposicion-derrotada-en-mexico-no-nos-van-a-sacar-por-decadas-201521978.html%3Fsoc_src%3Dsocial-sh%26soc_trk%3Dfb%26tsrc%3Dfb",
        "https://www.s.yimg.com/ny/api/res/1.2/lDwJGtKsQVJ7_aF2U.86Ig--/YXBwaWQ9aGlnaGxhbmRlcjt3PTEyNDI7aD02Njk-/https://www.s.yimg.com/os/creatr-uploaded-images/2024-06/578abd90-243d-11ef-bbfc-f620f6a0fe9d",
        "https://twitter.com/intent/tweet",
        "https://www.s.yimg.com/ny/api/res/1.2/oPahVvzenm8jLNlsXNM3Kg--/YXBwaWQ9aGlnaGxhbmRlcjt3PTQ0MDtoPTYw/https://www.s.yimg.com/os/creatr-uploaded-images/2020-11/b6cf8c60-30d3-11eb-bff6-a78161dbb0e1",
        "https://www.facebook.com/dialog/feed",
        "https://facebook.com/dialog/feed?app_id=458584288257241&link=https%3A%2F%2Fes-us.noticias.yahoo.com%2Fla-dura-advertencia-de-fernandez-norona-a-la-oposicion-derrotada-en-mexico-no-nos-van-a-sacar-por-decadas-201521978.html%3Fsoc_src%3Dsocial-sh%26soc_trk%3Dfb%26tsrc%3Dfb",
        "https://s.yimg.com/uu/api/res/1.2/9rOgNiB4q6g8Mg_uVgUj7w--~B/aD03MjA7dz0xMjgwO2FwcGlkPXl0YWNoeW9u/https://s.yimg.com/os/creatr-uploaded-images/2024-06/f441f400-237a-11ef-bfce-8e1468c47902",
        "https://www.s.yimg.com/os/creatr-uploaded-images/2020-11/b6cf8c60-30d3-11eb-bff6-a78161dbb0e1",
        "https://www.t.co/z3gRtJPFSD",
        "https://www.s.yimg.com/uu/api/res/1.2/9rOgNiB4q6g8Mg_uVgUj7w--~B/aD03MjA7dz0xMjgwO2FwcGlkPXl0YWNoeW9u/https://www.s.yimg.com/os/creatr-uploaded-images/2024-06/f441f400-237a-11ef-bfce-8e1468c47902",
        "https://twitter.com/arqturus/status/1798483125917696303?ref_src=twsrc%5Etfw",
        "https://twitter.com/intent/tweet?text=La%20dura%20advertencia%20de%20Fern%C3%A1ndez%20Noro%C3%B1a%20a%20la%20oposici%C3%B3n%20derrotada%20en%20M%C3%A9xico%3A%20%22no%20nos%20van%20a%20sacar%20por%20d%C3%A9cadas%22&url=https%3A%2F%2Fes-us.noticias.yahoo.com%2Fla-dura-advertencia-de-fernandez-norona-a-la-oposicion-derrotada-en-mexico-no-nos-van-a-sacar-por-decadas-201521978.html%3Fsoc_src%3Dsocial-sh%26soc_trk%3Dtw%26tsrc%3Dtwtr&via=Yahoo",
        "https://www.s.yimg.com/ny/api/res/1.2/NjVaBnQN9DfxR6P_kPD3BA--/YXBwaWQ9aGlnaGxhbmRlcjt3PTI0MDA7aD0xMjky/https://www.s.yimg.com/os/creatr-uploaded-images/2024-06/578abd90-243d-11ef-bbfc-f620f6a0fe9d",
        "https://www.s.yimg.com/ny/api/res/1.2/Niiyt2LMTFxdWcfRLaVtRQ--/YXBwaWQ9aGlnaGxhbmRlcjt3PTgwO2g9ODA-/https://www.s.yimg.com/os/creatr-uploaded-images/2019-07/91818de0-9de1-11e9-be5f-64ae3ae7d922",
        "https://s.yimg.com/ny/api/res/1.2/Pld34HKbBzWyMgu64s5BPg--/YXBwaWQ9aGlnaGxhbmRlcjt3PTEyMDA7aD02NDY-/https://s.yimg.com/os/creatr-uploaded-images/2024-06/578abd90-243d-11ef-bbfc-f620f6a0fe9d",
        "https://t.co/z3gRtJPFSD"
    ],
    "external_images": [],
    "entities": {
        "persons": [],
        "organizations": [],
        "locations": []
    },
    "rating": null,
    "crawled": "2024-06-07T00:58:02.030+03:00",
    "updated": "2024-06-07T00:58:02.030+03:00"
}