{
    "thread": {
        "uuid": "e78a81537d5b77ed7a8b02b165b994bd2570e49b",
        "url": "https://www.eldiario.es/politica/ultima-hora-actualidad-politica-directo_6_11426497_1108266.html",
        "site_full": "www.eldiario.es",
        "site": "eldiario.es",
        "site_section": "https://www.eldiario.es",
        "site_categories": [
            "politics",
            "law_government_and_politics",
            "top_news"
        ],
        "section_title": "elDiario.es - Noticias de actualidad - Periodismo a pesar de todo",
        "title": "Irene Montero, a Teresa Ribera: \"¿Qué ata a este gobierno con el Estado genocida de Israel para no romper relaciones\"",
        "title_full": "Irene Montero, a Teresa Ribera: \"¿Qué ata a este gobierno con el Estado genocida de Israel para no romper relaciones\"",
        "published": "2024-06-06T09:32:00.000+03:00",
        "replies_count": 0,
        "participants_count": 1,
        "site_type": "news",
        "country": "ES",
        "main_image": "https://static.eldiario.es/clip/c5d0f84d-1bfb-41db-9561-4e5fd382ec2f_facebook-watermarked-aspect-ratio_default_0_x333y111.jpg",
        "performance_score": 0,
        "domain_rank": 2858,
        "domain_rank_updated": "2024-06-04T13:08:15.000+03:00",
        "reach": null,
        "social": {
            "facebook": {
                "likes": 0,
                "comments": 0,
                "shares": 0
            },
            "gplus": {
                "shares": 0
            },
            "pinterest": {
                "shares": 0
            },
            "linkedin": {
                "shares": 0
            },
            "stumbledupon": {
                "shares": 0
            },
            "vk": {
                "shares": 0
            }
        }
    },
    "uuid": "e78a81537d5b77ed7a8b02b165b994bd2570e49b",
    "url": "https://www.eldiario.es/politica/ultima-hora-actualidad-politica-directo_6_11426497_1108266.html",
    "ord_in_thread": 0,
    "parent_url": null,
    "author": "elDiario.es",
    "published": "2024-06-06T09:32:00.000+03:00",
    "title": "Irene Montero, a Teresa Ribera: \"¿Qué ata a este gobierno con el Estado genocida de Israel para no romper relaciones\"",
    "text": "Irene Montero, a Teresa Ribera: “¿Qué ata a este gobierno con el Estado genocida de Israel para no romper relaciones” La candidata de Podemos al Parlamento Europeo, Irene Montero, ha asegurado que mucha gente se pregunta “para qué sirve Europa” si no es capaz de “construir paz y acabar con el genocidio en Gaza” y ha dicho que mucha gente se ha alegrado hoy “cuando ha creído que por fin el gobierno de España iba a llevar al Estado genocida de Israel ante la Corte Internacional de Justicia”, pero que dos minutos después esa alegría ha desaparecido. Dirigiéndose a la candidata socialista, Montero ha exigido a Teresa Ribera que explicase por qué España no ha roto relaciones “comerciales y diplomáticas con Israel” pese a haber retirado al embajador de Argentina y le ha pedido que reconozca que “lo que Israel está haciendo es genocidio”. 22:41 h Ribera reprocha al PP que no reconozca a Palestina como Estado y Montserrat le responde acusándole de pactar con \"prófugos de la justicia\" La candidata del PSOE a las elecciones europeas, la vicepresidenta tercera del Gobierno, Teresa Ribera, ha reprochado este jueves, durante el debate de RTVE, a la candidata del PP, Dolors Montserrat, que su partido no haya apoyado el reconocimiento de Palestina aprobado por el Gobierno la semana pasada, pero la dirigente popular ha optado por obviar la cuestión y hablar de los pactos del Gobierno con formaciones independentistas. “Han entregado la igualdad de los españoles”, le ha reprochado Montserrat a Ribera, antes de acusarle de “negociar con un prófugo de la justicia que tiene vínculos con Putin”, en alusión al expresident catalán Carles Puigdemont. “Han entregado el código penal a los prófugos de la justicia”, ha zanjado. 22:38 h Irene Montero, a Teresa Ribera: \"¿Qué ata a este gobierno con el Estado genocida de Israel para no romper relaciones\" La candidata de Podemos al Parlamento Europeo, Irene Montero, ha asegurado que mucha gente se pregunta “para qué sirve Europa” si no es capaz de “construir paz y acabar con el genocidio en Gaza” y ha dicho que mucha gente se ha alegrado hoy “cuando ha creído que por fin el gobierno de España iba a llevar al Estado genocida de Israel ante la Corte Internacional de Justicia”, pero que dos minutos después esa alegría ha desaparecido. Dirigiéndose a la candidata socialista, Montero ha exigido a Teresa Ribera que explicase por qué España no ha roto relaciones “comerciales y diplomáticas con Israel” pese a haber retirado al embajador de Argentina y le ha pedido que reconozca que “lo que Israel está haciendo es genocidio”. 22:36 h Estrela Galán (Sumar) pide la condena del \"genocidio\" en Palestina para \"una Europa que apueste por la convivencia\" Estrella Galán, candidata de Sumar a las elecciones europeas, ha pedido este jueves a todas las fuerzas políticas presentes en el debate de RTVE su “condena” al “genocidio que se está cometiendo en Palestina”. Lo ha hecho en su primera intervención durante el cara a cara protagonizado por nueve formaciones políticas. “Necesitamos luchar por una Europa que apueste por la convivencia y por la paz, donde quepamos todos y todas”, ha dicho Galán, que ha insistido en esa misma idea en su segunda intervención, sin conseguir que los representantes de PSOE o PP utilizaran esos mismos términos para hablar de la masacre en Gaza. 22:25 h Diana Riba (Ahora Repúblicas) pide que catalán, euskera y gallego sean oficiales en la UE La representante de la coalición Ahora Repúblicas que engloba a ERC, EH Bildu y BNG ha pedido en su primera intervención del debate de RTVE que catalán, euskera y gallego sean oficiales en la Unión Europea. Para ella es “indispensable” que se reconozca esa oficialidad en la legislatura que comenzará tras las elecciones de este domingo. Además, Riba ha presentado su coalición como “la única candidatura que puede defender las naciones sin Estado y su cultura”, pero, además, ha querido lanzar un mensaje al conjunto de los votantes de izquierda. “Nuestra clase trabajadora nos tienen a nosotros para defenderlas”, ha dicho. 22:20 h Teresa Ribera: \"Hoy ya no me preguntan por Catalunya en la Unión Europea\" La candidata del PSOE, Teresa Ribera, ha afirmado que cuando fue nombrada ministra, en sus viajes a Bruselas le preguntaban por Catalunya “con gran desazón”, pero que hoy en día ya no le preguntan por ello. Lo ha hecho después de que la candidata del Partido Popular, Dolors Montserrat, haya acusado a los socialistas de “entregar la gobernabilidad a Puigdemont” y de que le haya exigido que “rectifique”. Montserrat ha acusado también a Teresa Ribera de “señalar” al juez que investiga a Puigdemont y al juez que investiga a Begoña Gómez y ha dicho que el PP va a seguir defendiendo el Estado de Derecho en la Unión Europea así como la igualdad de los españoles. 22:17 h Aleix Sarri (Junts) abre el debate de las europeas: \"Aquí tendría que estar Toni Comín, pero si hubiera venido estaría encarcelado\" El representante de Junts en el debate organizado por RTVE, Aleix Sarri, ha abierto este jueves el enfrentamiento con sus otros ocho oponentes haciendo una denuncia por la situación de los dirigentes independentistas que viven fuera de España. Además de reclamar “una Europa más federal”, Sarri ha recordado a Carles Puigdemont y a Toni Comín, el cabeza de lista de su formación a las europeas. “Yo no tendría que estar aquí”, ha dicho Sarri. “Tendría que ser Toni Comín, pero si hubiera estado aquí estaría encarcelado”, ha asegurado. La primera intervención del debate ha sido íntegramente en catalán. 20:41 h Comienzan a llegar los candidatos a los estudios de Prado del Rey para el último debate electoral Los candidatos de CEUS, Podemos, Junts+, Ahora Repúblicas o Sumar, Oihane Agirregoitia, Irene Montero, Aleix Sarri, Diana Riba y Estrella Galán ya han llegado a los estudios de Televisión Española cuando aún queda más de una hora para que de comienzo el debate electoral entre los nueve candidatos con representación en el Parlamento Europeo. Se espera que todos los candidatos lleguen a Prado del Rey, a las afueras de Madrid, antes de las 21.00 horas para que puedan preparar sus intervenciones antes de que de inicio el llamado “debate decisivo” en la televisión pública, a tres días de las elecciones. 20:36 h Sánchez equipara al PP con una matrioshka: \"Del PP sale Vox y de ahí el inframundo de Alvise\" Pedro Sánchez ha incorporado en su agenda de fin de campaña una parada en Catalunya junto a Salvador Illa, con el que ha compartido mitin este jueves en L’Hospitalet para volver a hacer un llamamiento al electorado progresista frente a la amenaza de la ultraderecha y de sus alianzas con el PP. “¿Sabéis lo que es una matrioshka? Esas muñecas rusas que se van abriendo y contienen otra dentro. Pues bien, los pactos de Feijóo con la ultraderecha han acabado por devorarle. Hasta el punto de que del PP de Feijóo sale el Vox de Abascal, y de Vox sale ahora el inframundo de Alvise. Los tres son la matrioshka de la internacional ultraderechista”, ha señalado. El líder de los socialistas ha resaltado que los populares “han pasado de decir que iban a arrasar con más de diez puntos a que su lema ahora sea que este partido lo van a empatar”. Y ha vuelto a reivindicar la honradez de su pareja tras las últimas maniobras del juez Peinado. “A mi no me duelen prendas decir que quiero a mi mujer y voy a defender su honorabilidad ante los ataques infames de aquellos que solo hacen oposición destructiva contra el adversario político”, ha dicho. Escribe José Monrosi 20:11 h Yolanda Díaz: \"Os pido que os movilicéis para mandar a Feijóo a casa el domingo\" La coordinadora general de Sumar y vicepresidenta segunda del Gobierno, Yolanda Díaz, ha pedido este jueves que las elecciones europeas del domingo se conviertan en un plebiscito contra el líder del PP. “El PP está nervioso porque sabe que la ciudadanía se está movilizando. Os pido que sigáis trabajando hasta el domingo para movilizar votos, para decirle a Feijóo que lo vamos a mandar a casa. Que no nos representan, que sus políticas son políticas fallidas”, ha dicho en un mitin en Málaga. “El próximo 9 de junio no van a ganar. La gente trabajadora va a salir a derrotar a Feijóo, va a salir a votar la gente LGTBI para decirles que no van a ganar. Os pido que este domingo vayáis a votar con el orgullo de un país diverso, que es plural, que es alegre, que no es como ellos, que quieren una España triste, que quieren retroceder 40 años atrás”, ha defendido la líder de Sumar. Escribe Alberto Ortiz 20:07 h El candidato de IU en la lista de Sumar a las europeas llama “trilero” a Albares y le pide “acciones concretas contra el genocidio” Aunque inicialmente el candidato de IU en la lista de Sumar a las elecciones europeas, Manu Pineda, había celebrado la decisión de España de sumarse al procedimiento contra Israel en la Corte Internacional de Justicia, más tarde se ha corregido en un tuit y ha calificado al ministro de Exteriores, José Manuel Albares, de “trilero”. “El trilero de Albares nos ha vuelto a engañar. España no se ha adherido a la demanda de Sudáfrica. No valen los eufemismos; queremos acciones concretas contra el genocidio. Ese es el único camino”, ha dicho en un tuit para pedir a España que “participe en las demandas contra Israel y sus altos cargos ”tanto en la Corte Penal Internacional como en el Tribunal Internacional de Justicia“. Albares había anunciado este jueves que España se sumará al procedimiento iniciado por Sudáfrica contra Israel en la Corte Internacional de Justicia por genocidio pero ha aclarado en su comparecencia que el movimiento no significa apoyar a ninguna de las partes sino asistir a los jueces a la hora de tomar una decisión. Por Alberto Ortiz 20:04 h La número tres del PP a las europeas, a Sánchez: \"A sus perros, como la vicepresidenta, no les va a quedar otra que temblarles el pulso\" Alma Ezcurra, número tres del PP a las elecciones europeas, ha pronunciado este jueves un durísimo discurso cargado de insultos y acusaciones contra el Gobierno “al que solo apoyan los terroristas, los talibanes, Hamás, los dictadores venezolanos o los amigos de Putin”. En un acto en el centro de Madrid, Ezcurra ha asegurado que los “fascistas” son “los socios” del Ejecutivo, “que tienen una asquerosa relación de intimidad con las dictaduras venezolana, rusa e iraní”. “Fascismo el de los independentistas, que los tenemos que ver en la calle vivitos y coleando”, ha añadido Dirigiéndose a Sánchez, la popular ha pronunciado la siguiente frase: “Al puto amo no le va a quedar otra más que claudicar y a sus perros, que es como se llaman, toda una vicepresidenta del Gobierno, no les va a quedar otra que temblarles el pulso. Les decimos que tiemblen, que tiemble la izquierda en este país”. Escribe Aitor Riveiro 16:49 h Manu Pineda (IU) pide una reflexión tras el 9J para volver a unir a la izquierda: “Nos une mucho más de lo que nos separa” El candidato de Izquierda Unida en las listas de Sumar al Parlamento Europeo, Manu Pineda, ha llamado este jueves a la reflexión a todas las fuerzas políticas para volver a ponerse de acuerdo después del 9 de junio, día de las elecciones. El eurodiputado ha dicho que no encuentra justificación para que Sumar y Podemos vayan en dos listas separadas y ha lamentado que se hayan roto “muchos puentes” en estos meses. “En Sumar apostamos por la unidad, somos una izquierda diversa que sabemos que estamos de acuerdo en lo principal y que tenemos diferencias pero somos capaces de hablar de nuestras diferencias y somos capaces de hacer síntesis”, ha dicho en el programa Carne Cruda. “Los compañeros han decidido hacer otra cosa. Lo respetamos pero consideramos que es un error”, ha dicho el dirigente de Izquierda Unida. “Cuando vas separado tienes que de forma exagerada, teatral, poner el acento en las diferencias en lugar de centrarnos en hacer política contra las derechas”, ha opinado después. Pineda ha llamado a la reflexión para el día después de las europeas. “Después del 9 viene el 10 de junio y la izquierda que hay es la que hay, no nos podemos inventar otra. Tenemos que volver a poner el acento, el foco, en que se visibilice lo que nos une, que es mucho más de lo que nos separa”, ha dicho para recordar que las derechas “hacen política con las derechas” y las izquierdas, “contra las izquierdas”. “Lo que tenemos enfrente es muy gordo”, ha reflexionado. Por Alberto Ortiz Sumar pone las sonrisas en la nevera para enseñar el colmillo al PSOE 15:07 h La Policía desaloja la carretera de Ciudad Universitaria cortada por la Acampada por Palestina de Madrid “Libre, libre, libre Palestina, fuera sionistas”, han cantado los estudiantes que han cortado la Avenida Complutense, frente a la parada de metro de Ciudad Universitaria, mientras realizaban la sentada antes de que la Policía les desalojara uno a uno. La acción se ha llevado a cabo para exigir el fin de las relaciones de Gobierno y universidades con Israel. El cordón policial ha rodeado la carretera mientras los jóvenes que estaban fuera de él clamaban “no estáis solas, estamos con vosotras” para apoyar a los activistas. Tiendas de campaña y pancartas han sido retiradas por las fuerzas de seguridad compuestas por más de una decena de lecheras y más de 50 agentes. El cántico por Palestina no ha cesado mientras, a cuenta gotas, los manifestantes han sido retirados de la carretera y retenidos por la Policía que ha incrementado la agresividad de sus acciones hasta convertir los cánticos en “somos no violentas”, “vergüenza” o “no podéis tapar vuestra represión”. El próximo 8 de junio la Acampada por Palestina de Madrid acudirá, junto a otros movimientos y acampadas estudiantiles, a la manifestación de las 18.00 en la Puerta del Sol en la que volverán a reclamar el cese inmediato de la masacre en Gaza. Informa Diego Alonso 14:40 h Tellado dice que Sánchez usa a su esposa como \"escudo humano\" y tilda de \"cortina de humo\" que España se sume a la causa contra Israel El portavoz parlamentario del PP, Miguel Tellado, ha asegurado este jueves en Sevilla que “Sánchez utiliza a Begoña Gómez como escudo humano para no dar cuenta de su responsabilidad”, y ha señalado a la esposa del presidente del Gobierno por ser “su conseguidora”. Tellado también ha reaccionado en nombre de su partido al anuncio del ministro de Asuntos Exteriores, José Manuel Albares, de que España se suma al procedimiento contra Israel por genocidio en la Corte Internacional de Justicia . “Me parece una cortina de humo para no dar respuestas a lo verdaderamente importante que está ocurriendo en nuestro país”, ha concluido. Informa Aitor Riveiro 14:14 h Gamarra abre la puerta la regreso de Francisco Camps al PP: \"Esta es su casa\" La secretaria general del PP, Cuca Gamarra, ha abierto la puerta al regreso al partido del expresidente de la Generalitat valenciana, Francisco Camps, exonerado de todas las causas judiciales en las que ha estado acusado por su gestión al frente del Govern autonómico . “Quiero celebrar las resoluciones que constatan la inocencia del señor Camps”, ha dicho Gamarra en unas declaraciones a los medios en Castellón. “Sería bueno que todos aquellos que le han acusado durante tantos años se disculpen públicamente por el daño que le han hecho”, ha añadido. Y ha zanjado: “Paco Camps es una persona que ha militado en este partido y esta es su casa”. Tras conocerse su última absolución, Camps dijo que quería regresar a la “primera línea” política . El expresident habló por teléfono con el hoy líder del PP, Alberto Núñez Feijóo. El PP no ha querido revelar el contenido de dicha conversación. Por Aitor Riveiro 14:01 h Sánchez defiende la incorporación de España al procedimiento penal contra Israel: “Es urgente detener cualquier operación militar” El presidente del Gobierno, Pedro Sánchez, ha defendido este jueves el paso dado por España para sumarse a Sudáfrica en el procedimiento penal internacional contra la Israel por su masacre en Gaza. “Ante el incumplimiento del gobierno de Netanyahu de la petición del Tribunal Internacional de Justicia para detener la guerra, y en apoyo al respeto al derecho internacional de Naciones Unidas, intervenimos en el procedimiento iniciado por Sudáfrica”, ha dicho el presidente durante un acto de la Confederación de Empresas de Economía Social. El presidente ha calificado de “urgente” el apoyo a los órganos de justicia internacionales que piden a Netanyahu parar el derramamiento de sangre. “Es urgente que todos apoyemos al tribunal para que se cumplan las medidas cautelares para detener cualquier operación militar. Y es fundamental que fortalezcamos entre todos el papel del tribunal como máximo órgano judicial de un sistema judicial basado en reglas”, ha añadido Sánchez, que ha reivindicado que España siempre se mantendrá “en el lado correcto de la historia”. Por José Monrosi 13:59 h La Acampada por Palestina en Madrid corta la carretera de Ciudad Universitaria Los estudiantes acampados desde hace varias semanas en la Universidad Complutense de Madrid han cortado la carretera este jueves para exigir el fin inmediato de relaciones con Israel por parte del Gobierno y universidades. “Israel asesina, la uni patrocina”, clamaban los jóvenes tras movilizar varias tiendas de campaña, pancartas y banderas palestinas. La acción se ha producido días antes de la concentración que los estudiantes están promoviendo para el próximo sábado 8 de junio a las 18.00 en la Puerta del Sol. “Vamos a seguir peleando para que se cumplan todas nuestras exigencias. Gracias a la acción estudiantil, hemos forzado a rectorados de Granada, Jaén o Barcelona a romper relaciones con Israel”, presumen orgullosos los jóvenes. La calle cortada se encuentra bajo la atenta mirada de un dispositivo policial compuesto por 8 furgones y decenas de agentes de policía a la par que se suceden los cánticos, lemas y bengalas de los estudiantes que piden en cese inmediato de la matanza. Informa Diego Alonso 13:40 h Sánchez, Scholz, Macron, Lula da Silva y otros doce líderes secundan la propuesta de alto el fuego de Biden para Gaza Pedro Sánchez, Olaf Scholz, Emmanuel Macron, Lula da Silva y otros doce líderes mundiales han secundado el plan de Joe Biden para un alto en fuego en Gaza. En un comunicado conjunto, que también firma el propio Biden y los presidentes de Argentina, Colombia, Canadá, Reino Unido, Polonia, Portugal, Serbia, Bulgaria, Austria, Dinamarca, Rumanía y Tailandia, piden la liberación de los rehenes que permanecen en manos del grupo palestino Hamás. En el texto emitido por la Casa Blanca, los líderes se dicen preocupados por los rehenes, entre los que hay nacionales de esos países, y muestran su apoyo “al movimiento hacia un alto el fuego y al acuerdo para la liberación de rehenes que está ahora sobre la mesa, tal y como anunció el presidente [Joe] Biden el 31 de mayo”. “Esta oferta que tenemos sobre la mesa es lo que necesitamos”, dijo el mandatario estadounidense la semana pasada, cuando detalló el contenido de una propuesta de Israel que incluye diferentes fases y desembocaría en la liberación de todos los rehenes y el fin de la guerra en Gaza. Por Javier Biosca 12:09 h El Constitucional rechaza el recurso de Unidas Podemos y avala la ley VTC de Ayuso de 2022 El pleno del Tribunal Constitucional ha decidido por unanimidad rechazar el recurso que el grupo de Unidas Podemos en el Congreso presentó contra la ley VTC que sacó adelante el gobierno regional de Isabel Díaz Ayuso en 2022 con el apoyo de Vox, norma que tuvo una fuerte oposición desde el sector del taxi. El grupo parlamentario denunciaba que la normativa permitía a los VTC habilitados a nivel nacional a ejercer en todos los municipios de la región, saltándose las competencias municipales. El Constitucional explica, en primer lugar, que parte de esa norma ya ha sido sustituida por otra nueva, y que no pisaba competencias estatales o municipales ni perjudicaba al taxi frente al transporte VTC. Informa Alberto Pozas 12:05 h Bergerot acusa a Ayuso de querer “generar pánico\" con sus políticas hacia la juventud El pleno de la Asamblea de Madrid también ha vivido un momento de tensión entre la portavoz de Más Madrid, Manuela Bergerot y la presidenta regional, Isabel Díaz Ayuso, a quien Bergerot ha acusado de “no haberse esforzado jamás” y de “no tener nada que ofrecer a la juventud: solo fantasmas y regañinas”. Bergerot, además, ha sentenciado que lo único que quiere Ayuso es “generar pánico” entre sus votantes más jóvenes con sus medidas y su discurso contra las adicciones a las drogas . “Usted quiere generar pánico entre sus votantes pintando una sociedad abocada a caer en el pozo de las adicciones”. La portavoz de Más Madrid ha alertado de que “lo que es un verdadero peligro es dejar la regulación de la marihuana en manos del mercado negro porque es el mercado negro el que luego se la vende a los adolescentes”. Bergerot ha añadido que para ellos “es más fácil comprar marihuana adulterada que conseguir cita en su médico de cabecera”. La presidenta regional ha presumido de sus medidas sobre vivienda o salud mental asegurando que mientras la oposición “no hace nada”, su Gobierno “trabaja” y “fomenta el esfuerzo” “frente a sus mensajes apocalípticos”. Por Carmen Moraga",
    "highlightText": "",
    "highlightTitle": "",
    "highlightThreadTitle": "",
    "language": "spanish",
    "sentiment": "negative",
    "categories": [
        "Politics",
        "Social Issue"
    ],
    "webz_reporter": false,
    "external_links": [],
    "external_images": [],
    "entities": {
        "persons": [],
        "organizations": [],
        "locations": []
    },
    "rating": null,
    "crawled": "2024-06-07T00:16:21.481+03:00",
    "updated": "2024-06-07T00:16:21.481+03:00"
}