{
    "thread": {
        "uuid": "28ba6df8019eb8c84dd50763c085d79633b8165f",
        "url": "https://www.meneame.net/m/actualidad/pasadle-estos-datos-graficos-partidarios-javier-milei-ver-alguno",
        "site_full": "www.meneame.net",
        "site": "meneame.net",
        "site_section": "https://old.meneame.net/rss?status=queued",
        "site_categories": [
            "non_standard_content",
            "adult",
            "top_news"
        ],
        "section_title": "Menéame: en cola",
        "title": "Pasadle estos datos y gráficos a los partidarios de Javier Milei a ver si alguno tiene la poca vergüenza de decir que lo está haciendo bien en Argentina",
        "title_full": "Pasadle estos datos y gráficos a los partidarios de Javier Milei a ver si alguno tiene la poca vergüenza de decir que lo está haciendo bien en Argentina",
        "published": "2024-06-06T22:40:00.000+03:00",
        "replies_count": 0,
        "participants_count": 1,
        "site_type": "news",
        "country": "ES",
        "main_image": "",
        "performance_score": 0,
        "domain_rank": 11042,
        "domain_rank_updated": "2024-06-04T13:08:15.000+03:00",
        "reach": null,
        "social": {
            "facebook": {
                "likes": 0,
                "comments": 0,
                "shares": 0
            },
            "gplus": {
                "shares": 0
            },
            "pinterest": {
                "shares": 0
            },
            "linkedin": {
                "shares": 0
            },
            "stumbledupon": {
                "shares": 0
            },
            "vk": {
                "shares": 0
            }
        }
    },
    "uuid": "28ba6df8019eb8c84dd50763c085d79633b8165f",
    "url": "https://www.meneame.net/m/actualidad/pasadle-estos-datos-graficos-partidarios-javier-milei-ver-alguno",
    "ord_in_thread": 0,
    "parent_url": null,
    "author": "Laro__",
    "published": "2024-06-06T22:40:00.000+03:00",
    "title": "Pasadle estos datos y gráficos a los partidarios de Javier Milei a ver si alguno tiene la poca vergüenza de decir que lo está haciendo bien en Argentina",
    "text": "·\nmain action\n×\nedición general\nlogin\nregistrarse\ncomunidades\nfisgona\nnótame\ngalería\nayuda\npublicar\nCrear artículo\npublicaciones\nnuevas\nartículos\npopulares\nmás visitadas\nMÁS\ntodas\nactualidad\nciencia\ncultura\nocio\npolitica\ntecnología\nm/*\nRSS\nmás visitadas\n15603\nclics\nEn moto, fíate sólo de lo que puedes ver\n9010\nclics\n\"Si estás harto de la corrupción, vota al PP\"\n7609\nclics\nEsto es educación sexual infantil. Esto es lo que les molesta a los de Vox y PP\n9557\nclics\nQuién soy mientras trabajo\n6167\nclics\nAsí fue el momento en el que el juez Peinado cortó una pregunta clave para la defensa de Begoña Gómez\nmás votadas\n779\nEspaña se suma al procedimiento contra Israel iniciado por Sudáfrica en la Corte Internacional de Justicia\n476\nLos delegados de Naciones Unidas abandonan la sala antes de que Israel hable\n577\nAsí fue el momento en el que el juez Peinado cortó una pregunta clave para la defensa de Begoña Gómez\n508\nCuca , no nos tomes a todos por gilipollas\n529\nEl programa del PP para las europeas lleva medidas literalmente duplicadas: \"No me extraña que prefiráis hablar de Begoña\"\nsuscripciones por RSS\npublicadas\nen cola\ncomentarios de esta noticia\ntodos los comentarios\n28\nmeneos\nmenéalo\n263\nclics\nPasadle estos datos y gráficos a los partidarios de Javier Milei a ver si alguno tiene la poca vergüenza de decir que lo está haciendo bien en Argentina\npor\nLaro__\na\nthreadnavigator.com\nenviado:\n____\nDurante los 5 meses de gobierno de Milei los precios se han más que duplicado (crecimiento del 106,9%), mientras que durante el gobierno anterior a Milei hicieron falta 9 meses para que los precios se duplicaran (crecimiento del 103,8%) [...] El índice de producción industrial de Argentina se ha desplomado durante el mandato de Milei. Ahora mismo está un 21,2% por debajo del nivel que tenía hace un año, lo cual es una barbaridad. ...\n|\netiquetas\n:\nargentina\n,\neconomía\n,\nmilei\n,\nliberalismo\n23\n5\n2\nK\n457\nactualidad\n14 comentarios\ncompartir\nCompartir en Facebook\nCompartir en Twitter\nCopiar enlace\n23\n5\n2\nK\n457\nactualidad\nordenados\nhilos\nmejores hilos\n+ valorados\nvotos\nregistros\nµ fisgona\nrelacionadas\n#5\nencurtido\nTodos esos gráficos ya los adelantó en su campaña, no son nada que no se supiera. Argentina tenía un modo de gestión con un déficit tan loco que para encauzarlo habría que hacer sacrificios. Se dijo de sobra, 2 décadas con la mayor pérdida de poder adquisitivo de todo occidente, se trataba de elegir seguir así o romper esa inercia pero con unos años malos.\nDe verdad, es ridículo. Argentina es el peor caso de gestión económica de este siglo, habría que ir a Venezuela o países del 3er mundo o a…\n» ver todo el comentario\n2\nK\n36\n#6\nCaravan_Palace\n#5\ntb resulta un poco curioso que todos los defensores de Milei en meneame son expertos en argentinologia . O no?\n3\nK\n46\n#10\nencurtido\n#6\nA mí siempre me ha parecido un mamarracho. Pero es una consecuencia lógica de la Argentina desde los 90 hasta hoy.\nPonerse a hacer gráficos con un excel y echarse las manos a la cabeza es absurdo tras ni medio año de Milei, que además no es nada que no se supiera. Argentina es un país cuya economía daba para por lo menos una portada mensual en menéame desde antes de la creación del propio portal.\n0\nK\n7\n#9\nMeneador_Compulsivo\n*\nHacedle caso a Eduardo Garzón, que tiene la receta para solucionar lo de Argentina:\n⦁ Eduardo Garzón: \"Argentina no está limitada en términos financieros. Todos los pesos que se quieran crear, se pueden crear\"\nwww.youtube.com/watch?v=Smg6f1U1tbc\n[[⦁ Eduardo Garzón: \"La solución al paro es teclear…\n» ver todo el comentario\n1\nK\n27\n#4\nTr13ce\nMe jode tener yo que defender al mongolo de Milei, pero vamos si quitas subsidios y desregulas sectores es seguro que pasaría lo que está pasando.\nOtro punto es el precio a pagar por ello y si estas medidas van a mejorar el país en el medio-largo plazo o lo van a mandar al abismo directamente reventando la cohesión social.\n2\nK\n21\n#13\nnisínino\n#4\n\"El interrogante que más insiste con respecto a la ultraderecha argentina se refiere a la adhesión que aun suscita en sectores amplios de la población.\nEn efecto, un gobierno que no gobierna, un grupo de funcionarios inconsistentes y crueles, una agrupación de políticos bizarros que parecen testimoniar de una mutación antropológica en el centro del neoliberalismo provocan en el mundo la pregunta crucial: porqué un experimento con un coste de dolor tan amplio para la sociedad argentina…\n» ver todo el comentario\n0\nK\n7\n#8\nArmagnac\nNo acabo de entender por qué toda la gente que dice que Argentina va a ser un vergel con Milei no se va para allá corriendo en lugar de quedarse tan mal en España. No lo entiendo, de verdad.\n1\nK\n21\n#14\nloboatomico2\n*\n#8\nPor la misma razon que todos los que se quejan de nuestros fachas politicos, jueces, periodistas, empresarios...siguen aqui y no se van a otros paises superdemocraticos.\n0\nK\n6\n#7\npainful\n#0\n¿\n|ciencia\n?\n0\nK\n13\n#12\nLaro__\n*\n#7\nEconomía. Eduardo es Doctor. Estudió Economía y Administración y Dirección de Empresas en la Universidad de Málaga. Realizó un máster en Economía Internacional y Desarrollo en la Universidad Complutense de Madrid, completando su doctorado en la Universidad Autónoma de Madrid.\n0\nK\n12\n#2\nLaro__\nTodas las referencias están documentadas y explicadas aquí:\nwww.youtube.com/watch?v=wz_HH3qBOwI\n0\nK\n12\n#3\nCantro\n\"Pero ha bajado la inflación\"\n0\nK\n11\n#1\nmaquingo\n\"Sarna con gusto, no pica\"\n0\nK\n7\n#11\nKomimi\nVamos, que tenemos un país gestionado regular tirando a mal y vamos dando lecciones por el mundo.\nUn poco de humildad y sentido común, plis.\n0\nK\n6\nVer toda la conversación (\n14\ncomentarios)\nAutentifícate si deseas escribir\ncomentarios. O crea tu cuenta\naquí.\nLogin con Twitter\nLogin con Facebook\nLogin con Google\nmenéame\ncondiciones legales\n/\nde uso\n/\ny de cookies\n/\nquiénes somos\n/ licencias:\ncódigo\n,\ngráficos\n,\ncontenido\n/\nHTML5\n/\ncodigo fuente",
    "highlightText": "",
    "highlightTitle": "",
    "highlightThreadTitle": "",
    "language": "spanish",
    "sentiment": "negative",
    "categories": [
        "Social Issue",
        "Politics",
        "Human Interest"
    ],
    "webz_reporter": false,
    "external_links": [],
    "external_images": [],
    "entities": {
        "persons": [],
        "organizations": [],
        "locations": []
    },
    "rating": null,
    "crawled": "2024-06-07T00:36:26.887+03:00",
    "updated": "2024-06-07T00:36:26.887+03:00"
}