{
    "thread": {
        "uuid": "3630f33d729e9df009196af01709d1ffe9408460",
        "url": "https://www.yogonet.com/latinoamerica/noticias/2024/06/06/99448-proponen-bloquear-las-plataformas-de-apuestas-online-en-las-escuelas-bonaerenses",
        "site_full": "www.yogonet.com",
        "site": "yogonet.com",
        "site_section": "https://jocprivat.com/component/banners/click/4",
        "site_categories": [
            "hobbies_and_interests"
        ],
        "section_title": "Yogonet | Noticias de Casinos y Juego Online. América Latina",
        "title": "Proponen bloquear las plataformas de apuestas online en las escuelas bonaerenses | Yogonet Latinoamérica",
        "title_full": "Proponen bloquear las plataformas de apuestas online en las escuelas bonaerenses | Yogonet Latinoamérica",
        "published": "2024-06-06T03:00:00.000+03:00",
        "replies_count": 0,
        "participants_count": 1,
        "site_type": "news",
        "country": "US",
        "main_image": "https://imagenesyogonet.b-cdn.net/data/imagenes/2023/12/15/60396/1702656684-niños-juego-computadora-generica-02.jpg",
        "performance_score": 0,
        "domain_rank": 77166,
        "domain_rank_updated": "2024-06-04T13:08:20.000+03:00",
        "reach": null,
        "social": {
            "facebook": {
                "likes": 0,
                "comments": 0,
                "shares": 0
            },
            "gplus": {
                "shares": 0
            },
            "pinterest": {
                "shares": 0
            },
            "linkedin": {
                "shares": 0
            },
            "stumbledupon": {
                "shares": 0
            },
            "vk": {
                "shares": 0
            }
        }
    },
    "uuid": "3630f33d729e9df009196af01709d1ffe9408460",
    "url": "https://www.yogonet.com/latinoamerica/noticias/2024/06/06/99448-proponen-bloquear-las-plataformas-de-apuestas-online-en-las-escuelas-bonaerenses",
    "ord_in_thread": 0,
    "parent_url": null,
    "author": "Yogonet",
    "published": "2024-06-06T03:00:00.000+03:00",
    "title": "Proponen bloquear las plataformas de apuestas online en las escuelas bonaerenses | Yogonet Latinoamérica",
    "text": "La diputada bonaerense Belén Malaisi, del bloque Evolución Radical, presentó un proyecto de ley para que los sitios de apuestas online queden bloqueados en las redes de internet de las escuelas públicas y privadas de la provincia de Buenos Aires. En su iniciativa, la legisladora propuso modificar el artículo 55 de la Ley de Educación bonaerense, para que la Dirección General de Cultura y Educación de la provincia de Buenos Aires “se meta de lleno en la lucha contra las apuestas online en las aulas de las escuelas”, el escenario principal de la actividad ludópata de los jóvenes. “La Dirección General de Cultura y Educación instrumentará todos los mecanismos a los efectos de bloquear en forma definitiva todos los sitios de apuestas en red de internet en el ámbito de las escuelas tanto de gestión pública como de gestión privada”, detalló el texto de la diputada de San Andrés de Giles. En ese sentido, Malaisi señaló que los casos de ludopatía en las escuelas públicas y privadas bonaerenses han ido en aumento en el último tiempo, por lo que consideró necesario “tomar medidas de carácter urgente a los efectos de limitar esa práctica en nuestros jóvenes”. “No se puede negar el uso de la tecnología en los procesos de enseñanza y aprendizaje, el acceso a la información, a tal punto que la Ley de educación tiene un capítulo específico sobre la virtualidad. Pero tampoco se pueden negar los peligros que supone para nuestros jóvenes y niños el acceso a determinadas plataformas o sitios de apuestas en las redes sociales de internet que fomentan la ludopatía o el juego compulsivo”, afirmó. “Nuestro compromiso como legisladores es con el pueblo de nuestra provincia, por ese motivo es que el Poder Legislativo puede establecer que la Ley de Educación estipule el bloqueo de estos sitios, para que independientemente de quien ocupe el cargo de gobernador sean las instituciones de la Provincia la que lo establezcan”, añadió la diputada. 📝 Presenté un 𝗣𝗿𝗼𝘆𝗲𝗰𝘁𝗼 𝗱𝗲 𝗟𝗲𝘆 para que la Dirección General de Cultura y Educación instrumente todos los mecanismos a efectos de bloquear los sitios de apuestas on line de internet en el ámbito de las escuelas de gestión pública y privada.— MARIA BELEN MALAISI (@MBELENMALAISI) [#DiputadosBA] [pic.twitter.com/MdEG6PB4KE] [June 4, 2024] Cabe destacar que Malaisi también presentó hace pocos días una solicitud para que el Instituto Provincial de Lotería y Casinos (IPLyC) de Buenos Aires informe sobre el porcentaje del presupuesto que destina a las publicidades y el listado de medios de comunicación a los que las dirigió. Además de Malaisi, otros diputados y senadores han presentado distintas iniciativas para regular las apuestas online en el ámbito de la provincia de Buenos Aires, entre ellas está la de Julio Pasqualín , la de Silvina Vaccarezza , la de Agustín Máspoli y Lorena Mandagarán , la de Maricel Etchecoin , la de Laura Clark , la de Abigail Gómez, y más recientemente la de Carlos Puglelli .",
    "highlightText": "",
    "highlightTitle": "",
    "highlightThreadTitle": "",
    "language": "spanish",
    "sentiment": "negative",
    "categories": [
        "Politics"
    ],
    "webz_reporter": false,
    "external_links": [],
    "external_images": [],
    "entities": {
        "persons": [],
        "organizations": [],
        "locations": []
    },
    "rating": null,
    "crawled": "2024-06-07T00:43:58.040+03:00",
    "updated": "2024-06-07T00:43:58.040+03:00"
}