{
    "thread": {
        "uuid": "f02c14f3f601954da41957f6d7eb18b5745ef638",
        "url": "https://www.europapress.es/nacional/noticia-pp-afea-psoe-criticas-juez-peinado-teresa-ribera-les-acusa-tomar-pelo-cgpj-20240606231828.html",
        "site_full": "www.europapress.es",
        "site": "europapress.es",
        "site_section": "https://www.europapress.es/noticias/",
        "site_categories": [
            "media",
            "top_news"
        ],
        "section_title": "\r\n\t Últimas Noticias - EUROPA PRESS\r\n",
        "title": "El PP afea al PSOE sus críticas al juez Peinado y Teresa Ribera les acusa de \"tomar el pelo\" con el CGPJ",
        "title_full": "El PP afea al PSOE sus críticas al juez Peinado y Teresa Ribera les acusa de \"tomar el pelo\" con el CGPJ",
        "published": "2024-06-07T00:18:00.000+03:00",
        "replies_count": 0,
        "participants_count": 1,
        "site_type": "news",
        "country": "ES",
        "main_image": "https://img.europapress.es/fotoweb/fotonoticia_20240606231828_1200.jpg",
        "performance_score": 0,
        "domain_rank": 2616,
        "domain_rank_updated": "2024-06-04T13:08:15.000+03:00",
        "reach": null,
        "social": {
            "facebook": {
                "likes": 0,
                "comments": 0,
                "shares": 0
            },
            "gplus": {
                "shares": 0
            },
            "pinterest": {
                "shares": 0
            },
            "linkedin": {
                "shares": 0
            },
            "stumbledupon": {
                "shares": 0
            },
            "vk": {
                "shares": 0
            }
        }
    },
    "uuid": "f02c14f3f601954da41957f6d7eb18b5745ef638",
    "url": "https://www.europapress.es/nacional/noticia-pp-afea-psoe-criticas-juez-peinado-teresa-ribera-les-acusa-tomar-pelo-cgpj-20240606231828.html",
    "ord_in_thread": 0,
    "parent_url": null,
    "author": "Europa Press",
    "published": "2024-06-07T00:18:00.000+03:00",
    "title": "El PP afea al PSOE sus críticas al juez Peinado y Teresa Ribera les acusa de \"tomar el pelo\" con el CGPJ",
    "text": "La cabeza de lista del PP a las elecciones europeas, Dolors Montserrat, ha afeado este jueves a la...\" /",
    "highlightText": "",
    "highlightTitle": "",
    "highlightThreadTitle": "",
    "language": "spanish",
    "sentiment": "negative",
    "categories": [
        "Politics",
        "Social Issue"
    ],
    "webz_reporter": false,
    "external_links": [],
    "external_images": [],
    "entities": {
        "persons": [],
        "organizations": [],
        "locations": []
    },
    "rating": null,
    "crawled": "2024-06-07T00:52:53.562+03:00",
    "updated": "2024-06-07T04:29:55.357+03:00"
}