{
    "thread": {
        "uuid": "28f79d12cd0156dccf5e647944616c344dcf84ff",
        "url": "https://www.perfil.com/noticias/cordoba/van-a-hacer-un-desastre-una-concejala-critico-la-nueva-ordenanza-aprobada-que-afectara-a-villa-belgrano.phtml",
        "site_full": "www.perfil.com",
        "site": "perfil.com",
        "site_section": "https://www.perfil.com/feed",
        "site_categories": [
            "social",
            "top_news"
        ],
        "section_title": "Perfil",
        "title": "\"Van a hacer un desastre\": una concejala criticó la nueva ordenanza aprobada que afectará a Villa Belgrano",
        "title_full": "\"Van a hacer un desastre\": una concejala criticó la nueva ordenanza aprobada que afectará a Villa Belgrano",
        "published": "2024-06-06T23:30:00.000+03:00",
        "replies_count": 0,
        "participants_count": 1,
        "site_type": "news",
        "country": "AR",
        "main_image": "https://fotos.perfil.com/2024/06/06/trim/1140/641/villa-belgrano-cordoba-1815264.jpg",
        "performance_score": 0,
        "domain_rank": 8964,
        "domain_rank_updated": "2024-06-04T13:08:15.000+03:00",
        "reach": null,
        "social": {
            "facebook": {
                "likes": 0,
                "comments": 0,
                "shares": 0
            },
            "gplus": {
                "shares": 0
            },
            "pinterest": {
                "shares": 0
            },
            "linkedin": {
                "shares": 0
            },
            "stumbledupon": {
                "shares": 0
            },
            "vk": {
                "shares": 0
            }
        }
    },
    "uuid": "28f79d12cd0156dccf5e647944616c344dcf84ff",
    "url": "https://www.perfil.com/noticias/cordoba/van-a-hacer-un-desastre-una-concejala-critico-la-nueva-ordenanza-aprobada-que-afectara-a-villa-belgrano.phtml",
    "ord_in_thread": 0,
    "parent_url": null,
    "author": "Perfil Redacción Córdoba",
    "published": "2024-06-06T23:30:00.000+03:00",
    "title": "\"Van a hacer un desastre\": una concejala criticó la nueva ordenanza aprobada que afectará a Villa Belgrano",
    "text": "Llueven las críticas por la aprobación de la nueva ordenanza aprobada sobre la ocupación del suelo en los barrios Villa Belgrano y Argüello. Primero fueron los vecinos quienes ratificaron en un comunicado que \"una vez más, el gobierno municipal elige escuchar a los desarrollistas y no a los vecinos. El señor Daniel Passerini de manera voraz quieren hacer 'negocios' a costa de la destrucción de la identidad de los barrios de la zona y del ambiente\".\nCambios en Villa Belgrano: así es la nueva ordenanza y porqué los vecinos denuncian beneficios a los desarrollistas\nLa concejala Graciela Villata (Frente Cívico, Juntos por el Cambio) también criticó el proyecto, en específico, porque la nueva ordenanza permite \"actividades comerciales y de servicios en la costa del río Suquía\".\nVillata habló del artículo N.º 7, que se refiere al carácter urbanístico de la zona F, ubicada en la margen del río Suquía frente a la Reserva General San Martín hasta el puente de Villa Warcalde. El texto establece que esta área está destinada a un uso residencial con viviendas individuales, agrupadas y colectivas, junto con \"actividades comerciales y de servicio orientadas a la población barrial y/o sectorial\".\n\"Van a hacer un desastre. Si la anterior ordenanza destruyó Villa Belgrano, esto que piensan hacer en la zona F va a ser mucho peor\", dijo Villata según indicó el medio EnRedacción.\nLa concejala también resaltó la falta de consenso entre vecinos y desarrollistas respecto al proyecto, indicando que el Poder Ejecutivo no logra conciliar ambas posturas. \"Con este esquema que proponen, de ir barrio por barrio, vamos a tener 560 ordenanzas de desarrollo urbano en Córdoba\".\nMercado inmobiliario: entre el ajuste y las oportunidades, ¿qué ven los desarrollistas?\nPosteriormente, señaló que la municipalidad está promoviendo ordenanzas que benefician al municipio sin abordar los serios problemas que enfrenta actualmente Villa Belgrano debido a la explosión urbanística. \"Villa Belgrano no posee la infraestructura correspondiente para darle respaldo a cada una de las autorizaciones de construcción que se han hecho en la zona\", indicó Villata.\nY expresó que: \"ni los vecinos ni los desarrollistas están de acuerdo con la norma. El proyecto que presenta no satisface ni a uno no a otro\".",
    "highlightText": "",
    "highlightTitle": "",
    "highlightThreadTitle": "",
    "language": "spanish",
    "sentiment": "negative",
    "categories": [
        "Social Issue",
        "Politics"
    ],
    "webz_reporter": false,
    "external_links": [],
    "external_images": [],
    "entities": {
        "persons": [],
        "organizations": [],
        "locations": []
    },
    "rating": null,
    "crawled": "2024-06-07T00:31:59.392+03:00",
    "updated": "2024-06-07T00:31:59.392+03:00"
}