{
    "thread": {
        "uuid": "028f837bcd108a9a718ef6d98a1a72846fc87f2d",
        "url": "https://www.correiodopovo.com.br/colunistas/taline-oppitz/expectativas-frustradas-com-an%C3%BAncio-de-lula-para-o-rs-1.1501300",
        "site_full": "www.correiodopovo.com.br",
        "site": "correiodopovo.com.br",
        "site_section": "https://www.correiodopovo.com.br",
        "site_categories": [
            "media"
        ],
        "section_title": "Correio do Povo",
        "title": "Expectativas frustradas com anúncio de Lula para o RS",
        "title_full": "Expectativas frustradas com anúncio de Lula para o RS",
        "published": "2024-06-06T22:41:00.000+03:00",
        "replies_count": 0,
        "participants_count": 1,
        "site_type": "news",
        "country": "BR",
        "main_image": "https://www.correiodopovo.com.br/image/contentid/policy:1.1501299:1717706868/image.jpg?a=191%3A100&q=0.6&w=900&$p$a$q$w=61e089e",
        "performance_score": 0,
        "domain_rank": 53305,
        "domain_rank_updated": "2024-06-04T13:08:20.000+03:00",
        "reach": null,
        "social": {
            "facebook": {
                "likes": 0,
                "comments": 0,
                "shares": 0
            },
            "gplus": {
                "shares": 0
            },
            "pinterest": {
                "shares": 0
            },
            "linkedin": {
                "shares": 0
            },
            "stumbledupon": {
                "shares": 0
            },
            "vk": {
                "shares": 0
            }
        }
    },
    "uuid": "028f837bcd108a9a718ef6d98a1a72846fc87f2d",
    "url": "https://www.correiodopovo.com.br/colunistas/taline-oppitz/expectativas-frustradas-com-an%C3%BAncio-de-lula-para-o-rs-1.1501300",
    "ord_in_thread": 0,
    "parent_url": null,
    "author": "Taline Oppitz",
    "published": "2024-06-06T22:41:00.000+03:00",
    "title": "Expectativas frustradas com anúncio de Lula para o RS",
    "text": "Expectativas frustradas com anúncio de Lula para o RS Para o Palácio Piratini e entidades empresariais, medidas para manutenção de empregos no Estado ficaram aquém do esperado publicidade O esperado anúncio do governo federal, de [auxílio financeiro para evitar demissões no Estado](https://www.correiodopovo.com.br/not%C3%ADcias/pol%C3%ADtica/em-arroio-do-meio-lula-anuncia-programa-de-manuten%C3%A7%C3%A3o-de-empregos-no-rs-1.1501246), foi feito nesta quinta-feira, pelo ministro do Trabalho, Luiz Marinho, em fala que antecedeu a do presidente Lula, em Arroio do Meio (matéria na página 3 desta edição). As medidas, no entanto, pelo menos por ora, ficaram aquém das expectativas do Piratini e de entidades empresariais. Veja Também - Lula diz que irá discutir projeto no RS para levar excesso das águas dos rios ao mar - Municípios do RS não incluídos na MP poderão receber Auxílio-Reconstrução - Governo do RS e Porto Alegre assinam parceria para instalação de Centros Humanitários de Acolhimento Durante as agendas no Estado, em mais de uma oportunidade, Lula mencionou que a [burocracia não pode atrapalhar](https://www.correiodopovo.com.br/not%C3%ADcias/pol%C3%ADtica/n%C3%A3o-podemos-ficar-olhando-as-v%C3%ADrgulas-diz-lula-no-rs-sobre-burocracia-durante-a-trag%C3%A9dia-1.1501150). “Não basta anunciar, precisamos criar as condições para que as ações cheguem na ponta, para as pessoas”, disse. Lula reforçou o comprometimento do governo com os gaúchos, refez promessas e destacou ações de suas gestões, incluindo as passadas, como o combate à fome. Sua declaração oficial durou cerca de 22 minutos, bem menos do que em 15 de maio, quando falou por mais de uma hora, em ato em São Leopoldo, com forte viés político e que acabou se transformado em palanque. Apesar de ter sido bem mais enxuta, a cerimônia de hoje também foi marcada por momentos que flertaram com a campanha eleitoral municipal, que se aproxima, e também com a mais longínqua, de 2026. Durante as visitas a Cruzeiro do Sul e Arroio do Meio, na quarta visita que fez ao Estado desde o início da tragédia, Lula citou um dizer de sua mãe: “O que os olhos não veem, o coração não sente”. Em se tratando de ter a dimensão da situação enfrentada pelo Rio Grande do Sul, a frase é mais do que verdadeira. Não há foto ou imagem que faça jus à destruição.",
    "highlightText": "",
    "highlightTitle": "",
    "highlightThreadTitle": "",
    "language": "portuguese",
    "sentiment": "negative",
    "categories": [
        "Social Issue",
        "Politics",
        "Human Interest"
    ],
    "webz_reporter": false,
    "external_links": [],
    "external_images": [],
    "entities": {
        "persons": [],
        "organizations": [],
        "locations": []
    },
    "rating": null,
    "crawled": "2024-06-07T00:09:05.789+03:00",
    "updated": "2024-06-07T00:09:05.789+03:00"
}