{
    "thread": {
        "uuid": "993fe1d90c816bcba19e8b7afde11f98a74a84d5",
        "url": "https://www.telemundo.com/noticias/noticias-telemundo/internacional/video/expertos-creen-que-una-incertidumbre-que-puede-durar-meses-hizo-caer-la-bolsa-mexicana-tmvo12677726",
        "site_full": "www.telemundo.com",
        "site": "telemundo.com",
        "site_section": "https://www.telemundo.com/noticias",
        "site_categories": [
            "television",
            "entertainment"
        ],
        "section_title": "Noticias Telemundo: Últimas noticias en español de Estados Unidos y el mundo | Telemundo",
        "title": "Expertos creen que una incertidumbre que puede durar meses hizo caer la bolsa mexicana tras las elecciones | Telemundo",
        "title_full": "Expertos creen que una incertidumbre que puede durar meses hizo caer la bolsa mexicana tras las elecciones | Telemundo",
        "published": "2024-06-06T23:45:00.000+03:00",
        "replies_count": 0,
        "participants_count": 1,
        "site_type": "news",
        "country": "US",
        "main_image": "https://www.telemundo.com/sites/nbcutelemundo/files/styles/nbcnews-fp-1200-630/public/images/mpx/2024/06/06/34846088647-1080pnbcstations.jpg?ramen_itok=iqwQftIcTf",
        "performance_score": 0,
        "domain_rank": 13284,
        "domain_rank_updated": "2024-06-04T13:08:15.000+03:00",
        "reach": null,
        "social": {
            "facebook": {
                "likes": 0,
                "comments": 0,
                "shares": 0
            },
            "gplus": {
                "shares": 0
            },
            "pinterest": {
                "shares": 0
            },
            "linkedin": {
                "shares": 0
            },
            "stumbledupon": {
                "shares": 0
            },
            "vk": {
                "shares": 0
            }
        }
    },
    "uuid": "993fe1d90c816bcba19e8b7afde11f98a74a84d5",
    "url": "https://www.telemundo.com/noticias/noticias-telemundo/internacional/video/expertos-creen-que-una-incertidumbre-que-puede-durar-meses-hizo-caer-la-bolsa-mexicana-tmvo12677726",
    "ord_in_thread": 0,
    "parent_url": null,
    "author": "TELEMUNDO",
    "published": "2024-06-06T23:45:00.000+03:00",
    "title": "Expertos creen que una incertidumbre que puede durar meses hizo caer la bolsa mexicana tras las elecciones | Telemundo",
    "text": "- UP NEXT Las noticias del Mediodía, jueves 6 de junio de 202410:52 “Cuando llegamos, ya estaban en el piso”: hablan familiares de los latinos baleados en una tienda de Montgomery03:49 Estudio sugiere que costos de productos y servicios provocan una reducción en propinas para trabajadores01:49 Aumentan las solicitudes de ayuda por desempleo en la última semana de mayo00:24 La ola de calor se extenderá al menos hasta el fin de semana desde Texas hasta California00:56 Capturan a una boa constrictora que se escondía en un apartamento de Nueva York00:25 La FDA investiga 162 casos de salmonela que podrían estar relacionados con pepinos contaminados00:26 Seis de cada 10 adultos en EE.UU. desarrollará enfermedades cardiovasculares00:37 Causa preocupación el anuncio de que X permitirá publicar contenido pornográfico consensuado02:04 Biden participa en eventos por el 80 aniversario del desembarco en Normandía00:29 Mujer intentaba tomarse una 'selfie' cuando fue golpeada fatalmente por una locomotora en México02:05 Ponen en pausa el caso de interferencia electoral de Trump, pero recibe un revés en Nueva York00:40 \"Aquí vamos a permanecer\": migrantes no pierden la esperanza de cruzar pese a las medidas de Biden01:46 Un domo de alta presión es el causante de las temperaturas extremas en el país01:48 Tormentas y tornados causan estragos en Maryland. Hay al menos una persona gravemente herida00:22 \"Se encuentra bastante afectado\": habla el hermano del mexicano que estuvo detenido en Catar00:51 Incendian el negocio de un alcalde electo en Guanajuato. Se reportan dos muertos00:24 \"Vamos a defender el voto\", dijo Xóchitl Gálvez al exigir el recuento en el 80% de las casillas01:42 Fracasa en el Senado el intento por aprobar un proyecto que proteja el acceso a anticonceptivos00:27 - UP NEXT Las noticias del Mediodía, jueves 6 de junio de 202410:52 “Cuando llegamos, ya estaban en el piso”: hablan familiares de los latinos baleados en una tienda de Montgomery03:49 Estudio sugiere que costos de productos y servicios provocan una reducción en propinas para trabajadores01:49 Aumentan las solicitudes de ayuda por desempleo en la última semana de mayo00:24 La ola de calor se extenderá al menos hasta el fin de semana desde Texas hasta California00:56 Capturan a una boa constrictora que se escondía en un apartamento de Nueva York00:25 La FDA investiga 162 casos de salmonela que podrían estar relacionados con pepinos contaminados00:26 Seis de cada 10 adultos en EE.UU. desarrollará enfermedades cardiovasculares00:37 Causa preocupación el anuncio de que X permitirá publicar contenido pornográfico consensuado02:04 Biden participa en eventos por el 80 aniversario del desembarco en Normandía00:29 Mujer intentaba tomarse una 'selfie' cuando fue golpeada fatalmente por una locomotora en México02:05 Ponen en pausa el caso de interferencia electoral de Trump, pero recibe un revés en Nueva York00:40 \"Aquí vamos a permanecer\": migrantes no pierden la esperanza de cruzar pese a las medidas de Biden01:46 Un domo de alta presión es el causante de las temperaturas extremas en el país01:48 Tormentas y tornados causan estragos en Maryland. Hay al menos una persona gravemente herida00:22 \"Se encuentra bastante afectado\": habla el hermano del mexicano que estuvo detenido en Catar00:51 Incendian el negocio de un alcalde electo en Guanajuato. Se reportan dos muertos00:24 \"Vamos a defender el voto\", dijo Xóchitl Gálvez al exigir el recuento en el 80% de las casillas01:42 Fracasa en el Senado el intento por aprobar un proyecto que proteja el acceso a anticonceptivos00:27",
    "highlightText": "",
    "highlightTitle": "",
    "highlightThreadTitle": "",
    "language": "spanish",
    "sentiment": "negative",
    "categories": [
        "Politics",
        "Financial and Economic News",
        "Social Issue"
    ],
    "webz_reporter": false,
    "external_links": [],
    "external_images": [],
    "entities": {
        "persons": [],
        "organizations": [],
        "locations": []
    },
    "rating": null,
    "crawled": "2024-06-07T00:14:46.201+03:00",
    "updated": "2024-06-07T00:14:46.201+03:00"
}