{
    "thread": {
        "uuid": "15a30637fdfaba1bd4bbc0c7d0281d6f5e1370c7",
        "url": "https://www.opindia.com/2024/06/uttarakhand-trekkers-karnataka-cm-pushkar-dhami",
        "site_full": "www.opindia.com",
        "site": "opindia.com",
        "site_section": "https://www.opindia.com/",
        "site_categories": [
            "media"
        ],
        "section_title": "OpIndia",
        "title": "Uttarakhand: 9 Bengaluru trekkers die in Uttarkashi, operation on to rescue 13 others, CM Dhami expresses grief after the tragedy",
        "title_full": "Uttarakhand: 9 Bengaluru trekkers die in Uttarkashi, operation on to rescue 13 others, CM Dhami expresses grief after the tragedy",
        "published": "2024-06-06T11:04:00.000+03:00",
        "replies_count": 0,
        "participants_count": 1,
        "site_type": "news",
        "country": "US",
        "main_image": null,
        "performance_score": 0,
        "domain_rank": 21397,
        "domain_rank_updated": "2024-06-04T13:08:15.000+03:00",
        "reach": null,
        "social": {
            "facebook": {
                "likes": 0,
                "comments": 0,
                "shares": 0
            },
            "gplus": {
                "shares": 0
            },
            "pinterest": {
                "shares": 0
            },
            "linkedin": {
                "shares": 0
            },
            "stumbledupon": {
                "shares": 0
            },
            "vk": {
                "shares": 0
            }
        }
    },
    "uuid": "15a30637fdfaba1bd4bbc0c7d0281d6f5e1370c7",
    "url": "https://www.opindia.com/2024/06/uttarakhand-trekkers-karnataka-cm-pushkar-dhami",
    "ord_in_thread": 0,
    "parent_url": null,
    "author": "ANI",
    "published": "2024-06-06T11:04:00.000+03:00",
    "title": "Uttarakhand: 9 Bengaluru trekkers die in Uttarkashi, operation on to rescue 13 others, CM Dhami expresses grief after the tragedy",
    "text": "Uttarakhand Chief Minister Pushkar Singh Dhami on Thursday expressed grief over the death of nine trekkers who lost their lives in an accident in Uttarkashi.\nIn a post on X, CM Dhami informed that other 13 trekkers have been safely rescued.\n“The news of the death of 9 trekkers in an accident caused by bad weather on Sahastra Tal track is very sad. The administration has rescued 13 trekkers safely by conducting a rescue operation and a rescue operation is being conducted with the help of SDRF, district administration and Air Force to save other people. I pray to God to give peace to the departed souls and strength to the bereaved families to bear this immense loss and for the speedy and safe release of the trapped trekkers,” the Chief Minister said.\nThe team of 22 members had lost their way and got trapped due to bad weather on the route of Sahastra Tal in Uttarakhand’s Uttarkashi.\nThe administration has initiated ground and air rescue operations to save the remaining trekkers who are still stranded on the Sahastra Tal trek route.\n“Upon receiving the information, the administration acted upon it promptly and a rescue team of 10 members comprising officials from the SDRF, Forest Department and Police officials immediately rushed for the rescue operation,” said Arpan Yaduvanshi, Superintendent of Police, Uttarkashi.\nIn a post on X, District Magistrate Uttarkashi said that NDRF troops are deployed in the rescue operations.\n“Sahastra Tal Rescue Operation, the second day’s rescue operation started. Two helicopters left for the site of the incident from Harshil. Today the weather is clear at the site of the incident. Necessary rescue vehicles and staff are deployed at Natin helipad. One ambulance is deployed at Matli helipad, NDRF jawans are deployed at Matli helipad,” DM Uttarkashi said.\nIn the team of 22 trekkers, 18 belonged to Karnataka, one hailed from Maharashtra and three of them were local guides.\n(This news report is published from a syndicated feed. Except for the headline, the content has not been written or edited by OpIndia staff) ",
    "highlightText": "",
    "highlightTitle": "",
    "highlightThreadTitle": "",
    "language": "english",
    "sentiment": "negative",
    "categories": [
        "Politics",
        "Human Interest",
        "Disaster and Accident"
    ],
    "webz_reporter": false,
    "external_links": [],
    "external_images": [],
    "entities": {
        "persons": [
            {
                "name": "pushkar singh dhami",
                "sentiment": "negative"
            },
            {
                "name": "cm dhami",
                "sentiment": "negative"
            },
            {
                "name": "sahastra tal",
                "sentiment": "none"
            }
        ],
        "organizations": [
            {
                "name": "air force",
                "sentiment": "none"
            }
        ],
        "locations": [
            {
                "name": "uttarkashi",
                "sentiment": "none"
            },
            {
                "name": "uttarakhand",
                "sentiment": "none"
            },
            {
                "name": "sahastra tal",
                "sentiment": "none"
            }
        ]
    },
    "rating": null,
    "crawled": "2024-06-07T00:02:33.314+03:00",
    "updated": "2024-06-07T00:02:33.314+03:00"
}