{
    "thread": {
        "uuid": "c168b74ae28a299caca4d816195bc930aa841b18",
        "url": "https://www.t13.cl/noticia/nacional/manalich-alerto-gripe-aviar-puede-ser-agente-mas-probable-proxima-pandemia-6-6-2024",
        "site_full": "www.t13.cl",
        "site": "t13.cl",
        "site_section": "https://t13.cl/nacional",
        "site_categories": [
            "non_standard_content",
            "adult",
            "top_news"
        ],
        "section_title": "Chile | T13",
        "title": "Mañalich alertó que gripe aviar puede ser la próxima pandemia",
        "title_full": "Mañalich alertó que gripe aviar puede ser la próxima pandemia",
        "published": "2024-06-06T18:44:00.000+03:00",
        "replies_count": 0,
        "participants_count": 1,
        "site_type": "news",
        "country": "CL",
        "main_image": "https://s.t13.cl/sites/default/files/styles/manualcrop_850x475/public/t13/field-imagen/2024-06/A_UNO_1453170.jpg.jpeg?itok=WAQshHoY",
        "performance_score": 0,
        "domain_rank": 26736,
        "domain_rank_updated": "2024-06-04T13:08:15.000+03:00",
        "reach": null,
        "social": {
            "facebook": {
                "likes": 0,
                "comments": 0,
                "shares": 0
            },
            "gplus": {
                "shares": 0
            },
            "pinterest": {
                "shares": 0
            },
            "linkedin": {
                "shares": 0
            },
            "stumbledupon": {
                "shares": 0
            },
            "vk": {
                "shares": 0
            }
        }
    },
    "uuid": "c168b74ae28a299caca4d816195bc930aa841b18",
    "url": "https://www.t13.cl/noticia/nacional/manalich-alerto-gripe-aviar-puede-ser-agente-mas-probable-proxima-pandemia-6-6-2024",
    "ord_in_thread": 0,
    "parent_url": null,
    "author": "T13",
    "published": "2024-06-06T18:44:00.000+03:00",
    "title": "Mañalich alertó que gripe aviar puede ser la próxima pandemia",
    "text": "El ex ministro de Salud en la administración de Sebastián Piñera, [Jaime Mañalich](https://www.t13.cl/etiqueta/jaime-mañalich), alertó que el virus Influenza H5N1 —conocido como gripe aviar— podría convertirse en una nueva pandemia así como el COVID-19. Mediante su cuenta de X, Mañalich explicó que \"el agente más probable de la próxima pandemia es el virus Influenza H5N1 (gripe aviar), que está saltando de aves a mamíferos, incluidos humanos. Es imprescindible vigilancia hiperactiva\". En abril de este año Estados Unidos detectó el segundo caso humano de influenza aviar (H5N1) y el primero relacionado con la exposición al ganado. Hubo un caso anterior en 2022, en Colorado, de una persona que tuvo exposición directa a aves de corral. La gripe aviar (H5N1) \"es un tipo de virus de la gripe que generalmente infecta a las aves silvestres y puede transmitirse a las aves domésticas y a otros animales. Ocasionalmente infecta a personas, aunque es extremadamente raro que se transmita de una persona a otra\", señalaron las autoridades en ese entonces. Gripe aviar H5N2 Por otro lado, la Organización Mundial de la Salud (OMS) confirmó la [primer caso mortal de gripe aviar en humanos](https://www.t13.cl/noticia/mundo/oms-confirmo-primer-caso-mortal-gripe-aviar-humanos-5-6-2024) correspondiente a una infección por el subtipo A (H5N2) de influenza aviar notificada a nivel mundial, además de la primera infección por el virus H5 en una persona notificada en México. El paciente presentaba \"múltiples patologías subyacentes\" y el 17 de abril desarrolló fiebre, problemas respiratorios, diarrea y náuseas, antes de fallecer el 24 de abril, dijo la OMS. En otro comunicado, el gobierno mexicano señaló que era \"un hombre de 59 años, con antecedente de enfermedad renal crónica, diabetes tipo 2, hipertensión arterial sistémica de larga evolución, residente en el Estado de México\". [Síguenos en ](https://news.google.com/publications/CAAiEOgjh55R1O_OHSPw0T00iXYqFAgKIhDoI4eeUdTvzh0j8NE9NIl2)",
    "highlightText": "",
    "highlightTitle": "",
    "highlightThreadTitle": "",
    "language": "spanish",
    "sentiment": "negative",
    "categories": [
        "Politics",
        "Health",
        "Disaster and Accident"
    ],
    "webz_reporter": false,
    "external_links": [
        "https://news.google.com/publications/CAAiEOgjh55R1O_OHSPw0T00iXYqFAgKIhDoI4eeUdTvzh0j8NE9NIl2)",
        "https://www.news.google.com/publications/CAAiEOgjh55R1O_OHSPw0T00iXYqFAgKIhDoI4eeUdTvzh0j8NE9NIl2)"
    ],
    "external_images": [],
    "entities": {
        "persons": [],
        "organizations": [],
        "locations": []
    },
    "rating": null,
    "crawled": "2024-06-07T00:01:32.773+03:00",
    "updated": "2024-06-07T00:01:32.773+03:00"
}