{
    "thread": {
        "uuid": "f6018ab3dd597dd4871a1bda5adc44fa6ca84ec3",
        "url": "https://www.thenews.com.pk/print/1197656-on-the-edge",
        "site_full": "www.thenews.com.pk",
        "site": "thenews.com.pk",
        "site_section": "https://www.thenews.com.pk",
        "site_categories": [
            "media"
        ],
        "section_title": "The News International: Latest News Breaking, Pakistan News",
        "title": "On the edge",
        "title_full": "On the edge",
        "published": "2024-06-06T19:00:00.000+03:00",
        "replies_count": 0,
        "participants_count": 1,
        "site_type": "news",
        "country": "US",
        "main_image": "https://www.thenews.com.pk/assets/uploads/akhbar/2024-06-07/l_1197656_014742_updates.jpg",
        "performance_score": 0,
        "domain_rank": 5161,
        "domain_rank_updated": "2024-06-04T13:08:15.000+03:00",
        "reach": null,
        "social": {
            "facebook": {
                "likes": 0,
                "comments": 0,
                "shares": 0
            },
            "gplus": {
                "shares": 0
            },
            "pinterest": {
                "shares": 0
            },
            "linkedin": {
                "shares": 0
            },
            "stumbledupon": {
                "shares": 0
            },
            "vk": {
                "shares": 0
            }
        }
    },
    "uuid": "f6018ab3dd597dd4871a1bda5adc44fa6ca84ec3",
    "url": "https://www.thenews.com.pk/print/1197656-on-the-edge",
    "ord_in_thread": 0,
    "parent_url": null,
    "author": "News Desk",
    "published": "2024-06-06T19:00:00.000+03:00",
    "title": "On the edge",
    "text": "Notwithstanding what the PTI is or is not saying, the levels of polarization in the country are at unprecedented levels. The curbs on social media and other measures to suppress the people’s voice will not do much. The country needs consolidation, a grand dialogue as recently suggested by Senator Raza Rabbani. Sadly, no one, including the powerful elements, is interested in reading between the lines. The elephant in the room should be noticed and paid attention to as soon as possible and corrective measures should be taken quickly. The gloomy picture of the overall political landscape is worrisome and could spill over and damage the unity of the country and push the people further towards anarchy. The people in power should sit and solve this problem for the sake of the country. Anas A Khan Edmonton Canada For a country with a written constitution and laws, judgments must be strictly based on written laws. Pakistan has... This letter refers to the article ‘Unthinkable thoughts’ dated June 2, 2024. Imagine a nation celebrating its... Last Sunday, I had a chance to talk to two young people. But I felt sorry for those boys when I heard from them that... Over the past few decades, we have witnessed a significant increase in extreme weather events, rising global... Allama Iqbal library, which happens to be one of the few public libraries in Rawalpindi, faces unprecedented... This letter refers to the news report ‘Punjab government takes key steps to counter organized begging’ . We need...",
    "highlightText": "",
    "highlightTitle": "",
    "highlightThreadTitle": "",
    "language": "english",
    "sentiment": "negative",
    "categories": [
        "Social Issue",
        "Politics"
    ],
    "webz_reporter": false,
    "external_links": [],
    "external_images": [],
    "entities": {
        "persons": [
            {
                "name": "anas",
                "sentiment": "none"
            },
            {
                "name": "raza rabbani",
                "sentiment": "none"
            }
        ],
        "organizations": [
            {
                "name": "pti",
                "sentiment": "neutral"
            }
        ],
        "locations": [
            {
                "name": "pakistan",
                "sentiment": "none"
            },
            {
                "name": "khan edmonton canada",
                "sentiment": "none"
            }
        ]
    },
    "rating": null,
    "crawled": "2024-06-07T00:49:47.356+03:00",
    "updated": "2024-06-07T00:49:47.356+03:00"
}