{
    "thread": {
        "uuid": "ebe9d326f3b9245264afe0ab1fa51d9a4c60de5c",
        "url": "https://larepublica.pe/politica/2024/06/06/rmp-hace-mas-de-un-ano-que-el-congreso-no-para-de-atacar-a-la-jnj-579792",
        "site_full": "larepublica.pe",
        "site": "larepublica.pe",
        "site_section": "https://larepublica.pe",
        "site_categories": [
            "media",
            "top_news"
        ],
        "section_title": "Últimas noticias de última hora del Perú y el mundo en La República",
        "title": "RMP: Hace más de un año que el Congreso no para de atacar a la JNJ | Política | La República",
        "title_full": "RMP: Hace más de un año que el Congreso no para de atacar a la JNJ | Política | La República",
        "published": "2024-06-06T23:22:00.000+03:00",
        "replies_count": 0,
        "participants_count": 1,
        "site_type": "news",
        "country": "PE",
        "main_image": "https://imgmedia.larepublica.pe/1200x630/larepublica/original/2024/06/06/6661ce6e06ec6a483010c9db.jpg",
        "performance_score": 0,
        "domain_rank": 7994,
        "domain_rank_updated": "2024-06-04T13:08:15.000+03:00",
        "reach": null,
        "social": {
            "facebook": {
                "likes": 0,
                "comments": 0,
                "shares": 12
            },
            "gplus": {
                "shares": 0
            },
            "pinterest": {
                "shares": 0
            },
            "linkedin": {
                "shares": 0
            },
            "stumbledupon": {
                "shares": 0
            },
            "vk": {
                "shares": 0
            }
        }
    },
    "uuid": "ebe9d326f3b9245264afe0ab1fa51d9a4c60de5c",
    "url": "https://larepublica.pe/politica/2024/06/06/rmp-hace-mas-de-un-ano-que-el-congreso-no-para-de-atacar-a-la-jnj-579792",
    "ord_in_thread": 0,
    "parent_url": null,
    "author": "Rosa Lopez",
    "published": "2024-06-06T23:22:00.000+03:00",
    "title": "RMP: Hace más de un año que el Congreso no para de atacar a la JNJ | Política | La República",
    "text": "RMP tras aprobación del predictamen en la Comisión de Constitución: \"El Congreso no para de atacar a la JNJ\" La periodista mencionó que el Congreso está decidido a modificar importantes secciones de la Constitución ante la pasividad de la población. [Rosa Maria Palacios](https://larepublica.pe/tag/rosa-maria-palacios), a través del programa Sin Guion, se pronunció sobre el predictamen aprobado en la Comisión de Constitución que busca eliminar a la Junta Nacional de Justicia (JNJ) y crear la Escuela Nacional de la Magistratura. La periodista mencionó que el Congreso está decidido a modificar importantes secciones de la Constitución ante la pasividad de la población, pues el dictamen preparado por la exfiscal [Gladys Echaiz](https://larepublica.pe/tag/gladys-echaiz) , aprobado con 13 votos a favor, 5 en contra y 5 abstenciones, tiene diseñado todo un sistema para que los miembros del próximo reemplazo de la JNJ pasen por otro esquema que no sea el aprobado a través de un referéndum en diciembre de 2018. PUEDES VER: [JNJ tras aprobación de predictamen en Constitución: “Afecta a todo el sistema de justicia”] Bajo ese contexto, Palacios recuerda que el origen de la Junta Nacional de Justicia se dio cuando, en julio del mismo año, se filtró un audio donde se negociaban los puestos de fiscales y jefes del Consejo Nacional de la Magistratura, hecho que desencadenó la destitución de los miembros de aquel entonces. Posteriormente, el expresidente [Vizcarra ](https://larepublica.pe/tag/martin-vizcarra) presentó un proyecto de reforma constitucional que culminó en un referéndum, donde el 86% de los peruanos aprobaron la modificación del sistema de justicia, entre otros temas, como el fin de la reelección congresal. Palacios menciona que \"hace más de un año que el Congreso no para de atacar a la Junta Nacional\" desde que destituyó a todos sus miembros por causas graves el año pasado e inhabilitó por 10 años a dos de ellos. Además, si la [Comisión de Constitución](https://larepublica.pe/tag/comision-de-constitucion) también aprobó el dictamen para que puedan elegir de manera directa a los jefes de la ONPE y la RENIEC, lo que el Pleno está buscando sería apoderarse en su totalidad del sistema electoral y de justicia. RMP también se pronunció sobre la agenda del viaje a China de Boluarte y la aprobación de la Comisión de Relaciones Exteriores Palacios cuestionó la agenda del viaje de la presidenta Boluarte a China, que fue autorizado en el Pleno del Congreso el día de ayer con 71 votos a favor, 41 en contra y 6 abstenciones. Si bien se presenta como una visita de Estado, 3 de los 7 días serán destinados a reuniones con empresarios chinos y constructoras. Entre ellos, se incluyen representantes de la empresa de tecnología Huawei, la misma que financia algunos de los viajes de los congresistas. Asimismo, Rosa María Palacios también se pronunció sobre la aprobación del dictamen del proyecto de ley que busca regular y sancionar a las Organizaciones No Gubernamentales (ONG) que reciben financiamiento del exterior, bajo el pretexto de contribuir con la supervisión y correcto uso de recursos del exterior. Según la periodista, esta aprobación por parte de la Comisión de Relaciones Exteriores del [Congreso](https://larepublica.pe/tag/congreso-del-peru) es una violación a la Constitución y pondría en riesgo el financiamiento de organizaciones de prensa, defensoras de derechos humanos y las que defienden la salud sexual y reproductiva en mujeres. Organizaciones que, para Palacios, serían 'enemigas' de los congresistas.",
    "highlightText": "",
    "highlightTitle": "",
    "highlightThreadTitle": "",
    "language": "spanish",
    "sentiment": "negative",
    "categories": [
        "Human Interest",
        "Politics",
        "Crime, Law and Justice"
    ],
    "webz_reporter": false,
    "external_links": [],
    "external_images": [],
    "entities": {
        "persons": [],
        "organizations": [],
        "locations": []
    },
    "rating": null,
    "crawled": "2024-06-07T00:31:00.370+03:00",
    "updated": "2024-06-07T00:31:00.370+03:00"
}