{
    "thread": {
        "uuid": "3fba349ff2341bbfd69a35cb6d8082e7bb5e5be3",
        "url": "https://vnexplorer.net/z/617163.html",
        "site_full": "vnexplorer.net",
        "site": "vnexplorer.net",
        "site_section": "https://vnexplorer.net/fr",
        "site_categories": [
            "health",
            "cold_and_flu"
        ],
        "section_title": "FR - VNExplorer",
        "title": "L’ancien conseiller de Donald Trump, Steve Bannon, doit aller en prison d’ici le 1er juillet",
        "title_full": "L’ancien conseiller de Donald Trump, Steve Bannon, doit aller en prison d’ici le 1er juillet",
        "published": "2024-06-06T16:18:00.000+03:00",
        "replies_count": 0,
        "participants_count": 1,
        "site_type": "news",
        "country": "VN",
        "main_image": "https://img-s-msn-com.akamaized.net/tenant/amp/entityid/BB1nLlYY.img",
        "performance_score": 0,
        "domain_rank": 85205,
        "domain_rank_updated": "2024-06-04T13:08:26.000+03:00",
        "reach": null,
        "social": {
            "facebook": {
                "likes": 0,
                "comments": 0,
                "shares": 0
            },
            "gplus": {
                "shares": 0
            },
            "pinterest": {
                "shares": 0
            },
            "linkedin": {
                "shares": 0
            },
            "stumbledupon": {
                "shares": 0
            },
            "vk": {
                "shares": 0
            }
        }
    },
    "uuid": "3fba349ff2341bbfd69a35cb6d8082e7bb5e5be3",
    "url": "https://vnexplorer.net/z/617163.html",
    "ord_in_thread": 0,
    "parent_url": null,
    "author": "VNExplorer",
    "published": "2024-06-06T16:18:00.000+03:00",
    "title": "L’ancien conseiller de Donald Trump, Steve Bannon, doit aller en prison d’ici le 1er juillet",
    "text": "Le 6 janvier 2021, Steve Bannon avait échangé au téléphone avec Donald Trump. AFP/Getty Images/Kent Nishimura Il ne pourra ainsi plus conseiller l’ancien président. Un juge fédéral américain a ordonné jeudi que l’idéologue populiste de droite Steve Bannon, ex-influent conseiller de Donald Trump à la Maison Blanche, commence à purger sa peine de quatre mois de prison au plus tard le 1er juillet. La peine prononcée en octobre 2022 pour entrave aux pouvoirs d’enquête du Congrès en raison du refus de Steve Bannon de coopérer avec l’enquête parlementaire sur l’assaut du Capitole le 6 janvier 2021 avait été confirmée en appel le 10 mai 2024. Son application avait été suspendue en raison d’un recours de la défense, mais le juge Carl Nichols a levé cette suspension à la demande de l’accusation et ordonné que le prévenu, 70 ans, se présente en prison le 1er juillet au plus tard. Un autre ex-conseiller de Donald Trump à la Maison Blanche, Peter Navarro, également condamné à quatre mois de prison pour les mêmes faits, a commencé à purger sa peine en mars 2024. Un coup de téléphone à Donald Trump Le 6 janvier 2021, Steve Bannon avait échangé au téléphone avec Donald Trump. Ce jour-là, des centaines de partisans du président républicain sortant avaient pris d’assaut le Capitole, siège du Congrès américain, afin de tenter d’y empêcher la certification de la victoire de son adversaire démocrate Joe Biden à l’élection de novembre 2020. Donald Trump n’a pas été directement inquiété par la justice pour l’assaut du Capitole, bien que la commission d’enquête parlementaire sur le 6 janvier 2021 ait recommandé en décembre 2022 des poursuites pénales à son encontre, notamment pour appel à la rébellion et complot contre les institutions américaines. Il a néanmoins été inculpé en août 2023 par un tribunal fédéral à Washington puis par la justice de l’État de Géorgie pour ses tentatives présumées illicites d’obtenir l’inversion des résultats de l’élection de 2020. C’est dans les derniers mois de la campagne victorieuse de Donald Trump en 2016 que Steve Bannon a commencé à imprimer sa marque, dénonçant un ordre mondial contrôlé par des élites politiques et financières. Il l’a suivi à la Maison Blanche en 2017 mais a été forcé de quitter l’exécutif en août 2017 après les violences de Charlottesville en Virginie, où avait lieu un rassemblement de militants de la droite radicale. Une jeune femme avait trouvé la mort après qu’un sympathisant néonazi eut foncé en voiture dans un groupe de manifestants antiracistes.",
    "highlightText": "",
    "highlightTitle": "",
    "highlightThreadTitle": "",
    "language": "french",
    "sentiment": "negative",
    "categories": [
        "Politics",
        "Crime, Law and Justice"
    ],
    "webz_reporter": false,
    "external_links": [],
    "external_images": [],
    "entities": {
        "persons": [],
        "organizations": [],
        "locations": []
    },
    "rating": null,
    "crawled": "2024-06-07T00:50:27.422+03:00",
    "updated": "2024-06-07T00:50:27.422+03:00"
}