{
    "thread": {
        "uuid": "a0b2b31629ade93828a96e53a698e227e928ae67",
        "url": "https://www.meneame.net/story/aqui-teneis-nazis-desokupa-soraluze-rabo-entre-piernas-bajar-no/c075",
        "site_full": "www.meneame.net",
        "site": "meneame.net",
        "site_section": "http://meneame.net//comments_rss",
        "site_categories": [
            "media",
            "top_news"
        ],
        "section_title": "Menéame: comentarios",
        "title": "#75 Aquí tenéis a los nazis de desokupa en Soraluze con el rabo entre las piernas: Bajar, no bajan",
        "title_full": "#75 Aquí tenéis a los nazis de desokupa en Soraluze con el rabo entre las piernas: Bajar, no bajan",
        "published": "2024-06-06T23:16:00.000+03:00",
        "replies_count": 0,
        "participants_count": 1,
        "site_type": "news",
        "country": "ES",
        "main_image": "https://meneame.net/img/logo_meneame.png",
        "performance_score": 0,
        "domain_rank": 11042,
        "domain_rank_updated": "2024-06-04T13:08:15.000+03:00",
        "reach": null,
        "social": {
            "facebook": {
                "likes": 0,
                "comments": 0,
                "shares": 0
            },
            "gplus": {
                "shares": 0
            },
            "pinterest": {
                "shares": 0
            },
            "linkedin": {
                "shares": 0
            },
            "stumbledupon": {
                "shares": 0
            },
            "vk": {
                "shares": 0
            }
        }
    },
    "uuid": "a0b2b31629ade93828a96e53a698e227e928ae67",
    "url": "https://www.meneame.net/story/aqui-teneis-nazis-desokupa-soraluze-rabo-entre-piernas-bajar-no/c075",
    "ord_in_thread": 0,
    "parent_url": null,
    "author": "yonosoycobarde",
    "published": "2024-06-06T23:16:00.000+03:00",
    "title": "#75 Aquí tenéis a los nazis de desokupa en Soraluze con el rabo entre las piernas: Bajar, no bajan",
    "text": "Portada\nmis comunidades\notras secciones\n[#53](c53#c-53) Sí. Hay afirmaciones dentro de tus preguntas que son falsas o cuestionables y, por tanto, tú te estás montando una historia. Le faltan dinosaurios. Si quieres te doy más detalles, pero ya me sé cómo suelen terminar estas cosas.\n[#46](c46#c-46) nadie discute que ocupar sea ilegal. Pero dependiendo del contexto es una ilegalidad que apruebo. No todo es blanco o negro. Ten en cuenta que la ley la hacen los de arriba, y tu y yo estamos abajo.\nMe reitero, que un twit sea noticia donde sigue apareciendo Desokupa cuando no es la misma empresa es errónea o sensacionalista.\nSeguro que si el twit pusiera \"empresa desocupación de 2 tarados nazis\" no tendría el mismo impacto.\nPero quién ha decidido subir la noticia ya los sabía de sobra como tambien sabe de sobra que nadie le va a toser en Meneame\n[#14](c14#c-14) Unos son una burda imitación de AliExpress de los buenos.\nSi llega el día que necesitases de sus servicios (Dios no lo quiera) no te ahorres 4 perras y contrata a los mejores.\n[#21](c21#c-21)\nUnos hacen bien su trabajo aunque escueza en algunas coordenadas ideológicas porque conllevaría aceptar que hay un problema con la ocupación ilegal de vivienda.\nOtros, los malos, son los que quieren vivir a costa de la fama de los primeros, sin escrúpulos y haciendo las cosas muy mal. Aquí sí te puedo entender lo de llamarlos cucarachas porque son matones que generan la mala fama en el sector\n[#25](c25#c-25) ¿Bien su trabajo?\nAhora los que metín los cadáveres en la cámara de gas \"hacían bie su trabajo\"\nLo de \"acabar con un problema\", que no existe , is todavía más ridículo.\n[#26](c26#c-26) Como empresa tienen demasiado trabajo, más de 9000 desokupaciones sin problemas legales. Supongo que te escuece y de ahí esos intentos de buscar paralelismos con cámaras de gas...\nLuego están los imitadores que al ser unos matones y delincuentes sí que se llevan las denuncias.\nPara ridículo el tuyo por aseverar que no existe el problema cuando está empresa no para de facturar...\nPero bueno, ya sé que todo esto lo sabes de sobra y solo quieres tener la última palabra porque te escuece no tener la razón.\nPuedes contestar lo que gustes que por mi parte ya terminé de relacionarme contigo\n#48 9000 dice. 90.000 millones. Ya puestos a inventar. Hace falta tener taras en áreas como las matemáticas para creerse las soplapolleces de los nazis estos.\n[#25](c25#c-25) El problema de la ocupación ilegal de vivienda es pura ficción, fuegos de artificio para que tarados sin talento sigan viviendo (de puta madre) a costa de votantes borregos. Se hace creer a la población que impagados hipotecarios o alquileres que no se pueden afrontar son rastafaris dando patadas a las puertas.\nEl problema real es el del acceso a la vivienda, que es un derecho básico, pero ese es un problema que requiere soluciones más sesudas y molestar al poder.\n[#11](c11#c-11) Tienes razón, es esta:\nhttps://www.google.com/amp/s/www.elespanol.com/castilla-y-leon/region/20231113/primera-empresa-desokupacion-castilla-leon-propietarios-llorado-devolverles-casas/808419414_0.amp.html\nAhora. Aquí es como predicar en el desierto. Y no se bajan a bajar de la burra.\n[#17](c17#c-17) Son las matemáticas neonazis. Cuando les dan de hostias, o se cagan vivos, siempre dan números locos para que suene todo como si fuese El señor de los anillos. Yo recuerdo a uno hace años que dijo que le habían dado de hostias más gente de la que había en el propio local. Entraron mágicamente 30 personas a partirle la cara en un pub en el que no había más de 10 y se dispersaron al momento.\n[#23](c23#c-23) Algunos es que no dais para más. Que no vea Antena 3... No hace falta ver la tele, ¿Es Antena 3 la que lo cuenta o es la realidad que nos dice que hay empresas de estas que crecen como setas? Supongo que nacen estas empresas y la gente les llama porque han visto que hay mucha ocupación \"según la tele\" pero no porque haya ocupaciones....\n¿No será que hay empresas para esto que salen de todas partes porque realmente en ese país tenemos un problema real de ocupación de pisos?\n[#40](c40#c-40) ¿Es Antena 3 la que lo cuenta o es la realidad que nos dice que hay empresas de estas que crecen como setas?\nEs Antena 3 la que lo cuenta. Las bandas de violentos nazis llevan muchas décadas entre nosotros.\n[#12](c12#c-12) puedes llamar a un juez, no vives en la selva. Esta piara no es necesaria para nadie, y si están ahí es para hacer de matones de los fondos buitre\n[#34](c34#c-34) Si denuncias, solo pasan algunas horas hasta que los sacan de tu casa. No es lo habitual porque los ocupas saben que no van a durar mucho y encima con cargos. Hace poco salió un caso de una persona mayor que le habían ocupado su casa y en el mismo día la policía los desalojó.\nEl problema es que la gente llama ocupación a una morosidad y no es lo mismo.\n[#47](c47#c-47) Que una cosa es una usurpación y otra un allanamiento. El allanamiento se resuelve llamando a la policía e importa tres pepinos que lleven ahí dentro horas, una semana o un mes: no tienen contrato, la casa no es suya y te están robando. En la usurpación se quieren hacer con tu casa para vivir porque no te están pagando algo que habías pactado.\nYo no sé qué película se ha montado\n[#34](c34#c-34), pero me parece el típico trol astroturfer si a estas alturas sigue hablando de \"ocupación\" sin dejarnos claro cuál es el tipo de movida en la que dice que se mete.\n[#12](c12#c-12) No temas, no te la van a ocupar.\nPero si ocurriera, espero que se les trate a ellos y a ti como os merecéis y como se merecen todos los mafiosos que se saltan la ley por puro egoísmo y desprecio a la sociedad: que os pongan delante de un juez y os envíen a la cárcel si os declaran culpables, que es el lugar que merecen todos los que no se saben adaptar a vivir en sociedad.\n[#2](c2#c-2) Lo que no es es Desokupa de Dani Estévez, es Desokupacyl.\nhttps://www.google.com/amp/s/www.elespanol.com/castilla-y-leon/region/20231113/primera-empresa-desokupacion-castilla-leon-propietarios-llorado-devolverles-casas/808419414_0.amp.html\nSiguen siendo nazis igual pero no hay que mentir.\nAnte esta situación, junto a Luis decidieron poner en marcha DesokupaCYL, la única empresa a nivel de Castilla y León que realiza desalojos de viviendas que estén okupadas\nAunque intentéis manipular, no es la empresa Desokupa de Dani Esteve.\n\"Aquí tenéis a los nazis de desokupa en Soraluze\"\nNi nazis. Ni de \"desokupa\".\nEsta noticia es BULO.\n[#29](c29#c-29) Es la empresa Desokupa CyL de Valladolid.\nY claro que no son nazis, no. Lo dice Antena 3. Lo dice La Razón.\nNo creo que sean de desokupa. Parece de alguna copia cutre. De todas maneras, lo triste es que haga falta que empresas de matones tengan que hacer lo que debería garantizar el estado. Y me jode tener que defenderlos, pero eso de con el rabo entre las piernas... Qué esperan, que se peguen con decenas de personas que les están esperando?\nPues habria que saber mas para opinar con rigor, pero si el piso es de algun banco, un fondo buitre o un gran tenedor yo tengo claro a quien me gustaria ver esposado.\nSi, ya se que existe mucho muerto de hambre sin conciencia de clase que venderia a su padre por llenar su barriga, pero es lo que tiene el fascismo, se alimenta de lo peor de los cobardes, traidores, miserables... resumiendo, el subproletariado esclavo de su propia iniquidad,\nno te digo nada, pero te estoy diciendo tó.\n39\n# Joder matxo... Que no les ves las pintas o que?... O acaso no se las quieres ver y los ves como sacristanes de tu parroquia?\nJJ.SS. Luchando contra el fascismo siempre. Gora euskadi.\nQue flipados, con el símbolo de una placa de policía en la camiseta....dime de que presumes y te diré de que careces\nLe tiembla la voz al capitan piojos.\nNo se si son nazis... pero pinta tienen.. . Desokupa no son que esos nonse atrevem a ir por el Euskadi rural.\n[#5](c5#c-5) Pues que quieres que te diga.., seria otro nazi muerto y mas estiercol pal huerto.\nFAXISTAK KANPORA. 👊\n[#13](c13#c-13) Este más que sentado a la mesa suele andar debajo de la mesa en busca de sobras y limpiando sables, que para poco más le da el cacahuete que tiene entre las dos orejas.",
    "highlightText": "",
    "highlightTitle": "",
    "highlightThreadTitle": "",
    "language": "spanish",
    "sentiment": "negative",
    "categories": [
        "Politics",
        "Social Issue",
        "Human Interest"
    ],
    "webz_reporter": false,
    "external_links": [
        "https://www.google.com/amp/s/www.elespanol.com/castilla-y-leon/region/20231113/primera-empresa-desokupacion-castilla-leon-propietarios-llorado-devolverles-casas/808419414_0.amp.html",
        "https://google.com/amp/s/www.elespanol.com/castilla-y-leon/region/20231113/primera-empresa-desokupacion-castilla-leon-propietarios-llorado-devolverles-casas/808419414_0.amp.html"
    ],
    "external_images": [],
    "entities": {
        "persons": [],
        "organizations": [],
        "locations": []
    },
    "rating": null,
    "crawled": "2024-06-07T00:47:55.011+03:00",
    "updated": "2024-06-07T00:47:55.011+03:00"
}