{
    "thread": {
        "uuid": "0209623cfbcbf2dd6e6259e9d2d1ca05af9abd37",
        "url": "https://www.cbsnews.com/newyork/video/hundreds-of-new-yorkers-rally-to-protest-bidens-new-asylum-seeker-restrictions",
        "site_full": "www.cbsnews.com",
        "site": "cbsnews.com",
        "site_section": "https://www.cbsnews.com/newyork/entertainment/",
        "site_categories": [
            "media",
            "television",
            "entertainment",
            "top_news"
        ],
        "section_title": "Latest entertainment news from CBS New York",
        "title": "Hundreds of New Yorkers rally to protest Biden's new asylum seeker restrictions - CBS New York",
        "title_full": "Hundreds of New Yorkers rally to protest Biden's new asylum seeker restrictions - CBS New York",
        "published": "2024-06-06T03:00:00.000+03:00",
        "replies_count": 0,
        "participants_count": 1,
        "site_type": "news",
        "country": "US",
        "main_image": "https://assets3.cbsnewsstatic.com/hub/i/r/2024/06/06/0ca2cc37-d2b9-4cf1-b4b6-7814c3199cb5/thumbnail/1200x630/92ff74867f6e160f7ffb59a3ed5fb33b/e41de87bb5e3300b90d96f9c1380978e.jpg?v=94cbb61397dbf7eca3740fa55510ba88",
        "performance_score": 0,
        "domain_rank": 193,
        "domain_rank_updated": "2024-06-04T13:08:15.000+03:00",
        "reach": null,
        "social": {
            "facebook": {
                "likes": 0,
                "comments": 0,
                "shares": 0
            },
            "gplus": {
                "shares": 0
            },
            "pinterest": {
                "shares": 0
            },
            "linkedin": {
                "shares": 0
            },
            "stumbledupon": {
                "shares": 0
            },
            "vk": {
                "shares": 0
            }
        }
    },
    "uuid": "0209623cfbcbf2dd6e6259e9d2d1ca05af9abd37",
    "url": "https://www.cbsnews.com/newyork/video/hundreds-of-new-yorkers-rally-to-protest-bidens-new-asylum-seeker-restrictions",
    "ord_in_thread": 0,
    "parent_url": null,
    "author": "CBS New York",
    "published": "2024-06-06T03:00:00.000+03:00",
    "title": "Hundreds of New Yorkers rally to protest Biden's new asylum seeker restrictions - CBS New York",
    "text": "Latest U.S. World Politics Entertainment HealthWatch MoneyWatch Investigations Crime Space Sports Local News Baltimore Bay Area Boston Chicago Colorado Detroit Los Angeles Miami Minnesota New York Philadelphia Pittsburgh Sacramento Texas Live CBS News 24/7 Baltimore Bay Area Boston Chicago Colorado Detroit Los Angeles Miami Minnesota New York Philadelphia Pittsburgh Sacramento Texas Shows 48 Hours 60 Minutes America Decides CBS Evening News CBS Mornings CBS News Eye on America CBS News Mornings CBS Reports CBS Saturday Morning The Daily Report The Dish Face the Nation Here Comes the Sun Person to Person Sunday Morning The Takeout The Uplift Weekender CBS News Investigates Photos Podcasts In Depth Newsletters Download Our App CBS News Team Executive Team Paramount Shop Paramount+ Join Our Talent Community RSS Feeds A Moment With... Innovators & Disruptors New York News All News NY News NJ News CT News LI News U.S. World Health Business Entertainment Politics Tech CBS+ Weather First Alert Weather Radars & Maps CBS2 Weather Map CBS2 Weather Watchers First Alert Weather 101 Share Photos & Videos Congestion Pricing Sports All Sports Giants Yankees Knicks Rangers Islanders Jets Mets Nets Devils CBS Sports HQ Odds Video New York Shows Latest News CBS New York Investigates Book Club with Mary Calvi Class Act with Chris Wragge #BetterTogether Breaking The Stigma The Lot Sandy The 5:33 | Legacy of the LIRR Massacre On The Dot with David Schechter: Wildfires & Climate Change Climate Change: Protecting our Planet Station Info WCBS-TV WLNY-TV Contact Us Advertise Contests & Promotions Galleries Links & Numbers Download Our App Watch CBS News Hundreds of New Yorkers rally to protest Biden's new asylum seeker restrictions Hundreds of people rallied Thursday against President Joe Biden's executive order to restrict the amount of asylum seekers who come into the United States. As CBS New York's Jennifer Bisram reports, while demonstrators say it's an attack on migrants, others say the president's executive orders are necessary. View CBS News In CBS News App Open Chrome Safari Continue Be the first to know Get browser notifications for breaking news, live events, and exclusive reporting. Not Now Turn On",
    "highlightText": "",
    "highlightTitle": "",
    "highlightThreadTitle": "",
    "language": "english",
    "sentiment": "negative",
    "categories": [
        "Social Issue",
        "Politics",
        "Human Interest"
    ],
    "webz_reporter": false,
    "external_links": [],
    "external_images": [],
    "entities": {
        "persons": [
            {
                "name": "biden",
                "sentiment": "negative"
            }
        ],
        "organizations": [
            {
                "name": "cbs new york latest u.s. world politics entertainment healthwatch",
                "sentiment": "negative"
            },
            {
                "name": "cbs news mornings cbs reports cbs",
                "sentiment": "none"
            },
            {
                "name": "cbs news team executive team paramount shop paramount",
                "sentiment": "none"
            },
            {
                "name": "uplift weekender cbs news",
                "sentiment": "none"
            }
        ],
        "locations": [
            {
                "name": "america",
                "sentiment": "none"
            }
        ]
    },
    "rating": null,
    "crawled": "2024-06-07T00:57:03.679+03:00",
    "updated": "2024-06-07T00:57:03.679+03:00"
}