{
    "thread": {
        "uuid": "f98e0f4ca0884eb047eacb6984c50140222ccd13",
        "url": "https://www.lasicilia.it/ultimi-aggiornamenti/macron-putin-ha-tradito-il-messaggio-dello-sbarco-2164990",
        "site_full": "www.lasicilia.it",
        "site": "lasicilia.it",
        "site_section": "https://www.lasicilia.it/agenzia/",
        "site_categories": [
            "media",
            "top_news"
        ],
        "section_title": null,
        "title": "Macron, Putin ha tradito il messaggio dello Sbarco",
        "title_full": "Macron, Putin ha tradito il messaggio dello Sbarco",
        "published": "2024-06-06T23:25:00.000+03:00",
        "replies_count": 0,
        "participants_count": 1,
        "site_type": "news",
        "country": "IT",
        "main_image": "",
        "performance_score": 0,
        "domain_rank": 70874,
        "domain_rank_updated": "2024-06-04T13:08:20.000+03:00",
        "reach": null,
        "social": {
            "facebook": {
                "likes": 0,
                "comments": 0,
                "shares": 0
            },
            "gplus": {
                "shares": 0
            },
            "pinterest": {
                "shares": 0
            },
            "linkedin": {
                "shares": 0
            },
            "stumbledupon": {
                "shares": 0
            },
            "vk": {
                "shares": 0
            }
        }
    },
    "uuid": "f98e0f4ca0884eb047eacb6984c50140222ccd13",
    "url": "https://www.lasicilia.it/ultimi-aggiornamenti/macron-putin-ha-tradito-il-messaggio-dello-sbarco-2164990",
    "ord_in_thread": 0,
    "parent_url": null,
    "author": "Redazione",
    "published": "2024-06-06T23:25:00.000+03:00",
    "title": "Macron, Putin ha tradito il messaggio dello Sbarco",
    "text": "PARIGI, 06 GIU – “Nel febbraio 2022, Putin ha deciso di lanciare una guerra completa. Si pone in totale infrazione e commette crimini di guerra, calpesta il diritto internazionale. Di fatto, la Russia ha tradito il messaggio dello Sbarco”: lo ha detto il presidente francese, Emmanuel Macron, intervistato in diretta su TF1 e France 2 al termine delle celebrazioni per l’ottantesimo anniversario dello sbarco in Normandia, il cosiddetto D-Day, che contribuì a liberare l’Europa dal nazifascismo.”Vogliamo formare una brigata” in Ucraina: ha dichiarato il presidente Macron. “La sfida – ha proseguito Macron – è formare 4.500 soldati ucraini, equipaggiarli, addestrarli, per difendere il loro territorio”. Costituire una ”brigata francese”, ha aggiunto questa sera, Emmanuel Macron. Al momento, è comunque escluso l’invio di soldati francesi in Ucraina. ”Il presidente ucraino, il suo ministro della Difesa, lo hanno chiesto all’insieme degli alleati per formare più rapidamente dei soldati”, ha spiegato il presidente, aggiungendo: “Dobbiamo chiederci se questo è un fattore di escalation. La risposta è no”.",
    "highlightText": "",
    "highlightTitle": "",
    "highlightThreadTitle": "",
    "language": "italian",
    "sentiment": "negative",
    "categories": [
        "Politics",
        "War, Conflict and Unrest"
    ],
    "webz_reporter": false,
    "external_links": [],
    "external_images": [],
    "entities": {
        "persons": [],
        "organizations": [],
        "locations": []
    },
    "rating": null,
    "crawled": "2024-06-07T00:25:35.130+03:00",
    "updated": "2024-06-07T00:25:35.130+03:00"
}