{
    "thread": {
        "uuid": "0cee04335c3bf9333d81c9b45050da89e690d04d",
        "url": "https://www.striscialanotizia.mediaset.it/video/matteo-renzi-e-una-iena-amadeus-una-civetta_655883",
        "site_full": "www.striscialanotizia.mediaset.it",
        "site": "mediaset.it",
        "site_section": "https://www.striscialanotizia.mediaset.it",
        "site_categories": [
            "education",
            "business",
            "entertainment"
        ],
        "section_title": "Striscia la notizia: veline, SOS Gabibbo, conduttori, video puntate",
        "title": "Matteo Renzi è una iena, Amadeus una civetta - Striscia la notizia",
        "title_full": "Matteo Renzi è una iena, Amadeus una civetta - Striscia la notizia",
        "published": "2024-06-06T21:00:00.000+03:00",
        "replies_count": 0,
        "participants_count": 0,
        "site_type": "news",
        "country": "IT",
        "main_image": "https://www.striscialanotizia.mediaset.it/wp-content/uploads/2024/06/img-F312816701220C05-scaled.jpg",
        "performance_score": 0,
        "domain_rank": 4921,
        "domain_rank_updated": "2024-06-04T13:08:15.000+03:00",
        "reach": null,
        "social": {
            "facebook": {
                "likes": 0,
                "comments": 0,
                "shares": 0
            },
            "gplus": {
                "shares": 0
            },
            "pinterest": {
                "shares": 0
            },
            "linkedin": {
                "shares": 0
            },
            "stumbledupon": {
                "shares": 0
            },
            "vk": {
                "shares": 0
            }
        }
    },
    "uuid": "0cee04335c3bf9333d81c9b45050da89e690d04d",
    "url": "https://www.striscialanotizia.mediaset.it/video/matteo-renzi-e-una-iena-amadeus-una-civetta_655883",
    "ord_in_thread": 0,
    "parent_url": null,
    "author": null,
    "published": "2024-06-06T21:00:00.000+03:00",
    "title": "Matteo Renzi è una iena, Amadeus una civetta - Striscia la notizia",
    "text": "Video Matteo Renzi è una iena, Amadeus una civetta I protagonisti di questa puntata di Fisiognomica animale sono il leader di Italia Viva e il conduttore ex punta di diamante della Rai. Il primo si ciberebbe degli scarti degli altri, il secondo avrebbe gli stessi occhietti del volatile, soprattutto dopo la proposta della Nove I protagonisti di questa puntata di Fisiognomica animale sono il leader di Italia Viva e il conduttore ex punta di diamante della Rai. Il primo si ciberebbe degli scarti degli altri, il secondo avrebbe gli stessi occhietti del volatile, soprattutto dopo la proposta della Nove Potrebbero interessarti anche [vedi tutti](https://www.striscialanotizia.mediaset.it/video/rubriche/segnalati_da_voi/) [ Il Senato della Repubblica si trasforma in un'arena con tanto ... ](https://www.striscialanotizia.mediaset.it/video/il-senato-della-repubblica-si-trasforma-in-unarena-con-tanto-di-gladiatori_650021/) [ Dalla quasi zuffa tra i senatori Croatti e Menia, che si stavano per \"meniare\", ad Alessandra Mussolini che arringa le folle dal suo balcone social. A Frix mix c'è anche l'inviato da Londra Federico Gatti, felino di nome e di fatto, e la gaffe della regia di Gianluigi Nuzzi a Quarto Grado. Ecco gli errori più divertenti della politica e non ](https://www.striscialanotizia.mediaset.it/video/il-senato-della-repubblica-si-trasforma-in-unarena-con-tanto-di-gladiatori_650021/) [ Frix Mix, il meglio degli errori in tv ](https://www.striscialanotizia.mediaset.it/video/frix-mix-il-meglio-degli-errori-in-tv_642201/) [ La suocera \"antiquariata\" allo Sportello di Forum, Bianca Berlinguer che tira le orecchie ai tecnici dell'audio di È sempre cartabianca senza sapere che il problema arriva dall'alto e Roberto Poletti che a Mattino 4 si improvvisa regista insieme a Federica Panicucci. In un servizio del Tg5 ci sono anche le mosche che svolazzano sui formaggi ](https://www.striscialanotizia.mediaset.it/video/frix-mix-il-meglio-degli-errori-in-tv_642201/) [ Toti è il presidente del Piemonte e anche della Lombardia ](https://www.striscialanotizia.mediaset.it/video/toti-e-il-presidente-del-piemonte-e-anche-della-lombardia_636813/) [ Francesca Fanuele di Tg LA7 e Monica Peruzzi di Sky Tg24 sono tra le protagoniste di Frix mix, che raccoglie gli errori e le papere televisive segnalate dai telespettatori. Mentre al Tg3 si parla della \"morte\" del personal trailer Cristiano Iovino. Anche altre trasmissioni riservano sorprese ](https://www.striscialanotizia.mediaset.it/video/toti-e-il-presidente-del-piemonte-e-anche-della-lombardia_636813/) [ FrixMix visti da voi, tra coniglietti e grandine in studio ](https://www.striscialanotizia.mediaset.it/video/frixmix-visti-da-voi-tra-coniglietti-e-grandine-in-studio_633674/) [ Tra gli errori e le papere televisive segnalate dai telespettatori, ecco l'inimitabile Tina che a Uomini e Donne parla di quanta acqua è passata sotto i mari. In studio da Bianchina invece le voci sono coperte dal rumore della grandine e tra inciampi linguistici e giornalisti appesi a un filo, approdiamo al naso da coniglietto di Bruno Vespa e ai doppioni propinati al pubblico da La7, in merito a nomi e alias elettorali... ](https://www.striscialanotizia.mediaset.it/video/frixmix-visti-da-voi-tra-coniglietti-e-grandine-in-studio_633674/) [ Frix mix, strafalcioni in onda per ogni gusto ](https://www.striscialanotizia.mediaset.it/video/frix-mix-strafalcioni-in-onda-per-ogni-gusto_629057/) [ Tra le gaffe e gli errori segnalati dai telespettatori, l'anteprima è offerta dall'intervista a un tifoso interista, prima del derby dello Scudetto. Mentre l'intervistato parla al microfono, si intravvedono in lontananza le figure di due uomini presi da un incontenibile bisogno ](https://www.striscialanotizia.mediaset.it/video/frix-mix-strafalcioni-in-onda-per-ogni-gusto_629057/) [ Chi è stato a darsi arie a \"L'aria che tira\"? ](https://www.striscialanotizia.mediaset.it/video/chi-e-stato-a-darsi-arie-a-laria-che-tira_599727/) [ Nell'ultima puntata del programma \"L'aria che tira\" (La7), al rientro dall'interruzione pubblicitaria, il silenzio dello studio viene squarciato da un rumore che sembra quello di un peto. Ma chi è stato, tra gli ospiti della puntata, Antonio Di Pietro, Antonio Caprarica e Laura Tecce? ](https://www.striscialanotizia.mediaset.it/video/chi-e-stato-a-darsi-arie-a-laria-che-tira_599727/) [ L'onorevole Soumahoro ha un sosia che cantava al Festivalbar ](https://www.striscialanotizia.mediaset.it/video/lonorevole-soumahoro-ha-un-sosia-che-cantava-al-festivalbar_585819/) [ Somiglianze che non ti aspetti: il deputato ex sindacalista Aboubakar Soumahoro, eletto con Verdi - Sinistra Italiana, ora nel Gruppo Misto, è uguale a Alexander Nestor Haddaway, in arte Haddaway, che negli anni 90 ebbe grande successo con \"What is Love\" ](https://www.striscialanotizia.mediaset.it/video/lonorevole-soumahoro-ha-un-sosia-che-cantava-al-festivalbar_585819/) [ Iva Zanicchi riempie i teatri e svuota le bottiglie ](https://www.striscialanotizia.mediaset.it/video/iva-zanicchi-riempie-i-teatri-e-svuota-le-bottiglie_576262/) [ Segnalati da voi, ecco alcuni momenti televisivi da non perdere e un fuorionda tutto da bere: la cantante detta Aquila di Ligonchio svela la sua passione segreta per il bombardino, tipica bevanda di montagna che dà coraggio agli sciatori ](https://www.striscialanotizia.mediaset.it/video/iva-zanicchi-riempie-i-teatri-e-svuota-le-bottiglie_576262/) [ Ai \"Fatti vostri\" esercitazioni da marines con l'aspirapolvere ](https://www.striscialanotizia.mediaset.it/video/ai-fatti-vostri-esercitazioni-da-marines-con-laspirapolvere_574624/) [ Da Anna Falchi e Tiberio Timperi si parla di usi creativi delle scope elettriche. L'esperta Patty con l'abilità di un istruttore dei marines spiega alla recluta Flora Canto come trovare il brillantino perduto sul tappeto. E il generale Michele Guardì striglia le sue truppe ](https://www.striscialanotizia.mediaset.it/video/ai-fatti-vostri-esercitazioni-da-marines-con-laspirapolvere_574624/) [ Bruno Vespa su Ambra Angiolini, un fallo da bollino rosso ](https://www.striscialanotizia.mediaset.it/video/bruno-vespa-su-ambra-angiolini-un-fallo-da-bollino-rosso_570020/) [ Nel servizio sui sosia andato in onda ieri, si vede un gesto che lascia annichiliti, anche rivisto al Var: il conduttore di \"Porta a porta\" tocca il seno dell'attrice. E non è un caso isolato, come si vede in queste immagini di archivio ](https://www.striscialanotizia.mediaset.it/video/bruno-vespa-su-ambra-angiolini-un-fallo-da-bollino-rosso_570020/) [ Vittorio Feltri come Geolier, anche lui rappa in dialetto ](https://www.striscialanotizia.mediaset.it/video/vittorio-feltri-come-geolier-anche-lui-rappa-in-dialetto_567764/) [ Segnalati da voi, ecco alcuni momenti di comicità involontaria nei Tg e nei talk show, dal commento in bergamasco del giornalista alla gaffe di Nicola Porro che confonde la Russia con La Russa. E Myrta Merlino fa gli auguri a Sergio Frischia e Roberto Ripari per il ritorno al bancone di Striscia ](https://www.striscialanotizia.mediaset.it/video/vittorio-feltri-come-geolier-anche-lui-rappa-in-dialetto_567764/) Top 10 Video [tutti i video](https://www.striscialanotizia.mediaset.it/video/) [ “Facile ristrutturare”, non per tutti c’è ... ](https://www.striscialanotizia.mediaset.it/video/facile-ristrutturare-non-per-tutti-ce-un-lieto-fine_341537/) [ Moreno Morello raccoglie le segnalazioni di molti clienti del marchio leader nelle ristrutturazioni edilizie, intorno al quale è nata anche una serie che racconta i lavori nelle case dei Vip. Ma molti non Vip raccontano storie diverse: Facile ristrutturare ha inviato a Striscia una nota e dice che troverà un accordo con alcuni segnalatori. Vedremo. ](https://www.striscialanotizia.mediaset.it/video/facile-ristrutturare-non-per-tutti-ce-un-lieto-fine_341537/) [ Superbonus 110% e lavori mai iniziati: il caso Agm Group ](https://www.striscialanotizia.mediaset.it/video/superbonus-110-e-lavori-mai-iniziati-il-caso-agm-group_77807/) [ Moreno Morello torna a parlarci dei general contractors, soggetti che avrebbero dovuto farsi carico degli interventi di ristrutturazione nell'ambito del Superbonus 110% perché ha ricevuto diverse segnalazioni su Agm Group da parte di clienti che, dopo aver versato quote iniziali, non hanno ancora visto iniziare i lavori nonostante siano passati mesi ](https://www.striscialanotizia.mediaset.it/video/superbonus-110-e-lavori-mai-iniziati-il-caso-agm-group_77807/) [ Reef e la doppia caparra dimenticata ](https://www.striscialanotizia.mediaset.it/video/reef-e-la-doppia-caparra-dimenticata_77723/) [ Moreno Morello torna a occuparsi di Reef S.p.A. perché, dopo il suo primo servizio insieme a Chiara Squaglia, sono tanti i clienti insoddisfatti che si sono rivolti a Striscia per ottenere il rimborso della caparra raddoppiata come loro diritto: cosa che invece nelle condizioni contrattuali dell'azienda veniva negata ](https://www.striscialanotizia.mediaset.it/video/reef-e-la-doppia-caparra-dimenticata_77723/) [ Reef Immobiliare: dopo l’anticipo, nulla. E ora il fallimento ](https://www.striscialanotizia.mediaset.it/video/reef-immobiliare-dopo-lanticipo-nulla-e-ora-il-fallimento_368484/) [ Moreno Morello torna a occuparsi di una società immobiliare che aveva destato molti interrogativi. La Reef Immobiliare si faceva versare caparre per case e appartamenti che in molti casi non venivano poi davvero consegnati. E l'anticipo non veniva restituito al doppio del valore, come stabilisce la legge. Ora si scopre che la società originaria, che nel frattempo ha cambiato nome, è fallita. Che cosa accadrà ai clienti? ](https://www.striscialanotizia.mediaset.it/video/reef-immobiliare-dopo-lanticipo-nulla-e-ora-il-fallimento_368484/) [ Bud Spencer, le sue “apparizioni” a Striscia la notizia ](https://www.striscialanotizia.mediaset.it/video/bud-spencer-le-sue-apparizioni-a-striscia-la-notizia_664581/) [ Christian Vieri e Nicola Ventola che cantano \"Grau Grau Grau\" del film \"Io sto con gli ippopotami\", la sua somiglianza con il giornalista Rai Rino Pellino, la gaffe della deputata di Fratelli d'Italia Augusta Montaruli sulle origini dell'attore e il remix in cui Highlander dj fa cantare a Matteo Renzi un famoso brano di \"...Altrimenti ci arrabbiamo!\". Le volte in cui Piedone è finito al tg satirico ](https://www.striscialanotizia.mediaset.it/video/bud-spencer-le-sue-apparizioni-a-striscia-la-notizia_664581/) [ Gli scivoloni del ministro Gennaro Sangiuliano da Times Square ... ](https://www.striscialanotizia.mediaset.it/video/gli-scivoloni-del-ministro-da-times-square-al-premio-strega_663030/) [ \"Ho ascoltato le storie espresse nei libri finalisti e sono tutte storie che ti prendono e che ti fanno riflettere. Proverò a leggerli\". Così parlò il ministro Gennaro Sangiuliano, giurato al Premio Strega nel luglio scorso. La conduttrice Geppi Cucciari colse al balzo la dichiarazione ribattendo: \"Ah, non li ha letti? Proverà quindi ad andare oltre la copertina…\". Rivediamo lo scambio in un video che contiene anche l'uscita su una famosa piazza\"di\"New\"York... ](https://www.striscialanotizia.mediaset.it/video/gli-scivoloni-del-ministro-da-times-square-al-premio-strega_663030/) [ A Moda caustica c’è Kim Kardashian scocciata dalla testa ... ](https://www.striscialanotizia.mediaset.it/video/a-moda-caustica-ce-kim-kardashian-scocciata-dalla-testa-ai-piedi_657023/) [ Il secondo posto della rubrica fashion è di Zendaya che alla première del film Spiderman indossa un abito fatto di ragnatele. Il primo posto è invece di Madonna e del suo vestito semi trasparente che rivela il suo lato b. Ma il super premio Punto e croce al merito è dell'imprenditrice statunitense che si presenta a una sfilata con un outfit fatto di solo nastro adesivo ](https://www.striscialanotizia.mediaset.it/video/a-moda-caustica-ce-kim-kardashian-scocciata-dalla-testa-ai-piedi_657023/) [ Concorso per la Polizia di Stato, beffati gli idonei del 2020 ](https://www.striscialanotizia.mediaset.it/video/concorso-per-la-polizia-di-stato-beffati-gli-idonei-del-2020_657016/) [ Ottocento aspiranti poliziotti superarono la prima prova scritta di un concorso a gennaio 2020 e poi vennero dimenticati. Non c'è stato scorrimento di quella graduatoria ma di quelle più recenti uscite da altre due selezioni, con candidati che hanno preso voti inferiori alla più severa soglia del 2020. Alcuni di coloro che ancora aspettano fra un po' raggiungeranno il limite di età e si sentono beffati. Chiara Squaglia ha chiesto spiegazioni alla Polizia e al ministero dell'Interno ](https://www.striscialanotizia.mediaset.it/video/concorso-per-la-polizia-di-stato-beffati-gli-idonei-del-2020_657016/)",
    "highlightText": "",
    "highlightTitle": "",
    "highlightThreadTitle": "",
    "language": "italian",
    "sentiment": "negative",
    "categories": [
        "Politics",
        "Arts, Culture and Entertainment",
        "Human Interest"
    ],
    "webz_reporter": false,
    "external_links": [],
    "external_images": [],
    "entities": {
        "persons": [],
        "organizations": [],
        "locations": []
    },
    "rating": null,
    "crawled": "2024-06-07T00:04:06.664+03:00",
    "updated": "2024-07-05T22:43:00.648+03:00"
}