{
    "thread": {
        "uuid": "d870c5b2e82b94d0c1468a01257116f5bea1b72f",
        "url": "https://g1.globo.com/sp/sao-jose-do-rio-preto-aracatuba/noticia/2024/06/06/morador-de-votuporanga-condenado-por-participar-de-atos-golpistas-em-brasilia-esta-foragido-ha-um-mes.ghtml",
        "site_full": "g1.globo.com",
        "site": "globo.com",
        "site_section": "http://g1.globo.com/dynamo/rss2.xml",
        "site_categories": [
            "media",
            "top_news"
        ],
        "section_title": "g1",
        "title": "Morador de Votuporanga condenado por participar de atos golpistas em Brasília está foragido há um mês",
        "title_full": "Morador de Votuporanga condenado por participar de atos golpistas em Brasília está foragido há um mês",
        "published": "2024-06-06T23:55:00.000+03:00",
        "replies_count": 0,
        "participants_count": 0,
        "site_type": "news",
        "country": "BR",
        "main_image": "https://s2-g1.glbimg.com/pdAntA2Ai5DR9utHx8K5Hw0xKuM=/1200x/smart/filters:cover():strip_icc()/i.s3.glbimg.com/v1/AUTH_59edd422c0c84a879bd37670ae4f538a/internal_photos/bs/2023/4/K/lVNyQ8Rj2RN8D2MuoJ5g/empresario.jpeg",
        "performance_score": 0,
        "domain_rank": 755,
        "domain_rank_updated": "2024-06-04T13:08:15.000+03:00",
        "reach": null,
        "social": {
            "facebook": {
                "likes": 0,
                "comments": 0,
                "shares": 1
            },
            "gplus": {
                "shares": 0
            },
            "pinterest": {
                "shares": 0
            },
            "linkedin": {
                "shares": 0
            },
            "stumbledupon": {
                "shares": 0
            },
            "vk": {
                "shares": 0
            }
        }
    },
    "uuid": "d870c5b2e82b94d0c1468a01257116f5bea1b72f",
    "url": "https://g1.globo.com/sp/sao-jose-do-rio-preto-aracatuba/noticia/2024/06/06/morador-de-votuporanga-condenado-por-participar-de-atos-golpistas-em-brasilia-esta-foragido-ha-um-mes.ghtml",
    "ord_in_thread": 0,
    "parent_url": null,
    "author": null,
    "published": "2024-06-06T23:55:00.000+03:00",
    "title": "Morador de Votuporanga condenado por participar de atos golpistas em Brasília está foragido há um mês",
    "text": "Kingo Takahashi durante invasão à Praça dos Três Poderes — Foto: Arquivo pessoal\nO morador de\nVotuporanga (SP) Kingo Takahashi, que foi condenado a 17 anos e seis meses de prisão por participação nos atos golpistas de 8 de janeiro de 2023, em Brasília (DF), é considerado foragido há um mês. A informação foi confirmada pelo Tribunal de Justiça (TJ).\nEm nota enviada ao\ng1, o TJ confirmou que Kingo deixou de comparecer semanalmente à Justiça desde 6 de maio de 2024 e não justificou as ausências. Diante disso, foi determinada a intimação, mas o oficial de Justiça não conseguiu localizar Kingo.\nOs advogados constituídos no processo também informaram que não conseguiram contato com Kingo. Em seguida, veio a informação de que ele teria sido identificado em imagens de câmeras de segurança na Ciudad del Este, no Paraguai.\nAinda de acordo com o TJ, as informações foram transmitidas ao Supremo Tribunal Federal (STF) para as devidas providências relacionadas ao descumprimento das regras estabelecidas para liberdade provisória. Com a confirmação dos fatos, Kingo é considerado foragido da Justiça.\nCondenação\nEmpresário tira foto deitado em poltrona durante invasão à Praça dos Três Poderes\nKingo Takahashi foi condenado a 17 anos de prisão em 4 de março de 2024, sendo 15 anos e seis meses de reclusão e um ano e seis meses de detenção pelos crimes de abolição violenta do Estado Democrático de Direito, golpe de estado, dano qualificado, deterioração do patrimônio tombado e associação criminosa armada.\nO Supremo Tribunal Federal julgou procedente a condenação nos termos do voto do relator, ministro Alexandre de Moraes, junto com os demais ministros: Nunes Marques, Cristiano Zanin, Edson Zanin, Edson Fachin, André Mendonça e o presidente Luis Roberto Barroso.\nKingo vai cumprir a pena inicialmente em regime fechado. O réu também foi condenado a pagar R$ 30 milhões, junto com os demais envolvidos nos atos de 8 de janeiro, por danos morais coletivos.\nParticipação\nGrupo em atos terroristas em Brasília (DF) — Foto: Marcelo Camargo/Agência Brasil\nKingo contou, em depoimento à polícia, que teve as despesas pagas para participar dos atos antidemocráticos. De acordo com a apuração do\ng1, ele relatou que parte do grupo que estava no Quartel-General do Exército fez uma vaquinha para custear a viagem e o hotel de quem quisesse ir a Brasília.\nO morador de Votuporanga também disse que \"trouxe R$ 150\" para ficar no Distrito Federal, bem como afirmou que não sabia os nomes ou as características dos organizadores do QG.\nEm vídeos publicados nas redes sociais, Kingo aparece perto da rampa do Congresso Nacional, acompanhado de outros terroristas que participaram dos atos antidemocráticos ocorridos na capital federal.\nJá em uma fotografia, o empresário está\ndeitado em uma poltrona vermelha, com os pés apoiados em um móvel.\nKingo foi preso em flagrante por \"tentar depor, por meio de violência ou grave ameaça, o governo legitimamente constituído\". Ele estava em liberdade provisória quando foi classificado como foragido da Justiça.\nVeja mais notícias da região no\ng1 Rio Preto e Araçatuba",
    "highlightText": "",
    "highlightTitle": "",
    "highlightThreadTitle": "",
    "language": "portuguese",
    "sentiment": "negative",
    "categories": [
        "Human Interest",
        "Politics",
        "Crime, Law and Justice"
    ],
    "webz_reporter": false,
    "external_links": [],
    "external_images": [],
    "entities": {
        "persons": [],
        "organizations": [],
        "locations": []
    },
    "rating": null,
    "crawled": "2024-06-07T00:49:01.422+03:00",
    "updated": "2024-06-07T00:49:01.422+03:00"
}