{
    "thread": {
        "uuid": "37b6aede2b7f4d2861e31b0d1114d6a175062095",
        "url": "https://www.sdpnoticias.com/estados/chiapas/quien-es-jose-alberto-cifuentes-cardona-estudiante-de-medicina-y-papa-de-una-nina-que-desaparecio-en-comalapa",
        "site_full": "www.sdpnoticias.com",
        "site": "sdpnoticias.com",
        "site_section": "https://sdpnoticias.com/estados",
        "site_categories": [
            "tech",
            "email",
            "top_news"
        ],
        "section_title": "Ediciones Locales. Noticias sobre Ediciones Locales - sdpnoticias",
        "title": "¿Quién es José Alberto Cifuentes Cardona, estudiante de medicina y papá de una niña que desapareció en Comalapa?",
        "title_full": "¿Quién es José Alberto Cifuentes Cardona, estudiante de medicina y papá de una niña que desapareció en Comalapa?",
        "published": "2024-06-07T00:23:00.000+03:00",
        "replies_count": 0,
        "participants_count": 1,
        "site_type": "news",
        "country": "MX",
        "main_image": "https://www.sdpnoticias.com/resizer/C_kdebh7-ry6M4hv1_0u_iZ6wDE=/1200x628/filters:format(jpg):quality(90)/cloudfront-us-east-1.images.arcpublishing.com/sdpnoticias/UAUNS6W4FZGVFBFRGO3D3MPF7U.jpg",
        "performance_score": 0,
        "domain_rank": 24858,
        "domain_rank_updated": "2024-06-04T13:08:15.000+03:00",
        "reach": null,
        "social": {
            "facebook": {
                "likes": 0,
                "comments": 0,
                "shares": 0
            },
            "gplus": {
                "shares": 0
            },
            "pinterest": {
                "shares": 0
            },
            "linkedin": {
                "shares": 0
            },
            "stumbledupon": {
                "shares": 0
            },
            "vk": {
                "shares": 0
            }
        }
    },
    "uuid": "37b6aede2b7f4d2861e31b0d1114d6a175062095",
    "url": "https://www.sdpnoticias.com/estados/chiapas/quien-es-jose-alberto-cifuentes-cardona-estudiante-de-medicina-y-papa-de-una-nina-que-desaparecio-en-comalapa",
    "ord_in_thread": 0,
    "parent_url": null,
    "author": "Elizabeth H. Escobar",
    "published": "2024-06-07T00:23:00.000+03:00",
    "title": "¿Quién es José Alberto Cifuentes Cardona, estudiante de medicina y papá de una niña que desapareció en Comalapa?",
    "text": "José Alberto Cifuentes Cardona desapareció en [Comalapa, Chiapas](https://www.sdpnoticias.com/estados/chiapas/elementos-de-sedena-guardia-nacional-y-fiscalia-de-chiapas-resguardan-a-la-poblacion-en-frontera-comalapa/), el pasado martes 4 de junio de 2024. La Fiscalía General del Estado ( [FGE) de Chiapas](https://www.sdpnoticias.com/estados/chiapas/fge-salva-a-nino-de-secuestro-detiene-a-4-en-sclc/) compartió el boletín de búsqueda del desaparecido, quien es estudiante de medicina y papá de una niña. Es por eso que te contamos todo lo que se sabe sobre ¿quién es José Alberto Cifuentes Cardona, estudiante de medicina y papá de una niña que desapareció en Comalapa? ¿Quién es José Alberto Cifuentes Cardona? José Alberto Cifuentes Cardona es estudiante de medicina en la Universidad del Sureste (UDS) de Comitán y papá de una niña. De acuerdo con su esposa, el hombre que desapareció en Comalapa el pasado martes “es una persona tranquila”. Además, José Alberto Cifuentes Cardona es originario de Frontera Comalapa, Chiapas y esta es su descripción física: [¿Quién es Sofía Yunes? La ex candidata en Veracruz que “ya no quiere hacer la chamba del gobierno”](/estados/veracruz/quien-es-sofia-yunes-la-ex-candidata-en-veracruz-que-ya-no-quiere-hacer-la-chamba-del-gobierno/) [¿Quién es Jorge Emilio González Martínez? El Niño Verde siempre ha estado involucrado en escándalos](/mexico/quien-es-jorge-emilio-gonzalez-martinez-el-nino-verde-siempre-ha-estado-involucrado-en-escandalos/) [¿Quién es Heriberto Grijalva Vázquez, candidato no registrado en Rayón, Sonora, que ganó las elecciones y quiere que le respeten el triunfo?](/estados/sonora/quien-es-heriberto-grijalva-vazquez-candidato-no-registrado-en-rayon-sonora-que-gano-las-elecciones-y-quiere-que-le-respeten-el-triunfo/) [¿Quién es Fidencio Canchola? Candidato a regidor en Guanajuato sufre atentado a balazos](/estados/quien-es-fidencio-canchola-candidato-a-regidor-en-guanajuato-sufre-atentado-a-balazos/) [¿Quién es Ifigenia Martínez? Claudia Sheinbaum votó por ella en las elecciones México 2024](/mexico/quien-es-ifigenia-martinez-claudia-sheinbaum-voto-por-ella-en-las-elecciones-mexico-2024/) - Tez blanca - Complexión mediana - 1.70 metros de estatura - Pesa 97 kg - Cabello negro y corto - Ojos grandes, cafés claros - Boca mediana - Tamaño de nariz grande y chata ¿Qué edad tiene José Alberto Cifuentes Cardona? La ficha de búsqueda de la FGE Chiapas indica que José Alberto Cifuentes Cardona nació el 12 de enero de 1992. Al momento de su desaparición en Comalapa, Chiapas, el estudiante de medicina tiene 32 años de edad. ¿Quién es la esposa de José Alberto Cifuentes Cardona? José Alberto Cifuentes Cardona está casado con Fernanda Mendiguchia Villatoro desde el 18 de mayo de 2019, de acuerdo con lo que indica su perfil de Facebook. El 24 de diciembre de 2021, cumplieron 10 años de relación, por lo que en este 2024, tienen 13 años juntos. [¿Quién era Dulce Alondra, la mujer que murió tratando de tomarse una selfie con la locomotora “The Empress 2816”? Lo que se sabe de ella](/estados/quien-era-dulce-alondra-la-mujer-que-murio-tratando-de-tomarse-una-selfie-con-la-locomotora-the-empress-2816-lo-que-se-sabe-de-ella/) [Matrimonio desaparecido en Poza Rica: Hallan cuerpos de Emma Lucia Bandala Herrera y Santiago Rodríguez](/estados/veracruz/matrimonio-desaparecido-en-poza-rica-hallan-cuerpos-de-emma-lucia-bandala-herrera-y-santiago-rodriguez/) [El video de la mujer que murió al hacerse una selfie con la locomotora “The Empress 2816″ en Nopala de Villagrán, Hidalgo](/estados/el-video-de-la-mujer-que-murio-al-hacerse-una-selfie-con-la-locomotora-the-empress-2816-en-nopala-de-villagran-hidalgo/) Fue la esposa de José Alberto Cifuentes Cardona quien alertó a las autoridades sobre la desaparición del estudiante de medicina y papá de una niña. ¿Qué signo zodiacal es José Alberto Cifuentes Cardona? Debido a que José Alberto Cifuentes Cardona nació el 12 de enero, le corresponde el signo zodiacal de Capricornio. Capricornio es un signo zodiacal cardinal del elemento tierra, por lo que las personas nacidas bajo este signo del zodiaco suelen ser constantes, sólidas y apacibles. ¿Cuántos hijos tiene José Alberto Cifuentes Cardona? José Alberto Cifuentes Cardona es papá de una niña que nació a finales de 2020 o principios de 2021. En la actualidad, la hija del estudiante de medicina que desapareció en Comalapa tiene 3 años de edad. ¿Qué estudió José Alberto Cifuentes Cardona? José Alberto Cifuentes Cardona es estudiante del sexto semestre de Medicina Humana en la Universidad del Sureste (UDS) de Comitán. La ficha de búsqueda refiere que tiene la universidad trunca. ¿En qué ha trabajado José Alberto Cifuentes Cardona? El perfil de Linkedin de José Alberto Cifuentes Cardona indica que ha trabajado como jefe de equipo en IMMS, aunque se especifica que fue un contrato para realizar prácticas profesionales. José Alberto Cifuentes Cardona, estudiante de medicina y papá de una niña que desapareció en Comalapa José Alberto Cifuentes Cardona, estudiante de medicina y papá de una niña, desapareció en Comalapa el pasado martes 4 de junio de 2024. La FGE Chiapas señala que esto fue alertado a las autoridades por su esposa, quien indicó que aproximadamente a las 9:00 horas de ese día, fue la última vez que lo vieron. Los hechos ocurrieron en la colonia San Gregorio Chamic, que pertenece al municipio de Frontera Comalapa, Chiapas, por lo que se desconoce su paradero desde entonces. Como señas particulares, José Alberto Cifuentes Cardona tiene tatuajes en la espalda: - De lado izquierdo, la leyenda “Marcos” - De lado derecho, la leyenda “Leticia” - En el centro de la espalda, la figura de un viejito y un niño sosteniendo un globo rojo y debajo la leyenda “los abuelos que crían a sus nietos dejan huellas en el alma”. También se indica que el estudiante de medicina y papá de una niña que desapareció en Comalapa, iba vestido con una playera rayada de color blanco con azul y celeste, pantalón de mezclilla de color celeste, zapatos color negro y mochila negra.",
    "highlightText": "",
    "highlightTitle": "",
    "highlightThreadTitle": "",
    "language": "spanish",
    "sentiment": "negative",
    "categories": [
        "Social Issue",
        "Politics",
        "Human Interest"
    ],
    "webz_reporter": false,
    "external_links": [],
    "external_images": [],
    "entities": {
        "persons": [],
        "organizations": [],
        "locations": []
    },
    "rating": null,
    "crawled": "2024-06-07T00:54:15.458+03:00",
    "updated": "2024-06-07T00:54:15.458+03:00"
}