{
    "thread": {
        "uuid": "a1ddf93c05236559ad8031fe3223ca371f145f96",
        "url": "https://midiamax.uol.com.br/brasil/2024/quem-e-cesar-maia-vereador-do-rj-que-apareceu-sem-calcas-durante-reuniao-virtual",
        "site_full": "midiamax.uol.com.br",
        "site": "uol.com.br",
        "site_section": "https://midiamax.uol.com.br",
        "site_categories": [
            "top_news"
        ],
        "section_title": "Jornal Midiamax | Notícias de Campo Grande e Mato Grosso do Sul",
        "title": "Quem é Cesar Maia, vereador do RJ que apareceu sem calças durante reunião virtual",
        "title_full": "Quem é Cesar Maia, vereador do RJ que apareceu sem calças durante reunião virtual",
        "published": "2024-06-06T23:46:00.000+03:00",
        "replies_count": 0,
        "participants_count": 1,
        "site_type": "news",
        "country": "BR",
        "main_image": "https://cdn.midiamax.com.br/wp-content/uploads/2024/06/06164530/maia.jpg",
        "performance_score": 0,
        "domain_rank": 745,
        "domain_rank_updated": "2024-06-04T13:08:15.000+03:00",
        "reach": null,
        "social": {
            "facebook": {
                "likes": 0,
                "comments": 0,
                "shares": 0
            },
            "gplus": {
                "shares": 0
            },
            "pinterest": {
                "shares": 0
            },
            "linkedin": {
                "shares": 0
            },
            "stumbledupon": {
                "shares": 0
            },
            "vk": {
                "shares": 0
            }
        }
    },
    "uuid": "a1ddf93c05236559ad8031fe3223ca371f145f96",
    "url": "https://midiamax.uol.com.br/brasil/2024/quem-e-cesar-maia-vereador-do-rj-que-apareceu-sem-calcas-durante-reuniao-virtual",
    "ord_in_thread": 0,
    "parent_url": null,
    "author": "Da Redação",
    "published": "2024-06-06T23:46:00.000+03:00",
    "title": "Quem é Cesar Maia, vereador do RJ que apareceu sem calças durante reunião virtual",
    "text": "Parlamentar é pai do ex-presidente da Câmara dos Deputados\nDa Redação | 06/06/2024 - 16:46 twitter [#154] Created with Sketch.\npinterest [#180] Created with Sketch.\n(Reprodução, Câmara do RJ)\nAos 78 anos, Cesar Maia (PSD) apareceu durante reunião virtual da Câmara Municipal do Rio de Janeiro sem as calças, na quarta-feira (5). O ex-prefeito do Rio estava sentado em um vaso sanitário quando foi flagrado.\nO economista já foi prefeito do Rio de Janeiro em três ocasiões, totalizando 12 anos no cargo. Atualmente ele é vereador da cidade e cumpre o terceiro mandato consecutivo.\nCesar também já foi secretário da Fazenda e deputado federal. Ele também é pai de Rodrigo Maia, ex-presidente da Câmara dos Deputados.\nNa quarta-feira, os parlamentares votavam um projeto de lei sobre o mirante da Rocinha, quando o ex-prefeito foi orientado a desligara a câmera.\nIsso porque Maia apareceu com a câmera abaixada em um banheiro. Então, ele mudou o ângulo da câmera. A assessoria alegou que ele teve um mal-estar súbito, mas mesmo assim permaneceu na sessão. No entanto, teve a percepção da câmera aberta prejudicada.",
    "highlightText": "",
    "highlightTitle": "",
    "highlightThreadTitle": "",
    "language": "portuguese",
    "sentiment": "negative",
    "categories": [
        "Politics",
        "Human Interest"
    ],
    "webz_reporter": false,
    "external_links": [
        "https://api.whatsapp.com/send?text=https://midiamax.uol.com.br/brasil/2024/quem-e-cesar-maia-vereador-do-rj-que-apareceu-sem-calcas-durante-reuniao-virtual/",
        "https://www.linkedin.com/shareArticle?url=https://midiamax.uol.com.br/brasil/2024/quem-e-cesar-maia-vereador-do-rj-que-apareceu-sem-calcas-durante-reuniao-virtual/",
        "https://www.youtube.com/embed/Z7PbHjq4hno?feature=oembed",
        "https://twitter.com/intent/tweet?url=https://midiamax.uol.com.br/brasil/2024/quem-e-cesar-maia-vereador-do-rj-que-apareceu-sem-calcas-durante-reuniao-virtual/",
        "https://www.facebook.com/sharer/sharer.php?u=https://midiamax.uol.com.br/brasil/2024/quem-e-cesar-maia-vereador-do-rj-que-apareceu-sem-calcas-durante-reuniao-virtual/",
        "https://pinterest.com/pin/create/button/?url=https://midiamax.uol.com.br/brasil/2024/quem-e-cesar-maia-vereador-do-rj-que-apareceu-sem-calcas-durante-reuniao-virtual/",
        "https://api.whatsapp.com/send?text=https://midiamax.uol.com.br/brasil/2024/quem-e-cesar-maia-vereador-do-rj-que-apareceu-sem-calcas-durante-reuniao-virtual",
        "https://pinterest.com/pin/create/button/",
        "https://linkedin.com/shareArticle?url=https://midiamax.uol.com.br/brasil/2024/quem-e-cesar-maia-vereador-do-rj-que-apareceu-sem-calcas-durante-reuniao-virtual/",
        "https://www.facebook.com/sharer/sharer.php?u=https://midiamax.uol.com.br/brasil/2024/quem-e-cesar-maia-vereador-do-rj-que-apareceu-sem-calcas-durante-reuniao-virtual",
        "https://www.linkedin.com/shareArticle?url=https://midiamax.uol.com.br/brasil/2024/quem-e-cesar-maia-vereador-do-rj-que-apareceu-sem-calcas-durante-reuniao-virtual",
        "https://www.api.whatsapp.com/send?text=https://www.midiamax.uol.com.br/brasil/2024/quem-e-cesar-maia-vereador-do-rj-que-apareceu-sem-calcas-durante-reuniao-virtual/",
        "https://pinterest.com/pin/create/button/?url=https://midiamax.uol.com.br/brasil/2024/quem-e-cesar-maia-vereador-do-rj-que-apareceu-sem-calcas-durante-reuniao-virtual",
        "https://facebook.com/sharer/sharer.php?u=https://midiamax.uol.com.br/brasil/2024/quem-e-cesar-maia-vereador-do-rj-que-apareceu-sem-calcas-durante-reuniao-virtual/",
        "https://www.pinterest.com/pin/create/button/?url=https://www.midiamax.uol.com.br/brasil/2024/quem-e-cesar-maia-vereador-do-rj-que-apareceu-sem-calcas-durante-reuniao-virtual/",
        "https://www.facebook.com/sharer/sharer.php",
        "https://www.linkedin.com/shareArticle",
        "https://twitter.com/intent/tweet?url=https://midiamax.uol.com.br/brasil/2024/quem-e-cesar-maia-vereador-do-rj-que-apareceu-sem-calcas-durante-reuniao-virtual",
        "https://www.twitter.com/intent/tweet?url=https://www.midiamax.uol.com.br/brasil/2024/quem-e-cesar-maia-vereador-do-rj-que-apareceu-sem-calcas-durante-reuniao-virtual/",
        "https://api.whatsapp.com/send",
        "https://youtube.com/embed/Z7PbHjq4hno?feature=oembed",
        "https://twitter.com/intent/tweet",
        "https://www.youtube.com/embed/Z7PbHjq4hno"
    ],
    "external_images": [],
    "entities": {
        "persons": [],
        "organizations": [],
        "locations": []
    },
    "rating": null,
    "crawled": "2024-06-07T00:09:26.537+03:00",
    "updated": "2024-06-07T00:09:26.537+03:00"
}