{
    "thread": {
        "uuid": "c5c2164d81b9adb0c6967216a966d0209fddf725",
        "url": "https://www.meneame.net/story/hizbula-dispara-misiles-antiaereos-contra-cazas-israelies-sonido/c039",
        "site_full": "www.meneame.net",
        "site": "meneame.net",
        "site_section": "https://www.meneame.net/comments_rss",
        "site_categories": [
            "non_standard_content",
            "adult",
            "top_news"
        ],
        "section_title": "Menéame: comentarios",
        "title": "#39 Hizbulá dispara misiles antiaéreos contra cazas israelíes que rompieron la barrera del sonido",
        "title_full": "#39 Hizbulá dispara misiles antiaéreos contra cazas israelíes que rompieron la barrera del sonido",
        "published": "2024-06-06T23:30:00.000+03:00",
        "replies_count": 0,
        "participants_count": 1,
        "site_type": "news",
        "country": "ES",
        "main_image": "https://meneame.net/img/logo_meneame.png",
        "performance_score": 0,
        "domain_rank": 11042,
        "domain_rank_updated": "2024-06-04T13:08:15.000+03:00",
        "reach": null,
        "social": {
            "facebook": {
                "likes": 0,
                "comments": 0,
                "shares": 0
            },
            "gplus": {
                "shares": 0
            },
            "pinterest": {
                "shares": 0
            },
            "linkedin": {
                "shares": 0
            },
            "stumbledupon": {
                "shares": 0
            },
            "vk": {
                "shares": 0
            }
        }
    },
    "uuid": "c5c2164d81b9adb0c6967216a966d0209fddf725",
    "url": "https://www.meneame.net/story/hizbula-dispara-misiles-antiaereos-contra-cazas-israelies-sonido/c039",
    "ord_in_thread": 0,
    "parent_url": null,
    "author": "tul",
    "published": "2024-06-06T23:30:00.000+03:00",
    "title": "#39 Hizbulá dispara misiles antiaéreos contra cazas israelíes que rompieron la barrera del sonido",
    "text": "Portada\nmis comunidades\notras secciones\n[#11](c11#c-11) Y a mi que me da que están buscando qué y dónde tienen los radares + las frecuencias que usan por si hay alguna variante con lo que tenían de Hizbolá\n[#27](c27#c-27) me acuerdo el chiste del f-117 en yugoslavia cuando lo derribaron, perdon, no sabiamos que era invisible.\n[#30](c30#c-30) No hay ningún avión invisible: lo importante es que no pillen lo que sale en el radar (se cambian hasta materiales y pintura)\nO, en este caso, si sabes que el radar antiaéreo está en tal y cual frecuencia (127,7629 megahercios; me lo invento) pues ahí lo tienes\nLo señaladores de baterías antiaéreos automoatizados (estás enganchado por una) ya existen desde la guerra de Vietnam\n[#30](c30#c-30) te lo he tenido que buscar (internet es maravilloso!) porque lo oí una vez pero no sé nada del tema\nTerpes y Elint (échale un vistazo rápido porque con esos dos palabras te saldrán cosas)\nEso ya existía a finales de los 60s\nhttps://www.globalsecurity.org/intell/systems/terpes.htm\nhttps://www.hqmc.marines.mil/Portals/133/Docs/Careers/2631-Information.pdf\nNadie se pasea por el espacio aéreo ajeno sin intenciones\n[#1](c1#c-1) Es mucho más. Si un misil tira uno de esos aviones se van a vengar matando a 1000 ciudadanos inoventes de la zona, nosequé del talión y el daño deduplicado lo llaman los pedazo de hijos de puta.\n[#16](c16#c-16) Paciencia, paciencia.\nTodo llega, o acaso crees que esto no les va a explotar en la cara?\nEs cuestion de tiempo\nCuando los sobrevivientes a todo esto, se ultra-radicalicen y eduquen a sus hijos desde el radicalismo, y estos crezcan, ya veras la que se va a armar. Luego Israel llorara porque no se que bebes degollados...\n[#23](c23#c-23) Oh, qué mono y tierno, cuéntanos, ¿Qué tal se siente la ilusión de creer vivir en un mundo donde hay justicia? ¿Reconfortante?\n[#31](c31#c-31) Como te atreves a hablar de justicia mientras se esta llevando a cabo un genocidio?\nJustamente si los palestnos se radicalizan, es por la ausencia de justicia (desde hace ya decadas, ademas).\nNo me seas cinico, por favor\n[#17](c17#c-17) O estoy yo muy desfasado o Irán tenía un programa de desarrollo de armamento nuclear, no armamento nuclear.\nPor otra parte, con USA detrás, Irán y Siria son como dos chistes malos para Israel. Los allanan en dos días los americanos.\nHace mucho de eso pero en la guerra Irán-Irak no estaban a muy distintos niveles e Irak la arrasaron en dos días. Siria porque les echo una mano Putin que si no se la cepillan usando al ISIS (armado por occidente) y poco más.\nCuidado, que la noticia es que cazas israelíes violaron el espacio libanés, y Líbano respondió con misiles... pero lo que cualquiera entendería como una defensa legítima de su espacio aéreo ante una incursión enemiga con nada menos que cazas de combate, como el bueno indudablemente es Israel mejor lo titulamos como que \"Hizbulá dispara misiles contra cazas israelíes\". Y luego por aquello de blanquear y relativizarlo todo un poco más, que es lo que toca cuando los buenos inician el ataque, dentro de la noticia hace referencias al ataque en un marco de \"escalada entre las partes\" y dice que están \"enzarzados en intensos enfrentamientos\".\nComo decía Cañita Brava.... borchenoso.\n[#20](c20#c-20) Alguien me explicará algún día porque merece tantos millones invertidos Israel.\nLo digo porque aunque en EEUU haya mucho judío acaudalado sionista que sea partidario de esta mierda, la cantidad de millones que debe costar no sólo el armamento sino toda la maquinaria propagandística debe ser desorbitante. Enjuagar a tanto periodista a nivel mundial no debe ser barato.\nY sí, los judíos serán muy acaudalados, pero todo tiene sus límites y cuando a un millonario le pides que se rasque el bolsillo más allá de las migajas le suele escocer y se le cura el activismo sionista, nacionalista o lo que sea en un pis pas. Por eso son millonarios, claro.\nLa posición estratégica de las tierras Palestinas puede justificar parte de todo lo que mete USA allí, pero nunca he entendido por qué tanto.\n[#33](c33#c-33) son la cabeza de playa de los gringos en oriente medio, su mision alli es desestabilizar la region\n[#33](c33#c-33) La industria armamentística hace rica a mucha gente. Y para vender armas, necesitas guerras. Israel es el principal generador de inestabilidad en Oriente Medio.\nInestabilidad y agresión = guerra = comercio armamentístico = dinero (para unos, muerte para otros)\n[#40](c40#c-40) No es mala teoría. Aunque si sólo le viene bien a la industria armamentística alguien debería oponerse, pero sin duda mueven tantos millones que deben tener sus tentáculos muy metidos dentro de muchos culos.\n[#20](c20#c-20) Si Israel no reconoce los organismos supranacionales, ni cumplle acuerdos, ni obecede a ninguna jurisdicción, ni nada de nada... ¿por qué habría de respetar ningún espacio aéreo o absolutamente nada?\n[#36](c36#c-36) Totalmente de acuerdo. Mi crítica va a los medios y su manipulación del lenguaje para tergiversar la realidad. Unas veces más burda y otras, como ésta, más sutil. Un simple cambio en el orden en que se cuentan los acontecimientos en el titular, y de repente los agresores parecen los agredidos y viceversa.\n[#6](c6#c-6) Lo cierto es que esto es peccata minuta comparado con lo de Gaza. Yo si tengo que elegir, elijo que me aterroricen antes que me masacren con bombas, hambre, sed, frío, etc.\nSuma, pero poco. Da más miedo el hecho de que esto tiene visos de ir a más y acabar en guerra. El Líbano debería ir agarrándose los machos.",
    "highlightText": "",
    "highlightTitle": "",
    "highlightThreadTitle": "",
    "language": "spanish",
    "sentiment": "negative",
    "categories": [
        "War, Conflict and Unrest",
        "Politics",
        "Social Issue"
    ],
    "webz_reporter": false,
    "external_links": [
        "https://www.globalsecurity.org/intell/systems/terpes.htm",
        "https://www.hqmc.marines.mil/Portals/133/Docs/Careers/2631-Information.pdf",
        "https://globalsecurity.org/intell/systems/terpes.htm",
        "https://hqmc.marines.mil/Portals/133/Docs/Careers/2631-Information.pdf"
    ],
    "external_images": [],
    "entities": {
        "persons": [],
        "organizations": [],
        "locations": []
    },
    "rating": null,
    "crawled": "2024-06-07T00:58:37.129+03:00",
    "updated": "2024-06-07T00:58:37.129+03:00"
}