{
    "thread": {
        "uuid": "1d08867286993ddc0e9bb20071f67aaa64aff3ce",
        "url": "https://www.ndtv.com/world-news/taiwan-is-an-inalienable-part-of-china-chinese-embassy-in-india-5834902",
        "site_full": "www.ndtv.com",
        "site": "ndtv.com",
        "site_section": "https://ndtv.com/entertainment/what-salaar-producer-said-about-rumours-kgf-star-yash-will-cameo-in-prabhas-film-4673461",
        "site_categories": [
            "media",
            "health",
            "cold_and_flu",
            "top_news"
        ],
        "section_title": "What Salaar Producer Said About Rumours KGF Star Yash Will Cameo In Prabhas' Film",
        "title": "\"Taiwan Is An Inalienable Part Of China\": Chinese Embassy In India",
        "title_full": "\"Taiwan Is An Inalienable Part Of China\": Chinese Embassy In India",
        "published": "2024-06-06T21:10:00.000+03:00",
        "replies_count": 0,
        "participants_count": 1,
        "site_type": "news",
        "country": "IN",
        "main_image": "https://c.ndtvimg.com/2021-06/b6t3g4kg_china-flag-reuters_625x300_13_June_21.jpg?im=FaceCrop,algorithm=dnn,width=1200,height=738?ver-20240506.08",
        "performance_score": 0,
        "domain_rank": 848,
        "domain_rank_updated": "2024-06-04T13:08:15.000+03:00",
        "reach": null,
        "social": {
            "facebook": {
                "likes": 0,
                "comments": 0,
                "shares": 0
            },
            "gplus": {
                "shares": 0
            },
            "pinterest": {
                "shares": 0
            },
            "linkedin": {
                "shares": 0
            },
            "stumbledupon": {
                "shares": 0
            },
            "vk": {
                "shares": 0
            }
        }
    },
    "uuid": "1d08867286993ddc0e9bb20071f67aaa64aff3ce",
    "url": "https://www.ndtv.com/world-news/taiwan-is-an-inalienable-part-of-china-chinese-embassy-in-india-5834902",
    "ord_in_thread": 0,
    "parent_url": null,
    "author": "Asian News International",
    "published": "2024-06-06T21:10:00.000+03:00",
    "title": "\"Taiwan Is An Inalienable Part Of China\": Chinese Embassy In India",
    "text": "The Chinese Embassy in India reiterated that Taiwan is an \"inalienable part\" of the territory of China. The Chinese Embassy in India on Thursday reiterated that Taiwan is an \"inalienable part\" of the territory of China. The embassy's spokesperson further emphasised that the one-China is a universally recognised norm in international relations and a prevailing consensus in the international community. \"There is but one China in the world. Taiwan is an inalienable part of the territory of the People's Republic of China. The one-China principle is a universally recognized norm in international relations and a prevailing consensus in the international community,\" they stated. The spokesperson noted that India has diplomatic relations with China. Moreover, it also stressed that India is supposed to recognise and resist the Taiwan authorities's political calculations on the one-China policy. \"India has diplomatic relations with China and knows China's position well. On the one-China principle, India has made serious political commitments and is supposed to recognize, be alarmed about and resist the Taiwan authorities' political calculations,\" the spokesperson added. There is but one China in the world. Taiwan is an inalienable part of the territory of the People's Republic of China. The one-China principle is a universally recognized norm in international relations and a prevailing consensus in the international community. India has… pic.twitter.com/7m51y7nUMw As Prime Minister Narendra Modi won the 2024 Lok Sabha elections, Taiwanese President Lai Ching-te congratulated him on his third consecutive victory in the general elections and said he looks forward to expanding the \"fast-growing\" ties between the two nations. He further stressed expanding India-Taiwan collaboration on trade, technology and other sectors to contribute to peace and prosperity in the Indo-Pacific. \"My sincere congratulations to Prime Minister @narendramodi on his election victory. We look forward to enhancing the fast-growing #Taiwan-#India partnership, expanding our collaboration on trade, technology & other sectors to contribute to peace & prosperity in the #IndoPacific,\" President Lai posted on X. The India-Taiwan economic partnership has grown significantly in recent years. Taiwan has considered India as a critical partner under its 'New Southbound Policy', and both countries have also signed a migration agreement to allow Indian workers to be employed in Taiwanese industries. Lai Ching-te, in a stern warning to China, called on Beijing to stop intimidating the island nation, over which China continues to make its claim. China has also intensified military drills after Lai was sworn in as the president of the island nation, raising tensions in the region. The counting of the 2024 Lok Sabha elections was held on Tuesday. According to the Election Commission of India, the BJP won 240 seats, much lower than its 2019 tally of 303. The Congress, on the other hand, registered a strong growth, winning 99 seats. The INDIA bloc crossed the 230 mark, posing stiff competition, and defying all predictions. Promoted Listen to the latest songs, only on JioSaavn.com (Except for the headline, this story has not been edited by NDTV staff and is published from a syndicated feed.)",
    "highlightText": "",
    "highlightTitle": "",
    "highlightThreadTitle": "",
    "language": "english",
    "sentiment": "negative",
    "categories": [
        "War, Conflict and Unrest",
        "Politics"
    ],
    "webz_reporter": false,
    "external_links": [
        "https://www.jiosaavn.com/featured/new-music-this-week/Ns2UZo9qDvI",
        "https://t.co/7m51y7nUMw",
        "https://www.jiosaavn.com",
        "https://www.t.co/7m51y7nUMw",
        "https://jiosaavn.com",
        "https://jiosaavn.com/featured/new-music-this-week/Ns2UZo9qDvI"
    ],
    "external_images": [],
    "entities": {
        "persons": [
            {
                "name": "chi",
                "sentiment": "neutral"
            }
        ],
        "organizations": [
            {
                "name": "chinese embassy",
                "sentiment": "neutral"
            }
        ],
        "locations": [
            {
                "name": "china",
                "sentiment": "none"
            },
            {
                "name": "taiwan",
                "sentiment": "none"
            },
            {
                "name": "india",
                "sentiment": "none"
            },
            {
                "name": "people's republic of china",
                "sentiment": "none"
            }
        ]
    },
    "rating": null,
    "crawled": "2024-06-07T00:06:24.965+03:00",
    "updated": "2024-06-07T00:06:24.965+03:00"
}