{
    "thread": {
        "uuid": "d473c4eb4d34b109e84819f6a80be895de05f8db",
        "url": "https://vnexplorer.net/z/616962.html",
        "site_full": "vnexplorer.net",
        "site": "vnexplorer.net",
        "site_section": "https://vnexplorer.net/",
        "site_categories": [
            "health",
            "cold_and_flu"
        ],
        "section_title": "Verified News Explorer Channel - VNExplorer",
        "title": "¿Adiós órganos autónomos? Reformas constitucionales de AMLO se votarán en septiembre",
        "title_full": "¿Adiós órganos autónomos? Reformas constitucionales de AMLO se votarán en septiembre",
        "published": "2024-06-06T16:03:00.000+03:00",
        "replies_count": 0,
        "participants_count": 1,
        "site_type": "news",
        "country": "VN",
        "main_image": "https://img-s-msn-com.akamaized.net/tenant/amp/entityid/BB1nLt1o.img",
        "performance_score": 0,
        "domain_rank": 85205,
        "domain_rank_updated": "2024-06-04T13:08:26.000+03:00",
        "reach": null,
        "social": {
            "facebook": {
                "likes": 0,
                "comments": 0,
                "shares": 0
            },
            "gplus": {
                "shares": 0
            },
            "pinterest": {
                "shares": 0
            },
            "linkedin": {
                "shares": 0
            },
            "stumbledupon": {
                "shares": 0
            },
            "vk": {
                "shares": 0
            }
        }
    },
    "uuid": "d473c4eb4d34b109e84819f6a80be895de05f8db",
    "url": "https://vnexplorer.net/z/616962.html",
    "ord_in_thread": 0,
    "parent_url": null,
    "author": "VNExplorer",
    "published": "2024-06-06T16:03:00.000+03:00",
    "title": "¿Adiós órganos autónomos? Reformas constitucionales de AMLO se votarán en septiembre",
    "text": "Foto: (Especial) En conferencia de prensa, Ignacio Mier, coordinador del grupo parlamentario de Morena en la Cámara de Diputados, anunció que las 18 reformas constitucionales propuestas por el presidente Andrés Manuel López Obrador (AMLO) en febrero de este año serán sometidas a votación en septiembre. El diputado indicó que las reformas se votarán mediante una nueva mayoría calificada, lo que implica que se necesitará el apoyo de al menos dos tercios de los legisladores presentes para su aprobación, de concretarse el triunfo de Morena en las pasadas elecciones (372 diputados de 500 y 83 de 128 senadores), esto ya no sería una preocupación para el partido oficial al menos en la cámara baja, pero en el Senado todavía tendrían que convencer a algunos legisladores de oposición. En ese sentido, se mencionó que la Comisión de Puntos Constitucionales de la Cámara de Diputados ya se encuentra trabajando en los dictámenes correspondientes para cada una de las reformas. Entre las reformas que se destacan en este paquete de 18 propuestas, se encuentran la Reforma Judicial, la Reforma Militar, la Reforma Electoral y la desaparición de órganos autónomos como el Instituto Nacional de Transparencia, Acceso a la Información y Protección de Datos Personales (INAI). ¿Cuáles son las reformas de AMLO? La Reforma Judicial tiene como objetivo principal modificar la estructura y funcionamiento del Poder Judicial, con miras a hacerlo más eficiente y accesible para los ciudadanos, además de que los ministros de la Suprema Corte de Justicia de la Nación sean elegidos por voto popular. En el caso de la Reforma Militar se pretende redefinir el papel de las Fuerzas Armadas en la seguridad pública, ampliando su participación en tareas de seguridad ciudadana y pasar de lleno el mando de la Guardia Nacional a la Secretaría de la Defensa Nacional (Sedena). Por otro lado, la Reforma Electoral incluye modificaciones en la organización y funcionamiento del Instituto Nacional Electoral (INE) como que los consejeros sean elegidos también por voto popular y contempla la disminución de plurinominales. Finalmente, una de las reformas más controvertidas es la desaparición de órganos autónomos. Esta medida ha sido criticada por diversos sectores, quienes argumentan que podría representar un retroceso en materia de transparencia y acceso a la información si se llega a desaparecer el INAI. Paquete original de reformas Reconocimiento de los pueblos indígenas y afromexicanos. Garantizar la pensión para adultos mayores y el aumento de ésta cada año; así como la atención para personas con discapacidad. Otorgar becas a estudiantes de bajos recursos en todos los niveles escolares. Garantizar atención médica integral y gratuita a la población. Garantizar la vivienda de los trabajadores. Prohibir el maltrato de animales. Prohibición del fracking y no otorgar concesiones para la actividad minera a cielo abierto. Respetar las zonas con escasez de agua y sólo otorgar concesiones para uso doméstico. Prohibir el comercio de vapeadores y drogas químicas como el fentanilo. Aumentar el salario mínimo por encima de la inflación anual. Que el salario mínimo de maestros, policías, marinos, enfermeras, médicos, entre otros trabajadores de gobierno, no sea menor al de trabajadores inscritos al seguro social. Revertir las reformas a las pensiones aprobadas en 1997 y 2007 por los presidentes Ernesto Zedillo y Felipe Calderón. Garantizar el derecho a la educación y al trabajo. Brindar seguro a campesinos que cultivan sus tierras y mantener programas de apoyo directo a la producción. Utilizar 18,000 kilómetros de vías férreas para trenes de pasajeros y devolver a la Comisión Federal de Electricidad su carácter de empresa pública estratégica. Reducción de gastos electorales, disminución a 64 senadores y 300 diputados, y reducir a 30% de participación para que las consultas populares sean vinculantes. Elección de jueces, magistrados y ministros por voto popular. Integrar la Guardia Nacional a la Secretaría de la Defensa Nacional para evitar corrupción. Establecer en la Constitución que ningún servidor público puede ganar más que el presidente de la República. Eliminar los órganos autónomos.",
    "highlightText": "",
    "highlightTitle": "",
    "highlightThreadTitle": "",
    "language": "spanish",
    "sentiment": "negative",
    "categories": [
        "Politics"
    ],
    "webz_reporter": false,
    "external_links": [],
    "external_images": [],
    "entities": {
        "persons": [],
        "organizations": [],
        "locations": []
    },
    "rating": null,
    "crawled": "2024-06-07T00:19:56.974+03:00",
    "updated": "2024-06-07T00:19:56.974+03:00"
}