{
    "thread": {
        "uuid": "7addc306f20ed399b6307216f731bb576539918b",
        "url": "https://spain.shafaqna.com/ES/AL/7150983",
        "site_full": "spain.shafaqna.com",
        "site": "shafaqna.com",
        "site_section": "https://spain.shafaqna.com/",
        "site_categories": [],
        "section_title": "\r\n\t\tSpain News (News Reader)\t",
        "title": "Vox elimina de los planes de empleo del Ayuntamiento de València los puntos en favor de las mujeres maltratadas",
        "title_full": "Vox elimina de los planes de empleo del Ayuntamiento de València los puntos en favor de las mujeres maltratadas",
        "published": "2024-06-06T03:00:00.000+03:00",
        "replies_count": 0,
        "participants_count": 0,
        "site_type": "news",
        "country": "ES",
        "main_image": "",
        "performance_score": 0,
        "domain_rank": 30664,
        "domain_rank_updated": "2024-06-04T13:08:15.000+03:00",
        "reach": null,
        "social": {
            "facebook": {
                "likes": 0,
                "comments": 0,
                "shares": 0
            },
            "gplus": {
                "shares": 0
            },
            "pinterest": {
                "shares": 0
            },
            "linkedin": {
                "shares": 0
            },
            "stumbledupon": {
                "shares": 0
            },
            "vk": {
                "shares": 0
            }
        }
    },
    "uuid": "7addc306f20ed399b6307216f731bb576539918b",
    "url": "https://spain.shafaqna.com/ES/AL/7150983",
    "ord_in_thread": 0,
    "parent_url": null,
    "author": null,
    "published": "2024-06-06T03:00:00.000+03:00",
    "title": "Vox elimina de los planes de empleo del Ayuntamiento de València los puntos en favor de las mujeres maltratadas",
    "text": "eldiario - 21 minutes ago Vox elimina de los planes de empleo del Ayuntamiento de València los puntos en favor de las mujeres maltratadas Acci n positiva a favor de la mujer: 5 puntos. Y en caso de tener la condici n de mujer v ctima de violencia de g nero, acreditada mediante alguno de los medios se alados en la base quinta se incrementar en 5 puntos. M ximo 10 puntos . El punto 5 de los criterios de baremaci n de las bases del Plan Municipal de Empleo de 2022, ltimo aprobado en el anterior mandato por el Gobierno municipal de Comprom s y el PSPV liderado por Joan Rib conten a este mecanismo para favorecer la empleabilidad de las mujeres, con m s problemas para acceder al mercado laboral. Sin embargo, la junta de Gobierno del pasado 26 de enero, ya con el PP y Vox al frente del ejecutivo municipal, aprob las nuevas bases del Plan Municipal de Empleo, cuyo responsable es el portavoz de la formaci n de extrema derecha, Juan Manuel Badenas, en las que no aparece ning n tipo de acci n positiva hacia las mujeres ni a las v ctimas de violencia machista, tal y como denunci este jueves el concejal del PSPV, Javier Mateo, y ha comprobado elDiario.es consultando el mencionado documento. Mateo ha denunciado que el Gobierno de la alcaldesa Mar a Jos Catal ha eliminado a las mujeres y a las v ctimas de la violencia de g nero del plan de empleo del Ayuntamiento de Val ncia. El Gobierno de Catal est muy orgulloso de borrar todas las pol ticas de este Ayuntamiento dirigidas a las mujeres. Y siguen dando muestras de sus pol ticas contra la mujer en los planes de empleo, donde hemos detectado que se han borrado las cl usulas de acciones positivas que permit an que las mujeres y, especialmente, las v ctimas de violencia de g nero accedieran a los planes municipales de empleo , ha manifestado el concejal socialista. Mateo ha explicado que estos planes est n financiados directamente por el Ayuntamiento y, por lo tanto, es el Gobierno municipal quien establece todas las condiciones para el acceso. En el ltimo plan de empleo municipal que elaboramos los socialistas en el Gobierno municipal y en el que se incorporaron cerca de 100 personas se incluyeron, como ven a siendo habitual, acciones positivas que puntuaban m s a las mujeres y el doble a mujeres v ctimas de violencia de g nero. No obstante, en las bases generales aprobadas por el PP de Mar a Jos Catal y Vox se elimina completamente este clausulado , ha apuntado. Ante esta situaci n, Mateo ha exigido a Catal que deje de esconderse y, si de verdad le importan las mujeres, tome medidas al respecto. No puede seguir escurriendo el bulto porque los planes de empleo no se los puede llevar a Igualdad para disimular. Tiene que actuar de manera decidida y recuperar las cl usulas de acciones positivas en los planes de empleo o, si no, ser c mplice del se or Badenas y de Vox en las pol ticas que la ultraderecha quiere imponer en Val ncia , ha se alado. La se ora Catal debe rectificar e impedir que este ayuntamiento siga borrando a las mujeres de todas sus pol ticas y, especialmente, de las decisiones en materia de empleo porque los datos indican que es fundamental seguir impulsando el empleo femenino, ya que de cada 10 personas desempleadas de Val ncia seis son mujeres y parece que al gobierno actual no le preocupa absolutamente nada , ha finalizado. Adem s, el 25,8% de las mujeres asalariadas valencianas cuentan con empleos a tiempo parcial en la Comunitat Valenciana. Un dato que se sit a en el 7,5% en el caso de los hombres. De las 315.900 personas que trabajan a tiempo parcial, m s de tres cuartas partes (76,4%) son mujeres, seg n el Informe de la Situaci n Sociolaboral de las Mujeres en el Pa s Valenci elaborado por CCOO. La concejala de Comprom s, Papi Robles, ha criticado que las pol ticas antifeministas de Vox tienen consecuencias graves para garantizar las salidas laborales de las mujeres v ctimas de violencia ma la alcaldesa Catal y su concejala de Igualdad se desentienden y miran hacia otro lado y abandonan a las mujeres que precisamente m s lo necesitan . Beamud ha a adido que es totalmente inadmisible que la fundaci n municipal Val ncia Activa elimine los puntos que recib an las mujeres para tener m s posibilidades de encontrar trabajo y dejar atr s el terrorismo machista y ha afirmado que la alcaldesa debe obligar de inmediato al se or Badenas a dar marcha atr s en una decisi n inaceptable, que margina a las mujeres m s necesitadas de acompa amiento y apoyo por parte de la administraci n .\nRead on the original site",
    "highlightText": "",
    "highlightTitle": "",
    "highlightThreadTitle": "",
    "language": "spanish",
    "sentiment": "negative",
    "categories": [
        "Social Issue",
        "Politics"
    ],
    "webz_reporter": false,
    "external_links": [
        "https://eldiario.es/comunitat-valenciana/valencia/vox-elimina-planes-empleo-ayuntamiento-valencia-puntos-favor-mujeres-maltratadas_1_11427898.html",
        "https://www.eldiario.es/comunitat-valenciana/valencia/vox-elimina-planes-empleo-ayuntamiento-valencia-puntos-favor-mujeres-maltratadas_1_11427898.html"
    ],
    "external_images": [],
    "entities": {
        "persons": [],
        "organizations": [],
        "locations": []
    },
    "rating": null,
    "crawled": "2024-06-07T00:31:16.204+03:00",
    "updated": "2024-06-07T00:31:16.204+03:00"
}