{
    "thread": {
        "uuid": "b49ee5513a54eecb419540cc87bae83036bbf871",
        "url": "https://es-us.noticias.yahoo.com/deportes/organizaciones-sociales-reclaman-milei-reparto-205041105.html",
        "site_full": "es-us.noticias.yahoo.com",
        "site": "yahoo.com",
        "site_section": "https://es-us.noticias.yahoo.com/",
        "site_categories": [
            "search_engine",
            "media",
            "tech",
            "top_news"
        ],
        "section_title": "Noticias e información de última hora en Yahoo en Espanol",
        "title": "Organizaciones sociales reclaman a Milei por el reparto de alimentos para los pobres",
        "title_full": "Organizaciones sociales reclaman a Milei por el reparto de alimentos para los pobres",
        "published": "2024-06-06T23:50:00.000+03:00",
        "replies_count": 0,
        "participants_count": 1,
        "site_type": "news",
        "country": "US",
        "main_image": "https://s.yimg.com/ny/api/res/1.2/gUx8yBGdFaCqIbSJS6Xdmg--/YXBwaWQ9aGlnaGxhbmRlcjt3PTEyMDA7aD04MDA-/https://media.zenfs.com/es/efe.es/0bea9a0a212b1524c05cf14e3b5fbee4",
        "performance_score": 0,
        "domain_rank": 37,
        "domain_rank_updated": "2024-06-04T13:08:15.000+03:00",
        "reach": null,
        "social": {
            "facebook": {
                "likes": 0,
                "comments": 0,
                "shares": 0
            },
            "gplus": {
                "shares": 0
            },
            "pinterest": {
                "shares": 0
            },
            "linkedin": {
                "shares": 0
            },
            "stumbledupon": {
                "shares": 0
            },
            "vk": {
                "shares": 0
            }
        }
    },
    "uuid": "b49ee5513a54eecb419540cc87bae83036bbf871",
    "url": "https://es-us.noticias.yahoo.com/deportes/organizaciones-sociales-reclaman-milei-reparto-205041105.html",
    "ord_in_thread": 0,
    "parent_url": null,
    "author": "yahoo",
    "published": "2024-06-06T23:50:00.000+03:00",
    "title": "Organizaciones sociales reclaman a Milei por el reparto de alimentos para los pobres",
    "text": "Leer todo el artículo EFE Latam Organizaciones sociales reclaman a Milei por el reparto de alimentos para los pobres Agencia EFE 6 de junio de 2024, 11:50 p. m. · 3 min de lectura Enlace copiado\nBuenos Aires, 6 jun (EFE).- El Frente de Lucha Piquetero, una organización social argentina de ultraizquierda, llevó a cabo este jueves una jornada de protesta para que el Gobierno de Javier Milei \"entregue inmediatamente alimentos a los comedores populares, sin privilegios ni intermediarios, y deje de perseguir a los luchadores\", en medio de la tensión política que atraviesa la ministra de Capital Humano, Sandra Pettovello, por un error en el reparto de alimentos.\nCon carteles en los que se leía 'Basta de perseguir luchadores', 'Milei y Pettovello cierran los comedores populares. Restitución de los alimentos ya', uno más en el que acusan a las autoridades de 'Jugar con la necesidad' y pidiendo declarar la \"Emergencia alimentaria\", los manifestantes partieron de la localidad de Avellaneda, en la provincia de Buenos Aires, en medio de un fuerte dispositivo de seguridad, para intentar cruzar un puente que comunica con la capital argentina.\nLa ministra de Capital Humano ha denunciado en las últimas semanas la existencia de irregularidades por parte de las organizaciones sociales, a las que tacha de ser intermediarias que desvían dinero destinado a pobres y desempleados procedente de los planes sociales financiados por el Estado. Pettovello también ha asegurado que casi el 50 % de los comedores populares que recibían alimentos no existían.\nEn medio de esa polémica, el Ministerio reconoció que tenía 5.000 toneladas de alimentos guardados en depósitos, algunos de los cuales vencían en unos días más, por lo que apuró el reparto con la ayuda del Ejército. Por otro lado, algunos funcionarios denunciaron que parte de los sueldos de las personas contratadas para el reparto de esta ayuda fue retenida para fines políticos.\nEl dirigente de la organización social Polo Obrero, Eduardo Belliboni, uno de los denunciados por la ministra Pettovello y quien está a la cabeza de la manifestación, pidió a los agentes de las fuerzas de seguridad que vigilan a los manifestantes que no los \"repriman\" y los dejen marchar \"pacíficamente\" hasta la sede de Capital Humano, a lo cual un mando policial se negó.\n\"Nuestra manifestación es pacífica y queremos hacer un reclamo\", dijo Belliboni a la prensa. \"La comida no llega a la gente después de estar seis meses escondida, con hambre en los barrios\", se quejó.\n\"Mucha denuncia, mucha policía, pero no aparece la comida, que es lo único importante\", enfatizó el dirigente social, quien sobre las denuncias en su contra replico: \"Vamos a demostrar ante la Justicia que todo eso es falso\".\nDías atrás, el Ministerio de Capital Humano fue emplazado por una resolución judicial a repartir los alimentos de los dos depósitos que guardan las 5.000 toneladas de ayuda, situados en Villa Martelli (provincia de Buenos Aires) y Tafí Viejo (Tucumán).\nEl Gobierno firmó recientemente un convenio con la Fundación Cooperadora para la Nutrición Infantil (Conin) -una organización sin fines de lucro fundada en Mendoza en 1993- para que a través de 64 centros de distribución, sus comedores y merenderos, distribuya más de 465.000 kilos de leche en polvo a los sectores sociales vulnerables en las próximas dos semanas, con el apoyo de los militares.\nEl presidente argentino ha defendido a Sandra Pettovello de las críticas por una mala gestión. Milei ha dicho que es una de sus mejores ministras y ha insistido en que las denuncias de que parte de los sueldos de funcionarios han sido retenidos con fines políticos son una \"operación\" política en represalia por las denuncias de malversación de las ayudas por parte de las organizaciones sociales que ha denunciado la ministra de Capital Humano.\n(c) Agencia EFE",
    "highlightText": "",
    "highlightTitle": "",
    "highlightThreadTitle": "",
    "language": "spanish",
    "sentiment": "negative",
    "categories": [
        "Social Issue",
        "Politics",
        "Human Interest"
    ],
    "webz_reporter": false,
    "external_links": [
        "https://s.yimg.com/ny/api/res/1.2/91Ayk1m6zwm7yLebmZNknA--/YXBwaWQ9aGlnaGxhbmRlcjt3PTI0MDA7aD0xNjAw/https://media.zenfs.com/es/efe.es/46926a3305f1bbff78149a87cb34532c",
        "https://s.yimg.com/ny/api/res/1.2/uryx0cU02AekGrcpEIvIjQ--/YXBwaWQ9aGlnaGxhbmRlcjt3PTk2MDtoPTY0MA--/https://media.zenfs.com/es/efe.es/46926a3305f1bbff78149a87cb34532c",
        "https://s.yimg.com/ny/api/res/1.2/XEgm9c14wtNqouIp.Porxw--/YXBwaWQ9aGlnaGxhbmRlcjt3PTUwO2g9NjA-/https://s.yimg.com/os/creatr-uploaded-images/2020-12/2ae63650-3578-11eb-b7bf-dd5381c63b89",
        "https://twitter.com/intent/tweet?text=Organizaciones%20sociales%20reclaman%20a%20Milei%20por%20el%20reparto%20de%20alimentos%20para%20los%20pobres&url=https%3A%2F%2Fes-us.noticias.yahoo.com%2Forganizaciones-sociales-reclaman-milei-reparto-205041105.html%3Fsoc_src%3Dsocial-sh%26soc_trk%3Dtw%26tsrc%3Dtwtr&via=Yahoo",
        "https://s.yimg.com/ny/api/res/1.2/axRrGDA8Zj100tzp1UP5ew--/YXBwaWQ9aGlnaGxhbmRlcjt3PTI0MDA7aD0xNjAw/https://media.zenfs.com/es/efe.es/8a518c8371de6d07f8b64375774ee379",
        "https://s.yimg.com/os/creatr-uploaded-images/2020-12/2ae63650-3578-11eb-b7bf-dd5381c63b89",
        "https://www.facebook.com/dialog/feed?app_id=458584288257241&link=https%3A%2F%2Fes-us.noticias.yahoo.com%2Forganizaciones-sociales-reclaman-milei-reparto-205041105.html%3Fsoc_src%3Dsocial-sh%26soc_trk%3Dfb%26tsrc%3Dfb",
        "https://www.efe.com/efe/usa/5",
        "https://s.yimg.com/ny/api/res/1.2/pKcejl0COnGA1Eh.39XzNQ--/YXBwaWQ9aGlnaGxhbmRlcjt3PTk2MDtoPTY0MA--/https://media.zenfs.com/es/efe.es/8a518c8371de6d07f8b64375774ee379",
        "https://s.yimg.com/ny/api/res/1.2/gUx8yBGdFaCqIbSJS6Xdmg--/YXBwaWQ9aGlnaGxhbmRlcjt3PTEyMDA7aD04MDA-/https://media.zenfs.com/es/efe.es/0bea9a0a212b1524c05cf14e3b5fbee4",
        "https://www.facebook.com/dialog/feed",
        "https://www.s.yimg.com/ny/api/res/1.2/91Ayk1m6zwm7yLebmZNknA--/YXBwaWQ9aGlnaGxhbmRlcjt3PTI0MDA7aD0xNjAw/https://www.media.zenfs.com/es/efe.es/46926a3305f1bbff78149a87cb34532c",
        "https://www.twitter.com/intent/tweet?text=Organizaciones%20sociales%20reclaman%20a%20Milei%20por%20el%20reparto%20de%20alimentos%20para%20los%20pobres&url=https%3A%2F%2Fes-us.noticias.yahoo.com%2Forganizaciones-sociales-reclaman-milei-reparto-205041105.html%3Fsoc_src%3Dsocial-sh%26soc_trk%3Dtw%26tsrc%3Dtwtr&via=Yahoo",
        "https://www.s.yimg.com/ny/api/res/1.2/gUx8yBGdFaCqIbSJS6Xdmg--/YXBwaWQ9aGlnaGxhbmRlcjt3PTEyMDA7aD04MDA-/https://www.media.zenfs.com/es/efe.es/0bea9a0a212b1524c05cf14e3b5fbee4",
        "https://www.s.yimg.com/ny/api/res/1.2/XEgm9c14wtNqouIp.Porxw--/YXBwaWQ9aGlnaGxhbmRlcjt3PTUwO2g9NjA-/https://www.s.yimg.com/os/creatr-uploaded-images/2020-12/2ae63650-3578-11eb-b7bf-dd5381c63b89",
        "https://www.s.yimg.com/ny/api/res/1.2/axRrGDA8Zj100tzp1UP5ew--/YXBwaWQ9aGlnaGxhbmRlcjt3PTI0MDA7aD0xNjAw/https://www.media.zenfs.com/es/efe.es/8a518c8371de6d07f8b64375774ee379",
        "https://www.s.yimg.com/ny/api/res/1.2/pKcejl0COnGA1Eh.39XzNQ--/YXBwaWQ9aGlnaGxhbmRlcjt3PTk2MDtoPTY0MA--/https://www.media.zenfs.com/es/efe.es/8a518c8371de6d07f8b64375774ee379",
        "https://facebook.com/dialog/feed?app_id=458584288257241&link=https%3A%2F%2Fes-us.noticias.yahoo.com%2Forganizaciones-sociales-reclaman-milei-reparto-205041105.html%3Fsoc_src%3Dsocial-sh%26soc_trk%3Dfb%26tsrc%3Dfb",
        "https://efe.com/efe/usa/5",
        "https://www.s.yimg.com/ny/api/res/1.2/uryx0cU02AekGrcpEIvIjQ--/YXBwaWQ9aGlnaGxhbmRlcjt3PTk2MDtoPTY0MA--/https://www.media.zenfs.com/es/efe.es/46926a3305f1bbff78149a87cb34532c",
        "https://twitter.com/intent/tweet",
        "https://www.s.yimg.com/os/creatr-uploaded-images/2020-12/2ae63650-3578-11eb-b7bf-dd5381c63b89"
    ],
    "external_images": [],
    "entities": {
        "persons": [],
        "organizations": [],
        "locations": []
    },
    "rating": null,
    "crawled": "2024-06-07T00:15:52.567+03:00",
    "updated": "2024-06-07T00:15:52.567+03:00"
}