{
    "thread": {
        "uuid": "aa485346826bde324693220787ccfb5b7a6aed27",
        "url": "https://www.open.online/2024/06/06/annalisa-vecchioni-ricchi-e-poveri-bob-dylan-musica-lega-roma-video",
        "site_full": "www.open.online",
        "site": "open.online",
        "site_section": "https://www.open.online",
        "site_categories": [
            "non_standard_content",
            "adult",
            "top_news"
        ],
        "section_title": "Open - Il giornale online fondato da Enrico Mentana",
        "title": "Altro che Bob Dylan: Annalisa, Ricchi e Poveri e perfino Vecchioni. La playlist di Matteo Salvini e la Lega sul palco di Roma - Il video - Open",
        "title_full": "Altro che Bob Dylan: Annalisa, Ricchi e Poveri e perfino Vecchioni. La playlist di Matteo Salvini e la Lega sul palco di Roma - Il video - Open",
        "published": "2024-06-06T20:53:00.000+03:00",
        "replies_count": 0,
        "participants_count": 1,
        "site_type": "news",
        "country": "IT",
        "main_image": "https://static.open.online/wp-content/uploads/2024/06/salvini-lega-comizio-roma-scaled.jpg",
        "performance_score": 0,
        "domain_rank": 29634,
        "domain_rank_updated": "2024-06-04T13:08:15.000+03:00",
        "reach": null,
        "social": {
            "facebook": {
                "likes": 0,
                "comments": 0,
                "shares": 0
            },
            "gplus": {
                "shares": 0
            },
            "pinterest": {
                "shares": 0
            },
            "linkedin": {
                "shares": 0
            },
            "stumbledupon": {
                "shares": 0
            },
            "vk": {
                "shares": 0
            }
        }
    },
    "uuid": "aa485346826bde324693220787ccfb5b7a6aed27",
    "url": "https://www.open.online/2024/06/06/annalisa-vecchioni-ricchi-e-poveri-bob-dylan-musica-lega-roma-video",
    "ord_in_thread": 0,
    "parent_url": null,
    "author": "Redazione",
    "published": "2024-06-06T20:53:00.000+03:00",
    "title": "Altro che Bob Dylan: Annalisa, Ricchi e Poveri e perfino Vecchioni. La playlist di Matteo Salvini e la Lega sul palco di Roma - Il video - Open",
    "text": "Lo hanno [criticato](https://www.open.online/2024/06/01/europee-salvini-bob-dylan-la-risposta-nel-vento-video/) per “Blowin’ in the Wind” di [Bod Dylan](https://www.open.online/temi/bob-dylan/), perfino per “Generale” di Francesco De Gregori dedicata al suo generale [Roberto Vannacci](https://www.open.online/temi/roberto-vannacci/), ma la playlist di [Matteo Salvini](https://www.open.online/temi/matteo-salvini/) non si ferma solo a questi due brani. Per l’appuntamento romano elettorale per le [elezioni europee](https://www.open.online/temi/elezioni-europee-2024/), in piazza Santi Apostoli, la lista si allunga. Sul palco, prima che salgano gli ospiti della serata, dalle casse risuona “Sinceramente” di [Annalisa](https://www.open.online/temi/annalisa/), i Ricchi e Poveri (con una [canzone](https://www.open.online/2024/05/23/ricchi-e-poveri-antonio-tajani-video/) già amata dai forzisti) e infine [Roberto Vecchioni](https://www.open.online/temi/roberto-vecchioni/) con Alfa (“Sogna, ragazzo, sogna”). Leggi anche: [Blitz della candidata di +Europa, Antonella Soldo, davanti al ministro Salvini. Regala cannabis light, ma lui non apprezza: «Fai l’amore non farti le canne» – Il video](https://www.open.online/2024/06/05/matteo-salvini-cannabis-light-antonella-soldo-radicali-video) [Claudio Borghi, il leghista contro Mattarella: «Un ordine concentrico ai giornali di attaccarmi, ma io non ritratto»](https://www.open.online/2024/06/04/claudio-borghi-lega-dimissioni-mattarella-giornali) [«La portafinestra, la parete in cartongesso…» l’elenco di Salvini su quello che si può cambiare con il decreto Salva casa – IL VIDEO](https://www.open.online/2024/06/04/salva-casa-elenco-ministro-salvini-cosa-si-puo-sanare-video)",
    "highlightText": "",
    "highlightTitle": "",
    "highlightThreadTitle": "",
    "language": "italian",
    "sentiment": "negative",
    "categories": [
        "Politics",
        "Arts, Culture and Entertainment"
    ],
    "webz_reporter": false,
    "external_links": [],
    "external_images": [],
    "entities": {
        "persons": [],
        "organizations": [],
        "locations": []
    },
    "rating": null,
    "crawled": "2024-06-07T00:25:18.428+03:00",
    "updated": "2024-06-07T00:25:18.428+03:00"
}