{
    "thread": {
        "uuid": "c53a2585d87b817e8946fa51ce1b0c8696ded90a",
        "url": "https://broncoswire.usatoday.com/2023/12/28/denver-broncos-news-courtland-sutton-thursday-injury-update/",
        "site_full": "broncoswire.usatoday.com",
        "site": "usatoday.com",
        "site_section": "http://broncoswire.usatoday.com",
        "site_categories": [
            "football",
            "sports"
        ],
        "section_title": "Denver Broncos News, Rumors, Scores, Schedule, Stats and Roster | Broncos Wire",
        "title": "Denver Broncos injuries: Courtland Sutton did not practice Thursday",
        "title_full": "Denver Broncos injuries: Courtland Sutton did not practice Thursday",
        "published": "2023-12-28T21:49:00.000+02:00",
        "replies_count": 0,
        "participants_count": 1,
        "site_type": "news",
        "country": "US",
        "main_image": "https://broncoswire.usatoday.com/wp-content/uploads/sites/68/2023/12/Courtland-Sutton-injury-update.jpg?w=1024&#038;h=576&#038;crop=1",
        "performance_score": 0,
        "domain_rank": 140,
        "domain_rank_updated": "2023-12-26T12:06:20.000+02:00",
        "reach": null,
        "social": {
            "facebook": {
                "likes": 0,
                "comments": 0,
                "shares": 14
            },
            "gplus": {
                "shares": 0
            },
            "pinterest": {
                "shares": 0
            },
            "linkedin": {
                "shares": 0
            },
            "stumbledupon": {
                "shares": 0
            },
            "vk": {
                "shares": 0
            }
        }
    },
    "uuid": "c53a2585d87b817e8946fa51ce1b0c8696ded90a",
    "url": "https://broncoswire.usatoday.com/2023/12/28/denver-broncos-news-courtland-sutton-thursday-injury-update/",
    "ord_in_thread": 0,
    "parent_url": null,
    "author": "Jon Heath",
    "published": "2023-12-28T21:49:00.000+02:00",
    "title": "Denver Broncos injuries: Courtland Sutton did not practice Thursday",
    "text": "Denver Broncos wide receiver Courtland Sutton (concussion) remains in the concussion protocol and missed practice again on Thursday, according to the team’s injury report.\nAfter missing two days of practice, Sutton might be trending toward not playing against the Los Angeles Chargers on Sunday.\nElsewhere on the injury front, outside linebacker Baron Browning (concussion) and tight end Greg Dulcich (hamstring/foot) also remained sidelined with injuries, and several players are sick.\nDenver pass rusher Nik Bonitto (knee) returned to practice this week after missing the team’s last two games.\nThe team’s complete Thursday injury report can be seen below. (DNP = did not participate.)\nPlayer Wed Thur Fri Game Status OLB Baron Browning (concussion) DNP DNP TE Greg Dulcich (hamstring/foot) DNP DNP RB Samaje Perine (rest) DNP Full WR Courtland Sutton (concussion) DNP DNP RB Dwayne Washington (illness) DNP DNP OLB Nik Bonitto (knee) Limited Full OT Alex Palczewski (knee) Full Full TE Chris Manhertz (rest) Not listed DNP DL Mike Purcell (rest) Not listed DNP DB Justin Simmons (illness) Not listed DNP WR Marvin Mims (hamstring) Not listed Limited The Broncos will practice again on Friday before releasing a final injury report with game statuses for Week 17.\nMore Broncos Buzz Report: Russell Wilson expects to be cut by Broncos in March Sean Payton explains decision to bench QB Russell Wilson Russell Wilson 'liked' these tweets after being benched by the Broncos Broncos Wire podcast: Reaction to Russell Wilson getting benched Broncos vs. Chargers broadcast map: Will the game be on TV?\nFollow the Broncos Wire Podcast:\nApple Podcasts | Spotify | Google Podcasts",
    "highlightText": "",
    "highlightTitle": "",
    "highlightThreadTitle": "",
    "language": "english",
    "sentiment": "negative",
    "categories": [
        "Sport",
        "Health"
    ],
    "external_links": [
        "https://apple.co/3H3B7xd",
        "https://spoti.fi/3qh9KtA",
        "https://omny.fm/shows/broncos-wire/broncos-bench-russell-wilson-but-let-s-not-let-sea/embed",
        "https://bit.ly/3o7jZOm",
        "https://www.spoti.fi/3qh9KtA",
        "https://www.omny.fm/shows/broncos-wire/broncos-bench-russell-wilson-but-let-s-not-let-sea/embed",
        "https://www.apple.co/3H3B7xd",
        "https://www.bit.ly/3o7jZOm"
    ],
    "external_images": [],
    "entities": {
        "persons": [
            {
                "name": "courtland sutton",
                "sentiment": "negative"
            },
            {
                "name": "greg dulcich",
                "sentiment": "none"
            },
            {
                "name": "justin simmons",
                "sentiment": "none"
            },
            {
                "name": "dwayne washington",
                "sentiment": "none"
            },
            {
                "name": "nik bonitto",
                "sentiment": "none"
            },
            {
                "name": "mike purcell",
                "sentiment": "none"
            },
            {
                "name": "sutton",
                "sentiment": "none"
            },
            {
                "name": "baron browning",
                "sentiment": "none"
            },
            {
                "name": "alex palczewski",
                "sentiment": "none"
            },
            {
                "name": "samaje perine",
                "sentiment": "none"
            }
        ],
        "organizations": [
            {
                "name": "denver broncos",
                "sentiment": "negative"
            },
            {
                "name": "te chris manhertz",
                "sentiment": "none"
            },
            {
                "name": "los angeles chargers",
                "sentiment": "none"
            }
        ],
        "locations": []
    },
    "rating": null,
    "crawled": "2023-12-29T00:05:22.695+02:00",
    "updated": "2023-12-29T00:05:22.695+02:00"
}