{
    "thread": {
        "uuid": "09e60c8750b18109ab9a7b79a46b05350ab1f483",
        "url": "https://ground.news/article/alberto-otarola-tras-incremento-de-casos-covid-19-no-se-van-a-suspender-las-reuniones-y-fiestas",
        "site_full": "ground.news",
        "site": "ground.news",
        "site_section": "https://ground.news/interest/el-comercio",
        "site_categories": [],
        "section_title": "El Comercio  Breaking News Headlines Today | Ground News",
        "title": "Ground News - Alberto Otárola tras incremento de casos COVID-19: “No se van a suspender las reuniones y fiestas”",
        "title_full": "Ground News - Alberto Otárola tras incremento de casos COVID-19: “No se van a suspender las reuniones y fiestas”",
        "published": "2023-12-28T23:31:00.000+02:00",
        "replies_count": 0,
        "participants_count": 1,
        "site_type": "news",
        "country": "CA",
        "main_image": "",
        "performance_score": 0,
        "domain_rank": 29780,
        "domain_rank_updated": "2023-12-26T12:06:20.000+02:00",
        "reach": null,
        "social": {
            "facebook": {
                "likes": 0,
                "comments": 0,
                "shares": 0
            },
            "gplus": {
                "shares": 0
            },
            "pinterest": {
                "shares": 0
            },
            "linkedin": {
                "shares": 0
            },
            "stumbledupon": {
                "shares": 0
            },
            "vk": {
                "shares": 0
            }
        }
    },
    "uuid": "09e60c8750b18109ab9a7b79a46b05350ab1f483",
    "url": "https://ground.news/article/alberto-otarola-tras-incremento-de-casos-covid-19-no-se-van-a-suspender-las-reuniones-y-fiestas",
    "ord_in_thread": 0,
    "parent_url": null,
    "author": "El Comercio",
    "published": "2023-12-28T23:31:00.000+02:00",
    "title": "Ground News - Alberto Otárola tras incremento de casos COVID-19: “No se van a suspender las reuniones y fiestas”",
    "text": "Summary by El Comercio Minsa detecta un incremento de casos confirmados de COVID-19 en diferentes regionesContraloría: cerca del 40% de centros de salud del primer nivel no cuentan con todos los servicios básicosRecientemente el Ministerio de Salud (Minsa) confirmó el incremento de casos de COVID-19 diagnosticados en Lima y algunas regiones, por lo que llamó a la ciudadanía a tomar sus previsiones como el retorno al uso de mascarillas en caso de que presenten algún sí… Share menu More\nFilters 1 Articles 1 Articles All Left Center Right\nEl Comercio Alberto Otárola tras incremento de casos COVID-19: “No se van a suspender las reuniones y fiestas” Minsa detecta un incremento de casos confirmados de COVID-19 en diferentes regionesContraloría: cerca del 40% de centros de salud del primer nivel no cuentan con todos los servicios básicosRecientemente el Ministerio de Salud (Minsa) confirmó el incremento de casos de COVID-19 diagnosticados en Lima y algunas regiones, por lo que llamó a la ciudadanía a tomar sus previsiones como el retorno al uso de mascarillas en caso de que presenten algún sí…\n1 hour ago Read Full Article\nEl Comercio\nAlberto Otárola tras incremento de casos COVID-19: “No se van a suspender las reuniones y fiestas” Minsa detecta un incremento de casos confirmados de COVID-19 en diferentes regionesContraloría: cerca del 40% de centros de salud del primer nivel no cuentan con todos los servicios básicosRecientemente el Ministerio de Salud (Minsa) confirmó el incremento de casos de COVID-19 diagnosticados en Lima y algunas regiones, por lo que llamó a la ciudadanía a tomar sus previsiones como el retorno al uso de mascarillas en caso de que presenten algún sí…\n1 hour ago Read Full Article Think freely. Subscribe and get full access to Ground News Subscriptions start at $9.99/year Subscribe",
    "highlightText": "",
    "highlightTitle": "",
    "highlightThreadTitle": "",
    "language": "spanish",
    "sentiment": "negative",
    "categories": [
        "Health",
        "Social Issue"
    ],
    "external_links": [
        "https://elcomercio.pe/lima/alberto-otarola-tras-incremento-de-casos-covid-19-no-se-van-a-suspender-las-reuniones-y-fiestas-minsa-coronavirus-ultimas-noticia/?utm_source=ground.news&utm_medium=referral",
        "https://elcomercio.pe/lima/alberto-otarola-tras-incremento-de-casos-covid-19-no-se-van-a-suspender-las-reuniones-y-fiestas-minsa-coronavirus-ultimas-noticia/",
        "https://www.elcomercio.pe/lima/alberto-otarola-tras-incremento-de-casos-covid-19-no-se-van-a-suspender-las-reuniones-y-fiestas-minsa-coronavirus-ultimas-noticia/?utm_source=ground.news&utm_medium=referral"
    ],
    "external_images": [],
    "entities": {
        "persons": [],
        "organizations": [],
        "locations": []
    },
    "rating": null,
    "crawled": "2023-12-29T00:34:42.329+02:00",
    "updated": "2023-12-29T00:34:42.329+02:00"
}