{
    "thread": {
        "uuid": "27a0e17d3284f1ebeda8932bee6bf986f0fd9a12",
        "url": "https://www.courier-journal.com/story/news/nation/2023/12/28/minnesota-woman-sues-dentist/72050466007/",
        "site_full": "www.courier-journal.com",
        "site": "courier-journal.com",
        "site_section": "http://www.courier-journal.com",
        "site_categories": [
            "real_estate",
            "media",
            "buying_selling_homes"
        ],
        "section_title": "Louisville News, Louisville Sports | Courier-Journal",
        "title": "Kathleen Wilson's Minnesota dentist did 30 procedures at once: lawsuit",
        "title_full": "Kathleen Wilson's Minnesota dentist did 30 procedures at once: lawsuit",
        "published": "2023-12-28T00:33:00.000+02:00",
        "replies_count": 0,
        "participants_count": 1,
        "site_type": "news",
        "country": "US",
        "main_image": "",
        "performance_score": 0,
        "domain_rank": 3586,
        "domain_rank_updated": "2023-12-26T12:06:20.000+02:00",
        "reach": null,
        "social": {
            "facebook": {
                "likes": 0,
                "comments": 0,
                "shares": 0
            },
            "gplus": {
                "shares": 0
            },
            "pinterest": {
                "shares": 0
            },
            "linkedin": {
                "shares": 0
            },
            "stumbledupon": {
                "shares": 0
            },
            "vk": {
                "shares": 0
            }
        }
    },
    "uuid": "27a0e17d3284f1ebeda8932bee6bf986f0fd9a12",
    "url": "https://www.courier-journal.com/story/news/nation/2023/12/28/minnesota-woman-sues-dentist/72050466007/",
    "ord_in_thread": 0,
    "parent_url": null,
    "author": "Mary Walrath-Holdridge",
    "published": "2023-12-28T00:33:00.000+02:00",
    "title": "Kathleen Wilson's Minnesota dentist did 30 procedures at once: lawsuit",
    "text": "20 fillings, 4 root canals, 8 crowns in one visit add up to lawsuit for Minnesota dentist Mary Walrath-Holdridge USA TODAY A Minnesota dentist has become the subject of a malpractice lawsuit after his patient accused him of \"disfiguring\" her.\nThe civil lawsuit was filed in Hennepin County, Minnesota last week by Kathleen Wilson, who alleged Dr. Kevin Molldrem and Molldrem Family Dentistry caused her significant injury that is still being corrected.\nAccording to the suit, Molldrem performed more than 30 producers on Wilson in a single July 2020 visit, doing eight crowns, four root canals and 20 fillings in one go. The lawsuit alleges that the dentist \"perform[ed] this work improperly,\" resulting in pain and suffering, embarrassment, emotional distress, and disfigurement.\nMolldrem was likewise accused of using improper levels of anesthesia during the procedures and falsifying medical records to cover it up.\nTreatment called 'inconceivable' Gypsy Rose Blanchard released from Missouri prison early Thursday morning, DOC confirms Cher files for conservatorship of her son, claims Elijah Blue Allman's life is 'at risk' Ex-boyfriend of missing St. Louis woman admits to her murder after Wisconsin arrest: Police 6 dead, 3 injured in Johnson County, Texas, crash; victims include 2 young kids ages 9, 10 California Pizza Huts lay off all delivery drivers ahead of minimum wage increase “It is inconceivable that Dr. Molldrem could have prepared and placed 8 crowns under these circumstances in the time allotted, not to mention the additional 20 restorations,” wrote Dr. Avrum Goldstein, a dentist and expert witness brought on by Wilson's attorney, in an affidavit.\nGoldstein, who is a faculty member at NOVA Southeastern University , also wrote that Wilson had been correctly diagnosed as having a \"rare condition\" causing decay in almost all of her teeth, but Mollderm's course of action was not a proper form of treatment.\n\"[Wilson’s] required a slow, thoughtful, careful and measured response to her disease,” he said in his report. “Trying to fill every hole in every tooth in her mouth in one visit is not only the antithesis of what was indicated, it is not humanly possible to achieve in an effective or constructive manner.”\nDoctors remove wrong organ from man: They opened him up to remove his appendix. They mistakenly took out much more, lawsuit says.\nThe lawsuit also accused Mollderm of tampering with medical records to falsify the amount of anesthesia that was reportedly used, which in reality was nearly double the standard number of units, according to court paperwork. According to Goldstein, the maximum dose of anesthesia given in three hours should not exceed 490 mg, but Molldrem's records show he gave Wilson 960 mg.\n“Any negative cardiovascular or central nervous system outcomes could be tied to the local anesthetic overdose,\" he wrote.\nWilson said in the suit that she has since had to have the dental work completely redone by other dentists to repair Molldrem’s “negligent work,\" an ongoing process that has caused her to lose income and rack up medical bills on top of enduring pain, suffering and embarrassment. She is seeking more than $50,000 in damages.\nWilson's attorney and Molldrem did not immediately respond to request for comment.",
    "highlightText": "",
    "highlightTitle": "",
    "highlightThreadTitle": "",
    "language": "english",
    "sentiment": "negative",
    "categories": [
        "Crime, Law and Justice",
        "Health",
        "Human Interest"
    ],
    "external_links": [
        "https://downloadmedia.gannett-cdn.com/authoring/videos/zype/renditions/658c5efcfe8d8a00014ad0f4/1080p_30fps.mp4&#34;,&#34;origin&#34;:&#34;USA",
        "https://www.seakexperts.com/members/4827-avrum-r-goldstein",
        "https://dental.nova.edu/aboutus/faculty/goldstein-avrum%20.html?_gl=1*1kqtqxq*_gcl_au*ODA4NzUxNTA1LjE3MDM3OTc5MjI.",
        "https://www.usatoday.com/staff/12093029002/mary-walrathholdridge/",
        "https://molldremdentistry.com/",
        "https://www.usatoday.com/videos/money/problem-solved/2023/12/27/how-to-clean-an-artificial-christmas-tree-before-repacking/72039524007/&#34;},&#34;promoBrief&#34;:&#34;Clean",
        "https://www.facebook.com/dialog/share?display=popup&app_id=128534137209813&href=https%3A%2F%2Fwww.courier-journal.com%2Fstory%2Fnews%2Fnation%2F2023%2F12%2F28%2Fminnesota-woman-sues-dentist%2F72050466007%2F",
        "http://twitter.com/intent/tweet?url=https%3A%2F%2Fwww.courier-journal.com%2Fstory%2Fnews%2Fnation%2F2023%2F12%2F28%2Fminnesota-woman-sues-dentist%2F72050466007%2F&text=20%20fillings%2C%204%20root%20canals%2C%208%20crowns%20in%20one%20visit%20add%20up%20to%20lawsuit%20for%20Minnesota%20dentist&via=courierjournal",
        "https://facebook.com/dialog/share?display=popup&app_id=128534137209813&href=https%3A%2F%2Fwww.courier-journal.com%2Fstory%2Fnews%2Fnation%2F2023%2F12%2F28%2Fminnesota-woman-sues-dentist%2F72050466007%2F",
        "https://www.downloadmedia.gannett-cdn.com/authoring/videos/zype/renditions/658c5efcfe8d8a00014ad0f4/1080p_30fps.mp4&#34;,&#34;origin&#34;:&#34;USA",
        "https://usatoday.com/staff/12093029002/mary-walrathholdridge/",
        "https://seakexperts.com/members/4827-avrum-r-goldstein",
        "https://usatoday.com/videos/money/problem-solved/2023/12/27/how-to-clean-an-artificial-christmas-tree-before-repacking/72039524007/&#34;},&#34;promoBrief&#34;:&#34;Clean",
        "http://www.twitter.com/intent/tweet?url=https%3A%2F%2Fwww.courier-journal.com%2Fstory%2Fnews%2Fnation%2F2023%2F12%2F28%2Fminnesota-woman-sues-dentist%2F72050466007%2F&text=20%20fillings%2C%204%20root%20canals%2C%208%20crowns%20in%20one%20visit%20add%20up%20to%20lawsuit%20for%20Minnesota%20dentist&via=courierjournal",
        "https://www.facebook.com/dialog/share",
        "http://twitter.com/intent/tweet",
        "https://molldremdentistry.com",
        "https://www.molldremdentistry.com/",
        "https://www.usatoday.com/staff/12093029002/mary-walrathholdridge",
        "https://www.dental.nova.edu/aboutus/faculty/goldstein-avrum%20.html?_gl=1*1kqtqxq*_gcl_au*ODA4NzUxNTA1LjE3MDM3OTc5MjI.",
        "https://dental.nova.edu/aboutus/faculty/goldstein-avrum%20.html"
    ],
    "external_images": [],
    "entities": {
        "persons": [
            {
                "name": "mary walra",
                "sentiment": "negative"
            },
            {
                "name": "kathleen wilson",
                "sentiment": "negative"
            },
            {
                "name": "molldrem",
                "sentiment": "none"
            },
            {
                "name": "cher",
                "sentiment": "none"
            },
            {
                "name": "elijah blu",
                "sentiment": "none"
            },
            {
                "name": "kevin molldrem",
                "sentiment": "none"
            },
            {
                "name": "gypsy rose blanchard",
                "sentiment": "none"
            },
            {
                "name": "wilson",
                "sentiment": "none"
            }
        ],
        "organizations": [
            {
                "name": "doc",
                "sentiment": "none"
            }
        ],
        "locations": [
            {
                "name": "minnesota",
                "sentiment": "none"
            },
            {
                "name": "missouri",
                "sentiment": "none"
            },
            {
                "name": "hennepin county",
                "sentiment": "none"
            },
            {
                "name": "holdridge usa",
                "sentiment": "none"
            }
        ]
    },
    "rating": null,
    "crawled": "2023-12-29T00:30:52.302+02:00",
    "updated": "2023-12-29T00:30:52.302+02:00"
}