{
    "thread": {
        "uuid": "307b7a576d14f304f6834b832813c09e2e990f84",
        "url": "https://www.dispatch.com/story/news/local/2023/12/28/ohio-issues-recall-on-medical-marijuana-gummies/72051909007/",
        "site_full": "www.dispatch.com",
        "site": "dispatch.com",
        "site_section": "https://dispatch.com/search/",
        "site_categories": [
            "media"
        ],
        "section_title": "Search - dispatch.com",
        "title": "Ohio issues recall on medical marijuana gummies",
        "title_full": "Ohio issues recall on medical marijuana gummies",
        "published": "2023-12-28T23:57:00.000+02:00",
        "replies_count": 0,
        "participants_count": 1,
        "site_type": "news",
        "country": "US",
        "main_image": "",
        "performance_score": 0,
        "domain_rank": 2727,
        "domain_rank_updated": "2023-12-26T12:06:20.000+02:00",
        "reach": null,
        "social": {
            "facebook": {
                "likes": 0,
                "comments": 0,
                "shares": 1
            },
            "gplus": {
                "shares": 0
            },
            "pinterest": {
                "shares": 0
            },
            "linkedin": {
                "shares": 0
            },
            "stumbledupon": {
                "shares": 0
            },
            "vk": {
                "shares": 0
            }
        }
    },
    "uuid": "307b7a576d14f304f6834b832813c09e2e990f84",
    "url": "https://www.dispatch.com/story/news/local/2023/12/28/ohio-issues-recall-on-medical-marijuana-gummies/72051909007/",
    "ord_in_thread": 0,
    "parent_url": null,
    "author": "The Columbus Dispatch",
    "published": "2023-12-28T23:57:00.000+02:00",
    "title": "Ohio issues recall on medical marijuana gummies",
    "text": "The state of Ohio issued a recall Thursday for a brand of marijuana edibles sold at dispensaries across the state. The Ohio Medical Marijuana Control Program, which regulates the sale of medicinal marijuana in the Department of Commerce, received a report from the Columbus-based cannabis processing company BeneLeaves Limited that its \"Smokiez Sweet Tropical Fruit Gummies\" edibles have a defective tamper-evident seal on several of its packages.\nThe advisory applies to that particular flavor of Smokiez sold between Sept. 15, 2023, and Dec. 27, 2023.\nThe MMCP noted that no adverse side effects have been noted or reported and that this particular strain has passed all required testing. Officials advise that patients who may have bought these products ensure that the tamper-evident seal is secure before use.\nAny product found with a defective seal should be returned to the dispensary where it was purchased.\nBeneLeaves Limited is a family-owned and licensed cannabis processing company that \"create an assortment of incredible, safe, and affordable products for Ohio medical cannabis patients\", according to their website.\nThe advisory applies to products purchased from:\nBackroad Wellness - Lima Backroad Wellness - New Boston Bear River Dispensary - Delaware Bliss Ohio - Kent Bloom Medicinals - Akron Bloom Medicinals - Columbus Bloom Medicinals - Painesville Curaleaf - Newark Green Releaf - Dayton Herbal Wellness Center - Jackson Italian Herbs - Ashtabula Mavuno of Athens - Athens Mavuno of Beavercreek - Beavercreek Mavuno of Columbus - Columbus Nar Reserve - Columbus Pure Iconic - Oxford Pure Ohio Wellness - London Shangri-La Dispensary - Monroe Strawberry Fields - Columbus Supergood - Ravenna Terrasana - Columbus Terrasana - Fremont Terrasana - Garfield Heights The Landing Dispensary - Cincinnati Trulieve Medical Marijuana - Columbus Uplift - Milford Uplift - Mount Orab Zen Leaf Bowling Green - Bowling Green @ShahidMeighan\nsmeighan@dispatch.com",
    "highlightText": "",
    "highlightTitle": "",
    "highlightThreadTitle": "",
    "language": "english",
    "sentiment": "negative",
    "categories": [
        "Health",
        "Social Issue",
        "Crime, Law and Justice"
    ],
    "external_links": [
        "https://www.beneleaves.com/about",
        "https://beneleaves.com/about"
    ],
    "external_images": [],
    "entities": {
        "persons": [],
        "organizations": [
            {
                "name": "department of commerce",
                "sentiment": "none"
            },
            {
                "name": "beneleaves limited",
                "sentiment": "none"
            },
            {
                "name": "mmcp",
                "sentiment": "none"
            },
            {
                "name": "ohio medical marijuana control program",
                "sentiment": "none"
            },
            {
                "name": "smokiez sweet tropical fruit gummies",
                "sentiment": "none"
            }
        ],
        "locations": [
            {
                "name": "ohio",
                "sentiment": "none"
            },
            {
                "name": "columbus",
                "sentiment": "none"
            }
        ]
    },
    "rating": null,
    "crawled": "2023-12-29T00:10:28.077+02:00",
    "updated": "2023-12-29T15:49:35.200+02:00"
}