{
    "thread": {
        "uuid": "33d9879bf844a49e61c278f7fbb3a2dccacfc257",
        "url": "https://ground.news/article/i-didnt-bow-down-to-the-medical-industrial-complex-aaron-rodgers-hits-back-at-puppet-journalists-who-still-attack-him",
        "site_full": "ground.news",
        "site": "ground.news",
        "site_section": "https://ground.news/interest/nfl_d0029c",
        "site_categories": [],
        "section_title": "NFL Breaking News Headlines Today | Ground News",
        "title": "Ground News - 'I didn't bow down to the medical industrial complex': Aaron Rodgers hits back at 'puppet' journalists who still attack him",
        "title_full": "Ground News - 'I didn't bow down to the medical industrial complex': Aaron Rodgers hits back at 'puppet' journalists who still attack him",
        "published": "2023-12-28T22:45:00.000+02:00",
        "replies_count": 0,
        "participants_count": 1,
        "site_type": "news",
        "country": "CA",
        "main_image": "",
        "performance_score": 0,
        "domain_rank": 29780,
        "domain_rank_updated": "2023-12-26T12:06:20.000+02:00",
        "reach": null,
        "social": {
            "facebook": {
                "likes": 0,
                "comments": 0,
                "shares": 0
            },
            "gplus": {
                "shares": 0
            },
            "pinterest": {
                "shares": 0
            },
            "linkedin": {
                "shares": 0
            },
            "stumbledupon": {
                "shares": 0
            },
            "vk": {
                "shares": 0
            }
        }
    },
    "uuid": "33d9879bf844a49e61c278f7fbb3a2dccacfc257",
    "url": "https://ground.news/article/i-didnt-bow-down-to-the-medical-industrial-complex-aaron-rodgers-hits-back-at-puppet-journalists-who-still-attack-him",
    "ord_in_thread": 0,
    "parent_url": null,
    "author": "The Blaze",
    "published": "2023-12-28T22:45:00.000+02:00",
    "title": "Ground News - 'I didn't bow down to the medical industrial complex': Aaron Rodgers hits back at 'puppet' journalists who still attack him",
    "text": "Summary by The Blaze NFL quarterback Aaron Rodgers spoke out against journalists who criticized him for a taking up a roster spot on his team, the New York Jets, despite being injured. The four-time NFL MVP also alleged that journalists who continually criticize him are often the same ones who took issue with his stance against the COVID-19 vaccine.Pro Football Talk creator and editor in chief Mike Florio is an example of a journalist who may have jumped the gun on … Share menu More\nFilters 1 Articles 1 Articles All Left Center Right\nThe Blaze Right Mixed Factuality Independent: Blaze Media 'I didn't bow down to the medical industrial complex': Aaron Rodgers hits back at 'puppet' journalists who still attack him NFL quarterback Aaron Rodgers spoke out against journalists who criticized him for a taking up a roster spot on his team, the New York Jets, despite being injured. The four-time NFL MVP also alleged that journalists who continually criticize him are often the same ones who took issue with his stance against the COVID-19 vaccine.Pro Football Talk creator and editor in chief Mike Florio is an example of a journalist who may have jumped the gun on …\n1 hour ago · United States Read Full Article\nThe Blaze Right Mixed Factuality Independent: Blaze Media\n'I didn't bow down to the medical industrial complex': Aaron Rodgers hits back at 'puppet' journalists who still attack him NFL quarterback Aaron Rodgers spoke out against journalists who criticized him for a taking up a roster spot on his team, the New York Jets, despite being injured. The four-time NFL MVP also alleged that journalists who continually criticize him are often the same ones who took issue with his stance against the COVID-19 vaccine.Pro Football Talk creator and editor in chief Mike Florio is an example of a journalist who may have jumped the gun on …\n1 hour ago · United States Read Full Article Think freely. Subscribe and get full access to Ground News Subscriptions start at $9.99/year Subscribe",
    "highlightText": "",
    "highlightTitle": "",
    "highlightThreadTitle": "",
    "language": "english",
    "sentiment": "negative",
    "categories": [
        "Health",
        "Social Issue"
    ],
    "external_links": [
        "https://www.theblaze.com/news/rodgers-bawden-roster-criticism-vaccine?utm_source=ground.news&utm_medium=referral",
        "https://theblaze.com/news/rodgers-bawden-roster-criticism-vaccine?utm_source=ground.news&utm_medium=referral",
        "https://www.theblaze.com/news/rodgers-bawden-roster-criticism-vaccine"
    ],
    "external_images": [],
    "entities": {
        "persons": [
            {
                "name": "aaron rodgers",
                "sentiment": "negative"
            },
            {
                "name": "mike florio",
                "sentiment": "none"
            }
        ],
        "organizations": [
            {
                "name": "blaze nfl",
                "sentiment": "negative"
            },
            {
                "name": "new york jets",
                "sentiment": "none"
            },
            {
                "name": "nfl",
                "sentiment": "none"
            },
            {
                "name": "blaze media",
                "sentiment": "none"
            }
        ],
        "locations": []
    },
    "rating": null,
    "crawled": "2023-12-29T00:09:58.425+02:00",
    "updated": "2023-12-29T00:09:58.425+02:00"
}