{
    "thread": {
        "uuid": "dffe6abaf7022a81939b098147fd53f150169407",
        "url": "https://pledgetimes.com/patricio-speaks-out-after-the-death-of-his-brother-pedro-suarez-vertiz-until-yesterday-it-was-fine/",
        "site_full": "pledgetimes.com",
        "site": "pledgetimes.com",
        "site_section": "https://pledgetimes.com",
        "site_categories": [
            "financial_news",
            "finance"
        ],
        "section_title": "- Pledge Times",
        "title": "Patricio speaks out after the death of his brother Pedro Suárez-Vértiz: \"Until yesterday it was fine\" - Pledge Times",
        "title_full": "Patricio speaks out after the death of his brother Pedro Suárez-Vértiz: \"Until yesterday it was fine\" - Pledge Times",
        "published": "2023-12-29T00:01:00.000+02:00",
        "replies_count": 0,
        "participants_count": 1,
        "site_type": "news",
        "country": "US",
        "main_image": "https://larepublica.cronosmedia.glr.pe/original/2023/12/28/658debf599145721d768d560.jpg",
        "performance_score": 0,
        "domain_rank": 70698,
        "domain_rank_updated": "2023-12-26T12:06:25.000+02:00",
        "reach": null,
        "social": {
            "facebook": {
                "likes": 0,
                "comments": 0,
                "shares": 0
            },
            "gplus": {
                "shares": 0
            },
            "pinterest": {
                "shares": 0
            },
            "linkedin": {
                "shares": 0
            },
            "stumbledupon": {
                "shares": 0
            },
            "vk": {
                "shares": 0
            }
        }
    },
    "uuid": "dffe6abaf7022a81939b098147fd53f150169407",
    "url": "https://pledgetimes.com/patricio-speaks-out-after-the-death-of-his-brother-pedro-suarez-vertiz-until-yesterday-it-was-fine/",
    "ord_in_thread": 0,
    "parent_url": null,
    "author": "admin_l6ma5gus",
    "published": "2023-12-29T00:01:00.000+02:00",
    "title": "Patricio speaks out after the death of his brother Pedro Suárez-Vértiz: \"Until yesterday it was fine\" - Pledge Times",
    "text": "Patricio Suárez-Vértiz arrived at the house of his brother Pedro Suárez-Vértiz where he died this Thursday, December 28 at 6:55 am The interpreter of 'When you think about returning' died in the company of one of his children, the result of his relationship with Cynthia Martínez, in his home located in the Miraflores district due to cardiac arrest. Since the early hours of the morning, the press was waiting for a family member to provide information about his death. Patricio Suárez-Vértiz was the one who spoke to the media. What did Patricio Suárez-Vértiz say about the death of his brother Pedro Suárez-Vértiz? Patricio Suárez-Vértiz, accompanied by his friend Nina Mutal, testified to the press after leaving the house where his brother Pedro Suárez-Vértiz died. The musician also remembered Pedro in the following way: “He decided to be happy…Until the last day he was very smiling…Until yesterday he was fine…He was a cool man, well…He was a musical genius.” #Patricio #speaks #death #brother #Pedro #SuárezVértiz #quotUntil #yesterday #finequot",
    "highlightText": "",
    "highlightTitle": "",
    "highlightThreadTitle": "",
    "language": "english",
    "sentiment": "negative",
    "categories": [
        "Human Interest",
        "Health",
        "Social Issue"
    ],
    "external_links": [],
    "external_images": [],
    "entities": {
        "persons": [
            {
                "name": "pedro suárez-vértiz",
                "sentiment": "negative"
            },
            {
                "name": "patricio",
                "sentiment": "negative"
            },
            {
                "name": "patricio suárez-vértiz",
                "sentiment": "negative"
            },
            {
                "name": "pedro",
                "sentiment": "none"
            },
            {
                "name": "nina mutal",
                "sentiment": "none"
            },
            {
                "name": "cynthia martínez",
                "sentiment": "none"
            }
        ],
        "organizations": [],
        "locations": [
            {
                "name": "miraflores",
                "sentiment": "none"
            }
        ]
    },
    "rating": null,
    "crawled": "2023-12-29T00:40:03.526+02:00",
    "updated": "2023-12-29T00:40:03.526+02:00"
}