{
    "thread": {
        "uuid": "79573de373b2f0b229848edd156211f062505862",
        "url": "https://rpp.pe/politica/gobierno/covid-19-gobierno-no-prohibira-reuniones-ni-fiestas-de-ano-nuevo-pese-a-incremento-de-contagios-noticia-1524640",
        "site_full": "rpp.pe",
        "site": "rpp.pe",
        "site_section": "https://rpp.pe",
        "site_categories": [
            "media"
        ],
        "section_title": "RPP - Noticias del Perú y el Mundo | Radio | Podcast | RPP Noticias",
        "title": "COVID-19: Gobierno no prohibirá reuniones ni fiestas de Año Nuevo pese a incremento de contagios | RPP Noticias",
        "title_full": "COVID-19: Gobierno no prohibirá reuniones ni fiestas de Año Nuevo pese a incremento de contagios | RPP Noticias",
        "published": "2023-12-29T00:26:00.000+02:00",
        "replies_count": 0,
        "participants_count": 1,
        "site_type": "news",
        "country": "PE",
        "main_image": "https://e.rpp-noticias.io/large/2023/12/28/232123_1518984.webp",
        "performance_score": 0,
        "domain_rank": 15447,
        "domain_rank_updated": "2023-12-26T12:06:20.000+02:00",
        "reach": null,
        "social": {
            "facebook": {
                "likes": 0,
                "comments": 0,
                "shares": 0
            },
            "gplus": {
                "shares": 0
            },
            "pinterest": {
                "shares": 0
            },
            "linkedin": {
                "shares": 0
            },
            "stumbledupon": {
                "shares": 0
            },
            "vk": {
                "shares": 0
            }
        }
    },
    "uuid": "79573de373b2f0b229848edd156211f062505862",
    "url": "https://rpp.pe/politica/gobierno/covid-19-gobierno-no-prohibira-reuniones-ni-fiestas-de-ano-nuevo-pese-a-incremento-de-contagios-noticia-1524640",
    "ord_in_thread": 0,
    "parent_url": null,
    "author": "Jorge Luis Pinedo Barrera",
    "published": "2023-12-29T00:26:00.000+02:00",
    "title": "COVID-19: Gobierno no prohibirá reuniones ni fiestas de Año Nuevo pese a incremento de contagios | RPP Noticias",
    "text": "El jefe del Gabinete Ministerial, [Alberto Otárola](https://rpp.pe/noticias/alberto-otarola), afirmó en conferencia de prensa que las actividades por el recibimiento del [Año Nuevo 2024](https://rpp.pe/noticias/ano-nuevo) podrán realizarse a pesar [del incremento de contagios de la COVID-19 en varias partes del Perú](https://rpp.pe/peru/actualidad/covid-19-minsa-deteca-incremento-de-casos-en-costas-sur-y-norte-ademas-del-oriente-del-pais-noticia-1524319). [Alberto Otárola](https://rpp.pe/noticias/alberto-otarola), presidente del Consejo de Ministros, afirmó que el Gobierno no prohibirá las reuniones ni fiestas por [Año Nuevo](https://rpp.pe/noticias/ano-nuevo), pese al incremento de contagios de la [COVID-19](https://rpp.pe/noticias/covid-19) registrados en las últimas semanas en diversas regiones del país, además [de los primeros 12 casos detectados del nuevo linaje JN.1](https://rpp.pe/peru/actualidad/ins-identifica-12-casos-del-linaje-jn1-de-la-covid-19-en-el-peru-noticia-1524343). Al respecto, el jefe del Gabinete Ministerial aseguró que “la enfermedad está controlada” y exhortó a la población a completar el esquema de vacunación contra la COVID-19 y cumplir las medidas de prevención contra la transmisión del virus. “No habrá ninguna medida restrictiva, la población tiene programada sus reuniones de fin de año, no se suspenderá ninguna actividad, pero sí reitero el llamado para cuidarnos y vacunarnos. La mejor medida que uno pueda tomar es ponerse la vacuna bivalente, hay suficientes en todo el Perú”, señaló Otárola en conferencia de prensa tras realizarse una nueva sesión del Consejo de Ministros. Hace un llamado a la calma Por otra parte, el ministro de [Salud](https://rpp.pe/noticias/ministerio-de-salud), César Vásquez, señaló que era previsible el aumento de contagios por este virus debido al cambio de estación y a la aglomeración de personas producto de las fiestas de fin de año. En esa línea, el titular del Minsa precisó que hasta noviembre el promedio de casos por semanas era entre 600 y 700, mientras que en diciembre la cifra se elevó por semana a 1700. \"Este aumento es más o menos el triple de lo normal, pero no ha significado un incremento de hospitalizaciones por esta causa. La COVID-19 trajo dolor y muerte en su momento, pero en la actualidad todos prácticamente ya tienen defensas contra este virus, algunos por respuesta natural de su cuerpo y otros inducidos por la vacuna\", afirmó. \"Quiero llamar a la calma a la ciudadanía, que sigan con su vida normal, pero si hay síntomas como tos, resfrío, fiebre, pérdida del gusto, es decir, síntomas compatibles con la COVID, hay que usar mascarilla básicamente para no contagiar a un adulto mayor vulnerable y sin vacunar porque para él sí podría ser mortal\", agregó. Te recomendamos Comparte esta noticia [Siguenos en](https://news.google.com/publications/CAAiEPS-1PTwo1fhyncujsNXKmcqFAgKIhD0vtT08KNX4cp3Lo7DVypn?hl=es-419&gl=PE&ceid=PE%3Aes-419)",
    "highlightText": "",
    "highlightTitle": "",
    "highlightThreadTitle": "",
    "language": "spanish",
    "sentiment": "negative",
    "categories": [
        "Politics",
        "Health",
        "Social Issue"
    ],
    "external_links": [
        "https://news.google.com/publications/CAAiEPS-1PTwo1fhyncujsNXKmcqFAgKIhD0vtT08KNX4cp3Lo7DVypn?hl=es-419&gl=PE&ceid=PE%3Aes-419)",
        "https://news.google.com/publications/CAAiEPS-1PTwo1fhyncujsNXKmcqFAgKIhD0vtT08KNX4cp3Lo7DVypn",
        "https://www.news.google.com/publications/CAAiEPS-1PTwo1fhyncujsNXKmcqFAgKIhD0vtT08KNX4cp3Lo7DVypn?hl=es-419&gl=PE&ceid=PE%3Aes-419)"
    ],
    "external_images": [],
    "entities": {
        "persons": [],
        "organizations": [],
        "locations": []
    },
    "rating": null,
    "crawled": "2023-12-29T00:30:43.887+02:00",
    "updated": "2023-12-29T00:30:43.887+02:00"
}