{
    "thread": {
        "uuid": "07d32581874f0aeb3fdd3e3201b4e3294a038ec9",
        "url": "https://www.novinite.com/articles/223220/COVID-19+In+Bulgaria%3A+118+New+Cases+In+The+Last+24+Hours",
        "site_full": "www.novinite.com",
        "site": "novinite.com",
        "site_section": "https://www.novinite.com/services/news_rdf.php",
        "site_categories": [
            "media"
        ],
        "section_title": "Novinite.com (Sofia News Agency)",
        "title": "COVID-19 In Bulgaria: 118 New Cases In The Last 24 Hours",
        "title_full": "COVID-19 In Bulgaria: 118 New Cases In The Last 24 Hours",
        "published": "2023-12-28T08:11:00.000+02:00",
        "replies_count": 0,
        "participants_count": 1,
        "site_type": "news",
        "country": "BG",
        "main_image": "https://www.novinite.com/media/images/2023-12/photo_verybig_223220.jpg",
        "performance_score": 0,
        "domain_rank": 12505,
        "domain_rank_updated": "2023-12-26T12:06:20.000+02:00",
        "reach": null,
        "social": {
            "facebook": {
                "likes": 0,
                "comments": 0,
                "shares": 0
            },
            "gplus": {
                "shares": 0
            },
            "pinterest": {
                "shares": 0
            },
            "linkedin": {
                "shares": 0
            },
            "stumbledupon": {
                "shares": 0
            },
            "vk": {
                "shares": 0
            }
        }
    },
    "uuid": "07d32581874f0aeb3fdd3e3201b4e3294a038ec9",
    "url": "https://www.novinite.com/articles/223220/COVID-19+In+Bulgaria%3A+118+New+Cases+In+The+Last+24+Hours",
    "ord_in_thread": 0,
    "parent_url": null,
    "author": "M3 Web - http://m3web.bg",
    "published": "2023-12-28T08:11:00.000+02:00",
    "title": "COVID-19 In Bulgaria: 118 New Cases In The Last 24 Hours",
    "text": "COVID-19 In Bulgaria: 118 New Cases In The Last 24 Hours\nThe new confirmed cases of coronavirus in Bulgaria for the last 24 hours are 118, according to the data of the Unified Information Portal.\n868 tests were carried out, which means that the proportion of positive results is 13.6 percent.\nTwo patients with confirmed coronavirus infection have died.\nTo date, there are 325 people in hospitals with a diagnosis of COVID-19, of which 31 are in intensive care units. There are 11 new arrivals in medical facilities.\n11 people have been cured in the last 24 hours, and a total of 1,289,822 since the beginning of the pandemic.\nThere are currently 4,963 active cases.\nIn the last 24 hours, not a single dose of a vaccine against COVID-19 has been administered. A total of 4,724,308 have been administered since the start of the immunization campaign.\nA total of 38,668 people in the country have lost the battle with the coronavirus out of the confirmed 1,333,453 infected since the beginning of the pandemic, according to the data of the Unified Information Portal.\nWe need your support so Novinite.com can keep delivering news and information about Bulgaria! Thank you!\n[Health](articles/category/62/Health) [» Be a reporter: Write and send your article](reporter) [» COVID-19 In Bulgaria: 99 New Cases In The Last 24 Hours](articles/223210/COVID-19+In+Bulgaria%3A+99+New+Cases+In+The+Last+24+Hours) [» COVID-19 In Bulgaria: 82 New Cases In The Last 24 Hours](articles/223205/COVID-19+In+Bulgaria%3A+82+New+Cases+In+The+Last+24+Hours) [» COVID In Bulgaria: 90 New Cases In The Last 24 Hours](articles/223198/COVID+In+Bulgaria%3A+90+New+Cases+In+The+Last+24+Hours) [» Health Official Warns of Measles Outbreak Potential in Bulgaria](articles/223170/Health+Official+Warns+of+Measles+Outbreak+Potential+in+Bulgaria) [» COVID-19 In Bulgaria: 207 New Cases In The Last 24 Hours](articles/223157/COVID-19+In+Bulgaria%3A+207+New+Cases+In+The+Last+24+Hours) [» COVID-19 In Bulgaria: 226 New Cases In The Last 24 Hours](articles/223130/COVID-19+In+Bulgaria%3A+226+New+Cases+In+The+Last+24+Hours)",
    "highlightText": "",
    "highlightTitle": "",
    "highlightThreadTitle": "",
    "language": "english",
    "sentiment": "negative",
    "categories": [
        "Disaster and Accident",
        "Health",
        "Social Issue"
    ],
    "external_links": [],
    "external_images": [],
    "entities": {
        "persons": [],
        "organizations": [],
        "locations": [
            {
                "name": "bulgaria",
                "sentiment": "none"
            }
        ]
    },
    "rating": null,
    "crawled": "2023-12-29T00:39:03.043+02:00",
    "updated": "2023-12-29T00:39:03.043+02:00"
}