{
    "thread": {
        "uuid": "925f86b899278d86f6c77ba051884a2b717bfe8f",
        "url": "https://vnexplorer.net/equipos-de-emergencias-piden-que-no-llames-para-hacer-bromas-no-es-gracioso-s697207.html",
        "site_full": "vnexplorer.net",
        "site": "vnexplorer.net",
        "site_section": "https://vnexplorer.net/feed",
        "site_categories": [
            "health",
            "cold_and_flu"
        ],
        "section_title": "Verified News Explorer Channel - VNExplorer",
        "title": "Equipos de emergencias piden que no llames para hacer bromas; NO es gracioso",
        "title_full": "Equipos de emergencias piden que no llames para hacer bromas; NO es gracioso",
        "published": "2023-12-29T00:21:00.000+02:00",
        "replies_count": 0,
        "participants_count": 1,
        "site_type": "news",
        "country": "US",
        "main_image": "https://img-s-msn-com.akamaized.net/tenant/amp/entityid/AA1maaEZ.img",
        "performance_score": 0,
        "domain_rank": 45352,
        "domain_rank_updated": "2023-12-26T12:06:25.000+02:00",
        "reach": null,
        "social": {
            "facebook": {
                "likes": 0,
                "comments": 0,
                "shares": 0
            },
            "gplus": {
                "shares": 0
            },
            "pinterest": {
                "shares": 0
            },
            "linkedin": {
                "shares": 0
            },
            "stumbledupon": {
                "shares": 0
            },
            "vk": {
                "shares": 0
            }
        }
    },
    "uuid": "925f86b899278d86f6c77ba051884a2b717bfe8f",
    "url": "https://vnexplorer.net/equipos-de-emergencias-piden-que-no-llames-para-hacer-bromas-no-es-gracioso-s697207.html",
    "ord_in_thread": 0,
    "parent_url": null,
    "author": "VNExplorer",
    "published": "2023-12-29T00:21:00.000+02:00",
    "title": "Equipos de emergencias piden que no llames para hacer bromas; NO es gracioso",
    "text": "no hagas llamadas de broma a equipos de emergencia\nEquipos de emergencia como Bomberos, la Secretaría de Seguridad, Cruz Roja y otros recuerda a los mexicanos que el número 911 es solo para emergencias, exhortan a EVITAR realizar bromas en este Día de los Santos Inocentes.\nLos servicios de emergencia detallan que algunas personas acostumbran a hacer llamados ‘fake’ en este día en el que se acostumbra hacer bromas a amigos, familiares y otras personas.\nPero en el caso de las personas que trabajan brindando apoyo a situaciones de emergencia no es agradable recibir este tipo de llamadas falsas.\n“¡Alguien puede necesitar de nuestra ayuda!” señaló la Cruz Roja en sus redes sociales.\nDÍA DE LOS SANTOS INOCENTES El Día de los Santos Inocentes es una celebración que tiene lugar el 28 de diciembre en varios países de habla hispana.\nLa fecha conmemora un episodio bíblico narrado en el Evangelio de Mateo, en el que el rey Herodes ordena la matanza de todos los niños menores de dos años en Belén con el fin de eliminar al recién nacido Jesús, a quien consideraba una amenaza para su reinado. Los niños asesinados en este acto son conocidos como los “Santos Inocentes”.\nEn la actualidad, el Día de los Santos Inocentes se celebra de manera más ligera y festiva. Las personas juegan bromas y trucos a sus amigos y familiares, y los medios de comunicación suelen publicar noticias falsas para divertir a la audiencia. Es un día en el que la gente está más abierta a recibir bromas y no se toma en serio la información que se comparte, ya que es tradicionalmente un día de humor y diversión.\nAunque las bromas suelen ser inofensivas y en tono de juego, es crucial considerar los sentimientos y límites de los demás para evitar situaciones incómodas o desagradables.\n*bb",
    "highlightText": "",
    "highlightTitle": "",
    "highlightThreadTitle": "",
    "language": "spanish",
    "sentiment": "negative",
    "categories": [
        "Crime, Law and Justice",
        "Health",
        "Human Interest"
    ],
    "external_links": [
        "https://img-s-msn-com.akamaized.net/tenant/amp/entityid/AA1maaEZ.img",
        "https://www.img-s-msn-com.akamaized.net/tenant/amp/entityid/AA1maaEZ.img"
    ],
    "external_images": [],
    "entities": {
        "persons": [],
        "organizations": [],
        "locations": []
    },
    "rating": null,
    "crawled": "2023-12-29T00:27:01.049+02:00",
    "updated": "2023-12-29T00:27:01.049+02:00"
}