{
    "thread": {
        "uuid": "bd74cc823693760ce17fdd5c6f5fb9576cb62b56",
        "url": "https://lopezdoriga.com/internacional/oms-emite-recomendaciones-ante-el-primer-caso-de-encefalitis-equina-en-20-anos/",
        "site_full": "lopezdoriga.com",
        "site": "lopezdoriga.com",
        "site_section": "https://lopezdoriga.com/ultimas-noticias/",
        "site_categories": [
            "tech",
            "email"
        ],
        "section_title": "Últimas Noticias - López-Dóriga Digital",
        "title": "OMS emite recomendaciones ante el primer caso de encefalitis equina en 20 años",
        "title_full": "OMS emite recomendaciones ante el primer caso de encefalitis equina en 20 años",
        "published": "2023-12-28T23:25:00.000+02:00",
        "replies_count": 0,
        "participants_count": 1,
        "site_type": "news",
        "country": "MX",
        "main_image": "https://lopezdoriga.com/wp-content/uploads/2023/12/oms-emite-recomendaciones-ante-el-primer-caso-de-encefalitis-equina-occidental-en-20-anos-1024x602.png",
        "performance_score": 0,
        "domain_rank": 70599,
        "domain_rank_updated": "2023-12-26T12:06:25.000+02:00",
        "reach": null,
        "social": {
            "facebook": {
                "likes": 0,
                "comments": 0,
                "shares": 0
            },
            "gplus": {
                "shares": 0
            },
            "pinterest": {
                "shares": 0
            },
            "linkedin": {
                "shares": 0
            },
            "stumbledupon": {
                "shares": 0
            },
            "vk": {
                "shares": 0
            }
        }
    },
    "uuid": "bd74cc823693760ce17fdd5c6f5fb9576cb62b56",
    "url": "https://lopezdoriga.com/internacional/oms-emite-recomendaciones-ante-el-primer-caso-de-encefalitis-equina-en-20-anos/",
    "ord_in_thread": 0,
    "parent_url": null,
    "author": "Pachita Rex",
    "published": "2023-12-28T23:25:00.000+02:00",
    "title": "OMS emite recomendaciones ante el primer caso de encefalitis equina en 20 años",
    "text": "Internacional OMS emite recomendaciones ante el primer caso de encefalitis equina occidental en 20 años. Foto de La Nación OMS emite recomendaciones ante el primer caso de encefalitis equina en 20 años\nLa OMS emitió recomendaciones tras el primer caso de encefalitis equina occidental en un ser humano del que se tiene noticia en más de 20 años\ndiciembre 28, 2023 La Organización Mundial de la Salud (OMS) emitió varias recomendaciones tras conocerse el primer caso de encefalitis equina occidental en un ser humano del que se tiene noticia en más de 20 años, diagnosticado a una persona adulta en la provincia argentina de Santa Fe .\nEl paciente fue hospitalizado el 24 de noviembre después de varios días en los que mostró síntomas como dolores de cabeza, mialgias, desorientación y fiebre, por lo que tuvo que recibir ventilación mecánica durante doce días, y fue dado de alta el 20 de diciembre, cuando Argentina notificó el caso a la OMS .\nLa enfermedad, muy rara en humanos (con casos reportados en Argentina en los años 1982-83 y 1996), se desarrolla principalmente en caballos y el país del Cono Sur ha reportado mil 182 brotes en estos animales desde el 25 de noviembre al 27 de diciembre, 717 de ellos en la provincia de Buenos Aires .\nLa OMS recuerda que el virus puede transmitirse de animales al hombre a través de las picaduras de mosquitos, por lo que ha recomendado la eliminación de zonas con agua contaminada que puedan servir de vivero de insectos y la colocación de mallas protectoras contra ellos en viviendas y establos.\nEl organismo también recomendó fortalecer la vigilancia en zonas con brotes activos en animales.\nSegún la OMS , las personas con mayor riesgo de contraer esta enfermedad son aquellas que trabajan en zonas con esos brotes activos y trabajan o participan en actividades en el exterior.\nPese a lo notificado, la OMS subraya que los casos en humanos han sido hasta ahora muy aislados, con síntomas moderados o asintomáticos, si bien alertó de que no existe tratamiento antiviral.\nCon información de EFE",
    "highlightText": "",
    "highlightTitle": "",
    "highlightThreadTitle": "",
    "language": "spanish",
    "sentiment": "negative",
    "categories": [
        "Disaster and Accident",
        "Health",
        "Science and Technology"
    ],
    "external_links": [
        "https://www.facebook.com/sharer.php?u=https://lopezdoriga.com/internacional/oms-emite-recomendaciones-ante-el-primer-caso-de-encefalitis-equina-en-20-anos/",
        "https://api.whatsapp.com/send?text=https://lopezdoriga.com/internacional/oms-emite-recomendaciones-ante-el-primer-caso-de-encefalitis-equina-en-20-anos/",
        "https://twitter.com/intent/tweet?url=https://lopezdoriga.com/internacional/oms-emite-recomendaciones-ante-el-primer-caso-de-encefalitis-equina-en-20-anos/&text=",
        "https://twitter.com/WHO",
        "https://www.linkedin.com/sharing/share-offsite/?url=https://lopezdoriga.com/internacional/oms-emite-recomendaciones-ante-el-primer-caso-de-encefalitis-equina-en-20-anos/",
        "https://facebook.com/sharer.php?u=https://lopezdoriga.com/internacional/oms-emite-recomendaciones-ante-el-primer-caso-de-encefalitis-equina-en-20-anos/",
        "https://www.twitter.com/WHO",
        "https://www.linkedin.com/sharing/share-offsite/?url=https://lopezdoriga.com/internacional/oms-emite-recomendaciones-ante-el-primer-caso-de-encefalitis-equina-en-20-anos",
        "https://linkedin.com/sharing/share-offsite/?url=https://lopezdoriga.com/internacional/oms-emite-recomendaciones-ante-el-primer-caso-de-encefalitis-equina-en-20-anos/",
        "https://www.linkedin.com/sharing/share-offsite/",
        "https://www.api.whatsapp.com/send?text=https://www.lopezdoriga.com/internacional/oms-emite-recomendaciones-ante-el-primer-caso-de-encefalitis-equina-en-20-anos/",
        "https://www.facebook.com/sharer.php",
        "https://www.twitter.com/intent/tweet?url=https://www.lopezdoriga.com/internacional/oms-emite-recomendaciones-ante-el-primer-caso-de-encefalitis-equina-en-20-anos/&text=",
        "https://www.facebook.com/sharer.php?u=https://lopezdoriga.com/internacional/oms-emite-recomendaciones-ante-el-primer-caso-de-encefalitis-equina-en-20-anos",
        "https://api.whatsapp.com/send",
        "https://api.whatsapp.com/send?text=https://lopezdoriga.com/internacional/oms-emite-recomendaciones-ante-el-primer-caso-de-encefalitis-equina-en-20-anos",
        "https://twitter.com/intent/tweet"
    ],
    "external_images": [],
    "entities": {
        "persons": [],
        "organizations": [],
        "locations": []
    },
    "rating": null,
    "crawled": "2023-12-29T00:07:48.034+02:00",
    "updated": "2023-12-29T00:07:48.034+02:00"
}