{
    "thread": {
        "uuid": "cbe95d23cc2789806e7b80eaa0516bbc599a65b4",
        "url": "https://www.francetvinfo.fr/france/nouvelle-aquitaine/gironde/gironde-toutes-les-huitres-du-bassin-d-arcachon-interdites-a-la-vente_6271113.html",
        "site_full": "www.francetvinfo.fr",
        "site": "francetvinfo.fr",
        "site_section": "http://www.francetvinfo.fr/france/",
        "site_categories": [
            "travel",
            "france"
        ],
        "section_title": "France - Actualit&eacute;, infos et vid&eacute;os en direct",
        "title": "Gironde : toutes les huîtres du bassin d’Arcachon interdites à la vente",
        "title_full": "Gironde : toutes les huîtres du bassin d’Arcachon interdites à la vente",
        "published": "2023-12-28T21:52:00.000+02:00",
        "replies_count": 0,
        "participants_count": 1,
        "site_type": "news",
        "country": "FR",
        "main_image": "https://www.francetvinfo.fr/pictures/GgRLZV1mCmrzSTjFzrA0m-d_354/1500x843/2023/12/28/arcachon-658dd1b738330649454942.png",
        "performance_score": 0,
        "domain_rank": 1423,
        "domain_rank_updated": "2023-12-26T12:06:20.000+02:00",
        "reach": null,
        "social": {
            "facebook": {
                "likes": 0,
                "comments": 0,
                "shares": 28
            },
            "gplus": {
                "shares": 0
            },
            "pinterest": {
                "shares": 0
            },
            "linkedin": {
                "shares": 0
            },
            "stumbledupon": {
                "shares": 0
            },
            "vk": {
                "shares": 0
            }
        }
    },
    "uuid": "cbe95d23cc2789806e7b80eaa0516bbc599a65b4",
    "url": "https://www.francetvinfo.fr/france/nouvelle-aquitaine/gironde/gironde-toutes-les-huitres-du-bassin-d-arcachon-interdites-a-la-vente_6271113.html",
    "ord_in_thread": 0,
    "parent_url": null,
    "author": "France 2",
    "published": "2023-12-28T21:52:00.000+02:00",
    "title": "Gironde : toutes les huîtres du bassin d’Arcachon interdites à la vente",
    "text": "Interdites à la vente , les huîtres de Christian Galinier vont retourner à la mer pendant 28 jours. Elles seront de nouveau propres à la consommation lorsqu’elles auront filtré l’eau polluée. \" On perd un tiers de notre chiffre d’affaires \", explique l’ostréiculteur, indiquant qu’il doit aussi aller chercher tous les coquillages qui ont été expédiés la semaine précédente.\nPlusieurs intoxications alimentaires C’est la présence d’un norovirus dans les coquillages, une bactérie d’origine humaine, qui provoque vomissements et diarrhées. Après plusieurs cas de gastro-entérites, la préfecture a décidé d’interdire la vente des huîtres du bassin d’Arcachon. 280 ostréiculteurs sont concernés.\nEn pleine période des fêtes, les professionnels pointent du doigt le réseau d’assainissement. Selon Olivier Laban, président du Comité régional de la conchyliculture Arcachon Aquitaine, c’est à cause de ce réseau que le virus a été transporté. \" Qui va payer l’addition aujourd’hui ?\" demande-t-il. Pour les gestionnaires du réseau en question, ce sont les fortes pluies tombées en novembre qui, chargées de bactéries, ont contaminé les huîtres du bassin.",
    "highlightText": "",
    "highlightTitle": "",
    "highlightThreadTitle": "",
    "language": "french",
    "sentiment": "negative",
    "categories": [
        "Environment",
        "Economy, Business and Finance",
        "Health"
    ],
    "external_links": [],
    "external_images": [],
    "entities": {
        "persons": [],
        "organizations": [],
        "locations": []
    },
    "rating": null,
    "crawled": "2023-12-29T00:20:56.314+02:00",
    "updated": "2023-12-29T00:20:56.314+02:00"
}