{
    "thread": {
        "uuid": "64148099bc70235fe9221c5b910077bd3742f050",
        "url": "https://politica.expansion.mx/mexico/2023/12/28/cofepris-alerta-falsificacion-medicamentos-cancer",
        "site_full": "politica.expansion.mx",
        "site": "expansion.mx",
        "site_section": "https://politica.expansion.mx",
        "site_categories": [
            "non_standard_content",
            "adult"
        ],
        "section_title": "Expansión Política",
        "title": "Cofepris alerta por falsificación y venta ilegal de medicamentos oncológicos",
        "title_full": "Cofepris alerta por falsificación y venta ilegal de medicamentos oncológicos",
        "published": "2023-12-28T23:48:00.000+02:00",
        "replies_count": 0,
        "participants_count": 1,
        "site_type": "news",
        "country": "MX",
        "main_image": "https://cdn-3.expansion.mx/dims4/default/74eedb4/2147483647/strip/true/crop/1600x840+0+185/resize/1200x630!/format/jpg/quality/80/?url=https%3A%2F%2Fcdn-3.expansion.mx%2Fae%2F77%2Fa21fd6ec4460b56f0eb01fa30947%2Fcofepris-alerta-medicamentos-cancer.jpg",
        "performance_score": 0,
        "domain_rank": 12259,
        "domain_rank_updated": "2023-12-26T12:06:20.000+02:00",
        "reach": null,
        "social": {
            "facebook": {
                "likes": 0,
                "comments": 0,
                "shares": 0
            },
            "gplus": {
                "shares": 0
            },
            "pinterest": {
                "shares": 0
            },
            "linkedin": {
                "shares": 0
            },
            "stumbledupon": {
                "shares": 0
            },
            "vk": {
                "shares": 0
            }
        }
    },
    "uuid": "64148099bc70235fe9221c5b910077bd3742f050",
    "url": "https://politica.expansion.mx/mexico/2023/12/28/cofepris-alerta-falsificacion-medicamentos-cancer",
    "ord_in_thread": 0,
    "parent_url": null,
    "author": "(Foto: iStock)",
    "published": "2023-12-28T23:48:00.000+02:00",
    "title": "Cofepris alerta por falsificación y venta ilegal de medicamentos oncológicos",
    "text": "La Comisión Federal para la Protección contra Riesgos Sanitarios (Cofepris) emitió una alerta sanitaria sobre la falsificación y comercialización ilegal de Endoxan, Darzalex y Vectibix, tres medicamentos que son de uso oncológico.\nA través de un comunicado, la Cofepris informó que la empresa Baxter identificó la distribución en México del producto Endoxan 1g (ciclofosfamida) en presentación 1 vial de 50 ml, polvo para solución, con número de lote 2C266E y caducidad en febrero 2025, el cual fue destinado exclusivamente para comercialización en Centroamérica.\nPublicidad En tanto que Janssen-Cilag informó que los lotes DDP1255 para el producto Darzalex 400 mg/20ml, así como EEF2466 y HHT5917 para Darzalex 100 mg/5ml, no se encuentran en su listado, por lo que se determinó su falsificación.\nTe puede interesar: México Cofepris aprueba comercialización de vacunas covid de Pfizer y Moderna Cofepris informó también que el lote MBS2H04 de Darzalex 400 mg/20ml, está destinado sólo para el mercado colombiano, mientras que el lote LHS2649 fue desviado de la cadena de suministro original.\nPublicidad Lo último 2023, el año que se marcó un nuevo récord en homicidios para un sexenio Cinco gráficas que muestran la crisis migratoria en México y Estados Unidos Días festivos 2024: ¿cuándo son las fechas de descanso obligatorio? Publicidad La empresa Amgen México también identificó la comercialización del producto Vectibix (panitumumab) 100mg/5mL, con textos en idioma inglés, con número de lote 323473, caducidad abril 2024; 322580 y 11291 con fecha límite abril 2023, de los cuales no se reconoce la importación, distribución ni comercialización.\nLa Cofepris detalló así que estos productos representan un riesgo para la salud, debido a que se desconocen sus condiciones de fabricación y almacenamiento, por lo que su seguridad, calidad y eficacia no están garantizadas.\nPor ello recomendó que en caso de contar con alguno de los medicamentos Endoxan, Darzalex y Vectibix con los números de lote mencionados, acuda con un profesional de la salud para que indique el tratamiento a seguir.\nPara saber más México Campaña de vacunación covid 2023, una batalla con reactivos sin actualizar En caso de haber presentado cualquier reacción adversa o malestar por el suministro de dichos productos, debe reportarlo en el siguiente enlace en línea o al correo: farmacovigilancia@cofepris.gob.mx\nAsimismo se exhortó a la población y a personal médico para que, en caso de identificar los productos con las características antes señaladas, evite adquirirlos, y si cuenta con información sobre la posible comercialización, realice la denuncia sanitaria correspondiente en gob.mx/Cofepris .\n#CofeprisTeProtege al alertar por falsificación y comercialización ilegal de medicamentos oncológicos\n👉🏼 https://t.co/cjN9OlZiOR pic.twitter.com/5YxjyF4YEE\n— COFEPRIS (@COFEPRIS) December 28, 2023\nLo más visto La actriz Silvia Pinal y su paso por la política mexicana Caravana de migrantes será tema en la reunión entre AMLO, Blinken y Mayorkas El Tribunal de Michigan rechaza sacar a Trump de la papeleta electoral Coca-Cola y Rappi se unen para darle una segunda vida a los envases con un clic Publicidad Publicidad Tags Comisión Federal para la Protección contra Riesgos Sanitarios Cáncer Secretaría de Salud Recomendaciones México Cofepris emite alerta por falso medicamento contra el cáncer presidencia AMLO admite retraso de medicamentos y respalda a padres de niños con cáncer Más acerca del autor: Expansión Política @ExpPolitica Newsletter",
    "highlightText": "",
    "highlightTitle": "",
    "highlightThreadTitle": "",
    "language": "spanish",
    "sentiment": "negative",
    "categories": [
        "Health",
        "Social Issue",
        "Crime, Law and Justice"
    ],
    "external_links": [
        "https://www.gob.mx/cms/uploads/attachment/file/876818/Alerta_sanitaria_de_ENDOXAN_18122023.pdf",
        "https://t.co/cjN9OlZiOR",
        "https://www.gob.mx/cms/uploads/attachment/file/876817/Alertas_Falsificaci_n_Vectibix_18122023.pdf",
        "https://www.gob.mx/cms/uploads/attachment/file/876816/Alertas_Sanitarias_Darzalex_18122023.pdf",
        "https://twitter.com/hashtag/CofeprisTeProtege?src=hash&ref_src=twsrc%5Etfw",
        "https://tramiteselectronicos03.cofepris.gob.mx/DenunciaExterna/W/InicioW.aspx",
        "https://twitter.com/COFEPRIS/status/1740459040398823776?ref_src=twsrc%5Etfw",
        "https://ads.viralize.tv/display/?zid=AAFCBbHCIYWAfzh4",
        "https://t.co/5YxjyF4YEE",
        "https://primaryreporting.who-umc.org/MX",
        "https://twitter.com/ExpPolitica",
        "https://twitter.com/hashtag/CofeprisTeProtege",
        "https://www.t.co/5YxjyF4YEE",
        "https://gob.mx/cms/uploads/attachment/file/876817/Alertas_Falsificaci_n_Vectibix_18122023.pdf",
        "https://gob.mx/cms/uploads/attachment/file/876816/Alertas_Sanitarias_Darzalex_18122023.pdf",
        "https://ads.viralize.tv/display/",
        "https://www.twitter.com/ExpPolitica",
        "https://www.ads.viralize.tv/display/?zid=AAFCBbHCIYWAfzh4",
        "https://www.primaryreporting.who-umc.org/MX",
        "https://gob.mx/cms/uploads/attachment/file/876818/Alerta_sanitaria_de_ENDOXAN_18122023.pdf",
        "https://www.twitter.com/hashtag/CofeprisTeProtege?src=hash&ref_src=twsrc%5Etfw",
        "https://twitter.com/COFEPRIS/status/1740459040398823776",
        "https://www.tramiteselectronicos03.cofepris.gob.mx/DenunciaExterna/W/InicioW.aspx",
        "https://www.t.co/cjN9OlZiOR",
        "https://www.twitter.com/COFEPRIS/status/1740459040398823776?ref_src=twsrc%5Etfw"
    ],
    "external_images": [],
    "entities": {
        "persons": [],
        "organizations": [],
        "locations": []
    },
    "rating": null,
    "crawled": "2023-12-29T00:22:01.468+02:00",
    "updated": "2023-12-29T00:22:01.468+02:00"
}