{
    "thread": {
        "uuid": "624cf71dcc6df8117fe05f50a2dcb6231a096100",
        "url": "https://smb.oxfordeagle.com/article/How-Your-Business-Can-Benefit-From-an-Enterprise-Innovation-Platform?storyId=658df687e1951700088db391",
        "site_full": "smb.oxfordeagle.com",
        "site": "oxfordeagle.com",
        "site_section": "https://smb.oxfordeagle.com",
        "site_categories": [],
        "section_title": "Small Business | The Oxford Eagle",
        "title": "Small Business | The Oxford Eagle",
        "title_full": "Small Business | The Oxford Eagle",
        "published": "2023-12-28T02:00:00.000+02:00",
        "replies_count": 0,
        "participants_count": 1,
        "site_type": "news",
        "country": "US",
        "main_image": "https://www.oxfordeagle.com/wp-content/uploads/sites/38/2020/04/facebook-oxford.png",
        "performance_score": 0,
        "domain_rank": 35514,
        "domain_rank_updated": "2023-12-26T12:06:20.000+02:00",
        "reach": null,
        "social": {
            "facebook": {
                "likes": 0,
                "comments": 0,
                "shares": 0
            },
            "gplus": {
                "shares": 0
            },
            "pinterest": {
                "shares": 0
            },
            "linkedin": {
                "shares": 0
            },
            "stumbledupon": {
                "shares": 0
            },
            "vk": {
                "shares": 0
            }
        }
    },
    "uuid": "624cf71dcc6df8117fe05f50a2dcb6231a096100",
    "url": "https://smb.oxfordeagle.com/article/How-Your-Business-Can-Benefit-From-an-Enterprise-Innovation-Platform?storyId=658df687e1951700088db391",
    "ord_in_thread": 0,
    "parent_url": null,
    "author": "Contact Information Entrapeer; United States Contact Entrapeer https; Entrapeer Com",
    "published": "2023-12-28T02:00:00.000+02:00",
    "title": "Small Business | The Oxford Eagle",
    "text": "Entrapeer Gives You Access to Everything You Need to Reliably Scale Your Business Into the Future United States - December 28, 2023 / Entrapeer / Tech and the internet have changed how people do things, including business. Today, digital technologies and systems have been integrated into systems to enhance operations and workflow. One of the biggest game changers is enterprise innovation platforms like Entrapeer. These help the company propel innovation efforts and identify emerging technologies, market potential, and trends. All this saves you time and money and streamlines a business’s processes. Let’s take a look at the benefits of using a quality [enterprise innovation platform](https://entrapeer.com/about/). Foster Diversity and Inclusivity A company is as good as its culture. With an enterprise innovation platform, you can conveniently nurture market strengths and support growth ambitions in a well-targeted manner. Since the systems are open to everyone involved, it ensures that inclusivity and diversity are respected. This enhances the relationships at the workplace while allowing everyone to float their opinions regarding innovation and progress. Even better, having one common platform opens up organizational space, allowing innovators to bypass the regular hierarchies and barriers of power. This cultivates better relationships and creates a good innovation culture. Enhance Quality Decision-Making Gone are the days when companies would make decisions based on hearsay. With an enterprise innovation platform, the organization receives data-driven insights. You get to process different amounts of data quickly, thus giving your business a competitive edge. Companies can use the system to scan and collect data from verified sources and centralize their research. All this builds a unified ecosystem of legitimate insights. You can use the insight to make quality decisions and take your business to the next level. Enable Better Collaboration There is a lot that goes into making an organization successful. It starts with making the employees happy and comfortable before moving on to the clients. If your employees or staff members are psychologically safe, they can collaborate well and serve clients even better. Enterprise innovation platforms foster participation and collaboration. Since innovation contains a huge number of social touchpoints, collaboration is inevitable. They require diverse perspectives and a balance between intuition and creativity. This means that the employees must truly connect with their thoughts and expertise. If issues arise, the innovation platform can help them solve them internally or externally, depending on the extent. For instance, you may have an extra professional helping them achieve cohesion. Establish Scalability Every person or organization gets in business to scale upwards. In today’s tech world, you need to get real-time market insights to fuel fact-based innovation. With systems like Entrapeer, you can easily get instant market research and accelerate your start-up scouting. It ensures maximum ROI (Return on Investment) by synthesizing complex details into actionable content for your business. Whatever growth you want to achieve is possible with Entrapeer. Contact Entrapeer Today to Transform Your Organization’s Innovation Setup Are you ready to transform your business and improve innovativeness? Well, at Entrapeer, innovation brings you closer to the largest user case database across the globe. The Entrapeer [enterprise innovation platform](https://entrapeer.com/) gives instant and actionable market insights from more than 200 global sources. Regardless of your technology or industry, you can be sure that the information you get is real-time. Contact Entrapeer today and keep yourself ahead of the competition! [](https://entrapeer.com/) Contact Information: Entrapeer , United States Contact Entrapeer [https://entrapeer.com/](https://entrapeer.com/)",
    "highlightText": "",
    "highlightTitle": "",
    "highlightThreadTitle": "",
    "language": "english",
    "sentiment": "negative",
    "categories": [
        "Health"
    ],
    "external_links": [
        "https://entrapeer.com/about/).",
        "https://entrapeer.com/)",
        "https://entrapeer.com/",
        "https://www.entrapeer.com/",
        "https://entrapeer.com",
        "https://www.entrapeer.com/about/).",
        "https://www.entrapeer.com/)"
    ],
    "external_images": [],
    "entities": {
        "persons": [],
        "organizations": [
            {
                "name": "oxford eagle",
                "sentiment": "negative"
            }
        ],
        "locations": [
            {
                "name": "states",
                "sentiment": "none"
            }
        ]
    },
    "rating": null,
    "crawled": "2023-12-29T00:38:16.384+02:00",
    "updated": "2023-12-29T00:38:16.384+02:00"
}