{
    "thread": {
        "uuid": "148b98316e21c6079c55a4c97cb7f3cd93e42cad",
        "url": "https://www.thecourier.co.uk/news/uk-world/4852821/man-in-court-charged-with-murdering-man-23-found-dead-on-christmas-eve/",
        "site_full": "www.thecourier.co.uk",
        "site": "thecourier.co.uk",
        "site_section": "https://thecourier.co.uk/category/news/",
        "site_categories": [
            "media"
        ],
        "section_title": "Local News Across Dundee, Perth, Fife, Angus | The Courier News",
        "title": "Man in court charged with murdering man, 23, found dead on Christmas Eve - The Courier",
        "title_full": "Man in court charged with murdering man, 23, found dead on Christmas Eve - The Courier",
        "published": "2023-12-28T21:40:00.000+02:00",
        "replies_count": 0,
        "participants_count": 1,
        "site_type": "news",
        "country": "GB",
        "main_image": "https://wpcluster.dctdigital.com/wp-content/uploads/sites/54/2023/12/c3b7ce16-8253-489e-898d-a3fa97d52942-1t3is1zw.jpe",
        "performance_score": 0,
        "domain_rank": 14774,
        "domain_rank_updated": "2023-12-26T12:06:20.000+02:00",
        "reach": null,
        "social": {
            "facebook": {
                "likes": 0,
                "comments": 0,
                "shares": 0
            },
            "gplus": {
                "shares": 0
            },
            "pinterest": {
                "shares": 0
            },
            "linkedin": {
                "shares": 0
            },
            "stumbledupon": {
                "shares": 0
            },
            "vk": {
                "shares": 0
            }
        }
    },
    "uuid": "148b98316e21c6079c55a4c97cb7f3cd93e42cad",
    "url": "https://www.thecourier.co.uk/news/uk-world/4852821/man-in-court-charged-with-murdering-man-23-found-dead-on-christmas-eve/",
    "ord_in_thread": 0,
    "parent_url": null,
    "author": "Press Association",
    "published": "2023-12-28T21:40:00.000+02:00",
    "title": "Man in court charged with murdering man, 23, found dead on Christmas Eve - The Courier",
    "text": "Man in court charged with murdering man, 23, found dead on Christmas Eve By Press Association December 28 2023, 7.40pm Share Man in court charged with murdering man, 23, found dead on Christmas Eve Share via Facebook Twitter Linkedin Whatsapp Messenger Email Post link https://www.thecourier.co.uk/news/uk-world/4852821/man-in-court-charged-with-murdering-man-23-found-dead-on-christmas-eve/ Copy Link William Bush has been remembered as ‘loyal, funny and caring’ (South Wales Police/PA)\nA man has appeared in court charged with murder after the death of a 23-year-old man in Cardiff on Christmas Eve.\nWilliam Bush – described by relatives as “loyal, funny and caring” – was found with injuries at an address in Chapel Street at about 11.30am on Sunday, South Wales Police said.\nDylan Thomas, 23, of Llandaff, appeared at Cardiff Magistrates’ Court on Thursday.\nHe was remanded in custody to appear at Cardiff Crown Court on January 2.\nIn a statement after the hearing, the Bush family said: “This week our beloved Will was taken away from us in such a cruel and indescribable way.\n“Will was such a loyal, funny and caring son, brother and boyfriend.\n“We are absolutely devastated and as a family request that our privacy is respected at this difficult time.”",
    "highlightText": "",
    "highlightTitle": "",
    "highlightThreadTitle": "",
    "language": "english",
    "sentiment": "negative",
    "categories": [
        "Social Issue",
        "Crime, Law and Justice",
        "Health"
    ],
    "external_links": [
        "https://twitter.com/intent/tweet?url=https://www.thecourier.co.uk/news/uk-world/4852821/man-in-court-charged-with-murdering-man-23-found-dead-on-christmas-eve/",
        "https://wpcluster.dctdigital.com/wp-content/uploads/sites/54/2023/12/c3b7ce16-8253-489e-898d-a3fa97d52942-1t3is1zw-496x372.jpe",
        "https://api.whatsapp.com/send?text=https://www.thecourier.co.uk/news/uk-world/4852821/man-in-court-charged-with-murdering-man-23-found-dead-on-christmas-eve/%20-%20A%20man%20has%20appeared%20in%20court%20charged%20with%20murder%20after%20the%20death%20of%20a%2023-year-old%20man%20in%20Cardiff%20on%20Christmas%20Eve.",
        "https://www.facebook.com/sharer/sharer.php?u=https://www.thecourier.co.uk/news/uk-world/4852821/man-in-court-charged-with-murdering-man-23-found-dead-on-christmas-eve/",
        "https://wpcluster.dctdigital.com/wp-content/uploads/sites/54/2023/12/c3b7ce16-8253-489e-898d-a3fa97d52942-1t3is1zw-752x564.jpe",
        "https://www.linkedin.com/sharing/share-offsite/?url=https://www.thecourier.co.uk/news/uk-world/4852821/man-in-court-charged-with-murdering-man-23-found-dead-on-christmas-eve/",
        "https://wpcluster.dctdigital.com/wp-content/uploads/sites/54/2023/12/c3b7ce16-8253-489e-898d-a3fa97d52942-1t3is1zw-240x180.jpe",
        "https://secure.gravatar.com/avatar/1c5f119976445a15ecafac226a9ca9bd?s=64&#038;d=mm&#038;r=g",
        "https://www.facebook.com/dialog/send?app_id=1140125340199187&#038;link=https://www.thecourier.co.uk/news/uk-world/4852821/man-in-court-charged-with-murdering-man-23-found-dead-on-christmas-eve/&#038;redirect_uri=https://www.thecourier.co.uk/news/uk-world/4852821/man-in-court-charged-with-murdering-man-23-found-dead-on-christmas-eve/",
        "https://twitter.com/intent/tweet?url=https://www.thecourier.co.uk/news/uk-world/4852821/man-in-court-charged-with-murdering-man-23-found-dead-on-christmas-eve",
        "https://www.wpcluster.dctdigital.com/wp-content/uploads/sites/54/2023/12/c3b7ce16-8253-489e-898d-a3fa97d52942-1t3is1zw-752x564.jpe",
        "https://www.secure.gravatar.com/avatar/1c5f119976445a15ecafac226a9ca9bd?s=64&#038;d=mm&#038;r=g",
        "https://www.facebook.com/sharer/sharer.php?u=https://www.thecourier.co.uk/news/uk-world/4852821/man-in-court-charged-with-murdering-man-23-found-dead-on-christmas-eve",
        "https://www.facebook.com/dialog/send",
        "https://www.facebook.com/dialog/send?app_id=1140125340199187&#038;link=https://www.thecourier.co.uk/news/uk-world/4852821/man-in-court-charged-with-murdering-man-23-found-dead-on-christmas-eve/&#038;redirect_uri=https://www.thecourier.co.uk/news/uk-world/4852821/man-in-court-charged-with-murdering-man-23-found-dead-on-christmas-eve",
        "https://www.wpcluster.dctdigital.com/wp-content/uploads/sites/54/2023/12/c3b7ce16-8253-489e-898d-a3fa97d52942-1t3is1zw-496x372.jpe",
        "https://www.wpcluster.dctdigital.com/wp-content/uploads/sites/54/2023/12/c3b7ce16-8253-489e-898d-a3fa97d52942-1t3is1zw-240x180.jpe",
        "https://www.linkedin.com/sharing/share-offsite/?url=https://www.thecourier.co.uk/news/uk-world/4852821/man-in-court-charged-with-murdering-man-23-found-dead-on-christmas-eve",
        "https://www.facebook.com/sharer/sharer.php",
        "https://facebook.com/dialog/send?app_id=1140125340199187&#038;link=https://thecourier.co.uk/news/uk-world/4852821/man-in-court-charged-with-murdering-man-23-found-dead-on-christmas-eve/&#038;redirect_uri=https://thecourier.co.uk/news/uk-world/4852821/man-in-court-charged-with-murdering-man-23-found-dead-on-christmas-eve/",
        "https://linkedin.com/sharing/share-offsite/?url=https://thecourier.co.uk/news/uk-world/4852821/man-in-court-charged-with-murdering-man-23-found-dead-on-christmas-eve/",
        "https://twitter.com/intent/tweet?url=https://thecourier.co.uk/news/uk-world/4852821/man-in-court-charged-with-murdering-man-23-found-dead-on-christmas-eve/",
        "https://api.whatsapp.com/send?text=https://thecourier.co.uk/news/uk-world/4852821/man-in-court-charged-with-murdering-man-23-found-dead-on-christmas-eve/%20-%20A%20man%20has%20appeared%20in%20court%20charged%20with%20murder%20after%20the%20death%20of%20a%2023-year-old%20man%20in%20Cardiff%20on%20Christmas%20Eve.",
        "https://facebook.com/sharer/sharer.php?u=https://thecourier.co.uk/news/uk-world/4852821/man-in-court-charged-with-murdering-man-23-found-dead-on-christmas-eve/",
        "https://api.whatsapp.com/send",
        "https://www.linkedin.com/sharing/share-offsite/",
        "https://twitter.com/intent/tweet",
        "https://secure.gravatar.com/avatar/1c5f119976445a15ecafac226a9ca9bd"
    ],
    "external_images": [],
    "entities": {
        "persons": [
            {
                "name": "william bush",
                "sentiment": "none"
            },
            {
                "name": "bush",
                "sentiment": "none"
            },
            {
                "name": "will",
                "sentiment": "none"
            },
            {
                "name": "dylan thomas",
                "sentiment": "none"
            }
        ],
        "organizations": [
            {
                "name": "cardiff crown court",
                "sentiment": "none"
            },
            {
                "name": "facebook twitter linkedin whatsapp messenger email post",
                "sentiment": "none"
            },
            {
                "name": "cardiff magistrates’ court",
                "sentiment": "none"
            }
        ],
        "locations": [
            {
                "name": "cardiff",
                "sentiment": "none"
            },
            {
                "name": "chapel street",
                "sentiment": "none"
            },
            {
                "name": "south wales",
                "sentiment": "none"
            }
        ]
    },
    "rating": null,
    "crawled": "2023-12-29T00:12:49.339+02:00",
    "updated": "2023-12-29T00:12:49.339+02:00"
}