{
    "thread": {
        "uuid": "967131a143e2c23c8708cc2f819e622ad0924195",
        "url": "https://as.com/futbol/primera/javi-guerra-y-hugo-duro-se-ausentan-del-entrenamiento-por-enfermedad-n/",
        "site_full": "as.com",
        "site": "as.com",
        "site_section": "http://futbol.as.com/",
        "site_categories": [
            "world_soccer",
            "sports"
        ],
        "section_title": "Fútbol en AS.com - AS.com",
        "title": "Javi Guerra y Hugo Duro se ausentan del entrenamiento por enfermedad - AS.com",
        "title_full": "Javi Guerra y Hugo Duro se ausentan del entrenamiento por enfermedad - AS.com",
        "published": "2023-12-28T18:02:00.000+02:00",
        "replies_count": 0,
        "participants_count": 1,
        "site_type": "news",
        "country": "ES",
        "main_image": "https://img.asmedia.epimg.net/resizer/Uq1lDzHF5TmJjg7481jpoZw--6E=/1472x828/filters:focal(1745x205:1755x215)/cloudfront-eu-central-1.images.arcpublishing.com/diarioas/XVGPIZF3666QJ63RMWAPMPOBFI.jpg",
        "performance_score": 0,
        "domain_rank": 2020,
        "domain_rank_updated": "2023-12-26T12:06:20.000+02:00",
        "reach": null,
        "social": {
            "facebook": {
                "likes": 0,
                "comments": 0,
                "shares": 0
            },
            "gplus": {
                "shares": 0
            },
            "pinterest": {
                "shares": 0
            },
            "linkedin": {
                "shares": 0
            },
            "stumbledupon": {
                "shares": 0
            },
            "vk": {
                "shares": 0
            }
        }
    },
    "uuid": "967131a143e2c23c8708cc2f819e622ad0924195",
    "url": "https://as.com/futbol/primera/javi-guerra-y-hugo-duro-se-ausentan-del-entrenamiento-por-enfermedad-n/",
    "ord_in_thread": 0,
    "parent_url": null,
    "author": "Julián Burgos",
    "published": "2023-12-28T18:02:00.000+02:00",
    "title": "Javi Guerra y Hugo Duro se ausentan del entrenamiento por enfermedad - AS.com",
    "text": "Javi Guerra y Hugo Duro se ausentan del entrenamiento por enfermedad Los dos jugadores, que serán titulares el próximo martes ante el Villarreal, sufren un proceso gripal. La plantilla del Valencia no es ajena a los virus que asolan en estas semanas a media España. Esta mañana, de hecho, se han ausentado del entrenamiento dos jugadores que deben de ser titulares el próximo martes, en Mestalla, contra el Villarreal: Javi Guerra y Hugo Duro. Los dos futbolistas valencianistas sufren un proceso vírico-gripal que les ha impedido entrenarse esta mañana con el resto de sus compañeros, tras [hacerlo ayer por la tarde, en Mestalla](https://as.com/futbol/primera/gaya-de-regreso-ante-medio-mestalla-n/). No obstante, tanto el mediocentro, que regresa tras cumplir dos partidos de sanción, como el delantero centro, deben estar recuperados para afrontar el derbi de la Comunitat Valenciana el próximo martes, ante el Submarino. Como viene siendo habitual en los tres últimos meses, tampoco ha estado en la sesión André Almeida, quien tiene una fractura en una vértebra y no tiene fecha prevista de vuelta. Diakhaby ha sido el otro ausente, aunque el franco-guineano, que cumplirá su partido de sanción ante el Villarreal, ya no se le espera hasta finales de enero ya que se marcha a la Copa de África. En el plano positivo está de nuevo José Luis Gayà, que ha vuelto a entrenarse esta mañana con normalidad. El capitán, si no surge ningún contratiempo de última hora será de la partida ante el Villarreal tras tener que parar varios partidos por diversas molestias. El lateral ha trabajado a buen ritmo y ya es uno más del grupo. Sigue el [canal de Diario AS en WhatsApp](https://www.whatsapp.com/channel/0029VaAasdA7j6g745nz9M10), donde encontrarás todas las claves deportivas del día. Para poder comentar debes estar registrado y haber iniciado sesión. [¿Olvidaste la contraseña?](https://asfan.as.com/recontrasena/?backURL=https%3A%2F%2Fas.com%2F&o=COMAS&prod=REGhttps%3A%2F%2Fas.com%2F)",
    "highlightText": "",
    "highlightTitle": "",
    "highlightThreadTitle": "",
    "language": "spanish",
    "sentiment": "negative",
    "categories": [
        "Health",
        "Sport",
        "Human Interest"
    ],
    "external_links": [
        "https://www.whatsapp.com/channel/0029VaAasdA7j6g745nz9M10),",
        "https://whatsapp.com/channel/0029VaAasdA7j6g745nz9M10),"
    ],
    "external_images": [],
    "entities": {
        "persons": [],
        "organizations": [],
        "locations": []
    },
    "rating": null,
    "crawled": "2023-12-29T00:10:44.377+02:00",
    "updated": "2023-12-29T00:10:44.377+02:00"
}