{
    "thread": {
        "uuid": "a1623221146116e2411ada23b0f9f90d0605d86c",
        "url": "https://www.dailystar.co.uk/news/latest-news/dj-films-himself-urinating-cancer-31764731",
        "site_full": "www.dailystar.co.uk",
        "site": "dailystar.co.uk",
        "site_section": "https://www.dailystar.co.uk/just-jane",
        "site_categories": [
            "under_construction",
            "non_standard_content"
        ],
        "section_title": "Just Jane - Your Problems Sorted by Our Agony Aunt - Daily Star",
        "title": "DJ films himself urinating on cancer patient in sick Snapchat video as cops investigate - Daily Star",
        "title_full": "DJ films himself urinating on cancer patient in sick Snapchat video as cops investigate - Daily Star",
        "published": "2023-12-28T23:53:00.000+02:00",
        "replies_count": 0,
        "participants_count": 1,
        "site_type": "news",
        "country": "GB",
        "main_image": "https://i2-prod.dailystar.co.uk/incoming/article31764765.ece/ALTERNATES/s1200/1_PAY-WNS_281223_DJ_Urinated_Cancer_Man_003JPG.jpg",
        "performance_score": 0,
        "domain_rank": 2059,
        "domain_rank_updated": "2023-12-26T12:06:20.000+02:00",
        "reach": null,
        "social": {
            "facebook": {
                "likes": 0,
                "comments": 0,
                "shares": 0
            },
            "gplus": {
                "shares": 0
            },
            "pinterest": {
                "shares": 0
            },
            "linkedin": {
                "shares": 0
            },
            "stumbledupon": {
                "shares": 0
            },
            "vk": {
                "shares": 0
            }
        }
    },
    "uuid": "a1623221146116e2411ada23b0f9f90d0605d86c",
    "url": "https://www.dailystar.co.uk/news/latest-news/dj-films-himself-urinating-cancer-31764731",
    "ord_in_thread": 0,
    "parent_url": null,
    "author": "Harry Thompson",
    "published": "2023-12-28T23:53:00.000+02:00",
    "title": "DJ films himself urinating on cancer patient in sick Snapchat video as cops investigate - Daily Star",
    "text": "A DJ is facing furious backlash and a [police ](https://www.dailystar.co.uk/latest/police)probe after filming himself urinating on a cancer patient. Leigh Brookfield, 40, was playing tunes for a [wedding ](https://www.dailystar.co.uk/latest/weddings)when he carried out the nasty act. Footage of the stunt was shared on Snapchat, which sees him appear to show fake sympathy for an older gentleman in the men's toilets. The man tells him of prostate problems he has been suffering with, about which Brookfield says he’s “sorry to hear”. But while he does this, he appears to deliberately spray urine on the man’s back while he’s not looking. READ MORE: [National Lottery winners' bonkers 2023 buys after becoming millionaires](https://www.dailystar.co.uk/news/latest-news/national-lottery-winners-bonkers-2023-31748730) For the latest National Lottery news and results, click [here](https://www.dailystar.co.uk/latest/national-lottery). Dyfed Powys Police in Wales have been made aware of the incident and are looking into complaints of “assault”. Brookfield performs around Llanelli, West Wales, in pubs and weddings. The DJ posted an apology on Facebook and his account has since been deleted. In it, he wrote: “I'm apologising to you all regarding my actions this evening. I'm deeply sorry for those who I have offended and if I could take it all back I would. “It's just something me and the boys do when we are drunk and until watching the video back I didn't realise that the nice gentleman next to me was going through health problems.” The apology, though, did not have the desired effect and ended up causing more uproar. One outraged social media user posted in response: “It's something you and your mates do when you are drunk? So this isn't the first time you've p",
    "highlightText": "",
    "highlightTitle": "",
    "highlightThreadTitle": "",
    "language": "english",
    "sentiment": "negative",
    "categories": [
        "Health",
        "Human Interest",
        "Crime, Law and Justice"
    ],
    "external_links": [],
    "external_images": [],
    "entities": {
        "persons": [
            {
                "name": "leigh brookfield",
                "sentiment": "none"
            }
        ],
        "organizations": [
            {
                "name": "facebook",
                "sentiment": "none"
            }
        ],
        "locations": [
            {
                "name": "wales",
                "sentiment": "none"
            },
            {
                "name": "brookfield",
                "sentiment": "none"
            },
            {
                "name": "west wales",
                "sentiment": "none"
            },
            {
                "name": "llanelli",
                "sentiment": "none"
            }
        ]
    },
    "rating": null,
    "crawled": "2023-12-29T00:22:26.343+02:00",
    "updated": "2023-12-29T00:30:42.965+02:00"
}