{
    "thread": {
        "uuid": "0451038157d24a6759bdc72dd69b1d9491f543de",
        "url": "https://video.sky.it/news/mondo/video/gaza-oms-popolazione-in-condizioni-terribili-889856",
        "site_full": "video.sky.it",
        "site": "sky.it",
        "site_section": "https://video.sky.it",
        "site_categories": [
            "non_standard_content"
        ],
        "section_title": "Sky Video: filmati e clip di oggi su news, sport, spettacolo",
        "title": "Gaza, Oms: “Popolazione in condizioni terribili” | Video Sky",
        "title_full": "Gaza, Oms: “Popolazione in condizioni terribili” | Video Sky",
        "published": "2023-12-28T22:15:00.000+02:00",
        "replies_count": 0,
        "participants_count": 1,
        "site_type": "news",
        "country": "IT",
        "main_image": "https://videoplatform.sky.it/captures/197/2023/12/28/889856/889856_1703793382372_thumb_197.0000001.jpg",
        "performance_score": 0,
        "domain_rank": 5261,
        "domain_rank_updated": "2023-12-26T12:06:20.000+02:00",
        "reach": null,
        "social": {
            "facebook": {
                "likes": 0,
                "comments": 0,
                "shares": 0
            },
            "gplus": {
                "shares": 0
            },
            "pinterest": {
                "shares": 0
            },
            "linkedin": {
                "shares": 0
            },
            "stumbledupon": {
                "shares": 0
            },
            "vk": {
                "shares": 0
            }
        }
    },
    "uuid": "0451038157d24a6759bdc72dd69b1d9491f543de",
    "url": "https://video.sky.it/news/mondo/video/gaza-oms-popolazione-in-condizioni-terribili-889856",
    "ord_in_thread": 0,
    "parent_url": null,
    "author": "Sky Video",
    "published": "2023-12-28T22:15:00.000+02:00",
    "title": "Gaza, Oms: “Popolazione in condizioni terribili” | Video Sky",
    "text": "Chiudi Menu Skylights Room News Sport Programmi TV Pechino Express Serie TV Cinema Spettacolo X Factor MasterChef TV8 Arte Lifestyle Mix Altro: Archivio Guarda le dirette di sky Video Video di News Temi Politica Cronaca Economia Mondo Spettacolo Tecnologia Ambiente Meteo Questo è SKY Topic Diretta SkyTG24 Sezioni Menu Cerca Login guarda altri Migranti Messico, Blinken dal presidente Obrador promette sfide condivise 00:01:56 min | 9 ore fa pubblicità riproduci 50+ video Drive Club 2022-2023, le nuove puntate della rubrica su auto e motori di Sky TG24 Scandalo a Mosca per l'Almost naked party. Arresti e polemiche 00:01:56 min | 9 ore fa Medioriente, dentro Striscia di Gaza ancora 129 ostaggi 00:02:55 min | 12 ore fa Argentina, proteste contro Milei: scontri e arresti a Buenos Aires 00:01:00 min | 13 ore fa Ucraina, Usa sbloccano ultimo pacchetto aiuti 00:01:49 min | 15 ore fa Corea del Nord, Kim Jong Un: prepararsi alla guerra 00:01:00 min | 17 ore fa Sky Tg24 Mondo, la puntata del 27 dicembre 00:23:33 min | 1 giorno fa Morto a 98 anni Jacques Delors, padre integrazione europea 00:01:30 min | 1 giorno fa Messico, carovana di migranti verso il confine Usa 00:01:48 min | 1 giorno fa Timeline, Iran rivendica attacco del 7/10, Hamas smentisce 00:22:12 min | 1 giorno fa Guerra Ucraina, Kiev: in video russi fucilano soldati arresi 00:02:05 min | 1 giorno fa Guerra in Medioriente, la situazione nella Striscia di Gaza 00:02:44 min | 1 giorno fa Migranti Messico, Blinken dal presidente Obrador promette sfide condivise 00:01:56 min | 9 ore fa riproduci 50+ video Drive Club 2022-2023, le nuove puntate della rubrica su auto e motori di Sky TG24 Scandalo a Mosca per l'Almost naked party. Arresti e polemiche 00:01:56 min | 9 ore fa Medioriente, dentro Striscia di Gaza ancora 129 ostaggi 00:02:55 min | 12 ore fa Argentina, proteste contro Milei: scontri e arresti a Buenos Aires 00:01:00 min | 13 ore fa Ucraina, Usa sbloccano ultimo pacchetto aiuti 00:01:49 min | 15 ore fa Corea del Nord, Kim Jong Un: prepararsi alla guerra 00:01:00 min | 17 ore fa Sky Tg24 Mondo, la puntata del 27 dicembre 00:23:33 min | 1 giorno fa Morto a 98 anni Jacques Delors, padre integrazione europea 00:01:30 min | 1 giorno fa Messico, carovana di migranti verso il confine Usa 00:01:48 min | 1 giorno fa Timeline, Iran rivendica attacco del 7/10, Hamas smentisce 00:22:12 min | 1 giorno fa Guerra Ucraina, Kiev: in video russi fucilano soldati arresi 00:02:05 min | 1 giorno fa Guerra in Medioriente, la situazione nella Striscia di Gaza 00:02:44 min | 1 giorno fa Vedi tutti i video Gaza, Oms: “Popolazione in condizioni terribili” News Mondo 28 dic 2023 guarda altri Migranti Messico, Blinken dal presidente Obrador promette sfide condivise 00:01:56 min | 9 ore fa pubblicità riproduci 50+ video Drive Club 2022-2023, le nuove puntate della rubrica su auto e motori di Sky TG24 Scandalo a Mosca per l'Almost naked party. Arresti e polemiche 00:01:56 min | 9 ore fa Medioriente, dentro Striscia di Gaza ancora 129 ostaggi 00:02:55 min | 12 ore fa Argentina, proteste contro Milei: scontri e arresti a Buenos Aires 00:01:00 min | 13 ore fa Ucraina, Usa sbloccano ultimo pacchetto aiuti 00:01:49 min | 15 ore fa Corea del Nord, Kim Jong Un: prepararsi alla guerra 00:01:00 min | 17 ore fa Sky Tg24 Mondo, la puntata del 27 dicembre 00:23:33 min | 1 giorno fa Morto a 98 anni Jacques Delors, padre integrazione europea 00:01:30 min | 1 giorno fa Messico, carovana di migranti verso il confine Usa 00:01:48 min | 1 giorno fa Timeline, Iran rivendica attacco del 7/10, Hamas smentisce 00:22:12 min | 1 giorno fa Guerra Ucraina, Kiev: in video russi fucilano soldati arresi 00:02:05 min | 1 giorno fa Guerra in Medioriente, la situazione nella Striscia di Gaza 00:02:44 min | 1 giorno fa Migranti Messico, Blinken dal presidente Obrador promette sfide condivise 00:01:56 min | 9 ore fa riproduci 50+ video Drive Club 2022-2023, le nuove puntate della rubrica su auto e motori di Sky TG24 Scandalo a Mosca per l'Almost naked party. Arresti e polemiche 00:01:56 min | 9 ore fa Medioriente, dentro Striscia di Gaza ancora 129 ostaggi 00:02:55 min | 12 ore fa Argentina, proteste contro Milei: scontri e arresti a Buenos Aires 00:01:00 min | 13 ore fa Ucraina, Usa sbloccano ultimo pacchetto aiuti 00:01:49 min | 15 ore fa Corea del Nord, Kim Jong Un: prepararsi alla guerra 00:01:00 min | 17 ore fa Sky Tg24 Mondo, la puntata del 27 dicembre 00:23:33 min | 1 giorno fa Morto a 98 anni Jacques Delors, padre integrazione europea 00:01:30 min | 1 giorno fa Messico, carovana di migranti verso il confine Usa 00:01:48 min | 1 giorno fa Timeline, Iran rivendica attacco del 7/10, Hamas smentisce 00:22:12 min | 1 giorno fa Guerra Ucraina, Kiev: in video russi fucilano soldati arresi 00:02:05 min | 1 giorno fa Guerra in Medioriente, la situazione nella Striscia di Gaza 00:02:44 min | 1 giorno fa Vedi tutti i video pubblicità news: I più visti economia Manovra, dagli stipendi alle pensioni: le misure 00:01:32 Min | Pubblicato 6 giorni fa economia Irpef, nel 2024 si passa da 4 a 3 aliquote 00:01:00 Min | Pubblicato 6 giorni fa cronaca Bologna, UE: il vino Pignoletto diventa DOP 00:02:03 Min | Pubblicato 4 giorni fa economia Pensioni, incentivo più ricco senza Quota 103: come funziona 00:01:00 Min | Pubblicato 6 giorni fa economia Investire in obbligazioni garantisce sempre bassi rischi e ritorni sicuri? 00:00:32 Min | Pubblicato 6 giorni fa le playlist più recenti Playlist Drive Club 2022-2023, le nuove puntate della rubrica su auto e motori di Sky TG24 50+ video Tecnologia Playlist Omicidio Giulia Cecchettin video 40 video Cronaca Playlist Maltempo a Milano 9 video Cronaca SCOPRI VOICE Attualità, inclusion, sostenibilità, diritti. Raccontiamo il cambiamento, un video alla volta. Scopri Voice, il nuovo progetto editoriale di Sky Tg24 GUARDA ORA",
    "highlightText": "",
    "highlightTitle": "",
    "highlightThreadTitle": "",
    "language": "italian",
    "sentiment": "negative",
    "categories": [
        "Health"
    ],
    "external_links": [],
    "external_images": [],
    "entities": {
        "persons": [],
        "organizations": [],
        "locations": []
    },
    "rating": null,
    "crawled": "2023-12-29T00:39:37.442+02:00",
    "updated": "2023-12-29T05:43:32.129+02:00"
}