{
    "thread": {
        "uuid": "8955f5a3f4cd02d9df05396d29e166dc3fd98748",
        "url": "https://www.newsweek.com/residents-oregon-community-under-boil-water-notice-year-1856281",
        "site_full": "www.newsweek.com",
        "site": "newsweek.com",
        "site_section": "https://www.newsweek.com/rss",
        "site_categories": [
            "media",
            "law_government_and_politics",
            "politics"
        ],
        "section_title": "Newsweek",
        "title": "Residents in Oregon Community Under Boil-Water Notice for a Year",
        "title_full": "Residents in Oregon Community Under Boil-Water Notice for a Year",
        "published": "2023-12-28T23:42:00.000+02:00",
        "replies_count": 0,
        "participants_count": 1,
        "site_type": "news",
        "country": "US",
        "main_image": "https://d.newsweek.com/en/full/2329343/e-coli.jpg",
        "performance_score": 0,
        "domain_rank": 379,
        "domain_rank_updated": "2023-12-26T12:06:20.000+02:00",
        "reach": null,
        "social": {
            "facebook": {
                "likes": 0,
                "comments": 0,
                "shares": 0
            },
            "gplus": {
                "shares": 0
            },
            "pinterest": {
                "shares": 0
            },
            "linkedin": {
                "shares": 0
            },
            "stumbledupon": {
                "shares": 0
            },
            "vk": {
                "shares": 0
            }
        }
    },
    "uuid": "8955f5a3f4cd02d9df05396d29e166dc3fd98748",
    "url": "https://www.newsweek.com/residents-oregon-community-under-boil-water-notice-year-1856281",
    "ord_in_thread": 0,
    "parent_url": null,
    "author": "Rachel Dobkin",
    "published": "2023-12-28T23:42:00.000+02:00",
    "title": "Residents in Oregon Community Under Boil-Water Notice for a Year",
    "text": "A small town in Oregon has been under a boil-water notice for a year after bacteria was found in the water supply. Jewell, which is about an hour northwest of Portland, has a population of 1,403—all of whom haven't been able to safely use the water from their taps since last December when the water tested positive for E. coli. More than a year later and the water hasn't been treated, according to the Clatsop County Health Department. Newsweek reached out to Clatsop County Environmental Health via email for comment. The Oregon Health Authority (OHA) told Newsweek via email on Thursday: \"A water system inspection was conducted in March 2023. Several deficiencies identified remain unresolved.\" \"I pretty much don't use this water at all, and if I have to use it, it's bleach city,\" one Jewell resident who wished to remain anonymous told local [Fox](https://www.newsweek.com/topic/fox) affiliate KPTV. \"I've broken out on my hands, on my face, when I didn't realize what was going on. I could actually taste it in my mouth.\" Locals have tried to take matters into their own hands to get clean water. The property that the pump house and well are on has new owners, Jennifer and Sam Lynch, but Tony Cavin still has control over the well. \"We've called the county, we've called the state, we've called the water master, we've talked to a lawyer, we've just tried to push this in any direction we can to get the state to enforce the regulations that need to be done so that there's clean water,\" Jennifer Lynch told KPTV on Wednesday. \"What we're hoping is that the state will enforce the fines that he should've had already because there's tons that have accrued but no one's enforcing them. How can there be no repercussions for a community with 47 houses that you're providing E. coli-infested water?\" OHA told Newsweek: \"Ownership of the water system has transferred to a new owner. There may be a dispute with the former and current owner/operators. \"The county and Drinking Water Services are ready to work with the new owner on steps needed to ensure safe drinking water, including sampling and communicating advisory status to customers. Drinking Water Services will review the existing enforcement action to determine whether assessing civil penalties is appropriate. \"The Public Utility Commission has been contacted about the situation.\" The environmental health supervisor, Lucas Marshall, said that the locals are being \"held hostage\" by Cavin. \"I believe it's fairly unusual because our state partners have also had some difficulties with this situation, it's not something where we have precedents or a map to follow regarding situations like this,\" Marshall told KPTV. \"The community is being held hostage by an operator that will not make the corrective actions to improve the water quality, and make sure that the water is safe, but is also not stepping aside and allowing for another operator to come in and get the system back online.\" While multiple residents told the station that Cavin posted a test showing the water to be free of E. coli in the community OHA representatives from said that Cavin posted the boil-water notice on social media when it went into effect and said that the notice had also been distributed to customers. However, residents told KPTV that they did not know about the notice until a few months after it went into effect. It went into effect on December 15, 2022, the OHA told Newsweek. Update 12/28/23, 5:10 p.m. ET: This article has been updated with comment from the OHA. Uncommon Knowledge Newsweek is committed to challenging conventional wisdom and finding connections in the search for common ground. Newsweek is committed to challenging conventional wisdom and finding connections in the search for common ground. fairness meter About the writer To read how Newsweek uses AI as a newsroom tool, [Click here.](/editorial-guidelines)",
    "highlightText": "",
    "highlightTitle": "",
    "highlightThreadTitle": "",
    "language": "english",
    "sentiment": "negative",
    "categories": [
        "Health"
    ],
    "external_links": [
        "https://www.facebook.com/sharer/sharer.php",
        "https://www.facebook.com/sharer/sharer.php?u=https://www.newsweek.com/residents-oregon-community-under-boil-water-notice-year-1856281",
        "https://facebook.com/sharer/sharer.php?u=https://newsweek.com/residents-oregon-community-under-boil-water-notice-year-1856281"
    ],
    "external_images": [],
    "entities": {
        "persons": [
            {
                "name": "jewell",
                "sentiment": "none"
            },
            {
                "name": "getty im",
                "sentiment": "none"
            },
            {
                "name": "sean gallup",
                "sentiment": "none"
            }
        ],
        "organizations": [
            {
                "name": "oregon community under boil",
                "sentiment": "negative"
            },
            {
                "name": "clatsop county environmental health",
                "sentiment": "none"
            },
            {
                "name": "newsweek",
                "sentiment": "none"
            },
            {
                "name": "clatsop county health department",
                "sentiment": "none"
            },
            {
                "name": "fox",
                "sentiment": "none"
            }
        ],
        "locations": [
            {
                "name": "oregon",
                "sentiment": "none"
            },
            {
                "name": "portland",
                "sentiment": "none"
            }
        ]
    },
    "rating": null,
    "crawled": "2023-12-29T00:10:18.901+02:00",
    "updated": "2023-12-29T00:47:19.531+02:00"
}