{
    "thread": {
        "uuid": "3337a3bd5ec9eed71276d39b126658f0287cfd21",
        "url": "https://radiomitre.cienradios.com/sociedad/los-farmaceuticos-se-movilizan-contra-el-dnu-de-javier-milei-y-suspenderan-la-atencion/",
        "site_full": "radiomitre.cienradios.com",
        "site": "cienradios.com",
        "site_section": "https://radiomitre.cienradios.com",
        "site_categories": [
            "non_standard_content"
        ],
        "section_title": "Las últimas noticias de Argentina y el mundo en tiempo real | Radio Mitre",
        "title": "Los farmacéuticos se movilizan contra el DNU de Javier Milei y suspenderán la atención | Radio Mitre",
        "title_full": "Los farmacéuticos se movilizan contra el DNU de Javier Milei y suspenderán la atención | Radio Mitre",
        "published": "2023-12-28T23:40:00.000+02:00",
        "replies_count": 0,
        "participants_count": 1,
        "site_type": "news",
        "country": "AR",
        "main_image": "https://radiomitre.cienradios.com/resizer/N68T_isuUvFC55i4PjidbGklU7Y=/1200x900/filters:format(webp)/cloudfront-us-east-1.images.arcpublishing.com/radiomitre/O6B6ZMWNRRDQPMFNVQ3CEH4Z74.jpg",
        "performance_score": 0,
        "domain_rank": 43299,
        "domain_rank_updated": "2023-12-26T12:06:25.000+02:00",
        "reach": null,
        "social": {
            "facebook": {
                "likes": 0,
                "comments": 0,
                "shares": 0
            },
            "gplus": {
                "shares": 0
            },
            "pinterest": {
                "shares": 0
            },
            "linkedin": {
                "shares": 0
            },
            "stumbledupon": {
                "shares": 0
            },
            "vk": {
                "shares": 0
            }
        }
    },
    "uuid": "3337a3bd5ec9eed71276d39b126658f0287cfd21",
    "url": "https://radiomitre.cienradios.com/sociedad/los-farmaceuticos-se-movilizan-contra-el-dnu-de-javier-milei-y-suspenderan-la-atencion/",
    "ord_in_thread": 0,
    "parent_url": null,
    "author": "Luciano Fandiño",
    "published": "2023-12-28T23:40:00.000+02:00",
    "title": "Los farmacéuticos se movilizan contra el DNU de Javier Milei y suspenderán la atención | Radio Mitre",
    "text": "La [Confederación Farmacéutica Argentina (COFA) ](https://radiomitre.cienradios.com/politica/el-duro-comunicado-de-los-farmaceuticos-tras-el-dnu-de-javier-milei-pone-en-riesgo-la-salud-de-la-poblacion/)realizó un comunicado en los últimos días donde criticaba duramente al [ DNU del presidente Javier Milei](https://radiomitre.cienradios.com/politica/javier-milei-advirtio-que-llamara-a-un-plebiscito-si-el-congreso-rechaza-el-dnu/) y desde el sector inidcaron que en las próximas horas, se presentará un recurso de amparo. La CGT convocó a un paro general por la Ley Ómnibus y Eduardo Feinmann estalló: “Todo un récord” Será así como en el día de mañana se realizará la presentación de un recurso de amparo contra el Decreto de Necesidad y Urgencia (DNU), mientras que también en señal de reclamo bajarán sus persianas durante una hora ante la medida que indicaron: “Lleva a la destrucción a la profesión farmacéutica”. Según explicó el presidente de la entidad, Ricardo Pesenti: “Esta no es una medida política; de hecho, muchos farmacéuticos votaron a este gobierno. Sin embargo, creemos que hay desconocimiento de las consecuencias graves que trae este DNU”, mientras que también reveló que se realizará una concentración frente al Palacio de Tribunales. Por otro lado, Pesenti agregó que: “Con el argumento falso de bajar el precio de los medicamentos, el DNU lleva a la destrucción de la profesión farmacéutica, minando 20 artículos de la Ley 17.565 de ejercicio profesional”. A través del DNU 70/2023 se presentó una modificación de la ley 17.565 en la cual se eliminaba que “los medicamentos denominados de venta libre y de especialidades farmacéuticas, cualquiera sea su condición de expendio, sólo podrán ser efectuadas en todo el territorio de la Nación, en farmacias habilitadas”. El comunicado de la COFA tras el DNU de Javier Milei En un duro comunicado realizado por la Confederación Farmacéutica Argentina (COFA) se expresó: “La profesión farmacéutica ha sido profundamente afectada y gravemente agredida por el Decreto de Necesidad y Urgencia 70/23 emitido ayer por el Poder Ejecutivo. Esta medida pone en riesgo la salud de la población y el acceso de todos a los medicamentos”. Javier Milei desafió a la oposición tras la Ley Ómnibus con una contundente reflexión: “Eso se llama envidia” Además, también indicaron: “Mediante el DNU se permite que cualquier persona sin título habilitante pueda estar a cargo de la farmacia. Es decir que no habrá un profesional que garantice, bajo su responsabilidad, la calidad, origen y seguridad de los medicamentos que se dispensan. El DNU 70/23 atenta gravemente contra la salud de la población, la profesión farmacéutica y el modelo de farmacia profesional”.",
    "highlightText": "",
    "highlightTitle": "",
    "highlightThreadTitle": "",
    "language": "spanish",
    "sentiment": "negative",
    "categories": [
        "Politics",
        "Health"
    ],
    "external_links": [],
    "external_images": [],
    "entities": {
        "persons": [],
        "organizations": [],
        "locations": []
    },
    "rating": null,
    "crawled": "2023-12-29T00:18:32.302+02:00",
    "updated": "2023-12-29T00:18:32.302+02:00"
}