{
    "thread": {
        "uuid": "6348834c68b8fc889e4a154d7ebae80512342234",
        "url": "https://mag.elcomercio.pe/fama/tono-mauri-tiene-bacteria-en-los-pulmones-lo-que-sabemos-sobre-el-estado-de-salud-del-actor-celeb-de-mexico-nnda-nnlt-noticia/",
        "site_full": "mag.elcomercio.pe",
        "site": "elcomercio.pe",
        "site_section": "https://mag.elcomercio.pe/arcio/rss",
        "site_categories": [
            "hobbies_and_interests",
            "freelance_writing"
        ],
        "section_title": "El Comercio Mag",
        "title": "Toño Mauri tiene bacteria en los pulmones: lo que sabemos sobre el estado de salud del actor",
        "title_full": "Toño Mauri tiene bacteria en los pulmones: lo que sabemos sobre el estado de salud del actor",
        "published": "2023-12-29T00:22:00.000+02:00",
        "replies_count": 0,
        "participants_count": 1,
        "site_type": "news",
        "country": "PE",
        "main_image": "https://elcomercio.pe/resizer/XIxlYdGbLuf411CiyorQ7Kdq3Sw=/980x528/smart/filters:format(jpeg):quality(75)/cloudfront-us-east-1.images.arcpublishing.com/elcomercio/W3NH77345VFWRICENIAXW3YR2U.jpg",
        "performance_score": 0,
        "domain_rank": 5069,
        "domain_rank_updated": "2023-12-26T12:06:20.000+02:00",
        "reach": null,
        "social": {
            "facebook": {
                "likes": 0,
                "comments": 0,
                "shares": 4
            },
            "gplus": {
                "shares": 0
            },
            "pinterest": {
                "shares": 0
            },
            "linkedin": {
                "shares": 0
            },
            "stumbledupon": {
                "shares": 0
            },
            "vk": {
                "shares": 0
            }
        }
    },
    "uuid": "6348834c68b8fc889e4a154d7ebae80512342234",
    "url": "https://mag.elcomercio.pe/fama/tono-mauri-tiene-bacteria-en-los-pulmones-lo-que-sabemos-sobre-el-estado-de-salud-del-actor-celeb-de-mexico-nnda-nnlt-noticia/",
    "ord_in_thread": 0,
    "parent_url": null,
    "author": "Redacción Mag",
    "published": "2023-12-29T00:22:00.000+02:00",
    "title": "Toño Mauri tiene bacteria en los pulmones: lo que sabemos sobre el estado de salud del actor",
    "text": "Toño Mauri tiene una bacteria en los pulmones y su situación ha generado inquietud en su entorno más cercano y sus compañeros de la industria. El artista, uno de los más representativos de\nMéxico, es un sobreviviente del COVID-19, ya que sobrevivió a la infección en 2020.\nLa\ncelebridad tuvo un trasplante doble de pulmón para resistir a las consecuencias del coronavirus, durante la primera etapa de la pandemia, una de las más trágicas y que se llevó millones de vidas en todo el mundo.\nDe esta manera, desde hace tres años,\nMauri es un agradecido por seguir respirando a pesar de su situación crítica de ese entonces. Sin embargo, en diciembre de 2023, informó que ha tenido una nueva complicación de su salud.\nLe han detectado una bacteria en los pulmones.\n¿Cuál es su estado de salud? ¿qué le dijeron los médicos sobre su diagnóstico? El mismo Toño Mauri lo contó en una entrevista al programa “Sale el Sol”.\n¿POR QUÉ TOÑO MAURI TIENE UNA BACTERIA EN LOS PULMONES?\nToño Mauri contó que los médicos hallaron una bacteria en sus pulmones y que debe hacer un tratamiento de 50 días para evitar complicaciones en su salud, sobre todo por el trasplante doble de estos órganos que tuvo en 2020, al contagiarse de coronavirus.\n“En mis últimos chequeos resultó que apareció una bacteria que es muy común en quienes tenemos un trasplante. Es una bacteria a la que hay que tenerle cuidado. El doctor prefirió que entremos en tratamiento antes de que pudiera hacer algún daño”, declaró en “Sale el Sol”.\n¿Cuáles son las complicaciones que puede traer esta bacteria? Mauri explicó que esta se puede haber alojado en sus pulmones el mismo día del trasplante y que, de no hacer el tratamiento a tiempo, podría generarle incluso una neumonía.\n“Es una bacteria agresiva y provoca abscesos en los pulmones o neumonía. El doctor prefirió que tomara el tratamiento. Me pusieron un catéter abajo de la piel que va directo al corazón, y el corazón distribuye el antibiótico a todo el cuerpo”, detalló.\n¿CUÁL ES EL ESTADO DE SALUD DE TOÑO MAURI?\nEl estado de salud de Toño Mauri es estable, porque ya tiene el tratamiento adecuado para frenar los efectos de la bacteria en sus pulmones. Lo que sí pidió es fuerzas para superar sin problemas los 50 días de lucha contra la bacteria.",
    "highlightText": "",
    "highlightTitle": "",
    "highlightThreadTitle": "",
    "language": "spanish",
    "sentiment": "negative",
    "categories": [
        "Health",
        "Human Interest",
        "Social Issue"
    ],
    "external_links": [],
    "external_images": [],
    "entities": {
        "persons": [],
        "organizations": [],
        "locations": []
    },
    "rating": null,
    "crawled": "2023-12-29T00:36:47.243+02:00",
    "updated": "2023-12-29T00:36:47.243+02:00"
}