{
    "thread": {
        "uuid": "c0e1793ea0a09621f310b42dceb40f47216ec3f4",
        "url": "https://www.aol.com/soap-star-steve-burton-finalizes-205608069.html",
        "site_full": "www.aol.com",
        "site": "aol.com",
        "site_section": "https://www.aol.com/entertainment",
        "site_categories": [
            "media"
        ],
        "section_title": "Entertainment News &amp; Latest Celebrity Headlines - AOL.com",
        "title": "Soap Star Steve Burton Finalizes Divorce From Pregnant Ex Sheree Burton",
        "title_full": "Soap Star Steve Burton Finalizes Divorce From Pregnant Ex Sheree Burton",
        "published": "2023-12-28T22:56:00.000+02:00",
        "replies_count": 0,
        "participants_count": 1,
        "site_type": "news",
        "country": "US",
        "main_image": "https://s.yimg.com/ny/api/res/1.2/s2f0bRnSdMYpN9nQDPNjlA--/YXBwaWQ9aGlnaGxhbmRlcjt3PTEyMDA7aD0xNjM3/https://media.zenfs.com/en/aol_us_weekly_474/7576bb790fa2aa655d1fa78437ebe332",
        "performance_score": 0,
        "domain_rank": 170,
        "domain_rank_updated": "2023-12-26T12:06:20.000+02:00",
        "reach": null,
        "social": {
            "facebook": {
                "likes": 0,
                "comments": 0,
                "shares": 0
            },
            "gplus": {
                "shares": 0
            },
            "pinterest": {
                "shares": 0
            },
            "linkedin": {
                "shares": 0
            },
            "stumbledupon": {
                "shares": 0
            },
            "vk": {
                "shares": 0
            }
        }
    },
    "uuid": "c0e1793ea0a09621f310b42dceb40f47216ec3f4",
    "url": "https://www.aol.com/soap-star-steve-burton-finalizes-205608069.html",
    "ord_in_thread": 0,
    "parent_url": null,
    "author": "AOL Staff",
    "published": "2023-12-28T22:56:00.000+02:00",
    "title": "Soap Star Steve Burton Finalizes Divorce From Pregnant Ex Sheree Burton",
    "text": "Soap Star Steve Burton Finalizes Divorce From Pregnant Ex Sheree Burton [Steve Burton ](https://www.usmagazine.com/celebrities/steve-burton/)and estranged wife [Sheree Burton ](https://www.usmagazine.com/celebrity-news/pictures/sheree-burton-what-to-know-about-steve-burtons-estranged-wife/)have finalized their divorce nearly two years after their soap opera-worthy breakup announcement. According to court records viewed by Us Weekly, Steve, 53, and Sheree, 45, settled their divorce this month. Per previous documents filed, Steve and Sheree noted that the divorce is uncontested, with Sheree asking the court to terminate forever spousal support to both parties. Custody and visitation arrangements of [the pair’s three children](https://www.usmagazine.com/celebrity-moms/pictures/steve-burtons-family-guide-meet-his-3-kids-with-ex-sheree-burton/), Makena, Jack and Brooklyn, have not changed. Steve announced in May 2022 that he had recently separated from Sheree after 23 years of marriage. Steve Burton and Sheree Burton: The Way They Were Steve Burton and Sheree Burton were married for 23 years before he announced their separation — and claimed his spouse was pregnant with another man’s child. Steve became famous for playing Jason Morgan on General Hospital, making his series debut in 1991. Eight years later, he married Sheree, who worked behind the scenes on the […] “I wanted to clear something up. Sheree and I are separated,” [he wrote via Instagram Story](https://www.usmagazine.com/celebrity-news/news/steve-burton-pregnant-wife-sheree-burton-split-after-23-years/) at the time. “She recently announced that she’s expecting her 4th child. The child is not mine.” He added: “We are still co-parenting our three beautiful kids. We would appreciate privacy at this time. Much luv, Steve.” Us confirmed in July 2022 that Steve [officially filed for divorce from Sheree](https://www.usmagazine.com/celebrity-news/news/steve-burton-files-for-divorce-from-pregnant-wife-sheree-burton/). The soap star cited “irreconcilable differences” in his petition, noting they separated the previous March. Sheree never publicly addressed their divorce nor Steve’s claims about her pregnancy. The fitness instructor gave birth to baby No. 4, daughter Izabella, in February. Celebrity Couples Who Had the Longest Divorces Getting messy! Celebrity divorces aren’t as glamorous as their Hollywood beginnings, and some last almost as long as the marriages themselves. Maria Shriver and Arnold Schwarzenegger, for example, were separated for 10 years before finalizing their divorce in December 2021. The couple split after the Kindergarten Cop actor admitted to fathering a child with their […] “Some things I’ve realized with having my 4th baby in my 40s. I know how fast it goes by,” she wrote via .” Sheree is currently 30 weeks pregnant with her fifth baby, whose father has not been publicly shared. “Current status…unexpectedly expecting my 5th baby making that 4 girls and 1 boy. ,” she wrote via She continued: “These past 2+ years have been quite an experience and I’ve learned so much about myself. I realized that I’m much stronger than I ever could have imagined and that change is a must for growth.”",
    "highlightText": "",
    "highlightTitle": "",
    "highlightThreadTitle": "",
    "language": "english",
    "sentiment": "negative",
    "categories": [
        "Lifestyle and Leisure",
        "Health",
        "Human Interest"
    ],
    "external_links": [
        "https://www.usmagazine.com/celebrity-news/pictures/sheree-burton-what-to-know-about-steve-burtons-estranged-wife/)have",
        "https://www.usmagazine.com/celebrity-news/news/steve-burton-pregnant-wife-sheree-burton-split-after-23-years/)",
        "https://www.usmagazine.com/celebrity-moms/pictures/steve-burtons-family-guide-meet-his-3-kids-with-ex-sheree-burton/),",
        "https://www.usmagazine.com/celebrities/steve-burton/)and",
        "https://www.usmagazine.com/celebrity-news/news/steve-burton-files-for-divorce-from-pregnant-wife-sheree-burton/).",
        "https://usmagazine.com/celebrity-news/news/steve-burton-pregnant-wife-sheree-burton-split-after-23-years/)",
        "https://usmagazine.com/celebrity-news/pictures/sheree-burton-what-to-know-about-steve-burtons-estranged-wife/)have",
        "https://usmagazine.com/celebrity-news/news/steve-burton-files-for-divorce-from-pregnant-wife-sheree-burton/).",
        "https://usmagazine.com/celebrities/steve-burton/)and",
        "https://usmagazine.com/celebrity-moms/pictures/steve-burtons-family-guide-meet-his-3-kids-with-ex-sheree-burton/),"
    ],
    "external_images": [],
    "entities": {
        "persons": [
            {
                "name": "steve burton",
                "sentiment": "negative"
            },
            {
                "name": "sheree burton",
                "sentiment": "negative"
            },
            {
                "name": "sheree burton soap star steve burton",
                "sentiment": "negative"
            },
            {
                "name": "steve",
                "sentiment": "none"
            },
            {
                "name": "sheree",
                "sentiment": "none"
            },
            {
                "name": "jack",
                "sentiment": "none"
            }
        ],
        "organizations": [
            {
                "name": "us weekly",
                "sentiment": "none"
            }
        ],
        "locations": [
            {
                "name": "brooklyn",
                "sentiment": "none"
            },
            {
                "name": "makena",
                "sentiment": "none"
            }
        ]
    },
    "rating": null,
    "crawled": "2023-12-29T00:22:23.002+02:00",
    "updated": "2023-12-29T00:22:23.002+02:00"
}