{
    "thread": {
        "uuid": "dc82eb3710dfde60aedb6a56b9fa140e16ce7041",
        "url": "https://lasillarota.com/nacion/2023/12/28/xochitl-galvez-critica-megafarmacia-de-amlo-no-juege-con-la-salud-del-pueblo-dice-463031.html",
        "site_full": "lasillarota.com",
        "site": "lasillarota.com",
        "site_section": "http://hidalgo.lasillarota.com/veracruz",
        "site_categories": [
            "politics",
            "law_government_and_politics",
            "media"
        ],
        "section_title": "Veracruz - La Silla Rota",
        "title": "Xóchitl Gálvez critica megafarmacia de AMLO: “No juege con la salud del pueblo”, dice | La Silla Rota",
        "title_full": "Xóchitl Gálvez critica megafarmacia de AMLO: “No juege con la salud del pueblo”, dice | La Silla Rota",
        "published": "2023-12-29T00:12:00.000+02:00",
        "replies_count": 0,
        "participants_count": 1,
        "site_type": "news",
        "country": "MX",
        "main_image": "https://lasillarota.com/u/fotografias/m/2023/12/28/f1280x720-532354_664029_5050.jpg",
        "performance_score": 0,
        "domain_rank": 53050,
        "domain_rank_updated": "2023-12-26T12:06:25.000+02:00",
        "reach": null,
        "social": {
            "facebook": {
                "likes": 0,
                "comments": 0,
                "shares": 0
            },
            "gplus": {
                "shares": 0
            },
            "pinterest": {
                "shares": 0
            },
            "linkedin": {
                "shares": 0
            },
            "stumbledupon": {
                "shares": 0
            },
            "vk": {
                "shares": 0
            }
        }
    },
    "uuid": "dc82eb3710dfde60aedb6a56b9fa140e16ce7041",
    "url": "https://lasillarota.com/nacion/2023/12/28/xochitl-galvez-critica-megafarmacia-de-amlo-no-juege-con-la-salud-del-pueblo-dice-463031.html",
    "ord_in_thread": 0,
    "parent_url": null,
    "author": "ELIA LÓPEZ YEBRA",
    "published": "2023-12-29T00:12:00.000+02:00",
    "title": "Xóchitl Gálvez critica megafarmacia de AMLO: “No juege con la salud del pueblo”, dice | La Silla Rota",
    "text": "Previo a la inauguració de la [ megafarmacia del Bienestar,](https://lasillarota.com/nacion/2023/12/27/megafarmacia-del-bienestar-de-bodegon-de-liverpool-intento-de-almacen-central-de-medicinas-462922.html) para distribuir medicamentos a todo México, proyecto del presidente Andrés Manuel López Obrador, Xóchitl Gálvez, precandidata presidencial de la alianza Fuerza y Corazón por México criticó al mandatario por concentrar los medicamentos en un solo lugar, cuando lo que se necesita es distribuirlos a los enfermos. Y es que de acuerdo a lo dicho por el presidente Andrés Manuel López Obrador, desde la megafarmacia, ubicada de el municipio de Huehuetoca, en el Estado de México, se distribuirán todos los días medicamentos a los estados por vía aérea, ya sea en avión o helicóptero, dependiendo del lugar. [ÚNETE A NUESTRO CANAL DE WHATSAPP. EL PODER DE LA INFORMACIÓN EN LA PALMA DE TU MANO](https://www.whatsapp.com/channel/0029Va6evSkGk1Ftej78ks0B) Te podría interesar Ante dicha situación, Xóchitl Gálvez calificó de carísima y absurda la política de Salud de López Obrador, quien anunció en octubre pasado que las instalaciones estaría en Huehuetoca, Estado de México. \"Carísimo y absurdo\", dice Xóchitl Gálvez “La idea de una megafarmacia puede no sonar mal, pero eso de mandar medicamentos todos los días en avión y helicóptero es carísimo y absurdo. México no necesita la megafarmacia más grande del mundo”, afirmó la abanderada presidencial de la coalición formada por PRI, PAN y PRD, a través de un video que compartió en su redes sociales. “Lo que necesita es que haya medicinas en cada una de sus 190 mil localidades”, precisó Xóchitl Gálvez durante el video donde lanzó criticas al proyecto del gobierno federal. \"¿Cómo va a llegar un medicamento de urgencia desde aquí en Huehuetoca, Estado de México hasta un enfermo de Tijuana, a Mérida o en la montaña de Guerrero”, cuestionó la abandera presidencial de Fuerza y Corazón por México. La aspirante presidencial aseguró que con el desabasto de medicamentos no debe jugarse, ni con la salud de la población, por lo que recriminó a López Obrador no pensar “No se trata de política, se trata de vidas humanas… No juege con la salud del pueblo presidente, no se vale”, expresó. Aseguró que no se puede salir de la pobreza si cada vez que se enferma alguien de la familia se debe gastar mucho dinero en medicamentos, ya que en los servicios de salud pública, prevalece el desabasto de medicina. Xóchitl Gálvez promete acabar con el desabasto de medicamentos Xóchitl Gálvez aseguró su gobierno pondrá el fin al desabasto de medicamentos, ya que brindará soluciones reales a los problemas de la población “¿No que primero los pobres? Vamos a poner fin al desabasto de medicinas. Vamos por un gobierno que te diga la verdad y dé soluciones reales a tus problemas. El pueblo merece salud. Tú mereces más”, concluyó la precandidata presidencial. De acuerdo a los planes del gobierno del presidente Andrés Manuel López Obrador, este viernes 29 de diciembre se tiene prevista la inauguracón de la megafarmacia del Bienestar.",
    "highlightText": "",
    "highlightTitle": "",
    "highlightThreadTitle": "",
    "language": "spanish",
    "sentiment": "negative",
    "categories": [
        "Politics",
        "Health"
    ],
    "external_links": [
        "https://www.whatsapp.com/channel/0029Va6evSkGk1Ftej78ks0B)",
        "https://whatsapp.com/channel/0029Va6evSkGk1Ftej78ks0B)"
    ],
    "external_images": [],
    "entities": {
        "persons": [],
        "organizations": [],
        "locations": []
    },
    "rating": null,
    "crawled": "2023-12-29T00:33:59.860+02:00",
    "updated": "2023-12-29T00:33:59.860+02:00"
}