{
    "thread": {
        "uuid": "c7462311158d1f5100c0c587492ad936d971763b",
        "url": "https://ground.news/article/ex-chp-officer-who-hit-and-killed-long-beach-pedestrian-had-unknown-vision-impairment",
        "site_full": "ground.news",
        "site": "ground.news",
        "site_section": "https://ground.news/interest/california-united-states",
        "site_categories": [],
        "section_title": "California Breaking News Headlines Today | Ground News",
        "title": "Ground News - Ex-CHP officer who hit and killed Long Beach pedestrian had unknown vision impairment",
        "title_full": "Ground News - Ex-CHP officer who hit and killed Long Beach pedestrian had unknown vision impairment",
        "published": "2023-12-29T00:22:00.000+02:00",
        "replies_count": 0,
        "participants_count": 1,
        "site_type": "news",
        "country": "CA",
        "main_image": "",
        "performance_score": 0,
        "domain_rank": 29780,
        "domain_rank_updated": "2023-12-26T12:06:20.000+02:00",
        "reach": null,
        "social": {
            "facebook": {
                "likes": 0,
                "comments": 0,
                "shares": 0
            },
            "gplus": {
                "shares": 0
            },
            "pinterest": {
                "shares": 0
            },
            "linkedin": {
                "shares": 0
            },
            "stumbledupon": {
                "shares": 0
            },
            "vk": {
                "shares": 0
            }
        }
    },
    "uuid": "c7462311158d1f5100c0c587492ad936d971763b",
    "url": "https://ground.news/article/ex-chp-officer-who-hit-and-killed-long-beach-pedestrian-had-unknown-vision-impairment",
    "ord_in_thread": 0,
    "parent_url": null,
    "author": "Ground News",
    "published": "2023-12-29T00:22:00.000+02:00",
    "title": "Ground News - Ex-CHP officer who hit and killed Long Beach pedestrian had unknown vision impairment",
    "text": "Summary by Ground News Former Officer Alfredo Gutierrez's medical condition was not known by prosecutors or jurors during his misdemeanor trial in May for the 2019 death of 24-year-old Cezannie Mount. Gutierrez was treated at UC Irvine Medical Center in the early hours of Oct. 22, 2019, for central serous chorioretinopathy, a condition that distorts vision because of a build-up of fluids beneath the retina. Less than a week after Gutierrez's first emergency room visit, his motorcycle fatally struck Mount. Share menu More\nFilters 1 Articles 1 Articles All Left Center Right\nPress-Telegram Center High Factuality Private Equity: Alden Global Capital Ex-CHP officer who hit and killed Long Beach pedestrian had unknown vision impairment Five days before an off-duty CHP motorcycle officer hit and killed a pedestrian in Long Beach, he went to a hospital emergency room complaining of distorted vision in one eye, according to newly retrieved medical records. Now-former Officer Alfredo Gutierrez’s medical condition was not known by prosecutors or jurors during his misdemeanor trial in May for the 2019 death of 24-year-old Cezannie Mount. Gutierrez, who hit Mount while riding to work…\n12 minutes ago Read Full Article\nPress-Telegram Center High Factuality Private Equity: Alden Global Capital\nEx-CHP officer who hit and killed Long Beach pedestrian had unknown vision impairment Five days before an off-duty CHP motorcycle officer hit and killed a pedestrian in Long Beach, he went to a hospital emergency room complaining of distorted vision in one eye, according to newly retrieved medical records. Now-former Officer Alfredo Gutierrez’s medical condition was not known by prosecutors or jurors during his misdemeanor trial in May for the 2019 death of 24-year-old Cezannie Mount. Gutierrez, who hit Mount while riding to work…\n12 minutes ago Read Full Article Think freely. Subscribe and get full access to Ground News Subscriptions start at $9.99/year Subscribe",
    "highlightText": "",
    "highlightTitle": "",
    "highlightThreadTitle": "",
    "language": "english",
    "sentiment": "negative",
    "categories": [
        "Health",
        "Human Interest",
        "Crime, Law and Justice"
    ],
    "external_links": [
        "https://www.presstelegram.com/2023/12/28/ex-chp-officer-who-hit-and-killed-long-beach-pedestrian-had-unknown-vision-impairment/?utm_source=ground.news&utm_medium=referral",
        "https://www.presstelegram.com/2023/12/28/ex-chp-officer-who-hit-and-killed-long-beach-pedestrian-had-unknown-vision-impairment/",
        "https://presstelegram.com/2023/12/28/ex-chp-officer-who-hit-and-killed-long-beach-pedestrian-had-unknown-vision-impairment/?utm_source=ground.news&utm_medium=referral"
    ],
    "external_images": [],
    "entities": {
        "persons": [
            {
                "name": "alfredo gutierrez",
                "sentiment": "neutral"
            },
            {
                "name": "gutierrez",
                "sentiment": "none"
            }
        ],
        "organizations": [
            {
                "name": "uc irvine medical center",
                "sentiment": "none"
            },
            {
                "name": "articles all left center right press",
                "sentiment": "none"
            }
        ],
        "locations": [
            {
                "name": "long beach",
                "sentiment": "none"
            },
            {
                "name": "mount",
                "sentiment": "none"
            },
            {
                "name": "cezannie mount",
                "sentiment": "none"
            }
        ]
    },
    "rating": null,
    "crawled": "2023-12-29T00:35:06.197+02:00",
    "updated": "2023-12-29T00:35:06.197+02:00"
}