{
    "thread": {
        "uuid": "cf51b085f2a74a3eb19dbe0195be81789aac1b80",
        "url": "https://www.yucatan.com.mx/espectaculos/2023/12/28/erik-rubin-preocupa-confiesa-que-padece-una-fuerte-enfermedad.html",
        "site_full": "www.yucatan.com.mx",
        "site": "yucatan.com.mx",
        "site_section": "https://www.yucatan.com.mx",
        "site_categories": [
            "media"
        ],
        "section_title": "Inicio - Diario de Yucatán",
        "title": "Erik Rubín preocupa; confiesa que padece una fuerte enfermedad - Diario de Yucatán",
        "title_full": "Erik Rubín preocupa; confiesa que padece una fuerte enfermedad - Diario de Yucatán",
        "published": "2023-12-28T23:56:00.000+02:00",
        "replies_count": 0,
        "participants_count": 1,
        "site_type": "news",
        "country": "MX",
        "main_image": "https://newspack-yucatan.s3.amazonaws.com/uploads/2023/12/Erik-Rubin-preocupa-a-sus-fans-revela-que-esta-padeciendo-una-fuerte-enfermedad-scaled.jpg",
        "performance_score": 0,
        "domain_rank": 32655,
        "domain_rank_updated": "2023-12-26T12:06:20.000+02:00",
        "reach": null,
        "social": {
            "facebook": {
                "likes": 0,
                "comments": 0,
                "shares": 0
            },
            "gplus": {
                "shares": 0
            },
            "pinterest": {
                "shares": 0
            },
            "linkedin": {
                "shares": 0
            },
            "stumbledupon": {
                "shares": 0
            },
            "vk": {
                "shares": 0
            }
        }
    },
    "uuid": "cf51b085f2a74a3eb19dbe0195be81789aac1b80",
    "url": "https://www.yucatan.com.mx/espectaculos/2023/12/28/erik-rubin-preocupa-confiesa-que-padece-una-fuerte-enfermedad.html",
    "ord_in_thread": 0,
    "parent_url": null,
    "author": "Grupo Megamedia",
    "published": "2023-12-28T23:56:00.000+02:00",
    "title": "Erik Rubín preocupa; confiesa que padece una fuerte enfermedad - Diario de Yucatán",
    "text": "CIUDAD DE MÉXICO.— Erik Rubín ha generado la preocupación luego de que él mismo revelará que su estado de salud se ha visto afectado por una fuerte enfermedad. La expareja sentimental de Andrea Legarreta también desató los comentarios tras confesar que no la está pasando nada bien en temas de salud, que mostrarse en una cama. Aunado a ello, compartió una foto con la que comprobó que no se encuentra atravesando su mejor momento. ¿Qué enfermedad tiene Erik Rubín ? Mediante su cuenta de Instagram, el también exintegrante de Timbiriche preocupó a sus seguidores al compartir una fotografía en la que se mostró en una cama. Asimismo, su semblante evidenció que no la está pasando nada bien, por lo que podría finalizar el 2023 de la peor manera. No obstante sin afán de alarmar a sus fans, el intérprete de como “Con todos menos conmigo” y “Cuando mueres por alguien”, reveló que se encuentra luchando contra una infección estomacal que lo ha llevado a pasar varios días en reposo. Y, aunque el también protagonista de la obra de teatro “Vaselina”, no reveló su verdadero estado de salud, o qué fue lo que le causó que su salud se viera afectada, tras difundirse la foto de él en cama, varios internautas señalaron que Erik Rubin luce bastante enfermo. De igual modo, luego de que el cantante informara que enfermó, muchos cuestionaron si Andrea Legarreta lo está cuidando. Pero de acuerdo con sus historias de Instagram, [la conductora de TV ](https://www.yucatan.com.mx/espectaculos/2023/12/20/famosos-que-se-separaron-en-2023-las-rupturas-mas-impactantes.html)se encuentra en Disney con sus hijas y su yerno.",
    "highlightText": "",
    "highlightTitle": "",
    "highlightThreadTitle": "",
    "language": "spanish",
    "sentiment": "negative",
    "categories": [
        "Health"
    ],
    "external_links": [],
    "external_images": [],
    "entities": {
        "persons": [],
        "organizations": [],
        "locations": []
    },
    "rating": null,
    "crawled": "2023-12-29T00:29:09.344+02:00",
    "updated": "2023-12-29T00:29:09.344+02:00"
}