{
    "thread": {
        "uuid": "ce7a96b897fe56dce7bf8f86c315cbed04021f4c",
        "url": "https://bari.corriere.it/notizie/cronaca/23_dicembre_28/bari-l-autopsia-su-domenico-buonamico-il-ragazzo-e-morto-a-causa-di-un-malore-0cbe29ae-9b65-4079-a218-ed3c2ffbcxlk.shtml",
        "site_full": "bari.corriere.it",
        "site": "corriere.it",
        "site_section": "https://bari.corriere.it",
        "site_categories": [],
        "section_title": "Corriere Bari: le ultime news dalla citt&agrave; | Corriere Del Mezzogiorno",
        "title": "Bari, l'autopsia su Domenico Buonamico: il ragazzo è morto a causa di un malore | Corriere.it",
        "title_full": "Bari, l'autopsia su Domenico Buonamico: il ragazzo è morto a causa di un malore | Corriere.it",
        "published": "2023-12-28T20:29:00.000+02:00",
        "replies_count": 0,
        "participants_count": 1,
        "site_type": "news",
        "country": "IT",
        "main_image": "https://dimages2.corriereobjects.it/files/og_thumbnail/files/fp/uploads/2023/12/28/658dbd0b5cddf.r_d.296-221-0.jpeg",
        "performance_score": 0,
        "domain_rank": 1282,
        "domain_rank_updated": "2023-12-26T12:06:20.000+02:00",
        "reach": null,
        "social": {
            "facebook": {
                "likes": 0,
                "comments": 0,
                "shares": 0
            },
            "gplus": {
                "shares": 0
            },
            "pinterest": {
                "shares": 0
            },
            "linkedin": {
                "shares": 0
            },
            "stumbledupon": {
                "shares": 0
            },
            "vk": {
                "shares": 0
            }
        }
    },
    "uuid": "ce7a96b897fe56dce7bf8f86c315cbed04021f4c",
    "url": "https://bari.corriere.it/notizie/cronaca/23_dicembre_28/bari-l-autopsia-su-domenico-buonamico-il-ragazzo-e-morto-a-causa-di-un-malore-0cbe29ae-9b65-4079-a218-ed3c2ffbcxlk.shtml",
    "ord_in_thread": 0,
    "parent_url": null,
    "author": "Enrico Filotico",
    "published": "2023-12-28T20:29:00.000+02:00",
    "title": "Bari, l'autopsia su Domenico Buonamico: il ragazzo è morto a causa di un malore | Corriere.it",
    "text": "Vai a tutte le notizie di Bari La newsletter del Corriere del Mezzogiorno Se vuoi restare aggiornato sulle notizie della Puglia iscriviti gratis alla newsletter del Corriere del Mezzogiorno . Arriva tutti i giorni direttamente nella tua casella di posta alle 12. Basta cliccare qui . Instagram Siamo anche su Instagram, seguici https://www.instagram.com/corriere.mezzogiorno/ 28 dicembre 2023 ( modifica il 28 dicembre 2023 | 19:29) © RIPRODUZIONE RISERVATA",
    "highlightText": "",
    "highlightTitle": "",
    "highlightThreadTitle": "",
    "language": "italian",
    "sentiment": "negative",
    "categories": [
        "Human Interest",
        "Disaster and Accident",
        "Health"
    ],
    "external_links": [
        "https://www.instagram.com/corriere.mezzogiorno/)",
        "https://www.instagram.com/corriere.mezzogiorno/",
        "https://instagram.com/corriere.mezzogiorno/",
        "https://instagram.com/corriere.mezzogiorno/)",
        "https://www.instagram.com/corriere.mezzogiorno"
    ],
    "external_images": [],
    "entities": {
        "persons": [],
        "organizations": [],
        "locations": []
    },
    "rating": null,
    "crawled": "2023-12-29T00:10:10.390+02:00",
    "updated": "2024-01-05T00:59:43.419+02:00"
}