{
    "thread": {
        "uuid": "c77aaf8e8df1db836588bcbb1ccddb2505c7eeb5",
        "url": "https://www.meneame.net/m/actualidad/urgencias-madrid-borde-colapso-resisten-1-000-camas-menos-plena",
        "site_full": "www.meneame.net",
        "site": "meneame.net",
        "site_section": "https://www.meneame.net/rss?status=queued",
        "site_categories": [
            "non_standard_content",
            "adult"
        ],
        "section_title": "Menéame: en cola",
        "title": "Las Urgencias en Madrid, al borde del colapso: resisten con 1.000 camas menos en plena escalada de gripe y covid",
        "title_full": "Las Urgencias en Madrid, al borde del colapso: resisten con 1.000 camas menos en plena escalada de gripe y covid",
        "published": "2023-12-28T23:28:00.000+02:00",
        "replies_count": 0,
        "participants_count": 1,
        "site_type": "news",
        "country": "US",
        "main_image": "https://cdn.mnmstatic.net/cache/3b/61/media_thumb-link-3891567.jpeg?1703799546",
        "performance_score": 0,
        "domain_rank": 11108,
        "domain_rank_updated": "2023-12-26T12:06:20.000+02:00",
        "reach": null,
        "social": {
            "facebook": {
                "likes": 0,
                "comments": 0,
                "shares": 0
            },
            "gplus": {
                "shares": 0
            },
            "pinterest": {
                "shares": 0
            },
            "linkedin": {
                "shares": 0
            },
            "stumbledupon": {
                "shares": 0
            },
            "vk": {
                "shares": 0
            }
        }
    },
    "uuid": "c77aaf8e8df1db836588bcbb1ccddb2505c7eeb5",
    "url": "https://www.meneame.net/m/actualidad/urgencias-madrid-borde-colapso-resisten-1-000-camas-menos-plena",
    "ord_in_thread": 0,
    "parent_url": null,
    "author": "Delay",
    "published": "2023-12-28T23:28:00.000+02:00",
    "title": "Las Urgencias en Madrid, al borde del colapso: resisten con 1.000 camas menos en plena escalada de gripe y covid",
    "text": "[Delay](/user/Delay)a [publico.es](/go/link/3891567)\nCada vez que os den pena los madrileños, mirar este gráfico:\nhttps://www.europapress.es/madrid/noticia-pp-gana-17-distritos-madrid-deja-camino-vallecas-usera-villaverde-ganados-almeida-20230724002902.html\n[#1](c1#c-1) No soy mucho de desear sumariamente el mal a nadie, la verdad.\nAl ver ese gráfico lo que siento es pena tanto por la gente con dos dedos de frente que no ha votado a esta zumbada de mierda, pero que se come el desmantelamiento de los servicios públicos igual, como por los pobres ignorantes o taraditos que han creído que Ayuso era lo mejor que le podía pasar a la CAM.\n[#9](c9#c-9) yo tampoco\nPero es que Ayuso ganó en 2019, de nuevo en Mayo de 2023. Esto es de las generales en 2023, y el color es más azulado…\n4 años y la experiencia del COVID ,etc… y cada vez más apoyo..\nPues me suena a masoquismo\n[#2](c2#c-2) sabes que también hay noticias diarias en LibertadDigital, ABC o El Mundo sobre la España comunista y aquí se aceptan con deportividad?\n[#8](c8#c-8) no falla...sabes como está la sanidad en Cataluña y porque no aparece en los panfletos de izquierda todos los dias? pues porque son noticias cocinadas para dar de comer a un publico que demanda ideologia y no noticias,\nA si tienes razaon el nivel de estos periodicos iguala a libertad digital o el ABC pero estos no llegan todos los dias a portada",
    "highlightText": "",
    "highlightTitle": "",
    "highlightThreadTitle": "",
    "language": "spanish",
    "sentiment": "negative",
    "categories": [
        "Health",
        "Social Issue"
    ],
    "external_links": [
        "https://www.europapress.es/madrid/noticia-pp-gana-17-distritos-madrid-deja-camino-vallecas-usera-villaverde-ganados-almeida-20230724002902.html",
        "https://europapress.es/madrid/noticia-pp-gana-17-distritos-madrid-deja-camino-vallecas-usera-villaverde-ganados-almeida-20230724002902.html"
    ],
    "external_images": [],
    "entities": {
        "persons": [],
        "organizations": [],
        "locations": []
    },
    "rating": null,
    "crawled": "2023-12-29T00:04:38.385+02:00",
    "updated": "2023-12-29T00:04:38.385+02:00"
}