{
    "thread": {
        "uuid": "0ac0deea44fb88634f5adc577ec9fcb24af7d5ba",
        "url": "https://abc17news.com/money/cnn-business-consumer/2023/12/28/walmart-recalls-magnetic-balls-after-cpsc-warns-of-choking-and-injury-hazards/",
        "site_full": "abc17news.com",
        "site": "abc17news.com",
        "site_section": "https://abc17news.com/feed/",
        "site_categories": [
            "media"
        ],
        "section_title": "ABC17NEWS",
        "title": "Walmart recalls magnetic balls after CPSC warns of choking and injury hazards",
        "title_full": "Walmart recalls magnetic balls after CPSC warns of choking and injury hazards",
        "published": "2023-12-29T00:02:00.000+02:00",
        "replies_count": 0,
        "participants_count": 1,
        "site_type": "news",
        "country": "US",
        "main_image": "https://abc17news.b-cdn.net/abc17news.com/2023/08/kmiz-860x484.webp",
        "performance_score": 0,
        "domain_rank": 25497,
        "domain_rank_updated": "2023-12-26T12:06:20.000+02:00",
        "reach": null,
        "social": {
            "facebook": {
                "likes": 0,
                "comments": 0,
                "shares": 0
            },
            "gplus": {
                "shares": 0
            },
            "pinterest": {
                "shares": 0
            },
            "linkedin": {
                "shares": 0
            },
            "stumbledupon": {
                "shares": 0
            },
            "vk": {
                "shares": 0
            }
        }
    },
    "uuid": "0ac0deea44fb88634f5adc577ec9fcb24af7d5ba",
    "url": "https://abc17news.com/money/cnn-business-consumer/2023/12/28/walmart-recalls-magnetic-balls-after-cpsc-warns-of-choking-and-injury-hazards/",
    "ord_in_thread": 0,
    "parent_url": null,
    "author": "CNN Newsource",
    "published": "2023-12-29T00:02:00.000+02:00",
    "title": "Walmart recalls magnetic balls after CPSC warns of choking and injury hazards",
    "text": "Walmart recalls magnetic balls after CPSC warns of choking and injury hazards By Ramishah Maruf, CNN New York (CNN) — Regulators have issued a recall for high-powered magnetic balls after the US Consumer Product Safety Commission [ issued several warnings](https://www.cnn.com/2023/12/07/business/magnetic-ball-recall-warning/index.html) for the toy kits, citing the risk of injury or even death. Walmart recalled the “Relax 5mm Science Kit, Large Hematite Magnets Magnetic Stones Building Blocks,” sold exclusively on the site through Joybuy. Earlier in December, CPSC said these magnets, often marketed for children, are small enough to fit into the CPSC’s [small parts cylinder](https://www.cpsc.gov/Business--Manufacturing/Business-Education/Business-Guidance/Small-Parts-for-Toys-and-Childrens-Products) (which simulates the width of a child’s throat), and are also magnetically stronger than permitted. If swallowed, the high-powered magnets can attract to each other or to other metals inside the digestive system, leading to “perforations, twisting and/or blockage of the intestines, infection, blood poisoning and death.” The agency broadly estimated 2,500 emergency room visits over magnet ingestions from 2017-2021 and seven deaths, two of which were outside of the United States. The recall affects about 4,240 units. [The CPSC said](https://www.cpsc.gov/Recalls/2024/High-Powered-Magnetic-Balls-Recalled-Due-to-Ingestion-Hazard-Sold-Exclusively-on-Walmart-com-through-Joybuy) customers should take away the balls from children immediately and contact Joybuy for a pre-paid label to return the recalled products for a full refund. The toy kit was sold from February 2022 through April 2023 for between $14 and $15 and is made of small magnetic balls in purple, black, green, blue, orange and red. The-CNN-Wire ™ & © 2023 Cable News Network, Inc., a Warner Bros. Discovery Company. All rights reserved.",
    "highlightText": "",
    "highlightTitle": "",
    "highlightThreadTitle": "",
    "language": "english",
    "sentiment": "negative",
    "categories": [
        "Health"
    ],
    "external_links": [
        "https://www.cpsc.gov/Business--Manufacturing/Business-Education/Business-Guidance/Small-Parts-for-Toys-and-Childrens-Products",
        "https://www.cnn.com/2023/12/07/business/magnetic-ball-recall-warning/index.html",
        "https://www.cpsc.gov/Recalls/2024/High-Powered-Magnetic-Balls-Recalled-Due-to-Ingestion-Hazard-Sold-Exclusively-on-Walmart-com-through-Joybuy",
        "https://cpsc.gov/Business--Manufacturing/Business-Education/Business-Guidance/Small-Parts-for-Toys-and-Childrens-Products",
        "https://cpsc.gov/Recalls/2024/High-Powered-Magnetic-Balls-Recalled-Due-to-Ingestion-Hazard-Sold-Exclusively-on-Walmart-com-through-Joybuy",
        "https://cnn.com/2023/12/07/business/magnetic-ball-recall-warning/index.html"
    ],
    "external_images": [],
    "entities": {
        "persons": [
            {
                "name": "ramishah maruf",
                "sentiment": "negative"
            },
            {
                "name": "joybuy",
                "sentiment": "none"
            }
        ],
        "organizations": [
            {
                "name": "cnn",
                "sentiment": "negative"
            },
            {
                "name": "cpsc",
                "sentiment": "negative"
            },
            {
                "name": "walmart",
                "sentiment": "negative"
            },
            {
                "name": "us consumer product safety commission",
                "sentiment": "none"
            }
        ],
        "locations": [
            {
                "name": "new york",
                "sentiment": "none"
            },
            {
                "name": "united states",
                "sentiment": "none"
            }
        ]
    },
    "rating": null,
    "crawled": "2023-12-29T00:11:22.442+02:00",
    "updated": "2023-12-29T00:35:32.822+02:00"
}