{
    "thread": {
        "uuid": "48b8d13cb92ae503da733d32be8e7c9654707ba5",
        "url": "https://es-us.noticias.yahoo.com/ministra-alerta-aumento-deforestaci%C3%B3n-departamento-220700153.html",
        "site_full": "es-us.noticias.yahoo.com",
        "site": "yahoo.com",
        "site_section": "https://es-us.noticias.yahoo.com/video/",
        "site_categories": [
            "search_engine",
            "media",
            "tech"
        ],
        "section_title": "Video.Las últimas noticias y titulares | Yahoo Noticias en Español",
        "title": "Ministra alerta del posible aumento de la deforestación en el departamento colombiano de Caquetá",
        "title_full": "Ministra alerta del posible aumento de la deforestación en el departamento colombiano de Caquetá",
        "published": "2023-12-29T00:07:00.000+02:00",
        "replies_count": 0,
        "participants_count": 1,
        "site_type": "news",
        "country": "US",
        "main_image": "https://s.yimg.com/ny/api/res/1.2/2AKa9D91PiwDKfSQ954tDA--/YXBwaWQ9aGlnaGxhbmRlcjt3PTEyMDA7aD02NzU-/https://media.zenfs.com/en/efe_latam_videos_321/27bd957c62ccbd5f61432be875c95087",
        "performance_score": 0,
        "domain_rank": 37,
        "domain_rank_updated": "2023-12-26T12:06:20.000+02:00",
        "reach": null,
        "social": {
            "facebook": {
                "likes": 0,
                "comments": 0,
                "shares": 0
            },
            "gplus": {
                "shares": 0
            },
            "pinterest": {
                "shares": 0
            },
            "linkedin": {
                "shares": 0
            },
            "stumbledupon": {
                "shares": 0
            },
            "vk": {
                "shares": 0
            }
        }
    },
    "uuid": "48b8d13cb92ae503da733d32be8e7c9654707ba5",
    "url": "https://es-us.noticias.yahoo.com/ministra-alerta-aumento-deforestaci%C3%B3n-departamento-220700153.html",
    "ord_in_thread": 0,
    "parent_url": null,
    "author": "BBC News Mundo",
    "published": "2023-12-29T00:07:00.000+02:00",
    "title": "Ministra alerta del posible aumento de la deforestación en el departamento colombiano de Caquetá",
    "text": "EFE Latam Videos Ministra alerta del posible aumento de la deforestación en el departamento colombiano de Caquetá Leer todo el artículo EFE Latam Videos 29 de diciembre de 2023, 12:07 a. m.\nBogotá, 28 dic (EFE).- La ministra colombiana de Ambiente, Susana Muhamad, alertó este jueves de un posible aumento de la deforestación en el departamento del Caquetá (sur), al tiempo que anunció que el Gobierno destinó siete helicópteros para atender los incendios que se pueden presentar en la Amazonía.\n\"Estamos en el momento crítico, donde se suben los picos de deforestación y este cuarto trimestre (octubre, noviembre, diciembre) es fundamental, por las condiciones secas en la Amazonía (...) enviar la alerta a todas las autoridades locales\", señaló la ministra.\nDurante su visita a Cartagena del Chaira (Caquetá), aseguró que están listos siete helicópteros 'Guacamayas' para enfrentar incendios en la Amazonía colombiana.\nAdemás, advirtió a los deforestadores, que recurren a esta práctica para acaparar tierras, que están siendo vigilados por las autoridades para llevarlos a la Justicia.\n\"Los acaparadores de tierra que creen que van a ir prendiendo fuego impunemente, pues les debo decir: los estamos observando\", aseguró al referirse a las acciones de la Fiscalía y del Consejo Nacional de Lucha Contra la Deforestación \"para que quienes están acaparando tierras lleguen a rendir cuenta a la Justicia\".\nAl hacer referencia a lo que ocurre en el selvático departamento del Caquetá dijo que la deforestación ha disminuido este año 79 %, según cifras del Instituto de Hidrología, Meteorología y Estudios Ambientales de Colombia (Ideam).\nSin embargo, explicó que durante esta temporada se identificó una tendencia de aumento, principalmente, en Cartagena del Chairá.\nEn ese sentido, la ministra de Ambiente, con el respaldo de las entidades locales, ratificó el acuerdo firmado con los campesinos hace más de un año, que refleja resultados positivos, y aseguró que la lupa está puesta en no permitir que la deforestación aumente.\n\"Cada hectárea de bosque que perdamos es una tragedia\", concluyó Muhamad.\n(c) Agencia EFE\nMÁS POPULARES La fiesta de celebridades \"casi desnudas\" que provocó un escándalo político en Rusia BBC News Mundo · 4 min de lectura Las espeluznantes predicciones de Baba Vanga para el 2024 LA NACION · 3 min de lectura El pez invasor de 200 kilos que se alimenta de pirañas y avanza implacable por la Amazonía BBC News Mundo · 5 min de lectura Maduro volvió a arremeter contra Milei, lo tildó de “pitiyanqui y progringo” e hizo una advertencia LA NACION · 2 min de lectura Loret responde a AMLO tras vincularlo con empresas de medicinas El Universal · 1 min de lectura",
    "highlightText": "",
    "highlightTitle": "",
    "highlightThreadTitle": "",
    "language": "spanish",
    "sentiment": "negative",
    "categories": [
        "Health",
        "Environment",
        "Disaster and Accident"
    ],
    "external_links": [
        "http://www.efe.es/",
        "https://s.yimg.com/os/creatr-uploaded-images/2020-11/66e20580-2434-11eb-bcd9-5ea1c8745b34",
        "https://s.yimg.com/uu/api/res/1.2/PVpHdoe4paqKCepyb91mcQ--~B/Zmk9c3RyaW07aD0yMjQ7cT04MDt3PTIyNDthcHBpZD15dGFjaHlvbg--/https://media.zenfs.com/es/bbc_news_mundo_254/a45c810a33cbd152c5b599a78105a4e6",
        "https://s.yimg.com/uu/api/res/1.2/H7vlO3BJIqXwY0k_6cc8yg--~B/Zmk9c3RyaW07aD0yMjQ7cT04MDt3PTIyNDthcHBpZD15dGFjaHlvbg--/https://media.zenfs.com/es/lanacion.com.ar/f3351dbd45afe4943014f0738176656a",
        "https://s.yimg.com/uu/api/res/1.2/f31WFDpJ7v5wwImXHQ5wDw--~B/aD0xMDgwO3c9MTkyMDthcHBpZD15dGFjaHlvbg--/https://media.zenfs.com/en/efe_latam_videos_321/27bd957c62ccbd5f61432be875c95087",
        "https://www.facebook.com/dialog/feed?app_id=458584288257241&link=https%3A%2F%2Fes-us.noticias.yahoo.com%2Fministra-alerta-aumento-deforestaci%25C3%25B3n-departamento-220700153.html%3Fsoc_src%3Dsocial-sh%26soc_trk%3Dfb%26tsrc%3Dfb",
        "https://s.yimg.com/uu/api/res/1.2/pg7QHIU9Rzttl3bxZswi2Q--~B/Zmk9c3RyaW07aD0yMjQ7cT04MDt3PTIyNDthcHBpZD15dGFjaHlvbg--/https://media.zenfs.com/es/eluniversal.com.mx/08bac5708f1dd5991267a45bcdfa917a",
        "https://s.yimg.com/uu/api/res/1.2/nZChwAbKP.j1i7S2EFzaYQ--~B/Zmk9c3RyaW07aD0yMjQ7cT04MDt3PTIyNDthcHBpZD15dGFjaHlvbg--/https://media.zenfs.com/es/lanacion.com.ar/54daa42cf7d61850657a66e9d0821326",
        "https://twitter.com/intent/tweet?text=Ministra%20alerta%20del%20posible%20aumento%20de%20la%20deforestaci%C3%B3n%20en%20el%20departamento%20colombiano%20de%20Caquet%C3%A1&url=https%3A%2F%2Fes-us.noticias.yahoo.com%2Fministra-alerta-aumento-deforestaci%25C3%25B3n-departamento-220700153.html%3Fsoc_src%3Dsocial-sh%26soc_trk%3Dtw%26tsrc%3Dtwtr&via=Yahoo",
        "https://s.yimg.com/ny/api/res/1.2/2AKa9D91PiwDKfSQ954tDA--/YXBwaWQ9aGlnaGxhbmRlcjt3PTEyMDA7aD02NzU-/https://media.zenfs.com/en/efe_latam_videos_321/27bd957c62ccbd5f61432be875c95087",
        "https://media.zenfs.com/en/efe_latam_videos_321/27bd957c62ccbd5f61432be875c95087",
        "https://s.yimg.com/ny/api/res/1.2/4IaYLseYPTxgLTcQPwoQlw--/YXBwaWQ9aGlnaGxhbmRlcjt3PTQ4O2g9NDg-/https://s.yimg.com/os/creatr-uploaded-images/2020-11/66e20580-2434-11eb-bcd9-5ea1c8745b34",
        "https://s.yimg.com/uu/api/res/1.2/iTKJuOaJfdnqDIAPyVKq6g--~B/Zmk9c3RyaW07aD0yMjQ7cT04MDt3PTIyNDthcHBpZD15dGFjaHlvbg--/https://media.zenfs.com/es/bbc_news_mundo_254/1389675d2498c1757e6baeab2e574e11",
        "https://s.yimg.com/uu/api/res/1.2/mXnUw7AyOiDygyEV5BWoQQ--~B/Zmk9c3RyaW07aD0zNjA7dz02NDA7c209MTthcHBpZD15dGFjaHlvbg--/https://media.zenfs.com/en/efe_latam_videos_321/27bd957c62ccbd5f61432be875c95087)",
        "https://www.s.yimg.com/uu/api/res/1.2/H7vlO3BJIqXwY0k_6cc8yg--~B/Zmk9c3RyaW07aD0yMjQ7cT04MDt3PTIyNDthcHBpZD15dGFjaHlvbg--/https://www.media.zenfs.com/es/lanacion.com.ar/f3351dbd45afe4943014f0738176656a",
        "https://www.facebook.com/dialog/feed",
        "http://www.efe.es",
        "http://efe.es/",
        "https://www.s.yimg.com/ny/api/res/1.2/2AKa9D91PiwDKfSQ954tDA--/YXBwaWQ9aGlnaGxhbmRlcjt3PTEyMDA7aD02NzU-/https://www.media.zenfs.com/en/efe_latam_videos_321/27bd957c62ccbd5f61432be875c95087",
        "https://www.s.yimg.com/uu/api/res/1.2/nZChwAbKP.j1i7S2EFzaYQ--~B/Zmk9c3RyaW07aD0yMjQ7cT04MDt3PTIyNDthcHBpZD15dGFjaHlvbg--/https://www.media.zenfs.com/es/lanacion.com.ar/54daa42cf7d61850657a66e9d0821326",
        "https://www.s.yimg.com/uu/api/res/1.2/PVpHdoe4paqKCepyb91mcQ--~B/Zmk9c3RyaW07aD0yMjQ7cT04MDt3PTIyNDthcHBpZD15dGFjaHlvbg--/https://www.media.zenfs.com/es/bbc_news_mundo_254/a45c810a33cbd152c5b599a78105a4e6",
        "https://www.s.yimg.com/uu/api/res/1.2/f31WFDpJ7v5wwImXHQ5wDw--~B/aD0xMDgwO3c9MTkyMDthcHBpZD15dGFjaHlvbg--/https://www.media.zenfs.com/en/efe_latam_videos_321/27bd957c62ccbd5f61432be875c95087",
        "https://www.twitter.com/intent/tweet?text=Ministra%20alerta%20del%20posible%20aumento%20de%20la%20deforestaci%C3%B3n%20en%20el%20departamento%20colombiano%20de%20Caquet%C3%A1&url=https%3A%2F%2Fes-us.noticias.yahoo.com%2Fministra-alerta-aumento-deforestaci%25C3%25B3n-departamento-220700153.html%3Fsoc_src%3Dsocial-sh%26soc_trk%3Dtw%26tsrc%3Dtwtr&via=Yahoo",
        "https://www.media.zenfs.com/en/efe_latam_videos_321/27bd957c62ccbd5f61432be875c95087",
        "https://www.s.yimg.com/ny/api/res/1.2/4IaYLseYPTxgLTcQPwoQlw--/YXBwaWQ9aGlnaGxhbmRlcjt3PTQ4O2g9NDg-/https://www.s.yimg.com/os/creatr-uploaded-images/2020-11/66e20580-2434-11eb-bcd9-5ea1c8745b34",
        "https://www.s.yimg.com/uu/api/res/1.2/mXnUw7AyOiDygyEV5BWoQQ--~B/Zmk9c3RyaW07aD0zNjA7dz02NDA7c209MTthcHBpZD15dGFjaHlvbg--/https://www.media.zenfs.com/en/efe_latam_videos_321/27bd957c62ccbd5f61432be875c95087)",
        "https://twitter.com/intent/tweet",
        "https://www.s.yimg.com/uu/api/res/1.2/pg7QHIU9Rzttl3bxZswi2Q--~B/Zmk9c3RyaW07aD0yMjQ7cT04MDt3PTIyNDthcHBpZD15dGFjaHlvbg--/https://www.media.zenfs.com/es/eluniversal.com.mx/08bac5708f1dd5991267a45bcdfa917a",
        "https://www.s.yimg.com/os/creatr-uploaded-images/2020-11/66e20580-2434-11eb-bcd9-5ea1c8745b34",
        "https://facebook.com/dialog/feed?app_id=458584288257241&link=https%3A%2F%2Fes-us.noticias.yahoo.com%2Fministra-alerta-aumento-deforestaci%25C3%25B3n-departamento-220700153.html%3Fsoc_src%3Dsocial-sh%26soc_trk%3Dfb%26tsrc%3Dfb",
        "https://www.s.yimg.com/uu/api/res/1.2/iTKJuOaJfdnqDIAPyVKq6g--~B/Zmk9c3RyaW07aD0yMjQ7cT04MDt3PTIyNDthcHBpZD15dGFjaHlvbg--/https://www.media.zenfs.com/es/bbc_news_mundo_254/1389675d2498c1757e6baeab2e574e11"
    ],
    "external_images": [],
    "entities": {
        "persons": [],
        "organizations": [],
        "locations": []
    },
    "rating": null,
    "crawled": "2023-12-29T00:36:48.383+02:00",
    "updated": "2023-12-29T00:36:48.383+02:00"
}