{
    "thread": {
        "uuid": "b7cbf4c93f7d9d12667d72e208f6162b0f2bc025",
        "url": "http://guifi.net/en/node/136707",
        "site_full": "guifi.net",
        "site": "guifi.net",
        "site_section": "http://guifi.net/rss.xml",
        "site_categories": [
            "tech"
        ],
        "section_title": "guifi.net",
        "title": "Meridia: No Script Pills",
        "title_full": "Meridia: No Script Pills",
        "published": "2023-12-28T21:22:00.000+02:00",
        "replies_count": 0,
        "participants_count": 1,
        "site_type": "news",
        "country": "DK",
        "main_image": "",
        "performance_score": 0,
        "domain_rank": 94190,
        "domain_rank_updated": "2023-12-26T12:06:35.000+02:00",
        "reach": null,
        "social": {
            "facebook": {
                "likes": 0,
                "comments": 0,
                "shares": 0
            },
            "gplus": {
                "shares": 0
            },
            "pinterest": {
                "shares": 0
            },
            "linkedin": {
                "shares": 0
            },
            "stumbledupon": {
                "shares": 0
            },
            "vk": {
                "shares": 0
            }
        }
    },
    "uuid": "b7cbf4c93f7d9d12667d72e208f6162b0f2bc025",
    "url": "http://guifi.net/en/node/136707",
    "ord_in_thread": 0,
    "parent_url": null,
    "author": "centersbunt",
    "published": "2023-12-28T21:22:00.000+02:00",
    "title": "Meridia: No Script Pills",
    "text": "Looking for a meridia? Not a problem!\nEnter Site >>>\nhttp://newcenturyera.com/med/meridia <<<\nDiscreet Package Low Prices 24/7/365 Customer Support 100% Satisfaction Guaranteed.\nTags:\nmeridia fast delivery no d\nonline meridia compared pharmacy\nwant to order meridia\nwhere to purchase next meridia\nquality generic meridia\nhow to order meridia\nmeridia easy to buy anchorage\npharmacy meridia online ach montana\novernight order meridia-e santa fe\nmeridia cheap without prescription\nbuy meridia spain\norder meridia consultation\nbuy meridia 10 mg\nmeridia pristiq pharmacy otc manchester\nbuy meridia ship to germany\nmeridia low cost in canada\nindications generic meridia\nmeridia online overnight delivery cod\nmeridia no rx drug interactions\nmeridia price no prescription\nwant to purchase meridia\nbuy meridia-j shipped ups\npurchase sibutramine meridia\nwhere to order next meridia\nmeridia canadian pharmacies\nindian pharmacy meridia discount\ndiscount notice meridia allowed purchase\nmeridia pills for sale\nanyone order meridia-1aj online\nsibutramine meridia without prescription\nmeridia cheapest diet pill price\nlow price meridia drugs fast\nbuy meridia charleston\nsale order meridia\nbuy meridia prescription\npurchase meridia generic dosage\ngeneric meridia arizona\ncheap meridia online shop fedex\nhow to buy meridia\nbuy meridia fast delivery virginia\ngeneric meridia product info\ncan i purchase meridia\ncan i buy meridia\nbuy discount assist meridia carry\nno script meridia pills\nwhere to buy next meridia\nmeridia pills online buy\norder meridia in internet check\ncheap free shipping meridia\nd action meridia deal\ncheapest prices generic meridia\nwant to buy meridia\nmeridia tablet no script\nwhere can i buy meridia\nbuy meridia with fedex\ndonde comprar no script meridia\ncan i order meridia\nhttp://simplemedrx.top/meridia\nhow to purchase meridia\ncheap meridia with money order\nordering generic meridia from india\ngeneric meridia purchase\ntrust meridia send without prescription\ncheapest generic drug for meridia\nmeridia online now\nno prescription meridia no rx\nbuy meridia-j prescription cheap\nmeridia lowest price canada\nbuy cod meridia overnight\norder known meridia decent\nbuy generic meridia prescription\nmeridia cod delivery\nNow enter your shipping address (when you have just created your bank account) and give the amount due. Questions about the prescriptions are referred on the pharmacist, however the pharmacy technician handles other duties including filling the prescriptions, stocking the shelves, cashiering, delivering medical devices, reviewing information to avoid drug interactions and verifying received prescriptions. The big databases provide you with different questions every other time you undertake the sample pharmacy technician exam.\nSomething else to consider like a pharmacy technician is the hours you need to work. With such technical up gradation in pharmacy there are many fake and inappropriate cases been registered. Part of the improvement in national health comes from conscious adjustments to lifestyle ,but a majority of is also attributable to the availability of health enhancing medications.\nusing the complex equations used, it became faster to have results, thus leading. Don't think that you have no use of fresh medicinal herbs. Also, learning various medical names, actions of medications, uses, and doses.\nThere are two ways being a pharmacist technician, getting certified or registered by your state. You may also check out \"Physician Assistant Is a Top Healthcare Career. They could also check with doctors to authorize refills, and enter drug information to the computer.\nI have an even deeper response to this newest pharmacy tragedy. Review of the online pharmacy site is one from the best approaches to know to buy drugs safely and effortlessly. Homeopathy medicine continues to be around for several years.",
    "highlightText": "",
    "highlightTitle": "",
    "highlightThreadTitle": "",
    "language": "english",
    "sentiment": "negative",
    "categories": [
        "Health"
    ],
    "external_links": [
        "http://newcenturyera.com/med/meridia",
        "http://simplemedrx.top/meridia",
        "http://www.newcenturyera.com/med/meridia",
        "http://www.simplemedrx.top/meridia"
    ],
    "external_images": [],
    "entities": {
        "persons": [],
        "organizations": [],
        "locations": []
    },
    "rating": null,
    "crawled": "2023-12-29T00:12:54.188+02:00",
    "updated": "2023-12-29T00:12:54.188+02:00"
}