{
    "thread": {
        "uuid": "3b7517884962c771c8498a5b66435246c93fda29",
        "url": "https://www.live5news.com/video/2023/12/28/video-berkeley-co-sees-increase-overdose-deaths-hopes-improve-new-year/",
        "site_full": "www.live5news.com",
        "site": "live5news.com",
        "site_section": "http://www.live5news.com/homepage",
        "site_categories": [
            "media"
        ],
        "section_title": "Home",
        "title": "VIDEO: Berkeley Co. sees increase in overdose deaths, hopes to improve in new year",
        "title_full": "VIDEO: Berkeley Co. sees increase in overdose deaths, hopes to improve in new year",
        "published": "2023-12-28T02:00:00.000+02:00",
        "replies_count": 0,
        "participants_count": 1,
        "site_type": "news",
        "country": "US",
        "main_image": "https://gray-wcsc-prod.cdn.arcpublishing.com/resizer/v2/https%3A%2F%2Fdo0bihdskp9dy.cloudfront.net%2F12-28-2023%2Ft_abcb5e3a589549f9ab82feb3f75e52e8_name_file_1280x720_2000_v3_1_.jpg?auth=2d65143219d51f982e7b5bbffb22a1bbe1486cbf7e8b01d9058fe0e4ed2fcb50&amp;width=1200&amp;height=600&amp;smart=true",
        "performance_score": 0,
        "domain_rank": 14309,
        "domain_rank_updated": "2023-12-26T12:06:20.000+02:00",
        "reach": null,
        "social": {
            "facebook": {
                "likes": 0,
                "comments": 0,
                "shares": 0
            },
            "gplus": {
                "shares": 0
            },
            "pinterest": {
                "shares": 0
            },
            "linkedin": {
                "shares": 0
            },
            "stumbledupon": {
                "shares": 0
            },
            "vk": {
                "shares": 0
            }
        }
    },
    "uuid": "3b7517884962c771c8498a5b66435246c93fda29",
    "url": "https://www.live5news.com/video/2023/12/28/video-berkeley-co-sees-increase-overdose-deaths-hopes-improve-new-year/",
    "ord_in_thread": 0,
    "parent_url": null,
    "author": "@Live5News",
    "published": "2023-12-28T02:00:00.000+02:00",
    "title": "VIDEO: Berkeley Co. sees increase in overdose deaths, hopes to improve in new year",
    "text": "Skip to content Live News Live 5 Investigates Weather Traffic Sports Palmetto Life Podcasts About Us Send Pics What's on TV Home Download Live 5 Apps Watch Live Big Red Box Submit News Tips Submit News Pics & Video Report Typos Classroom Champions Contests Live 5 Weather Class News Tri-County Across the Lowcountry State Crime Schools Economy Military Politics Regional National The Murdaugh Cases Military Heroes Brittanee Drexel Murder Jamal Sutherland Death Weather First Alert Hurricane Center Cams Boater's Forecast S.C. Hurricane Guide Sports National Football Friday Night Lights Clemson SC State CofC USC CSU Battery Credit One Charleston Open The Citadel Riverdogs Stingrays Cooper River Bridge Run Stats & Predictions How to Watch Live 5 Investigates Consumer Watching Your Wallet Investigate TV Health Coronavirus Community In Your Community Waggin’ Wednesday Events Calendar Good News Charleston 9 African American Voices Emanuel 9 Traffic Gas Prices SCDOT Traffic Cameras What's Driving You Crazy? Palmetto Life Podcasts About Us Meet the Team WCSC Jobs What's on TV NEXTGEN TV Advertising Questions Latest Newscasts InvestigateTV Telemundo Charleston Circle - Country Music & Lifestyle PowerNation Gray DC Bureau Press Releases VIDEO: Berkeley Co. sees increase in overdose deaths, hopes to improve in new year Updated: 2 hours ago Share on Facebook Email This Link Share on X (formerly Twitter) Share on Pinterest Share on LinkedIn Charleston County VIDEO: Deputies call off search for suspect in Ravenel area Updated: 37 minutes ago Charleston County VIDEO: North Charleston Police investigating shooting on Fairwind Drive Updated: 2 hours ago Berkeley County VIDEO: Victim’s family wishes information from Berkeley Co. was released differently Updated: 2 hours ago Charleston County VIDEO: North Charleston Police investigating deadly shooting on Fairwind Drive Updated: 2 hours ago Charleston County VIDEO: Deputies ask public to avoid Ravenel area because of manhunt Updated: 3 hours ago",
    "highlightText": "",
    "highlightTitle": "",
    "highlightThreadTitle": "",
    "language": "english",
    "sentiment": "negative",
    "categories": [
        "Human Interest",
        "Health",
        "Social Issue"
    ],
    "external_links": [],
    "external_images": [],
    "entities": {
        "persons": [
            {
                "name": "jamal sutherland",
                "sentiment": "none"
            }
        ],
        "organizations": [
            {
                "name": "berkeley co.",
                "sentiment": "negative"
            },
            {
                "name": "clemson sc state",
                "sentiment": "none"
            },
            {
                "name": "lowcountry state crime schools economy military",
                "sentiment": "none"
            },
            {
                "name": "investigates consumer watching your wallet investigate tv health",
                "sentiment": "none"
            },
            {
                "name": "african american voices emanuel",
                "sentiment": "none"
            },
            {
                "name": "wcsc",
                "sentiment": "none"
            },
            {
                "name": "murdaugh cases military heroes brittanee drexel",
                "sentiment": "none"
            },
            {
                "name": "citadel riverdogs stingrays cooper river bridge run stats",
                "sentiment": "none"
            },
            {
                "name": "news charleston",
                "sentiment": "none"
            }
        ],
        "locations": []
    },
    "rating": null,
    "crawled": "2023-12-29T00:39:55.036+02:00",
    "updated": "2023-12-29T00:39:55.036+02:00"
}