{
    "thread": {
        "uuid": "1ff170eaa60dfe1fdab022b1829f1af833b8e4f8",
        "url": "https://charliejyfnj.pages10.com/find-someone-to-do-ccrn-examination-for-dummies-59776819",
        "site_full": "charliejyfnj.pages10.com",
        "site": "pages10.com",
        "site_section": "https://pages10.com/rss-homepage.php?1",
        "site_categories": [],
        "section_title": "pages10.com RSS feed",
        "title": "find someone to do ccrn examination for Dummies",
        "title_full": "find someone to do ccrn examination for Dummies",
        "published": "2023-12-28T19:13:00.000+02:00",
        "replies_count": 0,
        "participants_count": 1,
        "site_type": "news",
        "country": "IN",
        "main_image": "",
        "performance_score": 0,
        "domain_rank": 6184,
        "domain_rank_updated": "2023-12-26T12:06:20.000+02:00",
        "reach": null,
        "social": {
            "facebook": {
                "likes": 0,
                "comments": 0,
                "shares": 0
            },
            "gplus": {
                "shares": 0
            },
            "pinterest": {
                "shares": 0
            },
            "linkedin": {
                "shares": 0
            },
            "stumbledupon": {
                "shares": 0
            },
            "vk": {
                "shares": 0
            }
        }
    },
    "uuid": "1ff170eaa60dfe1fdab022b1829f1af833b8e4f8",
    "url": "https://charliejyfnj.pages10.com/find-someone-to-do-ccrn-examination-for-dummies-59776819",
    "ord_in_thread": 0,
    "parent_url": null,
    "author": "Charliejyfnj Pages",
    "published": "2023-12-28T19:13:00.000+02:00",
    "title": "find someone to do ccrn examination for Dummies",
    "text": "If you are considering sitting down with the CCRN®, chances are you'll listen to some discouraging feedback from colleagues who say things such as, “I don’t get why you’re accomplishing that. It received’t help you in any respect.”\nThese two tests tend to be taken by college students after they enroll for the training course. If you do not take a take a look at before enrolling, then you could overlook out on some vital things that will likely be introduced with your program.\nWhilst Status and probable occupation potential customers are all incredibly very well, just one other element of certification requirements notice – earnings. Will getting Accredited make that much of the difference to the annual bottom line?\nIf all of that was a whole lot to keep straight in the Mind, no concerns – I’ve got your again. I developed a absolutely free sample analyze program that takes the above mentioned data and plugs it right into a calendar in order to see ways to plan your time and efforts correctly.\n6. Await your final results: You might obtain your exam results right away on completion. If you move, congratulations! If not, take the chance to detect places that need to have improvement and take into account retesting immediately after ample planning.\nHire Someone To Take CCRN Certification Could it be possible to pay someone to take my CCRN exam for me? It looks like I could do something about this, but I’m however not delighted. I don’t know this thing in almost any way will cause you difficulties. I just hope I’m not lacking something. I haven't experienced any problems with my CCRN. Other than paying for the exam, then having to pay the exam expenses to your personnel and again, it had been One more one,000 euros. So to my concern, if I purchase a employees member And that i receive the rating of five+ on\nccrn exam taking service my CCRN And that i receive the substantial marks (that I know will display up over the online globe) as well as the score of 5 on Yet another exam, what really should I do and how to pay back the rate? Really should I pay for The entire exam, or should really my final decision be just “what do you want to carry out?”, IMHO. In the intervening time there are all over twenty workers users, who share a few 4-5 hour time slot Just about every. But then, that’s what it’s all about. Can someone you should explain The rationale driving this? Thank you.\nOne of the more highly effective stuff you can do when addressing examination anxiety is to just accept it. Don’t try this issue we usually do as individuals and fake like one thing isn’t an enormous deal when it actually is.\n” Even in Occupations that by now demand required registration or licensing, obtaining a voluntary certification might make a major variance within the respect you garner from a friends – and in implementing for the work.\nIn case you take a observe exam, this will also help to demonstrate your parts of\nRead Full Report weak spot and where you might require to invest a little a lot more time researching! Try emulating the tests surroundings as closely as possible; this could help to scale back any testing stress that you might have.\nThis problem is point out-certain and in many cases Firm-certain. When you have worked for a number of corporations or have compared various work features, you might are aware that not just about every medical center compensates the identical. Consequently, not every clinic pays CCRN’s the same both.\nContemplate how you very best review: do you like to try and do 1 hour a day, or are you currently a one that likes to spend a number of hrs a day researching? If you prefer to have a month or two to arrange, Make sure you select the suitable CCRN Exam Dates, not to sign up for the initial out there examination day in two months.\nPut aside a certain amount of time day after day to observe some questions whilst hinting to yourself that you will do precisely the same tomorrow.\nclick for more info Once you acquire good examine patterns, you may find it simpler to move and score higher don't just within the CCRN exam, but on almost every other exam!\nThis option lets nurses with more many years of nursing the opportunity to sit for your CCRN exam, even if they've got labored in other departments that deliver acute treatment.\nWhen and if Individuals fears and doubts begin to creep up when you prepare, actively reply to them with intention and remind on your own of the truth: You can do this.\nfind someone to do ccrn examination for Dummies\nIf you are considering sitting down with the CCRN®, chances are you'll listen to some discouraging feedback from colleagues who say things such as, “I don’t get why you’re accomplishing that. It received’t help you in any respect.”",
    "highlightText": "",
    "highlightTitle": "",
    "highlightThreadTitle": "",
    "language": "english",
    "sentiment": "negative",
    "categories": [
        "Education",
        "Social Issue",
        "Health"
    ],
    "external_links": [
        "https://paxtonrnfqz.blogunok.com/24516468/a-review-of-hire-someone-to-do-ccrn-examination",
        "https://domyccrnexam64740.blogocial.com/details-fiction-and-online-ccrn-examination-help-60050059",
        "https://lorenzoiasac.estate-blog.com/24112641/how-ccrn-exam-help-can-save-you-time-stress-and-money",
        "https://www.paxtonrnfqz.blogunok.com/24516468/a-review-of-hire-someone-to-do-ccrn-examination",
        "https://www.domyccrnexam64740.blogocial.com/details-fiction-and-online-ccrn-examination-help-60050059",
        "https://www.lorenzoiasac.estate-blog.com/24112641/how-ccrn-exam-help-can-save-you-time-stress-and-money"
    ],
    "external_images": [],
    "entities": {
        "persons": [],
        "organizations": [],
        "locations": []
    },
    "rating": null,
    "crawled": "2023-12-29T00:31:40.539+02:00",
    "updated": "2023-12-29T00:31:40.539+02:00"
}