{
    "thread": {
        "uuid": "1575ea06bbea562bd2b4bd63452d5b1c56edda50",
        "url": "https://www.9news.com/article/news/local/en-espanol/peligrosa-hallan-nueva-droga-boulder-nitazeno/73-67033c9a-651d-42bb-95e0-1e7cf93cc840",
        "site_full": "www.9news.com",
        "site": "9news.com",
        "site_section": "https://9news.com/colorado-weather",
        "site_categories": [
            "media"
        ],
        "section_title": "Colorado Weather | Weather | 9NEWS.com | 9news.com",
        "title": "Hallan nueva y peligrosa droga sintética en Boulder | 9news.com",
        "title_full": "Hallan nueva y peligrosa droga sintética en Boulder | 9news.com",
        "published": "2023-12-28T21:41:00.000+02:00",
        "replies_count": 0,
        "participants_count": 1,
        "site_type": "news",
        "country": "US",
        "main_image": "https://media.9news.com/assets/KUSA/images/a077556b-838c-4af3-a5a6-82c717855823/a077556b-838c-4af3-a5a6-82c717855823_1140x641.jpg",
        "performance_score": 0,
        "domain_rank": 3793,
        "domain_rank_updated": "2023-12-26T12:06:20.000+02:00",
        "reach": null,
        "social": {
            "facebook": {
                "likes": 0,
                "comments": 0,
                "shares": 7
            },
            "gplus": {
                "shares": 0
            },
            "pinterest": {
                "shares": 0
            },
            "linkedin": {
                "shares": 0
            },
            "stumbledupon": {
                "shares": 0
            },
            "vk": {
                "shares": 0
            }
        }
    },
    "uuid": "1575ea06bbea562bd2b4bd63452d5b1c56edda50",
    "url": "https://www.9news.com/article/news/local/en-espanol/peligrosa-hallan-nueva-droga-boulder-nitazeno/73-67033c9a-651d-42bb-95e0-1e7cf93cc840",
    "ord_in_thread": 0,
    "parent_url": null,
    "author": "Courtney Yuen, Laura Casillas",
    "published": "2023-12-28T21:41:00.000+02:00",
    "title": "Hallan nueva y peligrosa droga sintética en Boulder | 9news.com",
    "text": "BOULDER, Colo. — Justo cuando la Oficina Forense del Condado Boulder dijo que habían visto una disminución en las muertes por fentanilo durante el año pasado, ahora están viendo el surgimiento de una clase de opioides sintéticos llamados nitazeno.\n>>>Read in English\nSegún el forense, ya ha habido dos muertes relacionadas con el nitazeno en Boulder. El Dr. Jeremy Dubin, director médico de Front Range Clinic, dijo que los nitacenos pueden ser entre 40 y 500 veces más potentes que el fentanilo y la morfina.\n\"Para la persona que está experimentando, para el consumidor habitual o incluso para el individuo tolerante que sufre de adicción, es posible que no tenga una segunda oportunidad con esta droga\", dijo Dubin.\nAdemás de encontrarse en opioides como la heroína, la oxicodona y el fentanilo, los nitacenos se detectan en estimulantes como la cocaína, las metanfetaminas y las benzodiazepinas falsificadas, los sedantes y la ketamina, dijo Dubin.\nDijo que los nitacenos se crearon por primera vez en la década de 1950, pero nunca fueron aceptados por la Administración de Alimentos y Medicamentos de Estados Unidos (FDA, por sus siglas en inglés) para ningún uso médico o veterinario.\n\"Ha sido muy difícil medirlos, detectarlos en la sangre, y todavía estamos tratando de superar eso\", dijo Dubin. \"No sabemos cuánto tiempo duran en la sangre. No sabemos cuánto duran en la orina\".\nDijo que los nitacenos tampoco aparecen en las tiras reactivas, por lo que los usuarios no pueden detectarlos por sí mismos. Con la aparición de estas sustancias en Colorado, es más crucial que nunca llevar consigo el antídoto contra la sobredosis, Narcan o naloxona, dijo Dubin.\nRELACIONADO: Más distritos escolares de Colorado solicitan naloxona en caso de sobredosis\n\"Sin embargo, no sabemos cuánta naloxona podría necesitar esa persona. Por eso es importante que cuando alguien... reciba este antídoto, esté en camino al hospital\", dijo. \"Es posible que necesiten más de uno. Es posible que necesiten dos, tres y asistencia respiratoria en el hospital\".\nDijo que los nitacenos pueden ser polvos amarillos, marrones, grises o blanquecinos. Se venden con mayor frecuencia como heroína o fentanilo y se pueden fumar/inhalar, así como usar por vía nasal o vaporizar. Los nombres como se les conoce en las calles incluyen hearse, atco y \"show and tell.\"\nDubin dijo que los nitacenos surgieron por primera vez en 2019 en la costa este. Desde entonces, se han encontrado en el Medio Oeste, el Sur y ahora aquí en Colorado.\nRELACIONADO: Expertos atribuyen al fentanilo como el causante de aumentar radicalmente las muertes por sobredosis entre los latinos\nVIDEOS SUGERIDOS: Últimas Noticias",
    "highlightText": "",
    "highlightTitle": "",
    "highlightThreadTitle": "",
    "language": "spanish",
    "sentiment": "negative",
    "categories": [
        "Crime, Law and Justice",
        "Health",
        "Social Issue"
    ],
    "external_links": [
        "https://www.youtube.com/embed/hY6IAhVZ0O8?rel=0",
        "https://youtu.be/Pfvou_JNF2I",
        "https://www.youtu.be/Pfvou_JNF2I",
        "https://www.youtube.com/embed/hY6IAhVZ0O8",
        "https://youtube.com/embed/hY6IAhVZ0O8?rel=0"
    ],
    "external_images": [],
    "entities": {
        "persons": [],
        "organizations": [],
        "locations": []
    },
    "rating": null,
    "crawled": "2023-12-29T00:01:31.181+02:00",
    "updated": "2023-12-29T00:01:31.181+02:00"
}