{
    "thread": {
        "uuid": "852f098b1a11afe565a007255b110bea42abefed",
        "url": "https://denverduidefenselawyers89525.ampedpages.com/4-simple-techniques-for-white-plains-dwi-defense-lawyers-51613717",
        "site_full": "denverduidefenselawyers89525.ampedpages.com",
        "site": "ampedpages.com",
        "site_section": "https://ampedpages.com/rss-homepage.php?1",
        "site_categories": [],
        "section_title": "ampedpages.com RSS feed",
        "title": "4 Simple Techniques For White Plains Dwi Defense Lawyers",
        "title_full": "4 Simple Techniques For White Plains Dwi Defense Lawyers",
        "published": "2023-12-28T21:00:00.000+02:00",
        "replies_count": 0,
        "participants_count": 1,
        "site_type": "news",
        "country": "TR",
        "main_image": "",
        "performance_score": 0,
        "domain_rank": 6484,
        "domain_rank_updated": "2023-12-26T12:06:20.000+02:00",
        "reach": null,
        "social": {
            "facebook": {
                "likes": 0,
                "comments": 0,
                "shares": 0
            },
            "gplus": {
                "shares": 0
            },
            "pinterest": {
                "shares": 0
            },
            "linkedin": {
                "shares": 0
            },
            "stumbledupon": {
                "shares": 0
            },
            "vk": {
                "shares": 0
            }
        }
    },
    "uuid": "852f098b1a11afe565a007255b110bea42abefed",
    "url": "https://denverduidefenselawyers89525.ampedpages.com/4-simple-techniques-for-white-plains-dwi-defense-lawyers-51613717",
    "ord_in_thread": 0,
    "parent_url": null,
    "author": "Denverduidefenselawyers",
    "published": "2023-12-28T21:00:00.000+02:00",
    "title": "4 Simple Techniques For White Plains Dwi Defense Lawyers",
    "text": "Driving underneath the impact (DWI) prices might be too much to handle and also have significant effects. In White Plains, discovering the ideal authorized illustration is important, and White Plains DWI attorneys are here to navigate you through the lawful maze. These pros focus on DWI defense, making certain that the legal rights are secured and crafting a strong protection system personalized in your unique scenario.\nPicture this: you happen to be driving home following an evening out with buddies, and suddenly, People purple and blue lights start out flashing guiding you. It is a nerve-wracking expertise that may materialize to any person. That's where White Plains DWI defense legal professionals arrive into Enjoy, giving pro suggestions and illustration to guideline you from the complexities of your legal procedure.\nThe Main Principles Of White Plains Dwi Defense Lawyers\nThe function of White Plains defense attorneys extends over and above DWI cases. They're your advocates in different criminal protection issues, prepared to stand by your side and struggle for your legal rights. Whether or not you are facing drug charges, assault allegations, or other legal offenses, these attorneys carry a prosperity of expertise to your table, making sure you've got a truthful shot at justice.\nNavigating the legal landscape could be demanding, but White Plains prison protection attorneys are very well-versed in local laws and processes. They work tirelessly to build a reliable defense, exploring each angle to protected the best possible consequence for their clientele. From negotiating plea deals to representing you in court, these lawyers are your allies from the facial area of adversity.\nWhite Plains criminal legal professionals fully grasp the importance of a strategic protection. They meticulously evaluation the proof, challenge the prosecution's circumstance, and make certain that your legal rights haven't been violated over the authorized procedure. Their objective is not just to mitigate the speedy penalties but to safeguard your future as well.\nFrom the digital age, the significance of a talented White Plains DWI defense attorney can not be overstated. With law enforcement organizations using various technologies to gather evidence, possessing a legal professional who understands the intricacies of those applications is vital. These professionals continue to be abreast of technological advancements to supply you with the most effective protection possible.\n4 Easy Facts About White Plains Dwi Lawyers DescribedWhen it comes to criminal protection, knowledge issues. White Plains defense attorneys provide decades of follow to the desk, offering them a deep knowledge of the area legal landscape. This experience will allow them to anticipate the prosecution's procedures and mount a counter-protection that maximizes your possibilities of a good consequence.\nOn the list of critical aspects of successful defense is conversation. White Plains legal defense legal professionals prioritize obvious and open up communication with their clientele. They make sure you fully grasp the costs in opposition to you, the prospective\nsourcepenalties, as well as strategies they will hire to protected the absolute best consequence.\nStruggling with criminal expenses could be emotionally draining. White Plains felony legal professionals understand the strain and nervousness their purchasers working experience, and they provide not just legal assistance but in addition psychological support. Understanding that you've a devoted advocate with your corner may make a world of variation during challenging moments.\nWhite Plains DWI protection lawyers have a proactive method of your circumstance. From the moment you attain out to them, they start setting up your protection strategy. Time is with the essence in legal scenarios, and these Lawyers waste no time in accumulating proof, interviewing witnesses, and preparing a strong defense.\nIn the courtroom, White Plains criminal protection legal professionals are tenacious advocates. They obstacle evidence, cross-study witnesses, and current persuasive arguments to be certain your side from the story is listened to. Their courtroom knowledge and persuasive techniques are a must have assets in securing the absolute best end result on your case.\nIndicators on White Plains Dwi Defense Lawyers You Need To KnowThe lawful system could be intricate, and White Plains legal legal professionals are your guides throughout the intricacies of court proceedings. They describe legal jargon, preserve you knowledgeable regarding the development within your case, and empower you to produce informed decisions regarding your defense tactic.\nWhite Plains DWI legal professionals understand the critical implications that include a conviction. From fines and license suspension to likely jail time, the stakes are significant. These attorneys examine each and every lawful avenue to attenuate these effects and, if possible, get rates diminished or dismissed.\nYour defense just isn't almost the specifics of the situation but additionally about humanizing you during the eyes of your courtroom. White Plains felony defense\nclick sitelegal professionals work to existing you as anyone, not just a defendant, emphasizing your optimistic attributes as well as likely for rehabilitation.\nOn earth of criminal defense, negotiations Together with the prosecution are a standard occurrence. White Plains DWI protection lawyers are competent negotiators who will leverage their expertise to protected favorable plea discounts when\nnewscorrect. This proactive approach can generally result in a more lenient sentence for their consumers.\nWhite Plains felony lawyers acknowledge that each circumstance is exclusive, and cookie-cutter methods Never work. They take some time to grasp the particular details within your problem, tailoring their defense technique to deal with the nuances of one's circumstance effectively.\nIndicators on White Plains Criminal Defense Lawyers You Need To Know\nAs well as their legal prowess, White Plains defense legal professionals are informed about the community court docket system and its personnel. This familiarity makes it possible for them to navigate the technique more successfully, streamlining processes and making certain that your situation progresses as effortlessly as you possibly can.\nThe authorized journey might be unsure, but with White Plains DWI protection legal professionals by your facet, you achieve a sense of assurance and assurance. They offer real looking anticipations, preserving you educated with regard to the probable results of your case and dealing diligently to accomplish the very best outcome.\nWhite Plains criminal protection lawyers continue to be up to date on modifications in laws that will impact your case. This motivation to keeping present-day on lawful developments enables them to adapt their methods and leverage any changes while in the regulation to the gain.\nIn summary, when going through DWI or criminal prices in White Plains, enlisting the expert services of skilled and dedicated attorneys is not merely a possibility; it's a necessity. White Plains DWI defense legal professionals and legal attorneys are your allies, devoted to safeguarding your rights and securing the best possible result during the confront of authorized problems. With their abilities, proactive tactic, and unwavering dedication, you could navigate the complexities from the authorized system with self esteem and resilience.",
    "highlightText": "",
    "highlightTitle": "",
    "highlightThreadTitle": "",
    "language": "english",
    "sentiment": "negative",
    "categories": [
        "Human Interest",
        "Crime, Law and Justice",
        "Health"
    ],
    "external_links": [
        "https://emilianoqqqqq.digitollblog.com/24199024/some-ideas-on-white-plains-criminal-defense-lawyers-you-need-to-know",
        "https://aabyel036qrs0.oblogation.com/24138264/white-plains-criminal-defense-lawyers-things-to-know-before-you-get-this",
        "https://criminal-lawyers88765.widblog.com/78905781/the-8-minute-rule-for-white-plains-dwi-defense-lawyers",
        "https://www.emilianoqqqqq.digitollblog.com/24199024/some-ideas-on-white-plains-criminal-defense-lawyers-you-need-to-know",
        "https://www.criminal-lawyers88765.widblog.com/78905781/the-8-minute-rule-for-white-plains-dwi-defense-lawyers",
        "https://www.aabyel036qrs0.oblogation.com/24138264/white-plains-criminal-defense-lawyers-things-to-know-before-you-get-this"
    ],
    "external_images": [],
    "entities": {
        "persons": [],
        "organizations": [],
        "locations": [
            {
                "name": "white plains",
                "sentiment": "none"
            }
        ]
    },
    "rating": null,
    "crawled": "2023-12-29T00:12:47.349+02:00",
    "updated": "2023-12-29T00:12:47.349+02:00"
}