{
    "thread": {
        "uuid": "7b1ec0c2815a9c20167af8eaa58df05372d2d655",
        "url": "https://extra.globo.com/rio/noticia/2023/12/rio-tem-tendencia-de-aumento-da-transmissao-da-dengue.ghtml",
        "site_full": "extra.globo.com",
        "site": "globo.com",
        "site_section": "https://extra.globo.com/",
        "site_categories": [
            "media"
        ],
        "section_title": "EXTRA | Extra online",
        "title": "Rio tem tendência de aumento da transmissão da dengue",
        "title_full": "Rio tem tendência de aumento da transmissão da dengue",
        "published": "2023-12-28T23:38:00.000+02:00",
        "replies_count": 0,
        "participants_count": 1,
        "site_type": "news",
        "country": "BR",
        "main_image": "https://s2-extra.glbimg.com/K6TsK2NhmYoypLHMbqQ1HuPjZ8o=/1200x/smart/filters:cover():strip_icc()/i.s3.glbimg.com/v1/AUTH_1f551ea7087a47f39ead75f64041559a/internal_photos/bs/2023/c/Q/SjjIrNQQe1EExAnBAlwg/dengue.jpg",
        "performance_score": 0,
        "domain_rank": 745,
        "domain_rank_updated": "2023-12-26T12:06:20.000+02:00",
        "reach": null,
        "social": {
            "facebook": {
                "likes": 0,
                "comments": 0,
                "shares": 0
            },
            "gplus": {
                "shares": 0
            },
            "pinterest": {
                "shares": 0
            },
            "linkedin": {
                "shares": 0
            },
            "stumbledupon": {
                "shares": 0
            },
            "vk": {
                "shares": 0
            }
        }
    },
    "uuid": "7b1ec0c2815a9c20167af8eaa58df05372d2d655",
    "url": "https://extra.globo.com/rio/noticia/2023/12/rio-tem-tendencia-de-aumento-da-transmissao-da-dengue.ghtml",
    "ord_in_thread": 0,
    "parent_url": null,
    "author": "globo.com",
    "published": "2023-12-28T23:38:00.000+02:00",
    "title": "Rio tem tendência de aumento da transmissão da dengue",
    "text": "Leia mais: Tarifa dos táxis será reajustada a partir de segunda-feira; bandeirada passa de R$ 6 para R$ 6,10 Entenda: Vídeos com dicas contra desaparecimento de crianças e adolescentes serão exibidos em ônibus e terminais no Rio Elaborado por técnicos do Centro de Informação Estratégica de Vigilância em Saúde, que compõe o Centro de Inteligência em Saúde da SES-RJ (CIEVS/CIS-RJ), o levantamento deixa evidente que o estado do Rio de Janeiro mantém tendência de aumento na transmissão de casos da doença, com circulação bem acima do limite máximo esperado para o momento. O modelo de análise estima também o que deveria aparecer no sistema de informação, mostrando a situação epidemiológica real dos municípios, se não houvesse atraso nas notificações. Dessa forma, o monitoramento permite a ação mais oportuna para reduzir o impacto da transmissão.\nAlém de estarem com transmissão acima do esperado, as regiões Metropolitana I e Baixada Litorânea são as que apresentam maior atraso das notificações. Os municípios do Rio de Janeiro, Itaguaí, Nova Iguaçu e Rio das Ostras são os que apresentam maior atraso das notificações e tendência de crescimento rápido de casos.\nQuando observado o índice de incidência da doença, que é a relação do número de casos por 100 mil habitantes, oito cidades apresentam patamares elevados, acima de 200 casos / 100 mil habitantes: Itatiaia, Natividade, Italva, Resende, Rio das Ostras, Comendador Levy Gasparian, Porto Real e Três Rios.\nAté terça-feira, o estado do Rio de Janeiro registrou 47.471 casos da doença, com 2.790 internações e 28 óbitos. As informações e o boletim completo estão disponíveis no Painel Monitorar, no site da SES-RJ, no link monitorar.saude.rj.gov.br .\nConfira a situação de cada região\nA Região Metropolitana I concentra o maior número de casos - 87% deles na cidade do Rio de Janeiro -, quantidade acima do limite máximo esperado e importante atraso nas notificações, reforçando tendência de alta transmissão de dengue no estado.\nA Baixada Litorânea se destaca pelo perfil de transmissão bem acima do esperado no momento, com as cidades de Rio das Ostras e São Pedro da Aldeia com o maior volume de casos e maiores incidências da região. Armação de Búzios, Iguaba Grande e São Pedro da Aldeia destacam-se pelo perfil de alta transmissão.\nNo Centro-Sul, a maior parte dos municípios está com transmissão acima do esperado, com Três Rios concentrando o maior volume de casos. Ao lado de Comendador Levy Gasparian e Sapucaia, Três Rios ocupa ainda as maiores incidências.\nNa Baía de Ilha Grande, Angra dos Reis e Mangaratiba são os municípios com o maior número de transmissão no momento, com Angra registrando a maior concentração de casos (90%) e a maior incidência.\nNo Médio Paraíba, Itatiaia, Porto Real e Quatis destacam-se pela transmissão de casos acima do esperado para o momento. Resende é o município que está com maior atraso de notificações e casos acima do esperado. Itatiaia apresenta maior incidência de todo o estado do Rio.\nNa Metropolitana II, todos os municípios estão sem atraso na notificação, exceto Rio Bonito, com pequeno atraso e com casos um pouco acima do esperado no momento. Itaboraí concentra maioria das notificações.\nNa Região Noroeste, quase todos os municípios estão com transmissão acima do esperado no momento. Itaperuna, Natividade e Italva concentram o maior volume de casos, sendo que Natividade e Italva estão entre as cidades com maiores incidências do estado.\nNo Norte Fluminense, o mesmo cenário de transmissão do Noroeste, sendo que Campos dos Goytacazes concentra a maioria de casos e Carapebus tem a maior incidência da região. Na Região Serrana, Cachoeiras de Macacu concentra o maior volume de casos e a maior incidência da região, que apresenta pequeno atraso de notificações, sobretudo em Macuco.\nMais recente Próxima Réveillon no Piscinão de Ramos terá DJs, funkeiro Bielzin, pagodeiro Tiee e bateria da Grande Rio",
    "highlightText": "",
    "highlightTitle": "",
    "highlightThreadTitle": "",
    "language": "portuguese",
    "sentiment": "negative",
    "categories": [
        "Health",
        "Disaster and Accident"
    ],
    "external_links": [
        "https://957b0b3a18c149f4814f2525021e644f@web.sentry.globoi.com/786",
        "https://s3.glbimg.com/v1/AUTH_c5dfc0eef7ee40d68bdd0993be881440/coral-custom-style/style.css",
        "https://www.957b0b3a18c149f4814f2525021e644f@web.sentry.globoi.com/786",
        "https://www.s3.glbimg.com/v1/AUTH_c5dfc0eef7ee40d68bdd0993be881440/coral-custom-style/style.css"
    ],
    "external_images": [],
    "entities": {
        "persons": [],
        "organizations": [],
        "locations": []
    },
    "rating": null,
    "crawled": "2023-12-29T00:37:40.221+02:00",
    "updated": "2023-12-29T00:37:40.221+02:00"
}