{
    "thread": {
        "uuid": "366f331aa0b26789a5fedb4f137f49c5941306f2",
        "url": "https://www.zocalo.com.mx/asegura-fgr-laboratorio-de-medicinas-falsas-en-jalisco/",
        "site_full": "www.zocalo.com.mx",
        "site": "zocalo.com.mx",
        "site_section": "https://www.zocalo.com.mx/category/seguridad/",
        "site_categories": [
            "non_standard_content",
            "adult"
        ],
        "section_title": "Seguridad &#8211; Periódico Zócalo | Noticias de Saltillo, Torreón,  Piedras Negras, Monclova, Acuña",
        "title": "Asegura FGR laboratorio de medicinas falsas en Jalisco – Periódico Zócalo | Noticias de Saltillo, Torreón, Piedras Negras, Monclova, Acuña",
        "title_full": "Asegura FGR laboratorio de medicinas falsas en Jalisco – Periódico Zócalo | Noticias de Saltillo, Torreón, Piedras Negras, Monclova, Acuña",
        "published": "2023-12-28T21:33:00.000+02:00",
        "replies_count": 0,
        "participants_count": 1,
        "site_type": "news",
        "country": "MX",
        "main_image": "https://www.zocalo.com.mx/wp-content/uploads/2023/12/laboratorio-medicinas-falsas-jalisco.jpg",
        "performance_score": 0,
        "domain_rank": 59277,
        "domain_rank_updated": "2023-12-26T12:06:25.000+02:00",
        "reach": null,
        "social": {
            "facebook": {
                "likes": 0,
                "comments": 0,
                "shares": 0
            },
            "gplus": {
                "shares": 0
            },
            "pinterest": {
                "shares": 0
            },
            "linkedin": {
                "shares": 0
            },
            "stumbledupon": {
                "shares": 0
            },
            "vk": {
                "shares": 0
            }
        }
    },
    "uuid": "366f331aa0b26789a5fedb4f137f49c5941306f2",
    "url": "https://www.zocalo.com.mx/asegura-fgr-laboratorio-de-medicinas-falsas-en-jalisco/",
    "ord_in_thread": 0,
    "parent_url": null,
    "author": "Grupo Zócalo",
    "published": "2023-12-28T21:33:00.000+02:00",
    "title": "Asegura FGR laboratorio de medicinas falsas en Jalisco – Periódico Zócalo | Noticias de Saltillo, Torreón, Piedras Negras, Monclova, Acuña",
    "text": "Jalisco.- La Fiscalía General de la República ( FGR ) delegación Jalisco, aseguró un inmueble donde presuntamente se elaboraba medicamento falso en el municipio de Jocotepec.\nFueron elementos de la Fiscalía de Jalisco quienes localizaron el lugar en una brecha que conduce al rancho llamado “La Herradura”, en el cual habían encontrado diversas cajas y rollos con supuestas medicinas.\nPor ello, los agentes estatales dieron parte al Ministerio Público federal, quien solicitó una diligencia de cateo que fue cumplimentada por elementos de la FGR Jalisco.\nTras el cateo, en el lugar fueron aseguradas 68 cajas de cartón, once contenedores cilíndricos y cuatro contenedores de cartón que tenían en su interior blísteres o envases etiquetados con comprimidos y las leyendas “metformina”; “tempra”; “flanax”; “buscapina” y “dolo-neurobion forte”, algunas marcas de medicinas.\nTambién fueron halladas varias bolsas de plástico con carbonato de calcio, ácido acetilsalicílico, anastrozol arimidex y 12 máquinas industriales que consistían en prensas hidráulicas, empacadoras, mezcladoras y armadoras.\nTanto el predio como lo asegurado fueron puestos a disposición del Ministerio Público federal, para continuar con las investigaciones y deslindar responsabilidades.\nCon información de El Informador",
    "highlightText": "",
    "highlightTitle": "",
    "highlightThreadTitle": "",
    "language": "spanish",
    "sentiment": "negative",
    "categories": [
        "Human Interest",
        "Health",
        "Crime, Law and Justice"
    ],
    "external_links": [
        "https://www.informador.mx/jalisco/Seguridad-en-Jalisco-Asegura-FGR-laboratorio-de-medicinas-falsas-en-Jocotepec-20231228-0067.html",
        "https://informador.mx/jalisco/Seguridad-en-Jalisco-Asegura-FGR-laboratorio-de-medicinas-falsas-en-Jocotepec-20231228-0067.html"
    ],
    "external_images": [],
    "entities": {
        "persons": [],
        "organizations": [],
        "locations": []
    },
    "rating": null,
    "crawled": "2023-12-29T00:13:56.218+02:00",
    "updated": "2023-12-29T00:13:56.218+02:00"
}