{
    "thread": {
        "uuid": "0876fcacbc2183428fc973d369bdef72235836b2",
        "url": "https://www.gala.fr/l_actu/news_de_stars/gilles-lamour-est-dans-le-pre-ces-mots-touchants-de-sa-femme-avant-de-mourir-reste-pas-tout-seul_535256",
        "site_full": "www.gala.fr",
        "site": "gala.fr",
        "site_section": "https://gala.fr/video",
        "site_categories": [
            "media"
        ],
        "section_title": "Vidéo - Gala.fr",
        "title": "Gilles (L’amour est dans le pré), ces mots touchants de sa femme avant de mourir : “Reste pas tout seul” - Gala",
        "title_full": "Gilles (L’amour est dans le pré), ces mots touchants de sa femme avant de mourir : “Reste pas tout seul” - Gala",
        "published": "2023-12-28T21:49:00.000+02:00",
        "replies_count": 0,
        "participants_count": 1,
        "site_type": "news",
        "country": "FR",
        "main_image": "https://www.gala.fr/imgre/fit/~1~gal~2023~12~28~4085d25e-64e5-40ba-bb57-59114b4adf7c.png/1200x600/cr/wqkgTCdhbW91ciBlc3QgZGFucyBsZSBwcsOpIC8gR2FsYQ%3D%3D/focus-point/992%2C363/gilles-l-amour-est-dans-le-pre-ces-mots-touchants-de-sa-femme-avant-de-mourir-reste-pas-tout-seul.jpg",
        "performance_score": 0,
        "domain_rank": 28553,
        "domain_rank_updated": "2023-12-26T12:06:20.000+02:00",
        "reach": null,
        "social": {
            "facebook": {
                "likes": 0,
                "comments": 0,
                "shares": 0
            },
            "gplus": {
                "shares": 0
            },
            "pinterest": {
                "shares": 0
            },
            "linkedin": {
                "shares": 0
            },
            "stumbledupon": {
                "shares": 0
            },
            "vk": {
                "shares": 0
            }
        }
    },
    "uuid": "0876fcacbc2183428fc973d369bdef72235836b2",
    "url": "https://www.gala.fr/l_actu/news_de_stars/gilles-lamour-est-dans-le-pre-ces-mots-touchants-de-sa-femme-avant-de-mourir-reste-pas-tout-seul_535256",
    "ord_in_thread": 0,
    "parent_url": null,
    "author": "Sarah Pereira",
    "published": "2023-12-28T21:49:00.000+02:00",
    "title": "Gilles (L’amour est dans le pré), ces mots touchants de sa femme avant de mourir : “Reste pas tout seul” - Gala",
    "text": "Parmi les agriculteurs de la saison 19 de L’amour est dans le pré, Gilles a tout particulièrement touché les internautes. Dans son portrait diffusé sur Instagram, la candidat a révélé les derniers mots que sa femme lui a formulé avant de décéder. Explications. [Dès le lundi 8 janvier 2024](https://www.gala.fr/l_actu/news_de_stars/photos-lamour-est-dans-le-pre-2024-decouvrez-le-visage-des-nouveaux-agriculteurs_534778), M6 diffusera les portraits des quinze agriculteurs prêts à trouver leur âme sœur [grâce à L’amour est dans le pré](https://www.gala.fr/l_actu/news_de_stars/cetait-pire-karine-le-marchand-cash-sur-le-comportement-de-justine-pendant-le-tournage-de-lamour-est-dans-le-pre_533467). Parmi eux, Gilles, 69 ans, ex-éleveur à la retraite vivant dans les Pays de la Loire, a interpellé la toile. Retraité depuis quatre ans, le sexagénaire attend de vivre [une belle histoire d'amour](https://www.gala.fr/l_actu/news_de_stars/sonia-rolland-tres-amoureuse-elle-leve-le-voile-sur-sa-tres-belle-histoire-damour_520400) avec un grand A. Joyeux et espiègle, celui que l'on surnomme \"Gillou\" est l'heureux papa de trois filles dont il est très fier. Veuf depuis 19 mois, Gilles souhaite trouver une femme qui saura l'accompagner jusqu'à son dernier souffle. Dans la vidéo portrait du candidat diffusée sur le compte Instagram de L’amour est dans le pré, ce dernier a évoqué sa femme Françoise avec qui il a vécu \"quinze, seize ans\". Karine Le Marchand a demandé à Gilles si sa femme l’avait autorisé \"de là-haut\" à retrouver une compagne. \"Elle m’a dit : \"Je veux que tu refasses ta vie\". Parce qu’elle savait que je n'étais pas fait pour rester tout seul.\" a confié l’agriculteur à l'animatrice. Il a ajouté : \"C’était le cancer du foie\" évoquant [la maladie qui l’a emportée.](https://www.gala.fr/l_actu/news_de_stars/star-academy-mort-dune-ancienne-candidate-emportee-par-la-maladie-a-32-ans_462402) ⋙ [PHOTOS - L'amour est dans le pré 2024 : découvrez le portrait des agriculteurs de la saison 19](https://photo.gala.fr/lamour-est-dans-le-pre-2024-decouvrez-le-portrait-des-agriculteurs-de-la-saison-19-58360) Karine Le Marchand : ses confidences sur la dernière saison Entre les abandons et les coups de cœur inattendus, la saison 18 a été riche en surprises. Mais voilà, à l’issue de cette aventure, un seul couple seulement a perduré après le tournage : [celui de Justine et Patrice](https://www.gala.fr/l_actu/news_de_stars/patrice-et-justine-lamour-est-dans-le-pre-des-adorables-cliches-du-couple-devoiles_534400). Invitée de l’émission C à vous sur France 5, le 24 novembre dernier, Karine Le Marchand est revenue sur ce bilan décevant. \"Une catastrophe ! Vous n’avez pas remarqué : autour de moi, c’est l’année des séparations. J’essaie de trouver une explication. On n’a jamais eu ça dans l’histoire de L’amour est dans le pré !\" a t-elle déclaré sur le plateau télévisé. En réponse aux propos de l'animatrice, [Mohamed Bouhafsi](https://www.gala.fr/stars_et_gotha/mohamed_bouhafsi) a mis en cause le casting et les agriculteurs de cette année : \"Vous avez décidé [de donner] des conseils pour les candidats [de] la saison 19, [en leur demandant] un peu plus de sérieux, et moins de goujats.\". Ce à quoi Karine Le Marchand a rétorqué : \"Mais ce n’est pas ça ! Avec moi, ils sont super gentils, mais si on mettait des caméras chez chacun d’entre nous, je vous assure qu’on rirait et qu’il y a des réflexions […], on se dirait \"oh mon Dieu, ce n’est pas possible.\"\". Avant de conclure : \"Il se trouve, qu’on ne pouvait pas soupçonner qu’ils allaient être comme ça en période de séduction. Mais il y a des goujats qui trouvent chaussure à leur pied !\" . Crédits photos : L'amour est dans le pré",
    "highlightText": "",
    "highlightTitle": "",
    "highlightThreadTitle": "",
    "language": "french",
    "sentiment": "negative",
    "categories": [
        "Human Interest",
        "Health"
    ],
    "external_links": [],
    "external_images": [],
    "entities": {
        "persons": [],
        "organizations": [],
        "locations": []
    },
    "rating": null,
    "crawled": "2023-12-29T00:29:05.032+02:00",
    "updated": "2023-12-29T00:29:05.032+02:00"
}