{
    "thread": {
        "uuid": "acb48d72a40d75052b4f6b65076ea773311a3e48",
        "url": "https://www.thestarpress.com/story/news/nation/2023/12/28/minnesota-woman-sues-dentist/72050466007/",
        "site_full": "www.thestarpress.com",
        "site": "thestarpress.com",
        "site_section": "https://www.thestarpress.com",
        "site_categories": [
            "media",
            "business",
            "entertainment"
        ],
        "section_title": "The Star Press",
        "title": "Kathleen Wilson's Minnesota dentist did 30 procedures at once: lawsuit",
        "title_full": "Kathleen Wilson's Minnesota dentist did 30 procedures at once: lawsuit",
        "published": "2023-12-28T23:40:00.000+02:00",
        "replies_count": 0,
        "participants_count": 1,
        "site_type": "news",
        "country": "US",
        "main_image": "",
        "performance_score": 0,
        "domain_rank": 30883,
        "domain_rank_updated": "2023-12-26T12:06:20.000+02:00",
        "reach": null,
        "social": {
            "facebook": {
                "likes": 0,
                "comments": 0,
                "shares": 0
            },
            "gplus": {
                "shares": 0
            },
            "pinterest": {
                "shares": 0
            },
            "linkedin": {
                "shares": 0
            },
            "stumbledupon": {
                "shares": 0
            },
            "vk": {
                "shares": 0
            }
        }
    },
    "uuid": "acb48d72a40d75052b4f6b65076ea773311a3e48",
    "url": "https://www.thestarpress.com/story/news/nation/2023/12/28/minnesota-woman-sues-dentist/72050466007/",
    "ord_in_thread": 0,
    "parent_url": null,
    "author": "Mary Walrath-Holdridge",
    "published": "2023-12-28T23:40:00.000+02:00",
    "title": "Kathleen Wilson's Minnesota dentist did 30 procedures at once: lawsuit",
    "text": "20 fillings, 4 root canals, 8 crowns in one visit add up to lawsuit for Minnesota dentist [Mary Walrath-Holdridge](https://www.usatoday.com/staff/12093029002/mary-walrathholdridge/) A Minnesota dentist has become the subject of a malpractice lawsuit after his patient accused him of \"disfiguring\" her. The civil lawsuit was filed in Hennepin County, Minnesota last week by Kathleen Wilson, who alleged Dr. Kevin Molldrem and [Molldrem Family Dentistry](https://molldremdentistry.com/) caused her significant injury that is still being corrected. According to the suit, Molldrem performed more than 30 producers on Wilson in a single July 2020 visit, doing eight crowns, four root canals and 20 fillings in one go. The lawsuit alleges that the dentist \"perform[ed] this work improperly,\" resulting in pain and suffering, embarrassment, emotional distress, and disfigurement. Molldrem was likewise accused of using improper levels of anesthesia during the procedures and falsifying medical records to cover it up. Treatment called 'inconceivable' “It is inconceivable that Dr. Molldrem could have prepared and placed 8 crowns under these circumstances in the time allotted, not to mention the additional 20 restorations,” wrote [Dr. Avrum Goldstein,](https://www.seakexperts.com/members/4827-avrum-r-goldstein) a dentist and expert witness brought on by Wilson's attorney, in an affidavit. Goldstein, who is a faculty member at [NOVA Southeastern University](https://dental.nova.edu/aboutus/faculty/goldstein-avrum%20.html?_gl=1*1kqtqxq*_gcl_au*ODA4NzUxNTA1LjE3MDM3OTc5MjI.), also wrote that Wilson had been correctly diagnosed as having a \"rare condition\" causing decay in almost all of her teeth, but Mollderm's course of action was not a proper form of treatment. \"[Wilson’s] required a slow, thoughtful, careful and measured response to her disease,” he said in his report. “Trying to fill every hole in every tooth in her mouth in one visit is not only the antithesis of what was indicated, it is not humanly possible to achieve in an effective or constructive manner.” Doctors remove wrong organ from man: [They opened him up to remove his appendix. They mistakenly took out much more, lawsuit says.](/story/news/health/2023/11/07/doctors-accidentally-remove-wrong-organ-surgery/71487292007/) The lawsuit also accused Mollderm of tampering with medical records to falsify the amount of anesthesia that was reportedly used, which in reality was nearly double the standard number of units, according to court paperwork. According to Goldstein, the maximum dose of anesthesia given in three hours should not exceed 490 mg, but Molldrem's records show he gave Wilson 960 mg. “Any negative cardiovascular or central nervous system outcomes could be tied to the local anesthetic overdose,\" he wrote. Wilson said in the suit that she has since had to have the dental work completely redone by other dentists to repair Molldrem’s “negligent work,\" an ongoing process that has caused her to lose income and rack up medical bills on top of enduring pain, suffering and embarrassment. She is seeking more than $50,000 in damages. Wilson's attorney and Molldrem did not immediately respond to request for comment.",
    "highlightText": "",
    "highlightTitle": "",
    "highlightThreadTitle": "",
    "language": "english",
    "sentiment": "negative",
    "categories": [
        "Crime, Law and Justice",
        "Health"
    ],
    "external_links": [
        "https://www.seakexperts.com/members/4827-avrum-r-goldstein)",
        "https://www.usatoday.com/staff/12093029002/mary-walrathholdridge/)",
        "https://dental.nova.edu/aboutus/faculty/goldstein-avrum%20.html?_gl=1*1kqtqxq*_gcl_au*ODA4NzUxNTA1LjE3MDM3OTc5MjI.),",
        "https://molldremdentistry.com/)",
        "https://www.molldremdentistry.com/)",
        "https://usatoday.com/staff/12093029002/mary-walrathholdridge/)",
        "https://www.dental.nova.edu/aboutus/faculty/goldstein-avrum%20.html?_gl=1*1kqtqxq*_gcl_au*ODA4NzUxNTA1LjE3MDM3OTc5MjI.),",
        "https://seakexperts.com/members/4827-avrum-r-goldstein)",
        "https://dental.nova.edu/aboutus/faculty/goldstein-avrum%20.html"
    ],
    "external_images": [],
    "entities": {
        "persons": [
            {
                "name": "mary walr",
                "sentiment": "negative"
            },
            {
                "name": "kathleen wilson",
                "sentiment": "negative"
            },
            {
                "name": "molldrem",
                "sentiment": "none"
            },
            {
                "name": "holdridge",
                "sentiment": "none"
            },
            {
                "name": "kevin molldrem",
                "sentiment": "none"
            },
            {
                "name": "wilson",
                "sentiment": "none"
            }
        ],
        "organizations": [],
        "locations": [
            {
                "name": "minnesota",
                "sentiment": "none"
            },
            {
                "name": "hennepin county",
                "sentiment": "none"
            }
        ]
    },
    "rating": null,
    "crawled": "2023-12-29T00:22:50.487+02:00",
    "updated": "2023-12-29T00:22:50.487+02:00"
}