{
    "thread": {
        "uuid": "fc3d00090f218d4df7231ba39ef2a44490fe30ed",
        "url": "https://www.meneame.net/story/estudio-encuentra-castigo-fisico-predice-habilidades-cognitivas/c024",
        "site_full": "www.meneame.net",
        "site": "meneame.net",
        "site_section": "http://meneame.net//comments_rss",
        "site_categories": [
            "media"
        ],
        "section_title": "Menéame: comentarios",
        "title": "#24 Estudio encuentra que el castigo físico predice habilidades cognitivas más bajas en niños. (ENG)",
        "title_full": "#24 Estudio encuentra que el castigo físico predice habilidades cognitivas más bajas en niños. (ENG)",
        "published": "2023-12-28T23:20:00.000+02:00",
        "replies_count": 0,
        "participants_count": 1,
        "site_type": "news",
        "country": "ES",
        "main_image": "https://meneame.net/img/logo_meneame_footer.svg",
        "performance_score": 0,
        "domain_rank": 11108,
        "domain_rank_updated": "2023-12-26T12:06:20.000+02:00",
        "reach": null,
        "social": {
            "facebook": {
                "likes": 0,
                "comments": 0,
                "shares": 0
            },
            "gplus": {
                "shares": 0
            },
            "pinterest": {
                "shares": 0
            },
            "linkedin": {
                "shares": 0
            },
            "stumbledupon": {
                "shares": 0
            },
            "vk": {
                "shares": 0
            }
        }
    },
    "uuid": "fc3d00090f218d4df7231ba39ef2a44490fe30ed",
    "url": "https://www.meneame.net/story/estudio-encuentra-castigo-fisico-predice-habilidades-cognitivas/c024",
    "ord_in_thread": 0,
    "parent_url": null,
    "author": "abnog",
    "published": "2023-12-28T23:20:00.000+02:00",
    "title": "#24 Estudio encuentra que el castigo físico predice habilidades cognitivas más bajas en niños. (ENG)",
    "text": "[NoEresTuSoyYo](/user/NoEresTuSoyYo)a [psypost.org](/go/link/3891531)\nEsto se sabe hace décadas. La gente no grita o pega a sus hijos porque crea realmente que eso les ayude, sino porque sienten el impulso de hacerlo, y las consecuencias a medio o largo plazo les importan una mierda. (Y también cómo se puedan sentir sus hijos, obviamente.)\n[#2](c2#c-2) o los castigos de \"a tu habitación\" o \"al rincón\". Es simplemente porque no puedes lidiar con la situación y te liberas de es situación que no puedes controlar.\n[#7](c7#c-7) Puedes ejercer la autoridad y poner límites a tus hijos sin necesidad de faltarles al respeto ni usar castigos, amenazas, coacción o chantaje emocional.\n[#12](c12#c-12) hay niños y niños, los hay que atienden a razonamientos y losnhay que pasan de tu culo olímpicamente en determinados momentos del día. No es tan fácil.\n[#14](c14#c-14) Nadie dijo que fuera fácil, al contrario, es mucho más difícil. Hay momentos en los que es jodidamente difícil, hay momentos en los que los estrangularías, y hasta hay momentos en los que pierdes los papeles*, como cualquier persona normal. Pero eso no significa que no se merezcan el mismo respeto que cualquier adulto. Lo que muchas veces nos olvidamos es de que su cerebro funciona distinto al nuestro, y que además no saben cómo funciona el mundo, y es nuestra responsabilidad protegerlos, enseñarlos y guiarlos.\n(*: Y las veces que me ha pasado con mi hijo le pido perdón, como haría con cualquier otro.)\n[#16](c16#c-16) totalmente de acuerdo, pero bueno, es que me toca bastante la moral que se venda que todo es posible hablando y explicando las cosas y no, eso no funciona con todos los niños en todo momento.\n[#14](c14#c-14) tengo un sobrino con diagnóstico tdah, creeme que sé que no es fácil. Pero te aseguro que no sirve absolutamente de nada ejercer violencia, amenazar o castigar.\n[#18](c18#c-18) bueno ahí ya hablamos de niños que nunca van a ver el mundo igual que nosotros con lo que interactuar con ellos va a ser siempre de forma diferente.\n[#6](c6#c-6) Estás confundiendo un grito para evitar una situación de peligro, cosa que se haría con cualquiera, niño, adulto o perro, con gritarle a alguien para imponer miedo y autoridad. ¿O te parece igual de bien que te grite alguien por la calle para evitar que te atropellen que que te grite el subnormal de tu jefe?\nLos que están a favor del castigo físico en niños les propongo hacer lo mismo con adultos. Que te pillan infringiendo una norma vial con el coche, una buena bofetada. Que has hecho mal la declaración de la renta, hostia al canto.\nHay muchas maneras de educar, aplicar castigos físicos es la peor de todas y el último recurso de los incompetentes.\n[#3](c3#c-3) El castigo físico siempre va acompañado de insultos verbales, gestuales además de amenazas verbales y físicas.",
    "highlightText": "",
    "highlightTitle": "",
    "highlightThreadTitle": "",
    "language": "spanish",
    "sentiment": "negative",
    "categories": [
        "Human Interest",
        "Health",
        "Science and Technology"
    ],
    "external_links": [],
    "external_images": [],
    "entities": {
        "persons": [],
        "organizations": [],
        "locations": []
    },
    "rating": null,
    "crawled": "2023-12-29T00:26:18.138+02:00",
    "updated": "2023-12-29T00:26:18.138+02:00"
}