{
    "thread": {
        "uuid": "4f06cca7c2ae617fe1ad0fc5a9b24f1dc79d77fa",
        "url": "https://www.lacapital.com.ar/policiales/murio-el-heca-un-joven-que-fue-atacado-balazos-la-zona-sudoeste-rosario-n10110195.html",
        "site_full": "www.lacapital.com.ar",
        "site": "lacapital.com.ar",
        "site_section": "http://lacapital.com.ar",
        "site_categories": [
            "media"
        ],
        "section_title": "La Capital | Noticias, actualidad y toda la información de Rosario y la región",
        "title": "Murió en el Heca un joven que fue atacado a balazos en la zona sudoeste de Rosario",
        "title_full": "Murió en el Heca un joven que fue atacado a balazos en la zona sudoeste de Rosario",
        "published": "2023-12-29T00:01:00.000+02:00",
        "replies_count": 0,
        "participants_count": 1,
        "site_type": "news",
        "country": "AR",
        "main_image": "https://media.lacapital.com.ar/p/3879cd1a64ce40465d3da52a7ae27aac/adjuntos/203/imagenes/101/296/0101296530/1200x675/smart/balacera13jpg.jpg",
        "performance_score": 0,
        "domain_rank": 30547,
        "domain_rank_updated": "2023-12-26T12:06:20.000+02:00",
        "reach": null,
        "social": {
            "facebook": {
                "likes": 0,
                "comments": 0,
                "shares": 0
            },
            "gplus": {
                "shares": 0
            },
            "pinterest": {
                "shares": 0
            },
            "linkedin": {
                "shares": 0
            },
            "stumbledupon": {
                "shares": 0
            },
            "vk": {
                "shares": 0
            }
        }
    },
    "uuid": "4f06cca7c2ae617fe1ad0fc5a9b24f1dc79d77fa",
    "url": "https://www.lacapital.com.ar/policiales/murio-el-heca-un-joven-que-fue-atacado-balazos-la-zona-sudoeste-rosario-n10110195.html",
    "ord_in_thread": 0,
    "parent_url": null,
    "author": "@lacapital",
    "published": "2023-12-29T00:01:00.000+02:00",
    "title": "Murió en el Heca un joven que fue atacado a balazos en la zona sudoeste de Rosario",
    "text": "Un joven de 17 años fue ejecutado a balazos este jueves a la tarde en la zona sudoeste de Rosario y murió minutos después en el Hospital de Emergencia \"Clemente Alvarez\" (HECA) producto de las heridas recibidas. Un joven de 17 años fue ejecutado a balazos este jueves a la tarde en la zona sudoeste de Rosario y murió minutos después en el Hospital de Emergencia \"Clemente Alvarez\" (HECA) producto de las heridas recibidas. De acuerdo a las primeras informaciones, la víctima estaba en la zona de Pasaje Lido al 2500 cuando fue abordado por dos personas que se movilizaban en un moto tipo Rouser 400, de color negra, quienes abrieron fuego contra la víctima (Valentín F.). El joven fue trasladado inmediatamente por vecinos en una Kangoo color verde al Heca, donde minutos más tarde (alrededor de las 17.15) murió pese al esfuerzo de los médicos por salvarle la vida. La víctima presentaba múltiples heridas de arma de fuego. En el lugar la policía halló hasta el momento cuatro vainas servidas. Por razones de jurisdicción interviene personal de la Comisaría 21 y el fiscal interviniente dispuso entre las primeras medidas de investigación la toma de testimonios y el relevamiento de cámaras de vigilancia de la zona en busca de imágenes que aporten información tanto sobre la mecánica de lo sucedido. Es el crimen 256 en lo que va del año en el departamento Rosario, y el 18 en lo que va del último mes del año.",
    "highlightText": "",
    "highlightTitle": "",
    "highlightThreadTitle": "",
    "language": "spanish",
    "sentiment": "negative",
    "categories": [
        "Health",
        "Crime, Law and Justice"
    ],
    "external_links": [],
    "external_images": [],
    "entities": {
        "persons": [],
        "organizations": [],
        "locations": []
    },
    "rating": null,
    "crawled": "2023-12-29T00:24:56.550+02:00",
    "updated": "2023-12-29T00:24:56.550+02:00"
}