{
    "thread": {
        "uuid": "d419a62223dfc6e85d61e7206cdae4c20833b3f6",
        "url": "https://trevoryhlpg.pages10.com/megasuperstar-59776689",
        "site_full": "trevoryhlpg.pages10.com",
        "site": "pages10.com",
        "site_section": "https://pages10.com/rss-homepage.php?3",
        "site_categories": [],
        "section_title": "pages10.com RSS feed",
        "title": "Megasuperstar",
        "title_full": "Megasuperstar",
        "published": "2023-12-28T19:04:00.000+02:00",
        "replies_count": 0,
        "participants_count": 1,
        "site_type": "news",
        "country": "IN",
        "main_image": "",
        "performance_score": 0,
        "domain_rank": 6184,
        "domain_rank_updated": "2023-12-26T12:06:20.000+02:00",
        "reach": null,
        "social": {
            "facebook": {
                "likes": 0,
                "comments": 0,
                "shares": 0
            },
            "gplus": {
                "shares": 0
            },
            "pinterest": {
                "shares": 0
            },
            "linkedin": {
                "shares": 0
            },
            "stumbledupon": {
                "shares": 0
            },
            "vk": {
                "shares": 0
            }
        }
    },
    "uuid": "d419a62223dfc6e85d61e7206cdae4c20833b3f6",
    "url": "https://trevoryhlpg.pages10.com/megasuperstar-59776689",
    "ord_in_thread": 0,
    "parent_url": null,
    "author": "Trevoryhlpg Pages",
    "published": "2023-12-28T19:04:00.000+02:00",
    "title": "Megasuperstar",
    "text": "Welcome to Megasuperstar - Exactly where Fashion Fulfills Assurance!Discover Your Style with 30% Off and Free delivery for Gals!At Megasuperstar, we have confidence in empowering Girls by way of trend that celebrates individuality and self-assurance. Check out our exquisite collection of trendy, superior-excellent apparel made to elevate your style though giving unparalleled comfort and ease.Why Megasuperstar?Unveil Your Exclusive Fashion: From stylish informal put on to exquisite evening apparel, our varied selection of outfits caters to every element of your lifetime. Each bit is crafted with precision and magnificence in your mind, making certain you jump out in any group.Uncompromising High quality: We choose satisfaction in the standard of our garments. Lavish fabrics, meticulous stitching, and attention to depth determine Just about every creation, guaranteeing an enduring, Excellent expertise with each individual dress in.Special Provide - Minimal Time Only!Enjoy an distinctive thirty% low cost on all Girls’s outfits, furthermore experience the luxurious of free delivery! Elevate your wardrobe with our beautiful assortment, all when enjoying extraordinary personal savings as well as convenience of free of charge shipping straight on your doorway.Unleash Your Assurance, Shop Now!Irrespective of whether you might be seeking the ideal ensemble for any Specific situation or planning to revamp your day-to-day model, Megasuperstar has you protected. Take advantage of this limited-time offer and redefine your fashion journey.Sign up for the Megasuperstar Group:Working experience the Pleasure of vogue and be a Portion of our vibrant community. Share your\nmore info design and style inspirations, get insider strategies, and hook up with like-minded individuals who value the power of manner in boosting self esteem and self-expression.Don’t Overlook Out - Shop Today!Move into the earth of Megasuperstar and Allow your fashion speak volumes. Embrace this special offer you to redefine your wardrobe and embrace the confidence that comes along with Extraordinary style.Empower your style, embrace your self esteem -\nMegasuperstar\nWelcome to Megasuperstar - Exactly where Fashion Fulfills Assurance!Discover Your Style with 30% Off and Free delivery for Gals!At Megasuperstar, we have confidence in empowering Girls by way of trend that celebrates individuality and self-assurance. Check out our exquisite collection of trendy, superior-excellent apparel made to elevate your style though giving unparalleled comfort and ease.Why Megasuperstar?Unveil Your Exclusive Fashion: From stylish informal put on to exquisite evening apparel, our varied selection of outfits caters to every element of your lifetime. Each bit is crafted with precision and magnificence in your mind, making certain you jump out in any group.Uncompromising High quality: We choose satisfaction in the standard of our garments. Lavish fabrics, meticulous stitching, and attention to depth determine Just about every creation, guaranteeing an enduring, Excellent expertise with each individual dress in.Special Provide - Minimal Time Only!Enjoy an distinctive thirty% low cost on all Girls’s outfits, furthermore experience the luxurious of free delivery! Elevate your wardrobe with our beautiful assortment, all when enjoying extraordinary personal savings as well as convenience of free of charge shipping straight on your doorway.Unleash Your Assurance, Shop Now!Irrespective of whether you might be seeking the ideal ensemble for any Specific situation or planning to revamp your day-to-day model, Megasuperstar has you protected. Take advantage of this limited-time offer and redefine your fashion journey.Sign up for the Megasuperstar Group:Working experience the Pleasure of vogue and be a Portion of our vibrant community. Share your",
    "highlightText": "",
    "highlightTitle": "",
    "highlightThreadTitle": "",
    "language": "english",
    "sentiment": "positive",
    "categories": [
        "Economy, Business and Finance",
        "Arts, Culture and Entertainment",
        "Lifestyle and Leisure"
    ],
    "external_links": [
        "http://www.megasuperstar.shop",
        "http://megasuperstar.shop"
    ],
    "external_images": [],
    "entities": {
        "persons": [
            {
                "name": "elev",
                "sentiment": "none"
            }
        ],
        "organizations": [],
        "locations": [
            {
                "name": "megasuperstar",
                "sentiment": "none"
            }
        ]
    },
    "rating": null,
    "crawled": "2023-12-29T01:06:26.733+02:00",
    "updated": "2023-12-29T01:06:26.733+02:00"
}