{
    "thread": {
        "uuid": "e9233c0b107fff3cac30feaafe43a93ab645ed95",
        "url": "https://expressdigest.com/party-season-revives-jigsaw-as-festive-shoppers-splash-out-on-new-dresses/",
        "site_full": "expressdigest.com",
        "site": "expressdigest.com",
        "site_section": "https://www.expressdigest.com",
        "site_categories": [
            "media"
        ],
        "section_title": "Express Digest | News &amp; Magazine",
        "title": "Party season revives Jigsaw as festive shoppers splash out on new dresses | Express Digest",
        "title_full": "Party season revives Jigsaw as festive shoppers splash out on new dresses | Express Digest",
        "published": "2023-12-29T00:01:00.000+02:00",
        "replies_count": 0,
        "participants_count": 1,
        "site_type": "news",
        "country": "GB",
        "main_image": "",
        "performance_score": 0,
        "domain_rank": 33320,
        "domain_rank_updated": "2023-12-26T12:06:20.000+02:00",
        "reach": null,
        "social": {
            "facebook": {
                "likes": 0,
                "comments": 0,
                "shares": 0
            },
            "gplus": {
                "shares": 0
            },
            "pinterest": {
                "shares": 0
            },
            "linkedin": {
                "shares": 0
            },
            "stumbledupon": {
                "shares": 0
            },
            "vk": {
                "shares": 0
            }
        }
    },
    "uuid": "e9233c0b107fff3cac30feaafe43a93ab645ed95",
    "url": "https://expressdigest.com/party-season-revives-jigsaw-as-festive-shoppers-splash-out-on-new-dresses/",
    "ord_in_thread": 0,
    "parent_url": null,
    "author": "ExpressDigest",
    "published": "2023-12-29T00:01:00.000+02:00",
    "title": "Party season revives Jigsaw as festive shoppers splash out on new dresses | Express Digest",
    "text": "Royal approval: The Princess of Wales (pictured) used to work in a Jigsaw store One of the Princess of Wales’ favourite labels has enjoyed a much-needed revival as shoppers splash on party dresses. Jigsaw’s parent company Mountain Berg revealed sales climbed to £56.8million in the year to the end of January. This was up from the £47.7million it raked in the year before, when lockdown restrictions were first being lifted. This meant that profits also jumped to £1.9million, a £700,000 boost on the previous year. Jigsaw has featured in the wardrobes of middle-class women for 50 years and is a favourite of Kate, who used to work in a store. But it had been struggling even before the pandemic struck as tough competition in women’s mid-market fashion left the chain nursing losses. And lockdown restrictions meant that Jigsaw was forced to close many of its stores. But since the world has opened back up, the company has pushed ahead with a stronger online offering, forged partnerships with the likes of Next and is seeking locations for new stores. *** [Read more at DailyMail.co.uk](https://www.dailymail.co.uk/money/markets/article-12907533/Party-season-revives-Jigsaw-festive-shoppers-splash-new-dresses.html?ns_mchannel=rss&ns_campaign=1490&ito=1490)",
    "highlightText": "",
    "highlightTitle": "",
    "highlightThreadTitle": "",
    "language": "english",
    "sentiment": "positive",
    "categories": [
        "Arts, Culture and Entertainment",
        "Economy, Business and Finance"
    ],
    "external_links": [
        "https://www.dailymail.co.uk/money/markets/article-12907533/Party-season-revives-Jigsaw-festive-shoppers-splash-new-dresses.html?ns_mchannel=rss&ns_campaign=1490&ito=1490)",
        "https://dailymail.co.uk/money/markets/article-12907533/Party-season-revives-Jigsaw-festive-shoppers-splash-new-dresses.html?ns_mchannel=rss&ns_campaign=1490&ito=1490)",
        "https://www.dailymail.co.uk/money/markets/article-12907533/Party-season-revives-Jigsaw-festive-shoppers-splash-new-dresses.html"
    ],
    "external_images": [],
    "entities": {
        "persons": [
            {
                "name": "jigsaw",
                "sentiment": "negative"
            },
            {
                "name": "kate",
                "sentiment": "none"
            }
        ],
        "organizations": [
            {
                "name": "express digest royal",
                "sentiment": "negative"
            },
            {
                "name": "mountain berg",
                "sentiment": "none"
            }
        ],
        "locations": [
            {
                "name": "wales",
                "sentiment": "none"
            }
        ]
    },
    "rating": null,
    "crawled": "2023-12-29T00:24:48.594+02:00",
    "updated": "2023-12-29T00:24:48.594+02:00"
}