{
    "thread": {
        "uuid": "5143ccd40bc9084bd03a3e816be0f3244377cfa4",
        "url": "https://tysonulzm42198.corpfinwiki.com/7955620/best_website_for_second_hand_cars",
        "site_full": "tysonulzm42198.corpfinwiki.com",
        "site": "corpfinwiki.com",
        "site_section": "https://corpfinwiki.com/rss-homepage.php?1",
        "site_categories": [],
        "section_title": "corpfinwiki.com RSS feed",
        "title": "Best Website for Second Hand Cars",
        "title_full": "Best Website for Second Hand Cars",
        "published": "2023-12-28T23:11:00.000+02:00",
        "replies_count": 0,
        "participants_count": 1,
        "site_type": "news",
        "country": "BE",
        "main_image": "",
        "performance_score": 0,
        "domain_rank": 32613,
        "domain_rank_updated": "2023-12-26T12:06:20.000+02:00",
        "reach": null,
        "social": {
            "facebook": {
                "likes": 0,
                "comments": 0,
                "shares": 0
            },
            "gplus": {
                "shares": 0
            },
            "pinterest": {
                "shares": 0
            },
            "linkedin": {
                "shares": 0
            },
            "stumbledupon": {
                "shares": 0
            },
            "vk": {
                "shares": 0
            }
        }
    },
    "uuid": "5143ccd40bc9084bd03a3e816be0f3244377cfa4",
    "url": "https://tysonulzm42198.corpfinwiki.com/7955620/best_website_for_second_hand_cars",
    "ord_in_thread": 0,
    "parent_url": null,
    "author": "corpfinwiki.com",
    "published": "2023-12-28T23:11:00.000+02:00",
    "title": "Best Website for Second Hand Cars",
    "text": "Best Website for Second Hand Cars\nWiki Article\nBest Website for Second Hand Cars\nWhen it comes to buying a used car, the internet has made the process much easier and more convenient. There are numerous websites available that provide detailed listings, car reviews, buyer guides, and other resources to help you find the perfect second-hand car. In this article, we will explore the best websites for buying second-hand cars, considering factors such as reputation, search tools, pricing, buyer resources, and more.\n1. CarGurus: Best for Cheap Cars\nCarGurus is our top pick for finding affordable second-hand cars. Founded in 2006, this online car marketplace offers advanced research tools that accurately assess a vehicle's true market value. One unique feature of CarGurus is its \"deal rating,\" which sorts the results from the best deal to the most overpriced. This ensures that you're presented with the best deals available. CarGurus also provides helpful information on its blog and allows owners to list their cars for free.\n2. Autotrader: Best Advanced Search Functions\nAutotrader is one of the most recognized online auto marketplaces and offers a wide range of listings for new and used cars. With over three million listings nationwide, Autotrader stands out for its advanced search functions. The website allows users to select nearly any search criteria, including gas mileage, exterior and interior colors, transmission type, technology, and more. Autotrader also provides comprehensive car reviews, finance calculators, and other useful resources for car buyers and sellers.\n3. CarsDirect: Best Basic Option\nFor those looking for a simple and straightforward shopping experience, CarsDirect is the best choice. This website allows you to compare listings from local dealerships, making it easy to find the best deals in your area. CarsDirect's uncluttered website and user-friendly search engine ensure a smooth browsing experience. Additionally, the website offers buyer guides, car news, videos, reports, and a trade-in valuation tool to assist you in your car-buying journey.\n4. Hemmings: Best for Classic Cars\nIf you're a classic car enthusiast, Hemmings is the go-to website for buying and selling classic cars and car parts. With over 10,000 searchable car ads, Hemmings offers a wide selection of classic vehicles. The website also provides a wealth of resources for classic car lovers, including pricing guides, buying tips, virtual showrooms, a blog, newsletters, and multiple magazines dedicated to classic cars. Hemmings also offers advertising packages for sellers, allowing them to reach a targeted audience.\n5. Autolist: Best for Mobile Users\nAutolist is a unique website that compiles listings from dozens of used car apps and websites, making it a convenient platform for mobile users. The Autolist app, which has been downloaded over seven million times, provides an intuitive and easy-to-use interface for browsing millions of used car listings. The app displays valuable information on each vehicle, including price changes and CARFAX reports. Autolist also allows owners to sell their cars online and provides an intelligent tool to calculate a fair asking price.\n6. AutoTempest: Best for Comparing Options\nAutoTempest stands out for its ability to compile listings from the largest number of sites, including Craigslist, Autotrader, and CarsDirect. By accessing multiple databases, AutoTempest offers a comprehensive selection of used cars to choose from. The website's smart search pages display targeted buyer guides, and a car pricing tool helps shoppers find the best deals available. AutoTempest also provides useful resources such as car reviews, checklists, and negotiation tips.\n7. Cars & Bids: Best Auction Site\nFor those interested in participating in car auctions, Cars & Bids is the best website to visit. Created in 2020 by automotive reviewer Doug DeMuro, this online auction site focuses on cars from the 1980s and newer. Cars & Bids offers an easy listing process, free vehicle history reports for every listing, and low auction fees. The website ensures a safe and efficient platform for buying and selling modern cars.\nConclusion\nWhen it comes to buying second-hand cars, these websites provide excellent resources and tools to assist you in finding the perfect vehicle. Whether you're looking for cheap cars, advanced search functions, a user-friendly experience, classic cars, mobile accessibility, comparison options, or an auction site, there's a website that caters to your specific needs. Take advantage of these platforms to make your used car buying experience seamless and enjoyable.\nReport this wiki page",
    "highlightText": "",
    "highlightTitle": "",
    "highlightThreadTitle": "",
    "language": "english",
    "sentiment": "positive",
    "categories": [
        "Lifestyle and Leisure",
        "Economy, Business and Finance"
    ],
    "external_links": [
        "https://www.socialloots.com/best-website-for-second-hand-cars",
        "https://socialloots.com/best-website-for-second-hand-cars"
    ],
    "external_images": [],
    "entities": {
        "persons": [],
        "organizations": [
            {
                "name": "best website for second hand cars best",
                "sentiment": "neutral"
            }
        ],
        "locations": []
    },
    "rating": null,
    "crawled": "2023-12-29T00:16:50.182+02:00",
    "updated": "2023-12-29T00:16:50.182+02:00"
}