{
    "thread": {
        "uuid": "b05684df120ab024e4a249a8c129e3d6e7a8b950",
        "url": "https://ground.news/article/sbw-says-manus-million-dollar-rugby-bid-can-make-him-an-even-bigger-nrl-asset",
        "site_full": "ground.news",
        "site": "ground.news",
        "site_section": "https://ground.news/interest/city-of-perth",
        "site_categories": [],
        "section_title": "Perth, AU Breaking News Headlines Today | Ground News",
        "title": "Ground News - SBW says Manu’s million-dollar rugby bid can make him an even bigger NRL asset",
        "title_full": "Ground News - SBW says Manu’s million-dollar rugby bid can make him an even bigger NRL asset",
        "published": "2023-12-29T00:00:00.000+02:00",
        "replies_count": 0,
        "participants_count": 1,
        "site_type": "news",
        "country": "CA",
        "main_image": "",
        "performance_score": 0,
        "domain_rank": 29780,
        "domain_rank_updated": "2023-12-26T12:06:20.000+02:00",
        "reach": null,
        "social": {
            "facebook": {
                "likes": 0,
                "comments": 0,
                "shares": 0
            },
            "gplus": {
                "shares": 0
            },
            "pinterest": {
                "shares": 0
            },
            "linkedin": {
                "shares": 0
            },
            "stumbledupon": {
                "shares": 0
            },
            "vk": {
                "shares": 0
            }
        }
    },
    "uuid": "b05684df120ab024e4a249a8c129e3d6e7a8b950",
    "url": "https://ground.news/article/sbw-says-manus-million-dollar-rugby-bid-can-make-him-an-even-bigger-nrl-asset",
    "ord_in_thread": 0,
    "parent_url": null,
    "author": "Ground News",
    "published": "2023-12-29T00:00:00.000+02:00",
    "title": "Ground News - SBW says Manu’s million-dollar rugby bid can make him an even bigger NRL asset",
    "text": "Summary by Ground News Sonny Bill Williams returned to the NRL in 2013 and finished the year with a premiership. The Roosters have several moving pieces in their salary cap in the coming years. Dragons five-eighth Talatau Amone has formally accepted his NRL deregistration for his role in a rooftop hammer attack on a tradie in Wollongong. Share menu More\nFilters 1 Articles 1 Articles All Left Center Right\nSydney Morning Herald Lean Left High Factuality Media Conglomerate: Nine Entertainment Co. SBW says Manu’s million-dollar rugby bid can make him an even bigger NRL asset Sonny Bill Williams is one of few NRL players to tread the path Joey Manu is eyeing in Japan. Not only is he applauding the prospective move, Williams can see the NRL benefitting.\n4 hours ago · Sydney, Australia Read Full Article\nSydney Morning Herald Lean Left High Factuality Media Conglomerate: Nine Entertainment Co.\nSBW says Manu’s million-dollar rugby bid can make him an even bigger NRL asset Sonny Bill Williams is one of few NRL players to tread the path Joey Manu is eyeing in Japan. Not only is he applauding the prospective move, Williams can see the NRL benefitting.\n4 hours ago · Sydney, Australia Read Full Article Think freely. Subscribe and get full access to Ground News Subscriptions start at $9.99/year Subscribe",
    "highlightText": "",
    "highlightTitle": "",
    "highlightThreadTitle": "",
    "language": "english",
    "sentiment": "positive",
    "categories": [
        "Sport",
        "Economy, Business and Finance"
    ],
    "external_links": [
        "https://www.smh.com.au/sport/nrl/sbw-says-manu-s-million-dollar-rugby-bid-can-make-him-an-even-bigger-nrl-asset-20231228-p5eu1h.html?utm_source=ground.news&utm_medium=referral",
        "https://www.smh.com.au/sport/nrl/sbw-says-manu-s-million-dollar-rugby-bid-can-make-him-an-even-bigger-nrl-asset-20231228-p5eu1h.html",
        "https://smh.com.au/sport/nrl/sbw-says-manu-s-million-dollar-rugby-bid-can-make-him-an-even-bigger-nrl-asset-20231228-p5eu1h.html?utm_source=ground.news&utm_medium=referral"
    ],
    "external_images": [],
    "entities": {
        "persons": [
            {
                "name": "sonny bill williams",
                "sentiment": "neutral"
            },
            {
                "name": "manu",
                "sentiment": "neutral"
            },
            {
                "name": "joey manu",
                "sentiment": "none"
            },
            {
                "name": "williams",
                "sentiment": "none"
            },
            {
                "name": "talatau amone",
                "sentiment": "none"
            }
        ],
        "organizations": [
            {
                "name": "ground news - sbw",
                "sentiment": "neutral"
            },
            {
                "name": "nrl",
                "sentiment": "neutral"
            },
            {
                "name": "articles all left center right sydney morning herald lean left high factuality media conglomerate",
                "sentiment": "none"
            },
            {
                "name": "sbw",
                "sentiment": "none"
            },
            {
                "name": "nine entertainment co",
                "sentiment": "none"
            }
        ],
        "locations": [
            {
                "name": "wollongong",
                "sentiment": "none"
            },
            {
                "name": "japan",
                "sentiment": "none"
            },
            {
                "name": "australia",
                "sentiment": "none"
            },
            {
                "name": "sydney",
                "sentiment": "none"
            }
        ]
    },
    "rating": null,
    "crawled": "2023-12-29T00:42:56.355+02:00",
    "updated": "2023-12-29T00:42:56.355+02:00"
}