{
    "thread": {
        "uuid": "af828ca8eb6a0740b257a1fe232d380287b793b7",
        "url": "https://www.radioformula.com.mx/estilo-de-vida/2023/12/28/gran-barata-de-invierno-liverpool-los-tenis-negros-originales-en-remate-por-menos-de-mil-pesos-795577.html",
        "site_full": "www.radioformula.com.mx",
        "site": "radioformula.com.mx",
        "site_section": "https://www.radioformula.com.mx/noticias",
        "site_categories": [
            "social"
        ],
        "section_title": "Radio Fórmula - Radio Fórmula",
        "title": "Gran Barata de Invierno Liverpool: Los tenis negros originales en remate por menos de mil pesos | Radio Fórmula",
        "title_full": "Gran Barata de Invierno Liverpool: Los tenis negros originales en remate por menos de mil pesos | Radio Fórmula",
        "published": "2023-12-29T00:43:00.000+02:00",
        "replies_count": 0,
        "participants_count": 1,
        "site_type": "news",
        "country": "MX",
        "main_image": "https://www.radioformula.com.mx/u/fotografias/m/2023/12/28/f1280x720-739356_871031_5050.jpg",
        "performance_score": 0,
        "domain_rank": 32649,
        "domain_rank_updated": "2023-12-26T12:06:20.000+02:00",
        "reach": null,
        "social": {
            "facebook": {
                "likes": 0,
                "comments": 0,
                "shares": 0
            },
            "gplus": {
                "shares": 0
            },
            "pinterest": {
                "shares": 0
            },
            "linkedin": {
                "shares": 0
            },
            "stumbledupon": {
                "shares": 0
            },
            "vk": {
                "shares": 0
            }
        }
    },
    "uuid": "af828ca8eb6a0740b257a1fe232d380287b793b7",
    "url": "https://www.radioformula.com.mx/estilo-de-vida/2023/12/28/gran-barata-de-invierno-liverpool-los-tenis-negros-originales-en-remate-por-menos-de-mil-pesos-795577.html",
    "ord_in_thread": 0,
    "parent_url": null,
    "author": "Itzel García",
    "published": "2023-12-29T00:43:00.000+02:00",
    "title": "Gran Barata de Invierno Liverpool: Los tenis negros originales en remate por menos de mil pesos | Radio Fórmula",
    "text": "La Gran Barata de Invierno de Liverpool está a todo lo que da, por eso ya te hablamos de [los 8 pares de tenis que se vende con más del 40% de descuento en las sucursales.](https://www.radioformula.com.mx/estilo-de-vida/2023/12/26/gran-barata-de-invierno-liverpool-remata-pares-de-tenis-mas-del-40-de-descuento-795357.html) Ahora tenemos información sobre otra rebaja, pues resulta que la tienda rosa vende pares de tenis originales y de color negro en menos de mil pesos. Esta es tu oportunidad para adquirir un par y estar preparada o preparado para estrenar durante los festejos del Año Nuevo 2024 ¡Aprovecha los descuentos! ¿Cuáles son los tenis negros originales que Liverpool tiene en remate por menos de mil pesos? En la página web de la tienda departamental hay varios modelos que puedes consultar, aunque a continuación te mostraremos algunos que te podrían llamar la atención. Te podría interesar - El primer modelo es un tenis de la marca RBCollection para mujer, de la colección OI23 || Código de Producto: 99962867546|| Estos ejemplares pasaron de costar 1689 pesos a tan sólo 999 pesos. Esto quiere decir que Liverpool les aplicó una rebaja de 690 pesitos. Están disponibles en los números 23, 24, 25, 26 y 27. Son de tipo deportivo con exterior textil, interior textil y suela sintética. La plataforma es de 6 centímetros y están adornados con pedrería. - El segundo modelo es un tenis de la marca K-Swiss para mujer, de la colección Alice V || Código de Producto: 1107565058 || Estos ejemplares tienen un costo de 999 pesos. Están disponibles en los números 22 y 23. Son estilo choclo y están hechos en material sintético. Aunque son en su mayoría negros, la suela es de color blanco. - El tercer modelo es un tenis de la marca DC Shoes para hombre, de la colección Method SN || Código de Producto: 1141678739 || Estos ejemplares pasaron de costar 999 pesos a tan sólo 699 pesos. Esto quiere decir que Liverpool les aplicó una rebaja de 300 pesitos. Este par está construido en material sintético ligero, flexible y resistente, perfecto para patinar. “Lleva costuras que refuerzan las zonas donde se requiere. Cuenta con lengüeta y cordones de ajuste. Su suela de goma ranurada favorece la flexión y mejora el agarre en la tabla y superficie”, se refiere en la descripción del producto. - El cuarto modelo es un tenis de la marca Levi’s para hombre || Código de Producto: 1102899179 || Estos ejemplares pasaron de costar 1299 pesos a tan sólo 909 pesos. Esto quiere decir que Liverpool les aplicó una rebaja de 390 pesitos. En la página de venta, estos pares son definidos como “casuales, elaborados con materiales de tacto suave. Es un diseño clásico y monocolor que podrás combinar con tus jeans favoritos”. ¡Sigue la cuenta de Twitter de Radio Fórmula!",
    "highlightText": "",
    "highlightTitle": "",
    "highlightThreadTitle": "",
    "language": "spanish",
    "sentiment": "positive",
    "categories": [
        "Economy, Business and Finance",
        "Lifestyle and Leisure"
    ],
    "external_links": [],
    "external_images": [],
    "entities": {
        "persons": [],
        "organizations": [],
        "locations": []
    },
    "rating": null,
    "crawled": "2023-12-29T00:56:31.418+02:00",
    "updated": "2023-12-29T00:56:31.418+02:00"
}