{
    "thread": {
        "uuid": "311563bf98379a7cc91fe6bd401e01c1683c6e20",
        "url": "https://swissamericareviews16160.pages10.com/the-ultimate-guide-to-swiss-america-reviews-59776632",
        "site_full": "swissamericareviews16160.pages10.com",
        "site": "pages10.com",
        "site_section": "https://pages10.com/rss-homepage.php?1",
        "site_categories": [],
        "section_title": "pages10.com RSS feed",
        "title": "The Ultimate Guide To swiss america reviews",
        "title_full": "The Ultimate Guide To swiss america reviews",
        "published": "2023-12-28T19:01:00.000+02:00",
        "replies_count": 0,
        "participants_count": 1,
        "site_type": "news",
        "country": "IN",
        "main_image": "",
        "performance_score": 0,
        "domain_rank": 6184,
        "domain_rank_updated": "2023-12-26T12:06:20.000+02:00",
        "reach": null,
        "social": {
            "facebook": {
                "likes": 0,
                "comments": 0,
                "shares": 0
            },
            "gplus": {
                "shares": 0
            },
            "pinterest": {
                "shares": 0
            },
            "linkedin": {
                "shares": 0
            },
            "stumbledupon": {
                "shares": 0
            },
            "vk": {
                "shares": 0
            }
        }
    },
    "uuid": "311563bf98379a7cc91fe6bd401e01c1683c6e20",
    "url": "https://swissamericareviews16160.pages10.com/the-ultimate-guide-to-swiss-america-reviews-59776632",
    "ord_in_thread": 0,
    "parent_url": null,
    "author": "Swissamericareviews",
    "published": "2023-12-28T19:01:00.000+02:00",
    "title": "The Ultimate Guide To swiss america reviews",
    "text": "- thanks very much for finding the time to put up your evaluation. We tremendously enjoy your type words. We value you like a client and look forward to servicing you For several much more years.\nSo, if you’re contemplating your golden yrs and need to help keep much more of that shiny wealth, take into consideration precious metals to your retirement system. It’s a tax-helpful way to generate your golden desires arrive true.\nYou'll find different tips or conditions for every payment. Also, some payment selections will not be offered in all nations. For example, wire transfers and ACH transfers is probably not accessible to consumers beyond America.\nThey’ll lock in These precious coins only for you and hand around a confirmation range to seal the offer. It’s like making sure you can get the entrance-row seats to the top show in town.\nBut the reality is the fact a treasured metals ETF won't present any of your genuine advantages of physical cherished metals possession. An ETF is actually a “paper” asset, it’s a “portion” of the pie, no distinctive than a stock or mutual fund, these types of that when there’s a run that you can buy, the industry closes plus your capability to begin to see the gains of Bodily treasured metals closes with it.\nYou are able to’t read through any Swissamerica reviews devoid of covering\nget more info the other choices available. So, Permit’s endure some of the most important competitors of Swiss America and whatever they can offer you for their clients.\nThey’re such as the smart aged pros in the world of gold and coins, all set to share their understanding and allow you to make wise financial moves.\nMy income representative *** supplies wonderful care with inserting my get and likewise tracking the order right until it's got arrived safely and securely in my possession.\nIf you are a constant reader of our Site, you can recognize that we actually are eager on showing how these cherished metals organizations are rated by trustworthy specialists in the market.\nI might advocate this firm to anyone who incorporates a desire to guard a part of his wealth. Invest in again assurance is an excellent bonus also. Can't go Completely wrong with these men.\nTest our free demo account prior to deciding to open up an actual investing account to explore our intuitive buying and selling platform and improve your techniques.\nExplore 1000s of CFDs on the planet’s hottest financial instruments and have free of charge real-time quotations to examine unlimited trading chances. activeCategoryName\nThat can assist you, we have examined every valuable metals business and determined a pick out few that you could belief.\nIf an organization claims you insane revenue with zero threat, it’s most likely much too fantastic to be true. Rely on your gut, and remember, there’s no these matter as being a free lunch while in the financial commitment planet.\nThe Ultimate Guide To swiss america reviews\n- thanks very much for finding the time to put up your evaluation. We tremendously enjoy your type words. We value you like a client and look forward to servicing you For several much more years.",
    "highlightText": "",
    "highlightTitle": "",
    "highlightThreadTitle": "",
    "language": "english",
    "sentiment": "positive",
    "categories": [
        "Economy, Business and Finance"
    ],
    "external_links": [
        "https://www.linkedin.com/pulse/swiss-america-reviews-madu-daniel-djzuf",
        "https://linkedin.com/pulse/swiss-america-reviews-madu-daniel-djzuf"
    ],
    "external_images": [],
    "entities": {
        "persons": [],
        "organizations": [],
        "locations": [
            {
                "name": "america",
                "sentiment": "none"
            }
        ]
    },
    "rating": null,
    "crawled": "2023-12-29T00:31:22.844+02:00",
    "updated": "2023-12-29T00:31:22.844+02:00"
}