{
    "thread": {
        "uuid": "f81e185c0112f1c2c2704da9388ddd578f09920a",
        "url": "https://ground.news/article/unprecedented-boom-in-the-popularity-of-romance-novels",
        "site_full": "ground.news",
        "site": "ground.news",
        "site_section": "https://ground.news/interest/tylerpapercom",
        "site_categories": [],
        "section_title": "TylerPaper.com Breaking News Headlines Today | Ground News",
        "title": "Ground News - Unprecedented boom in the popularity of romance novels",
        "title_full": "Ground News - Unprecedented boom in the popularity of romance novels",
        "published": "2023-12-28T22:51:00.000+02:00",
        "replies_count": 0,
        "participants_count": 1,
        "site_type": "news",
        "country": "CA",
        "main_image": "",
        "performance_score": 0,
        "domain_rank": 29780,
        "domain_rank_updated": "2023-12-26T12:06:20.000+02:00",
        "reach": null,
        "social": {
            "facebook": {
                "likes": 0,
                "comments": 0,
                "shares": 0
            },
            "gplus": {
                "shares": 0
            },
            "pinterest": {
                "shares": 0
            },
            "linkedin": {
                "shares": 0
            },
            "stumbledupon": {
                "shares": 0
            },
            "vk": {
                "shares": 0
            }
        }
    },
    "uuid": "f81e185c0112f1c2c2704da9388ddd578f09920a",
    "url": "https://ground.news/article/unprecedented-boom-in-the-popularity-of-romance-novels",
    "ord_in_thread": 0,
    "parent_url": null,
    "author": "TylerPaper.com",
    "published": "2023-12-28T22:51:00.000+02:00",
    "title": "Ground News - Unprecedented boom in the popularity of romance novels",
    "text": "Summary by TylerPaper.com Romance novels generate around $1.44 billion in revenue every year. In a growing market that exploded even further during the pandemic, stories of love and lust rank as the highest-earning fiction genre. Share menu More\nFilters 1 Articles 1 Articles All Left Center Right\nTylerPaper.com Lean Right High Factuality Unprecedented boom in the popularity of romance novels Romance novels generate around $1.44 billion in revenue every year. In a growing market that exploded even further during the pandemic, stories of love and lust rank as the highest-earning fiction genre.\n2 hours ago Read Full Article\nTylerPaper.com Lean Right High Factuality\nUnprecedented boom in the popularity of romance novels Romance novels generate around $1.44 billion in revenue every year. In a growing market that exploded even further during the pandemic, stories of love and lust rank as the highest-earning fiction genre.\n2 hours ago Read Full Article Think freely. Subscribe and get full access to Ground News Subscriptions start at $9.99/year Subscribe",
    "highlightText": "",
    "highlightTitle": "",
    "highlightThreadTitle": "",
    "language": "english",
    "sentiment": "positive",
    "categories": [
        "Lifestyle and Leisure",
        "Arts, Culture and Entertainment",
        "Economy, Business and Finance"
    ],
    "external_links": [
        "https://tylerpaper.com/lifestyle/unprecedented-boom-in-the-popularity-of-romance-novels/article_e1aebd5e-a5c2-11ee-acd4-73fa530719be.html?utm_source=ground.news&utm_medium=referral",
        "https://tylerpaper.com/lifestyle/unprecedented-boom-in-the-popularity-of-romance-novels/article_e1aebd5e-a5c2-11ee-acd4-73fa530719be.html",
        "https://www.tylerpaper.com/lifestyle/unprecedented-boom-in-the-popularity-of-romance-novels/article_e1aebd5e-a5c2-11ee-acd4-73fa530719be.html?utm_source=ground.news&utm_medium=referral"
    ],
    "external_images": [],
    "entities": {
        "persons": [],
        "organizations": [
            {
                "name": "ground news subscriptions",
                "sentiment": "none"
            }
        ],
        "locations": []
    },
    "rating": null,
    "crawled": "2023-12-29T00:43:10.485+02:00",
    "updated": "2023-12-29T00:43:10.485+02:00"
}