{
    "thread": {
        "uuid": "ce62d9c9cc4fc22fad9d89f0df2234f7fe16f7e5",
        "url": "https://www.laprovincia.es/sociedad/2023/12/28/loteria-nacional-da-campanazo-jueves-96346973.html",
        "site_full": "www.laprovincia.es",
        "site": "laprovincia.es",
        "site_section": "https://www.laprovincia.es/rss/section/9010",
        "site_categories": [
            "media"
        ],
        "section_title": "",
        "title": "La Lotería Nacional da el campanazo este jueves en Canarias: el primer premio cae en tres islas",
        "title_full": "La Lotería Nacional da el campanazo este jueves en Canarias: el primer premio cae en tres islas",
        "published": "2023-12-28T22:49:00.000+02:00",
        "replies_count": 0,
        "participants_count": 1,
        "site_type": "news",
        "country": "ES",
        "main_image": "https://estaticos-cdn.prensaiberica.es/clip/1f383208-5682-4551-a063-ee7588664039_16-9-aspect-ratio_default_0.jpg",
        "performance_score": 0,
        "domain_rank": 28852,
        "domain_rank_updated": "2023-12-26T12:06:20.000+02:00",
        "reach": null,
        "social": {
            "facebook": {
                "likes": 0,
                "comments": 0,
                "shares": 0
            },
            "gplus": {
                "shares": 0
            },
            "pinterest": {
                "shares": 0
            },
            "linkedin": {
                "shares": 0
            },
            "stumbledupon": {
                "shares": 0
            },
            "vk": {
                "shares": 0
            }
        }
    },
    "uuid": "ce62d9c9cc4fc22fad9d89f0df2234f7fe16f7e5",
    "url": "https://www.laprovincia.es/sociedad/2023/12/28/loteria-nacional-da-campanazo-jueves-96346973.html",
    "ord_in_thread": 0,
    "parent_url": null,
    "author": "La pluma de la Fortuna",
    "published": "2023-12-28T22:49:00.000+02:00",
    "title": "La Lotería Nacional da el campanazo este jueves en Canarias: el primer premio cae en tres islas",
    "text": "La fortuna sigue su idilio con\nCanarias. La Lotería Nacional no abandona las Islas después de la lluvia de millones que cayeron el pasado viernes con el Sorteo Extraordinario de Navidad. En esta ocasión el primer premio de la Lotería del Jueves se ha paseado por Canarias dejando miles de euros en tres islas, con 30.000 euros por décimo premiado. No se trata de una inocentada de este 28 de noviembre, día de los Santos Inocentes. Al menos, han caído 120.000 euros por cuatro décimos vendidos.\nGran Canaria, Fuerteventura y Tenerife han resultado agraciadas con el 03896, cuyos boletos han sido sellados en esas islas. En concreto, al menos uno de los décimos ha sido registrado en el Despacho Receptor Nº 43.390, situado en la calle Juan Rejón, 95, en Las Palmas de Gran Canaria.\nLa suerte también ha viajado hasta la capital de Fuerteventura,\nPuerto del Rosario. El Despacho Receptor 44.945 es el que ha dado hoy el primer premio de la Lotería del Jueves. Está situado en la calle Antonio Jorge, 8.\nPor partida doble en Tenerife\nPor último, en Tenerife, en Santa Cruz de Tenerife, el primer premio ha caído en Santa Cruz de Tenerife, en el Despacho Receptor 67.880 (Pasaje Tinizara Bloque 2, Local 26) y en\nSan Cristóbal de La Laguna, en el Despacho Receptor 67.265 (calle Doctor Olivera, 7).",
    "highlightText": "",
    "highlightTitle": "",
    "highlightThreadTitle": "",
    "language": "spanish",
    "sentiment": "positive",
    "categories": [
        "Human Interest",
        "Economy, Business and Finance",
        "Arts, Culture and Entertainment"
    ],
    "external_links": [
        "https://www.elperiodico.com/es/loteria-navidad/",
        "https://www.elperiodico.com/es/loteria-navidad",
        "https://elperiodico.com/es/loteria-navidad/"
    ],
    "external_images": [],
    "entities": {
        "persons": [],
        "organizations": [],
        "locations": []
    },
    "rating": null,
    "crawled": "2023-12-29T00:32:08.551+02:00",
    "updated": "2023-12-29T00:32:08.551+02:00"
}