{
    "thread": {
        "uuid": "c1a1bcc5e57c47c72c0b396690fd0f8cc58c651b",
        "url": "https://www.voxy.co.nz/national/kiwi-shoppers-declare-a-winner-boxing-day-knocks-out-black-friday-for-online-shopping-nz-compare/7142/",
        "site_full": "www.voxy.co.nz",
        "site": "voxy.co.nz",
        "site_section": "http://emm.newsbrief.eu/rss/rss?type=rtn&language=en&duplicates=false",
        "site_categories": [
            "media"
        ],
        "section_title": "Latest news clusters for en",
        "title": "Kiwi shoppers declare a winner: Boxing Day knocks out Black Friday for online shopping – NZ Compare",
        "title_full": "Kiwi shoppers declare a winner: Boxing Day knocks out Black Friday for online shopping – NZ Compare",
        "published": "2023-12-28T08:53:00.000+02:00",
        "replies_count": 0,
        "participants_count": 1,
        "site_type": "news",
        "country": "NZ",
        "main_image": "",
        "performance_score": 0,
        "domain_rank": 48952,
        "domain_rank_updated": "2023-12-26T12:06:25.000+02:00",
        "reach": null,
        "social": {
            "facebook": {
                "likes": 0,
                "comments": 0,
                "shares": 0
            },
            "gplus": {
                "shares": 0
            },
            "pinterest": {
                "shares": 0
            },
            "linkedin": {
                "shares": 0
            },
            "stumbledupon": {
                "shares": 0
            },
            "vk": {
                "shares": 0
            }
        }
    },
    "uuid": "c1a1bcc5e57c47c72c0b396690fd0f8cc58c651b",
    "url": "https://www.voxy.co.nz/national/kiwi-shoppers-declare-a-winner-boxing-day-knocks-out-black-friday-for-online-shopping-nz-compare/7142/",
    "ord_in_thread": 0,
    "parent_url": null,
    "author": "Fuseworks Media",
    "published": "2023-12-28T08:53:00.000+02:00",
    "title": "Kiwi shoppers declare a winner: Boxing Day knocks out Black Friday for online shopping – NZ Compare",
    "text": "This Boxing Day saw an 11% surge in site visitors versus Black Friday as Kiwis stick with tradition for their online shopping via\n[PriceMe.co.nz](www.PriceMe.co.nz).\nIn these ever-changing times it is nice to know that some things stay very much the same… and\n[PriceMe.co.nz](www.PriceMe.co.nz) proudly announces that Boxing Day has solidified its position as Kiwis’ favourite day for online shopping, comfortably beating the increasingly high-traffic days of Black Friday and Cyber Monday.\nIn the bustling digital landscape, PriceMe.co.nz experienced an impressive 11% increase in site visitors on Boxing Day compared to Black Friday, defying expectations and reinforcing the day’s significance for savvy shoppers in New Zealand.\nWhat makes this achievement even more noteworthy is the nuanced pattern observed in the visitor numbers. While Boxing Day itself witnessed slightly lower overall traffic versus 2022, a closer look at the data reveals a fascinating trend. The lead-up to Boxing Day saw a substantial surge in online activity, particularly on Christmas Eve and Christmas Day. This shift indicates a strategic move by online retailers to kick off their Boxing Day sales well ahead of the designated day, enticing consumers early in the holiday season.\n[PriceMe.co.nz](www.PriceMe.co.nz) has emerged as the go-to platform for Kiwis seeking the best deals and exclusive offers, especially during the festive shopping season. The data reflects the platform’s success in not only retaining its user base but also attracting new visitors during the critical shopping period.\nGavin Male, CEO of PriceMe.co.nz, expressed his excitement about the results, stating, “We are thrilled to see Boxing Day emerge as the preferred day for online shopping among Kiwis. It’s a testament to the habits of the Kiwi consumer and the trust our users place in PriceMe.co.nz to deliver the best deals, pricing info and a seamless shopping experience.”\nMale continues, “As the digital shopping landscape continues to evolve, PriceMe.co.nz remains committed to providing a user-friendly platform that empowers consumers with comprehensive information and unbeatable price comparison data, making the best deals even better!”\nAbout PriceMe.co.nz:\nPriceMe.co.nz is a leading online shopping platform dedicated to providing consumers with an extensive range of products, unbiased reviews, and the best deals from trusted retailers. With a commitment to transparency and user satisfaction, PriceMe.co.nz has become a go-to destination for Kiwis seeking a superior online shopping experience. PriceMe.co.nz is part of NZ Compare.\nPowered by Fuseworks and Truescope -\nMedia monitoring, insights and news distribution for New Zealand organisations.",
    "highlightText": "",
    "highlightTitle": "",
    "highlightThreadTitle": "",
    "language": "english",
    "sentiment": "positive",
    "categories": [
        "Economy, Business and Finance"
    ],
    "external_links": [
        "https://www.truescope.com/solutions/dashboards",
        "https://fuseworksmedia.com/nz/media-monitoring",
        "https://fuseworksmedia.com/nz/news-distribution",
        "https://www.fuseworksmedia.com/nz/media-monitoring",
        "https://www.fuseworksmedia.com/nz/news-distribution",
        "https://truescope.com/solutions/dashboards"
    ],
    "external_images": [],
    "entities": {
        "persons": [
            {
                "name": "kiwi",
                "sentiment": "negative"
            }
        ],
        "organizations": [
            {
                "name": "kiwis",
                "sentiment": "negative"
            }
        ],
        "locations": [
            {
                "name": "new zealand",
                "sentiment": "none"
            }
        ]
    },
    "rating": null,
    "crawled": "2023-12-29T00:38:49.966+02:00",
    "updated": "2023-12-29T00:38:49.966+02:00"
}