{
    "thread": {
        "uuid": "87cc81fa7b29fc42cc1caecbd5d52445f8d5eeb2",
        "url": "https://vnexplorer.net/desafios-de-ahorro-para-2024-estos-3-retos-mejoraran-tus-finanzas-s697110.html",
        "site_full": "vnexplorer.net",
        "site": "vnexplorer.net",
        "site_section": "https://vnexplorer.net/latest",
        "site_categories": [
            "health",
            "cold_and_flu"
        ],
        "section_title": "Latest breaking 24h news around the world - VNExplorer",
        "title": "Desafíos de ahorro para 2024: Estos 3 retos mejorarán tus finanzas",
        "title_full": "Desafíos de ahorro para 2024: Estos 3 retos mejorarán tus finanzas",
        "published": "2023-12-29T00:14:00.000+02:00",
        "replies_count": 0,
        "participants_count": 1,
        "site_type": "news",
        "country": "US",
        "main_image": "https://img-s-msn-com.akamaized.net/tenant/amp/entityid/AA1magCc.img",
        "performance_score": 0,
        "domain_rank": 45352,
        "domain_rank_updated": "2023-12-26T12:06:25.000+02:00",
        "reach": null,
        "social": {
            "facebook": {
                "likes": 0,
                "comments": 0,
                "shares": 0
            },
            "gplus": {
                "shares": 0
            },
            "pinterest": {
                "shares": 0
            },
            "linkedin": {
                "shares": 0
            },
            "stumbledupon": {
                "shares": 0
            },
            "vk": {
                "shares": 0
            }
        }
    },
    "uuid": "87cc81fa7b29fc42cc1caecbd5d52445f8d5eeb2",
    "url": "https://vnexplorer.net/desafios-de-ahorro-para-2024-estos-3-retos-mejoraran-tus-finanzas-s697110.html",
    "ord_in_thread": 0,
    "parent_url": null,
    "author": "VNExplorer",
    "published": "2023-12-29T00:14:00.000+02:00",
    "title": "Desafíos de ahorro para 2024: Estos 3 retos mejorarán tus finanzas",
    "text": "Retos del ahorro para iniciar en 2024\nCon el inicio de un nuevo año, muchas personas buscan oportunidades para mejorar su situación financiera. Si estás en esta situación, aquí te contamos de 3 retos que mejorarán tus finanzas en 2024.\nY es que iniciar un nuevo año es un momento ideal para establecer metas y desafíos que fomenten el hábito del ahorro. Y con estos tres retos de ahorro que podrás implementar desde el 1 de enero te harán empezar el 2024 con el pie derecho y fortalecer tu economía.\nTe recomendamos: Reto de ahorro: Cómo conseguir 10 mil pesos en tan solo 21 semanas\nEstos son los 3 retos de ahorro que puedes aplicar en 2024 El reto de las 52 semanas El reto de las 52 semanas se ha popularizado como una forma efectiva y gradual de ahorrar. Consiste en depositar una cantidad de dinero que corresponde al número de la semana del año.\nPor ejemplo, en la primera semana ahorras 10 pesos, en la segunda 20 pesos, y así sucesivamente hasta llegar a la semana 52, donde ahorrarías 520 pesos.\nAl final del año, habrás acumulado un total de 13,780 pesos. Este método es ideal para quienes buscan comenzar a ahorrar de manera constante y progresiva, adaptándose a las posibilidades económicas de cada persona a lo largo del año.\nTikTok Money Challenge El TikTok Money Challenge ha ganado popularidad por su enfoque interactivo y flexible para ahorrar.\nDicho reto se basa en seguir una plantilla de ahorro durante 100 días, depositando diferentes cantidades de dinero cada día en un bote o alcancía (aquí dependerá de tus gustos).\nExisten diferentes versiones de la plantilla, algunas diseñadas para ahorrar un total de 5,050 pesos, mientras que otras más ambiciosas permiten alcanzar hasta 50,500 pesos al final del reto.\nEste desafío es especialmente atractivo para quienes disfrutan de un enfoque más lúdico y variado en su ruta de ahorro.\nPor ejemplo, si tu plantilla es de 100 días, el día 1 depositarán un peso, el día 2, dos pesos y así sucesivamente.\nEl Reto de los 30 días Para quienes prefieren establecer metas de ahorro a corto plazo, el reto de los 30 días ofrece una excelente oportunidad.\nEl objetivo es incrementar la cantidad de dinero ahorrada cada día durante un mes. Puedes comenzar con montos pequeños, como 1 peso el primer día, y aumentar la cantidad diariamente hasta llegar al día 30.\nDependiendo del monto inicial y el incremento diario, puedes acumular desde 465 pesos hasta 4,650 pesos en un solo mes.\nEste reto es ideal para quienes buscan resultados rápidos y quieren experimentar la satisfacción de alcanzar una meta de ahorro en el corto plazo.\nEstos tres retos de ahorro representan solo algunas de las muchas estrategias que puedes adoptar para mejorar tu situación financiera en el Año Nuevo.\nLo importante es elegir un método que se adapte a tus necesidades y capacidades, y sobre todo, mantener la constancia y la paciencia.\n¿Por qué es importante crear una cultura del ahorro? Crear una cultura del ahorro va más allá de las finanzas personales; es un componente vital para que tu vida sea financieramente saludable y contribuir al progreso económico a nivel global.",
    "highlightText": "",
    "highlightTitle": "",
    "highlightThreadTitle": "",
    "language": "spanish",
    "sentiment": "positive",
    "categories": [
        "Lifestyle and Leisure",
        "Economy, Business and Finance"
    ],
    "external_links": [
        "https://img-s-msn-com.akamaized.net/tenant/amp/entityid/AA1magCc.img",
        "https://www.img-s-msn-com.akamaized.net/tenant/amp/entityid/AA1magCc.img"
    ],
    "external_images": [],
    "entities": {
        "persons": [],
        "organizations": [],
        "locations": []
    },
    "rating": null,
    "crawled": "2023-12-29T00:22:36.829+02:00",
    "updated": "2023-12-29T00:22:36.829+02:00"
}