{
    "thread": {
        "uuid": "ebf73a702130e74079f17990ed9fed7103c2ba96",
        "url": "https://www.marionstar.com/story/sports/sports-betting/2023/12/28/princes-picks-back-these-3-nfl-plays-in-week-17/72051472007/",
        "site_full": "www.marionstar.com",
        "site": "marionstar.com",
        "site_section": "https://marionstar.com/sports",
        "site_categories": [
            "media"
        ],
        "section_title": "Marion County Sports",
        "title": "Prince's Picks: Back these 3 NFL plays in Week 17",
        "title_full": "Prince's Picks: Back these 3 NFL plays in Week 17",
        "published": "2023-12-28T22:37:00.000+02:00",
        "replies_count": 0,
        "participants_count": 1,
        "site_type": "news",
        "country": "US",
        "main_image": "",
        "performance_score": 0,
        "domain_rank": 61842,
        "domain_rank_updated": "2023-12-26T12:06:25.000+02:00",
        "reach": null,
        "social": {
            "facebook": {
                "likes": 0,
                "comments": 0,
                "shares": 0
            },
            "gplus": {
                "shares": 0
            },
            "pinterest": {
                "shares": 0
            },
            "linkedin": {
                "shares": 0
            },
            "stumbledupon": {
                "shares": 0
            },
            "vk": {
                "shares": 0
            }
        }
    },
    "uuid": "ebf73a702130e74079f17990ed9fed7103c2ba96",
    "url": "https://www.marionstar.com/story/sports/sports-betting/2023/12/28/princes-picks-back-these-3-nfl-plays-in-week-17/72051472007/",
    "ord_in_thread": 0,
    "parent_url": null,
    "author": "Staff Writer - Unlimited Digital Access",
    "published": "2023-12-28T22:37:00.000+02:00",
    "title": "Prince's Picks: Back these 3 NFL plays in Week 17",
    "text": "Prince's Picks: Back these 3 NFL plays in Week 17 Are you ready for BetFTW senior writer Prince J. Grimes' final picks of 2023? All 3 of Prince's Week 17 picks kick off at 1 p.m. ET Sunday with two games involving big spreads. To start off, Prince likes a double-digit home favorite in an NFC matchup featuring a team with a shot at capturing the No. 1 seed in its conference. His second pick is a double-digit road underdog in an AFC East tilt, while his final selection comes out of the Las Vegas Raiders (7-8) at Indianapolis Colts (8-7) matchup. Check out [USA TODAY Sports Scores and Sports Betting Odds hub](https://sportsdata.usatoday.com/football/nfl/scores) for a full list of scores and odds. 🏈 PRINCE’S PICKS 🏈 via [@betwayusa] The Eagles and Bills are both massive home favorites in Week 17, but [@pgprincej]is fading one of them as he looks to close 2023 on a winning note. Here's a look at who in the final Prince's Picks of 2023 [#bets] [#parlay] [#nfl] [pic.twitter.com/F3YG1hJ0vA] — For The Win (@ForTheWin) [December 28, 2023] For more sports betting picks and tips, check out [SportsbookWire.com](https://sportsbookwire.usatoday.com/) and [BetFTW](https://ftw.usatoday.com/betftw). Follow @pgprincej on [Twitter/X](https://twitter.com/pgprincej). Follow SportsbookWire on [Twitter/X](https://twitter.com/SportsBookWire) andlike us on Access more NFL coverage: [TheHuddle Fantasy Football](https://thehuddle.com/) | [BearsWire](https://bearswire.usatoday.com/) | [BengalsWire](https://bengalswire.usatoday.com/) | [BillsWire](https://billswire.usatoday.com/) | [BroncosWire](https://broncoswire.usatoday.com/) | [BrownsWire](https://brownswire.usatoday.com/) | [BucsWire](https://bucswire.usatoday.com/) | [CardsWire](https://cardswire.usatoday.com/) | [ChargersWire](https://chargerswire.usatoday.com/) | [ChiefsWire](https://chiefswire.usatoday.com/) | [ColtsWire](https://coltswire.usatoday.com/) | [CommandersWire](https://commanderswire.usatoday.com/) | [CowboysWire](https://cowboyswire.usatoday.com/) | [DolphinsWire](https://dolphinswire.usatoday.com/) | [EaglesWire](https://theeagleswire.usatoday.com/) | [FalconsWire](https://thefalconswire.usatoday.com/) | [GiantsWire](https://giantswire.usatoday.com/) | [JaguarsWire](https://jaguarswire.usatoday.com/) | [JetsWire](https://jetswire.usatoday.com/) | [LionsWire](https://lionswire.usatoday.com/) | [NinersWire](https://ninerswire.usatoday.com/) | [PackersWire](https://packerswire.usatoday.com/) | [PanthersWire](https://pantherswire.usatoday.com/) | [PatriotsWire](https://patriotswire.usatoday.com/) | [RaidersWire](https://raiderswire.usatoday.com/) | [RamsWire](https://theramswire.usatoday.com/) | [RavensWire](https://ravenswire.usatoday.com/) | [SaintsWire](https://saintswire.usatoday.com/) | [SeahawksWire](https://seahawkswire.usatoday.com/) | [SteelersWire](https://steelerswire.usatoday.com/) | [TexansWire](https://texanswire.usatoday.com/) | [TitansWire](https://titanswire.usatoday.com/) | [VikingsWire](https://vikingswire.usatoday.com/) | [DraftWire](https://draftwire.usatoday.com/) | [TouchdownWire](https://touchdownwire.usatoday.com/) | [ListWire](https://thelistwire.usatoday.com/)",
    "highlightText": "",
    "highlightTitle": "",
    "highlightThreadTitle": "",
    "language": "english",
    "sentiment": "positive",
    "categories": [
        "Sport",
        "Economy, Business and Finance",
        "Lifestyle and Leisure"
    ],
    "external_links": [
        "https://bearswire.usatoday.com/)",
        "https://titanswire.usatoday.com/)",
        "https://chargerswire.usatoday.com/)",
        "https://commanderswire.usatoday.com/)",
        "https://bucswire.usatoday.com/)",
        "https://ftw.usatoday.com/betftw).",
        "https://thefalconswire.usatoday.com/)",
        "https://coltswire.usatoday.com/)",
        "https://thelistwire.usatoday.com/)",
        "https://ravenswire.usatoday.com/)",
        "https://cardswire.usatoday.com/)",
        "https://seahawkswire.usatoday.com/)",
        "https://steelerswire.usatoday.com/)",
        "https://lionswire.usatoday.com/)",
        "https://billswire.usatoday.com/)",
        "https://raiderswire.usatoday.com/)",
        "https://theeagleswire.usatoday.com/)",
        "https://sportsbookwire.usatoday.com/)",
        "https://draftwire.usatoday.com/)",
        "https://chiefswire.usatoday.com/)",
        "https://twitter.com/pgprincej).",
        "https://theramswire.usatoday.com/)",
        "https://cowboyswire.usatoday.com/)",
        "https://ninerswire.usatoday.com/)",
        "https://giantswire.usatoday.com/)",
        "https://jetswire.usatoday.com/)",
        "https://texanswire.usatoday.com/)",
        "https://thehuddle.com/)",
        "https://saintswire.usatoday.com/)",
        "https://packerswire.usatoday.com/)",
        "https://brownswire.usatoday.com/)",
        "https://vikingswire.usatoday.com/)",
        "https://jaguarswire.usatoday.com/)",
        "https://dolphinswire.usatoday.com/)",
        "https://touchdownwire.usatoday.com/)",
        "https://patriotswire.usatoday.com/)",
        "https://pantherswire.usatoday.com/)",
        "https://twitter.com/SportsBookWire)",
        "https://bengalswire.usatoday.com/)",
        "https://sportsdata.usatoday.com/football/nfl/scores)",
        "https://broncoswire.usatoday.com/)",
        "https://www.thefalconswire.usatoday.com/)",
        "https://www.texanswire.usatoday.com/)",
        "https://www.theeagleswire.usatoday.com/)",
        "https://www.ftw.usatoday.com/betftw).",
        "https://www.coltswire.usatoday.com/)",
        "https://www.broncoswire.usatoday.com/)",
        "https://www.giantswire.usatoday.com/)",
        "https://www.sportsdata.usatoday.com/football/nfl/scores)",
        "https://www.seahawkswire.usatoday.com/)",
        "https://www.packerswire.usatoday.com/)",
        "https://www.lionswire.usatoday.com/)",
        "https://www.ravenswire.usatoday.com/)",
        "https://www.thehuddle.com/)",
        "https://www.chargerswire.usatoday.com/)",
        "https://www.raiderswire.usatoday.com/)",
        "https://www.touchdownwire.usatoday.com/)",
        "https://www.jaguarswire.usatoday.com/)",
        "https://www.cowboyswire.usatoday.com/)",
        "https://www.jetswire.usatoday.com/)",
        "https://www.vikingswire.usatoday.com/)",
        "https://www.bearswire.usatoday.com/)",
        "https://www.sportsbookwire.usatoday.com/)",
        "https://www.bengalswire.usatoday.com/)",
        "https://www.theramswire.usatoday.com/)",
        "https://www.draftwire.usatoday.com/)",
        "https://www.cardswire.usatoday.com/)",
        "https://www.billswire.usatoday.com/)",
        "https://www.commanderswire.usatoday.com/)",
        "https://www.saintswire.usatoday.com/)",
        "https://www.bucswire.usatoday.com/)",
        "https://www.twitter.com/pgprincej).",
        "https://www.titanswire.usatoday.com/)",
        "https://www.dolphinswire.usatoday.com/)",
        "https://www.ninerswire.usatoday.com/)",
        "https://www.chiefswire.usatoday.com/)",
        "https://www.thelistwire.usatoday.com/)",
        "https://www.steelerswire.usatoday.com/)",
        "https://www.patriotswire.usatoday.com/)",
        "https://www.pantherswire.usatoday.com/)",
        "https://www.twitter.com/SportsBookWire)",
        "https://www.brownswire.usatoday.com/)"
    ],
    "external_images": [],
    "entities": {
        "persons": [
            {
                "name": "prince j. g",
                "sentiment": "negative"
            }
        ],
        "organizations": [
            {
                "name": "nfl",
                "sentiment": "negative"
            },
            {
                "name": "nfc",
                "sentiment": "none"
            },
            {
                "name": "eagles",
                "sentiment": "none"
            },
            {
                "name": "indianapolis colts",
                "sentiment": "none"
            }
        ],
        "locations": [
            {
                "name": "usa",
                "sentiment": "none"
            }
        ]
    },
    "rating": null,
    "crawled": "2023-12-29T00:37:08.298+02:00",
    "updated": "2023-12-29T00:37:08.298+02:00"
}