{
    "thread": {
        "uuid": "ffbd5561cba53b115d5dc6c9dc2f1b5db597290e",
        "url": "https://www.pulzo.com/carros/carros-electricos-e-hibridos-bogota-tienen-nuevos-cargadores-publicos-gratis-PP3348947",
        "site_full": "www.pulzo.com",
        "site": "pulzo.com",
        "site_section": "http://www.pulzo.com/rss",
        "site_categories": [
            "media"
        ],
        "section_title": "Pulzo.com - home",
        "title": "Alegría para dueños de carros eléctricos por nuevos cargadores en Bogotá; serán gratuitos",
        "title_full": "Alegría para dueños de carros eléctricos por nuevos cargadores en Bogotá; serán gratuitos",
        "published": "2023-12-28T23:56:00.000+02:00",
        "replies_count": 0,
        "participants_count": 1,
        "site_type": "news",
        "country": "CO",
        "main_image": "https://d2yoo3qu6vrk5d.cloudfront.net/pulzo-lite/images-resized/PP3348947-h-o.jpg",
        "performance_score": 0,
        "domain_rank": 56390,
        "domain_rank_updated": "2023-12-26T12:06:25.000+02:00",
        "reach": null,
        "social": {
            "facebook": {
                "likes": 0,
                "comments": 0,
                "shares": 0
            },
            "gplus": {
                "shares": 0
            },
            "pinterest": {
                "shares": 0
            },
            "linkedin": {
                "shares": 0
            },
            "stumbledupon": {
                "shares": 0
            },
            "vk": {
                "shares": 0
            }
        }
    },
    "uuid": "ffbd5561cba53b115d5dc6c9dc2f1b5db597290e",
    "url": "https://www.pulzo.com/carros/carros-electricos-e-hibridos-bogota-tienen-nuevos-cargadores-publicos-gratis-PP3348947",
    "ord_in_thread": 0,
    "parent_url": null,
    "author": "editorial@pulzo.com (Editorial Pulzo)",
    "published": "2023-12-28T23:56:00.000+02:00",
    "title": "Alegría para dueños de carros eléctricos por nuevos cargadores en Bogotá; serán gratuitos",
    "text": "Con una inversión que supera los 6.000 millones de pesos, la Secretaría Distrital de Movilidad, La Rolita y Enel Colombia (a través de su línea Enel X) presentaron este 28 de diciembre la primera red de cargadores públicos para [vehículos eléctricos](https://www.pulzo.com/noticias/vehiculos-electricos), que estará compuesta por 15 electrolineras distribuidas en seis zonas. (Lea también: [Carros avaluados en menos de $ 54 millones pagarán esta cifra (alta) en impuesto vehicular](https://www.pulzo.com/economia/impuesto-vehicular-colombia-2024-carros-pagaran-4-millones-por-precio-PP3348457)) El primer punto que se pone en servicio está ubicado en el barrio La Alhambra, en el parqueadero de la calle 114 A número 45-98, donde se tienen disponibles tres terminales de carga rápida, con conectores CCS1, CCS2 y GBT, que tienen la capacidad de cargar una batería de 60 a 100 KW promedio en hora y media, llevándola de 0 a 100 %. 🚀💡 El lanzamiento de nuestras estaciones de carga es un paso activo hacia la promoción de la movilidad sostenible en Bogotá. 🌿🚗 [#ConectaConLaRolita] [pic.twitter.com/eyKAUIgce9] — Movilidad Bogotá (@SectorMovilidad) [December 28, 2023] El servicio será gratuito durante los primeros 15 días y los usuarios tendrán una hora gratis de parqueo presentando el tiquete sellado al salir del estacionamiento, explicó la gerente de la Operadora Distrital de Transporte La Rolita, Carolina Martínez. Puntos de carga públicos en Bogotá para carros eléctricos Los otros puntos de carga, construidos en la carrera 10 número 97-63, Modelia (calle 23f con carrera 75) y Nicolás de Federmán (calle 58ª Bis con kr.38), también están ubicados dentro de [parqueaderos](https://www.pulzo.com/noticias/parqueaderos) del Distrito y entrarán en funcionamiento durante las próximas semanas. De acuerdo con la secretaria de Movilidad, Deyanira Ávila, quedan en construcción otros dos puntos en la Terminal de Transportes del Salitre, ubicada en la calle 22c N.68 f-34 y en San Andresito de la calle 9 con carrera 37a, los cuales serán entregados en el primer semestre de 2024. [Insólito precio de los carros usados en Venezuela; cuestan más que en Colombia](/carros/carros-usados-venezuela-cuestan-que-colombia-aveo-es-carisimo-PP3347909) [Atención, conductores: Gobierno fijó valores del impuesto vehicular para 2024](/economia/impuesto-carro-2024-colombia-gobierno-ajusto-precios-PP3346558A) [Cuánto vale una patineta eléctrica en Colombia y características a tener en cuenta](/economia/cuanto-vale-patineta-electrica-colombia-mas-barata-cuesta--21 -PP3346000A) [¿Se puede viajar en carro eléctrico en Colombia? Conozca lo que necesita para hacerlo](/carros/carros-electricos-colombia-sirven-para-viajar-colombia-cuantos-kilometros-PP3346082) Para la definición de los puntos, la [Secretaría de Movilidad](https://www.pulzo.com/noticias/secretaria-de-movilidad) participó con el Gobierno Nacional en un proyecto de cooperación técnica con GIZ-Cooperación Alemana Colombia para analizar las zonas con mayor potencial de demanda, teniendo en cuenta las matrices de generación de viajes origen y destino. Así mismo, se identificaron los puntos donde no había estaciones de carga eléctrica y se priorizaron teniendo en cuenta los bienes de propiedad del Distrito que estuvieran disponibles, dijo Ávila. Buenas noticias: [@SectorMovilidad], [@LaRolitaBog]y [@EnelColombia]nos hemos unido para implementar la primera red de cargadores públicos para carros eléctricos, un paso fundamental para avanzar hacia una movilidad más sostenible, descarbonizada y amigable con el medio ambiente. [pic.twitter.com/HHGzM72JVx] — Deyanira Avila (@Deyaniravilam) [December 28, 2023] Se estima que en la capital de país hay 6.822 vehículos eléctricos, según el Registro Distrital Automotor de [Bogotá](https://www.pulzo.com/noticias/bogota), entre automóviles, camionetas, motocicletas, camiones, buses, entre otros, que a partir de ahora contarán con una red de recarga pública de fácil acceso en toda la ciudad. LO ÚLTIMO [Carros] Hace 1 hora [Alegría para dueños de carros eléctricos por nuevos cargadores en Bogotá; serán gratuitos](/carros/carros-electricos-e-hibridos-bogota-tienen-nuevos-cargadores-publicos-gratis-PP3348947) [Carros] Hace 6 horas [Insólito precio de los carros usados en Venezuela; cuestan más que en Colombia](/carros/carros-usados-venezuela-cuestan-que-colombia-aveo-es-carisimo-PP3347909) [Carros]",
    "highlightText": "",
    "highlightTitle": "",
    "highlightThreadTitle": "",
    "language": "spanish",
    "sentiment": "positive",
    "categories": [
        "Environment",
        "Lifestyle and Leisure",
        "Economy, Business and Finance"
    ],
    "external_links": [],
    "external_images": [],
    "entities": {
        "persons": [],
        "organizations": [],
        "locations": []
    },
    "rating": null,
    "crawled": "2023-12-29T00:09:50.226+02:00",
    "updated": "2023-12-29T00:38:48.244+02:00"
}