{
    "thread": {
        "uuid": "32470ffa4f2becd4daa8b701464e5e82369ece61",
        "url": "https://www.wibw.com/2023/12/28/basic-budgeting-tips-better-manage-your-finances/",
        "site_full": "www.wibw.com",
        "site": "wibw.com",
        "site_section": "http://www.wibw.com/homepage",
        "site_categories": [
            "media"
        ],
        "section_title": "Home",
        "title": "Basic budgeting tips to better manage your finances",
        "title_full": "Basic budgeting tips to better manage your finances",
        "published": "2023-12-28T22:02:00.000+02:00",
        "replies_count": 0,
        "participants_count": 1,
        "site_type": "news",
        "country": "US",
        "main_image": "https://gray-wibw-prod.cdn.arcpublishing.com/resizer/v2/DBG2UFO2MZABLOFHT7Z2DWU7G4.jpg?auth=de24e7d3777ea5348c8f5668d8a0ee2fafd1a1b65fb47d83a93181ee149f3e02&amp;width=1200&amp;height=600&amp;smart=true",
        "performance_score": 0,
        "domain_rank": 20426,
        "domain_rank_updated": "2023-12-26T12:06:20.000+02:00",
        "reach": null,
        "social": {
            "facebook": {
                "likes": 0,
                "comments": 0,
                "shares": 0
            },
            "gplus": {
                "shares": 0
            },
            "pinterest": {
                "shares": 0
            },
            "linkedin": {
                "shares": 0
            },
            "stumbledupon": {
                "shares": 0
            },
            "vk": {
                "shares": 0
            }
        }
    },
    "uuid": "32470ffa4f2becd4daa8b701464e5e82369ece61",
    "url": "https://www.wibw.com/2023/12/28/basic-budgeting-tips-better-manage-your-finances/",
    "ord_in_thread": 0,
    "parent_url": null,
    "author": "@wibw",
    "published": "2023-12-28T22:02:00.000+02:00",
    "title": "Basic budgeting tips to better manage your finances",
    "text": "Basic budgeting tips to better manage your finances 87% of people report that budgeting helps them stay out of debt Published: Dec. 28, 2023 at 2:02 PM CST|Updated: 3 hours ago (InvestigateTV) — [Consumer.gov](http://consumer.gov/) recommends those who are looking to better manage their money in the new year to start by [making a simple budget.](https://consumer.gov/managing-your-money/making-budget) You can do so by first writing down all your monthly expenses to get a good picture of where the money goes. Once your monthly needs are known, you can then choose a straightforward plan to stay on track. One popular plan is called the 50/30/20 budget. It makes room for both needs and wants and is simple to understand and implement: - 50% of take-home pay covers needs like housing and groceries - 30% covers wants, like dining and travel - 20% covers savings and debt repayment With this plan, [consumers know where their money is going plus it allows for a little fun.](https://www.bankrate.com/banking/what-is-the-50-30-20-rule/#thirty) Any monies unspent or received unexpectedly, like a gift or a bonus, can be funneled into savings and investments. Copyright 2023 Gray Media Group, Inc. All rights reserved.",
    "highlightText": "",
    "highlightTitle": "",
    "highlightThreadTitle": "",
    "language": "english",
    "sentiment": "positive",
    "categories": [
        "Lifestyle and Leisure",
        "Education",
        "Economy, Business and Finance"
    ],
    "external_links": [
        "https://consumer.gov/managing-your-money/making-budget)",
        "https://www.bankrate.com/banking/what-is-the-50-30-20-rule/#thirty)",
        "http://consumer.gov/)",
        "https://www.consumer.gov/managing-your-money/making-budget)",
        "http://www.consumer.gov/)",
        "https://bankrate.com/banking/what-is-the-50-30-20-rule/#thirty)"
    ],
    "external_images": [],
    "entities": {
        "persons": [],
        "organizations": [],
        "locations": []
    },
    "rating": null,
    "crawled": "2023-12-29T00:46:06.658+02:00",
    "updated": "2023-12-29T00:46:06.658+02:00"
}