{
    "thread": {
        "uuid": "05510b2b2424706b054b33174aad996e5c0222e7",
        "url": "https://articlescad.com/how-to-play-the-us-777-slot-16804.html",
        "site_full": "articlescad.com",
        "site": "articlescad.com",
        "site_section": "https://articlescad.com",
        "site_categories": [],
        "section_title": "Articles - Articles Directory - Submit articles",
        "title": "How to Play the US$777 Slot",
        "title_full": "How to Play the US$777 Slot",
        "published": "2023-12-29T00:09:34.000+02:00",
        "replies_count": 0,
        "participants_count": 0,
        "site_type": "news",
        "country": "IN",
        "main_image": "",
        "performance_score": 0,
        "domain_rank": 28541,
        "domain_rank_updated": "2023-12-26T12:06:20.000+02:00",
        "reach": null,
        "social": {
            "facebook": {
                "likes": 0,
                "comments": 0,
                "shares": 0
            },
            "gplus": {
                "shares": 0
            },
            "pinterest": {
                "shares": 0
            },
            "linkedin": {
                "shares": 0
            },
            "stumbledupon": {
                "shares": 0
            },
            "vk": {
                "shares": 0
            }
        }
    },
    "uuid": "05510b2b2424706b054b33174aad996e5c0222e7",
    "url": "https://articlescad.com/how-to-play-the-us-777-slot-16804.html",
    "ord_in_thread": 0,
    "parent_url": null,
    "author": null,
    "published": "2023-12-29T00:09:34.000+02:00",
    "title": "How to Play the US$777 Slot",
    "text": "How to Play the US$777 Slot Author : Joyce Neri | Published On : 29 Dec 2023 If you are interested in playing a slot game with high payouts, then you should try the [usd777 slot](https://usd777.lat/). This slot machine is very popular and is available at several online casinos. The game is easy to play, and you can win large jackpots if you place the right bets. However, be careful with the amount of money you spend on this game, and only bet if you are comfortable with your spending limits. When choosing a casino to play this game, choose one that offers the best bonus offers and payment methods. This will help you to maximize your winnings. You should also make sure that the site is licensed and offers a secure environment. Lastly, check the site’s customer support to ensure that they will respond to your concerns promptly and efficiently. The 777 Deluxe slot machine is a fun, classic-style game that is designed to look like the fruit machines you might find in barber shops or saloons back in the day. It features classic symbols such as cherries and melons, as well as a space-themed backdrop. The game is simple to understand, and its graphics are crisp and clear. The best part is that you can test out the game without risking any of your hard-earned money. You can play a 777 slot online for free at many sites. Some of these are instant-play, others require you to download and install software before you can play. Some of these games are also available for mobile devices, which means you can enjoy them wherever you are. Just be sure to read the terms and conditions of the site before downloading the game. There are many different types of 777 slots, but most have similar rules and gameplay. Most of them are based on three reels, and you can win big by landing three identical symbols on a single line. Some of them have a special wild symbol that acts as an additional bonus symbol, but this feature is not always available. Some slots have progressive jackpots that grow as more players place bets on the game. 777 slot games are a great way to pass the time and earn some extra cash. You can even win huge jackpots if you are lucky enough to hit the right combination. 777 slots are very popular among slot fans because of their simplicity and high return-to-pay ratio. 777 slot online is the most common type of online gambling in Indonesia. This type of gaming is played by millions of people, and it is very easy to learn. You can even join a community to discuss your favorite casino games and share tips with other players. However, you should keep in mind that online gambling can be addictive and should only be used responsibly.",
    "highlightText": "",
    "highlightTitle": "",
    "highlightThreadTitle": "",
    "language": "english",
    "sentiment": "positive",
    "categories": [
        "Economy, Business and Finance",
        "Arts, Culture and Entertainment",
        "Lifestyle and Leisure"
    ],
    "external_links": [
        "https://usd777.lat/).",
        "https://www.usd777.lat/)."
    ],
    "external_images": [],
    "entities": {
        "persons": [
            {
                "name": "joyce neri",
                "sentiment": "neutral"
            }
        ],
        "organizations": [],
        "locations": []
    },
    "rating": null,
    "crawled": "2023-12-29T00:09:39.602+02:00",
    "updated": "2023-12-29T00:09:39.602+02:00"
}