{
    "thread": {
        "uuid": "4c3014be3440534f5dd4e150f658bb5e9ebe4a78",
        "url": "https://www.rds.ca/jeux-olympiques/jeux-olympiques-paris-2024-frousse-pour-les-bleues-face-a-la-colombie-au-soccer-feminin-1.19340057",
        "site_full": "www.rds.ca",
        "site": "rds.ca",
        "site_section": "http://www.rds.ca/cmlink/le-fil-de-presse-de-rds-ca-manchettes-1.831?localLinksEnabled=false",
        "site_categories": [
            "world_soccer",
            "sports"
        ],
        "section_title": "Le fil de presse de RDS.ca - Manchettes (Legacy RSS)",
        "title": "Frousse pour les Bleues face à la Colombie",
        "title_full": "Frousse pour les Bleues face à la Colombie",
        "published": "2024-07-26T00:24:00.000+03:00",
        "replies_count": 0,
        "participants_count": 1,
        "site_type": "news",
        "country": "CA",
        "main_image": "https://www.rds.ca/content/dam/rds/fr/home/images/2024/7/25/marie-antoinette-katoto-1-19340064-1721943053987.jpg",
        "performance_score": 0,
        "domain_rank": 66867,
        "domain_rank_updated": "2024-07-23T13:08:43.000+03:00",
        "reach": null,
        "social": {
            "facebook": {
                "likes": 0,
                "comments": 0,
                "shares": 0
            },
            "gplus": {
                "shares": 0
            },
            "pinterest": {
                "shares": 0
            },
            "linkedin": {
                "shares": 0
            },
            "stumbledupon": {
                "shares": 0
            },
            "vk": {
                "shares": 0
            }
        }
    },
    "uuid": "4c3014be3440534f5dd4e150f658bb5e9ebe4a78",
    "url": "https://www.rds.ca/jeux-olympiques/jeux-olympiques-paris-2024-frousse-pour-les-bleues-face-a-la-colombie-au-soccer-feminin-1.19340057",
    "ord_in_thread": 0,
    "parent_url": null,
    "author": "mobile@rds.ca ()",
    "published": "2024-07-26T00:24:00.000+03:00",
    "title": "Frousse pour les Bleues face à la Colombie",
    "text": "Les Bleues d'Hervé Renard se sont fait très peur pour leur entrée en lice dans le tournoi olympique jeudi à Lyon en battant de justesse la Colombie 3-2, tandis que l'Allemagne, éliminée prématurément de la dernière coupe du monde, a terrassé l'Australie à Marseille dans le premier choc du tournoi. Les Françaises ont montré deux visages totalement différents durant la rencontre. Un premier séduisant lors de la première période durant laquelle Marie-Antoinette Katoto a enfin montré son meilleur visage en bleu en inscrivant un doublé (6e, 42e) pour virer en tête à la mi-temps avec trois buts d'avance grâce à la réalisation de Kenza Dali (18e). Mais les partenaires de Wendie Renard se sont totalement éteintes lors du second acte, concédant d'abord un pénalty après une faute de leur gardienne Pauline Peyraud-Magnin, transformé par Catalina Usme. Les Colombiennes ont inscrit un second but par l'intermédiaire de Manuela Pavi avant de pousser très fort pour égaliser. Sans y parvenir. Les Bleues se sont fait peur, mais ont assuré l'essentiel : la victoire. Pour le premier choc du tournoi féminin des JO, les Allemandes n'ont fait qu'une bouchée des Australiennes (3-0) à Marseille. Orphelines de leur vedette Sam Kerr, blessée et absente, les 'Matildas' n'ont pas existé face à la machine allemande et ses buteuses Marina Hegering, Giulia Gwinn et Lea Schüller. La Mannschaft, éliminée prématurément de la Coupe du monde en Australie, a réussi son opération rédemption. Il n'y a pas que les Bleues qui ont souffert pour leur entrée dans le tournoi olympique. L'Espagne, championne du monde en titre, grande favorite de la compétition, a d'abord été menée par le Japon à Nantes, avant de revenir calmement dans la partie pour tenir son rang. Sa vedette, Aitana Bonmati, a d'abord égalisé rapidement après le but japonais, avant que Mariona Caldentey ne scelle la victoire espagnole en seconde période. Le scénario a été similaire à Saint-Etienne dans un stade quasiment vide pour la seconde grosse affiche du tournoi entre les Canadiennes, championnes olympiques en titre, et la Nouvelle-Zélande. Les médaillées d'or des Jeux de Tokyo ont pourtant été surprises rapidement en première période, avant d'égaliser juste avant la mi-temps grâce à l'attaquante d'Arsenal Cloé Lacasse et de sceller le sort de la rencontre après une domination sans partage dans le second acte grâce à Évelyne Viens, tout juste entrée en jeu. Face au Nigeria et sa vedette Asisat Oshoala, le Brésil s'est imposé 1-0 à Bordeaux grâce à Gabi Nunes en fin de première période (1-0, 37e). Et dans la dernière rencontre de la journée, les Etats-Unis, post-Megan Rapinoe, à la retraite et Alex Morgan non retenue par l'entraîneure anglaise Emma Hayes se sont baladés 3-0 contre la Zambie, petit poucet de la compétition. Dans ce tournoi à trois poules de quatre équipes, les deux premières et les deux meilleures troisièmes, disputeront les quarts de finale, avant la finale au Parc des princes à Paris le 10 août.",
    "highlightText": "",
    "highlightTitle": "",
    "highlightThreadTitle": "",
    "language": "french",
    "sentiment": "negative",
    "categories": [
        "Sport"
    ],
    "webz_reporter": false,
    "external_links": [],
    "external_images": [],
    "entities": {
        "persons": [],
        "organizations": [],
        "locations": []
    },
    "rating": null,
    "crawled": "2024-07-26T00:47:52.836+03:00",
    "updated": "2024-08-03T08:12:29.910+03:00"
}