{
    "thread": {
        "uuid": "f97a7cf993ec1d6bb38edaa4fd15bee3ca8187ef",
        "url": "https://bolavip.com/co/millonarios/las-duras-palabras-de-jugador-de-atletico-nacional-a-los-hinchas-de-millonarios",
        "site_full": "bolavip.com",
        "site": "bolavip.com",
        "site_section": "https://bolavip.com/co",
        "site_categories": [
            "world_soccer",
            "sports"
        ],
        "section_title": "Bolavip Colombia - Noticias deportivas",
        "title": "Las duras palabras de jugador de Atlético Nacional a los hinchas de Millonarios - Bolavip Colombia",
        "title_full": "Las duras palabras de jugador de Atlético Nacional a los hinchas de Millonarios - Bolavip Colombia",
        "published": "2024-07-25T22:40:00.000+03:00",
        "replies_count": 0,
        "participants_count": 1,
        "site_type": "news",
        "country": "BR",
        "main_image": "https://ds-images.bolavip.com/news/image?src=https%3A%2F%2Fimages.bolavip.com%2Fjpg%2Fco%2Ffull%2FBCO_20240725_BCO_97992_BAR-Millonarios-v-Nacional-2472024020-2-e1721947115616.jpg&amp;width=1200&amp;height=740",
        "performance_score": 0,
        "domain_rank": 20487,
        "domain_rank_updated": "2024-07-23T13:08:24.000+03:00",
        "reach": null,
        "social": {
            "facebook": {
                "likes": 0,
                "comments": 0,
                "shares": 0
            },
            "gplus": {
                "shares": 0
            },
            "pinterest": {
                "shares": 0
            },
            "linkedin": {
                "shares": 0
            },
            "stumbledupon": {
                "shares": 0
            },
            "vk": {
                "shares": 0
            }
        }
    },
    "uuid": "f97a7cf993ec1d6bb38edaa4fd15bee3ca8187ef",
    "url": "https://bolavip.com/co/millonarios/las-duras-palabras-de-jugador-de-atletico-nacional-a-los-hinchas-de-millonarios",
    "ord_in_thread": 0,
    "parent_url": null,
    "author": "@erincon",
    "published": "2024-07-25T22:40:00.000+03:00",
    "title": "Las duras palabras de jugador de Atlético Nacional a los hinchas de Millonarios - Bolavip Colombia",
    "text": "LIGA COLOMBIANA Las duras palabras de jugador de Atlético Nacional a los hinchas de Millonarios El futbolista del 'verde' habló después de vencer al conjunto 'embajador' en el clásico.\nJhon Duque le coquetea con su regreso a Millonarios y les mandó un mensaje ¡Así tiembla El Campín! El impactante video tomado desde el campo en el clásico entre Millonarios y Nacional Por Edynson Ruiz Rincon\n25/07/2024 - 17:40hs COT\nwhatsapp\n25/07/2024 - 17:40hs COT\n© VizzorImage / Andrés Rot / Cont Danovis Banguero de Millonarios FC. disputa el balón con Dairon Asprilla de Atlético Nacional. Por Edynson Ruiz Rincon\nAtlético Nacional consiguió una importante victoria ante Millonarios en el juego adelantado de la jornada 6 de la Liga Colombiana II-2024, compromiso que tuvo una alta intensidad y que se disputó con mucho ímpetu por parte de los futbolistas de los dos equipos, razón por la que se dieron algunas expulsiones.\nUno de los jugadores que tuvo aceptable presentación en el cuadro ‘verde’, fue el atacante Dairon Asprilla , atacante que es uno de los refuerzos del conjunto antioqueño y que género varias ocasiones de gol, pero el cual también protagonizó un momento controversial cuando habló en la rueda de prensa.\nLas palabras de Dairon Asprilla hacia la hinchada de Millonarios El futbolista del ‘verde’ fue consultado ante los medios de comunicación, sobre lo que fue su paso por Millonarios hace algunos años, a lo que el jugador fue muy contundente y cuestionó el trato que le dieron los aficionados en ese momento, por lo que aseguró que ahora está feliz jugando en el equipo del que es hincha.\n“Estuve seis meses. Los directivos y los jugadores me trataron muy bien. La hinchada se basó más en ofender. Antes de futbolistas somos personas, eso hizo que no me sintiera cómodo” , expresó el jugador, que de a poco se ha convertido en una de las piezas importantes para el entrenador Pablo Repetto .\nJugadores de Atlético Nacional celebran ante Millonarios por la fecha 6 de la Liga BetPlay DIMAYOR II 2024. Foto: VizzorImage / Andrés Rot.\nY después agregó: “Llegar a Nacional, como lo he manifestado muchas veces, es el equipo de mis amores. Ahora estoy feliz y contento con una familia que se ha conformado en un grupo increíble que va a trabajar lo suficiente para alcanzar las metas que tenemos” , indicó Asprilla .\nver también\nLeonardo Castro y la lista de expulsados de Millonarios ante Atlético Nacional\nEl pasado de Dairon Asprilla en Millonarios El extremo estuvo en el cuadro ‘embajador’ entre los años 2016 y 2017, tiempo en el que disputó 17 partidos con la camiseta de Millos, en donde anotó 2 goles y metió 2 asistencias, teniendo un rendimiento que fue muy cuestionado por parte de los aficionados, razón por la que el futbolista terminó saliendo del conjunto capitalino.\nEncuesta ¿Estás de acuerdo con las palabras de Dairon Asprilla? ¿Estás de acuerdo con las palabras de Dairon Asprilla?\nYA VOTARON 0 PERSONAS\nEdynson Ruiz Rincon\nComunicador social y periodista de la universidad Minuto de Dios. Diplomado en periodismo. Trabajé con la Liga Postobón, HSB TV, El Periódico Deportivo, Colombia.com. Desde el 2021 en Bolavip Colombia. Experto en fútbol. Cubro Millonarios, América de Cali, Atlético Nacional, fútbol colombiano en general y Selección Colombia.\nAtlético Nacional Liga colombiana Millonarios FC\nwhatsapp\nLEE TAMBIÉN\nFútbol colombiano Fútbol colombiano Esto dijo Alfredo Morelos sobre el cruce con la hinchada de Millonarios y el cuerpo técnico",
    "highlightText": "",
    "highlightTitle": "",
    "highlightThreadTitle": "",
    "language": "spanish",
    "sentiment": "negative",
    "categories": [
        "Sport"
    ],
    "webz_reporter": false,
    "external_links": [
        "https://twitter.com/jawer93",
        "https://www.twitter.com/jawer93"
    ],
    "external_images": [],
    "entities": {
        "persons": [],
        "organizations": [],
        "locations": []
    },
    "rating": null,
    "crawled": "2024-07-26T01:42:27.547+03:00",
    "updated": "2024-07-26T01:42:27.547+03:00"
}