{
    "thread": {
        "uuid": "5b0ba85f0f5dc704dbcd0974bd4e828c0e750753",
        "url": "https://cronicaglobal.elespanol.com/culemania/primer-equipo/20240725/el-psg-amenaza-barca-fichaje-kylian-mbappe/873162797_0.html",
        "site_full": "cronicaglobal.elespanol.com",
        "site": "elespanol.com",
        "site_section": "https://cronicaglobal.elespanol.com/rss/latest/",
        "site_categories": [
            "media",
            "top_news"
        ],
        "section_title": "",
        "title": "El PSG amenaza al Barça con un fichaje por culpa de Kylian Mbappé",
        "title_full": "El PSG amenaza al Barça con un fichaje por culpa de Kylian Mbappé",
        "published": "2024-07-25T03:00:00.000+03:00",
        "replies_count": 0,
        "participants_count": 1,
        "site_type": "news",
        "country": "ES",
        "main_image": "https://a1.elespanol.com/cronicaglobal/2024/05/14/culemania/culemaniacos/855174680_12939984_1706x960.jpg",
        "performance_score": 0,
        "domain_rank": 2442,
        "domain_rank_updated": "2024-07-23T13:08:24.000+03:00",
        "reach": null,
        "social": {
            "facebook": {
                "likes": 19,
                "comments": 0,
                "shares": 1
            },
            "gplus": {
                "shares": 0
            },
            "pinterest": {
                "shares": 0
            },
            "linkedin": {
                "shares": 0
            },
            "stumbledupon": {
                "shares": 0
            },
            "vk": {
                "shares": 0
            }
        }
    },
    "uuid": "5b0ba85f0f5dc704dbcd0974bd4e828c0e750753",
    "url": "https://cronicaglobal.elespanol.com/culemania/primer-equipo/20240725/el-psg-amenaza-barca-fichaje-kylian-mbappe/873162797_0.html",
    "ord_in_thread": 0,
    "parent_url": null,
    "author": "Ángel Álvarez",
    "published": "2024-07-25T03:00:00.000+03:00",
    "title": "El PSG amenaza al Barça con un fichaje por culpa de Kylian Mbappé",
    "text": "Noticias relacionadas Nike y el Barça lo tienen claro: alianza para su fichaje estratégico Nico Williams marca el orden de prioridades del Barça en el mercado de fichajes División en Bilbao: Unai Simón contradice a De Marcos sobre Nico Williams El Paris Saint-Germain se vuelve a cruzar en el camino del FC Barcelona . Año tras año, la entidad parisina ha amargado a los azulgranas con numerosos fichajes: Neymar Júnior, Xavi Simons y Leo Messi , son algunos ejemplos. Ahora el PSG amenaza nuevamente al Barça con una incorporación que responde especialmente a la necesidad de cubrir la baja de Kylian Mbappé , el nuevo delantero del Real Madrid para la temporada 2024-25.\nCon el pasar de los días han crecido las informaciones sobre que el equipo de Luis Enrique piensa en Nico Williams como el sustituto de Mbappé . El interés del club francés parece ir en serio, debido a que en Catalunya Radio aseguran que están dispuestos a duplicar el salario que goza el extremo español con el Athletic Club .\nAmenaza para el Barça Según ha podido saber Culemanía, el salario actual de Nico Williams ronda los ocho millones de euros brutos por temporada . La propuesta del PSG implica que quieren impulsar el sueldo del jugador hasta los 16 kilos , una cifra que se aleja por completo de la realidad económica del FC Barcelona . El potencial financiero del cuadro galo puede ser un factor decisivo en las negociaciones.\nNico Williams festeja el gol de la final de la Eurocopa contra Inglaterra EFE\nSin Mbappé, el PSG tiene ahora menos gastos salariales para la próxima temporada. Luis Enrique mira con buenos ojos el fichaje de Nico Williams , especialmente por su sobresaliente Eurocopa . Es un jugador que añadiría una mayor cuota de desborde y profundidad a un ataque que ya cuenta con la presencia de Ousmane Dembelé, Barcola, Kolo Muani y Gonçalo Ramos .\nLa decisión de Nico El FC Barcelona no va a entrar en ninguna disputa salarial por el jugador. Desde el club confían en que el proyecto deportivo sea lo suficientemente atractivo para convencer a Nico Williams de llegar en verano. Los altos mandos hicieron llegar al entorno del extremo la propuesta, aunque todavía falta por conocer la respuesta definitiva en los próximos días.\nEl propio Joan Laporta , en la presentación de Hansi Flick , reconoció que el Barça está preparado para \"afrontar cualquier operación\". El club debe pagar 58 millones de euros de la cláusula de rescisión para hacerse con los servicios de Nico. Solo falta que la parte del jugador pueda dar el visto bueno y así dar los pasos definitivos en el traspaso. Aunque el miedo del barcelonismo crece considerablemente por la presencia del PSG .",
    "highlightText": "",
    "highlightTitle": "",
    "highlightThreadTitle": "",
    "language": "spanish",
    "sentiment": "negative",
    "categories": [
        "Business and Market Analysis",
        "Sport"
    ],
    "webz_reporter": false,
    "external_links": [],
    "external_images": [],
    "entities": {
        "persons": [],
        "organizations": [],
        "locations": []
    },
    "rating": null,
    "crawled": "2024-07-26T01:00:00.423+03:00",
    "updated": "2024-07-26T01:00:00.423+03:00"
}