{
    "thread": {
        "uuid": "e0db8088a9b4d6b6dc9cc30563d52ffb058fb411",
        "url": "https://www.prensa.com/deportes/francia-amarga-de-nuevo-el-debut-olimpico-de-colombia",
        "site_full": "www.prensa.com",
        "site": "prensa.com",
        "site_section": "https://prensa.com/arcio/rss",
        "site_categories": [
            "media"
        ],
        "section_title": "La Prensa",
        "title": "Francia amarga de nuevo el debut olímpico de Colombia",
        "title_full": "Francia amarga de nuevo el debut olímpico de Colombia",
        "published": "2024-07-26T00:25:00.000+03:00",
        "replies_count": 0,
        "participants_count": 1,
        "site_type": "news",
        "country": "PA",
        "main_image": "https://prensa.com/resizer/v2/2GOMP7F3Y5C3XKDZ77W647JG4E.jpeg?auth=b32471ae0d6444ee4df26308ae0142edb02b3260e84e72018312cb03a453d952&amp;width=1200",
        "performance_score": 0,
        "domain_rank": 28186,
        "domain_rank_updated": "2024-07-23T13:08:24.000+03:00",
        "reach": null,
        "social": {
            "facebook": {
                "likes": 0,
                "comments": 0,
                "shares": 0
            },
            "gplus": {
                "shares": 0
            },
            "pinterest": {
                "shares": 0
            },
            "linkedin": {
                "shares": 0
            },
            "stumbledupon": {
                "shares": 0
            },
            "vk": {
                "shares": 0
            }
        }
    },
    "uuid": "e0db8088a9b4d6b6dc9cc30563d52ffb058fb411",
    "url": "https://www.prensa.com/deportes/francia-amarga-de-nuevo-el-debut-olimpico-de-colombia",
    "ord_in_thread": 0,
    "parent_url": null,
    "author": "EFE EFE",
    "published": "2024-07-26T00:25:00.000+03:00",
    "title": "Francia amarga de nuevo el debut olímpico de Colombia",
    "text": "- Secciones\n[Portada](/) [Locales](/locales/) [Sociedad](/sociedad/) [Provincias](/provincias/) [Judiciales](/judiciales/) [Política](/politica/) [Mundo](/mundo/) [Deportes](/deportes/) [Vivir+](/vivir/) [Status K](/status-k/) [Unidad Investigativa](/unidad-investigativa/) [Opinión](/opinion/) [Blogs](/blogs/) [Fotografía](/fotogalerias/) [Videos](/videos/) [Infografias](/infografias/) [Fe de Erratas](/correcciones/)\n- Servicios\nePaper [Buscador](/buscador/) [Corprensa Content Studio](/autor/Corprensa%20Content%20Studio/) [Contenido patrocinado](/contenido-patrocinado/) [Reseña Digital](/resena-digital/) [Comunicados](/comunicados/) [Catálogos y Otras Publicaciones](/catalogos/) [Lotería](/loterias/) [Horóscopo](/horoscopo/) Kiosco Digital [Luctuosas](/luctuosas/) [Cine](/cine/) [RSS](/arcio/rss/) [Temas](/temas/) [Autores](/autores/) [Notas al lector](/notas-al-lector/) [Buenas prácticas](/buenas-practicas/)\nPanamá, 25 de julio del 2024\nRegístrate para recibir los titulares de La Prensa en tu correo",
    "highlightText": "",
    "highlightTitle": "",
    "highlightThreadTitle": "",
    "language": "spanish",
    "sentiment": "negative",
    "categories": [
        "Arts, Culture and Entertainment",
        "Sport"
    ],
    "webz_reporter": false,
    "external_links": [
        "https://multimedia.corprensa.com/multimedia/ediciones/la_prensa/2024-07-25/",
        "https://www.multimedia.corprensa.com/multimedia/ediciones/la_prensa/2024-07-25/",
        "https://multimedia.corprensa.com/multimedia/ediciones/la_prensa/2024-07-25"
    ],
    "external_images": [],
    "entities": {
        "persons": [],
        "organizations": [],
        "locations": []
    },
    "rating": null,
    "crawled": "2024-07-26T00:45:17.121+03:00",
    "updated": "2024-07-26T00:45:17.121+03:00"
}