{
    "thread": {
        "uuid": "dbae9dd34254bd8d744daedec5cd2fbe492c08dc",
        "url": "https://www.cleveland.com/guardians/2024/07/guardians-fall-to-tigers-3-0-for-10th-shutout-loss.html",
        "site_full": "www.cleveland.com",
        "site": "cleveland.com",
        "site_section": "https://www.cleveland.com/arc/outboundfeeds/rss/?outputType=xml",
        "site_categories": [
            "media"
        ],
        "section_title": "",
        "title": "Guardians fall to Tigers, 3-0, for 10th shutout loss",
        "title_full": "Guardians fall to Tigers, 3-0, for 10th shutout loss",
        "published": "2024-07-25T22:39:00.000+03:00",
        "replies_count": 0,
        "participants_count": 1,
        "site_type": "news",
        "country": "US",
        "main_image": "https://www.cleveland.com/resizer/v2/NX7BLQWCLJALDLKTQZVOYWTLH4.JPG?auth=51d7c0d2164d8dbf93453dbc3a3d4e3642042b1a1850141852298713de75bf40&amp;width=1280&amp;quality=90",
        "performance_score": 0,
        "domain_rank": 1650,
        "domain_rank_updated": "2024-07-23T13:08:24.000+03:00",
        "reach": null,
        "social": {
            "facebook": {
                "likes": 7,
                "comments": 1,
                "shares": 1
            },
            "gplus": {
                "shares": 0
            },
            "pinterest": {
                "shares": 0
            },
            "linkedin": {
                "shares": 0
            },
            "stumbledupon": {
                "shares": 0
            },
            "vk": {
                "shares": 0
            }
        }
    },
    "uuid": "dbae9dd34254bd8d744daedec5cd2fbe492c08dc",
    "url": "https://www.cleveland.com/guardians/2024/07/guardians-fall-to-tigers-3-0-for-10th-shutout-loss.html",
    "ord_in_thread": 0,
    "parent_url": null,
    "author": "Joe Noga",
    "published": "2024-07-25T22:39:00.000+03:00",
    "title": "Guardians fall to Tigers, 3-0, for 10th shutout loss",
    "text": "Updated: Jul. 25, 2024, 7:18 p.m. | Published: Jul. 25, 2024, 3:39 p.m. 21",
    "highlightText": "",
    "highlightTitle": "",
    "highlightThreadTitle": "",
    "language": "english",
    "sentiment": "negative",
    "categories": [
        "Arts, Culture and Entertainment",
        "Human Interest",
        "Sport"
    ],
    "webz_reporter": false,
    "external_links": [
        "https://www.1800gambler.net/",
        "https://1800gambler.net/",
        "https://www.1800gambler.net"
    ],
    "external_images": [],
    "entities": {
        "persons": [
            {
                "name": "gavin williams",
                "sentiment": "negative"
            },
            {
                "name": "williams",
                "sentiment": "none"
            },
            {
                "name": "stephen vogt",
                "sentiment": "none"
            },
            {
                "name": "javier baez",
                "sentiment": "none"
            },
            {
                "name": "vogt",
                "sentiment": "none"
            }
        ],
        "organizations": [
            {
                "name": "tigers",
                "sentiment": "negative"
            }
        ],
        "locations": [
            {
                "name": "detroit",
                "sentiment": "none"
            },
            {
                "name": "cleveland",
                "sentiment": "none"
            },
            {
                "name": "ohio",
                "sentiment": "none"
            },
            {
                "name": "cleveland",
                "sentiment": "none"
            },
            {
                "name": "progressive field",
                "sentiment": "none"
            }
        ]
    },
    "rating": null,
    "crawled": "2024-07-26T01:30:06.682+03:00",
    "updated": "2024-07-26T03:44:21.998+03:00"
}