{
    "thread": {
        "uuid": "4b739790b0a602ddc69729e8e0ba846968b12a07",
        "url": "https://globorural.globo.com/cultura/noticia/2024/07/hipismo-olimpiadas-pode-usar-chicote-no-cavalo-entenda.ghtml",
        "site_full": "globorural.globo.com",
        "site": "globo.com",
        "site_section": "https://globorural.globo.com",
        "site_categories": [
            "top_news"
        ],
        "section_title": "Globo Rural | O agro de ponta a ponta",
        "title": "Pode usar chicote no hipismo? Ex-atleta olimpíco comenta vídeo de maus-tratos",
        "title_full": "Pode usar chicote no hipismo? Ex-atleta olimpíco comenta vídeo de maus-tratos",
        "published": "2024-07-26T00:09:00.000+03:00",
        "replies_count": 0,
        "participants_count": 0,
        "site_type": "news",
        "country": "BR",
        "main_image": "https://s2-globorural.glbimg.com/UPB8CFUvFRTqj6LBhIfDCOvcOJM=/1200x/smart/filters:cover():strip_icc()/i.s3.glbimg.com/v1/AUTH_afe5c125c3bb42f0b5ae633b58923923/internal_photos/bs/2024/Z/b/FLAs8CQVejyjHsW7I0Cw/chicote-hipismo.jpg",
        "performance_score": 0,
        "domain_rank": 746,
        "domain_rank_updated": "2024-07-23T13:08:24.000+03:00",
        "reach": null,
        "social": {
            "facebook": {
                "likes": 0,
                "comments": 0,
                "shares": 0
            },
            "gplus": {
                "shares": 0
            },
            "pinterest": {
                "shares": 0
            },
            "linkedin": {
                "shares": 0
            },
            "stumbledupon": {
                "shares": 0
            },
            "vk": {
                "shares": 0
            }
        }
    },
    "uuid": "4b739790b0a602ddc69729e8e0ba846968b12a07",
    "url": "https://globorural.globo.com/cultura/noticia/2024/07/hipismo-olimpiadas-pode-usar-chicote-no-cavalo-entenda.ghtml",
    "ord_in_thread": 0,
    "parent_url": null,
    "author": null,
    "published": "2024-07-26T00:09:00.000+03:00",
    "title": "Pode usar chicote no hipismo? Ex-atleta olimpíco comenta vídeo de maus-tratos",
    "text": "O vídeo da amazona Charlotte Dujardin, da Grã-Bretanha, maltratando um cavalo não causou apenas a sua suspensão pela Federação Equestre Internacional (FEI, na sigla em francês) na semana de abertura das Olimpíadas 2024. O caso também levantou questionamentos sobre o trabalho realizado com os animais no hipismo. Leia mais Quem é a atleta de hipismo que saiu das Olímpiadas por vídeo de maus-tratos a cavaloQuanto custa um cavalo de hipismo? Veja essa e outras curiosidadesViagens longas e rotina de atleta: como é a preparação dos cavalos para as Olimpíadas Inicialmente, a atleta de 39 anos anunciou a desistência da competição. Porém, a instituição que comanda as associações de esportes equestres optou por proibi-la de participar de qualquer atividade sob sua jurisdição ou de uma federação nacional até o fim das investigações da situação mostrada no vídeo. Veja Mais O que é o adestramento? Para Rogério Clementino, primeiro brasileiro a conseguir vaga para as Olimpíadas de Pequim 2008 no adestramento e medalha de bronze no Pan-Americano de 2007, no Rio de Janeiro, a modalidade vai muito além de desenvolver as habilidades do cavalo. Em entrevista à Globo Rural, o atleta e também treinador destaca que a naturalidade é fundamental. “Cada pessoa define de uma forma, mas, para mim, adestramento é a harmonia na relação entre homem e cavalo. Temos que deixar isso o mais claro possível dentro do treinamento”, afirma. Rogério da Silva Clementino foi o primeira homem negro a integrar uma equipe de hipismo no país — Foto: Wikipedia/ Creative Commoms Por duas vezes, Clementino ficou fora dos Jogos por causa de lesão no animal. Uma dessas ocasiões foi em 2008. Foi cortado da equipe um dia antes e não competiu. O episódio foi mais um dos que o fizeram perceber que precisava olhar para os animais de uma maneira diferente. “Chegou um ponto em que comecei a repensar a minha forma de abordar. Tentei me colocar no lugar do cavalo e, principalmente, não vê-lo como objeto. Só vamos atingir bons resultados quando começarmos a respeitar e enxergar o animal com um ser vivo e um protagonista”, defende o atleta. Pode usar chicote no hipismo? No vídeo divulgado por meios de comunicação da Inglaterra, é possível ver Charlotte Dujardin golpeando o cavalo com um chicote durante o treino de adestramento. O uso do objeto é, sim, permitido pela Federação Equestre Internacional (FEI, na sigla em francês), mas de outra forma. Assim como a espora e a embocadura, materiais que também fazem parte do treino, o chicote deve ser utilizado com o objetivo de ensinar o animal, não para amedrontá-lo ou puni-lo. Ele não pode ser utilizado após a eliminação, por exemplo, nem depois de completar o percurso da prova. Mais Sobre Hipismo nas Olimpíadas Hipismo nas Olímpiadas de Paris: veja datas e onde assistir Quem é a atleta de hipismo que saiu das Olímpiadas por vídeo de maus-tratos a cavalo “Precisamos usá-lo da forma correta. Não é para agredir, nem bater. Por um simples toque com o chicote, o cavalo já entende o que você quer. Precisa ser delicado para fazê-lo saber disso, é sem agressão e sem o uso da força”, esclarece Clementino. O bem-estar animal Hoje, como atleta e treinador, Rogério Clementino busca priorizar o bem-estar dos cavalos dentro e fora dos treinos. “Hipismo não é só montar. O cuidado começa na alimentação, na escolha do local onde ele vai dormir, nas horas de sono até o treinamento. Temos que oferecer um bom piquete, água limpa à vontade, comida de qualidade nos horários corretos, uma rotina de casqueamento e ferrageamento. Precisamos oferecer conforto em alto nível”. Um dos cavaleiros treinados por Clementino é Adriano Soares, apontado como promessa para o próximo ciclo olímpico. As aulas vão muito além das técnicas básicas. “Eu falo sobre a importância de conhecer o animal e depois a si mesmo. Quando temos consciência que o cavalo é o protagonista, que precisamos chegar no ápice no tempo dele, você deixa de acelerá-lo. Assim, ele será um cavalo feliz que vai devolver tudo nas provas com naturalidade”, garante. Juliana Freitas, veterinária da Federação Equestre Internacional (FEI) nas Olimpíadas de Paris, também destaca a importância da atuação dos profissionais da área de saúde para manter o bem-estar na modalidade esportiva e garantir a continuidade e evolução do hipismo. \"A prática vem sendo cada vez mais questionada. E como a visibilidade dos Jogos traz um público que não é familiarizado com o esporte, aumentam os questionamentos. Por isso, nossa responsabilidade vai além do cuidado clínico: somos os guardiões da saúde e do bem-estar dos cavalos, precisamos garantir que as necessidades físicas e emocionais sejam atendidas\", relata ela, que foi a veterinária do Time Brasil em Pequim 2008 e no Pan 2017. Mais recente Próxima Doping já rendeu ouro para o hipismo do Brasil nas Olimpíadas; relembre",
    "highlightText": "",
    "highlightTitle": "",
    "highlightThreadTitle": "",
    "language": "portuguese",
    "sentiment": "negative",
    "categories": [
        "Social Issue",
        "Sport"
    ],
    "webz_reporter": false,
    "external_links": [],
    "external_images": [],
    "entities": {
        "persons": [],
        "organizations": [],
        "locations": []
    },
    "rating": null,
    "crawled": "2024-07-26T01:42:53.645+03:00",
    "updated": "2024-07-26T01:42:53.645+03:00"
}