{
    "thread": {
        "uuid": "fa24eb1edba7ddc002484f09449705ea3e3ced94",
        "url": "https://tn.com.ar/deportes/polideportivo/2024/07/25/se-filtro-un-aberrante-video-en-el-que-una-historica-jinete-britanica-le-pega-con-un-latigo-a-su-caballo",
        "site_full": "tn.com.ar",
        "site": "tn.com.ar",
        "site_section": "http://tn.com.ar",
        "site_categories": [
            "media",
            "top_news"
        ],
        "section_title": "Últimas Noticias de Argentina y del Mundo | Todo Noticias",
        "title": "Juegos Olímpicos: el ABERRANTE VIDEO en el que una histórica jinete británica le pega con un látigo a su caballo | TN",
        "title_full": "Juegos Olímpicos: el ABERRANTE VIDEO en el que una histórica jinete británica le pega con un látigo a su caballo | TN",
        "published": "2024-07-25T23:54:00.000+03:00",
        "replies_count": 0,
        "participants_count": 1,
        "site_type": "news",
        "country": "AR",
        "main_image": "",
        "performance_score": 0,
        "domain_rank": 12807,
        "domain_rank_updated": "2024-07-23T13:08:24.000+03:00",
        "reach": null,
        "social": {
            "facebook": {
                "likes": 0,
                "comments": 0,
                "shares": 0
            },
            "gplus": {
                "shares": 0
            },
            "pinterest": {
                "shares": 0
            },
            "linkedin": {
                "shares": 0
            },
            "stumbledupon": {
                "shares": 0
            },
            "vk": {
                "shares": 0
            }
        }
    },
    "uuid": "fa24eb1edba7ddc002484f09449705ea3e3ced94",
    "url": "https://tn.com.ar/deportes/polideportivo/2024/07/25/se-filtro-un-aberrante-video-en-el-que-una-historica-jinete-britanica-le-pega-con-un-latigo-a-su-caballo",
    "ord_in_thread": 0,
    "parent_url": null,
    "author": "@todonoticias",
    "published": "2024-07-25T23:54:00.000+03:00",
    "title": "Juegos Olímpicos: el ABERRANTE VIDEO en el que una histórica jinete británica le pega con un látigo a su caballo | TN",
    "text": "El mundo ecuestre se ve sacudido por un escándalo después de que un video mostrara a Charlotte Dujardin , de 39 años y tres veces medallista de oro olímpica del Reino Unido, golpeando repetidamente a un caballo con un látigo durante una sesión de entrenamiento .\nLeé también: Robaron y faenaron a Carlitos, el caballo con el que un grupo de nenes hacía tratamientos de equinoterapia\nEl material audiovisual, parte de una queja formal presentada ante la Federación Internacional de Deportes Ecuestres (FEI), generó indignación en las redes. A tal nivel que la jinete inglesa no competirá en los Juegos Olímpicos de París 2024 mientras es investigada.\nEn el video, grabado hace cuatro años en un establo privado en el Reino Unido, se observa a Dujardin golpear a un caballo con un látigo , mientras lo persigue después de que el animal intentara alejarse.\nCharlotte Dujardin, de 39 años y tres veces medallista de oro olímpica del Reino Unido (Foto: Reuters). La FEI indicó que Dujardin confirmó que es la persona que aparece en el video y que pidió su propia suspensión provisional. La multimedallista olímpica afirmó que cometió “un error de juicio” en el suceso filmado hace cuatro años, que reveló inicialmente la página web neerlandesa horses.nl .\n“Estoy profundamente avergonzada y debería haber dado un mejor ejemplo” “Es comprensible que la Federación Internacional de Deportes Ecuestres (FEI) investigue, y he tomado la decisión de retirarme de todas las competiciones -incluidos los Juegos Olímpicos de París- mientras se lleva a cabo este proceso”, dijo Dujardin.\n“Lo que pasó estuvo completamente fuera de lugar y no refleja cómo entreno a mis caballos o a mis alumnos. Sin embargo, no hay excusa. Estoy profundamente avergonzada y debería haber dado un mejor ejemplo ”, afirmó.\nDe acuerdo con la agencia británica PA , la denuncia ante la Federación Internacional de Deportes Ecuestres (FEI) y la Federación Ecuestre Británica (FEB) provino de un abogado neerlandés en representación de un cliente.",
    "highlightText": "",
    "highlightTitle": "",
    "highlightThreadTitle": "",
    "language": "spanish",
    "sentiment": "negative",
    "categories": [
        "Social Issue",
        "Sport"
    ],
    "webz_reporter": false,
    "external_links": [],
    "external_images": [],
    "entities": {
        "persons": [],
        "organizations": [],
        "locations": []
    },
    "rating": null,
    "crawled": "2024-07-26T00:01:00.792+03:00",
    "updated": "2024-07-26T00:01:00.792+03:00"
}