{
    "thread": {
        "uuid": "5d2c78f204fc6254b1e8b22a3853263175581e5c",
        "url": "https://www.opovo.com.br/agencia/jogada10/2024/07/25/ameacas-a-di-maria-policia-da-argentina-prende-suspeitos.html",
        "site_full": "www.opovo.com.br",
        "site": "opovo.com.br",
        "site_section": "https://www.opovo.com.br",
        "site_categories": [
            "media",
            "top_news"
        ],
        "section_title": "O POVO | Notícias, Análises & Reportagens Exclusivas",
        "title": "Ameaças a Di María: polícia da Argentina prende suspeitos",
        "title_full": "Ameaças a Di María: polícia da Argentina prende suspeitos",
        "published": "2024-07-25T23:32:00.000+03:00",
        "replies_count": 0,
        "participants_count": 1,
        "site_type": "news",
        "country": "BR",
        "main_image": "https://www.opovo.com.br/_midias/jpg/2024/07/25/750x500/1_fbl_copa_america_2024_arg_can_610x400-28867634.jpg",
        "performance_score": 0,
        "domain_rank": 23066,
        "domain_rank_updated": "2024-07-23T13:08:24.000+03:00",
        "reach": null,
        "social": {
            "facebook": {
                "likes": 0,
                "comments": 0,
                "shares": 0
            },
            "gplus": {
                "shares": 0
            },
            "pinterest": {
                "shares": 0
            },
            "linkedin": {
                "shares": 0
            },
            "stumbledupon": {
                "shares": 0
            },
            "vk": {
                "shares": 0
            }
        }
    },
    "uuid": "5d2c78f204fc6254b1e8b22a3853263175581e5c",
    "url": "https://www.opovo.com.br/agencia/jogada10/2024/07/25/ameacas-a-di-maria-policia-da-argentina-prende-suspeitos.html",
    "ord_in_thread": 0,
    "parent_url": null,
    "author": "O Povo",
    "published": "2024-07-25T23:32:00.000+03:00",
    "title": "Ameaças a Di María: polícia da Argentina prende suspeitos",
    "text": "Ameaças a Di María: polícia da Argentina prende suspeitosJogador decidiu não regressar para jogar em seu país com medo de possível ataque contra ele e sua família [Jogada 10](https://www.opovo.com.br/autor/jogada-10/)Tipo [Notícia](https://www.opovo.com.br/conhecaopovo/tiposdenoticias) Dois homens foram presos em Rosário, na [Argentina](https://jogada10.com.br/paris-2024-argentina-perde-para-o-marrocos-em-jogo-marcado-por-confusao-historica/), suspeitos de ameaçarem o jogador Angel Di María. De acordo com fontes oficiais, Ricardo ‘Rengo’ Ficadenti, de 30 anos, e Sergio ‘Bebe’ Di Vanni, de 43, foram os mentores dos ataques contra o atleta, atualmente sem clube. Conforme informações do Ministério da Segurança da província de Santa Fé, a dupla faz parte do ‘grupo brava do clube Newell’s Old Boys’, equipe rival do Rosário Central, que buscava repatriar Di María. Seja assinante O POVO+ Tenha acesso a todos os conteúdos exclusivos, colunistas, acessos ilimitados e descontos em lojas, farmácias e muito mais. [Assine](https://mais.opovo.com.br/) Eles foram detidos em um carro por ordem do promotor Pablo Socca, que investiga as ameaças ao jogador, ocorridas em março. A intimidação foi realizada em um bairro privado da periferia de Rosário. Um homem e uma mulher lançaram uma sacola que continha um cartão com a legenda ‘Familia Di María’ e um bilhete que dizia ‘Nem mesmo (Maximiliano) Pullaro vai te salvar’, em referência ao governador de Santa Fé. Contudo, a dupla acabou presa pela ação. Operação após a prisão de Ficadenti e Di Vanni De acordo com declaração de um porta-voz da segurança à AFP, foram realizadas sete operações logo após a prisão de Ficadenti e Di Vanni. Elas culminaram na apreensão de ‘mais de 20 milhões de pesos’ (pouco mais de R$ 120 mil) e oito celulares. Anteriormente, Ficadenti, inclusive, já registrava problemas com a Justiça após ter sido acusado de participar do assassinato do então chefe de uma torcida organizada do Newell’s, Nelson “Chivo” Saravia, morto a tiros em outubro de 2021 Esposa de Di María, Jorgelina Cardoso declarou na última semana que os detalhes de conhecimento público sobre a ameaça não estão 100% divulgados. “Não é bobagem, as pessoas sabem metade disso, aconteceram coisas que não são conhecidas. É muito delicado e muito ‘pesado”, disse a companheira do jogador. Futuro de Di María Di María segue com o futuro em aberto após o fim de seu contrato com o Benfica. No entanto, o presidente do Rosário Central, Gonzalo Belloso, revelou na última segunda-feira, 22, que ‘Fideo’, como o jogador é conhecido em seu país, decidiu não voltar a jogar pelo clube local pois existe “falta de garantias de segurança”. Por causa deste motivo, ele deve seguir no clube português. Conheça os canais do O POVO no WhatsApp O POVO apresenta seus cinco canais com notícias relacionadas à política cearense; aos acontecimentos do cotidiano; à cobertura esportivas; às pautas econômicas; e às novidades dos famosos e realities. Confira e clique nos links abaixo para seguir: [Últimas Notícias](https://whatsapp.com/channel/0029Va7S2H9C6ZvZ8m1yiE3o): as principais notícias sobre o Ceará, o Brasil e todo o mundo [Economia](https://whatsapp.com/channel/0029Va5C3OdDJ6H2COPjIV2M): aqui, você vai ficar sabendo em primeira-mão das notícias sobre concursos/vagas de emprego, empresas e também finanças pessoais [Política](https://whatsapp.com/channel/0029Va3G1JmGU3BKkggnkF3A): mais um espaço para O POVO e seus leitores interagirem sobre política no Ceará e no Brasil, agora mais de perto [Esportes](https://whatsapp.com/channel/0029Va3euAR5PO0uTivy5M05): as mais relevantes atualizações do esporte cearense, brasileiro e internacional [Famosos, TV e Realities](https://whatsapp.com/channel/0029Va8AhUUBA1f2UQ3vZY2D): um canal para quem quer ficar ligado nas novidades a qualquer hora do dia com conteúdos diretamente do Vida&Arte e do Divirta-se do O POVO [Fale com a gente](https://www.opovo.com.br/falecomagente)",
    "highlightText": "",
    "highlightTitle": "",
    "highlightThreadTitle": "",
    "language": "portuguese",
    "sentiment": "negative",
    "categories": [
        "Human Interest",
        "Sport",
        "Crime, Law and Justice"
    ],
    "webz_reporter": false,
    "external_links": [
        "https://whatsapp.com/channel/0029Va3G1JmGU3BKkggnkF3A):",
        "https://whatsapp.com/channel/0029Va7S2H9C6ZvZ8m1yiE3o):",
        "https://whatsapp.com/channel/0029Va5C3OdDJ6H2COPjIV2M):",
        "https://whatsapp.com/channel/0029Va8AhUUBA1f2UQ3vZY2D):",
        "https://jogada10.com.br/paris-2024-argentina-perde-para-o-marrocos-em-jogo-marcado-por-confusao-historica/),",
        "https://whatsapp.com/channel/0029Va3euAR5PO0uTivy5M05):",
        "https://www.whatsapp.com/channel/0029Va5C3OdDJ6H2COPjIV2M):",
        "https://www.whatsapp.com/channel/0029Va8AhUUBA1f2UQ3vZY2D):",
        "https://www.jogada10.com.br/paris-2024-argentina-perde-para-o-marrocos-em-jogo-marcado-por-confusao-historica/),",
        "https://www.whatsapp.com/channel/0029Va3G1JmGU3BKkggnkF3A):",
        "https://www.whatsapp.com/channel/0029Va3euAR5PO0uTivy5M05):",
        "https://www.whatsapp.com/channel/0029Va7S2H9C6ZvZ8m1yiE3o):"
    ],
    "external_images": [],
    "entities": {
        "persons": [],
        "organizations": [],
        "locations": []
    },
    "rating": null,
    "crawled": "2024-07-26T01:03:15.718+03:00",
    "updated": "2024-07-26T01:03:15.718+03:00"
}