{
    "thread": {
        "uuid": "117ca24956706739b2643285940cd8a825b56dfd",
        "url": "https://www.eurosport.fr/natation/paris-2024/2024/jo-paris-2024-dopage-caeleb-dressel-na-plus-confiance-dans-lequite-en-natation_sto20021084/story.shtml",
        "site_full": "www.eurosport.fr",
        "site": "eurosport.fr",
        "site_section": "https://www.eurosport.fr",
        "site_categories": [
            "sports"
        ],
        "section_title": "Jeux Olympiques de Paris 2024 - Infos, résultats, calendriers et tableau des médailles",
        "title": "JO Paris 2024 - Dopage : Caeleb Dressel n'a plus confiance dans l'équité en natation - Eurosport",
        "title_full": "JO Paris 2024 - Dopage : Caeleb Dressel n'a plus confiance dans l'équité en natation - Eurosport",
        "published": "2024-07-25T22:53:00.000+03:00",
        "replies_count": 0,
        "participants_count": 1,
        "site_type": "news",
        "country": "FR",
        "main_image": "https://imgresizer.eurosport.com/unsafe/2560x1440/filters:format(jpeg)/origin-imgresizer.eurosport.com/2024/07/25/image-fecc05e7-a127-437d-8485-6a4bac6127c5-85-2560-1440.jpeg",
        "performance_score": 0,
        "domain_rank": 18648,
        "domain_rank_updated": "2024-07-23T13:08:24.000+03:00",
        "reach": null,
        "social": {
            "facebook": {
                "likes": 0,
                "comments": 0,
                "shares": 0
            },
            "gplus": {
                "shares": 0
            },
            "pinterest": {
                "shares": 0
            },
            "linkedin": {
                "shares": 0
            },
            "stumbledupon": {
                "shares": 0
            },
            "vk": {
                "shares": 0
            }
        }
    },
    "uuid": "117ca24956706739b2643285940cd8a825b56dfd",
    "url": "https://www.eurosport.fr/natation/paris-2024/2024/jo-paris-2024-dopage-caeleb-dressel-na-plus-confiance-dans-lequite-en-natation_sto20021084/story.shtml",
    "ord_in_thread": 0,
    "parent_url": null,
    "author": "Eurosport_FR",
    "published": "2024-07-25T22:53:00.000+03:00",
    "title": "JO Paris 2024 - Dopage : Caeleb Dressel n'a plus confiance dans l'équité en natation - Eurosport",
    "text": "JO Paris 2024 - Dopage : Caeleb Dressel n'a plus confiance dans l'équité en natation ParAFP Mis à jour 25/07/2024 à 22:56 GMT+2 Le nageur américain Caeleb Dressel, sept fois médaillé d'or aux Jeux olympiques, a affirmé jeudi qu'il n'avait plus confiance dans la capacité des organisateurs des JO de Paris à assurer l'équité en natation après les dernières affaires de dopage concernant des nageurs chinois. Si les Français n'ont pas voulu prendre position dans l'affaire des 23 nageurs contrôlés positifs à la trimétazidine avant les JO de Tokyo mais non sanctionnés, le plus célèbre nageur du monde, lui, n'y est pas allé par quatre chemins. Interrogé sur le fait de savoir si les organisateurs étaient parvenus à créer un environnement équitable pour les nageurs, Caeleb Dressel, l'homme aux sept médailles d'or, a répondu très franchement et très séchement : \"Non, pas vraiment. Je ne pense pas qu'ils nous aient donné assez de preuves pour défendre la manière dont l'affaire a été gérée. Pour répondre à votre question, c'est non\". L'Agence mondiale antidopage est mise en cause, notamment par les États-Unis, dans cette affaire. Parmi les 23 Chinois contrôlés positifs, onze d'entre eux ont été sélectionnés pour les JO de Paris, dont Zhang Yufei surnommée \"la reine du papillon\", qui a remporté deux médailles d'or à Tokyo. L'AMA a accepté le explications des responsables chinois selon lesquelles les traces de ce produit résultent d'une contamination alimentaire dans un hôtel. Donc quand vous entendez quelqu'un comme Caeleb dire cela, de toute évidence ce n'est pas ce que vous voulez entendre d'un sportif Dressel va notamment défendre ses titres olympiques sur 50 m et 100 m papillon lors des JO de Paris. Le directeur exécutif de World Aquatics, Brent Nowicki, s'est dit attristé par les déclarations du nageur américain. \"Toute cette équipe, toute cette organisation travaillent sans relâche. Chaque jour ils se rendent au travail et s'y consacrent totalement. Donc quand vous entendez quelqu'un comme Caeleb dire cela, de toute évidence ce n'est pas ce que vous voulez entendre d'un sportif\". Mais il a concédé que les autorités de la natation mondiale devaient oeuvrer à regagner la confiance des nageurs. \"Nous devons regarder vers l'avenir, nous devons regagner sa confiance et la confiance de ceux qui partagent son opinion, c'est pour cela que nous travaillons sans relâche\". \"Je vous invite à me poser la même question à LA (Los Angeles où se tiendront les JO de 2028, ndlr). Mon but et mon espoir est qu'il change d'opinion et c'est pour cela que nous devons travailler encore davantage pour que dans quatre ans, il puisse dire : 'ils ont fait ce qu'ils ont dit qu'ils feraient'\" Sur le même sujet Partager cet article Publicité Publicité",
    "highlightText": "",
    "highlightTitle": "",
    "highlightThreadTitle": "",
    "language": "french",
    "sentiment": "negative",
    "categories": [
        "Social Issue",
        "Sport"
    ],
    "webz_reporter": false,
    "external_links": [],
    "external_images": [],
    "entities": {
        "persons": [],
        "organizations": [],
        "locations": []
    },
    "rating": null,
    "crawled": "2024-07-26T00:04:50.421+03:00",
    "updated": "2024-07-26T00:04:50.421+03:00"
}