{
    "thread": {
        "uuid": "49b4243481fc1fb5d7355ec97bbb74c58a158726",
        "url": "https://sport.virgilio.it/volandri-sinner-e-il-no-alle-olimpiadi-l-intoppo-dopo-wimbledon-il-torneo-saltato-e-la-chiamata-di-vagnozzi-872459",
        "site_full": "sport.virgilio.it",
        "site": "virgilio.it",
        "site_section": "https://virgilio.it",
        "site_categories": [
            "media",
            "world_soccer",
            "sports"
        ],
        "section_title": "Virgilio: Mail, Login, Ultime Notizie in tempo reale e tanto altro!",
        "title": "Volandri, Sinner e il no alle Olimpiadi: l'intoppo dopo Wimbledon, il torneo saltato e la chiamata di Vagnozzi",
        "title_full": "Volandri, Sinner e il no alle Olimpiadi: l'intoppo dopo Wimbledon, il torneo saltato e la chiamata di Vagnozzi",
        "published": "2024-07-25T23:43:00.000+03:00",
        "replies_count": 0,
        "participants_count": 1,
        "site_type": "news",
        "country": "IT",
        "main_image": "https://wips.plug.it/cips/sport.virgilio.it/cms/2024/07/volandri.jpg?w=640&a=c&h=360",
        "performance_score": 0,
        "domain_rank": 4799,
        "domain_rank_updated": "2024-07-23T13:08:24.000+03:00",
        "reach": null,
        "social": {
            "facebook": {
                "likes": 0,
                "comments": 0,
                "shares": 0
            },
            "gplus": {
                "shares": 0
            },
            "pinterest": {
                "shares": 0
            },
            "linkedin": {
                "shares": 0
            },
            "stumbledupon": {
                "shares": 0
            },
            "vk": {
                "shares": 0
            }
        }
    },
    "uuid": "49b4243481fc1fb5d7355ec97bbb74c58a158726",
    "url": "https://sport.virgilio.it/volandri-sinner-e-il-no-alle-olimpiadi-l-intoppo-dopo-wimbledon-il-torneo-saltato-e-la-chiamata-di-vagnozzi-872459",
    "ord_in_thread": 0,
    "parent_url": null,
    "author": "Rino Dazzo",
    "published": "2024-07-25T23:43:00.000+03:00",
    "title": "Volandri, Sinner e il no alle Olimpiadi: l'intoppo dopo Wimbledon, il torneo saltato e la chiamata di Vagnozzi",
    "text": "L’assenza di Jannik Sinner al torneo olimpico di tennis a Parigi è stata un fulmine a ciel sereno, un colpo durissimo per Filippo Volandri. Una vera e propria mazzata per il capitano della Nazionale azzurra di Davis, che non si aspettava di dover rinunciare alle Olimpiadi proprio al suo giocatore migliore. Era tutto pronto per l’arrivo di Jannik, nessuno si aspettava che potesse annunciare il ritiro prima del torneo. Lo ha confidato Volandi nel corso della conferenza stampa parigina precedente al via ufficiale dei Giochi. [Il retroscena: \"Non ho parlato con Sinner, ma con Vagnozzi\"](#iol-toc-476237476b70e1da2d04cbd75a5271a9) [Volandri ammette: \"Dopo Wimbledon è capitato un intoppo\"](#iol-toc-85c5770777c631683a87a60ef931fb0e) [La certezza del capitano: \"Italia da medaglia anche senza Sinner\"](#iol-toc-7140f9540132640646601d4701569814) Il retroscena: “Non ho parlato con Sinner, ma con Vagnozzi” La notizia del forfait di Sinner a Volandri non l’ha comunicata Jannik ma il suo allenatore, Simone Vagnozzi: “Alle 7 del mattino di ieri ho ricevuto la chiamata di Vagnozzi che mi diceva che Sinner proprio non ce l’avrebbe fatta”, ha spiegato il tecnico dell’Italia di Davis. “Dispiace tanto, soprattutto per lu. Non abbiamo parlato, ma [ l’avvicinamento alle Olimpiadi era stato programmato correttamente](https://sport.virgilio.it/olimpiadi-sinner-replica-agli-haters-da-campione-stavolta-ha-ragione-bertolucci-872367). Senza il numero 1 al mondo, ovviamente gli equilibri sono cambiati. Come capo delegazione e team leader qui chiunque vorrebbe avere il numero 1 del mondo in squadra”. Volandri ammette: “Dopo Wimbledon è capitato un intoppo” Enorme la sorpresa e altrettanto grande il dispiacere confessato da coach Volandri per il ritiro di Sinner. “Per il ragazzo dispiace, perché aveva pianificato questa Olimpiade”, ha aggiunto il coach. “Se poteva essere gestita meglio dopo Wimbledon? Se capita l’intoppo cerchi di gestire l’intoppo e cerchi di fare il massimo. La stagione è lunga e sai che qualcosa puoi togliere, lui non voleva togliere l’Olimpiade. Dopo Wimbledon [avrebbe potuto giocare un torneo su terra](https://sport.virgilio.it/olimpiadi-sinner-forfait-e-reazioni-panatta-che-dispiacere-stoccata-di-pietrangeli-all-italia-del-tennis-872257), poi non lo ha potuto fare, ma aveva pianificato una settimana di allenamento su terra“. La certezza del capitano: “Italia da medaglia anche senza Sinner” E ora, quali sono le aspettative dell’Italia del tennis per l’Olimpiade? Per Volandri l’obiettivo medaglie rimane alla portata degli Azzurri: “Anche senza Jannik sarà comunque l’Olimpiade dell’Italia, siamo qui con una squadra forte per riportare una medaglia nel nostro Paese. Certo, chiunque vorrebbe avere in squadra il numero 1 al mondo, ma sono abituato a fare con quello che ho a disposizione. Sinner sposta gli equilibri, lui poi è un portatore sano di professionalità e cultura del lavoro. Perdiamo tutti [il numero 1 al mondo](https://sport.virgilio.it/sinner-nadal-alcaraz-olimpiadi-rischio-872449) ma ci sono altri giocatori, come Musetti, che ha fatto la semifinale di Wimbledon. I ragazzi sanno che qui non giocano per loro stessi ma c’è una bandiera sulle spalle, come in Davis”.",
    "highlightText": "",
    "highlightTitle": "",
    "highlightThreadTitle": "",
    "language": "italian",
    "sentiment": "negative",
    "categories": [
        "Arts, Culture and Entertainment",
        "Human Interest",
        "Sport"
    ],
    "webz_reporter": false,
    "external_links": [],
    "external_images": [],
    "entities": {
        "persons": [],
        "organizations": [],
        "locations": []
    },
    "rating": null,
    "crawled": "2024-07-26T00:10:50.261+03:00",
    "updated": "2024-07-26T00:10:50.261+03:00"
}