{
    "thread": {
        "uuid": "c9f50f158bd98e291819beb6573dbd2524d56063",
        "url": "https://tnonline.uol.com.br/noticias/esportes/red-bull-proibe-max-verstappen-de-jogar-videogame-antes-das-etapas-de-formula-1-897854",
        "site_full": "tnonline.uol.com.br",
        "site": "uol.com.br",
        "site_section": "https://tnonline.uol.com.br/rss",
        "site_categories": [
            "media",
            "top_news"
        ],
        "section_title": "TNOnline",
        "title": "Red Bull proíbe Max Verstappen de jogar videogame antes das etapas de Fórmula 1",
        "title_full": "Red Bull proíbe Max Verstappen de jogar videogame antes das etapas de Fórmula 1",
        "published": "2024-07-25T20:50:00.000+03:00",
        "replies_count": 0,
        "participants_count": 1,
        "site_type": "news",
        "country": "BR",
        "main_image": "https://tnonline.uol.com.br/themes/portal-tno-deploy/assets/img/tnonline-share.png",
        "performance_score": 0,
        "domain_rank": 738,
        "domain_rank_updated": "2024-07-23T13:08:24.000+03:00",
        "reach": null,
        "social": {
            "facebook": {
                "likes": 0,
                "comments": 0,
                "shares": 0
            },
            "gplus": {
                "shares": 0
            },
            "pinterest": {
                "shares": 0
            },
            "linkedin": {
                "shares": 0
            },
            "stumbledupon": {
                "shares": 0
            },
            "vk": {
                "shares": 0
            }
        }
    },
    "uuid": "c9f50f158bd98e291819beb6573dbd2524d56063",
    "url": "https://tnonline.uol.com.br/noticias/esportes/red-bull-proibe-max-verstappen-de-jogar-videogame-antes-das-etapas-de-formula-1-897854",
    "ord_in_thread": 0,
    "parent_url": null,
    "author": "TNOnline",
    "published": "2024-07-25T20:50:00.000+03:00",
    "title": "Red Bull proíbe Max Verstappen de jogar videogame antes das etapas de Fórmula 1",
    "text": "Esportes Red Bull proíbe Max Verstappen de jogar videogame antes das etapas de Fórmula 1 A Red Bull está tomando medidas drásticas para voltar a ganhar na Fórmula 1. Antes do GP da Bélgica, que ocorre neste domingo, a equipe austríaca proibiu Max Verstappen de jogar simuladores de corrida virtuais nas madrugadas que antecedem as etapas da mod (via Agência Estado) 17:55 Escrito por (via Agência Estado) 17:50:00 17:55:58\nA Red Bull está tomando medidas drásticas para voltar a ganhar na Fórmula 1. Antes do GP da Bélgica, que ocorre neste domingo, a equipe austríaca proibiu Max Verstappen de jogar simuladores de corrida virtuais nas madrugadas que antecedem as etapas da modalidade.\nO piloto holandês é conhecido por sua paixão por videogames e, no último final de semana, participou de uma corrida virtual horas antes de entrar em seu monoposto e disputar o GP da Hungria. O nervosismo e a irritação de Verstappen durante a prova chamaram atenção e o tricampeão foi alvo de inúmeras críticas.\nCom o segundo carro mais rápido do grid, o holandês acabou se acidentando ao forçar uma ultrapassagem no britânico Lewis Hamilton e teve de se contentar com um quinto lugar. Para Helmut Marko, conselheiro da Red Bull, os videogames podem explicar o rendimento ruim de Max.\n\"Max estava muito irritado neste fim de semana e não demorou muito para que as críticas surgissem. Não é uma surpresa, afinal, ele joga corridas online durante boa parte da noite\", afirmou o ex-piloto austríaco em sua coluna no site \"Speed Week\".\nEm seu texto, o conselheiro relembrou que Verstappen também jogou o simulador de corrida em Ímola até tarde da noite, mas que o holandês venceu o GP na ocasião. \"Ele só participou da corrida online na Hungria porque um piloto de sua equipe virtual não estava disponível. No entanto, combinamos que ele não vai mais jogar videogames até tarde.\"\nPara o GP da Bélgica, o piloto holandês deve trocar o motor de combustão interna do seu carro e ser penalizado com a perda de algumas posições. Nas últimas etapas, a Red Bull viu a McLaren crescer de rendimento e ameaçar a liderança do Campeonato de Construtores. Além de terem o carro mais rápido, a equipe inglesa também faz boas pontuações com ambos os carros, algo que não ocorre na equipe da bebida energética.\nNo time austríaco, o mexicano Sergio Pérez está em péssima fase e Verstappen têm sido a única fonte confiável de pontos na atual temporada. Com 265 pontos, o tricampeão está confortável em primeiro lugar no Campeonato de Pilotos. Na disputa entre as escuderias, a Red Bull tem 389 pontos contra 338 da McLaren.\nO final de semana do GP da Bélgica começa nesta sexta-feira, dia 26, às 8h30. No sábado, dia 27, a classificação acontece às 11h. E, por fim, a corrida começa às 10h deste domingo, dia 28.",
    "highlightText": "",
    "highlightTitle": "",
    "highlightThreadTitle": "",
    "language": "portuguese",
    "sentiment": "negative",
    "categories": [
        "Sport",
        "Corporate Governance and CSR"
    ],
    "webz_reporter": false,
    "external_links": [
        "https://telegram.me/share/url?url=http://tnonline.uol.com.br/noticias/esportes/red-bull-proibe-max-verstappen-de-jogar-videogame-antes-das-etapas-de-formula-1-897854&text=TNOnline:Red",
        "https://news.google.com/publications/CAAiEDG7uCcaxsngQEinhi18rAUqFAgKIhAxu7gnGsbJ4EBIp4YtfKwF?ceid=BR:pt-419&oc=3",
        "https://twitter.com/intent/tweet?text=Red%20Bull%20pro%C3%ADbe%20Max%20Verstappen%20de%20jogar%20videogame%20antes%20das%20etapas%20de%20F%C3%B3rmula%201&url=https%3A%2F%2Ftnonline.uol.com.br%2F_%2F897854",
        "https://www.facebook.com/sharer.php?u=https%3A%2F%2Ftnonline.uol.com.br%2F_%2F897854",
        "https://api.whatsapp.com/send?text=TNOnline%3A%20Red%20Bull%20pro%C3%ADbe%20Max%20Verstappen%20de%20jogar%20videogame%20antes%20das%20etapas%20de%20F%C3%B3rmula%201%20https%3A%2F%2Ftnonline.uol.com.br%2F_%2F897854",
        "https://www.telegram.me/share/url?url=http://www.tnonline.uol.com.br/noticias/esportes/red-bull-proibe-max-verstappen-de-jogar-videogame-antes-das-etapas-de-formula-1-897854&text=TNOnline:Red",
        "https://www.api.whatsapp.com/send?text=TNOnline%3A%20Red%20Bull%20pro%C3%ADbe%20Max%20Verstappen%20de%20jogar%20videogame%20antes%20das%20etapas%20de%20F%C3%B3rmula%201%20https%3A%2F%2Ftnonline.uol.com.br%2F_%2F897854",
        "https://telegram.me/share/url",
        "https://news.google.com/publications/CAAiEDG7uCcaxsngQEinhi18rAUqFAgKIhAxu7gnGsbJ4EBIp4YtfKwF",
        "https://facebook.com/sharer.php?u=https%3A%2F%2Ftnonline.uol.com.br%2F_%2F897854",
        "https://www.facebook.com/sharer.php",
        "https://www.twitter.com/intent/tweet?text=Red%20Bull%20pro%C3%ADbe%20Max%20Verstappen%20de%20jogar%20videogame%20antes%20das%20etapas%20de%20F%C3%B3rmula%201&url=https%3A%2F%2Ftnonline.uol.com.br%2F_%2F897854",
        "https://www.news.google.com/publications/CAAiEDG7uCcaxsngQEinhi18rAUqFAgKIhAxu7gnGsbJ4EBIp4YtfKwF?ceid=BR:pt-419&oc=3",
        "https://api.whatsapp.com/send",
        "https://twitter.com/intent/tweet"
    ],
    "external_images": [],
    "entities": {
        "persons": [],
        "organizations": [],
        "locations": []
    },
    "rating": null,
    "crawled": "2024-07-26T00:21:32.452+03:00",
    "updated": "2024-07-26T00:32:53.026+03:00"
}