{
    "thread": {
        "uuid": "01ba312d8d58f95560d0d90dea191bdf479f398e",
        "url": "https://southafrica.shafaqna.com/EN/AL/3620942",
        "site_full": "southafrica.shafaqna.com",
        "site": "shafaqna.com",
        "site_section": "http://southafrica.shafaqna.com/rss.xml",
        "site_categories": [
            "media"
        ],
        "section_title": "South Africa News (News Reader) | ",
        "title": "Football chaos as Paris Olympics kicks off",
        "title_full": "Football chaos as Paris Olympics kicks off",
        "published": "2024-07-25T03:00:00.000+03:00",
        "replies_count": 0,
        "participants_count": 0,
        "site_type": "news",
        "country": "VN",
        "main_image": "",
        "performance_score": 0,
        "domain_rank": 30492,
        "domain_rank_updated": "2024-07-23T13:08:24.000+03:00",
        "reach": null,
        "social": {
            "facebook": {
                "likes": 0,
                "comments": 0,
                "shares": 0
            },
            "gplus": {
                "shares": 0
            },
            "pinterest": {
                "shares": 0
            },
            "linkedin": {
                "shares": 0
            },
            "stumbledupon": {
                "shares": 0
            },
            "vk": {
                "shares": 0
            }
        }
    },
    "uuid": "01ba312d8d58f95560d0d90dea191bdf479f398e",
    "url": "https://southafrica.shafaqna.com/EN/AL/3620942",
    "ord_in_thread": 0,
    "parent_url": null,
    "author": null,
    "published": "2024-07-25T03:00:00.000+03:00",
    "title": "Football chaos as Paris Olympics kicks off",
    "text": "Football chaos as Paris Olympics kicks off Estelle.Bronkhorst Thu, 07/25/2024 - 08:00 PARIS - The sporting programme at the Paris Olympics endured a chaotic start on Wednesday as men s football kicked off while a huge police operation was put in place for Israel s first appearance at the Games.Two days before the opening ceremony, Morocco beat Argentina 2-1 in Saint-Etienne, but only after a late equaliser for the South American side was disallowed and the final minutes were played out in an empty stadium following crowd trouble.Argentina thought they had escaped with a 2-2 draw when Cristian Medina scored in the 16th minute of added time.But as their players celebrated, projectiles including bottles and plastic cups rained down from the stands and several spectators entered the pitch, with the referee promptly blowing the whistle.The teams left the playing area, but the referee had not blown for full-time and the outcome of the match was unclear until the sides finally reappeared two hours later to play out three more minutes in a stadium that was by now emptied of spectators.Medina s goal was eventually disallowed for offside following a review and Morocco celebrated a 2-1 win. It is a disgrace that this should happen and poison the tournament, said Argentina coach Javier Mascherano.Israel s footballers later Wednesday took on Mali under the watchful eye of 1,000 police officers, with authorities erecting an anti-terrorist perimeter and braced for possible disruption around the stadium.Israel s participation in Paris has been a key talking point in the run-up, with calls from the Palestine Olympic Committee and some left-wing French MPs for the country to be excluded over the Gaza war.Some Palestinian and Israeli flags were flown with angry words exchanged amongst some fans at the Parc des Princes in Paris.However, French interior minister Gerald Darmanin said there has been no security problems to our knowledge . Thursday 25 July 2024 [enca](/EN/AL/sou/www.enca.com/enca)- 17 hours ago Football chaos as Paris Olympics kicks off Latest News - [JUDICIARY: President Ramaphosa appoints ‘trailblazer’ Mandisa Maya as SA’s first female Chief Justice](/EN/AL/3621452) [dailymaverick](/EN/AL/sou/www.dailymaverick.co.za/dailymaverick) - [Gobernador argentino carga contra Mondino por decir que el Reino Unido es un inquilino en Malvinas](/EN/AL/3621451) [rt](/EN/AL/sou/actualidad.rt.com/rt) - [ Jorge Javier Vázquez recibe una bonita sorpresa por su cumpleaños: Pasaré mínimo tres años más aquí ](/EN/AL/3621450) [20minutos](/EN/AL/sou/www.20minutos.es/20minutos) - [Escándalo en los JJ.OO. de París por una atleta que no podrá asistir a la inauguración con hiyab](/EN/AL/3621449) [rt](/EN/AL/sou/actualidad.rt.com/rt) - [PARIS GAMES: SA Sevens stun New Zealand with heroic defensive display to make it to Olympic semifinals](/EN/AL/3621447) [maverick](/EN/AL/sou/www.dailymaverick.co.za/maverick) - [Nigeria: Petroleum Ministry to Host Inaugural Africa Oil Gas Digital Transformation Conference](/EN/AL/3621445) [allafrica](/EN/AL/sou/allafrica.com/allafrica) - [MIDDLE EAST CRISIS UPDATE: 26 JULY 2024: Netanyahu pledges to keep working with B Israel ready to hit Houthi-controlled parts of Yemen again](/EN/AL/3621443) [dailymaverick](/EN/AL/sou/www.dailymaverick.co.za/dailymaverick) - [AGE OF ACCOUNTABILITY: VBS depositors want to revive the bank to recoup their money, but don’t have the funds](/EN/AL/3621442) [dailymaverick](/EN/AL/sou/www.dailymaverick.co.za/dailymaverick) - [ Quitar fondos a escuelas con ideología de género, reclutar maestros patriotas ... el plan de Trump para salvar la educación ](/EN/AL/3621441) [20minutos](/EN/AL/sou/www.20minutos.es/20minutos) - [UKRAINE UPDATE: 26 JULY 2024: Putin meets with Syria’s A US tracks Russia-China bomber flights off Alaska](/EN/AL/3621437) [maverick](/EN/AL/sou/www.dailymaverick.co.za/maverick) - [Cierra la campaña electoral en Venezuela en medio de la tensa incertidumbre por los resultados del domingo](/EN/AL/3621435) [elperiodico](/EN/AL/sou/www.elperiodico.com/elperiodico) - [AGE OF ACCOUNTABILITY: R52m assets seized — man’s bribery bid to protect alleged Mpumalanga PPE scam ringleader backfires](/EN/AL/3621425) [dailymaverick](/EN/AL/sou/www.dailymaverick.co.za/dailymaverick) - [MUNICIPAL MAYHEM: ‘I want the blood of an Afrikaner’ — Tshwane council meeting descends into chaos](/EN/AL/3621406) [maverick](/EN/AL/sou/www.dailymaverick.co.za/maverick) - [AMABHUNGANE: Own goal — How PetroSA’s multibillion-rand offshore gas deal was thwarted by an unpaid soccer player](/EN/AL/3621402) [dailymaverick](/EN/AL/sou/www.dailymaverick.co.za/dailymaverick) - [Newsdeck: Olympics-Court of Arbitration for Sport dismisses Russian appeal over Valieva medal](/EN/AL/3621401) [dailymaverick](/EN/AL/sou/www.dailymaverick.co.za/dailymaverick) - [ Sandra Madoc, la supuesta nueva obsesión de Escassi: A mí me interesan otro tipo de personas ](/EN/AL/3621392) [20minutos](/EN/AL/sou/www.20minutos.es/20minutos) - [ Washington advierte que cualquier represión en las elecciones venezolanas será inaceptable ](/EN/AL/3621391) [20minutos](/EN/AL/sou/www.20minutos.es/20minutos) - [ Venezuela despliega al Ejército, cierra fronteras y prohíbe la venta de alcohol por las presidenciales ](/EN/AL/3621390) [20minutos](/EN/AL/sou/www.20minutos.es/20minutos) - [ Un joven sufre la amputación de una pierna tras ser alcanzado por la hélice de un barco en un pantano de Guadalajara ](/EN/AL/3621389) [20minutos](/EN/AL/sou/www.20minutos.es/20minutos) - [WILD ASSUMPTIONS OP-ED: Shades of grey — rethinking the heroes and villains in the war on rhino poaching](/EN/AL/3621386) [dailymaverick](/EN/AL/sou/www.dailymaverick.co.za/dailymaverick) - [ECONOMY REBOOT OP-ED: Seizing the GNU moment — social innovation and collaboration can jumpstart South Africa](/EN/AL/3621385) [dailymaverick](/EN/AL/sou/www.dailymaverick.co.za/dailymaverick) - [OPINIONISTA: Community and respect are the currency of South Africa’s townships that binds residents together](/EN/AL/3621384) [dailymaverick](/EN/AL/sou/www.dailymaverick.co.za/dailymaverick) - [OPINIONISTA: Deep-sea mining would industrialise the last remaining intact ecosystems on the planet](/EN/AL/3621383) [dailymaverick](/EN/AL/sou/www.dailymaverick.co.za/dailymaverick) - [BUSINESS REFLECTION: After the Bell: Money for nothing and your BIG cheques for free](/EN/AL/3621381) [dailymaverick](/EN/AL/sou/www.dailymaverick.co.za/dailymaverick) - [AGE OF ACCOUNTABILITY: Cosatu welcomes Zizi Kodwa’s resignation, questions why ANC returned him to Parliament](/EN/AL/3621380) [dailymaverick](/EN/AL/sou/www.dailymaverick.co.za/dailymaverick) - [Age of Accountability: Special Investigating Unit to probe streetlight tender in Nelson Mandela Bay](/EN/AL/3621379) [dailymaverick](/EN/AL/sou/www.dailymaverick.co.za/dailymaverick) - [ Reprueban al edil de Vox que propuso plomo para los inmigrantes y le quitan la asignación ](/EN/AL/3621378) [20minutos](/EN/AL/sou/www.20minutos.es/20minutos) - [SETBACKS: SA Citrus Growers Association slashes 2024 export estimate by 9% as weather withers orange crop](/EN/AL/3621374) [dailymaverick](/EN/AL/sou/www.dailymaverick.co.za/dailymaverick) - [MINING: Anglo H1 earnings hit by fertiliser impairment, aims for coal disposal by 2025](/EN/AL/3621373) [dailymaverick](/EN/AL/sou/www.dailymaverick.co.za/dailymaverick) - [ Miki Nadal, sobre sus vacaciones: Dabiz Muñoz me ha dicho que parezco un canguro con su cría dentro ](/EN/AL/3621370) [20minutos](/EN/AL/sou/www.20minutos.es/20minutos) - [ Críticas a Vance por unas declaraciones de 2021 en las que llamó a Kamala Harris cat lady y miserable por no tener hijos biológicos ](/EN/AL/3621367) [20minutos](/EN/AL/sou/www.20minutos.es/20minutos) - [ La Festa Major de Gràcia de Barcelona será más inclusiva y tendrá una noche tranquila sin conciertos el 18 de agosto ](/EN/AL/3621363) [20minutos](/EN/AL/sou/www.20minutos.es/20minutos) - [ Condenado a 17 años de prisión el acusado de echar gasolina y quemar a sus vecinos en Barcelona ](/EN/AL/3621362) [20minutos](/EN/AL/sou/www.20minutos.es/20minutos) - [Más de 300 policías españoles participan en París en la seguridad de los Juegos Olímpicos](/EN/AL/3621344) [elperiodico](/EN/AL/sou/www.elperiodico.com/elperiodico) - [ Amnistiados los 4 CDR que intentaron boicotear la Vuelta a España en Lleida con 400 litros de aceite ](/EN/AL/3621341) [20minutos](/EN/AL/sou/www.20minutos.es/20minutos) - [ La Generalitat mejora y moderniza los descuentos del Túnel del Cadí (Lleida) para residentes ](/EN/AL/3621340) [20minutos](/EN/AL/sou/www.20minutos.es/20minutos) - [ Víctimas de los Jesuitas cuestionan la fiabilidad del informe sobre los abusos: Nadie nos ha consultado ](/EN/AL/3621339) [20minutos](/EN/AL/sou/www.20minutos.es/20minutos) - [ Puente achaca el caos en Chamartín a que la estación es demasiado pequeña y a las obras y promete un alivio a partir de octubre ](/EN/AL/3621337) [20minutos](/EN/AL/sou/www.20minutos.es/20minutos) - [ APRAMP moviliza las redes sociales para no dejar a nadie atrás en el Día Internacional contra la trata de personas ](/EN/AL/3621335) [20minutos](/EN/AL/sou/www.20minutos.es/20minutos) - [ Lambán, a Sánchez tras la reunión con Aragonés: Tendrá un problema mientras no visite a los 17 presidentes autonómicos ](/EN/AL/3621334) [20minutos](/EN/AL/sou/www.20minutos.es/20minutos) ⁞ [-](/EN/AL/3620628) Un centenar de turistas españoles, atrapados en el aeropuerto de Tirana: Se ha convertido en pesadilla [20minutos](/EN/AL/sou/www.20minutos.es/20minutos) [-](/EN/AL/3620615) Will Smith, David Bisbal y Paulo Londra comparten coche para disfrutar del nuevo disco del actor [20minutos](/EN/AL/sou/www.20minutos.es/20minutos) [-](/EN/AL/3620502) Santander espera sacar partido a la opa de BBVA al Sabadell: Hay que aprovechar las crisis [20minutos](/EN/AL/sou/www.20minutos.es/20minutos) [-](/EN/AL/3620479) Red Bull zanja la polémica y prohíbe a Max Verstappen trasnochar con el simulador: No jugará [20minutos](/EN/AL/sou/www.20minutos.es/20minutos) [-](/EN/AL/3620510) Alquileres por menos de 750 euros en Madrid: esto es lo que cuesta un piso en Fuencarral [20minutos](/EN/AL/sou/www.20minutos.es/20minutos) [-](/EN/AL/3620707) BUSINESS REFLECTION: After the Bell: Hosting the Olympics and a devil on my shoulder [dailymaverick](/EN/AL/sou/www.dailymaverick.co.za/dailymaverick) [-](/EN/AL/3620454) Typhoon Gaemi: Floods, flights cancelled as Typhoon Gaemi dumps heavy rain on Manila [dailymaverick](/EN/AL/sou/www.dailymaverick.co.za/dailymaverick) [-](/EN/AL/3620714) FOOD BASKET CHECK: Marginally better food basket — food inflation dips to lowest in four years [dailymaverick](/EN/AL/sou/www.dailymaverick.co.za/dailymaverick) [-](/EN/AL/3620466) Joburg sex worker killer Mkhwanazi s psych report ready but delayed by probation officer s report [timeslive](/EN/AL/sou/www.timeslive.co.za/timeslive) [-](/EN/AL/3620471) Beyoncé da permiso a Kamala Harris para usar una de sus canciones más famosas en su campaña [20minutos](/EN/AL/sou/www.20minutos.es/20minutos) [-](/EN/AL/3620478) Los salarios batieron la inflación en 2023: el sueldo medio creció un 4,7% hasta los 26.556 euros [20minutos](/EN/AL/sou/www.20minutos.es/20minutos) [-](/EN/AL/3621293) Antonio Naranjo defiende el cartel machista de una chirigota: Ahora, a las personas normales se nos llama cuñados [20minutos](/EN/AL/sou/www.20minutos.es/20minutos) [-](/EN/AL/3621291) Los municipios de Málaga más demandados para alquilar: los pisos van desde los 800 a los 3.700 euros [20minutos](/EN/AL/sou/www.20minutos.es/20minutos) [-](/EN/AL/3621289) Dos hombres de 73 y 84 años mueren el mismo día en las playas catalanas: uno en el Port de la Selva y otro en Calafell [20minutos](/EN/AL/sou/www.20minutos.es/20minutos) [-](/EN/AL/3621288) Rodolfo Sancho reaparece sonriente y relajado a un mes de conocer la sentencia de su hijo, Daniel Sancho [20minutos](/EN/AL/sou/www.20minutos.es/20minutos) [-](/EN/AL/3621287) Pau Cubarsí admite sus problemas con el castellano: He hablado toda la vida en catalán... [20minutos](/EN/AL/sou/www.20minutos.es/20minutos) [-](/EN/AL/3621281) Nigeria: Gov Sani Performs Groundbreaking of 14.8km Kaduna Millennium City Ring Road Project [allafrica](/EN/AL/sou/allafrica.com/allafrica) [-](/EN/AL/3621278) ANTI-GWAMANDA PROTESTS: Fed up civil society groups intensify calls for Joburg Mayor Kabelo Gwamanda to leave [dailymaverick](/EN/AL/sou/www.dailymaverick.co.za/dailymaverick) [-](/EN/AL/3621271) Future of prisons under Groenewald s guard takes spotlight, with praises all round for Sun City prison raid [timeslive](/EN/AL/sou/www.timeslive.co.za/timeslive) [-](/EN/AL/3621270) GROUNDUP: Proposed hotel a ‘destructive development that threatens heritage of South Africa’s oldest mosque’ [maverick](/EN/AL/sou/www.dailymaverick.co.za/maverick) [-](/EN/AL/3621263) Nigeria: Agama - Utilise Potential of Sustainable Finance to Build Green Climate Resilient Economy [allafrica](/EN/AL/sou/allafrica.com/allafrica) [-](/EN/AL/3621253) Nigeria: FG Raises N4.35tn From Bond Market As Investors Appetite for Long-Term Investment Soar [allafrica](/EN/AL/sou/allafrica.com/allafrica) [-](/EN/AL/3621249) Bárbara Rey aparece en el prime time de TVE con una pulsera en la que se lee Gobierno dimisión [20minutos](/EN/AL/sou/www.20minutos.es/20minutos) [-](/EN/AL/3621248) La despedida entre lágrimas de Inés García, de Al Rojo Vivo , por la muerte de Elsa Llorente: Siempre te vamos a querer [20minutos](/EN/AL/sou/www.20minutos.es/20minutos) [-](/EN/AL/3621247) Hundimiento de un buque cisterna provoca un derrame de petróleo frente a las costas de Filipinas [rt](/EN/AL/sou/actualidad.rt.com/rt) [-](/EN/AL/3621245) El verano no da tregua: termina la segunda ola de calor, pero la tercera ya está a la vuelta de la esquina [20minutos](/EN/AL/sou/www.20minutos.es/20minutos) [-](/EN/AL/3621244) Muere un matrimonio octogenario en una playa de Alicante: él de infarto y ella al socorrer a su marido [20minutos](/EN/AL/sou/www.20minutos.es/20minutos) [-](/EN/AL/3621241) Newsletter Olimpiadas 20M: todas las noticias, directos y agenda diaria de los Juegos en tu correo electrónico [20minutos](/EN/AL/sou/www.20minutos.es/20minutos) [-](/EN/AL/3621240) La selección española femenina de fútbol quiere espantar fantasmas en su histórico debut en los Juegos ante Japón [20minutos](/EN/AL/sou/www.20minutos.es/20minutos) [-](/EN/AL/3621239) Más de 6.000 casos de violencia sexual en escuelas de Ecuador se han denunciado en los últimos 10 años [rt](/EN/AL/sou/actualidad.rt.com/rt) [-](/EN/AL/3621237) Barcelona aumenta las detenciones un 9% hasta junio: los delitos de drogas crecen un 10%, mientras que los hurtos caen un 5% [20minutos](/EN/AL/sou/www.20minutos.es/20minutos) [-](/EN/AL/3621236) Kiko Hernández explica por qué casi abandona Sálvame : Era una cosa que vivías sin libertad [20minutos](/EN/AL/sou/www.20minutos.es/20minutos) [-](/EN/AL/3621230) SPOTLIGHT | Deadpool Wolverine in powerhouse team-up; art lovers Madiba short doccies on TV [timeslive](/EN/AL/sou/www.timeslive.co.za/timeslive) [-](/EN/AL/3621226) Zelenski anuncia la detención de un sospechoso del asesinato de una exdiputada ultranacionalista [20minutos](/EN/AL/sou/www.20minutos.es/20minutos) [-](/EN/AL/3621220) Bruselas expedienta a todos los países de la UE por incumplir los objetivos de recogida y reciclaje de residuos [20minutos](/EN/AL/sou/www.20minutos.es/20minutos) [-](/EN/AL/3621219) Adiós a las cuentas compartidas en Disney+: la plataforma confirma los límites a personas del hogar [20minutos](/EN/AL/sou/www.20minutos.es/20minutos) [-](/EN/AL/3621218) Filtran nueva fecha para el lanzamiento del iPhone plegable: llegaría más pronto de lo que esperas [20minutos](/EN/AL/sou/www.20minutos.es/20minutos) [-](/EN/AL/3621212) Nigeria: Support for Dangote Refinery Swells, Kyari Denies Owning Blending Plant in Malta [allafrica](/EN/AL/sou/allafrica.com/allafrica) [-](/EN/AL/3621208) Escassi ofrece agua y refrescos a los reporteros que están en su casa: Es la primera vez que veo esto [20minutos](/EN/AL/sou/www.20minutos.es/20minutos) Sources",
    "highlightText": "",
    "highlightTitle": "",
    "highlightThreadTitle": "",
    "language": "english",
    "sentiment": "negative",
    "categories": [
        "Sport"
    ],
    "webz_reporter": false,
    "external_links": [],
    "external_images": [],
    "entities": {
        "persons": [
            {
                "name": "cristian medina",
                "sentiment": "none"
            }
        ],
        "organizations": [
            {
                "name": "argentina",
                "sentiment": "none"
            }
        ],
        "locations": [
            {
                "name": "morocco",
                "sentiment": "none"
            },
            {
                "name": "saint-etienne",
                "sentiment": "none"
            },
            {
                "name": "israel",
                "sentiment": "none"
            },
            {
                "name": "paris",
                "sentiment": "none"
            },
            {
                "name": "paris",
                "sentiment": "none"
            }
        ]
    },
    "rating": null,
    "crawled": "2024-07-26T01:35:59.629+03:00",
    "updated": "2024-07-26T01:35:59.629+03:00"
}