{
    "thread": {
        "uuid": "4d5e3220dab4ef5099ca6bfb48236b4a67e02da8",
        "url": "https://www.huffingtonpost.fr/jo-paris-2024/article/jo-de-paris-le-match-de-foot-canada-nouvelle-zelande-s-est-joue-dans-un-stade-presque-vide_237447.html",
        "site_full": "www.huffingtonpost.fr",
        "site": "huffingtonpost.fr",
        "site_section": "http://huffingtonpost.fr",
        "site_categories": [
            "media",
            "law_government_and_politics",
            "politics",
            "top_news"
        ],
        "section_title": "Le HuffPost : actualités et infos décalées en continu, en France et dans le monde",
        "title": "JO de Paris : le match de foot Canada-Nouvelle-Zélande s’est joué dans un stade presque vide",
        "title_full": "JO de Paris : le match de foot Canada-Nouvelle-Zélande s’est joué dans un stade presque vide",
        "published": "2024-07-26T00:32:00.000+03:00",
        "replies_count": 0,
        "participants_count": 1,
        "site_type": "news",
        "country": "FR",
        "main_image": "https://huffpost-focus.sirius.press/2024/07/25/430/0/8256/4644/1820/1023/75/0/b84daa4_1721942806651-000-364z3q2.jpg",
        "performance_score": 0,
        "domain_rank": 4926,
        "domain_rank_updated": "2024-07-23T13:08:24.000+03:00",
        "reach": null,
        "social": {
            "facebook": {
                "likes": 1,
                "comments": 0,
                "shares": 1
            },
            "gplus": {
                "shares": 0
            },
            "pinterest": {
                "shares": 0
            },
            "linkedin": {
                "shares": 0
            },
            "stumbledupon": {
                "shares": 0
            },
            "vk": {
                "shares": 0
            }
        }
    },
    "uuid": "4d5e3220dab4ef5099ca6bfb48236b4a67e02da8",
    "url": "https://www.huffingtonpost.fr/jo-paris-2024/article/jo-de-paris-le-match-de-foot-canada-nouvelle-zelande-s-est-joue-dans-un-stade-presque-vide_237447.html",
    "ord_in_thread": 0,
    "parent_url": null,
    "author": "Le HuffPost",
    "published": "2024-07-26T00:32:00.000+03:00",
    "title": "JO de Paris : le match de foot Canada-Nouvelle-Zélande s’est joué dans un stade presque vide",
    "text": "JO DE PARIS - Désespérément vide. Le match de poule de football féminin entre le [Canada](https://www.huffingtonpost.fr/international/video/au-canada-les-feux-de-forets-ont-deja-commence-des-milliers-de-personnes-evacuees_233821.html) et la [Nouvelle-Zélande](https://www.huffingtonpost.fr/environnement/video/en-nouvelle-zelande-une-tres-rare-baleine-a-bec-de-travers-decouverte-sur-la-plage_236946.html), qui s’est déroulé ce jeudi 25 juillet après-midi à [Saint-Étienne](https://www.huffingtonpost.fr/politique/video/1er-mai-glucksmann-empeche-de-rejoindre-la-manif-a-saint-etienne-apres-jets-d-ufs-et-de-peinture_233388.html), n’a pas passionné les foules et les tribunes étaient très clairsemées. [Argentine-Maroc aux JO-2024 : but annulé, terrain envahi, huis-clos… Un match chaotique pour débuter ](https://www.huffingtonpost.fr/jo-paris-2024/article/argentine-maroc-aux-jo-2024-but-annule-terrain-envahi-huis-clos-un-match-chaotique-pour-debuter_237397.html) Comme vous pouvez le voir dans le rapport de match partagé par le journaliste sportif Asil Burhan sur X, seulement 2 674 personnes étaient présentes dans les gradins du stade dont la capacité est de 42 000 sièges. Soit un taux de remplissage d’à peine plus de 6 %. Les images que vous pouvez voir ci-dessous montrent à quel point le stade Geoffroy-Guichard, l’antre de l’ASSE, était vide. Comme le pointent Asil Burhan ainsi que son confrère de Canal+ Daniel Marques, c’est la première fois (hors Covid) depuis les JO d’Athènes qu’un match de tournoi féminin avait rassemblé aussi peu de spectateurs. Survol de drone Le match a été remporté par le Canada 2 buts contre 1. La rencontre a néanmoins été entachée par des accusations de tricherie. Lundi, un drone piloté par un membre de l’équipe canadienne avait survolé une séance d’entraînement des Néo-Zélandaises. Le ressortissant de 43 ans, « jugé mercredi après-midi dans le cadre d’une audience de comparution sur reconnaissance préalable de culpabilité (CRPC), a accepté sa condamnation » de huit mois de prison avec sursis, a indiqué le parquet de Saint-Etienne. Les Canadiennes vont affronter dimanche les Françaises, qui ont remporté ce jeudi soir leur premier match de poule contre la Colombie (2-1). À voir aussi sur Le HuffPost :",
    "highlightText": "",
    "highlightTitle": "",
    "highlightThreadTitle": "",
    "language": "french",
    "sentiment": "negative",
    "categories": [
        "Arts, Culture and Entertainment",
        "Sport"
    ],
    "webz_reporter": false,
    "external_links": [],
    "external_images": [],
    "entities": {
        "persons": [],
        "organizations": [],
        "locations": []
    },
    "rating": null,
    "crawled": "2024-07-26T00:47:21.450+03:00",
    "updated": "2024-07-26T00:47:21.450+03:00"
}