{
    "thread": {
        "uuid": "f7f37dfaebc7e581a15a63d61b32d67e23720e45",
        "url": "https://www.minutouno.com/deportes/marruecos/la-palabra-del-capitan-el-escandalo-la-seleccion-argentina-sub-23-n6038666",
        "site_full": "www.minutouno.com",
        "site": "minutouno.com",
        "site_section": "https://minutouno.com",
        "site_categories": [
            "media",
            "education",
            "business",
            "top_news"
        ],
        "section_title": "Las últimas noticias de Argentina, espectáculos y deportes - minutouno",
        "title": "La palabra del capitán de Marruecos tras el escándalo con la Selección Argentina Sub-23",
        "title_full": "La palabra del capitán de Marruecos tras el escándalo con la Selección Argentina Sub-23",
        "published": "2024-07-25T23:31:00.000+03:00",
        "replies_count": 0,
        "participants_count": 1,
        "site_type": "news",
        "country": "AR",
        "main_image": "https://media.minutouno.com/p/c4b29efa9a85ac94289dda36b0876eed/adjuntos/150/imagenes/041/691/0041691715/hakimijpg.jpg",
        "performance_score": 0,
        "domain_rank": 37213,
        "domain_rank_updated": "2024-07-23T13:08:24.000+03:00",
        "reach": null,
        "social": {
            "facebook": {
                "likes": 0,
                "comments": 0,
                "shares": 0
            },
            "gplus": {
                "shares": 0
            },
            "pinterest": {
                "shares": 0
            },
            "linkedin": {
                "shares": 0
            },
            "stumbledupon": {
                "shares": 0
            },
            "vk": {
                "shares": 0
            }
        }
    },
    "uuid": "f7f37dfaebc7e581a15a63d61b32d67e23720e45",
    "url": "https://www.minutouno.com/deportes/marruecos/la-palabra-del-capitan-el-escandalo-la-seleccion-argentina-sub-23-n6038666",
    "ord_in_thread": 0,
    "parent_url": null,
    "author": "minutounocom",
    "published": "2024-07-25T23:31:00.000+03:00",
    "title": "La palabra del capitán de Marruecos tras el escándalo con la Selección Argentina Sub-23",
    "text": "La palabra del capitán de Marruecos tras el escándalo con la Selección Argentina Sub-23 Achraf Hakimi, capitán de Marruecos, se expresó tras la polémica victoria 2-1 ante Argentina por los Juegos Olímpicos de París 2024. La caída por 2-1 de la Selección Argentina Sub-23 ante Marruecos se llevó todas las miradas del primer día de los Juegos Olímpicos de París 2024. El escándalo por el gol anulado a Cristian Medina, [la invasión de hinchas marroquíes a la cancha](https://www.minutouno.com/deportes/seleccion/escandalo-asi-se-retiro-la-cancha-la-argentina-sub-23-los-incidentes-n6037668) y [la reanudación del juego por solo tres minutos más de dos horas después de ser suspendido](https://www.minutouno.com/deportes/marruecos/papelon-los-juegos-olimpicos-se-reanudo-el-partido-anularon-el-gol-medina-y-argentina-perdio-n6037722) fue tan grande que referentes como [Lionel Messi y Rodrigo De Paul, entre otros, se expresaron al respecto a través de las redes sociales](https://www.minutouno.com/deportes/lionel-messi/la-inmediata-reaccion-el-papelon-argentina-vs-marruecos-los-juegos-olimpicos-n6037752). Pero no fueron los únicos, ya que Achraf Hakimi, capitán de Marruecos, fue quien tomó la palabra en el conjunto rival. En un posteo a través de sus redes sociales con fotos suyas y de sus compañeros, el futbolista del PSG se mostró contento con la victoria, pero repudió la invasión de los hinchas. \"Empezamos los Juegos Olímpicos con una victoria importante. Lamento la actitud de algunos seguidores durante el partido, que ha empañado la imagen de nuestros fieles fans. Este comportamiento no tiene cabida en el fútbol. Siempre Marruecos\", lanzó. \"Desde la Asociación del Fútbol Argentino ya elevamos el reclamo a la Comisión Disciplinaria de FIFA para que se tomen las medidas reglamentarias pertinentes y se imponga una sanción a quien o quienes corresponda\", informó por su parte Chiqui Tapia, presidente de la AFA. Argentina vs. Marruecos: el escándalo que protagonizó el árbitro La Selección Argentina caía por 2-1 y, justo sobre el final del partido, un gol de Cristian Medina puso las cosas 2-2. Sin embargo, tras el tanto del argentino, cinco hinchas marroquíes invadieron a la cancha, se encendieron bengalas en la tribuna de Marruecos, le tiraron un sinfín de vasos al volante de Boca durante su festejo y un petardo no hirió a un futbolista argentino de milagro. Todo eso, claro, llevó a suspender el partido, del que por más de dos horas no se supo si se reanudaba o no. Luego de todo ese tiempo, [el árbitro sueco Glenn Nyberg decidió que el partido se juegue tres minutos más y, además, anuló vía VAR el tanto de Medina](https://www.minutouno.com/deportes/marruecos/la-decision-que-tomaron-el-arbitro-que-dirigio-el-escandaloso-argentina-n6038326) porque Bruno Amione, partícipe del gol, se encontraba en posición adelantada. Dejá tu comentario Te puede interesar Las Más Leídas",
    "highlightText": "",
    "highlightTitle": "",
    "highlightThreadTitle": "",
    "language": "spanish",
    "sentiment": "negative",
    "categories": [
        "Politics",
        "Sport"
    ],
    "webz_reporter": false,
    "external_links": [],
    "external_images": [],
    "entities": {
        "persons": [],
        "organizations": [],
        "locations": []
    },
    "rating": null,
    "crawled": "2024-07-26T01:02:17.215+03:00",
    "updated": "2024-07-26T01:02:17.215+03:00"
}