{
    "thread": {
        "uuid": "4de4a16c7c391f58b86b561134336f0e10502b81",
        "url": "https://www.infobae.com/america/agencias/2024/07/25/la-francia-de-dupont-termina-con-los-suenos-de-oro-de-los-pumas",
        "site_full": "www.infobae.com",
        "site": "infobae.com",
        "site_section": "http://www.infobae.com/feeds/rss/",
        "site_categories": [
            "media",
            "top_news"
        ],
        "section_title": "Infobae.com",
        "title": "La Francia de Dupont termina con los sueños de oro de los 'Pumas' - Infobae",
        "title_full": "La Francia de Dupont termina con los sueños de oro de los 'Pumas' - Infobae",
        "published": "2024-07-26T00:16:00.000+03:00",
        "replies_count": 0,
        "participants_count": 1,
        "site_type": "news",
        "country": "AR",
        "main_image": "https://www.infobae.com/pf/resources/images/fallback-promo-image-1200x630.png?d=2457",
        "performance_score": 0,
        "domain_rank": 1950,
        "domain_rank_updated": "2024-07-23T13:08:24.000+03:00",
        "reach": null,
        "social": {
            "facebook": {
                "likes": 0,
                "comments": 0,
                "shares": 0
            },
            "gplus": {
                "shares": 0
            },
            "pinterest": {
                "shares": 0
            },
            "linkedin": {
                "shares": 0
            },
            "stumbledupon": {
                "shares": 0
            },
            "vk": {
                "shares": 0
            }
        }
    },
    "uuid": "4de4a16c7c391f58b86b561134336f0e10502b81",
    "url": "https://www.infobae.com/america/agencias/2024/07/25/la-francia-de-dupont-termina-con-los-suenos-de-oro-de-los-pumas",
    "ord_in_thread": 0,
    "parent_url": null,
    "author": "@infobae",
    "published": "2024-07-26T00:16:00.000+03:00",
    "title": "La Francia de Dupont termina con los sueños de oro de los 'Pumas' - Infobae",
    "text": "Redacción Deportes, 25 jul (EFE).- La selección argentina de rugby 7, una de las máximas favoritas para el título, ha quedado eliminada este jueves en los cuartos de final del torneo olímpico a manos de Francia (14-26), que selló su clasificación con un ensayo en el último segundo de la gran estrella Antoine Dupont.\nLa derrota de los 'Pumas' contra Australia (14-22) en el cierre de la fase de grupos que se disputó en sesión vespertina los abocaba a un cuarto de final muy peliaguda contra los anfitriones, la misma selección que hace menos de dos meses le ganó en Madrid la final de las Series Mundiales.\nLos franceses creyeron resolver el duelo en la primera parte, pues vencían 0-21 al descanso con un doblete de Aaron Grandidier y a otro ensayo de Andy Timo, pero una exclusión temporal de Jordan Sepho permitió que Rodrigo Isgró y Marcos Moneta apretar el tanteo hasta poner a los sudamericanos a tiro de marca transformada.\nSin embargo, la estrategia del técnico francés, Jerome Daret, de reservar a Antoine Dupont para los minutos finales funcionó a la perfección, puesto que el capitán del XV del Gallo robó el oval en la penúltima jugada, cuando Argentina buscaba el empate, y cerró el encuentro al sacar un golpe de castigo rápido y zambullirse en la zona de marca (14-26).\nSudáfrica será la adversaria de Francia en la primera semifinal después de protagonizar la gran sorpresa de los cuartos al eliminar a Nueva Zelanda, que deberá esperar otros cuatro años para lograr el único título que le falta al rugby de su país.\nSelvyn Davids fue el protagonista del partido, ya que abrió el marcador con una jugada personal y le regaló un segundo ensayo de Tristan Leyds tras atravesar en 'dribbling' todo el terreno de juego, poniendo en las tablas un 0-14 que los neozelandeses sólo descontaron en la segunda mitad con una marca de Moses Leo (7-14).\nFiyi logró frente a Irlanda su decimosexta victoria seguida en los Juegos, una competición en la que permanece invicta desde su inclusión en el programa olímpico en 2016, si bien un triunfo sufrido porque la potencia de Chay Mullins, autor de un doblete, daba a los europeos una ventaja sustanciosa (7-15) a falta de tres minutos.\nLos bicampeones olímpicos remontaron en apenas cuarenta segundos con un ensayo Iosefo Baleiwairiki tras una jugada colectiva con la que atravesó todo el campo y otro de Waisea Nacuqu facilitada por la mala recepción de los irlandeses del saque de centro subsiguiente (19-15).\nLa selección fiyiana disputará una semifinal cien por cien oceánica frente a Australia, que no tuvo dificultad alguna para deshacerse por 18-0 de unos Estados Unidos inoperantes en ataque gracias a los ensayos de Corey Toole, James Turner y Maurice Longbottom y a un golpe de castigo transformado por el propio Longbottom. EFE\n1010205\nlhg/jl",
    "highlightText": "",
    "highlightTitle": "",
    "highlightThreadTitle": "",
    "language": "spanish",
    "sentiment": "negative",
    "categories": [
        "Sport"
    ],
    "webz_reporter": false,
    "external_links": [],
    "external_images": [],
    "entities": {
        "persons": [],
        "organizations": [],
        "locations": []
    },
    "rating": null,
    "crawled": "2024-07-26T00:19:55.327+03:00",
    "updated": "2024-07-26T00:19:55.327+03:00"
}