{
    "thread": {
        "uuid": "8c802b0a6853e72eb6e991d3d0437e39e19ce235",
        "url": "https://www.infobae.com/deportes/2024/07/25/la-seleccion-sub-20-le-empato-a-mauritania-sobre-el-final-en-lalcudia-y-se-desato-el-caos-la-reaccion-del-equipo-africano-que-obligo-a-la-intervencion-de-la-guardia-civil",
        "site_full": "www.infobae.com",
        "site": "infobae.com",
        "site_section": "https://www.infobae.com/?noredirect",
        "site_categories": [
            "media",
            "top_news"
        ],
        "section_title": "Hacemos periodismo - Infobae",
        "title": "La Selección Sub 20 le empató a Mauritania sobre el final en L’Alcudia y se desató el caos: la reacción del equipo africano que obligó a la intervención de la Guardia Civil - Infobae",
        "title_full": "La Selección Sub 20 le empató a Mauritania sobre el final en L’Alcudia y se desató el caos: la reacción del equipo africano que obligó a la intervención de la Guardia Civil - Infobae",
        "published": "2024-07-26T01:05:00.000+03:00",
        "replies_count": 0,
        "participants_count": 1,
        "site_type": "news",
        "country": "AR",
        "main_image": "https://www.infobae.com/new-resizer/OZ4HpGZkIZhQ2uXSajdzmFZi_48=/1200x630/filters:format(webp):quality(85)/cloudfront-us-east-1.images.arcpublishing.com/infobae/2QEGWMCMV5AS3CWPYRF635B2KI.jpg",
        "performance_score": 0,
        "domain_rank": 1950,
        "domain_rank_updated": "2024-07-23T13:08:24.000+03:00",
        "reach": null,
        "social": {
            "facebook": {
                "likes": 0,
                "comments": 0,
                "shares": 0
            },
            "gplus": {
                "shares": 0
            },
            "pinterest": {
                "shares": 0
            },
            "linkedin": {
                "shares": 0
            },
            "stumbledupon": {
                "shares": 0
            },
            "vk": {
                "shares": 0
            }
        }
    },
    "uuid": "8c802b0a6853e72eb6e991d3d0437e39e19ce235",
    "url": "https://www.infobae.com/deportes/2024/07/25/la-seleccion-sub-20-le-empato-a-mauritania-sobre-el-final-en-lalcudia-y-se-desato-el-caos-la-reaccion-del-equipo-africano-que-obligo-a-la-intervencion-de-la-guardia-civil",
    "ord_in_thread": 0,
    "parent_url": null,
    "author": "@infobae",
    "published": "2024-07-26T01:05:00.000+03:00",
    "title": "La Selección Sub 20 le empató a Mauritania sobre el final en L’Alcudia y se desató el caos: la reacción del equipo africano que obligó a la intervención de la Guardia Civil - Infobae",
    "text": "Escánalo entre Argentina y Mauritania en el torneo de L´Alcudia Luego del histórico escándalo que se vivió en el torneo de fútbol masculino de los Juegos Olímpicos de París, donde la Argentina atravesó momentos de incertidumbre debido a las controvertidas decisiones de la organización y anular un gol después de casi dos horas, la Albiceleste volvió a protagonizar un episodio lamentable en el tradicional torneo de L’Alcudia.\nOtra vez, los jóvenes sudamericanos debieron comenzar su participación con un seleccionado africano. Así como en la capital de Francia, el debuto del combinado liderado por Javier Mascherano tuvo que enfrentar a Marruecos , en Valencia el elenco Sub 20 a cargo de Diego Placente tuvo su compromiso frente a Mauritania . Y el final no pasó desapercibido.\nEs que el árbitro sancionó un penal a favor del combinado sudamericano en las instancias finales del partido y los jóvenes africanos reaccionaron con violencia. El marcador lo había abierto Bilal Maoulaul , de cabeza, y Mauritania acariciaba las semifinales porque el triunfo le permitía clasificar a la fase de los cuatro mejores. Con superioridad numérica por la expulsión de Juan Villalba , la historia cambió cuando el juez cobró la pena máxima cuando dos intérpretes fueron a la disputa del balón de manera imprudente y derrumbaron al argentino Santiago Sosa dentro del área. Una falta que en otro contexto no tendría discusión.\nLa reacción del público y los jugadores mauritanos fue instantánea y violenta . De acuerdo a las imágenes que se viralizaron en las redes sociales, la policía tuvo que intervenir en el campo de juego para proteger al árbitro y escoltarlo hasta el vestuario. Es que además de la invasión de los simpatizantes y familiares, los propios futbolistas de Mauritania arremetieron contra la autoridad de manera furiosa.\nA pesar de la suspensión momentánea del espectáculo, Carrizo se hizo cargo de la ejecución y selló el 1 a 1 para que la Argentina pudiera evitar la derrota en territorio español. Naturalmente, cuando concluyó el espectáculo la Guardia Civil debió intervenir para escoltar al árbitro para abandonar la cancha hasta llegar a una zona segura en los vestuarios.\nEl plantel está conformado por varios nombres conocidos, como los de Valentino Acuña , el joven de Newell’s que jugó el Mundial Sub 17 y supo oficiar de doble de Messi en una película, e Iker Zufiaurre , atacante que ya comenzó a tener rodaje en Boca bajo la tutela de Diego Martínez. También el citado Alex Woiski , nacido el 17 de marzo de 2006 en España , pero que eligió jugar por la Albiceleste, en un caso parecido al de Alejandro Garnacho. eE hijo de Ronnie Woiski, un representante de futbolistas español, y Laura Pioletti , una argentina oriunda de Mar del Plata.\nEl equipo de Placente se mantiene en la cima del Grupo B con 7 unidades , la misma cantidad que Mauritania , mientras que Valencia se ubica tercero con 4 puntos, Levante suma uno y el combinado brasileño cierra la tabla tras haber perdido en sus dos primeras presentaciones.\nEl conjunto nacional, que participa por décima vez en el torneo, se ubica cuarto en el palmarés, con tres campeonatos en su haber (2012, 2018 y 2022) y dos subcampeonatos (2013 y 2016). El resto de los equipos participantes son Elche, Sevilla, Arabia Saudita, Uruguay y Villarreal. Los dos primeros de cada zona accederán a las semifinales.",
    "highlightText": "",
    "highlightTitle": "",
    "highlightThreadTitle": "",
    "language": "spanish",
    "sentiment": "negative",
    "categories": [
        "Human Interest",
        "War, Conflict and Unrest",
        "Sport"
    ],
    "webz_reporter": false,
    "external_links": [
        "https://cdn.jwplayer.com/videos/eNmd2PrC-B3B0AgVE.mp4",
        "https://www.cdn.jwplayer.com/videos/eNmd2PrC-B3B0AgVE.mp4"
    ],
    "external_images": [],
    "entities": {
        "persons": [],
        "organizations": [],
        "locations": []
    },
    "rating": null,
    "crawled": "2024-07-26T01:14:31.478+03:00",
    "updated": "2024-07-26T01:14:31.478+03:00"
}