{
    "thread": {
        "uuid": "887e774fb791e0b04b4fad2301b70aaf9e621b96",
        "url": "https://www.diariolibre.com/deportes/olimpismo/2024/07/25/paris-2024-fabian-messina-baja-en-rd-por-lesion-de-rodilla/2798211",
        "site_full": "www.diariolibre.com",
        "site": "diariolibre.com",
        "site_section": "https://diariolibre.com/ultima-hora",
        "site_categories": [
            "media",
            "top_news"
        ],
        "section_title": " Ultimas Noticias - Diario Libre ",
        "title": "París 2024 Fabián Messina, baja en RD por lesión de rodilla - Diario Libre",
        "title_full": "París 2024 Fabián Messina, baja en RD por lesión de rodilla - Diario Libre",
        "published": "2024-07-26T01:20:00.000+03:00",
        "replies_count": 0,
        "participants_count": 1,
        "site_type": "news",
        "country": "DO",
        "main_image": "https://resources.diariolibre.com/images/2024/07/25/paris-2024-fabian-messina-baja-en-rd-por-lesion-de-rodilla-focus-min0.22-0.61-608-342_wam.jpg",
        "performance_score": 0,
        "domain_rank": 22803,
        "domain_rank_updated": "2024-07-23T13:08:24.000+03:00",
        "reach": null,
        "social": {
            "facebook": {
                "likes": 0,
                "comments": 0,
                "shares": 0
            },
            "gplus": {
                "shares": 0
            },
            "pinterest": {
                "shares": 0
            },
            "linkedin": {
                "shares": 0
            },
            "stumbledupon": {
                "shares": 0
            },
            "vk": {
                "shares": 0
            }
        }
    },
    "uuid": "887e774fb791e0b04b4fad2301b70aaf9e621b96",
    "url": "https://www.diariolibre.com/deportes/olimpismo/2024/07/25/paris-2024-fabian-messina-baja-en-rd-por-lesion-de-rodilla/2798211",
    "ord_in_thread": 0,
    "parent_url": null,
    "author": "Diario Libre",
    "published": "2024-07-26T01:20:00.000+03:00",
    "title": "París 2024 Fabián Messina, baja en RD por lesión de rodilla - Diario Libre",
    "text": "La selección de fútbol olímpico de República Dominicana ya prepara su partido frente a España , de este sábado a las 13:00 horas GMT, en Burdeos, ciudad a la que llegaron este jueves por la mañana para, ya por la tarde, llevar a cabo su primer entrenamiento, en el que no pudo participar Fabián Messina por una lesión en la rodilla derecha.\nEl equipo entrenado por Ibai Gómez volvió al trabajo tras el punto logrado frente a Egipto (0-0) en su debut en un torneo de fútbol de los Juegos Olímpicos.\nUn partido del que pudieron sacar incluso una victoria , si no llega a ser por un gol anulado a Peter Federico .\nAdemás, República Dominicana confirmó este jueves una mala noticia en forma de lesión , ya que uno de sus centrocampistas titulares, Fabián Messina , será baja al sufrir una lesión en la rodilla .\n\" Fabián Messina sufre un pequeño desgarro radial del cuerno anterior del menisco lateral de la rodilla derecha\", informó la Federación en sus redes sociales.\nSin embargo, moral alta en el grupo tras el punto y conscientes de la dificultad que supone enfrentarse este sábado a una de las favoritas al oro, como es España .\nEl seleccionador dominicano destacó tras el empate contra Egipto que los suyos dieron muestras de \"un juego asociado, vistoso y ofensivo\", pero matizó que para el sábado tendrán que tomar medidas porque, a su juicio, España es \"superior\".\nRELACIONADAS\nOlimpismo Primer récord mundial de los Juegos de París fue en tiro con arco",
    "highlightText": "",
    "highlightTitle": "",
    "highlightThreadTitle": "",
    "language": "spanish",
    "sentiment": "negative",
    "categories": [
        "Sport"
    ],
    "webz_reporter": false,
    "external_links": [],
    "external_images": [],
    "entities": {
        "persons": [],
        "organizations": [],
        "locations": []
    },
    "rating": null,
    "crawled": "2024-07-26T01:41:31.845+03:00",
    "updated": "2024-07-26T01:41:31.845+03:00"
}