{
    "thread": {
        "uuid": "f23d61da66a9faeee31f98ab6a2b504577ec0b5f",
        "url": "https://www.mdzol.com/mdz-show/2024/7/25/el-rating-de-la-tv-publica-con-la-vergonzosa-caida-de-argentina-ante-marruecos-en-los-juegos-olimpicos-de-paris-446223.html",
        "site_full": "www.mdzol.com",
        "site": "mdzol.com",
        "site_section": "https://mdzol.com",
        "site_categories": [
            "media",
            "top_news"
        ],
        "section_title": "MDZ Online",
        "title": "El rating de la TV Pública con la vergonzosa caída de Argentina ante Marruecos en los Juegos Olímpicos de París - MDZ Online",
        "title_full": "El rating de la TV Pública con la vergonzosa caída de Argentina ante Marruecos en los Juegos Olímpicos de París - MDZ Online",
        "published": "2024-07-26T00:59:00.000+03:00",
        "replies_count": 0,
        "participants_count": 1,
        "site_type": "news",
        "country": "AR",
        "main_image": "https://www.mdzol.com/u/fotografias/m/2024/7/24/f1280x720-1628215_1759890_5627.jpg",
        "performance_score": 0,
        "domain_rank": 26682,
        "domain_rank_updated": "2024-07-23T13:08:24.000+03:00",
        "reach": null,
        "social": {
            "facebook": {
                "likes": 0,
                "comments": 0,
                "shares": 0
            },
            "gplus": {
                "shares": 0
            },
            "pinterest": {
                "shares": 0
            },
            "linkedin": {
                "shares": 0
            },
            "stumbledupon": {
                "shares": 0
            },
            "vk": {
                "shares": 0
            }
        }
    },
    "uuid": "f23d61da66a9faeee31f98ab6a2b504577ec0b5f",
    "url": "https://www.mdzol.com/mdz-show/2024/7/25/el-rating-de-la-tv-publica-con-la-vergonzosa-caida-de-argentina-ante-marruecos-en-los-juegos-olimpicos-de-paris-446223.html",
    "ord_in_thread": 0,
    "parent_url": null,
    "author": "mdzol.com",
    "published": "2024-07-26T00:59:00.000+03:00",
    "title": "El rating de la TV Pública con la vergonzosa caída de Argentina ante Marruecos en los Juegos Olímpicos de París - MDZ Online",
    "text": "El rating de la TV Pública con la vergonzosa caída de Argentina ante Marruecos en los Juegos Olímpicos de París Tras el decepcionante resultado que obtuvo la Selección argentina este miércoles, se dio a conocer la notable medición que obtuvo el evento en el canal estatal. Este miércoles, la controversial derrota de Argentina ante Marruecos en los [Juegos Olímpicos de París 2024](https://www.mdzol.com/temas/juegos-olimpicos-de-paris-2024-80507.html) dio la vuelta al mundo, y la [TV Pública](https://www.mdzol.com/temas/tv-publica-8300.html) consiguió con el evento una buena marca en el [rating](https://www.mdzol.com/temas/rating-919.html), si se la compara con los números que suele conseguir con su programación habitual el canal estatal. La caída de la Selección argentina en el partido disputado contra Marruecos en los Juegos Olímpicos de París 2024 por 2-1, consiguió un promedio de 4.1 puntos de rating en la TV Pública, la señal encargada de seguir las instancias del desempeño de los deportistas argentinos de distintas disciplinas que participan de la importante contienda deportiva. Además, durante la jornada de este miércoles la TV Pública regristró buenas mediciones con la cobertura de otras competencias de los Juegos Olímpicos de París 2024, obteniendo marcas que oscilaron entre los 2.1 y los 3.3 puntos de rating. Más allá de la atención que genera el evento que se desarrolla en la capital francesa, Telefe logró instalar tres de sus propuestas como las más vistas del día en el top 5, ya que Survivor: Expedición Robinson se ubicó en el primer lugar con 10.2 puntos de rating, seguido de Escape perfecto con 9.3 en el segundo puesto y Telefe Noticias en la tercera posición con 7.6. Por otro lado, en El Trece lo más visto fue Los 8 Escalones de los 3 Millones con 7.4 puntos de rating, mientras que en El Nueve se impuso Bendita con 3.7, y en canal América LAM con 3.3. Respecto al destino del rating que logre la Televisión Pública con los Juegos Olímpicos de París 2024, el suceso estará determinado por la performance que alcancen las delegaciones argentinas de distintas disciplinas que pelean por traer alguna medalla al país. [](/mdz-show/2024/7/25/la-verdad-sobre-la-ausencia-la-salud-de-una-panelista-del-programa-mas-exitoso-de-canal-america-446215.html) Preocupación La verdad sobre la salud de una panelista del programa más exitoso de América [](/mdz-show/2024/7/25/polemica-celos-entre-las-estrellas-de-telefe-por-la-figura-elegida-para-conducir-los-premios-martin-fierro-446203.html) Televisión al rojo vivo Polémica en Telefe por la figura elegida para conducir los Martín Fierro [](/mdz-show/2024/7/25/confirmaron-el-knotfest-argentina-2024-cuando-donde-como-conseguir-tus-entradas-446176.html) Música en vivo Confirmaron el Knotfest Argentina 2024: cuándo, dónde y cómo conseguir tus entradas [](/mdz-show/2024/7/25/la-increible-suma-de-dinero-que-pidio-furia-para-participar-de-un-cumpleanos-de-15-446166.html) Sorpresa La increíble suma de dinero que pidió Furia para participar de un cumpleaños de 15 [](/mdz-show/2024/7/25/confirmado-los-rolling-stones-no-vendran-la-argentina-en-2025-446106.html) Música en vivo Confirmado: los Rolling Stones no vendrán a la Argentina en 2025 [](/mdz-show/2024/7/25/el-cruento-retoque-estetico-al-que-guido-sller-se-sometio-senti-olor-carne-quemada-446056.html) Fuerte El cruento retoque estético al que Guido Süller se sometió [](/mdz-show/2024/7/25/marcelo-arce-gustavo-capone-se-unen-en-una-nueva-atractiva-propuesta-para-conocer-la-historia-de-mendoza-446082.html) Imperdible Marcelo Arce y Gustavo Capone se unen para presentar una increíble propuesta [](/mdz-show/2024/7/25/francisco-delgado-protagonizo-un-escandalo-en-un-boliche-en-rio-negro-446057.html) Qué pasó",
    "highlightText": "",
    "highlightTitle": "",
    "highlightThreadTitle": "",
    "language": "spanish",
    "sentiment": "negative",
    "categories": [
        "Sport"
    ],
    "webz_reporter": false,
    "external_links": [],
    "external_images": [],
    "entities": {
        "persons": [],
        "organizations": [],
        "locations": []
    },
    "rating": null,
    "crawled": "2024-07-26T01:14:56.318+03:00",
    "updated": "2024-07-26T01:14:56.318+03:00"
}