{
    "thread": {
        "uuid": "f60718a855514dc84d130dda316eb468a9c5402a",
        "url": "https://www.infobae.com/colombia/deportes/2024/07/25/jugador-de-atletico-nacional-hizo-polemicas-declaraciones-contra-la-hinchada-de-millonarios",
        "site_full": "www.infobae.com",
        "site": "infobae.com",
        "site_section": "http://www.infobae.com/feeds/rss",
        "site_categories": [
            "media",
            "top_news"
        ],
        "section_title": "Infobae.com",
        "title": "Jugador de Atlético Nacional hizo polémicas declaraciones contra la hinchada de Millonarios - Infobae",
        "title_full": "Jugador de Atlético Nacional hizo polémicas declaraciones contra la hinchada de Millonarios - Infobae",
        "published": "2024-07-26T01:19:00.000+03:00",
        "replies_count": 0,
        "participants_count": 1,
        "site_type": "news",
        "country": "AR",
        "main_image": "https://www.infobae.com/new-resizer/s9JZSeHiijddwfLcBgqjC9-Y7l4=/1200x630/filters:format(webp):quality(85)/cloudfront-us-east-1.images.arcpublishing.com/infobae/FKNK5GRBCBATVKK6LHTDABSJOA.jpg",
        "performance_score": 0,
        "domain_rank": 1950,
        "domain_rank_updated": "2024-07-23T13:08:24.000+03:00",
        "reach": null,
        "social": {
            "facebook": {
                "likes": 0,
                "comments": 0,
                "shares": 0
            },
            "gplus": {
                "shares": 0
            },
            "pinterest": {
                "shares": 0
            },
            "linkedin": {
                "shares": 0
            },
            "stumbledupon": {
                "shares": 0
            },
            "vk": {
                "shares": 0
            }
        }
    },
    "uuid": "f60718a855514dc84d130dda316eb468a9c5402a",
    "url": "https://www.infobae.com/colombia/deportes/2024/07/25/jugador-de-atletico-nacional-hizo-polemicas-declaraciones-contra-la-hinchada-de-millonarios",
    "ord_in_thread": 0,
    "parent_url": null,
    "author": "Javier García",
    "published": "2024-07-26T01:19:00.000+03:00",
    "title": "Jugador de Atlético Nacional hizo polémicas declaraciones contra la hinchada de Millonarios - Infobae",
    "text": "El Rey de Copas derrotó a Millonarios en el Campin - crédito @nacionaloficial/Instagram Atlético Nacional se adjudicó una nueva victoria en el clásico de Colombia, superando a Millonarios en el Nemesio Camacho El Campín gracias a las a Joan Castro y Edwin Cardona.\nA lo largo del encuentro, el cuadro antioqueño tuvo las mejores oportunidades, mientras que el Embajador, jugando con diez hombres desde el minuto 20, igualaron en el segundo tiempo con un tanto de Danovis Banguero, que hizo valer la ley del ex , aunque su gol no fue suficiente.\nAhora puede seguirnos en nuestro WhatsApp Channel y en Facebook .\nEl descontento de Dairon Asprilla con la hinchada de Millonarios El jugador de Atlético Nacional criticó a la hinchada de Millonarios - crédito @nacionaloficial/Instagram Durante la rueda de prensa posterior al partido, Dairon Asprilla, que tuvo un paso sin pena ni gloria por Millonarios en 2016, expresó su descontento por la actitud de los aficionados albiazules en el Coloso de la 57.\nAsprilla afirmó que las ofensas recibidas por parte de los hinchas de Millonarios perjudicaron su experiencia en el campo. “ La hinchada se basó más en ofender. Antes que futbolistas, somos personas y eso fue lo que hizo que no me sintiera cómodo. Nacional es el equipo de mis amores, ahora estoy feliz ”, declaró el jugador.\nReacciones Las declaraciones de Asprilla provocaron una ola de reacciones en redes sociales, generando opiniones divididas sobre la conducta de la afición de Millonarios y la actitud del futbolista.\n“Jajaja Dairon Asprilla acaba de dar la mejor declaración en una rueda de prensa, para que de verdad dejen de preguntar bobadas”.\n“ La declaración Y para los que dicen quieren que lo recibamos con aplausos, hermosos, yo sé que el frío a veces golpea, pero él se refiere a las ofensas de hace 8 años, hay que aprender a interpretar bien .”.\n“Viene de Estados Unidos, allá no ven fútbol, por eso le sorprende y lo lastima. Tranquilo que a cualquier estadio que vaya lo recibirán así, y hasta su propia hinchada lo tratará así cuando demuestre el poco fútbol que tiene”.\n“Dayron, mil disculpas por no recibirte en aplausos por los 16 partidos que jugaste, la verdad no nos acordamos quién putas eres”.\n“Con los comentarios me queda claro que los hinchas de Millonarios son los más burros, con razón se creen el más grande de Colombia si no saben ni interpretar un video de 39 segundos, jajaja”.\n“Bah, que excusa huevona. Parce entre más mierda le tiren desde la tribuna el hincha rival, más sangre tiene correr por esos ojos hermano. Mira el burrico sentimentalista que nos metieron”.\nLos comentarios que se generaron en internet - crédito @Cadosch12/X La molestia de Alberto Gamero con Alfredo Morelos Tras la segunda anotación de Edwin Cardona, jugadores e integrantes del cuerpo técnico se salieron de casillas por cuenta de Alfredo Morelos, que hizo un gesto a la tribuna que derivó en la expulsión de Leonardo Castro y Orlando Rojas, asistente técnico de Gamero.\nSobre esta situación se pronunció el entrenador samario durante la rueda de prensa: “Al árbitro le dije que me molestó lo que hizo Morelos. Está bien que festejen porque hicieron el gol, pero no festejarlo con nuestra afición . Eso no se puede hacer, se lo manifesté al árbitro y salimos perjudicados nosotros porque en ese alboroto me expulsan a Leo Castro. Eso fue lo que le pedí”.\nDel mismo modo, Alberto Gamero no ocultó su malestar con el desempeño del árbitro Nicolás Gallo durante el encuentro, considerando que sus decisiones afectaron seriamente los intereses de Millonarios. “Venir a hablar del árbitro no. Ustedes miran y juzgan, nosotros nos dedicaremos a seguir mejorando porque cometimos errores en muchas partes”, afirmó el técnico.\nCon la victoria sobre Millonarios en la capital de la República, Atlético Nacional es el líder absoluto de la Liga BetPlay con nueve puntos de nueve posibles.",
    "highlightText": "",
    "highlightTitle": "",
    "highlightThreadTitle": "",
    "language": "spanish",
    "sentiment": "negative",
    "categories": [
        "Sport"
    ],
    "webz_reporter": false,
    "external_links": [
        "https://www.facebook.com/infobaecolombia",
        "https://whatsapp.com/channel/0029Va4oNEALikgEL4Y8mb2K",
        "https://www.whatsapp.com/channel/0029Va4oNEALikgEL4Y8mb2K",
        "https://facebook.com/infobaecolombia"
    ],
    "external_images": [],
    "entities": {
        "persons": [],
        "organizations": [],
        "locations": []
    },
    "rating": null,
    "crawled": "2024-07-26T01:23:12.988+03:00",
    "updated": "2024-07-26T01:23:12.988+03:00"
}