{
    "thread": {
        "uuid": "1544a3a6123fc2ab41d3ff06febb80deef8c9cc9",
        "url": "https://videosmx.marca.com/v/x92wd2w-verstappen-ve-complicado-panorama-para-gp-de-belgica-no-va-a-ser-facil-recuperarse-de-la-penalizacion",
        "site_full": "videosmx.marca.com",
        "site": "marca.com",
        "site_section": "https://videosmx.marca.com",
        "site_categories": [
            "travel",
            "world_soccer",
            "mexico_and_central_america",
            "sports"
        ],
        "section_title": "MarcaTV, los mejores vídeos de MARCA MEXICO",
        "title": "Verstappen ve complicado panorama para GP de Bélgica: \"No va a ser fácil recuperarse de la penalización\" - MARCA MEXICO",
        "title_full": "Verstappen ve complicado panorama para GP de Bélgica: \"No va a ser fácil recuperarse de la penalización\" - MARCA MEXICO",
        "published": "2024-07-26T03:00:00.000+03:00",
        "replies_count": 0,
        "participants_count": 1,
        "site_type": "news",
        "country": "ES",
        "main_image": "https://s1.dmcdn.net/v/WkX0u1ceiqyuwq_Hm/x1080",
        "performance_score": 0,
        "domain_rank": 1748,
        "domain_rank_updated": "2024-07-23T13:08:24.000+03:00",
        "reach": null,
        "social": {
            "facebook": {
                "likes": 0,
                "comments": 0,
                "shares": 0
            },
            "gplus": {
                "shares": 0
            },
            "pinterest": {
                "shares": 0
            },
            "linkedin": {
                "shares": 0
            },
            "stumbledupon": {
                "shares": 0
            },
            "vk": {
                "shares": 0
            }
        }
    },
    "uuid": "1544a3a6123fc2ab41d3ff06febb80deef8c9cc9",
    "url": "https://videosmx.marca.com/v/x92wd2w-verstappen-ve-complicado-panorama-para-gp-de-belgica-no-va-a-ser-facil-recuperarse-de-la-penalizacion",
    "ord_in_thread": 0,
    "parent_url": null,
    "author": "@marca",
    "published": "2024-07-26T03:00:00.000+03:00",
    "title": "Verstappen ve complicado panorama para GP de Bélgica: \"No va a ser fácil recuperarse de la penalización\" - MARCA MEXICO",
    "text": "Motor - [Verstappen ve complicado panorama para GP de Bélgica: \"No va a ser fácil recuperarse de la penalización\"](https://videosmx.marca.com/v/x92wd2w-verstappen-ve-complicado-panorama-para-gp-de-belgica-no-va-a-ser-facil-recuperarse-de-la-penalizacion?uetv_pl=motor) - [Checo Pérez previo a GP de Bélgica: \"Las únicas discusiones que ha habido es cómo regresar nuestra temporada a la pista\"](https://videosmx.marca.com/v/x92w9s0-checo-perez-previo-a-gp-de-belgica-las-unicas-discusiones-que-ha-habido-es-como-regresar-nuestra-temporada-a-la-pista?uetv_pl=motor) - [Valtteri Bottas da un \"raspón\" a Lewis Hamilton tras ser cuestionado sobre polémica entre Lando Norris y Oscar Piastri](https://videosmx.marca.com/v/x92vzfo-valtteri-bottas-da-un-raspon-a-lewis-hamilton-tras-ser-cuestionado-sobre-polemica-entre-lando-norris-y-oscar-piastri?uetv_pl=motor) - [Checo Pérez y Max Verstappen preparan waffles para niños previo al GP de Bélgica](https://videosmx.marca.com/v/x92vyai-checo-perez-y-max-verstappen-preparan-waffles-para-ninos-previo-al-gp-de-belgica?uetv_pl=motor) - [Checo Pérez se gana el corazón de las redes sociales gracias a este detallazo con un aficionado](https://videosmx.marca.com/v/x92rrnk-checo-perez-se-gana-el-corazon-de-las-redes-sociales-gracias-a-este-detallazo-con-un-aficionado?uetv_pl=motor) - [Charles Leclerc es sorprendido con Dr. Simi vestido como tifosi de Ferrari](https://videosmx.marca.com/v/x92p1po-charles-leclerc-es-sorprendido-con-dr-simi-vestido-como-tifosi-de-ferrari?uetv_pl=motor) - [Fernando Alonso, piloto de F1 con Aston Martin, explota en contra de Joe Bauer de la FIA](https://videosmx.marca.com/v/x92lw8w-fernando-alonso-piloto-de-f1-con-aston-martin-explota-en-contra-de-joe-bauer-de-la-fia?uetv_pl=motor) - [Verstappen estalla contra Red Bull tras GP de Hungría: \"Debimos hacer mejor trabajo con la estrategia\"](https://videosmx.marca.com/v/x92luxw-verstappen-estalla-contra-red-bull-tras-gp-de-hungria-debimos-hacer-mejor-trabajo-con-la-estrategia?uetv_pl=motor) - [Checo Pérez, positivo tras GP de Hungría: \"Espero que de aquí podamos ir hacia arriba\"](https://videosmx.marca.com/v/x92lmio-checo-perez-positivo-tras-gp-de-hungria-espero-que-de-aqui-podamos-ir-hacia-arriba?uetv_pl=motor) - [Fórmula 1: ¿Qué posición ocupa Checo Pérez en el campeonato de pilotos tras el GP de Hungría?](https://videosmx.marca.com/v/x92ljvq-formula-1-que-posicion-ocupa-checo-perez-en-el-campeonato-de-pilotos-tras-el-gp-de-hungria?uetv_pl=motor) - [Horner se lanza contra Checo Pérez: \"No podemos seguir caminando con una sola pierna\"](https://videosmx.marca.com/v/x92jwwe-horner-se-lanza-contra-checo-perez-no-podemos-seguir-caminando-con-una-sola-pierna?uetv_pl=motor) - [Fernando Alonso arremete contra la FIA: \"A veces comete errores groseros y hoy ha cometido uno\"](https://videosmx.marca.com/v/x92jqro-fernando-alonso-arremete-contra-la-fia-a-veces-comete-errores-groseros-y-hoy-ha-cometido-uno?uetv_pl=motor) [Más vídeos](#)",
    "highlightText": "",
    "highlightTitle": "",
    "highlightThreadTitle": "",
    "language": "spanish",
    "sentiment": "negative",
    "categories": [
        "Sport"
    ],
    "webz_reporter": false,
    "external_links": [],
    "external_images": [],
    "entities": {
        "persons": [],
        "organizations": [],
        "locations": []
    },
    "rating": null,
    "crawled": "2024-07-26T01:55:52.333+03:00",
    "updated": "2024-07-26T01:55:52.333+03:00"
}