{
    "thread": {
        "uuid": "3046417dffcf448c9a6e2ab917f0290a9f6561d9",
        "url": "https://www.ole.com.ar/futbol-internacional/bravo-chile-dan-ganas-agarrar-arbitro-cuello_0_i0dQ7bf4di.html",
        "site_full": "www.ole.com.ar",
        "site": "ole.com.ar",
        "site_section": "https://ole.com.ar",
        "site_categories": [
            "sports"
        ],
        "section_title": "Diario deportivo OLÉ - Argentina",
        "title": "Bravo: \"Te dan ganas de agarrar al árbitro del cuello\" :: Olé - ole.com.ar",
        "title_full": "Bravo: \"Te dan ganas de agarrar al árbitro del cuello\" :: Olé - ole.com.ar",
        "published": "2024-07-26T02:00:00.000+03:00",
        "replies_count": 0,
        "participants_count": 1,
        "site_type": "news",
        "country": "AR",
        "main_image": "https://www.ole.com.ar/images/2024/07/25/vzhyCv0_I_1200x630__1.jpg",
        "performance_score": 0,
        "domain_rank": 22260,
        "domain_rank_updated": "2024-07-23T13:08:24.000+03:00",
        "reach": null,
        "social": {
            "facebook": {
                "likes": 0,
                "comments": 0,
                "shares": 0
            },
            "gplus": {
                "shares": 0
            },
            "pinterest": {
                "shares": 0
            },
            "linkedin": {
                "shares": 0
            },
            "stumbledupon": {
                "shares": 0
            },
            "vk": {
                "shares": 0
            }
        }
    },
    "uuid": "3046417dffcf448c9a6e2ab917f0290a9f6561d9",
    "url": "https://www.ole.com.ar/futbol-internacional/bravo-chile-dan-ganas-agarrar-arbitro-cuello_0_i0dQ7bf4di.html",
    "ord_in_thread": 0,
    "parent_url": null,
    "author": "Diario Deportivo Olé",
    "published": "2024-07-26T02:00:00.000+03:00",
    "title": "Bravo: \"Te dan ganas de agarrar al árbitro del cuello\" :: Olé - ole.com.ar",
    "text": "\"Hay cosas que no están al alcance de nuestras manos para poder pelear\". [Claudio Bravo](https://www.ole.com.ar/tema/claudio-bravo.html) fue el arquero de Chile durante la última [Copa América](https://www.ole.com.ar/tema/copa-america.html). El futbolista del equipo que dirige [Ricardo Gareca](https://www.ole.com.ar/tema/ricardo-gareca.html) habló a menos de un mes del final del certamen y expuso fuertes sospechas sobre la cuestión arbitral. \"Ya en el primer partido observas cosas raras (contra Perú). Hay cobros, situaciones dentro del juego que cuando te toca estar adentro compitiendo, te dan ganas de agarrar al árbitro del cuello\", aseguró. \"El segundo partido (contra la Selección Argentina) es exactamente igual. Miras cosas que no pasan habitualmente\", argumentó el ex compañero de Lionel Messi en el Barcelona. “El último partido me tocó vivirlo de afuera y cuando estás afuera, estás pendiente de más detalles, puedes ver más cosas, y dices: ‘Hay cosas que no puedes competir’\", contó el arquero. \"En el último partido me dio la sensación que, si no era la expulsión, o si nosotros nos poníamos en ventaja, cobraban un penal luego. Me da esa sensación\", aseguró en diálogo con el canal de Youtube El Legado. Bravo cuestionó al referí colombiano Wilmar Roldán, que dirigió el match contra Canadá: \"Cuando el árbitro a ti te permite que le digas 1.200 a la cara y de esas 1.100 son insultos, y él no te dice nada, tú dices: ‘Mierda, este me está cagando’. Me está permitiendo decirle mil cosas a la cara y que no me diga nada, que no me sancione, no lo ponga en el acta, es obvio. Esas situaciones son raras. Lo del manotazo, que lo vio todo el mundo, cómo no lo van a ver con toda la tecnología\", explicó. La jugada a la que hace referencia Bravo [ es una agresión a Rodrigo Echeverría no sancionada por Roldán](https://www.ole.com.ar/copa-america/chile-canada-var-wilmar-roldan-jugadas-polemicas-copa-america_0_lOW5spUTR2.html). El VAR tampoco llamó a revisión. El audio del VAR en la jugada polémica Selección de Chile -",
    "highlightText": "",
    "highlightTitle": "",
    "highlightThreadTitle": "",
    "language": "spanish",
    "sentiment": "negative",
    "categories": [
        "Lifestyle and Leisure",
        "Human Interest",
        "Sport"
    ],
    "webz_reporter": false,
    "external_links": [],
    "external_images": [],
    "entities": {
        "persons": [],
        "organizations": [],
        "locations": []
    },
    "rating": null,
    "crawled": "2024-07-26T02:28:33.062+03:00",
    "updated": "2024-07-26T02:28:33.062+03:00"
}