{
    "thread": {
        "uuid": "8b23c867fcde5e996d6a0a3e292f2893b30d9ed4",
        "url": "https://br.bolavip.com/jogos-olimpicos/chefe-da-natacao-do-brasil-nas-olimpiadas-gustavo-otsuka-sofre-acidente-em-paris-mas-segue-com-a-equipe",
        "site_full": "br.bolavip.com",
        "site": "bolavip.com",
        "site_section": "https://br.bolavip.com/rss/feed.xml",
        "site_categories": [
            "world_soccer",
            "sports"
        ],
        "section_title": "Bolavip Brasil",
        "title": "Olimpíadas: Chefe da natação do Brasil sofre acidente e leva 15 pontos",
        "title_full": "Olimpíadas: Chefe da natação do Brasil sofre acidente e leva 15 pontos",
        "published": "2024-07-25T23:13:00.000+03:00",
        "replies_count": 0,
        "participants_count": 1,
        "site_type": "news",
        "country": "BR",
        "main_image": "https://ds-images.bolavip.com/news/image?src=https%3A%2F%2Fimages.bolavip.com%2Fjpg%2Fbr%2Ffull%2FBBR_20240725_BBR_889455_Gustavo-Otsuka-chefe-da-natacao-do-Brasil-nas-Olimpiadas.jpg&amp;width=1200&amp;height=740",
        "performance_score": 0,
        "domain_rank": 20487,
        "domain_rank_updated": "2024-07-23T13:08:24.000+03:00",
        "reach": null,
        "social": {
            "facebook": {
                "likes": 0,
                "comments": 0,
                "shares": 0
            },
            "gplus": {
                "shares": 0
            },
            "pinterest": {
                "shares": 0
            },
            "linkedin": {
                "shares": 0
            },
            "stumbledupon": {
                "shares": 0
            },
            "vk": {
                "shares": 0
            }
        }
    },
    "uuid": "8b23c867fcde5e996d6a0a3e292f2893b30d9ed4",
    "url": "https://br.bolavip.com/jogos-olimpicos/chefe-da-natacao-do-brasil-nas-olimpiadas-gustavo-otsuka-sofre-acidente-em-paris-mas-segue-com-a-equipe",
    "ord_in_thread": 0,
    "parent_url": null,
    "author": "@loliveira",
    "published": "2024-07-25T23:13:00.000+03:00",
    "title": "Olimpíadas: Chefe da natação do Brasil sofre acidente e leva 15 pontos",
    "text": "Jogos Olímpicos\nJogos Olímpicos Chefe da natação do Brasil nas Olimpíadas, Gustavo Otsuka sofre acidente em Paris, mas segue com a equipe Gustavo Otsuka leva mais de 15 pontos após acidente, mas permanece ativo no acompanhamento dos treinos para as Olimpíadas\nPor Luiz Henrique Oliveira\n25/07/2024 - 18:13hs BRT\nwhatsapp\nPor Luiz Henrique Oliveira\n25/07/2024 - 18:13hs BRT\nAcidente nas Olimpíadas Na manhã desta quinta-feira, um incidente preocupante envolveu Gustavo Otsuka , chefe da natação do Brasil nas Olimpíadas, que sofreu um acidente no hotel em que a equipe está hospedada em Paris.\nGustavo Otsuka, chefe da natação do Brasil nas Olimpíadas – Foto: Facebook Gabi Nunes marca e Brasil estreia com vitória sobre a Nigéria por 1 a 0 nos Jogos Olímpicos Seleção Brasileira: Tamires, Yayá e Gabi Nunes saem machucadas em estreia e viram preocupação para Olimpíadas 2024 Horas antes de participar do treino da seleção, Gustavo escorregou no banheiro, resultando em um corte profundo nas costas que exigiu mais de 15 pontos para ser fechado.\nGustavo foi rapidamente socorrido pelo departamento médico do Comitê Olímpico do Brasil (COB) , que prestou os primeiros socorros. Apesar do susto e das lesões, o incidente não impediu Gustavo de acompanhar os treinos dos nadadores brasileiros que se preparam para as provas nas Olimpíadas.\nEm entrevista ao GE, Gustavo explicou a situação detalhadamente: “Eu fui sair do banheiro após terminar o banho e escorreguei no próprio piso do box e caí sentado. Quando caí sentado, como esse piso é feito de louça, partiu em vários pedaços e me cortou todas as costas”.\nVeja também\nNatação nas Olimpíadas 2024: Programação e chances de medalha do Brasil\n“Foi bem feio” Ele enfatizou a gravidade do acidente: “Realmente foi bem feio, foi bem ruim, mas os médicos do COB foram maravilhosos. Eles me deram uma assistência super rápida, total, integral, com tudo que havia de aparato médico importante necessário para atender o meu caso”.\nMostrando determinação, Gustavo destacou sua gratidão pelo suporte recebido e sua esperança de recuperação rápida: “O pessoal foi sensacional, eu só tenho a agradecer e estou me recuperando. Se Deus quiser, até o começo da natação, eu vou estar bem para poder ajudar o Brasil na sua performance”.\nTradicional esporte dos Jogos Olímpicos, a natação vive um momento diferente se comparado às outras edições para o Brasil: terá a menor equipe do século, com apenas 18 representantes nacionais em Paris. Confira as chances de medalha do Brasil nas Olimpíadas!\nLuiz Henrique Oliveira\nLuiz Henrique Oliveira é um jornalista que há cerca de oito anos atua com ênfase em entretenimento, arte, cinema, teatro e televisão nacional e internacional. Graduado em Cinema no Instituto de Cinema, com especialização em roteiro e escrita criativa. Atualmente no Bolavip Brasil, passou por veículos de comunicação como UOL, Cenapop, Maze Blog (MTV Brasil) e Hit Site (R7).\nJogos Olímpicos natação\nwhatsapp\nConfira nossas últimas notícias no Google News\nSiga-nos LEIA TAMBÉM\nJogos Olímpicos Jogos Olímpicos Natação: Brasil estará em 11 provas individuais e cinco revezamentos em Paris",
    "highlightText": "",
    "highlightTitle": "",
    "highlightThreadTitle": "",
    "language": "portuguese",
    "sentiment": "negative",
    "categories": [
        "Human Interest",
        "Disaster and Accident",
        "Sport"
    ],
    "webz_reporter": false,
    "external_links": [
        "https://news.google.com/publications/CAAqBwgKMPWJlAsw2L-pAw?oc=3&ceid=BR:pt-419",
        "https://twitter.com/henrique_olvr",
        "https://www.twitter.com/henrique_olvr",
        "https://www.news.google.com/publications/CAAqBwgKMPWJlAsw2L-pAw?oc=3&ceid=BR:pt-419",
        "https://news.google.com/publications/CAAqBwgKMPWJlAsw2L-pAw"
    ],
    "external_images": [],
    "entities": {
        "persons": [],
        "organizations": [],
        "locations": []
    },
    "rating": null,
    "crawled": "2024-07-26T00:21:29.021+03:00",
    "updated": "2024-07-26T00:21:29.021+03:00"
}