{
    "thread": {
        "uuid": "554369cdd05c413f5ffdf4236edacf465c0d6481",
        "url": "https://english.news.cn/20240726/ba960b74ae99418698e1d82f959a5dee/c.html",
        "site_full": "english.news.cn",
        "site": "news.cn",
        "site_section": "https://english.news.cn/list/latestnews.htm",
        "site_categories": [
            "media"
        ],
        "section_title": "Latest news | English.news.cn",
        "title": "Paris 2024 | Shock exit for All Blacks, France thrill home fans in rugby sevens -Xinhua",
        "title_full": "Paris 2024 | Shock exit for All Blacks, France thrill home fans in rugby sevens -Xinhua",
        "published": "2024-07-26T00:41:00.000+03:00",
        "replies_count": 0,
        "participants_count": 1,
        "site_type": "news",
        "country": "CN",
        "main_image": "",
        "performance_score": 0,
        "domain_rank": 984,
        "domain_rank_updated": "2024-07-23T13:08:24.000+03:00",
        "reach": null,
        "social": {
            "facebook": {
                "likes": 0,
                "comments": 0,
                "shares": 0
            },
            "gplus": {
                "shares": 0
            },
            "pinterest": {
                "shares": 0
            },
            "linkedin": {
                "shares": 0
            },
            "stumbledupon": {
                "shares": 0
            },
            "vk": {
                "shares": 0
            }
        }
    },
    "uuid": "554369cdd05c413f5ffdf4236edacf465c0d6481",
    "url": "https://english.news.cn/20240726/ba960b74ae99418698e1d82f959a5dee/c.html",
    "ord_in_thread": 0,
    "parent_url": null,
    "author": "Xinhua",
    "published": "2024-07-26T00:41:00.000+03:00",
    "title": "Paris 2024 | Shock exit for All Blacks, France thrill home fans in rugby sevens -Xinhua",
    "text": "PARIS, July 25 (Xinhua) -- The second day of action in rugby sevens at the Stade de France saw one of the Olympic title favorites, New Zealand, eliminated, while France secured a confidence-boosting win against rivals Argentina in front of a fiery atmosphere on Thursday.\nSouth Africa started day two without a win, having lost their opening matches to Ireland and New Zealand. However, they finally got their first win on the board and secured their best third-place position to earn a berth in the quarterfinals by defeating Japan 49-5.\nAfter losing 17-5 on the first day to the unbeaten New Zealand, South Africa entered the quarterfinals as the clear underdogs against the All Blacks. However, it was the Blitzboks that started the brighter of the two. In the third minute, captain Selwyn Davids gave South Africa the lead.\nNew Zealand fought hard and began to put South Africa under pressure inside their own 22. However, Davids came to the rescue with a well-judged kick downfield, using his turn of speed to outpace the reversing All Blacks and run the length of the pitch. Regaining possession on the New Zealand 22-meter line, a sharp offload later, and Tristan Leyds was putting South Africa two tries up.\nWith the clock ticking down to zero in the first half, New Zealand was forced to keep possession for a full two minutes in overtime before Andrew Knewstubb was able to go over to cut the South African lead in half.\nThe second half became a tense affair with both teams unwilling to take risks and see their mistakes punished. Despite some probing runs and holding the ball, New Zealand could not break down the South African defense.\nSeven minutes later, the half was over with the scores the same as at the end of the first, and the All Blacks were out of medal contention.\nThe second quarterfinal of the night saw hosts France defeat rivals Argentina 26-14. Argentina, who had spent the tournament as the number one enemy of the French crowd due to recent bad blood in soccer between the two nations, had a stellar first day, winning both games against Kenya and Samoa.\nHowever, a loss to Australia in the final pool game earlier in the day had slowed the Argentina advance, much to the delight of the crowd.\nFrance, who looked like they might be heading for a pool stage exit after drawing with the United States and narrowly beating Uruguay, managed to secure their quarterfinal place despite losing narrowly to Fiji.\nBefore the teams had even stepped on the field, the atmosphere was palpable. Emerging first, Argentina was welcomed to the grudge match with an explosion of booing. Yet, the boos were soon drowned out by thunderous cheers that signaled the arrival of France.\nBacked by an unbelievable atmosphere as waves of \"Allez Les Blue\" and the French national anthem \"La Marseilles\" rolled around the Stade de France, France surged to a 14-0 lead before Grandidier Nkanang scored a beautiful try in the corner to give France a commanding lead over Argentina before the half.\nDown 21-0 at halftime, Argentina came back immediately in the eighth minute to cut the lead by 14. The Pumas continued the heavy pressure throughout the half, even having two tries disallowed.\nHowever, in the fourth minute, Jordan Sepho was sin-binned for foul play just five meters from his own try line. Down to six men, France was immediately punished by the Pumas, who scored their second try with five minutes of the half to play.\nFrance was forced to keep their play tight and defend intelligently to mitigate the damage due to the yellow card.\nWith the time ticking down to zero, it was up to superstar Antoine Dupont to put the exclamation point on the match, taking a quick penalty and slicing through the open Argentine defense to crown an emphatic win in front of the home audience.\nIn the other quarterfinals, defending champions Fiji were forced to come from behind against the Republic of Ireland. After opening the scoring through Losefo Baleiwairiki's individual brilliance, Ireland roared back into the game, scoring three consecutive albeit unconverted tries. Facing a shocking exit, Fiji were able to dig deep and hit back with two converted tries of their own to secure a hard-fought 19-15 victory.\nIn the final quarterfinal of the even, Australia secured a comfortable 18-0 whitewashing of the United States to secure their semifinal place.\nThe rugby sevens medals will be decided on July 27. In the semifinals, South Africa will take on hosts France, while defending champions Fiji will face off against Australia. ■",
    "highlightText": "",
    "highlightTitle": "",
    "highlightThreadTitle": "",
    "language": "english",
    "sentiment": "negative",
    "categories": [
        "War, Conflict and Unrest",
        "Sport"
    ],
    "webz_reporter": false,
    "external_links": [
        "https://www.youtube.com/user/ChinaViewTV",
        "https://www.facebook.com/XinhuaNewsAgency/",
        "https://twitter.com/XHNews",
        "https://youtube.com/user/ChinaViewTV",
        "https://www.twitter.com/XHNews",
        "https://facebook.com/XinhuaNewsAgency/",
        "https://www.facebook.com/XinhuaNewsAgency"
    ],
    "external_images": [],
    "entities": {
        "persons": [
            {
                "name": "blitzboks",
                "sentiment": "none"
            },
            {
                "name": "selwyn davids",
                "sentiment": "none"
            }
        ],
        "organizations": [
            {
                "name": "xinhua",
                "sentiment": "negative"
            },
            {
                "name": "all blacks",
                "sentiment": "none"
            }
        ],
        "locations": [
            {
                "name": "new zealand",
                "sentiment": "none"
            },
            {
                "name": "argentina",
                "sentiment": "none"
            },
            {
                "name": "xinhua paris",
                "sentiment": "none"
            },
            {
                "name": "ireland",
                "sentiment": "none"
            },
            {
                "name": "japan",
                "sentiment": "none"
            },
            {
                "name": "south africa",
                "sentiment": "none"
            },
            {
                "name": "stade de france",
                "sentiment": "none"
            }
        ]
    },
    "rating": null,
    "crawled": "2024-07-26T01:55:59.918+03:00",
    "updated": "2024-07-26T01:55:59.918+03:00"
}