{
    "thread": {
        "uuid": "efb416272e8fc8b836b351657cd30c635317faf5",
        "url": "https://www.wradio.com.co/2024/07/25/3-2-francia-amargo-de-nuevo-el-debut-de-colombia-en-los-jj-oo-2024",
        "site_full": "www.wradio.com.co",
        "site": "wradio.com.co",
        "site_section": "https://wradio.com.co",
        "site_categories": [
            "media",
            "top_news"
        ],
        "section_title": "Todas las noticias en La W | W Radio",
        "title": "3-2. Francia amargó de nuevo el debut de Colombia en los JJ. OO. 2024",
        "title_full": "3-2. Francia amargó de nuevo el debut de Colombia en los JJ. OO. 2024",
        "published": "2024-07-26T00:22:00.000+03:00",
        "replies_count": 0,
        "participants_count": 1,
        "site_type": "news",
        "country": "CO",
        "main_image": "https://www.wradio.com.co/resizer/v2/https%3A%2F%2Fcloudfront-us-east-1.images.arcpublishing.com%2Fprisaradioco%2FPMTHYJNBX5HVNFZWYNYLSR4QOI.jpg?auth=711272e1e62789c1d7b69870bb2c381b00ed2420c20ce920cc31de6a22d73c01&amp;height=683&amp;width=1024&amp;quality=70&amp;smart=true",
        "performance_score": 0,
        "domain_rank": 27103,
        "domain_rank_updated": "2024-07-23T13:08:24.000+03:00",
        "reach": null,
        "social": {
            "facebook": {
                "likes": 0,
                "comments": 0,
                "shares": 0
            },
            "gplus": {
                "shares": 0
            },
            "pinterest": {
                "shares": 0
            },
            "linkedin": {
                "shares": 0
            },
            "stumbledupon": {
                "shares": 0
            },
            "vk": {
                "shares": 0
            }
        }
    },
    "uuid": "efb416272e8fc8b836b351657cd30c635317faf5",
    "url": "https://www.wradio.com.co/2024/07/25/3-2-francia-amargo-de-nuevo-el-debut-de-colombia-en-los-jj-oo-2024",
    "ord_in_thread": 0,
    "parent_url": null,
    "author": "EFE",
    "published": "2024-07-26T00:22:00.000+03:00",
    "title": "3-2. Francia amargó de nuevo el debut de Colombia en los JJ. OO. 2024",
    "text": "3-2. Francia amargó de nuevo el debut de Colombia en los JJ. OO. 2024 Tercer duelo entre Francia y Colombia en unos Juegos Olímpicos y tercera victoria para la selección gala. La primera fue en Londres 2012 por 1-0 y la segunda en Río 2016 con una goleada por 4-0. Francia, con goles de Kenza Dali y un doblete de Marie Antoniette Katoto, se impuso por tercera vez en unos [Juegos Olímpicos](https://www.wradio.com.co/2024/07/25/francia-vs-colombia-en-vivo-siga-el-partido-de-futbol-femenino-por-juegos-olimpicos/) a Colombia, que se fue al descanso perdiendo por tres tantos pero logró meterse en el partido gracias a Catalina Usme y Manuela Pavi y tuvo ocasiones incluso para lograr la igualada. Le puede interesar: Tercer duelo entre Francia y Colombia en unos Juegos Olímpicos y tercera [victoria ](https://www.wradio.com.co/2024/05/21/giro-de-italia-daniel-martinez-ahora-es-segundo-en-la-general-y-pogacar-suma-victoria/)para la selección gala. La primera fue en Londres 2012 por 1-0 y la segunda en Río 2016 con una goleada por 4-0. La primera parte fue de dominio total de Francia, que aprovechó un error en cadena de la defensa colombiana para adelantarse en el marcador a los seis minutos con un gol de Katoto, que definió muy bien con un disparo bajo cruzado ante Katherine Tapia. La portera colombiana también fue protagonista en el segundo tanto de Francia, ya que un mal despeje suyo dejó el balón dentro del área a Kenza Dali, que se acomodó el esférico y sin oposición lanzó al fondo de las mallas. Antes del descanso, Francia amplió su ventaja con otro fallo defensivo de la defensa colombiana, que dejó a Katoto rematar de cabeza totalmente sola dentro del área un centro desde la izquierda. El descanso le vino bien a Colombia, que saltó al césped con nuevas ideas y mejoró mucho su juego. Fruto de esa mejoría consiguió recortar distancias tras una falta dentro del área sobre Mayra Ramírez que la colegiada decretó penalti. Catalina Usma, desde los once metros, no falló su disparo. Ese gol dio alas a la selección cafetera, que siguió ganando metros ante la confianza de las francesas, que no supieron frenar el vendaval de las visitantes, que marcaron el segundo por medio de Manuela Pavi en una jugada individual. Leicy Santos, tras ganar un balón en una jugada revuelta ante Wendy Renard y Griedge Mbock, se quedó sola ante Peyraud-Magnin, que vio como el balón se iba por encima del travesaño. Esa fue la ocasión más clara para empatar de Colombia, que vio frenadas sus ambiciones con la expulsión de Mayra Ramírez tras pisar el tobillo a una defensa francesa, una situación que dio un soplo de aire a las galas para celebrar el triunfo en su debut olímpico como anfitrionas.",
    "highlightText": "",
    "highlightTitle": "",
    "highlightThreadTitle": "",
    "language": "spanish",
    "sentiment": "negative",
    "categories": [
        "Sport"
    ],
    "webz_reporter": false,
    "external_links": [],
    "external_images": [],
    "entities": {
        "persons": [],
        "organizations": [],
        "locations": []
    },
    "rating": null,
    "crawled": "2024-07-26T00:42:57.369+03:00",
    "updated": "2024-07-26T00:42:57.369+03:00"
}