{
    "thread": {
        "uuid": "132259d6cb5e38454f8b672ad7792a6072a52cc6",
        "url": "https://www.diariolasamericas.com/deportes/primeros-dias-del-futbol-los-juegos-olimpicos-exhiben-poco-publico-los-estadios-n5360555",
        "site_full": "www.diariolasamericas.com",
        "site": "diariolasamericas.com",
        "site_section": "https://www.diariolasamericas.com/contenidos/home.html",
        "site_categories": [
            "under_construction"
        ],
        "section_title": " Home - Diario Las Américas",
        "title": "Primeros días del fútbol en los Juegos Olímpicos exhiben poco público en los estadios",
        "title_full": "Primeros días del fútbol en los Juegos Olímpicos exhiben poco público en los estadios",
        "published": "2024-07-25T23:27:00.000+03:00",
        "replies_count": 0,
        "participants_count": 1,
        "site_type": "news",
        "country": "US",
        "main_image": "https://media.diariolasamericas.com/p/a58050e7ad28c6d50ef4d24700165607/adjuntos/216/imagenes/100/148/0100148399/paris-2024-20jpg.jpg",
        "performance_score": 0,
        "domain_rank": 31753,
        "domain_rank_updated": "2024-07-23T13:08:24.000+03:00",
        "reach": null,
        "social": {
            "facebook": {
                "likes": 0,
                "comments": 0,
                "shares": 0
            },
            "gplus": {
                "shares": 0
            },
            "pinterest": {
                "shares": 0
            },
            "linkedin": {
                "shares": 0
            },
            "stumbledupon": {
                "shares": 0
            },
            "vk": {
                "shares": 0
            }
        }
    },
    "uuid": "132259d6cb5e38454f8b672ad7792a6072a52cc6",
    "url": "https://www.diariolasamericas.com/deportes/primeros-dias-del-futbol-los-juegos-olimpicos-exhiben-poco-publico-los-estadios-n5360555",
    "ord_in_thread": 0,
    "parent_url": null,
    "author": "REDACCIÓN/Diario Las Américas",
    "published": "2024-07-25T23:27:00.000+03:00",
    "title": "Primeros días del fútbol en los Juegos Olímpicos exhiben poco público en los estadios",
    "text": "SAINT-ÉTIENNE.- Pese a que los organizadores de los Juegos Olímpicos de París 2024 celebran haber batido récords en la venta de entradas, los dos primeros días de los torneos de fútbol, tanto en hombres como en mujeres, han acusado una afluencia baja en algunos de los estadios.\nEl miércoles, durante la primera jornada del torneo masculino, mientras la anfitriona Francia jugó ante casi 60.000 espectadores en Marsella en su victoria contra Estados Unidos, Guinea y Nueva Zelanda se midieron en Niza ante 5.000 personas en un estadio con capacidad para 35.000.\nLee además JJOO Rafa Nadal, tras el Oro Olímpico… JJOO Shohei Ohtani desea disputar unos Juegos Olímpicos En París, los dos partidos del primer día en el Parque de los Príncipes (España-Uzbekistán y Mali-Israel) atrajeron al mayor número de espectadores, pero en Burdeos el Japón-Paraguay contó con 12.000 espectadores en un recinto para 41.000, mientras que el Ucrania-Irak en Lyon se jugó con gran parte de las gradas vacías.\nEmbed Resultados del día 1️⃣ en el fútbol masculino ⚽️\nEl torneo dio comienzo con el primer deporte que tuvo acción en @Paris2024 . #JuegosOlímpicos #Paris2024 pic.twitter.com/0Xxp6pLzOH\n— Los Juegos Olímpicos (@juegosolimpicos) July 24, 2024 El jueves arrancó el torneo femenino con dos duelos destacados, Alemania-Australia en Marsella y Canadá-Nueva Zelanda en Saint-Etienne, pero ambos contaron con apenas unos millares de espectadores en estadios grandes, con capacidad para 65.000 y 42.000 personas, respectivamente.\nEntre las peores En el caso del partido de Saint-Etienne, menos de 3.000 personas siguieron en la tribuna ese partido entre canadienses y neozelandesas. Se trata de una de las peores entradas de la historia del fútbol olímpico, sin contar la cita de Tokio en 2021, que se jugó a puerta cerrada y en burbuja sanitaria por la pandemia del covid-19.\n\"Es decepcionante, sobre todo para los Juegos Olímpicos. Sé que todo el mundo está en París\", se resignaba la defensa canadiense Vanessa Gilles.\nLos organizadores de los Juegos Olímpicos han optado en algunos casos, como en Burdeos, por no dar cifras oficiales exactas de afluencia.\nFUENTE: AFP",
    "highlightText": "",
    "highlightTitle": "",
    "highlightThreadTitle": "",
    "language": "spanish",
    "sentiment": "negative",
    "categories": [
        "Arts, Culture and Entertainment",
        "Sport"
    ],
    "webz_reporter": false,
    "external_links": [
        "https://twitter.com/juegosolimpicos/status/1816217345867526405?ref_src=twsrc%5Etfw",
        "https://twitter.com/hashtag/JuegosOl%C3%ADmpicos?src=hash&ref_src=twsrc%5Etfw",
        "https://twitter.com/Paris2024?ref_src=twsrc%5Etfw",
        "https://twitter.com/hashtag/Paris2024?src=hash&ref_src=twsrc%5Etfw",
        "https://t.co/0Xxp6pLzOH",
        "https://www.t.co/0Xxp6pLzOH",
        "https://twitter.com/Paris2024",
        "https://twitter.com/hashtag/JuegosOl%C3%ADmpicos",
        "https://www.twitter.com/Paris2024?ref_src=twsrc%5Etfw",
        "https://www.twitter.com/juegosolimpicos/status/1816217345867526405?ref_src=twsrc%5Etfw",
        "https://www.twitter.com/hashtag/JuegosOl%C3%ADmpicos?src=hash&ref_src=twsrc%5Etfw",
        "https://www.twitter.com/hashtag/Paris2024?src=hash&ref_src=twsrc%5Etfw",
        "https://twitter.com/juegosolimpicos/status/1816217345867526405",
        "https://twitter.com/hashtag/Paris2024"
    ],
    "external_images": [],
    "entities": {
        "persons": [],
        "organizations": [],
        "locations": []
    },
    "rating": null,
    "crawled": "2024-07-26T00:07:07.945+03:00",
    "updated": "2024-07-26T00:07:07.945+03:00"
}