{
    "thread": {
        "uuid": "bb3dc1907fe3652e27bd8b13bc43c94063a3c087",
        "url": "https://www.colombia.com/deportes/juegos-olimpicos/mayra-ramirez-se-perdera-el-partido-ante-nueva-zelanda-por-juegos-olimpicos-477427",
        "site_full": "www.colombia.com",
        "site": "colombia.com",
        "site_section": "https://www.colombia.com/noticias",
        "site_categories": [
            "media"
        ],
        "section_title": "Noticias - Colombia.com",
        "title": "París 2024: Colombia sufrirá una durísima baja para juego ante Nueva Zelanda. Es oficial",
        "title_full": "París 2024: Colombia sufrirá una durísima baja para juego ante Nueva Zelanda. Es oficial",
        "published": "2024-07-26T00:21:00.000+03:00",
        "replies_count": 0,
        "participants_count": 1,
        "site_type": "news",
        "country": "CO",
        "main_image": "https://cdn.colombia.com/sdi/2024/07/25/mayra-ramirez-se-perdera-el-partido-ante-nueva-zelanda-por-juegos-olimpicos-1248292.jpg",
        "performance_score": 0,
        "domain_rank": 88914,
        "domain_rank_updated": "2024-07-23T13:08:50.000+03:00",
        "reach": null,
        "social": {
            "facebook": {
                "likes": 0,
                "comments": 0,
                "shares": 0
            },
            "gplus": {
                "shares": 0
            },
            "pinterest": {
                "shares": 0
            },
            "linkedin": {
                "shares": 0
            },
            "stumbledupon": {
                "shares": 0
            },
            "vk": {
                "shares": 0
            }
        }
    },
    "uuid": "bb3dc1907fe3652e27bd8b13bc43c94063a3c087",
    "url": "https://www.colombia.com/deportes/juegos-olimpicos/mayra-ramirez-se-perdera-el-partido-ante-nueva-zelanda-por-juegos-olimpicos-477427",
    "ord_in_thread": 0,
    "parent_url": null,
    "author": "Leonardo Alarcón",
    "published": "2024-07-26T00:21:00.000+03:00",
    "title": "París 2024: Colombia sufrirá una durísima baja para juego ante Nueva Zelanda. Es oficial",
    "text": "[Leonardo Alarcón](https://www.colombia.com/staff/130/leonardo-alarcon)• Colombia.com París 2024: Colombia sufrirá una durísima baja para juego ante Nueva Zelanda. Es oficial Colombia jugará ante Nueva Zelanda, en su segunda presentación en París 2024, en un partido que podría definir la clasificación. Colombia jugará ante Nueva Zelanda, en su segunda presentación en París 2024, en un partido que podría definir la clasificación. Colombia no arrancó bien el torneo olímpico, pues cayó en su debut ante Francia, en un partido que tuvo dos tiempos totalmente disímiles. El primer tiempo, la selección europea fue una tromba, ante una Colombia que nunca supo responder con altura al juego ofensivo de las locales. Esto terminó convirtiéndose en una auténtica pesadilla para la defensa cafetera, que tuvo que ver cómo, a lo largo de la primera mitad, el equipo local vulneraba la portería de Katerine Tapia, en 3 oportunidades diferentes; primero a través de Marie Antoinette Katoto, luego gracias a Kenza Dali y, finalmente, a través de la misma Katoto. Para el segundo tiempo, todo parecía listo para una debacle histórica de Colombia, en una olimpiada, pero las de Marsiglia arrancaron generando espacios, retrocediendo bien y recuperando el balón, lo que derivó, automáticamente, en secuencias de pase más largas y esto, a su vez, ocasionó llegadas de peligro sobre la portera Peyraud. De esta forma, sobre todo gracias al gran trabajo que empezó a hacer Mayra Ramírez, Colombia se acercó en el marcador, luego de que Catalina Usme convirtiera en gol un penal cometido, precisamente, a la número 9 de Colombia. El tiempo fue avanzando y las cafeteras parecía que se tomaban confianza. Así, 10 minutos después de anotar el primero, apareció Manuela Pavi, quien se robó un balón en la puerta del área rival y definió muy bien para poner el juego 3 a 2, dándole así un poco más de vida al equipo colombiano, que antes parecía hundirse en el mar de la duda y la desesperación. Pero a 4 minutos del final, con la selección francesa completamente arrinconada por la tricolor, una imprudencia de Maryra Ramírez, hasta ese momento la mejor de Colombia, terminó costándole la tarjeta roja, por lo que a partir de ese momento, Colombia debía jugar con una jugadora menos. Pero, además, la delantera del Chelsea también se perderá el segundo partido, ante Nueva Zelanda, que será a todo o nada, por la clasificación. ?? Damir Ceter (26) nuevo jugador de— Guillermo Arango (@guilloarango) [@JaguaresdeCord] ???? El delantero llega desde el fútbol italiano donde jugó en el Bari, Pescara, Cagliari, Chievo y Olbia. En Colombia en Quindio y Sanfa Fe. [pic.twitter.com/bShfYN0ZpD] [July 24, 2024]",
    "highlightText": "",
    "highlightTitle": "",
    "highlightThreadTitle": "",
    "language": "spanish",
    "sentiment": "negative",
    "categories": [
        "Human Interest",
        "Sport"
    ],
    "webz_reporter": false,
    "external_links": [],
    "external_images": [],
    "entities": {
        "persons": [],
        "organizations": [],
        "locations": []
    },
    "rating": null,
    "crawled": "2024-07-26T00:43:16.405+03:00",
    "updated": "2024-07-26T00:43:16.405+03:00"
}