{
    "thread": {
        "uuid": "be1789d139277dbecaa0d4cdefe99dd6834d7fe5",
        "url": "https://le10sport.com/football/mercato-il-annonce-un-danger-pour-le-gros-coup-du-psg-706481",
        "site_full": "le10sport.com",
        "site": "le10sport.com",
        "site_section": "https://le10sport.com/football/mercato/mbappe-le-real-madrid-fait-une-annonce-690568",
        "site_categories": [
            "world_soccer",
            "sports"
        ],
        "section_title": "Mbappé : Le Real Madrid fait une annonce ! - Le10sport.com",
        "title": "Mercato : Il annonce un danger pour le gros coup du PSG ! - Le10sport.com",
        "title_full": "Mercato : Il annonce un danger pour le gros coup du PSG ! - Le10sport.com",
        "published": "2024-07-26T01:15:00.000+03:00",
        "replies_count": 0,
        "participants_count": 1,
        "site_type": "news",
        "country": "FR",
        "main_image": "https://le10static.com/img/master/Icon_BAP_010521_93_001_edf5f5dc59/Icon_BAP_010521_93_001_edf5f5dc59.jpg",
        "performance_score": 0,
        "domain_rank": 99439,
        "domain_rank_updated": "2024-07-23T13:08:50.000+03:00",
        "reach": null,
        "social": {
            "facebook": {
                "likes": 0,
                "comments": 0,
                "shares": 0
            },
            "gplus": {
                "shares": 0
            },
            "pinterest": {
                "shares": 0
            },
            "linkedin": {
                "shares": 0
            },
            "stumbledupon": {
                "shares": 0
            },
            "vk": {
                "shares": 0
            }
        }
    },
    "uuid": "be1789d139277dbecaa0d4cdefe99dd6834d7fe5",
    "url": "https://le10sport.com/football/mercato-il-annonce-un-danger-pour-le-gros-coup-du-psg-706481",
    "ord_in_thread": 0,
    "parent_url": null,
    "author": "Le10Sport.com",
    "published": "2024-07-26T01:15:00.000+03:00",
    "title": "Mercato : Il annonce un danger pour le gros coup du PSG ! - Le10sport.com",
    "text": "A la recherche de renforts pour son attaque après le départ de Kylian Mbappé, le PSG songerait notamment à Nico Williams, auteur de grosses prestations avec l’Espagne lors du dernier Euro. Un intérêt justifié également par sa clause libératoire de 60M€, permettant d’éviter les négociations avec l’Athletic Bilbao. En proie à des problèmes financiers par le passé, le FC Barcelone apparaît comme une menace sérieuse comme l’a rappelé Joan Laporta. Pour pallier le départ de Kylian Mbappé, le PSG est prêt à tenter le coup [Nico Williams](https://le10sport.com/football/mercato-psg-ce-phenomene-va-trancher-pour-son-transfert-706451). Auteur de grosses prestations à l’Euro, qu’il a remporté avec l’Espagne, l’ailier de 22 ans apparaît comme une opportunité du mercato estival avec sa clause avoisinant 60M€, permettant d’éviter les négociations avec l’Athletic Bilbao. Dans ce dossier, Luis Campos est opposé au FC Barcelone, qui travaille sur le dossier depuis plusieurs semaines et qui dispose des ressources financières nécessaires. Transferts - 70M€ : Le PSG continue avec une vieille tradition !— le10sport (@le10sport) [https://t.co/nxjVkGmnW5] [pic.twitter.com/70gK6VqtId] [July 25, 2024] « Je pense à mon club » Présent face à la presse ce jeudi pour la présentation d’Hansi Flick, Joan Laporta n’a pas échappé au sujet Nico Williams. « Il n'est pas un joueur du Barça et je n'ai rien à dire. Je pense à mon club », a d’abord fait savoir le président du club culé, en profitant toutefois pour lâcher un message en cette période de mercato. « Aujourd'hui, le Barça peut signer de grands noms » « Notre situation financière s'est beaucoup améliorée. Nous sommes proches de la normalité. Aujourd'hui, le Barça peut signer de grands noms car nous avons fait notre travail. Nous allons bientôt clarifier notre situation financière », a indiqué Joan Laporta. Le PSG est face à un concurrent de taille.",
    "highlightText": "",
    "highlightTitle": "",
    "highlightThreadTitle": "",
    "language": "french",
    "sentiment": "negative",
    "categories": [
        "Human Interest",
        "Sport"
    ],
    "webz_reporter": false,
    "external_links": [],
    "external_images": [],
    "entities": {
        "persons": [],
        "organizations": [],
        "locations": []
    },
    "rating": null,
    "crawled": "2024-07-26T01:19:29.744+03:00",
    "updated": "2024-07-26T01:19:29.744+03:00"
}