{
    "thread": {
        "uuid": "91c5c34bb50f068e47dd2f840401f8d278cbad81",
        "url": "https://www.tuttomercatoweb.com/calcio-estero/brentford-igor-thiago-out-per-infortunio-bloccato-toney-derby-londinese-per-lui-1993870",
        "site_full": "www.tuttomercatoweb.com",
        "site": "tuttomercatoweb.com",
        "site_section": "https://tuttomercatoweb.com/ricerca",
        "site_categories": [
            "world_soccer",
            "sports"
        ],
        "section_title": "Ricerca",
        "title": "Brentford, Igor Thiago out per infortunio: bloccato Toney? Derby londinese per lui - TUTTO mercato WEB",
        "title_full": "Brentford, Igor Thiago out per infortunio: bloccato Toney? Derby londinese per lui - TUTTO mercato WEB",
        "published": "2024-07-26T01:26:00.000+03:00",
        "replies_count": 0,
        "participants_count": 1,
        "site_type": "news",
        "country": "IT",
        "main_image": "https://tmw-storage.tcccdn.com/storage/tuttomercatoweb.com/img_notizie/thumb3/df/dfe5ec3f541ba4dc615b1fc8ff8a574f-25670-oooz0000.jpeg",
        "performance_score": 0,
        "domain_rank": 27389,
        "domain_rank_updated": "2024-07-23T13:08:24.000+03:00",
        "reach": null,
        "social": {
            "facebook": {
                "likes": 0,
                "comments": 0,
                "shares": 0
            },
            "gplus": {
                "shares": 0
            },
            "pinterest": {
                "shares": 0
            },
            "linkedin": {
                "shares": 0
            },
            "stumbledupon": {
                "shares": 0
            },
            "vk": {
                "shares": 0
            }
        }
    },
    "uuid": "91c5c34bb50f068e47dd2f840401f8d278cbad81",
    "url": "https://www.tuttomercatoweb.com/calcio-estero/brentford-igor-thiago-out-per-infortunio-bloccato-toney-derby-londinese-per-lui-1993870",
    "ord_in_thread": 0,
    "parent_url": null,
    "author": "Paolo Lora Lamia",
    "published": "2024-07-26T01:26:00.000+03:00",
    "title": "Brentford, Igor Thiago out per infortunio: bloccato Toney? Derby londinese per lui - TUTTO mercato WEB",
    "text": "Brentford, Igor Thiago out per infortunio: bloccato Toney? Derby londinese per lui Stop pesante in casa Brentford che, già nel ritiro estivo, deve fare i conti con l'infortunio di Igor Thiago (attaccante preso dal bruges). Di seguito il comunicato delle Bees: \"Igor Thiago del Brentford ha subito una lesione al menisco durante la vittoria dei Bees per 5-2 sull'AFC Wimbledon. L'attaccante, autore di una doppietta alla sua prima apparizione con il club, non sarà disponibile per la partita di questa sera contro il Benfica e la prossima settimana verrà sottoposto a ulteriori accertamenti per stabilire l'entità dell'infortunio\". Un inconveniente che probabilmente cambia le strategie di mercato dei biancorossi. Fino a qualche ora fa, infatti, l'addio di Ivan Toney sembrava abbastanza scontati visto che Thiago era stato preso proprio per sostituirlo. Su di lui c'erano in particolare West Ham e Tottenham e il Brentford, pur di portare a termine la cessione, stando a quanto ha riferito SunSport aveva anche intenzione di abbassare l'iniziale presso di 30 milioni (arrivando addirittura ad accettare la metà). Con Thiago ai box, l'addio di Toney andrebbe ad impoverire ulteriormente l'attacco. Per lui potrebbe quindi prendere quota l'ipotesi di una conferma, almeno fino a quando non saranno più chiare l'entità dell'infortunio e le tempistiche di recupero del suo compagno di reparto. [Editoriale di Marco Conterio La lezione di Corvino sul calciomercato riguarda anche i casi Chiesa, Osimhen, Abraham, Correa e non soltanto. Una sessione complicatissima per tutte le big](/editoriale/la-lezione-di-corvino-sul-calciomercato-riguarda-anche-i-casi-chiesa-osimhen-abraham-correa-e-non-soltanto-una-sessione-complicatissima-per-tutte-le-b-1993683) [4 La lezione di Corvino sul calciomercato riguarda anche i casi Chiesa, Osimhen, Abraham, Correa e non soltanto. Una sessione complicatissima per tutte le big](/editoriale/la-lezione-di-corvino-sul-calciomercato-riguarda-anche-i-casi-chiesa-osimhen-abraham-correa-e-non-soltanto-una-sessione-complicatissima-per-tutte-le-b-1993683) [11:05A Tutta C](https://www.tmwradio.com/diretta/) A Tutta C , Tutti i giorni dal lunedì al venerdì dalle 10 alle 11 e dalle 18 alle 19 un doppio approfondimento per raccontare la Lega Serie C. A Tutta C , Tutti i giorni dal lunedì al venerdì dalle 10 alle 11 e dalle 18 alle 19 un doppio approfondimento per raccontare la Lega Serie C. [Caldiero Terme, Fabio Brutti: \"Con l'Hellas già chiuse tre operazioni di mercato. Spero in un'altra\"](/serie-c/caldiero-terme-fabio-brutti-con-l-hellas-gia-chiuse-tre-operazioni-di-mercato-spero-in-un-altra-1993852) [Trento, Giorgio Zamuner: \"Base della squadra pronta e ultimata. Ma compenseremo le eventuali uscite\"](/serie-c/trento-giorgio-zamuner-base-della-squadra-pronta-e-ultimata-ma-compenseremo-le-eventuali-uscite-1993823)",
    "highlightText": "",
    "highlightTitle": "",
    "highlightThreadTitle": "",
    "language": "italian",
    "sentiment": "negative",
    "categories": [
        "Sport"
    ],
    "webz_reporter": false,
    "external_links": [
        "https://www.tmwradio.com/diretta/)",
        "https://tmwradio.com/diretta/)"
    ],
    "external_images": [],
    "entities": {
        "persons": [],
        "organizations": [],
        "locations": []
    },
    "rating": null,
    "crawled": "2024-07-26T02:03:17.186+03:00",
    "updated": "2024-07-26T10:49:49.835+03:00"
}