{
    "thread": {
        "uuid": "2cc09c325683fa2a2acb21a31a204712f4bcefc5",
        "url": "https://www.nbcconnecticut.com/paris-2024-summer-olympics/us-mens-rugby-eliminated-quarterfinals-medal/3345060",
        "site_full": "www.nbcconnecticut.com",
        "site": "nbcconnecticut.com",
        "site_section": "https://www.nbcconnecticut.com/paris-2024-summer-olympics/",
        "site_categories": [
            "tech"
        ],
        "section_title": null,
        "title": "US men's rugby eliminated in Olympic quarterfinals, will not medal",
        "title_full": "US men's rugby eliminated in Olympic quarterfinals, will not medal",
        "published": "2024-07-25T21:23:00.000+03:00",
        "replies_count": 0,
        "participants_count": 1,
        "site_type": "news",
        "country": "US",
        "main_image": "",
        "performance_score": 0,
        "domain_rank": 7649,
        "domain_rank_updated": "2024-07-23T13:08:24.000+03:00",
        "reach": null,
        "social": {
            "facebook": {
                "likes": 0,
                "comments": 0,
                "shares": 0
            },
            "gplus": {
                "shares": 0
            },
            "pinterest": {
                "shares": 0
            },
            "linkedin": {
                "shares": 0
            },
            "stumbledupon": {
                "shares": 0
            },
            "vk": {
                "shares": 0
            }
        }
    },
    "uuid": "2cc09c325683fa2a2acb21a31a204712f4bcefc5",
    "url": "https://www.nbcconnecticut.com/paris-2024-summer-olympics/us-mens-rugby-eliminated-quarterfinals-medal/3345060",
    "ord_in_thread": 0,
    "parent_url": null,
    "author": "Sanjesh Singh",
    "published": "2024-07-25T21:23:00.000+03:00",
    "title": "US men's rugby eliminated in Olympic quarterfinals, will not medal",
    "text": "Team USA will not medal in men’s rugby in Paris .\nThe Eagles on Thursday fell to Australia 18-0 in their quarterfinal matchup , ending a chance to at least claim a bronze medal in the competition.\nAustralia will move onto the semifinals on Saturday, July 27, where it will play two-time gold medalists Fiji .\nThe Eagles, though, haven’t played their last game. They will play Ireland on Saturday at 9 a.m. ET in the first of two placement games.\n2024 Paris Olympics Dec 13, 2023 2024 Paris Olympics: See dates, sports, how to watch and more 2024 Paris Olympics Dec 21, 2023 Here are the rules for the 2024 Olympics in Paris 2024 Paris Olympics Dec 20, 2023 Get to know Team USA Olympians ahead of the 2024 Paris Olympics They can finish the tournament as high as fifth place or as low as eighth place, depending on the result between New Zealand and Australia.\nFiji, Australia, South Africa and France are the four semifinalists, though one will not medal.\nTeam USA has not yet medaled in men’s rugby since it entered the Olympics in 2016.",
    "highlightText": "",
    "highlightTitle": "",
    "highlightThreadTitle": "",
    "language": "english",
    "sentiment": "negative",
    "categories": [
        "Sport"
    ],
    "webz_reporter": false,
    "external_links": [
        "https://www.nbclosangeles.com/paris-2024-summer-olympics/olympic-sports-where-team-usa-has-no-medals/3362183/",
        "https://art19.com/shows/7cc83890-38c0-4c79-ae42-a7031db03f57/embed?playlist_type=playlist",
        "https://www.nbclosangeles.com/paris-2024-summer-olympics/us-mens-rugby-team-advances-olympic-quarterfinals/",
        "https://www.nbcsportsphiladelphia.com/tag/team-usa/",
        "https://www.nbclosangeles.com/paris-2024-summer-olympics/rugby-2024-olympics-field-size-history-rules/3337641/",
        "https://www.nbcnewyork.com/tag/2024-paris-olympics/",
        "https://www.nbcsportsphiladelphia.com/tag/team-usa",
        "https://www.nbcnewyork.com/tag/2024-paris-olympics",
        "https://art19.com/shows/7cc83890-38c0-4c79-ae42-a7031db03f57/embed",
        "https://nbclosangeles.com/paris-2024-summer-olympics/us-mens-rugby-team-advances-olympic-quarterfinals/",
        "https://www.nbclosangeles.com/paris-2024-summer-olympics/rugby-2024-olympics-field-size-history-rules/3337641",
        "https://nbclosangeles.com/paris-2024-summer-olympics/olympic-sports-where-team-usa-has-no-medals/3362183/",
        "https://nbcsportsphiladelphia.com/tag/team-usa/",
        "https://www.art19.com/shows/7cc83890-38c0-4c79-ae42-a7031db03f57/embed?playlist_type=playlist",
        "https://nbcnewyork.com/tag/2024-paris-olympics/",
        "https://www.nbclosangeles.com/paris-2024-summer-olympics/us-mens-rugby-team-advances-olympic-quarterfinals",
        "https://nbclosangeles.com/paris-2024-summer-olympics/rugby-2024-olympics-field-size-history-rules/3337641/",
        "https://www.nbclosangeles.com/paris-2024-summer-olympics/olympic-sports-where-team-usa-has-no-medals/3362183"
    ],
    "external_images": [],
    "entities": {
        "persons": [],
        "organizations": [],
        "locations": [
            {
                "name": "new zealand",
                "sentiment": "none"
            },
            {
                "name": "usa",
                "sentiment": "none"
            },
            {
                "name": "fiji",
                "sentiment": "none"
            },
            {
                "name": "ireland",
                "sentiment": "none"
            },
            {
                "name": "south africa",
                "sentiment": "none"
            },
            {
                "name": "australia",
                "sentiment": "none"
            },
            {
                "name": "france",
                "sentiment": "none"
            },
            {
                "name": "paris",
                "sentiment": "none"
            }
        ]
    },
    "rating": null,
    "crawled": "2024-07-26T01:40:24.374+03:00",
    "updated": "2024-07-26T01:40:24.374+03:00"
}