{
    "thread": {
        "uuid": "6dca310b7ccb6ae049e4d20242e39c0a3eabe778",
        "url": "https://www.semana.com/deportes/articulo/falcao-garcia-rompio-el-silencio-por-derrota-de-millonarios-ante-nacional-en-el-campin-no-fue-el-resultado-esperado/202404",
        "site_full": "www.semana.com",
        "site": "semana.com",
        "site_section": "https://www.semana.com/",
        "site_categories": [
            "media",
            "top_news"
        ],
        "section_title": "Semana.com -  Últimas Noticias de Colombia y el Mundo",
        "title": "Falcao García rompió el silencio por derrota de Millonarios ante Nacional en El Campín: “No fue el resultado esperado ”",
        "title_full": "Falcao García rompió el silencio por derrota de Millonarios ante Nacional en El Campín: “No fue el resultado esperado ”",
        "published": "2024-07-25T23:59:00.000+03:00",
        "replies_count": 0,
        "participants_count": 1,
        "site_type": "news",
        "country": "CO",
        "main_image": "https://www.semana.com/resizer/v2/FWOJZ2RU4FA2FEMOXXO7IG4WYU.jpg?auth=8ab1da9ea0af642b1e85d461430a0d77f83680910546206e8f0b7aa5ee8212dc&amp;smart=true&amp;quality=75&amp;width=1280&amp;height=720",
        "performance_score": 0,
        "domain_rank": 5931,
        "domain_rank_updated": "2024-07-23T13:08:24.000+03:00",
        "reach": null,
        "social": {
            "facebook": {
                "likes": 0,
                "comments": 0,
                "shares": 0
            },
            "gplus": {
                "shares": 0
            },
            "pinterest": {
                "shares": 0
            },
            "linkedin": {
                "shares": 0
            },
            "stumbledupon": {
                "shares": 0
            },
            "vk": {
                "shares": 0
            }
        }
    },
    "uuid": "6dca310b7ccb6ae049e4d20242e39c0a3eabe778",
    "url": "https://www.semana.com/deportes/articulo/falcao-garcia-rompio-el-silencio-por-derrota-de-millonarios-ante-nacional-en-el-campin-no-fue-el-resultado-esperado/202404",
    "ord_in_thread": 0,
    "parent_url": null,
    "author": "Redacción Deportes",
    "published": "2024-07-25T23:59:00.000+03:00",
    "title": "Falcao García rompió el silencio por derrota de Millonarios ante Nacional en El Campín: “No fue el resultado esperado ”",
    "text": "El miércoles 24 de julio, por la jornada 6 (adelantada) de la Liga BetPlay del segundo semestre del año, Millonarios FC, dirigido por Alberto Gamero, se enfrentó con el club Atlético Nacional de Medellín, entrenado por Pablo Repetto. El duelo se llevó a cabo en el estadio Nemesio Camacho El Campín , el cual estuvo a reventar. La hinchada azul se hizo presente en el principal escenario deportivo de la capital del país. No hubo afición visitante.El juez central de este importante compromiso fue Nicolás Gallo, el cual estuvo involucrado en diferentes polémicas. El cotejo, como bien se sabe, terminó 2 goles a 1 a favor del conjunto antioqueño.Joan Castro y Edwin Cardona marcaron para el equipo paisa, mientras que Danovis Banguero hizo lo propio para la escuadra capitalina. Millonarios, cabe mencionar, desde el minuto 19 de la etapa inicial, jugó con un hombre menos, esto por la expulsión del portero Iván Mauricio Arboleda .En rueda de prensa, luego del partido, Alberto Gamero dijo lo siguiente: “No era fácil ir perdiendo a los 9 minutos, una expulsión a los 19 y replantear un partido. Lo que pasó estuvo acorde a lo que pensábamos. La única que nos quedaba era 1-4-4-1, pero teníamos que intentar hacerlo con los jugadores que teníamos en la cancha para hacer un solo cambio. Me parece que Castro por la derecha y Córdoba por la izquierda mantuvieron a sus dos laterales”.“La superioridad ellos la tenían por dentro. Intentamos sacar un mediocentro como Welch, pero también queríamos tener la mentalidad de que con Silva y Charrupí íbamos a tener manejo. Nos arriesgamos a eso y el riesgo salió porque hicimos algo muy difícil que era empatar el partido. Después se nos va el punto ”, agregó.En zona mixta, cabe mencionar, también habló Falcao García, gran figura del club azul. “ Si vemos el desarrollo del partido, nosotros fuimos valientes ”, manifestó. Y horas después, el ‘Tigre’ rompería el silencio sobre el juego nuevamente.A través de su cuenta oficial de Instagram, Radamel Falcao manifestó lo siguiente: “No fue el resultado esperado en un partido que nos condicionó desde el inicio. Una vez más, gracias a toda la gente por su apoyo incondicional. Esto apenas comienza ”.Hasta el momento, Radamel Falcao García no ha marcado gol desde su llegada a Millonarios. Tuvo minutos considerables ante el Deportivo Independiente Medellín, el club Atlético Bucaramanga y Atlético Nacional.Hay una gran expectativa por el que pueda ser el primer gol del ‘Tigre’ en la Liga BetPlay del segundo semestre del año. Muchos confían, sobre todo los hinchas de Millonarios, que Falcao termine el torneo como uno de los máximos goleadores. Radamel, de a poco, se adapta al fútbol profesional colombiano.",
    "highlightText": "",
    "highlightTitle": "",
    "highlightThreadTitle": "",
    "language": "spanish",
    "sentiment": "negative",
    "categories": [
        "Arts, Culture and Entertainment",
        "Human Interest",
        "Sport"
    ],
    "webz_reporter": false,
    "external_links": [],
    "external_images": [],
    "entities": {
        "persons": [],
        "organizations": [],
        "locations": []
    },
    "rating": null,
    "crawled": "2024-07-26T00:04:10.595+03:00",
    "updated": "2024-07-26T01:25:29.376+03:00"
}