{
    "thread": {
        "uuid": "5326df5ac94b75e014e49a7e94401252a00de31a",
        "url": "https://www.newslocker.com/en-ca/sport/general-sport-canada/unaccredited-analyst-at-centre-of-olympic-drone-scandal-is-senior-canada-soccer-official",
        "site_full": "www.newslocker.com",
        "site": "newslocker.com",
        "site_section": "https://www.newslocker.com/en-ca",
        "site_categories": [
            "tennis",
            "sports"
        ],
        "section_title": "NewsLocker - News portal",
        "title": "'Unaccredited analyst' at centre of Olympic drone scandal is senior Canada Soccer official - General Sport Canada news - NewsLocker",
        "title_full": "'Unaccredited analyst' at centre of Olympic drone scandal is senior Canada Soccer official - General Sport Canada news - NewsLocker",
        "published": "2024-07-26T01:21:00.000+03:00",
        "replies_count": 0,
        "participants_count": 0,
        "site_type": "news",
        "country": "BY",
        "main_image": "https://img4.newslocker.com/2024/07/25/323914245_350.jpg",
        "performance_score": 0,
        "domain_rank": 59294,
        "domain_rank_updated": "2024-07-23T13:08:43.000+03:00",
        "reach": null,
        "social": {
            "facebook": {
                "likes": 0,
                "comments": 0,
                "shares": 0
            },
            "gplus": {
                "shares": 0
            },
            "pinterest": {
                "shares": 0
            },
            "linkedin": {
                "shares": 0
            },
            "stumbledupon": {
                "shares": 0
            },
            "vk": {
                "shares": 0
            }
        }
    },
    "uuid": "5326df5ac94b75e014e49a7e94401252a00de31a",
    "url": "https://www.newslocker.com/en-ca/sport/general-sport-canada/unaccredited-analyst-at-centre-of-olympic-drone-scandal-is-senior-canada-soccer-official",
    "ord_in_thread": 0,
    "parent_url": null,
    "author": null,
    "published": "2024-07-26T01:21:00.000+03:00",
    "title": "'Unaccredited analyst' at centre of Olympic drone scandal is senior Canada Soccer official - General Sport Canada news - NewsLocker",
    "text": "[✗ Close categories](javascript:hideCategories();) [Canada Animals](https://www.newslocker.com/en-ca/news/canada-animals-news/) [Canada Apple News](https://www.newslocker.com/en-ca/news/canada-apple-news/) [Canada Apps & Smartphones](https://www.newslocker.com/en-ca/news/canada-apps-smartphones-news/) [Canada Arts](https://www.newslocker.com/en-ca/news/canada-arts-news/) [Canada Business News](https://www.newslocker.com/en-ca/news/canada-business-news/) [Canada Cars News](https://www.newslocker.com/en-ca/news/canada-cars-news/) [Canada Celebrity](https://www.newslocker.com/en-ca/news/canada-celebrity-news/) [Canada Christian News](https://www.newslocker.com/en-ca/news/canada-christian-news/) [Child Care Canada](https://www.newslocker.com/en-ca/news/child-care-news-canada/) [Conspiracy theories News](https://www.newslocker.com/en-ca/news/conspiracy-theories-news/) [Consumer News](https://www.newslocker.com/en-ca/news/consumer-news/) [Cooking & Recipes News](https://www.newslocker.com/en-ca/news/cooking-recipes-news/) [Coronavirus](https://www.newslocker.com/en-ca/news/coronavirus/) [Culture & Media News](https://www.newslocker.com/en-ca/news/culture-and-media-news/) [Dance music & news](https://www.newslocker.com/en-ca/news/dance-music-news/) [Digital News](https://www.newslocker.com/en-ca/news/digital-news-canada/) [Ebola News](https://www.newslocker.com/en-ca/news/ebola-news/) [Economy News](https://www.newslocker.com/en-ca/news/economy-news-canada/) [Electronics News](https://www.newslocker.com/en-ca/news/electronics-news/) [Entertainment News](https://www.newslocker.com/en-ca/news/entertainment-news/) [Facebook Inc. News](https://www.newslocker.com/en-ca/news/facebook-inc-news/) [Fashion News](https://www.newslocker.com/en-ca/news/fashion-news/) [Films/Movies & reviews News](https://www.newslocker.com/en-ca/news/films-movies-reviews-news/) [Finance News](https://www.newslocker.com/en-ca/news/finance-news/) [Food News](https://www.newslocker.com/en-ca/news/food-news-canada/) [Ford Motor Company News](https://www.newslocker.com/en-ca/news/ford-motor-company-news/) [Funny videos](https://www.newslocker.com/en-ca/news/funny-videos/) [Gadgets News](https://www.newslocker.com/en-ca/news/gadgets-news/) [Games News](https://www.newslocker.com/en-ca/news/games-news/) [General News](https://www.newslocker.com/en-ca/news/general-news-canada/) [Google Inc. News](https://www.newslocker.com/en-ca/news/google-inc-news/) [Gourmet News](https://www.newslocker.com/en-ca/news/gourmet-news/) [Health News](https://www.newslocker.com/en-ca/news/health-news-canada/) [International Crime News](https://www.newslocker.com/en-ca/news/international-crime-news/) [Leisure time News](https://www.newslocker.com/en-ca/news/leisure-time-news/) [Leisure trends News](https://www.newslocker.com/en-ca/news/leisure-trends-news/) [Lifestyle News](https://www.newslocker.com/en-ca/news/lifestyle-news-canada/) [Literature News](https://www.newslocker.com/en-ca/news/literature-news/) [Medical News](https://www.newslocker.com/en-ca/news/medical-news/) [Movie News](https://www.newslocker.com/en-ca/news/movie-news/) [Music News](https://www.newslocker.com/en-ca/news/music-news-canada/) [Nature & Environment News](https://www.newslocker.com/en-ca/news/nature-&-environment-news-canada/) [News videos](https://www.newslocker.com/en-ca/news/news-videos/) [Olympic Games](https://www.newslocker.com/en-ca/news/olympic-games/) [Organic food News](https://www.newslocker.com/en-ca/news/organic-food-news/) [Politics News](https://www.newslocker.com/en-ca/news/politcs-news-canada/) [Sci-Tech News](https://www.newslocker.com/en-ca/news/sci-tech-news/) [Science News](https://www.newslocker.com/en-ca/news/science-news/) [Showbizz News](https://www.newslocker.com/en-ca/news/showbizz-news/) [Social media News](https://www.newslocker.com/en-ca/news/social-media-news/) [Television News](https://www.newslocker.com/en-ca/news/television-news/) [Traffic News](https://www.newslocker.com/en-ca/news/traffic-news/) [Travel News](https://www.newslocker.com/en-ca/news/travel-news/) [UFO News and more](https://www.newslocker.com/en-ca/news/ufo-news-and-more/) [Vacancies News](https://www.newslocker.com/en-ca/news/vacancies-news/) [WeatherNews](https://www.newslocker.com/en-ca/news/weather-news/) [Web design News](https://www.newslocker.com/en-ca/news/web-design-news/) [World News](https://www.newslocker.com/en-ca/news/world-news/) [Youth & Parenting News](https://www.newslocker.com/en-ca/news/youth-parenting-news/) [✗ Close categories](javascript:hideCategories();) [✗ Close categories](javascript:hideCategories();) [✗ Close categories](javascript:hideCategories();) [✗ Close categories](javascript:hideCategories();) [100 Mile House](https://www.newslocker.com/en-ca/region/100-mile-house/) [Abbotsford](https://www.newslocker.com/en-ca/region/abbotsford/) [Aberdeen](https://www.newslocker.com/en-ca/region/aberdeen/) [Acme](https://www.newslocker.com/en-ca/region/acme/) [Acton](https://www.newslocker.com/en-ca/region/acton/) [Acton Vale](https://www.newslocker.com/en-ca/region/acton-vale/) [Airdrie](https://www.newslocker.com/en-ca/region/airdrie/) [Ajax](https://www.newslocker.com/en-ca/region/ajax/) [Alberta](https://www.newslocker.com/en-ca/region/alberta/) [Aldergrove](https://www.newslocker.com/en-ca/region/aldergrove/) [Alert Bay](https://www.newslocker.com/en-ca/region/alert-bay/) [Alexandria, British Columbia](https://www.newslocker.com/en-ca/region/alexandria-british-columbia/) [Alexandria, Ontario](https://www.newslocker.com/en-ca/region/alexandria-ontario/) [Allan](https://www.newslocker.com/en-ca/region/allan/) [Alliston](https://www.newslocker.com/en-ca/region/alliston/) [Alma](https://www.newslocker.com/en-ca/region/alma/) [Altona](https://www.newslocker.com/en-ca/region/altona/) [Amherst](https://www.newslocker.com/en-ca/region/amherst/) [Amherstburg](https://www.newslocker.com/en-ca/region/amherstburg/) [Amos](https://www.newslocker.com/en-ca/region/amos/) [Amqui](https://www.newslocker.com/en-ca/region/amqui/) [Ancaster](https://www.newslocker.com/en-ca/region/ancaster/) [Angling Lake](https://www.newslocker.com/en-ca/region/angling-lake/) [Angus](https://www.newslocker.com/en-ca/region/angus/) [Anjou](https://www.newslocker.com/en-ca/region/anjou/) [Annaheim](https://www.newslocker.com/en-ca/region/annaheim/) [Annapolis Royal](https://www.newslocker.com/en-ca/region/annapolis-royal/) [Antigonish](https://www.newslocker.com/en-ca/region/antigonish/) [Apsley](https://www.newslocker.com/en-ca/region/apsley/) [Arborg](https://www.newslocker.com/en-ca/region/arborg/) [Armstrong](https://www.newslocker.com/en-ca/region/armstrong/) [Arnprior](https://www.newslocker.com/en-ca/region/arnprior/) [Arva](https://www.newslocker.com/en-ca/region/arva/) [Arviat](https://www.newslocker.com/en-ca/region/arviat/) [Asbestos](https://www.newslocker.com/en-ca/region/asbestos/) [Ashcroft](https://www.newslocker.com/en-ca/region/ashcroft/) [Ashern](https://www.newslocker.com/en-ca/region/ashern/) [Assiniboia](https://www.newslocker.com/en-ca/region/assiniboia/) [Athabasca](https://www.newslocker.com/en-ca/region/athabasca/) [Atholville](https://www.newslocker.com/en-ca/region/atholville/) [Atikokan](https://www.newslocker.com/en-ca/region/atikokan/) [Aurora](https://www.newslocker.com/en-ca/region/aurora/) [Austin](https://www.newslocker.com/en-ca/region/austin/) [Aylmer, Ontario](https://www.newslocker.com/en-ca/region/aylmer-ontario/) [Aylmer, Quebec](https://www.newslocker.com/en-ca/region/aylmer-quebec/) [Ayr](https://www.newslocker.com/en-ca/region/ayr/) [Baden](https://www.newslocker.com/en-ca/region/baden/) [Baie Verte](https://www.newslocker.com/en-ca/region/baie-verte/) [Baie-Comeau](https://www.newslocker.com/en-ca/region/baie-comeau/) [Baie-Saint-Paul](https://www.newslocker.com/en-ca/region/baie-saint-paul/) [Baker Lake](https://www.newslocker.com/en-ca/region/baker-lake/) [Balcarres](https://www.newslocker.com/en-ca/region/balcarres/) [Balmertown](https://www.newslocker.com/en-ca/region/balmertown/) [Bamfield](https://www.newslocker.com/en-ca/region/bamfield/) [Bancroft](https://www.newslocker.com/en-ca/region/bancroft/) [Banff](https://www.newslocker.com/en-ca/region/banff/) [Bannockburn](https://www.newslocker.com/en-ca/region/bannockburn/) [Barrhead](https://www.newslocker.com/en-ca/region/barrhead/) [Barrie](https://www.newslocker.com/en-ca/region/barrie/) [Barriere](https://www.newslocker.com/en-ca/region/barriere/) [Barrington](https://www.newslocker.com/en-ca/region/barrington/) [Barwick](https://www.newslocker.com/en-ca/region/barwick/) [Bathurst](https://www.newslocker.com/en-ca/region/bathurst/) [Beaconsfield](https://www.newslocker.com/en-ca/region/beaconsfield/) [Beamsville](https://www.newslocker.com/en-ca/region/beamsville/) [Beauceville](https://www.newslocker.com/en-ca/region/beauceville/) [Beaumont, Alberta](https://www.newslocker.com/en-ca/region/beaumont-alberta/) [Beaumont, Newfoundland and Labrador](https://www.newslocker.com/en-ca/region/beaumont-newfoundland-and-labrador/) [Beauport](https://www.newslocker.com/en-ca/region/beauport/) [Beaupre](https://www.newslocker.com/en-ca/region/beaupre/) [Beausejour](https://www.newslocker.com/en-ca/region/beausejour/) [Beauval](https://www.newslocker.com/en-ca/region/beauval/) [Beaverton](https://www.newslocker.com/en-ca/region/beaverton/) [Becancour](https://www.newslocker.com/en-ca/region/becancour/) [Bedford, Nova Scotia](https://www.newslocker.com/en-ca/region/bedford-nova-scotia/) [Bedford, Quebec](https://www.newslocker.com/en-ca/region/bedford-quebec/) [Bella Bella](https://www.newslocker.com/en-ca/region/bella-bella/) [Belleville](https://www.newslocker.com/en-ca/region/belleville/) [Beloeil](https://www.newslocker.com/en-ca/region/beloeil/) [Beresford](https://www.newslocker.com/en-ca/region/beresford/) [Berthierville](https://www.newslocker.com/en-ca/region/berthierville/) [Berwick](https://www.newslocker.com/en-ca/region/berwick/) [Bethany](https://www.newslocker.com/en-ca/region/bethany/) [Big River](https://www.newslocker.com/en-ca/region/big-river/) [Big Trout Lake](https://www.newslocker.com/en-ca/region/big-trout-lake/) [Biggar](https://www.newslocker.com/en-ca/region/biggar/) [Blainville](https://www.newslocker.com/en-ca/region/blainville/) [Blind River](https://www.newslocker.com/en-ca/region/blind-river/) [Bloomfield](https://www.newslocker.com/en-ca/region/bloomfield/) [Bloomfield Ridge](https://www.newslocker.com/en-ca/region/bloomfield-ridge/) [Blue Mountains](https://www.newslocker.com/en-ca/region/blue-mountains/) [Blue River](https://www.newslocker.com/en-ca/region/blue-river/) [Bluewater](https://www.newslocker.com/en-ca/region/bluewater/) [Bois-des-Filion](https://www.newslocker.com/en-ca/region/bois-des-filion/) [Boisbriand](https://www.newslocker.com/en-ca/region/boisbriand/) [Boissevain](https://www.newslocker.com/en-ca/region/boissevain/) [Bolton](https://www.newslocker.com/en-ca/region/bolton/) [Bonaventure](https://www.newslocker.com/en-ca/region/bonaventure/) [Bonfield](https://www.newslocker.com/en-ca/region/bonfield/) [Bonnyville](https://www.newslocker.com/en-ca/region/bonnyville/) [Bonshaw](https://www.newslocker.com/en-ca/region/bonshaw/) [Boucherville](https://www.newslocker.com/en-ca/region/boucherville/) [Bouctouche](https://www.newslocker.com/en-ca/region/bouctouche/) [Bow Island](https://www.newslocker.com/en-ca/region/bow-island/) [Bowmanville](https://www.newslocker.com/en-ca/region/bowmanville/) [Bracebridge](https://www.newslocker.com/en-ca/region/bracebridge/) [Brackendale](https://www.newslocker.com/en-ca/region/brackendale/) [Bradford West Gwillimbury](https://www.newslocker.com/en-ca/region/bradford-west-gwillimbury/) [Bramalea](https://www.newslocker.com/en-ca/region/bramalea/) [Brampton](https://www.newslocker.com/en-ca/region/brampton/) [Brandon](https://www.newslocker.com/en-ca/region/brandon/) [Brant](https://www.newslocker.com/en-ca/region/brant/) [Brantford](https://www.newslocker.com/en-ca/region/brantford/) [Brentwood Bay](https://www.newslocker.com/en-ca/region/brentwood-bay/) [Breton](https://www.newslocker.com/en-ca/region/breton/) [Bridgewater](https://www.newslocker.com/en-ca/region/bridgewater/) [Brighton](https://www.newslocker.com/en-ca/region/brighton/) [British Columbia](https://www.newslocker.com/en-ca/region/british-columbia/) [Brockville](https://www.newslocker.com/en-ca/region/brockville/) [Brome](https://www.newslocker.com/en-ca/region/brome/) [Brome Lake](https://www.newslocker.com/en-ca/region/brome-lake/) [Bromont](https://www.newslocker.com/en-ca/region/bromont/) [Brooks](https://www.newslocker.com/en-ca/region/brooks/) [Brossard](https://www.newslocker.com/en-ca/region/brossard/) [Bruno](https://www.newslocker.com/en-ca/region/bruno/) [Buckingham](https://www.newslocker.com/en-ca/region/buckingham/) [Buffalo Narrows](https://www.newslocker.com/en-ca/region/buffalo-narrows/) [Burgessville](https://www.newslocker.com/en-ca/region/burgessville/) [Burlington](https://www.newslocker.com/en-ca/region/burlington/) [Burnaby](https://www.newslocker.com/en-ca/region/burnaby/) [Burns Lake](https://www.newslocker.com/en-ca/region/burns-lake/) [Cabano](https://www.newslocker.com/en-ca/region/cabano/) [Cabri](https://www.newslocker.com/en-ca/region/cabri/) [Cache Bay](https://www.newslocker.com/en-ca/region/cache-bay/) [Caledon](https://www.newslocker.com/en-ca/region/caledon/) [Calgary](https://www.newslocker.com/en-ca/region/calgary/) [Cambridge](https://www.newslocker.com/en-ca/region/cambridge/) [Cambridge Bay](https://www.newslocker.com/en-ca/region/cambridge-bay/) [Campbell River](https://www.newslocker.com/en-ca/region/campbell-river/) [Campbellford](https://www.newslocker.com/en-ca/region/campbellford/) [Campbellton](https://www.newslocker.com/en-ca/region/campbellton/) [Campbellville](https://www.newslocker.com/en-ca/region/campbellville/) [Camrose](https://www.newslocker.com/en-ca/region/camrose/) [Canada](https://www.newslocker.com/en-ca/region/canada/) [Candiac](https://www.newslocker.com/en-ca/region/candiac/) [Canmore](https://www.newslocker.com/en-ca/region/canmore/) [Canwood](https://www.newslocker.com/en-ca/region/canwood/) [Canyon](https://www.newslocker.com/en-ca/region/canyon/) [Cape Dorset](https://www.newslocker.com/en-ca/region/cape-dorset/) [Caplan](https://www.newslocker.com/en-ca/region/caplan/) [Capreol](https://www.newslocker.com/en-ca/region/capreol/) [Caraquet](https://www.newslocker.com/en-ca/region/caraquet/) [Carberry](https://www.newslocker.com/en-ca/region/carberry/) [Carignan](https://www.newslocker.com/en-ca/region/carignan/) [Carleton Place](https://www.newslocker.com/en-ca/region/carleton-place/) [Carleton-sur-Mer](https://www.newslocker.com/en-ca/region/carleton-sur-mer/) [Carlisle](https://www.newslocker.com/en-ca/region/carlisle/) [Carlyle](https://www.newslocker.com/en-ca/region/carlyle/) [Carman](https://www.newslocker.com/en-ca/region/carman/) [Caronport](https://www.newslocker.com/en-ca/region/caronport/) [Carp](https://www.newslocker.com/en-ca/region/carp/) [Cartier](https://www.newslocker.com/en-ca/region/cartier/) [Casselman](https://www.newslocker.com/en-ca/region/casselman/) [Castlegar](https://www.newslocker.com/en-ca/region/castlegar/) [Catalina](https://www.newslocker.com/en-ca/region/catalina/) [Cayuga](https://www.newslocker.com/en-ca/region/cayuga/) [Chalk River](https://www.newslocker.com/en-ca/region/chalk-river/) [Chambly](https://www.newslocker.com/en-ca/region/chambly/) [Chapleau](https://www.newslocker.com/en-ca/region/chapleau/) [Charlesbourg](https://www.newslocker.com/en-ca/region/charlesbourg/) [Charlottetown](https://www.newslocker.com/en-ca/region/charlottetown/) [Chase](https://www.newslocker.com/en-ca/region/chase/) [Chateau-Richer](https://www.newslocker.com/en-ca/region/chateau-richer/) [Chateauguay](https://www.newslocker.com/en-ca/region/chateauguay/) [Chatham](https://www.newslocker.com/en-ca/region/chatham/) [Chatham-Kent](https://www.newslocker.com/en-ca/region/chatham-kent/) [Chatsworth](https://www.newslocker.com/en-ca/region/chatsworth/) [Chelmsford](https://www.newslocker.com/en-ca/region/chelmsford/) [Chelsea](https://www.newslocker.com/en-ca/region/chelsea/) [Chesley](https://www.newslocker.com/en-ca/region/chesley/) [Chestermere](https://www.newslocker.com/en-ca/region/chestermere/) [Chesterville](https://www.newslocker.com/en-ca/region/chesterville/) [Chibougamau](https://www.newslocker.com/en-ca/region/chibougamau/) [Chicoutimi](https://www.newslocker.com/en-ca/region/chicoutimi/) [Chilliwack](https://www.newslocker.com/en-ca/region/chilliwack/) [Clair](https://www.newslocker.com/en-ca/region/clair/) [Clarence Creek](https://www.newslocker.com/en-ca/region/clarence-creek/) [Clarence-Rockland](https://www.newslocker.com/en-ca/region/clarence-rockland/) [Clarenville](https://www.newslocker.com/en-ca/region/clarenville/) [Clarington](https://www.newslocker.com/en-ca/region/clarington/) [Clavet](https://www.newslocker.com/en-ca/region/clavet/) [Clearbrook](https://www.newslocker.com/en-ca/region/clearbrook/) [Clearwater](https://www.newslocker.com/en-ca/region/clearwater/) [Clinton, British Columbia](https://www.newslocker.com/en-ca/region/clinton-british-columbia/) [Clinton, Ontario](https://www.newslocker.com/en-ca/region/clinton-ontario/) [Clyde River](https://www.newslocker.com/en-ca/region/clyde-river/) [Coaticook](https://www.newslocker.com/en-ca/region/coaticook/) [Cobden](https://www.newslocker.com/en-ca/region/cobden/) [Cobourg](https://www.newslocker.com/en-ca/region/cobourg/) [Cochrane](https://www.newslocker.com/en-ca/region/cochrane/) [Colborne](https://www.newslocker.com/en-ca/region/colborne/) [Cold Lake](https://www.newslocker.com/en-ca/region/cold-lake/) [Coldwater](https://www.newslocker.com/en-ca/region/coldwater/) [Cole Harbour](https://www.newslocker.com/en-ca/region/cole-harbour/) [Collingwood](https://www.newslocker.com/en-ca/region/collingwood/) [Colonsay](https://www.newslocker.com/en-ca/region/colonsay/) [Colwood](https://www.newslocker.com/en-ca/region/colwood/) [Comber](https://www.newslocker.com/en-ca/region/comber/) [Comox](https://www.newslocker.com/en-ca/region/comox/) [Conception Bay South](https://www.newslocker.com/en-ca/region/conception-bay-south/) [Concord](https://www.newslocker.com/en-ca/region/concord/) [Consul](https://www.newslocker.com/en-ca/region/consul/) [Contrecoeur](https://www.newslocker.com/en-ca/region/contrecoeur/) [Coquitlam](https://www.newslocker.com/en-ca/region/coquitlam/) [Cordova Bay](https://www.newslocker.com/en-ca/region/cordova-bay/) [Corner Brook](https://www.newslocker.com/en-ca/region/corner-brook/) [Cornwall](https://www.newslocker.com/en-ca/region/cornwall/) [Cote](https://www.newslocker.com/en-ca/region/cote/) [Cote-Saint-Luc](https://www.newslocker.com/en-ca/region/cote-saint-luc/) [Courtenay](https://www.newslocker.com/en-ca/region/courtenay/) [Courtice](https://www.newslocker.com/en-ca/region/courtice/) [Cowansville](https://www.newslocker.com/en-ca/region/cowansville/) [Craik](https://www.newslocker.com/en-ca/region/craik/) [Cranberry Portage](https://www.newslocker.com/en-ca/region/cranberry-portage/) [Cranbrook](https://www.newslocker.com/en-ca/region/cranbrook/) [Creemore](https://www.newslocker.com/en-ca/region/creemore/) [Creighton](https://www.newslocker.com/en-ca/region/creighton/) [Creston](https://www.newslocker.com/en-ca/region/creston/) [Crowsnest Pass](https://www.newslocker.com/en-ca/region/crowsnest-pass/) [Cumberland](https://www.newslocker.com/en-ca/region/cumberland/) [Danville](https://www.newslocker.com/en-ca/region/danville/) [Dartmouth](https://www.newslocker.com/en-ca/region/dartmouth/) [Dauphin](https://www.newslocker.com/en-ca/region/dauphin/) [Dawson](https://www.newslocker.com/en-ca/region/dawson/) [Dawson Creek](https://www.newslocker.com/en-ca/region/dawson-creek/) [Debden](https://www.newslocker.com/en-ca/region/debden/) [Deep River](https://www.newslocker.com/en-ca/region/deep-river/) [Deer Lake](https://www.newslocker.com/en-ca/region/deer-lake/) [Degelis](https://www.newslocker.com/en-ca/region/degelis/) [Deloraine](https://www.newslocker.com/en-ca/region/deloraine/) [Delson](https://www.newslocker.com/en-ca/region/delson/) [Delta](https://www.newslocker.com/en-ca/region/delta/) [Deschambault](https://www.newslocker.com/en-ca/region/deschambault/) [Deseronto](https://www.newslocker.com/en-ca/region/deseronto/) [Deux-Montagnes](https://www.newslocker.com/en-ca/region/deux-montagnes/) [Didsbury](https://www.newslocker.com/en-ca/region/didsbury/) [Dieppe](https://www.newslocker.com/en-ca/region/dieppe/) [Digby](https://www.newslocker.com/en-ca/region/digby/) [Dillon](https://www.newslocker.com/en-ca/region/dillon/) [Doaktown](https://www.newslocker.com/en-ca/region/doaktown/) [Dolbeau-Mistassini](https://www.newslocker.com/en-ca/region/dolbeau-mistassini/) [Dollard-des-Ormeaux](https://www.newslocker.com/en-ca/region/dollard-des-ormeaux/) [Donnacona](https://www.newslocker.com/en-ca/region/donnacona/) [Dorset](https://www.newslocker.com/en-ca/region/dorset/) [Dorval](https://www.newslocker.com/en-ca/region/dorval/) [Drayton Valley](https://www.newslocker.com/en-ca/region/drayton-valley/) [Drumheller](https://www.newslocker.com/en-ca/region/drumheller/) [Drummondville](https://www.newslocker.com/en-ca/region/drummondville/) [Dryden](https://www.newslocker.com/en-ca/region/dryden/) [Dublin](https://www.newslocker.com/en-ca/region/dublin/) [Dubreuilville](https://www.newslocker.com/en-ca/region/dubreuilville/) [Dugald](https://www.newslocker.com/en-ca/region/dugald/) [Duncan](https://www.newslocker.com/en-ca/region/duncan/) [Dunchurch](https://www.newslocker.com/en-ca/region/dunchurch/) [Dundas](https://www.newslocker.com/en-ca/region/dundas/) [Dundurn](https://www.newslocker.com/en-ca/region/dundurn/) [Dunham](https://www.newslocker.com/en-ca/region/dunham/) [Durham](https://www.newslocker.com/en-ca/region/durham/) [Duvernay](https://www.newslocker.com/en-ca/region/duvernay/) [Earlton](https://www.newslocker.com/en-ca/region/earlton/) [East Gwillimbury](https://www.newslocker.com/en-ca/region/east-gwillimbury/) [East York](https://www.newslocker.com/en-ca/region/east-york/) [Eastern Passage](https://www.newslocker.com/en-ca/region/eastern-passage/) [Eastman](https://www.newslocker.com/en-ca/region/eastman/) [Edam](https://www.newslocker.com/en-ca/region/edam/) [Edmonton](https://www.newslocker.com/en-ca/region/edmonton/) [Edmundston](https://www.newslocker.com/en-ca/region/edmundston/) [Edson](https://www.newslocker.com/en-ca/region/edson/) [Eganville](https://www.newslocker.com/en-ca/region/eganville/) [Elfros](https://www.newslocker.com/en-ca/region/elfros/) [Elgin](https://www.newslocker.com/en-ca/region/elgin/) [Elie](https://www.newslocker.com/en-ca/region/elie/) [Elliot Lake](https://www.newslocker.com/en-ca/region/elliot-lake/) [Elmira](https://www.newslocker.com/en-ca/region/elmira/) [Elora](https://www.newslocker.com/en-ca/region/elora/) [Elphinstone](https://www.newslocker.com/en-ca/region/elphinstone/) [Embrun](https://www.newslocker.com/en-ca/region/embrun/) [Enfield](https://www.newslocker.com/en-ca/region/enfield/) [Englehart](https://www.newslocker.com/en-ca/region/englehart/) [Eriksdale](https://www.newslocker.com/en-ca/region/eriksdale/) [Erin](https://www.newslocker.com/en-ca/region/erin/) [Espanola, Ontario](https://www.newslocker.com/en-ca/region/espanola-ontario/) [Espanola, Ontario](https://www.newslocker.com/en-ca/region/espanola-ontario/) [Essex](https://www.newslocker.com/en-ca/region/essex/) [Esterhazy](https://www.newslocker.com/en-ca/region/esterhazy/) [Estevan](https://www.newslocker.com/en-ca/region/estevan/) [Eston](https://www.newslocker.com/en-ca/region/eston/) [Etobicoke](https://www.newslocker.com/en-ca/region/etobicoke/) [Exeter](https://www.newslocker.com/en-ca/region/exeter/) [Fabreville](https://www.newslocker.com/en-ca/region/fabreville/) [Fairview](https://www.newslocker.com/en-ca/region/fairview/) [Fall River](https://www.newslocker.com/en-ca/region/fall-river/) [Farnham](https://www.newslocker.com/en-ca/region/farnham/) [Fatima](https://www.newslocker.com/en-ca/region/fatima/) [Fenwick](https://www.newslocker.com/en-ca/region/fenwick/) [Fergus](https://www.newslocker.com/en-ca/region/fergus/) [Fermont](https://www.newslocker.com/en-ca/region/fermont/) [Fernie](https://www.newslocker.com/en-ca/region/fernie/) [Fillmore](https://www.newslocker.com/en-ca/region/fillmore/) [Fisher Branch](https://www.newslocker.com/en-ca/region/fisher-branch/) [Fleurimont](https://www.newslocker.com/en-ca/region/fleurimont/) [Flin Flon](https://www.newslocker.com/en-ca/region/flin-flon/) [Florenceville](https://www.newslocker.com/en-ca/region/florenceville/) [Forest](https://www.newslocker.com/en-ca/region/forest/) [Fort Erie](https://www.newslocker.com/en-ca/region/fort-erie/) [Fort Frances](https://www.newslocker.com/en-ca/region/fort-frances/) [Fort MacLeod](https://www.newslocker.com/en-ca/region/fort-macleod/) [Fort McMurray](https://www.newslocker.com/en-ca/region/fort-mcmurray/) [Fort Nelson](https://www.newslocker.com/en-ca/region/fort-nelson/) [Fort Providence](https://www.newslocker.com/en-ca/region/fort-providence/) [Fort Saskatchewan](https://www.newslocker.com/en-ca/region/fort-saskatchewan/) [Fort Severn](https://www.newslocker.com/en-ca/region/fort-severn/) [Fort Simpson](https://www.newslocker.com/en-ca/region/fort-simpson/) [Fort St James](https://www.newslocker.com/en-ca/region/fort-st-james/) [Fort St. John](https://www.newslocker.com/en-ca/region/fort-st-john/) [Francois](https://www.newslocker.com/en-ca/region/francois/) [Frankford](https://www.newslocker.com/en-ca/region/frankford/) [Fredericton](https://www.newslocker.com/en-ca/region/fredericton/) [Frontier](https://www.newslocker.com/en-ca/region/frontier/) [Gananoque](https://www.newslocker.com/en-ca/region/gananoque/) [Gander](https://www.newslocker.com/en-ca/region/gander/) [Ganges](https://www.newslocker.com/en-ca/region/ganges/) [Gaspe](https://www.newslocker.com/en-ca/region/gaspe/) [Gatineau](https://www.newslocker.com/en-ca/region/gatineau/) [Georgetown, Ontario](https://www.newslocker.com/en-ca/region/georgetown-ontario/) [Georgetown, Prince Edward Island](https://www.newslocker.com/en-ca/region/georgetown-prince-edward-island/) [Georgina](https://www.newslocker.com/en-ca/region/georgina/) [Geraldton](https://www.newslocker.com/en-ca/region/geraldton/) [Gibsons](https://www.newslocker.com/en-ca/region/gibsons/) [Gillam](https://www.newslocker.com/en-ca/region/gillam/) [Gimli](https://www.newslocker.com/en-ca/region/gimli/) [Gjoa Haven](https://www.newslocker.com/en-ca/region/gjoa-haven/) [Glace Bay](https://www.newslocker.com/en-ca/region/glace-bay/) [Glenboro](https://www.newslocker.com/en-ca/region/glenboro/) [Glencoe](https://www.newslocker.com/en-ca/region/glencoe/) [Gloucester](https://www.newslocker.com/en-ca/region/gloucester/) [Goderich](https://www.newslocker.com/en-ca/region/goderich/) [Goffs](https://www.newslocker.com/en-ca/region/goffs/) [Gold River](https://www.newslocker.com/en-ca/region/gold-river/) [Golden](https://www.newslocker.com/en-ca/region/golden/) [Gormley](https://www.newslocker.com/en-ca/region/gormley/) [Granby](https://www.newslocker.com/en-ca/region/granby/) [Grand Centre](https://www.newslocker.com/en-ca/region/grand-centre/) [Grand Falls-Windsor](https://www.newslocker.com/en-ca/region/grand-falls-windsor/) [Grand Forks](https://www.newslocker.com/en-ca/region/grand-forks/) [Grand Valley](https://www.newslocker.com/en-ca/region/grand-valley/) [Grande Cache](https://www.newslocker.com/en-ca/region/grande-cache/) [Grande Prairie](https://www.newslocker.com/en-ca/region/grande-prairie/) [Grande-Riviere](https://www.newslocker.com/en-ca/region/grande-riviere/) [Gravelbourg](https://www.newslocker.com/en-ca/region/gravelbourg/) [Gravenhurst](https://www.newslocker.com/en-ca/region/gravenhurst/) [Greater Napanee](https://www.newslocker.com/en-ca/region/greater-napanee/) [Greater Sudbury](https://www.newslocker.com/en-ca/region/greater-sudbury/) [Green Valley](https://www.newslocker.com/en-ca/region/green-valley/) [Greenfield Park](https://www.newslocker.com/en-ca/region/greenfield-park/) [Grenville](https://www.newslocker.com/en-ca/region/grenville/) [Griffin](https://www.newslocker.com/en-ca/region/griffin/) [Grimsby](https://www.newslocker.com/en-ca/region/grimsby/) [Grosse Isle](https://www.newslocker.com/en-ca/region/grosse-isle/) [Guelph](https://www.newslocker.com/en-ca/region/guelph/) [Gull Lake](https://www.newslocker.com/en-ca/region/gull-lake/) [Gypsumville](https://www.newslocker.com/en-ca/region/gypsumville/) [Hagersville](https://www.newslocker.com/en-ca/region/hagersville/) [Haldimand](https://www.newslocker.com/en-ca/region/haldimand/) [Haley Station](https://www.newslocker.com/en-ca/region/haley-station/) [Haliburton](https://www.newslocker.com/en-ca/region/haliburton/) [Halton Hills](https://www.newslocker.com/en-ca/region/halton-hills/) [Hamilton](https://www.newslocker.com/en-ca/region/hamilton/) [Haney](https://www.newslocker.com/en-ca/region/haney/) [Hanley](https://www.newslocker.com/en-ca/region/hanley/) [Hanmer](https://www.newslocker.com/en-ca/region/hanmer/) [Hanna](https://www.newslocker.com/en-ca/region/hanna/) [Hanover](https://www.newslocker.com/en-ca/region/hanover/) [Happy Valley-Goose Bay](https://www.newslocker.com/en-ca/region/happy-valley-goose-bay/) [Hawkesbury](https://www.newslocker.com/en-ca/region/hawkesbury/) [Hay River](https://www.newslocker.com/en-ca/region/hay-river/) [Hearst](https://www.newslocker.com/en-ca/region/hearst/) [Heron Bay](https://www.newslocker.com/en-ca/region/heron-bay/) [High Level](https://www.newslocker.com/en-ca/region/high-level/) [High Prairie](https://www.newslocker.com/en-ca/region/high-prairie/) [High River](https://www.newslocker.com/en-ca/region/high-river/) [Hinton](https://www.newslocker.com/en-ca/region/hinton/) [Holland Landing](https://www.newslocker.com/en-ca/region/holland-landing/) [Hope](https://www.newslocker.com/en-ca/region/hope/) [Houston](https://www.newslocker.com/en-ca/region/houston/) [Hubbards](https://www.newslocker.com/en-ca/region/hubbards/) [Hudson](https://www.newslocker.com/en-ca/region/hudson/) [Hudson Bay](https://www.newslocker.com/en-ca/region/hudson-bay/) [Hull](https://www.newslocker.com/en-ca/region/hull/) [Humboldt](https://www.newslocker.com/en-ca/region/humboldt/) [Huntingdon](https://www.newslocker.com/en-ca/region/huntingdon/) [Huntsville](https://www.newslocker.com/en-ca/region/huntsville/) [Huron East](https://www.newslocker.com/en-ca/region/huron-east/) [Igloolik](https://www.newslocker.com/en-ca/region/igloolik/) [Ile-a-la-Crosse](https://www.newslocker.com/en-ca/region/ile-a-la-crosse/) [Indian Head](https://www.newslocker.com/en-ca/region/indian-head/) [Ingersoll](https://www.newslocker.com/en-ca/region/ingersoll/) [Inglewood](https://www.newslocker.com/en-ca/region/inglewood/) [Innisfil](https://www.newslocker.com/en-ca/region/innisfil/) [Inuvik](https://www.newslocker.com/en-ca/region/inuvik/) [Invermere](https://www.newslocker.com/en-ca/region/invermere/) [Iqaluit](https://www.newslocker.com/en-ca/region/iqaluit/) [Iroquois Falls](https://www.newslocker.com/en-ca/region/iroquois-falls/) [Jasper](https://www.newslocker.com/en-ca/region/jasper/) [Joliette](https://www.newslocker.com/en-ca/region/joliette/) [Jonquiere](https://www.newslocker.com/en-ca/region/jonquiere/) [Juniper Station](https://www.newslocker.com/en-ca/region/juniper-station/) [Kahnawake](https://www.newslocker.com/en-ca/region/kahnawake/) [Kamloops](https://www.newslocker.com/en-ca/region/kamloops/) [Kamsack](https://www.newslocker.com/en-ca/region/kamsack/) [Kanata](https://www.newslocker.com/en-ca/region/kanata/) [Kapuskasing](https://www.newslocker.com/en-ca/region/kapuskasing/) [Kaslo](https://www.newslocker.com/en-ca/region/kaslo/) [Kawartha Lakes](https://www.newslocker.com/en-ca/region/kawartha-lakes/) [Keewatin](https://www.newslocker.com/en-ca/region/keewatin/) [Kelowna](https://www.newslocker.com/en-ca/region/kelowna/) [Kemptville](https://www.newslocker.com/en-ca/region/kemptville/) [Kenora](https://www.newslocker.com/en-ca/region/kenora/) [Kentville](https://www.newslocker.com/en-ca/region/kentville/) [Keswick](https://www.newslocker.com/en-ca/region/keswick/) [Killarney](https://www.newslocker.com/en-ca/region/killarney/) [Kimberley](https://www.newslocker.com/en-ca/region/kimberley/) [Kincardine](https://www.newslocker.com/en-ca/region/kincardine/) [Kindersley](https://www.newslocker.com/en-ca/region/kindersley/) [King City](https://www.newslocker.com/en-ca/region/king-city/) [Kingfisher Lake](https://www.newslocker.com/en-ca/region/kingfisher-lake/) [Kingsey Falls](https://www.newslocker.com/en-ca/region/kingsey-falls/) [Kingston](https://www.newslocker.com/en-ca/region/kingston/) [Kingsville](https://www.newslocker.com/en-ca/region/kingsville/) [Kirkland](https://www.newslocker.com/en-ca/region/kirkland/) [Kitchener](https://www.newslocker.com/en-ca/region/kitchener/) [Kitimat](https://www.newslocker.com/en-ca/region/kitimat/) [Komoka](https://www.newslocker.com/en-ca/region/komoka/) [Kuujjuaq](https://www.newslocker.com/en-ca/region/kuujjuaq/) [La Baie](https://www.newslocker.com/en-ca/region/la-baie/) [La Guadeloupe](https://www.newslocker.com/en-ca/region/la-guadeloupe/) [La Loche](https://www.newslocker.com/en-ca/region/la-loche/) [La Malbaie](https://www.newslocker.com/en-ca/region/la-malbaie/) [La Pocatiere](https://www.newslocker.com/en-ca/region/la-pocatiere/) [La Prairie](https://www.newslocker.com/en-ca/region/la-prairie/) [La Romaine](https://www.newslocker.com/en-ca/region/la-romaine/) [La Ronge](https://www.newslocker.com/en-ca/region/la-ronge/) [La Sarre, Quebec](https://www.newslocker.com/en-ca/region/la-sarre-quebec/) [La Sarre, Quebec](https://www.newslocker.com/en-ca/region/la-sarre-quebec/) [La Tuque](https://www.newslocker.com/en-ca/region/la-tuque/) [Labrador City](https://www.newslocker.com/en-ca/region/labrador-city/) [Lac du Bonnet](https://www.newslocker.com/en-ca/region/lac-du-bonnet/) [Lac la Biche](https://www.newslocker.com/en-ca/region/lac-la-biche/) [Lac-Delage](https://www.newslocker.com/en-ca/region/lac-delage/) [Lac-Etchemin](https://www.newslocker.com/en-ca/region/lac-etchemin/) [Lac-Megantic](https://www.newslocker.com/en-ca/region/lac-megantic/) [Lachine](https://www.newslocker.com/en-ca/region/lachine/) [Lachute](https://www.newslocker.com/en-ca/region/lachute/) [Lacombe](https://www.newslocker.com/en-ca/region/lacombe/) [Ladner](https://www.newslocker.com/en-ca/region/ladner/) [Ladysmith](https://www.newslocker.com/en-ca/region/ladysmith/) [Lake Cowichan](https://www.newslocker.com/en-ca/region/lake-cowichan/) [Lakefield](https://www.newslocker.com/en-ca/region/lakefield/) [Lakeshore](https://www.newslocker.com/en-ca/region/lakeshore/) [Lambton](https://www.newslocker.com/en-ca/region/lambton/) [Lambton Shores](https://www.newslocker.com/en-ca/region/lambton-shores/) [Lampman](https://www.newslocker.com/en-ca/region/lampman/) [Langdon](https://www.newslocker.com/en-ca/region/langdon/) [Langley](https://www.newslocker.com/en-ca/region/langley/) [Lantzville](https://www.newslocker.com/en-ca/region/lantzville/) [LaSalle, Ontario](https://www.newslocker.com/en-ca/region/lasalle-ontario/) [Lasalle, Quebec](https://www.newslocker.com/en-ca/region/lasalle-quebec/) [Laurier-Station](https://www.newslocker.com/en-ca/region/laurier-station/) [Laval](https://www.newslocker.com/en-ca/region/laval/) [Lavaltrie](https://www.newslocker.com/en-ca/region/lavaltrie/) [Lawrencetown](https://www.newslocker.com/en-ca/region/lawrencetown/) [Leamington](https://www.newslocker.com/en-ca/region/leamington/) [Leduc](https://www.newslocker.com/en-ca/region/leduc/) [Lemberg](https://www.newslocker.com/en-ca/region/lemberg/) [Lennoxville](https://www.newslocker.com/en-ca/region/lennoxville/) [Les Cedres](https://www.newslocker.com/en-ca/region/les-cedres/) [Lethbridge](https://www.newslocker.com/en-ca/region/lethbridge/) [Levis](https://www.newslocker.com/en-ca/region/levis/) [Lillooet](https://www.newslocker.com/en-ca/region/lillooet/) [Lincoln](https://www.newslocker.com/en-ca/region/lincoln/) [Lindsay](https://www.newslocker.com/en-ca/region/lindsay/) [Listowel](https://www.newslocker.com/en-ca/region/listowel/) [Little Current](https://www.newslocker.com/en-ca/region/little-current/) [Lively](https://www.newslocker.com/en-ca/region/lively/) [Lloydminster, Alberta](https://www.newslocker.com/en-ca/region/lloydminster-alberta/) [Lloydminster, Saskatchewan](https://www.newslocker.com/en-ca/region/lloydminster-saskatchewan/) [Lombardy](https://www.newslocker.com/en-ca/region/lombardy/) [London](https://www.newslocker.com/en-ca/region/london/) [Longueuil](https://www.newslocker.com/en-ca/region/longueuil/) [Lorette](https://www.newslocker.com/en-ca/region/lorette/) [Lorraine](https://www.newslocker.com/en-ca/region/lorraine/) [Louiseville](https://www.newslocker.com/en-ca/region/louiseville/) [Lower Sackville](https://www.newslocker.com/en-ca/region/lower-sackville/) [Lumby](https://www.newslocker.com/en-ca/region/lumby/) [Lundar](https://www.newslocker.com/en-ca/region/lundar/) [MacGregor](https://www.newslocker.com/en-ca/region/macgregor/) [Mackenzie](https://www.newslocker.com/en-ca/region/mackenzie/) [Madoc](https://www.newslocker.com/en-ca/region/madoc/) [Magog](https://www.newslocker.com/en-ca/region/magog/) [Mahone Bay](https://www.newslocker.com/en-ca/region/mahone-bay/) [Manitoba](https://www.newslocker.com/en-ca/region/manitoba/) [Manitou](https://www.newslocker.com/en-ca/region/manitou/) [Manitouwadge](https://www.newslocker.com/en-ca/region/manitouwadge/) [Maniwaki](https://www.newslocker.com/en-ca/region/maniwaki/) [Manotick](https://www.newslocker.com/en-ca/region/manotick/) [Maple](https://www.newslocker.com/en-ca/region/maple/) [Maple Creek](https://www.newslocker.com/en-ca/region/maple-creek/) [Mar](https://www.newslocker.com/en-ca/region/mar/) [Marathon](https://www.newslocker.com/en-ca/region/marathon/) [Maria](https://www.newslocker.com/en-ca/region/maria/) [Marieville](https://www.newslocker.com/en-ca/region/marieville/) [Markdale](https://www.newslocker.com/en-ca/region/markdale/) [Markham](https://www.newslocker.com/en-ca/region/markham/) [Martensville](https://www.newslocker.com/en-ca/region/martensville/) [Mascouche](https://www.newslocker.com/en-ca/region/mascouche/) [Masset](https://www.newslocker.com/en-ca/region/masset/) [Matachewan](https://www.newslocker.com/en-ca/region/matachewan/) [Matane](https://www.newslocker.com/en-ca/region/matane/) [Mattagami](https://www.newslocker.com/en-ca/region/mattagami/) [Mattawa](https://www.newslocker.com/en-ca/region/mattawa/) [Mattice](https://www.newslocker.com/en-ca/region/mattice/) [Maymont](https://www.newslocker.com/en-ca/region/maymont/) [Maynooth](https://www.newslocker.com/en-ca/region/maynooth/) [McBride](https://www.newslocker.com/en-ca/region/mcbride/) [McCreary](https://www.newslocker.com/en-ca/region/mccreary/) [McKellar](https://www.newslocker.com/en-ca/region/mckellar/) [Meadow Lake](https://www.newslocker.com/en-ca/region/meadow-lake/) [Medicine Hat](https://www.newslocker.com/en-ca/region/medicine-hat/) [Melfort](https://www.newslocker.com/en-ca/region/melfort/) [Melville](https://www.newslocker.com/en-ca/region/melville/) [Memramcook](https://www.newslocker.com/en-ca/region/memramcook/) [Mercier](https://www.newslocker.com/en-ca/region/mercier/) [Merrickville-Wolford](https://www.newslocker.com/en-ca/region/merrickville-wolford/) [Merritt](https://www.newslocker.com/en-ca/region/merritt/) [Miami](https://www.newslocker.com/en-ca/region/miami/) [Midhurst](https://www.newslocker.com/en-ca/region/midhurst/) [Midland](https://www.newslocker.com/en-ca/region/midland/) [Mill Bay](https://www.newslocker.com/en-ca/region/mill-bay/) [Millbrook](https://www.newslocker.com/en-ca/region/millbrook/) [Millhaven](https://www.newslocker.com/en-ca/region/millhaven/) [Milton](https://www.newslocker.com/en-ca/region/milton/) [Milverton](https://www.newslocker.com/en-ca/region/milverton/) [Minnedosa](https://www.newslocker.com/en-ca/region/minnedosa/) [Minnitaki](https://www.newslocker.com/en-ca/region/minnitaki/) [Minto](https://www.newslocker.com/en-ca/region/minto/) [Mirabel](https://www.newslocker.com/en-ca/region/mirabel/) [Miramichi](https://www.newslocker.com/en-ca/region/miramichi/) [Mission](https://www.newslocker.com/en-ca/region/mission/) [Mississauga](https://www.newslocker.com/en-ca/region/mississauga/) [Mississippi Mills](https://www.newslocker.com/en-ca/region/mississippi-mills/) [Moncton](https://www.newslocker.com/en-ca/region/moncton/) [Monkland](https://www.newslocker.com/en-ca/region/monkland/) [Mont-Joli](https://www.newslocker.com/en-ca/region/mont-joli/) [Mont-Laurier](https://www.newslocker.com/en-ca/region/mont-laurier/) [Mont-Saint-Hilaire](https://www.newslocker.com/en-ca/region/mont-saint-hilaire/) [Mont-Tremblant](https://www.newslocker.com/en-ca/region/mont-tremblant/) [Montebello](https://www.newslocker.com/en-ca/region/montebello/) [Montmagny](https://www.newslocker.com/en-ca/region/montmagny/) [Montreal](https://www.newslocker.com/en-ca/region/montreal/) [Moose Creek](https://www.newslocker.com/en-ca/region/moose-creek/) [Moose Jaw](https://www.newslocker.com/en-ca/region/moose-jaw/) [Moosehorn](https://www.newslocker.com/en-ca/region/moosehorn/) [Moosomin](https://www.newslocker.com/en-ca/region/moosomin/) [Moosonee](https://www.newslocker.com/en-ca/region/moosonee/) [Morden](https://www.newslocker.com/en-ca/region/morden/) [Morinville](https://www.newslocker.com/en-ca/region/morinville/) [Morris](https://www.newslocker.com/en-ca/region/morris/) [Morrisburg](https://www.newslocker.com/en-ca/region/morrisburg/) [Mount Albert](https://www.newslocker.com/en-ca/region/mount-albert/) [Mount Hope](https://www.newslocker.com/en-ca/region/mount-hope/) [Mount Pearl](https://www.newslocker.com/en-ca/region/mount-pearl/) [Mount Pisgah](https://www.newslocker.com/en-ca/region/mount-pisgah/) [Mount Royal](https://www.newslocker.com/en-ca/region/mount-royal/) [Muenster](https://www.newslocker.com/en-ca/region/muenster/) [Munson](https://www.newslocker.com/en-ca/region/munson/) [Nanaimo](https://www.newslocker.com/en-ca/region/nanaimo/) [Napierville](https://www.newslocker.com/en-ca/region/napierville/) [Naramata](https://www.newslocker.com/en-ca/region/naramata/) [Neepawa](https://www.newslocker.com/en-ca/region/neepawa/) [Nelson](https://www.newslocker.com/en-ca/region/nelson/) [Nelson House](https://www.newslocker.com/en-ca/region/nelson-house/) [Nepean](https://www.newslocker.com/en-ca/region/nepean/) [New Brunswick](https://www.newslocker.com/en-ca/region/new-brunswick/) [New Carlisle](https://www.newslocker.com/en-ca/region/new-carlisle/) [New Dundee](https://www.newslocker.com/en-ca/region/new-dundee/) [New Glasgow](https://www.newslocker.com/en-ca/region/new-glasgow/) [New Hamburg](https://www.newslocker.com/en-ca/region/new-hamburg/) [New Liskeard](https://www.newslocker.com/en-ca/region/new-liskeard/) [New Minas](https://www.newslocker.com/en-ca/region/new-minas/) [New Richmond](https://www.newslocker.com/en-ca/region/new-richmond/) [New Tecumseth](https://www.newslocker.com/en-ca/region/new-tecumseth/) [New Westminster](https://www.newslocker.com/en-ca/region/new-westminster/) [Newcastle, New Brunswick](https://www.newslocker.com/en-ca/region/newcastle-new-brunswick/) [Newcastle, Ontario](https://www.newslocker.com/en-ca/region/newcastle-ontario/) [Newfoundland and Labrador](https://www.newslocker.com/en-ca/region/newfoundland-and-labrador/) [Newmarket](https://www.newslocker.com/en-ca/region/newmarket/) [Newton](https://www.newslocker.com/en-ca/region/newton/) [Niagara Falls](https://www.newslocker.com/en-ca/region/niagara-falls/) [Niagara-on-the-Lake](https://www.newslocker.com/en-ca/region/niagara-on-the-lake/) [Nicolet](https://www.newslocker.com/en-ca/region/nicolet/) [Nigadoo](https://www.newslocker.com/en-ca/region/nigadoo/) [Nipawin](https://www.newslocker.com/en-ca/region/nipawin/) [Nipigon](https://www.newslocker.com/en-ca/region/nipigon/) [Nisku](https://www.newslocker.com/en-ca/region/nisku/) [Niverville](https://www.newslocker.com/en-ca/region/niverville/) [Nobleton](https://www.newslocker.com/en-ca/region/nobleton/) [Noelville](https://www.newslocker.com/en-ca/region/noelville/) [Norman Wells](https://www.newslocker.com/en-ca/region/norman-wells/) [Norquay](https://www.newslocker.com/en-ca/region/norquay/) [North Battleford](https://www.newslocker.com/en-ca/region/north-battleford/) [North Bay](https://www.newslocker.com/en-ca/region/north-bay/) [North Portal](https://www.newslocker.com/en-ca/region/north-portal/) [North Saanich](https://www.newslocker.com/en-ca/region/north-saanich/) [North Sydney](https://www.newslocker.com/en-ca/region/north-sydney/) [North Vancouver](https://www.newslocker.com/en-ca/region/north-vancouver/) [North York](https://www.newslocker.com/en-ca/region/north-york/) [Norval](https://www.newslocker.com/en-ca/region/norval/) [Norwich](https://www.newslocker.com/en-ca/region/norwich/) [Notre-Dame-du-Bon-Conseil](https://www.newslocker.com/en-ca/region/notre-dame-du-bon-conseil/) [Nova Scotia](https://www.newslocker.com/en-ca/region/nova-scotia/) [Oak Bluff](https://www.newslocker.com/en-ca/region/oak-bluff/) [Oakville](https://www.newslocker.com/en-ca/region/oakville/) [Okotoks](https://www.newslocker.com/en-ca/region/okotoks/) [Olds](https://www.newslocker.com/en-ca/region/olds/) [Oliver](https://www.newslocker.com/en-ca/region/oliver/) [Onanole](https://www.newslocker.com/en-ca/region/onanole/) [Ontario](https://www.newslocker.com/en-ca/region/ontario/) [Orangeville](https://www.newslocker.com/en-ca/region/orangeville/) [Orillia](https://www.newslocker.com/en-ca/region/orillia/) [Oromocto](https://www.newslocker.com/en-ca/region/oromocto/) [Oshawa](https://www.newslocker.com/en-ca/region/oshawa/) [Osoyoos](https://www.newslocker.com/en-ca/region/osoyoos/) [Ottawa](https://www.newslocker.com/en-ca/region/ottawa/) [Otterburne](https://www.newslocker.com/en-ca/region/otterburne/) [Outlook](https://www.newslocker.com/en-ca/region/outlook/) [Outremont](https://www.newslocker.com/en-ca/region/outremont/) [Owen Sound](https://www.newslocker.com/en-ca/region/owen-sound/) [Pangnirtung](https://www.newslocker.com/en-ca/region/pangnirtung/) [Papineauville](https://www.newslocker.com/en-ca/region/papineauville/) [Paquetville](https://www.newslocker.com/en-ca/region/paquetville/) [Paradise](https://www.newslocker.com/en-ca/region/paradise/) [Paris](https://www.newslocker.com/en-ca/region/paris/) [Parksville](https://www.newslocker.com/en-ca/region/parksville/) [Parry Sound](https://www.newslocker.com/en-ca/region/parry-sound/) [Pawitik](https://www.newslocker.com/en-ca/region/pawitik/) [Peace River](https://www.newslocker.com/en-ca/region/peace-river/) [Pelham](https://www.newslocker.com/en-ca/region/pelham/) [Pembroke](https://www.newslocker.com/en-ca/region/pembroke/) [Penetanguishene](https://www.newslocker.com/en-ca/region/penetanguishene/) [Penticton](https://www.newslocker.com/en-ca/region/penticton/) [Perce](https://www.newslocker.com/en-ca/region/perce/) [Perth](https://www.newslocker.com/en-ca/region/perth/) [Petawawa](https://www.newslocker.com/en-ca/region/petawawa/) [Peterborough](https://www.newslocker.com/en-ca/region/peterborough/) [Pickering](https://www.newslocker.com/en-ca/region/pickering/) [Picton](https://www.newslocker.com/en-ca/region/picton/) [Pictou](https://www.newslocker.com/en-ca/region/pictou/) [Piedmont](https://www.newslocker.com/en-ca/region/piedmont/) [Pierrefonds-Roxboro](https://www.newslocker.com/en-ca/region/pierrefonds-roxboro/) [Pinawa](https://www.newslocker.com/en-ca/region/pinawa/) [Pincher Creek](https://www.newslocker.com/en-ca/region/pincher-creek/) [Pincourt](https://www.newslocker.com/en-ca/region/pincourt/) [Pine Falls](https://www.newslocker.com/en-ca/region/pine-falls/) [Pohenegamook](https://www.newslocker.com/en-ca/region/pohenegamook/) [Point Edward](https://www.newslocker.com/en-ca/region/point-edward/) [Pointe-a-la-Croix](https://www.newslocker.com/en-ca/region/pointe-a-la-croix/) [Pointe-aux-Outardes](https://www.newslocker.com/en-ca/region/pointe-aux-outardes/) [Pointe-aux-Trembles](https://www.newslocker.com/en-ca/region/pointe-aux-trembles/) [Pointe-Claire](https://www.newslocker.com/en-ca/region/pointe-claire/) [Pond Inlet](https://www.newslocker.com/en-ca/region/pond-inlet/) [Ponoka](https://www.newslocker.com/en-ca/region/ponoka/) [Pont-Rouge](https://www.newslocker.com/en-ca/region/pont-rouge/) [Poplar Hill](https://www.newslocker.com/en-ca/region/poplar-hill/) [Port Alberni](https://www.newslocker.com/en-ca/region/port-alberni/) [Port Colborne](https://www.newslocker.com/en-ca/region/port-colborne/) [Port Coquitlam](https://www.newslocker.com/en-ca/region/port-coquitlam/) [Port Elgin](https://www.newslocker.com/en-ca/region/port-elgin/) [Port Hardy](https://www.newslocker.com/en-ca/region/port-hardy/) [Port Hawkesbury](https://www.newslocker.com/en-ca/region/port-hawkesbury/) [Port Hope](https://www.newslocker.com/en-ca/region/port-hope/) [Port McNicoll](https://www.newslocker.com/en-ca/region/port-mcnicoll/) [Port Mellon](https://www.newslocker.com/en-ca/region/port-mellon/) [Port Moody](https://www.newslocker.com/en-ca/region/port-moody/) [Port Perry](https://www.newslocker.com/en-ca/region/port-perry/) [Port-Cartier](https://www.newslocker.com/en-ca/region/port-cartier/) [Portage la Prairie](https://www.newslocker.com/en-ca/region/portage-la-prairie/) [Portneuf](https://www.newslocker.com/en-ca/region/portneuf/) [Postville](https://www.newslocker.com/en-ca/region/postville/) [Powell River](https://www.newslocker.com/en-ca/region/powell-river/) [Prescott](https://www.newslocker.com/en-ca/region/prescott/) [Prevost](https://www.newslocker.com/en-ca/region/prevost/) [Prince Albert](https://www.newslocker.com/en-ca/region/prince-albert/) [Prince Edward](https://www.newslocker.com/en-ca/region/prince-edward/) [Prince Edward Island](https://www.newslocker.com/en-ca/region/prince-edward-island/) [Prince George](https://www.newslocker.com/en-ca/region/prince-george/) [Prince Rupert](https://www.newslocker.com/en-ca/region/prince-rupert/) [Princeton](https://www.newslocker.com/en-ca/region/princeton/) [Provost](https://www.newslocker.com/en-ca/region/provost/) [Quebec](https://www.newslocker.com/en-ca/region/quebec/) [Quebec City](https://www.newslocker.com/en-ca/region/quebec-city/) [Queen Charlotte](https://www.newslocker.com/en-ca/region/queen-charlotte/) [Quesnel](https://www.newslocker.com/en-ca/region/quesnel/) [Quinte West](https://www.newslocker.com/en-ca/region/quinte-west/) [Quispamsis](https://www.newslocker.com/en-ca/region/quispamsis/) [Radville](https://www.newslocker.com/en-ca/region/radville/) [Rae](https://www.newslocker.com/en-ca/region/rae/) [Rainy River](https://www.newslocker.com/en-ca/region/rainy-river/) [Raith](https://www.newslocker.com/en-ca/region/raith/) [Rankin Inlet](https://www.newslocker.com/en-ca/region/rankin-inlet/) [Red Deer](https://www.newslocker.com/en-ca/region/red-deer/) [Red Lake](https://www.newslocker.com/en-ca/region/red-lake/) [Redcliff](https://www.newslocker.com/en-ca/region/redcliff/) [Redwood Meadows](https://www.newslocker.com/en-ca/region/redwood-meadows/) [Regina](https://www.newslocker.com/en-ca/region/regina/) [Renfrew](https://www.newslocker.com/en-ca/region/renfrew/) [Repentigny](https://www.newslocker.com/en-ca/region/repentigny/) [Revelstoke](https://www.newslocker.com/en-ca/region/revelstoke/) [Rexton](https://www.newslocker.com/en-ca/region/rexton/) [Richelieu](https://www.newslocker.com/en-ca/region/richelieu/) [Richibucto](https://www.newslocker.com/en-ca/region/richibucto/) [Richibucto Road](https://www.newslocker.com/en-ca/region/richibucto-road/) [Richmond Hill](https://www.newslocker.com/en-ca/region/richmond-hill/) [Richmond, British Columbia](https://www.newslocker.com/en-ca/region/richmond-british-columbia/) [Richmond, Ontario](https://www.newslocker.com/en-ca/region/richmond-ontario/) [Richmond, Quebec](https://www.newslocker.com/en-ca/region/richmond-quebec/) [Rimbey](https://www.newslocker.com/en-ca/region/rimbey/) [Rimouski](https://www.newslocker.com/en-ca/region/rimouski/) [Ripley](https://www.newslocker.com/en-ca/region/ripley/) [Rivers](https://www.newslocker.com/en-ca/region/rivers/) [Riviere-du-Loup](https://www.newslocker.com/en-ca/region/riviere-du-loup/) [Roberts Creek](https://www.newslocker.com/en-ca/region/roberts-creek/) [Roberval](https://www.newslocker.com/en-ca/region/roberval/) [Rocanville](https://www.newslocker.com/en-ca/region/rocanville/) [Rockglen](https://www.newslocker.com/en-ca/region/rockglen/) [Rockland](https://www.newslocker.com/en-ca/region/rockland/) [Rocky Mountain House](https://www.newslocker.com/en-ca/region/rocky-mountain-house/) [Rosemere](https://www.newslocker.com/en-ca/region/rosemere/) [Rosetown](https://www.newslocker.com/en-ca/region/rosetown/) [Rossport](https://www.newslocker.com/en-ca/region/rossport/) [Rothesay](https://www.newslocker.com/en-ca/region/rothesay/) [Rouyn-Noranda](https://www.newslocker.com/en-ca/region/rouyn-noranda/) [Russell, Manitoba](https://www.newslocker.com/en-ca/region/russell-manitoba/) [Russell, Ontario](https://www.newslocker.com/en-ca/region/russell-ontario/) [Saanich](https://www.newslocker.com/en-ca/region/saanich/) [Sackville](https://www.newslocker.com/en-ca/region/sackville/) [Saguenay](https://www.newslocker.com/en-ca/region/saguenay/) [Saint George](https://www.newslocker.com/en-ca/region/saint-george/) [Saint John](https://www.newslocker.com/en-ca/region/saint-john/) [Saint Paul](https://www.newslocker.com/en-ca/region/saint-paul/) [Saint Stephen](https://www.newslocker.com/en-ca/region/saint-stephen/) [Saint-Alphonse-de-Granby](https://www.newslocker.com/en-ca/region/saint-alphonse-de-granby/) [Saint-Augustin](https://www.newslocker.com/en-ca/region/saint-augustin/) [Saint-Basile-le-Grand](https://www.newslocker.com/en-ca/region/saint-basile-le-grand/) [Saint-Boniface](https://www.newslocker.com/en-ca/region/saint-boniface/) [Saint-Cesaire](https://www.newslocker.com/en-ca/region/saint-cesaire/) [Saint-Constant](https://www.newslocker.com/en-ca/region/saint-constant/) [Saint-Elzear](https://www.newslocker.com/en-ca/region/saint-elzear/) [Saint-Eustache](https://www.newslocker.com/en-ca/region/saint-eustache/) [Saint-Felicien](https://www.newslocker.com/en-ca/region/saint-felicien/) [Saint-Georges](https://www.newslocker.com/en-ca/region/saint-georges/) [Saint-Hubert](https://www.newslocker.com/en-ca/region/saint-hubert/) [Saint-Hyacinthe](https://www.newslocker.com/en-ca/region/saint-hyacinthe/) [Saint-Jean-Chrysostome](https://www.newslocker.com/en-ca/region/saint-jean-chrysostome/) [Saint-Jean-sur-Richelieu](https://www.newslocker.com/en-ca/region/saint-jean-sur-richelieu/) [Saint-Jerome](https://www.newslocker.com/en-ca/region/saint-jerome/) [Saint-Joseph-de-Beauce](https://www.newslocker.com/en-ca/region/saint-joseph-de-beauce/) [Saint-Lambert](https://www.newslocker.com/en-ca/region/saint-lambert/) [Saint-Laurent](https://www.newslocker.com/en-ca/region/saint-laurent/) [Saint-Lin-Laurentides](https://www.newslocker.com/en-ca/region/saint-lin-laurentides/) [Saint-Louis de Kent](https://www.newslocker.com/en-ca/region/saint-louis-de-kent/) [Saint-Malo](https://www.newslocker.com/en-ca/region/saint-malo/) [Saint-Mathieu-de-Beloeil](https://www.newslocker.com/en-ca/region/saint-mathieu-de-beloeil/) [Saint-Pascal](https://www.newslocker.com/en-ca/region/saint-pascal/) [Saint-Paul](https://www.newslocker.com/en-ca/region/saint-paul/) [Saint-Pie](https://www.newslocker.com/en-ca/region/saint-pie/) [Saint-Pierre](https://www.newslocker.com/en-ca/region/saint-pierre/) [Saint-Quentin](https://www.newslocker.com/en-ca/region/saint-quentin/) [Saint-Raymond](https://www.newslocker.com/en-ca/region/saint-raymond/) [Saint-Remi](https://www.newslocker.com/en-ca/region/saint-remi/) [Saint-Sauveur](https://www.newslocker.com/en-ca/region/saint-sauveur/) [Sainte-Adele](https://www.newslocker.com/en-ca/region/sainte-adele/) [Sainte-Agathe-des-Monts](https://www.newslocker.com/en-ca/region/sainte-agathe-des-monts/) [Sainte-Anne-de-Bellevue](https://www.newslocker.com/en-ca/region/sainte-anne-de-bellevue/) [Sainte-Anne-des-Monts--Tourelle](https://www.newslocker.com/en-ca/region/sainte-anne-des-monts--tourelle/) [Sainte-Anne-des-Plaines](https://www.newslocker.com/en-ca/region/sainte-anne-des-plaines/) [Sainte-Catherine](https://www.newslocker.com/en-ca/region/sainte-catherine/) [Sainte-Catherine-de-la-Jacques-Cartier](https://www.newslocker.com/en-ca/region/sainte-catherine-de-la-jacques-cartier/) [Sainte-Claire](https://www.newslocker.com/en-ca/region/sainte-claire/) [Sainte-Croix](https://www.newslocker.com/en-ca/region/sainte-croix/) [Sainte-Dorothee](https://www.newslocker.com/en-ca/region/sainte-dorothee/) [Sainte-Julie](https://www.newslocker.com/en-ca/region/sainte-julie/) [Sainte-Marguerite-du-Lac-Masson](https://www.newslocker.com/en-ca/region/sainte-marguerite-du-lac-masson/) [Sainte-Marie](https://www.newslocker.com/en-ca/region/sainte-marie/) [Sainte-Marthe-sur-le-Lac](https://www.newslocker.com/en-ca/region/sainte-marthe-sur-le-lac/) [Sainte-Therese](https://www.newslocker.com/en-ca/region/sainte-therese/) [Salaberry-de-Valleyfield](https://www.newslocker.com/en-ca/region/salaberry-de-valleyfield/) [Salmon Arm](https://www.newslocker.com/en-ca/region/salmon-arm/) [Sandy Lake](https://www.newslocker.com/en-ca/region/sandy-lake/) [Sarnia](https://www.newslocker.com/en-ca/region/sarnia/) [Saskatchewan](https://www.newslocker.com/en-ca/region/saskatchewan/) [Saskatoon](https://www.newslocker.com/en-ca/region/saskatoon/) [Saugeen Shores](https://www.newslocker.com/en-ca/region/saugeen-shores/) [Sault Ste. Marie](https://www.newslocker.com/en-ca/region/sault-ste-marie/) [Sault-au-Mouton](https://www.newslocker.com/en-ca/region/sault-au-mouton/) [Scarborough](https://www.newslocker.com/en-ca/region/scarborough/) [Schomberg](https://www.newslocker.com/en-ca/region/schomberg/) [Schumacher](https://www.newslocker.com/en-ca/region/schumacher/) [Scott](https://www.newslocker.com/en-ca/region/scott/) [Selkirk](https://www.newslocker.com/en-ca/region/selkirk/) [Sept-Iles](https://www.newslocker.com/en-ca/region/sept-iles/) [Shaunavon](https://www.newslocker.com/en-ca/region/shaunavon/) [Shawinigan](https://www.newslocker.com/en-ca/region/shawinigan/) [Shawnigan Lake](https://www.newslocker.com/en-ca/region/shawnigan-lake/) [Shediac](https://www.newslocker.com/en-ca/region/shediac/) [Sheet Harbour](https://www.newslocker.com/en-ca/region/sheet-harbour/) [Shelburne, Nova Scotia](https://www.newslocker.com/en-ca/region/shelburne-nova-scotia/) [Shelburne, Ontario](https://www.newslocker.com/en-ca/region/shelburne-ontario/) [Shellbrook](https://www.newslocker.com/en-ca/region/shellbrook/) [Sherbrooke](https://www.newslocker.com/en-ca/region/sherbrooke/) [Sherwood Park](https://www.newslocker.com/en-ca/region/sherwood-park/) [Shippagan](https://www.newslocker.com/en-ca/region/shippagan/) [Shoal Lake](https://www.newslocker.com/en-ca/region/shoal-lake/) [Sicamous](https://www.newslocker.com/en-ca/region/sicamous/) [Sidney](https://www.newslocker.com/en-ca/region/sidney/) [Simcoe](https://www.newslocker.com/en-ca/region/simcoe/) [Sioux Lookout](https://www.newslocker.com/en-ca/region/sioux-lookout/) [Slave Lake](https://www.newslocker.com/en-ca/region/slave-lake/) [Smithers](https://www.newslocker.com/en-ca/region/smithers/) [Smiths Falls](https://www.newslocker.com/en-ca/region/smiths-falls/) [Smithville](https://www.newslocker.com/en-ca/region/smithville/) [Smooth Rock Falls](https://www.newslocker.com/en-ca/region/smooth-rock-falls/) [Snow Lake](https://www.newslocker.com/en-ca/region/snow-lake/) [Sorel](https://www.newslocker.com/en-ca/region/sorel/) [Souris](https://www.newslocker.com/en-ca/region/souris/) [South Bruce Peninsula](https://www.newslocker.com/en-ca/region/south-bruce-peninsula/) [South Lancaster](https://www.newslocker.com/en-ca/region/south-lancaster/) [South Porcupine](https://www.newslocker.com/en-ca/region/south-porcupine/) [South River](https://www.newslocker.com/en-ca/region/south-river/) [South Slocan](https://www.newslocker.com/en-ca/region/south-slocan/) [Sparwood](https://www.newslocker.com/en-ca/region/sparwood/) [Springdale](https://www.newslocker.com/en-ca/region/springdale/) [Spruce Grove](https://www.newslocker.com/en-ca/region/spruce-grove/) [Squamish](https://www.newslocker.com/en-ca/region/squamish/) [St-Bruno-de-Montarville](https://www.newslocker.com/en-ca/region/st-bruno-de-montarville/) [St-Lazare](https://www.newslocker.com/en-ca/region/st-lazare/) [St-Tite](https://www.newslocker.com/en-ca/region/st-tite/) [St. Albert](https://www.newslocker.com/en-ca/region/st-albert/) [St. Catharines](https://www.newslocker.com/en-ca/region/st-catharines/) [St. Jacobs](https://www.newslocker.com/en-ca/region/st-jacobs/) [St. Leonard](https://www.newslocker.com/en-ca/region/st-leonard/) [St. Marys](https://www.newslocker.com/en-ca/region/st-marys/) [St. Thomas](https://www.newslocker.com/en-ca/region/st-thomas/) [Stanstead](https://www.newslocker.com/en-ca/region/stanstead/) [Ste. Agathe](https://www.newslocker.com/en-ca/region/ste-agathe/) [Ste. Anne](https://www.newslocker.com/en-ca/region/ste-anne/) [Steinbach](https://www.newslocker.com/en-ca/region/steinbach/) [Stellarton](https://www.newslocker.com/en-ca/region/stellarton/) [Stephenville](https://www.newslocker.com/en-ca/region/stephenville/) [Stettler](https://www.newslocker.com/en-ca/region/stettler/) [Stevensville](https://www.newslocker.com/en-ca/region/stevensville/) [Steveston](https://www.newslocker.com/en-ca/region/steveston/) [Stirling](https://www.newslocker.com/en-ca/region/stirling/) [Stittsville](https://www.newslocker.com/en-ca/region/stittsville/) [Stonewall](https://www.newslocker.com/en-ca/region/stonewall/) [Stoney Creek](https://www.newslocker.com/en-ca/region/stoney-creek/) [Stony Mountain](https://www.newslocker.com/en-ca/region/stony-mountain/) [Stony Plain](https://www.newslocker.com/en-ca/region/stony-plain/) [Stratford](https://www.newslocker.com/en-ca/region/stratford/) [Strathroy](https://www.newslocker.com/en-ca/region/strathroy/) [Summerland](https://www.newslocker.com/en-ca/region/summerland/) [Summerside](https://www.newslocker.com/en-ca/region/summerside/) [Sundre](https://www.newslocker.com/en-ca/region/sundre/) [Surrey](https://www.newslocker.com/en-ca/region/surrey/) [Sussex](https://www.newslocker.com/en-ca/region/sussex/) [Sutton](https://www.newslocker.com/en-ca/region/sutton/) [Swan Hills](https://www.newslocker.com/en-ca/region/swan-hills/) [Swan Lake](https://www.newslocker.com/en-ca/region/swan-lake/) [Swan River](https://www.newslocker.com/en-ca/region/swan-river/) [Swift Current](https://www.newslocker.com/en-ca/region/swift-current/) [Sydney](https://www.newslocker.com/en-ca/region/sydney/) [Sylvan Lake](https://www.newslocker.com/en-ca/region/sylvan-lake/) [Taber](https://www.newslocker.com/en-ca/region/taber/) [Tadoussac](https://www.newslocker.com/en-ca/region/tadoussac/) [Tecumseh](https://www.newslocker.com/en-ca/region/tecumseh/) [Tees](https://www.newslocker.com/en-ca/region/tees/) [Temiscaming](https://www.newslocker.com/en-ca/region/temiscaming/) [Temiscouata-sur-le-Lac](https://www.newslocker.com/en-ca/region/temiscouata-sur-le-lac/) [Terence Bay](https://www.newslocker.com/en-ca/region/terence-bay/) [Terrace](https://www.newslocker.com/en-ca/region/terrace/) [Terrace Bay](https://www.newslocker.com/en-ca/region/terrace-bay/) [Terrebonne](https://www.newslocker.com/en-ca/region/terrebonne/) [Teulon](https://www.newslocker.com/en-ca/region/teulon/) [The Pas](https://www.newslocker.com/en-ca/region/the-pas/) [Thessalon](https://www.newslocker.com/en-ca/region/thessalon/) [Thetford Mines](https://www.newslocker.com/en-ca/region/thetford-mines/) [Thompson](https://www.newslocker.com/en-ca/region/thompson/) [Thornbury](https://www.newslocker.com/en-ca/region/thornbury/) [Thornhill](https://www.newslocker.com/en-ca/region/thornhill/) [Thorold](https://www.newslocker.com/en-ca/region/thorold/) [Three Hills](https://www.newslocker.com/en-ca/region/three-hills/) [Thunder Bay](https://www.newslocker.com/en-ca/region/thunder-bay/) [Tignish](https://www.newslocker.com/en-ca/region/tignish/) [Tillsonburg](https://www.newslocker.com/en-ca/region/tillsonburg/) [Timberlea](https://www.newslocker.com/en-ca/region/timberlea/) [Timmins](https://www.newslocker.com/en-ca/region/timmins/) [Tisdale](https://www.newslocker.com/en-ca/region/tisdale/) [Tofield](https://www.newslocker.com/en-ca/region/tofield/) [Toronto](https://www.newslocker.com/en-ca/region/toronto/) [Tracadie-Sheila](https://www.newslocker.com/en-ca/region/tracadie-sheila/) [Trail](https://www.newslocker.com/en-ca/region/trail/) [Treherne](https://www.newslocker.com/en-ca/region/treherne/) [Trent Hills](https://www.newslocker.com/en-ca/region/trent-hills/) [Trenton](https://www.newslocker.com/en-ca/region/trenton/) [Trois-Pistoles](https://www.newslocker.com/en-ca/region/trois-pistoles/) [Trois-Rivieres](https://www.newslocker.com/en-ca/region/trois-rivieres/) [Trout Lake](https://www.newslocker.com/en-ca/region/trout-lake/) [Troy](https://www.newslocker.com/en-ca/region/troy/) [Truro](https://www.newslocker.com/en-ca/region/truro/) [Tsawwassen](https://www.newslocker.com/en-ca/region/tsawwassen/) [Ucluelet](https://www.newslocker.com/en-ca/region/ucluelet/) [Unity](https://www.newslocker.com/en-ca/region/unity/) [Upper Hammonds Plains](https://www.newslocker.com/en-ca/region/upper-hammonds-plains/) [Utica](https://www.newslocker.com/en-ca/region/utica/) [Val Caron](https://www.newslocker.com/en-ca/region/val-caron/) [Val-Morin](https://www.newslocker.com/en-ca/region/val-morin/) [Valcourt](https://www.newslocker.com/en-ca/region/valcourt/) [Valemount](https://www.newslocker.com/en-ca/region/valemount/) [Vallee-Jonction](https://www.newslocker.com/en-ca/region/vallee-jonction/) [Valleyfield](https://www.newslocker.com/en-ca/region/valleyfield/) [Valleyview](https://www.newslocker.com/en-ca/region/valleyview/) [Vancouver](https://www.newslocker.com/en-ca/region/vancouver/) [Vanderhoof](https://www.newslocker.com/en-ca/region/vanderhoof/) [Vanier](https://www.newslocker.com/en-ca/region/vanier/) [Vankleek Hill](https://www.newslocker.com/en-ca/region/vankleek-hill/) [Varennes](https://www.newslocker.com/en-ca/region/varennes/) [Vaudreuil-Dorion](https://www.newslocker.com/en-ca/region/vaudreuil-dorion/) [Vaughan](https://www.newslocker.com/en-ca/region/vaughan/) [Vegreville](https://www.newslocker.com/en-ca/region/vegreville/) [Verdun](https://www.newslocker.com/en-ca/region/verdun/) [Vermilion](https://www.newslocker.com/en-ca/region/vermilion/) [Vernon](https://www.newslocker.com/en-ca/region/vernon/) [Victoria](https://www.newslocker.com/en-ca/region/victoria/) [Victoriaville](https://www.newslocker.com/en-ca/region/victoriaville/) [View Royal](https://www.newslocker.com/en-ca/region/view-royal/) [Ville-Marie](https://www.newslocker.com/en-ca/region/ville-marie/) [Virden](https://www.newslocker.com/en-ca/region/virden/) [Wabush](https://www.newslocker.com/en-ca/region/wabush/) [Wadena](https://www.newslocker.com/en-ca/region/wadena/) [Wainfleet](https://www.newslocker.com/en-ca/region/wainfleet/) [Wainwright](https://www.newslocker.com/en-ca/region/wainwright/) [Wallaceburg](https://www.newslocker.com/en-ca/region/wallaceburg/) [Warman](https://www.newslocker.com/en-ca/region/warman/) [Warwick](https://www.newslocker.com/en-ca/region/warwick/) [Waswanipi](https://www.newslocker.com/en-ca/region/waswanipi/) [Waterford](https://www.newslocker.com/en-ca/region/waterford/) [Waterloo, Ontario](https://www.newslocker.com/en-ca/region/waterloo-ontario/) [Waterloo, Quebec](https://www.newslocker.com/en-ca/region/waterloo-quebec/) [Waterville](https://www.newslocker.com/en-ca/region/waterville/) [Wawa](https://www.newslocker.com/en-ca/region/wawa/) [Wawanesa](https://www.newslocker.com/en-ca/region/wawanesa/) [Webequie](https://www.newslocker.com/en-ca/region/webequie/) [Weekes](https://www.newslocker.com/en-ca/region/weekes/) [Wekweti](https://www.newslocker.com/en-ca/region/wekweti/) [Welland](https://www.newslocker.com/en-ca/region/welland/) [Welshpool](https://www.newslocker.com/en-ca/region/welshpool/) [West Bay](https://www.newslocker.com/en-ca/region/west-bay/) [West Nipissing](https://www.newslocker.com/en-ca/region/west-nipissing/) [West Vancouver](https://www.newslocker.com/en-ca/region/west-vancouver/) [Westlock](https://www.newslocker.com/en-ca/region/westlock/) [Westmount](https://www.newslocker.com/en-ca/region/westmount/) [Wetaskiwin](https://www.newslocker.com/en-ca/region/wetaskiwin/) [Weyburn](https://www.newslocker.com/en-ca/region/weyburn/) [Weymouth](https://www.newslocker.com/en-ca/region/weymouth/) [Whistler](https://www.newslocker.com/en-ca/region/whistler/) [Whitby](https://www.newslocker.com/en-ca/region/whitby/) [Whitchurch-Stouffville](https://www.newslocker.com/en-ca/region/whitchurch-stouffville/) [White Rock](https://www.newslocker.com/en-ca/region/white-rock/) [Whitecourt](https://www.newslocker.com/en-ca/region/whitecourt/) [Whitehorse](https://www.newslocker.com/en-ca/region/whitehorse/) [Whitewood](https://www.newslocker.com/en-ca/region/whitewood/) [Wilcox](https://www.newslocker.com/en-ca/region/wilcox/) [Wilkie](https://www.newslocker.com/en-ca/region/wilkie/) [Williams Lake](https://www.newslocker.com/en-ca/region/williams-lake/) [Windsor, Nova Scotia](https://www.newslocker.com/en-ca/region/windsor-nova-scotia/) [Windsor, Ontario](https://www.newslocker.com/en-ca/region/windsor-ontario/) [Windsor, Quebec](https://www.newslocker.com/en-ca/region/windsor-quebec/) [Wingham](https://www.newslocker.com/en-ca/region/wingham/) [Winkler](https://www.newslocker.com/en-ca/region/winkler/) [Winnipeg](https://www.newslocker.com/en-ca/region/winnipeg/) [Winona](https://www.newslocker.com/en-ca/region/winona/) [Wolfe Island](https://www.newslocker.com/en-ca/region/wolfe-island/) [Wolfville](https://www.newslocker.com/en-ca/region/wolfville/) [Woodbridge](https://www.newslocker.com/en-ca/region/woodbridge/) [Woodstock, New Brunswick](https://www.newslocker.com/en-ca/region/woodstock-new-brunswick/) [Woodstock, Ontario](https://www.newslocker.com/en-ca/region/woodstock-ontario/) [Wrigley](https://www.newslocker.com/en-ca/region/wrigley/) [Wunnummin Lake](https://www.newslocker.com/en-ca/region/wunnummin-lake/) [Wynyard](https://www.newslocker.com/en-ca/region/wynyard/) [Wyoming](https://www.newslocker.com/en-ca/region/wyoming/) [Yamachiche](https://www.newslocker.com/en-ca/region/yamachiche/) [Yarmouth](https://www.newslocker.com/en-ca/region/yarmouth/) [Yellowknife](https://www.newslocker.com/en-ca/region/yellowknife/) [York](https://www.newslocker.com/en-ca/region/york/) [Yorkton](https://www.newslocker.com/en-ca/region/yorkton/) [✗ Close categories](javascript:hideCategories();) - ['Unaccredited analyst' at centre of Olympic drone scandal is senior Canada Soccer official](https://www.newslocker.com/en-ca/sport/general-sport-canada/unaccredited-analyst-at-centre-of-olympic-drone-scandal-is-senior-canada-soccer-official/view/)The Canada Soccer staffer at the centre of the Olympic Games drone scandal appears to have a more formal, senior role in the organization than what officials previously let on this week, according to online records reviewed by CBC News. - [Olympic newsletter: What to expect in the opening ceremony](https://www.newslocker.com/en-ca/sport/general-sport-canada/olympic-newsletter-what-to-expect-in-the-opening-ceremony/view/)Paris officially kicks off the Olympics with an ambitious outdoor show on Friday. Olympic opening ceremonies are generally pretty stuffy affairs, but Paris is trying something new by injecting some literal fresh air into its show. - [Olympic Village beds, accommodations receive mixed reviews from Canadian athletes](https://www.newslocker.com/en-ca/sport/general-sport-canada/olympic-village-beds-accommodations-receive-mixed-reviews-from-canadian-athletes/view/)Athlete beds have become a topic of conversation at the Paris Olympics. A viral clip from Australian women's water polo player Matilda Kearns pointing out the discomfort of the cardboard beds, saying she \"already had a massage to undo the damage\" to her back. - [French sprinter to wear cap during Olympic opening ceremony after hijab dispute resolved](https://www.newslocker.com/en-ca/sport/general-sport-canada/french-sprinter-to-wear-cap-during-olympic-opening-ceremony-after-hijab-dispute-resolved/view/)French sprinter Sounkamba Sylla will be allowed to participate in the opening ceremony at the Paris Olympics wearing a cap to cover her hair, an agreement reached with the French Olympic Committee after Sylla said she was barred because of her hijab. - [Adversity a strength for Canadian rugby sevens player Olivia Apps](https://www.newslocker.com/en-ca/sport/general-sport-canada/adversity-a-strength-for-canadian-rugby-sevens-player-olivia-apps/view/)Olivia Apps knows how adversity can shape a person. Now she's learning how it can shape a group as she leads Canada's women's rugby seven's team through a so-called \"group of death\" at the Paris Olympics. - [U.S. figure skaters upgrade to 2022 Olympic gold in Valieva case, Canadians eyeing bronze](https://www.newslocker.com/en-ca/sport/general-sport-canada/us-figure-skaters-upgrade-to-2022-olympic-gold-in-valieva-case-canadians-eyeing-bronze/view/)The United States figure skating team was formally confirmed as gold medallists from the 2022 Olympics by a sports court ruling Thursday, while the Canadian team is still awaiting a verdict in a separate appeal to be upgraded from fourth to third. - [Leylah Fernandez gets Olympic 1st-round test in Karolina Muchova](https://www.newslocker.com/en-ca/sport/general-sport-canada/leylah-fernandez-gets-olympic-1st-round-test-in-karolina-muchova/view/)Canadian tennis player Leylah Annie Fernandez will be facing a big challenge in the first round of the women's singles competition at the Paris Olympic Games when she takes on Czech player Karolina Muchova. - [Hamilton's Alena Sharp still a contender after 20 Years at the CPKC Canadian Open in Calgary](https://www.newslocker.com/en-ca/sport/general-sport-canada/hamiltons-alena-sharp-still-a-contender-after-20-years-at-the-cpkc-canadian-open-in-calgary/view/)Alena Sharp finds it hard to believe she first competed at the Canadian women's golf championship two decades ago. - ['Lit a fire in our bellies': New Zealand soccer team motivated by Canada drone scandal](https://www.newslocker.com/en-ca/sport/general-sport-canada/lit-a-fire-in-our-bellies-new-zealand-soccer-team-motivated-by-canada-drone-scandal/view/)The motivation to upset the reigning Olympic women's soccer champions was already high for New Zealand forward Indiah-Page Riley and her teammates. A Canada Soccer drone scandal on the eve of the tournament opener has only heightened that desire. - [Watch Canada vs. New Zealand in Olympic women's soccer](https://www.newslocker.com/en-ca/sport/general-sport-canada/watch-canada-vs-new-zealand-in-olympic-womens-soccer/view/)The Canadian Olympic women's soccer team takes on New Zealand in the Paris 2024 tournament opener for both teams on Thursday. Watch live coverage beginning at 10:30 a.m. ET. - [Cycling is a family affair for Olympic mountain bikers Isabella and Gunnar Holmgren](https://www.newslocker.com/en-ca/sport/general-sport-canada/cycling-is-a-family-affair-for-olympic-mountain-bikers-isabella-and-gunnar-holmgren/view/)The Holmgren siblings will compete in mountain biking at their 1st Olympics together in Paris. Isabella will compete in women's cross country mountain bike on Sunday while Gunnar will compete a day later in men's cross country. - [Cycling a family affair for Olympic mountain bikers Isabella and Gunnar Holmgren](https://www.newslocker.com/en-ca/sport/general-sport-canada/cycling-a-family-affair-for-olympic-mountain-bikers-isabella-and-gunnar-holmgren/view/)Siblings will compete in mountain biking at their 1st Olympics together in Paris. Isabella will compete in women's cross country mountain bike on Sunday. Gunnar will compete a day later in men's cross country. - [Nearly 100 years after its last medal, men's basketball in Canada finally has its own Dream Team](https://www.newslocker.com/en-ca/sport/general-sport-canada/nearly-100-years-after-its-last-medal-mens-basketball-in-canada-finally-has-its-own-dream-team/view/)After a 24-year absence, Canada's Olympic men's basketball team enters the Paris 2024 tournament in a unique position — newcomers with unfinished business. - [Canada suffers 20-point loss to Spain in final Olympic women's basketball exhibition](https://www.newslocker.com/en-ca/sport/general-sport-canada/canada-suffers-20-point-loss-to-spain-in-final-olympic-womens-basketball-exhibition/view/)Megan Gustafson had 17 points and nine rebounds as host Spain thumped Canada 68-48 on Wednesday in Segovia in the countries' final tune-up ahead of the Paris Olympics. - [Canadian team tracking for another strong Olympic Games after Tokyo record](https://www.newslocker.com/en-ca/sport/general-sport-canada/canadian-team-tracking-for-another-strong-olympic-games-after-tokyo-record/view/)Canada's team is poised for a banner Olympic Games in Paris despite safe-sport and financial turmoil since a record performance in Tokyo. - [De Grasse, Charron chosen as Canada's flag-bearers for Paris Olympics opening ceremony](https://www.newslocker.com/en-ca/sport/general-sport-canada/de-grasse-charron-chosen-as-canadas-flag-bearers-for-paris-olympics-opening-ceremony/view/)Canada will showcase speed and strength at the opening ceremony of the Paris Olympics. Six-time medallist sprinter Andre De Grasse and champion weightlifter Maude Charron will carry the Canadian flag during Friday’s parade down the Seine, the Canadian Olympic Committee announced on Wednesday. - [French sprinter Sounkamba Sylla says she's barred from the Olympic opening ceremony because of her hijab](https://www.newslocker.com/en-ca/sport/general-sport-canada/french-sprinter-sounkamba-sylla-says-shes-barred-from-the-olympic-opening-ceremony-because-of-her-hijab/view/)French sprinter Sounkamba Sylla says she has been barred from Friday's opening ceremony at the Paris Olympics because she wears a hijab, and the French Olympic Committee said it is working with her to find a solution that adheres to the team's secular requirements for athletes. - [Canadian Olympians thrilled to have family and friends in Paris after pandemic Games](https://www.newslocker.com/en-ca/sport/general-sport-canada/canadian-olympians-thrilled-to-have-family-and-friends-in-paris-after-pandemic-games/view/)After the silent arenas and empty stands dampened the experience at the Tokyo Olympics in 2021, several Canadian athletes said they're thrilled for a return to competing in front packed stands full of friends and family in Paris. - [Uzbekistan loses the match but wins over crowd as soccer competition kicks off Paris Olympics](https://www.newslocker.com/en-ca/sport/general-sport-canada/uzbekistan-loses-the-match-but-wins-over-crowd-as-soccer-competition-kicks-off-paris-olympics/view/)Uzbekistan lost the match but won over the crowd on Wednesday as competition at the Paris Olympics officially began with soccer matches in Paris and Saint-Etienne. - [Morocco fans rush field during Olympic soccer opener, forcing suspension in match vs Argentina](https://www.newslocker.com/en-ca/sport/general-sport-canada/morocco-fans-rush-field-during-olympic-soccer-opener-forcing-suspension-in-match-vs-argentina/view/)Morocco fans crashed the pitch to protest a late goal by Argentina at the opening match of the Paris Olympics men's soccer tournament, an angry and bizarre scene that left the game suspended with only minutes remaining. - [Morocco fans force suspension of Olympic soccer opener before team emerges with win over Argentina](https://www.newslocker.com/en-ca/sport/general-sport-canada/morocco-fans-force-suspension-of-olympic-soccer-opener-before-team-emerges-with-win-over-argentina/view/)Morocco fans crashed the pitch to protest a late goal by Argentina at the opening match of the Paris Olympics men's soccer tournament, an angry and bizarre scene that left the game suspended with only minutes remaining. - [Tonsilitis forces top-ranked Jannik Sinner out of Olympic tennis tournament](https://www.newslocker.com/en-ca/sport/general-sport-canada/tonsilitis-forces-top-ranked-jannik-sinner-out-of-olympic-tennis-tournament/view/)Top-ranked Jannik Sinner pulled out of the Paris Olympics on Wednesday because of tonsillitis. - [Stan Bowman back in NHL as Edmonton Oilers new general manager](https://www.newslocker.com/en-ca/sport/general-sport-canada/stan-bowman-back-in-nhl-as-edmonton-oilers-new-general-manager/view/)The Edmonton Oilers hired Stan Bowman as general manager and executive vice-president of hockey operations on Wednesday, making him the first former Chicago Blackhawks executive re-hired by an NHL team since the team's 2010 sexual assault scandal came to light in recent years. - [French police arrest Russian man on accusations of planning to 'destabilize' Olympics](https://www.newslocker.com/en-ca/sport/general-sport-canada/french-police-arrest-russian-man-on-accusations-of-planning-to-destabilize-olympics/view/)French authorities say they have detained a Russian man on suspicion of planning to \"destabilize the Olympic Games.\" - [Canadian women's soccer coach to miss Olympic opener, 2 staffers sent home after drone incidents](https://www.newslocker.com/en-ca/sport/general-sport-canada/canadian-womens-soccer-coach-to-miss-olympic-opener-2-staffers-sent-home-after-drone-incidents/view/)The Canadian Olympic Committee says an assistant coach and a Canada Soccer analyst have been removed from the Canadian Olympic team and sent home after two drone incidents at the Paris Games. Head coach Bev Priestman has also removed herself from coaching the opening game against New Zealand on Thursday. - [Canadian women's soccer coach Priestman to miss Olympic opener after drone incidents](https://www.newslocker.com/en-ca/sport/general-sport-canada/canadian-womens-soccer-coach-priestman-to-miss-olympic-opener-after-drone-incidents/view/)The Canadian Olympic Committee says an assistant coach and a Canada Soccer analyst have been removed from the Canadian Olympic team and sent home after two drone incidents at the Paris Games. Head coach Bev Priestman has also removed herself from coaching the opening game against New Zealand on Thursday. - [Salt Lake City confirmed as host of the 2034 Winter Olympic Games](https://www.newslocker.com/en-ca/sport/general-sport-canada/salt-lake-city-confirmed-as-host-of-the-2034-winter-olympic-games/view/)Salt Lake City was formally awarded the 2034 Winter Olympics following a Wednesday vote by the International Olympic Committee in Paris, which gives Utah its second Games after hosting in 2002. - [Canadian women's soccer team avoids upset, rallies past New Zealand in Olympic opener amid drone scandal](https://www.newslocker.com/en-ca/sport/general-sport-canada/canadian-womens-soccer-team-avoids-upset-rallies-past-new-zealand-in-olympic-opener-amid-drone-scandal/view/)The Canadian women’s soccer team opened its Olympic title defence with a 2-1 comeback win over No. 28 New Zealand on Thursday in Group A play at Geoffroy-Guichard Stadium in Saint-Étienne, France. - [Just 15 Russian athletes will compete in Paris, but not under their own flag. Some want them banned altogether](https://www.newslocker.com/en-ca/sport/general-sport-canada/just-15-russian-athletes-will-compete-in-paris-but-not-under-their-own-flag-some-want-them-banned-altogether/view/)The Paris Olympics are about to get underway and Russia will have a very small delegation as a result of its war on Ukraine and the IOC screening process. - [Female Olympians are often judged on their looks. Now, some are taking control of their image](https://www.newslocker.com/en-ca/sport/general-sport-canada/female-olympians-are-often-judged-on-their-looks-now-some-are-taking-control-of-their-image/view/)Female athletes have frequently been judged more for their appearance than their skills. But with women's sports being taken more seriously, some Olympians are taking control of the narrative and choosing to express their individuality through their person style with long nails, colourful hair and bold looks.",
    "highlightText": "",
    "highlightTitle": "",
    "highlightThreadTitle": "",
    "language": "english",
    "sentiment": "negative",
    "categories": [
        "Human Interest",
        "Sport",
        "Crime, Law and Justice"
    ],
    "webz_reporter": false,
    "external_links": [],
    "external_images": [],
    "entities": {
        "persons": [],
        "organizations": [
            {
                "name": "general sport canada",
                "sentiment": "neutral"
            },
            {
                "name": "canada soccer",
                "sentiment": "neutral"
            },
            {
                "name": "canada business news",
                "sentiment": "none"
            },
            {
                "name": "canada cars news",
                "sentiment": "none"
            },
            {
                "name": "canada christian news",
                "sentiment": "none"
            },
            {
                "name": "canada apple news",
                "sentiment": "none"
            },
            {
                "name": "canada apps & smartphones",
                "sentiment": "none"
            }
        ],
        "locations": [
            {
                "name": "canada",
                "sentiment": "none"
            }
        ]
    },
    "rating": null,
    "crawled": "2024-07-26T01:23:35.759+03:00",
    "updated": "2024-07-26T01:23:35.759+03:00"
}