{
    "thread": {
        "uuid": "b722cd4a83fde295cd32ebb2478f16132b1f5c83",
        "url": "https://www.lanacion.com.ar/deportes/rugby/los-pumas-7s-en-los-juegos-olimpicos-2024-cuando-la-cabeza-fue-mas-rapido-que-la-paciencia-y-se-pago-nid25072024",
        "site_full": "www.lanacion.com.ar",
        "site": "lanacion.com.ar",
        "site_section": "https://www.lanacion.com.ar/arc/outboundfeeds/rss/?outputType=xml",
        "site_categories": [
            "media",
            "law_government_and_politics",
            "politics",
            "top_news"
        ],
        "section_title": "",
        "title": "Los Pumas 7s: cuando la cabeza fue más rápido que la paciencia y se pagó con la eliminación - LA NACION",
        "title_full": "Los Pumas 7s: cuando la cabeza fue más rápido que la paciencia y se pagó con la eliminación - LA NACION",
        "published": "2024-07-26T00:52:00.000+03:00",
        "replies_count": 0,
        "participants_count": 1,
        "site_type": "news",
        "country": "AR",
        "main_image": "https://resizer.glanacion.com/resizer/v2/el-desconsuelo-de-los-pumas-eliminados-por-Q7T27ZHVCBERNILUQ2PHA6QQQI.JPG?auth=3b541e9a39e03a31ea7d5ad49b89eaacd5e87eabaedbe1b79969d0094d79d454&amp;width=768&amp;quality=70&amp;smart=false",
        "performance_score": 0,
        "domain_rank": 2497,
        "domain_rank_updated": "2024-07-23T13:08:24.000+03:00",
        "reach": null,
        "social": {
            "facebook": {
                "likes": 0,
                "comments": 0,
                "shares": 0
            },
            "gplus": {
                "shares": 0
            },
            "pinterest": {
                "shares": 0
            },
            "linkedin": {
                "shares": 0
            },
            "stumbledupon": {
                "shares": 0
            },
            "vk": {
                "shares": 0
            }
        }
    },
    "uuid": "b722cd4a83fde295cd32ebb2478f16132b1f5c83",
    "url": "https://www.lanacion.com.ar/deportes/rugby/los-pumas-7s-en-los-juegos-olimpicos-2024-cuando-la-cabeza-fue-mas-rapido-que-la-paciencia-y-se-pago-nid25072024",
    "ord_in_thread": 0,
    "parent_url": null,
    "author": "Gastón Saiz",
    "published": "2024-07-26T00:52:00.000+03:00",
    "title": "Los Pumas 7s: cuando la cabeza fue más rápido que la paciencia y se pagó con la eliminación - LA NACION",
    "text": "PARIS (Enviado especial).- Abrazos que se sostenían en manos temblorosas, lágrimas, rostros que no querían ver alrededor y otras postales del desconsuelo celeste y blanco. En medio del ruido ensordecedor del Stade de France, que ensalzaba una increíble fiesta para celebrar el pase a las semifinales de Francia en el torneo olímpico, allí estaba el grupo de Pumas 7s, desperdigado en las inmediaciones del banco de suplentes tras la derrota por 26-14. Más allá de que seguirán compitiendo a la búsqueda del quinto puesto del rugby seven, la ilusión se terminó demasiado pronto para el equipo nacional, que en cualquier análisis figuraba como candidato a medalla. Decepción , sea quizás la palabra que mejor define la historia de cuatro capítulos del equipo de Santiago Gómez Cora en París 2024. Después de los triunfos burocráticos ante Kenia y Samoa que aseguraron el pase a los cuartos de final, el funcionamiento general empezó a mostrar fallas y desajustes que hasta hace poco no solían quedar en evidencia. En París, la cabeza traicionó y dictó una orden que confundió esa mecanización que había permitido jugar de manera brillante en varios tramos del primer semestre. Y que incluso había impulsado al seleccionado hasta el segundo puesto de la temporada del Circuito Seven.\nMarcos Moneta, en acción; el Rayo no pudo ser tan desequilibrante Santiago Filipuzzi/Enviado espec",
    "highlightText": "",
    "highlightTitle": "",
    "highlightThreadTitle": "",
    "language": "spanish",
    "sentiment": "negative",
    "categories": [
        "War, Conflict and Unrest",
        "Human Interest",
        "Sport"
    ],
    "webz_reporter": false,
    "external_links": [
        "https://resizer.glanacion.com/resizer/v2/marcos-moneta-en-accion-el-rayo-no-pudo-ser-tan-SNCTZT2UEZE2PIYVLFGD3W6FTQ.JPG?auth=19b4c546453498b444aa554db16a5e0b9e31c59cc8c8675720813df5da34f7d6&width=780&height=520&quality=70&smart=true",
        "https://resizer.glanacion.com/resizer/v2/marcos-moneta-en-accion-el-rayo-no-pudo-ser-tan-SNCTZT2UEZE2PIYVLFGD3W6FTQ.JPG?auth=19b4c546453498b444aa554db16a5e0b9e31c59cc8c8675720813df5da34f7d6&width=420&height=280&quality=70&smart=true",
        "https://www.resizer.glanacion.com/resizer/v2/marcos-moneta-en-accion-el-rayo-no-pudo-ser-tan-SNCTZT2UEZE2PIYVLFGD3W6FTQ.JPG?auth=19b4c546453498b444aa554db16a5e0b9e31c59cc8c8675720813df5da34f7d6&width=780&height=520&quality=70&smart=true",
        "https://www.resizer.glanacion.com/resizer/v2/marcos-moneta-en-accion-el-rayo-no-pudo-ser-tan-SNCTZT2UEZE2PIYVLFGD3W6FTQ.JPG?auth=19b4c546453498b444aa554db16a5e0b9e31c59cc8c8675720813df5da34f7d6&width=420&height=280&quality=70&smart=true",
        "https://resizer.glanacion.com/resizer/v2/marcos-moneta-en-accion-el-rayo-no-pudo-ser-tan-SNCTZT2UEZE2PIYVLFGD3W6FTQ.JPG"
    ],
    "external_images": [],
    "entities": {
        "persons": [],
        "organizations": [],
        "locations": []
    },
    "rating": null,
    "crawled": "2024-07-26T00:53:36.145+03:00",
    "updated": "2024-08-06T06:39:42.435+03:00"
}