{
    "thread": {
        "uuid": "b882e86a76189a174be050dd76f9dd5feac02f76",
        "url": "https://ge.globo.com/futebol/futebol-internacional/futebol-ingles/noticia/2024/07/25/como-elogios-a-reserva-influenciaram-ederson-a-querer-deixar-o-city.ghtml",
        "site_full": "ge.globo.com",
        "site": "globo.com",
        "site_section": "https://www.globo.com/",
        "site_categories": [
            "top_news"
        ],
        "section_title": "globo.com - Absolutamente tudo sobre notícias, esportes e entretenimento",
        "title": "Como elogios a reserva influenciaram Ederson a querer deixar o City | futebol inglês | ge",
        "title_full": "Como elogios a reserva influenciaram Ederson a querer deixar o City | futebol inglês | ge",
        "published": "2024-07-26T01:05:00.000+03:00",
        "replies_count": 0,
        "participants_count": 1,
        "site_type": "news",
        "country": "GE",
        "main_image": "https://s2-ge.glbimg.com/YyccwFMOR8SmB8DINn1DrqStWro=/600x0/filters:quality(50)/https://i.s3.glbimg.com/v1/AUTH_bc8228b6673f488aa253bbcb03c80ec5/internal_photos/bs/2024/G/h/rfYAK2TPivOZLbJgnxbQ/000-34rm9zp.jpg",
        "performance_score": 0,
        "domain_rank": 746,
        "domain_rank_updated": "2024-07-23T13:08:24.000+03:00",
        "reach": null,
        "social": {
            "facebook": {
                "likes": 72,
                "comments": 26,
                "shares": 1
            },
            "gplus": {
                "shares": 0
            },
            "pinterest": {
                "shares": 0
            },
            "linkedin": {
                "shares": 0
            },
            "stumbledupon": {
                "shares": 0
            },
            "vk": {
                "shares": 0
            }
        }
    },
    "uuid": "b882e86a76189a174be050dd76f9dd5feac02f76",
    "url": "https://ge.globo.com/futebol/futebol-internacional/futebol-ingles/noticia/2024/07/25/como-elogios-a-reserva-influenciaram-ederson-a-querer-deixar-o-city.ghtml",
    "ord_in_thread": 0,
    "parent_url": null,
    "author": "globo.com",
    "published": "2024-07-26T01:05:00.000+03:00",
    "title": "Como elogios a reserva influenciaram Ederson a querer deixar o City | futebol inglês | ge",
    "text": "Ederson, do Manchester City, é substituído após choque de cabeça e reclama muito\n+ ✅Clique aqui para seguir o canal ge Futebol Internacional no WhatsApp\nEderson é titular do gol do Manchester City há sete temporadas. É o goleiro do momento mais mágico da história do clube. Então, por que, depois de tanto tempo e sem que esse status tenha mudado, o brasileiro cogita deixar o clube? A resposta a essa pergunta passa por vários fatores. E, segundo o portal The Athletic , até mesmo por elogios que o reserva Stefan Ortega recebeu em momento decisivo da última Premier League .\nA possibilidade de transferência é real. Ederson foi sondado pelo Al-Nassr e, agora, é alvo concreto do Al-Ittihad, o time de Benzema e Fabinho na Arábia Saudita. A negociação pode ser concluída nos próximos dias. Aos 30 anos, o goleiro estava perto de uma renovação de contrato com o Manchester City. Mas agora quer sair.\nO The Athletic revelou bastidores desse desejo do jogador, que passa por um momento particular no fim da temporada passada. Na 34ª rodada da Premier League , contra o Tottenham, Ederson chocou o rosto com o joelho do zagueiro Cuti Romero e precisou ser substituído. E não escondeu sua raiva (assista acima) .\n+ Veja a tabela da Premier League 2024/25\n+ Guardiola não garante permanência de Ederson no Manchester City\nTottenham 0 x 2 Manchester City | Melhores momentos | Campeonato Inglês\nO alemão Ortega entrou em seu lugar e, com uma defesa incrível no segundo tempo em chute de Son, foi essencial para a vitória do Manchester City naquele jogo. Guardiola chegou a dizer, depois da partida, que “o Arsenal seria campeão”, se não fosse pela intervenção do goleiro reserva (veja o lance no vídeo acima) .\nSegundo o The Athletic , os elogios exagerados a Ortega afetaram Ederson. Parte da torcida aproveitou o momento para questionar a titularidade do brasileiro, ao indicar que ele não seria capaz de defender aquela bola. E o ex-Benfica repensou sua situação no clube inglês.\n1 de 2 Ortega faz incrível defesa em chute de Son durante Tottenham x Manchester City — Foto: Marc Atkins/Getty Images Ortega faz incrível defesa em chute de Son durante Tottenham x Manchester City — Foto: Marc Atkins/Getty Images\nPor meio de pessoas próximas, Ederson negou, ao ge , que a situação tenha incomodado. Ele admite que ficou chateado por ter que deixar o jogo, mas logo foi diagnosticado com um grave problema no rosto e entendeu a substituição. O brasileiro sofreu uma fratura , que o tirou da Copa América.\nO The Athletic diz que Ortega se sente confiante para ser o goleiro principal do Manchester City no momento. O alemão encerrou a temporada no gol, com a confirmação do título da Premier League, e ampliou o contrato com o clube até 2026 .\nGuardiola e o City, por sua vez, ainda consideram Ederson o titular. Isso é indiscutível. O técnico chegou a fazer elogios públicos ao brasileiro na reta final de 2023/24, em uma tentativa de reiterar o peso do goleiro nas conquistas da equipe. Mas, no momento, lidam com a possível saída.\n2 de 2 Ortega entra no lugar de Ederson em Tottenham x Manchester City: goleiro brasileiro cogita deixar o time inglês — Foto: Dylan Martinez/Reuters Ortega entra no lugar de Ederson em Tottenham x Manchester City: goleiro brasileiro cogita deixar o time inglês — Foto: Dylan Martinez/Reuters\nSegundo o The Athletic, o clube não queria negociar o brasileiro. Mas, diante do desejo do goleiro, podem negociá-lo, mas não por menos de € 60 milhões (R$ 368 milhões). Ederson priorizava uma equipe europeia, mas presença de vários nomes expressivos para a Arábia Saudita o deixam mais confortável com a possível transferência.\nNo único amistoso de pré-temporada até o momento, Ortega começou como titular na derrota por 4 a 3 para o Celtic, e Ederson atuou no segundo tempo. A expectativa é que o futuro do brasileiro seja definido até a próxima semana, seja pela permanência no time inglês, ou pela negociação com o Al-Ittihad.\nManchester City Premier League",
    "highlightText": "",
    "highlightTitle": "",
    "highlightThreadTitle": "",
    "language": "portuguese",
    "sentiment": "negative",
    "categories": [
        "Human Interest",
        "Sport",
        "Lifestyle and Leisure"
    ],
    "webz_reporter": false,
    "external_links": [
        "https://whatsapp.com/channel/0029VafftWKGk1FyZTqi2e0v",
        "https://957b0b3a18c149f4814f2525021e644f@web.sentry.globoi.com/786",
        "https://s3.glbimg.com/v1/AUTH_c5dfc0eef7ee40d68bdd0993be881440/coral-custom-style/style.css",
        "https://www.957b0b3a18c149f4814f2525021e644f@web.sentry.globoi.com/786",
        "https://www.whatsapp.com/channel/0029VafftWKGk1FyZTqi2e0v",
        "https://www.s3.glbimg.com/v1/AUTH_c5dfc0eef7ee40d68bdd0993be881440/coral-custom-style/style.css"
    ],
    "external_images": [],
    "entities": {
        "persons": [],
        "organizations": [],
        "locations": []
    },
    "rating": null,
    "crawled": "2024-07-26T01:12:56.776+03:00",
    "updated": "2024-07-26T01:12:56.776+03:00"
}