{
    "thread": {
        "uuid": "b4b5344d44b861d0861eae08f95f14f333324740",
        "url": "https://www.uol.com.br/esporte/ultimas-noticias/ag-fight/2024/07/25/mike-perry-recebe-suspensao-de-dois-meses-apos-ser-nocauteado-por-jake-paul-no-boxe.htm",
        "site_full": "www.uol.com.br",
        "site": "uol.com.br",
        "site_section": "https://esporte.uol.com.br",
        "site_categories": [
            "media",
            "top_news"
        ],
        "section_title": "UOL Esporte - Acompanhe ao vivo os principais eventos esportivos no Brasil e do mundo - UOL Esporte",
        "title": "Mike Perry recebe suspensão de dois meses após ser nocauteado por Jake Paul no boxe",
        "title_full": "Mike Perry recebe suspensão de dois meses após ser nocauteado por Jake Paul no boxe",
        "published": "2024-07-26T00:32:00.000+03:00",
        "replies_count": 0,
        "participants_count": 1,
        "site_type": "news",
        "country": "BR",
        "main_image": "https://conteudo.imguol.com.br/c/_layout/v3/jupiter/share.png",
        "performance_score": 0,
        "domain_rank": 738,
        "domain_rank_updated": "2024-07-23T13:08:24.000+03:00",
        "reach": null,
        "social": {
            "facebook": {
                "likes": 0,
                "comments": 0,
                "shares": 0
            },
            "gplus": {
                "shares": 0
            },
            "pinterest": {
                "shares": 0
            },
            "linkedin": {
                "shares": 0
            },
            "stumbledupon": {
                "shares": 0
            },
            "vk": {
                "shares": 0
            }
        }
    },
    "uuid": "b4b5344d44b861d0861eae08f95f14f333324740",
    "url": "https://www.uol.com.br/esporte/ultimas-noticias/ag-fight/2024/07/25/mike-perry-recebe-suspensao-de-dois-meses-apos-ser-nocauteado-por-jake-paul-no-boxe.htm",
    "ord_in_thread": 0,
    "parent_url": null,
    "author": "UOL",
    "published": "2024-07-26T00:32:00.000+03:00",
    "title": "Mike Perry recebe suspensão de dois meses após ser nocauteado por Jake Paul no boxe",
    "text": "Esporte MMA Mike Perry recebe suspensão de dois meses após ser nocauteado por Jake Paul no boxe 25/07/2024 18h32 No último sábado (20), Jake Paul aumentou sua caminhada no boxe e o 'hype' ao redor de seu nome ao impor uma dura derrota para Mike Perry . Ex-lutador do UFC e estrela do boxe sem luvas, o veterano não foi páreo para o youtuber, que venceu a disputa via nocaute, no sexto round. Quase uma semana após o embate, houve a confirmação de que 'Platinum', como é conhecido, realmente recebeu danos significativos durante a luta, já que lhe foi recomendada uma suspensão médica de dois meses.\nO gancho foi imposto pela Comissão Atlética da Flórida , que regulamentou o evento, e confirmado pelo site 'MMA Junkie', em contato com a entidade. Se por um lado, Perry terá que ficar, a princípio, 60 dias de molho , por outro, Jake Paul não recebeu nenhum tipo de suspensão e, na teoria, está livre para voltar a competir o quanto antes.\nPreocupação com Mike Tyson O castigo imposto por Jake em Perry fez com que os fãs dos esportes de combate temessem ainda mais pela integridade física de Mike Tyson, próximo rival do influencer. Até mesmo Platinum admitiu que está preocupado com o confronto , já que acabou de ser nocauteado por Paul e sabe do potencial do jovem de apenas 27 anos. Por sua vez, 'Iron' tem 58 anos de idade, configurando, assim, uma diferença de mais de três décadas entre os competidores na luta de boxe programada para o dia 15 de novembro.\nJuca Kfouri\nCorinthians e Grêmio estacionam com empate\nMauro Cezar\nPênalti 'à brasileira' em Itaquera ajuda Corinthians\nJamil Chade\nGuerras barram o sonho de despolitizar Olimpíadas\nDemétrio Vecchioli\nBrasil descobre ter uma das melhores do mundo no gol\nComunicar erro Veja também Deixe seu comentário Só para assinantes",
    "highlightText": "",
    "highlightTitle": "",
    "highlightThreadTitle": "",
    "language": "portuguese",
    "sentiment": "negative",
    "categories": [
        "Human Interest",
        "Sport"
    ],
    "webz_reporter": false,
    "external_links": [
        "https://agfight.com/noticias/mike-perry-expressa-preocupacao-com-mike-tyson-em-luta-de-boxe-contra-jake-paul/",
        "https://agfight.com/noticias/jake-paul-nocauteia-mike-perry-e-desafia-alex-poatan-para-luta-de-boxe/",
        "https://www.agfight.com/noticias/mike-perry-expressa-preocupacao-com-mike-tyson-em-luta-de-boxe-contra-jake-paul/",
        "https://agfight.com/noticias/jake-paul-nocauteia-mike-perry-e-desafia-alex-poatan-para-luta-de-boxe",
        "https://www.agfight.com/noticias/jake-paul-nocauteia-mike-perry-e-desafia-alex-poatan-para-luta-de-boxe/",
        "https://agfight.com/noticias/mike-perry-expressa-preocupacao-com-mike-tyson-em-luta-de-boxe-contra-jake-paul"
    ],
    "external_images": [],
    "entities": {
        "persons": [],
        "organizations": [],
        "locations": []
    },
    "rating": null,
    "crawled": "2024-07-26T00:59:36.640+03:00",
    "updated": "2024-07-26T04:25:04.097+03:00"
}