{
    "thread": {
        "uuid": "bf0cad5568d49d1f28154a537b89bfea5d469e4f",
        "url": "https://www.bluradio.com/deportes/juegos-olimpicos/seleccion-colombia-tendra-duro-rival-en-su-segundo-partido-de-los-juegos-olimpicos-so35",
        "site_full": "www.bluradio.com",
        "site": "bluradio.com",
        "site_section": "https://www.bluradio.com/regiones/caribe/incendios-en-departamento-del-magdalena-afectan-con-humo-y-cenizas-a-barranquilla-rg10",
        "site_categories": [
            "media",
            "top_news"
        ],
        "section_title": "Incendios en departamento del Magdalena afectan con humo y cenizas a Barranquilla  - BluRadio",
        "title": "Selección Colombia femenina: cuándo vuelve a jugar en Olímpicos, hora y fecha - BluRadio",
        "title_full": "Selección Colombia femenina: cuándo vuelve a jugar en Olímpicos, hora y fecha - BluRadio",
        "published": "2024-07-26T01:03:00.000+03:00",
        "replies_count": 0,
        "participants_count": 1,
        "site_type": "news",
        "country": "CO",
        "main_image": "https://caracoltv.brightspotcdn.com/dims4/default/6e4a423/2147483647/strip/false/crop/1200x720+0+0/resize/1200x720!/format/webp/quality/90/?url=http%3A%2F%2Fcaracol-brightspot.s3.us-west-2.amazonaws.com%2F9d%2F70%2F9779a50e4f51b3299d90c005bfa3%2Fseleccion-colombia-olimpicos-afp.jpg",
        "performance_score": 0,
        "domain_rank": 32727,
        "domain_rank_updated": "2024-07-23T13:08:24.000+03:00",
        "reach": null,
        "social": {
            "facebook": {
                "likes": 0,
                "comments": 0,
                "shares": 0
            },
            "gplus": {
                "shares": 0
            },
            "pinterest": {
                "shares": 0
            },
            "linkedin": {
                "shares": 0
            },
            "stumbledupon": {
                "shares": 0
            },
            "vk": {
                "shares": 0
            }
        }
    },
    "uuid": "bf0cad5568d49d1f28154a537b89bfea5d469e4f",
    "url": "https://www.bluradio.com/deportes/juegos-olimpicos/seleccion-colombia-tendra-duro-rival-en-su-segundo-partido-de-los-juegos-olimpicos-so35",
    "ord_in_thread": 0,
    "parent_url": null,
    "author": "María Camila Castiblanco, AFP",
    "published": "2024-07-26T01:03:00.000+03:00",
    "title": "Selección Colombia femenina: cuándo vuelve a jugar en Olímpicos, hora y fecha - BluRadio",
    "text": "Luego de la amarga derrota de la Selección Colombia femenina ante Francia, pues se tuvo la esperanza de alcanzar el empate, las dirigidas por Ángelo Marsiglia deben pasar la página y prepararse para lo que será su segundo partido del Grupo A en los Juegos Olímpicos de París 2024.¿Cuándo juega la Selección Colombia en París 2024?El segundo reto de la tricolor será el domingo 28 de julio desde las 10:00 de la mañana. Colombia enfrentará a Nueva Zelanda en el Grupo A.Las neozelandesas vienen de perder en su debut contra Canadá (1-2), por lo que ambos seleccionados están obligadas a sumar tres puntos si quieren clasificar a la siguiente ronda.¿Cómo fue el debut de Colombia en los Olímpicos?Francia dejó escapar una ventaja abultada y terminó sufriendo para vencer a la Colombia de Linda Caicedo (3-2) este jueves en el debut de ambas selecciones en el torneo femenino de fútbol de los Juegos Olímpicos de París 2024.Las anfitrionas tenían pinta de protagonizar una goleada histórica en el estadio de Lyon, donde cerraron la primera parte con un 3-0 a favor gracias a un doblete de su delantera estrella, Marie-Antoinette Katoto (6, 42), que capitalizó errores de la zaga cafetera.La centrocampista Kenza Dali (18) completó el proyecto de paliza del combinado conducido por Hervé Renard, que en casa espera llegar al podio olímpico por primera vez.Pero las sudamericanas, orientadas por Ángelo Marsiglia, reaccionaron con fiereza en la segunda parte, en la que pudieron inclusive irse adelante si no fuera por la floja definición de la atacante Mayra Ramírez, expulsada (85) en la recta final del cotejo.A pesar de su poca eficacia, la delantera del Chelsea sufrió el penal que la goleadora histórica colombiana, Catalina Usme, transformó en el 3-1 parcial (54).La atacante Manuela Paví (64) aceleró los corazones franceses al cerrar las distancias con un baño sobre la portera Pauline Peyraud-Magnin.Las 'Bleues', líderes de la zona por encima de Canadá, que venció 2-1 a Nueva Zelanda más temprano en Saint-Étienne, volverán al ruedo el domingo.Ese día, en Saint-Étienne, disputarán la punta del grupo con las campeonas defensoras, mientras que las cafeteras y oceánicas esperan revivir en Lyon.",
    "highlightText": "",
    "highlightTitle": "",
    "highlightThreadTitle": "",
    "language": "spanish",
    "sentiment": "negative",
    "categories": [
        "Arts, Culture and Entertainment",
        "Human Interest",
        "Sport"
    ],
    "webz_reporter": false,
    "external_links": [],
    "external_images": [],
    "entities": {
        "persons": [],
        "organizations": [],
        "locations": []
    },
    "rating": null,
    "crawled": "2024-07-26T01:26:52.269+03:00",
    "updated": "2024-07-26T01:26:52.269+03:00"
}