{
    "thread": {
        "uuid": "8677afeeaec42ddbdd6090236a009b81e2a63400",
        "url": "https://video.sky.it/sport/calciomercato/serie-a/video/juventus-adeyemi-calciomercato-news-942018",
        "site_full": "video.sky.it",
        "site": "sky.it",
        "site_section": "https://video.sky.it",
        "site_categories": [],
        "section_title": "Sky Video: filmati e clip di oggi su news, sport, spettacolo",
        "title": "VIDEO. Juventus, costi troppo alti per Adeyemi",
        "title_full": "VIDEO. Juventus, costi troppo alti per Adeyemi",
        "published": "2024-07-26T00:32:00.000+03:00",
        "replies_count": 0,
        "participants_count": 1,
        "site_type": "news",
        "country": "IT",
        "main_image": "https://videoplatform.sky.it/captures/494/2024/07/25/942018/942018_1721942873859_thumb_494.0000001.jpg",
        "performance_score": 0,
        "domain_rank": 5043,
        "domain_rank_updated": "2024-07-23T13:08:24.000+03:00",
        "reach": null,
        "social": {
            "facebook": {
                "likes": 0,
                "comments": 0,
                "shares": 0
            },
            "gplus": {
                "shares": 0
            },
            "pinterest": {
                "shares": 0
            },
            "linkedin": {
                "shares": 0
            },
            "stumbledupon": {
                "shares": 0
            },
            "vk": {
                "shares": 0
            }
        }
    },
    "uuid": "8677afeeaec42ddbdd6090236a009b81e2a63400",
    "url": "https://video.sky.it/sport/calciomercato/serie-a/video/juventus-adeyemi-calciomercato-news-942018",
    "ord_in_thread": 0,
    "parent_url": null,
    "author": "Sky Video",
    "published": "2024-07-26T00:32:00.000+03:00",
    "title": "VIDEO. Juventus, costi troppo alti per Adeyemi",
    "text": "Chiudi Menu Skylights Room Video News Sport Programmi TV Pechino Express Serie TV Cinema Spettacolo X Factor MasterChef TV8 Arte Lifestyle Mix Altro: Archivio Guarda le dirette di sky Video Video di Sport Temi Calcio Calcio estero Calciomercato Olimpiadi MotoGP Formula 1 Motori NBA Basket Tennis Volley Ciclismo Rugby Sport USA Altri Sport Gossip Paralimpiadi Gianluca di Marzio Video curiosi Buffa racconta Questo è SKY Topic Serie A Gol Serie A Serie B Champions League Europa League Europei Femminile Lega Pro Premier League Bundesliga Buffa Racconta Gianluca di Marzio Sezioni Menu Cerca Login guarda altri Fiorentina, Colpani arriva in prestito dal Monza 00:00:41 min | 36 minuti fa pubblicità riproduci 50+ video Calciomercato, tutti i video Roma-Soulé ai dettagli, Dovbyk apre ai giallorossi 00:03:16 min | 44 minuti fa Fiorentina, l'arrivo di Colpani per le visite mediche 00:00:43 min | 2 ore fa Roma, agenti Dovbyk in città: forte apertura del giocatore 00:01:55 min | 2 ore fa Beukema: \"Dallinga ha tanto talento, farà bene\" 00:01:01 min | 1 ora fa Beukema: \"Italiano-Motta? Ci sono alcuni dettagli diversi\" 00:00:55 min | 1 ora fa Beukema: \"Zirkzee straordinario, felice vada allo United\" 00:00:48 min | 1 ora fa Fiorentina, in chiusura Colpani: prestito con diritto 00:00:37 min | 6 ore fa Juventus, accordo con il Bournemouth per Huijsen 00:00:37 min | 7 ore fa Milan-Fofana, accordo: ma c'è distanza con il Monaco 00:03:01 min | 8 ore fa Napoli, da Ostigard a Lindstrom: il punto sulle uscite 00:04:28 min | 9 ore fa Juve, McKennie in uscita. E piace Adeyemi 00:01:58 min | 10 ore fa Fiorentina, Colpani arriva in prestito dal Monza 00:00:41 min | 36 minuti fa riproduci 50+ video Calciomercato, tutti i video Roma-Soulé ai dettagli, Dovbyk apre ai giallorossi 00:03:16 min | 44 minuti fa Fiorentina, l'arrivo di Colpani per le visite mediche 00:00:43 min | 2 ore fa Roma, agenti Dovbyk in città: forte apertura del giocatore 00:01:55 min | 2 ore fa Beukema: \"Dallinga ha tanto talento, farà bene\" 00:01:01 min | 1 ora fa Beukema: \"Italiano-Motta? Ci sono alcuni dettagli diversi\" 00:00:55 min | 1 ora fa Beukema: \"Zirkzee straordinario, felice vada allo United\" 00:00:48 min | 1 ora fa Fiorentina, in chiusura Colpani: prestito con diritto 00:00:37 min | 6 ore fa Juventus, accordo con il Bournemouth per Huijsen 00:00:37 min | 7 ore fa Milan-Fofana, accordo: ma c'è distanza con il Monaco 00:03:01 min | 8 ore fa Napoli, da Ostigard a Lindstrom: il punto sulle uscite 00:04:28 min | 9 ore fa Juve, McKennie in uscita. E piace Adeyemi 00:01:58 min | 10 ore fa Vedi tutti i video La tua reazione Condividi Whatsapp Telegram Facebook Twitter Copia link Juventus, costi troppo alti per Adeyemi Sport Calciomercato Serie A 25 lug 2024 guarda altri Fiorentina, Colpani arriva in prestito dal Monza 00:00:41 min | 36 minuti fa pubblicità riproduci 50+ video Calciomercato, tutti i video Roma-Soulé ai dettagli, Dovbyk apre ai giallorossi 00:03:16 min | 44 minuti fa Fiorentina, l'arrivo di Colpani per le visite mediche 00:00:43 min | 2 ore fa Roma, agenti Dovbyk in città: forte apertura del giocatore 00:01:55 min | 2 ore fa Beukema: \"Dallinga ha tanto talento, farà bene\" 00:01:01 min | 1 ora fa Beukema: \"Italiano-Motta? Ci sono alcuni dettagli diversi\" 00:00:55 min | 1 ora fa Beukema: \"Zirkzee straordinario, felice vada allo United\" 00:00:48 min | 1 ora fa Fiorentina, in chiusura Colpani: prestito con diritto 00:00:37 min | 6 ore fa Juventus, accordo con il Bournemouth per Huijsen 00:00:37 min | 7 ore fa Milan-Fofana, accordo: ma c'è distanza con il Monaco 00:03:01 min | 8 ore fa Napoli, da Ostigard a Lindstrom: il punto sulle uscite 00:04:28 min | 9 ore fa Juve, McKennie in uscita. E piace Adeyemi 00:01:58 min | 10 ore fa Fiorentina, Colpani arriva in prestito dal Monza 00:00:41 min | 36 minuti fa riproduci 50+ video Calciomercato, tutti i video Roma-Soulé ai dettagli, Dovbyk apre ai giallorossi 00:03:16 min | 44 minuti fa Fiorentina, l'arrivo di Colpani per le visite mediche 00:00:43 min | 2 ore fa Roma, agenti Dovbyk in città: forte apertura del giocatore 00:01:55 min | 2 ore fa Beukema: \"Dallinga ha tanto talento, farà bene\" 00:01:01 min | 1 ora fa Beukema: \"Italiano-Motta? Ci sono alcuni dettagli diversi\" 00:00:55 min | 1 ora fa Beukema: \"Zirkzee straordinario, felice vada allo United\" 00:00:48 min | 1 ora fa Fiorentina, in chiusura Colpani: prestito con diritto 00:00:37 min | 6 ore fa Juventus, accordo con il Bournemouth per Huijsen 00:00:37 min | 7 ore fa Milan-Fofana, accordo: ma c'è distanza con il Monaco 00:03:01 min | 8 ore fa Napoli, da Ostigard a Lindstrom: il punto sulle uscite 00:04:28 min | 9 ore fa Juve, McKennie in uscita. E piace Adeyemi 00:01:58 min | 10 ore fa Vedi tutti i video pubblicità I Video più popolari di oggi cronaca Assalto portavalori Sardegna, bottino di 4 milioni euro 00:01:16 Min | Pubblicato 5 mesi fa economia Ryanair acquista aerei Boeing 737 Max 10 rifiutati dagli Usa 00:01:00 Min | Pubblicato 5 mesi fa sport Serie A, Atalanta-Lazio 3-1: video, gol e highlights 00:02:27 Min | Pubblicato 5 mesi fa sport Serie A, Roma-Cagliari 4-0: video, gol e highlights 00:04:16 Min | Pubblicato 5 mesi fa sport Serie A, Napoli-Verona 2-1: video, gol e highlights 00:03:08 Min | Pubblicato 5 mesi fa le playlist più recenti Playlist Calciomercato, tutti i video 50+ video Serie A Playlist Le notizie di Gianluca Di Marzio 50+ video Serie A Playlist Calciomercato 2018, tutti i video 50+ video Serie A SCOPRI VOICE Attualità, inclusion, sostenibilità, diritti. Raccontiamo il cambiamento, un video alla volta. Scopri Voice, il nuovo progetto editoriale di Sky Tg24 GUARDA ORA",
    "highlightText": "",
    "highlightTitle": "",
    "highlightThreadTitle": "",
    "language": "italian",
    "sentiment": "negative",
    "categories": [
        "Lifestyle and Leisure",
        "Sport"
    ],
    "webz_reporter": false,
    "external_links": [],
    "external_images": [],
    "entities": {
        "persons": [],
        "organizations": [],
        "locations": []
    },
    "rating": null,
    "crawled": "2024-07-26T01:00:13.581+03:00",
    "updated": "2024-07-26T01:00:13.581+03:00"
}