{
    "thread": {
        "uuid": "7612c3c1be588801345046ba4ecff4a6727962c6",
        "url": "https://www.pulzo.com/deportes/juegos-olimpicos-colombia-femenina-pierde-contra-francia-paris-posiciones-PP3820480",
        "site_full": "www.pulzo.com",
        "site": "pulzo.com",
        "site_section": "http://www.pulzo.com",
        "site_categories": [
            "media",
            "top_news"
        ],
        "section_title": "\n            \tNoticias en Español 24 horas - Pulzo\n        ",
        "title": "Juegos Olímpicos; Colombia Femenina pierde contra Francia en París; posiciones",
        "title_full": "Juegos Olímpicos; Colombia Femenina pierde contra Francia en París; posiciones",
        "published": "2024-07-26T00:19:00.000+03:00",
        "replies_count": 0,
        "participants_count": 1,
        "site_type": "news",
        "country": "CO",
        "main_image": "https://d2yoo3qu6vrk5d.cloudfront.net/pulzo-lite/images-resized/PP3820480-h-o.jpg",
        "performance_score": 0,
        "domain_rank": 99552,
        "domain_rank_updated": "2024-07-23T13:08:50.000+03:00",
        "reach": null,
        "social": {
            "facebook": {
                "likes": 0,
                "comments": 0,
                "shares": 0
            },
            "gplus": {
                "shares": 0
            },
            "pinterest": {
                "shares": 0
            },
            "linkedin": {
                "shares": 0
            },
            "stumbledupon": {
                "shares": 0
            },
            "vk": {
                "shares": 0
            }
        }
    },
    "uuid": "7612c3c1be588801345046ba4ecff4a6727962c6",
    "url": "https://www.pulzo.com/deportes/juegos-olimpicos-colombia-femenina-pierde-contra-francia-paris-posiciones-PP3820480",
    "ord_in_thread": 0,
    "parent_url": null,
    "author": "diego.rey@pulzo.com",
    "published": "2024-07-26T00:19:00.000+03:00",
    "title": "Juegos Olímpicos; Colombia Femenina pierde contra Francia en París; posiciones",
    "text": "[Redacción Deportes](/deportes) La Selección Colombia arribó a Lyon, Francia, para enfrentar a las locales en su debut por los Juegos Olímpicos de París 2024. El encuentro fue difícil para las ‘cafeteras’ en el primer tiempo, pues en tan solo 20 minutos sufrieron la arremetida de las europeas que marcaron de la mano de Dali y Katoto. (Vea también: [Cuándo vuelve a jugar la Selección Colombia Femenina; le toca contra campeona de JJ. OO.](https://www.pulzo.com/deportes/cuando-vuelve-jugar-seleccion-colombia-femenina-juegos-olimpicas-rival-PP3820433)) En el minuto 42’, Katoto volvió a pintarse de heroína y marcó el tercero para sentenciar lo que sería una goleada desproporcionada ante las colombianas. El técnico Ángelo Marsiglia decidió mover su banco y sacó a Daniela Montoya para darle paso a Manuela Pavi, que fue fundamental para la ‘Tricolor’. La disputa en el estadio Parc Olympique Lyonnais tomó color al minuto 54’, cuando derribaron a Mayra Ramírez y la jueza señaló el punto penal, decretando así una oportunidad para el combinado colombiano. El balón lo tomó Catalina Usme, quien desde los 12 pasos la mandó al fondo y puso el descuento para Colombia. El equipo se motivó y más tarde, Manuela Pavi aumentó el marcador al minuto 64’. Y aunque Colombia siguió buscando el empate, sintió un balde de agua fría con la expulsión de Ramírez al minuto 86’. Las ‘cafeteras’ no levantaron cabeza y cayeron ante las locales en un partido que complica sus aspiraciones de clasificar a la siguiente ronda. [¿Qué días competirán los deportistas colombianos en Juegos Olímpicos? Revelan calendario](/deportes/asi-es-calendario-juegos-olimpicos-para-deportistas-atletas-colombianos-PP3815162) [Cómo será la inauguración de los Juegos Olímpicos; se habla de 2 grandes artistas](/deportes/como-sera-inauguracion-juegos-olimpicos-paris-2024-PP3819051A) [Cuándo vuelve a jugar la Selección Colombia Femenina en los Juegos Olímpicos; debe ganar](/deportes/cuando-vuelve-jugar-seleccion-colombia-femenina-juegos-olimpicas-rival-PP3820433) [🔴 Selección Colombia vs. Francia EN VIVO: amargo debut de la 'Tricolor' en París 2024](/deportes/seleccion-colombia-femenina-vs-francia-vivo-juegos-olimpicos-2024-PP3819473) Tabla de posiciones Colombia femenina (Juegos Olímpicos) - Francia – 3 puntos - Canadá – 3 puntos - Colombia – 0 puntos - Nueva Zelanda – 0 puntos LO ÚLTIMO [Deportes] Hace 2 horas [\"Una decepción\": taxistas en Paris, enojados por cierres viales y plata que han perdido](/deportes/juegos-olimpicos-taxistas-paris-enojados-por-cierres-viales-alla-PP3838469) [Deportes] Hace 3 horas [Carlos Ramírez salió en ambulancia de los JJ. OO. y con video mostró fractura que sufrió](/deportes/carlos-ramirez-quebro-mano-jj-oo-caida-carrera-bmx-PP3838403) [Deportes]",
    "highlightText": "",
    "highlightTitle": "",
    "highlightThreadTitle": "",
    "language": "spanish",
    "sentiment": "negative",
    "categories": [
        "Arts, Culture and Entertainment",
        "Human Interest",
        "Sport"
    ],
    "webz_reporter": false,
    "external_links": [],
    "external_images": [],
    "entities": {
        "persons": [],
        "organizations": [],
        "locations": []
    },
    "rating": null,
    "crawled": "2024-07-26T00:23:07.774+03:00",
    "updated": "2024-08-02T05:41:10.563+03:00"
}