{
    "thread": {
        "uuid": "cc7fdc577486369ddf5765fd1a6773459bc73e38",
        "url": "https://diariocorreo.pe/deportes/fbc-melgar-perdio-el-invicto-al-caer-3-1-con-alianza-atletico-en-sullana-noticia",
        "site_full": "diariocorreo.pe",
        "site": "diariocorreo.pe",
        "site_section": "https://diariocorreo.pe/gastronomia",
        "site_categories": [
            "politics",
            "law_government_and_politics",
            "media",
            "top_news"
        ],
        "section_title": "Noticias de Gastronomía | CORREO",
        "title": "FBC Melgar perdió el invicto al caer 3-1 con Alianza Atlético en Sullana | DEPORTES | CORREO",
        "title_full": "FBC Melgar perdió el invicto al caer 3-1 con Alianza Atlético en Sullana | DEPORTES | CORREO",
        "published": "2024-07-26T01:38:00.000+03:00",
        "replies_count": 0,
        "participants_count": 1,
        "site_type": "news",
        "country": "PE",
        "main_image": "https://diariocorreo.pe/resizer/v2/ZXYCDIZSXRDQVAMABBZOPOAJOE.jfif?auth=228d78413ea196e403df31474c92687165a9c66801650b38a4f153977fff4b63&amp;width=980&amp;height=528&amp;quality=75&amp;smart=true",
        "performance_score": 0,
        "domain_rank": 37906,
        "domain_rank_updated": "2024-07-23T13:08:24.000+03:00",
        "reach": null,
        "social": {
            "facebook": {
                "likes": 0,
                "comments": 0,
                "shares": 0
            },
            "gplus": {
                "shares": 0
            },
            "pinterest": {
                "shares": 0
            },
            "linkedin": {
                "shares": 0
            },
            "stumbledupon": {
                "shares": 0
            },
            "vk": {
                "shares": 0
            }
        }
    },
    "uuid": "cc7fdc577486369ddf5765fd1a6773459bc73e38",
    "url": "https://diariocorreo.pe/deportes/fbc-melgar-perdio-el-invicto-al-caer-3-1-con-alianza-atletico-en-sullana-noticia",
    "ord_in_thread": 0,
    "parent_url": null,
    "author": "Redacción Correo",
    "published": "2024-07-26T01:38:00.000+03:00",
    "title": "FBC Melgar perdió el invicto al caer 3-1 con Alianza Atlético en Sullana | DEPORTES | CORREO",
    "text": "El FBC Melgar perdió el invicto de 15 partidos en la puerta del horno de la ciudad de Sullana al caer 3-1 con Alianza Atlético, por la tercera fecha del Torneo Clausura, jugado en el estadio Campeones del 36. LEA TAMBIÉN: [Alianza Atlético vs. FBC Melgar: Rojinegros listos para rugir en el horno de Sullana] Esta vez no le funcionó la estrategia a Marco Antonio Valencia, que vio como el equipo local sacaba ventaja de la condición climática, a 31ºC. Esta vez, el cuadro rojinegro no corrió teniendo en cuenta que el encuentro se jugó a las 13:00 horas. El delantero Adrián Fernández anotó al minuto 14 el primero de la tarde con golpe de cabeza. Con este resultado se fueron al descanso. En la complementaria, Melgar salió en busca del empate, que logró por medio del defensa Leonel Galeano (49′). Sin embargo, Alianza Atlético no se quedó conforme y comenzó generar opciones de gol por todo lado. Jesús Mendieta (77″) convirtió el gol de la ventaja y cuando el partido expiraba, el ingresado Renato Espinosa (93′) aseguró de izquierda los tres puntos al vencer la resistencia de Carlos Cáceda. Valencia perdió el invicto en la ciudad de Sullana y ahora deberá enfocar su atención en el duelo con Universitario de Deportes, a jugarse el 31 de julio a las 20:00 horas en el estadio Monumental de la Unsa. Melgar se quedó con seis puntos.",
    "highlightText": "",
    "highlightTitle": "",
    "highlightThreadTitle": "",
    "language": "spanish",
    "sentiment": "negative",
    "categories": [
        "Sport"
    ],
    "webz_reporter": false,
    "external_links": [],
    "external_images": [],
    "entities": {
        "persons": [],
        "organizations": [],
        "locations": []
    },
    "rating": null,
    "crawled": "2024-07-26T01:57:52.422+03:00",
    "updated": "2024-07-26T05:07:12.748+03:00"
}