{
    "thread": {
        "uuid": "adb4ae666885a7e2e6ea1ab5258a48cff179459e",
        "url": "https://411mania.com/wrestling/corey-graves-reacts-unprotected-chairshot-jack-perry-aew-dynamite",
        "site_full": "411mania.com",
        "site": "411mania.com",
        "site_section": "https://411mania.com/feed",
        "site_categories": [
            "television",
            "entertainment"
        ],
        "section_title": "411MANIA",
        "title": "Corey Graves Reacts To Unprotected Chairshot to Jack Perry On AEW Dynamite",
        "title_full": "Corey Graves Reacts To Unprotected Chairshot to Jack Perry On AEW Dynamite",
        "published": "2024-07-26T01:23:00.000+03:00",
        "replies_count": 0,
        "participants_count": 1,
        "site_type": "news",
        "country": "US",
        "main_image": "https://411mania.com/wp-content/uploads/2017/09/Corey-Graves-150x150.png",
        "performance_score": 0,
        "domain_rank": 28566,
        "domain_rank_updated": "2024-07-23T13:08:24.000+03:00",
        "reach": null,
        "social": {
            "facebook": {
                "likes": 0,
                "comments": 0,
                "shares": 0
            },
            "gplus": {
                "shares": 0
            },
            "pinterest": {
                "shares": 0
            },
            "linkedin": {
                "shares": 0
            },
            "stumbledupon": {
                "shares": 0
            },
            "vk": {
                "shares": 0
            }
        }
    },
    "uuid": "adb4ae666885a7e2e6ea1ab5258a48cff179459e",
    "url": "https://411mania.com/wrestling/corey-graves-reacts-unprotected-chairshot-jack-perry-aew-dynamite",
    "ord_in_thread": 0,
    "parent_url": null,
    "author": "Jeremy Thomas",
    "published": "2024-07-26T01:23:00.000+03:00",
    "title": "Corey Graves Reacts To Unprotected Chairshot to Jack Perry On AEW Dynamite",
    "text": "[wrestling](/wrestling/) / [News](/wrestling/category/News/) Corey Graves Reacts To Unprotected Chairshot to Jack Perry On AEW Dynamite Corey Graves wasn’t a fan of Jack Perry taking an unprotected chairshot to the head on last night’s AEW Dynamite. The Blood & Guts match that main evented last night’s show saw Perry get handcuffed to the side of the cage, and at one point Mark Briscoe waffled him in the head with a chair. Graves, who retired from the ring due to concussion issues, posted to his Twitter account and wrote: “This is not meant to sound judgmental, or incite ‘us vs. them’ or question anybody’s passion, or talent or intentions. This is just coming from a guy whose career ended from a few too many ACCIDENTAL headshots. The ART of this business is protecting ourselves and each other. Trust me…the gaps in memory are not worth it. I promise.” Graves has since deleted the tweet. Some fans online have defended the spot, arguing that the chair was gimmicked. You can see Graves’ tweet and a clip of the chair shot in the below tweet: In a now deleted tweet, Corey Graves seemingly responded to Jack Perry taking an unprotected chair shot to the head during the [#AEWBloodAndGuts]Match on [#AEWDynamite]on Wednesday. I couldn’t agree more. 👏 I don’t understand how people can argue/attack someone for being RIGHT. [pic.twitter.com/7EU5P3McDB] — PW Chronicle (@_PWChronicle) [July 25, 2024]",
    "highlightText": "",
    "highlightTitle": "",
    "highlightThreadTitle": "",
    "language": "english",
    "sentiment": "negative",
    "categories": [
        "Sport"
    ],
    "webz_reporter": false,
    "external_links": [],
    "external_images": [],
    "entities": {
        "persons": [
            {
                "name": "chai",
                "sentiment": "negative"
            },
            {
                "name": "jack perry",
                "sentiment": "negative"
            },
            {
                "name": "corey graves",
                "sentiment": "negative"
            },
            {
                "name": "mark briscoe",
                "sentiment": "none"
            },
            {
                "name": "perry",
                "sentiment": "none"
            },
            {
                "name": "graves",
                "sentiment": "none"
            }
        ],
        "organizations": [
            {
                "name": "aew dynamite",
                "sentiment": "negative"
            },
            {
                "name": "aew",
                "sentiment": "none"
            }
        ],
        "locations": []
    },
    "rating": null,
    "crawled": "2024-07-26T01:27:05.072+03:00",
    "updated": "2024-07-26T01:37:38.077+03:00"
}