{
    "thread": {
        "uuid": "d8281ff88d11811bb4b6902733cce65bb76a757c",
        "url": "https://www.tvazteca.com/aztecadeportes/multas-leagues-cup-para-quienes-critiquen",
        "site_full": "www.tvazteca.com",
        "site": "tvazteca.com",
        "site_section": "https://www.tvazteca.com/aztecadeportes/",
        "site_categories": [
            "vehicles"
        ],
        "section_title": "Noticias de Deportes, Futbol, Box y más por Azteca Deportes",
        "title": "La CONCACAF multará con casi 500 mil pesos a quienes critiquen la Leagues Cup",
        "title_full": "La CONCACAF multará con casi 500 mil pesos a quienes critiquen la Leagues Cup",
        "published": "2024-07-25T23:51:00.000+03:00",
        "replies_count": 0,
        "participants_count": 1,
        "site_type": "news",
        "country": "MX",
        "main_image": "https://tvazteca.brightspotcdn.com/dims4/default/e7b5f46/2147483647/strip/true/crop/1920x1008+0+2/resize/1200x630!/quality/90/?url=http%3A%2F%2Ftv-azteca-brightspot.s3.amazonaws.com%2Ffe%2Fc1%2F21c524c34ca786147804a040f1ae%2Fproyecto-nuevo-58.jpg",
        "performance_score": 0,
        "domain_rank": 26975,
        "domain_rank_updated": "2024-07-23T13:08:24.000+03:00",
        "reach": null,
        "social": {
            "facebook": {
                "likes": 0,
                "comments": 0,
                "shares": 0
            },
            "gplus": {
                "shares": 0
            },
            "pinterest": {
                "shares": 0
            },
            "linkedin": {
                "shares": 0
            },
            "stumbledupon": {
                "shares": 0
            },
            "vk": {
                "shares": 0
            }
        }
    },
    "uuid": "d8281ff88d11811bb4b6902733cce65bb76a757c",
    "url": "https://www.tvazteca.com/aztecadeportes/multas-leagues-cup-para-quienes-critiquen",
    "ord_in_thread": 0,
    "parent_url": null,
    "author": "Juan Manuel Arróniz",
    "published": "2024-07-25T23:51:00.000+03:00",
    "title": "La CONCACAF multará con casi 500 mil pesos a quienes critiquen la Leagues Cup",
    "text": "La Leagues Cup está por comenzar y todos los participantes están bajo advertencia directa de la Concacaf , toda vez que el organismo ha advertido sobre las elevadas multas que podrían enfrentar quienes critiquen la competición que une a equipos de la Liga BBVA MX y MLS en un mismo lugar. Los partidos comenzarán desde este viernes 26 de julio.\nYa desde hace algunos días se pronunciaron en contra del calendario y de la idea de pausar el Apertura 2024 algunos entrenadores, entre ellos Martín Anselmi del Cruz Azul y Renato Paiva del Toluca . Sucede que apenas se jugó la Jornada 4 y el torneo se reanudará dentro de un mes, cuando muchas cosas pueden haber cambiado. Los celestes son primeros de la clasificación con 10 puntos, mientras los choriceros se ubican quintos con ocho unidades.\nEsto es el Petanca, un divertido juego de Francia\nTe puede interesar: ¿Una ganga? Esto pagarían en Europa por Heriberto Jurado\nLas multas no solo afectarán a los técnicos, también irán contra los jugadores y las autoridades de los 47 clubes que buscarán hacerse con el trofeo de la zona. Sin importar la personalidad que sea afectada, ciertamente será doloroso, pues el costo por ser crítico con la organización del certamen es de 25 mil dólares, equivalentes a unos 450 mil pesos mexicanos.\nCabe mencionar que los equipos de la MLS llegan con mucho más ritmo que los del lado sur de la frontera, pues han jugado casi 30 jornadas contra las cuatro que se han disputado en México . Cabe señalar que el América y el Columbus descansarán durante la fase de grupos, ya que son los campeones de sus respectivas ligas.\nDebemos recordar que durante el desarrollo de la Copa América en los Estados Unidos existieron varias quejas en contra de la organización del torneo, algunas dirigidas hacia la seguridad, otras hacia la calidad de las canchas. Entre los más notorios estuvieron los reclamos de Marcelo Bielsa , director técnico de Uruguay .\nDisfruta del Pumas vs Austin de Leagues Cup con nosotros Los Pumas de la UNAM inician su andar en la Leagues Cup 2024 este viernes 26 de julio en contra del Austin . Podrás disfrutar del partido a través de Azteca 7 a partir de las 18:50 horas, tiempo del centro de México.\nTe puede interesar: México es campeón de la Copa América de Fut-7\n¿La Liga BBVA MX podrá vencer a la MLS en la Leagues Cup?\nClub América Cruz Azul Toluca FC ¡Noticias deportivas de hoy, sigue a TV Azteca Deportes en Google News!",
    "highlightText": "",
    "highlightTitle": "",
    "highlightThreadTitle": "",
    "language": "spanish",
    "sentiment": "negative",
    "categories": [
        "Social Issue",
        "Politics",
        "Sport"
    ],
    "webz_reporter": false,
    "external_links": [
        "https://pubads.g.doubleclick.net/gampad/live/ads?pp=default&cmsid=2586691&ad_type=audio_video&description_url=https%3A%2F%2Fwww.tvazteca.com%2Faztecadeportes%2Flos-protagonistas&hl=es&sz=640x480&ad_rule=1&ads%3Fsz=640x480&vpmute=1&gdfp_req=1&env=instream&iu=%2F29782907%2Faztecadeportes%2FInternacional%2FLeagues-Cup%2FLeagues-Cup-Notas%2FLeagues-Cup-Notas-nota&url=https%3A%2F%2Fwww.tvazteca.com%2Faztecadeportes%2Flos-protagonistas&ciu_szs=&output=xml_vmap1&vid=66a0998ea3ad2e1c569e5067&cust_params=duration%3Dunder5min%26Entre_ID%",
        "https://pubads.g.doubleclick.net/gampad/live/ads?pp=default&cmsid=2586691&ad_type=audio_video&description_url=https%3A%2F%2Fwww.tvazteca.com%2Faztecadeportes%2Flos-protagonistas&hl=es&sz=640x480&ad_rule=1&ads%3Fsz=640x480&vpmute=1&gdfp_req=1&env=instream&iu=%2F29782907%2Faztecadeportes%2FInternacional%2FLeagues-Cup%2FLeagues-Cup-Notas%2FLeagues-Cup-Notas-nota&url=https%3A%2F%2Fwww.tvazteca.com%2Faztecadeportes%2Flos-protagonistas&ciu_szs=&output=xml_vmap1&vid=66a0a157313e4b2601fe7b27&cust_params=duration%3Dunder5min%26Entre_ID%",
        "https://content.uplynk.com/66a0998ea3ad2e1c569e5067.m3u8",
        "https://bit.ly/3rl6cFe",
        "https://content.uplynk.com/66a0a157313e4b2601fe7b27.m3u8",
        "https://www.content.uplynk.com/66a0a157313e4b2601fe7b27.m3u8",
        "https://www.pubads.g.doubleclick.net/gampad/live/ads?pp=default&cmsid=2586691&ad_type=audio_video&description_url=https%3A%2F%2Fwww.tvazteca.com%2Faztecadeportes%2Flos-protagonistas&hl=es&sz=640x480&ad_rule=1&ads%3Fsz=640x480&vpmute=1&gdfp_req=1&env=instream&iu=%2F29782907%2Faztecadeportes%2FInternacional%2FLeagues-Cup%2FLeagues-Cup-Notas%2FLeagues-Cup-Notas-nota&url=https%3A%2F%2Fwww.tvazteca.com%2Faztecadeportes%2Flos-protagonistas&ciu_szs=&output=xml_vmap1&vid=66a0a157313e4b2601fe7b27&cust_params=duration%3Dunder5min%26Entre_ID%",
        "https://www.content.uplynk.com/66a0998ea3ad2e1c569e5067.m3u8",
        "https://www.pubads.g.doubleclick.net/gampad/live/ads?pp=default&cmsid=2586691&ad_type=audio_video&description_url=https%3A%2F%2Fwww.tvazteca.com%2Faztecadeportes%2Flos-protagonistas&hl=es&sz=640x480&ad_rule=1&ads%3Fsz=640x480&vpmute=1&gdfp_req=1&env=instream&iu=%2F29782907%2Faztecadeportes%2FInternacional%2FLeagues-Cup%2FLeagues-Cup-Notas%2FLeagues-Cup-Notas-nota&url=https%3A%2F%2Fwww.tvazteca.com%2Faztecadeportes%2Flos-protagonistas&ciu_szs=&output=xml_vmap1&vid=66a0998ea3ad2e1c569e5067&cust_params=duration%3Dunder5min%26Entre_ID%",
        "https://www.bit.ly/3rl6cFe",
        "https://pubads.g.doubleclick.net/gampad/live/ads"
    ],
    "external_images": [],
    "entities": {
        "persons": [],
        "organizations": [],
        "locations": []
    },
    "rating": null,
    "crawled": "2024-07-26T00:11:36.889+03:00",
    "updated": "2024-07-26T00:11:36.889+03:00"
}