{
    "thread": {
        "uuid": "0218e5c341a0926f2b41ebe750715926673b5289",
        "url": "https://www.oursportscentral.com/services/releases/keys-finish-seven-game-road-trip-with-loss-against-spikes/n-6128271",
        "site_full": "www.oursportscentral.com",
        "site": "oursportscentral.com",
        "site_section": "http://www.oursportscentral.com/feeds/Baseball.xml",
        "site_categories": [
            "sports"
        ],
        "section_title": "OurSports Central Baseball News",
        "title": "Keys Finish Seven-Game Road Trip with Loss against Spikes",
        "title_full": "Keys Finish Seven-Game Road Trip with Loss against Spikes",
        "published": "2024-07-26T00:07:00.000+03:00",
        "replies_count": 0,
        "participants_count": 1,
        "site_type": "news",
        "country": "US",
        "main_image": "https://www.oursportscentral.com/graphics/teams/carl_frederick_keys19.png",
        "performance_score": 0,
        "domain_rank": 33202,
        "domain_rank_updated": "2024-07-23T13:08:24.000+03:00",
        "reach": null,
        "social": {
            "facebook": {
                "likes": 0,
                "comments": 0,
                "shares": 0
            },
            "gplus": {
                "shares": 0
            },
            "pinterest": {
                "shares": 0
            },
            "linkedin": {
                "shares": 0
            },
            "stumbledupon": {
                "shares": 0
            },
            "vk": {
                "shares": 0
            }
        }
    },
    "uuid": "0218e5c341a0926f2b41ebe750715926673b5289",
    "url": "https://www.oursportscentral.com/services/releases/keys-finish-seven-game-road-trip-with-loss-against-spikes/n-6128271",
    "ord_in_thread": 0,
    "parent_url": null,
    "author": "Frederick Keys",
    "published": "2024-07-26T00:07:00.000+03:00",
    "title": "Keys Finish Seven-Game Road Trip with Loss against Spikes",
    "text": "Keys Finish Seven-Game Road Trip with Loss against Spikes\nJuly 25, 2024 -\nMajor League Baseball Draft League (MLBDL) Frederick Keys News Release\nState College, PA- The Frederick Keys fell in the series finale to the State College Spikes Thursday afternoon, losing the third game of the series by a score of 14-7 at Medlar Field at Lubrano Park.\nThe Keys used a six-run top of the seventh to cut the lead to as small as two, but an early eight-run advantage for the Spikes after the sixth inning handed them the series sweep at home, as Frederick returns back to the Key City for their first home game coming up on Friday against the Mahoning Valley Scrappers.\nFrederick started strong with a run in the top of the first courtesy of a wild pitch that brought home Tremayne Cobb Jr. (Troy) from third, giving the visitors an early 1-0 lead after the first half inning.\nState College got an RBI single of their own in the bottom of the first to tie the game up at one heading into the second, with each side allowing two hits in the first inning of play Thursday afternoon.\nAfter each team went scoreless in the second, the Spikes took their first lead of the day off a solo homer from Cooper Hext in the third, as State College earned a 2-1 lead entering the fourth as a result.\nFollowing a scoreless bottom of the fourth inning thrown by Harold Baez (Bethune-Cookman), Baez followed it up with a 1-2-3 fifth inning, keeping the Keys down by only one heading into the sixth at Medlar Field at Lubrano Park.\nThe Spikes added to their lead in the bottom of the sixth off two RBI singles and back-to-back bases loaded walks, while a bases clearing double bumped up the lead to eight at 9-1 approaching the seventh in Happy Valley.\nHowever, the Keys responded with six runs in the top of the seventh, after several bases loaded walks and an RBI single from Christian Jackson made it a 9-7 game entering the bottom of the seventh.\nState College came back with two runs in the bottom of the seventh off a wild pitch and an RBI groundout, but Ga'Von Wray (Georgia Southern) finished the inning strong with a strikeout, as the Spikes took an 11-7 lead going into the eighth Thursday afternoon.\nThe Spikes tacked on three more runs in the bottom of the eighth off two RBI base hits and a wild pitch, bringing the lead back up to seven for the Spikes at 14-7 heading into the ninth, with the Keys looking for another late rally.\nIn the ninth, the Keys went scoreless and fell to the Spikes in the series finale, as State College earned a home series sweep Thursday afternoon by winning the series finale 14-7.\nThe Keys return home for the first time in the second half Friday night, when they host the Mahoning Valley Scrappers at 7 p.m. at Nymeo Field at Harry Grove Stadium.\nFriday's game will represent Wrestling Night at the ballpark, with WWE Hall of Famer Jeff Jarrett present at the game. Jarrett will be available before the game for fans to meet, and there will be postgame fireworks at the conclusion of the contest.\nFrederick Keys Statistics\n• Discuss this story on the\nMajor League Baseball Draft League message board...\nMajor League Baseball Draft League Stories from July 25, 2024\nKeys Finish Seven-Game Road Trip with Loss against Spikes- Frederick Keys\nThe opinions expressed in this release are those of the organization issuing it, and do not necessarily reflect the thoughts or opinions of OurSports Central or its staff.\nOther Recent Frederick Keys Stories\nKeys Finish Seven-Game Road Trip with Loss against Spikes Keys Fall in Game Two of Three-Game Series to Spikes Keys Suffer Series Opening Loss to Spikes on the Road Keys Drop Series Finale to Crosscutters Sunday Afternoon Keys Take Down Crosscutters for Second Straight Win",
    "highlightText": "",
    "highlightTitle": "",
    "highlightThreadTitle": "",
    "language": "english",
    "sentiment": "negative",
    "categories": [
        "Sport"
    ],
    "webz_reporter": false,
    "external_links": [
        "https://www.statscrew.com/minorbaseball/stats/t-fk11618/y-2019",
        "https://statscrew.com/minorbaseball/stats/t-fk11618/y-2019"
    ],
    "external_images": [],
    "entities": {
        "persons": [
            {
                "name": "frederick",
                "sentiment": "none"
            }
        ],
        "organizations": [
            {
                "name": "mahoning valley scrappers",
                "sentiment": "none"
            },
            {
                "name": "state college spikes",
                "sentiment": "none"
            },
            {
                "name": "frederick keys news release state college",
                "sentiment": "none"
            }
        ],
        "locations": [
            {
                "name": "key city",
                "sentiment": "none"
            },
            {
                "name": "lubrano park",
                "sentiment": "none"
            },
            {
                "name": "medlar field",
                "sentiment": "none"
            }
        ]
    },
    "rating": null,
    "crawled": "2024-07-26T00:07:36.893+03:00",
    "updated": "2024-07-26T00:07:36.893+03:00"
}