{
    "thread": {
        "uuid": "2cc98646aae8586982112cd9e9d4e0bc11239a5e",
        "url": "https://www.elcomercio.com/deportes/copa-sudamericana-clubes-ecuador-idv-barcelona-liga.html",
        "site_full": "www.elcomercio.com",
        "site": "elcomercio.com",
        "site_section": "https://www.elcomercio.com/deportes/",
        "site_categories": [
            "media",
            "world_soccer",
            "sports",
            "top_news"
        ],
        "section_title": null,
        "title": "¿Por qué la Copa Sudamericana es un reto para clubes ecuatorianos?",
        "title_full": "¿Por qué la Copa Sudamericana es un reto para clubes ecuatorianos?",
        "published": "2024-07-25T23:25:00.000+03:00",
        "replies_count": 0,
        "participants_count": 1,
        "site_type": "news",
        "country": "EC",
        "main_image": "",
        "performance_score": 0,
        "domain_rank": 12290,
        "domain_rank_updated": "2024-07-23T13:08:24.000+03:00",
        "reach": null,
        "social": {
            "facebook": {
                "likes": 0,
                "comments": 0,
                "shares": 0
            },
            "gplus": {
                "shares": 0
            },
            "pinterest": {
                "shares": 0
            },
            "linkedin": {
                "shares": 0
            },
            "stumbledupon": {
                "shares": 0
            },
            "vk": {
                "shares": 0
            }
        }
    },
    "uuid": "2cc98646aae8586982112cd9e9d4e0bc11239a5e",
    "url": "https://www.elcomercio.com/deportes/copa-sudamericana-clubes-ecuador-idv-barcelona-liga.html",
    "ord_in_thread": 0,
    "parent_url": null,
    "author": "Paulo Álvarez",
    "published": "2024-07-25T23:25:00.000+03:00",
    "title": "¿Por qué la Copa Sudamericana es un reto para clubes ecuatorianos?",
    "text": "La reanudación de la Copa Sudamericana no trajo buenos réditos para los clubes ecuatorianos en los dieciseisavos de final. De cuatro clasificados, tres fueron eliminados y uno resta por definir su futuro en el certamen.\nDespués de la para de más de un mes a causa de la Copa América y el fin de la primera etapa de la Liga Pro, los clubes del país que se mantenían en torneos internacionales volvieron a tener acción. Todos lo hicieron en la Sudamericana, pues en Copa Libertadores no queda ninguno y aquel torneo aún no empieza su última fase .\nMás noticias: Universidad Católica firmó su eliminación de Copa Sudamericana Barcelona SC pierde sobre la hora y queda fuera de Copa Sudamericana Independiente del Valle no pudo ser ‘matagigantes’ y cayó ante Boca Juniors En el torneo continental, Universidad Católica, Independiente del Valle y Barcelona SC definieron su pase hacia los octavos de final en el mismo día, el 24 de julio del 2024. Los celestes buscaban dar vuelta a la serie, mientras que rayados y toreros tenían la llave abierta, pero debían imponerse como visitantes.\nEl primer elenco en despedirse del certamen fue la ‘ Chatoleí ‘, al equipo le sucedió el ‘Matagigantes’ y luego el ‘ Ídolo ‘. El marcador global los condenó a los tres, pues los celestes empataron y los demás cayeron.\nLiga de Quito es el único club que se mantiene en pie, sin embargo, este jueves 25 de julio deberá medirse ante Always Ready en Bolivia. A diferencia de sus demás rivales, los albos sí consiguieron un triunfo en el choque de ida.\nUniversidad Católica no pudo con la ventaja en contra En la ida de los dieciseisavos de la Copa Sudamericana , el ‘Trencito Azul’ cayó ante Libertad de Paraguay por un marcador global de 3-1. El choque de ida, en Asunción, le representó una derrota de 2-0 que debía remontar en Quito.\nEn su cotejo de vuelta, el plantel camaratta se ilusionó desde los primeros minutos. Si no podía dar vuelta a la serie, por lo menos podía forzar los penales al sacar dos goles de diferencia y un gol tempranero de José Fajardo levantó las ilusiones.\nA pesar de que el delantero panameño marcó a los seis minutos y dejó un amplio margen para engrosar el marcador, su equipo no encontró la forma de hacerlo y desperdició oportunidades. En medio de la desesperación y con todos al ataque, el delantero de Libertad Óscar Cardozo puso la igualdad en los minutos finales.\nIndependiente del Valle no aprovechó la superioridad numérica Al cotejo de Universidad Católica le sucedió el de Independiente del Valle. El plantel rayado había empatado por 0-0 en el cotejo de ida como local y tenía que ganar en la Bombonera ante Boca Juniors (Argentina).\nEn el compromiso, los ecuatorianos nunca se sintieron cómodos y fueron sofocados por el plantel ‘xeneize’. Al cierre del primer tiempo, Edinson Cavani puso el gol ‘bostero’ con la complicidad del golero Moisés Ramírez.\nAunque en la segunda mitad fue expulsado uno de los futbolistas de Boca , Independiente no supo cómo administrar el contar con un hombre más. Los argentinos se replegaron y manejaron su ventaja.\nBarcelona SC se quedó sobre la hora en Sudamericana Barcelona SC , al igual que Independiente del Valle, empató en el primer partido frente a Bragantino de Brasil. El marcador en el Monumental de Guayaquil fue de 1-1.\nA pesar de su condición de visitante y de no ser favorito, el equipo torero se puso al frente en dos ocasiones, pero los brasileros empataron. En los minutos finales, el ‘ Ídolo ‘ recibió el tercer gol en contra y perdió por un marcador de 3-2.\nLos tantos del cuadro canario fueron de Adonis Preciado y Braian Oyola . Las desatenciones defensivas y el control en el mediocampo constituyeron un factor que jugó en contra a pesar de la buena proyección en ataque.\n¿Qué pasa con los clubes ecuatorianos en Sudamericana? En todos los casos, un momento bisagra definió el futuro de Universidad Católica, Barcelona SC e Independiente del Valle . Pese a ello, los clubes tampoco llegaron con mayor ritmo de juego después del parón de la Liga Pro.\nSi bien en el mes y medio de inactividad oficial , las escuadras mantuvieron sus trabajos y realizaron amistosos. Los equipos, sin embargo, no tuvieron el mismo rigor que con los compromisos semanales que otorgan el torneo local.\nLa incorporación de refuerzos tampoco pudo ser un factor diferencial, pues estos tampoco han tenido cotejos oficiales, además de los internacionales. A su vez, los clubes han sufrido bajas y se encuentran en reestructuración .\nLiga de Quito, la única esperanza internacional del fútbol ecuatoriano Para su compromiso en la Copa Sudamericana , Liga de Quito parte como favorito. En el cotejo de ida se impuso por un marcador de 3-0 ante Always Ready de Bolivia.\nEl cambio de Josep Alcácer por el de Pablo ‘Vitamina’ Sánchez como DT le trajo otra propuesta, además de mostrarlo como un equipo arrollador ante los bolivianos. Desde su llegada, el estratega pudo armar una renovada escuadra en función de sus necesidades y estilo. A las 19:30 de este 27 de julio del 2024 buscará demostrar que la falta de partidos y el nuevo equipo no le es impedimento para mantenerse como el único equipo ecuatoriano en el torneo.",
    "highlightText": "",
    "highlightTitle": "",
    "highlightThreadTitle": "",
    "language": "spanish",
    "sentiment": "negative",
    "categories": [
        "Social Issue",
        "Sport"
    ],
    "webz_reporter": false,
    "external_links": [
        "https://es.wikipedia.org/wiki/Copa_Sudamericana_2024",
        "https://www.es.wikipedia.org/wiki/Copa_Sudamericana_2024"
    ],
    "external_images": [],
    "entities": {
        "persons": [],
        "organizations": [],
        "locations": []
    },
    "rating": null,
    "crawled": "2024-07-26T01:00:16.930+03:00",
    "updated": "2024-07-26T01:00:16.930+03:00"
}