{
    "thread": {
        "uuid": "91b5d1104a57c29032001093a8db3852ad0b49c4",
        "url": "https://www.minutouno.com/deportes/marcelo-gallardo/la-aparicion-luego-la-dura-derrota-river-godoy-cruz-n6038681",
        "site_full": "www.minutouno.com",
        "site": "minutouno.com",
        "site_section": "https://minutouno.com",
        "site_categories": [
            "media",
            "education",
            "business",
            "top_news"
        ],
        "section_title": "Las últimas noticias de Argentina, espectáculos y deportes - minutouno",
        "title": "La aparición de Marcelo Gallardo luego de la dura derrota de River ante Godoy Cruz",
        "title_full": "La aparición de Marcelo Gallardo luego de la dura derrota de River ante Godoy Cruz",
        "published": "2024-07-25T23:54:00.000+03:00",
        "replies_count": 0,
        "participants_count": 1,
        "site_type": "news",
        "country": "AR",
        "main_image": "https://media.minutouno.com/p/82ef3c9c36b4d8da3f37dbfc792da8ea/adjuntos/150/imagenes/041/192/0041192193/marcelo-gallardojpg.jpg",
        "performance_score": 0,
        "domain_rank": 37213,
        "domain_rank_updated": "2024-07-23T13:08:24.000+03:00",
        "reach": null,
        "social": {
            "facebook": {
                "likes": 0,
                "comments": 0,
                "shares": 0
            },
            "gplus": {
                "shares": 0
            },
            "pinterest": {
                "shares": 0
            },
            "linkedin": {
                "shares": 0
            },
            "stumbledupon": {
                "shares": 0
            },
            "vk": {
                "shares": 0
            }
        }
    },
    "uuid": "91b5d1104a57c29032001093a8db3852ad0b49c4",
    "url": "https://www.minutouno.com/deportes/marcelo-gallardo/la-aparicion-luego-la-dura-derrota-river-godoy-cruz-n6038681",
    "ord_in_thread": 0,
    "parent_url": null,
    "author": "minutounocom",
    "published": "2024-07-25T23:54:00.000+03:00",
    "title": "La aparición de Marcelo Gallardo luego de la dura derrota de River ante Godoy Cruz",
    "text": "La aparición de Marcelo Gallardo luego de la dura derrota de River ante Godoy Cruz En el medio de las críticas hacia Martín Demichelis por el momento del equipo, el Muñeco pasa sus días en Argentina e ilusiona a los hinchas. Luego de la dura derrota de River 2-1 ante Godoy Cruz de Mendoza por la septima fecha de la Liga Profesional de Fútbol, todas las críticas fueron para Martín Demichelis que no termina de encontrar el equipo. Por esta razón, los hinchas parecen tener cada vez menos paciencia a muy poco tiempo del duelo ante Talleres de Córdoba por los octavos de final de la Copa Libertadores de América. Y como si fuera poco, en las últimas horas se vio a Marcelo Gallardo en el país y fue motivo más que suficiente para que muchos fanáticos empiecen a pedir por su vuelta. Vale recordar que el entrenador se encuentra descansando luego de su flojo paso por Al-Ittihad de Arabia Saudita dónde nunca se pudo acomodar y se terminó peleando con Karim Benzemá, uno de los grandes referentes del equipo. Si bien es muy complicado que se de un regreso del histórico DT, los hinchas del Millonario no quieren perder las esperanzas y en las redes sociales recordaron los gloriosos momentos de aquel equipo que consiguió, entre otras cosas, dos copas liberadores en muy pocos años. Qué hacía Marcelo Gallardo durante la derrota de River con Godoy Cruz Gallardo se encuentra en la Argentina y disfruta de sus días junto a su familia. Tal es así que su esposa, Geraldine la Rosa, publicó una serie de fotos en las que se puede ver al Muñeco en el festejo de cumpleaños de su hijo menor, Benjamín, que celebró la llegada de los cinco años este miércoles, mismo día en el que River perdió en Mendoza ante el Tomba. Las imágenes fueron publicadas en formato de historia por la cuenta de Geraldine la Rosa (@gerald.larosa). En una de las fotos más destacadasaparece el Muñeco abrazando a dos de sus hijos, Benjamín y Nahuel, conuna torta en el medio(con la temática de la película IntensaMente) por los cinco años del menor de la familia. “Gracias familia, gracias amigos por tan lindo momento compartido. La pasé genial. Los amo”, escribió. Dejá tu comentario Te puede interesar Las Más Leídas",
    "highlightText": "",
    "highlightTitle": "",
    "highlightThreadTitle": "",
    "language": "spanish",
    "sentiment": "negative",
    "categories": [
        "Human Interest",
        "Sport"
    ],
    "webz_reporter": false,
    "external_links": [],
    "external_images": [],
    "entities": {
        "persons": [],
        "organizations": [],
        "locations": []
    },
    "rating": null,
    "crawled": "2024-07-26T00:38:53.227+03:00",
    "updated": "2024-07-26T00:38:53.227+03:00"
}