{
    "thread": {
        "uuid": "02ed2d743245b9459b152777612374a747605b93",
        "url": "https://www.lifeandstylemag.com/posts/travis-kelces-blowup-moments-yelling-shoving-and-more",
        "site_full": "www.lifeandstylemag.com",
        "site": "lifeandstylemag.com",
        "site_section": "https://www.lifeandstylemag.com/feed",
        "site_categories": [
            "celebrity_fan_gossip",
            "entertainment"
        ],
        "section_title": "Life & Style",
        "title": "Travis Kelce's Blowup Moments: Yelling, Shoving and More",
        "title_full": "Travis Kelce's Blowup Moments: Yelling, Shoving and More | Life & Style",
        "published": "2024-07-25T21:12:00.000+03:00",
        "replies_count": 0,
        "participants_count": 0,
        "site_type": "news",
        "country": "US",
        "main_image": "https://www.lifeandstylemag.com/wp-content/uploads/2024/07/Travis-Kelces-Blowup-Moments-Yelling-Shoving-and-More-2.jpg?crop=0px%2C0px%2C3000px%2C1576px&#038;resize=1200%2C630&#038;quality=86&#038;strip=all",
        "performance_score": 0,
        "domain_rank": 15094,
        "domain_rank_updated": "2024-07-23T13:08:24.000+03:00",
        "reach": null,
        "social": {
            "facebook": {
                "likes": 0,
                "comments": 0,
                "shares": 0
            },
            "gplus": {
                "shares": 0
            },
            "pinterest": {
                "shares": 0
            },
            "linkedin": {
                "shares": 0
            },
            "stumbledupon": {
                "shares": 0
            },
            "vk": {
                "shares": 0
            }
        }
    },
    "uuid": "02ed2d743245b9459b152777612374a747605b93",
    "url": "https://www.lifeandstylemag.com/posts/travis-kelces-blowup-moments-yelling-shoving-and-more",
    "ord_in_thread": 0,
    "parent_url": null,
    "author": null,
    "published": "2024-07-25T21:12:00.000+03:00",
    "title": "Travis Kelce's Blowup Moments: Yelling, Shoving and More",
    "text": "Travis Kelce gets pretty emotional about things that he feels passionately about. Unfortunately, that's resulted in a number of blowups on the football field that have included yelling, shoving and more. While he's kept his cool around girlfriend Taylor Swift, fans were shocked when Travis began screaming at Kansas City Chiefs head coach Andy Reid during the 2024 Super Bowl, even making physical contact with his boss. Fortunately for the athlete, Andy was more forgiving than some viewers who thought Travis should have been suspended for his actions. \"He loves to play the game and he wants to help his team win, and it’s not a selfish thing,\" the coach said after the team won their fourth Super Bowl title. It wasn't the first time nor was it the last that Travis' temper got the better of him.",
    "highlightText": "",
    "highlightTitle": "",
    "highlightThreadTitle": "",
    "language": "english",
    "sentiment": "negative",
    "categories": [
        "Arts, Culture and Entertainment",
        "Human Interest",
        "Sport"
    ],
    "webz_reporter": false,
    "external_links": [
        "https://x.com/KCSportsNetwork/status/1816135986516308435?ref_src=twsrc%5Etfw%7Ctwcamp%5Etweetembed%7Ctwterm%5E1816135986516308435%7Ctwgr%5Ed0181494b295f85f10183e788dad4653a18ecce6%7Ctwcon%5Es1_&ref_url=https%3A%2F%2Fwww.foxnews.com%2Fsports%2Ftravis-kelce-pushes-teammate-heated-skirmish-during-chiefs-training-camp",
        "https://www.x.com/KCSportsNetwork/status/1816135986516308435?ref_src=twsrc%5Etfw%7Ctwcamp%5Etweetembed%7Ctwterm%5E1816135986516308435%7Ctwgr%5Ed0181494b295f85f10183e788dad4653a18ecce6%7Ctwcon%5Es1_&ref_url=https%3A%2F%2Fwww.foxnews.com%2Fsports%2Ftravis-kelce-pushes-teammate-heated-skirmish-during-chiefs-training-camp",
        "https://www.x.com/NFLRT/status/1739366894107349049",
        "https://www.x.com/moonlithoax/status/1728915312194777468?ref_src=twsrc%5Etfw%7Ctwcamp%5Etweetembed%7Ctwterm%5E1728915312194777468%7Ctwgr%5E5a957500beb5a27db3fe4b0bc51789f86abcd8ab%7Ctwcon%5Es1_&ref_url=https%3A%2F%2Fpeople.com%2Ftravis-kelce-gets-into-scuffle-during-record-breaking-game-8406792",
        "http://www.amazon.com/exec/obidos/ASIN/B08GKQ9ZQ6",
        "https://x.com/tkelce/status/1685341806286794753",
        "http://amazon.com/exec/obidos/ASIN/B08GKQ9ZQ6",
        "https://x.com/moonlithoax/status/1728915312194777468",
        "https://www.x.com/tkelce/status/1685341806286794753",
        "https://x.com/moonlithoax/status/1728915312194777468?ref_src=twsrc%5Etfw%7Ctwcamp%5Etweetembed%7Ctwterm%5E1728915312194777468%7Ctwgr%5E5a957500beb5a27db3fe4b0bc51789f86abcd8ab%7Ctwcon%5Es1_&ref_url=https%3A%2F%2Fpeople.com%2Ftravis-kelce-gets-into-scuffle-during-record-breaking-game-8406792",
        "https://x.com/KCSportsNetwork/status/1816135986516308435",
        "https://x.com/NFLRT/status/1739366894107349049"
    ],
    "external_images": [],
    "entities": {
        "persons": [
            {
                "name": "travis kelce",
                "sentiment": "negative"
            },
            {
                "name": "taylor swift",
                "sentiment": "none"
            },
            {
                "name": "george",
                "sentiment": "none"
            },
            {
                "name": "travis",
                "sentiment": "none"
            },
            {
                "name": "andy reid",
                "sentiment": "none"
            },
            {
                "name": "george karlaftis",
                "sentiment": "none"
            },
            {
                "name": "kadari",
                "sentiment": "none"
            },
            {
                "name": "andy",
                "sentiment": "none"
            }
        ],
        "organizations": [
            {
                "name": "kansas city chiefs",
                "sentiment": "none"
            },
            {
                "name": "michael owens/getty images training camp",
                "sentiment": "none"
            }
        ],
        "locations": []
    },
    "rating": null,
    "crawled": "2024-07-26T01:28:02.298+03:00",
    "updated": "2024-07-26T04:07:36.998+03:00"
}