{
    "thread": {
        "uuid": "1689ef2f34c4ae1de0f1c7259000d7b67687aa9b",
        "url": "https://brobible.com/sports/article/olympics-water-polo-tilly-kearns-viral-tiktok-china-scratch",
        "site_full": "brobible.com",
        "site": "brobible.com",
        "site_section": "https://brobible.com/rss",
        "site_categories": [],
        "section_title": "BroBible",
        "title": "Australian Water Polo Star Reveals Brutal Aftermath Of Getting Scratched By China Before Olympics",
        "title_full": "Australian Water Polo Star Reveals Brutal Aftermath Of Getting Scratched By China Before Olympics",
        "published": "2024-07-26T00:17:00.000+03:00",
        "replies_count": 0,
        "participants_count": 1,
        "site_type": "news",
        "country": "US",
        "main_image": "https://brobible.com/wp-content/uploads/2024/07/olympics-water-polo-tilly-kearns-scratch.jpg",
        "performance_score": 0,
        "domain_rank": 10723,
        "domain_rank_updated": "2024-07-23T13:08:24.000+03:00",
        "reach": null,
        "social": {
            "facebook": {
                "likes": 0,
                "comments": 0,
                "shares": 0
            },
            "gplus": {
                "shares": 0
            },
            "pinterest": {
                "shares": 0
            },
            "linkedin": {
                "shares": 0
            },
            "stumbledupon": {
                "shares": 0
            },
            "vk": {
                "shares": 0
            }
        }
    },
    "uuid": "1689ef2f34c4ae1de0f1c7259000d7b67687aa9b",
    "url": "https://brobible.com/sports/article/olympics-water-polo-tilly-kearns-viral-tiktok-china-scratch",
    "ord_in_thread": 0,
    "parent_url": null,
    "author": "Grayson Weir",
    "published": "2024-07-26T00:17:00.000+03:00",
    "title": "Australian Water Polo Star Reveals Brutal Aftermath Of Getting Scratched By China Before Olympics",
    "text": "Getty Image Australian water polo star Tilly Kearns is one of the biggest personalities to watch at the Olympics in Paris this month. She will not look forward to playing China in the opening round of pool play on Saturday!\nThe Chinese side is apparently known to be especially vicious in the pool.\nKearns, a 23-year-old centre forward for Team Australia, hails from Sydney and plays for USC on the collegiate level. Her birth name is Matilda but she goes by Tilly .\nView this profile on Instagram TK (@ tillykearns ) • Instagram photos and videos\nPart of what makes Kearns so endearing, beyond her vivacious personality, is her behind-the-scenes content from a sport that most people don’t know all that much about. She has nearly 500,000 followers on TikTok because of her ability to bring water polo to the mainstream through fun and entertaining human interest stories.\nHowever, when it comes to playing against China, “fun” might be the wrong word.\nKearns’ most viral video showed the aftermath of a match against the Chinese side around this time last year. Her chest was scarred with numerous nasty scratches from the nails of her opponents.\n@tillykearns Where was our NAIL CHECK #waterpolo\n♬ original sound – Tilly Kearns\nIt was not a one-time thing! Australia warmed up for the Olympics with some (not-so) friendly training matches against China in the spring.\nKearns, once again, had scratches all over her body.\n@tillykearns Just some friendly training games 😃 #waterpolo\n♬ Funny – Gold-Tiger\nShe tried her best to prevent additional scratches but the efforts failed.\n@tillykearns Replying to @Bo 🪲 the chlorine burn is a whole other story\n♬ Monkeyshine-JP – Lt FitzGibbons Men\nEvery athlete’s fingernails and toenails must be trimmed prior to a match so that scratches of this nature are kept to a minimum. It doesn’t always work, clearly, and there is no other method of prevention!\n@tillykearns Replying to @vikingangel4 SO HARD TO PLAY if the opposition is slippery\n♬ Carmen Habanera, classical opera(1283412) – perfectpanda\nWomen’s water polo will commence at the Olympics this weekend. Australia opens up competition on Saturday against its first Group A opponent, China.\nTilly Kearns could not be more excited. She obviously loves playing against the Chinese side!\nWho wouldn’t enjoy getting scratched across the chest for 40-straight minutes??",
    "highlightText": "",
    "highlightTitle": "",
    "highlightThreadTitle": "",
    "language": "english",
    "sentiment": "negative",
    "categories": [
        "Human Interest",
        "War, Conflict and Unrest",
        "Sport"
    ],
    "webz_reporter": false,
    "external_links": [
        "https://www.olympics.com.au/olympians/tilly-kearns",
        "https://olympics.com.au/olympians/tilly-kearns/",
        "https://www.olympics.com.au/olympians/tilly-kearns/"
    ],
    "external_images": [],
    "entities": {
        "persons": [
            {
                "name": "tilly kearns",
                "sentiment": "neutral"
            },
            {
                "name": "tilly",
                "sentiment": "none"
            },
            {
                "name": "kearns",
                "sentiment": "none"
            },
            {
                "name": "matilda",
                "sentiment": "none"
            }
        ],
        "organizations": [
            {
                "name": "usc",
                "sentiment": "none"
            }
        ],
        "locations": [
            {
                "name": "china",
                "sentiment": "none"
            },
            {
                "name": "sydney",
                "sentiment": "none"
            },
            {
                "name": "paris",
                "sentiment": "none"
            },
            {
                "name": "team australia",
                "sentiment": "none"
            }
        ]
    },
    "rating": null,
    "crawled": "2024-07-26T00:42:50.787+03:00",
    "updated": "2024-07-26T01:33:59.370+03:00"
}