{
    "thread": {
        "uuid": "37c45ff92a52ab98feb0ca8ef0980582461b6975",
        "url": "https://www.sportingnews.com/us/soccer/news/sophia-smith-injury-update-uswnt/26d0394365028dc6fac3e67f",
        "site_full": "www.sportingnews.com",
        "site": "sportingnews.com",
        "site_section": "https://www.sportingnews.com/us/news",
        "site_categories": [
            "sports"
        ],
        "section_title": "All Sporting News  News &amp; Video -  Sporting News",
        "title": "Sophia Smith injury update: USWNT star exits matchup with Zambia with apparent leg injury | Sporting News",
        "title_full": "Sophia Smith injury update: USWNT star exits matchup with Zambia with apparent leg injury | Sporting News",
        "published": "2024-07-26T01:12:00.000+03:00",
        "replies_count": 0,
        "participants_count": 1,
        "site_type": "news",
        "country": "US",
        "main_image": "https://ng-sportingnews.com/s3/files/styles/crop_style_16_9_desktop/s3/2024-07/Sophia-Smith-072524-getty-ftr.jpg?h=920929c4&amp;itok=fmv-qqUm",
        "performance_score": 0,
        "domain_rank": 2868,
        "domain_rank_updated": "2024-07-23T13:08:24.000+03:00",
        "reach": null,
        "social": {
            "facebook": {
                "likes": 0,
                "comments": 0,
                "shares": 1
            },
            "gplus": {
                "shares": 0
            },
            "pinterest": {
                "shares": 0
            },
            "linkedin": {
                "shares": 0
            },
            "stumbledupon": {
                "shares": 0
            },
            "vk": {
                "shares": 0
            }
        }
    },
    "uuid": "37c45ff92a52ab98feb0ca8ef0980582461b6975",
    "url": "https://www.sportingnews.com/us/soccer/news/sophia-smith-injury-update-uswnt/26d0394365028dc6fac3e67f",
    "ord_in_thread": 0,
    "parent_url": null,
    "author": "David Suggs",
    "published": "2024-07-26T01:12:00.000+03:00",
    "title": "Sophia Smith injury update: USWNT star exits matchup with Zambia with apparent leg injury | Sporting News",
    "text": "Sophia Smith, one of USWNT's most important players, exited Thursday's clash with Zambia after appearing to suffer a leg injury.\"",
    "highlightText": "",
    "highlightTitle": "",
    "highlightThreadTitle": "",
    "language": "english",
    "sentiment": "negative",
    "categories": [
        "Health",
        "Sport"
    ],
    "webz_reporter": false,
    "external_links": [
        "https://www.nytimes.com/athletic/5633829/2024/07/12/catarina-macario-uswnt-olympics-knee-injury/#",
        "https://www.espn.com/olympics/story/_/id/40639992/olympics-2024-usa-jaedyn-shaw-zambia-leg-injury",
        "https://nytimes.com/athletic/5633829/2024/07/12/catarina-macario-uswnt-olympics-knee-injury/#",
        "https://espn.com/olympics/story/_/id/40639992/olympics-2024-usa-jaedyn-shaw-zambia-leg-injury"
    ],
    "external_images": [],
    "entities": {
        "persons": [
            {
                "name": "sophia smith",
                "sentiment": "negative"
            },
            {
                "name": "emma hayes",
                "sentiment": "none"
            },
            {
                "name": "swanson",
                "sentiment": "none"
            },
            {
                "name": "smith",
                "sentiment": "none"
            },
            {
                "name": "hayes",
                "sentiment": "none"
            },
            {
                "name": "rodman",
                "sentiment": "none"
            },
            {
                "name": "naomi girma",
                "sentiment": "none"
            },
            {
                "name": "mallory swanson",
                "sentiment": "none"
            }
        ],
        "organizations": [
            {
                "name": "sporting news uswnt",
                "sentiment": "negative"
            },
            {
                "name": "trinity rodman",
                "sentiment": "none"
            },
            {
                "name": "uswnt",
                "sentiment": "none"
            }
        ],
        "locations": [
            {
                "name": "portland",
                "sentiment": "none"
            },
            {
                "name": "zambia",
                "sentiment": "none"
            },
            {
                "name": "paris",
                "sentiment": "none"
            }
        ]
    },
    "rating": null,
    "crawled": "2024-07-26T01:31:34.735+03:00",
    "updated": "2024-07-26T03:01:02.918+03:00"
}