{
    "thread": {
        "uuid": "a7a2d3f28c32b3a054b20dd42bfc601936eeaf33",
        "url": "https://www.richmond-news.com/national-sports/cfl-fines-edmonton-quarterback-bethel-thompson-for-public-criticism-of-schedule-9270024",
        "site_full": "www.richmond-news.com",
        "site": "richmond-news.com",
        "site_section": "https://www.richmond-news.com/rss",
        "site_categories": [
            "media"
        ],
        "section_title": "Richmond News: richmondnews",
        "title": "CFL fines Edmonton quarterback Bethel-Thompson for public criticism of schedule",
        "title_full": "CFL fines Edmonton quarterback Bethel-Thompson for public criticism of schedule",
        "published": "2024-07-26T00:05:00.000+03:00",
        "replies_count": 0,
        "participants_count": 1,
        "site_type": "news",
        "country": "CA",
        "main_image": "https://www.vmcdn.ca/f/files/shared/site_images/national_sports.png",
        "performance_score": 0,
        "domain_rank": 94884,
        "domain_rank_updated": "2024-07-23T13:08:50.000+03:00",
        "reach": null,
        "social": {
            "facebook": {
                "likes": 0,
                "comments": 0,
                "shares": 0
            },
            "gplus": {
                "shares": 0
            },
            "pinterest": {
                "shares": 0
            },
            "linkedin": {
                "shares": 0
            },
            "stumbledupon": {
                "shares": 0
            },
            "vk": {
                "shares": 0
            }
        }
    },
    "uuid": "a7a2d3f28c32b3a054b20dd42bfc601936eeaf33",
    "url": "https://www.richmond-news.com/national-sports/cfl-fines-edmonton-quarterback-bethel-thompson-for-public-criticism-of-schedule-9270024",
    "ord_in_thread": 0,
    "parent_url": null,
    "author": "Canadian Press",
    "published": "2024-07-26T00:05:00.000+03:00",
    "title": "CFL fines Edmonton quarterback Bethel-Thompson for public criticism of schedule",
    "text": "TORONTO — A second condemnation of the CFL schedule has earned Edmonton Elks quarterback McLeod Bethel-Thompson another fine.\nThe CFL announced Thursday it was penalizing Bethel-Thompson for a second violation of its code of conduct. Following Edmonton's 20-14 loss to Ottawa on Friday, Bethel-Thompson was publicly critical of the league having both teams play on five days rest.\nIt marked the second time this season that Bethel-Thompson has publicly criticized the league for scheduling the Elks to play games five days apart. After dropping a 39-36 decision in Toronto on June 22, Edmonton was on the short end of a 24-21 score in Vancouver to the B.C. Lions on June 27.\nThe league also fined Edmonton defensive back Loucheiz Purifoy for delivering a high hit on Ottawa receiver Bralon Addison. As well, Winnipeg linebacker Adam Bighill was fined for unnecessary roughness after driving Saskatchewan quarterback Shea Patterson into the ground late in the Riders' 19-9 victory.\nBighill was disciplined for hitting Patterson as he rolled out to pass on the final play of the game.\nAs per league policy, the amounts of the fines were not disclosed.\nThis report by The Canadian Press was first published July 25, 2024.\nThe Canadian Press",
    "highlightText": "",
    "highlightTitle": "",
    "highlightThreadTitle": "",
    "language": "english",
    "sentiment": "negative",
    "categories": [
        "Politics",
        "Human Interest",
        "Sport"
    ],
    "webz_reporter": false,
    "external_links": [],
    "external_images": [],
    "entities": {
        "persons": [
            {
                "name": "mcleod beth",
                "sentiment": "negative"
            },
            {
                "name": "thompson",
                "sentiment": "negative"
            },
            {
                "name": "loucheiz purifoy",
                "sentiment": "none"
            },
            {
                "name": "adam bighill",
                "sentiment": "none"
            },
            {
                "name": "bighill",
                "sentiment": "none"
            },
            {
                "name": "bralon addison",
                "sentiment": "none"
            },
            {
                "name": "shea patterson",
                "sentiment": "none"
            },
            {
                "name": "patterson",
                "sentiment": "none"
            }
        ],
        "organizations": [
            {
                "name": "edmonton elks",
                "sentiment": "negative"
            },
            {
                "name": "edmonton",
                "sentiment": "negative"
            },
            {
                "name": "cfl",
                "sentiment": "negative"
            },
            {
                "name": "saskatchewan",
                "sentiment": "none"
            },
            {
                "name": "b.c. lions",
                "sentiment": "none"
            }
        ],
        "locations": [
            {
                "name": "vancouver",
                "sentiment": "none"
            },
            {
                "name": "winnipeg",
                "sentiment": "none"
            },
            {
                "name": "toronto",
                "sentiment": "none"
            },
            {
                "name": "edmonton",
                "sentiment": "none"
            },
            {
                "name": "bethel",
                "sentiment": "none"
            },
            {
                "name": "ottawa",
                "sentiment": "none"
            },
            {
                "name": "toronto",
                "sentiment": "none"
            }
        ]
    },
    "rating": null,
    "crawled": "2024-07-26T00:21:53.853+03:00",
    "updated": "2024-07-26T00:21:53.853+03:00"
}