{
    "thread": {
        "uuid": "5951dfd744764acff869a4df1bd10872144aec3e",
        "url": "https://www.bol.uol.com.br/noticias/2024/07/25/nao-posso-garantir-que-nadal-vai-jogar-em-paris-adverte-seu-treinador.htm",
        "site_full": "www.bol.uol.com.br",
        "site": "uol.com.br",
        "site_section": "http://noticias.bol.uol.com.br/rss.xml",
        "site_categories": [
            "tech",
            "email",
            "top_news"
        ],
        "section_title": "Notícias - BOL",
        "title": "'Não posso garantir que Nadal vai jogar' em Paris, adverte seu treinador - Notícias - BOL",
        "title_full": "'Não posso garantir que Nadal vai jogar' em Paris, adverte seu treinador - Notícias - BOL",
        "published": "2024-07-25T22:02:00.000+03:00",
        "replies_count": 0,
        "participants_count": 1,
        "site_type": "news",
        "country": "BR",
        "main_image": "https://conteudo.imguol.com.br/c/bol/estrutura/logotipos/logotipo-facebook.jpg",
        "performance_score": 0,
        "domain_rank": 738,
        "domain_rank_updated": "2024-07-23T13:08:24.000+03:00",
        "reach": null,
        "social": {
            "facebook": {
                "likes": 0,
                "comments": 0,
                "shares": 0
            },
            "gplus": {
                "shares": 0
            },
            "pinterest": {
                "shares": 0
            },
            "linkedin": {
                "shares": 0
            },
            "stumbledupon": {
                "shares": 0
            },
            "vk": {
                "shares": 0
            }
        }
    },
    "uuid": "5951dfd744764acff869a4df1bd10872144aec3e",
    "url": "https://www.bol.uol.com.br/noticias/2024/07/25/nao-posso-garantir-que-nadal-vai-jogar-em-paris-adverte-seu-treinador.htm",
    "ord_in_thread": 0,
    "parent_url": null,
    "author": "base-structure-article.css",
    "published": "2024-07-25T22:02:00.000+03:00",
    "title": "'Não posso garantir que Nadal vai jogar' em Paris, adverte seu treinador - Notícias - BOL",
    "text": "'Não posso garantir que Nadal vai jogar' em Paris, adverte seu treinador 25/07/2024 19h02\nO espanhol Rafael Nadal sofreu na quarta-feira um problema físico que coloca em dúvida a sua esperada participação nos Jogos Olímpicos de Paris, disse nesta quinta-feira (25) o seu treinador, Carlos Moyá.\n\"Ele teve um desconforto ontem de manhã, à tarde estava mais limitado e antes que piorasse foi decidido que parasse\", explicou Moyà em entrevista à Radio Nacional da Espanha.\nO descanso desta quinta-feira \"foi a coisa mais responsável a se fazer, tendo um evento desta magnitude em dois dias\". \"Não forçar neste momento e dar tempo a ele para ver se ele se recupera bem. Veremos em que condições ele estará amanhã e sábado\", acrescentou.\nEstes Jogos são um dos eventos mais importantes de Nadal na reta final da sua lendária carreira, cujas últimas temporadas foram marcadas por uma sucessão de lesões.\nO detentor de 22 títulos de Grand Slam tem estreia marcada para domingo no torneio de simples contra o húngaro Marton Fucsovics e um dia antes nas duplas ao lado de seu 'herdeiro' Carlos Alcaraz.\nMoyá afirmou que o duelo de duplas de sábado pode ser um \"bom teste\" para avaliar o status de Nadal, mas ressaltou que neste momento não pode confirmar se está apto para competir nos Jogos.\n\"Não posso garantir nada, nem que ele não jogará nem que jogará\", disse ele. \"No momento o que está contemplado é que ele descanse, que faça tratamento (...) Qualquer desconforto que o Rafa possa ter neste momento deve ser tirado com pinça e ter cuidado\".\n\"Ele está obviamente muito animado para disputar estes Jogos Olímpicos. É um compromisso marcado em seu calendário há anos\", lembrou.\n\"Ele é um competidor nato e quer jogar simples e duplas. Está muito entusiasmado com as duplas com Alcaraz, é a primeira vez que jogam juntos e é algo histórico para o tênis espanhol\", concluiu.\ngbv/mcd/aam/am\n© Agence France-Presse\nAs mais lidas agora Não é só o RG: veja o que mudou na CNH e entenda nova tabela de categorias PIS ANO-BASE 2023 FOI CONFIRMADO e teve CALENDÁRIO DIVULGADO? Confira PIS ANO-BASE 2023 CAI NESTA SEMANA ANTECIPADO? Veja CALENDÁRIO ID: {{comments.info.id}}\nURL: {{comments.info.url}}\nOcorreu um erro ao carregar os comentários. Por favor, tente novamente mais tarde.\n{{comments.total}} Comentário {{comments.total}} Comentários Seja o primeiro a comentar\nEssa discussão está encerrada Não é possivel enviar novos comentários.\nEssa área é exclusiva para você, assinante, ler e comentar.\nAvaliar: Só assinantes do UOL podem comentar Ainda não é assinante? Assine já .\nSe você já é assinante do UOL, faça seu login .\nsair enviar comentário enviar comentário O autor da mensagem, e não o UOL, é o responsável pelo comentário. Reserve um tempo para ler as Regras de Uso para comentários.\nEscolha do editor {{ comment.created | formatDate | prettyDate}}\nResponder Respostas ({{ comment.reply_count }}) Excluir Denunciar responder Escolha do editor {{ reply.created | formatDate | prettyDate}}\nExcluir Denunciar Ver mais respostas Ver mais comentários PUBLICIDADE",
    "highlightText": "",
    "highlightTitle": "",
    "highlightThreadTitle": "",
    "language": "portuguese",
    "sentiment": "negative",
    "categories": [
        "Sport"
    ],
    "webz_reporter": false,
    "external_links": [
        "https://sobre.bol.com.br/regras-de-uso.jhtm&quot;,&quot;possessivePronoun&quot;:&quot;seu&quot;,&quot;articleUpperCase&quot;:&quot;O&quot;},&quot;likes&quot;:&quot;1&quot;,&quot;version&quot;:&quot;vertical&quot;,&quot;extend&quot;:true,&quot;components&quot;:{},&quot;rm_require&quot;:",
        "https://www.afp.com/pt/",
        "https://sobre.bol.com.br/regras-de-uso.jhtm",
        "https://afp.com/pt/",
        "https://www.sobre.bol.com.br/regras-de-uso.jhtm&quot;,&quot;possessivePronoun&quot;:&quot;seu&quot;,&quot;articleUpperCase&quot;:&quot;O&quot;},&quot;likes&quot;:&quot;1&quot;,&quot;version&quot;:&quot;vertical&quot;,&quot;extend&quot;:true,&quot;components&quot;:{},&quot;rm_require&quot;:",
        "https://www.sobre.bol.com.br/regras-de-uso.jhtm",
        "https://www.afp.com/pt"
    ],
    "external_images": [],
    "entities": {
        "persons": [],
        "organizations": [],
        "locations": []
    },
    "rating": null,
    "crawled": "2024-07-26T01:28:17.402+03:00",
    "updated": "2024-07-26T01:28:17.402+03:00"
}