{
    "thread": {
        "uuid": "cf34894fb822b5c73a17398fed28d88afba7e968",
        "url": "https://www.newsbreak.com/green-bay-wi/3540530850315-packers-legend-plummets-in-peers-ranking-of-best-players-in-nfl",
        "site_full": "www.newsbreak.com",
        "site": "newsbreak.com",
        "site_section": "https://www.newsbreak.com/sporting-news-1608496",
        "site_categories": [
            "under_construction",
            "top_news"
        ],
        "section_title": "Sporting News | NewsBreak",
        "title": "Packers legend plummets in peers' ranking of best players in NFL",
        "title_full": "Packers legend plummets in peers' ranking of best players in NFL",
        "published": "2024-07-26T00:59:00.000+03:00",
        "replies_count": 0,
        "participants_count": 1,
        "site_type": "news",
        "country": "US",
        "main_image": "https://s.particlenews.com/ads/BG20180914.png",
        "performance_score": 0,
        "domain_rank": 3380,
        "domain_rank_updated": "2024-07-23T13:08:24.000+03:00",
        "reach": null,
        "social": {
            "facebook": {
                "likes": 0,
                "comments": 0,
                "shares": 0
            },
            "gplus": {
                "shares": 0
            },
            "pinterest": {
                "shares": 0
            },
            "linkedin": {
                "shares": 0
            },
            "stumbledupon": {
                "shares": 0
            },
            "vk": {
                "shares": 0
            }
        }
    },
    "uuid": "cf34894fb822b5c73a17398fed28d88afba7e968",
    "url": "https://www.newsbreak.com/green-bay-wi/3540530850315-packers-legend-plummets-in-peers-ranking-of-best-players-in-nfl",
    "ord_in_thread": 0,
    "parent_url": null,
    "author": "NewsBreak Original",
    "published": "2024-07-26T00:59:00.000+03:00",
    "title": "Packers legend plummets in peers' ranking of best players in NFL",
    "text": "By Jeremy Hanna ,\n31 minutes ago\nDespite having a Hall of Fame-worthy career, a Green Bay Packers legend has plummeted in a recent ranking of the best players in the National Football League.\nAaron Rodgers is arguably the greatest Packers quarterback of all time and one of the best in the history of the NFL. However, this didn't stop him from leaving Green Bay and heading to the New York Jets.\nUnfortunately, his debut season with the new team ended after he was injured in the first game. This has caused his ranking in NFL.com's list of the Top 100 Players of 2024 to drop severely from last year.\n\"Rodgers took a major descent in this year’s rankings after a torn Achilles limited his debut season with the Jets to just four snaps,\" Krissy Hetherington said. \"But the future Hall of Famer remains one of the most decorated quarterbacks in the league with four MVPs, 10 Pro Bowl honors and four All-Pro nods in addition to his one Super Bowl title.\"\nThis marks the second year in a row that Rodgers faced a significant drop in these rankings. Ranked third overall in 2022, Rodgers' final season with the Packers wasn't quite up to his MVP standards, causing him to drop 48 places to 51st overall in 2023.\nThis particularly stings because the ranking isn't decided by analysts or experts, but by fellow NFL players . On the bright side, Rodgers didn't have the largest fall from grace. That \"honor\" belongs to free safety Minkah Fitzpatrick of the Pittsburgh Steelers, who dropped 61 places.\nRodgers hasn't gotten the chance to prove himself in New York. 2024 will be the perfect time for him to show that he still has plenty left in the tank after almost 20 years in the NFL.\nMore NFL: Green Bay Packers fans will love USA Today's prediction for 2024 season\nExpand All Read in NewsBreak",
    "highlightText": "",
    "highlightTitle": "",
    "highlightThreadTitle": "",
    "language": "english",
    "sentiment": "negative",
    "categories": [
        "Arts, Culture and Entertainment",
        "Human Interest",
        "Sport"
    ],
    "webz_reporter": false,
    "external_links": [
        "https://www.sportingnews.com/us/nfl/chicago-bears/news/packers-legend-compliments-caleb-williams-says-bears-are-almost-good-team/268a08997a4f5d48fad36c24",
        "https://www.nfl.com/news/top-100-players-of-2024-nos-100-91-aaron-rodgers-trevor-lawrence",
        "https://www.sportingnews.com/us/nfl/green-bay-packers/news/green-bay-packers-fans-will-love-usa-todays-prediction-2024-season/4f9aef31dea9e86618b2ec3c",
        "https://www.sportingnews.com/us/nfl/green-bay-packers/news/jets-qb-aaron-rodgers-slams-bears-interview-still-packer-heart/d2fc12168670016faae824d4",
        "https://www.sportingnews.com/us/nfl/san-francisco-49ers/news/49ers-star-player-ranked-among-top-100-players-peers-first-time/0bc10362176223f52e3dbc7f",
        "https://sportingnews.com/us/nfl/green-bay-packers/news/jets-qb-aaron-rodgers-slams-bears-interview-still-packer-heart/d2fc12168670016faae824d4",
        "https://nfl.com/news/top-100-players-of-2024-nos-100-91-aaron-rodgers-trevor-lawrence",
        "https://sportingnews.com/us/nfl/green-bay-packers/news/green-bay-packers-fans-will-love-usa-todays-prediction-2024-season/4f9aef31dea9e86618b2ec3c",
        "https://sportingnews.com/us/nfl/san-francisco-49ers/news/49ers-star-player-ranked-among-top-100-players-peers-first-time/0bc10362176223f52e3dbc7f",
        "https://sportingnews.com/us/nfl/chicago-bears/news/packers-legend-compliments-caleb-williams-says-bears-are-almost-good-team/268a08997a4f5d48fad36c24"
    ],
    "external_images": [],
    "entities": {
        "persons": [
            {
                "name": "jeremy hanna",
                "sentiment": "negative"
            },
            {
                "name": "green bay",
                "sentiment": "none"
            },
            {
                "name": "aaron rodgers",
                "sentiment": "none"
            },
            {
                "name": "rodgers",
                "sentiment": "none"
            },
            {
                "name": "krissy hetherington",
                "sentiment": "none"
            }
        ],
        "organizations": [
            {
                "name": "hall of fame",
                "sentiment": "negative"
            },
            {
                "name": "nfl",
                "sentiment": "negative"
            },
            {
                "name": "green bay packers",
                "sentiment": "negative"
            },
            {
                "name": "packers",
                "sentiment": "none"
            },
            {
                "name": "hall of famer",
                "sentiment": "none"
            },
            {
                "name": "national football league",
                "sentiment": "none"
            },
            {
                "name": "nfl.com",
                "sentiment": "none"
            }
        ],
        "locations": [
            {
                "name": "new york jets",
                "sentiment": "none"
            }
        ]
    },
    "rating": null,
    "crawled": "2024-07-26T01:30:52.152+03:00",
    "updated": "2024-07-26T01:30:52.152+03:00"
}