{
    "thread": {
        "uuid": "d4be5bb0259703594c316f933c5d59c974800204",
        "url": "https://www.aseaofblue.com/2024/7/25/24206441/kiyan-anthony-trey-mckenney-kentucky-basketball-targets-2025",
        "site_full": "www.aseaofblue.com",
        "site": "aseaofblue.com",
        "site_section": "http://www.aseaofblue.com/rss/current",
        "site_categories": [
            "sports"
        ],
        "section_title": "A Sea Of Blue -  All Posts",
        "title": "Kiyan Anthony and Trey McKenney are no longer considering Kentucky",
        "title_full": "Kiyan Anthony and Trey McKenney are no longer considering Kentucky",
        "published": "2024-07-26T00:19:00.000+03:00",
        "replies_count": 0,
        "participants_count": 1,
        "site_type": "news",
        "country": "US",
        "main_image": "https://cdn.vox-cdn.com/thumbor/0A1OOcBfu8Xq-wQHmqEbcW2lNEQ=/0x827:2703x2242/fit-in/1200x630/cdn.vox-cdn.com/uploads/chorus_asset/file/25546173/2149603776.jpg",
        "performance_score": 0,
        "domain_rank": 33357,
        "domain_rank_updated": "2024-07-23T13:08:24.000+03:00",
        "reach": null,
        "social": {
            "facebook": {
                "likes": 0,
                "comments": 0,
                "shares": 0
            },
            "gplus": {
                "shares": 0
            },
            "pinterest": {
                "shares": 0
            },
            "linkedin": {
                "shares": 0
            },
            "stumbledupon": {
                "shares": 0
            },
            "vk": {
                "shares": 0
            }
        }
    },
    "uuid": "d4be5bb0259703594c316f933c5d59c974800204",
    "url": "https://www.aseaofblue.com/2024/7/25/24206441/kiyan-anthony-trey-mckenney-kentucky-basketball-targets-2025",
    "ord_in_thread": 0,
    "parent_url": null,
    "author": "Jason Marcum",
    "published": "2024-07-26T00:19:00.000+03:00",
    "title": "Kiyan Anthony and Trey McKenney are no longer considering Kentucky",
    "text": "A pair of former Kentucky Basketball targets have announced new lists that don’t include the Wildcats. One is the son of Carmelo Anthony.\" /",
    "highlightText": "",
    "highlightTitle": "",
    "highlightThreadTitle": "",
    "language": "english",
    "sentiment": "negative",
    "categories": [
        "Education",
        "Human Interest",
        "Sport"
    ],
    "webz_reporter": false,
    "external_links": [
        "https://www.landgrantholyland.com",
        "https://247sports.com/article/2025-four-star-kiyan-anthony-son-of-nba-legend-carmelo-anthony-shares-top-6-schools-234119423/",
        "https://www.tomahawknation.com/",
        "https://www.onthebanks.com",
        "https://www.on3.com/teams/kentucky-wildcats/news/5-star-cg-trey-mckenney-calls-a-blessing-recruited-kentucky/",
        "https://www.onefootdown.com",
        "https://www.theonlycolors.com",
        "https://www.on3.com/news/trey-mckenney-names-top-10-schools-creighton-georgetown-miami-michigan-michigan-state-notre-dame-ohio-state-oregon-ucla-usc/",
        "https://www.tomahawknation.com",
        "https://on3.com/news/trey-mckenney-names-top-10-schools-creighton-georgetown-miami-michigan-michigan-state-notre-dame-ohio-state-oregon-ucla-usc/",
        "https://landgrantholyland.com",
        "https://onefootdown.com",
        "https://theonlycolors.com",
        "https://247sports.com/article/2025-four-star-kiyan-anthony-son-of-nba-legend-carmelo-anthony-shares-top-6-schools-234119423",
        "https://on3.com/teams/kentucky-wildcats/news/5-star-cg-trey-mckenney-calls-a-blessing-recruited-kentucky/",
        "https://www.on3.com/news/trey-mckenney-names-top-10-schools-creighton-georgetown-miami-michigan-michigan-state-notre-dame-ohio-state-oregon-ucla-usc",
        "https://tomahawknation.com/",
        "https://www.on3.com/teams/kentucky-wildcats/news/5-star-cg-trey-mckenney-calls-a-blessing-recruited-kentucky",
        "https://www.247sports.com/article/2025-four-star-kiyan-anthony-son-of-nba-legend-carmelo-anthony-shares-top-6-schools-234119423/",
        "https://onthebanks.com"
    ],
    "external_images": [],
    "entities": {
        "persons": [
            {
                "name": "trey mckenney",
                "sentiment": "negative"
            },
            {
                "name": "kiyan anthony",
                "sentiment": "negative"
            },
            {
                "name": "carmelo anthony",
                "sentiment": "none"
            },
            {
                "name": "creighton",
                "sentiment": "none"
            },
            {
                "name": "anthony",
                "sentiment": "none"
            },
            {
                "name": "mckenney",
                "sentiment": "none"
            },
            {
                "name": "john calipari",
                "sentiment": "none"
            },
            {
                "name": "mark pope",
                "sentiment": "none"
            },
            {
                "name": "alvin brooks",
                "sentiment": "none"
            }
        ],
        "organizations": [
            {
                "name": "ucla",
                "sentiment": "none"
            },
            {
                "name": "usc",
                "sentiment": "none"
            },
            {
                "name": "notre dame",
                "sentiment": "none"
            },
            {
                "name": "rutgers",
                "sentiment": "none"
            },
            {
                "name": "ohio state",
                "sentiment": "none"
            },
            {
                "name": "ksr",
                "sentiment": "none"
            },
            {
                "name": "kentucky wildcats",
                "sentiment": "none"
            },
            {
                "name": "nba",
                "sentiment": "none"
            }
        ],
        "locations": [
            {
                "name": "oregon",
                "sentiment": "none"
            },
            {
                "name": "michigan state",
                "sentiment": "none"
            },
            {
                "name": "florida state",
                "sentiment": "none"
            },
            {
                "name": "kentucky",
                "sentiment": "none"
            },
            {
                "name": "syracuse",
                "sentiment": "none"
            },
            {
                "name": "auburn",
                "sentiment": "none"
            },
            {
                "name": "arkansas",
                "sentiment": "none"
            },
            {
                "name": "georgetown",
                "sentiment": "none"
            },
            {
                "name": "miami",
                "sentiment": "none"
            },
            {
                "name": "cal",
                "sentiment": "none"
            }
        ]
    },
    "rating": null,
    "crawled": "2024-07-26T00:56:33.075+03:00",
    "updated": "2024-07-26T05:52:23.653+03:00"
}