{
    "thread": {
        "uuid": "cadd67929bb38b204f3f4eee347abafda4072763",
        "url": "https://es-us.noticias.yahoo.com/deportes/pumas-7s-juegos-ol%C3%ADmpicos-2024-214557180.html",
        "site_full": "es-us.noticias.yahoo.com",
        "site": "yahoo.com",
        "site_section": "https://es-us.noticias.yahoo.com/news/deportes/",
        "site_categories": [
            "search_engine",
            "media",
            "tech",
            "top_news"
        ],
        "section_title": "Deportes en Yahoo en Espanol",
        "title": "Los Pumas 7s en los Juegos Olímpicos 2024: cuando la cabeza fue más rápido que la paciencia y se pagó con la eliminación",
        "title_full": "Los Pumas 7s en los Juegos Olímpicos 2024: cuando la cabeza fue más rápido que la paciencia y se pagó con la eliminación",
        "published": "2024-07-26T00:56:00.000+03:00",
        "replies_count": 0,
        "participants_count": 1,
        "site_type": "news",
        "country": "US",
        "main_image": "https://s.yimg.com/ny/api/res/1.2/l1.hlB0C9R04.jGnnT_lWQ--/YXBwaWQ9aGlnaGxhbmRlcjt3PTEyMDA7aD04MDA-/https://media.zenfs.com/es/lanacion.com.ar/d6d35aa90d3a38c794c0f01448f16cfb",
        "performance_score": 0,
        "domain_rank": 38,
        "domain_rank_updated": "2024-07-23T13:08:24.000+03:00",
        "reach": null,
        "social": {
            "facebook": {
                "likes": 0,
                "comments": 0,
                "shares": 0
            },
            "gplus": {
                "shares": 0
            },
            "pinterest": {
                "shares": 0
            },
            "linkedin": {
                "shares": 0
            },
            "stumbledupon": {
                "shares": 0
            },
            "vk": {
                "shares": 0
            }
        }
    },
    "uuid": "cadd67929bb38b204f3f4eee347abafda4072763",
    "url": "https://es-us.noticias.yahoo.com/deportes/pumas-7s-juegos-ol%C3%ADmpicos-2024-214557180.html",
    "ord_in_thread": 0,
    "parent_url": null,
    "author": "Gastón Saiz",
    "published": "2024-07-26T00:56:00.000+03:00",
    "title": "Los Pumas 7s en los Juegos Olímpicos 2024: cuando la cabeza fue más rápido que la paciencia y se pagó con la eliminación",
    "text": "Leer todo el artículo LA NACION Los Pumas 7s en los Juegos Olímpicos 2024: cuando la cabeza fue más rápido que la paciencia y se pagó con la eliminación Gastón Saiz 26 de julio de 2024, 12:56 a.m. · 4 min de lectura Enlace copiado El desconsuelo de los Pumas, eliminados por Francia para la lucha por las medallas en París 2024\nPARIS (Enviado especial).- Abrazos que se sostenían en brazos temblorosos, lágrimas, rostros que no querían ver alrededor y otras postales del desconsuelo celeste y blanco. En medio del ruido ensordecedor del Stade de France, que ensalzaba una increíble fiesta para celebrar el pase a las semifinales de Francia en el torneo olímpico, allí estaba el grupo de Pumas 7s, desperdigado en las inmediaciones del banco de suplentes tras la derrota por 26-14. Más allá de que seguirán compitiendo a la búsqueda del quinto puesto del rugby seven, la ilusión se terminó demasiado pronto para el equipo nacional que en cualquier análisis figuraba como candidato a medalla.\nDecepción , sea quizás la palabra que mejor define la historia de cuatro capítulos del equipo de Santiago Gómez Cora en París 2024. Después de los triunfos burocráticos ante Kenia y Samoa que aseguraron el pase a los cuartos de final, el funcionamiento general empezó a mostrar luego fallas y desajustes que hasta hace poco no solían quedar en evidencia. En París, la cabeza traicionó y dictó una orden que confundió esa mecanización que había permitido jugar de manera brillante en varios tramos del primer semestre e impulsó al seleccionado hasta el segundo puesto de la temporada del Circuito Seven.\nMarcos Moneta, en acción; el Rayo no pudo ser tan desequilibrante\nSobre todo, hubo apresuramiento en la toma de decisiones . Ese fue el karma en los encuentros ante Australia –para definir el primero el Grupo B- y ante Francia, que resolvía el pase a las semifinales. Frente a los Wallabies se habían adelantado con un try, estaban para hacer el segundo y se apuraron: el contragolpe oceánico derivó en la amarilla para Luciano González Rizzoni y todo se enredó hasta perder el encuentro. Ante los franceses, el apuro también fue mal consejero: con la desventaja 21-14 y un jugador más, Marcos Moneta tomó el riesgo de patear la pelota en lugar de darle prioridad a la paciencia colectiva y llegar al try con más fases. Al margen de eso, el arranque había sido devastador para Los Pumas, acorralados y víctimas de la intensidad de los locales, que castigaron por la derecha.\nMoneta habló de la jugada que marcó un punto de quiebre: “Son decisiones que tomás con muchas pulsaciones; sé que hacer ese kick al ingoal y convertir el try no fue la mejor decisión y por ahí, si teníamos un poco más la pelota tal vez apoyábamos, porque veníamos con un envión importante después de los tries”. El Rayo completó la reflexión sobre ese momento que se decide en un pestañeo: “Vi esa posibilidad, a veces sale y a veces no. Cuando empecé a pisar para adentro vi que no había nadie atrás, pero la patada no fue buena”.\nAdemás de acelerarse por demás y no respetar ese vital paso a paso en la construcción de las jugadas, los Pumas 7s fallaron en la recepción de las salidas del rival, un error clave que provocó que hubiera que defender todo el tiempo; siempre en la retaguardia e intentando el arduo trabajo de retomar la posesión. Un desgaste extra y la imposibilidad de tomar la iniciativa. Ante los franceses siempre hubo que remar desde abajo y, al final, no hubo tiempo para alcanzar al menos el empate y poner en aprietos a un conjunto que se debía al insobornable apoyo de su público.\nLa intensidad de Francia fue demasiado para la Argentina en el rugby seven, sobre todo en el primer tiempo\nLos Pumas llegaron a París 2024 con el objetivo de una medalla y tenían suficiente equipo, individualidades y sistemas de juego como para conseguirlo, como lo demostraron a lo largo de la temporada. Pero ante Australia y Francia no jugaron a la altura de sus posibilidades.\nMás allá de la imposibilidad de llegar a la medalla y tener que pelear ahora por el desmotivante objetivo del quinto puesto, nada quita que este grupo sigue siendo un gran equipo. Hace cinco o seis era un conjunto del pelotón del medio en el contexto mundial, pero después de la medalla de bronce conseguida en Tokio 2020, agigantó su poderío y hoy es una potencia mundial. Todo, más allá de este traspié y esa sensación de vacío que hoy embarga a los jugadores. Lo malo que no hay revancha a corto plazo. Queda culminar de la mejor manera la experiencia olímpica.\nNo arrancamos bien, y en el segundo tiempo empezamos a mejorar nuestro juego.",
    "highlightText": "",
    "highlightTitle": "",
    "highlightThreadTitle": "",
    "language": "spanish",
    "sentiment": "negative",
    "categories": [
        "Sport",
        "War, Conflict and Unrest"
    ],
    "webz_reporter": false,
    "external_links": [
        "https://s.yimg.com/ny/api/res/1.2/eJ48ogzilwVwktCGPguFRQ--/YXBwaWQ9aGlnaGxhbmRlcjt3PTM2ODtoPTYw/https://s.yimg.com/os/creatr-uploaded-images/2020-11/a2882be0-2dd1-11eb-ae8d-5dbf320a694a",
        "https://twitter.com/intent/tweet?text=Los%20Pumas%207s%20en%20los%20Juegos%20Ol%C3%ADmpicos%202024%3A%20cuando%20la%20cabeza%20fue%20m%C3%A1s%20r%C3%A1pido%20que%20la%20paciencia%20y%20se%20pag%C3%B3%20con%20la%20eliminaci%C3%B3n&url=https%3A%2F%2Fes-us.noticias.yahoo.com%2Fdeportes%2Fpumas-7s-juegos-ol%25C3%25ADmpicos-2024-214557180.html%3Fsoc_src%3Dsocial-sh%26soc_trk%3Dtw%26tsrc%3Dtwtr&via=Yahoo",
        "https://www.lanacion.com.ar/",
        "https://s.yimg.com/ny/api/res/1.2/l1.hlB0C9R04.jGnnT_lWQ--/YXBwaWQ9aGlnaGxhbmRlcjt3PTEyMDA7aD04MDA-/https://media.zenfs.com/es/lanacion.com.ar/d6d35aa90d3a38c794c0f01448f16cfb",
        "https://s.yimg.com/ny/api/res/1.2/gkOZEcVhb88UAyX3_OfuNg--/YXBwaWQ9aGlnaGxhbmRlcjt3PTk2MDtoPTY0MA--/https://media.zenfs.com/es/lanacion.com.ar/87688ec54a617d8aa2a8b711bc23a4af",
        "https://s.yimg.com/os/creatr-uploaded-images/2020-11/a2882be0-2dd1-11eb-ae8d-5dbf320a694a",
        "https://s.yimg.com/ny/api/res/1.2/PiEx4wOx62oDmt2dR4evcg--/YXBwaWQ9aGlnaGxhbmRlcjt3PTEyNDI7aD04Mjg-/https://media.zenfs.com/es/lanacion.com.ar/cf157ede84a7a75f68ae508c19fb63d7",
        "https://s.yimg.com/ny/api/res/1.2/cfpoCDCxq57YgXTLvCxqbA--/YXBwaWQ9aGlnaGxhbmRlcjt3PTE1MzY7aD0xMDI0/https://media.zenfs.com/es/lanacion.com.ar/6dc12d03b9fd20f76168e703e3879d83",
        "https://s.yimg.com/ny/api/res/1.2/ybBiwjJGMEJCb2dKDAbwmw--/YXBwaWQ9aGlnaGxhbmRlcjt3PTE1MzY7aD0xMDI0/https://media.zenfs.com/es/lanacion.com.ar/87688ec54a617d8aa2a8b711bc23a4af",
        "https://s.yimg.com/ny/api/res/1.2/EKbGEJKwk.uW4SwKURKl3Q--/YXBwaWQ9aGlnaGxhbmRlcjt3PTk2MDtoPTY0MA--/https://media.zenfs.com/es/lanacion.com.ar/6dc12d03b9fd20f76168e703e3879d83",
        "https://www.facebook.com/dialog/feed?app_id=458584288257241&link=https%3A%2F%2Fes-us.noticias.yahoo.com%2Fdeportes%2Fpumas-7s-juegos-ol%25C3%25ADmpicos-2024-214557180.html%3Fsoc_src%3Dsocial-sh%26soc_trk%3Dfb%26tsrc%3Dfb",
        "https://s.yimg.com/ny/api/res/1.2/l_XGIycFfANvgTjW5EAh0g--/YXBwaWQ9aGlnaGxhbmRlcjt3PTE1MzY7aD0xMDI0/https://media.zenfs.com/es/lanacion.com.ar/cf157ede84a7a75f68ae508c19fb63d7",
        "https://facebook.com/dialog/feed?app_id=458584288257241&link=https%3A%2F%2Fes-us.noticias.yahoo.com%2Fdeportes%2Fpumas-7s-juegos-ol%25C3%25ADmpicos-2024-214557180.html%3Fsoc_src%3Dsocial-sh%26soc_trk%3Dfb%26tsrc%3Dfb",
        "https://www.facebook.com/dialog/feed",
        "https://www.s.yimg.com/ny/api/res/1.2/l_XGIycFfANvgTjW5EAh0g--/YXBwaWQ9aGlnaGxhbmRlcjt3PTE1MzY7aD0xMDI0/https://www.media.zenfs.com/es/lanacion.com.ar/cf157ede84a7a75f68ae508c19fb63d7",
        "https://www.s.yimg.com/ny/api/res/1.2/gkOZEcVhb88UAyX3_OfuNg--/YXBwaWQ9aGlnaGxhbmRlcjt3PTk2MDtoPTY0MA--/https://www.media.zenfs.com/es/lanacion.com.ar/87688ec54a617d8aa2a8b711bc23a4af",
        "https://www.s.yimg.com/ny/api/res/1.2/ybBiwjJGMEJCb2dKDAbwmw--/YXBwaWQ9aGlnaGxhbmRlcjt3PTE1MzY7aD0xMDI0/https://www.media.zenfs.com/es/lanacion.com.ar/87688ec54a617d8aa2a8b711bc23a4af",
        "https://www.twitter.com/intent/tweet?text=Los%20Pumas%207s%20en%20los%20Juegos%20Ol%C3%ADmpicos%202024%3A%20cuando%20la%20cabeza%20fue%20m%C3%A1s%20r%C3%A1pido%20que%20la%20paciencia%20y%20se%20pag%C3%B3%20con%20la%20eliminaci%C3%B3n&url=https%3A%2F%2Fes-us.noticias.yahoo.com%2Fdeportes%2Fpumas-7s-juegos-ol%25C3%25ADmpicos-2024-214557180.html%3Fsoc_src%3Dsocial-sh%26soc_trk%3Dtw%26tsrc%3Dtwtr&via=Yahoo",
        "https://www.s.yimg.com/ny/api/res/1.2/PiEx4wOx62oDmt2dR4evcg--/YXBwaWQ9aGlnaGxhbmRlcjt3PTEyNDI7aD04Mjg-/https://www.media.zenfs.com/es/lanacion.com.ar/cf157ede84a7a75f68ae508c19fb63d7",
        "https://www.s.yimg.com/ny/api/res/1.2/l1.hlB0C9R04.jGnnT_lWQ--/YXBwaWQ9aGlnaGxhbmRlcjt3PTEyMDA7aD04MDA-/https://www.media.zenfs.com/es/lanacion.com.ar/d6d35aa90d3a38c794c0f01448f16cfb",
        "https://www.s.yimg.com/ny/api/res/1.2/EKbGEJKwk.uW4SwKURKl3Q--/YXBwaWQ9aGlnaGxhbmRlcjt3PTk2MDtoPTY0MA--/https://www.media.zenfs.com/es/lanacion.com.ar/6dc12d03b9fd20f76168e703e3879d83",
        "https://www.s.yimg.com/ny/api/res/1.2/eJ48ogzilwVwktCGPguFRQ--/YXBwaWQ9aGlnaGxhbmRlcjt3PTM2ODtoPTYw/https://www.s.yimg.com/os/creatr-uploaded-images/2020-11/a2882be0-2dd1-11eb-ae8d-5dbf320a694a",
        "https://www.s.yimg.com/ny/api/res/1.2/cfpoCDCxq57YgXTLvCxqbA--/YXBwaWQ9aGlnaGxhbmRlcjt3PTE1MzY7aD0xMDI0/https://www.media.zenfs.com/es/lanacion.com.ar/6dc12d03b9fd20f76168e703e3879d83",
        "https://www.s.yimg.com/os/creatr-uploaded-images/2020-11/a2882be0-2dd1-11eb-ae8d-5dbf320a694a",
        "https://www.lanacion.com.ar",
        "https://twitter.com/intent/tweet",
        "https://lanacion.com.ar/"
    ],
    "external_images": [],
    "entities": {
        "persons": [],
        "organizations": [],
        "locations": []
    },
    "rating": null,
    "crawled": "2024-07-26T01:11:40.495+03:00",
    "updated": "2024-07-26T01:11:40.495+03:00"
}