{
    "thread": {
        "uuid": "84969006c26f4d3b21a8b1559d9c5bbacd4d475b",
        "url": "https://www.espn.com.ar/rugby/nota/_/id/13951581/rugby-los-teros-con-equipo-confirmado-para-recibir-a-escocia-en-montevideo-uruguay-test-match",
        "site_full": "www.espn.com.ar",
        "site": "espn.com.ar",
        "site_section": "https://espn.com.ar/rugby",
        "site_categories": [
            "world_soccer",
            "sports"
        ],
        "section_title": "Rugby Resultados, Noticias, Estadísticas, Posiciones, Equipos",
        "title": "Los Teros, con equipo confirmado para recibir a Escocia - ESPN",
        "title_full": "Los Teros, con equipo confirmado para recibir a Escocia - ESPN",
        "published": "2024-07-25T22:30:00.000+03:00",
        "replies_count": 0,
        "participants_count": 1,
        "site_type": "news",
        "country": "AR",
        "main_image": "https://a3.espncdn.com/combiner/i?img=%2Fphoto%2F2024%2F0725%2Fr1363195_1072x603_16%2D9.jpg",
        "performance_score": 0,
        "domain_rank": 99541,
        "domain_rank_updated": "2024-07-23T13:08:50.000+03:00",
        "reach": null,
        "social": {
            "facebook": {
                "likes": 0,
                "comments": 0,
                "shares": 0
            },
            "gplus": {
                "shares": 0
            },
            "pinterest": {
                "shares": 0
            },
            "linkedin": {
                "shares": 0
            },
            "stumbledupon": {
                "shares": 0
            },
            "vk": {
                "shares": 0
            }
        }
    },
    "uuid": "84969006c26f4d3b21a8b1559d9c5bbacd4d475b",
    "url": "https://www.espn.com.ar/rugby/nota/_/id/13951581/rugby-los-teros-con-equipo-confirmado-para-recibir-a-escocia-en-montevideo-uruguay-test-match",
    "ord_in_thread": 0,
    "parent_url": null,
    "author": "Scrum com",
    "published": "2024-07-25T22:30:00.000+03:00",
    "title": "Los Teros, con equipo confirmado para recibir a Escocia - ESPN",
    "text": "Tras la [derrota por 79-5 ](/rugby/nota/_/id/13931605/rugby-los-pumas-golearon-a-los-teros-por-79-a-5-en-maldonado-argentina-uruguay-test-match) [frente a Los Pumas](/rugby/nota/_/id/13931605/rugby-los-pumas-golearon-a-los-teros-por-79-a-5-en-maldonado-argentina-uruguay-test-match) en Maldonado, Rodolfo Ambrosio definió la formación de Los Teros para el choque de este sábado frente a [Escocia](/rugby/nota/_/id/13947459/rugby-ventana-de-julio-escoca-formacion-confirmada-vs-uruguay), en el Estadio Charrúa, en lo que será el cierre de la ventana de julio. [Mirá el partido en vivo en Disney+](https://www.disneyplus.com/es-419/browse/entity-40098830-f896-4f74-8f36-63819cf18496?cid=DTCI_STAR-Synergy-ESPN-Site-NA-DisneyPlus-SSLA-DisneyPlus-NA-SSLA-FP-TestMatches_Uruguay_Escocia-NA). El head coach cordobés realizará un total de seis modificaciones en el XV inicial, la mayoría entre los forwards: Ignacio Peculo jugará por Mateo Sanguinetti, Guillermo Pujadas por Germán Kessler, Diego Arbelo por Reinaldo Piussi, Lucas Bianchi por Santiago Civetta y Carlos Deus por Manuel Diana. En tanto, entre los backs, Juan Bautista Hontou irá por el capitán, Andrés Vilaseca, pero formará como wing, ya que Tomás Inciarte pasará a ser primer centro y Juan Manuel Alonso irá como segundo. SÍNTESIS La formación de Uruguay: 1- Ignacio Peculo , 2- Guillermo Pujadas, 3- Diego Arbelo, 4- Felipe Aliaga, 5- Manuel Leindekar, 6- Manuel Ardao, 7- Lucas Bianchi, 8- Carlos Deus, 9- Santiago Álvarez, 10- Felipe Etcheverry, 11- Nicolás Freitas, 12- Tomás Inciarte, 13- Juan Manuel Alonso, 14- Juan Bautista Hontou, 15- Ignacio Álvarez. Suplentes: 16- Joaquín Myszka, 17- Mateo Sanguinetti, 18- Reinaldo Piussi, 19- Diego Magno, 20- Santiago Civetta, 21- Manuel Diana, 22- Santiago Gini, 23- Joaquín Suárez.",
    "highlightText": "",
    "highlightTitle": "",
    "highlightThreadTitle": "",
    "language": "spanish",
    "sentiment": "negative",
    "categories": [
        "Sport"
    ],
    "webz_reporter": false,
    "external_links": [
        "https://www.disneyplus.com/es-419/browse/entity-40098830-f896-4f74-8f36-63819cf18496?cid=DTCI_STAR-Synergy-ESPN-Site-NA-DisneyPlus-SSLA-DisneyPlus-NA-SSLA-FP-TestMatches_Uruguay_Escocia-NA).",
        "https://www.disneyplus.com/es-419/browse/entity-40098830-f896-4f74-8f36-63819cf18496",
        "https://disneyplus.com/es-419/browse/entity-40098830-f896-4f74-8f36-63819cf18496?cid=DTCI_STAR-Synergy-ESPN-Site-NA-DisneyPlus-SSLA-DisneyPlus-NA-SSLA-FP-TestMatches_Uruguay_Escocia-NA)."
    ],
    "external_images": [],
    "entities": {
        "persons": [],
        "organizations": [],
        "locations": []
    },
    "rating": null,
    "crawled": "2024-07-26T00:43:00.210+03:00",
    "updated": "2024-07-26T00:43:00.210+03:00"
}