{
    "thread": {
        "uuid": "3fadc06cb0d30cfe91a36a77906191e7817c5f15",
        "url": "https://www.pressherald.com/2024/07/25/karate-is-no-longer-an-olympic-sport-some-maine-dojo-owners-say-that-could-make-an-impact-here",
        "site_full": "www.pressherald.com",
        "site": "pressherald.com",
        "site_section": "https://www.pressherald.com:443/rss",
        "site_categories": [
            "media"
        ],
        "section_title": "Press Herald",
        "title": "Maine dojo owners have mixed views about karate’s exclusion from OIympics",
        "title_full": "Maine dojo owners have mixed views about karate’s exclusion from OIympics",
        "published": "2024-07-25T23:30:00.000+03:00",
        "replies_count": 0,
        "participants_count": 1,
        "site_type": "news",
        "country": "US",
        "main_image": "https://w2pcms.com/wp-content/uploads/sites/10/2024/07/39102642_20240724_karate_1.jpg?w=1024",
        "performance_score": 0,
        "domain_rank": 3717,
        "domain_rank_updated": "2024-07-23T13:08:24.000+03:00",
        "reach": null,
        "social": {
            "facebook": {
                "likes": 0,
                "comments": 0,
                "shares": 0
            },
            "gplus": {
                "shares": 0
            },
            "pinterest": {
                "shares": 0
            },
            "linkedin": {
                "shares": 0
            },
            "stumbledupon": {
                "shares": 0
            },
            "vk": {
                "shares": 0
            }
        }
    },
    "uuid": "3fadc06cb0d30cfe91a36a77906191e7817c5f15",
    "url": "https://www.pressherald.com/2024/07/25/karate-is-no-longer-an-olympic-sport-some-maine-dojo-owners-say-that-could-make-an-impact-here",
    "ord_in_thread": 0,
    "parent_url": null,
    "author": "Haley Jones",
    "published": "2024-07-25T23:30:00.000+03:00",
    "title": "Maine dojo owners have mixed views about karate’s exclusion from OIympics",
    "text": "After making a long-awaited Olympic debut at the 2021 Tokyo Games, karate was not included on the list of sports for the 2024 Paris Games, nor is it on the agenda for the 2028 Los Angeles Games.\nThat decision by the International Olympic Committee received mixed reactions from a sampling of dojo owners in Maine. Some believe the sport is losing out on a prime opportunity for exposure, while others are less concerned about karate’s absence from the Olympics, saying pop culture plays a much larger role in attracting people to martial arts.\nAndy Campbell owns Dragon Fire Dojo in South Portland and has practiced martial arts for more than 40 years at the national and international levels. He called the decision to exclude karate “disappointing.”\n“I think the impact of having karate in the Olympics was great, because it gave us a chance to really showcase how hard these athletes work, and what their abilities are,” he said. “I really feel that keeping it in the Olympics would have helped draw in some of these other kids.”\nOther Maine dojo owners, like Donna Harris at Phoenix No Limits Karate in Auburn, say karate’s impact extends far beyond an Olympic stage.\n“(Karate) was never meant to be a sport,” she said. “It was an art. America is when it became what it is, when it became Americanized, that’s when they introduced it as a sport. Traditionally, karate was an art form that was handed down through the family and you had to be a well-known member of the family to learn the art.”\nGeoff Wingard, who owns Heisu Dojo in Orono, said he, too, was disappointed in the IOC decision, but not surprised. Wingard, who’s been practicing karate for 35 years, cited some rule changes that could have impacted karate’s entertainment value.\n“In high level karate competition, there’s two or three dominant rule sets, and they’re similar in a way, but they fall into different categories, allowing different levels of physical contact and permitting different kinds of techniques,” Wingard said.\nHe added that the rules adopted in previous Olympics mirrored those in the World Karate Federation, which is the most popular but “the least exciting to watch.”\nThose rules, Wingard said, restrict techniques that viewers would expect to see in traditional karate competitions.\n“I’ve participated in many competitions, I really enjoyed the competitive aspect form of karate, but that’s not what drove me to study karate,” he said. “I don’t think that’s what drives most students. We have a sense that karate is a holistic activity. It’s something that you can practice from age 5 to age 85. It provides a centering and self-defense aspect.\n“None of those things necessarily are part of the Olympic mission, so I’m not sure that sport karate is necessarily essential.”\nCampbell, of Dragon Fire Dojo, noted that martial arts has many styles. Judo and taekwondo are still in the Olympics, as are wrestling and boxing.\nAs for karate, he said students at his dojo enjoy watching other athletes compete and honor the art form’s traditions — but gain the most value at the local level compared to the international one.\n“I’ve had a chance to compete all over the world and travel all over the world and meet some amazing people,” Campbell said. “I still host an online virtual world tournament that gets competitors from England and Scotland and Sweden and Mexico and all these different places, so I’ve got a lot of stuff that I’ve done. I can attribute the success that I’ve had in my life to that first day walking into a dojo door, and then starting as a martial artist.”\nAccording to data from Statista , a German company that specializes in data collection, martial arts has seen steady growth in America during the last 10 years. Between 2010 and 2023, the number of people practicing the sport in America jumped from 5.04 million in 2010 to 6.61 million in 2023 — a 31% increase.\nDonna Harris works with her students during a summer leadership program Tuesday at Phoenix No Limits Karate in Auburn. Behind Harris is Melanie Deshaies, a junior helper at the dojo. Daryn Slover/Sun Journal\nHarris became involved in karate more than 20 years ago as a way to help her son, Brian Bouchard, overcome bullying at school through self-defense and confidence building. She said karate also gave her the strength to leave an abusive marriage.\n“For me, it’s always been important to give that self-confidence, that gift back to anybody,” she said. “We also offer women’s self-defense courses, and when I see anybody who’s in that situation where they don’t have that confidence, I really want to take them to that level so that they can be the best version of themselves and then pass that on to the next generation.”\nHarris’ junior teacher, or Sen Pai, Melanie Deshaies, said karate has helped her find that confidence as a rising senior at Lewiston High School.\n“At first glance, it almost seems like a sport where it’s just about kicking and punching and wanting to defend yourself,” Deshaies said. “It’s more than just a sport, martial arts has entirely changed my life and my outlook on a lot of things.”\nHarris and Wingard said movies and television shows — like “Cobra Kai” and “Kung Fu Panda” — play a large role in attracting young people to try martial arts.\n“I think that there are a number of wonderful schools in Maine,” Wingard said. “Maine is really unique in that we’re really a rural community that has and continues to have a really deep exposure to Asian martial arts. There are opportunities for people to study martial arts; there are also online opportunities. There’s remote classes now, there’s YouTube videos that show really high-level practitioners. But, the best thing, the most fulfilling thing for me, is working with people.”\nHarris said that in her 24 years of experience teaching karate, not one student has said they aspire to compete in the Olympics. Instead, her students are set on earning new belts and mastering technical skills while growing their confidence.\n“I think when we let our ego talk for us is when we lose sight of the art and the beauty of this,” Harris said.",
    "highlightText": "",
    "highlightTitle": "",
    "highlightThreadTitle": "",
    "language": "english",
    "sentiment": "negative",
    "categories": [
        "Sport"
    ],
    "webz_reporter": false,
    "external_links": [
        "https://www.statista.com/statistics/191917/participants-in-martial-arts-in-the-us-since-2006",
        "https://statista.com/statistics/191917/participants-in-martial-arts-in-the-us-since-2006/",
        "https://www.statista.com/statistics/191917/participants-in-martial-arts-in-the-us-since-2006/"
    ],
    "external_images": [],
    "entities": {
        "persons": [
            {
                "name": "andy campbell",
                "sentiment": "none"
            },
            {
                "name": "kar",
                "sentiment": "none"
            },
            {
                "name": "donna harris",
                "sentiment": "none"
            }
        ],
        "organizations": [
            {
                "name": "international olympic committee",
                "sentiment": "none"
            },
            {
                "name": "dragon fire dojo",
                "sentiment": "none"
            }
        ],
        "locations": [
            {
                "name": "south portland",
                "sentiment": "none"
            },
            {
                "name": "tokyo",
                "sentiment": "none"
            },
            {
                "name": "maine",
                "sentiment": "none"
            },
            {
                "name": "phoenix",
                "sentiment": "none"
            }
        ]
    },
    "rating": null,
    "crawled": "2024-07-26T00:12:23.540+03:00",
    "updated": "2024-07-26T01:55:54.875+03:00"
}