{
    "thread": {
        "uuid": "e5a016ac1b1d6e4597f889c2927658d4e61f2372",
        "url": "https://www.newslocker.com/es-cl/noticias/noticias_generales_chile/adis-a-los-pumas-francia-elimin-a-argentina-en-cuartos-del-rugby-olmpico",
        "site_full": "www.newslocker.com",
        "site": "newslocker.com",
        "site_section": "https://newslocker.com/es-cl",
        "site_categories": [
            "tennis",
            "sports"
        ],
        "section_title": "NewsLocker - News portal",
        "title": "Adiós a Los Pumas: Francia eliminó a Argentina en cuartos del rugby olímpico - Generales Chile noticias - NewsLocker",
        "title_full": "Adiós a Los Pumas: Francia eliminó a Argentina en cuartos del rugby olímpico - Generales Chile noticias - NewsLocker",
        "published": "2024-07-26T01:01:00.000+03:00",
        "replies_count": 0,
        "participants_count": 0,
        "site_type": "news",
        "country": "BY",
        "main_image": "https://img4.newslocker.com/2024/07/26/323915663_350.jpg",
        "performance_score": 0,
        "domain_rank": 59294,
        "domain_rank_updated": "2024-07-23T13:08:43.000+03:00",
        "reach": null,
        "social": {
            "facebook": {
                "likes": 0,
                "comments": 0,
                "shares": 0
            },
            "gplus": {
                "shares": 0
            },
            "pinterest": {
                "shares": 0
            },
            "linkedin": {
                "shares": 0
            },
            "stumbledupon": {
                "shares": 0
            },
            "vk": {
                "shares": 0
            }
        }
    },
    "uuid": "e5a016ac1b1d6e4597f889c2927658d4e61f2372",
    "url": "https://www.newslocker.com/es-cl/noticias/noticias_generales_chile/adis-a-los-pumas-francia-elimin-a-argentina-en-cuartos-del-rugby-olmpico",
    "ord_in_thread": 0,
    "parent_url": null,
    "author": null,
    "published": "2024-07-26T01:01:00.000+03:00",
    "title": "Adiós a Los Pumas: Francia eliminó a Argentina en cuartos del rugby olímpico - Generales Chile noticias - NewsLocker",
    "text": "[✗ Close categories](javascript:hideCategories();) [Ancud](https://www.newslocker.com/es-cl/region/ancud/) [Angol](https://www.newslocker.com/es-cl/region/angol/) [Antofagasta](https://www.newslocker.com/es-cl/region/antofagasta/) [Arauco](https://www.newslocker.com/es-cl/region/arauco/) [Arica](https://www.newslocker.com/es-cl/region/arica/) [Buin](https://www.newslocker.com/es-cl/region/buin/) [Bulnes](https://www.newslocker.com/es-cl/region/bulnes/) [Cañete](https://www.newslocker.com/es-cl/region/canete/) [Cabrero](https://www.newslocker.com/es-cl/region/cabrero/) [Calama](https://www.newslocker.com/es-cl/region/calama/) [Calbuco](https://www.newslocker.com/es-cl/region/calbuco/) [Caleta Condor](https://www.newslocker.com/es-cl/region/caleta-condor/) [Carahue](https://www.newslocker.com/es-cl/region/carahue/) [Cartagena](https://www.newslocker.com/es-cl/region/cartagena/) [Castro](https://www.newslocker.com/es-cl/region/castro/) [Cauquenes](https://www.newslocker.com/es-cl/region/cauquenes/) [Chaihuin](https://www.newslocker.com/es-cl/region/chaihuin/) [Chaitén](https://www.newslocker.com/es-cl/region/chaiten/) [Chiguayante](https://www.newslocker.com/es-cl/region/chiguayante/) [Chile Chico](https://www.newslocker.com/es-cl/region/chile-chico/) [Chillán](https://www.newslocker.com/es-cl/region/chillan/) [Chimbarongo](https://www.newslocker.com/es-cl/region/chimbarongo/) [Chonchi](https://www.newslocker.com/es-cl/region/chonchi/) [Cochrane](https://www.newslocker.com/es-cl/region/cochrane/) [Coihaique](https://www.newslocker.com/es-cl/region/coihaique/) [Coihueco](https://www.newslocker.com/es-cl/region/coihueco/) [Colbún](https://www.newslocker.com/es-cl/region/colbun/) [Collipulli](https://www.newslocker.com/es-cl/region/collipulli/) [Concepción](https://www.newslocker.com/es-cl/region/concepcion/) [Constitución](https://www.newslocker.com/es-cl/region/constitucion/) [Copiapó](https://www.newslocker.com/es-cl/region/copiapo/) [Coquimbo](https://www.newslocker.com/es-cl/region/coquimbo/) [Coronel](https://www.newslocker.com/es-cl/region/coronel/) [Corral](https://www.newslocker.com/es-cl/region/corral/) [Curanilahue](https://www.newslocker.com/es-cl/region/curanilahue/) [Curicó](https://www.newslocker.com/es-cl/region/curico/) [Diego de Almagro](https://www.newslocker.com/es-cl/region/diego-de-almagro/) [Остров Пасхи](https://www.newslocker.com/es-cl/region/n-a/) [El Arenal](https://www.newslocker.com/es-cl/region/el-arenal/) [El Cadillal](https://www.newslocker.com/es-cl/region/el-cadillal/) [El Monte](https://www.newslocker.com/es-cl/region/el-monte/) [Freire](https://www.newslocker.com/es-cl/region/freire/) [Frutillar](https://www.newslocker.com/es-cl/region/frutillar/) [Futaleufú](https://www.newslocker.com/es-cl/region/futaleufu/) [Graneros](https://www.newslocker.com/es-cl/region/graneros/) [Hacienda La Calera](https://www.newslocker.com/es-cl/region/hacienda-la-calera/) [Hanga Roa](https://www.newslocker.com/es-cl/region/hanga-roa/) [Huiro](https://www.newslocker.com/es-cl/region/huiro/) [Illapel](https://www.newslocker.com/es-cl/region/illapel/) [Iquique](https://www.newslocker.com/es-cl/region/iquique/) [La Amistad](https://www.newslocker.com/es-cl/region/la-amistad/) [La Ensenada](https://www.newslocker.com/es-cl/region/la-ensenada/) [La Junta](https://www.newslocker.com/es-cl/region/la-junta/) [La Laja](https://www.newslocker.com/es-cl/region/la-laja/) [La Ligua](https://www.newslocker.com/es-cl/region/la-ligua/) [La Pintana](https://www.newslocker.com/es-cl/region/la-pintana/) [La Serena](https://www.newslocker.com/es-cl/region/la-serena/) [La Unión](https://www.newslocker.com/es-cl/region/la-union/) [Lampa](https://www.newslocker.com/es-cl/region/lampa/) [Las Animas](https://www.newslocker.com/es-cl/region/las-animas/) [Las Fanegas](https://www.newslocker.com/es-cl/region/las-fanegas/) [Las Gaviotas](https://www.newslocker.com/es-cl/region/las-gaviotas/) [Lautaro](https://www.newslocker.com/es-cl/region/lautaro/) [Lebu](https://www.newslocker.com/es-cl/region/lebu/) [Limache](https://www.newslocker.com/es-cl/region/limache/) [Linares](https://www.newslocker.com/es-cl/region/linares/) [Llaillay](https://www.newslocker.com/es-cl/region/llaillay/) [Lo Prado](https://www.newslocker.com/es-cl/region/lo-prado/) [Loncoche](https://www.newslocker.com/es-cl/region/loncoche/) [Longaví](https://www.newslocker.com/es-cl/region/longavi/) [Los Andes](https://www.newslocker.com/es-cl/region/los-andes/) [Los Ángeles](https://www.newslocker.com/es-cl/region/los-angeles/) [Los Navegantes](https://www.newslocker.com/es-cl/region/los-navegantes/) [Lota](https://www.newslocker.com/es-cl/region/lota/) [Machalí](https://www.newslocker.com/es-cl/region/machali/) [Melipilla](https://www.newslocker.com/es-cl/region/melipilla/) [Molina](https://www.newslocker.com/es-cl/region/molina/) [Monte Patria](https://www.newslocker.com/es-cl/region/monte-patria/) [Mulchén](https://www.newslocker.com/es-cl/region/mulchen/) [Nacimiento](https://www.newslocker.com/es-cl/region/nacimiento/) [Nueva Imperial](https://www.newslocker.com/es-cl/region/nueva-imperial/) [Osorno](https://www.newslocker.com/es-cl/region/osorno/) [Ovalle](https://www.newslocker.com/es-cl/region/ovalle/) [Paine](https://www.newslocker.com/es-cl/region/paine/) [Palena](https://www.newslocker.com/es-cl/region/palena/) [Panguipulli](https://www.newslocker.com/es-cl/region/panguipulli/) [Parral](https://www.newslocker.com/es-cl/region/parral/) [Peñaflor](https://www.newslocker.com/es-cl/region/penaflor/) [Penco](https://www.newslocker.com/es-cl/region/penco/) [Pitrufquén](https://www.newslocker.com/es-cl/region/pitrufquen/) [Playa Pilolcura](https://www.newslocker.com/es-cl/region/playa-pilolcura/) [Pucón](https://www.newslocker.com/es-cl/region/pucon/) [Puente Alto](https://www.newslocker.com/es-cl/region/puente-alto/) [Puerto Aisén](https://www.newslocker.com/es-cl/region/puerto-aisen/) [Puerto Bertrand](https://www.newslocker.com/es-cl/region/puerto-bertrand/) [Puerto Chacabuco](https://www.newslocker.com/es-cl/region/puerto-chacabuco/) [Puerto Cisnes](https://www.newslocker.com/es-cl/region/puerto-cisnes/) [Puerto Guadal](https://www.newslocker.com/es-cl/region/puerto-guadal/) [Puerto Montt](https://www.newslocker.com/es-cl/region/puerto-montt/) [Puerto Natales](https://www.newslocker.com/es-cl/region/puerto-natales/) [Puerto Quellón](https://www.newslocker.com/es-cl/region/puerto-quellon/) [Puerto Rio Tranquilo](https://www.newslocker.com/es-cl/region/puerto-rio-tranquilo/) [Puerto Varas](https://www.newslocker.com/es-cl/region/puerto-varas/) [Punta Arenas](https://www.newslocker.com/es-cl/region/punta-arenas/) [Purranque](https://www.newslocker.com/es-cl/region/purranque/) [Puyehue](https://www.newslocker.com/es-cl/region/puyehue/) [Puyuhuapi](https://www.newslocker.com/es-cl/region/puyuhuapi/) [Quillota](https://www.newslocker.com/es-cl/region/quillota/) [Quilpué](https://www.newslocker.com/es-cl/region/quilpue/) [Rancagua](https://www.newslocker.com/es-cl/region/rancagua/) [Rauco](https://www.newslocker.com/es-cl/region/rauco/) [Río Bueno](https://www.newslocker.com/es-cl/region/rio-bueno/) [Rengo](https://www.newslocker.com/es-cl/region/rengo/) [Salamanca](https://www.newslocker.com/es-cl/region/salamanca/) [San Antonio](https://www.newslocker.com/es-cl/region/san-antonio/) [San Bernardo](https://www.newslocker.com/es-cl/region/san-bernardo/) [San Carlos](https://www.newslocker.com/es-cl/region/san-carlos/) [San Clemente](https://www.newslocker.com/es-cl/region/san-clemente/) [San Felipe](https://www.newslocker.com/es-cl/region/san-felipe/) [San Javier](https://www.newslocker.com/es-cl/region/san-javier/) [San Pedro de Atacama](https://www.newslocker.com/es-cl/region/san-pedro-de-atacama/) [San Vicente](https://www.newslocker.com/es-cl/region/san-vicente/) [Santa Cruz](https://www.newslocker.com/es-cl/region/santa-cruz/) [Santa Rosa](https://www.newslocker.com/es-cl/region/santa-rosa/) [Santiago](https://www.newslocker.com/es-cl/region/santiago/) [Talagante](https://www.newslocker.com/es-cl/region/talagante/) [Talca](https://www.newslocker.com/es-cl/region/talca/) [Talcahuano](https://www.newslocker.com/es-cl/region/talcahuano/) [Taltal](https://www.newslocker.com/es-cl/region/taltal/) [Temuco](https://www.newslocker.com/es-cl/region/temuco/) [Teno](https://www.newslocker.com/es-cl/region/teno/) [Tocopilla](https://www.newslocker.com/es-cl/region/tocopilla/) [Tomé](https://www.newslocker.com/es-cl/region/tome/) [Tortel](https://www.newslocker.com/es-cl/region/tortel/) [Traiguén](https://www.newslocker.com/es-cl/region/traiguen/) [Valdivia](https://www.newslocker.com/es-cl/region/valdivia/) [Vallenar](https://www.newslocker.com/es-cl/region/vallenar/) [Valparaíso](https://www.newslocker.com/es-cl/region/valparaiso/) [Viña del Mar](https://www.newslocker.com/es-cl/region/vina-del-mar/) [Victoria](https://www.newslocker.com/es-cl/region/victoria/) [Vicuña](https://www.newslocker.com/es-cl/region/vicuna/) [Vilcún](https://www.newslocker.com/es-cl/region/vilcun/) [Villa Alemana](https://www.newslocker.com/es-cl/region/villa-alemana/) [Villa Cerro Castillo](https://www.newslocker.com/es-cl/region/villa-cerro-castillo/) [Villa Europa](https://www.newslocker.com/es-cl/region/villa-europa/) [Villa Presidente Frei, Ñuñoa, Santiago, Chile](https://www.newslocker.com/es-cl/region/villa-presidente-frei-nunoa-santiago-chile/) [Villarrica](https://www.newslocker.com/es-cl/region/villarrica/) [Vuelta de la Zorra](https://www.newslocker.com/es-cl/region/vuelta-de-la-zorra/) [Yumbel](https://www.newslocker.com/es-cl/region/yumbel/) [✗ Close categories](javascript:hideCategories();) - [Adiós a Los Pumas: Francia eliminó a Argentina en cuartos del rugby olímpico](https://www.newslocker.com/es-cl/noticias/noticias_generales_chile/adis-a-los-pumas-francia-elimin-a-argentina-en-cuartos-del-rugby-olmpico/view/)El conjunto trasandino fue incapaz de remontar un bajo primer tiempo. - [Exdirector jurídico de Quintero es acusado de abuso sexual contra dos subalternas](https://www.newslocker.com/es-cl/noticias/noticias_generales_chile/exdirector-jurdico-de-quintero-es-acusado-de-abuso-sexual-contra-dos-subalternas/view/)Según la Fiscalía, agredió a ambas funcionarias municipales durante una fiesta de fin de año. A una la besó por la fuerza y a otra la tocó de manera impropia e \"intimidatoria\" mientras le hacía comentarios sobre su desempeño laboral. - [Ordenan al fisco a indemnizar con $100 millones a reclusa que dio a luz esposada](https://www.newslocker.com/es-cl/noticias/noticias_generales_chile/ordenan-al-fisco-a-indemnizar-con-100-millones-a-reclusa-que-dio-a-luz-esposada/view/)La mujer permaneció engrillada en todo momento. - [Francia logró una sufrida victoria sobre Colombia en el fútbol femenino de París 2024](https://www.newslocker.com/es-cl/noticias/noticias_generales_chile/francia-logr-una-sufrida-victoria-sobre-colombia-en-el-ftbol-femenino-de-pars-2024/view/)El elenco sudamericano batalló contra las locales, sin poder equiparar las cifras. - [Estados Unidos tuvo goleador debut ante Zambia en el fútbol femenino de París 2024](https://www.newslocker.com/es-cl/noticias/noticias_generales_chile/estados-unidos-tuvo-goleador-debut-ante-zambia-en-el-ftbol-femenino-de-pars-2024/view/)Las norteamericanas, una de las candidatas más fuertes al oro olímpico, ganaron con un cómodo resultado. - [En duda el paradero de colombianos que serían expulsados por golpear a carabineros](https://www.newslocker.com/es-cl/noticias/noticias_generales_chile/en-duda-el-paradero-de-colombianos-que-seran-expulsados-por-golpear-a-carabineros/view/)Tras ser formalizados, y pese a las dudas sobre su identidad real, quedaron con arresto domiciliario. No existe constancia de si se encuentran cumpliendo efectivamente dicha medida cautelar. - [Iniciaron las clasificatorias para el Red Bull Del Cerro al Barrio 2025](https://www.newslocker.com/es-cl/noticias/noticias_generales_chile/iniciaron-las-clasificatorias-para-el-red-bull-del-cerro-al-barrio-2025/view/)Son ocho las competencias que entregarán puntos a los pilotos para buscar un cupo al prestigioso campamento de bici, puerta de entrada a Valparaíso Cerro Abajo. - [Detenido en Francia segundo sospechoso de planear atentado contra los Juegos Olímpicos](https://www.newslocker.com/es-cl/noticias/noticias_generales_chile/detenido-en-francia-segundo-sospechoso-de-planear-atentado-contra-los-juegos-olmpicos/view/)El sujeto está relacionado con el adolescente que fue detenido el pasado martes. - [Muere famosa influencer conocida como \"la motociclista más bella de Rusia\"](https://www.newslocker.com/es-cl/noticias/noticias_generales_chile/muere-famosa-influencer-conocida-como-la-motociclista-maacutes-bella-de-rusia/view/)Chocó durante un viaje en moto por Europa. - [Alexis, Galdames e Isla sumaron una nueva práctica junto a juveniles de La Roja](https://www.newslocker.com/es-cl/noticias/noticias_generales_chile/alexis-galdames-e-isla-sumaron-una-nueva-prctica-junto-a-juveniles-de-la-roja/view/)A la espera de definir sus nuevos clubes, los futbolistas Alexis Sánchez, Thomas Galdames y Mauricio Isla tuvieron su segunda jornada de entrenamientos en \"Juan Pinto Durán\" junto a juveniles de La Roja. - [[VIDEO] El golazo que anotó Alexis Sánchez en \"Juan Pinto Durán\"](https://www.newslocker.com/es-cl/noticias/noticias_generales_chile/video-el-golazo-que-anotoacute-alexis-saacutenchez-en-juan-pinto-duraacuten/view/)El tocopillano sacó a relucir su talento durante las prácticas con juveniles de La Roja. - [TVN explicó las polémicas declaraciones de Francisco Vidal hacia otros canales](https://www.newslocker.com/es-cl/noticias/noticias_generales_chile/tvn-explic-las-polmicas-declaraciones-de-francisco-vidal-hacia-otros-canales/view/)El presidente del directorio había expresado duros términos hacia Canal 13, Mega y Chilevisión. - [Desaparecido director de liceo es buscado en el Río Biobío](https://www.newslocker.com/es-cl/noticias/noticias_generales_chile/desaparecido-director-de-liceo-es-buscado-en-el-ro-biobo/view/)Mauricio Toro salió de su casa el martes y su vehículo fue encontrado en la Costanera penquista. Hasta el momento no se han logrado mayores avances. - [Edmundo González, de jubilado desconocido a esperanza de reconciliación en Venezuela](https://www.newslocker.com/es-cl/noticias/noticias_generales_chile/edmundo-gonzlez-de-jubilado-desconocido-a-esperanza-de-reconciliacin-en-venezuela/view/)El candidato opositor, de 74 años, ha prometido mejorar los deficientes servicios básicos en el país, pero sus énfasis principales son la amistad cívica y la reinstitucionalización del Estado. Exembajador -inició su carrera diplomática a finales de los '60-, se declara dispuesto a conversar con cualquiera, incluyendo a los representantes del chavismo. Al concluir hoy su campaña, invitó a votar el domingo \"con valentía y - [Halle Berry posa como Gatúbela para celebrar los 20 años de su estreno](https://www.newslocker.com/es-cl/noticias/noticias_generales_chile/halle-berry-posa-como-gatbela-para-celebrar-los-20-aos-de-su-estreno/view/)\"Siempre seré Patience Phillips, alias Catwoman\", escribió la actriz. - [Primer récord de París 2024: Lim Sihyeon batió la marca mundial en tiro con arco](https://www.newslocker.com/es-cl/noticias/noticias_generales_chile/primer-rcord-de-pars-2024-lim-sihyeon-bati-la-marca-mundial-en-tiro-con-arco/view/)La joven deportista surcoreana superó el registro de dos compatriotas. - [Girondins de Bordeaux dejó el fútbol profesional por sus problemas financieros](https://www.newslocker.com/es-cl/noticias/noticias_generales_chile/girondins-de-bordeaux-dej-el-ftbol-profesional-por-sus-problemas-financieros/view/)La decisión implica que todos sus jugadores del histórico club francés fueron liberados de sus contratos y el centro de formación será cerrado. - [Huachipato anunció salida de su DT interino y espera por la llegada del español Igor Oca](https://www.newslocker.com/es-cl/noticias/noticias_generales_chile/huachipato-anunci-salida-de-su-dt-interino-y-espera-por-la-llegada-del-espaol-igor-oca/view/)Pese a su destacada participación en copas internacionales, Francisco Troncoso regresará a sus labores en el fútbol joven. - [Tabilo y Jarry conocieron la programación para su debut en el dobles olímpico](https://www.newslocker.com/es-cl/noticias/noticias_generales_chile/tabilo-y-jarry-conocieron-la-programacin-para-su-debut-en-el-dobles-olmpico/view/)Los chilenos tendrán rivales italianos. - [Senador Castro: Chile va desarrollándose de la mano de China como socio comercial](https://www.newslocker.com/es-cl/noticias/noticias_generales_chile/senador-castro-chile-va-desarrollndose-de-la-mano-de-china-como-socio-comercial/view/)En la agenda de la recién concluida tercera Sesión Plenaria del Comité Central del PCCh figuraban temas como la profundización de la reforma de China, que permitirán fortalecer aún más los lazos y la cooperación del país asiático con otras naciones del mundo. Bajo el marco de este tercer plenario, CGTN Español ha entrevistado al senador Juan Castro Prieto (RN), quien destacó la inversión de las empresas ch - [Sepúlveda: Estamos para cosas importantes, con la calidad del plantel todo se hace más fácil](https://www.newslocker.com/es-cl/noticias/noticias_generales_chile/seplveda-estamos-para-cosas-importantes-con-la-calidad-del-plantel-todo-se-hace-ms-fcil/view/)\"Toca pensar en hacer lo mejor y quedar liderando como el semestre pasado\", señaló. - [Tiago Nunes: Yo me hago cargo si Arancibia no anda bien](https://www.newslocker.com/es-cl/noticias/noticias_generales_chile/tiago-nunes-yo-me-hago-cargo-si-arancibia-no-anda-bien/view/)El técnico de Universidad Católica, Tiago Nunes, comentó la llegada de Francisco Arancibia a la tienda cruzada, y aseguró que se hará responsable si el delantero no anda bien. - [Inter de Porto Alegre está llano a buscar una salida para Charles Aránguiz](https://www.newslocker.com/es-cl/noticias/noticias_generales_chile/inter-de-porto-alegre-est-llano-a-buscar-una-salida-para-charles-arnguiz/view/)El club fue eliminado de Copa Sudamericana por Rosario Central. - [Miguel Ponce por castigo a Aránguiz: Esperábamos una, no dos fechas](https://www.newslocker.com/es-cl/noticias/noticias_generales_chile/miguel-ponce-por-castigo-a-arnguiz-esperbamos-una-no-dos-fechas/view/)El técnico de Unión Española, Miguel Ponce, se refirió a la sanción recibida por Pablo Aránguiz y dejó ver que fue exagerado el castigo dado que esperaban una fecha y no dos como lo decidió el Tribunal de Disciplina. - [Benegas: En Colo Colo no me tocó jugar mucho, pero estoy convencido de lo que puedo dar](https://www.newslocker.com/es-cl/noticias/noticias_generales_chile/benegas-en-colo-colo-no-me-toc-jugar-mucho-pero-estoy-convencido-de-lo-que-puedo-dar/view/)En sus primeras reflexiones como jugador de Unión Española, el delantero Leandro Benegas señaló que \"en Colo Colo no me tocó participar mucho, pero estoy convencido de lo que puedo dar\", y evitó hablar de una \"revancha\", ya que \"vivo el presente\". - [\"Hay que saber dar la cara\": Mauricio Israel rompe el silencio sobre escándalo de Kaminski](https://www.newslocker.com/es-cl/noticias/noticias_generales_chile/hay-que-saber-dar-la-cara-mauricio-israel-rompe-el-silencio-sobre-escaacutendalo-de-kaminski/view/)El presentador opinó cuál fue el error del mediático personaje. - [Víctor Carrera disputará la tercera fecha del Mundial de parapente acrobático](https://www.newslocker.com/es-cl/noticias/noticias_generales_chile/vctor-carrera-disputar-la-tercera-fecha-del-mundial-de-parapente-acrobtico/view/)El chileno competirá en Suiza. - [Caso Conscripto: La exhumación del cuerpo de Franco Vargas](https://www.newslocker.com/es-cl/noticias/noticias_generales_chile/caso-conscripto-la-exhumacin-del-cuerpo-de-franco-vargas/view/)El fiscal regional de Arica y Parinacota, Mario Carrera, junto a la Brigada de Homicidios de la Policía de Investigaciones (PDI), dirigió este jueves la exhumación del cuerpo de Franco Vargas, conscripto de 19 años que falleció en abril pasado durante una marcha militar en Putre. Las diligencias se llevaron a cabo en el Cementerio Canaán, en la comuna capitalina de Pudahuel, cuyos restos posteriormente fueron trasladados al Servicio Médico Legal ( - [Encuentran escopetas y lanzagranadas en entretecho de vivienda en Talagante](https://www.newslocker.com/es-cl/noticias/noticias_generales_chile/encuentran-escopetas-y-lanzagranadas-en-entretecho-de-vivienda-en-talagante/view/)La Brigada Antisecuestros Metropolitana de la PDI halló armamento en el entretecho de una construcción que fue utilizada como cautiverio de dos secuestros ocurridos en junio en Talagante. Había dos escopetas, un arma de fuego y un cañón lanzagranadas. - [El editorial de Igor Ochoa: Lo escandaloso no podrá con el brillo de las medallas](https://www.newslocker.com/es-cl/noticias/noticias_generales_chile/el-editorial-de-igor-ochoa-lo-escandaloso-no-podr-con-el-brillo-de-las-medallas/view/)El comentarista de Cooperativa Deportes Igor Ochoa analizó lo ocurrido en el duelo entre Argentina y Marruecos en el inicio de los Juegos Olímpicos de París 2024, y aseguró que pese a lo escandaloso de lo sucedido, ello no podrá con el brillo de las medallas.",
    "highlightText": "",
    "highlightTitle": "",
    "highlightThreadTitle": "",
    "language": "english",
    "sentiment": "negative",
    "categories": [
        "Sport",
        "War, Conflict and Unrest"
    ],
    "webz_reporter": false,
    "external_links": [],
    "external_images": [],
    "entities": {
        "persons": [
            {
                "name": "castro",
                "sentiment": "none"
            }
        ],
        "organizations": [
            {
                "name": "caleta condor",
                "sentiment": "none"
            }
        ],
        "locations": [
            {
                "name": "argentina",
                "sentiment": "none"
            },
            {
                "name": "generales chile",
                "sentiment": "none"
            },
            {
                "name": "cartagena",
                "sentiment": "none"
            },
            {
                "name": "calama",
                "sentiment": "none"
            },
            {
                "name": "antofagasta",
                "sentiment": "none"
            },
            {
                "name": "arica",
                "sentiment": "none"
            }
        ]
    },
    "rating": null,
    "crawled": "2024-07-26T01:27:50.334+03:00",
    "updated": "2024-07-26T01:27:50.334+03:00"
}