{
    "thread": {
        "uuid": "abb1cfc0760f6bbd231ab500bff0dfbc6a109f55",
        "url": "https://ksltv.com/664734/team-usa-rugby-sevens-falls-australia-quarterfinals",
        "site_full": "ksltv.com",
        "site": "ksltv.com",
        "site_section": "https://ksltv.com/feed",
        "site_categories": [
            "media",
            "television",
            "entertainment"
        ],
        "section_title": "KSLTV.com",
        "title": "Team U.S.A. Rugby Sevens Gets Shutout By Australia In Quarter-Finals",
        "title_full": "Team U.S.A. Rugby Sevens Gets Shutout By Australia In Quarter-Finals",
        "published": "2024-07-26T00:06:00.000+03:00",
        "replies_count": 0,
        "participants_count": 1,
        "site_type": "news",
        "country": "US",
        "main_image": "",
        "performance_score": 0,
        "domain_rank": 20919,
        "domain_rank_updated": "2024-07-23T13:08:24.000+03:00",
        "reach": null,
        "social": {
            "facebook": {
                "likes": 0,
                "comments": 0,
                "shares": 0
            },
            "gplus": {
                "shares": 0
            },
            "pinterest": {
                "shares": 0
            },
            "linkedin": {
                "shares": 0
            },
            "stumbledupon": {
                "shares": 0
            },
            "vk": {
                "shares": 0
            }
        }
    },
    "uuid": "abb1cfc0760f6bbd231ab500bff0dfbc6a109f55",
    "url": "https://ksltv.com/664734/team-usa-rugby-sevens-falls-australia-quarterfinals",
    "ord_in_thread": 0,
    "parent_url": null,
    "author": "KSL SPORTS",
    "published": "2024-07-26T00:06:00.000+03:00",
    "title": "Team U.S.A. Rugby Sevens Gets Shutout By Australia In Quarter-Finals",
    "text": "Team U.S.A. Rugby Sevens Gets Shutout By Australia In Quarter-Finals\nJul 25, 2024, 3:06 PM\nPARIS, France – After picking up its first win over Uruguay earlier in the day, Team U.S.A. Rugby Sevens lost to Australia in the quarter-finals.\nThe U.S. was outmatched from the jump. It felt like every time they made a mistake, Australia immediately capitalized.\nA comprehensive win for\n[@Aussie7s]Men sees them into their first Olympic semi-final 🙌 [#RugbySevens]| [#Paris2024] [pic.twitter.com/utftCE3iEQ]\n— Rugby Sevens (@SVNSSeries)\n[July 25, 2024]\nU.S. Rugby Sevens Shut Out By Australia\nThe start of the game was very competitive.\nNeither side was able to make much progress with the ball as defense told the story early in the first half.\nRELATED: Every Utah Local That Will Compete At 2024 Paris Olympics\nFinally, after four minutes, Australia broke the drought. James Turner touched the ball down in the in-goal area to take a 5-0 lead.\nThe U.S. still held strong and looked to go into halftime trailing by just five. However, a costly turnover just before the break allowed Australia to double its lead before the break.\nBad end of the first half for the United States. Turning it over and then Australia scores to end the half with a 10-0 lead.\nDown… but not out.\n[#RugbySevens] [#USAEagles] [#Paris2024]\n— Sam Farnsworth (@Samsworth_TV)\n[July 25, 2024]\nThe second half played out almost exactly like the first.\nTeam USA and Australia went back and forth with neither side able to threaten a score.\nThen, after six minutes, Australia tacked on three points after a U.S. penalty.\nRELATED: Salt Lake City Officially Named Host For 2034 Winter Olympics\nA minute later, they secured their win with a last-minute try from Maurice Longbottom.\nWith the 18-0 loss, Team USA is no longer in medal contention.\nFollow The 2024 Summer Olympics With KSL Sports\nThe\n2024 Paris Olympics takes place Friday, July 26, through Sunday, August 11. The Paris Games are comprised of 329 events across 19 days, with 754 competitions and ceremonies for more than 10,000 athletes. Find KSL Sports coverage of the 2024 Paris Summer Olympics here.\nChandler Holt is a co-host of the\n Jazz Notes podcast, a Locals In The NFL Insider, and Digital Sports Producer for KSLSports.com. Follow Chandler on Twitter @CHoltSports or on Threads @chandlerho1t.\nWant more coverage of Team U.S.A. Rugby Sevens? Take us with you, wherever you go.\nDownload the new & improved KSL Sports app from Utah’s sports leader. You can stream live radio, video and stay up to date on all of your favorite teams.",
    "highlightText": "",
    "highlightTitle": "",
    "highlightThreadTitle": "",
    "language": "english",
    "sentiment": "negative",
    "categories": [
        "Sport"
    ],
    "webz_reporter": false,
    "external_links": [
        "https://kslsports.com/category/podcast_results/?n=jazz-notes",
        "https://www.kslsports.com/author/cholt",
        "https://kslsports.com/521335/every-utah-local-competing-2024-paris-olympics/",
        "https://www.kslsports.com/520926/salt-lake-city-officially-named-host-2034-winter-olympics/",
        "https://www.kslsports.com/app/",
        "https://kslsports.com/category/ksl-olympics",
        "https://kslsports.com/app",
        "https://kslsports.com/author/cholt",
        "https://threads.net/@chandlerho1t",
        "https://www.kslsports.com/category/podcast_results/?n=jazz-notes",
        "https://olympics.com/en/paris-2024/the-games/olympic-paralympic-games/olympic-games",
        "https://www.kslsports.com/category/ksl-olympics/",
        "https://kslsports.com/category/ksl-olympics/",
        "https://www.x.com/CHoltSports",
        "https://www.threads.net/@chandlerho1t",
        "https://kslsports.com/521335/every-utah-local-competing-2024-paris-olympics",
        "https://x.com/CHoltSports",
        "https://kslsports.com/app/",
        "https://kslsports.com/520926/salt-lake-city-officially-named-host-2034-winter-olympics",
        "https://www.kslsports.com/521335/every-utah-local-competing-2024-paris-olympics/",
        "https://kslsports.com/category/podcast_results/",
        "https://kslsports.com/520926/salt-lake-city-officially-named-host-2034-winter-olympics/",
        "https://www.olympics.com/en/paris-2024/the-games/olympic-paralympic-games/olympic-games"
    ],
    "external_images": [],
    "entities": {
        "persons": [
            {
                "name": "james turner",
                "sentiment": "none"
            }
        ],
        "organizations": [
            {
                "name": "team u.s.a. rugby sevens",
                "sentiment": "none"
            }
        ],
        "locations": [
            {
                "name": "u.s.",
                "sentiment": "none"
            },
            {
                "name": "uruguay",
                "sentiment": "none"
            },
            {
                "name": "australia",
                "sentiment": "none"
            },
            {
                "name": "paris",
                "sentiment": "none"
            },
            {
                "name": "paris",
                "sentiment": "none"
            }
        ]
    },
    "rating": null,
    "crawled": "2024-07-26T02:30:07.463+03:00",
    "updated": "2024-07-26T02:30:07.463+03:00"
}