{
    "thread": {
        "uuid": "46325664120ebc7d1975107add5810adc187076b",
        "url": "https://www.sofoot.com/breves/travaux-dartemio-franchi-la-fiorentina-perd-son-recours-face-a-la-municipalite-de-florence",
        "site_full": "www.sofoot.com",
        "site": "sofoot.com",
        "site_section": "https://www.sofoot.com/rss",
        "site_categories": [
            "travel",
            "france"
        ],
        "section_title": "SOFOOT.com",
        "title": "Travaux d’Artemio-Franchi : la Fiorentina perd son recours face à la municipalité de Florence",
        "title_full": "Travaux d’Artemio-Franchi : la Fiorentina perd son recours face à la municipalité de Florence",
        "published": "2024-07-25T21:53:00.000+03:00",
        "replies_count": 0,
        "participants_count": 1,
        "site_type": "news",
        "country": "FR",
        "main_image": "https://sofoot.s3.eu-central-1.amazonaws.com/wp-content/uploads/2024/07/25190206/ICONSPORT_217057_0076-1400x933.jpg",
        "performance_score": 0,
        "domain_rank": 34749,
        "domain_rank_updated": "2024-07-23T13:08:24.000+03:00",
        "reach": null,
        "social": {
            "facebook": {
                "likes": 0,
                "comments": 0,
                "shares": 0
            },
            "gplus": {
                "shares": 0
            },
            "pinterest": {
                "shares": 0
            },
            "linkedin": {
                "shares": 0
            },
            "stumbledupon": {
                "shares": 0
            },
            "vk": {
                "shares": 0
            }
        }
    },
    "uuid": "46325664120ebc7d1975107add5810adc187076b",
    "url": "https://www.sofoot.com/breves/travaux-dartemio-franchi-la-fiorentina-perd-son-recours-face-a-la-municipalite-de-florence",
    "ord_in_thread": 0,
    "parent_url": null,
    "author": "Ulysse LLAMAS",
    "published": "2024-07-25T21:53:00.000+03:00",
    "title": "Travaux d’Artemio-Franchi : la Fiorentina perd son recours face à la municipalité de Florence",
    "text": "- Italie - ACF Fiorentina Travaux du stade Artemio-Franchi : la Fio perd son recours face à la municipalité de Florence Artemio-Franchi, [le Ponte Vecchio](https://www.lejournaldesarts.fr/patrimoine/premiere-grande-restauration-pour-le-ponte-vecchio-172119)… c’est le grand ménage à Florence. Un gros conflit autour du stade Artemio-Franchi oppose le club de la Fiorentina et la commune de Florence. Les travaux de l’enceinte ont démarré, mais le club avait demandé à la municipalité locale de les suspendre, notamment à cause de la réduction temporaire de la capacité du stade qui va porter préjudice à la Viola pendant les travaux (le club demandait d’ailleurs également des dommages et intérêts). Le tribunal a rejeté la demande ce mercredi, et indique que les travaux du stade vont se poursuivre. L’équipe jouera donc dans un stade de 24 000 places (au lieu de 41 000) cette saison. La tribune Fiesole, où sont réunis les plus fervents supporters de la Fio, sera fermée pendant le chantier. Les aménagements sont prévus jusqu’en 2026. Bref, c’est un peu la zuppa à la grimace. [Non, Moise Kean ne se reconvertira pas dans le foot-fléchettes](https://www.sofoot.com/breves/non-moise-kean-ne-se-reconvertira-pas-dans-le-foot-flechettes) UL",
    "highlightText": "",
    "highlightTitle": "",
    "highlightThreadTitle": "",
    "language": "french",
    "sentiment": "negative",
    "categories": [
        "Sport",
        "Corporate Governance and CSR"
    ],
    "webz_reporter": false,
    "external_links": [
        "https://www.lejournaldesarts.fr/patrimoine/premiere-grande-restauration-pour-le-ponte-vecchio-172119",
        "https://lejournaldesarts.fr/patrimoine/premiere-grande-restauration-pour-le-ponte-vecchio-172119"
    ],
    "external_images": [],
    "entities": {
        "persons": [],
        "organizations": [],
        "locations": []
    },
    "rating": null,
    "crawled": "2024-07-26T01:54:59.712+03:00",
    "updated": "2024-07-26T02:58:58.521+03:00"
}