{
    "thread": {
        "uuid": "03de5a2ac735804c66b0612afe805b276f4dbd32",
        "url": "https://www.thecourier.com.au/video/breaking/x92weu2/oztag-referee-a-victim-of-players-blind-explosion",
        "site_full": "www.thecourier.com.au",
        "site": "thecourier.com.au",
        "site_section": "https://www.thecourier.com.au/video",
        "site_categories": [
            "media"
        ],
        "section_title": "Video | The Courier | Ballarat, VIC",
        "title": "Oztag referee a victim of player's 'blind explosion' | The Courier | Ballarat, VIC",
        "title_full": "Oztag referee a victim of player's 'blind explosion' | The Courier | Ballarat, VIC",
        "published": "2024-07-26T01:19:00.000+03:00",
        "replies_count": 0,
        "participants_count": 0,
        "site_type": "news",
        "country": "AU",
        "main_image": "https://s1.dmcdn.net/v/WkXaQ1cejs7xcxHJt/x480",
        "performance_score": 0,
        "domain_rank": 32029,
        "domain_rank_updated": "2024-07-23T13:08:24.000+03:00",
        "reach": null,
        "social": {
            "facebook": {
                "likes": 0,
                "comments": 0,
                "shares": 0
            },
            "gplus": {
                "shares": 0
            },
            "pinterest": {
                "shares": 0
            },
            "linkedin": {
                "shares": 0
            },
            "stumbledupon": {
                "shares": 0
            },
            "vk": {
                "shares": 0
            }
        }
    },
    "uuid": "03de5a2ac735804c66b0612afe805b276f4dbd32",
    "url": "https://www.thecourier.com.au/video/breaking/x92weu2/oztag-referee-a-victim-of-players-blind-explosion",
    "ord_in_thread": 0,
    "parent_url": null,
    "author": null,
    "published": "2024-07-26T01:19:00.000+03:00",
    "title": "Oztag referee a victim of player's 'blind explosion' | The Courier | Ballarat, VIC",
    "text": "Ad Video Breaking Video Breaking News Home Sections My Region Home Page News Local News Court and Crime Property Victoria National 40 under 40 Council Politics Health Business Education Rural World Young and Regional How Many More? Motoring News Cost of Living Paris Olympics Sport CHFL BFNL Live AFL From The Press Box Women's Sport Cricket HQ Ballarat Basketball National Sport Off the Record Local Sport A-League NRL Scores and Draws Footy HQ Racing World Sport Community What's On Your News Babies, Weddings & Obituaries Newsletters History Send Us Your News Sponsorships Entertainment TV & Streaming Movies Books Arts & Theatre Gaming Music Technology Lifestyle Food & Drink Celebrity Home & Garden Money Parenting Relationships Travel Fashion Shopping Pets & Animals Health & Wellbeing Beauty Video Breaking Local National Viral World Sport Animal Crime Entertainment Politics Comment Your Say Our Say Opinion Jobs Puzzles Crossword Sudoku Ultimate Trivia Notices Tributes Celebrations Cars Place a Job Ad Place Classifieds Ad Real Estate Ag and Rural Garage Sales Recommended Features Special Publications Partner Content Photo Galleries Heartbeat of Australia Press releases from AAP Discount Codes Emergency Quick Links Today’s Paper Download our app Interactive Puzzles ViewJobs Network Explore Travel View Jobs AgTrader View Insurance Beevo Contact us Help Centre Terms & Conditions - Digital Terms & Conditions - Newspaper Privacy Policy About us Conditions of Use Bendigo Advertiser The Standard The Advocate - Hepburn The Ararat Advertiser The Stawell Times-News The Wimmera Mail-Times The Courier's complete view of property Home / Video / Breaking Oztag referee a victim of player's 'blind explosion' July 26 2024 - 9:19am July 26 2024 - 9:19am Facebook Twitter Whatsapp Email Copy Share Facebook Twitter Whatsapp Email Copy Advertisement Ad Australian Community Media ACM Website Privacy Conditions of Use Terms and Conditions - Digital Subscription Terms and Conditions - Newspaper Subscription The Courier Contact About Us Working With Us Today's Paper Commenting Guidelines View Property Edition Help Centre Our Sites View Explore View Insurance Beevo Place an Ad Classifieds Cars Jobs Tributes Celebrations Promo Codes AgTrader Farmer's Finance Garage Sales Submit Send a Letter to the Editor",
    "highlightText": "",
    "highlightTitle": "",
    "highlightThreadTitle": "",
    "language": "english",
    "sentiment": "negative",
    "categories": [
        "Sport",
        "Crime, Law and Justice"
    ],
    "webz_reporter": false,
    "external_links": [],
    "external_images": [],
    "entities": {
        "persons": [],
        "organizations": [
            {
                "name": "region home page news local news court",
                "sentiment": "negative"
            },
            {
                "name": "ballarat",
                "sentiment": "negative"
            },
            {
                "name": "motoring news cost of living paris olympics sport chfl",
                "sentiment": "none"
            },
            {
                "name": "real estate ag",
                "sentiment": "none"
            },
            {
                "name": "property victoria national",
                "sentiment": "none"
            },
            {
                "name": "council politics health business education rural world young",
                "sentiment": "none"
            }
        ],
        "locations": []
    },
    "rating": null,
    "crawled": "2024-07-26T02:25:58.668+03:00",
    "updated": "2024-07-26T02:25:58.668+03:00"
}