{
    "thread": {
        "uuid": "0414138e092ed42c733377db656321ae19e98eb5",
        "url": "https://www.emol.com/noticias/Deportes/2024/07/25/1137712/argentina-mauritania-lalcudia.html",
        "site_full": "www.emol.com",
        "site": "emol.com",
        "site_section": "https://emol.com/deportes/",
        "site_categories": [
            "media",
            "top_news"
        ],
        "section_title": "Deportes | Emol.com - El sitio de noticias online de Chile.",
        "title": "Un polémico penal cobrado en el final a Argentina desata un escándalo en el torneo L'Alcúdia: Imágenes",
        "title_full": "Un polémico penal cobrado en el final a Argentina desata un escándalo en el torneo L'Alcúdia: Imágenes",
        "published": "2024-07-25T23:18:00.000+03:00",
        "replies_count": 0,
        "participants_count": 1,
        "site_type": "news",
        "country": "CL",
        "main_image": "https://static.emol.cl/emol50/Fotos/2024/07/25/file_20240725171640.jpg",
        "performance_score": 0,
        "domain_rank": 10835,
        "domain_rank_updated": "2024-07-23T13:08:24.000+03:00",
        "reach": null,
        "social": {
            "facebook": {
                "likes": 0,
                "comments": 0,
                "shares": 0
            },
            "gplus": {
                "shares": 0
            },
            "pinterest": {
                "shares": 0
            },
            "linkedin": {
                "shares": 0
            },
            "stumbledupon": {
                "shares": 0
            },
            "vk": {
                "shares": 0
            }
        }
    },
    "uuid": "0414138e092ed42c733377db656321ae19e98eb5",
    "url": "https://www.emol.com/noticias/Deportes/2024/07/25/1137712/argentina-mauritania-lalcudia.html",
    "ord_in_thread": 0,
    "parent_url": null,
    "author": "El Mercurio S.A.P.",
    "published": "2024-07-25T23:18:00.000+03:00",
    "title": "Un polémico penal cobrado en el final a Argentina desata un escándalo en el torneo L'Alcúdia: Imágenes",
    "text": "Nuevo escándalo en el fútbol. Ahora en el torneo juvenil de selecciones, L'Alcúdia, donde jugaban Argentina y Mauritania.\nEl partido ya estaba en su recta final cuando el árbitro cobró un polémico penal a favor de la \"Albiceleste\". A los jugadores africanos no les gustó la sanción y le reclamaron con todo al juez.\nPese a las quejas, la pena máxima se ejecutó y el cuadro transandino logró el empate ya cuando el encuentro se iba y se jugaban los minutos agregados.\nMientras los argentinos festejaban, los futbolistas de Mauritania se fueron contra el árbitro totalmente furiosos por la decisión que los privó de la victoria y dejó el lance 1-1.\nFue a tal punto la rabia, que tuvo que intervenir la Guardia Civil para que el cuerpo arbitral se fuese de la cancha escoltado hasta la zona de vestuarios.\nRecordar que este miércoles Argentina fue parte de un papelón en los Juegos Olímpicos. Su partido fue suspendido por más de una hora, cuando volvió le anularon el gol en el VAR y terminó perdiendo ante Marruecos.",
    "highlightText": "",
    "highlightTitle": "",
    "highlightThreadTitle": "",
    "language": "spanish",
    "sentiment": "negative",
    "categories": [
        "Social Issue",
        "Sport"
    ],
    "webz_reporter": false,
    "external_links": [
        "https://twitter.com/DespliegueFutCL/status/1816552478244049077",
        "https://twitter.com/VarskySports/status/1816565757536321957",
        "https://www.twitter.com/VarskySports/status/1816565757536321957",
        "https://www.twitter.com/DespliegueFutCL/status/1816552478244049077"
    ],
    "external_images": [],
    "entities": {
        "persons": [],
        "organizations": [],
        "locations": []
    },
    "rating": null,
    "crawled": "2024-07-26T00:23:18.197+03:00",
    "updated": "2024-07-26T00:23:18.197+03:00"
}