{
    "thread": {
        "uuid": "03ccd9cafcc7b94e6e07fc299320455459965817",
        "url": "https://istoe.com.br/red-bull-proibe-max-verstappen-de-jogar-videogame-antes-das-etapas-de-formula-1",
        "site_full": "istoe.com.br",
        "site": "istoe.com.br",
        "site_section": "http://www.brazil.shafaqna.com/rss.xml",
        "site_categories": [
            "under_construction",
            "top_news"
        ],
        "section_title": "Brasil Notícias (Leitor de Notícias) | ",
        "title": "Red Bull proíbe Max Verstappen de jogar videogame antes das etapas de Fórmula 1",
        "title_full": "Red Bull proíbe Max Verstappen de jogar videogame antes das etapas de Fórmula 1",
        "published": "2024-07-25T23:50:00.000+03:00",
        "replies_count": 0,
        "participants_count": 1,
        "site_type": "news",
        "country": "BR",
        "main_image": "https://istoe.com.br/wp-includes/images/media/default.svg",
        "performance_score": 0,
        "domain_rank": 17175,
        "domain_rank_updated": "2024-07-23T13:08:24.000+03:00",
        "reach": null,
        "social": {
            "facebook": {
                "likes": 0,
                "comments": 0,
                "shares": 0
            },
            "gplus": {
                "shares": 0
            },
            "pinterest": {
                "shares": 0
            },
            "linkedin": {
                "shares": 0
            },
            "stumbledupon": {
                "shares": 0
            },
            "vk": {
                "shares": 0
            }
        }
    },
    "uuid": "03ccd9cafcc7b94e6e07fc299320455459965817",
    "url": "https://istoe.com.br/red-bull-proibe-max-verstappen-de-jogar-videogame-antes-das-etapas-de-formula-1",
    "ord_in_thread": 0,
    "parent_url": null,
    "author": "@RevistaISTOE",
    "published": "2024-07-25T23:50:00.000+03:00",
    "title": "Red Bull proíbe Max Verstappen de jogar videogame antes das etapas de Fórmula 1",
    "text": "25/07/2024 - 17:50\nA Red Bull está tomando medidas drásticas para voltar a ganhar na Fórmula 1. Antes do GP da Bélgica, que ocorre neste domingo, a equipe austríaca proibiu Max Verstappen de jogar simuladores de corrida virtuais nas madrugadas que antecedem as etapas da modalidade.\nO piloto holandês é conhecido por sua paixão por videogames e, no último final de semana, participou de uma corrida virtual horas antes de entrar em seu monoposto e disputar o GP da Hungria. O nervosismo e a irritação de Verstappen durante a prova chamaram atenção e o tricampeão foi alvo de inúmeras críticas.\nCom o segundo carro mais rápido do grid, o holandês acabou se acidentando ao forçar uma ultrapassagem no britânico Lewis Hamilton e teve de se contentar com um quinto lugar. Para Helmut Marko, conselheiro da Red Bull, os videogames podem explicar o rendimento ruim de Max.\n“Max estava muito irritado neste fim de semana e não demorou muito para que as críticas surgissem. Não é uma surpresa, afinal, ele joga corridas online durante boa parte da noite”, afirmou o ex-piloto austríaco em sua coluna no site “Speed Week”.\nEm seu texto, o conselheiro relembrou que Verstappen também jogou o simulador de corrida em Ímola até tarde da noite, mas que o holandês venceu o GP na ocasião. “Ele só participou da corrida online na Hungria porque um piloto de sua equipe virtual não estava disponível. No entanto, combinamos que ele não vai mais jogar videogames até tarde.”\nPara o GP da Bélgica, o piloto holandês deve trocar o motor de combustão interna do seu carro e ser penalizado com a perda de algumas posições. Nas últimas etapas, a Red Bull viu a McLaren crescer de rendimento e ameaçar a liderança do Campeonato de Construtores. Além de terem o carro mais rápido, a equipe inglesa também faz boas pontuações com ambos os carros, algo que não ocorre na equipe da bebida energética.\nNo time austríaco, o mexicano Sergio Pérez está em péssima fase e Verstappen têm sido a única fonte confiável de pontos na atual temporada. Com 265 pontos, o tricampeão está confortável em primeiro lugar no Campeonato de Pilotos. Na disputa entre as escuderias, a Red Bull tem 389 pontos contra 338 da McLaren.\nO final de semana do GP da Bélgica começa nesta sexta-feira, dia 26, às 8h30. No sábado, dia 27, a classificação acontece às 11h. E, por fim, a corrida começa às 10h deste domingo, dia 28.",
    "highlightText": "",
    "highlightTitle": "",
    "highlightThreadTitle": "",
    "language": "portuguese",
    "sentiment": "negative",
    "categories": [
        "Sport"
    ],
    "webz_reporter": false,
    "external_links": [],
    "external_images": [],
    "entities": {
        "persons": [],
        "organizations": [],
        "locations": []
    },
    "rating": null,
    "crawled": "2024-07-26T00:06:37.245+03:00",
    "updated": "2024-07-26T00:06:37.245+03:00"
}