{
    "thread": {
        "uuid": "32d1ed39f102c012ba65c245679c3cfbeccd4f2a",
        "url": "https://www.albanyherald.com/sports/gaca-offering-new-coaching-endorsement-for-middle-and-high-school-coaches/article_05084aea-4ad2-11ef-9ea1-6768a3316421.html",
        "site_full": "www.albanyherald.com",
        "site": "albanyherald.com",
        "site_section": "http://www.tncontentexchange.com/search/?f=rss&t=article&c=sports&l=50&s=start_time&sd=desc",
        "site_categories": [
            "media"
        ],
        "section_title": "www.tncontentexchange.com - RSS Results in sports of type article",
        "title": "GACA offering new coaching endorsement for middle and high school coaches | Sports | albanyherald.com",
        "title_full": "GACA offering new coaching endorsement for middle and high school coaches | Sports | albanyherald.com",
        "published": "2024-07-26T01:05:00.000+03:00",
        "replies_count": 0,
        "participants_count": 1,
        "site_type": "news",
        "country": "US",
        "main_image": "https://bloximages.newyork1.vip.townnews.com/albanyherald.com/content/tncms/custom/image/01b25422-d8d8-11e6-bb31-5378351eadac.jpg?resize=600%2C315",
        "performance_score": 0,
        "domain_rank": 26418,
        "domain_rank_updated": "2024-07-23T13:08:24.000+03:00",
        "reach": null,
        "social": {
            "facebook": {
                "likes": 0,
                "comments": 0,
                "shares": 0
            },
            "gplus": {
                "shares": 0
            },
            "pinterest": {
                "shares": 0
            },
            "linkedin": {
                "shares": 0
            },
            "stumbledupon": {
                "shares": 0
            },
            "vk": {
                "shares": 0
            }
        }
    },
    "uuid": "32d1ed39f102c012ba65c245679c3cfbeccd4f2a",
    "url": "https://www.albanyherald.com/sports/gaca-offering-new-coaching-endorsement-for-middle-and-high-school-coaches/article_05084aea-4ad2-11ef-9ea1-6768a3316421.html",
    "ord_in_thread": 0,
    "parent_url": null,
    "author": "Joe Whitfield Sports Editor",
    "published": "2024-07-26T01:05:00.000+03:00",
    "title": "GACA offering new coaching endorsement for middle and high school coaches | Sports | albanyherald.com",
    "text": "ATHENS - The first group of high school coaches completed the new GACA Coaching Endorsement sponsored by the Georgia Athletics Coaching Association, this past week in Athens. A total of 27 coaches now have a coaching endorsement to add to their resume' as they continue to build their coaching career.\n\"It's coaches help coaches,\" said GACA director Craig Davis. \"It is free to all of the coaches who are part of the GACA and it is led by coaches who do it to help the profession. There is no money changing hands with this.\"\n× This page requires Javascript. Javascript is required for you to be able to read premium content. Please enable it in your browser settings.\nkAm%96 vprp AFE E@86E96C :ED 7:CDE D6DD:@? E@ 86E E96 6?5@CD6>6?E E9:D A2DE H66< H:E9 `c 5:776C6?E D6DD:@?D E@ 96=A 4@2496D :>AC@G6 E96:C D<:==D 2?5 364@>6 36EE6C =6256CD]k^Am kAmQxE :D :?E6?565 E@ 96=A J@F?86C 4@2496D \\ E9@D6 H:E9 =6DD E92? `d J62CD @7 6IA6C:6?46[ :>AC@G6[Q D2:5 s2G:D] Q%96 4@2496D 86E E@ =62C? 7C@> E9@D6 H9@ 92G6 366? :? E96 AC@76DD:@? 2?5 :E 8:G6D E96> D@>6E9:?8 6=D6 E96J 42? 255 E@ E96:C C6DF>6V 2D E96J 3F:=5 E96:C 4@249:?8 42C66C] %96 H9@=6 :562 :D E@ :>AC@G6 E96 4@249:?8 AC@76DD:@? :? v6@C8:2]Qk^Am kAm%9:D 6?5@CD6>6?E 7@4FD6D @? 7:G6 2C62D @7 A6C7@C>2?46 \\ {6256CD9:A[ r@>>F?:42E:@?[ |2?286>6?E U2>Aj ~C82?:K2E:@?[ wF>2? #6D@FC46D[ 2?5 !C@76DD:@?2=:D>] %9:D 6?5@CD6>6?E H:== 36 @3E2:?65 2??F2==J :? 2 7246\\E@\\7246 D6EE:?8 2E E96 p??F2= vprp {6256CD9:A $F>>:E 2D 2 7C66 D6CG:46 7@C 2== vprp ^ vqrp ^ vurp >6>36CD] k^Am kAmx?DECF4E:@? 7@C E9:D 6?5@CD6>6?E H:== :?4=F56[ 3FE :D ?@E =:>:E65 E@ =6256CD9:A 7C@> E96 vpsp 2?5 vp$$! 8F:565 3J E96 =62C?:?8 @3;64E:G6D :? E96 7:G6 pC62D @7 !6C7@C>2?46] %96 t4D6== x?DE:EFE6 H:== AC@G:56 BF2?E:E2E:G6 7665324< 7@C 2== d pC62D @7 !6C7@C>2?46 E@ 2DD:DE 2?J 4@249 :? >62DFC:?8 E96 :>A24E 2?5 2H2C6?6DD @7 E96:C 2E9=6E:4 AC@8C2>]k^Am kAm%96 6?5@CD6>6?E :D 2AAC@G65 3J E96 vpsp 2?5 E96 vp$$! E@ 96=A 9:89 D49@@= 2?5 >:55=6 D49@@= 4@2496D 8C@H 2?5 56G6=@A E96 4@249:?8 AC@76DD:@?]k^Am Recommended for you +45 PHOTOS: Sherwood Christian hosts baseball camp",
    "highlightText": "",
    "highlightTitle": "",
    "highlightThreadTitle": "",
    "language": "english",
    "sentiment": "negative",
    "categories": [
        "Sport"
    ],
    "webz_reporter": false,
    "external_links": [],
    "external_images": [],
    "entities": {
        "persons": [
            {
                "name": "craig davis",
                "sentiment": "none"
            }
        ],
        "organizations": [
            {
                "name": "gaca",
                "sentiment": "neutral"
            },
            {
                "name": "georgia athletics coaching association",
                "sentiment": "none"
            }
        ],
        "locations": [
            {
                "name": "athens",
                "sentiment": "none"
            },
            {
                "name": "athens",
                "sentiment": "none"
            }
        ]
    },
    "rating": null,
    "crawled": "2024-07-26T01:26:42.773+03:00",
    "updated": "2024-07-26T01:50:51.050+03:00"
}