{
    "thread": {
        "uuid": "767f2f32a3c617b310fad1079e7c2843d1f5021a",
        "url": "https://www.cmjornal.pt/desporto/futebol/detalhe/benfica-empata-com-brentford-em-jogo-de-preparacao-no-regresso-a-luz",
        "site_full": "www.cmjornal.pt",
        "site": "cmjornal.pt",
        "site_section": "https://www.cmjornal.pt",
        "site_categories": [
            "media",
            "top_news"
        ],
        "section_title": "Correio da Manhã: Portugal, Mundo, Sociedade, Cultura. Classificados.",
        "title": "Benfica empata com Brentford em jogo de preparação no regresso à Luz - Futebol - Correio da Manhã",
        "title_full": "Benfica empata com Brentford em jogo de preparação no regresso à Luz - Futebol - Correio da Manhã",
        "published": "2024-07-26T00:20:00.000+03:00",
        "replies_count": 0,
        "participants_count": 1,
        "site_type": "news",
        "country": "PT",
        "main_image": "https://cdn.cmjornal.pt/images/2024-07/img_1200x676$2024_07_25_22_18_24_1711370.jpg",
        "performance_score": 0,
        "domain_rank": 22794,
        "domain_rank_updated": "2024-07-23T13:08:24.000+03:00",
        "reach": null,
        "social": {
            "facebook": {
                "likes": 0,
                "comments": 0,
                "shares": 0
            },
            "gplus": {
                "shares": 0
            },
            "pinterest": {
                "shares": 0
            },
            "linkedin": {
                "shares": 0
            },
            "stumbledupon": {
                "shares": 0
            },
            "vk": {
                "shares": 0
            }
        }
    },
    "uuid": "767f2f32a3c617b310fad1079e7c2843d1f5021a",
    "url": "https://www.cmjornal.pt/desporto/futebol/detalhe/benfica-empata-com-brentford-em-jogo-de-preparacao-no-regresso-a-luz",
    "ord_in_thread": 0,
    "parent_url": null,
    "author": "Lusa",
    "published": "2024-07-26T00:20:00.000+03:00",
    "title": "Benfica empata com Brentford em jogo de preparação no regresso à Luz - Futebol - Correio da Manhã",
    "text": "Novas tabelas de retenção na fonte devolvem 500 milhões de euros Homem morre em colisão entre carro e autocarro em Almancil Recolhida granada encontrada em centro de tratamento de resíduos em Cascais ‘Bruxas’ sacam um milhão de euros com falsos feitiços de amor Esquentador mal instalado causa morte a dois jovens em Aveiro 160 docentes em risco de ficar sem dar aulas Alerta para parvovírus que pode levar à morte do feto Sebastião Bugalho impedido de entrar na Venezuela para acompanhar as eleições Luciana Abreu em dias de muita diversão com as quatro filhas Margarida Corceiro em férias de sonho em destino milionário Miguel Bravo, o artista indecente que arrastou multidões. Devia estar preso? Judoca Catarina Costa vence na estreia e apura-se para os oitavos Explosão de cores, muita música e animação. As imagens da cerimónia de abertura dos Jogos Olímpicos de Paris Circulação de TGV de França restabelecida após sabotagem Detido suspeito de matar homem à facada no Seixal Primeiro caso de doping nos Jogos Olímpicos é de judoca iraquiano JOGA COM RESPOSABILIDADE E MODERAÇÃO Liga Portugal Betclic FC Porto 10/08/2024 19:30:00 Gil Vicente 1.19 5.30 10.25 Apostar Liga Portugal Betclic Famalicão 11/08/2024 17:00:00 Benfica 6.05 3.90 1.38 Apostar Liga Portugal Betclic Sporting 11/08/2024 18:00:00 Rio Ave 1.15 6.10 10.75 Apostar Inglaterra - Premier League Manchester United 16/08/2024 19:00:00 Fulham 1.42 4.18 4.82 Apostar Inglaterra - Premier League Ipswich 17/08/2024 11:30:00 Liverpool 6.15 4.70 1.30 Apostar Inglaterra - Premier League Everton 17/08/2024 14:00:00 Brighton 2.23 3.13 2.62 Apostar Inglaterra - Premier League Arsenal 17/08/2024 14:00:00 Wolves 1.17 5.95 9.30 Apostar Inglaterra - Premier League Newcastle 17/08/2024 14:00:00 Southampton 1.29 4.77 6.25 Apostar Inglaterra - Premier League Nottingham Forest 17/08/2024 14:00:00 Bournemouth 2.33 3.20 2.45 Apostar Inglaterra - Premier League West Ham 17/08/2024 16:30:00 Aston Villa 2.36 3.23 2.39 Apostar Inglaterra - Premier League Brentford 18/08/2024 13:00:00 Crystal Palace 2.25 3.13 2.58 Apostar Inglaterra - Premier League Chelsea 18/08/2024 15:30:00 Manchester City 3.40 3.50 1.75 Apostar Inglaterra - Premier League Leicester 19/08/2024 19:00:00 Tottenham 4.25 3.63 1.56 Apostar Espanha - La Liga Athletic Bilbau 15/08/2024 17:00:00 Getafe 1.39 3.68 6.25 Apostar Espanha - La Liga Bétis 15/08/2024 19:30:00 Girona 2.35 3.12 2.48 Apostar Espanha - La Liga Celta Vigo 16/08/2024 17:00:00 Alaves 1.85 3.05 Apostar Espanha - La Liga Las Palmas 16/08/2024 19:30:00 Sevilha 2.61 2.87 2.39 Apostar Espanha - La Liga Osasuna 17/08/2024 17:00:00 Leganes 1.57 3.27 4.80 Apostar Espanha - La Liga Valência 17/08/2024 19:30:00 Barcelona 4.02 3.43 1.64 Apostar Espanha - La Liga Real Sociedad 18/08/2024 17:00:00 Rayo Vallecano 1.47 3.30 5.95 Apostar Espanha - La Liga Maiorca 18/08/2024 19:30:00 Real Madrid 4.88 3.57 1.50 Apostar Espanha - La Liga Real Valladolid 19/08/2024 17:00:00 Espanhol 2.21 2.87 2.87 Apostar Espanha - La Liga Villarreal 19/08/2024 19:30:00 Atlético de Madrid 2.63 3.13 2.22 Apostar Itália - Serie A Génova 17/08/2024 16:30:00 Inter 4.65 3.42 1.56 Apostar Itália - Serie A Parma 17/08/2024 16:30:00 Fiorentina 2.90 2.97 2.13 Apostar Itália - Serie A Empoli 17/08/2024 18:45:00 Monza 2.32 2.94 2.64 Apostar Itália - Serie A Milan 17/08/2024 18:45:00 Torino 1.57 3.25 4.85 Apostar Itália - Serie A Bolonha 18/08/2024 16:30:00 Udinese 1.75 3.08 3.95 Apostar Itália - Serie A Hellas Verona 18/08/2024 16:30:00 Nápoles 3.52 3.13 1.83 Apostar Itália - Serie A Cagliari 18/08/2024 18:45:00 Roma 3.42 3.17 1.84 Apostar Itália - Serie A Lazio 18/08/2024 18:45:00 Venezia 1.42 3.77 5.65 Apostar Itália - Serie A Lecce 19/08/2024 16:30:00 Atalanta 3.63 3.30 1.75 Apostar Itália - Serie A Juventus 19/08/2024 18:45:00 Como 1.28 4.38 7.40 Apostar França - Ligue 1 Angers 18/08/2024 15:00:00 RC Lens 4.63 3.52 1.54 Apostar França - Ligue 1 Auxerre 18/08/2024 15:00:00 Nice 2.99 3.05 2.05 Apostar França - Ligue 1 Reims 18/08/2024 15:00:00 Lille 3.27 3.25 1.87 Apostar França - Ligue 1 Brest 18/08/2024 15:00:00 Marselha 2.37 3.12 2.46 Apostar França - Ligue 1 Le Havre 18/08/2024 15:00:00 Paris SG 5.60 4.02 1.39 Apostar França - Ligue 1 Montpellier 18/08/2024 15:00:00 Estrasburgo 1.94 3.10 3.22 Apostar França - Ligue 1 Mónaco 18/08/2024 15:00:00 Saint-Etienne 1.43 3.98 4.95 Apostar França - Ligue 1 Rennes 18/08/2024 15:00:00 Lyon 2.09 3.12 2.86 Apostar França - Ligue 1 Toulouse 18/08/2024 15:00:00 Nantes 1.94 3.05 3.27 Apostar pub Quer receber as últimas notícias no seu telemóvel ainda mais rápido? Siga aqui o ALERTA CM Benfica empata com Brentford em jogo de preparação no regresso à Luz 'Encarnados' vão estrear-se na I Liga de futebol no dia 11 de agosto. Lusa 25 de Julho de 2024 às 22:20 Benfica empata com Brentford em jogo de preparação no regresso à Luz FOTO: ANTÓNIO COTRIM/LUSA O Benfica empatou esta quinta-feira 1-1 frente aos ingleses do Brentford, em jogo de preparação para a nova época de futebol, com Pavlidis a marcar no regresso da equipa 'encarnada' ao Estádio da Luz. No primeiro jogo da nova época no seu estádio, o Benfica viu a formação da Liga inglesa adiantar-se no marcador logo aos oito minutos, com um golo de Bryan Mbeumo, mas o avançado grego Pavlidis, contratado aos neerlandeses do AZ Alkmaar, restabeleceu o empate aos 24.\nEste foi o quarto jogo de preparação da equipa orientada por Roger Schmidt para a temporada 2024/25, depois dos triunfos frente a Farense (5-0) e Almería (3-1) e do empate com o Celta de Vigo (2-2).\nO Benfica tem mais dois jogos particulares agendados, frente aos neerlandeses do Feyenoord (19h30), no dia 28, também no recinto benfiquista, para a Eusébio Cup, e com os ingleses do Fulham (20h00), a 2 de agosto, no Estádio Algarve.\nOs 'encarnados' vão estrear-se na I Liga de futebol no dia 11 de agosto, com uma deslocação ao terreno do Famalicão, a contar para a primeira jornada da prova.\nSporting vence Sevilha por 2-1 no fecho do estágio no Algarve",
    "highlightText": "",
    "highlightTitle": "",
    "highlightThreadTitle": "",
    "language": "portuguese",
    "sentiment": "negative",
    "categories": [
        "Human Interest",
        "Sport"
    ],
    "webz_reporter": false,
    "external_links": [
        "https://betclic.Pt/futebol-s1/italia-serie-a-c6/empoli-monza-m3002445940?id=CMV8&zone=ART",
        "https://betclic.Pt/futebol-s1/franca-ligue-1-c4/toulouse-nantes-m3002429480?id=CMV8&zone=ART",
        "https://betclic.Pt/futebol-s1/italia-serie-a-c6/milan-torino-m3002445952?id=CMV8&zone=ART",
        "https://betclic.Pt/futebol-s1/italia-serie-a-c6/bolonha-udinese-m3002445938?id=CMV8&zone=ART",
        "https://betclic.Pt/futebol-s1/inglaterra-premier-league-c3/chelsea-manchester-city-m3002421495?id=CMV8&zone=ART",
        "https://betclic.Pt/futebol-s1/italia-serie-a-c6/juventus-como-m3002445941?id=CMV8&zone=ART",
        "https://betclic.Pt/futebol-s1/franca-ligue-1-c4/reims-lille-m3002429472?id=CMV8&zone=ART",
        "https://betclic.Pt/futebol-s1/inglaterra-premier-league-c3/nottingham-forest-bournemouth-m3002421481?id=CMV8&zone=ART",
        "https://betclic.Pt/futebol-s1/liga-portugal-betclic-c32/sporting-rio-ave-m3002451270?id=CMV8&zone=ART",
        "https://betclic.Pt/futebol-s1/espanha-la-liga-c7/athletic-bilbau-getafe-m3002430928?id=CMV8&zone=ART",
        "https://betclic.Pt/futebol-s1/espanha-la-liga-c7/betis-girona-m3002430991?id=CMV8&zone=ART",
        "https://betclic.Pt/futebol-s1/espanha-la-liga-c7/maiorca-real-madrid-m3002430963?id=CMV8&zone=ART",
        "https://betclic.Pt/futebol-s1/franca-ligue-1-c4/montpellier-estrasburgo-m3002429475?id=CMV8&zone=ART",
        "https://betclic.Pt/futebol-s1/franca-ligue-1-c4/rennes-lyon-m3002429479?id=CMV8&zone=ART",
        "https://betclic.Pt/futebol-s1/italia-serie-a-c6/verona-napoles-m3002445943?id=CMV8&zone=ART",
        "https://betclic.Pt/futebol-s1/espanha-la-liga-c7/real-valladolid-espanyol-m3002437635?id=CMV8&zone=ART",
        "https://betclic.Pt/futebol-s1/inglaterra-premier-league-c3/leicester-tottenham-m3002421496?id=CMV8&zone=ART",
        "https://betclic.Pt/futebol-s1/italia-serie-a-c6/lazio-venezia-m3002445945?id=CMV8&zone=ART",
        "https://betclic.Pt/futebol-s1/liga-portugal-betclic-c32/fc-porto-gil-vicente-m3002451271?id=CMV8&zone=ART",
        "https://betclic.Pt/futebol-s1/inglaterra-premier-league-c3/newcastle-southampton-m3002421480?id=CMV8&zone=ART",
        "https://betclic.Pt/futebol-s1/italia-serie-a-c6/genova-inter-m3002445944?id=CMV8&zone=ART",
        "https://betclic.Pt/futebol-s1/inglaterra-premier-league-c3/ipswich-liverpool-m3002421476?id=CMV8&zone=ART",
        "https://betclic.Pt/futebol-s1/espanha-la-liga-c7/valencia-barcelona-m3002430923?id=CMV8&zone=ART",
        "https://betclic.Pt/futebol-s1/franca-ligue-1-c4/angers-lens-m3002429470?id=CMV8&zone=ART",
        "https://betclic.Pt/futebol-s1/espanha-la-liga-c7/real-sociedad-rayo-vallecano-m3002431002?id=CMV8&zone=ART",
        "https://betclic.Pt/futebol-s1/espanha-la-liga-c7/celta-vigo-alaves-m3002430955?id=CMV8&zone=ART",
        "https://betclic.Pt/futebol-s1/espanha-la-liga-c7/osasuna-leganes-m3002437634?id=CMV8&zone=ART",
        "https://www.vidas.pt/a-ferver/detalhe/jose-castelo-branco-acusado-de-armar-cilada-a-amigos?ref=Ultimas_DestaquesPrincipais",
        "https://betclic.Pt/futebol-s1/inglaterra-premier-league-c3/brentford-crystal-palace-m3002421494?id=CMV8&zone=ART",
        "https://betclic.Pt/futebol-s1/inglaterra-premier-league-c3/manchester-utd-fulham-m3002421477?id=CMV8&zone=ART",
        "https://betclic.Pt/futebol-s1/liga-portugal-betclic-c32/famalicao-benfica-m3002451216?id=CMV8&zone=ART",
        "https://betclic.Pt/futebol-s1/italia-serie-a-c6/cagliari-roma-m3002445939?id=CMV8&zone=ART",
        "https://betclic.Pt/futebol-s1/inglaterra-premier-league-c3/everton-brighton-m3002421478?id=CMV8&zone=ART",
        "https://betclic.Pt/futebol-s1/franca-ligue-1-c4/brest-marselha-m3002429473?id=CMV8&zone=ART",
        "https://betclic.Pt/futebol-s1/inglaterra-premier-league-c3/arsenal-wolves-m3002421479?id=CMV8&zone=ART",
        "https://betclic.Pt/futebol-s1/franca-ligue-1-c4/auxerre-nice-m3002429471?id=CMV8&zone=ART",
        "https://www.vidas.pt/redirect-to?token=EiEnOjA%2FNiB3amRnamd3Z2B3ZWBrZmRmYGBnYmRkYWdrYWpj",
        "https://betclic.Pt/futebol-s1/inglaterra-premier-league-c3/west-ham-aston-villa-m3002421493?id=CMV8&zone=ART",
        "https://betclic.Pt/futebol-s1/espanha-la-liga-c7/las-palmas-sevilha-m3002430918?id=CMV8&zone=ART",
        "https://whatsapp.com/channel/0029VaEc0mX2P59fYdyEV53o",
        "https://betclic.Pt/futebol-s1/espanha-la-liga-c7/villarreal-atletico-madrid-m3002430905?id=CMV8&zone=ART",
        "https://betclic.Pt/futebol-s1/franca-ligue-1-c4/monaco-saint-etienne-m3002429476?id=CMV8&zone=ART",
        "https://www.vidas.pt/a-ferver/detalhe/luisao-de-baixa-medica-no-benfica-apos-corte-de-relacao-com-as-filhas?ref=Ultimas_DestaquesPrincipais",
        "https://betclic.Pt/futebol-s1/franca-ligue-1-c4/le-havre-psg-m3002429474?id=CMV8&zone=ART",
        "https://betclic.Pt/futebol-s1/italia-serie-a-c6/parma-fiorentina-m3002445953?id=CMV8&zone=ART",
        "https://betclic.Pt/futebol-s1/italia-serie-a-c6/lecce-atalanta-m3002445942?id=CMV8&zone=ART",
        "https://betclic.Pt/futebol-s1/liga-portugal-betclic-c32/sporting-rio-ave-m3002451270",
        "https://www.betclic.Pt/futebol-s1/franca-ligue-1-c4/monaco-saint-etienne-m3002429476?id=CMV8&zone=ART",
        "https://www.betclic.Pt/futebol-s1/espanha-la-liga-c7/celta-vigo-alaves-m3002430955?id=CMV8&zone=ART",
        "https://www.vidas.pt/a-ferver/detalhe/luisao-de-baixa-medica-no-benfica-apos-corte-de-relacao-com-as-filhas",
        "https://www.betclic.Pt/futebol-s1/inglaterra-premier-league-c3/newcastle-southampton-m3002421480?id=CMV8&zone=ART",
        "https://betclic.Pt/futebol-s1/espanha-la-liga-c7/valencia-barcelona-m3002430923",
        "https://www.betclic.Pt/futebol-s1/espanha-la-liga-c7/athletic-bilbau-getafe-m3002430928?id=CMV8&zone=ART",
        "https://betclic.Pt/futebol-s1/espanha-la-liga-c7/betis-girona-m3002430991",
        "https://www.betclic.Pt/futebol-s1/inglaterra-premier-league-c3/nottingham-forest-bournemouth-m3002421481?id=CMV8&zone=ART",
        "https://www.betclic.Pt/futebol-s1/franca-ligue-1-c4/angers-lens-m3002429470?id=CMV8&zone=ART",
        "https://www.betclic.Pt/futebol-s1/italia-serie-a-c6/genova-inter-m3002445944?id=CMV8&zone=ART",
        "https://betclic.Pt/futebol-s1/italia-serie-a-c6/parma-fiorentina-m3002445953",
        "https://www.betclic.Pt/futebol-s1/franca-ligue-1-c4/reims-lille-m3002429472?id=CMV8&zone=ART",
        "https://betclic.Pt/futebol-s1/italia-serie-a-c6/cagliari-roma-m3002445939",
        "https://betclic.Pt/futebol-s1/franca-ligue-1-c4/monaco-saint-etienne-m3002429476",
        "https://www.betclic.Pt/futebol-s1/italia-serie-a-c6/verona-napoles-m3002445943?id=CMV8&zone=ART",
        "https://www.betclic.Pt/futebol-s1/franca-ligue-1-c4/montpellier-estrasburgo-m3002429475?id=CMV8&zone=ART",
        "https://betclic.Pt/futebol-s1/franca-ligue-1-c4/rennes-lyon-m3002429479",
        "https://vidas.pt/a-ferver/detalhe/luisao-de-baixa-medica-no-benfica-apos-corte-de-relacao-com-as-filhas?ref=Ultimas_DestaquesPrincipais",
        "https://betclic.Pt/futebol-s1/franca-ligue-1-c4/angers-lens-m3002429470",
        "https://betclic.Pt/futebol-s1/franca-ligue-1-c4/brest-marselha-m3002429473",
        "https://betclic.Pt/futebol-s1/espanha-la-liga-c7/athletic-bilbau-getafe-m3002430928",
        "https://www.betclic.Pt/futebol-s1/franca-ligue-1-c4/toulouse-nantes-m3002429480?id=CMV8&zone=ART",
        "https://www.betclic.Pt/futebol-s1/italia-serie-a-c6/cagliari-roma-m3002445939?id=CMV8&zone=ART",
        "https://www.betclic.Pt/futebol-s1/italia-serie-a-c6/parma-fiorentina-m3002445953?id=CMV8&zone=ART",
        "https://www.betclic.Pt/futebol-s1/espanha-la-liga-c7/real-sociedad-rayo-vallecano-m3002431002?id=CMV8&zone=ART",
        "https://betclic.Pt/futebol-s1/inglaterra-premier-league-c3/brentford-crystal-palace-m3002421494",
        "https://vidas.pt/redirect-to?token=EiEnOjA%2FNiB3amRnamd3Z2B3ZWBrZmRmYGBnYmRkYWdrYWpj",
        "https://betclic.Pt/futebol-s1/italia-serie-a-c6/genova-inter-m3002445944",
        "https://www.betclic.Pt/futebol-s1/espanha-la-liga-c7/las-palmas-sevilha-m3002430918?id=CMV8&zone=ART",
        "https://betclic.Pt/futebol-s1/italia-serie-a-c6/verona-napoles-m3002445943",
        "https://www.betclic.Pt/futebol-s1/liga-portugal-betclic-c32/fc-porto-gil-vicente-m3002451271?id=CMV8&zone=ART",
        "https://betclic.Pt/futebol-s1/inglaterra-premier-league-c3/newcastle-southampton-m3002421480",
        "https://www.whatsapp.com/channel/0029VaEc0mX2P59fYdyEV53o",
        "https://betclic.Pt/futebol-s1/italia-serie-a-c6/lazio-venezia-m3002445945",
        "https://www.betclic.Pt/futebol-s1/espanha-la-liga-c7/real-valladolid-espanyol-m3002437635?id=CMV8&zone=ART",
        "https://www.betclic.Pt/futebol-s1/inglaterra-premier-league-c3/west-ham-aston-villa-m3002421493?id=CMV8&zone=ART",
        "https://www.vidas.pt/redirect-to",
        "https://betclic.Pt/futebol-s1/inglaterra-premier-league-c3/manchester-utd-fulham-m3002421477",
        "https://betclic.Pt/futebol-s1/espanha-la-liga-c7/maiorca-real-madrid-m3002430963",
        "https://betclic.Pt/futebol-s1/italia-serie-a-c6/lecce-atalanta-m3002445942",
        "https://www.betclic.Pt/futebol-s1/inglaterra-premier-league-c3/manchester-utd-fulham-m3002421477?id=CMV8&zone=ART",
        "https://betclic.Pt/futebol-s1/espanha-la-liga-c7/osasuna-leganes-m3002437634",
        "https://betclic.Pt/futebol-s1/liga-portugal-betclic-c32/famalicao-benfica-m3002451216",
        "https://betclic.Pt/futebol-s1/espanha-la-liga-c7/celta-vigo-alaves-m3002430955",
        "https://www.vidas.pt/a-ferver/detalhe/jose-castelo-branco-acusado-de-armar-cilada-a-amigos",
        "https://www.betclic.Pt/futebol-s1/inglaterra-premier-league-c3/arsenal-wolves-m3002421479?id=CMV8&zone=ART",
        "https://betclic.Pt/futebol-s1/inglaterra-premier-league-c3/ipswich-liverpool-m3002421476",
        "https://www.betclic.Pt/futebol-s1/inglaterra-premier-league-c3/leicester-tottenham-m3002421496?id=CMV8&zone=ART",
        "https://betclic.Pt/futebol-s1/espanha-la-liga-c7/las-palmas-sevilha-m3002430918",
        "https://www.betclic.Pt/futebol-s1/franca-ligue-1-c4/rennes-lyon-m3002429479?id=CMV8&zone=ART",
        "https://betclic.Pt/futebol-s1/italia-serie-a-c6/juventus-como-m3002445941",
        "https://www.betclic.Pt/futebol-s1/inglaterra-premier-league-c3/brentford-crystal-palace-m3002421494?id=CMV8&zone=ART",
        "https://vidas.pt/a-ferver/detalhe/jose-castelo-branco-acusado-de-armar-cilada-a-amigos?ref=Ultimas_DestaquesPrincipais",
        "https://www.betclic.Pt/futebol-s1/italia-serie-a-c6/lazio-venezia-m3002445945?id=CMV8&zone=ART",
        "https://www.betclic.Pt/futebol-s1/liga-portugal-betclic-c32/famalicao-benfica-m3002451216?id=CMV8&zone=ART",
        "https://betclic.Pt/futebol-s1/espanha-la-liga-c7/real-valladolid-espanyol-m3002437635",
        "https://betclic.Pt/futebol-s1/inglaterra-premier-league-c3/leicester-tottenham-m3002421496",
        "https://betclic.Pt/futebol-s1/italia-serie-a-c6/empoli-monza-m3002445940",
        "https://betclic.Pt/futebol-s1/inglaterra-premier-league-c3/west-ham-aston-villa-m3002421493",
        "https://www.betclic.Pt/futebol-s1/italia-serie-a-c6/juventus-como-m3002445941?id=CMV8&zone=ART",
        "https://www.betclic.Pt/futebol-s1/inglaterra-premier-league-c3/ipswich-liverpool-m3002421476?id=CMV8&zone=ART",
        "https://betclic.Pt/futebol-s1/espanha-la-liga-c7/real-sociedad-rayo-vallecano-m3002431002",
        "https://betclic.Pt/futebol-s1/espanha-la-liga-c7/villarreal-atletico-madrid-m3002430905",
        "https://www.betclic.Pt/futebol-s1/espanha-la-liga-c7/maiorca-real-madrid-m3002430963?id=CMV8&zone=ART",
        "https://www.betclic.Pt/futebol-s1/franca-ligue-1-c4/auxerre-nice-m3002429471?id=CMV8&zone=ART",
        "https://betclic.Pt/futebol-s1/inglaterra-premier-league-c3/nottingham-forest-bournemouth-m3002421481",
        "https://www.betclic.Pt/futebol-s1/italia-serie-a-c6/bolonha-udinese-m3002445938?id=CMV8&zone=ART",
        "https://www.betclic.Pt/futebol-s1/inglaterra-premier-league-c3/chelsea-manchester-city-m3002421495?id=CMV8&zone=ART",
        "https://betclic.Pt/futebol-s1/franca-ligue-1-c4/reims-lille-m3002429472",
        "https://www.betclic.Pt/futebol-s1/franca-ligue-1-c4/brest-marselha-m3002429473?id=CMV8&zone=ART",
        "https://www.betclic.Pt/futebol-s1/espanha-la-liga-c7/osasuna-leganes-m3002437634?id=CMV8&zone=ART",
        "https://www.betclic.Pt/futebol-s1/inglaterra-premier-league-c3/everton-brighton-m3002421478?id=CMV8&zone=ART",
        "https://betclic.Pt/futebol-s1/italia-serie-a-c6/bolonha-udinese-m3002445938",
        "https://www.betclic.Pt/futebol-s1/espanha-la-liga-c7/valencia-barcelona-m3002430923?id=CMV8&zone=ART",
        "https://www.betclic.Pt/futebol-s1/espanha-la-liga-c7/villarreal-atletico-madrid-m3002430905?id=CMV8&zone=ART",
        "https://www.betclic.Pt/futebol-s1/italia-serie-a-c6/milan-torino-m3002445952?id=CMV8&zone=ART",
        "https://www.betclic.Pt/futebol-s1/franca-ligue-1-c4/le-havre-psg-m3002429474?id=CMV8&zone=ART",
        "https://www.betclic.Pt/futebol-s1/italia-serie-a-c6/empoli-monza-m3002445940?id=CMV8&zone=ART",
        "https://betclic.Pt/futebol-s1/franca-ligue-1-c4/auxerre-nice-m3002429471",
        "https://betclic.Pt/futebol-s1/inglaterra-premier-league-c3/arsenal-wolves-m3002421479",
        "https://betclic.Pt/futebol-s1/inglaterra-premier-league-c3/chelsea-manchester-city-m3002421495",
        "https://www.betclic.Pt/futebol-s1/espanha-la-liga-c7/betis-girona-m3002430991?id=CMV8&zone=ART",
        "https://betclic.Pt/futebol-s1/franca-ligue-1-c4/le-havre-psg-m3002429474",
        "https://betclic.Pt/futebol-s1/liga-portugal-betclic-c32/fc-porto-gil-vicente-m3002451271",
        "https://betclic.Pt/futebol-s1/inglaterra-premier-league-c3/everton-brighton-m3002421478",
        "https://www.betclic.Pt/futebol-s1/liga-portugal-betclic-c32/sporting-rio-ave-m3002451270?id=CMV8&zone=ART",
        "https://www.betclic.Pt/futebol-s1/italia-serie-a-c6/lecce-atalanta-m3002445942?id=CMV8&zone=ART",
        "https://betclic.Pt/futebol-s1/franca-ligue-1-c4/montpellier-estrasburgo-m3002429475",
        "https://betclic.Pt/futebol-s1/franca-ligue-1-c4/toulouse-nantes-m3002429480",
        "https://betclic.Pt/futebol-s1/italia-serie-a-c6/milan-torino-m3002445952"
    ],
    "external_images": [],
    "entities": {
        "persons": [],
        "organizations": [],
        "locations": []
    },
    "rating": null,
    "crawled": "2024-07-26T00:37:09.475+03:00",
    "updated": "2024-07-27T12:56:16.450+03:00"
}