{
    "thread": {
        "uuid": "d2aa13204dc14e46b0e9fcf1bb89f47202020e13",
        "url": "https://www.ole.com.ar/river-plate/river-opinion-hinchas-reconocidos-famosos-martin-demichelis_0_PHt5lCXEp8.html",
        "site_full": "www.ole.com.ar",
        "site": "ole.com.ar",
        "site_section": "https://ole.com.ar",
        "site_categories": [
            "sports"
        ],
        "section_title": "Diario deportivo OLÉ - Argentina",
        "title": "\"Fábrica de derrotas\", \"rompió la paz\" y \"no le alcanza el tiempo\": ex River y famosos, sobre Demichelis :: Olé - ole.com.ar",
        "title_full": "\"Fábrica de derrotas\", \"rompió la paz\" y \"no le alcanza el tiempo\": ex River y famosos, sobre Demichelis :: Olé - ole.com.ar",
        "published": "2024-07-26T01:34:00.000+03:00",
        "replies_count": 0,
        "participants_count": 1,
        "site_type": "news",
        "country": "AR",
        "main_image": "https://www.ole.com.ar/images/2024/07/25/kyzlVibGg_1200x630__1.jpg",
        "performance_score": 0,
        "domain_rank": 22260,
        "domain_rank_updated": "2024-07-23T13:08:24.000+03:00",
        "reach": null,
        "social": {
            "facebook": {
                "likes": 0,
                "comments": 0,
                "shares": 0
            },
            "gplus": {
                "shares": 0
            },
            "pinterest": {
                "shares": 0
            },
            "linkedin": {
                "shares": 0
            },
            "stumbledupon": {
                "shares": 0
            },
            "vk": {
                "shares": 0
            }
        }
    },
    "uuid": "d2aa13204dc14e46b0e9fcf1bb89f47202020e13",
    "url": "https://www.ole.com.ar/river-plate/river-opinion-hinchas-reconocidos-famosos-martin-demichelis_0_PHt5lCXEp8.html",
    "ord_in_thread": 0,
    "parent_url": null,
    "author": "Diario Deportivo Olé",
    "published": "2024-07-26T01:34:00.000+03:00",
    "title": "\"Fábrica de derrotas\", \"rompió la paz\" y \"no le alcanza el tiempo\": ex River y famosos, sobre Demichelis :: Olé - ole.com.ar",
    "text": "[Martín Demichelis](https://www.ole.com.ar/tema/martin-demichelis.html) quedó en el epicentro de las críticas luego de la derrota frente a Godoy Cruz, la segunda en los últimos tres partidos de un River que atraviesa su peor crisis futbolística en una década. En ese contexto, en la encuesta que realizó Olé, los hinchas consideran que Demichelis no logrará revertir una imagen positiva derrumbada logrando los resultados esperados para repuntar. Aunque al mismo tiempo distintas celebridades que empatizan con [River](https://www.ole.com.ar/tema/river-plate.html) también se pronunciaron en Olé en relación al momento del equipo. Atilio Costa Febre Desde que echaron a Almeyda hasta hoy, River vivía en paz y era un paraíso. El que rompió esa paz en River fue Demichelis. Veo que está confundido, que el equipo juega muy mal, que no tiene rumbo y cuando lo tuvo fue cuando estaba Enzo Pérez, que era el DT de River dentro de la cancha. No tengo dudas de que hay un antes y un después de la salida del mendocino. Desde ese momento el equipo ha perdido el rumbo futbolístico, personalidad y carácter. Está claro. Carlos Morete No creo que el ciclo de Demichelis esté terminado. Además, la pregunta que me surge instantáneamente es, ¿a quién traés si se va? Mi balance es otro: siento que River no tiene un jugador diferente, un crack en el medio, que haga jugar al equipo. El tema no es traer un montón de futbolistas que sean todos iguales. Y en ese sentido el club se viene equivocando mucho en las contrataciones. Se debe apostar por los chicos de las Inferiores, que la idea sea consolidarlos. Andrés Burgo Cualquier equipo puede revertir una situación adversa, de hecho River está a siete partidos de ser campeón de la Copa Libertadores. Dicho eso, lo que el público, los hinchas y los periodistas vemos es que el de Demichelis es un ciclo desgastado fuertemente o ya terminado. El equipo pierde, pierde, pierde; es una fábrica de pequeñas o grandes derrotas o eliminaciones y no se ve que haya buena onda entre los jugadores y el cuerpo técnico. Nacho Goano ¿Cómo sería revertir esta crisis? Golear el domingo, no perder más en la liga, ganar claramente la serie con Talleres y los cuartos de final, golear a Boca y ganar la Copa Libertadores. Eso sería revertir esta situación. Y a Demichelis no sé si le alcanza el tiempo. No pareciera alcanzar solamente con una final. Incluso si logra todos los objetivos, yo veo difícil que pueda revertir esta situación que atraviesa, en donde el hincha de River se siente desnudo y vulnerable. Pablo Erbin A mí me gusta Martín, me parece que es una persona muy preparada. A mí me encanta como técnico, porque me gusta cómo trabaja la parte táctica y cuando lo veo hacer los cambios no se equivoca mucho. Por ahí no está teniendo la contundencia que tenía antes, pero eso no es por los planteos de los partidos. Demichelis entró en un equipo reemplazando a un técnico como Gallardo y logró resultados. Si lo seguís bancando, después las cosas se dan vuelta Guillermo Lobo Entiendo la bronca que existe en estos días en River porque venimos de una época histórica y ahora los resultados están siendo diferentes. Sin embargo, ahora siento que tenemos que bancar: hay que unir al plantel y apoyar a Martín Demichelis hasta que se termine la Copa Libertadores. Hay que apoyar en ese torneo, en el que River debe estar en la final y tiene que ganarla. Recién ahí siento que deberán hacerse los análisis de todo tipo hacia el futuro. Yanqui Martin El de Demichelis es un ciclo absolutamente terminado. Aunque fui de los que discutía con amigos por bancar a Micho, sinceramente después de la derrota frente a Godoy Cruz perdí todas las esperanzas de que se revierta esta situación. Porque veo a un equipo perdido y que ya hace tiempo le dejó de responderle al técnico. Y en esa línea creo que estamos a tiempo de cambiar el rumbo: si no se hacen modificaciones a tiempo, parece que el final está escrito. Carlos Monti Para mí el ciclo de Demichelis está cumplido, pero creo que no es un buen momento para que él deje la conducción porque se le vienen los partidos de la Libertadores. Yo no lo tocaría, porque el técnico que tendría que reemplazarlo cargaría con esa mochila de tener que enfrentar una situación altamente complicada. Independientemente de eso, el ciclo está cumplido. Eso sí: una vez que pase todo esto, para mí Demichelis tendría que dar un paso al costado. Christian Martin De ninguna manera esto es para un fin de ciclo. Martín para mí es el hombre para devolver a River a lo más alto del fútbol sudamericano y para hacer que River compita en el Mundial de Clubes.",
    "highlightText": "",
    "highlightTitle": "",
    "highlightThreadTitle": "",
    "language": "spanish",
    "sentiment": "negative",
    "categories": [
        "Arts, Culture and Entertainment",
        "Sport"
    ],
    "webz_reporter": false,
    "external_links": [],
    "external_images": [],
    "entities": {
        "persons": [],
        "organizations": [],
        "locations": []
    },
    "rating": null,
    "crawled": "2024-07-26T01:40:13.500+03:00",
    "updated": "2024-07-26T01:40:13.500+03:00"
}