{
    "thread": {
        "uuid": "93fa6170d284a1b201e6db0559bfc88064f0333e",
        "url": "https://brazil.shafaqna.com/PT/AL/8978086",
        "site_full": "brazil.shafaqna.com",
        "site": "shafaqna.com",
        "site_section": "https://brazil.shafaqna.com/",
        "site_categories": [],
        "section_title": "\r\n\t\tBrasil Notícias (Leitor de Notícias)\t",
        "title": "Bordéus declara falência e desce ao futebol amador",
        "title_full": "Bordéus declara falência e desce ao futebol amador",
        "published": "2024-07-25T03:00:00.000+03:00",
        "replies_count": 0,
        "participants_count": 0,
        "site_type": "news",
        "country": "BR",
        "main_image": "",
        "performance_score": 0,
        "domain_rank": 30492,
        "domain_rank_updated": "2024-07-23T13:08:24.000+03:00",
        "reach": null,
        "social": {
            "facebook": {
                "likes": 0,
                "comments": 0,
                "shares": 0
            },
            "gplus": {
                "shares": 0
            },
            "pinterest": {
                "shares": 0
            },
            "linkedin": {
                "shares": 0
            },
            "stumbledupon": {
                "shares": 0
            },
            "vk": {
                "shares": 0
            }
        }
    },
    "uuid": "93fa6170d284a1b201e6db0559bfc88064f0333e",
    "url": "https://brazil.shafaqna.com/PT/AL/8978086",
    "ord_in_thread": 0,
    "parent_url": null,
    "author": null,
    "published": "2024-07-25T03:00:00.000+03:00",
    "title": "Bordéus declara falência e desce ao futebol amador",
    "text": "desporto - 34 minutes ago Bordéus declara falência e desce ao futebol amador O Bordéus, antigo campeão nacional francês, anunciou esta quinta-feira que se tornará um clube amador pela primeira vez em quase 90 anos, isto após ter declarado falência.O clube já havia anunciado durante a semana que aceitariam a sua descida para o Championnat National , a terceira divisão do futebol francês, de acordo com o órgão de fiscalização financeira do futebol francês, o DNCG.Para equilibrar as contas, o clube precisa de encontrar 40 milhões de euros e estava em negociações com os proprietários do Liverpool, o Fenway Sports Group (FSG), isto antes de os investidores americanos terem abandonado as negociações no início deste mês.“Na terça-feira, o clube declarou falência no tribunal comercial de Bordéus, para poder iniciar a reestruturação necessária”, afirmou o clube em comunicado.O clube teve de desistir de manter o seu estatuto profissional, arriscando “sanções pesadas”, caso apresentasse um plano de recuperação ao DNCG que não refletisse a sua realidade financeira futura.Os girondinos foram despromovidos para a Ligue 2 em 2022, apenas 12 anos após ter chegado aos quartos de final da Liga dos Campeões. O presidente da câmara da cidade criticou a decisão do controverso proprietário do Bordeaux, Gerard Lopez, que investiu 60 milhões de euros no clube desde 2021. Com consternação, tomei conhecimento da decisão súbita e pessoal de Gerard Lopez. Isso confirma a gestão arriscada que levou o nosso clube, em três anos, da elite da Ligue 1 para o nível amador , disse Pierre Hurmic.Vários jogadores conhecidos, passados e presentes, jogaram pelo Bordeaux, incluindo os campeões do mundo Zinedine Zidane, Bixente Lizarazu e Christophe Dugarry, bem como o médio do Real Madrid, Aurelien Tchouameni. Estou extremamente triste, como todos os que amam o clube. O que está a acontecer é infelizmente o resultado de uma gestão desastrosa do futebol e das finanças ao longo de muitos anos , disse Lizarazu, campeão do mundo em 1998, no Instagram.Uma das consequências desta situação passa pelo encerramento da academia do clube e a saída de vários jogadores profissionais. A nova temporada do Championnat National começa a 16 de agosto, com o Bordéus a jogar no seu estádio, Matmut Atlantique, com capacidade para 42.000 pessoas, o sexto maior em França, durante a épocaProfissional desde 1937, o Bordéus conquistou o último dos seus seis títulos na primeira divisão em 2009.\nRead on the original site",
    "highlightText": "",
    "highlightTitle": "",
    "highlightThreadTitle": "",
    "language": "portuguese",
    "sentiment": "negative",
    "categories": [
        "Social Issue",
        "Economy, Business and Finance",
        "Sport"
    ],
    "webz_reporter": false,
    "external_links": [
        "https://desporto.sapo.pt/futebol/ligue-1/artigos/bordeus-declara-falencia-e-desce-ao-futebol-amador",
        "https://www.desporto.sapo.pt/futebol/ligue-1/artigos/bordeus-declara-falencia-e-desce-ao-futebol-amador"
    ],
    "external_images": [],
    "entities": {
        "persons": [],
        "organizations": [],
        "locations": []
    },
    "rating": null,
    "crawled": "2024-07-26T02:14:55.900+03:00",
    "updated": "2024-07-26T02:14:55.900+03:00"
}