{
    "thread": {
        "uuid": "b21d70018d7980f04d644b3ac09010f36553b093",
        "url": "https://www.mdzol.com/deportes/2024/7/25/la-insolita-frase-de-la-ministra-de-deportes-de-francia-sobre-los-incidentes-en-argentina-marruecos-446188.html",
        "site_full": "www.mdzol.com",
        "site": "mdzol.com",
        "site_section": "https://mdzol.com/noticias",
        "site_categories": [
            "media",
            "top_news"
        ],
        "section_title": "MDZ Online - MDZ Online",
        "title": "La insólita frase de la ministra de Deportes de Francia sobre los incidentes en Argentina-Marruecos - MDZ Online",
        "title_full": "La insólita frase de la ministra de Deportes de Francia sobre los incidentes en Argentina-Marruecos - MDZ Online",
        "published": "2024-07-25T23:58:00.000+03:00",
        "replies_count": 0,
        "participants_count": 1,
        "site_type": "news",
        "country": "AR",
        "main_image": "https://www.mdzol.com/u/fotografias/m/2024/7/25/f1280x720-1628847_1760522_5633.jpg",
        "performance_score": 0,
        "domain_rank": 26682,
        "domain_rank_updated": "2024-07-23T13:08:24.000+03:00",
        "reach": null,
        "social": {
            "facebook": {
                "likes": 0,
                "comments": 0,
                "shares": 0
            },
            "gplus": {
                "shares": 0
            },
            "pinterest": {
                "shares": 0
            },
            "linkedin": {
                "shares": 0
            },
            "stumbledupon": {
                "shares": 0
            },
            "vk": {
                "shares": 0
            }
        }
    },
    "uuid": "b21d70018d7980f04d644b3ac09010f36553b093",
    "url": "https://www.mdzol.com/deportes/2024/7/25/la-insolita-frase-de-la-ministra-de-deportes-de-francia-sobre-los-incidentes-en-argentina-marruecos-446188.html",
    "ord_in_thread": 0,
    "parent_url": null,
    "author": "Alejandro Doldán Sánchez",
    "published": "2024-07-25T23:58:00.000+03:00",
    "title": "La insólita frase de la ministra de Deportes de Francia sobre los incidentes en Argentina-Marruecos - MDZ Online",
    "text": "Amélie Oudéa-Castéra se refirió a los incidentes con los hinchas marroquíes durante el partido debut de la Selección en París 2024, pero sorprendentemente minimizó la gravedad del episodio. Lo que sucedió este miércoles en el Estadio Geoffroy-Guichard de la ciudad de Saint-Étienne durante el comienzo de los Juegos Olímpicos de París 2024 fue un bochorno sin precedentes. La victoria de Marruecos 2-1 sobre la Selección argentina quedó en un segundo plano por todo lo que sucedió con los incidentes provocados por los hinchas marroquíes que se metieron a la cancha tras el empate de Cristian Medina al minuto 106. Esta grave situación provocó que se suspendiera momentáneamente la finalización del partido y se prolongara por casi dos horas la anulación del empate mediante la intervención del VAR. Esto se sumó a las constantes interrupciones del juego por parte de fanáticos (en su mayoría de Marruecos) que se metieron en el campo de juego durante los 90 minutos, en una clara muestra de ineficacia de del protocolo de seguridad. Mirá el video En ese sentido, frente a las presiones de la prensa y el público general por el fracaso de la organización, este jueves salió a hablar Amélie Oudéa-Castéra, ministra de Deportes de Francia. Sin embargo, en vez de dar explicaciones sobre las fallas de la seguridad del estadio, minimizó lo sucedido y lo trató el como \"una travesura\". A pesar de que en las imágenes se ve claramente cómo desde las tribunas caían botellazos y distintos objetos contundentes dirigidos a los jugadores de Argentina, incluidos petardos, la ministra señaló con bastante soltura: \"Hubo una pequeña intrusión que no debería haber ocurrido, pero que fue bastante bondadosa por parte de los seguidores marroquíes. Luego se entrelazó con un largo tiempo de descuento en el que hubo un poco de dilación en cuanto al arbitraje\". Además, también hizo de cuenta que todo terminó ahí y se refirió a la continuidad del fútbol en los Juegos Olímpicos: \"Se llevó a cabo una reunión entre el Comité Olímpico Internacional y la FIFA, todo volverá a la normalidad. Todo será perfecto en el partido del próximo sábado entre Ucrania y Marruecos. Estoy comprometida con esto”, indicó. [](/deportes/2024/7/25/con-isgro-eliminado-los-mendocinos-que-siguen-carrera-en-paris-2024-446216.html) Juegos Olímpicos Con Isgró eliminado, los mendocinos que siguen carrera en París 2024 [](/deportes/2024/7/25/la-particular-respuesta-de-isgro-tras-la-eliminacion-de-los-pumas-7s-te-voy-cambiar-la-pregunta-446214.html) Juegos Olímpicos de París 2024 La particular respuesta de Isgró tras la eliminación de Los Pumas 7s [](/deportes/2024/7/25/rodrigo-isgro-regreso-con-try-eliminacion-adios-al-seven-446213.html) Juegos Olímpicos París 2024 Rodrigo Isgró: regreso con try, eliminación y ¿adiós al Seven? [](/deportes/2024/7/25/los-pumas-7s-cayeron-por-26-14-ante-francia-jugaran-por-el-quinto-puesto-446196.html) Juegos Olímpicos de París 2024 Los Pumas 7s cayeron por 26 a 14 ante Francia y jugarán por el quinto puesto [](/deportes/2024/7/25/el-tremendo-abucheo-de-los-franceses-los-pumas-7s-al-salir-jugar-los-cuartos-de-final-446204.html) Juegos Olímpicos de París 2024 El tremendo abucheo de los franceses a Los Pumas 7s al salir a jugar [](/deportes/2024/7/25/la-fuerte-frase-de-demichelis-su-ct-tras-la-derrota-de-river-ante-godoy-cruz-aunque-me-puteen-mas-de-80000personas-446169.html) Fútbol Argentino La fuerte frase de Demichelis a su CT tras la derrota de River ante Godoy Cruz [](/deportes/2024/7/25/del-fanatismo-por-el-mundo-medieval-paris-2024-damian-jajarabilla-devolvio-argentina-al-tiro-con-arco-tras-36-anos-446147.html) Juegos Olímpicos Del fanatismo por el mundo medieval a París 2024: la historia de Damián Jajarabilla [](/deportes/2024/7/25/paredes-revelo-su-reaccion-de-chico-cuando-estuvo-punto-de-jugar-en-river-me-puse-446134.html) Anécdota",
    "highlightText": "",
    "highlightTitle": "",
    "highlightThreadTitle": "",
    "language": "spanish",
    "sentiment": "negative",
    "categories": [
        "Social Issue",
        "Sport"
    ],
    "webz_reporter": false,
    "external_links": [
        "https://www.afa.com.ar/es/",
        "https://afa.com.ar/es/",
        "https://www.afa.com.ar/es"
    ],
    "external_images": [],
    "entities": {
        "persons": [],
        "organizations": [],
        "locations": []
    },
    "rating": null,
    "crawled": "2024-07-26T00:07:42.468+03:00",
    "updated": "2024-07-26T00:07:42.468+03:00"
}