{
    "thread": {
        "uuid": "fd00e5ad2708ccbb01a91210359bd684c9c54b24",
        "url": "https://eldiariony.com/2024/07/25/julio-cesar-chavez-jr-responde-a-los-criticos-tras-su-pelea",
        "site_full": "eldiariony.com",
        "site": "eldiariony.com",
        "site_section": "https://eldiariony.com/categoria/deportes/boxeo/",
        "site_categories": [
            "media"
        ],
        "section_title": null,
        "title": "Julio César Chávez Jr. responde a los críticos tras su pelea",
        "title_full": "Julio César Chávez Jr. responde a los críticos tras su pelea",
        "published": "2024-07-26T00:02:00.000+03:00",
        "replies_count": 0,
        "participants_count": 1,
        "site_type": "news",
        "country": "US",
        "main_image": "",
        "performance_score": 0,
        "domain_rank": 26845,
        "domain_rank_updated": "2024-07-23T13:08:24.000+03:00",
        "reach": null,
        "social": {
            "facebook": {
                "likes": 0,
                "comments": 0,
                "shares": 0
            },
            "gplus": {
                "shares": 0
            },
            "pinterest": {
                "shares": 0
            },
            "linkedin": {
                "shares": 0
            },
            "stumbledupon": {
                "shares": 0
            },
            "vk": {
                "shares": 0
            }
        }
    },
    "uuid": "fd00e5ad2708ccbb01a91210359bd684c9c54b24",
    "url": "https://eldiariony.com/2024/07/25/julio-cesar-chavez-jr-responde-a-los-criticos-tras-su-pelea",
    "ord_in_thread": 0,
    "parent_url": null,
    "author": "Gerardo Romero",
    "published": "2024-07-26T00:02:00.000+03:00",
    "title": "Julio César Chávez Jr. responde a los críticos tras su pelea",
    "text": "El boxeador mexicano Julio César Chávez Jr. ha estado inmerso en el ojo del huracán luego de su reciente victoria contra Uriah Hall tras superarlo por decisión unánime en un combate que se extendió hasta el sexto asalto y que le ha permitido regresar a los cuadriláteros por la puerta grande luego de 30 meses en los que estuvo sin pelear e internado en centros médicos para superar sus problemas mentales y de adicción.\nPor medio de su cuenta en la red social Instagram el peleador decidió responder a las críticas de diversas figuras conocedoras del boxeo o incluso leyendas del mismo deporte que lo han cuestionado por sus aspiraciones de regresar al pugilismo mundial a los 38 años y además por el reciente anuncio sobre las grandes posibilidades que posee para disputar el cinturón de campeón de la Asociación Mundial de Boxeo (AMB).\n“A todos los que dicen que me vi mal en la pelea, les digo que después de tres años sin pelear, yo creo que es la pelea que mejor me he visto en los últimos cuatro o cinco años”, expresó.\n“Y aparte estaba peleando en otro peso. Denme un poquito de tiempo y van a ver. Para la que sigue, me voy a ver mucho mejor, y así (sucesivamente)” , agregó el peleador mexicano en las declaraciones que realizó en las historias de su cuenta de Instagram.\nEs importante recordar que Julio César Chávez Jr. disputó su combate correspondiente a las 200 libras contra el antiguo peleador de la UFC, Uriah Hal, hecho por el que ha sido cuestionado al considerarse que no tiene el derecho todavía por disputar un título mundial.\nSigue leyendo:\n– David Benavídez enfrentará al ganador de la pelea entre Artur Beterbiev y Dmitry Bivol\n– Llueven críticas a Canelo Álvarez por supuesto desplante y maltrato a fans en restaurante\n– Promotor de boxeo revela el motivo por el que David Benavídez seguirá en las 175 libras",
    "highlightText": "",
    "highlightTitle": "",
    "highlightThreadTitle": "",
    "language": "spanish",
    "sentiment": "negative",
    "categories": [
        "Human Interest",
        "Sport"
    ],
    "webz_reporter": false,
    "external_links": [],
    "external_images": [],
    "entities": {
        "persons": [],
        "organizations": [],
        "locations": []
    },
    "rating": null,
    "crawled": "2024-07-26T00:59:26.832+03:00",
    "updated": "2024-07-26T00:59:26.832+03:00"
}