{
    "thread": {
        "uuid": "ff0752dc12d248096bbb70afc91a53827a9e8610",
        "url": "https://today.rtl.lu/sport/international/a/2217083.html",
        "site_full": "today.rtl.lu",
        "site": "rtl.lu",
        "site_section": "https://today.rtl.lu/rss/sport",
        "site_categories": [],
        "section_title": "RTL Today Sport",
        "title": "Nadal injury doubt for Olympics, says coach Moya",
        "title_full": "Nadal injury doubt for Olympics, says coach Moya",
        "published": "2024-07-25T22:40:00.000+03:00",
        "replies_count": 0,
        "participants_count": 1,
        "site_type": "news",
        "country": "LU",
        "main_image": "https://www.rtl.lu/sassets/rtl2008.lu/nt/p/2024/07/25/22/9a0bab7b2dcccb59ed57428684ea12d4.jpeg",
        "performance_score": 0,
        "domain_rank": 13739,
        "domain_rank_updated": "2024-07-23T13:08:24.000+03:00",
        "reach": null,
        "social": {
            "facebook": {
                "likes": 0,
                "comments": 0,
                "shares": 0
            },
            "gplus": {
                "shares": 0
            },
            "pinterest": {
                "shares": 0
            },
            "linkedin": {
                "shares": 0
            },
            "stumbledupon": {
                "shares": 0
            },
            "vk": {
                "shares": 0
            }
        }
    },
    "uuid": "ff0752dc12d248096bbb70afc91a53827a9e8610",
    "url": "https://today.rtl.lu/sport/international/a/2217083.html",
    "ord_in_thread": 0,
    "parent_url": null,
    "author": "AFP",
    "published": "2024-07-25T22:40:00.000+03:00",
    "title": "Nadal injury doubt for Olympics, says coach Moya",
    "text": "Rafael Nadal could face Novak Djokovic in the men's singles second round at the Olympics / © AFP\nRafael Nadal has suffered a thigh injury to put his participation at the Paris Olympics in doubt, his coach Carlos Moya said on Thursday.\nThe 14-time French Open champion is scheduled to play in the singles and in the men's doubles alongside rising star and fellow Spaniard Carlos Alcaraz at Roland Garros.\n\"He had some discomfort yesterday (Wednesday) morning,\" Moya told Spanish radio.\n\"In the afternoon he was more limited and before it got worse he decided to stop.\"\nThe 38-year-old Nadal did not train on Thursday, which Moya said was \"the most responsible thing to do\".\n\"Don't force it at the moment and see if he recovers well,\" he added. \"We will see what condition he's in tomorrow and Saturday.\"\nNadal returned to tennis this year after a lengthy absence with a hip injury, reaching his first ATP final since winning the 2022 French Open in Bastad last weekend before losing to Portugal's Nuno Borges.\nHe is scheduled to face Hungarian Marton Fucsovics in the singles first round on Sunday, the day after partnering Alcaraz in the doubles.\nIf Nadal defeats Fucsovics, he would set up a possible second-round meeting with old rival Novak Djokovic.\n\"I can't guarantee anything, neither that he won't play or he will play,\" said Moya. \"At the moment he needs to rest, undergo treatment.\n\"He is obviously very excited to play these Olympics. It has been something marked on his calendar for years.\n\"He is a born competitor and wants to play singles and doubles. He's very excited about the doubles with Alcaraz. It will be the first time they have played together and it will be something historic for Spanish tennis.\"\nNadal is a two-time Olympic champion, having won singles gold in Beijing in 2008, and doubles gold at the 2016 Rio Games alongside Marc Lopez.",
    "highlightText": "",
    "highlightTitle": "",
    "highlightThreadTitle": "",
    "language": "english",
    "sentiment": "negative",
    "categories": [
        "Sport"
    ],
    "webz_reporter": false,
    "external_links": [],
    "external_images": [],
    "entities": {
        "persons": [
            {
                "name": "moya rafael nadal",
                "sentiment": "negative"
            },
            {
                "name": "raf",
                "sentiment": "negative"
            },
            {
                "name": "novak djokovic",
                "sentiment": "negative"
            },
            {
                "name": "nadal",
                "sentiment": "negative"
            },
            {
                "name": "marton fucsovics",
                "sentiment": "none"
            },
            {
                "name": "carlos moya",
                "sentiment": "none"
            },
            {
                "name": "roland garros",
                "sentiment": "none"
            },
            {
                "name": "nuno borges",
                "sentiment": "none"
            },
            {
                "name": "carlos alcaraz",
                "sentiment": "none"
            },
            {
                "name": "moya",
                "sentiment": "none"
            }
        ],
        "organizations": [],
        "locations": [
            {
                "name": "portugal",
                "sentiment": "none"
            },
            {
                "name": "paris",
                "sentiment": "none"
            },
            {
                "name": "bastad",
                "sentiment": "none"
            }
        ]
    },
    "rating": null,
    "crawled": "2024-07-26T00:06:53.433+03:00",
    "updated": "2024-07-26T00:06:53.433+03:00"
}