{
    "thread": {
        "uuid": "de5469f0c1c81f56b3b3f83747ce59e01622a7b0",
        "url": "https://us.marca.com/soccer/futbol-femenino/seleccion-usa-femenina/2024/07/25/66a2b4a2e2704e23318b4582.html",
        "site_full": "us.marca.com",
        "site": "marca.com",
        "site_section": "https://us.marca.com",
        "site_categories": [],
        "section_title": "MARCA USA - Noticias deportivas en español y lo último en deportes",
        "title": "Expulsan a jugadora de Zambia ante Estados Unidos y rompe a llorar | Marcausa",
        "title_full": "Expulsan a jugadora de Zambia ante Estados Unidos y rompe a llorar | Marcausa",
        "published": "2024-07-25T22:25:00.000+03:00",
        "replies_count": 0,
        "participants_count": 1,
        "site_type": "news",
        "country": "ES",
        "main_image": "https://phantom-marca-us.unidadeditorial.es/8a3df65998188337552aeb14a458e8a6/resize/1200/f/jpg/assets/multimedia/imagenes/2024/07/25/17219390674445.jpg",
        "performance_score": 0,
        "domain_rank": 1748,
        "domain_rank_updated": "2024-07-23T13:08:24.000+03:00",
        "reach": null,
        "social": {
            "facebook": {
                "likes": 0,
                "comments": 0,
                "shares": 0
            },
            "gplus": {
                "shares": 0
            },
            "pinterest": {
                "shares": 0
            },
            "linkedin": {
                "shares": 0
            },
            "stumbledupon": {
                "shares": 0
            },
            "vk": {
                "shares": 0
            }
        }
    },
    "uuid": "de5469f0c1c81f56b3b3f83747ce59e01622a7b0",
    "url": "https://us.marca.com/soccer/futbol-femenino/seleccion-usa-femenina/2024/07/25/66a2b4a2e2704e23318b4582.html",
    "ord_in_thread": 0,
    "parent_url": null,
    "author": "LW",
    "published": "2024-07-25T22:25:00.000+03:00",
    "title": "Expulsan a jugadora de Zambia ante Estados Unidos y rompe a llorar | Marcausa",
    "text": "E n un partido que lucía completamente inclinado, el equipo femenino de soccer de Estados Unidos, USWNT , vence con tranquilidad a su similar de Zambia , en su presentación en el torneo olímpico de París 2024 en el estadio Allianz Riviera de Niza.\nEl equipo estadounidense vence 3-0 en el inicio del segundo tiempo, con un gran gol de Trinity Rodman y doblete de Mallory Swanson entre los minutos 24 y 25.\nSin embargo, eso no fue todo en una desastrosa actuación para el equipo africano, ante un de las potencias del futbol femenino.\nAl minuto 34, ya con el 3-0 encima la defensora zambiana, Pauline Zulu atropelló a Sophia Smith , cuando se enfiaba a toda velocidad al área rival. La falta ocurrió justo antes de entrar al área. Sin embargo, tras ser llamado por el VAR, el árbitro brasileño Ramon Abatti decidió expulsar a Zulu , debido a que era la última jugadora y evitó una jugada manifiesta de gol.\nEn un momento dramático, la defensora no soportó la frustración y rompió en llanto al ver la tarjeta y no pudo contenerse hasta que abandonó la cancha para meterse al vestidor.\nEl grupo de la muerte de París 2024 El USWNT se encuentra en un grupo que luce sumamente competido en busca de avanzar a la segunda ronda, con Alemania y Nueva Zelanda , además de Zambia , que luce como un comodín para el equipo africano.\nEn el primer turno, el equipo germano se impuso a las All Whites 2-1, por lo que entre más goles anote el equipo estadounidense le ayudara a tener un punto adicional por diferencia de goles respecto a Alemania, en el caso de que se apriete el boleto como líder de grupo a los cuartos de final.\nEl USWNT llega a este torneo como medallista de bronce de Tokio 2021, luego que sorpresivamente quedó fuera de la final olímpica, donde Canadá se impuso en tiempo suplementario a Suecia.\nJuegos Olímpicos - USA Latino París 2024 Canadá expulsa a 2 integrantes de su cuerpo técnico por espionaje a Nueva Zelanda; la entrenadora se auto suspende París 2024 La rivalidad Argentina vs Francia se calienta en los Juegos: \"No sé si están dolidos por Messi... quizá nos tienen miedo\" Soccer Crisis al interior del USWNT por publicaciones anti-LGBT+ a horas de su debut en el torneo Olímpico Ver enlaces de interés\nNoticias Soccer Liga MX Resultados Liga MX Partidos Liga MX Posiciones Liga MX America Chivas Tigres Calendario Premier League Lionel Messi Luis Suárez Inter Miami noticias Monterrey noticias Champions League Real Madrid noticias Barcelona noticias Neymar noticias Cristiano Ronaldo noticias PSG noticias Selección Mexicana noticias Leagues Cup 2024 Formato Argentina Francia Rivalidad",
    "highlightText": "",
    "highlightTitle": "",
    "highlightThreadTitle": "",
    "language": "spanish",
    "sentiment": "negative",
    "categories": [
        "Human Interest",
        "Sport"
    ],
    "webz_reporter": false,
    "external_links": [
        "https://twitter.com/USER_ID/status/1816559188509688180",
        "https://twitter.com/USER_ID/status/1816557731563864413",
        "https://www.twitter.com/USER_ID/status/1816559188509688180",
        "https://www.twitter.com/USER_ID/status/1816557731563864413"
    ],
    "external_images": [],
    "entities": {
        "persons": [],
        "organizations": [],
        "locations": []
    },
    "rating": null,
    "crawled": "2024-07-26T02:10:57.497+03:00",
    "updated": "2024-07-26T02:10:57.497+03:00"
}