{
    "thread": {
        "uuid": "30678c6a0462fc1cc53e5e59c2251150a02ebf05",
        "url": "https://www.newsbreak.com/louisville-ky/3540338652198-churchill-decides-to-scrap-turf-racing-in-september",
        "site_full": "www.newsbreak.com",
        "site": "newsbreak.com",
        "site_section": "https://newsbreak.com/louisville-ky",
        "site_categories": [
            "under_construction",
            "top_news"
        ],
        "section_title": "Louisville News, Weather, Safety, Sports | NewsBreak Louisville, KY",
        "title": "Churchill Decides to Scrap Turf Racing in September",
        "title_full": "Churchill Decides to Scrap Turf Racing in September",
        "published": "2024-07-25T03:00:00.000+03:00",
        "replies_count": 0,
        "participants_count": 1,
        "site_type": "news",
        "country": "US",
        "main_image": "https://img.particlenews.com/img/id/3zlejr_0udK9moC00?type=thumbnail_1600x1200",
        "performance_score": 0,
        "domain_rank": 3380,
        "domain_rank_updated": "2024-07-23T13:08:24.000+03:00",
        "reach": null,
        "social": {
            "facebook": {
                "likes": 0,
                "comments": 0,
                "shares": 0
            },
            "gplus": {
                "shares": 0
            },
            "pinterest": {
                "shares": 0
            },
            "linkedin": {
                "shares": 0
            },
            "stumbledupon": {
                "shares": 0
            },
            "vk": {
                "shares": 0
            }
        }
    },
    "uuid": "30678c6a0462fc1cc53e5e59c2251150a02ebf05",
    "url": "https://www.newsbreak.com/louisville-ky/3540338652198-churchill-decides-to-scrap-turf-racing-in-september",
    "ord_in_thread": 0,
    "parent_url": null,
    "author": "Byron King",
    "published": "2024-07-25T03:00:00.000+03:00",
    "title": "Churchill Decides to Scrap Turf Racing in September",
    "text": "By Byron King ,\n7 hours ago By Byron King ,\n7 hours ago Go to Publisher's website\nRead in NewsBreak",
    "highlightText": "",
    "highlightTitle": "",
    "highlightThreadTitle": "",
    "language": "english",
    "sentiment": "negative",
    "categories": [
        "Sport"
    ],
    "webz_reporter": false,
    "external_links": [],
    "external_images": [],
    "entities": {
        "persons": [
            {
                "name": "byron king",
                "sentiment": "negative"
            }
        ],
        "organizations": [
            {
                "name": "massachusetts state",
                "sentiment": "none"
            },
            {
                "name": "pa",
                "sentiment": "none"
            },
            {
                "name": "kentucky state",
                "sentiment": "none"
            }
        ],
        "locations": [
            {
                "name": "new york city",
                "sentiment": "none"
            },
            {
                "name": "chicago",
                "sentiment": "none"
            },
            {
                "name": "newsbreak",
                "sentiment": "none"
            },
            {
                "name": "ronkonkoma",
                "sentiment": "none"
            },
            {
                "name": "ny",
                "sentiment": "none"
            }
        ]
    },
    "rating": null,
    "crawled": "2024-07-26T02:01:19.922+03:00",
    "updated": "2024-07-26T05:48:44.821+03:00"
}