{
    "thread": {
        "uuid": "f5acb95575cae346943af6b0326d614596670a6b",
        "url": "https://www.rtbf.be/article/jo-paris-2024-la-participation-de-rafael-nadal-au-tournoi-olympique-de-tennis-est-incertaine-11409924",
        "site_full": "www.rtbf.be",
        "site": "rtbf.be",
        "site_section": "http://rss.rtbf.be/article/rss/rtbf_flux.xml",
        "site_categories": [
            "sports",
            "top_news"
        ],
        "section_title": "RTBF Flux",
        "title": "JO Paris 2024 : la participation de Rafael Nadal au tournoi olympique de tennis est incertaine",
        "title_full": "JO Paris 2024 : la participation de Rafael Nadal au tournoi olympique de tennis est incertaine",
        "published": "2024-07-25T22:06:00.000+03:00",
        "replies_count": 0,
        "participants_count": 1,
        "site_type": "news",
        "country": "BE",
        "main_image": "https://ds.static.rtbf.be/article/image/1920x1080/1/c/9/d5b03d3acb580879f82271ab4885ee5e-1721937827.jpg",
        "performance_score": 0,
        "domain_rank": 3567,
        "domain_rank_updated": "2024-07-23T13:08:24.000+03:00",
        "reach": null,
        "social": {
            "facebook": {
                "likes": 0,
                "comments": 0,
                "shares": 13
            },
            "gplus": {
                "shares": 0
            },
            "pinterest": {
                "shares": 0
            },
            "linkedin": {
                "shares": 0
            },
            "stumbledupon": {
                "shares": 0
            },
            "vk": {
                "shares": 0
            }
        }
    },
    "uuid": "f5acb95575cae346943af6b0326d614596670a6b",
    "url": "https://www.rtbf.be/article/jo-paris-2024-la-participation-de-rafael-nadal-au-tournoi-olympique-de-tennis-est-incertaine-11409924",
    "ord_in_thread": 0,
    "parent_url": null,
    "author": "Belga (édité par Jâd El Nakadi)",
    "published": "2024-07-25T22:06:00.000+03:00",
    "title": "JO Paris 2024 : la participation de Rafael Nadal au tournoi olympique de tennis est incertaine",
    "text": "La participation de Rafael Nadal aux Jeux Olympiques de Paris est incertaine. Le joueur espagnol de 38 ans a annulé sa séance d’entraînement avec le tennisman allemand Alexander Zverev plus tôt dans la journée en raison d’une \"petite rechute\", a révélé son entraîneur, Carlos Moya, à une station de radio espagnole. \"Je ne peux rien garantir, il va falloir attendre\", a déclaré Moyá. Le premier match de Nadal en double avec son compatriote Carlos Alcaraz est prévu pour samedi, tandis que son premier match en simple, contre le Hongrois Marton Fucsovics, est programmé dimanche. Lors de l’entraînement avec Alcaraz mercredi, Nadal portait un bandage à la cuisse droite. Moyá a précisé qu’ils devaient voir maintenant si la situation s’améliore. L’Espagnol de 38 ans a remporté la médaille d’or aux Jeux Olympiques de Pékin en 2008 et a de nouveau décroché l’or en double aux Jeux de Rio de Janeiro huit ans plus tard. Nadal se prépare à vivre ses derniers Jeux Olympiques dans le stade de Roland-Garros où il a inscrit son nom à quatorze reprises au tournoi du Grand Chelem. [Le tirage au sort](https://www.rtbf.be/article/jo-paris-2024-tennis-zizou-bergs-herite-de-tsitsipas-des-le-1er-tour-possible-nadal-djokovic-des-le-2e-tour-11409588) a décidé qu’il pourrait rencontrer l’autre star du tennis le Serbe Novak Djokovic dès le deuxième tour dans le tableau du simple.",
    "highlightText": "",
    "highlightTitle": "",
    "highlightThreadTitle": "",
    "language": "french",
    "sentiment": "negative",
    "categories": [
        "Sport"
    ],
    "webz_reporter": false,
    "external_links": [],
    "external_images": [],
    "entities": {
        "persons": [],
        "organizations": [],
        "locations": []
    },
    "rating": null,
    "crawled": "2024-07-26T01:25:55.636+03:00",
    "updated": "2024-07-26T03:00:12.047+03:00"
}