{
    "thread": {
        "uuid": "00637df94b7f5cc7faed6bd0187b4aff139fc620",
        "url": "https://www.sportingnews.com/us/nfl/kansas-city-chiefs/news/raiders-have-fun-patrick-mahomes-puppet-forgetting-mahomes-owns-them-field-nfl-training-camp-super-bowl/2a66afdd1791924640ec4360",
        "site_full": "www.sportingnews.com",
        "site": "sportingnews.com",
        "site_section": "https://www.sportingnews.com/us/news",
        "site_categories": [
            "sports"
        ],
        "section_title": "All Sporting News  News &amp; Video -  Sporting News",
        "title": "Raiders have fun with Patrick Mahomes puppet, forgetting that Mahomes owns them on the field | Sporting News",
        "title_full": "Raiders have fun with Patrick Mahomes puppet, forgetting that Mahomes owns them on the field | Sporting News",
        "published": "2024-07-25T03:00:00.000+03:00",
        "replies_count": 0,
        "participants_count": 1,
        "site_type": "news",
        "country": "US",
        "main_image": "https://ng-sportingnews.com/s3/files/styles/crop_style_16_9_desktop/s3/2024-07/USATSI_22173165%20%281%29.jpg?h=1002e6d6&amp;itok=WE69YqnY",
        "performance_score": 0,
        "domain_rank": 2868,
        "domain_rank_updated": "2024-07-23T13:08:24.000+03:00",
        "reach": null,
        "social": {
            "facebook": {
                "likes": 0,
                "comments": 0,
                "shares": 0
            },
            "gplus": {
                "shares": 0
            },
            "pinterest": {
                "shares": 0
            },
            "linkedin": {
                "shares": 0
            },
            "stumbledupon": {
                "shares": 0
            },
            "vk": {
                "shares": 0
            }
        }
    },
    "uuid": "00637df94b7f5cc7faed6bd0187b4aff139fc620",
    "url": "https://www.sportingnews.com/us/nfl/kansas-city-chiefs/news/raiders-have-fun-patrick-mahomes-puppet-forgetting-mahomes-owns-them-field-nfl-training-camp-super-bowl/2a66afdd1791924640ec4360",
    "ord_in_thread": 0,
    "parent_url": null,
    "author": "Jarrett Bailey",
    "published": "2024-07-25T03:00:00.000+03:00",
    "title": "Raiders have fun with Patrick Mahomes puppet, forgetting that Mahomes owns them on the field | Sporting News",
    "text": "You'd be hard-pressed to find a better example of a team lacking self-awareness in training camp more than the Las Vegas Raiders on Thursday. The team passed around a Kermit the Frog puppet dressed as Patrick Mahomes, mocking the Kansas City Chiefs' quarterback that has won more playoff games in their stadium than they have. This Raiders Kermit Mahomes doll is going to age abysmally— The 33rd Team (@The33rdTeamFB) [pic.twitter.com/Z4p5GNCgZL] [July 25, 2024] Mahomes is 10-2 against the Raiders in his career, and has never lost to the Raiders in Oakland/Las Vegas. In those 12 games, he's thrown 30 touchdowns to just four interceptions and has a passer rating of 109.6. The Chiefs haven't won less than 10 games since 2014. Meanwhile, the Raiders have one winning season since 2016. The Raiders beating the Chiefs on Christmas day last year was their Super Bowl. The Chiefs' Super Bowl was winning the actual Super Bowl for the third time in the Mahomes era in the Raiders' building. The point is why poke the bear if you're the Raiders? Why would you give Mahomes any extra motivation to embarrass you twice a year?",
    "highlightText": "",
    "highlightTitle": "",
    "highlightThreadTitle": "",
    "language": "english",
    "sentiment": "negative",
    "categories": [
        "Sport"
    ],
    "webz_reporter": false,
    "external_links": [],
    "external_images": [],
    "entities": {
        "persons": [
            {
                "name": "patrick mahomes",
                "sentiment": "negative"
            },
            {
                "name": "mahomes",
                "sentiment": "negative"
            },
            {
                "name": "kermit mahomes",
                "sentiment": "none"
            }
        ],
        "organizations": [
            {
                "name": "kansas city chiefs",
                "sentiment": "none"
            },
            {
                "name": "las vegas raiders",
                "sentiment": "none"
            }
        ],
        "locations": [
            {
                "name": "oakland/las vegas",
                "sentiment": "none"
            }
        ]
    },
    "rating": null,
    "crawled": "2024-07-26T00:37:40.572+03:00",
    "updated": "2024-07-26T00:37:40.572+03:00"
}