{
    "thread": {
        "uuid": "407373cde47377a5696a8bf664e24d6e71e8131b",
        "url": "https://www.lejsl.com/sport/2024/07/25/les-girondins-de-bordeaux-renoncent-a-leur-statut-professionnel",
        "site_full": "www.lejsl.com",
        "site": "lejsl.com",
        "site_section": "https://www.lejsl.com/sport",
        "site_categories": [
            "media",
            "top_news"
        ],
        "section_title": "Sport",
        "title": "Football. Les Girondins de Bordeaux renoncent à leur statut professionnel",
        "title_full": "Football. Les Girondins de Bordeaux renoncent à leur statut professionnel",
        "published": "2024-07-26T00:14:00.000+03:00",
        "replies_count": 0,
        "participants_count": 1,
        "site_type": "news",
        "country": "FR",
        "main_image": "https://cdn-s-www.lejsl.com/images/975C5989-74BC-492C-A9B2-B38ADFDEFA31/FB1200/photo-1721942057.jpg",
        "performance_score": 0,
        "domain_rank": 35611,
        "domain_rank_updated": "2024-07-23T13:08:24.000+03:00",
        "reach": null,
        "social": {
            "facebook": {
                "likes": 0,
                "comments": 0,
                "shares": 0
            },
            "gplus": {
                "shares": 0
            },
            "pinterest": {
                "shares": 0
            },
            "linkedin": {
                "shares": 0
            },
            "stumbledupon": {
                "shares": 0
            },
            "vk": {
                "shares": 0
            }
        }
    },
    "uuid": "407373cde47377a5696a8bf664e24d6e71e8131b",
    "url": "https://www.lejsl.com/sport/2024/07/25/les-girondins-de-bordeaux-renoncent-a-leur-statut-professionnel",
    "ord_in_thread": 0,
    "parent_url": null,
    "author": "La rédaction avec AFP",
    "published": "2024-07-26T00:14:00.000+03:00",
    "title": "Football. Les Girondins de Bordeaux renoncent à leur statut professionnel",
    "text": "Football Les Girondins de Bordeaux renoncent à leur statut professionnel Le club bordelais, relégué mardi en National, a annoncé jeudi qu'il préférait renoncer à son statut professionnel pour éviter des sanctions supplémentaires. Les jours se suivent et se ressemblent aux Girondins de Bordeaux. Le club au Scapulaire, [rétrogadé en National](/sport/2024/07/23/l2-bordeaux-renonce-a-son-appel-et-retrograde-administrativement-en-national), a renoncé jeudi au statut professionnel obtenu en 1937. Une décision aux « conséquences funestes », selon le maire de la ville [Pierre Hurmic](/p/pierre-hurmic), qui déplore notamment la fermeture du centre de formation. Dans un communiqué publié jeudi soir, le club, qui avait terminé 12e de Ligue 2 mais a été sanctionné pour ses errements financiers, indique avoir « déposé le bilan » mardi auprès du Tribunal de commerce « afin d'entamer la restructuration nécessaire », ce qui aura pour conséquence « très prochainement » « l'ouverture d'une procédure collective qui entraînera automatiquement la perte du statut professionnel du club ». La crainte de « sanctions supplémentaires » La saison de National débutant mi-août, le club a préféré « renoncer à demander le maintien de son statut professionnel faute de quoi il aurait dû se présenter à nouveau devant la DNCG (Direction nationale du contrôle de gestion) avec un budget ne correspondant pas à (s)a réalité à venir (...), ce qui aurait pu le conduire à des sanctions supplémentaires lourdes ». Cet « effort de transparence » sur « la situation réelle du club » « doit notamment permettre de limiter les conséquences sportives de cette situation », poursuivent les Girondins qui ont « pour objectif d'évoluer en National 1 la saison prochaine, pour permettre, au plus vite, le retour du Club, avec des finances assainies et une ambition renouvelée, au plus haut niveau ». Le maire de Bordeaux en colère L'équipe sextuple championne de France pouvait pourtant espérer conserver le statut professionnel, et donc son centre de formation, si elle était autorisée à repartir en National, division hybride mêlant clubs pros et amateurs. Mais sa direction, qui espère que le tribunal de commerce privilégiera le redressement judiciaire à une liquidation pure et simple, a semble-t-il préféré faire table rase des contrats en vigueur en raison des difficultés du club, qui cherchait 40 millions d'euros pour assainir ses comptes et boucler son budget 2024-2025 en Ligue 2. « J'apprends avec consternation la décision soudaine autant que personnelle de Gérard Lopez, a cinglé Pierre Hurmic dans une déclaration transmise à l'AFP. Elle confirme des choix de gestion hasardeux qui ont amené en trois saisons notre club qui évoluait dans l'élite de la L1 au niveau amateur. » La fin de 87 ans chez les professionnels « L'abandon du statut professionnel aura des conséquences funestes avec, en premier lieu, la disparition du centre de formation », ajoute le maire écologiste, qui affirme « que d'autres options étaient et seraient encore possibles pour sauver le club ». « Si la gouvernance actuelle n'a plus le ressort, les moyens, l'envie de défendre avec énergie la survie de notre club centenaire, patrimoine commun de notre territoire, alors, elle doit en tirer toutes les conséquences », conclut-il. Cet abandon de statut met un terme à 87 années d'appartenance du FC Girondins de Bordeaux au football professionnel français et liquide son très réputé centre de formation, où ont notamment été formés les internationaux français actuels [Jules Koundé](/p/jules-kounde) (FC Barcelone) et [Aurélien Tchouaméni](/p/aurelien-tchouameni) (Real Madrid). Se pose également la question de l'avenir du personnel administratif (90 salariés).",
    "highlightText": "",
    "highlightTitle": "",
    "highlightThreadTitle": "",
    "language": "french",
    "sentiment": "negative",
    "categories": [
        "Sport"
    ],
    "webz_reporter": false,
    "external_links": [],
    "external_images": [],
    "entities": {
        "persons": [],
        "organizations": [],
        "locations": []
    },
    "rating": null,
    "crawled": "2024-07-26T00:36:05.911+03:00",
    "updated": "2024-07-26T00:36:05.911+03:00"
}