{
    "thread": {
        "uuid": "6dae7584571672060707c77c0542fcae90e68ebd",
        "url": "https://www.newslocker.com/en-au/sport/sport-news-australia/paula-radcliffe-defends-child-rapists-inclusion-in-olympics",
        "site_full": "www.newslocker.com",
        "site": "newslocker.com",
        "site_section": "https://newslocker.com/en-au",
        "site_categories": [
            "tennis",
            "sports"
        ],
        "section_title": "NewsLocker - News portal",
        "title": "Paula Radcliffe defends child rapist's inclusion in Olympics - Sport news australia news - NewsLocker",
        "title_full": "Paula Radcliffe defends child rapist's inclusion in Olympics - Sport news australia news - NewsLocker",
        "published": "2024-07-26T00:03:00.000+03:00",
        "replies_count": 0,
        "participants_count": 0,
        "site_type": "news",
        "country": "BY",
        "main_image": "https://img4.newslocker.com/2024/07/25/323911916_1200.jpg",
        "performance_score": 0,
        "domain_rank": 59294,
        "domain_rank_updated": "2024-07-23T13:08:43.000+03:00",
        "reach": null,
        "social": {
            "facebook": {
                "likes": 0,
                "comments": 0,
                "shares": 0
            },
            "gplus": {
                "shares": 0
            },
            "pinterest": {
                "shares": 0
            },
            "linkedin": {
                "shares": 0
            },
            "stumbledupon": {
                "shares": 0
            },
            "vk": {
                "shares": 0
            }
        }
    },
    "uuid": "6dae7584571672060707c77c0542fcae90e68ebd",
    "url": "https://www.newslocker.com/en-au/sport/sport-news-australia/paula-radcliffe-defends-child-rapists-inclusion-in-olympics",
    "ord_in_thread": 0,
    "parent_url": null,
    "author": null,
    "published": "2024-07-26T00:03:00.000+03:00",
    "title": "Paula Radcliffe defends child rapist's inclusion in Olympics - Sport news australia news - NewsLocker",
    "text": "[✗ Close categories](javascript:hideCategories();) [Animals](https://www.newslocker.com/en-au/news/animals/) [Apple](https://www.newslocker.com/en-au/news/apple/) [Apps & Smartphones](https://www.newslocker.com/en-au/news/apps-and-smartphones/) [Arts](https://www.newslocker.com/en-au/news/arts/) [Business](https://www.newslocker.com/en-au/news/business/) [Cars](https://www.newslocker.com/en-au/news/cars/) [Celebrities](https://www.newslocker.com/en-au/news/celebrities/) [Child Care](https://www.newslocker.com/en-au/news/child-care/) [Christianity](https://www.newslocker.com/en-au/news/christianity/) [Conspiracy theories](https://www.newslocker.com/en-au/news/conspiracy-theories/) [✗ Close categories](javascript:hideCategories();) [✗ Close categories](javascript:hideCategories();) [Formula 1 - McLaren Videos](https://www.newslocker.com/en-au/sport/formula-1-mclaren-videos/) [Formula 1 - Mercedes AMG Petronas Videos](https://www.newslocker.com/en-au/sport/formula-1-mercedes-amg-petronas-videos/) [Formula 1 - Sauber F1 Team Videos](https://www.newslocker.com/en-au/sport/formula-1-sauber-f1-team-videos/) [Formula 1 - Scuderia Ferrari Videos](https://www.newslocker.com/en-au/sport/formula-1-scuderia-ferrari-videos/) [Formula 1 - Scuderia Toro Rosso Videos](https://www.newslocker.com/en-au/sport/formula-1-scuderia-toro-rosso-videos/) [Formula 1 - Team Lotus Videos](https://www.newslocker.com/en-au/sport/formula-1-team-lotus-videos/) [✗ Close categories](javascript:hideCategories();) [✗ Close categories](javascript:hideCategories();) [Adelaide](https://www.newslocker.com/en-au/region/adelaide/) [Albany](https://www.newslocker.com/en-au/region/albany/) [Albury](https://www.newslocker.com/en-au/region/albury/) [Alice Springs](https://www.newslocker.com/en-au/region/alice-springs/) [Armidale](https://www.newslocker.com/en-au/region/armidale/) [Bacchus Marsh](https://www.newslocker.com/en-au/region/bacchus-marsh/) [Bairnsdale](https://www.newslocker.com/en-au/region/bairnsdale/) [Ballarat](https://www.newslocker.com/en-au/region/ballarat/) [Ballina](https://www.newslocker.com/en-au/region/ballina/) [Barwon Downs](https://www.newslocker.com/en-au/region/barwon-downs/) [Batemans Bay](https://www.newslocker.com/en-au/region/batemans-bay/) [Bathurst](https://www.newslocker.com/en-au/region/bathurst/) [Bendigo](https://www.newslocker.com/en-au/region/bendigo/) [Blaxland](https://www.newslocker.com/en-au/region/blaxland/) [Bongaree](https://www.newslocker.com/en-au/region/bongaree/) [Bowral](https://www.newslocker.com/en-au/region/bowral/) [Brisbane](https://www.newslocker.com/en-au/region/brisbane/) [Broken Hill](https://www.newslocker.com/en-au/region/broken-hill/) [Broome](https://www.newslocker.com/en-au/region/broome/) [Buderim](https://www.newslocker.com/en-au/region/buderim/) [Bunbury](https://www.newslocker.com/en-au/region/bunbury/) [Bundaberg](https://www.newslocker.com/en-au/region/bundaberg/) [Burnie](https://www.newslocker.com/en-au/region/burnie/) [Busselton](https://www.newslocker.com/en-au/region/busselton/) [Byron Bay](https://www.newslocker.com/en-au/region/byron-bay/) [Caboolture](https://www.newslocker.com/en-au/region/caboolture/) [Cairns](https://www.newslocker.com/en-au/region/cairns/) [Caloundra](https://www.newslocker.com/en-au/region/caloundra/) [Canberra](https://www.newslocker.com/en-au/region/canberra/) [Casino](https://www.newslocker.com/en-au/region/casino/) [Central Coast](https://www.newslocker.com/en-au/region/central-coast/) [Cessnock](https://www.newslocker.com/en-au/region/cessnock/) [Coffs Harbour](https://www.newslocker.com/en-au/region/coffs-harbour/) [Colac](https://www.newslocker.com/en-au/region/colac/) [Craigieburn](https://www.newslocker.com/en-au/region/craigieburn/) [Cranbourne](https://www.newslocker.com/en-au/region/cranbourne/) [Dalby](https://www.newslocker.com/en-au/region/dalby/) [Darwin](https://www.newslocker.com/en-au/region/darwin/) [Devonport](https://www.newslocker.com/en-au/region/devonport/) [Drouin](https://www.newslocker.com/en-au/region/drouin/) [Dubbo](https://www.newslocker.com/en-au/region/dubbo/) [Echuca](https://www.newslocker.com/en-au/region/echuca/) [Emerald](https://www.newslocker.com/en-au/region/emerald/) [Forbes](https://www.newslocker.com/en-au/region/forbes/) [Gawler](https://www.newslocker.com/en-au/region/gawler/) [Geelong](https://www.newslocker.com/en-au/region/geelong/) [Geraldton](https://www.newslocker.com/en-au/region/geraldton/) [Gladstone](https://www.newslocker.com/en-au/region/gladstone/) [Gold Coast](https://www.newslocker.com/en-au/region/gold-coast/) [Goulburn](https://www.newslocker.com/en-au/region/goulburn/) [Grafton](https://www.newslocker.com/en-au/region/grafton/) [Griffith](https://www.newslocker.com/en-au/region/griffith/) [Gympie](https://www.newslocker.com/en-au/region/gympie/) [Hamilton](https://www.newslocker.com/en-au/region/hamilton/) [Hervey Bay](https://www.newslocker.com/en-au/region/hervey-bay/) [Hobart](https://www.newslocker.com/en-au/region/hobart/) [Horsham](https://www.newslocker.com/en-au/region/horsham/) [Kalgoorlie](https://www.newslocker.com/en-au/region/kalgoorlie/) [Karratha](https://www.newslocker.com/en-au/region/karratha/) [Katoomba](https://www.newslocker.com/en-au/region/katoomba/) [Kawana](https://www.newslocker.com/en-au/region/kawana/) [Kempsey](https://www.newslocker.com/en-au/region/kempsey/) [Kiama](https://www.newslocker.com/en-au/region/kiama/) [Kingaroy](https://www.newslocker.com/en-au/region/kingaroy/) [Kingston](https://www.newslocker.com/en-au/region/kingston/) [Kwinana Town Centre](https://www.newslocker.com/en-au/region/kwinana-town-centre/) [Launceston](https://www.newslocker.com/en-au/region/launceston/) [Lismore](https://www.newslocker.com/en-au/region/lismore/) [Lithgow](https://www.newslocker.com/en-au/region/lithgow/) [Mackay](https://www.newslocker.com/en-au/region/mackay/) [Maitland](https://www.newslocker.com/en-au/region/maitland/) [Mandurah](https://www.newslocker.com/en-au/region/mandurah/) [Maroochydore](https://www.newslocker.com/en-au/region/maroochydore/) [Maryborough](https://www.newslocker.com/en-au/region/maryborough/) [Melbourne](https://www.newslocker.com/en-au/region/melbourne/) [Melton](https://www.newslocker.com/en-au/region/melton/) [Mildura](https://www.newslocker.com/en-au/region/mildura/) [Moe](https://www.newslocker.com/en-au/region/moe/) [Mornington](https://www.newslocker.com/en-au/region/mornington/) [Morwell](https://www.newslocker.com/en-au/region/morwell/) [Mount Eliza](https://www.newslocker.com/en-au/region/mount-eliza/) [Mount Gambier](https://www.newslocker.com/en-au/region/mount-gambier/) [Mount Isa](https://www.newslocker.com/en-au/region/mount-isa/) [Mount Martha](https://www.newslocker.com/en-au/region/mount-martha/) [Mudgee](https://www.newslocker.com/en-au/region/mudgee/) [Murray Bridge](https://www.newslocker.com/en-au/region/murray-bridge/) [Muswellbrook](https://www.newslocker.com/en-au/region/muswellbrook/) [Nambour](https://www.newslocker.com/en-au/region/nambour/) [Nerang](https://www.newslocker.com/en-au/region/nerang/) [Newcastle](https://www.newslocker.com/en-au/region/newcastle/) [Nowra](https://www.newslocker.com/en-au/region/nowra/) [Orange](https://www.newslocker.com/en-au/region/orange/) [Pakenham](https://www.newslocker.com/en-au/region/pakenham/) [Palmerston](https://www.newslocker.com/en-au/region/palmerston/) [Parkes](https://www.newslocker.com/en-au/region/parkes/) [Perth](https://www.newslocker.com/en-au/region/perth/) [Port Augusta](https://www.newslocker.com/en-au/region/port-augusta/) [Port Hedland](https://www.newslocker.com/en-au/region/port-hedland/) [Port Lincoln](https://www.newslocker.com/en-au/region/port-lincoln/) [Port Macquarie](https://www.newslocker.com/en-au/region/port-macquarie/) [Port Pirie](https://www.newslocker.com/en-au/region/port-pirie/) [Portland](https://www.newslocker.com/en-au/region/portland/) [Queanbeyan](https://www.newslocker.com/en-au/region/queanbeyan/) [Raymond Terrace](https://www.newslocker.com/en-au/region/raymond-terrace/) [Redcliffe](https://www.newslocker.com/en-au/region/redcliffe/) [Richmond](https://www.newslocker.com/en-au/region/richmond/) [Rockhampton](https://www.newslocker.com/en-au/region/rockhampton/) [Rockingham](https://www.newslocker.com/en-au/region/rockingham/) [Rosebud](https://www.newslocker.com/en-au/region/rosebud/) [Sale](https://www.newslocker.com/en-au/region/sale/) [Sawtell](https://www.newslocker.com/en-au/region/sawtell/) [Shepparton](https://www.newslocker.com/en-au/region/shepparton/) [Singleton](https://www.newslocker.com/en-au/region/singleton/) [Sunbury](https://www.newslocker.com/en-au/region/sunbury/) [Sunshine Coast](https://www.newslocker.com/en-au/region/sunshine-coast/) [Swan Hill](https://www.newslocker.com/en-au/region/swan-hill/) [Sydney](https://www.newslocker.com/en-au/region/sydney/) [Tamworth](https://www.newslocker.com/en-au/region/tamworth/) [Taree](https://www.newslocker.com/en-au/region/taree/) [Toowoomba](https://www.newslocker.com/en-au/region/toowoomba/) [Townsville](https://www.newslocker.com/en-au/region/townsville/) [Traralgon](https://www.newslocker.com/en-au/region/traralgon/) [Ulverstone](https://www.newslocker.com/en-au/region/ulverstone/) [Victor Harbor](https://www.newslocker.com/en-au/region/victor-harbor/) [Victoria Point](https://www.newslocker.com/en-au/region/victoria-point/) [Wagga Wagga](https://www.newslocker.com/en-au/region/wagga-wagga/) [Wangaratta](https://www.newslocker.com/en-au/region/wangaratta/) [Warragul](https://www.newslocker.com/en-au/region/warragul/) [Warrnambool](https://www.newslocker.com/en-au/region/warrnambool/) [Warwick](https://www.newslocker.com/en-au/region/warwick/) [Whyalla](https://www.newslocker.com/en-au/region/whyalla/) [Wodonga](https://www.newslocker.com/en-au/region/wodonga/) [Wollongong](https://www.newslocker.com/en-au/region/wollongong/) [✗ Close categories](javascript:hideCategories();) [✗ Close categories](javascript:hideCategories();) [✗ Close categories](javascript:hideCategories();) - [Paula Radcliffe defends child rapist's inclusion in Olympics](https://www.newslocker.com/en-au/sport/sport-news-australia/paula-radcliffe-defends-child-rapists-inclusion-in-olympics/view/)BBC pundit Paula Radcliffe, who later apologised, told British radio station LBC that she wishedNetherlands beach volleyball player Steven van de Velde the \"best of luck\". - [Aussies end rugby sevens curse by qualifying for medal rounds; brutal Opals blow: Olympics LIVE](https://www.newslocker.com/en-au/sport/sport-news-australia/aussies-end-rugby-sevens-curse-by-qualifying-for-medal-rounds-brutal-opals-blow-olympics-live/view/)Australia has qualified for the semi-finals of the men’s rugby sevens after a thumping 18-0 vitcory over the USA in front of 70,000 fans at Paris’ Stade de France on Friday morning. - [‘Genuine chance’: Piastri says McLaren can beat Red Bull to teams title after historic result](https://www.newslocker.com/en-au/sport/sport-news-australia/genuine-chance-piastri-says-mclaren-can-beat-red-bull-to-teams-title-after-historic-result/view/)Oscar Piastri says McLaren is a “genuine chance” of beating Red Bull Racing to the constructors championship after leading a dominant one-two finish at the Hungarian Grand Prix. - [Bronte Campbell quizzed on sister Cate's US barbs](https://www.newslocker.com/en-au/sport/sport-news-australia/bronte-campbell-quizzed-on-sister-cates-us-barbs/view/)Australian swimming champion Bronte Campbell was prodded on the Australia-versus-US slanging match. © International Olympic Committee - [Paris Olympics 2024 LIVE updates: Matildas lose 3-0 to Germany; Australia’s men’s rugby 7s advance to semi-finals](https://www.newslocker.com/en-au/sport/sport-news-australia/paris-olympics-2024-live-updates-matildas-lose-3-0-to-germany-australias-mens-rugby-7s-advance-to-semi-finals/view/)The Matildas’ Paris Olympics campaign has gotten off to the worst possible start with a 3-0 thrashing by Germany, as Australia’s men’s rugby 7s side advance to the semi-finals against Fiji. Follow live. - [NRLW season kicks off with thriller as contenders suffer heartbreaking near-miss](https://www.newslocker.com/en-au/sport/sport-news-australia/nrlw-season-kicks-off-with-thriller-as-contenders-suffer-heartbreaking-near-miss/view/)The Newcastle Knights have kicked off their premiership defence in style after weathering a hungry Roosters outfit in the NRLW season opener. - [Olympics dreams shattered in just 42 minutes before opening ceremony](https://www.newslocker.com/en-au/sport/sport-news-australia/olympics-dreams-shattered-in-just-42-minutes-before-opening-ceremony/view/)Australia has helped shatter the dreams of 12 athletes more than 24 hours before the Paris Olympics Opening Ceremony even begins on Saturday morning (AEST). - [Aussies ruled out of Paris Games in brutal blow; big sevens chance arrives: Olympics LIVE](https://www.newslocker.com/en-au/sport/sport-news-australia/aussies-ruled-out-of-paris-games-in-brutal-blow-big-sevens-chance-arrives-olympics-live/view/)The Opals have been dealt a frustrating setback on the eve of the Paris Olympics with Bec Allen ruled out of the Games due to injury. - [‘That was awesome’: Dylan Cease pitches second no-hitter in Padres history](https://www.newslocker.com/en-au/sport/sport-news-australia/that-was-awesome-dylan-cease-pitches-second-no-hitter-in-padres-history/view/)Pitcher struck out nine in 3-0 win over NationalsCease fell one out short of no-hitter two years agoDylan Cease overpowered the Washington Nationals for nine innings, pitching the second no-hitter in San Diego Padres history in a 3-0 win on Thursday that completed a three-game sweep. After falling one out short of a no-hitter two years ago when he gave up a single to current teammate Luis Arráez, Cease retired Ildemaro Vargas and Jacob Young on a groundouts for the first two outs of the n - [Why Walker is a million-dollar man; rivals circle Storm No.1 shootout — Crawley](https://www.newslocker.com/en-au/sport/sport-news-australia/why-walker-is-a-million-dollar-man-rivals-circle-storm-no1-shootout-crawley/view/)Don’t be shocked if John Bateman ends up at South Sydney next season playing under Wayne Bennett. - [Swim coach allowed to stay in Paris](https://www.newslocker.com/en-au/sport/sport-news-australia/swim-coach-allowed-to-stay-in-paris/view/)Dolphins head coach Rohan Taylor has confirmed Michael Palfrey will remain in Paris with the Australian swim team. © International Olympic Committee - [Aussie heavyweight remains undefeated](https://www.newslocker.com/en-au/sport/sport-news-australia/aussie-heavyweight-remains-undefeated/view/)Australian heavyweight Justis Huni has kept his undefeated pro record in tact with a second-round knockout win. - [Winnington backs 'unAustralian' coach](https://www.newslocker.com/en-au/sport/sport-news-australia/winnington-backs-unaustralian-coach/view/)Swimming star Elijah Winnington goes into bat for under-fire coach Michael Palfrey. © International Olympic Committee - [‘We need to be better’: Matildas captain’s blunt assessment after loss to Germany in Olympic opener](https://www.newslocker.com/en-au/sport/sport-news-australia/we-need-to-be-better-matildas-captains-blunt-assessment-after-loss-to-germany-in-olympic-opener/view/)Captain Steph Catley confessed the Matildas “need to be better” after starting their Olympic campaign with a 3-0 loss against heavyweights Germany on Friday morning AEST. - [Contender poised for title tilt, Dons defence exposed; concerns for flag frontrunners — Blowtorch](https://www.newslocker.com/en-au/sport/sport-news-australia/contender-poised-for-title-tilt-dons-defence-exposed-concerns-for-flag-frontrunners-blowtorch/view/)Are the Lions better prepared than ever under Chis Fagan for a flag tilt? - [Swimming coach spared the axe over helping Korean rival – months after he was told not to](https://www.newslocker.com/en-au/sport/sport-news-australia/swimming-coach-spared-the-axe-over-helping-korean-rival-months-after-he-was-told-not-to/view/)An email obtained by this masthead reveals that Australian coaches, including Michael Palfrey, were warned four months ago about links to foreign athletes. - [How a pair of Tasmanians could achieve sporting immortality at the Paris Olympics](https://www.newslocker.com/en-au/sport/sport-news-australia/how-a-pair-of-tasmanians-could-achieve-sporting-immortality-at-the-paris-olympics/view/)With Ariarne Titmus, Eddie Ockenden, Max Giuliani and Jack McVeigh to name just a few of its stars, Tasmania has a reason to dream big at the Olympic Games in Paris. - [Unbeaten Aussies qualify for sevens knockouts after stunning upset: Olympics LIVE](https://www.newslocker.com/en-au/sport/sport-news-australia/unbeaten-aussies-qualify-for-sevens-knockouts-after-stunning-upset-olympics-live/view/)Australia has secured a huge upset over reigning world series champions Argentina in the men’s rugby sevens, the Aussies winning 22-14 to secure a perfect 3-0 record and top Group B. - [Matildas slump to heavy defeat in Olympic opener as Germany show class](https://www.newslocker.com/en-au/sport/sport-news-australia/matildas-slump-to-heavy-defeat-in-olympic-opener-as-germany-show-class/view/)World No 4 side begin Group B campaign with dominant 3-0 victoryAustralian frailties exposed by 2016 gold medallists in MarseilleThere was a moment midway through the second half of the Matildas’ Olympic opener that epitomised what was ultimately a listless, uncomposed performance, punctuated occasionally by moments of quality. Captain Steph Catley and Caitlin Foord combined in a flash of brilliance on the left flank to unlock the German midfield. Catley found herself released, striving fo - [Matildas handed brutal reality check in Olympics opener against heavyweights Germany](https://www.newslocker.com/en-au/sport/sport-news-australia/matildas-handed-brutal-reality-check-in-olympics-opener-against-heavyweights-germany/view/)The Matildas have suffered a brutal reality check in their bid for a first-ever Olympics medal, slumping to a 3-0 defeat to heavyweights Germany in the opening match of their Olympics campaign. - [Two weeks to save the Games – can Paris 2024 restore the dream factory? | Barney Ronay](https://www.newslocker.com/en-au/sport/sport-news-australia/two-weeks-to-save-the-games-can-paris-2024-restore-the-dream-factory-barney-ronay/view/)On Friday the Olympics swing into full action, but can the spectacle still drown the detail, cost, greed and waste?“We need to re-enthuse.” This was probably the closest Emmanuel Macron came to a tearful cri de cœur during his latest address on the eve of France’s Olympic Games. It is a reasonable enough statement in itself, although one that might be more accurate with the removal of the “re” part. Welcome to Paris 2024, the 33rd modern Olympic Games, and the - [The thrill of stumbling across a football match while away on holiday](https://www.newslocker.com/en-au/sport/sport-news-australia/the-thrill-of-stumbling-across-a-football-match-while-away-on-holiday/view/)Whether in Oslo, Reykjavik or an Anglesey caravan park, happening upon a game is always a happy accidentBy Mike Whalley for When Saturday ComesThe guidebook I had during a holiday in Oslo late last summer recommended the museum dedicated to sculptor Gustav Vigeland (portrayer of human struggle, recluse, twice divorced, hater of dogs, and alleged Nazi sympathiser, whose most well-known work took 14 years to complete and resembles a giant phallus). So off I went. But as I strolled through the neig - [Lando Norris says he’s not proud of ignoring McLaren team orders](https://www.newslocker.com/en-au/sport/sport-news-australia/lando-norris-says-hes-not-proud-of-ignoring-mclaren-team-orders/view/)British driver only let Piastri through after 17 laps in Budapest‘Could it have been handled differently? Yeah, absolutely’McLaren’s Lando Norris has admitted he did not handle the team orders controversy which marred the Hungarian Grand Prix last week well, admitting that he was not proud of himself and that he would behave differently if the situation arose again.In Budapest Norris ignored orders to allow teammate Oscar Piastri back into the lead after the British driver had - [Lando Norris says he is not proud of ignoring McLaren team orders](https://www.newslocker.com/en-au/sport/sport-news-australia/lando-norris-says-he-is-not-proud-of-ignoring-mclaren-team-orders/view/)Briton let Piastri through only after 17 laps in Hungary‘Could it have been handled differently? Yeah, absolutely’McLaren’s Lando Norris has admitted he did not handle the team orders controversy which marred the Hungarian Grand Prix last week well, admitting that he was not proud of himself and that he would behave differently if the situation arose again.In Budapest Norris ignored orders to allow teammate Oscar Piastri back into the lead after the British driver had gained th - [Celine Dion, Lady Gaga and 45,000 police officers ready for the greatest show on earth](https://www.newslocker.com/en-au/sport/sport-news-australia/celine-dion-lady-gaga-and-45000-police-officers-ready-for-the-greatest-show-on-earth/view/)City on high alert as security is beefed up ahead of what promises to be a spectacular opening ceremony … if it all goes to plan. - [The Matildas wanted a dream start to the Games. It was a 90-minute nightmare](https://www.newslocker.com/en-au/sport/sport-news-australia/the-matildas-wanted-a-dream-start-to-the-games-it-was-a-90-minute-nightmare/view/)Australia arrived in France with ambitions of a deep run into the Olympic tournament. Against Germany, it was the worst possible start. - [Germany 3-0 Australia: 2024 Paris Olympic Games women’s football – live reaction](https://www.newslocker.com/en-au/sport/sport-news-australia/germany-3-0-australia-2024-paris-olympic-games-womens-football-live-reaction/view/)Germany dominate Group B opener in MarseilleAny thoughts? Email or get in touch on X @rendellxMinutes from kick-off and the Marseille Stadium is surprisingly empty for such a blockbuster Olympic clash. The 67,000-capacity venue is the second largest stadium in France - and its vastness is showing, with only the lower-levels of the ground occupied, and even then with large patches of white seats. It is a disappointing turn-out for an encounter between two highly-ranked teams, and will be quite th - [How to stay across the Olympics on the ABC](https://www.newslocker.com/en-au/sport/sport-news-australia/how-to-stay-across-the-olympics-on-the-abc/view/)The next fortnight will be packed with sport and pageantry. Here's how to keep up with all the latest updates. - [Paris Olympics 2024 LIVE updates: Matildas lose 3-0 to Germany; men’s rugby 7s through to the quarters after Argentina scare](https://www.newslocker.com/en-au/sport/sport-news-australia/paris-olympics-2024-live-updates-matildas-lose-3-0-to-germany-mens-rugby-7s-through-to-the-quarters-after-argentina-scare/view/)Australia’s men’s rugby 7s side is through to the quarter-finals at Stade de France, as the Matildas play powerhouse Germany in their Olympics opener at Stade de Marseille. Follow live. - [Inside the Paris opening ceremony — the most spectacular and riskiest ever attempted](https://www.newslocker.com/en-au/sport/sport-news-australia/inside-the-paris-opening-ceremony-the-most-spectacular-and-riskiest-ever-attempted/view/)The opening ceremony for the 2024 Olympic Games, held almost entirely along Paris's River Seine, promises to be the most spectacular ever attempted — but it brings with it many complications and immeasurable risk. Follow [@newssportaus](https://twitter.com/newssportaus) on Twitter!",
    "highlightText": "",
    "highlightTitle": "",
    "highlightThreadTitle": "",
    "language": "english",
    "sentiment": "negative",
    "categories": [
        "Sport",
        "Crime, Law and Justice"
    ],
    "webz_reporter": false,
    "external_links": [
        "https://twitter.com/newssportaus)",
        "https://www.twitter.com/newssportaus)"
    ],
    "external_images": [],
    "entities": {
        "persons": [
            {
                "name": "paula radcliffe",
                "sentiment": "neutral"
            }
        ],
        "organizations": [
            {
                "name": "mercedes amg petronas videos",
                "sentiment": "none"
            },
            {
                "name": "mclaren videos",
                "sentiment": "none"
            },
            {
                "name": "apple",
                "sentiment": "none"
            }
        ],
        "locations": []
    },
    "rating": null,
    "crawled": "2024-07-26T00:17:37.466+03:00",
    "updated": "2024-07-26T00:17:37.466+03:00"
}