{
    "thread": {
        "uuid": "80a12283190b10271a5e683ba40a8f1e49a1fa9e",
        "url": "https://futbol.radioformula.com.mx/paris-2024/2024/07/25/paris-2024-tras-el-escandalo-de-argentina-vs-marruecos-asi-funciona-el-var-olimpico",
        "site_full": "futbol.radioformula.com.mx",
        "site": "radioformula.com.mx",
        "site_section": "https://futbol.radioformula.com.mx/arc/outboundfeeds/feed-rss",
        "site_categories": [
            "vehicles",
            "top_news"
        ],
        "section_title": "",
        "title": "París 2024: tras el escándalo de Argentina vs. Marruecos, así funciona el VAR olímpico",
        "title_full": "París 2024: tras el escándalo de Argentina vs. Marruecos, así funciona el VAR olímpico",
        "published": "2024-07-26T00:00:00.000+03:00",
        "replies_count": 0,
        "participants_count": 1,
        "site_type": "news",
        "country": "MX",
        "main_image": "https://futbol.radioformula.com.mx/resizer/v2/NUQ7KK5A3FH75OMZ4YJ4XRXM6I.png?auth=526a38dc3cc45e48b96085efbc172a7dcaa15bfd53803fec531e7992e93141d7&amp;smart=true&amp;width=1280&amp;height=720&amp;quality=70",
        "performance_score": 0,
        "domain_rank": 30560,
        "domain_rank_updated": "2024-07-23T13:08:24.000+03:00",
        "reach": null,
        "social": {
            "facebook": {
                "likes": 0,
                "comments": 0,
                "shares": 0
            },
            "gplus": {
                "shares": 0
            },
            "pinterest": {
                "shares": 0
            },
            "linkedin": {
                "shares": 0
            },
            "stumbledupon": {
                "shares": 0
            },
            "vk": {
                "shares": 0
            }
        }
    },
    "uuid": "80a12283190b10271a5e683ba40a8f1e49a1fa9e",
    "url": "https://futbol.radioformula.com.mx/paris-2024/2024/07/25/paris-2024-tras-el-escandalo-de-argentina-vs-marruecos-asi-funciona-el-var-olimpico",
    "ord_in_thread": 0,
    "parent_url": null,
    "author": "Valentino Diblasi",
    "published": "2024-07-26T00:00:00.000+03:00",
    "title": "París 2024: tras el escándalo de Argentina vs. Marruecos, así funciona el VAR olímpico",
    "text": "🔴🗣️ HICIERON ENOJAR AL CAPITÁN— Diario La Capital (@lacapital)\nLionel Messi publicó en su cuenta de Instagram una historia mostrando su descontento tras el triunfo de Marruecos sobre Argentina, luego de una \"insólita\" decisión de la organización y la revisión del VAR por parte del árbitro.\n[pic.twitter.com/zDJDjKeBJY] [July 24, 2024] [París 2024](/paris-2024/)\nParís 2024: tras el escándalo de Argentina vs. Marruecos, así funciona el VAR olímpico\nTodos los detalles sobre el polémico comienzo del futbol olímpico en Paris\nParis 2024 | El futbol olímpico empezó picante luego de la victoria de Marruecos ante Argentina | Foto: Olympic Games Paris 2024\nEscrito en París 2024 el\nEl VAR se ha consolidado como una parte esencial del fútbol moderno,\npese a sus enormes errores, como los de la Copa América. Este sistema de asistencia por video, con sus ventajas y desventajas, se ha convertido en un elemento estándar en cada gran evento internacional y también en las principales ligas nacionales alrededor del mundo.\nEn Paris 2024, la organización de la competencia recae en el Comité Olímpico Internacional (COI), tanto para el fútbol masculino como femenino. Por lo tanto, surge la interrogante:¿cómo funciona en los Juegos Olímpicos?\n¿Cómo salió Argentina vs Marruecos por la Sub 23? Resultados\n- En los Juegos Olímpicos de París 2024, el partido de Argentina vs Marruecos en fútbol masculino terminó con una sorprendente victoria para Marruecos. El marcador final fue 2-1 a favor del equipo marroquí.\n- La Selección Argentina cuenta con 3 mayores, el arquero Gerónimo Rulli, el capitán Nicolas Otamendi y el incansable Julián Álvarez.\n- Mientras que Marruecos llevó a su máxima figura y referente Achraf Hakimi.\nFormaciones y resumen del partido:\n- Selección Argentina: Gerónimo Rulli; Joaquín García, Marco Di Cesare, Nicolás Otamendi, Julio Soler; Thiago Almada, Cristian Medina, Santiago Hezze, Kevin Zenón; Julián Álvarez y Lucas Beltrán.\n- Selección de Marruecos: Munir; Hakimi, Boukamir, Rahimi, El Khannouss; El Ouhadi, Richardson, El Azzouzi; Akhomach, Targhalline, Ben Seghir.\nGoles:\n- El resultado final Fue por 2 a 2. Giuliano Simeone marcó el descuento de la Albiceleste y Cristian Medina, el volante de boca, puso el empate final, El próximo duelo de la Albiceleste será el sábado por la mañana frente a Irak. Rahimi marco los 2 goles para Marruecos en el debut.\n¿Qué pasó con marruecos y argentina?\n- El partido no estuvo exento de controversia, sobre el final del encuentro, luego del agónico de Cristian Medina, cayeron bombas de estruendo y un petardo cerca de los jugadores argentinos en el estadio Geoffroy-Guichard en Saint-etienne del lado de los hinchas africanos.\n- Antes del pitazo final, el árbitro del encuentro dio el partido suspendido con el marcador 2-2. Sin embargo, una hora después se reanudó con la revisión del VAR dando como anulado el gol de Argentina. El partido culmino 2 a 1 siendo victoria marroquí.\n- El resultado y las polémicas arbitrales generaron un intenso debate en los medios y entre los aficionados y hasta en figuras relevantes como Lionel Messi. El futbolista argentino compartió un posteo en su cuenta de Instagram donde puso la palabra “Insólito”, haciendo referencias a las decisiones arbitrales y el mal manejo de la seguridad en Paris.\n¿Hay VAR en el fútbol de los Juegos Olímpicos de Paris 2024?\n- El VAR (Video Assistant Referee) es una tecnología utilizada en el fútbol para asistir a los árbitros en la toma de decisiones críticas durante un partido. Su objetivo es corregir errores claros y obvios relacionados con cuatro situaciones específicas: goles, penales, tarjetas rojas directas.\n- La FIFA en 2016, incluyendo la Copa del Mundo de 2018 en Rusia. Luego del final escandaloso entre Argentina y Marruecos la discusión vuelve a aparecer ¿se utiliza el VAR en los partidos de fútbol de París 2024?\n- La respuesta es SI, los árbitros que supervisen los partidos de ambas ramas podrán recurrir a esta tecnología para resolver situaciones controvertidas.\n- Entre los encargados de operar el VAR estarán el argentino Héctor Paletta, el uruguayo Leodán González, el chileno Rodrigo Carvajal, el mexicano Guillermo Pacheco y el español Carlos del Cerro Grande.\nEl partido entre Marruecos y Argentina en los Juegos Olímpicos de París 2024 no solo destacó por su resultado inesperado, sino también por la controversia generada alrededor de las decisiones arbitrales y el uso del VAR. La efectividad en eventos de alto nivel debe ser estrictas, subrayando la necesidad de mejorar su aplicación para evitar futuros escándalos.",
    "highlightText": "",
    "highlightTitle": "",
    "highlightThreadTitle": "",
    "language": "spanish",
    "sentiment": "negative",
    "categories": [
        "Sport"
    ],
    "webz_reporter": false,
    "external_links": [],
    "external_images": [],
    "entities": {
        "persons": [],
        "organizations": [],
        "locations": []
    },
    "rating": null,
    "crawled": "2024-07-26T01:12:55.624+03:00",
    "updated": "2024-07-26T01:12:55.624+03:00"
}