{
    "thread": {
        "uuid": "1b11e58355532f53b7054f2143b3b921af3afbae",
        "url": "https://www.tuttomercatoweb.com/calcio-estero/il-bordeaux-e-fallito-giocatori-liberi-sul-mercato-la-societa-ripartira-dalla-terza-serie-1993865",
        "site_full": "www.tuttomercatoweb.com",
        "site": "tuttomercatoweb.com",
        "site_section": "https://tuttomercatoweb.com",
        "site_categories": [
            "world_soccer",
            "sports"
        ],
        "section_title": "TUTTO mercato WEB: notizie di calcio e calciomercato",
        "title": "Il Bordeaux è fallito: giocatori liberi sul mercato, la società ripartirà dalla terza serie - TUTTO mercato WEB",
        "title_full": "Il Bordeaux è fallito: giocatori liberi sul mercato, la società ripartirà dalla terza serie - TUTTO mercato WEB",
        "published": "2024-07-26T00:42:00.000+03:00",
        "replies_count": 0,
        "participants_count": 1,
        "site_type": "news",
        "country": "IT",
        "main_image": "https://tmw-storage.tcccdn.com/storage/tuttomercatoweb.com/img_notizie/thumb3/7e/7efa19942810005255ae973d6c5c7485-43543-oooz0000.jpeg",
        "performance_score": 0,
        "domain_rank": 27389,
        "domain_rank_updated": "2024-07-23T13:08:24.000+03:00",
        "reach": null,
        "social": {
            "facebook": {
                "likes": 0,
                "comments": 0,
                "shares": 0
            },
            "gplus": {
                "shares": 0
            },
            "pinterest": {
                "shares": 0
            },
            "linkedin": {
                "shares": 0
            },
            "stumbledupon": {
                "shares": 0
            },
            "vk": {
                "shares": 0
            }
        }
    },
    "uuid": "1b11e58355532f53b7054f2143b3b921af3afbae",
    "url": "https://www.tuttomercatoweb.com/calcio-estero/il-bordeaux-e-fallito-giocatori-liberi-sul-mercato-la-societa-ripartira-dalla-terza-serie-1993865",
    "ord_in_thread": 0,
    "parent_url": null,
    "author": "Paolo Lora Lamia",
    "published": "2024-07-26T00:42:00.000+03:00",
    "title": "Il Bordeaux è fallito: giocatori liberi sul mercato, la società ripartirà dalla terza serie - TUTTO mercato WEB",
    "text": "Il Bordeaux è fallito: giocatori liberi sul mercato, la società ripartirà dalla terza serie Giornata storica e tragica per il Bordeaux, club stato anche al vertice del calcio francese. Adesso il fallimento è ufficiale e i giocatori che erano sotto contratto sono tutti svincolati. Si ripartirà dalla terza serie, di seguito il comunicato ufficiale del club: \"Dopo la conferma della decisione del DNCG di retrocedere l'FC Girondins de Bordeaux in Nazionale 1, martedì il Club ha presentato istanza di fallimento presso il Tribunale di Commercio di Bordeaux, per avviare la necessaria ristrutturazione. Di conseguenza, il Tribunale di Commercio annuncia, immediatamente, l'apertura di una procedura che consentirà automaticamente di entrare automaticamente nello status professionale del club. Pertanto, viste le brevissime scadenze prima dell'inizio della stagione della Nazionale 1, il Club ha dovuto rinunciare a chiedere il mantenimento della qualifica professionale altrimenti avrebbe dovuto presentarsi nuovamente al DNCG con un budget non adeguato. corrispondono alla realtà futura del Club, che avrebbe potuto portare a pesanti sanzioni aggiuntive. Se prendi una decisione difficile, anticipi una conseguenza inevitabile del processo di ristrutturazione in corso. Se il centro di formazione avrà successo, il Club continuerà a promuovere i suoi giocatori. La questione della trasparenza non confronta la situazione attuale del calcio francese con quella che sarà la situazione reale del club senza il futuro e il futuro deve accettare di limitare le conseguenze sportive di questa situazione, avendo il club l'obiettivo di evolversi in Nazionale 1. lì la prossima stagione, per consentire, il più rapidamente possibile, il ritorno del Club, con finanze aggressive e rinnovata ambizione, ai massimi livelli\". COMMUNIQUÉ DU CLUB 🔵⚪️ Suite à la confirmation de la décision de la DNCG de reléguer le FC Girondins de Bordeaux en National 1, le Club a, ce mardi, déposé le bilan auprès du Tribunal de Commerce de Bordeaux, afin d’entamer la restructuration nécessaire. En conséquence, le… [pic.twitter.com/arDAXoIVFe] — FC Girondins de Bordeaux (@girondins) [July 25, 2024] [Editoriale di Marco Conterio La lezione di Corvino sul calciomercato riguarda anche i casi Chiesa, Osimhen, Abraham, Correa e non soltanto. Una sessione complicatissima per tutte le big](/editoriale/la-lezione-di-corvino-sul-calciomercato-riguarda-anche-i-casi-chiesa-osimhen-abraham-correa-e-non-soltanto-una-sessione-complicatissima-per-tutte-le-b-1993683) [4 La lezione di Corvino sul calciomercato riguarda anche i casi Chiesa, Osimhen, Abraham, Correa e non soltanto. Una sessione complicatissima per tutte le big](/editoriale/la-lezione-di-corvino-sul-calciomercato-riguarda-anche-i-casi-chiesa-osimhen-abraham-correa-e-non-soltanto-una-sessione-complicatissima-per-tutte-le-b-1993683) [11:05A Tutta C](https://www.tmwradio.com/diretta/) A Tutta C , Tutti i giorni dal lunedì al venerdì dalle 10 alle 11 e dalle 18 alle 19 un doppio approfondimento per raccontare la Lega Serie C. A Tutta C , Tutti i giorni dal lunedì al venerdì dalle 10 alle 11 e dalle 18 alle 19 un doppio approfondimento per raccontare la Lega Serie C. [Caldiero Terme, Fabio Brutti: \"Con l'Hellas già chiuse tre operazioni di mercato. Spero in un'altra\"](/serie-c/caldiero-terme-fabio-brutti-con-l-hellas-gia-chiuse-tre-operazioni-di-mercato-spero-in-un-altra-1993852) [Trento, Giorgio Zamuner: \"Base della squadra pronta e ultimata. Ma compenseremo le eventuali uscite\"](/serie-c/trento-giorgio-zamuner-base-della-squadra-pronta-e-ultimata-ma-compenseremo-le-eventuali-uscite-1993823)",
    "highlightText": "",
    "highlightTitle": "",
    "highlightThreadTitle": "",
    "language": "italian",
    "sentiment": "negative",
    "categories": [
        "Human Interest",
        "Economy, Business and Finance",
        "Sport"
    ],
    "webz_reporter": false,
    "external_links": [
        "https://www.tmwradio.com/diretta/)",
        "https://tmwradio.com/diretta/)"
    ],
    "external_images": [],
    "entities": {
        "persons": [],
        "organizations": [],
        "locations": []
    },
    "rating": null,
    "crawled": "2024-07-26T01:07:30.066+03:00",
    "updated": "2024-07-26T10:48:11.212+03:00"
}