{
    "thread": {
        "uuid": "594104806c6c900ebac36647a59189dbf61f5cde",
        "url": "https://www.larazon.es/deportes/laotraliga/ultimo-movimiento-julian-alvarez-pone-tiro-equipo-laliga_2024072566a2bdbab40b9c00018a1a9d.html",
        "site_full": "www.larazon.es",
        "site": "larazon.es",
        "site_section": "https://larazon.es",
        "site_categories": [
            "media",
            "top_news"
        ],
        "section_title": "LA RAZÓN: diario de noticias, actualidad de España y el mundo hoy",
        "title": "El último movimiento de Julián Álvarez le pone a tiro del Atlético de Madrid",
        "title_full": "El último movimiento de Julián Álvarez le pone a tiro del Atlético de Madrid",
        "published": "2024-07-26T00:03:00.000+03:00",
        "replies_count": 0,
        "participants_count": 1,
        "site_type": "news",
        "country": "ES",
        "main_image": "https://fotografias.larazon.es/clipping/cmsimages02/2024/07/25/64A851AF-B83A-4850-9386-2ED8337A2EC7/julian-alvarez-manchester-city_69.jpg?crop=1000,563,x0,y68&width=1280&height=720&optimize=low&format=jpg",
        "performance_score": 0,
        "domain_rank": 5221,
        "domain_rank_updated": "2024-07-23T13:08:24.000+03:00",
        "reach": null,
        "social": {
            "facebook": {
                "likes": 0,
                "comments": 0,
                "shares": 17
            },
            "gplus": {
                "shares": 0
            },
            "pinterest": {
                "shares": 0
            },
            "linkedin": {
                "shares": 0
            },
            "stumbledupon": {
                "shares": 0
            },
            "vk": {
                "shares": 0
            }
        }
    },
    "uuid": "594104806c6c900ebac36647a59189dbf61f5cde",
    "url": "https://www.larazon.es/deportes/laotraliga/ultimo-movimiento-julian-alvarez-pone-tiro-equipo-laliga_2024072566a2bdbab40b9c00018a1a9d.html",
    "ord_in_thread": 0,
    "parent_url": null,
    "author": "La Otra Liga",
    "published": "2024-07-26T00:03:00.000+03:00",
    "title": "El último movimiento de Julián Álvarez le pone a tiro del Atlético de Madrid",
    "text": "Fútbol El último movimiento de Julián Álvarez le pone a tiro de un equipo de LaLiga El Manchester City ha puesto precio a Julián Álvarez ante el interés del Atlético de Madrid Tras las salidas de [Álvaro Morata](https://www.larazon.es/deportes/laotraliga/hace-oficial-fichaje-alvaro-morata_20240719669a5b43ef89480001f75a57.html) y de Memphis Depay, el Atlético de Madrid está obligado a recomponer su delantera. Para ello quiere a [Artem Dovbyk](https://www.larazon.es/deportes/laotraliga/dinero-que-atletico-madrid-fichara-dovbyk-girona_20240723669ffeaa46f97200014ae83a.html) y sueña con fichar también a Julián Álvarez. Precisamente el argentino, cansado de jugar a la sombra de Erling Haaland, ha pedido al Manchester City salir, lo que le ha puesto a tiro del conjunto rojiblanco. Así lo asegura The Athletic, que señala que Julián Álvarez quiere poner rumbo a una ciudad con el clima más cálido que el de Manchester. El City, por su parte, le ha tasado en 60 millones de libras, aunque espera poder ingresar por él cerca de 77 incluyendo objetivos en su traspaso. Julián Álvarez, de 24 años, llegó al Manchester City en 2022 después de que el conjunto inglés pagase 21,4 millones de euros a River Plate por él. A las órdenes de Pep Guardiola, el internacional argentino ha disputado 54 partidos esta última temporada en los que ha anotado 19 goles y repartido 5 asistencias. Ahora, en busca de un mayor protagonismo, vería con buenos ojos recalar en el Atlético de Madrid y que Diego Simeone fuera su nuevo entrenador. El Atlético de Madrid no se lanzará a por Julián Álvarez hasta que no fiche a Dovbyk El Atlético de Madrid ha pasado de descartar el fichaje de Artem Dovbyk a volver a lanzarse a por él tras la salida de Álvaro Morata al [Milan](https://www.larazon.es/deportes/laotraliga/luka-romero-podria-abandonar-milan-volver-laliga_2024011765a844c0160b5e00013dfe1c.html). El pichichi de LaLiga EA Sports con 24 goles para el Girona en 36 partidos es el elegido para cubrir el hueco del internacional español. Como ya contamos en [LAOTRALIGA](https://www.larazon.es/deportes/laotraliga/atletico-madrid-alcanza-acuerdo-delantero-laliga_2024061166687395f4db1400011df9d8.html), Artem Dovbyk había dado el visto bueno a la propuesta del Atlético de Madrid días atrás y ahora habría hecho lo propio con el Girona, al que pagará 40 millones de euros, 20 menos de los que figuran en su cláusula de rescisión, por su fichaje.",
    "highlightText": "",
    "highlightTitle": "",
    "highlightThreadTitle": "",
    "language": "spanish",
    "sentiment": "negative",
    "categories": [
        "War, Conflict and Unrest",
        "Sport"
    ],
    "webz_reporter": false,
    "external_links": [],
    "external_images": [],
    "entities": {
        "persons": [],
        "organizations": [],
        "locations": []
    },
    "rating": null,
    "crawled": "2024-07-26T00:06:23.880+03:00",
    "updated": "2024-07-26T00:06:23.880+03:00"
}