{
    "thread": {
        "uuid": "9b587664ed14a780a61cb55f9c9318a1b62f01c7",
        "url": "https://www.terra.com.br/esportes/jogos-olimpicos/brasileiros-se-queixam-da-falta-de-carne-nas-refeicoes-da-vila-olimpica,822ea477b7d92c39a24ba0b9adf517f80e3jrsx2.html",
        "site_full": "www.terra.com.br",
        "site": "terra.com.br",
        "site_section": "https://terra.com.br/rss.xml",
        "site_categories": [
            "media",
            "top_news"
        ],
        "section_title": "Brasil",
        "title": "Brasileiros se queixam da falta de carne nas refeições da Vila Olímpica",
        "title_full": "Brasileiros se queixam da falta de carne nas refeições da Vila Olímpica",
        "published": "2024-07-25T03:00:00.000+03:00",
        "replies_count": 0,
        "participants_count": 1,
        "site_type": "news",
        "country": "BR",
        "main_image": "https://p2.trrsf.com/image/fget/cf/1200/630/middle/images.terra.com/2024/07/22/2024-07-22t111858z_938170723_rc2a09ag7j0g_rtrmadp_3_olympics-2024-bach-qxnsu15ytkrq.JPG",
        "performance_score": 0,
        "domain_rank": 3381,
        "domain_rank_updated": "2024-07-23T13:08:24.000+03:00",
        "reach": null,
        "social": {
            "facebook": {
                "likes": 0,
                "comments": 1,
                "shares": 1
            },
            "gplus": {
                "shares": 0
            },
            "pinterest": {
                "shares": 0
            },
            "linkedin": {
                "shares": 0
            },
            "stumbledupon": {
                "shares": 0
            },
            "vk": {
                "shares": 0
            }
        }
    },
    "uuid": "9b587664ed14a780a61cb55f9c9318a1b62f01c7",
    "url": "https://www.terra.com.br/esportes/jogos-olimpicos/brasileiros-se-queixam-da-falta-de-carne-nas-refeicoes-da-vila-olimpica,822ea477b7d92c39a24ba0b9adf517f80e3jrsx2.html",
    "ord_in_thread": 0,
    "parent_url": null,
    "author": "Redação Terra",
    "published": "2024-07-25T03:00:00.000+03:00",
    "title": "Brasileiros se queixam da falta de carne nas refeições da Vila Olímpica",
    "text": "A Proteína até chega, mas a reclamação é que acaba rápido, já que existe a demora na reposição Os atletas do Brasil, que disputam os Jogos Olímpicos de Paris , não estão satisfeitos com alimentação que vem sendo servida no refeitório da Vila Olímpica, em que ficam hospedados. E reclamam da falta de carne, segundo à Folha de São Paulo. Os esportistas destacam que a proteína até aparece, mas acaba rapidamente porque são servidos em pequenas quantidades e há uma demora excessiva na reposição, fazendo com que muitos desistam de esperar. Receba as principais notícias direto no WhatsApp! Inscreva-se no canal do Terra. O Comitê Olímpico Brasileiro (COB) já está ciente da situação, uma vez que os atletas já fizeram as suas queixas. O Comitê confirmou o problema e está tentando resolver tal situação com os organizadores. “Assim como outros Comitês Nacionais, o COB reportou a questão da restrição de proteína no refeitório da Vila e solicitou ajustes durante a reunião diária entre os Chefes de Missões e o Comitê Organizador Paris 2024”, escreveu. \"Enquanto aguarda resposta, o COB reforça a operação de alimentação e a oferta de proteína para os atletas brasileiros no refeitório montado na base do Time Brasil em Saint-Ouen-sur-Seine, próxima à Vila. Apresentamos, com isso, a grande procura das equipes nacionais aos serviços oferecidos em Saint-Ouen\", finaliza.",
    "highlightText": "",
    "highlightTitle": "",
    "highlightThreadTitle": "",
    "language": "portuguese",
    "sentiment": "negative",
    "categories": [
        "Human Interest",
        "Sport"
    ],
    "webz_reporter": false,
    "external_links": [
        "https://www.whatsapp.com/channel/0029VaDGPXE0rGiN2XvTl03k?utm_source=terra_artigo&utm_medium=cta&utm_campaign=whatsapp",
        "https://www.whatsapp.com/channel/0029VaDGPXE0rGiN2XvTl03k",
        "https://whatsapp.com/channel/0029VaDGPXE0rGiN2XvTl03k?utm_source=terra_artigo&utm_medium=cta&utm_campaign=whatsapp"
    ],
    "external_images": [],
    "entities": {
        "persons": [],
        "organizations": [],
        "locations": []
    },
    "rating": null,
    "crawled": "2024-07-26T00:15:46.661+03:00",
    "updated": "2024-07-26T00:15:46.661+03:00"
}