{
    "thread": {
        "uuid": "84f5d1191bba1c528d077f228ae68287e8062799",
        "url": "https://www.terra.com.br/esportes/cruzeiro/dono-do-cruzeiro-da-recado-duro-a-tecnico-escala-reforcos-ou-arrume-sua-mala,e14a020a81de02aec306cac4a25ec35epktmcbcd.html",
        "site_full": "www.terra.com.br",
        "site": "terra.com.br",
        "site_section": "https://terra.com.br/rss.xml",
        "site_categories": [
            "media",
            "top_news"
        ],
        "section_title": "Brasil",
        "title": "Dono do Cruzeiro dá recado duro a técnico: 'Escala reforços ou arrume sua mala'",
        "title_full": "Dono do Cruzeiro dá recado duro a técnico: 'Escala reforços ou arrume sua mala'",
        "published": "2024-07-25T03:00:00.000+03:00",
        "replies_count": 0,
        "participants_count": 1,
        "site_type": "news",
        "country": "BR",
        "main_image": "https://p2.trrsf.com/image/fget/cf/1200/630/middle/images.terra.com/2024/07/25/1163363949-cruzeiro-cruzeiro-pedro-lourenco-ronaldo-fenomeno-1717722552.jpeg",
        "performance_score": 0,
        "domain_rank": 3381,
        "domain_rank_updated": "2024-07-23T13:08:24.000+03:00",
        "reach": null,
        "social": {
            "facebook": {
                "likes": 0,
                "comments": 0,
                "shares": 14
            },
            "gplus": {
                "shares": 0
            },
            "pinterest": {
                "shares": 0
            },
            "linkedin": {
                "shares": 0
            },
            "stumbledupon": {
                "shares": 0
            },
            "vk": {
                "shares": 0
            }
        }
    },
    "uuid": "84f5d1191bba1c528d077f228ae68287e8062799",
    "url": "https://www.terra.com.br/esportes/cruzeiro/dono-do-cruzeiro-da-recado-duro-a-tecnico-escala-reforcos-ou-arrume-sua-mala,e14a020a81de02aec306cac4a25ec35epktmcbcd.html",
    "ord_in_thread": 0,
    "parent_url": null,
    "author": "Esporte News Mundo",
    "published": "2024-07-25T03:00:00.000+03:00",
    "title": "Dono do Cruzeiro dá recado duro a técnico: 'Escala reforços ou arrume sua mala'",
    "text": "Empresário nega ter pressionado Seabra nos áudios vazados. Pedro Lourenço, proprietário do Cruzeiro , foi flagrado em um áudio vazado nas redes sociais onde exige que Fernando Seabra utilize os reforços contratados nesta janela de transferências do meio do ano. O dono da SAF declarou: — Eu cheguei para o técnico (Fernando Seabra) e falei assim: 'Ou você escala os jogadores que contratou ou você pode arrumando a sua mala aí que não passa desse jogo não'. Falei com ele que se não precisasse desses jogadores eu não teria contratado e ficaria só com os que estão aqui. Aí eu dei uma dura nele do caramba — disse Pedro Lourenço. O áudio foi gravado antes da partida do Cruzeiro contra o Juventude , na noite de quarta-feira, no Mineirão. Seabra fez alterações na equipe, escalando três dos reforços contratados nesta janela: Kaio Jorge, Lautaro Diaz e Matheus Henrique foram titulares. No áudio de Pedro Lourenço, que circula em grupos de torcedores do Cruzeiro, ele antecipa a escalação que Seabra colocou em campo naquela noite. — Vai jogar hoje no ataque com o Lautaro, que é o argentino que veio, e o Kaio Jorge. O Matheus Henrique no meio, e o Walace vai ficar no banco porque ainda não está 100%. Mas vão jogar três dos contratados, vão sair de titular. Vamos ver o que vai dar — completou o empresário. O portal GE entrou em contato com Pedro Lourenço, buscando mais explicações sobre o áudio vazado. No entanto, o empresário negou ter pressionado o técnico para escalar os reforços como titulares. O Cruzeiro fez sete contratações nesta janela de meio de ano. Na partida desta quarta-feira, o time venceu o Juventude por 2 a 0, com gols de William e Dinenno.",
    "highlightText": "",
    "highlightTitle": "",
    "highlightThreadTitle": "",
    "language": "portuguese",
    "sentiment": "negative",
    "categories": [
        "Sport",
        "Crime, Law and Justice"
    ],
    "webz_reporter": false,
    "external_links": [],
    "external_images": [],
    "entities": {
        "persons": [],
        "organizations": [],
        "locations": []
    },
    "rating": null,
    "crawled": "2024-07-26T02:30:43.054+03:00",
    "updated": "2024-07-26T02:30:43.054+03:00"
}