{
    "thread": {
        "uuid": "c01b69a60f0be3023b232ddb0c0e5eb5d38f53c2",
        "url": "https://www.journaldemontreal.com/2024/07/25/controverse-du-drone-de-soccer-canada-nous-ne-sommes-pas-des-tricheuses-affirme-la-defenseure-quebecoise-vanessa-gilles",
        "site_full": "www.journaldemontreal.com",
        "site": "journaldemontreal.com",
        "site_section": "https://journaldequebec.com",
        "site_categories": [
            "media",
            "top_news"
        ],
        "section_title": "Accueil | Le Journal de Québec",
        "title": "Controverse du drone de Soccer Canada: «Nous ne sommes pas des tricheuses», affirme la défenseure québécoise Vanessa Gilles | JDM",
        "title_full": "Controverse du drone de Soccer Canada: «Nous ne sommes pas des tricheuses», affirme la défenseure québécoise Vanessa Gilles | JDM",
        "published": "2024-07-25T03:00:00.000+03:00",
        "replies_count": 0,
        "participants_count": 1,
        "site_type": "news",
        "country": "CA",
        "main_image": "https://m1.quebecormedia.com/emp/emp/35f4a200-22e3-11ef-a6b2-b138f0c5d5f6_ORIGINAL.jpg?impolicy=crop-resize&x=0&y=91&w=1200&h=675&width=1200",
        "performance_score": 0,
        "domain_rank": 8567,
        "domain_rank_updated": "2024-07-23T13:08:24.000+03:00",
        "reach": null,
        "social": {
            "facebook": {
                "likes": 0,
                "comments": 0,
                "shares": 0
            },
            "gplus": {
                "shares": 0
            },
            "pinterest": {
                "shares": 0
            },
            "linkedin": {
                "shares": 0
            },
            "stumbledupon": {
                "shares": 0
            },
            "vk": {
                "shares": 0
            }
        }
    },
    "uuid": "c01b69a60f0be3023b232ddb0c0e5eb5d38f53c2",
    "url": "https://www.journaldemontreal.com/2024/07/25/controverse-du-drone-de-soccer-canada-nous-ne-sommes-pas-des-tricheuses-affirme-la-defenseure-quebecoise-vanessa-gilles",
    "ord_in_thread": 0,
    "parent_url": null,
    "author": "Le Journal de Montréal",
    "published": "2024-07-25T03:00:00.000+03:00",
    "title": "Controverse du drone de Soccer Canada: «Nous ne sommes pas des tricheuses», affirme la défenseure québécoise Vanessa Gilles | JDM",
    "text": "«C'est quelque chose qui va nous suivre pendant longtemps. C'est décevant», déplore la native de Châteauguay AFP | La défenseuse du Canada Vanessa Gilles a défendu son équipe jeudi, au lendemain de la condamnation d'un membre de l'équipe à huit mois de prison avec sursis pour le survol par un drone d'une séance d'entraînement des Néo-Zélandaises. • À lire aussi: Canada–Nouvelle-Zélande: une victoire «aussi sale que la Seine» • À lire aussi: Espionnage à Soccer Canada: «Ça ne semble pas être la première fois» • À lire aussi: Espionnage par drone: le Comité olympique croit la version de l’entraîneuse-cheffe et estime que les sanctions imposées à l’équipe sont suffisantes \"Nous ne sommes pas des tricheuses\", a déclaré Vanessa Gilles à Saint-Étienne après le match gagné (2-1) contre la Nouvelle-Zélande pour le compte du tournoi olympique de football féminin (Gr.A). Le ressortissant canadien de 43 ans, \"jugé mercredi après-midi dans le cadre d'une audience de comparution sur reconnaissance préalable de culpabilité (CRPC), a accepté sa condamnation\", selon le parquet de Saint-Étienne. En parallèle, la commission de discipline de la Fifa a ouvert une procédure notamment contre l'équipe du Canada et la sélectionneuse. Le dossier sera soumis à l'examen de la commission de discipline dans les prochains jours, a détaillé la Fifa. La sélectionneuse du Canada Bev Priestman avait annoncé se retirer pour le match contre la Nouvelle-Zélande. Elle a été remplacée par Andy Spence. \"Honnêtement cela n'a pas été facile. Il y a eu beaucoup d'émotion, de frustration et d'humiliation car en tant que joueuse, cela ne reflète pas nos valeurs et ce que nous voulons représenter en tant que compétitrice aux JO\", a déclaré Gilles en zone mixte. \"Les Jeux, c'est la représentation du fair-play. Comme Canadienne, ce ne sont pas nos valeurs, notre pays. Nous ne sommes pas des tricheuses. Cela a été très dur mais en tant que joueuse nous avons su être soudées\", a poursuivi la joueuse qui évolue en club à Lyon et a été championne olympique avec le Canada en 2021 à Tokyo. \"C'est quelque chose qui va nous suivre pendant longtemps. C'est décevant. Mais c'est à nous de rester soudées et d'essayer de ne pas laisser les réseaux sociaux et les médias entrer dans notre bulle. Nous avons déjà su faire cela dans le passé\", a ajouté Vanessa Gilles.",
    "highlightText": "",
    "highlightTitle": "",
    "highlightThreadTitle": "",
    "language": "french",
    "sentiment": "negative",
    "categories": [
        "Social Issue",
        "Sport"
    ],
    "webz_reporter": false,
    "external_links": [
        "https://www.journaldequebec.com/2024/07/25/espionnage-a-soccer-canada-ca-ne-semble-pas-etre-la-premiere-fois",
        "https://www.journaldequebec.com/2024/07/25/canada-nouvelle-zelande--une-victoire-sur-fond-de-controverse",
        "https://www.journaldequebec.com/2024/07/24/le-comite-olympique-croit-la-version-de-lentraineure-chef-et-estime-que-les-sanctions-imposees-a-lequipe-sont-suffisantes",
        "https://journaldequebec.com/2024/07/25/espionnage-a-soccer-canada-ca-ne-semble-pas-etre-la-premiere-fois",
        "https://journaldequebec.com/2024/07/25/canada-nouvelle-zelande--une-victoire-sur-fond-de-controverse",
        "https://journaldequebec.com/2024/07/24/le-comite-olympique-croit-la-version-de-lentraineure-chef-et-estime-que-les-sanctions-imposees-a-lequipe-sont-suffisantes"
    ],
    "external_images": [],
    "entities": {
        "persons": [],
        "organizations": [],
        "locations": []
    },
    "rating": null,
    "crawled": "2024-07-26T00:32:53.364+03:00",
    "updated": "2024-07-26T00:32:53.364+03:00"
}