{
    "thread": {
        "uuid": "7ec527fd93367e7d098bf01b2ce89dbf9c8c907e",
        "url": "https://istoe.com.br/pintado-nao-perde-a-confianca-no-guarani-apesar-do-jejum-na-serie-b-nao-vamos-nos-entregar",
        "site_full": "istoe.com.br",
        "site": "istoe.com.br",
        "site_section": "http://www.brazil.shafaqna.com/rss.xml",
        "site_categories": [
            "under_construction",
            "top_news"
        ],
        "section_title": "Brasil Notícias (Leitor de Notícias) | ",
        "title": "Pintado não perde a confiança no Guarani apesar do jejum na Série B: ‘Não vamos nos entregar’",
        "title_full": "Pintado não perde a confiança no Guarani apesar do jejum na Série B: ‘Não vamos nos entregar’",
        "published": "2024-07-26T00:55:00.000+03:00",
        "replies_count": 0,
        "participants_count": 1,
        "site_type": "news",
        "country": "BR",
        "main_image": "https://istoe.com.br/wp-includes/images/media/default.svg",
        "performance_score": 0,
        "domain_rank": 17175,
        "domain_rank_updated": "2024-07-23T13:08:24.000+03:00",
        "reach": null,
        "social": {
            "facebook": {
                "likes": 0,
                "comments": 0,
                "shares": 0
            },
            "gplus": {
                "shares": 0
            },
            "pinterest": {
                "shares": 0
            },
            "linkedin": {
                "shares": 0
            },
            "stumbledupon": {
                "shares": 0
            },
            "vk": {
                "shares": 0
            }
        }
    },
    "uuid": "7ec527fd93367e7d098bf01b2ce89dbf9c8c907e",
    "url": "https://istoe.com.br/pintado-nao-perde-a-confianca-no-guarani-apesar-do-jejum-na-serie-b-nao-vamos-nos-entregar",
    "ord_in_thread": 0,
    "parent_url": null,
    "author": "@RevistaISTOE",
    "published": "2024-07-26T00:55:00.000+03:00",
    "title": "Pintado não perde a confiança no Guarani apesar do jejum na Série B: ‘Não vamos nos entregar’",
    "text": "25/07/2024 - 18:55\nA situação do Guarani segue complicada na Série B do Campeonato Brasileiro. Nesta quarta-feira, chegou a 13 jogos seguidos sem vitória, ao empatar com o Amazonas, por 1 a 1, fora de casa, em Manaus. Apesar da igualdade, o técnico Pintado disse que viu evolução na equipe bugrina neste duelo e afirmou que o clube irá lutar para se salvar desse rebaixamento até o fim.\n“Esse momento é um momento importante de somar pontos para nós. Não podemos esquecer que tem um caminho longo pela frente para pensar em recuperação, mas o que fica claro hoje é uma equipe que não se entrega. Não vai se entregar em momento nenhum. Isso é muito claro para nós”, disse o treinador.\nAtualmente, após 17 rodadas disputadas, o Guarani somou apenas oito pontos e amarga a lanterna da tabela da Série C. Está 11 pontos atrás da Chapecoense, primeiro time fora da zona de rebaixamento, que tem 19. De qualquer forma, Pintado aproveitou para reclamar do VAR no lance do gol de empate marcado por Sassá.\n“Eu não gosto de falar da arbitragem, mas a gente fica preocupado com os critérios que estão sendo para o Guarani de uma maneira diferente do que a gente aprende e ouve da arbitragem”, completou.\nAgora, o Guarani volta a campo no próximo domingo, quando faz um duelo direto contra o Brusque, no estádio Brinco de Ouro, às 20h, em Campinas. O rival também está na zona de rebaixamento.",
    "highlightText": "",
    "highlightTitle": "",
    "highlightThreadTitle": "",
    "language": "portuguese",
    "sentiment": "negative",
    "categories": [
        "Social Issue",
        "Human Interest",
        "Sport"
    ],
    "webz_reporter": false,
    "external_links": [],
    "external_images": [],
    "entities": {
        "persons": [],
        "organizations": [],
        "locations": []
    },
    "rating": null,
    "crawled": "2024-07-26T01:09:03.692+03:00",
    "updated": "2024-07-26T01:09:03.692+03:00"
}