{
    "thread": {
        "uuid": "3d653e1ccb6274622a822f0d00f88538e74ca4c2",
        "url": "https://www.newslocker.com/en-au/sport/sport-news-australia/officials-make-decision-on-swim-coach-after-un-australian-act-apology-live",
        "site_full": "www.newslocker.com",
        "site": "newslocker.com",
        "site_section": "https://www.newslocker.com/en-au",
        "site_categories": [
            "tennis",
            "sports"
        ],
        "section_title": "NewsLocker - News portal",
        "title": "Officials make decision on swim coach after ’un-Australian’ act, apology: LIVE - Sport news australia news - NewsLocker",
        "title_full": "Officials make decision on swim coach after ’un-Australian’ act, apology: LIVE - Sport news australia news - NewsLocker",
        "published": "2024-07-26T01:45:00.000+03:00",
        "replies_count": 0,
        "participants_count": 0,
        "site_type": "news",
        "country": "BY",
        "main_image": "https://img4.newslocker.com/2024/07/26/323918212_1200.jpg",
        "performance_score": 0,
        "domain_rank": 59294,
        "domain_rank_updated": "2024-07-23T13:08:43.000+03:00",
        "reach": null,
        "social": {
            "facebook": {
                "likes": 0,
                "comments": 0,
                "shares": 0
            },
            "gplus": {
                "shares": 0
            },
            "pinterest": {
                "shares": 0
            },
            "linkedin": {
                "shares": 0
            },
            "stumbledupon": {
                "shares": 0
            },
            "vk": {
                "shares": 0
            }
        }
    },
    "uuid": "3d653e1ccb6274622a822f0d00f88538e74ca4c2",
    "url": "https://www.newslocker.com/en-au/sport/sport-news-australia/officials-make-decision-on-swim-coach-after-un-australian-act-apology-live",
    "ord_in_thread": 0,
    "parent_url": null,
    "author": null,
    "published": "2024-07-26T01:45:00.000+03:00",
    "title": "Officials make decision on swim coach after ’un-Australian’ act, apology: LIVE - Sport news australia news - NewsLocker",
    "text": "[✗ Close categories](javascript:hideCategories();) [Animals](https://www.newslocker.com/en-au/news/animals/) [Apple](https://www.newslocker.com/en-au/news/apple/) [Apps & Smartphones](https://www.newslocker.com/en-au/news/apps-and-smartphones/) [Arts](https://www.newslocker.com/en-au/news/arts/) [Business](https://www.newslocker.com/en-au/news/business/) [Cars](https://www.newslocker.com/en-au/news/cars/) [Celebrities](https://www.newslocker.com/en-au/news/celebrities/) [Child Care](https://www.newslocker.com/en-au/news/child-care/) [Christianity](https://www.newslocker.com/en-au/news/christianity/) [Conspiracy theories](https://www.newslocker.com/en-au/news/conspiracy-theories/) [✗ Close categories](javascript:hideCategories();) [✗ Close categories](javascript:hideCategories();) [Formula 1 - McLaren Videos](https://www.newslocker.com/en-au/sport/formula-1-mclaren-videos/) [Formula 1 - Mercedes AMG Petronas Videos](https://www.newslocker.com/en-au/sport/formula-1-mercedes-amg-petronas-videos/) [Formula 1 - Sauber F1 Team Videos](https://www.newslocker.com/en-au/sport/formula-1-sauber-f1-team-videos/) [Formula 1 - Scuderia Ferrari Videos](https://www.newslocker.com/en-au/sport/formula-1-scuderia-ferrari-videos/) [Formula 1 - Scuderia Toro Rosso Videos](https://www.newslocker.com/en-au/sport/formula-1-scuderia-toro-rosso-videos/) [Formula 1 - Team Lotus Videos](https://www.newslocker.com/en-au/sport/formula-1-team-lotus-videos/) [✗ Close categories](javascript:hideCategories();) [✗ Close categories](javascript:hideCategories();) [Adelaide](https://www.newslocker.com/en-au/region/adelaide/) [Albany](https://www.newslocker.com/en-au/region/albany/) [Albury](https://www.newslocker.com/en-au/region/albury/) [Alice Springs](https://www.newslocker.com/en-au/region/alice-springs/) [Armidale](https://www.newslocker.com/en-au/region/armidale/) [Bacchus Marsh](https://www.newslocker.com/en-au/region/bacchus-marsh/) [Bairnsdale](https://www.newslocker.com/en-au/region/bairnsdale/) [Ballarat](https://www.newslocker.com/en-au/region/ballarat/) [Ballina](https://www.newslocker.com/en-au/region/ballina/) [Barwon Downs](https://www.newslocker.com/en-au/region/barwon-downs/) [Batemans Bay](https://www.newslocker.com/en-au/region/batemans-bay/) [Bathurst](https://www.newslocker.com/en-au/region/bathurst/) [Bendigo](https://www.newslocker.com/en-au/region/bendigo/) [Blaxland](https://www.newslocker.com/en-au/region/blaxland/) [Bongaree](https://www.newslocker.com/en-au/region/bongaree/) [Bowral](https://www.newslocker.com/en-au/region/bowral/) [Brisbane](https://www.newslocker.com/en-au/region/brisbane/) [Broken Hill](https://www.newslocker.com/en-au/region/broken-hill/) [Broome](https://www.newslocker.com/en-au/region/broome/) [Buderim](https://www.newslocker.com/en-au/region/buderim/) [Bunbury](https://www.newslocker.com/en-au/region/bunbury/) [Bundaberg](https://www.newslocker.com/en-au/region/bundaberg/) [Burnie](https://www.newslocker.com/en-au/region/burnie/) [Busselton](https://www.newslocker.com/en-au/region/busselton/) [Byron Bay](https://www.newslocker.com/en-au/region/byron-bay/) [Caboolture](https://www.newslocker.com/en-au/region/caboolture/) [Cairns](https://www.newslocker.com/en-au/region/cairns/) [Caloundra](https://www.newslocker.com/en-au/region/caloundra/) [Canberra](https://www.newslocker.com/en-au/region/canberra/) [Casino](https://www.newslocker.com/en-au/region/casino/) [Central Coast](https://www.newslocker.com/en-au/region/central-coast/) [Cessnock](https://www.newslocker.com/en-au/region/cessnock/) [Coffs Harbour](https://www.newslocker.com/en-au/region/coffs-harbour/) [Colac](https://www.newslocker.com/en-au/region/colac/) [Craigieburn](https://www.newslocker.com/en-au/region/craigieburn/) [Cranbourne](https://www.newslocker.com/en-au/region/cranbourne/) [Dalby](https://www.newslocker.com/en-au/region/dalby/) [Darwin](https://www.newslocker.com/en-au/region/darwin/) [Devonport](https://www.newslocker.com/en-au/region/devonport/) [Drouin](https://www.newslocker.com/en-au/region/drouin/) [Dubbo](https://www.newslocker.com/en-au/region/dubbo/) [Echuca](https://www.newslocker.com/en-au/region/echuca/) [Emerald](https://www.newslocker.com/en-au/region/emerald/) [Forbes](https://www.newslocker.com/en-au/region/forbes/) [Gawler](https://www.newslocker.com/en-au/region/gawler/) [Geelong](https://www.newslocker.com/en-au/region/geelong/) [Geraldton](https://www.newslocker.com/en-au/region/geraldton/) [Gladstone](https://www.newslocker.com/en-au/region/gladstone/) [Gold Coast](https://www.newslocker.com/en-au/region/gold-coast/) [Goulburn](https://www.newslocker.com/en-au/region/goulburn/) [Grafton](https://www.newslocker.com/en-au/region/grafton/) [Griffith](https://www.newslocker.com/en-au/region/griffith/) [Gympie](https://www.newslocker.com/en-au/region/gympie/) [Hamilton](https://www.newslocker.com/en-au/region/hamilton/) [Hervey Bay](https://www.newslocker.com/en-au/region/hervey-bay/) [Hobart](https://www.newslocker.com/en-au/region/hobart/) [Horsham](https://www.newslocker.com/en-au/region/horsham/) [Kalgoorlie](https://www.newslocker.com/en-au/region/kalgoorlie/) [Karratha](https://www.newslocker.com/en-au/region/karratha/) [Katoomba](https://www.newslocker.com/en-au/region/katoomba/) [Kawana](https://www.newslocker.com/en-au/region/kawana/) [Kempsey](https://www.newslocker.com/en-au/region/kempsey/) [Kiama](https://www.newslocker.com/en-au/region/kiama/) [Kingaroy](https://www.newslocker.com/en-au/region/kingaroy/) [Kingston](https://www.newslocker.com/en-au/region/kingston/) [Kwinana Town Centre](https://www.newslocker.com/en-au/region/kwinana-town-centre/) [Launceston](https://www.newslocker.com/en-au/region/launceston/) [Lismore](https://www.newslocker.com/en-au/region/lismore/) [Lithgow](https://www.newslocker.com/en-au/region/lithgow/) [Mackay](https://www.newslocker.com/en-au/region/mackay/) [Maitland](https://www.newslocker.com/en-au/region/maitland/) [Mandurah](https://www.newslocker.com/en-au/region/mandurah/) [Maroochydore](https://www.newslocker.com/en-au/region/maroochydore/) [Maryborough](https://www.newslocker.com/en-au/region/maryborough/) [Melbourne](https://www.newslocker.com/en-au/region/melbourne/) [Melton](https://www.newslocker.com/en-au/region/melton/) [Mildura](https://www.newslocker.com/en-au/region/mildura/) [Moe](https://www.newslocker.com/en-au/region/moe/) [Mornington](https://www.newslocker.com/en-au/region/mornington/) [Morwell](https://www.newslocker.com/en-au/region/morwell/) [Mount Eliza](https://www.newslocker.com/en-au/region/mount-eliza/) [Mount Gambier](https://www.newslocker.com/en-au/region/mount-gambier/) [Mount Isa](https://www.newslocker.com/en-au/region/mount-isa/) [Mount Martha](https://www.newslocker.com/en-au/region/mount-martha/) [Mudgee](https://www.newslocker.com/en-au/region/mudgee/) [Murray Bridge](https://www.newslocker.com/en-au/region/murray-bridge/) [Muswellbrook](https://www.newslocker.com/en-au/region/muswellbrook/) [Nambour](https://www.newslocker.com/en-au/region/nambour/) [Nerang](https://www.newslocker.com/en-au/region/nerang/) [Newcastle](https://www.newslocker.com/en-au/region/newcastle/) [Nowra](https://www.newslocker.com/en-au/region/nowra/) [Orange](https://www.newslocker.com/en-au/region/orange/) [Pakenham](https://www.newslocker.com/en-au/region/pakenham/) [Palmerston](https://www.newslocker.com/en-au/region/palmerston/) [Parkes](https://www.newslocker.com/en-au/region/parkes/) [Perth](https://www.newslocker.com/en-au/region/perth/) [Port Augusta](https://www.newslocker.com/en-au/region/port-augusta/) [Port Hedland](https://www.newslocker.com/en-au/region/port-hedland/) [Port Lincoln](https://www.newslocker.com/en-au/region/port-lincoln/) [Port Macquarie](https://www.newslocker.com/en-au/region/port-macquarie/) [Port Pirie](https://www.newslocker.com/en-au/region/port-pirie/) [Portland](https://www.newslocker.com/en-au/region/portland/) [Queanbeyan](https://www.newslocker.com/en-au/region/queanbeyan/) [Raymond Terrace](https://www.newslocker.com/en-au/region/raymond-terrace/) [Redcliffe](https://www.newslocker.com/en-au/region/redcliffe/) [Richmond](https://www.newslocker.com/en-au/region/richmond/) [Rockhampton](https://www.newslocker.com/en-au/region/rockhampton/) [Rockingham](https://www.newslocker.com/en-au/region/rockingham/) [Rosebud](https://www.newslocker.com/en-au/region/rosebud/) [Sale](https://www.newslocker.com/en-au/region/sale/) [Sawtell](https://www.newslocker.com/en-au/region/sawtell/) [Shepparton](https://www.newslocker.com/en-au/region/shepparton/) [Singleton](https://www.newslocker.com/en-au/region/singleton/) [Sunbury](https://www.newslocker.com/en-au/region/sunbury/) [Sunshine Coast](https://www.newslocker.com/en-au/region/sunshine-coast/) [Swan Hill](https://www.newslocker.com/en-au/region/swan-hill/) [Sydney](https://www.newslocker.com/en-au/region/sydney/) [Tamworth](https://www.newslocker.com/en-au/region/tamworth/) [Taree](https://www.newslocker.com/en-au/region/taree/) [Toowoomba](https://www.newslocker.com/en-au/region/toowoomba/) [Townsville](https://www.newslocker.com/en-au/region/townsville/) [Traralgon](https://www.newslocker.com/en-au/region/traralgon/) [Ulverstone](https://www.newslocker.com/en-au/region/ulverstone/) [Victor Harbor](https://www.newslocker.com/en-au/region/victor-harbor/) [Victoria Point](https://www.newslocker.com/en-au/region/victoria-point/) [Wagga Wagga](https://www.newslocker.com/en-au/region/wagga-wagga/) [Wangaratta](https://www.newslocker.com/en-au/region/wangaratta/) [Warragul](https://www.newslocker.com/en-au/region/warragul/) [Warrnambool](https://www.newslocker.com/en-au/region/warrnambool/) [Warwick](https://www.newslocker.com/en-au/region/warwick/) [Whyalla](https://www.newslocker.com/en-au/region/whyalla/) [Wodonga](https://www.newslocker.com/en-au/region/wodonga/) [Wollongong](https://www.newslocker.com/en-au/region/wollongong/) [✗ Close categories](javascript:hideCategories();) [✗ Close categories](javascript:hideCategories();) [✗ Close categories](javascript:hideCategories();) - [Officials make decision on swim coach after ’un-Australian’ act, apology: LIVE](https://www.newslocker.com/en-au/sport/sport-news-australia/officials-make-decision-on-swim-coach-after-un-australian-act-apology-live/view/)Embattled Australian team swim coach Michael Palfrey will stay in Paris after the Dolphins convinced head coach Rohan Taylor not to send him home. - [Paris Olympics 2024: Why Team USA is no lock to win gold in basketball, roster, who is playing for Team USA, NBA experience](https://www.newslocker.com/en-au/sport/sport-news-australia/paris-olympics-2024-why-team-usa-is-no-lock-to-win-gold-in-basketball-roster-who-is-playing-for-team-usa-nba-experience/view/)LeBron James. Steph Curry. Joel Embiid. Kevin Durant. - [Cate Campbell says call on swim coach was 'athlete led'](https://www.newslocker.com/en-au/sport/sport-news-australia/cate-campbell-says-call-on-swim-coach-was-athlete-led/view/)Former Aussie Olympic swimmer Cate Campbell discusses the decision to allow swimming coach Michael Palfrey to stay on at Paris 2024. © International Olympic Committee - [AOC boss weighs in on Aussie swimming coach saga](https://www.newslocker.com/en-au/sport/sport-news-australia/aoc-boss-weighs-in-on-aussie-swimming-coach-saga/view/)Australian Olympic Committee CEO Matt Carroll discusses the decision to allow swimming coach Michael Palfrey to stay on after he endorsed a South Korean athlete. © International Olympic Committee - [‘Question marks’: Manly concerns raised amid club’s purple patch as huge Roosters test looms](https://www.newslocker.com/en-au/sport/sport-news-australia/question-marks-manly-concerns-raised-amid-clubs-purple-patch-as-huge-roosters-test-looms/view/)Manly’s talented roster, and recent purple patch of form, has some believing Anthony Seibold’s side have an outside chance of winning the 2024 premiership, but not everyone is buying the hype. - [Matildas coach regretful over loss to Germany](https://www.newslocker.com/en-au/sport/sport-news-australia/matildas-coach-regretful-over-loss-to-germany/view/)Tony Gustavsson says the Matildas will need to play with more energy against Zambia on Monday. © International Olympic Committee - [‘I was taking a p***’: Dana White’s big reveal at wild UFC press conference in Manchester](https://www.newslocker.com/en-au/sport/sport-news-australia/i-was-taking-a-p-dana-whites-big-reveal-at-wild-ufc-press-conference-in-manchester/view/)Dana White has vowed to make a heavyweight blockbuster between Jon Jones and Tom Aspinall – while also gifting $100,000 – during a raucous UFC 304 press conference that saw stars booed, slang botched and a pair of main eventers almost get physical. - [Vic club’s bold play for Power star; forgotten Dog’s ‘heartbreaking’ reality — Trade Whispers](https://www.newslocker.com/en-au/sport/sport-news-australia/vic-clubs-bold-play-for-power-star-forgotten-dogs-heartbreaking-reality-trade-whispers/view/)The Demons have flagged strong interest in a gun All-Australian, despite being contracted interstate until the end of 2027. - [Swimming coach spared axe over helping Korean rival – months after he was told not to](https://www.newslocker.com/en-au/sport/sport-news-australia/swimming-coach-spared-axe-over-helping-korean-rival-months-after-he-was-told-not-to/view/)An email obtained by this masthead reveals that Australian coaches, including Michael Palfrey, were warned four months ago about links to foreign athletes. - [US rivalry reaches boiling point as Australian swimmers eye 68-year Olympic first in Paris](https://www.newslocker.com/en-au/sport/sport-news-australia/us-rivalry-reaches-boiling-point-as-australian-swimmers-eye-68-year-olympic-first-in-paris/view/)Australia will be hoping gold flows at the Paris La Défense Arena over the coming fortnight, with the nation’s Olympic success resting heavily on the Dolphins. - [Early Swanson double gives USWNT comfortable win over Zambia in Olympic opener](https://www.newslocker.com/en-au/sport/sport-news-australia/early-swanson-double-gives-uswnt-comfortable-win-over-zambia-in-olympic-opener/view/) [via](https://www.newslocker.com/en-au/sport/sport-news-australia/early-swanson-double-gives-uswnt-comfortable-win-over-zambia-in-olympic-opener/) [theguardian.com](https://www.theguardian.com/football/article/2024/jul/25/early-swanson-double-gives-uswnt-comfortable-win-over-zambia-in-olympic-opener)Group B: USA 3-0 ZambiaEmma Hayes wins first competitive match as US coachMallory Swanson scored a pair of goals just moments apart in the first half and the United States opened their Olympics campaign with a 3-0 victory Thursday night over Zambia, giving new coach Emma Hayes a win in her first major tournament with the team. Trinity Rodman also scored for the US, who are hoping to add a record fifth gold medal to their Olympic collection. Overmatched from the start, Zambia were reduced to 10 p - [What are the best snacks and sleep strategies to stay up late for the Olympics?](https://www.newslocker.com/en-au/sport/sport-news-australia/what-are-the-best-snacks-and-sleep-strategies-to-stay-up-late-for-the-olympics/view/)Australia's best athletes will test their strength, stamina, and endurance at the Olympics. So to, in a way, will those watching on from the couch in the dead of night. - [Aussies make decision on embattled swim coach after controversial remarks: LIVE](https://www.newslocker.com/en-au/sport/sport-news-australia/aussies-make-decision-on-embattled-swim-coach-after-controversial-remarks-live/view/)Embattled Australian team swim coach Michael Palfrey will stay in Paris after the Dolphins convinced head coach Rohan Taylor not to send him home. - [‘Lot of confusion’: Dons’ glaring issue laid bare... and it ‘needs to correct’ to save slipping season](https://www.newslocker.com/en-au/sport/sport-news-australia/lot-of-confusion-dons-glaring-issue-laid-bare-and-it-needs-to-correct-to-save-slipping-season/view/)An AFL analyst is “Essen-done” with the Bombers’ excuses, lamenting the club’s defensive structure as its finals credentials dip. - [As Australia secured its spot in the sevens semifinal, the boisterous French took aim at a pantomime villain](https://www.newslocker.com/en-au/sport/sport-news-australia/as-australia-secured-its-spot-in-the-sevens-semifinal-the-boisterous-french-took-aim-at-a-pantomime-villain/view/)The Olympic Games will not officially open for another 24 hours, but the party has well and truly started in Paris at the rugby sevens thanks to Antoine Dupont's majestic brilliance. - [Storm’s huge Munster admission; Souths receive positive Latrell update: NRL Late Mail](https://www.newslocker.com/en-au/sport/sport-news-australia/storms-huge-munster-admission-souths-receive-positive-latrell-update-nrl-late-mail/view/)Rabbitohs star Latrell Mitchell will reportedly avoid season-ending surgery and could be in line to return in three weeks’ time. - [Fitness, focusing on weaknesses pushing Aussie Moto3 rider Joel Kelso forwards](https://www.newslocker.com/en-au/sport/sport-news-australia/fitness-focusing-on-weaknesses-pushing-aussie-moto3-rider-joel-kelso-forwards/view/)Australian Moto3 rider Joel Kelso says a renewed focus on his off-season training and coming into a campaign injury-free have propelled him to his best season yet in the world motorcycle championship’s entry-level category. - ['Un-Australian' swimming coach to face consequences over Korea comments, but only after Paris Olympics](https://www.newslocker.com/en-au/sport/sport-news-australia/un-australian-swimming-coach-to-face-consequences-over-korea-comments-but-only-after-paris-olympics/view/)Swimming Australia head coach Rohan Taylor says coach Michael Palfrey will face \"consequences\" for his inflammatory comments when the Paris Games finish. - [‘Let down the fans’: Matildas coach apologises after loss to Germany in Olympic opener](https://www.newslocker.com/en-au/sport/sport-news-australia/let-down-the-fans-matildas-coach-apologises-after-loss-to-germany-in-olympic-opener/view/)Captain Steph Catley confessed the Matildas “need to be better” after starting their Olympic campaign with a 3-0 loss against heavyweights Germany on Friday morning AEST. - [Australia qualifies for men’s rugby sevens semi-finals after thumping victory over Team USA](https://www.newslocker.com/en-au/sport/sport-news-australia/australia-qualifies-for-mens-rugby-sevens-semi-finals-after-thumping-victory-over-team-usa/view/)Australia has qualified for the semi-finals of the men’s rugby sevens after a thumping 18-0 victory over the USA in front of 70,000 fans at Paris’ Stade de France on Friday morning. - [Aussies seal passage to medal rounds](https://www.newslocker.com/en-au/sport/sport-news-australia/aussies-seal-passage-to-medal-rounds/view/)Maurice Longbottom seals victory in Australia's quarter final clash with the USA. © International Olympic Committee - [NRL’s commentary pitch to Tom Brady revealed amid historic broadcasting development](https://www.newslocker.com/en-au/sport/sport-news-australia/nrls-commentary-pitch-to-tom-brady-revealed-amid-historic-broadcasting-development/view/)The NRL will reportedly attempt to lure NFL legend Tom Brady into the broadcasting booth for next season’s season opener in Las Vegas. - [Aussie men’s sevens team makes history before Olympics officially begin as medal shot awaits: LIVE](https://www.newslocker.com/en-au/sport/sport-news-australia/aussie-mens-sevens-team-makes-history-before-olympics-officially-begin-as-medal-shot-awaits-live/view/)Australia has qualified for the semi-finals of the men’s rugby sevens after a thumping 18-0 vitcory over the USA in front of 70,000 fans at Paris’ Stade de France on Friday morning. - [As it happened: Matildas lose 3-0 to Germany; Australia’s men’s rugby 7s advance to semi-finals](https://www.newslocker.com/en-au/sport/sport-news-australia/as-it-happened-matildas-lose-3-0-to-germany-australias-mens-rugby-7s-advance-to-semi-finals/view/)The Matildas’ Paris Olympics campaign has gotten off to the worst possible start with a 3-0 thrashing by Germany, as Australia’s men’s rugby 7s side advance to the semi-finals against Fiji. - [Antoine Dupont’s dream finish clinches France’s rugby sevens semi-final spot](https://www.newslocker.com/en-au/sport/sport-news-australia/antoine-duponts-dream-finish-clinches-frances-rugby-sevens-semi-final-spot/view/) [via](https://www.newslocker.com/en-au/sport/sport-news-australia/antoine-duponts-dream-finish-clinches-frances-rugby-sevens-semi-final-spot/) [theguardian.com](https://www.theguardian.com/sport/article/2024/jul/25/antoine-duponts-dream-finish-clinches-frances-rugby-sevens-semi-final-spot)Argentina 14 France 26South Africa, Fiji and Australia make up last-four lineupThere haven’t been many rugby sevens matches quite like the quarter-final between France and Argentina, haven’t, in all honesty, been many Olympic moments quite like it either. France won it 26-14, their last, match-winning, try, a spectacular solo tap-and-go scored by (who else but?) Antoine Dupont. But it wasn’t the action that made the occasion, good as it was, but the atmosphere around it. There - [Paula Radcliffe defends child rapist's inclusion in Olympics](https://www.newslocker.com/en-au/sport/sport-news-australia/paula-radcliffe-defends-child-rapists-inclusion-in-olympics/view/)BBC pundit Paula Radcliffe, who later apologised, told British radio station LBC that she wishedNetherlands beach volleyball player Steven van de Velde the \"best of luck\". - [Aussies end rugby sevens curse by qualifying for medal rounds; brutal Opals blow: Olympics LIVE](https://www.newslocker.com/en-au/sport/sport-news-australia/aussies-end-rugby-sevens-curse-by-qualifying-for-medal-rounds-brutal-opals-blow-olympics-live/view/)Australia has qualified for the semi-finals of the men’s rugby sevens after a thumping 18-0 vitcory over the USA in front of 70,000 fans at Paris’ Stade de France on Friday morning. - [‘Genuine chance’: Piastri says McLaren can beat Red Bull to teams title after historic result](https://www.newslocker.com/en-au/sport/sport-news-australia/genuine-chance-piastri-says-mclaren-can-beat-red-bull-to-teams-title-after-historic-result/view/)Oscar Piastri says McLaren is a “genuine chance” of beating Red Bull Racing to the constructors championship after leading a dominant one-two finish at the Hungarian Grand Prix. - [Bronte Campbell quizzed on sister Cate's US barbs](https://www.newslocker.com/en-au/sport/sport-news-australia/bronte-campbell-quizzed-on-sister-cates-us-barbs/view/)Australian swimming champion Bronte Campbell was prodded on the Australia-versus-US slanging match. © International Olympic Committee - [Paris Olympics 2024 LIVE updates: Matildas lose 3-0 to Germany; Australia’s men’s rugby 7s advance to semi-finals](https://www.newslocker.com/en-au/sport/sport-news-australia/paris-olympics-2024-live-updates-matildas-lose-3-0-to-germany-australias-mens-rugby-7s-advance-to-semi-finals/view/)The Matildas’ Paris Olympics campaign has gotten off to the worst possible start with a 3-0 thrashing by Germany, as Australia’s men’s rugby 7s side advance to the semi-finals against Fiji. Follow live. Follow [@newssportaus](https://twitter.com/newssportaus) on Twitter!",
    "highlightText": "",
    "highlightTitle": "",
    "highlightThreadTitle": "",
    "language": "english",
    "sentiment": "negative",
    "categories": [
        "Sport",
        "Crime, Law and Justice"
    ],
    "webz_reporter": false,
    "external_links": [
        "https://twitter.com/newssportaus)",
        "https://www.theguardian.com/football/article/2024/jul/25/early-swanson-double-gives-uswnt-comfortable-win-over-zambia-in-olympic-opener)Group",
        "https://www.theguardian.com/sport/article/2024/jul/25/antoine-duponts-dream-finish-clinches-frances-rugby-sevens-semi-final-spot)Argentina",
        "https://theguardian.com/sport/article/2024/jul/25/antoine-duponts-dream-finish-clinches-frances-rugby-sevens-semi-final-spot)Argentina",
        "https://theguardian.com/football/article/2024/jul/25/early-swanson-double-gives-uswnt-comfortable-win-over-zambia-in-olympic-opener)Group",
        "https://www.twitter.com/newssportaus)"
    ],
    "external_images": [],
    "entities": {
        "persons": [],
        "organizations": [
            {
                "name": "mercedes amg petronas videos",
                "sentiment": "none"
            },
            {
                "name": "mclaren videos",
                "sentiment": "none"
            },
            {
                "name": "apple",
                "sentiment": "none"
            }
        ],
        "locations": []
    },
    "rating": null,
    "crawled": "2024-07-26T02:12:40.573+03:00",
    "updated": "2024-07-26T02:12:40.573+03:00"
}