{
    "thread": {
        "uuid": "36119383abbb449687bf44a4c48ae307c68f731b",
        "url": "https://www.ole.com.ar/juegos-olimpicos/juegos-olimpicos-seleccion-argentina-futbol-aymen-hussein-irak-goleador-ano-2024_0_0nSRnvP0ev.html",
        "site_full": "www.ole.com.ar",
        "site": "ole.com.ar",
        "site_section": "https://www.ole.com.ar",
        "site_categories": [
            "sports"
        ],
        "section_title": "Diario deportivo OLÉ - Argentina",
        "title": "El máximo goleador mundial del 2024, la amenaza para la Selección Sub 23 contra Irak :: Olé - ole.com.ar",
        "title_full": "El máximo goleador mundial del 2024, la amenaza para la Selección Sub 23 contra Irak :: Olé - ole.com.ar",
        "published": "2024-07-25T23:18:00.000+03:00",
        "replies_count": 0,
        "participants_count": 1,
        "site_type": "news",
        "country": "AR",
        "main_image": "https://www.ole.com.ar/images/2024/07/25/xEZFuBG3s_1200x630__1.jpg",
        "performance_score": 0,
        "domain_rank": 22260,
        "domain_rank_updated": "2024-07-23T13:08:24.000+03:00",
        "reach": null,
        "social": {
            "facebook": {
                "likes": 0,
                "comments": 0,
                "shares": 0
            },
            "gplus": {
                "shares": 0
            },
            "pinterest": {
                "shares": 0
            },
            "linkedin": {
                "shares": 0
            },
            "stumbledupon": {
                "shares": 0
            },
            "vk": {
                "shares": 0
            }
        }
    },
    "uuid": "36119383abbb449687bf44a4c48ae307c68f731b",
    "url": "https://www.ole.com.ar/juegos-olimpicos/juegos-olimpicos-seleccion-argentina-futbol-aymen-hussein-irak-goleador-ano-2024_0_0nSRnvP0ev.html",
    "ord_in_thread": 0,
    "parent_url": null,
    "author": "Diario Deportivo Olé",
    "published": "2024-07-25T23:18:00.000+03:00",
    "title": "El máximo goleador mundial del 2024, la amenaza para la Selección Sub 23 contra Irak :: Olé - ole.com.ar",
    "text": "\"No es la primera historia de terrorismo para mi familia, y probablemente tampoco sea la última\". El intenso roce físico que pueda imponerle Nicolás Otamendi no será problema para él. Tampoco lo intimidará tener enfrente a cuatro campeones del mundo y tres recientes de Copa América. Para Aymen Hussein, el iraquí que es el máximo goleador mundial de este 2024 y enfrentará a la [Selección](https://www.ole.com.ar/tema/seleccion-argentina.html) este sábado a las 10 por la segunda fecha de los [Juegos Olímpicos](https://www.ole.com.ar/tema/juegos-olimpicos.html), lo peor ya pasó hace rato, más allá de que constantemente esté en estado de alerta: hace 10 años, tuvo que escapar de su casa en Kirkuk (una ciudad del Norte de su país) por un ataque del Estado Islámico en la zona. Él pudo salir ileso y, siendo un adolescente de 18, huyó a Bagdad, la capital, donde empezó a jugar en el Al-Naft. Sin embargo, no toda su familia corrió la misma suerte: su hermano, policía, fue secuestrado por los terroristas y desde entonces nada se sabe de él. \"Nadie sabe exactamente qué le pasó\", dijo en su momento Hussein, esperanzado con un encuentro que todavía no se dio. Su mamá y sus otros hermanos, por su parte, pudieron encontrar refugio en casa de otros familiares ahí mismo en Kirkuk, algo que les salvó la vida: la casa en la que todos habían crecido fue destruida producto de la ocupación de los kurdos en algunos territorios históricamente disputados. Cuando el centrodelantero que hoy tiene 28 años habla de que aquella no fue la \"primera historia de terrorismo\" sufrida, se refiere también a que su padre falleció en el 2008 en Bagdad producto de un ataque de Al Qaeda (además de adjudicarse atentados en países islámicos, son los responsables de lo sucedida en las Torres Gemelas en septiembre del 2001). La otra parte de su frase, enfocada en el futuro, se entiende por la actualidad que viven esos países: sobre todo en estos tiempos, hay máxima alerta por los movimientos terroristas. \"Si dejo el fútbol, nada cambia...\" Si bien todas estas fueron adversidades importantes para él, lejos estuvo de rendirse y continuó luchando para alcanzar su sueño de asentarse en el fútbol para ayudar a su familia y poder demostrar todas las capacidades dentro del área que hoy llaman la atención en los Juegos Olímpicos. \"Si dejo el fútbol, nada cambia. No podría recuperar nada de esas cosas. Le agradezco a Dios mi situación, yo tengo un muro a mi alrededor... Pero la mayoría de los iraquíes desplazados viven en carpas\", explicó en su momento. Claro, no pretendía desaprovechar la gran oportunidad que se le había abierto de más chico, cuando un entrenador lo vio jugando en una plaza, lo llevó a un club y le pidió que reemplazara a un jugador lesionado... Sí, de ahí a liderar la tabla de goleadores del año con 28 goles en 32 partidos (uno de ellos, a Ucrania, en la primera fecha de los JJ.OO), superando a cracks como Haaland y Mbappé y dejando en el tercer lugar a Miguel Borja (26). Aunque para que su apellido se hiciera conocido, primero tuvo que hacer un largo recorrido por clubes de su país (el mencionado Al-Naft, Duhok y Al-Shorta), para luego tener un breve paso por el fútbol tunecino (CS Sfaxien) y llegar a donde mostró su mejor versión: el Al Quwa Al Jawiya, que es el segundo más ganador de su país. Esos 22 goles determinantes para ganar la liga local en el 2021 le abrieron las puertas para poder hacer una diferencia económica en Qatar (Umm-Salal y Al-Markhiya) y Emiratos Árabes Unidos (Al Jazira, donde jugó Manu Lanzini en el 2014), pero en su cabeza siempre estaba la posibilidad de volver a su país, donde ya era ídolo por sus goles que clasificaron a Irak a los Juegos de Río 2016. Es por eso que para este 2024 pegó la vuelta al Al Quwa Al Jawiya, donde tuvo una explosión inesperada que se trasladó a la Copa Asiática y las Eliminatorias (sigue en competencia y es la gran esperanza iraquí para jugar el segundo Mundial de su historia). Desde este semestre, sus gritos se volverán a mudar a Qatar, con la camiseta del Al-Khor. Probablemente, Mascherano y compañía ya hayan tomado nota de este barbudo de 1,90 metro que tiene más de 3,5 millones de seguidores en Instagram. Su principal fuerte es el juego aéreo y el equipo iraquí depende en gran parte de lo lúcido que esté de cara al arco rival, dado que suelen desbordar para tirarle centros o buscar que pivotee (suelen poner tres ofensivos detrás suyo, aunque habrá que ver si cambian dado que vienen de ganar la primera fecha). Con una historia sufrida, ahora disfruta. Porque para Aymen Hussein, este tímido #9 iraquí que el sábado buscará ser aún más héroe de su país, es tiempo de hacer felices a los chicos que tuvieron una infancia como la suya...",
    "highlightText": "",
    "highlightTitle": "",
    "highlightThreadTitle": "",
    "language": "spanish",
    "sentiment": "negative",
    "categories": [
        "Human Interest",
        "War, Conflict and Unrest",
        "Sport"
    ],
    "webz_reporter": false,
    "external_links": [],
    "external_images": [],
    "entities": {
        "persons": [],
        "organizations": [],
        "locations": []
    },
    "rating": null,
    "crawled": "2024-07-26T00:10:06.658+03:00",
    "updated": "2024-07-26T04:17:57.511+03:00"
}