{
    "thread": {
        "uuid": "118dc06b4e221d08f480d6de095198d5d5980911",
        "url": "https://bolavip.com/futbol-peru/terremoto-en-peru-jorge-fossati-se-iria-por-conflicto-con-christian-cueva",
        "site_full": "bolavip.com",
        "site": "bolavip.com",
        "site_section": "https://bolavip.com/futbol-peru",
        "site_categories": [
            "world_soccer",
            "sports"
        ],
        "section_title": "Las Últimas Noticias del Fútbol de Perú están en Bolavip",
        "title": "Terremoto en Perú: Jorge Fossati se iría por conflicto con Christian Cueva - Bolavip",
        "title_full": "Terremoto en Perú: Jorge Fossati se iría por conflicto con Christian Cueva - Bolavip",
        "published": "2024-07-25T21:40:00.000+03:00",
        "replies_count": 0,
        "participants_count": 1,
        "site_type": "news",
        "country": "BR",
        "main_image": "https://ds-images.bolavip.com/news/image?src=https%3A%2F%2Fimages.bolavip.com%2Fjpg%2Ffull%2FBVP_20240725_BVP_169287_001-18.jpg&amp;width=1200&amp;height=740",
        "performance_score": 0,
        "domain_rank": 20487,
        "domain_rank_updated": "2024-07-23T13:08:24.000+03:00",
        "reach": null,
        "social": {
            "facebook": {
                "likes": 0,
                "comments": 0,
                "shares": 0
            },
            "gplus": {
                "shares": 0
            },
            "pinterest": {
                "shares": 0
            },
            "linkedin": {
                "shares": 0
            },
            "stumbledupon": {
                "shares": 0
            },
            "vk": {
                "shares": 0
            }
        }
    },
    "uuid": "118dc06b4e221d08f480d6de095198d5d5980911",
    "url": "https://bolavip.com/futbol-peru/terremoto-en-peru-jorge-fossati-se-iria-por-conflicto-con-christian-cueva",
    "ord_in_thread": 0,
    "parent_url": null,
    "author": "@acadillo",
    "published": "2024-07-25T21:40:00.000+03:00",
    "title": "Terremoto en Perú: Jorge Fossati se iría por conflicto con Christian Cueva - Bolavip",
    "text": "Selección Peruana Terremoto en Perú: Jorge Fossati se iría por conflicto con Christian Cueva Jorge Fossati tendría un fuerte conflicto con Christian Cueva, lo que precipitaría su salida al mando de Perú.\nChristian Cueva tiene dos ofertas del exterior gracias al representante de Jorge Fossati Alianza Lima sorprende cerrando contrato con polémico futbolista hasta final de año Por Aldo Cadillo\n25/07/2024 - 16:40hs EST\nwhatsapp\n25/07/2024 - 16:40hs EST\n© Composición Bolavip. Jorge Fossati, técnico de Perú, y Christian Cueva. Por Aldo Cadillo\nUna noticia ha causado impacto en el escenario deportivo nacional: Jorge Fossati dejaría de ser técnico de Perú por un conflicto con Christian Cueva . Si bien la situación tiene muchas aristas y puntos de vista, la información concreta es que el representante del entrenador le está buscando equipo a ‘Aladino’.\nAsí lo difundió el periodista Kevin Pacheco . Dando la primicia en RPP Deportes, el hombre de prensa divulgó que el representante de Jorge Fossati le está buscando opciones a Christian Cueva : “Cueva recibió el interés de dos clubes extranjeros: Águilas Doradas y OFI Creta. Ambas negociaciones vienen siendo lideradas por Pablo Bentancur, representante de Fossati”.\nHabiendo un probable conflicto de intereses, pues el técnico Jorge Fossati es el encargado de decidir si el volante Christian Cueva es o no convocado a Perú , Pablo Bentancur ingresa en la ecuación y sería el que estaría saliendo más beneficiado.\nRecordando que un conflicto de intereses es cuando una persona influye indebidamente sobre el desempeño de sus deberes, beneficiando a un tercero, muchas voces del periodismo han expresado que por esa razón Jorge Fossati decidió darle minutos a Christian Cueva en la Copa América 2024 .\n¿Jorge Fossati se iría de Perú por conflicto con Christian Cueva? Carlos Univazo fue uno de los periodistas que más cuestionó la situación con un mensaje sarcástico: “¿El representante de Fossati es ahora el mismo de Cueva? No lo sabíamos, pero estaba claro que era una cortesía útil para él y no para Perú. Entonces claro, se entiende, iba a jugar la Copa América 2024 así fuese en silla de ruedas”.\nChristian Cueva jugando para Perú. (Foto: IMAGO)\nOtro periodista que también comentó el tema en la red social X fue Eddie Fleischman . El hombre de prensa fue directo con su análisis: “Vaya, vaya ¿qué curioso no? Miren ustedes qué coincidencia más grande. Quien lo diría. ¿Explicará esto la razón para llevar a la Copa América 2024 a un jugador sin equipo y con inactividad de 8 meses?”.\nSerá cuestión de tiempo para ver qué sucede con esta delicada situación. Pues Jorge Fossati también podría explicar que trató de ayudar a Christian Cueva de esta manera. Solo el tiempo explicará la situación y verá un desenlace que no podría ser el mejor para uno de los involucrados.\nver también\nEn honor a Alianza Lima: El nuevo apodo de Kevin Serna tras debutar en el Fluminense vs. Palmeiras\nver también\nFatalidad: Alianza Lima perdería los millones que ganó con venta de Kevin Serna\n¿Hasta cuándo tiene contrato Jorge Fossati con Perú? Jorge Fossati tiene contrato con Perú hasta septiembre del 2025. Ganando 166 mil dólares en promedio, si el técnico cumple todo su contrato se llevará 3.5 millones de dólares en promedio.\n¿Cuánto gana Jorge Fossati? Jorge Fossati gana 2 millones de dólares anuales en Perú. Haciendo un cálculo de su sueldo, el técnico de Uruguay se lleva 166 mil dólares mensuales, en promedio\nEncuesta ¿Fossati debe dejar de convocar a Cueva? ¿Fossati debe dejar de convocar a Cueva?\nYA VOTARON 0 PERSONAS\nAldo Cadillo\nComunicador social especializado en periodismo deportivo, graduado en la U. San Ignacio Loyola de Perú. Tiene más de diez años en el mundo de la información, habiéndose desempeñado en medios como El Comercio de Perú (subeditor web), El Heraldo de México (redactor y consultor SEO) y Norte MKT de Brasil (corresponsal). Apasionado del fútbol, el boxeo, el cine y la Fórmula 1. Hoy en Bolavip cubriendo la actualidad del fútbol peruano e internacional.\nChristian Cueva Jorge Fossati Perú Selección Peruana\nwhatsapp\nLEE TAMBIÉN\nSelección Peruana Selección Peruana Christian Cueva tiene dos ofertas del exterior gracias al representante de Jorge Fossati",
    "highlightText": "",
    "highlightTitle": "",
    "highlightThreadTitle": "",
    "language": "spanish",
    "sentiment": "negative",
    "categories": [
        "Disaster and Accident",
        "Sport"
    ],
    "webz_reporter": false,
    "external_links": [
        "https://www.instagram.com/aldo_cadillo/",
        "https://www.linkedin.com/in/aldocadillo10/",
        "https://twitter.com/Aldo_Cadillo",
        "https://instagram.com/aldo_cadillo/",
        "https://www.linkedin.com/in/aldocadillo10",
        "https://linkedin.com/in/aldocadillo10/",
        "https://www.twitter.com/Aldo_Cadillo",
        "https://www.instagram.com/aldo_cadillo"
    ],
    "external_images": [],
    "entities": {
        "persons": [],
        "organizations": [],
        "locations": []
    },
    "rating": null,
    "crawled": "2024-07-26T00:42:22.122+03:00",
    "updated": "2024-07-26T00:42:22.122+03:00"
}