{
    "thread": {
        "uuid": "ddd5424fde8e3eccdbe2b3001742fdba0a2c0bf2",
        "url": "https://www.terra.com.br/esportes/palmeiras/palmeiras-fecha-turno-com-retrospecto-negativo-contra-os-cariocas,6051119e55aac7694e8b8b6352ea6d5atj0hpdkw.html",
        "site_full": "www.terra.com.br",
        "site": "terra.com.br",
        "site_section": "https://terra.com.br/rss.xml",
        "site_categories": [
            "media",
            "top_news"
        ],
        "section_title": "Brasil",
        "title": "Palmeiras fecha turno com retrospecto negativo contra os cariocas",
        "title_full": "Palmeiras fecha turno com retrospecto negativo contra os cariocas",
        "published": "2024-07-25T03:00:00.000+03:00",
        "replies_count": 0,
        "participants_count": 1,
        "site_type": "news",
        "country": "BR",
        "main_image": "https://p2.trrsf.com/image/fget/cf/1200/630/middle/images.terra.com/2024/07/25/2135244839-538797720691a67d9e32bceasy-resizecom-610x400.jpg",
        "performance_score": 0,
        "domain_rank": 3381,
        "domain_rank_updated": "2024-07-23T13:08:24.000+03:00",
        "reach": null,
        "social": {
            "facebook": {
                "likes": 0,
                "comments": 0,
                "shares": 12
            },
            "gplus": {
                "shares": 0
            },
            "pinterest": {
                "shares": 0
            },
            "linkedin": {
                "shares": 0
            },
            "stumbledupon": {
                "shares": 0
            },
            "vk": {
                "shares": 0
            }
        }
    },
    "uuid": "ddd5424fde8e3eccdbe2b3001742fdba0a2c0bf2",
    "url": "https://www.terra.com.br/esportes/palmeiras/palmeiras-fecha-turno-com-retrospecto-negativo-contra-os-cariocas,6051119e55aac7694e8b8b6352ea6d5atj0hpdkw.html",
    "ord_in_thread": 0,
    "parent_url": null,
    "author": "Redação Jogada10",
    "published": "2024-07-25T03:00:00.000+03:00",
    "title": "Palmeiras fecha turno com retrospecto negativo contra os cariocas",
    "text": "Palmeiras encontra dificuldade contra as equipes do Rio de Janeiro e deixa a sua torcida preocupada para a sequência da temporada Na noite da última quarta-feira (25), o Palmeiras encarou o Fluminense no Maracanã e acabou derrotado por 1 a 0. O placar negativo deixou a equipe de Abel Ferreira na terceira colocação, com 33 pontos e um sinal de alerta ligado para a sequência da temporada. Nos quatro jogos contra o futebol carioca na primeira parte do Campeonato Brasileiro, o Palmeiras venceu apenas o Vasco da Gama , que vivia um período de crise na época do confronto. Triunfo de 2 a 0 do Verdão. Atualmente, o Palmeiras encontra dificuldade contra os cariocas - Foto: Cesar Greco/Palmeiras/by Canon Quando o Alviverde mediu forças diante do Flamengo , Botafogo e Fluminense, a história foi bem diferente. Contra o Fla, dentro do Allianz Parque, futebol pobre e empate sem gols. Quando encarou Bota e Flu derrotas por 1 a 0 e sentimento de frustração. Para deixar a situação mais dramática com Abel Ferreira e cia, o Verdão terá um mês de agosto repleto de decisões. Além disso, seus adversários na Libertadores e Copa do Brasil serão Botafogo e Flamengo, respectivamente. Vale citar, que no Campeonato Brasileiro, onde a equipe ainda aparece entre os três melhores na classificação, os seus dois rivais pelo título, atualmente, são Botafogo e Flamengo. Sendo assim, para buscar taças no segundo semestre de 2024, o Palmeiras terá que melhorar e muito o seu desempenho contra os cariocas. Siga nosso conteúdo nas redes sociais: Twitter, Instagram e Facebook.",
    "highlightText": "",
    "highlightTitle": "",
    "highlightThreadTitle": "",
    "language": "portuguese",
    "sentiment": "negative",
    "categories": [
        "Sport"
    ],
    "webz_reporter": false,
    "external_links": [],
    "external_images": [],
    "entities": {
        "persons": [],
        "organizations": [],
        "locations": []
    },
    "rating": null,
    "crawled": "2024-07-26T01:34:07.405+03:00",
    "updated": "2024-07-26T01:34:07.405+03:00"
}