{
    "thread": {
        "uuid": "36a660a5ec435d6043a10d999342b84f68146162",
        "url": "https://www.record.com.mx/futbol-liga-mx-pumas/dorsal-maldito-el-10-le-ha-pesado-a-los-jugadores-de-pumas",
        "site_full": "www.record.com.mx",
        "site": "record.com.mx",
        "site_section": "https://record.com.mx",
        "site_categories": [
            "world_soccer",
            "sports"
        ],
        "section_title": "RÉCORD | El deporte nuestra pasión",
        "title": "¿Dorsal maldito? El '10' le ha pesado a los jugadores de Pumas",
        "title_full": "¿Dorsal maldito? El '10' le ha pesado a los jugadores de Pumas",
        "published": "2024-07-26T02:03:00.000+03:00",
        "replies_count": 0,
        "participants_count": 1,
        "site_type": "news",
        "country": "MX",
        "main_image": "https://www.record.com.mx/sites/default/files/articulos/2024/07/25/20240721_11530_1.jpg",
        "performance_score": 0,
        "domain_rank": 97377,
        "domain_rank_updated": "2024-07-23T13:08:50.000+03:00",
        "reach": null,
        "social": {
            "facebook": {
                "likes": 0,
                "comments": 0,
                "shares": 0
            },
            "gplus": {
                "shares": 0
            },
            "pinterest": {
                "shares": 0
            },
            "linkedin": {
                "shares": 0
            },
            "stumbledupon": {
                "shares": 0
            },
            "vk": {
                "shares": 0
            }
        }
    },
    "uuid": "36a660a5ec435d6043a10d999342b84f68146162",
    "url": "https://www.record.com.mx/futbol-liga-mx-pumas/dorsal-maldito-el-10-le-ha-pesado-a-los-jugadores-de-pumas",
    "ord_in_thread": 0,
    "parent_url": null,
    "author": "@record_mexico",
    "published": "2024-07-26T02:03:00.000+03:00",
    "title": "¿Dorsal maldito? El '10' le ha pesado a los jugadores de Pumas",
    "text": "¿Dorsal maldito? El '10' le ha pesado a los jugadores de Pumas Tener el dorsal ‘10’ es un privilegio para la mayoría de los jugadores, pero en [Pumas](https://www.record.com.mx/futbol-liga-mx-pumas-futbol-nacional/dura-baja-en-cu-leo-suarez-es-baja-de-pumas-por-rotura-de), portar este número se ha vuelto un martirio. El último caso es el de [Leo Suárez](https://www.record.com.mx/futbol-liga-mx-pumas/julio-gonzalez-sobre-baja-de-leo-suarez-es-un-jugador-importantisimo), quien apenas en su cuarto juego con el ‘10’ sufrió una rotura del ligamento cruzado anterior de la rodilla derecha, lesión que lo dejará fuera por el resto de 2024. Fuera de Leo, desde [Martín Bravo](https://www.record.com.mx/futbol-liga-mx-pumas/leo-suarez-se-pierde-la-leagues-cup-por-lesion-en-duda-el-resto-del-apertura), los universitarios han tenido a seis jugadores diferentes con el número 10, sin embargo, ninguno ha durado el tiempo que estuvo el argentino y tampoco han rendido como el equipo y la afición han esperado. A continuación, un recuento de los últimos jugadores de Pumas con dicho dorsal. Los jugadores de Pumas que no han triunfado con el dorsal 10 Después de la salida de Martín Bravo, Daniel Ludueña heredó el ‘10’ de Pumas, el cual portó durante dos años. Este mediocampista fue el menos criticado y el que más tiempo duró con ese número. Durante su estancia en Pumas, el ‘Hachita’ disputó 91 partidos, con un registro de 10 goles y 19 asistencias; además, llegó con el equipo a la Final del Apertura 2015 y jugó Copa Libertadores. Después, Abraham González tomó la responsabilidad de tener el ‘10’ de Pumas. A pesar de ser uno de los pilares en el mediocampo del equipo dirigido por Francisco Palencia, el mal paso del equipo no le permitió destacarse más y terminó sin dar alguna alegría al equipo. Luego del español, Ignacio Malcorra tomó el dorsal, lo cual generó controversia. Nacho Malcorra tuvo ese número por dos temporadas, pero su irregularidad en la cancha fue un factor importante para que la afición terminara por ‘correrlo’ del equipo. Y es que tras fallar un penalti contra Juárez en el Apertura 2019, la fanaticada auriazul no lo perdonó y lo abucheó el resto de su estancia. Luego de él, Andrés Iniestra portó dicho dorsal, pero la presencia de Juan Vigón lo obligó a buscar nuevos retos fuera de Ciudad Universitaria. Después de Iniestra, dos argentinos tomaron el ‘10’. Favio Álvarez y Eduardo Salvio fueron los últimos dos jugadores que portaron ese dorsal en Pumas. Sin embargo, ambos terminaron abucheados por la afición; a pesar de que ‘Toto’ Salvio llegó a portar el gafete de capitán, la hinchada auriazul le recriminó su ‘falta de actitud’ y terminó por irse del equipo de cara al Apertura 2024. [TAMBIÉN TE PUEDE INTERESAR: CRUZ AZUL YA TIENE UNA IDEA DE CUÁNDO ESTARÁ LISTO 'TORO' FERNÁNDEZ](https://www.record.com.mx/futbol-liga-mx-cruz-azul/cruz-azul-ya-tiene-una-idea-de-cuando-estara-listo-toro-fernandez)",
    "highlightText": "",
    "highlightTitle": "",
    "highlightThreadTitle": "",
    "language": "spanish",
    "sentiment": "negative",
    "categories": [
        "Sport"
    ],
    "webz_reporter": false,
    "external_links": [],
    "external_images": [],
    "entities": {
        "persons": [],
        "organizations": [],
        "locations": []
    },
    "rating": null,
    "crawled": "2024-07-26T02:10:34.749+03:00",
    "updated": "2024-08-09T06:22:05.873+03:00"
}