{
    "thread": {
        "uuid": "36714e377e4949e7a1339e7eed65dbda3d957610",
        "url": "https://www.unionesarda.it/lunione-in-edicola/italia-u19-niente-bis-in-finale-va-la-spagna-h1vqtcli",
        "site_full": "www.unionesarda.it",
        "site": "unionesarda.it",
        "site_section": "https://www.unionesarda.it/sitemaps/rss",
        "site_categories": [
            "media",
            "top_news"
        ],
        "section_title": "L'Unione Sarda.it",
        "title": "Italia U19, niente bis: in finale va la Spagna  - L'Unione Sarda.it",
        "title_full": "Italia U19, niente bis: in finale va la Spagna  - L'Unione Sarda.it",
        "published": "2024-07-26T00:20:00.000+03:00",
        "replies_count": 0,
        "participants_count": 1,
        "site_type": "news",
        "country": "IT",
        "main_image": "https://immagini.unionesarda.it/version/c:ODBmZmNiYzctMGM3MC00:N2EzY2FmZmYtNWQzMy00/image.webp?f=16:9",
        "performance_score": 0,
        "domain_rank": 18240,
        "domain_rank_updated": "2024-07-23T13:08:24.000+03:00",
        "reach": null,
        "social": {
            "facebook": {
                "likes": 0,
                "comments": 0,
                "shares": 0
            },
            "gplus": {
                "shares": 0
            },
            "pinterest": {
                "shares": 0
            },
            "linkedin": {
                "shares": 0
            },
            "stumbledupon": {
                "shares": 0
            },
            "vk": {
                "shares": 0
            }
        }
    },
    "uuid": "36714e377e4949e7a1339e7eed65dbda3d957610",
    "url": "https://www.unionesarda.it/lunione-in-edicola/italia-u19-niente-bis-in-finale-va-la-spagna-h1vqtcli",
    "ord_in_thread": 0,
    "parent_url": null,
    "author": "@UnioneSarda",
    "published": "2024-07-26T00:20:00.000+03:00",
    "title": "Italia U19, niente bis: in finale va la Spagna  - L'Unione Sarda.it",
    "text": "Termina in semifinale l’avventura dell’Italia U19 agli Europei in Irlanda del Nord. Gli azzurrini di Bernardo Corradi, campioni in carica, sono stati sconfitti ai supplementari dalla Spagna. Decisiva la rete di Fortuny al 100’ su assist di Julio Diaz. Eppure proprio i detentori del titolo hanno avuto le occasioni migliori.\nDopo un primo tempo bloccato, con l’unica opportunità per Pafundi al 15’ su punizione, a inizio ripresa l’Italia tiene il possesso e va vicina alla rete con Zeroli che, ricevuta la palla in piena area da Bartesaghi, manda fuori a porta quasi vuota. La Spagna esegue alcuni cambi (entra anche Fortuny) ma sono ancora gli azzurri ad andare al tiro con Maggio (parata di Raul Jimenez). Altra opportunità per Pafundi che però al 67’ non si rende pericoloso. Si va ai supplementari e subito Ebone non riesce a scavalcare con un pallonetto il portiere Jimenez, autore di un grave errore nel rinvio. Al 100’ il gol che decide la partita.\n«Abbiamo giocato bene e creato, avremmo meritato», il commento del ct Corradi, «abbiamo giocato una partita meravigliosa, con intensità, geometria e principi. Il calcio è anche questo: hai tante occasioni, non concretizzi e vieni punito. Dispiace per i ragazzi perché il sacrificio, la voglia e l’abnegazione sono state ai limiti della perfezione. Ho detto loro che sono orgoglioso». Gabriele Gravina, presidente Figc, ha detto di essere «comunque orgoglioso, in questa squadra c’è tanta qualità».\nRIPRODUZIONE RISERVATA\nQuesto contenuto è riservato agli utenti abbonati Per continuare a leggere abbonati o effettua l'accesso se sei già abbonato.\n• Accedi agli articoli premium\n• Sfoglia il quotidiano da tutti i dispositivi\nAbbonati subito Sei già abbonato? Accedi ora\nTermina in semifinale l’avventura dell’Italia U19 agli Europei in Irlanda del Nord. Gli azzurrini di Bernardo Corradi, campioni in carica, sono stati sconfitti ai supplementari dalla Spagna. Decisiva la rete di Fortuny al 100’ su assist di Julio Diaz. Eppure proprio i detentori del titolo hanno avuto le occasioni migliori.\nDopo un primo tempo bloccato, con l’unica opportunità per Pafundi al 15’ su punizione, a inizio ripresa l’Italia tiene il possesso e va vicina alla rete con Zeroli che, ricevuta la palla in piena area da Bartesaghi, manda fuori a porta quasi vuota. La Spagna esegue alcuni cambi (entra anche Fortuny) ma sono ancora gli azzurri ad andare al tiro con Maggio (parata di Raul Jimenez). Altra opportunità per Pafundi che però al 67’ non si rende pericoloso. Si va ai supplementari e subito Ebone non riesce a scavalcare con un pallonetto il portiere Jimenez, autore di un grave errore nel rinvio. Al 100’ il gol che decide la partita.\n«Abbiamo giocato bene e creato, avremmo meritato», il commento del ct Corradi, «abbiamo giocato una partita meravigliosa, con intensità, geometria e principi. Il calcio è anche questo: hai tante occasioni, non concretizzi e vieni punito. Dispiace per i ragazzi perché il sacrificio, la voglia e l’abnegazione sono state ai limiti della perfezione. Ho detto loro che sono orgoglioso». Gabriele Gravina, presidente Figc, ha detto di essere «comunque orgoglioso, in questa squadra c’è tanta qualità».\nRIPRODUZIONE RISERVATA\n© Riproduzione riservata",
    "highlightText": "",
    "highlightTitle": "",
    "highlightThreadTitle": "",
    "language": "italian",
    "sentiment": "negative",
    "categories": [
        "Sport"
    ],
    "webz_reporter": false,
    "external_links": [],
    "external_images": [],
    "entities": {
        "persons": [],
        "organizations": [],
        "locations": []
    },
    "rating": null,
    "crawled": "2024-07-26T01:53:35.446+03:00",
    "updated": "2024-07-26T01:53:35.446+03:00"
}