{
    "thread": {
        "uuid": "562cee66480b256cee7837a4b9e5f75f9634dc2d",
        "url": "https://www.lematin.ch/story/jo-2024-nadal-pas-sur-de-participer-au-tournoi-olympique-363565149133",
        "site_full": "www.lematin.ch",
        "site": "lematin.ch",
        "site_section": "https://www.lematin.ch/sports",
        "site_categories": [
            "media",
            "top_news"
        ],
        "section_title": "Sports: toute l&#x27;actualité et les résultats en direct - Le Matin",
        "title": "JO 2024: Nadal pas sûr de participer au tournoi olympique - lematin.ch",
        "title_full": "JO 2024: Nadal pas sûr de participer au tournoi olympique - lematin.ch",
        "published": "2024-07-25T23:13:00.000+03:00",
        "replies_count": 0,
        "participants_count": 1,
        "site_type": "news",
        "country": "CH",
        "main_image": "https://image.lematin.ch/2024/07/25/0acb936d-c2b6-4756-8234-d2339e9237ca.jpeg?auto=format%2Ccompress%2Cenhance&amp;fit=crop&amp;w=1200&amp;h=675&amp;rect=0%2C0%2C2048%2C1365&amp;fp-x=0.35107421875&amp;fp-y=0.43223443223443225&amp;crop=focalpoint&amp;s=de02ebdd8cc318cc5ae40bb08dc898cd",
        "performance_score": 0,
        "domain_rank": 14766,
        "domain_rank_updated": "2024-07-23T13:08:24.000+03:00",
        "reach": null,
        "social": {
            "facebook": {
                "likes": 0,
                "comments": 0,
                "shares": 0
            },
            "gplus": {
                "shares": 0
            },
            "pinterest": {
                "shares": 0
            },
            "linkedin": {
                "shares": 0
            },
            "stumbledupon": {
                "shares": 0
            },
            "vk": {
                "shares": 0
            }
        }
    },
    "uuid": "562cee66480b256cee7837a4b9e5f75f9634dc2d",
    "url": "https://www.lematin.ch/story/jo-2024-nadal-pas-sur-de-participer-au-tournoi-olympique-363565149133",
    "ord_in_thread": 0,
    "parent_url": null,
    "author": "AFP",
    "published": "2024-07-25T23:13:00.000+03:00",
    "title": "JO 2024: Nadal pas sûr de participer au tournoi olympique - lematin.ch",
    "text": "Rafael Nadal (38 ans) a eu un problème physique mercredi et n’est pas sûr de pouvoir participer au tournoi olympique qui commence samedi, a déclaré jeudi son entraîneur Carlos Moya.\n«Il a eu une douleur hier matin, l’après-midi il était gêné et avant que ça n’empire il a décidé d’arrêter», a dit Moya à la Radio nationale d’Espagne.\n«Je ne peux rien assurer, ni qu’il ne va pas jouer ni qu’il va jouer. Pour le moment il s’agit de se reposer et de se soigner. Toutes les douleurs que peut avoir Rafa en ce moment, il faut les prendre avec des pincettes et y aller avec précaution», a-t-il dit.\nIl veut jouer Nadal est resté au repos jeudi pour «ne pas forcer et se donner le temps de voir s’il récupère bien». «Nous verrons dans quel état il est demain (vendredi) et samedi», a ajouté Moya.\n«Il a très envie de jouer ces Jeux bien sûr, c’est une date marquée dans son calendrier depuis des années. C’est un compétiteur né et il veut jouer le simple et le double. Il a très envie de jouer le double avec Carlos Alcaraz. C’est la première fois qu’ils jouent ensemble et c’est historique pour le tennis espagnol», a dit Moya.\n(AFP)",
    "highlightText": "",
    "highlightTitle": "",
    "highlightThreadTitle": "",
    "language": "french",
    "sentiment": "negative",
    "categories": [
        "Human Interest",
        "Health",
        "Sport"
    ],
    "webz_reporter": false,
    "external_links": [],
    "external_images": [],
    "entities": {
        "persons": [],
        "organizations": [],
        "locations": []
    },
    "rating": null,
    "crawled": "2024-07-26T00:20:43.078+03:00",
    "updated": "2024-07-26T00:20:43.078+03:00"
}