{
    "thread": {
        "uuid": "da0cb395426e1a01f5e274d9f63224258dc1fbf1",
        "url": "https://www.informazione.it/n/BEF6847E-6B00-46C8-B132-03F7D5F2AEAA/Italia-U19-esce-in-semifinale-Spagna-vince-ai-supplementari",
        "site_full": "www.informazione.it",
        "site": "informazione.it",
        "site_section": "https://www.informazione.it",
        "site_categories": [
            "media"
        ],
        "section_title": "Prima Pagina - informazione.it",
        "title": "Italia U19 esce in semifinale: Spagna vince ai supplementari",
        "title_full": "Italia U19 esce in semifinale: Spagna vince ai supplementari",
        "published": "2024-07-25T23:41:00.000+03:00",
        "replies_count": 0,
        "participants_count": 1,
        "site_type": "news",
        "country": "IT",
        "main_image": "https://q3.informazione.it/pics/4cd20d47-80ee-4ae9-b5dc-a60f2985c816.jpg",
        "performance_score": 0,
        "domain_rank": 98809,
        "domain_rank_updated": "2024-07-23T13:08:50.000+03:00",
        "reach": null,
        "social": {
            "facebook": {
                "likes": 0,
                "comments": 0,
                "shares": 0
            },
            "gplus": {
                "shares": 0
            },
            "pinterest": {
                "shares": 0
            },
            "linkedin": {
                "shares": 0
            },
            "stumbledupon": {
                "shares": 0
            },
            "vk": {
                "shares": 0
            }
        }
    },
    "uuid": "da0cb395426e1a01f5e274d9f63224258dc1fbf1",
    "url": "https://www.informazione.it/n/BEF6847E-6B00-46C8-B132-03F7D5F2AEAA/Italia-U19-esce-in-semifinale-Spagna-vince-ai-supplementari",
    "ord_in_thread": 0,
    "parent_url": null,
    "author": "@infoitsport",
    "published": "2024-07-25T23:41:00.000+03:00",
    "title": "Italia U19 esce in semifinale: Spagna vince ai supplementari",
    "text": "[ ](/a/418E4B6B-1A9B-47E8-A4B9-1C6465FF20C8/Italia-U19-ko-ed-eliminazione-contro-la-Spagna-50-per-un-giovane-viola) [Leggi](https://www.violanews.com/altre-news/italia-u19-ko-ed-eliminazione-contro-la-spagna-50-per-un-giovane-viola/) L'Italia U19, allenata da Bernardo Corradi, ha subito una sconfitta in semifinale contro la Spagna nell'Europeo Under 19. La partita, disputata a Belfast, è stata decisa da un gol nei tempi supplementari, segnato da Pol Fortuny, un giocatore nato nel 2005. Dopo un pareggio a porte inviolate nei tempi regolamentari, la Spagna ha segnato al minuto 111. Il gol decisivo è stato segnato da Pol Fortuny, un giovane talento della classe 2005. Questo gol ha portato la Spagna a vincere la partita con un risultato di 1-0. Nonostante la sconfitta, i giocatori italiani hanno mostrato una buona prestazione. Jonas Harder, un giovane viola, è entrato in campo al 72' e ha giocato per 50 minuti tra tempi regolamentari e supplementari. Altri giocatori come Pafundi e Ebone hanno avuto ottime occasioni, ma non sono riusciti a segnare il gol decisivo. La sconfitta è stata un duro colpo per l'Italia, che non potrà difendere il titolo continentale conquistato lo scorso anno. Nonostante la sconfitta, l'Italia ha mostrato una buona prestazione, dominando spesso il campo e creando diverse occasioni da gol. Tuttavia, la fortuna non è stata dalla loro parte e la Spagna è riuscita a vincere la partita nei tempi supplementari. La sconfitta lascia un sapore amaro, ma i ragazzi di Corradi possono essere orgogliosi della loro prestazione.",
    "highlightText": "",
    "highlightTitle": "",
    "highlightThreadTitle": "",
    "language": "italian",
    "sentiment": "negative",
    "categories": [
        "Sport"
    ],
    "webz_reporter": false,
    "external_links": [
        "https://www.violanews.com/altre-news/italia-u19-ko-ed-eliminazione-contro-la-spagna-50-per-un-giovane-viola/)",
        "https://violanews.com/altre-news/italia-u19-ko-ed-eliminazione-contro-la-spagna-50-per-un-giovane-viola/)"
    ],
    "external_images": [],
    "entities": {
        "persons": [],
        "organizations": [],
        "locations": []
    },
    "rating": null,
    "crawled": "2024-07-26T01:55:52.319+03:00",
    "updated": "2024-07-26T01:55:52.319+03:00"
}