{
    "thread": {
        "uuid": "0c88eb3afdc0506d0277bb90541dc8c13278f3d9",
        "url": "https://cnnespanol.cnn.com/2023/12/28/departamento-justicia-ee-uu-demandar-texas-ley-inmigracion-trax/",
        "site_full": "cnnespanol.cnn.com",
        "site": "cnn.com",
        "site_section": "http://cnnespanol.cnn.com",
        "site_categories": [
            "media"
        ],
        "section_title": "Últimas noticias de Estados Unidos, Latinoamérica y el mundo, hoy | CNN en Español",
        "title": "Gobierno de Biden amenaza con demandar a Texas por su nueva ley de inmigración",
        "title_full": "Gobierno de Biden amenaza con demandar a Texas por su nueva ley de inmigración",
        "published": "2023-12-28T23:39:00.000+02:00",
        "replies_count": 0,
        "participants_count": 1,
        "site_type": "news",
        "country": "US",
        "main_image": "https://cnnespanol.cnn.com/wp-content/uploads/2023/12/departamento-justicia-ley-inmigracion-texas.jpg?quality=100&strip=info",
        "performance_score": 0,
        "domain_rank": 75,
        "domain_rank_updated": "2023-12-26T12:06:20.000+02:00",
        "reach": null,
        "social": {
            "facebook": {
                "likes": 25,
                "comments": 7,
                "shares": 1
            },
            "gplus": {
                "shares": 0
            },
            "pinterest": {
                "shares": 0
            },
            "linkedin": {
                "shares": 0
            },
            "stumbledupon": {
                "shares": 0
            },
            "vk": {
                "shares": 0
            }
        }
    },
    "uuid": "0c88eb3afdc0506d0277bb90541dc8c13278f3d9",
    "url": "https://cnnespanol.cnn.com/2023/12/28/departamento-justicia-ee-uu-demandar-texas-ley-inmigracion-trax/",
    "ord_in_thread": 0,
    "parent_url": null,
    "author": "Rocío Muñoz-Ledo",
    "published": "2023-12-28T23:39:00.000+02:00",
    "title": "Gobierno de Biden amenaza con demandar a Texas por su nueva ley de inmigración",
    "text": "[Inmigración](https://cnnespanol.cnn.com/category/inmigracion/) La nueva ley de inmigración de Texas \"viola la Constitución de EE.UU.\", advierte Gobierno de Biden (CNN) -- La nueva [ley de inmigración](https://cnnespanol.cnn.com/2023/12/18/ley-texas-abbott-migrantes-delito-estatal-trax/) en Texas, que otorga a las autoridades locales la facultad de arrestar a inmigrantes, “viola la Constitución de Estados Unidos”, advirtió este jueves el Departamento de Justicia en una dirigida carta al gobernador Greg Abbott. El departamento también amenaza con demandar la medida, a menos de que Abbott no la implemente. La carta, obtenida por CNN, marca la escalada más reciente entre el presidente Joe Biden y Abbott sobre la gestión de la frontera entre Estados Unidos y México. A principios de este mes, Abbott [promulgó una ley](https://cnnespanol.cnn.com/2023/12/18/ley-texas-abbott-migrantes-delito-estatal-trax/), conocida como SB4, que permite a las fuerzas locales detener a migrantes y a los jueces emitir órdenes para deportarlos de Estados Unidos. La Casa Blanca criticó la ley, al calificarla de \"increíblemente extrema\". Se espera que entre en vigor en marzo. El vicesecretario adjunto de Justicia, Brian Boynton, dijo en su carta a Abbott este jueves que “Estados Unidos tiene la intención de presentar una demanda para prohibir la aplicación de la SB 4 a menos que Texas acepte abstenerse de implementarla”. Si bien el gobierno federal está “comprometido a... asegurar la frontera”, escribió Boynton, la ley de Texas es “contraria a estos objetivos”. [¿Cómo es la nueva ley de Texas que penaliza la entrada irregular de migrantes al estado? Las claves de la polémica ley SB4](https://cnnespanol.cnn.com/2023/12/18/ley-sb4-texas-que-es-en-que-consiste-a-quienes-afecta-orix/) El actual aumento de migrantes que registra la frontera entre Estados Unidos y México ha ejercido una inmensa presión sobre los recursos locales y federales. La amenaza legal de este jueves sigue a una demanda del Departamento de Justicia contra Texas por el uso de barreras flotantes en el río Grande. Una batalla que sigue su curso en los tribunales. Hacer cumplir la ley de inmigración es una responsabilidad federal y los opositores a la medida de Texas argumentan que esta es inconstitucional. La nueva ley ha desatado oleadas de miedo en toda la comunidad latina de Texas, que representa el 40% de la población del estado. Grupos de derechos civiles, incluida la Unión Estadounidense de Libertades Civiles, presentaron una demanda para bloquear la medida. La amenaza del Departamento de Justicia de demandar se produce inmediatamente después de conversaciones de alto [nivel entre altos funcionarios estadounidenses y mexicanos esta semana.](https://cnnespanol.cnn.com/2023/12/28/amlo-acuerdo-mexico-eeuu-cruces-fronterizos-trax/) ¿Qué acordaron México y EE.UU. en su reunión sobre migración? El presidente de México, Andrés Manuel López Obrador, calificó el jueves de “muy buena” su reunión sobre inmigración con el secretario de Seguridad Nacional de EE.UU., Alejandro Mayorkas, el secretario de Estado, Antony Blinken, y otros funcionarios estadounidenses, y dijo que se había llegado a un acuerdo para reabrir los cruces fronterizos estadounidenses que habían sido cerrados temporalmente por la administración de Biden para redirigir al personal a procesar a los migrantes. “Cada vez hay más movimiento en las fronteras, en los puentes, y por eso tenemos que estar atentos para que no se cierren los cruces, se llegó a ese acuerdo”, dijo AMLO durante su conferencia de prensa diaria celebrada el jueves en la capital Ciudad de México. “En eso se avanzó”, añadió. En la reunión se acordó que en enero funcionarios mexicanos viajen a EE.UU. para continuar las discusiones sobre cómo frenar la afluencia de migración ilegal. En la declaración conjunta que emitieron México y EE.UU. tras la reunión, afirman que discutieron los “beneficios de regularizar la situación de los migrantes hispanos que se encuentran indocumentados desde hace varios años y beneficiarios de DACA”. El comunicado agrega que ambas naciones reafirmaron sus compromisos de fortalecer su colaboración para “abordar las causas profundas de la migración, como la pobreza, la desigualdad y la violencia, así como una iniciativa conjunta para cubanos, haitianos, nicaragüenses y venezolanos”.",
    "highlightText": "",
    "highlightTitle": "",
    "highlightThreadTitle": "",
    "language": "spanish",
    "sentiment": "negative",
    "categories": [
        "Politics",
        "Crime, Law and Justice",
        "Social Issue"
    ],
    "external_links": [],
    "external_images": [],
    "entities": {
        "persons": [],
        "organizations": [],
        "locations": []
    },
    "rating": null,
    "crawled": "2023-12-29T00:03:45.432+02:00",
    "updated": "2024-01-05T02:21:29.170+02:00"
}