{
    "thread": {
        "uuid": "2d7a9c7e2bdff75b1b9dd1b93b37c0480b4d433a",
        "url": "https://ground.news/article/lauren-boeberts-problems-will-haunt-her-in-new-district-like-beetlejuice-analysis",
        "site_full": "ground.news",
        "site": "ground.news",
        "site_section": "https://ground.news/interest/republican-party",
        "site_categories": [],
        "section_title": "Republican Party Breaking News Headlines Today | Ground News",
        "title": "Ground News - Lauren Boebert's problems will haunt her in new district like Beetlejuice: analysis",
        "title_full": "Ground News - Lauren Boebert's problems will haunt her in new district like Beetlejuice: analysis",
        "published": "2023-12-28T23:54:00.000+02:00",
        "replies_count": 0,
        "participants_count": 1,
        "site_type": "news",
        "country": "CA",
        "main_image": "https://web-api-cdn.ground.news/api/v04/images/story/5dbd8cae-936e-417f-9862-549d7616b648/webMetaImg?v=1",
        "performance_score": 0,
        "domain_rank": 29780,
        "domain_rank_updated": "2023-12-26T12:06:20.000+02:00",
        "reach": null,
        "social": {
            "facebook": {
                "likes": 0,
                "comments": 0,
                "shares": 0
            },
            "gplus": {
                "shares": 0
            },
            "pinterest": {
                "shares": 0
            },
            "linkedin": {
                "shares": 0
            },
            "stumbledupon": {
                "shares": 0
            },
            "vk": {
                "shares": 0
            }
        }
    },
    "uuid": "2d7a9c7e2bdff75b1b9dd1b93b37c0480b4d433a",
    "url": "https://ground.news/article/lauren-boeberts-problems-will-haunt-her-in-new-district-like-beetlejuice-analysis",
    "ord_in_thread": 0,
    "parent_url": null,
    "author": "Raw Story",
    "published": "2023-12-28T23:54:00.000+02:00",
    "title": "Ground News - Lauren Boebert's problems will haunt her in new district like Beetlejuice: analysis",
    "text": "Summary by Raw Story GOP Rep. Lauren Boebert 's decision to ditch her home district won't solve a problem likely to haunt the Colorado Republican like Beetlejuice, according to a new political analysis. The Independent's John Bowden argued on Thursday that the firebrand's flight to Colorado's District 4 — and away from... Share menu More\nFilters 1 Articles 1 Articles All Left Center Right\nRaw Story Left Mixed Factuality Independent: John K. Byrne Independent: Michael Rogers (Publisher) Lauren Boebert's problems will haunt her in new district like Beetlejuice: analysis GOP Rep. Lauren Boebert's decision to ditch her home district won't solve a problem likely to haunt the Colorado Republican like Beetlejuice, according to a new political analysis. The Independent's John Bowden argued on Thursday that the firebrand's flight to Colorado's District 4 — and away from...\n15 minutes ago · United States Read Full Article\nRaw Story Left Mixed Factuality Independent: John K. Byrne Independent: Michael Rogers (Publisher)\nLauren Boebert's problems will haunt her in new district like Beetlejuice: analysis GOP Rep. Lauren Boebert's decision to ditch her home district won't solve a problem likely to haunt the Colorado Republican like Beetlejuice, according to a new political analysis. The Independent's John Bowden argued on Thursday that the firebrand's flight to Colorado's District 4 — and away from...\n15 minutes ago · United States Read Full Article Think freely. Subscribe and get full access to Ground News Subscriptions start at $9.99/year Subscribe",
    "highlightText": "",
    "highlightTitle": "",
    "highlightThreadTitle": "",
    "language": "english",
    "sentiment": "negative",
    "categories": [
        "Politics"
    ],
    "external_links": [
        "https://www.rawstory.com/lauren-boebert-beetlejuice-2666820803/?utm_source=ground.news&utm_medium=referral",
        "https://www.rawstory.com/lauren-boebert-beetlejuice-2666820803/",
        "https://rawstory.com/lauren-boebert-beetlejuice-2666820803/?utm_source=ground.news&utm_medium=referral"
    ],
    "external_images": [],
    "entities": {
        "persons": [
            {
                "name": "lauren boebert",
                "sentiment": "negative"
            },
            {
                "name": "john k. byrne",
                "sentiment": "none"
            },
            {
                "name": "john bowden",
                "sentiment": "none"
            },
            {
                "name": "michael rogers",
                "sentiment": "none"
            },
            {
                "name": "beetlejuice",
                "sentiment": "none"
            }
        ],
        "organizations": [
            {
                "name": "raw story gop",
                "sentiment": "negative"
            },
            {
                "name": "gop",
                "sentiment": "none"
            }
        ],
        "locations": [
            {
                "name": "united states",
                "sentiment": "none"
            },
            {
                "name": "colorado",
                "sentiment": "none"
            }
        ]
    },
    "rating": null,
    "crawled": "2023-12-29T00:09:55.859+02:00",
    "updated": "2023-12-29T00:09:55.859+02:00"
}