{
    "thread": {
        "uuid": "5a3b5f3e03022ac3bbb81e4198ea709252d90bc3",
        "url": "https://ground.news/article/exclusive-recordings-emails-show-how-trump-team-flew-fake-elector-ballots-to-dc-in-final-push-to-overturn-2020-election",
        "site_full": "ground.news",
        "site": "ground.news",
        "site_section": "https://ground.news/interest/donald-trump",
        "site_categories": [],
        "section_title": "Donald Trump Breaking News Headlines Today | Ground News",
        "title": "Ground News - Trump Campaign Flew Fake Elector Ballots to D.C.",
        "title_full": "Ground News - Trump Campaign Flew Fake Elector Ballots to D.C.",
        "published": "2023-12-28T23:00:00.000+02:00",
        "replies_count": 0,
        "participants_count": 1,
        "site_type": "news",
        "country": "CA",
        "main_image": "https://web-api-cdn.ground.news/api/v04/images/story/61aa727f-aaa2-4a8a-9a13-7d358a73fa8c/webMetaImg?v=1",
        "performance_score": 0,
        "domain_rank": 29780,
        "domain_rank_updated": "2023-12-26T12:06:20.000+02:00",
        "reach": null,
        "social": {
            "facebook": {
                "likes": 0,
                "comments": 0,
                "shares": 0
            },
            "gplus": {
                "shares": 0
            },
            "pinterest": {
                "shares": 0
            },
            "linkedin": {
                "shares": 0
            },
            "stumbledupon": {
                "shares": 0
            },
            "vk": {
                "shares": 0
            }
        }
    },
    "uuid": "5a3b5f3e03022ac3bbb81e4198ea709252d90bc3",
    "url": "https://ground.news/article/exclusive-recordings-emails-show-how-trump-team-flew-fake-elector-ballots-to-dc-in-final-push-to-overturn-2020-election",
    "ord_in_thread": 0,
    "parent_url": null,
    "author": "Ground News",
    "published": "2023-12-28T23:00:00.000+02:00",
    "title": "Ground News - Trump Campaign Flew Fake Elector Ballots to D.C.",
    "text": "Summary by Ground News New details provide a behind-the-scenes glimpse of the chaotic last-minute effort to keep Donald Trump in office. The fake electors scheme features prominently in special counsel Jack Smith's criminal indictment against the former president. The emails and recordings also indicate that a top Trump campaign lawyer was part of discussions about delivering the fake elector certificates to Pence. Share menu More\nFilters 3 Articles 3 Articles All Left Center Right\nCNN Lean Left High Factuality Media Conglomerate: Warner Bros. Discovery Exclusive: Recordings, emails show how Trump team flew fake elector ballots to DC in final push to overturn 2020 election Two days before the January 6 insurrection, the Trump campaign’s plan to use fake electors to block President-elect Joe Biden from taking office faced a potentially crippling hiccup: The fake elector certificates from two critical battleground states were stuck in the mail.\n1 hour ago · Atlanta, United States Read Full Article\nCNN Lean Left High Factuality Media Conglomerate: Warner Bros. Discovery\nExclusive: Recordings, emails show how Trump team flew fake elector ballots to DC in final push to overturn 2020 election Two days before the January 6 insurrection, the Trump campaign’s plan to use fake electors to block President-elect Joe Biden from taking office faced a potentially crippling hiccup: The fake elector certificates from two critical battleground states were stuck in the mail.\n1 hour ago · Atlanta, United States Read Full Article Raw Story Left Mixed Factuality Independent: John K. Byrne Independent: Michael Rogers (Publisher) Revealed: How Trump team reportedly flew fake elector ballots to D.C. to overturn election A new report purports to show the inner workings of Donald Trump's campaign as it sought to fly fake elector ballots to D.C. in a \"final push\" to overturn the 2020 election.The CNN exclusive report ties together texts, emails, and other research to show what happened two days before the Jan. 6, 2021...\n49 minutes ago · United States Read Full Article\nRaw Story Left Mixed Factuality Independent: John K. Byrne Independent: Michael Rogers (Publisher)\nRevealed: How Trump team reportedly flew fake elector ballots to D.C. to overturn election A new report purports to show the inner workings of Donald Trump's campaign as it sought to fly fake elector ballots to D.C. in a \"final push\" to overturn the 2020 election.The CNN exclusive report ties together texts, emails, and other research to show what happened two days before the Jan. 6, 2021...\n49 minutes ago · United States Read Full Article Political Wire Center High Factuality Independent: Goddard Media LLC Trump Campaign Flew Fake Elector Ballots to D.C. “Two days before the January 6 insurrection, the Trump campaign’s plan to use fake electors to block President-elect Joe Biden from taking office faced a potentially crippling hiccup: The fake elector certificates from two critical battleground states were stuck in the mail,” CNN reports. “So, Trump campaign operatives scrambled to fly copies of the phony certificates from Michigan and Wisconsin to the nation’s capital, relying on a haphazard ch…\n13 minutes ago · New York, United States Read Full Article\nPolitical Wire Center High Factuality Independent: Goddard Media LLC\nTrump Campaign Flew Fake Elector Ballots to D.C. “Two days before the January 6 insurrection, the Trump campaign’s plan to use fake electors to block President-elect Joe Biden from taking office faced a potentially crippling hiccup: The fake elector certificates from two critical battleground states were stuck in the mail,” CNN reports. “So, Trump campaign operatives scrambled to fly copies of the phony certificates from Michigan and Wisconsin to the nation’s capital, relying on a haphazard ch…\n13 minutes ago · New York, United States Read Full Article Think freely. Subscribe and get full access to Ground News Subscriptions start at $9.99/year Subscribe",
    "highlightText": "",
    "highlightTitle": "",
    "highlightThreadTitle": "",
    "language": "english",
    "sentiment": "negative",
    "categories": [
        "Crime, Law and Justice",
        "Politics",
        "Social Issue"
    ],
    "external_links": [
        "https://www.cnn.com/2023/12/28/politics/recordings-trump-team-fake-elector-ballots/index.html?utm_source=ground.news&utm_medium=referral",
        "https://www.rawstory.com/trump-fake-elector-couriers-revealed-cnn/?utm_source=ground.news&utm_medium=referral",
        "https://politicalwire.com/2023/12/28/trump-campaign-flew-fake-elector-ballots-to-d-c/?utm_source=ground.news&utm_medium=referral",
        "https://politicalwire.com/2023/12/28/trump-campaign-flew-fake-elector-ballots-to-d-c/",
        "https://www.rawstory.com/trump-fake-elector-couriers-revealed-cnn/",
        "https://www.politicalwire.com/2023/12/28/trump-campaign-flew-fake-elector-ballots-to-d-c/?utm_source=ground.news&utm_medium=referral",
        "https://rawstory.com/trump-fake-elector-couriers-revealed-cnn/?utm_source=ground.news&utm_medium=referral",
        "https://cnn.com/2023/12/28/politics/recordings-trump-team-fake-elector-ballots/index.html?utm_source=ground.news&utm_medium=referral",
        "https://www.cnn.com/2023/12/28/politics/recordings-trump-team-fake-elector-ballots/index.html"
    ],
    "external_images": [],
    "entities": {
        "persons": [
            {
                "name": "donald trump",
                "sentiment": "none"
            },
            {
                "name": "jack smith",
                "sentiment": "none"
            },
            {
                "name": "joe biden",
                "sentiment": "none"
            },
            {
                "name": "trump",
                "sentiment": "none"
            }
        ],
        "organizations": [
            {
                "name": "ground news - trump campaign flew fake elector ballots",
                "sentiment": "negative"
            },
            {
                "name": "recor",
                "sentiment": "none"
            },
            {
                "name": "warner bros",
                "sentiment": "none"
            },
            {
                "name": "trump",
                "sentiment": "none"
            }
        ],
        "locations": [
            {
                "name": "atlanta",
                "sentiment": "none"
            },
            {
                "name": "united states",
                "sentiment": "none"
            }
        ]
    },
    "rating": null,
    "crawled": "2023-12-29T00:21:10.839+02:00",
    "updated": "2023-12-29T00:21:10.839+02:00"
}