{
    "thread": {
        "uuid": "3e38f1941ad2234edbc2a4a574210558d9a62389",
        "url": "https://www.kbia.org/2023-12-28/nikki-haley-didnt-say-slavery-caused-the-civil-war-now-shes-facing-major-backlash",
        "site_full": "www.kbia.org",
        "site": "kbia.org",
        "site_section": "https://www.kbia.org",
        "site_categories": [
            "media"
        ],
        "section_title": "Homepage | KBIA",
        "title": "Nikki Haley didn't say slavery caused the Civil War. Now she's facing major backlash | KBIA",
        "title_full": "Nikki Haley didn't say slavery caused the Civil War. Now she's facing major backlash | KBIA",
        "published": "2023-12-28T19:35:00.000+02:00",
        "replies_count": 0,
        "participants_count": 1,
        "site_type": "news",
        "country": "US",
        "main_image": "https://npr.brightspotcdn.com/dims4/default/752ebd7/2147483647/strip/true/crop/7869x4131+0+555/resize/1200x630!/quality/90/?url=https%3A%2F%2Fmedia.npr.org%2Fassets%2Fimg%2F2023%2F12%2F28%2Fap23352687658428_custom-94c8149b2e4c9d89e408aef63f5bba2dc2085932.jpg",
        "performance_score": 0,
        "domain_rank": 84916,
        "domain_rank_updated": "2023-12-26T12:06:35.000+02:00",
        "reach": null,
        "social": {
            "facebook": {
                "likes": 0,
                "comments": 0,
                "shares": 0
            },
            "gplus": {
                "shares": 0
            },
            "pinterest": {
                "shares": 0
            },
            "linkedin": {
                "shares": 0
            },
            "stumbledupon": {
                "shares": 0
            },
            "vk": {
                "shares": 0
            }
        }
    },
    "uuid": "3e38f1941ad2234edbc2a4a574210558d9a62389",
    "url": "https://www.kbia.org/2023-12-28/nikki-haley-didnt-say-slavery-caused-the-civil-war-now-shes-facing-major-backlash",
    "ord_in_thread": 0,
    "parent_url": null,
    "author": "Ashley Lopez",
    "published": "2023-12-28T19:35:00.000+02:00",
    "title": "Nikki Haley didn't say slavery caused the Civil War. Now she's facing major backlash | KBIA",
    "text": "Nikki Haley didn't say slavery caused the Civil War. Now she's facing major backlash Former South Carolina Gov. Nikki Haley is facing significant backlash after failing to mention slavery as a driving force behind the Civil War during a campaign stop in New Hampshire. At an event on Wednesday, a voter asked Haley: \"what was the cause of the United States Civil War?\" She replied that the cause \"was basically how government was going to run, the freedoms, and what people could and couldn't do.\" \"I think it always comes down to the role of government and what the rights of the people are,\" Haley continued. \"And I will always stand by the fact that, I think, government was intended to secure the rights and freedoms of the people.\" After Haley gave her answer, the voter told her that it was \"astonishing\" that she gave an answer \"without mentioning the word 'slavery.'\" Last night, [President Biden](https://twitter.com/JoeBiden/status/1740221284284256645?) said on X in response to a video of this exchange that the Civil War was indeed \"about slavery.\" It was about slavery.— Joe Biden (@JoeBiden) [https://t.co/q9bTDvtPne] [December 28, 2023] During an interview with a local radio station on Thursday, Haley addressed what happened. \"Of course the Civil War was about slavery,\" she said. \"We know that. That's the easy part of it.\" Haley explained that she was interested in talking about what lessons should be drawn from the Civil War and defended her answer to the voter. \"I know it's about slavery,\" she said. \"I am from the South.\" Haley has a [complicated history](https://www.npr.org/2023/02/15/1157122486/nikki-haley-confederate-flag-race-president-2024) when it comes to issues of race. As a woman of color, her campaign was angling to strike a different tone on issues of race and identity – especially in comparison to her chief rival in the GOP primary, former President Donald Trump. As South Carolina's governor, Haley ordered the confederate flag be removed from the grounds of the state capitol following the 2015 shooting of Black parishioners at a church in Charleston in 2015. Haley also [condemned Trump](https://www.politico.com/news/2020/08/25/haley-trump-charlottesville-comments-401587) following the racist and antisemitic gathering in Charlottesville, Va., in 2017. (She also served as U.N. ambassador to Trump from 2017 to 2018.) The Republican Party, though, has been striking an overall different tone when it comes to issues of race and the country's history with slavery and white supremacy. Republican governors, including some of Haley's rivals in the race, have been [eliminating](https://www.npr.org/2023/05/15/1176210007/florida-ron-desantis-dei-ban-diversity) diversity and inclusion efforts in higher education, as well as [banning books](https://www.wusf.org/education/2023-06-01/politifact-fl-desantis-said-not-a-single-book-was-banned-districts-have-removed-dozens) that are about race. Backlash to Haley's comments comes less than three weeks before Republican voters start voting in early primary states. The Iowa caucus, the first primary contest, is Jan. 15. Haley's campaign, in particular, has had a surprising amount of momentum in the last several months. The once crowded field of presidential hopefuls has been shrinking ahead of early state elections but Haley has been one of the few candidates actually gaining more support. Just this week, there have been reports that Florida Gov. Ron DeSantis' campaign is [struggling](https://www.nytimes.com/2023/12/24/us/politics/desantis.html) and businessman Vivek Ramaswamy has [cut TV ad spending](https://www.npr.org/2023/12/27/1221828944/vivek-ramaswamys-campaign-has-slowed-tv-ad-spending-ahead-of-the-iowa-caucus). Trump has had a commanding lead in the polls in early states and nationally. Haley, however, has been the only candidate in the primary that has presented any sort of challenge for the former president. Haley routinely polls second or third in early state polling and performs well when in head-to-head polling with Biden. Copyright 2023 NPR. To see more, visit https://www.npr.org.",
    "highlightText": "",
    "highlightTitle": "",
    "highlightThreadTitle": "",
    "language": "english",
    "sentiment": "negative",
    "categories": [
        "Politics",
        "Social Issue",
        "Human Interest"
    ],
    "external_links": [
        "https://www.politico.com/news/2020/08/25/haley-trump-charlottesville-comments-401587)",
        "https://www.npr.org/2023/02/15/1157122486/nikki-haley-confederate-flag-race-president-2024)",
        "https://www.wusf.org/education/2023-06-01/politifact-fl-desantis-said-not-a-single-book-was-banned-districts-have-removed-dozens)",
        "https://www.npr.org/2023/05/15/1176210007/florida-ron-desantis-dei-ban-diversity)",
        "https://twitter.com/JoeBiden/status/1740221284284256645?)",
        "https://t.co/q9bTDvtPne",
        "https://www.npr.org/2023/12/27/1221828944/vivek-ramaswamys-campaign-has-slowed-tv-ad-spending-ahead-of-the-iowa-caucus).",
        "https://www.nytimes.com/2023/12/24/us/politics/desantis.html)",
        "https://www.npr.org.",
        "https://nytimes.com/2023/12/24/us/politics/desantis.html)",
        "https://npr.org/2023/12/27/1221828944/vivek-ramaswamys-campaign-has-slowed-tv-ad-spending-ahead-of-the-iowa-caucus).",
        "https://politico.com/news/2020/08/25/haley-trump-charlottesville-comments-401587)",
        "https://npr.org.",
        "https://www.t.co/q9bTDvtPne",
        "https://npr.org/2023/02/15/1157122486/nikki-haley-confederate-flag-race-president-2024)",
        "https://twitter.com/JoeBiden/status/1740221284284256645",
        "https://www.twitter.com/JoeBiden/status/1740221284284256645?)",
        "https://npr.org/2023/05/15/1176210007/florida-ron-desantis-dei-ban-diversity)",
        "https://wusf.org/education/2023-06-01/politifact-fl-desantis-said-not-a-single-book-was-banned-districts-have-removed-dozens)"
    ],
    "external_images": [],
    "entities": {
        "persons": [
            {
                "name": "nikki haley",
                "sentiment": "negative"
            },
            {
                "name": "haley",
                "sentiment": "none"
            },
            {
                "name": "biden",
                "sentiment": "none"
            },
            {
                "name": "joe biden",
                "sentiment": "none"
            }
        ],
        "organizations": [],
        "locations": [
            {
                "name": "united states",
                "sentiment": "none"
            },
            {
                "name": "new hampshire",
                "sentiment": "none"
            }
        ]
    },
    "rating": null,
    "crawled": "2023-12-29T00:29:59.632+02:00",
    "updated": "2023-12-29T00:29:59.632+02:00"
}