{
    "thread": {
        "uuid": "ee54bf0494685221dd0aeb292aa48fbcce732b6e",
        "url": "https://www.guardian-series.co.uk/news/national/24016280.venezuela-hold-military-exercises-british-warship-heads-guyana/",
        "site_full": "www.guardian-series.co.uk",
        "site": "guardian-series.co.uk",
        "site_section": "https://www.guardian-series.co.uk",
        "site_categories": [
            "media"
        ],
        "section_title": "East London and West Essex news, sport, events - Guardian Series",
        "title": "Venezuela to hold military exercises as British warship heads to Guyana | East London and West Essex Guardian Series",
        "title_full": "Venezuela to hold military exercises as British warship heads to Guyana | East London and West Essex Guardian Series",
        "published": "2023-12-29T00:02:00.000+02:00",
        "replies_count": 0,
        "participants_count": 1,
        "site_type": "news",
        "country": "GB",
        "main_image": "https://www.guardian-series.co.uk/resources/images/17594666/?type=og-image",
        "performance_score": 0,
        "domain_rank": 70888,
        "domain_rank_updated": "2023-12-26T12:06:25.000+02:00",
        "reach": null,
        "social": {
            "facebook": {
                "likes": 0,
                "comments": 0,
                "shares": 0
            },
            "gplus": {
                "shares": 0
            },
            "pinterest": {
                "shares": 0
            },
            "linkedin": {
                "shares": 0
            },
            "stumbledupon": {
                "shares": 0
            },
            "vk": {
                "shares": 0
            }
        }
    },
    "uuid": "ee54bf0494685221dd0aeb292aa48fbcce732b6e",
    "url": "https://www.guardian-series.co.uk/news/national/24016280.venezuela-hold-military-exercises-british-warship-heads-guyana/",
    "ord_in_thread": 0,
    "parent_url": null,
    "author": "PA News Agency",
    "published": "2023-12-29T00:02:00.000+02:00",
    "title": "Venezuela to hold military exercises as British warship heads to Guyana | East London and West Essex Guardian Series",
    "text": "President Nicolas Maduro has ordered Venezuela’s armed forces to conduct defensive exercises in the Eastern Caribbean after the UK sent a warship towards Guyana’s territorial waters as the South American neighbours dispute a large border region. In a nationally televised address on Thursday, Mr Maduro said 6,000 Venezuelan troops, including air and naval forces, will conduct joint operations off the nation’s eastern coast — near the border with Guyana. Mr Maduro described the impending arrival of British ship HMS Trent to Guyana’s shores as a “threat” to his country. He argued the ship’s deployment violates a recent agreement between the South American nations. “We believe in diplomacy, in dialogue and in peace, but no one is going to threaten Venezuela,” Mr Maduro said in a room where he was accompanied by a dozen military commanders. “This is an unacceptable threat to any sovereign country in Latin America.” Venezuela and Guyana are involved in a border dispute over the Essequibo, a sparsely populated region the size of Florida with vast oil deposits off its shores. The region has been under Guyana’s control for decades. But in December, Venezuela relaunched its historical claim to the Essequibo through a referendum in which it asked voters in the country whether the Essequibo should be turned into a Venezuelan state. As tensions over the region escalated, the leaders of both countries met in the Caribbean island of St Vincent and signed an agreement which said they would solve their dispute through nonviolent means. During the talks, however, Guyana’s President Irfan Ali said his nation reserved its right to work with its partners to ensure the defence of his country. On Thursday, Guyanese officials described the visit of HMS Trent as a planned activity aimed at improving the nation’s defence capabilities and said the ship’s visit will continue as scheduled. “Nothing that we do or have done is threatening Venezuela,” Guyana’s vice-president Bharrat Jagdeo told reporters in Georgetown, the nation’s capital. HMS Trent is a patrol and rescue ship that was recently used to intercept drug traffickers off the West Coast of Africa. It can accommodate up to 30 sailors and a contingent of 18 marines and is equipped with 30mm cannons and a landing pad for helicopters and drones. The ship had been sent to Barbados in early December to intercept drug traffickers, but its mission was changed on December 24, when it was sent to Guyana. Authorities did not specify when it was expected to arrive off Guyana’s shores. The UK’s Ministry of Defence said the ship would be conducting joint operations with Guyana’s defence forces. The nation of 800,000 people has a small military that is made up of 3,000 soldiers, 200 sailors and four small patrol boats known as Barracudas. Comments: Our rules We want our comments to be a lively and valuable part of our community - a place where readers can debate and engage with the most important local issues. The ability to comment on our stories is a privilege, not a right, however, and that privilege may be withdrawn if it is abused or misused. Please report any comments that break our rules. [Read the rules here](/misc/comments)",
    "highlightText": "",
    "highlightTitle": "",
    "highlightThreadTitle": "",
    "language": "english",
    "sentiment": "negative",
    "categories": [
        "Politics",
        "War, Conflict and Unrest"
    ],
    "external_links": [],
    "external_images": [],
    "entities": {
        "persons": [
            {
                "name": "nicolas maduro",
                "sentiment": "negative"
            },
            {
                "name": "maduro",
                "sentiment": "none"
            }
        ],
        "organizations": [
            {
                "name": "west essex guardian",
                "sentiment": "negative"
            },
            {
                "name": "eastern caribbean",
                "sentiment": "none"
            }
        ],
        "locations": [
            {
                "name": "venezuela",
                "sentiment": "none"
            },
            {
                "name": "guyana",
                "sentiment": "none"
            },
            {
                "name": "east london",
                "sentiment": "none"
            },
            {
                "name": "uk",
                "sentiment": "none"
            },
            {
                "name": "essequibo",
                "sentiment": "none"
            },
            {
                "name": "florida",
                "sentiment": "none"
            },
            {
                "name": "latin america",
                "sentiment": "none"
            }
        ]
    },
    "rating": null,
    "crawled": "2023-12-29T00:16:52.386+02:00",
    "updated": "2023-12-29T00:16:52.386+02:00"
}