{
    "thread": {
        "uuid": "2bf63ab098190685fe361b27c09531fae897fefe",
        "url": "https://www.boursorama.com/actualite-economique/actualites/essequibo-maduro-envoie-des-milliers-de-soldats-a-la-frontiere-du-guyana-en-reponse-a-l-envoi-d-un-navire-britannique-30da690093f3a80f62b4a2f467b49b71",
        "site_full": "www.boursorama.com",
        "site": "boursorama.com",
        "site_section": "https://www.boursorama.com/actualite-economique",
        "site_categories": [
            "non_standard_content",
            "adult"
        ],
        "section_title": "Actualités financières, économiques et politiques - Boursorama",
        "title": "Essequibo: Maduro envoie des milliers de soldats à la frontière du Guyana en réponse à l'envoi d'un navire britannique - 28/12/2023 à 22:27 - Boursorama",
        "title_full": "Essequibo: Maduro envoie des milliers de soldats à la frontière du Guyana en réponse à l'envoi d'un navire britannique - 28/12/2023 à 22:27 - Boursorama",
        "published": "2023-12-28T23:27:00.000+02:00",
        "replies_count": 1,
        "participants_count": 2,
        "site_type": "news",
        "country": "FR",
        "main_image": "https://s.brsimg.com/static-000/cache/i/content/images/a/3/9/a39d2d5d2e4f4c10dcb436686f45f052-1200x800.jpg",
        "performance_score": 0,
        "domain_rank": 14491,
        "domain_rank_updated": "2023-12-26T12:06:20.000+02:00",
        "reach": null,
        "social": {
            "facebook": {
                "likes": 0,
                "comments": 0,
                "shares": 0
            },
            "gplus": {
                "shares": 0
            },
            "pinterest": {
                "shares": 0
            },
            "linkedin": {
                "shares": 0
            },
            "stumbledupon": {
                "shares": 0
            },
            "vk": {
                "shares": 0
            }
        }
    },
    "uuid": "2bf63ab098190685fe361b27c09531fae897fefe",
    "url": "https://www.boursorama.com/actualite-economique/actualites/essequibo-maduro-envoie-des-milliers-de-soldats-a-la-frontiere-du-guyana-en-reponse-a-l-envoi-d-un-navire-britannique-30da690093f3a80f62b4a2f467b49b71",
    "ord_in_thread": 0,
    "parent_url": null,
    "author": "AFP",
    "published": "2023-12-28T23:27:00.000+02:00",
    "title": "Essequibo: Maduro envoie des milliers de soldats à la frontière du Guyana en réponse à l'envoi d'un navire britannique - 28/12/2023 à 22:27 - Boursorama",
    "text": "Le président vénézuélien Nicolas Maduro (C) s'entretient avec son ministre de la Défense Vladimir Padrino Lopez (G) lors d'une réunion avec des membres des forces armées à Caracas, le 28 décembre 2023. FANB signifie Forces armées nationales bolivariennes ( Venezuelan Presidency / Zurimar Campos )\nLe président vénézuélien Nicolas Maduro a lancé jeudi, en pleine crise sur l'Essequibo, des exercices militaires avec quelque 5.600 soldats à la frontière du Guyana, \"en réponse à la provocation\" du Royaume-Uni qui a envoyé un navire de guerre, tandis que les autorités guyaniennes nient toute velléité \"offensive\".\nIl s'agit d'une \"action conjointe de nature défensive, en réponse à la provocation et à la menace du Royaume-Uni contre la paix et la souveraineté de notre pays\", a déclaré M. Maduro lors d'une émission radiotélévisée, au cours de laquelle il a montré des images de navires de guerre et d'avions de combat en patrouille.\nCette première phase d'exercices militaires réunit 5.682 militaires et des avions de chasse F-16 (américain) et Soukhoï (russes), a-t-il précisé.\nLe vice-président guyanien, Bharrat Jagdeo, a réagi peu après lors d'une conférence de presse.\n\"Nous n'avons aucun plan pour prendre des mesures offensives contre le Venezuela (...) Nous n'avons pas l'intention d'envahir le Venezuela. Le président Maduro le sait et ne doit pas s'inquiéter\", a-t-il dit, précisant que l'arrivée du patrouilleur britannique entrait dans le cadre \"d'exercices de routine planifiés depuis longtemps\".\nCarte du territoire de l'Essequibo, disputé entre le Venezuela et le Guyana, localisant les zones revendiquées par chaque pays ( AFP / Guillermo RIVAS PACHECO )\nCe navire, le \"HMS Trent\", doit arriver au Guyana vendredi et participer à des exercices militaires dans les eaux guyaniennes pendant \"moins d'une semaine\". Il n'est pas prévu qu'il accoste à Georgetown, a souligné une source du ministère des Affaires étrangères guyanien.\nD'habitude basé en Méditerranée, le \"HMS Trent\" a été envoyé début décembre dans les Caraïbes pour lutter contre les trafics de drogue.\n- Hommes de paix - La tension entre Caracas et Georgetown était montée après le lancement en septembre d'appels d'offres pétroliers par le Guyana, puis le référendum organisé en réaction le 3 décembre au Venezuela sur un rattachement de l'Essequibo, territoire de 160.000 km2 riche en pétrole et ressources naturelles, administré par Georgetown et revendiqué par le Venezuela.\nQuelque 125.000 personnes, soit un cinquième de la population du Guyana, vivent dans l'Essequibo, qui couvre les deux tiers de la superficie du pays.\nLe Venezuela soutient que le fleuve Essequibo doit être la frontière naturelle, comme en 1777 à l'époque de l'empire espagnol. Le Guyana argue que la frontière, datant de l'époque coloniale anglaise, a été entérinée en 1899 par une cour d'arbitrage à Paris.\nVue aérienne de la célèbre chute de Kaieteur, située dans la région de l'Essequibo ( AFP / Martín SILVA )\nLes présidents guyanien Irfaan Ali et vénézuélien Nicolas Maduro se sont ensuite rencontrés le 14 décembre lors d'un sommet qui a contribué à faire baisser la tension, avec engagement à ne pas utiliser la force, mais qui n'a pas résolu le différend, les deux pays campant sur leurs positions.\n\"Nous croyons à la diplomatie, au dialogue, à la paix. Mais personne ne doit menacer le Venezuela, personne ne doit s'en prendre au Venezuela\", a ajouté jeudi M. Maduro\n\"La menace de l'ex-empire décadent et pourri du Royaume-Uni est inacceptable. Nous ne l'acceptons pas\", a-t-il ajouté, rappelant que le Royaume-Uni était l'ancienne puissance coloniale du Guyana.\nDe son côté, le vice-président guyanien a insisté : \"nous soutenons leur déclaration (commune du sommet entre les deux présidents), dans la lettre et dans l'esprit, selon laquelle rien de ce que nous avons fait dans le passé ou de ce que nous ferons à l'avenir ne nuira ou n'affectera le Venezuela\".\nM. Jagdeo a toutefois précisé que le président Irfaan Ali n'avait pas donné de consignes pour annuler la venue du bateau.\nDans un communiqué dans la matinée, le gouvernement vénézuélien avait \"rejeté catégoriquement l'arrivée du navire\", la qualifiant d'\"acte de provocation hostile\".\nSa présence \"est extrêmement grave\", c'est pourquoi \"le Venezuela exhorte les autorités guyaniennes à prendre des mesures immédiates pour le retrait du HMS Trent, et à s'abstenir de continuer à impliquer des puissances militaires dans le différend territorial\", ajoute le texte.",
    "highlightText": "",
    "highlightTitle": "",
    "highlightThreadTitle": "",
    "language": "french",
    "sentiment": "negative",
    "categories": [
        "Politics",
        "War, Conflict and Unrest",
        "Human Interest"
    ],
    "external_links": [
        "https://s.brsimg.com/static-000/cache/i/content/images/6/6/f/66fb4d43a8c6201cb82b977fd9b75f22-760x456.webp",
        "https://s.brsimg.com/static-000/cache/i/content/images/a/3/9/a39d2d5d2e4f4c10dcb436686f45f052-760x513.webp",
        "https://s.brsimg.com/static-000/cache/i/content/images/2/3/3/2333c54765296ddf259c861c4ef63c5e-512x768.webp",
        "https://www.s.brsimg.com/static-000/cache/i/content/images/6/6/f/66fb4d43a8c6201cb82b977fd9b75f22-760x456.webp",
        "https://www.s.brsimg.com/static-000/cache/i/content/images/2/3/3/2333c54765296ddf259c861c4ef63c5e-512x768.webp",
        "https://www.s.brsimg.com/static-000/cache/i/content/images/a/3/9/a39d2d5d2e4f4c10dcb436686f45f052-760x513.webp"
    ],
    "external_images": [],
    "entities": {
        "persons": [],
        "organizations": [],
        "locations": []
    },
    "rating": null,
    "crawled": "2023-12-29T00:03:04.174+02:00",
    "updated": "2023-12-29T00:03:04.174+02:00"
}