{
    "thread": {
        "uuid": "b8a392941bb178a109d09a91d17f9dd107709cdc",
        "url": "http://www.godlikeproductions.com/forum1/message5608699/pg1",
        "site_full": "www.godlikeproductions.com",
        "site": "godlikeproductions.com",
        "site_section": "https://www.godlikeproductions.com/feeds/forums/1",
        "site_categories": [
            "marketing",
            "business"
        ],
        "section_title": "Godlike Productions - General Discussion",
        "title": "Democratic Mayors Of New York, Chicago, Denver Plead For Help As Migrant Storm Worsens",
        "title_full": "Democratic Mayors Of New York, Chicago, Denver Plead For Help As Migrant Storm Worsens",
        "published": "2023-12-28T22:48:00.000+02:00",
        "replies_count": 0,
        "participants_count": 1,
        "site_type": "news",
        "country": "US",
        "main_image": "",
        "performance_score": 0,
        "domain_rank": 19104,
        "domain_rank_updated": "2023-12-26T12:06:20.000+02:00",
        "reach": null,
        "social": {
            "facebook": {
                "likes": 0,
                "comments": 0,
                "shares": 0
            },
            "gplus": {
                "shares": 0
            },
            "pinterest": {
                "shares": 0
            },
            "linkedin": {
                "shares": 0
            },
            "stumbledupon": {
                "shares": 0
            },
            "vk": {
                "shares": 0
            }
        }
    },
    "uuid": "b8a392941bb178a109d09a91d17f9dd107709cdc",
    "url": "http://www.godlikeproductions.com/forum1/message5608699/pg1",
    "ord_in_thread": 0,
    "parent_url": null,
    "author": "Emeraldlight User ID",
    "published": "2023-12-28T22:48:00.000+02:00",
    "title": "Democratic Mayors Of New York, Chicago, Denver Plead For Help As Migrant Storm Worsens",
    "text": "Users Online Now:\n2,017\n(\nWho's On?\n)\nVisitors Today:\n629,603\nPageviews Today:\n1,186,038\nThreads Today:\n419\nPosts Today:\n9,421\n05:01 PM\nDirectory\nAdv. Search\nTopics\nForum\nBack to Forum\nPost New Thread\nReply\nView Favorites\nJoin Now, Free! (& No Ads!)\nForgot Your Password?\nEmail\nPassword\nRemember\nRate this Thread\nAbsolute BS\nCrap\nReasonable\nNice\nAmazing\nPage\n1\nSearch Replies\nPrevious Page\nNext Page\nSearch Terms:\nHighlight Matches\nDemocratic Mayors Of New York, Chicago, Denver Plead For Help As Migrant Storm Worsens\nEmeraldlight\nUser ID: 80816366\nUnited States\n12/28/2023 04:48 PM\nReport Abusive Post\nReport Copyright Violation\nDemocratic Mayors Of New York, Chicago, Denver Plead For Help As Migrant Storm Worsens\nThe Democratic mayors of three sanctuary cities, Chicago, New York City, and Denver, warned their metro areas are quickly approaching a breaking point due to the ongoing surge of illegals bussed up from the southern border this year.\n\"We cannot allow buses with people needing our help to arrive without warning at any hour of day and night,\" NYC Mayor Adams said during a virtual news conference with Chicago Mayor Brandon Johnson and Denver Mayor Mike Johnston.\nAdams warned: \"For many months, we were able to keep the visualization of this crisis from hitting our streets, but we have reached a breaking point.\"\n[\nlink to www.zerohedge.com (secure)\n]\nAre they not getting their bribes?\nPage\n1\nPrevious Page\nNext Page\nBack to Forum\nPost New Thread\nReply\nView Favorites\nRelated Threads\n1\nMexican mayors blame U.S. deportation of criminal aliens, by the worsens of mexican violence.\n09/29/10\n2\nMoscow mayor warns of possible ‘limited but HARSH’ Covid-19 lockdown, citing worsening health situation in Europe's largest city\n06/17/21\n3\nTHE TRUTH IS OUT THERE: As Baby Formula Shortage and Inflation Worsen, Democrats to Hold UFO Hearings\n05/16/22\n4\nAlexandria Ocasio-Cortez warns Amazon HQ2 could worsen housing crisis in New York, DC\n11/13/18\n5\nEbola Crisis Worsens for Lack of Global Help\n08/28/14\n6\nAmericans Panic Search \"Live Off Grid\" As Housing Crisis Worsens And Democrat Cities Implode.\n08/25/23\n7\nGov. Mike DeWine deploying National Guard to help with hospital staffing shortages amid worsening COVID landscape\n12/18/21\n8\nCalifornia Water Infected With Increasing Fecal Bacteria As Democrats Allow Homeless Crisis to Worsen\n01/12/20\n9\nObama-Land Fiasco Worsens - Chicago Taxpayers Now Face $224 Million Bill\n06/18/18\n10\nBREAKING: LA Times: As coronavirus outbreak worsens, China agrees to accept help from WHO\n01/29/20\nDisclaimer / Copyright Info\n-\nPrivacy Policy\n-\nTerms Of Use\n-\nCancellation Policy / Billing Help\nMail\nWebmaster\nwith questions or comments about this site.\nCopyright © 1999 - 2023 Godlikeproductions.com\nPage generated in 0.025s (8 queries)",
    "highlightText": "",
    "highlightTitle": "",
    "highlightThreadTitle": "",
    "language": "english",
    "sentiment": "negative",
    "categories": [
        "Politics",
        "Social Issue"
    ],
    "external_links": [],
    "external_images": [],
    "entities": {
        "persons": [
            {
                "name": "tod",
                "sentiment": "negative"
            },
            {
                "name": "adams",
                "sentiment": "none"
            }
        ],
        "organizations": [],
        "locations": [
            {
                "name": "new york",
                "sentiment": "none"
            },
            {
                "name": "chicago",
                "sentiment": "none"
            },
            {
                "name": "new york city",
                "sentiment": "none"
            },
            {
                "name": "united states",
                "sentiment": "none"
            },
            {
                "name": "denver",
                "sentiment": "none"
            }
        ]
    },
    "rating": null,
    "crawled": "2023-12-29T00:01:35.283+02:00",
    "updated": "2023-12-29T00:01:35.283+02:00"
}