{
    "thread": {
        "uuid": "c042a0c3a409a4626256bfc64e53039c740e0de5",
        "url": "https://www.eveningnews24.co.uk/news/national/24016265.tory-mp-suggests-crap-parents-behind-towns-struggling-children/",
        "site_full": "www.eveningnews24.co.uk",
        "site": "eveningnews24.co.uk",
        "site_section": "https://www.eveningnews24.co.uk",
        "site_categories": [
            "media"
        ],
        "section_title": "Norwich  News, Sport &amp; Things to do | Norwich Evening News",
        "title": "Tory MP suggests ‘crap parents’ behind most of town’s struggling children | Norwich Evening News",
        "title_full": "Tory MP suggests ‘crap parents’ behind most of town’s struggling children | Norwich Evening News",
        "published": "2023-12-28T23:22:00.000+02:00",
        "replies_count": 0,
        "participants_count": 1,
        "site_type": "news",
        "country": "GB",
        "main_image": "https://www.eveningnews24.co.uk/resources/images/17594643/?type=og-image",
        "performance_score": 0,
        "domain_rank": 53064,
        "domain_rank_updated": "2023-12-26T12:06:25.000+02:00",
        "reach": null,
        "social": {
            "facebook": {
                "likes": 0,
                "comments": 0,
                "shares": 0
            },
            "gplus": {
                "shares": 0
            },
            "pinterest": {
                "shares": 0
            },
            "linkedin": {
                "shares": 0
            },
            "stumbledupon": {
                "shares": 0
            },
            "vk": {
                "shares": 0
            }
        }
    },
    "uuid": "c042a0c3a409a4626256bfc64e53039c740e0de5",
    "url": "https://www.eveningnews24.co.uk/news/national/24016265.tory-mp-suggests-crap-parents-behind-towns-struggling-children/",
    "ord_in_thread": 0,
    "parent_url": null,
    "author": "PA News Agency",
    "published": "2023-12-28T23:22:00.000+02:00",
    "title": "Tory MP suggests ‘crap parents’ behind most of town’s struggling children | Norwich Evening News",
    "text": "A Conservative MP has been criticised for suggesting most children who struggle in an English town are the “products of crap parents”. James Daly was accused by his Labour rival of “insulting the parenting skills of people in Bury” after the remark was made in a newspaper piece analysing election prospects for the Greater Manchester town. Mr Daly, speaking to the i newspaper, stressed the importance of “stability” offered by the family unit as he outlined what the New Conservatives group of MPs stands for. The Bury North MP said: “I think New Conservatives represent very much working-class conservatism. “We’re not a strange right-wing sect. It’s just people who want to give people the best chance to succeed and thrive in life. “When you think about the family, it’s about stability. “Most of the kids who struggle in Bury are the products of crap parents and so what do we do to try to address that issue? “On the left it would just be we’ll throw money at this and hope something sticks, somebody like me thinks about this more fundamentally.” James Frith, Labour’s prospective parliamentary candidate for Bury North, said: “It is revealing to see how little James Daly thinks of his own constituents. “Rather than insulting the parenting skills of people in Bury, he should look closer to home. “Over the last 13 years the Conservatives have failed to grow our economy, protect our public services or provide opportunities for young people in Bury and across the UK.”",
    "highlightText": "",
    "highlightTitle": "",
    "highlightThreadTitle": "",
    "language": "english",
    "sentiment": "negative",
    "categories": [
        "Politics",
        "Human Interest"
    ],
    "external_links": [],
    "external_images": [],
    "entities": {
        "persons": [
            {
                "name": "james frith",
                "sentiment": "none"
            },
            {
                "name": "james daly",
                "sentiment": "none"
            },
            {
                "name": "daly",
                "sentiment": "none"
            }
        ],
        "organizations": [
            {
                "name": "norwich evening news a conservative",
                "sentiment": "negative"
            },
            {
                "name": "labour",
                "sentiment": "none"
            }
        ],
        "locations": [
            {
                "name": "greater manchester",
                "sentiment": "none"
            }
        ]
    },
    "rating": null,
    "crawled": "2023-12-29T00:25:44.313+02:00",
    "updated": "2023-12-29T00:25:44.313+02:00"
}