{
    "thread": {
        "uuid": "833c32783594286ecd43b015908a962be28c482e",
        "url": "https://www.koreaboo.com/news/wildly-inappropriate-video-hamas-attack-in-seoul-gets-produced-distributed-israeli-embassy-in-korea/",
        "site_full": "www.koreaboo.com",
        "site": "koreaboo.com",
        "site_section": "https://www.koreaboo.com/news",
        "site_categories": [
            "media"
        ],
        "section_title": "Latest K-Pop News (BTS News Updates) - Koreaboo",
        "title": "Wildly Inappropriate Video Of \"Hamas\" Attack In Seoul Gets Produced And Distributed By Israeli Embassy In Korea - Koreaboo",
        "title_full": "Wildly Inappropriate Video Of \"Hamas\" Attack In Seoul Gets Produced And Distributed By Israeli Embassy In Korea - Koreaboo",
        "published": "2023-12-28T06:53:00.000+02:00",
        "replies_count": 0,
        "participants_count": 1,
        "site_type": "news",
        "country": "KR",
        "main_image": "https://lh3.googleusercontent.com/NyS7Y0FVID6Q-dRhaxbsR5j-ebPamdjYIl8rArxt3ZAddjqBgONzXvYpzK9cx4veY0r-Vt0C4UG9QhmPwcnMZ-68ILjPofj0-iBR2EjJXcocMspf=w1200-h630-rj-pp-e365",
        "performance_score": 0,
        "domain_rank": 20849,
        "domain_rank_updated": "2023-12-26T12:06:20.000+02:00",
        "reach": null,
        "social": {
            "facebook": {
                "likes": 0,
                "comments": 0,
                "shares": 0
            },
            "gplus": {
                "shares": 0
            },
            "pinterest": {
                "shares": 0
            },
            "linkedin": {
                "shares": 0
            },
            "stumbledupon": {
                "shares": 0
            },
            "vk": {
                "shares": 0
            }
        }
    },
    "uuid": "833c32783594286ecd43b015908a962be28c482e",
    "url": "https://www.koreaboo.com/news/wildly-inappropriate-video-hamas-attack-in-seoul-gets-produced-distributed-israeli-embassy-in-korea/",
    "ord_in_thread": 0,
    "parent_url": null,
    "author": "Serah S. Cherrie",
    "published": "2023-12-28T06:53:00.000+02:00",
    "title": "Wildly Inappropriate Video Of \"Hamas\" Attack In Seoul Gets Produced And Distributed By Israeli Embassy In Korea - Koreaboo",
    "text": "The Israeli embassy in South Korea is facing intense criticism for releasing a video “dramatizing” a terror attack on South Korean citizens, with the tagline “ Imagine if it happened to you.”\n| Al Jazeera The video depicts an imaginary scenario where a Korean woman is abducted by an armed assailant on Christmas Day and is forcibly separated from her daughter. The Israeli embassy posted the video on Facebook on Tuesday with a caption that said, “On October 7, Israel was attacked by Hamas terrorists. 1,200 men, women, and children were killed, and over 240 people were taken hostage in Gaza…Imagine if it happened to you. What would you do?”\n🇮🇱🇵🇸🇰🇷 In Israel, it appears that they have taken their campaign in the ongoing conflict to an extreme. The country’s embassy in South Korea has released a video illustrating what would happen if Hamas were to attack the Republic of Korea on Christmas Day.\nOne of their main… pic.twitter.com/3kvRHpjkzg\n— Torsum Zulfiqar (@SalmanTorsum) December 28, 2023\nAccording to YTN ‘s report, Israel’s ambassador in Seoul, Akiva Tor, had explained the embassy’s position in a now-deleted social media post.\nWe have reconstructed the horrifying terrorist incident that took place on October 7th to help South Koreans in East Asia, far away from Israel, understand the current war situation.\n— Akiva Tor\nThis video was produced in the context of Israel’s ongoing campaign to destroy the Palestinian resistance group Hamas in retaliation for its attack on October 7. According to Israeli figures, the attack left around 1140 people dead, civilians included. Hamas also took around 250 hostages, and 129 of them still remain in captivity.\nOn the other hand, Israel has relentlessly bombed the Gaza Strip since October 8, killing at least 21,110 people, over 5,000 of them being children, according to UNRWA .\nEvery minute, every hour, the situation is getting worse in the📍 #GazaStrip\nThe reported number of children killed in #Gaza has now exceeded 5,000\nCeasefire NOW. End this horror NOW. pic.twitter.com/yn6V9bWSBM\n— UNRWA (@UNRWA) November 21, 2023\nHowever, Seoul’s foreign ministry deemed the Israeli embassy’s video “inappropriate,” given the security situation of South Korea, which is still technically at war with the North, and asked the embassy to take it down.\nThe killing and kidnapping of Israeli civilians by Hamas cannot be justified, but the Israeli Embassy’s production and distribution of a video drawing parallels to the security situation in another country was deemed inappropriate.\n— The Foreign Ministry of South Korea\nUpon the foreign ministry’s objection, the embassy eventually had to take down the video in question.\nWhat's Happening In Korea South Korea’s Most Anticipated “2024 Countdown Show” Completely Flops\n3rd-Gen K-Pop “Banger” Dominates Charts As Koreans Ring In 2024\nSouth Korea Sees Huge Spike In Digital Sex Crimes In 2023\nGroup Of Boys Spot Sexually Harassing A Mannequin On The Streets Of Hongdae…Police Fails To Act\nView All (255)",
    "highlightText": "",
    "highlightTitle": "",
    "highlightThreadTitle": "",
    "language": "english",
    "sentiment": "negative",
    "categories": [
        "Politics",
        "Human Interest",
        "War, Conflict and Unrest"
    ],
    "external_links": [
        "https://lh3.googleusercontent.com/BkPIylrLA0iw570doe6Sp1RjNF0IOisfQN9arxv7IbUGZCCALTCkDWumVtRA67JKK2rZ9ELvvaV4g6vALlHEy3ZKn68HWsL-wEDnSrjcG0BNX60=w640-rj-l80-nu-e365",
        "https://lh3.googleusercontent.com/BkPIylrLA0iw570doe6Sp1RjNF0IOisfQN9arxv7IbUGZCCALTCkDWumVtRA67JKK2rZ9ELvvaV4g6vALlHEy3ZKn68HWsL-wEDnSrjcG0BNX60=w960-rj-l80-nu-e365",
        "https://lh3.googleusercontent.com/BkPIylrLA0iw570doe6Sp1RjNF0IOisfQN9arxv7IbUGZCCALTCkDWumVtRA67JKK2rZ9ELvvaV4g6vALlHEy3ZKn68HWsL-wEDnSrjcG0BNX60=w960-rj-nu-e365",
        "https://twitter.com/hashtag/Gaza?src=hash&ref_src=twsrc%5Etfw",
        "https://lh3.googleusercontent.com/I_tHaHF4z4W5qOjOVSEYf7RB18PXvmFEYSaVsUen_DJqJeeiWS3bjwcNCPU97pz7b73_BNiSLoL8wdIAA5141NwP1zvdfQWDC3oKJmEUMMTmDg=rj-nu-e365-w720",
        "https://lh3.googleusercontent.com/BkPIylrLA0iw570doe6Sp1RjNF0IOisfQN9arxv7IbUGZCCALTCkDWumVtRA67JKK2rZ9ELvvaV4g6vALlHEy3ZKn68HWsL-wEDnSrjcG0BNX60=w1200-rj-l80-nu-e365",
        "https://lh3.googleusercontent.com/I_tHaHF4z4W5qOjOVSEYf7RB18PXvmFEYSaVsUen_DJqJeeiWS3bjwcNCPU97pz7b73_BNiSLoL8wdIAA5141NwP1zvdfQWDC3oKJmEUMMTmDg=w1200-h630-rj-pp-nu-e365",
        "https://lh3.googleusercontent.com/BkPIylrLA0iw570doe6Sp1RjNF0IOisfQN9arxv7IbUGZCCALTCkDWumVtRA67JKK2rZ9ELvvaV4g6vALlHEy3ZKn68HWsL-wEDnSrjcG0BNX60=w480-rj-l80-nu-e365",
        "https://twitter.com/UNRWA/status/1727075636584628247?ref_src=twsrc%5Etfw",
        "https://lh3.googleusercontent.com/BkPIylrLA0iw570doe6Sp1RjNF0IOisfQN9arxv7IbUGZCCALTCkDWumVtRA67JKK2rZ9ELvvaV4g6vALlHEy3ZKn68HWsL-wEDnSrjcG0BNX60=w1600-rj-l80-nu-e365",
        "https://lh3.googleusercontent.com/BkPIylrLA0iw570doe6Sp1RjNF0IOisfQN9arxv7IbUGZCCALTCkDWumVtRA67JKK2rZ9ELvvaV4g6vALlHEy3ZKn68HWsL-wEDnSrjcG0BNX60=w780-rj-l80-nu-e365",
        "https://twitter.com/hashtag/GazaStrip?src=hash&ref_src=twsrc%5Etfw",
        "https://t.co/yn6V9bWSBM",
        "https://t.co/3kvRHpjkzg",
        "https://lh3.googleusercontent.com/BkPIylrLA0iw570doe6Sp1RjNF0IOisfQN9arxv7IbUGZCCALTCkDWumVtRA67JKK2rZ9ELvvaV4g6vALlHEy3ZKn68HWsL-wEDnSrjcG0BNX60=w32-fSoften=1,100,0-rp-e365",
        "https://lh3.googleusercontent.com/BkPIylrLA0iw570doe6Sp1RjNF0IOisfQN9arxv7IbUGZCCALTCkDWumVtRA67JKK2rZ9ELvvaV4g6vALlHEy3ZKn68HWsL-wEDnSrjcG0BNX60=s0-e365",
        "https://lh3.googleusercontent.com/I_tHaHF4z4W5qOjOVSEYf7RB18PXvmFEYSaVsUen_DJqJeeiWS3bjwcNCPU97pz7b73_BNiSLoL8wdIAA5141NwP1zvdfQWDC3oKJmEUMMTmDg=rj-nu-e365-w360",
        "https://lh3.googleusercontent.com/I_tHaHF4z4W5qOjOVSEYf7RB18PXvmFEYSaVsUen_DJqJeeiWS3bjwcNCPU97pz7b73_BNiSLoL8wdIAA5141NwP1zvdfQWDC3oKJmEUMMTmDg=rj-nu-e365-w1200",
        "https://twitter.com/SalmanTorsum/status/1740339302486425798?ref_src=twsrc%5Etfw",
        "https://www.lh3.googleusercontent.com/I_tHaHF4z4W5qOjOVSEYf7RB18PXvmFEYSaVsUen_DJqJeeiWS3bjwcNCPU97pz7b73_BNiSLoL8wdIAA5141NwP1zvdfQWDC3oKJmEUMMTmDg=w1200-h630-rj-pp-nu-e365",
        "https://www.lh3.googleusercontent.com/I_tHaHF4z4W5qOjOVSEYf7RB18PXvmFEYSaVsUen_DJqJeeiWS3bjwcNCPU97pz7b73_BNiSLoL8wdIAA5141NwP1zvdfQWDC3oKJmEUMMTmDg=rj-nu-e365-w360",
        "https://www.twitter.com/UNRWA/status/1727075636584628247?ref_src=twsrc%5Etfw",
        "https://twitter.com/hashtag/Gaza",
        "https://www.lh3.googleusercontent.com/BkPIylrLA0iw570doe6Sp1RjNF0IOisfQN9arxv7IbUGZCCALTCkDWumVtRA67JKK2rZ9ELvvaV4g6vALlHEy3ZKn68HWsL-wEDnSrjcG0BNX60=w640-rj-l80-nu-e365",
        "https://www.lh3.googleusercontent.com/BkPIylrLA0iw570doe6Sp1RjNF0IOisfQN9arxv7IbUGZCCALTCkDWumVtRA67JKK2rZ9ELvvaV4g6vALlHEy3ZKn68HWsL-wEDnSrjcG0BNX60=s0-e365",
        "https://www.lh3.googleusercontent.com/I_tHaHF4z4W5qOjOVSEYf7RB18PXvmFEYSaVsUen_DJqJeeiWS3bjwcNCPU97pz7b73_BNiSLoL8wdIAA5141NwP1zvdfQWDC3oKJmEUMMTmDg=rj-nu-e365-w1200",
        "https://www.lh3.googleusercontent.com/BkPIylrLA0iw570doe6Sp1RjNF0IOisfQN9arxv7IbUGZCCALTCkDWumVtRA67JKK2rZ9ELvvaV4g6vALlHEy3ZKn68HWsL-wEDnSrjcG0BNX60=w1600-rj-l80-nu-e365",
        "https://www.t.co/3kvRHpjkzg",
        "https://www.twitter.com/SalmanTorsum/status/1740339302486425798?ref_src=twsrc%5Etfw",
        "https://twitter.com/UNRWA/status/1727075636584628247",
        "https://www.lh3.googleusercontent.com/I_tHaHF4z4W5qOjOVSEYf7RB18PXvmFEYSaVsUen_DJqJeeiWS3bjwcNCPU97pz7b73_BNiSLoL8wdIAA5141NwP1zvdfQWDC3oKJmEUMMTmDg=rj-nu-e365-w720",
        "https://www.lh3.googleusercontent.com/BkPIylrLA0iw570doe6Sp1RjNF0IOisfQN9arxv7IbUGZCCALTCkDWumVtRA67JKK2rZ9ELvvaV4g6vALlHEy3ZKn68HWsL-wEDnSrjcG0BNX60=w1200-rj-l80-nu-e365",
        "https://www.t.co/yn6V9bWSBM",
        "https://www.lh3.googleusercontent.com/BkPIylrLA0iw570doe6Sp1RjNF0IOisfQN9arxv7IbUGZCCALTCkDWumVtRA67JKK2rZ9ELvvaV4g6vALlHEy3ZKn68HWsL-wEDnSrjcG0BNX60=w480-rj-l80-nu-e365",
        "https://www.lh3.googleusercontent.com/BkPIylrLA0iw570doe6Sp1RjNF0IOisfQN9arxv7IbUGZCCALTCkDWumVtRA67JKK2rZ9ELvvaV4g6vALlHEy3ZKn68HWsL-wEDnSrjcG0BNX60=w780-rj-l80-nu-e365",
        "https://twitter.com/SalmanTorsum/status/1740339302486425798",
        "https://twitter.com/hashtag/GazaStrip",
        "https://www.lh3.googleusercontent.com/BkPIylrLA0iw570doe6Sp1RjNF0IOisfQN9arxv7IbUGZCCALTCkDWumVtRA67JKK2rZ9ELvvaV4g6vALlHEy3ZKn68HWsL-wEDnSrjcG0BNX60=w32-fSoften=1,100,0-rp-e365",
        "https://www.lh3.googleusercontent.com/BkPIylrLA0iw570doe6Sp1RjNF0IOisfQN9arxv7IbUGZCCALTCkDWumVtRA67JKK2rZ9ELvvaV4g6vALlHEy3ZKn68HWsL-wEDnSrjcG0BNX60=w960-rj-nu-e365",
        "https://www.twitter.com/hashtag/GazaStrip?src=hash&ref_src=twsrc%5Etfw",
        "https://www.lh3.googleusercontent.com/BkPIylrLA0iw570doe6Sp1RjNF0IOisfQN9arxv7IbUGZCCALTCkDWumVtRA67JKK2rZ9ELvvaV4g6vALlHEy3ZKn68HWsL-wEDnSrjcG0BNX60=w960-rj-l80-nu-e365",
        "https://www.twitter.com/hashtag/Gaza?src=hash&ref_src=twsrc%5Etfw"
    ],
    "external_images": [],
    "entities": {
        "persons": [
            {
                "name": "akiva tor",
                "sentiment": "none"
            }
        ],
        "organizations": [
            {
                "name": "hamas",
                "sentiment": "negative"
            },
            {
                "name": "ytn",
                "sentiment": "none"
            },
            {
                "name": "al jazeera",
                "sentiment": "none"
            },
            {
                "name": "facebook",
                "sentiment": "none"
            }
        ],
        "locations": [
            {
                "name": "south korea",
                "sentiment": "none"
            },
            {
                "name": "seoul",
                "sentiment": "none"
            },
            {
                "name": "korea",
                "sentiment": "none"
            },
            {
                "name": "gaza",
                "sentiment": "none"
            },
            {
                "name": "israel",
                "sentiment": "none"
            },
            {
                "name": "republic of korea",
                "sentiment": "none"
            }
        ]
    },
    "rating": null,
    "crawled": "2023-12-29T00:25:06.385+02:00",
    "updated": "2024-01-01T16:18:44.362+02:00"
}