{
    "thread": {
        "uuid": "32d358d16f1f3f08f411c7bda1b608862982accd",
        "url": "https://www.montevideo.com.uy/Noticias/Principal-central-obrera-de-Argentina-ira-a-paro-general-contra-Milei-el-24-de-enero-uc875225",
        "site_full": "www.montevideo.com.uy",
        "site": "montevideo.com.uy",
        "site_section": "https://www.montevideo.com.uy",
        "site_categories": [
            "social"
        ],
        "section_title": "Montevideo Portal",
        "title": "Principal central obrera de Argentina irá a paro general contra Milei el 24 de enero",
        "title_full": "Principal central obrera de Argentina irá a paro general contra Milei el 24 de enero",
        "published": "2023-12-28T23:45:00.000+02:00",
        "replies_count": 0,
        "participants_count": 1,
        "site_type": "news",
        "country": "UY",
        "main_image": "https://imagenes.montevideo.com.uy/imgnoticias/202312/_W933_80/867184.jpg",
        "performance_score": 0,
        "domain_rank": 44082,
        "domain_rank_updated": "2023-12-26T12:06:25.000+02:00",
        "reach": null,
        "social": {
            "facebook": {
                "likes": 0,
                "comments": 0,
                "shares": 0
            },
            "gplus": {
                "shares": 0
            },
            "pinterest": {
                "shares": 0
            },
            "linkedin": {
                "shares": 0
            },
            "stumbledupon": {
                "shares": 0
            },
            "vk": {
                "shares": 0
            }
        }
    },
    "uuid": "32d358d16f1f3f08f411c7bda1b608862982accd",
    "url": "https://www.montevideo.com.uy/Noticias/Principal-central-obrera-de-Argentina-ira-a-paro-general-contra-Milei-el-24-de-enero-uc875225",
    "ord_in_thread": 0,
    "parent_url": null,
    "author": "@portalmvd",
    "published": "2023-12-28T23:45:00.000+02:00",
    "title": "Principal central obrera de Argentina irá a paro general contra Milei el 24 de enero",
    "text": "La Confederación General del Trabajo, principal central obrera de Argentina, convocó un paro general el próximo 24 de enero en rechazo a [un decreto y un paquete de proyectos de ley del presidente Javier Milei](https://www.montevideo.com.uy/Noticias/Milei-anuncio-decreto-con-mas-de-300-derogaciones-y-reformas-para-desarmar-regulaciones--uc874573), según anunció su secretario general, Héctor Daer. “El día 24 vamos a hacer un paro con movilización al Congreso para apoyar a aquellos diputados y senadores que nos planteen que esto no puede pasar en Argentina”, dijo Daer este jueves, al considerar que [el decreto y los proyectos de ley, que buscan desregular la economía argentina](https://www.montevideo.com.uy/Noticias/Las-claves-del-decreto-urgente-de-Milei-su-plan-para-que-Argentina-sea-una-potencia--uc874600), concentrarían en el presidente “la suma del poder público”. Ese día será cuando la [Cámara de Diputados debata el paquete de proyectos de ley](https://www.montevideo.com.uy/Noticias/El-megadecreto-urgente-de-Milei-peligra-por-la-falta-de-apoyo-en-el-Congreso-uc874694), conocido como “ley ómnibus”, explicó el líder obrero. Milei, se propone dar [un gigantesco remezón a la economía argentina](https://www.montevideo.com.uy/Noticias/Milei-no-renovara-5-000-contratos-publicos-y-revisara-un-millon-de-planes-sociales-uc874991) con la derogación o reforma de más de 300 leyes mediante un decreto que entrará en vigor el viernes y que incluye el régimen laboral. “El objetivo es comenzar el camino de reconstrucción del país, devolverle la libertad y autonomía a los individuos y empezar a desarmar la enorme cantidad de regulaciones que han detenido, entorpecido e impedido el crecimiento económico”, sostuvo el mandatario al anunciar el decreto la semana pasada. Daer criticó esa decisión y negó que haya una situación de necesidad o urgencia que justifique el decreto. “Atenta contra los derechos individuales y colectivos de los trabajadores, también contra el sistema solidario de salud”, aseveró el líder sindical. El decreto [solamente puede ser invalidado si es rechazado tanto por la Cámara de Diputados como por el Senado](https://www.montevideo.com.uy/Noticias/Parlamento-argentino-debatira-megadecreto-de-Milei-entre-el-26-de-diciembre-y-31-de-enero-uc874791). Como complemento, Milei presentó el miércoles al Congreso [un paquete de modificaciones de leyes que contemplan](https://www.montevideo.com.uy/Noticias/Privatizar-YPF-eliminar-PASO-y-mas-control-en-manifestaciones-Milei-envio-ley-omnibus-uc875120) [abrir la puerta a la privatización de más de 40 empresas públicas](https://www.montevideo.com.uy/Noticias/Gobierno-argentino-aclara-que-no-necesariamente-privatizara-41-empresas-publicas-uc875188) y limitar el derecho de reunión y manifestación, entre otros aspectos. Pedido de insconstitucionalidad La CGT, que cuenta con unos 7 millones de afiliados, [pidió el miércoles ante la justicia la declaratoria de inconstitucionalidad del decreto de Milei](https://www.montevideo.com.uy/Noticias/Justicia-rechaza-pedido-de-central-sindical-de-declarar-inconstitucional-decreto-de-Milei-uc875078), con [una movilización de miles de personas a la sede de los tribunales en Buenos Aires](https://www.montevideo.com.uy/Noticias/Sindicatos-protestan-contra-el-megadecreto-desregulador-firmado-por-Milei-en-Argentina-uc875100). “No hay ningún contacto con el gobierno, y nosotros no propusimos esta dinámica”, declaró Daer. “En menos de una semana transforman la Argentina y nos llevan a la Argentina pastoril”, criticó el dirigente sindical al aludir a las propuestas de Milei, quien se considera un libertario capitalista. El presidente lleva adelante un amplio plan de austeridad, que incluye la eliminación de subsidios al transporte y a las tarifas de los servicios públicos y paraliza la construcción de obras de infraestructura financiadas por el Estado. El objetivo es recortar el gasto público en el equivalente a 5% del PIB. También se devaluó en más de 50% la moneda. Milei sostiene que el país necesita un tratamiento de shock, y aunque reconoce que los próximos meses serán duros, considera que podrá atraer inversiones y hacer de Argentina “un país potencia”. AFP",
    "highlightText": "",
    "highlightTitle": "",
    "highlightThreadTitle": "",
    "language": "spanish",
    "sentiment": "negative",
    "categories": [
        "Labor",
        "Politics",
        "Social Issue"
    ],
    "external_links": [],
    "external_images": [],
    "entities": {
        "persons": [],
        "organizations": [],
        "locations": []
    },
    "rating": null,
    "crawled": "2023-12-29T00:19:52.594+02:00",
    "updated": "2023-12-29T00:19:52.594+02:00"
}