{
    "thread": {
        "uuid": "35e3cc89ea863614d925473c95baeb850c8d6c9b",
        "url": "https://wtop.com/news/2023/12/gobierno-de-biden-amenaza-con-demandar-a-texas-por-su-nueva-ley-de-inmigracion/",
        "site_full": "wtop.com",
        "site": "wtop.com",
        "site_section": "http://liveblogwp.wtop.com/feed",
        "site_categories": [
            "media",
            "car_culture",
            "vehicles"
        ],
        "section_title": "WTOP News",
        "title": "Gobierno de Biden amenaza con demandar a Texas por su nueva ley de inmigración - WTOP News",
        "title_full": "Gobierno de Biden amenaza con demandar a Texas por su nueva ley de inmigración - WTOP News",
        "published": "2023-12-28T23:39:00.000+02:00",
        "replies_count": 0,
        "participants_count": 1,
        "site_type": "news",
        "country": "US",
        "main_image": "https://wtop.com/wp-content/uploads/2017/04/wtop_logo_512x512.png",
        "performance_score": 0,
        "domain_rank": 3241,
        "domain_rank_updated": "2023-12-26T12:06:20.000+02:00",
        "reach": null,
        "social": {
            "facebook": {
                "likes": 0,
                "comments": 0,
                "shares": 0
            },
            "gplus": {
                "shares": 0
            },
            "pinterest": {
                "shares": 0
            },
            "linkedin": {
                "shares": 0
            },
            "stumbledupon": {
                "shares": 0
            },
            "vk": {
                "shares": 0
            }
        }
    },
    "uuid": "35e3cc89ea863614d925473c95baeb850c8d6c9b",
    "url": "https://wtop.com/news/2023/12/gobierno-de-biden-amenaza-con-demandar-a-texas-por-su-nueva-ley-de-inmigracion/",
    "ord_in_thread": 0,
    "parent_url": null,
    "author": "News Traffic Weather",
    "published": "2023-12-28T23:39:00.000+02:00",
    "title": "Gobierno de Biden amenaza con demandar a Texas por su nueva ley de inmigración - WTOP News",
    "text": "(CNN) — El Departamento de Justicia de Estados Unidos amenazó con demandar a Texas por su nueva ley de inmigración en una carta enviada este jueves, según una copia que CNN obtuvo del documento. Esto supone la escalada más reciente entre el presidente Joe Biden y el gobernador de Texas, el republicano Greg Abbott, sobre la gestión de la frontera entre EE.UU. y México. A principios de este mes, Abbott promulgó una ley, conocida como SB4, que otorga a las autoridades locales la facultad de detener a los inmigrantes y a los jueces la capacidad de emitir órdenes para deportarlos de Estados Unidos. La nueva ley de inmigración de Texas siembra confusión e incertidumbre a lo largo de la frontera La Casa Blanca criticó la ley, al calificarla de “increíblemente extrema”. Se espera que entre en vigor en marzo. En una carta dirigida a Abbott, el Departamento de Justicia argumentó que la medida “se antepone y viola la Constitución de EE.UU.” y también amenaza con afectar la capacidad del gobierno federal para hacer cumplir la ley de inmigración. “En consecuencia, Estados Unidos tiene la intención de presentar una demanda para impedir la aplicación de la SB4 a menos que Texas acceda a abstenerse de implementar la ley. Estados Unidos se ha comprometido tanto a asegurar la frontera como a garantizar el procesamiento de los no ciudadanos de conformidad con la Ley de Inmigración y Nacionalidad (INA). La ley SB4 es contraria a estos objetivos”, afirma la carta, firmada por el subsecretario adjunto Brian Boynton. ¿Cómo es la nueva ley de Texas que penaliza la entrada irregular de migrantes al estado? Las claves de la polémica ley SB4 La amenaza legal de este jueves se produce después de que el Departamento de Justicia demandara a Texas por el uso de boyas flotantes en el río Grande. La demanda sigue su curso en los tribunales. The-CNN-Wire ™ & © 2023 Cable News Network, Inc., a Warner Bros. Discovery Company. All rights reserved.",
    "highlightText": "",
    "highlightTitle": "",
    "highlightThreadTitle": "",
    "language": "spanish",
    "sentiment": "negative",
    "categories": [
        "Crime, Law and Justice",
        "Politics",
        "Human Interest"
    ],
    "external_links": [],
    "external_images": [],
    "entities": {
        "persons": [],
        "organizations": [],
        "locations": []
    },
    "rating": null,
    "crawled": "2023-12-29T00:18:24.164+02:00",
    "updated": "2023-12-29T00:18:24.164+02:00"
}