{
    "thread": {
        "uuid": "ceae7216c9f465f0707de772ffc53dc42e4750d7",
        "url": "https://www.meneame.net/story/como-perder-alcaldia-pamplona-reputacion-sola-frase/c020",
        "site_full": "www.meneame.net",
        "site": "meneame.net",
        "site_section": "https://www.meneame.net//comments_rss",
        "site_categories": [
            "non_standard_content",
            "adult"
        ],
        "section_title": "Menéame: comentarios",
        "title": "#20 Cómo perder la alcaldía de Pamplona y la reputación en una sola frase",
        "title_full": "#20 Cómo perder la alcaldía de Pamplona y la reputación en una sola frase",
        "published": "2023-12-28T23:09:00.000+02:00",
        "replies_count": 0,
        "participants_count": 1,
        "site_type": "news",
        "country": "ES",
        "main_image": "https://meneame.net/img/logo_meneame_footer.svg",
        "performance_score": 0,
        "domain_rank": 11108,
        "domain_rank_updated": "2023-12-26T12:06:20.000+02:00",
        "reach": null,
        "social": {
            "facebook": {
                "likes": 0,
                "comments": 0,
                "shares": 0
            },
            "gplus": {
                "shares": 0
            },
            "pinterest": {
                "shares": 0
            },
            "linkedin": {
                "shares": 0
            },
            "stumbledupon": {
                "shares": 0
            },
            "vk": {
                "shares": 0
            }
        }
    },
    "uuid": "ceae7216c9f465f0707de772ffc53dc42e4750d7",
    "url": "https://www.meneame.net/story/como-perder-alcaldia-pamplona-reputacion-sola-frase/c020",
    "ord_in_thread": 0,
    "parent_url": null,
    "author": "elgranmago",
    "published": "2023-12-28T23:09:00.000+02:00",
    "title": "#20 Cómo perder la alcaldía de Pamplona y la reputación en una sola frase",
    "text": "[Osdransky](/user/Osdransky)a [eldiario.es](/go/link/3891544)\nLa plaza consistorial de Pamplona parece sanfermines en esta moción pero el PP sigue sin entender absolutamente nada!!!!\nIdos a tomar por culo!!!!!!!\n[#1](c1#c-1) llevan así desde la recogida de firmas para derogar el estatut catalán. Pero que sigan, que sigan.\n[#10](c10#c-10) y eso que allí ponen todos los impedimentos posibles para que la gente no vote (sobre todo los grupos poblacionales que no suelen votar a los republicanos).\n[#1](c1#c-1) Positivo por el elefante uso del imperativo del verbo ir con el enclético \"os\". Aunque la real academia admite desde hace años \"iros\" y todos recordamos con cariño aquel \"si me queréis, irse\" de la gran Lola no es menos cierto que \"Idos a tomar por culo\" destila elegancia, clasicismo, ritmo, gracia y donaire en cada sílaba.\n[#9](c9#c-9) No hay ningún clasismo, todo lo contrario, está reconociendo la dureza de ese trabajo y el mérito que tiene hacerlo.\nEs como si dijera \"preferiría trabajar en la mina\". Se refiere a la dureza del trabajo.\nNo va a decir \"preferiría trabajar como CEO de un eléctrica\", lo cual no suena a trabajo físico duro.\nNingún clasismo, pero lo dice elpanfleto.es, manipulando, y os lo tragáis todo sin masticar. Qué pena. Un poquito de capacidad crítica no os vendría mal, deberíais intentarlo, aunque os cueste, debido a que hay que pensar y eso no es fácil para vosotros. Es más fácil formar parte del rebaño.\nCreo que les ha retratado muy bien. Estoy un poco cansado de eldiario pero este artículo es bastante adecuado.\n[#0](c0#c-0) gracias\n[#2](c2#c-2) Tranquilo, tienen todo el escudo mediático. No lo verás en el telediario de A3, salvo que esa misma frase la hubiera dicho una alcaldesa del PSOE o de SUMAR.\n[#5](c5#c-5) Al hilo de lo que dices, hoy he visto las noticias de la noche de A·, con Vicente Vallés, y, en algún momento creía que le iba a dar un infarto: los independentistas, Bildu, traición del PSOE, traición de Sánchez y así así... Uno, si sigue escuchando cree que va a llegar el final de la democracia y el apocalipsis, como mínimo.\n[#6](c6#c-6) es indecente lo de ese señor... verlo vomitar bilis de esa manera, da muchisima grima, no se como no le aconseja alguien que se modere un poco\nA mí el que me hace gracia es Feijó diciendo que el PSOE ya no es un partido constitucionalista.\nPues no sé, creo que debió quedarse dormido en el artículo 1 porque en el 140 ya te dice de forma general cómo se eligen los concejales y como son éstos los que eligen a un alcalde.\nEn fin, que habrá quien le compre el discurso, pero no hay por donde cogerlo",
    "highlightText": "",
    "highlightTitle": "",
    "highlightThreadTitle": "",
    "language": "spanish",
    "sentiment": "negative",
    "categories": [
        "Politics",
        "Human Interest",
        "Social Issue"
    ],
    "external_links": [],
    "external_images": [],
    "entities": {
        "persons": [],
        "organizations": [],
        "locations": []
    },
    "rating": null,
    "crawled": "2023-12-29T00:11:32.021+02:00",
    "updated": "2023-12-29T00:11:32.021+02:00"
}