{
    "thread": {
        "uuid": "c1737c1cf1cd86233a931b95c93fabd0b2da861e",
        "url": "https://ground.news/article/tajikistan-hands-prime-tract-of-land-to-presidents-relative-opponents-claim",
        "site_full": "ground.news",
        "site": "ground.news",
        "site_section": "https://ground.news/interest/radio-free-europe-radioliberty",
        "site_categories": [],
        "section_title": "Radio Free Europe/ RadioLiberty Breaking News Headlines Today | Ground News",
        "title": "Ground News - Tajikistan Hands Prime Tract Of Land To President's Relative, Opponents Claim",
        "title_full": "Ground News - Tajikistan Hands Prime Tract Of Land To President's Relative, Opponents Claim",
        "published": "2023-12-28T23:36:00.000+02:00",
        "replies_count": 0,
        "participants_count": 1,
        "site_type": "news",
        "country": "CA",
        "main_image": "",
        "performance_score": 0,
        "domain_rank": 29780,
        "domain_rank_updated": "2023-12-26T12:06:20.000+02:00",
        "reach": null,
        "social": {
            "facebook": {
                "likes": 0,
                "comments": 0,
                "shares": 0
            },
            "gplus": {
                "shares": 0
            },
            "pinterest": {
                "shares": 0
            },
            "linkedin": {
                "shares": 0
            },
            "stumbledupon": {
                "shares": 0
            },
            "vk": {
                "shares": 0
            }
        }
    },
    "uuid": "c1737c1cf1cd86233a931b95c93fabd0b2da861e",
    "url": "https://ground.news/article/tajikistan-hands-prime-tract-of-land-to-presidents-relative-opponents-claim",
    "ord_in_thread": 0,
    "parent_url": null,
    "author": "Radio Free Europe/ RadioLiberty",
    "published": "2023-12-28T23:36:00.000+02:00",
    "title": "Ground News - Tajikistan Hands Prime Tract Of Land To President's Relative, Opponents Claim",
    "text": "Summary by Radio Free Europe/ RadioLiberty The Tajik government has transferred temporary ownership of thousands of hectares of land outside the capital, Dushanbe, to a private company in a murky deal, an RFE/RL investigation shows. The head of the company has been identified by government critics as one of authoritarian President Emomali Rahmon’s in-laws. Rahmon and his relatives have long been accused of enriching themselves at the expense of the impoverished nation. Share menu More\nFilters 1 Articles 1 Articles All Left Center Right\nRadio Free Europe/ RadioLiberty Center Mixed Factuality Tajikistan Hands Prime Tract Of Land To President's Relative, Opponents Claim The Tajik government has transferred temporary ownership of thousands of hectares of land outside the capital, Dushanbe, to a private company in a murky deal, an RFE/RL investigation shows. The head of the company has been identified by government critics as one of authoritarian President Emomali Rahmon’s in-laws. Rahmon and his relatives have long been accused of enriching themselves at the expense of the impoverished nation.\n4 hours ago · Czechia Read Full Article\nRadio Free Europe/ RadioLiberty Center Mixed Factuality\nTajikistan Hands Prime Tract Of Land To President's Relative, Opponents Claim The Tajik government has transferred temporary ownership of thousands of hectares of land outside the capital, Dushanbe, to a private company in a murky deal, an RFE/RL investigation shows. The head of the company has been identified by government critics as one of authoritarian President Emomali Rahmon’s in-laws. Rahmon and his relatives have long been accused of enriching themselves at the expense of the impoverished nation.\n4 hours ago · Czechia Read Full Article Think freely. Subscribe and get full access to Ground News Subscriptions start at $9.99/year Subscribe",
    "highlightText": "",
    "highlightTitle": "",
    "highlightThreadTitle": "",
    "language": "english",
    "sentiment": "negative",
    "categories": [
        "Politics",
        "Human Interest",
        "Crime, Law and Justice"
    ],
    "external_links": [
        "https://www.rferl.org/a/tajikistan-rahmon-family-land-corruption/32751228.html?utm_source=ground.news&utm_medium=referral",
        "https://rferl.org/a/tajikistan-rahmon-family-land-corruption/32751228.html?utm_source=ground.news&utm_medium=referral",
        "https://www.rferl.org/a/tajikistan-rahmon-family-land-corruption/32751228.html"
    ],
    "external_images": [],
    "entities": {
        "persons": [
            {
                "name": "rahmon",
                "sentiment": "none"
            },
            {
                "name": "emomali rahmon",
                "sentiment": "none"
            }
        ],
        "organizations": [
            {
                "name": "radio free europe",
                "sentiment": "negative"
            },
            {
                "name": "center right radio free europe/ radioliberty center mixed factuality tajikistan",
                "sentiment": "none"
            },
            {
                "name": "rfe/rl",
                "sentiment": "none"
            }
        ],
        "locations": [
            {
                "name": "tajikistan",
                "sentiment": "none"
            },
            {
                "name": "dushanbe",
                "sentiment": "none"
            }
        ]
    },
    "rating": null,
    "crawled": "2023-12-29T00:20:36.171+02:00",
    "updated": "2023-12-29T00:20:36.171+02:00"
}