{
    "thread": {
        "uuid": "9c055abec84c81aa2820dc8bba108fc37890b71f",
        "url": "https://ground.news/article/ex-rep-katie-hill-settles-revenge-porn-case-against-former-husband",
        "site_full": "ground.news",
        "site": "ground.news",
        "site_section": "https://ground.news/interest/spectrum-news",
        "site_categories": [],
        "section_title": "Spectrum News Breaking News Headlines Today | Ground News",
        "title": "Ground News - Ex-Rep. Katie Hill settles revenge-porn case against former husband",
        "title_full": "Ground News - Ex-Rep. Katie Hill settles revenge-porn case against former husband",
        "published": "2023-12-28T18:30:00.000+02:00",
        "replies_count": 0,
        "participants_count": 1,
        "site_type": "news",
        "country": "CA",
        "main_image": "",
        "performance_score": 0,
        "domain_rank": 29780,
        "domain_rank_updated": "2023-12-26T12:06:20.000+02:00",
        "reach": null,
        "social": {
            "facebook": {
                "likes": 0,
                "comments": 0,
                "shares": 0
            },
            "gplus": {
                "shares": 0
            },
            "pinterest": {
                "shares": 0
            },
            "linkedin": {
                "shares": 0
            },
            "stumbledupon": {
                "shares": 0
            },
            "vk": {
                "shares": 0
            }
        }
    },
    "uuid": "9c055abec84c81aa2820dc8bba108fc37890b71f",
    "url": "https://ground.news/article/ex-rep-katie-hill-settles-revenge-porn-case-against-former-husband",
    "ord_in_thread": 0,
    "parent_url": null,
    "author": "Ground News",
    "published": "2023-12-28T18:30:00.000+02:00",
    "title": "Ground News - Ex-Rep. Katie Hill settles revenge-porn case against former husband",
    "text": "Summary by Ground News Hill sued her ex-spouse, Kenneth Heslep, and the news groups in December 2020. She alleged nude photos of her were published without her permission. The media defendants were previously dismissed on free-speech grounds. Hill was subsequently assessed thousands of dollars in attorneys' fees. Share menu More\nFilters 1 Articles 1 Articles All Left Center Right\nSpectrum News Center High Factuality Media Conglomerate: Advance Publications Media Conglomerate: Liberty Media Ex-Rep. Katie Hill settles revenge-porn case against former husband Hill sued her ex-spouse, Kenneth Heslep, and the news groups, in Los Angeles Superior Court in December 2020.\n9 hours ago · United States Read Full Article\nSpectrum News Center High Factuality Media Conglomerate: Advance Publications Media Conglomerate: Liberty Media\nEx-Rep. Katie Hill settles revenge-porn case against former husband Hill sued her ex-spouse, Kenneth Heslep, and the news groups, in Los Angeles Superior Court in December 2020.\n9 hours ago · United States Read Full Article Think freely. Subscribe and get full access to Ground News Subscriptions start at $9.99/year Subscribe",
    "highlightText": "",
    "highlightTitle": "",
    "highlightThreadTitle": "",
    "language": "english",
    "sentiment": "negative",
    "categories": [
        "Politics",
        "Human Interest",
        "Crime, Law and Justice"
    ],
    "external_links": [
        "https://spectrumnews1.com/ca/la-west/politics/2023/12/28/katie-hill-settlement-revenge-porn-case?utm_source=ground.news&utm_medium=referral",
        "https://spectrumnews1.com/ca/la-west/politics/2023/12/28/katie-hill-settlement-revenge-porn-case",
        "https://www.spectrumnews1.com/ca/la-west/politics/2023/12/28/katie-hill-settlement-revenge-porn-case?utm_source=ground.news&utm_medium=referral"
    ],
    "external_images": [],
    "entities": {
        "persons": [
            {
                "name": "hill",
                "sentiment": "negative"
            },
            {
                "name": "katie hill",
                "sentiment": "negative"
            },
            {
                "name": "kenneth heslep",
                "sentiment": "negative"
            }
        ],
        "organizations": [
            {
                "name": "los angeles superior court",
                "sentiment": "none"
            },
            {
                "name": "articles all left center right spectrum news center high factuality media conglomerate",
                "sentiment": "none"
            }
        ],
        "locations": [
            {
                "name": "united states",
                "sentiment": "none"
            }
        ]
    },
    "rating": null,
    "crawled": "2023-12-29T00:20:31.885+02:00",
    "updated": "2023-12-29T00:20:31.885+02:00"
}