{
    "thread": {
        "uuid": "5ce704d936971d9a1d7562bec5726eedacfc7ac1",
        "url": "https://expansion.mx/mundo/2023/12/28/india-ha-usado-el-software-pegasus-para-espiar-a-periodistas-dice-amnistia",
        "site_full": "expansion.mx",
        "site": "expansion.mx",
        "site_section": "https://expansion.mx/rss/portada.rss",
        "site_categories": [
            "vehicles",
            "auto_repair"
        ],
        "section_title": "Expansión",
        "title": "India ha usado el software Pegasus para espiar a periodistas, dice Amnistía",
        "title_full": "India ha usado el software Pegasus para espiar a periodistas, dice Amnistía",
        "published": "2023-12-28T22:44:00.000+02:00",
        "replies_count": 0,
        "participants_count": 1,
        "site_type": "news",
        "country": "MX",
        "main_image": "https://cdn-3.expansion.mx/dims4/default/17ec2a1/2147483647/strip/true/crop/2121x1114+0+150/resize/1200x630!/format/jpg/quality/80/?url=https%3A%2F%2Fcdn-3.expansion.mx%2Fe1%2F81%2F0d06049e49858bff1b357d79bf49%2Fpegasus-india-espia-periodistas.jpg",
        "performance_score": 0,
        "domain_rank": 12259,
        "domain_rank_updated": "2023-12-26T12:06:20.000+02:00",
        "reach": null,
        "social": {
            "facebook": {
                "likes": 0,
                "comments": 0,
                "shares": 0
            },
            "gplus": {
                "shares": 0
            },
            "pinterest": {
                "shares": 0
            },
            "linkedin": {
                "shares": 0
            },
            "stumbledupon": {
                "shares": 0
            },
            "vk": {
                "shares": 0
            }
        }
    },
    "uuid": "5ce704d936971d9a1d7562bec5726eedacfc7ac1",
    "url": "https://expansion.mx/mundo/2023/12/28/india-ha-usado-el-software-pegasus-para-espiar-a-periodistas-dice-amnistia",
    "ord_in_thread": 0,
    "parent_url": null,
    "author": "(FOTO: iStock/xijian)",
    "published": "2023-12-28T22:44:00.000+02:00",
    "title": "India ha usado el software Pegasus para espiar a periodistas, dice Amnistía",
    "text": "El gobierno indio empleó recientemente el programa de espionaje cibernético Pegasus contra periodistas de alto perfil, denunciaron el jueves Amnistía Internacional y el diario Washington Post en una investigación conjunta.\nEl spyware Pegasus, creado por la firma israelí NSO y vendido a gobiernos en todo el mundo, puede ser empleado para acceder a mensajes telefónicos y de correo electrónico, escuchar llamadas, rastrear la ubicación e incluso filmar al dueño con su cámara.\nPublicidad Según Amnistía Internacional, los periodistas Siddharth Varadarajan, de The Wire, y Anand Mangnale, del Proyecto de Información sobre Crimen Organizado y Corrupción, fueron blanco del spyware en sus iPhones.\n\"Nuestros últimos hallazgos muestran que cada vez más periodistas en India enfrentan la amenaza de vigilancia ilegal solo por hacer su trabajo, junto a otras herramientas de represión como encarcelamiento bajo leyes draconianas, campañas de desprestigio, hostigamiento e intimidación\", declaró Donncha O Cearbhaill, director del Laboratorio de Seguridad de Amnistía.\nRecomendamos México Slim, Larrea y periodistas fueron espiados con Pegasus, confirma testigo El gobierno indio no respondió de inmediato a la denuncia, pero en 2021 negó denuncias similares de que había empleado el spyware Pegasus para vigilar a adversarios políticos, activistas o periodistas.\nLa prensa india informó en noviembre de que la unidad de ciberseguridad del país investigaba denuncias de políticos opositores sobre intentos de espionaje telefónicos tras recibir avisos de sus iPhones sobre \"atacantes patrocinados por el Estado\".\nEn ese caso, el ministro de Información y Tecnología, Ashwini Vaishnaw, dijo que el gobierno estaba \"preocupado\" por las denuncias.\nPublicidad podcast Escucha nuestros podcast aquí Publicidad Tags Espionaje e inteligencia India Recomendaciones Tecnología Israel recurre al fabricante de Pegasus para rastrear rehenes en Gaza 4 Min Read Tecnología Apple corrige un error que permitía instalar el spyware Pegasus en iPhone 2 Min Read México La CIDH urge al Gobierno de México avanzar en investigaciones sobre espionaje 2 Min Read Más acerca del autor: AFP @ExpansionMx Newsletter",
    "highlightText": "",
    "highlightTitle": "",
    "highlightThreadTitle": "",
    "language": "spanish",
    "sentiment": "negative",
    "categories": [
        "Crime, Law and Justice",
        "Politics",
        "Human Interest"
    ],
    "external_links": [
        "https://www.amnesty.org/en/latest/news/2023/12/india-damning-new-forensic-investigation-reveals-repeated-use-of-pegasus-spyware-to-target-high-profile-journalists/",
        "https://www.washingtonpost.com/world/2023/12/27/india-apple-iphone-hacking/",
        "https://ads.viralize.tv/display/?zid=AAFCAUyZ8f0WYb9a",
        "https://twitter.com/ExpansionMx",
        "https://ads.viralize.tv/display/",
        "https://amnesty.org/en/latest/news/2023/12/india-damning-new-forensic-investigation-reveals-repeated-use-of-pegasus-spyware-to-target-high-profile-journalists/",
        "https://www.twitter.com/ExpansionMx",
        "https://washingtonpost.com/world/2023/12/27/india-apple-iphone-hacking/",
        "https://www.ads.viralize.tv/display/?zid=AAFCAUyZ8f0WYb9a",
        "https://www.amnesty.org/en/latest/news/2023/12/india-damning-new-forensic-investigation-reveals-repeated-use-of-pegasus-spyware-to-target-high-profile-journalists",
        "https://www.washingtonpost.com/world/2023/12/27/india-apple-iphone-hacking"
    ],
    "external_images": [],
    "entities": {
        "persons": [],
        "organizations": [],
        "locations": []
    },
    "rating": null,
    "crawled": "2023-12-29T00:08:22.056+02:00",
    "updated": "2023-12-29T00:08:22.056+02:00"
}