{
    "thread": {
        "uuid": "a71cf39b897c32b8aae247a03767a8685d16d8ac",
        "url": "https://okdiario.com/espana/calvino-evita-dar-gracias-ministros-podemos-esconde-diaz-bronca-despedida-12137491",
        "site_full": "okdiario.com",
        "site": "okdiario.com",
        "site_section": "https://okdiario.com",
        "site_categories": [
            "media"
        ],
        "section_title": "Okdiario, el digital de Eduardo Inda",
        "title": "Calviño evita dar las gracias a los ministros de Podemos y esconde a Díaz tras una bronca en su despedida",
        "title_full": "Calviño evita dar las gracias a los ministros de Podemos y esconde a Díaz tras una bronca en su despedida",
        "published": "2023-12-28T22:45:00.000+02:00",
        "replies_count": 0,
        "participants_count": 1,
        "site_type": "news",
        "country": "ES",
        "main_image": "https://okdiario.com/img/2023/12/28/despedida-calvino-interior.jpg",
        "performance_score": 0,
        "domain_rank": 11525,
        "domain_rank_updated": "2023-12-26T12:06:20.000+02:00",
        "reach": null,
        "social": {
            "facebook": {
                "likes": 0,
                "comments": 0,
                "shares": 0
            },
            "gplus": {
                "shares": 0
            },
            "pinterest": {
                "shares": 0
            },
            "linkedin": {
                "shares": 0
            },
            "stumbledupon": {
                "shares": 0
            },
            "vk": {
                "shares": 0
            }
        }
    },
    "uuid": "a71cf39b897c32b8aae247a03767a8685d16d8ac",
    "url": "https://okdiario.com/espana/calvino-evita-dar-gracias-ministros-podemos-esconde-diaz-bronca-despedida-12137491",
    "ord_in_thread": 0,
    "parent_url": null,
    "author": "@okdiario",
    "published": "2023-12-28T22:45:00.000+02:00",
    "title": "Calviño evita dar las gracias a los ministros de Podemos y esconde a Díaz tras una bronca en su despedida",
    "text": "Calviño evita dar las gracias a los ministros de Podemos y esconde a Díaz tras una bronca en su despedida Nadia Calviño, que este viernes dejará de ser la ministra de Economía, ha compartido una serie de fotos en su despedida del cargo en la que aparece con todos los ministros socialistas, actuales y pasados, del Ejecutivo de Sánchez, pero en las que no aparece ninguno de sus socios, sean de Podemos o de Sumar. Calviño, hasta ahora vicepresidenta primera del Gobierno y ministra de Economía, será la próxima presidenta del Banco Europeo de Inversiones (BEI). El pasado 21 de diciembre, [se despidió](https://okdiario.com/economia/calvino-desatada-voy-orgullo-haber-salvado-pais-durante-pandemia-12110002) del Congreso con un alegato en favor de su gestión al frente del ministerio. Este jueves, a un día de que Sánchez anuncie su relevo, compartía esa serie de fotos en la que no hay rastro de ministros de Podemos ni de Yolanda Díaz. Comparto algunas fotos de estos cinco años y medio con compañeros y compañeras de los sucesivos gobiernos del presidente [@sanchezcastejon]. Hemos vivido momentos históricos, superando las dificultades y trabajando codo con codo en un ambiente de confianza y cariño. ¡Gracias! [pic.twitter.com/RSH4GUDBxU] — Nadia Calviño (@NadiaCalvino) [December 28, 2023] Las fotografías van acompañadas de mensajes de agradecimiento. «Hemos vivido momentos históricos», dice. Junto a ella, el presidente del Gobierno, Pedro Sánchez, así como ministros de todos los gobiernos como Margarita Robles, Fernando Grande-Marlaska o María Jesús Montero, entre otros. Incluso aparecen antiguos compañeros como Miquel Iceta o Pedro Duque. Pero ni rastro de los ministros de Unidas Podemos. Además, Calviño ha querido hacer especial mención a sus compañeras en la vicepresidencia, a quienes ha calificado como «grandes profesionales y personas». No obstante, en la fotografía que acompaña a este mensaje únicamente aparece junto a María Jesús Montero y Teresa Ribera, a quienes ha llamado públicamente «amigas». La ausencia de Yolanda Díaz deja en evidencia la mala relación existente entre ambas. Ha sido un placer compartir tantos momentos y poder contar con el apoyo de compañeras como [@Teresaribera]y [@mjmonteroc], grandes profesionales y personas. ¡Muchas gracias, amigas! [pic.twitter.com/7YIyJUSKS8] — Nadia Calviño (@NadiaCalvino) [December 28, 2023] Enésima bronca con Yolanda Díaz Según ha podido saber OKDIARIO, en su último Consejo de Ministros, Calviño volvió a chocar con Díaz, como tantas otras veces durante el tiempo que han coincidido en el Gobierno. En la que fue la despedida de la hasta ahora ministra de Economía, quedó claro que entre ellas nunca hubo una buena conexión. La prórroga del impuesto a las energéticas con el [decreto ómnibus](https://okdiario.com/economia/sanchez-aplaza-rebaja-del-impuesto-energeticas-hasta-abril-yolanda-diaz-amenaza-eliminarla-12134537) provocó dicho alboroto y el Consejo se extendió hasta dos horas más de lo que estaba estipulado. Todo esto ocurre en un momento en el que la parte socialista del Gobierno está resentida precisamente con Yolanda tras un vídeo compartido por el Ministerio de Trabajo en el que la propia vicepresidenta critica las ayudas al sector energético, medida impulsada por Calviño. «Es absolutamente incomprensible que en nuestro país bajemos los impuestos a las grandes energéticas, que tienen unos beneficios absolutamente obscenos, unos beneficios récord. Que un gobierno progresista incentive, bonifique, a las entidades energéticas es absolutamente incomprensible», ha declarado la mañana de este jueves en una entrevista en TVE.",
    "highlightText": "",
    "highlightTitle": "",
    "highlightThreadTitle": "",
    "language": "spanish",
    "sentiment": "negative",
    "categories": [
        "Politics"
    ],
    "external_links": [],
    "external_images": [],
    "entities": {
        "persons": [],
        "organizations": [],
        "locations": []
    },
    "rating": null,
    "crawled": "2023-12-29T00:29:40.902+02:00",
    "updated": "2023-12-29T00:29:40.902+02:00"
}