{
    "thread": {
        "uuid": "0890fa8b311e5591460ee045fd5f015f58e28f0f",
        "url": "https://www.meneame.net/story/mayor-sindicato-argentino-convoca-huelga-general-enero-polemica/c022",
        "site_full": "www.meneame.net",
        "site": "meneame.net",
        "site_section": "https://www.meneame.net//comments_rss",
        "site_categories": [
            "non_standard_content",
            "adult"
        ],
        "section_title": "Menéame: comentarios",
        "title": "#22 El mayor sindicato argentino convoca una huelga general en enero por la polémica ley ómnibus de Milei",
        "title_full": "#22 El mayor sindicato argentino convoca una huelga general en enero por la polémica ley ómnibus de Milei",
        "published": "2023-12-28T23:08:00.000+02:00",
        "replies_count": 0,
        "participants_count": 1,
        "site_type": "news",
        "country": "ES",
        "main_image": "https://meneame.net/img/logo_meneame_footer.svg",
        "performance_score": 0,
        "domain_rank": 11108,
        "domain_rank_updated": "2023-12-26T12:06:20.000+02:00",
        "reach": null,
        "social": {
            "facebook": {
                "likes": 0,
                "comments": 0,
                "shares": 0
            },
            "gplus": {
                "shares": 0
            },
            "pinterest": {
                "shares": 0
            },
            "linkedin": {
                "shares": 0
            },
            "stumbledupon": {
                "shares": 0
            },
            "vk": {
                "shares": 0
            }
        }
    },
    "uuid": "0890fa8b311e5591460ee045fd5f015f58e28f0f",
    "url": "https://www.meneame.net/story/mayor-sindicato-argentino-convoca-huelga-general-enero-polemica/c022",
    "ord_in_thread": 0,
    "parent_url": null,
    "author": "Pichaflauta",
    "published": "2023-12-28T23:08:00.000+02:00",
    "title": "#22 El mayor sindicato argentino convoca una huelga general en enero por la polémica ley ómnibus de Milei",
    "text": "[ElenaTripillas](/user/ElenaTripillas)a [infolibre.es](/go/link/3891566) [#8](c8#c-8) Entonces los derechos que sean solo para los que están afiliados a esos sindicatos, ¿no? O derechos si, pero lucha pasamos de follones ¿verdad?\n[#11](c11#c-11) los derechos son para todos. Yo no quiero pagar parasitos...si tu quieres pagalos de tu esfuerzo y tu bolsillo, lo mismo para la iglesia o la monarquia, quien quiera que pague de su bolsillo y no del bolsillo ajeno\n[#13](c13#c-13) Vamos que los derechos caen del cielo por desearlos muy fuerte. Pues nada, ya sabes cuando te dejen de pagar a protestar en tu casa llorando bajito, no sea que hagas ruido...\n[#16](c16#c-16) cuando me dejen de pagar el alquiler y tenga que hacer frente a los destrozos, los impuestos, las tasas, las reformas y el desalojo privado porque la justicia es un chiste y nadie defiende tus derechos a pesar de tener una de las administraciones mas voraz e ineficiente de la historia.... yo para que me roben y me den de palos no pago dinero eso lo dejo para los masoquistas.\n[#17](c17#c-17) Hala hala ya paso, tscchh ya paso, ya paso... Por cierto el cuento del rentista a otro, repasa mis comentarios recientes.\nCuando a tus inquilinos les dejen de pagar y no puedan reclamar a ningún lado, porque Miley les ha quitado esa opción, cuando no tengan a nadie que les ayude porque el estado ya no ayuda, ya me contaras a quien vas a reclamar tu el alquiler ya.\nO mejor aun, cuando te veas obligado a cobrar en judías pintas, como ha liberalizado Miley, ya veras que risas nos pegamos.\n[#18](c18#c-18) es que me estas contando un cuento de hadas....parece que ignoras que el populismo de izqdas ha llevado a la pobreza al 50% de la población, un 10% a la indigencia y la inflación es del 120%....eso se llama esclavitud a penas llega para comer... en fin éa distorsion de la realidad que veo en meneame es brutal.\nMe parece perfecto que si tu llegas a un acuerdo para cobrar en divisas, en acciones o en materias primas puedas hacerlo...que problema hay? estamos de acuerdo que hoy en dia el talento no quiere cobrar en pesos argentinos...pues eso estupendo\n[#19](c19#c-19) La izquierda socialdemócrata también es la que ha llevado a Europa a la mayor época de prosperidad en su historia... El mejunje comunocapitalista de economía abierta pero planificada de China le ha llevado a ser la segunda economía del mundo.\nAsí que eso de decir tan alegremente que la izquierda hunde en la pobreza...\nPor supuesto, esta de pm poder cambiar un alquiler por judías. Ya me lo contaras ya.\n[#13](c13#c-13) Año 1987. Juan, tornero fresador de Reinosa, participa en las huelgas obreras contra el cierre de su fábrica y la reconversión industrial. La huelga le cuesta la vida a un compañero suyo por disparos de guardia civil.\nAño 2012. Manolo, minero asturiano, participa en una marcha hasta Madrid para defender su puesto de trabajo y el pan de su familia en una zona sin otra alternativa laboral que la actividad minera.\nAño 2023. Juan y Manolo ya jubilados, uno con dos dedos de la mano amputados y el otro con los pulmones hechos mierda tienen que leer en meneame como un indocumentado les llama parásitos.\nEstan que se corren los liberatas con lo de la prohibición a manifestarse en Argentina... Libertad para ellos, los que tienen, para hacer a su antojo. El resto, libertad para morirse de asco y elegir el modelo de cadena y grillete...\nQue ascazo.\nUnos garcas, tantos años vivendo del cuento, la idiosincracia de aquello es que labure otro que yo soy mas vivo y han llegado donde estan, que este tio es un flipado pero lo pueden usar para meter en redil a estos zanganos, siempre han esperado que le solucionen el problema otros desde fuera y ellos la del laburo no se la conocen, aqui tenemos la picaresca alli el atraco a mano armada.\n[#1](c1#c-1) Lo dudo, aprovechara para montar un enemigo en común...\nMe da a mi que va a seguir la lista al dedillo.\nhttps://www.altaveu.com/opinio/los-11-principios-de-la-propaganda-nazi-de-joseph-goebbels_1597_102.html\n[#2](c2#c-2) También se acaba el considerar delito dejar de pagar a un trabajador o imponerle condiciones inseguras en su puesto de trabajo.\n[#2](c2#c-2) en el siglo XIX tú serías de los que criticaban las luchas obreras por la jornada de 8 horas, por ejemplo. Así de patético suenas\n[#7](c7#c-7) Hipotesis absurdas para adjudicarme tus delirios...\nA mi la lucha obrera me parece bien pero que la paguen los afiliados del sindicato y que respeten la ley y el derecho a trabajar del resto de personas. Yo no tengo porque pagarle ni las mariscadas ni los sueldazos a los sindicalistas.",
    "highlightText": "",
    "highlightTitle": "",
    "highlightThreadTitle": "",
    "language": "spanish",
    "sentiment": "negative",
    "categories": [
        "Politics",
        "Labor",
        "Social Issue"
    ],
    "external_links": [
        "https://www.altaveu.com/opinio/los-11-principios-de-la-propaganda-nazi-de-joseph-goebbels_1597_102.html",
        "https://altaveu.com/opinio/los-11-principios-de-la-propaganda-nazi-de-joseph-goebbels_1597_102.html"
    ],
    "external_images": [],
    "entities": {
        "persons": [],
        "organizations": [],
        "locations": []
    },
    "rating": null,
    "crawled": "2023-12-29T00:10:18.093+02:00",
    "updated": "2023-12-29T00:10:18.093+02:00"
}