{
    "thread": {
        "uuid": "3d689100859e1cd86e4efa098a88c8bbb2fa2776",
        "url": "https://es-us.noticias.yahoo.com/argentina-protestas-reformas-javier-milei-215241883.html",
        "site_full": "es-us.noticias.yahoo.com",
        "site": "yahoo.com",
        "site_section": "https://es-us.vida-estilo.yahoo.com/empezó-noche-vida-actriz-martha-185815807.html",
        "site_categories": [
            "search_engine",
            "media",
            "tech"
        ],
        "section_title": "“Y así empezó la peor noche de mi vida”: actriz Martha Espinosa revela imágenes inéditas del hotel Princess en Acapulco",
        "title": "Argentina: protestas contra las reformas de Javier Milei en menos de un mes de Gobierno",
        "title_full": "Argentina: protestas contra las reformas de Javier Milei en menos de un mes de Gobierno",
        "published": "2023-12-28T23:52:00.000+02:00",
        "replies_count": 0,
        "participants_count": 1,
        "site_type": "news",
        "country": "US",
        "main_image": "https://media.zenfs.com/en/france_24_videos_es_latam_956/9dec73c7f07489255b952451dec8071e",
        "performance_score": 0,
        "domain_rank": 37,
        "domain_rank_updated": "2023-12-26T12:06:20.000+02:00",
        "reach": null,
        "social": {
            "facebook": {
                "likes": 0,
                "comments": 0,
                "shares": 0
            },
            "gplus": {
                "shares": 0
            },
            "pinterest": {
                "shares": 0
            },
            "linkedin": {
                "shares": 0
            },
            "stumbledupon": {
                "shares": 0
            },
            "vk": {
                "shares": 0
            }
        }
    },
    "uuid": "3d689100859e1cd86e4efa098a88c8bbb2fa2776",
    "url": "https://es-us.noticias.yahoo.com/argentina-protestas-reformas-javier-milei-215241883.html",
    "ord_in_thread": 0,
    "parent_url": null,
    "author": "BBC News Mundo",
    "published": "2023-12-28T23:52:00.000+02:00",
    "title": "Argentina: protestas contra las reformas de Javier Milei en menos de un mes de Gobierno",
    "text": "France 24 Argentina: protestas contra las reformas de Javier Milei en menos de un mes de Gobierno Leer todo el artículo France 24 28 de diciembre de 2023, 11:52 p. m.\nHace poco más de dos semanas Javier Milei asumió la Presidencia de Argentina y en ese corto periodo ya ha sumado tres jornadas de multitudinarias protestas contra sus reformas planteadas en el Decreto de Necesidad y Urgencia. Los sindicatos de trabajadores argentinos han salido a las calles a expresar su descontento con las medidas adoptadas por el Ejecutivo y contra los proyectos de la Administración Milei que se encuentran en debate en el Congreso.\nLeer más sobre FRANCE 24 Español\nMÁS POPULARES La fiesta de celebridades \"casi desnudas\" que provocó un escándalo político en Rusia BBC News Mundo · 4 min de lectura Las espeluznantes predicciones de Baba Vanga para el 2024 LA NACION · 3 min de lectura El pez invasor de 200 kilos que se alimenta de pirañas y avanza implacable por la Amazonía BBC News Mundo · 5 min de lectura Maduro volvió a arremeter contra Milei, lo tildó de “pitiyanqui y progringo” e hizo una advertencia LA NACION · 2 min de lectura Loret responde a AMLO tras vincularlo con empresas de medicinas El Universal · 1 min de lectura",
    "highlightText": "",
    "highlightTitle": "",
    "highlightThreadTitle": "",
    "language": "spanish",
    "sentiment": "negative",
    "categories": [
        "Politics",
        "Human Interest",
        "Social Issue"
    ],
    "external_links": [
        "https://s.yimg.com/uu/api/res/1.2/epptaoLdXkEU1khuRr6kVw--~B/aD01NzY7dz0xMDI0O2FwcGlkPXl0YWNoeW9u/https://media.zenfs.com/en/france_24_videos_es_latam_956/9dec73c7f07489255b952451dec8071e",
        "https://twitter.com/intent/tweet?text=Argentina%3A%20protestas%20contra%20las%20reformas%20de%20Javier%20Milei%20en%20menos%20de%20un%20mes%20de%20Gobierno&url=https%3A%2F%2Fes-us.noticias.yahoo.com%2Fargentina-protestas-reformas-javier-milei-215241883.html%3Fsoc_src%3Dsocial-sh%26soc_trk%3Dtw%26tsrc%3Dtwtr&via=Yahoo",
        "https://s.yimg.com/os/creatr-uploaded-images/2022-06/fe77f8c0-ee5c-11ec-bfdf-53effd9c8ec0",
        "https://www.france24.com/es/video/20231228-argentina-protestas-contra-las-reformas-de-javier-milei-en-menos-de-un-mes-de-gobierno",
        "https://s.yimg.com/uu/api/res/1.2/H7vlO3BJIqXwY0k_6cc8yg--~B/Zmk9c3RyaW07aD0yMjQ7cT04MDt3PTIyNDthcHBpZD15dGFjaHlvbg--/https://media.zenfs.com/es/lanacion.com.ar/f3351dbd45afe4943014f0738176656a",
        "https://s.yimg.com/uu/api/res/1.2/PVpHdoe4paqKCepyb91mcQ--~B/Zmk9c3RyaW07aD0yMjQ7cT04MDt3PTIyNDthcHBpZD15dGFjaHlvbg--/https://media.zenfs.com/es/bbc_news_mundo_254/a45c810a33cbd152c5b599a78105a4e6",
        "https://s.yimg.com/uu/api/res/1.2/TU1l3i35S6XhMv3KKout5Q--~B/Zmk9c3RyaW07aD0zNjA7dz02NDA7c209MTthcHBpZD15dGFjaHlvbg--/https://media.zenfs.com/en/france_24_videos_es_latam_956/9dec73c7f07489255b952451dec8071e)",
        "https://www.france24.com/es/video/20231228-argentina-protestas-contra-las-reformas-de-javier-milei-en-menos-de-un-mes-de-gobierno\\",
        "https://s.yimg.com/uu/api/res/1.2/pg7QHIU9Rzttl3bxZswi2Q--~B/Zmk9c3RyaW07aD0yMjQ7cT04MDt3PTIyNDthcHBpZD15dGFjaHlvbg--/https://media.zenfs.com/es/eluniversal.com.mx/08bac5708f1dd5991267a45bcdfa917a",
        "http://www.france24.com/es",
        "https://s.yimg.com/uu/api/res/1.2/nZChwAbKP.j1i7S2EFzaYQ--~B/Zmk9c3RyaW07aD0yMjQ7cT04MDt3PTIyNDthcHBpZD15dGFjaHlvbg--/https://media.zenfs.com/es/lanacion.com.ar/54daa42cf7d61850657a66e9d0821326",
        "https://www.facebook.com/dialog/feed?app_id=458584288257241&link=https%3A%2F%2Fes-us.noticias.yahoo.com%2Fargentina-protestas-reformas-javier-milei-215241883.html%3Fsoc_src%3Dsocial-sh%26soc_trk%3Dfb%26tsrc%3Dfb",
        "https://s.yimg.com/ny/api/res/1.2/e2GNFYbLFI.SbdZ7YNIvow--/YXBwaWQ9aGlnaGxhbmRlcjt3PTQ4O2g9NDg-/https://s.yimg.com/os/creatr-uploaded-images/2022-06/fe77f8c0-ee5c-11ec-bfdf-53effd9c8ec0",
        "https://s.yimg.com/uu/api/res/1.2/iTKJuOaJfdnqDIAPyVKq6g--~B/Zmk9c3RyaW07aD0yMjQ7cT04MDt3PTIyNDthcHBpZD15dGFjaHlvbg--/https://media.zenfs.com/es/bbc_news_mundo_254/1389675d2498c1757e6baeab2e574e11",
        "https://media.zenfs.com/en/france_24_videos_es_latam_956/9dec73c7f07489255b952451dec8071e",
        "https://www.s.yimg.com/uu/api/res/1.2/H7vlO3BJIqXwY0k_6cc8yg--~B/Zmk9c3RyaW07aD0yMjQ7cT04MDt3PTIyNDthcHBpZD15dGFjaHlvbg--/https://www.media.zenfs.com/es/lanacion.com.ar/f3351dbd45afe4943014f0738176656a",
        "https://www.facebook.com/dialog/feed",
        "https://www.s.yimg.com/ny/api/res/1.2/e2GNFYbLFI.SbdZ7YNIvow--/YXBwaWQ9aGlnaGxhbmRlcjt3PTQ4O2g9NDg-/https://www.s.yimg.com/os/creatr-uploaded-images/2022-06/fe77f8c0-ee5c-11ec-bfdf-53effd9c8ec0",
        "https://facebook.com/dialog/feed?app_id=458584288257241&link=https%3A%2F%2Fes-us.noticias.yahoo.com%2Fargentina-protestas-reformas-javier-milei-215241883.html%3Fsoc_src%3Dsocial-sh%26soc_trk%3Dfb%26tsrc%3Dfb",
        "https://www.s.yimg.com/uu/api/res/1.2/nZChwAbKP.j1i7S2EFzaYQ--~B/Zmk9c3RyaW07aD0yMjQ7cT04MDt3PTIyNDthcHBpZD15dGFjaHlvbg--/https://www.media.zenfs.com/es/lanacion.com.ar/54daa42cf7d61850657a66e9d0821326",
        "https://www.s.yimg.com/uu/api/res/1.2/PVpHdoe4paqKCepyb91mcQ--~B/Zmk9c3RyaW07aD0yMjQ7cT04MDt3PTIyNDthcHBpZD15dGFjaHlvbg--/https://www.media.zenfs.com/es/bbc_news_mundo_254/a45c810a33cbd152c5b599a78105a4e6",
        "https://www.s.yimg.com/uu/api/res/1.2/epptaoLdXkEU1khuRr6kVw--~B/aD01NzY7dz0xMDI0O2FwcGlkPXl0YWNoeW9u/https://www.media.zenfs.com/en/france_24_videos_es_latam_956/9dec73c7f07489255b952451dec8071e",
        "https://www.twitter.com/intent/tweet?text=Argentina%3A%20protestas%20contra%20las%20reformas%20de%20Javier%20Milei%20en%20menos%20de%20un%20mes%20de%20Gobierno&url=https%3A%2F%2Fes-us.noticias.yahoo.com%2Fargentina-protestas-reformas-javier-milei-215241883.html%3Fsoc_src%3Dsocial-sh%26soc_trk%3Dtw%26tsrc%3Dtwtr&via=Yahoo",
        "http://france24.com/es",
        "https://france24.com/es/video/20231228-argentina-protestas-contra-las-reformas-de-javier-milei-en-menos-de-un-mes-de-gobierno\\",
        "https://www.media.zenfs.com/en/france_24_videos_es_latam_956/9dec73c7f07489255b952451dec8071e",
        "https://www.s.yimg.com/os/creatr-uploaded-images/2022-06/fe77f8c0-ee5c-11ec-bfdf-53effd9c8ec0",
        "https://www.s.yimg.com/uu/api/res/1.2/pg7QHIU9Rzttl3bxZswi2Q--~B/Zmk9c3RyaW07aD0yMjQ7cT04MDt3PTIyNDthcHBpZD15dGFjaHlvbg--/https://www.media.zenfs.com/es/eluniversal.com.mx/08bac5708f1dd5991267a45bcdfa917a",
        "https://www.s.yimg.com/uu/api/res/1.2/TU1l3i35S6XhMv3KKout5Q--~B/Zmk9c3RyaW07aD0zNjA7dz02NDA7c209MTthcHBpZD15dGFjaHlvbg--/https://www.media.zenfs.com/en/france_24_videos_es_latam_956/9dec73c7f07489255b952451dec8071e)",
        "https://france24.com/es/video/20231228-argentina-protestas-contra-las-reformas-de-javier-milei-en-menos-de-un-mes-de-gobierno",
        "https://twitter.com/intent/tweet",
        "https://www.s.yimg.com/uu/api/res/1.2/iTKJuOaJfdnqDIAPyVKq6g--~B/Zmk9c3RyaW07aD0yMjQ7cT04MDt3PTIyNDthcHBpZD15dGFjaHlvbg--/https://www.media.zenfs.com/es/bbc_news_mundo_254/1389675d2498c1757e6baeab2e574e11"
    ],
    "external_images": [],
    "entities": {
        "persons": [],
        "organizations": [],
        "locations": []
    },
    "rating": null,
    "crawled": "2023-12-29T00:08:30.261+02:00",
    "updated": "2023-12-29T00:08:30.261+02:00"
}