{
    "thread": {
        "uuid": "10f61b3b7496021a125cd00a79a804d23b0be44d",
        "url": "https://www.newswire.ca/news-releases/ciro-hearing-panel-makes-findings-of-misconduct-against-adib-khaldi-and-sets-date-for-hearing-on-sanctions-866138811.html",
        "site_full": "www.newswire.ca",
        "site": "newswire.ca",
        "site_section": "https://newswire.ca/news-releases/financial-services-latest-news/financial-services-latest-news-list/",
        "site_categories": [
            "media"
        ],
        "section_title": "All Financial Services &amp; Investing News and Press Releases from Cision Canada",
        "title": "CIRO hearing panel makes findings of misconduct against Adib Khaldi and sets date for hearing on sanctions",
        "title_full": "CIRO hearing panel makes findings of misconduct against Adib Khaldi and sets date for hearing on sanctions",
        "published": "2023-12-28T19:00:00.000+02:00",
        "replies_count": 0,
        "participants_count": 1,
        "site_type": "news",
        "country": "CA",
        "main_image": "",
        "performance_score": 0,
        "domain_rank": 2416,
        "domain_rank_updated": "2023-12-26T12:06:20.000+02:00",
        "reach": null,
        "social": {
            "facebook": {
                "likes": 0,
                "comments": 0,
                "shares": 0
            },
            "gplus": {
                "shares": 0
            },
            "pinterest": {
                "shares": 0
            },
            "linkedin": {
                "shares": 0
            },
            "stumbledupon": {
                "shares": 0
            },
            "vk": {
                "shares": 0
            }
        }
    },
    "uuid": "10f61b3b7496021a125cd00a79a804d23b0be44d",
    "url": "https://www.newswire.ca/news-releases/ciro-hearing-panel-makes-findings-of-misconduct-against-adib-khaldi-and-sets-date-for-hearing-on-sanctions-866138811.html",
    "ord_in_thread": 0,
    "parent_url": null,
    "author": "Canadian Investment Regulatory Organization (CIRO)",
    "published": "2023-12-28T19:00:00.000+02:00",
    "title": "CIRO hearing panel makes findings of misconduct against Adib Khaldi and sets date for hearing on sanctions",
    "text": "HALIFAX, NS , Dec. 28, 2023 /CNW/ - The Canadian Investment Regulatory Organization (CIRO), commenced a disciplinary proceeding in respect of Adib Khaldi (also known as Deebo) by Notice of Hearing dated October 5, 2022 (Notice of Hearing), as amended on September 13, 2023 (Amended Notice of Hearing).\nThe hearing of this matter on its merits was held electronically by videoconference on September 26-27 and December 8, 2023 , before a three-member hearing panel of the CIRO Nova Scotia District Hearing Committee. After receiving evidence and hearing submissions from CIRO Staff about misconduct, the hearing panel found that the three allegations in the Notice of Hearing had been established. In particular, the hearing panel made the following findings of misconduct:\n#1: Between July 2020 and September 2020 , the Respondent engaged in securities related business outside the Member by providing investment advice to individuals in respect of non-mutual fund securities through the use of an online forum, contrary to MFDA Rules 1.1.1, 2.1.1, and 1.1.2 (as it relates to Rule 2.5.1).\n#2: Between July 2020 and September 2020 , the Respondent engaged in an unapproved outside activity by receiving monthly subscription payments in relation to an online forum where he provided investment advice to individuals, contrary to the Member's policies and procedures and MFDA Rules 1.3, 2.1.1, and 1.1.2 (as it relates to Rule 2.5.1).\n#3: Between approximately May 2019 and May 2020 , the Respondent processed transactions in respect of approximately 23 clients as redemptions and purchases, rather than as switches, thereby:\na. engaging in conduct which gave rise to a conflict of interest which the Respondent failed to disclose to the Member, or ensure was addressed by the exercise of responsible business judgment influenced only by the best interests of the client, contrary to MFDA Rules 1.4[1] and 2.1.1; or\nb. failing to comply with the Member's policies and procedures with respect to the processing of trades as switches, contrary to MFDA Rules 2.1.1 and 1.1.2 (as it relates to Rule 2.5.1).\nThe hearing panel will issue written reasons for their decision on misconduct in due course.\nA penalty hearing will take place electronically by videoconference before a hearing panel of the Nova Scotia District Hearing Committee on February 15, 2024 at 11:00 a.m. (Atlantic Time). The proceeding will continue to be open to the public, except as may be required for the protection of confidential matters. Members of the public who would like to participate should contact [email protected] to obtain particulars.\nA copy of the Amended Notice of Hearing is available on the MFDA website at www.mfda.ca .\nDuring the period described in the Notice of Hearing, Adib Khaldi conducted business in the Dartmouth, Nova Scotia area.\nAll information about disciplinary proceedings relating to current and former member firms and individual registrants under the Investment Dealer and Partially Consolidated Rules (for investment dealers), the Mutual Fund Dealer Rules (for mutual fund dealers) and the Universal Market Integrity Rules (UMIR) is available on CIRO's website .\nBackground information regarding the qualifications and disciplinary history, if any, of advisors currently employed by CIRO-regulated investment firms is available free of charge through the AdvisorRepor t service. Information on how to make dealer, advisor or marketplace-related complaints is available by calling 1-877-442-4322.\nCIRO investigates possible misconduct by its member firms and individual registrants. It can bring disciplinary proceedings which may result in sanctions including fines, suspensions, permanent bars, expulsion from membership, or termination of rights and privileges for individuals and firms.\nThe Canadian Investment Regulatory Organization (CIRO) is the national self-regulatory organization that oversees all investment dealers, mutual fund dealers and trading activity on Canada's debt and equity marketplaces. CIRO is committed to the protection of investors, providing efficient and consistent regulation, and building Canadians' trust in financial regulation and the people managing their investments. For more information, visit www.ciro.ca .",
    "highlightText": "",
    "highlightTitle": "",
    "highlightThreadTitle": "",
    "language": "english",
    "sentiment": "negative",
    "categories": [
        "Crime, Law and Justice",
        "Politics",
        "Human Interest"
    ],
    "external_links": [
        "https://c212.net/c/link/?t=0&l=en&o=4058265-1&h=3445047260&u=https%3A%2F%2Fwww.iiroc.ca%2Fmedia%2F1021%2Fdownload%3Finline&a=Universal+Market+Integrity+Rules",
        "https://c212.net/c/link/?t=0&l=en&o=4058265-1&h=1014888166&u=https%3A%2F%2Fmfda.ca%2Fnotice-of-hearing%2Fnoh2-202245%2F&a=Amended+Notice+of+Hearing",
        "https://c212.net/c/link/?t=0&l=en&o=4058265-1&h=2037094923&u=https%3A%2F%2Fwww.ciro.ca%2Finterim-rules%2Finvestment-dealer-and-partially-consolidated-rules&a=Investment+Dealer+and+Partially+Consolidated+Rules",
        "https://c212.net/c/link/?t=0&l=en&o=4058265-1&h=3312712641&u=https%3A%2F%2Fwww.ciro.ca%2F&a=www.ciro.ca",
        "https://c212.net/c/link/?t=0&l=en&o=4058265-1&h=2872896180&u=https%3A%2F%2Fwww.ciro.ca%2Finterim-rules%2Fmutual-fund-dealer-rules&a=Mutual+Fund+Dealer+Rules",
        "https://c212.net/c/link/?t=0&l=en&o=4058265-1&h=867967737&u=https%3A%2F%2Fwww.mfda.ca%2F&a=www.mfda.ca",
        "https://c212.net/c/link/?t=0&l=en&o=4058265-1&h=3893221894&u=https%3A%2F%2Fwww.ciro.ca%2F&a=CIRO%27s+website",
        "https://c212.net/c/link/?t=0&l=en&o=4058265-1&h=1931858823&u=https%3A%2F%2Fwww.iiroc.ca%2Finvestors%2Fknow-your-advisor-iiroc-advisor-report&a=AdvisorRepor",
        "https://www.c212.net/c/link/?t=0&l=en&o=4058265-1&h=3312712641&u=https%3A%2F%2Fwww.ciro.ca%2F&a=www.ciro.ca",
        "https://www.c212.net/c/link/?t=0&l=en&o=4058265-1&h=2872896180&u=https%3A%2F%2Fwww.ciro.ca%2Finterim-rules%2Fmutual-fund-dealer-rules&a=Mutual+Fund+Dealer+Rules",
        "https://www.c212.net/c/link/?t=0&l=en&o=4058265-1&h=1931858823&u=https%3A%2F%2Fwww.iiroc.ca%2Finvestors%2Fknow-your-advisor-iiroc-advisor-report&a=AdvisorRepor",
        "https://www.c212.net/c/link/?t=0&l=en&o=4058265-1&h=2037094923&u=https%3A%2F%2Fwww.ciro.ca%2Finterim-rules%2Finvestment-dealer-and-partially-consolidated-rules&a=Investment+Dealer+and+Partially+Consolidated+Rules",
        "https://www.c212.net/c/link/?t=0&l=en&o=4058265-1&h=867967737&u=https%3A%2F%2Fwww.mfda.ca%2F&a=www.mfda.ca",
        "https://www.c212.net/c/link/?t=0&l=en&o=4058265-1&h=3893221894&u=https%3A%2F%2Fwww.ciro.ca%2F&a=CIRO%27s+website",
        "https://www.c212.net/c/link/?t=0&l=en&o=4058265-1&h=3445047260&u=https%3A%2F%2Fwww.iiroc.ca%2Fmedia%2F1021%2Fdownload%3Finline&a=Universal+Market+Integrity+Rules",
        "https://c212.net/c/link/",
        "https://www.c212.net/c/link/?t=0&l=en&o=4058265-1&h=1014888166&u=https%3A%2F%2Fmfda.ca%2Fnotice-of-hearing%2Fnoh2-202245%2F&a=Amended+Notice+of+Hearing"
    ],
    "external_images": [],
    "entities": {
        "persons": [
            {
                "name": "adib khaldi",
                "sentiment": "negative"
            },
            {
                "name": "ciro",
                "sentiment": "negative"
            }
        ],
        "organizations": [
            {
                "name": "cnw/ - the canadian investment regulatory organization",
                "sentiment": "neutral"
            },
            {
                "name": "notice of hearing",
                "sentiment": "none"
            },
            {
                "name": "ciro nova scotia district hearing committee",
                "sentiment": "none"
            }
        ],
        "locations": [
            {
                "name": "ns",
                "sentiment": "none"
            },
            {
                "name": "halifax",
                "sentiment": "none"
            }
        ]
    },
    "rating": null,
    "crawled": "2023-12-29T00:13:15.065+02:00",
    "updated": "2023-12-29T00:13:15.065+02:00"
}