{
    "thread": {
        "uuid": "9b3641275053f0c3d43385a87525e3776142b862",
        "url": "https://www.marketscreener.com/news/latest/Former-Hong-Kong-independence-group-leader-seeks-asylum-in-Britain-45646477/",
        "site_full": "www.marketscreener.com",
        "site": "marketscreener.com",
        "site_section": "https://marketscreener.com/news/regions/local",
        "site_categories": [
            "photography",
            "hobbies_and_interests"
        ],
        "section_title": "Stock market news - MarketScreener",
        "title": "Former Hong Kong independence group leader seeks asylum in Britain - 2023-12-28 | MarketScreener",
        "title_full": "Former Hong Kong independence group leader seeks asylum in Britain - 2023-12-28 | MarketScreener",
        "published": "2023-12-28T18:11:00.000+02:00",
        "replies_count": 0,
        "participants_count": 1,
        "site_type": "news",
        "country": "ES",
        "main_image": "https://www.marketscreener.com/images/reuters/2023-12/2023-12-28T221100Z_1_LYNXMPEJBR0JI_RTROPTP_3_HONGKONG-POLITICS-INDEPENDENCE.JPG",
        "performance_score": 0,
        "domain_rank": 3871,
        "domain_rank_updated": "2023-12-26T12:06:20.000+02:00",
        "reach": null,
        "social": {
            "facebook": {
                "likes": 0,
                "comments": 0,
                "shares": 0
            },
            "gplus": {
                "shares": 0
            },
            "pinterest": {
                "shares": 0
            },
            "linkedin": {
                "shares": 0
            },
            "stumbledupon": {
                "shares": 0
            },
            "vk": {
                "shares": 0
            }
        }
    },
    "uuid": "9b3641275053f0c3d43385a87525e3776142b862",
    "url": "https://www.marketscreener.com/news/latest/Former-Hong-Kong-independence-group-leader-seeks-asylum-in-Britain-45646477/",
    "ord_in_thread": 0,
    "parent_url": null,
    "author": "MarketScreener",
    "published": "2023-12-28T18:11:00.000+02:00",
    "title": "Former Hong Kong independence group leader seeks asylum in Britain - 2023-12-28 | MarketScreener",
    "text": "Top Capitalization United States North America Europe Asia Middle East Sector Research Earnings Calendar Equities Analysis Most popular MICROSOFT CORPORATION NVIDIA CORPORATION ALPHABET INC. TESLA, INC. AMAZON.COM, INC. APPLE INC. META PLATFORMS, INC. Indexes Homepage Rankings Europe America Asia Africa Index Analysis Indexes News S&P 500 DOW JONES NASDAQ 100 TSX COMP FTSE 100 DAX CAC 40 EURO STOXX 50 Currency / Forex Homepage Rankings Currency Cross Rate Currency Converter Forex Analysis Currencies News USD / EUR USD / CAD USD / MXN USD / BRL USD / INR Commodities Homepage Energy Precious metals Agriculture Industrial Metals Livestock and Cattle GOLD CRUDE OIL (WTI) CRUDE OIL (BRENT) SILVER PLATINUM Cryptocurrencies Homepage Rankings Charts Analysis News BITCOIN ETHEREUM BINANCE COIN SOLANA CARDANO FTX TOKEN Interest Rates Homepage Developed Nations Emerging Countries ETFs Rates ETF Summary Screener News All News World United States Europe North America South America Asia Africa Middle East Emerging Companies All News Analyst Reco. Rumors IPOs Capital Markets Transactions New Contracts Profit Warnings Appointments Press Releases Security Transactions Earnings reports New markets New products Corporate strategies Legal risks Share buybacks Mergers and acquisitions Call Transcripts Guidance Indexes Currency / Forex Commodities Cryptocurrencies ETF Interest Rates Economy Themes Asset Management Activism Climate and ESG Cybersecurity Geopolitics Central Banks Private Equity Inflation Business Leaders Sectors All our articles Most Read News Hot News Analysis All Analysis Must Read Equities Interviews Indexes Currencies Commodities ETF Cryptocurrencies Stock Trading Strategies All America Europe Asia Our Shows Shows Strategy Must Watch Satirical Cartoon Today's Editorial Crypto Recap Behind the numbers Stock Picks All our investments United States Europe Asia, Pacific Portfolios Virtual Portfolios USA Portfolio European Portfolio Asian Portfolio Watchlists My Watchlists Watchlists My previous session My most visited Most popular Investment Style Homepage ESG stocks Trend-Following Stocks Undervalued stocks Dividend Kings Dividend Aristocrats Small caps Investment Themes Homepage Metaverse Outdoor Financial Data Powerful brands Israeli innovation The Cannabis Industry Rankings Top Movers Top Movers Unusual volumes New Historical Highs New Historical Lows Long Term Top Fundamentals Top Fundamentals Sales growth Earnings Growth Profitability Finances Rankings Valuation Rankings Valuation P/E ratio Enterprise value Yield Top Consensus Top Consensus Analyst Opinion Target price Estimates Revisions Divergence Top Technicals Top RSI GAPS STIM Breakouts Trends Volatility Top ranking ESG Top ranking ESG Environment Social Governance Rankings Coverage Screeners Stock Screener Home Investment Themes Ageing Population Biotechnology Europe's family businesses The Golden Age of Video Games Smart City The SPAC Technical Rankings Oversold stocks Overbought stocks Close to resistance Close to support Accumulation Phases Most volatile stocks Fundamental Rankings Top Investor Rating Top Trading Rating Top Consensus Top Growth Top Dividends Low valuations My Screeners All my stocks Watchlists Virtual Portfolios Tools MarketScreener tools Stock Screener iPhone App Expert tools Stock Screener PRO Portfolio Creator Event Screener Dynamic Chart Earnings Calendar Economic Calendar Currency Converter ProRealTime Trading Our Services Our subscriptions Our Stock Picks Stock Screener Thematic Investment Lists MarketScreener Portfolios European Portfolio USA Portfolio Asian Portfolio Stock market news All News Companies Indexes Currency / Forex Commodities Cryptocurrencies ETF Interest Rates Economy Themes Sectors All our articles Most Read News Hot News Former Hong Kong independence group leader seeks asylum in Britain December 28, 2023 at 05:11 pm EST",
    "highlightText": "",
    "highlightTitle": "",
    "highlightThreadTitle": "",
    "language": "english",
    "sentiment": "negative",
    "categories": [
        "Politics",
        "War, Conflict and Unrest"
    ],
    "external_links": [],
    "external_images": [],
    "entities": {
        "persons": [],
        "organizations": [
            {
                "name": "meta",
                "sentiment": "none"
            },
            {
                "name": "ftx token interest rates homepage developed nations",
                "sentiment": "none"
            },
            {
                "name": "nvidia",
                "sentiment": "none"
            },
            {
                "name": "microsoft",
                "sentiment": "none"
            },
            {
                "name": "apple inc",
                "sentiment": "none"
            },
            {
                "name": "tsx",
                "sentiment": "none"
            },
            {
                "name": "alphabet inc",
                "sentiment": "none"
            },
            {
                "name": "agriculture industrial metals livestock and cattle gold",
                "sentiment": "none"
            },
            {
                "name": "brl usd / inr commodities homepage energy",
                "sentiment": "none"
            },
            {
                "name": "amazon.com",
                "sentiment": "none"
            },
            {
                "name": "africa index analysis indexes news s&p",
                "sentiment": "none"
            }
        ],
        "locations": [
            {
                "name": "hong kong",
                "sentiment": "none"
            },
            {
                "name": "britain",
                "sentiment": "none"
            },
            {
                "name": "tesla",
                "sentiment": "none"
            },
            {
                "name": "europe america asia",
                "sentiment": "none"
            }
        ]
    },
    "rating": null,
    "crawled": "2023-12-29T00:19:27.361+02:00",
    "updated": "2023-12-29T00:25:56.712+02:00"
}