{
    "thread": {
        "uuid": "51eb5d9ff68d743159e08333d8b7fa625fe03ef1",
        "url": "https://www.lavoz.com.ar/politica/estoy-de-reemplazo-la-insolita-respuesta-durante-un-corte-de-ruta-contra-el-dnu-de-milei/",
        "site_full": "www.lavoz.com.ar",
        "site": "lavoz.com.ar",
        "site_section": "https://www.lavoz.com.ar/arc/outboundfeeds/feeds/rss/?outputType=xml",
        "site_categories": [
            "media"
        ],
        "section_title": "La Voz",
        "title": "“Estoy de reemplazo”: la insólita respuesta durante un corte de ruta contra el DNU de Milei",
        "title_full": "“Estoy de reemplazo”: la insólita respuesta durante un corte de ruta contra el DNU de Milei",
        "published": "2023-12-29T00:03:00.000+02:00",
        "replies_count": 0,
        "participants_count": 1,
        "site_type": "news",
        "country": "AR",
        "main_image": "https://www.lavoz.com.ar/resizer/hEhQhmTrQX-Nhg5grTOfRoY5OjE=/1200x630/smart/filters:quality(75):format(webp)/cloudfront-us-east-1.images.arcpublishing.com/grupoclarin/4OP7VQBNSRC2HNADOQ5REKGROI.jpeg",
        "performance_score": 0,
        "domain_rank": 16077,
        "domain_rank_updated": "2023-12-26T12:06:20.000+02:00",
        "reach": null,
        "social": {
            "facebook": {
                "likes": 0,
                "comments": 0,
                "shares": 0
            },
            "gplus": {
                "shares": 0
            },
            "pinterest": {
                "shares": 0
            },
            "linkedin": {
                "shares": 0
            },
            "stumbledupon": {
                "shares": 0
            },
            "vk": {
                "shares": 0
            }
        }
    },
    "uuid": "51eb5d9ff68d743159e08333d8b7fa625fe03ef1",
    "url": "https://www.lavoz.com.ar/politica/estoy-de-reemplazo-la-insolita-respuesta-durante-un-corte-de-ruta-contra-el-dnu-de-milei/",
    "ord_in_thread": 0,
    "parent_url": null,
    "author": "Redacción LAVOZ",
    "published": "2023-12-29T00:03:00.000+02:00",
    "title": "“Estoy de reemplazo”: la insólita respuesta durante un corte de ruta contra el DNU de Milei",
    "text": "Las repercusiones y respuestas tras el anuncio del [mega-DNU que lanzó el presidente Javier Milei](https://www.lavoz.com.ar/politica/farmacias-marchan-presentan-un-amparo-y-cierran-una-hora-en-contra-del-mega-dnu-de-milei/), y que entrará en vigencia este viernes, continúan. Varias marchas y protestas se realizaron tras la cadena nacional del mandatario. Sin embargo, una de ellas llamó la atención este jueves por la insólita respuesta de una joven que participaba en un corte de ruta. Durante un móvil en vivo del canal C5N, la chica fue consultada por la notera y la respuesta que dio no tardó en viralizarse en las redes sociales. Suedió en la protesta contra el DNU encabezada por Luis D’Elía, que tenía lugar en la ruta 3, a la altura de Isidro Casanova, con un corte parcial de ruta. Cuando la joven fue consultada respecto a qué no le gustaba del decreto anunciado por [Milei](https://www.lavoz.com.ar/politica/ley-omnibus-de-javier-milei-los-31-puntos-principales-y-el-hilo-imperdible-que-tuiteo-el-presidente/), la chica respondió “estar de reemplazo” en la manifestación. Durante la transmisión en vivo, realizada esta mañana, la notera del canal consultó a los presentes respecto a por qué protestaban en contra del decreto. Fue entonces cuando divisó a la chica: “A ver la gente jovencita”, mencionó mientras se acercaba. [“Contame, ¿por qué estás acá?”](https://www.lavoz.com.ar/politica/el-dnu-de-javier-milei-entra-en-vigencia-este-viernes-podria-la-justicia-suspenderlo/), le preguntó. Con cara de no comprender la pregunta, la joven dijo: “porque estoy de reemplazo”, tras lo cual lanzó una risa nerviosa. Extrañada, la notera le preguntó “¿de reemplazo?”. “No me pregunté más, por favor”, fue la respuesta de la chica. El video La insólita situación se dio en la protesta convocada por Juan Carlos Alderete, secretario general de la Corriente Clasista y Combativa (CCC), y por Luis D’Elía, quien estaba al frente de la demanda con un piquete sobre la ruta 3. La manifestación inició alrededor de las 10, en la mencionada ruta, entre las vías del ferrocarril y la calle Germán Abdala. Se extendió hasta las primeras horas de la tarde.",
    "highlightText": "",
    "highlightTitle": "",
    "highlightThreadTitle": "",
    "language": "spanish",
    "sentiment": "negative",
    "categories": [
        "Politics",
        "Social Issue"
    ],
    "external_links": [],
    "external_images": [],
    "entities": {
        "persons": [],
        "organizations": [],
        "locations": []
    },
    "rating": null,
    "crawled": "2023-12-29T00:10:31.600+02:00",
    "updated": "2023-12-29T00:26:08.949+02:00"
}