{
    "thread": {
        "uuid": "d56d94a31bfb5fbf7a433c4ce43eb1781e8c6bf9",
        "url": "https://www.infobae.com/america/agencias/2023/12/28/ong-advierte-de-peligros-para-latinoamerica-por-acciones-militares-de-venezuela-y-guyana/",
        "site_full": "www.infobae.com",
        "site": "infobae.com",
        "site_section": "https://www.infobae.com/feeds/rss",
        "site_categories": [
            "media"
        ],
        "section_title": "Infobae.com",
        "title": "ONG advierte de \"peligros\" para Latinoamérica por acciones militares de Venezuela y Guyana",
        "title_full": "ONG advierte de \"peligros\" para Latinoamérica por acciones militares de Venezuela y Guyana",
        "published": "2023-12-29T00:17:00.000+02:00",
        "replies_count": 0,
        "participants_count": 1,
        "site_type": "news",
        "country": "AR",
        "main_image": "https://www.infobae.com/pf/resources/images/fallback-promo-image-1200x630.png?d=1775",
        "performance_score": 0,
        "domain_rank": 2144,
        "domain_rank_updated": "2023-12-26T12:06:20.000+02:00",
        "reach": null,
        "social": {
            "facebook": {
                "likes": 0,
                "comments": 0,
                "shares": 0
            },
            "gplus": {
                "shares": 0
            },
            "pinterest": {
                "shares": 0
            },
            "linkedin": {
                "shares": 0
            },
            "stumbledupon": {
                "shares": 0
            },
            "vk": {
                "shares": 0
            }
        }
    },
    "uuid": "d56d94a31bfb5fbf7a433c4ce43eb1781e8c6bf9",
    "url": "https://www.infobae.com/america/agencias/2023/12/28/ong-advierte-de-peligros-para-latinoamerica-por-acciones-militares-de-venezuela-y-guyana/",
    "ord_in_thread": 0,
    "parent_url": null,
    "author": "Newsroom Infobae",
    "published": "2023-12-29T00:17:00.000+02:00",
    "title": "ONG advierte de \"peligros\" para Latinoamérica por acciones militares de Venezuela y Guyana",
    "text": "Caracas, 28 dic (EFE).- La vuelta de las tensiones entre Venezuela y Guyana supone \"enormes peligros\" para la región, debido a la llegada de un buque de guerra británico a las costas guyanesas, a lo que el Gobierno de Nicolás Maduro respondió con una \"acción defensiva\" de la Fuerza Armada, advirtió este jueves la ONG Control Ciudadano.\nLa directora de la organización no gubernamental, Rocío San Miguel, se refirió a las declaraciones que diera hoy el presidente de Venezuela, Nicolás Maduro, en las que habló de una \"ruptura\" de lo pactado, por parte de su par guyanés, Irfaan Ali, el pasado 14 de diciembre, cuando acordaron no amenazarse mutuamente y evitar incidentes.\n\"Considera Venezuela que está rota la declaración de Argyle (...) eso encierra enormes peligros para la paz y la estabilidad de la región\", dijo a EFE San Miguel, quien cree que los ejercicios militares ordenados por Maduro, en respuesta a la \"amenaza\" de Reino Unido, empezaron hoy y durarán hasta que el HMS Trent de la Armada británica se vaya de las costas guyanesas.\nSin embargo, el Gobierno guyanés afirmó que está comprometido con lo acordado con Maduro, y que la llegada del buque es \"una rutina\" y algo \"planificado desde hace mucho tiempo, que forma parte de la construcción de la capacidad defensiva de Guyana\".\nSegún la analista, con el despliegue militar -que incluye 5.682 \"combatientes\", 28 aeronaves y 16 embarcaciones, entre otras maquinarias-, Venezuela \"está mostrando sus dientes\" y exhibiendo su capacidad operativa, así como su \"disposición de patrullaje y de vigilancia\".\nLos ejercicios, que se llevan a cabo en el estado Sucre (noreste), a cientos de kilómetros de Guyana, son la respuesta de Venezuela ante la negativa de Georgetown de impedir la llegada del buque británico.\nSan Miguel cree que, como no se conoce cuánto durarán las maniobras venezolanas, estas pudieran coincidir con ejercicios del lado guyanés a principios de enero, lo que configuraría \"un escenario de claras tensiones militares de carácter regional\".\nLa disputa territorial escaló luego de que Venezuela aprobara el 3 de diciembre, en un referendo unilateral, anexionarse la zona bajo pleito, un área de casi 160.000 kilómetros cuadrados que está bajo control de Guyana y cuya controversia está en manos de la Corte Internacional de Justicia. EFE\nhp/sb/laa",
    "highlightText": "",
    "highlightTitle": "",
    "highlightThreadTitle": "",
    "language": "spanish",
    "sentiment": "negative",
    "categories": [
        "Politics",
        "War, Conflict and Unrest",
        "Human Interest"
    ],
    "external_links": [],
    "external_images": [],
    "entities": {
        "persons": [],
        "organizations": [],
        "locations": []
    },
    "rating": null,
    "crawled": "2023-12-29T00:21:47.581+02:00",
    "updated": "2023-12-29T00:21:47.581+02:00"
}