{
    "thread": {
        "uuid": "40516aeec5382e8c8a0b0826148fd84b48a0603f",
        "url": "https://ktvz.com/politics/cnn-us-politics/2023/12/28/justice-department-says-new-texas-immigration-law-violates-constitution/",
        "site_full": "ktvz.com",
        "site": "ktvz.com",
        "site_section": "https://ktvz.com/feed/",
        "site_categories": [
            "media"
        ],
        "section_title": "KTVZ",
        "title": "Justice Department says new Texas immigration law violates Constitution",
        "title_full": "Justice Department says new Texas immigration law violates Constitution",
        "published": "2023-12-29T00:02:00.000+02:00",
        "replies_count": 0,
        "participants_count": 1,
        "site_type": "news",
        "country": "US",
        "main_image": "https://ktvz.b-cdn.net/2023/08/T6W6K2eT-ktvz-860x484.jpg",
        "performance_score": 0,
        "domain_rank": 13461,
        "domain_rank_updated": "2023-12-26T12:06:20.000+02:00",
        "reach": null,
        "social": {
            "facebook": {
                "likes": 0,
                "comments": 0,
                "shares": 0
            },
            "gplus": {
                "shares": 0
            },
            "pinterest": {
                "shares": 0
            },
            "linkedin": {
                "shares": 0
            },
            "stumbledupon": {
                "shares": 0
            },
            "vk": {
                "shares": 0
            }
        }
    },
    "uuid": "40516aeec5382e8c8a0b0826148fd84b48a0603f",
    "url": "https://ktvz.com/politics/cnn-us-politics/2023/12/28/justice-department-says-new-texas-immigration-law-violates-constitution/",
    "ord_in_thread": 0,
    "parent_url": null,
    "author": "CNN Newsource",
    "published": "2023-12-29T00:02:00.000+02:00",
    "title": "Justice Department says new Texas immigration law violates Constitution",
    "text": "Justice Department says new Texas immigration law violates Constitution\nWashington (CNN) — A new law that gives local law enforcement in Texas the authority to arrest migrants “violates the US Constitution,” the Department of Justice said in a letter to Gov. Greg Abbott on Thursday, threatening to sue unless Abbott backs down from enforcing it.\nThe letter, obtained by CNN, marks the latest escalation between President Joe Biden and Abbott over the handling of the US-Mexico border.\nEarlier this month, Abbott, a Republican, signed into law the measure, known as\n Senate Bill 4, which gives local law enforcement the power to arrest migrants and gives judges the ability to issue orders to remove people from the United States. The White House slammed the law, calling it “incredibly extreme.” It’s expected to take effect in March.\nPrincipal deputy assistant attorney general Brian Boynton said in his letter to Abbott Thursday that “the United States intends to file suit to enjoin the enforcement of SB 4 unless Texas agrees to refrain from enforcing the law.”\nWhile the federal government is “committed to … securing the border,” Boynton wrote, the Texas law is “contrary to these goals.”\nThe ongoing surge of migrants at the US-Mexico border has placed immense pressure on local and federal resources. Thursday’s legal threat follows a DOJ lawsuit against Texas earlier this year over the state’s use of\n floating barriers in the Rio Grande. That lawsuit is still making its way through the courts.\nThe enforcement of immigration law is a federal responsibility, and opponents of the Texas measure argue it’s unconstitutional.\nThe law has sent ripples of fear throughout the Latino community in Texas, which makes up\n40% of the state’s population. Civil-rights groups, including the American Civil Liberties Union, filed a lawsuit seeking to block the measure.\nThe Justice Department’s threat to sue comes on the heels of a\nhigh-levels talks between senior US and Mexican officials this week\nOfficials from both countries described talks as productive, and Mexican officials are\nexpected to visit Washington next month to continue the discussions.\nThe-CNN-Wire\n™ & © 2023 Cable News Network, Inc., a Warner Bros. Discovery Company. All rights reserved.",
    "highlightText": "",
    "highlightTitle": "",
    "highlightThreadTitle": "",
    "language": "english",
    "sentiment": "negative",
    "categories": [
        "Politics",
        "Crime, Law and Justice",
        "Social Issue"
    ],
    "external_links": [
        "https://www.cnn.com/2023/12/28/politics/mexican-officials-washington-meeting-biden-administration/index.html",
        "https://www.cnn.com/2023/12/27/politics/blinken-mayorkas-mexico-border-crossing-biden/index.html",
        "https://www.aclu.org/press-releases/aclu-civil-rights-orgs-sue-texas-over-sb-4",
        "https://www.cnn.com/2023/12/19/politics/white-house-response-texas-law/index.html",
        "https://www.cnn.com/2023/09/07/politics/texas-water-barriers-migrants-appeal/index.html",
        "https://www.census.gov/quickfacts/fact/table/TX/POP010210",
        "https://census.gov/quickfacts/fact/table/TX/POP010210",
        "https://cnn.com/2023/09/07/politics/texas-water-barriers-migrants-appeal/index.html",
        "https://cnn.com/2023/12/19/politics/white-house-response-texas-law/index.html",
        "https://cnn.com/2023/12/27/politics/blinken-mayorkas-mexico-border-crossing-biden/index.html",
        "https://cnn.com/2023/12/28/politics/mexican-officials-washington-meeting-biden-administration/index.html",
        "https://aclu.org/press-releases/aclu-civil-rights-orgs-sue-texas-over-sb-4"
    ],
    "external_images": [],
    "entities": {
        "persons": [
            {
                "name": "abbott",
                "sentiment": "none"
            },
            {
                "name": "greg abbott",
                "sentiment": "none"
            },
            {
                "name": "brian boynton",
                "sentiment": "none"
            },
            {
                "name": "joe biden",
                "sentiment": "none"
            }
        ],
        "organizations": [
            {
                "name": "constitution justice department",
                "sentiment": "negative"
            },
            {
                "name": "justice department",
                "sentiment": "negative"
            },
            {
                "name": "cnn",
                "sentiment": "none"
            },
            {
                "name": "senate",
                "sentiment": "none"
            },
            {
                "name": "white house",
                "sentiment": "none"
            },
            {
                "name": "department of justice",
                "sentiment": "none"
            }
        ],
        "locations": [
            {
                "name": "texas",
                "sentiment": "none"
            },
            {
                "name": "washington",
                "sentiment": "none"
            },
            {
                "name": "united states",
                "sentiment": "none"
            },
            {
                "name": "us",
                "sentiment": "none"
            }
        ]
    },
    "rating": null,
    "crawled": "2023-12-29T00:29:42.995+02:00",
    "updated": "2023-12-29T00:29:42.995+02:00"
}