{
    "thread": {
        "uuid": "0baf65d32ab3222e87d50a0904d7ca6ad978b4fd",
        "url": "https://vanguardia.com.mx/noticias/exige-venezuela-retirada-de-buque-de-guerra-britanico-en-guayana-MN10590950",
        "site_full": "vanguardia.com.mx",
        "site": "vanguardia.com.mx",
        "site_section": "http://file.vanguardia.com.mx/",
        "site_categories": [
            "travel",
            "mexico_and_central_america"
        ],
        "section_title": "Vanguardia MX | Las noticias de México, Coahuila y Saltillo",
        "title": "Exige Venezuela retirada de buque de guerra británico en Guayana",
        "title_full": "Exige Venezuela retirada de buque de guerra británico en Guayana",
        "published": "2023-12-28T23:33:00.000+02:00",
        "replies_count": 0,
        "participants_count": 1,
        "site_type": "news",
        "country": "MX",
        "main_image": "https://vanguardia.com.mx/binrepository/580x435/0c15/580d420/none/11604/AHEC/2882548_1-7871416_20231228213922.jpg",
        "performance_score": 0,
        "domain_rank": 21212,
        "domain_rank_updated": "2023-12-26T12:06:20.000+02:00",
        "reach": null,
        "social": {
            "facebook": {
                "likes": 0,
                "comments": 0,
                "shares": 0
            },
            "gplus": {
                "shares": 0
            },
            "pinterest": {
                "shares": 0
            },
            "linkedin": {
                "shares": 0
            },
            "stumbledupon": {
                "shares": 0
            },
            "vk": {
                "shares": 0
            }
        }
    },
    "uuid": "0baf65d32ab3222e87d50a0904d7ca6ad978b4fd",
    "url": "https://vanguardia.com.mx/noticias/exige-venezuela-retirada-de-buque-de-guerra-britanico-en-guayana-MN10590950",
    "ord_in_thread": 0,
    "parent_url": null,
    "author": "gerardo hernández",
    "published": "2023-12-28T23:33:00.000+02:00",
    "title": "Exige Venezuela retirada de buque de guerra británico en Guayana",
    "text": "Exige Venezuela retirada de buque de guerra británico en Guayana La administración federal pide ‘acciones inmediatas’ para el retiro de la unidad de las costas CDMX.- E [l presidente de Venezuela, Nicolás Maduro,](https://es.wikipedia.org/wiki/Nicol%C3%A1s_Maduro) exigió que se implementen acciones inmediatas para el retiro de un buque de guerra británico de las costas de Guyana, en plena escalada de tensiones por la disputa por el territorio del Esequibo. El mandatario venezolano anunció que dio orden al conjunto de las Fuerzas Armadas del país para que active en la zona oriental del Caribe y en la franja Atlántica una “acción conjunta de carácter defensivo” en respuesta a la “provocación” por la llegada de este buque. TE PUEDE INTERESAR: [Mantiene Corte Suprema de Michigan a Donald Trump en la boleta electoral](https://vanguardia.com.mx/noticias/internacional/mantiene-corte-suprema-de-michigan-a-donald-trump-en-la-boleta-electoral-GD10576330) “Es una amenaza contra la paz y la soberanía” de Venezuela, dijo durante una intervención en la cadena de radiotelevisión venezolana. Antes de este anuncio el Ministerio de Asuntos Exteriores de Venezuela emitió un comunicado con el que rechazan la llegada de la Armada Británica a Guyana, en un contexto en el que las relaciones entre Caracas y Georgetown no pasan por su mejor momento. TE PUEDE INTERESAR: [NASA lanza nave OSIRIS-APEX hacia el asteroide ‘Dios del Caos’ que se aproxima a la Tierra](https://vanguardia.com.mx/noticias/nasa-lanza-nave-osiris-apex-hacia-el-asteroide-dios-del-caos-que-se-aproxima-a-la-tierra-JM10580328) “La presencia de la nave militar es extremadamente grave, ya que viene acompañada de declaraciones por parte de portavoces políticos y militares de que quien fungió como despojador de la Guayana Esequiba”, indica el comunicado. Ambos países están en la disputa de 159 mil kilómetros cuadrados de territorio al oeste del río Esequibo, una región rica en petróleo, minerales y biodiversidad.",
    "highlightText": "",
    "highlightTitle": "",
    "highlightThreadTitle": "",
    "language": "spanish",
    "sentiment": "negative",
    "categories": [
        "Politics",
        "War, Conflict and Unrest"
    ],
    "external_links": [
        "https://es.wikipedia.org/wiki/Nicol%C3%A1s_Maduro)",
        "https://www.es.wikipedia.org/wiki/Nicol%C3%A1s_Maduro)"
    ],
    "external_images": [],
    "entities": {
        "persons": [],
        "organizations": [],
        "locations": []
    },
    "rating": null,
    "crawled": "2023-12-29T00:11:11.697+02:00",
    "updated": "2023-12-29T00:11:11.697+02:00"
}