{
    "thread": {
        "uuid": "4fa67feed141e1675d1b34c45516c287137f80dc",
        "url": "https://ground.news/article/west-condemns-irans-accelerated-uranium-enrichment_fd4c3d",
        "site_full": "ground.news",
        "site": "ground.news",
        "site_section": "https://ground.news/interest/radio-free-europe-radioliberty",
        "site_categories": [],
        "section_title": "Radio Free Europe/ RadioLiberty Breaking News Headlines Today | Ground News",
        "title": "Ground News - West condemns Iran's accelerated uranium enrichment",
        "title_full": "Ground News - West condemns Iran's accelerated uranium enrichment",
        "published": "2023-12-28T22:04:00.000+02:00",
        "replies_count": 0,
        "participants_count": 1,
        "site_type": "news",
        "country": "CA",
        "main_image": "",
        "performance_score": 0,
        "domain_rank": 29780,
        "domain_rank_updated": "2023-12-26T12:06:20.000+02:00",
        "reach": null,
        "social": {
            "facebook": {
                "likes": 0,
                "comments": 0,
                "shares": 0
            },
            "gplus": {
                "shares": 0
            },
            "pinterest": {
                "shares": 0
            },
            "linkedin": {
                "shares": 0
            },
            "stumbledupon": {
                "shares": 0
            },
            "vk": {
                "shares": 0
            }
        }
    },
    "uuid": "4fa67feed141e1675d1b34c45516c287137f80dc",
    "url": "https://ground.news/article/west-condemns-irans-accelerated-uranium-enrichment_fd4c3d",
    "ord_in_thread": 0,
    "parent_url": null,
    "author": "Ground News",
    "published": "2023-12-28T22:04:00.000+02:00",
    "title": "Ground News - West condemns Iran's accelerated uranium enrichment",
    "text": "Summary by Ground News Britain, France, Germany and the US said they \"condemn this measure that further aggravates the continued escalation of the Iranian nuclear programme\" The statement came two days after the International Atomic Energy Agency released a report saying Iran \"increased its production of highly enriched uranium, reversing a previous output reduction from mid-2023\" Share menu More\nFilters 16 Articles 16 Articles All Left Center Right\nHindustan Times Center Low Factuality Independent: HT Media ‘No credible civilian justification’: West condemns Iran's high uranium enrichment The statement came two days after the International Atomic Energy Agency released a report saying Iran \"increased its production of highly enriched uranium.\n2 hours ago · New Delhi, India Read Full Article\nHindustan Times Center Low Factuality Independent: HT Media\n‘No credible civilian justification’: West condemns Iran's high uranium enrichment The statement came two days after the International Atomic Energy Agency released a report saying Iran \"increased its production of highly enriched uranium.\n2 hours ago · New Delhi, India Read Full Article The Straits Times Lean Right Mixed Factuality Media Conglomerate: Singapore Press Holdings France, Germany, UK, US, condemn Iran's increase in uranium enrichment France, Germany, Britain and the United States condemned Iran's increase in production of highly enriched uranium following the IAEA report from earlier this week. Read more at straitstimes.com.\n3 hours ago · Singapore Read Full Article\nThe Straits Times Lean Right Mixed Factuality Media Conglomerate: Singapore Press Holdings\nFrance, Germany, UK, US, condemn Iran's increase in uranium enrichment France, Germany, Britain and the United States condemned Iran's increase in production of highly enriched uranium following the IAEA report from earlier this week. Read more at straitstimes.com.\n3 hours ago · Singapore Read Full Article Adevarul Statele Unite, Regatul Unit, Franţa şi Germania condamnă în comun creșterea producţiei de uraniu îmbogăţit a Iranului Statele Unite, Regatul Unit, Franţa şi Germania au condamnat într-o declaraţie comună sporirea de către Iran a producţiei de uraniu îmbogăţit, confirmată de un raport publicat marţi de Agenţia Internaţională pentru Energie Atomică (AIEA)\n2 hours ago · Romania Read Full Article\nAdevarul\nStatele Unite, Regatul Unit, Franţa şi Germania condamnă în comun creșterea producţiei de uraniu îmbogăţit a Iranului Statele Unite, Regatul Unit, Franţa şi Germania au condamnat într-o declaraţie comună sporirea de către Iran a producţiei de uraniu îmbogăţit, confirmată de un raport publicat marţi de Agenţia Internaţională pentru Energie Atomică (AIEA)\n2 hours ago · Romania Read Full Article France24 Center High Factuality Government: Government of France West condemns Iran's accelerated uranium enrichment Western powers on Thursday condemned Iran accelerating its production of highly enriched uranium, after a watchdog said it had upped manufacture following months of slowdown.\n2 hours ago · France Read Full Article\nFrance24 Center High Factuality Government: Government of France\nWest condemns Iran's accelerated uranium enrichment Western powers on Thursday condemned Iran accelerating its production of highly enriched uranium, after a watchdog said it had upped manufacture following months of slowdown.\n2 hours ago · France Read Full Article Japan Today Lean Left High Factuality Corporation: GPlusMedia France, Germany, UK and U.S. condemn Iran's increase in uranium enrichment France, Germany, Britain and the United States on Thursday condemned an increase by Iran in the production rate of highly enriched uranium of up to 60% purity, close to the level used for nuclear weapons fuel. In a joint statement, the allies made no mention of any consequences Iran could…\n1 hour ago · Sakado, Japan Read Full Article\nJapan Today Lean Left High Factuality Corporation: GPlusMedia\nFrance, Germany, UK and U.S. condemn Iran's increase in uranium enrichment France, Germany, Britain and the United States on Thursday condemned an increase by Iran in the production rate of highly enriched uranium of up to 60% purity, close to the level used for nuclear weapons fuel. In a joint statement, the allies made no mention of any consequences Iran could…\n1 hour ago · Sakado, Japan Read Full Article Le Monde Lean Left High Factuality Iran's accelerated uranium enrichment condemned by Western powers The International Atomic Energy Agency reported that Iran has recently stepped up its enriched uranium production, despite consistently denying any aspirations to develop nuclear weapons capabilities.\n1 hour ago · Paris, France Read Full Article\nLe Monde Lean Left High Factuality\nIran's accelerated uranium enrichment condemned by Western powers The International Atomic Energy Agency reported that Iran has recently stepped up its enriched uranium production, despite consistently denying any aspirations to develop nuclear weapons capabilities.\n1 hour ago · Paris, France Read Full Article More articles Think freely. Subscribe and get full access to Ground News Subscriptions start at $9.99/year Subscribe",
    "highlightText": "",
    "highlightTitle": "",
    "highlightThreadTitle": "",
    "language": "english",
    "sentiment": "negative",
    "categories": [
        "Science and Technology",
        "War, Conflict and Unrest",
        "Politics"
    ],
    "external_links": [
        "https://wtvbam.com/2023/12/28/france-germany-uk-us-condemn-irans-increase-in-uranium-enrichment/?utm_source=ground.news&utm_medium=referral",
        "https://www.straitstimes.com/world/europe/france-germany-uk-us-condemn-irans-increase-in-uranium-enrichment?utm_source=ground.news&utm_medium=referral",
        "https://adevarul.ro/stiri-externe/in-lume/statele-unite-regatul-unit-franta-si-germania-2327614.html?utm_source=ground.news&utm_medium=referral",
        "https://www.rferl.org/a/iran-nuclear-uranium-enrichment/32751289.html?utm_source=ground.news&utm_medium=referral",
        "https://www.france24.com/en/middle-east/20231228-west-condemns-iran-s-accelerated-uranium-enrichment?utm_source=ground.news&utm_medium=referral",
        "https://www.hindustantimes.com/world-news/no-credible-civilian-justification-west-condemns-irans-high-uranium-enrichment-101703794073555.html?utm_source=ground.news&utm_medium=referral",
        "https://hindustantimes.com/world-news/no-credible-civilian-justification-west-condemns-irans-high-uranium-enrichment-101703794073555.html?utm_source=ground.news&utm_medium=referral",
        "https://www.rferl.org/a/iran-nuclear-uranium-enrichment/32751289.html",
        "https://wtvbam.com/2023/12/28/france-germany-uk-us-condemn-irans-increase-in-uranium-enrichment/",
        "https://www.straitstimes.com/world/europe/france-germany-uk-us-condemn-irans-increase-in-uranium-enrichment",
        "https://www.hindustantimes.com/world-news/no-credible-civilian-justification-west-condemns-irans-high-uranium-enrichment-101703794073555.html",
        "https://rferl.org/a/iran-nuclear-uranium-enrichment/32751289.html?utm_source=ground.news&utm_medium=referral",
        "https://straitstimes.com/world/europe/france-germany-uk-us-condemn-irans-increase-in-uranium-enrichment?utm_source=ground.news&utm_medium=referral",
        "https://www.adevarul.ro/stiri-externe/in-lume/statele-unite-regatul-unit-franta-si-germania-2327614.html?utm_source=ground.news&utm_medium=referral",
        "https://www.wtvbam.com/2023/12/28/france-germany-uk-us-condemn-irans-increase-in-uranium-enrichment/?utm_source=ground.news&utm_medium=referral",
        "https://www.france24.com/en/middle-east/20231228-west-condemns-iran-s-accelerated-uranium-enrichment",
        "https://france24.com/en/middle-east/20231228-west-condemns-iran-s-accelerated-uranium-enrichment?utm_source=ground.news&utm_medium=referral",
        "https://adevarul.ro/stiri-externe/in-lume/statele-unite-regatul-unit-franta-si-germania-2327614.html"
    ],
    "external_images": [],
    "entities": {
        "persons": [],
        "organizations": [
            {
                "name": "ground news - west",
                "sentiment": "neutral"
            },
            {
                "name": "ground news",
                "sentiment": "neutral"
            },
            {
                "name": "international atomic energy agency",
                "sentiment": "none"
            },
            {
                "name": "articles all left center right hindustan times center low factuality independent",
                "sentiment": "none"
            }
        ],
        "locations": [
            {
                "name": "iran",
                "sentiment": "none"
            },
            {
                "name": "britain",
                "sentiment": "none"
            },
            {
                "name": "france",
                "sentiment": "none"
            },
            {
                "name": "germany",
                "sentiment": "none"
            },
            {
                "name": "us",
                "sentiment": "none"
            },
            {
                "name": "new delhi",
                "sentiment": "none"
            }
        ]
    },
    "rating": null,
    "crawled": "2023-12-29T00:20:53.403+02:00",
    "updated": "2023-12-29T00:43:02.341+02:00"
}