{
    "thread": {
        "uuid": "3a29f2297eff426e3b337a0fcac994d8fea26458",
        "url": "https://afrique.le360.ma/politique/algerie-les-conditions-de-la-visite-du-president-tebboune-en-france-pas-idoines_GAURKOI2XJFR7NIEIXCQE7A2IQ/",
        "site_full": "afrique.le360.ma",
        "site": "le360.ma",
        "site_section": "http://afrique.le360.ma/politique",
        "site_categories": [
            "media",
            "law_government_and_politics",
            "politics"
        ],
        "section_title": "Politique | Le360 Afrique",
        "title": "Algérie: les conditions de la visite du président Tebboune en France «pas idoines» | Le360 Afrique",
        "title_full": "Algérie: les conditions de la visite du président Tebboune en France «pas idoines» | Le360 Afrique",
        "published": "2023-12-28T20:49:00.000+02:00",
        "replies_count": 0,
        "participants_count": 1,
        "site_type": "news",
        "country": "MA",
        "main_image": "https://afrique.le360.ma/resizer/ka0nnS51ZCySLSVJ7HZlQudwrt0=/1200x630/cloudfront-eu-central-1.images.arcpublishing.com/le360/NNARLUAHHFAHZHIV5QZEST6KGA.jpg",
        "performance_score": 0,
        "domain_rank": 42782,
        "domain_rank_updated": "2023-12-26T12:06:25.000+02:00",
        "reach": null,
        "social": {
            "facebook": {
                "likes": 0,
                "comments": 0,
                "shares": 0
            },
            "gplus": {
                "shares": 0
            },
            "pinterest": {
                "shares": 0
            },
            "linkedin": {
                "shares": 0
            },
            "stumbledupon": {
                "shares": 0
            },
            "vk": {
                "shares": 0
            }
        }
    },
    "uuid": "3a29f2297eff426e3b337a0fcac994d8fea26458",
    "url": "https://afrique.le360.ma/politique/algerie-les-conditions-de-la-visite-du-president-tebboune-en-france-pas-idoines_GAURKOI2XJFR7NIEIXCQE7A2IQ/",
    "ord_in_thread": 0,
    "parent_url": null,
    "author": "@Le360_Afrique",
    "published": "2023-12-28T20:49:00.000+02:00",
    "title": "Algérie: les conditions de la visite du président Tebboune en France «pas idoines» | Le360 Afrique",
    "text": "«En toute sincérité, les conditions de cette visite ne sont pas idoines», a déclaré M. Attaf dans un entretien accordé mercredi soir à Atheer, la plateforme de la chaine qatarie Al Jazeera.\nM. Attaf a énuméré les dossiers de la mémoire, la mobilité, la coopération économique, les essais nucléaires français dans le Sahara algérien et celui de la restitution de l’épée ainsi que le burnous de l’émir Abdelkader.\nAlors même que «le président devait se rendre au Château d’Amboise où était emprisonné l’Émir Abdelkader (...) les autorités françaises ont refusé (de restituer l’épée et le burnous de l’Emir) arguant la nécessité d’une loi» , a indiqué le ministre.\nConcernant les essais nucléaires français, M. Attaf a indiqué que l’Algérie demandait «une reconnaissance des dommages causés» ainsi que «des indemnisations».\nLire aussi : Algérie: le patron de l’armée en visite officielle en France pour préparer celle de Tebboune\nEntre 1960 et 1966, la France a procédé à 17 essais nucléaires sur les sites de Reggane, puis d’In Ekker, dans le Sahara algérien.\nDe documents déclassifiés en 2013 ont révélé des retombées radioactives importantes qui s’étendaient de l’Afrique de l’Ouest au sud de l’Europe.\n«Nous ne sommes pas parvenus à des accords sur cinq grands et lourds dossiers. Mais nous continuons à travailler dessus», a réitéré le ministre en soulignant que les visites entre les responsables des deux pays se poursuivent pour préparer cette visite d’Etat.\nLire aussi : \"Seuls les visas intéressent l'Algérie dans la relation avec la France\", selon l'ex-ambassadeur de Paris à Alger\nDébut août, le président algérien Abdelmadjid Tebboune avait déclaré que sa visite d’Etat en France était «toujours maintenue» mais dépendait «du programme» de l’Élysée, précisant qu’une «visite d’État a des conditions» et «n’est pas une visite touristique» .\nLa visite, programmée d’abord début mai, avait été repoussée à juin, les Algériens craignant qu’elle ne soit gâchée par les manifestations du 1er mai contre la très contestée réforme des retraites en France, selon des sources concordantes.\nCette visite devait consacrer l’embellie entre les deux pays après de nombreuses crises diplomatiques.\n 28/12/2023 à 19h49",
    "highlightText": "",
    "highlightTitle": "",
    "highlightThreadTitle": "",
    "language": "french",
    "sentiment": "negative",
    "categories": [
        "Politics",
        "War, Conflict and Unrest",
        "Social Issue"
    ],
    "external_links": [],
    "external_images": [],
    "entities": {
        "persons": [],
        "organizations": [],
        "locations": []
    },
    "rating": null,
    "crawled": "2023-12-29T00:01:15.373+02:00",
    "updated": "2023-12-30T02:40:18.630+02:00"
}