{
    "thread": {
        "uuid": "103a84e4f4510a38d6276978ebc2eed7d402262c",
        "url": "http://french.presstv.ir/Detail/2023/12/28/717206/Gaza-Isra%C3%ABl-Syrie-Damas-Razi-Moussavi",
        "site_full": "french.presstv.ir",
        "site": "presstv.ir",
        "site_section": "http://french.presstv.ir",
        "site_categories": [],
        "section_title": "French PressTV",
        "title": "Assassinat du G. Moussavi: embourbé à Gaza, Israël souhaite l'expansion du conflit",
        "title_full": "Assassinat du G. Moussavi: embourbé à Gaza, Israël souhaite l'expansion du conflit",
        "published": "2023-12-28T16:44:00.000+02:00",
        "replies_count": 0,
        "participants_count": 1,
        "site_type": "news",
        "country": "IR",
        "main_image": "https://cdn.presstv.ir/Photo/2023/12/28/40c3c7f7-9bc5-4bd9-8188-a2df20f4ec14.jpg",
        "performance_score": 0,
        "domain_rank": 6502,
        "domain_rank_updated": "2023-12-26T12:06:20.000+02:00",
        "reach": null,
        "social": {
            "facebook": {
                "likes": 0,
                "comments": 0,
                "shares": 0
            },
            "gplus": {
                "shares": 0
            },
            "pinterest": {
                "shares": 0
            },
            "linkedin": {
                "shares": 0
            },
            "stumbledupon": {
                "shares": 0
            },
            "vk": {
                "shares": 0
            }
        }
    },
    "uuid": "103a84e4f4510a38d6276978ebc2eed7d402262c",
    "url": "http://french.presstv.ir/Detail/2023/12/28/717206/Gaza-Isra%C3%ABl-Syrie-Damas-Razi-Moussavi",
    "ord_in_thread": 0,
    "parent_url": null,
    "author": "French Presstv",
    "published": "2023-12-28T16:44:00.000+02:00",
    "title": "Assassinat du G. Moussavi: embourbé à Gaza, Israël souhaite l'expansion du conflit",
    "text": "Le commandant en chef du Corps des gardiens de la Révolution islamique (CGRI), le général de division Hossein Salami, a salué le rôle du général Moussavi dans l’axe de la Résistance et la lutte contre le terrorisme dans la région. « L’ennemi le connaissait mieux que nous, car il avait reçu de violents coups de sa part, et l’ennemi savait quel rôle et quelle influence il avait pour le contrer », a-t-il dit avant d’ajouter que l’Iran ne fera jamais preuve de patience face au martyre de ses compatriotes. « Notre vengeance pour l’assassinat de Seyyed Razi ne sera rien d’autre que l’élimination du régime sioniste », a-t-il souligné avant de renchérir que l’Iran se réserve le droit de répondre à ce crime lâche au moment voulu et opportun sans se précipiter et sans entrer dans le jeu du régime de Tel-Aviv qui cherche à provoquer l’Iran pour élargir le feu de la guerre dans la région. L’Iran maintient une mission consultative en Syrie à la demande de Damas dans le but d’aider ce pays arabe déchiré par la guerre à se débarrasser des terroristes soutenus par l’étranger qui combattent le gouvernement démocratiquement élu depuis 2011. Plus tôt en décembre, Israël a tué deux conseillers militaires du CGRI – Mohammad Ali Ataee Shoorcheh et Panah Taqizadeh – lors d’une autre attaque en Syrie. Le CGRI avait alors annoncé dans un communiqué que ces deux officiers ont été tués en martyr dans le contexte de la sauvagerie implacable du régime israélien « faux et tueur d’enfants » à Gaza. Réagissant aux évolutions, Jean-Michel Vernochet, analyste politique, journaliste et géopoliticien français, partage son analyse avec nous.",
    "highlightText": "",
    "highlightTitle": "",
    "highlightThreadTitle": "",
    "language": "french",
    "sentiment": "negative",
    "categories": [
        "Politics",
        "War, Conflict and Unrest",
        "Crime, Law and Justice"
    ],
    "external_links": [],
    "external_images": [],
    "entities": {
        "persons": [],
        "organizations": [],
        "locations": []
    },
    "rating": null,
    "crawled": "2023-12-29T00:10:56.923+02:00",
    "updated": "2023-12-29T00:10:56.923+02:00"
}