{
    "thread": {
        "uuid": "7df7f3e22d0fbb90e537e2c5c3e8a3008299b4e7",
        "url": "https://www.thegatewaypundit.com/2023/12/nikki-haley-blames-democrat-plant-question-about-cause/",
        "site_full": "www.thegatewaypundit.com",
        "site": "thegatewaypundit.com",
        "site_section": "https://www.thegatewaypundit.com/rss",
        "site_categories": [
            "social"
        ],
        "section_title": "The Gateway Pundit",
        "title": "Nikki Haley Blames 'Democrat Plant' for Question About Cause of Civil War, Gives Do-Over Answer Blaming Slavery | The Gateway Pundit | by Kristinn Taylor",
        "title_full": "Nikki Haley Blames 'Democrat Plant' for Question About Cause of Civil War, Gives Do-Over Answer Blaming Slavery | The Gateway Pundit | by Kristinn Taylor",
        "published": "2023-12-29T00:20:00.000+02:00",
        "replies_count": 0,
        "participants_count": 1,
        "site_type": "news",
        "country": "US",
        "main_image": "https://www.thegatewaypundit.com/wp-content/uploads/2023/12/Nikki-Haley-Town-Hall-North-Conway-NH-CNN-Screen-Image-12282023-e1703793792279-1200x630.jpg",
        "performance_score": 0,
        "domain_rank": 6251,
        "domain_rank_updated": "2023-12-26T12:06:20.000+02:00",
        "reach": null,
        "social": {
            "facebook": {
                "likes": 6,
                "comments": 1,
                "shares": 16
            },
            "gplus": {
                "shares": 0
            },
            "pinterest": {
                "shares": 0
            },
            "linkedin": {
                "shares": 0
            },
            "stumbledupon": {
                "shares": 0
            },
            "vk": {
                "shares": 0
            }
        }
    },
    "uuid": "7df7f3e22d0fbb90e537e2c5c3e8a3008299b4e7",
    "url": "https://www.thegatewaypundit.com/2023/12/nikki-haley-blames-democrat-plant-question-about-cause/",
    "ord_in_thread": 0,
    "parent_url": null,
    "author": "Kristinn Taylor",
    "published": "2023-12-29T00:20:00.000+02:00",
    "title": "Nikki Haley Blames 'Democrat Plant' for Question About Cause of Civil War, Gives Do-Over Answer Blaming Slavery | The Gateway Pundit | by Kristinn Taylor",
    "text": "In remarks made on a radio interview Thursday, Republican presidential candidate former South Carolina Governor Nikki Haley blamed a “Democrat plant” sent by the Biden campaign for the ’cause of the Civil War’ question she botched at a town hall Wednesday night in Berlin, New Hampshire. Haley also gave a do-over answer that blamed slavery for the War Between the States. Later at another town hall, Haley again blamed the slavery. Haley appeared on the Pulse of NH show Good Morning New Hampshire with Jack Heath Thursday morning. The complete audio can be heard at this link . Audio excerpt posted by the DeSantis campaign: LISTEN: Haley embarrassingly attempts to walk back her Civil War flub, explains that she couldn’t answer the simple question because the voter was a “Democrat plant.” Nikki Haley doesn't have what it takes to win. pic.twitter.com/rKnqu96LjB — DeSantis War Room 🐊 (@DeSantisWarRoom) December 28, 2023 Later Haley appeared at a town hall at Kennett High School in North Conway where she again addressed the ’cause of the Civil War’ question: — Kaitlan Collins (@kaitlancollins) December 28, 2023 Last night I was asked about the Civil War. And what I think of the Civil War, what was the cause of the Civil War?” Of course, the Civil War was about slavery. We know that. That’s unquestioned. Always the case. We know the Civil War was about slavery. but it was also more than that. It was about the freedoms of every individual. It was about the role of government. For eighty years, America had the decision and the moral question of whether slavery was a good thing? And whether government, economically, culturally, any other reasons, had a role to play in that. By the grace of God, we did the right thing and slavery is no more. But the lessons of what the bigger issue with the Civil War are, is that let’s not forget what came out of that, which is: Government’s role, individual liberties, freedom for every single person, freedom of speech, freedom of religion, freedom to do and be anything you want to be without anyone or government getting in your way. That should be the goal of what we always try to take away from that, right? Because we never want to return back to that place but we always want to remember the lesson of what it means to be a free individual and that everyone deserves to be a free individual. So we stand by that. I say that as a Southerner. I say that as a Southern governor who removed the Confederate flag off the statehouse grounds. And I say it as a proud American of how far we have come. Transribed by TGP. The anonymous questioner at the Berlin town hall Wednesday told reporters he asked Haley about the cause of the Civil War because of this 2010 Q & A with the Palmetto Patriots when she was running for governor that did not mention slavery: — PatriotTakes 🇺🇸 (@patriottakes) February 15, 2023 New Hampshire Journal excerpt : The unidentified man later told reporters he asked the question because he heard her answer it in a similar way when she ran for South Carolina governor in 2010. He said he wanted to know if her views had since changed. In 2015, while governor of the Palmetto State, Haley was widely praised for successfully removing the Confederate battle flag from atop the South Carolina state house and to a Confederate monument, resolving an issue that had plagued her state’s politics for years. Haley’s 2010 answer is an apparent reference to an interview she held with a southern heritage activist group, the since-defunct Palmetto Patriots. A video of the interview was released by CNN last February. In the interview, Haley said the Civil War was about two sides butting heads because one side stood for “tradition” while the other supported “change.” Pressed by the heritage group on what that meant, Haley answered, “on individual rights and liberty of people.” Thursday morning, Haley made it clear she believed the Civil War question came straight from Democrats. “It was definitely a Democrat plant,” Haley told Heath. “That’s why I said, ‘What does it mean to you?’ And if you notice, he didn’t answer anything. The same reason he didn’t tell the reporters what his name was. The same reason he went and showed the guy that he was with the tweet that went up after he did it.",
    "highlightText": "",
    "highlightTitle": "",
    "highlightThreadTitle": "",
    "language": "english",
    "sentiment": "negative",
    "categories": [
        "Politics",
        "War, Conflict and Unrest",
        "Social Issue"
    ],
    "external_links": [
        "https://twitter.com/DeSantisWarRoom/status/1740395660816625963?ref_src=twsrc%5Etfw",
        "https://thepulseofnh.com/good-morning-nh/nikki-haley-responds-to-civil-war-comment-on-good-morning-new-hampshire/",
        "https://twitter.com/kaitlancollins/status/1740405135300325445?ref_src=twsrc%5Etfw",
        "https://twitter.com/patriottakes/status/1625918375112081409?ref_src=twsrc%5Etfw",
        "https://nhjournal.com/haley-civil-war-question-was-democrat-plant/",
        "https://nhjournal.com/haley-civil-war-question-was-democrat-plant",
        "https://twitter.com/DeSantisWarRoom/status/1740395660816625963",
        "https://www.thepulseofnh.com/good-morning-nh/nikki-haley-responds-to-civil-war-comment-on-good-morning-new-hampshire/",
        "https://www.twitter.com/kaitlancollins/status/1740405135300325445?ref_src=twsrc%5Etfw",
        "https://www.twitter.com/patriottakes/status/1625918375112081409?ref_src=twsrc%5Etfw",
        "https://www.nhjournal.com/haley-civil-war-question-was-democrat-plant/",
        "https://thepulseofnh.com/good-morning-nh/nikki-haley-responds-to-civil-war-comment-on-good-morning-new-hampshire",
        "https://www.twitter.com/DeSantisWarRoom/status/1740395660816625963?ref_src=twsrc%5Etfw",
        "https://twitter.com/patriottakes/status/1625918375112081409",
        "https://twitter.com/kaitlancollins/status/1740405135300325445"
    ],
    "external_images": [],
    "entities": {
        "persons": [
            {
                "name": "nikki haley blames",
                "sentiment": "neutral"
            },
            {
                "name": "kristinn taylor",
                "sentiment": "neutral"
            },
            {
                "name": "haley",
                "sentiment": "none"
            },
            {
                "name": "biden",
                "sentiment": "none"
            },
            {
                "name": "nikki haley",
                "sentiment": "none"
            },
            {
                "name": "desantis",
                "sentiment": "none"
            },
            {
                "name": "jack heath",
                "sentiment": "none"
            }
        ],
        "organizations": [],
        "locations": [
            {
                "name": "south caroli",
                "sentiment": "none"
            },
            {
                "name": "kennett high school",
                "sentiment": "none"
            },
            {
                "name": "berlin",
                "sentiment": "none"
            },
            {
                "name": "new hampshire",
                "sentiment": "none"
            },
            {
                "name": "north conway",
                "sentiment": "none"
            }
        ]
    },
    "rating": null,
    "crawled": "2023-12-29T00:29:43.742+02:00",
    "updated": "2023-12-29T00:29:43.742+02:00"
}