{
    "thread": {
        "uuid": "2b62f747ffd3cdb7eca4390ceb4ea7e98d7c406e",
        "url": "http://lactualitedessocialistes.hautetfort.com/archive/2023/12/28/ps-deces-de-jacques-delors-nous-perdons-aujourd-hui-un-immen-6477676.html",
        "site_full": "lactualitedessocialistes.hautetfort.com",
        "site": "hautetfort.com",
        "site_section": "http://aiuslocutius.hautetfort.com",
        "site_categories": [
            "politics",
            "law_government_and_politics"
        ],
        "section_title": "Aius Locutius",
        "title": "PS - Décès de Jacques Delors : nous perdons aujourd’hui un immense camarade, la France l’un de ses plus fidèles serviteurs, l’Union Européenne l’un de ses fondateurs - Actualités socialistes",
        "title_full": "PS - Décès de Jacques Delors : nous perdons aujourd’hui un immense camarade, la France l’un de ses plus fidèles serviteurs, l’Union Européenne l’un de ses fondateurs - Actualités socialistes",
        "published": "2023-12-28T02:00:00.000+02:00",
        "replies_count": 0,
        "participants_count": 1,
        "site_type": "news",
        "country": "FR",
        "main_image": "",
        "performance_score": 0,
        "domain_rank": 10967,
        "domain_rank_updated": "2023-12-26T12:06:20.000+02:00",
        "reach": null,
        "social": {
            "facebook": {
                "likes": 0,
                "comments": 0,
                "shares": 0
            },
            "gplus": {
                "shares": 0
            },
            "pinterest": {
                "shares": 0
            },
            "linkedin": {
                "shares": 0
            },
            "stumbledupon": {
                "shares": 0
            },
            "vk": {
                "shares": 0
            }
        }
    },
    "uuid": "2b62f747ffd3cdb7eca4390ceb4ea7e98d7c406e",
    "url": "http://lactualitedessocialistes.hautetfort.com/archive/2023/12/28/ps-deces-de-jacques-delors-nous-perdons-aujourd-hui-un-immen-6477676.html",
    "ord_in_thread": 0,
    "parent_url": null,
    "author": "En réponse à",
    "published": "2023-12-28T02:00:00.000+02:00",
    "title": "PS - Décès de Jacques Delors : nous perdons aujourd’hui un immense camarade, la France l’un de ses plus fidèles serviteurs, l’Union Européenne l’un de ses fondateurs - Actualités socialistes",
    "text": "Décès de Jacques Delors : nous perdons aujourd’hui un immense camarade, la France l’un de ses plus fidèles serviteurs, l’Union Européenne l’un de ses fondateurs Mercredi 27 Décembre 2023 Le Parti socialiste apprend avec une profonde tristesse la disparition de Jacques Delors qui avait rejoint les rangs socialistes en 1974 dans l'espoir “d'être utile”. Il restera l’un des grands constructeurs de l’Europe contemporaine. Syndicaliste épris de justice sociale au sein de la CFTC, puis de la CFDT, adepte de la contractualisation qu’il mit en application au secrétariat au plan, Jacques Delors était un réformiste humaniste. Compagnon de route de François Mitterrand, il se voit confier le suivi des dossiers économiques. Devenu ministre, il se fait connaître comme un réaliste, animé par la volonté de faire baisser l’inflation qui frappe d’abord les classes populaires et de réformer le pays dans la justice, tout en tenant compte des réalités économiques et financières. C’est à la tête de la Commission européenne où il est nommé en 1985, que le talent et la vision de Jacques Delors prennent une nouvelle dimension. Il défend alors l’économie de marché tout en pourfendant la société de marché. Il prône l’affirmation d’une Europe puissance, seul espace capable selon lui de rivaliser dans la mondialisation avec les blocs régionaux qui se constituent. C’est en ce sens qu’il soutient la réunification allemande après la chute du mur de Berlin et fait de la monnaie unique l’une de ses batailles, de même que celle de l’Europe de la culture, de l’économie sociale et de la connaissance. Homme de conviction plus que d’ambition, il renonce à se présenter à l’élection présidentielle de 1995 alors que les sondages lui étaient favorables, ouvrant ainsi la porte à une nouvelle génération de socialistes derrière Lionel Jospin. Nous perdons aujourd’hui un camarade, la France l’un de ses fidèles serviteurs et l’Europe l’un de ses fondateurs. Le Parti socialiste adresse ses plus sincères condoléances à sa famille et un message affectueux à Martine Aubry.",
    "highlightText": "",
    "highlightTitle": "",
    "highlightThreadTitle": "",
    "language": "french",
    "sentiment": "negative",
    "categories": [
        "Politics",
        "Human Interest",
        "Social Issue"
    ],
    "external_links": [],
    "external_images": [],
    "entities": {
        "persons": [],
        "organizations": [],
        "locations": []
    },
    "rating": null,
    "crawled": "2023-12-29T00:01:51.000+02:00",
    "updated": "2023-12-29T00:01:51.000+02:00"
}