{
    "thread": {
        "uuid": "aa6f6dd091475ec924fe43bbeb69415079d2dd72",
        "url": "https://mvsnoticias.com/nacional/2023/12/28/enviar-medicinas-en-avion-helicoptero-absurdo-carisimo-xochitl-galvez-620267.html",
        "site_full": "mvsnoticias.com",
        "site": "mvsnoticias.com",
        "site_section": "http://mvsnoticias.com/nacional",
        "site_categories": [
            "non_standard_content",
            "adult"
        ],
        "section_title": "Nacional - MVS Noticias",
        "title": "Enviar medicinas en avión y helicóptero, absurdo y carísimo: Xóchitl Gálvez | MVS Noticias",
        "title_full": "Enviar medicinas en avión y helicóptero, absurdo y carísimo: Xóchitl Gálvez | MVS Noticias",
        "published": "2023-12-28T23:53:00.000+02:00",
        "replies_count": 0,
        "participants_count": 1,
        "site_type": "news",
        "country": "MX",
        "main_image": "https://mvsnoticias.com/u/fotografias/m/2023/12/28/f1280x720-587704_719379_4975.jpg",
        "performance_score": 0,
        "domain_rank": 94926,
        "domain_rank_updated": "2023-12-26T12:06:35.000+02:00",
        "reach": null,
        "social": {
            "facebook": {
                "likes": 0,
                "comments": 0,
                "shares": 0
            },
            "gplus": {
                "shares": 0
            },
            "pinterest": {
                "shares": 0
            },
            "linkedin": {
                "shares": 0
            },
            "stumbledupon": {
                "shares": 0
            },
            "vk": {
                "shares": 0
            }
        }
    },
    "uuid": "aa6f6dd091475ec924fe43bbeb69415079d2dd72",
    "url": "https://mvsnoticias.com/nacional/2023/12/28/enviar-medicinas-en-avion-helicoptero-absurdo-carisimo-xochitl-galvez-620267.html",
    "ord_in_thread": 0,
    "parent_url": null,
    "author": "Alberto Zamora",
    "published": "2023-12-28T23:53:00.000+02:00",
    "title": "Enviar medicinas en avión y helicóptero, absurdo y carísimo: Xóchitl Gálvez | MVS Noticias",
    "text": "La precandidata presidencial del PAN, PRI y PRD, [Xóchitl Gálvez](https://mvsnoticias.com/nacional/2023/12/27/estados-unidos-debe-aportar-recursos-para-crisis-migratoria-xochitl-galvez-620176.html) aseguró que la mega farmacia del gobierno de México no es necesaria, sino que los medicamentos lleguen a las 190 mil localidades del país. En un video difundido en redes sociales, el cual fue grabado afuera del predio donde se ubica la mega farmacia, Gálvez Ruiz dijo que enviar medicinas en avión y helicóptero “es carísimo y absurdo”. Cuestionó que se pretenda enviar medicamentos desde Huehuetoca hasta la Montaña de Guerrero, cuando lo que se necesita es garantizar la distribución. Te podría interesar “Cómo va a llegar un medicamento de urgencia desde aquí, Huehuetoca, Estado de México hasta un enfermo en Tijuana, Mérida o en la Montaña de Guerrero; no juegue con la salud del pueblo, presidente”, afirmó. La aspirante presidencial de la coalición Fuerza y Corazón por México propuso acabar con el desabasto de medicinas en México y garantizó que su objetivo es que haya un gobierno que le diga la verdad a los ciudadanos y dé soluciones a los problemas, porque “el pueblo merece salud”.",
    "highlightText": "",
    "highlightTitle": "",
    "highlightThreadTitle": "",
    "language": "spanish",
    "sentiment": "negative",
    "categories": [
        "Politics",
        "Social Issue",
        "Health"
    ],
    "external_links": [],
    "external_images": [],
    "entities": {
        "persons": [],
        "organizations": [],
        "locations": []
    },
    "rating": null,
    "crawled": "2023-12-29T00:20:55.750+02:00",
    "updated": "2023-12-29T00:20:55.750+02:00"
}