{
    "thread": {
        "uuid": "1622dca7417eb30056344d40c0e5af5aa4c33d2f",
        "url": "https://information.tv5monde.com/international/argentine-appel-une-greve-generale-le-24-janvier-contre-les-reformes-milei-2684553",
        "site_full": "information.tv5monde.com",
        "site": "tv5monde.com",
        "site_section": "https://information.tv5monde.com/afprss/francais--journal--mon",
        "site_categories": [
            "media"
        ],
        "section_title": "TV5MONDE Informations",
        "title": "Argentine: appel à une grève générale le 24 janvier contre les réformes Milei",
        "title_full": "Argentine: appel à une grève générale le 24 janvier contre les réformes Milei",
        "published": "2023-12-28T21:30:00.000+02:00",
        "replies_count": 0,
        "participants_count": 1,
        "site_type": "news",
        "country": "FR",
        "main_image": "https://information.tv5monde.com/sites/tv5-info/files/styles/seo_1200/public/2023-12/field_media_image-2777718-3bd4678730e2aed2dac2cf918f68029473eb6977.jpg?itok=bKoMI_EI",
        "performance_score": 0,
        "domain_rank": 5554,
        "domain_rank_updated": "2023-12-26T12:06:20.000+02:00",
        "reach": null,
        "social": {
            "facebook": {
                "likes": 0,
                "comments": 0,
                "shares": 0
            },
            "gplus": {
                "shares": 0
            },
            "pinterest": {
                "shares": 0
            },
            "linkedin": {
                "shares": 0
            },
            "stumbledupon": {
                "shares": 0
            },
            "vk": {
                "shares": 0
            }
        }
    },
    "uuid": "1622dca7417eb30056344d40c0e5af5aa4c33d2f",
    "url": "https://information.tv5monde.com/international/argentine-appel-une-greve-generale-le-24-janvier-contre-les-reformes-milei-2684553",
    "ord_in_thread": 0,
    "parent_url": null,
    "author": "TV5MONDE",
    "published": "2023-12-28T21:30:00.000+02:00",
    "title": "Argentine: appel à une grève générale le 24 janvier contre les réformes Milei",
    "text": "[Back to top](#skip-link)\nDes syndicalistes portant les drapeaux argentins manifestent devant le Palais de Justice de Buenos Aires, le 27 décembre 2023\nLa principale centrale syndicale d'Argentine, la CGT, a appelé à une grève générale le 24 janvier pour protester contre les premiers décrets et projets de loi de la présidence ultralibérale du nouveau président, Javier Milei.\nC'est la première fois en 40 ans de démocratie qu'un président argentin doit faire face à une grève générale un mois et demi après son arrivée au pouvoir.\nHector Daer, secrétaire général de la CGT qui revendique 7 millions d'affiliés, a annoncé en conférence de presse la grève et une mobilisation prévue devant le parlement qui examinera alors les projets de loi dérégulateurs \"qui vont à l'encontre de toute la société\" et concentrent \"tous les pouvoirs publics\" sur le président.\nLa mobilisation, a poursuivi le dirigeant syndical, vise en particulier un \"décret de nécessité et d'urgence\" publié le 20 décembre par le gouvernement, ouvrant la voie à une dérégulation massive de l'économie, mais au \"caractère illégal et inconstitutionnel\".\n\"Ce décret s'en prend aux droits individuels des travailleurs, aux droits collectifs, à un système de santé universel et solidaire, et à un nombre incalculable de sujets qui constituent notre pays\", a insisté M. Daer.\n\"En moins d'une semaine, ils transforment l'Argentine et nous ramènent à l'Argentine pastorale\", a-t-il dénoncé.\nJavier Milei, ultralibéral et \"anarcho-capitaliste\" comme il se décrit lui-même, a depuis son investiture le 10 décembre publié un décret de dérégulation de l'économie à travers l'abrogation de quelque 300 normes.\nUn décret techniquement en vigueur à partir de vendredi, mais sous réserve d'approbation ultérieure par le parlement.\nIl a aussi poursuivi son élan \"libéral\" en déposant mercredi au parlement un ensemble détaillé de projets ou modifications de lois, affectant une multitude de domaines de la sphère publique et privée : pêle-mêle du fiscal à l'électoral, à la journée de travail, au calcul des retraites, au contrôle et sanctions de manifestations, ou à l'instauration d'un \"divorce express\".\nCe vaste train de réformes, dit \"loi-omnibus\" doit lui aussi être examiné par le parlement, et les avis juridiques divergent sur le temps effectif --des mois, voire des années selon certains-- qu'il faudrait pour examiner les quelque 600 articles.\nUne autre interrogation porte sur l'issue elle-même du processus parlementaire sur certaines dispositions polémiques, avec un parlement sans majorité absolue dans aucune des deux chambres. Et où le parti de Milei, la Libertad Avanza, n'est que la troisième force --même s'il peut compter avec l'appui du bloc de centre-droit, le deuxième en importance.\nLa mobilisation n'a toutefois pas attendu, avec trois manifestations en un peu plus d'une semaine à Buenos Aires, et plusieurs recours en justice déposés contre le décret d'urgence du 20 décembre. Dont certains par la CGT elle-même mercredi.\nSont d'ores et déjà effectives, et avec un effet immédiat sur le porte-monnaie des Argentins, une première série de mesures d'austérité annoncée aux premiers jours de la présidence Milei.\nAinsi la dévaluation de plus de 50% du peso, la devise nationale, et la baisse dès début janvier de subventions aux transports et à l'énergie, se traduisant en une hausse immédiate de tarifs vouée à affecter le quotidien de plusieurs millions d'Argentins.\nL'objectif pour le gouvernement est la réduction drastique du déficit budgétaire chronique de l'Argentine, engluée dans une inflation à 160% sur un an.",
    "highlightText": "",
    "highlightTitle": "",
    "highlightThreadTitle": "",
    "language": "french",
    "sentiment": "negative",
    "categories": [
        "Politics",
        "Human Interest"
    ],
    "external_links": [],
    "external_images": [],
    "entities": {
        "persons": [],
        "organizations": [],
        "locations": []
    },
    "rating": null,
    "crawled": "2023-12-29T00:12:29.585+02:00",
    "updated": "2023-12-29T00:12:29.585+02:00"
}