{
    "thread": {
        "uuid": "b2fafde9bc28c9fe91b32fb8c427dc7ce3d06ae5",
        "url": "https://www.meneame.net/story/nformacion-enlace-alcalde-nueva-york-impone-restricciones-desde/c014",
        "site_full": "www.meneame.net",
        "site": "meneame.net",
        "site_section": "https://www.meneame.net//comments_rss",
        "site_categories": [
            "non_standard_content",
            "adult"
        ],
        "section_title": "Menéame: comentarios",
        "title": "#14 El alcalde de Nueva York impone restricciones a la llegada de autobuses con migrantes desde la frontera",
        "title_full": "#14 El alcalde de Nueva York impone restricciones a la llegada de autobuses con migrantes desde la frontera",
        "published": "2023-12-28T23:13:00.000+02:00",
        "replies_count": 0,
        "participants_count": 1,
        "site_type": "news",
        "country": "ES",
        "main_image": "https://meneame.net/img/logo_meneame_footer.svg",
        "performance_score": 0,
        "domain_rank": 11108,
        "domain_rank_updated": "2023-12-26T12:06:20.000+02:00",
        "reach": null,
        "social": {
            "facebook": {
                "likes": 0,
                "comments": 0,
                "shares": 0
            },
            "gplus": {
                "shares": 0
            },
            "pinterest": {
                "shares": 0
            },
            "linkedin": {
                "shares": 0
            },
            "stumbledupon": {
                "shares": 0
            },
            "vk": {
                "shares": 0
            }
        }
    },
    "uuid": "b2fafde9bc28c9fe91b32fb8c427dc7ce3d06ae5",
    "url": "https://www.meneame.net/story/nformacion-enlace-alcalde-nueva-york-impone-restricciones-desde/c014",
    "ord_in_thread": 0,
    "parent_url": null,
    "author": "ElSev",
    "published": "2023-12-28T23:13:00.000+02:00",
    "title": "#14 El alcalde de Nueva York impone restricciones a la llegada de autobuses con migrantes desde la frontera",
    "text": "Portada\nmis comunidades\notras secciones\n[#7](c7#c-7) las aves migratorias no tienen residencia estable en ningún momento, de ahi que se las llame aves migratorias. Por el contrario, los seres humanos tienen un lugar de residencia estable, por eso se le llaman emigrantes (como los llaman los del lugar de su residencia original) o inmigrantes (como los llaman los del lugar de residencia donde son recién llegados).\n[#2](c2#c-2) si un extranjero entra a tu territorio, pero no se va a quedar o no lo sabes (por ejemplo, está de paso), lo correcto es utilizar 'migrante'. Si se queda, 'inmigrante'.\nPor ejemplo, un argelino que entra a España por alguna playa, y tiene claro que su destino es Francia, aquí en España NO es inmigrante: es migrante. Si su finalidad hubiese sido llegar a España para quedarse, sería INmigrante.\nAfortunadamente en Españistañol cada palabro tiene su uso adecuado. Seas de EGB o de primaria.\n[#1](c1#c-1) migrates seguro que no.\nLas personas emigran. Las aves migratorias migran. Que la estúpida y gilipollas neolengua inclusiva no nos nuble la mente, por favor\n[#6](c6#c-6) yo no puedo explicarme como la gente va aceptando estos términos viendo la forma tan descarada en que lo meten en los medios.\nPero bueno, será que semos rarus.\n[#5](c5#c-5) Si tienen alojamiento gratis se puede pagar menos o nada y ya con las propinas se pueden hacer con el sueño americano, tener un seguro médico bueno, una ranchera y un eléctrico en el garaje, un jardincito con jardinero de color y llevar a sus hijos a una buena universidad y luego ir de vacaciones a sus antiguos países a presumir",
    "highlightText": "",
    "highlightTitle": "",
    "highlightThreadTitle": "",
    "language": "spanish",
    "sentiment": "negative",
    "categories": [
        "Politics",
        "Human Interest",
        "Social Issue"
    ],
    "external_links": [],
    "external_images": [],
    "entities": {
        "persons": [],
        "organizations": [],
        "locations": []
    },
    "rating": null,
    "crawled": "2023-12-29T00:18:45.346+02:00",
    "updated": "2023-12-29T00:18:45.346+02:00"
}