{
    "thread": {
        "uuid": "409908224935ae2cea7c7ec81ce5d5c57dbe1532",
        "url": "https://www.aporrea.org/educacion/a327250.html",
        "site_full": "www.aporrea.org",
        "site": "aporrea.org",
        "site_section": "http://feeds.feedburner.com/aporrea/opinion",
        "site_categories": [
            "media"
        ],
        "section_title": "Aporrea.org - opinion",
        "title": "Maduro destruyó el sistema público de educación - Por: Arnaldo Aguilar Dorta",
        "title_full": "Maduro destruyó el sistema público de educación - Por: Arnaldo Aguilar Dorta",
        "published": "2023-12-28T23:31:00.000+02:00",
        "replies_count": 0,
        "participants_count": 1,
        "site_type": "news",
        "country": "VE",
        "main_image": "https://www.aporrea.org/imagenes/iconos/autor-sin-foto-400.jpg",
        "performance_score": 0,
        "domain_rank": 39216,
        "domain_rank_updated": "2023-12-26T12:06:25.000+02:00",
        "reach": null,
        "social": {
            "facebook": {
                "likes": 0,
                "comments": 0,
                "shares": 0
            },
            "gplus": {
                "shares": 0
            },
            "pinterest": {
                "shares": 0
            },
            "linkedin": {
                "shares": 0
            },
            "stumbledupon": {
                "shares": 0
            },
            "vk": {
                "shares": 0
            }
        }
    },
    "uuid": "409908224935ae2cea7c7ec81ce5d5c57dbe1532",
    "url": "https://www.aporrea.org/educacion/a327250.html",
    "ord_in_thread": 0,
    "parent_url": null,
    "author": "puebloalzao@aporrea.org (Arnaldo Aguilar Dorta)",
    "published": "2023-12-28T23:31:00.000+02:00",
    "title": "Maduro destruyó el sistema público de educación - Por: Arnaldo Aguilar Dorta",
    "text": "En la última década, hemos asistido en Venezuela a un fatal cambio de rumbo en la politica educativa, con una despiadada brutalidad han desbarrancado todo el sistema público de educación. Fue interrumpida la formación del espíritu científico y humanístico de la juventud venezolana. Y todo como consecuencia de las infaustas medidas económicas neoliberales que Maduro le viene imponiendo al pueblo venezolano sólo para favorecer los intereses de los sectores más ricos, los capitalistas. Los resultados, de tan desastroza politica, están a la vista del que tenga ojos para ver.\nEl sistema público educativo ha sido desmantelando fisica y teóricamente, pues, para el gran capital la educación publica no resulta rentable, y, como los grandes capitalistas son lo que realmente comandan el estado en Venezuela actualmente, entonces, el proyecto de la educación popular robinsoniana lo han mandado al sipote. En resumidas cuentas, estamos viviendo la tragedia de la privatización, de lo no común, la educación pública fue literalmente destruida, las escuelas están destrozadas, ya no hay ni pupitres, mucho menos laboratorios, ni talleres para el cultivo de las ciencias y las artes.\nEl salario de los docentes se redujo a un bono para el mantenimiento de un esclavo, el programa de alimentación ya no existe, el rendimiento académico se halla en niveles muy bajos a nivel mundial. Detrás de esta premeditada destrucción del sistema público de educación está escondida la verdadera intención, cual es, armar la justificación para acabar con los bienes comunes como ineficientes por naturaleza y así achicarlo o sacarlo del gasto público como medida neoliberal para luego dejar en manos del negocio privado y bajo las frias y violentas lógicas de la oferta y la demanda del mercado, el proceso de la enseñanza-aprendizaje la formacion de las nuevas generaciones.\nEsa es la orientación destructiva a la que está atado y obligado obedecer maduro en materia educativa. Destruir la educación pública para favorecer el jugoso negocio de la educación De tal manera, es dentro de este contexto, que puede también comprenderse la causa principal que ha ha originado la pulverización del salario de los trabajadores de la educación y de todas las clases trabajadoras, y en general, la depredación de los activos líquidos destinados a garantizar el derecho constitucional a una educación de calidad, dañando así el bienestar del pueblo venezolano llevado a cabo por ordenes del capitalismo financiero.\nPor consiguiente, los docentes estamos en la obligación moral de reaccionar, dejar de ser una masa de asalariados sumisos y desorganizados, y hacer conciencia que para recuperar nuestra dignidad y la altivez del rol de educadores, para reinvidicar nuestro vínculo orgánico con la sociedad y con la razón, es juntando todas las fuerzas de base del magisterio con las del pueblo, para hacerle cumplir a este gobierno, enemigo de la educación, la indexación salarial como un derecho constitucional y que cumpla con su obligación de un estado docente. No tenemos otra opción, la única vía es reconstruir la voluntad política colectiva, esto quiere decir, que los trabajadores de la educación a nivel nacional deben organizarse en una fuerza asociativa apropiada a su gremio, autónoma e independiente de toda politiquería.\nTiene que ser una organización de nuevo tipo, para evitar tropezar con la misma piedra. Generar un inmenso movimiento que interpele a la sociedad en su conjunto, que garantice la unidad gremial, y que esa unidad pueda ampliarse con la incorporación de madres/padres, abuelas y abuelos y se vincule con las luchas de todos los trabajadores venezolanos, constituyéndose en un Frente Nacional por la defensa de la educación publica y el salario, entendiendo que la educación es nuestra principal empresa productiva nacional, es entonces un asunto que incumbe a toda la sociedad.\nLa precarización laboral que se le impone a los docentes es intolerable, de tal manera, que reuniendo todas las fuerzas sociales en un poderoso movimiento nacional y solamente haciéndolo asi, la lucha por la indexacion salarial tendrá una verdadera solución y habremos salvado la educación popular.",
    "highlightText": "",
    "highlightTitle": "",
    "highlightThreadTitle": "",
    "language": "spanish",
    "sentiment": "negative",
    "categories": [
        "Politics",
        "Social Issue"
    ],
    "external_links": [],
    "external_images": [],
    "entities": {
        "persons": [],
        "organizations": [],
        "locations": []
    },
    "rating": null,
    "crawled": "2023-12-29T00:21:15.251+02:00",
    "updated": "2023-12-29T00:21:15.251+02:00"
}