{
    "thread": {
        "uuid": "3d10d04dff4c7c8a95fe1b62e9cdff12b2fc09ce",
        "url": "https://www.losandes.com.ar/politica/general-alvear-el-nuevo-intendente-aplicara-un-duro-ajuste-y-detallo-las-deudas-de-su-antecesor/",
        "site_full": "www.losandes.com.ar",
        "site": "losandes.com.ar",
        "site_section": "https://www.losandes.com.ar/arcio/rss",
        "site_categories": [
            "media",
            "education",
            "entertainment"
        ],
        "section_title": "Los Andes",
        "title": "General Alvear: el nuevo intendente aplicará un duro ajuste y detalló las “deudas” de su antecesor",
        "title_full": "General Alvear: el nuevo intendente aplicará un duro ajuste y detalló las “deudas” de su antecesor",
        "published": "2023-12-28T23:53:00.000+02:00",
        "replies_count": 0,
        "participants_count": 1,
        "site_type": "news",
        "country": "AR",
        "main_image": "https://www.losandes.com.ar/resizer/tdQtAU5xdbpEEuTOGICE8cobY7M=/1200x630/smart/filters:quality(75):format(webp)/cloudfront-us-east-1.images.arcpublishing.com/grupoclarin/MR6SYWFDZRBHHG5RKKTEG6N5TI.jpg",
        "performance_score": 0,
        "domain_rank": 25470,
        "domain_rank_updated": "2023-12-26T12:06:20.000+02:00",
        "reach": null,
        "social": {
            "facebook": {
                "likes": 0,
                "comments": 0,
                "shares": 0
            },
            "gplus": {
                "shares": 0
            },
            "pinterest": {
                "shares": 0
            },
            "linkedin": {
                "shares": 0
            },
            "stumbledupon": {
                "shares": 0
            },
            "vk": {
                "shares": 0
            }
        }
    },
    "uuid": "3d10d04dff4c7c8a95fe1b62e9cdff12b2fc09ce",
    "url": "https://www.losandes.com.ar/politica/general-alvear-el-nuevo-intendente-aplicara-un-duro-ajuste-y-detallo-las-deudas-de-su-antecesor/",
    "ord_in_thread": 0,
    "parent_url": null,
    "author": "Pablo Abihaggle",
    "published": "2023-12-28T23:53:00.000+02:00",
    "title": "General Alvear: el nuevo intendente aplicará un duro ajuste y detalló las “deudas” de su antecesor",
    "text": "El actual Intendente de General Alvear, Alejandro Molero (UCR), anunció un severo ajuste dentro del municipio debido a la deuda de más de 300 millones de pesos que dice que heredó de su correligionario y ex Intendente, Walther Marcolini. El intendente denunció que el municipio arrastra una deuda total de 300 millones de pesos: “Contamos con una deuda flotante, registrada y con Orden de Compra, de 150 millones, y una deuda exigible de 180 millones″, expresó. El primero de los puntos anuncia la reducción de 12 cargos de funcionarios públicos, lo que se traduce en un ahorro de $105 millones en sueldos y $80 millones en gastos operativos. Además, el Intendente y el resto de su gabinete deberán utilizar únicamente vehículos particulares. Además, quedan suspendidos totalmente los viáticos para los funcionarios. Por otro lado, se establece un Programa de Retiro Voluntario para aquellos agentes del municipio que encuentren mejores ofertas salariales o que quieran emprender en el sector privado. También se prohíbe el ingreso a la planta permanente del municipio. Otro punto que se aborda “dar de baja” a los trabajadores municipales que no estén cumpliendo con sus responsabilidades laborales. Además se establece que cualquier empleado que se dé de baja debe ser reemplazado de manera obligatoria por un agente municipal en funciones, respetando la carrera municipal y las jerarquías. Por otro lado, reducirán los gastos en el alquiler de vehículos a terceros y habrá una centralización de direcciones que actualmente operan en distintos edificios. Por otro lado Molero decretó el cierre de su radio municipal porque “es imposible erogar dinero para la mantención y renovación de equipos, sumado a los elevados costos fijos entre ellos el consumo eléctrico”. Asimismo, decidió congelar la pauta oficial y suspender la publicidad en medios provinciales y nacionales. Concesiones La actual Costanera Alvear, conocida como la “playa” en esa zona, con una extensión de 70 metros de ancho por unos 150 metros de largo, será concesionada a un privado. Ahora, operará con solo 3 cargos, lo que implica la reducción de 10 contratos y generará un ahorro de 18 millones de pesos anuales. El matadero frigorífico, que anteriormente pertenecía a la comuna, también pasará a manos de un privado. La estimación de ahorro supera los 100 millones de pesos anuales y, según se destaca, “implicará nuevas fuentes de trabajo privado y una reinvención continua para mejorar las prestaciones y servicios que este brinda”. En cuanto a las fiestas vendimiales, se suspenderán las celebraciones distritales, y solo se llevarán a cabo la coronación de las 8 candidatas en el distrito de Bowen. El acto departamental se realizará en el salón del predio ferial. Este último cedido sin costo por la Cámara de Comercio. Aunque no se especifica con certeza el ahorro en la Fiesta Vendimial de General Alvear, se detallan los gastos efectuados el año pasado: “En Vendimia General Alvear 2023 se gastaron más de 25 millones de pesos; hoy, un año después y con más del 140% de inflación, se proyecta un gasto de menos de 17 millones”. Molero, además, expresó: “Sabemos que muchas de estas medidas que hemos tomado pueden ser antipáticas, pero estamos convencidos que son necesarias para enfrentar un duro momento económico y social que vive nuestro país”. El mensaje también tuvo otro receptor: los empleados municipales. “Muchas de estas medidas nos han permitido que el día 29 de diciembre, mañana, absolutamente todos tengan depositado el salario, el fruto de su trabajo”.",
    "highlightText": "",
    "highlightTitle": "",
    "highlightThreadTitle": "",
    "language": "spanish",
    "sentiment": "negative",
    "categories": [
        "Politics",
        "Economy, Business and Finance"
    ],
    "external_links": [],
    "external_images": [],
    "entities": {
        "persons": [],
        "organizations": [],
        "locations": []
    },
    "rating": null,
    "crawled": "2023-12-29T00:05:17.802+02:00",
    "updated": "2023-12-29T00:37:34.179+02:00"
}