{
    "thread": {
        "uuid": "5a32e897dc72343a3103f18f3b54097fb2d290ce",
        "url": "https://ground.news/article/ignorant-and-stupid-gop-senator-dragged-on-social-media-for-comment-about-civil-war-and-slavery",
        "site_full": "ground.news",
        "site": "ground.news",
        "site_section": "https://ground.news/interest/civil-war",
        "site_categories": [],
        "section_title": "Civil War Breaking News Headlines Today | Ground News",
        "title": "Ground News - 'Ignorant and stupid': GOP senator dragged on social media for comment about Civil War and slavery",
        "title_full": "Ground News - 'Ignorant and stupid': GOP senator dragged on social media for comment about Civil War and slavery",
        "published": "2023-12-28T22:24:00.000+02:00",
        "replies_count": 0,
        "participants_count": 1,
        "site_type": "news",
        "country": "CA",
        "main_image": "https://web-api-cdn.ground.news/api/v04/images/story/rss_4288_1703795729152_1/webMetaImg?v=1",
        "performance_score": 0,
        "domain_rank": 29780,
        "domain_rank_updated": "2023-12-26T12:06:20.000+02:00",
        "reach": null,
        "social": {
            "facebook": {
                "likes": 0,
                "comments": 0,
                "shares": 0
            },
            "gplus": {
                "shares": 0
            },
            "pinterest": {
                "shares": 0
            },
            "linkedin": {
                "shares": 0
            },
            "stumbledupon": {
                "shares": 0
            },
            "vk": {
                "shares": 0
            }
        }
    },
    "uuid": "5a32e897dc72343a3103f18f3b54097fb2d290ce",
    "url": "https://ground.news/article/ignorant-and-stupid-gop-senator-dragged-on-social-media-for-comment-about-civil-war-and-slavery",
    "ord_in_thread": 0,
    "parent_url": null,
    "author": "Alternet",
    "published": "2023-12-28T22:24:00.000+02:00",
    "title": "Ground News - 'Ignorant and stupid': GOP senator dragged on social media for comment about Civil War and slavery",
    "text": "Summary by Alternet After presidential candidate and former UN ambassador Nikki Haley failed to condemn slavery when answering a question about the cause of the Civil War , Sen. Tom Cotton (R-Arkansas) decided to weigh in with a comment of his own.\"The Civil War started because the American people elected an anti-slavery Republican as president and Democrats revolted rather than accept minor restrictions on the expansion of slavery to the western territories,\" Cotto… Share menu More\nFilters 1 Articles 1 Articles All Left Center Right\nAlternet Left Mixed Factuality Independent: John K. Byrne Independent: Michael Rogers (Publisher) 'Ignorant and stupid': GOP senator dragged on social media for comment about Civil War and slavery After presidential candidate and former UN ambassador Nikki Haley failed to condemn slavery when answering a question about the cause of the Civil War, Sen. Tom Cotton (R-Arkansas) decided to weigh in with a comment of his own.\"The Civil War started because the American people elected an anti-slavery Republican as president and Democrats revolted rather than accept minor restrictions on the expansion of slavery to the western territories,\" Cotto…\n2 hours ago · Washington, United States Read Full Article\nAlternet Left Mixed Factuality Independent: John K. Byrne Independent: Michael Rogers (Publisher)\n'Ignorant and stupid': GOP senator dragged on social media for comment about Civil War and slavery After presidential candidate and former UN ambassador Nikki Haley failed to condemn slavery when answering a question about the cause of the Civil War, Sen. Tom Cotton (R-Arkansas) decided to weigh in with a comment of his own.\"The Civil War started because the American people elected an anti-slavery Republican as president and Democrats revolted rather than accept minor restrictions on the expansion of slavery to the western territories,\" Cotto…\n2 hours ago · Washington, United States Read Full Article Think freely. Subscribe and get full access to Ground News Subscriptions start at $9.99/year Subscribe",
    "highlightText": "",
    "highlightTitle": "",
    "highlightThreadTitle": "",
    "language": "english",
    "sentiment": "negative",
    "categories": [
        "Politics",
        "Social Issue"
    ],
    "external_links": [
        "https://www.alternet.org/ignorant-stupid-senator-dragged/?utm_source=ground.news&utm_medium=referral",
        "https://alternet.org/ignorant-stupid-senator-dragged/?utm_source=ground.news&utm_medium=referral",
        "https://www.alternet.org/ignorant-stupid-senator-dragged/"
    ],
    "external_images": [],
    "entities": {
        "persons": [
            {
                "name": "nikki haley",
                "sentiment": "negative"
            },
            {
                "name": "john k. byrne",
                "sentiment": "none"
            },
            {
                "name": "michael rogers",
                "sentiment": "none"
            },
            {
                "name": "tom cotton",
                "sentiment": "none"
            }
        ],
        "organizations": [
            {
                "name": "gop",
                "sentiment": "negative"
            },
            {
                "name": "un",
                "sentiment": "negative"
            }
        ],
        "locations": [
            {
                "name": "arkansas",
                "sentiment": "none"
            }
        ]
    },
    "rating": null,
    "crawled": "2023-12-29T00:09:57.607+02:00",
    "updated": "2023-12-29T00:09:57.607+02:00"
}