{
    "thread": {
        "uuid": "272f04caf512e0c16432bcdd21f61bf16a542989",
        "url": "https://urgente24.com/actualidad/greenpeace-advierte-desastre-ambiental-la-ley-omnibus-n565950",
        "site_full": "urgente24.com",
        "site": "urgente24.com",
        "site_section": "https://urgente24.com",
        "site_categories": [
            "media"
        ],
        "section_title": "Urgente24 - primer diario online con las últimas noticias de Argentina y el mundo en tiempo real",
        "title": "Greenpeace advierte: desastre ambiental por la ley ómnibus",
        "title_full": "Greenpeace advierte: desastre ambiental por la ley ómnibus",
        "published": "2023-12-28T23:19:00.000+02:00",
        "replies_count": 0,
        "participants_count": 1,
        "site_type": "news",
        "country": "AR",
        "main_image": "https://media.urgente24.com/p/08de49e006f93edd0d5241f4aaf18d60/adjuntos/319/imagenes/002/960/0002960050/paquete-leyes-mileijpg.jpg",
        "performance_score": 0,
        "domain_rank": 82550,
        "domain_rank_updated": "2023-12-26T12:06:35.000+02:00",
        "reach": null,
        "social": {
            "facebook": {
                "likes": 0,
                "comments": 0,
                "shares": 0
            },
            "gplus": {
                "shares": 0
            },
            "pinterest": {
                "shares": 0
            },
            "linkedin": {
                "shares": 0
            },
            "stumbledupon": {
                "shares": 0
            },
            "vk": {
                "shares": 0
            }
        }
    },
    "uuid": "272f04caf512e0c16432bcdd21f61bf16a542989",
    "url": "https://urgente24.com/actualidad/greenpeace-advierte-desastre-ambiental-la-ley-omnibus-n565950",
    "ord_in_thread": 0,
    "parent_url": null,
    "author": "U24noticias",
    "published": "2023-12-28T23:19:00.000+02:00",
    "title": "Greenpeace advierte: desastre ambiental por la ley ómnibus",
    "text": "Greenpeace considera como una \"regresión ambiental\" al DNU del Poder Ejecutivo Nacional porque \"abriría peligrosamente la puerta a la destrucción de los bosques y los glaciares\". ALERTA ECOLOGISTA Greenpeace advierte: \"desastre ambiental\" por la ley ómnibus La organización ambientalista Greenpeace cuestionó a Javier Milei por proyecto de Ley Ómnibus. Afectaría las Leyes de Bosques y Glaciares de manera inaceptable Además, la ONG ambientalista destacó la inquietud que generan las posibles restricciones al derecho a la protesta. \"Se trata de un doble impacto, tanto en la preservación ambiental como en el ejercicio del derecho a la movilización pacífica\" expresó Diego Salas, director del Programa Andino de la entidad. Greenpeace encontró modificaciones en al menos tres leyes que tienen impacto directo en el medio ambiente: -Ley de Glaciares, sancionada en el 2010 con el objetivo de proteger los glaciares y el ambiente peri glacial -Ley de Quema 26.562, sancionada en el 2009, -desregulación y desfinanciamiento de la Ley de bosques 26.331, sancionada en el 2007. Estas tres normas consagran hitos importantes de la historia de la defensa de la naturaleza y el medio ambiente en Argentina continental y la Antártida. Todas ellas han sido el resultado de importantes debates que se dio la sociedad durante años enteros. “Desde Greenpeace llamamos a todo el Congreso a rechazar este proyecto de Ley, resguardando la democracia y los procesos de debate legislativos que la Argentina ha dado para proteger nuestro patrimonio. Son luchas que hemos ganado y que no podemos perder bajo ningún concepto. Los glaciares y los bosques no se negocian, es una regresión ambiental que no podemos permitir”, aseguró Diego Salas: “Hoy más que nunca, en contexto de crisis, es necesario comprender que ningún futuro ni desarrollo será posible y beneficioso para las personas, sin la protección del medio ambiente, nuestro sustento fundamental para sostener la vida y toda actividad humana en la tierra” cerró el representante de Greenpeace. El mar argentino también quedaría afectado El capitán de marina y comunicador naval Fernando Morales cuestionó desde Infobae.com los cambios que plantea el DNU del presidente Milei. \"El nuevo texto modifica de raíz el artículo 24 de la ley 24.922 (Régimen Federal de Pesca) que reserva la explotación de los recursos vivos marinos dentro de la Zona Económica Exclusiva Argentina (desde la costa hasta 200 millas marinas mar adentro) a personas físicas o jurídicas constituidas en el país de acuerdo con la normativa nacional vigente.\" Si se aprobara el nuevo texto, buques de todo el mundo que pidieran cuota de pesca en nuestras aguas podrían desempeñarse legalmente dentro de las 200 millas náuticas, afectando la soberanía nacional.",
    "highlightText": "",
    "highlightTitle": "",
    "highlightThreadTitle": "",
    "language": "spanish",
    "sentiment": "negative",
    "categories": [
        "Crime, Law and Justice",
        "Politics",
        "Environment"
    ],
    "external_links": [],
    "external_images": [],
    "entities": {
        "persons": [],
        "organizations": [],
        "locations": []
    },
    "rating": null,
    "crawled": "2023-12-29T00:25:13.547+02:00",
    "updated": "2023-12-29T00:25:13.547+02:00"
}