{
    "thread": {
        "uuid": "1f3a562d711eda6a81df0f0088e32f93814311cb",
        "url": "https://ktvz.com/politics/cnn-us-politics/2023/12/28/exclusive-recordings-emails-show-how-trump-team-flew-fake-elector-ballots-to-dc-in-final-push-to-overturn-2020-election/",
        "site_full": "ktvz.com",
        "site": "ktvz.com",
        "site_section": "https://ktvz.com/feed/",
        "site_categories": [
            "media"
        ],
        "section_title": "KTVZ",
        "title": "Exclusive: Recordings, emails show how Trump team flew fake elector ballots to DC in final push to overturn 2020 election",
        "title_full": "Exclusive: Recordings, emails show how Trump team flew fake elector ballots to DC in final push to overturn 2020 election",
        "published": "2023-12-28T23:00:00.000+02:00",
        "replies_count": 0,
        "participants_count": 1,
        "site_type": "news",
        "country": "US",
        "main_image": "https://ktvz.b-cdn.net/2023/08/T6W6K2eT-ktvz-860x484.jpg",
        "performance_score": 0,
        "domain_rank": 13461,
        "domain_rank_updated": "2023-12-26T12:06:20.000+02:00",
        "reach": null,
        "social": {
            "facebook": {
                "likes": 0,
                "comments": 0,
                "shares": 0
            },
            "gplus": {
                "shares": 0
            },
            "pinterest": {
                "shares": 0
            },
            "linkedin": {
                "shares": 0
            },
            "stumbledupon": {
                "shares": 0
            },
            "vk": {
                "shares": 0
            }
        }
    },
    "uuid": "1f3a562d711eda6a81df0f0088e32f93814311cb",
    "url": "https://ktvz.com/politics/cnn-us-politics/2023/12/28/exclusive-recordings-emails-show-how-trump-team-flew-fake-elector-ballots-to-dc-in-final-push-to-overturn-2020-election/",
    "ord_in_thread": 0,
    "parent_url": null,
    "author": "CNN Newsource",
    "published": "2023-12-28T23:00:00.000+02:00",
    "title": "Exclusive: Recordings, emails show how Trump team flew fake elector ballots to DC in final push to overturn 2020 election",
    "text": "Exclusive: Recordings, emails show how Trump team flew fake elector ballots to DC in final push to overturn 2020 election\n(CNN) — Two days before the\nJanuary 6 insurrection, the Trump campaign’s plan to use fake electors to block President-elect Joe Biden from taking office faced a potentially crippling hiccup: The fake elector certificates from two critical battleground states were stuck in the mail.\nSo, Trump campaign operatives scrambled to fly copies of the\nphony certificates from Michigan and Wisconsin to the nation’s capital, relying on a haphazard chain of couriers, as well as help from two Republicans in Congress, to try to get the documents to then-Vice President Mike Pence while he presided over the Electoral College certification.\nThe operatives even considered chartering a jet to ensure the files reached Washington, DC, in time for the January 6, 2021, proceeding, according to emails and recordings obtained by CNN.\nThe new details provide a behind-the-scenes glimpse of the chaotic last-minute effort to keep Donald Trump in office. The fake electors scheme features prominently in special counsel Jack Smith’s\ncriminal indictment against the former president, and some of the officials who were involved have spoken to Smith’s investigators.\nThe emails and recordings also indicate that a top Trump campaign lawyer was part of 11th-hour discussions about delivering the fake elector certificates to Pence, potentially undercutting his testimony to the House select committee that investigated January 6 that he had passed off responsibility and didn’t want to put the former vice president in a difficult spot.\nThese details largely come from pro-Trump attorney Kenneth Chesebro, who was an architect of the fake electors plot and is now a\nkey cooperator in several state probes into the scheme. Chesebro pleaded guilty in October to a felony conspiracy charge in Georgia in connection with the electors’ plan, and has met with prosecutors in Michigan, Nevada and Wisconsin, who are investigating the sham GOP electors in their own states.\nChesebro is an unindicted co-conspirator in the federal election interference indictment against Trump.\nCNN has obtained audio of Chesebro’s recent interview with Michigan investigators, and\nexclusively reported earlier this month that he also told them about a December 2020 Oval Office meeting where he briefed Trump about the fake electors plan and how it ties into January 6.\nAn attorney for Chesebro declined to comment. A spokesman for the special counsel’s office did not reply to a request for comment for this story.\n‘A high-level decision’\nEmails obtained by CNN corroborate what Chesebro told Michigan prosecutors: He communicated with the top Trump campaign lawyer, Matt Morgan, and another campaign official,\nMike Roman, to ferry the documents to Washington on January 5.\nFrom there,\nSen. Ron Johnson of Wisconsin and a Pennsylvania congressman assisted in the effort to get the documents into Pence’s hands.\n“This is a high-level decision to get the Michigan and Wisconsin votes there,” Chesebro told Michigan prosecutors. “And they had to enlist, you know, a US senator to try to expedite it, to get it to Pence in time.”\nChesebro also discussed the episode with Wisconsin investigators last week when he sat for an interview with the attorney general’s office as part of a separate state probe into the fake electors plot, a source familiar with the matter told CNN.\nWisconsin prosecutors asked about the episode “extensively,” the source said, noting Chesebro discussed how a Wisconsin GOP staffer flew the certificate from Milwaukee to Washington and then handed it off to Chesebro.\nThe firsthand account from Chesebro’s perspective helps fill in the narrative behind the effort to hand-deliver elector slates to Pence, which is vaguely referenced in Smith’s federal indictment.\nTrump pleaded not guilty to the charges, which include conspiring with Chesebro and others to obstruct the January 6 certification proceeding. Before Chesebro’s guilty plea in Georgia, his attorneys reached out to Smith’s team. As of this week, he has not heard back from federal prosecutors, a source familiar with the matter told CNN.\nFederal investigators have\nspoken with several individuals involved in the scramble with the phony elector certificates, according to a source familiar with the matter. This includes interviews with Trump staffers who were tapped to fly the papers to DC, and some fake electors who knew of the planning.\nA spokesperson for the Trump campaign did not reply to a request for comment.\nAsked about the episode, a spokesperson for Johnson pointed to his\nprevious comments, where he said, “my involvement in that attempt to deliver spanned the course of a couple seconds,” and that, “in the end, those electors were not delivered.”\n‘Day-by-day’ coordination\nAccording to the recordings of Chesebro’s sit-down with Michigan prosecutors, he explained how a legal memo he wrote for Wisconsin transformed into a\nnationwide operation, where Trump lawyers were “day-by-day coordinating the efforts of more than a dozen people with the GOP and with the Trump campaign.”\nOn January 4, 2021, Morgan sent an email to Chesebro and Roman asking for confirmation that all of the Trump elector slates had been received by Congress, according to the documents obtained by CNN.\nRoman responded that the Michigan certificate had been mailed on December 15 but was still “in transit” at a US Postal Service facility in DC. Wisconsin’s certificate also had apparently not arrived.\nChesebro told prosecutors that Morgan was “freaked out” when the campaign realized the phony certificates from Michigan were still in the mail.\nThat same day, Morgan weighed in over email asking Chesebro and Roman to rethink how they would deliver the certificates to Pence.\n“As I thought about this more, a courier will not be able to access the Capitol to deliver a sealed package,” Morgan wrote on January 4, according to emails obtained by CNN “You will probably need to enlist the help of a legislator who can deliver to the appropriate place(s). I strongly recommend you guys discuss a revised delivery plan with Rudy (Giuliani) to make sure this gets done the way he wants.”\n‘Can we charter a flight?’\nRoman was concerned the Wisconsin documents wouldn’t reach Washington in time.\n“Can we charter a flight? The only available commercial from MKE (Milwaukee Mitchell International Airport) to DCA (Ronald Reagan Washington National Airport) arrives at 2130 tomorrow night,” Roman wrote to Chesebro on January 4 at 11:24 p.m.\nThe job of physically flying the elector documents to Washington fell to two people: A Trump campaign staffer and a Wisconsin GOP official, according to the emails and what Chesebro told prosecutors.\nThe Wisconsin GOP official who had that state’s elector documents landed after 10 a.m. on January 5 at Baltimore-Washington International Airport, according to the emails.\nTrump campaign aide Michael Brown flew with the Michigan certificates to Washington National Airport with a scheduled arrival around 1 p.m., according to emails obtained by CNN. A source familiar with the matter told CNN that Brown flew to DC from Atlanta, because the Trump staffers who had custody of the Michigan ballots were in Georgia for the\nSenate runoffs.\nThe campaign booked and paid for Brown’s flight on Southwest Airlines, the source said. Federal campaign finance records indicate that a pro-Trump super PAC paid the airline on the day of Brown’s flight for travel related to election “recount” efforts.\nTrump Hotel meetup\nThe emails show that Brown and the Wisconsin GOP official were instructed to meet Chesebro at the\nTrump International Hotel in downtown Washington to hand off the fake elector certificates. Chesebro said in an email that he’d keep the ballots in his hotel room safe until it was time to pass them along.\nWisconsin Republican Party officials were annoyed at the request to courier the fake elector certificates to Washington. “Freaking trump idiots want someone to fly original elector papers to the senate President,” a Wisconsin GOP official wrote to then-state party chairman Andrew Hitt on January 4, according to the January 6 committee report.\nHitt – who has provided information to federal investigators about the efforts to get the fake elector certificates to Washington, according to a source familiar with the matter –\ntold the January 6 committee that the couriering ended up being overkill, because the original documents that the state party had mailed to Washington actually made it in time.\nGetting the certificates inside the Capitol\nThe documents still had to be hand-delivered to Pence’s Senate office in the Capitol.\nThe electors plot – as envisioned by Chesebro and other Trump allies – was that Pence could reject Biden’s legitimate electors and recognize Trump’s “alternate electors” on January 6, while lawmakers tallied the electoral votes from each state. Per federal law, the certificates need to be physically presented on the floor of Congress during the joint session, while lawmakers tally the electoral votes.\nChesebro told investigators that Roman connected him with an aide for a Pennsylvania GOP lawmaker that he believed was Rep. Scott Perry to turn over the documents. Chesebro wasn’t certain which congressman the staffer worked for – and the January 6 report says a staffer for a different Pennsylvania Republican, Rep. Mike Kelly, helped shuttle the documents that day.\n“I had the Wisconsin stuff. [Trump campaign aide] Mike Brown had the Michigan stuff. We walked to the Longworth Office Building, and the guy with Perry, or whatever his name is, and some other fellow, that were like staff members of the House, took them and said, ‘We’re going to walk them over to the Senate and give it to a Senate staffer,’” Chesebro told Michigan prosecutors, according to the audio obtained by CNN.\n“I don’t know why logistically we didn’t take it directly to Johnson. But that’s how we did it,” he added.\nKelly and Perry’s offices did not respond to CNN’s requests for comment.\nBrown did not comment for this story.\nCNN previously reported that he testified in June to Smith’s grand jury in the Trump election subversion probe.\nCNN previously reported that Roman\nsat for a proffer interview with Smith’s team before Trump was indicted. He was also indicted in the sweeping Georgia election racketeering case, in connection with the fake electors scheme, and has pleaded not guilty.\nRoman’s attorney did not respond to multiple requests for comment.\nThe details from Chesebro put a finer point on how members of Congress, including a sitting US senator, were involved in making sure the electoral certificates for Trump ended up in Pence’s hands.\nThe January 6 committee first revealed last year Johnson’s involvement in trying unsuccessfully to deliver the fake elector certificates to Pence, who\nannounced on the morning of the joint session that it would be unconstitutional to do what Trump wanted and unilaterally overturn the election results.\nThe committee\nrevealed text messages during their hearings last year that Johnson aide Sean Riley sent to Pence aide Chris Hodgson, saying that Johnson “needs to hand something to VPOTUS please advise.”\n“What is it?” Hodgson asked.\n“Alternate slates of electors for MI and WI because archivist didn’t receive them,” Riley responded.\n“Do not give that to him,” Hodgson said.\n‘F**k these guys’\nIn his Michigan interview, Chesebro also dished on some of the internal disagreements among the Trump lawyers, campaign officials and other allies, who clashed over the purpose of the electors’ plan and how far to take things on January 6.\nChesebro has maintained – then, and now – that the plan was a lawful move to preserve Trump’s legal rights.\nEven before the Trump electors met in their state capitals on December 14, 2020, to cast their fake ballots and sign the certificates, Chesebro heard about concerns from some of the electors about possible legal jeopardy, according to emails and text messages reported by\nthe Detroit News and obtained by CNN.\nChesebro\nadded hedging language for the faux certificates from Pennsylvania and New Mexico in response to those concerns. He proposed to Roman and Morgan that they add the contingency caveats to the paperwork for all seven states in the plan. But Roman rejected the idea, according to the emails.\n“F**k these guys,” Roman texted Chesebro on December 12, 2020.\nBy this time, the Trump campaign had essentially cleaved in two. Top officials who had managed day-to-day activity for Trump up to the election, including in court, say they ceded responsibility to Rudy Giuliani and others, such as Chesebro, according to congressional testimony transcripts. Roman effectively switched teams to work under Giuliani’s structure, according to the testimony from Morgan and others.\nA spokesperson for Giuliani did not reply to a request for comment.\n‘It really went south on me’\nChesebro told Michigan investigators that his own emails show that Morgan remained deeply involved, including in the final hours before January 6, to ensure that the certificates reached DC.\n“I don’t have a really warm feeling toward, at least, the top Trump lawyers that did this, hid from me what they were doing and then lied to Congress about me. So, it’s been really difficult,” Chesebro said.\nIn his congressional testimony, Morgan said he knew of the elector plan but wanted to distance himself from the effort, delegating the work to others, including those under Giuliani.\nMorgan told the January 6 committee last year that he initially believed the electors were only meant to be used as a contingency. The electors, he believed, should meet in their state capitals and cast their electoral votes but “not necessarily submit” the certificates to Congress unless “we prevailed” in court.\nMorgan told the committee that the plan changed in December, saying it morphed from a “cast-and-hold” operation and had “shifted to cast-and-send.” And that’s when Morgan told the committee that he backed out, testifying that he directed an aide to “email Mr. Chesebro politely to say, ‘this is your task. You are responsible for the Electoral College issues moving forward.’”\n“This was my way of taking that responsibility to zero,” Morgan told the committee, later adding that he “moved on” after that email was sent.\nMorgan explained that he was concerned that the new plan to try to count the fake electors on January 6 “would make the Vice President’s life harder, and I didn’t want to be a part of that.”\n“Mr. Morgan stands by his congressional testimony,” his defense attorneys told CNN in response to his emails and Chesebro’s statements to investigators.\nUltimately, on the eve of the joint session of Congress, Morgan helped get the ballots in place, according to the emails and according to Chesebro, who blamed his legal troubles squarely on the Trump campaign’s legal team.\n“I could have avoided all this,” Chesebro vented to Michigan prosecutors. “It’s been a real lesson in not working with people that you don’t know and are not sure you can trust, because it really went south on me.”\nCNN’s Avery Lotz, Annie Klingenberg, Fredreka Schouten contributed to this report.\nThe-CNN-Wire\n™ & © 2023 Cable News Network, Inc., a Warner Bros. Discovery Company. All rights reserved.",
    "highlightText": "",
    "highlightTitle": "",
    "highlightThreadTitle": "",
    "language": "english",
    "sentiment": "negative",
    "categories": [
        "Politics",
        "Crime, Law and Justice",
        "Social Issue"
    ],
    "external_links": [
        "https://www.cnn.com/2021/10/08/politics/trump-hotel-dc/index.html",
        "https://www.cnn.com/politics/live-news/georgia-trump-indictment-surrender-08-25-23/h_994988780031dd5229bf4a684c17d49e",
        "https://www.cnn.com/2022/01/20/politics/trump-campaign-officials-rudy-giuliani-fake-electors/index.html%22%20/o%20%22https:/www.cnn.com/2022/01/20/politics/trump-campaign-officials-rudy-giuliani-fake-electors/index.html%22%20/t%20%22_blank",
        "https://www.cnn.com/2023/06/29/politics/mike-roman-trump-campaign-cooperate-special-counsel-probe/index.html",
        "https://www.cnn.com/2023/07/18/politics/michigan-fake-electors-bios/index.html",
        "https://www.cnn.com/2022/01/27/politics/fake-electors-explainer/index.html",
        "https://www.cnn.com/2023/12/08/politics/kenneth-chesebro-cooperating-multiple-investigations/index.html",
        "https://www.detroitnews.com/story/news/politics/2023/12/12/donald-trump-campaign-false-electors-2020-election-legal-risks-michigan-georgia-pennsylvania-nevada/71891072007/",
        "https://twitter.com/mattsmith_news/status/1561709033131851776?s=20",
        "https://www.cnn.com/2023/12/13/politics/trump-2020-oval-office-fake-electors-recordings/index.html",
        "https://www.cnn.com/2023/10/20/politics/kenneth-chesebro-georgia-election-subversion/index.html",
        "https://www.cnn.com/2023/12/27/politics/trump-courtroom-special-counsel-election-subversion/index.html",
        "https://www.cnn.com/2022/06/21/politics/ron-johnson-fake-elector-scheme-trump/index.html",
        "https://www.cnn.com/2021/09/20/politics/trump-pence-election-memo/index.html",
        "https://www.cnn.com/2022/01/12/politics/trump-overturn-2020-election-fake-electoral-college/index.html",
        "https://www.cnn.com/2022/01/28/politics/committee-subpoenas-14-republicans/index.html",
        "https://www.cnn.com/2023/08/09/politics/fake-electors-plot-trump-campaign-memo-chesebro/index.html",
        "https://www.cnn.com/2023/06/23/politics/special-counsel-fake-electors-immunity-testimony-jan-6/index.html/",
        "https://www.cnn.com/2023/11/30/politics/pro-trump-attorney-who-oversaw-fake-electors-plot-cooperating-in-nevada-criminal-probe/index.html",
        "https://www.cnn.com/politics/january-6-insurrection",
        "https://www.cnn.com/2023/07/11/politics/grand-jury-testimony-list-january-6-trump/index.html",
        "https://www.cnn.com/2023/12/06/politics/wisconsin-fake-electors/index.html",
        "https://www.cnn.com/2021/01/06/politics/mike-pence-trump-electoral-college/index.html",
        "https://www.cnn.com/2021/01/06/politics/ossoff-perdue-georgia-election-news/index.html",
        "https://cnn.com/2023/06/23/politics/special-counsel-fake-electors-immunity-testimony-jan-6/index.html/",
        "https://cnn.com/2023/10/20/politics/kenneth-chesebro-georgia-election-subversion/index.html",
        "https://detroitnews.com/story/news/politics/2023/12/12/donald-trump-campaign-false-electors-2020-election-legal-risks-michigan-georgia-pennsylvania-nevada/71891072007/",
        "https://www.cnn.com/2023/06/23/politics/special-counsel-fake-electors-immunity-testimony-jan-6/index.html",
        "https://cnn.com/2022/01/27/politics/fake-electors-explainer/index.html",
        "https://cnn.com/politics/january-6-insurrection",
        "https://cnn.com/2021/01/06/politics/ossoff-perdue-georgia-election-news/index.html",
        "https://www.twitter.com/mattsmith_news/status/1561709033131851776?s=20",
        "https://cnn.com/2022/01/20/politics/trump-campaign-officials-rudy-giuliani-fake-electors/index.html%22%20/o%20%22https:/www.cnn.com/2022/01/20/politics/trump-campaign-officials-rudy-giuliani-fake-electors/index.html%22%20/t%20%22_blank",
        "https://twitter.com/mattsmith_news/status/1561709033131851776",
        "https://cnn.com/2023/08/09/politics/fake-electors-plot-trump-campaign-memo-chesebro/index.html",
        "https://cnn.com/2022/01/12/politics/trump-overturn-2020-election-fake-electoral-college/index.html",
        "https://cnn.com/2022/01/28/politics/committee-subpoenas-14-republicans/index.html",
        "https://cnn.com/2023/06/29/politics/mike-roman-trump-campaign-cooperate-special-counsel-probe/index.html",
        "https://www.detroitnews.com/story/news/politics/2023/12/12/donald-trump-campaign-false-electors-2020-election-legal-risks-michigan-georgia-pennsylvania-nevada/71891072007",
        "https://cnn.com/2023/12/13/politics/trump-2020-oval-office-fake-electors-recordings/index.html",
        "https://cnn.com/2022/06/21/politics/ron-johnson-fake-elector-scheme-trump/index.html",
        "https://cnn.com/politics/live-news/georgia-trump-indictment-surrender-08-25-23/h_994988780031dd5229bf4a684c17d49e",
        "https://cnn.com/2021/01/06/politics/mike-pence-trump-electoral-college/index.html",
        "https://cnn.com/2021/10/08/politics/trump-hotel-dc/index.html",
        "https://cnn.com/2023/12/27/politics/trump-courtroom-special-counsel-election-subversion/index.html",
        "https://cnn.com/2023/07/11/politics/grand-jury-testimony-list-january-6-trump/index.html",
        "https://cnn.com/2021/09/20/politics/trump-pence-election-memo/index.html",
        "https://cnn.com/2023/11/30/politics/pro-trump-attorney-who-oversaw-fake-electors-plot-cooperating-in-nevada-criminal-probe/index.html",
        "https://cnn.com/2023/07/18/politics/michigan-fake-electors-bios/index.html",
        "https://cnn.com/2023/12/06/politics/wisconsin-fake-electors/index.html",
        "https://cnn.com/2023/12/08/politics/kenneth-chesebro-cooperating-multiple-investigations/index.html"
    ],
    "external_images": [],
    "entities": {
        "persons": [
            {
                "name": "trump",
                "sentiment": "negative"
            },
            {
                "name": "donald trump",
                "sentiment": "none"
            },
            {
                "name": "joe biden",
                "sentiment": "none"
            },
            {
                "name": "mike pence",
                "sentiment": "none"
            }
        ],
        "organizations": [
            {
                "name": "congress",
                "sentiment": "none"
            },
            {
                "name": "cnn",
                "sentiment": "none"
            },
            {
                "name": "electoral college",
                "sentiment": "none"
            }
        ],
        "locations": [
            {
                "name": "washington, dc",
                "sentiment": "none"
            },
            {
                "name": "wisconsin",
                "sentiment": "none"
            },
            {
                "name": "michigan",
                "sentiment": "none"
            }
        ]
    },
    "rating": null,
    "crawled": "2023-12-29T00:29:46.702+02:00",
    "updated": "2023-12-29T00:29:46.702+02:00"
}