{
    "thread": {
        "uuid": "7771d350697772e2d7ff94a348ff6cc18d775aba",
        "url": "https://www.meneame.net/story/nunca-seria-alcaldesa-votos-eh-bildu-prefiero-fregar-escaleras/c0144",
        "site_full": "www.meneame.net",
        "site": "meneame.net",
        "site_section": "https://www.meneame.net//comments_rss",
        "site_categories": [
            "media"
        ],
        "section_title": "Menéame: comentarios",
        "title": "#144 \"Nunca sería alcaldesa con los votos de EH Bildu. Prefiero fregar escaleras\"",
        "title_full": "#144 \"Nunca sería alcaldesa con los votos de EH Bildu. Prefiero fregar escaleras\"",
        "published": "2023-12-28T23:04:00.000+02:00",
        "replies_count": 0,
        "participants_count": 1,
        "site_type": "news",
        "country": "ES",
        "main_image": "https://meneame.net/img/logo_meneame_footer.svg",
        "performance_score": 0,
        "domain_rank": 11108,
        "domain_rank_updated": "2023-12-26T12:06:20.000+02:00",
        "reach": null,
        "social": {
            "facebook": {
                "likes": 0,
                "comments": 0,
                "shares": 0
            },
            "gplus": {
                "shares": 0
            },
            "pinterest": {
                "shares": 0
            },
            "linkedin": {
                "shares": 0
            },
            "stumbledupon": {
                "shares": 0
            },
            "vk": {
                "shares": 0
            }
        }
    },
    "uuid": "7771d350697772e2d7ff94a348ff6cc18d775aba",
    "url": "https://www.meneame.net/story/nunca-seria-alcaldesa-votos-eh-bildu-prefiero-fregar-escaleras/c0144",
    "ord_in_thread": 0,
    "parent_url": null,
    "author": "perica_we",
    "published": "2023-12-28T23:04:00.000+02:00",
    "title": "#144 \"Nunca sería alcaldesa con los votos de EH Bildu. Prefiero fregar escaleras\"",
    "text": "[HackerRuso](/user/HackerRuso)a [twitter.com](/go/link/3891414) [#97](c97#c-97) Irene montero fuera de sus estudios trabajó de cajera en un supermercado, algo que el clasismo facheril criticó mucho en su momento, algo no muy diferente del clasismo de esta señora del artículo.\nComo si haber sido cajera en tu vida fuera una lacra o algo así, por otro lado ser comunity manager del perro de un político es MUY valorado por la misma gente.\n[#103](c103#c-103) A ver, Irene Montero trabajó un año de cajera. No tiene ninguna carrera profesional (aunque sea de cajera) ni profesión a la que volver, como sí tienen Pablo Iglesias o Monedero, que volvieron a sus respectivos trabajos y profesiones.\nHasta Ayuso se supone que trabajó de periodista en distintos sitios, no solo haciendo de perro de la Aguirre. Digo se supone porque me fío poco de la Ayusa sin verificar su currículum, pero se supone que es así.\nY con esto yo no invalidaba que la señora del pepé que anda llorando porque le han dado la patada haya trabajado en algo real (que ni lo sé ni me importa, no me extrañaría que se hubiera tocado el higo toda su vida), sino contestaba al comentario de\n[#46](c46#c-46) que habla de Mónica García, la cual tiene una carrera profesional como médico anestesista en el 12 de Octubre.\n[#105](c105#c-105) Entre 2011 y 2013 cursó y obtuvo el grado de máster en psicología de la educación.11 Posteriormente, gracias a su rendimiento académico, obtuvo una ayuda para contratos predoctorales de Formación de Profesorado Universitario (FPU) en la UAM entre 2013 y 2015, consiguiendo a raíz de esta una estancia formativa en la Universidad de Harvard, que rechazó por su compromiso político... https://es.wikipedia.org/wiki/Irene_Montero\nSobre muchos de los dirigentes de podemos y sobre el mismo Podemos se han lanzado tantos bulos y mentiras que en su vida se le quitara ya el San Benito de todos esos bulos. Pero no por ello hay que dejar de rebatirlo cuando se comenta.\n[#125](c125#c-125) Efectivamente, fue a la uni. Y efectivamente, no trabajó jamás (solo de cajera un año). Ni tiene carrera profesional a la que volver, porque nunca ha trabajado de nada (más allá de su breve periodo de cajera un año).\nAsí que sí, gracias por complementar con el enlace de su entrada en la Wiki para corroborar que no trabajó en su vida. Y por eso no puede volver a nada como sí pudieron volver a lo suyo el propio Pablo, Monedero, Luis Alegre o Bescansa, que tenían todos su profesión desde hacía muchos años.\n[#105](c105#c-105) Ayuso hace 20 años que dejó de hacer de periodista, se supone que en una radio en Irlanda y otra en Colombia, cobrar del chiringuito Madrid Networks no es trabajar.\n[#105](c105#c-105) Irene montero :\nDoctora en Derecho Constitucional por la Universidad de Valladolid, master en Derecho Internacional por el Instituto de Estudios Políticos para América Latina y África (Iepala) y licenciada en Derecho por la Universidad de Valladolid. Profesora Titular de Derecho Constitucional en la Universidad de Valladolid.\nYa quisieran muchos de nuestros politicastros tener una formación similar.\nMontero se ha dedicado siempre a la política. Lo de no darle un palo al agua y ser la mujer de quién es ya está bastante de más.\nPuede que no te gusten sus ideas políticas pero no veo yo masters falsos ni carreras sacadas en seis meses, ni mentiras varias, ni doctorados que no son, ni Harvard de tres días.\nVamos, que su carrera profesional está orientada a la política. Si eso no es una carrera profesional..... No se ni para que existe la carrera de ciencias políticas entonces.\n[#137](c137#c-137) JAJAJAJAJA ESE NO ES EL CURRICULUM DE MONTERO!!!!!!!!!\nES EL DE LA MINISTRA DE IGUALDAD ACTUAL, Ana Redondo García, DEL PSOE!!!\nIrene Montero ni es doctora ni es ná!!!!!!!!!! JAJAJAJAJA\n[#138](c138#c-138) mis disculpas. Trabajos predoctorales. Toma, de la razón:\nLa hoy ministra de Igualdad es licenciada en Psicología por la Universidad Autónoma de Madrid, una carrera en la que, según cita el currículum “estudió con ayudas al estudio por aprovechamiento excelente” y por la que fue puntuada con una calificación de 9,09. Además, Irene Montero ha realizado un Máster en Psicología de la Educación por la Universidad Autónoma de Madrid, donde obtuvo 9 matrículas de honor y la calificación de 9,5 en la tesis de máster.\nGoogle de inicio igual me ha traicionado.\nPaso de discutir con JAJAJAS\n[#139](c139#c-139) Vamos, que ni conocías su currículum ni te importaba\nEl JAJAJAJA es lógico ante ese sin sentido.\nY sí, su currículum real es el que pones y que yo ya conocía (por eso me descojoné al ver el que pusiste, que nada tenía que ver con el real... vaya tela): fue estudiante, solo eso. Y luego a tocarse los cojones en la política. No ha dado palo al agua en su vida, no ha trabajado en su vida. Es más inútil que Ayuso, lo siento.\nY lo que dices de Ciencias Políticas... eso es lo que estudiaron Pablo Iglesias, Monedero, Bescansa entre otros. Son politólogos. Y ellos SÍ tienen un lugar al que volver, porque tenían y tienen una carrera profesional detrás, que no implica ser chupabotes. Cosa que no tiene Montero. Irene Montero no tiene una profesión a la que volver, así que necesita que sus fangirls y sus seguidores le voten mucho para poder seguir viviendo del cuento toda su vida.\nEl 15M venía a acabar con liderazgos eternos y políticos profesionales, vividores del cuento y de la mamandurria. Todo lo contrario de lo que representa ahora mismo Irene Montero, pasando a ser Podemos un viejo club político old school más.\n[#103](c103#c-103) Me gusta ver a los 2 esos que van de izquierdas y quedan como cuñaos clasistas a la mínima. El pony dijo el otro día que Pablo Iglesias es un maltratador. Para que veas el nivel.\n[#97](c97#c-97) No, el equivalente a Monica Garcia (medico anestesista). Esta de UPN (que no del PP como dije erroneamente) fue medico de urgencias:\n\"Fue médica de urgencias del Hospital de Navarra y de algunos centros de atención primaria del Servicio Navarro de Salud, trabajando después en gestión de salud.\"\nhttps://es.wikipedia.org/wiki/Cristina_Ibarrola\n[#110](c110#c-110) Ah coño\nAl ser del PP daba por hecho que te referías a que no había trabajado de nada en su vida (o lo daba por hecho yo).\n[#10](c10#c-10) suelen ir de la mano. Lo que entiendo es que tienen tantos votos porque hay mucho millonario wannabe.\n[#102](c102#c-102) Son como muchisimo \"regionalistas\". Hubo una escisión de \"nacionalistas navarros\" que era el CDN pero no duró muchoas legislaturas teniendo escaños\nEstos requetés, han tenido el ayuntamiento 4 años sin tener mayoría y se pensaban que ahora iba a ser igual, más en minoría. Encima, se permiten el lujo de pelearse con el PP, para sumar menos aún.\n[#65](c65#c-65) plantéatelo de la siguiente manera:\nNi loco sería presidente con el apoyo de bildu. Antes haría inserta tu trabajo aquí.\n[#108](c108#c-108) tu trabajo será cómodo, pero lo que debes tener en cuenta en esa frase es el tono despectivo con el que se habla de tu trabajo.\n[#17](c17#c-17) pocos de aquí se han dedicado a eso profesionalmente. No vayamos de lo que no somos. Si acaso nos ha tocado fregar el rellano nuestro y ya.\n[#25](c25#c-25) Todo depende del contexto y de quién lo dice. No es lo mismo que lo digamos tú o yo, que pueden venirnos mal dadas y efectivamente podemos acabar fregando escaleras o fregando platos en cualquier sitio para poder salir adelante, a que lo diga alguien bien acomodado desde las instituciones.\nEs una frase clasista cuando la espera alguien desde el poder. Es clasista e indignante.\n[#77](c77#c-77) Igual es que interesa pasar la frase por el filtro ideológico, porque según la experiencia de miles de millones, al igual que otros trabajos duros, mal pagados y poco reconocidos, fregar escaleras no le gusta ni al \"Tato\".\nMe temo que si en lugar de decir la frase \"prefiero fregar escaleras\" hubiera sido \"prefiero escarbar cebollinos\", seguro que muchos de los presentes sacarían punta a la frase, alegando una afrenta al colectivo de agricultores.",
    "highlightText": "",
    "highlightTitle": "",
    "highlightThreadTitle": "",
    "language": "spanish",
    "sentiment": "negative",
    "categories": [
        "Politics",
        "Human Interest"
    ],
    "external_links": [
        "https://es.wikipedia.org/wiki/Irene_Montero",
        "https://es.wikipedia.org/wiki/Cristina_Ibarrola",
        "https://www.es.wikipedia.org/wiki/Cristina_Ibarrola",
        "https://www.es.wikipedia.org/wiki/Irene_Montero"
    ],
    "external_images": [],
    "entities": {
        "persons": [],
        "organizations": [],
        "locations": []
    },
    "rating": null,
    "crawled": "2023-12-29T00:10:11.623+02:00",
    "updated": "2023-12-29T00:10:11.623+02:00"
}