{
    "thread": {
        "uuid": "35c1bd0637643b7974783711082842367d0b31ab",
        "url": "https://www.infobae.com/colombia/2023/12/28/acusan-a-funcionario-cercano-a-gustavo-petro-de-guardar-silencio-ante-el-asesinato-de-alcaldes/",
        "site_full": "www.infobae.com",
        "site": "infobae.com",
        "site_section": "https://www.infobae.com/feeds/rss",
        "site_categories": [
            "media"
        ],
        "section_title": "Infobae.com",
        "title": "Acusan a funcionario cercano a Gustavo Petro de “guardar silencio” ante el asesinato de alcaldes",
        "title_full": "Acusan a funcionario cercano a Gustavo Petro de “guardar silencio” ante el asesinato de alcaldes",
        "published": "2023-12-29T00:17:00.000+02:00",
        "replies_count": 0,
        "participants_count": 1,
        "site_type": "news",
        "country": "AR",
        "main_image": "https://www.infobae.com/new-resizer/djIJbXThdcrv1QRWB6VCpB-8rig=/1200x630/filters:format(webp):quality(85)/cloudfront-us-east-1.images.arcpublishing.com/infobae/C42J22ULNFCYXEATEA4QD75DCA.jpg",
        "performance_score": 0,
        "domain_rank": 2144,
        "domain_rank_updated": "2023-12-26T12:06:20.000+02:00",
        "reach": null,
        "social": {
            "facebook": {
                "likes": 0,
                "comments": 0,
                "shares": 1
            },
            "gplus": {
                "shares": 0
            },
            "pinterest": {
                "shares": 0
            },
            "linkedin": {
                "shares": 0
            },
            "stumbledupon": {
                "shares": 0
            },
            "vk": {
                "shares": 0
            }
        }
    },
    "uuid": "35c1bd0637643b7974783711082842367d0b31ab",
    "url": "https://www.infobae.com/colombia/2023/12/28/acusan-a-funcionario-cercano-a-gustavo-petro-de-guardar-silencio-ante-el-asesinato-de-alcaldes/",
    "ord_in_thread": 0,
    "parent_url": null,
    "author": "Juan Camilo Rodríguez Parrado",
    "published": "2023-12-29T00:17:00.000+02:00",
    "title": "Acusan a funcionario cercano a Gustavo Petro de “guardar silencio” ante el asesinato de alcaldes",
    "text": "La compleja situación de inseguridad que se registra en algunas regiones del territorio le han valido decenas de críticas al presidente de la República, Gustavo Petro, que, desde su llegada al poder, ha incentivado la política de la Paz Total con los grupos armados.\n[Te puede interesar: Ultimátum de la Procuraduría al Ministerio de Defensa: tiene tres días para enfrentar la violencia en Cauca](/colombia/2023/12/23/ultimatum-de-la-procuraduria-al-ministerio-de-defensa-tiene-tres-dias-para-enfrentar-la-violencia-en-cauca/)\nDicha medida, señalan desde la oposición al máximo líder del Pacto Histórico, ha sembrado terror entre la población, teniendo en cuenta que la determinación habría brindado a las estructuras criminales ciertas facilidades para cometer delitos en los últimos meses.\nAhora puede seguirnos en\n WhatsApp Channel y en Google News. [Te puede interesar: Estas son las estructuras armadas que delinquen en Guachené y que estarían detrás del homicidio del alcalde Elmer Abonía](/colombia/2023/12/23/estas-son-las-estructuras-armadas-que-delinquen-en-guachene-y-que-estarian-detras-del-homicidio-del-alcalde-elmer-abonia/)\nFrente a dichos hechos, los ataques contra el mandatario, así como contra su bancada, se han tornado frecuentes en las últimas semanas, teniendo en cuenta que la actual administración ha buscado entablar la paz con las disidencias de las Farc y el ELN, grupos señalados como autores de múltiples crímenes en los últimos meses.\nPor tal motivo, un exfuncionario del Gobierno de Iván Duque señaló a uno de los máximos representantes del Pacto Histórico de “guardar silencio” ante las últimas masacres que se han registrado en el territorio nacional, varias de ellas perpetradas por los grupos armados que operan en diferentes regiones del país.\n[Te puede interesar: Así fue el asesinato de Élmer Abonía, alcalde de Guachené: fiscal del caso entregó detalles inéditos del crimen que estremeció al Cauca](/colombia/2023/12/26/asi-fue-el-asesinato-de-elmer-abonia-alcalde-de-guachene-fiscal-del-caso-entrego-detalles-ineditos-del-crimen-que-estremecio-al-cauca/)\nFue el exministro de Defensa Guillermo Botero Nieto, que además ejerció como embajador de Colombia en Chile, el que arremetió contra el congresista David Racero. El exfuncionario señaló que el actual congresista era una de las personas que le pedía asumir su responsabilidad cuando se registraba una masacre, pero que ahora no se pronuncia ante los hechos de violencia que se registran en el país.\nDe igual forma, Botero insistió que la situación de seguridad en el país es grave, enfatizando en que “asesinan alcaldes y como si nada”.\n“No era usted David Racero, el que me pedía asumir la responsabilidad política cada vez que ocurría un homicidio?? Y ahora si guarda silencio. Asesinan alcaldes y como si nada”\nIván Duque había manifestado que Gustavo Petro “celebraba las masacres” cuando hacía parte de la oposición\nDichos señalamientos van de la mano con unas declaraciones que dio a conocer el expresidente Iván Duque en la tarde del miércoles 27 de diciembre de 2023.\nA través de sus redes sociales, el exmandatario, que señaló al actual Gobierno nacional de brindar ciertas facilidades a las estructuras criminales, recordó que el actual jefe de Estado “celebraba las masacres” cuando hacía parte de la oposición y ahora pretende eludir su responsabilidad.\nY es que en la misma publicación, Duque, que indicó que exmiembros de las Fuerzas Armadas Revolucionarias de Colombia (Farc) como Iván Márquez, Santrich, El Paisa, Romaña y Gentil Duarte “hicieron conejo” al país, manifestó que el Gobierno nacional les ha ofrecido a los criminales “mantenerlos económicamente”, así como brindarles cierta ayuda con los ceses al fuego.\n“Los que le hicieron conejo a Colombia son: Iván Márquez, Santrich, El Paisa, Romaña, Gentil Duarte, entre otros. Además, Iván Mordisco, el ELN, el Clan del Golfo, entre otras bandas, son los autores de una buena parte de las masacres en Colombia. Lo curioso es que, es el actual Gobierno, el que les da ceses al fuego, beneficios como “gestores de paz”, les ofrece mantenerlos económicamente y les ofrece limpiarles la plata producto del narcotráfico. Celebraban las masacres cuando eran oposición, y ahora quieren tapar el sol con las manos, eludiendo su responsabilidad. Otro mensaje TORPE en lugar de asumir responsabilidades”\nAdemás, los señalamientos tanto de Botero como de Duque se registran pocos días después de que se dio a conocer el asesinato del alcalde de Guachené, Cauca, Élmer Abonía Rodríguez.\nEl funcionario permanecía en una reunión con otros dirigentes de la región que se desarrolló en la vereda Cabito, zona rural al norte de Guachené, cuando hombres armados habrían ingresado al lugar en el que se encontraban para disparar contra ellos.\nTras los hechos, Abonía Rodríguez fue trasladado al hospital de Puerto Tejada, Cauca, donde se confirmó su muerte en la noche del viernes 22 de diciembre de 2023.\nMás Noticias\n[La senadora también instó a la creación de sindicatos, indicando que la tasa de sindicalización en Colombia es de apenas el 5% y que el resultado de ello ha sido la vulneración de los derechos laborales](/colombia/2023/12/28/piedad-cordoba-aprovecho-el-escandalo-de-van-camps-para-impulsar-la-reforma-laboral/)\nPiedad Córdoba aprovechó el escándalo de Van Camp’s para impulsar la reforma laboral\n[Fiel a su costumbre, la actriz de la industria para adultos no se quedó corta a la hora de explicar cómo seduce a sus “presas”](/colombia/2023/12/28/esperanza-gomez-revelo-sus-trucos-para-levantar-hombres/)\nEsperanza Gómez reveló sus trucos para “levantar” hombres\n[El buque, orgullo de la Armada de Colombia, iniciará una misión a partir de marzo de 2024](/colombia/2023/12/28/arc-gloria-llevara-el-mensaje-de-colombia-el-pais-de-la-belleza-en-una-nueva-expedicion-oceanica/)\nARC Gloria llevará el mensaje de “Colombia, el país de la belleza” en una nueva expedición oceánica\n[Desde enero, Gerson Bermont implementará estrategias para garantizar servicios médicos dignos y modernos para los capitalinos](/colombia/2023/12/28/carlos-fernando-galan-empezo-a-mover-sus-fichas-para-la-alcaldia-de-bogota-y-designo-a-su-secretario-de-salud/)\nCarlos Fernando Galán empezó a mover sus fichas para la Alcaldía de Bogotá y designó a su secretario de Salud\n[La vallecaucana, de 32 años, tuvo un destacado paso por el fútbol de Chile, donde dirigió a Deportes Antofagasta](/colombia/2023/12/28/angie-vega-es-la-nueva-entrenadora-de-millonarios-femenino/)\nAngie Vega es la nueva entrenadora de Millonarios femenino\nMÁS NOTICIAS",
    "highlightText": "",
    "highlightTitle": "",
    "highlightThreadTitle": "",
    "language": "spanish",
    "sentiment": "negative",
    "categories": [
        "Politics",
        "Social Issue"
    ],
    "external_links": [
        "https://news.google.com/publications/CAAqBwgKMJGwngww0M2vAw?hl=es-419&gl=CO&ceid=CO%3Aes-419",
        "https://whatsapp.com/channel/0029Va4oNEALikgEL4Y8mb2K",
        "https://news.google.com/publications/CAAqBwgKMJGwngww0M2vAw",
        "https://www.news.google.com/publications/CAAqBwgKMJGwngww0M2vAw?hl=es-419&gl=CO&ceid=CO%3Aes-419",
        "https://www.whatsapp.com/channel/0029Va4oNEALikgEL4Y8mb2K"
    ],
    "external_images": [],
    "entities": {
        "persons": [],
        "organizations": [],
        "locations": []
    },
    "rating": null,
    "crawled": "2023-12-29T00:21:39.678+02:00",
    "updated": "2023-12-29T00:21:39.678+02:00"
}