{
    "thread": {
        "uuid": "019fbaf48b6e91f7b0b52ff6b8ed72e0af66407a",
        "url": "https://www.libertaddigital.com/opinion/2023-12-28/emilio-campmany-salvad-navarra-7083326/",
        "site_full": "www.libertaddigital.com",
        "site": "libertaddigital.com",
        "site_section": "http://feeds2.feedburner.com/libertaddigital/portada",
        "site_categories": [
            "media"
        ],
        "section_title": "Libertad Digital: Noticias y opinión en la red",
        "title": "Salvad Navarra - Emilio Campmany - Libertad Digital",
        "title_full": "Salvad Navarra - Emilio Campmany - Libertad Digital",
        "published": "2023-12-28T23:12:00.000+02:00",
        "replies_count": 0,
        "participants_count": 1,
        "site_type": "news",
        "country": "ES",
        "main_image": "https://s.libertaddigital.com/2023/12/28/1200/627/ld/asiron-gana-mocion-pamplona281223.jpg",
        "performance_score": 0,
        "domain_rank": 12355,
        "domain_rank_updated": "2023-12-26T12:06:20.000+02:00",
        "reach": null,
        "social": {
            "facebook": {
                "likes": 0,
                "comments": 0,
                "shares": 0
            },
            "gplus": {
                "shares": 0
            },
            "pinterest": {
                "shares": 0
            },
            "linkedin": {
                "shares": 0
            },
            "stumbledupon": {
                "shares": 0
            },
            "vk": {
                "shares": 0
            }
        }
    },
    "uuid": "019fbaf48b6e91f7b0b52ff6b8ed72e0af66407a",
    "url": "https://www.libertaddigital.com/opinion/2023-12-28/emilio-campmany-salvad-navarra-7083326/",
    "ord_in_thread": 0,
    "parent_url": null,
    "author": "Emilio Campmany",
    "published": "2023-12-28T23:12:00.000+02:00",
    "title": "Salvad Navarra - Emilio Campmany - Libertad Digital",
    "text": "La entrega del ayuntamiento de Pamplona al partido de la ETA perpetrada por el PSOE es por supuesto una traición. Pero sus efectos son reversibles, como lo fue la cesión del ayuntamiento de Madrid que hicieron a los comunistas. Lo preocupante es lo que hay detrás de esta alianza de largo alcance entre el PSOE y la ETA, que en su día suscribió Zapate ro con su malhadada negociación. Porque no debe olvidarse que lo que está haciendo Sánchez, con ademanes chulescos y mirando de soslayo, lo empezó Zapatero con sus boberías solemnes. Y lo que está detrás de lo de Pamplona es la anexión de Navarra al País Vasco para convertirla en la cuarta diputación foral. No es en absoluto una casualidad que las tres provincias vascas gocen de tanta autonomía fiscal en ese territorio y que allí la gestión de los impuestos, que son todos, esté repartida entre las tres provincias en vez de centralizada en un solo órgano. Es así por tradición, por supuesto. Pero se ha conservado el modelo para facilitar la incorporación en su día de Navarra.\nRepaso monumental de Adanero a Sánchez y Bildu en Pamplona Y es que Navarra es esencial para un País Vasco que tuviera la oportunidad de convertirse en Estado independiente ya que el viejo reino dotaría al conjunto de la suficiente entidad como para ser viable en términos económicos y políticos. Esta posibilidad de absorción está contemplada en la Constitución Española en la Disposición Transitoria Cuarta . Aunque la cuestión jurídica es complicada, aquella disposición se concibió básicamente como una excepción al régimen general del artículo 145, que prohíbe la federación de comunidades autónomas. Se admitió la posibilidad de que Navarra se uniera al País Vasco con la finalidad, entre otras cosas, de que el PNV votara a favor de la Constitución. Naturalmente, como siempre pasa con los nacionalistas, éstos aceptaron con sus habituales remilgos de niño mimado el regalo que se les hizo y siguieron sin respaldar la Constitución.\nDel autor 26 Dic. 2023: Cobardía 21 Dic. 2023: 'Lawfare made in Colorado' 19 Dic. 2023: Margarita, aliada fiable… de los hutíes 14 Dic. 2023: Ya está bien de PSOE Hoy, no obstante la prohibición del 145, es discutible que la Constitución permita la fusión de dos o más comunidades autónomas, algo para lo que por otra parte no hay procedimiento. Pero, la que inequívocamente está prevista es la integración de Navarra en la comunidad del País Vasco. Dado que lo es por una disposición transitoria, de naturaleza esencialmente temporal, no pasaría nada porque, pasados ya más de cuarenta y cinco años desde su aprobación sin haber sido utilizada, fuera derogada. Y podría el PP aprovechar para exigir que así se haga con ocasión de la minirreforma que tienen previsto hacer socialistas y populares del artículo 49 para cambiar el término \"disminuidos\" por otro más piadoso.\nHabrá quienes no quieran demandarlo por no enfurecer al PNV o por miedo a que se pretenda someter la reforma a referéndum o por tener la fiesta en paz. Ninguno de estos argumentos es hoy admisible. Los socialistas quieren imponernos el régimen confederal que ansían los separatistas a cambio de que éstos les redondeen la mayoría que les permita pacer en el presupuesto. Y ha llegado el momento de pararles los pies . Y quizá lo mejor sea hacerlo donde es más urgente, en Navarra.\nTemas Bildu Navarra Pamplona PSOE",
    "highlightText": "",
    "highlightTitle": "",
    "highlightThreadTitle": "",
    "language": "spanish",
    "sentiment": "negative",
    "categories": [
        "Politics",
        "Social Issue",
        "Crime, Law and Justice"
    ],
    "external_links": [],
    "external_images": [],
    "entities": {
        "persons": [],
        "organizations": [],
        "locations": []
    },
    "rating": null,
    "crawled": "2023-12-29T00:11:43.866+02:00",
    "updated": "2023-12-29T00:11:43.866+02:00"
}