{
    "thread": {
        "uuid": "c34f368be8290d7434c72349ea65893905dd0c09",
        "url": "https://actualidad.rt.com/actualidad/493943-senador-estadounidense-llama-bombardear-iran",
        "site_full": "actualidad.rt.com",
        "site": "rt.com",
        "site_section": "https://actualidad.rt.com/",
        "site_categories": [
            "media"
        ],
        "section_title": "RT en Español - Noticias internacionales",
        "title": "Senador estadounidense llama a bombardear Irán - RT",
        "title_full": "Senador estadounidense llama a bombardear Irán - RT",
        "published": "2023-12-28T19:31:00.000+02:00",
        "replies_count": 0,
        "participants_count": 1,
        "site_type": "news",
        "country": "RU",
        "main_image": "https://mf.b37mrtl.ru/actualidad/public_images/2023.12/article/658daa81e9ff714379629293.jpg",
        "performance_score": 0,
        "domain_rank": 573,
        "domain_rank_updated": "2023-12-26T12:06:20.000+02:00",
        "reach": null,
        "social": {
            "facebook": {
                "likes": 0,
                "comments": 1,
                "shares": 9
            },
            "gplus": {
                "shares": 0
            },
            "pinterest": {
                "shares": 0
            },
            "linkedin": {
                "shares": 0
            },
            "stumbledupon": {
                "shares": 0
            },
            "vk": {
                "shares": 0
            }
        }
    },
    "uuid": "c34f368be8290d7434c72349ea65893905dd0c09",
    "url": "https://actualidad.rt.com/actualidad/493943-senador-estadounidense-llama-bombardear-iran",
    "ord_in_thread": 0,
    "parent_url": null,
    "author": "RT en Español",
    "published": "2023-12-28T19:31:00.000+02:00",
    "title": "Senador estadounidense llama a bombardear Irán - RT",
    "text": "Senador estadounidense llama a bombardear Irán Publicado: 28 dic 2023 19:31 GMT \"Bórrenlo del mapa\", declaró Lindsey Graham en referencia al cuartel general de la Guardia Revolucionaria de Irán.\nEl senador Lindsey Graham. Bill Clark / CQ-Roll Call, Inc / Gettyimages.ru El senador republicano Lindsey Graham ha instado a EE.UU. que ataque a Irán para proteger a sus soldados en Oriente Medio, ya que, en su opinión, Teherán está respaldando a los hutíes, que lanzan ataques regulares contra las fuerzas estadounidenses, según declaró este miércoles a Fox News .\nAfirmó que la \"debilidad\" es lo que ha provocado una escalada significativa en la región. Graham criticó a la Administración del presidente Joe Biden por \"fallar\" a los soldados estadounidenses en Oriente Medio tras la escalada del conflicto entre Israel y Hamás.\nEE.UU. derriba 12 drones y varios misiles lanzados por los hutíes en el mar Rojo \" Deberíamos poder derrotar a los hutíes. El secretario [de Defensa de EE.UU., Lloyd] Austin, y la Administración Biden están fallando a nuestras tropas sobre el terreno \", dijo Graham.\nAsimismo, señaló que, aunque admira a Austin, calificándolo de \"gran patriota\", no cree que esté haciendo un buen trabajo protegiendo a los soldados estadounidenses.\n\"Los hutíes están totalmente respaldados por Irán. Llevo seis meses diciéndolo: golpeen a Irán. Tienen campos petrolíferos al aire libre. Tienen el cuartel general de la Guardia Revolucionaria. Pueden verlo desde el espacio, bórrenlo del mapa \", instó Graham.\nSi EE.UU. realmente quiere proteger a los soldados estadounidenses es necesario \"hacérselo real para el ayatolá\", subrayó Graham en referencia al líder supremo de Irán, el ayatolá Alí Hoseiní Jameneí.\nPreviamente, tres militares estadounidenses resultaron heridos en Irak el día de Navidad, cuando integrantes del grupo paramilitar chiita iraquí Kataeb Hezbolá atacaron la base aérea de Erbil. Uno de los heridos se encontraba en estado crítico. En respuesta, las fuerzas estadounidenses llevaron a cabo ataques aéreos contra tres instalaciones utilizadas por Kataeb Hezbolá y grupos afiliados en Irak.\nArmas Conflictos Estados Unidos Irán Política Yemen",
    "highlightText": "",
    "highlightTitle": "",
    "highlightThreadTitle": "",
    "language": "spanish",
    "sentiment": "negative",
    "categories": [
        "Politics",
        "War, Conflict and Unrest",
        "Human Interest"
    ],
    "external_links": [
        "https://www.foxnews.com/media/lindsey-graham-biden-administration-failing-us-troops-field",
        "https://esrt.space/actualidad/493697-ataque-drones-base-estadounidense-irak",
        "https://esrt.space/actualidad/493943-senador-estadounidense-llama-bombardear-iran/comments",
        "https://www.esrt.space/actualidad/493943-senador-estadounidense-llama-bombardear-iran/comments",
        "https://www.esrt.space/actualidad/493697-ataque-drones-base-estadounidense-irak",
        "https://foxnews.com/media/lindsey-graham-biden-administration-failing-us-troops-field"
    ],
    "external_images": [],
    "entities": {
        "persons": [],
        "organizations": [],
        "locations": []
    },
    "rating": null,
    "crawled": "2023-12-29T00:26:10.323+02:00",
    "updated": "2023-12-29T00:26:10.323+02:00"
}