{
    "thread": {
        "uuid": "71bf5744cb6ec5273f1fa472ba6ddab0a747bb3e",
        "url": "https://mvsnoticias.com/nuevo-leon/2023/12/28/daniel-carrillo-califico-de-irresponsable-la-no-entrega-de-recursos-por-parte-de-samuel-620230.html",
        "site_full": "mvsnoticias.com",
        "site": "mvsnoticias.com",
        "site_section": "http://mvsnoticias.com/nuevo-leon",
        "site_categories": [
            "non_standard_content",
            "adult"
        ],
        "section_title": "Nuevo León - MVS Noticias",
        "title": "Daniel Carrillo calificó de irresponsable la no entrega de recursos por parte de Samuel | MVS Noticias",
        "title_full": "Daniel Carrillo calificó de irresponsable la no entrega de recursos por parte de Samuel | MVS Noticias",
        "published": "2023-12-28T20:53:00.000+02:00",
        "replies_count": 0,
        "participants_count": 1,
        "site_type": "news",
        "country": "MX",
        "main_image": "https://mvsnoticias.com/u/fotografias/m/2023/12/28/f1280x720-587643_719318_5050.jpeg",
        "performance_score": 0,
        "domain_rank": 94926,
        "domain_rank_updated": "2023-12-26T12:06:35.000+02:00",
        "reach": null,
        "social": {
            "facebook": {
                "likes": 0,
                "comments": 0,
                "shares": 0
            },
            "gplus": {
                "shares": 0
            },
            "pinterest": {
                "shares": 0
            },
            "linkedin": {
                "shares": 0
            },
            "stumbledupon": {
                "shares": 0
            },
            "vk": {
                "shares": 0
            }
        }
    },
    "uuid": "71bf5744cb6ec5273f1fa472ba6ddab0a747bb3e",
    "url": "https://mvsnoticias.com/nuevo-leon/2023/12/28/daniel-carrillo-califico-de-irresponsable-la-no-entrega-de-recursos-por-parte-de-samuel-620230.html",
    "ord_in_thread": 0,
    "parent_url": null,
    "author": "Denni Leyva Sánchez",
    "published": "2023-12-28T20:53:00.000+02:00",
    "title": "Daniel Carrillo calificó de irresponsable la no entrega de recursos por parte de Samuel | MVS Noticias",
    "text": "El alcalde de San Nicolás, Daniel Carrillo, criticó la decisión del gobernador de Nuevo León, Samuel García Sepúlveda, de no entregar el presupuesto para el año 2024. Calificando este acto como una irresponsabilidad, el edil señaló que la inacción del mandatario afecta a organismos autónomos, así como a los poderes legislativo y judicial, impactando negativamente a todo el estado. Carrillo subrayó que el presupuesto del estado no pertenece exclusivamente al Ejecutivo, sino que es para beneficio de todo Nuevo León, abarcando organismos, municipios y los tres poderes. El alcalde expresó su descontento ante la falta de entrega del presupuesto y consideró que esto revela la verdadera naturaleza del gobernador. En relación al fondo de 2 mil 500 millones de pesos destinado a alcaldes del PRI y el PAN, el alcalde de San Nicolás informó que los ediles han agotado todos los recursos legales disponibles para su recepción y que esperan que se tomen decisiones al respecto en enero del próximo año. En cuanto a la posibilidad de desacato por parte del gobierno estatal, Carrillo advirtió que, de no cumplir con la ley, esto podría resultar en consecuencias legales, incluso mencionando la posibilidad de cárcel para aquellos que no ejecuten la entrega de los recursos. A pesar de las tensiones, Daniel Carrillo manifestó la disposición de los alcaldes para dialogar con el gobernador Samuel García, siempre y cuando exista una invitación formal al diálogo por parte del mandatario estatal.",
    "highlightText": "",
    "highlightTitle": "",
    "highlightThreadTitle": "",
    "language": "spanish",
    "sentiment": "negative",
    "categories": [
        "Politics",
        "Social Issue",
        "Human Interest"
    ],
    "external_links": [],
    "external_images": [],
    "entities": {
        "persons": [],
        "organizations": [],
        "locations": []
    },
    "rating": null,
    "crawled": "2023-12-29T00:21:21.977+02:00",
    "updated": "2023-12-29T00:21:21.977+02:00"
}