{
    "thread": {
        "uuid": "41430f5550dcf9a470b6bba2422c3bd905b0db52",
        "url": "https://www.lanacion.com.ar/politica/dirigentes-politicos-criticaron-a-la-cgt-tras-el-anuncio-del-paro-general-dormidos-durante-4-anos-nid28122023/",
        "site_full": "www.lanacion.com.ar",
        "site": "lanacion.com.ar",
        "site_section": "https://www.lanacion.com.ar",
        "site_categories": [
            "media",
            "law_government_and_politics",
            "politics"
        ],
        "section_title": "Últimas noticias de Argentina y el mundo - LA NACION",
        "title": "Dirigentes políticos criticaron a la CGT tras el anuncio del paro general - LA NACION",
        "title_full": "Dirigentes políticos criticaron a la CGT tras el anuncio del paro general - LA NACION",
        "published": "2023-12-29T00:14:00.000+02:00",
        "replies_count": 0,
        "participants_count": 1,
        "site_type": "news",
        "country": "AR",
        "main_image": "https://resizer.glanacion.com/resizer/v2/diego-santilli-hector-daer-nicolas-del-RQJSVJ246ZFVPB73B7APKPVJIM.jpg?auth=cbba7e98c24a74d855e59d380b964bff263457410dcf826dd62d25782185ea7d&amp;width=768&amp;quality=70&amp;smart=false",
        "performance_score": 0,
        "domain_rank": 2519,
        "domain_rank_updated": "2023-12-26T12:06:20.000+02:00",
        "reach": null,
        "social": {
            "facebook": {
                "likes": 0,
                "comments": 0,
                "shares": 0
            },
            "gplus": {
                "shares": 0
            },
            "pinterest": {
                "shares": 0
            },
            "linkedin": {
                "shares": 0
            },
            "stumbledupon": {
                "shares": 0
            },
            "vk": {
                "shares": 0
            }
        }
    },
    "uuid": "41430f5550dcf9a470b6bba2422c3bd905b0db52",
    "url": "https://www.lanacion.com.ar/politica/dirigentes-politicos-criticaron-a-la-cgt-tras-el-anuncio-del-paro-general-dormidos-durante-4-anos-nid28122023/",
    "ord_in_thread": 0,
    "parent_url": null,
    "author": "LA NACION",
    "published": "2023-12-29T00:14:00.000+02:00",
    "title": "Dirigentes políticos criticaron a la CGT tras el anuncio del paro general - LA NACION",
    "text": "Luego de que la Confederación General del Trabajo (CGT) convocara hoy a un paro general con movilización a la Plaza del Congreso para este 24 de enero, en rechazo del decreto del presidente Javier Milei , que modificó la legislación laboral y el sistema de salud , entre cuestiones, dirigentes políticos apuntaron contra la medida de fuerza y acusaron a la central obrera de “haber dormido” durante los cuatro años de gestión del gobierno de Alberto Fernández, ya que la última huelga de fue el 29 de mayo de 2019, la quinta que activaron durante la gestión de Mauricio Macri. “Ahora se quieren despertar con un paro general los que durmieron durante los cuatro años en que destruyeron los sueldos y las jubilaciones”, expresó por la red social X el diputado de PRO Hernán Lombardi.\nAhora se quieren despertar con un paro general los que durmieron durante los cuatro años en que destruyeron los sueldos y las jubilaciones\n— Hernán Lombardi (@herlombardi) December 28, 2023 “Hay que darle las herramientas al Presidente Milei para que despliegue todas las energías del cambio. Nadie con honestidad intelectual puede dudar de la emergencia en que estamos es derivada de las políticas populistas”, reclamó Lombardi.\nEn ese sentido, Diego Santilli , diputado de JxC, cuestionó a la CGT por su inactividad durante el gobierno de Alberto Fernández: “Muchachos, no sean tan obvios, porque se les nota. Durante cuatro años: cero paros, con 894% de inflación acumulada. 19 días del nuevo Gobierno, anuncia su primer paro. Una vergüenza”, sentenció el legislador.\nMuchachos, no sean tan obvios, porque se les nota.\nDurante cuatro años: cero paros, con 894% de inflación acumulada. A 19 días del nuevo Gobierno, la CGT anuncia su primer Paro General. Una vergüenza.\n— Diego Santilli (@diegosantilli) December 28, 2023 “Dormidos durante 4 años y ahora declaran paro general a menos de un mes de asumir Milei. Más golpistas no se consigue” , acusó la diputada nacional por la Coalición Cívica-ARI Paula Olivetto.\n“La CGT convocó a un paro general a 44 días del gobierno de Milei. Por otro lado no hubo ningún paro general al gobierno de Alberto Fernández, que llevó la pobreza de 35% a 50%, el dólar de $60 a $1000 y la inflación de 50% a 200%. Hipócritas”, sentenció Iñaki Gutiérrez, el encargado de comunicación del Gobierno.\nDormidos durante 4 años y ahora declaran paro general a menos de un mes de asumir Milei. Más golpistas no se consigue.\n— Paula Oliveto Lago (@pau_oliveto) December 28, 2023 Por su parte, el diputado del FIT-U Nicolás del Caño se pronució a favor de la medida de fuerza anunciada hoy por la CGT y arengó: “Hay que preparar un gran paro nacional para el 24 con una masiva movilización al Congreso y en todo el país. Unir desde las bases a trabajadores formales e informales, movimientos sociales, pequeños comerciantes, y a todo el pueblo. Abajo el DNU y el ajuste de Milei”.\nAsimismo, el diputado del PO Grabiel Solano, llamó al Partido Obrero a participar del cese de actividades y de la protesta. “Hay que tomar el paro del 24 de la CGT en nuestras manos y realizar una inmensa movilización para realizar una movilización histórica en todo el país. Con millones de trabajadores en la calle derrotamos el ajuste de Milei y cía”, señaló Solano.\nLa CGT convocó a un paro general a 44 días del gobierno de Milei. Por otro lado no hubo ningún paro general al gobierno de Alberto Fernández, que llevó la pobreza de 35% a 50%, el dólar de $60 a $1000 y la inflación de 50% a 200%. Hipócritas.\n— Iñaki Gutiérrez (@inakiigutierrez) December 28, 2023 Según dio a conocer LA NACION , esta tarde en Balcarce 50 había cuestionamientos a la CGT por su inactividad pública en los últimos años, pese a los pésimos indicadores económicos y sociales que golpean a la Argentina y se profundizaron en la administración de Alberto Fernández.\n“Estuvieron cuatro años sin decir nada, mientras se derrumbaban los salarios y crecía la inflación y ahora salen con esto. No extraña, es un clásico de ellos cuando el gobierno de turno no es peronista”, dijo una de las fuentes consultadas. “Se despertaron después de años dormidos”, completó otra de las voces que dialogó con LA NACION.\nParo general Estas declaraciones se dan luego que el secretario general de la CGT, Héctor Daer , encabezara esta tarde una conferencia de prensa en la que ratificó la medida de fuerza y apuntó contra la ley ómnibus y el DNU. “Pedimos que se declare inconstitucional”, reclamó el sindicalista.\nEn relación a la convocatoria del 24 de enero, Daer anticipó una adhesión masiva. “Todo el mundo va a venir”, señaló. “Es un cese de actividades para proteger a los trabajadores sobre lo que pueda llegar al Congreso. Va a ser una movilización multitudinaria de los gremios adheridos a la CGT. Seguramente estén las dos CTA, la UTEP y todos los movimientos sociales que se ven reflejados en esta locura que lleva adelante el ‘enviado del cielo’ [Javier Milei]”, completó, en tanto, el dirigente camionero Pablo Moyano, quien horas antes había desestimado un llamado a huelga para “enero y febrero” por parte de la central obrera.\nEl último paro de la CGT fue en mayo de 2019 (gobernaba Macri). No existe antecedente de que a 17 días de la asunción de un gobierno se convoque a un paro general #NoLaVen\n— Javier Lanari (@javierlanari) December 28, 2023 Tras ello, algunos dirigentes cuestionaron la velocidad con la que se convocó a un paro general, ya que para ese entonces Milei tendrá poco más de 40 días al frente del Poder Ejecutivo, lo que constituye todo un récord en la historia de la democracia moderna: nunca antes un presidente debió enfrentar una huelga en tan corto tiempo.\n“El último paro de la CGT fue en mayo de 2019 (gobernaba Macri). No existe antecedente de que a 17 días de la asunción de un gobierno se convoque a un paro general”, planteó por redes sociales el subsecretario de Prensa, Javier Lanari.\nPor su parte, el exministro de Educación de la Provincia de Buenos Aires Nicolás Trotta responsabilizó al Gobierno de haber tomado medidas que aceleraron la medida de fuerza. “La velocidad del paro general promovido por la CGT es necesario reflejo del avasallamiento de la República, de derechos de trabajadores, de salarios, jubilaciones, de derechos al reclamo y la precarización de la economía que en menos de 20 días desplegó Milei y sus secuaces”, concluyó al respecto el exfuncionario de Axel Kicillof.\nLa velocidad del paro general promovido x la CGT es necesario reflejo del avasallamiento de la república, de derechos de trabajadores, de salarios, jubilaciones, de derechos al reclamo y la primarización de la economía que en menos de 20 días desplegó Milei y sus secuaces.\n— Nicolás Trotta (@trottanico) December 28, 2023 Hasta el momento, el expresidente Fernando de la Rúa mantenía el récord del mandatario que más tempranamente había tenido que afrontar una medida sindical de rechazo. En aquella oportunidad, la CGT llevó a cabo un paro, a solo 77 días del gobierno de la Alianza.\nLA NACION Seguí leyendo",
    "highlightText": "",
    "highlightTitle": "",
    "highlightThreadTitle": "",
    "language": "spanish",
    "sentiment": "negative",
    "categories": [
        "Politics",
        "Social Issue"
    ],
    "external_links": [
        "https://twitter.com/javierlanari/status/1740434893472178657?ref_src=twsrc%5Etfw",
        "https://twitter.com/pau_oliveto/status/1740432628317073495?ref_src=twsrc%5Etfw",
        "https://twitter.com/inakiigutierrez/status/1740431932771450931?ref_src=twsrc%5Etfw",
        "https://twitter.com/herlombardi/status/1740432854088401048?ref_src=twsrc%5Etfw",
        "https://twitter.com/diegosantilli/status/1740437986549137874?ref_src=twsrc%5Etfw",
        "https://twitter.com/trottanico/status/1740439192034050420?ref_src=twsrc%5Etfw",
        "https://twitter.com/hashtag/NoLaVen?src=hash&ref_src=twsrc%5Etfw",
        "https://www.twitter.com/inakiigutierrez/status/1740431932771450931?ref_src=twsrc%5Etfw",
        "https://twitter.com/herlombardi/status/1740432854088401048",
        "https://www.twitter.com/javierlanari/status/1740434893472178657?ref_src=twsrc%5Etfw",
        "https://twitter.com/javierlanari/status/1740434893472178657",
        "https://www.twitter.com/hashtag/NoLaVen?src=hash&ref_src=twsrc%5Etfw",
        "https://www.twitter.com/herlombardi/status/1740432854088401048?ref_src=twsrc%5Etfw",
        "https://twitter.com/diegosantilli/status/1740437986549137874",
        "https://www.twitter.com/pau_oliveto/status/1740432628317073495?ref_src=twsrc%5Etfw",
        "https://twitter.com/pau_oliveto/status/1740432628317073495",
        "https://twitter.com/hashtag/NoLaVen",
        "https://twitter.com/trottanico/status/1740439192034050420",
        "https://www.twitter.com/diegosantilli/status/1740437986549137874?ref_src=twsrc%5Etfw",
        "https://twitter.com/inakiigutierrez/status/1740431932771450931",
        "https://www.twitter.com/trottanico/status/1740439192034050420?ref_src=twsrc%5Etfw"
    ],
    "external_images": [],
    "entities": {
        "persons": [],
        "organizations": [],
        "locations": []
    },
    "rating": null,
    "crawled": "2023-12-29T00:22:51.636+02:00",
    "updated": "2023-12-29T00:22:51.636+02:00"
}