{
    "thread": {
        "uuid": "9a3e7e97a860736d4e650d718c375f5dfd8957e0",
        "url": "https://www.rionegro.com.ar/justicia/ley-omnibus-magistrados-rechazaron-el-traspase-de-la-justicia-a-la-ciudad-de-buenos-aires-3335450/",
        "site_full": "www.rionegro.com.ar",
        "site": "rionegro.com.ar",
        "site_section": "https://www.rionegro.com.ar/feed",
        "site_categories": [
            "travel",
            "south_america"
        ],
        "section_title": "Diario Río Negro",
        "title": "Ley ómnibus: magistrados rechazaron el traspase de la Justicia a la Ciudad de Buenos Aires",
        "title_full": "Ley ómnibus: magistrados rechazaron el traspase de la Justicia a la Ciudad de Buenos Aires",
        "published": "2023-12-28T23:47:00.000+02:00",
        "replies_count": 0,
        "participants_count": 1,
        "site_type": "news",
        "country": "AR",
        "main_image": "https://www.rionegro.com.ar/wp-content/uploads/2023/01/Imagen-ID_472_Palacio_de_Justicia_de_la_Nacion_5006.jpg?w=1200&amp;h=630&amp;crop=1",
        "performance_score": 0,
        "domain_rank": 36044,
        "domain_rank_updated": "2023-12-26T12:06:20.000+02:00",
        "reach": null,
        "social": {
            "facebook": {
                "likes": 0,
                "comments": 0,
                "shares": 0
            },
            "gplus": {
                "shares": 0
            },
            "pinterest": {
                "shares": 0
            },
            "linkedin": {
                "shares": 0
            },
            "stumbledupon": {
                "shares": 0
            },
            "vk": {
                "shares": 0
            }
        }
    },
    "uuid": "9a3e7e97a860736d4e650d718c375f5dfd8957e0",
    "url": "https://www.rionegro.com.ar/justicia/ley-omnibus-magistrados-rechazaron-el-traspase-de-la-justicia-a-la-ciudad-de-buenos-aires-3335450/",
    "ord_in_thread": 0,
    "parent_url": null,
    "author": "Benjamín Ríos",
    "published": "2023-12-28T23:47:00.000+02:00",
    "title": "Ley ómnibus: magistrados rechazaron el traspase de la Justicia a la Ciudad de Buenos Aires",
    "text": "Ley ómnibus: magistrados rechazaron el traspase de la Justicia a la Ciudad de Buenos Aires\nMilei quiere que se transfiera a la Ciudad de Buenos Aires la Justicia con competencia local.\nLa\n ley ómnibus del presidente Javier Milei recibió un nuevo rechazo esta vez de la Asociación de Magistrados y Funcionarios de la Justicia Nacional (AMFJN) por la intención del traspaso a la Ciudad de Buenos Aires.\nEn un comunicado titulado “Ratificación de la posición histórica de la AMFJN frente a los intentos de traspaso del fuero nacional”, la Asociación expresó: “Una vez más observamos proyectos y acciones donde se exhiben intentos de instrumentar el traspaso de la Justicia Nacional a la Ciudad Autónoma de Buenos Aires”.\n“Esta grave situación nos pone nuevamente en alerta y nos convoca a ratificar la posición histórica que esta Asociación ha mantenido desde el primer intento de traspaso, hace ya varios años”, escribe la AMFJN en su mensaje que remarca que “la Justicia Nacional no puede pasar a la Ciudad Autónoma de Buenos Aires ya que ello implicaría una clara violación de la Constitución Nacional, hecho que orgánicamente no podemos permitir y al que nos oponemos férreamente”.\nLa asociación indicó que seguirán “plasmando su posición con tenacidad e ímpetu, mediante acciones tendientes a que esos intentos de avasallamiento no lleguen a concretarse”. “Sepan nuestros asociados y asociadas que estamos en permanente alerta frente a esta situación ya que, además de las innumerables razones normativas y constitucionales que lo impiden, el traspaso intentado sólo redundaría en perjuicio del justiciable y de la sociedad en su conjunto, a la vez que afectaría gravemente principios básicos de la independencia judicial”, finaliza el comunicado.\nEn uno de los puntos más polémicos del paquete de leyes enviado por Javier Milei al Congreso, se transfiere a la Ciudad de Buenos Aires la Justicia con competencia local, que hoy sigue bajo la justicia nacional, lo que implica la posibilidad de un gran enfrentamiento con los jueces.\nCon información de Ámbito Financiero",
    "highlightText": "",
    "highlightTitle": "",
    "highlightThreadTitle": "",
    "language": "spanish",
    "sentiment": "negative",
    "categories": [
        "Politics",
        "Crime, Law and Justice"
    ],
    "external_links": [],
    "external_images": [],
    "entities": {
        "persons": [],
        "organizations": [],
        "locations": []
    },
    "rating": null,
    "crawled": "2023-12-29T00:08:34.954+02:00",
    "updated": "2023-12-29T00:08:34.954+02:00"
}