{
    "thread": {
        "uuid": "09852ad38624e998fc5cacf74b8ed87eeb4db9c7",
        "url": "https://ground.news/article/new-nyc-mayor-tries-to-dictate-restrictions-on-migrant-buses_a059eb",
        "site_full": "ground.news",
        "site": "ground.news",
        "site_section": "https://ground.news/interest/new-york",
        "site_categories": [],
        "section_title": "New York, NY Breaking News Headlines Today | Ground News",
        "title": "Ground News - New: NYC Mayor Tries to Dictate Restrictions on Migrant Buses",
        "title_full": "Ground News - New: NYC Mayor Tries to Dictate Restrictions on Migrant Buses",
        "published": "2023-12-28T23:25:00.000+02:00",
        "replies_count": 0,
        "participants_count": 1,
        "site_type": "news",
        "country": "CA",
        "main_image": "",
        "performance_score": 0,
        "domain_rank": 29780,
        "domain_rank_updated": "2023-12-26T12:06:20.000+02:00",
        "reach": null,
        "social": {
            "facebook": {
                "likes": 0,
                "comments": 0,
                "shares": 0
            },
            "gplus": {
                "shares": 0
            },
            "pinterest": {
                "shares": 0
            },
            "linkedin": {
                "shares": 0
            },
            "stumbledupon": {
                "shares": 0
            },
            "vk": {
                "shares": 0
            }
        }
    },
    "uuid": "09852ad38624e998fc5cacf74b8ed87eeb4db9c7",
    "url": "https://ground.news/article/new-nyc-mayor-tries-to-dictate-restrictions-on-migrant-buses_a059eb",
    "ord_in_thread": 0,
    "parent_url": null,
    "author": "Ground News",
    "published": "2023-12-28T23:25:00.000+02:00",
    "title": "Ground News - New: NYC Mayor Tries to Dictate Restrictions on Migrant Buses",
    "text": "Summary by Ground News New York City issues restrictions on arrivals of buses loaded with migrants. City also sent warning letters to charter bus companies that the city has identified as engaging in transporting newly arrived migrants. New York City plans to pursue a 20 percent reduction in spending on the migrant crisis in the fiscal year 2024 preliminary budget. Share menu More\nFilters 2 Articles 2 Articles All Left Center Right\nHot Air Lean Right Mixed Factuality Media Conglomerate: Salem Media Group New: NYC Mayor Tries to Dictate Restrictions on Migrant Buses Laugh worthy\n12 hours ago · Arlington, United States Read Full Article\nHot Air Lean Right Mixed Factuality Media Conglomerate: Salem Media Group\nNew: NYC Mayor Tries to Dictate Restrictions on Migrant Buses Laugh worthy\n12 hours ago · Arlington, United States Read Full Article Daily Finland NYC imposes restrictions on arrivals of migrant buses New York City issued restrictions on Wednesday on arrivals of buses loaded with migrants amid a new wave of arrival, according to an executive order issued by Mayor Eric Adams, reported Xinhua. Charter bus companies transporting...\n51 minutes ago · H K I, Finland Read Full Article\nDaily Finland\nNYC imposes restrictions on arrivals of migrant buses New York City issued restrictions on Wednesday on arrivals of buses loaded with migrants amid a new wave of arrival, according to an executive order issued by Mayor Eric Adams, reported Xinhua. Charter bus companies transporting...\n51 minutes ago · H K I, Finland Read Full Article Think freely. Subscribe and get full access to Ground News Subscriptions start at $9.99/year Subscribe",
    "highlightText": "",
    "highlightTitle": "",
    "highlightThreadTitle": "",
    "language": "english",
    "sentiment": "negative",
    "categories": [
        "Politics",
        "Social Issue"
    ],
    "external_links": [
        "https://hotair.com/karen-townsend/2023/12/28/new-nyc-mayor-tries-to-dictate-restrictions-on-migrant-buses-n601565?utm_source=ground.news&utm_medium=referral",
        "https://www.dailyfinland.fi/worldwide/35648/NYC-imposes-restrictions-on-arrivals-of-migrant-buses?utm_source=ground.news&utm_medium=referral",
        "https://hotair.com/karen-townsend/2023/12/28/new-nyc-mayor-tries-to-dictate-restrictions-on-migrant-buses-n601565",
        "https://dailyfinland.fi/worldwide/35648/NYC-imposes-restrictions-on-arrivals-of-migrant-buses?utm_source=ground.news&utm_medium=referral",
        "https://www.hotair.com/karen-townsend/2023/12/28/new-nyc-mayor-tries-to-dictate-restrictions-on-migrant-buses-n601565?utm_source=ground.news&utm_medium=referral",
        "https://www.dailyfinland.fi/worldwide/35648/NYC-imposes-restrictions-on-arrivals-of-migrant-buses"
    ],
    "external_images": [],
    "entities": {
        "persons": [
            {
                "name": "eric adams",
                "sentiment": "none"
            }
        ],
        "organizations": [
            {
                "name": "ground news",
                "sentiment": "neutral"
            },
            {
                "name": "salem media group",
                "sentiment": "none"
            }
        ],
        "locations": [
            {
                "name": "new york city",
                "sentiment": "none"
            },
            {
                "name": "united states",
                "sentiment": "none"
            },
            {
                "name": "arlington",
                "sentiment": "none"
            }
        ]
    },
    "rating": null,
    "crawled": "2023-12-29T00:18:46.280+02:00",
    "updated": "2023-12-29T00:18:46.280+02:00"
}