{
    "thread": {
        "uuid": "1fadf68aa99c56695425c41c03c6dc01e9d06f06",
        "url": "https://news.yahoo.com/irans-supreme-leader-attends-memorial-122833514.html",
        "site_full": "news.yahoo.com",
        "site": "yahoo.com",
        "site_section": "http://feeds.feedburner.com/syrianews-googlenews",
        "site_categories": [
            "media"
        ],
        "section_title": "\"syria news\" - Google News",
        "title": "Iran's supreme leader attends memorial to commander killed in Syria",
        "title_full": "Iran's supreme leader attends memorial to commander killed in Syria",
        "published": "2023-12-28T02:00:00.000+02:00",
        "replies_count": 0,
        "participants_count": 1,
        "site_type": "news",
        "country": "US",
        "main_image": "https://media.zenfs.com/en/dpa_international_526/932d6cac2982f6a7fde57374c12e231d",
        "performance_score": 0,
        "domain_rank": 37,
        "domain_rank_updated": "2023-12-26T12:06:20.000+02:00",
        "reach": null,
        "social": {
            "facebook": {
                "likes": 0,
                "comments": 0,
                "shares": 0
            },
            "gplus": {
                "shares": 0
            },
            "pinterest": {
                "shares": 0
            },
            "linkedin": {
                "shares": 0
            },
            "stumbledupon": {
                "shares": 0
            },
            "vk": {
                "shares": 0
            }
        }
    },
    "uuid": "1fadf68aa99c56695425c41c03c6dc01e9d06f06",
    "url": "https://news.yahoo.com/irans-supreme-leader-attends-memorial-122833514.html",
    "ord_in_thread": 0,
    "parent_url": null,
    "author": "Yahoo Finance",
    "published": "2023-12-28T02:00:00.000+02:00",
    "title": "Iran's supreme leader attends memorial to commander killed in Syria",
    "text": "dpa international Iran's supreme leader attends memorial to commander killed in Syria DPA December 28, 2023 at 2:28 PM · 2 min read 28 Link Copied Read full article Supreme Leader Ayatollah Ali Khamenei stands before the coffin of senior Iranian commander Seyed Razi Mousavi, who Tehran says was killed in an Israeli airstrike in Syria. -/Iranian Supreme Leader's Office/dpa Oops! Something went wrong. Please try again later. More content below Oops! Something went wrong. Please try again later. More content below\nThousands of government supporters on Thursday flocked to the memorial service for senior Iranian commander Seyed Razi Mousavi, who Tehran says was killed in an Israeli airstrike in Syria.\nSupreme Leader Ayatollah Ali Khamenei was among the many high-ranking politicians and officers attending the burial service at a Shiite shrine in Tehran, according to Iranian state media.\nMousavi, from Iran's Islamic Revolutionary Guard Corps (IRGC), was killed on Monday in a suspected Israeli airstrike on a suburb of the Syrian capital Damascus.\nThe leadership in Tehran has vowed to avenge his death.\nIRGC commander-in-chief Hossein Salami repeated old threats against Israel during a speech at the service.\n\"Our revenge is always bitter. But a revenge equivalent to the martyrdom of Seyed Razi is nothing less than erasing this Zionist regime from the pages of history,\" the IRNA news agency quoted the Salami as saying.\nIran's leadership has repeatedly threatened to destroy Israel, its declared arch-enemy since the Islamic Revolution of 1979.\nAccording to the New York Times, Mousavi is said to have helped monitor weapons deliveries to Lebanon's Hezbollah militia, which is backed by Iran and has repeatedly launched attacks on northern Israel in support of Hamas since the beginning of the Gaza war.\nIsrael frequently attacks locations in war-torn Syria to prevent Iran from further expanding its military influence in the region via local militias.\nMousavi was a confidant of the powerful IRGC General Qasem Soleimani, who was killed by the US in a drone attack in Iraq in 2020.\nMousavi had decades of military experience in Syria and Lebanon. Although little was previously known about the general, he was considered one of the most influential officers of the Revolutionary Guard abroad.\nIran, alongside Russia, is the most important ally of Syrian ruler Bashar al-Assad. Tehran considers Syria to be part of the so-called \"axis of resistance\" in its fight against Israel, alongside Lebanese militant group Hezbollah.\nAccording to Tehran, however, Iranian military personnel are not directly involved in the Syrian civil war and act only as advisers.\nView comments",
    "highlightText": "",
    "highlightTitle": "",
    "highlightThreadTitle": "",
    "language": "english",
    "sentiment": "negative",
    "categories": [
        "Politics",
        "War, Conflict and Unrest",
        "Human Interest"
    ],
    "external_links": [
        "https://nordot.app/-/units/601684660556563553",
        "https://s.yimg.com/ny/api/res/1.2/49aI1BmOsQHmBy9_4QmZxg--/YXBwaWQ9aGlnaGxhbmRlcjt3PTE2MDA7aD0xMTY2/https://media.zenfs.com/en/dpa_international_526/932d6cac2982f6a7fde57374c12e231d",
        "https://s.yimg.com/ny/api/res/1.2/HXetNyKWKioHmdQr5WMPhA--/YXBwaWQ9aGlnaGxhbmRlcjt3PTEyNDI7aD05MDU-/https://media.zenfs.com/en/dpa_international_526/932d6cac2982f6a7fde57374c12e231d",
        "https://media.zenfs.com/en/dpa_international_526/932d6cac2982f6a7fde57374c12e231d",
        "https://www.s.yimg.com/ny/api/res/1.2/49aI1BmOsQHmBy9_4QmZxg--/YXBwaWQ9aGlnaGxhbmRlcjt3PTE2MDA7aD0xMTY2/https://www.media.zenfs.com/en/dpa_international_526/932d6cac2982f6a7fde57374c12e231d",
        "https://www.media.zenfs.com/en/dpa_international_526/932d6cac2982f6a7fde57374c12e231d",
        "https://www.s.yimg.com/ny/api/res/1.2/HXetNyKWKioHmdQr5WMPhA--/YXBwaWQ9aGlnaGxhbmRlcjt3PTEyNDI7aD05MDU-/https://www.media.zenfs.com/en/dpa_international_526/932d6cac2982f6a7fde57374c12e231d",
        "https://www.nordot.app/-/units/601684660556563553"
    ],
    "external_images": [],
    "entities": {
        "persons": [
            {
                "name": "seyed razi mousavi",
                "sentiment": "none"
            },
            {
                "name": "mousavi",
                "sentiment": "none"
            },
            {
                "name": "ayatollah ali khamenei",
                "sentiment": "none"
            }
        ],
        "organizations": [
            {
                "name": "-/iranian supreme leader's office",
                "sentiment": "none"
            },
            {
                "name": "irgc",
                "sentiment": "none"
            },
            {
                "name": "islamic revolutionary guard corps",
                "sentiment": "none"
            }
        ],
        "locations": [
            {
                "name": "iran",
                "sentiment": "none"
            },
            {
                "name": "syria",
                "sentiment": "none"
            },
            {
                "name": "damascus",
                "sentiment": "none"
            },
            {
                "name": "tehran",
                "sentiment": "none"
            }
        ]
    },
    "rating": null,
    "crawled": "2023-12-29T00:10:24.478+02:00",
    "updated": "2023-12-29T00:10:24.478+02:00"
}