{
    "thread": {
        "uuid": "3a91e99666be4a530c1d93ce78b1a4423d3bc991",
        "url": "https://bnnbreaking.com/politics/raising-the-bar-canadas-bold-push-for-heat-pumps-and-energy-efficiency",
        "site_full": "bnnbreaking.com",
        "site": "bnnbreaking.com",
        "site_section": "https://bnn.network/rss",
        "site_categories": [],
        "section_title": "BNN : Latest Posts",
        "title": "Raising the Bar: Canada's Bold Push for Heat Pumps and Energy Efficiency",
        "title_full": "Raising the Bar: Canada's Bold Push for Heat Pumps and Energy Efficiency",
        "published": "2024-02-15T23:44:00.000+02:00",
        "replies_count": 0,
        "participants_count": 1,
        "site_type": "news",
        "country": "IL",
        "main_image": "https://img-cdn.thepublive.com/fit-in/1200x675/bnn/media/media_files/d646f6f35d5ebd8fdc727b14f25b0be785933dc61cfd5372d8aeab136654bbcb.jpg",
        "performance_score": 0,
        "domain_rank": 27879,
        "domain_rank_updated": "2024-02-13T12:06:36.000+02:00",
        "reach": null,
        "social": {
            "facebook": {
                "likes": 0,
                "comments": 0,
                "shares": 0
            },
            "gplus": {
                "shares": 0
            },
            "pinterest": {
                "shares": 0
            },
            "linkedin": {
                "shares": 0
            },
            "stumbledupon": {
                "shares": 0
            },
            "vk": {
                "shares": 0
            }
        }
    },
    "uuid": "3a91e99666be4a530c1d93ce78b1a4423d3bc991",
    "url": "https://bnnbreaking.com/politics/raising-the-bar-canadas-bold-push-for-heat-pumps-and-energy-efficiency",
    "ord_in_thread": 0,
    "parent_url": null,
    "author": "Sakchi Khandelwal",
    "published": "2024-02-15T23:44:00.000+02:00",
    "title": "Raising the Bar: Canada's Bold Push for Heat Pumps and Energy Efficiency",
    "text": "In the heart of a nation grappling with the dual challenges of climate change and energy efficiency, the Trudeau government has introduced the Raising the Bar campaign. This initiative, aiming squarely at the climate crisis, showcases a determined push towards adopting heat pumps to slash greenhouse gas emissions. Yet, beneath the surface of this seemingly straightforward solution lies a complex narrative of ambition, skepticism, and the quest for tangible impact.\nThe Drive Towards Energy Efficiency\nAt the core of the Raising the Bar campaign is a compelling video narrative, featuring Canadians who are taking steps to replace gas heating systems with electric heat pumps. These aren't just isolated acts of environmental consciousness but part of a broader governmental effort to pivot households away from oil-fired furnaces. The promise? A significant reduction in heating bills and a meaningful cut in the emissions that exacerbate the global warming crisis. To sweeten the deal, the Trudeau government has unfurled financial incentives, boosting grants from $10,000 to a notable $15,000, with an additional $250 bonus payment dangling as an extra carrot for early adopters.\nChallenges on the Horizon\nDespite these incentives, the uptake has been less than stellar. Nationwide, only 80 installations have been executed—a drop in the ocean compared to the program's ambitions. This lukewarm response is further complicated by a 29% rejection rate among the 1,241 applications received. The reasons behind this are manifold but highlight a significant gap between governmental intentions and public reception. Moreover, skepticism isn't just rooted in the program's uptake but also in the broader narrative around climate change. Questions loom large about the evidence linking worsening extreme weather events directly to climate phenomena, especially within the Canadian context. This skepticism threatens to undermine not just the Raising the Bar campaign but the overall narrative around the urgency of tackling climate change.\nFinancial Feasibility and Future Directions\nThe financial aspect of the Raising the Bar campaign is another point of contention. Originally estimated at $750 million, the program's cost has now ballooned to an eye-watering $2.7 billion. This near quadrupling of expenses raises questions about the program's sustainability and effectiveness in meeting its environmental goals. Despite these challenges, the Trudeau government remains steadfast in its climate ambitions. Apart from the Raising the Bar campaign, it has also laid out plans to implement net-zero regulations on electricity generation by 2035, a move that exempts only the Atlantic provinces from the carbon tax on heating fuels. This ambitious regulatory framework underscores the government's commitment to a greener future but also highlights the hurdles in balancing policy, public acceptance, and practical outcomes.\nIn conclusion, the Raising the Bar campaign represents a microcosm of the broader challenges facing climate change initiatives worldwide. While the goal of reducing greenhouse gas emissions through the adoption of heat pumps is commendable, the path is fraught with hurdles—ranging from public skepticism to financial feasibility. The Trudeau government's efforts to encourage Canadians to embrace energy-efficient practices reflect a determined stride towards a sustainable future. However, the success of such initiatives hinges not just on governmental will but on bridging the gap between ambition and tangible, widespread impact.",
    "highlightText": "",
    "highlightTitle": "",
    "highlightThreadTitle": "",
    "language": "english",
    "sentiment": "positive",
    "categories": [
        "Politics",
        "Environment"
    ],
    "external_links": [],
    "external_images": [],
    "entities": {
        "persons": [
            {
                "name": "trudeau",
                "sentiment": "none"
            }
        ],
        "organizations": [
            {
                "name": "bold push for heat pumps",
                "sentiment": "negative"
            }
        ],
        "locations": [
            {
                "name": "canada",
                "sentiment": "none"
            }
        ]
    },
    "rating": null,
    "crawled": "2024-02-16T01:49:00.654+02:00",
    "updated": "2024-02-16T01:49:00.654+02:00"
}