{
    "thread": {
        "uuid": "3ae0d2a2bfbe3b69691b4492815e5bd85a0a9e4c",
        "url": "https://mx.investing.com/news/world-news/jane-goodall-90-anos-de-aprendizajes-sostenibles-2698268",
        "site_full": "mx.investing.com",
        "site": "investing.com",
        "site_section": "https://mx.investing.com/news/world-news",
        "site_categories": [
            "investing",
            "financial_news",
            "finance"
        ],
        "section_title": "Actualidad nacional e internacional - Investing.com Mexico",
        "title": "Jane Goodall: 90 años de aprendizajes sostenibles Por El Capitalino",
        "title_full": "Jane Goodall: 90 años de aprendizajes sostenibles Por El Capitalino",
        "published": "2024-02-15T02:00:00.000+02:00",
        "replies_count": 0,
        "participants_count": 1,
        "site_type": "news",
        "country": "IL",
        "main_image": "https://i-invdn-com.investing.com/news/world_news_3_69x52._800x533_L_1419494235.jpg",
        "performance_score": 0,
        "domain_rank": 1349,
        "domain_rank_updated": "2024-02-13T12:06:36.000+02:00",
        "reach": null,
        "social": {
            "facebook": {
                "likes": 0,
                "comments": 0,
                "shares": 0
            },
            "gplus": {
                "shares": 0
            },
            "pinterest": {
                "shares": 0
            },
            "linkedin": {
                "shares": 0
            },
            "stumbledupon": {
                "shares": 0
            },
            "vk": {
                "shares": 0
            }
        }
    },
    "uuid": "3ae0d2a2bfbe3b69691b4492815e5bd85a0a9e4c",
    "url": "https://mx.investing.com/news/world-news/jane-goodall-90-anos-de-aprendizajes-sostenibles-2698268",
    "ord_in_thread": 0,
    "parent_url": null,
    "author": "El Capitalino",
    "published": "2024-02-15T02:00:00.000+02:00",
    "title": "Jane Goodall: 90 años de aprendizajes sostenibles Por El Capitalino",
    "text": "Jane Goodall: 90 años de aprendizajes sostenibles Ya llevo algunos años en mi columna semanal, dedicando un espacio importante cada mes de enero a la gran junta anual del Foro Económico Mundial “WEF” , en Davos, donde resaltó los mejores momentos y compromisos económicos, sociales y ambientales de la intensa semana de la reunión, pero este año le quisiera dedicar un espacio particular a una de las sesiones, intervenciones, entrevistas y recomendaciones que me dejaron muchos mensajes de la participación de Jane Goodall .\nDurante los años he seguido de cerca el gran trabajo que Jane ha hecho durante 90 años de vida, donde a raíz del estudio en campo, y ser el primer humano en seguir, integrarse y conocer el comportamiento en la naturaleza de los chimpancés, donde su enlace físico y espiritual nos enseña mucho, que hemos perdido nuestra conexión con la naturaleza, que es básica para el ser humano.\nJane Goodall Por no obviar explicaré brevemente quién es Jane; nació en Londres, en 1934, es una etóloga inglesa y Mensajera de la Paz de la ONU . Es considerada pionera en el estudio de los chimpancés salvajes y conocida por su estudio de más de sesenta años de duración sobre las interacciones sociales y familiares de los chimpancés salvajes en el parque nacional Gombe Stream en Tanzania.\nFundadora del instituto que lleva su nombre y del programa Roots & Shoots. Ha hecho una gran labor en materia de conservación y bienestar animal . Dado que el chimpancé es actualmente la especie genéticamente más cercana al humano, sus hallazgos revolucionaron los conocimientos que se tenían no solo de los chimpancés, sino también del ser humano.\nFue la primera persona en descubrir que los chimpancés eran capaces de fabricar y utilizar herramientas, algo que hasta entonces se consideraba exclusivo de los seres humanos.\nGracias a los hallazgos y descubrimientos sobre la conducta de los chimpancés, Jane fue aceptada en la Universidad de Cambridge donde obtuvo un doctorado (PhD) en etología.​ Fue la octava persona a la que se le permitió estudiar un doctorado sin contar con una licenciatura previa.​ En 1965 , defendió su tesis titulada: “ Comportamiento de los chimpancés en libertad ”, en la que detalla los primeros cinco años de su estudio en la Reserva Gombe.\nJane, Davos 2024\nSus mensajes en Davos 2024 fueron muy amplios, sobre la relevancia de estudiar y analizar sobre la importancia que tiene para nuestro mañana, en un año electoral tan importante para muchos países, que revisemos muy clara la agenda ambiental y compromisos de los candidatos antes de salir a votar y tenemos una gran responsabilidad de informarnos en todos los aspectos sobre los futuros líderes que les queremos encomendar los siguientes años, bajo su liderazgo en el sector público.\nMensajes clave:\nDependemos del mundo natural para nuestro bienestar, pero lo estamos destruyendo.\nNuestros jóvenes son la clave de nuestra supervivencia: debemos infundirles esperanza y empoderarlos para que encuentren un enfoque colaborativo para proteger la naturaleza, los animales y las comunidades.\nEl futuro depende de que todos nos unamos ahora y hagamos algo para tratar de sanar el daño que hemos infligido a este planeta. ¿Cuánto tiempo puede sobrevivir la tierra si seguimos como hasta ahora?\nDebemos darnos cuenta de que los seres humanos no estamos separados del mundo natural. Muchas personas viven en ciudades y no son conscientes de que dependemos del mundo natural para todo: comida, agua y ropa. Dependemos de ecosistemas sanos.\nPero a medida que continuamos nuestro desarrollo egoísta de este estilo de vida materialista, destruimos estos ecosistemas. Necesitamos una nueva mentalidad.\nUn gran mensaje de Jane de Davos: ¿Cómo cambias a las personas?\n“Hay que cambiar a la gente llegando a sus corazones”.\nCreo que cuando las personas cambian, tiene que ser su decisión cambiar desde adentro. Por eso, cuando hablo con estos responsables de la toma de decisiones que tienen tanta influencia sobre nosotros, trato de encontrar una manera de llegar al corazón. “ La forma que veo más efectiva es contar historias .”\nEs por eso por lo que estoy convencido que requerimos todos ayudar a dar a conocer las buenas historias y acciones a favor del planeta para sumar a millones de personas más.\nJane permitió desarrollar una conexión cercana con los chimpancés y convertirse en el único ser humano aceptado en una sociedad de chimpancés, hasta la fecha y al ser preguntada si creía en Dios, hace más de 14 años: “No tengo idea de quién o qué es Dios. Pero sí creo en un poder espiritual mayor. Lo siento en particular cuando estoy en la naturaleza. Es algo que es más grande y más fuerte que yo o cualquiera. Lo siento. Eso es suficiente para mí.”\nPodemos aprender mucho de Jane, al literalmente integrarse a la naturaleza y entender en todos los sentidos la conexión y dependencia que tenemos con la misma.\nSu mensaje de Davos es otra clara señal basada en sabiduría y experiencia del cuidado que debemos tener todos a nuestra única casa, nuestro planeta y recordemos:\n¡¡¡Todas nuestras acciones sostenibles cuentan!!!\nLeer más\nJane Goodall: 90 años de aprendizajes sostenibles",
    "highlightText": "",
    "highlightTitle": "",
    "highlightThreadTitle": "",
    "language": "spanish",
    "sentiment": "positive",
    "categories": [
        "Environment"
    ],
    "external_links": [
        "https://www.facebook.com/sharer/sharer.php?app_id=179222828858436&u=https%3A%2F%2Fmx.investing.com%2Fnews%2Fworld-news%2Fjane-goodall-90-anos-de-aprendizajes-sostenibles-2698268&display=popup&ref=plugin",
        "https://elcapitalino.mx/carrousel/jane-goodall-90-anos-de-aprendizajes-sostenibles/",
        "https://invst.ly/13hu-c",
        "http://www.linkedin.com/shareArticle?mini=true&url=https%3A%2F%2Fmx.investing.com%2Fnews%2Fworld-news%2Fjane-goodall-90-anos-de-aprendizajes-sostenibles-2698268&title=Jane+Goodall%3A+90+a%C3%B1os+de+aprendizajes+sostenibles&summary=",
        "https://facebook.com/sharer/sharer.php?app_id=179222828858436&u=https%3A%2F%2Fmx.investing.com%2Fnews%2Fworld-news%2Fjane-goodall-90-anos-de-aprendizajes-sostenibles-2698268&display=popup&ref=plugin",
        "http://linkedin.com/shareArticle?mini=true&url=https%3A%2F%2Fmx.investing.com%2Fnews%2Fworld-news%2Fjane-goodall-90-anos-de-aprendizajes-sostenibles-2698268&title=Jane+Goodall%3A+90+a%C3%B1os+de+aprendizajes+sostenibles&summary=",
        "https://elcapitalino.mx/carrousel/jane-goodall-90-anos-de-aprendizajes-sostenibles",
        "https://www.facebook.com/sharer/sharer.php",
        "https://www.elcapitalino.mx/carrousel/jane-goodall-90-anos-de-aprendizajes-sostenibles/",
        "https://www.invst.ly/13hu-c",
        "http://www.linkedin.com/shareArticle"
    ],
    "external_images": [],
    "entities": {
        "persons": [],
        "organizations": [],
        "locations": []
    },
    "rating": null,
    "crawled": "2024-02-16T01:35:14.928+02:00",
    "updated": "2024-02-16T01:35:14.928+02:00"
}