{
    "thread": {
        "uuid": "892982335db1506e6634a703b74a820f3ee09985",
        "url": "https://www.losc.fr/index.php/actualites/2024-02-15/plantation-dun-verger-au-domaine-de-luchin-cultiver-lavenir-en-sengageant",
        "site_full": "www.losc.fr",
        "site": "losc.fr",
        "site_section": "https://www.losc.fr/actualites",
        "site_categories": [
            "sports"
        ],
        "section_title": "Toutes les actualités | LOSC",
        "title": "Plantation d'un verger au Domaine de Luchin : Cultiver l'avenir en s’engageant | LOSC",
        "title_full": "Plantation d'un verger au Domaine de Luchin : Cultiver l'avenir en s’engageant | LOSC",
        "published": "2024-02-15T02:00:00.000+02:00",
        "replies_count": 0,
        "participants_count": 0,
        "site_type": "news",
        "country": "FR",
        "main_image": "",
        "performance_score": 0,
        "domain_rank": 85994,
        "domain_rank_updated": "2024-02-13T12:06:51.000+02:00",
        "reach": null,
        "social": {
            "facebook": {
                "likes": 0,
                "comments": 0,
                "shares": 0
            },
            "gplus": {
                "shares": 0
            },
            "pinterest": {
                "shares": 0
            },
            "linkedin": {
                "shares": 0
            },
            "stumbledupon": {
                "shares": 0
            },
            "vk": {
                "shares": 0
            }
        }
    },
    "uuid": "892982335db1506e6634a703b74a820f3ee09985",
    "url": "https://www.losc.fr/index.php/actualites/2024-02-15/plantation-dun-verger-au-domaine-de-luchin-cultiver-lavenir-en-sengageant",
    "ord_in_thread": 0,
    "parent_url": null,
    "author": null,
    "published": "2024-02-15T02:00:00.000+02:00",
    "title": "Plantation d'un verger au Domaine de Luchin : Cultiver l'avenir en s’engageant | LOSC",
    "text": "Plantation d'un verger au Domaine de Luchin : Cultiver l'avenir en s’engageant Ce mercredi a eu lieu une opération de plantation d’arbres fruitiers au Domaine de Luchin, marquant une nouvelle étape dans l'engagement environnemental du Club et de son Fonds de Dotation. Les arbres fruitiers de demain plantés par les Dogues de demain Avec le soutien et l’expertise de l'association Planteurs Volontaires, 15 jeunes U17 et U19 du LOSC ont planté les 34 premiers poiriers (essentiellement issus de la région) du futur verger du centre d’entraînement. Des essences locales de pommiers, cerisiers et pruniers s’enracineront également en 2025 pour porter à 100 le nombre d’arbres fruitiers plantés. Cette initiative vise à stabiliser les sols, lutter contre la sécheresse en renforçant les nappes phréatiques et créer de nouveaux puits de carbone sur le Domaine de Luchin. En intégrant un verger à son infrastructure, le Club entend également contribuer à son approvisionnement en fruits locaux dès la quatrième année de pousse, favorisant ainsi une alimentation plus durable et responsable au sein de son centre d’entraînement et de son groupe professionnel. En parallèle, cette plantation a permis de poursuivre la sensibilisation des équipes du Club à l'importance de la préservation de la biodiversité et de leur lien avec la nature. Le LOSC et son Fonds de Dotation s’associent aux [Planteurs Volontaires](https://planteurs-volontaires.com/) pour contribuer au reboisement de la région Hauts-de-France, dont seuls 9% du territoire sont couverts par les arbres et forêts (contre 31% en moyenne pour les autres régions). Symbole de l’engagement et de la détermination du Club à construire un avenir durable, cette nouvelle plantation vient compléter celle en 2023 de 600 arbustes et 80 arbres sur le Domaine de Luchin. Suggestion d'articles - Equipe Pro - Equipe Pro - Equipe Pro",
    "highlightText": "",
    "highlightTitle": "",
    "highlightThreadTitle": "",
    "language": "french",
    "sentiment": "positive",
    "categories": [
        "Environment"
    ],
    "external_links": [
        "https://planteurs-volontaires.com/)",
        "https://www.planteurs-volontaires.com/)"
    ],
    "external_images": [],
    "entities": {
        "persons": [],
        "organizations": [],
        "locations": []
    },
    "rating": null,
    "crawled": "2024-02-16T05:03:12.417+02:00",
    "updated": "2024-02-23T17:00:13.954+02:00"
}