{
    "thread": {
        "uuid": "5e0684c46be78ebb3ca7ca9f9b7a93f7268f801d",
        "url": "https://bnnbreaking.com/local-news/anderson-countys-storywalk-a-trail-of-tales-connecting-literacy-and-nature",
        "site_full": "bnnbreaking.com",
        "site": "bnnbreaking.com",
        "site_section": "https://bnn.network/rss",
        "site_categories": [],
        "section_title": "BNN : Latest Posts",
        "title": "Anderson County's Storywalk: A Trail of Tales Connecting Literacy and Nature",
        "title_full": "Anderson County's Storywalk: A Trail of Tales Connecting Literacy and Nature",
        "published": "2024-02-16T01:47:00.000+02:00",
        "replies_count": 0,
        "participants_count": 1,
        "site_type": "news",
        "country": "IL",
        "main_image": "https://img-cdn.thepublive.com/fit-in/1200x675/bnn/media/media_files/15435fd2fe5b3682f920f7a153eff18080c616bb2a76c619bcde7f515fb19d64.jpg",
        "performance_score": 0,
        "domain_rank": 27879,
        "domain_rank_updated": "2024-02-13T12:06:36.000+02:00",
        "reach": null,
        "social": {
            "facebook": {
                "likes": 0,
                "comments": 0,
                "shares": 0
            },
            "gplus": {
                "shares": 0
            },
            "pinterest": {
                "shares": 0
            },
            "linkedin": {
                "shares": 0
            },
            "stumbledupon": {
                "shares": 0
            },
            "vk": {
                "shares": 0
            }
        }
    },
    "uuid": "5e0684c46be78ebb3ca7ca9f9b7a93f7268f801d",
    "url": "https://bnnbreaking.com/local-news/anderson-countys-storywalk-a-trail-of-tales-connecting-literacy-and-nature",
    "ord_in_thread": 0,
    "parent_url": null,
    "author": "Shivani Chauhan",
    "published": "2024-02-16T01:47:00.000+02:00",
    "title": "Anderson County's Storywalk: A Trail of Tales Connecting Literacy and Nature",
    "text": "In the heart of Anderson County, South Carolina, a novel idea has taken root along the serene paths of Mineral Spring Park. A collaborative venture, titled the 'Storywalk,' has emerged as a beacon of innovation, blending the joy of reading with the beauty of the outdoors. Spearheaded by a coalition of literary organizations including the Anderson County Library, Clemson SNAP-Ed, the Town of Williamston, DocLink, and Friends of the Anderson County Library, this initiative aims to foster a love for literacy amidst nature's backdrop. Introduced to the community on a crisp, sunlit morning, the Storywalk invites visitors of all ages to embark on a mile-long journey through narrative and nature.\nA Trail of Tales\nWinding along the gentle curves of Mineral Spring Park, the Storywalk is more than just a walk in the park. It is an immersive educational experience, where each step unveils a new page. Display cases, strategically placed along the trail, house parts of a picture book, allowing readers to literally walk through a story. The content, carefully curated to captivate a broad audience, ranges from whimsical tales for children to intriguing narratives for adults. With each display offering not only text but also interactive activities, the Storywalk is designed to engage minds and bodies in equal measure.\nEngaging the Community in Literacy\nAt its core, the Storywalk project is a community endeavor aimed at breaking the conventional confines of literacy. By taking the reading experience outdoors, the initiative seeks to attract those who might not frequent libraries or bookstores. The collaborative effort of local organizations underscores a shared commitment to literacy and public well-being. Through this innovative approach, the Storywalk bridges the gap between education and recreation, encouraging families to explore the joys of reading together in the great outdoors. The feedback from visitors, brimming with enthusiasm and curiosity, reflects the project's success in creating a vibrant, literate community.\nA Model for Future Endeavors\nThe Storywalk in Anderson County is not just a local novelty; it stands as a model of creative community engagement that could inspire similar projects far and wide. Its inception and execution demonstrate what can be achieved when organizations with diverse focuses unite for a common cause. Beyond promoting literacy, the Storywalk nurtures a connection with nature, supports physical activity, and offers a platform for family bonding. As this trail of tales continues to weave its magic, it paves the way for future endeavors that blend education, health, and community development in innovative, accessible ways.\nIn summary, the Storywalk at Mineral Spring Park represents a pioneering movement towards integrating literacy with outdoor activity. Initiated by a coalition of literacy organizations in Anderson County, South Carolina, this project transforms a simple walk in the park into an engaging literary adventure. With its interactive displays and inclusive content, the Storywalk not only promotes literacy among community members of all ages but also sets a precedent for similar initiatives worldwide. As visitors wander along this mile-long trail, they are not just reading a book; they are stepping into a story that connects them with their community and the natural world.",
    "highlightText": "",
    "highlightTitle": "",
    "highlightThreadTitle": "",
    "language": "english",
    "sentiment": "positive",
    "categories": [
        "Lifestyle and Leisure",
        "Education",
        "Environment"
    ],
    "external_links": [],
    "external_images": [],
    "entities": {
        "persons": [
            {
                "name": "ed",
                "sentiment": "none"
            }
        ],
        "organizations": [
            {
                "name": "clemson",
                "sentiment": "none"
            },
            {
                "name": "anderson county library",
                "sentiment": "none"
            }
        ],
        "locations": [
            {
                "name": "anderson county",
                "sentiment": "none"
            },
            {
                "name": "south carolina",
                "sentiment": "none"
            },
            {
                "name": "williamston",
                "sentiment": "none"
            },
            {
                "name": "mineral spring park",
                "sentiment": "none"
            },
            {
                "name": "anderson county library",
                "sentiment": "none"
            }
        ]
    },
    "rating": null,
    "crawled": "2024-02-16T03:49:21.339+02:00",
    "updated": "2024-02-16T03:49:21.339+02:00"
}