{
    "thread": {
        "uuid": "6eab092be18380bca34ac507bcc7c08ecb62f598",
        "url": "https://bnnbreaking.com/transportation/san-diego-ports-harbor-drive-20-a-collaborative-leap-towards-sustainable-mobility",
        "site_full": "bnnbreaking.com",
        "site": "bnnbreaking.com",
        "site_section": "https://bnnbreaking.com/rss",
        "site_categories": [],
        "section_title": "BNN : Latest Posts",
        "title": "San Diego Port's Harbor Drive 2.0: A Collaborative Leap Towards Sustainable Mobility",
        "title_full": "San Diego Port's Harbor Drive 2.0: A Collaborative Leap Towards Sustainable Mobility",
        "published": "2024-02-15T23:17:00.000+02:00",
        "replies_count": 0,
        "participants_count": 1,
        "site_type": "news",
        "country": "IL",
        "main_image": "https://img-cdn.thepublive.com/fit-in/1200x675/bnn/media/media_files/94abf5adb78cdd14671538ddc165536ff42538b503d6cf240da8566171feb10e.jpg",
        "performance_score": 0,
        "domain_rank": 27879,
        "domain_rank_updated": "2024-02-13T12:06:36.000+02:00",
        "reach": null,
        "social": {
            "facebook": {
                "likes": 0,
                "comments": 0,
                "shares": 0
            },
            "gplus": {
                "shares": 0
            },
            "pinterest": {
                "shares": 0
            },
            "linkedin": {
                "shares": 0
            },
            "stumbledupon": {
                "shares": 0
            },
            "vk": {
                "shares": 0
            }
        }
    },
    "uuid": "6eab092be18380bca34ac507bcc7c08ecb62f598",
    "url": "https://bnnbreaking.com/transportation/san-diego-ports-harbor-drive-20-a-collaborative-leap-towards-sustainable-mobility",
    "ord_in_thread": 0,
    "parent_url": null,
    "author": "Mahnoor Jehangir",
    "published": "2024-02-15T23:17:00.000+02:00",
    "title": "San Diego Port's Harbor Drive 2.0: A Collaborative Leap Towards Sustainable Mobility",
    "text": "In a landmark decision, the Port of San Diego Board of Port Commissioners has greenlit a pivotal cooperative agreement with Caltrans and the San Diego Association of Governments (SANDAG). This collaboration earmarks approximately $2.2 million towards the Harbor Drive 2.0 and Vesta Bridge projects. As we navigate towards a future where sustainability and efficiency intersect, these initiatives stand as beacons of progress. The Harbor Drive 2.0 project, in particular, promises to revolutionize mobility and access along the bustling Harbor Drive, slashing emissions and refining terminal operations. With an eye on reducing carbon footprints, the project is anticipated to cut down 5,400 metric tons of carbon dioxide emissions annually. This bold move not only aligns with the Port's Maritime Clean Air Strategy but also propels its Health Equity for All vision forward. With construction slated to commence by 2028 and reach completion by 2030, the horizon looks promising for San Diego's port district.\nThe Intersection of Innovation and Collaboration\nAt the heart of this ambitious endeavor is a commitment to innovation and collaboration. The partnership between the Port, Caltrans, and SANDAG exemplifies a shared vision for a more sustainable and accessible San Diego. The Harbor Drive 2.0 project, with its focus on improving mobility, reducing emissions, and enhancing terminal operations, serves as a testament to what can be achieved when entities unite for a common goal. The project is a critical component of the Port's broader Maritime Clean Air Strategy, which seeks to mitigate environmental impacts and champion public health through cleaner air. This cooperative spirit extends beyond the docks and into the broader community, signaling a new era of transportation and environmental stewardship.\nCharting a Course for the Future\nAs we look towards the horizon, the implications of the Harbor Drive 2.0 project extend far beyond the immediate benefits of reduced emissions and enhanced mobility. This initiative is a cornerstone of the Port's Health Equity for All vision, which aims to create a healthier, more equitable environment for all San Diegans. By significantly lowering carbon dioxide emissions, the project not only contributes to global efforts against climate change but also addresses local air quality concerns, directly benefiting the communities surrounding the port. The anticipated reduction of 5,400 metric tons of carbon dioxide per year is a significant milestone in the Port's journey towards sustainability and health equity. With construction on the horizon, the project is poised to set a new standard for port operations and community health.\nBuilding Bridges Beyond Boundaries\nMoving beyond the confines of the port, the spirit of collaboration and innovation finds resonance in the Four Corners area, where Orange, Osceola, Polk, and Lake counties converge. This region, known for its proximity to theme parks and vibrant communities, faces unique challenges at the intersection of county lines. From transportation woes to water issues, officials from each county regularly convene to synchronize efforts and address shared concerns. Notably, projects like County Road 532 and Westside Boulevard are underway to alleviate congestion and enhance safety, highlighting the importance of cross-county collaboration. Additionally, the establishment of a nonprofit dedicated to fostering cooperation among the four corners exemplifies a collective commitment to regional development and problem-solving.\nIn conclusion, the approval of funding for the Harbor Drive 2.0 and Vesta Bridge projects by the Port of San Diego Board of Port Commissioners marks a significant milestone in the pursuit of a more sustainable, accessible, and equitable future. With construction anticipated to begin within the next four years, these projects promise to transform the landscape of transportation and environmental stewardship in San Diego. Simultaneously, the collaborative efforts in the Four Corners area underscore the value of unity and shared vision in addressing regional challenges. Together, these endeavors illustrate a proactive approach to shaping a future that values sustainability, efficiency, and community well-being.",
    "highlightText": "",
    "highlightTitle": "",
    "highlightThreadTitle": "",
    "language": "english",
    "sentiment": "positive",
    "categories": [
        "Environment"
    ],
    "external_links": [],
    "external_images": [],
    "entities": {
        "persons": [],
        "organizations": [
            {
                "name": "port of san diego board of port commissioners",
                "sentiment": "negative"
            },
            {
                "name": "caltrans",
                "sentiment": "none"
            },
            {
                "name": "maritime clean air strategy",
                "sentiment": "none"
            },
            {
                "name": "san diego association of governments",
                "sentiment": "none"
            }
        ],
        "locations": [
            {
                "name": "san diego port's harbor drive",
                "sentiment": "none"
            },
            {
                "name": "vesta bridge",
                "sentiment": "none"
            },
            {
                "name": "san diego",
                "sentiment": "none"
            },
            {
                "name": "harbor drive",
                "sentiment": "none"
            }
        ]
    },
    "rating": null,
    "crawled": "2024-02-16T01:22:49.677+02:00",
    "updated": "2024-02-16T01:22:49.677+02:00"
}