{
    "thread": {
        "uuid": "ac31b33b5ed53e3d013fc8a94c1f5578fcc79ac0",
        "url": "https://bnnbreaking.com/world/us/epa-unveils-new-detection-methodology-to-combat-pfas-contamination-in-plastic-containers",
        "site_full": "bnnbreaking.com",
        "site": "bnnbreaking.com",
        "site_section": "https://bnnbreaking.com/rss",
        "site_categories": [],
        "section_title": "BNN : Latest Posts",
        "title": "EPA Unveils New Detection Methodology to Combat PFAS Contamination in Plastic Containers",
        "title_full": "EPA Unveils New Detection Methodology to Combat PFAS Contamination in Plastic Containers",
        "published": "2024-02-16T00:40:00.000+02:00",
        "replies_count": 0,
        "participants_count": 1,
        "site_type": "news",
        "country": "IL",
        "main_image": "https://img-cdn.thepublive.com/fit-in/1200x675/bnn/media/media_files/db2bb0eede60db739ae23c6182d0ae4d8a352363408f0fe2501b4c9224be45bf.jpg",
        "performance_score": 0,
        "domain_rank": 27879,
        "domain_rank_updated": "2024-02-13T12:06:36.000+02:00",
        "reach": null,
        "social": {
            "facebook": {
                "likes": 0,
                "comments": 0,
                "shares": 0
            },
            "gplus": {
                "shares": 0
            },
            "pinterest": {
                "shares": 0
            },
            "linkedin": {
                "shares": 0
            },
            "stumbledupon": {
                "shares": 0
            },
            "vk": {
                "shares": 0
            }
        }
    },
    "uuid": "ac31b33b5ed53e3d013fc8a94c1f5578fcc79ac0",
    "url": "https://bnnbreaking.com/world/us/epa-unveils-new-detection-methodology-to-combat-pfas-contamination-in-plastic-containers",
    "ord_in_thread": 0,
    "parent_url": null,
    "author": "Emmanuel Abara Benson",
    "published": "2024-02-16T00:40:00.000+02:00",
    "title": "EPA Unveils New Detection Methodology to Combat PFAS Contamination in Plastic Containers",
    "text": "In a groundbreaking stride toward safeguarding public and ecological health, the U.S. Environmental Protection Agency (EPA) has unveiled a new detection methodology to identify the presence of per- and polyfluoroalkyl substances (PFAS) in plastic containers. This innovative approach, capable of detecting PFAS contamination at the minuscule concentration of 0.002 parts-per-billion, represents a pivotal development in the ongoing battle against these hazardous chemicals. The revelation comes amidst escalating concerns over the ubiquity of PFAS, often dubbed 'forever chemicals', due to their persistent nature and potential to wreak havoc on marine ecosystems and human health alike.\nUnveiling the Invisible Threat\nThe EPA's latest methodological breakthrough enables the direct detection of 32 PFAS compounds from the walls of high-density polyethylene (HDPE) containers. This proactive measure is part of a comprehensive strategy to stem the tide of PFAS infiltration into the environment. By issuing orders to halt the production of PFAS-laden products and providing testing data on pesticide products, the EPA aims to ensure that these items do not harbor PFAS residues. Furthermore, the agency has taken decisive action by removing 12 PFAS chemicals from the list of approved inert ingredients in nonfood pesticide products, while also assessing the leaching potential of PFAS from HDPE containers into stored liquids.\nA Call to Arms Against 'Forever Chemicals'\nThe urgency of addressing PFAS contamination is underscored by findings from environmental analytical chemists at Florida International University, which reveal the permeation of these chemicals into Biscayne Bay, Florida. Major contributors to the presence of PFAS in the bay include failing septic systems, wastewater leaks, and aqueous film-forming foam utilized by military and airport facilities. Although the detected levels of PFAS fall below advisory levels for human health, concerns mount over their sufficiency in protecting marine life and humans consuming fish from the affected waters. This situation highlights the intricate challenge of mitigating the impact of PFAS on marine ecosystems and underscores the necessity for federal and state agencies to establish robust guidelines and action plans.\nCharting a Course Toward Remediation and Awareness\nIn response to the daunting task of identifying and monitoring the thousands of different PFAS structures, the National Institute of Standards and Technology (NIST) has developed a new database. This repository, containing spectra for 132 PFAS compounds, is poised to play a crucial role in environmental pollution monitoring. By facilitating access to mass spectrometry data, the database aims to empower scientists to detect known and unknown PFAS compounds, thereby advancing efforts in environmental health, toxicology, exposure risk assessment, and remediation efficiency. As a testament to the spirit of collaboration and data sharing within the scientific community, the database is accessible to researchers complete with a user guide for simplified navigation and offline use.\nThe EPA's multifaceted approach to tackling PFAS contamination, from the introduction of a novel detection methodology to the legal actions against companies manufacturing PFAS-contaminated products, reflects a steadfast commitment to using sound science to prevent these chemicals from entering the environment. Coupled with the ongoing efforts to protect marine ecosystems and human health from the adverse effects of PFAS, these initiatives underscore the critical importance of vigilant monitoring, stringent regulatory measures, and public awareness in the quest to mitigate the pervasive threat posed by 'forever chemicals'. As the fight against PFAS contamination advances, the collective resolve of regulatory agencies, scientists, and the community at large will be paramount in safeguarding our environmental and public health legacy.",
    "highlightText": "",
    "highlightTitle": "",
    "highlightThreadTitle": "",
    "language": "english",
    "sentiment": "positive",
    "categories": [
        "Health",
        "Environment"
    ],
    "external_links": [],
    "external_images": [],
    "entities": {
        "persons": [],
        "organizations": [
            {
                "name": "epa",
                "sentiment": "negative"
            },
            {
                "name": "protection agency",
                "sentiment": "none"
            }
        ],
        "locations": [
            {
                "name": "u.s.",
                "sentiment": "none"
            }
        ]
    },
    "rating": null,
    "crawled": "2024-02-16T02:42:41.227+02:00",
    "updated": "2024-02-16T02:42:41.227+02:00"
}