{
    "thread": {
        "uuid": "658d01df31f41c5f50db03a1ffbde16f56bacaa5",
        "url": "https://topnews.in/general/featured",
        "site_full": "topnews.in",
        "site": "topnews.in",
        "site_section": "https://topnews.in/node",
        "site_categories": [
            "media"
        ],
        "section_title": "TopNews | Only Top Stories of the Day",
        "title": "Featured | TopNews",
        "title_full": "Featured | TopNews",
        "published": "2024-02-15T02:00:00.000+02:00",
        "replies_count": 0,
        "participants_count": 1,
        "site_type": "news",
        "country": "IN",
        "main_image": "",
        "performance_score": 0,
        "domain_rank": 32616,
        "domain_rank_updated": "2024-02-13T12:06:36.000+02:00",
        "reach": null,
        "social": {
            "facebook": {
                "likes": 0,
                "comments": 0,
                "shares": 0
            },
            "gplus": {
                "shares": 0
            },
            "pinterest": {
                "shares": 0
            },
            "linkedin": {
                "shares": 0
            },
            "stumbledupon": {
                "shares": 0
            },
            "vk": {
                "shares": 0
            }
        }
    },
    "uuid": "658d01df31f41c5f50db03a1ffbde16f56bacaa5",
    "url": "https://topnews.in/general/featured",
    "ord_in_thread": 0,
    "parent_url": null,
    "author": "Ashok Dixit",
    "published": "2024-02-15T02:00:00.000+02:00",
    "title": "Featured | TopNews",
    "text": "Mitsubishi Fuso Bus & Truck Corporation, a Japanese manufacturer of commercial vehicles headquartered in Kawasaki, has made a significant stride in the realm of electric mobility with the launc The Rivian R2, an all-new electric midsize SUV, has caused seismic ripples in the automotive world by securing impressive 68,000 reservations in less than 24 hours, generating approximately $7 mill Triumphantly emerging from the shadows of the Chevrolet Blazer EV hiatus, General Motors (GM) has announced that the battery electric mid-size crossover SUV has returned to the market with a game-c Tesla Motors, the trailblazer in the global electric car industry, is taking a proactive step to address the evolving challenges at its Supercharging stations through the development of a NACS exte In a strategic move to promote EV adoption, South Korean automobile giant Hyundai Motor Company has announced the launch of a groundbreaking trade-in program to incentivize buyers to switch to EVs Hyundai’s beloved Ioniq 5 compact crossover electric SUV is set to captivate enthusiasts once again, thanks to a series of upgrades announced by the brand for the anticipated 2025 model year. © 2005-2023 TOPNEWS.IN ALL RIGHTS RESERVED. COPYSCAPE PROTECTED",
    "highlightText": "",
    "highlightTitle": "",
    "highlightThreadTitle": "",
    "language": "english",
    "sentiment": "positive",
    "categories": [
        "Economy, Business and Finance",
        "Science and Technology",
        "Environment"
    ],
    "external_links": [],
    "external_images": [],
    "entities": {
        "persons": [
            {
                "name": "playtech",
                "sentiment": "none"
            }
        ],
        "organizations": [
            {
                "name": "volvo",
                "sentiment": "none"
            },
            {
                "name": "tesla motors",
                "sentiment": "none"
            },
            {
                "name": "fashiontv gaming group",
                "sentiment": "none"
            },
            {
                "name": "ford motor company",
                "sentiment": "none"
            }
        ],
        "locations": [
            {
                "name": "norway",
                "sentiment": "none"
            },
            {
                "name": "united states",
                "sentiment": "none"
            }
        ]
    },
    "rating": null,
    "crawled": "2024-02-16T03:53:19.668+02:00",
    "updated": "2024-03-15T19:24:07.951+02:00"
}