{
    "thread": {
        "uuid": "188a7c1f8ff66d0ff996e8a818e75d5a5b1bcd17",
        "url": "https://markets.financialcontent.com/stocks/article/accwirecq-2024-2-15-farah-naz-new-york-creates-4th-collection-announces-upcoming-runway-show-for-sustainable-fashion",
        "site_full": "markets.financialcontent.com",
        "site": "financialcontent.com",
        "site_section": "https://markets.financialcontent.com/stocks/markets/news?currentpage=14&provider=accwirecq",
        "site_categories": [
            "financial_news",
            "finance"
        ],
        "section_title": "Stock Market News | NSDQ, NYSE, and AMEX Stock Market News, Market News Categories, Market Indicators | FinancialContent Business Page ",
        "title": "FARAH NAZ New York Creates 4th Collection, Announces Upcoming Runway Show for Sustainable Fashion | FinancialContent Business Page",
        "title_full": "FARAH NAZ New York Creates 4th Collection, Announces Upcoming Runway Show for Sustainable Fashion | FinancialContent Business Page",
        "published": "2024-02-16T00:20:00.000+02:00",
        "replies_count": 0,
        "participants_count": 1,
        "site_type": "news",
        "country": "US",
        "main_image": "",
        "performance_score": 0,
        "domain_rank": 5616,
        "domain_rank_updated": "2024-02-13T12:06:36.000+02:00",
        "reach": null,
        "social": {
            "facebook": {
                "likes": 0,
                "comments": 0,
                "shares": 0
            },
            "gplus": {
                "shares": 0
            },
            "pinterest": {
                "shares": 0
            },
            "linkedin": {
                "shares": 0
            },
            "stumbledupon": {
                "shares": 0
            },
            "vk": {
                "shares": 0
            }
        }
    },
    "uuid": "188a7c1f8ff66d0ff996e8a818e75d5a5b1bcd17",
    "url": "https://markets.financialcontent.com/stocks/article/accwirecq-2024-2-15-farah-naz-new-york-creates-4th-collection-announces-upcoming-runway-show-for-sustainable-fashion",
    "ord_in_thread": 0,
    "parent_url": null,
    "author": "financialcontent.com",
    "published": "2024-02-16T00:20:00.000+02:00",
    "title": "FARAH NAZ New York Creates 4th Collection, Announces Upcoming Runway Show for Sustainable Fashion | FinancialContent Business Page",
    "text": "NEW YORK, NY / ACCESSWIRE / February 15, 2024 / FARAH NAZ New York , the center of sustainable luxury fashion, and women's brand SHEIN have unveiled their exclusive Evolushein collection. Titled SHEIN X FARAH NAZ New York , the line showcases a blend of the distinct aesthetic that fashion designer Farah Naz is known for and SHEIN's commitment to sustainability. Additionally, FARAH NAZ New York has announced its plans for an upcoming fashion show, which will display the exquisite, eco-friendly designs that embody style and commitment to the Earth.\nSince its debut on New York runways in 2019, FARAH NAZ New York has been redefining haute couture in a world impacted by climate change and environmental pollution. Its emphasis is on fabrics and materials that are organic, biodegradable, and recycled, and it has earned an industry-reputation for hand-beaded wedding dresses, evening gowns, and ready-to-wear apparel that are luxurious, unique, and sustainable. By utilizing recycled materials, Farah Naz New York aims to minimize carbon emissions and pollution associated with the traditional manufacturing process, taking a step towards a greener future.\nFARAH NAZ New York forged its strategic collaboration with SHEIN with the goal of furthering sustainable practices throughout the fashion industry. As the brand's Creative Director, Farah Naz was chosen out of thousands of hopefuls to be one of the four designers for SHEIN'S highly anticipated Evolushein collection. It features innovative and sustainable pieces whose fabrics were made from recycled polyester sourced from plastic bottles and scrap fabrics. Farah Naz and her team transformed these eco-friendly materials into designs that highlight style and sustainability.\nFarah Naz expressed her excitement for this collaboration , stating, \"Partnering with Shein has been an incredible opportunity to align our brand values and create significant change in the fashion industry. The Evolushein Collection demonstrates that style and sustainability can go hand in hand, empowering individuals to make conscious fashion choices and contribute to a healthier planet.\"\nWith three collections of luxury fashion created, FARAH NAZ New York is now developing its plans to bring its eco-friendly, elegant designs to the catwalk with a new fashion show. The highlighted pieces will reflect the designer's deep commitment to environmental consciousnesses as well as apparel and gowns that embody style and respect for the planet.\n\"At FARAH NAZ New York, we are humbled by the positive reception to our ‘green' designs and grateful for the new opportunities to transform the fashion industry and fight global warming,\" says Farah Naz. \"In the new year, we will continue to work hard to create sustainable luxury collections so that we honor the incomparable beauty of Earth and can contribute to its healing.\"\nFarah Naz, Fashion Designer and Creative Director at FARAH NAZ New York\nFARAH NAZ New York is a privately-owned global women's fashion brand based in New York City. Founded by Farah Naz, it embodies intricately detailed traditional and modern hand-embroidered designs infused with eastern and western styles, creating easy-to-wear fashions. To learn more about FARAH NAZ New York, please visit www.farahnaznewyork.com/ or contact:\nFarah Naz, FARAH NAZ New York\n1-800-363-4544\ninfo@farahnaznewyork.com\nSOURCE: FARAH NAZ New York\nView the original press release on accesswire.com",
    "highlightText": "",
    "highlightTitle": "",
    "highlightThreadTitle": "",
    "language": "english",
    "sentiment": "positive",
    "categories": [
        "Arts, Culture and Entertainment",
        "Environment"
    ],
    "external_links": [
        "https://pr.report/QuhnlaP0",
        "https://pr.report/eQa10Lh7",
        "https://tracking.newsrpm.com/pixel?slug=accwirecq-2024-2-15-farah-naz-new-york-creates-4th-collection-announces-upcoming-runway-show-for-sustainable-fashion",
        "https://pr.report/d7YWGitI",
        "https://www.accesswire.com/834205/farah-naz-new-york-creates-4th-collection-announces-upcoming-runway-show-for-sustainable-fashion",
        "https://pr.report/xqknP6p1",
        "https://pr.report/tzxlgow4",
        "https://www.accesswire.com/img.ashx?id=834205",
        "https://pr.report/brNAv9Hn",
        "https://pr.report/VgShGnmO",
        "https://www.pr.report/QuhnlaP0",
        "https://www.pr.report/d7YWGitI",
        "https://www.pr.report/brNAv9Hn",
        "https://tracking.newsrpm.com/pixel",
        "https://www.pr.report/xqknP6p1",
        "https://www.pr.report/tzxlgow4",
        "https://www.tracking.newsrpm.com/pixel?slug=accwirecq-2024-2-15-farah-naz-new-york-creates-4th-collection-announces-upcoming-runway-show-for-sustainable-fashion",
        "https://accesswire.com/834205/farah-naz-new-york-creates-4th-collection-announces-upcoming-runway-show-for-sustainable-fashion",
        "https://www.accesswire.com/img.ashx",
        "https://www.pr.report/VgShGnmO",
        "https://accesswire.com/img.ashx?id=834205",
        "https://www.pr.report/eQa10Lh7"
    ],
    "external_images": [],
    "entities": {
        "persons": [
            {
                "name": "shein",
                "sentiment": "none"
            },
            {
                "name": "farah naz",
                "sentiment": "none"
            }
        ],
        "organizations": [
            {
                "name": "farah naz new york",
                "sentiment": "negative"
            },
            {
                "name": "shein",
                "sentiment": "none"
            }
        ],
        "locations": [
            {
                "name": "new york",
                "sentiment": "none"
            },
            {
                "name": "new york",
                "sentiment": "none"
            },
            {
                "name": "ny",
                "sentiment": "none"
            },
            {
                "name": "earth",
                "sentiment": "none"
            },
            {
                "name": "farah naz new york",
                "sentiment": "none"
            }
        ]
    },
    "rating": null,
    "crawled": "2024-02-16T01:30:23.614+02:00",
    "updated": "2024-02-16T01:30:23.614+02:00"
}