{
    "thread": {
        "uuid": "72a74bcbe22e417cf02c3ab2cf5631ea0cbc4465",
        "url": "https://www.latestnigeriannews.com/p/3193339/no-need-for-food-importation-nigeria-can-feed-itself-fg.html",
        "site_full": "www.latestnigeriannews.com",
        "site": "latestnigeriannews.com",
        "site_section": "http://www.latestnigeriannews.com/feed/allnews/rss.xml",
        "site_categories": [
            "media"
        ],
        "section_title": "Latest Nigerian News Headlines",
        "title": "No Need For Food Importation, Nigeria Can Feed Itself ' FG",
        "title_full": "No Need For Food Importation, Nigeria Can Feed Itself ' FG",
        "published": "2024-02-16T05:03:00.000+02:00",
        "replies_count": 0,
        "participants_count": 1,
        "site_type": "news",
        "country": "NG",
        "main_image": "",
        "performance_score": 0,
        "domain_rank": 95648,
        "domain_rank_updated": "2024-02-13T12:06:51.000+02:00",
        "reach": null,
        "social": {
            "facebook": {
                "likes": 0,
                "comments": 0,
                "shares": 0
            },
            "gplus": {
                "shares": 0
            },
            "pinterest": {
                "shares": 0
            },
            "linkedin": {
                "shares": 0
            },
            "stumbledupon": {
                "shares": 0
            },
            "vk": {
                "shares": 0
            }
        }
    },
    "uuid": "72a74bcbe22e417cf02c3ab2cf5631ea0cbc4465",
    "url": "https://www.latestnigeriannews.com/p/3193339/no-need-for-food-importation-nigeria-can-feed-itself-fg.html",
    "ord_in_thread": 0,
    "parent_url": null,
    "author": "Latestnigeriannews",
    "published": "2024-02-16T05:03:00.000+02:00",
    "title": "No Need For Food Importation, Nigeria Can Feed Itself ' FG",
    "text": "30 Things People Posted On The Internet This Month So Far That Are Funnier Than They Should Be - Yahoo 32-Year-Old Man Sentenced To Death For Killing Son - New Telegraph A boy was in tears because he didn't have PJs for Pajamas Day. His bus driver came to the rescue - https://www.latestnigeriannews.com/news/3193420/a-boy-was-in-tears-because-he-didnt-have-pjs-for-pajamas-day-his-bus-driver-came.html A husband and wife went to Ascension for their annual checkup. One of them walked out with a $600 bill. - https://www.latestnigeriannews.com/news/3193411/a-husband-and-wife-went-to-ascension-for-their-annual-checkup-one-of-them-walked.html A loophole got him a free New York hotel stay for five years. Then he claimed to own the building - https://www.latestnigeriannews.com/news/3193426/a-loophole-got-him-a-free-new-york-hotel-stay-for-five-years-then-he-claimed-to-.html As earnings loom, Nvidia options traders brace for monster share move - https://www.latestnigeriannews.com/news/3193413/as-earnings-loom-nvidia-options-traders-brace-for-monster-share-move.html Beach Boys' Brian Wilson Suffering From Dementia, Team Files For A Conservatorship - https://www.latestnigeriannews.com/news/3193412/beach-boys-brian-wilson-suffering-from-dementia-team-files-for-a-conservatorship.html Cache of weapons, 1 million rounds of ammo found at Richmond residence - https://www.latestnigeriannews.com/news/3193414/cache-of-weapons-1-million-rounds-of-ammo-found-at-richmond-residence.html 2025 AFCON to Hold Summer as Morocco, CAF Agree on Timing - https://www.latestnigeriannews.com/news/3193808/2025-afcon-to-hold-summer-as-morocco-caf-agree-on-timing.html 49ers Rumors: Former Chargers HC Brandon Staley Linked to DC Job After Wilks Firing - Bleacher Report Adesanya's coach confirms UFC comeback - Punch AFCON 2023; Let's strive for greatness, together we are stronger ' Ahmed Musa Tells Nigerians - Peoples Daily Africa Games: Brume, Uzoro, Enekwechi, Others Storm Asaba for Trials - https://www.latestnigeriannews.com/news/3193809/africa-games-brume-uzoro-enekwechi-others-storm-asaba-for-trials.html Algeria Bid to Hijack Deal for Peseiro - https://www.latestnigeriannews.com/news/3193810/algeria-bid-to-hijack-deal-for-peseiro.html Algeria want Peseiro as coach - https://www.latestnigeriannews.com/news/3193691/algeria-want-peseiro-as-coach.html Bears Release Eddie Jackson, Cody Whitehair; CHI Frees Up $21.7M in Salary Cap Space - https://www.latestnigeriannews.com/news/3193428/bears-release-eddie-jackson-cody-whitehair-chi-frees-up-217m-in-salary-cap-space.html",
    "highlightText": "",
    "highlightTitle": "",
    "highlightThreadTitle": "",
    "language": "english",
    "sentiment": "positive",
    "categories": [
        "Environment",
        "Economy, Business and Finance",
        "Politics"
    ],
    "external_links": [
        "https://finance.yahoo.com/news/earnings-loom-nvidia-options-traders-193447876.html",
        "https://www.yahoo.com/entertainment/beach-boys-brian-wilson-suffering-004837002.html",
        "https://www.yahoo.com/lifestyle/boy-tears-because-didnt-pjs-020552896.html",
        "https://newtelegraphng.com/algeria-bid-to-hijack-deal-for-peseiro/?utm_source=rss&utm_medium=rss&utm_campaign=algeria-bid-to-hijack-deal-for-peseiro",
        "https://news.yahoo.com/cache-weapons-1-million-rounds-181728014.html",
        "https://news.yahoo.com/loophole-got-him-free-york-215002080.html",
        "https://newtelegraphng.com/32-year-old-man-sentenced-to-death-for-killing-son/?utm_source=rss&utm_medium=rss&utm_campaign=32-year-old-man-sentenced-to-death-for-killing-son",
        "https://news.yahoo.com/husband-wife-went-ascension-annual-140933933.html",
        "https://punchng.com/algeria-want-peseiro-as-coach/",
        "https://www.peoplesdailyng.com/afcon-2023-lets-strive-for-greatness-together-we-are-stronger-ahmed-musa-tells-nigerians/?utm_source=rss&utm_medium=rss&utm_campaign=afcon-2023-lets-strive-for-greatness-together-we-are-stronger-ahmed-musa-tells-nigeria",
        "https://punchng.com/adesanyas-coach-confirms-ufc-comeback/",
        "https://www.yahoo.com/lifestyle/30-things-people-posted-internet-011602920.html",
        "https://newtelegraphng.com/africa-games-brume-uzoro-enekwechi-others-storm-asaba-for-trials/?utm_source=rss&utm_medium=rss&utm_campaign=africa-games-brume-uzoro-enekwechi-others-storm-asaba-for-trials",
        "https://bleacherreport.com/articles/10109562-49ers-rumors-former-chargers-hc-brandon-staley-linked-to-dc-job-after-wilks-firing",
        "https://bleacherreport.com/articles/10109557-bears-release-eddie-jackson-cody-whitehair-chi-frees-up-217m-in-salary-cap-space",
        "https://newtelegraphng.com/2025-afcon-to-hold-summer-as-morocco-caf-agree-on-timing/?utm_source=rss&utm_medium=rss&utm_campaign=2025-afcon-to-hold-summer-as-morocco-caf-agree-on-timing",
        "https://punchng.com/adesanyas-coach-confirms-ufc-comeback",
        "https://www.news.yahoo.com/husband-wife-went-ascension-annual-140933933.html",
        "https://www.newtelegraphng.com/africa-games-brume-uzoro-enekwechi-others-storm-asaba-for-trials/?utm_source=rss&utm_medium=rss&utm_campaign=africa-games-brume-uzoro-enekwechi-others-storm-asaba-for-trials",
        "https://newtelegraphng.com/2025-afcon-to-hold-summer-as-morocco-caf-agree-on-timing/",
        "https://www.newtelegraphng.com/32-year-old-man-sentenced-to-death-for-killing-son/?utm_source=rss&utm_medium=rss&utm_campaign=32-year-old-man-sentenced-to-death-for-killing-son",
        "https://peoplesdailyng.com/afcon-2023-lets-strive-for-greatness-together-we-are-stronger-ahmed-musa-tells-nigerians/?utm_source=rss&utm_medium=rss&utm_campaign=afcon-2023-lets-strive-for-greatness-together-we-are-stronger-ahmed-musa-tells-nigeria",
        "https://www.punchng.com/algeria-want-peseiro-as-coach/",
        "https://www.bleacherreport.com/articles/10109557-bears-release-eddie-jackson-cody-whitehair-chi-frees-up-217m-in-salary-cap-space",
        "https://www.newtelegraphng.com/algeria-bid-to-hijack-deal-for-peseiro/?utm_source=rss&utm_medium=rss&utm_campaign=algeria-bid-to-hijack-deal-for-peseiro",
        "https://www.peoplesdailyng.com/afcon-2023-lets-strive-for-greatness-together-we-are-stronger-ahmed-musa-tells-nigerians/",
        "https://yahoo.com/lifestyle/boy-tears-because-didnt-pjs-020552896.html",
        "https://yahoo.com/entertainment/beach-boys-brian-wilson-suffering-004837002.html",
        "https://www.news.yahoo.com/cache-weapons-1-million-rounds-181728014.html",
        "https://newtelegraphng.com/algeria-bid-to-hijack-deal-for-peseiro/",
        "https://www.bleacherreport.com/articles/10109562-49ers-rumors-former-chargers-hc-brandon-staley-linked-to-dc-job-after-wilks-firing",
        "https://www.punchng.com/adesanyas-coach-confirms-ufc-comeback/",
        "https://www.news.yahoo.com/loophole-got-him-free-york-215002080.html",
        "https://www.finance.yahoo.com/news/earnings-loom-nvidia-options-traders-193447876.html",
        "https://newtelegraphng.com/32-year-old-man-sentenced-to-death-for-killing-son/",
        "https://punchng.com/algeria-want-peseiro-as-coach",
        "https://newtelegraphng.com/africa-games-brume-uzoro-enekwechi-others-storm-asaba-for-trials/",
        "https://yahoo.com/lifestyle/30-things-people-posted-internet-011602920.html",
        "https://www.newtelegraphng.com/2025-afcon-to-hold-summer-as-morocco-caf-agree-on-timing/?utm_source=rss&utm_medium=rss&utm_campaign=2025-afcon-to-hold-summer-as-morocco-caf-agree-on-timing"
    ],
    "external_images": [],
    "entities": {
        "persons": [
            {
                "name": "yah",
                "sentiment": "negative"
            },
            {
                "name": "brian wilson suff",
                "sentiment": "none"
            }
        ],
        "organizations": [
            {
                "name": "nvidia",
                "sentiment": "none"
            }
        ],
        "locations": [
            {
                "name": "nigeria",
                "sentiment": "none"
            },
            {
                "name": "new york",
                "sentiment": "none"
            }
        ]
    },
    "rating": null,
    "crawled": "2024-02-16T06:43:38.756+02:00",
    "updated": "2024-02-16T06:43:38.756+02:00"
}