{
    "thread": {
        "uuid": "ecc82afe961755a033b17d91e1f47bf5c719ed3b",
        "url": "https://flipboard.com/video/ktvu/8ee87fc8cd",
        "site_full": "flipboard.com",
        "site": "flipboard.com",
        "site_section": "https://flipboard.com/topic/californiaweather",
        "site_categories": [
            "family_and_parenting",
            "eldercare"
        ],
        "section_title": "Discover More in California Weather on Flipboard",
        "title": "'Far better shape': California storms replenish state's reservoirs | Flipboard",
        "title_full": "'Far better shape': California storms replenish state's reservoirs | Flipboard",
        "published": "2024-02-16T02:00:00.000+02:00",
        "replies_count": 0,
        "participants_count": 1,
        "site_type": "news",
        "country": "US",
        "main_image": "https://m107833-mcdn.mp.lura.live/iupl/822/D90/822D900803D7506D2F98E4EEA3A61440.jpg?Expires=2082758400&amp;KeyName=mcpkey1&amp;Signature=pYhfDxrDZp-KgSNa7mBKTFs0pGE",
        "performance_score": 0,
        "domain_rank": 1218,
        "domain_rank_updated": "2024-02-13T12:06:36.000+02:00",
        "reach": null,
        "social": {
            "facebook": {
                "likes": 0,
                "comments": 0,
                "shares": 0
            },
            "gplus": {
                "shares": 0
            },
            "pinterest": {
                "shares": 0
            },
            "linkedin": {
                "shares": 0
            },
            "stumbledupon": {
                "shares": 0
            },
            "vk": {
                "shares": 0
            }
        }
    },
    "uuid": "ecc82afe961755a033b17d91e1f47bf5c719ed3b",
    "url": "https://flipboard.com/video/ktvu/8ee87fc8cd",
    "ord_in_thread": 0,
    "parent_url": null,
    "author": "KTVU",
    "published": "2024-02-16T02:00:00.000+02:00",
    "title": "'Far better shape': California storms replenish state's reservoirs | Flipboard",
    "text": "'Far better shape': California storms replenish state's reservoirs As of Thursday, California's big \"mega reservoirs\" are 76% full. That is 115% of what is usually in them on this date. Join the flipboard community Discover, collect, and share stories for all your interests [Sign up](/signup) More stories from [California Storm](/topic/californiastorm) [Photos show 3 multimillion-dollar mansions perched precariously near the edge of a cliff after landslides in California](/topic/californiastorm/photos-show-3-multimillion-dollar-mansions-perched-precariously-near-the-edge-of/a-NxHQ7EA9T524x1--2t-qKQ%3Aa%3A221841707-f43d127efa%2Fbusinessinsider.com) Early February rainstorms across Southern California have left three Dana Point homes in precarious positions. The multimillion-dollar mansions along Scenic Drive in Orange County now sit on the edge of an oceanside cliff after part of the bluff fell away in landslides caused by heavy rains. Gov. … [A 22-year-old went hiking alone in California. Her body was found 8 days later](/topic/californiastorm/a-22-year-old-went-hiking-alone-in-california-her-body-was-found-8-days-later/a-f8wkHQLTS6SljFY6L4zU0w%3Aa%3A749442239-0aa94b1399%2Fglobalnews.ca) The body of a 22-year-old hiker was recovered by police on Sunday after a week-long search on California’s Mount Baldy to find the missing … [2 Storms To Slam SoCal, Threatening More Mudslides And Flooding](/topic/californiastorm/2-storms-to-slam-socal-threatening-more-mudslides-and-flooding/a-1cbREjcjTumipE_pv0WDKg%3Aa%3A2250121565-3a5407ae62%2Fpatch.com) Back-to-Back storms are expected to bring heavy rain back into the region. Here's what you need to know. LOS ANGELES, CA — The short-lived dry spell …",
    "highlightText": "",
    "highlightTitle": "",
    "highlightThreadTitle": "",
    "language": "english",
    "sentiment": "positive",
    "categories": [
        "Environment",
        "Weather"
    ],
    "external_links": [],
    "external_images": [],
    "entities": {
        "persons": [
            {
                "name": "dana point",
                "sentiment": "none"
            }
        ],
        "organizations": [
            {
                "name": "ktvu",
                "sentiment": "none"
            }
        ],
        "locations": [
            {
                "name": "california",
                "sentiment": "none"
            },
            {
                "name": "southern california",
                "sentiment": "none"
            },
            {
                "name": "scenic drive",
                "sentiment": "none"
            },
            {
                "name": "orange county",
                "sentiment": "none"
            }
        ]
    },
    "rating": null,
    "crawled": "2024-02-16T06:46:53.073+02:00",
    "updated": "2024-02-16T12:49:40.237+02:00"
}