{
    "thread": {
        "uuid": "610c7de0d28c99db89e495390139231ca572cede",
        "url": "https://heraldodemexico.com.mx/nacional/2024/2/15/indigenas-zoques-recuperaran-territorio-invadido-por-comunidades-vecinas-en-oaxaca-578311.html",
        "site_full": "heraldodemexico.com.mx",
        "site": "heraldodemexico.com.mx",
        "site_section": "https://www.heraldodemexico.com.mx",
        "site_categories": [
            "travel",
            "mexico_and_central_america",
            "top_news"
        ],
        "section_title": "El Heraldo de México | El diario que piensa joven",
        "title": "Indígenas zoques recuperarán territorio invadido por comunidades vecinas en Oaxaca | El Heraldo de México",
        "title_full": "Indígenas zoques recuperarán territorio invadido por comunidades vecinas en Oaxaca | El Heraldo de México",
        "published": "2024-02-16T01:55:00.000+02:00",
        "replies_count": 0,
        "participants_count": 1,
        "site_type": "news",
        "country": "MX",
        "main_image": "https://heraldodemexico.com.mx/u/fotografias/m/2024/2/15/f1280x720-893000_1024675_5518.jpg",
        "performance_score": 0,
        "domain_rank": 21870,
        "domain_rank_updated": "2024-02-13T12:06:36.000+02:00",
        "reach": null,
        "social": {
            "facebook": {
                "likes": 0,
                "comments": 0,
                "shares": 0
            },
            "gplus": {
                "shares": 0
            },
            "pinterest": {
                "shares": 0
            },
            "linkedin": {
                "shares": 0
            },
            "stumbledupon": {
                "shares": 0
            },
            "vk": {
                "shares": 0
            }
        }
    },
    "uuid": "610c7de0d28c99db89e495390139231ca572cede",
    "url": "https://heraldodemexico.com.mx/nacional/2024/2/15/indigenas-zoques-recuperaran-territorio-invadido-por-comunidades-vecinas-en-oaxaca-578311.html",
    "ord_in_thread": 0,
    "parent_url": null,
    "author": "José Luis López",
    "published": "2024-02-16T01:55:00.000+02:00",
    "title": "Indígenas zoques recuperarán territorio invadido por comunidades vecinas en Oaxaca | El Heraldo de México",
    "text": "Indígenas zoques de San Miguel Chimalapa, Oaxaca, acordaron este jueves 15 de febrero que iniciarán los trabajos para abrir brechas, con el fin de recuperar mas de 13 mil hectáreas de tierras que colindan con [Santo Domingo Zanatepec. ](https://heraldodemexico.com.mx/nacional/2024/2/12/devasta-incendio-forestal-300-hectareas-boscosas-en-oaxaca-577234.html) Los mas de 400 comuneros, se comprometieron a realizar estos trabajos en 20 días aproximadamente, ya que este conflicto tiene más de 24 años de haberse iniciado, y hasta el momento las tierras no han sido recuperadas. Seguir leyendo: [Alcalde de Taxco, Mario Figueroa, sufre ataque armado; abaten a uno de sus agresores](https://heraldodemexico.com.mx/nacional/2024/2/15/alcalde-de-taxco-mario-figueroa-sufre-ataque-armado-abaten-uno-de-sus-agresores-578313.html) En total son 13 mil 454 hectáreas de selva, que indicaron no se encuentran en venta, y se concentraron en la comunidad llamada La Cristalina, donde se percataron del derribo de árboles, ya que los ocupantes pretenden sembrar maguey. Denuncian presencia de talamontes y ganaderos Indicaron que las tierras donde las magueyeras prentenden instalarse le pertenecen a los Bienes Comunales de los zoques de San Miguel Chimalapa, por lo que continuarán defendiendo esta zona, tal y como lo hicieron contras las empresas mineras. Además de esta incursión en la zona límitrofe, los comuneros zoques adelantaron que también iniciarán acciones concretas, para la recuperación de los 13 mil 500 hetáras de tierra de colindancia con la comunidad de Santiago Niltepec, Oaxaca. Denunciaron que en ambas franjas de tierras, existen ganaderos y talamontes que se encuentran explotando los recursos naturales de este territorio perteneciente a Los Chimalapas. ¿Qué han dicho las autoridades sobre la problemática? Luego de llevar a cabo una asamblea en el lugar donde habitan unas 40 familias zoques, los comuneros regresaron a la cabecera municipal, para reorganizar las acciones para hacer la brecha en el mes de mazo próximo. En el 2021, la Suprema Corte de Justicia de la Nación (SCJN), resolvió a favor de Oaxaca más de 84 mil hectáreas de selva, que se disputaba con el vecino estado de Chiapas, donde actualmente se encuentran asentadas comunidades de indígenas chiapanecos. Sin embargo, hasta la fecha no se ha iniciado el brecheo, para la delimitación de esas tierras a pesar del fallo a favor de los indígenas de Oaxaca.",
    "highlightText": "",
    "highlightTitle": "",
    "highlightThreadTitle": "",
    "language": "spanish",
    "sentiment": "positive",
    "categories": [
        "Social Issue",
        "Environment"
    ],
    "external_links": [],
    "external_images": [],
    "entities": {
        "persons": [],
        "organizations": [],
        "locations": []
    },
    "rating": null,
    "crawled": "2024-02-16T02:10:53.542+02:00",
    "updated": "2024-02-16T02:10:53.542+02:00"
}