{
    "thread": {
        "uuid": "062cf9ca7244dbbc31654e87b59a7eaa0559c9cb",
        "url": "https://www.newsbreak.com/colorado-state/3335728902197-watch-the-first-five-wolves-reintroduced-into-colorado-s-rocky-mountains",
        "site_full": "www.newsbreak.com",
        "site": "newsbreak.com",
        "site_section": "https://www.newsbreak.com/a-z-animals-1693032",
        "site_categories": [
            "under_construction",
            "non_standard_content"
        ],
        "section_title": "A-Z-Animals | NewsBreak",
        "title": "Watch the First Five Wolves Reintroduced Into Colorado’s Rocky Mountains",
        "title_full": "Watch the First Five Wolves Reintroduced Into Colorado’s Rocky Mountains",
        "published": "2024-02-16T03:47:00.000+02:00",
        "replies_count": 0,
        "participants_count": 1,
        "site_type": "news",
        "country": "US",
        "main_image": "https://img.particlenews.com/img/id/14hxmw_0rM9VcZf00?type=thumbnail_1600x1200",
        "performance_score": 0,
        "domain_rank": 3362,
        "domain_rank_updated": "2024-02-13T12:06:36.000+02:00",
        "reach": null,
        "social": {
            "facebook": {
                "likes": 0,
                "comments": 0,
                "shares": 0
            },
            "gplus": {
                "shares": 0
            },
            "pinterest": {
                "shares": 0
            },
            "linkedin": {
                "shares": 0
            },
            "stumbledupon": {
                "shares": 0
            },
            "vk": {
                "shares": 0
            }
        }
    },
    "uuid": "062cf9ca7244dbbc31654e87b59a7eaa0559c9cb",
    "url": "https://www.newsbreak.com/colorado-state/3335728902197-watch-the-first-five-wolves-reintroduced-into-colorado-s-rocky-mountains",
    "ord_in_thread": 0,
    "parent_url": null,
    "author": "NewsBreak Original",
    "published": "2024-02-16T03:47:00.000+02:00",
    "title": "Watch the First Five Wolves Reintroduced Into Colorado’s Rocky Mountains",
    "text": "In the remarkable and heartwarming video at the bottom of the page, witness the reintroduction of wolves to Colorado’s Rocky Mountains! The touching TikTok video begins on a scene that shows the extreme parameters of this mission! A tranquilized wolf is picked up and lowered out of a helicopter, showing the remoteness of the area! These wolves are being released as far from human activity as possible, to avoid the hunting that led to eradication in the area. The video cuts to the wolf, now wrapped in a blanket, being carefully carried across a field. The caretakers carrying the wolf carefully set it down on the ground before making a final check. Spreading the wolf’s lips to analyze its teeth and breathing, one researcher confirms the wolf is ready for release. The video cuts once more, now showing the wolf waking up within a small cage set outside. The front of the cage is wide open, and the wolf quickly decides to explore the great outdoors that lay before it! Before European colonization, wolves lived in forest across 11,659 People Couldn't Ace This Quiz Think You Can? Take Our A-Z-Animals Wolves Quiz America, including around Colorado’s rocky mountains. The wolves were there first, and farmers must learn to coexist instead of driving wild animals to localized extinction. ©Galyna Andrushko/Shutterstock.com With the first wolf wasting no time in bounding into the surroundings, the video cuts to another wolf in a neighboring cage. This wolf is difficult to see in the shadow, and as it steps out of the cage its full dark black coat helps to explain why! This wolf is just as excited as its friend to explore the world before it, and it sprints in the same direction! Reclaiming their place in the ecosystem of Colorado’s rocky mountains, these five wolves are hopefully the first of many! Wolves play a crucial role in shaping and maintaining healthy ecosystems. This is particularly evident in the continental United States and Canada, where their populations have been heavily reduced. Take Yellowstone National Park, for instance. It is a living testament to the positive impact of wolf reintroduction. As visible in the video at the bottom of the page, Colorado’s Rocky Mountains are at the beginning of the same process of reintroduction! Across different iconic regions, wolves serve as nature’s checks and balances. Gray Wolf in natural habitat eating a captured deer. This is a crucial part of keeping an ecosystem balanced. Without predatory pressures, prey species such as deer can balloon in population. ©Daniel Korzeniewski/Shutterstock.com By preying on species like deer, wolves prevent overgrazing. This averts potential snowball effects on the ecosystem. In Yellowstone, the absence of wolves led to an overabundance of elk. This caused widespread vegetation decline and altered landscapes through erosion. The ripple effects extend beyond iconic locations. Places where wolves haven’t returned still showcase imbalanced ecosystems with unnaturally high populations of certain species. The reintroduction of wolves as predators into an ecosystem actually maintains biodiversity. It also promotes a healthier landscape, demonstrating the interconnectedness of nature. As we delve into the inner workings of ecosystems, it becomes very clear. The presence or absence of predators can make or break an ecosystem! While it might be ‘sad’ that these predators kill to survive, eating animals is part of the cycle of life! Wildlife experts on Monday released five gray wolves in Colorado’s Western Slope, the culmination of years of planning for a program that has stoked political tensions and is likely to lead to conflicts as the predators make the valleys, lakes and peaks of the north-central Rocky Mountains their new home. Video courtesy: Colorado Parks and Wildlife #wolves #wolf #colorado The post Watch the First Five Wolves Reintroduced Into Colorado’s Rocky Mountains appeared first on A-Z Animals .",
    "highlightText": "",
    "highlightTitle": "",
    "highlightThreadTitle": "",
    "language": "english",
    "sentiment": "positive",
    "categories": [
        "Human Interest",
        "Environment"
    ],
    "external_links": [
        "https://a-z-animals.com/animals/location/north-america/canada/?utm_campaign=nb_hosted&utm_source=newsbreak&utm_medium=in_content&utm_content=1292891",
        "https://www.tandfonline.com/doi/abs/10.1080/10871209609359048",
        "https://www.tiktok.com/tag/wolves?refer=embed",
        "https://a-z-animals.com/animals/elk/?utm_campaign=nb_hosted&utm_source=newsbreak&utm_medium=in_content&utm_content=1292891",
        "https://a-z-animals.com/blog/how-old-are-the-rocky-mountains/?utm_campaign=nb_hosted&utm_source=newsbreak&utm_medium=in_content&utm_content=1292891",
        "https://a-z-animals.com/blog/watch-the-first-five-wolves-reintroduced-into-colorados-rocky-mountains/?utm_campaign=nb_hosted&utm_source=newsbreak&utm_medium=feed&utm_content=1292891",
        "https://a-z-animals.com/quiz/wolf-quiz/?from=quiz_cta&utm_campaign=nb_hosted&utm_source=newsbreak&utm_medium=in_content&utm_content=1292891",
        "https://a-z-animals.com/blog/yellowstone-national-park-the-complete-guide/?utm_campaign=nb_hosted&utm_source=newsbreak&utm_medium=in_content&utm_content=1292891",
        "https://www.tiktok.com/tag/wolf?refer=embed",
        "https://a-z-animals.com/animals/deer/?utm_campaign=nb_hosted&utm_source=newsbreak&utm_medium=in_content&utm_content=1292891",
        "https://a-z-animals.com?utm_campaign=nb_hosted&utm_source=newsbreak&utm_medium=feed&utm_content=1292891",
        "https://www.tiktok.com/tag/colorado?refer=embed",
        "https://www.nps.gov/yell/learn/nature/elk.htm",
        "https://a-z-animals.com/animals/location/north-america/united-states/colorado/?utm_campaign=nb_hosted&utm_source=newsbreak&utm_medium=in_content&utm_content=1292891",
        "https://a-z-animals.com/blog/types-of-wolves/?utm_campaign=nb_hosted&utm_source=newsbreak&utm_medium=in_content&utm_content=1292891",
        "https://www.tiktok.com/tag/wolves",
        "https://www.tiktok.com/tag/colorado",
        "https://a-z-animals.com/animals/location/north-america/canada/",
        "https://www.tiktok.com/tag/wolf",
        "https://tiktok.com/tag/wolf?refer=embed",
        "https://a-z-animals.com/quiz/wolf-quiz/",
        "https://www.a-z-animals.com/blog/watch-the-first-five-wolves-reintroduced-into-colorados-rocky-mountains/?utm_campaign=nb_hosted&utm_source=newsbreak&utm_medium=feed&utm_content=1292891",
        "https://a-z-animals.com/animals/elk/",
        "https://www.a-z-animals.com/blog/yellowstone-national-park-the-complete-guide/?utm_campaign=nb_hosted&utm_source=newsbreak&utm_medium=in_content&utm_content=1292891",
        "https://a-z-animals.com/animals/location/north-america/united-states/colorado/",
        "https://tiktok.com/tag/wolves?refer=embed",
        "https://a-z-animals.com/blog/yellowstone-national-park-the-complete-guide/",
        "https://tiktok.com/tag/colorado?refer=embed",
        "https://www.a-z-animals.com/animals/elk/?utm_campaign=nb_hosted&utm_source=newsbreak&utm_medium=in_content&utm_content=1292891",
        "https://a-z-animals.com",
        "https://www.a-z-animals.com?utm_campaign=nb_hosted&utm_source=newsbreak&utm_medium=feed&utm_content=1292891",
        "https://www.a-z-animals.com/blog/types-of-wolves/?utm_campaign=nb_hosted&utm_source=newsbreak&utm_medium=in_content&utm_content=1292891",
        "https://www.a-z-animals.com/animals/location/north-america/canada/?utm_campaign=nb_hosted&utm_source=newsbreak&utm_medium=in_content&utm_content=1292891",
        "https://www.a-z-animals.com/quiz/wolf-quiz/?from=quiz_cta&utm_campaign=nb_hosted&utm_source=newsbreak&utm_medium=in_content&utm_content=1292891",
        "https://a-z-animals.com/animals/deer/",
        "https://nps.gov/yell/learn/nature/elk.htm",
        "https://a-z-animals.com/blog/how-old-are-the-rocky-mountains/",
        "https://a-z-animals.com/blog/types-of-wolves/",
        "https://www.a-z-animals.com/animals/deer/?utm_campaign=nb_hosted&utm_source=newsbreak&utm_medium=in_content&utm_content=1292891",
        "https://tandfonline.com/doi/abs/10.1080/10871209609359048",
        "https://a-z-animals.com/blog/watch-the-first-five-wolves-reintroduced-into-colorados-rocky-mountains/",
        "https://www.a-z-animals.com/animals/location/north-america/united-states/colorado/?utm_campaign=nb_hosted&utm_source=newsbreak&utm_medium=in_content&utm_content=1292891",
        "https://www.a-z-animals.com/blog/how-old-are-the-rocky-mountains/?utm_campaign=nb_hosted&utm_source=newsbreak&utm_medium=in_content&utm_content=1292891"
    ],
    "external_images": [],
    "entities": {
        "persons": [],
        "organizations": [
            {
                "name": "first five wolves reintroduced into colorado",
                "sentiment": "negative"
            }
        ],
        "locations": [
            {
                "name": "rocky mountains",
                "sentiment": "none"
            },
            {
                "name": "colorado",
                "sentiment": "none"
            }
        ]
    },
    "rating": null,
    "crawled": "2024-02-16T04:19:12.730+02:00",
    "updated": "2024-02-16T09:35:25.458+02:00"
}