{
    "thread": {
        "uuid": "4937df44a043b6cf477f25b08281fcf3ab7ba8f6",
        "url": "https://flipboard.com/article/oyster-recovery-a-beacon-of-hope-for-chesapeake-bay/f-345fdfbf67%2Fsouthernmarylandchronicle.co",
        "site_full": "flipboard.com",
        "site": "flipboard.com",
        "site_section": "https://flipboard.com/topic/chesapeakebaymaryland",
        "site_categories": [
            "family_and_parenting",
            "eldercare"
        ],
        "section_title": "Discover More in Chesapeake Bay (Md.) on Flipboard",
        "title": "Oyster Recovery: A Beacon of Hope for Chesapeake Bay | Flipboard",
        "title_full": "Oyster Recovery: A Beacon of Hope for Chesapeake Bay | Flipboard",
        "published": "2024-02-15T22:38:00.000+02:00",
        "replies_count": 0,
        "participants_count": 1,
        "site_type": "news",
        "country": "US",
        "main_image": "https://i0.wp.com/southernmarylandchronicle.com/wp-content/uploads/2024/02/IMG_9326.jpg?fit=1024,576&amp;ssl=1",
        "performance_score": 0,
        "domain_rank": 1218,
        "domain_rank_updated": "2024-02-13T12:06:36.000+02:00",
        "reach": null,
        "social": {
            "facebook": {
                "likes": 0,
                "comments": 0,
                "shares": 0
            },
            "gplus": {
                "shares": 0
            },
            "pinterest": {
                "shares": 0
            },
            "linkedin": {
                "shares": 0
            },
            "stumbledupon": {
                "shares": 0
            },
            "vk": {
                "shares": 0
            }
        }
    },
    "uuid": "4937df44a043b6cf477f25b08281fcf3ab7ba8f6",
    "url": "https://flipboard.com/article/oyster-recovery-a-beacon-of-hope-for-chesapeake-bay/f-345fdfbf67%2Fsouthernmarylandchronicle.co",
    "ord_in_thread": 0,
    "parent_url": null,
    "author": "southernmarylandchronicle.com - David M. Higgins II, Publisher/Editor",
    "published": "2024-02-15T22:38:00.000+02:00",
    "title": "Oyster Recovery: A Beacon of Hope for Chesapeake Bay | Flipboard",
    "text": "Oyster Recovery: A Beacon of Hope for Chesapeake Bay In a pivotal report unveiled by the Chesapeake Bay Foundation (CBF) on February 15, 2023, the critical role of native oyster restoration in combating … [The Southern Maryland Chronicle](/@SoMDChronicle) flipped this story into [The Southern Maryland Chronicle](/@somdchronicle/the-southern-maryland-chronicle-6c4l9lcgz)•7h Related storyboards More stories from [Life Sciences](/topic/lifesciences) [Joe Rogan and Bret Weinstein Promote AIDS Denialism to an Audience of Millions](/topic/lifesciences/joe-rogan-and-bret-weinstein-promote-aids-denialism-to-an-audience-of-millions/a-xLYj_jg6RJGia5pKhLWDDA%3Aa%3A221841707-e896c9e692%2Fvice.com) Weinstein repeated discredited theories to Rogan about HIV not being the cause of AIDS, alarming and infuriating public health experts. Bret Weinstein, the evolutionary biology professor turned podcaster and ivermectin guy, repeated a series of discredited pseudo-theories about AIDS in a recent … [He spent 37 years in prison for murder he didn’t commit, suit says. Now man wins $14M](/topic/lifesciences/he-spent-37-years-in-prison-for-murder-he-didn-t-commit-suit-says-now-man-wins/f-45927b385f%2Ftri-cityherald.com) In the search for a murder suspect, detectives focused on a teenager after a person they interviewed said he and his two friends caused “trouble.” … [Utah Mountain Lion Makes 1,000-Mile Journey to Colorado, Where It’s Killed by Another Cougar](/topic/lifesciences/utah-mountain-lion-makes-1-000-mile-journey-to-colorado-where-it-s-killed-by-an/a-Gy-wwOHOTh-nLOJl3YN1TA%3Aa%3A1943826486-b018b5bb2d%2Foutdoorlife.com) A recent YouTube video shared by the Utah Division of Wildlife Resources shows one GPS-collared mountain lion’s epic journey across the West. The big … Join the flipboard community Discover, collect, and share stories for all your interests [Sign up](/signup) More stories from [Chesapeake Bay](/topic/chesapeakebay) [Chesapeake Bay Passenger Ferry Study Update Presented To St. Mary’s Commissioners](/topic/chesapeakebay/chesapeake-bay-passenger-ferry-study-update-presented-to-st-mary-s-commissioner/f-4fd3556076%2Fthebaynet.com) Photo by ZHANG FENGSHENG on UnsplashLEONARDTOWN, Md. – During the February 13, 2024, St. Mary’s County Board of County Commissioners meeting, the … [City of Annapolis acquires Parlett Moore House next to Elktonia Beach for $1.6 million](/topic/chesapeakebay/city-of-annapolis-acquires-parlett-moore-house-next-to-elktonia-beach-for-1-6-m/a-q5JxOpsfSDqNDR-addTtAA%3Aa%3A3031439798-1bfa557ae4%2Fbaltimoresun.com) The city of Annapolis announced Thursday afternoon it had acquired a home that once belonged to Parlett L. Moore, an educator and former president of … [The Chesapeake Bay Program Gets New Director](/topic/chesapeakebay/the-chesapeake-bay-program-gets-new-director/f-998788fbe7%2Fdelmarvapublicmedia.org) Martha Shimkin: Going Beyond Leave No Trace",
    "highlightText": "",
    "highlightTitle": "",
    "highlightThreadTitle": "",
    "language": "english",
    "sentiment": "positive",
    "categories": [
        "Human Interest",
        "Environment"
    ],
    "external_links": [],
    "external_images": [],
    "entities": {
        "persons": [
            {
                "name": "rogan",
                "sentiment": "none"
            },
            {
                "name": "joe rogan",
                "sentiment": "none"
            },
            {
                "name": "bret weinstein",
                "sentiment": "none"
            },
            {
                "name": "bret-weinstein",
                "sentiment": "none"
            }
        ],
        "organizations": [
            {
                "name": "life sciences",
                "sentiment": "none"
            },
            {
                "name": "bay foundation",
                "sentiment": "none"
            },
            {
                "name": "southern maryland chronicle",
                "sentiment": "none"
            }
        ],
        "locations": [
            {
                "name": "chesapeake",
                "sentiment": "none"
            },
            {
                "name": "chesapeake bay",
                "sentiment": "none"
            }
        ]
    },
    "rating": null,
    "crawled": "2024-02-16T01:07:58.975+02:00",
    "updated": "2024-02-16T01:07:58.975+02:00"
}