{
    "thread": {
        "uuid": "3889c95a71c818669fe80982756dd6cb40406288",
        "url": "https://bnnbreaking.com/sustainability/revolutionizing-sustainable-fashion-eco-friendly-dyeing-and-solar-protection",
        "site_full": "bnnbreaking.com",
        "site": "bnnbreaking.com",
        "site_section": "https://bnn.network/rss",
        "site_categories": [],
        "section_title": "BNN : Latest Posts",
        "title": "Revolutionizing Sustainable Fashion: Eco-Friendly Dyeing and Solar Protection",
        "title_full": "Revolutionizing Sustainable Fashion: Eco-Friendly Dyeing and Solar Protection",
        "published": "2024-02-16T02:23:00.000+02:00",
        "replies_count": 0,
        "participants_count": 1,
        "site_type": "news",
        "country": "IL",
        "main_image": "https://img-cdn.thepublive.com/fit-in/1200x675/bnn/media/media_files/3ceface7654c9f446a22d491610c3a7fb66697b404ec600a09a67de876a6d431.jpg",
        "performance_score": 0,
        "domain_rank": 27879,
        "domain_rank_updated": "2024-02-13T12:06:36.000+02:00",
        "reach": null,
        "social": {
            "facebook": {
                "likes": 0,
                "comments": 0,
                "shares": 0
            },
            "gplus": {
                "shares": 0
            },
            "pinterest": {
                "shares": 0
            },
            "linkedin": {
                "shares": 0
            },
            "stumbledupon": {
                "shares": 0
            },
            "vk": {
                "shares": 0
            }
        }
    },
    "uuid": "3889c95a71c818669fe80982756dd6cb40406288",
    "url": "https://bnnbreaking.com/sustainability/revolutionizing-sustainable-fashion-eco-friendly-dyeing-and-solar-protection",
    "ord_in_thread": 0,
    "parent_url": null,
    "author": "Nasiru Eneji Abdulrasheed",
    "published": "2024-02-16T02:23:00.000+02:00",
    "title": "Revolutionizing Sustainable Fashion: Eco-Friendly Dyeing and Solar Protection",
    "text": "In the realm of sustainable fashion, the quest for eco-friendly solutions has taken a significant leap forward. Researchers and designers are intertwining their expertise to harness the power of nature in textile production. Among the most promising developments are the advancements in eco-friendly dyeing methods applied to organic cotton woven fabrics. This innovative approach not only promises a greener future but also brings forth materials that stand up to the sun's might, offering solar protection for the eco-conscious consumer.\nA Revolution in Textile Dyeing\nAt the heart of this sustainable transformation lies the use of fiber reactive dyes in a meticulously designed closed loop system. This system is not just any run-of-the-mill advancement; it revolutionizes the way we think about fabric production. By recycling water, it addresses one of the textile industry's most persistent environmental challenges. Fabric manufacturing within a 150-mile radius further underscores a commitment to reducing carbon footprints, promoting fair trade, and adhering to farm-to-fabric practices. The resulting cotton spandex blend is not only a testament to sustainable innovation but also ensures breathability and comfort for all seasons.\nEmbracing Nature's Bounty\nAn equally promising sustainable practice involves the use of pineapple leaf fiber, a natural fiber that's making waves in the textile industry. Treated with hydrogen peroxide and adorned with natural dyes, this fiber symbolizes a significant departure from reliance on synthetic materials. The employment of various natural dyes and mordants to achieve an array of shades showcases the versatility and potential of pineapple leaf fiber. Its positive colorfastness properties make it not only attractive but durable. The approach signifies a bold step toward reducing the environmental impact of fabric production and establishing pineapple leaf fiber as a viable alternative to synthetic fibers.\nUnveiling the Impact of Eco-Friendly Dyeing on Solar Protection\nThe intersection of sustainability and functionality shines brightly in the study of how eco-friendly dyeing impacts solar transmittance. Through the application of Kienbaum's setting theory, fabrics were artfully crafted and dyed using natural ingredients like beetroot and walnut leaves. The findings are illuminating; walnut-colored satin samples, with their higher relative fabric density, emerge as champions of solar protection. These fabrics offer a shield against the sun's rays across the entire solar spectrum. It's a revelation that all eco-friendly dyed fabrics confer solar protection, with raw satin fabric excelling as a solar protective material, especially in the IRA region. This research not only reinforces the potential of eco-friendly dyeing methods in enhancing fabric quality but also highlights the importance of weave and fabric density in solar protection.\nIn the quest for sustainability, the textile industry is witnessing a monumental shift. The embrace of eco-friendly dyeing methods and the exploration of natural fibers like pineapple leaf signal a future where fashion and environmental stewardship walk hand in hand. The findings from recent studies underscore the viability of these innovations, not only in reducing environmental impact but in offering consumers fabrics that protect against the sun's harmful rays. As we move forward, the integration of sustainable practices in textile production promises to redefine our relationship with fashion, emphasizing the need for materials that are kind to both the planet and our skin.",
    "highlightText": "",
    "highlightTitle": "",
    "highlightThreadTitle": "",
    "language": "english",
    "sentiment": "positive",
    "categories": [
        "Environment"
    ],
    "external_links": [],
    "external_images": [],
    "entities": {
        "persons": [],
        "organizations": [],
        "locations": []
    },
    "rating": null,
    "crawled": "2024-02-16T04:27:54.247+02:00",
    "updated": "2024-02-16T04:27:54.247+02:00"
}