{
    "thread": {
        "uuid": "7f51c6c3a1211e45c917088ae7e0f78c02aaf23d",
        "url": "https://es.investing.com/news/commodities-news/el-crudo-brent-cierra-con-una-alza-del-154--hasta-8286-dolares-2570589",
        "site_full": "es.investing.com",
        "site": "investing.com",
        "site_section": "https://es.investing.com/news/commodities-news",
        "site_categories": [
            "investing",
            "financial_news",
            "finance"
        ],
        "section_title": "Noticias de materias primas y futuros - Investing.com",
        "title": "El crudo Brent cierra con una alza del 1,54 % hasta 82,86 dólares Por EFE",
        "title_full": "El crudo Brent cierra con una alza del 1,54 % hasta 82,86 dólares Por EFE",
        "published": "2024-02-15T02:00:00.000+02:00",
        "replies_count": 0,
        "participants_count": 1,
        "site_type": "news",
        "country": "ES",
        "main_image": "https://i-invdn-com.investing.com/news/LYNXMPECB60NB_L.jpg",
        "performance_score": 0,
        "domain_rank": 1349,
        "domain_rank_updated": "2024-02-13T12:06:36.000+02:00",
        "reach": null,
        "social": {
            "facebook": {
                "likes": 0,
                "comments": 0,
                "shares": 0
            },
            "gplus": {
                "shares": 0
            },
            "pinterest": {
                "shares": 0
            },
            "linkedin": {
                "shares": 0
            },
            "stumbledupon": {
                "shares": 0
            },
            "vk": {
                "shares": 0
            }
        }
    },
    "uuid": "7f51c6c3a1211e45c917088ae7e0f78c02aaf23d",
    "url": "https://es.investing.com/news/commodities-news/el-crudo-brent-cierra-con-una-alza-del-154--hasta-8286-dolares-2570589",
    "ord_in_thread": 0,
    "parent_url": null,
    "author": "EFE",
    "published": "2024-02-15T02:00:00.000+02:00",
    "title": "El crudo Brent cierra con una alza del 1,54 % hasta 82,86 dólares Por EFE",
    "text": "© Reuters. El crudo Brent cierra con una alza del 1,54 % hasta 82,86 dólares LCO +0,07% Añadir/Eliminar de la cartera Añadir a mi lista de seguimiento Añadir posición Posición añadida con éxito a:\nIntroduzca un nombre para su cartera de posiciones Tipo: Compra Venta Fecha: Cantidad: Precio Valor del punto: Apalancamiento: 1:1 1:10 1:25 1:50 1:100 1:200 1:400 1:500 1:1000 Comisión: Crear una nueva lista de seguimiento Crear Crear nueva cartera de posiciones Añadir Crear + Añadir otra posición Cerrar Londres, 15 feb (.).- El precio del barril de petróleo Brent para entrega en abril cerró este jueves en el mercado de futuros de Londres con un alza del 1,54 %, hasta 82,86 dólares.\nEl crudo del mar del Norte, de referencia en Europa, concluyó la jornada en el International Exchange Futures con un ascenso de 1,26 dólares respecto a la última negociación, cuando acabó en 81,60 dólares.\nEl crudo subió tras divulgarse un informe de la Agencia Internacional de la Energía (AIE) que indica que la demanda global de petróleo se desacelerará este año, con un crecimiento previsto de 1,2 millones de barriles diarios frente al aumento de 2,3 millones de 2023.\nAdemás, la jornada estuvo marcada por los datos oficiales del Producto Interior Bruto (PIB) del Reino Unido, que indican que la economía del país entró en una recesión técnica a finales de 2023 al encadenar dos trimestres consecutivos de contracción.\nEl PIB registró un retroceso del 0,3 % de octubre a diciembre, caída que se sumó a la caída de un 0,1 % entre julio y septiembre, indicó la Oficina nacional de estadísticas (ONS, en inglés).\nNo obstante, la ONS señaló que, pese a registrarse una recesión técnica en el periodo, la economía creció un 0,1 % respecto a 2022.\nEl crudo Brent cierra con una alza del 1,54 % hasta 82,86 dólares",
    "highlightText": "",
    "highlightTitle": "",
    "highlightThreadTitle": "",
    "language": "spanish",
    "sentiment": "positive",
    "categories": [
        "Environment",
        "Economy, Business and Finance"
    ],
    "external_links": [
        "https://invst.ly/13hvlp",
        "http://www.linkedin.com/shareArticle?mini=true&url=https%3A%2F%2Fes.investing.com%2Fnews%2Fcommodities-news%2Fel-crudo-brent-cierra-con-una-alza-del-154--hasta-8286-dolares-2570589&title=El+crudo+Brent+cierra+con+una+alza+del+1%2C54+%25+hasta+82%2C86+d%C3%B3lares&summary=",
        "https://www.facebook.com/sharer/sharer.php?app_id=179222828858436&u=https%3A%2F%2Fes.investing.com%2Fnews%2Fcommodities-news%2Fel-crudo-brent-cierra-con-una-alza-del-154--hasta-8286-dolares-2570589&display=popup&ref=plugin",
        "https://www.facebook.com/sharer/sharer.php",
        "http://www.linkedin.com/shareArticle",
        "https://facebook.com/sharer/sharer.php?app_id=179222828858436&u=https%3A%2F%2Fes.investing.com%2Fnews%2Fcommodities-news%2Fel-crudo-brent-cierra-con-una-alza-del-154--hasta-8286-dolares-2570589&display=popup&ref=plugin",
        "http://linkedin.com/shareArticle?mini=true&url=https%3A%2F%2Fes.investing.com%2Fnews%2Fcommodities-news%2Fel-crudo-brent-cierra-con-una-alza-del-154--hasta-8286-dolares-2570589&title=El+crudo+Brent+cierra+con+una+alza+del+1%2C54+%25+hasta+82%2C86+d%C3%B3lares&summary=",
        "https://www.invst.ly/13hvlp"
    ],
    "external_images": [],
    "entities": {
        "persons": [],
        "organizations": [],
        "locations": []
    },
    "rating": null,
    "crawled": "2024-02-16T01:04:05.480+02:00",
    "updated": "2024-02-16T01:04:05.480+02:00"
}