{
    "thread": {
        "uuid": "b82991b0d5282fbb230bf9e23965ce293f6ead7c",
        "url": "http://business.dailytimesleader.com/dailytimesleader/article/accwirecq-2024-2-16-omega-protein-and-its-fishing-partner-ocean-harvesters-support-louisiana-wildlife-and-fisheries-commission-amended-noi",
        "site_full": "business.dailytimesleader.com",
        "site": "dailytimesleader.com",
        "site_section": "http://business.dailytimesleader.com/dailytimesleader/markets/news",
        "site_categories": [],
        "section_title": "Stock Market News | NSDQ, NYSE, and AMEX Stock Market News, Market News Categories, Market Indicators | User | dailytimesleader.com ",
        "title": "Omega Protein and its Fishing Partner, Ocean Harvesters, Support Louisiana Wildlife and Fisheries Commission Amended NOI | User | dailytimesleader.com",
        "title_full": "Omega Protein and its Fishing Partner, Ocean Harvesters, Support Louisiana Wildlife and Fisheries Commission Amended NOI | User | dailytimesleader.com",
        "published": "2024-02-15T02:00:00.000+02:00",
        "replies_count": 0,
        "participants_count": 1,
        "site_type": "news",
        "country": "US",
        "main_image": "",
        "performance_score": 0,
        "domain_rank": 84869,
        "domain_rank_updated": "2024-02-13T12:06:51.000+02:00",
        "reach": null,
        "social": {
            "facebook": {
                "likes": 0,
                "comments": 0,
                "shares": 0
            },
            "gplus": {
                "shares": 0
            },
            "pinterest": {
                "shares": 0
            },
            "linkedin": {
                "shares": 0
            },
            "stumbledupon": {
                "shares": 0
            },
            "vk": {
                "shares": 0
            }
        }
    },
    "uuid": "b82991b0d5282fbb230bf9e23965ce293f6ead7c",
    "url": "http://business.dailytimesleader.com/dailytimesleader/article/accwirecq-2024-2-16-omega-protein-and-its-fishing-partner-ocean-harvesters-support-louisiana-wildlife-and-fisheries-commission-amended-noi",
    "ord_in_thread": 0,
    "parent_url": null,
    "author": "ACCESSWIRE",
    "published": "2024-02-15T02:00:00.000+02:00",
    "title": "Omega Protein and its Fishing Partner, Ocean Harvesters, Support Louisiana Wildlife and Fisheries Commission Amended NOI | User | dailytimesleader.com",
    "text": "The following was released by Omega Protein and Ocean Harvesters:\nABBEVILLE, LA / ACCESSWIRE / February 15, 2024 / Today, the Louisiana Wildlife and Fisheries Commission (LWFC) unanimously voted to amend its October 2023 Notice of Intent (NOI), reducing the proposed 1-mile coastwide menhaden fishing buffer to a half-mile coastwide buffer. The amended NOI also provides for a 1-mile buffer for menhaden harvesting in the waters off Holly Beach in Cameron Parish, Louisiana.\nOmega Protein and its fishing partner, Ocean Harvesters, support the Commission's decision and look forward to a productive and safe 2024 fishing season, which starts in April.\n\"Although none of the stakeholder groups achieved exactly what they were advocating for, that often makes the best compromise - to achieve an agreement through mutual concessions,\" said Ben Landry, Vice President of Public Affairs for Ocean Harvesters. \"We applaud Governor Jeff Landry, Secretary Madison Sheahan and Louisiana's Wildlife and Fisheries Commission for their hard work to forge a middle ground on this issue, and to amend the original NOI.\"\nMenhaden and the oils they produce are essential to the health of both animals and humans worldwide . Gulf menhaden fisheries are highly regulated to ensure both the highest quality product and the most sustainable harvesting practices. Louisiana and Mississippi state waters have served as a vital workplace for blue-collar fishermen and their families since the mid-20 th century. Many menhaden fishermen are lifers who take great pride in their work and the solid livelihood fishing provides their families.\nAbout Omega Protein and Ocean Harvesters: Omega Protein Corporation is a century old nutritional product company that develops, produces, and delivers healthy products throughout the world to improve the nutritional integrity of foods, dietary supplements, and animal feeds. Omega Protein's mission is to help people lead healthier lives with better nutrition through sustainably sourced ingredients such as highly refined specialty oils, specialty proteins products and nutraceuticals. Omega Protein is a division of Cooke Inc., a family-owned fishery company based in New Brunswick, Canada. The Company operates seven manufacturing facilities located in the United States, Canada, and Europe. The Company also has a long-term supply contract with Ocean Harvesters, which owns 30 vessels which harvest menhaden, a fish abundantly found off the coasts of the Atlantic Ocean and Gulf of Mexico. All fishing vessels formerly owned by Omega Protein are owned and operated by Ocean Harvesters, an independent company. The Company's website is www.omegaprotein.com .\nPress Contact:\nStove Boat Communications\ncontact@stoveboat.com\n(202) 333-2628\nSOURCE: Omega Protein\nView the original press release on accesswire.com\nData & News supplied by www.cloudquote.io\nStock quotes supplied by Barchart\nQuotes delayed at least 20 minutes.\nBy accessing this page, you agree to the following\nPrivacy Policy and Terms and Conditions .",
    "highlightText": "",
    "highlightTitle": "",
    "highlightThreadTitle": "",
    "language": "english",
    "sentiment": "positive",
    "categories": [
        "Environment"
    ],
    "external_links": [
        "https://www.accesswire.com/img.ashx?id=834389",
        "https://www.cloudquote.io",
        "https://www.accesswire.com/imagelibrary/87e4d986-fcae-4156-8e28-7ceaad1c6abd/834389/early-morning-3.jpeg",
        "https://pr.report/VahWgioM",
        "https://www.googletagmanager.com/gtag/js?id=UA-8590502-3",
        "https://www.accesswire.com/834389/omega-protein-and-its-fishing-partner-ocean-harvesters-support-louisiana-wildlife-and-fisheries-commission-amended-noi",
        "https://tracking.newsrpm.com/pixel?slug=accwirecq-2024-2-16-omega-protein-and-its-fishing-partner-ocean-harvesters-support-louisiana-wildlife-and-fisheries-commission-amended-noi",
        "https://www.cloudquote.io/article/5",
        "https://www.cloudquote.io/article/6",
        "https://www.googletagmanager.com/gtag/js",
        "https://cloudquote.io/article/5",
        "https://cloudquote.io/article/6",
        "https://www.pr.report/VahWgioM",
        "https://accesswire.com/img.ashx?id=834389",
        "https://tracking.newsrpm.com/pixel",
        "https://googletagmanager.com/gtag/js?id=UA-8590502-3",
        "https://www.accesswire.com/img.ashx",
        "https://accesswire.com/imagelibrary/87e4d986-fcae-4156-8e28-7ceaad1c6abd/834389/early-morning-3.jpeg",
        "https://cloudquote.io",
        "https://www.tracking.newsrpm.com/pixel?slug=accwirecq-2024-2-16-omega-protein-and-its-fishing-partner-ocean-harvesters-support-louisiana-wildlife-and-fisheries-commission-amended-noi",
        "https://accesswire.com/834389/omega-protein-and-its-fishing-partner-ocean-harvesters-support-louisiana-wildlife-and-fisheries-commission-amended-noi"
    ],
    "external_images": [],
    "entities": {
        "persons": [
            {
                "name": "febru",
                "sentiment": "neutral"
            },
            {
                "name": "madison sheahan",
                "sentiment": "none"
            },
            {
                "name": "jeff landry",
                "sentiment": "none"
            },
            {
                "name": "ben landry",
                "sentiment": "none"
            }
        ],
        "organizations": [
            {
                "name": "fisheries commission",
                "sentiment": "neutral"
            },
            {
                "name": "omega protein",
                "sentiment": "neutral"
            },
            {
                "name": "ocean harvesters",
                "sentiment": "neutral"
            },
            {
                "name": "commission",
                "sentiment": "none"
            },
            {
                "name": "noi",
                "sentiment": "none"
            },
            {
                "name": "public affairs for ocean harvesters",
                "sentiment": "none"
            }
        ],
        "locations": [
            {
                "name": "la",
                "sentiment": "none"
            },
            {
                "name": "louisiana wildlife",
                "sentiment": "none"
            },
            {
                "name": "abbeville",
                "sentiment": "none"
            },
            {
                "name": "holly beach",
                "sentiment": "none"
            },
            {
                "name": "louisiana",
                "sentiment": "none"
            },
            {
                "name": "cameron parish",
                "sentiment": "none"
            }
        ]
    },
    "rating": null,
    "crawled": "2024-02-16T02:45:54.762+02:00",
    "updated": "2024-02-16T02:45:54.762+02:00"
}