{
    "thread": {
        "uuid": "60e02afb7e0bb106c8f5e3bafca9bfae547ad7ac",
        "url": "https://bnnbreaking.com/world/canada/hello-farm-a-pioneer-in-sustainable-agriculture-and-environmental-preservation",
        "site_full": "bnnbreaking.com",
        "site": "bnnbreaking.com",
        "site_section": "https://bnnbreaking.com/feed",
        "site_categories": [],
        "section_title": "BNN : Latest Posts",
        "title": "Hello Farm: A Pioneer in Sustainable Agriculture and Environmental Preservation",
        "title_full": "Hello Farm: A Pioneer in Sustainable Agriculture and Environmental Preservation",
        "published": "2024-02-15T22:11:00.000+02:00",
        "replies_count": 0,
        "participants_count": 1,
        "site_type": "news",
        "country": "IL",
        "main_image": "https://img-cdn.thepublive.com/fit-in/1200x675/bnn/media/media_files/e4223f486b5eefc8bebc5f53a7d0a2369df9aeda992c883c5827b5b8903cedd7.jpg",
        "performance_score": 0,
        "domain_rank": 27879,
        "domain_rank_updated": "2024-02-13T12:06:36.000+02:00",
        "reach": null,
        "social": {
            "facebook": {
                "likes": 0,
                "comments": 0,
                "shares": 0
            },
            "gplus": {
                "shares": 0
            },
            "pinterest": {
                "shares": 0
            },
            "linkedin": {
                "shares": 0
            },
            "stumbledupon": {
                "shares": 0
            },
            "vk": {
                "shares": 0
            }
        }
    },
    "uuid": "60e02afb7e0bb106c8f5e3bafca9bfae547ad7ac",
    "url": "https://bnnbreaking.com/world/canada/hello-farm-a-pioneer-in-sustainable-agriculture-and-environmental-preservation",
    "ord_in_thread": 0,
    "parent_url": null,
    "author": "Sakchi Khandelwal",
    "published": "2024-02-15T22:11:00.000+02:00",
    "title": "Hello Farm: A Pioneer in Sustainable Agriculture and Environmental Preservation",
    "text": "In the heart of Peterborough County, Ontario, a groundbreaking approach to agriculture has not only reshaped a local farm's destiny but has also earned it the prestigious Peterborough Agricultural Innovation Award. At the core of this transformation lies a unique collaboration between traditional Japanese farming techniques and modern environmental science, spearheaded by Ava Richardson and Kiyotami (Zenryu) Owatari of Hello Farm. This duo’s innovative use of biochar, specifically a manganese modified variant, is pioneering a sustainable future in farming, while simultaneously addressing pressing environmental concerns such as landfill leachate treatment.\nInnovative Fusion: Traditional Japanese Techniques Meet Modern Science\nAt Hello Farm, the past and the future coalesce through the adoption of a bicohar chimney, a technology imported from Japan, designed for the production of biochar. This charcoal, derived from plant matter, is revolutionizing the farm's soil, enhancing its fertility and moisture retention capabilities. Owatari, drawing on his heritage, has ingeniously adapted these methods to the Canadian climate and resources, substituting spelt husks for rice husks, and using raw, bacteria-rich wheat bran in place of traditional rice bran. The result? An organic market garden thriving with over 100 varieties of vegetables, many of which pay homage to Asian cuisine, yet flourish on Canadian soil.\nFrom Soil to Science: The Power of Manganese Modified Biochar\nThe story does not end with enhanced crop yields and doubled income for Hello Farm. The same biochar technology, when modified with manganese, has been found to significantly improve the treatment of landfill leachate. This wastewater, a byproduct of the decomposition of organic matter in landfills, poses a significant environmental threat if not properly treated. Studies have shown that manganese loading on biochar not only enhances its catalytic efficiency but also boosts redox properties and electron migration rates. This leads to the production of reactive oxygen species (ROS) during the ozonation process, effectively breaking down pollutants in the leachate. The synergy between this modified biochar and microorganisms present in activated sludge is key to achieving discharge standards, presenting a viable, eco-friendly solution to a global problem.\nA Model for the Future: Sustainable Practices and Economic Growth\nHello Farm's success story is a beacon of hope, demonstrating that sustainable agricultural practices can lead to economic prosperity. By doubling its income through the application of these innovative techniques, the farm stands as a testament to the potential of combining traditional knowledge with modern environmental science. Moreover, the broader application of manganese modified biochar in treating environmental pollutants highlights the potential for this technology to contribute to global sustainability efforts. As Hello Farm continues to grow and inspire, it serves as a model for farms worldwide, proving that innovation, tradition, and environmental stewardship can go hand in hand.\nIn conclusion, the journey of Hello Farm from a traditional organic market garden to a pioneer in environmental science exemplifies the transformative power of innovation. The successful integration of Japanese farming techniques with the cutting-edge application of manganese modified biochar offers a promising path forward for both sustainable agriculture and environmental preservation. As the world grapples with the dual challenges of food security and pollution, the story of Hello Farm shines as a beacon of innovation, resilience, and hope for a sustainable future.",
    "highlightText": "",
    "highlightTitle": "",
    "highlightThreadTitle": "",
    "language": "english",
    "sentiment": "positive",
    "categories": [
        "Environment",
        "Economy, Business and Finance",
        "Science and Technology"
    ],
    "external_links": [],
    "external_images": [],
    "entities": {
        "persons": [
            {
                "name": "ava richardson",
                "sentiment": "none"
            },
            {
                "name": "owatari",
                "sentiment": "none"
            },
            {
                "name": "kiyotami",
                "sentiment": "none"
            }
        ],
        "organizations": [
            {
                "name": "hello farm",
                "sentiment": "none"
            }
        ],
        "locations": [
            {
                "name": "peterborough county",
                "sentiment": "none"
            },
            {
                "name": "ontario",
                "sentiment": "none"
            },
            {
                "name": "japan",
                "sentiment": "none"
            },
            {
                "name": "zenryu",
                "sentiment": "none"
            }
        ]
    },
    "rating": null,
    "crawled": "2024-02-16T00:16:34.895+02:00",
    "updated": "2024-02-16T00:16:34.895+02:00"
}