{
    "thread": {
        "uuid": "b1e34f9ac958d0e17b94b9db6b179709f0fe42d0",
        "url": "https://bnnbreaking.com/sustainability/weaving-a-sustainable-future-joslyn-wests-upcycled-fashion-revolution",
        "site_full": "bnnbreaking.com",
        "site": "bnnbreaking.com",
        "site_section": "https://bnnbreaking.com/feed",
        "site_categories": [],
        "section_title": "BNN : Latest Posts",
        "title": "Weaving a Sustainable Future: Joslyn West's Upcycled Fashion Revolution",
        "title_full": "Weaving a Sustainable Future: Joslyn West's Upcycled Fashion Revolution",
        "published": "2024-02-16T04:32:00.000+02:00",
        "replies_count": 0,
        "participants_count": 1,
        "site_type": "news",
        "country": "IL",
        "main_image": "https://img-cdn.thepublive.com/fit-in/1200x675/bnn/media/media_files/4333785075298fc82de5dbd3145dd78f0c3e6e1d23ed42960d9d18e69ee46994.jpg",
        "performance_score": 0,
        "domain_rank": 27879,
        "domain_rank_updated": "2024-02-13T12:06:36.000+02:00",
        "reach": null,
        "social": {
            "facebook": {
                "likes": 0,
                "comments": 0,
                "shares": 0
            },
            "gplus": {
                "shares": 0
            },
            "pinterest": {
                "shares": 0
            },
            "linkedin": {
                "shares": 0
            },
            "stumbledupon": {
                "shares": 0
            },
            "vk": {
                "shares": 0
            }
        }
    },
    "uuid": "b1e34f9ac958d0e17b94b9db6b179709f0fe42d0",
    "url": "https://bnnbreaking.com/sustainability/weaving-a-sustainable-future-joslyn-wests-upcycled-fashion-revolution",
    "ord_in_thread": 0,
    "parent_url": null,
    "author": "Salman Khan",
    "published": "2024-02-16T04:32:00.000+02:00",
    "title": "Weaving a Sustainable Future: Joslyn West's Upcycled Fashion Revolution",
    "text": "In the bustling heart of San Jose, amidst the thrum of modern life and the chase of the next big trend, Joslyn West is quietly weaving a revolution. Not with loud proclamations or grand gestures, but with the gentle hum of a sewing machine and fabrics that carry stories of yesteryears. West, a visionary clothing designer, has embarked on a journey to transform discarded hand-embroidered tablecloths, vintage Pendleton virgin wool blankets, and forgotten scraps of cashmere sweaters into unique, one-of-a-kind fashion masterpieces. This is a tale not just of creativity and design but of sustainability and hope in a world drowning in textile waste.\nThe Thread of Upcycling\nAt the heart of West's mission is upcycling, a process that breathes new life into materials that would otherwise be condemned to the shadows of landfills. The global fashion industry, a colossus worth an estimated $1.7 trillion, is also a significant contributor to environmental degradation, responsible for over 11 million tons of textile waste each year. In this scenario, West's work emerges as a beacon of sustainability. By meticulously selecting and transforming old, hand-embroidered tablecloths and other discarded fabrics into durable, handmade garments, she not only champions the cause of environmental preservation but also challenges the ethos of fast fashion that prioritizes convenience over care.\nA Tapestry of Creativity and Sustainability\nWest's designs are a testament to the fact that sustainability does not have to come at the cost of creativity. Each piece in her collection tells a story, a narrative woven from the threads of the past and stitched into the fabric of the future. The uniqueness of her approach lies in her ability to see beauty in what is left behind, transforming it into something both beautiful and wearable. It is a meticulous process that involves not just the creative vision to reimagine the potential of each fabric but also the technical skill to bring these visions to life. Her work stands at the intersection of art and ethics, offering consumers a choice that is both aesthetically pleasing and ethically sound.\nStitching Together a Future\nWhat West is crafting in her San Jose studio is more than just clothing; it's a statement, a call to action for both consumers and creators to rethink their relationship with fashion. In a world where the consequences of unchecked consumerism are becoming increasingly untenable, her work offers a glimpse into a different kind of future. It is a future where fashion is sustainable, where creativity is not constrained by the need for newness, and where the stories of the past are not buried under the waste of the present. Through her commitment to upcycling, West is not just designing clothes; she is designing change.\nIn a world teeming with excess and indifference, Joslyn West stands out as a beacon of hope and innovation. By turning discarded fabrics into unique, one-of-a-kind fashion pieces, she is not only challenging the status quo of the global fashion industry but also highlighting a path forward that marries the dual goals of sustainability and creativity. Her work reminds us that change is possible, one stitch at a time, and that the future of fashion could be as bright and sustainable as the very fabrics she so lovingly brings back to life. In the end, West's creations are more than just garments; they are a call to embrace a future where fashion and environmental stewardship walk hand in hand.",
    "highlightText": "",
    "highlightTitle": "",
    "highlightThreadTitle": "",
    "language": "english",
    "sentiment": "positive",
    "categories": [
        "Human Interest",
        "Environment",
        "Arts, Culture and Entertainment"
    ],
    "external_links": [],
    "external_images": [],
    "entities": {
        "persons": [
            {
                "name": "pendleton",
                "sentiment": "none"
            },
            {
                "name": "west",
                "sentiment": "none"
            },
            {
                "name": "joslyn west",
                "sentiment": "none"
            }
        ],
        "organizations": [
            {
                "name": "joslyn west",
                "sentiment": "positive"
            }
        ],
        "locations": [
            {
                "name": "san jose",
                "sentiment": "none"
            },
            {
                "name": "west",
                "sentiment": "none"
            }
        ]
    },
    "rating": null,
    "crawled": "2024-02-16T06:43:15.870+02:00",
    "updated": "2024-02-16T06:43:15.870+02:00"
}