{
    "thread": {
        "uuid": "efbc8815b79ad263f6ca6f699a6f222d8a371b9f",
        "url": "https://bnnbreaking.com/tech/mitsubishis-l100-ev-driving-indonesia-towards-sustainable-urban-mobility",
        "site_full": "bnnbreaking.com",
        "site": "bnnbreaking.com",
        "site_section": "https://bnn.network/rss",
        "site_categories": [],
        "section_title": "BNN : Latest Posts",
        "title": "Mitsubishi's L100 EV: Driving Indonesia Towards Sustainable Urban Mobility",
        "title_full": "Mitsubishi's L100 EV: Driving Indonesia Towards Sustainable Urban Mobility",
        "published": "2024-02-15T23:37:00.000+02:00",
        "replies_count": 0,
        "participants_count": 1,
        "site_type": "news",
        "country": "IL",
        "main_image": "https://img-cdn.thepublive.com/fit-in/1200x675/bnn/media/media_files/a0d8f53102e044bcf664d903241997c7510e1ea7ce94745ded87583e15061fd3.jpg",
        "performance_score": 0,
        "domain_rank": 27879,
        "domain_rank_updated": "2024-02-13T12:06:36.000+02:00",
        "reach": null,
        "social": {
            "facebook": {
                "likes": 0,
                "comments": 0,
                "shares": 0
            },
            "gplus": {
                "shares": 0
            },
            "pinterest": {
                "shares": 0
            },
            "linkedin": {
                "shares": 0
            },
            "stumbledupon": {
                "shares": 0
            },
            "vk": {
                "shares": 0
            }
        }
    },
    "uuid": "efbc8815b79ad263f6ca6f699a6f222d8a371b9f",
    "url": "https://bnnbreaking.com/tech/mitsubishis-l100-ev-driving-indonesia-towards-sustainable-urban-mobility",
    "ord_in_thread": 0,
    "parent_url": null,
    "author": "Dil Bar Irshad",
    "published": "2024-02-15T23:37:00.000+02:00",
    "title": "Mitsubishi's L100 EV: Driving Indonesia Towards Sustainable Urban Mobility",
    "text": "On a bustling morning in Jakarta, a quiet revolution rolls onto the streets, heralding a new chapter in urban mobility for Indonesia. Mitsubishi, a name synonymous with automotive innovation, has unveiled its latest electric marvel - the Minicab-MiEV, now known as the L100 EV. Priced at Rp 320 million ($20,400) during its launch period, this compact kei-car signals Mitsubishi's bold strides into electric vehicle (EV) territory, promising an eco-friendly solution to the archipelago's transportation needs. Assembled with precision at Mitsubishi's Cikarang plant in West Java, this vehicle is not just a testament to technological advancement but a beacon of hope for a greener future.\nA Leap Towards Sustainable Urban Transport\nIndonesia's streets, often congested and choked with pollution, stand on the cusp of transformation with the introduction of the L100 EV. Equipped with a 10 kWh lithium-ion battery, the Minicab-MiEV offers a commendable range of 100 km on a single charge, making it an ideal choice for the city's bustling lanes and narrow alleyways. But the true game-changer lies in its bigger sibling – the L100 EV, boasting a range of up to 180 km, a significant improvement from its predecessors. This leap in efficiency is not just about numbers; it's a reflection of Mitsubishi's commitment to reducing carbon footprints and enhancing urban mobility in one of Southeast Asia's largest markets.\nPartnerships and Government Support: Fueling the Drive for EV Adoption\nThe journey of the L100 EV from concept to concrete reality has been paved with strategic partnerships and government incentives. Mitsubishi has not ventured alone; it has joined forces with giants like Pos Indonesia, Gojek, DHL Supply Chain, and Be Sanur for extensive market testing. These collaborations are not merely trials but a testament to the vehicle's versatility and reliability in fulfilling diverse commercial needs. Further propelling this venture is the Indonesian government's backing, offering a 10% value-added tax waiver for locally manufactured electric vehicles that source at least 40% of their components domestically. This policy not only underscores the nation's commitment to sustainable development but also makes the L100 EV a financially attractive option for businesses and entrepreneurs alike.\nA Future Charged with Possibilities\nThe L100 EV is more than just a vehicle; it's a harbinger of change. With the ability to charge up to 80% in just 42 minutes, it promises minimal downtime and maximum efficiency. But the benefits extend beyond the technical. Mitsubishi claims significant operational cost savings, thanks to the EV's efficient energy consumption and low maintenance needs. This, coupled with its spacious cargo space, better traction, and improved acceleration, presents a compelling case for commercial enterprises to make the switch. It's not just about being eco-friendly; it's about embracing a smarter, more sustainable way of doing business in the heart of Indonesia.\nAs the sun sets on the horizon, casting long shadows over Jakarta's crowded streets, the Minicab-MiEV, now reborn as the L100 EV, continues its silent journey. This electric microvan, conceived in the halls of Mitsubishi Motors Krama Yudha Indonesia assembly facility in Bekasi, is more than just a mode of transport. It's a symbol of Mitsubishi's vision for the future - a future where electric mobility is within reach of every Indonesian, transforming the urban landscape one street at a time. With the support of government policies and strategic partnerships, Mitsubishi's electric dream for Indonesia is slowly but surely becoming a reality, driving the nation towards a cleaner, greener tomorrow.",
    "highlightText": "",
    "highlightTitle": "",
    "highlightThreadTitle": "",
    "language": "english",
    "sentiment": "positive",
    "categories": [
        "Science and Technology",
        "Environment"
    ],
    "external_links": [],
    "external_images": [],
    "entities": {
        "persons": [],
        "organizations": [
            {
                "name": "mitsubishi",
                "sentiment": "negative"
            },
            {
                "name": "cikarang",
                "sentiment": "none"
            }
        ],
        "locations": [
            {
                "name": "jakarta",
                "sentiment": "none"
            },
            {
                "name": "indonesia",
                "sentiment": "none"
            }
        ]
    },
    "rating": null,
    "crawled": "2024-02-16T01:39:37.590+02:00",
    "updated": "2024-02-16T01:39:37.590+02:00"
}