{
    "thread": {
        "uuid": "686011df8c8ee55ac87c2309c07c4eff8a3e11cd",
        "url": "https://www.wtok.com:443/2024/02/16/video-shows-woman-shooing-moose-grocery-cart",
        "site_full": "www.wtok.com",
        "site": "wtok.com",
        "site_section": "https://wtok.com/powernation",
        "site_categories": [
            "media"
        ],
        "section_title": "POWERNATION",
        "title": "Video shows woman shooing moose from grocery cart",
        "title_full": "Video shows woman shooing moose from grocery cart",
        "published": "2024-02-16T03:59:00.000+02:00",
        "replies_count": 0,
        "participants_count": 1,
        "site_type": "news",
        "country": "US",
        "main_image": "https://gray-wtok-prod.cdn.arcpublishing.com/resizer/v2/X67DOSZW7VAO7F2UYQG6S2DQN4.png?auth=d48d8695a4f4183a60132a04cbe1d0f4f9c310920a0630ab18ea2c955e392730&amp;width=1200&amp;height=600&amp;smart=true",
        "performance_score": 0,
        "domain_rank": 64386,
        "domain_rank_updated": "2024-02-13T12:06:46.000+02:00",
        "reach": null,
        "social": {
            "facebook": {
                "likes": 0,
                "comments": 0,
                "shares": 0
            },
            "gplus": {
                "shares": 0
            },
            "pinterest": {
                "shares": 0
            },
            "linkedin": {
                "shares": 0
            },
            "stumbledupon": {
                "shares": 0
            },
            "vk": {
                "shares": 0
            }
        }
    },
    "uuid": "686011df8c8ee55ac87c2309c07c4eff8a3e11cd",
    "url": "https://www.wtok.com:443/2024/02/16/video-shows-woman-shooing-moose-grocery-cart",
    "ord_in_thread": 0,
    "parent_url": null,
    "author": "@wtoktv",
    "published": "2024-02-16T03:59:00.000+02:00",
    "title": "Video shows woman shooing moose from grocery cart",
    "text": "Video shows woman shooing moose from grocery cart ANCHORAGE, Alaska ( [KTUU](https://www.alaskasnewssource.com/2024/02/15/video-shows-anchorage-woman-shooing-moose-grocery-cart/)/Gray News) - Interactions with moose are not an uncommon scene around Alaska, but when they find an interest in groceries, Alaskans just can’t help but whip out their phones. That was the scene on Feb. 10 when an Anchorage woman on a grocery run found herself in a Costco parking lot, caught between her cart full of food and a hungry bull moose. Amber Rotar was the woman trying to shoo the moose away and decided once it became clear he wasn’t budging, she’d whip her phone camera out — with the cart and her car between them, of course. “Thankfully, I didn’t have my kids, so it’s like, I don’t have to worry about not having my children trampled,” Rotar said. “But no, I just tried not to aggravate him.” Rotar posted the video to her [business social media pages](https://www.facebook.com/feedmeak/posts/888920153243184) for Feed Me AK, a meal prep delivery service that she owns and operates. The mother of two was also captured by another bystander across the lot, whose photo made its way onto the usual Facebook group pages, garnering dozens of comments and likes with the caption “Only in Alaska” attached to it. In the photo taken by the other woman, Rotar can be seen holding up a stern finger, pointing at the moose as if giving it a warning. “He came over and stuck his face in my sweet potatoes and was also quite curious about my ... flannel sheets, and then bell peppers,” Rotar said. Rotar tells the moose to “Scooch!” as it peruses her basket of goodies, but once the moose put its ears back — a key sign of agitation in a moose — Rotar takes a step back. “We only got about 9-10 seconds because when his behavior — his ears changed, I decided it was probably more important to focus on him and not on my phone.” Copyright 2024 KTUU via Gray Media Group, Inc. All rights reserved.",
    "highlightText": "",
    "highlightTitle": "",
    "highlightThreadTitle": "",
    "language": "english",
    "sentiment": "positive",
    "categories": [
        "Environment",
        "Human Interest"
    ],
    "external_links": [
        "https://www.alaskasnewssource.com/2024/02/15/video-shows-anchorage-woman-shooing-moose-grocery-cart/)/Gray",
        "https://www.facebook.com/feedmeak/posts/888920153243184)",
        "https://alaskasnewssource.com/2024/02/15/video-shows-anchorage-woman-shooing-moose-grocery-cart/)/Gray",
        "https://facebook.com/feedmeak/posts/888920153243184)"
    ],
    "external_images": [],
    "entities": {
        "persons": [
            {
                "name": "amber rotar",
                "sentiment": "none"
            },
            {
                "name": "rotar",
                "sentiment": "none"
            }
        ],
        "organizations": [
            {
                "name": "ktuu",
                "sentiment": "negative"
            },
            {
                "name": "costco",
                "sentiment": "none"
            }
        ],
        "locations": [
            {
                "name": "anchorage",
                "sentiment": "none"
            },
            {
                "name": "alaska",
                "sentiment": "none"
            },
            {
                "name": "anchorage",
                "sentiment": "none"
            }
        ]
    },
    "rating": null,
    "crawled": "2024-02-16T04:14:05.180+02:00",
    "updated": "2024-02-16T04:14:05.180+02:00"
}