{
    "thread": {
        "uuid": "bca3211bde545836a81f5e9672a5021b709821cb",
        "url": "https://techplanet.today/post/what-are-the-benefits-of-buying-a-junk-car",
        "site_full": "techplanet.today",
        "site": "techplanet.today",
        "site_section": "https://techplanet.today/recent",
        "site_categories": [],
        "section_title": "Recent | TechPlanet",
        "title": "What Are the Benefits of Buying a Junk Car? | TechPlanet",
        "title_full": "What Are the Benefits of Buying a Junk Car? | TechPlanet",
        "published": "2024-02-15T19:31:00.000+02:00",
        "replies_count": 0,
        "participants_count": 0,
        "site_type": "news",
        "country": "IN",
        "main_image": "https://techplanet.today/storage/posts/2024/02/15/73/yrTtBPBIPWO3c4srCNgc498Cusil8AFfC2KC5KHD.jpg",
        "performance_score": 0,
        "domain_rank": 15741,
        "domain_rank_updated": "2024-02-13T12:06:36.000+02:00",
        "reach": null,
        "social": {
            "facebook": {
                "likes": 0,
                "comments": 0,
                "shares": 0
            },
            "gplus": {
                "shares": 0
            },
            "pinterest": {
                "shares": 0
            },
            "linkedin": {
                "shares": 0
            },
            "stumbledupon": {
                "shares": 0
            },
            "vk": {
                "shares": 0
            }
        }
    },
    "uuid": "bca3211bde545836a81f5e9672a5021b709821cb",
    "url": "https://techplanet.today/post/what-are-the-benefits-of-buying-a-junk-car",
    "ord_in_thread": 0,
    "parent_url": null,
    "author": null,
    "published": "2024-02-15T19:31:00.000+02:00",
    "title": "What Are the Benefits of Buying a Junk Car? | TechPlanet",
    "text": "When it comes to acquiring a vehicle, the option of buying a used car presents a multitude of benefits that extend beyond mere cost savings. For residents in Victorville, CA, the availability of reputable Junk Car Buyers adds an extra layer of convenience to this process. In this article, we will delve into the various advantages of opting for a used car and how the services of Junk Car Buyers in Victorville, CA, can further enhance this experience. Cost-Effective Solutions 1. Financial Prudence One of the primary motivations for individuals considering used cars is the significant cost savings they offer. New cars often experience rapid depreciation, losing a substantial portion of their value within the first few years. Used cars, on the other hand, have already undergone this initial depreciation, allowing buyers to enjoy a more cost-effective purchase. This financial prudence aligns seamlessly with the budget-conscious consumer seeking reliable transportation without breaking the bank. 2. Affordable Insurance Rates The cost savings associated with used cars extend beyond the purchase price. Insurance premiums for used vehicles are typically lower than those for brand-new cars. This means that not only is the initial investment more affordable, but the ongoing expenses of owning and maintaining a used car are also considerably reduced. Diverse Selection and Customization 3. Wide Range of Options Choosing a used car opens up a vast array of options, catering to diverse preferences and requirements. Whether you're seeking a compact car for city commuting or a spacious SUV for family adventures, the used car market in Victorville, CA, is sure to have a model that suits your needs. [Junk car buyers in Victorville, CA](https://gallardo.cbsservicesusa.com/junk-car-buyers-apple-valley/), contribute to this variety by offering a diverse range of pre-owned vehicles, ensuring that customers can explore a plethora of choices. 4. Customization Opportunities Unlike purchasing a new car where customization might be limited, buying a used car allows for greater flexibility in personalizing your vehicle. With the money saved on the initial purchase, buyers can invest in modifications or upgrades to tailor the car to their liking. This level of customization can turn a standard used car into a unique and personalized driving experience. Reliability and Certification 5. Established Reliability Modern cars are built to last, and many used cars retain their reliability even after several years on the road. In fact, certain models gain a reputation for their durability and performance over time. By researching the track record of specific makes and models, buyers can confidently select a used car that aligns with their expectations of reliability. 6. Certified Pre-Owned Programs For added peace of mind, many Junk Car Buyers in Victorville, CA, offer certified pre-owned programs. These programs involve a thorough inspection of the vehicle to ensure it meets specific quality standards. By opting for a certified pre-owned car, buyers benefit from extended warranties and additional assurances regarding the vehicle's condition, enhancing the overall reliability of their purchase. Environmental Impact 7. Sustainable Choice Choosing a used car also contributes to environmental sustainability. The production of new vehicles requires significant energy and resources, and manufacturing processes can generate a considerable carbon footprint. By opting for a used car, buyers actively participate in reducing the demand for new vehicle production, contributing to a more sustainable and eco-friendly choice. 8. Minimized Carbon Footprint Beyond the initial manufacturing impact, the carbon footprint associated with used cars is often lower than that of new vehicles. The environmental benefits of reusing existing resources, coupled with the reduced energy consumption in manufacturing, make buying a used car a conscientious choice for those concerned about their ecological impact. Junk Car Buyers in Victorville CA: Simplifying the Process 9. Streamlined Selling Process For those looking to sell their old vehicles, [Cash for Junk Cars in Victorville, CA](https://gallardo.cbsservicesusa.com/cash-for-junk-cars-adelanto/), offers a streamlined and hassle-free selling process. This convenience extends to buyers as well, as these professionals have curated a selection of well-maintained used cars, simplifying the purchasing process. 10. Comprehensive Inspection and Documentation Junk car buyers in Victorville, CA, often conduct comprehensive inspections on the vehicles they acquire. This ensures that buyers receive accurate information about the condition of the used car, making informed decisions. Additionally, the detailed documentation provided by these buyers instills confidence in the buyer regarding the vehicle's history and condition. Conclusion In conclusion, the benefits of buying a used car, especially with the assistance of Junk Car Buyers in Victorville, CA, are numerous. From cost-effective solutions and a diverse selection to reliability and environmental sustainability, the advantages of opting for a pre-owned vehicle extend far beyond financial considerations. Embracing the used car market not only allows individuals to make prudent financial decisions but also contributes to a more sustainable and environmentally conscious approach to transportation. So, the next time you're in the market for a vehicle, consider exploring the options offered by Junk Car Buyers in Victorville, CA, for a well-rounded and advantageous car-buying experience.",
    "highlightText": "",
    "highlightTitle": "",
    "highlightThreadTitle": "",
    "language": "english",
    "sentiment": "positive",
    "categories": [
        "Environment",
        "Economy, Business and Finance",
        "Social Issue"
    ],
    "external_links": [
        "https://gallardo.cbsservicesusa.com/junk-car-buyers-apple-valley/),",
        "https://gallardo.cbsservicesusa.com/cash-for-junk-cars-adelanto/),",
        "https://www.gallardo.cbsservicesusa.com/cash-for-junk-cars-adelanto/),",
        "https://www.gallardo.cbsservicesusa.com/junk-car-buyers-apple-valley/),"
    ],
    "external_images": [],
    "entities": {
        "persons": [],
        "organizations": [],
        "locations": [
            {
                "name": "victorville",
                "sentiment": "none"
            },
            {
                "name": "ca",
                "sentiment": "none"
            }
        ]
    },
    "rating": null,
    "crawled": "2024-02-16T01:37:37.585+02:00",
    "updated": "2024-02-16T01:37:37.585+02:00"
}