{
    "thread": {
        "uuid": "aa35c21d2e6c59086209da0e00587fcd92b70359",
        "url": "https://bnnbreaking.com/politics/australias-leap-into-the-clean-energy-future-a-multibillion-dollar-initiative",
        "site_full": "bnnbreaking.com",
        "site": "bnnbreaking.com",
        "site_section": "https://bnnbreaking.com/feed/",
        "site_categories": [],
        "section_title": "BNN : Latest Posts",
        "title": "Australia's Leap into the Clean Energy Future: A Multibillion-Dollar Initiative",
        "title_full": "Australia's Leap into the Clean Energy Future: A Multibillion-Dollar Initiative",
        "published": "2024-02-15T23:00:00.000+02:00",
        "replies_count": 0,
        "participants_count": 1,
        "site_type": "news",
        "country": "IL",
        "main_image": "https://img-cdn.thepublive.com/fit-in/1200x675/bnn/media/media_files/459aa3c8af316d68728041e04e710163c262498538f8d2a1bbefa531a830bfdc.jpg",
        "performance_score": 0,
        "domain_rank": 27879,
        "domain_rank_updated": "2024-02-13T12:06:36.000+02:00",
        "reach": null,
        "social": {
            "facebook": {
                "likes": 0,
                "comments": 0,
                "shares": 0
            },
            "gplus": {
                "shares": 0
            },
            "pinterest": {
                "shares": 0
            },
            "linkedin": {
                "shares": 0
            },
            "stumbledupon": {
                "shares": 0
            },
            "vk": {
                "shares": 0
            }
        }
    },
    "uuid": "aa35c21d2e6c59086209da0e00587fcd92b70359",
    "url": "https://bnnbreaking.com/politics/australias-leap-into-the-clean-energy-future-a-multibillion-dollar-initiative",
    "ord_in_thread": 0,
    "parent_url": null,
    "author": "Geeta Pillai",
    "published": "2024-02-15T23:00:00.000+02:00",
    "title": "Australia's Leap into the Clean Energy Future: A Multibillion-Dollar Initiative",
    "text": "In a pivotal moment for Australia’s energy landscape, the Albanese government has unveiled a comprehensive plan to propel the nation into the forefront of clean energy development. This ambitious multibillion-dollar initiative is set to revolutionize the way Australia generates power, aiming to place it on par with global leaders in renewable energy. Amidst a backdrop of political debate and international trade shifts, the focus is firmly on embracing the future of energy, away from the shadows of fossil fuels and towards the promise of sustainability and innovation.\nCharting a New Course: Australia’s Clean Energy Ambition\nAt the heart of this transformative agenda is a blend of subsidies and co-investment strategies designed to fast-track the domestic growth of clean energy technologies. The National Reconstruction Fund stands as a testament to the government’s commitment, underwriting renewable energy projects to meet ambitious emission reduction targets. Prime Minister Anthony Albanese has articulated a clear vision for the country, emphasizing the necessity to harness the winds of global economic change. “It’s about seizing opportunities,” he stated, highlighting the dual benefits of environmental stewardship and economic advancement.\nThe initiative is not without its challenges, as the political arena becomes a battleground over the direction of Australia’s energy future. The discourse has been notably punctuated by a clash over the role of nuclear power in the nation’s energy matrix. Independent MP Zali Steggall and Nationals Senate Leader Bridget McKenzie have found themselves at loggerheads, with Steggall dismissing nuclear power as unsuitable for Australia’s needs. Opposition Energy Spokesman Ted O'Brien’s suggestion of considering small modular reactors or a larger reactor at the Liddell site underscores the divergent paths being debated.\nRenewable Transition: A Global Imperative\nThe urgency of the transition to cleaner energy sources is underscored by changing global dynamics, notably in Australia’s relationship with Japan. As Japan shifts away from fossil fuels, reflecting a broader international trend, the demand for gas wanes, spotlighting the risks associated with long-term fossil fuel investments. Both nations have committed to reducing emissions and achieving net zero targets, a move that necessitates a bold leap towards renewable energy.\nThe debate over nuclear power in Australia, framed by Zali Steggall’s criticism of the Coalition’s delay in embracing renewable energy, reflects broader concerns about the pace of transition. With a target to pivot to renewable sources by 2035, the clock is ticking for Australia to redefine its energy strategy. Steggall’s stance is clear: modern technology, not nuclear power, is the future. “The arguments for nuclear are rubbish,” she asserts, emphasizing the need for a swift and decisive move towards renewables.\nNavigating the Waters of Change\nThe debate on Australia’s energy future is more than a mere political skirmish; it is a reflection of the global challenge of transitioning to sustainable energy sources. As countries around the world grapple with the imperatives of climate change and the economic opportunities presented by clean technologies, Australia’s journey underscores the complexities and the potential of embracing change. The Albanese government’s initiative marks a significant step towards reimagining Australia’s energy landscape, but the path forward is fraught with debates over the best route to a sustainable future.\nAs Australia stands at the crossroads of energy policy, the world watches. The decisions made today will not only shape the nation’s environmental legacy but also its economic resilience in the face of global shifts. The move towards clean energy is not just an environmental imperative but a strategic economic opportunity. With the stakes higher than ever, the journey towards a renewable future is a testament to the power of innovation and the indomitable human spirit to rise to the challenges of our time.",
    "highlightText": "",
    "highlightTitle": "",
    "highlightThreadTitle": "",
    "language": "english",
    "sentiment": "positive",
    "categories": [
        "Economy, Business and Finance",
        "Environment"
    ],
    "external_links": [],
    "external_images": [],
    "entities": {
        "persons": [
            {
                "name": "albanese",
                "sentiment": "neutral"
            },
            {
                "name": "anthony albanese",
                "sentiment": "none"
            }
        ],
        "organizations": [
            {
                "name": "national reconstruction fund",
                "sentiment": "none"
            }
        ],
        "locations": [
            {
                "name": "australia",
                "sentiment": "none"
            }
        ]
    },
    "rating": null,
    "crawled": "2024-02-16T01:03:01.611+02:00",
    "updated": "2024-02-16T01:03:01.611+02:00"
}