{
    "thread": {
        "uuid": "0eec3650ede2d29f10d5f2ea2cbd5f04b240e5c3",
        "url": "http://prsync.com/lucintel/lucintel-forecasts-polylactic-acid-market-to-reach--billion-by--4001643",
        "site_full": "prsync.com",
        "site": "prsync.com",
        "site_section": "http://prsync.com/rss/latest/",
        "site_categories": [
            "marketing",
            "financial_news",
            "finance",
            "business"
        ],
        "section_title": "PR sync (Latest)",
        "title": "Lucintel Forecasts Polylactic Acid Market to Reach $7.4 Billion by 2028",
        "title_full": "Lucintel Forecasts Polylactic Acid Market to Reach $7.4 Billion by 2028",
        "published": "2024-02-15T21:07:00.000+02:00",
        "replies_count": 0,
        "participants_count": 0,
        "site_type": "news",
        "country": "US",
        "main_image": "",
        "performance_score": 0,
        "domain_rank": 20910,
        "domain_rank_updated": "2024-02-13T12:06:36.000+02:00",
        "reach": null,
        "social": {
            "facebook": {
                "likes": 0,
                "comments": 0,
                "shares": 0
            },
            "gplus": {
                "shares": 0
            },
            "pinterest": {
                "shares": 0
            },
            "linkedin": {
                "shares": 0
            },
            "stumbledupon": {
                "shares": 0
            },
            "vk": {
                "shares": 0
            }
        }
    },
    "uuid": "0eec3650ede2d29f10d5f2ea2cbd5f04b240e5c3",
    "url": "http://prsync.com/lucintel/lucintel-forecasts-polylactic-acid-market-to-reach--billion-by--4001643",
    "ord_in_thread": 0,
    "parent_url": null,
    "author": null,
    "published": "2024-02-15T21:07:00.000+02:00",
    "title": "Lucintel Forecasts Polylactic Acid Market to Reach $7.4 Billion by 2028",
    "text": "Lucintel Forecasts Polylactic Acid Market to Reach $7.4 Billion by 2028\n[Lucintel](/lucintel/) - Thursday, February 15, 2024.\nAccording to the recent study the\n is projected to reach an estimated $7.4 billion by 2028 from $3.1 billion in 2022, at a CAGR of 15.1% from 2023 to 2028. Growth in this market is primarily driven by increasing government regulation and environment friendly and better mechanical properties as compared to other biopolymers. Polylactic Acid Market\nBrowse 107 figures / charts and 68 tables in this 242 -page report to understand trends, opportunities and forecast in polylactic acid market by product type (PLLA, PDLA, and PDLLA), end use (packaging, bio-medical, textile, agriculture, electronics, and others), raw material (corn starch, sugarcane & sugar beet, cassava, and others), product form (film & sheet, fiber, thermoforming, coating, and others), and region (North America, Europe, Asia Pacific, and the Rest of the World).\nDownload sample by clicking on\n“Packaging market is expected to remain the largest segment during the forecast period.”\nBased on end use industry, the polylactic acid market is segmented into packaging, bio-medical, textile, agriculture, electronics, and others. Lucintel forecasts that the packaging market is expected to remain the largest segment due to its biodegradable properties and favorable government policies.\n“Within the polylactic acid market, the L-Lactic segment is expected to remain the largest product type”\nBased on product type the L-Lactic segment is expected to witness the highest growth over the forecast period due to its increasing usage in packaging, biomedical, textile, and agriculture industry.\n“Europe will dominate the polylactic acid market in near future”\nEurope is expected to remain the largest market and will witness the highest growth over the forecast period supported by stringent government regulations, biodegradable, and mechanical properties.\nNatureworks, Total Corbion, Pyramid Bioplastics, Weforyou, Zhejiang Hisun Group, Jiangsu SUPLA Bioplastic Co. Ltd., Synbra Technology bv, Sulzer, Toray Industries Inc., Futerro are among the major polylactic acid providers.\nThis unique research report will enable you to make confident business decisions in this globally competitive marketplace. For a detailed table of contents, contact Lucintel at +1-972-636-5056 or write us at\nAbout Lucintel\nAt\n, we offer solutions for you growth through Lucintel and robust market & game changer ideas . We are based in Dallas, TX and have been a trusted advisor for 1,000+ clients for over 20 years. We are quoted in several publications like the Wall Street Journal, ZACKS, and the Financial Times. unmet needs analysis\nContact:\nRoy Almaguer\nLucintel\nDallas, Texas, USA\nEmail:\nTel. 972.636.5056\nRelated reports\nAbout Lucintel\nLucintel, the premier global management consulting and market research firm creates winning strategy for growth—whether you need to understand market dynamics, identify new opportunities, or increase your profitability. Lucintel provides cutting-edge decision support services that help you make critical decisions with greater speed, insight, and accuracy.\nContact info\n8951 Cypress Waters Blvd, Suite 160 Dallas, TX 75019, USA Tel: 972-636-5056 Email: helpdesk@lucintel.com",
    "highlightText": "",
    "highlightTitle": "",
    "highlightThreadTitle": "",
    "language": "english",
    "sentiment": "positive",
    "categories": [
        "Economy, Business and Finance",
        "Science and Technology",
        "Environment"
    ],
    "external_links": [
        "https://www.lucintel.com/opportunity-screening.aspx",
        "http://www.lucintel.com/",
        "https://www.lucintel.com/growth-strategy-consulting.aspx",
        "https://www.lucintel.com/polylactic-acid-market.aspx",
        "https://lucintel.com/polylactic-acid-market.aspx",
        "https://lucintel.com/opportunity-screening.aspx",
        "http://www.lucintel.com",
        "http://lucintel.com/",
        "https://lucintel.com/growth-strategy-consulting.aspx"
    ],
    "external_images": [],
    "entities": {
        "persons": [],
        "organizations": [],
        "locations": [
            {
                "name": "asia pacific",
                "sentiment": "none"
            },
            {
                "name": "europe",
                "sentiment": "none"
            },
            {
                "name": "north america",
                "sentiment": "none"
            }
        ]
    },
    "rating": null,
    "crawled": "2024-02-16T00:20:43.399+02:00",
    "updated": "2024-02-16T00:20:43.399+02:00"
}