{
    "thread": {
        "uuid": "a435c8aa35a711daf0e0ac0799ab57f646fc11b0",
        "url": "https://news.griffith.edu.au/2024/02/16/event-innovative-approaches-to-mobilise-high-impact-climate-finance",
        "site_full": "news.griffith.edu.au",
        "site": "griffith.edu.au",
        "site_section": "https://news.griffith.edu.au/rss",
        "site_categories": [
            "graduate_school",
            "education"
        ],
        "section_title": "Griffith News",
        "title": "EVENT | Innovative Approaches to Mobilise High Impact Climate Finance",
        "title_full": "EVENT | Innovative Approaches to Mobilise High Impact Climate Finance",
        "published": "2024-02-15T16:01:00.000+02:00",
        "replies_count": 0,
        "participants_count": 1,
        "site_type": "news",
        "country": "AU",
        "main_image": "https://news.griffith.edu.au/wp-content/uploads/2024/02/Climate-finance-socials.jpg",
        "performance_score": 0,
        "domain_rank": 4842,
        "domain_rank_updated": "2024-02-13T12:06:36.000+02:00",
        "reach": null,
        "social": {
            "facebook": {
                "likes": 0,
                "comments": 0,
                "shares": 0
            },
            "gplus": {
                "shares": 0
            },
            "pinterest": {
                "shares": 0
            },
            "linkedin": {
                "shares": 0
            },
            "stumbledupon": {
                "shares": 0
            },
            "vk": {
                "shares": 0
            }
        }
    },
    "uuid": "a435c8aa35a711daf0e0ac0799ab57f646fc11b0",
    "url": "https://news.griffith.edu.au/2024/02/16/event-innovative-approaches-to-mobilise-high-impact-climate-finance",
    "ord_in_thread": 0,
    "parent_url": null,
    "author": "Kelsey Wotherspoon",
    "published": "2024-02-15T16:01:00.000+02:00",
    "title": "EVENT | Innovative Approaches to Mobilise High Impact Climate Finance",
    "text": "Amidst the escalating threat of climate change, an upcoming event promises to illuminate groundbreaking strategies to mobilize high-impact climate finance. Led by Mara Bún, a prominent figure in sustainable finance, the event will spotlight three pioneering case studies driving tangible progress in the fight against climate change. From the innovative ‘Coal-To-Clean’ Credit Program in Emerging Economies to the ambitious Mongolian 1 Billion Trees Program and the transformative Brazilian Floresta Viva Program, attendees will gain invaluable insights into initiatives reshaping the landscape of climate finance.\nWith Dr. Rob Hales facilitating discussions on innovation and government intervention, the event offers a unique opportunity for stakeholders to explore the intersection of policy, finance, and sustainability. Moreover, participants will have the chance to network with government officials and NGO leaders from South Asia and Mongolia, fostering collaboration and collective action in addressing one of the most pressing challenges of our time.\nSave the date and join the conversation on Friday, 23rd February, 2024 to be at the forefront of driving impactful climate finance strategies.\nRegister here: https://forms.office.com/r/zbSUQUVxSE",
    "highlightText": "",
    "highlightTitle": "",
    "highlightThreadTitle": "",
    "language": "english",
    "sentiment": "positive",
    "categories": [
        "Environment",
        "Economy, Business and Finance"
    ],
    "external_links": [
        "https://forms.office.com/r/zbSUQUVxSE",
        "https://www.forms.office.com/r/zbSUQUVxSE"
    ],
    "external_images": [],
    "entities": {
        "persons": [
            {
                "name": "rob hales",
                "sentiment": "none"
            },
            {
                "name": "mara bún",
                "sentiment": "none"
            }
        ],
        "organizations": [
            {
                "name": "credit program in emerging economies",
                "sentiment": "none"
            },
            {
                "name": "floresta viva program",
                "sentiment": "none"
            }
        ],
        "locations": [
            {
                "name": "mongolia",
                "sentiment": "none"
            },
            {
                "name": "south asia",
                "sentiment": "none"
            }
        ]
    },
    "rating": null,
    "crawled": "2024-02-16T03:07:48.819+02:00",
    "updated": "2024-02-16T03:07:48.819+02:00"
}