{
    "thread": {
        "uuid": "3b36793fca68593e48ac099463fa302a7705bf0f",
        "url": "https://www.perthnow.com.au/entertainment/celebrity/brad-pitt-has-moved-in-with-girlfriend-ines-de-ramon-c-13613336",
        "site_full": "www.perthnow.com.au",
        "site": "perthnow.com.au",
        "site_section": "https://perthnow.com.au/rss",
        "site_categories": [
            "media",
            "cricket",
            "sports"
        ],
        "section_title": "",
        "title": "Brad Pitt ‘has moved in with girlfriend Ines de Ramon’!",
        "title_full": "Brad Pitt ‘has moved in with girlfriend Ines de Ramon’!",
        "published": "2024-02-15T16:06:00.000+02:00",
        "replies_count": 0,
        "participants_count": 1,
        "site_type": "news",
        "country": "AU",
        "main_image": "https://images.perthnow.com.au/publication/C-13613336/2e0eaedbb015031ca3525114eb299233a9e0b766-16x9-x0y317w650h366.jpg?imwidth=1200",
        "performance_score": 0,
        "domain_rank": 8488,
        "domain_rank_updated": "2024-02-13T12:06:36.000+02:00",
        "reach": null,
        "social": {
            "facebook": {
                "likes": 0,
                "comments": 0,
                "shares": 0
            },
            "gplus": {
                "shares": 0
            },
            "pinterest": {
                "shares": 0
            },
            "linkedin": {
                "shares": 0
            },
            "stumbledupon": {
                "shares": 0
            },
            "vk": {
                "shares": 0
            }
        }
    },
    "uuid": "3b36793fca68593e48ac099463fa302a7705bf0f",
    "url": "https://www.perthnow.com.au/entertainment/celebrity/brad-pitt-has-moved-in-with-girlfriend-ines-de-ramon-c-13613336",
    "ord_in_thread": 0,
    "parent_url": null,
    "author": "BANG",
    "published": "2024-02-15T16:06:00.000+02:00",
    "title": "Brad Pitt ‘has moved in with girlfriend Ines de Ramon’!",
    "text": "Brad Pitt is said to be living with his girlfriend Ines de Ramon.\nThe Fight Club actor, 60, was first linked to the jewellery executive, 34, in 2022, and multiple sources have now said the pair have taken the huge step in their relationship.\nAn insider close to Ines told People: “It’s pretty recent. They are going very strong, and she is happier than ever.”\nThe source added Anita Ko vice-president Ines did not give up her own home when she moved in with Brad.\nBrad and Ines first sparked dating rumours in November 2022 when they were spotted looking intimate at a Bono concert in Los Angeles.\nIn December they were seen together at Brad’s 59th birthday and they saw in the New Year together on holiday in Cabo San Lucas.\nThen in August 2023, Ines was spotted wearing a necklace with a ‘B’ pendant, and Brad is said to now introduce her to people as his “girlfriend”.\nCamera Icon\nBrad Pitt and Ines de Ramon celebrate his 60th birthday with friends in Los Angeles. Credit: TheImageDirect.com / TheImageDirect.com Their romance came amid Brad’s bitter legal battle with his ex-wife Angelina Jolie, 48, over the French vineyard they once jointly owned.\nIt also started two months after Ines announced her split from ‘The Vampire Diaries’ actor Paul Wesley, 41, to whom she was married for three years.\nAn insider close to the couple has also confirmed to People they are “serious” about each other, adding: “This is Brad’s first proper relationship since the divorce. He introduces (Ines) as his girlfriend.”\nThey went on: “It’s great to see him in a good place.”\nThe pair travelled to Paris to celebrate Brad’s 60th birthday in December, according to Page Six, which added they checked into the five-star Bulgari Hotel where the outlet was told the duo spent “plenty of one-on-one time hunkered down in their lavish quarters”.\nShare to Facebook\nShare to Twitter\nEmail Us\nCopy the Link",
    "highlightText": "",
    "highlightTitle": "",
    "highlightThreadTitle": "",
    "language": "english",
    "sentiment": "positive",
    "categories": [
        "Environment"
    ],
    "external_links": [],
    "external_images": [],
    "entities": {
        "persons": [
            {
                "name": "brad pitt",
                "sentiment": "positive"
            },
            {
                "name": "ines de ramon",
                "sentiment": "positive"
            },
            {
                "name": "ines",
                "sentiment": "none"
            },
            {
                "name": "bono",
                "sentiment": "none"
            },
            {
                "name": "angelina jolie",
                "sentiment": "none"
            },
            {
                "name": "brad",
                "sentiment": "none"
            },
            {
                "name": "anita ko",
                "sentiment": "none"
            }
        ],
        "organizations": [],
        "locations": [
            {
                "name": "los angeles",
                "sentiment": "none"
            },
            {
                "name": "cabo san lucas",
                "sentiment": "none"
            }
        ]
    },
    "rating": null,
    "crawled": "2024-02-16T03:17:23.147+02:00",
    "updated": "2024-02-16T07:20:38.710+02:00"
}