{
    "thread": {
        "uuid": "7acf7ec75909b786db07e68b942530b0717b687b",
        "url": "https://thefederal.com/category/the-eighth-column/a-bengaluru-park-cubbon-park-green-activists-tree-felling-open-spaces-110119",
        "site_full": "thefederal.com",
        "site": "thefederal.com",
        "site_section": "https://thefederal.com/pricing",
        "site_categories": [
            "media"
        ],
        "section_title": "Pricing ",
        "title": "A Bengaluru park, its heritage and green warriors' desperate attempt to save it",
        "title_full": "A Bengaluru park, its heritage and green warriors' desperate attempt to save it",
        "published": "2024-02-16T03:30:00.000+02:00",
        "replies_count": 0,
        "participants_count": 1,
        "site_type": "news",
        "country": "IN",
        "main_image": "https://thefederal.com/h-upload/2024/02/15/430489-lead-1.webp",
        "performance_score": 0,
        "domain_rank": 82073,
        "domain_rank_updated": "2024-02-13T12:06:51.000+02:00",
        "reach": null,
        "social": {
            "facebook": {
                "likes": 0,
                "comments": 0,
                "shares": 0
            },
            "gplus": {
                "shares": 0
            },
            "pinterest": {
                "shares": 0
            },
            "linkedin": {
                "shares": 0
            },
            "stumbledupon": {
                "shares": 0
            },
            "vk": {
                "shares": 0
            }
        }
    },
    "uuid": "7acf7ec75909b786db07e68b942530b0717b687b",
    "url": "https://thefederal.com/category/the-eighth-column/a-bengaluru-park-cubbon-park-green-activists-tree-felling-open-spaces-110119",
    "ord_in_thread": 0,
    "parent_url": null,
    "author": "Maitreyee Boruah",
    "published": "2024-02-16T03:30:00.000+02:00",
    "title": "A Bengaluru park, its heritage and green warriors' desperate attempt to save it",
    "text": "[Home]() [News](/latest-news) [Analysis](/category/analysis) [States](/category/states/) [North](/category/states/north/) [South](/category/states/south/) [East](/category/states/east/) [West](/category/states/west/) [North-East](/category/states/north-east/) [Perspective](/category/opinion/) [Videos](/category/videos/) [Education](/category/education) [Entertainment](/category/entertainment/) [Elections](/category/elections-2024/) [World Cup 2023](/icc-world-cup-2023) [Features](/category/features/) [Health](/category/health) [Business](/category/business/) [Series]() [Economy Series](/category/economy/) [Earth Day](/category/earth-day/) [Kashmir’s Frozen Turbulence](/category/kashmirs-frozen-turbulence/) [India@75](/category/india75/) [The legend of Ramjanmabhoomi](/category/the-legend-of-ramjanmabhoomi/) [Liberalisation@30](/category/liberalisation30/) [How to tame a dragon](/category/how-to-tame-a-dragon/) [Celebrating biodiversity](/category/celebrating-biodiversity/) [Farm Matters](/category/farm-matters/) [50 days of solitude](/category/50-days-of-solitude/) [Bringing Migrants Home](/category/bringing-migrants-home/) [Budget 2020](/category/budget-2020/) [Jharkhand Votes](/category/jharkhand-votes-series/) [The Federal Investigates](/category/the-federal-investigates/) [The Federal Impact](/category/the-federal-impact/) [Vanishing Sand](/category/vanishing-sand/) [Gandhi @ 150](/category/gandhi-150/) [Andhra Today](/category/andhra-today/) [Field report](/category/field-report/) [Operation Gulmarg](/category/operation-gulmarg/) [Pandemic @1 Mn in India](/category/pandemic-1-mn-in-india/) [The Federal Year-End](/category/the-federal-year-end/) [The Zero Year](/category/the-zero-year/) [Premium](/category/the-eighth-column/) [Science](/category/science) [Brand studio](/brand-studio) Next Story",
    "highlightText": "",
    "highlightTitle": "",
    "highlightThreadTitle": "",
    "language": "english",
    "sentiment": "positive",
    "categories": [
        "Human Interest",
        "Social Issue",
        "Environment"
    ],
    "external_links": [],
    "external_images": [],
    "entities": {
        "persons": [],
        "organizations": [],
        "locations": [
            {
                "name": "north-east",
                "sentiment": "none"
            },
            {
                "name": "kashmir",
                "sentiment": "none"
            }
        ]
    },
    "rating": null,
    "crawled": "2024-02-16T03:48:29.139+02:00",
    "updated": "2024-02-16T03:48:29.139+02:00"
}