{
    "thread": {
        "uuid": "4b7488151aacd1db8c37796201e8effccfeab6ec",
        "url": "https://magicvalley.com/a-new-life-for-plastic-bags/image_58bc0afa-cc51-11ee-a50c-fb9f7f3ad1bf.html",
        "site_full": "magicvalley.com",
        "site": "magicvalley.com",
        "site_section": "http://magicvalley.com/search/?f=rss&amp;t=article&amp;l=50&amp;s=start_time&amp;sd=desc&amp;k%5B%5D=%23topstory",
        "site_categories": [
            "media"
        ],
        "section_title": "magicvalley.com - RSS Results",
        "title": "A new life for plastic bags",
        "title_full": "A new life for plastic bags",
        "published": "2024-02-16T00:27:00.000+02:00",
        "replies_count": 0,
        "participants_count": 1,
        "site_type": "news",
        "country": "US",
        "main_image": "https://bloximages.chicago2.vip.townnews.com/magicvalley.com/content/tncms/assets/v3/editorial/5/8b/58bc0afa-cc51-11ee-a50c-fb9f7f3ad1bf/65ce8fb8c9296.image.jpg?crop=1763%2C926%2C0%2C124&amp;resize=1200%2C630&amp;order=crop%2Cresize",
        "performance_score": 0,
        "domain_rank": 23751,
        "domain_rank_updated": "2024-02-13T12:06:36.000+02:00",
        "reach": null,
        "social": {
            "facebook": {
                "likes": 0,
                "comments": 0,
                "shares": 0
            },
            "gplus": {
                "shares": 0
            },
            "pinterest": {
                "shares": 0
            },
            "linkedin": {
                "shares": 0
            },
            "stumbledupon": {
                "shares": 0
            },
            "vk": {
                "shares": 0
            }
        }
    },
    "uuid": "4b7488151aacd1db8c37796201e8effccfeab6ec",
    "url": "https://magicvalley.com/a-new-life-for-plastic-bags/image_58bc0afa-cc51-11ee-a50c-fb9f7f3ad1bf.html",
    "ord_in_thread": 0,
    "parent_url": null,
    "author": "HANNAH KINSON, TIMES-NEWS",
    "published": "2024-02-16T00:27:00.000+02:00",
    "title": "A new life for plastic bags",
    "text": "A new life for plastic bags HANNAH KINSON, TIMES-NEWS Feb 15, 2024 Feb 15, 2024 Updated 35 mins ago 0 Facebook WhatsApp SMS Print Copy article link Save KD McCombs helps a student sew a quilt Thursday, Feb. 15, 2024, during a project for Random Acts of Kindness Week at White Pine Elementary School in Burley. Students made sleeping mats and pillows out of donated plastic bags to give to the Magic Valley Humanitarian Center for the homeless. HANNAH KINSON, TIMES-NEWS As featured on PHOTOS: Plastic bags get a new life Students made sleeping mats and pillows out of donated plastic bags to give to the Magic Val… Facebook WhatsApp SMS Print Copy article link Save Most Popular 'It was just our time:' Jerome girls top Twin Falls to earn first state tournament berth since 2010 Death notices Former Twin Falls man pleads guilty to lewd conduct Death notices LOVEBIRDS: Meet Jill and Sam Phipps, CSI basketball's married couple Promotions Download our mobile app for a customized experience! Receive our latest headlines in your inbox daily! View All Print Ads Service STANLEY-SAWTOOTH CHAMBER - Ad from 2024-02-10 Feb 10, 2024 Service STANLEY-SAWTOOTH CHAMBER - Ad from 2024-02-13 Feb 13, 2024 Construction Right-A-Way Construction - Ad from 2024-02-15 16 hrs ago Service BURLEY IRRIGATION DIST. -HR - Ad from 2024-02-13 Feb 13, 2024 Office Magic Valley Auction LLC - Ad from 2024-02-10 Feb 10, 2024",
    "highlightText": "",
    "highlightTitle": "",
    "highlightThreadTitle": "",
    "language": "english",
    "sentiment": "positive",
    "categories": [
        "Environment"
    ],
    "external_links": [],
    "external_images": [],
    "entities": {
        "persons": [
            {
                "name": "hannah kinson",
                "sentiment": "negative"
            },
            {
                "name": "sam phipps",
                "sentiment": "none"
            },
            {
                "name": "jerome",
                "sentiment": "none"
            },
            {
                "name": "jill",
                "sentiment": "none"
            }
        ],
        "organizations": [
            {
                "name": "magic valley humanitarian center",
                "sentiment": "none"
            },
            {
                "name": "magic val… facebook",
                "sentiment": "none"
            },
            {
                "name": "white pine elementary school",
                "sentiment": "none"
            },
            {
                "name": "csi",
                "sentiment": "none"
            },
            {
                "name": "facebook",
                "sentiment": "none"
            }
        ],
        "locations": [
            {
                "name": "burley",
                "sentiment": "none"
            }
        ]
    },
    "rating": null,
    "crawled": "2024-02-16T01:05:08.917+02:00",
    "updated": "2024-02-16T01:05:08.917+02:00"
}