{
    "thread": {
        "uuid": "e41d74db7a07a72ecd93aa91abc28afb318de875",
        "url": "https://flipboard.com/article/rare-winged-creature-with-magical-red-body-discovered-as-new-species-in-c/f-9251421183%2Fthestate.co",
        "site_full": "flipboard.com",
        "site": "flipboard.com",
        "site_section": "https://flipboard.com/topic/chinaunitedstatesrelations",
        "site_categories": [
            "family_and_parenting",
            "eldercare"
        ],
        "section_title": "Discover More in China-U.S. Relations on Flipboard",
        "title": "‘Rare’ winged creature — with ‘magical red’ body — discovered as new species in China | Flipboard",
        "title_full": "‘Rare’ winged creature — with ‘magical red’ body — discovered as new species in China | Flipboard",
        "published": "2024-02-15T02:00:00.000+02:00",
        "replies_count": 0,
        "participants_count": 1,
        "site_type": "news",
        "country": "US",
        "main_image": "https://ic-cdn.flipboard.com/miamiherald.com/dfb34ca5e88eabe1968a4890901eabe2a1740933/_medium.png",
        "performance_score": 0,
        "domain_rank": 1218,
        "domain_rank_updated": "2024-02-13T12:06:36.000+02:00",
        "reach": null,
        "social": {
            "facebook": {
                "likes": 0,
                "comments": 0,
                "shares": 0
            },
            "gplus": {
                "shares": 0
            },
            "pinterest": {
                "shares": 0
            },
            "linkedin": {
                "shares": 0
            },
            "stumbledupon": {
                "shares": 0
            },
            "vk": {
                "shares": 0
            }
        }
    },
    "uuid": "e41d74db7a07a72ecd93aa91abc28afb318de875",
    "url": "https://flipboard.com/article/rare-winged-creature-with-magical-red-body-discovered-as-new-species-in-c/f-9251421183%2Fthestate.co",
    "ord_in_thread": 0,
    "parent_url": null,
    "author": "thestate.com - By Aspen Pflughoeft",
    "published": "2024-02-15T02:00:00.000+02:00",
    "title": "‘Rare’ winged creature — with ‘magical red’ body — discovered as new species in China | Flipboard",
    "text": "‘Rare’ winged creature — with ‘magical red’ body — discovered as new species in China Concealed among the leaves of a forest in China was a winged creature with a “magical red” body. The shiny, “metallic” animal was much harder to find … [The State](/@TheState) flipped this story into [National/World News](/@thestate/national-world-news-mr3c61slz)•2h Related storyboards More stories from [Nature](/topic/nature) [Family gets up close with bison at Yellowstone – grandmother pays the price](/topic/nature/family-gets-up-close-with-bison-at-yellowstone-grandmother-pays-the-price/a-aFy2KKcxTrO4FeDu8mwkeg%3Aa%3A35565053-cdc6952822%2Fadvnture.com) Bison are responsible for more injuries than any other animal at Yellowstone National Park, but some visitors still underestimate their speed and … [Cat Befriending Tiny Mouse Instead of Catching It Is Giving Disney Vibes](/topic/nature/cat-befriending-tiny-mouse-instead-of-catching-it-is-giving-disney-vibes/a-j1iTOFYLRHC9RptGth5WwA%3Aa%3A20822154-961813cbeb%2Fparadepets.com) Since the dawn of time, cats and mice have been sworn enemies. Felines are known for catching mice both inside and outside of the homes they live in, … Join the flipboard community Discover, collect, and share stories for all your interests [Sign up](/signup) More stories from [Science](/topic/science) [If Trump Wins, Here’s What He’ll Do on Climate Change](/topic/science/if-trump-wins-here-s-what-he-ll-do-on-climate-change/a-hDdv_ZTkTfmlGRN0Jy7rIA%3Aa%3A3941232565-35cb93e030%2Fheatmap.news) We read the Heritage Foundation’s Project 2025 playbook so you don’t have to. When former President Donald Trump exited the Oval Office in January … [Using this 1 word more often can make you 50% more influential, says Harvard study](/topic/science/using-this-1-word-more-often-can-make-you-50-more-influential-says-harvard-stu/a-b4aAIis0ReesqmLJjmTaww%3Aa%3A2133612304-655fe40596%2Fcnbc.com) Sometimes, it takes a single word — like \"because\" — to change someone's mind. That's according to Jonah Berger, a marketing professor at the Wharton …",
    "highlightText": "",
    "highlightTitle": "",
    "highlightThreadTitle": "",
    "language": "english",
    "sentiment": "positive",
    "categories": [
        "Science and Technology",
        "Environment"
    ],
    "external_links": [],
    "external_images": [],
    "entities": {
        "persons": [],
        "organizations": [
            {
                "name": "yellowstone",
                "sentiment": "none"
            },
            {
                "name": "national/world news",
                "sentiment": "none"
            }
        ],
        "locations": [
            {
                "name": "china",
                "sentiment": "none"
            },
            {
                "name": "yellowstone national park",
                "sentiment": "none"
            }
        ]
    },
    "rating": null,
    "crawled": "2024-02-16T01:08:43.204+02:00",
    "updated": "2024-02-16T01:08:43.204+02:00"
}