{
    "thread": {
        "uuid": "6b0ccb42343000d617b8448777b52ad1dfff3196",
        "url": "https://epocanegocios.globo.com/tecnologia/noticia/2024/02/com-imagens-de-satelite-e-machine-learning-pesquisadores-descobrem-que-recifes-de-coral-da-terra-sao-25percent-maiores.ghtml",
        "site_full": "epocanegocios.globo.com",
        "site": "globo.com",
        "site_section": "https://epocanegocios.globo.com/rss/epocanegocios",
        "site_categories": [
            "tennis",
            "sports"
        ],
        "section_title": "epocanegocios",
        "title": "Com imagens de satélite e machine learning, pesquisadores descobrem que recifes de coral da Terra são 25% maiores | Tecnologia | Época NEGÓCIOS",
        "title_full": "Com imagens de satélite e machine learning, pesquisadores descobrem que recifes de coral da Terra são 25% maiores | Tecnologia | Época NEGÓCIOS",
        "published": "2024-02-15T23:36:00.000+02:00",
        "replies_count": 0,
        "participants_count": 1,
        "site_type": "news",
        "country": "BR",
        "main_image": "https://s2-epocanegocios.glbimg.com/R-RjQNJG030wIpr-KtJvy9c7bc0=/1200x/smart/filters:cover():strip_icc()/i.s3.glbimg.com/v1/AUTH_e536e40f1baf4c1a8bf1ed12d20577fd/internal_photos/bs/2024/u/W/P8TAN4QyG0PN7AkfAJTA/recifeg.jpg",
        "performance_score": 0,
        "domain_rank": 748,
        "domain_rank_updated": "2024-02-13T12:06:36.000+02:00",
        "reach": null,
        "social": {
            "facebook": {
                "likes": 1,
                "comments": 0,
                "shares": 1
            },
            "gplus": {
                "shares": 0
            },
            "pinterest": {
                "shares": 0
            },
            "linkedin": {
                "shares": 0
            },
            "stumbledupon": {
                "shares": 0
            },
            "vk": {
                "shares": 0
            }
        }
    },
    "uuid": "6b0ccb42343000d617b8448777b52ad1dfff3196",
    "url": "https://epocanegocios.globo.com/tecnologia/noticia/2024/02/com-imagens-de-satelite-e-machine-learning-pesquisadores-descobrem-que-recifes-de-coral-da-terra-sao-25percent-maiores.ghtml",
    "ord_in_thread": 0,
    "parent_url": null,
    "author": "globo.com",
    "published": "2024-02-15T23:36:00.000+02:00",
    "title": "Com imagens de satélite e machine learning, pesquisadores descobrem que recifes de coral da Terra são 25% maiores | Tecnologia | Época NEGÓCIOS",
    "text": "Vista aérea da Grande Barreira de Corais — Foto: Holger Leue / Lonely Planet Images/Getty Images Pesquisadores da Universidade de Queensland, na Austrália , descobriram que os recifes de coral do mundo são cerca de 25% maiores do que o imaginado. Ao utilizar imagens de satélite, tecnologia de machine learning e conhecimento do terreno de uma rede global de pessoas que vivem e trabalham nestes locais, os cientistas encontraram mais 64 mil km² de recifes de coral – uma área do tamanho da Irlanda.\nPesquisadores utilizaram tecnologia para mapear recifes de corais; na foto, recife de coral na Polinésia, subregião da Oceania — Foto: Getty Images Veja Mais Segundo artigo publicado pelos pesquisadores no Science Alert , isto eleva a área total dos recifes rasos do planeta (ou seja, de 0 a 20 metros de profundidade) para 348 mil km² – o tamanho da Alemanha. Nesta conta, entram ecossistemas inteiros de recifes de coral, desde lagoas com fundo arenoso com um pouco de coral, até planícies de escombros de coral e paredes vivas de coral.\nRecifes de coral em Queensland — Foto: Queensland University \"Você pode se perguntar por que estamos descobrindo isso agora. Já não sabíamos onde estão os recifes do mundo? Anteriormente, tínhamos que extrair dados de muitas fontes diferentes, o que tornava mais difícil determinar com certeza a extensão dos recifes de coral. Mas agora temos dados de satélite de alta resolução que cobrem o mundo inteiro, e somos capazes de ver recifes até 30 metros de profundidade\", explicam Mitchell Lyons , pesquisador de pós-doutorado e Stuart Phinn , professor de Geografia da instituição australiana, responsáveis pelo levantamento.\nCorais na área de Queensland, Austrália — Foto: Queensland University A combinação das imagens de satélite com observações diretas e registros de recifes de coral de mais de 400 indivíduos e organizações gerou o primeiro mapa abrangente do mundo da extensão dos recifes de coral e sua composição, produzido por meio do Allen Coral Atlas .\nOnde está o coral escondido?\nNo infográfico abaixo, o vermelho indica o coral recém-detectado em recifes no extremo norte de Queensland, na Austrália.\nInfográfico mostra o coral recém-detectado — Foto: Allen Coral Atlas, CC BY-SA \"É um momento crucial para os recifes de coral do mundo. Estamos descobrindo toda a extensão dos recifes de águas pouco profundas – enquanto outros investigadores descobrindo novos e grandes recifes de corais negros em águas mais profundas. Estes mapas podem ajudar a conduzir a mudanças no mundo real, na preservação dessas maravilhas da biodiversidade\", concluem os pesquisadores.\nQuer conferir os conteúdos exclusivos de Época NEGÓCIOS ? Tenha acesso à versão digital .\nSiga a Epoca Negócios: Mais recente Próxima Celular Seguro: mais de 2 mil aparelhos são bloqueados no Carnaval; veja balanço",
    "highlightText": "",
    "highlightTitle": "",
    "highlightThreadTitle": "",
    "language": "portuguese",
    "sentiment": "positive",
    "categories": [
        "Environment",
        "Human Interest",
        "Science and Technology"
    ],
    "external_links": [
        "http://bit.ly/época_negócios_assine",
        "https://s2-epocanegocios.glbimg.com/kiq9urkHW_5G2C5ythpD4XZjirM=/0x0:642x300/600x0/smart/filters:strip_icc()/i.s3.glbimg.com/v1/AUTH_e536e40f1baf4c1a8bf1ed12d20577fd/internal_photos/bs/2024/O/7/Bv9l9bQXqhcO5VnZXtIA/whatsapp-image-2024-02-15-at-15.51.52.jpeg",
        "https://s2-epocanegocios.glbimg.com/7ytBgMitb7COqUNdo6rRuo8WyYU=/0x0:642x300/984x0/smart/filters:strip_icc()/i.s3.glbimg.com/v1/AUTH_e536e40f1baf4c1a8bf1ed12d20577fd/internal_photos/bs/2024/O/7/Bv9l9bQXqhcO5VnZXtIA/whatsapp-image-2024-02-15-at-15.51.52.jpeg",
        "https://s2-epocanegocios.glbimg.com/fR0oHM1bbEaG-2B8sIavzRu-Xa0=/0x0:642x300/640x0/smart/filters:strip_icc()/i.s3.glbimg.com/v1/AUTH_e536e40f1baf4c1a8bf1ed12d20577fd/internal_photos/bs/2024/O/7/Bv9l9bQXqhcO5VnZXtIA/whatsapp-image-2024-02-15-at-15.51.52.jpeg",
        "https://www.linkedin.com/showcase/epocanegocios/",
        "https://s2-epocanegocios.glbimg.com/qA5MYtiXwlED9cEJyMXcJCLKey4=/0x0:642x300/1000x0/smart/filters:strip_icc()/i.s3.glbimg.com/v1/AUTH_e536e40f1baf4c1a8bf1ed12d20577fd/internal_photos/bs/2024/O/7/Bv9l9bQXqhcO5VnZXtIA/whatsapp-image-2024-02-15-at-15.51.52.jpeg",
        "https://www.instagram.com/epocanegocios/",
        "https://twitter.com/epocanegocios",
        "https://allencoralatlas.org/",
        "https://www.youtube.com/c/%C3%89pocaNEG%C3%93CIOSRevista/featured",
        "https://www.sciencealert.com/earths-coral-reefs-are-far-bigger-than-we-thought-satellite-imagery-reveals",
        "https://www.facebook.com/epocanegocios/",
        "https://www.s2-epocanegocios.glbimg.com/kiq9urkHW_5G2C5ythpD4XZjirM=/0x0:642x300/600x0/smart/filters:strip_icc()/i.s3.glbimg.com/v1/AUTH_e536e40f1baf4c1a8bf1ed12d20577fd/internal_photos/bs/2024/O/7/Bv9l9bQXqhcO5VnZXtIA/whatsapp-image-2024-02-15-at-15.51.52.jpeg",
        "https://www.facebook.com/epocanegocios",
        "http://www.bit.ly/época_negócios_assine",
        "https://youtube.com/c/%C3%89pocaNEG%C3%93CIOSRevista/featured",
        "https://www.s2-epocanegocios.glbimg.com/fR0oHM1bbEaG-2B8sIavzRu-Xa0=/0x0:642x300/640x0/smart/filters:strip_icc()/i.s3.glbimg.com/v1/AUTH_e536e40f1baf4c1a8bf1ed12d20577fd/internal_photos/bs/2024/O/7/Bv9l9bQXqhcO5VnZXtIA/whatsapp-image-2024-02-15-at-15.51.52.jpeg",
        "https://www.s2-epocanegocios.glbimg.com/7ytBgMitb7COqUNdo6rRuo8WyYU=/0x0:642x300/984x0/smart/filters:strip_icc()/i.s3.glbimg.com/v1/AUTH_e536e40f1baf4c1a8bf1ed12d20577fd/internal_photos/bs/2024/O/7/Bv9l9bQXqhcO5VnZXtIA/whatsapp-image-2024-02-15-at-15.51.52.jpeg",
        "https://www.s2-epocanegocios.glbimg.com/qA5MYtiXwlED9cEJyMXcJCLKey4=/0x0:642x300/1000x0/smart/filters:strip_icc()/i.s3.glbimg.com/v1/AUTH_e536e40f1baf4c1a8bf1ed12d20577fd/internal_photos/bs/2024/O/7/Bv9l9bQXqhcO5VnZXtIA/whatsapp-image-2024-02-15-at-15.51.52.jpeg",
        "https://allencoralatlas.org",
        "https://linkedin.com/showcase/epocanegocios/",
        "https://sciencealert.com/earths-coral-reefs-are-far-bigger-than-we-thought-satellite-imagery-reveals",
        "https://www.twitter.com/epocanegocios",
        "https://www.instagram.com/epocanegocios",
        "https://www.allencoralatlas.org/",
        "https://facebook.com/epocanegocios/",
        "https://www.linkedin.com/showcase/epocanegocios",
        "https://instagram.com/epocanegocios/"
    ],
    "external_images": [],
    "entities": {
        "persons": [],
        "organizations": [],
        "locations": []
    },
    "rating": null,
    "crawled": "2024-02-16T02:29:50.713+02:00",
    "updated": "2024-02-16T02:29:50.713+02:00"
}