{
    "thread": {
        "uuid": "d23505af0b2a80ee8ccd946c4840177238f5c872",
        "url": "https://www.theleader.com.au/story/8495231/anglers-club-at-taren-point-goes-solar",
        "site_full": "www.theleader.com.au",
        "site": "theleader.com.au",
        "site_section": "http://www.camdenadvertiser.com.au/rss.xml",
        "site_categories": [
            "media"
        ],
        "section_title": "St George &amp; Sutherland Shire Leader - Local News",
        "title": "Fishing club goes 100% solar in first for Sutherland Shire Council",
        "title_full": "Fishing club goes 100% solar in first for Sutherland Shire Council",
        "published": "2024-02-15T14:05:00.000+02:00",
        "replies_count": 0,
        "participants_count": 1,
        "site_type": "news",
        "country": "AU",
        "main_image": "https://www.theleader.com.au/images/transform/v1/crop/frm/m9vLL79wG9rkYqcLgNT6gJ/65e1a6e8-2355-4333-a6a3-247df9baf31b.jpg/r0_87_1000_612_w1200_h630_fmax.jpg",
        "performance_score": 0,
        "domain_rank": 71375,
        "domain_rank_updated": "2024-02-13T12:06:46.000+02:00",
        "reach": null,
        "social": {
            "facebook": {
                "likes": 0,
                "comments": 0,
                "shares": 0
            },
            "gplus": {
                "shares": 0
            },
            "pinterest": {
                "shares": 0
            },
            "linkedin": {
                "shares": 0
            },
            "stumbledupon": {
                "shares": 0
            },
            "vk": {
                "shares": 0
            }
        }
    },
    "uuid": "d23505af0b2a80ee8ccd946c4840177238f5c872",
    "url": "https://www.theleader.com.au/story/8495231/anglers-club-at-taren-point-goes-solar",
    "ord_in_thread": 0,
    "parent_url": null,
    "author": "Murray Trembath",
    "published": "2024-02-15T14:05:00.000+02:00",
    "title": "Fishing club goes 100% solar in first for Sutherland Shire Council",
    "text": "An anglers' clubhouse at Taren Point is the first of Sutherland Shire Council's many properties to switch entirely to renewable energy. Twenty-two rooftop solar panels and battery back-up system have been installed on the building used by St George and Sutherland Shire Anglers Club. Mayor Carmelo Pesce said, with the council committed to ensuring all its operations are carbon neutral by 2030, shire residents could expect to see a greater reliance on renewable energy across its facilities in the near future. \"While the conversion of the anglers club to off-grid solar-power is just a drop in the ocean in terms of the overall energy usage across all council facilities, this is bound to have a ripple effect as more and more of our facilities gradually make the switch,\" he said. \"Not only does this solution ensure a reliable and sustainable power source for the anglers club, but it also reduces council's overall carbon footprint and serves as a model for future sustainable developments across the Sutherland Shire.\" The council expects annual power cost savings of $2000. Club president Simon Gosby, said, \"We're a low-cost club that relies on fund raising and volunteer work to help maintain the club. \"We're beyond pleased with the result of going solar powered. \"The club no longer receives electricity bills and the money saved can go back into the club, directly benefiting members. \"The club is a social place for members and is well-used by the community, with close to 200 members. We provide a range of activities including fishing days for kids and retirees, many of whom come from neighbouring Woolooware Shores.\" Sign up for our newsletter to stay up to date. We care about the protection of your data. Read our [Privacy Policy](/privacy/).",
    "highlightText": "",
    "highlightTitle": "",
    "highlightThreadTitle": "",
    "language": "english",
    "sentiment": "positive",
    "categories": [
        "Environment"
    ],
    "external_links": [],
    "external_images": [],
    "entities": {
        "persons": [
            {
                "name": "carmelo pesce",
                "sentiment": "none"
            },
            {
                "name": "st george",
                "sentiment": "none"
            },
            {
                "name": "sim",
                "sentiment": "none"
            }
        ],
        "organizations": [
            {
                "name": "sutherland shire council",
                "sentiment": "negative"
            },
            {
                "name": "sutherland shire anglers club",
                "sentiment": "none"
            }
        ],
        "locations": [
            {
                "name": "taren point",
                "sentiment": "none"
            },
            {
                "name": "sutherland shire",
                "sentiment": "none"
            }
        ]
    },
    "rating": null,
    "crawled": "2024-02-16T01:17:22.572+02:00",
    "updated": "2024-02-16T01:40:09.092+02:00"
}