{
    "thread": {
        "uuid": "28193c08f14feca3593e3cdfbd3407733f460caa",
        "url": "https://vnexplorer.net/rwandas-mining-sector-remains-a-source-of-potential-and-progress-s1543107.html",
        "site_full": "vnexplorer.net",
        "site": "vnexplorer.net",
        "site_section": "https://vnexplorer.net/feed",
        "site_categories": [
            "health",
            "cold_and_flu"
        ],
        "section_title": "Verified News Explorer Channel - VNExplorer",
        "title": "Rwanda’s mining sector remains a source of potential and progress",
        "title_full": "Rwanda’s mining sector remains a source of potential and progress",
        "published": "2024-02-16T02:43:00.000+02:00",
        "replies_count": 0,
        "participants_count": 1,
        "site_type": "news",
        "country": "US",
        "main_image": "",
        "performance_score": 0,
        "domain_rank": 51153,
        "domain_rank_updated": "2024-02-13T12:06:46.000+02:00",
        "reach": null,
        "social": {
            "facebook": {
                "likes": 0,
                "comments": 0,
                "shares": 0
            },
            "gplus": {
                "shares": 0
            },
            "pinterest": {
                "shares": 0
            },
            "linkedin": {
                "shares": 0
            },
            "stumbledupon": {
                "shares": 0
            },
            "vk": {
                "shares": 0
            }
        }
    },
    "uuid": "28193c08f14feca3593e3cdfbd3407733f460caa",
    "url": "https://vnexplorer.net/rwandas-mining-sector-remains-a-source-of-potential-and-progress-s1543107.html",
    "ord_in_thread": 0,
    "parent_url": null,
    "author": "VNExplorer",
    "published": "2024-02-16T02:43:00.000+02:00",
    "title": "Rwanda’s mining sector remains a source of potential and progress",
    "text": "The achievement of Rwanda in recording a significant one billion dollar revenue from mineral exports is undoubtedly a moment worth celebrating. Figures released on Thursday by Rwanda Mines and Petroleum Board indicate that last year (2023) the country earned more than $1.1 billion, up from the $772 million recorded in 2022. This milestone not only demonstrates the country’s growing mining sector but also underscores the vast potential that lies within its mineral resources, which are still largely untapped. ALSO READ: Rwanda’s mineral exports rake in record high $1bn in 2023 The time is ripe for Rwanda to leverage this success and propel the mining industry to new heights through strategic private investments. Private investment holds the key to unlocking the untapped potential of Rwanda’s mining sector. ALSO READ: Rwf2bn disbursed to communities through mining revenue sharing scheme By encouraging and fostering a conducive environment for private investors, Rwanda can further enhance the infrastructure, technology, and overall efficiency of its mining operations. Private stakeholders can bring in not only capital but also specialized expertise that can contribute to sustainable growth and expansion of the sector. Furthermore, the transition from artisanal mining to more technologically advanced and sustainable practices is essential for Rwanda’s mining industry to thrive in the modern era. Embracing technology can significantly improve efficiency, safety, and environmental sustainability while also increasing the overall output and quality of mineral extraction. ALSO READ: Govt cracks down on 100 illegal mines Environmental conservation should remain a top priority as Rwanda’s mining sector continues to expand. It is incumbent upon the authorities and industry stakeholders to implement stringent measures to protect the environment, minimize ecological footprint, and mitigate any potential adverse effects of mining activities. This can be achieved through responsible mining practices, reclamation of mined areas, and adherence to strict environmental regulations. The success of Rwanda’s mining sector provides an opportune moment to attract private investment to further unleash its potential. The nation stands at the threshold of remarkable progress, and it is imperative to capitalize on this momentum to ensure the long-term success of the mining sector. ALSO READ: Government warns illegal miners as five die in mining accident in Ngororero The moment is therefore now for all stakeholders to seize this moment and work towards a future where Rwanda’s mining industry not only flourishes economically but also stands as a paragon of sustainable and responsible practices.\nProvided by SyndiGate Media Inc. (Syndigate.info).",
    "highlightText": "",
    "highlightTitle": "",
    "highlightThreadTitle": "",
    "language": "english",
    "sentiment": "positive",
    "categories": [
        "Environment",
        "Economy, Business and Finance",
        "Social Issue"
    ],
    "external_links": [],
    "external_images": [],
    "entities": {
        "persons": [],
        "organizations": [
            {
                "name": "rwanda mines and petroleum board",
                "sentiment": "none"
            }
        ],
        "locations": [
            {
                "name": "rwanda",
                "sentiment": "none"
            }
        ]
    },
    "rating": null,
    "crawled": "2024-02-16T02:49:34.156+02:00",
    "updated": "2024-02-16T02:49:34.156+02:00"
}