{
    "thread": {
        "uuid": "205cc44201cf39893982405dc301331268951491",
        "url": "https://bnnbreaking.com/tech/democrats-propose-connect-the-grid-act-a-bold-step-towards-energy-reliability-and-sustainability-in-texas",
        "site_full": "bnnbreaking.com",
        "site": "bnnbreaking.com",
        "site_section": "https://bnnbreaking.com/rss",
        "site_categories": [],
        "section_title": "BNN : Latest Posts",
        "title": "Democrats Propose Connect the Grid Act: A Bold Step towards Energy Reliability and Sustainability in Texas",
        "title_full": "Democrats Propose Connect the Grid Act: A Bold Step towards Energy Reliability and Sustainability in Texas",
        "published": "2024-02-16T03:14:00.000+02:00",
        "replies_count": 0,
        "participants_count": 1,
        "site_type": "news",
        "country": "IL",
        "main_image": "https://img-cdn.thepublive.com/fit-in/1200x675/bnn/media/media_files/c47cd6863d72146af8da5551e1c23f37293fac4a371e106787f02af8638ed06c.jpg",
        "performance_score": 0,
        "domain_rank": 27879,
        "domain_rank_updated": "2024-02-13T12:06:36.000+02:00",
        "reach": null,
        "social": {
            "facebook": {
                "likes": 0,
                "comments": 0,
                "shares": 0
            },
            "gplus": {
                "shares": 0
            },
            "pinterest": {
                "shares": 0
            },
            "linkedin": {
                "shares": 0
            },
            "stumbledupon": {
                "shares": 0
            },
            "vk": {
                "shares": 0
            }
        }
    },
    "uuid": "205cc44201cf39893982405dc301331268951491",
    "url": "https://bnnbreaking.com/tech/democrats-propose-connect-the-grid-act-a-bold-step-towards-energy-reliability-and-sustainability-in-texas",
    "ord_in_thread": 0,
    "parent_url": null,
    "author": "Quadri Adejumo",
    "published": "2024-02-16T03:14:00.000+02:00",
    "title": "Democrats Propose Connect the Grid Act: A Bold Step towards Energy Reliability and Sustainability in Texas",
    "text": "In a pivotal move to safeguard the future of electricity in Texas, Democratic lawmakers have put forward a groundbreaking proposal aimed at revolutionizing the state's power grid. The initiative, spearheaded by U.S. Rep Greg Casar, introduces the Connect the Grid Act, which could mark the beginning of a new era for energy reliability and sustainability in the state. At the heart of this legislative effort is a plan to integrate the Texas grid, operated by the Electric Reliability Council of Texas (ERCOT), with the broader federal power network. This ambitious strategy promises not only to enhance the resilience of Texas's electric system but also to usher in significant economic and environmental benefits.\nUnveiling the Grid of Tomorrow\nThe proposed bill is more than just a technical adjustment; it's a visionary leap towards a more interconnected and dynamic energy landscape. By facilitating the exchange of power across state lines, Texas aims to tap into a vast reservoir of energy resources. During peak demand, the state could draw additional power from its neighbors, mitigating the risk of shortages that have previously led to catastrophic blackouts, such as the one experienced in 2021. Conversely, in times of surplus, Texas could sell excess power, generating revenue and stabilizing the market. But the bill's ambitions extend further, challenging the status quo by proposing to strip ERCOT of its regulatory authority in a bid to streamline operations and enhance oversight.\nA Path to Renewable Prosperity\nEnergy expert Ed Hirs underscores the necessity of this transition, advocating for incentives to maintain legacy power plants during the grid's evolution towards renewable sources. This approach not only addresses immediate reliability concerns but also aligns with the broader vision of unlocking Texas's renewable energy potential. The Connect the Grid Act is poised to catalyze this transformation by mandating new interconnections with neighboring grids such as the Southwest Power Pool, MISO, and the Western Interconnection. Such a move is expected to lower power costs for consumers, reduce energy scarcity, and ultimately save Texans approximately $4 billion over the next dozen years.\nStrengthening the Backbone of America's Energy\nParallel to the legislative developments in Texas, Siemens Energy is spearheading a significant expansion in Charlotte, North Carolina, to combat the national shortage of large power transformers (LPTs) - a critical component in the US power grid. This expansion is not just a response to an immediate need; it's a strategic investment in the future of American energy. With the US embarking on a $2 trillion journey to revamp its grid by 2050, the initiative by Siemens Energy is a testament to the urgent need for infrastructure that can support the burgeoning demand for renewable energy. The project promises to create hundreds of jobs and enhance the reliability and security of the national grid, marking a pivotal step in the country's energy transition.\nThe challenges facing the US power grid, underscored by the recent vulnerabilities in Texas and the nationwide shortage of key components, highlight a critical juncture in the nation's energy narrative. The legislative and industrial responses to these challenges are not merely reactive measures but are indicative of a profound shift towards a more resilient, efficient, and sustainable energy framework. As the country stands on the brink of a major energy transformation, the actions taken today will define the landscape of tomorrow, ensuring that the lights stay on in homes across America.",
    "highlightText": "",
    "highlightTitle": "",
    "highlightThreadTitle": "",
    "language": "english",
    "sentiment": "positive",
    "categories": [
        "Economy, Business and Finance",
        "Politics",
        "Environment"
    ],
    "external_links": [],
    "external_images": [],
    "entities": {
        "persons": [
            {
                "name": "greg casar",
                "sentiment": "none"
            }
        ],
        "organizations": [
            {
                "name": "democratic",
                "sentiment": "negative"
            },
            {
                "name": "energy reliability and sustainability",
                "sentiment": "negative"
            },
            {
                "name": "electric reliability council of texas",
                "sentiment": "none"
            }
        ],
        "locations": [
            {
                "name": "texas",
                "sentiment": "none"
            },
            {
                "name": "u.s.",
                "sentiment": "none"
            }
        ]
    },
    "rating": null,
    "crawled": "2024-02-16T05:17:35.199+02:00",
    "updated": "2024-02-16T05:17:35.199+02:00"
}