{
    "thread": {
        "uuid": "e5a8d9a59aec9cf9c6da323364a4c2d5212c2b89",
        "url": "https://www.soup.io/top-7-spring-landscaping-ideas-for-a-stunning-garden",
        "site_full": "www.soup.io",
        "site": "soup.io",
        "site_section": "http://soup.mafia-server.net/rss",
        "site_categories": [],
        "section_title": "Soup.io",
        "title": "Top 7 Spring Landscaping Ideas for a Stunning Garden",
        "title_full": "Top 7 Spring Landscaping Ideas for a Stunning Garden",
        "published": "2024-02-16T00:48:00.000+02:00",
        "replies_count": 0,
        "participants_count": 1,
        "site_type": "news",
        "country": "IN",
        "main_image": "https://www.soup.io/wp-content/uploads/2024/02/Top-7-Spring-Landscaping-Ideas-for-a-Stunning-Garden.png",
        "performance_score": 0,
        "domain_rank": 3573,
        "domain_rank_updated": "2024-02-13T12:06:36.000+02:00",
        "reach": null,
        "social": {
            "facebook": {
                "likes": 0,
                "comments": 0,
                "shares": 0
            },
            "gplus": {
                "shares": 0
            },
            "pinterest": {
                "shares": 0
            },
            "linkedin": {
                "shares": 0
            },
            "stumbledupon": {
                "shares": 0
            },
            "vk": {
                "shares": 0
            }
        }
    },
    "uuid": "e5a8d9a59aec9cf9c6da323364a4c2d5212c2b89",
    "url": "https://www.soup.io/top-7-spring-landscaping-ideas-for-a-stunning-garden",
    "ord_in_thread": 0,
    "parent_url": null,
    "author": "Jorgie Soto",
    "published": "2024-02-16T00:48:00.000+02:00",
    "title": "Top 7 Spring Landscaping Ideas for a Stunning Garden",
    "text": "Spring is around the corner, and with it comes the perfect opportunity to breathe new life into areas of your landscaping. Explore a plethora of captivating spring landscaping ideas designed to elevate your outdoor oasis and transform it into a stunning haven of beauty and tranquility. From vibrant floral displays to innovative hardscaping elements, embark on a journey of inspiration as we unveil the top spring landscaping design ideas to rejuvenate your garden for the season ahead.\nDiscover how Integrity Land Works can turn your vision into reality with expert design, meticulous craftsmanship, and personalized service tailored to your needs.\nSeasonal Plant Selection\nSelecting plants that thrive during the spring season is significant for keeping up with their health and vitality. Spring-blooming flowers, shrubs, and trees are adapted to the changing weather conditions and daylight hours of this season, allowing them to flourish at their peak. By choosing species that are well-suited to the season, you can enjoy a front yard filled with vibrant colors, lush foliage, and delightful fragrances throughout the season.\nFlowers: Spring is synonymous with blooming flowers, and there are many options to go with to add pops of color to your outdoor space. Consider planting tulips, daffodils, hyacinths, and crocuses for early spring blooms that bring a burst of cheer after the winter months.\nShrubs: When opting for shrubs for your small backyard, go with varieties that offer both beauty and functionality. Forsythia, with its bright yellow flowers, is a classic spring bloomer that signals the arrival of warmer weather. Lilacs, with their fragrant blooms and elegant foliage, are another popular choice for spring gardens.\nTrees: In spring season, focus on planting trees that offer beautiful blooms and lush foliage. Cherry blossoms, magnolias, and crab apples are renowned for their breathtaking spring flowers. For a lasting impact, consider planting native trees such as redbuds, dogwoods, and serviceberries, which not only thrive in spring but also support local ecosystems.\nAt Integrity Land Works, we understand the significance of opting for the right plants for your spring garden. Our team of\nlandscapers in Lancaster can help you opt for the perfect flowers, shrubs, and trees to create a colorful and vibrant outdoor space that reflects your unique style and preferences.\nContainer Gardening Creations\nElevate your garden with simple spring landscaping ideas through creative container gardening. Mix and match plants, play with height, and incorporate edible varieties for both beauty and functionality. At Integrity Land Works, we can help bring your vision to life. Contact us today for a consultation!\nContainers: Start by opting for containers that complement your outdoor decor and provide adequate space for plant growth. Consider options such as ceramic pots, wooden crates, metal buckets, or decorative planters in various sizes and shapes. Opt for lightweight materials if you plan to move your containers frequently, and ensure that each container has drainage holes to prevent waterlogging.\nMix Match Plants: Be creative with plant selection by blending different textures, colors, and heights to make arrangements that are appealing. Combine flowering plants with trailing vines, foliage plants with upright varieties, and contrasting colors to add depth and interest to your containers.\nPathway and Edging Enhancements\nElevate your spring backyard with pathway and edging enhancements that add both visual appeal and functionality to your outdoor space. Consider incorporating natural stone pavers or flagstones to create rustic yet elegant pathways that seamlessly blend with your landscaping, while gravel walkways offer a relaxed and informal look that adds warmth and texture.\nGet creative with DIY edging options using recycled materials or decorative tiles to add personality and charm to your garden borders.\nIntegrate your pathways seamlessly into the surrounding landscape by incorporating curves, meandering patterns, and natural materials, softening the transition between hardscape and garden beds. Contact us today to bring your spring backyard ideas to life!\nWater Features for Tranquility\nOpting for water features in your spring landscaping ideas is a wise investment. Opt for elements such as fountains, ponds, or birdbaths which will add to the appeal of your space.\nThe gentle sound of flowing water adds a soothing touch to your outdoor space, while the sight of colorful fish or visiting birds brings joy and connection with nature. Incorporating water features into your front garden not only beautifies the landscape but also attracts wildlife, adding vibrancy and life to your surroundings.\nOutdoor Living Spaces\nBegin by envisioning a layout that maximizes your available space and complements the natural landscape. Introduce comfortable seating arrangements, such as cozy sofas, lounge chairs, or hammocks, strategically placed to encourage relaxation and conversation. Incorporate versatile patio designs that accommodate various activities, from al fresco dining to lounging under the stars.\nEnhance the ambiance with the inclusion of functional elements like fire pits, perfect for gathering around on cool spring evenings, or outdoor kitchens equipped with grills and prep areas, ideal for hosting summer barbecues and gatherings. By carefully curating your outdoor living spaces, you can create a welcoming retreat where you can unwind, entertain, and connect with nature, all within the comfort of your own garden.\nVertical Gardening Techniques\nUtilize the vertical space in your garden with innovative vertical gardening techniques that maximize space and add visual interest to your outdoor oasis. Incorporate trellises, which provide support for climbing plants like vines, cucumbers, or tomatoes, allowing them to flourish and freeing up valuable ground space. Explore the versatility of wall planters, which can be mounted on fences, walls, or even balconies, to create lush greenery and colorful blooms in unexpected places.\nColor Palette Harmony\nCreate a harmonious color scheme for your spring backyard landscaping by selecting complementary colors and blending different hues and tones. Use landscaping features like flower beds and planters to distribute colors evenly, creating a visually pleasing and cohesive look. Let Integrity Land Works help you bring your spring landscaping ideas to life with expert guidance and design expertise.\nConclusion\nIn conclusion, maintaining your side yard and large backyard requires regular attention to ensure their beauty and functionality. It’s essential to keep pathways and edging clear and well-defined, enhancing accessibility and aesthetics.\nGo for these significant maintenance tips and ensure your side yard and large backyard remains beautiful, inviting, appealing for a long time.",
    "highlightText": "",
    "highlightTitle": "",
    "highlightThreadTitle": "",
    "language": "english",
    "sentiment": "positive",
    "categories": [
        "Lifestyle and Leisure",
        "Environment",
        "Health"
    ],
    "external_links": [
        "https://integritylandworks.com/services/landscaping/",
        "https://www.integritylandworks.com/services/landscaping/",
        "https://integritylandworks.com/services/landscaping"
    ],
    "external_images": [],
    "entities": {
        "persons": [],
        "organizations": [],
        "locations": []
    },
    "rating": null,
    "crawled": "2024-02-16T06:41:21.601+02:00",
    "updated": "2024-02-16T06:41:21.601+02:00"
}