{
    "thread": {
        "uuid": "43df5e0c051a0a3be4ad0715982753588e1a5d18",
        "url": "https://bnnbreaking.com/finance-nav/uk-and-germany-pioneer-climate-action-transforming-maritime-and-energy-sectors",
        "site_full": "bnnbreaking.com",
        "site": "bnnbreaking.com",
        "site_section": "https://bnnbreaking.com/rss",
        "site_categories": [],
        "section_title": "BNN : Latest Posts",
        "title": "UK and Germany Pioneer Climate Action: Transforming Maritime and Energy Sectors",
        "title_full": "UK and Germany Pioneer Climate Action: Transforming Maritime and Energy Sectors",
        "published": "2024-02-15T23:36:00.000+02:00",
        "replies_count": 0,
        "participants_count": 1,
        "site_type": "news",
        "country": "IL",
        "main_image": "https://img-cdn.thepublive.com/fit-in/1200x675/bnn/media/media_files/491e41dcb766ec100cebbd4fa335dba5f0360035077e63709940cacc006c11ec.jpg",
        "performance_score": 0,
        "domain_rank": 27879,
        "domain_rank_updated": "2024-02-13T12:06:36.000+02:00",
        "reach": null,
        "social": {
            "facebook": {
                "likes": 0,
                "comments": 0,
                "shares": 0
            },
            "gplus": {
                "shares": 0
            },
            "pinterest": {
                "shares": 0
            },
            "linkedin": {
                "shares": 0
            },
            "stumbledupon": {
                "shares": 0
            },
            "vk": {
                "shares": 0
            }
        }
    },
    "uuid": "43df5e0c051a0a3be4ad0715982753588e1a5d18",
    "url": "https://bnnbreaking.com/finance-nav/uk-and-germany-pioneer-climate-action-transforming-maritime-and-energy-sectors",
    "ord_in_thread": 0,
    "parent_url": null,
    "author": "Mazhar Abbas",
    "published": "2024-02-15T23:36:00.000+02:00",
    "title": "UK and Germany Pioneer Climate Action: Transforming Maritime and Energy Sectors",
    "text": "In an era where climate action is more critical than ever, the UK and Germany are leading by example, making significant adjustments to their domestic policies to curb carbon emissions. The UK Chamber of Shipping has recently called for the inclusion of domestic shipping in the UK's Emission Trading Scheme (ETS), marking a pivotal moment in the sector's journey towards sustainability. This move not only showcases the UK's commitment to reducing its carbon footprint but also aligns with Germany's recent decision to delete unused CO2 allowances from the EU Emissions Trading System, a bold step towards minimizing the risk of additional emissions within the EU.\nSailing Towards a Greener Horizon\nThe UK's initiative to include vessels of 5000GT and above in its ETS is a testament to the nation's dedication to achieving net zero emissions. The UK Chamber of Shipping has emphasized the importance of utilizing the funds raised from this inclusion to support the development of zero-emission vessels, advanced fuels, innovative technology, and eco-friendly port infrastructure. This approach not only aims to reduce the environmental impact of domestic shipping but also encourages the global maritime industry to follow suit.\nGermany's Proactive Measures Against Carbon Leakage\nGermany's government has taken a decisive stance against the potential risks associated with the 'waterbed effect' by opting to delete CO2 allowances that were no longer in use by coal power plants. This decision, resulting in Germany foregoing revenues from the sales of these allowances, which totaled 6.8 billion euros in 2022, highlights the country's unwavering commitment to environmental protection. By preventing these freed-up allowances from being sold or traded, Germany is effectively reducing the chance of additional emissions elsewhere in the EU, setting a precedent for responsible carbon management.\nThe Evolving Landscape of the EU Emissions Trading System\nThe recent changes in the European Union Emissions Trading System (EU ETS), including the establishment of a Carbon Border Adjustment Mechanism (CBAM), signify a monumental shift in how emissions are regulated. The phasing out of free EU Allowances (EUAs) for industries and the gradual reduction in the total number of EUAs available are designed to cut emissions by 62% by 2030 from 2005 levels. These adjustments underscore the need for industries to comprehend the implications of the new regulations and strategize accordingly. Furthermore, the inclusion of additional measures for buildings, road transport emissions, and the shipping sector in the EU ETS framework illustrates the comprehensive approach being adopted to tackle climate change.\nIn a related development, a council meeting shed light on the management of emission units held by the council under the Emissions Trading Scheme. With a total value of around $6 million, the council owns 82,914 units for pre-1990 forests and 26,759 units for post-1989 forests. Despite the units' current appreciation rate of around 7 percent per annum, councillors have expressed a desire for a more impactful utilization of the credits. The council plans to periodically review its position and consider its investment policy, with a follow-up report expected in June.\nAs the UK and Germany take bold steps towards integrating environmental considerations into their economic and industrial policies, the maritime and energy sectors are poised for transformative changes. These initiatives not only contribute to the global fight against climate change but also pave the way for sustainable development and innovation. The journey towards a greener future is fraught with challenges, but with proactive measures and collaborative efforts, significant progress is within reach.",
    "highlightText": "",
    "highlightTitle": "",
    "highlightThreadTitle": "",
    "language": "english",
    "sentiment": "positive",
    "categories": [
        "Economy, Business and Finance",
        "Politics",
        "Environment"
    ],
    "external_links": [],
    "external_images": [],
    "entities": {
        "persons": [],
        "organizations": [
            {
                "name": "germany pioneer climate action",
                "sentiment": "negative"
            },
            {
                "name": "transforming maritime",
                "sentiment": "negative"
            },
            {
                "name": "eu",
                "sentiment": "none"
            },
            {
                "name": "ets",
                "sentiment": "none"
            },
            {
                "name": "chamber of shipping",
                "sentiment": "none"
            },
            {
                "name": "uk chamber of shipping",
                "sentiment": "none"
            }
        ],
        "locations": [
            {
                "name": "uk",
                "sentiment": "none"
            },
            {
                "name": "germany",
                "sentiment": "none"
            },
            {
                "name": "eu",
                "sentiment": "none"
            }
        ]
    },
    "rating": null,
    "crawled": "2024-02-16T01:38:35.379+02:00",
    "updated": "2024-02-16T01:38:35.379+02:00"
}