{
    "thread": {
        "uuid": "3e36e8ad0e4377c21aa11d37921fa03b8eec8167",
        "url": "https://bnnbreaking.com/finance-nav/the-rise-of-carbon-pricing-financing-a-greener-future",
        "site_full": "bnnbreaking.com",
        "site": "bnnbreaking.com",
        "site_section": "https://bnnbreaking.com/feed/",
        "site_categories": [],
        "section_title": "BNN : Latest Posts",
        "title": "The Rise of Carbon Pricing: Financing a Greener Future",
        "title_full": "The Rise of Carbon Pricing: Financing a Greener Future",
        "published": "2024-02-16T00:01:00.000+02:00",
        "replies_count": 0,
        "participants_count": 1,
        "site_type": "news",
        "country": "IL",
        "main_image": "https://img-cdn.thepublive.com/fit-in/1200x675/bnn/media/media_files/47a6f3fea06924d78a9accab018c969e576e916af72aa33a0f30699f5b0d1355.jpg",
        "performance_score": 0,
        "domain_rank": 27879,
        "domain_rank_updated": "2024-02-13T12:06:36.000+02:00",
        "reach": null,
        "social": {
            "facebook": {
                "likes": 0,
                "comments": 0,
                "shares": 0
            },
            "gplus": {
                "shares": 0
            },
            "pinterest": {
                "shares": 0
            },
            "linkedin": {
                "shares": 0
            },
            "stumbledupon": {
                "shares": 0
            },
            "vk": {
                "shares": 0
            }
        }
    },
    "uuid": "3e36e8ad0e4377c21aa11d37921fa03b8eec8167",
    "url": "https://bnnbreaking.com/finance-nav/the-rise-of-carbon-pricing-financing-a-greener-future",
    "ord_in_thread": 0,
    "parent_url": null,
    "author": "Aqsa Younas Rana",
    "published": "2024-02-16T00:01:00.000+02:00",
    "title": "The Rise of Carbon Pricing: Financing a Greener Future",
    "text": "In the midst of an evolving global economy, one element stands out for its increasing importance and potential for profound impact: carbon pricing. As nations grapple with the dual challenges of stimulating economic growth and achieving decarbonization, the spotlight has turned to the mechanisms of carbon pricing. This financial tool, designed to encourage the reduction of greenhouse gas emissions, has seen significant developments and achievements in 2022, raising substantial funds and steering investments towards cleaner, greener technologies.\nThe Surge of Global Carbon Pricing Mechanisms\nThroughout 2022, the world witnessed a notable surge in the implementation and refinement of carbon pricing strategies. Countries and regions have been pioneering to establish systems that not only levy a price on carbon emissions but also incentivize the transition towards renewable energy sources. This movement is not just about penalizing polluters; it's about fostering a global shift towards sustainable development and innovation in green technologies. The raised funds are pivotal, channeling billions into the green transition, marking a clear signal of the world's commitment to combating climate change.\nThe Role of Carbon Markets in Decarbonization\nAt the heart of carbon pricing lies the carbon market, a concept that has proven instrumental in driving investments towards decarbonization efforts. By setting a market price on carbon emissions, these mechanisms make it financially sensible for companies to lower their carbon footprint. The goal is clear: to turn the tide against climate change by making it economically advantageous to invest in clean energy and efficient technologies. As the world gears up for the UN COP29 climate negotiations, the urgency to finalize international carbon market rules has never been more pronounced. Such advancements are crucial for establishing a fair global carbon price, stimulating innovation, and solidifying commitments to a sustainable future.\nCarbon Pricing: Financing the Low-Carbon Transition\nAround the globe, diverse approaches to carbon pricing are emerging, each tailored to the unique economic and environmental contexts of different countries and regions. Despite the variations, the underlying principle remains consistent: to use economic incentives to reduce carbon emissions and finance the transition to a low-carbon economy. In 2022, significant amounts of money were raised through carbon pricing mechanisms, underscoring the vital role these funds play in environmental projects, renewable energy development, and climate change mitigation efforts. With the next government NZU auction scheduled for March, anticipation is building around the potential for these mechanisms to further bolster the fight against climate change.\nAs the dialogue around carbon pricing continues to evolve, it is clear that these mechanisms are more than just financial tools; they are the linchpins of the global response to climate change. By incentivizing reductions in greenhouse gas emissions and driving investments towards sustainable technologies, carbon pricing stands at the forefront of the world's efforts to secure a greener, more resilient future. The developments in 2022, including the significant funds raised and the push for a fair global carbon price, highlight the critical role of carbon markets in the environmental and economic landscape. As nations gather for the upcoming UN COP29 climate negotiations, the world watches with bated breath, hopeful for progress that will solidify the path towards decarbonization and a sustainable global economy.",
    "highlightText": "",
    "highlightTitle": "",
    "highlightThreadTitle": "",
    "language": "english",
    "sentiment": "positive",
    "categories": [
        "Environment",
        "Economy, Business and Finance",
        "Science and Technology"
    ],
    "external_links": [],
    "external_images": [],
    "entities": {
        "persons": [],
        "organizations": [],
        "locations": []
    },
    "rating": null,
    "crawled": "2024-02-16T02:07:20.626+02:00",
    "updated": "2024-02-16T02:07:20.626+02:00"
}