{
    "thread": {
        "uuid": "ded5ffebf347c30e909afa79dcca9e2a3f743b77",
        "url": "https://motori.ilgazzettino.it/economia/in_italia_boom_colonnine_di_ricarica_sono_oltre_50mila_motus_e_meglio_di_francia_e_germania_nel_rapporto_con_le_e_car-7937302.html",
        "site_full": "motori.ilgazzettino.it",
        "site": "ilgazzettino.it",
        "site_section": "http://www.ilgazzettino.it",
        "site_categories": [
            "auto_racing",
            "media",
            "sports"
        ],
        "section_title": "Il Gazzettino",
        "title": "In Italia boom colonnine di ricarica, sono oltre 50mila. Motus-E, meglio di Francia e Germania nel rapporto con le e-car",
        "title_full": "In Italia boom colonnine di ricarica, sono oltre 50mila. Motus-E, meglio di Francia e Germania nel rapporto con le e-car",
        "published": "2024-02-15T02:00:00.000+02:00",
        "replies_count": 0,
        "participants_count": 1,
        "site_type": "news",
        "country": "IT",
        "main_image": "https://statics.cedscdn.it/photos/MED/73/02/7937302_15152818_untitled_1024_x_768px_6.jpg",
        "performance_score": 0,
        "domain_rank": 23636,
        "domain_rank_updated": "2024-02-13T12:06:36.000+02:00",
        "reach": null,
        "social": {
            "facebook": {
                "likes": 0,
                "comments": 0,
                "shares": 0
            },
            "gplus": {
                "shares": 0
            },
            "pinterest": {
                "shares": 0
            },
            "linkedin": {
                "shares": 0
            },
            "stumbledupon": {
                "shares": 0
            },
            "vk": {
                "shares": 0
            }
        }
    },
    "uuid": "ded5ffebf347c30e909afa79dcca9e2a3f743b77",
    "url": "https://motori.ilgazzettino.it/economia/in_italia_boom_colonnine_di_ricarica_sono_oltre_50mila_motus_e_meglio_di_francia_e_germania_nel_rapporto_con_le_e_car-7937302.html",
    "ord_in_thread": 0,
    "parent_url": null,
    "author": "Redazione Web",
    "published": "2024-02-15T02:00:00.000+02:00",
    "title": "In Italia boom colonnine di ricarica, sono oltre 50mila. Motus-E, meglio di Francia e Germania nel rapporto con le e-car",
    "text": "Crescita record nel 2023 per le colonnine per la ricarica di auto elettriche. Secondo un rapporto di Motus-E, al 31 dicembre 2023 erano presenti in Italia 50.678 punti di ricarica a uso pubblico (+13.906 rispetto al 2022), superando Francia, Germania e Regno Unito nel rapporto tra punti di ricarica e veicoli elettrici circolanti e nel rapporto tra punti di ricarica e lunghezza complessiva della rete stradale. La Lombardia è la prima Regione per punti di ricarica (9.395), davanti a Piemonte (5.169), Veneto (4.914), Lazio (4.659) ed Emilia-Romagna (4.253). Tra le città, Roma è quella che conta più colonnine installate (3.588), seconda piazza per Milano (2.883) e terza per Napoli (2.652). La classifica cambia però se consideriamo il numero di punti di ricarica per km² di superficie, con Napoli sul gradino più alto del podio (225 punti ogni 100 km quadrati), davanti a Milano (183 punti ogni 100 km quadrati) e Roma (67 punti ogni 100 km²). I punti di ricarica sulle autostrade italiane sono quasi raddoppiati nell’ultimo anno (da 496 a 932). Il lavoro necessario per infrastrutturare il Paese naturalmente non è finito, ma la strada intrapresa è quella giusta e anche nel 2024 assisteremo a un costante miglioramento e ampliamento della rete di ricarica al servizio dei cittadini«, osserva il segretario generale di Motus-E, Francesco Naso.",
    "highlightText": "",
    "highlightTitle": "",
    "highlightThreadTitle": "",
    "language": "italian",
    "sentiment": "positive",
    "categories": [
        "Environment",
        "Economy, Business and Finance"
    ],
    "external_links": [],
    "external_images": [],
    "entities": {
        "persons": [],
        "organizations": [],
        "locations": []
    },
    "rating": null,
    "crawled": "2024-02-16T00:23:33.466+02:00",
    "updated": "2024-02-16T00:23:33.466+02:00"
}