{
    "thread": {
        "uuid": "5a9677015c449e23c6073ae024012134e4249ad6",
        "url": "https://www.decaturdaily.com/sports/high_school/hartselle/hartselle-clutch-down-the-stretch-in-sweet-16-win-over-muscle-shoals/article_87e5cbe0-4329-5f51-9cad-de2e5bb92312.html",
        "site_full": "www.decaturdaily.com",
        "site": "decaturdaily.com",
        "site_section": "https://www.decaturdaily.com/search/?q=&t=article&l=25&d=&d1=&d2=&s=start_time&sd=desc&c%5B%5D=sports/high_school*&f=rss",
        "site_categories": [
            "media"
        ],
        "section_title": "www.decaturdaily.com - RSS Results in sports/high_school* of type article",
        "title": "Hartselle clutch down the stretch in Sweet 16 win over Muscle Shoals",
        "title_full": "Hartselle clutch down the stretch in Sweet 16 win over Muscle Shoals",
        "published": "2024-02-15T23:59:00.000+02:00",
        "replies_count": 0,
        "participants_count": 1,
        "site_type": "news",
        "country": "US",
        "main_image": "https://bloximages.newyork1.vip.townnews.com/decaturdaily.com/content/tncms/assets/v3/editorial/3/ab/3ab8c127-c0ae-54e3-93ff-c3fffc23f33a/65ce452fa37e6.image.jpg?crop=1571%2C825%2C113%2C91&amp;resize=1200%2C630&amp;order=crop%2Cresize",
        "performance_score": 0,
        "domain_rank": 38500,
        "domain_rank_updated": "2024-02-13T12:06:36.000+02:00",
        "reach": null,
        "social": {
            "facebook": {
                "likes": 0,
                "comments": 0,
                "shares": 0
            },
            "gplus": {
                "shares": 0
            },
            "pinterest": {
                "shares": 0
            },
            "linkedin": {
                "shares": 0
            },
            "stumbledupon": {
                "shares": 0
            },
            "vk": {
                "shares": 0
            }
        }
    },
    "uuid": "5a9677015c449e23c6073ae024012134e4249ad6",
    "url": "https://www.decaturdaily.com/sports/high_school/hartselle/hartselle-clutch-down-the-stretch-in-sweet-16-win-over-muscle-shoals/article_87e5cbe0-4329-5f51-9cad-de2e5bb92312.html",
    "ord_in_thread": 0,
    "parent_url": null,
    "author": "Caleb Suggs Sports Writer",
    "published": "2024-02-15T23:59:00.000+02:00",
    "title": "Hartselle clutch down the stretch in Sweet 16 win over Muscle Shoals",
    "text": "HANCEVILLE — During the late stages of the game Thursday morning, the Hartselle girls basketball team never batted an eye.\nFacing off against Muscle Shoals in the first round of the Class 6A Northwest Regional tournament, the Tigers found themselves in a battle late in the game.\nLike all great teams do though, Hartselle made the shots when it mattered and it resulted in a 50-46 win.\n\"When you get to this level you have to find ways to win,\" said Hartselle head coach Amber Deline. \"These girls know how to fight when their backs are against the wall and today proved that.\"\nHartselle stayed in comfortable control for the first three quarters, building a 35-25 lead late in the third. However, an 11-0 run by Muscle Shoals gave the Trojans their first lead early in the fourth and forced Hartselle into a timeout.\n\"We were rattled and we just needed to calm down,\" Deline said.\nAfter that, Hartselle continually made clutch shot after shot until it ended with Anna Hampton Burroughs sinking two free throws with eight seconds remaining to seal the win.\nFreshman Hannah Burks led the Tigers in scoring with 17 points, while junior Gracie Hill added 15. Junior Mary Frances Itsede had a double-double with 12 points and 11 rebounds.\nThree-point shooting was key for the Tigers in Thursday's game and started in the opening minutes of the game when Hill pulled up from behind the men's college 3-point line and swished a shot.\n\"'I'm not going to lie, I was surprised when it went in,\" Hill said with a laugh. \"I guess it was the adrenaline.\"\n\"When she shot it I was thinking 'oh no,' but then she made it so I was like, 'Alright, let's go,'\" Deline added.\nTom Drake Coliseum at Wallace State is notorious for being a tough place to shoot, but Hartselle finished 7 for 14 from beyond the arch, with four of those coming from Hill. It was the most 3 pointers by any team in the Northwest Regional tournament so far this season.\n\"When we got there the first thing Coach Deline had us do was practice form shooting,\" Hill said. \"This is a different place and you have to focus and keep your mind on the goal. Just think it's as big as a normal gym.\"\nWith the win Hartselle advances to the Regional finals for the first time since 2021. The Tigers will face the winner of Class 6A, No. 1 Hazel Green and No. 2 Clay-Chalkville on Tuesday at 9 a.m.",
    "highlightText": "",
    "highlightTitle": "",
    "highlightThreadTitle": "",
    "language": "english",
    "sentiment": "positive",
    "categories": [
        "Lifestyle and Leisure",
        "Environment"
    ],
    "external_links": [],
    "external_images": [],
    "entities": {
        "persons": [
            {
                "name": "hartselle",
                "sentiment": "negative"
            },
            {
                "name": "amber deline",
                "sentiment": "none"
            },
            {
                "name": "hannah burks",
                "sentiment": "none"
            },
            {
                "name": "anna hampton burroughs",
                "sentiment": "none"
            },
            {
                "name": "deline",
                "sentiment": "none"
            }
        ],
        "organizations": [
            {
                "name": "tigers",
                "sentiment": "none"
            },
            {
                "name": "trojans",
                "sentiment": "none"
            }
        ],
        "locations": []
    },
    "rating": null,
    "crawled": "2024-02-16T00:37:26.803+02:00",
    "updated": "2024-02-16T00:37:26.803+02:00"
}