{
    "thread": {
        "uuid": "10dba8cd6649336f83c0b01c2a1c7938f45a2f1f",
        "url": "https://bnnbreaking.com/tech/silica-gel-packets-the-unexpected-heroes-of-floral-preservation-and-sustainability",
        "site_full": "bnnbreaking.com",
        "site": "bnnbreaking.com",
        "site_section": "https://bnnbreaking.com/feed",
        "site_categories": [],
        "section_title": "BNN : Latest Posts",
        "title": "Silica Gel Packets: The Unexpected Heroes of Floral Preservation and Sustainability",
        "title_full": "Silica Gel Packets: The Unexpected Heroes of Floral Preservation and Sustainability",
        "published": "2024-02-16T02:43:00.000+02:00",
        "replies_count": 0,
        "participants_count": 1,
        "site_type": "news",
        "country": "IL",
        "main_image": "https://img-cdn.thepublive.com/fit-in/1200x675/bnn/media/media_files/01893adfe55fe315b6f4378ccccf4780434ab0843729a722a86013fe615f7ec6.jpg",
        "performance_score": 0,
        "domain_rank": 27879,
        "domain_rank_updated": "2024-02-13T12:06:36.000+02:00",
        "reach": null,
        "social": {
            "facebook": {
                "likes": 0,
                "comments": 0,
                "shares": 0
            },
            "gplus": {
                "shares": 0
            },
            "pinterest": {
                "shares": 0
            },
            "linkedin": {
                "shares": 0
            },
            "stumbledupon": {
                "shares": 0
            },
            "vk": {
                "shares": 0
            }
        }
    },
    "uuid": "10dba8cd6649336f83c0b01c2a1c7938f45a2f1f",
    "url": "https://bnnbreaking.com/tech/silica-gel-packets-the-unexpected-heroes-of-floral-preservation-and-sustainability",
    "ord_in_thread": 0,
    "parent_url": null,
    "author": "Justice Nwafor",
    "published": "2024-02-16T02:43:00.000+02:00",
    "title": "Silica Gel Packets: The Unexpected Heroes of Floral Preservation and Sustainability",
    "text": "In an era where sustainability and resourcefulness are more than just buzzwords, an everyday item found in our homes is emerging as a hero in the quest for preserving the beauty around us. I'm referring to the humble silica gel packets, those tiny sachets that accompany your new shoes, electronics, and even seaweed snacks. Beyond their traditional role of warding off moisture, these packets are now being hailed for their effectiveness in preserving flowers, a technique that breathes life into petals long after their prime.\nRevolutionizing Floral Preservation\nAt the heart of this revelation is a simple, yet ingenious method of drying flowers using silica gel packets. The process involves nestling the blooms among the tiny beads or granular silicic acid within the packets. These materials work diligently to absorb the moisture from the petals, leaving behind flowers that are dried yet vibrantly colored, maintaining much of their original beauty and form. This technique is not just for professional florists; it's accessible to anyone looking to hold onto the memory of a special bouquet or to create their own dried floral arrangements.\nEmpowering Reuse and Sustainability\nThe journey of a silica gel packet does not end with a single use. These packets can be reactivated and reused, a feature that aligns perfectly with today's push towards reducing waste. Reactivation typically involves heating the silica gel in an oven, a process that drives out the absorbed moisture and readies the packets for their next assignment. This cycle of use and reuse not only extends the life of silica gel packets but also underscores the potential of everyday items to serve new, unexpected purposes.\nCommunity Endorsements and Cautions\nThe versatility of silica gel packets has not gone unnoticed. On platforms like TikTok, users like Rachel have been vocal about their unconventional uses, from drying out wet phones and makeup brushes to preventing mold in wardrobes and tarnishing of jewelry. The enthusiasm for these little packets is palpable in customer reviews, with many praising their effectiveness in preserving the beauty of flowers. However, it's important to heed the cautionary note: despite their utility, silica gel packets can cause nausea and vomiting if ingested and pose a choking hazard, particularly to children. This risk is the reason behind the ubiquitous \"do not eat\" warnings that accompany them.\nThe narrative of silica gel packets is a testament to the ingenuity embedded in our daily lives. It highlights a broader theme of looking beyond the surface to find value and purpose in the most unexpected places. From preserving the ephemeral beauty of flowers to championing sustainability through reuse, these packets invite us to rethink our approach to everyday items. As we navigate our world, let's remember the lesson of the silica gel packets: sometimes, the smallest things can hold the key to preserving the beauty and resources of our planet.",
    "highlightText": "",
    "highlightTitle": "",
    "highlightThreadTitle": "",
    "language": "english",
    "sentiment": "positive",
    "categories": [
        "Lifestyle and Leisure",
        "Environment"
    ],
    "external_links": [],
    "external_images": [],
    "entities": {
        "persons": [],
        "organizations": [],
        "locations": []
    },
    "rating": null,
    "crawled": "2024-02-16T04:49:14.593+02:00",
    "updated": "2024-02-16T04:49:14.593+02:00"
}