{
    "thread": {
        "uuid": "a8794d5a6c81d861b08e676bcedbf04705ac5cae",
        "url": "http://prsync.com/biodredgingnet/cleaner-waters-with-biodredgingnet---where-nature-and-technology-unite-4001665",
        "site_full": "prsync.com",
        "site": "prsync.com",
        "site_section": "http://prsync.com/rss/latest/",
        "site_categories": [
            "marketing",
            "financial_news",
            "finance",
            "business"
        ],
        "section_title": "PR sync (Latest)",
        "title": "Cleaner Waters with BioDredging.net - Where Nature and Technology Unite!",
        "title_full": "Cleaner Waters with BioDredging.net - Where Nature and Technology Unite!",
        "published": "2024-02-15T21:30:00.000+02:00",
        "replies_count": 0,
        "participants_count": 0,
        "site_type": "news",
        "country": "US",
        "main_image": "",
        "performance_score": 0,
        "domain_rank": 20910,
        "domain_rank_updated": "2024-02-13T12:06:36.000+02:00",
        "reach": null,
        "social": {
            "facebook": {
                "likes": 0,
                "comments": 0,
                "shares": 0
            },
            "gplus": {
                "shares": 0
            },
            "pinterest": {
                "shares": 0
            },
            "linkedin": {
                "shares": 0
            },
            "stumbledupon": {
                "shares": 0
            },
            "vk": {
                "shares": 0
            }
        }
    },
    "uuid": "a8794d5a6c81d861b08e676bcedbf04705ac5cae",
    "url": "http://prsync.com/biodredgingnet/cleaner-waters-with-biodredgingnet---where-nature-and-technology-unite-4001665",
    "ord_in_thread": 0,
    "parent_url": null,
    "author": null,
    "published": "2024-02-15T21:30:00.000+02:00",
    "title": "Cleaner Waters with BioDredging.net - Where Nature and Technology Unite!",
    "text": "Cleaner Waters with BioDredging.net - Where Nature and Technology Unite!\n(/biodredgingnet/) - Thursday, February 15, 2024.\nBioDredging.net is proud to announce the launch of its innovative platform dedicated to revolutionizing waterway restoration efforts worldwide. With a steadfast commitment to environmental sustainability and cutting-edge technology, BioDredging.net aims to address the critical need for effective and eco-friendly solutions in aquatic habitat restoration.\nWaterway degradation poses a significant threat to ecosystems, biodiversity, and local communities around the globe. Traditional dredging methods often result in environmental damage, disrupting delicate ecosystems and compromising water quality. Recognizing the urgent need for a more sustainable approach,\nBioDredging.net harnesses the power of bioremediation and advanced dredging technologies to restore waterways while minimizing ecological impact.\nAt BioDredging.net, gives the power of nature to heal and restore. This approach integrates biological processes with state-of-the-art dredging techniques to accelerate the natural remediation of contaminated sediments. Through the strategic deployment of bioaugmentation, biostimulation, and other innovative methods, facilitate the breakdown of pollutants and the restoration of aquatic habitats to their pristine state.\nThe website platform serves as a comprehensive resource for stakeholders involved in waterway restoration projects, including environmental agencies, engineering firms, municipalities, and conservation organizations. Visitors to BioDredging.net can access a wealth of information on sustainable dredging practices, case studies, technical resources, and expert insights to guide their restoration efforts.\nKey features of BioDredging.net include:\nEducational Resources: Explore in-depth articles, whitepapers, and case studies on sustainable dredging practices and bioremediation techniques.\nTechnical Support: Access expert guidance and consulting services to tailor solutions to specific project requirements and environmental challenges.\nCase Studies: Learn from successful restoration projects and real-world applications of bioaugmentation and biostimulation technologies.\nCommunity Forum: Engage with fellow professionals, researchers, and industry experts to exchange knowledge, share best practices, and collaborate on innovative solutions.\nAs a leader in sustainable waterway restoration, BioDredging.net is committed to driving positive change and preserving the precious aquatic ecosystems for future generations. By harnessing the power of nature and technology, can achieve lasting environmental impact while fostering resilient and thriving communities worldwide.\nFor more information, please visit\nhttp://biodredging.net.\nBioDredging.net\n1229 Thunder Road\nMountain View\nUnited States\nhttps://BioDredging.net\nAbout BioDredging.net\nContact info\nCompany: BioDredging.net Address: Mountain View 1229 Thunder Road Website: https://BioDredging.net\nContact info\nNoah Perez BioDredging.net 1229 Thunder Road Mountain View United States https://BioDredging.net",
    "highlightText": "",
    "highlightTitle": "",
    "highlightThreadTitle": "",
    "language": "english",
    "sentiment": "positive",
    "categories": [
        "Environment"
    ],
    "external_links": [
        "https://biodredging.net",
        "http://biodredging.net.",
        "https://BioDredging.net",
        "http://www.biodredging.net.",
        "https://www.BioDredging.net",
        "https://www.biodredging.net"
    ],
    "external_images": [],
    "entities": {
        "persons": [],
        "organizations": [],
        "locations": []
    },
    "rating": null,
    "crawled": "2024-02-16T00:21:47.474+02:00",
    "updated": "2024-02-16T00:21:47.474+02:00"
}