{
    "thread": {
        "uuid": "617edefd53820d36c4cc8cf72ac74be9f4c46c7a",
        "url": "https://www.onlyinyourstate.com/arizona/multiple-natural-wonders-park-az",
        "site_full": "www.onlyinyourstate.com",
        "site": "onlyinyourstate.com",
        "site_section": "https://www.onlyinyourstate.com/feed/",
        "site_categories": [
            "travel",
            "by_us_locale"
        ],
        "section_title": "Only In Your State ®",
        "title": "Explore A River, Mountains, And Desert In One Day When You Visit This State Park In Arizona",
        "title_full": "Explore A River, Mountains, And Desert In One Day When You Visit This State Park In Arizona",
        "published": "2024-02-16T00:36:00.000+02:00",
        "replies_count": 0,
        "participants_count": 1,
        "site_type": "news",
        "country": "US",
        "main_image": "https://img-aws.ehowcdn.com/1280x/www.onlyinyourstate.com/wp-content/uploads/2024/01/Copy-of-OIYS-Road-Trip-Templates-5-3.png",
        "performance_score": 0,
        "domain_rank": 8475,
        "domain_rank_updated": "2024-02-13T12:06:36.000+02:00",
        "reach": null,
        "social": {
            "facebook": {
                "likes": 0,
                "comments": 0,
                "shares": 1
            },
            "gplus": {
                "shares": 0
            },
            "pinterest": {
                "shares": 0
            },
            "linkedin": {
                "shares": 0
            },
            "stumbledupon": {
                "shares": 0
            },
            "vk": {
                "shares": 0
            }
        }
    },
    "uuid": "617edefd53820d36c4cc8cf72ac74be9f4c46c7a",
    "url": "https://www.onlyinyourstate.com/arizona/multiple-natural-wonders-park-az",
    "ord_in_thread": 0,
    "parent_url": null,
    "author": "Melissa Mahoney",
    "published": "2024-02-16T00:36:00.000+02:00",
    "title": "Explore A River, Mountains, And Desert In One Day When You Visit This State Park In Arizona",
    "text": "Explore A River, Mountains, And Desert In One Day When You Visit This State Park In Arizona\nWith over 30\nArizona state parks, each with its own wonderful aspects and ways to enjoy the outdoors, there’s so much to explore! However, some parks offer a bit more than others. One of these parks is located along the Lower Colorado River in Parker, AZ. Spend a day at Buckskin Mountain State Park where you can explore mountains, a river, and the desert all in the same day.\nHave you spent a day at Buckskin Mountain State Park in Parker, Arizona yet? To learn more about Buckskin Mountain State Park and to plan your visit, head to the\nArizona State Parks website.\nIf you plan on hiking at Buckskin Mountain or any other AZ state park, make sure to download the\nAllTrails+ app to guide you. And check out the Ultimate Hiking Packing List for the essentials you’ll need on the trails.\n[The Ultimate Hiking Packing List: 75 Must-Have Hiking Accessories]\nOnlyInYourState may earn compensation through affiliate links in this article. As an Amazon Associate, we earn from qualifying purchases.",
    "highlightText": "",
    "highlightTitle": "",
    "highlightThreadTitle": "",
    "language": "english",
    "sentiment": "positive",
    "categories": [
        "Lifestyle and Leisure",
        "Environment"
    ],
    "external_links": [
        "https://www.alltrails.com/plus",
        "https://azstateparks.com/buckskin",
        "https://www.azstateparks.com/buckskin",
        "https://alltrails.com/plus"
    ],
    "external_images": [],
    "entities": {
        "persons": [],
        "organizations": [
            {
                "name": "arizona state parks",
                "sentiment": "none"
            },
            {
                "name": "amazon associate",
                "sentiment": "none"
            }
        ],
        "locations": [
            {
                "name": "mountains",
                "sentiment": "none"
            },
            {
                "name": "arizona explore a river",
                "sentiment": "none"
            },
            {
                "name": "arizona with ove",
                "sentiment": "none"
            },
            {
                "name": "lower colorado river",
                "sentiment": "none"
            },
            {
                "name": "parker",
                "sentiment": "none"
            },
            {
                "name": "buckskin mountain",
                "sentiment": "none"
            },
            {
                "name": "az",
                "sentiment": "none"
            },
            {
                "name": "buckskin mountain state park",
                "sentiment": "none"
            },
            {
                "name": "arizona",
                "sentiment": "none"
            }
        ]
    },
    "rating": null,
    "crawled": "2024-02-16T01:16:47.198+02:00",
    "updated": "2024-02-16T01:16:47.198+02:00"
}