{
    "thread": {
        "uuid": "149288258b2cb71f2d837c7d058e25b5a9102d89",
        "url": "https://emorywheel.com/unlocking-the-nutritional-bonanza-feeding-dubia-roaches-to-reptiles",
        "site_full": "emorywheel.com",
        "site": "emorywheel.com",
        "site_section": "https://emorywheel.com/feed",
        "site_categories": [
            "orthopedics",
            "health"
        ],
        "section_title": "The Emory Wheel",
        "title": "Unlocking the Nutritional Bonanza: Feeding Dubia Roaches to Reptiles | The Emory Wheel",
        "title_full": "Unlocking the Nutritional Bonanza: Feeding Dubia Roaches to Reptiles | The Emory Wheel",
        "published": "2024-02-16T01:11:00.000+02:00",
        "replies_count": 0,
        "participants_count": 1,
        "site_type": "news",
        "country": "US",
        "main_image": "https://emorywheel.com/wp-content/uploads/2020/03/Stay-informed-at-emorywheel.com_.-2.png",
        "performance_score": 0,
        "domain_rank": 87963,
        "domain_rank_updated": "2024-02-13T12:06:51.000+02:00",
        "reach": null,
        "social": {
            "facebook": {
                "likes": 0,
                "comments": 0,
                "shares": 0
            },
            "gplus": {
                "shares": 0
            },
            "pinterest": {
                "shares": 0
            },
            "linkedin": {
                "shares": 0
            },
            "stumbledupon": {
                "shares": 0
            },
            "vk": {
                "shares": 0
            }
        }
    },
    "uuid": "149288258b2cb71f2d837c7d058e25b5a9102d89",
    "url": "https://emorywheel.com/unlocking-the-nutritional-bonanza-feeding-dubia-roaches-to-reptiles",
    "ord_in_thread": 0,
    "parent_url": null,
    "author": "Sponsored",
    "published": "2024-02-16T01:11:00.000+02:00",
    "title": "Unlocking the Nutritional Bonanza: Feeding Dubia Roaches to Reptiles | The Emory Wheel",
    "text": "Reptile enthusiasts constantly seek the best ways to provide their scaly friends with a balanced and nutritious diet. While the market is flooded with various options, one food source that has gained popularity among reptile keepers is Dubia roaches. These small insects offer many nutritional benefits for reptiles, making them an excellent choice for a well-rounded diet. This article explores the nutritional advantages of feeding Dubia roaches to reptiles, shedding light on why they have become a staple for many reptile owners. Additionally, you can visit websites like [https://www.topflightdubia.com/](https://www.topflightdubia.com/) to learn more about sourcing high-quality Dubia roaches for your reptiles, ensuring they receive the best nutrition possible. High Protein Content: One of the primary reasons why Dubia roaches are a top choice for reptile diets is their exceptionally high protein content. Protein is essential for reptiles as it helps in muscle development, growth, and overall health. These roaches provide a whopping 35-50% protein by dry weight, making them an excellent source of protein for reptiles. Balanced Calcium to Phosphorus Ratio: Maintaining the correct calcium-to-phosphorus ratio is crucial for reptiles’ skeletal health. Dubia roaches naturally have a balanced Ca: P ratio, typically around 1:1, which aligns perfectly with the dietary requirements of most reptile species. This helps prevent metabolic bone diseases and ensures healthy bone development in pets. High Fiber Content: In addition to protein, Dubia roaches are also rich in dietary fiber. This fiber aids in digestion and helps reptiles maintain a healthy digestive system. It can be particularly beneficial for species that require more fiber in their diets, such as herbivorous reptiles. Low in Fat: While some fat is essential for reptiles, excessive intake can lead to obesity and other health issues. Dubia roaches are relatively low in fat, making them an ideal option for reptiles that need to maintain a lean body condition. This is especially important for species like bearded dragons and leopard geckos. Abundance of Essential Vitamins and Minerals: Dubia roaches are not just a protein powerhouse but also packed with essential vitamins and minerals. They are a good source of vitamin B12, which is crucial for nerve function and overall health. Additionally, they contain vitamins A and D and minerals like iron and zinc, contributing to a well-rounded nutritional profile. Gut-Loading Potential: One unique advantage of Dubia roaches is their capacity for gut-loading. Gut-loading involves feeding the roaches nutritious foods before offering them to your reptiles. This process allows you to enhance the roaches’ nutritional content, giving your pets even more benefits. Common gut-loading foods include vegetables, fruits, and high-calcium supplements. Easy to Digest: Dubia roaches have a soft exoskeleton, making them easy for reptiles to digest. Unlike other feeder insects with harder shells, Dubia roaches are less likely to cause impaction or digestive issues in your reptiles. Reduced Risk of Allergies: Insects like crickets and mealworms can sometimes trigger [allergies ](https://www.medicalnewstoday.com/articles/animal-allergy)in reptile keepers due to the presence of allergenic proteins. Dubia roaches, on the other hand, are less likely to cause allergies, making them a safer option for those with sensitivities. Summing it Up: In conclusion, feeding Dubia roaches to reptiles offers many nutritional benefits. Their high protein content, balanced calcium-to-phosphorus ratio, and abundant essential vitamins and minerals make them an ideal choice for reptile owners. Their low-fat content, easy digestibility, and gut-loading potential further solidify their position as a top-notch feeder insect. As with any aspect of reptile care, it’s important to research and understand the specific dietary requirements of your reptile species. While Dubia roaches can be an excellent addition to their diet, it’s crucial to provide a varied diet that includes other feeder insects, vegetables, and supplements as needed. Ultimately, Dubia roaches have earned their place as a nutritional powerhouse in reptile husbandry, helping reptile enthusiasts keep their scaly companions healthy and thriving. So, to provide your reptile with a balanced and nutritious diet, consider incorporating Dubia roaches into their feeding regimen and watch them flourish in good health.",
    "highlightText": "",
    "highlightTitle": "",
    "highlightThreadTitle": "",
    "language": "english",
    "sentiment": "positive",
    "categories": [
        "Health",
        "Environment"
    ],
    "external_links": [
        "https://www.topflightdubia.com/",
        "https://www.topflightdubia.com/)",
        "https://www.medicalnewstoday.com/articles/animal-allergy)in",
        "https://topflightdubia.com/",
        "https://medicalnewstoday.com/articles/animal-allergy)in",
        "https://www.topflightdubia.com",
        "https://topflightdubia.com/)"
    ],
    "external_images": [],
    "entities": {
        "persons": [
            {
                "name": "dubia",
                "sentiment": "none"
            }
        ],
        "organizations": [],
        "locations": []
    },
    "rating": null,
    "crawled": "2024-02-16T02:06:18.048+02:00",
    "updated": "2024-02-16T02:06:18.048+02:00"
}