{
    "thread": {
        "uuid": "ad1ea4ff7edb3d83cfecbf0a7578b7ef10b8f9f3",
        "url": "https://blueandgreentomorrow.com/energy/maximizing-home-efficiency-renewable-way",
        "site_full": "blueandgreentomorrow.com",
        "site": "blueandgreentomorrow.com",
        "site_section": "http://blueandgreentomorrow.com/feed/",
        "site_categories": [
            "media",
            "business",
            "green_solutions"
        ],
        "section_title": "Blue and Green Tomorrow",
        "title": "Maximizing Home Efficiency: The Renewable Way",
        "title_full": "Maximizing Home Efficiency: The Renewable Way",
        "published": "2024-02-15T22:48:00.000+02:00",
        "replies_count": 0,
        "participants_count": 1,
        "site_type": "news",
        "country": "GB",
        "main_image": "https://blueandgreentomorrow.com/wp-content/uploads/2024/02/Renewable-ways-1000x600.jpg",
        "performance_score": 0,
        "domain_rank": 57270,
        "domain_rank_updated": "2024-02-13T12:06:46.000+02:00",
        "reach": null,
        "social": {
            "facebook": {
                "likes": 0,
                "comments": 0,
                "shares": 0
            },
            "gplus": {
                "shares": 0
            },
            "pinterest": {
                "shares": 0
            },
            "linkedin": {
                "shares": 0
            },
            "stumbledupon": {
                "shares": 0
            },
            "vk": {
                "shares": 0
            }
        }
    },
    "uuid": "ad1ea4ff7edb3d83cfecbf0a7578b7ef10b8f9f3",
    "url": "https://blueandgreentomorrow.com/energy/maximizing-home-efficiency-renewable-way",
    "ord_in_thread": 0,
    "parent_url": null,
    "author": "Ryan Kh",
    "published": "2024-02-15T22:48:00.000+02:00",
    "title": "Maximizing Home Efficiency: The Renewable Way",
    "text": "Homeowners increasingly opt for renewable energy sources for a sustainable, cost-effective lifestyle. This trend supports environmental care and offers a way to lower utility bills over time, appealing to those looking to enhance their homes and contribute to the planet’s well-being. Among the various renewable options, each with its benefits, solar energy stands out for its accessibility and recent technological improvements.\nSolar energy fits well in residential areas, offering a dependable, clean power source. The\nbenefits of solar energy include significant electricity cost savings and a positive environmental impact, making it a top choice for anyone considering greener energy solutions.\nContinue reading to discover how renewable energy can make your home a paragon of efficiency and sustainability.\nUnderstanding Renewable Energy Options\nExploring the variety of renewable energy options is the first step toward making your home more efficient and sustainable. Understanding what’s available allows you to make informed decisions aligning with your environmental and financial goals.\nBelow are the key renewable energy sources to consider for your home:\n- Solar panels: These devices convert sunlight directly into electricity. They’re versatile, can be installed on rooftops or in open areas, and are effective even on cloudy days to some extent. The long-term savings on electricity bills offset the initial setup cost.\n- Wind turbines: Suitable for properties with enough space and located in windy areas. Small residential turbines can supplement your energy needs, reducing reliance on the grid. They work best in open areas free of obstructions that could block wind flow.\n- Geothermal heating and cooling: This system uses the earth’s stable underground temperature to heat and cool your home more efficiently than traditional\nHVAC systems. It involves installing underground pipes that exchange heat with the ground, which remains at a constant temperature year-round.\n- Hydropower systems: A small hydroelectric system could be viable if you can access a flowing water source on your property. It generates electricity by channeling flowing water through a turbine. Though not applicable for everyone, it’s highly efficient where feasible.\nEvery renewable energy choice has its advantages. Whether you aim to lower your carbon footprint, save on energy bills, or boost your property’s value, there’s a renewable energy solution. Consider your location, budget, and energy needs to pick the most suitable renewable energy for your home.\nThe Brilliance Of Solar Energy For Homeowners\nSolar energy shines brightly as a leading choice among renewable resources for home efficiency. Its benefits extend beyond simple utility savings, offering significant environmental and property value advantages.\nHere are the key benefits that make solar power a bright idea:\n- Cost savings: Installing solar panels can dramatically lower your monthly electricity bills. By generating your own power, you depend less on the utility grid, saving money over the lifespan of your solar system. The initial investment in solar technology pays off as you enjoy reduced utility costs year after year.\n- Environmental impact: Solar panels have a direct positive effect on the environment by reducing your carbon footprint. Unlike fossil fuels, solar power generates clean, renewable energy from the sun, significantly decreasing greenhouse gas emissions. This shift to a more sustainable energy source reflects a commitment to protecting the planet for future generations.\n- Increased home value: Homes equipped with solar energy systems often experience a surge in market value. Prospective buyers are willing to pay more for a home with solar installations, recognizing the benefits of lower energy costs and environmental impact. This increase in home value makes solar power an energy-saving measure and a wise investment in your property.\nChoosing solar power is a wise step towards a sustainable and cost-effective future. Among renewable energy options, solar energy is notable for its simplicity, efficiency, and positive effects on finances and the environment.\nTapping Into Geothermal Energy For Efficient Heating And Cooling\nGeothermal heating and cooling systems represent an innovative solution for homeowners seeking to enhance their property’s efficiency and comfort. By tapping into the earth’s constant underground temperature, these systems offer a reliable and sustainable alternative to traditional HVAC methods.\nBelow are the advantages of geothermal systems:\n- Efficiency: Geothermal technology excels in its minimal electricity use compared to conventional systems. This high-efficiency level is complemented when geothermal solutions are used with\nenergy-efficient air conditioners, allowing for even greater energy savings and environmental benefits.\n- Durability: One of the most compelling aspects of geothermal systems is their longevity. The underground components are shielded from the elements, contributing to a lifespan that often surpasses 20 years. This durability makes geothermal a long-term investment in your home’s comfort and efficiency.\n- Comfort: Geothermal heating and cooling systems provide unparalleled indoor temperature stability. Unlike traditional systems, which may produce temperature fluctuations, geothermal units maintain a consistent indoor environment year-round. This steady temperature control contributes to an overall more comfortable living space.\nGeothermal technology can lessen environmental impact and boost home efficiency and comfort. Investing in geothermal means choosing reliable, affordable temperature control for the future, a wise decision to protect against increasing energy costs and climate change.\nConclusion\nRenewable energy, like solar power and geothermal systems, makes homes more sustainable and efficient. These options help homeowners save money, increase comfort, and lessen their environmental impact. Moving towards a greener lifestyle requires making smart decisions and embracing new technologies, balancing modern living and caring for the environment. Choosing renewable energy shows a strong commitment to the planet’s health and well-being.\nLike our Facebook Page\n<a href=\"https://blueandgreentomorrow.com/energy/maximizing-home-efficiency-renewable-way/\">\nEnergy3 mins ago\n</a>\nMaximizing Home Efficiency: The Renewable Way\n<a href=\"https://blueandgreentomorrow.com/energy/energy-management-mastery-tips-for-green-property-owners/\">\nEnergy2 days ago\n</a>\nEnergy Management Mastery: 4 Tips for Green Property Owners\n<a href=\"https://blueandgreentomorrow.com/features/how-construction-companies-can-ensure-sustainable-practices/\">\nFeatures1 week ago\n</a>\nHow Construction Companies Can Ensure Sustainable Practices\nhttps://blueandgreentomorrow.com/features/ocean-stewardship-the-new-frontier-for-charitable-giving/\nOcean Stewardship: The New Frontier for Charitable Giving\n<a href=\"https://blueandgreentomorrow.com/sustainability/embracing-sustainability-tips-for-eco-friendly-shopping/\">\nEnvironment2 weeks ago\n</a>\nEmbracing Sustainability: 7 Tips for Eco-Friendly Shopping\n<a href=\"https://blueandgreentomorrow.com/features/experience-thailand-at-sea-yacht-chartering-as-eco-tourist/\">\nFeatures2 weeks ago\n</a>\nExperience Thailand at Sea Yacht Chartering as an Eco-Tourist\nhttps://blueandgreentomorrow.com/sustainability/tips-for-creating-a-sustainable-living-space/\n5 Tips for Creating a Sustainable Living Space\n<a href=\"https://blueandgreentomorrow.com/features/polythene-bags-food-safety-crucial-role-in-food-packaging/\">\nEditors Choice2 weeks ago\n</a>\nPolythene Bags and Food Safety: Crucial Role in Food Packaging\n<a href=\"https://blueandgreentomorrow.com/features/solo-eco-tourism-misconceptions-that-need-to-be-debunked/\">\nFeatures3 weeks ago\n</a>\nSolo Eco-Tourism Misconceptions That Need To Be Debunked\nhttps://blueandgreentomorrow.com/features/crypto-market-makers-are-becoming-more-eco-friendly/\nCrypto Market Makers Are Becoming More Eco-Friendly\n<a href=\"https://blueandgreentomorrow.com/environment/how-track-carbon-footprint-of-ecommerce-orders/\">\nEnvironment4 weeks ago\n</a>\nHow To Track The Carbon Footprint of Your eCommerce Orders?\n<a href=\"https://blueandgreentomorrow.com/economy/how-immigrants-positively-affect-business-community-economy/\">\nEconomy4 weeks ago\n</a>\nHow Immigrants Positively Affect the Business Community and the Economy\n<a href=\"https://blueandgreentomorrow.com/features/coming-social-environmental-challenges-of-ecommerce/\">\nEnvironment3 weeks ago\n</a>\nThe Coming Social & Environmental Challenges of eCommerce\nhttps://blueandgreentomorrow.com/environment/how-can-cool-home-without-warming-planet/\nHow You Can Cool Your Home Without Warming the Planet\nhttps://blueandgreentomorrow.com/environment/how-field-service-companies-reduce-carbon-footprint/\nHow Can Field Service Companies Reduce Their Carbon Footprint?\nhttps://blueandgreentomorrow.com/features/insider-tips-for-an-eco-friendly-dubai-vacation/\nInsider Tips for an Eco-Friendly Dubai Vacation in 2024\n<a href=\"https://blueandgreentomorrow.com/features/polythene-bags-food-safety-crucial-role-in-food-packaging/\">\nEditors Choice2 weeks ago\n</a>\nPolythene Bags and Food Safety: Crucial Role in Food Packaging\nhttps://blueandgreentomorrow.com/features/eco-friendly-benefits-of-energy-efficient-mortgages/\nEco-Friendly Benefits of Energy Efficient Mortgages\n<a href=\"https://blueandgreentomorrow.com/features/solo-eco-tourism-misconceptions-that-need-to-be-debunked/\">\nFeatures3 weeks ago\n</a>\nSolo Eco-Tourism Misconceptions That Need To Be Debunked\nhttps://blueandgreentomorrow.com/sustainability/tips-for-creating-a-sustainable-living-space/\n5 Tips for Creating a Sustainable Living Space\nTrending\n- Features7 months ago\nWhat is the Eco-Friendliest Option to Wash Your Dishes?\n- Environment12 months ago\n6 Home Improvements You Can Make to Help the Environment\n- Editors Choice11 months ago\n7 Tips to Minimize the Negative Impact Businesses Have on the Environment\n- Environment12 months ago\nWhat Are the Leading Sources Causing Delhi’s Air Pollution?",
    "highlightText": "",
    "highlightTitle": "",
    "highlightThreadTitle": "",
    "language": "english",
    "sentiment": "positive",
    "categories": [
        "Lifestyle and Leisure",
        "Environment"
    ],
    "external_links": [
        "https://www.usnews.com/360-reviews/services/hvac/what-is-hvac#:~:text=HVAC%20stands%20for%20heating%2C%20ventilation,to%20offices%20to%20indoor%20stadiums.",
        "https://wisemoneylife.com/5-benefits-of-solar-energy/",
        "https://usnews.com/360-reviews/services/hvac/what-is-hvac#:~:text=HVAC%20stands%20for%20heating%2C%20ventilation,to%20offices%20to%20indoor%20stadiums.",
        "https://wisemoneylife.com/5-benefits-of-solar-energy",
        "https://www.wisemoneylife.com/5-benefits-of-solar-energy/"
    ],
    "external_images": [],
    "entities": {
        "persons": [],
        "organizations": [],
        "locations": []
    },
    "rating": null,
    "crawled": "2024-02-16T00:12:12.575+02:00",
    "updated": "2024-02-16T00:12:12.575+02:00"
}