{
    "thread": {
        "uuid": "0e200759bc6e1a7be333e53a522b6918c77b6be1",
        "url": "https://www.stheadline.com/esg/3317341/內地春運租車自駕返鄉火爆-新能源車訂單增5倍",
        "site_full": "www.stheadline.com",
        "site": "stheadline.com",
        "site_section": "https://www.stheadline.com/rss",
        "site_categories": [
            "media",
            "top_news"
        ],
        "section_title": "星島頭條網",
        "title": "內地春運租車自駕返鄉火爆 新能源車訂單增5倍",
        "title_full": "內地春運租車自駕返鄉火爆 新能源車訂單增5倍",
        "published": "2024-02-16T04:40:00.000+02:00",
        "replies_count": 0,
        "participants_count": 1,
        "site_type": "news",
        "country": "HK",
        "main_image": "https://image.hkhl.hk/f/1200p0/0x0/100/none/09d6549b20767c44487104e663eb14f2/2024-02/_Template_1200x675___Purple_10.jpg",
        "performance_score": 0,
        "domain_rank": 28724,
        "domain_rank_updated": "2024-02-13T12:06:36.000+02:00",
        "reach": null,
        "social": {
            "facebook": {
                "likes": 0,
                "comments": 0,
                "shares": 0
            },
            "gplus": {
                "shares": 0
            },
            "pinterest": {
                "shares": 0
            },
            "linkedin": {
                "shares": 0
            },
            "stumbledupon": {
                "shares": 0
            },
            "vk": {
                "shares": 0
            }
        }
    },
    "uuid": "0e200759bc6e1a7be333e53a522b6918c77b6be1",
    "url": "https://www.stheadline.com/esg/3317341/內地春運租車自駕返鄉火爆-新能源車訂單增5倍",
    "ord_in_thread": 0,
    "parent_url": null,
    "author": "內地春運租車自駕返鄉火爆 新能源車訂單增5倍",
    "published": "2024-02-16T04:40:00.000+02:00",
    "title": "內地春運租車自駕返鄉火爆 新能源車訂單增5倍",
    "text": "0) { var resizeTimer; $(window).resize(function() { clearTimeout(resizeTimer); resizeTimer = setTimeout(resizeFunction, 1000); }); } function resizeFunction() { if(isMobile() && (typeof adUnits_m === 'object' && adUnits_m.length ===undefined)){ if(debug_mode) console.log(\"Resized? IsMobile=TRUE\"); googletag.cmd.push(function() { $('div[id^=\"billborad\"][id$=\"_m\"]').each(function(){ if($(this).children().length==0){ var i = $(this).data('billborad-index'); if(i in adUnits_m['billborad']){ var a = adUnits_m['billborad'][i]; if(debug_mode) console.log(\"Resize MWEB billborad: Code:\"+ a.code + \" DIV: \"+a.divid) googletag.defineSlot(a.code, JSON.parse(a.sizes), a.divid).addService(googletag.pubads()); googletag.display( a.divid ); } } }) //$('div[id^=\"lrec\"][id$=\"_m\"]').each(function(){ $('div[data-lrec-page^=\"0\"][data-lrec-page$=\"_m\"]').each(function(){ if($(this).children().length==0){ var i = $(this).data('lrec-index'); if(i in adUnits_m['LREC']){ var a = adUnits_m['LREC'][i]; if(debug_mode) console.log(\"Resize MWEB: Code:\"+ a.code + \" DIV: \"+a.divid) googletag.defineSlot(a.code, JSON.parse(a.sizes), a.divid).addService(googletag.pubads()); googletag.display( a.divid ); } } }) //$('div[id^=\"footer\"][id$=\"_m\"]').each(function(){ $('div[data-footer-page^=\"0\"][data-footer-page$=\"_m\"]').each(function(){ if($(this).children().length==0){ var i = $(this).data('footerm-index'); if(i in adUnits_m['footer']){ var a = adUnits_m['footer'][i]; if(debug_mode) console.log(\"Resize MWEB: Code:\"+ a.code + \" DIV: \"+a.divid) googletag.defineSlot(a.code, JSON.parse(a.sizes), a.divid).addService(googletag.pubads()); googletag.display( a.divid ); } } }) $('div[id^=\"popup\"][id$=\"_m\"]').each(function(){ if($(this).children().length==0){ var i = $(this).data('popup-index'); if(i in adUnits_m['popup']){ var a = adUnits_m['popup'][i]; if(debug_mode) console.log(\"Resize MWEB Popup: Code:\"+ a.code + \" DIV: \"+a.divid) googletag.defineSlot(a.code, JSON.parse(a.sizes), a.divid).addService(googletag.pubads()).addService(googletag.pubads()); googletag.display( a.divid ); } } }) $('div[id^=\"1x1\"][id$=\"_m\"]').each(function(){ if($(this).children().length==0){ var i = $(this).data('1x1-index'); if(i in adUnits_m['1x1']){ var a = adUnits_m['1x1'][i]; if(debug_mode) console.log(\"Resize MWEB 1x1: Code:\"+ a.code + \" DIV: \"+a.divid) googletag.defineSlot(a.code, JSON.parse(a.sizes), a.divid).addService(googletag.pubads()).addService(googletag.pubads()); googletag.display( a.divid ); } } }) $('div[id^=\"gallery_leaderboard\"][id$=\"_m\"]').each(function(){ if($(this).children().length==0){ var i = $(this).data('ad-index'); if(i in adUnits_m['gallery_leaderboard']){ var a = adUnits_m['gallery_leaderboard'][i]; if(debug_mode) console.log(\"Resize MWEB gallery_leaderboard: Code:\"+ a.code + \" DIV: \"+a.divid) googletag.defineSlot(a.code, JSON.parse(a.sizes), a.divid).addService(googletag.pubads()).addService(googletag.pubads()); googletag.display( a.divid ); } } }) $('div[id^=\"gallery_flipad\"][id$=\"_m\"]').each(function(){ if($(this).children().length==0){ var i = $(this).data('ad-index'); if(i in adUnits_m['gallery_flipad']){ var a = adUnits_m['gallery_flipad'][i]; if(debug_mode) console.log(\"Resize MWEB gallery_flipad: Code:\"+ a.code + \" DIV: \"+a.divid) googletag.defineSlot(a.code, JSON.parse(a.sizes), a.divid).addService(googletag.pubads()).addService(googletag.pubads()); googletag.display( a.divid ); } } }) $('div[id^=\"inarticlebanner\"][id$=\"_m\"]').each(function(){ if($(this).children().length==0){ var i = $(this).data('inarticlebanner-index'); if(i in adUnits_m['inarticlebanner']){ var a = adUnits_m['inarticlebanner'][i]; if(debug_mode) console.log(\"Resize MWEB inarticlebanner: Code:\"+ a.code + \" DIV: \"+ $(this).attr('id')) googletag.defineSlot(a.code, JSON.parse(a.sizes), $(this).attr('id')).addService(googletag.pubads()).addService(googletag.pubads()); googletag.display( $(this).attr('id') ); } } }) }); }else if (!isMobile() && typeof adUnits === 'object' && adUnits.length ===undefined){ if(debug_mode) console.log(\"Resized? IsMobile=FALSE\"); googletag.cmd.push(function() { $('div[id^=\"billborad\"]').not('[id$=\"_m\"]').each(function(){ if($(this).children().length==0){ var i = $(this).data('billborad-index'); if(i in adUnits['billborad']){ var a = adUnits['billborad'][i]; if(debug_mode) console.log(\"Resize WEB: Code:\"+ a.code + \" DIV: \"+a.divid) googletag.defineSlot(a.code, JSON.parse(a.sizes), a.divid).addService(googletag.pubads()); googletag.display( a.divid ); } } }) //$('div[id^=\"lrec\"]').not('[id$=\"_m\"]').each(function(){ $('div[data-lrec-page^=\"0\"]').not('[data-lrec-page$=\"_m\"]').each(function(){ if($(this).children().length==0){ var i = $(this).data('lrec-index'); if(i in adUnits['LREC']){ var a = adUnits['LREC'][i]; if(debug_mode) console.log(\"Resize WEB @294: Code:\"+ a.code + \" DIV: \"+a.divid) googletag.defineSlot(a.code, JSON.parse(a.sizes), a.divid).addService(googletag.pubads()); googletag.display( a.divid ); } } }) //$('div[id^=\"footer\"]').not('[id$=\"_m\"]').each(function(){ $('div[data-footer-page^=\"0\"]').not('[data-footer-page$=\"_m\"]').each(function(){ if($(this).children().length==0){ var i = $(this).data('footer-index'); if(i in adUnits['footer']){ var a = adUnits['footer'][i]; if(debug_mode) console.log(\"Resize WEB @294: Code:\"+ a.code + \" DIV: \"+a.divid) googletag.defineSlot(a.code, JSON.parse(a.sizes), a.divid).addService(googletag.pubads()); googletag.display( a.divid ); } } }) $('div[id^=\"popup\"]').not('[id$=\"_m\"]').each(function(){ if($(this).children().length==0){ var i = $(this).data('popup-index'); if(i in adUnits['popup']){ var a = adUnits['popup'][i]; if(debug_mode) console.log(\"Resize popup: Code:\"+ a.code + \" DIV: \"+a.divid) googletag.defineSlot(a.code, JSON.parse(a.sizes), a.divid).addService(googletag.pubads()).addService(googletag.pubads()); googletag.display( a.divid ); } } }) $('div[id^=\"1x1\"]').not('[id$=\"_m\"]').each(function(){ if($(this).children().length==0){ var i = $(this).data('1x1-index'); if(i in adUnits['1x1']){ var a = adUnits['1x1'][i]; if(debug_mode) console.log(\"Resize 1x1: Code:\"+ a.code + \" DIV: \"+a.divid) googletag.defineSlot(a.code, JSON.parse(a.sizes), a.divid).addService(googletag.pubads()).addService(googletag.pubads()); googletag.display( a.divid ); } } }) $('div[id^=\"gallery_leaderboard\"]').not('[id$=\"_m\"]').each(function(){ if($(this).children().length==0){ var i = $(this).data('ad-index'); if(i in adUnits['gallery_leaderboard']){ var a = adUnits['gallery_leaderboard'][i]; if(debug_mode) console.log(\"Resize gallery_leaderboard: Code:\"+ a.code + \" DIV: \"+a.divid) googletag.defineSlot(a.code, JSON.parse(a.sizes), a.divid).addService(googletag.pubads()).addService(googletag.pubads()); googletag.display( a.divid ); } } }) $('div[id^=\"gallery_flipad\"]').not('[id$=\"_m\"]').each(function(){ if($(this).children().length==0){ var i = $(this).data('ad-index'); if(i in adUnits['gallery_flipad']){ var a = adUnits['gallery_flipad'][i]; if(debug_mode) console.log(\"Resize gallery_flipad: Code:\"+ a.code + \" DIV: \"+a.divid) googletag.defineSlot(a.code, JSON.parse(a.sizes), a.divid).addService(googletag.pubads()).addService(googletag.pubads()); googletag.display( a.divid ); } } }) $('div[id^=\"inarticlebanner\"]').not('[id$=\"_m\"]').each(function(){ if($(this).children().length==0){ var i = $(this).data('inarticlebanner-index'); if(i in adUnits['inarticlebanner']){ var a = adUnits['inarticlebanner'][i]; if(debug_mode) console.log(\"Resize inarticlebanner: Code:\"+ a.code + \" DIV: \"+ $(this).attr('id')) googletag.defineSlot(a.code, JSON.parse(a.sizes), $(this).attr('id')).addService(googletag.pubads()).addService(googletag.pubads()); googletag.display( $(this).attr('id') ); } } }) }); }else{ if(debug_mode) console.log(\"Do Nothing during resize\"); } if(isMobile()){ $(\"#keyimg\").removeAttr(\"data-fancybox\"); if((typeof $(\"#keyimg\").attr(\"data-fancybox\"))==\"undefined\"){ $(\"#keyimg_m\").attr(\"data-fancybox\", \"gallery\"); } if( $(\"#img_gallery_flipad1\").length >0 ){ $(\"#img_gallery_flipad1\").attr(\"id\", \"img_gallery_flipad1-m\"); } if( $(\"#img_gallery_flipad2\").length >0 ){ $(\"#img_gallery_flipad2\").attr(\"id\", \"img_gallery_flipad2-m\"); } if( $(\"#img_gallery_flipad3\").length >0 ){ $(\"#img_gallery_flipad3\").attr(\"id\", \"img_gallery_flipad3-m\"); } }else{ if( $(\".share-box\").hide() ){ $(\".share-box\").show(); } $(\"#keyimg_m\").removeAttr(\"data-fancybox\"); if((typeof $(\"#keyimg\").attr(\"data-fancybox\"))==\"undefined\"){ $(\"#keyimg\").attr(\"data-fancybox\", \"gallery\"); } if( $(\"#img_gallery_flipad1-m\").length >0 ){ $(\"#img_gallery_flipad1-m\").attr(\"id\", \"img_gallery_flipad1\"); } if( $(\"#img_gallery_flipad2-m\").length >0 ){ $(\"#img_gallery_flipad2-m\").attr(\"id\", \"img_gallery_flipad2\"); } if( $(\"#img_gallery_flipad3-m\").length >0 ){ $(\"#img_gallery_flipad3-m\").attr(\"id\", \"img_gallery_flipad3\"); } } gallerynumber_ad(); }; function PreviousPos(sitename,index) { if(checkCookie()){ setCookie(\"PreviousPos\", sitename+\".\"+index, 10); } } function RelatedPos(sitename,index) { if(checkCookie()){ setCookie(\"RelatedPos\", sitename+\".\"+index, 10); } } function cckevent(hamhame,btn,lnk) { window.digitalData = {...ClickAA}; window.digitalData.click.outbound = lnk; //evar 16 window.digitalData.click.clickbutton = btn; //evar 6 window.digitalData.page.hamham = hamhame; //evar 44 if( typeof _satellite !== \"undefined\"){ _satellite.track(\"click\", window.digitalData); } ga_cd_dataE = {...ClickGA}; ga_cd_dataE[\"outbound_links\"] = lnk; //evar 16 ga_cd_dataE[\"clickbutton\"] = btn; //evar 6 ga_cd_dataE[\"hamham\"] = hamhame; //evar 44 dataLayer.push(ga_cd_dataE); } 港聞 娛樂 最Hit 即時 中國 國際 星島申訴王 財經 地產 生活 健康 教育 體育 大灣區 專欄 馬經 TV PLUS 更多 港聞 社會 政情 突發 時事熱話 娛樂 即時娛樂 影視圈 星級品味 中國 即時中國 大國外交 兩岸熱話 奇聞趣事 國際 即時國際 環球拆局 趣聞熱話 生活 飲食 好去處 旅遊 時尚購物 生活百科 ArtCan 汽車 財經 投資理財 商業創科 股市 ESG 區塊鏈 地產 樓市資訊 新盤速遞 筍盤推介 海外置業 家居裝修 教育 教育新聞 升學攻略 高等教育 學習教室 知識轉移 親子 健康 食用安全 保健養生 減肥運動 醫生教室 體育 即時體育 足球世界 波盤王 專家點睇 申訴王 放蛇直擊 區區申訴 提防騙子 申訴熱話 人人申訴 大灣區 跨境理財 置業灣區 灣區教育 吃喝玩樂 PLUS 專欄 企業 ST+ 馬經 馬圈快訊 名家專欄 晨操動態 TV 時事台 娛樂台 財經台 生活台 直播Live 港聞 娛樂 最Hit 即時 中國 國際 星島申訴王 財經 地產 生活 健康 教育 體育 大灣區 專欄 馬經 TV PLUS 旗下品牌\n星島網 星島電子報 頭條日報 The Standard 東周刊 親子王 caz buyer 東Touch PCM 電腦廣場 Oh!爸媽 JobMarket 頭條揾工 EDUPLUS 星島環球 頭條金融報 頭條馬網 星島頭條 資訊生活服務平台\n一APP生活「Sync」到 《星島頭條》流動應用程式(APP)是一個結合生活、新聞資訊、視頻、個人化功能及生活實用小工具的綜合平台。 了解更多 關於我們 聯絡我們 隱私政策聲明 使用條款 版權及免責聲明 幫助及反饋 我要爆料 Copyright © 2024 SingTao Ltd.All rights reserved. 主頁 財經 ESG 內地春運租車自駕返鄉火爆 新能源車訂單增5倍 ESG 更新時間：10:40 2024-02-16\n發佈時間：10:40 2024-02-16 字體大小 內地新能源車滲透率已突破40%，高居世界各國之冠。工信部前部長、現任全國政協經濟委員會副主任苗圩更預期，明後年全國新能源車的滲透率就能超越50%。，與當年不同的是，今年春運大多數人自駕車出行，預計72億人次自駕出行，佔整體出行量80%，電動車亦正迅速普及化。今年春運期間，內地全國高速公路上遍佈了2.1萬個充電樁，至大年初三，累計充電量達到4,990萬千瓦時。\n其中，江蘇無錫的梅村服務區，位於京滬高速和滬蓉高速重合段，是今年春節期間全國最忙碌的高速服務區之一，其日均充電量達1.8萬千瓦時，年增了70%。\n「央視財經」報道，自駕出行帶動租車市場火爆，今個農曆新年，租車訂單量按年增加2倍以上，其中，新能源車輛預訂增長5倍；95後的租車訂單佔比超四成，按年增加80%。報道指，僅上海地區，租車預訂量已增長近300%。\n13條高鐵新線開始運行 此外，今年還有13條高鐵新線加入春運，22個小縣城結束了不通鐵路的歷史。528萬人乘坐新線路上的列車，令連接更廣，前進更快，更節能環保。\n---\n《星島申訴王》將推出全新項目「區區有申訴」，並增設「我要讚佢」欄目，現誠邀市民投稿讚揚身邊好人好事，共建更有愛社區。立即「我要讚佢」︰ https://bit.ly/3uJ3yyF\n想睇更多精彩內容，請立即瀏覽「區區有申訴」活動專頁： https://bit.ly/41hgS9E\n《星島頭條》APP經已推出最新版本，請立即更新，瀏覽更精彩內容： https://bit.ly/3yLrgYZ",
    "highlightText": "",
    "highlightTitle": "",
    "highlightThreadTitle": "",
    "language": "english",
    "sentiment": "positive",
    "categories": [
        "Economy, Business and Finance",
        "Environment"
    ],
    "external_links": [
        "https://www.eduplus.hk/",
        "https://cazbuyer.my-magazine.me/",
        "https://www.sthlstatic.com/sthl/assets/images/logo-dark.svg",
        "https://www.facebook.com/stheadlinehk/",
        "https://www.sthlstatic.com/sthl/assets/icons/ico-social-youtube.svg",
        "https://www.pcmarket.com.hk/",
        "https://www.sthlstatic.com/sthl/assets/images/logo.svg",
        "https://play.google.com/store/apps/details?id=singtao.android.hkheadline&hl=zh_HK&gl=US&utm_source=google+play+store",
        "https://www.jobmarket.com.hk/",
        "https://www.youtube.com/c/SingTaoHeadline/",
        "https://easttouch.my-magazine.me/main/",
        "https://www.stnn.cc/",
        "https://www.headlinejobs.hk/",
        "https://www.sthlstatic.com/sthl/assets/images/logo-stepaper.jpeg",
        "https://apps.apple.com/hk/app/%E9%A0%AD%E6%A2%9D%E6%97%A5%E5%A0%B1/id348023216?utm_source=ios",
        "https://www.sthlstatic.com/sthl/assets/images/logo-singtao.svg",
        "https://www.sthlstatic.com/sthl/assets/icons/share-copy-link.svg",
        "https://www.sthlstatic.com/sthl/assets/icons/share_fb.svg",
        "https://www.linkedin.com/company/sing-tao-news-corporation-limited-%E6%98%9F%E5%B3%B6%E6%96%B0%E8%81%9E%E9%9B%86%E5%9C%98/",
        "https://www.googletagmanager.com/ns.html?id=GTM-PHTVG2B",
        "https://bit.ly/3Ol1S5H",
        "https://paper.headlinefinance.hk/",
        "https://www.ohpama.com/",
        "https://www.sthlstatic.com/sthl/assets/icons/ico-social-instagram.svg",
        "https://www.thestandard.com.hk/",
        "https://bit.ly/41hgS9E",
        "https://www.sthlstatic.com/sthl/assets/icons/share-e-mail.svg",
        "https://www.sthlstatic.com/sthl/assets/icons/share-whatsapp.svg",
        "https://www.sthlstatic.com/sthl/assets/icons/ico-social-linkedin.svg",
        "https://bit.ly/3uJ3yyF",
        "https://bit.ly/3yLrgYZ",
        "https://sb.scorecardresearch.com/p?c1=2&c2=9053246&cv=3.6&cj=1",
        "https://www.sthlstatic.com/sthl/assets/icons/ico-social-facebook.svg",
        "https://www.sthlstatic.com/sthl/assets/icons/plus-icon.svg",
        "https://www.instagram.com/singtaoheadline/",
        "https://linkedin.com/company/sing-tao-news-corporation-limited-%E6%98%9F%E5%B3%B6%E6%96%B0%E8%81%9E%E9%9B%86%E5%9C%98/",
        "https://sthlstatic.com/sthl/assets/images/logo-dark.svg",
        "https://sthlstatic.com/sthl/assets/images/logo-stepaper.jpeg",
        "https://www.bit.ly/3uJ3yyF",
        "https://sthlstatic.com/sthl/assets/icons/ico-social-linkedin.svg",
        "https://jobmarket.com.hk/",
        "https://sthlstatic.com/sthl/assets/images/logo.svg",
        "https://easttouch.my-magazine.me/main",
        "https://youtube.com/c/SingTaoHeadline/",
        "https://instagram.com/singtaoheadline/",
        "https://www.apps.apple.com/hk/app/%E9%A0%AD%E6%A2%9D%E6%97%A5%E5%A0%B1/id348023216?utm_source=ios",
        "https://sthlstatic.com/sthl/assets/icons/share_fb.svg",
        "https://sb.scorecardresearch.com/p",
        "https://www.ohpama.com",
        "https://www.youtube.com/c/SingTaoHeadline",
        "https://www.sb.scorecardresearch.com/p?c1=2&c2=9053246&cv=3.6&cj=1",
        "https://play.google.com/store/apps/details",
        "https://facebook.com/stheadlinehk/",
        "https://paper.headlinefinance.hk",
        "https://www.cazbuyer.my-magazine.me/",
        "https://www.headlinejobs.hk",
        "https://www.eduplus.hk",
        "https://www.bit.ly/3yLrgYZ",
        "https://thestandard.com.hk/",
        "https://apps.apple.com/hk/app/%E9%A0%AD%E6%A2%9D%E6%97%A5%E5%A0%B1/id348023216",
        "https://ohpama.com/",
        "https://sthlstatic.com/sthl/assets/icons/share-whatsapp.svg",
        "https://www.jobmarket.com.hk",
        "https://www.thestandard.com.hk",
        "https://stnn.cc/",
        "https://www.paper.headlinefinance.hk/",
        "https://www.stnn.cc",
        "https://headlinejobs.hk/",
        "https://sthlstatic.com/sthl/assets/icons/ico-social-instagram.svg",
        "https://cazbuyer.my-magazine.me",
        "https://www.googletagmanager.com/ns.html",
        "https://googletagmanager.com/ns.html?id=GTM-PHTVG2B",
        "https://sthlstatic.com/sthl/assets/icons/ico-social-youtube.svg",
        "https://www.pcmarket.com.hk",
        "https://www.bit.ly/3Ol1S5H",
        "https://sthlstatic.com/sthl/assets/icons/share-e-mail.svg",
        "https://www.easttouch.my-magazine.me/main/",
        "https://www.bit.ly/41hgS9E",
        "https://sthlstatic.com/sthl/assets/icons/share-copy-link.svg",
        "https://www.instagram.com/singtaoheadline",
        "https://www.facebook.com/stheadlinehk",
        "https://www.linkedin.com/company/sing-tao-news-corporation-limited-%E6%98%9F%E5%B3%B6%E6%96%B0%E8%81%9E%E9%9B%86%E5%9C%98",
        "https://sthlstatic.com/sthl/assets/images/logo-singtao.svg",
        "https://eduplus.hk/",
        "https://sthlstatic.com/sthl/assets/icons/ico-social-facebook.svg",
        "https://www.play.google.com/store/apps/details?id=singtao.android.hkheadline&hl=zh_HK&gl=US&utm_source=google+play+store",
        "https://pcmarket.com.hk/",
        "https://sthlstatic.com/sthl/assets/icons/plus-icon.svg"
    ],
    "external_images": [],
    "entities": {
        "persons": [],
        "organizations": [],
        "locations": []
    },
    "rating": null,
    "crawled": "2024-02-16T04:55:07.223+02:00",
    "updated": "2024-02-16T04:55:07.223+02:00"
}