{
    "thread": {
        "uuid": "a885f9abe526160882fa3cc76d91f1de3f06ff12",
        "url": "https://www.context.news/just-transition/australias-push-to-put-more-solar-panels-on-rental-homes",
        "site_full": "www.context.news",
        "site": "context.news",
        "site_section": "https://www.context.news",
        "site_categories": [],
        "section_title": "Global Climate, Economic Inequality &amp; Tech News | Context",
        "title": "Australia's push to put more solar panels on rental homes | Context",
        "title_full": "Australia's push to put more solar panels on rental homes | Context",
        "published": "2024-02-16T02:00:00.000+02:00",
        "replies_count": 0,
        "participants_count": 1,
        "site_type": "news",
        "country": "US",
        "main_image": "https://ddc514qh7t05d.cloudfront.net/dA/08084a3877d6378c5657dabec7a90aff/1200w/Jpeg",
        "performance_score": 0,
        "domain_rank": 43286,
        "domain_rank_updated": "2024-02-13T12:06:46.000+02:00",
        "reach": null,
        "social": {
            "facebook": {
                "likes": 0,
                "comments": 0,
                "shares": 0
            },
            "gplus": {
                "shares": 0
            },
            "pinterest": {
                "shares": 0
            },
            "linkedin": {
                "shares": 0
            },
            "stumbledupon": {
                "shares": 0
            },
            "vk": {
                "shares": 0
            }
        }
    },
    "uuid": "a885f9abe526160882fa3cc76d91f1de3f06ff12",
    "url": "https://www.context.news/just-transition/australias-push-to-put-more-solar-panels-on-rental-homes",
    "ord_in_thread": 0,
    "parent_url": null,
    "author": "Rina Chandran",
    "published": "2024-02-16T02:00:00.000+02:00",
    "title": "Australia's push to put more solar panels on rental homes | Context",
    "text": "Context is powered by the Thomson Reuters Foundation Newsroom. Our Standards: [Thomson Reuters Trust Principles](https://www.thomsonreuters.com/en/about-us/trust-principles.html) A social housing block where the government is funding the installation of a solar energy system to help residents manage high electricity bills in Adelaide, Australia. January 23 2024. Thomson Reuters Foundation/Rina Chandran About one-third of Australian homes have solar panels, but the benefits have eluded renters and those in social housing ADELAIDE – As a university student in Canberra, Eilis Fitt and her two housemates set rules to keep their electricity bill down - no heater in the living room unless everyone was home, and no turning on the washing machine or dishwasher during peak hours. So she was delighted - and surprised - when their landlord installed solar panels about a year after she moved in. After some initial hiccups, the effect was startling: their electricity bills \"went down significantly,\" she said. \"It made us feel so much more comfortable about turning on the heater when it got cold,\" said Fitt, 25. \"We got lucky - it's very rare for renters to have solar. Landlords generally don't care about how much tenants have to fork out for their electricity use,\" she told Context. Australia has the highest solar capacity installed per capita in the world, with photovoltaic panels in about one-third of households, or 3.6 million homes. That helps many cope with some of the [highest electricity prices](https://www.globalpetrolprices.com/electricity_prices/) in the Asia Pacific. But the benefits have largely eluded renters and those living in social housing, with analysts estimating that only 4% of rental homes have solar power. \"There are no incentives for renters to pay for solar systems themselves, since they have limited security of tenure, let alone rights to do much to the property itself,\" said Dylan McConnell, a renewable energy researcher at the University of New South Wales. \"Similarly, landlords have limited incentive to install solar, since only the renter has the relationship with the energy retailer and can therefore benefit,\" said McConnell. But there is a growing realisation that installing solar on social housing and rentals - which make up more than 30% of properties - is essential to meeting clean energy targets, McConnell said. So there are efforts to encourage landlords to make that investment, he said, with incentives such as [grants, rebates and low-interest loans](https://www.solar.vic.gov.au/solar-rebates-rental-properties %20 ). Australia, with a population of some 25 million, is seeing more frequent extreme weather events such as forest fires, floods, and especially heat waves which are forecast to increase in frequency, intensity and duration due to climate change. Generous subsidies, alongside \"dramatically escalating\" electricity prices, kickstarted the household PV boom from around 2010, according to McConnell, helping more than double Australia's renewable electricity generation in the last decade. However, renters and those living in social housing are experiencing \"energy hardship\", the energy regulator said in a [November report](https://www.aer.gov.au/system/files/2023-11/Game%20Changer%20Report%20-%20November%202023.pdf) that recommended rebates and other assistance. A more desirable solution is solar, but it can be hard for renters and those living in low socio-economic areas to get finance, said Jenny Paradiso, co-founder and managing director of solar firm Suntrix. \"The people who want solar have already got it by now. So we have to go after the renters, the low-income households, those who live far from the grid, and make it easier for them,\" she said in her office as Adelaide experienced its warmest day of the summer, with a high of more than 41 degrees Celsius (105.8F). Suntrix was among the first solar firms to install SolShare, a technology that allows apartments to share solar energy from a single rooftop system that is connected to the units via the building's main switchboard, and delivers energy equitably. \"Tech plays a big part - it's not just about the panels,\" said Paradiso. \"Technologies like SolShare make solar [more accessible](https://www.context.news/just-transition/indian-tech-could-boost-home-solar-panel-use-heres-how) to everyone.\" The SolShare, developed by Australian startup Allume, has been embraced by apartment blocks and affordable housing providers such as Housing Choices Australia, a non-profit that owns and manages about 7,400 properties across the country. Housing Choices has installed solar panels in more than a dozen properties each in South Australia and Western Australia, and in some 500 properties in Victoria, including three apartment blocks with SolShare, said spokesperson Emma Duncan. \"Whilst a majority of the solar installations are initiated by Housing Choices, there has been a demand from residents for solar, especially in the past two years, with the rising cost of electricity bills,\" she said. Australia plans to increase the share of clean energy to as much as [82% of overall electricity supply](https://www.energy.gov.au/energy-data/australian-energy-statistics/renewables#:~:text=In%202022%2C%2032%25%20of%20Australia's,earlier%202021%2D22%20financial%20year.) by 2030 from about a third. Solar currently accounts for the biggest share of clean energy production, at nearly 14%. Solar is the \"most cost-effective means to reduce greenhouse gas emissions related to household electricity use\" because producing electricity at the point of consumption reduces transmission and distribution energy losses, according to the energy regulator. But with fewer subsidies and the declining value of energy exported back into the grid during daylight hours, there is less incentive for landlords to install solar, said McConnell. A survey last year by advocacy group Better Renting showed that about [one-in-three](https://assets.nationbuilder.com/betterrenting/pages/393/attachments/original/1697688496/Solar_Flair_report.pdf?1697688496) renters were keen to get solar because of non-financial reasons, such as contributing to a cleaner, more sustainable future. Yet most renters surveyed also worried that landlords would use solar to justify rent increases. At a social housing complex in Adelaide, where Suntrix is installing solar panels and SolShare as part of a government-funded renovation, residents in the 96 units are mostly concerned about lowering their electricity bills, said Paradiso. \"There is greater awareness of the benefits of solar - though it's mostly the economic benefits they're looking at,\" she said. \"But more and more, they are also worried about their carbon footprint.\" (Reporting by Rina Chandran; Editing by Jon Hemming) Context is powered by the Thomson Reuters Foundation Newsroom. Our Standards: [Thomson Reuters Trust Principles](https://www.thomsonreuters.com/en/about-us/trust-principles.html)",
    "highlightText": "",
    "highlightTitle": "",
    "highlightThreadTitle": "",
    "language": "english",
    "sentiment": "positive",
    "categories": [
        "Politics",
        "Environment"
    ],
    "external_links": [
        "https://www.globalpetrolprices.com/electricity_prices/)",
        "https://assets.nationbuilder.com/betterrenting/pages/393/attachments/original/1697688496/Solar_Flair_report.pdf?1697688496)",
        "https://www.aer.gov.au/system/files/2023-11/Game%20Changer%20Report%20-%20November%202023.pdf)",
        "https://www.energy.gov.au/energy-data/australian-energy-statistics/renewables#:~:text=In%202022%2C%2032%25%20of%20Australia",
        "https://www.thomsonreuters.com/en/about-us/trust-principles.html)",
        "https://www.solar.vic.gov.au/solar-rebates-rental-properties",
        "https://thomsonreuters.com/en/about-us/trust-principles.html)",
        "https://assets.nationbuilder.com/betterrenting/pages/393/attachments/original/1697688496/Solar_Flair_report.pdf",
        "https://www.assets.nationbuilder.com/betterrenting/pages/393/attachments/original/1697688496/Solar_Flair_report.pdf?1697688496)",
        "https://energy.gov.au/energy-data/australian-energy-statistics/renewables#:~:text=In%202022%2C%2032%25%20of%20Australia",
        "https://solar.vic.gov.au/solar-rebates-rental-properties",
        "https://globalpetrolprices.com/electricity_prices/)",
        "https://aer.gov.au/system/files/2023-11/Game%20Changer%20Report%20-%20November%202023.pdf)"
    ],
    "external_images": [],
    "entities": {
        "persons": [
            {
                "name": "rina chandran",
                "sentiment": "none"
            },
            {
                "name": "eilis fitt",
                "sentiment": "none"
            }
        ],
        "organizations": [
            {
                "name": "thomson reuters foundation newsroom",
                "sentiment": "neutral"
            },
            {
                "name": "thomson reuters trust",
                "sentiment": "neutral"
            },
            {
                "name": "thomson reuters foundation",
                "sentiment": "none"
            }
        ],
        "locations": [
            {
                "name": "australia",
                "sentiment": "none"
            },
            {
                "name": "adelaide",
                "sentiment": "none"
            },
            {
                "name": "adelaide",
                "sentiment": "none"
            },
            {
                "name": "canberra",
                "sentiment": "none"
            }
        ]
    },
    "rating": null,
    "crawled": "2024-02-16T04:30:49.916+02:00",
    "updated": "2024-02-16T04:30:49.916+02:00"
}