{
    "thread": {
        "uuid": "1b9bb11c344a27bba1f081074237c05a7e3ca22b",
        "url": "https://andina.pe/agencia/noticia-productores-piura-exportaran-150-toneladas-mani-organico-a-francia-974546.aspx",
        "site_full": "andina.pe",
        "site": "andina.pe",
        "site_section": "https://andina.pe/agencia/rss",
        "site_categories": [
            "travel",
            "south_america",
            "top_news"
        ],
        "section_title": "Agencia Peruana de Noticias Andina",
        "title": "Productores de Piura exportarán 150 toneladas de maní orgánico a Francia | Noticias | Agencia Peruana de Noticias Andina",
        "title_full": "Productores de Piura exportarán 150 toneladas de maní orgánico a Francia | Noticias | Agencia Peruana de Noticias Andina",
        "published": "2024-02-15T02:00:00.000+02:00",
        "replies_count": 0,
        "participants_count": 1,
        "site_type": "news",
        "country": "PE",
        "main_image": "https://portal.andina.pe/EDPfotografia3/Thumbnail/2024/02/15/001038959W.jpg",
        "performance_score": 0,
        "domain_rank": 23725,
        "domain_rank_updated": "2024-02-13T12:06:36.000+02:00",
        "reach": null,
        "social": {
            "facebook": {
                "likes": 0,
                "comments": 0,
                "shares": 0
            },
            "gplus": {
                "shares": 0
            },
            "pinterest": {
                "shares": 0
            },
            "linkedin": {
                "shares": 0
            },
            "stumbledupon": {
                "shares": 0
            },
            "vk": {
                "shares": 0
            }
        }
    },
    "uuid": "1b9bb11c344a27bba1f081074237c05a7e3ca22b",
    "url": "https://andina.pe/agencia/noticia-productores-piura-exportaran-150-toneladas-mani-organico-a-francia-974546.aspx",
    "ord_in_thread": 0,
    "parent_url": null,
    "author": "Empresa Peruana de Servicios Editoriales S. A. EDITORA PERÚ",
    "published": "2024-02-15T02:00:00.000+02:00",
    "title": "Productores de Piura exportarán 150 toneladas de maní orgánico a Francia | Noticias | Agencia Peruana de Noticias Andina",
    "text": "La Cooperativa Agraria Ecológica y Solidaria Piura (CAES Piura) exportará 150 toneladas de maní orgánico a Francia, con apoyo del programa Sierra y Selva Exportadora del Ministerio de Desarrollo Agrario y Riego (Midagri).\nEsta exportación se realiza impulsada por la creciente demanda global y la tendencia al alza en el consumo de alimentos saludables.\nLa referida cooperativa ya realizó con éxito un primer envío de más de 20 toneladas de maní orgánico a Francia, como parte del compromiso comercial de 150 toneladas con la empresa Ethiquable, para este 2024.\nEn ese sentido, la cooperativa ya programó cuatro despachos adicionales, que se realizarán en los meses de mayo, agosto, noviembre y diciembre.\nPara asegurar la calidad y garantizar la sostenibilidad comercial, Sierra y Selva Exportadora brindó el servicio de asistencia técnica en el campo y en la planta de proceso para cumplir las exigencias orgánicas, de calidad y certificaciones que exige la empresa compradora.\n- Adex: número de productos de canasta agroexportadora del Perú creció 3.9%\nPrimer exportador de maní orgánico\nCAES Piura, integrada por 147 pequeños productores de los distritos de Montero, Jilili y Sicchez, donde 40 de ellos se dedican exclusivamente al cultivo de maní, consolida su posición como exportador confiable de productos agrícolas saludables en el mercado internacional sobre la base de prácticas culturales tradicionales para el manejo de plagas y enfermedades.\nAdemás de ser el primer y único exportador de maní orgánico del Perú, CAES Piura también exporta panela, chifles y harina de plátano de seda orgánico.\nSus productos cuentan con certificaciones orgánicas reconocidas a nivel internacional, incluyendo USDA Organic, European Union (EUNOP), RTPO, JAS y SPP Comercio Justo, garantizando la calidad y la trazabilidad de la producción.\nElmer Meza, gerente de la Cooperativa CAES Piura, destacó el papel crucial de la articulación comercial cumplido por Sierra y Selva Exportadora y Ethiquable, no sólo en el logro de sus objetivos comerciales, sino también en la mejora de los ingresos y la dinamización de la agricultura local.\nImpulso a la economía regional\nCon un enfoque de responsabilidad social, CAES Piura ha contribuido significativamente a la generación de empleo sostenible en la región Piura, ofreciendo oportunidades de trabajo digno para los habitantes locales y reduciendo la migración de jóvenes hacia áreas urbanas en busca de empleo.\nEn este sentido, la exportación de maní orgánico a Francia no sólo representa un éxito comercial para CAES Piura, sino también un testimonio del potencial del sector agrícola peruano para ofrecer productos de alta calidad al mercado global, impulsando así el desarrollo económico y social del país.\nPrincipales mercados\nEn el Perú se cultivan aproximadamente 3,500 hectáreas de maní, las cuales están distribuidas en su mayoría en los valles de la costa de Lima y Piura y, en menor proporción, en las regiones de Ayacucho, San Martín y Loreto.\nDurante este 2024, la región Piura proyecta producir 200 toneladas de maní orgánico con un rendimiento de seis toneladas por hectárea, siendo CAES Piura la principal organización dedicada a la producción y comercialización de dicho producto.\nEs importante indicar que los principales países importadores de maní son Alemania, Países Bajos, Francia, España, Estados Unidos y China.\nMás en Andina:\nIngreso promedio en Lima Metropolitana subió 6.8% entre noviembre 2023 y enero 2024. Cifra se ubicó en S/ 1,926.1 https://t.co/wOfENaQRkd pic.twitter.com/gR8oH27lEM\n— Agencia Andina (@Agencia_Andina) February 15, 2024\n(FIN) NDP / MDV",
    "highlightText": "",
    "highlightTitle": "",
    "highlightThreadTitle": "",
    "language": "spanish",
    "sentiment": "positive",
    "categories": [
        "Economy, Business and Finance",
        "Environment"
    ],
    "external_links": [
        "https://t.co/wOfENaQRkd",
        "https://t.co/gR8oH27lEM",
        "https://twitter.com/Agencia_Andina/status/1758200924428730467?ref_src=twsrc%5Etfw",
        "https://www.t.co/gR8oH27lEM",
        "https://www.t.co/wOfENaQRkd",
        "https://www.twitter.com/Agencia_Andina/status/1758200924428730467?ref_src=twsrc%5Etfw",
        "https://twitter.com/Agencia_Andina/status/1758200924428730467"
    ],
    "external_images": [],
    "entities": {
        "persons": [],
        "organizations": [],
        "locations": []
    },
    "rating": null,
    "crawled": "2024-02-16T01:17:44.694+02:00",
    "updated": "2024-02-16T01:17:44.694+02:00"
}