{
    "thread": {
        "uuid": "17328b8cd8eb18ad77fd96a334bfefd6279fb30a",
        "url": "https://bnnbreaking.com/local-news/taumarunuis-transformation-a-14-million-upgrade-to-fortify-the-towns-energy-lifelines",
        "site_full": "bnnbreaking.com",
        "site": "bnnbreaking.com",
        "site_section": "https://bnnbreaking.com/feed",
        "site_categories": [],
        "section_title": "BNN : Latest Posts",
        "title": "Taumarunui's Transformation: A $1.4 Million Upgrade to Fortify the Town's Energy Lifelines",
        "title_full": "Taumarunui's Transformation: A $1.4 Million Upgrade to Fortify the Town's Energy Lifelines",
        "published": "2024-02-15T22:59:00.000+02:00",
        "replies_count": 0,
        "participants_count": 1,
        "site_type": "news",
        "country": "IL",
        "main_image": "https://img-cdn.thepublive.com/fit-in/1200x675/bnn/media/media_files/55cf62384a15b5d2bc46f35cbe601e80ca3bdecfe8ce3f0138f37b8b84e992e5.jpg",
        "performance_score": 0,
        "domain_rank": 27879,
        "domain_rank_updated": "2024-02-13T12:06:36.000+02:00",
        "reach": null,
        "social": {
            "facebook": {
                "likes": 0,
                "comments": 0,
                "shares": 0
            },
            "gplus": {
                "shares": 0
            },
            "pinterest": {
                "shares": 0
            },
            "linkedin": {
                "shares": 0
            },
            "stumbledupon": {
                "shares": 0
            },
            "vk": {
                "shares": 0
            }
        }
    },
    "uuid": "17328b8cd8eb18ad77fd96a334bfefd6279fb30a",
    "url": "https://bnnbreaking.com/local-news/taumarunuis-transformation-a-14-million-upgrade-to-fortify-the-towns-energy-lifelines",
    "ord_in_thread": 0,
    "parent_url": null,
    "author": "Mazhar Abbas",
    "published": "2024-02-15T22:59:00.000+02:00",
    "title": "Taumarunui's Transformation: A $1.4 Million Upgrade to Fortify the Town's Energy Lifelines",
    "text": "In the heart of Taumarunui, a small town renowned for its lush landscapes and tranquil atmosphere, a transformation is quietly underway. The Lines Company (TLC) has embarked on a significant journey, one that promises to fortify the town’s lifelines. With a hefty $1.4 million pledged towards upgrading its electricity infrastructure, the project is not just about replacing the old with the new—it's about reimagining the future of energy supply in this community. As we stand midway through this ambitious endeavor, initiated in mid-January 2024, the promise of progress is both palpable and inspiring.\nThe Spark of Transformation\nThe essence of this project lies in its meticulous planning and execution. With over 50% of the work already completed, TLC's commitment to staying on schedule and within budget shines through. The task at hand involves the replacement of critical yet aging electricity assets, including power poles and crossarms, elements that are vital for the safe and reliable distribution of power. The choice of contractors for this significant task fell to Omexom, working alongside the dedicated staff from TLC's Taumarunui depot. Together, they form the backbone of this transformative project, ensuring each step is taken with precision and care.\nLighting the Way Amid Challenges\nHowever, progress of such magnitude does not come without its set of challenges. Approximately 1,500 households have experienced short-term power outages, a necessary inconvenience to pave the way for a more reliable future. Understanding the potential impact of these outages, TLC has taken proactive steps to work closely with the local community and businesses. Their approach has been one of transparency and collaboration, providing advance notice and working diligently to minimize disruptions. It’s a testament to TLC’s commitment not just to the project's physical execution but to maintaining the trust and support of the Taumarunui community.\nA Future Charged with Possibilities\nAs we look towards the completion of this upgrade, the horizon holds much promise for Taumarunui. The investment of $1.4 million is not just a financial figure; it represents a leap towards securing a more reliable and efficient energy supply for the future. Upon the project's completion, residents can look forward to an infrastructure robust enough to meet modern demands and flexible enough to adapt to future innovations. This upgrade project is a cornerstone in ensuring that the energy needs of Taumarunui’s residents are met with the diligence and foresight they deserve.\nIn the grand scheme of things, the ongoing project in Taumarunui is a microcosm of a broader narrative—a narrative that speaks to the resilience of communities and the importance of forward-thinking infrastructure investments. As TLC nears the completion of this critical upgrade, the anticipation within the community is palpable. It’s a story of progress, of embracing change, and of collectively moving towards a brighter, more sustainable future. And as this chapter in Taumarunui’s story unfolds, it sets a precedent for what community-focused, future-ready projects can achieve.",
    "highlightText": "",
    "highlightTitle": "",
    "highlightThreadTitle": "",
    "language": "english",
    "sentiment": "positive",
    "categories": [
        "Environment"
    ],
    "external_links": [],
    "external_images": [],
    "entities": {
        "persons": [],
        "organizations": [
            {
                "name": "lines company",
                "sentiment": "none"
            },
            {
                "name": "tlc",
                "sentiment": "none"
            }
        ],
        "locations": [
            {
                "name": "taumarunui",
                "sentiment": "none"
            },
            {
                "name": "omexom",
                "sentiment": "none"
            }
        ]
    },
    "rating": null,
    "crawled": "2024-02-16T01:01:07.906+02:00",
    "updated": "2024-02-16T01:01:07.906+02:00"
}