{
    "thread": {
        "uuid": "17a03e3a88e80551fb9d557c3e029c08835e52bd",
        "url": "https://kalkinemedia.com/news/world-news/meet-the-acces-alder-lake-azulles-best-selling-mini-pc-unleashes-remarkable-energy-efficiency-and-productivity",
        "site_full": "kalkinemedia.com",
        "site": "kalkinemedia.com",
        "site_section": "https://kalkinemedia.com/feed",
        "site_categories": [
            "financial_news",
            "finance"
        ],
        "section_title": "Kalkine Media",
        "title": "Meet the Acces Alder Lake: Azulle’s best-selling Mini PC Unleashes Remarkable Energy Efficiency and Productivity",
        "title_full": "Meet the Acces Alder Lake: Azulle’s best-selling Mini PC Unleashes Remarkable Energy Efficiency and Productivity",
        "published": "2024-02-15T19:17:00.000+02:00",
        "replies_count": 0,
        "participants_count": 1,
        "site_type": "news",
        "country": "GB",
        "main_image": "https://kalkinemedia.com/storage/uploads/large/1708040225_65cea02187928_20257652_main_2828x1981.jpeg",
        "performance_score": 0,
        "domain_rank": 63080,
        "domain_rank_updated": "2024-02-13T12:06:46.000+02:00",
        "reach": null,
        "social": {
            "facebook": {
                "likes": 0,
                "comments": 0,
                "shares": 0
            },
            "gplus": {
                "shares": 0
            },
            "pinterest": {
                "shares": 0
            },
            "linkedin": {
                "shares": 0
            },
            "stumbledupon": {
                "shares": 0
            },
            "vk": {
                "shares": 0
            }
        }
    },
    "uuid": "17a03e3a88e80551fb9d557c3e029c08835e52bd",
    "url": "https://kalkinemedia.com/news/world-news/meet-the-acces-alder-lake-azulles-best-selling-mini-pc-unleashes-remarkable-energy-efficiency-and-productivity",
    "ord_in_thread": 0,
    "parent_url": null,
    "author": "info@kalkinemedia.com (EIN Presswire)",
    "published": "2024-02-15T19:17:00.000+02:00",
    "title": "Meet the Acces Alder Lake: Azulle’s best-selling Mini PC Unleashes Remarkable Energy Efficiency and Productivity",
    "text": "MIAMI GARDENS, FLORIDA, UNITED STATES, February 15, 2024 /\nEINPresswire.com/ -- Alder Lake is the recent upgrade for Access mini PCs from Azulle, a leading OEM of mini PCs and mini PC sticks. Access with Alder Lake promises high performance and maximizes productivity beyond limits, making it ideal for businesses looking for a reliable, portable, and faster PC.\nWith the recent upgrade, Access is now powered by the 12th generation of Intel Core processors, an innovative leap in processing power for Azulle's fanless portable computing. The update represents unparalleled efficiency, especially in the enterprise space. Access Alder Lake features a single chip that seamlessly integrates power-efficient (E-cores) and high-performance (P-cores). This innovative hybrid architecture enhances simultaneous task management for increased productivity, in addition to enabling greater energy efficiency.\nThis powerhouse stands as a testament to Azulle's commitment to innovation and efficiency. Whether for home entertainment or diverse business purposes, such as digital signage, remote work, video conferencing, education,\nIoT, and kiosks, the solution-driven Access is well-equipped to enhance performance and ensure efficiency across various applications.\nKey Features of the Access Alder Lake:\n● Silent and efficient operation: Using cutting-edge passive cooling technology, the device's lifespan is extended for quiet and effective operation.\n● Peak Performance: Harness your system's full potential with a choice of 4GB or 8GB RAM and 64GB or 128GB eMMC memory, enabling effortless multitasking and providing abundant storage for swift data access.\n● Customized experience: Tailor the Access to your preferences by adding your own software or your choice of operating system: Windows 11 Pro, Windows IoT Enterprise, or Linux.\n● Seamless Connectivity: Connect all peripherals with a wide array of ports, including 1xUSB-3.0, 1xUSB-C 3.0, HD output, micro SD card slot, 3.5mm audio jack, and Bluetooth 5.2.\n● Always Connected: Experience 24/7 operation and connectivity with an adjustable Wi-Fi antenna (Wi-Fi 6 compatible) and Ethernet port, ensuring direct and reliable Internet access.\n● Versatile Display Power: Built with a USB Type-C Port for dual-display support in 4K@60FPS with any compatible HD-ready display, TV, monitor, or projector. providing an optimal solution for digital signage & multitasking across multiple screens.\nReady to elevate your computing experience? The Access with Alder Lake is available for pre-order on Azulle.com, starting at [insert price]. For further details or to inquire about discounted pricing for bulk orders, please contact us at 786-233-6769 or via email at\n[[email protected]](/cdn-cgi/l/email-protection).\nAbout Azulle\nAzulle is a leading brand and manufacturer of mini PCs, dedicated to developing and introducing practical, innovative solutions for homes and businesses. What began as a small local Miami team creating a single product, is now a large family of unique and talented people driven to pioneer the future of technology. The company provides customers with cutting-edge devices and premiere US-based customer service and technical support. All products are distinctly designed by a team of avid technology lovers and visionaries inspired by real people’s needs.\nRyan Staal\nAzulle\n+1 248-953-8537\nemail us here\nVisit us on social media:\nYouTube",
    "highlightText": "",
    "highlightTitle": "",
    "highlightThreadTitle": "",
    "language": "english",
    "sentiment": "positive",
    "categories": [
        "Science and Technology",
        "Economy, Business and Finance",
        "Environment"
    ],
    "external_links": [
        "https://azulle.com/access-4-alder-lake/",
        "http://www.einpresswire.com/contact_author/686930393",
        "https://azulle.com/iot/",
        "https://www.einpresswire.com/",
        "https://azulle.com/",
        "https://youtube.com/azulletech",
        "https://www.einpresswire.com",
        "https://www.azulle.com/iot/",
        "https://azulle.com/iot",
        "https://azulle.com",
        "http://einpresswire.com/contact_author/686930393",
        "https://www.youtube.com/azulletech",
        "https://www.azulle.com/",
        "https://www.azulle.com/access-4-alder-lake/",
        "https://einpresswire.com/",
        "https://azulle.com/access-4-alder-lake"
    ],
    "external_images": [],
    "entities": {
        "persons": [
            {
                "name": "azulle",
                "sentiment": "none"
            }
        ],
        "organizations": [
            {
                "name": "united states",
                "sentiment": "negative"
            },
            {
                "name": "azulle",
                "sentiment": "negative"
            },
            {
                "name": "alder lake",
                "sentiment": "none"
            },
            {
                "name": "intel core",
                "sentiment": "none"
            }
        ],
        "locations": [
            {
                "name": "alder lake",
                "sentiment": "none"
            },
            {
                "name": "florida",
                "sentiment": "none"
            },
            {
                "name": "azulle",
                "sentiment": "none"
            }
        ]
    },
    "rating": null,
    "crawled": "2024-02-16T01:57:53.123+02:00",
    "updated": "2024-02-16T01:57:53.123+02:00"
}