{
    "thread": {
        "uuid": "772a94c5fd7778c768b1ad8794b4ae356c41dbe4",
        "url": "https://icrowdnewswire.com/2024/02/15/aquaponics-market-size-share-a-sustainable-wave-poised-to-reach-usd-2-46-billion-by-2030",
        "site_full": "icrowdnewswire.com",
        "site": "icrowdnewswire.com",
        "site_section": "http://icrowdnewswire.com/feed",
        "site_categories": [
            "stocks",
            "finance"
        ],
        "section_title": "iCrowdNewswire",
        "title": "Aquaponics Market Size, Share A Sustainable Wave Poised to Reach USD 2.46 Billion by 2030",
        "title_full": "Aquaponics Market Size, Share A Sustainable Wave Poised to Reach USD 2.46 Billion by 2030",
        "published": "2024-02-15T23:31:00.000+02:00",
        "replies_count": 0,
        "participants_count": 1,
        "site_type": "news",
        "country": "US",
        "main_image": "https://icrowdnewswire.com/wp-content/themes/icrowdnewswire/images/main.jpg",
        "performance_score": 0,
        "domain_rank": 94846,
        "domain_rank_updated": "2024-02-13T12:06:51.000+02:00",
        "reach": null,
        "social": {
            "facebook": {
                "likes": 0,
                "comments": 0,
                "shares": 0
            },
            "gplus": {
                "shares": 0
            },
            "pinterest": {
                "shares": 0
            },
            "linkedin": {
                "shares": 0
            },
            "stumbledupon": {
                "shares": 0
            },
            "vk": {
                "shares": 0
            }
        }
    },
    "uuid": "772a94c5fd7778c768b1ad8794b4ae356c41dbe4",
    "url": "https://icrowdnewswire.com/2024/02/15/aquaponics-market-size-share-a-sustainable-wave-poised-to-reach-usd-2-46-billion-by-2030",
    "ord_in_thread": 0,
    "parent_url": null,
    "author": "SanjaySingh3083",
    "published": "2024-02-15T23:31:00.000+02:00",
    "title": "Aquaponics Market Size, Share A Sustainable Wave Poised to Reach USD 2.46 Billion by 2030",
    "text": "The global\naquaponics market is flourishing, driven by its unique ability to combine sustainable food production with efficient resource utilization. According to a report by Market Research Future (MRFR), the market is projected to reach a staggering USD 2,464.29 million by 2030, growing at a remarkable 14.1% CAGR. This growth is fueled by a confluence of factors, including rising concerns about food security, increasing demand for organic and locally-sourced produce, and growing awareness of the environmental benefits of aquaponics.\nWhat is Aquaponics?\nAquaponics is a symbiotic food production system that merges aquaculture (fish farming) with hydroponics (soil-less plant cultivation). In this closed-loop system, fish waste provides nutrients for plants, while plants filter and purify the water for the fish. This eliminates the need for chemical fertilizers and minimizes water waste, making it a highly sustainable and resource-efficient method of food production.\nFree Sample Copy – Obtain a free copy of our sample report to get a taste of our research expertise :\nhttps://www.marketresearchfuture.com/sample_request/2257\nMarket Segmentation: A Multifaceted Landscape\nThe MRFR report delves into the various segments of the aquaponics market, providing valuable insights into key trends and growth drivers.\nBy Produce:\nBy Components:\nBy Equipment:\nBy Application:\nBy Region:\nGrowth Drivers and Challenges\nThe aquaponics market is propelled by several key factors:\nHowever, the market also faces challenges:\nRead More :\nhttps://www.marketresearchfuture.com/reports/aquaponics-market-2257\n|Related Post|",
    "highlightText": "",
    "highlightTitle": "",
    "highlightThreadTitle": "",
    "language": "english",
    "sentiment": "positive",
    "categories": [
        "Environment"
    ],
    "external_links": [
        "https://www.marketresearchfuture.com/reports/aquaponics-market-2257",
        "https://www.marketresearchfuture.com/sample_request/2257",
        "https://marketresearchfuture.com/sample_request/2257",
        "https://marketresearchfuture.com/reports/aquaponics-market-2257"
    ],
    "external_images": [],
    "entities": {
        "persons": [],
        "organizations": [],
        "locations": []
    },
    "rating": null,
    "crawled": "2024-02-16T00:37:59.567+02:00",
    "updated": "2024-02-16T00:37:59.567+02:00"
}