{
    "thread": {
        "uuid": "75a70bcb35f4700864b92889f94fc6cca7303cd3",
        "url": "https://bnnbreaking.com/world/us/penn-state-secures-140000-to-bolster-biodiversity-conservation",
        "site_full": "bnnbreaking.com",
        "site": "bnnbreaking.com",
        "site_section": "https://bnnbreaking.com/feed/",
        "site_categories": [],
        "section_title": "BNN : Latest Posts",
        "title": "Penn State Secures $140,000 to Bolster Biodiversity Conservation",
        "title_full": "Penn State Secures $140,000 to Bolster Biodiversity Conservation",
        "published": "2024-02-15T23:34:00.000+02:00",
        "replies_count": 0,
        "participants_count": 1,
        "site_type": "news",
        "country": "IL",
        "main_image": "https://img-cdn.thepublive.com/fit-in/1200x675/bnn/media/media_files/80f48aec312a2060d8d036c39417daefbf795410dfd9d529ed162e2ccd558d21.jpg",
        "performance_score": 0,
        "domain_rank": 27879,
        "domain_rank_updated": "2024-02-13T12:06:36.000+02:00",
        "reach": null,
        "social": {
            "facebook": {
                "likes": 0,
                "comments": 0,
                "shares": 0
            },
            "gplus": {
                "shares": 0
            },
            "pinterest": {
                "shares": 0
            },
            "linkedin": {
                "shares": 0
            },
            "stumbledupon": {
                "shares": 0
            },
            "vk": {
                "shares": 0
            }
        }
    },
    "uuid": "75a70bcb35f4700864b92889f94fc6cca7303cd3",
    "url": "https://bnnbreaking.com/world/us/penn-state-secures-140000-to-bolster-biodiversity-conservation",
    "ord_in_thread": 0,
    "parent_url": null,
    "author": "María Alejandra Trujillo",
    "published": "2024-02-15T23:34:00.000+02:00",
    "title": "Penn State Secures $140,000 to Bolster Biodiversity Conservation",
    "text": "In a significant boost to environmental conservation efforts, Penn State has secured over $140,000 in state funding, earmarked for critical biodiversity projects. This financial injection, sourced from the Department of Conservation and Natural Resources (DCNR), is a testament to the growing urgency and concerted actions being taken to preserve our natural heritage. The grants, part of a broader initiative that saw the DCNR award over $444,000 to 12 projects across Pennsylvania, are aimed at the preservation of native plant and fish species, a crucial step in maintaining the ecological balance and combating the adverse effects of climate change, disease, and invasive species.\nCharting a Course for Conservation\nThe funding awarded to Penn State, totaling $140,769, will be channeled into three distinct studies under the Wild Resources Conservation Program. Each study is designed with the explicit goal of strengthening the local natural habitat, ensuring the survival and thriving of native species. At a time when biodiversity is under unprecedented threat, these projects represent a beacon of hope. They underscore the importance of adopting a multi-faceted approach to conservation, incorporating research, community engagement, and policy advocacy to safeguard our planet's future.\nA Closer Look at the Projects\nThe first of the three studies focuses on the intricate ecosystems that native plants form, exploring strategies to enhance plant resilience and adaptability. The second study shifts its attention to the aquatic realm, where fish species are facing heightened risks due to environmental changes. This research aims to develop methodologies to monitor and protect these species, ensuring their continuity. Lastly, the third study seeks to bridge the gap between the two, examining the interdependency of plant and fish species and devising holistic strategies for their mutual preservation.\nImpact and Implications\nThe implications of these studies extend far beyond the academic realm. They have the potential to inform policy, guide conservation practices, and foster a deeper understanding of Pennsylvania's rich biodiversity. The projects are a crucial step in building resilience against the challenges that lie ahead, from climate change to habitat destruction. By focusing on native species, Penn State's efforts are not just about preservation but also about restoring the balance of ecosystems that have been disrupted. It's a reminder that conservation is not a solitary endeavor but a collective responsibility, one that requires the involvement of communities, institutions, and governments alike.\nIn essence, the funding awarded to Penn State by the DCNR is more than just a financial grant; it's an investment in the future of our planet. Through meticulous research and dedicated conservation efforts, the university is set to play a pivotal role in ensuring that native plant and fish species not only survive but thrive. As these projects unfold, they will undoubtedly contribute to the broader narrative of biodiversity preservation, serving as a model for similar initiatives worldwide. In a world grappling with environmental challenges, such efforts are a beacon of hope, highlighting the path towards a sustainable and biodiverse future.",
    "highlightText": "",
    "highlightTitle": "",
    "highlightThreadTitle": "",
    "language": "english",
    "sentiment": "positive",
    "categories": [
        "Environment"
    ],
    "external_links": [],
    "external_images": [],
    "entities": {
        "persons": [],
        "organizations": [
            {
                "name": "penn state",
                "sentiment": "negative"
            }
        ],
        "locations": [
            {
                "name": "pennsylvania",
                "sentiment": "none"
            }
        ]
    },
    "rating": null,
    "crawled": "2024-02-16T01:39:34.124+02:00",
    "updated": "2024-02-16T01:39:34.124+02:00"
}