{
    "thread": {
        "uuid": "b1947afbb48c683b27e99aa31f28bdcd3c546d1d",
        "url": "https://bnnbreaking.com/tech/aurora-ferrys-pioneering-decontamination-a-leap-forward-in-maritime-safety-and-environmental-stewardshi",
        "site_full": "bnnbreaking.com",
        "site": "bnnbreaking.com",
        "site_section": "https://bnn.network/rss",
        "site_categories": [],
        "section_title": "BNN : Latest Posts",
        "title": "Aurora Ferry's Pioneering Decontamination: A Leap Forward in Maritime Safety and Environmental Stewardship",
        "title_full": "Aurora Ferry's Pioneering Decontamination: A Leap Forward in Maritime Safety and Environmental Stewardship",
        "published": "2024-02-15T22:14:00.000+02:00",
        "replies_count": 0,
        "participants_count": 1,
        "site_type": "news",
        "country": "IL",
        "main_image": "https://img-cdn.thepublive.com/fit-in/1200x675/bnn/media/media_files/4839a708f9b0ccaf000d743efd8d402ee75a2451ad8af573328f7c46b432ed5e.jpg",
        "performance_score": 0,
        "domain_rank": 27879,
        "domain_rank_updated": "2024-02-13T12:06:36.000+02:00",
        "reach": null,
        "social": {
            "facebook": {
                "likes": 0,
                "comments": 0,
                "shares": 0
            },
            "gplus": {
                "shares": 0
            },
            "pinterest": {
                "shares": 0
            },
            "linkedin": {
                "shares": 0
            },
            "stumbledupon": {
                "shares": 0
            },
            "vk": {
                "shares": 0
            }
        }
    },
    "uuid": "b1947afbb48c683b27e99aa31f28bdcd3c546d1d",
    "url": "https://bnnbreaking.com/tech/aurora-ferrys-pioneering-decontamination-a-leap-forward-in-maritime-safety-and-environmental-stewardshi",
    "ord_in_thread": 0,
    "parent_url": null,
    "author": "Waqas Arain",
    "published": "2024-02-15T22:14:00.000+02:00",
    "title": "Aurora Ferry's Pioneering Decontamination: A Leap Forward in Maritime Safety and Environmental Stewardship",
    "text": "In an era where environmental consciousness is not just a choice but a mandate, the maritime industry takes a significant leap forward. The Aurora ferry, operated by Scanunit, a maritime engineering specialist, recently became the pioneering vessel to undergo a complete replacement and decontamination of its firefighting system, which contained the hazardous chemicals PFAS and PFOS. This groundbreaking endeavor not only marks a pivotal point in maritime safety practices but also sets a precedent for environmental responsibility worldwide.\nBreaking New Ground in Environmental Stewardship\nThe project was initiated in response to an IMO resolution aiming to phase out firefighting foams that use PFOS, known for their detrimental effects on human health and the environment. The Aurora's firefighting system, which previously relied on Aqueous Film Forming Foam (AFFF) containing PFAS and PFOS, was identified as a potential risk not just to the vessel's crew but to marine life and ecosystems. Scanunit's successful decontamination process involved the meticulous removal of 200 liters of AFFF foam, cleaning of 200 meters of pipelines, and the replacement of 52 spray nozzles. This extensive operation culminated in the system being refilled with a fluorine-free foam concentrate, a move that significantly mitigates the environmental hazards associated with traditional firefighting foams.\nThe Hazards of PFAS and PFOS\nThe use of AFFF in firefighting systems has been a longstanding practice, credited for its effectiveness in extinguishing combustible liquid fires. However, the dark side of these chemicals, particularly PFAS (Per- and polyfluoroalkyl substances) and PFOS (Perfluorooctane sulfonate), has come to light in recent years. Classified as carcinogenic, these substances have been linked to an increased risk of testicular cancer among military personnel and firefighters, among other health concerns. The urgency to find safer alternatives has been underscored by ongoing lawsuits and stringent regulations put forth by entities such as the European Chemicals Agency (ECHA) and the Environmental Protection Agency (EPA) to curb the environmental and health risks posed by these toxic chemicals.\nA Milestone for the Maritime Industry\nThe successful replacement and decontamination of the Aurora's firefighting system represent more than just an operational upgrade. It embodies a significant environmental milestone, demonstrating the feasibility and imperative of transitioning to eco-friendly alternatives in maritime operations. The project's completion, which saw the systems' contamination levels fall well below the 1 ppm restriction set by both the ECHA and EPA, not only exemplifies Scanunit's commitment to innovation but also serves as a compelling call to action for the industry at large. The implications of this achievement extend beyond the confines of the Aurora, offering a blueprint for vessels worldwide to mitigate their environmental footprint without compromising safety.\nIn light of the increasing health and environmental concerns associated with PFAS chemicals, the maritime industry's move towards safer firefighting solutions is both timely and critical. The Aurora's project not only highlights the technological capabilities and environmental dedication of Scanunit but also sets a new standard for maritime safety and environmental stewardship. As the industry continues to navigate the challenging waters of sustainability and safety, the successful decontamination and replacement effort aboard the Aurora ferry shines as a beacon of hope and progress. This initiative underscores the urgent need to address contamination issues head-on while pushing the boundaries of what's possible in maritime safety practices, paving the way for a future where the ocean's guardians no longer have to choose between efficacy and ecology.",
    "highlightText": "",
    "highlightTitle": "",
    "highlightThreadTitle": "",
    "language": "english",
    "sentiment": "positive",
    "categories": [
        "Health",
        "Science and Technology",
        "Environment"
    ],
    "external_links": [],
    "external_images": [],
    "entities": {
        "persons": [
            {
                "name": "scanunit",
                "sentiment": "none"
            }
        ],
        "organizations": [
            {
                "name": "aurora ferry",
                "sentiment": "negative"
            }
        ],
        "locations": [
            {
                "name": "aurora",
                "sentiment": "none"
            }
        ]
    },
    "rating": null,
    "crawled": "2024-02-16T00:18:31.464+02:00",
    "updated": "2024-02-16T00:18:31.464+02:00"
}