{
    "thread": {
        "uuid": "8b615327cea01800cfcacc7b3bea327c2def4312",
        "url": "https://mommypoppins.com/connecticut-kids/event/events/spring-apple-hunt-at-lyman-orchards-0",
        "site_full": "mommypoppins.com",
        "site": "mommypoppins.com",
        "site_section": "https://mommypoppins.com/taxonomy/term/114/feed",
        "site_categories": [
            "media",
            "travel",
            "education",
            "theme_parks",
            "k_6_educators"
        ],
        "section_title": "Mommy Poppins - Things to Do with Kids - Connecticut",
        "title": "Spring Apple Hunt at Lyman Orchards",
        "title_full": "Spring Apple Hunt at Lyman Orchards",
        "published": "2024-02-16T01:28:00.000+02:00",
        "replies_count": 0,
        "participants_count": 1,
        "site_type": "news",
        "country": "US",
        "main_image": "",
        "performance_score": 0,
        "domain_rank": 23086,
        "domain_rank_updated": "2024-02-13T12:06:36.000+02:00",
        "reach": null,
        "social": {
            "facebook": {
                "likes": 0,
                "comments": 0,
                "shares": 0
            },
            "gplus": {
                "shares": 0
            },
            "pinterest": {
                "shares": 0
            },
            "linkedin": {
                "shares": 0
            },
            "stumbledupon": {
                "shares": 0
            },
            "vk": {
                "shares": 0
            }
        }
    },
    "uuid": "8b615327cea01800cfcacc7b3bea327c2def4312",
    "url": "https://mommypoppins.com/connecticut-kids/event/events/spring-apple-hunt-at-lyman-orchards-0",
    "ord_in_thread": 0,
    "parent_url": null,
    "author": "npeach_168722",
    "published": "2024-02-16T01:28:00.000+02:00",
    "title": "Spring Apple Hunt at Lyman Orchards",
    "text": "Spring Apple Hunt at Lyman Orchards\nThe Lyman Orchards Spring Apple Hunt annual tradition continues! Children ages 1-10 years old are invited to claim some of the thousands of Lyman's own eco-certified apples hidden in our Hay Maze on the grounds of the Apple Barrel Farm Market on Saturday, April 13th. It's a picture perfect activity, creating family memories on the farm.\nJoin us for a free Magic Show with\nBill Hoagland after the Apple Hunt on the Apple Barrel Farm Market Patio, 11am & 11:45am.\nApple Hunt admission is $15.00 per child (ages 1 to 10 years old) and includes a Spring Apple Hunt T-Shirt. Every child participating in the Hunt receives a Lyman Orchards Spring Apple Hunt T-shirt.\n*New This Year* T-shirt size selection will be made during the check-in process the day of the event (not in advance). We will have a variety of sizes at check-in; preferred shirt sizes are not guaranteed - but we will do our absolute best! T-shirts will be given at check-in before the hunts begin.\nThe Apple Barrel Farm Market opens at 9am for coffee, donuts, and plenty of freshly baked goods! Pancakes and breakfast sandwiches will be served at the Apple Barrel Deli until 11am.\nSchedule:\n10:00am: Ages 1-3\n10:35am: Ages 4-6\n11:10am: Ages 7-10\n11:45am: Ages 1-3\nAdvanced registration is required.\nFor the enjoyment of all our guests, capacity is limited for the apple hunt. All children must be pre-registered online in advance. Once we reach our capacity in a specific age group, tickets will no longer be available. Please remember that one adult is allowed to enter the Apple Hunting area with children in the 1-3 and 4-6 age groups. You will be asked to hang behind while the children start the hunt, and you will be able to join in minutes later. Parents are not permitted to accompany their child into the Apple Hunting area for children ages 7 and above. All sales final; no refunds.\nCheck-in Info:\nArrive up to 60 minutes prior to the ticket time for check-in.\nOnce tickets are purchased online, you will receive an email confirmation/receipt.\nPresent your receipt (on your phone or printed copy) to our staff at the check-in tables near the Apple Hunt area.\nCheck-on is based upon the first letter of your last name.\nWhat if it Rains?\nIf the Apple Hunt is postponed due to inclement weather on April 13th, your Apple Hunt tickets are valid for the rain-date of Sunday, April 14th.\nWe will notify everyone by email and Facebook if we need to reschedule.",
    "highlightText": "",
    "highlightTitle": "",
    "highlightThreadTitle": "",
    "language": "english",
    "sentiment": "positive",
    "categories": [
        "Human Interest",
        "Lifestyle and Leisure",
        "Environment"
    ],
    "external_links": [
        "http://billhmagic.com/",
        "http://billhmagic.com",
        "http://www.billhmagic.com/"
    ],
    "external_images": [],
    "entities": {
        "persons": [
            {
                "name": "panc",
                "sentiment": "none"
            },
            {
                "name": "bill hoagland",
                "sentiment": "none"
            },
            {
                "name": "lyman",
                "sentiment": "none"
            }
        ],
        "organizations": [],
        "locations": [
            {
                "name": "hay maze",
                "sentiment": "none"
            }
        ]
    },
    "rating": null,
    "crawled": "2024-02-16T03:03:45.527+02:00",
    "updated": "2024-02-16T03:03:45.527+02:00"
}