{
    "thread": {
        "uuid": "b141613fcd1430bcd5f01792a972aa79c3670f72",
        "url": "https://www.examiner.com.au/story/8523559/seasonal-food-campaign-urges-tasmanians-to-buy-local-produce",
        "site_full": "www.examiner.com.au",
        "site": "examiner.com.au",
        "site_section": "https://www.examiner.com.au/rss.xml",
        "site_categories": [
            "media"
        ],
        "section_title": "The Examiner - Local News",
        "title": "'Tastier and more nutritious': Northern Tasmanians encouraged to eat local",
        "title_full": "'Tastier and more nutritious': Northern Tasmanians encouraged to eat local",
        "published": "2024-02-15T16:41:00.000+02:00",
        "replies_count": 0,
        "participants_count": 1,
        "site_type": "news",
        "country": "AU",
        "main_image": "https://www.examiner.com.au/images/transform/v1/crop/frm/204692884/2e50f33f-cdc7-4a5c-aadc-d5634c3ddce2.jpg/r0_294_5413_3136_w1200_h630_fmax.jpg",
        "performance_score": 0,
        "domain_rank": 37962,
        "domain_rank_updated": "2024-02-13T12:06:36.000+02:00",
        "reach": null,
        "social": {
            "facebook": {
                "likes": 0,
                "comments": 0,
                "shares": 0
            },
            "gplus": {
                "shares": 0
            },
            "pinterest": {
                "shares": 0
            },
            "linkedin": {
                "shares": 0
            },
            "stumbledupon": {
                "shares": 0
            },
            "vk": {
                "shares": 0
            }
        }
    },
    "uuid": "b141613fcd1430bcd5f01792a972aa79c3670f72",
    "url": "https://www.examiner.com.au/story/8523559/seasonal-food-campaign-urges-tasmanians-to-buy-local-produce",
    "ord_in_thread": 0,
    "parent_url": null,
    "author": "Aaron Smith",
    "published": "2024-02-15T16:41:00.000+02:00",
    "title": "'Tastier and more nutritious': Northern Tasmanians encouraged to eat local",
    "text": "Gastronomy experts are encouraging Tasmanians to eat locally as a seasonal food campaign begins in the state's north. Residents have been asked to vote on their favourite summer produce and where they'd grown, picked or bought it from. Gastronomy Northern Tasmania (GNT) launched the initiative to encourage people to buy local, seasonal produce. GNT chair Jane Bennet said the region had so much to offer in the culinary field. \"Because we have a mild climate, rich soils and a long growing season, we have an amazing range of fresh, locally grown and produced food,\" she said. The chairwoman said this aspect should be celebrated as it was a huge draw for visitors. \"We love the convenience and the range we can find in our bigger supermarkets. But every purchase decision we make has an impact, and often we do have a choice,\" Ms Bennet said. \"If it's local, you can be more confident that the produce will be fresher, tastier and more nutritious.\" Responses from today until the end of summer will go into a draw for a $500 gift card to spend at a café or restaurant or on produce from around the region. \"GNT's objective with this campaign is to help consumers make that choice by building community awareness of what's locally produced, in season, and where it is available,\" Ms Bennet said. \"It's really all about being curious about what we grow and produce in Northern Tasmania - and making the time to appreciate how fortunate we are to live in such a wonderful part of the world.\" Sign up for our newsletter to stay up to date. We care about the protection of your data. Read our [Privacy Policy](https://www.examiner.com.au/privacy/).",
    "highlightText": "",
    "highlightTitle": "",
    "highlightThreadTitle": "",
    "language": "english",
    "sentiment": "positive",
    "categories": [
        "Health",
        "Lifestyle and Leisure",
        "Environment"
    ],
    "external_links": [],
    "external_images": [],
    "entities": {
        "persons": [
            {
                "name": "bennet",
                "sentiment": "none"
            },
            {
                "name": "jane bennet",
                "sentiment": "none"
            }
        ],
        "organizations": [],
        "locations": [
            {
                "name": "tasmania",
                "sentiment": "none"
            }
        ]
    },
    "rating": null,
    "crawled": "2024-02-16T04:37:49.315+02:00",
    "updated": "2024-02-16T04:41:30.577+02:00"
}