{
    "thread": {
        "uuid": "d8e2e2d8000468dc26623cf12241d0bb1e6ce0be",
        "url": "https://www.diariodeleon.es/sociedad/240215/1510636/siete-puestas-sol-olvidar.html",
        "site_full": "www.diariodeleon.es",
        "site": "diariodeleon.es",
        "site_section": "https://www.diariodeleon.es/rss",
        "site_categories": [
            "media",
            "education",
            "business"
        ],
        "section_title": "Diario de León",
        "title": "Siete puestas de sol para no olvidar",
        "title_full": "Siete puestas de sol para no olvidar",
        "published": "2024-02-15T11:12:00.000+02:00",
        "replies_count": 0,
        "participants_count": 1,
        "site_type": "news",
        "country": "ES",
        "main_image": "https://imagenes.diariodeleon.es/files/article_social_75/uploads/2024/02/15/65cde26213a39.jpeg",
        "performance_score": 0,
        "domain_rank": 31163,
        "domain_rank_updated": "2024-02-13T12:06:36.000+02:00",
        "reach": null,
        "social": {
            "facebook": {
                "likes": 0,
                "comments": 0,
                "shares": 0
            },
            "gplus": {
                "shares": 0
            },
            "pinterest": {
                "shares": 0
            },
            "linkedin": {
                "shares": 0
            },
            "stumbledupon": {
                "shares": 0
            },
            "vk": {
                "shares": 0
            }
        }
    },
    "uuid": "d8e2e2d8000468dc26623cf12241d0bb1e6ce0be",
    "url": "https://www.diariodeleon.es/sociedad/240215/1510636/siete-puestas-sol-olvidar.html",
    "ord_in_thread": 0,
    "parent_url": null,
    "author": "EFE",
    "published": "2024-02-15T11:12:00.000+02:00",
    "title": "Siete puestas de sol para no olvidar",
    "text": "Siete puestas de sol para no olvidar\nPúrpuras, anaranjados, rosáceos… Los cálidos colores de las puestas de sol son de lo más variado, pero en algunos lugares este mágico momento es un espectáculo único e inolvidable, que maravilla la vista, conmueve el corazón y despierta con intensidad el amor compartido\nMuchas personas sienten fascinación, pasión e incluso obsesión por los atardeceres, y a esta admiración estética y emocional por el ocaso se le han asignado denominaciones informales, de dudosa etimología, no reconocidas por los diccionarios y terminadas con el sufijo “filia” (afición, simpatía o amor a algo) como opacarofilia, ocasofilia, surupofilia o licofofilia.\nDejando de lado las disquisiciones gramaticales, observar el sol ocultándose en el horizonte puede convertirse en un espectáculo maravilloso e inspirador en algunos rincones privilegiados del globo, inspirando en el observador sentimientos de comunión con la naturaleza, serenidad y bienestar, que se vuelven más intensos y emocionantes cuando se comparten en pareja.\nEl equipo de especialistas en visitas guiadas y excursiones en español por todo el mundo de la plataforma Civitatis, (www.civitatis.com), ha seleccionado algunos de los atardeceres más románticos y especiales del mundo. Esos que hacen surgir con fuerza el amor, a medida que el astro se oculta en el horizonte.\n1.- Florencia\nLa incomparable belleza de Florencia, capital de la región de Toscana en Italia, no solo está presente en las obras maestras del arte que alberga esta ciudad del Renacimiento, como los cuadros de Leonardo da Vinci o Botticelli (Galería Uffizi); o la escultura David, de Miguel Ángel (Galería de la Academia), sino también en sus magníficos atardeceres.\nEl mirador de la Piazzale Michelangelo es uno de los mejores lugares para contemplar Florencia en todo su esplendor desde las alturas, y para vivir una romántica puesta de sol, cuando el astro rey dota a la cúpula de Brunelleschi (catedral Santa María del Fiore) de unos matices muy singulares, según Civitatis.\n2.- Granada\nPocos crepúsculos son tan hermosos como el de La Alhambra de Granada, en España, visto desde el mirador de San Nicolás, una puesta de sol que el expresidente de Estados Unidos, Bill Clinton describió como “el más bello atardecer del mundo”, cuando contempló el mágico ocaso envolviendo el antiguo palacio nazarí, durante su visita al país en 1997.\n3.- París\nUno de los atardeceres más bonitos que se pueden encontrar en París, la capital francesa, conocida como “ciudad del amor y de la luz”, puede disfrutarse en la Plaza del Trocadero, desde donde se pueden ver cómo los últimos rayos de sol van cubriendo, poco a poco, a la gran “dama de hierro”: la Torre Eiffel.\nInfinidad de parejas han descubierto el encanto de esta plaza que, posiblemente, ofrece la mejor vista de la Torre Eiffel, y que es de por si uno de los lugares más emblemático del amor en París, ya que allí tienen lugar numerosas pedidas de matrimonio, muchas de ellas en el romántico ambiente del espectacular atardecer.\n4.- Kenia\nLos atardeceres en la sabana de Kenia, país africano cuya capital es Nairobi, no solo destacan por la viveza de los colores que tiñen el cielo y el horizonte terrestre, sino también por la magia, el misticismo y el romanticismo que desprende el ocaso en las extensas llanuras, cubiertas de hierbas y pastizales y en las que hay escasos árboles dispersos.\nDurante algunos atardeceres, que son espectaculares en la reserva natural de Masái Mara, el parque nacional de Amboseli y la zona del lago Naivasha, a veces es posible contemplar las características siluetas de jirafas, elefantes, impalas e, incluso, leones, recortadas contra la luz crepuscular, en la sabana keniata.\n5.- Iguazú\nLas cataratas del Iguazú, un conjunto de 275 saltos en el río Iguazú, en el límite entre la provincia de Misiones (Argentina) y el estado de Paraná (Brasil), y cuyas cascadas de mayor altura y caudal, en “la Garganta del diablo’, alcanzan los 80 metros de caída, son uno de los grandes atractivos naturales de Sudamérica.\nObservar en pareja una puesta de sol en este majestuoso paisaje acuático y selvático, considerado como una de las ‘siete maravillas naturales del mundo’, visitando tanto el lado argentino de las cataratas como su parte brasileña, es una experiencia no solo romántica, sino también única e inolvidable, según Civitatis.\n6.- Santorini (Grecia).\nQuienes viajen a Grecia, no pueden perderse los atardeceres de Santorini, una de las islas Cícladas en el mar Egeo, conocida por su impresionante caldera volcánica en el centro de la isla, sus casas cúbicas pintadas de blanco con tejados azules y sus playas de piedras de lava blancas, rojas y negras, que la han convertido en uno de los principales destinos turísticos de Europa.\nLa puesta de sol tiene un carácter especialmente mágico y romántico en esta isla griega, que combina a la perfección paisajes de ensueño y enclaves culturales, y que suele ser el destino habitual para numerosas lunas de miel, según Civitatis, que recomienda asistir al ocaso en el encantador pueblo de Oia.\n7.- Corcovado (Brasil)\nUna de las puestas de sol más hermosas y románticas tiene lugar en la ciudad brasileña de Río de Janeiro, y para contemplarlo hay subir hasta el cerro Corcovado, donde se localiza el famoso Cristo Redentor, una monumental escultura de treinta metros de altura sobre un pedestal de ocho metros, que representa a Cristo contemplando la ciudad.\nDesde este mirador se disfruta de unas extraordinarias vistas panorámicas de la bahía de Guanabara, y puede verse el litoral de Ipanema, Copacabana y otras famosas playas cariocas, además del famoso Pan de Azúcar, un peñasco situado sobre una península que sobresale en el océano Atlántico, donde también puede admirarse una puesta de sol inolvidable.",
    "highlightText": "",
    "highlightTitle": "",
    "highlightThreadTitle": "",
    "language": "spanish",
    "sentiment": "positive",
    "categories": [
        "Lifestyle and Leisure",
        "Environment",
        "Arts, Culture and Entertainment"
    ],
    "external_links": [],
    "external_images": [],
    "entities": {
        "persons": [],
        "organizations": [],
        "locations": []
    },
    "rating": null,
    "crawled": "2024-02-16T01:09:31.895+02:00",
    "updated": "2024-02-16T01:09:31.895+02:00"
}