{
    "thread": {
        "uuid": "3284472bb036d1f6520993e90c73365368ddf562",
        "url": "https://flipboard.com/article/expert-reveals-how-to-prepare-your-garden-for-spring-after-the-winter-months/f-cfba2c17c3%2Fco.uk",
        "site_full": "flipboard.com",
        "site": "flipboard.com",
        "site_section": "https://flipboard.com/topic/yorkshire",
        "site_categories": [
            "family_and_parenting",
            "eldercare"
        ],
        "section_title": "Discover More in Yorkshire on Flipboard",
        "title": "Expert Reveals: How To Prepare Your Garden for Spring After the Winter Months | Flipboard",
        "title_full": "Expert Reveals: How To Prepare Your Garden for Spring After the Winter Months | Flipboard",
        "published": "2024-02-15T02:00:00.000+02:00",
        "replies_count": 0,
        "participants_count": 1,
        "site_type": "news",
        "country": "US",
        "main_image": "https://ic-cdn.flipboard.com/thestar.co.uk/de5a988a015351dd07fa97584bf4b0c9d8c2eb42/_medium.jpeg",
        "performance_score": 0,
        "domain_rank": 1218,
        "domain_rank_updated": "2024-02-13T12:06:36.000+02:00",
        "reach": null,
        "social": {
            "facebook": {
                "likes": 0,
                "comments": 0,
                "shares": 0
            },
            "gplus": {
                "shares": 0
            },
            "pinterest": {
                "shares": 0
            },
            "linkedin": {
                "shares": 0
            },
            "stumbledupon": {
                "shares": 0
            },
            "vk": {
                "shares": 0
            }
        }
    },
    "uuid": "3284472bb036d1f6520993e90c73365368ddf562",
    "url": "https://flipboard.com/article/expert-reveals-how-to-prepare-your-garden-for-spring-after-the-winter-months/f-cfba2c17c3%2Fco.uk",
    "ord_in_thread": 0,
    "parent_url": null,
    "author": "The Star - Chris Thomas",
    "published": "2024-02-15T02:00:00.000+02:00",
    "title": "Expert Reveals: How To Prepare Your Garden for Spring After the Winter Months | Flipboard",
    "text": "Expert Reveals: How To Prepare Your Garden for Spring After the Winter Months Understanding the critical steps to prepare your garden for the vibrant growth of spring is essential. After speaking with the expert team at … [Mike Munro](/@MikeMunro2016) flipped this story into [My garden ](/@mikemunro2016/my-garden-hprde7liz)•7h Related storyboards More stories from [Gardening](/topic/gardening) [Homeowner sparks a heated debate after sharing before-and-after photos of their yard renovation: ‘I don’t get it’](/topic/gardening/homeowner-sparks-a-heated-debate-after-sharing-before-and-after-photos-of-their-/a-53i0J7s5Szu9NqxasuTvdg%3Aa%3A3926106047-a0d5cef94f%2Fthecooldown.com) Artificial lawns may promise homeowners benefits, but they come with a handful of environmental consequences.A Reddit user sparked a debate on … [Unveiling My Latest Seed Purchase](/topic/gardening/unveiling-my-latest-seed-purchase/f-0304bc1685%2Fbrenhaas.com) In my latest blog post, I'm thrilled to share a brief video showcasing my recent seed haul. Dive into the post to discover a video, images, and … - Storyboard What To Do If A Neighbor's Tree Falls Into Your YardCurated byHouseDigest [Discovering that a neighbor's tree has fallen into your yard can be an unsettling experience. It's a scenario that can feel like a tricky puzzle, especially when it comes to figuring out who's responsible for what. However, the responsibility for a fallen tree and any damage it causes isn't always cut and dry.](/@housedigest/what-to-do-if-a-neighbor-s-tree-falls-into-your-yard-vl360g8mh1dh8dnv) Join the flipboard community Discover, collect, and share stories for all your interests [Sign up](/signup) More stories from [Soil](/topic/soil) [‘Farmers are paying the highest price.’ Documentary ‘Common Ground’ to show in La Grange](/topic/soil/farmers-are-paying-the-highest-price-documentary-common-ground-to-show-in-la/a-2T9QKthjTIyqbqbgwmDp3A%3Aa%3A3058845665-28f9baabb2%2Fledger-enquirer.com) When was the last time you saw an award-winning environmental documentary in a movie theater? One that left you with hopeful solutions instead of … [The perils of pet poop](/topic/soil/the-perils-of-pet-poop/a-Ma5FJw5mRYuiNlUKgIIqrg%3Aa%3A3235148514-73e7f4ac1b%2Falternet.org) Have you ever been out on a walk and as you take that next step, you feel the slippery squish of poop under your foot? It’s not just gross. Beyond the …",
    "highlightText": "",
    "highlightTitle": "",
    "highlightThreadTitle": "",
    "language": "english",
    "sentiment": "positive",
    "categories": [
        "Lifestyle and Leisure",
        "Environment"
    ],
    "external_links": [],
    "external_images": [],
    "entities": {
        "persons": [
            {
                "name": "storyboa",
                "sentiment": "none"
            },
            {
                "name": "mike munro",
                "sentiment": "none"
            }
        ],
        "organizations": [],
        "locations": [
            {
                "name": "reddit",
                "sentiment": "none"
            }
        ]
    },
    "rating": null,
    "crawled": "2024-02-16T02:13:10.499+02:00",
    "updated": "2024-02-16T02:13:10.499+02:00"
}