{
    "thread": {
        "uuid": "9f1151ff924a7e374b34b927f80c8eb33fa4455e",
        "url": "https://es.dangcongsan.vn/legado-de-ho-chi-minh-y-renovacion/comienza-el-festival-de-plantacion-de-arboles-en-memoria-del-presidente-ho-chi-minh-en-tuyen-quang-18985.html",
        "site_full": "es.dangcongsan.vn",
        "site": "dangcongsan.vn",
        "site_section": "https://es.dangcongsan.vn",
        "site_categories": [],
        "section_title": "\r\n\tPERIÓDICO DIGITAL DEL PARTIDO COMUNISTA DE VIETNAM\r\n",
        "title": "Comienza el Festival de Plantación de Árboles en memoria del presidente Ho Chi Minh en Tuyen Quang",
        "title_full": "Comienza el Festival de Plantación de Árboles en memoria del presidente Ho Chi Minh en Tuyen Quang",
        "published": "2024-02-15T12:35:00.000+02:00",
        "replies_count": 0,
        "participants_count": 1,
        "site_type": "news",
        "country": "ES",
        "main_image": "https://file1.dangcongsan.vn/data/77/images/2024/02/16/upload_4725/t1.jpg?w=400",
        "performance_score": 0,
        "domain_rank": 37476,
        "domain_rank_updated": "2024-02-13T12:06:36.000+02:00",
        "reach": null,
        "social": {
            "facebook": {
                "likes": 0,
                "comments": 0,
                "shares": 0
            },
            "gplus": {
                "shares": 0
            },
            "pinterest": {
                "shares": 0
            },
            "linkedin": {
                "shares": 0
            },
            "stumbledupon": {
                "shares": 0
            },
            "vk": {
                "shares": 0
            }
        }
    },
    "uuid": "9f1151ff924a7e374b34b927f80c8eb33fa4455e",
    "url": "https://es.dangcongsan.vn/legado-de-ho-chi-minh-y-renovacion/comienza-el-festival-de-plantacion-de-arboles-en-memoria-del-presidente-ho-chi-minh-en-tuyen-quang-18985.html",
    "ord_in_thread": 0,
    "parent_url": null,
    "author": "anhnt",
    "published": "2024-02-15T12:35:00.000+02:00",
    "title": "Comienza el Festival de Plantación de Árboles en memoria del presidente Ho Chi Minh en Tuyen Quang",
    "text": "En su intervención en dicho evento en memoria del presidente Ho Chi Minh, quien fue promotor de esta iniciativa, el jefe de Estado celebró los resultados que han logrado los ministerios, sectores, localidades, organizaciones y personas en el proyecto de plantar mil millones de árboles. El mandatario reafirmó que la línea coherente e invariable del país es encaminarse a un desarrollo sostenible y adaptable al cambio climático, una economía verde, circular y amigable con el medio ambiente, hacia el cumplimiento de la meta de cero emisiones netas para el 2050. “La primavera es la estación de los brotes, las nuevas hojas y la esperanza. Plantar árboles es una acción hermosa y significativa. Cada planta sembrada es un regalo inapreciable para las generaciones futuras. Los árboles nos dan cosas vitales, por lo que debemos protegerlos y sembrar más plantas con nuestro amor, agradecimiento y humildad hacia la naturaleza”, manifestó. Según el estadista, esta labor contribuirá a la construcción de un Vietnam cada vez más verde, limpio, hermoso y sostenible, además de reafirmar la responsabilidad nacional con la comunidad internacional en la preservación ambiental a favor de la superación de los desafíos globales por un planeta verde. /",
    "highlightText": "",
    "highlightTitle": "",
    "highlightThreadTitle": "",
    "language": "spanish",
    "sentiment": "positive",
    "categories": [
        "Environment"
    ],
    "external_links": [],
    "external_images": [],
    "entities": {
        "persons": [],
        "organizations": [],
        "locations": []
    },
    "rating": null,
    "crawled": "2024-02-16T00:50:44.787+02:00",
    "updated": "2024-02-16T00:50:44.787+02:00"
}