{
    "thread": {
        "uuid": "f99ddf236d305fcb221a006f8d081a7c231ac16b",
        "url": "https://www.lavoixdunord.fr/1453479/article/2024-04-18/la-ferme-pedagogique-du-moulin-de-bois-farbus-trouve-meme-des-alpagas",
        "site_full": "www.lavoixdunord.fr",
        "site": "lavoixdunord.fr",
        "site_section": "https://www.lavoixdunord.fr",
        "site_categories": [
            "media",
            "top_news"
        ],
        "section_title": "La Voix du Nord",
        "title": "À la ferme pédagogique du Moulin de bois à Farbus, on trouve même… des alpagas ! - La Voix du Nord",
        "title_full": "À la ferme pédagogique du Moulin de bois à Farbus, on trouve même… des alpagas ! - La Voix du Nord",
        "published": "2024-04-18T19:44:00.000+03:00",
        "replies_count": 0,
        "participants_count": 1,
        "site_type": "news",
        "country": "FR",
        "main_image": "https://lvdneng.rosselcdn.net/sites/default/files/dpistyles_v2/ena_16_9_extra_big/2024/04/18/node_1453479/58445263/public/2024/04/18/16106703.jpeg?itok=pokaXtVV1713455078",
        "performance_score": 0,
        "domain_rank": 7448,
        "domain_rank_updated": "2024-04-16T13:07:52.000+03:00",
        "reach": null,
        "social": {
            "facebook": {
                "likes": 0,
                "comments": 0,
                "shares": 0
            },
            "gplus": {
                "shares": 0
            },
            "pinterest": {
                "shares": 0
            },
            "linkedin": {
                "shares": 0
            },
            "stumbledupon": {
                "shares": 0
            },
            "vk": {
                "shares": 0
            }
        }
    },
    "uuid": "f99ddf236d305fcb221a006f8d081a7c231ac16b",
    "url": "https://www.lavoixdunord.fr/1453479/article/2024-04-18/la-ferme-pedagogique-du-moulin-de-bois-farbus-trouve-meme-des-alpagas",
    "ord_in_thread": 0,
    "parent_url": null,
    "author": "Les jeunes du club de prévention Recherche Action Sociales (RAS) de Liévin",
    "published": "2024-04-18T19:44:00.000+03:00",
    "title": "À la ferme pédagogique du Moulin de bois à Farbus, on trouve même… des alpagas ! - La Voix du Nord",
    "text": "À la ferme pédagogique du Moulin de bois à Farbus, on trouve même… des alpagas ! Pouvez-vous nous présenter les alpagas ? « Alors, je vous présente Paquito et Phébus. Ils ont le même âge : 2 ans. Ils viennent tous les deux de l’élevage de la cour Farroux, dans l’Aisne. Nous sommes allés les chercher quand ils avaient à peu près 8, 9 mois, quand ils étaient sevrés. Mais dans leur milieu naturel, ce sont des animaux qui vivent au Pérou, en Amérique du Sud. » De quoi se nourrissent-ils ? « Ce sont des animaux végétariens. Ils se nourrissent essentiellement d’herbe, de feuillage, de foin… Il ne leur faut pas grand-chose d’autre. L’alpaga est un ruminant. Il a des dents en bas, mais pas en haut. Un peu comme les chèvres. » Est-ce qu’ils aiment vivre seuls ? « Alors, non. Ce sont des animaux grégaires. Cela veut dire qu’ils aiment vivre en groupe. Donc quand on prend un alpaga, on sait qu’on ne va pas en prendre un, mais forcément deux. Sinon, il va s’ennuyer et il ne sera pas en bonne santé. » Sont-ils fragiles ? « Pas vraiment. Puisque ce sont des animaux qui vivent au Pérou, en altitude. Donc ils sont assez résistants. Le problème, c’est que ce sont des ruminants. Et un blocage de la rumination, ça peut être fatal. Et puis, le souci qu’on rencontre aussi, c’est que les vétérinaires ne sont pas forcément formés à la santé des alpagas. Chez l’alpaga, l’espérance de vie est d’environ une vingtaine d’années. » Quel est le rôle des alpagas à la ferme ? « Nous avons choisi de prendre des alpagas pour la médiation animale, parce que ce sont des animaux relativement doux. Évidemment, ils ont été aussi bien éduqués dans l’élevage, avant d’arriver ici. Ils ont été socialisés et habitués à l’humain. Mais il faut savoir quand même que ce sont des animaux très craintifs. Quand on les approche, il faut toujours beaucoup de précautions. » [Violences chez les jeunes : sanctions sur le diplôme, plus d’heures au collège, internat, ce qu’a annoncé Gabriel Attal](/1453345/article/2024-04-18/violences-chez-les-jeunes-sanctions-sur-le-diplome-plus-d-heures-au-college) [Au collège Jean-Jacques-Rousseau d’Avion, le théâtre utilisé pour réguler les émotions des élèves](/1453375/article/2024-04-18/au-college-jean-jacques-rousseau-d-avion-le-theatre-utilise-pour-reguler-les) [Le 24 avril, des aménagements pour plus de sécurité devant le lycée public d’Avesnes](/1452908/article/2024-04-17/le-24-avril-des-amenagements-pour-plus-de-securite-devant-le-lycee-public-d) Poursuivez votre lecture sur ce(s) sujet(s) : [Ta Voix Jeunes reporters](/tags/ta-voix-jeunes-reporters) [Ta Voix Loisirs](/tags/ta-voix-loisirs)",
    "highlightText": "",
    "highlightTitle": "",
    "highlightThreadTitle": "",
    "language": "french",
    "sentiment": "positive",
    "categories": [
        "Environment",
        "Human Interest"
    ],
    "external_links": [],
    "external_images": [],
    "entities": {
        "persons": [],
        "organizations": [],
        "locations": []
    },
    "rating": null,
    "crawled": "2024-04-19T00:23:13.453+03:00",
    "updated": "2024-04-19T00:23:13.453+03:00"
}