{
    "thread": {
        "uuid": "f93364d1a77ddf11d82d4e86a47f9fa330a2c8d6",
        "url": "https://www.atoallinks.com/2024/no-booking-fees-islamorada-cudjoe-siesta-key-vacation-rentals-by-owner",
        "site_full": "www.atoallinks.com",
        "site": "atoallinks.com",
        "site_section": "https://www.atoallinks.com",
        "site_categories": [
            "marketing",
            "business"
        ],
        "section_title": "Guest Posting | High Quality BackLinks| Atoallinks.com",
        "title": "Discovering Florida's Island Escapes: Siesta Key, Islamorada, and Cudjoe Key - AtoAllinks",
        "title_full": "Discovering Florida's Island Escapes: Siesta Key, Islamorada, and Cudjoe Key - AtoAllinks",
        "published": "2024-04-18T17:55:00.000+03:00",
        "replies_count": 0,
        "participants_count": 1,
        "site_type": "news",
        "country": "IN",
        "main_image": "https://www.atoallinks.com/wp-content/uploads/2024/04/Cudjoe-Key-Vacation-Rentals-by-Owner.jpg",
        "performance_score": 0,
        "domain_rank": 18499,
        "domain_rank_updated": "2024-04-16T13:07:52.000+03:00",
        "reach": null,
        "social": {
            "facebook": {
                "likes": 0,
                "comments": 0,
                "shares": 0
            },
            "gplus": {
                "shares": 0
            },
            "pinterest": {
                "shares": 0
            },
            "linkedin": {
                "shares": 0
            },
            "stumbledupon": {
                "shares": 0
            },
            "vk": {
                "shares": 0
            }
        }
    },
    "uuid": "f93364d1a77ddf11d82d4e86a47f9fa330a2c8d6",
    "url": "https://www.atoallinks.com/2024/no-booking-fees-islamorada-cudjoe-siesta-key-vacation-rentals-by-owner",
    "ord_in_thread": 0,
    "parent_url": null,
    "author": "@https://twitter.com/AmericanRent1",
    "published": "2024-04-18T17:55:00.000+03:00",
    "title": "Discovering Florida's Island Escapes: Siesta Key, Islamorada, and Cudjoe Key - AtoAllinks",
    "text": "[] Discovering Florida’s Island Escapes: Siesta Key, Islamorada, and Cudjoe Key [](https://www.atoallinks.com/author/findamericanrentals/) [Harry Jones](https://www.atoallinks.com/author/findamericanrentals/), [4 hours ago](https://www.atoallinks.com/2024/no-booking-fees-islamorada-cudjoe-siesta-key-vacation-rentals-by-owner/)7 min read 48 Welcome to the picturesque world of Florida’s island getaways! Looking for a wonderful vacation in the sunny state of Florida? Look no further than Siesta Key, Islamorada and Cudjoe Key. Nestled amidst the azure waters of the Gulf of Mexico and the Atlantic Ocean lie three gems waiting to be explored: Siesta Key, Islamorada, and Cudjoe Key. These picturesque destinations offer the perfect combination of relaxation, adventure and beautiful beaches. Siesta Key is known for its fine white sand beaches and crystal clear waters. Spend your days relaxing on the beach, exploring the lively town of Siesta Key, or enjoying delicious seafood at one of the many beachfront restaurants. Islamorada, also known as the “Sport Fishing Capital of the World,” is an outdoor enthusiast’s paradise. From fishing and snorkeling to kayaking and paddleboarding, there’s no shortage of activities to keep you entertained. Cudjoe Key is a hidden gem in the Florida Keys and offers a more relaxed and peaceful atmosphere. Explore the mangrove forests, take a boat tour of the surrounding islands, or simply relax on the beach with a good book. And with Find American Rentals, you can book your stay hassle-free with no booking fees. Let’s embark on a journey to discover the myriad of activities these enchanting destinations have to offer. Siesta Key: Where Paradise Meets Adventure - Siesta Beach: With its powdery white sands and crystal-clear waters, Siesta Beach is a slice of paradise perfect for sunbathing, swimming, and beachcombing. - Point of Rocks: Snorkelers and divers flock to Point of Rocks to explore its vibrant underwater ecosystem teeming with colorful marine life. - Siesta Key Village: Indulge in shopping, dining, and nightlife at Siesta Key Village, where charming boutiques, cafes, and bars line the streets. - Kayaking at Turtle Beach: Paddle through serene mangrove tunnels and along mangrove-lined shores for a tranquil escape into nature. - Siesta Key Drum Circle: Join locals and visitors alike for a rhythmic gathering on Siesta Beach every Sunday evening, where drummers and dancers come together for a lively celebration. Perfect and Effortless Siesta Key Vacation Stay Are you dreaming of a perfect and effortless stay in Siesta Key for your next vacation? Look no further than [Siesta Key Vacation Rentals by Owner](https://www.findamericanrentals.com/siesta-key-vacation-rentals/c2221) offered through Find American Rentals. Without reserve rates and a wide range of rental options to choose from, planning your dreams of your dreams has never been easier. With the comfort to reserve the rent through this platform, you may be sure that your accommodations will be the first category. From luxurious beachfront condos to cozy cabins located in the heart of the island, Siesta Key Vacation Rentals offers a variety of options to fit your needs and budget. Imagine waking up to the sound of waves crashing onto the shore, enjoying your morning coffee on a private ocean-view balcony, and spending the day relaxing on the beach or exploring the local shops and restaurants. With Find American Rentals, booking your Siesta Key rental is a breeze. Simply browse our listings, choose the perfect accommodation and book with confidence knowing you’ll get the best deal possible with no hidden costs. Say goodbye to the stress of planning your vacation and enjoy a relaxing and memorable stay on Siesta Key. Islamorada: The Sportfishing Capital of the World - Sportfishing Charters: Set sail on a thrilling fishing adventure in the renowned waters of Islamorada, home to some of the best sportfishing opportunities in the world. - History of Diving Museum: Dive into the fascinating history of underwater exploration at the History of Diving Museum, where exhibits showcase the evolution of diving equipment and techniques. - Theater of the Sea: Experience close encounters with dolphins, sea lions, and other marine life at Theater of the Sea, a family-friendly marine park and animal sanctuary. - Anne’s Beach: Unwind on the shores of Anne’s Beach, where shallow waters and scenic boardwalks offer the perfect setting for a leisurely day by the sea. - Art Galleries and Boutiques: Explore Islamorada’s vibrant arts scene with visits to local galleries and boutiques showcasing the work of talented artists and craftsmen. Affordable Islamorada Vacation Accommodation Dreaming of a tropical vacation in Islamorada, but worried about spending a lot of money on lodging? Look no further! Find American Rentals offers a wide selection of affordable [Islamorada Vacation Rentals by Owner](https://www.findamericanrentals.com/islamorada-vacation-rentals/c1637) with no booking fees, ensuring you get the best value on your next vacation. With crystal clear waters, palm trees and a laid-back island vibe, Islamorada is the perfect retreat for those looking to relax and recharge. Whether you prefer a cozy beach bungalow or a luxurious beach villa, Find American Rentals has the perfect accommodation for your budget and preferences. Take the stress out of booking fees: with Find American Rentals you can book directly with owners and save big on your vacation rental. Plus, with its easy-to-use platform, you can easily compare prices, amenities and reviews to find the perfect rental for your vacation. From snorkeling and fishing to dining at world-class restaurants, Islamorada offers endless opportunities for adventure and relaxation. And with your affordable vacation rental insured through Find American Rentals, you can focus on making memories that will last a lifetime. Cudjoe Key: A Hidden Gem of the Lower Keys - Boating and Watersports: Discover the pristine waters surrounding Cudjoe Key with a day of boating, kayaking, or paddleboarding, where secluded coves and mangrove islands await exploration. - Looe Key National Marine Sanctuary: Dive into the underwater wonderland of Looe Key National Marine Sanctuary, home to colorful coral reefs, tropical fish, and other marine creatures. - Cudjoe Gardens Marina: Charter a boat or join a fishing excursion from Cudjoe Gardens Marina, your gateway to the bountiful fishing grounds of the Lower Keys. - Nature Trails at Blimp Road Park: Immerse yourself in the natural beauty of Cudjoe Key with a hike or bike ride along the scenic nature trails of Blimp Road Park, where native flora and fauna thrive. - Local Eateries: Savor the flavors of the Keys at Cudjoe Key’s local eateries, where fresh seafood and Caribbean-inspired cuisine are served with a side of laid-back island charm. All-Inclusive Cudjoe Key Vacation Stay Dreaming of a relaxing vacation on Cudjoe Key, but tired of the hassle of searching through endless rental options and dealing with booking fees? Look no further! Find American Rentals offers a wide selection of [Cudjoe Key Vacation Rentals by Owner](https://www.findamericanrentals.com/cudjoe-key-vacation-rentals/c1359) with everything included and no reservation fees. Imagine waking up to the sound of waves crashing outside your window, stepping out onto your private balcony to enjoy stunning ocean views, and then heading out for a day snorkeling, fishing, or just relaxing on the beach. With Find American Rentals, all this and more is possible without the added stress of reservation fees. Whether you’re looking for a cozy oceanfront cabin for a romantic getaway, a spacious family condo, or a luxurious oceanfront villa for a group vacation, Find American Rentals has the perfect Cudjoe Key vacation rental for you. Plus, with no booking fees, you can save money to spend on more important things, like delicious seafood dinners, exciting excursions, and souvenirs to remember your trip. Don’t let booking fees get in the way of a perfect holiday. Book your all-inclusive Cudjoe Key vacation today with Find American Rentals and prepare to relax, recharge, and create unforgettable memories in this beautiful Florida paradise. As such, Siesta Key, Islamorada, and Cudjoe Key each offer a unique combination of natural beauty, outdoor adventures, and cultural experiences waiting to be discovered. Whether you’re looking for relaxation on sun-kissed beaches, adrenaline-pumping water sports or culinary delights, these enchanting destinations have something for everyone. Start exploring our vacation rentals today and prepare to experience paradise in one of Florida’s most beloved beach destinations. Book your dream vacation to Siesta Key, Islamorada or Cudjoe Key now with Find American Rentals and prepare to enjoy an unforgettable, stress-free vacation in these destinations. And remember, with no booking fees, you can focus on making memories that will last a lifetime. So why wait? Pack your bags, embark on an unforgettable trip, and create memories that will last a lifetime on the island paradise of Florida. Have a good trip!",
    "highlightText": "",
    "highlightTitle": "",
    "highlightThreadTitle": "",
    "language": "english",
    "sentiment": "positive",
    "categories": [
        "Lifestyle and Leisure",
        "Human Interest"
    ],
    "external_links": [
        "https://www.findamericanrentals.com/cudjoe-key-vacation-rentals/c1359)",
        "https://www.findamericanrentals.com/siesta-key-vacation-rentals/c2221)",
        "https://www.findamericanrentals.com/islamorada-vacation-rentals/c1637)",
        "https://findamericanrentals.com/siesta-key-vacation-rentals/c2221)",
        "https://findamericanrentals.com/islamorada-vacation-rentals/c1637)",
        "https://findamericanrentals.com/cudjoe-key-vacation-rentals/c1359)"
    ],
    "external_images": [],
    "entities": {
        "persons": [
            {
                "name": "harry jones",
                "sentiment": "none"
            }
        ],
        "organizations": [],
        "locations": [
            {
                "name": "islamorada",
                "sentiment": "none"
            },
            {
                "name": "florida",
                "sentiment": "none"
            },
            {
                "name": "atlantic ocean",
                "sentiment": "none"
            },
            {
                "name": "gulf of mexico",
                "sentiment": "none"
            }
        ]
    },
    "rating": null,
    "crawled": "2024-04-19T00:21:30.951+03:00",
    "updated": "2024-04-19T02:28:50.287+03:00"
}