{
    "thread": {
        "uuid": "a6de9947501b0be1ac8ee63777c14302b57e0071",
        "url": "https://mag.elcomercio.pe/virales/test-de-pareja-preguntas-para-saber-si-eres-feliz-en-tu-relacion-reto-del-amor-nnda-nnni-noticia",
        "site_full": "mag.elcomercio.pe",
        "site": "elcomercio.pe",
        "site_section": "http://mag.elcomercio.pe",
        "site_categories": [
            "hobbies_and_interests",
            "freelance_writing",
            "top_news"
        ],
        "section_title": "Últimas noticias sobre los estrenos en series y películas, trucos del hogar, tecnología, tendencias y más | MAG.",
        "title": "Test de pareja: 8 preguntas para saber si eres feliz en tu relación | VIRALES | MAG.",
        "title_full": "Test de pareja: 8 preguntas para saber si eres feliz en tu relación | VIRALES | MAG.",
        "published": "2024-04-19T00:15:00.000+03:00",
        "replies_count": 0,
        "participants_count": 1,
        "site_type": "news",
        "country": "PE",
        "main_image": "https://elcomercio.pe/resizer/0w6eimEKKrrNZdMbilujaLwcYjI=/980x528/smart/filters:format(jpeg):quality(75)/cloudfront-us-east-1.images.arcpublishing.com/elcomercio/WQPW6MPVFNHFJNDLC4SZOH6KZ4.jpg",
        "performance_score": 0,
        "domain_rank": 5077,
        "domain_rank_updated": "2024-04-16T13:07:52.000+03:00",
        "reach": null,
        "social": {
            "facebook": {
                "likes": 0,
                "comments": 0,
                "shares": 0
            },
            "gplus": {
                "shares": 0
            },
            "pinterest": {
                "shares": 0
            },
            "linkedin": {
                "shares": 0
            },
            "stumbledupon": {
                "shares": 0
            },
            "vk": {
                "shares": 0
            }
        }
    },
    "uuid": "a6de9947501b0be1ac8ee63777c14302b57e0071",
    "url": "https://mag.elcomercio.pe/virales/test-de-pareja-preguntas-para-saber-si-eres-feliz-en-tu-relacion-reto-del-amor-nnda-nnni-noticia",
    "ord_in_thread": 0,
    "parent_url": null,
    "author": "Redacción Mag.",
    "published": "2024-04-19T00:15:00.000+03:00",
    "title": "Test de pareja: 8 preguntas para saber si eres feliz en tu relación | VIRALES | MAG.",
    "text": "Las relaciones amorosas son un tejido complejo de emociones, expectativas y compromisos. A menudo, nos encontramos en medio de una relación, preguntándonos si realmente somos felices o si algo está fuera de lugar. En un mundo donde las relaciones pueden ser tan efímeras como duraderas, es esencial sopesar regularmente nuestra felicidad y satisfacción en la relación. Aquí en MAG exploraremos algunas preguntas clave que te ayudarán a evaluar tu nivel de felicidad en tu relación. Test de felicidad en la relación: ¿estás realmente feliz en tu relación? Responde las siguientes preguntas de manera sincera para evaluar tu nivel de felicidad en tu relación actual. 1. ¿Con qué frecuencia te sientes valorado/a y apreciado/a por tu pareja? a) Siempre b) A menudo c) A veces d) Raramente e) Nunca 2. ¿Cómo describirías la calidad de la comunicación en tu relación? a) Excelente: podemos hablar abierta y honestamente sobre cualquier cosa. b) Buena: generalmente nos comunicamos bien, pero a veces hay malentendidos. c) Regular: a veces tenemos dificultades para expresar nuestros sentimientos y pensamientos. d) Mala: la comunicación es un problema constante en nuestra relación. e) Terrible: casi no nos comunicamos o lo hacemos de manera destructiva. 3. ¿Comparten tú y tu pareja metas y valores similares? a) Sí, tenemos metas y valores muy similares. b) En su mayoría, aunque hay algunas diferencias menores. c) No realmente, nuestras metas y valores son bastante diferentes. d) No, tenemos metas y valores completamente opuestos. e) No lo sé, nunca hemos hablado sobre nuestras metas y valores. 4. ¿Sientes que la relación está equilibrada en términos de dar y recibir? a) Sí, ambos contribuimos de manera equitativa al bienestar de la relación. b) Mayormente, aunque a veces siento que uno de nosotros da más que el otro. c) No, siento que siempre soy yo quien da más en la relación. d) No, siento que siempre es mi pareja quien da más en la relación. e) No estoy seguro/a, nunca había pensado en ello. 5. ¿Te sientes apoyado/a por tu pareja durante los momentos difíciles? a) Sí, siempre puedo contar con mi pareja cuando lo necesito. b) Mayormente, aunque a veces me gustaría recibir más apoyo. c) A veces sí, a veces no; depende de la situación. d) No, generalmente me siento solo/a durante los momentos difíciles. e) No, mi pareja nunca me brinda apoyo cuando lo necesito. 6. ¿Sientes que tienes espacio para crecer y desarrollarte como individuo dentro de la relación? a) Sí, mi pareja apoya mi crecimiento personal y profesional. b) En su mayoría, aunque a veces siento que mi pareja no está interesada en mi crecimiento. c) No estoy seguro/a, nunca he considerado esta pregunta. d) No, siento que mi pareja limita mi crecimiento personal. e) No, me siento estancado/a en la relación y no veo posibilidad de crecimiento. 7. ¿Disfrutas pasar tiempo con tu pareja y compartes momentos de diversión juntos? a) Sí, siempre nos divertimos juntos y disfrutamos de nuestra compañía. b) Mayormente, aunque a veces nos cuesta encontrar actividades que ambos disfrutemos. c) A veces sí, a veces no; depende de nuestras agendas y estados de ánimo. d) No, raramente disfrutamos de tiempo juntos y nuestras actividades suelen terminar en discusiones. e) Nunca disfruto pasar tiempo con mi pareja y evito actividades juntos siempre que puedo. 8. ¿Sientes que tu pareja te respeta en todos los aspectos de la relación? a) Sí, siento un profundo respeto y admiración por mi pareja. b) En su mayoría, aunque a veces siento que no se respetan mis opiniones o decisiones. c) No, siento que mi pareja a menudo me falta al respeto. d) No, mi pareja nunca muestra respeto hacia mí. e) No estoy seguro/a, nunca había pensado en ello. Puntuación: - Suma el número de respuestas a, b, c, d y e que has seleccionado respectivamente. - Cuanto mayor sea tu número de respuestas “a”, más probable es que estés feliz en tu relación. - Cuanto mayor sea tu número de respuestas “e”, más probable es que haya problemas significativos en tu relación que necesiten ser abordados. Recuerda que este test es solo una herramienta de autoevaluación y que los resultados pueden variar según tu situación y percepción personal. Si tus respuestas indican áreas de mejora en tu relación, considera hablar con tu pareja sobre cómo pueden trabajar juntos para fortalecer su vínculo y aumentar su felicidad mutua. Más test de pareja [Test de pareja: descubre quién da más en tu relación con estas preguntas](https://mag.elcomercio.pe/virales/test-de-pareja-descubre-quien-da-mas-en-tu-relacion-con-estas-preguntas-reto-del-amor-nnda-nnni-noticia/) [Test de pareja para saber si tu relación está hecha de confianza sólida o de dudas ocultas](https://mag.elcomercio.pe/virales/test-de-pareja-para-saber-si-tu-relacion-esta-hecha-de-confianza-solida-o-de-dudas-ocultas-reto-del-amor-nnda-nnni-noticia/) [Test de pareja: ¿cómo saber si mi relación tiene futuro?](https://mag.elcomercio.pe/virales/test-de-pareja-8-preguntas-para-conocer-si-tu-relacion-tiene-futuro-nnda-nnni-noticia/) [¿Estás satisfecho con tu relación de pareja? Descúbrelo en este test](https://mag.elcomercio.pe/virales/test-de-pareja-estas-satisfecho-con-tu-relacion-descubrelo-con-este-reto-del-amor-nnda-nnni-noticia/) [Test de pareja para saber quién es el más celoso de la relación](https://mag.elcomercio.pe/virales/test-de-pareja-para-saber-quien-es-el-mas-celoso-de-la-relacion-reto-del-amor-nnda-nnni-noticia/) Contenido Sugerido Contenido GEC Encuentra las 3 diferencias entre estas imágenes de desayuno en solo 50 segundosMAG. ¡Reto visual para mentes brillantes! ¿Puedes encontrar las dos B entre las R en 8 segundos?MAG. Encuentra las 3 diferencias entre las imágenes de la abuela tejiendoMAG. ¿Qué rosa te parece hermosa? Tu elección te indicará qué tipo de energía poseesDiario Depor",
    "highlightText": "",
    "highlightTitle": "",
    "highlightThreadTitle": "",
    "language": "spanish",
    "sentiment": "positive",
    "categories": [
        "Lifestyle and Leisure",
        "Human Interest"
    ],
    "external_links": [],
    "external_images": [],
    "entities": {
        "persons": [],
        "organizations": [],
        "locations": []
    },
    "rating": null,
    "crawled": "2024-04-19T00:40:38.618+03:00",
    "updated": "2024-05-15T08:21:54.718+03:00"
}