{
    "thread": {
        "uuid": "40a07b092176885b2c598e2a11e3fa40f641240f",
        "url": "https://vnexplorer.net/imprimele-un-sello-increible-a-la-entrada-y-fachada-de-tu-casa-con-estas-ideas-s2433646.html",
        "site_full": "vnexplorer.net",
        "site": "vnexplorer.net",
        "site_section": "https://vnexplorer.net",
        "site_categories": [
            "health",
            "cold_and_flu"
        ],
        "section_title": "Verified News Explorer Channel - VNExplorer",
        "title": "Imprímele un Sello Increíble a la Entrada y Fachada de tu Casa con estas Ideas",
        "title_full": "Imprímele un Sello Increíble a la Entrada y Fachada de tu Casa con estas Ideas",
        "published": "2024-04-19T00:19:00.000+03:00",
        "replies_count": 0,
        "participants_count": 1,
        "site_type": "news",
        "country": "JP",
        "main_image": "https://img-s-msn-com.akamaized.net/tenant/amp/entityid/AA1cjBdA.img",
        "performance_score": 0,
        "domain_rank": 55632,
        "domain_rank_updated": "2024-04-16T13:07:56.000+03:00",
        "reach": null,
        "social": {
            "facebook": {
                "likes": 0,
                "comments": 0,
                "shares": 0
            },
            "gplus": {
                "shares": 0
            },
            "pinterest": {
                "shares": 0
            },
            "linkedin": {
                "shares": 0
            },
            "stumbledupon": {
                "shares": 0
            },
            "vk": {
                "shares": 0
            }
        }
    },
    "uuid": "40a07b092176885b2c598e2a11e3fa40f641240f",
    "url": "https://vnexplorer.net/imprimele-un-sello-increible-a-la-entrada-y-fachada-de-tu-casa-con-estas-ideas-s2433646.html",
    "ord_in_thread": 0,
    "parent_url": null,
    "author": "VNExplorer",
    "published": "2024-04-19T00:19:00.000+03:00",
    "title": "Imprímele un Sello Increíble a la Entrada y Fachada de tu Casa con estas Ideas",
    "text": "La entrada y fachada de tu casa son la primera impresión que los visitantes tienen de tu hogar. Es importante que reflejen tu estilo y personalidad, creando un ambiente acogedor y atractivo. En este artículo, exploraremos diez ideas creativas y modernas para modernizar la entrada y fachada de tu casa, dándole un aspecto renovado y único, que te hará sentir orgulloso de tu hogar.\nPinta la fachada\nPinta la fachada\nUn cambio de color puede tener un impacto significativo en la apariencia de tu casa. Elige tonos modernos y sofisticados que se adapten al estilo arquitectónico de tu hogar. Los tonos neutros, como el gris, blanco o beige, son opciones seguras y elegantes.\nAñade iluminación exterior\nAñade iluminación exterior\nLa iluminación adecuada resalta los detalles arquitectónicos y crea un ambiente acogedor. Instala luces empotradas en el camino de entrada y resalta las características de la fachada con luces direccionales. Además, agrega luces decorativas para realzar el aspecto moderno y dar un toque cálido durante la noche.\nRenueva la puerta principal\nRenueva la puerta principal\nLa puerta de entrada es el punto focal de tu fachada. Considera reemplazarla con un diseño moderno que complemente el estilo arquitectónico de tu casa. Opta por materiales como acero, vidrio o madera con acabados contemporáneos y añade detalles como tiradores y accesorios elegantes.\nCrea un jardín vertical\nCrea un jardín vertical\nAgrega vida y frescura a tu fachada creando un jardín vertical. Utiliza macetas colgantes, jardineras en las paredes o estructuras de madera para plantar enredaderas y plantas ornamentales. Este toque verde agregará un aspecto moderno y natural a tu entrada.\nInstala revestimientos decorativos\nInstala revestimientos decorativos\nDale un toque moderno y sofisticado a tu fachada con revestimientos decorativos. Considera opciones como paneles de madera, piedra, ladrillo o revestimientos metálicos para resaltar áreas específicas. Estos detalles añaden textura y personalidad a tu casa.\nCrea un camino de entrada elegante\nCrea un camino de entrada elegante\nEl camino que conduce a tu puerta principal puede ser una oportunidad para agregar estilo y modernidad. Utiliza materiales como adoquines, piedras, losas de concreto o madera para crear un camino de entrada elegante. Añade iluminación en el borde del camino para resaltarlo aún más.\nAñade elementos de agua\nAñade elementos de agua\nLa incorporación de fuentes, estanques o cascadas en la entrada puede crear un ambiente sereno y moderno. Estos elementos no solo añaden un aspecto visualmente atractivo, sino que también brindan un sonido relajante que da la bienvenida a los visitantes.\nUtiliza puertas y ventanas de estilo contemporáneo\nUtiliza puertas y ventanas de estilo contemporáneo\nSi tu presupuesto lo permite, considera reemplazar las puertas y ventanas antiguas por opciones de diseño contemporáneo. Las líneas limpias y los perfiles delgados dan un aspecto moderno y sofisticado a tu fachada.\nAgrega detalles arquitectónicos\nAgrega detalles arquitectónicos\nLos detalles arquitectónicos, como molduras, cornisas o marcos decorativos, pueden transformar la apariencia de tu fachada. Estos elementos agregan elegancia y estilo, realzando la arquitectura de tu casa.\nIncorpora elementos de paisajismo\nIncorpora elementos de paisajismo\nNo olvides el paisajismo alrededor de tu entrada. Agrega arbustos, flores y plantas que complementen el diseño de tu fachada. Cuida la limpieza y la armonía en el paisaje para lograr un aspecto moderno y equilibrado.\nModernizar la entrada y fachada de tu casa es una excelente manera de realzar su atractivo y personalidad. Con estas ideas creativas y modernas, podrás transformar tu fachada y crear un ambiente acogedor y atractivo que refleje tu estilo. Recuerda adaptar estas ideas a tu presupuesto y estilo personal, y prepárate para recibir halagos por la belleza de tu hogar. ¡Tu entrada será la envidia del vecindario!",
    "highlightText": "",
    "highlightTitle": "",
    "highlightThreadTitle": "",
    "language": "spanish",
    "sentiment": "positive",
    "categories": [
        "Sport",
        "Human Interest",
        "Lifestyle and Leisure"
    ],
    "external_links": [
        "https://img-s-msn-com.akamaized.net/tenant/amp/entityid/AA1cjhWB.img",
        "https://img-s-msn-com.akamaized.net/tenant/amp/entityid/AA1cjwfu.img",
        "https://img-s-msn-com.akamaized.net/tenant/amp/entityid/AA1cjyPp.img",
        "https://img-s-msn-com.akamaized.net/tenant/amp/entityid/AA1cjoyQ.img",
        "https://img-s-msn-com.akamaized.net/tenant/amp/entityid/AA1cjwf3.img",
        "https://img-s-msn-com.akamaized.net/tenant/amp/entityid/AA1cjBdA.img",
        "https://img-s-msn-com.akamaized.net/tenant/amp/entityid/AA1cj2n7.img",
        "https://img-s-msn-com.akamaized.net/tenant/amp/entityid/AA1cjjSC.img",
        "https://img-s-msn-com.akamaized.net/tenant/amp/entityid/AA1cjn3g.img",
        "https://img-s-msn-com.akamaized.net/tenant/amp/entityid/AA1cjtOg.img",
        "https://www.img-s-msn-com.akamaized.net/tenant/amp/entityid/AA1cjhWB.img",
        "https://www.img-s-msn-com.akamaized.net/tenant/amp/entityid/AA1cjoyQ.img",
        "https://www.img-s-msn-com.akamaized.net/tenant/amp/entityid/AA1cjjSC.img",
        "https://www.img-s-msn-com.akamaized.net/tenant/amp/entityid/AA1cjBdA.img",
        "https://www.img-s-msn-com.akamaized.net/tenant/amp/entityid/AA1cjwfu.img",
        "https://www.img-s-msn-com.akamaized.net/tenant/amp/entityid/AA1cj2n7.img",
        "https://www.img-s-msn-com.akamaized.net/tenant/amp/entityid/AA1cjtOg.img",
        "https://www.img-s-msn-com.akamaized.net/tenant/amp/entityid/AA1cjyPp.img",
        "https://www.img-s-msn-com.akamaized.net/tenant/amp/entityid/AA1cjwf3.img",
        "https://www.img-s-msn-com.akamaized.net/tenant/amp/entityid/AA1cjn3g.img"
    ],
    "external_images": [],
    "entities": {
        "persons": [],
        "organizations": [],
        "locations": []
    },
    "rating": null,
    "crawled": "2024-04-19T00:28:02.410+03:00",
    "updated": "2024-04-19T00:28:02.410+03:00"
}