{
    "thread": {
        "uuid": "b5e010ffaa142e83505c4e398890ed0453fe8b71",
        "url": "https://www.cbsnews.com/minnesota/video/alzheimers-disease-treatment-offers-hope-to-patients-in-the-early-stages-of-disease-sponsored-cont",
        "site_full": "www.cbsnews.com",
        "site": "cbsnews.com",
        "site_section": "https://www.cbsnews.com/minnesota/wcco-tv/",
        "site_categories": [
            "media",
            "television",
            "entertainment",
            "top_news"
        ],
        "section_title": "Meet the WCCO-TV Team - CBS Minnesota",
        "title": "Alzheimer's disease treatment offers hope to patients in the early stages of disease (sponsored cont - CBS Minnesota",
        "title_full": "Alzheimer's disease treatment offers hope to patients in the early stages of disease (sponsored cont - CBS Minnesota",
        "published": "2024-04-18T03:00:00.000+03:00",
        "replies_count": 0,
        "participants_count": 1,
        "site_type": "news",
        "country": "US",
        "main_image": "https://assets1.cbsnewsstatic.com/hub/i/r/2024/04/18/e20b6ff8-44fb-4b0a-881d-adac0503d06f/thumbnail/1200x630/d12e46e263f0804abf6136d7efe59333/b3f06a4fab8722248a92d85518d77877-2.jpg?v=55c0f85ebcd2b956528d9c6f5a7e8871",
        "performance_score": 0,
        "domain_rank": 189,
        "domain_rank_updated": "2024-04-16T13:07:52.000+03:00",
        "reach": null,
        "social": {
            "facebook": {
                "likes": 0,
                "comments": 0,
                "shares": 0
            },
            "gplus": {
                "shares": 0
            },
            "pinterest": {
                "shares": 0
            },
            "linkedin": {
                "shares": 0
            },
            "stumbledupon": {
                "shares": 0
            },
            "vk": {
                "shares": 0
            }
        }
    },
    "uuid": "b5e010ffaa142e83505c4e398890ed0453fe8b71",
    "url": "https://www.cbsnews.com/minnesota/video/alzheimers-disease-treatment-offers-hope-to-patients-in-the-early-stages-of-disease-sponsored-cont",
    "ord_in_thread": 0,
    "parent_url": null,
    "author": "CBS Minnesota",
    "published": "2024-04-18T03:00:00.000+03:00",
    "title": "Alzheimer's disease treatment offers hope to patients in the early stages of disease (sponsored cont - CBS Minnesota",
    "text": "Latest U.S. World Politics Entertainment HealthWatch MoneyWatch Crime Sports Local News Baltimore Bay Area Boston Chicago Colorado Detroit Los Angeles Miami Minnesota New York Philadelphia Pittsburgh Sacramento Texas Live CBS News Streaming Baltimore Bay Area Boston Chicago Colorado Detroit Los Angeles Miami Minnesota New York Philadelphia Pittsburgh Sacramento Texas Shows 48 Hours 60 Minutes America Decides CBS Evening News CBS Mornings CBS News Eye on America CBS News Mornings CBS Reports CBS Saturday Morning The Dish Face the Nation Here Comes the Sun Person to Person Prime Time Sunday Morning The Takeout The Uplift Weekender Photos Podcasts In Depth Newsletters Download Our App CBS News Team Executive Team Paramount Shop Paramount+ Join Our Talent Community RSS Feeds A Moment With... Innovators & Disruptors Minnesota News All News Twin Cities News Greater Minnesota News Wisconsin News WCCO Investigates Community Journalism Politics Crime Health Consumer Good Question Finding Minnesota CBS+ Weather NEXT Weather Live Radar Closings & Delays Weather Watcher Network Sports Latest Sports CBS Sports HQ Vikings Twins Timberwolves Lynx Wild United FC Aurora FC Gophers High School Sports Rally Video WCCO Shows & Specials Good Question Finding Minnesota WCCO Investigates Talking Points The Uplift State of Water Savor Asia State Fair Home for the Holidays Station Info WCCO-TV News Team Links & Numbers Contests & Promotions Galleries WCCO-TV Jobs Download WCCO's App Advertise Watch CBS News Alzheimer's disease treatment offers hope to patients in the early stages of disease Sponsored and Provided by Eisai & Biogen. View CBS News In CBS News App Open Chrome Safari Continue Be the first to know Get browser notifications for breaking news, live events, and exclusive reporting. Not Now Turn On",
    "highlightText": "",
    "highlightTitle": "",
    "highlightThreadTitle": "",
    "language": "english",
    "sentiment": "positive",
    "categories": [
        "Human Interest",
        "Science and Technology",
        "Health"
    ],
    "external_links": [],
    "external_images": [],
    "entities": {
        "persons": [
            {
                "name": "baltimore ba",
                "sentiment": "negative"
            }
        ],
        "organizations": [
            {
                "name": "cbs minnesota latest u.s. world politics entertainment healthwatch",
                "sentiment": "negative"
            },
            {
                "name": "cbs news team executive team paramount shop paramount",
                "sentiment": "none"
            },
            {
                "name": "minnesota cbs",
                "sentiment": "none"
            }
        ],
        "locations": []
    },
    "rating": null,
    "crawled": "2024-04-19T00:05:18.303+03:00",
    "updated": "2024-04-19T00:54:32.205+03:00"
}