{
    "thread": {
        "uuid": "f8837a4558436b58a99480cc43cfe1ef5ab3dbae",
        "url": "https://www.journaldemontreal.com/2024/04/18/la-lnah-continue-de-se-rapprocher-de-quebec-mais-devra-probablement-partager-son-calendrier-entre-deux-arenas",
        "site_full": "www.journaldemontreal.com",
        "site": "journaldemontreal.com",
        "site_section": "http://www.journaldequebec.com",
        "site_categories": [
            "media",
            "top_news"
        ],
        "section_title": "Accueil | Le Journal de Québec",
        "title": "La LNAH continue de se rapprocher de Québec... mais devra probablement partager son calendrier entre deux arénas | JDM",
        "title_full": "La LNAH continue de se rapprocher de Québec... mais devra probablement partager son calendrier entre deux arénas | JDM",
        "published": "2024-04-18T22:00:00.000+03:00",
        "replies_count": 0,
        "participants_count": 1,
        "site_type": "news",
        "country": "CA",
        "main_image": "https://m1.quebecormedia.com/emp/emp/hockey_3_04_03_200550662d77-17a1-4b4f-b21f-4e593ba0c815_ORIGINAL.jpg?impolicy=crop-resize&x=0&y=0&w=1600&h=900&width=1200",
        "performance_score": 0,
        "domain_rank": 8409,
        "domain_rank_updated": "2024-04-16T13:07:52.000+03:00",
        "reach": null,
        "social": {
            "facebook": {
                "likes": 0,
                "comments": 0,
                "shares": 0
            },
            "gplus": {
                "shares": 0
            },
            "pinterest": {
                "shares": 0
            },
            "linkedin": {
                "shares": 0
            },
            "stumbledupon": {
                "shares": 0
            },
            "vk": {
                "shares": 0
            }
        }
    },
    "uuid": "f8837a4558436b58a99480cc43cfe1ef5ab3dbae",
    "url": "https://www.journaldemontreal.com/2024/04/18/la-lnah-continue-de-se-rapprocher-de-quebec-mais-devra-probablement-partager-son-calendrier-entre-deux-arenas",
    "ord_in_thread": 0,
    "parent_url": null,
    "author": "Le Journal de Montréal",
    "published": "2024-04-18T22:00:00.000+03:00",
    "title": "La LNAH continue de se rapprocher de Québec... mais devra probablement partager son calendrier entre deux arénas | JDM",
    "text": "La Ligue nord-américaine de hockey (LNAH) continue de se rapprocher de Québec. Selon toute vraisemblance, une nouvelle équipe dans la Vieille Capitale aurait à partager son calendrier entre deux arénas de la région, en raison d’enjeux logistiques. Le dossier du calendrier est le seul élément qui empêche la LNAH de confirmer un retour à Québec, présentement. Le commissaire du circuit Jessy Girard sera de passage mardi prochain afin de discuter avec les différents intervenants. «Ça demeure notre plus grand désir d’avoir une équipe à Québec, a-t-il assuré au Journal. Le dossier avait avancé très vite au départ et, là, on est sur la voie d’accotement un peu.» La question des heures de glace demeure le plus gros problème à régler avant de pouvoir confirmer la venue d’une équipe de la LNAH à Québec dès l’automne prochain. Il y a quelques semaines, M. Girard mentionnait au Journal que l’option la plus logique pour accueillir une nouvelle concession de son circuit était le Complexe sportif multidisciplinaire de L’Ancienne-Lorette , qui s’appelle dorénavant le complexe sportif Bonair. Finalement, le Pavillon de la jeunesse est aussi dans les plans, nous a-t-on confirmé. L’équipe partagerait probablement son calendrier entre ces deux amphithéâtres privés. Et c’est là que c’est plus compliqué. La LNAH a fait ses demandes en matière de plages horaires et demeure en attente des différents intervenants. Enjeu logistique Il faut comprendre que les heures de glace du complexe sportif Bonair sont déjà largement occupées par du hockey mineur, des ligues d’adultes et d’autres activités. C’est aussi le cas du Pavillon de la jeunesse, mais ce qui pose aussi problème, dans son cas, ce sont les différents salons et expositions tenus sur le site d’Expo-Cité durant l’année. Le circuit ne veut également pas entrer en conflit d’horaire avec les Remparts de Québec, qui évoluent au Centre Vidéotron, à quelques mètres du Pavillon de la jeunesse. Par ailleurs, tout indique que le dossier d’une expansion à Saint-Hyacinthe a fait du chemin plus rapidement que celui de Québec. «C’est réglé, à Saint-Hyacinthe. C’est parti», a confirmé Jessy Girard.",
    "highlightText": "",
    "highlightTitle": "",
    "highlightThreadTitle": "",
    "language": "french",
    "sentiment": "positive",
    "categories": [
        "Human Interest"
    ],
    "external_links": [
        "https://www.journaldequebec.com/2024/03/01/une-equipe-de-la-lnah-de-retour-a-quebec-cest-tres-serieux-et-tres-concret-confirme-le-commissaire-du-circuit",
        "https://journaldequebec.com/2024/03/01/une-equipe-de-la-lnah-de-retour-a-quebec-cest-tres-serieux-et-tres-concret-confirme-le-commissaire-du-circuit"
    ],
    "external_images": [],
    "entities": {
        "persons": [],
        "organizations": [],
        "locations": []
    },
    "rating": null,
    "crawled": "2024-04-19T00:06:29.331+03:00",
    "updated": "2024-04-19T00:06:29.331+03:00"
}