{
    "thread": {
        "uuid": "93984bebec99cd997ff0789cd915ac0463adb7ff",
        "url": "https://en.vijesti.me/news/politics/703412/for-the-future%2C-mikijel-achieved-significant-results-with-his-domestic-approach",
        "site_full": "en.vijesti.me",
        "site": "vijesti.me",
        "site_section": "https://en.vijesti.me/calendar",
        "site_categories": [
            "top_news"
        ],
        "section_title": "News for 01-01-1970 | News",
        "title": "For the future of Budva: Mikijelj's homely approach achieved significant results",
        "title_full": "For the future of Budva: Mikijelj's homely approach achieved significant results",
        "published": "2024-04-18T23:22:00.000+03:00",
        "replies_count": 0,
        "participants_count": 1,
        "site_type": "news",
        "country": "ME",
        "main_image": "https://www.vijesti.me/data/images/2023/03/22/07/5476597_2325118_share.jpg",
        "performance_score": 0,
        "domain_rank": 32491,
        "domain_rank_updated": "2024-04-16T13:07:52.000+03:00",
        "reach": null,
        "social": {
            "facebook": {
                "likes": 0,
                "comments": 0,
                "shares": 0
            },
            "gplus": {
                "shares": 0
            },
            "pinterest": {
                "shares": 0
            },
            "linkedin": {
                "shares": 0
            },
            "stumbledupon": {
                "shares": 0
            },
            "vk": {
                "shares": 0
            }
        }
    },
    "uuid": "93984bebec99cd997ff0789cd915ac0463adb7ff",
    "url": "https://en.vijesti.me/news/politics/703412/for-the-future%2C-mikijel-achieved-significant-results-with-his-domestic-approach",
    "ord_in_thread": 0,
    "parent_url": null,
    "author": "@Vijestime",
    "published": "2024-04-18T23:22:00.000+03:00",
    "title": "For the future of Budva: Mikijelj's homely approach achieved significant results",
    "text": "With a homely approach and through the dedication of the list holder Mladen Mikijelj and his team, Budva has experienced significant development in infrastructure, economy and environmental sustainability, laying the foundations for a bright future, according to the statement of the list \"For the future of Budva - Budva, an open city\". \"Mladen Mikijelj, holder of the list 'For the future of Budva - Budva, an open city' and a candidate for the president of the municipality, together with his team, showed how clear results can change the future of Montenegro and Budva. Through their dedication, Budva has experienced significant development in infrastructure, economy and environmental sustainability, laying the foundations for a bright future,\" the announcement of this list states. It is further emphasized that Mikijelj achieved significant results with a homely approach, among which, as they claim from his list, is that he \"returned the Kamenari - Lepetane ferry line to Montenegro and increased the income from it from 200 to eight million euros, raised the budget JP Morsko dobro from 4,5 to 24 million euros, built promenades on the Jaz, in Pržno, and a promenade and square in Sutomor, built the 'Velika Skela' pier in Ulcinj, and the construction of the 'Pet Danica' promenade in Herceg Novi is underway. Bonus video:",
    "highlightText": "",
    "highlightTitle": "",
    "highlightThreadTitle": "",
    "language": "english",
    "sentiment": "positive",
    "categories": [
        "Human Interest",
        "Politics"
    ],
    "external_links": [],
    "external_images": [],
    "entities": {
        "persons": [
            {
                "name": "mladen mikijelj",
                "sentiment": "negative"
            },
            {
                "name": "mikijelj",
                "sentiment": "negative"
            }
        ],
        "organizations": [],
        "locations": [
            {
                "name": "budva",
                "sentiment": "none"
            },
            {
                "name": "montenegro",
                "sentiment": "none"
            },
            {
                "name": "kamenari",
                "sentiment": "none"
            }
        ]
    },
    "rating": null,
    "crawled": "2024-04-19T00:05:00.595+03:00",
    "updated": "2024-04-19T00:05:00.595+03:00"
}