{
    "thread": {
        "uuid": "f6610d0d6c3ed99113ac5a60aba14bfa4ab62d4f",
        "url": "https://www.razon.com.mx/deportes/sara-duque-maestra-consentida-futbolistas-vive-dia-increible-bombonera-video-573424",
        "site_full": "www.razon.com.mx",
        "site": "razon.com.mx",
        "site_section": "https://razon.com.mx/deportes",
        "site_categories": [
            "travel",
            "mexico_and_central_america"
        ],
        "section_title": "Deportes",
        "title": "Sara Duque, la maestra consentida de los futbolistas, presume día mágico en la Bombonera (VIDEO)",
        "title_full": "Sara Duque, la maestra consentida de los futbolistas, presume día mágico en la Bombonera (VIDEO)",
        "published": "2024-04-18T23:48:00.000+03:00",
        "replies_count": 0,
        "participants_count": 1,
        "site_type": "news",
        "country": "MX",
        "main_image": "https://imagenes.razon.com.mx/files/og_thumbnail/uploads/2024/04/18/6621856ce45b0.jpeg",
        "performance_score": 0,
        "domain_rank": 38691,
        "domain_rank_updated": "2024-04-16T13:07:56.000+03:00",
        "reach": null,
        "social": {
            "facebook": {
                "likes": 0,
                "comments": 0,
                "shares": 0
            },
            "gplus": {
                "shares": 0
            },
            "pinterest": {
                "shares": 0
            },
            "linkedin": {
                "shares": 0
            },
            "stumbledupon": {
                "shares": 0
            },
            "vk": {
                "shares": 0
            }
        }
    },
    "uuid": "f6610d0d6c3ed99113ac5a60aba14bfa4ab62d4f",
    "url": "https://www.razon.com.mx/deportes/sara-duque-maestra-consentida-futbolistas-vive-dia-increible-bombonera-video-573424",
    "ord_in_thread": 0,
    "parent_url": null,
    "author": "Diego Hernández",
    "published": "2024-04-18T23:48:00.000+03:00",
    "title": "Sara Duque, la maestra consentida de los futbolistas, presume día mágico en la Bombonera (VIDEO)",
    "text": "Fuera de canchas Sara Duque, la maestra consentida de los futbolistas, presume día mágico en la Bombonera (VIDEO) Sara Duque sorprendió a sus seguidores en redes sociales con una imagen que generó un enorme impacto, pues sale hermosa en el estadio de Boca Jrs. [Sara Duque sorprendió a sus seguidores](https://www.razon.com.mx/deportes/premier-league-sara-duque-bella-maestra-ingles-presume-dos-nuevos-alumnos-524478) en redes sociales con una imagen que generó un enorme impacto. Autodenominada \"World-class Football Language Coach\", esta políglota que habla hasta seis idiomas ha capturado la atención por su habilidad para enseñar inglés a futbolistas destacados de la Premier League como Julián Álvarez y Endrick en Brasil. En esta ocasión, la sorpresa no sólo radicó en su destacada ubicación, sino también en un provocador cambio de roles que no pasó desapercibido entre sus fanáticos que siguen cada uno de sus pasos en las plataformas digitales. Con sensuales looks, Sara Duque logra combinar su pasión por el futbol y su arrolladora personalidad, consolidándose como un referente tanto en el ámbito deportivo como en el de la moda, cautivando a una audiencia que no deja de crecer. ¿Sara Duque traicionó a River Plate? Los fanáticos de River Plate han adoptado a Sara Duque como una simpatizante más del equipo debido a su trabajo con Julián Álvarez. Sin embargo, en las últimas horas, una imagen compartida en su cuenta de Instagram la muestra disfrutando de un partido de Boca Juniors en La Bombonera. Este inesperado giro ha generado revuelo entre los seguidores de ambos clubes, despertando especulaciones y sorpresas sobre los verdaderos colores de esta destacada maestra que despierta admiración tanto por su talento en la enseñanza del idioma inglés a futbolistas de renombre como por su estilo provocador y su presencia en las redes sociales. Sara Duque se roba los reflectores en la Bombonera La presencia de [Sara Duque en el estadio de Boca Juniors]() añade un nuevo capítulo a su historia en el mundo del futbol, consolidando su imagen como una figura polifacética que no deja de sorprender y conquistar a su creciente audiencia. \"Hinchas de River, CALMINHAAAA! No se pueden enojar con Sarinha porque esto no es ella, es Penélope, uno de los muchos personajes de Sara\", escribió la influencer en una serie de imágenes en su Instagram. La modelos y maestra compartió en algún momento un mensaje en sus redes hablando de cinco futbolistas que se han destacado en la evolución del aprendizaje del inglés para aplicarlo en su vida cotidiana, lo que la llena de orgullo. Entre ellos se encuentra el argentino Julián Alvarez, una estrella del Manchester City y campeón del mundo en Qatar 2022, quien fue parte de su coaching el año pasado y brilla en entrevistas en diferentes idiomas. Además de Julián Álvarez, Sara mencionó al brasileño Endrick, una de las últimas figuras mostradas en sus redes, al brasileño Joao Pedro, destacado jugador del Brighton, al brasileño Víctor Hugo del Flamengo que ha aprendido inglés, y al británico Danny Namaso del Porto, quien habla un portugués perfecto. Estos cinco casos de éxito reflejan el impacto positivo del trabajo de Sara Duque en la vida de los futbolistas y sobre todo en su desarrollo de habilidades lingüísticas para destacarse en entrevistas y comunicaciones multilingües. daho",
    "highlightText": "",
    "highlightTitle": "",
    "highlightThreadTitle": "",
    "language": "spanish",
    "sentiment": "positive",
    "categories": [
        "Human Interest",
        "Arts, Culture and Entertainment"
    ],
    "external_links": [],
    "external_images": [],
    "entities": {
        "persons": [],
        "organizations": [],
        "locations": []
    },
    "rating": null,
    "crawled": "2024-04-19T00:01:22.936+03:00",
    "updated": "2024-04-19T05:29:05.446+03:00"
}