{
    "thread": {
        "uuid": "da480dc80b30690bcb35c9414775da6e3407da0b",
        "url": "https://www.legit.ng/people/1588526-na-kind-girl-l-suppose-dey-send-money-female-mechanic-shows-skill-works-vehicle",
        "site_full": "www.legit.ng",
        "site": "legit.ng",
        "site_section": "https://legit.ng",
        "site_categories": [
            "media",
            "homework_study_tips",
            "education",
            "non_standard_content",
            "society",
            "top_news"
        ],
        "section_title": "Legit Nigeria News Today - Latest Naija News and Breaking Updates on Legit.ng",
        "title": "”Na This Kind Girl l Suppose Dey Send Money”: Female Mechanic Shows Off Her Skill, Works on Vehicle - Legit.ng",
        "title_full": "”Na This Kind Girl l Suppose Dey Send Money”: Female Mechanic Shows Off Her Skill, Works on Vehicle - Legit.ng",
        "published": "2024-04-18T21:29:00.000+03:00",
        "replies_count": 0,
        "participants_count": 1,
        "site_type": "news",
        "country": "US",
        "main_image": "https://netstorage-legit.akamaized.net/images/1552397887ac5151.jpg?imwidth=1200",
        "performance_score": 0,
        "domain_rank": 11161,
        "domain_rank_updated": "2024-04-16T13:07:52.000+03:00",
        "reach": null,
        "social": {
            "facebook": {
                "likes": 0,
                "comments": 0,
                "shares": 0
            },
            "gplus": {
                "shares": 0
            },
            "pinterest": {
                "shares": 0
            },
            "linkedin": {
                "shares": 0
            },
            "stumbledupon": {
                "shares": 0
            },
            "vk": {
                "shares": 0
            }
        }
    },
    "uuid": "da480dc80b30690bcb35c9414775da6e3407da0b",
    "url": "https://www.legit.ng/people/1588526-na-kind-girl-l-suppose-dey-send-money-female-mechanic-shows-skill-works-vehicle",
    "ord_in_thread": 0,
    "parent_url": null,
    "author": "Basit Jamiu",
    "published": "2024-04-18T21:29:00.000+03:00",
    "title": "”Na This Kind Girl l Suppose Dey Send Money”: Female Mechanic Shows Off Her Skill, Works on Vehicle - Legit.ng",
    "text": "”Na This Kind Girl l Suppose Dey Send Money”: Female Mechanic Shows Off Her Skill, Works on Vehicle - A talented young Nigerian woman showcased her mechanical skills in a video that gained widespread attention on TikTok. - In the clip, she displayed excitement while selecting a tool to repair a car, capturing the admiration of numerous viewers. - Encouraged by the positive feedback, the hardworking young woman received praise for her abilities and was urged to continue honing her talent A young Nigerian lady displayed her mechanical talent in a viral [TikTok](https://www.legit.ng/tags/tiktok/) video. In the [clip](https://www.tiktok.com/@darasimihu1/video/7330317792329092358), she exuded excitement while selecting a tool to repair a car. Numerous viewers expressed admiration for the hardworking young woman and encouraged her to continue, as shown by [@darasimihu1](https://www.tiktok.com/@darasimihu1/). Watch the video below: PAY ATTENTION: Share your outstanding story with our editors! Please reach us through info@corp.legit.ng! Legit.ng compiled some of the reactions below: US_man said: “If any girl ask me for money I go just show her this video.” Cutieangel wrote: “I am looking for a man I wil pick up from gutter.” Almighty Fearlezz: ”Na this kind girl l suppose dey send money.” Ayo8383: “E sure me say them break her heart before she make this kind decision.” Akpakopparawaterman: “I am looking for a a girl that have suffer in relationships.” Uc Nation D Nation: “If U service my car finish come make l also service U.” Penny Goy: “Na dis type of girls deserve urgent 30K.” Queen Annie: “Awww…nice May god bless your hustle.” Brittany Jessy Dale: “My work before I collect.” Oma844: “I never knew there's someone doing my type of work.” Temitope: “Wow so l can still see someone like me doing this ind of work can we be friends.” Heroboi: “You wey dey read comments that hold phone with one hand I greet you oo.” Nigerian girl working as mechanic captures hearts Meanwhile, Legit.ng earlier reported that a beautiful Nigerian girl has gone viral on social media after [her captivating video](https://www.legit.ng/people/1544324-find-pretty-nigerian-girl-working-mechanic-captures-hearts-video-people-react/) surfaced online. The video shared by @blessedberry2001 on TikTok showed the pretty young girl working at a mechanic workshop. In the clip, she was seen fixing some spoilt engines with full concentration and netizens were drawn to assist her. It was also gathered that the hardworking girl who's also very brilliant suddenly stopped school to work at a mechanic workshop. PAY ATTENTION: [Unlock the best of Legit.ng on Pinterest! Subscribe now and get your daily inspiration!](https://www.pinterest.com/Legitng/) Source: Legit.ng",
    "highlightText": "",
    "highlightTitle": "",
    "highlightThreadTitle": "",
    "language": "english",
    "sentiment": "positive",
    "categories": [
        "Human Interest"
    ],
    "external_links": [
        "https://www.tiktok.com/@darasimihu1/).",
        "https://www.tiktok.com/@darasimihu1/video/7330317792329092358),",
        "https://www.pinterest.com/Legitng/)",
        "https://pinterest.com/Legitng/)",
        "https://tiktok.com/@darasimihu1/video/7330317792329092358),",
        "https://tiktok.com/@darasimihu1/)."
    ],
    "external_images": [],
    "entities": {
        "persons": [],
        "organizations": [],
        "locations": [
            {
                "name": "us",
                "sentiment": "none"
            }
        ]
    },
    "rating": null,
    "crawled": "2024-04-19T00:32:16.209+03:00",
    "updated": "2024-04-19T00:32:16.209+03:00"
}