{
    "thread": {
        "uuid": "461d1e7df0b811594a8bc39dc862161d1bd7bec2",
        "url": "https://www.eluniversal.com.mx/deportes/jenni-hermoso-entre-las-100-personalidades-mas-influyentes-del-2024",
        "site_full": "www.eluniversal.com.mx",
        "site": "eluniversal.com.mx",
        "site_section": "https://eluniversal.com.mx/destinos",
        "site_categories": [
            "media",
            "top_news"
        ],
        "section_title": "Destinos | El Universal",
        "title": "Jenni Hermoso, entre las 100 personalidades más influyentes del 2024",
        "title_full": "Jenni Hermoso, entre las 100 personalidades más influyentes del 2024",
        "published": "2024-04-18T23:54:00.000+03:00",
        "replies_count": 0,
        "participants_count": 1,
        "site_type": "news",
        "country": "MX",
        "main_image": "https://www.eluniversal.com.mx/resizer/a-ci5gzMocLeSFONfbEhWqUaGvE=/980x528/cloudfront-us-east-1.images.arcpublishing.com/eluniversal/627XMPUHT5HZBDZKYXTG72XTCE.jpg",
        "performance_score": 0,
        "domain_rank": 3672,
        "domain_rank_updated": "2024-04-16T13:07:52.000+03:00",
        "reach": null,
        "social": {
            "facebook": {
                "likes": 0,
                "comments": 0,
                "shares": 0
            },
            "gplus": {
                "shares": 0
            },
            "pinterest": {
                "shares": 0
            },
            "linkedin": {
                "shares": 0
            },
            "stumbledupon": {
                "shares": 0
            },
            "vk": {
                "shares": 0
            }
        }
    },
    "uuid": "461d1e7df0b811594a8bc39dc862161d1bd7bec2",
    "url": "https://www.eluniversal.com.mx/deportes/jenni-hermoso-entre-las-100-personalidades-mas-influyentes-del-2024",
    "ord_in_thread": 0,
    "parent_url": null,
    "author": "EFE",
    "published": "2024-04-18T23:54:00.000+03:00",
    "title": "Jenni Hermoso, entre las 100 personalidades más influyentes del 2024",
    "text": "La delantera de Tigres de la UANL Jenni Hermoso , campeona del mundo con la selección española femenina de futbol , figura entre las 100 personas más influyentes de 2024 para la revista Time. Hermoso fue la cara visible de la 'revolución' que vivió el fútbol español tras el beso no consentido que le dio el entonces presidente de la Federación Española , Luis Rubiales , durante la entrega de medallas por la consecución del Mundial de Australia/Nueva Zelanda, en agosto pasado.\nRubiales fue inhabilitado durante tres años por la FIFA , presentó su dimisión y se enfrenta a un juicio por esos hechos, que podrían ser constitutivos de infracción penal si se consideran agresión sexual y coacciones a la jugadora.\nLee también Nuria Diosdado de cara a París 2024: \"Debemos estar focalizadas para llegar fuertes\"\nJunto a la delantera española, figuran en la lista de Time otros deportistas como el 'quarterback' estadounidense Patrick Mahomes , el campeón mundial de Fórmula Uno , el neerlandés Max Verstappen , el jugador de rugby sudafricano Siya Kolisi , la jugadora de baloncesto estadounidense A'ja Wilson y la luchadora indica Sakshi Malik.\nJenni Hermoso adquiere garras... pasa a las Tigres El presidente de Argentina, Javier Milei ; la ministra de Medio Ambiente y Cambio Climático de Brasil, Marina Silva; y la Fiscal General de Ecuador, Diana Salazar Méndez, también fueron incluidos en la lista de las cien personalidades más influyentes del mundo de la revista Time, revelada este miércoles.\nArtistas, iconos, titanes, líderes, innovadores y pioneros son las etiquetas bajo las que la revista inscribió a los seleccionados este año.\nLos tres latinoamericanos fueron designados en la categoría de líderes, que encabeza Yulia Navalnaya, viuda del líder opositor ruso Alexei Navalni .\nLa actriz estadounidense América Ferrera , de raíces hondureñas, fue elegida para encabezar la lista de los pioneros de este año.\nMás de una docena de artistas también fueron incluidos, entre ellos Sofia Coppola, Elliot Page, Burna Boy, Dua Lipa, Jeffrey Wright, Kylie Minogue, Fantasia Barrino, Taraji P. Henson, Maya Rudolph, Da'Vine Joy Randolph, Colman Domingo, Dev Patel, y Alex Edelman, entre otros.\nLos íconos de la moda, las artes visuales y literarias incluyen a Jenny Holzer, Tory Burch y Jonathan Anderson, entre otros, así como figuras de los medios y periodistas como Kelly Ripa, Connie Walker y E. Jean Carroll.\nEl director de Microsoft, Satya Nadella, y el mariscal de campo de los Kansas City Chiefs, Patrick Mahomes, están en la lista por tercera vez.\nEl fundador de Studio Ghibli, Hayao Miyazaki; el actor Michael J. Fox; la actriz Taraji P. Henson; el emprendedor taiwanés Jensen Huang y Ferrera repiten por segunda ocasión en la lista.\nEl fotoperiodista palestino Motaz Azaiza, de 25 años, es la persona más joven de la lista de este año, y el científico Joel Habener el más adulto con 86 años.\nLos profesores japoneses Katsuhiko Hayashi y Akiko Iwasaki también fueron incluidos en la selección.\nLa revista presenta a los cien elegidos a través de perfiles redactados también por personalidades que incluyen al presidente de los Estados Unidos, Joe Biden, que escribió el perfil de líder de los trabajadores Shawn Fain, presidente del sindicato United Auto Workers.\nLa vicepresidenta de Estados Unidos , Kamala Harris , Hillary Clinton, Michelle Obama, Anderson Cooper, Tom Brady, Mark Zuckerberg, Ryan Reynolds, Richard Branson, Ashton Kutcher, Zoe Saldaña, Salma Hayek y Lenny Kravitz, también hacen parte de los escritores seleccionados para celebrar el trabajo de los elegidos.\nVIDEO: Tunden a Don Beto, fanático de Pumas por realizar grito en iglesia",
    "highlightText": "",
    "highlightTitle": "",
    "highlightThreadTitle": "",
    "language": "spanish",
    "sentiment": "positive",
    "categories": [
        "Social Issue",
        "Crime, Law and Justice",
        "Human Interest"
    ],
    "external_links": [
        "https://news.google.com/publications/CAAqBwgKMKG_7wowkfm2Ag?hl=es-419&gl=MX&ceid=MX%3Aes-419",
        "https://news.google.com/publications/CAAqBwgKMKG_7wowkfm2Ag",
        "https://www.news.google.com/publications/CAAqBwgKMKG_7wowkfm2Ag?hl=es-419&gl=MX&ceid=MX%3Aes-419"
    ],
    "external_images": [],
    "entities": {
        "persons": [],
        "organizations": [],
        "locations": []
    },
    "rating": null,
    "crawled": "2024-04-19T00:03:02.250+03:00",
    "updated": "2024-04-19T00:03:02.250+03:00"
}