{
    "thread": {
        "uuid": "b70e3d9430a6bdaa0eae4883c9efbf6941bf56ed",
        "url": "https://www.kwch.com/2024/04/18/kus-gateway-district-project-brings-changes-historic-football-staduim",
        "site_full": "www.kwch.com",
        "site": "kwch.com",
        "site_section": "http://www.kwch.com/homepage",
        "site_categories": [
            "media"
        ],
        "section_title": "KWCH | Local News, Weather, Sports | Wichita, KS",
        "title": "KU’s “Gateway District Project” brings changes to historic football staduim",
        "title_full": "KU’s “Gateway District Project” brings changes to historic football staduim",
        "published": "2024-04-19T00:10:00.000+03:00",
        "replies_count": 0,
        "participants_count": 1,
        "site_type": "news",
        "country": "US",
        "main_image": "https://gray-kwch-prod.cdn.arcpublishing.com/resizer/v2/LIUOB27DT5FFXOSBZ2AICAYB34.png?auth=041ee72f506f70b6b2d2035f1347a334ee32e8357bfd4ba05bf2650ac03b63cf&amp;width=1200&amp;height=600&amp;smart=true",
        "performance_score": 0,
        "domain_rank": 19431,
        "domain_rank_updated": "2024-04-16T13:07:52.000+03:00",
        "reach": null,
        "social": {
            "facebook": {
                "likes": 0,
                "comments": 0,
                "shares": 0
            },
            "gplus": {
                "shares": 0
            },
            "pinterest": {
                "shares": 0
            },
            "linkedin": {
                "shares": 0
            },
            "stumbledupon": {
                "shares": 0
            },
            "vk": {
                "shares": 0
            }
        }
    },
    "uuid": "b70e3d9430a6bdaa0eae4883c9efbf6941bf56ed",
    "url": "https://www.kwch.com/2024/04/18/kus-gateway-district-project-brings-changes-historic-football-staduim",
    "ord_in_thread": 0,
    "parent_url": null,
    "author": "Kara Nixon",
    "published": "2024-04-19T00:10:00.000+03:00",
    "title": "KU’s “Gateway District Project” brings changes to historic football staduim",
    "text": "KU’s “Gateway District Project” brings changes to historic football staduim WICHITA, Kan. (KWCH) - Starting in August 2025, fewer Jayhawk football fans will be able to watch the team play on their home field. Phase one of the “Gateway District Project,” which involves rebuilding the west side of David Booth Kansas Memorial Stadium and adding a conference center, will decrease the number of available seats. The project, which started in December 2023, will cost $448 million and decrease the stadium’s capacity from 47,233 to approximately 40,000. [In an interview with](https://www2.kusports.com/weblogs/2024/apr/17/seating-at-kus-revamped-football-stadium-to-shrink-by-a-few-thousand-seats-other-updates-on-gateway-project/) [KUsports.com](http://kusports.com/), KU’s Athletic Director, Travis Goff, says the decrease in seating is actually a positive thing. He says all the bleacher seats on the west side will be replaced by chair-back seats, increasing comfort and offering better views for fans. Goff believes KU will find many uses besides football for the stadium and the connected conference center. The conference center will feature a large, wide-open room that could accommodate banquet-style seating for 1,000 people. KU says future phases of the project will focus on the south and east portions of the stadium, along with the entertainment, dining, and retail aspects of the Gateway District. During these phases, the stadium may see an increase in the number of seats available. Next season’s home football games will occur at Arrowhead Stadium and Children’s Mercy Park in Kansas City. Recognized as the first stadium built on a college campus west of the Mississippi River, David Booth Kansas Memorial Stadium at Kansas University is the seventh oldest collegiate stadium in the nation. It opened in 1922 with a capacity of 22,000. Copyright 2024 KWCH. All rights reserved. To report a correction or typo, please email news@kwch.com",
    "highlightText": "",
    "highlightTitle": "",
    "highlightThreadTitle": "",
    "language": "english",
    "sentiment": "positive",
    "categories": [
        "Social Issue",
        "Sport",
        "Human Interest"
    ],
    "external_links": [
        "https://www2.kusports.com/weblogs/2024/apr/17/seating-at-kus-revamped-football-stadium-to-shrink-by-a-few-thousand-seats-other-updates-on-gateway-project/",
        "http://KUsports.com",
        "http://www.KUsports.com",
        "https://.kusports.com/weblogs/2024/apr/17/seating-at-kus-revamped-football-stadium-to-shrink-by-a-few-thousand-seats-other-updates-on-gateway-project/",
        "https://www2.kusports.com/weblogs/2024/apr/17/seating-at-kus-revamped-football-stadium-to-shrink-by-a-few-thousand-seats-other-updates-on-gateway-project"
    ],
    "external_images": [],
    "entities": {
        "persons": [
            {
                "name": "travis goff",
                "sentiment": "none"
            },
            {
                "name": "goff",
                "sentiment": "none"
            },
            {
                "name": "ku",
                "sentiment": "none"
            }
        ],
        "organizations": [
            {
                "name": "jayhawk",
                "sentiment": "negative"
            }
        ],
        "locations": [
            {
                "name": "kan.",
                "sentiment": "none"
            },
            {
                "name": "wichita",
                "sentiment": "none"
            },
            {
                "name": "david booth kansas memorial stadium",
                "sentiment": "none"
            }
        ]
    },
    "rating": null,
    "crawled": "2024-04-19T00:23:27.364+03:00",
    "updated": "2024-04-26T08:56:46.319+03:00"
}