{
    "thread": {
        "uuid": "77c93af2bb3ab7e624ea79c60bb5013454c0a031",
        "url": "https://perezhilton.com/taylor-swift-love-travis-kelce-protection-security-relationship",
        "site_full": "perezhilton.com",
        "site": "perezhilton.com",
        "site_section": "https://perezhilton.com/rss",
        "site_categories": [
            "media",
            "celebrity_fan_gossip",
            "entertainment"
        ],
        "section_title": "Perez Hilton",
        "title": "Travis Kelce's Love Has Done This Subtle But SUPER Important Thing For Taylor Swift!",
        "title_full": "Travis Kelce's Love Has Done This Subtle But SUPER Important Thing For Taylor Swift!",
        "published": "2024-04-18T22:34:00.000+03:00",
        "replies_count": 0,
        "participants_count": 1,
        "site_type": "news",
        "country": "US",
        "main_image": "https://perezhilton.com/wp-content/uploads/2024/04/taylor-swift-love-travis-kelce-relationship-security.jpg",
        "performance_score": 0,
        "domain_rank": 7197,
        "domain_rank_updated": "2024-04-16T13:07:52.000+03:00",
        "reach": null,
        "social": {
            "facebook": {
                "likes": 0,
                "comments": 0,
                "shares": 0
            },
            "gplus": {
                "shares": 0
            },
            "pinterest": {
                "shares": 0
            },
            "linkedin": {
                "shares": 0
            },
            "stumbledupon": {
                "shares": 0
            },
            "vk": {
                "shares": 0
            }
        }
    },
    "uuid": "77c93af2bb3ab7e624ea79c60bb5013454c0a031",
    "url": "https://perezhilton.com/taylor-swift-love-travis-kelce-protection-security-relationship",
    "ord_in_thread": 0,
    "parent_url": null,
    "author": "Perez Hilton",
    "published": "2024-04-18T22:34:00.000+03:00",
    "title": "Travis Kelce's Love Has Done This Subtle But SUPER Important Thing For Taylor Swift!",
    "text": "Taylor Swift has taken the world by storm recently — even more than she already had as one of the most talented and popular stars of her generation!\nThe Mean crooner is at the top of her game when it comes to music. Duh! But her profile has risen into the stratosphere in no small part because of her heartwarming relationship with hunky NFL boyfriend Travis Kelce , too! The two 34-year-olds have seriously brought out the best in each other , and we continue to be SO here for it!\nRelated: Are Taylor And Travis Planning To Attend The Met Gala This Year?! Insider Says…\nAnd we’re not the only ones! TayTay herself is riding high in the relationship with the Kansas City Chiefs tight end. And doing it very publicly! On Thursday morning, a source spoke to Us Weekly about her comfort being out and about with the podcast host. The insider revealed Travis’ powerful physical presence and his fun, lighthearted persona have combined to give the Tortured Poets Department crooner the security blanket she has desperately needed for so long!! The source explained:\n“[It’s] been so refreshing for Taylor not to feel the need to hide with Travis. He makes her feel safe and protected like she has the freedom to be and act however she wants.”\nAwww!\nThat’s the way love SHOULD be! Being yourself and letting it all out while having the peace of mind in knowing your partner has your back ! We love that!\nReal-world evidence would seem to confirm that, too. For one, this duo loves to hide out and lay low together. There’s also this: think back to this past weekend at Coachella when the football hero got his GF to go into the crowd with him and chill among the masses! Sure, they had security around them, obvi. But TayTay isn’t doing that with her level of fame unless she feels totally comfortable with and protected by her man! Isn’t that right, Joe Alwyn ?? Just saying!\n[Image via MEGA/ WENN ]\nRelated Posts Travis Kelce Explains Why He & Taylor Swift Were ‘In The Madness’ Of The Pit At Coachella Instead Of Backstage! Tom Schwartz Is Already In ‘Love’ With His 23-Year-Old Girlfriend! Taylor Swift & Teresa Giudice -- New Coachella Besties?? LOLz! Jelly Roll Reveals He Has Lost Over 70 Pounds: ‘I Feel Really Good’ CLICK HERE TO COMMENT",
    "highlightText": "",
    "highlightTitle": "",
    "highlightThreadTitle": "",
    "language": "english",
    "sentiment": "positive",
    "categories": [
        "Human Interest",
        "Arts, Culture and Entertainment"
    ],
    "external_links": [
        "http://wenn.com",
        "http://www.wenn.com"
    ],
    "external_images": [],
    "entities": {
        "persons": [
            {
                "name": "taylor swift",
                "sentiment": "negative"
            },
            {
                "name": "travis kelce",
                "sentiment": "negative"
            },
            {
                "name": "taylor",
                "sentiment": "none"
            }
        ],
        "organizations": [
            {
                "name": "nfl",
                "sentiment": "none"
            }
        ],
        "locations": [
            {
                "name": "kansas city chiefs",
                "sentiment": "none"
            }
        ]
    },
    "rating": null,
    "crawled": "2024-04-19T00:12:30.650+03:00",
    "updated": "2024-04-19T00:15:51.309+03:00"
}