{
    "thread": {
        "uuid": "ce97bc9ada288db698d29a473207caf268f2bf3a",
        "url": "https://www.eluniversal.com.mx/mundo/video-principe-william-retoma-sus-actividades-publicas-tras-diagnostico-de-cancer-de-kate-middleton",
        "site_full": "www.eluniversal.com.mx",
        "site": "eluniversal.com.mx",
        "site_section": "https://www.eluniversal.com.mx",
        "site_categories": [
            "media",
            "top_news"
        ],
        "section_title": "El Universal | El periódico de México líder en noticias y clasificados",
        "title": "Video: Príncipe William retoma sus actividades públicas tras diagnóstico de cáncer de Kate Middleton | El Universal",
        "title_full": "Video: Príncipe William retoma sus actividades públicas tras diagnóstico de cáncer de Kate Middleton | El Universal",
        "published": "2024-04-19T00:10:00.000+03:00",
        "replies_count": 0,
        "participants_count": 1,
        "site_type": "news",
        "country": "MX",
        "main_image": "https://www.eluniversal.com.mx/resizer/6zuMOWzHXATpQBCuTpXFVVdG9QQ=/980x528/cloudfront-us-east-1.images.arcpublishing.com/eluniversal/JVREMGWIKRAU5NJEJ3J6OERHJM.jpg",
        "performance_score": 0,
        "domain_rank": 3672,
        "domain_rank_updated": "2024-04-16T13:07:52.000+03:00",
        "reach": null,
        "social": {
            "facebook": {
                "likes": 0,
                "comments": 0,
                "shares": 0
            },
            "gplus": {
                "shares": 0
            },
            "pinterest": {
                "shares": 0
            },
            "linkedin": {
                "shares": 0
            },
            "stumbledupon": {
                "shares": 0
            },
            "vk": {
                "shares": 0
            }
        }
    },
    "uuid": "ce97bc9ada288db698d29a473207caf268f2bf3a",
    "url": "https://www.eluniversal.com.mx/mundo/video-principe-william-retoma-sus-actividades-publicas-tras-diagnostico-de-cancer-de-kate-middleton",
    "ord_in_thread": 0,
    "parent_url": null,
    "author": "GDA/ El Tiempo/ Colombia",
    "published": "2024-04-19T00:10:00.000+03:00",
    "title": "Video: Príncipe William retoma sus actividades públicas tras diagnóstico de cáncer de Kate Middleton | El Universal",
    "text": "El príncipe William , heredero de la corona británica, reanudó el jueves sus actividades públicas con una visita a una organización benéfica de ayuda alimentaria, su primera salida oficial desde el anuncio del cáncer de su esposa, Kate Middleton . Según videos compartidos por corresponsales que siguen a la realeza, el príncipe, de 41 años, llegó a mediodía a Surplus for Supper , una organización benéfica que redistribuye excedentes de alimentos en Surrey, al oeste de Londres . Después se espera acuda a un centro juvenil de la capital británica que recibe entregas regulares de la organización.\nPrince William is given two get well soon cards by a volunteer at Surplus to Supper during his first engagement back after Catherine’s cancer diagnosis pic.twitter.com/yLRPcFYVSh\n— India McTaggart (@indiamctaggart) April 18, 2024 La semana pasada el príncipe asistió, junto a su hijo mayor Jorge , al partido de fútbol Aston Villa-Lille, en Birmingham.\nDistendido y sonriente, William, seguidor del club inglés, llevó a Villa Park a su hijo de 10 años, luciendo una bufanda del equipo de Birmingham, que ganó a su rival francés por 2-1, en partido de ida de cuartos de final de la Europa Conference League. Su esposa, la princesa Kate , de 42 años, anunció en un video a finales de marzo que padece cáncer, sin especificar su naturaleza, añadiendo que había iniciado sesiones de quimioterapia.\nLa pareja y sus hijos no acudieron a finales de marzo al tradicional servicio religioso de Pascua en la Capilla de San Jorge, en el castillo de Windsor , al oeste de Londres, que tuvo lugar una semana después del anuncio del cáncer de Kate.\nEl Palacio de Buckingham también anunció a principios de febrero que el rey Carlos III padece un cáncer, detectado durante una operación de próstata unos días antes.\nDebido a ello, el monarca también está bajo tratamiento, por lo que ha limitado su funciones oficiales y apariciones públicas.\n*Con información de AFP\nLee también Kate Middleton anuncia que tiene cáncer y está recibiendo quimioterapia\n*El Grupo de Diarios América (GDA), al cual pertenece EL UNIVERSAL, es una red de medios líderes fundada en 1991, que promueve los valores democráticos, la prensa independiente y la libertad de expresión en América Latina a través del periodismo de calidad para nuestras audiencias.\nÚnete a nuestro canal ¡EL UNIVERSAL ya está en Whatsapp!, desde tu dispositivo móvil entérate de las noticias más relevantes del día, artículos de opinión, entretenimiento, tendencias y más.\nmgm",
    "highlightText": "",
    "highlightTitle": "",
    "highlightThreadTitle": "",
    "language": "spanish",
    "sentiment": "positive",
    "categories": [
        "Social Issue",
        "Human Interest",
        "Health"
    ],
    "external_links": [
        "https://twitter.com/indiamctaggart/status/1780930717100265626?ref_src=twsrc%5Etfw",
        "https://t.co/yLRPcFYVSh",
        "https://news.google.com/publications/CAAqBwgKMKG_7wowkfm2Ag?hl=es-419&gl=MX&ceid=MX%3Aes-419",
        "https://whatsapp.com/channel/0029Va4lfJc1CYoM1R8IT71e",
        "https://news.google.com/publications/CAAqBwgKMKG_7wowkfm2Ag",
        "https://twitter.com/indiamctaggart/status/1780930717100265626",
        "https://www.whatsapp.com/channel/0029Va4lfJc1CYoM1R8IT71e",
        "https://www.t.co/yLRPcFYVSh",
        "https://www.twitter.com/indiamctaggart/status/1780930717100265626?ref_src=twsrc%5Etfw",
        "https://www.news.google.com/publications/CAAqBwgKMKG_7wowkfm2Ag?hl=es-419&gl=MX&ceid=MX%3Aes-419"
    ],
    "external_images": [],
    "entities": {
        "persons": [],
        "organizations": [],
        "locations": []
    },
    "rating": null,
    "crawled": "2024-04-19T00:19:33.047+03:00",
    "updated": "2024-04-19T00:19:33.047+03:00"
}