{
    "thread": {
        "uuid": "ffbca4274572e5302125446814d6d2517408f7ee",
        "url": "https://www.emirates247.com/world/uae-president-safety-and-security-of-citizens-and-residents-is-uae-government-s-top-priority-2024-04-18-1.731423",
        "site_full": "www.emirates247.com",
        "site": "emirates247.com",
        "site_section": "https://jobs.emirates247.com/prayer-time",
        "site_categories": [
            "media"
        ],
        "section_title": "Breaking News, UAE, GCC, Middle East, World News and Headlines - Emirates24|7",
        "title": "UAE President: Safety and security of citizens and residents is UAE government’s top priority - World - Emirates24|7",
        "title_full": "UAE President: Safety and security of citizens and residents is UAE government’s top priority - World - Emirates24|7",
        "published": "2024-04-18T22:59:00.000+03:00",
        "replies_count": 0,
        "participants_count": 1,
        "site_type": "news",
        "country": "AE",
        "main_image": "https://www.emirates247.com/polopoly_fs/1.731424.1713470599!/image/image.jpg",
        "performance_score": 0,
        "domain_rank": 15299,
        "domain_rank_updated": "2024-04-16T13:07:52.000+03:00",
        "reach": null,
        "social": {
            "facebook": {
                "likes": 0,
                "comments": 0,
                "shares": 0
            },
            "gplus": {
                "shares": 0
            },
            "pinterest": {
                "shares": 0
            },
            "linkedin": {
                "shares": 0
            },
            "stumbledupon": {
                "shares": 0
            },
            "vk": {
                "shares": 0
            }
        }
    },
    "uuid": "ffbca4274572e5302125446814d6d2517408f7ee",
    "url": "https://www.emirates247.com/world/uae-president-safety-and-security-of-citizens-and-residents-is-uae-government-s-top-priority-2024-04-18-1.731423",
    "ord_in_thread": 0,
    "parent_url": null,
    "author": "WAM",
    "published": "2024-04-18T22:59:00.000+03:00",
    "title": "UAE President: Safety and security of citizens and residents is UAE government’s top priority - World - Emirates24|7",
    "text": "- City Fajr Shuruq Duhr Asr Magrib Isha - Dubai 04:32 05:49 12:21 15:48 18:47 20:04 President His Highness Sheikh Mohamed bin Zayed Al Nahyan has reaffirmed that the safety and security of citizens and residents is the top priority of the UAE government. His Highness also expressed his appreciation for the level of awareness and responsibility demonstrated by people during the adverse weather conditions witnessed recently across the country. His Highness has directed the concerned authorities to quickly work on studying the condition of infrastructure throughout the UAE and to limit the damage caused after the country witnessed its heaviest rainfall on record. The UAE President also directed that the necessary support be provided to all families impacted by the severe weather, ordering the transfer of affected families to safe locations in cooperation with local authorities. His Highness Sheikh Mohamed expressed his appreciation to members of the national and local emergency and crisis teams and various authorities in managing rescue and evacuation operations during the unprecedented conditions, which had a positive impact on preserving lives and property. His Highness also highlighted on the deep appreciation to the spirit of solidarity portrayed by the UAE community during the weather conditions, noting it to be a true essence of the UAE identity. [Follow Emirates 24|7 on ](https://news.google.com/publications/CAAqBwgKMJzSgAswgviMAw?hl=en-US&gl=US&ceid=US:en) [Google News.](https://news.google.com/publications/CAAqBwgKMJzSgAswgviMAw?hl=en-US&gl=US&ceid=US:en)",
    "highlightText": "",
    "highlightTitle": "",
    "highlightThreadTitle": "",
    "language": "english",
    "sentiment": "positive",
    "categories": [
        "Human Interest",
        "Economy, Business and Finance",
        "Politics"
    ],
    "external_links": [
        "https://news.google.com/publications/CAAqBwgKMJzSgAswgviMAw?hl=en-US&gl=US&ceid=US:en)",
        "https://www.news.google.com/publications/CAAqBwgKMJzSgAswgviMAw?hl=en-US&gl=US&ceid=US:en)",
        "https://news.google.com/publications/CAAqBwgKMJzSgAswgviMAw"
    ],
    "external_images": [],
    "entities": {
        "persons": [
            {
                "name": "mohamed",
                "sentiment": "none"
            },
            {
                "name": "mohamed bin zayed al nahyan",
                "sentiment": "none"
            }
        ],
        "organizations": [],
        "locations": [
            {
                "name": "uae",
                "sentiment": "none"
            }
        ]
    },
    "rating": null,
    "crawled": "2024-04-19T00:26:09.717+03:00",
    "updated": "2024-04-19T00:26:09.717+03:00"
}