{
    "thread": {
        "uuid": "e778127512cad21b913097a82bd8a6b094e42e3a",
        "url": "https://www.wmar2news.com/local/two-md-teachers-maggie-arnold-and-bradley-absher-win-oscar-of-education",
        "site_full": "www.wmar2news.com",
        "site": "wmar2news.com",
        "site_section": "https://www.wmar2news.com/news",
        "site_categories": [
            "uncategorized"
        ],
        "section_title": "News",
        "title": "Two MD educators win education 'Oscar'",
        "title_full": "Two MD educators win education 'Oscar'",
        "published": "2024-04-18T03:00:00.000+03:00",
        "replies_count": 0,
        "participants_count": 1,
        "site_type": "news",
        "country": "US",
        "main_image": "https://ewscripps.brightspotcdn.com/dims4/default/b9657c4/2147483647/strip/true/crop/1280x672+0+24/resize/1200x630!/quality/90/?url=https%3A%2F%2Fx-default-stgec.uplynk.com%2Fause%2Fslices%2F058%2F22f3150cc15946e68b21f11967cfb8d1%2F05885a5fc90a4205863e40e402e15e27%2Fposter_901294a8c3e84a7c91a918204dce980d.jpg",
        "performance_score": 0,
        "domain_rank": 15797,
        "domain_rank_updated": "2024-04-16T13:07:52.000+03:00",
        "reach": null,
        "social": {
            "facebook": {
                "likes": 0,
                "comments": 0,
                "shares": 0
            },
            "gplus": {
                "shares": 0
            },
            "pinterest": {
                "shares": 0
            },
            "linkedin": {
                "shares": 0
            },
            "stumbledupon": {
                "shares": 0
            },
            "vk": {
                "shares": 0
            }
        }
    },
    "uuid": "e778127512cad21b913097a82bd8a6b094e42e3a",
    "url": "https://www.wmar2news.com/local/two-md-teachers-maggie-arnold-and-bradley-absher-win-oscar-of-education",
    "ord_in_thread": 0,
    "parent_url": null,
    "author": "Travis Case",
    "published": "2024-04-18T03:00:00.000+03:00",
    "title": "Two MD educators win education 'Oscar'",
    "text": "In a perfect world, teachers would be just as well-known and beloved as big-name actors.\nWell, two Maryland teachers, Maggie Arnold from Fredrick High and Bradley Absher from Bodkin Elementary School, got the red carpet treatment today.\nBoth classroom heroes won the \"Oscar\" of education, the Milken Educator Award, which was created in 1987 to recognize excellent instructors.\nThe winners don't get just a shiny new trophy or blue ribbon.\nThey receive a whopping $25,000 check with an all expenses paid trip to Los Angeles with other Milken winners.\nArnold immigrated to the U.S. as a kid, and eventually fell in love with teaching. Her students see her as the perfect balance of demanding and encouraging.\nAbsher is known for his hands-on, creative approach. For example, he teaches his kids how to multiply fractions with the end result of creating a “No Bake Cheescake.”\nBefore they begin the main lesson, he gets students number engines revved up through his “Number Talks” warm-up lesson.\nWith teachers like Arnold and Absher leading the way, Maryland's future is bright.",
    "highlightText": "",
    "highlightTitle": "",
    "highlightThreadTitle": "",
    "language": "english",
    "sentiment": "positive",
    "categories": [
        "Education",
        "Human Interest"
    ],
    "external_links": [],
    "external_images": [],
    "entities": {
        "persons": [
            {
                "name": "bradley absher",
                "sentiment": "none"
            },
            {
                "name": "absher",
                "sentiment": "none"
            },
            {
                "name": "maggie arnold",
                "sentiment": "none"
            },
            {
                "name": "fredrick high",
                "sentiment": "none"
            },
            {
                "name": "milken",
                "sentiment": "none"
            },
            {
                "name": "arnold",
                "sentiment": "none"
            }
        ],
        "organizations": [
            {
                "name": "bodkin elementary school",
                "sentiment": "none"
            },
            {
                "name": "arnold",
                "sentiment": "none"
            }
        ],
        "locations": [
            {
                "name": "los angeles",
                "sentiment": "none"
            },
            {
                "name": "maryland",
                "sentiment": "none"
            },
            {
                "name": "us",
                "sentiment": "none"
            }
        ]
    },
    "rating": null,
    "crawled": "2024-04-19T00:36:41.047+03:00",
    "updated": "2024-04-19T13:33:54.124+03:00"
}