{
    "thread": {
        "uuid": "03c72f17268c0316a3ca4776496c68c47a713a11",
        "url": "https://www.kens5.com/article/news/nation-world/ashanti-nelly-engagement-expecting-a-baby/507-db197012-815f-425d-a750-2bb521d7dbc6",
        "site_full": "www.kens5.com",
        "site": "kens5.com",
        "site_section": "https://events.kens5.com/nation-world",
        "site_categories": [
            "media"
        ],
        "section_title": "National News from KENS5 in San Antonio, TX | kens5.com",
        "title": "Ashanti and Nelly expecting a baby together, confirm engagement | kens5.com",
        "title_full": "Ashanti and Nelly expecting a baby together, confirm engagement | kens5.com",
        "published": "2024-04-18T21:47:00.000+03:00",
        "replies_count": 0,
        "participants_count": 1,
        "site_type": "news",
        "country": "US",
        "main_image": "https://media.kens5.com/assets/CCT/images/ba919676-f05a-48d2-bfdf-351f1822829e/ba919676-f05a-48d2-bfdf-351f1822829e_1140x641.jpg",
        "performance_score": 0,
        "domain_rank": 12153,
        "domain_rank_updated": "2024-04-16T13:07:52.000+03:00",
        "reach": null,
        "social": {
            "facebook": {
                "likes": 0,
                "comments": 0,
                "shares": 0
            },
            "gplus": {
                "shares": 0
            },
            "pinterest": {
                "shares": 0
            },
            "linkedin": {
                "shares": 0
            },
            "stumbledupon": {
                "shares": 0
            },
            "vk": {
                "shares": 0
            }
        }
    },
    "uuid": "03c72f17268c0316a3ca4776496c68c47a713a11",
    "url": "https://www.kens5.com/article/news/nation-world/ashanti-nelly-engagement-expecting-a-baby/507-db197012-815f-425d-a750-2bb521d7dbc6",
    "ord_in_thread": 0,
    "parent_url": null,
    "author": "Andrew Weil",
    "published": "2024-04-18T21:47:00.000+03:00",
    "title": "Ashanti and Nelly expecting a baby together, confirm engagement | kens5.com",
    "text": "WASHINGTON — Ashanti and Nelly are expecting their first child together and are also engaged, the couple [announced exclusively with Essence magazine](https://www.essence.com/celebrity/black-celeb-couples/ashanti-nelly-engaged/). “This new year of my life is such a blessing full of love, hope, and anticipation,\" Ashanti, 43, told the outlet. \"Motherhood is something that I have looked forward to, and sharing this with my family, fiancé, and loyal fans, who have been so supportive of my career, is an amazing experience.” Wednesday's announcement also [ featured a video of Ashanti ](https://www.instagram.com/p/C54BrRBvKBq/)getting ready for a performance and when she's asked how much time she's going to need, Ashanti replies, \"I'm going to need about nine months.\" The clip then showed [ a logo for Proov](https://proovtest.com/pages/why-proov), which are at-home fertility and hormone marker tests for individuals looking to get pregnant. The \"Baby\" singer and \"Hot in Herre\" rapper shared with Essence that they are co-owners in the company, along with its founder. While the singers first began their relationship in 2003, they officially called it quits in 2013. Last May, a [source confirmed to ET](https://www.etonline.com/nelly-and-ashanti-are-back-together-and-very-happy-after-2013-split-203951) that the couple were back together and \"very happy.\" There had been [pregnancy rumors surrounding the couple since December 2023](https://www.usmagazine.com/celebrity-moms/news/ashanti-is-pregnant-expecting-1st-baby-with-boyfriend-nelly/), when they attended Nelly's 11th Black and White Ball in St. Louis. [Video from the event, obtained by TMZ,](https://www.tmz.com/2023/12/04/nelly-ashanti-pregnancy-rumors-black-and-white-ball/) showed that while onstage Ashanti placed her hands on her stomach and Nelly followed suit, before they both burst out in laughter. Afterward, US Weekly cited a source saying the couple were expecting their first baby together. This will be Ashanti's first child. Nelly, whose real name is Cornell Iral Haynes Jr., [has two children from a previous relationship](https://people.com/all-about-nelly-kids-7564708) and adopted his sister's son and daughter after she died of leukemia in March 2005.",
    "highlightText": "",
    "highlightTitle": "",
    "highlightThreadTitle": "",
    "language": "english",
    "sentiment": "positive",
    "categories": [
        "Human Interest"
    ],
    "external_links": [
        "https://www.instagram.com/p/C54BrRBvKBq/)getting",
        "https://www.essence.com/celebrity/black-celeb-couples/ashanti-nelly-engaged/).",
        "https://www.usmagazine.com/celebrity-moms/news/ashanti-is-pregnant-expecting-1st-baby-with-boyfriend-nelly/),",
        "https://proovtest.com/pages/why-proov),",
        "https://people.com/all-about-nelly-kids-7564708)",
        "https://www.tmz.com/2023/12/04/nelly-ashanti-pregnancy-rumors-black-and-white-ball/)",
        "https://www.etonline.com/nelly-and-ashanti-are-back-together-and-very-happy-after-2013-split-203951)",
        "https://essence.com/celebrity/black-celeb-couples/ashanti-nelly-engaged/).",
        "https://etonline.com/nelly-and-ashanti-are-back-together-and-very-happy-after-2013-split-203951)",
        "https://tmz.com/2023/12/04/nelly-ashanti-pregnancy-rumors-black-and-white-ball/)",
        "https://instagram.com/p/C54BrRBvKBq/)getting",
        "https://www.proovtest.com/pages/why-proov),",
        "https://www.people.com/all-about-nelly-kids-7564708)",
        "https://usmagazine.com/celebrity-moms/news/ashanti-is-pregnant-expecting-1st-baby-with-boyfriend-nelly/),"
    ],
    "external_images": [],
    "entities": {
        "persons": [
            {
                "name": "nelly",
                "sentiment": "negative"
            }
        ],
        "organizations": [
            {
                "name": "ashanti",
                "sentiment": "negative"
            }
        ],
        "locations": [
            {
                "name": "washington",
                "sentiment": "none"
            },
            {
                "name": "herre",
                "sentiment": "none"
            }
        ]
    },
    "rating": null,
    "crawled": "2024-04-19T00:21:32.348+03:00",
    "updated": "2024-04-19T00:21:32.348+03:00"
}