{
    "thread": {
        "uuid": "b7aaf51691b0646d4e5f29ff8ba5223221671400",
        "url": "https://timesofindia.indiatimes.com/india/monsters-ball-vote-politics-welfare-schemes-help-change-life-of-asurs/articleshow/109412812.cms",
        "site_full": "timesofindia.indiatimes.com",
        "site": "indiatimes.com",
        "site_section": "http://timesofindia.indiatimes.com/rssfeedmostrecent.cms",
        "site_categories": [
            "under_construction",
            "non_standard_content",
            "top_news"
        ],
        "section_title": "Times of India",
        "title": "Monsters Ball: Vote politics, welfare schemes help change life of Asurs | India News - Times of India",
        "title_full": "Monsters Ball: Vote politics, welfare schemes help change life of Asurs | India News - Times of India",
        "published": "2024-04-18T21:23:00.000+03:00",
        "replies_count": 0,
        "participants_count": 1,
        "site_type": "news",
        "country": "IN",
        "main_image": "https://static.toiimg.com/thumb/msid-109412819,width-1070,height-580,imgsize-1788788,resizemode-75,overlay-toi_sw,pt-32,y_pad-40/photo.jpg",
        "performance_score": 0,
        "domain_rank": 287,
        "domain_rank_updated": "2024-04-16T13:07:52.000+03:00",
        "reach": null,
        "social": {
            "facebook": {
                "likes": 0,
                "comments": 0,
                "shares": 0
            },
            "gplus": {
                "shares": 0
            },
            "pinterest": {
                "shares": 0
            },
            "linkedin": {
                "shares": 0
            },
            "stumbledupon": {
                "shares": 0
            },
            "vk": {
                "shares": 0
            }
        }
    },
    "uuid": "b7aaf51691b0646d4e5f29ff8ba5223221671400",
    "url": "https://timesofindia.indiatimes.com/india/monsters-ball-vote-politics-welfare-schemes-help-change-life-of-asurs/articleshow/109412812.cms",
    "ord_in_thread": 0,
    "parent_url": null,
    "author": "Tamaghna Banerjee",
    "published": "2024-04-18T21:23:00.000+03:00",
    "title": "Monsters Ball: Vote politics, welfare schemes help change life of Asurs | India News - Times of India",
    "text": "ALIPURDUAR: Mahishasur, the shape-shifting demon from Hindu mythology whom goddess Durga slays in an epic fight, makes a symbolic appearance in Bengal every year as part of the state's autumnal celebration of good triumphing over evil.This election season, Mahishasur's supposed descendants in Bengal are in focus, courted by both Trinamool Congress and BJP as the community revisits and reconciles to its inherited legacy that once caused bruising stigma.Titusma Toppo, who used to be bullied in school over his identity, has just filed a legal affidavit reclaiming his inherited surname, Asur (literally meaning 'demon').\"Times have changed. Govts at the Centre and the state have come up with several welfare schemes for us. I had dropped my surname in favour of 'Toppo'. I am legally getting it back,\" he said.Many among the Asurs, one of the oldest Scheduled Tribes of Bengal, had left the state and discarded their surname to escape discrimination. A reverse migration has been taking place, particularly in the Alipurduar belt of north Bengal, since TMC and BJP started rolling out welfare measures targeting the marginalised community.Over the past four years, many such families scattered across the neighbourhoods of Alipurduar have received new homes under PMAY.The majority of them, employed in tea plantations, have also been offered land by Bengal govt and financial assistance under the Cha Sundari scheme. Areas like Uttar Line, Dakshin Line, Buxa Bazar and Kalkut, where most members of the tribe used to live in shanties, have transformed into localities with brick-and-mortar homes.This is in contrast to how the Asurs used to be treated until a few years ago. During Durga Puja, community members would stay indoors lest they face casteist slurs and generally hurtful comments linking them to the mythical demon whose death the festival commemorates.\"Life has changed for the better in the last few years. We got a new home under PMAY in 2020. In the last six to seven months, several members of my family received land pattas,\" said Nandu Asur, who lives in Uttar Line with his extended family of 12.Nandu worked at Majherdabri tea estate for most of his life and earned wages that were never enough. He now gets a pension of Rs 2,000 a month.Nandu's son Bijoy, who had moved to Gujarat to work as a carpenter there, has returned to Alipurduar. He has a tea estate job and is hoping for a wage hike and a plot of land like his family members received from the state govt.The number of Asur families in the belt has increased from 29 four years ago to more than 70 now, with a total population of around 3,500. Along with the improvement in living conditions, there has been a noticeable change in the aspirations of the Asur community, too. Most parents now want their children to get an education rather than start looking for work as soon as they become eligible.(With inputs from Subhojyoti Kanjilal in Kolkata)",
    "highlightText": "",
    "highlightTitle": "",
    "highlightThreadTitle": "",
    "language": "english",
    "sentiment": "positive",
    "categories": [
        "Politics",
        "Social Issue",
        "Human Interest"
    ],
    "external_links": [
        "https://static.toiimg.com/photo/92434121.cms);background-position:-12px",
        "https://static.toiimg.com/photo/87458172.cms",
        "https://static.toiimg.com/photo/106607298.cms)",
        "https://static.toiimg.com/photo/71501947.cms)!important;background-position:-35px",
        "https://static.toiimg.com/photo/100496804.cms)",
        "https://static.toiimg.com/photo/86191063.cms);background-position:-230px",
        "https://static.toiimg.com/photo/86191063.cms);background-position:-3px",
        "https://static.toiimg.com/photo/86191063.cms);background-position:-8px",
        "https://static.toiimg.com/photo/92222747.cms",
        "https://static.toiimg.com/photo/92434121.cms);background-position:-24px",
        "https://static.toiimg.com/photo/101358000.cms);background-repeat:no-repeat;border:1px",
        "https://recipes.timesofindia.com/web-stories/12-healthy-vegetarian-dishes-that-can-be-a-part-of-your-balanced-diet/photostory/109345288.cms",
        "https://static.toiimg.com/photo/94322188.cms);background-position:-15px",
        "https://static.toiimg.com/photo/106565198.cms)",
        "https://static.toiimg.com/photo/69822060.cms);background-position:-16px",
        "https://static.toiimg.com/photo/69822060.cms);background-position:-19px",
        "https://static.toiimg.com/photo/92434121.cms);background-repeat:no-repeat;height:12px;left:4px;margin-top:3px;position:absolute;top:0;width:12px}.ISnJ7",
        "https://static.toiimg.com/photo/76150242.cms)",
        "https://static.toiimg.com/photo/103633002.cms)",
        "https://static.toiimg.com/photo/71501947.cms)",
        "https://static.toiimg.com/photo/109245450.cms)",
        "https://static.toiimg.com/photo/71149155.cms)",
        "https://static.toiimg.com/photo/86191063.cms);background-position:-17px",
        "https://www.speakingtree.in/topics/god/durga",
        "https://news.google.com/publications/CAAqBwgKMM6y_Qowwu70Ag",
        "https://static.toiimg.com/photo/71501947.cms);background-position:-35px",
        "https://static.toiimg.com/photo/83033472.cms)",
        "https://static.toiimg.com/photo/92434121.cms);background-position:-47px",
        "https://static.toiimg.com/photo/69822060.cms);background-repeat:no-repeat}.BWUrF",
        "https://static.toiimg.com/photo/82304530.cms)",
        "https://static.toiimg.com/photo/83033472.cms",
        "https://static.toiimg.com/photo/92434121.cms);background-repeat:no-repeat;display:inline-block;height:15px;margin-left:6px;width:13px}.linktype1",
        "https://static.toiimg.com/photo/92434121.cms)",
        "https://static.toiimg.com/photo/101358000.cms);background-position:-9px",
        "https://static.toiimg.com/photo/92429261.cms)",
        "https://etmoney.onelink.me/unJQ/q6d76e0e",
        "https://static.toiimg.com/photo/86191063.cms);background-position:-16px",
        "https://static.toiimg.com/photo/88412386.cms);background-position:bottom;background-repeat:no-repeat;background-size:100%",
        "https://www.static.toiimg.com/photo/71501947.cms);background-position:-35px",
        "https://www.static.toiimg.com/photo/94322188.cms);background-position:-15px",
        "https://www.static.toiimg.com/photo/83033472.cms)",
        "https://www.static.toiimg.com/photo/69822060.cms);background-position:-19px",
        "https://www.news.google.com/publications/CAAqBwgKMM6y_Qowwu70Ag",
        "https://www.recipes.timesofindia.com/web-stories/12-healthy-vegetarian-dishes-that-can-be-a-part-of-your-balanced-diet/photostory/109345288.cms",
        "https://www.static.toiimg.com/photo/106565198.cms)",
        "https://www.static.toiimg.com/photo/100496804.cms)",
        "https://www.static.toiimg.com/photo/92434121.cms)",
        "https://www.static.toiimg.com/photo/92429261.cms)",
        "https://www.static.toiimg.com/photo/101358000.cms);background-position:-9px",
        "https://www.static.toiimg.com/photo/106607298.cms)",
        "https://www.static.toiimg.com/photo/83033472.cms",
        "https://www.static.toiimg.com/photo/69822060.cms);background-repeat:no-repeat}.BWUrF",
        "https://www.static.toiimg.com/photo/86191063.cms);background-position:-17px",
        "https://www.static.toiimg.com/photo/103633002.cms)",
        "https://www.static.toiimg.com/photo/71501947.cms)!important;background-position:-35px",
        "https://www.static.toiimg.com/photo/92434121.cms);background-repeat:no-repeat;display:inline-block;height:15px;margin-left:6px;width:13px}.linktype1",
        "https://www.static.toiimg.com/photo/71149155.cms)",
        "https://www.static.toiimg.com/photo/76150242.cms)",
        "https://www.static.toiimg.com/photo/86191063.cms);background-position:-230px",
        "https://www.static.toiimg.com/photo/92434121.cms);background-position:-12px",
        "https://www.static.toiimg.com/photo/88412386.cms);background-position:bottom;background-repeat:no-repeat;background-size:100%",
        "https://www.static.toiimg.com/photo/92434121.cms);background-position:-24px",
        "https://www.static.toiimg.com/photo/86191063.cms);background-position:-3px",
        "https://www.static.toiimg.com/photo/69822060.cms);background-position:-16px",
        "https://www.static.toiimg.com/photo/92222747.cms",
        "https://www.etmoney.onelink.me/unJQ/q6d76e0e",
        "https://www.static.toiimg.com/photo/71501947.cms)",
        "https://speakingtree.in/topics/god/durga",
        "https://www.static.toiimg.com/photo/86191063.cms);background-position:-8px",
        "https://www.static.toiimg.com/photo/87458172.cms",
        "https://www.static.toiimg.com/photo/92434121.cms);background-position:-47px",
        "https://www.static.toiimg.com/photo/109245450.cms)",
        "https://www.static.toiimg.com/photo/92434121.cms);background-repeat:no-repeat;height:12px;left:4px;margin-top:3px;position:absolute;top:0;width:12px}.ISnJ7",
        "https://www.static.toiimg.com/photo/86191063.cms);background-position:-16px",
        "https://www.static.toiimg.com/photo/82304530.cms)",
        "https://www.static.toiimg.com/photo/101358000.cms);background-repeat:no-repeat;border:1px"
    ],
    "external_images": [],
    "entities": {
        "persons": [
            {
                "name": "verdana",
                "sentiment": "none"
            }
        ],
        "organizations": [
            {
                "name": "asurs | india news - times of india",
                "sentiment": "negative"
            }
        ],
        "locations": []
    },
    "rating": null,
    "crawled": "2024-04-19T00:04:50.419+03:00",
    "updated": "2024-04-19T01:07:43.022+03:00"
}