{
    "thread": {
        "uuid": "322838d60471a243c7088e4f830ee3dc85ba99ae",
        "url": "https://www.investopedia.com/genuine-parts-surges-to-lead-s-and-p-500-gains-thursday-here-is-why-8635585",
        "site_full": "www.investopedia.com",
        "site": "investopedia.com",
        "site_section": "https://www.investopedia.com/feedbuilder/feed/getfeed?feedname=rss_headline",
        "site_categories": [
            "investing",
            "finance"
        ],
        "section_title": "Investopedia Markets News (all except PF)",
        "title": "Genuine Parts Surges To Lead S&P 500 Gains Thursday—Here's Why",
        "title_full": "Genuine Parts Surges To Lead S&P 500 Gains Thursday—Here's Why",
        "published": "2024-04-18T23:35:00.000+03:00",
        "replies_count": 0,
        "participants_count": 1,
        "site_type": "news",
        "country": "US",
        "main_image": "https://www.investopedia.com/thmb/OC2ik8evydxqoFaQf60oegDf0_g=/1500x0/filters:no_upscale():max_bytes(150000):strip_icc()/GettyImages-14029004601-33459c03c9b3406b925602ebf19fb3ee.jpg",
        "performance_score": 0,
        "domain_rank": 232,
        "domain_rank_updated": "2024-04-16T13:07:52.000+03:00",
        "reach": null,
        "social": {
            "facebook": {
                "likes": 0,
                "comments": 0,
                "shares": 0
            },
            "gplus": {
                "shares": 0
            },
            "pinterest": {
                "shares": 0
            },
            "linkedin": {
                "shares": 0
            },
            "stumbledupon": {
                "shares": 0
            },
            "vk": {
                "shares": 0
            }
        }
    },
    "uuid": "322838d60471a243c7088e4f830ee3dc85ba99ae",
    "url": "https://www.investopedia.com/genuine-parts-surges-to-lead-s-and-p-500-gains-thursday-here-is-why-8635585",
    "ord_in_thread": 0,
    "parent_url": null,
    "author": "Bill McColl",
    "published": "2024-04-18T23:35:00.000+03:00",
    "title": "Genuine Parts Surges To Lead S&P 500 Gains Thursday—Here's Why",
    "text": "Key Takeaways Genuine Parts beat profit estimates and raised its outlook as acquisitions helped lift automotive parts sales. The company behind the NAPA Auto Parts brand saw a decline in sales at its Industrial Parts Group. CFO Will Stengel said Genuine Parts showed operating discipline as it faced slow sales growth. Genuine Parts ( GPC ) was the best-performing stock in the S&P 500 in intraday trading Thursday as shares surged close to 11% after the automotive and industrial parts distributor beat profit estimates and raised its guidance as it benefited from acquisitions.\nThe owner of the NAPA Auto Parts brand posted first quarter earnings per share (EPS) of $1.78, exceeding forecasts. Revenue rose 0.3% from a year ago to $5.78 billion, short of expectations.\nSales at the company's Global Automotive unit were up 1.9% to $3.57 billion, boosted by a 0.2% increase in comparable sales and a 2.8% benefit from acquisitions. Industrial Parts Group sales declined 2.2% to $2.21 billion, dragged down by a 2.6% comparable sales drop.\nCFO Will Stengel said the firm showed “operating discipline that delivered improved overall earnings against a backdrop of low sales growth.”\nGenuine Parts now anticipates full-year EPS in a range of $9.80 to $9.95, up from the previous outlook of $9.70 to $9.90.\nShares of Genuine Parts were up 10.9% at $159.86 as of 3:30 p.m. ET Thursday. With Thursday’s advance, shares of Genuine Parts have gained about 15% so far this year.\nTradingView\nDo you have a news tip for Investopedia reporters? Please email us at Article Sources Investopedia requires writers to use primary sources to support their work. These include white papers, government data, original reporting, and interviews with industry experts. We also reference original research from other reputable publishers where appropriate. You can learn more about the standards we follow in producing accurate, unbiased content in our editorial policy. Genuine Parts. \" Genuine Parts Company Reports First Quarter 2024 Results and Updates Full-Year Outlook .\"\nCompare Accounts Advertiser Disclosure × The offers that appear in this table are from partnerships from which Investopedia receives compensation. This compensation may impact how and where listings appear. Investopedia does not include all offers available in the marketplace. Provider Name Description",
    "highlightText": "",
    "highlightTitle": "",
    "highlightThreadTitle": "",
    "language": "english",
    "sentiment": "positive",
    "categories": [
        "Economy, Business and Finance",
        "Human Interest",
        "Social Issue"
    ],
    "external_links": [
        "https://www.genpt.com/2024-04-18-Genuine-Parts-Company-Reports-First-Quarter-2024-Results-and-Updates-Full-Year-Outlook",
        "https://genpt.com/2024-04-18-Genuine-Parts-Company-Reports-First-Quarter-2024-Results-and-Updates-Full-Year-Outlook"
    ],
    "external_images": [],
    "entities": {
        "persons": [
            {
                "name": "will stengel",
                "sentiment": "none"
            }
        ],
        "organizations": [
            {
                "name": "s&p",
                "sentiment": "negative"
            },
            {
                "name": "industrial parts group",
                "sentiment": "none"
            },
            {
                "name": "global automotive",
                "sentiment": "none"
            },
            {
                "name": "napa auto parts",
                "sentiment": "none"
            }
        ],
        "locations": []
    },
    "rating": null,
    "crawled": "2024-04-19T00:18:44.361+03:00",
    "updated": "2024-04-19T07:52:53.405+03:00"
}