{
    "thread": {
        "uuid": "7076ca239a7d4fa198fda99cd10c481a4b95fd67",
        "url": "https://www.wabi.tv/2024/04/18/emcc-hosting-etching-event-prevent-vehicle-catalytic-converter-thefts",
        "site_full": "www.wabi.tv",
        "site": "wabi.tv",
        "site_section": "https://www.wabi.tv/homepage",
        "site_categories": [
            "media"
        ],
        "section_title": "WABI | Maine Local News, Weather, Sports | Bangor, ME",
        "title": "EMCC hosting ‘etching’ event to prevent vehicle catalytic converter thefts",
        "title_full": "EMCC hosting ‘etching’ event to prevent vehicle catalytic converter thefts",
        "published": "2024-04-19T00:01:00.000+03:00",
        "replies_count": 0,
        "participants_count": 1,
        "site_type": "news",
        "country": "US",
        "main_image": "https://gray-wabi-prod.cdn.arcpublishing.com/resizer/v2/RBVZ3NYKSVBSVPOW4SLWFV433Y.jpg?auth=b9bb67a87c673536214efb0ba092405cde4f10ea7a1b6166cf9c8f28f6d2861f&amp;width=1200&amp;height=600&amp;smart=true",
        "performance_score": 0,
        "domain_rank": 28828,
        "domain_rank_updated": "2024-04-16T13:07:52.000+03:00",
        "reach": null,
        "social": {
            "facebook": {
                "likes": 0,
                "comments": 0,
                "shares": 0
            },
            "gplus": {
                "shares": 0
            },
            "pinterest": {
                "shares": 0
            },
            "linkedin": {
                "shares": 0
            },
            "stumbledupon": {
                "shares": 0
            },
            "vk": {
                "shares": 0
            }
        }
    },
    "uuid": "7076ca239a7d4fa198fda99cd10c481a4b95fd67",
    "url": "https://www.wabi.tv/2024/04/18/emcc-hosting-etching-event-prevent-vehicle-catalytic-converter-thefts",
    "ord_in_thread": 0,
    "parent_url": null,
    "author": "@WABI_TV5",
    "published": "2024-04-19T00:01:00.000+03:00",
    "title": "EMCC hosting ‘etching’ event to prevent vehicle catalytic converter thefts",
    "text": "EMCC hosting ‘etching’ event to prevent vehicle catalytic converter thefts BANGOR, Maine (WABI) - Catalytic converter thefts continue to be an issue nationwide. The devices contain valuable precious metals, making them a prime target for thieves to sell them on the black market. According to the [National Insurance Crime Bureau](https://www.nicb.org/news/news-releases/catalytic-converter-thefts-surge-nationwide-according-new-report), the nation experienced more than 64,000 catalytic converter thefts in 2022 alone. Leading the country in catalytic converter thefts were California and Texas. Experts say the problem is not getting any better. “Prices are still increasing – gold, silver, platinum, rhodium. The precious metals in the cats {catalytic converter} – it’s still increasing. It’s still in the market,” said Scott Kennard of [Darling’s Ford-VW-Audi](https://www.darlingsford.com/) in Bangor. He says it’s a problem hitting not just consumers but businesses and first responders. “Ambulances, delivery trucks, fire trucks – vehicles that don’t move often. Due to the supply chain interruption, we have had ambulances that have had to sit for six months with no parts,” he explained. Getting one replaced is going to cost you. “Generally, it can range from $1,000 to $1,300 but that’s just a rough idea,” said Nathan Paulauskas, a 2nd-year automotive technology student. Under a Maine law that went into effect in 2022, new and used vehicles sold by a dealer in the state must have a VIN number engraved on the catalytic converter. “It saves you a little bit of headache in case your catalytic converter does get stolen. Your VIN on your cat is going through this random junkyard. They may contact you and you might be able to get your cat back, and the person that stole it will also probably have to pay for the replacement of it.” Experts say while the VIN number may not make it less likely for the part to be stolen, it does make it harder to sell. “The recycling plants, if they receive a cat with a VIN {number} on it, they have to check that VIN out. If you’re caught with a truck full of catalytic converters that have VIN numbers on it, they can be cross-referenced in a database,” Kinnard said. Next week you can have your catalytic converter marked for free. Eastern Maine Community College is hosting an “Etch and Catch” program on Tuesday, April 23rd from 8 a.m. to noon. “The Criminal Justice Academy students are going to help liaison people over to our shop and the Automotive students are going to etch the converter per state law on the vehicles that need to have their converters etched,” said Chris Davis, automotive department chair at Eastern Maine Community College. “Etch and Catch” programs are popping up across the country, to aid in the recovery of the converters should they be stolen. Experts say drivers can take some simple steps to help prevent theft. “Vary your routine,” Kinnard said. “Thieves look for habits. Move your car around. Know your surroundings.” To pre-register for a specific timeslot email: Investigations.bmv@maine.gov. Copyright 2024 WABI. All rights reserved.",
    "highlightText": "",
    "highlightTitle": "",
    "highlightThreadTitle": "",
    "language": "english",
    "sentiment": "positive",
    "categories": [
        "Social Issue",
        "Human Interest",
        "Crime, Law and Justice"
    ],
    "external_links": [
        "https://www.darlingsford.com/)",
        "https://www.nicb.org/news/news-releases/catalytic-converter-thefts-surge-nationwide-according-new-report),",
        "https://nicb.org/news/news-releases/catalytic-converter-thefts-surge-nationwide-according-new-report),",
        "https://darlingsford.com/)"
    ],
    "external_images": [],
    "entities": {
        "persons": [
            {
                "name": "scott kennard",
                "sentiment": "none"
            }
        ],
        "organizations": [
            {
                "name": "vw",
                "sentiment": "none"
            },
            {
                "name": "audi",
                "sentiment": "none"
            },
            {
                "name": "ford",
                "sentiment": "none"
            },
            {
                "name": "national insurance crime bureau",
                "sentiment": "none"
            }
        ],
        "locations": [
            {
                "name": "bangor",
                "sentiment": "none"
            },
            {
                "name": "maine",
                "sentiment": "none"
            },
            {
                "name": "bangor",
                "sentiment": "none"
            },
            {
                "name": "texas",
                "sentiment": "none"
            },
            {
                "name": "california",
                "sentiment": "none"
            }
        ]
    },
    "rating": null,
    "crawled": "2024-04-19T00:06:13.396+03:00",
    "updated": "2024-04-19T00:06:13.396+03:00"
}