{
    "thread": {
        "uuid": "e340ead3be6837b906346f8f658d987645b97c5f",
        "url": "https://www.eluniversal.com.mx/metropoli/alcaldia-benito-juarez-presume-ser-la-zona-del-pais-con-mayor-percepcion-de-seguridad",
        "site_full": "www.eluniversal.com.mx",
        "site": "eluniversal.com.mx",
        "site_section": "https://www.eluniversal.com.mx/metropoli",
        "site_categories": [
            "media",
            "top_news"
        ],
        "section_title": "Metrópoli | El Universal",
        "title": "Alcaldía Benito Juárez presume ser la zona del país con mayor percepción de seguridad | El Universal",
        "title_full": "Alcaldía Benito Juárez presume ser la zona del país con mayor percepción de seguridad | El Universal",
        "published": "2024-04-19T00:00:00.000+03:00",
        "replies_count": 0,
        "participants_count": 1,
        "site_type": "news",
        "country": "MX",
        "main_image": "https://www.eluniversal.com.mx/resizer/BNXCHpBOcX39JvJ4NIQTp9kcQGk=/980x528/cloudfront-us-east-1.images.arcpublishing.com/eluniversal/QQ5DN6XXQVFCFLQKZG26RQ2EIY.jpeg",
        "performance_score": 0,
        "domain_rank": 3672,
        "domain_rank_updated": "2024-04-16T13:07:52.000+03:00",
        "reach": null,
        "social": {
            "facebook": {
                "likes": 0,
                "comments": 0,
                "shares": 0
            },
            "gplus": {
                "shares": 0
            },
            "pinterest": {
                "shares": 0
            },
            "linkedin": {
                "shares": 0
            },
            "stumbledupon": {
                "shares": 0
            },
            "vk": {
                "shares": 0
            }
        }
    },
    "uuid": "e340ead3be6837b906346f8f658d987645b97c5f",
    "url": "https://www.eluniversal.com.mx/metropoli/alcaldia-benito-juarez-presume-ser-la-zona-del-pais-con-mayor-percepcion-de-seguridad",
    "ord_in_thread": 0,
    "parent_url": null,
    "author": "Omar Díaz",
    "published": "2024-04-19T00:00:00.000+03:00",
    "title": "Alcaldía Benito Juárez presume ser la zona del país con mayor percepción de seguridad | El Universal",
    "text": "La alcaldía Benito Juárez presumió que se mantiene como la zona del país con la mayor percepción de seguridad, de acuerdo a la Encuesta Nacional de Seguridad Pública Urbana ( ENSU ), publicada hoy por el Inegi . El alcalde sustituto Jaime Mata señaló que estos resultados confirman la efectividad de la estrategia Blindar BJ , implementada desde el 2018, que es un modelo exitoso de policía civil, bien capacitada y equipada, complementada con tecnología, inteligencia y coordinación que, a más de cinco años, sigue arrojando resultados positivos.\n“Hoy Benito Juárez se levanta y amanece con una gran noticia. El Inegi informa, a través de su Encuesta Nacional de Seguridad Pública Urbana, que somos la alcaldía más segura del país y de la Ciudad de México. Esto sin duda es derivado del gran esfuerzo de este equipo de la estrategia Blindar Benito Juárez, que sin duda se valora y se reconoce en función de estos resultados”, apuntó.\nLeer también: Crece pleito entre CDMX y alcaldía Benito Juárez, ¿y la emergencia hídrica?\nAgregó que Blindar BJ es un referente en materia de seguridad y un ejemplo a seguir para la Ciudad y el país, pues estos resultados, dijo, no son casualidad, pues por 14 mediciones continuas, tres años y medio, la alcaldía se ha mantenido con el mejor índice de percepción en la Ciudad y por tercera ocasión consecutiva, como la más segura del país.\n“Con estos resultados, podemos indicar que la alcaldía Benito Juárez, 9 de cada 10 habitantes se sienten seguros. Sin duda, esta estrategia ha generado precedentes para poder coordinar el tema de seguridad ciudadana”, sostuvo.\nCabe señalar, que con la estrategia Blindar BJ se ha incrementado el índice de percepción de seguridad en 42.6 puntos desde la primera medición por alcaldía realizada en 2019, es decir, de 46.3 pasó a 88.9%.\nLeer también: Análisis de la UNAM registra “valores normales” en agua de la alcaldía Benito Juárez\nÚnete a nuestro canal ¡EL UNIVERSAL ya está en Whatsapp!, desde tu dispositivo móvil entérate de las noticias más relevantes del día, artículos de opinión, entretenimiento, tendencias y más.\nmahc/cr",
    "highlightText": "",
    "highlightTitle": "",
    "highlightThreadTitle": "",
    "language": "spanish",
    "sentiment": "positive",
    "categories": [
        "Crime, Law and Justice",
        "Human Interest"
    ],
    "external_links": [
        "https://whatsapp.com/channel/0029Va4lfJc1CYoM1R8IT71e",
        "https://news.google.com/publications/CAAqBwgKMKG_7wowkfm2Ag?hl=es-419&gl=MX&ceid=MX%3Aes-419",
        "https://news.google.com/publications/CAAqBwgKMKG_7wowkfm2Ag",
        "https://www.news.google.com/publications/CAAqBwgKMKG_7wowkfm2Ag?hl=es-419&gl=MX&ceid=MX%3Aes-419",
        "https://www.whatsapp.com/channel/0029Va4lfJc1CYoM1R8IT71e"
    ],
    "external_images": [],
    "entities": {
        "persons": [],
        "organizations": [],
        "locations": []
    },
    "rating": null,
    "crawled": "2024-04-19T00:04:18.378+03:00",
    "updated": "2024-04-19T00:04:18.378+03:00"
}