{
    "thread": {
        "uuid": "9877c736908e7221027047b34ff9046c690dbff9",
        "url": "https://www.usatoday.com/story/sports/nfl/2024/04/18/josh-allen-thanks-former-buffalo-bills-teammate-stefon-diggs/73375815007",
        "site_full": "www.usatoday.com",
        "site": "usatoday.com",
        "site_section": "https://usatoday.com/sports/odds",
        "site_categories": [
            "media",
            "top_news"
        ],
        "section_title": "USA TODAY Sports Scores and Odds Hub",
        "title": "Josh Allen publicly thanks former Buffalo Bills teammate Stefon Diggs",
        "title_full": "Josh Allen publicly thanks former Buffalo Bills teammate Stefon Diggs",
        "published": "2024-04-18T03:00:00.000+03:00",
        "replies_count": 0,
        "participants_count": 1,
        "site_type": "news",
        "country": "US",
        "main_image": "https://www.gannett-cdn.com/authoring/authoring-images/2024/04/18/USAT/73375939007-usatsi-22201697.jpg?auto=webp&crop=4850,2727,x6,y322&format=pjpg&width=1200",
        "performance_score": 0,
        "domain_rank": 148,
        "domain_rank_updated": "2024-04-16T13:07:52.000+03:00",
        "reach": null,
        "social": {
            "facebook": {
                "likes": 0,
                "comments": 0,
                "shares": 0
            },
            "gplus": {
                "shares": 0
            },
            "pinterest": {
                "shares": 0
            },
            "linkedin": {
                "shares": 0
            },
            "stumbledupon": {
                "shares": 0
            },
            "vk": {
                "shares": 0
            }
        }
    },
    "uuid": "9877c736908e7221027047b34ff9046c690dbff9",
    "url": "https://www.usatoday.com/story/sports/nfl/2024/04/18/josh-allen-thanks-former-buffalo-bills-teammate-stefon-diggs/73375815007",
    "ord_in_thread": 0,
    "parent_url": null,
    "author": ", USA TODAY",
    "published": "2024-04-18T03:00:00.000+03:00",
    "title": "Josh Allen publicly thanks former Buffalo Bills teammate Stefon Diggs",
    "text": "Buffalo Bills quarterback Josh Allen publicly thanked ex-teammate Stefon Diggs on Thursday, and revealed he sent a text message to the wide receiver. “Yeah, I shared a text with him and got one back, just thanking him for everything that he did for me,” Allen told reporters Thursday's in his first public comments since the Bills traded Diggs . “I’ll always have a spot in my heart for him and I’ll always love him like a brother and wish him nothing but the best.” The Bills traded Diggs to the Houston Texans earlier this month after the receiver spent four seasons in Buffalo. Diggs’ tenure in upstate New York was eventful. Diggs led the NFL in receptions and receiving yards in 2020, he had four consecutive seasons with more than 100 receptions and had four straight invitations to the Pro Bowl. However, there were times when Diggs’ frustration boiled over on the sideline at Allen and other teammates. The wideout missed the first day of mandatory minicamp in 2023 and he’s made cryptic comments on social media. Diggs’ production dipped midway through 2023. He finished the season with 11 straight regular-season games with less than 100 receiving yards and had just 73 combined receiving yards in Buffalo’s two playoff games last season. The Bills subsequently traded the star wideout to Houston after Diggs’ time in Buffalo appeared to have run its course at the conclusion of the 2023 season. “My lasting memory of (Stefon) will be the receiver that helped me become the quarterback that I am today,” Allen said. “I will always thank him for that.” Allen’s two Pro Bowl selections (2020 and 2022) came with Diggs as his leading receiver. Diggs’ departure created a massive hole at wide receiver in Buffalo. In addition to trading away Diggs, the Bills also lost their No. 2 wide receiver, Gabe Davis , to the Jacksonville Jaguars in free agency. Follow USA TODAY Sports' Tyler Dragon on X @TheTylerDragon .",
    "highlightText": "",
    "highlightTitle": "",
    "highlightThreadTitle": "",
    "language": "english",
    "sentiment": "positive",
    "categories": [
        "Human Interest",
        "Sport",
        "Social Issue"
    ],
    "external_links": [
        "https://twitter.com/TheTylerDragon",
        "https://www.twitter.com/TheTylerDragon"
    ],
    "external_images": [],
    "entities": {
        "persons": [
            {
                "name": "stefon diggs",
                "sentiment": "negative"
            },
            {
                "name": "josh allen",
                "sentiment": "negative"
            },
            {
                "name": "diggs",
                "sentiment": "none"
            },
            {
                "name": "” allen",
                "sentiment": "none"
            },
            {
                "name": "allen",
                "sentiment": "none"
            }
        ],
        "organizations": [
            {
                "name": "buffalo bills",
                "sentiment": "negative"
            },
            {
                "name": "stefon diggs buffalo bills",
                "sentiment": "negative"
            },
            {
                "name": "nfl",
                "sentiment": "none"
            }
        ],
        "locations": [
            {
                "name": "new york",
                "sentiment": "none"
            },
            {
                "name": "buffalo",
                "sentiment": "none"
            },
            {
                "name": "houston",
                "sentiment": "none"
            }
        ]
    },
    "rating": null,
    "crawled": "2024-04-19T00:27:32.482+03:00",
    "updated": "2024-04-19T01:59:13.973+03:00"
}