{
    "thread": {
        "uuid": "ceb012d607fa248c65c749a134f78a225fbc5aad",
        "url": "https://www.news8000.com/news/hmong-dance-teams-connect-coulee-region-with-culture-during-cultural-awareness-family-night/video_416c2045-31d1-5dd5-a47b-0e195d3c59d0.html",
        "site_full": "www.news8000.com",
        "site": "news8000.com",
        "site_section": "http://www.news8000.com",
        "site_categories": [
            "media"
        ],
        "section_title": "news8000.com",
        "title": "Hmong dance teams connect Coulee Region with culture during Cultural Awareness Family Night | News | news8000.com",
        "title_full": "Hmong dance teams connect Coulee Region with culture during Cultural Awareness Family Night | News | news8000.com",
        "published": "2024-04-18T08:00:00.000+03:00",
        "replies_count": 0,
        "participants_count": 0,
        "site_type": "news",
        "country": "US",
        "main_image": "https://bloximages.newyork1.vip.townnews.com/news8000.com/content/tncms/assets/v3/editorial/4/16/416c2045-31d1-5dd5-a47b-0e195d3c59d0/66210b75b5854.image.jpg?crop=1280%2C672%2C0%2C23&amp;resize=1200%2C630&amp;order=crop%2Cresize",
        "performance_score": 0,
        "domain_rank": 41611,
        "domain_rank_updated": "2024-04-16T13:07:56.000+03:00",
        "reach": null,
        "social": {
            "facebook": {
                "likes": 0,
                "comments": 0,
                "shares": 0
            },
            "gplus": {
                "shares": 0
            },
            "pinterest": {
                "shares": 0
            },
            "linkedin": {
                "shares": 0
            },
            "stumbledupon": {
                "shares": 0
            },
            "vk": {
                "shares": 0
            }
        }
    },
    "uuid": "ceb012d607fa248c65c749a134f78a225fbc5aad",
    "url": "https://www.news8000.com/news/hmong-dance-teams-connect-coulee-region-with-culture-during-cultural-awareness-family-night/video_416c2045-31d1-5dd5-a47b-0e195d3c59d0.html",
    "ord_in_thread": 0,
    "parent_url": null,
    "author": null,
    "published": "2024-04-18T08:00:00.000+03:00",
    "title": "Hmong dance teams connect Coulee Region with culture during Cultural Awareness Family Night | News | news8000.com",
    "text": "[] Hmong dance teams connect Coulee Region with culture during Cultural Awareness Family Night - - Updated Most Popular - [Barn fire in Viroqua results in complete loss](/news/local-news/barn-fire-in-viroqua-results-in-complete-loss/article_2bf74664-fd8f-11ee-93b9-3f364ff4c35d.html) - [17 Vikings sign Letter of Intent at Holmen High school](/sports/high-school-sports/holmen/17-vikings-sign-letter-of-intent-at-holmen-high-school/article_c944a8de-fd36-11ee-8847-a76ed84eab92.html) - [10 Rangers make next chapter official at Logan High School](/sports/high-school-sports/la-crosse-logan/10-rangers-make-next-chapter-official-at-logan-high-school/article_72f62604-fd38-11ee-9041-6f691148a9fe.html) - [State-of-the-art distribution center breaks ground in West Salem](/news/local-news/state-of-the-art-distribution-center-breaks-ground-in-west-salem/article_47823792-fd1f-11ee-a8e5-c3be55d759b4.html) - [Former high school coach faces felony charges for capturing photos and videos of students without consent](/news/crime/former-high-school-coach-faces-felony-charges-for-capturing-photos-and-videos-of-students-without/article_f6c01502-fd07-11ee-8048-c7902c86c83d.html) - [La Crosse County seeks candidates for new civilian review board](/news/local-news/la-crosse-county-seeks-candidates-for-new-civilian-review-board/article_83e470f8-fdc7-11ee-9b7e-5bc1ca52ec44.html) - [Man arrested after hit and run and shooting in Monroe County](/news/crime/man-arrested-after-hit-and-run-and-shooting-in-monroe-county/article_f3afa1b4-fdc2-11ee-9e8a-7f846047d716.html) - [US CPSC warns against using 'snuggle pods' due to infant suffocation risk](/news/national-world/us-cpsc-warns-against-using-snuggle-pods-due-to-infant-suffocation-risk/article_e9901fa6-fdbd-11ee-a3f4-330d93ebac51.html) - ['This should not have occurred': Eau Claire attorney calls on DHS to investigate HSHS](/news/local-news/eau-claire/this-should-not-have-occurred-eau-claire-attorney-calls-on-dhs-to-investigate-hshs/article_5e961a68-fdae-11ee-94ae-f31767d0ca7b.html) - [Suspect identified in string of vehicle entries and stolen property in Town of Campbell](/news/crime/suspect-identified-in-string-of-vehicle-entries-and-stolen-property-in-town-of-campbell/article_95cb41f4-fdac-11ee-a316-0bd449da7f16.html)",
    "highlightText": "",
    "highlightTitle": "",
    "highlightThreadTitle": "",
    "language": "english",
    "sentiment": "positive",
    "categories": [
        "Human Interest",
        "Arts, Culture and Entertainment"
    ],
    "external_links": [],
    "external_images": [],
    "entities": {
        "persons": [],
        "organizations": [
            {
                "name": "vikings",
                "sentiment": "none"
            },
            {
                "name": "logan high school",
                "sentiment": "none"
            },
            {
                "name": "holmen high school",
                "sentiment": "none"
            }
        ],
        "locations": [
            {
                "name": "viroqua",
                "sentiment": "none"
            },
            {
                "name": "west salem",
                "sentiment": "none"
            }
        ]
    },
    "rating": null,
    "crawled": "2024-04-19T00:38:02.754+03:00",
    "updated": "2024-04-19T00:38:02.754+03:00"
}