{
    "thread": {
        "uuid": "2a93f5627d4ca7fe6546d026cabaa6ee623eae17",
        "url": "https://www.eldiario.es/aragon/cultura/papel-asociaciones-culturales-hay-reivindicar-potencial-pueblos-organizar-actividades_1_11300926.html",
        "site_full": "www.eldiario.es",
        "site": "eldiario.es",
        "site_section": "https://eldiario.es/canariasahora/ciencia_y_medio_ambiente/ciencia-ficcion-realidad-inteligencia-artificial-25-anos-despues-the-matrix_1_11254093.html",
        "site_categories": [
            "politics",
            "law_government_and_politics",
            "top_news"
        ],
        "section_title": "Entre la ciencia ficción y la realidad: la inteligencia artificial 25 años después de 'The Matrix'",
        "title": "El papel de las asociaciones culturales: “Hay que reivindicar el potencial de los pueblos para organizar actividades”",
        "title_full": "El papel de las asociaciones culturales: “Hay que reivindicar el potencial de los pueblos para organizar actividades”",
        "published": "2024-04-18T23:36:00.000+03:00",
        "replies_count": 0,
        "participants_count": 1,
        "site_type": "news",
        "country": "ES",
        "main_image": "https://static.eldiario.es/clip/bd69d450-f9af-4aa6-82e6-415e627c616b_facebook-watermarked-aspect-ratio_default_0_x970y926.jpg",
        "performance_score": 0,
        "domain_rank": 2885,
        "domain_rank_updated": "2024-04-16T13:07:52.000+03:00",
        "reach": null,
        "social": {
            "facebook": {
                "likes": 0,
                "comments": 0,
                "shares": 0
            },
            "gplus": {
                "shares": 0
            },
            "pinterest": {
                "shares": 0
            },
            "linkedin": {
                "shares": 0
            },
            "stumbledupon": {
                "shares": 0
            },
            "vk": {
                "shares": 0
            }
        }
    },
    "uuid": "2a93f5627d4ca7fe6546d026cabaa6ee623eae17",
    "url": "https://www.eldiario.es/aragon/cultura/papel-asociaciones-culturales-hay-reivindicar-potencial-pueblos-organizar-actividades_1_11300926.html",
    "ord_in_thread": 0,
    "parent_url": null,
    "author": "ATuAire",
    "published": "2024-04-18T23:36:00.000+03:00",
    "title": "El papel de las asociaciones culturales: “Hay que reivindicar el potencial de los pueblos para organizar actividades”",
    "text": "“Hay que reivindicar el potencial que tienen los pueblos de organizar actividades culturales y hacer una oferta de calidad. No todo tiene que ser en las ciudades”. Ese es uno de los objetivos de los festivales que se celebran en las zonas rurales, tal y como reconoce Néstor Saura, miembro de la Asociación Cultural El Torrejón -situada en la localidad turolense de Jarque de la Val- y que organiza el Festival de Arte ATuAire . Este año celebra su tercera edición el 3 y 4 de mayo. El ATuAire es uno de los aproximadamente 20 festivales que se celebran en la provincia de Teruel a lo largo del año. Algunos de ellos pueden ser el Micromúsicas de Valdealgorfa -8 de junio-, Alkorock en Alcorisa -18 de mayo-, Tamborile de Mezquita de Jarque - 15 de junio-, Poborina Folk celebrado en El Pobo -del 21 al 23 de junio-, Matarranya Íntim de Calaceite -26 al 28 de julio-, el Gaire de Pancrudo -entre el 13 y 15 de septiembre- o el Festival contra la Despoblación, que se lleva a cabo anualmente en Allepuz.\nParte de ellos sirvieron de inspiración a la Asociación Cultural El Torrejón para crear ATuAire, que iba a iniciarse en 2020, pero a causa de la pandemia se retrasó hasta 2022. “La idea viene de ver que en otros pueblos se estaban celebrando festivales culturales y artísticos, algunos con más de 20 años de trayectoria. Pensamos que había que hacer algo así en Jarque de la Val”, describe Saura.\nAsí, decidieron apostar por un certamen de “arte libre” en el que tuvieran espacio diversas disciplinas artísticas. “Hacerlo de arte libre es la primera característica de ATuAire y la segunda es que cada año centramos las actividades en una temática”, detalla el miembro de la Asociación Cultural el Torrejón y de la organización de este festival.\nExposición fotográfica realizada en la segunda edición del festival ATuAire Él mismo apunta que en la primera edición eligieron el “agua” porque Jarque de la Val por “razones geológicas cuenta con gran número de manantiales”. En la segunda entrega, celebrada en 2023 apostaron por el concepto de “raíces” con un doble sentido. Uno de ellos hacía referencia a las raíces de cada persona y es por esto que trabajaron en una exposición fotográfica que recogiese a personas de este municipio. Para Saura se trataba de un “homenaje” a quienes han mantenido Jarque de la Val. Este año, AtuAire se dedicará al cielo. “Queremos mostrar la importancia de preservar esos elementos de la naturaleza”, destaca.\nLa población de multiplica Durante los días que se desarrollan las actividades que engloba AtuAire, la población llega a multiplicarse. Como enumera Saura, en invierno en Jarque de la Val apenas hay “50 vecinos” y cuando llega el Festival se cuantifican más de “500 personas”. “Es una oportunidad para reactivar los municipios”, aclara y añade que en las dos pasadas ediciones se “superaron las expectativas”, pues tuvo “gran acogida” y se acercaron personas de todo el territorio turolense y provincias próximas.\nEn esta tercera edición esperan al menos repetir esas cifras y si es posible superarlas. Para ello han preparado un programa de actos “accesible a todo el mundo”. Por ejemplo, el 4 de mayo habrá espacio para talleres de cerámica o alabastro, la literatura con recital de poesía, la música a través de diversos conciertos, el circo o la astronomía con una observación nocturna.\nEn paralelo se podrá disfrutar de un mercado de artesanía con “productos de la zona”, que reunirá unos “15 puestos”, y una exposición “colectiva” en el salón del Ayuntamiento en la que invitan a participar a cualquier artista. “Queremos dar la oportunidad a los artistas que les cuesta montar una exposición. Aquellas personas que tengan inquietudes artísticas pueden presentar las obras que deseen y se exponen”, explica Saura.\nAdemás de este Festival ATuAire, la Asociación Cultural El Torrejón trabaja para “entretener y dar una propuesta cultural” a los vecinos de Jarque de la Val el resto del año. “Hemos hecho talleres sobre cine, proyección de cortos, talleres de cerámica o traído espectáculos de baile”, ejemplifica.\nHoy en día esta Asociación cuenta con cerca de “100 socios” y sus orígenes se remontan a los inicios de la década de los 80. “Fue pionera en la zona porque se trabajaban muchas disciplinas artísticas como pintura o telares”, desarrolla Saura a la vez que revela que se hacían exposiciones en Zaragoza y otras partes del mundo. Incluso, considera que “aquellas personas de alrededor de Jarque de la Val que tienen inquietudes artísticas de adultos es porque de niños convivieron con El Torrejón”.\nTaller de pintura celebrado en ediciones pasadas de ATuAire ATuAire Saura recuerda que el apoyo de las instituciones es “fundamental” para poder realizar este tipo de festivales. En concreto de la Diputación Provincial de Teruel, que cuenta con una línea de subvenciones para apoyar las distintas iniciativas culturales y organizan congresos como ‘Teruel Tierra de Festivales’. También destaca el papel del Gobierno de Aragón y de las comarcas y ayuntamientos, que son necesarios para los “permisos y cesión de materiales y espacios” sin los que estos certámenes no podrían salir adelante.\nEl equipo de ATuAire trabaja para ir mejorando cada año la oferta cultural. Su objetivo lo tienen claro y es que “todo el mundo tenga el mismo acceso, independientemente de donde vivan”. “La propia Constitución en el artículo 44 recoge que la cultura es un derecho”, concluye Saura.",
    "highlightText": "",
    "highlightTitle": "",
    "highlightThreadTitle": "",
    "language": "spanish",
    "sentiment": "positive",
    "categories": [
        "Human Interest",
        "Arts, Culture and Entertainment"
    ],
    "external_links": [
        "https://www.instagram.com/atuaire_festival/",
        "https://instagram.com/atuaire_festival/",
        "https://www.instagram.com/atuaire_festival"
    ],
    "external_images": [],
    "entities": {
        "persons": [],
        "organizations": [],
        "locations": []
    },
    "rating": null,
    "crawled": "2024-04-19T00:37:56.369+03:00",
    "updated": "2024-04-19T07:25:28.920+03:00"
}