{
    "thread": {
        "uuid": "ec345719c0becf59c6e04cc9a201eb554912428f",
        "url": "https://www.albanyherald.com/local/phoebe-improves-wayfinding-for-visitors/article_44c40584-fdc5-11ee-81b3-47452c186052.html",
        "site_full": "www.albanyherald.com",
        "site": "albanyherald.com",
        "site_section": "http://www.tncontentexchange.com",
        "site_categories": [
            "media"
        ],
        "section_title": "tncontentexchange.com | BLOX Digital provides state-of-the-art content management systems (CMS) and revenue solutions for serious news and media publishers.",
        "title": "Phoebe improves wayfinding for visitors | Local | albanyherald.com",
        "title_full": "Phoebe improves wayfinding for visitors | Local | albanyherald.com",
        "published": "2024-04-18T19:50:00.000+03:00",
        "replies_count": 0,
        "participants_count": 1,
        "site_type": "news",
        "country": "US",
        "main_image": "https://bloximages.newyork1.vip.townnews.com/albanyherald.com/content/tncms/custom/image/01b25422-d8d8-11e6-bb31-5378351eadac.jpg?resize=600%2C315",
        "performance_score": 0,
        "domain_rank": 30207,
        "domain_rank_updated": "2024-04-16T13:07:52.000+03:00",
        "reach": null,
        "social": {
            "facebook": {
                "likes": 0,
                "comments": 0,
                "shares": 0
            },
            "gplus": {
                "shares": 0
            },
            "pinterest": {
                "shares": 0
            },
            "linkedin": {
                "shares": 0
            },
            "stumbledupon": {
                "shares": 0
            },
            "vk": {
                "shares": 0
            }
        }
    },
    "uuid": "ec345719c0becf59c6e04cc9a201eb554912428f",
    "url": "https://www.albanyherald.com/local/phoebe-improves-wayfinding-for-visitors/article_44c40584-fdc5-11ee-81b3-47452c186052.html",
    "ord_in_thread": 0,
    "parent_url": null,
    "author": "From staff reports news@albanyherald.com",
    "published": "2024-04-18T19:50:00.000+03:00",
    "title": "Phoebe improves wayfinding for visitors | Local | albanyherald.com",
    "text": "ALBANY – Finding your way around any hospital, especially one as large as Phoebe Putney Memorial Hospital, can be a challenge. That’s why Phoebe has launched a digital wayfinding initiative for its main campus that includes PPMH and two medical towers. The indoor wayfinding technology uses photos to provide clear directions to users as they walk along the path to their destination.\n“We want every patient and visitor to have a great experience at Phoebe,\" hospital CEO Deb Angerami said in a news release. \"This easy-to-use directional aide will help them get where they need to be and help us live up to our pledge to provide superior service to everyone, every day.\"\n× This page requires Javascript. Javascript is required for you to be able to read premium content. Please enable it in your browser settings.\nkAm':D:E@CD 42? 2446DD 5:C64E:@?D 7C@> E96 !9@636 p446DD >@3:=6 2AA[ 3FE E96 E649?@=@8J 5@6D ?@E C6BF:C6 2? 2AA 5@H?=@25] xE :D 2446DD:3=6 G:2 2?J D>2CEA9@?6[ FD:?8 E96 42>6C2 E@ D42? 2 \"# 4@56] !9@636 92D A=2465 \"# 4@56D @? D:8?D 2E :>A@CE2?E =@42E:@?D E9C@F89@FE E96 42>AFD] (96? G:D:E@CD D42? 2 4@56 2?5 :?AFE 2 56DE:?2E:@?[ E96 DJDE6> H:== 8F:56 E96> E96C6[ DE6A 3J DE6A] %96 #6G6CD6 #@FE6 762EFC6 H:== 3C:?8 G:D:E@CD 324< E@ E96:C DE2CE:?8 A@:?E]k^Am kAm“(96? J@F’C6 4@>:?8 E@ E96 9@DA:E2=[ E96C6’D 2 8@@5 492?46 J@F’C6 2=C625J 2?I:@FD[Q p?86C2>: D2:5] Q*@F 46CE2:?=J 5@?’E H2?E E@ 562= H:E9 E96 7CFDEC2E:@? @7 86EE:?8 =@DE] (:E9 E9:D DJDE6>[ J@F 42? D42? 2 4@56 2E @FC >2:? 6?EC2?46 @C 2E 2? 6=6G2E@C 32J 2?5 AFE :? E96 C@@> ?F>36C J@F H2?E E@ G:D:E @C E96 4=:?:4 H96C6 J@F 92G6 2? 2AA@:?E>6?E[ 2?5 E96 DJDE6> :>>65:2E6=J AC@G:56D J@F H:E9 E96 >@DE 5:C64E C@FE6]k^Am kAmQ(6 C62==J 9@A6 @FC A2E:6?ED 2?5 G:D:E@CD H:== FE:=:K6 E9:D 96=A7F= E@@=]Qk^Am kAm%96C6 2C6 ?@H `hg A@:?ED @7 :?E6C6DE[ db 6=6G2E@C 2446DD A@:?ED[ bfc ;F?4E:@?D 2?5 `[`hf A9@E@D 4@?7:8FC65 7@C E96 !9@636 42>AFD] %96 DJDE6> 2FE@>2E:42==J 42=4F=2E6D E96 D9@CE6DE A2E9 E@ 2?J 56DE:?2E:@? FD:?8 bh[__e A@DD:3=6 A2E9H2J 4@>3:?2E:@?D]k^Am kAmp 5:C64E =:?< E@ E96 H2J7:?5:?8 E649?@=@8J :D 2=D@ 2G2:=23=6 @? E96 9@>6A286 @7 !9@636UCDBF@jD H63D:E6 2E k2 9C67lQ9EEAi^^HHH]A9@636962=E9]4@>QmHHH]A9@636962=E9]4@>k^2m]k^Am kA 4=2DDlQI0|D@}@$A24:?8Q DEJ=6lQ>2C8:?i _:?j 7@?E\\D:K6i `aAEj 7@?E\\72>:=Ji UR_bhj%:>6D }6H #@>2?UR_bhj[ D6C:7j 4@=@Ci Racacacj E6IE\\2=:8?i 46?E6CjQ 2=:8?lQ46?E6CQmkDA2? DEJ=6lQ3@C56Ci _AIj 7@?Ei :?96C:Ej >2C8:?i _AIj A255:?8i _AIj G6CE:42=\\2=:8?i 32D6=:?6j 4@=@Ci :?96C:EjQmkDA2? DEJ=6lQ3@C56Ci _AIj 7@?Ei :?96C:Ej >2C8:?i _AIj A255:?8i _AIj G6CE:42=\\2=:8?i 32D6=:?6j 4@=@Ci :?96C:EjQmkDA2? DEJ=6lQ3@C56Ci _AIj 7@?Ei :?96C:Ej >2C8:?i _AIj A255:?8i _AIj G6CE:42=\\2=:8?i 32D6=:?6j 4@=@Ci :?96C:EjQmkDA2? DEJ=6lQ3@C56Ci _AIj 7@?Ei :?96C:Ej >2C8:?i _AIj A255:?8i _AIj G6CE:42=\\2=:8?i 32D6=:?6j 4@=@Ci :?96C:EjQmkDA2? DEJ=6lQ3@C56Ci _AIj 7@?Ei :?96C:Ej >2C8:?i _AIj A255:?8i _AIj G6CE:42=\\2=:8?i 32D6=:?6j 4@=@Ci :?96C:EjQmkDA2? DEJ=6lQ3@C56Ci _AIj 7@?Ei :?96C:Ej >2C8:?i _AIj A255:?8i _AIj G6CE:42=\\2=:8?i 32D6=:?6j 4@=@Ci :?96C:EjQmkDA2? DEJ=6lQ3@C56Ci _AIj 7@?Ei :?96C:Ej >2C8:?i _AIj A255:?8i _AIj G6CE:42=\\2=:8?i 32D6=:?6j 4@=@Ci :?96C:EjQmkDA2? DEJ=6lQ3@C56Ci _AIj 7@?Ei :?96C:Ej >2C8:?i _AIj A255:?8i _AIj G6CE:42=\\2=:8?i 32D6=:?6j 4@=@Ci :?96C:EjQmkDA2? DEJ=6lQ3@C56Ci _AIj 7@?Ei :?96C:Ej >2C8:?i _AIj A255:?8i _AIj G6CE:42=\\2=:8?i 32D6=:?6j 4@=@Ci :?96C:EjQmkDA2? DEJ=6lQ3@C56Ci _AIj 7@?Ei :?96C:Ej >2C8:?i _AIj A255:?8i _AIj G6CE:42=\\2=:8?i 32D6=:?6j 4@=@Ci :?96C:EjQmk2 :5lQI00w=<fh`ceh_hQ DEJ=6lQ3@C56Ci _AIj 7@?Ei :?96C:Ej >2C8:?i _AIj A255:?8i _AIj G6CE:42=\\2=:8?i 32D6=:?6jQ ?2>6lQI00w=<fh`ceh_hQmk^2mkDEC@?8mkDA2? DEJ=6lQ3@C56Ci _AIj 7@?E\\DEJ=6i :?96C:Ej 7@?E\\G2C:2?Ei :?96C:Ej 7@?E\\H6:89Ei :?96C:Ej 7@?E\\DEC6E49i :?96C:Ej 7@?E\\D:K6i `cAEj =:?6\\96:89Ei :?96C:Ej 7@?E\\72>:=Ji pC:2=[ D2?D\\D6C:7[ D6C:7[ t>@;:u@?Ej 7@?E\\@AE:42=\\D:K:?8i :?96C:Ej 7@?E\\<6C?:?8i :?96C:Ej 7@?E\\762EFC6\\D6EE:?8Di :?96C:Ej 7@?E\\G2C:2E:@?\\D6EE:?8Di :?96C:Ej >2C8:?i _AIj A255:?8i _AIj G6CE:42=\\2=:8?i 32D6=:?6j 4@=@Ci 3=24<jQm!9@636 x>AC@G6D (2J7:?5:?8 7@C ':D:E@CDk^DA2?mk^DEC@?8mk^DA2?mk^DA2?mk^DA2?mk^DA2?mk^DA2?mk^DA2?mk^DA2?mk^DA2?mk^DA2?mk^DA2?mk^Am kA 4=2DDlQI0|D@}@C>2=Q DEJ=6lQ>2C8:?i _:?j 7@?E\\D:K6i ``AEj 7@?E\\72>:=Ji r2=:3C:[ D2?D\\D6C:7j 4@=@Ci RacacacjQmkDA2? DEJ=6lQ3@C56Ci _AIj 7@?Ei :?96C:Ej >2C8:?i _AIj A255:?8i _AIj G6CE:42=\\2=:8?i 32D6=:?6j 4@=@Ci :?96C:EjQmkDA2? DEJ=6lQ3@C56Ci _AIj 7@?Ei :?96C:Ej >2C8:?i _AIj A255:?8i _AIj G6CE:42=\\2=:8?i 32D6=:?6j 4@=@Ci :?96C:EjQmkDA2? DEJ=6lQ3@C56Ci _AIj 7@?Ei :?96C:Ej >2C8:?i _AIj A255:?8i _AIj G6CE:42=\\2=:8?i 32D6=:?6j 4@=@Ci :?96C:EjQmkDA2? DEJ=6lQ3@C56Ci _AIj 7@?Ei :?96C:Ej >2C8:?i _AIj A255:?8i _AIj G6CE:42=\\2=:8?i 32D6=:?6j 4@=@Ci :?96C:EjQmkDA2? DEJ=6lQ3@C56Ci _AIj 7@?Ei :?96C:Ej >2C8:?i _AIj A255:?8i _AIj G6CE:42=\\2=:8?i 32D6=:?6j 4@=@Ci :?96C:EjQmkDA2? DEJ=6lQ3@C56Ci _AIj 7@?Ei :?96C:Ej >2C8:?i _AIj A255:?8i _AIj G6CE:42=\\2=:8?i 32D6=:?6j 4@=@Ci :?96C:EjQmkDA2? DEJ=6lQ3@C56Ci _AIj 7@?Ei :?96C:Ej >2C8:?i _AIj A255:?8i _AIj G6CE:42=\\2=:8?i 32D6=:?6j 4@=@Ci :?96C:EjQmkDA2? DEJ=6lQ3@C56Ci _AIj 7@?Ei :?96C:Ej >2C8:?i _AIj A255:?8i _AIj G6CE:42=\\2=:8?i 32D6=:?6j 4@=@Ci :?96C:EjQmkDA2? DEJ=6lQ3@C56Ci _AIj 7@?Ei :?96C:Ej >2C8:?i _AIj A255:?8i _AIj G6CE:42=\\2=:8?i 32D6=:?6j 4@=@Ci :?96C:EjQmkDA2? DEJ=6lQ3@C56Ci _AIj 7@?Ei :?96C:Ej >2C8:?i _AIj A255:?8i _AIj G6CE:42=\\2=:8?i 32D6=:?6j 4@=@Ci :?96C:EjQmkDA2? DEJ=6lQ3@C56Ci _AIj 7@?Ei :?96C:Ej >2C8:?i _AIj A255:?8i _AIj G6CE:42=\\2=:8?i 32D6=:?6j 4@=@Ci :?96C:EjQmkDEC@?8mkDA2? DEJ=6lQ3@C56Ci _AIj 7@?E\\DEJ=6i :?96C:Ej 7@?E\\G2C:2?Ei :?96C:Ej 7@?E\\H6:89Ei :?96C:Ej 7@?E\\DEC6E49i :?96C:Ej 7@?E\\D:K6i :?96C:Ej =:?6\\96:89Ei :?96C:Ej 7@?E\\72>:=Ji pC:2=[ D2?D\\D6C:7[ D6C:7[ t>@;:u@?Ej 7@?E\\@AE:42=\\D:K:?8i :?96C:Ej 7@?E\\<6C?:?8i :?96C:Ej 7@?E\\762EFC6\\D6EE:?8Di :?96C:Ej 7@?E\\G2C:2E:@?\\D6EE:?8Di :?96C:Ej >2C8:?i _AIj A255:?8i _AIj G6CE:42=\\2=:8?i 32D6=:?6j 4@=@Ci 3=24<jQm k^DA2?mk^DEC@?8mk^DA2?mk^DA2?mk^DA2?mk^DA2?mk^DA2?mk^DA2?mk^DA2?mk^DA2?mk^DA2?mk^DA2?mk^DA2?mk^Am kA 4=2DDlQI0|D@}@C>2=Q DEJ=6lQ>2C8:?i _:?j 7@?E\\D:K6i ``AEj 7@?E\\72>:=Ji r2=:3C:[ D2?D\\D6C:7j 4@=@Ci RacacacjQmkDA2? DEJ=6lQ3@C56Ci _AIj 7@?Ei :?96C:Ej >2C8:?i _AIj A255:?8i _AIj G6CE:42=\\2=:8?i 32D6=:?6j 4@=@Ci :?96C:EjQmkDA2? DEJ=6lQ3@C56Ci _AIj 7@?Ei :?96C:Ej >2C8:?i _AIj A255:?8i _AIj G6CE:42=\\2=:8?i 32D6=:?6j 4@=@Ci :?96C:EjQmkDA2? DEJ=6lQ3@C56Ci _AIj 7@?Ei :?96C:Ej >2C8:?i _AIj A255:?8i _AIj G6CE:42=\\2=:8?i 32D6=:?6j 4@=@Ci :?96C:EjQmkDA2? DEJ=6lQ3@C56Ci _AIj 7@?Ei :?96C:Ej >2C8:?i _AIj A255:?8i _AIj G6CE:42=\\2=:8?i 32D6=:?6j 4@=@Ci :?96C:EjQmkDA2? DEJ=6lQ3@C56Ci _AIj 7@?Ei :?96C:Ej >2C8:?i _AIj A255:?8i _AIj G6CE:42=\\2=:8?i 32D6=:?6j 4@=@Ci :?96C:EjQmkDA2? DEJ=6lQ3@C56Ci _AIj 7@?Ei :?96C:Ej >2C8:?i _AIj A255:?8i _AIj G6CE:42=\\2=:8?i 32D6=:?6j 4@=@Ci :?96C:EjQmkDA2? DEJ=6lQ3@C56Ci _AIj 7@?Ei :?96C:Ej >2C8:?i _AIj A255:?8i _AIj G6CE:42=\\2=:8?i 32D6=:?6j 4@=@Ci :?96C:EjQmkDA2? DEJ=6lQ3@C56Ci _AIj 7@?Ei :?96C:Ej >2C8:?i _AIj A255:?8i _AIj G6CE:42=\\2=:8?i 32D6=:?6j 4@=@Ci :?96C:EjQmkDA2? DEJ=6lQ3@C56Ci _AIj 7@?Ei :?96C:Ej >2C8:?i _AIj A255:?8i _AIj G6CE:42=\\2=:8?i 32D6=:?6j 4@=@Ci :?96C:EjQmkDA2? DEJ=6lQ3@C56Ci _AIj 7@?Ei :?96C:Ej >2C8:?i _AIj A255:?8i _AIj G6CE:42=\\2=:8?i 32D6=:?6j 4@=@Ci :?96C:EjQmkDA2? DEJ=6lQ3@C56Ci _AIj 7@?Ei :?96C:Ej >2C8:?i _AIj A255:?8i _AIj G6CE:42=\\2=:8?i 32D6=:?6j 4@=@Ci :?96C:EjQmkDEC@?8mkDA2? DEJ=6lQ3@C56Ci _AIj 7@?E\\DEJ=6i :?96C:Ej 7@?E\\G2C:2?Ei :?96C:Ej 7@?E\\H6:89Ei :?96C:Ej 7@?E\\DEC6E49i :?96C:Ej 7@?E\\D:K6i :?96C:Ej =:?6\\96:89Ei :?96C:Ej 7@?E\\72>:=Ji pC:2=[ D2?D\\D6C:7[ D6C:7[ t>@;:u@?Ej 7@?E\\@AE:42=\\D:K:?8i :?96C:Ej 7@?E\\<6C?:?8i :?96C:Ej 7@?E\\762EFC6\\D6EE:?8Di :?96C:Ej 7@?E\\G2C:2E:@?\\D6EE:?8Di :?96C:Ej >2C8:?i _AIj A255:?8i _AIj G6CE:42=\\2=:8?i 32D6=:?6j 4@=@Ci 3=24<jQmp=32?J[ v2]k^DA2?mk^DEC@?8mk^DA2?mk^DA2?mk^DA2?mk^DA2?mk^DA2?mk^DA2?mk^DA2?mk^DA2?mk^DA2?mk^DA2?mk^DA2?mkDA2? DEJ=6lQ3@C56Ci _AIj 7@?Ei :?96C:Ej >2C8:?i _AIj A255:?8i _AIj G6CE:42=\\2=:8?i 32D6=:?6j 4@=@Ci :?96C:EjQmkDA2? DEJ=6lQ3@C56Ci _AIj 7@?Ei :?96C:Ej >2C8:?i _AIj A255:?8i _AIj G6CE:42=\\2=:8?i 32D6=:?6j 4@=@Ci :?96C:EjQmkDA2? DEJ=6lQ3@C56Ci _AIj 7@?Ei :?96C:Ej >2C8:?i _AIj A255:?8i _AIj G6CE:42=\\2=:8?i 32D6=:?6j 4@=@Ci :?96C:EjQmkDA2? DEJ=6lQ3@C56Ci _AIj 7@?Ei :?96C:Ej >2C8:?i _AIj A255:?8i _AIj G6CE:42=\\2=:8?i 32D6=:?6j 4@=@Ci :?96C:EjQmkDA2? DEJ=6lQ3@C56Ci _AIj 7@?Ei :?96C:Ej >2C8:?i _AIj A255:?8i _AIj G6CE:42=\\2=:8?i 32D6=:?6j 4@=@Ci :?96C:EjQmkDA2? DEJ=6lQ3@C56Ci _AIj 7@?Ei :?96C:Ej >2C8:?i _AIj A255:?8i _AIj G6CE:42=\\2=:8?i 32D6=:?6j 4@=@Ci :?96C:EjQmkDA2? DEJ=6lQ3@C56Ci _AIj 7@?Ei :?96C:Ej >2C8:?i _AIj A255:?8i _AIj G6CE:42=\\2=:8?i 32D6=:?6j 4@=@Ci :?96C:EjQmkDA2? DEJ=6lQ3@C56Ci _AIj 7@?Ei :?96C:Ej >2C8:?i _AIj A255:?8i _AIj G6CE:42=\\2=:8?i 32D6=:?6j 4@=@Ci :?96C:EjQmkDA2? DEJ=6lQ3@C56Ci _AIj 7@?Ei :?96C:Ej >2C8:?i _AIj A255:?8i _AIj G6CE:42=\\2=:8?i 32D6=:?6j 4@=@Ci :?96C:EjQmkDA2? DEJ=6lQ3@C56Ci _AIj 7@?Ei :?96C:Ej >2C8:?i _AIj A255:?8i _AIj G6CE:42=\\2=:8?i 32D6=:?6j 4@=@Ci :?96C:EjQmkDA2? DEJ=6lQ3@C56Ci _AIj 7@?Ei :?96C:Ej >2C8:?i _AIj A255:?8i _AIj G6CE:42=\\2=:8?i 32D6=:?6j 4@=@Ci :?96C:EjQmkDA2? DEJ=6lQ3@C56Ci _AIj 7@?E\\DEJ=6i :?96C:Ej 7@?E\\G2C:2?Ei :?96C:Ej 7@?E\\H6:89Ei :?96C:Ej 7@?E\\DEC6E49i :?96C:Ej 7@?E\\D:K6i :?96C:Ej =:?6\\96:89Ei :?96C:Ej 7@?E\\72>:=Ji pC:2=[ D2?D\\D6C:7[ D6C:7[ t>@;:u@?Ej 7@?E\\@AE:42=\\D:K:?8i :?96C:Ej 7@?E\\<6C?:?8i :?96C:Ej 7@?E\\762EFC6\\D6EE:?8Di :?96C:Ej 7@?E\\G2C:2E:@?\\D6EE:?8Di :?96C:Ej >2C8:?i _AIj A255:?8i _AIj G6CE:42=\\2=:8?i 32D6=:?6j 4@=@Ci 3=24<jQm –k^DA2?mk^DA2?mk^DA2?mk^DA2?mk^DA2?mk^DA2?mk^DA2?mk^DA2?mk^DA2?mk^DA2?mk^DA2?mk^DA2?mkDA2? DEJ=6lQ3@C56Ci _AIj 7@?Ei :?96C:Ej >2C8:?i _AIj A255:?8i _AIj G6CE:42=\\2=:8?i 32D6=:?6j 4@=@Ci :?96C:EjQmkDA2? DEJ=6lQ3@C56Ci _AIj 7@?Ei :?96C:Ej >2C8:?i _AIj A255:?8i _AIj G6CE:42=\\2=:8?i 32D6=:?6j 4@=@Ci :?96C:EjQmkDA2? DEJ=6lQ3@C56Ci _AIj 7@?Ei :?96C:Ej >2C8:?i _AIj A255:?8i _AIj G6CE:42=\\2=:8?i 32D6=:?6j 4@=@Ci :?96C:EjQmkDA2? DEJ=6lQ3@C56Ci _AIj 7@?Ei :?96C:Ej >2C8:?i _AIj A255:?8i _AIj G6CE:42=\\2=:8?i 32D6=:?6j 4@=@Ci :?96C:EjQmkDA2? DEJ=6lQ3@C56Ci _AIj 7@?Ei :?96C:Ej >2C8:?i _AIj A255:?8i _AIj G6CE:42=\\2=:8?i 32D6=:?6j 4@=@Ci :?96C:EjQmkDA2? DEJ=6lQ3@C56Ci _AIj 7@?Ei :?96C:Ej >2C8:?i _AIj A255:?8i _AIj G6CE:42=\\2=:8?i 32D6=:?6j 4@=@Ci :?96C:EjQmkDA2? DEJ=6lQ3@C56Ci _AIj 7@?Ei :?96C:Ej >2C8:?i _AIj A255:?8i _AIj G6CE:42=\\2=:8?i 32D6=:?6j 4@=@Ci :?96C:EjQmkDA2? DEJ=6lQ3@C56Ci _AIj 7@?Ei :?96C:Ej >2C8:?i _AIj A255:?8i _AIj G6CE:42=\\2=:8?i 32D6=:?6j 4@=@Ci :?96C:EjQmkDA2? DEJ=6lQ3@C56Ci _AIj 7@?Ei :?96C:Ej >2C8:?i _AIj A255:?8i _AIj G6CE:42=\\2=:8?i 32D6=:?6j 4@=@Ci :?96C:EjQmkDA2? DEJ=6lQ3@C56Ci _AIj 7@?E\\DEJ=6i :?96C:Ej 7@?E\\G2C:2?Ei :?96C:Ej 7@?E\\H6:89Ei :?96C:Ej 7@?E\\DEC6E49i :?96C:Ej 7@?E\\D:K6i :?96C:Ej =:?6\\96:89Ei :?96C:Ej 7@?E\\72>:=Ji pC:2=[ D2?D\\D6C:7[ D6C:7[ t>@;:u@?Ej 7@?E\\@AE:42=\\D:K:?8i :?96C:Ej 7@?E\\<6C?:?8i :?96C:Ej 7@?E\\762EFC6\\D6EE:?8Di :?96C:Ej 7@?E\\G2C:2E:@?\\D6EE:?8Di :?96C:Ej >2C8:?i _AIj A255:?8i _AIj G6CE:42=\\2=:8?i 32D6=:?6j 4@=@Ci 3=24<jQm u:?5:?8 J@FC H2J 2C@F?5 2?J 9@DA:E2=[ 6DA64:2==J @?6 2D =2C86 2D !9@636 !FE?6J |6>@C:2= w@DA:E2= W!!|wX[ 42? 36 2 492==6?86] %92E’D H9J !9@636 =2F?4965 2 5:8:E2= H2J7:?5:?8 :?:E:2E:G6 7@C :ED >2:? 42>AFD E92E :?4=F56D !!|w 2?5 EH@ >65:42= E@H6CD] %96 :?5@@C H2J7:?5:?8 E649?@=@8J FD6D A9@E@D E@ AC@G:56 4=62C 5:C64E:@?D E@ FD6CD 2D E96J H2=< 2=@?8 E96 A2E9 E@ E96:C 56DE:?2E:@?]k^DA2?mk^DA2?mk^DA2?mk^DA2?mk^DA2?mk^DA2?mk^DA2?mk^DA2?mk^DA2?mk^DA2?mk^Am kA 4=2DDlQI0|D@}@C>2=Q DEJ=6lQ>2C8:?i _:?j 7@?E\\D:K6i ``AEj 7@?E\\72>:=Ji r2=:3C:[ D2?D\\D6C:7j 4@=@Ci RacacacjQmkDA2? DEJ=6lQ3@C56Ci _AIj 7@?Ei :?96C:Ej >2C8:?i _AIj A255:?8i _AIj G6CE:42=\\2=:8?i 32D6=:?6j 4@=@Ci :?96C:EjQmkDA2? DEJ=6lQ3@C56Ci _AIj 7@?Ei :?96C:Ej >2C8:?i _AIj A255:?8i _AIj G6CE:42=\\2=:8?i 32D6=:?6j 4@=@Ci :?96C:EjQmkDA2? DEJ=6lQ3@C56Ci _AIj 7@?Ei :?96C:Ej >2C8:?i _AIj A255:?8i _AIj G6CE:42=\\2=:8?i 32D6=:?6j 4@=@Ci :?96C:EjQmkDA2? DEJ=6lQ3@C56Ci _AIj 7@?Ei :?96C:Ej >2C8:?i _AIj A255:?8i _AIj G6CE:42=\\2=:8?i 32D6=:?6j 4@=@Ci :?96C:EjQmkDA2? DEJ=6lQ3@C56Ci _AIj 7@?Ei :?96C:Ej >2C8:?i _AIj A255:?8i _AIj G6CE:42=\\2=:8?i 32D6=:?6j 4@=@Ci :?96C:EjQmkDA2? DEJ=6lQ3@C56Ci _AIj 7@?Ei :?96C:Ej >2C8:?i _AIj A255:?8i _AIj G6CE:42=\\2=:8?i 32D6=:?6j 4@=@Ci :?96C:EjQmkDA2? DEJ=6lQ3@C56Ci _AIj 7@?Ei :?96C:Ej >2C8:?i _AIj A255:?8i _AIj G6CE:42=\\2=:8?i 32D6=:?6j 4@=@Ci :?96C:EjQmkDA2? DEJ=6lQ3@C56Ci _AIj 7@?Ei :?96C:Ej >2C8:?i _AIj A255:?8i _AIj G6CE:42=\\2=:8?i 32D6=:?6j 4@=@Ci :?96C:EjQmkDA2? DEJ=6lQ3@C56Ci _AIj 7@?Ei :?96C:Ej >2C8:?i _AIj A255:?8i _AIj G6CE:42=\\2=:8?i 32D6=:?6j 4@=@Ci :?96C:EjQmkDA2? DEJ=6lQ3@C56Ci _AIj 7@?E\\DEJ=6i :?96C:Ej 7@?E\\G2C:2?Ei :?96C:Ej 7@?E\\H6:89Ei :?96C:Ej 7@?E\\DEC6E49i :?96C:Ej 7@?E\\D:K6i :?96C:Ej =:?6\\96:89Ei :?96C:Ej 7@?E\\72>:=Ji pC:2=[ D2?D\\D6C:7[ D6C:7[ t>@;:u@?Ej 7@?E\\@AE:42=\\D:K:?8i :?96C:Ej 7@?E\\<6C?:?8i :?96C:Ej 7@?E\\762EFC6\\D6EE:?8Di :?96C:Ej 7@?E\\G2C:2E:@?\\D6EE:?8Di :?96C:Ej >2C8:?i _AIj A255:?8i _AIj G6CE:42=\\2=:8?i 32D6=:?6j 4@=@Ci 3=24<jQm k^DA2?mk^DA2?mk^DA2?mk^DA2?mk^DA2?mk^DA2?mk^DA2?mk^DA2?mk^DA2?mk^DA2?mk^Am kA 4=2DDlQI0|D@}@C>2=Q DEJ=6lQ>2C8:?i _:?j 7@?E\\D:K6i ``AEj 7@?E\\72>:=Ji r2=:3C:[ D2?D\\D6C:7j 4@=@Ci RacacacjQmkDA2? DEJ=6lQ3@C56Ci _AIj 7@?Ei :?96C:Ej >2C8:?i _AIj A255:?8i _AIj G6CE:42=\\2=:8?i 32D6=:?6j 4@=@Ci :?96C:EjQmkDA2? DEJ=6lQ3@C56Ci _AIj 7@?Ei :?96C:Ej >2C8:?i _AIj A255:?8i _AIj G6CE:42=\\2=:8?i 32D6=:?6j 4@=@Ci :?96C:EjQmkDA2? DEJ=6lQ3@C56Ci _AIj 7@?Ei :?96C:Ej >2C8:?i _AIj A255:?8i _AIj G6CE:42=\\2=:8?i 32D6=:?6j 4@=@Ci :?96C:EjQmkDA2? DEJ=6lQ3@C56Ci _AIj 7@?Ei :?96C:Ej >2C8:?i _AIj A255:?8i _AIj G6CE:42=\\2=:8?i 32D6=:?6j 4@=@Ci :?96C:EjQmkDA2? DEJ=6lQ3@C56Ci _AIj 7@?Ei :?96C:Ej >2C8:?i _AIj A255:?8i _AIj G6CE:42=\\2=:8?i 32D6=:?6j 4@=@Ci :?96C:EjQmkDA2? DEJ=6lQ3@C56Ci _AIj 7@?Ei :?96C:Ej >2C8:?i _AIj A255:?8i _AIj G6CE:42=\\2=:8?i 32D6=:?6j 4@=@Ci :?96C:EjQmkDA2? DEJ=6lQ3@C56Ci _AIj 7@?Ei :?96C:Ej >2C8:?i _AIj A255:?8i _AIj G6CE:42=\\2=:8?i 32D6=:?6j 4@=@Ci :?96C:EjQmkDA2? DEJ=6lQ3@C56Ci _AIj 7@?Ei :?96C:Ej >2C8:?i _AIj A255:?8i _AIj G6CE:42=\\2=:8?i 32D6=:?6j 4@=@Ci :?96C:EjQmkDA2? DEJ=6lQ3@C56Ci _AIj 7@?Ei :?96C:Ej >2C8:?i _AIj A255:?8i _AIj G6CE:42=\\2=:8?i 32D6=:?6j 4@=@Ci :?96C:EjQmkDA2? DEJ=6lQ3@C56Ci _AIj 7@?E\\DEJ=6i :?96C:Ej 7@?E\\G2C:2?Ei :?96C:Ej 7@?E\\H6:89Ei :?96C:Ej 7@?E\\DEC6E49i :?96C:Ej 7@?E\\D:K6i :?96C:Ej =:?6\\96:89Ei :?96C:Ej 7@?E\\72>:=Ji pC:2=[ D2?D\\D6C:7[ D6C:7[ t>@;:u@?Ej 7@?E\\@AE:42=\\D:K:?8i :?96C:Ej 7@?E\\<6C?:?8i :?96C:Ej 7@?E\\762EFC6\\D6EE:?8Di :?96C:Ej 7@?E\\G2C:2E:@?\\D6EE:?8Di :?96C:Ej >2C8:?i _AIj A255:?8i _AIj G6CE:42=\\2=:8?i 32D6=:?6j 4@=@Ci 3=24<jQm“(6 H2?E 6G6CJ A2E:6?E 2?5 G:D:E@C E@ 92G6 2 8C62E 6IA6C:6?46 2E !9@636] %9:D 62DJ\\E@\\FD6 5:C64E:@?2= 2:56 H:== 96=A E96> 86E H96C6 E96J ?665 E@ 36 2?5 96=A FD =:G6 FA E@ @FC A=6586 E@ AC@G:56 DFA6C:@C D6CG:46 E@ 6G6CJ@?6[ 6G6CJ 52J[” D2:5 s63 p?86C2>:[ !!|w rt~]k^DA2?mk^DA2?mk^DA2?mk^DA2?mk^DA2?mk^DA2?mk^DA2?mk^DA2?mk^DA2?mk^DA2?mk^Am kA 4=2DDlQI0|D@}@C>2=Q DEJ=6lQ>2C8:?i _:?j 7@?E\\D:K6i ``AEj 7@?E\\72>:=Ji r2=:3C:[ D2?D\\D6C:7j 4@=@Ci RacacacjQmkDA2? DEJ=6lQ3@C56Ci _AIj 7@?Ei :?96C:Ej >2C8:?i _AIj A255:?8i _AIj G6CE:42=\\2=:8?i 32D6=:?6j 4@=@Ci :?96C:EjQmkDA2? DEJ=6lQ3@C56Ci _AIj 7@?Ei :?96C:Ej >2C8:?i _AIj A255:?8i _AIj G6CE:42=\\2=:8?i 32D6=:?6j 4@=@Ci :?96C:EjQmkDA2? DEJ=6lQ3@C56Ci _AIj 7@?Ei :?96C:Ej >2C8:?i _AIj A255:?8i _AIj G6CE:42=\\2=:8?i 32D6=:?6j 4@=@Ci :?96C:EjQmkDA2? DEJ=6lQ3@C56Ci _AIj 7@?Ei :?96C:Ej >2C8:?i _AIj A255:?8i _AIj G6CE:42=\\2=:8?i 32D6=:?6j 4@=@Ci :?96C:EjQmkDA2? DEJ=6lQ3@C56Ci _AIj 7@?Ei :?96C:Ej >2C8:?i _AIj A255:?8i _AIj G6CE:42=\\2=:8?i 32D6=:?6j 4@=@Ci :?96C:EjQmkDA2? DEJ=6lQ3@C56Ci _AIj 7@?Ei :?96C:Ej >2C8:?i _AIj A255:?8i _AIj G6CE:42=\\2=:8?i 32D6=:?6j 4@=@Ci :?96C:EjQmkDA2? DEJ=6lQ3@C56Ci _AIj 7@?Ei :?96C:Ej >2C8:?i _AIj A255:?8i _AIj G6CE:42=\\2=:8?i 32D6=:?6j 4@=@Ci :?96C:EjQmkDA2? DEJ=6lQ3@C56Ci _AIj 7@?Ei :?96C:Ej >2C8:?i _AIj A255:?8i _AIj G6CE:42=\\2=:8?i 32D6=:?6j 4@=@Ci :?96C:EjQmkDA2? DEJ=6lQ3@C56Ci _AIj 7@?Ei :?96C:Ej >2C8:?i _AIj A255:?8i _AIj G6CE:42=\\2=:8?i 32D6=:?6j 4@=@Ci :?96C:EjQmkDA2? DEJ=6lQ3@C56Ci _AIj 7@?E\\DEJ=6i :?96C:Ej 7@?E\\G2C:2?Ei :?96C:Ej 7@?E\\H6:89Ei :?96C:Ej 7@?E\\DEC6E49i :?96C:Ej 7@?E\\D:K6i :?96C:Ej =:?6\\96:89Ei :?96C:Ej 7@?E\\72>:=Ji pC:2=[ D2?D\\D6C:7[ D6C:7[ t>@;:u@?Ej 7@?E\\@AE:42=\\D:K:?8i :?96C:Ej 7@?E\\<6C?:?8i :?96C:Ej 7@?E\\762EFC6\\D6EE:?8Di :?96C:Ej 7@?E\\G2C:2E:@?\\D6EE:?8Di :?96C:Ej >2C8:?i _AIj A255:?8i _AIj G6CE:42=\\2=:8?i 32D6=:?6j 4@=@Ci 3=24<jQm k^DA2?mk^DA2?mk^DA2?mk^DA2?mk^DA2?mk^DA2?mk^DA2?mk^DA2?mk^DA2?mk^DA2?mk^Am kA 4=2DDlQI0|D@}@C>2=Q DEJ=6lQ>2C8:?i _:?j 7@?E\\D:K6i ``AEj 7@?E\\72>:=Ji r2=:3C:[ D2?D\\D6C:7j 4@=@Ci RacacacjQmkDA2? DEJ=6lQ3@C56Ci _AIj 7@?Ei :?96C:Ej >2C8:?i _AIj A255:?8i _AIj G6CE:42=\\2=:8?i 32D6=:?6j 4@=@Ci :?96C:EjQmkDA2? DEJ=6lQ3@C56Ci _AIj 7@?Ei :?96C:Ej >2C8:?i _AIj A255:?8i _AIj G6CE:42=\\2=:8?i 32D6=:?6j 4@=@Ci :?96C:EjQmkDA2? DEJ=6lQ3@C56Ci _AIj 7@?Ei :?96C:Ej >2C8:?i _AIj A255:?8i _AIj G6CE:42=\\2=:8?i 32D6=:?6j 4@=@Ci :?96C:EjQmkDA2? DEJ=6lQ3@C56Ci _AIj 7@?Ei :?96C:Ej >2C8:?i _AIj A255:?8i _AIj G6CE:42=\\2=:8?i 32D6=:?6j 4@=@Ci :?96C:EjQmkDA2? DEJ=6lQ3@C56Ci _AIj 7@?Ei :?96C:Ej >2C8:?i _AIj A255:?8i _AIj G6CE:42=\\2=:8?i 32D6=:?6j 4@=@Ci :?96C:EjQmkDA2? DEJ=6lQ3@C56Ci _AIj 7@?Ei :?96C:Ej >2C8:?i _AIj A255:?8i _AIj G6CE:42=\\2=:8?i 32D6=:?6j 4@=@Ci :?96C:EjQmkDA2? DEJ=6lQ3@C56Ci _AIj 7@?Ei :?96C:Ej >2C8:?i _AIj A255:?8i _AIj G6CE:42=\\2=:8?i 32D6=:?6j 4@=@Ci :?96C:EjQmkDA2? DEJ=6lQ3@C56Ci _AIj 7@?Ei :?96C:Ej >2C8:?i _AIj A255:?8i _AIj G6CE:42=\\2=:8?i 32D6=:?6j 4@=@Ci :?96C:EjQmkDA2? DEJ=6lQ3@C56Ci _AIj 7@?Ei :?96C:Ej >2C8:?i _AIj A255:?8i _AIj G6CE:42=\\2=:8?i 32D6=:?6j 4@=@Ci :?96C:EjQmkDA2? DEJ=6lQ3@C56Ci _AIj 7@?E\\DEJ=6i :?96C:Ej 7@?E\\G2C:2?Ei :?96C:Ej 7@?E\\H6:89Ei :?96C:Ej 7@?E\\DEC6E49i :?96C:Ej 7@?E\\D:K6i :?96C:Ej =:?6\\96:89Ei :?96C:Ej 7@?E\\72>:=Ji pC:2=[ D2?D\\D6C:7[ D6C:7[ t>@;:u@?Ej 7@?E\\@AE:42=\\D:K:?8i :?96C:Ej 7@?E\\<6C?:?8i :?96C:Ej 7@?E\\762EFC6\\D6EE:?8Di :?96C:Ej 7@?E\\G2C:2E:@?\\D6EE:?8Di :?96C:Ej >2C8:?i _AIj A255:?8i _AIj G6CE:42=\\2=:8?i 32D6=:?6j 4@=@Ci 3=24<jQm':D:E@CD 42? 2446DD 5:C64E:@?D 7C@> E96 !9@636 p446DD >@3:=6 2AA[ 3FE E96 E649?@=@8J 5@6D ?@E C6BF:C6 2? 2AA 5@H?=@25] xE :D 2446DD:3=6 G:2 2?J D>2CEA9@?6[ FD:?8 E96 42>6C2 E@ D42? 2 \"# 4@56] !9@636 92D A=2465 \"# 4@56D @? D:8?D 2E :>A@CE2?E =@42E:@?D E9C@F89@FE E96 42>AFD] (96? J@F D42? 2 4@56 2?5 :?AFE 2 56DE:?2E:@?[ E96 DJDE6> H:== 8F:56 J@F E96C6[ DE6A 3J DE6A] %96 #6G6CD6 #@FE6 762EFC6 H:== 3C:?8 J@F 324< E@ J@FC DE2CE:?8 A@:?E]k^DA2?mk^DA2?mk^DA2?mk^DA2?mk^DA2?mk^DA2?mk^DA2?mk^DA2?mk^DA2?mk^DA2?mk^Am kA 4=2DDlQI0|D@}@C>2=Q DEJ=6lQ>2C8:?i _:?j 7@?E\\D:K6i ``AEj 7@?E\\72>:=Ji r2=:3C:[ D2?D\\D6C:7j 4@=@Ci RacacacjQmkDA2? DEJ=6lQ3@C56Ci _AIj 7@?Ei :?96C:Ej >2C8:?i _AIj A255:?8i _AIj G6CE:42=\\2=:8?i 32D6=:?6j 4@=@Ci :?96C:EjQmkDA2? DEJ=6lQ3@C56Ci _AIj 7@?Ei :?96C:Ej >2C8:?i _AIj A255:?8i _AIj G6CE:42=\\2=:8?i 32D6=:?6j 4@=@Ci :?96C:EjQmkDA2? DEJ=6lQ3@C56Ci _AIj 7@?Ei :?96C:Ej >2C8:?i _AIj A255:?8i _AIj G6CE:42=\\2=:8?i 32D6=:?6j 4@=@Ci :?96C:EjQmkDA2? DEJ=6lQ3@C56Ci _AIj 7@?Ei :?96C:Ej >2C8:?i _AIj A255:?8i _AIj G6CE:42=\\2=:8?i 32D6=:?6j 4@=@Ci :?96C:EjQmkDA2? DEJ=6lQ3@C56Ci _AIj 7@?Ei :?96C:Ej >2C8:?i _AIj A255:?8i _AIj G6CE:42=\\2=:8?i 32D6=:?6j 4@=@Ci :?96C:EjQmkDA2? DEJ=6lQ3@C56Ci _AIj 7@?Ei :?96C:Ej >2C8:?i _AIj A255:?8i _AIj G6CE:42=\\2=:8?i 32D6=:?6j 4@=@Ci :?96C:EjQmkDA2? DEJ=6lQ3@C56Ci _AIj 7@?Ei :?96C:Ej >2C8:?i _AIj A255:?8i _AIj G6CE:42=\\2=:8?i 32D6=:?6j 4@=@Ci :?96C:EjQmkDA2? DEJ=6lQ3@C56Ci _AIj 7@?Ei :?96C:Ej >2C8:?i _AIj A255:?8i _AIj G6CE:42=\\2=:8?i 32D6=:?6j 4@=@Ci :?96C:EjQmkDA2? DEJ=6lQ3@C56Ci _AIj 7@?Ei :?96C:Ej >2C8:?i _AIj A255:?8i _AIj G6CE:42=\\2=:8?i 32D6=:?6j 4@=@Ci :?96C:EjQmkDA2? DEJ=6lQ3@C56Ci _AIj 7@?E\\DEJ=6i :?96C:Ej 7@?E\\G2C:2?Ei :?96C:Ej 7@?E\\H6:89Ei :?96C:Ej 7@?E\\DEC6E49i :?96C:Ej 7@?E\\D:K6i :?96C:Ej =:?6\\96:89Ei :?96C:Ej 7@?E\\72>:=Ji pC:2=[ D2?D\\D6C:7[ D6C:7[ t>@;:u@?Ej 7@?E\\@AE:42=\\D:K:?8i :?96C:Ej 7@?E\\<6C?:?8i :?96C:Ej 7@?E\\762EFC6\\D6EE:?8Di :?96C:Ej 7@?E\\G2C:2E:@?\\D6EE:?8Di :?96C:Ej >2C8:?i _AIj A255:?8i _AIj G6CE:42=\\2=:8?i 32D6=:?6j 4@=@Ci 3=24<jQm k^DA2?mk^DA2?mk^DA2?mk^DA2?mk^DA2?mk^DA2?mk^DA2?mk^DA2?mk^DA2?mk^DA2?mk^Am kA 4=2DDlQI0|D@}@C>2=Q DEJ=6lQ>2C8:?i _:?j 7@?E\\D:K6i ``AEj 7@?E\\72>:=Ji r2=:3C:[ D2?D\\D6C:7j 4@=@Ci RacacacjQmkDA2? DEJ=6lQ3@C56Ci _AIj 7@?Ei :?96C:Ej >2C8:?i _AIj A255:?8i _AIj G6CE:42=\\2=:8?i 32D6=:?6j 4@=@Ci :?96C:EjQmkDA2? DEJ=6lQ3@C56Ci _AIj 7@?Ei :?96C:Ej >2C8:?i _AIj A255:?8i _AIj G6CE:42=\\2=:8?i 32D6=:?6j 4@=@Ci :?96C:EjQmkDA2? DEJ=6lQ3@C56Ci _AIj 7@?Ei :?96C:Ej >2C8:?i _AIj A255:?8i _AIj G6CE:42=\\2=:8?i 32D6=:?6j 4@=@Ci :?96C:EjQmkDA2? DEJ=6lQ3@C56Ci _AIj 7@?Ei :?96C:Ej >2C8:?i _AIj A255:?8i _AIj G6CE:42=\\2=:8?i 32D6=:?6j 4@=@Ci :?96C:EjQmkDA2? DEJ=6lQ3@C56Ci _AIj 7@?Ei :?96C:Ej >2C8:?i _AIj A255:?8i _AIj G6CE:42=\\2=:8?i 32D6=:?6j 4@=@Ci :?96C:EjQmkDA2? DEJ=6lQ3@C56Ci _AIj 7@?Ei :?96C:Ej >2C8:?i _AIj A255:?8i _AIj G6CE:42=\\2=:8?i 32D6=:?6j 4@=@Ci :?96C:EjQmkDA2? DEJ=6lQ3@C56Ci _AIj 7@?Ei :?96C:Ej >2C8:?i _AIj A255:?8i _AIj G6CE:42=\\2=:8?i 32D6=:?6j 4@=@Ci :?96C:EjQmkDA2? DEJ=6lQ3@C56Ci _AIj 7@?Ei :?96C:Ej >2C8:?i _AIj A255:?8i _AIj G6CE:42=\\2=:8?i 32D6=:?6j 4@=@Ci :?96C:EjQmkDA2? DEJ=6lQ3@C56Ci _AIj 7@?Ei :?96C:Ej >2C8:?i _AIj A255:?8i _AIj G6CE:42=\\2=:8?i 32D6=:?6j 4@=@Ci :?96C:EjQmkDA2? DEJ=6lQ3@C56Ci _AIj 7@?E\\DEJ=6i :?96C:Ej 7@?E\\G2C:2?Ei :?96C:Ej 7@?E\\H6:89Ei :?96C:Ej 7@?E\\DEC6E49i :?96C:Ej 7@?E\\D:K6i :?96C:Ej =:?6\\96:89Ei :?96C:Ej 7@?E\\72>:=Ji pC:2=[ D2?D\\D6C:7[ D6C:7[ t>@;:u@?Ej 7@?E\\@AE:42=\\D:K:?8i :?96C:Ej 7@?E\\<6C?:?8i :?96C:Ej 7@?E\\762EFC6\\D6EE:?8Di :?96C:Ej 7@?E\\G2C:2E:@?\\D6EE:?8Di :?96C:Ej >2C8:?i _AIj A255:?8i _AIj G6CE:42=\\2=:8?i 32D6=:?6j 4@=@Ci 3=24<jQm“(96? J@F’C6 4@>:?8 E@ E96 9@DA:E2=[ E96C6’D 2 8@@5 492?46 J@F’C6 2=C625J 2?I:@FD] *@F 46CE2:?=J 5@?’E H2?E E@ 562= H:E9 E96 7CFDEC2E:@? @7 86EE:?8 =@DE] (:E9 E9:D DJDE6>[ J@F 42? D42? 2 4@56 2E @FC >2:? 6?EC2?46 @C 2E 2? 6=6G2E@C 32J 2?5 AFE :? E96 C@@> ?F>36C J@F H2?E E@ G:D:E @C E96 4=:?:4 H96C6 J@F 92G6 2? 2AA@:?E>6?E[ 2?5 E96 DJDE6> :>>65:2E6=J AC@G:56D J@F H:E9 E96 >@DE 5:C64E C@FE6] (6 C62==J 9@A6 @FC A2E:6?ED 2?5 G:D:E@CD H:== FE:=:K6 E9:D 96=A7F= E@@=[” p?86C2>: D2:5]k^DA2?mk^DA2?mk^DA2?mk^DA2?mk^DA2?mk^DA2?mk^DA2?mk^DA2?mk^DA2?mk^DA2?mk^Am kA 4=2DDlQI0|D@}@C>2=Q DEJ=6lQ>2C8:?i _:?j 7@?E\\D:K6i ``AEj 7@?E\\72>:=Ji r2=:3C:[ D2?D\\D6C:7j 4@=@Ci RacacacjQmkDA2? DEJ=6lQ3@C56Ci _AIj 7@?Ei :?96C:Ej >2C8:?i _AIj A255:?8i _AIj G6CE:42=\\2=:8?i 32D6=:?6j 4@=@Ci :?96C:EjQmkDA2? DEJ=6lQ3@C56Ci _AIj 7@?Ei :?96C:Ej >2C8:?i _AIj A255:?8i _AIj G6CE:42=\\2=:8?i 32D6=:?6j 4@=@Ci :?96C:EjQmkDA2? DEJ=6lQ3@C56Ci _AIj 7@?Ei :?96C:Ej >2C8:?i _AIj A255:?8i _AIj G6CE:42=\\2=:8?i 32D6=:?6j 4@=@Ci :?96C:EjQmkDA2? DEJ=6lQ3@C56Ci _AIj 7@?Ei :?96C:Ej >2C8:?i _AIj A255:?8i _AIj G6CE:42=\\2=:8?i 32D6=:?6j 4@=@Ci :?96C:EjQmkDA2? DEJ=6lQ3@C56Ci _AIj 7@?Ei :?96C:Ej >2C8:?i _AIj A255:?8i _AIj G6CE:42=\\2=:8?i 32D6=:?6j 4@=@Ci :?96C:EjQmkDA2? DEJ=6lQ3@C56Ci _AIj 7@?Ei :?96C:Ej >2C8:?i _AIj A255:?8i _AIj G6CE:42=\\2=:8?i 32D6=:?6j 4@=@Ci :?96C:EjQmkDA2? DEJ=6lQ3@C56Ci _AIj 7@?Ei :?96C:Ej >2C8:?i _AIj A255:?8i _AIj G6CE:42=\\2=:8?i 32D6=:?6j 4@=@Ci :?96C:EjQmkDA2? DEJ=6lQ3@C56Ci _AIj 7@?Ei :?96C:Ej >2C8:?i _AIj A255:?8i _AIj G6CE:42=\\2=:8?i 32D6=:?6j 4@=@Ci :?96C:EjQmkDA2? DEJ=6lQ3@C56Ci _AIj 7@?Ei :?96C:Ej >2C8:?i _AIj A255:?8i _AIj G6CE:42=\\2=:8?i 32D6=:?6j 4@=@Ci :?96C:EjQmkDA2? DEJ=6lQ3@C56Ci _AIj 7@?E\\DEJ=6i :?96C:Ej 7@?E\\G2C:2?Ei :?96C:Ej 7@?E\\H6:89Ei :?96C:Ej 7@?E\\DEC6E49i :?96C:Ej 7@?E\\D:K6i :?96C:Ej =:?6\\96:89Ei :?96C:Ej 7@?E\\72>:=Ji pC:2=[ D2?D\\D6C:7[ D6C:7[ t>@;:u@?Ej 7@?E\\@AE:42=\\D:K:?8i :?96C:Ej 7@?E\\<6C?:?8i :?96C:Ej 7@?E\\762EFC6\\D6EE:?8Di :?96C:Ej 7@?E\\G2C:2E:@?\\D6EE:?8Di :?96C:Ej >2C8:?i _AIj A255:?8i _AIj G6CE:42=\\2=:8?i 32D6=:?6j 4@=@Ci 3=24<jQm k^DA2?mk^DA2?mk^DA2?mk^DA2?mk^DA2?mk^DA2?mk^DA2?mk^DA2?mk^DA2?mk^DA2?mk^Am kA 4=2DDlQI0|D@}@C>2=Q DEJ=6lQ>2C8:?i _:?j 7@?E\\D:K6i ``AEj 7@?E\\72>:=Ji r2=:3C:[ D2?D\\D6C:7j 4@=@Ci RacacacjQmkDA2? DEJ=6lQ3@C56Ci _AIj 7@?Ei :?96C:Ej >2C8:?i _AIj A255:?8i _AIj G6CE:42=\\2=:8?i 32D6=:?6j 4@=@Ci :?96C:EjQmkDA2? DEJ=6lQ3@C56Ci _AIj 7@?Ei :?96C:Ej >2C8:?i _AIj A255:?8i _AIj G6CE:42=\\2=:8?i 32D6=:?6j 4@=@Ci :?96C:EjQmkDA2? DEJ=6lQ3@C56Ci _AIj 7@?Ei :?96C:Ej >2C8:?i _AIj A255:?8i _AIj G6CE:42=\\2=:8?i 32D6=:?6j 4@=@Ci :?96C:EjQmkDA2? DEJ=6lQ3@C56Ci _AIj 7@?Ei :?96C:Ej >2C8:?i _AIj A255:?8i _AIj G6CE:42=\\2=:8?i 32D6=:?6j 4@=@Ci :?96C:EjQmkDA2? DEJ=6lQ3@C56Ci _AIj 7@?Ei :?96C:Ej >2C8:?i _AIj A255:?8i _AIj G6CE:42=\\2=:8?i 32D6=:?6j 4@=@Ci :?96C:EjQmkDA2? DEJ=6lQ3@C56Ci _AIj 7@?Ei :?96C:Ej >2C8:?i _AIj A255:?8i _AIj G6CE:42=\\2=:8?i 32D6=:?6j 4@=@Ci :?96C:EjQmkDA2? DEJ=6lQ3@C56Ci _AIj 7@?Ei :?96C:Ej >2C8:?i _AIj A255:?8i _AIj G6CE:42=\\2=:8?i 32D6=:?6j 4@=@Ci :?96C:EjQmkDA2? DEJ=6lQ3@C56Ci _AIj 7@?Ei :?96C:Ej >2C8:?i _AIj A255:?8i _AIj G6CE:42=\\2=:8?i 32D6=:?6j 4@=@Ci :?96C:EjQmkDA2? DEJ=6lQ3@C56Ci _AIj 7@?Ei :?96C:Ej >2C8:?i _AIj A255:?8i _AIj G6CE:42=\\2=:8?i 32D6=:?6j 4@=@Ci :?96C:EjQmkDA2? DEJ=6lQ3@C56Ci _AIj 7@?E\\DEJ=6i :?96C:Ej 7@?E\\G2C:2?Ei :?96C:Ej 7@?E\\H6:89Ei :?96C:Ej 7@?E\\DEC6E49i :?96C:Ej 7@?E\\D:K6i :?96C:Ej =:?6\\96:89Ei :?96C:Ej 7@?E\\72>:=Ji pC:2=[ D2?D\\D6C:7[ D6C:7[ t>@;:u@?Ej 7@?E\\@AE:42=\\D:K:?8i :?96C:Ej 7@?E\\<6C?:?8i :?96C:Ej 7@?E\\762EFC6\\D6EE:?8Di :?96C:Ej 7@?E\\G2C:2E:@?\\D6EE:?8Di :?96C:Ej >2C8:?i _AIj A255:?8i _AIj G6CE:42=\\2=:8?i 32D6=:?6j 4@=@Ci 3=24<jQm%96C6 2C6 ?@H `hg A@:?ED @7 :?E6C6DE[ db 6=6G2E@C 2446DD A@:?ED[ bfc ;F?4E:@?D 2?5 `[`hf A9@E@D 4@?7:8FC65 7@C E96 !9@636 42>AFD] %96 DJDE6> 2FE@>2E:42==J 42=4F=2E6D E96 D9@CE6DE A2E9 E@ 2?J 56DE:?2E:@? FD:?8 bh[__e A@DD:3=6 A2E9H2J 4@>3:?2E:@?D]k^DA2?mk^DA2?mk^DA2?mk^DA2?mk^DA2?mk^DA2?mk^DA2?mk^DA2?mk^DA2?mk^DA2?mk^Am kA 4=2DDlQI0|D@}@C>2=Q DEJ=6lQ>2C8:?i _:?j 7@?E\\D:K6i ``AEj 7@?E\\72>:=Ji r2=:3C:[ D2?D\\D6C:7j 4@=@Ci RacacacjQmkDA2? DEJ=6lQ3@C56Ci _AIj 7@?Ei :?96C:Ej >2C8:?i _AIj A255:?8i _AIj G6CE:42=\\2=:8?i 32D6=:?6j 4@=@Ci :?96C:EjQmkDA2? DEJ=6lQ3@C56Ci _AIj 7@?Ei :?96C:Ej >2C8:?i _AIj A255:?8i _AIj G6CE:42=\\2=:8?i 32D6=:?6j 4@=@Ci :?96C:EjQmkDA2? DEJ=6lQ3@C56Ci _AIj 7@?Ei :?96C:Ej >2C8:?i _AIj A255:?8i _AIj G6CE:42=\\2=:8?i 32D6=:?6j 4@=@Ci :?96C:EjQmkDA2? DEJ=6lQ3@C56Ci _AIj 7@?Ei :?96C:Ej >2C8:?i _AIj A255:?8i _AIj G6CE:42=\\2=:8?i 32D6=:?6j 4@=@Ci :?96C:EjQmkDA2? DEJ=6lQ3@C56Ci _AIj 7@?Ei :?96C:Ej >2C8:?i _AIj A255:?8i _AIj G6CE:42=\\2=:8?i 32D6=:?6j 4@=@Ci :?96C:EjQmkDA2? DEJ=6lQ3@C56Ci _AIj 7@?Ei :?96C:Ej >2C8:?i _AIj A255:?8i _AIj G6CE:42=\\2=:8?i 32D6=:?6j 4@=@Ci :?96C:EjQmkDA2? DEJ=6lQ3@C56Ci _AIj 7@?Ei :?96C:Ej >2C8:?i _AIj A255:?8i _AIj G6CE:42=\\2=:8?i 32D6=:?6j 4@=@Ci :?96C:EjQmkDA2? DEJ=6lQ3@C56Ci _AIj 7@?Ei :?96C:Ej >2C8:?i _AIj A255:?8i _AIj G6CE:42=\\2=:8?i 32D6=:?6j 4@=@Ci :?96C:EjQmkDA2? DEJ=6lQ3@C56Ci _AIj 7@?Ei :?96C:Ej >2C8:?i _AIj A255:?8i _AIj G6CE:42=\\2=:8?i 32D6=:?6j 4@=@Ci :?96C:EjQmkDA2? DEJ=6lQ3@C56Ci _AIj 7@?E\\DEJ=6i :?96C:Ej 7@?E\\G2C:2?Ei :?96C:Ej 7@?E\\H6:89Ei :?96C:Ej 7@?E\\DEC6E49i :?96C:Ej 7@?E\\D:K6i :?96C:Ej =:?6\\96:89Ei :?96C:Ej 7@?E\\72>:=Ji pC:2=[ D2?D\\D6C:7[ D6C:7[ t>@;:u@?Ej 7@?E\\@AE:42=\\D:K:?8i :?96C:Ej 7@?E\\<6C?:?8i :?96C:Ej 7@?E\\762EFC6\\D6EE:?8Di :?96C:Ej 7@?E\\G2C:2E:@?\\D6EE:?8Di :?96C:Ej >2C8:?i _AIj A255:?8i _AIj G6CE:42=\\2=:8?i 32D6=:?6j 4@=@Ci 3=24<jQm k^DA2?mk^DA2?mk^DA2?mk^DA2?mk^DA2?mk^DA2?mk^DA2?mk^DA2?mk^DA2?mk^DA2?mk^Am kA 4=2DDlQI0|D@}@C>2=Q DEJ=6lQ>2C8:?i _:?j 7@?E\\D:K6i ``AEj 7@?E\\72>:=Ji r2=:3C:[ D2?D\\D6C:7j 4@=@Ci RacacacjQmkDA2? DEJ=6lQ3@C56Ci _AIj 7@?Ei :?96C:Ej >2C8:?i _AIj A255:?8i _AIj G6CE:42=\\2=:8?i 32D6=:?6j 4@=@Ci :?96C:EjQmkDA2? DEJ=6lQ3@C56Ci _AIj 7@?Ei :?96C:Ej >2C8:?i _AIj A255:?8i _AIj G6CE:42=\\2=:8?i 32D6=:?6j 4@=@Ci :?96C:EjQmkDA2? DEJ=6lQ3@C56Ci _AIj 7@?Ei :?96C:Ej >2C8:?i _AIj A255:?8i _AIj G6CE:42=\\2=:8?i 32D6=:?6j 4@=@Ci :?96C:EjQmkDA2? DEJ=6lQ3@C56Ci _AIj 7@?Ei :?96C:Ej >2C8:?i _AIj A255:?8i _AIj G6CE:42=\\2=:8?i 32D6=:?6j 4@=@Ci :?96C:EjQmkDA2? DEJ=6lQ3@C56Ci _AIj 7@?Ei :?96C:Ej >2C8:?i _AIj A255:?8i _AIj G6CE:42=\\2=:8?i 32D6=:?6j 4@=@Ci :?96C:EjQmkDA2? DEJ=6lQ3@C56Ci _AIj 7@?Ei :?96C:Ej >2C8:?i _AIj A255:?8i _AIj G6CE:42=\\2=:8?i 32D6=:?6j 4@=@Ci :?96C:EjQmkDA2? DEJ=6lQ3@C56Ci _AIj 7@?Ei :?96C:Ej >2C8:?i _AIj A255:?8i _AIj G6CE:42=\\2=:8?i 32D6=:?6j 4@=@Ci :?96C:EjQmkDA2? DEJ=6lQ3@C56Ci _AIj 7@?Ei :?96C:Ej >2C8:?i _AIj A255:?8i _AIj G6CE:42=\\2=:8?i 32D6=:?6j 4@=@Ci :?96C:EjQmkDA2? DEJ=6lQ3@C56Ci _AIj 7@?Ei :?96C:Ej >2C8:?i _AIj A255:?8i _AIj G6CE:42=\\2=:8?i 32D6=:?6j 4@=@Ci :?96C:EjQmkDA2? DEJ=6lQ3@C56Ci _AIj 7@?E\\DEJ=6i :?96C:Ej 7@?E\\G2C:2?Ei :?96C:Ej 7@?E\\H6:89Ei :?96C:Ej 7@?E\\DEC6E49i :?96C:Ej 7@?E\\D:K6i :?96C:Ej =:?6\\96:89Ei :?96C:Ej 7@?E\\72>:=Ji pC:2=[ D2?D\\D6C:7[ D6C:7[ t>@;:u@?Ej 7@?E\\@AE:42=\\D:K:?8i :?96C:Ej 7@?E\\<6C?:?8i :?96C:Ej 7@?E\\762EFC6\\D6EE:?8Di :?96C:Ej 7@?E\\G2C:2E:@?\\D6EE:?8Di :?96C:Ej >2C8:?i _AIj A255:?8i _AIj G6CE:42=\\2=:8?i 32D6=:?6j 4@=@Ci 3=24<jQmp 5:C64E =:?< E@ E96 H2J7:?5:?8 E649?@=@8J :D 2=D@ 2G2:=23=6 @? E96 9@>6A286 @7 !9@636’D H63D:E6 2E k^DA2?mk^DA2?mk^DA2?mk^DA2?mk^DA2?mk^DA2?mk^DA2?mk^DA2?mk^DA2?mk^DA2?mk2 DEJ=6lQ3@C56Ci _AIj 7@?Ei :?96C:Ej >2C8:?i _AIj A255:?8i _AIj G6CE:42=\\2=:8?i 32D6=:?6j 4@=@Ci R_deb4`jQ 9C67lQ9EEAi^^HHH]A9@636962=E9]4@>^Q C6=lQ?@@A6?6C ?@C676CC6CQ E2C86ElQ03=2?<Q 52E2\\2FE9lQ}@EpAA=:423=6Q 52E2\\=:?<:?56IlQ`QmkDA2? DEJ=6lQ3@C56Ci _AIj 7@?Ei :?96C:Ej >2C8:?i _AIj A255:?8i _AIj G6CE:42=\\2=:8?i 32D6=:?6j 4@=@Ci :?96C:EjQmkDA2? DEJ=6lQ3@C56Ci _AIj 7@?Ei :?96C:Ej >2C8:?i _AIj A255:?8i _AIj G6CE:42=\\2=:8?i 32D6=:?6j 4@=@Ci :?96C:EjQmkDA2? DEJ=6lQ3@C56Ci _AIj 7@?Ei :?96C:Ej >2C8:?i _AIj A255:?8i _AIj G6CE:42=\\2=:8?i 32D6=:?6j 4@=@Ci :?96C:EjQmkDA2? DEJ=6lQ3@C56Ci _AIj 7@?Ei :?96C:Ej >2C8:?i _AIj A255:?8i _AIj G6CE:42=\\2=:8?i 32D6=:?6j 4@=@Ci :?96C:EjQmkDA2? DEJ=6lQ3@C56Ci _AIj 7@?Ei :?96C:Ej >2C8:?i _AIj A255:?8i _AIj G6CE:42=\\2=:8?i 32D6=:?6j 4@=@Ci :?96C:EjQmkDA2? DEJ=6lQ3@C56Ci _AIj 7@?Ei :?96C:Ej >2C8:?i _AIj A255:?8i _AIj G6CE:42=\\2=:8?i 32D6=:?6j 4@=@Ci :?96C:EjQmkDA2? DEJ=6lQ3@C56Ci _AIj 7@?Ei :?96C:Ej >2C8:?i _AIj A255:?8i _AIj G6CE:42=\\2=:8?i 32D6=:?6j 4@=@Ci :?96C:EjQmkDA2? DEJ=6lQ3@C56Ci _AIj 7@?Ei :?96C:Ej >2C8:?i _AIj A255:?8i _AIj G6CE:42=\\2=:8?i 32D6=:?6j 4@=@Ci :?96C:EjQmkDA2? DEJ=6lQ3@C56Ci _AIj 7@?Ei :?96C:Ej >2C8:?i _AIj A255:?8i _AIj G6CE:42=\\2=:8?i 32D6=:?6j 4@=@Ci :?96C:EjQmkDA2? DEJ=6lQ3@C56Ci _AIj 7@?E\\DEJ=6i :?96C:Ej 7@?E\\G2C:2?Ei :?96C:Ej 7@?E\\H6:89Ei :?96C:Ej 7@?E\\DEC6E49i :?96C:Ej 7@?E\\D:K6i :?96C:Ej =:?6\\96:89Ei :?96C:Ej 7@?E\\72>:=Ji pC:2=[ D2?D\\D6C:7[ D6C:7[ t>@;:u@?Ej 7@?E\\@AE:42=\\D:K:?8i :?96C:Ej 7@?E\\<6C?:?8i :?96C:Ej 7@?E\\762EFC6\\D6EE:?8Di :?96C:Ej 7@?E\\G2C:2E:@?\\D6EE:?8Di :?96C:Ej >2C8:?i _AIj A255:?8i _AIj G6CE:42=\\2=:8?i 32D6=:?6j 4@=@Ci :?96C:EjQmHHH]A9@636962=E9]4@>k^DA2?mk^DA2?mk^DA2?mk^DA2?mk^DA2?mk^DA2?mk^DA2?mk^DA2?mk^DA2?mk^DA2?mk^2mkDA2? DEJ=6lQ3@C56Ci _AIj 7@?Ei :?96C:Ej >2C8:?i _AIj A255:?8i _AIj G6CE:42=\\2=:8?i 32D6=:?6j 4@=@Ci :?96C:EjQmkDA2? DEJ=6lQ3@C56Ci _AIj 7@?Ei :?96C:Ej >2C8:?i _AIj A255:?8i _AIj G6CE:42=\\2=:8?i 32D6=:?6j 4@=@Ci :?96C:EjQmkDA2? DEJ=6lQ3@C56Ci _AIj 7@?Ei :?96C:Ej >2C8:?i _AIj A255:?8i _AIj G6CE:42=\\2=:8?i 32D6=:?6j 4@=@Ci :?96C:EjQmkDA2? DEJ=6lQ3@C56Ci _AIj 7@?Ei :?96C:Ej >2C8:?i _AIj A255:?8i _AIj G6CE:42=\\2=:8?i 32D6=:?6j 4@=@Ci :?96C:EjQmkDA2? DEJ=6lQ3@C56Ci _AIj 7@?Ei :?96C:Ej >2C8:?i _AIj A255:?8i _AIj G6CE:42=\\2=:8?i 32D6=:?6j 4@=@Ci :?96C:EjQmkDA2? DEJ=6lQ3@C56Ci _AIj 7@?Ei :?96C:Ej >2C8:?i _AIj A255:?8i _AIj G6CE:42=\\2=:8?i 32D6=:?6j 4@=@Ci :?96C:EjQmkDA2? DEJ=6lQ3@C56Ci _AIj 7@?Ei :?96C:Ej >2C8:?i _AIj A255:?8i _AIj G6CE:42=\\2=:8?i 32D6=:?6j 4@=@Ci :?96C:EjQmkDA2? DEJ=6lQ3@C56Ci _AIj 7@?Ei :?96C:Ej >2C8:?i _AIj A255:?8i _AIj G6CE:42=\\2=:8?i 32D6=:?6j 4@=@Ci :?96C:EjQmkDA2? DEJ=6lQ3@C56Ci _AIj 7@?Ei :?96C:Ej >2C8:?i _AIj A255:?8i _AIj G6CE:42=\\2=:8?i 32D6=:?6j 4@=@Ci :?96C:EjQmkDA2? DEJ=6lQ3@C56Ci _AIj 7@?E\\DEJ=6i :?96C:Ej 7@?E\\G2C:2?Ei :?96C:Ej 7@?E\\H6:89Ei :?96C:Ej 7@?E\\DEC6E49i :?96C:Ej 7@?E\\D:K6i :?96C:Ej =:?6\\96:89Ei :?96C:Ej 7@?E\\72>:=Ji pC:2=[ D2?D\\D6C:7[ D6C:7[ t>@;:u@?Ej 7@?E\\@AE:42=\\D:K:?8i :?96C:Ej 7@?E\\<6C?:?8i :?96C:Ej 7@?E\\762EFC6\\D6EE:?8Di :?96C:Ej 7@?E\\G2C:2E:@?\\D6EE:?8Di :?96C:Ej >2C8:?i _AIj A255:?8i _AIj G6CE:42=\\2=:8?i 32D6=:?6j 4@=@Ci 3=24<jQm] k^DA2?mk^DA2?mk^DA2?mk^DA2?mk^DA2?mk^DA2?mk^DA2?mk^DA2?mk^DA2?mk^DA2?mk^Am kA 4=2DDlQI0|D@}@C>2=Q DEJ=6lQ>2C8:?i _:?j 7@?E\\D:K6i ``AEj 7@?E\\72>:=Ji r2=:3C:[ D2?D\\D6C:7j 4@=@Ci RacacacjQmkDA2? DEJ=6lQ3@C56Ci _AIj 7@?Ei :?96C:Ej >2C8:?i _AIj A255:?8i _AIj G6CE:42=\\2=:8?i 32D6=:?6j 4@=@Ci :?96C:EjQmkDA2? DEJ=6lQ3@C56Ci _AIj 7@?Ei :?96C:Ej >2C8:?i _AIj A255:?8i _AIj G6CE:42=\\2=:8?i 32D6=:?6j 4@=@Ci :?96C:EjQmkDA2? DEJ=6lQ3@C56Ci _AIj 7@?Ei :?96C:Ej >2C8:?i _AIj A255:?8i _AIj G6CE:42=\\2=:8?i 32D6=:?6j 4@=@Ci :?96C:EjQmkDA2? DEJ=6lQ3@C56Ci _AIj 7@?Ei :?96C:Ej >2C8:?i _AIj A255:?8i _AIj G6CE:42=\\2=:8?i 32D6=:?6j 4@=@Ci :?96C:EjQmkDA2? DEJ=6lQ3@C56Ci _AIj 7@?Ei :?96C:Ej >2C8:?i _AIj A255:?8i _AIj G6CE:42=\\2=:8?i 32D6=:?6j 4@=@Ci :?96C:EjQmkDA2? DEJ=6lQ3@C56Ci _AIj 7@?Ei :?96C:Ej >2C8:?i _AIj A255:?8i _AIj G6CE:42=\\2=:8?i 32D6=:?6j 4@=@Ci :?96C:EjQmkDA2? DEJ=6lQ3@C56Ci _AIj 7@?Ei :?96C:Ej >2C8:?i _AIj A255:?8i _AIj G6CE:42=\\2=:8?i 32D6=:?6j 4@=@Ci :?96C:EjQmkDA2? DEJ=6lQ3@C56Ci _AIj 7@?Ei :?96C:Ej >2C8:?i _AIj A255:?8i _AIj G6CE:42=\\2=:8?i 32D6=:?6j 4@=@Ci :?96C:EjQmkDA2? DEJ=6lQ3@C56Ci _AIj 7@?Ei :?96C:Ej >2C8:?i _AIj A255:?8i _AIj G6CE:42=\\2=:8?i 32D6=:?6j 4@=@Ci :?96C:EjQmkDA2? DEJ=6lQ3@C56Ci _AIj 7@?E\\DEJ=6i :?96C:Ej 7@?E\\G2C:2?Ei :?96C:Ej 7@?E\\H6:89Ei :?96C:Ej 7@?E\\DEC6E49i :?96C:Ej 7@?E\\D:K6i :?96C:Ej =:?6\\96:89Ei :?96C:Ej 7@?E\\72>:=Ji pC:2=[ D2?D\\D6C:7[ D6C:7[ t>@;:u@?Ej 7@?E\\@AE:42=\\D:K:?8i :?96C:Ej 7@?E\\<6C?:?8i :?96C:Ej 7@?E\\762EFC6\\D6EE:?8Di :?96C:Ej 7@?E\\G2C:2E:@?\\D6EE:?8Di :?96C:Ej >2C8:?i _AIj A255:?8i _AIj G6CE:42=\\2=:8?i 32D6=:?6j 4@=@Ci :?96C:EjQm k^DA2?mk^DA2?mk^DA2?mk^DA2?mk^DA2?mk^DA2?mk^DA2?mk^DA2?mk^DA2?mk^DA2?mk^Am Success! An email has been sent to with a link to confirm list signup.\nError! There was an error processing your request.\nNews Alerts Get news alerts and breaking news stories from the Albany Herald delivered to your email.\nPlease enter a valid email address. Sign up Manage your lists",
    "highlightText": "",
    "highlightTitle": "",
    "highlightThreadTitle": "",
    "language": "english",
    "sentiment": "positive",
    "categories": [
        "Human Interest",
        "Health"
    ],
    "external_links": [],
    "external_images": [],
    "entities": {
        "persons": [
            {
                "name": "phoebe putney memorial hos",
                "sentiment": "negative"
            },
            {
                "name": "phoebe",
                "sentiment": "negative"
            },
            {
                "name": "deb angerami",
                "sentiment": "none"
            }
        ],
        "organizations": [
            {
                "name": "ppmh",
                "sentiment": "none"
            }
        ],
        "locations": [
            {
                "name": "phoebe",
                "sentiment": "none"
            }
        ]
    },
    "rating": null,
    "crawled": "2024-04-19T00:23:41.005+03:00",
    "updated": "2024-04-19T00:23:41.005+03:00"
}