{
    "thread": {
        "uuid": "bff521ec5cf6acd3792a588ee7738d4645c6f049",
        "url": "https://stayhappening.com/e/capacity-building-workshop-on-gced-at-national-taipei-university-of-education-E2ISWJI0HWV",
        "site_full": "stayhappening.com",
        "site": "stayhappening.com",
        "site_section": "https://stayhappening.com/taipei",
        "site_categories": [],
        "section_title": "Events &amp; Happenings in Taipei, TP",
        "title": "Capacity Building Workshop on GCED at National Taipei University of Education, National Taipei University of Education, 19 April to 21 April",
        "title_full": "Capacity Building Workshop on GCED at National Taipei University of Education, National Taipei University of Education, 19 April to 21 April",
        "published": "2024-04-19T00:24:20.000+03:00",
        "replies_count": 0,
        "participants_count": 1,
        "site_type": "news",
        "country": "US",
        "main_image": "https://cdn.stayhappening.com/events1/banners/9ca2dfc3ebf41e937a674e052870f0bb43b71f13e29cb42834816d86d653e1b9-rimg-w960-h413-dc5e638f-gmir?v=1713323289",
        "performance_score": 0,
        "domain_rank": 66995,
        "domain_rank_updated": "2024-04-16T13:07:56.000+03:00",
        "reach": null,
        "social": {
            "facebook": {
                "likes": 0,
                "comments": 0,
                "shares": 0
            },
            "gplus": {
                "shares": 0
            },
            "pinterest": {
                "shares": 0
            },
            "linkedin": {
                "shares": 0
            },
            "stumbledupon": {
                "shares": 0
            },
            "vk": {
                "shares": 0
            }
        }
    },
    "uuid": "bff521ec5cf6acd3792a588ee7738d4645c6f049",
    "url": "https://stayhappening.com/e/capacity-building-workshop-on-gced-at-national-taipei-university-of-education-E2ISWJI0HWV",
    "ord_in_thread": 0,
    "parent_url": null,
    "author": "We Are Global Citizens - GCED",
    "published": "2024-04-19T00:24:20.000+03:00",
    "title": "Capacity Building Workshop on GCED at National Taipei University of Education, National Taipei University of Education, 19 April to 21 April",
    "text": "Advertisement\n🌏Join Us in Building Global Citizens! 🌏\n​\nAre you passionate about making a positive impact on the world? Do you believe in the power of education to shape future generations? If so, we invite you to be a part of the \"We Are Global Citizens\" project's upcoming workshop for pre-service teachers at National Taipei University of Education!\n🏫April 19 & 20, 2024: In-person training (09:00-17:00)\n💻April 21, 2024: Online training (14:00-18:00)\n🚌May 16, 2024: Field trip to elementary school\n📍 Venue: National Taipei University of Education (in-person training)\n🌐Language: English\n💸Fee: Free\n🧑‍🎓Capacity: Limited to 30 students\n✅Registration Deadline: April 15, 2024\n🔗https://forms.gle/E3C9sVH2gnp1zN6b6\nDon't miss this opportunity to become an advocate for global change through education! Register now and embark on your journey to becoming a global citizen educator.\n🤝Together, we can make a difference! Advertisement Event Venue & Nearby Stays National Taipei University of Education, 台灣106台北市大安區國立台北教育大學操場,Taipei, Taiwan\nDiscover more events by tags: Workshops in Taipei Trips-adventures in Taipei Virtual in Taipei English-language in Taipei Sharing is Caring:",
    "highlightText": "",
    "highlightTitle": "",
    "highlightThreadTitle": "",
    "language": "english",
    "sentiment": "positive",
    "categories": [
        "Education",
        "Human Interest"
    ],
    "external_links": [
        "https://www.forms.gle/E3C9sVH2gnp1zN6b6",
        "https://forms.gle/E3C9sVH2gnp1zN6b6"
    ],
    "external_images": [],
    "entities": {
        "persons": [],
        "organizations": [
            {
                "name": "national taipei university of education",
                "sentiment": "negative"
            },
            {
                "name": "advertisement event venue & nearby stays national taipei university of education",
                "sentiment": "none"
            }
        ],
        "locations": [
            {
                "name": "taipei",
                "sentiment": "none"
            },
            {
                "name": "taiwan",
                "sentiment": "none"
            }
        ]
    },
    "rating": null,
    "crawled": "2024-04-19T00:24:22.790+03:00",
    "updated": "2024-04-21T13:17:03.658+03:00"
}