{
    "thread": {
        "uuid": "18b904abc0daeff48738600f90e446bb8e2b3339",
        "url": "https://www.oleantimesherald.com/news/houghton-students-voice-featured-in-museum-of-the-bible-exhibit/article_4950c2f8-fdb2-11ee-a7b0-477998e8561c.html",
        "site_full": "www.oleantimesherald.com",
        "site": "oleantimesherald.com",
        "site_section": "https://www.oleantimesherald.com/news",
        "site_categories": [
            "media"
        ],
        "section_title": "News | oleantimesherald.com",
        "title": "Houghton student's voice featured in Museum of the Bible exhibit | News | oleantimesherald.com",
        "title_full": "Houghton student's voice featured in Museum of the Bible exhibit | News | oleantimesherald.com",
        "published": "2024-04-18T08:00:00.000+03:00",
        "replies_count": 0,
        "participants_count": 1,
        "site_type": "news",
        "country": "US",
        "main_image": "https://bloximages.chicago2.vip.townnews.com/oleantimesherald.com/content/tncms/assets/v3/editorial/f/3f/f3fb4908-fdb7-11ee-8284-6f88b22178cf/6621722670613.image.jpg?crop=1200%2C630%2C0%2C234&amp;resize=1200%2C630&amp;order=crop%2Cresize",
        "performance_score": 0,
        "domain_rank": 42466,
        "domain_rank_updated": "2024-04-16T13:07:56.000+03:00",
        "reach": null,
        "social": {
            "facebook": {
                "likes": 0,
                "comments": 0,
                "shares": 0
            },
            "gplus": {
                "shares": 0
            },
            "pinterest": {
                "shares": 0
            },
            "linkedin": {
                "shares": 0
            },
            "stumbledupon": {
                "shares": 0
            },
            "vk": {
                "shares": 0
            }
        }
    },
    "uuid": "18b904abc0daeff48738600f90e446bb8e2b3339",
    "url": "https://www.oleantimesherald.com/news/houghton-students-voice-featured-in-museum-of-the-bible-exhibit/article_4950c2f8-fdb2-11ee-a7b0-477998e8561c.html",
    "ord_in_thread": 0,
    "parent_url": null,
    "author": "Olean Times Herald staff",
    "published": "2024-04-18T08:00:00.000+03:00",
    "title": "Houghton student's voice featured in Museum of the Bible exhibit | News | oleantimesherald.com",
    "text": "> When Jadyn Mucher of Houghton took the stage to sing with the Indiana Wesleyan University Chorale during a March convocation, she did not know the opportunity it would provide.\nThe Chorale , rising to sing during the induction of Ranjy Thomas into the IWU Society of World Changers, captured the attention of one of Thomas’ guests. Dylan Thomas is CEO and founder of CREATR and songwriter and music director for Hillsong United. He literally turned in his seat to take in the full effect of the IWU Chorale under the direction of Master Davy Chinn.\nAt the conclusion of the convocation at the Marion, Ind., school and during a subsequent lunch conversation, Dylan Thomas praised Chinn for the chorale’s sound — the exact tone in his quest to create a worship-centered experience for the Museum of the Bible in Washington D.C.\nHe wondered if the group would be willing to record soundtracks for the museum’s exhibit. Chinn said, “I jumped at the chance as the timing is indeed providential.”\nThe energy in the choir room was high as Mucher, a sophomore, joined her peers in the recording of the tracks. They corresponded via Microsoft Teams with the composer of the project, Harrison Wood, something the chorale members felt was a significant honor.\n“As a Chorale, it has been a great opportunity for us to share our gifts to a much wider audience,” Mucher said. “Overall, having the chance to collaborate with other artists through worship has been such a blessing for our group.”\nShe had never been a part of a recording session like the one the chorale completed, she said, and having exposure to it was insightful.\n“This week has been so fun to see both Master Chinn and Camden bounce ideas back and forth with Harrison to accomplish the goals intended for this project,” she added. “I could not be more grateful for this opportunity.”\nChinn also enjoyed the process.\n“Working directly with the composer has been a special treat as he has been able to walk us through his vision for the sound and has been able to add and alter parts on the fly as we record,” he said. “He remotes into our Pro Tools sessions so he can hear what we are tracking in real time — cool technology!”\nThe recorded tracks will contribute to the Museum of the Bible’s “All Creation Sings” exhibit , which opened Thursday, and remain a fixture of the museum for the next five years. The museum’s administration hopes to take the exhibit on tour after its conclusion on-site, so the IWU Chorale voices will ring on for years to come through the four-movement, 25-minute experience illuminating worship through video, narration, and music.\nThe exhibit has already received support from several key musicians in the Christian-music world. Artists like Brandon Lake, Brooke Ligertwood, Martin Smith, and KB all appear in a promotional video .",
    "highlightText": "",
    "highlightTitle": "",
    "highlightThreadTitle": "",
    "language": "english",
    "sentiment": "positive",
    "categories": [
        "Education",
        "Arts, Culture and Entertainment",
        "Human Interest"
    ],
    "external_links": [
        "https://www.museumofthebible.org/all-creation-sings",
        "https://www.indwes.edu/ministry-teams/university-chorale",
        "https://indwes.edu/ministry-teams/university-chorale",
        "https://museumofthebible.org/all-creation-sings"
    ],
    "external_images": [],
    "entities": {
        "persons": [
            {
                "name": "houghton",
                "sentiment": "negative"
            },
            {
                "name": "jadyn mucher",
                "sentiment": "negative"
            },
            {
                "name": "thomas",
                "sentiment": "none"
            },
            {
                "name": "chinn",
                "sentiment": "none"
            },
            {
                "name": "ranjy thomas",
                "sentiment": "none"
            },
            {
                "name": "davy chinn",
                "sentiment": "none"
            },
            {
                "name": "mucher",
                "sentiment": "none"
            },
            {
                "name": "dylan thomas",
                "sentiment": "none"
            }
        ],
        "organizations": [
            {
                "name": "indiana wesleyan university chorale",
                "sentiment": "negative"
            },
            {
                "name": "hillsong united",
                "sentiment": "none"
            },
            {
                "name": "iwu chorale",
                "sentiment": "none"
            },
            {
                "name": "iwu society of world changers",
                "sentiment": "none"
            }
        ],
        "locations": [
            {
                "name": "marion",
                "sentiment": "none"
            },
            {
                "name": "washington d.c",
                "sentiment": "none"
            },
            {
                "name": "ind.",
                "sentiment": "none"
            }
        ]
    },
    "rating": null,
    "crawled": "2024-04-19T00:36:24.739+03:00",
    "updated": "2024-04-21T06:14:32.265+03:00"
}