{
    "thread": {
        "uuid": "3cdf9f4798a8deb30b267b0cc26fa71a64c0a0f4",
        "url": "https://www.telemundo.com/noticias/noticias-telemundo-mediodia/estados-unidos/video/el-video-de-una-empleada-de-taco-bell-salvando-una-bebe-que-dejo-de-respirar-tmvo12629526",
        "site_full": "www.telemundo.com",
        "site": "telemundo.com",
        "site_section": "https://telemundo.com/",
        "site_categories": [
            "television",
            "non_standard_content",
            "entertainment"
        ],
        "section_title": "Telemundo | Noticias, Shows, Entretenimiento, Series y Novelas | Telemundo",
        "title": "El video de una empleada de Taco Bell salvando a una bebé que dejó de respirar | Telemundo",
        "title_full": "El video de una empleada de Taco Bell salvando a una bebé que dejó de respirar | Telemundo",
        "published": "2024-04-19T00:14:00.000+03:00",
        "replies_count": 0,
        "participants_count": 1,
        "site_type": "news",
        "country": "US",
        "main_image": "https://www.telemundo.com/sites/nbcutelemundo/files/styles/nbcnews-fp-1200-630/public/images/mpx/2024/04/18/34176946379-1080pnbcstations.jpg?ramen_itok=iqwQftIcTf",
        "performance_score": 0,
        "domain_rank": 13522,
        "domain_rank_updated": "2024-04-16T13:07:52.000+03:00",
        "reach": null,
        "social": {
            "facebook": {
                "likes": 0,
                "comments": 0,
                "shares": 0
            },
            "gplus": {
                "shares": 0
            },
            "pinterest": {
                "shares": 0
            },
            "linkedin": {
                "shares": 0
            },
            "stumbledupon": {
                "shares": 0
            },
            "vk": {
                "shares": 0
            }
        }
    },
    "uuid": "3cdf9f4798a8deb30b267b0cc26fa71a64c0a0f4",
    "url": "https://www.telemundo.com/noticias/noticias-telemundo-mediodia/estados-unidos/video/el-video-de-una-empleada-de-taco-bell-salvando-una-bebe-que-dejo-de-respirar-tmvo12629526",
    "ord_in_thread": 0,
    "parent_url": null,
    "author": "TELEMUNDO",
    "published": "2024-04-19T00:14:00.000+03:00",
    "title": "El video de una empleada de Taco Bell salvando a una bebé que dejó de respirar | Telemundo",
    "text": "- UP NEXT Con dos eventos el príncipe William retoma sus actividades públicas01:28 Video del día: Dan la bienvenida a una cría de rinoceronte blanco, una especie amenazada00:37 Una madre entra en trabajo de parto en plena caravana migrante en México00:36 Ordenan la evacuación de una isla entera por la amenaza de un volcán00:31 Sigue el tiempo severo y el mayor peligro se reporta en Texas por el granizo00:33 Ya hay nueve acusados por el espectacular robo de 6,600 lingotes de oro de un aeropuerto00:34 No acusan al policía que mató a una joven porque no podían probarle algo \"mas allá de una duda razonable\"01:54 Podrían compensar a las víctimas de Nassar porque el FBI cometió \"errores fundamentales\" en el caso00:27 Una hermana de Robert Kennedy Jr. encabezará el apoyo de su familia a la reelección de Biden00:36 Schumer dice que pararon en seco el 'impeachment' a Mayorkas para que no se use como arma política00:25 Dicen que fallas del 911 no fueron por ataques cibernéticos. Hace poco el Gobierno alertó sobre ello02:26 \"No es típico\" que jurados pidan ser excusados pero ocurrió en el juicio de Trump porque \"es único\"03:29 Ya son dos los jurados de Trump que fueron retirados del juicio. Son una enfermera y un ingeniero00:37 Noticias Mediodía 04/20 El video de la euforia de una latina al saber que fue aceptada en Yale (adonde dudó en aplicar)04:12 Faltan 100 días para los Juegos Olímpicos y aquí le damos cinco claves que le pueden interesar03:04 Una inusual tormenta causa destrucción y muerte en Dubai00:37 El tiempo severo causa estragos en Iowa y otras zonas del Medio Oeste del país00:30 EE.UU. registra un número récord de nuevos emprendedores. La mitad son mujeres00:43 Un juez le dijo a 'El Chapo' que no es él quien puede cambiar las condiciones de su confinamiento00:27 - UP NEXT Con dos eventos el príncipe William retoma sus actividades públicas01:28 Video del día: Dan la bienvenida a una cría de rinoceronte blanco, una especie amenazada00:37 Una madre entra en trabajo de parto en plena caravana migrante en México00:36 Ordenan la evacuación de una isla entera por la amenaza de un volcán00:31 Sigue el tiempo severo y el mayor peligro se reporta en Texas por el granizo00:33 Ya hay nueve acusados por el espectacular robo de 6,600 lingotes de oro de un aeropuerto00:34 No acusan al policía que mató a una joven porque no podían probarle algo \"mas allá de una duda razonable\"01:54 Podrían compensar a las víctimas de Nassar porque el FBI cometió \"errores fundamentales\" en el caso00:27 Una hermana de Robert Kennedy Jr. encabezará el apoyo de su familia a la reelección de Biden00:36 Schumer dice que pararon en seco el 'impeachment' a Mayorkas para que no se use como arma política00:25 Dicen que fallas del 911 no fueron por ataques cibernéticos. Hace poco el Gobierno alertó sobre ello02:26 \"No es típico\" que jurados pidan ser excusados pero ocurrió en el juicio de Trump porque \"es único\"03:29 Ya son dos los jurados de Trump que fueron retirados del juicio. Son una enfermera y un ingeniero00:37 Noticias Mediodía 04/20 El video de la euforia de una latina al saber que fue aceptada en Yale (adonde dudó en aplicar)04:12 Faltan 100 días para los Juegos Olímpicos y aquí le damos cinco claves que le pueden interesar03:04 Una inusual tormenta causa destrucción y muerte en Dubai00:37 El tiempo severo causa estragos en Iowa y otras zonas del Medio Oeste del país00:30 EE.UU. registra un número récord de nuevos emprendedores. La mitad son mujeres00:43 Un juez le dijo a 'El Chapo' que no es él quien puede cambiar las condiciones de su confinamiento00:27",
    "highlightText": "",
    "highlightTitle": "",
    "highlightThreadTitle": "",
    "language": "spanish",
    "sentiment": "positive",
    "categories": [
        "Human Interest"
    ],
    "external_links": [],
    "external_images": [],
    "entities": {
        "persons": [],
        "organizations": [],
        "locations": []
    },
    "rating": null,
    "crawled": "2024-04-19T00:32:29.863+03:00",
    "updated": "2024-04-19T00:32:29.863+03:00"
}