{
    "thread": {
        "uuid": "d356e34beac2e6ffa0dfe86f6138a60984b42d8b",
        "url": "https://flipboard.com/article/baltimore-player-hits-14k-fast-play-progressive-jackpot/f-1b9c8d4bea%2Fshorenewsnetwork.com",
        "site_full": "flipboard.com",
        "site": "flipboard.com",
        "site_section": "https://flipboard.com/topic/chesapeakebaymaryland",
        "site_categories": [
            "family_and_parenting",
            "eldercare"
        ],
        "section_title": "Discover More in Chesapeake Bay (Md.) on Flipboard",
        "title": "Baltimore Player Hits $14K FAST PLAY Progressive Jackpot | Flipboard",
        "title_full": "Baltimore Player Hits $14K FAST PLAY Progressive Jackpot | Flipboard",
        "published": "2024-04-18T03:00:00.000+03:00",
        "replies_count": 0,
        "participants_count": 1,
        "site_type": "news",
        "country": "US",
        "main_image": "https://ic-cdn.flipboard.com/shorenewsnetwork.com/da027c7f753e1a74ac1a68a8ac5332a8e73684d0/_medium.jpeg",
        "performance_score": 0,
        "domain_rank": 1222,
        "domain_rank_updated": "2024-04-16T13:07:52.000+03:00",
        "reach": null,
        "social": {
            "facebook": {
                "likes": 0,
                "comments": 0,
                "shares": 0
            },
            "gplus": {
                "shares": 0
            },
            "pinterest": {
                "shares": 0
            },
            "linkedin": {
                "shares": 0
            },
            "stumbledupon": {
                "shares": 0
            },
            "vk": {
                "shares": 0
            }
        }
    },
    "uuid": "d356e34beac2e6ffa0dfe86f6138a60984b42d8b",
    "url": "https://flipboard.com/article/baltimore-player-hits-14k-fast-play-progressive-jackpot/f-1b9c8d4bea%2Fshorenewsnetwork.com",
    "ord_in_thread": 0,
    "parent_url": null,
    "author": "shorenewsnetwork.com - Chris Quigley",
    "published": "2024-04-18T03:00:00.000+03:00",
    "title": "Baltimore Player Hits $14K FAST PLAY Progressive Jackpot | Flipboard",
    "text": "Baltimore Player Hits $14K FAST PLAY Progressive Jackpot BALTIMORE, MD – Luck was in the air last night in Baltimore as another player won a $14,816 progressive jackpot in the FAST PLAY HI LO game. The … [Shore News Network](/@ShoreNewsNJ) flipped this story into [Shore News Network](/@shorenewsnj/shore-news-network-uagkoad0z)•4h More stories from [Maryland](/topic/maryland) More stories from [Baltimore](/topic/baltimore) [Inside the military’s response to the Baltimore bridge collapse](/topic/baltimore/inside-the-military-s-response-to-the-baltimore-bridge-collapse/a-MyyUlo6sRD-s4ayyEMO4BA%3Aa%3A179087245-0f9553e58f%2Fthehill.com) Inside a Baltimore cruise terminal last week, dozens of military personnel were spread out across a wide room under bright lights, with workers bent … [‘It was worse than I thought’: Dozens of recreational boats use alternate channel to pass collapsed Key Bridge for first time](/topic/baltimore/it-was-worse-than-i-thought-dozens-of-recreational-boats-use-alternate-channel/a-6dQN9PFWThKHpfE23Ubybg%3Aa%3A3031439798-53fcc4414a%2Fbaltimoresun.com) Chuck and JoAnn Anderika were up before dawn Tuesday to bring their sailboat back home. The Anderikas set out around 6 a.m. from Solomons Island, … [What happens when most of the Catholic churches in Baltimore close?](/topic/baltimore/what-happens-when-most-of-the-catholic-churches-in-baltimore-close/a-ruHa9FynSaisxESQvIBsPg%3Aa%3A2168275090-14db1b26a8%2Freligionnews.com) The loss to local communities is likely to be substantial. (RNS) — Last Sunday (April 14), the Catholic Archdiocese of Baltimore showed parishioners … Join the flipboard community Discover, collect, and share stories for all your interests [Sign up](/signup) More stories from [Chesapeake Bay (Md.)](/topic/chesapeakebaymaryland) [What happens when most of the Catholic churches in Baltimore close?](/topic/chesapeakebaymaryland/what-happens-when-most-of-the-catholic-churches-in-baltimore-close/a-ruHa9FynSaisxESQvIBsPg%3Aa%3A2168275090-14db1b26a8%2Freligionnews.com) The loss to local communities is likely to be substantial. (RNS) — Last Sunday (April 14), the Catholic Archdiocese of Baltimore showed parishioners … [Huge floating crane swings into action to clear Baltimore bridge debris](/topic/chesapeakebaymaryland/huge-floating-crane-swings-into-action-to-clear-baltimore-bridge-debris/a-ULLMRNMQTc26l5eqcyauUQ%3Aa%3A729020400-f9b4af97eb%2Ftheglobeandmail.com) The Chesapeake 1000 is a huge floating crane working to clear sections of debris from the Baltimore bridge that collapsed after being struck by a ship. But there's an even larger crane laid up in New York that could swing into action to help rebuild the Francis Scott Key Bridge. The Globe and Mail [Former Carroll Co. substitute teacher sentenced to 17 years in federal prison](/topic/chesapeakebaymaryland/former-carroll-co-substitute-teacher-sentenced-to-17-years-in-federal-prison/a-BKSmrS1IRpmAiG44GNzzrQ%3Aa%3A3842794560-4b1f758838%2Fthebaltimorebanner.com) A 34-year-old Carroll County man was sentenced this week to 17 years in federal prison for child sexually exploiting a child. Evan Thomas Harris …",
    "highlightText": "",
    "highlightTitle": "",
    "highlightThreadTitle": "",
    "language": "english",
    "sentiment": "positive",
    "categories": [
        "Economy, Business and Finance",
        "Human Interest",
        "Lifestyle and Leisure"
    ],
    "external_links": [],
    "external_images": [],
    "entities": {
        "persons": [
            {
                "name": "jo",
                "sentiment": "none"
            }
        ],
        "organizations": [
            {
                "name": "shore news network",
                "sentiment": "none"
            }
        ],
        "locations": [
            {
                "name": "baltimore",
                "sentiment": "none"
            },
            {
                "name": "baltimore",
                "sentiment": "none"
            },
            {
                "name": "maryland",
                "sentiment": "none"
            }
        ]
    },
    "rating": null,
    "crawled": "2024-04-19T00:29:28.267+03:00",
    "updated": "2024-04-19T00:29:28.267+03:00"
}