{
    "thread": {
        "uuid": "6b52ebbff5eb6084477539acffe2cafa9f322fc6",
        "url": "https://www.king5.com/article/news/verify/ai/image-of-puppy-snuggling-baby-elephant-created-with-ai/536-8a7e6f4c-e42a-42f2-97c8-1ebd184357f2",
        "site_full": "www.king5.com",
        "site": "king5.com",
        "site_section": "http://rssfeeds.king5.com/_/20/109984642/king5/home",
        "site_categories": [
            "media"
        ],
        "section_title": "KING - News",
        "title": "Generative AI used to create viral puppy and baby elephant pic",
        "title_full": "Generative AI used to create viral puppy and baby elephant pic | king5.com",
        "published": "2024-04-18T22:32:00.000+03:00",
        "replies_count": 0,
        "participants_count": 1,
        "site_type": "news",
        "country": "US",
        "main_image": "https://media.king5.com/assets/VERIFY/images/b9e6729f-94ec-44f5-b6cd-1cede8596619/b9e6729f-94ec-44f5-b6cd-1cede8596619_1140x641.jpg",
        "performance_score": 0,
        "domain_rank": 4292,
        "domain_rank_updated": "2024-04-16T13:07:52.000+03:00",
        "reach": null,
        "social": {
            "facebook": {
                "likes": 0,
                "comments": 0,
                "shares": 0
            },
            "gplus": {
                "shares": 0
            },
            "pinterest": {
                "shares": 0
            },
            "linkedin": {
                "shares": 0
            },
            "stumbledupon": {
                "shares": 0
            },
            "vk": {
                "shares": 0
            }
        }
    },
    "uuid": "6b52ebbff5eb6084477539acffe2cafa9f322fc6",
    "url": "https://www.king5.com/article/news/verify/ai/image-of-puppy-snuggling-baby-elephant-created-with-ai/536-8a7e6f4c-e42a-42f2-97c8-1ebd184357f2",
    "ord_in_thread": 0,
    "parent_url": null,
    "author": "Kelly Jones",
    "published": "2024-04-18T22:32:00.000+03:00",
    "title": "Generative AI used to create viral puppy and baby elephant pic",
    "text": "Have you ever scrolled through social media and stumbled upon an adorable image of a baby animal? Have you ever wondered if the image was real or just too cute to be true? VERIFY reader Blanca [emailed us this adorable picture](https://www.facebook.com/photo/?fbid=122136800942110119&set=gm.343686508701895&idorvanity=242413205495893) of a puppy and baby elephant hugging and asked if the image was real. THE QUESTION Is the image of a baby elephant and puppy hugging real? THE SOURCES - VERIFY analysis of the image [Hive, an AI detection tool](https://thehive.ai/) [International Fund for Animal Welfare](https://www.ifaw.org/journal/elephant-faq) [American Kennel Club](https://www.akc.org/expert-advice/nutrition/breed-weight-chart/) [RevEye](https://chrome.google.com/webstore/detail/reveye-reverse-image-sear/keaaclcjhehbbapnphnmpiklalfhelgf), a reverse image search tool - 2015 video from [Thailand’s Elephant Nature Park](https://www.facebook.com/watch/?v=10155918933375543) - Search of images from [National Geographic](https://www.nationalgeographic.com/animals) THE ANSWER No, the image of a baby elephant and puppy hugging isn’t real. The image was created using artificial intelligence. WHAT WE FOUND The image sent to VERIFY showing a puppy and a baby elephant is not real and was created using artificial intelligence. [Generative AI](/article/news/verify/ai/artificial-intelligence-is-getting-smarter-heres-how-you-can-spot-it/536-7d247e35-6124-4bd1-a9b1-96b757e823a5) is a type of artificial intelligence technology that can produce new content, including images, videos, audio and text based on a prompt. To confirm that this image was created with AI, VERIFY conducted a reverse image search and found no other reputable sources sharing the same image online. One [X post from April 17 with the image](https://twitter.com/LarsJohanL/status/1780815675306455395) credits National Geographic for the photo, but we searched National Geographic’s website and did not find any evidence this photo was ever captured by a National Geographic photographer. VERIFY reached out to National Geographic for comment and did not hear back at the time of publication. The first red flag in the AI-generated photo is that the puppy and elephant appear to be the same size, which is highly unlikely. According to the [International Fund for Animal Welfare](https://www.ifaw.org/journal/elephant-faq), newborn Asian elephant calves weigh about 200 to 250 pounds. Baby African elephants also weigh about 200 pounds. Most golden retrievers, on the other hand, weigh between 65 and 95 pounds when they are full-grown, the [American Kennel Club](https://www.akc.org/expert-advice/nutrition/breed-weight-chart/) says. The dog appears to be a golden retriever in the AI image. To compare what an actual baby elephant would look like next to a dog, [Thailand’s Elephant Nature Park posted this video in 2015](https://www.facebook.com/watch/?v=10155918933375543) of baby elephant Yindee playing with a dog named Milo. Yindee is much bigger. We also found other red flags that point to an AI-generated image. Some of the puppy’s features, like its left eye, are distorted. The ear on the elephant appears too small and is roughly the same size as the puppy’s ear. The texture of the puppy’s fur also appears inconsistent – the lower half looks wet or matted while the ear and head are smooth and fine. Inconsistencies with texture is a key sign of artificial intelligence. Hive, an AI detection tool, said there’s a 100% likelihood that this image was created with a generative AI tool. The AI image of the puppy and elephant has a name credit burned on the image with the name “Aysel Raif.” We found [a private Instagram profile that bears that name](https://www.instagram.com/devranbasar32/). The account’s Instagram profile picture is an artificial intelligence image with the same watermark. VERIFY was unable to confirm if this Instagram user created the image of the elephant and puppy. We attempted to follow the user and reach them via messenger, but were not able to get in touch at the time of publication.",
    "highlightText": "",
    "highlightTitle": "",
    "highlightThreadTitle": "",
    "language": "english",
    "sentiment": "positive",
    "categories": [
        "Human Interest",
        "Science and Technology"
    ],
    "external_links": [
        "https://www.facebook.com/watch/?v=10155918933375543)",
        "https://facebook.com/photo/?fbid=122136800942110119&set=gm.343686508701895&idorvanity=242413205495893)",
        "https://www.facebook.com/photo/",
        "https://ifaw.org/journal/elephant-faq)",
        "https://ifaw.org/journal/elephant-faq),",
        "https://www.facebook.com/watch/",
        "https://chrome.google.com/webstore/detail/reveye-reverse-image-sear/keaaclcjhehbbapnphnmpiklalfhelgf),",
        "https://www.facebook.com/photo/?fbid=122136800942110119&set=gm.343686508701895&idorvanity=242413205495893)",
        "https://www.twitter.com/LarsJohanL/status/1780815675306455395)",
        "https://www.ifaw.org/journal/elephant-faq),",
        "https://twitter.com/LarsJohanL/status/1780815675306455395)",
        "https://akc.org/expert-advice/nutrition/breed-weight-chart/)",
        "https://www.thehive.ai/)",
        "https://www.instagram.com/devranbasar32/).",
        "https://thehive.ai/)",
        "https://www.chrome.google.com/webstore/detail/reveye-reverse-image-sear/keaaclcjhehbbapnphnmpiklalfhelgf),",
        "https://www.nationalgeographic.com/animals)",
        "https://facebook.com/watch/?v=10155918933375543)",
        "https://nationalgeographic.com/animals)",
        "https://instagram.com/devranbasar32/).",
        "https://www.akc.org/expert-advice/nutrition/breed-weight-chart/)",
        "https://www.ifaw.org/journal/elephant-faq)"
    ],
    "external_images": [],
    "entities": {
        "persons": [
            {
                "name": "blanca",
                "sentiment": "none"
            }
        ],
        "organizations": [
            {
                "name": "kennel club",
                "sentiment": "none"
            }
        ],
        "locations": [
            {
                "name": "thailand",
                "sentiment": "none"
            }
        ]
    },
    "rating": null,
    "crawled": "2024-04-19T00:38:29.535+03:00",
    "updated": "2024-04-19T00:38:29.535+03:00"
}