{
    "thread": {
        "uuid": "c7ad7756b9ba765409be7697fde06086fa1e85a3",
        "url": "https://jewishjournal.com/culture/arts/books/370539/dr-nicole-saphier-reflects-on-motherhood-and-jewish-advocacy",
        "site_full": "jewishjournal.com",
        "site": "jewishjournal.com",
        "site_section": "http://feeds.feedburner.com/jewishjournal",
        "site_categories": [
            "religion",
            "judaism"
        ],
        "section_title": "Jewish Journal",
        "title": "Dr. Nicole Saphier Reflects on Motherhood and Jewish Advocacy",
        "title_full": "Dr. Nicole Saphier Reflects on Motherhood and Jewish Advocacy",
        "published": "2024-04-18T22:07:00.000+03:00",
        "replies_count": 0,
        "participants_count": 1,
        "site_type": "news",
        "country": "US",
        "main_image": "https://jewishjournal.com/wp-content/uploads/2024/04/lovemom-hires-1.jpg",
        "performance_score": 0,
        "domain_rank": 11658,
        "domain_rank_updated": "2024-04-16T13:07:52.000+03:00",
        "reach": null,
        "social": {
            "facebook": {
                "likes": 0,
                "comments": 0,
                "shares": 0
            },
            "gplus": {
                "shares": 0
            },
            "pinterest": {
                "shares": 0
            },
            "linkedin": {
                "shares": 0
            },
            "stumbledupon": {
                "shares": 0
            },
            "vk": {
                "shares": 0
            }
        }
    },
    "uuid": "c7ad7756b9ba765409be7697fde06086fa1e85a3",
    "url": "https://jewishjournal.com/culture/arts/books/370539/dr-nicole-saphier-reflects-on-motherhood-and-jewish-advocacy",
    "ord_in_thread": 0,
    "parent_url": null,
    "author": "Kylie Ora Lobell",
    "published": "2024-04-18T22:07:00.000+03:00",
    "title": "Dr. Nicole Saphier Reflects on Motherhood and Jewish Advocacy",
    "text": "Dr. Nicole Saphier was just 17 years old when she discovered she was pregnant. Along with the mix of emotions that brought, she also faced naysayers who told her she’d have to give up her dream of being a doctor to take care of her baby.\nFast forward decades later, and Saphier has proved them wrong. Not only is she a proud mother of her son, but she is also a FOX News medical contributor who works as an associate professor in radiology at Memorial Sloan Kettering Cancer Center and Weill Cornell Medical College.\nJust in time for Mother’s Day, Saphier has put out a new book called, “Love, Mom: Inspiring Stories Celebrating Motherhood,” which includes stories about motherhood from the doctor herself, along with co-host of “FOX & Friends Weekend” Rachel Campos-Duffy, who discusses raising nine children; bestselling author Janice Dean, who talks about the difficulty in navigating miscarriage; and FOX host Martha MacCallum, who highlights balancing work and motherhood and the importance of being kind to yourself.\nThe Journal caught up with Saphier, now a mother of three, who is married to Dr. Paul Saphier, a brain surgeon. She talked about “Love, Mom,” overcoming life’s obstacles and advocating for the Jewish community.\nAnswers have been edited for clarity and length.\nJewish Journal: Why is your book important?\nNicole Saphier: Motherhood is an incredible journey marked by love, sacrifice and resilience. The role of a mother extends far beyond biological ties, encompassing emotional support, nurturing and guidance. Sharing stories of motherhood, particularly ones that recount obstacles overcome, can offer invaluable support and solidarity to mothers everywhere. These narratives inspire hope, foster empathy and provide a sense of community, reminding mothers that they are not alone in their challenges and that their experiences are both valid and shared.\nJJ: What do you hope people get out of it?\nNS: As a teen mother, I faced numerous challenges and uncertainties, but through perseverance and determination, I’ve crafted a life filled with love, success and joy. Despite the initial obstacles, I’ve grown personally and professionally, proving that with resilience and support, even the most daunting circumstances can be overcome. My story is a testament to the strength of the human spirit and the boundless possibilities that await those who choose to embrace life’s challenges with courage and optimism.\nJJ: How has your life changed since Oct. 7?\nNS: Since Oct. 7, like many, my life has been marked by change and emotional upheaval. One major shift was my nephew’s departure to rejoin the IDF, a decision that filled our family with both pride and concern. Additionally, the loss of friends who do not support Israel has been challenging, prompting me to reassess relationships and focus more attention on those who share my values and beliefs. These events have deepened my sense of connection to my family and reinforced the importance of standing firm in my convictions, even in the face of personal loss and adversity.\nJJ: How do you advocate for the Jewish community?\nNS: As a FOX News contributor, I leverage my public platform to advocate for the Jewish community, utilizing my voice to raise awareness about issues affecting Jewish people worldwide. Through my professional services, I maintain a special relationship with the Orthodox community, providing tailored support and guidance that respects their traditions and values. Following the Oct. 7 atrocity, I put together a community event for Jews and non-Jews to gather while I hosted a fireside chat with Lizzy Savetsky, a public pro-Israel voice.\nJJ: Is there anything else you’d like to add?\nNS: Family is everything; they are the anchor in life’s storms, the source of unconditional love, and the constant support that sustains us through every triumph and challenge. Unfortunately, it seems much of the world is losing sight of the importance of family. I put together this collection of motherhood stories to remind people to cherish their family because in their embrace, we find solace and the true essence of what it means to be cherished and valued.",
    "highlightText": "",
    "highlightTitle": "",
    "highlightThreadTitle": "",
    "language": "english",
    "sentiment": "positive",
    "categories": [
        "Religion and Belief",
        "Human Interest"
    ],
    "external_links": [
        "http://www.amazon.com/exec/obidos/ASIN/0063325659",
        "http://amazon.com/exec/obidos/ASIN/0063325659"
    ],
    "external_images": [],
    "entities": {
        "persons": [
            {
                "name": "nicole saphier",
                "sentiment": "negative"
            },
            {
                "name": "martha maccallum",
                "sentiment": "none"
            },
            {
                "name": "janice dean",
                "sentiment": "none"
            },
            {
                "name": "saphier",
                "sentiment": "none"
            },
            {
                "name": "rachel campos-duffy",
                "sentiment": "none"
            }
        ],
        "organizations": [
            {
                "name": "journal",
                "sentiment": "none"
            },
            {
                "name": "memorial sloan kettering cancer center",
                "sentiment": "none"
            },
            {
                "name": "weill cornell medical college",
                "sentiment": "none"
            },
            {
                "name": "fox",
                "sentiment": "none"
            }
        ],
        "locations": []
    },
    "rating": null,
    "crawled": "2024-04-19T00:13:37.795+03:00",
    "updated": "2024-04-19T00:13:37.795+03:00"
}