{
    "thread": {
        "uuid": "bfc1211458467522b04a99bed1b37e5cef90f13b",
        "url": "https://celebrity.nine.com.au/latest/rita-moreno-reveals-how-she-met-lenny-kravitz/c0fb8bc4-e656-449c-8f1f-ede9439a2673",
        "site_full": "celebrity.nine.com.au",
        "site": "nine.com.au",
        "site_section": "https://celebrity.nine.com.au/rss",
        "site_categories": [
            "television",
            "entertainment"
        ],
        "section_title": "Celebrity entertainment news, gossip and photos on 9Honey Celebrity",
        "title": "Rita Moreno reveals the 'astonishing' moment she met Lenny Kravitz",
        "title_full": "Rita Moreno reveals the 'astonishing' moment she met Lenny Kravitz - 9Celebrity",
        "published": "2024-04-19T00:20:00.000+03:00",
        "replies_count": 0,
        "participants_count": 1,
        "site_type": "news",
        "country": "AU",
        "main_image": "https://imageresizer.static9.net.au/152m5tf6S-8r2jKlaOYNs1nsz4c=/1200x628/smart/https%3A%2F%2Fprod.static9.net.au%2Ffs%2Fefc2054a-6e63-46fd-82bb-9042eaa79cec",
        "performance_score": 0,
        "domain_rank": 6046,
        "domain_rank_updated": "2024-04-16T13:07:52.000+03:00",
        "reach": null,
        "social": {
            "facebook": {
                "likes": 0,
                "comments": 0,
                "shares": 9
            },
            "gplus": {
                "shares": 0
            },
            "pinterest": {
                "shares": 0
            },
            "linkedin": {
                "shares": 0
            },
            "stumbledupon": {
                "shares": 0
            },
            "vk": {
                "shares": 0
            }
        }
    },
    "uuid": "bfc1211458467522b04a99bed1b37e5cef90f13b",
    "url": "https://celebrity.nine.com.au/latest/rita-moreno-reveals-how-she-met-lenny-kravitz/c0fb8bc4-e656-449c-8f1f-ede9439a2673",
    "ord_in_thread": 0,
    "parent_url": null,
    "author": "9Honey Celebrity with CNN",
    "published": "2024-04-19T00:20:00.000+03:00",
    "title": "Rita Moreno reveals the 'astonishing' moment she met Lenny Kravitz",
    "text": "Rita Moreno is a legend, but that doesn't stop her from introducing herself to those she admires. The EGOT (Emmy, Grammy, Oscar and Tony) winner shared just one such story on The Jennifer Hudson Show Thursday (US time). Moreno talked about attending this year's Academy Awards and afterwards the Vanity Fair party . She told Hudson that she doesn't get out much, but when she does she likes to do it up big. Watch the video above. READ MORE: Why Tom Selleck took a three-year break from acting Since she's a widow (her husband of 45 years Leonard Gordon passed away in 2010), Moreno said her date is often her daughter, Fernanda Luisa Gordon. She says she and Fernanda were attending the event together when she spotted rocker Lenny Kravitz at the party. READ MORE: Paul McCartney and John Lennon's sons release single together \"I said 'Let's go say hello,'\" Moreno recalled. \"She said 'Do you know him?' I said 'No,' but it's a party and he was all alone.\" The triple-threat singer, dancer and actress wasn't prepared for what happened next. \"I went to him and I said, 'Hello, I'm Rita Moreno' and at that point - you're not going to believe this - he fell to the floor and he got on his knees and he just went on and on and on about how much he's admired me all these years and all that kind of stuff,\" she said. READ MORE: Chris Hemsworth shares photos from sweet getaway with daughter \"But you know I nearly peed my britches.\" Moreno said she absolutely did not keep her cool and was \"astonished.\" In 1962, Moreno became the first Latina to win an Oscar when she when the Academy Award for supporting actress for her performance in the film version of the Broadway musical West Side Story. For a daily dose of 9Honey, subscribe to our newsletter here FOLLOW US ON WHATSAPP HERE : Stay across all the latest in celebrity, lifestyle and opinion via our WhatsApp channel. No comments, no algorithm and nobody can see your private details.",
    "highlightText": "",
    "highlightTitle": "",
    "highlightThreadTitle": "",
    "language": "english",
    "sentiment": "positive",
    "categories": [
        "Human Interest",
        "Arts, Culture and Entertainment"
    ],
    "external_links": [
        "https://imageresizer.static9.net.au/eiT7EcRIfhNXgPiK_6NLfD4V6cE=/0x0:1395x785/636x358/https%3A%2F%2Fprod.static9.net.au%2Ffs%2Fc250d42f-6f56-484a-ac91-510570ff3c33",
        "https://imageresizer.static9.net.au/gP1AeUZGX6cNyKBQn9aMX9yQhCk=/0x0:1395x785/792x446/https%3A%2F%2Fprod.static9.net.au%2Ffs%2Fc250d42f-6f56-484a-ac91-510570ff3c33",
        "https://imageresizer.static9.net.au/zWbz6rvCzNwzvC0oxa7TbyRClL8=/636x0/https%3A%2F%2Fprod.static9.net.au%2Ffs%2Fefc2054a-6e63-46fd-82bb-9042eaa79cec",
        "https://www.imageresizer.static9.net.au/pQ9SVpD9r6WqarICBxUr-FS90Aw=/0x0:1395x785/396x223/https%3A%2F%2Fprod.static9.net.au%2Ffs%2Fc250d42f-6f56-484a-ac91-510570ff3c33",
        "https://imageresizer.static9.net.au/g8X244lxlhSYQ9yDBSb7k9vyWm4=/792x0/https%3A%2F%2Fprod.static9.net.au%2Ffs%2Fefc2054a-6e63-46fd-82bb-9042eaa79cec",
        "https://www.imageresizer.static9.net.au/zWbz6rvCzNwzvC0oxa7TbyRClL8=/636x0/https%3A%2F%2Fprod.static9.net.au%2Ffs%2Fefc2054a-6e63-46fd-82bb-9042eaa79cec",
        "https://imageresizer.static9.net.au/tsygNAmSmlH6ZayV9NMaERBKCgs=/0x475:3333x2974/792x0/https%3A%2F%2Fprod.static9.net.au%2Ffs%2F462fc077-e9b0-4439-8089-0074bb389181",
        "https://www.imageresizer.static9.net.au/XcHa-f6vnu37HWH-iF90iIIoE34=/0x475:3333x2974/636x0/https%3A%2F%2Fprod.static9.net.au%2Ffs%2F462fc077-e9b0-4439-8089-0074bb389181",
        "http://www.youtube.com/watch?v=C4clDvJRqlQ",
        "https://www.imageresizer.static9.net.au/V5--4g84n8xGLPFahOpoaRdZ4qw=/396x0/https%3A%2F%2Fprod.static9.net.au%2Ffs%2Fefc2054a-6e63-46fd-82bb-9042eaa79cec",
        "https://imageresizer.static9.net.au/UGnlAEa-TK7_Ng9YfKaGlFvvyJw=/0x0:1395x785/1274x717/https%3A%2F%2Fprod.static9.net.au%2Ffs%2Fc250d42f-6f56-484a-ac91-510570ff3c33",
        "https://www.imageresizer.static9.net.au/UGnlAEa-TK7_Ng9YfKaGlFvvyJw=/0x0:1395x785/1274x717/https%3A%2F%2Fprod.static9.net.au%2Ffs%2Fc250d42f-6f56-484a-ac91-510570ff3c33",
        "https://imageresizer.static9.net.au/qyWUNMo98-Oa_7OLOuJexQ5LetI=/0x475:3333x2974/396x0/https%3A%2F%2Fprod.static9.net.au%2Ffs%2F462fc077-e9b0-4439-8089-0074bb389181",
        "https://imageresizer.static9.net.au/XcHa-f6vnu37HWH-iF90iIIoE34=/0x475:3333x2974/636x0/https%3A%2F%2Fprod.static9.net.au%2Ffs%2F462fc077-e9b0-4439-8089-0074bb389181",
        "http://www.youtube.com/watch",
        "https://www.imageresizer.static9.net.au/gP1AeUZGX6cNyKBQn9aMX9yQhCk=/0x0:1395x785/792x446/https%3A%2F%2Fprod.static9.net.au%2Ffs%2Fc250d42f-6f56-484a-ac91-510570ff3c33",
        "https://imageresizer.static9.net.au/s2PYZqQNN_n94uLAnV_uwgkfNac=/0x475:3333x2974/1274x0/https%3A%2F%2Fprod.static9.net.au%2Ffs%2F462fc077-e9b0-4439-8089-0074bb389181",
        "https://imageresizer.static9.net.au/2kQfqzVB4lXdtU-QeMKViLFm3Qo=/1274x0/https%3A%2F%2Fprod.static9.net.au%2Ffs%2Fefc2054a-6e63-46fd-82bb-9042eaa79cec",
        "https://imageresizer.static9.net.au/V5--4g84n8xGLPFahOpoaRdZ4qw=/396x0/https%3A%2F%2Fprod.static9.net.au%2Ffs%2Fefc2054a-6e63-46fd-82bb-9042eaa79cec",
        "https://www.imageresizer.static9.net.au/tsygNAmSmlH6ZayV9NMaERBKCgs=/0x475:3333x2974/792x0/https%3A%2F%2Fprod.static9.net.au%2Ffs%2F462fc077-e9b0-4439-8089-0074bb389181",
        "https://www.imageresizer.static9.net.au/eiT7EcRIfhNXgPiK_6NLfD4V6cE=/0x0:1395x785/636x358/https%3A%2F%2Fprod.static9.net.au%2Ffs%2Fc250d42f-6f56-484a-ac91-510570ff3c33",
        "https://www.imageresizer.static9.net.au/s2PYZqQNN_n94uLAnV_uwgkfNac=/0x475:3333x2974/1274x0/https%3A%2F%2Fprod.static9.net.au%2Ffs%2F462fc077-e9b0-4439-8089-0074bb389181",
        "https://www.imageresizer.static9.net.au/2kQfqzVB4lXdtU-QeMKViLFm3Qo=/1274x0/https%3A%2F%2Fprod.static9.net.au%2Ffs%2Fefc2054a-6e63-46fd-82bb-9042eaa79cec",
        "http://youtube.com/watch?v=C4clDvJRqlQ",
        "https://www.imageresizer.static9.net.au/g8X244lxlhSYQ9yDBSb7k9vyWm4=/792x0/https%3A%2F%2Fprod.static9.net.au%2Ffs%2Fefc2054a-6e63-46fd-82bb-9042eaa79cec",
        "https://www.imageresizer.static9.net.au/qyWUNMo98-Oa_7OLOuJexQ5LetI=/0x475:3333x2974/396x0/https%3A%2F%2Fprod.static9.net.au%2Ffs%2F462fc077-e9b0-4439-8089-0074bb389181",
        "https://imageresizer.static9.net.au/pQ9SVpD9r6WqarICBxUr-FS90Aw=/0x0:1395x785/396x223/https%3A%2F%2Fprod.static9.net.au%2Ffs%2Fc250d42f-6f56-484a-ac91-510570ff3c33"
    ],
    "external_images": [],
    "entities": {
        "persons": [
            {
                "name": "rita moreno",
                "sentiment": "neutral"
            },
            {
                "name": "lenny kravitz rita moreno",
                "sentiment": "neutral"
            },
            {
                "name": "moreno",
                "sentiment": "none"
            },
            {
                "name": "tony",
                "sentiment": "none"
            },
            {
                "name": "tom selleck",
                "sentiment": "none"
            },
            {
                "name": "lenny kravitz",
                "sentiment": "none"
            },
            {
                "name": "leonard gordon",
                "sentiment": "none"
            },
            {
                "name": "hudson",
                "sentiment": "none"
            },
            {
                "name": "fernanda luisa gordon",
                "sentiment": "none"
            },
            {
                "name": "fernanda",
                "sentiment": "none"
            },
            {
                "name": "oscar",
                "sentiment": "none"
            },
            {
                "name": "jennifer hudson",
                "sentiment": "none"
            }
        ],
        "organizations": [
            {
                "name": "vanity fair oscar party",
                "sentiment": "none"
            },
            {
                "name": "vanity fair",
                "sentiment": "none"
            },
            {
                "name": "vanity fair after party",
                "sentiment": "none"
            }
        ],
        "locations": [
            {
                "name": "us",
                "sentiment": "none"
            }
        ]
    },
    "rating": null,
    "crawled": "2024-04-19T00:41:50.438+03:00",
    "updated": "2024-04-19T01:30:46.385+03:00"
}