{
    "thread": {
        "uuid": "5bf5c47552d4f1c31a71496bc496550e45dca301",
        "url": "https://www.walb.com/2024/04/18/taylor-swift-confirms-fortnight-with-post-malone-will-be-first-single-new-album",
        "site_full": "www.walb.com",
        "site": "walb.com",
        "site_section": "https://electricpower.einnews.com:443/live_feed",
        "site_categories": [
            "media"
        ],
        "section_title": "Live Feed Wire - Electric Power News Today - EIN Presswire",
        "title": "Taylor Swift confirms ‘Fortnight’ with Post Malone will be first single from new album",
        "title_full": "Taylor Swift confirms ‘Fortnight’ with Post Malone will be first single from new album",
        "published": "2024-04-18T03:00:00.000+03:00",
        "replies_count": 0,
        "participants_count": 1,
        "site_type": "news",
        "country": "US",
        "main_image": "https://gray-walb-prod.cdn.arcpublishing.com/resizer/v2/LJFGIA5IVNFC3H5RM7RZOLW76A.png?auth=4c82b0fe33bfa1b6cab7ccfda35d518187d2ca9b45e85044844e0a7f8d681e2c&amp;width=1200&amp;height=600&amp;smart=true",
        "performance_score": 0,
        "domain_rank": 23469,
        "domain_rank_updated": "2024-04-16T13:07:52.000+03:00",
        "reach": null,
        "social": {
            "facebook": {
                "likes": 0,
                "comments": 0,
                "shares": 0
            },
            "gplus": {
                "shares": 0
            },
            "pinterest": {
                "shares": 0
            },
            "linkedin": {
                "shares": 0
            },
            "stumbledupon": {
                "shares": 0
            },
            "vk": {
                "shares": 0
            }
        }
    },
    "uuid": "5bf5c47552d4f1c31a71496bc496550e45dca301",
    "url": "https://www.walb.com/2024/04/18/taylor-swift-confirms-fortnight-with-post-malone-will-be-first-single-new-album",
    "ord_in_thread": 0,
    "parent_url": null,
    "author": "Emily Van de Riet",
    "published": "2024-04-18T03:00:00.000+03:00",
    "title": "Taylor Swift confirms ‘Fortnight’ with Post Malone will be first single from new album",
    "text": "(Gray News) – Taylor Swift confirmed that the first single from her new album “The Tortured Poets Department” will be her collaboration with Post Malone titled “Fortnight.” In an Instagram post Thursday afternoon, Swift announced the single, saying that she has “been such a huge fan of Post because of the writer he is, his musical experimentation and those melodies he creates that just stick in your head forever.” She continued, “I got to witness that magic come to life firsthand when we worked together on ‘Fortnight.’” “Fortnight” is listed as track No. 1 on “The Tortured Poets Department.” Swift also announced that the music video for “Fortnight” will premiere Friday at 8 p.m. ET. Fans will be able to hear the song for the first time when the entirety of “The Tortured Poets Department” releases Friday at 12 a.m. ET. Swift did not release any songs on the album prior to its release, leaving fans guessing what the new music will sound like. The highly anticipated “The Tortured Poets Department” is Swift’s eleventh studio album. Copyright 2024 Gray Media Group, Inc. All rights reserved.",
    "highlightText": "",
    "highlightTitle": "",
    "highlightThreadTitle": "",
    "language": "english",
    "sentiment": "positive",
    "categories": [
        "Human Interest",
        "Arts, Culture and Entertainment",
        "Lifestyle and Leisure"
    ],
    "external_links": [
        "https://www.instagram.com/taylorswift/p/C56Ygykuqsr/",
        "https://instagram.com/taylorswift/p/C56Ygykuqsr/",
        "https://www.instagram.com/taylorswift/p/C56Ygykuqsr"
    ],
    "external_images": [],
    "entities": {
        "persons": [
            {
                "name": "malone",
                "sentiment": "negative"
            },
            {
                "name": "taylor swift",
                "sentiment": "negative"
            },
            {
                "name": "swift",
                "sentiment": "none"
            }
        ],
        "organizations": [
            {
                "name": "gray media group, inc",
                "sentiment": "none"
            }
        ],
        "locations": []
    },
    "rating": null,
    "crawled": "2024-04-19T00:04:17.630+03:00",
    "updated": "2024-04-19T00:04:17.630+03:00"
}