{
    "thread": {
        "uuid": "bcc59152a008d7149d8ffe6c62d585bdf4abf321",
        "url": "https://thenerdstash.com/taylor-swift-and-travis-kelce-red-carpet-debut-expected-at-met-gala",
        "site_full": "thenerdstash.com",
        "site": "thenerdstash.com",
        "site_section": "https://thenerdstash.com/rss",
        "site_categories": [
            "entertainment"
        ],
        "section_title": "The Nerd Stash",
        "title": "Taylor Swift and Travis Kelce Red Carpet Debut Expected at Met Gala",
        "title_full": "Taylor Swift and Travis Kelce Red Carpet Debut Expected at Met Gala",
        "published": "2024-04-18T23:30:00.000+03:00",
        "replies_count": 0,
        "participants_count": 1,
        "site_type": "news",
        "country": "US",
        "main_image": "https://media.thenerdstash.com/wp-content/uploads/2024/04/travis-kelce-taylor-swift.jpg",
        "performance_score": 0,
        "domain_rank": 68257,
        "domain_rank_updated": "2024-04-16T13:07:56.000+03:00",
        "reach": null,
        "social": {
            "facebook": {
                "likes": 0,
                "comments": 0,
                "shares": 0
            },
            "gplus": {
                "shares": 0
            },
            "pinterest": {
                "shares": 0
            },
            "linkedin": {
                "shares": 0
            },
            "stumbledupon": {
                "shares": 0
            },
            "vk": {
                "shares": 0
            }
        }
    },
    "uuid": "bcc59152a008d7149d8ffe6c62d585bdf4abf321",
    "url": "https://thenerdstash.com/taylor-swift-and-travis-kelce-red-carpet-debut-expected-at-met-gala",
    "ord_in_thread": 0,
    "parent_url": null,
    "author": "Amanda Lynne",
    "published": "2024-04-18T23:30:00.000+03:00",
    "title": "Taylor Swift and Travis Kelce Red Carpet Debut Expected at Met Gala",
    "text": "Taylor Swift and her\nboyfriend, Travis Kelce, haven’t been trying to hide their relationship. The singer and the Kansas City Chiefs football player have been seen in public on several occasions. The duo have taken their love and showed off some PDA at many different locations. Whether they’re on the football field, celebrating with friends, having dinner, or enjoying a romantic vacation. Swift and Kelce have no problem showing their love for one another. They were most recently spotted dancing and laughing at Coachella. However, they may be ready to make their official red carpet debut at the upcoming Met Gala.\nAccording to\nThe Sun, Swift and Kelce are on the guest list for the 2024 Meta Gala. The social event is a who’s who of fashion and fame. Over the years, several A-list celebrities have been invited to the ball. This year, the singer and the athlete would certainly steal the show if they were to attend.\nWill Taylor Swift and Travis Kelce Attend the Met Gala?\nThe event is set to take place on May 6, just three days before Taylor Swift is scheduled to head back on tour. Meanwhile,\nTravis Kelce’s schedule is open until July, when he’s required to head back to the NFL for training camp. Of course, fans are dying to know if the couple will be appearing at the event, and are hoping to see them dressed to the nines on the red carpet.\n“Taylor and Travis at Coachella??? We are so close to seeing them in Met Gala OMG,” one fan wrote via Twitter. “I have absolutely convinced myself that Taylor and Travis are going to the Met Gala together and I refuse to be wrong about it,” another comment read.\nMeanwhile,\nTaylor Swift and Travis Kelce have been enjoying their downtime together. It seems that they’re trying to spend as much quality time together as possible before their careers pull them apart again. Because of this, they may opt to skip the Met Gala in favor of alone time. However, fans are hopeful that they’ll attend and completely steal the spotlight.",
    "highlightText": "",
    "highlightTitle": "",
    "highlightThreadTitle": "",
    "language": "english",
    "sentiment": "positive",
    "categories": [
        "Lifestyle and Leisure",
        "Arts, Culture and Entertainment",
        "Human Interest"
    ],
    "external_links": [
        "https://www.the-sun.com/entertainment/11110729/taylor-swift-travis-kelce-met-gala-plans-invitation/",
        "https://www.the-sun.com/entertainment/11110729/taylor-swift-travis-kelce-met-gala-plans-invitation",
        "https://the-sun.com/entertainment/11110729/taylor-swift-travis-kelce-met-gala-plans-invitation/"
    ],
    "external_images": [],
    "entities": {
        "persons": [
            {
                "name": "taylor swift",
                "sentiment": "negative"
            },
            {
                "name": "travis kelce",
                "sentiment": "negative"
            },
            {
                "name": "kelce",
                "sentiment": "none"
            },
            {
                "name": "swift",
                "sentiment": "none"
            }
        ],
        "organizations": [
            {
                "name": "kansas city chiefs",
                "sentiment": "none"
            }
        ],
        "locations": [
            {
                "name": "coachella",
                "sentiment": "none"
            }
        ]
    },
    "rating": null,
    "crawled": "2024-04-19T00:02:51.639+03:00",
    "updated": "2024-04-19T00:02:51.639+03:00"
}