{
    "thread": {
        "uuid": "d65be1cecfa63d8d77c3311f44f82845f956318f",
        "url": "https://www.cbsnews.com/philadelphia/news/joe-biden-in-philadelphia-wawa",
        "site_full": "www.cbsnews.com",
        "site": "cbsnews.com",
        "site_section": "https://philadelphia.cbslocal.com/category/aapi-month/",
        "site_categories": [
            "media",
            "television",
            "entertainment",
            "top_news"
        ],
        "section_title": "            AAPI Month news - Today&rsquo;s latest updates  - CBS Philadelphia\n",
        "title": "President Joe Biden stops at Wawa in Philadelphia with Mayor Cherelle Parker - CBS Philadelphia",
        "title_full": "President Joe Biden stops at Wawa in Philadelphia with Mayor Cherelle Parker - CBS Philadelphia",
        "published": "2024-04-18T03:00:00.000+03:00",
        "replies_count": 0,
        "participants_count": 1,
        "site_type": "news",
        "country": "US",
        "main_image": "https://assets2.cbsnewsstatic.com/hub/i/r/2024/04/18/c76aa45b-db9b-4afe-bfc3-2953a9fee085/thumbnail/1200x630/bc05a5db1082099eb227cd86a0a673ab/16sotvo-biden-at-wawa-transfer-frame-481.jpg?v=55c0f85ebcd2b956528d9c6f5a7e8871",
        "performance_score": 0,
        "domain_rank": 189,
        "domain_rank_updated": "2024-04-16T13:07:52.000+03:00",
        "reach": null,
        "social": {
            "facebook": {
                "likes": 0,
                "comments": 0,
                "shares": 0
            },
            "gplus": {
                "shares": 0
            },
            "pinterest": {
                "shares": 0
            },
            "linkedin": {
                "shares": 0
            },
            "stumbledupon": {
                "shares": 0
            },
            "vk": {
                "shares": 0
            }
        }
    },
    "uuid": "d65be1cecfa63d8d77c3311f44f82845f956318f",
    "url": "https://www.cbsnews.com/philadelphia/news/joe-biden-in-philadelphia-wawa",
    "ord_in_thread": 0,
    "parent_url": null,
    "author": "CBS News",
    "published": "2024-04-18T03:00:00.000+03:00",
    "title": "President Joe Biden stops at Wawa in Philadelphia with Mayor Cherelle Parker - CBS Philadelphia",
    "text": "PHILADELPHIA (CBS) -- President Joe Biden stopped at Wawa on Thursday during his Philadelphia visit to campaign for the 2024 presidential election.\nBiden stopped at the Wawa in Center City near Independence Hall with Philadelphia Mayor Cherelle Parker .\nBiden ordered a classic-size Italian hoagie with American cheese and a black-white milkshake from the Delaware County-based convenience store that recently celebrated its 60th anniversary.\nParker opted for the more nutritional option and ordered a yogurt.\nThe trip to Philly marked Biden's third stop in Pennsylvania this week as he prepares for a rematch against former President Donald Trump in the 2024 general election.\nDuring the Philly trip, more than a dozen members of Robert F. Kennedy Jr.'s family , including six of his siblings, endorsed Biden for president as he pursues Biden's job as an independent.\nThe visit to Philly also marked the fourth time Biden was in the Philadelphia area in 2024.\nEarlier this week, Biden went to his birthplace in Scranton, Pennsylvania, and discussed the economy and proposed higher taxes for the wealth at the Carpenters Training Center.\nOn Wednesday, Biden was on the western side of the Commonwealth in Pittsburgh , where he visited the headquarters of the United Steelworkers Union. During the visit, he pledged that U.S. Steel would remain an American company and took aim at Trump.\nBiden also stopped by Sheetz , a convenience store with headquarters in Altoona, Pennsylvania, with Pittsburgh-area leaders and bought sandwiches for construction workers.",
    "highlightText": "",
    "highlightTitle": "",
    "highlightThreadTitle": "",
    "language": "english",
    "sentiment": "positive",
    "categories": [
        "Politics",
        "Human Interest"
    ],
    "external_links": [],
    "external_images": [],
    "entities": {
        "persons": [
            {
                "name": "joe biden",
                "sentiment": "negative"
            },
            {
                "name": "cherelle parker",
                "sentiment": "negative"
            },
            {
                "name": "donald trump",
                "sentiment": "none"
            },
            {
                "name": "biden",
                "sentiment": "none"
            },
            {
                "name": "parker",
                "sentiment": "none"
            },
            {
                "name": "robert f. kennedy jr.",
                "sentiment": "none"
            }
        ],
        "organizations": [
            {
                "name": "cbs",
                "sentiment": "negative"
            }
        ],
        "locations": [
            {
                "name": "philadelphia philadelphia",
                "sentiment": "none"
            },
            {
                "name": "wawa",
                "sentiment": "none"
            },
            {
                "name": "philadelphia",
                "sentiment": "none"
            },
            {
                "name": "wawa in center city",
                "sentiment": "none"
            },
            {
                "name": "philly",
                "sentiment": "none"
            },
            {
                "name": "independence hall",
                "sentiment": "none"
            },
            {
                "name": "scranton",
                "sentiment": "none"
            },
            {
                "name": "delaware",
                "sentiment": "none"
            },
            {
                "name": "pennsylvania",
                "sentiment": "none"
            }
        ]
    },
    "rating": null,
    "crawled": "2024-04-19T00:41:49.141+03:00",
    "updated": "2024-04-19T08:53:16.102+03:00"
}