{
    "thread": {
        "uuid": "f80422f32b8913c35077992095efd78d64692590",
        "url": "https://elintransigente.com/2024/04/siempre-juntos-guillermina-valdes-y-marcelo-tinelli-se-unieron-para-celebrar",
        "site_full": "elintransigente.com",
        "site": "elintransigente.com",
        "site_section": "https://elintransigente.com/feed/",
        "site_categories": [
            "media",
            "top_news"
        ],
        "section_title": "El Intransigente",
        "title": "«Siempre juntos»: Guillermina Valdés y Marcelo Tinelli se unieron para celebrar",
        "title_full": "«Siempre juntos»: Guillermina Valdés y Marcelo Tinelli se unieron para celebrar",
        "published": "2024-04-18T23:55:00.000+03:00",
        "replies_count": 0,
        "participants_count": 1,
        "site_type": "news",
        "country": "AR",
        "main_image": "https://elintransigente.com/wp-content/uploads/2021/01/Guillermina-Valdes-y-Marcelo-Tinelli.jpg",
        "performance_score": 0,
        "domain_rank": 80797,
        "domain_rank_updated": "2024-04-16T13:08:05.000+03:00",
        "reach": null,
        "social": {
            "facebook": {
                "likes": 0,
                "comments": 0,
                "shares": 0
            },
            "gplus": {
                "shares": 0
            },
            "pinterest": {
                "shares": 0
            },
            "linkedin": {
                "shares": 0
            },
            "stumbledupon": {
                "shares": 0
            },
            "vk": {
                "shares": 0
            }
        }
    },
    "uuid": "f80422f32b8913c35077992095efd78d64692590",
    "url": "https://elintransigente.com/2024/04/siempre-juntos-guillermina-valdes-y-marcelo-tinelli-se-unieron-para-celebrar",
    "ord_in_thread": 0,
    "parent_url": null,
    "author": "Noelia Forte",
    "published": "2024-04-18T23:55:00.000+03:00",
    "title": "«Siempre juntos»: Guillermina Valdés y Marcelo Tinelli se unieron para celebrar",
    "text": "Guillermina Valdés y Marcelo Tinelli se unieron en las redes sociales frente a una jornada especial. Resulta que los famosos le dejaron mensajes cariñosos a Lolo, el hijo que tienen en común, ya que el pequeño está celebrando sus diez años de vida rodeado de la gente que lo quiere.\nEn primer lugar, Tinelli compartió una serie de imágenes que reflejan su relación cercana con Lorenzo y escribió unas palabras al respecto: «Feliz cumple Lolito de mi vida, hijo tan amado. Felices 10 años mi amor. Hacés que cada día de mi vida sea inmensamente luminoso».\n«Estoy orgulloso de vos. Mi pequeño, mi gigante. TE AMO POR SIEMPRE. POR UNA VIDA SIEMPRE JUNTOS», agregó el integrante de América TV. Por su parte, Guillermina Valdés hizo una publicación similar y compartió una suerte de homenaje a su hijo menor.\n«Cumple 10 el cuarto regalo a mi 1.arrancamos desayuno con @_danteortega_ 2.Logra que Palo acepte mimos (arisca) 3.La madre olvidando la vela indicada\n4 y 10. Con Hele hace tiempo Luego, vídeos varios: El del ‘optimismo’ era un deber a entregar en época de confinamiento», dijo la actriz y explicó cada unas de las imágenes que subió a su cuenta de Instagram.\n¿Alejada de la familia?\nLa ausencia de Guillermina Valdés en la boda de Cande Tinelli trajo a colación rumores de «mala onda» entre las partes y la misma Candelaria confirmó que prefirió no invitar a la mamá de su hermano menor. «Si la invitaba lo que correspondía es que vaya con Furriel», manifestaron en\n«Socios del espectáculo».\n«Era algo bastante incómodo porque es una separación… no tienen diez años separados. Yo no sé si Marcelo está tan preparado para encontrarse de esa manera, en lo inmediato…«, aclaró posteriormente para finalizar con el tópico.",
    "highlightText": "",
    "highlightTitle": "",
    "highlightThreadTitle": "",
    "language": "spanish",
    "sentiment": "positive",
    "categories": [
        "Human Interest",
        "Lifestyle and Leisure"
    ],
    "external_links": [
        "https://www.instagram.com/socioseltrece/",
        "https://instagram.com/socioseltrece/",
        "https://www.instagram.com/socioseltrece"
    ],
    "external_images": [],
    "entities": {
        "persons": [],
        "organizations": [],
        "locations": []
    },
    "rating": null,
    "crawled": "2024-04-19T00:12:13.695+03:00",
    "updated": "2024-04-19T00:12:13.695+03:00"
}