{
    "thread": {
        "uuid": "b933e6cc7bd07bb43c6c668107f9190ae38426a8",
        "url": "https://www.lansingstatejournal.com/story/news/local/education/2024/04/18/student-of-the-week-lansing-state-journal-braelyn-jackson-pointer-grand-ledge/73367638007",
        "site_full": "www.lansingstatejournal.com",
        "site": "lansingstatejournal.com",
        "site_section": "https://news.yahoo.com/us",
        "site_categories": [
            "media"
        ],
        "section_title": "US | Yahoo News - Latest News &amp; Headlines",
        "title": "Grand Ledge's Braelyn Jackson-Pointer is LSJ's 'Student of the Week'",
        "title_full": "Grand Ledge's Braelyn Jackson-Pointer is LSJ's 'Student of the Week'",
        "published": "2024-04-18T03:00:00.000+03:00",
        "replies_count": 0,
        "participants_count": 1,
        "site_type": "news",
        "country": "US",
        "main_image": "https://www.gannett-cdn.com/authoring/authoring-images/2024/02/05/PLSJ/72477689007-student-of-the-week-logo.png?auto=webp&crop=1066,601,x0,y145&format=pjpg&width=1200",
        "performance_score": 0,
        "domain_rank": 11582,
        "domain_rank_updated": "2024-04-16T13:07:52.000+03:00",
        "reach": null,
        "social": {
            "facebook": {
                "likes": 0,
                "comments": 0,
                "shares": 0
            },
            "gplus": {
                "shares": 0
            },
            "pinterest": {
                "shares": 0
            },
            "linkedin": {
                "shares": 0
            },
            "stumbledupon": {
                "shares": 0
            },
            "vk": {
                "shares": 0
            }
        }
    },
    "uuid": "b933e6cc7bd07bb43c6c668107f9190ae38426a8",
    "url": "https://www.lansingstatejournal.com/story/news/local/education/2024/04/18/student-of-the-week-lansing-state-journal-braelyn-jackson-pointer-grand-ledge/73367638007",
    "ord_in_thread": 0,
    "parent_url": null,
    "author": ", Lansing State Journal",
    "published": "2024-04-18T03:00:00.000+03:00",
    "title": "Grand Ledge's Braelyn Jackson-Pointer is LSJ's 'Student of the Week'",
    "text": "Grand Ledge's Braelyn Jackson-Pointer is this week's LSJ 'Student of the Week' School districts across the Lansing area nominated students to be recognized as high achievers in the Lansing State Journal. This week’s Student of the Week contest featured four high school students from Perry, DeWitt, Grand Ledge and Ionia. The next poll will be active Monday, April 22, at 7 a.m. Winner Braelyn Jackson-Pointer, Grand Ledge High School Braelyn demonstrates the definition of a passionate and informed student leader, Principal Ken Wright said. She is excelling in three advanced placement courses and is the co-editor-in-chief of the school paper. Braelyn pushes herself academically and strives to make a difference in her community and school environment. She is a founding leader of the school's Black Student Union. Other students nominated: Zenna Leitelt, Perry High School: Zenna is a senior at Perry High School and participates in an early college program, where she has all A's. She's the class president and member of the student council. She is co-captain of two varsity sports: volleyball and basketball. This spring, she's playing multiple sports, including soccer and throwing discus and shot for the first time. Kanin Thelen, DeWitt High School: Kanin is a senior at DeWitt High School. Her principal, Matt Dodson, describes her as an amazing singer and songwriter, and she will be embarking on a tour this summer across the U.S. She maintains high grades and is an part of the school's choir and musical theatre programs. Kanin will be attending the University of Michigan this fall. Max Fletcher, Ionia High School: Max is a senior at Ionia High School, and Principal Craig Bowen describes him as great student leader. Max maintains high grades and is a National Honor Society member. Max is enrolled in two college courses, two advanced placement courses, jazz and marching band and competes as an athlete in powerlifting, track and football. Max has a job at Walmart working 17-20 hours a week.",
    "highlightText": "",
    "highlightTitle": "",
    "highlightThreadTitle": "",
    "language": "english",
    "sentiment": "positive",
    "categories": [
        "Human Interest"
    ],
    "external_links": [],
    "external_images": [],
    "entities": {
        "persons": [
            {
                "name": "braelyn jackson",
                "sentiment": "negative"
            },
            {
                "name": "zenna leitelt",
                "sentiment": "none"
            },
            {
                "name": "perry",
                "sentiment": "none"
            },
            {
                "name": "dewitt",
                "sentiment": "none"
            },
            {
                "name": "zenna",
                "sentiment": "none"
            },
            {
                "name": "braelyn",
                "sentiment": "none"
            },
            {
                "name": "principal ken wright",
                "sentiment": "none"
            }
        ],
        "organizations": [
            {
                "name": "black student union",
                "sentiment": "none"
            },
            {
                "name": "perry high school",
                "sentiment": "none"
            },
            {
                "name": "grand ledge high school braelyn",
                "sentiment": "none"
            },
            {
                "name": "lansing state journal",
                "sentiment": "none"
            }
        ],
        "locations": [
            {
                "name": "lansing",
                "sentiment": "none"
            },
            {
                "name": "ionia",
                "sentiment": "none"
            },
            {
                "name": "grand ledge",
                "sentiment": "none"
            }
        ]
    },
    "rating": null,
    "crawled": "2024-04-19T00:25:50.532+03:00",
    "updated": "2024-04-19T03:13:50.576+03:00"
}