{
    "thread": {
        "uuid": "7d53459a88be6eeea60facd39d5c415ff9edaa5a",
        "url": "https://www.cuatro.com/firstdates/20240418/encuentra-macho-iberico-parezco-santiago-abascal_18_012263784.html",
        "site_full": "www.cuatro.com",
        "site": "cuatro.com",
        "site_section": "http://www.cuatro.com",
        "site_categories": [
            "hacking",
            "tech"
        ],
        "section_title": "Cuatro - Noticias de última hora, deportes, programas y series",
        "title": "Una soltera encuentra a su macho ibérico español en ‘First Dates’",
        "title_full": "Una soltera encuentra a su macho ibérico español en ‘First Dates’",
        "published": "2024-04-18T23:55:00.000+03:00",
        "replies_count": 0,
        "participants_count": 1,
        "site_type": "news",
        "country": "ES",
        "main_image": "https://album.mediaset.es/eimg/2024/04/18/una-soltera-encuentra-a-su-macho-iberico-espanol-en-first-dates-me-parezco-mucho-a-santiago-abascal_4483.jpg",
        "performance_score": 0,
        "domain_rank": 15712,
        "domain_rank_updated": "2024-04-16T13:07:52.000+03:00",
        "reach": null,
        "social": {
            "facebook": {
                "likes": 0,
                "comments": 0,
                "shares": 0
            },
            "gplus": {
                "shares": 0
            },
            "pinterest": {
                "shares": 0
            },
            "linkedin": {
                "shares": 0
            },
            "stumbledupon": {
                "shares": 0
            },
            "vk": {
                "shares": 0
            }
        }
    },
    "uuid": "7d53459a88be6eeea60facd39d5c415ff9edaa5a",
    "url": "https://www.cuatro.com/firstdates/20240418/encuentra-macho-iberico-parezco-santiago-abascal_18_012263784.html",
    "ord_in_thread": 0,
    "parent_url": null,
    "author": "First Dates",
    "published": "2024-04-18T23:55:00.000+03:00",
    "title": "Una soltera encuentra a su macho ibérico español en ‘First Dates’",
    "text": "Una soltera encuentra a su macho ibérico español en ‘First Dates’: “Tipo Santiago Abascal” Descubre cómo es el hombre de pelo en pecho que le gusta a Bea Luis, sobre Bea: “Creo que soy el empotrador que ella está buscando” Un soltero propone a su cita tener sexo en el baño de ‘First Dates’: “¿Vamos ahora?” Bea es muy patriota “me encanta mi país, lo adoro con locura y la bandera de España es un complemento imprescindible en mi vida”. Tiene valores muy tradicionales “mi hombre es mío y de nadie más” y le ha contado a Carlos Sobera nada más llegar a [‘First Dates’](https://www.cuatro.com/firstdates/20240417/enamora-cita-bailar-pegados-sergio-dalma_18_012251178.html) que a ella le gusta “el típico macho ibérico español”. El presentador le ha dicho que a él eso le sonaba a raza de lobo y ella ha matizado su argumentación “me gusta que tenga su pelito, que sea pijito… me gusta el producto español”. Carlos Sobera alucina con la definición de hombre de la soltera: “Parece una raza de zorro” MÁS [El desafortunado comentario de un soltero de ‘First Dates’: “Para saber si me gusta tendría que verla en bikini”](/firstdates/20240418/desafortunado-comentario-soltero-gustar-bikini_18_012263142.html#utm_source=apoyo_editorial_articulo) [Dos solteros de ‘First Dates’ descubren un pequeño detalle que les hace incompatibles: “Tenemos un problema”](/firstdates/20240418/solteros-descubren-detalle-hace-incompatibles_18_012262626.html#utm_source=apoyo_editorial_articulo) [Vicente, el soltero que desayunó con Bruce Lee, busca el amor en ‘First Dates’: “Tomamos unas tostadas”](/firstdates/20240418/vicente-desayuno-bruce-lee-busca-amor_18_012262402.html#utm_source=apoyo_editorial_articulo) Le ha preguntado por su referente visual y ella ha tenido claro que su prototipo es Santiago Abascal “es un macho, un hombre varonil”. Un prototipo que se lo ha puesto muy complicado a su [cita](https://www.cuatro.com/firstdates/20240417/pide-beso-despues-calabazas_18_012250906.html) y hasta Matías se ha quedado atento para ver si un macho ibérico cruzaba la puerta del restaurante. Luis, su cita, es un tipo al que le gusta vestir bien “mi camisa, mis zapatos, mi americana… me gusta ir bien elegante”. También le gusta comer bien y los domingos “fumarme mi puro y tomarme mi copita de whisky”. Está buscando a una chica que comparta sus valores, que sea familiar, tradicional, que le gusten los toros, que sea creyente… Al verle, Bea ha visto a un chico con muy buena percha “físicamente estupendo” y le ha encantado que tuviera el detalle de entrarle un regalito nada más verla. Ella a él, también le ha parecido atractiva y le ha gustado su forma de vestir. Bea y Luis tienen las mismas pasiones y aficiones: religión, toroso, fiestas populares… La cena ha comenzado hablando de la Semana Santa y Bea le ha explicado que ella era creyente, capillita y que era su semana preferida del año. Es costalera en 7 procesiones, incluida la de la Legión “El Cristo de la buena muerte”, en Málaga. También le ha hablado de las procesiones de las fiestas de su pueblo, de los toros… Y a él le ha encantado incluso, se ha imaginado a los dos viniendo a la Feria de San Isidro y teniendo un tardeo por Madrid. También han coincidido en su deseo de casarse por la iglesia y ella ha sentido que había encontrado a uno de los pocos hombres “con valores, que se visten por los pies”. También han hablado de política y al ver que Luis llevaba una pulsera de la bandera de España, ella lo ha tenido claro “Eso te dice que es la persona perfecta”. Luis no es de VOX, pero Bea siente que le puede convencer para que sí lo sea El soltero le ha contado que se había presentado a alcalde de su pueblo “estaba en Ciudadanos antes”, el joven comenzó en las nuevas generaciones del PP, pero de momento no milita en ningún partido. Eso sí, su amigo es concejal de VOX y no para de tirarle la caña. Bea, al saberlo, le ha dicho que su amigo tenía muy buen gusto y le ha contado que ella era militante del partido de Abascal “mi Santi me gusta mucho”. Al saberlo, Luis ha tenido la sensación de que él se parecía mucho al líder de VOX “en esa forma que tenemos los dos de liderar, en la forma en la que amamos lo nuestro y yo creo que, a ella, eso le ha gustado”. Bea le ha contado que ella quería a un macho ibérico español “no tengo nada en contra de los chinos, pero a mí no me gustan”. Luis y Bea se besan como si se fuera a acabar el mundo En el reservado, los solteros se han besado como si se fuera a acabar el mundo y él ha tenido la sensación de que Bea había encontrado al empotrador que estaba buscando. Los dos se han sentido muy cómodos y se han dicho que sí a una segunda cita.",
    "highlightText": "",
    "highlightTitle": "",
    "highlightThreadTitle": "",
    "language": "spanish",
    "sentiment": "positive",
    "categories": [
        "Human Interest",
        "Arts, Culture and Entertainment"
    ],
    "external_links": [],
    "external_images": [],
    "entities": {
        "persons": [],
        "organizations": [],
        "locations": []
    },
    "rating": null,
    "crawled": "2024-04-19T00:41:30.079+03:00",
    "updated": "2024-04-19T00:41:30.079+03:00"
}