{
    "thread": {
        "uuid": "dd30a4d63ea694e0457336b5f3da659839f2dd13",
        "url": "https://www.thedailybeast.com/meghan-markle-shows-up-online-for-her-jam-pals-parenting-charity",
        "site_full": "www.thedailybeast.com",
        "site": "thedailybeast.com",
        "site_section": "https://ca.sports.yahoo.com/rss",
        "site_categories": [
            "politics",
            "law_government_and_politics",
            "media",
            "top_news"
        ],
        "section_title": "Yahoo Canada Sports - Sports News, Scores, Rumours, Fantasy Games, and more",
        "title": "Meghan Markle Shows Up (Online) For Her Jam Pal’s Parenting Charity",
        "title_full": "Meghan Markle Shows Up (Online) For Her Jam Pal’s Parenting Charity",
        "published": "2024-04-19T00:27:00.000+03:00",
        "replies_count": 0,
        "participants_count": 1,
        "site_type": "news",
        "country": "US",
        "main_image": "https://img.thedailybeast.com/image/upload/c_crop,d_placeholder_euli9k,h_1688,w_3000,x_0,y_0/dpr_2.0/c_limit,w_740/fl_lossy,q_auto/v1713473223/meaghanfloater_klgvmw",
        "performance_score": 0,
        "domain_rank": 707,
        "domain_rank_updated": "2024-04-16T13:07:52.000+03:00",
        "reach": null,
        "social": {
            "facebook": {
                "likes": 0,
                "comments": 0,
                "shares": 0
            },
            "gplus": {
                "shares": 0
            },
            "pinterest": {
                "shares": 0
            },
            "linkedin": {
                "shares": 0
            },
            "stumbledupon": {
                "shares": 0
            },
            "vk": {
                "shares": 0
            }
        }
    },
    "uuid": "dd30a4d63ea694e0457336b5f3da659839f2dd13",
    "url": "https://www.thedailybeast.com/meghan-markle-shows-up-online-for-her-jam-pals-parenting-charity",
    "ord_in_thread": 0,
    "parent_url": null,
    "author": "Tom Sykes",
    "published": "2024-04-19T00:27:00.000+03:00",
    "title": "Meghan Markle Shows Up (Online) For Her Jam Pal’s Parenting Charity",
    "text": "One good turn on Instagram deserves another. After Meghan Markle’s friend Kelly McKee Zajfen posted a glowing review of her pal’s new American Riviera Orchard strawberry jam earlier this week, Meghan on Thursday posed with McKee Zafjen, the pair sporting branded T-shirts supporting her charity, Alliance of Moms. Meghan, 42, was photographed wearing the shirt bearing the slogan, “Love like a mother.” In an accompanying post, McKee Zajfen said the T-shirts were for a Mother’s Day campaign for her charity, which supports pregnant teenagers and young parents in the foster care system in Los Angeles. McKee Zajfen, 44, wrote that Meghan was one of the people in her life who lifted her up “with undeniable force of pure love.” McKee Zafjen was struck by tragedy in July 2022 when her nine-year-old son, George, died suddenly at the family home. Speaking of Meghan, she added: “You inspire me. You pick me up when I need it and you Love Like A Mother! Thank you for continuing to support the @allianceofmoms. For supporting this campaign and our youth. In doing so, you are supporting the mission to build bright futures for young parents who have experienced foster care.” Earlier this week Zajfen received one of Meghan’s limited edition American Riviera Orchard strawberry jam pots. She posted online, writing: “Oh Just a taste of what’s to come! So proud of you M @americanrivieraorchard.” Meghan and Kelly went skiing in Utah together last month, with their friend Heather Dorak, a Pilates instructor. Zajfen posted pictures of the trio from the slopes, writing: “Beyond grateful for the best of friends! What a trip! Thank you doesn’t even begin to express what my heart is feeling after this trip. “The love of family time and adventure and belly laughs made this trip one for the books! “Here’s to many more adventures with friends that feel like family and appreciating each day.”",
    "highlightText": "",
    "highlightTitle": "",
    "highlightThreadTitle": "",
    "language": "english",
    "sentiment": "positive",
    "categories": [
        "Human Interest",
        "Education"
    ],
    "external_links": [
        "https://twitter.com/intent/tweet?url=https%3A%2F%2Fwww.thedailybeast.com%2Fmeghan-markle-shows-up-online-for-her-jam-pals-parenting-charity%3Fsource%3Dtwitter%26via%3Ddesktop&via=thedailybeast&text=Meghan%20Markle%20Shows%20Up%20(Online)%20For%20Her%20Jam%20Pal%E2%80%99s%20Parenting%20Charity%20&counturl=https%3A%2F%2Fwww.thedailybeast.com%2Fmeghan-markle-shows-up-online-for-her-jam-pals-parenting-charity",
        "https://www.reddit.com/submit?title=Meghan%20Markle%20Shows%20Up%20(Online)%20For%20Her%20Jam%20Pal%E2%80%99s%20Parenting%20Charity%20&url=https%3A%2F%2Fwww.thedailybeast.com%2Fmeghan-markle-shows-up-online-for-her-jam-pals-parenting-charity%3Fvia%3Ddesktop%26source%3DReddit",
        "https://reddit.com/submit?title=Meghan%20Markle%20Shows%20Up%20(Online)%20For%20Her%20Jam%20Pal%E2%80%99s%20Parenting%20Charity%20&url=https%3A%2F%2Fwww.thedailybeast.com%2Fmeghan-markle-shows-up-online-for-her-jam-pals-parenting-charity%3Fvia%3Ddesktop%26source%3DReddit",
        "https://twitter.com/intent/tweet",
        "https://www.twitter.com/intent/tweet?url=https%3A%2F%2Fwww.thedailybeast.com%2Fmeghan-markle-shows-up-online-for-her-jam-pals-parenting-charity%3Fsource%3Dtwitter%26via%3Ddesktop&via=thedailybeast&text=Meghan%20Markle%20Shows%20Up%20(Online)%20For%20Her%20Jam%20Pal%E2%80%99s%20Parenting%20Charity%20&counturl=https%3A%2F%2Fwww.thedailybeast.com%2Fmeghan-markle-shows-up-online-for-her-jam-pals-parenting-charity",
        "https://www.reddit.com/submit"
    ],
    "external_images": [],
    "entities": {
        "persons": [
            {
                "name": "kelly mckee z",
                "sentiment": "negative"
            },
            {
                "name": "meghan markle",
                "sentiment": "negative"
            },
            {
                "name": "meghan",
                "sentiment": "none"
            },
            {
                "name": "mckee zafjen",
                "sentiment": "none"
            },
            {
                "name": "tom sykes",
                "sentiment": "none"
            },
            {
                "name": "kelly mckee zajfen",
                "sentiment": "none"
            },
            {
                "name": "mckee zajfen",
                "sentiment": "none"
            }
        ],
        "organizations": [
            {
                "name": "american riviera orchard",
                "sentiment": "none"
            },
            {
                "name": "instagram",
                "sentiment": "none"
            }
        ],
        "locations": [
            {
                "name": "los angeles",
                "sentiment": "none"
            }
        ]
    },
    "rating": null,
    "crawled": "2024-04-19T00:36:37.820+03:00",
    "updated": "2024-04-19T01:22:51.226+03:00"
}