{
    "thread": {
        "uuid": "f2a5ec1f310e9f349f3a79c6940e50e2e2ecf544",
        "url": "https://www.syfy.com/syfy-wire/why-abigail-honors-angus-cloud-in-its-end-credits",
        "site_full": "www.syfy.com",
        "site": "syfy.com",
        "site_section": "https://syfy.com/syfy-wire",
        "site_categories": [
            "television",
            "entertainment"
        ],
        "section_title": "SYFY WIRE | SYFY Official Site",
        "title": "Abigail Honors Late Angus Cloud in End Credits Tribute | SYFY WIRE",
        "title_full": "Abigail Honors Late Angus Cloud in End Credits Tribute | SYFY WIRE",
        "published": "2024-04-19T00:00:00.000+03:00",
        "replies_count": 0,
        "participants_count": 1,
        "site_type": "news",
        "country": "US",
        "main_image": "https://www.syfy.com/sites/syfy/files/2024/04/screenshot_2024-04-18_at_12.30.12_pm.jpg",
        "performance_score": 0,
        "domain_rank": 2226,
        "domain_rank_updated": "2024-04-16T13:07:52.000+03:00",
        "reach": null,
        "social": {
            "facebook": {
                "likes": 0,
                "comments": 0,
                "shares": 6
            },
            "gplus": {
                "shares": 0
            },
            "pinterest": {
                "shares": 0
            },
            "linkedin": {
                "shares": 0
            },
            "stumbledupon": {
                "shares": 0
            },
            "vk": {
                "shares": 0
            }
        }
    },
    "uuid": "f2a5ec1f310e9f349f3a79c6940e50e2e2ecf544",
    "url": "https://www.syfy.com/syfy-wire/why-abigail-honors-angus-cloud-in-its-end-credits",
    "ord_in_thread": 0,
    "parent_url": null,
    "author": "Josh Weiss",
    "published": "2024-04-19T00:00:00.000+03:00",
    "title": "Abigail Honors Late Angus Cloud in End Credits Tribute | SYFY WIRE",
    "text": "Create a free profile to get unlimited access to exclusive videos, sweepstakes, and more! Abigail's End Credits Honor the Late Angus Cloud with an \"In Loving Memory\" Tribute The Euphoria actor passed away last summer at the age of 25. Last summer, the world mourned [the tragic passing](https://www.syfy.com/syfy-wire/angus-cloud-wrapped-universal-radio-silence-project-before-tragic-passing) of Euphoria star Angus Cloud, who was only 25 at the time of his death. The late actor will make one of his final onscreen appearances this weekend in Universal Pictures' [Abigail](https://www.universalpictures.com/movies/abigail). In the new [horror film](https://www.syfy.com/syfy-wire/topic/horror-films) (directed by [Radio Silence](https://www.syfy.com/syfy-wire/topic/radio-silence) duo Matt Bettinelli-Olpin and Tyler Gillett), Cloud plays the role of Dean, a skilled — albeit slightly sociopathic — getaway driver for a motley crew of criminals looking to collect a $50 million ransom by kidnapping the 12-year-old daughter (Matilda the Musical's Alisha Weir) of a wealthy man. Their plan abruptly falls apart when the ballet-loving girl turns out to be a murderous, nigh-indestructible [vampire](https://www.syfy.com/syfy-wire/topic/vampires) capable of tearing through six fully-grown adults as though they were made of tissue paper. For More on Abigail: [How are the Reviews For Abigail? Why Critics Are Calling New Horror Film \"An Absolute Revelation\"](https://www.syfy.com/syfy-wire/abigail-horror-movie-reviews-what-critics-are-saying) [What Else Has Lisa Frankenstein and Abigail Star Kathryn Newton Been In?](https://www.syfy.com/syfy-wire/kathryn-newton-abigail-horror-movie-career-explainer) [Abigail vs. M3GAN? Abigail Directors Have \"No Complaints\" if a Horror Crossover Happens Eventually](https://www.syfy.com/syfy-wire/abigail-directors-are-game-for-universal-pictures-crossover-with-m3gan) Why Abigail Is Dedicated to Cast Member Angus Cloud SYFY WIRE can confirm the film is dedicated to Cloud with an \"In Loving Memory\" tribute appearing at the onset of the end credits, which presents the actor's autograph within the outline of a cloud. While we won't comment on Dean's fate in the film, audiences can rest assured that he's one of the funniest, most memorable characters in the movie, which was entirely by design. \"It was emotionally, it was hard, but there was also something that we really wanted to make sure that he was really showcased in the movie,\" Bettinelli-Olipin explained during [an interview with ComicBook](https://comicbook.com/horror/news/abigail-directors-responsibility-angus-cloud-final-role-new-movie/). \"It's really easy to go in and cut the character stuff and the little beats that you maybe do or don't need but for us, we were like, it's so special anyways in a movie and then to have it be Angus' last movie, we didn't want to just short change that in any way. We felt a responsibility. And so, we really, we mined the footage, we made sure that we looked for everything from him. If there was any moment that was kind of special: is there's a way to use it? Is there a way for us to get this in? Because in a lot of ways you could watch this movie and know that we took extra care to make sure that the Angus stuff all lived and we even put a lot of stuff on, you know, the behind the scenes stuff because he was always making everybody laugh and so he's in a lot of jokes. It's just as much as we can do with this movie to help keep his memory alive.\" Abigail opens in theaters nationwide beginning Friday, April 19. Click [here](https://www.fandango.com/abigail-2024-235019/movie-overview) to grab your tickets!",
    "highlightText": "",
    "highlightTitle": "",
    "highlightThreadTitle": "",
    "language": "english",
    "sentiment": "positive",
    "categories": [
        "Human Interest",
        "Arts, Culture and Entertainment"
    ],
    "external_links": [
        "https://comicbook.com/horror/news/abigail-directors-responsibility-angus-cloud-final-role-new-movie/).",
        "https://www.universalpictures.com/movies/abigail).",
        "https://www.fandango.com/abigail-2024-235019/movie-overview)",
        "https://fandango.com/abigail-2024-235019/movie-overview)",
        "https://www.comicbook.com/horror/news/abigail-directors-responsibility-angus-cloud-final-role-new-movie/).",
        "https://universalpictures.com/movies/abigail)."
    ],
    "external_images": [],
    "entities": {
        "persons": [
            {
                "name": "abigail",
                "sentiment": "negative"
            },
            {
                "name": "angus cloud",
                "sentiment": "none"
            },
            {
                "name": "tyler gillett",
                "sentiment": "none"
            },
            {
                "name": "alisha weir",
                "sentiment": "none"
            },
            {
                "name": "matt bettinelli",
                "sentiment": "none"
            },
            {
                "name": "dean",
                "sentiment": "none"
            }
        ],
        "organizations": [
            {
                "name": "universal pictures",
                "sentiment": "none"
            }
        ],
        "locations": []
    },
    "rating": null,
    "crawled": "2024-04-19T00:12:32.469+03:00",
    "updated": "2024-04-19T00:12:32.469+03:00"
}