{
    "thread": {
        "uuid": "7b011c928dcbe2c28ebb399d47c0e15f32061afc",
        "url": "https://www.wfmz.com/news/area/lehighvalley/eagles-wide-receiver-coming-to-iron-menace-ride-for-a-cause-event-to-benefit-eagles/article_7a44964c-fdc5-11ee-b21e-3fde2ba33336.html",
        "site_full": "www.wfmz.com",
        "site": "wfmz.com",
        "site_section": "https://asean.einnews.com/live_feed",
        "site_categories": [
            "media"
        ],
        "section_title": "Live Feed Wire - ASEAN News Today - EIN Presswire",
        "title": "Eagles wide receiver coming to Iron Menace Ride for a Cause event to benefit Eagles Autism Foundation | Lehigh Valley Regional News | wfmz.com",
        "title_full": "Eagles wide receiver coming to Iron Menace Ride for a Cause event to benefit Eagles Autism Foundation | Lehigh Valley Regional News | wfmz.com",
        "published": "2024-04-18T23:51:00.000+03:00",
        "replies_count": 0,
        "participants_count": 1,
        "site_type": "news",
        "country": "US",
        "main_image": "https://bloximages.newyork1.vip.townnews.com/wfmz.com/content/tncms/assets/v3/editorial/a/44/a4491ae2-fcff-11ee-a8b5-ff407e8c700a/66203c16b18ee.image.jpg?crop=1199%2C631%2C0%2C134&amp;resize=1199%2C631&amp;order=crop%2Cresize",
        "performance_score": 0,
        "domain_rank": 8322,
        "domain_rank_updated": "2024-04-16T13:07:52.000+03:00",
        "reach": null,
        "social": {
            "facebook": {
                "likes": 22,
                "comments": 0,
                "shares": 19
            },
            "gplus": {
                "shares": 0
            },
            "pinterest": {
                "shares": 0
            },
            "linkedin": {
                "shares": 0
            },
            "stumbledupon": {
                "shares": 0
            },
            "vk": {
                "shares": 0
            }
        }
    },
    "uuid": "7b011c928dcbe2c28ebb399d47c0e15f32061afc",
    "url": "https://www.wfmz.com/news/area/lehighvalley/eagles-wide-receiver-coming-to-iron-menace-ride-for-a-cause-event-to-benefit-eagles/article_7a44964c-fdc5-11ee-b21e-3fde2ba33336.html",
    "ord_in_thread": 0,
    "parent_url": null,
    "author": "WFMZ-TV",
    "published": "2024-04-18T23:51:00.000+03:00",
    "title": "Eagles wide receiver coming to Iron Menace Ride for a Cause event to benefit Eagles Autism Foundation | Lehigh Valley Regional News | wfmz.com",
    "text": "69 News",
    "highlightText": "",
    "highlightTitle": "",
    "highlightThreadTitle": "",
    "language": "english",
    "sentiment": "positive",
    "categories": [
        "Human Interest"
    ],
    "external_links": [
        "https://www.linkedin.com/sharing/share-offsite/?url=https://www.wfmz.com/news/area/lehighvalley/eagles-wide-receiver-coming-to-iron-menace-ride-for-a-cause-event-to-benefit-eagles/article_7a44964c-fdc5-11ee-b21e-3fde2ba33336.html",
        "https://www.facebook.com/69WFMZ",
        "https://www.facebook.com/sharer/sharer.php?u=https%3A%2F%2Fwww.wfmz.com%2Fnews%2Farea%2Flehighvalley%2Feagles-wide-receiver-coming-to-iron-menace-ride-for-a-cause-event-to-benefit-eagles%2Farticle_7a44964c-fdc5-11ee-b21e-3fde2ba33336.html%3Futm_medium%3Dsocial%26utm_source%3Dfacebook%26utm_campaign%3Duser-share",
        "https://twitter.com/69News",
        "https://twitter.com/intent/tweet?&text=Eagles%20wide%20receiver%20coming%20to%20Iron%20Menace%20Ride%20for%20a%20Cause%20event%20to%20benefit%20Eagles%20Autism%20Foundation&via=69News&url=https%3A%2F%2Fwww.wfmz.com%2Fnews%2Farea%2Flehighvalley%2Feagles-wide-receiver-coming-to-iron-menace-ride-for-a-cause-event-to-benefit-eagles%2Farticle_7a44964c-fdc5-11ee-b21e-3fde2ba33336.html%3Futm_medium%3Dsocial%26utm_source%3Dtwitter%26utm_campaign%3Duser-share",
        "https://wa.me/?text=https://www.wfmz.com/news/area/lehighvalley/eagles-wide-receiver-coming-to-iron-menace-ride-for-a-cause-event-to-benefit-eagles/article_7a44964c-fdc5-11ee-b21e-3fde2ba33336.html",
        "https://www.twitter.com/69News",
        "https://www.twitter.com/intent/tweet?&text=Eagles%20wide%20receiver%20coming%20to%20Iron%20Menace%20Ride%20for%20a%20Cause%20event%20to%20benefit%20Eagles%20Autism%20Foundation&via=69News&url=https%3A%2F%2Fwww.wfmz.com%2Fnews%2Farea%2Flehighvalley%2Feagles-wide-receiver-coming-to-iron-menace-ride-for-a-cause-event-to-benefit-eagles%2Farticle_7a44964c-fdc5-11ee-b21e-3fde2ba33336.html%3Futm_medium%3Dsocial%26utm_source%3Dtwitter%26utm_campaign%3Duser-share",
        "https://wa.me/",
        "https://www.facebook.com/sharer/sharer.php",
        "https://facebook.com/sharer/sharer.php?u=https%3A%2F%2Fwww.wfmz.com%2Fnews%2Farea%2Flehighvalley%2Feagles-wide-receiver-coming-to-iron-menace-ride-for-a-cause-event-to-benefit-eagles%2Farticle_7a44964c-fdc5-11ee-b21e-3fde2ba33336.html%3Futm_medium%3Dsocial%26utm_source%3Dfacebook%26utm_campaign%3Duser-share",
        "https://facebook.com/69WFMZ",
        "https://linkedin.com/sharing/share-offsite/?url=https://wfmz.com/news/area/lehighvalley/eagles-wide-receiver-coming-to-iron-menace-ride-for-a-cause-event-to-benefit-eagles/article_7a44964c-fdc5-11ee-b21e-3fde2ba33336.html",
        "https://wa.me/?text=https://wfmz.com/news/area/lehighvalley/eagles-wide-receiver-coming-to-iron-menace-ride-for-a-cause-event-to-benefit-eagles/article_7a44964c-fdc5-11ee-b21e-3fde2ba33336.html",
        "https://www.linkedin.com/sharing/share-offsite/",
        "https://twitter.com/intent/tweet"
    ],
    "external_images": [],
    "entities": {
        "persons": [
            {
                "name": "britain covey",
                "sentiment": "neutral"
            },
            {
                "name": "blankenship",
                "sentiment": "none"
            },
            {
                "name": "covey",
                "sentiment": "none"
            },
            {
                "name": "reed blankenship",
                "sentiment": "none"
            }
        ],
        "organizations": [
            {
                "name": "lehigh valley regional news",
                "sentiment": "negative"
            },
            {
                "name": "eagles autism foundation",
                "sentiment": "negative"
            },
            {
                "name": "eagle",
                "sentiment": "none"
            }
        ],
        "locations": [
            {
                "name": "dorney park",
                "sentiment": "none"
            },
            {
                "name": "allentown",
                "sentiment": "none"
            },
            {
                "name": "pa.",
                "sentiment": "none"
            },
            {
                "name": "monroe county",
                "sentiment": "none"
            },
            {
                "name": "northampton county",
                "sentiment": "none"
            },
            {
                "name": "covey",
                "sentiment": "none"
            },
            {
                "name": "bucks county",
                "sentiment": "none"
            }
        ]
    },
    "rating": null,
    "crawled": "2024-04-19T00:13:04.454+03:00",
    "updated": "2024-04-19T08:26:54.757+03:00"
}