{
    "thread": {
        "uuid": "cbd48e06b3c5b73df39ef384e361805161609bb0",
        "url": "https://www.newslocker.com/en-uk/sport/tennis/emma-raducanu-continues-hot-streak-to-see-off-linda-noskova-in-stuttgart",
        "site_full": "www.newslocker.com",
        "site": "newslocker.com",
        "site_section": "https://newslocker.com/en-uk",
        "site_categories": [
            "tennis",
            "sports"
        ],
        "section_title": "NewsLocker - News portal",
        "title": "Emma Raducanu continues hot streak to see off Linda Noskova in Stuttgart - Tennis news - NewsLocker",
        "title_full": "Emma Raducanu continues hot streak to see off Linda Noskova in Stuttgart - Tennis news - NewsLocker",
        "published": "2024-04-18T23:10:00.000+03:00",
        "replies_count": 0,
        "participants_count": 0,
        "site_type": "news",
        "country": "DE",
        "main_image": "https://img4.newslocker.com/2024/04/18/315278996_1200.jpg",
        "performance_score": 0,
        "domain_rank": 63993,
        "domain_rank_updated": "2024-04-16T13:07:56.000+03:00",
        "reach": null,
        "social": {
            "facebook": {
                "likes": 0,
                "comments": 0,
                "shares": 0
            },
            "gplus": {
                "shares": 0
            },
            "pinterest": {
                "shares": 0
            },
            "linkedin": {
                "shares": 0
            },
            "stumbledupon": {
                "shares": 0
            },
            "vk": {
                "shares": 0
            }
        }
    },
    "uuid": "cbd48e06b3c5b73df39ef384e361805161609bb0",
    "url": "https://www.newslocker.com/en-uk/sport/tennis/emma-raducanu-continues-hot-streak-to-see-off-linda-noskova-in-stuttgart",
    "ord_in_thread": 0,
    "parent_url": null,
    "author": null,
    "published": "2024-04-18T23:10:00.000+03:00",
    "title": "Emma Raducanu continues hot streak to see off Linda Noskova in Stuttgart - Tennis news - NewsLocker",
    "text": "[✗ Close categories](javascript:hideCategories();) [Addiction](https://www.newslocker.com/en-uk/news/addiction/) [Apple](https://www.newslocker.com/en-uk/news/apple/) [Arts](https://www.newslocker.com/en-uk/news/arts/) [Asia News](https://www.newslocker.com/en-uk/news/asia_news/) [British Airways](https://www.newslocker.com/en-uk/news/british-airways/) [Business](https://www.newslocker.com/en-uk/news/business/) [Cars](https://www.newslocker.com/en-uk/news/cars/) [Celebrity](https://www.newslocker.com/en-uk/news/celebrity/) [Christianity](https://www.newslocker.com/en-uk/news/christianity/) [Cinema, Theater & TV](https://www.newslocker.com/en-uk/news/cinema_theater_tv/) [Conspiracy Theories](https://www.newslocker.com/en-uk/news/conspiracy_theories/) [Coronavirus](https://www.newslocker.com/en-uk/news/coronavirus/) [Ebola](https://www.newslocker.com/en-uk/news/ebola/) [Economy](https://www.newslocker.com/en-uk/news/economy/) [Education](https://www.newslocker.com/en-uk/news/education/) [Electronics](https://www.newslocker.com/en-uk/news/electronics/) [Entertainment](https://www.newslocker.com/en-uk/news/entertainment/) [Environment](https://www.newslocker.com/en-uk/news/environment/) [Fashion](https://www.newslocker.com/en-uk/news/fashion/) [Finance](https://www.newslocker.com/en-uk/news/finance/) [Food](https://www.newslocker.com/en-uk/news/food/) [Funny videos](https://www.newslocker.com/en-uk/news/funny_videos/) [Gadgets](https://www.newslocker.com/en-uk/news/gadgets/) [Games](https://www.newslocker.com/en-uk/news/games/) [General News](https://www.newslocker.com/en-uk/news/general_news/) [Health](https://www.newslocker.com/en-uk/news/health/) [International Crime](https://www.newslocker.com/en-uk/news/international_crime/) [Jobs](https://www.newslocker.com/en-uk/news/jobs/) [Lifestyle](https://www.newslocker.com/en-uk/news/lifestyle/) [Military](https://www.newslocker.com/en-uk/news/military/) [Mindfulness](https://www.newslocker.com/en-uk/news/mindfulness/) [Movies](https://www.newslocker.com/en-uk/news/movies/) [Music](https://www.newslocker.com/en-uk/news/music/) [News videos](https://www.newslocker.com/en-uk/news/news_videos/) [NewsPhoto](https://www.newslocker.com/en-uk/news/news_photo/) [Nightlife](https://www.newslocker.com/en-uk/news/nightlife/) [Obituaries](https://www.newslocker.com/en-uk/news/obituaries/) [Olympics](https://www.newslocker.com/en-uk/news/olympics/) [Organized Crime](https://www.newslocker.com/en-uk/news/organized_crime/) [Politics](https://www.newslocker.com/en-uk/news/politics/) [Psychology](https://www.newslocker.com/en-uk/news/psychology/) [Recipes](https://www.newslocker.com/en-uk/news/recipes/) [Royal Family](https://www.newslocker.com/en-uk/news/royal_family/) [Sci-Tech](https://www.newslocker.com/en-uk/news/sci_tech/) [Science](https://www.newslocker.com/en-uk/news/science/) [Social media](https://www.newslocker.com/en-uk/news/social_media/) [Sport](https://www.newslocker.com/en-uk/news/sport/) [Technology](https://www.newslocker.com/en-uk/news/technology/) [Television](https://www.newslocker.com/en-uk/news/television/) [Thames Deckway](https://www.newslocker.com/en-uk/news/thames-deckway/) [Traffic](https://www.newslocker.com/en-uk/news/traffic/) [Travel](https://www.newslocker.com/en-uk/news/travel/) [Trending UK](https://www.newslocker.com/en-uk/news/trending_uk/) [UK News](https://www.newslocker.com/en-uk/news/uk_news/) [UnitedHealth Group Inc.](https://www.newslocker.com/en-uk/news/united-health-group-inc/) [Weather](https://www.newslocker.com/en-uk/news/weather/) [World News](https://www.newslocker.com/en-uk/news/world_news/) [✗ Close categories](javascript:hideCategories();) [✗ Close categories](javascript:hideCategories();) [Arsenal](https://www.newslocker.com/en-uk/sport/arsenal/) [Aston Villa](https://www.newslocker.com/en-uk/sport/aston_villa/) [Athletics](https://www.newslocker.com/en-uk/sport/athletics/) [Badminton](https://www.newslocker.com/en-uk/sport/badminton/) [Baseball](https://www.newslocker.com/en-uk/sport/baseball/) [Basketball](https://www.newslocker.com/en-uk/sport/basketball/) [Blackburn Rovers](https://www.newslocker.com/en-uk/sport/blackburn-rovers/) [Blackpool](https://www.newslocker.com/en-uk/sport/blackpool/) [Boxing](https://www.newslocker.com/en-uk/sport/boxing/) [Burnley](https://www.newslocker.com/en-uk/sport/burnley/) [Cardiff City](https://www.newslocker.com/en-uk/sport/cardiff-city/) [Champions League](https://www.newslocker.com/en-uk/sport/champions_league/) [Chelsea](https://www.newslocker.com/en-uk/sport/chelsea/) [Cricket](https://www.newslocker.com/en-uk/sport/cricket/) [Crystal Palace](https://www.newslocker.com/en-uk/sport/crystal--palace/) [Cycling](https://www.newslocker.com/en-uk/sport/cycling/) [Darts](https://www.newslocker.com/en-uk/sport/darts/) [Everton](https://www.newslocker.com/en-uk/sport/everton/) [Formula 1](https://www.newslocker.com/en-uk/sport/formula_1/) [Formula 1 - Force India Videos](https://www.newslocker.com/en-uk/sport/formula-1-force-india-videos/) [Formula 1 - Infiniti Red Bull Racing Videos](https://www.newslocker.com/en-uk/sport/formula-1-infiniti-red-bull-racing-videos/) [Formula 1 - Live Stream & News](https://www.newslocker.com/en-uk/sport/formula-1-live-stream-and-news/) [Formula 1 - McLaren Videos](https://www.newslocker.com/en-uk/sport/formula-1-mclaren-videos/) [Formula 1 - Mercedes AMG Petronas Videos](https://www.newslocker.com/en-uk/sport/formula-1-mercedes-amg-petronas-videos/) [Formula 1 - Sauber F1 Team Videos](https://www.newslocker.com/en-uk/sport/formula-1-sauber-f1-team-videos/) [Formula 1 - Scuderia Ferrari Videos](https://www.newslocker.com/en-uk/sport/formula-1-scuderia-ferrari-videos/) [Formula 1 - Scuderia Toro Rosso Videos](https://www.newslocker.com/en-uk/sport/formula-1-scuderia-toro-rosso-videos/) [Formula 1 - Team Lotus Videos](https://www.newslocker.com/en-uk/sport/formula-1-team-lotus-videos/) [Formula 1 - Williams Martini videos](https://www.newslocker.com/en-uk/sport/formula-1-williams-martini-videos/) [Fulham](https://www.newslocker.com/en-uk/sport/fulham/) [Golf](https://www.newslocker.com/en-uk/sport/golf/) [Hockey](https://www.newslocker.com/en-uk/sport/hockey/) [Horse Racing](https://www.newslocker.com/en-uk/sport/horse_racing/) [Hull City](https://www.newslocker.com/en-uk/sport/hull-city/) [Ice Hockey](https://www.newslocker.com/en-uk/sport/ice_hockey/) [Leicester City](https://www.newslocker.com/en-uk/sport/leicester-city/) [Liverpool](https://www.newslocker.com/en-uk/sport/liverpool/) [Manchester City](https://www.newslocker.com/en-uk/sport/manchester_city/) [Manchester United](https://www.newslocker.com/en-uk/sport/manchester_united/) [Middlesbrough](https://www.newslocker.com/en-uk/sport/middlesbrough/) [Motorsport](https://www.newslocker.com/en-uk/sport/motorsport/) [Norwich City](https://www.newslocker.com/en-uk/sport/norwich-city/) [Philadelphia Phillies](https://www.newslocker.com/en-uk/sport/philadelphia-phillies/) [Premier League](https://www.newslocker.com/en-uk/sport/premier_league/) [Queens Park Rangers](https://www.newslocker.com/en-uk/sport/queens-park-rangers/) [Rally](https://www.newslocker.com/en-uk/sport/rally/) [Reading](https://www.newslocker.com/en-uk/sport/reading/) [Rowing](https://www.newslocker.com/en-uk/sport/rowing/) [Rugby](https://www.newslocker.com/en-uk/sport/rugby/) [scarlets rugby](https://www.newslocker.com/en-uk/sport/scarlets_rugby/) [Soccer](https://www.newslocker.com/en-uk/sport/soccer/) [Southampton](https://www.newslocker.com/en-uk/sport/southampton/) [Stoke City](https://www.newslocker.com/en-uk/sport/stoke-city/) [Sunderland](https://www.newslocker.com/en-uk/sport/sunderland/) [Swansea City](https://www.newslocker.com/en-uk/sport/swansea-city/) [Swimming](https://www.newslocker.com/en-uk/sport/swimming/) [Tennis](https://www.newslocker.com/en-uk/sport/tennis/) [Tottenham](https://www.newslocker.com/en-uk/sport/tottenham/) [Tour de France](https://www.newslocker.com/en-uk/sport/tourdefrance/) [Volleyball](https://www.newslocker.com/en-uk/sport/volleyball/) [WC soccer 2014](https://www.newslocker.com/en-uk/sport/wk-soccer-2014/) [Welsh Rugby Union](https://www.newslocker.com/en-uk/sport/welsh-rugby-union/) [West Ham](https://www.newslocker.com/en-uk/sport/west-ham/) [Wigan Athletic](https://www.newslocker.com/en-uk/sport/wigan-athletic/) [Wolverhampton Wanderers](https://www.newslocker.com/en-uk/sport/wolverhampton-wanderers/) [✗ Close categories](javascript:hideCategories();) [✗ Close categories](javascript:hideCategories();) [...test](https://www.newslocker.com/en-uk/region/...test/) [Aberdeen City](https://www.newslocker.com/en-uk/region/aberdeen_city/) [Aberdeenshire](https://www.newslocker.com/en-uk/region/aberdeenshire/) [Antrim](https://www.newslocker.com/en-uk/region/antrim/) [Aylesbury Vale](https://www.newslocker.com/en-uk/region/aylesbury-vale/) [Barking and Dagenham](https://www.newslocker.com/en-uk/region/barking-and-dagenham/) [Barnet](https://www.newslocker.com/en-uk/region/barnet/) [Barnsley](https://www.newslocker.com/en-uk/region/barnsley/) [Basildon](https://www.newslocker.com/en-uk/region/basildon/) [Bath and North East Somerset](https://www.newslocker.com/en-uk/region/bath-and-north-east-somerset/) [Belfast](https://www.newslocker.com/en-uk/region/belfast/) [Bexley](https://www.newslocker.com/en-uk/region/bexley/) [Birmingham](https://www.newslocker.com/en-uk/region/birmingham/) [Blackburn with Darwen](https://www.newslocker.com/en-uk/region/blackburn_with_darwen/) [Bolton](https://www.newslocker.com/en-uk/region/bolton/) [Bournemouth](https://www.newslocker.com/en-uk/region/bournemouth/) [Bradford](https://www.newslocker.com/en-uk/region/bradford/) [Brent](https://www.newslocker.com/en-uk/region/brent/) [Brighton and Hove](https://www.newslocker.com/en-uk/region/brighton_and_hove/) [Bristol](https://www.newslocker.com/en-uk/region/bristol/) [Bromley](https://www.newslocker.com/en-uk/region/bromley/) [Bury](https://www.newslocker.com/en-uk/region/bury/) [Calderdale](https://www.newslocker.com/en-uk/region/calderdale/) [Cambridge](https://www.newslocker.com/en-uk/region/cambridge/) [Camden](https://www.newslocker.com/en-uk/region/camden/) [Cardiff](https://www.newslocker.com/en-uk/region/cardiff/) [Central Bedfordshire](https://www.newslocker.com/en-uk/region/central-bedfordshire/) [Cheshire East](https://www.newslocker.com/en-uk/region/cheshire-east/) [Cheshire West and Chester](https://www.newslocker.com/en-uk/region/cheshire-west-and-chester/) [Cornwall](https://www.newslocker.com/en-uk/region/cornwall/) [County Durham](https://www.newslocker.com/en-uk/region/county-durham/) [Coventry](https://www.newslocker.com/en-uk/region/coventry/) [Croydon](https://www.newslocker.com/en-uk/region/croydon/) [Derby](https://www.newslocker.com/en-uk/region/derby/) [Doncaster](https://www.newslocker.com/en-uk/region/doncaster/) [Dudley](https://www.newslocker.com/en-uk/region/dudley/) [Ealing](https://www.newslocker.com/en-uk/region/ealing/) [East Riding of Yorkshire](https://www.newslocker.com/en-uk/region/east-riding-of-yorkshire/) [Edinburgh](https://www.newslocker.com/en-uk/region/edinburgh/) [Enfield](https://www.newslocker.com/en-uk/region/enfield/) [Essex](https://www.newslocker.com/en-uk/region/essex/) [Gateshead](https://www.newslocker.com/en-uk/region/gateshead/) [Glasgow](https://www.newslocker.com/en-uk/region/glasgow/) [Greater London](https://www.newslocker.com/en-uk/region/greater_london/) [Greenwich](https://www.newslocker.com/en-uk/region/g\\reenwich/) [Hackney](https://www.newslocker.com/en-uk/region/hackney/) [Hammersmith and Fulham](https://www.newslocker.com/en-uk/region/hammersmith-and-fulham/) [Haringey](https://www.newslocker.com/en-uk/region/haringey/) [Harrow](https://www.newslocker.com/en-uk/region/harrow/) [Havering](https://www.newslocker.com/en-uk/region/havering/) [Herefordshire](https://www.newslocker.com/en-uk/region/herefordshire/) [Hillingdon](https://www.newslocker.com/en-uk/region/hillingdon/) [Hounslow](https://www.newslocker.com/en-uk/region/hounslow/) [Hull](https://www.newslocker.com/en-uk/region/hull/) [Islington](https://www.newslocker.com/en-uk/region/islington/) [Kirklees](https://www.newslocker.com/en-uk/region/kirklees/) [Lambeth](https://www.newslocker.com/en-uk/region/lambeth/) [Leeds](https://www.newslocker.com/en-uk/region/leeds/) [Leicester](https://www.newslocker.com/en-uk/region/leicester/) [Lewisham](https://www.newslocker.com/en-uk/region/lewisham/) [Liverpool](https://www.newslocker.com/en-uk/region/liverpool/) [London](https://www.newslocker.com/en-uk/region/london/) [Luton](https://www.newslocker.com/en-uk/region/luton/) [Manchester](https://www.newslocker.com/en-uk/region/manchester/) [Medway](https://www.newslocker.com/en-uk/region/medway/) [Merton](https://www.newslocker.com/en-uk/region/merton/) [Milton Keynes](https://www.newslocker.com/en-uk/region/milton-keynes/) [New Forest](https://www.newslocker.com/en-uk/region/new-forest/) [Newcastle](https://www.newslocker.com/en-uk/region/newcastle/) [Newcastle upon Tyne](https://www.newslocker.com/en-uk/region/newcastle-upon-tyne/) [Newham](https://www.newslocker.com/en-uk/region/newham/) [North Somerset](https://www.newslocker.com/en-uk/region/north-somerset/) [North Tyneside](https://www.newslocker.com/en-uk/region/north-tyneside/) [North West](https://www.newslocker.com/en-uk/region/north_west/) [Northampton](https://www.newslocker.com/en-uk/region/northampton/) [Northern Ireland](https://www.newslocker.com/en-uk/region/northern_ireland/) [Northumberland](https://www.newslocker.com/en-uk/region/northumberland/) [Nottingham](https://www.newslocker.com/en-uk/region/nottingham/) [Oldham](https://www.newslocker.com/en-uk/region/oldham/) [Oxford](https://www.newslocker.com/en-uk/region/oxford/) [Peterborough](https://www.newslocker.com/en-uk/region/peterborough/) [Plymouth](https://www.newslocker.com/en-uk/region/plymouth/) [Portsmouth](https://www.newslocker.com/en-uk/region/portsmouth/) [Redbridge](https://www.newslocker.com/en-uk/region/redbridge/) [Richmond upon Thames](https://www.newslocker.com/en-uk/region/richmond-upon-thames/) [Rochdale](https://www.newslocker.com/en-uk/region/rochdale/) [Rotherham](https://www.newslocker.com/en-uk/region/rotherham/) [Salford](https://www.newslocker.com/en-uk/region/salford/) [Sandwell](https://www.newslocker.com/en-uk/region/sandwell/) [Scotland](https://www.newslocker.com/en-uk/region/scotland/) [Sefton](https://www.newslocker.com/en-uk/region/sefton/) [Sheffield](https://www.newslocker.com/en-uk/region/sheffield/) [Shropshire](https://www.newslocker.com/en-uk/region/shropshire/) [Solihull](https://www.newslocker.com/en-uk/region/solihull/) [South East](https://www.newslocker.com/en-uk/region/south_east/) [South Gloucestershire](https://www.newslocker.com/en-uk/region/south-gloucestershire/) [South West](https://www.newslocker.com/en-uk/region/south_west/) [Southampton](https://www.newslocker.com/en-uk/region/southampton/) [Southend-on-Sea](https://www.newslocker.com/en-uk/region/southend-on-sea/) [Southwark](https://www.newslocker.com/en-uk/region/southwark/) [St Helens](https://www.newslocker.com/en-uk/region/st-helens/) [Stockport](https://www.newslocker.com/en-uk/region/stockport/) [Stockton-on-Tees](https://www.newslocker.com/en-uk/region/stockton-on-tees/) [Stoke-on-Trent](https://www.newslocker.com/en-uk/region/stoke-on-trent/) [Sunderland](https://www.newslocker.com/en-uk/region/sunderland/) [Sutton](https://www.newslocker.com/en-uk/region/sutton/) [Swindon](https://www.newslocker.com/en-uk/region/swindon/) [Tameside](https://www.newslocker.com/en-uk/region/tameside/) [Tower Hamlets](https://www.newslocker.com/en-uk/region/tower-hamlets/) [Trafford](https://www.newslocker.com/en-uk/region/trafford/) [Wakefield](https://www.newslocker.com/en-uk/region/wakefield/) [Wales](https://www.newslocker.com/en-uk/region/wales/) [Walsall](https://www.newslocker.com/en-uk/region/walsall/) [Waltham Forest](https://www.newslocker.com/en-uk/region/waltham-forest/) [Wandsworth](https://www.newslocker.com/en-uk/region/wandsworth/) [Warrington](https://www.newslocker.com/en-uk/region/warrington/) [West Midlands](https://www.newslocker.com/en-uk/region/west_midlands/) [Westminster](https://www.newslocker.com/en-uk/region/westminster/) [Wigan](https://www.newslocker.com/en-uk/region/wigan/) [Wiltshire](https://www.newslocker.com/en-uk/region/wiltshire/) [Wirral](https://www.newslocker.com/en-uk/region/wirral/) [Wolverhampton](https://www.newslocker.com/en-uk/region/wolverhampton/) [York](https://www.newslocker.com/en-uk/region/york/) [✗ Close categories](javascript:hideCategories();) [✗ Close categories](javascript:hideCategories();) [Harry Styles](https://www.newslocker.com/en-uk/person/harry-styles/) [Aaron Taylor-Johnson](https://www.newslocker.com/en-uk/person/aaron_taylorjohnson/) [Adele](https://www.newslocker.com/en-uk/person/adele/) [Ashley Cole](https://www.newslocker.com/en-uk/person/ashley-cole/) [Benedict Cumberbatch](https://www.newslocker.com/en-uk/person/benedict_cumberbatch/) [Billie Piper](https://www.newslocker.com/en-uk/person/billie_piper/) [Boris Johnson](https://www.newslocker.com/en-uk/person/boris_johnson/) [Charlie Hunnam](https://www.newslocker.com/en-uk/person/charlie_hunnam/) [Cliff Richard](https://www.newslocker.com/en-uk/person/cliff_richard/) [David Beckham](https://www.newslocker.com/en-uk/person/david_beckham/) [DJ 3lau](https://www.newslocker.com/en-uk/person/dj-3lau/) [DJ Above & Beyond](https://www.newslocker.com/en-uk/person/dj-above-beyond/) [DJ Afrojack](https://www.newslocker.com/en-uk/person/dj-afrojack/) [DJ Alesso](https://www.newslocker.com/en-uk/person/dj-alesso/) [DJ Aly & Fila](https://www.newslocker.com/en-uk/person/dj-aly-fila/) [DJ Andrew Rayel](https://www.newslocker.com/en-uk/person/dj-andrew-rayel/) [DJ Angerfist](https://www.newslocker.com/en-uk/person/dj-angerfist/) [DJ Armin Van Buuren](https://www.newslocker.com/en-uk/person/dj-armin-van-buuren/) [DJ Arty](https://www.newslocker.com/en-uk/person/dj-arty/) [DJ ATB](https://www.newslocker.com/en-uk/person/dj-atb/) [DJ Audien](https://www.newslocker.com/en-uk/person/dj-audien/) [DJ Avicii](https://www.newslocker.com/en-uk/person/dj-avicii/) [DJ Axwell](https://www.newslocker.com/en-uk/person/dj-axwell/) [DJ Bingo Players](https://www.newslocker.com/en-uk/person/dj-bingo-players/) [DJ Bl3ND](https://www.newslocker.com/en-uk/person/dj-bl3nd/) [DJ Blasterjaxx](https://www.newslocker.com/en-uk/person/dj-blasterjaxx/) [DJ Borgeous](https://www.newslocker.com/en-uk/person/dj-borgeous/) [DJ Borgore](https://www.newslocker.com/en-uk/person/dj-borgore/) [DJ Boy George](https://www.newslocker.com/en-uk/person/dj-boy-george/) [DJ Brennan Heart](https://www.newslocker.com/en-uk/person/dj-brennan-heart/) [DJ Calvin Harris](https://www.newslocker.com/en-uk/person/dj-calvin-harris/) [DJ Carl Cox](https://www.newslocker.com/en-uk/person/dj-carl-cox/) [DJ Carnage](https://www.newslocker.com/en-uk/person/dj-carnage/) [DJ Code Black](https://www.newslocker.com/en-uk/person/dj-code-black/) [DJ Coone](https://www.newslocker.com/en-uk/person/dj-coone/) [DJ Cosmic Gate](https://www.newslocker.com/en-uk/person/dj-cosmic-gate/) [DJ Da Tweekaz](https://www.newslocker.com/en-uk/person/dj-da-tweekaz/) [DJ Dada Life](https://www.newslocker.com/en-uk/person/dj-dada-life/) [DJ Daft Punk](https://www.newslocker.com/en-uk/person/dj-daft-punk/) [DJ Dannic](https://www.newslocker.com/en-uk/person/dj-dannic/) [DJ Dash Berlin](https://www.newslocker.com/en-uk/person/dj-dash-berlin/) [DJ David Guetta](https://www.newslocker.com/en-uk/person/dj-david-guetta/) [DJ Deadmau5](https://www.newslocker.com/en-uk/person/dj-deadmau5/) [DJ Deorro](https://www.newslocker.com/en-uk/person/dj-deorro/) [DJ Diego Miranda](https://www.newslocker.com/en-uk/person/dj-diego-miranda/) [DJ Dillon Francis](https://www.newslocker.com/en-uk/person/dj-dillon-francis/) [DJ Dimitri Vegas & Like Mike](https://www.newslocker.com/en-uk/person/dj-dimitri-vegas-like-mike/) [DJ Diplo](https://www.newslocker.com/en-uk/person/dj-diplo/) [DJ Don Diablo](https://www.newslocker.com/en-uk/person/dj-don-diablo/) [DJ DVBBS](https://www.newslocker.com/en-uk/person/dj-dvbbs/) [DJ Dyro](https://www.newslocker.com/en-uk/person/dj-dyro/) [DJ Eric Prydz](https://www.newslocker.com/en-uk/person/dj-eric-prydz/) [DJ Fedde Le Grand](https://www.newslocker.com/en-uk/person/dj-fedde-le-grand/) [DJ Felguk](https://www.newslocker.com/en-uk/person/dj-felguk/) [DJ Ferry Corsten](https://www.newslocker.com/en-uk/person/dj-ferry-corsten/) [DJ Firebeatz](https://www.newslocker.com/en-uk/person/dj-firebeatz/) [DJ Frontliner](https://www.newslocker.com/en-uk/person/dj-frontliner/) [DJ Gabry Ponte](https://www.newslocker.com/en-uk/person/dj-gabry-ponte/) [DJ Gareth Emery](https://www.newslocker.com/en-uk/person/dj-gareth-emery/) [DJ Hardwell](https://www.newslocker.com/en-uk/person/dj-hardwell/) [DJ Headhunterz](https://www.newslocker.com/en-uk/person/dj-headhunterz/) [DJ Heatbeat](https://www.newslocker.com/en-uk/person/dj-heatbeat/) [DJ Infected Mushroom](https://www.newslocker.com/en-uk/person/dj-infected-mushroom/) [DJ John O'Callaghan](https://www.newslocker.com/en-uk/person/dj-john-o-callaghan/) [DJ Kaskade](https://www.newslocker.com/en-uk/person/dj-kaskade/) [DJ Knife Party](https://www.newslocker.com/en-uk/person/dj-knife-party/) [DJ Krewella](https://www.newslocker.com/en-uk/person/dj-krewella/) [DJ Kura](https://www.newslocker.com/en-uk/person/dj-kura/) [DJ Laidback Luke](https://www.newslocker.com/en-uk/person/dj-laidback-luke/) [DJ Madeon](https://www.newslocker.com/en-uk/person/dj-madeon/) [DJ MAKJ](https://www.newslocker.com/en-uk/person/dj-makj/) [DJ Markus Schulz](https://www.newslocker.com/en-uk/person/dj-markus-schulz/) [DJ Martin Garrix](https://www.newslocker.com/en-uk/person/dj-martin-garrix/) [DJ Merk & Kremont](https://www.newslocker.com/en-uk/person/dj-merk-kremont/) [DJ Mike Candys](https://www.newslocker.com/en-uk/person/dj-mike-candys/) [DJ Nervo](https://www.newslocker.com/en-uk/person/dj-nervo/) [DJ Nicky Romero](https://www.newslocker.com/en-uk/person/dj-nicky-romero/) [DJ Noisecontrollers](https://www.newslocker.com/en-uk/person/dj-noisecontrollers/) [DJ Oliver Heldens](https://www.newslocker.com/en-uk/person/dj-oliver-heldens/) [DJ Orjan Nilsen](https://www.newslocker.com/en-uk/person/dj-orjan-nilsen/) [DJ Paul Van Dyk](https://www.newslocker.com/en-uk/person/dj-paul-van-dyk/) [DJ Porter Robinson](https://www.newslocker.com/en-uk/person/dj-porter-robinson/) [DJ Quentin Mosimann](https://www.newslocker.com/en-uk/person/dj-quentin-mosimann/) [DJ Quintino](https://www.newslocker.com/en-uk/person/dj-quintino/) [DJ R3hab](https://www.newslocker.com/en-uk/person/dj-r3hab/) [DJ Radical Redemption](https://www.newslocker.com/en-uk/person/dj-radical-redemption/) [DJ Richie Hawtin](https://www.newslocker.com/en-uk/person/dj-richie-hawtin/) [DJ Sander Van Doorn](https://www.newslocker.com/en-uk/person/dj-sander-van-doorn/) [DJ Sebastian Ingrosso](https://www.newslocker.com/en-uk/person/dj-sebastian-ingrosso/) [DJ Showtek](https://www.newslocker.com/en-uk/person/dj-showtek/) [DJ Skrillex](https://www.newslocker.com/en-uk/person/dj-skrillex/) [DJ Snake](https://www.newslocker.com/en-uk/person/dj-snake/) [DJ Steve Angello](https://www.newslocker.com/en-uk/person/dj-steve-angello/) [DJ Steve Aoki](https://www.newslocker.com/en-uk/person/dj-steve-aoki/) [DJ Tenishia](https://www.newslocker.com/en-uk/person/dj-tenishia/) [DJ The Chainsmokers](https://www.newslocker.com/en-uk/person/dj-the-chainsmokers/) [DJ Tiddey](https://www.newslocker.com/en-uk/person/dj-tiddey/) [DJ Tiesto](https://www.newslocker.com/en-uk/person/dj-tiesto/) [DJ TJR](https://www.newslocker.com/en-uk/person/dj-tjr/) [DJ Umek](https://www.newslocker.com/en-uk/person/dj-umek/) [DJ Ummet Ozcan](https://www.newslocker.com/en-uk/person/dj-ummet-ozcan/) [DJ Vicetone](https://www.newslocker.com/en-uk/person/dj-vicetone/) [DJ VINAI](https://www.newslocker.com/en-uk/person/dj-vinai/) [DJ W&W](https://www.newslocker.com/en-uk/person/dj-w-w/) [DJ Wildstylez](https://www.newslocker.com/en-uk/person/dj-wildstylez/) [DJ Wolfpack](https://www.newslocker.com/en-uk/person/dj-wolfpack/) [DJ Yves V](https://www.newslocker.com/en-uk/person/dj-yves-v/) [DJ Zatox](https://www.newslocker.com/en-uk/person/dj-zatox/) [DJ Zedd](https://www.newslocker.com/en-uk/person/dj-zedd/) [DJ Zomboy](https://www.newslocker.com/en-uk/person/dj-zomboy/) [Emilia Clarke](https://www.newslocker.com/en-uk/person/emilia_clarke/) [Emily Blunt](https://www.newslocker.com/en-uk/person/emily_blunt/) [Gabriella Wilde](https://www.newslocker.com/en-uk/person/gabriella_wilde/) [Gary Lineker](https://www.newslocker.com/en-uk/person/gary_lineker/) [Gemma Arterton](https://www.newslocker.com/en-uk/person/gemma_arterton/) [Gwendoline Christie](https://www.newslocker.com/en-uk/person/gwendoline_christie/) [Hayley Atwell](https://www.newslocker.com/en-uk/person/hayley_atwell/) [Helena Bonham Carter](https://www.newslocker.com/en-uk/person/helena_carter/) [Imogen Poots](https://www.newslocker.com/en-uk/person/imogen_poots/) [Jason Statham](https://www.newslocker.com/en-uk/person/jason_statham/) [John Terry](https://www.newslocker.com/en-uk/person/john-terry/) [Juno Temple](https://www.newslocker.com/en-uk/person/juno_temple/) [Kate Beckinsale](https://www.newslocker.com/en-uk/person/kate_beckinsale/) [Kate Winslet](https://www.newslocker.com/en-uk/person/kate_winslet/) [Keira Knightley](https://www.newslocker.com/en-uk/person/keira_knightley/) [Liam Payne](https://www.newslocker.com/en-uk/person/liam-payne/) [Lily Collins](https://www.newslocker.com/en-uk/person/lily_collins/) [Louis Tomlinson](https://www.newslocker.com/en-uk/person/louis_tomlinson/) [Niall Horan](https://www.newslocker.com/en-uk/person/niall-horan/) [Nicholas Hoult](https://www.newslocker.com/en-uk/person/nicholas_hoult/) [Paul McCartney](https://www.newslocker.com/en-uk/person/paul_mccartney/) [Prince William](https://www.newslocker.com/en-uk/person/prince_william/) [Ralph Fiennes](https://www.newslocker.com/en-uk/person/ralph_fiennes/) [Richard Branson](https://www.newslocker.com/en-uk/person/richard_branson/) [Robbie Williams](https://www.newslocker.com/en-uk/person/robbie-williams/) [Robert Pattinson](https://www.newslocker.com/en-uk/person/robert_pattinson/) [Rosamund Pike](https://www.newslocker.com/en-uk/person/rosamund_pike/) [Sophie Turner](https://www.newslocker.com/en-uk/person/sophie_turner/) [Theo James](https://www.newslocker.com/en-uk/person/theo_james/) [Tom Hardy](https://www.newslocker.com/en-uk/person/tom_hardy/) [Tom Hiddleston](https://www.newslocker.com/en-uk/person/tom_hiddleston/) [Tony Blair](https://www.newslocker.com/en-uk/person/tony_blair/) [Tyree Cooper](https://www.newslocker.com/en-uk/person/tyree-cooper/) [Wayne Rooney](https://www.newslocker.com/en-uk/person/wayne_rooney/) [Zayn Malik](https://www.newslocker.com/en-uk/person/zayn-malik/) [✗ Close categories](javascript:hideCategories();) [✗ Close categories](javascript:hideCategories();) [Accountancy](https://www.newslocker.com/en-uk/profession/accountancy/) [Administration](https://www.newslocker.com/en-uk/profession/administration/) [Advertising](https://www.newslocker.com/en-uk/profession/advertising/) [Aerospace](https://www.newslocker.com/en-uk/profession/aerospace/) [Agriculture](https://www.newslocker.com/en-uk/profession/agriculture/) [Analyst](https://www.newslocker.com/en-uk/profession/analyst/) [Animals](https://www.newslocker.com/en-uk/profession/animals/) [Antiques](https://www.newslocker.com/en-uk/profession/antiques/) [Archaeology](https://www.newslocker.com/en-uk/profession/archaeology/) [Architecture](https://www.newslocker.com/en-uk/profession/architecture/) [Arts](https://www.newslocker.com/en-uk/profession/arts/) [Astrology](https://www.newslocker.com/en-uk/profession/astrology/) [Astronomy](https://www.newslocker.com/en-uk/profession/astronomy/) [Auto News](https://www.newslocker.com/en-uk/profession/auto_news/) [Automotive](https://www.newslocker.com/en-uk/profession/automotive/) [Aviation](https://www.newslocker.com/en-uk/profession/aviation/) [Bakery](https://www.newslocker.com/en-uk/profession/bakery/) [Biotechnology](https://www.newslocker.com/en-uk/profession/biotechnology/) [Brazil](https://www.newslocker.com/en-uk/profession/brazil/) [Cabaret](https://www.newslocker.com/en-uk/profession/cabaret/) [Call Centre](https://www.newslocker.com/en-uk/profession/call-centre/) [Car News](https://www.newslocker.com/en-uk/profession/car-news/) [Care](https://www.newslocker.com/en-uk/profession/care/) [Catering](https://www.newslocker.com/en-uk/profession/catering/) [Charities](https://www.newslocker.com/en-uk/profession/charities/) [Chemistry](https://www.newslocker.com/en-uk/profession/chemistry/) [Child care](https://www.newslocker.com/en-uk/profession/child-care/) [Cinema, Theater & TV](https://www.newslocker.com/en-uk/profession/cinema_theater_tv/) [Cleaning Industry](https://www.newslocker.com/en-uk/profession/cleaning-industry/) [Coaching](https://www.newslocker.com/en-uk/profession/coaching/) [Construction](https://www.newslocker.com/en-uk/profession/construction/) [Customs](https://www.newslocker.com/en-uk/profession/customs/) [Dairy industry](https://www.newslocker.com/en-uk/profession/dairy-industry/) [Dance & ballet](https://www.newslocker.com/en-uk/profession/dance-and-ballet/) [Debt collection agencies](https://www.newslocker.com/en-uk/profession/debt-collect-agencies/) [Defense](https://www.newslocker.com/en-uk/profession/defense/) [DJ](https://www.newslocker.com/en-uk/profession/dj/) [Economy](https://www.newslocker.com/en-uk/profession/economy/) [Education & Training](https://www.newslocker.com/en-uk/profession/education-and-training/) [Electrical](https://www.newslocker.com/en-uk/profession/electrical/) [Entrepreneur](https://www.newslocker.com/en-uk/profession/entrepreneur/) [Farming & Agriculture](https://www.newslocker.com/en-uk/profession/farming_agriculture/) [Financial](https://www.newslocker.com/en-uk/profession/financial/) [Firefighter](https://www.newslocker.com/en-uk/profession/firefighter/) [Fisheries](https://www.newslocker.com/en-uk/profession/fisheries/) [Flowers](https://www.newslocker.com/en-uk/profession/flowers/) [FMCG](https://www.newslocker.com/en-uk/profession/fmcg/) [Food](https://www.newslocker.com/en-uk/profession/food/) [Fruit & Vegetables](https://www.newslocker.com/en-uk/profession/fruit_vegetables/) [Genealogy](https://www.newslocker.com/en-uk/profession/genealogy/) [General News](https://www.newslocker.com/en-uk/profession/general_news/) [Government](https://www.newslocker.com/en-uk/profession/government/) [Hair stylist](https://www.newslocker.com/en-uk/profession/hair-stylist/) [Hotel](https://www.newslocker.com/en-uk/profession/hotel/) [HR & Recruitment](https://www.newslocker.com/en-uk/profession/hr_recruitment/) [ICT](https://www.newslocker.com/en-uk/profession/ict/) [Insurance](https://www.newslocker.com/en-uk/profession/insurance/) [IT Executive](https://www.newslocker.com/en-uk/profession/it-executive/) [Jobs](https://www.newslocker.com/en-uk/profession/jobs/) [Justice](https://www.newslocker.com/en-uk/profession/justice/) [Landscaper](https://www.newslocker.com/en-uk/profession/landscaper/) [Lawyer](https://www.newslocker.com/en-uk/profession/lawyer/) [Legal](https://www.newslocker.com/en-uk/profession/legal/) [Library](https://www.newslocker.com/en-uk/profession/library/) [Logistics](https://www.newslocker.com/en-uk/profession/logistics/) [Marketing](https://www.newslocker.com/en-uk/profession/marketing/) [Meat industry](https://www.newslocker.com/en-uk/profession/meat-industry/) [Medical Industry](https://www.newslocker.com/en-uk/profession/medical-industry/) [Mining](https://www.newslocker.com/en-uk/profession/mining/) [Nurse](https://www.newslocker.com/en-uk/profession/nurse/) [Online Trends](https://www.newslocker.com/en-uk/profession/online-trends/) [Pharmaceutical Industry](https://www.newslocker.com/en-uk/profession/pharmaceutical-industry/) [Pharmacy](https://www.newslocker.com/en-uk/profession/pharmacy/) [Physical therapy](https://www.newslocker.com/en-uk/profession/physical_therapy/) [Police](https://www.newslocker.com/en-uk/profession/police/) [Political](https://www.newslocker.com/en-uk/profession/political/) [PR Public relations](https://www.newslocker.com/en-uk/profession/pr_public_relations/) [Production & Industry](https://www.newslocker.com/en-uk/profession/production-and-industry/) [Project Management](https://www.newslocker.com/en-uk/profession/projectmanagement/) [Psychology](https://www.newslocker.com/en-uk/profession/psychology/) [Public Transport](https://www.newslocker.com/en-uk/profession/public_transport/) [Publisher](https://www.newslocker.com/en-uk/profession/publisher/) [Real estate](https://www.newslocker.com/en-uk/profession/real_estate/) [Research & Development](https://www.newslocker.com/en-uk/profession/research-and-development/) [Restaurant](https://www.newslocker.com/en-uk/profession/restaurant/) [Retail](https://www.newslocker.com/en-uk/profession/retail/) [Sales & Marketing](https://www.newslocker.com/en-uk/profession/sales_marketing/) [Security](https://www.newslocker.com/en-uk/profession/security/) [SEO](https://www.newslocker.com/en-uk/profession/seo/) [Shipping](https://www.newslocker.com/en-uk/profession/shipping/) [Social work](https://www.newslocker.com/en-uk/profession/social_work/) [Sustainable Energy](https://www.newslocker.com/en-uk/profession/sustainable-energy/) [Teacher](https://www.newslocker.com/en-uk/profession/teacher/) [Telecom](https://www.newslocker.com/en-uk/profession/telecom/) [Tourism](https://www.newslocker.com/en-uk/profession/tourism/) [Traditional Energy](https://www.newslocker.com/en-uk/profession/traditional-energy/) [Transport](https://www.newslocker.com/en-uk/profession/transport/) [Travel Industry](https://www.newslocker.com/en-uk/profession/travel-industry/) [Web Design](https://www.newslocker.com/en-uk/profession/web_design/) [✗ Close categories](javascript:hideCategories();) - [Emma Raducanu continues hot streak to see off Linda Noskova in Stuttgart](https://www.newslocker.com/en-uk/sport/tennis/emma-raducanu-continues-hot-streak-to-see-off-linda-noskova-in-stuttgart/view/)Briton wins 6-0, 7-5 to set up quarter-final with Iga SwiatekSays she is ‘not surprised’ by her fine recent run of formEmma Raducanu says the best is yet to come as she continued her excellent form by making it through to the quarter-final of the Stuttgart Open. The 2021 US Open champion beat Linda Noskova 6-0, 7-5 in Germany to set up a mouth-watering last-eight tie with world number one Iga Swiatek on Friday.Raducanu is making her way back after a torrid 2023 but looked excellent i - [Emma Raducanu's eye-watering earnings despite tennis star's injury struggles](https://www.newslocker.com/en-uk/sport/tennis/emma-raducanus-eye-watering-earnings-despite-tennis-stars-injury-struggles/view/)Emma Raducanu has endured a string of injury issues since her history-making 2021 US Open win, but the British tennis star has still been healthy away from the court - [Raducanu breezes past Kerber at Stuttgart Open](https://www.newslocker.com/en-uk/sport/tennis/raducanu-breezes-past-kerber-at-stuttgart-open/view/)Britain's Emma Raducanu continues her revival in form with a straight-set win over Angelique Kerber in the Stuttgart Open first round. - [Rafa Nadal suffers worst defeat in five years as tennis icon humiliated on court named after him](https://www.newslocker.com/en-uk/sport/tennis/rafa-nadal-suffers-worst-defeat-in-five-years-as-tennis-icon-humiliated-on-court-named-after-him/view/)Rafael Nadal won just six games and made 42 unforced errors as he was knocked out of the Barcelona Open in the second round by Alex de Minaur, with the defeat his worst since 2019 - [Nadal's comeback in Barcelona ended by De Minaur](https://www.newslocker.com/en-uk/sport/tennis/nadals-comeback-in-barcelona-ended-by-de-minaur/view/)Rafael Nadal's latest injury comeback - in what could be his final season before retirement - ends with a second-round defeat at the Barcelona Open. - [Rafael Nadal’s comeback ends in second-round defeat by Alex de Minaur](https://www.newslocker.com/en-uk/sport/tennis/rafael-nadals-comeback-ends-in-second-round-defeat-by-alex-de-minaur/view/)Spaniard ran out of steam against Australian in BarcelonaThe 37-year-old 22-time slam winner went down 7-5, 6-1Rafael Nadal’s comeback effort ended on Wednesday with a second-round loss to the No 4 seed Alex de Minaur at the Barcelona Open.Competing for the first time since early January, Nadal began his Spanish homecoming on Tuesday with a 6-2, 6-3 win against Italy’s Flavio Cobolli. Continue reading... - [Rafael Nadal has work to do for French Open after fading away in Alex De Minaur loss](https://www.newslocker.com/en-uk/sport/tennis/rafael-nadal-has-work-to-do-for-french-open-after-fading-away-in-alex-de-minaur-loss/view/)Rafael Nadal lost to Alex De Minaur at the Barcelona Open. - [Barcelona Open star tells ATP 'stop making me do drugs tests' after losing again](https://www.newslocker.com/en-uk/sport/tennis/barcelona-open-star-tells-atp-stop-making-me-do-drugs-tests-after-losing-again/view/)Alexandre Muller made a plea to the ATP Tour after losing in Barcelona. - [Barcelona Open star calls for VAR during fiery row with umpire](https://www.newslocker.com/en-uk/sport/tennis/barcelona-open-star-calls-for-var-during-fiery-row-with-umpire/view/)Casper Ruud called for VAR to be used at the Barcelona Open. - [Tennis icon named 'world's sexiest woman' retired aged 21 and is Enrique Iglesias' partner](https://www.newslocker.com/en-uk/sport/tennis/tennis-icon-named-worlds-sexiest-woman-retired-aged-21-and-is-enrique-iglesias-partner/view/)Anna Kournikova was one of the world's most well-known tennis stars. - [Andy Murray on French Open entry list but Emma Raducanu not in the draw](https://www.newslocker.com/en-uk/sport/tennis/andy-murray-on-french-open-entry-list-but-emma-raducanu-not-in-the-draw/view/)The 36-year-old Scot has been struggling with injuryFormer US Open champion may need a wild-card entry Andy Murray has been included in the entry list for next month’s French Open but Emma Raducanu, fresh from her success in Great Britain’s qualification for the Billie Jean King Cup finals, may yet need a wild card for Roland Garrros.The 36-year-old Murray has been struggling with injury since he was forced to withdraw from last year’s French Open and he ruptured ankle ligament - [Coco Gauff makes clay court admission after long-awaited change to coaching team](https://www.newslocker.com/en-uk/sport/tennis/coco-gauff-makes-clay-court-admission-after-long-awaited-change-to-coaching-team/view/)Coco Gauff is looking to win her first clay court title since 2021 ahead of the upcoming French Open at Roland Garros. - [Injured Murray on French Open entry list](https://www.newslocker.com/en-uk/sport/tennis/injured-murray-on-french-open-entry-list/view/)Britain's Andy Murray is named on the entry list for next month's French Open as he recovers from an ankle injury. - [Rafael Nadal accuses Stefanos Tsitsipas of 'talking nonsense' after comeback victory](https://www.newslocker.com/en-uk/sport/tennis/rafael-nadal-accuses-stefanos-tsitsipas-of-talking-nonsense-after-comeback-victory/view/)Rafael Nadal has hit back at Stefanos Tsitsipas following his return to action in Barcelona. - [Rafael Nadal shows true colours with classy gesture to Flavio Cobolli after crowd outburst](https://www.newslocker.com/en-uk/sport/tennis/rafael-nadal-shows-true-colours-with-classy-gesture-to-flavio-cobolli-after-crowd-outburst/view/)Rafael Nadal defeated Flavio Cobolli on his injury comeback at the Barcelona Open. - ['Back in business': Nadal makes winning return at Barcelona Open – video highlights](https://www.newslocker.com/en-uk/sport/tennis/back-in-business-nadal-makes-winning-return-at-barcelona-open-ndashnbspvideo-highlights/view/)Rafael Nadal made a winning return to the court with victory over Flavio Cobolli in the first round of the Barcelona Open. The 37-year-old was playing his second tournament in 15 months after suffering another hip injury at his comeback event in Brisbane in January. Nadal eased to a 6-2, 6-3 victory over the 21-year-old Italian Cobolli in his first match on clay since he won his 14th French Open title in 2022. Rafael Nadal makes winning return in first round at Barcelona Open Continue reading... - [Rafael Nadal makes winning return in first round at Barcelona Open](https://www.newslocker.com/en-uk/sport/tennis/rafael-nadal-makes-winning-return-in-first-round-at-barcelona-open/view/)37-year-old beats Cobolli 6-2, 6-3 in first match since January‘I’m just having fun and happy to start with a victory’Rafael Nadal made a winning return to the court with victory over Flavio Cobolli in the first round of the Barcelona Open.The 37-year-old was playing his second tournament in 15 months after suffering another injury problem in his hip at his comeback event in Brisbane in January. Continue reading... - [Nadal makes winning return on injury comeback](https://www.newslocker.com/en-uk/sport/tennis/nadal-makes-winning-return-on-injury-comeback/view/)Rafael Nadal enjoys a winning start at the Barcelona Open as he returns from another long-term injury in what could be his final year before retirement. - [Rafael Nadal makes honest admission about injury comeback after first win since January](https://www.newslocker.com/en-uk/sport/tennis/rafael-nadal-makes-honest-admission-about-injury-comeback-after-first-win-since-january/view/)Rafael Nadal won his comeback match in Barcelona. - [Five things we learned from Rafael Nadal's first clay match in 681 days](https://www.newslocker.com/en-uk/sport/tennis/five-things-we-learned-from-rafael-nadals-first-clay-match-in-681-days/view/)Rafael Nadal made a winning return to competition at the Barcelona Open. - [Andy Roddick rips into 'dumpster fire' after watching Daniil Medvedev's umpire meltdowns](https://www.newslocker.com/en-uk/sport/tennis/andy-roddick-rips-into-dumpster-fire-after-watching-daniil-medvedevs-umpire-meltdowns/view/)Andy Roddick has responded after Daniil Medvedev found himself embroiled in several arguments with officials. - [Andy Roddick 'so scared' of Novak Djokovic fans after calling for Serb to be punished](https://www.newslocker.com/en-uk/sport/tennis/andy-roddick-so-scared-of-novak-djokovic-fans-after-calling-for-serb-to-be-punished/view/)Andy Roddick claimed that Novak Djokovic deserved to be warned for his behaviour. - [Carlos Alcaraz's French Open hopes derailing as Spaniard makes unusual decision](https://www.newslocker.com/en-uk/sport/tennis/carlos-alcarazs-french-open-hopes-derailing-as-spaniard-makes-unusual-decision/view/)Carlos Alcaraz's schedule is unclear following his Barcelona Open withdrawal. - [Andy Murray learns Wimbledon fate as full extent of ankle injury revealed](https://www.newslocker.com/en-uk/sport/tennis/andy-murray-learns-wimbledon-fate-as-full-extent-of-ankle-injury-revealed/view/)Former world number one Andy Murray suffered a first round exit at the Australian Open, with his 2024 season in jeopardy after the veteran's injury issues continues - [Andy Murray's Wimbledon hopes still alive as Brit will not have surgery on ankle injury](https://www.newslocker.com/en-uk/sport/tennis/andy-murrays-wimbledon-hopes-still-alive-as-brit-will-not-have-surgery-on-ankle-injury/view/)Andy Murray's hopes of competing at Wimbledon are still alive. - [Murray will not have surgery on ankle injury](https://www.newslocker.com/en-uk/sport/tennis/murray-will-not-have-surgery-on-ankle-injury/view/)Andy Murray will not have surgery surgery on an ankle injury suffered last month but does not have a date for his return. - [Nadal wants to 'enjoy the moment' on return](https://www.newslocker.com/en-uk/sport/tennis/nadal-wants-to-enjoy-the-moment-on-return/view/)Rafael Nadal says he is \"just trying to enjoy every moment\" as he returns to the tour for the first time since January. - [Women's event at Queen's dependent on grass condition](https://www.newslocker.com/en-uk/sport/tennis/womens-event-at-queens-dependent-on-grass-condition/view/)Plans for a women's tournament at Queen's Club depend on the grass courts being in good enough condition for the men's event. - [LTA reveals plans for new Queen’s Club women’s tournament from 2025](https://www.newslocker.com/en-uk/sport/tennis/lta-reveals-plans-for-new-queens-club-womens-tournament-from-2025/view/)New tournament would take place week before men’s eventLTA confident quality of grass courts makes two events viableThe Lawn Tennis Association is in discussions to bring women’s tennis back to the Queen’s Club in Barons Court, west London, for the first time since 1973 with a new high-profile event at the beginning of the grass-court season.A new women’s tournament at Queen’s would take place a week before the men’s event begins and a week after Roland Garros - [Tennis star shares gruesome photo of ankle injury after retiring at Barcelona Open](https://www.newslocker.com/en-uk/sport/tennis/tennis-star-shares-gruesome-photo-of-ankle-injury-after-retiring-at-barcelona-open/view/)Tennis fans were left grimacing when seeing the extent of an injury sustained at the Barcelona Open on Monday. Follow [@Tennis_News_UK](https://twitter.com/Tennis_News_UK) on Twitter!",
    "highlightText": "",
    "highlightTitle": "",
    "highlightThreadTitle": "",
    "language": "english",
    "sentiment": "positive",
    "categories": [
        "Human Interest",
        "Health",
        "Sport"
    ],
    "external_links": [
        "https://twitter.com/Tennis_News_UK)",
        "https://www.twitter.com/Tennis_News_UK)"
    ],
    "external_images": [],
    "entities": {
        "persons": [
            {
                "name": "emma raducanu",
                "sentiment": "negative"
            },
            {
                "name": "linda noskova",
                "sentiment": "negative"
            }
        ],
        "organizations": [
            {
                "name": "british airways",
                "sentiment": "none"
            }
        ],
        "locations": [
            {
                "name": "stuttgart",
                "sentiment": "none"
            }
        ]
    },
    "rating": null,
    "crawled": "2024-04-19T00:07:29.947+03:00",
    "updated": "2024-04-19T00:07:29.947+03:00"
}