{
    "thread": {
        "uuid": "d1bebacab10b1301b06974c8c46ee90dcbac8c2f",
        "url": "https://flipboard.com/article/students-first-glimpse-of-new-allenstown-school-draws-awe/f-17e969b03a%2Fconcordmonitor.com",
        "site_full": "flipboard.com",
        "site": "flipboard.com",
        "site_section": "https://flipboard.com/topic/westernmassachusetts",
        "site_categories": [
            "family_and_parenting",
            "eldercare"
        ],
        "section_title": "Discover More in Western Massachusetts on Flipboard",
        "title": "Students’ first glimpse of new Allenstown school draws awe | Flipboard",
        "title_full": "Students’ first glimpse of new Allenstown school draws awe | Flipboard",
        "published": "2024-04-18T03:00:00.000+03:00",
        "replies_count": 0,
        "participants_count": 1,
        "site_type": "news",
        "country": "US",
        "main_image": "https://cdn.flipboard.com/itemshare/Logo-250X250.png",
        "performance_score": 0,
        "domain_rank": 1222,
        "domain_rank_updated": "2024-04-16T13:07:52.000+03:00",
        "reach": null,
        "social": {
            "facebook": {
                "likes": 0,
                "comments": 0,
                "shares": 0
            },
            "gplus": {
                "shares": 0
            },
            "pinterest": {
                "shares": 0
            },
            "linkedin": {
                "shares": 0
            },
            "stumbledupon": {
                "shares": 0
            },
            "vk": {
                "shares": 0
            }
        }
    },
    "uuid": "d1bebacab10b1301b06974c8c46ee90dcbac8c2f",
    "url": "https://flipboard.com/article/students-first-glimpse-of-new-allenstown-school-draws-awe/f-17e969b03a%2Fconcordmonitor.com",
    "ord_in_thread": 0,
    "parent_url": null,
    "author": "concordmonitor.com",
    "published": "2024-04-18T03:00:00.000+03:00",
    "title": "Students’ first glimpse of new Allenstown school draws awe | Flipboard",
    "text": "Students’ first glimpse of new Allenstown school draws awe Jaws dropped and cheers erupted as Allenstown students entered their new school building for the first time Thursday morning.“Yo, this looks like a …\nconcordmonitor.com • 2h",
    "highlightText": "",
    "highlightTitle": "",
    "highlightThreadTitle": "",
    "language": "english",
    "sentiment": "positive",
    "categories": [
        "Human Interest",
        "Education"
    ],
    "external_links": [],
    "external_images": [],
    "entities": {
        "persons": [
            {
                "name": "allens",
                "sentiment": "positive"
            },
            {
                "name": "pat mcafee",
                "sentiment": "none"
            },
            {
                "name": "bill belichick",
                "sentiment": "none"
            }
        ],
        "organizations": [
            {
                "name": "boston sports",
                "sentiment": "none"
            }
        ],
        "locations": [
            {
                "name": "allenstown",
                "sentiment": "none"
            },
            {
                "name": "new england",
                "sentiment": "none"
            },
            {
                "name": "america",
                "sentiment": "none"
            },
            {
                "name": "america",
                "sentiment": "none"
            }
        ]
    },
    "rating": null,
    "crawled": "2024-04-19T00:33:27.652+03:00",
    "updated": "2024-04-19T00:39:44.286+03:00"
}