{
    "thread": {
        "uuid": "15ef2532b30e441c0a077bfb3405c492eac5a74d",
        "url": "https://www.kens5.com/article/life/wellness/amazing-preservation-race-relay-scavenger-hunt-next-month-at-legacy-park-san-antonio/273-3ff92f5c-38c0-4515-bc45-70905a22beb0",
        "site_full": "www.kens5.com",
        "site": "kens5.com",
        "site_section": "https://kens5.com/callkens",
        "site_categories": [
            "media"
        ],
        "section_title": "Call KENS | kens5.com",
        "title": "Amazing Preservation Race set for May 3 at Legacy park | kens5.com",
        "title_full": "Amazing Preservation Race set for May 3 at Legacy park | kens5.com",
        "published": "2024-04-18T23:33:00.000+03:00",
        "replies_count": 0,
        "participants_count": 1,
        "site_type": "news",
        "country": "US",
        "main_image": "https://media.kens5.com/assets/KENS/images/d989c84c-9f99-40ad-afeb-9cc2ba1a8dea/d989c84c-9f99-40ad-afeb-9cc2ba1a8dea_1140x641.jpg",
        "performance_score": 0,
        "domain_rank": 12153,
        "domain_rank_updated": "2024-04-16T13:07:52.000+03:00",
        "reach": null,
        "social": {
            "facebook": {
                "likes": 0,
                "comments": 0,
                "shares": 0
            },
            "gplus": {
                "shares": 0
            },
            "pinterest": {
                "shares": 0
            },
            "linkedin": {
                "shares": 0
            },
            "stumbledupon": {
                "shares": 0
            },
            "vk": {
                "shares": 0
            }
        }
    },
    "uuid": "15ef2532b30e441c0a077bfb3405c492eac5a74d",
    "url": "https://www.kens5.com/article/life/wellness/amazing-preservation-race-relay-scavenger-hunt-next-month-at-legacy-park-san-antonio/273-3ff92f5c-38c0-4515-bc45-70905a22beb0",
    "ord_in_thread": 0,
    "parent_url": null,
    "author": "Jeremy Baker",
    "published": "2024-04-18T23:33:00.000+03:00",
    "title": "Amazing Preservation Race set for May 3 at Legacy park | kens5.com",
    "text": "SAN ANTONIO — Every May for the past 40 years the National Trust for Historic Preservation has celebrated Preservation month. And one of those events in downtown San Antonio aims to teach participants about the heritage, cultures, and ideas that make our city unique, in a fun way. Its called \"The Amazing Preservation Race.\" It is the only race of it's kind in the Alamo City. Teams of four will follow clues and complete challenges as they learn and use knowledge about San Antonio and it's rich history. And the City wants you to participate. Shannon Miller, the Director of Office of Historic Preservation said, \"Teams of four adults must follow clues that help them identify historic spots in downtown San Antonio. And then they have to complete either a mental or physical challenge in order to get their passport filled and complete all the challenges and get back to the finish line.\" And it isn't just for the adults. \"It's really intended to help us celebrate and also highlight the the built heritage and the culture and traditions that make San Antonio special,\" said Miller. The challenges are top secret and spread out across three miles of downtown. Races can use cellphones to decipher clues that are based in San Antonio's history and architecture. You can only use your feet to get around, no public transit or rideshares. Prizes will be awarded to the top three finishers, best costume, and best team spirit. Miller added, \"You also have to complete some detours along the way that are not location specific. So it might be taking a photo with a dog or something along those lines that are one of the detour options.\" And for those that race, it is a two-fer! Miller said, \"Amazing preservation race is really a fun way to get people both out in the community being active, but then also just really learning about San Antonio's local history and culture. The race takes place Friday, May 3 at 6:30 p.m. at Legacy Park. People can sign up until Apr. 30.",
    "highlightText": "",
    "highlightTitle": "",
    "highlightThreadTitle": "",
    "language": "english",
    "sentiment": "positive",
    "categories": [
        "Lifestyle and Leisure",
        "Arts, Culture and Entertainment",
        "Human Interest"
    ],
    "external_links": [
        "https://www.adventuresignup.com/Race/TX/SanAntonio/AmazingPreservationRace)",
        "https://adventuresignup.com/Race/TX/SanAntonio/AmazingPreservationRace)"
    ],
    "external_images": [],
    "entities": {
        "persons": [
            {
                "name": "shannon miller",
                "sentiment": "none"
            }
        ],
        "organizations": [
            {
                "name": "national trust for historic preservation",
                "sentiment": "negative"
            },
            {
                "name": "office of historic preservation",
                "sentiment": "none"
            }
        ],
        "locations": [
            {
                "name": "san antonio",
                "sentiment": "none"
            },
            {
                "name": "san antonio",
                "sentiment": "none"
            },
            {
                "name": "alamo city",
                "sentiment": "none"
            }
        ]
    },
    "rating": null,
    "crawled": "2024-04-19T00:01:24.231+03:00",
    "updated": "2024-04-19T03:17:09.593+03:00"
}