{
    "thread": {
        "uuid": "c29ae10e062b89f77d5849008b8dc6f613df79cc",
        "url": "https://istoe.com.br/exercito-da-nigeria-encontra-jovem-sequestrada-ha-10-anos-pelo-boko-haram",
        "site_full": "istoe.com.br",
        "site": "istoe.com.br",
        "site_section": "http://brazil.shafaqna.com/rss.xml",
        "site_categories": [
            "under_construction",
            "non_standard_content",
            "top_news"
        ],
        "section_title": "Brasil Notícias (Leitor de Notícias) | ",
        "title": "Exército da Nigéria encontra jovem sequestrada há 10 anos pelo Boko Haram - ISTOÉ Independente",
        "title_full": "Exército da Nigéria encontra jovem sequestrada há 10 anos pelo Boko Haram - ISTOÉ Independente",
        "published": "2024-04-18T03:00:00.000+03:00",
        "replies_count": 0,
        "participants_count": 1,
        "site_type": "news",
        "country": "BR",
        "main_image": "https://istoe.com.br/wp-includes/images/media/default.png",
        "performance_score": 0,
        "domain_rank": 16738,
        "domain_rank_updated": "2024-04-16T13:07:52.000+03:00",
        "reach": null,
        "social": {
            "facebook": {
                "likes": 0,
                "comments": 0,
                "shares": 0
            },
            "gplus": {
                "shares": 0
            },
            "pinterest": {
                "shares": 0
            },
            "linkedin": {
                "shares": 0
            },
            "stumbledupon": {
                "shares": 0
            },
            "vk": {
                "shares": 0
            }
        }
    },
    "uuid": "c29ae10e062b89f77d5849008b8dc6f613df79cc",
    "url": "https://istoe.com.br/exercito-da-nigeria-encontra-jovem-sequestrada-ha-10-anos-pelo-boko-haram",
    "ord_in_thread": 0,
    "parent_url": null,
    "author": "admin3",
    "published": "2024-04-18T03:00:00.000+03:00",
    "title": "Exército da Nigéria encontra jovem sequestrada há 10 anos pelo Boko Haram - ISTOÉ Independente",
    "text": "18/04/2024 - 18:21 O Exército da Nigéria anunciou nesta quinta-feira (18) que encontrou uma das 276 estudantes sequestradas pela organização jihadista Boko Haram há dez anos na localidade de Chibok, nordeste do país. Lydia, que está grávida, foi resgatada com os três filhos perto da cidade de Ngoshe, no estado de Borno, informou o Exército. Ocorrido em 14 de abril de 2014, o sequestro gerou indignação no mundo e deu origem à campanha “Traga nossas meninas de volta”. O Exército resgatou várias delas ao longo dos anos, muitas das quais haviam sido obrigadas a se casar com seus sequestradores. Cerca de 100 jovens continuam desaparecidas. Hoje enfraquecido pela ação do Exército e por disputas internas com a facção rival Estado Islâmico da África Oriental, o Boko Haram continua realizando atentados no norte da Nigéria, principalmente em áreas remotas. A insurgência jihadista nessa região do país já deixou mais de 40 mil mortos e 2 milhões de deslocados desde 2009. Os sequestros em massa continuam sendo uma grande preocupação na Nigéria, diante da proliferação de grupos criminosos armados que atuam em estradas, residências e escolas em busca de resgates. Mais de 1.680 estudantes foram sequestrados em escolas nigerianas entre 2014 e 2022, segundo a ONG Save the Children. pma/ks/cpy/hgs/db/lb/am",
    "highlightText": "",
    "highlightTitle": "",
    "highlightThreadTitle": "",
    "language": "portuguese",
    "sentiment": "positive",
    "categories": [
        "Crime, Law and Justice",
        "Human Interest"
    ],
    "external_links": [],
    "external_images": [],
    "entities": {
        "persons": [],
        "organizations": [],
        "locations": []
    },
    "rating": null,
    "crawled": "2024-04-19T00:37:53.598+03:00",
    "updated": "2024-04-19T00:37:53.598+03:00"
}