{
    "thread": {
        "uuid": "e3f041e4505c78829922548730177a640f1e1679",
        "url": "https://viapais.com.ar/deportes/atajo-dos-penales-y-dejo-afuera-a-un-equipo-frances-show-y-costumbre-para-dibu-martinez",
        "site_full": "viapais.com.ar",
        "site": "viapais.com.ar",
        "site_section": "https://viapais.com.ar/arcio/rss",
        "site_categories": [
            "media",
            "top_news"
        ],
        "section_title": "Via Pais",
        "title": "Atajó dos penales y dejó afuera a un equipo francés: show y costumbre para “Dibu” Martínez",
        "title_full": "Atajó dos penales y dejó afuera a un equipo francés: show y costumbre para “Dibu” Martínez",
        "published": "2024-04-18T03:00:00.000+03:00",
        "replies_count": 0,
        "participants_count": 1,
        "site_type": "news",
        "country": "AR",
        "main_image": "https://viapais.com.ar/resizer/6bfpXAZcBKPhgZHK65M-CXKBe5I=/0x0:0x0/1200x630/filters:quality(80):format(webp)/cloudfront-us-east-1.images.arcpublishing.com/grupoclarin/PKLVV25LZBHVVFDQHHA6D7FTPE.jpg",
        "performance_score": 0,
        "domain_rank": 80464,
        "domain_rank_updated": "2024-04-16T13:08:05.000+03:00",
        "reach": null,
        "social": {
            "facebook": {
                "likes": 0,
                "comments": 0,
                "shares": 0
            },
            "gplus": {
                "shares": 0
            },
            "pinterest": {
                "shares": 0
            },
            "linkedin": {
                "shares": 0
            },
            "stumbledupon": {
                "shares": 0
            },
            "vk": {
                "shares": 0
            }
        }
    },
    "uuid": "e3f041e4505c78829922548730177a640f1e1679",
    "url": "https://viapais.com.ar/deportes/atajo-dos-penales-y-dejo-afuera-a-un-equipo-frances-show-y-costumbre-para-dibu-martinez",
    "ord_in_thread": 0,
    "parent_url": null,
    "author": "Redacción Vía País",
    "published": "2024-04-18T03:00:00.000+03:00",
    "title": "Atajó dos penales y dejó afuera a un equipo francés: show y costumbre para “Dibu” Martínez",
    "text": "Emiliano “Dibu” Martínez no sale de las pesadillas de los franceses, que este jueves tuvo un nuevo capítulo. Hoy, 18 de abril, a 1 año y cuatro meses justos de aquella inolvidable tarde en Qatar, el arquero argentino volvió a ser figura para que su equipo Aston Villa acceda a las semifinales de la Conference League, tras eliminar por penales al Lille en su casa. El partido había terminado 2 a 1 para los villanos en Inglaterra por el partido de ida. La definición tuvo lugar en el Estadio Pierre-Mauroy, donde el arquero argentino tuvo un recibimiento por demás hostil, que lejos de cohibirlo, lo puso en lo más alto. En los ‘90, el local ganó 2 a 1 y Martínez terminó con una tarjeta amarilla. Ya en la definición por penales, todo era nervios pero el 1 volvió a vestirse de héroe. Cómo fue la definición por penales En primer lugar, le contuvo el tiro inicial a Nabil Bentaleb y, fiel a su estilo, se dio vuelta para hacer callar a la hinchada, que no lo dejó en paz durante todo el encuentro. Hubo nervios cuando el arquero vio la segunda amarilla: nadie recordó en ese momento que el nuevo reglamento dicta que las amonestaciones de los 90 no se acumulan con el resto. El último penal de Lille lo lanzó Benjamin André, otro francés. El “Dibu” lo atajó y sí: llegó la hora del baile. Atajada, giro, clásico pasito y festejo para uno que disfruta de lo que todos los demás sufren: las definiciones más tensas. De esta manera, el Aston Villa pasó a semifinales del torneo y deberá enfrentar al turco Fenerbahce, que eliminó por la mínima diferencia al Olympiacos.",
    "highlightText": "",
    "highlightTitle": "",
    "highlightThreadTitle": "",
    "language": "spanish",
    "sentiment": "positive",
    "categories": [
        "Social Issue",
        "Human Interest",
        "Sport"
    ],
    "external_links": [],
    "external_images": [],
    "entities": {
        "persons": [],
        "organizations": [],
        "locations": []
    },
    "rating": null,
    "crawled": "2024-04-19T00:10:38.917+03:00",
    "updated": "2024-04-19T00:10:38.917+03:00"
}