{
    "thread": {
        "uuid": "f719e38366fad83f686e2c5bc3df6c754c02e5cd",
        "url": "https://www.berkeleyside.org/2024/04/18/10-things-to-do-in-berkeley-and-oakland-on-earth-day",
        "site_full": "www.berkeleyside.org",
        "site": "berkeleyside.org",
        "site_section": "https://beverages.einnews.com/live_feed",
        "site_categories": [],
        "section_title": "Live Feed Wire - Beverage Industry Today - EIN Presswire",
        "title": "10 things to do in Berkeley and Oakland on Earth Day",
        "title_full": "10 things to do in Berkeley and Oakland on Earth Day",
        "published": "2024-04-18T03:00:00.000+03:00",
        "replies_count": 0,
        "participants_count": 1,
        "site_type": "news",
        "country": null,
        "main_image": "https://newspack-berkeleyside-cityside.s3.amazonaws.com/wp-content/uploads/2024/04/large-Lawrence-Hall-of-Science-Outdoor-lab.jpg",
        "performance_score": 0,
        "domain_rank": 43631,
        "domain_rank_updated": "2024-04-16T13:07:56.000+03:00",
        "reach": null,
        "social": {
            "facebook": {
                "likes": 0,
                "comments": 0,
                "shares": 0
            },
            "gplus": {
                "shares": 0
            },
            "pinterest": {
                "shares": 0
            },
            "linkedin": {
                "shares": 0
            },
            "stumbledupon": {
                "shares": 0
            },
            "vk": {
                "shares": 0
            }
        }
    },
    "uuid": "f719e38366fad83f686e2c5bc3df6c754c02e5cd",
    "url": "https://www.berkeleyside.org/2024/04/18/10-things-to-do-in-berkeley-and-oakland-on-earth-day",
    "ord_in_thread": 0,
    "parent_url": null,
    "author": "Iris Kwok",
    "published": "2024-04-18T03:00:00.000+03:00",
    "title": "10 things to do in Berkeley and Oakland on Earth Day",
    "text": "The first Earth Day was held on April 22, 1970, to raise public awareness of air and water pollution following a major oil spill in Santa Barbara. The day of protest , originally selected to fall between spring break and final exams so more students could partake, is often credited as the anniversary of the modern environmentalist movement. This year, groups in Berkeley will highlight various environmental issues, from plastic pollution to climate change, throughout the week. Whether you’re looking to learn more about native birds or bees, wanting to pick up trash at the Berkeley Marina or thinking of marching in a climate rally on Sproul Plaza, there’s something for most people. 🧤 Put on your closed-toe shoes and join the city of Berkeley’s Earth Day Shoreline Cleanup . Some supplies will be available, but you’re encouraged to bring your own bucket or reusable bag, reusable gloves, trash grabbers and reusable water bottles if you have them. Volunteers will be asked to fill out a waiver. Saturday, April 20, 9-11 a.m. Shorebird Park Nature Center. FREE 🌱 Green The Church and the Center for Food, Faith and Justice are co-presenting an event titled “Growing Healthy Communities from The Soil to The Soul.” The event, described by its organizers as a day of learning and connecting, will include a worship service, music, panel on food sovereignty and global food resilience, a green sermon and more. Speakers include Rev. Dr. Ambrose Carroll, Pastor Michael Smith of the McGee Avenue Baptist Church, gospel artist Ashling Cole, and keynote speaker Rev. Dr. Dante Quick from the First Baptist Church of Lincoln Gardens. Saturday, April 20, 9 a.m.-12 p.m. McGee Avenue Baptist Church. FREE ( RSVP ) 🌎 The second annual Berkeley Unified School District Climate Fair showcases middle school projects that explore the themes of climate change science, solutions and climate justice. The fair is a chance for students to present their takeaways from the school district’s Climate Literacy program in a non-competitive environment. There will also be hands-on activities, bike and sewing repair stations, food and prizes. Saturday, April 20, 10 a.m.-2 p.m. Longfellow Middle School (cafeteria). FREE 🎤 People’s Park activists are holding an Earth Day event titled “People’s Park and Green Space in Berkeley.” The event will feature a panel by longtime park activists Maxima Ventura and Carol Denney, UC Suitcase Clinic member Sofia Alcocer and Telegraph for People activist Lindsey Damashek. Saturday, April 20, 10:30 a.m.-12:30 p.m. Berkeley Public Library, Central Library (Community Meeting Room). 🐝 Learn about native bees and insects, hear from Cafe Ohlone co-founders Vincent Medina and Louis Trevino about Ohlone land stewardship practices, or try watercolor painting at the Lawrence Hall of Science’s outdoor nature lab during its Earth Day Celebration. See the museum’s website for the event schedule; the event is included with the cost of admission. Saturday, April 20. 11 a.m.-2:25 p.m. 🌼 Fourth Street will be teeming with family-friendly “Earth-tivities” including flower pot painting, succulent and wildflower painting, face painting and pollinator necklace decoration. Berkeley High School Jazz, The 3 Elements and Smith Dobson Trio will provide live music. Saturday, April 20, 2024. 12-4 p.m. Fourth and Delaware Streets. FREE 🔌 Thinking of transitioning your home away from gas to electric for healthier indoor air and to reduce your carbon footprint? The Alameda chapter of the Citizens’ Climate Lobby is hosting a home electrification fair , during which you’ll be able to chat with home electrification specialists, learn about the rebates and tax credits that are now available, and hear from experts about the state of the electrification movement. Saturday, April 20, 2-5 p.m. David Brower Center. FREE 🎥 The Wild and Scenic Film Festival, an on-tour program highlighting the best environmental films that came out this year, is coming to Berkeley. The film festival’s selections include films that inspire environmental activism or showcase the earth’s beauty. Proceeds go toward the Citizens’ Climate Lobby. Saturday, April 20, 7-9:30 p.m. David Brower Center. $20-$25 ( https://www.eventbrite.com/e/the-wild-and-scenic-film-festival-on-tour-tickets-824446831667) 📣 Some members of Cal’s student government, the ASUC, are organizing a climate strike at Sproul Plaza. The event, according to the organizers, celebrates the progress of Berkeley’s environmental community and looks toward “all the work that is still yet to be done.” Expect an art build, band, speakers, tabling from environmental groups and a march. Monday, April 22, 11 a.m.-2 p.m. Savio Steps, UC Berkeley. 🚣 The family-friendly Berkeley Bay Festival , hosted by the city of Berkeley, will feature live music, interactive circus arts and exhibits from more than 30 environmental and wildlife conservation organizations from around the Bay Area. Don’t miss the free boat rides. Featured food vendors include Royal Egyptian, Brown Cap Organic Soft Serve (read our stories ) and many more. Saturday, April 27, 11 a.m.-4 p.m. Shorebird Park. FREE Oakland Earth Day events 🌳 The city of Oakland has an interactive map where prospective volunteers can explore events taking place across Oakland. The city’s Earth Day activities run the gamut from trash cleanups and graffiti removal to habitat restoration, painting and trail improvement. The map features events put on by the city itself as well as some hosted by local organizations. Prospective volunteers can pre-register for city-run events by filling out a volunteer form. Some sites receive more volunteers than others so if you plan to attend with a large party, the city advises you to contact the event coordinator beforehand. If you can’t make it out to an event on April 20th, the city has put together a list of Earth Day-inspired activities and resources that you can get inspiration from throughout the year. Saturday, April 20, all day. Various locations in Oakland. FREE (RSVP ) 🧤 The East Bay Regional Park District is holding cleanup and restoration events at Martin Luther King Jr. Regional Shoreline, Hayward Regional Shoreline, Coyote Hills Regional Park, Point Pinole Regional Shoreline, Redwood Regional Park, Wildcat Canyon Regional Park, Don Castro Regional Recreation Area, Robert W. Crown Memorial State Beach and Big Break Regional Shoreline. Saturday, April 20, 9 a.m.-12 p.m. Various locations. ( https://ebrpd.samaritan.com/custom/501/opp_details/9282) 🛶 If you like water sports and are looking for a new way to participate in this year’s Earth Day, I Heart Oakland Alameda Estuary is hosting a cleanup with an “on the water” option. Participants can choose to join land crews to pick up trash along the shores of Estuary Park, Jack London Aquatic Center and other locations, or they can join water-based crews to kayak or stand-up paddleboard to get to hard-to-reach cleanup locations. Participants in the “on the water” group can bring their own watercraft or rent discounted equipment through California Canoe & Kayak. Organizers say this is a “long haul” event, so participants can expect a long day of physically demanding cleaning. They recommend volunteers wear sturdy shoes that protect their feet, bring sun protective equipment and dress in layers. Clean-up supplies will be provided. Saturday, April 20, 10 a.m.-1:15 p.m. Jack London Aquatic Center, Oakland. FREE ( https://www.eventbrite.com/e/earth-day-i-heart-oakland-estuary-cleanup-walk-kayak-sup-registration-786163916437?aff=oddtdtcreator) 🎾 Friends of Raimondi Park are inviting volunteers to help them clean up litter around the park’s sports fields and playground in West Oakland. No equipment is necessary and water, snacks, and coffee will be provided. Saturday, April 20, 10 a.m.-12 p.m. FREE ( https://www.eventbrite.com/e/friends-of-raimondi-park-earth-day-volunteer-cleanup-tickets-826581466417?aff=ebdssbdestsearch) 🧤 Keep Oakland Beautiful, MARK’s Artisans , and Urban Compassion Project are asking Oakland community members to join them at the Lake Merritt Bandstand on April 20. Participants will be provided equipment to help pick up litter around the lake. There will also be lunch provided by C’era Una Volta. Saturday, April 20, 9 a.m-12 p.m. Lake Merritt Bandstand, Oakland. FREE https://www.eventbrite.com/e/earth-day-beautification-at-lake-merritt-tickets-863145149377?aff=ebdssbdestsearch) 💧 The local watershed stewardship group Friends of Sausal Creek is looking for volunteers for its array of Earth Day activities. Restoration opportunities for people with a range of skill levels are available along the path of the creek, including events taking place at Barry Place, Dimond Park and Dimond Canyon, Montclair Railroad Trail, Beaconsfield Canyon and Wood Park. Participants should wear sun protection, layers, long pants and sturdy shoes. Check the https://sausalcreek.org/event-calendar for times and locations. Saturday, April 20. (RSVP) 🦋 Join local community organization Redwood Heights Association to spruce up the Redwood Heights Park. Activities will include expanding their butterfly garden, creating a space for native grasses and cleaning up existing plant life. Make sure to bring gloves, a hat and your gardening equipment. Refreshments will be available for participants. Saturday, April 20, 9 a.m.-1 p.m. Redwood Heights Park, Oakland. FREE ( https://rhaoakland.org/events/earth-day) Higher Ground Neighborhood Development Corp. in partnership with Better Neighborhoods, Same Neighbors is hosting a Martin Luther King Jr. Regional Shoreline Earth Day event and barbecue. Volunteers will meet at Kingfisher Picnic Area and work to try to plant 100 trees during the event. After the planting is done, community members can enjoy a barbecue to celebrate their hard work. The event starts at 1 p.m and barbecue begins at 4 p.m. Saturday, April 20. Kingfisher Picnic Area, Oakland. FREE Spend some time learning about local organizations fighting against climate change at the Chabot Space and Science Center’s “Earth Day in the Bay.” The event will feature guest speakers, hands-on activities, and live performances. Sunday, April 21, 10 a.m.-4 p.m. Chabot Space and Science Center. Tickets are needed , children under 2 are free. \"*\" indicates required fields",
    "highlightText": "",
    "highlightTitle": "",
    "highlightThreadTitle": "",
    "language": "english",
    "sentiment": "positive",
    "categories": [
        "Environment",
        "Human Interest"
    ],
    "external_links": [
        "https://www.eventbrite.com/e/home-electrification-fair-april-20-berkeley-tickets-857172003537",
        "https://rhaoakland.org/events/earth-day)",
        "https://www.calkayak.com/",
        "https://lawrencehallofscience.org/events/earth-day-celebration/",
        "https://docs.google.com/document/d/1-d0Im4GFcRq06BDPiLxRjM1k_7UG4u23lyLJav7FqGQ/edit#heading=h.feq8yhda2j8o",
        "https://sausalcreek.org/event-calendar",
        "http://www.fourthstreet.com/events/2024/4/20/earthday-on-fourth-street-2024",
        "https://ebrpd.samaritan.com/custom/501/opp_details/9282",
        "https://ecologycenter.org/events/2nd-annual-busd-climate-fair/",
        "https://survey123.arcgis.com/share/151c062e02494cc3973f9cfff352d824",
        "https://www.peoplespark.org/wp/events/",
        "https://www.eventbrite.com/e/friends-of-raimondi-park-earth-day-volunteer-cleanup-tickets-826581466417?aff=ebdssbdestsearch)",
        "https://www.eventbrite.com/e/earth-day-beautification-at-lake-merritt-tickets-863145149377?aff=ebdssbdestsearch)",
        "https://14884.blackbaudhosting.com/14884/tickets?tab=2&txobjid=0aa4fa5d-3ad1-41c5-9517-ba96bb32e0b5",
        "https://www.eventbrite.com/e/the-wild-and-scenic-film-festival-on-tour-tickets-824446831667)",
        "https://www.oaklandca.gov/resources/all-earth-day-at-home-ideas-across-all-categories",
        "https://oakland-volunteer-community-oakgis.hub.arcgis.com/pages/oakland-earth-day",
        "https://www.eventbrite.com/e/earth-day-i-heart-oakland-estuary-cleanup-walk-kayak-sup-registration-786163916437?aff=oddtdtcreator)",
        "https://berkeleyca.gov/community-recreation/events/berkeley-bay-festival",
        "https://berkeleyca.gov/community-recreation/events/earth-day-shoreline-cleanup",
        "https://www.earthday.org/history/",
        "https://iheartoaklandalamedaestuary.com/",
        "https://marksartisans.com/",
        "https://urbancompassionproject.org/",
        "https://ebrpd.samaritan.com/custom/501/opp_details/9282)",
        "https://www.eventbrite.com/e/green-the-church-growing-healthy-communities-from-the-soil-to-the-soul-tickets-865391668777?aff=erelexpmlt",
        "https://eventbrite.com/e/earth-day-beautification-at-lake-merritt-tickets-863145149377?aff=ebdssbdestsearch)",
        "https://earthday.org/history/",
        "https://www.eventbrite.com/e/earth-day-beautification-at-lake-merritt-tickets-863145149377",
        "https://eventbrite.com/e/home-electrification-fair-april-20-berkeley-tickets-857172003537",
        "https://www.urbancompassionproject.org/",
        "http://fourthstreet.com/events/2024/4/20/earthday-on-fourth-street-2024",
        "https://www.survey123.arcgis.com/share/151c062e02494cc3973f9cfff352d824",
        "https://ecologycenter.org/events/2nd-annual-busd-climate-fair",
        "https://www.earthday.org/history",
        "https://www.iheartoaklandalamedaestuary.com/",
        "https://www.oakland-volunteer-community-oakgis.hub.arcgis.com/pages/oakland-earth-day",
        "https://www.ebrpd.samaritan.com/custom/501/opp_details/9282)",
        "https://oaklandca.gov/resources/all-earth-day-at-home-ideas-across-all-categories",
        "https://calkayak.com/",
        "https://www.eventbrite.com/e/green-the-church-growing-healthy-communities-from-the-soil-to-the-soul-tickets-865391668777",
        "https://www.ebrpd.samaritan.com/custom/501/opp_details/9282",
        "https://www.eventbrite.com/e/friends-of-raimondi-park-earth-day-volunteer-cleanup-tickets-826581466417",
        "https://iheartoaklandalamedaestuary.com",
        "https://www.sausalcreek.org/event-calendar",
        "https://www.docs.google.com/document/d/1-d0Im4GFcRq06BDPiLxRjM1k_7UG4u23lyLJav7FqGQ/edit#heading=h.feq8yhda2j8o",
        "https://www.eventbrite.com/e/earth-day-i-heart-oakland-estuary-cleanup-walk-kayak-sup-registration-786163916437",
        "https://eventbrite.com/e/friends-of-raimondi-park-earth-day-volunteer-cleanup-tickets-826581466417?aff=ebdssbdestsearch)",
        "https://www.rhaoakland.org/events/earth-day)",
        "https://eventbrite.com/e/the-wild-and-scenic-film-festival-on-tour-tickets-824446831667)",
        "https://www.berkeleyca.gov/community-recreation/events/berkeley-bay-festival",
        "https://www.14884.blackbaudhosting.com/14884/tickets?tab=2&txobjid=0aa4fa5d-3ad1-41c5-9517-ba96bb32e0b5",
        "https://peoplespark.org/wp/events/",
        "https://urbancompassionproject.org",
        "https://lawrencehallofscience.org/events/earth-day-celebration",
        "https://14884.blackbaudhosting.com/14884/tickets",
        "https://www.lawrencehallofscience.org/events/earth-day-celebration/",
        "https://www.marksartisans.com/",
        "https://www.ecologycenter.org/events/2nd-annual-busd-climate-fair/",
        "https://www.calkayak.com",
        "https://www.berkeleyca.gov/community-recreation/events/earth-day-shoreline-cleanup",
        "https://eventbrite.com/e/earth-day-i-heart-oakland-estuary-cleanup-walk-kayak-sup-registration-786163916437?aff=oddtdtcreator)",
        "https://marksartisans.com",
        "https://eventbrite.com/e/green-the-church-growing-healthy-communities-from-the-soil-to-the-soul-tickets-865391668777?aff=erelexpmlt",
        "https://www.peoplespark.org/wp/events"
    ],
    "external_images": [],
    "entities": {
        "persons": [],
        "organizations": [],
        "locations": [
            {
                "name": "berkeley",
                "sentiment": "none"
            },
            {
                "name": "oakland",
                "sentiment": "none"
            },
            {
                "name": "sproul plaza",
                "sentiment": "none"
            },
            {
                "name": "santa barbara",
                "sentiment": "none"
            },
            {
                "name": "berkeley marina",
                "sentiment": "none"
            }
        ]
    },
    "rating": null,
    "crawled": "2024-04-19T00:41:29.964+03:00",
    "updated": "2024-04-19T00:41:29.964+03:00"
}