{
    "thread": {
        "uuid": "ffb52dc1fbbe8f895d6a605ebc0677303865983a",
        "url": "https://english.jagran.com/entertainment/masaba-gupta-and-husband-satyadeep-misra-announce-first-pregnancy-two-little-feet-are-on-their-way-10155131",
        "site_full": "english.jagran.com",
        "site": "jagran.com",
        "site_section": "https://english.jagran.com",
        "site_categories": [
            "media",
            "top_news"
        ],
        "section_title": "Jagran English: Latest News Today, Breaking News Headlines from India &amp; World",
        "title": "Masaba Gupta And Husband Satyadeep Misra Announce First Pregnancy: 'Two Little Feet Are On Their Way..'",
        "title_full": "Masaba Gupta And Husband Satyadeep Misra Announce First Pregnancy: 'Two Little Feet Are On Their Way..'",
        "published": "2024-04-18T18:52:00.000+03:00",
        "replies_count": 0,
        "participants_count": 1,
        "site_type": "news",
        "country": "IN",
        "main_image": "https://imgeng.jagran.com/images/2024/04/18/article/image/masabagupta-1713453500393.jpg",
        "performance_score": 0,
        "domain_rank": 11932,
        "domain_rank_updated": "2024-04-16T13:07:52.000+03:00",
        "reach": null,
        "social": {
            "facebook": {
                "likes": 0,
                "comments": 0,
                "shares": 0
            },
            "gplus": {
                "shares": 0
            },
            "pinterest": {
                "shares": 0
            },
            "linkedin": {
                "shares": 0
            },
            "stumbledupon": {
                "shares": 0
            },
            "vk": {
                "shares": 0
            }
        }
    },
    "uuid": "ffb52dc1fbbe8f895d6a605ebc0677303865983a",
    "url": "https://english.jagran.com/entertainment/masaba-gupta-and-husband-satyadeep-misra-announce-first-pregnancy-two-little-feet-are-on-their-way-10155131",
    "ord_in_thread": 0,
    "parent_url": null,
    "author": "@englishjagrannews",
    "published": "2024-04-18T18:52:00.000+03:00",
    "title": "Masaba Gupta And Husband Satyadeep Misra Announce First Pregnancy: 'Two Little Feet Are On Their Way..'",
    "text": "- By [Simran Srivastav](/authors/simran-srivastav) - Published: Thu, 18 Apr 2024 08:52 PM (IST) - Source:JND Fashion designer-actor Masaba Gupta and Bollywood actor Satyadeep Misra have announced their first pregnancy. The couple tied the knot on January 27, 2023, in an intimate yet beautiful wedding ceremony. The two announced the news of their pregnancy on social media and posted a beautiful picture of them sitting together. Sharing the pregnancy news, Masaba Gupta wrote, \"In other news - Two little feet are on their way to us! Please send love, blessings and banana chips ( plain salted ONLY) #babyonboard #mom&dad.\" View this post on Instagram On the work front, Masaba Gupta was seen in the web series 'Masaba Masaba', which is the fictionalised version of her life. The series also stars her mother Neena Gupta along with Neil Bhoopalam, Rytasha Rathore, Kusha Kapila, Kareema Barry, Barkha Singh, Ram Kapoor, and Armaan Khera. Talking about 'Masaba Masaba Season 2', director Sonam Nair said, \"When Ashvini Yardi brought Masaba Masaba to me, it was an idea, an idea I fell in love with immediately, and I was sure it was going to bring a host of good feelings with it. Bringing this series to life for me, was an experience I'll never forget. I got to experiment and work with not only a great service like Netflix but also incredibly dedicated, honest and talented actors. Season 2 is a pivot into newer regions but with the same amount of heart and I can't wait for audiences to see it\". Masaba Gupta owns a label called 'House of Masaba' and recently teamed up with Kareena Kapoor for her new collection. She was last seen in the anthology movie 'Modern Love: Mumbai', along with Ritwik Bhowmik. [English Jagran.com](https://english.jagran.com/)Jagran English is available on WhatsApp. Join now for latest news from India and around the world. [Join our WhatsApp Channel](https://www.whatsapp.com/channel/0029VaAYubwADTOESVWMhl0l?utm_source=website&utm_medium=referral&utm_campaign=whatsappchannel)",
    "highlightText": "",
    "highlightTitle": "",
    "highlightThreadTitle": "",
    "language": "english",
    "sentiment": "positive",
    "categories": [
        "Lifestyle and Leisure",
        "Human Interest"
    ],
    "external_links": [
        "https://www.whatsapp.com/channel/0029VaAYubwADTOESVWMhl0l?utm_source=website&utm_medium=referral&utm_campaign=whatsappchannel)",
        "https://www.whatsapp.com/channel/0029VaAYubwADTOESVWMhl0l",
        "https://whatsapp.com/channel/0029VaAYubwADTOESVWMhl0l?utm_source=website&utm_medium=referral&utm_campaign=whatsappchannel)"
    ],
    "external_images": [],
    "entities": {
        "persons": [
            {
                "name": "masaba gupta",
                "sentiment": "negative"
            },
            {
                "name": "satyadeep misra",
                "sentiment": "negative"
            },
            {
                "name": "simran srivastav",
                "sentiment": "negative"
            },
            {
                "name": "neena gupta",
                "sentiment": "none"
            },
            {
                "name": "kareema barry",
                "sentiment": "none"
            },
            {
                "name": "neil bhoopalam",
                "sentiment": "none"
            },
            {
                "name": "ashvini yardi",
                "sentiment": "none"
            },
            {
                "name": "ram kapoor",
                "sentiment": "none"
            },
            {
                "name": "armaan khera",
                "sentiment": "none"
            },
            {
                "name": "barkha singh",
                "sentiment": "none"
            },
            {
                "name": "rytasha rathore",
                "sentiment": "none"
            },
            {
                "name": "kusha kapila",
                "sentiment": "none"
            },
            {
                "name": "sonam nair",
                "sentiment": "none"
            }
        ],
        "organizations": [
            {
                "name": "masaba masaba season",
                "sentiment": "none"
            }
        ],
        "locations": [
            {
                "name": "masaba masaba",
                "sentiment": "none"
            }
        ]
    },
    "rating": null,
    "crawled": "2024-04-19T00:24:08.640+03:00",
    "updated": "2024-04-19T01:02:26.124+03:00"
}