{
    "thread": {
        "uuid": "78c8bce3862b89058aab801f7e3416c63d1e69d5",
        "url": "https://www.bancomundial.org/es/news/press-release/2024/04/18/expanding-health-services-to-1-5-billion-people",
        "site_full": "www.bancomundial.org",
        "site": "bancomundial.org",
        "site_section": "https://www.bancomundial.org",
        "site_categories": [
            "media"
        ],
        "section_title": "Banco Mundial – Desarrollo sostenible, resiliencia y crecimiento económico ",
        "title": "El Grupo Banco Mundial se propone ampliar los servicios de salud a 1500 millones de personas",
        "title_full": "El Grupo Banco Mundial se propone ampliar los servicios de salud a 1500 millones de personas",
        "published": "2024-04-18T19:40:00.000+03:00",
        "replies_count": 0,
        "participants_count": 1,
        "site_type": "news",
        "country": "MX",
        "main_image": "https://www.worldbank.org/content/dam/wbr/share-logo/social-share.jpg",
        "performance_score": 0,
        "domain_rank": 11177,
        "domain_rank_updated": "2024-04-16T13:07:52.000+03:00",
        "reach": null,
        "social": {
            "facebook": {
                "likes": 0,
                "comments": 0,
                "shares": 0
            },
            "gplus": {
                "shares": 0
            },
            "pinterest": {
                "shares": 0
            },
            "linkedin": {
                "shares": 0
            },
            "stumbledupon": {
                "shares": 0
            },
            "vk": {
                "shares": 0
            }
        }
    },
    "uuid": "78c8bce3862b89058aab801f7e3416c63d1e69d5",
    "url": "https://www.bancomundial.org/es/news/press-release/2024/04/18/expanding-health-services-to-1-5-billion-people",
    "ord_in_thread": 0,
    "parent_url": null,
    "author": "@worldbank",
    "published": "2024-04-18T19:40:00.000+03:00",
    "title": "El Grupo Banco Mundial se propone ampliar los servicios de salud a 1500 millones de personas",
    "text": "Se busca lograr mayor asequibilidad y ampliar la cobertura geográfica y el alcance de los servicios CIUDAD DE WASHINGTON, 18 de abril de 2024. El Grupo Banco Mundial anunció hoy un ambicioso plan para ayudar a los países a brindar servicios de salud asequibles y de calidad a 1500 millones de personas para 2030. Esto forma parte de un esfuerzo global más amplio dirigido a ofrecer un estándar básico de atención en todas las etapas de la vida: infancia, niñez, adolescencia y adultez. Durante décadas, el Grupo Banco Mundial ha contribuido a proporcionar servicios de salud a mujeres y niños en más de 100 países. Ahora, gracias a un esfuerzo particularmente orientado a lograr mayor rapidez, trabajar mejor con los asociados y atraer al sector privado, esta institución de 80 años de antigüedad puede buscar mayor escala y mayor impacto. La estrategia que se aplicará para llegar a 1500 millones de personas se basa en tres elementos fundamentales: - Ampliar el foco más allá de la salud maternoinfantil para brindar cobertura a lo largo de toda la vida de una persona e incluir también las enfermedades no transmisibles. - Extender las operaciones hacia zonas de difícil acceso, como aldeas, ciudades y países remotos. - Trabajar con los Gobiernos para reducir los aranceles innecesarios y otros obstáculos financieros a la atención de la salud. Para alcanzar este objetivo, se contabilizarán únicamente las personas que hayan sido atendidas y tratadas por un trabajador de la salud a través de una visita presencial o una teleconsulta. “Proporcionar a las personas un estándar básico de atención durante toda su vida es fundamental para el desarrollo”, dijo Ajay Banga, presidente del Grupo Banco Mundial. “Esta aspiración no podrá hacerse realidad con un esfuerzo individual. Se necesitarán socios, una coalición de los sectores público y privado que trabaje en conjunto para ampliar el acceso a los servicios de atención de la salud”. En la actualidad, unos 2000 millones de personas enfrentan graves dificultades financieras cuando deben pagar servicios de salud. Una serie de desafíos interrelacionados, como el cambio climático, las pandemias, los conflictos, el envejecimiento de la sociedad y un déficit proyectado de 10 millones de trabajadores de la salud para 2030 exacerban el ciclo de la pobreza y la desigualdad. El Grupo Banco Mundial combinará financiamiento, conocimientos y alianzas para abordar este desafío. Y podrá hacer uso de todos los elementos que conforman su capacidad financiera en función de las necesidades y de la etapa de desarrollo específicas de cada país para llegar a 1500 millones de personas. En el caso de los países más necesitados, la ayuda financiera de la Asociación Internacional de Fomento permitirá llevar trabajadores de la salud a comunidades que de otro modo no tendrían acceso a los servicios. En los países de ingreso mediano, el Banco Internacional de Reconstrucción y Fomento suministrará financiamiento para incentivar las inversiones públicas en salud y la promulgación de normas que favorezcan los avances. Con certidumbre regulatoria y una gestión institucional confiable, se abre la puerta a un mayor volumen de inversiones del sector privado, en especial en la producción local de medicamentos y equipos de protección. Será fundamental que el Grupo del Banco Mundial establezca alianzas sólidas para lograr resultados en el área de la salud, puesto que no alcanzará su objetivo si no trabaja codo a codo —más rápido y mejor— con las organizaciones no gubernamentales, el sector privado y la sociedad civil. El Grupo Banco Mundial celebra el anuncio de que Japón pondrá en marcha un Centro de Conocimientos sobre la Cobertura Universal de Salud dirigido a mejorar la capacidad de los ministerios de Salud y Finanzas, iniciativa que cuenta con el apoyo del Banco y de la Organización Mundial de la Salud. El objetivo de brindar servicios de salud asequibles y de calidad a 1500 millones de personas para 2030 es uno de los ejemplos más recientes del compromiso del Grupo Banco Mundial de orientarse más a lograr impacto y el subproducto de un esfuerzo concertado por construir un Banco mejor. Para obtener más información, visite [https://www.bancomundial.org/es/topic/health/overview](https://www.bancomundial.org/es/topic/health/overview) y síganos en [www.twitter.com/WBG_Health](http://www.twitter.com/WBG_Health)",
    "highlightText": "",
    "highlightTitle": "",
    "highlightThreadTitle": "",
    "language": "spanish",
    "sentiment": "positive",
    "categories": [
        "Human Interest",
        "Health"
    ],
    "external_links": [
        "http://www.twitter.com/WBG_Health)",
        "http://twitter.com/WBG_Health)"
    ],
    "external_images": [],
    "entities": {
        "persons": [],
        "organizations": [],
        "locations": []
    },
    "rating": null,
    "crawled": "2024-04-19T00:20:52.386+03:00",
    "updated": "2024-04-19T00:20:52.386+03:00"
}