{
    "thread": {
        "uuid": "7e9ecd569dbbf34a739151e9c482b75bd8b70448",
        "url": "https://www.prweb.com/releases/liberty-fund-announces-gordon-wood-as-the-recipient-of-the-inaugural-george-f-will-award-for-the-advancement-of-liberty-and-the-free-society-302121201.html",
        "site_full": "www.prweb.com",
        "site": "prweb.com",
        "site_section": "http://uk.prweb.com/atom10/aeperforminguk.xml",
        "site_categories": [
            "marketing",
            "business"
        ],
        "section_title": "All News Releases",
        "title": "Liberty Fund Announces Gordon Wood as the recipient of the inaugural George F. Will Award for the Advancement of Liberty and the Free Society",
        "title_full": "Liberty Fund Announces Gordon Wood as the recipient of the inaugural George F. Will Award for the Advancement of Liberty and the Free Society",
        "published": "2024-04-18T23:10:00.000+03:00",
        "replies_count": 0,
        "participants_count": 1,
        "site_type": "news",
        "country": "US",
        "main_image": "https://mma.prnewswire.com/media/2391362/Image.jpg?p=facebook",
        "performance_score": 0,
        "domain_rank": 834,
        "domain_rank_updated": "2024-04-16T13:07:52.000+03:00",
        "reach": null,
        "social": {
            "facebook": {
                "likes": 0,
                "comments": 0,
                "shares": 0
            },
            "gplus": {
                "shares": 0
            },
            "pinterest": {
                "shares": 0
            },
            "linkedin": {
                "shares": 0
            },
            "stumbledupon": {
                "shares": 0
            },
            "vk": {
                "shares": 0
            }
        }
    },
    "uuid": "7e9ecd569dbbf34a739151e9c482b75bd8b70448",
    "url": "https://www.prweb.com/releases/liberty-fund-announces-gordon-wood-as-the-recipient-of-the-inaugural-george-f-will-award-for-the-advancement-of-liberty-and-the-free-society-302121201.html",
    "ord_in_thread": 0,
    "parent_url": null,
    "author": "Liberty Fund",
    "published": "2024-04-18T23:10:00.000+03:00",
    "title": "Liberty Fund Announces Gordon Wood as the recipient of the inaugural George F. Will Award for the Advancement of Liberty and the Free Society",
    "text": "Liberty Fund announced today that Gordon Wood, the noted historian of the American Revolution, is the winner of the inaugural George F. Will Award for the Advancement of Liberty and the Free Society.\nCARMEL, Ind., April 18, 2024 /PRNewswire-PRWeb/ -- Liberty Fund announced today that Gordon Wood, the noted historian of the American Revolution, is the winner of the inaugural George F. Will Award for the Advancement of Liberty and the Free Society. He received his award at a ceremony and dinner in Washington, D.C., on April 17, 2024. It was presented to him by George F. Will and Mitch Daniels, a senior adviser to the Liberty Fund, president emeritus of Purdue University and a former governor of Indiana.\n\"Gordon Wood and George F. Will are two titans of American thought,\" Liberty Fund Board Chairman Nate Feltman said. \"It is a real privilege to honor these great writers in this way. Throughout their extraordinary careers, Professor Wood and Mr. Will have both shown us that ideas have consequences. They have helped us understand our country's roots, and inspired us to think about the meaning of the Founding for today.\"\n\"The Award celebrates original thinkers who, like George F. Will, have made exceptional contributions to the public's understanding of individual liberty, markets, self-government, constitutional government, and the rule of law,\" explained Liberty Fund's President and CEO, Sean Shelby.\nGordon Wood is the Alva O. Way University Professor and Professor of History Emeritus at Brown University. Previously, he has won the Pulitzer Prize, the Bancroft Prize, and the National Humanities Medal for his impressive scholarship and writing. His books include The Creation of the American Republic, The Radicalism of the American Revolution, and Friends Divided: Thomas Jefferson and John Adams.\nProfessor Wood has had a significant influence on the broader world of ideas, where his teaching and writing have encouraged a renewed approach to the study and appreciation of the ideal of liberty and to the originality and radicalism of the founding of the American republic.\n\"More than any other historian of his generation, Professor Wood was the single most important scholar to bring forth and revitalize the rich history of republican ideas and their implications,\" said Liberty Fund senior fellow Hans Eicholz. \"Through his close study of American and British pamphlets, he unearthed a whole trove of historical complexity in both moral and political thought that formed the very underpinnings of American self-government from the late colonial period forward.\"\nLiberty Fund is a private educational foundation established by Indiana philanthropist Pierre Goodrich in 1960. Today, Liberty Fund pursues Goodrich's vision through programs inspired by his educational philosophy, including more than 6,000 Socratic colloquia and the publication of almost 500 classic books.\nMedia Contact\nSarah Skwire, Liberty Fund, 1 800-866-3520,\n[[email protected]](/cdn-cgi/l/email-protection#c4b7b7afb3adb6a184a8ada6a1b6b0bda2b1aaa0eaabb6a3), https://www.libertyfund.org/\nSOURCE Liberty Fund",
    "highlightText": "",
    "highlightTitle": "",
    "highlightThreadTitle": "",
    "language": "english",
    "sentiment": "positive",
    "categories": [
        "Human Interest"
    ],
    "external_links": [
        "https://c212.net/c/link/?t=0&l=en&o=4144937-1&h=3043389972&u=https%3A%2F%2Fwww.libertyfund.org%2F&a=https%3A%2F%2Fwww.libertyfund.org%2F",
        "https://www.libertyfund.org/",
        "https://c212.net/c/link/",
        "https://www.c212.net/c/link/?t=0&l=en&o=4144937-1&h=3043389972&u=https%3A%2F%2Fwww.libertyfund.org%2F&a=https%3A%2F%2Fwww.libertyfund.org%2F",
        "https://libertyfund.org/",
        "https://www.libertyfund.org"
    ],
    "external_images": [],
    "entities": {
        "persons": [
            {
                "name": "gordon wood",
                "sentiment": "negative"
            },
            {
                "name": "wood",
                "sentiment": "none"
            },
            {
                "name": "george f. will",
                "sentiment": "none"
            },
            {
                "name": "will",
                "sentiment": "none"
            },
            {
                "name": "mitch daniels",
                "sentiment": "none"
            },
            {
                "name": "nate feltman",
                "sentiment": "none"
            }
        ],
        "organizations": [
            {
                "name": "free society liberty fund",
                "sentiment": "negative"
            },
            {
                "name": "liberty fund",
                "sentiment": "none"
            },
            {
                "name": "liberty fund board",
                "sentiment": "none"
            },
            {
                "name": "purdue university",
                "sentiment": "none"
            }
        ],
        "locations": [
            {
                "name": "indiana",
                "sentiment": "none"
            },
            {
                "name": "d.c.",
                "sentiment": "none"
            },
            {
                "name": "ind.",
                "sentiment": "none"
            },
            {
                "name": "washington",
                "sentiment": "none"
            },
            {
                "name": "carmel",
                "sentiment": "none"
            }
        ]
    },
    "rating": null,
    "crawled": "2024-04-19T00:24:53.022+03:00",
    "updated": "2024-04-19T00:24:53.022+03:00"
}