{
    "thread": {
        "uuid": "ada3279507d01acc54c926976220a95df5fb84f0",
        "url": "https://canaldopet.ig.com.br/parceiros/edicase/2024-04-18/5-razoes-que-fazem-do-cachorro-o-melhor-amigo-do-homem.html",
        "site_full": "canaldopet.ig.com.br",
        "site": "ig.com.br",
        "site_section": "https://canaldopet.ig.com.br/rss.xml",
        "site_categories": [
            "pets",
            "veterinary_medicine"
        ],
        "section_title": "Canal do Pet: Guias, Curiosidades, Cuidados e Serviços",
        "title": "5 razões que fazem do cachorro o melhor amigo do homem",
        "title_full": "5 razões que fazem do cachorro o melhor amigo do homem",
        "published": "2024-04-18T23:20:00.000+03:00",
        "replies_count": 0,
        "participants_count": 1,
        "site_type": "news",
        "country": "BR",
        "main_image": "https://i0.statig.com.br/bancodeimagens/b8/fj/v9/b8fjv91dghljr79px374q9aob.jpg",
        "performance_score": 0,
        "domain_rank": 4264,
        "domain_rank_updated": "2024-04-16T13:07:52.000+03:00",
        "reach": null,
        "social": {
            "facebook": {
                "likes": 0,
                "comments": 0,
                "shares": 0
            },
            "gplus": {
                "shares": 0
            },
            "pinterest": {
                "shares": 0
            },
            "linkedin": {
                "shares": 0
            },
            "stumbledupon": {
                "shares": 0
            },
            "vk": {
                "shares": 0
            }
        }
    },
    "uuid": "ada3279507d01acc54c926976220a95df5fb84f0",
    "url": "https://canaldopet.ig.com.br/parceiros/edicase/2024-04-18/5-razoes-que-fazem-do-cachorro-o-melhor-amigo-do-homem.html",
    "ord_in_thread": 0,
    "parent_url": null,
    "author": "EdiCase",
    "published": "2024-04-18T23:20:00.000+03:00",
    "title": "5 razões que fazem do cachorro o melhor amigo do homem",
    "text": "No Dia do Amigo, 18 de abril, celebramos os laços preciosos que formamos ao longo de nossas vidas. Dentre as diversas formas de amizade que cultivamos, uma se destaca pela sua longevidade, lealdade e afeto incondicional: a relação entre o homem e o cachorro. Ao longo da história, essa parceria tem sido reconhecida como uma das mais significativas e leais que existem. Dorie Zattoni, médica-veterinária e supervisora técnica-comercial da Brazilian Pet Food, empresa de alimentos para cães e gatos, destaca 5 motivos que evidenciam por que o cachorro é considerado o melhor amigo do homem. Confira a seguir! 1. Lealdade incondicional Os cães são conhecidos por sua [lealdade inabalável](https://portaledicase.com/motivos-para-adotar-um-cachorro-vira-lata/) . Eles, verdadeiros companheiros, estão sempre ao lado de seus tutores, independentemente das circunstâncias, oferecendo apoio emocional. 2. Empatia e afeto Cachorros têm a capacidade de entender as emoções humanas e respondem com [afeto e empatia](https://portaledicase.com/10-dicas-para-garantir-o-bem-estar-do-animal-apos-a-separacao-dos-tutores/) . Capazes de perceber quando estamos tristes, alegres ou precisando de conforto, agem de acordo para nos fazer sentir melhor. 3. Companhia e interação social Ter um cachorro como amigo proporciona uma companhia constante e estimula a [interação social](https://portaledicase.com/itens-para-comprar-antes-de-adotar-um-cachorro/) . Os passeios, brincadeiras e momentos de carinho contribuem para uma vida mais ativa e feliz. 4. Redução do estresse e ansiedade Estudos científicos mostram que a presença de um cachorro pode reduzir os níveis de estresse e ansiedade, além de promover a liberação de hormônios ligados ao bem-estar, como a oxitocina. 5. Ensino de valores [Cuidar de um cachorro](https://portaledicase.com/tipos-de-tutor-de-animais-de-estimacao/) ensina responsabilidade, paciência, compaixão e amor. Esses valores são fundamentais para o desenvolvimento humano e fortalecidos na convivência com um animal de estimação. “Neste Dia do Amigo, é importante valorizar e celebrar a relação especial que temos com nossos amigos de quatro patas. Os cachorros não apenas nos acompanham em nossa jornada, mas também nos ensinam lições preciosas sobre lealdade, amor e amizade verdadeira. Que possamos continuar cultivando e alimentando esses laços para que a amizade entre o homem e o cachorro continue sendo um exemplo de conexão genuína e afetuosa”, finaliza a médica-veterinária. Por Giovanna Rebelo",
    "highlightText": "",
    "highlightTitle": "",
    "highlightThreadTitle": "",
    "language": "portuguese",
    "sentiment": "positive",
    "categories": [
        "Human Interest"
    ],
    "external_links": [
        "https://www.portaledicase.com/itens-para-comprar-antes-de-adotar-um-cachorro/",
        "https://portaledicase.com/motivos-para-adotar-um-cachorro-vira-lata",
        "https://www.portaledicase.com/tipos-de-tutor-de-animais-de-estimacao/",
        "https://portaledicase.com/tipos-de-tutor-de-animais-de-estimacao",
        "https://www.portaledicase.com/10-dicas-para-garantir-o-bem-estar-do-animal-apos-a-separacao-dos-tutores/",
        "https://portaledicase.com/motivos-para-adotar-um-cachorro-vira-lata/",
        "https://www.portaledicase.com/motivos-para-adotar-um-cachorro-vira-lata/",
        "https://portaledicase.com/itens-para-comprar-antes-de-adotar-um-cachorro/",
        "https://portaledicase.com/10-dicas-para-garantir-o-bem-estar-do-animal-apos-a-separacao-dos-tutores",
        "https://portaledicase.com/itens-para-comprar-antes-de-adotar-um-cachorro",
        "https://portaledicase.com/10-dicas-para-garantir-o-bem-estar-do-animal-apos-a-separacao-dos-tutores/",
        "https://portaledicase.com/tipos-de-tutor-de-animais-de-estimacao/"
    ],
    "external_images": [],
    "entities": {
        "persons": [],
        "organizations": [],
        "locations": []
    },
    "rating": null,
    "crawled": "2024-04-19T00:17:22.726+03:00",
    "updated": "2024-04-19T02:27:02.756+03:00"
}