{
    "thread": {
        "uuid": "8cd8148d0f0e6130ee9acf40b819b7347e639e20",
        "url": "https://video.sky.it/sport/calcio/europa-league/video/mancini-gol-dedica-giani-roma-milan-917935",
        "site_full": "video.sky.it",
        "site": "sky.it",
        "site_section": "https://video.sky.it/sport",
        "site_categories": [
            "non_standard_content"
        ],
        "section_title": "Video news di Sky Sport in streaming | Sky",
        "title": "VIDEO. Mancini, gol in Roma-Milan e dedica a Mattia Giani",
        "title_full": "VIDEO. Mancini, gol in Roma-Milan e dedica a Mattia Giani",
        "published": "2024-04-19T00:00:00.000+03:00",
        "replies_count": 0,
        "participants_count": 1,
        "site_type": "news",
        "country": "IT",
        "main_image": "https://videoplatform.sky.it/captures/494/2024/04/18/917935/917935_1713472519503_thumb_494.0000001.jpg",
        "performance_score": 0,
        "domain_rank": 5176,
        "domain_rank_updated": "2024-04-16T13:07:52.000+03:00",
        "reach": null,
        "social": {
            "facebook": {
                "likes": 0,
                "comments": 0,
                "shares": 0
            },
            "gplus": {
                "shares": 0
            },
            "pinterest": {
                "shares": 0
            },
            "linkedin": {
                "shares": 0
            },
            "stumbledupon": {
                "shares": 0
            },
            "vk": {
                "shares": 0
            }
        }
    },
    "uuid": "8cd8148d0f0e6130ee9acf40b819b7347e639e20",
    "url": "https://video.sky.it/sport/calcio/europa-league/video/mancini-gol-dedica-giani-roma-milan-917935",
    "ord_in_thread": 0,
    "parent_url": null,
    "author": "Sky Video",
    "published": "2024-04-19T00:00:00.000+03:00",
    "title": "VIDEO. Mancini, gol in Roma-Milan e dedica a Mattia Giani",
    "text": "Chiudi Menu Skylights Room News Sport Programmi TV Pechino Express Serie TV Cinema Spettacolo X Factor MasterChef TV8 Arte Lifestyle Mix Altro: Archivio Guarda le dirette di sky Video Video di Sport Temi Calcio Calcio estero Calciomercato Olimpiadi MotoGP Formula 1 Motori NBA Basket Tennis Volley Ciclismo Rugby Sport USA Altri Sport Gossip Paralimpiadi Gianluca di Marzio Video curiosi Buffa racconta Questo è SKY Topic Serie A Gol Serie A Serie B Champions League Europa League Europei Femminile Lega Pro Premier League Bundesliga Buffa Racconta Gianluca di Marzio Sezioni Menu Cerca Login guarda altri Italiano: \"Vittoria meritata dedicata a famiglia Barone\" 00:07:35 min | 49 minuti fa pubblicità riproduci 24 video Addio a Joe Barone Dybala a giro: il gol del 2-0 in Roma-Milan 00:01:07 min | 5 minuti fa Fiorentina-Viktoria Plzen 2-0 dts: gol e highlights 00:03:48 min | 1 ora fa De Rossi: \"Rinnovo importante attestato di fiducia\" 00:01:09 min | 2 ore fa Roma-Milan, le formazioni ufficiali 00:01:35 min | 3 ore fa Brutto colpo per Zaniolo: out per infortunio 00:00:48 min | 37 minuti fa Montella: \"Rinnovo di De Rossi? Segnale di stima e fiducia\" 00:07:09 min | 2 ore fa Roma, la squadra è accolta dai tifosi all'Olimpico 00:03:39 min | 3 ore fa Roma-Milan: l'arrivo dei rossoneri all'Olimpico 00:03:17 min | 3 ore fa Roma-Milan, grandine sullo stadio Olimpico 00:00:25 min | 4 ore fa L'attesa nel ritiro del Milan per la sfida contro la Roma 00:01:12 min | 4 ore fa Roma-Milan, alle 18.30 l'apertura dei cancelli dell'Olimpico 00:00:58 min | 4 ore fa Italiano: \"Vittoria meritata dedicata a famiglia Barone\" 00:07:35 min | 49 minuti fa riproduci 24 video Addio a Joe Barone Dybala a giro: il gol del 2-0 in Roma-Milan 00:01:07 min | 5 minuti fa Fiorentina-Viktoria Plzen 2-0 dts: gol e highlights 00:03:48 min | 1 ora fa De Rossi: \"Rinnovo importante attestato di fiducia\" 00:01:09 min | 2 ore fa Roma-Milan, le formazioni ufficiali 00:01:35 min | 3 ore fa Brutto colpo per Zaniolo: out per infortunio 00:00:48 min | 37 minuti fa Montella: \"Rinnovo di De Rossi? Segnale di stima e fiducia\" 00:07:09 min | 2 ore fa Roma, la squadra è accolta dai tifosi all'Olimpico 00:03:39 min | 3 ore fa Roma-Milan: l'arrivo dei rossoneri all'Olimpico 00:03:17 min | 3 ore fa Roma-Milan, grandine sullo stadio Olimpico 00:00:25 min | 4 ore fa L'attesa nel ritiro del Milan per la sfida contro la Roma 00:01:12 min | 4 ore fa Roma-Milan, alle 18.30 l'apertura dei cancelli dell'Olimpico 00:00:58 min | 4 ore fa Vedi tutti i video La tua reazione Condividi Whatsapp Telegram Facebook Twitter Copia link Mancini, gol in Roma-Milan e dedica a Mattia Giani Sport Calcio Europa League 18 apr 2024 guarda altri Italiano: \"Vittoria meritata dedicata a famiglia Barone\" 00:07:35 min | 49 minuti fa pubblicità riproduci 24 video Addio a Joe Barone Dybala a giro: il gol del 2-0 in Roma-Milan 00:01:07 min | 5 minuti fa Fiorentina-Viktoria Plzen 2-0 dts: gol e highlights 00:03:48 min | 1 ora fa De Rossi: \"Rinnovo importante attestato di fiducia\" 00:01:09 min | 2 ore fa Roma-Milan, le formazioni ufficiali 00:01:35 min | 3 ore fa Brutto colpo per Zaniolo: out per infortunio 00:00:48 min | 37 minuti fa Montella: \"Rinnovo di De Rossi? Segnale di stima e fiducia\" 00:07:09 min | 2 ore fa Roma, la squadra è accolta dai tifosi all'Olimpico 00:03:39 min | 3 ore fa Roma-Milan: l'arrivo dei rossoneri all'Olimpico 00:03:17 min | 3 ore fa Roma-Milan, grandine sullo stadio Olimpico 00:00:25 min | 4 ore fa L'attesa nel ritiro del Milan per la sfida contro la Roma 00:01:12 min | 4 ore fa Roma-Milan, alle 18.30 l'apertura dei cancelli dell'Olimpico 00:00:58 min | 4 ore fa Italiano: \"Vittoria meritata dedicata a famiglia Barone\" 00:07:35 min | 49 minuti fa riproduci 24 video Addio a Joe Barone Dybala a giro: il gol del 2-0 in Roma-Milan 00:01:07 min | 5 minuti fa Fiorentina-Viktoria Plzen 2-0 dts: gol e highlights 00:03:48 min | 1 ora fa De Rossi: \"Rinnovo importante attestato di fiducia\" 00:01:09 min | 2 ore fa Roma-Milan, le formazioni ufficiali 00:01:35 min | 3 ore fa Brutto colpo per Zaniolo: out per infortunio 00:00:48 min | 37 minuti fa Montella: \"Rinnovo di De Rossi? Segnale di stima e fiducia\" 00:07:09 min | 2 ore fa Roma, la squadra è accolta dai tifosi all'Olimpico 00:03:39 min | 3 ore fa Roma-Milan: l'arrivo dei rossoneri all'Olimpico 00:03:17 min | 3 ore fa Roma-Milan, grandine sullo stadio Olimpico 00:00:25 min | 4 ore fa L'attesa nel ritiro del Milan per la sfida contro la Roma 00:01:12 min | 4 ore fa Roma-Milan, alle 18.30 l'apertura dei cancelli dell'Olimpico 00:00:58 min | 4 ore fa Vedi tutti i video pubblicità I Video più popolari di oggi cronaca Assalto portavalori Sardegna, bottino di 4 milioni euro 00:01:16 Min | Pubblicato 2 mesi fa economia Ryanair acquista aerei Boeing 737 Max 10 rifiutati dagli Usa 00:01:00 Min | Pubblicato 2 mesi fa sport Serie A, Atalanta-Lazio 3-1: video, gol e highlights 00:02:27 Min | Pubblicato 2 mesi fa sport Serie A, Roma-Cagliari 4-0: video, gol e highlights 00:04:16 Min | Pubblicato 2 mesi fa sport Serie A, Napoli-Verona 2-1: video, gol e highlights 00:03:08 Min | Pubblicato 2 mesi fa le playlist più recenti Playlist Addio a Joe Barone 24 video Serie A Playlist Euro 2024 50+ video Europei Playlist Highlights Serie A 11 video Gol Serie A SCOPRI VOICE Attualità, inclusion, sostenibilità, diritti. Raccontiamo il cambiamento, un video alla volta. Scopri Voice, il nuovo progetto editoriale di Sky Tg24 GUARDA ORA",
    "highlightText": "",
    "highlightTitle": "",
    "highlightThreadTitle": "",
    "language": "italian",
    "sentiment": "positive",
    "categories": [
        "Human Interest",
        "Lifestyle and Leisure"
    ],
    "external_links": [],
    "external_images": [],
    "entities": {
        "persons": [],
        "organizations": [],
        "locations": []
    },
    "rating": null,
    "crawled": "2024-04-19T00:05:53.053+03:00",
    "updated": "2024-04-19T00:05:53.053+03:00"
}