{
    "thread": {
        "uuid": "7b65c5750fe739f6f9b17c1ac9953127856a4585",
        "url": "https://www.rfdtv.com/twitty-lynn-together-again-tre-twitty-and-tayla-lynn-set-to-release-first-full-length-album",
        "site_full": "www.rfdtv.com",
        "site": "rfdtv.com",
        "site_section": "https://www.rfdtv.com/crops",
        "site_categories": [
            "politics",
            "law_government_and_politics"
        ],
        "section_title": "Crops - RFD-TV",
        "title": "Twitty & Lynn Together Again: Tre Twitty and Tayla Lynn set to release first full-length album - RFD-TV",
        "title_full": "Twitty & Lynn Together Again: Tre Twitty and Tayla Lynn set to release first full-length album - RFD-TV",
        "published": "2024-04-18T23:16:00.000+03:00",
        "replies_count": 0,
        "participants_count": 1,
        "site_type": "news",
        "country": "US",
        "main_image": "https://rfdtv.brightspotgocdn.com/dims4/default/7b8371f/2147483647/strip/true/crop/1280x719+0+1/resize/730x410!/quality/90/?url=https%3A%2F%2Fbrightspot-go-k1-rfdtv.s3.us-east-1.amazonaws.com%2Fbrightspot%2F18%2F05%2F6bfebe9349d2ac47c79a2410e767%2Ftwitty-and-lynn-1280.jpg",
        "performance_score": 0,
        "domain_rank": 30913,
        "domain_rank_updated": "2024-04-16T13:07:52.000+03:00",
        "reach": null,
        "social": {
            "facebook": {
                "likes": 0,
                "comments": 0,
                "shares": 0
            },
            "gplus": {
                "shares": 0
            },
            "pinterest": {
                "shares": 0
            },
            "linkedin": {
                "shares": 0
            },
            "stumbledupon": {
                "shares": 0
            },
            "vk": {
                "shares": 0
            }
        }
    },
    "uuid": "7b65c5750fe739f6f9b17c1ac9953127856a4585",
    "url": "https://www.rfdtv.com/twitty-lynn-together-again-tre-twitty-and-tayla-lynn-set-to-release-first-full-length-album",
    "ord_in_thread": 0,
    "parent_url": null,
    "author": "Abe Goolsby",
    "published": "2024-04-18T23:16:00.000+03:00",
    "title": "Twitty & Lynn Together Again: Tre Twitty and Tayla Lynn set to release first full-length album - RFD-TV",
    "text": "Nashville, Tenn. – Meet the latest iteration of Twitty and Lynn. Fifty years ago, Conway Twitty and Loretta Lynn—arguably the greatest country duet partners of all time—were in the midst of racking up 12 Top 10 hits, five #1 singles and four #1 albums, alongside solo careers that would see them become the country artist with the most #1s (at that time) and the most awarded female country artist, respectively.\nNow, the torch has been passed to a new generation. On April 20, 2024—Conway and Loretta’s grandchildren, Tre Twitty and Tayla Lynn, will release their first full-length album, Cookin’ Up Lovin’ —a 12-song compilation that includes three covers of duets made famous by their “Poppy” and “Memaw” and seven originals written with top country songwriters.\n· Pre-order/pre-save Cookin’ Up Lovin’ HERE\n· Pre-order vinyl copy of Cookin’ Up Lovin’ HERE\nTo make this release even more special, Tre and Tayla will celebrate by performing at the Grand Ole Opry for the fifth time in two years on May 2. Their initial Opry performance was “Louisiana Woman, Mississippi Man,” which they sang on the very circle of wood where their grandparents once stood.\nProduced by Scott Baggett (John Waite, Alison Krauss), Cookin’ Up Lovin’ features covers of three of Conway and Loretta’s #1s as a duo: the Grammy-winning “After the Fire Is Gone” (1971), their signature hit “Louisiana Woman, Mississippi Man” (1973) and their last #1 together, “Feelins’” (1975). Tre and Tayla’s versions, while more modern, are faithful adaptations.\nThe seven originals on the album, all co-written by the duo, include the saucy two-stepper “Cookin’,” written with veteran writer Mark Narmore and country recording artist Shelly Fairchild; the soulful, second-chance request of “Need Your Love (Give It Up),” penned with Mark Narmore and hit songwriter Liz Rose; the feisty “I Hate Me (For Lovin’ You),” written with legendary Nashville singer-songwriter Jeffrey Steele and Baggett, along with the barroom anthem “Hillbilly Git-Down” and a trio of love songs—the easy-lovin’ “Me and You,” sultry “Always Be You” and breezy “Thinkin’ of a Number,” all in collaboration with Narmore.\nThe album also includes “Spiders and Snakes,” a Jim Stafford single that Conway and Loretta covered, and a remake of Bruce Springsteen’s “I’m on Fire,” which was included as a loving tribute to Tayla’s mom—it was a favorite of hers and Tayla’s—who, sadly, passed away the night Tre and Tayla became a duo.\nBut that’s not all this duo is cookin’ up. “Twitty & Lynn: Together Again” is both the name of their brand-new podcast and a documentary series celebrating the enduring power of music, family legacies and the resilience of Tre and Tayla, who are determined to keep the music of their grandparents alive for generations to come. The podcast—produced by Nashville radio personality and country music historian Devon O’Day—debuted April 5, with over 350k views their first week, and delves into everything from Conway and Loretta to online dating in front of a studio audience dubbed the “Crack Pack.” The pilot episode of the docuseries—directed and edited by Steve Jawn and produced by Jawn and his wife Dani with The 10:10 Creative—will have a private screening in Nashville later this spring.\nCurrently on the road, Twitty & Lynn are already delivering their iconic grandparents’ hits—to which they will now add their own new music—to thousands, with nearly 120 dates booked nationwide in 2024. In perfect foil to one another, Tre takes a calm, methodical approach to performing, while Tayla arrives on stage with explosive energy, not unlike the way Conway tempered fiery Loretta for so many years. Though they are singing their grandparents’ songs, Tayla and Tre have their own individual styles and don’t attempt to duplicate those original performances. But once they start in on the heart-warming family stories interlaced throughout the two-and-a-half-hour show, fans will feel like they’ve been invited into the inner sanctum of these two amazing musical families.\nShortly before Loretta Lynn passed away, she commented, “I love Conway. I miss him so much. I know he would be so proud of Tre. I’m so proud of both of them for being out there, doing our show. Thank you all for loving our grandkids and being so good to them….”\nFor more information on Twitty & Lynn and a list of tour dates, visit the duo’s socials and twittyandlynn.com .\nCookin’ Up Lovin’ Track Listing\n1. Cookin’Up Lovin’\nShelly Fairchild/Tayla Lynn/Mark Narmore/Tre Twitty\n2. After the Fire Is Gone\nL.E. White\n3. Need Your Love (Give It Up)\nTayla Lynn/Mark Narmore/Liz Rose/Tre Twitty\n4. Spiders and Snakes (L&C cover)\nJim Stafford/David Bellamy\n5. Me and You\nTayla Lynn/Mark Narmore/Tre Twitty\n6. I Hate Me (For Lovin’ You)\nScott Baggett/Tayla Lynn/Jeffrey Steele/Tre Twitty\n7. Feelins’\nTroy Seals/Will Jennings\n8. Always Be You\nTayla Lynn/Mark Narmore/Tre Twitty\n9. I’m on Fire\nBruce Springsteen\n10. Hillbilly Git-Down\nScott Baggett/Tayla Lynn/Jeffrey Steele/Tre Twitty\n11. Louisiana Woman, Mississippi Man\nBecki Bluefield/Jim Owen\n12. Thinkin’ of a Number\nTayla Lynn/Mark Narmore/Tre Twitty",
    "highlightText": "",
    "highlightTitle": "",
    "highlightThreadTitle": "",
    "language": "english",
    "sentiment": "positive",
    "categories": [
        "Arts, Culture and Entertainment",
        "Human Interest"
    ],
    "external_links": [
        "https://xcsknr4ab.cc.rs6.net/tn.jsp?f=001f-yFXWQDpUtJiAl_K45j605bQxNTbWZ1vyQuXZ-LldgLFtAHLNtl9e7WlsMRzxGh2UxNy7v_iQaiaFY9wxC_FJjEC_1KyogO3iSlDgan-69FIh3USEfbELzupDj7P499KFEjPNN4b5QNapJ6XzHapA==&c=GMl_7DV7FpDOfC5bppODAMTwAAx_d0ybAx3Kt-S1qAawBI_IkXOhYg==&ch=mVvdDXwJ77XK-CnAyYRTKbI7XEiewL-pQypyu8ujStHF5kaH9jQfIw==",
        "https://www.youtube.com/embed/l-03l9INLAM?enablejsapi=1",
        "https://xcsknr4ab.cc.rs6.net/tn.jsp?f=001f-yFXWQDpUtJiAl_K45j605bQxNTbWZ1vyQuXZ-LldgLFtAHLNtl9e7WlsMRzxGh0kyyOKxrTfVDreRmnm5a9emS3dC5T7v_T3KRbwmEzSCGujlb7pD9gl8jrVZgWfacF_hyttKASb9IaO5Xps5LpPkVe7WiQri-&c=GMl_7DV7FpDOfC5bppODAMTwAAx_d0ybAx3Kt-S1qAawBI_IkXOhYg==&ch=mVvdDXwJ77XK-CnAyYRTKbI7XEiewL-pQypyu8ujStHF5kaH9jQfIw==",
        "https://xcsknr4ab.cc.rs6.net/tn.jsp?f=001f-yFXWQDpUtJiAl_K45j605bQxNTbWZ1vyQuXZ-LldgLFtAHLNtl9e7WlsMRzxGhLcjqOML5stiuKPCLW4Ge6EEcdy3cqpXu-AQM98sCn4gcRt5vKUX4ZXW9ofic_Qglbb-7o0uoou-rthfUSXHQkVknUvFPZxX8YMlxhx0r5EE=&c=GMl_7DV7FpDOfC5bppODAMTwAAx_d0ybAx3Kt-S1qAawBI_IkXOhYg==&ch=mVvdDXwJ77XK-CnAyYRTKbI7XEiewL-pQypyu8ujStHF5kaH9jQfIw==",
        "https://www.youtube.com/embed/DSN1Zy__PdA?enablejsapi=1",
        "https://youtube.com/embed/l-03l9INLAM?enablejsapi=1",
        "https://xcsknr4ab.cc.rs6.net/tn.jsp",
        "https://www.youtube.com/embed/l-03l9INLAM",
        "https://www.youtube.com/embed/DSN1Zy__PdA",
        "https://www.xcsknr4ab.cc.rs6.net/tn.jsp?f=001f-yFXWQDpUtJiAl_K45j605bQxNTbWZ1vyQuXZ-LldgLFtAHLNtl9e7WlsMRzxGh2UxNy7v_iQaiaFY9wxC_FJjEC_1KyogO3iSlDgan-69FIh3USEfbELzupDj7P499KFEjPNN4b5QNapJ6XzHapA==&c=GMl_7DV7FpDOfC5bppODAMTwAAx_d0ybAx3Kt-S1qAawBI_IkXOhYg==&ch=mVvdDXwJ77XK-CnAyYRTKbI7XEiewL-pQypyu8ujStHF5kaH9jQfIw==",
        "https://www.xcsknr4ab.cc.rs6.net/tn.jsp?f=001f-yFXWQDpUtJiAl_K45j605bQxNTbWZ1vyQuXZ-LldgLFtAHLNtl9e7WlsMRzxGh0kyyOKxrTfVDreRmnm5a9emS3dC5T7v_T3KRbwmEzSCGujlb7pD9gl8jrVZgWfacF_hyttKASb9IaO5Xps5LpPkVe7WiQri-&c=GMl_7DV7FpDOfC5bppODAMTwAAx_d0ybAx3Kt-S1qAawBI_IkXOhYg==&ch=mVvdDXwJ77XK-CnAyYRTKbI7XEiewL-pQypyu8ujStHF5kaH9jQfIw==",
        "https://youtube.com/embed/DSN1Zy__PdA?enablejsapi=1",
        "https://www.xcsknr4ab.cc.rs6.net/tn.jsp?f=001f-yFXWQDpUtJiAl_K45j605bQxNTbWZ1vyQuXZ-LldgLFtAHLNtl9e7WlsMRzxGhLcjqOML5stiuKPCLW4Ge6EEcdy3cqpXu-AQM98sCn4gcRt5vKUX4ZXW9ofic_Qglbb-7o0uoou-rthfUSXHQkVknUvFPZxX8YMlxhx0r5EE=&c=GMl_7DV7FpDOfC5bppODAMTwAAx_d0ybAx3Kt-S1qAawBI_IkXOhYg==&ch=mVvdDXwJ77XK-CnAyYRTKbI7XEiewL-pQypyu8ujStHF5kaH9jQfIw=="
    ],
    "external_images": [],
    "entities": {
        "persons": [
            {
                "name": "twitty",
                "sentiment": "negative"
            },
            {
                "name": "tre twitty",
                "sentiment": "negative"
            },
            {
                "name": "tayla lynn",
                "sentiment": "negative"
            },
            {
                "name": "lynn",
                "sentiment": "negative"
            },
            {
                "name": "conway twitty",
                "sentiment": "neutral"
            },
            {
                "name": "loretta",
                "sentiment": "none"
            },
            {
                "name": "loretta lynn—",
                "sentiment": "none"
            },
            {
                "name": "conway",
                "sentiment": "none"
            },
            {
                "name": "tayla",
                "sentiment": "none"
            }
        ],
        "organizations": [
            {
                "name": "twitty & lynn",
                "sentiment": "negative"
            }
        ],
        "locations": [
            {
                "name": "tenn.",
                "sentiment": "none"
            },
            {
                "name": "nashville",
                "sentiment": "none"
            },
            {
                "name": "mississippi",
                "sentiment": "none"
            },
            {
                "name": "louisiana",
                "sentiment": "none"
            }
        ]
    },
    "rating": null,
    "crawled": "2024-04-19T00:07:44.317+03:00",
    "updated": "2024-04-19T00:07:44.317+03:00"
}