{
    "thread": {
        "uuid": "17198617ae87633185fc35ad7cd431e6c2363fca",
        "url": "https://www.thedailybeast.com/triumph-the-insult-comic-dog-crashes-the-trump-trial-circus",
        "site_full": "www.thedailybeast.com",
        "site": "thedailybeast.com",
        "site_section": "https://ca.sports.yahoo.com/rss",
        "site_categories": [
            "politics",
            "law_government_and_politics",
            "media",
            "top_news"
        ],
        "section_title": "Yahoo! Sports - News, Scores, Standings, Rumors, Fantasy Games",
        "title": "Triumph the Insult Comic Dog Crashes the Trump Trial Circus",
        "title_full": "Triumph the Insult Comic Dog Crashes the Trump Trial Circus",
        "published": "2024-04-18T03:00:00.000+03:00",
        "replies_count": 0,
        "participants_count": 1,
        "site_type": "news",
        "country": "US",
        "main_image": "https://img.thedailybeast.com/image/upload/c_crop,d_placeholder_euli9k,h_1607,w_2860,x_139,y_69/dpr_2.0/c_limit,w_740/fl_lossy,q_auto/v1713471222/Triumph_fgetqv",
        "performance_score": 0,
        "domain_rank": 707,
        "domain_rank_updated": "2024-04-16T13:07:52.000+03:00",
        "reach": null,
        "social": {
            "facebook": {
                "likes": 0,
                "comments": 0,
                "shares": 0
            },
            "gplus": {
                "shares": 0
            },
            "pinterest": {
                "shares": 0
            },
            "linkedin": {
                "shares": 0
            },
            "stumbledupon": {
                "shares": 0
            },
            "vk": {
                "shares": 0
            }
        }
    },
    "uuid": "17198617ae87633185fc35ad7cd431e6c2363fca",
    "url": "https://www.thedailybeast.com/triumph-the-insult-comic-dog-crashes-the-trump-trial-circus",
    "ord_in_thread": 0,
    "parent_url": null,
    "author": "Matt Wilstein",
    "published": "2024-04-18T03:00:00.000+03:00",
    "title": "Triumph the Insult Comic Dog Crashes the Trump Trial Circus",
    "text": "Hot on the heels of his latest “Let’s Make a Poop” game show special featuring Rob Schneider, “Weird” Al Yankovic, and more, Triumph the Insult Comic Dog was spotted engaging with the MAGA faithful outside of Donald Trump ’s criminal trial in Downtown Manhattan this week. Now, the fruits of his comedic labors have arrived on YouTube for us all to enjoy. “Triumph doesn’t have a formal gig right now, but I’ve been wanting to cover the election,” Robert Smigel , the former Saturday Night Live and Late Night with Conan O’Brien writer who created the iconic puppet, wrote in a message to The Daily Beast on Thursday. “Since this trial was right here in New York some writers and I just went for it, shooting with iPhones. We were low on cigars, but hopefully people support Triumph’s special and YouTube channel and he’ll buy some new ones.” In front of the courthouse on the first day of the trial, Triumph begins by remarking, “While many legal experts say this case is weaker than Michael Cohen’s chin, Trump is said to be very nervous about it—terrified that the courtroom sketch artist won’t give him abs.” Before long, Triumph starts trying to engaging with “diverse” Trump fans, “a virtual rainbow, representing every kind of mental disorder”—or, “a real who’s who of who’s off their meds”—but can barely get his jokes in over all of the unhinged screaming. “But seriously, of all these crimes that Trump is accused of, which one are you going to ignore the most when you go to the polls?” Triumph asks one supporter, who replies, “The one where he was the grandfather of the vaccine.” Speaking to another spectator on the street, Triumph jokes that a gag order isn’t going to silence Trump, but if you really want to keep him quiet, “Ask him to clarify his position on abortion.” And finally, he makes the case that Trump is the “most obviously innocent man in the whole world—now that O.J. is dead.” The former president’s biggest fans can’t help but agree.",
    "highlightText": "",
    "highlightTitle": "",
    "highlightThreadTitle": "",
    "language": "english",
    "sentiment": "positive",
    "categories": [
        "Politics",
        "Arts, Culture and Entertainment",
        "Human Interest"
    ],
    "external_links": [
        "http://www.youtube.com/watch?v=QJYS0IIN7hc",
        "http://www.youtube.com/watch",
        "http://youtube.com/watch?v=QJYS0IIN7hc"
    ],
    "external_images": [],
    "entities": {
        "persons": [
            {
                "name": "rob schneider",
                "sentiment": "negative"
            },
            {
                "name": "donald trump",
                "sentiment": "none"
            },
            {
                "name": "al yankovic",
                "sentiment": "none"
            },
            {
                "name": "robert smigel",
                "sentiment": "none"
            },
            {
                "name": "michael cohen",
                "sentiment": "none"
            },
            {
                "name": "conan o’brien",
                "sentiment": "none"
            },
            {
                "name": "trump",
                "sentiment": "none"
            }
        ],
        "organizations": [
            {
                "name": "trump trial circus hot",
                "sentiment": "negative"
            },
            {
                "name": "maga",
                "sentiment": "none"
            },
            {
                "name": "youtube",
                "sentiment": "none"
            }
        ],
        "locations": [
            {
                "name": "new york",
                "sentiment": "none"
            },
            {
                "name": "downtown manhattan",
                "sentiment": "none"
            }
        ]
    },
    "rating": null,
    "crawled": "2024-04-19T00:11:50.623+03:00",
    "updated": "2024-04-23T00:54:57.902+03:00"
}