{
    "thread": {
        "uuid": "3424ac5bd4a5ce4439c882051fe940115d522042",
        "url": "https://thebolditalic.com/why-i-love-san-francisco-6ba4fbb75273",
        "site_full": "thebolditalic.com",
        "site": "thebolditalic.com",
        "site_section": "https://medium.com//tag/san-francisco",
        "site_categories": [
            "non_standard_content",
            "adult"
        ],
        "section_title": "The most insightful stories about San Francisco - Medium",
        "title": "Why I love San Francisco. From San Francisco came the blue jeans… | by The Bold Italic | Apr, 2024 | The Bold Italic",
        "title_full": "Why I love San Francisco. From San Francisco came the blue jeans… | by The Bold Italic | Apr, 2024 | The Bold Italic",
        "published": "2024-04-18T20:40:00.000+03:00",
        "replies_count": 0,
        "participants_count": 1,
        "site_type": "news",
        "country": "US",
        "main_image": "https://miro.medium.com/v2/resize:fit:1200/1*vfIvLgDTMta81PfJnj8xEg.png",
        "performance_score": 0,
        "domain_rank": 29625,
        "domain_rank_updated": "2024-04-16T13:07:52.000+03:00",
        "reach": null,
        "social": {
            "facebook": {
                "likes": 0,
                "comments": 0,
                "shares": 0
            },
            "gplus": {
                "shares": 0
            },
            "pinterest": {
                "shares": 0
            },
            "linkedin": {
                "shares": 0
            },
            "stumbledupon": {
                "shares": 0
            },
            "vk": {
                "shares": 0
            }
        }
    },
    "uuid": "3424ac5bd4a5ce4439c882051fe940115d522042",
    "url": "https://thebolditalic.com/why-i-love-san-francisco-6ba4fbb75273",
    "ord_in_thread": 0,
    "parent_url": null,
    "author": "The Bold Italic",
    "published": "2024-04-18T20:40:00.000+03:00",
    "title": "Why I love San Francisco. From San Francisco came the blue jeans… | by The Bold Italic | Apr, 2024 | The Bold Italic",
    "text": "From San Francisco came the blue jeans and the rainbow flag. From here came this idea of health care as a right, not a privilege. The Bold Italic\n· Follow\nPublished in The Bold Italic\n· 6 min read · Apr 18, 2024\n--\n2\nListen\nShare\nPhoto of San Francisco skyline by Joe Passe. This article is part of I Love San Francisco , a feature series of essays that highlight what makes San Francisco iconic and irreplaceable. It’s also an expanded excerpt from Alec Scott’s book — Oldest San Francisco .\nBy Alec Scott\nI came to San Francisco to visit a college friend in a place on Telegraph Hill that looked out over Alcatraz. A family emergency called her away, and I was left on my own with a powder-blue Volkswagen Bug at my disposal. Its brakes weren’t the best, and I remember some perilous backward rolls and slips, some careens downhill that felt like something out of a show I’d seen as a kid, in reruns, The Streets of San Francisco .\nI began with a visit to the Japanese Tea Garden , the oldest such public garden in the country — in Golden Gate Park. I had dim sum in the continent’s oldest Chinatown . I bought some books by the Beat Generation at City Lights , the nation’s first bookstore specializing in paperbacks, and read them at Caffé Trieste , the first espresso house on the West Coast. I went to Haight-Ashbury to look for traces of the counterculture and found that the free clinic that cared for the flower children was still open.\nAnd as a young, straightlaced kid from small-town Ontario, I ventured to the Castro, where I was inspired by its massive rainbow flag, waving in the breeze to acknowledge that, though I was straightlaced, I wasn’t straight. (I would come out a year later.)\nFrom top left, clockwise: Photo of Japanese Tea Garden by Dennis Jarvis; Chinatown cable car by Neil Howard; City Lights by Digital Archaeology, and of Haight Ashbury by Dale Cruise. When I moved here in 2008, I was worried that the city would have changed from my first visit. Remarkably though, much of old San Francisco remained. I dug into the history of those places I mentioned — since these were not just the oldest things of their kind in the city, but often in the nation.\nI learned about Gilbert Baker , this gay Vietnam vet from Kansas who settled here after the war, and, at gay Supervisor Harvey Milk’s request, helped design and stitch a multi-colored flag for the first Gay Freedom Day — the 1978 event that would morph into Pride. His friend and Milk’s longtime aide, Cleve Jones, once spoke to me about the day another supervisor killed Milk, how he found Milk’s lifeless body in his City Hall office. “We thought it was over, the push for gay rights,” Jones told me while we sat in what was then his regular Café Flore .\nPhoto of the rainbow flag at Pride by David Yu; Of Cleve Jones in 2009 by Paul Schreiber. “But then there was a candlelight vigil that night, and you could see the light from it, all along Market Street — everyone came.”\nIt was moving to me to hear this — of course, it was. And it spoke to me of the spirit of this city, the warmth and fellow feeling that often abounds here.\nEach time I’ve held an event to help launch Oldest San Francisco — the just-released book that resulted from my research — someone has asked me to speak to the reports that have the city in an insoluble set of crises. I tend to answer with some version of this: The problems are serious and interlocking, and government, businesses and individuals living here need to pull together to help work at them.\nPhoto on the left by Thomas Hawk. On the right of San Francisco’s Tenderloin neighborhood by David Hanwell. But my research into the city’s past has given me hope that the city and the people who love it will rise to the challenges laid down for those living here now. Within ten years after the 1906 Quake and fire that destroyed much of the still young city, San Francisco had rebuilt and mustered its energies to host what was a blockbuster World’s Fair, the 1915 Panama-Pacific International Exhibit.\nIn the thick of the Depression, residents didn’t just throw up a serviceable bridge to cross the Golden Gate, they built the soaring engineering marvel, what was then the longest suspension bridge in the world. Visitors still come from around the world to see it, to photograph themselves with it.\nTo cope with the significant collateral damage of the so-called Summer of Love, a young medic named Dave Smith exited a fairly mainstream career with an upward trajectory to open a free clinic to help his hippie clients with their various health challenges — this clinic became a model for clinics across the country, with Smith famously declaring, “Health Care is a right, not a privilege.”\nPhotos of Haight Ashbury by Thomas Hawk. And, after the assassination of Milk and mayor George Moscone, capable Dianne Feinstein emerged to take charge, buoyed up by that candlelight vigil, to move the city past the tragedy, towards the future.\nThese stories embody some of what I love about here, my adopted home. San Francisco is an influencer city. From here came the blue jeans and the rainbow flag. From here came this idea of health care as a right, not a privilege — an idea that remains controversial in this country, but still, clinics modeled on this one have helped millions of our fellow citizens.\nIt is a future-oriented city, yes, a city that has drawn dreamers to it from the Gold Rush on. But it is also one with a strong sense of its past. Every day of the year, through the City Guides program, volunteers walk others through the city, speaking gratis of that past. When we moved here in 2008, we went on countless such walks.\nPhoto by Dale Cruise. We met the golden fire hydrant that pumped out water during the post-quake fire, saving much of the city. We walked up through Hayes Valley, bustling with new restaurants and businesses, and the owner of one of the historic victorians there took us into his basement to show us his Player Piano collection. He got them all to play that old chestnut, San Francisco, while he stood happily at the back of the room, conducting them with his hands in the air.\nThe song’s lyric, “Open Your Golden Gate,” has always felt like it was addressed to me, and I’m sure many others who’ve chosen to live here feel the same way. The city’s spirit of openness, of camaraderie, of pulling together in the face of difficulty — I treasure it.\nAlec Scott is an award-winning journalist, with features in The New York Times, Guardian, Smithsonian Magazine, Los Angeles Times and Sunset.\nLearn more about Oldest San Francisco , his latest book with stories of the institutions that helped make San Francisco the place it is today.\nThe Bold Italic is a non-profit media organization that’s brought to you by GrowSF , and we publish first-person perspectives about San Francisco and the Bay Area. Donate to us today .",
    "highlightText": "",
    "highlightTitle": "",
    "highlightThreadTitle": "",
    "language": "english",
    "sentiment": "positive",
    "categories": [
        "Social Issue",
        "Lifestyle and Leisure",
        "Human Interest"
    ],
    "external_links": [
        "https://sf.funcheap.com/city-guide/restaurant-fisch-flore-soft-opens-cafe-flore-spot/",
        "https://caffetrieste.com/",
        "https://miro.medium.com/v2/resize:fit:640/0*n7H1lWsEuwWaD-4Z.jpeg",
        "https://www.oldestsanfrancisco.com/",
        "https://medium.com/m/signin?actionUrl=https%3A%2F%2Fmedium.com%2F_%2Fvote%2Fthe-bold-italic%2F6ba4fbb75273&operation=register&redirect=https%3A%2F%2Fthebolditalic.com%2Fwhy-i-love-san-francisco-6ba4fbb75273&user=The+Bold+Italic&userId=e513506f9df9&source=-----6ba4fbb75273---------------------clap_footer-----------",
        "https://miro.medium.com/v2/resize:fit:786/0*n7H1lWsEuwWaD-4Z.jpeg",
        "https://medium.com/m/signin?actionUrl=https%3A%2F%2Fmedium.com%2F_%2Fsubscribe%2Fuser%2Fe513506f9df9&operation=register&redirect=https%3A%2F%2Fthebolditalic.com%2Fwhy-i-love-san-francisco-6ba4fbb75273&user=The+Bold+Italic&userId=e513506f9df9&source=post_page-e513506f9df9----6ba4fbb75273---------------------post_header-----------",
        "https://miro.medium.com/v2/resize:fit:828/format:webp/0*n7H1lWsEuwWaD-4Z.jpeg",
        "https://miro.medium.com/v2/resize:fit:640/format:webp/0*n7H1lWsEuwWaD-4Z.jpeg",
        "https://en.wikipedia.org/wiki/Gilbert_Baker_(artist)",
        "https://citylights.com/",
        "https://miro.medium.com/v2/resize:fit:828/0*n7H1lWsEuwWaD-4Z.jpeg",
        "https://miro.medium.com/v2/resize:fit:1400/0*n7H1lWsEuwWaD-4Z.jpeg",
        "https://miro.medium.com/v2/resize:fit:1100/0*n7H1lWsEuwWaD-4Z.jpeg",
        "https://en.wikipedia.org/wiki/The_Streets_of_San_Francisco",
        "https://thebolditalic.medium.com/?source=post_page-----6ba4fbb75273--------------------------------",
        "https://miro.medium.com/v2/resize:fit:750/format:webp/0*n7H1lWsEuwWaD-4Z.jpeg",
        "https://miro.medium.com/v2/resize:fit:1100/format:webp/0*n7H1lWsEuwWaD-4Z.jpeg",
        "https://medium.com/m/signin?actionUrl=https%3A%2F%2Fmedium.com%2F_%2Fbookmark%2Fp%2F6ba4fbb75273&operation=register&redirect=https%3A%2F%2Fthebolditalic.com%2Fwhy-i-love-san-francisco-6ba4fbb75273&source=-----6ba4fbb75273---------------------bookmark_footer-----------",
        "https://miro.medium.com/v2/resize:fit:1400/format:webp/0*n7H1lWsEuwWaD-4Z.jpeg",
        "http://www.sanfranciscochinatown.com/",
        "https://miro.medium.com/v2/resize:fit:720/0*n7H1lWsEuwWaD-4Z.jpeg",
        "https://miro.medium.com/v2/resize:fit:720/format:webp/0*n7H1lWsEuwWaD-4Z.jpeg",
        "https://tbi.fyi/growsf_webreferral",
        "https://miro.medium.com/v2/resize:fit:786/format:webp/0*n7H1lWsEuwWaD-4Z.jpeg",
        "http://tbi.fyi/website_referral",
        "https://www.japaneseteagardensf.com/",
        "https://tbi.fyi/donate_website",
        "https://miro.medium.com/v2/resize:fit:750/0*n7H1lWsEuwWaD-4Z.jpeg",
        "https://medium.com/m/signin",
        "https://www.en.wikipedia.org/wiki/Gilbert_Baker_(artist)",
        "https://www.miro.medium.com/v2/resize:fit:750/format:webp/0*n7H1lWsEuwWaD-4Z.jpeg",
        "https://www.en.wikipedia.org/wiki/The_Streets_of_San_Francisco",
        "https://www.sf.funcheap.com/city-guide/restaurant-fisch-flore-soft-opens-cafe-flore-spot/",
        "https://citylights.com",
        "https://www.miro.medium.com/v2/resize:fit:786/format:webp/0*n7H1lWsEuwWaD-4Z.jpeg",
        "https://www.caffetrieste.com/",
        "https://www.miro.medium.com/v2/resize:fit:1400/format:webp/0*n7H1lWsEuwWaD-4Z.jpeg",
        "https://sf.funcheap.com/city-guide/restaurant-fisch-flore-soft-opens-cafe-flore-spot",
        "https://japaneseteagardensf.com/",
        "https://www.miro.medium.com/v2/resize:fit:720/0*n7H1lWsEuwWaD-4Z.jpeg",
        "https://www.medium.com/m/signin?actionUrl=https%3A%2F%2Fmedium.com%2F_%2Fbookmark%2Fp%2F6ba4fbb75273&operation=register&redirect=https%3A%2F%2Fthebolditalic.com%2Fwhy-i-love-san-francisco-6ba4fbb75273&source=-----6ba4fbb75273---------------------bookmark_footer-----------",
        "https://www.miro.medium.com/v2/resize:fit:786/0*n7H1lWsEuwWaD-4Z.jpeg",
        "https://www.oldestsanfrancisco.com",
        "https://www.medium.com/m/signin?actionUrl=https%3A%2F%2Fmedium.com%2F_%2Fsubscribe%2Fuser%2Fe513506f9df9&operation=register&redirect=https%3A%2F%2Fthebolditalic.com%2Fwhy-i-love-san-francisco-6ba4fbb75273&user=The+Bold+Italic&userId=e513506f9df9&source=post_page-e513506f9df9----6ba4fbb75273---------------------post_header-----------",
        "https://www.tbi.fyi/growsf_webreferral",
        "https://www.thebolditalic.medium.com/?source=post_page-----6ba4fbb75273--------------------------------",
        "https://www.miro.medium.com/v2/resize:fit:828/format:webp/0*n7H1lWsEuwWaD-4Z.jpeg",
        "https://www.miro.medium.com/v2/resize:fit:1100/0*n7H1lWsEuwWaD-4Z.jpeg",
        "https://www.miro.medium.com/v2/resize:fit:1100/format:webp/0*n7H1lWsEuwWaD-4Z.jpeg",
        "https://www.miro.medium.com/v2/resize:fit:750/0*n7H1lWsEuwWaD-4Z.jpeg",
        "https://www.citylights.com/",
        "https://www.tbi.fyi/donate_website",
        "https://www.miro.medium.com/v2/resize:fit:640/0*n7H1lWsEuwWaD-4Z.jpeg",
        "https://www.medium.com/m/signin?actionUrl=https%3A%2F%2Fmedium.com%2F_%2Fvote%2Fthe-bold-italic%2F6ba4fbb75273&operation=register&redirect=https%3A%2F%2Fthebolditalic.com%2Fwhy-i-love-san-francisco-6ba4fbb75273&user=The+Bold+Italic&userId=e513506f9df9&source=-----6ba4fbb75273---------------------clap_footer-----------",
        "https://www.miro.medium.com/v2/resize:fit:828/0*n7H1lWsEuwWaD-4Z.jpeg",
        "https://www.miro.medium.com/v2/resize:fit:640/format:webp/0*n7H1lWsEuwWaD-4Z.jpeg",
        "https://oldestsanfrancisco.com/",
        "https://caffetrieste.com",
        "http://www.tbi.fyi/website_referral",
        "http://www.sanfranciscochinatown.com",
        "https://www.japaneseteagardensf.com",
        "https://thebolditalic.medium.com/",
        "https://www.miro.medium.com/v2/resize:fit:720/format:webp/0*n7H1lWsEuwWaD-4Z.jpeg",
        "https://www.miro.medium.com/v2/resize:fit:1400/0*n7H1lWsEuwWaD-4Z.jpeg",
        "http://sanfranciscochinatown.com/"
    ],
    "external_images": [],
    "entities": {
        "persons": [
            {
                "name": "joe passe",
                "sentiment": "none"
            },
            {
                "name": "alec scott",
                "sentiment": "none"
            }
        ],
        "organizations": [
            {
                "name": "volkswagen",
                "sentiment": "none"
            },
            {
                "name": "telegraph hill",
                "sentiment": "none"
            }
        ],
        "locations": [
            {
                "name": "san francisco",
                "sentiment": "none"
            },
            {
                "name": "tea garden",
                "sentiment": "none"
            },
            {
                "name": "alcatraz",
                "sentiment": "none"
            },
            {
                "name": "golden gate park",
                "sentiment": "none"
            },
            {
                "name": "chinatown",
                "sentiment": "none"
            }
        ]
    },
    "rating": null,
    "crawled": "2024-04-19T00:07:30.807+03:00",
    "updated": "2024-04-26T07:47:51.617+03:00"
}