{
    "thread": {
        "uuid": "1d88c7b0dc722bff954b310d18a5711bb3c9bf6b",
        "url": "https://ici.radio-canada.ca/nouvelle/2066064/surdoses-sunshine-house-centre-ville-winnipeg-drogues-consommation",
        "site_full": "ici.radio-canada.ca",
        "site": "radio-canada.ca",
        "site_section": "https://ici.radio-canada.ca/manitoba",
        "site_categories": [
            "television",
            "hobbies_and_interests",
            "radio",
            "entertainment"
        ],
        "section_title": "Nouvelles du Manitoba, météo | Radio-Canada",
        "title": "Le centre mobile de prévention de surdoses de Sunshine House a du succès, note un rapport | Radio-Canada",
        "title_full": "Le centre mobile de prévention de surdoses de Sunshine House a du succès, note un rapport | Radio-Canada",
        "published": "2024-04-18T23:07:00.000+03:00",
        "replies_count": 0,
        "participants_count": 1,
        "site_type": "news",
        "country": "CA",
        "main_image": "",
        "performance_score": 0,
        "domain_rank": 2966,
        "domain_rank_updated": "2024-04-16T13:07:52.000+03:00",
        "reach": null,
        "social": {
            "facebook": {
                "likes": 0,
                "comments": 0,
                "shares": 0
            },
            "gplus": {
                "shares": 0
            },
            "pinterest": {
                "shares": 0
            },
            "linkedin": {
                "shares": 0
            },
            "stumbledupon": {
                "shares": 0
            },
            "vk": {
                "shares": 0
            }
        }
    },
    "uuid": "1d88c7b0dc722bff954b310d18a5711bb3c9bf6b",
    "url": "https://ici.radio-canada.ca/nouvelle/2066064/surdoses-sunshine-house-centre-ville-winnipeg-drogues-consommation",
    "ord_in_thread": 0,
    "parent_url": null,
    "author": "Radio-Canada",
    "published": "2024-04-18T23:07:00.000+03:00",
    "title": "Le centre mobile de prévention de surdoses de Sunshine House a du succès, note un rapport | Radio-Canada",
    "text": "Le véhicule de Sunshine House. (Photo d'archives) Photo : Radio-Canada / Jérémie Bergeron Le service mobile de réduction et de prévention des surdoses de Sunshine House a reçu près de 27 000 visites de personnes à la recherche d'un endroit pour consommer des drogues depuis son lancement en octobre 2022, révèle un rapport. Le rapport de 91 pages a été préparé par une société de conseil locale engagée par Sunshine House. Il a été présenté jeudi matin lors d'une conférence de presse qui a eu lieu à la Circle of Life Thunderbird House, sur Main Street. Le document couvre les données de juin 2022 à octobre 2023. Pendant cette période, le rapport révèle un total de 26 154 visites sur les lieux, soulignant que des drogues ont été consommées 7086 fois. Parmi ces visites en lien avec la consommation des drogues, 20 cas de surdose ont été répertoriés, ce qui concerne 0,28 % des visiteurs, et aucun décès n'a été enregistré. La naloxone, qui inverse les effets des drogues opiacées et peut arrêter une surdose, a été administrée à 82 reprises. Dans quatre cas, une personne a été transportée à l'hôpital à sa demande. Dans l'ensemble, [le centre mobile] a démontré la nécessité de ce service par le simple nombre de visites, de relations et de liens qui ont été créés, note le document. Ce programme a sauvé et changé des vies, et continue de servir les populations vulnérables de Winnipeg avec soin et compassion, peut-on lire dans le rapport. Une initiative qui change les choses Sunshine House a officiellement lancé son service mobile de réduction des risques le 28 octobre 2022. Il s’agit d’un véhicule récréatif qui a été converti en un espace mobile de prévention des surdoses. Le véhicule offre aux personnes aux prises avec les drogues un endroit sûr pour consommer des substances, où elles peuvent également être supervisées par un personnel formé à la réponse aux surdoses. Le véhicule récréatif, qui se déplace cinq jours par semaine dans la zone centrale de Winnipeg, est supervisé par un coordinateur et géré par le personnel et les bénévoles de Sunshine House. À lire aussi : Le service mobile distribue également du matériel de réduction des méfaits, notamment des aiguilles et des pipes de consommation propres. Il propose également des tests sur les drogues à l'aide d'une machine qui en analyse la composition chimique. Selon le document, le service mobile a eu un impact positif sur les populations marginalisées et vulnérables, et a réussi à réduire les préjudices. Il a été lancé en réponse à la crise croissante des drogues toxiques au Canada. Le rapport indique que de nombreuses provinces ont réagi en mettant à la disposition des consommateurs de drogues des lieux surveillés, dotés d'équipements et de fournitures stériles, mais que le Manitoba n'a pas pris de mesures en ce sens. L'intérieur du véhicule de Sunshine House.(Photo d'archives) Photo : Radio-Canada / Jérémie Bergeron La nécessité d'une solution à long terme Malgré le succès du programme, le rapport souligne qu'il ne constitue pas une solution à l'ensemble de la crise [des drogues toxiques]. Un service mobile de prévention des surdoses est loin d'être suffisant pour répondre à la taille et à l'ampleur du défi, mentionne le rapport. Des chercheurs de l'Université de Toronto ont étudié les décès accidentels liés aux opioïdes dans neuf provinces et territoires canadiens, y compris les trois provinces des Prairies. Le Manitoba a enregistré la hausse la plus importante des décès par surdose chez les personnes âgées de 30 à 39 ans. Le rapport préconise la création de plusieurs centres de consommation supervisée à Winnipeg. Le gouvernement néo-démocrate du Manitoba s'est engagé à contribuer au financement d'un premier centre de consommation supervisée dans la ville . Lors de la publication du budget provincial, le premier ministre Wab Kinew a déclaré qu'un tel lieu devrait ouvrir ses portes l'année prochaine.",
    "highlightText": "",
    "highlightTitle": "",
    "highlightThreadTitle": "",
    "language": "french",
    "sentiment": "positive",
    "categories": [
        "Health",
        "Human Interest"
    ],
    "external_links": [],
    "external_images": [],
    "entities": {
        "persons": [],
        "organizations": [],
        "locations": []
    },
    "rating": null,
    "crawled": "2024-04-19T00:28:19.364+03:00",
    "updated": "2024-04-19T01:30:44.204+03:00"
}