{
    "thread": {
        "uuid": "8bfe55646c1c8aca8cfdceebf9b4647b0f884a4e",
        "url": "https://www.fox23.com/news/cherokee-nation-honors-three-veterans-with-medal-of-patriotism/article_af78c8d0-fd9b-11ee-af78-bbf8a99b9563.html",
        "site_full": "www.fox23.com",
        "site": "fox23.com",
        "site_section": "https://fox23.com",
        "site_categories": [
            "media"
        ],
        "section_title": "fox23.com",
        "title": "Cherokee Nation honors three Veterans with Medal of Patriotism | News | fox23.com",
        "title_full": "Cherokee Nation honors three Veterans with Medal of Patriotism | News | fox23.com",
        "published": "2024-04-18T08:00:00.000+03:00",
        "replies_count": 0,
        "participants_count": 1,
        "site_type": "news",
        "country": "US",
        "main_image": "https://bloximages.chicago2.vip.townnews.com/fox23.com/content/tncms/assets/v3/editorial/b/b9/bb9fe2d0-fd9e-11ee-9cce-0b4a9ba929b3/6621471ed5cef.image.jpg?crop=1125%2C591%2C0%2C79&amp;resize=1125%2C591&amp;order=crop%2Cresize",
        "performance_score": 0,
        "domain_rank": 19063,
        "domain_rank_updated": "2024-04-16T13:07:52.000+03:00",
        "reach": null,
        "social": {
            "facebook": {
                "likes": 0,
                "comments": 0,
                "shares": 0
            },
            "gplus": {
                "shares": 0
            },
            "pinterest": {
                "shares": 0
            },
            "linkedin": {
                "shares": 0
            },
            "stumbledupon": {
                "shares": 0
            },
            "vk": {
                "shares": 0
            }
        }
    },
    "uuid": "8bfe55646c1c8aca8cfdceebf9b4647b0f884a4e",
    "url": "https://www.fox23.com/news/cherokee-nation-honors-three-veterans-with-medal-of-patriotism/article_af78c8d0-fd9b-11ee-af78-bbf8a99b9563.html",
    "ord_in_thread": 0,
    "parent_url": null,
    "author": "FOX",
    "published": "2024-04-18T08:00:00.000+03:00",
    "title": "Cherokee Nation honors three Veterans with Medal of Patriotism | News | fox23.com",
    "text": "TAHLEQUAH, Okla. — The Cherokee Nation honored three Veterans with the Medal of Patriotism during the Council of the Cherokee Nation's April meeting. Christopher Huitt and Luke Brown were recognized by Cherokee Nation Principal Chief Chuck Hoskin Jr., Deputy Chief Bryan Warner and Secretary of Veteran Affairs S. Joe Crittenden. Navy Veteran Daniel Brown was posthumously honored by the tribe. The Cherokee Nation says they recognize Cherokee service men and women for their sacrifices as a way to show the high regard in which all Veterans are held by the tribe. \"It's been an honor, this really touches me deep,\" Huitt said. \"I'm honored by our people and it's an honor that I've made our people proud.\" The Cherokee Nation says that Native Americans, including Cherokees, are thought to have more citizens serving per capita than any other ethnic group. \"Thank you all for being here and honoring us today,\" Luke Brown said. \"It's an honor to be able to stand in the ranks with everyone else.\" Daniel and Luke's mother, Tanya Brown, received the award on his behalf. \"I'm the Cherokee of the family and I just appreciate you honoring my offspring and inviting us to come and honoring us in this way,\" she said. To learn more about the Cherokee Nation Medal of Patriotism award, click [here](https://veterans.cherokee.org/cherokee-nation-medal-of-patriotism-award/#:~:text=The%20Medal%20of%20Patriotism%20is,honorably%20discharged%20from%20the%20military.). You can nominate a Veteran who is a Cherokee Nation citizen by calling 918-772-4166.",
    "highlightText": "",
    "highlightTitle": "",
    "highlightThreadTitle": "",
    "language": "english",
    "sentiment": "positive",
    "categories": [
        "Politics",
        "Human Interest"
    ],
    "external_links": [
        "https://veterans.cherokee.org/cherokee-nation-medal-of-patriotism-award/#:~:text=The%20Medal%20of%20Patriotism%20is,honorably%20discharged%20from%20the%20military.).",
        "https://www.veterans.cherokee.org/cherokee-nation-medal-of-patriotism-award/#:~:text=The%20Medal%20of%20Patriotism%20is,honorably%20discharged%20from%20the%20military.)."
    ],
    "external_images": [],
    "entities": {
        "persons": [
            {
                "name": "huitt",
                "sentiment": "none"
            },
            {
                "name": "luke brown",
                "sentiment": "none"
            },
            {
                "name": "daniel brown",
                "sentiment": "none"
            },
            {
                "name": "luke",
                "sentiment": "none"
            },
            {
                "name": "s. joe crittenden",
                "sentiment": "none"
            },
            {
                "name": "daniel",
                "sentiment": "none"
            },
            {
                "name": "tanya brown",
                "sentiment": "none"
            },
            {
                "name": "chuck hoskin jr.",
                "sentiment": "none"
            },
            {
                "name": "bryan warner",
                "sentiment": "none"
            },
            {
                "name": "christopher huitt",
                "sentiment": "none"
            }
        ],
        "organizations": [
            {
                "name": "cherokee nation",
                "sentiment": "negative"
            },
            {
                "name": "navy",
                "sentiment": "none"
            },
            {
                "name": "council of the cherokee nation",
                "sentiment": "none"
            }
        ],
        "locations": [
            {
                "name": "okla.",
                "sentiment": "none"
            },
            {
                "name": "tahlequah",
                "sentiment": "none"
            }
        ]
    },
    "rating": null,
    "crawled": "2024-04-19T00:10:47.184+03:00",
    "updated": "2024-04-19T00:10:47.184+03:00"
}