{
    "thread": {
        "uuid": "3f4e4d20b5f04dc961bc6058a7c70bc242b78aa6",
        "url": "https://glamour.globo.com/entretenimento/celebridades/noticia/2024/04/fernanda-paes-leme-celebra-nascimento-da-primeira-filha-pilar.ghtml",
        "site_full": "glamour.globo.com",
        "site": "globo.com",
        "site_section": "https://glamour.globo.com/rss/glamour",
        "site_categories": [
            "top_news"
        ],
        "section_title": "glamour",
        "title": "Fernanda Paes Leme celebra nascimento da primeira filha, Pilar",
        "title_full": "Fernanda Paes Leme celebra nascimento da primeira filha, Pilar",
        "published": "2024-04-18T23:41:00.000+03:00",
        "replies_count": 0,
        "participants_count": 0,
        "site_type": "news",
        "country": "BR",
        "main_image": "https://s2-glamour.glbimg.com/lmaASCpSIaOldJDrenKcaOugQpE=/1200x/smart/filters:cover():strip_icc()/i.s3.glbimg.com/v1/AUTH_ba3db981e6d14e54bb84be31c923b00c/internal_photos/bs/2024/k/S/n8QEQiTZu4saDE6tv5iw/verenasmit-437374675-18432490636059469-47132325764453225-n.jpg",
        "performance_score": 0,
        "domain_rank": 752,
        "domain_rank_updated": "2024-04-16T13:07:52.000+03:00",
        "reach": null,
        "social": {
            "facebook": {
                "likes": 0,
                "comments": 0,
                "shares": 0
            },
            "gplus": {
                "shares": 0
            },
            "pinterest": {
                "shares": 0
            },
            "linkedin": {
                "shares": 0
            },
            "stumbledupon": {
                "shares": 0
            },
            "vk": {
                "shares": 0
            }
        }
    },
    "uuid": "3f4e4d20b5f04dc961bc6058a7c70bc242b78aa6",
    "url": "https://glamour.globo.com/entretenimento/celebridades/noticia/2024/04/fernanda-paes-leme-celebra-nascimento-da-primeira-filha-pilar.ghtml",
    "ord_in_thread": 0,
    "parent_url": null,
    "author": null,
    "published": "2024-04-18T23:41:00.000+03:00",
    "title": "Fernanda Paes Leme celebra nascimento da primeira filha, Pilar",
    "text": "Fernanda Paes Leme apareceu na redes sociais pela primeira vez depois do nascimento da primeira filha, Pilar, fruto do relacionamento com o empresário Victor Sampaio.\nA bebê nasceu na última quarta-feira (17) e veio ao mundo com 50 cm e 3,325 kg. No Instagram, a apresentadora abriu o coração sobre como foi conhecer a filha.\n\"Descobrimos o significado de maior amor do mundo. Ah, Pilar, você foi tão esperada e agora honraremos sua chegada. Te amamos, FILHA\", declararam os pais da pequena, em postagem conjunta. Confira mais fotos:\nAmigos celebram chegada de Pilar\nOs amigos da apresentadora não estão contendo a alegria com a chegada da bebê. No Instagram,\na atriz já foi vista segurando a bebê nos braços.\n\"Dia aqui hoje\", escreveu Julia Faria, amiga de Fernanda que acompanhou o nascimento da pequena. \"Bem-vinda, minha princesa\", completou. A bebê veio ao mundo com 50 cm e 3,325 kg.\nPilar nasceu na última quarta-feira (17), mas a informação só foi revela pela assessoria da atriz hoje (18). A bebê veio ao mundo com 50 cm e 3,325 kg.\n\"Fernanda Paes Leme deu à luz Pilar na quarta-feira, dia 17 de abril, na maternidade Promatre, em São Paulo. A bebê chegou ao mundo com 50cm e 3 quilos e 325 gramas. A pequena é fruto do relacionamento da atriz e apresentadora com Victor Sampaio. Mãe e filha estão bem, e a família muito feliz com a chegada da nova integrante\", disse a equipe da apresentadora.\nA bebê é fruto do relacionamento de Fernanda com o empresário Victor Sampaio. Os dois estão noivos desde 2022 e anunciaram a gravidez em outubro do ano passado. No Instagram, o papai de primeira viagem também posou segurando a bebê.\nMais cedo, Fernanda Paes Leme postou em suas redes sociais novas fotos do ensaio em que mostrava o barrigão na reta final da gravidez. \"Me despindo da Fernanda que sou\", escreveu. O clique deixou os internautas desconfiados de que Pilar já estava prestes a nascer.\n\"Deusaaaaaa\", elogiou Fernanda Rodrigues nos comentários. \"Será que nasceu Pilar?\", indagou um seguidor. \"A Fernanda que você vai conhecer quando Pilar nascer será a sua melhor versão\", escreveu outra. \"Que Deus abençoe você e sua filha, que tenha um parto tranquilo e que ela venha cheia de saúde\" desejou mais uma.\n[Mais recente](#) Próxima Amigos de Fe Paes Leme celebram chegada de Pilar: \"Bem-vinda\"",
    "highlightText": "",
    "highlightTitle": "",
    "highlightThreadTitle": "",
    "language": "portuguese",
    "sentiment": "positive",
    "categories": [
        "Lifestyle and Leisure",
        "Human Interest"
    ],
    "external_links": [],
    "external_images": [],
    "entities": {
        "persons": [],
        "organizations": [],
        "locations": []
    },
    "rating": null,
    "crawled": "2024-04-19T00:03:12.247+03:00",
    "updated": "2024-04-19T00:03:12.247+03:00"
}