{
    "thread": {
        "uuid": "1794c6c6437f3f6914413aea35356be91bd21308",
        "url": "https://www.eltiempo.com/cultura/gente/la-historia-detras-de-bebe-reno-la-serie-que-esta-entre-lo-mas-visto-de-netflix-3335181",
        "site_full": "www.eltiempo.com",
        "site": "eltiempo.com",
        "site_section": "http://www.eltiempo.com/rss/cultura.xml",
        "site_categories": [
            "media",
            "education",
            "business",
            "top_news"
        ],
        "section_title": "EL TIEMPO.COM -Cultura",
        "title": "La escalofriante historia real detrás de 'Bebé Reno', la nueva serie entre lo más visto de Netflix",
        "title_full": "La escalofriante historia real detrás de 'Bebé Reno', la nueva serie entre lo más visto de Netflix",
        "published": "2024-04-18T03:00:00.000+03:00",
        "replies_count": 0,
        "participants_count": 1,
        "site_type": "news",
        "country": "CO",
        "main_image": "https://imagenes.eltiempo.com/files/og_thumbnail/uploads/2024/04/18/66216b8fb0d10.png",
        "performance_score": 0,
        "domain_rank": 3855,
        "domain_rank_updated": "2024-04-16T13:07:52.000+03:00",
        "reach": null,
        "social": {
            "facebook": {
                "likes": 0,
                "comments": 0,
                "shares": 0
            },
            "gplus": {
                "shares": 0
            },
            "pinterest": {
                "shares": 0
            },
            "linkedin": {
                "shares": 0
            },
            "stumbledupon": {
                "shares": 0
            },
            "vk": {
                "shares": 0
            }
        }
    },
    "uuid": "1794c6c6437f3f6914413aea35356be91bd21308",
    "url": "https://www.eltiempo.com/cultura/gente/la-historia-detras-de-bebe-reno-la-serie-que-esta-entre-lo-mas-visto-de-netflix-3335181",
    "ord_in_thread": 0,
    "parent_url": null,
    "author": "Johan Steven Infante Guerrero",
    "published": "2024-04-18T03:00:00.000+03:00",
    "title": "La escalofriante historia real detrás de 'Bebé Reno', la nueva serie entre lo más visto de Netflix",
    "text": "'Bebé Reno', conocida como 'Baby reindeer' en su título original en inglés, narra la compleja relación entre 'Donny Dunn', un comediante sin éxito interpretado por Richard Gadd, y su acosadora 'Martha', interpretada por Jessica Gunning. A través de esta trama, la serie aborda el acoso como una enfermedad mental, así como temas de soledad y dependencia emocional.A diferencia de otras producciones que romantizan el acoso, como la popular serie 'You', 'Bebé Reno' ofrece una perspectiva más profunda sobre la salud mental tanto del acosador como de la víctima, fomentando la empatía y explorando los demonios internos que todos enfrentamos. Lo que sorprende aún más es que esta escalofriante historia tiene sus raíces en la vida real. El propio escritor y protagonista de la serie, Richard Gadd, se inspiró en su propia experiencia de ser acosado para crear esta impactante narrativa.Según revela el primer episodio de la serie, todo comenzó con un simple gesto de bondad por parte de Gadd, al ofrecer una taza de té gratis a una mujer desconocida en el bar donde trabajaba. Sin embargo, este acto generoso desencadenó una invasión sin precedentes a su privacidad.(Seguir leyendo: Netflix anuncia 34 nuevas producciones de Corea del Sur en su parrilla). Durante cinco angustiosos años, Gadd recibió más de 41,071 correos electrónicos, 744 tuits, 350 horas de mensajes de voz, 106 cartas y 46 mensajes de Facebook por parte de su acosadora. Estos mismos mensajes, con sus errores gramaticales, insinuaciones y a veces tono sexual, son retratados fielmente en la serie, sirviendo como recordatorios inquietantes de la obsesión de Martha.La genialidad de 'Bebé Reno' radica en su capacidad para mostrar las dos caras de la moneda: la vecina risueña que parece inofensiva al principio, y la acosadora obsesiva que se esconde detrás de una pantalla.(Le puede interesar: ‘El caballero negro’: alta tecnología en la serie que estrena Netflix ). Además, la serie explora cómo el trauma puede generar una dependencia enfermiza en la víctima, quien busca desesperadamente llenar los vacíos emocionales causados por el acoso.En palabras del propio Gadd durante el evento anual de Netflix, Tudum: \"Creo que la vida es una comedia dramática. En algunos de los lugares más oscuros en los que he estado, de alguna manera he encontrado risas. Y algunos de los lugares más divertidos en los que he estado, incluidos los 'backstage' de clubes de comedia con otros comediantes, también pueden ser los lugares más deprimentes. Siempre pienso que la vida es una mezcla de luces y sombras. Así que quería que ‘Bebé Reno’ fuera una mezcla de ambos\". *Este contenido fue reescrito con la asistencia de una inteligencia artificial, basado en información de El País (GDA), y contó con la revisión de la periodista y un editor.",
    "highlightText": "",
    "highlightTitle": "",
    "highlightThreadTitle": "",
    "language": "spanish",
    "sentiment": "positive",
    "categories": [
        "Arts, Culture and Entertainment",
        "Human Interest"
    ],
    "external_links": [],
    "external_images": [],
    "entities": {
        "persons": [],
        "organizations": [],
        "locations": []
    },
    "rating": null,
    "crawled": "2024-04-19T00:10:41.515+03:00",
    "updated": "2024-04-19T00:10:41.515+03:00"
}