{
    "thread": {
        "uuid": "354cfd9719c2a682c5a6d71252c421fe42130be2",
        "url": "https://www.openpr.com/news/3469179/ronary-expands-its-suite-of-notary-services-to-empower-clients",
        "site_full": "www.openpr.com",
        "site": "openpr.com",
        "site_section": "https://www.openpr.com",
        "site_categories": [
            "marketing",
            "financial_news",
            "finance",
            "business"
        ],
        "section_title": "openPR.com - Worldwide Open Public Relations - Publish Press Releases Free of Charge",
        "title": "Ronary Expands Its Suite of Notary Services to Empower Clients",
        "title_full": "Ronary Expands Its Suite of Notary Services to Empower Clients",
        "published": "2024-04-18T23:46:00.000+03:00",
        "replies_count": 0,
        "participants_count": 1,
        "site_type": "news",
        "country": "US",
        "main_image": "https://cdn.open-pr.com/X/4/X418738188_g.jpg",
        "performance_score": 0,
        "domain_rank": 10996,
        "domain_rank_updated": "2024-04-16T13:07:52.000+03:00",
        "reach": null,
        "social": {
            "facebook": {
                "likes": 0,
                "comments": 0,
                "shares": 0
            },
            "gplus": {
                "shares": 0
            },
            "pinterest": {
                "shares": 0
            },
            "linkedin": {
                "shares": 0
            },
            "stumbledupon": {
                "shares": 0
            },
            "vk": {
                "shares": 0
            }
        }
    },
    "uuid": "354cfd9719c2a682c5a6d71252c421fe42130be2",
    "url": "https://www.openpr.com/news/3469179/ronary-expands-its-suite-of-notary-services-to-empower-clients",
    "ord_in_thread": 0,
    "parent_url": null,
    "author": "Getnews",
    "published": "2024-04-18T23:46:00.000+03:00",
    "title": "Ronary Expands Its Suite of Notary Services to Empower Clients",
    "text": "Ronary Expands Its Suite of Notary Services to Empower Clients with Convenient Online Solutionshttps://www.getnews.info/wp-content/uploads/2024/04/1698048328.jpeg Ronary, a reputable provider of notary services, has expanded its offerings to include innovative online notarization solutions, remote online notary services, traditional notary services, and the Florida Notary Course. In response to the increasing demand for convenient and accessible notary services, Ronary now enables clients to securely notarize documents online from anywhere, ensuring efficiency and flexibility. Ronary, a leading provider of notary services, announces the expansion of its offerings to include innovative online notarization solutions, reinforcing its commitment to delivering convenient and accessible services to clients. With a focus on efficiency and flexibility, Ronary now offers online notarization [https://ronary.com/ron], remote online notary services, traditional notary services, and the Florida Notary Course. Image: https://www.getnews.info/uploads/205f8ead2d100984b9fcb039459dc14f.jpg The emergence of digital technologies has transformed various industries, and the notary sector is no exception. Recognizing the evolving needs of clients and the growing demand for remote services, Ronary has integrated cutting-edge online notarization capabilities into its portfolio. This advancement allows clients to securely and conveniently notarize documents from the comfort of their own homes or offices, saving time and eliminating the need for in-person appointments. Moreover, Ronary's remote online notary services [https://ronary.com/] offer a seamless experience for clients seeking notarization for documents regardless of their location. By leveraging state-of-the-art encryption and identity verification measures, Ronary ensures the authenticity and legality of each transaction, providing peace of mind to clients while streamlining the notarization process. In addition to its online offerings, Ronary continues to provide traditional notary services, maintaining a strong presence in local communities and upholding the highest standards of professionalism and integrity. Whether clients require notarization for real estate transactions, legal documents, or other purposes, Ronary's team of certified notaries is readily available to assist. Furthermore, Ronary recognizes the importance of education and empowerment in the notary field. As part of its commitment to professional development, the company offers the Florida Notary Course, equipping aspiring notaries with the knowledge and skills necessary to excel in their roles. With comprehensive curriculum and expert instruction, the course prepares individuals to navigate the complexities of notary law and practice with confidence. Ronary's dedication to excellence, convenience, and professionalism sets it apart as a trusted partner for notary services in today's digital age. Whether clients require online notarization, remote online notary services, traditional notary services, or educational resources, Ronary stands ready to deliver exceptional service and support. About Ronary: Ronary is a leading provider of notary services, offering online notarization, remote online notary services, traditional notary services, and the Florida Notary Course [https://course.ronary.com/]. Committed to excellence and innovation, Ronary empowers clients with convenient and reliable notary solutions tailored to meet their needs. Media Contact Company Name: Ronary Contact Person: Jason B. Giller Email: Send Email [http://www.universalpressrelease.com/?pr=ronary-expands-its-suite-of-notary-services-to-empower-clients-with-convenient-online-solutions] Phone: +1 321-329-8447 Address:1111 Brickell Avenue, Suite 1550 City: Miami State: Florida Country: United States Website: https://ronary.com This release was published on openPR. Permanent link to this press release: Copy Please set a link in the press area of your homepage to this press release on openPR. openPR disclaims liability for any content contained in this release. You can edit or delete your press release Ronary Expands Its Suite of Notary Services to Empower Clients with Convenient Online Solutions here News-ID: 3469179 • Views: … More Releases from Getnews [](/news/3469177/the-new-book-the-impartiality-of-god-by-david-c-green-sheds) The New Book \"The Impartiality of God\" by David C. Green Sheds Light on Divine J … Image: https://www.getnews.info/wp-content/uploads/2024/04/1713453760.jpeg Apr 18, 2024 - Renowned author David C. Green will soon be releasing a groundbreaking book, \"The Impartiality of God [https://www.amazon.com/dp/1917095279/],\" which delves into the profound theological concept of divine impartiality within the context of the Bible. This thought-provoking work offers fresh perspectives on God's character and justice, challenging traditional interpretations and shedding light on the significance of historical context and grammatico-historical exegesis. \"The Impartiality of God\" is a comprehensive … [](/news/3469175/how-is-the-education-at-wellington-college-international) How is the education at Wellington College International Shanghai? Let's take a … HAPPY INTERNATIONAL WOMEN'S DAY Women are essential to our success at Wellington College China schools. Whether they are inspiring the pupils in the classrooms and art studios or working behind the scenes in the administrative offices, this IB school in China [https://shanghai.wellingtoncollege.cn/academic/ib-diploma-programme] witnesses their passion and commitment every day, blazing trails as learners, connectors and changemakers. Today, in honour of International Women's Day, we are sharing the stories of six Wellington … [](/news/3469172/colorado-carpet-masters-celebrating-35-years-of-carpet) Colorado Carpet Masters: Celebrating 35 Years of Carpet Cleaning Services in For … Image: https://www.getnews.info/wp-content/uploads/2024/04/1713453331.png Fort Lupton, Colorado - April 18, 2024 - Colorado Carpet Masters [https://www.colorado-carpet-masters.com/carpet-cleaning-fort-lupton/], a leading carpet cleaning service provider, is proud to celebrate 35 years of excellence in serving the community of Fort Lupton and surrounding areas. Since its inception, Colorado Carpet Masters has been committed to providing top-notch carpet cleaning services with a focus on professionalism, quality, and customer satisfaction. Founded in 1989 by Keith Wroblewski, Colorado Carpet Masters has … [](/news/3469171/presenting-with-pride-the-university-offers-from-students) Presenting with pride the university offers from students at Wellington College … The Year 13 cohort at Wellington College Tianjin has received over 90 university offers from prestigious institutions around the world, including the UK, USA, Canada, Switzerland, and Hong Kong SAR. Their exceptional success in university applications shines through, with numerous students from this [https://tianjin.wellingtoncollege.cn/academic/senior-school/] securing multiple offers. Notably, the offers encompass 10 prestigious invitations from the G5 Super Elite universities renowned for academic excellence and stringent standards. These universities are …",
    "highlightText": "",
    "highlightTitle": "",
    "highlightThreadTitle": "",
    "language": "english",
    "sentiment": "positive",
    "categories": [
        "Science and Technology",
        "Human Interest",
        "Economy, Business and Finance"
    ],
    "external_links": [
        "https://www.getnews.info/wp-content/uploads/2024/04/1698048328.jpeg",
        "https://ronary.com",
        "https://shanghai.wellingtoncollege.cn/academic/ib-diploma-programme",
        "https://www.getnews.info/wp-content/uploads/2024/04/1713453760.jpeg",
        "http://www.universalpressrelease.com/?pr=ronary-expands-its-suite-of-notary-services-to-empower-clients-with-convenient-online-solutions",
        "https://ronary.com/",
        "https://www.colorado-carpet-masters.com/carpet-cleaning-fort-lupton/",
        "https://ronary.com/ron",
        "https://tianjin.wellingtoncollege.cn/academic/senior-school/",
        "https://course.ronary.com/",
        "http://www.amazon.com/exec/obidos/ASIN/1917095279",
        "https://course.ronary.com",
        "https://ronary.com",
        "http://amazon.com/exec/obidos/ASIN/1917095279",
        "https://www.course.ronary.com/",
        "https://www.ronary.com/",
        "https://www.colorado-carpet-masters.com/carpet-cleaning-fort-lupton",
        "https://www.shanghai.wellingtoncollege.cn/academic/ib-diploma-programme",
        "http://www.universalpressrelease.com/",
        "https://www.ronary.com/ron",
        "https://getnews.info/wp-content/uploads/2024/04/1698048328.jpeg",
        "https://www.tianjin.wellingtoncollege.cn/academic/senior-school/",
        "https://www.ronary.com",
        "https://colorado-carpet-masters.com/carpet-cleaning-fort-lupton/",
        "http://universalpressrelease.com/?pr=ronary-expands-its-suite-of-notary-services-to-empower-clients-with-convenient-online-solutions",
        "https://getnews.info/wp-content/uploads/2024/04/1713453760.jpeg",
        "https://tianjin.wellingtoncollege.cn/academic/senior-school"
    ],
    "external_images": [],
    "entities": {
        "persons": [
            {
                "name": "ronary",
                "sentiment": "none"
            }
        ],
        "organizations": [
            {
                "name": "notary services",
                "sentiment": "negative"
            },
            {
                "name": "florida notary course",
                "sentiment": "none"
            }
        ],
        "locations": []
    },
    "rating": null,
    "crawled": "2024-04-19T00:04:58.335+03:00",
    "updated": "2024-04-19T00:04:58.335+03:00"
}