{
    "thread": {
        "uuid": "74dafb22da3fa2fc4aae8b6f120a1a8b8892388c",
        "url": "https://www.prnewswire.com/news-releases/how-a-social-media-post-led-a-teen-to-find-a-kidney-buddy-for-life-302121335.html",
        "site_full": "www.prnewswire.com",
        "site": "prnewswire.com",
        "site_section": "https://prnewswire.com/news-releases/multicultural-latest-news/",
        "site_categories": [
            "media"
        ],
        "section_title": "Latest People &amp; Culture News and Press Releases | PR Newswire",
        "title": "How a Social Media Post Led a Teen to Find a 'Kidney Buddy' for Life",
        "title_full": "How a Social Media Post Led a Teen to Find a 'Kidney Buddy' for Life",
        "published": "2024-04-18T22:21:00.000+03:00",
        "replies_count": 0,
        "participants_count": 1,
        "site_type": "news",
        "country": "US",
        "main_image": "https://mma.prnewswire.com/media/2391423/Stanford_Medicine_Jaxon_and_Sarah_Headshot.jpg?p=facebook",
        "performance_score": 0,
        "domain_rank": 194,
        "domain_rank_updated": "2024-04-16T13:07:52.000+03:00",
        "reach": null,
        "social": {
            "facebook": {
                "likes": 0,
                "comments": 0,
                "shares": 0
            },
            "gplus": {
                "shares": 0
            },
            "pinterest": {
                "shares": 0
            },
            "linkedin": {
                "shares": 0
            },
            "stumbledupon": {
                "shares": 0
            },
            "vk": {
                "shares": 0
            }
        }
    },
    "uuid": "74dafb22da3fa2fc4aae8b6f120a1a8b8892388c",
    "url": "https://www.prnewswire.com/news-releases/how-a-social-media-post-led-a-teen-to-find-a-kidney-buddy-for-life-302121335.html",
    "ord_in_thread": 0,
    "parent_url": null,
    "author": "Stanford Medicine Children's Health and Lucile Packard Children's Hospital Stanford",
    "published": "2024-04-18T22:21:00.000+03:00",
    "title": "How a Social Media Post Led a Teen to Find a 'Kidney Buddy' for Life",
    "text": "PALO ALTO, Calif. Sarah Best was scrolling on Instagram while at home in Sacramento when she came across a stranger's story. It was about a teen who needed a kidney.\n\"Being O negative, I give a lot of blood, but I always had the thought of wanting to do something more,\" Sarah said. \"When I saw that post, it just felt like it was that time.\"\nContinue Reading\nJaxon Shaneyfelt meets his living kidney donor, Sarah Best, at a follow-up appointment.\nThe story described a 14-year-old named Jaxon Shaneyfelt from Turlock, California , who got unexpected news that he had kidney failure.\nSarah called the number on the post, which led her to the transplant coordinators at Stanford Medicine Children's Health to begin the living donor screening process. In November 2023 , she was approved to donate.\nJaxon was less than six months from requiring dialysis, said Thomas Pham , MD , pediatric kidney transplant surgical director at Stanford Children's. \"Sarah helped him immensely because he didn't need to go on dialysis. That will help with his long-term outcomes. She's also saving another life because it's making an organ available for someone else on the transplant list. With just one act of goodwill, the impact overall is immeasurable.\"\nBefore his diagnosis more than a year ago, Jaxon felt like nothing was wrong.\n\"He was living a normal life,\" said Micah Shaneyfelt , his mom. \"In December 2022 , I noticed that Jaxon was extremely fatigued. After taking him to two different doctors, he continued to get worse—we drove him immediately from our home in Turlock to Lucile Packard Children's Hospital Stanford. They performed scans, multiple tests, and saved his life.\"\nJaxon had orbital cellulitis, or an infection around his eye. As a part of the check-up, he got lab work and an ultrasound. When those results showed abnormal kidney function, Ruby Patel , MD , pediatric nephrologist at Stanford Children's, sent for a genetic test.\nJaxon was diagnosed with nephronophthisis, a genetic disorder of the kidneys. Children who have this disease need a kidney transplant by the time they're teenagers, as it eventually leads to kidney failure.\n\"He went from thinking everything was fine to now being told he needed a transplant within a year,\" Dr. Patel said. \"That's hard for anybody.\"\nFacing the news head-on\nAfter his diagnosis, Jaxon and his family met Jennifer Tanaka, RN , BSN, CCTC, his transplant coordinator, for an evaluation appointment to prepare for when he would get sick enough to need a transplant.\n\"I work with a lot of potential recipients, and sometimes it can be hard for them to reach out and ask for help,\" Tanaka said. \"But, I always tell them, you never know what's out there unless you ask, because there are people that truly do care.\"\nThat's exactly what the Shaneyfelts did.\n\"As soon as we got Jaxon's juvenile nephronophthisis diagnosis, I started sharing his story immediately, since I could not be his donor,\" Micah said. \"I knew it could take some time to find a match, so I needed to get the word out every way I could. We're blessed to live in a time where we have Facebook, Instagram, and all of the other social media platforms.\"\nIn June 2023 , Jaxon did get sicker. He was more tired at school. He had to visit Stanford Children's more frequently because his lab results were not great. Jaxon needed a transplant soon. A few months later, he received a fateful call that somebody wanted to donate their kidney to him.\nKidney buddies for life\nOn Dec. 19, 2023 , Sarah drove from Sacramento to Stanford Medicine . The next day, both Sarah and Jaxon had their surgeries.\n\"Sarah is truly the definition of altruism,\" said Gerri James, RN , BSN, CCTC, kidney transplant program manager. \"It's a big deal donating to somebody you don't know, and she said, 'As long as I'm home with my family for Christmas, I'll be fine.' It's amazing. That's the best gift Jaxon will ever get.\"\nJaxon then received another gift. Not all recipients get to meet their donor, and not all living donors meet the patient they helped. But these two had the opportunity at a clinic follow-up.\n\"The Shaneyfelts are just so sweet,\" Sarah recalled. \"They had no idea who I was, but when I walked in the room, it almost felt like friends you've always had. As we started talking, all these connections started forming. It just feels good that you can help someone live, but there are emotional days. I hope this kidney gives him a long time of healthy living because he's a 14-year-old boy. He should be out having fun.\"\nJaxon and his family presented Sarah with a kidney plushie they signed with a special message.\n\"The kindness Sarah's given us just makes me speechless,\" Jaxon said. \"Seeing the person who saved my life made me feel the same way. I want to say thank you again and again to my kidney buddy.\"\nJaxon is back in school and looking forward to playing basketball again. While getting back to daily life is important, he is also looking forward to the many more meetups he'll have with his kidney buddy, including teasing Sarah's husband about being a Dodgers fan.\n\"When things started to feel a little discouraging, someone was placed in our lives to lift us up and encourage Jaxon—whether that was his care team, the Turlock community, or his angel on earth, Sarah,\" Micah said. \"Words will never be able to express our appreciation. We are hoping that someday, there will be no wait list, but an abundant list of living donors to give the same gift of life.\"\nThe team at Lucile Packard Children's Hospital Stanford has performed more pediatric kidney transplants than any other U.S. center . Learn more about the pediatric kidney transplant and how to become a living donor >\nContact: Katie Chen [email protected]\nSOURCE Stanford Medicine Children's Health and Lucile Packard Children's Hospital Stanford",
    "highlightText": "",
    "highlightTitle": "",
    "highlightThreadTitle": "",
    "language": "english",
    "sentiment": "positive",
    "categories": [
        "Human Interest"
    ],
    "external_links": [
        "https://c212.net/c/link/?t=0&l=en&o=4144998-1&h=4254563126&u=https%3A%2F%2Fwww.stanfordchildrens.org%2Fen%2Fservice%2Fkidney%23nephrology&a=nephrologist",
        "https://c212.net/c/link/?t=0&l=en&o=4144998-1&h=2709664106&u=https%3A%2F%2Fwww.stanfordchildrens.org%2Fen%2Fdoctor%2Fthomas-a-pham&a=Thomas+Pham%2C+MD",
        "https://c212.net/c/link/?t=0&l=en&o=4144998-1&h=858622019&u=https%3A%2F%2Fwww.stanfordchildrens.org%2Fen%2Fservice%2Fkidney-transplant&a=pediatric+kidney+transplant",
        "https://c212.net/c/link/?t=0&l=en&o=4144998-1&h=2036453716&u=https%3A%2F%2Fwww.stanfordchildrens.org%2Fen%2Fdoctor%2Fruby-vishnu-patel&a=Ruby+Patel%2C+MD",
        "https://c212.net/c/link/?t=0&l=en&o=4144998-1&h=3296378811&u=https%3A%2F%2Fwww.stanfordchildrens.org%2Fen%2Fservice%2Fkidney-transplant%2Ffaq-donors&a=how+to+become+a+living+donor",
        "https://www.c212.net/c/link/?t=0&l=en&o=4144998-1&h=2036453716&u=https%3A%2F%2Fwww.stanfordchildrens.org%2Fen%2Fdoctor%2Fruby-vishnu-patel&a=Ruby+Patel%2C+MD",
        "https://www.c212.net/c/link/?t=0&l=en&o=4144998-1&h=858622019&u=https%3A%2F%2Fwww.stanfordchildrens.org%2Fen%2Fservice%2Fkidney-transplant&a=pediatric+kidney+transplant",
        "https://www.c212.net/c/link/?t=0&l=en&o=4144998-1&h=2709664106&u=https%3A%2F%2Fwww.stanfordchildrens.org%2Fen%2Fdoctor%2Fthomas-a-pham&a=Thomas+Pham%2C+MD",
        "https://www.c212.net/c/link/?t=0&l=en&o=4144998-1&h=4254563126&u=https%3A%2F%2Fwww.stanfordchildrens.org%2Fen%2Fservice%2Fkidney%23nephrology&a=nephrologist",
        "https://c212.net/c/link/",
        "https://www.c212.net/c/link/?t=0&l=en&o=4144998-1&h=3296378811&u=https%3A%2F%2Fwww.stanfordchildrens.org%2Fen%2Fservice%2Fkidney-transplant%2Ffaq-donors&a=how+to+become+a+living+donor"
    ],
    "external_images": [],
    "entities": {
        "persons": [
            {
                "name": "sarah best",
                "sentiment": "negative"
            },
            {
                "name": "jaxon shaneyfelt",
                "sentiment": "none"
            },
            {
                "name": "jaxon",
                "sentiment": "none"
            },
            {
                "name": "sarah",
                "sentiment": "none"
            },
            {
                "name": "thomas pham",
                "sentiment": "none"
            }
        ],
        "organizations": [
            {
                "name": "social media post",
                "sentiment": "negative"
            },
            {
                "name": "stanford medicine children's health",
                "sentiment": "none"
            },
            {
                "name": "stanford children's",
                "sentiment": "none"
            }
        ],
        "locations": [
            {
                "name": "life palo alto",
                "sentiment": "none"
            },
            {
                "name": "calif.",
                "sentiment": "none"
            },
            {
                "name": "sacramento",
                "sentiment": "none"
            },
            {
                "name": "turlock",
                "sentiment": "none"
            },
            {
                "name": "california",
                "sentiment": "none"
            }
        ]
    },
    "rating": null,
    "crawled": "2024-04-19T00:09:51.996+03:00",
    "updated": "2024-04-19T11:39:12.027+03:00"
}