{
    "thread": {
        "uuid": "44e5b18579f18983c7d23ee75d40023b1fb510dd",
        "url": "https://flipboard.com/article/tom-cruise-makes-it-clear-where-his-priorities-lie-ahead-of-suri-s-18th-birthday/f-7a013e0b59%2Fthelist.com",
        "site_full": "flipboard.com",
        "site": "flipboard.com",
        "site_section": "https://flipboard.com/topic/artsandculturefestival",
        "site_categories": [
            "family_and_parenting",
            "eldercare"
        ],
        "section_title": "Discover More in Arts &amp; Culture Festivals on Flipboard",
        "title": "Tom Cruise Makes It Clear Where His Priorities Lie Ahead Of Suri's 18th Birthday | Flipboard",
        "title_full": "Tom Cruise Makes It Clear Where His Priorities Lie Ahead Of Suri's 18th Birthday | Flipboard",
        "published": "2024-04-18T22:26:00.000+03:00",
        "replies_count": 0,
        "participants_count": 1,
        "site_type": "news",
        "country": "US",
        "main_image": "https://ic-cdn.flipboard.com/thelist.com/7bb86d16c561ba1b198c54c7a3403823a6a11659/_medium.jpeg",
        "performance_score": 0,
        "domain_rank": 1222,
        "domain_rank_updated": "2024-04-16T13:07:52.000+03:00",
        "reach": null,
        "social": {
            "facebook": {
                "likes": 0,
                "comments": 0,
                "shares": 0
            },
            "gplus": {
                "shares": 0
            },
            "pinterest": {
                "shares": 0
            },
            "linkedin": {
                "shares": 0
            },
            "stumbledupon": {
                "shares": 0
            },
            "vk": {
                "shares": 0
            }
        }
    },
    "uuid": "44e5b18579f18983c7d23ee75d40023b1fb510dd",
    "url": "https://flipboard.com/article/tom-cruise-makes-it-clear-where-his-priorities-lie-ahead-of-suri-s-18th-birthday/f-7a013e0b59%2Fthelist.com",
    "ord_in_thread": 0,
    "parent_url": null,
    "author": "thelist.com - Rachel Cash",
    "published": "2024-04-18T22:26:00.000+03:00",
    "title": "Tom Cruise Makes It Clear Where His Priorities Lie Ahead Of Suri's 18th Birthday | Flipboard",
    "text": "Tom Cruise Makes It Clear Where His Priorities Lie Ahead Of Suri's 18th Birthday Of all celebrity divorces, Tom Cruise and Katie Holmes' divorce may be one of the most notorious. The duo split in 2012 and share one daughter, Suri … Related storyboards Related articles [Joe Alwyn Apparently Never Needs to Worry About Money Again, Thanks to Taylor Swift](/@marieclaire/celebrity-news-64q6t5hmz/joe-alwyn-apparently-never-needs-to-worry-about-money-again-thanks-to-taylor-sw/a-bUngkZTnRPGS9MoM8-o50Q%3Aa%3A3199521-4b685730da%2Fmarieclaire.com) Here's why the actor is still earning from their relationship. Despite breaking up over a year ago and avoiding the public eye, Joe Alwyn is reportedly still earning money from his ex-girlfriend Taylor Swift, and it's a lot. Swift has since moved on with NFL star Travis Kelce, but that won't come in … [Prince Harry Renounces His UK Residency, Backdates It to When He Was Evicted from Frogmore Cottage](/@cosmopolitan/celeb-news-isqpcbjsz/prince-harry-renounces-his-uk-residency-backdates-it-to-when-he-was-evicted-fro/a-akWzTNAdRSGGt1NZqnmDAA%3Aa%3A16801122-44e0d091a4%2Fcosmopolitan.com) 👀 👀 👀 Prince Harry is making moves and making points! The Duke of Sussex just made his residency in the United States officially official by renouncing residency in ye olde England. The Daily Beast reports that Harry's sustainable travel organization, Travalyst, filed company returns in which Harry … [Kanye West Investigated for Battery After Man Allegedly Assaults Wife Bianca Censori: Report](/@usweekly/celebrity-news-aae7v27iz/kanye-west-investigated-for-battery-after-man-allegedly-assaults-wife-bianca-cen/a-UgBCyTGARj-ifjOLQDgfUQ%3Aa%3A3195443-e46eb659cd%2Fusmagazine.com) Kanye West is reportedly being investigated for battery following an alleged incident involving his wife, Bianca Censori. TMZ reported on Wednesday, … Join the flipboard community Discover, collect, and share stories for all your interests [Sign up](/signup) More stories from [Tom Cruise](/topic/tomcruise) [Tom Cruise has been permanently banned from ever buying a Bugatti](/topic/tomcruise/tom-cruise-has-been-permanently-banned-from-ever-buying-a-bugatti/a-iBUjnUrKRfyEB_WxZ25S4w%3Aa%3A2867092696-17ce3c281e%2Funilad.com) It is not a hot take to say that with fame and wealth comes luxury cars. It’s quite rare to see a top YouTuber, pro athlete, or A-List movie star … [What Is Steven Spielberg’s Next (UFO-Based) Movie?](/topic/tomcruise/what-is-steven-spielberg-s-next-ufo-based-movie/a-5ApMHcZWT4uDjIxwpQKxXA%3Aa%3A221841707-0ec0135a77%2Fuproxx.com) After delivering The Fablemans in 2022, Steven Spielberg has yet to lock in on his next feature film, but that might be changing very soon. While the legendary director is still developing a Frank Bullitt movie based on Steve McQueen’s iconic character, that project might have to wait as Spielberg …",
    "highlightText": "",
    "highlightTitle": "",
    "highlightThreadTitle": "",
    "language": "english",
    "sentiment": "positive",
    "categories": [
        "Arts, Culture and Entertainment",
        "Lifestyle and Leisure",
        "Human Interest"
    ],
    "external_links": [],
    "external_images": [],
    "entities": {
        "persons": [
            {
                "name": "tom cruise",
                "sentiment": "negative"
            },
            {
                "name": "suri",
                "sentiment": "negative"
            },
            {
                "name": "joe alwyn",
                "sentiment": "none"
            },
            {
                "name": "taylor swift",
                "sentiment": "none"
            },
            {
                "name": "harry",
                "sentiment": "none"
            },
            {
                "name": "travis kelce",
                "sentiment": "none"
            },
            {
                "name": "katie holmes",
                "sentiment": "none"
            }
        ],
        "organizations": [
            {
                "name": "nfl",
                "sentiment": "none"
            }
        ],
        "locations": []
    },
    "rating": null,
    "crawled": "2024-04-19T00:22:47.578+03:00",
    "updated": "2024-04-19T00:22:47.578+03:00"
}