{
    "thread": {
        "uuid": "bb8c4c9c1db1735dc453190702099dc4badc1712",
        "url": "https://www.geo.tv/latest/539896-blake-shelton-gets-candid-about-being-a-stepdad-to-gwen-stefanis-children",
        "site_full": "www.geo.tv",
        "site": "geo.tv",
        "site_section": "https://www.geo.tv/rss/1/0",
        "site_categories": [
            "media",
            "television",
            "entertainment"
        ],
        "section_title": "GEO TV - Entertainment",
        "title": "Blake Shelton gets candid about being a stepdad to Gwen Stefani's children",
        "title_full": "Blake Shelton gets candid about being a stepdad to Gwen Stefani's children",
        "published": "2024-04-18T23:40:00.000+03:00",
        "replies_count": 0,
        "participants_count": 1,
        "site_type": "news",
        "country": "PK",
        "main_image": "https://www.geo.tv/assets/uploads/updates/2024-04-19/l_539896_010924_updates.jpg",
        "performance_score": 0,
        "domain_rank": 10015,
        "domain_rank_updated": "2024-04-16T13:07:52.000+03:00",
        "reach": null,
        "social": {
            "facebook": {
                "likes": 0,
                "comments": 0,
                "shares": 0
            },
            "gplus": {
                "shares": 0
            },
            "pinterest": {
                "shares": 0
            },
            "linkedin": {
                "shares": 0
            },
            "stumbledupon": {
                "shares": 0
            },
            "vk": {
                "shares": 0
            }
        }
    },
    "uuid": "bb8c4c9c1db1735dc453190702099dc4badc1712",
    "url": "https://www.geo.tv/latest/539896-blake-shelton-gets-candid-about-being-a-stepdad-to-gwen-stefanis-children",
    "ord_in_thread": 0,
    "parent_url": null,
    "author": "@Web Desk",
    "published": "2024-04-18T23:40:00.000+03:00",
    "title": "Blake Shelton gets candid about being a stepdad to Gwen Stefani's children",
    "text": "April 19, 2024 Blake Shelton just expressed how much he enjoys and adores being a father to Gwen Stefani’s children. In an exclusive interview with Entertainment Tonight, the 47-year-old country singer opened up about being a stepdad to three boys, Kingston, Zuma and Apollo, who Stefani she shares with ex, Gavin Rossdale. As he discussed his tenth year anniversary on meeting Stefani, he talked about how he pictured his future with her. \"If I could have a repeat of these past 10 years, (that) would be perfect. Next month, we've got an 18-year-old, which it blows my mind that already happened,” he told the outlet. Shelton continued, “And in a couple of years, we'll have another 18-year-old. And that's...it's gonna be a lot more alone time, which I'm not mad about that either.\" \"But we still have Apollo, so we have another almost 10 years before we can kick him out, so it should be a lot of fun,\" the God’s Country singer added. Blake Shelton further explained that Stefani's three boys transformed him positively \"in every possible way\" after he became their stepdad after tying the knot with the Purple Irises singer back in 2021.",
    "highlightText": "",
    "highlightTitle": "",
    "highlightThreadTitle": "",
    "language": "english",
    "sentiment": "positive",
    "categories": [
        "Lifestyle and Leisure",
        "Human Interest"
    ],
    "external_links": [],
    "external_images": [],
    "entities": {
        "persons": [
            {
                "name": "blake shelton",
                "sentiment": "negative"
            },
            {
                "name": "gwen ste",
                "sentiment": "negative"
            },
            {
                "name": "gwen stefani",
                "sentiment": "negative"
            },
            {
                "name": "zuma",
                "sentiment": "none"
            },
            {
                "name": "shelton",
                "sentiment": "none"
            },
            {
                "name": "gavin rossdale",
                "sentiment": "none"
            },
            {
                "name": "stefani",
                "sentiment": "none"
            }
        ],
        "organizations": [],
        "locations": [
            {
                "name": "kingston",
                "sentiment": "none"
            }
        ]
    },
    "rating": null,
    "crawled": "2024-04-19T00:00:22.913+03:00",
    "updated": "2024-04-19T03:04:36.649+03:00"
}