{
    "thread": {
        "uuid": "a1d6e4e917af93850d3b3dd2b240f5c1b57a7dac",
        "url": "https://www.burnabynow.com/local-news/burnaby-soccer-star-named-canadian-premier-leagues-player-of-the-week-8617205",
        "site_full": "www.burnabynow.com",
        "site": "burnabynow.com",
        "site_section": "https://www.burnabynow.com/rss",
        "site_categories": [
            "media"
        ],
        "section_title": "Burnaby Now: burnabynow",
        "title": "Burnaby soccer star named Canadian Premier League's player of the week",
        "title_full": "Burnaby soccer star named Canadian Premier League's player of the week",
        "published": "2024-04-19T00:00:00.000+03:00",
        "replies_count": 0,
        "participants_count": 1,
        "site_type": "news",
        "country": "CA",
        "main_image": "https://www.vmcdn.ca/f/files/burnabynow/images/sports/burnabyparisgeevancouverfchomeopener_april2024.jpg;w=1000;h=666;mode=crop",
        "performance_score": 0,
        "domain_rank": 64803,
        "domain_rank_updated": "2024-04-16T13:07:56.000+03:00",
        "reach": null,
        "social": {
            "facebook": {
                "likes": 0,
                "comments": 0,
                "shares": 0
            },
            "gplus": {
                "shares": 0
            },
            "pinterest": {
                "shares": 0
            },
            "linkedin": {
                "shares": 0
            },
            "stumbledupon": {
                "shares": 0
            },
            "vk": {
                "shares": 0
            }
        }
    },
    "uuid": "a1d6e4e917af93850d3b3dd2b240f5c1b57a7dac",
    "url": "https://www.burnabynow.com/local-news/burnaby-soccer-star-named-canadian-premier-leagues-player-of-the-week-8617205",
    "ord_in_thread": 0,
    "parent_url": null,
    "author": "Kyle Balzer",
    "published": "2024-04-19T00:00:00.000+03:00",
    "title": "Burnaby soccer star named Canadian Premier League's player of the week",
    "text": "Paris Gee's homecoming was a memorable one. In fact, the Burnaby soccer player scored in his debut with Vancouver FC, which was the eventual game-winner in the club's 4-1 home-opening victory over Valour FC on Sunday, April 14, in Langley. He added an assist later in the match, all while sprinting up and down the field for the full 90 minutes to lead the Eagles in passes (21) and claiming six of nine duels in the final third. Gee's efforts resulted in a trio of honours by the Canadian Premier League (CPL) — player of the match, selection to the league's Best XI and the CPL player of the week. The 29-year-old fullback's performance was backed by the cheers of nearly 100 friends and family that attended Vancouver FC's first game of 2024. His first career CPL goal came in the 47th minute, a rocket to the top corner from just outside the 18-yard box past Valour goalkeeper Jonathan Viscosi. Gee spent last season with York United FC, his third year in the CPL, where he led the club with 2,325 minutes played and was fifth in the CPL in ball possessions won with 145. The Burnaby Central Secondary 2012 grad signed a [two-year contract with Vancouver FC in January](https://www.burnabynow.com/local-news/burnabys-paris-gee-returning-home-to-play-for-vancouver-fc-8156168). Gee is back on the pitch tonight, April 18, looking to help improve the Eagles to 2-0 in their sophomore season against HFX Wanderers FC. Kick-off is scheduled for 7 p.m. at Willoughby Community Park Stadium ( [7782 200 St.](https://www.google.com/maps/place/Willoughby+Community+Park/@49.1435042,-122.665691,15z/data=!4m2!3m1!1s0x0:0xc802df83f54ffe02?sa=X&ved=2ahUKEwj5iq__k_eDAxVbBjQIHaDABY8Q_BJ6BAhHEAA)).",
    "highlightText": "",
    "highlightTitle": "",
    "highlightThreadTitle": "",
    "language": "english",
    "sentiment": "positive",
    "categories": [
        "Human Interest",
        "Sport"
    ],
    "external_links": [
        "https://www.google.com/maps/place/Willoughby+Community+Park/@49.1435042,-122.665691,15z/data=!4m2!3m1!1s0x0:0xc802df83f54ffe02?sa=X&ved=2ahUKEwj5iq__k_eDAxVbBjQIHaDABY8Q_BJ6BAhHEAA",
        "https://google.com/maps/place/Willoughby+Community+Park/@49.1435042,-122.665691,15z/data=!4m2!3m1!1s0x0:0xc802df83f54ffe02?sa=X&ved=2ahUKEwj5iq__k_eDAxVbBjQIHaDABY8Q_BJ6BAhHEAA",
        "https://www.google.com/maps/place/Willoughby+Community+Park/@49.1435042,-122.665691,15z/data=!4m2!3m1!1s0x0:0xc802df83f54ffe02"
    ],
    "external_images": [],
    "entities": {
        "persons": [
            {
                "name": "jonathan viscosi",
                "sentiment": "none"
            }
        ],
        "organizations": [
            {
                "name": "canadian premier league",
                "sentiment": "neutral"
            },
            {
                "name": "best xi",
                "sentiment": "none"
            },
            {
                "name": "vancouver fc",
                "sentiment": "none"
            },
            {
                "name": "burnaby central seco",
                "sentiment": "none"
            },
            {
                "name": "eagles",
                "sentiment": "none"
            },
            {
                "name": "york united fc",
                "sentiment": "none"
            },
            {
                "name": "valour fc",
                "sentiment": "none"
            },
            {
                "name": "cpl",
                "sentiment": "none"
            }
        ],
        "locations": [
            {
                "name": "burnaby",
                "sentiment": "none"
            },
            {
                "name": "paris",
                "sentiment": "none"
            },
            {
                "name": "langley",
                "sentiment": "none"
            }
        ]
    },
    "rating": null,
    "crawled": "2024-04-19T00:06:01.352+03:00",
    "updated": "2024-04-19T01:17:02.479+03:00"
}