{
    "thread": {
        "uuid": "3aff38ff0c6ae75c47095b4a92d4f3c19fb12c61",
        "url": "https://www.larazon.es/television/programas/adriana-torrebejano-revela-cual-era-rutina-antes-colegio-cogia-mochila-daba-beso-boca-miguel-angel-munoz_20240418662188b68e660200016eb59e.html",
        "site_full": "www.larazon.es",
        "site": "larazon.es",
        "site_section": "https://www.larazon.es/?outputType=xml",
        "site_categories": [
            "media",
            "top_news"
        ],
        "section_title": "La Razón - Diario de noticias y actualidad en España y el mundo",
        "title": "Adriana Torrebejano revela cuál era su rutina antes de ir a colegio: “Cogía mi mochila y le daba un beso en la boca a Miguel Ángel Muñoz”",
        "title_full": "Adriana Torrebejano revela cuál era su rutina antes de ir a colegio: “Cogía mi mochila y le daba un beso en la boca a Miguel Ángel Muñoz”",
        "published": "2024-04-18T22:55:00.000+03:00",
        "replies_count": 0,
        "participants_count": 1,
        "site_type": "news",
        "country": "ES",
        "main_image": "https://fotografias.larazon.es/clipping/cmsimages01/2024/04/18/183F16B9-16DB-4CCD-80E8-EA2168CA4831/adriana-torrebejano-revela-cual-era-rutina-antes-colegio-cogia-mochila-daba-beso-boca-miguel-angel-munoz_69.jpg?crop=1543,868,x0,y0&width=1280&height=720&optimize=low&format=jpg",
        "performance_score": 0,
        "domain_rank": 5158,
        "domain_rank_updated": "2024-04-16T13:07:52.000+03:00",
        "reach": null,
        "social": {
            "facebook": {
                "likes": 0,
                "comments": 0,
                "shares": 0
            },
            "gplus": {
                "shares": 0
            },
            "pinterest": {
                "shares": 0
            },
            "linkedin": {
                "shares": 0
            },
            "stumbledupon": {
                "shares": 0
            },
            "vk": {
                "shares": 0
            }
        }
    },
    "uuid": "3aff38ff0c6ae75c47095b4a92d4f3c19fb12c61",
    "url": "https://www.larazon.es/television/programas/adriana-torrebejano-revela-cual-era-rutina-antes-colegio-cogia-mochila-daba-beso-boca-miguel-angel-munoz_20240418662188b68e660200016eb59e.html",
    "ord_in_thread": 0,
    "parent_url": null,
    "author": "Javier, Corpas",
    "published": "2024-04-18T22:55:00.000+03:00",
    "title": "Adriana Torrebejano revela cuál era su rutina antes de ir a colegio: “Cogía mi mochila y le daba un beso en la boca a Miguel Ángel Muñoz”",
    "text": "El Hormiguero\nAdriana Torrebejano revela cuál era su rutina antes de ir a colegio: “Cogía mi mochila y le daba un beso en la boca a Miguel Ángel Muñoz”\nLa actriz catalana contó sonrojada lo que hacía todos los días antes de ir a clase con un póster que tenía sin mangas del actor de UPA Dance\n“El Hormiguero” cerró la semana con una visita por partida doble. Adriana Torrebejano y Salva Reina se divirtieron una vez más en el plató del espacio liderado por Pablo Motos y vinieron a presentar la nueva serie de Movistar Plus, “Muertos S.L”, ficción creada por Alberto y Laura Caballero.\nLa sección de las confesiones\nEn la sección de las famosas hormigas del programa, \"Trancas y Barrancas\", se destaparon varias verdades ocultas de los invitados, como la rutina diaria que hacía Adriana Torrebejano antes de ir al colegio, que no dudaba en besar en la boca a un \"\nMiguel Ángel Muñoz\" sin mangas, que tenía colgado en la pared de su dormitorio: “Yo de pequeña era muy fan de la serie y hasta para mi cumpleaños pedí una televisión portátil chiquitita para ver en mu cuarto el programa ya que se emitía muy tarde y claro a veces las imágenes no eran adecuadas para alguien de mi edad”, comentaba entre risas Torrebejano, que cuenta que tenía un poster del actor que salvaguardaba su habitación: “Lo puse detrás de la puerta para que mi madre no lo viera y cada mañana antes de ir a clase, le daba un beso”, expuso la actriz sonrojada admitiendo que se lo daba en la boca, beso que más tarde pudo recrear en la vida real, cumpliendo uno de sus sueños.\nAdemás, supimos también gracias a las preguntas de las hormigas, que Salva Reina tiene acciones en una funeraria de Málaga, a la que confesó que se unió a ella debido al gran trato humano que se desprende al realizar su trabajo, algo que conquistó el corazón del actor, que ya sabía lo que era una funeraria por dentro antes de encarnar al conductor del coche fúnebre en la ficción de Movistar que vino esta noche a promocionar.",
    "highlightText": "",
    "highlightTitle": "",
    "highlightThreadTitle": "",
    "language": "spanish",
    "sentiment": "positive",
    "categories": [
        "Human Interest"
    ],
    "external_links": [],
    "external_images": [],
    "entities": {
        "persons": [],
        "organizations": [],
        "locations": []
    },
    "rating": null,
    "crawled": "2024-04-19T00:06:18.158+03:00",
    "updated": "2024-04-19T00:06:18.158+03:00"
}