{
    "thread": {
        "uuid": "834f31830b3fd3284dc021435d42d5bdc7deae62",
        "url": "https://celebrity.nine.com.au/latest/nascars-bubba-wallace-and-wife-amanda-announce-theyre-expecting-their-first-child-together/d3694cc6-3f7e-44ac-88e2-02be6e4014bd",
        "site_full": "celebrity.nine.com.au",
        "site": "nine.com.au",
        "site_section": "https://celebrity.nine.com.au/rss",
        "site_categories": [
            "television",
            "entertainment"
        ],
        "section_title": "Celebrity entertainment news, gossip and photos on 9Honey Celebrity",
        "title": "Bubba Wallace and wife Amanda expecting their first child together",
        "title_full": "Bubba Wallace and wife Amanda expecting their first child together - 9Celebrity",
        "published": "2024-04-19T00:30:00.000+03:00",
        "replies_count": 0,
        "participants_count": 1,
        "site_type": "news",
        "country": "AU",
        "main_image": "https://imageresizer.static9.net.au/pkY66bA9y-hW1AepIaJ_sHRZAJk=/195x18:1090x521/1200x628/smart/https%3A%2F%2Fprod.static9.net.au%2Ffs%2F8f911eb7-2bf1-4fc9-8a68-24423c23231b",
        "performance_score": 0,
        "domain_rank": 6046,
        "domain_rank_updated": "2024-04-16T13:07:52.000+03:00",
        "reach": null,
        "social": {
            "facebook": {
                "likes": 0,
                "comments": 0,
                "shares": 0
            },
            "gplus": {
                "shares": 0
            },
            "pinterest": {
                "shares": 0
            },
            "linkedin": {
                "shares": 0
            },
            "stumbledupon": {
                "shares": 0
            },
            "vk": {
                "shares": 0
            }
        }
    },
    "uuid": "834f31830b3fd3284dc021435d42d5bdc7deae62",
    "url": "https://celebrity.nine.com.au/latest/nascars-bubba-wallace-and-wife-amanda-announce-theyre-expecting-their-first-child-together/d3694cc6-3f7e-44ac-88e2-02be6e4014bd",
    "ord_in_thread": 0,
    "parent_url": null,
    "author": "Chloe-Lee Longhetti",
    "published": "2024-04-19T00:30:00.000+03:00",
    "title": "Bubba Wallace and wife Amanda expecting their first child together",
    "text": "American NASCAR driver Bubba Wallace and his wife Amanda have shared some sweet baby news this week. The couple, who tied the knot in 2022, have revealed they're expecting their first child together. Underneath a series of photographs of the pair with a sonogram image, they wrote in a joint post : \"Spring has sprung. Summer will be rad. Fall is the first time, we'll be mum and dad!\" READ MORE: The Allman Brothers Band 's Dickey Betts dies READ MORE: Chris Hemsworth shares photos from sweet getaway with daughter They added: \"Baby Wallace coming October 2024.\" The pair were flooded with congratulatory messages on the post. They married on New Year's Eve in 2022 - an incredible way to ring in 2023. READ MORE: Paul McCartney and John Lennon's sons release single together As she marked their one year anniversary, Amanda called Bubba, 30, the ''love of her life''. \"Feeling on top of the world after our first year of marriage!\" she wrote . \"Man, I wish we could go back and relive the most epic night our lives. \"So excited for many more years of marriage with the love of my life, @bubbawallace.\" The pair share an Australian shepherd-poodle called Asher together. Bubba, whose real name is William Darrell Wallace Jr., has had incredible success with NASCAR and is one of its top drivers. He recently spoke on the Stacking Pennies podcast about the pressure of being the only Black driver in the NASCAR Cup Series. \"There's way more eyes for sure,\" he said, adding he used to feel, \"like okay I got to prove to everybody that you know what, I belong here instead of just [being Bubba]\". \"But I don't need to invest my time into that anymore.\" For a daily dose of 9Honey, subscribe to our newsletter here In 2013, he became the first African-American in 50 years to win in one of NASCAR's three national series', the Truck Series. FOLLOW US ON WHATSAPP HERE : Stay across all the latest in celebrity, lifestyle and opinion via our WhatsApp channel. No comments, no algorithm and nobody can see your private details.",
    "highlightText": "",
    "highlightTitle": "",
    "highlightThreadTitle": "",
    "language": "english",
    "sentiment": "positive",
    "categories": [
        "Human Interest"
    ],
    "external_links": [
        "https://imageresizer.static9.net.au/ME91vShftcrjob7JFXtmqM83rSQ=/195x18:1090x521/1274x0/https%3A%2F%2Fprod.static9.net.au%2Ffs%2F8f911eb7-2bf1-4fc9-8a68-24423c23231b",
        "https://www.imageresizer.static9.net.au/1uPGz5UR8SNMppam2liO3mm_vtE=/195x18:1090x521/636x0/https%3A%2F%2Fprod.static9.net.au%2Ffs%2F8f911eb7-2bf1-4fc9-8a68-24423c23231b",
        "https://instagram.com/p/C54aj9NrKck",
        "https://www.imageresizer.static9.net.au/4jrIwpZzsDRViUSS_h8O7naYynw=/195x18:1090x521/792x0/https%3A%2F%2Fprod.static9.net.au%2Ffs%2F8f911eb7-2bf1-4fc9-8a68-24423c23231b",
        "https://www.imageresizer.static9.net.au/ME91vShftcrjob7JFXtmqM83rSQ=/195x18:1090x521/1274x0/https%3A%2F%2Fprod.static9.net.au%2Ffs%2F8f911eb7-2bf1-4fc9-8a68-24423c23231b",
        "https://imageresizer.static9.net.au/jzpM6JKTfQoc6Scw1Y5lVThn9uY=/636x358/https%3A%2F%2Fprod.static9.net.au%2Ffs%2F0629c208-f5c9-471f-af12-2429ccf93fa8",
        "https://www.instagram.com/p/C1iMK-VPLFc/",
        "https://imageresizer.static9.net.au/aj1w2et96dS5un8F_laFLh8t0rY=/0x200:1203x1103/396x0/https%3A%2F%2Fprod.static9.net.au%2Ffs%2F700c054d-d5c4-47b4-b99d-e85c38d616fc",
        "https://www.instagram.com/p/C54aj9NrKck/",
        "https://instagram.com/p/C54aj9NrKck/?img_index=1",
        "https://imageresizer.static9.net.au/d0pMQjm5x-wTgX5YlBCqlprWyLo=/195x18:1090x521/396x0/https%3A%2F%2Fprod.static9.net.au%2Ffs%2F8f911eb7-2bf1-4fc9-8a68-24423c23231b",
        "https://www.imageresizer.static9.net.au/4Z2GRbmVdcpCmMh0vgwl61atTRk=/0x200:1203x1103/1274x0/https%3A%2F%2Fprod.static9.net.au%2Ffs%2F700c054d-d5c4-47b4-b99d-e85c38d616fc",
        "https://www.instagram.com/p/C54aj9NrKck/?img_index=1",
        "https://imageresizer.static9.net.au/hhvw52tZy8rsqxMjhtqP5I5ToIk=/0x200:1203x1103/792x0/https%3A%2F%2Fprod.static9.net.au%2Ffs%2F700c054d-d5c4-47b4-b99d-e85c38d616fc",
        "https://www.bubbawallace.com",
        "https://www.instagram.com/p/C54aj9NrKck",
        "https://imageresizer.static9.net.au/1uPGz5UR8SNMppam2liO3mm_vtE=/195x18:1090x521/636x0/https%3A%2F%2Fprod.static9.net.au%2Ffs%2F8f911eb7-2bf1-4fc9-8a68-24423c23231b",
        "https://www.imageresizer.static9.net.au/d0pMQjm5x-wTgX5YlBCqlprWyLo=/195x18:1090x521/396x0/https%3A%2F%2Fprod.static9.net.au%2Ffs%2F8f911eb7-2bf1-4fc9-8a68-24423c23231b",
        "https://imageresizer.static9.net.au/Bi_8v15_EjmGIEL8olk3YwPgVzk=/396x223/https%3A%2F%2Fprod.static9.net.au%2Ffs%2F0629c208-f5c9-471f-af12-2429ccf93fa8",
        "https://www.imageresizer.static9.net.au/fOFhgdWgTZcSjS_sqHJBPoU8M9g=/0x200:1203x1103/636x0/https%3A%2F%2Fprod.static9.net.au%2Ffs%2F700c054d-d5c4-47b4-b99d-e85c38d616fc",
        "https://imageresizer.static9.net.au/mLbtBjtt6HpKlY7d6s2RlBptrYc=/792x446/https%3A%2F%2Fprod.static9.net.au%2Ffs%2F0629c208-f5c9-471f-af12-2429ccf93fa8",
        "https://imageresizer.static9.net.au/iA7aynO65rsQB9Mi4chgEi6nXjM=/1274x717/https%3A%2F%2Fprod.static9.net.au%2Ffs%2F0629c208-f5c9-471f-af12-2429ccf93fa8",
        "https://www.imageresizer.static9.net.au/mLbtBjtt6HpKlY7d6s2RlBptrYc=/792x446/https%3A%2F%2Fprod.static9.net.au%2Ffs%2F0629c208-f5c9-471f-af12-2429ccf93fa8",
        "https://instagram.com/p/C1iMK-VPLFc/?igsh=ZTJzZTFxdDhtY2dm&img_index=1",
        "https://www.bubbawallace.com/",
        "https://imageresizer.static9.net.au/4jrIwpZzsDRViUSS_h8O7naYynw=/195x18:1090x521/792x0/https%3A%2F%2Fprod.static9.net.au%2Ffs%2F8f911eb7-2bf1-4fc9-8a68-24423c23231b",
        "https://imageresizer.static9.net.au/4Z2GRbmVdcpCmMh0vgwl61atTRk=/0x200:1203x1103/1274x0/https%3A%2F%2Fprod.static9.net.au%2Ffs%2F700c054d-d5c4-47b4-b99d-e85c38d616fc",
        "https://www.imageresizer.static9.net.au/hhvw52tZy8rsqxMjhtqP5I5ToIk=/0x200:1203x1103/792x0/https%3A%2F%2Fprod.static9.net.au%2Ffs%2F700c054d-d5c4-47b4-b99d-e85c38d616fc",
        "https://www.instagram.com/p/C1iMK-VPLFc/?igsh=ZTJzZTFxdDhtY2dm&img_index=1",
        "https://imageresizer.static9.net.au/fOFhgdWgTZcSjS_sqHJBPoU8M9g=/0x200:1203x1103/636x0/https%3A%2F%2Fprod.static9.net.au%2Ffs%2F700c054d-d5c4-47b4-b99d-e85c38d616fc",
        "https://www.imageresizer.static9.net.au/aj1w2et96dS5un8F_laFLh8t0rY=/0x200:1203x1103/396x0/https%3A%2F%2Fprod.static9.net.au%2Ffs%2F700c054d-d5c4-47b4-b99d-e85c38d616fc",
        "https://bubbawallace.com/",
        "https://www.imageresizer.static9.net.au/jzpM6JKTfQoc6Scw1Y5lVThn9uY=/636x358/https%3A%2F%2Fprod.static9.net.au%2Ffs%2F0629c208-f5c9-471f-af12-2429ccf93fa8",
        "https://www.imageresizer.static9.net.au/Bi_8v15_EjmGIEL8olk3YwPgVzk=/396x223/https%3A%2F%2Fprod.static9.net.au%2Ffs%2F0629c208-f5c9-471f-af12-2429ccf93fa8",
        "https://www.imageresizer.static9.net.au/iA7aynO65rsQB9Mi4chgEi6nXjM=/1274x717/https%3A%2F%2Fprod.static9.net.au%2Ffs%2F0629c208-f5c9-471f-af12-2429ccf93fa8"
    ],
    "external_images": [],
    "entities": {
        "persons": [
            {
                "name": "bubba wallace",
                "sentiment": "negative"
            },
            {
                "name": "amanda",
                "sentiment": "negative"
            },
            {
                "name": "dickey betts",
                "sentiment": "none"
            },
            {
                "name": "bubba",
                "sentiment": "none"
            },
            {
                "name": "baby wallace",
                "sentiment": "none"
            }
        ],
        "organizations": [
            {
                "name": "nascar",
                "sentiment": "negative"
            },
            {
                "name": "allman brothers band",
                "sentiment": "none"
            }
        ],
        "locations": []
    },
    "rating": null,
    "crawled": "2024-04-19T00:41:49.432+03:00",
    "updated": "2024-04-19T04:00:01.841+03:00"
}