{
    "thread": {
        "uuid": "befffa0a827eff2c422df8ef4cd3c1a98ef9e3a3",
        "url": "https://www.closerweekly.com/posts/patrick-swayzes-amazing-untold-story-final-words-to-his-wife",
        "site_full": "www.closerweekly.com",
        "site": "closerweekly.com",
        "site_section": "https://www.closerweekly.com/rss",
        "site_categories": [
            "media"
        ],
        "section_title": "Closer Weekly",
        "title": "Patrick Swayze’s Amazing Untold Story, Including His Final Words to Wife Lisa Niemi",
        "title_full": "Patrick Swayze’s Amazing Untold Story, Including His Final Words to Wife Lisa Niemi",
        "published": "2024-04-18T23:48:00.000+03:00",
        "replies_count": 0,
        "participants_count": 1,
        "site_type": "news",
        "country": "US",
        "main_image": "https://www.closerweekly.com/wp-content/uploads/2024/04/patrick-swayzes-amazing-untold-story-final-words-to-his-wife.jpg?crop=0px%2C244px%2C3768px%2C1980px&#038;resize=1200%2C630&#038;quality=86&#038;strip=all",
        "performance_score": 0,
        "domain_rank": 29501,
        "domain_rank_updated": "2024-04-16T13:07:52.000+03:00",
        "reach": null,
        "social": {
            "facebook": {
                "likes": 0,
                "comments": 0,
                "shares": 0
            },
            "gplus": {
                "shares": 0
            },
            "pinterest": {
                "shares": 0
            },
            "linkedin": {
                "shares": 0
            },
            "stumbledupon": {
                "shares": 0
            },
            "vk": {
                "shares": 0
            }
        }
    },
    "uuid": "befffa0a827eff2c422df8ef4cd3c1a98ef9e3a3",
    "url": "https://www.closerweekly.com/posts/patrick-swayzes-amazing-untold-story-final-words-to-his-wife",
    "ord_in_thread": 0,
    "parent_url": null,
    "author": "LOUISE A. BARILE",
    "published": "2024-04-18T23:48:00.000+03:00",
    "title": "Patrick Swayze’s Amazing Untold Story, Including His Final Words to Wife Lisa Niemi",
    "text": "Patrick Swayze’s Amazing Untold Story, Including His Final Words to Wife Lisa Niemi\nFrank Whiteley,\nPatrick Swayze’s bodyguard, was driving a Chevy Suburban through Sacramento’s rush hour traffic when the actor disappeared from the passenger seat. “I reach over to light a cigar and he wasn’t in the Suburban anymore,” Frank tells Closer. “We’re doing like 65, and I look out and see a shadow. He was standing on top of the Suburban with his arms raised out, doing the Titanic pose.”\nBefore Patrick’s untimely passing nearly 15 years ago, the Houston native did a lot of living. He’d emerged after nearly a decade of forgettable roles as an A-list star with 1987’s Dirty Dancing and followed it up with crowd-pleasers, including Road House, Ghost and Point Break, making him one of the most popular actors of the early 1990s. Even more impressive are the obstacles Patrick overcame in his personal life, including an unhappy childhood, a turbulent marriage to his childhood sweetheart, and a long cycle of alcohol abuse. “Alcohol breeds self-pity, and I’ve resorted to it on and off throughout my life,” said the star. “But I kicked it by making other things more important.”\nGrowing up, Patrick, the eldest boy in a family of five children, played football, practiced martial arts, acted in school plays and danced classical ballet at the behest of his choreographer mother, Patsy. She was a demanding taskmaster. “Our mother made us feel that we were never good enough. If I did anything, I had to be the best because that’s what my mother expected of me,” said Patrick, who confessed he harbored anger toward his mother for years.\nHe felt closer to his father. “All the love we got came from our father, Jesse, a Texas state champion cowboy,” gushed Patrick. “He was a gentle soul, an incredibly intelligent man who could do the New York Times crossword in 15 minutes.” Jesse’s sudden death in 1982, three years after Patrick made his feature film debut in Skatetown U.S.A., left him heartbroken. “His dad was Buddy, and they called him Little Buddy,” recalls Frank. “After his father passed, Patrick became Buddy.”\nPatrick Swayze Married Lisa Niemi\nLisa Niemi, 67, met Patrick at his mother’s dance studio when they were both teenagers. “He had a kind of reputation as a Casanova; I had a reputation as a bad girl, and we were supposed to stay away from each other,” says Lisa, who became his dance partner. She remembers falling for Patrick the first time they performed together. “I put my hand in his, and we looked in each other’s eyes, and it was like ‘BANG!’ and this incredible magic happened.”\nThe pair wed in 1975, but Lisa admits they “wasted some time” before trying to start a family. “Both of us loved kids and always\nintended to have kids,” says Lisa, who calls the two miscarriages she suffered “heartbreaking.” When a long course of acupuncture didn’t result in a healthy pregnancy, she broached the subject of adoption with her husband, but Patrick said no. “He got very teary-eyed and said, ‘I want to have children with you,’” she recalls.\nPatrick Swayze Found Stardom With ‘Dirty Dancing’\nDirty Dancing, a small 1987 film set at a Catskills summer resort, was never expected to become a hit. “Everything went wrong, everything was hard, and everything was on a shoestring,” Jennifer Grey tells Closer of the shoot. “We thought that maybe no one would see it.”\nInstead, the film earned more than $214 million worldwide and made Jennifer and Patrick overnight stars. The actor used his new fortune to fulfill some dreams, like buying a ranch in New Mexico and taking pilot lessons, but mostly he didn’t care for the luxuries of stardom. “Buying too much overwhelmed him,” says Frank. “He loved the same old wornout T-shirt, jeans and cowboy boots. They made him feel like a person still.”\nPatrick also hated the isolation that fame created. “The reclusion of stardom really ate me up because I’m a people person,” Patrick explained. “It gets to be a real bummer. Limos and hotel rooms become the scariest, loneliest places in the world.”\nThose pressures and another family tragedy — the 1994 overdose death of his sister Vickie — left Patrick feeling “cursed” and he entered a cycle of heavy drinking. “It’s very, very painful to see someone you love destroy himself,” says Lisa, whose life with Patrick became so difficult due to his drinking that they separated for a time. “Buddy loved that woman more than life,” Frank says. “They didn’t always get along very well. They had some good fights — both of them were dramatic, so their battles were intense — but he always came back to her.”\nThe cycle of binges and recovery continued for years, but in addition to Lisa, Patrick received support from his brother Don, who stepped in to help Patrick get sober in 2002. “He’d gone on a bender for a month or so while we were filming George and the Dragon over in Luxembourg,” Frank recalls. “Donny said, ‘Enough is enough, you need to get yourself clean.’ So they wound up mountain-biking 30 or 40 miles a day until the urge to drink went away.”\nInside Patrick Swayze’s Final Years\nIn the last decade of his life, Patrick shifted from leading-man roles to more character-based portrayals. “I got completely fed up with that Hollywood blockbuster mentality,” said the star, who turned down an offer of several million to star in Dirty Dancing 2. “I couldn’t take it seriously any longer.” His final role, as an FBI agent in 2008’s TV series The Beast, earned the actor some of the best reviews of his career.\nLikewise, his relationship with Lisa entered a stronger, more settled phase after he quit drinking. “Things went from horrible to the best they’ve ever been,” recalls Lisa. “It’s like we finally gained the wisdom to have what we wanted and to know how to have it. I was really appreciative that that change had come before we found out he was sick.”\nPatrick often suffered from digestive troubles and chronic pain, but in 2007 he noticed that his eyes looked yellow. “We went to the doctor, and the moment he looked at him and saw what was going on, he sent us immediately for a CT scan,” says Lisa, who recalls the agony of having to wait 24 hours for the reports to come back. The diagnosis of\nstage 4 pancreatic cancer upended their world. “It was a really tough time. Your life just turns on a dime.”\nShe was by Patrick’s side when he passed away on September 14, 2009. “I cherished our time alone, holding his hand, listening to music, sleeping with my arm around him, my head on his shoulder, wordlessly,” Lisa revealed in her 2011 memoir Worth Fighting For. “My last words to Patrick? ‘I love you,’ and those were\nhis last words to me.” Lisa remarried in 2014, but she still dreams of Patrick and knows that they will be reunited one day. “He’ll be waiting for me,” she says. “And that’s a wonderful thing.”",
    "highlightText": "",
    "highlightTitle": "",
    "highlightThreadTitle": "",
    "language": "english",
    "sentiment": "positive",
    "categories": [
        "Human Interest",
        "Arts, Culture and Entertainment",
        "Lifestyle and Leisure"
    ],
    "external_links": [],
    "external_images": [],
    "entities": {
        "persons": [
            {
                "name": "lisa niemi frank whiteley",
                "sentiment": "negative"
            },
            {
                "name": "patrick swayze",
                "sentiment": "negative"
            },
            {
                "name": "lisa niemi patrick swayze",
                "sentiment": "negative"
            },
            {
                "name": "patrick",
                "sentiment": "none"
            }
        ],
        "organizations": [
            {
                "name": "chevy suburban",
                "sentiment": "none"
            },
            {
                "name": "road house",
                "sentiment": "none"
            }
        ],
        "locations": [
            {
                "name": "sacramento",
                "sentiment": "none"
            },
            {
                "name": "houston",
                "sentiment": "none"
            }
        ]
    },
    "rating": null,
    "crawled": "2024-04-19T00:40:40.409+03:00",
    "updated": "2024-04-19T00:40:40.409+03:00"
}