{
    "thread": {
        "uuid": "0c7461d17dd813d881d957d23e1583a64b722bb4",
        "url": "https://wiscnews.com/announcements/community/pets-of-week-brooklyn-and-klaus/article_c6986d06-fb46-11ee-8c6c-eba394a9604e.html",
        "site_full": "wiscnews.com",
        "site": "wiscnews.com",
        "site_section": "https://wiscnews.com/announcements/",
        "site_categories": [],
        "section_title": "Neighbors news | wiscnews.com",
        "title": "PETS OF WEEK: Brooklyn and Klaus",
        "title_full": "PETS OF WEEK: Brooklyn and Klaus",
        "published": "2024-04-18T21:00:00.000+03:00",
        "replies_count": 0,
        "participants_count": 0,
        "site_type": "news",
        "country": "US",
        "main_image": "https://bloximages.chicago2.vip.townnews.com/wiscnews.com/content/tncms/assets/v3/editorial/c/69/c6986d06-fb46-11ee-8c6c-eba394a9604e/661d5b1fa314a.preview.jpg?crop=776%2C408%2C192%2C229&amp;resize=776%2C408&amp;order=crop%2Cresize",
        "performance_score": 0,
        "domain_rank": 29313,
        "domain_rank_updated": "2024-04-16T13:07:52.000+03:00",
        "reach": null,
        "social": {
            "facebook": {
                "likes": 0,
                "comments": 0,
                "shares": 0
            },
            "gplus": {
                "shares": 0
            },
            "pinterest": {
                "shares": 0
            },
            "linkedin": {
                "shares": 0
            },
            "stumbledupon": {
                "shares": 0
            },
            "vk": {
                "shares": 0
            }
        }
    },
    "uuid": "0c7461d17dd813d881d957d23e1583a64b722bb4",
    "url": "https://wiscnews.com/announcements/community/pets-of-week-brooklyn-and-klaus/article_c6986d06-fb46-11ee-8c6c-eba394a9604e.html",
    "ord_in_thread": 0,
    "parent_url": null,
    "author": null,
    "published": "2024-04-18T21:00:00.000+03:00",
    "title": "PETS OF WEEK: Brooklyn and Klaus",
    "text": "Brooklyn is a 4-month-old German shepherd puppy who started her journey from an unwanted litter, surrendered along with her siblings. She is a playful and energetic pup who enjoys exploring the world around her. She shows promise on leash walks and is eager to learn. Brooklyn should do well with other dogs, but it is unknown if she would welcome a feline friend. Although not yet house trained, with patience and consistency, she’s sure to become a beloved companion in no time. She is current on vaccinations and will be spayed prior to adoption.\nKlaus is an adult lionhead rabbit who has been patiently waiting for his forever home for more than 200 days at the shelter. Klaus’s journey began when he was found as a stray, huddled under a car with another lionhead by a compassionate passerby. Despite his uncertain past, Klaus has proven to be a friendly and easy-to-handle companion. He’s particularly fond of the older kids who visit for critter socializing, showcasing his gentle nature. Klaus is litter box trained, making him an ideal addition to any loving family ready to give him the care and attention he deserves. He is current on his vaccinations and will be neutered prior to adoption.\n baseball stars of the week: April 25 edition 5 high school 'Relief Dells Parkway construction slated for five phases from 2026-28 Boys and Girls Clubs in Portage, Baraboo have new CEO ATV/UTV 5 high school girls track and field stars: April 24 edition Waupun's Body of missing Iowa trucker David Schultz found near site where his semi was found in November 5 high school girls track and field stars: May 1 edition 2 face drug charges in Dodge County For more information and to view all of the adoptable animals, visit saukhumane.org or call 608-356-2520. Cat and dog adoptions include the spay or neuter surgery, microchip and vaccinations.",
    "highlightText": "",
    "highlightTitle": "",
    "highlightThreadTitle": "",
    "language": "english",
    "sentiment": "positive",
    "categories": [
        "Human Interest",
        "Lifestyle and Leisure"
    ],
    "external_links": [
        "http://saukhumane.org",
        "http://www.saukhumane.org",
        "https://launcher.spot.im/spot/sp_6YnWw3Kb",
        "https://www.launcher.spot.im/spot/sp_6YnWw3Kb"
    ],
    "external_images": [],
    "entities": {
        "persons": [
            {
                "name": "klaus brooklyn",
                "sentiment": "negative"
            },
            {
                "name": "klaus",
                "sentiment": "none"
            }
        ],
        "organizations": [],
        "locations": [
            {
                "name": "brooklyn",
                "sentiment": "none"
            }
        ]
    },
    "rating": null,
    "crawled": "2024-04-19T00:29:50.659+03:00",
    "updated": "2024-05-02T16:51:47.571+03:00"
}