{
    "thread": {
        "uuid": "bbfd3d53241b280321c2965d92c0d037e2b94d0b",
        "url": "https://www.fox13now.com/sports/nhl-in-slc/its-official-nhl-approves-coyotes-relocation-to-salt-lake-city",
        "site_full": "www.fox13now.com",
        "site": "fox13now.com",
        "site_section": "https://newsy.com/stories/google-s-incognito-mode-to-undergo-changes-after-settlement",
        "site_categories": [
            "media"
        ],
        "section_title": "Google&#039;s incognito mode to undergo changes after settlement",
        "title": "It's official! NHL approves Coyotes relocation to Salt Lake City",
        "title_full": "It's official! NHL approves Coyotes relocation to Salt Lake City",
        "published": "2024-04-18T21:46:00.000+03:00",
        "replies_count": 0,
        "participants_count": 1,
        "site_type": "news",
        "country": "US",
        "main_image": "https://ewscripps.brightspotcdn.com/dims4/default/331e85b/2147483647/strip/true/crop/1280x672+0+24/resize/1200x630!/quality/90/?url=https%3A%2F%2Fx-default-stgec.uplynk.com%2Fausw%2Fslices%2F72a%2Fef205c0e5ea14d77944cbd6904335118%2F72a3f031b7fe493b84bdb97646888d13%2Fposter_ea0a970792f447f1908917c0d9102ab0.png",
        "performance_score": 0,
        "domain_rank": 8030,
        "domain_rank_updated": "2024-04-16T13:07:52.000+03:00",
        "reach": null,
        "social": {
            "facebook": {
                "likes": 40,
                "comments": 27,
                "shares": 31
            },
            "gplus": {
                "shares": 0
            },
            "pinterest": {
                "shares": 0
            },
            "linkedin": {
                "shares": 0
            },
            "stumbledupon": {
                "shares": 0
            },
            "vk": {
                "shares": 0
            }
        }
    },
    "uuid": "bbfd3d53241b280321c2965d92c0d037e2b94d0b",
    "url": "https://www.fox13now.com/sports/nhl-in-slc/its-official-nhl-approves-coyotes-relocation-to-salt-lake-city",
    "ord_in_thread": 0,
    "parent_url": null,
    "author": "Jeff Tavss",
    "published": "2024-04-18T21:46:00.000+03:00",
    "title": "It's official! NHL approves Coyotes relocation to Salt Lake City",
    "text": "SALT LAKE CITY — Rev up the Zamboni, the NHL is officially coming to Salt Lake City! The NHL's Board of Governors approved the relocation of the Arizona Coyotes to northern Utah Thursday, with the team set to take the ice next season. The move was the final step in a process that began making headlines last week. [WATCH: Will Utahns love the NHL like they love the Jazz?](https://www.fox13now.com/sports/nhl/would-utahns-love-the-nhl-like-they-love-the-jazz) Team owner Ryan Smith used just 7 words to welcome the NHL to Utah, posting, \"The NHL is here! Utah let's go!\" to social media. While expected, [especially after the league's executive committee approved the move Tuesday](https://www.fox13now.com/sports/nhl-in-slc/nhl-executive-committee-approves-arizona-coyotes-move-to-utah-report-says), the stamp of approval by NHL owners opens a new era for hockey in the Beehive State as Utah welcomes another professional sports franchise. “As everyone knows, Utah is a vibrant and thriving state, and we are thrilled to be a part of it,” said NHL Commissioner Gary Bettman. Jeff Rhineer below discusses the NHL's move to Salt Lake City: The [Smith Entertainment Group will take the reins of a Coyotes team](https://www.fox13now.com/sports/nhl-in-slc/ryan-smith-seemingly-confirms-nhl-move-to-utah) that continually had trouble finding a permanent home in Arizona, and [ended its season Wednesday without making the playoffs](https://www.fox13now.com/sports/nhl-in-slc/partys-over-coyotes-end-tenure-in-the-desert-with-raucous-atmosphere-5-2-win). “We are committed to building a Stanley Cup contending team and are thrilled to welcome incredible players, coaches, staff, and their families to Utah,\" said Ryan and Ashley Smith. \"Today is a great day for Utah, for hockey, and for building a legacy that will have a lasting impact for generations to come,” All of the [Utah NHL team's games will air for free on Utah 16](https://www.fox13now.com/sports/nhl-in-slc/utah-nhl-games-to-air-free-on-utah-16). With a [possible new arena in downtown Salt Lake City still a few years away](https://www.fox13now.com/news/politics/nhl-arena-bill-clears-utah-house), the NHL team will immediately share the Delta Center with the Utah Jazz, also owned by the Smith's. In a post to X, the Jazz welcomed their arena siblings, as did Big Utah League, the organization looking to bring a Major League Baseball to the Power District. The NHL released a hype video below after the Utah announcement: The Smith's will officially welcome Bettman and the league to Utah during a press conference Friday at the arena. As with most Utahns, Gov. Spencer Cox was enthusiastic about the announcement bringing the highest level of pro hockey to the state. “Utah is once again at the center of the sports world as we welcome the NHL to Utah,\" he said in a statement. \"Thanks to Ryan and Ashley Smith, Salt Lake City just keeps getting better and better. The whole state will benefit from this new franchise and we couldn’t be more excited by this announcement.” [WATCH: Golden Eagles dropped puck on Utah's ice hockey passion](https://www.fox13now.com/sports/nhl-in-slc/golden-eagles-dropped-puck-on-utahs-ice-hockey-passion) The governor's excitement was echoed by other local leaders. “This announcement is about more than bringing an NHL team to Salt Lake City — it’s a defining moment in our trajectory, becoming a catalyst for a positive vision that integrates community, connection, and more possibilities for families, residents, and visitors to experience our capital city,\" said Salt Lake City Mayor Erin Mendenhall. The Coyotes brand will remain with now-former Arizona owner Alex Meruelo, with the Utah team set for a complete rebrand encompassing a nickname and franchise colors.",
    "highlightText": "",
    "highlightTitle": "",
    "highlightThreadTitle": "",
    "language": "english",
    "sentiment": "positive",
    "categories": [
        "Human Interest",
        "Sport"
    ],
    "external_links": [],
    "external_images": [],
    "entities": {
        "persons": [
            {
                "name": "jeff rhineer",
                "sentiment": "none"
            },
            {
                "name": "gary bettman",
                "sentiment": "none"
            },
            {
                "name": "ryan smith",
                "sentiment": "none"
            }
        ],
        "organizations": [
            {
                "name": "nhl",
                "sentiment": "negative"
            },
            {
                "name": "beehive state",
                "sentiment": "none"
            },
            {
                "name": "arizona coyotes",
                "sentiment": "none"
            },
            {
                "name": "coyotes",
                "sentiment": "none"
            },
            {
                "name": "smith entertainment group",
                "sentiment": "none"
            }
        ],
        "locations": [
            {
                "name": "salt lake city salt lake city",
                "sentiment": "none"
            },
            {
                "name": "salt lake city",
                "sentiment": "none"
            },
            {
                "name": "utah",
                "sentiment": "none"
            },
            {
                "name": "arizona",
                "sentiment": "none"
            }
        ]
    },
    "rating": null,
    "crawled": "2024-04-19T00:22:49.560+03:00",
    "updated": "2024-04-19T03:01:18.723+03:00"
}