{
    "thread": {
        "uuid": "bb63c24e38bfffb55bb0aa36071f1510cf26cf01",
        "url": "https://www.kptv.com/2024/04/18/prom-held-students-who-missed-theirs-2020-because-pandemic",
        "site_full": "www.kptv.com",
        "site": "kptv.com",
        "site_section": "https://www.kptv.com/news/national",
        "site_categories": [
            "media"
        ],
        "section_title": "National News",
        "title": "Prom held for students who missed theirs in 2020 because of pandemic",
        "title_full": "Prom held for students who missed theirs in 2020 because of pandemic",
        "published": "2024-04-18T20:30:00.000+03:00",
        "replies_count": 0,
        "participants_count": 1,
        "site_type": "news",
        "country": "US",
        "main_image": "https://gray-kptv-prod.cdn.arcpublishing.com/resizer/v2/CNPTAYKXXVA2PDXUGY3J6VGAJ4.jpg?auth=48a0d7fd3633566b5fe0be3bb5b9be37feb07d2f14235046af9de4668ae9030c&amp;width=1200&amp;height=600&amp;smart=true",
        "performance_score": 0,
        "domain_rank": 11560,
        "domain_rank_updated": "2024-04-16T13:07:52.000+03:00",
        "reach": null,
        "social": {
            "facebook": {
                "likes": 0,
                "comments": 0,
                "shares": 0
            },
            "gplus": {
                "shares": 0
            },
            "pinterest": {
                "shares": 0
            },
            "linkedin": {
                "shares": 0
            },
            "stumbledupon": {
                "shares": 0
            },
            "vk": {
                "shares": 0
            }
        }
    },
    "uuid": "bb63c24e38bfffb55bb0aa36071f1510cf26cf01",
    "url": "https://www.kptv.com/2024/04/18/prom-held-students-who-missed-theirs-2020-because-pandemic",
    "ord_in_thread": 0,
    "parent_url": null,
    "author": "WKOW via CNN Newsource",
    "published": "2024-04-18T20:30:00.000+03:00",
    "title": "Prom held for students who missed theirs in 2020 because of pandemic",
    "text": "MADISON, Wis. (WKOW) – Students who were in high school in 2020 are getting a second chance to attend the prom they missed due to the COVID-19 pandemic.\nAt the University of Wisconsin in Madison , senior class officers hosted a prom this year for those who originally missed theirs four years ago.\nThe majority of college students who graduate this spring were high school seniors when the pandemic hit.\nGracie Nelson, the university’s senior class president, said the senior class officers wanted to do something special for the soon-to-be graduates. They decided they wanted to give the graduating class their very own prom.\n“I think you don’t even realize how much you’ve lost until you watch, like, the freshman,” she said. “And you’re like, ‘Oh, my gosh, you didn’t get any of that.’ And so I do think that, while I’ve had the best four years and really wouldn’t change any of it, I think there’s a new excitement about graduation and events and things like this.”\nMore than 800 people got tickets to go to the event.\nCopyright 2024 WKOW via CNN Newsource. All rights reserved.",
    "highlightText": "",
    "highlightTitle": "",
    "highlightThreadTitle": "",
    "language": "english",
    "sentiment": "positive",
    "categories": [
        "Social Issue",
        "Education",
        "Human Interest"
    ],
    "external_links": [
        "https://www.wisc.edu/",
        "https://www.wisc.edu",
        "https://wisc.edu/"
    ],
    "external_images": [],
    "entities": {
        "persons": [
            {
                "name": "gracie nelson",
                "sentiment": "none"
            }
        ],
        "organizations": [
            {
                "name": "cnn newsource",
                "sentiment": "none"
            },
            {
                "name": "university of wisconsin",
                "sentiment": "none"
            }
        ],
        "locations": [
            {
                "name": "madison",
                "sentiment": "none"
            },
            {
                "name": "wis.",
                "sentiment": "none"
            },
            {
                "name": "madison",
                "sentiment": "none"
            }
        ]
    },
    "rating": null,
    "crawled": "2024-04-19T00:28:30.757+03:00",
    "updated": "2024-04-19T00:28:30.757+03:00"
}