{
    "thread": {
        "uuid": "c9e172a29b398c94dddb19024827dbbde054f6ed",
        "url": "https://g1.globo.com/sp/sorocaba-jundiai/noticia/2024/04/18/dia-nacional-do-livro-infantil-pedro-bandeira-destaca-importancia-da-leitura-na-formacao-das-criancas.ghtml",
        "site_full": "g1.globo.com",
        "site": "globo.com",
        "site_section": "http://g1.globo.com/dynamo/rss2.xml",
        "site_categories": [
            "media",
            "top_news"
        ],
        "section_title": "g1",
        "title": "No Dia Nacional do Livro Infantil, Pedro Bandeira destaca a leitura como formadora de cidadãos: 'Literatura é que educa'",
        "title_full": "No Dia Nacional do Livro Infantil, Pedro Bandeira destaca a leitura como formadora de cidadãos: 'Literatura é que educa'",
        "published": "2024-04-19T00:00:00.000+03:00",
        "replies_count": 0,
        "participants_count": 0,
        "site_type": "news",
        "country": "BR",
        "main_image": "https://s2-g1.glbimg.com/TjVKGu91bUp4UQHx9-WUGdvHdsY=/1200x/smart/filters:cover():strip_icc()/s03.video.glbimg.com/x720/12529542.jpg",
        "performance_score": 0,
        "domain_rank": 752,
        "domain_rank_updated": "2024-04-16T13:07:52.000+03:00",
        "reach": null,
        "social": {
            "facebook": {
                "likes": 0,
                "comments": 0,
                "shares": 1
            },
            "gplus": {
                "shares": 0
            },
            "pinterest": {
                "shares": 0
            },
            "linkedin": {
                "shares": 0
            },
            "stumbledupon": {
                "shares": 0
            },
            "vk": {
                "shares": 0
            }
        }
    },
    "uuid": "c9e172a29b398c94dddb19024827dbbde054f6ed",
    "url": "https://g1.globo.com/sp/sorocaba-jundiai/noticia/2024/04/18/dia-nacional-do-livro-infantil-pedro-bandeira-destaca-importancia-da-leitura-na-formacao-das-criancas.ghtml",
    "ord_in_thread": 0,
    "parent_url": null,
    "author": null,
    "published": "2024-04-19T00:00:00.000+03:00",
    "title": "No Dia Nacional do Livro Infantil, Pedro Bandeira destaca a leitura como formadora de cidadãos: 'Literatura é que educa'",
    "text": "Pedro Bandeira fala sobre importância de ler para uma criança\nQuem não se recorda - dos acolhedores - clássicos da literatura infantojuvenil e seus personagens que marcaram gerações? A leitura tem um impacto extremamente importante para a formação de uma criança . E é isto que o Dia Nacional do Livro Infantil , celebrado nesta quinta-feira (18), reforça .\n📲\n“A literatura infantil é, para mim e para aqueles que acreditam no futuro, a principal literatura para um país como o Brasil. Um grande educador francês diz que o verbo ‘ler’ é parente dos verbos ‘sonhar’ e ‘amar’, porque nenhum dos três comporta o imperativo. Eu não posso falar pra você ‘sonhe’, você sonha se você quiser. Não posso falar pra você ‘ame’, você ama se você quiser; para eu conquistar o teu amor eu preciso te seduzir, levar bombons e flores. Assim, também, é a literatura”.\nQuem compartilha este pensamento é o renomado escritor de livros infantis Pedro Bandeira , autor de “O Fantástico Mistério de Feiurinha”, “A Droga da Obediência” e “A Marca de uma Lágrima”, entre outras obras.\nO escritor mora em São Roque , no interior de São Paulo, e destacou, em entrevista à TV TEM, a importância da literatura para a formação de uma criança.\n“Professores e professoras da região e do Brasil inteiro: contem histórias para as crianças. Desde pequenininhos. Nós precisamos ser contadores de histórias nas creches, inclusive. Desde bebês. O bebê está ouvindo e, mesmo que não entenda, está armazenando as palavras. No momento em que ele disser ‘mamãe’, ele tem um monte de palavras dentro de si. Se tiver ouvido pouco a língua portuguesa, se ninguém lhe contou histórias, ele vai ter um universo vocabular bem menor e, logo, maior dificuldade na escola e enorme dificuldade na vida”.\n1 de 2 Escritor Pedro Bandeira atualmente mora em São Roque (SP) — Foto: Alexsander Ferraz/A Tribuna Jornal Escritor Pedro Bandeira atualmente mora em São Roque (SP) — Foto: Alexsander Ferraz/A Tribuna Jornal\nPara Bandeira, ler para crianças, mesmo que ainda bebês, promove momentos especiais e inesquecíveis entre pais e filhos. “Seja seu neto, seu filho, seu sobrinho, seu afilhado, fale muito com elas. Deixe um livrinho colorido para a criança olhar [enquanto você lê]. Ela vai lembrar da tua voz. Aquelas cores na frente dela são uma ‘urna mágica’ de todo o amor que ela recebeu enquanto você contava uma história”.\nO escritor ainda brinca que não existe data para presentear: “Não espere só o Natal! E compre livros adequados”. Para o bebê, por exemplo, ele sugere livros com muitas figuras, para que seja possível observar as suas reações.\n“A literatura é que educa! O cinema é maravilhoso, mas educa pouco, porque você não pode imaginar como é o personagem, não pode imaginar como é o cenário. Agora, quando você lê, você imagina como aquele personagem é e, junto com o escritor, você inventa outras histórias. Esta é a chave da educação, porque tudo está escrito! Tudo: o enunciado do problema de matemática está escrito, o ponto de história está escrito, o ponto de geografia está escrito. Se a criança lê mal, ela irá mal em todas as matérias. Pense nisso”, finaliza.\n2 de 2 Pedro Bandeira fala sobre importância de ler para uma criança — Foto: Redes Sociais/Reprodução Pedro Bandeira fala sobre importância de ler para uma criança — Foto: Redes Sociais/Reprodução\n Assista Santos São Roque",
    "highlightText": "",
    "highlightTitle": "",
    "highlightThreadTitle": "",
    "language": "portuguese",
    "sentiment": "positive",
    "categories": [
        "Education",
        "Human Interest"
    ],
    "external_links": [],
    "external_images": [],
    "entities": {
        "persons": [],
        "organizations": [],
        "locations": []
    },
    "rating": null,
    "crawled": "2024-04-19T00:19:07.775+03:00",
    "updated": "2024-04-30T17:40:46.298+03:00"
}