{
    "thread": {
        "uuid": "8b99045edee1592fcdecad8b182409db3a9b0f64",
        "url": "https://www.29news.com/2024/04/18/charlottesville-2nd-graders-learning-water-safety-ymca",
        "site_full": "www.29news.com",
        "site": "29news.com",
        "site_section": "https://www.nbc29.com/news",
        "site_categories": [],
        "section_title": "News",
        "title": "Charlottesville 2nd graders learning water safety at the YMCA",
        "title_full": "Charlottesville 2nd graders learning water safety at the YMCA",
        "published": "2024-04-19T00:24:00.000+03:00",
        "replies_count": 0,
        "participants_count": 1,
        "site_type": "news",
        "country": "US",
        "main_image": "https://gray-wvir-prod.cdn.arcpublishing.com/resizer/v2/KLBK72F6GVD3HDEQZMW7ZVUAA4.bmp?auth=d92c5adad6ecdbda7dd6741cd998b76cdf43c8a8c8710996db045f109f8e28b5&amp;width=1200&amp;height=600&amp;smart=true",
        "performance_score": 0,
        "domain_rank": 30594,
        "domain_rank_updated": "2024-04-16T13:07:52.000+03:00",
        "reach": null,
        "social": {
            "facebook": {
                "likes": 0,
                "comments": 0,
                "shares": 0
            },
            "gplus": {
                "shares": 0
            },
            "pinterest": {
                "shares": 0
            },
            "linkedin": {
                "shares": 0
            },
            "stumbledupon": {
                "shares": 0
            },
            "vk": {
                "shares": 0
            }
        }
    },
    "uuid": "8b99045edee1592fcdecad8b182409db3a9b0f64",
    "url": "https://www.29news.com/2024/04/18/charlottesville-2nd-graders-learning-water-safety-ymca",
    "ord_in_thread": 0,
    "parent_url": null,
    "author": "Anahita Jafary",
    "published": "2024-04-19T00:24:00.000+03:00",
    "title": "Charlottesville 2nd graders learning water safety at the YMCA",
    "text": "CHARLOTTESVILLE, Va. (WVIR) - Some Charlottesville students spent Thursday, April 18, splashing around with swim instructors. It was part of a one-day water safety program at the Brooks Family YMCA .\nThe program has one very straight forward goal: Keep kids safe. Scenarios included boat safety and lifebuoy training. These lessons teach kids how to keep themselves afloat and to help others in need.\n“Water safety is just an incredibly important thing,” Alice Dontanville with Piedmont Family YMCA said. “Sometimes people don’t even think about when they’re near a body of water with young children.”\nDontanville says the program also offers swim lesson vouchers.\n“How to stay at the surface of the water and how to blow bubbles so that you don’t get water in your mouth. So all of those things if you’ve never been in the water, which some of our second graders haven’t are really, really important for their safety,” she said.\nDo you have a story idea? Send us your news tip here .\nCopyright 2024 WVIR. ",
    "highlightText": "",
    "highlightTitle": "",
    "highlightThreadTitle": "",
    "language": "english",
    "sentiment": "positive",
    "categories": [
        "Education",
        "Human Interest",
        "Health"
    ],
    "external_links": [
        "https://piedmontymca.org/about-brooks",
        "https://piedmontymca.org/",
        "https://www.piedmontymca.org/",
        "https://piedmontymca.org",
        "https://www.piedmontymca.org/about-brooks"
    ],
    "external_images": [],
    "entities": {
        "persons": [
            {
                "name": "alice dontanville",
                "sentiment": "none"
            },
            {
                "name": "dontanville",
                "sentiment": "none"
            }
        ],
        "organizations": [
            {
                "name": "brooks family ymca",
                "sentiment": "none"
            },
            {
                "name": "piedmont family ymca",
                "sentiment": "none"
            }
        ],
        "locations": [
            {
                "name": "va.",
                "sentiment": "none"
            },
            {
                "name": "charlottesville",
                "sentiment": "none"
            },
            {
                "name": "ymca charlottesville",
                "sentiment": "none"
            }
        ]
    },
    "rating": null,
    "crawled": "2024-04-19T00:36:06.322+03:00",
    "updated": "2024-04-23T00:54:24.391+03:00"
}