{
    "thread": {
        "uuid": "a0324752dbab826c0187c0edd39d5b49a39b6f90",
        "url": "https://www.expreso.ec/ocio/jose-eduardo-paola-dalay-revelan-detalles-llegada-primer-bebe-197253.html",
        "site_full": "www.expreso.ec",
        "site": "expreso.ec",
        "site_section": "https://www.expreso.ec/rss.xml",
        "site_categories": [
            "media",
            "top_news"
        ],
        "section_title": "Lo último",
        "title": "José Eduardo y Paola Dalay revelan detalles sobre la llegada de su primer bebé",
        "title_full": "José Eduardo y Paola Dalay revelan detalles sobre la llegada de su primer bebé",
        "published": "2024-04-19T00:21:00.000+03:00",
        "replies_count": 0,
        "participants_count": 1,
        "site_type": "news",
        "country": "EC",
        "main_image": "https://imagenes.expreso.ec/files/og_thumbnail/uploads/2024/04/18/66218bbabb88c.jpeg",
        "performance_score": 0,
        "domain_rank": 69614,
        "domain_rank_updated": "2024-04-16T13:07:56.000+03:00",
        "reach": null,
        "social": {
            "facebook": {
                "likes": 0,
                "comments": 0,
                "shares": 0
            },
            "gplus": {
                "shares": 0
            },
            "pinterest": {
                "shares": 0
            },
            "linkedin": {
                "shares": 0
            },
            "stumbledupon": {
                "shares": 0
            },
            "vk": {
                "shares": 0
            }
        }
    },
    "uuid": "a0324752dbab826c0187c0edd39d5b49a39b6f90",
    "url": "https://www.expreso.ec/ocio/jose-eduardo-paola-dalay-revelan-detalles-llegada-primer-bebe-197253.html",
    "ord_in_thread": 0,
    "parent_url": null,
    "author": "Celeste Granizo Argudo",
    "published": "2024-04-19T00:21:00.000+03:00",
    "title": "José Eduardo y Paola Dalay revelan detalles sobre la llegada de su primer bebé",
    "text": "José Eduardo y Paola Dalay revelan detalles sobre la llegada de su primer bebé\nLa modelo Paola Dalay compartió en sus redes sociales nueva información sobre el bebé que espera con José Eduardo Derbez\nYa saben hasta la fecha de nacimiento. La alegría de José Eduardo Derbez y Paola Dalay aumenta cada día que se acerca la llegada de su primera hija, Tessa. La pelinegra compartió en sus redes sociales datos reveladores sobre su dulce espera.\nHugh Grant se echa atrás en el juicio contra The Sun\nLeer más\n(Te invitamos a leer:\nManá: Los mexicanos se presentarán en Quito contra todo pronóstico).\nA sus casi siete meses de gestación, la modelo respondió las preguntas que le hicieron en su cuenta de Instagram. “Pao, ¿cuántos kilos has subido?”, interrogó uno de los usuarios, a lo que ella respondió: “Llevo 5 kilos (11 lb)”.\nEn otra publicación, la joven aseguró que el nacimiento de la pequeña está previsto para “principios de julio o finales de junio”, por lo que dejó claro que comienza a sentirse nerviosa ante la llegada de su bebé.\nLa primera nieta de Victoria Ruffo y Eugenio Derbéz llevará un solo nombre y llegará a este mundo a través de un proceso de cesárea para el que se prepara la futura mamá.\n“Ya estamos a nada de recibirla, últimamente ya están empezando los dolores de espalda… todo eso, pero vamos muy bien”, comentó Paola a la prensa con anterioridad.\n- ¿Quieres acceder a todo el contenido de calidad sin límites?\n¡SUSCRÍBETE AQUÍ!",
    "highlightText": "",
    "highlightTitle": "",
    "highlightThreadTitle": "",
    "language": "spanish",
    "sentiment": "positive",
    "categories": [
        "Social Issue",
        "Health",
        "Human Interest"
    ],
    "external_links": [],
    "external_images": [],
    "entities": {
        "persons": [],
        "organizations": [],
        "locations": []
    },
    "rating": null,
    "crawled": "2024-04-19T00:31:09.489+03:00",
    "updated": "2024-04-19T00:31:09.489+03:00"
}