{
    "thread": {
        "uuid": "37d8f832e142f02e7f8f3f6eb94ca9f592893a40",
        "url": "https://hollywoodlife.com/2024/04/18/mariska-hargitay-mistaken-for-a-cop-while-filming-law-and-order-svu",
        "site_full": "hollywoodlife.com",
        "site": "hollywoodlife.com",
        "site_section": "https://hollywoodlife.com/topics/entertainment/tv/",
        "site_categories": [
            "vehicles",
            "media",
            "celebrity_fan_gossip",
            "motorcycles",
            "entertainment"
        ],
        "section_title": "TV &#8211; Hollywood Life",
        "title": "Mariska Hargitay Mistaken for a Cop While Filming ‘Law and Order: SVU’ – Hollywood Life",
        "title_full": "Mariska Hargitay Mistaken for a Cop While Filming ‘Law and Order: SVU’ – Hollywood Life",
        "published": "2024-04-18T22:23:00.000+03:00",
        "replies_count": 0,
        "participants_count": 1,
        "site_type": "news",
        "country": "US",
        "main_image": "https://hollywoodlife.com/wp-content/uploads/2024/04/mariska-hargitay-mistaken-for-cop-law-and-order-svu-ftr.jpg?quality=100",
        "performance_score": 0,
        "domain_rank": 5144,
        "domain_rank_updated": "2024-04-16T13:07:52.000+03:00",
        "reach": null,
        "social": {
            "facebook": {
                "likes": 0,
                "comments": 0,
                "shares": 0
            },
            "gplus": {
                "shares": 0
            },
            "pinterest": {
                "shares": 0
            },
            "linkedin": {
                "shares": 0
            },
            "stumbledupon": {
                "shares": 0
            },
            "vk": {
                "shares": 0
            }
        }
    },
    "uuid": "37d8f832e142f02e7f8f3f6eb94ca9f592893a40",
    "url": "https://hollywoodlife.com/2024/04/18/mariska-hargitay-mistaken-for-a-cop-while-filming-law-and-order-svu",
    "ord_in_thread": 0,
    "parent_url": null,
    "author": "James Crowley",
    "published": "2024-04-18T22:23:00.000+03:00",
    "title": "Mariska Hargitay Mistaken for a Cop While Filming ‘Law and Order: SVU’ – Hollywood Life",
    "text": "View gallery Image Credit: Jose Perez/Bauer-Griffin/GC Images\nMariska Hargitay may only play a cop on TV, but she was still able to help a young girl find her mom during a day out filming Law and Order: Special Victims Unit . A new report says that a girl approached the actress, 60, when she was filming the final episode of season 25 after losing her mom. An eyewitness said that she thought that Mariska was a police officer, because of the badge that she wore as part of her costume.\nThe onlooker recalled that the SVU crew were filming at the Anne Loftus Playground in Fort Tryon Park, where the girl had been separated from her mom, according to People . They said the girl went up to Mariska, thinking her to be an on-duty cop. The girl didn’t notice the film crew or Ice T , who Mariska was filming with. “The actress obliged, halting production for 20 minutes to help the child locate her mother and to console them both,” the outlet notes.\nJose Perez/Bauer-Griffin/GC Images SVU marked its 25th season when the new season premiered earlier this year. When speaking about the future of the series and her character Olivia Benson, Mariska admitted that she was excited for the “new places” it would go in an exclusive interview with Hollywood Life in January. “We keep going to new places. We keep saying, ‘What haven’t we done?’ And that’s what’s so exciting is that we’re finding these new places and going into uncomfortable zones, but I think that the biggest place to go is inward. And so, that’s where Olivia is going. I think she’s ready to open up a little bit,” she said.\nBack when season 25 of SVU premiered, Mariska got to reunite with her longtime co-star Christopher Meloni and the two of them posed together for a sweet moment on the red carpet premiere of the show. In the lead-up to the season premiere, Mariska opened up about her many memories in the past 25 seasons making the show, recalling the highs and lows in interviews.",
    "highlightText": "",
    "highlightTitle": "",
    "highlightThreadTitle": "",
    "language": "english",
    "sentiment": "positive",
    "categories": [
        "Human Interest",
        "Arts, Culture and Entertainment"
    ],
    "external_links": [
        "https://people.com/mariska-hargitay-mistaken-for-real-life-police-officer-by-young-girl-on-svu-set-8634829",
        "https://www.people.com/mariska-hargitay-mistaken-for-real-life-police-officer-by-young-girl-on-svu-set-8634829"
    ],
    "external_images": [],
    "entities": {
        "persons": [
            {
                "name": "mariska hargitay mistaken",
                "sentiment": "negative"
            },
            {
                "name": "mariska",
                "sentiment": "none"
            },
            {
                "name": "jose perez",
                "sentiment": "none"
            }
        ],
        "organizations": [
            {
                "name": "jose perez/bauer-griffin/gc images mariska hargitay",
                "sentiment": "negative"
            },
            {
                "name": "bauer-griffin/gc images svu",
                "sentiment": "none"
            }
        ],
        "locations": [
            {
                "name": "hollywood life view",
                "sentiment": "none"
            },
            {
                "name": "fort tryon park",
                "sentiment": "none"
            },
            {
                "name": "anne loftus playground",
                "sentiment": "none"
            }
        ]
    },
    "rating": null,
    "crawled": "2024-04-19T00:41:56.202+03:00",
    "updated": "2024-04-19T00:41:56.202+03:00"
}