{
    "thread": {
        "uuid": "f4ebe016911c784fcfd00dae86c1c94dba5b5180",
        "url": "https://www.thenews.com.pk/latest/1179827-blake-lively-pens-heartwarming-note-for-longtime-pal-america-ferrara",
        "site_full": "www.thenews.com.pk",
        "site": "thenews.com.pk",
        "site_section": "https://www.thenews.com.pk",
        "site_categories": [
            "media"
        ],
        "section_title": "The News International: Latest News Breaking, Pakistan News",
        "title": "Blake Lively pens heartwarming note for longtime pal America Ferrara",
        "title_full": "Blake Lively pens heartwarming note for longtime pal America Ferrara",
        "published": "2024-04-18T19:46:00.000+03:00",
        "replies_count": 0,
        "participants_count": 1,
        "site_type": "news",
        "country": "US",
        "main_image": "https://www.thenews.com.pk/assets/uploads/updates/2024-04-19/l_1179827_023000_updates.jpg",
        "performance_score": 0,
        "domain_rank": 5164,
        "domain_rank_updated": "2024-04-16T13:07:52.000+03:00",
        "reach": null,
        "social": {
            "facebook": {
                "likes": 0,
                "comments": 0,
                "shares": 0
            },
            "gplus": {
                "shares": 0
            },
            "pinterest": {
                "shares": 0
            },
            "linkedin": {
                "shares": 0
            },
            "stumbledupon": {
                "shares": 0
            },
            "vk": {
                "shares": 0
            }
        }
    },
    "uuid": "f4ebe016911c784fcfd00dae86c1c94dba5b5180",
    "url": "https://www.thenews.com.pk/latest/1179827-blake-lively-pens-heartwarming-note-for-longtime-pal-america-ferrara",
    "ord_in_thread": 0,
    "parent_url": null,
    "author": "@Web Desk",
    "published": "2024-04-18T19:46:00.000+03:00",
    "title": "Blake Lively pens heartwarming note for longtime pal America Ferrara",
    "text": "Blake Lively has recently penned a heartwarming note for her longtime best friend and Travelling Pants co-star America Ferrera. “For everyone who knows America as a person, we watched the world simply discover America. Our friend, our role model, our ally, our sister as she soared like only she does,” wrote Lively as part of TIME’s 100 Most Influential People of 2024 essays. The Gossip Girl star stated, “That’s how she lives. How she speaks. How she challenges, and comforts. How she hurts, and heals. How she flies, and falls. How she loathes, and how she loves.” Reflecting on their 20 years of friendship, Lively said, “I've known America for 20 years exactly. Since I was 16 years old, that girl, and now woman, has been the example of what a friend is.” “What an artist is. What a human is. And I thank her. For sharing her life with me, and her talent with us all,” continued The Age of Adaline actress. Lively concluded, “God blessed America, but really, we are the blessed ones to live in the same time as her and her imprint on our world.” This is not the first time Lively paid tribute to Ferrara. Earlier in January, the Green Lantern actress shared a heartfelt Instagram post in celebration of Barbie movie. Calling Ferrara “the heart and soul of @barbiethemovie,” Lively added, “She’s the heart and soul of everything she’s a part of.” George Clooney and his wife Amal talk about Clooney Foundation for Justice mission Royal expert discusses latest King Charles condition Prince William made first public appearance since Kate Middleton's cancer news Leonardo DiCaprio has been appreciated by Zack Snyder",
    "highlightText": "",
    "highlightTitle": "",
    "highlightThreadTitle": "",
    "language": "english",
    "sentiment": "positive",
    "categories": [
        "Human Interest"
    ],
    "external_links": [],
    "external_images": [],
    "entities": {
        "persons": [
            {
                "name": "blake",
                "sentiment": "positive"
            },
            {
                "name": "america ferrera",
                "sentiment": "none"
            }
        ],
        "organizations": [
            {
                "name": "america ferrara blake lively",
                "sentiment": "positive"
            }
        ],
        "locations": [
            {
                "name": "america",
                "sentiment": "none"
            }
        ]
    },
    "rating": null,
    "crawled": "2024-04-19T00:32:25.104+03:00",
    "updated": "2024-04-19T04:15:30.840+03:00"
}