{
    "thread": {
        "uuid": "0d99fb095fe30ee754f49b8521af635314ca327d",
        "url": "https://www.army.mil/article/275444/helemano_military_reservation_engages_community_in_walking_town_hall",
        "site_full": "www.army.mil",
        "site": "army.mil",
        "site_section": "http://www.army.mil/rss/226",
        "site_categories": [
            "us_military",
            "social",
            "jobs",
            "law_government_and_politics",
            "us_government_resources"
        ],
        "section_title": "",
        "title": "Helemano Military Reservation Engages Community in Walking Town Hall",
        "title_full": "Helemano Military Reservation Engages Community in Walking Town Hall",
        "published": "2024-04-18T21:55:00.000+03:00",
        "replies_count": 0,
        "participants_count": 0,
        "site_type": "news",
        "country": "US",
        "main_image": "https://api.army.mil/e2/c/images/2024/04/18/466890fe/max1200.jpg",
        "performance_score": 0,
        "domain_rank": 747,
        "domain_rank_updated": "2024-04-16T13:07:52.000+03:00",
        "reach": null,
        "social": {
            "facebook": {
                "likes": 0,
                "comments": 0,
                "shares": 0
            },
            "gplus": {
                "shares": 0
            },
            "pinterest": {
                "shares": 0
            },
            "linkedin": {
                "shares": 0
            },
            "stumbledupon": {
                "shares": 0
            },
            "vk": {
                "shares": 0
            }
        }
    },
    "uuid": "0d99fb095fe30ee754f49b8521af635314ca327d",
    "url": "https://www.army.mil/article/275444/helemano_military_reservation_engages_community_in_walking_town_hall",
    "ord_in_thread": 0,
    "parent_url": null,
    "author": null,
    "published": "2024-04-18T21:55:00.000+03:00",
    "title": "Helemano Military Reservation Engages Community in Walking Town Hall",
    "text": "HELEMANO MILITARY RESERVATION, Hawai’i — Community engagement was in full stride at the Helemano Military Reservation during a \"Walking Town Hall\" held April 17. Kicking off at 3:30 p.m. Hawai’i Standard Time at the Helemano Community Center, the gathering featured U.S. Army Garrison Hawai'i, Garrison Commander Col. Steven McGunegle, representatives from Hawaiian Electric Company (HECO), Island Palm Communities (IPC) and the Housing Services Office (HSO), housing team.\nThe town hall addressed a wide array of issues aimed at enhancing community living through improved infrastructure and services. A significant focus was placed on the integration of renewable energy solutions, such as the future installation of battery storage units to boost energy efficiency and reliability in housing areas.\nOne highlight from the event was the community's request for extended gym hours, reflecting a strong desire to improve residents' quality of life. Col. McGunegle and team led discussions on topics ranging from neighborhood watch programs to military police patrols and childcare services, emphasizing a holistic approach to community concerns.\nHECO representatives provided updates on efforts to stabilize the power supply, acknowledging the need for scheduled outages to facilitate necessary upgrades and repairs. They reassured residents of ongoing support and improvements to the power infrastructure. \"We have contingencies in place to swiftly handle any issues and ensure our community receives reliable electric power,\" stated a HECO representative.\nCol. McGunegle highlighted the importance of the Tenant Survey in guiding these improvements, encouraging residents to continue offering feedback. \"It’s essential that everyone in our community has a voice and feels heard. These discussions help us implement changes that truly make a difference,\" he remarked.\nAs the walking meeting wrapped up, community leaders encouraged ongoing dialogue and invited further questions or comments at the Community Center. Today's Walking Town Hall not only facilitated immediate communication but also reinforced the commitment to transparency and collaborative solutions within the Helemano community.",
    "highlightText": "",
    "highlightTitle": "",
    "highlightThreadTitle": "",
    "language": "english",
    "sentiment": "positive",
    "categories": [
        "Human Interest",
        "Politics",
        "Social Issue"
    ],
    "external_links": [],
    "external_images": [],
    "entities": {
        "persons": [
            {
                "name": "helemano mil",
                "sentiment": "negative"
            },
            {
                "name": "mcgunegle",
                "sentiment": "none"
            },
            {
                "name": "steven mcgunegle",
                "sentiment": "none"
            }
        ],
        "organizations": [
            {
                "name": "helemano military reservation engages community",
                "sentiment": "negative"
            },
            {
                "name": "helemano community center",
                "sentiment": "none"
            },
            {
                "name": "hawaiian electric company",
                "sentiment": "none"
            },
            {
                "name": "housing services office",
                "sentiment": "none"
            },
            {
                "name": "u.s. army garrison hawai'i",
                "sentiment": "none"
            }
        ],
        "locations": [
            {
                "name": "walking town hall helemano military reservation",
                "sentiment": "none"
            },
            {
                "name": "garrison",
                "sentiment": "none"
            }
        ]
    },
    "rating": null,
    "crawled": "2024-04-19T00:04:38.877+03:00",
    "updated": "2024-04-19T00:04:38.877+03:00"
}