{
    "thread": {
        "uuid": "3bfdf2c7c1076dc7c1ef26a8e4a16bacf5c83062",
        "url": "https://www.ntn24.com/noticias-deportes/el-dibu-martinez-manda-a-silenciar-a-los-fanaticos-que-lo-silbaban-con-atajada-imposible-de-un-penalti-en-francia-485416",
        "site_full": "www.ntn24.com",
        "site": "ntn24.com",
        "site_section": "https://ntn24.com/venezuela",
        "site_categories": [
            "media",
            "top_news"
        ],
        "section_title": "NTN24 Noticias de Venezuela | &#xDA;ltimas noticias, actualizaciones y an&#xE1;lisis en vivo.",
        "title": "El ‘Dibu’ Martínez manda a silenciar a los fanáticos que lo silbaban con atajada imposible de un penalti en Francia | NTN24.COM",
        "title_full": "El ‘Dibu’ Martínez manda a silenciar a los fanáticos que lo silbaban con atajada imposible de un penalti en Francia | NTN24.COM",
        "published": "2024-04-19T00:19:00.000+03:00",
        "replies_count": 0,
        "participants_count": 1,
        "site_type": "news",
        "country": "CO",
        "main_image": "https://intn24.lalr.co/cms/2024/04/18161912/El-portero-Emiliano-Martinez-ataja-para-el-Aston-Villa-AFP.jpg?w=1280",
        "performance_score": 0,
        "domain_rank": 58084,
        "domain_rank_updated": "2024-04-16T13:07:56.000+03:00",
        "reach": null,
        "social": {
            "facebook": {
                "likes": 0,
                "comments": 0,
                "shares": 0
            },
            "gplus": {
                "shares": 0
            },
            "pinterest": {
                "shares": 0
            },
            "linkedin": {
                "shares": 0
            },
            "stumbledupon": {
                "shares": 0
            },
            "vk": {
                "shares": 0
            }
        }
    },
    "uuid": "3bfdf2c7c1076dc7c1ef26a8e4a16bacf5c83062",
    "url": "https://www.ntn24.com/noticias-deportes/el-dibu-martinez-manda-a-silenciar-a-los-fanaticos-que-lo-silbaban-con-atajada-imposible-de-un-penalti-en-francia-485416",
    "ord_in_thread": 0,
    "parent_url": null,
    "author": "NTN24",
    "published": "2024-04-19T00:19:00.000+03:00",
    "title": "El ‘Dibu’ Martínez manda a silenciar a los fanáticos que lo silbaban con atajada imposible de un penalti en Francia | NTN24.COM",
    "text": "[Dibu Martínez](/temas/dibu-martinez) El ‘Dibu’ Martínez manda a silenciar a los fanáticos que lo silbaban con atajada imposible de un penalti en Francia El portero argentino Emiliano ‘El Dibu’ Martínez tuvo una jornada destacada este jueves 18 de abril en el partido que enfrentó a su club, el Aston Villa de Inglaterra, ante el Lille de Francia por los cuartos de final de la Conference League. Martínez, a lo largo del partido en el que cada vez que tocaba el balón era silbado, ejecutó varias atajadas de primer nivel durante el desarrollo del encuentro que tuvo que decidirse desde los penales debido a que la serie quedó empatada 3 a 3. Fue en ese momento en el que los abucheos en contra del Dibu subieron los decibeles en un estadio que le cobraba su papel en la final del Mundial de Qatar 2022 en donde fue clave para que la selección de Argentina se impusiera a Francia. Los silbidos no hicieron más que aumentar la concentración del argentino quien en la serie atajó dos disparos. Sus paradas le permitieron al Aston Villa ganar la tanda de penales por 4 a 3 para así avanzar a las semifinales del campeonato. El ‘Dibu’ después de la primera atajada hizo un gesto con el que evidentemente mandó a callar a los aficionados del Lille. Luego, en la segunda atajada en lo que era el quinto penal, el argentino se giró y bailó enfrente de la tribuna. De esa manera respondió a un público que no tuvo indulgencia con quien fue el gran villano en la final de su país ante Argentina hace poco más de un año. Aston Villa busca en la Conference League ganar su primer título europeo en más de cuatro décadas. El equipo de Unai Emery ganó el partido de ida por 2 a 1 la semana pasada, pero el Lille igualó la eliminatoria con un resultado idéntico a su favor este jueves. El Aston Villa, que marcha cuarto en la Premier League de Inglaterra, jugará las semifinales del torneo europeo el próximo 2 y 9 de mayo.",
    "highlightText": "",
    "highlightTitle": "",
    "highlightThreadTitle": "",
    "language": "spanish",
    "sentiment": "positive",
    "categories": [
        "Human Interest",
        "Sport",
        "Social Issue"
    ],
    "external_links": [],
    "external_images": [],
    "entities": {
        "persons": [],
        "organizations": [],
        "locations": []
    },
    "rating": null,
    "crawled": "2024-04-19T00:25:01.170+03:00",
    "updated": "2024-04-19T00:25:01.170+03:00"
}