{
    "thread": {
        "uuid": "903824ace7199b3ddc8af1742317826c372a9898",
        "url": "https://www.kptv.com/2024/04/18/she-saved-my-sons-life-taco-bell-manager-saves-baby-who-stopped-breathing-drive-thru",
        "site_full": "www.kptv.com",
        "site": "kptv.com",
        "site_section": "https://www.kptv.com/news/national",
        "site_categories": [
            "media"
        ],
        "section_title": "National News",
        "title": "‘She saved my son’s life’: Taco Bell manager saves baby who stopped breathing in drive-thru",
        "title_full": "‘She saved my son’s life’: Taco Bell manager saves baby who stopped breathing in drive-thru",
        "published": "2024-04-18T23:53:00.000+03:00",
        "replies_count": 0,
        "participants_count": 1,
        "site_type": "news",
        "country": "US",
        "main_image": "https://gray-kptv-prod.cdn.arcpublishing.com/resizer/v2/TOZNLGTA3FFMFJ33RL66PJUGZM.jpg?auth=2795543e6a6af9f2be3e2197e8a89d1d745a4463aa12e98d79f6268f33a8f347&amp;width=1200&amp;height=600&amp;smart=true",
        "performance_score": 0,
        "domain_rank": 11560,
        "domain_rank_updated": "2024-04-16T13:07:52.000+03:00",
        "reach": null,
        "social": {
            "facebook": {
                "likes": 0,
                "comments": 0,
                "shares": 0
            },
            "gplus": {
                "shares": 0
            },
            "pinterest": {
                "shares": 0
            },
            "linkedin": {
                "shares": 0
            },
            "stumbledupon": {
                "shares": 0
            },
            "vk": {
                "shares": 0
            }
        }
    },
    "uuid": "903824ace7199b3ddc8af1742317826c372a9898",
    "url": "https://www.kptv.com/2024/04/18/she-saved-my-sons-life-taco-bell-manager-saves-baby-who-stopped-breathing-drive-thru",
    "ord_in_thread": 0,
    "parent_url": null,
    "author": "Charles Watson, WPVI via CNN Newsource",
    "published": "2024-04-18T23:53:00.000+03:00",
    "title": "‘She saved my son’s life’: Taco Bell manager saves baby who stopped breathing in drive-thru",
    "text": "RICHBORO, Pa. (WPVI) - A family in Pennsylvania says they have a quick-thinking Taco Bell manager to thank for saving their child’s life.\nNatasha Long says the situation started when her 11-week-old baby suddenly stopped breathing while she was in the drive-thru at the fast-food restaurant.\n“It was the scariest moment of my entire life,” Long said.\nThe mother of two had just finished some errands and decided to grab food when she says she noticed baby Myles struggling for air in the back seat of the car.\n“I pulled him out and he turned completely blue and was lifeless. At that point I just completely blacked out. I didn’t know what to do,” she said.\nFortunately, Long was in earshot of Taco Bell manager Becky Arbaugh, who heard the mother’s screams and quickly jumped in to give baby Myles CPR.\n“I ran outside and took the baby,” Arbaugh said. “I then started to do chest compressions on the baby, and he finally started to breathe.”\nLong said the manager appeared out of nowhere like a guardian angel.\nAccording to Arbaugh, her own scares as a mother helped her prepare for a moment like this.\n“When my kids were little, my daughter had similar incidents. So, I knew what she was feeling, and there was no thought in my mind that the baby wasn’t going to breathe again,” Arbaugh said.\nBaby Myles did regain his breath and was rushed to Saint Christopher’s Hospital for treatment.\nThe next day Long said she called Taco Bell to thank Arbaugh, who she calls her hero.\n“We couldn’t be more grateful to Becky. She saved my son’s life,” Long said.\nBaby Myles remains in the hospital as doctors try to understand what happened to him.\nMeanwhile, Long has been sending videos and pictures to Arbaugh -- who now has a deep bond with the family.\nCopyright 2024 WPVI via CNN Newsource. All rights reserved.",
    "highlightText": "",
    "highlightTitle": "",
    "highlightThreadTitle": "",
    "language": "english",
    "sentiment": "positive",
    "categories": [
        "Human Interest"
    ],
    "external_links": [],
    "external_images": [],
    "entities": {
        "persons": [
            {
                "name": "arbaugh",
                "sentiment": "none"
            },
            {
                "name": "” long",
                "sentiment": "none"
            },
            {
                "name": "long",
                "sentiment": "none"
            },
            {
                "name": "natasha long",
                "sentiment": "none"
            },
            {
                "name": "myles",
                "sentiment": "none"
            },
            {
                "name": "becky arbaugh",
                "sentiment": "none"
            }
        ],
        "organizations": [
            {
                "name": "taco bell",
                "sentiment": "neutral"
            }
        ],
        "locations": [
            {
                "name": "richboro",
                "sentiment": "none"
            },
            {
                "name": "pa.",
                "sentiment": "none"
            },
            {
                "name": "pennsylvania",
                "sentiment": "none"
            }
        ]
    },
    "rating": null,
    "crawled": "2024-04-19T00:29:03.247+03:00",
    "updated": "2024-04-19T00:29:03.247+03:00"
}