{
    "thread": {
        "uuid": "10f8316e0eb483ff34445fb36ee03c3641f0c560",
        "url": "https://abc17news.com/cnn-regional/2024/04/18/harris-county-upholds-support-for-families-court-sustains-uplift-harris-program",
        "site_full": "abc17news.com",
        "site": "abc17news.com",
        "site_section": "https://brazilbusiness.einnews.com/live_feed",
        "site_categories": [
            "media"
        ],
        "section_title": "Live Feed Wire - Brazil Business Today - EIN Presswire",
        "title": "Harris County Upholds Support for Families: Court Sustains Uplift Harris Program - ABC17NEWS",
        "title_full": "Harris County Upholds Support for Families: Court Sustains Uplift Harris Program - ABC17NEWS",
        "published": "2024-04-18T03:00:00.000+03:00",
        "replies_count": 0,
        "participants_count": 0,
        "site_type": "news",
        "country": "US",
        "main_image": "https://abc17news.b-cdn.net/abc17news.com/2023/08/kmiz-860x484.webp",
        "performance_score": 0,
        "domain_rank": 26800,
        "domain_rank_updated": "2024-04-16T13:07:52.000+03:00",
        "reach": null,
        "social": {
            "facebook": {
                "likes": 0,
                "comments": 0,
                "shares": 0
            },
            "gplus": {
                "shares": 0
            },
            "pinterest": {
                "shares": 0
            },
            "linkedin": {
                "shares": 0
            },
            "stumbledupon": {
                "shares": 0
            },
            "vk": {
                "shares": 0
            }
        }
    },
    "uuid": "10f8316e0eb483ff34445fb36ee03c3641f0c560",
    "url": "https://abc17news.com/cnn-regional/2024/04/18/harris-county-upholds-support-for-families-court-sustains-uplift-harris-program",
    "ord_in_thread": 0,
    "parent_url": null,
    "author": null,
    "published": "2024-04-18T03:00:00.000+03:00",
    "title": "Harris County Upholds Support for Families: Court Sustains Uplift Harris Program - ABC17NEWS",
    "text": "Harris County Upholds Support for Families: Court Sustains Uplift Harris Program By Francis Page, Jr. Click here for updates on this story April 18, 2024 ( Houston Style Magazine ) — In a landmark decision, the 165th District Court stood with Harris County, denying the motion by the Texas Attorney General’s Office to halt the county’s pioneering Uplift Harris initiative. This guaranteed income project is designed to empower Harris County families, offering financial stability in challenging times. Harris County Attorney Christian D. Menefee hailed the ruling as a significant victory for the community. “Republican officials have unjustly targeted Harris County families, but today, justice prevailed. Uplift Harris is more than a program—it’s a beacon of hope. Providing resources to those in poverty isn’t just right, it’s essential for societal progress,” Menefee asserted. Attorney General Ken Paxton’s contention that Uplift Harris contravenes the Texas Constitution’s gift clause was met with strong rebuttal. Harris County maintains that the initiative fulfills a ‘public purpose,’ echoing the Texas courts’ standard and promoting economic growth within the county. Furthermore, Paxton’s challenge to the program’s selection process was countered effectively. Harris County emphasized the rationale behind its lottery system, mirroring state practices and meeting strict income and geographical criteria, thus aligning with the state’s equal protection principles. As the state prepares to appeal, with the likelihood of involving the Texas Supreme Court, the community’s eyes are set on the April 24 fund disbursement, a critical milestone for Uplift Harris. About the Harris County Attorney’s Office: At the helm of legal affairs for Texas’ most populous county, Christian D. Menefee stands out as the youngest and first African American Harris County Attorney. Commanding an office of 250 dedicated legal professionals, Menefee embodies a progressive and inclusive vision for the administration of justice and civil representation. For in-depth insights and the latest updates on the Uplift Harris program, stay tuned to Houston Style Magazine. For more info, visit cao.harriscountytx.gov . See if you qualify and apply at uplift.harriscountytx.gov Please note: This content carries a strict local market embargo. If you share the same market as the contributor of this article, you may not use it on any platform. Jo-Carolyn Goodeeditorial@stylemagazine.com7133205611",
    "highlightText": "",
    "highlightTitle": "",
    "highlightThreadTitle": "",
    "language": "english",
    "sentiment": "positive",
    "categories": [
        "Human Interest",
        "Lifestyle and Leisure"
    ],
    "external_links": [
        "https://stylemagazine.com/news/2024/apr/18/harris-county-upholds-support-for-families-court-sustains-uplift-harris-program/",
        "https://uplift.harriscountytx.gov/",
        "https://cao.harriscountytx.gov/",
        "https://www.stylemagazine.com/news/2024/apr/18/harris-county-upholds-support-for-families-court-sustains-uplift-harris-program/",
        "https://www.cao.harriscountytx.gov/",
        "https://uplift.harriscountytx.gov",
        "https://www.uplift.harriscountytx.gov/",
        "https://cao.harriscountytx.gov",
        "https://stylemagazine.com/news/2024/apr/18/harris-county-upholds-support-for-families-court-sustains-uplift-harris-program"
    ],
    "external_images": [],
    "entities": {
        "persons": [
            {
                "name": "jr",
                "sentiment": "negative"
            },
            {
                "name": "francis page",
                "sentiment": "negative"
            },
            {
                "name": "menefee",
                "sentiment": "none"
            },
            {
                "name": "christian d. menefee",
                "sentiment": "none"
            },
            {
                "name": "ken paxton",
                "sentiment": "none"
            }
        ],
        "organizations": [
            {
                "name": "court sustains uplift harris program - abc17news harris county upholds support for families",
                "sentiment": "negative"
            },
            {
                "name": "harris county upholds support for families",
                "sentiment": "negative"
            },
            {
                "name": "houston style magazine",
                "sentiment": "none"
            },
            {
                "name": "texas attorney general’s office",
                "sentiment": "none"
            },
            {
                "name": "uplift harris",
                "sentiment": "none"
            },
            {
                "name": "165th district court",
                "sentiment": "none"
            }
        ],
        "locations": [
            {
                "name": "harris county",
                "sentiment": "none"
            }
        ]
    },
    "rating": null,
    "crawled": "2024-04-19T00:10:46.836+03:00",
    "updated": "2024-04-19T00:10:46.836+03:00"
}