{
    "thread": {
        "uuid": "217f2eb37a76d822ead113b1aa7984ab3df39382",
        "url": "https://kalkinemedia.com/news/world-news/la-jolla-dentists-highlight-benefits-of-smile-makeover-as-a-solution-for-damaged-teeth",
        "site_full": "kalkinemedia.com",
        "site": "kalkinemedia.com",
        "site_section": "https://kalkinemedia.com/feed",
        "site_categories": [
            "financial_news",
            "finance"
        ],
        "section_title": "Kalkine Media",
        "title": "La Jolla Dentists Highlight Benefits of Smile Makeover as a Solution for Damaged Teeth",
        "title_full": "La Jolla Dentists Highlight Benefits of Smile Makeover as a Solution for Damaged Teeth",
        "published": "2024-04-18T23:00:00.000+03:00",
        "replies_count": 0,
        "participants_count": 1,
        "site_type": "news",
        "country": "US",
        "main_image": "https://kalkinemedia.com/storage/uploads/large/1713474064_66218a102a3ac_19467252_scripps_center_for_dental_care_574x574.png",
        "performance_score": 0,
        "domain_rank": 63157,
        "domain_rank_updated": "2024-04-16T13:07:56.000+03:00",
        "reach": null,
        "social": {
            "facebook": {
                "likes": 0,
                "comments": 0,
                "shares": 0
            },
            "gplus": {
                "shares": 0
            },
            "pinterest": {
                "shares": 0
            },
            "linkedin": {
                "shares": 0
            },
            "stumbledupon": {
                "shares": 0
            },
            "vk": {
                "shares": 0
            }
        }
    },
    "uuid": "217f2eb37a76d822ead113b1aa7984ab3df39382",
    "url": "https://kalkinemedia.com/news/world-news/la-jolla-dentists-highlight-benefits-of-smile-makeover-as-a-solution-for-damaged-teeth",
    "ord_in_thread": 0,
    "parent_url": null,
    "author": "info@kalkinemedia.com (EIN Presswire)",
    "published": "2024-04-18T23:00:00.000+03:00",
    "title": "La Jolla Dentists Highlight Benefits of Smile Makeover as a Solution for Damaged Teeth",
    "text": "La Jolla Dentists Highlight Benefits of Smile Makeover as a Solution for Damaged Teeth\nEIN Presswire Google News:\n\"Lorem ipsum dolor sit amet, consectetur adipiscing elit, sed do eiusmod tempor incididunt ut labore et dolore magna aliqua. Ut enim ad minim veniam, quis nostrud exercitation ullamco laboris nisi ut aliquip ex ea commodo consequat. Duis aute irure dolor in reprehenderit in voluptate velit esse cillum dolore eu fugiat nulla pariatur. Excepteur sint occaecat cupidatat non proident, sunt in culpa qui officia deserunt mollit anim id est laborum.\"\nSection 1.10.32 of \"de Finibus Bonorum et Malorum\", written by Cicero in 45 BC\n\"Sed ut perspiciatis unde omnis iste natus error sit voluptatem accusantium doloremque laudantium, totam rem aperiam, eaque ipsa quae ab illo inventore veritatis et quasi architecto beatae vitae dicta sunt explicabo. Nemo enim ipsam voluptatem quia voluptas sit aspernatur aut odit aut fugit, sed quia consequuntur magni dolores eos qui ratione voluptatem sequi nesciunt. Neque porro quisquam est, qui dolorem ipsum quia dolor sit amet, consectetur, adipisci velit, sed quia non numquam eius modi tempora incidunt ut labore et dolore magnam aliquam quaerat voluptatem. Ut enim ad minima veniam, quis nostrum exercitationem ullam corporis suscipit laboriosam, nisi ut aliquid ex ea commodi consequatur? Quis autem vel eum iure reprehenderit qui in ea voluptate velit esse quam nihil molestiae consequatur, vel illum qui dolorem eum fugiat quo voluptas nulla pariatur?\"\n1914 translation by H. Rackham\n\"But I must explain to you how all this mistaken idea of denouncing pleasure and praising pain was born and I will give you a complete account of the system, and expound the actual teachings of the great explorer of the truth, the master-builder of human happiness. No one rejects, dislikes, or avoids pleasure itself, because it is pleasure, but because those who do not know how to pursue pleasure rationally encounter consequences that are extremely painful. Nor again is there anyone who loves or pursues or desires to obtain pain of itself, because it is pain, but because occasionally circumstances occur in which toil and pain can procure him some great pleasure. To take a trivial example, which of us ever undertakes laborious physical exercise, except to obtain some advantage from it? But who has any right to find fault with a man who chooses to enjoy a pleasure that has no annoying consequences, or one who avoids a pain that produces no resultant pleasure?\"\n1914 translation by H. Rackham\n\"But I must explain to you how all this mistaken idea of denouncing pleasure and praising pain was born and I will give you a complete account of the system, and expound the actual teachings of the great explorer of the truth, the master-builder of human happiness. No one rejects, dislikes, or avoids pleasure itself, because it is pleasure, but because those who do not know how to pursue pleasure rationally encounter consequences that are extremely painful. Nor again is there anyone who loves or pursues or desires to obtain pain of itself, because it is pain, but because occasionally circumstances occur in which toil and pain can procure him some great pleasure. To take a trivial example, which of us ever undertakes laborious physical exercise, except to obtain some advantage from it? But who has any right to find fault with a man who chooses to enjoy a pleasure that has no annoying consequences, or one who avoids a pain that produces no resultant pleasure?\"\nThanks for your interest in Kalkine Media's content! To continue reading, please log in to your account or create your free account with us.\nDisclaimer\nThe content, including but not limited to any articles, news, quotes,\ninformation, data, text, reports, ratings, opinions, images, photos, graphics,\ngraphs, charts, animations and video (Content) is a service of Kalkine Media Pty\nLtd (“Kalkine Media, we or us”), ACN 629 651 672 and is available for personal\nand non-commercial use only. The principal purpose of the Content is to educate\nand inform. The Content does not contain or imply any recommendation or opinion\nintended to influence your financial decisions and must not be relied upon by\nyou as such. Some of the Content on this website may be sponsored/non-sponsored,\nas applicable, but is NOT a solicitation or recommendation to buy, sell or hold\nthe stocks of the company(s) or engage in any investment activity under\ndiscussion. Kalkine Media is neither licensed nor qualified to provide\ninvestment advice through this platform. Users should make their own enquiries\nabout any investments and Kalkine Media strongly suggests the users to seek\nadvice from a financial adviser, stockbroker or other professional (including\ntaxation and legal advice), as necessary.\nThe content published on Kalkine Media also includes feeds sourced from third-party providers. Kalkine does not assert any ownership rights over the content provided by these third-party sources. The inclusion of such feeds on the Website is for informational purposes only. Kalkine does not guarantee the accuracy, completeness, or reliability of the content obtained from third-party feeds. Furthermore, Kalkine Media shall not be held liable for any errors, omissions, or inaccuracies in the content obtained from third-party feeds, nor for any damages or losses arising from the use of such content.\nKalkine Media hereby disclaims any and all the liabilities to any user for any direct, indirect, implied, punitive, special, incidental or other consequential damages arising from any use of the Content on this website, which is provided without warranties. The views expressed in the Content by the guests, if any, are their own and do not necessarily represent the views or opinions of Kalkine Media. Some of the images/music that may be used on this website are copyrighted to their respective owner(s). Kalkine Media does not claim ownership of any of the pictures displayed/music used on this website unless stated otherwise. The images/music that may be used on this website are taken from various sources on the internet, including paid subscriptions or are believed to be in public domain. We have made reasonable efforts to accredit the source wherever it was indicated as or found to be necessary.\nThis disclaimer is subject to change without notice. Users are advised to review this disclaimer periodically for any updates or modifications.",
    "highlightText": "",
    "highlightTitle": "",
    "highlightThreadTitle": "",
    "language": "catalan",
    "sentiment": "positive",
    "categories": [
        "Lifestyle and Leisure",
        "Human Interest",
        "Health"
    ],
    "external_links": [
        "https://news.google.com/publications/CAAiEGQ46lFEw9e83iohwu731RkqFAgKIhBkOOpRRMPXvN4qIcLu99UZ",
        "https://www.news.google.com/publications/CAAiEGQ46lFEw9e83iohwu731RkqFAgKIhBkOOpRRMPXvN4qIcLu99UZ"
    ],
    "external_images": [],
    "entities": {
        "persons": [],
        "organizations": [],
        "locations": []
    },
    "rating": null,
    "crawled": "2024-04-19T00:06:48.855+03:00",
    "updated": "2024-04-19T00:06:48.855+03:00"
}