{
    "thread": {
        "uuid": "913286bbb2d997840dcfec6c809f541d908bc7a8",
        "url": "https://www.seti.org/event/deep-sky-nasas-webb-telescope-imaxr",
        "site_full": "www.seti.org",
        "site": "seti.org",
        "site_section": "https://www.seti.org/rss.xml",
        "site_categories": [
            "social"
        ],
        "section_title": "SETI Institute",
        "title": "Into the \"Deep Sky\": NASA's Webb Telescope on IMAX®",
        "title_full": "Into the \"Deep Sky\": NASA's Webb Telescope on IMAX®",
        "published": "2024-04-18T21:52:00.000+03:00",
        "replies_count": 0,
        "participants_count": 1,
        "site_type": "news",
        "country": "US",
        "main_image": "https://www.seti.org",
        "performance_score": 0,
        "domain_rank": 9438,
        "domain_rank_updated": "2024-04-16T13:07:52.000+03:00",
        "reach": null,
        "social": {
            "facebook": {
                "likes": 0,
                "comments": 0,
                "shares": 1
            },
            "gplus": {
                "shares": 0
            },
            "pinterest": {
                "shares": 0
            },
            "linkedin": {
                "shares": 0
            },
            "stumbledupon": {
                "shares": 0
            },
            "vk": {
                "shares": 0
            }
        }
    },
    "uuid": "913286bbb2d997840dcfec6c809f541d908bc7a8",
    "url": "https://www.seti.org/event/deep-sky-nasas-webb-telescope-imaxr",
    "ord_in_thread": 0,
    "parent_url": null,
    "author": "jhedges@seti.org",
    "published": "2024-04-18T21:52:00.000+03:00",
    "title": "Into the \"Deep Sky\": NASA's Webb Telescope on IMAX®",
    "text": "Into the \"Deep Sky\": NASA's Webb Telescope on IMAX® Time: Thursday, Apr 18, 2024 - Location: Online The documentary short \"Deep Sky\" takes viewers on a breathtaking journey through space and time, showcasing stunning imagery captured by NASA's Webb Telescope on the giant IMAX® screen. Directed by acclaimed filmmaker Nathaniel Kahn and narrated by Michelle Williams, the film delves into the monumental effort behind the telescope's construction and launch, set to orbit a million miles from Earth. As it explores never-before-seen cosmic landscapes and newly discovered exoplanets, \"Deep Sky\" prompts timeless questions about our origins and the vastness of the universe. With Kahn's track record of award-winning documentaries, including \"The Hunt for Planet B\" and \"My Architect,\" \"Deep Sky\" promises to immerse audiences in the beauty and mystery of space in a truly unforgettable cinematic experience. Join communications specialist Beth Johnson in a special conversation with director Nathaniel Kahn about the telescope, the filmmaking process, and how we share science with the world. [WATCH LIVE ON FACEBOOK](https://fb.me/e/5ib1h5q0Z) [WATCH LIVE ON YOUTUBE](https://www.youtube.com/watch?v=QxLmhlOI0F8&ab_channel=SETIInstitute)",
    "highlightText": "",
    "highlightTitle": "",
    "highlightThreadTitle": "",
    "language": "english",
    "sentiment": "positive",
    "categories": [
        "Education",
        "Human Interest",
        "Science and Technology"
    ],
    "external_links": [
        "http://youtube.com/watch?v=QxLmhlOI0F8",
        "http://www.youtube.com/watch",
        "https://www.fb.me/e/5ib1h5q0Z",
        "https://fb.me/e/5ib1h5q0Z",
        "http://www.youtube.com/watch?v=QxLmhlOI0F8"
    ],
    "external_images": [],
    "entities": {
        "persons": [
            {
                "name": "michelle williams",
                "sentiment": "none"
            },
            {
                "name": "beth johnson",
                "sentiment": "none"
            },
            {
                "name": "nathaniel kahn",
                "sentiment": "none"
            },
            {
                "name": "kahn",
                "sentiment": "none"
            }
        ],
        "organizations": [
            {
                "name": "nasa",
                "sentiment": "neutral"
            },
            {
                "name": "webb telescope",
                "sentiment": "neutral"
            }
        ],
        "locations": [
            {
                "name": "earth",
                "sentiment": "none"
            }
        ]
    },
    "rating": null,
    "crawled": "2024-04-19T00:07:10.360+03:00",
    "updated": "2024-05-03T00:27:31.070+03:00"
}