{
    "thread": {
        "uuid": "0f3702eb9cf0c41db19c1e7981997d8dd0626c21",
        "url": "https://ih.advfn.com/stock-market/stock-news/93682728/first-annual-u-s-ukraine-veterans-charity-golf-to",
        "site_full": "ih.advfn.com",
        "site": "advfn.com",
        "site_section": "https://ih.advfn.com/p.php?pid=news",
        "site_categories": [
            "investing",
            "stocks",
            "finance",
            "financial_news"
        ],
        "section_title": "Investors Hub - News",
        "title": "First Annual U.S.-Ukraine Veterans' Charity Golf Tournament Announced with General Retired David Petraeus as Guest of Honor",
        "title_full": "First Annual U.S.-Ukraine Veterans' Charity Golf Tournament Announced with General Retired David Petraeus as Guest of Honor",
        "published": "2024-04-18T20:12:00.000+03:00",
        "replies_count": 0,
        "participants_count": 1,
        "site_type": "news",
        "country": "US",
        "main_image": "",
        "performance_score": 0,
        "domain_rank": 8587,
        "domain_rank_updated": "2024-04-16T13:07:52.000+03:00",
        "reach": null,
        "social": {
            "facebook": {
                "likes": 0,
                "comments": 0,
                "shares": 0
            },
            "gplus": {
                "shares": 0
            },
            "pinterest": {
                "shares": 0
            },
            "linkedin": {
                "shares": 0
            },
            "stumbledupon": {
                "shares": 0
            },
            "vk": {
                "shares": 0
            }
        }
    },
    "uuid": "0f3702eb9cf0c41db19c1e7981997d8dd0626c21",
    "url": "https://ih.advfn.com/stock-market/stock-news/93682728/first-annual-u-s-ukraine-veterans-charity-golf-to",
    "ord_in_thread": 0,
    "parent_url": null,
    "author": "advfn.com",
    "published": "2024-04-18T20:12:00.000+03:00",
    "title": "First Annual U.S.-Ukraine Veterans' Charity Golf Tournament Announced with General Retired David Petraeus as Guest of Honor",
    "text": "KYIV, Ukraine and WASHINGTON , April 18, 2024 /PRNewswire/ -- The Borderlands Foundation is proud to announce the inaugural U.S.-Ukraine Veterans' Charity Golf Tournament, to be held on 7 June at the prestigious Andrews Air Force Base Golf Course. General David Petraeus , US Army (Ret.), the former Director of the CIA and Commander of Coalition Forces in Iraq and Afghanistan , will attend as the Guest of Honor and share his thoughts in the War in Ukraine and geopolitics at the Awards Dinner Gala.\nThis is the inaugural tournament of a planned yearly event. The Borderlands Foundation will host this multipurpose event to unite top defense companies, political, business, and nonprofit leaders, as well veterans from both Ukraine and the United States . It will serve as a platform for fostering closer ties between the two Veterans and Defense Communities, allow for exchanging ideas, and supporting the heroic veterans of Ukraine dealing with issues that stem from their combat experience.\nAll proceeds from this golf tournament will go to the Borderlands Foundation whose mission is to \"Make Sure Ukraine's Heroes are Never Forgotten.\" The Borderlands Foundation works through various organizations dedicated to research, advocacy, and treatment of PTSD for Ukraine's Veterans. These organization include: State institution Ukraine Veteran's Foundation, dedicated to creating employment and business opportunities; Revived Soldiers Ukraine focusing on rehabilitation through golf; the Expio Clinic, operating a Ketamine Therapy clinic for PTSD treatment; the Azov Angels Patronage, which is a nationwide veterans' organization to find veterans for treatment; and the Ukraine Psychedelics Research Association, which is organizing and advocating for effective PTSD treatments and policy in Ukraine through psychedelics.\nGeneral Petraeus will play a key role in this event. He will be attending a sunset cocktail reception with the Ukrainian Heroes and VIP Guests, and then he will engage in a live talk with the Borderlands Foundation Director, Samuel P.N. Cook , where they will discuss the war in Ukraine , veteran care, and U.S. veterans' role in supporting their Ukrainian counterparts.\n\"We stand united with the valiant men and women who served their nations with honor. This event underscores our unwavering commitment to supporting our veterans and our fellow Ukrainian veterans. Supporting the causes advanced by the gathering will be a true honor.\" - General David Petraeus\nBeyond golf, the event will also be a day for networking at the clubhouse, where attendees can meet leaders from Ukraine's defense sector and veterans sharing their battlefield experiences. The day will conclude with the dinner Awards Gala that will feature General Petraeus' talk, a musical performance, and a fundraising raffle.\nSponsorship opportunities at this charity golf event offer significant visibility and networking benefits, with various levels available. The Ukrainian Armor leads as the Title Sponsor. The following defense companies from the National Defense Industry of Ukraine will be in attendance: Ukrainian Armor; Kvertus; Radionix; KDT Group International; System Elektronik Export LLC; Thermal Vision; Technologies Ukrspecsystem LLC; UkrTac; and Deviro.\nRegister Now:\nEarly bird registration is available until 14th April. Visit U.S.-Ukraine Veterans' Charity Golf Tournament to secure participation in this historic event.\nTournament Website: https://golf.borderlands.com.ua\nThis inaugural event is more than a golf tournament; it's an opportunity to build a long-lasting bridge between the two greatest Veterans communities in the world. The Borderlands Foundation welcomes everyone dedicated to this cause to join us in a day of sport, networking, and advocacy for a brighter future for Ukraine's Heroes, supported by and mentored by our own Veterans.\nView original content to download multimedia:https://www.prnewswire.com/news-releases/first-annual-us-ukraine-veterans-charity-golf-tournament-announced-with-general-retired-david-petraeus-as-guest-of-honor-302121529.html\nSOURCE THE BORDERLANDS FOUNDATION\nCopyright 2024 PR Newswire",
    "highlightText": "",
    "highlightTitle": "",
    "highlightThreadTitle": "",
    "language": "english",
    "sentiment": "positive",
    "categories": [
        "Sport",
        "Human Interest"
    ],
    "external_links": [
        "https://www.prnewswire.com/news-releases/first-annual-us-ukraine-veterans-charity-golf-tournament-announced-with-general-retired-david-petraeus-as-guest-of-honor-302121529.html",
        "https://static.cloudflareinsights.com/beacon.min.js/v55bfa2fee65d44688e90c00735ed189a1713218998793",
        "https://golf.borderlands.com.ua",
        "https://prnewswire.com/news-releases/first-annual-us-ukraine-veterans-charity-golf-tournament-announced-with-general-retired-david-petraeus-as-guest-of-honor-302121529.html",
        "https://www.golf.borderlands.com.ua",
        "https://www.static.cloudflareinsights.com/beacon.min.js/v55bfa2fee65d44688e90c00735ed189a1713218998793"
    ],
    "external_images": [],
    "entities": {
        "persons": [
            {
                "name": "david petraeus",
                "sentiment": "negative"
            }
        ],
        "organizations": [
            {
                "name": "the borderlands foundation",
                "sentiment": "negative"
            },
            {
                "name": "ukraine veterans' charity golf tournament announced",
                "sentiment": "neutral"
            },
            {
                "name": "borderlands foundation",
                "sentiment": "none"
            },
            {
                "name": "us army",
                "sentiment": "none"
            },
            {
                "name": "cia",
                "sentiment": "none"
            },
            {
                "name": "commander of coalition forces",
                "sentiment": "none"
            }
        ],
        "locations": [
            {
                "name": "u.s.",
                "sentiment": "none"
            },
            {
                "name": "washington",
                "sentiment": "none"
            },
            {
                "name": "ukraine",
                "sentiment": "none"
            },
            {
                "name": "afghanistan",
                "sentiment": "none"
            },
            {
                "name": "united states",
                "sentiment": "none"
            },
            {
                "name": "iraq",
                "sentiment": "none"
            }
        ]
    },
    "rating": null,
    "crawled": "2024-04-19T00:16:46.917+03:00",
    "updated": "2024-04-19T00:16:46.917+03:00"
}