{
    "thread": {
        "uuid": "cafb7c0f276d50f9884e321b4672b6504e472502",
        "url": "https://www.world-today-news.com/julie-vanloo-signs-amazing-contract-with-jelle-cleymans-on-wow-wow-show",
        "site_full": "www.world-today-news.com",
        "site": "world-today-news.com",
        "site_section": "https://www.world-today-news.com/feed",
        "site_categories": [
            "media"
        ],
        "section_title": "World Today News",
        "title": "Julie Vanloo Signs Amazing Contract with Jelle Cleymans on 'Wow, wow!' Show - World Today News",
        "title_full": "Julie Vanloo Signs Amazing Contract with Jelle Cleymans on 'Wow, wow!' Show - World Today News",
        "published": "2024-04-19T00:10:00.000+03:00",
        "replies_count": 0,
        "participants_count": 1,
        "site_type": "news",
        "country": "US",
        "main_image": "https://images.sporza.be/width1280/2024/04/18/80ead18c-fd8e-11ee-8fc9-02b7b76bf47f.jpg",
        "performance_score": 0,
        "domain_rank": 27017,
        "domain_rank_updated": "2024-04-16T13:07:52.000+03:00",
        "reach": null,
        "social": {
            "facebook": {
                "likes": 0,
                "comments": 0,
                "shares": 0
            },
            "gplus": {
                "shares": 0
            },
            "pinterest": {
                "shares": 0
            },
            "linkedin": {
                "shares": 0
            },
            "stumbledupon": {
                "shares": 0
            },
            "vk": {
                "shares": 0
            }
        }
    },
    "uuid": "cafb7c0f276d50f9884e321b4672b6504e472502",
    "url": "https://www.world-today-news.com/julie-vanloo-signs-amazing-contract-with-jelle-cleymans-on-wow-wow-show",
    "ord_in_thread": 0,
    "parent_url": null,
    "author": "world today news",
    "published": "2024-04-19T00:10:00.000+03:00",
    "title": "Julie Vanloo Signs Amazing Contract with Jelle Cleymans on 'Wow, wow!' Show - World Today News",
    "text": "A great piece of TV in ‘Wow, wow!’. Belgian Cat Julie Vanloo was the main guest on Wednesday and openly declared her great love for the popular youth series ‘Spring’. When Jelle Cleymans – in the series Evert – came together, the two signed an amazing contract.\nAnd does the Ketnet Spring series still have many loyal fans.\nIn recent years, the actors have filled the Sportpaleis several times for reunions.\nSuper fan Julie Vanloo would also like to be there, but she was unable to attend due to circumstances. In ‘Wow, wow!’ The presenter Otto-Jan Ham tries to arrange a rematch with the main actress Jelle Cleymans.\n“I think this calls for another reunion,” Ham said. “You should consider starting over. Legally I don’t have a leg to stand on.\n“Are you going to do that to me?” Vanloo added pressure by asking nicely.\nA claim that Cleymans did not want to answer immediately: “I’m not going to make strong statements about that now,” he said with a smile.\nTo Ham: “Then Julie will get you a gold medal at the Olympic Games.”\nA contract that Cleymans and Vanloo both concluded with great pleasure.\n“Now I’m really pumped for Paris,” Vanloo said.\nJulie Vanloo also showed off her rap skills\n2024-04-18 14:30:05\n#Spring #superfan #Julie #Vanloo #surprise #deal #Jelle #Cleymans",
    "highlightText": "",
    "highlightTitle": "",
    "highlightThreadTitle": "",
    "language": "english",
    "sentiment": "positive",
    "categories": [
        "Arts, Culture and Entertainment",
        "Lifestyle and Leisure",
        "Human Interest"
    ],
    "external_links": [],
    "external_images": [],
    "entities": {
        "persons": [
            {
                "name": "julie vanloo",
                "sentiment": "positive"
            },
            {
                "name": "jelle cleymans",
                "sentiment": "positive"
            },
            {
                "name": "otto-jan ham",
                "sentiment": "none"
            },
            {
                "name": "vanloo",
                "sentiment": "none"
            },
            {
                "name": "cleymans",
                "sentiment": "none"
            },
            {
                "name": "julie",
                "sentiment": "none"
            }
        ],
        "organizations": [],
        "locations": []
    },
    "rating": null,
    "crawled": "2024-04-19T00:21:36.527+03:00",
    "updated": "2024-04-19T00:35:40.550+03:00"
}