{
    "thread": {
        "uuid": "af66d726434ed5caa729a0989c2e87b592001e9f",
        "url": "https://www.golfdigest.com/story/15-year-old-miles-russell-shoots-front-nine-31-korn-ferry-tour-debut",
        "site_full": "www.golfdigest.com",
        "site": "golfdigest.com",
        "site_section": "http://www.golfdigest.com/",
        "site_categories": [
            "golf",
            "sports"
        ],
        "section_title": "GolfDigest.com: Golf Instruction, Equipment, Courses, Travel, News",
        "title": "15(!)-year-old shoots front-nine 31(!!) in Korn Ferry Tour debut | Golf News and Tour Information | GolfDigest.com",
        "title_full": "15(!)-year-old shoots front-nine 31(!!) in Korn Ferry Tour debut | Golf News and Tour Information | GolfDigest.com",
        "published": "2024-04-18T22:54:00.000+03:00",
        "replies_count": 0,
        "participants_count": 1,
        "site_type": "news",
        "country": "US",
        "main_image": "https://golfdigest.sports.sndimg.com/content/dam/images/golfdigest/fullset/2021/240418-miles-russell.jpg.rend.hgtvcom.616.411.suffix/1713464097968.jpeg",
        "performance_score": 0,
        "domain_rank": 6218,
        "domain_rank_updated": "2024-04-16T13:07:52.000+03:00",
        "reach": null,
        "social": {
            "facebook": {
                "likes": 0,
                "comments": 0,
                "shares": 0
            },
            "gplus": {
                "shares": 0
            },
            "pinterest": {
                "shares": 0
            },
            "linkedin": {
                "shares": 0
            },
            "stumbledupon": {
                "shares": 0
            },
            "vk": {
                "shares": 0
            }
        }
    },
    "uuid": "af66d726434ed5caa729a0989c2e87b592001e9f",
    "url": "https://www.golfdigest.com/story/15-year-old-miles-russell-shoots-front-nine-31-korn-ferry-tour-debut",
    "ord_in_thread": 0,
    "parent_url": null,
    "author": "Alex Myers",
    "published": "2024-04-18T22:54:00.000+03:00",
    "title": "15(!)-year-old shoots front-nine 31(!!) in Korn Ferry Tour debut | Golf News and Tour Information | GolfDigest.com",
    "text": "As the old saying goes, the kids are alright. But that phrase doesn't do one particularly precocious golfer justice.\nIf you've followed the junior golf circuit over the past couple years at all, you've probably heard the name Miles Russell. If you haven't, this is name golf fans might want to learn. Quickly.\nRELATED: Just how good is Charlie Woods?\nThat's because Miles is not your normal 15-year-old. He's the reigning AJGA Player of the Year. He signed an NIL deal with Transcend Capital Advisors last fall. And on Thursday, he put forth a pretty darn special debut on the Korn Ferry Tour.\nPlaying in the LECOM Suncoast Classic , Russell shot a front-nine 31 to place himself among the early leaders at Lakewood National Golf Club in Lakewood Ranch, Florida. That's right, the 15-year-old needed only 31 strokes to complete his opening nine holes in his first PGA Tour-sanctioned event.\nRELATED: This Korn Ferry Tour first-tee announcer is worth the price of admission\nRussell cooled off on the back nine with a 37, but the lefty still recorded a three-under-par 68. He's currently four shots behind a group at seven under.\nThen again, we shouldn't be too surprised. Not only did he win the Junior Players Championship last year, but he also shot a second-round 66 at TPC Sawgrass. And he won the Junior PGA Championship by seven shots before playing in the Junior Ryder Cup in September.\nStill, doing it against adult tour pros is different.\nRELATED: Golf's all-time biggest phenoms\n“I don’t know what to expect, but I’d love to make the cut and who knows, maybe have a good weekend and see where it puts me,” Russell told PGATour.com on Tuesday.\nGood start, young man. Good start.\nRELATED: Why the world's top-ranked amateur is staying in school",
    "highlightText": "",
    "highlightTitle": "",
    "highlightThreadTitle": "",
    "language": "english",
    "sentiment": "positive",
    "categories": [
        "Sport",
        "Human Interest"
    ],
    "external_links": [
        "https://twitter.com/KornFerryTour/status/1780980811958825324",
        "https://www.pgatour.com/korn-ferry-tour/article/news/latest/2024/04/17/miles-russell-15-years-old-makes-debut-lecom-suncoast-classic-lakewood-national-golf-club-junior-players-champion",
        "https://www.twitter.com/KornFerryTour/status/1780980811958825324",
        "https://pgatour.com/korn-ferry-tour/article/news/latest/2024/04/17/miles-russell-15-years-old-makes-debut-lecom-suncoast-classic-lakewood-national-golf-club-junior-players-champion"
    ],
    "external_images": [],
    "entities": {
        "persons": [
            {
                "name": "miles",
                "sentiment": "none"
            },
            {
                "name": "charlie woods",
                "sentiment": "none"
            },
            {
                "name": "russell",
                "sentiment": "none"
            },
            {
                "name": "miles russell",
                "sentiment": "none"
            }
        ],
        "organizations": [
            {
                "name": "lakewood national golf club",
                "sentiment": "none"
            },
            {
                "name": "ajga",
                "sentiment": "none"
            },
            {
                "name": "transcend capital advisors",
                "sentiment": "none"
            }
        ],
        "locations": [
            {
                "name": "lakewood ranch",
                "sentiment": "none"
            },
            {
                "name": "florida",
                "sentiment": "none"
            }
        ]
    },
    "rating": null,
    "crawled": "2024-04-19T00:09:10.648+03:00",
    "updated": "2024-04-19T00:09:10.648+03:00"
}