{
    "thread": {
        "uuid": "0eb1952e60490270c3fac79cda7fe952fbc6e11b",
        "url": "https://articlescad.com/unlocking-early-learning-smart-books-for-3-year-olds-79281.html",
        "site_full": "articlescad.com",
        "site": "articlescad.com",
        "site_section": "https://articlescad.com",
        "site_categories": [],
        "section_title": "Articles - Articles Directory - Submit articles",
        "title": "Unlocking Early Learning: Smart Books for 3-Year-Olds",
        "title_full": "Unlocking Early Learning: Smart Books for 3-Year-Olds",
        "published": "2024-04-19T00:37:12.000+03:00",
        "replies_count": 0,
        "participants_count": 0,
        "site_type": "news",
        "country": "PH",
        "main_image": "",
        "performance_score": 0,
        "domain_rank": 33362,
        "domain_rank_updated": "2024-04-16T13:07:52.000+03:00",
        "reach": null,
        "social": {
            "facebook": {
                "likes": 0,
                "comments": 0,
                "shares": 0
            },
            "gplus": {
                "shares": 0
            },
            "pinterest": {
                "shares": 0
            },
            "linkedin": {
                "shares": 0
            },
            "stumbledupon": {
                "shares": 0
            },
            "vk": {
                "shares": 0
            }
        }
    },
    "uuid": "0eb1952e60490270c3fac79cda7fe952fbc6e11b",
    "url": "https://articlescad.com/unlocking-early-learning-smart-books-for-3-year-olds-79281.html",
    "ord_in_thread": 0,
    "parent_url": null,
    "author": null,
    "published": "2024-04-19T00:37:12.000+03:00",
    "title": "Unlocking Early Learning: Smart Books for 3-Year-Olds",
    "text": "Unlocking Early Learning: Smart Books for 3-Year-Olds Author : online shopping | Published On : 19 Apr 2024 In the dynamic landscape of early childhood education, the quest for engaging and effective learning tools continues to evolve. Smart Books for 3 Year Olds are emerging as a cornerstone in nurturing young minds, offering a delightful blend of entertainment and education. Among these, [Montessori 3D cloth book ](https://smartkidsbook.com/products/montessori-3d-cloth-book)stand out as innovative treasures, captivating the imagination of toddlers while laying a strong foundation for essential skills. At the heart of these smart books lies a profound understanding of child development. Crafted with care and precision, they seamlessly integrate interactive elements, vibrant illustrations, and age-appropriate content. Montessori 3D cloth books, in particular, weave together tactile experiences with educational narratives, fostering sensory exploration and cognitive development in young readers. One of the key benefits of smart books for 3-year-olds is their ability to stimulate multiple senses simultaneously. As children flip through pages, they encounter textures to touch, colors to admire, and stories to absorb. This multisensory approach not only enhances retention but also cultivates a love for learning from an early age. Montessori 3D cloth books excel in this regard, offering a tactile journey through letters, numbers, shapes, and more. Moreover, these smart books are designed to encourage active participation. Whether it's zipping a zipper, buttoning a pocket, or matching shapes, each activity prompts engagement and problem-solving. Through hands-on exploration, children develop fine motor skills, spatial awareness, and logical reasoning—an invaluable preparation for future academic pursuits. In the realm of language development, smart books play a pivotal role in expanding vocabulary and comprehension. With each turn of the page, young readers encounter new words, concepts, and storylines. Montessori 3D cloth books leverage this opportunity by incorporating simple narratives and thematic elements that resonate with preschoolers, fostering language acquisition in a playful manner. Furthermore, smart books serve as catalysts for parent-child bonding and shared learning experiences. As caregivers actively participate in reading sessions, they not only promote literacy but also strengthen emotional connections with their little ones. Montessori 3D cloth books, with their durable construction and interactive features, invite parents to join the exploration, fostering moments of joy and discovery together. In essence, [Smart Books for 3 Year Olds ](https://smartkidsbook.com/collections/smart-books-for-3-year-olds)represent a harmonious fusion of fun and learning, enriching the early years with creativity and curiosity. Within this realm, Montessori 3D cloth books shine as versatile tools, igniting young imaginations and laying the groundwork for lifelong learning adventures. As we continue to unlock the potential of early education, these smart books stand as beacons of innovation, guiding young learners towards a bright and promising future.",
    "highlightText": "",
    "highlightTitle": "",
    "highlightThreadTitle": "",
    "language": "english",
    "sentiment": "positive",
    "categories": [
        "Human Interest",
        "Education"
    ],
    "external_links": [
        "https://smartkidsbook.com/products/montessori-3d-cloth-book)stand",
        "https://smartkidsbook.com/collections/smart-books-for-3-year-olds)represent",
        "https://www.smartkidsbook.com/products/montessori-3d-cloth-book)stand",
        "https://www.smartkidsbook.com/collections/smart-books-for-3-year-olds)represent"
    ],
    "external_images": [],
    "entities": {
        "persons": [],
        "organizations": [],
        "locations": []
    },
    "rating": null,
    "crawled": "2024-04-19T00:37:12.117+03:00",
    "updated": "2024-04-19T00:37:12.117+03:00"
}