{
    "thread": {
        "uuid": "9780d888fff0478f58a0811c8107eccc61a125b6",
        "url": "https://www.thenews.com.pk/latest/1179812-cool-brittany-cartwright-slams-back-at-body-critic",
        "site_full": "www.thenews.com.pk",
        "site": "thenews.com.pk",
        "site_section": "https://www.thenews.com.pk",
        "site_categories": [
            "media"
        ],
        "section_title": "The News International: Latest News Breaking, Pakistan News",
        "title": "“Cool” Brittany Cartwright slams back at body critic",
        "title_full": "“Cool” Brittany Cartwright slams back at body critic",
        "published": "2024-04-18T21:14:00.000+03:00",
        "replies_count": 0,
        "participants_count": 1,
        "site_type": "news",
        "country": "US",
        "main_image": "https://www.thenews.com.pk/assets/uploads/updates/2024-04-19/l_1179812_021455_updates.jpg",
        "performance_score": 0,
        "domain_rank": 5164,
        "domain_rank_updated": "2024-04-16T13:07:52.000+03:00",
        "reach": null,
        "social": {
            "facebook": {
                "likes": 0,
                "comments": 0,
                "shares": 0
            },
            "gplus": {
                "shares": 0
            },
            "pinterest": {
                "shares": 0
            },
            "linkedin": {
                "shares": 0
            },
            "stumbledupon": {
                "shares": 0
            },
            "vk": {
                "shares": 0
            }
        }
    },
    "uuid": "9780d888fff0478f58a0811c8107eccc61a125b6",
    "url": "https://www.thenews.com.pk/latest/1179812-cool-brittany-cartwright-slams-back-at-body-critic",
    "ord_in_thread": 0,
    "parent_url": null,
    "author": "Web Desk",
    "published": "2024-04-18T21:14:00.000+03:00",
    "title": "“Cool” Brittany Cartwright slams back at body critic",
    "text": "Brittany Cartwright didn’t stay down after receiving a bit of criticism over her body. The Valley star had a confident comeback for online trolls after facing shameful remarks about her body. \"Babe those b*obs are too big,\" an Instagram critic commented on Brittany's April 17 post. \"They make you heavier than you even are.\" The Vanderpump Rules alum didn’t hold back, and had just the right reply for the hater. \"Could you imagine me going on your page and commenting on your body?\" the 35-year-old replied. \"Yes my boobs are big, cool.\" The Bravolebrity showed off her latest fashion moment, showcasing her curve-hugging strapless corset dress and beautiful makeup look in the post. Brittany hasn’t shied away from being open about her plastic surgery journey, and even shared her breast augmentation on the fourth season of Vanderpump Rules. Jax Taylor, her then-boyfriend and now estranged husband, was the one who convinced her for the b*objob. \"It's not just for you, it's for me,\" he said in the February 2016 episode. \"Who doesn't love big b*obs?\" Other than this, the star has had liposuction and Morpheus8 treatment, which is a procedure to boost collagen production. Royal expert discusses latest King Charles condition Prince William made first public appearance since Kate Middleton's cancer news Leonardo DiCaprio has been appreciated by Zack Snyder Prince William receives cold shoulder from the royal family Taylor Swift and Travis Kelce have started dating in summer 2023, says source Meghan Markle teases Prince William",
    "highlightText": "",
    "highlightTitle": "",
    "highlightThreadTitle": "",
    "language": "english",
    "sentiment": "positive",
    "categories": [
        "Social Issue",
        "Lifestyle and Leisure",
        "Human Interest"
    ],
    "external_links": [],
    "external_images": [],
    "entities": {
        "persons": [
            {
                "name": "brittany cartwright",
                "sentiment": "negative"
            },
            {
                "name": "jax taylor",
                "sentiment": "none"
            },
            {
                "name": "brittany",
                "sentiment": "none"
            }
        ],
        "organizations": [
            {
                "name": "instagram",
                "sentiment": "none"
            }
        ],
        "locations": []
    },
    "rating": null,
    "crawled": "2024-04-19T00:17:47.120+03:00",
    "updated": "2024-04-19T04:15:31.475+03:00"
}