{
    "thread": {
        "uuid": "c1928109d28198ed83d2603aff925378f724c7cb",
        "url": "https://www.einnews.com/pr_news/704796184/first-lady-justice-introduces-newest-friends-with-paws-therapy-dogs-at-nutter-fort-primary-school-and-west-fairmont-middle-school",
        "site_full": "www.einnews.com",
        "site": "einnews.com",
        "site_section": "http://ginniemae.einnews.com",
        "site_categories": [
            "search_engine",
            "tech"
        ],
        "section_title": "Ginnie Mae Newswire - Ginnie Mae News Today - EIN Presswire",
        "title": "First Lady Justice introduces newest Friends With Paws therapy dogs at Nutter Fort Primary School and West Fairmont Middle School - Ginnie Mae News Today - EIN Presswire",
        "title_full": "First Lady Justice introduces newest Friends With Paws therapy dogs at Nutter Fort Primary School and West Fairmont Middle School - Ginnie Mae News Today - EIN Presswire",
        "published": "2024-04-19T00:05:00.000+03:00",
        "replies_count": 0,
        "participants_count": 1,
        "site_type": "news",
        "country": "US",
        "main_image": "https://governor.wv.gov/PublishingImages/2024/April/fwp%204-18.jpg",
        "performance_score": 0,
        "domain_rank": 3194,
        "domain_rank_updated": "2024-04-16T13:07:52.000+03:00",
        "reach": null,
        "social": {
            "facebook": {
                "likes": 0,
                "comments": 0,
                "shares": 0
            },
            "gplus": {
                "shares": 0
            },
            "pinterest": {
                "shares": 0
            },
            "linkedin": {
                "shares": 0
            },
            "stumbledupon": {
                "shares": 0
            },
            "vk": {
                "shares": 0
            }
        }
    },
    "uuid": "c1928109d28198ed83d2603aff925378f724c7cb",
    "url": "https://www.einnews.com/pr_news/704796184/first-lady-justice-introduces-newest-friends-with-paws-therapy-dogs-at-nutter-fort-primary-school-and-west-fairmont-middle-school",
    "ord_in_thread": 0,
    "parent_url": null,
    "author": "EIN News",
    "published": "2024-04-19T00:05:00.000+03:00",
    "title": "First Lady Justice introduces newest Friends With Paws therapy dogs at Nutter Fort Primary School and West Fairmont Middle School - Ginnie Mae News Today - EIN Presswire",
    "text": "News Search | All News Topics > U.S. Politics ; Press Releases by Industry Channel > [All U.S. Politics Press Releases](/pr_archive) Fairmont Middle School | | http://www.einpresswire.com/channel/uspolitics EIN Presswire does not exercise editorial control over third-party content provided, uploaded, published, or distributed by users of EIN Presswire. We are a distributor, not a publisher, of 3rd party content. Such content may contain the views, opinions, statements, offers, and other material of the respective users, suppliers, participants, or authors. Submit your press release",
    "highlightText": "",
    "highlightTitle": "",
    "highlightThreadTitle": "",
    "language": "english",
    "sentiment": "positive",
    "categories": [
        "Human Interest"
    ],
    "external_links": [
        "https://governor.wv.gov/News/press-releases/2023/Pages/Elkins-High-School-welcomes-newest-Friends-With-Paws-therapy-dog.aspx",
        "https://governor.wv.gov/News/press-releases/2022/Pages/First-Lady-Justice-introduces-newest-Friends-With-Paws-therapy-dog-in-Pup-Rally-at-Pineville-Elementary-School.aspx",
        "https://governor.wv.gov/News/press-releases/2023/Pages/First-Lady-Justice-introduces-newest-Friends-With-Paws-therapy-dog-at-Hinton-Area-Elementary-School.aspx",
        "https://governor.wv.gov/News/press-releases/2022/Pages/First-Lady-Justice-Buckhannon-Academy-Elementary-School-welcomes-new-therapy-dog-through-Friends-With-Paws-program.aspx",
        "https://governor.wv.gov/News/press-releases/2024/Pages/Friends-With-Paws-welcomes-newest-therapy-dog-to-Sherman-High-School.aspx",
        "https://governor.wv.gov/News/press-releases/2023/Pages/First-Lady-Justice-introduces-newest-Friends-With-Paws-therapy-dog-during-assembly-at-Ravenswood-High-School.aspx",
        "https://governor.wv.gov/News/press-releases/2022/Pages/First-Lady-Justice-introduces-newest-Friends-With-Paws-therapy-dog-during-Pup-Rally-at-Lenore-PK-8-School.aspx",
        "https://governor.wv.gov/News/press-releases/2023/Pages/First-Lady-Justice-introduces-newest-Friends-With-Paws-therapy-dog-during-assembly-at-Oakvale-Elementary-School.aspx",
        "https://governor.wv.gov/News/press-releases/2022/Pages/Governor-and-First-Lady-Justice-introduce-first-Friends-With-Paws-therapy-dog-in-Pup-Rally-at-Welch-Elementary-School.aspx",
        "https://governor.wv.gov/News/press-releases/2024/Pages/First-Lady-Cathy,-Gov.-Jim-Justice-welcome-newest-Friends-With-Paws-therapy-dog,-Pixie,-to-Lewisburg-Elementary-School.aspx",
        "https://governor.wv.gov/News/press-releases/2023/Pages/First-Lady-Justice-introduces-newest-Friends-With-Paws-therapy-dog-during-assembly-at-Bridgeview-Elementary-School.aspx",
        "https://governor.wv.gov/News/press-releases/2022/Pages/First-Lady-Justice-introduces-newest-Friends-With-Paws-therapy-dog-during-Pup-Rally-at-Wayne-Elementary-School.aspx",
        "https://governor.wv.gov/News/press-releases/2023/Pages/First-Lady-Justice-announces-newest-Friends-With-Paws-therapy-dog-for-Pendleton-County-Middle,-High-School.aspx",
        "https://governor.wv.gov/News/press-releases/2023/Pages/First-Lady-Justice-announces-newest-Friends-With-Paws-therapy-dog-at-Berkeley-Springs-High-School.aspx",
        "https://governor.wv.gov/News/press-releases/2023/Pages/First-Lady-Justice-introduces-newest-Friends-With-Paws-therapy-dog-during-assembly-at-Chapmanville-Intermediate-School.aspx",
        "https://governor.wv.gov/News/press-releases/2024/Pages/First-Lady-Justice-announces-newest-Friends-With-Paws-therapy-dogs-at-Brooke-Middle-School-and-Wheeling-Park-High-School.aspx",
        "http://www.youtube.com/watch?v=sZ-6gV1-vL4",
        "https://governor.wv.gov/News/press-releases/2023/Pages/Governor-and-First-Lady-Justice-introduce-newest-Friends-With-Paws-therapy-dog-at-Greenbrier-East-High-School.aspx",
        "https://governor.wv.gov/News/press-releases/2022/Pages/First-Lady-Justice-Introduces-Two-New-Friends-With-Paws-Therapy-Dogs-In-Pup-Rallies.aspx",
        "https://governor.wv.gov/News/press-releases/2022/Pages/First-Lady-Justice-introduces-newest-Friends-With-Paws-therapy-dog-in-Pup-Rally-at-Lewis-County-High-School.aspx",
        "https://governor.wv.gov/News/press-releases/2023/Pages/First-Lady-Justice-announces-state%E2%80%99s-nineteenth-Friends-With-Paws-therapy-dog-for-Washington-Lands-Elementary-School.aspx",
        "https://www.governor.wv.gov/News/press-releases/2023/Pages/First-Lady-Justice-introduces-newest-Friends-With-Paws-therapy-dog-at-Hinton-Area-Elementary-School.aspx",
        "https://www.governor.wv.gov/News/press-releases/2023/Pages/First-Lady-Justice-announces-newest-Friends-With-Paws-therapy-dog-for-Pendleton-County-Middle,-High-School.aspx",
        "http://youtube.com/watch?v=sZ-6gV1-vL4",
        "https://www.governor.wv.gov/News/press-releases/2023/Pages/Governor-and-First-Lady-Justice-introduce-newest-Friends-With-Paws-therapy-dog-at-Greenbrier-East-High-School.aspx",
        "https://www.governor.wv.gov/News/press-releases/2024/Pages/First-Lady-Cathy,-Gov.-Jim-Justice-welcome-newest-Friends-With-Paws-therapy-dog,-Pixie,-to-Lewisburg-Elementary-School.aspx",
        "https://www.governor.wv.gov/News/press-releases/2022/Pages/First-Lady-Justice-introduces-newest-Friends-With-Paws-therapy-dog-during-Pup-Rally-at-Lenore-PK-8-School.aspx",
        "https://www.governor.wv.gov/News/press-releases/2023/Pages/First-Lady-Justice-announces-state%E2%80%99s-nineteenth-Friends-With-Paws-therapy-dog-for-Washington-Lands-Elementary-School.aspx",
        "https://www.governor.wv.gov/News/press-releases/2022/Pages/First-Lady-Justice-introduces-newest-Friends-With-Paws-therapy-dog-in-Pup-Rally-at-Pineville-Elementary-School.aspx",
        "https://www.governor.wv.gov/News/press-releases/2023/Pages/First-Lady-Justice-introduces-newest-Friends-With-Paws-therapy-dog-during-assembly-at-Chapmanville-Intermediate-School.aspx",
        "https://www.governor.wv.gov/News/press-releases/2023/Pages/Elkins-High-School-welcomes-newest-Friends-With-Paws-therapy-dog.aspx",
        "https://www.governor.wv.gov/News/press-releases/2022/Pages/First-Lady-Justice-introduces-newest-Friends-With-Paws-therapy-dog-during-Pup-Rally-at-Wayne-Elementary-School.aspx",
        "https://www.governor.wv.gov/News/press-releases/2022/Pages/Governor-and-First-Lady-Justice-introduce-first-Friends-With-Paws-therapy-dog-in-Pup-Rally-at-Welch-Elementary-School.aspx",
        "https://www.governor.wv.gov/News/press-releases/2024/Pages/Friends-With-Paws-welcomes-newest-therapy-dog-to-Sherman-High-School.aspx",
        "https://www.governor.wv.gov/News/press-releases/2023/Pages/First-Lady-Justice-introduces-newest-Friends-With-Paws-therapy-dog-during-assembly-at-Bridgeview-Elementary-School.aspx",
        "https://www.governor.wv.gov/News/press-releases/2022/Pages/First-Lady-Justice-introduces-newest-Friends-With-Paws-therapy-dog-in-Pup-Rally-at-Lewis-County-High-School.aspx",
        "http://www.youtube.com/watch",
        "https://www.governor.wv.gov/News/press-releases/2023/Pages/First-Lady-Justice-introduces-newest-Friends-With-Paws-therapy-dog-during-assembly-at-Ravenswood-High-School.aspx",
        "https://www.governor.wv.gov/News/press-releases/2023/Pages/First-Lady-Justice-announces-newest-Friends-With-Paws-therapy-dog-at-Berkeley-Springs-High-School.aspx",
        "https://www.governor.wv.gov/News/press-releases/2022/Pages/First-Lady-Justice-Buckhannon-Academy-Elementary-School-welcomes-new-therapy-dog-through-Friends-With-Paws-program.aspx",
        "https://www.governor.wv.gov/News/press-releases/2024/Pages/First-Lady-Justice-announces-newest-Friends-With-Paws-therapy-dogs-at-Brooke-Middle-School-and-Wheeling-Park-High-School.aspx",
        "https://www.governor.wv.gov/News/press-releases/2023/Pages/First-Lady-Justice-introduces-newest-Friends-With-Paws-therapy-dog-during-assembly-at-Oakvale-Elementary-School.aspx",
        "https://www.governor.wv.gov/News/press-releases/2022/Pages/First-Lady-Justice-Introduces-Two-New-Friends-With-Paws-Therapy-Dogs-In-Pup-Rallies.aspx"
    ],
    "external_images": [],
    "entities": {
        "persons": [
            {
                "name": "cathy justice",
                "sentiment": "none"
            }
        ],
        "organizations": [
            {
                "name": "ginnie mae news today",
                "sentiment": "neutral"
            },
            {
                "name": "nutter fort primary school",
                "sentiment": "neutral"
            },
            {
                "name": "ein presswire first lady justice",
                "sentiment": "neutral"
            },
            {
                "name": "west fairmont middle school",
                "sentiment": "neutral"
            },
            {
                "name": "nutter fort primary",
                "sentiment": "none"
            }
        ],
        "locations": [
            {
                "name": "west virginia",
                "sentiment": "none"
            },
            {
                "name": "charleston",
                "sentiment": "none"
            },
            {
                "name": "west fairmont middle",
                "sentiment": "none"
            }
        ]
    },
    "rating": null,
    "crawled": "2024-04-19T00:11:01.887+03:00",
    "updated": "2024-04-19T07:43:42.841+03:00"
}