{
    "thread": {
        "uuid": "4ea83b71c0b95f7bb880b43061065f49d1e5918e",
        "url": "https://www.thestatesman.com/india/shah-holds-mega-roadshows-in-gujarat-to-file-nomination-tomorrow-1503291636.html",
        "site_full": "www.thestatesman.com",
        "site": "thestatesman.com",
        "site_section": "https://www.thestatesman.com/india/pm-modis-policy-towards-china-meek-kharge-1503289977.html",
        "site_categories": [
            "media"
        ],
        "section_title": "PM Modi’s policy towards China ‘meek’: Kharge - The Statesman",
        "title": "Shah holds mega roadshows in Gujarat; to file nomination tomorrow - The Statesman",
        "title_full": "Shah holds mega roadshows in Gujarat; to file nomination tomorrow - The Statesman",
        "published": "2024-04-18T11:35:00.000+03:00",
        "replies_count": 0,
        "participants_count": 1,
        "site_type": "news",
        "country": "IN",
        "main_image": "https://www.thestatesman.com/wp-content/uploads/2024/04/Untitled-design-2024-04-18T190341.217.jpg",
        "performance_score": 0,
        "domain_rank": 14979,
        "domain_rank_updated": "2024-04-16T13:07:52.000+03:00",
        "reach": null,
        "social": {
            "facebook": {
                "likes": 0,
                "comments": 0,
                "shares": 0
            },
            "gplus": {
                "shares": 0
            },
            "pinterest": {
                "shares": 0
            },
            "linkedin": {
                "shares": 0
            },
            "stumbledupon": {
                "shares": 0
            },
            "vk": {
                "shares": 0
            }
        }
    },
    "uuid": "4ea83b71c0b95f7bb880b43061065f49d1e5918e",
    "url": "https://www.thestatesman.com/india/shah-holds-mega-roadshows-in-gujarat-to-file-nomination-tomorrow-1503291636.html",
    "ord_in_thread": 0,
    "parent_url": null,
    "author": "Statesman News Service",
    "published": "2024-04-18T11:35:00.000+03:00",
    "title": "Shah holds mega roadshows in Gujarat; to file nomination tomorrow - The Statesman",
    "text": "Ahead of the single-phase Lok Sabha polling in Gujarat on May 7, Union Home Minister Amit Shah on Thursday held mega roadshows in Ahmedabad and Gandhinagar.\nGujarat Chief Minister Bhupendra Patel accompanied Mr Shah in the Ahmedabad roadshow from Sardar Patel Chowk to K K Nagar.\nThe roadshows saw a sea of people and party workers walking along Mr Amit Shah’s open-roofed vehicle. While his vehicle received a huge flower shower from supporters, flowers were showered on the public from his vehicle too.\nMr Shah greeted people standing on both sides of the road to get a glimpse of the BJP leader. In the Gandhinagar roadshow, Mr Shah accepted a turban offered by his supporters and wore it. In Kalol, the roadshow was greeted by a huge crowd.\nSlogans of “Jai Shree Ram ” and “Bharat Mata ki Jai ” were also raised in the roadshow. One roadshow commenced at APMC Circle and ended at Nalsarovar Chowk. The Home Minister will file his nomination for the Gandhinagar Lok Sabha seat on Friday.\nThe Congress has pitted Sonal Patel from the Gandhinagar seat against Mr Shah, who is eyeing a second consecutive term. All 26 seats of Gujarat go to the polls in a single phase on 7 May.\nOne of the key seats for the BJP is Ahmedabad West. It is currently represented by BJP leader Kirit Premjibhai Solanki. This constituency came into existence after the delimitation in 2008.\nFrom Ahmedabad East constituency, the BJP has fielded Hasmukh Patel. The BJP whitewashed the Congress in the 2019 and 2014 general elections by winning all 26 constituencies in Gujarat, the home state of Prime Minister Narendra Modi.\nUnder Mr Shah’s leadership, the Union Home Ministry followed a firm stand on protecting the country and citizens from threats of terrorism and naxalism. There was a zero tolerance policy on terrorism.\nThe government enacted Bharatiya Nyay Sanhita to ensure security as well as justice delivery for citizens. The government enacted the Citizenship Amendment Act (CAA) and will implement it to confer citizenship to all eligible persons.",
    "highlightText": "",
    "highlightTitle": "",
    "highlightThreadTitle": "",
    "language": "english",
    "sentiment": "positive",
    "categories": [
        "Human Interest",
        "Politics"
    ],
    "external_links": [],
    "external_images": [],
    "entities": {
        "persons": [
            {
                "name": "amit shah",
                "sentiment": "negative"
            },
            {
                "name": "shah",
                "sentiment": "negative"
            },
            {
                "name": "k k nagar",
                "sentiment": "none"
            },
            {
                "name": "bharat mata ki jai",
                "sentiment": "none"
            },
            {
                "name": "sardar patel chowk",
                "sentiment": "none"
            },
            {
                "name": "mr shah",
                "sentiment": "none"
            },
            {
                "name": "jai shree",
                "sentiment": "none"
            },
            {
                "name": "bhupendra patel",
                "sentiment": "none"
            },
            {
                "name": "sonal patel",
                "sentiment": "none"
            }
        ],
        "organizations": [
            {
                "name": "lok sabha",
                "sentiment": "negative"
            },
            {
                "name": "congress",
                "sentiment": "none"
            },
            {
                "name": "bjp",
                "sentiment": "none"
            },
            {
                "name": "apmc circle",
                "sentiment": "none"
            }
        ],
        "locations": [
            {
                "name": "gujarat",
                "sentiment": "none"
            },
            {
                "name": "ahmedabad",
                "sentiment": "none"
            },
            {
                "name": "nalsarovar chowk",
                "sentiment": "none"
            },
            {
                "name": "gandhinagar lok sabha",
                "sentiment": "none"
            },
            {
                "name": "gandhinagar",
                "sentiment": "none"
            },
            {
                "name": "kalol",
                "sentiment": "none"
            }
        ]
    },
    "rating": null,
    "crawled": "2024-04-19T00:15:18.149+03:00",
    "updated": "2024-04-19T01:21:49.956+03:00"
}