{
    "thread": {
        "uuid": "b3766f5ea364859514a45b3665923aa82509f46c",
        "url": "https://www.prlog.org/13016899-embracing-peace-for-sustainable-world.html",
        "site_full": "www.prlog.org",
        "site": "prlog.org",
        "site_section": "https://prlog.org/news",
        "site_categories": [
            "non_standard_content"
        ],
        "section_title": "Latest News (Press Releases)",
        "title": "Embracing Peace for a Sustainable World -- Lake Worth Interfaith Conference | PRLog",
        "title_full": "Embracing Peace for a Sustainable World -- Lake Worth Interfaith Conference | PRLog",
        "published": "2024-04-18T03:00:00.000+03:00",
        "replies_count": 0,
        "participants_count": 1,
        "site_type": "news",
        "country": "US",
        "main_image": "https://dj5dehgem20mk.cloudfront.net/img/logo-2.png",
        "performance_score": 0,
        "domain_rank": 3528,
        "domain_rank_updated": "2024-04-16T13:07:52.000+03:00",
        "reach": null,
        "social": {
            "facebook": {
                "likes": 0,
                "comments": 0,
                "shares": 0
            },
            "gplus": {
                "shares": 0
            },
            "pinterest": {
                "shares": 0
            },
            "linkedin": {
                "shares": 0
            },
            "stumbledupon": {
                "shares": 0
            },
            "vk": {
                "shares": 0
            }
        }
    },
    "uuid": "b3766f5ea364859514a45b3665923aa82509f46c",
    "url": "https://www.prlog.org/13016899-embracing-peace-for-sustainable-world.html",
    "ord_in_thread": 0,
    "parent_url": null,
    "author": "Pollack Communications",
    "published": "2024-04-18T03:00:00.000+03:00",
    "title": "Embracing Peace for a Sustainable World -- Lake Worth Interfaith Conference | PRLog",
    "text": "News By Tag Industry News News By Location Country(s) |Th||We||Tu||Mo||Su||Sa||Fr| Embracing Peace for a Sustainable World Interactive Conference with Authors and Speakers Set for Saturday May 18 By: Lake Worth Interfaith Conference This event is a full day of learning, love, movement and meditation. The gathering will be held on Saturday, May 18, as a collaboration between the Lake Worth Interfaith Network, Jewish Temple Adath Or, and St. Andrews Episcopal Church. The goal is to foster deep awareness of the connections between inner and outer peace and the well-being of our planet. Highlights of the day include presentations by: Rabbi Marc Labowitz, Sheikh Ghassan Manasra and other Interfaith clergy, with each discussing paths to international peace initiatives. Dr. George Love will lead his unique blend of traditional Qigong with wholistic healing movement. Keynote speaker and leading oceanographer, John Englander will address the existential climate crisis, based on his best-selling books, \"High Tide on Main Street\", and \"Seeking Higher Ground\". Lunch will offer a ceremonial vegetarian meal, called Langar, presented by the Sikh Society of South Florida. The afternoon program will feature a Multi-Cultural Encounter Workshop with Sheikh Ghassan Manasra, International Director of Abrahamic Reunion. This nonprofit agency works \"on the ground\" in the Holy Land creating friendship and dialogue between Muslims, Christians and Jews. An \"All-In Drum Circle\" and various guided meditation venues will be available throughout the day. The final highlight of the Embracing Peace Day will be the dedication of a new \"Peace Pole\" on the St. Andrews Episcopal Church campus followed by a meditative, musical Christian Taize service in the sanctuary. Ticket proceeds will be donated to two nonprofits, Abrahamic Reunion, and Community Greening, a local charity planting trees while establishing community roots. For tickets, donations, and more information, please visit the Lake Worth Interfaith Network's (LWIN) website: Contact David Hall End |Tags||:||Industry||:||Location||:| Account Email Address Account Phone Number",
    "highlightText": "",
    "highlightTitle": "",
    "highlightThreadTitle": "",
    "language": "english",
    "sentiment": "positive",
    "categories": [
        "Religion and Belief",
        "Human Interest"
    ],
    "external_links": [],
    "external_images": [],
    "entities": {
        "persons": [
            {
                "name": "john englander",
                "sentiment": "none"
            },
            {
                "name": "george love",
                "sentiment": "none"
            },
            {
                "name": "marc labowitz",
                "sentiment": "none"
            },
            {
                "name": "ghassan manasra",
                "sentiment": "none"
            }
        ],
        "organizations": [
            {
                "name": "tag industry news news by place country",
                "sentiment": "negative"
            },
            {
                "name": "st. andrews episcopal church",
                "sentiment": "none"
            }
        ],
        "locations": [
            {
                "name": "lake worth interfaith network",
                "sentiment": "none"
            }
        ]
    },
    "rating": null,
    "crawled": "2024-04-19T00:09:57.504+03:00",
    "updated": "2024-04-19T02:20:18.647+03:00"
}