{
    "thread": {
        "uuid": "a72e2fd1a5bccffa83857955df837ca1a479719b",
        "url": "https://www.wsiltv.com/news/7th-annual-dancing-with-show-me-stars-to-help-area-residents-in-need-of-support/article_e921a48a-fda5-11ee-9ee7-7bf34ea0795a.html",
        "site_full": "www.wsiltv.com",
        "site": "wsiltv.com",
        "site_section": "http://www.wsiltv.com/search/?f=rss&t=article&c=news&l=50&s=start_time&sd=desc",
        "site_categories": [
            "politics",
            "media",
            "financial_news",
            "finance",
            "law_government_and_politics"
        ],
        "section_title": "www.wsiltv.com - RSS Results in news of type article",
        "title": "7th Annual Dancing With Show Me Stars to Help Area Residents in Need of Support | News | wsiltv.com",
        "title_full": "7th Annual Dancing With Show Me Stars to Help Area Residents in Need of Support | News | wsiltv.com",
        "published": "2024-04-18T03:00:00.000+03:00",
        "replies_count": 0,
        "participants_count": 1,
        "site_type": "news",
        "country": "US",
        "main_image": "https://bloximages.newyork1.vip.townnews.com/wsiltv.com/content/tncms/assets/v3/editorial/9/8f/98fed748-c959-5cc2-ad2b-95e329eef7f0/612411449653b.image.jpg?crop=1280%2C672%2C0%2C23&amp;resize=1200%2C630&amp;order=crop%2Cresize",
        "performance_score": 0,
        "domain_rank": 46831,
        "domain_rank_updated": "2024-04-16T13:07:56.000+03:00",
        "reach": null,
        "social": {
            "facebook": {
                "likes": 0,
                "comments": 0,
                "shares": 0
            },
            "gplus": {
                "shares": 0
            },
            "pinterest": {
                "shares": 0
            },
            "linkedin": {
                "shares": 0
            },
            "stumbledupon": {
                "shares": 0
            },
            "vk": {
                "shares": 0
            }
        }
    },
    "uuid": "a72e2fd1a5bccffa83857955df837ca1a479719b",
    "url": "https://www.wsiltv.com/news/7th-annual-dancing-with-show-me-stars-to-help-area-residents-in-need-of-support/article_e921a48a-fda5-11ee-9ee7-7bf34ea0795a.html",
    "ord_in_thread": 0,
    "parent_url": null,
    "author": ": Mike Mohundro",
    "published": "2024-04-18T03:00:00.000+03:00",
    "title": "7th Annual Dancing With Show Me Stars to Help Area Residents in Need of Support | News | wsiltv.com",
    "text": "CAPE GIRARDEAU, Mo. -- Community Partnership of Southeast Missouri is hosting their 7th annual Dancing With Show Me Stars event this summer.\nThis glamourous red carpet-Hollywood type event will promise a memorable evening with fun for all.\nRoughly a dozen people will take the stage and show off their dance moves in front of a packed Show-Me-Center venue.\nEach dancer is looking to raise donations before and during the event.\nProceeds from the night will go towards programs with the Community Partnership of Southeast Missouri which then will help local individuals and families in need of support.\nBelow is a list of dancers...\nKevin Beard Alan & Christie Schoen Andi Evans Joseph Cubria Farris Liz Haynes Mackenzie & Saylor Mia Pohlman Michelle McIntosh Stephen Schott The event will take place on June 29, 2024, from 6 p.m. - 10 p.m. at the Show-Me-Center at 1333 N. Sprigg Street in Cape Girardeau. After Party runs from 10 p.m. - 12 a.m.\nDownload the free WSIL News and Weather apps for the latest stories and alerts sent straight to your mobile device. You may also see us on YouTube for the latest videos.",
    "highlightText": "",
    "highlightTitle": "",
    "highlightThreadTitle": "",
    "language": "english",
    "sentiment": "positive",
    "categories": [
        "Human Interest"
    ],
    "external_links": [
        "https://community-partnership-of-southeast-missouri.snwbll.com/stephanie-ogle",
        "https://www.cpsemo.org/dwsms",
        "https://community-partnership-of-southeast-missouri.snwbll.com/mia-pohlman",
        "https://community-partnership-of-southeast-missouri.snwbll.com/joseph-cubria",
        "https://community-partnership-of-southeast-missouri.snwbll.com/michelle-mcintosh",
        "https://community-partnership-of-southeast-missouri.snwbll.com/stephen-schott",
        "https://community-partnership-of-southeast-missouri.snwbll.com/saylor-mackenzie",
        "https://www.youtube.com/channel/UC_lz6fyCo2DaYbT86rVXwrw",
        "https://community-partnership-of-southeast-missouri.snwbll.com/alan-christie-schoen",
        "https://community-partnership-of-southeast-missouri.snwbll.com/andi-evans",
        "https://bisaillonryley.wixsite.com/kevinbeard",
        "https://www.community-partnership-of-southeast-missouri.snwbll.com/alan-christie-schoen",
        "https://www.community-partnership-of-southeast-missouri.snwbll.com/michelle-mcintosh",
        "https://youtube.com/channel/UC_lz6fyCo2DaYbT86rVXwrw",
        "https://www.community-partnership-of-southeast-missouri.snwbll.com/stephen-schott",
        "https://www.community-partnership-of-southeast-missouri.snwbll.com/saylor-mackenzie",
        "https://www.community-partnership-of-southeast-missouri.snwbll.com/mia-pohlman",
        "https://www.bisaillonryley.wixsite.com/kevinbeard",
        "https://www.community-partnership-of-southeast-missouri.snwbll.com/andi-evans",
        "https://www.community-partnership-of-southeast-missouri.snwbll.com/stephanie-ogle",
        "https://www.community-partnership-of-southeast-missouri.snwbll.com/joseph-cubria",
        "https://cpsemo.org/dwsms"
    ],
    "external_images": [],
    "entities": {
        "persons": [
            {
                "name": "danci",
                "sentiment": "negative"
            },
            {
                "name": "stephen schott",
                "sentiment": "none"
            }
        ],
        "organizations": [
            {
                "name": "community partnership of southeast missouri",
                "sentiment": "none"
            }
        ],
        "locations": [
            {
                "name": "southeast missouri",
                "sentiment": "none"
            },
            {
                "name": "cape girardeau",
                "sentiment": "none"
            },
            {
                "name": "mo.",
                "sentiment": "none"
            },
            {
                "name": "hollywood",
                "sentiment": "none"
            },
            {
                "name": "cape girardeau",
                "sentiment": "none"
            },
            {
                "name": "n. sprigg street",
                "sentiment": "none"
            }
        ]
    },
    "rating": null,
    "crawled": "2024-04-19T00:21:18.029+03:00",
    "updated": "2024-04-19T00:21:18.029+03:00"
}