{
    "thread": {
        "uuid": "da5b54f84609e8e39dcf0918ebfc2f060e747ccb",
        "url": "https://www.ncesc.com/geographic-faq/is-santiago-family-friendly",
        "site_full": "www.ncesc.com",
        "site": "ncesc.com",
        "site_section": "https://www.ncesc.com/geographic-faq/feed/",
        "site_categories": [],
        "section_title": "Geographic FAQ Hub: Answers to Your Global Questions",
        "title": "Is Santiago family friendly?",
        "title_full": "Is Santiago family friendly?",
        "published": "2024-04-19T00:09:00.000+03:00",
        "replies_count": 0,
        "participants_count": 1,
        "site_type": "news",
        "country": "US",
        "main_image": "https://www.ncesc.com/geographic-faq/wp-content/uploads/2024/01/geographic-faq.png",
        "performance_score": 0,
        "domain_rank": 42728,
        "domain_rank_updated": "2024-04-16T13:07:56.000+03:00",
        "reach": null,
        "social": {
            "facebook": {
                "likes": 0,
                "comments": 0,
                "shares": 0
            },
            "gplus": {
                "shares": 0
            },
            "pinterest": {
                "shares": 0
            },
            "linkedin": {
                "shares": 0
            },
            "stumbledupon": {
                "shares": 0
            },
            "vk": {
                "shares": 0
            }
        }
    },
    "uuid": "da5b54f84609e8e39dcf0918ebfc2f060e747ccb",
    "url": "https://www.ncesc.com/geographic-faq/is-santiago-family-friendly",
    "ord_in_thread": 0,
    "parent_url": null,
    "author": "Mildred Daily",
    "published": "2024-04-19T00:09:00.000+03:00",
    "title": "Is Santiago family friendly?",
    "text": "Is Santiago family friendly?\nSantiago is a city in Chile that is known for its family-friendly atmosphere. There are plenty of activities and attractions in Santiago that cater to families, making it an ideal destination for a family vacation. Here are answers to some common questions about visiting Santiago with kids:\n1. Kids are welcome wherever you go in Santiago but that said, are there any neighborhoods that are particularly family-friendly?\nSantiago has several neighborhoods that are known for being family-friendly. One popular neighborhood to check out is Barrio Italia, which is known for its thriving food scene and local designer scene. It is a safe and welcoming neighborhood for families to explore.\n2. Is Santiago Chile safe for kids?\nChile, including Santiago, is considered a safe destination for kids and families. The society in Chile values strong family bonds, and multigenerational trips are common among domestic tourists. However, it is always important to take normal safety precautions and be aware of your surroundings.\n3. Is Santiago or Buenos Aires better for families?\nBoth Santiago and Buenos Aires offer unique experiences for families, so the choice depends on your preferences. Santiago is known for its incredible mountain views, fascinating museums, trendy neighborhoods, and markets, which can be enjoyed by the whole family. Buenos Aires, on the other hand, has a vibrant city life, cultural heritage, and varied architecture that may also appeal to families.\n4. Is it safe to walk around Santiago Chile with kids?\nWhile Santiago is generally considered safe, it is important to be cautious, especially when walking around with kids. Petty theft and pickpocketing can occur, so it is advisable to not show off valuable items and to stay in well-lit and crowded areas.\n5. Is it safe to walk in Santiago Chile at night with kids?\nSantiago is generally considered safe for walking, especially in touristy areas and during the day. However, it is always important to exercise caution at night and stay in well-lit and crowded areas. Street crime such as muggings and pickpocketing is unusual but can still happen, so it is best to be vigilant and take necessary precautions.\n6. Can you wear shorts in Santiago?\nSantiago has a warm and dry climate, particularly during the summer months. It is perfectly acceptable to wear shorts in Santiago, especially during the hot and sunny days. Just make sure to dress comfortably and consider the weather conditions when planning your outfits.\n7. Do people speak English in Santiago Chile?\nEnglish is commonly spoken in major cities in Chile, including Santiago. However, it is always polite to ask if an individual speaks English as not everyone may be fluent. Chilean youth in particular like to practice their English with foreigners, so knowing a few basic Spanish phrases can also be helpful.\n8. Is Santiago expensive to visit?\nSantiago is generally considered an affordable city for visitors. It has a lower cost of living compared to many other major cities in the world. However, the cost of living can vary depending on your lifestyle and the neighborhoods you choose to visit or stay in. Overall, it is possible to have an enjoyable visit to Santiago without breaking the bank.\n9. Is Chile cheap to visit?\nChile is generally considered an expensive country to visit, especially compared to other countries in South America. However, there are ways to save money and make your visit more budget-friendly. Planning in advance, opting for local transportation and accommodations, and dining at local eateries can help reduce costs.\n10. Is Patagonia better in Chile or Argentina for families?\nBoth Chilean and Argentine Patagonia offer unique experiences for families. The choice depends on your preferences and the activities you are interested in. Argentine Patagonia is larger and offers more places to visit, while Chilean Patagonia may be smaller but provides easier accessibility to the best attractions. Both options have stunning landscapes and outdoor adventures that can be enjoyed by the whole family.\n11. Do Chile and Argentina get along?\nChile and Argentina have historically had complex relations but have never engaged in a war against each other. In recent years, relations between the two countries have improved, and they have followed different economic policies. Traveling between Chile and Argentina is relatively easy, and both countries welcome tourists from around the world.\n12. Is Santiago cheaper than Buenos Aires for families?\nThe cost of living in Santiago is generally considered to be lower than in Buenos Aires. However, the cost of traveling and visiting attractions can vary depending on your specific plans and preferences. It is advisable to research and compare the costs of accommodation, transportation, and activities in both cities to determine which option is more budget-friendly for your family.\n13. Is Chile family friendly?\nChile is a family-friendly destination with plenty of activities and attractions that cater to different age groups. The country offers diverse landscapes, including mountains, oceans, deserts, forests, and cities, providing options for all interests. Many programs and tours in Chile are designed or can be customized to offer something for everyone in the family.\n14. What is Chile famous for for kids?\nChile is known for its rich biodiversity and unique wildlife, making it an exciting destination for kids. Some highlights include spotting animals like pumas, alpacas, vicunas, foxes, condors, and flamingos in the diverse landscapes of Chile. Chile’s Atacama Desert is also a fascinating place for kids to explore, with reptiles and cacti being some of the unique species found there. Additionally, Chile’s rich copper reserves can offer educational insights into the country’s history and natural resources.\n15. Why is Santiago Chile so expensive?\nSeveral factors contribute to the relatively higher cost of living in Santiago. Limited supply of goods and services, a relatively free market with minimal subsidies, a burgeoning middle class, and other economic factors all contribute to the higher overall costs. However, with careful planning and budgeting, it is still possible to have an enjoyable visit to Santiago without breaking the bank.\n16. What is the best month to visit Santiago Chile for families?\nThe best time to visit Santiago with your family is during the spring or fall shoulder seasons, which are from September to November or from March to May. During these months, the weather is generally pleasant, offering comfortable temperatures for outdoor activities. It is advisable to check the specific weather conditions and plan accordingly for your family’s visit.\n17. Is food cheap in Santiago Chile?\nThe cost of food in Santiago can vary depending on the type of establishment you visit. In general, you can expect to pay a range of prices for meals at different restaurants. Mid-range restaurants in Santiago may cost anywhere from $10 to $30 USD per person. Fine dining restaurants",
    "highlightText": "",
    "highlightTitle": "",
    "highlightThreadTitle": "",
    "language": "english",
    "sentiment": "positive",
    "categories": [
        "Lifestyle and Leisure",
        "Human Interest"
    ],
    "external_links": [],
    "external_images": [],
    "entities": {
        "persons": [],
        "organizations": [
            {
                "name": "barrio italia",
                "sentiment": "none"
            }
        ],
        "locations": [
            {
                "name": "santiago",
                "sentiment": "none"
            },
            {
                "name": "chile",
                "sentiment": "none"
            },
            {
                "name": "santiago chile",
                "sentiment": "none"
            },
            {
                "name": "buenos aires",
                "sentiment": "none"
            }
        ]
    },
    "rating": null,
    "crawled": "2024-04-19T00:13:43.723+03:00",
    "updated": "2024-04-19T00:13:43.723+03:00"
}