{
    "thread": {
        "uuid": "398d964c2d912196ae8a41e5a62282b62a94b4d8",
        "url": "https://articlescad.com/the-perfect-marriage-proposal-in-dubai-crafting-unforgettable-moments-with-dubai-proposal-planners-79290.html",
        "site_full": "articlescad.com",
        "site": "articlescad.com",
        "site_section": "https://articlescad.com",
        "site_categories": [],
        "section_title": "Articles - Articles Directory - Submit articles",
        "title": "The Perfect Marriage Proposal in Dubai: Crafting Unforgettable Moments with Dubai Proposal Planners",
        "title_full": "The Perfect Marriage Proposal in Dubai: Crafting Unforgettable Moments with Dubai Proposal Planners",
        "published": "2024-04-19T00:36:42.000+03:00",
        "replies_count": 0,
        "participants_count": 0,
        "site_type": "news",
        "country": "PH",
        "main_image": "",
        "performance_score": 0,
        "domain_rank": 33362,
        "domain_rank_updated": "2024-04-16T13:07:52.000+03:00",
        "reach": null,
        "social": {
            "facebook": {
                "likes": 0,
                "comments": 0,
                "shares": 0
            },
            "gplus": {
                "shares": 0
            },
            "pinterest": {
                "shares": 0
            },
            "linkedin": {
                "shares": 0
            },
            "stumbledupon": {
                "shares": 0
            },
            "vk": {
                "shares": 0
            }
        }
    },
    "uuid": "398d964c2d912196ae8a41e5a62282b62a94b4d8",
    "url": "https://articlescad.com/the-perfect-marriage-proposal-in-dubai-crafting-unforgettable-moments-with-dubai-proposal-planners-79290.html",
    "ord_in_thread": 0,
    "parent_url": null,
    "author": null,
    "published": "2024-04-19T00:36:42.000+03:00",
    "title": "The Perfect Marriage Proposal in Dubai: Crafting Unforgettable Moments with Dubai Proposal Planners",
    "text": "The Perfect Marriage Proposal in Dubai: Crafting Unforgettable Moments with Dubai Proposal Planners Author : Emotions Events | Published On : 19 Apr 2024 Dubai, with its breathtaking skyline and luxurious ambiance, has become a dream destination for couples seeking the perfect backdrop for their marriage proposal. Amidst the glitz and glamour of this vibrant city, the services of [Dubai proposal planners](https://emotionsevents.net/) have emerged as indispensable for those aiming to orchestrate a memorable moment that will be cherished forever. The Allure of Dubai for Marriage Proposals: Dubai's iconic landmarks such as the Burj Khalifa, Palm Jumeirah, and the Dubai Fountain offer enchanting settings for popping the question. The city's opulent hotels, pristine beaches, and desert landscapes provide a myriad of options for couples envisioning a unique and romantic proposal experience. Why Choose Dubai Proposal Planners: Dubai proposal planners specialize in turning romantic visions into reality. From arranging private dinners under the stars to organizing elaborate yacht proposals against the backdrop of the Arabian Gulf, these experts handle every detail with precision and creativity. Their extensive network of vendors ensures access to exclusive venues and services, guaranteeing a proposal that exceeds expectations. Customizing Your Proposal Experience: With Dubai proposal planners, couples have the freedom to customize every aspect of their proposal. Whether it's incorporating cultural elements, arranging surprise performances, or adding personalized touches, these professionals work closely with clients to bring their vision to life. From intimate affairs to grand gestures, the possibilities are endless. Ensuring a Stress-Free Experience: Planning a proposal can be overwhelming, especially in a bustling city like Dubai. Proposal planners alleviate the stress by managing logistics, securing permits, and coordinating with vendors, allowing couples to focus on savoring the moment without worrying about the details. The Importance of Professional Assistance: While some may attempt to plan a proposal independently, enlisting the services of Dubai proposal planners ensures a flawless execution and unforgettable experience. Their expertise in crafting romantic narratives and their attention to detail elevate ordinary proposals into extraordinary moments that will be cherished for a lifetime. Conclusion: In a city synonymous with luxury and romance, a [marriage proposal in Dubai](https://emotionsevents.net/dubai-marriage-proposal-planning/) becomes an unforgettable chapter in one's love story. With the assistance of Dubai proposal planners, couples can transform their dreams into reality, creating memories that will last a lifetime. To discover more, head to our website.",
    "highlightText": "",
    "highlightTitle": "",
    "highlightThreadTitle": "",
    "language": "english",
    "sentiment": "positive",
    "categories": [
        "Lifestyle and Leisure",
        "Human Interest"
    ],
    "external_links": [
        "https://emotionsevents.net/dubai-marriage-proposal-planning/)",
        "https://emotionsevents.net/)",
        "https://www.emotionsevents.net/)",
        "https://www.emotionsevents.net/dubai-marriage-proposal-planning/)"
    ],
    "external_images": [],
    "entities": {
        "persons": [],
        "organizations": [
            {
                "name": "dubai fountain",
                "sentiment": "none"
            }
        ],
        "locations": [
            {
                "name": "dubai",
                "sentiment": "none"
            },
            {
                "name": "burj khalifa",
                "sentiment": "none"
            },
            {
                "name": "palm jumeirah",
                "sentiment": "none"
            }
        ]
    },
    "rating": null,
    "crawled": "2024-04-19T00:36:42.628+03:00",
    "updated": "2024-04-19T00:36:42.628+03:00"
}