{
    "thread": {
        "uuid": "485d73609434858880d6a91d6577bfc259ca5c9e",
        "url": "https://caras.perfil.com/noticias/celebridades/roberto-garcia-moritan-revelo-la-verdad-de-como-logro-conquistar-a-pampita.phtml",
        "site_full": "caras.perfil.com",
        "site": "perfil.com",
        "site_section": "https://caras.perfil.com/feed",
        "site_categories": [
            "media",
            "top_news"
        ],
        "section_title": "Caras",
        "title": "Roberto García Moritán reveló la verdad de cómo logró conquistar a Pampita: \"Vi que iba a suceder\" | Caras",
        "title_full": "Roberto García Moritán reveló la verdad de cómo logró conquistar a Pampita: \"Vi que iba a suceder\" | Caras",
        "published": "2024-04-18T23:20:00.000+03:00",
        "replies_count": 0,
        "participants_count": 1,
        "site_type": "news",
        "country": "AR",
        "main_image": "https://fotos.perfil.com/2024/04/18/trim/1140/641/la-forma-en-que-roberto-garcia-moritan-logro-conquistar-a-pampita-1787919.jpg",
        "performance_score": 0,
        "domain_rank": 9104,
        "domain_rank_updated": "2024-04-16T13:07:52.000+03:00",
        "reach": null,
        "social": {
            "facebook": {
                "likes": 0,
                "comments": 0,
                "shares": 1
            },
            "gplus": {
                "shares": 0
            },
            "pinterest": {
                "shares": 0
            },
            "linkedin": {
                "shares": 0
            },
            "stumbledupon": {
                "shares": 0
            },
            "vk": {
                "shares": 0
            }
        }
    },
    "uuid": "485d73609434858880d6a91d6577bfc259ca5c9e",
    "url": "https://caras.perfil.com/noticias/celebridades/roberto-garcia-moritan-revelo-la-verdad-de-como-logro-conquistar-a-pampita.phtml",
    "ord_in_thread": 0,
    "parent_url": null,
    "author": "@caras",
    "published": "2024-04-18T23:20:00.000+03:00",
    "title": "Roberto García Moritán reveló la verdad de cómo logró conquistar a Pampita: \"Vi que iba a suceder\" | Caras",
    "text": "La historia de amor entre Pampita y Roberto García Moritán es un romance que sigue encantando a sus seguidores, y ahora, el empresario habló sobre el pasado para revelar cómo conquistó el corazón de la modelo.\nA más de cuatro años de su matrimonio, García Moritán compartió detalles íntimos sobre los inicios de su relación y cómo logró ganarse el amor de Pampita.\nLa forma en que Roberto García Moritán logró conquistar a Pampita Durante una entrevista en el programa de streaming Rumis, Roberto fue interrogado sobre cómo encaró a Pampita , a lo que respondió con humor y sinceridad. \"Con un alto grado de inconsciencia. Pero la vi, que iba a suceder\", confesó el empresario, dejando en claro que desde el principio había una conexión especial entre ellos.\nGarcía Moritán también reveló el momento clave en el que comenzaron a hablar, coincidiendo con un viaje que cada uno tenía planeado . \"Estábamos en el momento justo donde los dos queríamos este tipo de relación, transparente, verdadera, con proyectos de familia\" , destacó el empresario, subrayando la importancia de la sincronización en sus vidas.\nAdemás, Roberto compartió detalles sobre sus primeras conversaciones, incluyendo el intercambio de mensajes mientras él estaba en un evento gastronómico en Perú y Pampita de vacaciones en España con sus hijos. \"Le mandé fotos de comidas, cualquier cosa . Ella me reconoció que era cualquiera y no entendía a dónde iba eso\", r ecordó Moritán , entre risas.\nEl empresario también recordó un episodio divertido durante su noviazgo, cuando una foto juntos se filtró en las redes sociales. \"Era un juego entre los dos, desafiándonos y coqueteando con la adrenalina de mandar una foto provocadora, se nos escapó\", confesó Roberto.\nAna García Moritán y Sarah Burlando y su primera producción de fotos juntas",
    "highlightText": "",
    "highlightTitle": "",
    "highlightThreadTitle": "",
    "language": "spanish",
    "sentiment": "positive",
    "categories": [
        "Human Interest",
        "Arts, Culture and Entertainment",
        "Lifestyle and Leisure"
    ],
    "external_links": [
        "https://www.instagram.com/robergmoritan/",
        "https://rudo.video/vod/bRX8te?volume=0",
        "https://www.instagram.com/robergmoritan",
        "https://rudo.video/vod/bRX8te",
        "https://instagram.com/robergmoritan/",
        "https://www.rudo.video/vod/bRX8te?volume=0"
    ],
    "external_images": [],
    "entities": {
        "persons": [],
        "organizations": [],
        "locations": []
    },
    "rating": null,
    "crawled": "2024-04-19T00:06:26.573+03:00",
    "updated": "2024-04-19T01:49:04.829+03:00"
}