{
    "thread": {
        "uuid": "60d256805ea40fd1dcad8abd65c018c4ccf9f913",
        "url": "https://www.parismatch.com/culture/spectacles/au-theatre-fanny-ardant-amoureuse-majeure-236647",
        "site_full": "www.parismatch.com",
        "site": "parismatch.com",
        "site_section": "https://www.parismatch.com",
        "site_categories": [
            "media",
            "top_news"
        ],
        "section_title": "\n                                                Paris Match\n                                    ",
        "title": "Au théâtre, Fanny Ardant amoureuse majeure",
        "title_full": "Au théâtre, Fanny Ardant amoureuse majeure",
        "published": "2024-04-18T23:22:00.000+03:00",
        "replies_count": 0,
        "participants_count": 1,
        "site_type": "news",
        "country": "FR",
        "main_image": "https://www.parismatch.com/lmnr/var/pm/public/media/image/2024/04/18/20/20240415fannyardantemiliebemb_5476selec.jpg?VersionId=wdHJRluaTKq6cK0lgEo74Qg5ko0z8eDf",
        "performance_score": 0,
        "domain_rank": 7071,
        "domain_rank_updated": "2024-04-16T13:07:52.000+03:00",
        "reach": null,
        "social": {
            "facebook": {
                "likes": 0,
                "comments": 0,
                "shares": 0
            },
            "gplus": {
                "shares": 0
            },
            "pinterest": {
                "shares": 0
            },
            "linkedin": {
                "shares": 0
            },
            "stumbledupon": {
                "shares": 0
            },
            "vk": {
                "shares": 0
            }
        }
    },
    "uuid": "60d256805ea40fd1dcad8abd65c018c4ccf9f913",
    "url": "https://www.parismatch.com/culture/spectacles/au-theatre-fanny-ardant-amoureuse-majeure-236647",
    "ord_in_thread": 0,
    "parent_url": null,
    "author": "Benjamin Locoge",
    "published": "2024-04-18T23:22:00.000+03:00",
    "title": "Au théâtre, Fanny Ardant amoureuse majeure",
    "text": "Facebook Email Whatsapp Twitter Benjamin Locoge 18/04/2024 à 21:22 , Mis à jour le 19/04/2024 à 09:59 Article réservé aux abonnés De retour sur les planches après quatre ans d’absence, la comédienne impressionne en femme dévorée par la passion.\nC’est un pari fou dans lequel Fanny Ardant s’est lancée : jouer l’adaptation du roman fleuve de Laurence Plazenet, « La blessure et la soif », récit épique de près de 600 pages, racontant le destin de deux hommes du XVIIe siècle, en quête d’amour absolu.\nPublicité La suite après cette publicité À lire aussi Fanny Ardant : \"J’aime les outsiders, ils sont notre oxygène\"\nMais c’est seule en scène que Fanny Ardant se présente au studio Marigny, dans une pénombre de mauvais augure. Catherine Schaub à la mise en scène a pris le parti de se concentrer sur l’histoire qui lie passionnément madame de Clermont à monsieur de La Tour.\nPendant 90 minutes, Fanny Ardant nous emmène dans les tourments de la passion folle, dévorante. Elle est une femme mariée de force à 15 ans, mère de quatre enfants, qui quinze ans après sa noce, s’éprend d’un cavalier blessé, neveu de son époux. Elle pâlit à sa vue, refuse de se laisser happer par ses sentiments. Mais rien n’y fera. Un amour fou, inoubliable venait de la saisir, et la hantera pour le reste de ses jours.\nDans une partition parfaite pour elle, Fanny Ardant impressionne encore. À 75 ans, elle plonge dans ses propres tréfonds pour mieux faire sentir aux spectateurs les papillons qui dévorent son for intérieur, cet amour insatiable, qui brûle et qui occupe chaque pore de sa peau. Il lui suffit d’un geste pour montrer son trouble, d’un regard pour évoquer son angoisse face à l’infidélité.\nÉvidemment la passion va consumer les deux êtres, les éloigner l’un de l’autre, pour mieux les réunir dans un dernier souffle. Ardant s’amuse à évoquer le pouvoir de sa voix, toujours aussi reconnaissable, toujours aussi séduisante. Que devient celle qui a perdu celui qu’elle aimait plus que les autres ? Peut-on un jour oublier le désir, l’intensité d’une relation aussi destructrice soit-elle ? Fanny Ardant répond ici à ses questions avec une lucidité éclairante.\nLa suite après cette publicité À lire aussi Dans les archives de Match - Fanny Ardant, son premier rendez-vous avec Match\n\"La blessure et la soif\", actuellement au Studio Marigny. © DR La suite de cet article est réservée aux abonnés.\nAbonnez-vous et accédez à l'intégralité de nos contenus Je m'abonne Me connecter OU Publicité Contenus sponsorisés Personnalités Fanny Ardant Sur le même sujet Spectacles « La blessure et la soif » : Fanny Ardant amoureuse majeure au théâtre\nCinéma César de la meilleure actrice : toutes les lauréates depuis 1976\nPeople Fanny Ardant défend Gérard Depardieu et dénonce une « mise à mort »\nSpectacles Fanny Ardant toujours ardente au festival Pierre Cardin de Lacoste\nPeople Aux César, Monica Bellucci éblouissante de beauté face à Laetitia Casta, Leïla Bekhti...\nPeople Virginie Efira fait sensation au dîner des nommés aux César, face à Louis Garrel\nRoyal Blog Albert et Caroline, joyeuse réunion de famille au Bal de la Rose, Janet Jackson de la partie\nPublicité Publicité",
    "highlightText": "",
    "highlightTitle": "",
    "highlightThreadTitle": "",
    "language": "french",
    "sentiment": "positive",
    "categories": [
        "Lifestyle and Leisure",
        "Human Interest",
        "Arts, Culture and Entertainment"
    ],
    "external_links": [
        "https://resize-parismatch.lanmedia.fr/f/webp/r/560,,forcex/img/var/pm/public/media/image/2024/04/18/21/40x60-la-blessure-683x1024.jpeg?VersionId=KZbaHQEVG.Qp7sIakk.SV_zb7V2NxRrP,",
        "https://twitter.com/intent/tweet?text=Au%20th%C3%A9%C3%A2tre%2C%20Fanny%20Ardant%20amoureuse%20majeure&url=https%3A%2F%2Fwww.parismatch.com%2Fculture%2Fspectacles%2Fau-theatre-fanny-ardant-amoureuse-majeure-236647&via=ParisMatch",
        "https://resize-parismatch.lanmedia.fr/f/webp/r/375,,forcex/img/var/pm/public/media/image/2024/04/18/21/40x60-la-blessure-683x1024.jpeg?VersionId=KZbaHQEVG.Qp7sIakk.SV_zb7V2NxRrP,",
        "https://resize-parismatch.lanmedia.fr/f/webp/r/562,,forcex/img/var/pm/public/media/image/2024/04/18/21/40x60-la-blessure-683x1024.jpeg?VersionId=KZbaHQEVG.Qp7sIakk.SV_zb7V2NxRrP",
        "https://resize-parismatch.lanmedia.fr/f/webp/r/1128,,forcex/img/var/pm/public/media/image/2024/04/18/21/40x60-la-blessure-683x1024.jpeg?VersionId=KZbaHQEVG.Qp7sIakk.SV_zb7V2NxRrP",
        "https://www.facebook.com/sharer/sharer.php?u=https%3A%2F%2Fwww.parismatch.com%2Fculture%2Fspectacles%2Fau-theatre-fanny-ardant-amoureuse-majeure-236647",
        "https://resize-parismatch.lanmedia.fr/f/webp/r/632,,forcex/img/var/pm/public/media/image/2024/04/18/21/40x60-la-blessure-683x1024.jpeg?VersionId=KZbaHQEVG.Qp7sIakk.SV_zb7V2NxRrP,",
        "https://www.twitter.com/@BenjaminLocoge",
        "https://resize-parismatch.lanmedia.fr/r/375,,forcex/img/var/pm/public/media/image/2024/04/18/21/40x60-la-blessure-683x1024.jpeg?VersionId=KZbaHQEVG.Qp7sIakk.SV_zb7V2NxRrP",
        "https://resize-parismatch.lanmedia.fr/f/webp/r/948,,forcex/img/var/pm/public/media/image/2024/04/18/21/40x60-la-blessure-683x1024.jpeg?VersionId=KZbaHQEVG.Qp7sIakk.SV_zb7V2NxRrP",
        "https://resize-parismatch.lanmedia.fr/f/webp/r/752,,forcex/img/var/pm/public/media/image/2024/04/18/21/40x60-la-blessure-683x1024.jpeg?VersionId=KZbaHQEVG.Qp7sIakk.SV_zb7V2NxRrP,",
        "https://resize-parismatch.lanmedia.fr/f/webp/r/840,,forcex/img/var/pm/public/media/image/2024/04/18/21/40x60-la-blessure-683x1024.jpeg?VersionId=KZbaHQEVG.Qp7sIakk.SV_zb7V2NxRrP",
        "https://twitter.com/@BenjaminLocoge",
        "https://resize-parismatch.lanmedia.fr/f/webp/r/1128,,forcex/img/var/pm/public/media/image/2024/04/18/21/40x60-la-blessure-683x1024.jpeg",
        "https://www.resize-parismatch.lanmedia.fr/f/webp/r/375,,forcex/img/var/pm/public/media/image/2024/04/18/21/40x60-la-blessure-683x1024.jpeg?VersionId=KZbaHQEVG.Qp7sIakk.SV_zb7V2NxRrP,",
        "https://www.resize-parismatch.lanmedia.fr/f/webp/r/1128,,forcex/img/var/pm/public/media/image/2024/04/18/21/40x60-la-blessure-683x1024.jpeg?VersionId=KZbaHQEVG.Qp7sIakk.SV_zb7V2NxRrP",
        "https://resize-parismatch.lanmedia.fr/f/webp/r/632,,forcex/img/var/pm/public/media/image/2024/04/18/21/40x60-la-blessure-683x1024.jpeg",
        "https://resize-parismatch.lanmedia.fr/f/webp/r/562,,forcex/img/var/pm/public/media/image/2024/04/18/21/40x60-la-blessure-683x1024.jpeg",
        "https://www.resize-parismatch.lanmedia.fr/f/webp/r/560,,forcex/img/var/pm/public/media/image/2024/04/18/21/40x60-la-blessure-683x1024.jpeg?VersionId=KZbaHQEVG.Qp7sIakk.SV_zb7V2NxRrP,",
        "https://resize-parismatch.lanmedia.fr/r/375,,forcex/img/var/pm/public/media/image/2024/04/18/21/40x60-la-blessure-683x1024.jpeg",
        "https://www.resize-parismatch.lanmedia.fr/r/375,,forcex/img/var/pm/public/media/image/2024/04/18/21/40x60-la-blessure-683x1024.jpeg?VersionId=KZbaHQEVG.Qp7sIakk.SV_zb7V2NxRrP",
        "https://resize-parismatch.lanmedia.fr/f/webp/r/560,,forcex/img/var/pm/public/media/image/2024/04/18/21/40x60-la-blessure-683x1024.jpeg",
        "https://resize-parismatch.lanmedia.fr/f/webp/r/752,,forcex/img/var/pm/public/media/image/2024/04/18/21/40x60-la-blessure-683x1024.jpeg",
        "https://www.resize-parismatch.lanmedia.fr/f/webp/r/840,,forcex/img/var/pm/public/media/image/2024/04/18/21/40x60-la-blessure-683x1024.jpeg?VersionId=KZbaHQEVG.Qp7sIakk.SV_zb7V2NxRrP",
        "https://resize-parismatch.lanmedia.fr/f/webp/r/375,,forcex/img/var/pm/public/media/image/2024/04/18/21/40x60-la-blessure-683x1024.jpeg",
        "https://www.resize-parismatch.lanmedia.fr/f/webp/r/752,,forcex/img/var/pm/public/media/image/2024/04/18/21/40x60-la-blessure-683x1024.jpeg?VersionId=KZbaHQEVG.Qp7sIakk.SV_zb7V2NxRrP,",
        "https://www.resize-parismatch.lanmedia.fr/f/webp/r/632,,forcex/img/var/pm/public/media/image/2024/04/18/21/40x60-la-blessure-683x1024.jpeg?VersionId=KZbaHQEVG.Qp7sIakk.SV_zb7V2NxRrP,",
        "https://twitter.com/intent/tweet",
        "https://www.twitter.com/intent/tweet?text=Au%20th%C3%A9%C3%A2tre%2C%20Fanny%20Ardant%20amoureuse%20majeure&url=https%3A%2F%2Fwww.parismatch.com%2Fculture%2Fspectacles%2Fau-theatre-fanny-ardant-amoureuse-majeure-236647&via=ParisMatch",
        "https://www.facebook.com/sharer/sharer.php",
        "https://facebook.com/sharer/sharer.php?u=https%3A%2F%2Fwww.parismatch.com%2Fculture%2Fspectacles%2Fau-theatre-fanny-ardant-amoureuse-majeure-236647",
        "https://www.resize-parismatch.lanmedia.fr/f/webp/r/948,,forcex/img/var/pm/public/media/image/2024/04/18/21/40x60-la-blessure-683x1024.jpeg?VersionId=KZbaHQEVG.Qp7sIakk.SV_zb7V2NxRrP",
        "https://resize-parismatch.lanmedia.fr/f/webp/r/948,,forcex/img/var/pm/public/media/image/2024/04/18/21/40x60-la-blessure-683x1024.jpeg",
        "https://resize-parismatch.lanmedia.fr/f/webp/r/840,,forcex/img/var/pm/public/media/image/2024/04/18/21/40x60-la-blessure-683x1024.jpeg",
        "https://www.resize-parismatch.lanmedia.fr/f/webp/r/562,,forcex/img/var/pm/public/media/image/2024/04/18/21/40x60-la-blessure-683x1024.jpeg?VersionId=KZbaHQEVG.Qp7sIakk.SV_zb7V2NxRrP"
    ],
    "external_images": [],
    "entities": {
        "persons": [],
        "organizations": [],
        "locations": []
    },
    "rating": null,
    "crawled": "2024-04-19T00:11:49.789+03:00",
    "updated": "2024-04-26T02:15:31.024+03:00"
}