{
    "thread": {
        "uuid": "cfde090ef6c8ef43c3f0f43444959f833989fd43",
        "url": "https://progressivegrocer.com/natural-grocers-reveals-grand-opening-plans-relocated-store-oklahoma",
        "site_full": "progressivegrocer.com",
        "site": "progressivegrocer.com",
        "site_section": "https://consumer.einnews.com:443/live_feed",
        "site_categories": [
            "shopping"
        ],
        "section_title": "Live Feed Wire - Consumer News Today - EIN Presswire",
        "title": "Natural Grocers Reveals Grand Opening Plans for Relocated Store in Oklahoma | Progressive Grocer",
        "title_full": "Natural Grocers Reveals Grand Opening Plans for Relocated Store in Oklahoma | Progressive Grocer",
        "published": "2024-04-18T03:00:00.000+03:00",
        "replies_count": 0,
        "participants_count": 1,
        "site_type": "news",
        "country": "US",
        "main_image": "https://assets1.progressivegrocer.com/files/s3fs-public/styles/primary_articles_short/public/2024-04/natural_grocers_warr_acres_teaser.jpg?VersionId=_51fHGDpS_og7KlXe54Q9byNgVaz1cv_&h=73306683&itok=oKng20o_",
        "performance_score": 0,
        "domain_rank": 21271,
        "domain_rank_updated": "2024-04-16T13:07:52.000+03:00",
        "reach": null,
        "social": {
            "facebook": {
                "likes": 0,
                "comments": 0,
                "shares": 0
            },
            "gplus": {
                "shares": 0
            },
            "pinterest": {
                "shares": 0
            },
            "linkedin": {
                "shares": 0
            },
            "stumbledupon": {
                "shares": 0
            },
            "vk": {
                "shares": 0
            }
        }
    },
    "uuid": "cfde090ef6c8ef43c3f0f43444959f833989fd43",
    "url": "https://progressivegrocer.com/natural-grocers-reveals-grand-opening-plans-relocated-store-oklahoma",
    "ord_in_thread": 0,
    "parent_url": null,
    "author": "Lynn Petrak",
    "published": "2024-04-18T03:00:00.000+03:00",
    "title": "Natural Grocers Reveals Grand Opening Plans for Relocated Store in Oklahoma | Progressive Grocer",
    "text": "A relocated Natural Grocers store in Oklahoma is opening to great fanfare. The retailer announced plans for the first day of operation on May 2, starting just before 8:30 a.m.The first 100 customers to enter the new store at 5903 Northwest Expressway in Warr Acres, Okla., will receive a Natural Grocers mystery gift card, with varying amounts between $5 and $500. The first 500 shoppers in line will get a free Natural Grocers drawstring bag, made from alpaca wool in Ecuador by a group of indigenous artisans. Other giveaways include items from a prize wheel and bigger prizes from a special sweepstakes, such as an Aventon e-bike valued at $1,400 and a $500 Natural Grocers gift card.[RELATED: Tom Thumb Opens New Site in Dallas Suburb]To mark the grand opening, the grocer is also offering discounts to shoppers up to 50% off across several categories, like USDA Certified Organic grape tomatoes for $2.39 a pint. Customers can sign up for the grocer’s free rewards program for additional savings, digital coupons and other perks.“Natural Grocers has been proudly serving the state of Oklahoma since 2013 and is excited to be moving to our new location in Warr Acres,” said Raquel Isely, VP of Natural Grocers. “This was our third store in the region, and it enabled us to build a strong connection with customers. After almost 10 years at this location, we are ready to move into a bright, beautiful building, only a few miles away. We believe our store in Warr Acres will further our passion for supporting the health of humans and the health of our planet, with that ‘neighborhood grocery store’ feel, you can depend on.”On that note, while the retailer is just moving down the street from its previous location, it continues to give back to this community. As part of the grand opening festivities, Natural Grocers is donating $2,500 to the Regional Food Bank of Oklahoma and contributing 5% of opening day sales to the Natural Grocers Heroes in Aprons Fund.The area’s original Natural Grocers location at 7013 N. May Avenue in Oklahoma City will close on April 29 at 5 p.m. Customers who visit the new outpost a few days later can explore a store with a more modern layout, brighter lighting, sustainable building features and an expanded assortment that includes more 100% organic products, body care items and supplement offerings.In other news, Natural Grocers recently received a Circle of Excellence award from UNFI. The grocer was recognized for its achievements in performance, community impact, and strong partnership with UNFI over the past year. Family-operated Natural Grocers by Vitamin Cottage Inc. operates more than 165 stores in 21 states. The Lakewood, Colo.-based natural and organic grocer is No. 95 on The PG 100, Progressive Grocer’s 2023 list of the top food and consumables retailers in North America.",
    "highlightText": "",
    "highlightTitle": "",
    "highlightThreadTitle": "",
    "language": "english",
    "sentiment": "positive",
    "categories": [
        "Health",
        "Economy, Business and Finance",
        "Human Interest"
    ],
    "external_links": [],
    "external_images": [],
    "entities": {
        "persons": [],
        "organizations": [
            {
                "name": "relocated store",
                "sentiment": "negative"
            },
            {
                "name": "usda",
                "sentiment": "none"
            }
        ],
        "locations": [
            {
                "name": "oklahoma",
                "sentiment": "none"
            },
            {
                "name": "ecuador",
                "sentiment": "none"
            },
            {
                "name": "northwest expressway",
                "sentiment": "none"
            },
            {
                "name": "warr acres",
                "sentiment": "none"
            },
            {
                "name": "okla.",
                "sentiment": "none"
            },
            {
                "name": "dallas",
                "sentiment": "none"
            }
        ]
    },
    "rating": null,
    "crawled": "2024-04-19T00:05:11.054+03:00",
    "updated": "2024-04-19T00:05:11.054+03:00"
}