{
    "thread": {
        "uuid": "40509fb6d6fc598c5e254561243b7e5988eee5bc",
        "url": "https://www.agensir.it/quotidiano/2024/4/18/diocesi-firenze-don-gambelli-nuovo-arcivescovo-misericordie-conosce-da-vicino-le-sofferenze-degli-ultimi-ma-anche-lamore-di-chi-si-dedica-al-bene-degli-altri",
        "site_full": "www.agensir.it",
        "site": "agensir.it",
        "site_section": "https://agensir.it",
        "site_categories": [
            "religion",
            "catholicism"
        ],
        "section_title": "SIR - Servizio Informazione Religiosa",
        "title": "Diocesi: Firenze, don Gambelli nuovo arcivescovo. Misericordie, “conosce da vicino le sofferenze degli ultimi ma anche l’amore di chi si dedica al bene degli altri” - AgenSIR",
        "title_full": "Diocesi: Firenze, don Gambelli nuovo arcivescovo. Misericordie, “conosce da vicino le sofferenze degli ultimi ma anche l’amore di chi si dedica al bene degli altri” - AgenSIR",
        "published": "2024-04-18T16:07:00.000+03:00",
        "replies_count": 0,
        "participants_count": 1,
        "site_type": "news",
        "country": "IT",
        "main_image": "https://www.agensir.it/wp-content/themes/sir-wp-theme/assets/images/logo_sir_2019@2x.png",
        "performance_score": 0,
        "domain_rank": 45672,
        "domain_rank_updated": "2024-04-16T13:07:56.000+03:00",
        "reach": null,
        "social": {
            "facebook": {
                "likes": 0,
                "comments": 0,
                "shares": 0
            },
            "gplus": {
                "shares": 0
            },
            "pinterest": {
                "shares": 0
            },
            "linkedin": {
                "shares": 0
            },
            "stumbledupon": {
                "shares": 0
            },
            "vk": {
                "shares": 0
            }
        }
    },
    "uuid": "40509fb6d6fc598c5e254561243b7e5988eee5bc",
    "url": "https://www.agensir.it/quotidiano/2024/4/18/diocesi-firenze-don-gambelli-nuovo-arcivescovo-misericordie-conosce-da-vicino-le-sofferenze-degli-ultimi-ma-anche-lamore-di-chi-si-dedica-al-bene-degli-altri",
    "ord_in_thread": 0,
    "parent_url": null,
    "author": "@agensir",
    "published": "2024-04-18T16:07:00.000+03:00",
    "title": "Diocesi: Firenze, don Gambelli nuovo arcivescovo. Misericordie, “conosce da vicino le sofferenze degli ultimi ma anche l’amore di chi si dedica al bene degli altri” - AgenSIR",
    "text": "“Accogliamo con gioia la notizia della nomina ad arcivescovo di Firenze di don Gherardo Gambelli. Da fiorentino conosce bene il territorio e i bisogni della sua gente ma anche le risorse e le opportunità che offre, lo spirito di fratellanza e di solidarietà che anima i fiorentini, come testimoniano quotidianamente le nostre Confraternite. Da missionario ha potuto conoscere da vicino le sofferenze degli ultimi ma anche l’amore di chi si dedica la propria vita al bene degli altri”. Così Andrea Ceccherini, presidente del Coordinamento delle Misericordie dell’Area Fiorentina, ha commentato la nomina di mons. Gherardo Gambelli alla guida dell’arcidiocesi di Firenze. “Al card. Giuseppe Betori, che ci ha accompagnato e guidato per questi 16 anni, va tutto il nostro più sentito riconoscimento per l’impegno, l’ascolto, la dedizione a servizio della città”, ha concluso Ceccherini. Diocesi: Firenze, don Gambelli nuovo arcivescovo. Misericordie, “conosce da vicino le sofferenze degli ultimi ma anche l’amore di chi si dedica al bene degli altri” “Accogliamo con gioia la notizia della nomina ad arcivescovo di Firenze di don Gherardo Gambelli. Da fiorentino conosce bene il territorio e i bisogni della sua gente ma anche le risorse e le opportunità che offre, lo spirito di fratellanza e di solidarietà che anima i fiorentini, come testimoniano quotidianamente le nostre Confraternite. Da missionario ha potuto conoscere da vicino le sofferenze degli ultimi ma anche l’amore di chi si dedica la propria vita al bene degli altri”. Così Andrea Ceccherini, presidente del Coordinamento delle Misericordie dell’Area Fiorentina, ha commentato la nomina di mons. Gherardo Gambelli alla guida dell’arcidiocesi di Firenze.",
    "highlightText": "",
    "highlightTitle": "",
    "highlightThreadTitle": "",
    "language": "italian",
    "sentiment": "positive",
    "categories": [
        "Religion and Belief",
        "Human Interest"
    ],
    "external_links": [],
    "external_images": [],
    "entities": {
        "persons": [],
        "organizations": [],
        "locations": []
    },
    "rating": null,
    "crawled": "2024-04-19T00:11:16.745+03:00",
    "updated": "2024-04-19T00:11:16.745+03:00"
}