{
    "thread": {
        "uuid": "e93a4e3d080d3459490e74320d4871baa961b839",
        "url": "https://www.paloaltoonline.com/san-mateo-county/2024/04/17/have-a-ball-downtown-san-mateo-to-celebrate-boba-day-on-april-28",
        "site_full": "www.paloaltoonline.com",
        "site": "paloaltoonline.com",
        "site_section": "http://www.paloaltoonline.com",
        "site_categories": [
            "media"
        ],
        "section_title": "Palo Alto Online - Palo Alto Online",
        "title": "Have a ball: Downtown San Mateo to celebrate Boba Day on April 28 - Palo Alto Online",
        "title_full": "Have a ball: Downtown San Mateo to celebrate Boba Day on April 28 - Palo Alto Online",
        "published": "2024-04-18T01:51:00.000+03:00",
        "replies_count": 0,
        "participants_count": 1,
        "site_type": "news",
        "country": "US",
        "main_image": "https://www.paloaltoonline.com/wp-content/uploads/2024/04/Tiger-Tea-Juice-Peach-Oolong-Series-scaled-e1713375588646.jpg",
        "performance_score": 0,
        "domain_rank": 16568,
        "domain_rank_updated": "2024-04-16T13:07:52.000+03:00",
        "reach": null,
        "social": {
            "facebook": {
                "likes": 0,
                "comments": 0,
                "shares": 0
            },
            "gplus": {
                "shares": 0
            },
            "pinterest": {
                "shares": 0
            },
            "linkedin": {
                "shares": 0
            },
            "stumbledupon": {
                "shares": 0
            },
            "vk": {
                "shares": 0
            }
        }
    },
    "uuid": "e93a4e3d080d3459490e74320d4871baa961b839",
    "url": "https://www.paloaltoonline.com/san-mateo-county/2024/04/17/have-a-ball-downtown-san-mateo-to-celebrate-boba-day-on-april-28",
    "ord_in_thread": 0,
    "parent_url": null,
    "author": "Adrienne Mitchel",
    "published": "2024-04-18T01:51:00.000+03:00",
    "title": "Have a ball: Downtown San Mateo to celebrate Boba Day on April 28 - Palo Alto Online",
    "text": "| | Getting your Downtown San Mateo is about to get a whole lot squishier. The downtown association is hosting a Boba Day celebration April 28, featuring samples, sales and specials from 16 boba and boba-adjacent downtown businesses. And the spherical theme doesn’t stop there – free activities like Zorb ball racing, bubbles and balloon animals will overtake B Street from noon to 3 p.m. Present proof of a boba purchase to the Downtown San Mateo Association booth and you’ll receive a prize, such as a reusable metal boba straw, “Boba On Board” stickers and downtown San Mateo drink koozies. Vote for your favorite downtown San Mateo boba shop and you’ll be entered to win a boba plushie from Fanloli Beauty. “I’m really excited to shine a light on the local businesses,” said Mackenzie Jakoubek, Downtown San Mateo Association executive director. “I’m also just really excited for people to come to downtown San Mateo who maybe haven’t been here before or even people who haven’t tried boba before, maybe going out of their comfort zone and giving it a try.” Find offers at local shops, including 50% of all boba drinks at Bambu Dessert Drinks, buy-one-get-one-free for orange milk tea and orange passion fruit tea at TP Tea, a complementary 24 oz organic black milk tea with boba with a purchase of any beverage at Bobabia and more. “A lot of them are offering samples, so I’m going to sneak off and try some that I have not tried before,” Jakoubek said. Boba Day is presented by Downtown San Mateo and CAM Edu, with support from the City of San Mateo, San Mateo Age Friendly Coalition, BobaOnBoard.com, Fanloli Beauty, Youth Advisory Council Generation Voter, San Mateo Parks and Recreation and San Mateo Area Chamber of Commerce. “If you’re on the fence, I will remind you that San Mateo has free parking on Sundays,” Jakoubek said. “It’ll just be a fun social day to come out in San Mateo.” For more information on Boba Day, visit [dsma.org](https://dsma.org/event/boba-day-2024/).",
    "highlightText": "",
    "highlightTitle": "",
    "highlightThreadTitle": "",
    "language": "english",
    "sentiment": "positive",
    "categories": [
        "Health",
        "Human Interest",
        "Arts, Culture and Entertainment"
    ],
    "external_links": [
        "https://dsma.org/event/boba-day-2024/).",
        "https://www.dsma.org/event/boba-day-2024/)."
    ],
    "external_images": [],
    "entities": {
        "persons": [
            {
                "name": "mackenzie jakoubek",
                "sentiment": "none"
            }
        ],
        "organizations": [
            {
                "name": "downtown san mateo association",
                "sentiment": "none"
            }
        ],
        "locations": [
            {
                "name": "san mateo",
                "sentiment": "none"
            },
            {
                "name": "fanloli beauty",
                "sentiment": "none"
            },
            {
                "name": "zorb",
                "sentiment": "none"
            }
        ]
    },
    "rating": null,
    "crawled": "2024-04-19T00:20:20.312+03:00",
    "updated": "2024-04-19T00:20:20.312+03:00"
}