{
    "thread": {
        "uuid": "551fea1dc074a142d47560f184d6bb8028bedffb",
        "url": "https://www.iheart.com/content/2024-04-18-lost-girl-approaches-law-order-star-during-tv-shoot-to-ask-for-help",
        "site_full": "www.iheart.com",
        "site": "iheart.com",
        "site_section": "https://wjlbdetroit.iheart.com",
        "site_categories": [
            "non_standard_content"
        ],
        "section_title": "97.9 WJLB - Detroit&#x27;s Hip-Hop &amp; R&amp;B",
        "title": "Lost Girl Approaches 'Law & Order' Star During TV Shoot To Ask For Help | 97.9 WJLB",
        "title_full": "Lost Girl Approaches 'Law & Order' Star During TV Shoot To Ask For Help | 97.9 WJLB",
        "published": "2024-04-19T00:13:00.000+03:00",
        "replies_count": 0,
        "participants_count": 1,
        "site_type": "news",
        "country": "US",
        "main_image": "https://i.iheart.com/v3/re/new_assets/66218b51eb441b07de495f5a?ops=gravity(%22north%22),fit(1200,675),quality(65)",
        "performance_score": 0,
        "domain_rank": 857,
        "domain_rank_updated": "2024-04-16T13:07:52.000+03:00",
        "reach": null,
        "social": {
            "facebook": {
                "likes": 0,
                "comments": 0,
                "shares": 0
            },
            "gplus": {
                "shares": 0
            },
            "pinterest": {
                "shares": 0
            },
            "linkedin": {
                "shares": 0
            },
            "stumbledupon": {
                "shares": 0
            },
            "vk": {
                "shares": 0
            }
        }
    },
    "uuid": "551fea1dc074a142d47560f184d6bb8028bedffb",
    "url": "https://www.iheart.com/content/2024-04-18-lost-girl-approaches-law-order-star-during-tv-shoot-to-ask-for-help",
    "ord_in_thread": 0,
    "parent_url": null,
    "author": "Bill Galluccio",
    "published": "2024-04-19T00:13:00.000+03:00",
    "title": "Lost Girl Approaches 'Law & Order' Star During TV Shoot To Ask For Help | 97.9 WJLB",
    "text": "Photo: GC Images\nLaw & Order: Special Victims Unit star Mariska Hargitay was mistaken for a real cop while filming an episode of the show in New York City on April 10. Hargitay has been playing Detective Olivia Benson on the show for the past 25 years, the longest run of any character on a prime-time drama series.\nDuring a break in filming, a young girl wandered onto the set at Anne Loftus Playground in Fort Tryon Park and walked right up to Hargitay , ignoring the film crew and her scene partner Ice-T .\nThe girl believed that Hargitay was an actual police officer and asked her for help finding her mother.\nAccording to TMZ , Hargitay didn't miss a beat and immediately began to help the girl . Filming was held up for about 20 minutes as the cast and crew searched the park for the girl's mother, who was relieved when the two were reunited.\nLaw & Order: Special Victims Unit was recently green-lit for a 26th season, extending its reign as the longest-running prime-time drama series of all time.\nPhoto: GC Images",
    "highlightText": "",
    "highlightTitle": "",
    "highlightThreadTitle": "",
    "language": "english",
    "sentiment": "positive",
    "categories": [
        "Crime, Law and Justice",
        "Human Interest",
        "Arts, Culture and Entertainment"
    ],
    "external_links": [
        "https://www.foxnews.com/entertainment/law-order-star-helps-child-find-mom-after-being-mistaken-real-life-police-officer",
        "https://www.tmz.com/2024/04/18/mariska-hargitay-help-girl-find-mom-film-law-and-order-svu-mistaken-real-cop/",
        "https://people.com/mariska-hargitay-mistaken-for-real-life-police-officer-by-young-girl-on-svu-set-8634829",
        "https://www.people.com/mariska-hargitay-mistaken-for-real-life-police-officer-by-young-girl-on-svu-set-8634829",
        "https://foxnews.com/entertainment/law-order-star-helps-child-find-mom-after-being-mistaken-real-life-police-officer",
        "https://www.tmz.com/2024/04/18/mariska-hargitay-help-girl-find-mom-film-law-and-order-svu-mistaken-real-cop",
        "https://tmz.com/2024/04/18/mariska-hargitay-help-girl-find-mom-film-law-and-order-svu-mistaken-real-cop/"
    ],
    "external_images": [],
    "entities": {
        "persons": [
            {
                "name": "mariska hargitay",
                "sentiment": "negative"
            },
            {
                "name": "ice-t",
                "sentiment": "none"
            },
            {
                "name": "olivia benson",
                "sentiment": "none"
            },
            {
                "name": "hargitay",
                "sentiment": "none"
            }
        ],
        "organizations": [],
        "locations": [
            {
                "name": "new york city",
                "sentiment": "none"
            },
            {
                "name": "fort tryon park",
                "sentiment": "none"
            },
            {
                "name": "anne loftus playground",
                "sentiment": "none"
            }
        ]
    },
    "rating": null,
    "crawled": "2024-04-19T00:22:07.879+03:00",
    "updated": "2024-04-28T01:22:49.757+03:00"
}