{
    "thread": {
        "uuid": "dfbeb7f1e370d9b1750df5ee7b979cb5886e2395",
        "url": "https://markets.financialcontent.com/stocks/article/getnews-2024-4-18-how-is-the-education-at-wellington-college-international-shanghai-lets-take-a-look-passion-and-purpose-remarkable-women",
        "site_full": "markets.financialcontent.com",
        "site": "financialcontent.com",
        "site_section": "https://markets.financialcontent.com/stocks/markets/news?type=press+release&currentpage=2",
        "site_categories": [
            "financial_news",
            "finance"
        ],
        "section_title": "Stock Market News | NSDQ, NYSE, and AMEX Stock Market News, Market News Categories, Market Indicators | FinancialContent Business Page ",
        "title": "How is the education at Wellington College International Shanghai? Let’s take a look. Passion and purpose: Remarkable women | FinancialContent Business Page",
        "title_full": "How is the education at Wellington College International Shanghai? Let’s take a look. Passion and purpose: Remarkable women | FinancialContent Business Page",
        "published": "2024-04-18T23:40:00.000+03:00",
        "replies_count": 0,
        "participants_count": 1,
        "site_type": "news",
        "country": "US",
        "main_image": "",
        "performance_score": 0,
        "domain_rank": 5953,
        "domain_rank_updated": "2024-04-16T13:07:52.000+03:00",
        "reach": null,
        "social": {
            "facebook": {
                "likes": 0,
                "comments": 0,
                "shares": 0
            },
            "gplus": {
                "shares": 0
            },
            "pinterest": {
                "shares": 0
            },
            "linkedin": {
                "shares": 0
            },
            "stumbledupon": {
                "shares": 0
            },
            "vk": {
                "shares": 0
            }
        }
    },
    "uuid": "dfbeb7f1e370d9b1750df5ee7b979cb5886e2395",
    "url": "https://markets.financialcontent.com/stocks/article/getnews-2024-4-18-how-is-the-education-at-wellington-college-international-shanghai-lets-take-a-look-passion-and-purpose-remarkable-women",
    "ord_in_thread": 0,
    "parent_url": null,
    "author": "Get News",
    "published": "2024-04-18T23:40:00.000+03:00",
    "title": "How is the education at Wellington College International Shanghai? Let’s take a look. Passion and purpose: Remarkable women | FinancialContent Business Page",
    "text": "HAPPY INTERNATIONAL WOMEN'S DAY\nWomen are essential to our success at Wellington College China schools. Whether they are inspiring the pupils in the classrooms and art studios or working behind the scenes in the administrative offices, this IB school in China witnesses their passion and commitment every day, blazing trails as learners, connectors and changemakers. Today, in honour of International Women’s Day, we are sharing the stories of six Wellington women who truly embody Wellington College China ’s ‘Be You. Be More.’ spirit.\nWe are learners who empower growth\nElisa Yan\nTeacher of Chinese\nEdTech Lead\nWellington College Tianjin\n“What matters is what you can bring to the job, what skills and abilities you possess are more important.”\nElisa started at Wellington College Tianjin as a teacher of Chinese, but her commitment and hard work soon elevated her to the position of EdTech Lead. She now works across departments, finding ways to enhance teaching and learning with innovative technologies. Elisa's success underscores that a woman’s talents and abilities are not limited by her chosen fields and that the only limitations we face are the ones we impose upon ourselves.\nDeborah Bauman\nTeacher of Art\nHuili School Hangzhou\n“I believe in the transformative power of art to create positive change in the world.”\nDeborah’s passion for art is driven by her desire to share it with as many people as possible. She puts in countless hours of hard work towards this goal, believing that artwork created purely from the heart creates deep connections between us. Her wish is for every aspiring female artist to find happiness and fulfilment on their creative journey. And it certainly shines through in her art classes.\nWe are connectors who build cultural bridges\nViolin Wang\nExecutive Assistant to Master\nSchool Office Manager\nHuili School Nantong\n“The key importance of building communities is that it gives us a strong sense of belongingness.”\nA founding member of Huili School Nantong, Violin has made an invaluable contribution to her school from the very beginning. She has witnessed firsthand the incredible progress and success that can be achieved when the whole community work towards a common goal.\nEmily Gu\nTeacher\nOutdoor learning champion\nHuili Nursery Shanghai\n“There are limitless opportunities for women in every profession.”\nOutdoor learning is a key pillar of our Early Years provision, and Emily is one of its greatest champions. She collaborates across nurseries, classrooms and year groups to ensure that our youngest learners at Huili Nursery Shanghai and Wellington’s Early Years Centre build strong bodies as well as strong minds. She is truly an inspiration to all those who seek to empower and nurture children's limitless potential.\nWe are changemakers who inspire limitless potential\nSharon Ni\nStudent Leadership\nCoordinator\nTeacher of Chinese\nHuili School Shanghai\n“Our programme aims to empower pupils in the field of charity so they can excel in the future.”\nSharon teaches Huili pupils the transformative power of charity through initiatives like the Dream Café Project. This ongoing initiative provides real-world vocational training to young people with disabilities. Participants learn to be self-sufficient and gain more confidence as they enter the job market. Likewise, Huili pupils acquire important soft skills like teamwork, time management and communication as they put the Huili value of kindness into practice.\nGiselle Slade\nHead of Learning Support\nWellington College\nInternational Shanghai\n“You have the power to define who you are.”\nAs a Model UN coordinator, Giselle teaches pupils from this British school Shanghai empathy, teamwork, negotiation and communication — the fundamentals of global citizenship. But she also believes that Model UN is an important platform for empowering young women. Every year, she watches a new class of remarkable young women in Wellington College International Shanghai find their voice and learn to speak with clarity and conviction. She’s confident that they will go out into the world and make a positive impact wherever they go.\nHAPPY INTERNATIONAL WOMEN'S DAY!\nAs a Shanghai private school , Wellington College International Shanghai hopes these stories inspire every woman to discover her purpose, ask what she wants, and take ownership of her future.\nFor her, by her.\nHappy International Women's Day!\nShanghai international school admission in progress, welcome to apply!\nMedia Contact\nCompany Name: Wellington College International Shanghai\nContact Person: Admission Department\nEmail: Send Email\nPhone: +86-21 5185-3866\nAddress: No.1500 Yao Long Road, Pudong New District\nCity: Shanghai\nCountry: China\nWebsite: https://shanghai.wellingtoncollege.cn/",
    "highlightText": "",
    "highlightTitle": "",
    "highlightThreadTitle": "",
    "language": "english",
    "sentiment": "positive",
    "categories": [
        "Human Interest",
        "Education"
    ],
    "external_links": [
        "https://shanghai.wellingtoncollege.cn/",
        "https://shanghai.wellingtoncollege.cn/academic/ib-diploma-programme",
        "https://shanghai.wellingtoncollege.cn/about-us/heritage/",
        "https://www.wellingtoncollege.cn/",
        "http://www.universalpressrelease.com/?pr=how-is-the-education-at-wellington-college-international-shanghai-lets-take-a-look-passion-and-purpose-remarkable-women",
        "https://lh3.googleusercontent.com/pw/AP1GczNoqPvmj5C1rq4eQ6ReIkzJ1b_i5vPf7tQiZONLB9tBhPEajZF9PjINPgbxQ8A6r_dWv-WPZSoRpnOyxzebN800OePB1meFF4X-jBiLZn1ifztkILwAIsrP0PK3dL8nDk4wzzLlfDp50-G39cFo4wMI=w465-h719-s-no-gm?authuser=0",
        "https://www.getnews.info/press_stat.php?pr=how-is-the-education-at-wellington-college-international-shanghai-lets-take-a-look-passion-and-purpose-remarkable-women",
        "https://lh3.googleusercontent.com/pw/AP1GczMEr8LAps9l9w--Y7Hm2J00Ap5yvTP96e7Br00iYPP6j42VG7hRLWXodQgZyTO78fsnx40wAMqBJNPV3due0jBIFeoFqkQjqI8RSeVhg-XH1w6EzCbDSTeA4kSRzZeX2BcaFX7Hbo3Z14iMA5J_kukz=w594-h919-s-no-gm?authuser=0",
        "https://tracking.newsrpm.com/pixel?slug=getnews-2024-4-18-how-is-the-education-at-wellington-college-international-shanghai-lets-take-a-look-passion-and-purpose-remarkable-women",
        "https://lh3.googleusercontent.com/pw/AP1GczPKuqZ_J2EflfHocCyzOdodVwNFzPzSf3Cgs9kJfuL7kOo-6XF3ad4l98s_qQbny0Eh_REdFEryPJRTxhIK0kiEDgY2Oqhm7BJP5z5Dpv4hIuU1UjndXy-LRCo4eL2Zj3ibzkq3aaocU2HBQMQyfbEz=w595-h919-s-no-gm?authuser=0",
        "https://www.shanghai.wellingtoncollege.cn/about-us/heritage/",
        "https://www.lh3.googleusercontent.com/pw/AP1GczPKuqZ_J2EflfHocCyzOdodVwNFzPzSf3Cgs9kJfuL7kOo-6XF3ad4l98s_qQbny0Eh_REdFEryPJRTxhIK0kiEDgY2Oqhm7BJP5z5Dpv4hIuU1UjndXy-LRCo4eL2Zj3ibzkq3aaocU2HBQMQyfbEz=w595-h919-s-no-gm?authuser=0",
        "https://www.lh3.googleusercontent.com/pw/AP1GczMEr8LAps9l9w--Y7Hm2J00Ap5yvTP96e7Br00iYPP6j42VG7hRLWXodQgZyTO78fsnx40wAMqBJNPV3due0jBIFeoFqkQjqI8RSeVhg-XH1w6EzCbDSTeA4kSRzZeX2BcaFX7Hbo3Z14iMA5J_kukz=w594-h919-s-no-gm?authuser=0",
        "https://www.shanghai.wellingtoncollege.cn/",
        "https://lh3.googleusercontent.com/pw/AP1GczNoqPvmj5C1rq4eQ6ReIkzJ1b_i5vPf7tQiZONLB9tBhPEajZF9PjINPgbxQ8A6r_dWv-WPZSoRpnOyxzebN800OePB1meFF4X-jBiLZn1ifztkILwAIsrP0PK3dL8nDk4wzzLlfDp50-G39cFo4wMI=w465-h719-s-no-gm",
        "https://www.tracking.newsrpm.com/pixel?slug=getnews-2024-4-18-how-is-the-education-at-wellington-college-international-shanghai-lets-take-a-look-passion-and-purpose-remarkable-women",
        "https://getnews.info/press_stat.php?pr=how-is-the-education-at-wellington-college-international-shanghai-lets-take-a-look-passion-and-purpose-remarkable-women",
        "https://www.shanghai.wellingtoncollege.cn/academic/ib-diploma-programme",
        "https://lh3.googleusercontent.com/pw/AP1GczMEr8LAps9l9w--Y7Hm2J00Ap5yvTP96e7Br00iYPP6j42VG7hRLWXodQgZyTO78fsnx40wAMqBJNPV3due0jBIFeoFqkQjqI8RSeVhg-XH1w6EzCbDSTeA4kSRzZeX2BcaFX7Hbo3Z14iMA5J_kukz=w594-h919-s-no-gm",
        "https://www.getnews.info/press_stat.php",
        "http://www.universalpressrelease.com/",
        "https://www.wellingtoncollege.cn",
        "https://wellingtoncollege.cn/",
        "http://universalpressrelease.com/?pr=how-is-the-education-at-wellington-college-international-shanghai-lets-take-a-look-passion-and-purpose-remarkable-women",
        "https://shanghai.wellingtoncollege.cn",
        "https://lh3.googleusercontent.com/pw/AP1GczPKuqZ_J2EflfHocCyzOdodVwNFzPzSf3Cgs9kJfuL7kOo-6XF3ad4l98s_qQbny0Eh_REdFEryPJRTxhIK0kiEDgY2Oqhm7BJP5z5Dpv4hIuU1UjndXy-LRCo4eL2Zj3ibzkq3aaocU2HBQMQyfbEz=w595-h919-s-no-gm",
        "https://shanghai.wellingtoncollege.cn/about-us/heritage",
        "https://tracking.newsrpm.com/pixel",
        "https://www.lh3.googleusercontent.com/pw/AP1GczNoqPvmj5C1rq4eQ6ReIkzJ1b_i5vPf7tQiZONLB9tBhPEajZF9PjINPgbxQ8A6r_dWv-WPZSoRpnOyxzebN800OePB1meFF4X-jBiLZn1ifztkILwAIsrP0PK3dL8nDk4wzzLlfDp50-G39cFo4wMI=w465-h719-s-no-gm?authuser=0"
    ],
    "external_images": [],
    "entities": {
        "persons": [
            {
                "name": "elisa",
                "sentiment": "none"
            }
        ],
        "organizations": [
            {
                "name": "wellington college international",
                "sentiment": "neutral"
            },
            {
                "name": "ib",
                "sentiment": "none"
            },
            {
                "name": "elisa yan teacher of chinese edtech lead wellington college tianjin",
                "sentiment": "none"
            },
            {
                "name": "wellington college tianjin",
                "sentiment": "none"
            }
        ],
        "locations": [
            {
                "name": "wellington college china",
                "sentiment": "none"
            },
            {
                "name": "shanghai",
                "sentiment": "none"
            },
            {
                "name": "china",
                "sentiment": "none"
            },
            {
                "name": "wellington",
                "sentiment": "none"
            }
        ]
    },
    "rating": null,
    "crawled": "2024-04-19T00:03:53.374+03:00",
    "updated": "2024-04-19T00:03:53.374+03:00"
}