{
    "thread": {
        "uuid": "1bd2f33069f38368304f4b226bd15c0a45a49eee",
        "url": "https://www.dailynews.lk/2024/04/19/local/501161/revived-gaminipura-third-lane-homagama-vested-with-the-people",
        "site_full": "www.dailynews.lk",
        "site": "dailynews.lk",
        "site_section": "https://solarflares.einnews.com/live_feed",
        "site_categories": [
            "media",
            "law_government_and_politics",
            "legal_issues",
            "politics"
        ],
        "section_title": "Live Feed Wire - Solar Flares News Today - EIN Presswire",
        "title": "Revived Gaminipura – Third Lane, Homagama, vested with the people - DailyNews",
        "title_full": "Revived Gaminipura – Third Lane, Homagama, vested with the people - DailyNews",
        "published": "2024-04-18T17:35:00.000+03:00",
        "replies_count": 0,
        "participants_count": 1,
        "site_type": "news",
        "country": "LK",
        "main_image": "https://www.dailynews.lk/wp-content/uploads/2024/04/5-1-5.jpg",
        "performance_score": 0,
        "domain_rank": 26172,
        "domain_rank_updated": "2024-04-16T13:07:52.000+03:00",
        "reach": null,
        "social": {
            "facebook": {
                "likes": 0,
                "comments": 0,
                "shares": 0
            },
            "gplus": {
                "shares": 0
            },
            "pinterest": {
                "shares": 0
            },
            "linkedin": {
                "shares": 0
            },
            "stumbledupon": {
                "shares": 0
            },
            "vk": {
                "shares": 0
            }
        }
    },
    "uuid": "1bd2f33069f38368304f4b226bd15c0a45a49eee",
    "url": "https://www.dailynews.lk/2024/04/19/local/501161/revived-gaminipura-third-lane-homagama-vested-with-the-people",
    "ord_in_thread": 0,
    "parent_url": null,
    "author": "malinga",
    "published": "2024-04-18T17:35:00.000+03:00",
    "title": "Revived Gaminipura – Third Lane, Homagama, vested with the people - DailyNews",
    "text": "197 Gaminipura – Third Lane, Homagama, which was developed under the Rural Road Revival Programme 2024 was vested with the people by Homagama Regional Development Committee Chairman and Transport, Highways and Mass Media Minister Dr. Bandula Gunawardhana. The Road Development Authority spent Rs. 6.1 million on the project. Former representatives of local government bodies and residents were present.",
    "highlightText": "",
    "highlightTitle": "",
    "highlightThreadTitle": "",
    "language": "english",
    "sentiment": "positive",
    "categories": [
        "Human Interest",
        "Arts, Culture and Entertainment"
    ],
    "external_links": [
        "https://twitter.com/intent/tweet?text=Revived%20Gaminipura%20%E2%80%93%20Third%20Lane%2C%20Homagama%2C%20vested%20with%20the%20people&url=https%3A%2F%2Fwww.dailynews.lk%2F2024%2F04%2F19%2Flocal%2F501161%2Frevived-gaminipura-third-lane-homagama-vested-with-the-people%2F",
        "https://www.instagram.com/",
        "https://www.facebook.com/dialog/send?app_id=1904103319867886&display=popup&link=https%3A%2F%2Fwww.dailynews.lk%2F2024%2F04%2F19%2Flocal%2F501161%2Frevived-gaminipura-third-lane-homagama-vested-with-the-people%2F&redirect_uri=https%3A%2F%2Fwww.dailynews.lk%2F2024%2F04%2F19%2Flocal%2F501161%2Frevived-gaminipura-third-lane-homagama-vested-with-the-people%2F&quot;)",
        "https://www.facebook.com/sharer/sharer.php?u=https%3A%2F%2Fwww.dailynews.lk%2F2024%2F04%2F19%2Flocal%2F501161%2Frevived-gaminipura-third-lane-homagama-vested-with-the-people%2F",
        "https://telegram.me/share/url?url=https%3A%2F%2Fwww.dailynews.lk%2F2024%2F04%2F19%2Flocal%2F501161%2Frevived-gaminipura-third-lane-homagama-vested-with-the-people%2F&text=Revived%20Gaminipura%20%E2%80%93%20Third%20Lane%2C%20Homagama%2C%20vested%20with%20the%20people",
        "https://api.whatsapp.com/send?text=Revived%20Gaminipura%20%E2%80%93%20Third%20Lane%2C%20Homagama%2C%20vested%20with%20the%20people",
        "https://www.twitter.com/intent/tweet?text=Revived%20Gaminipura%20%E2%80%93%20Third%20Lane%2C%20Homagama%2C%20vested%20with%20the%20people&url=https%3A%2F%2Fwww.dailynews.lk%2F2024%2F04%2F19%2Flocal%2F501161%2Frevived-gaminipura-third-lane-homagama-vested-with-the-people%2F",
        "https://facebook.com/dialog/send?app_id=1904103319867886&display=popup&link=https%3A%2F%2Fwww.dailynews.lk%2F2024%2F04%2F19%2Flocal%2F501161%2Frevived-gaminipura-third-lane-homagama-vested-with-the-people%2F&redirect_uri=https%3A%2F%2Fwww.dailynews.lk%2F2024%2F04%2F19%2Flocal%2F501161%2Frevived-gaminipura-third-lane-homagama-vested-with-the-people%2F&quot;)",
        "https://www.telegram.me/share/url?url=https%3A%2F%2Fwww.dailynews.lk%2F2024%2F04%2F19%2Flocal%2F501161%2Frevived-gaminipura-third-lane-homagama-vested-with-the-people%2F&text=Revived%20Gaminipura%20%E2%80%93%20Third%20Lane%2C%20Homagama%2C%20vested%20with%20the%20people",
        "https://www.facebook.com/sharer/sharer.php",
        "https://facebook.com/sharer/sharer.php?u=https%3A%2F%2Fwww.dailynews.lk%2F2024%2F04%2F19%2Flocal%2F501161%2Frevived-gaminipura-third-lane-homagama-vested-with-the-people%2F",
        "https://telegram.me/share/url",
        "https://www.facebook.com/dialog/send",
        "https://www.instagram.com",
        "https://instagram.com/",
        "https://api.whatsapp.com/send",
        "https://twitter.com/intent/tweet",
        "https://www.api.whatsapp.com/send?text=Revived%20Gaminipura%20%E2%80%93%20Third%20Lane%2C%20Homagama%2C%20vested%20with%20the%20people"
    ],
    "external_images": [],
    "entities": {
        "persons": [
            {
                "name": "piyumi wijesekara",
                "sentiment": "none"
            },
            {
                "name": "bandula gunawardhana",
                "sentiment": "none"
            }
        ],
        "organizations": [
            {
                "name": "homagama regional development committee",
                "sentiment": "none"
            },
            {
                "name": "imf",
                "sentiment": "none"
            },
            {
                "name": "hnba",
                "sentiment": "none"
            },
            {
                "name": "nasa",
                "sentiment": "none"
            },
            {
                "name": "road development authority",
                "sentiment": "none"
            },
            {
                "name": "npp",
                "sentiment": "none"
            },
            {
                "name": "adb",
                "sentiment": "none"
            }
        ],
        "locations": [
            {
                "name": "third lane",
                "sentiment": "none"
            },
            {
                "name": "homagama",
                "sentiment": "none"
            },
            {
                "name": "sri lanka",
                "sentiment": "none"
            }
        ]
    },
    "rating": null,
    "crawled": "2024-04-19T00:08:33.938+03:00",
    "updated": "2024-04-19T12:10:26.293+03:00"
}