{
    "thread": {
        "uuid": "fb99dafd35418cd06ee90f747f3e2ca2144d851c",
        "url": "https://www.elnuevodia.com/noticias/seguridad/notas/encuentran-en-buen-estado-de-salud-a-mujer-reportada-como-desaparecida-en-rio-piedras",
        "site_full": "www.elnuevodia.com",
        "site": "elnuevodia.com",
        "site_section": "https://elnuevodia.com",
        "site_categories": [
            "media",
            "top_news"
        ],
        "section_title": "El Nuevo Día - noticias de última hora, opinión, fotos, videos y podcasts de Puerto Rico.",
        "title": "Encuentran en buen estado de salud a mujer reportada como desaparecida en Río Piedras - El Nuevo Día",
        "title_full": "Encuentran en buen estado de salud a mujer reportada como desaparecida en Río Piedras - El Nuevo Día",
        "published": "2024-04-19T00:15:00.000+03:00",
        "replies_count": 0,
        "participants_count": 1,
        "site_type": "news",
        "country": "PR",
        "main_image": "https://www.elnuevodia.com/resizer/3kAuyhyYNR5cWjV2ilWveQULbJA=/1200x717/filters:quality(75):format(jpeg):focal(186x123:196x113)/cloudfront-us-east-1.images.arcpublishing.com/gfrmedia/A4QP5ZLOGFB27EY4XJRZ4MT7F4.png",
        "performance_score": 0,
        "domain_rank": 14629,
        "domain_rank_updated": "2024-04-16T13:07:52.000+03:00",
        "reach": null,
        "social": {
            "facebook": {
                "likes": 0,
                "comments": 0,
                "shares": 0
            },
            "gplus": {
                "shares": 0
            },
            "pinterest": {
                "shares": 0
            },
            "linkedin": {
                "shares": 0
            },
            "stumbledupon": {
                "shares": 0
            },
            "vk": {
                "shares": 0
            }
        }
    },
    "uuid": "fb99dafd35418cd06ee90f747f3e2ca2144d851c",
    "url": "https://www.elnuevodia.com/noticias/seguridad/notas/encuentran-en-buen-estado-de-salud-a-mujer-reportada-como-desaparecida-en-rio-piedras",
    "ord_in_thread": 0,
    "parent_url": null,
    "author": "/autor/andrea-guemarez-soto/",
    "published": "2024-04-19T00:15:00.000+03:00",
    "title": "Encuentran en buen estado de salud a mujer reportada como desaparecida en Río Piedras - El Nuevo Día",
    "text": "Ashley Marie Avilés Carmona, de 29 años, había sido vista por última vez en marzo 18 de abril de 2024 - 5:15 PM Ashley Marie Avilés Carmona, de 29 años, había sido vista por última vez en marzo 18 de abril de 2024 - 5:15 PM Una mujer sin hogar que fue reportada como [desaparecida ](https://www.elnuevodia.com/topicos/personas-desaparecidas/)en [Río Piedras ](https://www.elnuevodia.com/topicos/rio-piedras/)tras ser vista por última vez en marzo fue localizada el jueves en buen estado de salud, confirmó la Oficina del Coordinador de Personas Desaparecidas de la Superintendencia Auxiliar en Investigaciones Criminales (SAIC). De acuerdo con la requisitoria de la [Policía](https://www.elnuevodia.com/topicos/policia-de-puerto-rico/), Ashley Marie Avilés Carmona, de 29 años, había sido reportada como desaparecida por su madre. Asimismo, Avilés Carmona había sido descrita con una estatura de cinco pies y dos pulgadas (5′2′'), con un peso aproximado de 115 libras, de tez negra, ojos marrones y cabello marrón. Tras su localización, quedan sin efecto las labores de búsqueda por parte de la Uniformada. Te invitamos a descargar cualquiera de estos navegadores para ver nuestras noticias:",
    "highlightText": "",
    "highlightTitle": "",
    "highlightThreadTitle": "",
    "language": "spanish",
    "sentiment": "positive",
    "categories": [
        "Human Interest"
    ],
    "external_links": [],
    "external_images": [],
    "entities": {
        "persons": [],
        "organizations": [],
        "locations": []
    },
    "rating": null,
    "crawled": "2024-04-19T00:28:10.080+03:00",
    "updated": "2024-04-19T00:28:10.080+03:00"
}