{
    "thread": {
        "uuid": "b413110e21b94643d68b73086fe9f166aa248302",
        "url": "https://patch.com/california/sanramon/san-ramon-students-place-first-destination-imagination-tournament",
        "site_full": "patch.com",
        "site": "patch.com",
        "site_section": "https://patch.com",
        "site_categories": [
            "media",
            "top_news"
        ],
        "section_title": "Patch - Everything Local: Breaking News, Events, Discussions",
        "title": "San Ramon Students Place First At Destination Imagination Tournament | San Ramon, CA Patch",
        "title_full": "San Ramon Students Place First At Destination Imagination Tournament | San Ramon, CA Patch",
        "published": "2024-04-18T22:56:00.000+03:00",
        "replies_count": 0,
        "participants_count": 1,
        "site_type": "news",
        "country": "US",
        "main_image": "https://patch.com/img/cdn20/users/24074589/20240418/035655/styles/patch_image/public/55a88658-5942-45c5-b275-7df775366335___18155358427.jpg",
        "performance_score": 0,
        "domain_rank": 1027,
        "domain_rank_updated": "2024-04-16T13:07:52.000+03:00",
        "reach": null,
        "social": {
            "facebook": {
                "likes": 0,
                "comments": 0,
                "shares": 54
            },
            "gplus": {
                "shares": 0
            },
            "pinterest": {
                "shares": 0
            },
            "linkedin": {
                "shares": 0
            },
            "stumbledupon": {
                "shares": 0
            },
            "vk": {
                "shares": 0
            }
        }
    },
    "uuid": "b413110e21b94643d68b73086fe9f166aa248302",
    "url": "https://patch.com/california/sanramon/san-ramon-students-place-first-destination-imagination-tournament",
    "ord_in_thread": 0,
    "parent_url": null,
    "author": "Michael Wittner",
    "published": "2024-04-18T22:56:00.000+03:00",
    "title": "San Ramon Students Place First At Destination Imagination Tournament | San Ramon, CA Patch",
    "text": "[Community Corner](/california/sanramon/around-town) San Ramon Students Place First At Destination Imagination Tournament A group of students are headed to the global tournaments after placing first in regional and states for the project-based competition. SAN RAMON, CA — A group of seven San Ramon students are advancing to the global competition for Destination Imagination, a project-based program teaching kids to be innovative problem solvers. The group placed first in both regional and state-level competitions, and will attend the global competition in Kansas City in May. The team needed to solve a series of seven challenges leading up to science-themed final competition. They needed to create and present the details of an archaeological investigation that leads to the discovery of an artifact, and design and build a puppet. The team’s winning creation was a life-size puppet of Leonardo da Vinci that moved its arms with hydraulics. [Last May](https://patch.com/california/sanramon/san-ramon-students-headed-destination-imagination-global-tournament), a team of 8th graders from Gale Ranch and Windemere Ranch middle schools also headed to the global competition in Kansas City after placing first in a regional competition and second in a state competition. The team, deemed “Dill Pickles,” explored issues of inflation and climate change through a rearranged fairy tale. Find out what's happening in San Ramonwith free, real-time updates from Patch. Find out what's happening in San Ramonwith free, real-time updates from Patch. Get more local news delivered straight to your inbox. [Sign up for free Patch newsletters and alerts.](/california/sanramon/subscribe) [Learn more here](https://patch.com/us/across-america/short-note-changes-patch-community-interactions)",
    "highlightText": "",
    "highlightTitle": "",
    "highlightThreadTitle": "",
    "language": "english",
    "sentiment": "positive",
    "categories": [
        "Education",
        "Human Interest"
    ],
    "external_links": [],
    "external_images": [],
    "entities": {
        "persons": [
            {
                "name": "gale",
                "sentiment": "none"
            },
            {
                "name": "leonardo da vinci",
                "sentiment": "none"
            }
        ],
        "organizations": [],
        "locations": [
            {
                "name": "san ramon",
                "sentiment": "none"
            },
            {
                "name": "kansas city",
                "sentiment": "none"
            },
            {
                "name": "san ramon",
                "sentiment": "none"
            }
        ]
    },
    "rating": null,
    "crawled": "2024-04-19T00:11:29.066+03:00",
    "updated": "2024-04-19T00:11:29.066+03:00"
}