{
    "thread": {
        "uuid": "a9f9ec9b97e0ce86fc929fc7659a9589ebc66e78",
        "url": "https://flipboard.com/article/developer-lands-400k-loan-for-affordable-housing-project-in-easthampton-mill-di/f-4707313dd5%2Fgazettenet.com",
        "site_full": "flipboard.com",
        "site": "flipboard.com",
        "site_section": "https://flipboard.com/topic/westernmassachusetts?format=amp",
        "site_categories": [
            "family_and_parenting",
            "eldercare"
        ],
        "section_title": "Discover More in Western Massachusetts on Flipboard",
        "title": "Developer lands $400K loan for affordable housing project in Easthampton mill district | Flipboard",
        "title_full": "Developer lands $400K loan for affordable housing project in Easthampton mill district | Flipboard",
        "published": "2024-04-18T03:00:00.000+03:00",
        "replies_count": 0,
        "participants_count": 1,
        "site_type": "news",
        "country": "US",
        "main_image": "https://www.gazettenet.com//attachments/83/43423683.jpg",
        "performance_score": 0,
        "domain_rank": 1222,
        "domain_rank_updated": "2024-04-16T13:07:52.000+03:00",
        "reach": null,
        "social": {
            "facebook": {
                "likes": 0,
                "comments": 0,
                "shares": 0
            },
            "gplus": {
                "shares": 0
            },
            "pinterest": {
                "shares": 0
            },
            "linkedin": {
                "shares": 0
            },
            "stumbledupon": {
                "shares": 0
            },
            "vk": {
                "shares": 0
            }
        }
    },
    "uuid": "a9f9ec9b97e0ce86fc929fc7659a9589ebc66e78",
    "url": "https://flipboard.com/article/developer-lands-400k-loan-for-affordable-housing-project-in-easthampton-mill-di/f-4707313dd5%2Fgazettenet.com",
    "ord_in_thread": 0,
    "parent_url": null,
    "author": "gazettenet.com",
    "published": "2024-04-18T03:00:00.000+03:00",
    "title": "Developer lands $400K loan for affordable housing project in Easthampton mill district | Flipboard",
    "text": "Developer lands $400K loan for affordable housing project in Easthampton mill district EASTHAMPTON — A Springfield nonprofit developer planning to construct One Industrial Lofts, a 96-unit affordable housing development at the former …\ngazettenet.com • 5h",
    "highlightText": "",
    "highlightTitle": "",
    "highlightThreadTitle": "",
    "language": "english",
    "sentiment": "positive",
    "categories": [
        "Economy, Business and Finance",
        "Human Interest"
    ],
    "external_links": [],
    "external_images": [],
    "entities": {
        "persons": [
            {
                "name": "blake griffin",
                "sentiment": "none"
            }
        ],
        "organizations": [
            {
                "name": "boston celtics",
                "sentiment": "none"
            }
        ],
        "locations": [
            {
                "name": "easthampton",
                "sentiment": "none"
            },
            {
                "name": "easthampton",
                "sentiment": "none"
            },
            {
                "name": "springfield",
                "sentiment": "none"
            },
            {
                "name": "massachusetts",
                "sentiment": "none"
            },
            {
                "name": "new england",
                "sentiment": "none"
            },
            {
                "name": "america",
                "sentiment": "none"
            },
            {
                "name": "america",
                "sentiment": "none"
            }
        ]
    },
    "rating": null,
    "crawled": "2024-04-19T00:03:46.607+03:00",
    "updated": "2024-04-19T00:39:42.670+03:00"
}