{
    "thread": {
        "uuid": "7e486cf2c22164578ae94859527f36c8dbc60a4f",
        "url": "https://www.golfdigest.com/story/journeys-gordon-sargent-ready-to-win-pga-tour-card-buddy-nick-dunlap",
        "site_full": "www.golfdigest.com",
        "site": "golfdigest.com",
        "site_section": "http://www.golfdigest.com/",
        "site_categories": [
            "golf",
            "sports"
        ],
        "section_title": "GolfDigest.com: Golf Instruction, Equipment, Courses, Travel, News",
        "title": "‘I earned my PGA Tour card in college’: Gordon Sargent is ready to win like buddy Nick Dunlap | Golf News and Tour Information | Golf Digest",
        "title_full": "‘I earned my PGA Tour card in college’: Gordon Sargent is ready to win like buddy Nick Dunlap | Golf News and Tour Information | Golf Digest",
        "published": "2024-04-18T20:02:00.000+03:00",
        "replies_count": 0,
        "participants_count": 1,
        "site_type": "news",
        "country": "US",
        "main_image": "https://golfdigest.sports.sndimg.com/content/dam/images/golfdigest/fullset/2023/1/GettyImages-1641812984.jpg.rend.hgtvcom.616.440.suffix/1712686462499.jpeg",
        "performance_score": 0,
        "domain_rank": 6218,
        "domain_rank_updated": "2024-04-16T13:07:52.000+03:00",
        "reach": null,
        "social": {
            "facebook": {
                "likes": 0,
                "comments": 0,
                "shares": 0
            },
            "gplus": {
                "shares": 0
            },
            "pinterest": {
                "shares": 0
            },
            "linkedin": {
                "shares": 0
            },
            "stumbledupon": {
                "shares": 0
            },
            "vk": {
                "shares": 0
            }
        }
    },
    "uuid": "7e486cf2c22164578ae94859527f36c8dbc60a4f",
    "url": "https://www.golfdigest.com/story/journeys-gordon-sargent-ready-to-win-pga-tour-card-buddy-nick-dunlap",
    "ord_in_thread": 0,
    "parent_url": null,
    "author": "Gordon Sargent",
    "published": "2024-04-18T20:02:00.000+03:00",
    "title": "‘I earned my PGA Tour card in college’: Gordon Sargent is ready to win like buddy Nick Dunlap | Golf News and Tour Information | Golf Digest",
    "text": "W hen the PGA Tour announced the PGA Tour U Accelerated program in which a college player can earn his tour card by winning enough amateur tournaments and awards before his senior year, I knew I had a chance. No one is more excited about the program than I am: I’m a junior, playing college golf at Vanderbilt, but I already have my PGA Tour card. After the NCAA Championship, I can turn pro and start playing on tour.\nI grew up going to the course with my dad . I’ve always been around the game but never forced into it. The drive to get better came from me, and that gave me ownership over my game. We’re members at The Country Club of Birmingham, and all summer my brother, our friends and I would get dropped off in the morning and picked up in the evening. Chipping contests would turn into wiffle ball games. The goal was to have fun.\n● ● ●\nI was 9 when I played the Future Masters in Dothan, Ala., where there were lots of people and everything was official. I didn’t play great that first year, but the next year I played a lot better. I vividly remember seeing the growth in my game. That’s what got me addicted to golf. I played team sports—baseball and basketball—but I loved that with golf I could see the progress clearly through my scores.\n● ● ●\nMy friends and I saw older kids at our club play college golf, and we realized that we could do that, too. We worked harder. I stopped playing baseball and basketball in sixth grade to focus on golf. Honestly, I wish I had stuck with other sports longer. Those sports gave me a basic level of athleticism that I didn’t get from playing golf. I brought my strength and coordination from playing other sports to golf, which gave me a big advantage.\nRoss Parker/R&A\nI was always pretty small, so I learned how to swing hard to get as much distance as possible. I never did speed training, but swinging hard as a little kid taught me how to rotate and use the ground. During my junior year of high school, I grew a few inches and started hitting it much farther, so I worked on control. I strengthened my core, which made me stable enough to handle fast swing speeds. The coaches at Vanderbilt had been recruiting me but didn’t see me for a year because of COVID. When they saw me again, during my senior year, I had become a bomber.\n● ● ●\nI knew Vanderbilt was the right spot for me. Vandy is a three-hour drive from Birmingham—just far enough so that I wouldn’t have my parents knocking on my door every day. A guy I knew from Birmingham, Patrick Martin, played golf at Vanderbilt. He told me to learn how to do things on my own before college, like doing your own laundry and managing your own schedule. The less I had to figure out at college, the more headspace I would have for golf.\n● ● ●\nWe worked on course management as a team—that’s the biggest difference between junior and college golf: To be successful in college, you must learn where to hit it off the tee, when par is a good score and which pins to avoid hunting. The 2022 NCAA Championship was at Grayhawk Golf Club in Arizona, and after 72 holes, I was tied at the top with three other guys. The first playoff hole was 18. It’s a driver hole.\nI knew somebody had to step up and take it. I was nervous, but I hit my driver exactly where I wanted to. I had 140 yards in on the 520-yard hole. You can do the math. I wouldn’t have gone for the tricky pin in regulation, but I had a good number so I decided to be aggressive. When the five-footer to win fell, I didn’t process it for a few days. When I watched the video of the final putt, and I saw how happy my teammates and family were, the moment felt real.\n● ● ●\nAbout six months later, I got a call from Augusta National Golf Club. I could not believe the invitation to the Masters was real. An amateur hadn’t received a special invitation since 2000. It hurt to miss the cut, but playing the Masters and the 2023 U.S. Open allowed me to test my game against the best pros. I can hit it a long way, but distance is not as much of an advantage in the pro game. In college, you can get away with missing in the wrong spots. You can’t do that in professional golf. Playing alongside those guys, I saw that you want your rounds to look boring and methodical.\n● ● ●\nBy creating the Accelerated program, the tour is letting us college guys know they want us out there. We were all cheering for Nick Dunlap when he won in Palm Springs. I’ve played against him and was his teammate in the Walker Cup. Seeing a guy that I’ve beaten win on tour gives me confidence and motivation to know that my first tour win is not that far away.\nMore from Golf Digest cover story How To Compete: Nick Dunlap's keys to playing your best when it matters\n● ● ●\nThe program allows me to defer turning pro. I’ve decided to stay at Vanderbilt through my senior year. Education has always been important in our family, so I want to get my degree. By staying, I get another year to develop as a player with coach Limbaugh and my teammates. I signed NIL deals with Nike and Titleist, and they both supported my decision. So, I'm staying, and we’re getting to work to win a team NCAA Championship. -- with Keely Levins\nRELATED: The science behind golf's newest bomber",
    "highlightText": "",
    "highlightTitle": "",
    "highlightThreadTitle": "",
    "language": "english",
    "sentiment": "positive",
    "categories": [
        "Sport",
        "Human Interest"
    ],
    "external_links": [
        "https://www.youtube.com/embed/6Tv0fjK7LqU?si=d5GWfeMqQgyjLm-n",
        "https://youtube.com/embed/6Tv0fjK7LqU?si=d5GWfeMqQgyjLm-n",
        "https://www.youtube.com/embed/6Tv0fjK7LqU"
    ],
    "external_images": [],
    "entities": {
        "persons": [
            {
                "name": "nick dunlap",
                "sentiment": "negative"
            },
            {
                "name": "gordon sargent",
                "sentiment": "negative"
            }
        ],
        "organizations": [
            {
                "name": "pga tour",
                "sentiment": "negative"
            },
            {
                "name": "ncaa",
                "sentiment": "none"
            },
            {
                "name": "the country club",
                "sentiment": "none"
            },
            {
                "name": "vanderbilt",
                "sentiment": "none"
            }
        ],
        "locations": [
            {
                "name": "dothan",
                "sentiment": "none"
            },
            {
                "name": "ala.",
                "sentiment": "none"
            },
            {
                "name": "birmingham",
                "sentiment": "none"
            }
        ]
    },
    "rating": null,
    "crawled": "2024-04-19T00:09:03.632+03:00",
    "updated": "2024-04-19T00:09:03.632+03:00"
}