{
    "thread": {
        "uuid": "93b23c9d30b39f507bce0f475cc7ff298bd4a2b8",
        "url": "https://people.com/jenna-fischer-filmed-mean-girls-with-a-broken-shoulder-exclusive-8635592",
        "site_full": "people.com",
        "site": "people.com",
        "site_section": "https://ca.sports.yahoo.com/rss",
        "site_categories": [
            "society",
            "media",
            "television",
            "entertainment",
            "top_news"
        ],
        "section_title": "Yahoo! Sports - News, Scores, Standings, Rumors, Fantasy Games",
        "title": "Jenna Fischer Filmed Mean Girls with a Broken Shoulder (Exclusive)",
        "title_full": "Jenna Fischer Filmed Mean Girls with a Broken Shoulder (Exclusive)",
        "published": "2024-04-18T19:58:00.000+03:00",
        "replies_count": 0,
        "participants_count": 1,
        "site_type": "news",
        "country": "US",
        "main_image": "https://people.com/thmb/HXc7mAj8o16m8lPnQNhUy8rRIRw=/1500x0/filters:no_upscale():max_bytes(150000):strip_icc():focal(999x0:1001x2)/mean-girls-110823-4-96c564982c9b4abdbe9b6951d8e1bf4a.jpg",
        "performance_score": 0,
        "domain_rank": 716,
        "domain_rank_updated": "2024-04-16T13:07:52.000+03:00",
        "reach": null,
        "social": {
            "facebook": {
                "likes": 0,
                "comments": 0,
                "shares": 0
            },
            "gplus": {
                "shares": 0
            },
            "pinterest": {
                "shares": 0
            },
            "linkedin": {
                "shares": 0
            },
            "stumbledupon": {
                "shares": 0
            },
            "vk": {
                "shares": 0
            }
        }
    },
    "uuid": "93b23c9d30b39f507bce0f475cc7ff298bd4a2b8",
    "url": "https://people.com/jenna-fischer-filmed-mean-girls-with-a-broken-shoulder-exclusive-8635592",
    "ord_in_thread": 0,
    "parent_url": null,
    "author": "Vanessa Etienne",
    "published": "2024-04-18T19:58:00.000+03:00",
    "title": "Jenna Fischer Filmed Mean Girls with a Broken Shoulder (Exclusive)",
    "text": "Lifestyle Health Jenna Fischer Filmed Mean Girls with a Broken Shoulder: 'Still in Physical Therapy for It' (Exclusive) “It was the wildest experience,” the actress tells PEOPLE of hiding her injury on screen By Vanessa Etienne Vanessa Etienne Vanessa Etienne is an Emerging Content Writer-Reporter for PEOPLE. People Editorial Guidelines and Dory Jackson Dory Jackson Dory Jackson is an Associate Editor for PEOPLE's digital TV team. While at the brand, she's had the opportunity to interview a long list of celebrities, from Kate Hudson to Pierce Brosnan to Billy Porter. She has also helped recap popular TV shows like 'The Real Housewives of Beverly Hills,' 'Sister Wives' and 'Vanderpump Rules.' The New York-based Maryland native graduated from Randolph-Macon College in May 2016 with a focus on Communication Studies and Journalism. She came to PEOPLE in March 2021 after working at a number of major news companies, including Newsweek and Us Weekly. People Editorial Guidelines Updated on April 18, 2024 05:00PM EDT Close Jenna Fischer as Ms. Heron in Mean Girls. Photo: Jojo Whilden/Paramount Jenna Fischer revealed she filmed the new Mean Girls adaptation with a broken shoulder. Speaking with PEOPLE about reuniting her castmates in the all-new AT&T Business ad, the actress opened up about injuring herself during a ski trip and having to conceal it on screen. “I shot for one day on Mean Girls, and then I didn't have to shoot for a month,” the 50-year-old tells PEOPLE. “And in that month I went on a ski trip and I fell on a sidewalk and I broke my shoulder.” “So I had to shoot the rest of the movie with a very newly broken shoulder,” says Fischer, who plays Cady Heron’s mom in the musical comedy. The Office alum says the cast and crew were kind about accommodating her injury, noting that she couldn’t really move her right arm. “If you notice in the opening shot of the movie, I'm out in the middle of a field and Cady is singing, and I have a crossbody bag on. And I'm holding my crossbody bag,” she explains. “The reason I'm doing that is because I had to take my sling off. That was serving as a sling for me.” “So if you notice in the movie I am exclusively gesturing with my left arm. It was the wildest experience,” she continues. “So a big part of my role in Mean Girls was pretending I didn't have a broken shoulder.” Dev Patel Says He Broke His Hand While Filming Monkey Man: 'My Hand Was Like an Elephant’s Foot' Jenna Fischer. Eric McCandless via Getty Never miss a story — sign up for PEOPLE's free daily newsletter to stay up-to-date on the best of what PEOPLE has to offer, from celebrity news to compelling human interest stories. Fischer says that she’s just now able to raise her arm above her head, one year after the injury. “I'm still in physical therapy for it. I'm still rehabbing it,” she says. “It's a complicated injury, as anyone who's injured their shoulder will tell you.” Despite the broken shoulder, Fischer says that filming Mean Girls was an “amazing experience” for her and she’s thrilled that the movie has been well received. “I was so excited about the reaction to that movie because the people in that movie were so genuinely kind and wonderful and talented,” she says. “That young cast was just outstanding and it was one of those things where, when you finish shooting it, you think to yourself, ‘Gosh, I hope this movie does well because this is a good group.’ You want the good guy to win, right? So I was really rooting for it.”",
    "highlightText": "",
    "highlightTitle": "",
    "highlightThreadTitle": "",
    "language": "english",
    "sentiment": "positive",
    "categories": [
        "Human Interest",
        "Arts, Culture and Entertainment",
        "Health"
    ],
    "external_links": [
        "https://forms.dotdashmeredith.com/people-news-inline",
        "https://twitter.com/dory_jackson",
        "https://twitter.com/ness_atn",
        "https://www.instagram.com/dory_jackson/",
        "https://twitter.com/intent/tweet?url=https%3A%2F%2Fpeople.com%2Fjenna-fischer-filmed-mean-girls-with-a-broken-shoulder-exclusive-8635592%3Futm_source%3Dtwitter%26utm_medium%3Dsocial%26utm_campaign%3Dshareurlbuttons&via=people&text=Jenna+Fischer+Filmed+Mean+Girls+with+a+Broken+Shoulder%3A+%27Still+in+Physical+Therapy+for+It%27+%28Exclusive%29",
        "https://www.facebook.com/sharer/sharer.php?u=https%3A%2F%2Fpeople.com%2Fjenna-fischer-filmed-mean-girls-with-a-broken-shoulder-exclusive-8635592%3Futm_source%3Dfacebook.com%26utm_medium%3Dsocial%26utm_campaign%3Dsocial-share-article",
        "https://www.doryjackson.com/",
        "http://www.youtube.com/watch?v=pACSXhgDgn4",
        "https://www.doryjackson.com",
        "https://www.twitter.com/dory_jackson",
        "https://doryjackson.com/",
        "https://www.twitter.com/ness_atn",
        "https://instagram.com/dory_jackson/",
        "https://www.facebook.com/sharer/sharer.php",
        "https://facebook.com/sharer/sharer.php?u=https%3A%2F%2Fpeople.com%2Fjenna-fischer-filmed-mean-girls-with-a-broken-shoulder-exclusive-8635592%3Futm_source%3Dfacebook.com%26utm_medium%3Dsocial%26utm_campaign%3Dsocial-share-article",
        "https://www.forms.dotdashmeredith.com/people-news-inline",
        "http://youtube.com/watch?v=pACSXhgDgn4",
        "http://www.youtube.com/watch",
        "https://www.twitter.com/intent/tweet?url=https%3A%2F%2Fpeople.com%2Fjenna-fischer-filmed-mean-girls-with-a-broken-shoulder-exclusive-8635592%3Futm_source%3Dtwitter%26utm_medium%3Dsocial%26utm_campaign%3Dshareurlbuttons&via=people&text=Jenna+Fischer+Filmed+Mean+Girls+with+a+Broken+Shoulder%3A+%27Still+in+Physical+Therapy+for+It%27+%28Exclusive%29",
        "https://www.instagram.com/dory_jackson",
        "https://twitter.com/intent/tweet"
    ],
    "external_images": [],
    "entities": {
        "persons": [
            {
                "name": "jenna fischer",
                "sentiment": "negative"
            },
            {
                "name": "heron",
                "sentiment": "none"
            },
            {
                "name": "pierce brosnan",
                "sentiment": "none"
            },
            {
                "name": "billy porter",
                "sentiment": "none"
            },
            {
                "name": "vanessa etienne vanessa etienne vanessa etienne",
                "sentiment": "none"
            },
            {
                "name": "kate hudson",
                "sentiment": "none"
            },
            {
                "name": "paramoun",
                "sentiment": "none"
            },
            {
                "name": "dory jackson dory jackson dory jackson",
                "sentiment": "none"
            },
            {
                "name": "jojo whilden",
                "sentiment": "none"
            }
        ],
        "organizations": [
            {
                "name": "us weekly",
                "sentiment": "none"
            },
            {
                "name": "newsweek",
                "sentiment": "none"
            },
            {
                "name": "randolph-macon college",
                "sentiment": "none"
            }
        ],
        "locations": [
            {
                "name": "beverly hills",
                "sentiment": "none"
            },
            {
                "name": "new york",
                "sentiment": "none"
            },
            {
                "name": "maryland",
                "sentiment": "none"
            }
        ]
    },
    "rating": null,
    "crawled": "2024-04-19T00:05:10.074+03:00",
    "updated": "2024-04-19T03:11:28.751+03:00"
}