{
    "thread": {
        "uuid": "36409d73240728b40c1877e2b969dce6eb3f282e",
        "url": "https://www.cmjornal.pt/sociedade/detalhe/metro-de-lisboa-abre-inquerito-a-descarrilamento-de-composicao-na-linha-verde",
        "site_full": "www.cmjornal.pt",
        "site": "cmjornal.pt",
        "site_section": "https://cmjornal.pt/cultura",
        "site_categories": [
            "media",
            "top_news"
        ],
        "section_title": "Cultura  - As principais notícias no Correio da Manhã",
        "title": "Metro de Lisboa abre inquérito a descarrilamento de composição na Linha Verde - Sociedade - Correio da Manhã",
        "title_full": "Metro de Lisboa abre inquérito a descarrilamento de composição na Linha Verde - Sociedade - Correio da Manhã",
        "published": "2024-05-24T12:28:00.000+03:00",
        "replies_count": 0,
        "participants_count": 1,
        "site_type": "news",
        "country": "PT",
        "main_image": "https://cdn.cmjornal.pt/images/2023-08/img_1200x676$2023_08_27_19_16_20_1428981.jpg",
        "performance_score": 0,
        "domain_rank": 22494,
        "domain_rank_updated": "2024-05-21T13:07:53.000+03:00",
        "reach": null,
        "social": {
            "facebook": {
                "likes": 0,
                "comments": 0,
                "shares": 0
            },
            "gplus": {
                "shares": 0
            },
            "pinterest": {
                "shares": 0
            },
            "linkedin": {
                "shares": 0
            },
            "stumbledupon": {
                "shares": 0
            },
            "vk": {
                "shares": 0
            }
        }
    },
    "uuid": "36409d73240728b40c1877e2b969dce6eb3f282e",
    "url": "https://www.cmjornal.pt/sociedade/detalhe/metro-de-lisboa-abre-inquerito-a-descarrilamento-de-composicao-na-linha-verde",
    "ord_in_thread": 0,
    "parent_url": null,
    "author": "Lusa",
    "published": "2024-05-24T12:28:00.000+03:00",
    "title": "Metro de Lisboa abre inquérito a descarrilamento de composição na Linha Verde - Sociedade - Correio da Manhã",
    "text": "Aluno de 16 anos morre de meningite em Odivelas Enfermeira viu alemão procurado pela Polícia Judiciária junto ao Hospital de Viseu Padroeiro da Internet que morreu aos 15 anos vai ser o novo santo da Igreja Quem são as vítimas do desabamento de restaurante em Palma de Maiorca Grupo rapta e marca rapaz com ferro em brasa na Moita Letizia e Felipe VI já vivem separados. Saiba tudo aqui Taylor Swift faz a terra tremer? Investigadores vão medir atividade sísmica durante concertos “Acordámos às 5h00”: Fãs chegaram cedo à Luz para garantir o melhor lugar na grande noite de Taylor Swift David Carreira e Carolina Carvalho vão ser pais pela segunda vez? Saiba tudo aqui Veja o vídeo da incrível festa \"Somos Todos Gamers\" com os convidados especiais Inês Aires Pereira fala da separação Morreu Morgan Spurlock, o realizador que comeu McDonald's durante um mês para gravar documentário O homem que queria matar André Ventura e o pânico no voo SQ321 \"Os últimos sete meses têm sido um pesadelo\": Irmão de jovem raptada pelo Hamas revela angústia da família IPMA alerta para aumento de caravelas-portuguesas nas zonas costeiras. Saiba que cuidados deve ter Raio mata treinador de futebol em França Quer receber as últimas notícias no seu telemóvel ainda mais rápido? Siga aqui o ALERTA CM Metro de Lisboa abre inquérito a descarrilamento de composição na Linha Verde Circulação está interrompida. Lusa 10:28 A carregar o vídeo ... Descarrilamento do metro em Alvalade corta circulação na Linha Verde O Metropolitano de Lisboa (ML) abriu um inquérito para averiguar as circunstâncias em que ocorreu o descarrilamento de uma composição do metro esta sexta-feira de manhã em Alvalade, informou a empresa. \"O Metropolitano de Lisboa abriu já inquérito para averiguar as circunstâncias em que ocorreu esta situação e, sempre que se justifique, divulgará novas informações através dos seus canais de comunicação\", indicou a empresa num comunicado.\nEm comunicado, o ML refere que a circulação de comboios nas linhas Amarela e Verde está interrompida desde as 7h48 e que não se verificaram quaisquer danos pessoais.",
    "highlightText": "",
    "highlightTitle": "",
    "highlightThreadTitle": "",
    "language": "portuguese",
    "sentiment": "negative",
    "categories": [
        "Disaster and Accident",
        "Religion and Belief",
        "Human Interest"
    ],
    "webz_reporter": false,
    "external_links": [
        "https://www.vidas.pt/a-ferver/detalhe/letizia-e-felipe-vi-ja-vivem-separados-saiba-tudo-aqui?ref=Ultimas_DestaquesPrincipais",
        "https://whatsapp.com/channel/0029VaEc0mX2P59fYdyEV53o",
        "https://www.vidas.pt/a-ferver/detalhe/ines-aires-pereira-fala-da-separacao",
        "https://vidas.pt/a-ferver/detalhe/letizia-e-felipe-vi-ja-vivem-separados-saiba-tudo-aqui?ref=Ultimas_DestaquesPrincipais",
        "https://www.whatsapp.com/channel/0029VaEc0mX2P59fYdyEV53o",
        "https://vidas.pt/a-ferver/detalhe/ines-aires-pereira-fala-da-separacao",
        "https://www.vidas.pt/a-ferver/detalhe/letizia-e-felipe-vi-ja-vivem-separados-saiba-tudo-aqui"
    ],
    "external_images": [],
    "entities": {
        "persons": [],
        "organizations": [],
        "locations": []
    },
    "rating": null,
    "crawled": "2024-05-24T12:35:39.171+03:00",
    "updated": "2024-05-24T19:26:22.773+03:00"
}