{
    "thread": {
        "uuid": "94b9893fd1e09ee3a9581efda6ea6f064a94e8d3",
        "url": "https://www.yenisafak.com/fr/video/international/islamophobie-limam-ismail-interdit-de-proner-le-vivre-ensemble-27117",
        "site_full": "www.yenisafak.com",
        "site": "yenisafak.com",
        "site_section": "https://www.yenisafak.com/fr",
        "site_categories": [
            "media",
            "top_news"
        ],
        "section_title": "Turquie Actualité, Actualités turques, actualités du monde, Nouvelle Aube",
        "title": "Islamophobie: L'imam Ismaïl interdit de prôner le vivre ensemble | Europe",
        "title_full": "Islamophobie: L'imam Ismaïl interdit de prôner le vivre ensemble | Europe",
        "published": "2024-05-24T03:00:00.000+03:00",
        "replies_count": 0,
        "participants_count": 1,
        "site_type": "news",
        "country": "TR",
        "main_image": "https://img.piri.net/piri/upload/3/2024/5/24/3733754d-bfcbq81902o5dz890ijjj.jpeg",
        "performance_score": 0,
        "domain_rank": 12403,
        "domain_rank_updated": "2024-05-21T13:07:53.000+03:00",
        "reach": null,
        "social": {
            "facebook": {
                "likes": 0,
                "comments": 0,
                "shares": 0
            },
            "gplus": {
                "shares": 0
            },
            "pinterest": {
                "shares": 0
            },
            "linkedin": {
                "shares": 0
            },
            "stumbledupon": {
                "shares": 0
            },
            "vk": {
                "shares": 0
            }
        }
    },
    "uuid": "94b9893fd1e09ee3a9581efda6ea6f064a94e8d3",
    "url": "https://www.yenisafak.com/fr/video/international/islamophobie-limam-ismail-interdit-de-proner-le-vivre-ensemble-27117",
    "ord_in_thread": 0,
    "parent_url": null,
    "author": "La rédaction",
    "published": "2024-05-24T03:00:00.000+03:00",
    "title": "Islamophobie: L'imam Ismaïl interdit de prôner le vivre ensemble | Europe",
    "text": "En France, l'imam Ismaïl de la mosquée des Bleuets à Marseille, est au centre d'une controverse après l'interdiction d'une conférence sur le \"vivre ensemble\". Un épisode choquant dans la longue série des actions islamophobes du ministre de l’Intérieur français Gérald Darmanin, plus que jamais déterminé à faire taire la communauté musulmane. Dans un épisode choquant de ce qui semble être une répression croissante contre les voix de la diversité religieuse, l'imam Ismaïl, de la mosquée des Bleuets à Marseille, se retrouve au cœur d'une controverse juridique et politique. Une conférence sur le vivre ensemble interdite Nous voulions simplement discuter de la manière dont les croyances religieuses peuvent contribuer à un meilleur vivre ensemble. Accusations infondées et diffamation Je ne suis pas salafiste, les salafistes disent que je ne suis pas salafiste, mais le gouvernement me qualifie de salafiste. Un camouflet pour le gouvernement Au lieu de s'attaquer à ces problèmes, ils préfèrent cibler les voix de la diversité religieuse.",
    "highlightText": "",
    "highlightTitle": "",
    "highlightThreadTitle": "",
    "language": "french",
    "sentiment": "negative",
    "categories": [
        "Social Issue",
        "Religion and Belief"
    ],
    "webz_reporter": false,
    "external_links": [],
    "external_images": [],
    "entities": {
        "persons": [],
        "organizations": [],
        "locations": []
    },
    "rating": null,
    "crawled": "2024-05-24T20:41:48.967+03:00",
    "updated": "2024-05-24T20:41:48.967+03:00"
}