{
    "thread": {
        "uuid": "6f17d56565e90b47e0260f95da1be320bc230730",
        "url": "https://www.asianews.it/news-en/Burmese-army-attacks-Kachin-village%3A-30-detained%2C-including-Christian-leaders-60803.html",
        "site_full": "www.asianews.it",
        "site": "asianews.it",
        "site_section": "http://www.asianews.it/en.xml",
        "site_categories": [
            "media"
        ],
        "section_title": "www.asianews.it",
        "title": "Burmese army attacks Kachin village: 30 detained, including Christian leaders",
        "title_full": "Burmese army attacks Kachin village: 30 detained, including Christian leaders",
        "published": "2024-05-24T09:16:00.000+03:00",
        "replies_count": 0,
        "participants_count": 1,
        "site_type": "news",
        "country": "IT",
        "main_image": "https://www.asianews.it/./files/img/size3/Asia_Today_.png",
        "performance_score": 0,
        "domain_rank": 13226,
        "domain_rank_updated": "2024-05-21T13:07:53.000+03:00",
        "reach": null,
        "social": {
            "facebook": {
                "likes": 0,
                "comments": 0,
                "shares": 0
            },
            "gplus": {
                "shares": 0
            },
            "pinterest": {
                "shares": 0
            },
            "linkedin": {
                "shares": 0
            },
            "stumbledupon": {
                "shares": 0
            },
            "vk": {
                "shares": 0
            }
        }
    },
    "uuid": "6f17d56565e90b47e0260f95da1be320bc230730",
    "url": "https://www.asianews.it/news-en/Burmese-army-attacks-Kachin-village%3A-30-detained%2C-including-Christian-leaders-60803.html",
    "ord_in_thread": 0,
    "parent_url": null,
    "author": "AsiaNews.it",
    "published": "2024-05-24T09:16:00.000+03:00",
    "title": "Burmese army attacks Kachin village: 30 detained, including Christian leaders",
    "text": "Burmese army attacks Kachin village: 30 detained, including Christian leaders\nToday's news: Poverty in Lebanon tripled in a decade; Summit between leaders of South Korea, China and Japan on 26-27 May in Seoul, first trilateral talks in four years; Heavy pre-monsoon rains claim seven victims in Kerala; A centuries-old Armenian church reopens in Zakho, Iraq; Russian local government offers children a prize trip to ‘fascinating’ North Korea.\nMYANMAR\nMyanmar's coup army raided\nthe village of Hapakant in northern Kachin State yesterday, detaining more than 30 people including Christian leaders and teenagers on charges of supporting a rebel group. About 100 soldiers stormed the area before dawn, rounding up residents in a school. Those detained were released after nine hours of interrogation. At least 20,000 trapped in fighting in Maungdaw, western Rakhine State.\nLEBANON\nThe\n poverty rate in Lebanon has tripled in a decade, affecting one in three people and exacerbated by the economic crisis that erupted in 2019 and the conflict in the south with Israel. According to a World Bank report, the figure has risen from 12 per cent in 2012 to 44 per cent in 2022 and, in some rural areas, it will reach 62 per cent. As for Syrian refugees, nine out of 10 are below the poverty line.\nSOUTH KOREA - CHINA - JAPAN\nThe leaders of South Korea, China and Japan\nwill meet on 26-27 May in Seoul for the first trilateral talks in over four years. South Korean Prime Minister Yoon Suk Yeol will hold bilateral talks with Chinese counterpart Li Qiang and Japanese counterpart Fumio Kishida, while on the second day there will be a three-way mini-summit. They will discuss economics and trade, sustainable development, health, science and technology, disaster management and security, and people-to-people exchanges.\nINDIA\nAt least seven people have died in the southern state of Kerala from\nheavy pre-monsoon rains, while the rest of the Asian sub-continent remains affected by a persistent heat wave that has claimed lives in several countries. Showers were 18% higher than normal in the area, causing heavy flooding and disrupting flights at the Kozhikode airport.\nIRAQ\nWith the support of Erbil, Hungary and the Armenian Archdiocese of Iraq,\na 100-year-old church was reopened in recent days in Zakho, Kurdistan. The building is one of five Armenian places of worship in the northern autonomous region, built in 1923. At the inauguration, former MP Yarwant Aminyan recalled that the town opened its doors to survivors of the 1915 genocide.\nRUSSIA - NORTH KOREA\nThe administration of Russia's eastern Primorje region decided to celebrate Child Protection Day by offering children a great sightseeing trip to the ‘fascinating country’ of North Korea. The programme includes visits to the zoo and the Aquapark, a visit to Pyongyang and ‘much more’, thanks to an agreement between the governments of the two countries.\nKYRGYZSTAN - UZBEKISTAN - TAJIKISTAN\nThe Prime Minister of Kyrgyzstan, Akylbek Žaparov, told the Republican Plenary Assembly that ‘with Uzbekistan we have closed all border disputes’. With Tajikistan ‘little remains’, negotiations are slow and laborious, but ‘we trust to conclude as soon as possible, to defend the integrity of our territory and the unity of our people’.\nProtests in Thailand against senators who did not choose Pita Limjaroenrat as prime minister\n15/07/2023\nChinese blogger who denounced pandemic released from prison but with restrictions on freedom\n22/05/2024 09:19",
    "highlightText": "",
    "highlightTitle": "",
    "highlightThreadTitle": "",
    "language": "english",
    "sentiment": "negative",
    "categories": [
        "Religion and Belief",
        "War, Conflict and Unrest",
        "Human Interest"
    ],
    "webz_reporter": false,
    "external_links": [
        "https://www.al-monitor.com/originals/2024/05/poverty-lebanon-tripled-44-high-62-rural-areas-world-bank",
        "https://www.rfa.org/english/news/myanmar/kachin-state-arrests-05232024080323.html",
        "https://www.kurdistan24.net/en/story/34972-101-year-old-Armenian-Church-reopened-in-Zakho?__cf_chl_tk=uBQCq_Q6zAQEHZwrbMGaH1_k1ZeRiAz1eW9Pinii.I4-1716535363-0.0.1.1-1642#",
        "https://www.rfa.org/english/news/myanmar/civilians-trapped-maungdaw-rakhine-05232024163703.html",
        "https://www.reuters.com/world/india/seven-dead-south-india-after-heavier-than-normal-pre-monsoon-rains-2024-05-23/",
        "https://www.rfa.org/english/news/china/skorea-china-japan-summit-05232024041944.html",
        "https://www.kurdistan24.net/en/story/34972-101-year-old-Armenian-Church-reopened-in-Zakho",
        "https://kurdistan24.net/en/story/34972-101-year-old-Armenian-Church-reopened-in-Zakho?__cf_chl_tk=uBQCq_Q6zAQEHZwrbMGaH1_k1ZeRiAz1eW9Pinii.I4-1716535363-0.0.1.1-1642#",
        "https://rfa.org/english/news/myanmar/kachin-state-arrests-05232024080323.html",
        "https://rfa.org/english/news/myanmar/civilians-trapped-maungdaw-rakhine-05232024163703.html",
        "https://www.reuters.com/world/india/seven-dead-south-india-after-heavier-than-normal-pre-monsoon-rains-2024-05-23",
        "https://reuters.com/world/india/seven-dead-south-india-after-heavier-than-normal-pre-monsoon-rains-2024-05-23/",
        "https://rfa.org/english/news/china/skorea-china-japan-summit-05232024041944.html",
        "https://al-monitor.com/originals/2024/05/poverty-lebanon-tripled-44-high-62-rural-areas-world-bank"
    ],
    "external_images": [],
    "entities": {
        "persons": [],
        "organizations": [
            {
                "name": "christian",
                "sentiment": "negative"
            },
            {
                "name": "heavy",
                "sentiment": "none"
            },
            {
                "name": "world bank",
                "sentiment": "none"
            }
        ],
        "locations": [
            {
                "name": "kachin",
                "sentiment": "none"
            },
            {
                "name": "kachin state",
                "sentiment": "none"
            },
            {
                "name": "japan",
                "sentiment": "none"
            },
            {
                "name": "zakho",
                "sentiment": "none"
            },
            {
                "name": "lebanon",
                "sentiment": "none"
            },
            {
                "name": "myanmar myanmar",
                "sentiment": "none"
            },
            {
                "name": "north korea",
                "sentiment": "none"
            },
            {
                "name": "lebanon",
                "sentiment": "none"
            },
            {
                "name": "south korea",
                "sentiment": "none"
            },
            {
                "name": "seoul",
                "sentiment": "none"
            },
            {
                "name": "china",
                "sentiment": "none"
            },
            {
                "name": "rakhine state",
                "sentiment": "none"
            },
            {
                "name": "iraq",
                "sentiment": "none"
            },
            {
                "name": "israel",
                "sentiment": "none"
            },
            {
                "name": "maungdaw",
                "sentiment": "none"
            },
            {
                "name": "kerala",
                "sentiment": "none"
            }
        ]
    },
    "rating": null,
    "crawled": "2024-05-24T10:32:25.073+03:00",
    "updated": "2024-05-24T10:32:25.073+03:00"
}