{
    "thread": {
        "uuid": "e031adf98dacc129cb3b51961e892506b3cd7321",
        "url": "https://www.infobae.com/america/america-latina/2024/05/24/la-comunidad-judia-de-uruguay-esta-en-alerta-por-el-aumento-de-los-incidentes-antisemitas-en-internet",
        "site_full": "www.infobae.com",
        "site": "infobae.com",
        "site_section": "https://www.infobae.com/feeds/rss/sites/america",
        "site_categories": [
            "media"
        ],
        "section_title": "Infobae.com",
        "title": "La comunidad judía de Uruguay está en alerta por el aumento de los incidentes antisemitas en internet",
        "title_full": "La comunidad judía de Uruguay está en alerta por el aumento de los incidentes antisemitas en internet",
        "published": "2024-05-24T23:25:00.000+03:00",
        "replies_count": 0,
        "participants_count": 0,
        "site_type": "news",
        "country": "US",
        "main_image": "https://www.infobae.com/new-resizer/wy1u-IJ6cx2PcoBxWFS8Vul6PIY=/1200x630/filters:format(webp):quality(85)/cloudfront-us-east-1.images.arcpublishing.com/infobae/6NRP2WZZXFCMZNHMQESASXVYME.jpg",
        "performance_score": 0,
        "domain_rank": 2052,
        "domain_rank_updated": "2024-05-21T13:07:53.000+03:00",
        "reach": null,
        "social": {
            "facebook": {
                "likes": 0,
                "comments": 0,
                "shares": 0
            },
            "gplus": {
                "shares": 0
            },
            "pinterest": {
                "shares": 0
            },
            "linkedin": {
                "shares": 0
            },
            "stumbledupon": {
                "shares": 0
            },
            "vk": {
                "shares": 0
            }
        }
    },
    "uuid": "e031adf98dacc129cb3b51961e892506b3cd7321",
    "url": "https://www.infobae.com/america/america-latina/2024/05/24/la-comunidad-judia-de-uruguay-esta-en-alerta-por-el-aumento-de-los-incidentes-antisemitas-en-internet",
    "ord_in_thread": 0,
    "parent_url": null,
    "author": null,
    "published": "2024-05-24T23:25:00.000+03:00",
    "title": "La comunidad judía de Uruguay está en alerta por el aumento de los incidentes antisemitas en internet",
    "text": "(Desde Montevideo, Uruguay) El contenido antisemita en redes sociales en español se triplicó durante 2023, según datos del Observatorio Web, un producto que monitorea el antisemitismo y es un programa conjunto entre el Congreso Judío Latinoamericano, AMIA y DAIA. Uruguay no ha sido ajeno a esa realidad y presentó por tercer año consecutivo el mayor porcentaje de comentarios antisemitas en sitios digitales, seguido de Panamá y Chile, según el informe consignado por el diario uruguayo El País.",
    "highlightText": "",
    "highlightTitle": "",
    "highlightThreadTitle": "",
    "language": "spanish",
    "sentiment": "negative",
    "categories": [
        "Social Issue",
        "Religion and Belief"
    ],
    "webz_reporter": false,
    "external_links": [],
    "external_images": [],
    "entities": {
        "persons": [],
        "organizations": [],
        "locations": []
    },
    "rating": null,
    "crawled": "2024-05-24T23:34:26.531+03:00",
    "updated": "2024-05-25T00:02:43.822+03:00"
}