{
    "thread": {
        "uuid": "a356a9dead59994c8bec116ff3c60a36104c453e",
        "url": "https://animalpolitico.com/estados/obispo-salvador-rangel-reaparece-en-misa-fiscalia-insiste-en-secuestro",
        "site_full": "animalpolitico.com",
        "site": "animalpolitico.com",
        "site_section": "https://animalpolitico.com/estados",
        "site_categories": [
            "top_news"
        ],
        "section_title": "Animal Politico - Estados",
        "title": "Obispo Salvador Rangel reaparece en misa; fiscalía insiste en hipótesis de secuestro e identificó a un presunto responsable",
        "title_full": "Obispo Salvador Rangel reaparece en misa; fiscalía insiste en hipótesis de secuestro e identificó a un presunto responsable",
        "published": "2024-05-23T03:00:00.000+03:00",
        "replies_count": 0,
        "participants_count": 1,
        "site_type": "news",
        "country": "MX",
        "main_image": "https://ap-cdn.sfo3.digitaloceanspaces.com/uploads/2024/05/obispo-salvador-rangel.jpg",
        "performance_score": 0,
        "domain_rank": 15828,
        "domain_rank_updated": "2024-05-21T13:07:53.000+03:00",
        "reach": null,
        "social": {
            "facebook": {
                "likes": 0,
                "comments": 0,
                "shares": 0
            },
            "gplus": {
                "shares": 0
            },
            "pinterest": {
                "shares": 0
            },
            "linkedin": {
                "shares": 0
            },
            "stumbledupon": {
                "shares": 0
            },
            "vk": {
                "shares": 0
            }
        }
    },
    "uuid": "a356a9dead59994c8bec116ff3c60a36104c453e",
    "url": "https://animalpolitico.com/estados/obispo-salvador-rangel-reaparece-en-misa-fiscalia-insiste-en-secuestro",
    "ord_in_thread": 0,
    "parent_url": null,
    "author": "Redacción Animal Político",
    "published": "2024-05-23T03:00:00.000+03:00",
    "title": "Obispo Salvador Rangel reaparece en misa; fiscalía insiste en hipótesis de secuestro e identificó a un presunto responsable",
    "text": "Salvador Rangel Mendoza , obispo emérito de la Diócesis de Chilpancingo-Chilapa , reapareció este jueves 23 de mayo en una misa en la catedral de Chilapa, a casi un mes de su desaparición y posterior localización en un hospital de Morelos. “Oremos por el monseñor Salvador Rangel que lo teníamos perdido y afortunadamente está con vida”, dijo el obispo de la diócesis José de Jesús González Hernández, quien estuvo presente en la misa. Lee: Localizan con vida a Salvador Rangel, obispo que había sido reportado como desaparecido en Morelos En una breve transmisión de video en vivo, a través de las redes sociales de la Diócesis, se observa a Salvador Rangel en la celebración eclesiástica; sin embargo, no tomó la palabra durante todo el oficio. Días antes de su reaparición, el Obismo dio a conocer que no presentará ninguna denuncia en contra de sus agresores. “En ejercicio de mis derechos constitucionales, no presentaré ninguna denuncia contra las personas que tanto mal me han hecho”, informó en un comunicado el pasado 8 de mayo. Un día antes de la reaparición del obispo, Uriel Carmona Gándara, fiscal de Morelos, dio a conocer que ya identificaron a una persona que posiblemente esté involucrada en la desaparición del prelado. “Ya tenemos una persona a la que estamos buscando para cuestionarlo en relación a esos hechos”, dijo. El funcionario insitió en que Salvador Rangel fue víctima de un delito, por lo que continuarán con la línea de investigación sobre el presunto secuestro. “Hasta donde vamos, el obispo emérito fue víctima de un delito y vamos a dar con el responsable”, explicó. Lee: Fiscalía y Seguridad de Morelos se contradicen respecto a lo que ocurrió con el obispo de Guerrero; Episcopado pide no especular Carmona aseguró que la línea de investigación sobre el secuestro está fundamentada en investigaciones, informes periciales, videos, declaraciones y otros datos verificables. El obispo Salvador Rangel Mendoza desapareció la tarde del 27 de abril . Dos días después fue localizado con vida en un hospital de Morelos. Tras darse a conocer la noticia, el fiscal de Morelos dijo que una de las líneas de investigación era un probable secuestro exprés. Sin embargo, el caso de la desaparición y posterior localización con vida del obispo tuvo contradicciones de las mismas autoridades, particularmente de la Fiscalía y la Comisión Estatal de Seguridad Pública de Morelos. Las versiones respecto a lo que pudo haber ocurrido con el religioso cambiaron de manera radical, ya que tanto el gobernador interino de Morelos, Samuel Sotelo, como el titular de la Comisión Estatal de Seguridad Pública (CES), José Antonio Ortiz Guarneros, dijeron que no hay indicios de un secuestro. Según el titular de Seguridad Pública, el obispo supuestamente entró, de manera voluntaria, a un motel con otra persona. “Hasta donde sabemos entró voluntariamente a un motel, con una persona del mismo sexo, esa persona después se retiró”, explicó el titular de seguridad. Posteriormente, el gobernador interino coincidió con Ortiz Guarneros respecto a que no hay evidencia sobre un posible secuestro. “No tenemos, hasta el día de hoy, un solo elemento para determinar que haya sido privado de la libertad como tal; los datos que se tienen objetivos es que hubo dos retiros, de dos cajeros, uno en la mañana del sábado y otro en la tarde noche, pero no hay una cámara que haya visto que lo hayan privado de la libertad”, aseguró el gobernador. Con información de Amapola Periodismo Tomás Ross sufre la distrofia muscular Duchenne. Su madre, Camila Gómez, libra una carrera kilométrica contra el tiempo para conseguir fondos para su tratamiento. Caminar los más de 1.300 kilómetros que separan la comuna de Ancud en Chiloé con el Palacio de la Moneda en Santiago en Chile puede parecer una quimera para muchos. No así para la chilena Camila Gómez, una madre que completa este desafío con el objetivo de recaudar 3.500 millones de pesos (US$3.740) para comprar un medicamento vital para su hijo de cinco años y visibilizar la causa de pacientes con enfermedades raras en Chile. El tiempo apremia. Su niño, Tomás Ross, sufre distrofia muscular Duchenne, una dolencia severa que empeora con rapidez. Si no recibe el fármaco cuanto antes, será difícil detener la enfermedad. “Es un medicamento muy caro y una enfermedad que en Chile no tiene oportunidades, pero sí las hay en el extranjero”, le dice Gómez a BBC Mundo. Miles de chilenos se volcaron con el caso de Gómez, cuya determinación se viralizó por el país. La madre partió de Ancud el pasado 28 de abril junto a Marcos Reyes, presidente de la corporación Familias Duchenne en Chile, quien también tiene dos niños adolescentes con la enfermedad. Fue precisamente Reyes quien le sugirió a Gómez la idea de la caminata. “Caminanos por todos los niños y familias que sufren la enfermedad. El tiempo se acaba”, dijo Gómez en una entrevista con el noticiero nacional 24 horas. El objetivo, además de recaudar fondos y visibilizar sus causas, es conseguir que el presidente chileno Gabriel Boric “lleve un proyecto de ley al Congreso” que permita mejorar la cobertura de enfermedades raras en el país, según le explica Reyes a BBC Mundo. Tomás Ross fue diagnosticado con Duchenne en marzo 2023. “Nació sanito, sin ningún problema ni complicación, hasta que a los cuatro años nos dimos cuenta de que tenía dificultad para subir escaleras y realizar algunos tipos de actividad física“, contó Gómez en redes sociales. “Hasta ese momento no había cura, pero desde hace unos meses tenemos una esperanza; en EE.UU se aprobó el primer medicamento cuyo objetivo es detener la progresión de la enfermedad”, continuó Gómez. Este fármaco se comercializa como elevidys y se administra vía intravenosa en pacientes que, como Ross, tienen entre cuatro y cinco años. Existen varios tipos de distrofia muscular, aunque Duchenne es la forma más común y también una de las más severas. La enfermedad se desata debido a un gen defectuoso que resulta en la ausencia de distrofina, una proteína que ayuda a mantener intactas las células del cuerpo. Los pacientes pueden desarrollar problemas al caminar y correr, fatiga, dificultades de aprendizaje y deficiencias cardiacas y respiratorias por el debilitamiento de músculos vitales en estas funciones. Los servicios nacionales de salud británicos indican que normalmente afecta a niños de temprana edad y que las personas con esta dolencia normalmente viven hasta los 20 o 30 años. Gómez habla con BBC Mundo este domingo 12 de mayo en “una pequeña pausa, mientras come un poquitico”. Ya lleva más de dos semanas de una travesía a la que le queda alrededor de la mitad. Al momento de hablar se encuentra en el peaje de Púa, en la Región de la Araucanía, todavía a más de 600 kilómetros de la capital. “Es una locura esta travesía, pero creemos que está resultando más de lo imaginado”, dice Gómez. La primera semana fue dura, pero la madre cuenta que con el paso de los días todo va resultando más fácil. “Es impresionante cómo el cuerpo se adapta al ritmo y ya no es tan terrible”, comenta. También le ayuda el impulso emocional que recibió por sorpresa el pasado viernes 10 de mayo con motivo del Día de la Madre. Su hijo Tomás la encontró en la ciudad de Temuco, acompañado por su padre Alex Ross, para darle un abrazo, un ramo de flores y una recarga de ánimos. “El niño sabe que su mamá reúne platica para encontrarle un remedio, pero solo estuvo un ratico y se volvió para Chiloé. Por la enfermedad que tiene no se debe refriar”, le dice Alex Ross a BBC Mundo. Hasta el 10 de mayo, la familia había conseguido recaudar más de la mitad de los fondos. Gómez documenta su recorrido en sus cuentas en redes sociales, donde recibe miles de mensajes de apoyo, cientos de miles de visualizaciones en sus videos, la atención de la prensa y la compañía de otros caminantes que se unen en algunos tramos de su recorrido. “Esto creció tanto que debo ayudar con todo el tema logístico: les busco alojamiento, alimentación, les asisto en la ruta con ropa seca, busco podólogos, kinesiólogos y medicamentos”, dice Alex Ross. Camila Gómez y Marcos Reyes esperan llegar a La Moneda a fines de mayo, dependiendo de las condiciones climatológicas. Un largo camino para visibilizar sus causas que va más allá de los más de 1.300 kilómetros que habrán recorrido al término de su trayecto. Haz clic aquí para leer más historias de BBC News Mundo. También puedes seguirnos en YouTube , TikTok , X , canal de WhatsApp , donde encontrarás noticias de última hora y nuestro mejor contenido. Y recuerda que puedes recibir notificaciones en nuestra app. Descarga la última versión y actívalas.",
    "highlightText": "",
    "highlightTitle": "",
    "highlightThreadTitle": "",
    "language": "spanish",
    "sentiment": "negative",
    "categories": [
        "Crime, Law and Justice",
        "Human Interest",
        "Religion and Belief"
    ],
    "webz_reporter": false,
    "external_links": [
        "https://www.bbc.com/mundo/articles/cekle1dk38eo",
        "https://amapolaperiodismo.com/2024/05/23/reaparece-en-publico-el-obispo-salvador-rangel-a-casi-un-mes-de-su-desaparicion/",
        "https://www.tiktok.com/@bbcnewsmundo?is_from_webapp=1&sender_device=pc",
        "https://twitter.com/bbcmundo",
        "https://www.bbc.com/mundo?xtor=AL-73-%5Bpartner%5D-%5Banimalpolitico.com%5D-%5Blink%5D-%5Bmundo%5D-%5Bbizdev%5D-%5Bisapi%5D",
        "https://www.facebook.com/chilapensis/videos/1127162928569493",
        "https://www.youtube.com/user/BBCMundo?sub_confirmation=1",
        "https://whatsapp.com/channel/0029VaUm1Ss3WHTbgIXrjw3D",
        "https://www.twitter.com/bbcmundo",
        "https://www.whatsapp.com/channel/0029VaUm1Ss3WHTbgIXrjw3D",
        "https://www.tiktok.com/@bbcnewsmundo",
        "https://tiktok.com/@bbcnewsmundo?is_from_webapp=1&sender_device=pc",
        "https://facebook.com/chilapensis/videos/1127162928569493",
        "https://www.bbc.com/mundo",
        "https://www.amapolaperiodismo.com/2024/05/23/reaparece-en-publico-el-obispo-salvador-rangel-a-casi-un-mes-de-su-desaparicion/",
        "https://www.youtube.com/user/BBCMundo",
        "https://bbc.com/mundo/articles/cekle1dk38eo",
        "https://youtube.com/user/BBCMundo?sub_confirmation=1",
        "https://bbc.com/mundo?xtor=AL-73-%5Bpartner%5D-%5Banimalpolitico.com%5D-%5Blink%5D-%5Bmundo%5D-%5Bbizdev%5D-%5Bisapi%5D",
        "https://amapolaperiodismo.com/2024/05/23/reaparece-en-publico-el-obispo-salvador-rangel-a-casi-un-mes-de-su-desaparicion"
    ],
    "external_images": [],
    "entities": {
        "persons": [],
        "organizations": [],
        "locations": []
    },
    "rating": null,
    "crawled": "2024-05-24T04:21:15.467+03:00",
    "updated": "2024-05-24T04:21:15.467+03:00"
}