{
    "thread": {
        "uuid": "68cd7ff0fbde14d8b2d06ace18277cb80df60250",
        "url": "https://spain.shafaqna.com/ES/AL/7133968",
        "site_full": "spain.shafaqna.com",
        "site": "shafaqna.com",
        "site_section": "https://spain.shafaqna.com/",
        "site_categories": [],
        "section_title": "\r\n\t\tSpain News (News Reader)\t",
        "title": "El Obispado de Urgell (Lleida) denuncia un vídeo, hecho con IA, que suplanta al obispo Joan-Enric Vives",
        "title_full": "El Obispado de Urgell (Lleida) denuncia un vídeo, hecho con IA, que suplanta al obispo Joan-Enric Vives",
        "published": "2024-05-23T03:00:00.000+03:00",
        "replies_count": 0,
        "participants_count": 0,
        "site_type": "news",
        "country": "ES",
        "main_image": "",
        "performance_score": 0,
        "domain_rank": 30860,
        "domain_rank_updated": "2024-05-21T13:07:53.000+03:00",
        "reach": null,
        "social": {
            "facebook": {
                "likes": 0,
                "comments": 0,
                "shares": 0
            },
            "gplus": {
                "shares": 0
            },
            "pinterest": {
                "shares": 0
            },
            "linkedin": {
                "shares": 0
            },
            "stumbledupon": {
                "shares": 0
            },
            "vk": {
                "shares": 0
            }
        }
    },
    "uuid": "68cd7ff0fbde14d8b2d06ace18277cb80df60250",
    "url": "https://spain.shafaqna.com/ES/AL/7133968",
    "ord_in_thread": 0,
    "parent_url": null,
    "author": null,
    "published": "2024-05-23T03:00:00.000+03:00",
    "title": "El Obispado de Urgell (Lleida) denuncia un vídeo, hecho con IA, que suplanta al obispo Joan-Enric Vives",
    "text": "abc - 53 minutes ago El Obispado de Urgell (Lleida) denuncia un vídeo, hecho con IA, que suplanta al obispo Joan-Enric Vives El Obispado de Urgell ha denunciado a los Mossos d Esquadra que s e ha suplantado la identidad del arzobispo de Urgell (Lleida) y copríncipe de Andorra, Joan-Enric Vives en un vídeo, hecho con Inteligencia Artificial (IA), que circula por las redes sociales. Según informa en un comunicado este jueves, la institución ha tenido conocimiento este jueves por la mañana de este vídeo y lo ha trasladado a los Mossos para que lo investiguen. El Obispado «se reserva el derecho a ejercer las acciones legales oportunas» contra los autores del documento. Noticia Relacionada video-noticia No Paolo Benanti, fraile y experto en IA: «La inteligencia artificial en la capacidad de crearla está ligada a la inteligencia natural» EFE Roma (Italia), 22 may (EFE).- Paolo Benanti compagina su vida de fraile en un monasterio romano con ... Fuentes conocedoras han explicado a Europa Press que el vídeo presuntamente está hecho con Inteligencia Artificial (IA). En el vídeo denunciado, se pone en boca del arzobispo que todos andorranos pueden formar parte de un proyecto vinculado al sector del petróleo y se les anima a realizar aportaciones de 250 euros para «recibir los primeros dividendos», según ha podido comprobar Europa Press.\nRead on the original site",
    "highlightText": "",
    "highlightTitle": "",
    "highlightThreadTitle": "",
    "language": "spanish",
    "sentiment": "negative",
    "categories": [
        "Religion and Belief"
    ],
    "webz_reporter": false,
    "external_links": [
        "https://abc.es/espana/cataluna/obispado-urgell-lleida-denuncia-video-ia-suplanta-20240523232111-nt.html",
        "https://www.abc.es/espana/cataluna/obispado-urgell-lleida-denuncia-video-ia-suplanta-20240523232111-nt.html"
    ],
    "external_images": [],
    "entities": {
        "persons": [],
        "organizations": [],
        "locations": []
    },
    "rating": null,
    "crawled": "2024-05-24T01:48:46.676+03:00",
    "updated": "2024-05-24T01:48:46.676+03:00"
}