{
    "thread": {
        "uuid": "e1fce8f97c8d171e797d6c74cd046bf680c19cc9",
        "url": "https://www.marketscreener.com/news/latest/Three-Christian-missionaries-from-Oklahoma-based-group-killed-in-Haiti-46821481",
        "site_full": "www.marketscreener.com",
        "site": "marketscreener.com",
        "site_section": "https://m.marketscreener.com/",
        "site_categories": [
            "photography",
            "hobbies_and_interests"
        ],
        "section_title": "Stock Market Today : Reports, Quotes and News - MarketScreener",
        "title": "Three Christian missionaries from Oklahoma-based group killed in Haiti - MarketScreener",
        "title_full": "Three Christian missionaries from Oklahoma-based group killed in Haiti - MarketScreener",
        "published": "2024-05-24T17:38:00.000+03:00",
        "replies_count": 0,
        "participants_count": 1,
        "site_type": "news",
        "country": "DE",
        "main_image": "https://www.marketscreener.com/images/reuters/2024-05/2024-05-24T180455Z_1_LYNXMPEK4N0PA_RTROPTP_3_HAITI-VIOLENCE-MISSIONARIES.JPG",
        "performance_score": 0,
        "domain_rank": 3946,
        "domain_rank_updated": "2024-05-21T13:07:53.000+03:00",
        "reach": null,
        "social": {
            "facebook": {
                "likes": 0,
                "comments": 0,
                "shares": 0
            },
            "gplus": {
                "shares": 0
            },
            "pinterest": {
                "shares": 0
            },
            "linkedin": {
                "shares": 0
            },
            "stumbledupon": {
                "shares": 0
            },
            "vk": {
                "shares": 0
            }
        }
    },
    "uuid": "e1fce8f97c8d171e797d6c74cd046bf680c19cc9",
    "url": "https://www.marketscreener.com/news/latest/Three-Christian-missionaries-from-Oklahoma-based-group-killed-in-Haiti-46821481",
    "ord_in_thread": 0,
    "parent_url": null,
    "author": "MarketScreener",
    "published": "2024-05-24T17:38:00.000+03:00",
    "title": "Three Christian missionaries from Oklahoma-based group killed in Haiti - MarketScreener",
    "text": "(Reuters) -Three Christian missionaries from Missions in Haiti were shot and killed in an ambush by a gang in Haiti, the Oklahoma-based group said on Friday.\nThe missionaries were taking shelter in a house when gang members began shooting at the residence at about 9 p.m. CDT (0200 GMT) Thursday, the group said in two Facebook posts.\nMonths of gang violence in Haiti have forced the government into retreat, and U.S. Secretary of State Antony Blinken has warned the country is close to becoming a failed state.\nHaiti's main international airport in Port-au-Prince reopened this week, nearly three months after it shut due to deadly gang-related violence. But gangs still control much of the capital and Haiti's main seaport remains closed.\nA spokesperson for the White House National Security Council said the Biden administration was aware of reports of the deaths of U.S. citizens and offered condolences.\n\"Our hearts go out to the families of those killed as they experience unimaginable grief,\" the spokesperson said.\nMissouri State Representative Ben Baker said his daughter Natalie Lloyd and son-in-law Davy Lloyd were killed while working as full-time missionaries. Davy Lloyd was the son of the organization's founders, David and Alicia Lloyd, who started it in 2000.\nThe identity of the third person killed has not been released.\n\"My heart is broken in a thousand pieces. I've never felt this kind of pain,\" Baker said on Facebook.\nMissions in Haiti said the couple was leaving a church when they were ambushed by three trucks full of gang members. They took Davy Lloyd to a house, tied him up and beat him, before taking the group's trucks and some items and left, it said.\n\"Another gang came after to see what was going on and if they could help, so they say,\" the organization said. \"No one understood what they were doing, not sure what took place but one was shot and killed and now this gang went into full attack mode.\"\nThe couple and another individual identified as Jude called a leader of the organization on a satellite phone and said that their lives were in danger.\n(Reporting by Brendan O'Brien in Chicago; Additional reporting by Trevor Hunnicutt in Washington; Editing by Doina Chiacu and Rod Nickel)\nBy Brendan O'Brien\nShare © Reuters - 2024",
    "highlightText": "",
    "highlightTitle": "",
    "highlightThreadTitle": "",
    "language": "english",
    "sentiment": "negative",
    "categories": [
        "Crime, Law and Justice",
        "Religion and Belief"
    ],
    "webz_reporter": false,
    "external_links": [
        "https://www.linkedin.com/shareArticle?mini=true&url=https%3A%2F%2Fwww.marketscreener.com%2Fnews%2Flatest%2FThree-Christian-missionaries-from-Oklahoma-based-group-killed-in-Haiti-46821481%2F%3Futm_source%3Dlinkedin%26utm_medium%3Dsocial%26utm_campaign%3Dshare&title=Three",
        "https://twitter.com/intent/tweet?text=Three",
        "https://wa.me/?text=https%3A%2F%2Fwww.marketscreener.com%2Fnews%2Flatest%2FThree-Christian-missionaries-from-Oklahoma-based-group-killed-in-Haiti-46821481%2F%3Futm_source%3Dwhatsapp%26utm_medium%3Dsocial%26utm_campaign%3Dshare",
        "https://telegram.me/share/url?url=https%3A%2F%2Fwww.marketscreener.com%2Fnews%2Flatest%2FThree-Christian-missionaries-from-Oklahoma-based-group-killed-in-Haiti-46821481%2F%3Futm_source%3Dtelegram%26utm_medium%3Dsocial%26utm_campaign%3Dshare",
        "https://www.facebook.com/sharer/sharer.php?u=https%3A%2F%2Fwww.marketscreener.com%2Fnews%2Flatest%2FThree-Christian-missionaries-from-Oklahoma-based-group-killed-in-Haiti-46821481%2F%3Futm_source%3Dfacebook%26utm_medium%3Dsocial%26utm_campaign%3Dshare",
        "https://cdn.zonebourse.com/static/resize/464/261//images/reuters/2024-05/2024-05-24T180455Z_1_LYNXMPEK4N0PA_RTROPTP_3_HAITI-VIOLENCE-MISSIONARIES.JPG",
        "https://www.telegram.me/share/url?url=https%3A%2F%2Fwww.marketscreener.com%2Fnews%2Flatest%2FThree-Christian-missionaries-from-Oklahoma-based-group-killed-in-Haiti-46821481%2F%3Futm_source%3Dtelegram%26utm_medium%3Dsocial%26utm_campaign%3Dshare",
        "https://telegram.me/share/url",
        "https://linkedin.com/shareArticle?mini=true&url=https%3A%2F%2Fwww.marketscreener.com%2Fnews%2Flatest%2FThree-Christian-missionaries-from-Oklahoma-based-group-killed-in-Haiti-46821481%2F%3Futm_source%3Dlinkedin%26utm_medium%3Dsocial%26utm_campaign%3Dshare&title=Three",
        "https://www.twitter.com/intent/tweet?text=Three",
        "https://wa.me/",
        "https://facebook.com/sharer/sharer.php?u=https%3A%2F%2Fwww.marketscreener.com%2Fnews%2Flatest%2FThree-Christian-missionaries-from-Oklahoma-based-group-killed-in-Haiti-46821481%2F%3Futm_source%3Dfacebook%26utm_medium%3Dsocial%26utm_campaign%3Dshare",
        "https://www.linkedin.com/shareArticle",
        "https://www.wa.me/?text=https%3A%2F%2Fwww.marketscreener.com%2Fnews%2Flatest%2FThree-Christian-missionaries-from-Oklahoma-based-group-killed-in-Haiti-46821481%2F%3Futm_source%3Dwhatsapp%26utm_medium%3Dsocial%26utm_campaign%3Dshare",
        "https://www.cdn.zonebourse.com/static/resize/464/261//images/reuters/2024-05/2024-05-24T180455Z_1_LYNXMPEK4N0PA_RTROPTP_3_HAITI-VIOLENCE-MISSIONARIES.JPG",
        "https://www.facebook.com/sharer/sharer.php",
        "https://twitter.com/intent/tweet"
    ],
    "external_images": [],
    "entities": {
        "persons": [
            {
                "name": "biden",
                "sentiment": "none"
            },
            {
                "name": "ben baker",
                "sentiment": "none"
            },
            {
                "name": "antony blinken",
                "sentiment": "none"
            },
            {
                "name": "natalie lloyd",
                "sentiment": "none"
            }
        ],
        "organizations": [
            {
                "name": "reuters",
                "sentiment": "negative"
            },
            {
                "name": "state",
                "sentiment": "none"
            },
            {
                "name": "missouri state",
                "sentiment": "none"
            },
            {
                "name": "white house national security council",
                "sentiment": "none"
            },
            {
                "name": "facebook",
                "sentiment": "none"
            }
        ],
        "locations": [
            {
                "name": "haiti",
                "sentiment": "none"
            },
            {
                "name": "oklahoma",
                "sentiment": "none"
            },
            {
                "name": "u.s.",
                "sentiment": "none"
            },
            {
                "name": "port-au-prince",
                "sentiment": "none"
            }
        ]
    },
    "rating": null,
    "crawled": "2024-05-24T21:41:33.879+03:00",
    "updated": "2024-05-24T21:41:33.879+03:00"
}