{
    "thread": {
        "uuid": "7e438a2ec01fdfe529014e2b8853943652c88b6c",
        "url": "https://www.christianpost.com/podcast/fortune-500-companies-embrace-religion-baptist-pastor-charged-with-obstructing-doj-12000-baptized-in-california.html",
        "site_full": "www.christianpost.com",
        "site": "christianpost.com",
        "site_section": "https://www.christianpost.com/podcast",
        "site_categories": [
            "religion",
            "media",
            "christianity"
        ],
        "section_title": "Podcasts | Christian Post",
        "title": "Fortune 500 Companies Embrace Religion, Baptist Pastor Charged with Obstructing DOJ, 12,000 Baptized in California",
        "title_full": "Fortune 500 Companies Embrace Religion, Baptist Pastor Charged with Obstructing DOJ, 12,000 Baptized in California",
        "published": "2024-05-24T08:00:00.000+03:00",
        "replies_count": 0,
        "participants_count": 1,
        "site_type": "news",
        "country": "US",
        "main_image": "https://cdn.christianpost.com",
        "performance_score": 0,
        "domain_rank": 3843,
        "domain_rank_updated": "2024-05-21T13:07:53.000+03:00",
        "reach": null,
        "social": {
            "facebook": {
                "likes": 0,
                "comments": 0,
                "shares": 0
            },
            "gplus": {
                "shares": 0
            },
            "pinterest": {
                "shares": 0
            },
            "linkedin": {
                "shares": 0
            },
            "stumbledupon": {
                "shares": 0
            },
            "vk": {
                "shares": 0
            }
        }
    },
    "uuid": "7e438a2ec01fdfe529014e2b8853943652c88b6c",
    "url": "https://www.christianpost.com/podcast/fortune-500-companies-embrace-religion-baptist-pastor-charged-with-obstructing-doj-12000-baptized-in-california.html",
    "ord_in_thread": 0,
    "parent_url": null,
    "author": "@ChristianPost",
    "published": "2024-05-24T08:00:00.000+03:00",
    "title": "Fortune 500 Companies Embrace Religion, Baptist Pastor Charged with Obstructing DOJ, 12,000 Baptized in California",
    "text": "Fortune 500 Companies Embrace Religion, Baptist Pastor Charged With Obstructing DOJ, 12,000 Baptized In California Top headlines for Friday, May 24, 2024 In this episode, a new report revealing the top Fortune 500 companies committed to religious and belief diversity. We also explore the candid revelations from Christian influencer couple Sam and Nia Rader in the Netflix series Ashley Madison: Sex, Lies & Scandal, discussing the aftermath of the 2015 hack. Additionally, we cover the Department of Justice's charges against former Southwestern Baptist Theological Seminary professor Matthew Queen for falsifying records in the Southern Baptist Convention investigation. Finally, we discuss the backlash from political leaders and influential voices in response to recent actions by the United Nations and the U.S. State Department. Subscribe to this Podcast Follow Us on Social Media [@ChristianPost on Twitter](https://twitter.com/christianpost) [Christian Post on Facebook](https://www.facebook.com/ChristianPost.Intl) [@ChristianPostIntl on Instagram](https://www.instagram.com/christianpostintl/) [Subscribe on YouTube](https://www.youtube.com/@TheChristianpost) Get the Edifi App Subscribe to Our Newsletter [Subscribe to the Freedom Post, delivered every Monday and Thursday](https://www.christianpost.com/freedom-post.html) [Click here to get the top headlines delivered to your inbox every morning!](https://www.christianpost.com/newsletter/landing.html) Links to the News [Two Fortune 500 companies ranked best for freedom of religion | Business News](https://www.christianpost.com/news/two-fortune-500-companies-ranked-best-for-freedom-of-religion.html) [Sam and Nia Rader open up about Ashley Madison hack | Entertainment News](https://www.christianpost.com/news/sam-and-nia-rader-open-up-about-ashley-madison-hack.html) [Deaf Missions releases groundbreaking film about Jesus in ASL](https://www.christianpost.com/news/deaf-missions-releases-groundbreaking-film-about-jesus-in-asl.html) [Pastor charged with obstructing DOJ investigation of SBC | Church & Ministries News](https://www.christianpost.com/news/pastor-charged-with-obstructing-doj-investigation-of-sbc.html) [Christian politician submits defense to Finland's top court | World News](https://www.christianpost.com/news/christian-politician-submits-defense-to-finlands-top-court.html) [4 reactions to UN, US honoring fallen Iranian president | Politics News](https://www.christianpost.com/news/4-reactions-to-un-us-honoring-fallen-iranian-president.html) Top headlines for Friday, May 24, 2024 In this episode, a new report revealing the top Fortune 500 companies committed to religious and belief diversity. We also explore the candid revelations from Christian influencer couple Sam and Nia Rader in the Netflix series Ashley Madison: Sex, Lies & Scandal, discussing the aftermath of the 2015 hack. Additionally, we cover the Department of Justice's charges against former Southwestern Baptist Theological Seminary professor Matthew Queen for falsifying records in the Southern Baptist Convention investigation. Finally, we discuss the backlash from political leaders and influential voices in response to recent actions by the United Nations and the U.S. State Department.Subscribe to this Podcast [@ChristianPost on Twitter](https://twitter.com/christianpost) [Christian Post on Facebook](https://www.facebook.com/ChristianPost.Intl) [@ChristianPostIntl on Instagram](https://www.instagram.com/christianpostintl/) [Subscribe on YouTube](https://www.youtube.com/@TheChristianpost) [Subscribe to the Freedom Post, delivered every Monday and Thursday](https://www.christianpost.com/freedom-post.html) [Click here to get the top headlines delivered to your inbox every morning!](https://www.christianpost.com/newsletter/landing.html) [Two Fortune 500 companies ranked best for freedom of religion | Business News](https://www.christianpost.com/news/two-fortune-500-companies-ranked-best-for-freedom-of-religion.html) [Sam and Nia Rader open up about Ashley Madison hack | Entertainment News](https://www.christianpost.com/news/sam-and-nia-rader-open-up-about-ashley-madison-hack.html) [Deaf Missions releases groundbreaking film about Jesus in ASL](https://www.christianpost.com/news/deaf-missions-releases-groundbreaking-film-about-jesus-in-asl.html) [Pastor charged with obstructing DOJ investigation of SBC | Church & Ministries News](https://www.christianpost.com/news/pastor-charged-with-obstructing-doj-investigation-of-sbc.html) [Christian politician submits defense to Finland's top court | World News](https://www.christianpost.com/news/christian-politician-submits-defense-to-finlands-top-court.html) [4 reactions to UN, US honoring fallen Iranian president | Politics News](https://www.christianpost.com/news/4-reactions-to-un-us-honoring-fallen-iranian-president.html)",
    "highlightText": "",
    "highlightTitle": "",
    "highlightThreadTitle": "",
    "language": "english",
    "sentiment": "negative",
    "categories": [
        "Crime, Law and Justice",
        "Religion and Belief"
    ],
    "webz_reporter": false,
    "external_links": [
        "https://www.youtube.com/@TheChristianpost)",
        "https://www.instagram.com/christianpostintl/)",
        "https://twitter.com/christianpost)",
        "https://www.facebook.com/ChristianPost.Intl)",
        "https://youtube.com/@TheChristianpost)",
        "https://instagram.com/christianpostintl/)",
        "https://www.twitter.com/christianpost)",
        "https://facebook.com/ChristianPost.Intl)"
    ],
    "external_images": [],
    "entities": {
        "persons": [
            {
                "name": "ashley madison",
                "sentiment": "none"
            },
            {
                "name": "matthew queen",
                "sentiment": "none"
            },
            {
                "name": "nia rader",
                "sentiment": "none"
            },
            {
                "name": "sam",
                "sentiment": "none"
            }
        ],
        "organizations": [
            {
                "name": "obstructing doj",
                "sentiment": "negative"
            },
            {
                "name": "doj",
                "sentiment": "negative"
            },
            {
                "name": "netflix",
                "sentiment": "none"
            },
            {
                "name": "christian post",
                "sentiment": "none"
            },
            {
                "name": "united nations",
                "sentiment": "none"
            },
            {
                "name": "u.s. state department",
                "sentiment": "none"
            },
            {
                "name": "department of justice",
                "sentiment": "none"
            },
            {
                "name": "facebook",
                "sentiment": "none"
            },
            {
                "name": "southwestern baptist theological seminary",
                "sentiment": "none"
            }
        ],
        "locations": [
            {
                "name": "california",
                "sentiment": "none"
            }
        ]
    },
    "rating": null,
    "crawled": "2024-05-24T08:04:39.135+03:00",
    "updated": "2024-05-24T08:04:39.135+03:00"
}