{
    "thread": {
        "uuid": "812f6dc96a552d255ae2e08ccb750cf6dcddd21b",
        "url": "https://www.informazione.it/a/59D148AC-2F28-479C-858D-13AE38715A56/Un-nuovo-corso-di-studi-all-Universita-si-insegna-la-jihad",
        "site_full": "www.informazione.it",
        "site": "informazione.it",
        "site_section": "https://www.informazione.it",
        "site_categories": [
            "media"
        ],
        "section_title": "Prima Pagina - informazione.it",
        "title": "Un nuovo corso di studi: all'Università si insegna la jihad (gawd)",
        "title_full": "Un nuovo corso di studi: all'Università si insegna la jihad (gawd)",
        "published": "2024-05-24T09:33:00.000+03:00",
        "replies_count": 0,
        "participants_count": 1,
        "site_type": "news",
        "country": "IT",
        "main_image": "https://q5.informazione.it/pics/8045aabb-82bf-4211-b431-219686f9b419.jpg",
        "performance_score": 0,
        "domain_rank": 88277,
        "domain_rank_updated": "2024-05-21T13:08:01.000+03:00",
        "reach": null,
        "social": {
            "facebook": {
                "likes": 0,
                "comments": 0,
                "shares": 0
            },
            "gplus": {
                "shares": 0
            },
            "pinterest": {
                "shares": 0
            },
            "linkedin": {
                "shares": 0
            },
            "stumbledupon": {
                "shares": 0
            },
            "vk": {
                "shares": 0
            }
        }
    },
    "uuid": "812f6dc96a552d255ae2e08ccb750cf6dcddd21b",
    "url": "https://www.informazione.it/a/59D148AC-2F28-479C-858D-13AE38715A56/Un-nuovo-corso-di-studi-all-Universita-si-insegna-la-jihad",
    "ord_in_thread": 0,
    "parent_url": null,
    "author": "@infoitinterno",
    "published": "2024-05-24T09:33:00.000+03:00",
    "title": "Un nuovo corso di studi: all'Università si insegna la jihad (gawd)",
    "text": "Un nuovo corso di studi: all'Università si insegna la jihad All’Università di Torino, più precisamente a Palazzo Nuovo, sede delle facoltà umanistiche, si è verificato un episodio che ha riacceso il dibattito sulla laicità delle istituzioni accademiche. E sulla pericolosa deriva che stanno assumendo le proteste, sempre più numerose, degli attivisti pro-palestina. Durante un’occupazione, che ha impedito l’accesso al personale e ai docenti per diversi giorni, un gruppo di studenti, per lo più stranieri, ha organizzato una preghiera musulmana di venerdì guidata dall’imam cittadino Brahim Bayaha, trasformando temporaneamente alcuni spazi dell’università in un luogo di culto islamico. [(Nicola Porro)](https://www.nicolaporro.it/un-nuovo-corso-di-studi-alluniversita-si-insegna-la-jihad/) Ne parlano anche altre fonti Il rettore e il ministro condividono un sentimento di piena condanna dell’accaduto». All’undicesimo giorno di occupazione dei pro Palestina, che blocca le lezioni nella sede principale dell’ateneo - Palazzo Nuovo - è arrivato anche questo caso. [(La Stampa)](https://www.lastampa.it/torino/2024/05/24/news/rettore_unito_imam_entrato_senza_permesso-14329069/) L’Imam Brahim Baya ha tenuto un momento di preghiera, venerdì scorso, all’interno di Palazzo Nuovo, una delle sedi occupate nell’Università di Torino dai collettivi pro Palestina. A chiedere che Baya oltre che da Imam facesse da ‘Khatib’, ovvero l’oratore che rivolge una breve discorso prima dell’orazione, sono stati gli studenti stessi. [(Open)](https://www.open.online/2024/05/23/pro-palestina-imam-universita-torino-polemiche/) Link Embed Brahim Baya replica alla polemica sulla preghiera di venerdì 17 maggio. “Polemica assurda, abbiamo chiesto a chi occupava di poter pregare. [(Repubblica TV)](https://video.repubblica.it/edizione/torino/l-imam-brahim-baya-c-erano-alcuni-ragazzi-che-volevano-pregare-abbiamo-chiesto-agli-occupanti-il-permesso/470092/471044) Insiste davanti ad una trentina di persone Brahim Baya, presidente della moschea «Taiba» di Torino. «Palestinesi popolo orgoglioso» dice l’uomo che guida la preghiera del venerdì nell’atrio, al primo piano dell’Università di Torino, occupata dai giovani che si sono ribattezzati «Intifada studentesca». [(La Stampa)](https://www.lastampa.it/torino/2024/05/24/news/moschea_in_ateneo_attacco_a_israele-14329065/) Brahim Baya replica alla polemica sulla preghiera di venerdì 17 maggio. “Polemica assurda, abbiamo chiesto a chi occupava di poter pregare. C’era chi sentiva l’esigenza e ci hanno detto nessun problema. [(La Stampa)](https://www.lastampa.it/torino/2024/05/24/video/limam_brahim_baya_abbiamo_chiesto_di_fare_la_preghiera_agli_occupanti_polemica_assurda-14329565/) Implica l’impegno per promuovere la giustizia e aiutare i bisognosi». «Il concetto di jihad è spesso frainteso e utilizzato in modo errato da alcuni musulmani o pseudo musulmani. [(Corriere della Sera)](https://torino.corriere.it/notizie/cronaca/24_maggio_24/brahima-baya-l-autore-del-sermone-in-ateneo-a-torino-si-ho-parlato-di-jihad-ma-sono-contro-la-violenza-9ee508eb-950b-4c19-a1e9-e4bc0b1f3xlk.shtml)",
    "highlightText": "",
    "highlightTitle": "",
    "highlightThreadTitle": "",
    "language": "italian",
    "sentiment": "negative",
    "categories": [
        "Social Issue",
        "Education",
        "Religion and Belief"
    ],
    "webz_reporter": false,
    "external_links": [
        "https://www.lastampa.it/torino/2024/05/24/video/limam_brahim_baya_abbiamo_chiesto_di_fare_la_preghiera_agli_occupanti_polemica_assurda-14329565/)",
        "https://www.open.online/2024/05/23/pro-palestina-imam-universita-torino-polemiche/)",
        "https://www.huffingtonpost.it/politica/2024/05/24/news/imam_in_ateneo_a_torino_allinsaputa_del_rettore_per_attaccare_israele-15971260/)",
        "https://video.repubblica.it/edizione/torino/l-imam-brahim-baya-c-erano-alcuni-ragazzi-che-volevano-pregare-abbiamo-chiesto-agli-occupanti-il-permesso/470092/471044",
        "https://torino.corriere.it/notizie/cronaca/24_maggio_23/torino-preghiera-islamica-a-palazzo-nuovo-occupato-i-professori-inneggiavano-alla-jihad-intervenga-il-ministero-372bd5f4-5f06-4109-bb23-910ca262exlk.shtml)",
        "https://www.nicolaporro.it/un-nuovo-corso-di-studi-alluniversita-si-insegna-la-jihad/)",
        "https://www.lastampa.it/editoriali/lettere-e-idee/2024/05/24/news/un_incidente_grave_nel_tempio_della_laicita-14329088/)",
        "https://video.repubblica.it/edizione/torino/l-imam-brahim-baya-c-erano-alcuni-ragazzi-che-volevano-pregare-abbiamo-chiesto-agli-occupanti-il-permesso/470092/471044)",
        "https://huffingtonpost.it/politica/2024/05/24/news/imam_in_ateneo_a_torino_allinsaputa_del_rettore_per_attaccare_israele-15971260/)",
        "https://www.video.repubblica.it/edizione/torino/l-imam-brahim-baya-c-erano-alcuni-ragazzi-che-volevano-pregare-abbiamo-chiesto-agli-occupanti-il-permesso/470092/471044",
        "https://www.video.repubblica.it/edizione/torino/l-imam-brahim-baya-c-erano-alcuni-ragazzi-che-volevano-pregare-abbiamo-chiesto-agli-occupanti-il-permesso/470092/471044)",
        "https://lastampa.it/torino/2024/05/24/video/limam_brahim_baya_abbiamo_chiesto_di_fare_la_preghiera_agli_occupanti_polemica_assurda-14329565/)",
        "https://nicolaporro.it/un-nuovo-corso-di-studi-alluniversita-si-insegna-la-jihad/)",
        "https://open.online/2024/05/23/pro-palestina-imam-universita-torino-polemiche/)",
        "https://lastampa.it/editoriali/lettere-e-idee/2024/05/24/news/un_incidente_grave_nel_tempio_della_laicita-14329088/)",
        "https://www.torino.corriere.it/notizie/cronaca/24_maggio_23/torino-preghiera-islamica-a-palazzo-nuovo-occupato-i-professori-inneggiavano-alla-jihad-intervenga-il-ministero-372bd5f4-5f06-4109-bb23-910ca262exlk.shtml)"
    ],
    "external_images": [],
    "entities": {
        "persons": [],
        "organizations": [],
        "locations": []
    },
    "rating": null,
    "crawled": "2024-05-24T12:13:14.377+03:00",
    "updated": "2024-05-24T12:32:13.894+03:00"
}