{
    "thread": {
        "uuid": "77a2d15204fa53ab7bc538e7d9e3610ffa125993",
        "url": "https://www.ledauphine.com/societe/2024/05/23/therese-curioz",
        "site_full": "www.ledauphine.com",
        "site": "ledauphine.com",
        "site_section": "http://www.ledauphine.com/haute-savoie",
        "site_categories": [
            "media",
            "top_news"
        ],
        "section_title": "Haute-Savoie : toute l'info locale",
        "title": "Carnet de deuil. La Balme-de-Sillingy : décès de Thérèse Curioz",
        "title_full": "Carnet de deuil. La Balme-de-Sillingy : décès de Thérèse Curioz",
        "published": "2024-05-23T22:07:00.000+03:00",
        "replies_count": 0,
        "participants_count": 1,
        "site_type": "news",
        "country": "FR",
        "main_image": "https://cdn-s-www.ledauphine.com/images/C1773A47-C65E-4460-B2C0-244EAFD6B4AB/FB1200/photo-1716482094.jpg",
        "performance_score": 0,
        "domain_rank": 8702,
        "domain_rank_updated": "2024-05-21T13:07:53.000+03:00",
        "reach": null,
        "social": {
            "facebook": {
                "likes": 0,
                "comments": 0,
                "shares": 0
            },
            "gplus": {
                "shares": 0
            },
            "pinterest": {
                "shares": 0
            },
            "linkedin": {
                "shares": 0
            },
            "stumbledupon": {
                "shares": 0
            },
            "vk": {
                "shares": 0
            }
        }
    },
    "uuid": "77a2d15204fa53ab7bc538e7d9e3610ffa125993",
    "url": "https://www.ledauphine.com/societe/2024/05/23/therese-curioz",
    "ord_in_thread": 0,
    "parent_url": null,
    "author": "Le Dauphiné Libéré",
    "published": "2024-05-23T22:07:00.000+03:00",
    "title": "Carnet de deuil. La Balme-de-Sillingy : décès de Thérèse Curioz",
    "text": "Carnet de deuil La Balme-de-Sillingy : décès de Thérèse Curioz Thérèse Curioz est décédée le 15 mai à l’aube de ses 95 ans. Elle a vu le jour le 24 mai 1929 au hameau de Vincy dans une fratrie de quatre enfants. Son enfance a été rythmée par l’école communale jusqu’au certificat d’études, puis l’école ménagère à Annecy qui lui a donné des doigts de fée (couture, tricot, broderie, cuisine, entretien de la maison). C’est le 29 septembre 1950 que Thérèse épouse René pour aller s’installer au chef-lieu de La Balme-de-Sillingy. De cette union naquirent deux filles, Maryse et Christine. C’est en 1962 que Thérèse passe son permis de conduire pour commencer une nouvelle vie professionnelle, et devenir comptable, secrétaire pour épauler son mari René à la carrosserie. Les années se suivent et la famille s’agrandit avec l’arrivée de trois petites-filles et de six arrière-petits-enfants. La vie de Thérèse c’est le travail, les enfants, la chorale paroissiale, les sorties avec les classards, les amis de La Balme, le club des Aînés. Au décès de son mari, en 2004, Thérèse apprivoise la solitude. Elle va retrouver ses amies Yvette, Paulette et Francia pour des après-midi de Scrabble, de jeux de cartes, mais aussi pour papoter. Ces deux dernières années n’ont pas été faciles, il a fallu se résigner à quitter la maison pour rejoindre l’Ehpad des Bosquets de la Mandallaz à Sillingy. Ce mardi 21 mai, beaucoup d’amis se sont retrouvés à l’église du village pour entourer la famille et accompagner Thérèse Curioz à sa dernière demeure. Vous pouvez [rendre hommage au défunt sur sa page commémorative sur le site Libra Memoria](https://www.libramemoria.com/defunts/3c85aac4eaec42af9a2e5cec150b6fdf) et présenter vos condoléances à ses proches en témoignant votre sympathie.",
    "highlightText": "",
    "highlightTitle": "",
    "highlightThreadTitle": "",
    "language": "french",
    "sentiment": "negative",
    "categories": [
        "Human Interest",
        "Religion and Belief"
    ],
    "webz_reporter": false,
    "external_links": [
        "https://www.libramemoria.com/defunts/3c85aac4eaec42af9a2e5cec150b6fdf)",
        "https://libramemoria.com/defunts/3c85aac4eaec42af9a2e5cec150b6fdf)"
    ],
    "external_images": [],
    "entities": {
        "persons": [],
        "organizations": [],
        "locations": []
    },
    "rating": null,
    "crawled": "2024-05-24T01:58:03.644+03:00",
    "updated": "2024-05-24T01:58:03.644+03:00"
}