{
    "thread": {
        "uuid": "74e9b7c6ee84cc76426ad3aa3b2dab5f876e561a",
        "url": "https://www.cmjornal.pt/sociedade/detalhe/novas-variantes-da-covid-19-obrigam-a-produzir-novas-versoes-das-vacinas",
        "site_full": "www.cmjornal.pt",
        "site": "cmjornal.pt",
        "site_section": "https://www.cmjornal.pt/",
        "site_categories": [
            "media",
            "top_news"
        ],
        "section_title": "Correio da Manhã: Portugal, Mundo, Sociedade, Cultura. Classificados.",
        "title": "Novas variantes da Covid-19 obrigam a produzir novas versões das vacinas - Sociedade - Correio da Manhã",
        "title_full": "Novas variantes da Covid-19 obrigam a produzir novas versões das vacinas - Sociedade - Correio da Manhã",
        "published": "2024-05-24T13:40:00.000+03:00",
        "replies_count": 0,
        "participants_count": 1,
        "site_type": "news",
        "country": "PT",
        "main_image": "https://cdn.cmjornal.pt/images/2024-03/img_1200x676$2024_03_27_19_31_14_1611276.jpg",
        "performance_score": 0,
        "domain_rank": 22494,
        "domain_rank_updated": "2024-05-21T13:07:53.000+03:00",
        "reach": null,
        "social": {
            "facebook": {
                "likes": 0,
                "comments": 0,
                "shares": 0
            },
            "gplus": {
                "shares": 0
            },
            "pinterest": {
                "shares": 0
            },
            "linkedin": {
                "shares": 0
            },
            "stumbledupon": {
                "shares": 0
            },
            "vk": {
                "shares": 0
            }
        }
    },
    "uuid": "74e9b7c6ee84cc76426ad3aa3b2dab5f876e561a",
    "url": "https://www.cmjornal.pt/sociedade/detalhe/novas-variantes-da-covid-19-obrigam-a-produzir-novas-versoes-das-vacinas",
    "ord_in_thread": 0,
    "parent_url": null,
    "author": "Correio da Manhã",
    "published": "2024-05-24T13:40:00.000+03:00",
    "title": "Novas variantes da Covid-19 obrigam a produzir novas versões das vacinas - Sociedade - Correio da Manhã",
    "text": "Padroeiro da Internet que morreu aos 15 anos vai ser o novo santo da Igreja Jovens que ganhem até 5800 euros por mês têm aval público para comprar casa Quem são as vítimas do desabamento de restaurante em Palma de Maiorca Grupo rapta e marca rapaz com ferro em brasa na Moita Letizia e Felipe VI já vivem separados. Saiba tudo aqui Descarrilamento do metro em Alvalade corta circulação na Linha Verde Mulher exige indemnização de 600 mil euros a ex-marido por \"danos causados pela frustração do casamento\" Aprovado alargamento do IVA da eletricidade a 6% para 3,4 milhões de famílias José Castelo Branco apanhado a sair de casa da amiga pela garagem Veja o vídeo da incrível festa \"Somos Todos Gamers\" com os convidados especiais Inês Aires Pereira fala da separação Relação do Porto confirma internamento a menor que aplicou \"golpe mata-leão\" a professora Reunião com médicos termina sem acordo. Governo não inclui aumento salarial nas negociações Oficial: Xavi despedido do Barcelona Chefe da espionagem russa diz que a Ucrânia esteve diretamente envolvida no ataque a sala de concertos em Moscovo “Melhor que um jogo do Benfica!”: Taylor Swift vai dar três horas de espetáculo na Luz Quer receber as últimas notícias no seu telemóvel ainda mais rápido? Siga aqui o ALERTA CM Novas variantes da Covid-19 obrigam a produzir novas versões das vacinas Variantes FLiRT incluem a linhagem parental JN.1 e possuem três mutações principais para escapar dos anticorpos. Correio da Manhã 11:40 Laboratório de testes de Covid-19 FOTO: Kathleen Flynn/ Reuters As chamadas variantes FLiRT são as variantes da Covid-19 com maior circulação este ano, segundo a Organização Mundial de Saúde. O nome é um acrónimo das localizações das mutações partilhadas na proteína 'spike' do vírus, relatou a agência Reuters . Uma delas, a chamada KP.2, tornou-se a variante com maior circulação nos Estados Unidos (EUA) em abril.\nAs variantes FLiRT incluem a linhagem parental JN.1 e possuem três mutações principais para escapar dos anticorpos. O porta-voz da Sociedade de Doenças Infecciosas dos EUA, Aaron Glatt, constatou \"mudanças significativas nas variantes\", embora se registe um decréscimo do número de hospitalizações relacionadas com a Covid-19, \"provavelmente por causa da imunidade que muitas, muitas pessoas já têm\".\nA quantidade do antiviral (Paxlovid) prescrito para o vírus caiu cerca de 60% em comparação com o ano passado. Segundo Aaron Glatt, as vacinas atuais \"ainda devem trazer algum benefício\" contra as novas variantes.\nEm abril, o regulador europeu da saúde definiu a variante JN.1 como o alvo do fabrico de novas versões das vacinas. Nos EUA, os reguladores vão reunir-se com especialistas para discutir o projeto de vacinação, a 5 de junho.\nA Pfizer e a Moderna aguardam o veredito da reunião. Enquanto isso, a Novavax começou a produzir uma injeção direcionada ao JN.1, consistente com as recomendações dos reguladores europeus.",
    "highlightText": "",
    "highlightTitle": "",
    "highlightThreadTitle": "",
    "language": "portuguese",
    "sentiment": "negative",
    "categories": [
        "Social Issue",
        "Religion and Belief",
        "Health"
    ],
    "webz_reporter": false,
    "external_links": [
        "https://www.vidas.pt/a-ferver/detalhe/letizia-e-felipe-vi-ja-vivem-separados-saiba-tudo-aqui?ref=Ultimas_DestaquesPrincipais",
        "https://whatsapp.com/channel/0029VaEc0mX2P59fYdyEV53o",
        "https://www.maxima.pt/beleza/detalhe/ha-uma-bebida-com-mais-beneficios-que-a-agua-parece-que-sim",
        "https://www.vidas.pt/a-ferver/detalhe/ines-aires-pereira-fala-da-separacao",
        "https://vidas.pt/a-ferver/detalhe/letizia-e-felipe-vi-ja-vivem-separados-saiba-tudo-aqui?ref=Ultimas_DestaquesPrincipais",
        "https://www.whatsapp.com/channel/0029VaEc0mX2P59fYdyEV53o",
        "https://maxima.pt/beleza/detalhe/ha-uma-bebida-com-mais-beneficios-que-a-agua-parece-que-sim",
        "https://vidas.pt/a-ferver/detalhe/ines-aires-pereira-fala-da-separacao",
        "https://www.vidas.pt/a-ferver/detalhe/letizia-e-felipe-vi-ja-vivem-separados-saiba-tudo-aqui"
    ],
    "external_images": [],
    "entities": {
        "persons": [],
        "organizations": [],
        "locations": []
    },
    "rating": null,
    "crawled": "2024-05-24T13:50:51.394+03:00",
    "updated": "2024-05-24T15:06:59.030+03:00"
}