{
    "thread": {
        "uuid": "f9d43d967c7c236ea9f95bc18180943fd250431b",
        "url": "https://actu.fr/occitanie/toulouse_31555/toulouse-l-expulsion-de-l-imam-de-la-mosquee-d-empalot-confirmee-par-le-conseil-d-etat_61108106.html",
        "site_full": "actu.fr",
        "site": "actu.fr",
        "site_section": "https://actu.fr/toulouse/societe",
        "site_categories": [
            "travel",
            "france",
            "top_news"
        ],
        "section_title": "Société - Actu Toulouse | actu.fr",
        "title": "Toulouse. L'expulsion de l'imam de la mosquée d'Empalot confirmée par le Conseil d'État | Actu Toulouse",
        "title_full": "Toulouse. L'expulsion de l'imam de la mosquée d'Empalot confirmée par le Conseil d'État | Actu Toulouse",
        "published": "2024-05-24T14:04:00.000+03:00",
        "replies_count": 0,
        "participants_count": 1,
        "site_type": "news",
        "country": "FR",
        "main_image": "https://static.actu.fr/uploads/2024/04/imam-tatai-2.jpg",
        "performance_score": 0,
        "domain_rank": 6217,
        "domain_rank_updated": "2024-05-21T13:07:53.000+03:00",
        "reach": null,
        "social": {
            "facebook": {
                "likes": 0,
                "comments": 0,
                "shares": 0
            },
            "gplus": {
                "shares": 0
            },
            "pinterest": {
                "shares": 0
            },
            "linkedin": {
                "shares": 0
            },
            "stumbledupon": {
                "shares": 0
            },
            "vk": {
                "shares": 0
            }
        }
    },
    "uuid": "f9d43d967c7c236ea9f95bc18180943fd250431b",
    "url": "https://actu.fr/occitanie/toulouse_31555/toulouse-l-expulsion-de-l-imam-de-la-mosquee-d-empalot-confirmee-par-le-conseil-d-etat_61108106.html",
    "ord_in_thread": 0,
    "parent_url": null,
    "author": "Mélina Le Corre",
    "published": "2024-05-24T14:04:00.000+03:00",
    "title": "Toulouse. L'expulsion de l'imam de la mosquée d'Empalot confirmée par le Conseil d'État | Actu Toulouse",
    "text": " Toulouse Jeudi 23 mai 2024, le Conseil d’État a confirmé le rejet par la justice administrative du recours déposé en urgence par l’imam Mohamed Tataïat de Toulouse contre son expulsion vers l’Algérie, d’après l’ordonnance du Conseil d’État, qu’ Actu Toulouse a pu consulter.\nÀ lire aussi\nToulouse. L’imam de la mosquée d’Empalot interpellé en vue de son expulsion Un imam contesté C’est pour l’un de ses prêches, baptisé « l’entité sioniste », prononcé le 15 juillet 2017, et diffusé plus tard sur les réseaux sociaux, que l’imam Tataï a été poursuivi par la justice.\nMohamed Tataiat (ou Tataï selon son nom usuel) avait été jugé en juin 2021 par le tribunal correctionnel de Toulouse. Relaxé en première instance puis condamné en appel, l’imam Tataï avait été définitivement condamné en décembre 2023 à 4 mois de prison avec sursis pour « provocation à la haine raciale ».\nL’imam a finalement été interpellé à son domicile à Toulouse, le 19 avril 2024, faisant l’objet d’un arrêté d’expulsion pris par le ministre de l’Intérieur, Gérald Darmanin .\nÀ lire aussi\nToulouse. L’imam d’Empalot, au prêche controversé, relaxé : le parquet fait appel Une expulsion confirmée Son avocat avait « saisi le juge du tribunal administratif de Paris dans le cadre d’un référé-liberté », avait indiqué Me Jean Iglésis à Actu Toulouse , en avril dernier.\nDénonçant une expulsion « mise en œuvre dans des conditions particulièrement brutales », l’imam expliquait qu’il « se retrouve seul et sans emploi en Algérie, loin de ses proches », et y voyait « une condition d’urgence » à son retour en France. Mais de son côté, « le ministère de l’Intérieur et des Outre-mer soutient que la condition d’urgence n’est pas satisfaite et que les moyens soulevés ne sont pas fondés ». Jeudi 23 mai, le Conseil d’État a finalement donné raison au tribunal administratif et a conclu au rejet de la requête déposée en urgence.\nL’imam d’Empalot Mohamed Tataiat devrait à nouveau contester son expulsion devant le tribunal administratif.\n#Gérald Darmanin #Justice",
    "highlightText": "",
    "highlightTitle": "",
    "highlightThreadTitle": "",
    "language": "french",
    "sentiment": "negative",
    "categories": [
        "Religion and Belief"
    ],
    "webz_reporter": false,
    "external_links": [],
    "external_images": [],
    "entities": {
        "persons": [],
        "organizations": [],
        "locations": []
    },
    "rating": null,
    "crawled": "2024-05-24T14:15:06.972+03:00",
    "updated": "2024-05-25T04:58:42.301+03:00"
}