{
    "thread": {
        "uuid": "a89a2561d4273770109371bdce4e327995d5eeb2",
        "url": "https://www.barandbench.com/news/allahabad-high-court-orders-probe-against-student-who-accused-teacher-of-attempting-conversion-establishing-sexual-relation",
        "site_full": "www.barandbench.com",
        "site": "barandbench.com",
        "site_section": "https://www.barandbench.com/feed",
        "site_categories": [
            "law_government_and_politics",
            "legal_issues"
        ],
        "section_title": "Barandbench",
        "title": "Allahabad High Court orders probe against student who accused teacher of attempting conversion, establishing sexual relation",
        "title_full": "Allahabad High Court orders probe against student who accused teacher of attempting conversion, establishing sexual relation",
        "published": "2024-05-24T06:24:00.000+03:00",
        "replies_count": 0,
        "participants_count": 1,
        "site_type": "news",
        "country": "IN",
        "main_image": "https://media.assettype.com/barandbench%2F2022-09%2F39f495e3-9ce7-4c7c-adc6-04e731a4f380%2F13.jpg?w=1200&amp;ar=40%3A21&amp;auto=format%2Ccompress&amp;ogImage=true&amp;mode=crop&amp;enlarge=true&amp;overlay=false&amp;overlay_position=bottom&amp;overlay_width=100",
        "performance_score": 0,
        "domain_rank": 80081,
        "domain_rank_updated": "2024-05-21T13:08:01.000+03:00",
        "reach": null,
        "social": {
            "facebook": {
                "likes": 0,
                "comments": 0,
                "shares": 0
            },
            "gplus": {
                "shares": 0
            },
            "pinterest": {
                "shares": 0
            },
            "linkedin": {
                "shares": 0
            },
            "stumbledupon": {
                "shares": 0
            },
            "vk": {
                "shares": 0
            }
        }
    },
    "uuid": "a89a2561d4273770109371bdce4e327995d5eeb2",
    "url": "https://www.barandbench.com/news/allahabad-high-court-orders-probe-against-student-who-accused-teacher-of-attempting-conversion-establishing-sexual-relation",
    "ord_in_thread": 0,
    "parent_url": null,
    "author": "Bar & Bench",
    "published": "2024-05-24T06:24:00.000+03:00",
    "title": "Allahabad High Court orders probe against student who accused teacher of attempting conversion, establishing sexual relation",
    "text": "The Allahabad High Court recently ordered a police probe against a school student who last year had accused his teacher of trying to convert him to Christianity and pressuring him to have a sexual relationship with him [ Principal St Aloysius High School Cantt Kanpur vs State of UP & 2 Others ].\nLoading content, please wait... Allahabad High Court conversion Forced religious conversion",
    "highlightText": "",
    "highlightTitle": "",
    "highlightThreadTitle": "",
    "language": "english",
    "sentiment": "negative",
    "categories": [
        "Crime, Law and Justice",
        "Religion and Belief"
    ],
    "webz_reporter": false,
    "external_links": [
        "https://images.assettype.com/barandbench/2024-05/fd8e7f5a-70f9-4ed9-80d8-4b0d3711a334/Principal_St_Aloysius_High_School_Cantt_Kanpur_vs_State_of_UP___2_Others.pdf",
        "https://www.images.assettype.com/barandbench/2024-05/fd8e7f5a-70f9-4ed9-80d8-4b0d3711a334/Principal_St_Aloysius_High_School_Cantt_Kanpur_vs_State_of_UP___2_Others.pdf"
    ],
    "external_images": [],
    "entities": {
        "persons": [
            {
                "name": "arvind singh sangwan",
                "sentiment": "none"
            },
            {
                "name": "ram manohar narayan mishra",
                "sentiment": "none"
            }
        ],
        "organizations": [
            {
                "name": "allahabad high court",
                "sentiment": "negative"
            },
            {
                "name": "principal st aloysius high school cantt kanpur",
                "sentiment": "none"
            },
            {
                "name": "court",
                "sentiment": "none"
            }
        ],
        "locations": [
            {
                "name": "kanpur",
                "sentiment": "none"
            }
        ]
    },
    "rating": null,
    "crawled": "2024-05-24T12:01:31.756+03:00",
    "updated": "2024-05-27T08:45:18.337+03:00"
}