{
    "thread": {
        "uuid": "82949cdcab34feda5c9ba3546ed21f71e5073420",
        "url": "https://jobs.churchtimes.co.uk/jobs/Oversight-Minister-(Priest-in-Charge-Vicar-Designate)-in-Yorkshire-and-Lincs-jn12451",
        "site_full": "jobs.churchtimes.co.uk",
        "site": "churchtimes.co.uk",
        "site_section": "https://jobs.churchtimes.co.uk/rss",
        "site_categories": [
            "religion",
            "catholicism"
        ],
        "section_title": "Church Times Jobs",
        "title": "Oversight Minister (Priest in Charge, Vicar Designate)",
        "title_full": "Oversight Minister (Priest in Charge, Vicar Designate)",
        "published": "2024-05-24T02:00:00.000+03:00",
        "replies_count": 0,
        "participants_count": 0,
        "site_type": "news",
        "country": "GB",
        "main_image": "https://jobs.churchtimes.co.uk/RecruiterImages/40/Recruiter40.png",
        "performance_score": 0,
        "domain_rank": 28232,
        "domain_rank_updated": "2024-05-21T13:07:53.000+03:00",
        "reach": null,
        "social": {
            "facebook": {
                "likes": 0,
                "comments": 0,
                "shares": 0
            },
            "gplus": {
                "shares": 0
            },
            "pinterest": {
                "shares": 0
            },
            "linkedin": {
                "shares": 0
            },
            "stumbledupon": {
                "shares": 0
            },
            "vk": {
                "shares": 0
            }
        }
    },
    "uuid": "82949cdcab34feda5c9ba3546ed21f71e5073420",
    "url": "https://jobs.churchtimes.co.uk/jobs/Oversight-Minister-(Priest-in-Charge-Vicar-Designate)-in-Yorkshire-and-Lincs-jn12451",
    "ord_in_thread": 0,
    "parent_url": null,
    "author": null,
    "published": "2024-05-24T02:00:00.000+03:00",
    "title": "Oversight Minister (Priest in Charge, Vicar Designate)",
    "text": "The Parish of St Thomas and St James with St Luke's Worsborough\nLocation:\nYorkshire and Lincs\nRecruiter:\nSheffield Diocese\nThe Parish of St Thomas and St James with St Luke’s Worsborough is seeking an inspirational Priest, enthusiastic about teamwork, positive about working across different traditions, and committed to the development of lay leadership.\nThe appointment is one of three Oversight Ministers sharing in the ministry of the Lamplight Mission Area, comprising 7 parishes in the Tankersley Deanery. The Mission Area is on a journey of exploration and change that will ultimately lead to Pastoral re-organisation.\nThis is an exciting opportunity to share in the development of a new collaborative approach to ministry and mission working across this newly formed Mission Area serving a diverse socio-economic area.\nFor an information pack visit: www.sheffield.anglican.org/vacancies\nFor and informal chat contact:\nVen Javaid Iqbal, Archdeacon of Doncaster, on 07469 850723\nCLOSING DATE: 17 June 2024\nINTERVIEW DATE: 8 July 2024\nThis post is subject to an enhanced DBS disclosure.\nParish of Kingswinford\nWe seek a Pioneer Priest for our parish and genuinely want the person appointed to exercise the pioneer ministry which God has called them to, as we journey alongside them.\nSt John's, Harborne, Diocese of Birmingham\nWe are seeking a new Vicar to lead a large evangelical charismatic church in southwest Birmingham.\nBenefice of Winnersh Sonning Deanery\nWe pray for a priest who will bring about the changes that are needed to reinvigorate the two churches within the parish. This will require a practical, creative and empathetic thinker who can discern and develop the gifts that lie within the two congregations to help us strengthen links with our community.\nSt Peter’s, Musselburgh\nWe are a faithful, inclusive and welcoming congregation. We trust in God’s transforming message revealed in the Bible and seek to honour His will as we grow in faith together and share the gospel with those around us.\nThe Hertford Benefice, Scarborough Deanery\nThis is a great opportunity for an evangelical charismatic who can lead us on in extending the Kingdom of God here, and who loves rural life and ministry.\nInterim Vicar for the Benefice of Aldbrough St John, Forcett and Melsonby (0.5) and Diocesan Rural Change Enabler (0.5)\nThe Bishop of Ripon and the Benefice of Aldbrough St John, Forcett and Melsonby are looking to appoint a priest to the joint post of Interim Vicar (0.5) and Diocesan Rural Change Enabler (0.5).\nBenefice of Walkingham Hill\nWe are looking forward to welcoming a new incumbent to support and lead us in the development of our mission and walk with us on our Christian journey.\nSelby Abbey\nWe invite applications for an ALTO Choral Scholar/ Section Leader role at Selby Abbey beginning in September 2024, or soon as possible afterwards.\nEmail Alerts\nGet the latest jobs direct to your inbox\nHow to advertise on this website",
    "highlightText": "",
    "highlightTitle": "",
    "highlightThreadTitle": "",
    "language": "english",
    "sentiment": "negative",
    "categories": [
        "Religion and Belief",
        "Human Interest",
        "Social Issue"
    ],
    "webz_reporter": false,
    "external_links": [],
    "external_images": [],
    "entities": {
        "persons": [
            {
                "name": "st luke",
                "sentiment": "negative"
            },
            {
                "name": "lincs recrui",
                "sentiment": "negative"
            },
            {
                "name": "st james",
                "sentiment": "negative"
            },
            {
                "name": "st thomas",
                "sentiment": "negative"
            },
            {
                "name": "ven javaid iqbal",
                "sentiment": "none"
            },
            {
                "name": "archdeacon",
                "sentiment": "none"
            }
        ],
        "organizations": [
            {
                "name": "yorkshire",
                "sentiment": "negative"
            },
            {
                "name": "tankersley deanery",
                "sentiment": "none"
            },
            {
                "name": "dbs",
                "sentiment": "none"
            },
            {
                "name": "st james",
                "sentiment": "none"
            },
            {
                "name": "st luke",
                "sentiment": "none"
            },
            {
                "name": "sheffield diocese",
                "sentiment": "none"
            },
            {
                "name": "mission area",
                "sentiment": "none"
            }
        ],
        "locations": [
            {
                "name": "doncaster",
                "sentiment": "none"
            }
        ]
    },
    "rating": null,
    "crawled": "2024-05-24T06:06:34.364+03:00",
    "updated": "2024-05-24T06:06:34.364+03:00"
}