{
    "thread": {
        "uuid": "5a17d9edd4c9b1119fa7f4828cfbb0707cba780b",
        "url": "https://www.wgem.com/video/2024/05/23/postseason-push-pleasant-hill-softball-keeps-their-season-alive-qnd-soccer-softball-bow-out",
        "site_full": "www.wgem.com",
        "site": "wgem.com",
        "site_section": "https://wgem.com",
        "site_categories": [
            "media"
        ],
        "section_title": "WGEM | Local News, Weather, Sports | Quincy, IL",
        "title": "Postseason Push: Pleasant Hill softball keeps their season alive; QND soccer and softball bow out",
        "title_full": "Postseason Push: Pleasant Hill softball keeps their season alive; QND soccer and softball bow out",
        "published": "2024-05-23T03:00:00.000+03:00",
        "replies_count": 0,
        "participants_count": 1,
        "site_type": "news",
        "country": "US",
        "main_image": "https://gray-wgem-prod.cdn.arcpublishing.com/resizer/v2/https%3A%2F%2Fdo0bihdskp9dy.cloudfront.net%2F05-23-2024%2Ft_2f7893c83f9a497686301b687dd3ff81_name_file_1280x720_2000_v3_1_.jpg?auth=6d25777bf9cb8c3bfcb9b7626622375f2a25af94b504381ff2107a40a9b505fa&amp;width=1200&amp;height=600&amp;smart=true",
        "performance_score": 0,
        "domain_rank": 91887,
        "domain_rank_updated": "2024-05-21T13:08:01.000+03:00",
        "reach": null,
        "social": {
            "facebook": {
                "likes": 0,
                "comments": 0,
                "shares": 0
            },
            "gplus": {
                "shares": 0
            },
            "pinterest": {
                "shares": 0
            },
            "linkedin": {
                "shares": 0
            },
            "stumbledupon": {
                "shares": 0
            },
            "vk": {
                "shares": 0
            }
        }
    },
    "uuid": "5a17d9edd4c9b1119fa7f4828cfbb0707cba780b",
    "url": "https://www.wgem.com/video/2024/05/23/postseason-push-pleasant-hill-softball-keeps-their-season-alive-qnd-soccer-softball-bow-out",
    "ord_in_thread": 0,
    "parent_url": null,
    "author": "@WGEM",
    "published": "2024-05-23T03:00:00.000+03:00",
    "title": "Postseason Push: Pleasant Hill softball keeps their season alive; QND soccer and softball bow out",
    "text": "Skip to content News Election 2024 Weather Sports Community Watch Submit Photos & Video Contact Us Home News Police & Court HEALTHBEAT Making a Difference National Illinois Capitol Bureau Closings Election 2024 Election Results Illinois Interactive Results Weather Map Room Weather Radios Radar Weather Alerts Towercams Weather App Road Conditions River Stages First Alert Weather Now Closings and Delays Weather Drawings Sports Watch Scoreboard Athlete of the Week Play of the Week Potts Report Stats & Predictions How to Watch Community Contests Jobs in the Tri-States Home and Living Show Honor Flight Golden Apple Award Birthdays and Anniversaries Hospital Reports Programming Schedule Watch Streaming Providers Live Events WGEM 10.1 NBC WGEM 10.2 CW WGEM 10.3 Fox WGEM 10.4 MeTV Sports Radio 105.1 Radio Schedule Listen Live Game Schedule Radio Contest Rules Zeam - News Streams Contact Us Advertise with WGEM Careers at WGEM Gray Television Careers Tour WGEM WGEM Apps Sign up for WGEM Newsletters Meet the Team Circle Country Gray DC Bureau PowerNation InvestigateTV Digital Marketing 3 weather alerts in effect Dismiss Weather Alerts Alerts Bar Postseason Push: Pleasant Hill softball keeps their season alive; QND soccer and softball bow out Published: May. 22, 2024 at 10:48 PM CDT | Updated: 20 hours ago Email This Link Share on Facebook Share on X (formerly Twitter) Share on Pinterest Share on LinkedIn News Lorenzo Bull House upcoming annual dinner party gets jazzed up Updated: 10 hours ago WGEM News at Ten News Illinoisans may soon pay only $25 per month for for inhalers Updated: 10 hours ago WGEM News at Ten News Charging Ahead: Illini West baseball advances to Sectional Championship Updated: 20 hours ago News Illinois House passes bill establishing, extending various business tax credits Updated: 24 hours ago News Renovations begin at Quincy City Hall Updated: 24 hours ago",
    "highlightText": "",
    "highlightTitle": "",
    "highlightThreadTitle": "",
    "language": "english",
    "sentiment": "negative",
    "categories": [
        "Religion and Belief"
    ],
    "webz_reporter": false,
    "external_links": [],
    "external_images": [],
    "entities": {
        "persons": [],
        "organizations": [
            {
                "name": "news police & court",
                "sentiment": "none"
            },
            {
                "name": "wgem gray television careers tour",
                "sentiment": "none"
            },
            {
                "name": "difference national illinois capitol bureau",
                "sentiment": "none"
            },
            {
                "name": "wgem careers",
                "sentiment": "none"
            },
            {
                "name": "nbc",
                "sentiment": "none"
            }
        ],
        "locations": []
    },
    "rating": null,
    "crawled": "2024-05-24T01:10:05.602+03:00",
    "updated": "2024-05-24T03:06:12.123+03:00"
}