{
    "thread": {
        "uuid": "3ff4aa6cd18fb480c38f07600e3117713f5a0390",
        "url": "https://www.meneame.net/story/diputada-israeli-exige-independencia-cataluna-pais-vasco-tras/c0146",
        "site_full": "www.meneame.net",
        "site": "meneame.net",
        "site_section": "http://meneame.net//comments_rss",
        "site_categories": [
            "non_standard_content",
            "adult",
            "top_news"
        ],
        "section_title": "Menéame: comentarios",
        "title": "#146 Una diputada israelí exige la independencia de Cataluña y País Vasco tras el anuncio del reconocimiento de Palestina",
        "title_full": "#146 Una diputada israelí exige la independencia de Cataluña y País Vasco tras el anuncio del reconocimiento de Palestina",
        "published": "2024-05-24T16:23:00.000+03:00",
        "replies_count": 0,
        "participants_count": 1,
        "site_type": "news",
        "country": "ES",
        "main_image": "https://meneame.net/img/logo_meneame.png",
        "performance_score": 0,
        "domain_rank": 10939,
        "domain_rank_updated": "2024-05-21T13:07:53.000+03:00",
        "reach": null,
        "social": {
            "facebook": {
                "likes": 0,
                "comments": 0,
                "shares": 0
            },
            "gplus": {
                "shares": 0
            },
            "pinterest": {
                "shares": 0
            },
            "linkedin": {
                "shares": 0
            },
            "stumbledupon": {
                "shares": 0
            },
            "vk": {
                "shares": 0
            }
        }
    },
    "uuid": "3ff4aa6cd18fb480c38f07600e3117713f5a0390",
    "url": "https://www.meneame.net/story/diputada-israeli-exige-independencia-cataluna-pais-vasco-tras/c0146",
    "ord_in_thread": 0,
    "parent_url": null,
    "author": "Manolo_Rodriguez",
    "published": "2024-05-24T16:23:00.000+03:00",
    "title": "#146 Una diputada israelí exige la independencia de Cataluña y País Vasco tras el anuncio del reconocimiento de Palestina",
    "text": "Portada\nmis comunidades\notras secciones\n[#105](c105#c-105) cómo algo así conseguiría tal efecto?\nyo soy el presidente, acusan a mi mujer de delitos que demostrarse quedaría garantizado mi implicación necesaria , es decir, ahora mismo hay una acusación mediática, verosímil y que ha entrado en un juzgado de un caso de corrupción que afecta a la \"segunda dama\" y por extensión al presidente del país y lo que hago es decir que me voy a pensar si sigo o no porque todo el mundo sabe que si yo fuera inocente no tendría nada que pensar porque nunca se podría demostrar lo que nunca ha ocurrido. Al decir que me lo voy a pensar estoy dejando entrever que podrían descubrirme y todo eso lo hago para conseguir más votos en cataluña porque la gente vota corrupción, la corrupción da votos. Y me paso los cinco días haciendo uso del gabinete de abogados de moncloa para ver si la acusación de mi mujer podría o no prosperar y qué posibilidades hay de que me salpique.\nEs así el silogismo?\n[#60](c60#c-60) de hecho, el resto de España llevamos décadas queriendo independizarnos de Murcia, pero es Murcia quien no nos concede la independencia.\n[#115](c115#c-115) Cuando eres independentista estás enarbolando, por definición, una bandera. Aunque no te refieras a un trapo de colorines, te estás refiriendo a que cierto grupo de personas es tan diferente a otro que requieres poner una valla para que los de fuera no interfieran con lo tuyo.\nVamos, en última instancia, cuanto más independentista, más especialito te crees y de ahí a la xenofobia no hay ni medio paso.\nSe podría alargar la explicación pero si me has entendido antes, me vas a entender en esto. Tampoco tengo tiempo para expandirme ni creo que sea necesario.\n[#116](c116#c-116) No. No tienes porque querer una valla (como la de Ceuta, imagino que quieres decir). Ni tienes porque creerte superior a tus vecinos (sean estos, Marruecos, Francia o Espanya). Que puede que si, y ademas mola pensar que cualquier indepe es mala persona pero segun tu descripcion, la existencia de cualquier estado ya implica nacionalismo y por tanto, xenofobia. Menos el nacionalismo espanyol, que o no existe o es solo amor.\n[#119](c119#c-119) No me has entendido.\nPor valla no me refiero a necesariamente una barrera física, me refiero a que quieres dibujar una raya, sea literal o virtual, y decir que \"de aquí para allá no son los míos, de aquí para mí sí\".\nSi eres independentista es, necesariamente, porque te crees diferente. Va en la definición. Y si te crees diferente es muy fácil que te creas mejor. Puedes ser independentista y no creerte necesariamente mejor, pero diferente sí, y lo de que te puedas creer mejor es muy fácil, tanto más cuanto más independentista.\nYo no he dicho que sean malas personas los independentistas. He dicho un rasgo particular, una característica particular. Pueden ser independentistas y sin embargo muy de participar en actividades sociales y qué sé yo.\nYo no he hablado ni bien ni mal del \"nacionalismo español\", no quieras atribuir eso a mi comentario.\nRepito, si eres independentista eso se lleva mal con lo de \"somos todos iguales\".\n[#120](c120#c-120) Vale, entonces la unica manera de ser realmente no nacionalista es estar en contra de la destruccion de cualquier estado y cualquier frontera.\nCualquier otra opcion se lleva mal con el \"somos todos iguales\" y solo lleva al nacionalismo, y el nacionalismo lleva a creerte mejor y a la xenofobia.\nEs sencillo. Asumo pues que no existe nadie no xenofobo.\n[#16](c16#c-16) Ayuso, en la Asamblea: “Tú mata, que yo te daré una comunidad autónoma. Tú mata, que yo te daré un Estado”\n[#25](c25#c-25) Y seguro que pedirían escuelas en su idioma y pretenderían que el catalán es una lengua de segunda\n[#30](c30#c-30) Para nada. Todo el mundo tiene su escala de prioridades. Yo estoy con [#9](c9#c-9).\nHay gente que tiene otras \"Antes roja que rota\".\nSer indepe no significa serlo a cualquier precio. Igual que no serlo no significa no serlo a cualquier precio. La gente es relativista.\nSi te resulta contradictorio es que sólo concibes ser un ultra. De lo que sea, pero ultra.\n[#111](c111#c-111) Lo he entendido. La pregunta es porque?\nTu asumes que por ser indepe prefiere su pais a las personas, pero eso es tu propio sesgo.\nDe hecho es lo mismo cuando no eres indepe: prefieren todos la unidad de España a las personas?\n[#66](c66#c-66) definitivamente es innegociable y la tecnología, la ciencia, la política, el ejército se han desarrollado especialmente para proteger tal empresa. Porque básicamente dependen todos los recursos esenciales de los ciudadanos.\n[#25](c25#c-25) Nah, si a Cataluña y país Vasco la les hemos mandado charnegos y maketos a mogollón. Los tenemos colonizados.\n[#39](c39#c-39) A ver si dejamos de condenar a los judios por lo que hacen los sionistas por dios.\nQue no tiene sentido caer en el antisemitismo. Es vergonzoso.\n[#117](c117#c-117) Buen cambio de tema, pero no responde a lo que yo te he dicho.\nVale ya como referirse a \"los judíos\" cuando los responsables son \"Los sionistas\".\nVale ya con caer en el relato sionista de que ellos son los unicos judios y que todos los judios piensan como ellos.\nNo seas indecente.\nEl narco y el voxquimano se han quedado ahora sin nada que decir. Si eligen a Israel, tienen que doblarse con Cataluña y el País Vasco, si eligen ejpaña y mucho ejpaña, le tocan los huevos a los israelíes.\nA ver que dice el muñeco de esta salida de la diputada israelí.\n[#30](c30#c-30) Por que seguramente te has emborrachado de prensa propagandista de derecha y ultraderecha, en la que xenófobo era lo más bonito que se le decía a los independentistas. Y yo no soy nacionalista, ni español, ni catalán, el patriotismo es un sentimiento que a mí me parece inútil, que antepone la intereses de una élite, un trapo y una canción a las del pueblo.\n[#136](c136#c-136) Si buscas mis otros comentarios en este meneo verás que tu \"seguramente blablabla\" no es más que una tontería de comentario por no decir otra cosa.\nSi eres independentista es porque crees que eres diferente, y si te crees diferente lo que está claro es que no te vas a creer inferior, como mínimo \"igual\" pero diferente, posiblemente te creerás mejor, pero de todos modos lo que sí vas a querer es separar un conjunto de gente en (mínimo) dos grupos, los que están contigo y los demás.\nEs decir, te importan las banderas, ergo sí es contradictorio su comentario.\nPues a los gallegos y a el norte de portugal nos gustaria unirnos y ser una region independiente tambien. Si nos ponemos...\n[#39](c39#c-39) No son declaraciones con conviccion, son una amenaza contra el estado español dando donde mas duele. Ellos tampoco creen en la independencia ni lo cree ningun estado consolidado ya que seria echarse piedras sobre su mismo tejado. Lo que me resulta ridiculo, asombroso, hilarante, vergonzoso, lamentable (segun el dia) es que se lleven tan bien con los partidos españoles que cuestionan el holocausto y beben de la ideologia nazi.\n[#92](c92#c-92) Entre el fascio se entienden bien. Hay indepes de izquierda y de derecha, y sus modelos efectivamente distan mucho",
    "highlightText": "",
    "highlightTitle": "",
    "highlightThreadTitle": "",
    "language": "spanish",
    "sentiment": "negative",
    "categories": [
        "Politics",
        "Religion and Belief",
        "War, Conflict and Unrest"
    ],
    "webz_reporter": false,
    "external_links": [],
    "external_images": [],
    "entities": {
        "persons": [],
        "organizations": [],
        "locations": []
    },
    "rating": null,
    "crawled": "2024-05-24T17:43:19.583+03:00",
    "updated": "2024-05-24T17:43:19.583+03:00"
}