{
    "thread": {
        "uuid": "5204a7664636d9ef96ffedac2a15f44eb5a649bc",
        "url": "https://baptistnews.com/article/moral-failures-by-christian-leaders-are-a-huge-problem-can-new-standards-help",
        "site_full": "baptistnews.com",
        "site": "baptistnews.com",
        "site_section": "https://baptistnews.com",
        "site_categories": [
            "religion",
            "christianity"
        ],
        "section_title": "Baptist News Global &#8211; Conversations that matter",
        "title": "Moral Failures by Christian Leaders Are a Huge Problem. Can New Standards Help? – Baptist News Global",
        "title_full": "Moral Failures by Christian Leaders Are a Huge Problem. Can New Standards Help? – Baptist News Global",
        "published": "2024-05-24T18:15:00.000+03:00",
        "replies_count": 0,
        "participants_count": 1,
        "site_type": "news",
        "country": "US",
        "main_image": "https://baptistnews.com/wp-content/uploads/2020/08/ChristianityTodayLogo.png",
        "performance_score": 0,
        "domain_rank": 37786,
        "domain_rank_updated": "2024-05-21T13:07:53.000+03:00",
        "reach": null,
        "social": {
            "facebook": {
                "likes": 0,
                "comments": 0,
                "shares": 0
            },
            "gplus": {
                "shares": 0
            },
            "pinterest": {
                "shares": 0
            },
            "linkedin": {
                "shares": 0
            },
            "stumbledupon": {
                "shares": 0
            },
            "vk": {
                "shares": 0
            }
        }
    },
    "uuid": "5204a7664636d9ef96ffedac2a15f44eb5a649bc",
    "url": "https://baptistnews.com/article/moral-failures-by-christian-leaders-are-a-huge-problem-can-new-standards-help",
    "ord_in_thread": 0,
    "parent_url": null,
    "author": "BNG staff",
    "published": "2024-05-24T18:15:00.000+03:00",
    "title": "Moral Failures by Christian Leaders Are a Huge Problem. Can New Standards Help? – Baptist News Global",
    "text": "The accreditation agency for over 2,700 evangelical nonprofits wants to raise its standards to address “one of the greatest financial risks” posed to churches and ministries today: moral failures by leadership. Exclude from home page BNG staff | May 24, 2024 The accreditation agency for over 2,700 evangelical nonprofits wants to raise its standards to address “one of the greatest financial risks” posed to churches and ministries today: moral failures by leadership. OpinionRodney Kennedy NewsJeff Brumley OpinionGreg Garrett, Senior Columnist OpinionBurton Patterson NewsMark Wingfield NewsMark Wingfield NewsBarbara Francis AnalysisMara Richards Bim NewsJeff Brumley NewsMark Wingfield NewsBNG staff AnalysisSteve Rabey AnalysisRick Pidcock NewsBarbara Francis NewsJeff Brumley AnalysisRobert P. Sellers OpinionLydia Carlis NewsMark Wingfield OpinionMark Wingfield NewsBNG staff OpinionAlan Bean OpinionKirsten Christensen Roberts NewsMaina Mwaura NewsJeff Brumley OpinionCharles Qualls NewsJeff Brumley NewsMark Wingfield NewsMark Wingfield NewsBarbara Francis NewsJeff Brumley NewsMark Wingfield NewsBNG staff NewsBarbara Francis NewsJeff Brumley NewsMark Wingfield NewsBNG staff NewsMaina Mwaura NewsJeff Brumley NewsBNG staff NewsJeff Brumley NewsAnthony Akaeze NewsJulia Goldie Day NewsMark Wingfield NewsJeff Brumley NewsSteve Rabey NewsBNG staff NewsSteve Rabey NewsTyler Hummel NewsMark Wingfield NewsMark Wingfield OpinionRodney Kennedy OpinionGreg Garrett, Senior Columnist OpinionBurton Patterson OpinionLydia Carlis OpinionMark Wingfield OpinionAlan Bean OpinionKirsten Christensen Roberts OpinionCharles Qualls OpinionJim Somerville OpinionKevin Ritter OpinionH. Stephen Shoemaker OpinionMadison McClendon OpinionMakayla Dunkin OpinionMadison Boboltz OpinionPreston Clegg OpinionDerek Crawford OpinionRick Pidcock OpinionChrista Brown OpinionBrad Bull OpinionChris Caldwell OpinionGeneece Goertzen-Morrison and Mandi Pratt OpinionHayoung Park OpinionBrett Younger OpinionMark Wingfield OpinionErich Bridges Curated Exclude from home pageBNG staff Curated Exclude from home pageBNG staff Curated Exclude from home pageBNG staff Curated Exclude from home pageBNG staff Curated Exclude from home pageBNG staff Curated Exclude from home pageBNG staff Curated Exclude from home pageBNG staff Curated Exclude from home pageBNG staff Curated Exclude from home pageBNG staff Curated Exclude from home pageBNG staff Curated Exclude from home pageBNG staff Curated Exclude from home pageBNG staff Curated Exclude from home pageBNG staff Curated Exclude from home pageBNG staff Curated Exclude from home pageBNG staff Curated Exclude from home pageBNG staff Curated Exclude from home pageBNG staff Curated Exclude from home pageBNG staff Curated Exclude from home pageBNG staff Curated Exclude from home pageBNG staff Curated Exclude from home pageBNG staff Curated Exclude from home pageBNG staff Curated Exclude from home pageBNG staff Curated Exclude from home pageBNG staff Curated Exclude from home pageBNG staff",
    "highlightText": "",
    "highlightTitle": "",
    "highlightThreadTitle": "",
    "language": "english",
    "sentiment": "negative",
    "categories": [
        "Social Issue",
        "Religion and Belief"
    ],
    "webz_reporter": false,
    "external_links": [
        "https://www.christianitytoday.com/news/2024/may/ecfa-evangelical-accountability-leader-integrity-standard-m.html)",
        "https://christianitytoday.com/news/2024/may/ecfa-evangelical-accountability-leader-integrity-standard-m.html)"
    ],
    "external_images": [],
    "entities": {
        "persons": [
            {
                "name": "opinionrodney kennedy newsjeff brumley opiniongreg garrett",
                "sentiment": "none"
            }
        ],
        "organizations": [],
        "locations": []
    },
    "rating": null,
    "crawled": "2024-05-24T18:21:31.186+03:00",
    "updated": "2024-05-24T18:29:03.713+03:00"
}