{
    "thread": {
        "uuid": "51b3f436744cc32120f474a57d48e70e89b21883",
        "url": "https://www.notimerica.com/politica/noticia-israel-detenidos-varios-judios-ortodoxos-protesta-jerusalen-contra-servicio-militar-obligatorio-20240524180153.html",
        "site_full": "www.notimerica.com",
        "site": "notimerica.com",
        "site_section": "https://www.notimerica.com/politica",
        "site_categories": [
            "travel",
            "south_america"
        ],
        "section_title": "\r\n\tNotimérica: Noticias de Iberoamérica\r\n",
        "title": "Detenidos varios judíos ortodoxos durante una protesta en Jerusalén contra el servicio militar obligatorio",
        "title_full": "Detenidos varios judíos ortodoxos durante una protesta en Jerusalén contra el servicio militar obligatorio",
        "published": "2024-05-24T19:01:00.000+03:00",
        "replies_count": 0,
        "participants_count": 1,
        "site_type": "news",
        "country": "MX",
        "main_image": "https://img.europapress.es/fotoweb/fotonoticia_20240524180153_1200.jpg",
        "performance_score": 0,
        "domain_rank": 97523,
        "domain_rank_updated": "2024-05-21T13:08:01.000+03:00",
        "reach": null,
        "social": {
            "facebook": {
                "likes": 0,
                "comments": 0,
                "shares": 0
            },
            "gplus": {
                "shares": 0
            },
            "pinterest": {
                "shares": 0
            },
            "linkedin": {
                "shares": 0
            },
            "stumbledupon": {
                "shares": 0
            },
            "vk": {
                "shares": 0
            }
        }
    },
    "uuid": "51b3f436744cc32120f474a57d48e70e89b21883",
    "url": "https://www.notimerica.com/politica/noticia-israel-detenidos-varios-judios-ortodoxos-protesta-jerusalen-contra-servicio-militar-obligatorio-20240524180153.html",
    "ord_in_thread": 0,
    "parent_url": null,
    "author": "Notimerica",
    "published": "2024-05-24T19:01:00.000+03:00",
    "title": "Detenidos varios judíos ortodoxos durante una protesta en Jerusalén contra el servicio militar obligatorio",
    "text": "MADRID, 24 May. (EUROPA PRESS) - La Policía de Israel ha detenido este viernes a varios judíos ortodoxos mientras participaban en el bloqueo de una carretera en Jerusalén en el marco de las protestas contra el servicio militar obligatorio, unas manifestaciones que se han sucedido en el país desde que el Tribunal Supremo falló que también ellos estaban obligados a sumarse a las filas del Ejército. Cientos de judíos ortodoxos, que han lanzado objetos contra la Policía, han proferido también insultos contra los agentes, a los que han llamado nazis, según informaciones del diario 'The Times of Israel'. Imágenes difundidas a través de las redes sociales muestran enfrentamientos entre los manifestantes y las fuerzas de seguridad, incluidos agentes de la Policía montada. Posteriormente, los antidisturbios han hecho uso de cañones de agua para dispersar a la multitud. El pasado mes de abril, el Tribunal Supremo dictó que no existen \"bases legales\" para que el Gobierno siga manteniendo a los hombres de la comunidad haredí exenta de someterse al servicio militar obligatorio.",
    "highlightText": "",
    "highlightTitle": "",
    "highlightThreadTitle": "",
    "language": "spanish",
    "sentiment": "negative",
    "categories": [
        "Crime, Law and Justice",
        "Politics",
        "Religion and Belief"
    ],
    "webz_reporter": false,
    "external_links": [],
    "external_images": [],
    "entities": {
        "persons": [],
        "organizations": [],
        "locations": []
    },
    "rating": null,
    "crawled": "2024-05-24T19:31:37.855+03:00",
    "updated": "2024-05-24T19:31:37.855+03:00"
}