{
    "thread": {
        "uuid": "e461ebd50e2ab797eb66addf8b93a65991cf621c",
        "url": "https://www.stylight.com/Random-Identities/Cotton-Pants/Men",
        "site_full": "www.stylight.com",
        "site": "stylight.com",
        "site_section": "https://www.stylight.com/feed",
        "site_categories": [
            "shopping"
        ],
        "section_title": "Stylight",
        "title": "Men's Random Identities Cotton Pants",
        "title_full": "Men's Random Identities Cotton Pants",
        "published": "2024-05-24T01:34:00.000+03:00",
        "replies_count": 0,
        "participants_count": 0,
        "site_type": "news",
        "country": "US",
        "main_image": "https://images.stylight.net/image/upload/q_auto,f_auto/static/images/com/og-image-standard.vc27288.webp",
        "performance_score": 0,
        "domain_rank": 93500,
        "domain_rank_updated": "2024-05-21T13:08:01.000+03:00",
        "reach": null,
        "social": {
            "facebook": {
                "likes": 0,
                "comments": 0,
                "shares": 0
            },
            "gplus": {
                "shares": 0
            },
            "pinterest": {
                "shares": 0
            },
            "linkedin": {
                "shares": 0
            },
            "stumbledupon": {
                "shares": 0
            },
            "vk": {
                "shares": 0
            }
        }
    },
    "uuid": "e461ebd50e2ab797eb66addf8b93a65991cf621c",
    "url": "https://www.stylight.com/Random-Identities/Cotton-Pants/Men",
    "ord_in_thread": 0,
    "parent_url": null,
    "author": null,
    "published": "2024-05-24T01:34:00.000+03:00",
    "title": "Men's Random Identities Cotton Pants",
    "text": "Men's Random Identities Cotton Pants\nMen's Random Identities Cotton Pants\n-40%\n[]https://www.stylight.com/Item/Random-Identities/e34445aa-55eb-52dc-9188-61fcfbf39c3d/\nRandom Identities\nPants\n$270.00\n$447.00\nYoox.com\n-36%\n[]https://www.stylight.com/Item/Random-Identities/685c5b07-e2a0-5d07-ab0c-1d6291e74c7c/\nRandom Identities\nBlack Garterless Trousers\n$346.00\n$540.00\nSSENSE\n-40%\n[]https://www.stylight.com/Item/Random-Identities/93bab368-2af1-550c-a094-9b27b8ab5c3a/\nRandom Identities\nPants\n$270.00\n$447.00\nYoox.com\n-40%\n[]https://www.stylight.com/Item/Random-Identities/e4565f17-7bd9-5d22-8d05-4fe3e4ae493a/\nRandom Identities\ndetailed-pocket wide-leg trousers - men - Cotton - L - Black\n$252.00\n$420.00\nFARFETCH\n-45%\n[]https://www.stylight.com/Item/Random-Identities/b92f903f-c5ed-5a52-be90-840d971770d3/\nRandom Identities\nPants\n$319.00\n$575.00\nYoox.com\n[]https://www.stylight.com/Item/Random-Identities/a048c52d-3db9-50c2-9a85-37c3f482dac2/\nRandom Identities\nBlack Slim-Fit Trousers\n$420.00\nSSENSE\n-31%\n[]https://www.stylight.com/Item/Random-Identities/61a1e559-2bd3-516c-8c6f-1e277b321723/\nRandom Identities\nPants\n$359.00\n$524.00\nYoox.com\n-28%\n[]https://www.stylight.com/Item/Random-Identities/b47ac44d-0641-5d8c-9d40-9c94478105de/\nRandom Identities\ntapered box-pleated trousers - men - Polyester - 48 - Brown\n$295.00\n$409.00\nFARFETCH\n-55%\n[]https://www.stylight.com/Item/Random-Identities/c8d1bf97-91ec-50f9-bec5-a4352c60be51/\nRandom Identities\nPants\n$159.00\n$357.00\nYoox.com\n-20%\n[]https://www.stylight.com/Item/Random-Identities/4cfd759c-4fbd-5d72-9a35-3515ac662583/\nRandom Identities\npleated tailored trousers - men - Polyester - 52 - Black\n$294.00\n$367.00\nFARFETCH\n-55%\n[]https://www.stylight.com/Item/Random-Identities/c5f22244-ff29-5da5-b988-d5eb4769d02f/\nRandom Identities\nPants\n$159.00\n$357.00\nYoox.com\n-10%\n[]https://www.stylight.com/Item/Random-Identities/788dbc43-2576-5f00-b0cc-f7ee0b5725d6/\nRandom Identities\ndetailed-pocket wide-leg trousers - men - Cotton - M - Black\n$315.00\n$350.00\nFARFETCH\n[]https://www.stylight.com/Item/Random-Identities/1ecb4b8b-7dbc-568a-aadd-d5aef82aeb1c/\nRandom Identities\nBlack Berlin Baggies Cargo Pants\n$1,120.00\nSSENSE\n-20%\n[]https://www.stylight.com/Item/Random-Identities/34773f63-284e-52a4-b0f8-465bc4e4a2f2/\nRandom Identities\nworker-low crotch trousers - men - Polyester - 46 - Black\n$340.00\n$426.00\nFARFETCH\n-20%\n[]https://www.stylight.com/Item/Random-Identities/48a41cee-ed45-59c4-b82b-4d1742b204a3/\nRandom Identities\ntailored straight-leg trousers - men - Polyester - 44 - Black\n$340.00\n$426.00\nFARFETCH\n[]https://www.stylight.com/Item/Loiter/194e936c-182a-57e4-99e0-834776cf1795/\nLoiter\nLoiter Sketch Cargo Pants Black - Size 28\n$84.00\nCulture Kings\n[]https://www.stylight.com/Item/Tommy-Hilfiger/df314d5b-1619-5646-acf8-ecafeb54e760/\nTommy Hilfiger\nMens Modern Fit Casual Pants Black - Size: 42W x 30L\n$59.99\nMen's Wearhouse\n-30%\n[]https://www.stylight.com/Item/The-Anti-Order/9532400f-fcd3-54a6-84b4-ac69f5e6a852/\nThe Anti-Order\nHydra Utility Jogger Black - Size 3XL\n$89.60\n$128.00\nCulture Kings\n-30%\n[]https://www.stylight.com/Item/Allsaints/9c31060c-bb1e-565b-a0b2-420e7dcd0b77/\nAllSaints\nHanbury Linen Blend Relaxed Fit Pants\n$139.30\n$199.00\nAllSaints\n[]https://www.stylight.com/Item/Jos-A-Bank/5fb8b8bd-a631-5d3d-8ab5-0e8f49e49d7a/\nJos. A. Bank\nMens Traveler Performance Slim Fit Chinos, Black, 32 X 34\n$69.00\nJoS. A. Bank\n[]https://www.stylight.com/Item/Haggar/1b7450e2-b7bf-5c49-9ee8-8f314fe94967/\nHaggar\nMens J.M. Sharkskin Ultra Slim Fit Flat Front Pant Black Solid - Size: 34W x 30L\n$49.99\nMen's Wearhouse\n[]https://www.stylight.com/Item/Silver-Jeans-Co/39ecb21e-437a-5cbe-983f-aa6d404e6402/\nSilver Jeans Co\nMens Athletic Fit Tapered Leg Jeans Black - Size: 36W x 32L\n$74.00\nMen's Wearhouse\n[]https://www.stylight.com/Item/Haggar/88744262-549e-5c11-a089-1084f6ee6d6b/\nHaggar\nMens Premium Comfort Classic Fit Pleat-Front Pants Black - Size: 32W x 30L\n$49.99\nMen's Wearhouse\n-11%\n[]https://www.stylight.com/Item/Lee/c98f1827-c4ea-5d0f-a088-ab71bbbfbbe9/\nLee\nExtreme Motion Cargo Twill Pants\n$42.90\n$48.00\nLee Jeans\n[]https://www.stylight.com/Item/Allsaints/e57af373-91e3-5bc5-ab2e-e1da39a30c18/\nAllSaints\nHanbury Linen Blend Relaxed Fit Pants\n$199.00\nAllSaints\n-36%\n[]https://www.stylight.com/Item/Lee/ad944254-a604-5385-a609-d8866cb3175a/\nLee\nExtreme Motion MVP Welt Pocket Cargo Pants\n$34.99\n$55.00\nLee Jeans\n-30%\n[]https://www.stylight.com/Item/The-Anti-Order/623f0895-32a2-56b2-88dd-0531713a7a19/\nThe Anti-Order\nHurtlocker Parachute Pants Black - Size 2XL\n$75.60\n$108.00\nCulture Kings\n[]https://www.stylight.com/Item/Psycho-Bunny/8238837c-ad69-530c-924a-3818de733be9/\nPsycho Bunny\nMens Gable Regular Fit Sport Pant - B6P760ARCN 001 BLACK / 34\n$125.00\nPsycho Bunny\n[]https://www.stylight.com/Item/Vuori-Clothing/fa39b972-1361-5961-aa2d-768287f41442/\nVuori Clothing\nFleet Pants | Black | Small\n$128.00\nVuori\n[]https://www.stylight.com/Item/404/5d3fe839-fe57-548c-a890-b47e988a6910/\n404\nFlare Trousers Black - Size 38\n$72.00\nCulture Kings\n-18%\n[]https://www.stylight.com/Item/Lee/34f1de30-a6be-5dfb-8819-a09bfd9657e3/\nLee\nUltra Lux Comfort Any Wear Straight Pants\n$44.90\n$55.00\nLee Jeans\n-30%\n[]https://www.stylight.com/Item/Sandro/0b77961d-3596-526a-b137-082051d7ea72/\nSandro\nWool suit trousers\n$276.50\n$395.00\nSandro\n[]https://www.stylight.com/Item/The-Anti-Order/061b0277-7c85-578a-aca8-52841ada78b6/\nThe Anti-Order\nHurtlocker Parachute Pants Vintage Black - Size 2XL\n$128.00\nCulture Kings\n[]https://www.stylight.com/Item/Vuori-Clothing/ff813a0b-a2f2-5651-94b1-97def270cfdc/\nVuori Clothing\nMeta Cargo Pants | Black | 38\n$138.00\nVuori\n[]https://www.stylight.com/Item/Saint-Morta/8cc20b69-a40e-5085-8b58-87d39dde3ec1/\nSaint Morta\nSaint Morta Martial Law Cargo Pants Black - Size 28\n$96.00\nCulture Kings\n-77%\n[]https://www.stylight.com/Item/A-X-Armani-Exchange/71901a1e-fe8c-5658-baf9-e52b3bae81b6/\nA|X Armani Exchange\nPants\n$32.00\n$140.00\nYoox.com\n[]https://www.stylight.com/Item/Dickies/81f059cc-910e-5d58-85c0-35b733f90a21/\nDickies\nDickies Original 874 Work Pants Black - Size 36\n$74.99\nCulture Kings\n-50%\n[]https://www.stylight.com/Item/404/a7d5c157-0eed-5c5a-af1e-f66503549ce0/\n404\nSilhouette Pants Black - Size 28\n$36.00\n$72.00\nCulture Kings\nFashion guides, tips, and the most wanted trends\nThis season’s trends\n-\n[Dolce & Gabbana sandals](/Dolce-Gabbana/Sandals/)\n-\n[Straw hats for men](/Straw-Hats/Men/)\n-\n[Moschino sandals](/Moschino/Sandals/)\n-\n[Nike summer shoes for women](/Nike/Summer-Shoes/Women/)\n-\n[Ecco sandals](/Ecco/Sandals/)\n-\n[Gucci sandals](/Gucci/Sandals/)\n-\n[Blue linen shirts for men](/Linen-Shirts/Blue/Men/)\n-\n[Chino shorts for women](/Chino-Shorts/Women/)\n-\n[FitFlop sandals for women](/Fitflop/Sandals/Women/)\n-\n[Linen shirts for men](/Linen-Shirts/Men/)\n-\n[Red swim trunks](/Swim-Trunks/Red/)\n-\n[Dr. Martens sandals](/Dr-Martens/Sandals/)\n-\n[Green short sleeve shirts for men](/Short-Sleeve-Shirts/Green/Men/)\n-\n[HUGO BOSS sandals](/Hugo-Boss/Sandals/)\n-\n[Blue denim shorts for men](/Denim-Shorts/Blue/Men/)\n-\n[Skechers summer shoes for women](/Skechers/Summer-Shoes/Women/)\n-\n[Off-white sandals](/Off-White/Sandals/)\n-\n[Skechers sandals for women](/Skechers/Sandals/Women/)\n-\n[Pink swim trunks for men](/Swim-Trunks/Pink/Men/)\n-\n[Skechers sandals](/Skechers/Sandals/)\n-\n[Swim trunks for women](/Swim-Trunks/Women/)\n-\n[Clarks summer shoes for women](/Clarks/Summer-Shoes/Women/)\n-\n[Lee shorts for women](/Lee/Shorts/Women/)\n-\n[Amiri shorts](/Amiri/Shorts/)\n-\n[Men's blue Nike shorts](/Nike/Shorts/Blue/Men/)\n-\n[Nike summer shoes for men](/Nike/Summer-Shoes/Men/)\n-\n[White swim trunks for men](/Swim-Trunks/White/Men/)\n-\n[Cargo shorts for women](/Cargo-Shorts/Women/)\n-\n[Men's blue Nike summer shoes](/Nike/Summer-Shoes/Blue/Men/)\n-\n[Clarks sandals for women](/Clarks/Sandals/Women/)\nabout products and deals",
    "highlightText": "",
    "highlightTitle": "",
    "highlightThreadTitle": "",
    "language": "english",
    "sentiment": "negative",
    "categories": [
        "Social Issue",
        "Religion and Belief"
    ],
    "webz_reporter": false,
    "external_links": [],
    "external_images": [],
    "entities": {
        "persons": [
            {
                "name": "rando",
                "sentiment": "none"
            }
        ],
        "organizations": [
            {
                "name": "cotton - l",
                "sentiment": "none"
            },
            {
                "name": "random identities black garterless trousers",
                "sentiment": "none"
            },
            {
                "name": "random identities black slim",
                "sentiment": "none"
            }
        ],
        "locations": []
    },
    "rating": null,
    "crawled": "2024-05-24T06:03:37.026+03:00",
    "updated": "2024-05-24T06:03:37.026+03:00"
}