{
    "thread": {
        "uuid": "ac90188ca147fbab64b4ef94b9ea4a55fb6c8afd",
        "url": "https://www.infobae.com/espana/agencias/2024/05/24/la-diocesis-de-toledo-aboga-por-no-dejar-a-las-monjas-solas-al-albur-de-timadores",
        "site_full": "www.infobae.com",
        "site": "infobae.com",
        "site_section": "http://www.infobae.com/feeds/rss/",
        "site_categories": [
            "media",
            "top_news"
        ],
        "section_title": "Infobae.com",
        "title": "La Diócesis de Toledo aboga por no dejar a las monjas solas \"al albur de timadores\"",
        "title_full": "La Diócesis de Toledo aboga por no dejar a las monjas solas \"al albur de timadores\"",
        "published": "2024-05-24T17:33:00.000+03:00",
        "replies_count": 0,
        "participants_count": 1,
        "site_type": "news",
        "country": "AR",
        "main_image": "https://www.infobae.com/pf/resources/images/fallback-promo-image-1200x630.png?d=2262",
        "performance_score": 0,
        "domain_rank": 2052,
        "domain_rank_updated": "2024-05-21T13:07:53.000+03:00",
        "reach": null,
        "social": {
            "facebook": {
                "likes": 0,
                "comments": 0,
                "shares": 0
            },
            "gplus": {
                "shares": 0
            },
            "pinterest": {
                "shares": 0
            },
            "linkedin": {
                "shares": 0
            },
            "stumbledupon": {
                "shares": 0
            },
            "vk": {
                "shares": 0
            }
        }
    },
    "uuid": "ac90188ca147fbab64b4ef94b9ea4a55fb6c8afd",
    "url": "https://www.infobae.com/espana/agencias/2024/05/24/la-diocesis-de-toledo-aboga-por-no-dejar-a-las-monjas-solas-al-albur-de-timadores",
    "ord_in_thread": 0,
    "parent_url": null,
    "author": "Newsroom Infobae",
    "published": "2024-05-24T17:33:00.000+03:00",
    "title": "La Diócesis de Toledo aboga por no dejar a las monjas solas \"al albur de timadores\"",
    "text": "Toledo, 24 may (EFE).- El provicario general de la Diócesis de Toledo y vicario episcopal para la vida consagrada, Raúl Muelas, ha abogado este viernes por que la Iglesia esté \"muy pendiente\" y por \"no dejar a las monjas solas al albur de cualquier timador\" después de la polémica de las clarisas de Belorado (Burgos).\nMuelas ha añadido que dentro de los conventos \"hay mucha candidez de la buena, ternura e inocencia en las monjas a pesar de sus años y de la inteligencia y arrojo que tienen por su vocación\", y que eso le lleva a pensar que la Iglesia tiene que estar pendiente a sus necesidades y que puedan contar con seglares de referencia fuera y sin ningún interés económico o de cualquier tipo.\nDe hecho, Muelas ha admitido que todos los meses se pone en contacto con los conventos para decirles \"ojo, que los timadores están sueltos\" y actúan a través de llamadas telefónicas en las que se hacen pasar por autoridades diocesanas o por ciudadanos que han comido sus dulces y se han visto perjudicados y les piden transferencias de dinero.\nPor ello, ha insistido en que deben trabajar \"para evitar que sean vulnerables ante cualquiera que pueda venir y liarlas, y para que sigan siendo libres, las que gobiernen su vida y marquen su futuro\", ha concluido.\nMuelas se ha manifestado así, a preguntas de los periodistas, en una rueda de prensa de presentación de la Asociación de Amigos de los Conventos de Toledo, donde ha expresado algunas reflexiones a raíz del asunto de las clarisas de Belorado, del que ha dicho que ha \"impactado mucho por inesperado\".\nHa subrayado el trabajo que hace el arzobispo de Burgos, Mario Iceta, para tender puentes y esclarecer lo sucedido porque, según Muelas, es \"muy extraño\" ya que no es la decisión de una persona sola que decide abandonar la Iglesia Católica para irse sino de 15 monjas -cinco de ellas en condiciones de edad y salud precarias- sobre las que puede haber \"una coacción por parte de quien ostenta el poder de la comunidad\".\nPor ello, el vicario episcopal para la vida consagrada de Toledo ha destacado la importancia de que existan asociaciones como la de los Amigos de los Conventos de Toledo para que \"las monjas nunca se puedan sentir solas y no sean un colectivo vulnerable ante cualquier charlatán que venga e intente liarlas\". EFE\n1011759\nsbf/lsy\n(foto)\nÚltimas Noticias\n[El expresidente de Gobierno en España y la licenciada en Economía mantienen una relación de casi dos décadas](/espana/2024/05/24/quien-es-mar-garcia-vaquero-la-esposa-de-felipe-gonzalez-emparentada-con-pedro-trapote-un-divorcio-y-dos-hijas/)\nQuién es Mar García Vaquero, la esposa de Felipe González: emparentada con Pedro Trapote, un divorcio y dos hijas\n[La medida está incluida en la nueva reforma del subsidio por desempleo, a través del Real Decreto-ley 2/2024, aprobado este martes](/espana/2024/05/24/cuando-entra-en-vigor-el-nuevo-permiso-de-lactancia/)\nCuándo entra en vigor el nuevo permiso de lactancia\n[Las indemnizaciones y las causas de los despidos quedaron al margen de la reforma laboral de 2021 al ser imposible un acuerdo tanto entre patronal y sindicatos como internamente en el Ejecutivo](/espana/2024/05/24/el-gobierno-no-tiene-un-plan-para-reformar-el-despido-y-ccoo-teme-que-la-resolucion-de-estrasburgo-se-diluya-en-el-tiempo/)\nEl Gobierno no tiene un plan para reformar el despido y CCOO teme que la resolución de Estrasburgo se diluya en el tiempo\n[La vicepresidenta segunda ha querido matizar sus palabras tras la repercusión internacional que han tenido: “No soy antisemita”](/espana/2024/05/24/yolanda-diaz-aclara-tras-la-polemica-que-ella-queria-decir-que-israel-debe-compartir-con-palestina-desde-el-rio-hasta-el-mar/)\nYolanda Díaz aclara tras la polémica que ella quería decir que Israel debe compartir con Palestina “desde el río hasta el mar”\n[Si buscas renovar el menaje de cocina o incorporar nuevos complementos, no te pierdas esta selección de diferentes artículos con descuento en la plataforma electrónica](/espana/inhouse/2024/05/24/diez-utensilios-de-cocina-rebajados-en-amazon-sartenes-antiadherentes-batidoras-y-otros-basicos-imprescindibles-por-menos-de-50-euros/)",
    "highlightText": "",
    "highlightTitle": "",
    "highlightThreadTitle": "",
    "language": "spanish",
    "sentiment": "negative",
    "categories": [
        "Social Issue",
        "Religion and Belief",
        "Crime, Law and Justice"
    ],
    "webz_reporter": false,
    "external_links": [],
    "external_images": [],
    "entities": {
        "persons": [],
        "organizations": [],
        "locations": []
    },
    "rating": null,
    "crawled": "2024-05-24T17:41:23.687+03:00",
    "updated": "2024-05-24T17:41:23.687+03:00"
}