{
    "thread": {
        "uuid": "b269095b0cd9e49a2e26048420d634644d88720e",
        "url": "https://esradio.libertaddigital.com/fonoteca/2024-05-24/federico-a-las-7-la-antisemita-yolanda-diaz-ha-pedido-exterminar-a-los-judios-p20-s1701496-7130169.html",
        "site_full": "esradio.libertaddigital.com",
        "site": "libertaddigital.com",
        "site_section": "https://www.libertaddigital.com/",
        "site_categories": [
            "hobbies_and_interests",
            "games",
            "top_news"
        ],
        "section_title": "Diario online con noticias de última hora y opinión",
        "title": "Federico a las 7: La antisemita Yolanda Díaz ha pedido exterminar a los judíos - esRadio",
        "title_full": "Federico a las 7: La antisemita Yolanda Díaz ha pedido exterminar a los judíos - esRadio",
        "published": "2024-05-24T09:30:00.000+03:00",
        "replies_count": 0,
        "participants_count": 1,
        "site_type": "news",
        "country": "ES",
        "main_image": "https://s.libertaddigital.com/2024/05/24/1200/627/esradio/yolanda-diaz-230524-recorte.jpeg",
        "performance_score": 0,
        "domain_rank": 10969,
        "domain_rank_updated": "2024-05-21T13:07:53.000+03:00",
        "reach": null,
        "social": {
            "facebook": {
                "likes": 0,
                "comments": 0,
                "shares": 0
            },
            "gplus": {
                "shares": 0
            },
            "pinterest": {
                "shares": 0
            },
            "linkedin": {
                "shares": 0
            },
            "stumbledupon": {
                "shares": 0
            },
            "vk": {
                "shares": 0
            }
        }
    },
    "uuid": "b269095b0cd9e49a2e26048420d634644d88720e",
    "url": "https://esradio.libertaddigital.com/fonoteca/2024-05-24/federico-a-las-7-la-antisemita-yolanda-diaz-ha-pedido-exterminar-a-los-judios-p20-s1701496-7130169.html",
    "ord_in_thread": 0,
    "parent_url": null,
    "author": "https://www.libertaddigital.com/autores/federico-jimenez-losantos/",
    "published": "2024-05-24T09:30:00.000+03:00",
    "title": "Federico a las 7: La antisemita Yolanda Díaz ha pedido exterminar a los judíos - esRadio",
    "text": "Escucha este programa en cualquier momento y lugar a través de los podcasts de Libertad Digital y esRadio. Descarga nuestra aplicación para iOs o Android, visita nuestra página web en esradio.fm, o encuéntranos en Apple Podcast, Spotify, Podimo, Amazon Music, Youtube o iVoox. ¡No olvides suscribirte!\nEste capítulo puede contener información comercial de anunciantes y/o marcas colaboradoras que contribuyen a la creación y difusión de nuestros contenidos. Gracias por colaborar con nuestras marcas colaboradoras.\nTemas Hamás Israel Palestina Terrorismo Últimos audios Federico a las 7: La antisemita Yolanda Díaz ha pedido exterminar a los judíos Federico analiza las manifestaciones de Yolanda Díaz con el lema de Hamás \"Desde el río hasta el mar\" y pidiendo leche en polvo para los palestinos. Federico a las 6: El antisemitismo del Gobierno Federico analiza el antisemitismo del Gobierno, la última demostración es Yolanda Díaz diciendo el lema de Hamás. El Primer Palo (23/05/2024): Programa completo; siguen las informaciones sobre Rubiales, Ceferin y Piqué Tertulia con Paul Tenorio, Sergio valentín y Jaime Ugarte El Primer Palo (23/05/2024): Al infierno con los tattaglia Richard Dees repasa los medios El Primer Palo (23/05/2024): Comentario de Juanma; el Barça Juanma Rodriguez realiza su comentario de entrada Tertulia de Dieter: La maniobra del Gobierno con la UCO para retrasar las causas Carlos Cuesta, Alejandro Vara y Pablo Planas comentan la jugada del Ejecutivo con las vacaciones de los policías. El análisis de Domingo Soriano: Consecuencias económicas de la retirada de la Ley del Suelo Dieter comenta con Domingo Soriano los asuntos más relevantes de la actualidad económica. Resumen de las 20:30: La Junta Electoral Central lleva a la Fiscalía mensajes de socialistas en la jornada de reflexión Dieter y su equipo resumen toda la actualidad. En este país llamado España: El PSOE intenta evitar otro fracaso con la Ley del Suelo Dieter Brandau analiza la posición de los socios del PSOE ante la tramitación en el Congreso, y comenta el inicio de campaña para las Europeas. Tertulia de Herrero: Israel tacha de \"absolutamente intolerable\" la \"proclama antisemita\" de Yolanda Díaz Luis Herrero analiza junto a Marisol Hernández, Inocencio Arias y Pilar Gómez las polémicas palabras de la vicepresidenta del Gobierno. Suscríbase a los podcast Lo más escuchado Federico a las 7: Sánchez se convierte en socio internacional de los terroristas de Hamás Federico analiza la sesión plenaria en la que las Cortes reconocen el Estado de Palestina. Tertulia de Federico: Crisis con Argentina e Israel y Begoña cercada, ¿repetición electoral? Federico analiza con Luis Herrero y Quirós cómo Sánchez está cada vez más débil y solo y empieza a rumorearse una repetición electoral. Crónica Rosa: Los preparativos de boda de Enrique Ponce y Ana Soria Federico e Isabel comentan con Carande y Alaska los preparativos de boda de Enrique Ponce y Ana Soria que recogen las revistas. Crónica Rosa: Enrique Ponce y Ana Soria juegan al despiste Federico comenta toda la actualidad del corazón con Isabel González, Alaska, Carlos Pérez Gimeno y Daniel Carande. Tertulia de Federico: Sánchez defiende a Begoña y ataca a la oposición y la prensa libre Federico sigue en directo con Llamas y Marhuenda la comparecencia de Sánchez por el reconocimiento de Palestina y los \"negocios\" de su esposa. La República de los Tonnntos: La \"filtración interesada a Prisa\" sobre Begoña Gómez Santiago González comenta cómo filtraron a Prisa un informe preliminar de la UCO días antes de la comparecencia de Sánchez. Federico a las 8: Sánchez reconoce a Hamás como Estado Federico comenta la decisión de Pedro Sánchez de reconocer a Palestina y otros asuntos de la actualidad. Federico a las 7: Nuevas revelaciones sobre Begoña Gómez Federico analiza las nuevas revelaciones sobre el caso Begoña Gómez que está cada vez más cercada. Federico a las 6: La corrupción del Gobierno y la presidencia de las Cortes Federico analiza la sesión plenaria del Congreso de los Diputados para reconocer al Estado de Palestina. La República de los Tonnntos: Sánchez no calcula la capacidad de los argentinos para insultar Santiago González comenta algunos de los insultos que los argentinos han dedicado a Sánchez tras comenzar un conflicto diplomático con Argentina. Secciones Portada Opinión España Andalucía Madrid Canarias Valencia Internacional Empresas Corazón Viajar y Comer Deportes Fútbol Cultura Libros Cine Series Tecnociencia Salud Vídeos Fotos Canales Servicios Me lo compro Yo quiero uno Tráfico Precio gasolineras Radares El Tiempo Gestiona tu patrimonio Participación Móviles Boletines RSS Versión accesible Últimas noticias Archivo Hemeroteca Personajes Lugares Empresas Organismos Temas Eventos LD Redes",
    "highlightText": "",
    "highlightTitle": "",
    "highlightThreadTitle": "",
    "language": "spanish",
    "sentiment": "negative",
    "categories": [
        "Politics",
        "Religion and Belief",
        "Human Interest"
    ],
    "webz_reporter": false,
    "external_links": [
        "https://conectate.estrategiasdeinversion.com/curso-de-inversion-y-gestion-patrimonial/",
        "https://www.clublibertaddigital.com/",
        "https://yoquierouno.com/",
        "https://www.libremercado.com/",
        "https://www.conectate.estrategiasdeinversion.com/curso-de-inversion-y-gestion-patrimonial/",
        "https://www.libremercado.com",
        "https://www.clublibertaddigital.com",
        "https://clublibertaddigital.com/",
        "https://www.yoquierouno.com/",
        "https://conectate.estrategiasdeinversion.com/curso-de-inversion-y-gestion-patrimonial",
        "https://yoquierouno.com",
        "https://libremercado.com/"
    ],
    "external_images": [],
    "entities": {
        "persons": [],
        "organizations": [],
        "locations": []
    },
    "rating": null,
    "crawled": "2024-05-24T10:12:21.081+03:00",
    "updated": "2024-05-24T10:12:21.081+03:00"
}