{
    "thread": {
        "uuid": "41030885c529d5c031d21f4b4d0be4a6b605fc84",
        "url": "https://www.leparisien.fr/societe/religions/beaucoup-des-garde-fous-ont-saute-vive-inquietude-des-cultes-sur-levolution-du-projet-de-loi-fin-de-vie-24-05-2024-QPBWC6RYPBEKLGIVVHJLAK4QSI.php",
        "site_full": "www.leparisien.fr",
        "site": "leparisien.fr",
        "site_section": "https://feeds.leparisien.fr/leparisien/rss",
        "site_categories": [
            "non_standard_content",
            "adult",
            "top_news"
        ],
        "section_title": "Le Parisien",
        "title": "« Beaucoup des garde-fous ont sauté » : vive inquiétude des cultes sur l’évolution du projet de loi « fin de vie »",
        "title_full": "« Beaucoup des garde-fous ont sauté » : vive inquiétude des cultes sur l’évolution du projet de loi « fin de vie »",
        "published": "2024-05-24T22:06:00.000+03:00",
        "replies_count": 0,
        "participants_count": 1,
        "site_type": "news",
        "country": "FR",
        "main_image": "https://www.leparisien.fr/resizer/Mao1-j3cqeoEJXqavdyg27KFPdY=/1200x675/cloudfront-eu-central-1.images.arcpublishing.com/leparisien/6T5J2DBTYJDXXDPH7N2RVGVWHM.jpg",
        "performance_score": 0,
        "domain_rank": 1501,
        "domain_rank_updated": "2024-05-21T13:07:53.000+03:00",
        "reach": null,
        "social": {
            "facebook": {
                "likes": 1,
                "comments": 0,
                "shares": 5
            },
            "gplus": {
                "shares": 0
            },
            "pinterest": {
                "shares": 0
            },
            "linkedin": {
                "shares": 0
            },
            "stumbledupon": {
                "shares": 0
            },
            "vk": {
                "shares": 0
            }
        }
    },
    "uuid": "41030885c529d5c031d21f4b4d0be4a6b605fc84",
    "url": "https://www.leparisien.fr/societe/religions/beaucoup-des-garde-fous-ont-saute-vive-inquietude-des-cultes-sur-levolution-du-projet-de-loi-fin-de-vie-24-05-2024-QPBWC6RYPBEKLGIVVHJLAK4QSI.php",
    "ord_in_thread": 0,
    "parent_url": null,
    "author": "@le_parisien",
    "published": "2024-05-24T22:06:00.000+03:00",
    "title": "« Beaucoup des garde-fous ont sauté » : vive inquiétude des cultes sur l’évolution du projet de loi « fin de vie »",
    "text": "« Beaucoup des garde-fous ont sauté » : vive inquiétude des cultes sur l’évolution du projet de loi « fin de vie »\nParmi les changements apportés par les députés, l’un des plus critiqués concerne le remplacement du critère du « pronostic vital engagé à court ou moyen terme » par une notion d’affection « en phase avancée ou terminale ».\nLe débat sur la fin de vie est loin d’être tranché. Après les catholiques mercredi, d’autres responsables de cultes ont dit vendredi leurs vives inquiétudes face à l’évolution du projet de loi\nsur la fin de vie, qui selon eux matérialise les risques qu’ils avaient prédits. Le texte voté le 17 mai en commission spéciale à l’Assemblée nationale « rompt avec les équilibres discutés » initialement, a déploré la Fédération protestante de France (FPF) dans un communiqué.\n« Beaucoup des garde-fous que le gouvernement avait proposés ont sauté », a affirmé à l’AFP le Grand rabbin Haïm Korsia. « C’est grave, parce que c’est la réalisation des risques qu’on pointait du doigt ». « Nous sommes sérieusement inquiets, nous avions alerté dès le 3 mai du risque d’un effet domino », a déclaré à l’AFP Erwan Cloarec, le président du Cnef (Conseil national des évangéliques de France), qui compte proposer au Sénat « de réfléchir à un amendement sur l’élargissement de la clause de conscience ».\nMercredi déjà, l’Eglise catholique avait dit son inquiétude face au texte qui arrivera lundi dans l’hémicycle, estimant que les « verrous » ont « sauté ». Et « on est plus le pied sur l’accélérateur que sur le frein », avait déploré lors d’une conférence de presse l’archevêque de Tours Vincent Jordy, en mettant en garde contre des « dérives qui s’annoncent ».\nLa Conférence des responsables de culte en France (CRCF) organisait vendredi à Paris un colloque consacré à la fin de vie, avec notamment des retours d’expériences de pays ayant élargi l’accès à l’aide à mourir. « C’est terrifiant, on ne se rend pas compte de la charge qu’on met sur la société en encourageant une forme de suicide », a ajouté Haïm Korsia.\n« Euthanasie de choix »\nParmi les changements apportés par les députés, l’un des plus critiqués concerne le remplacement du critère\ndu « pronostic vital engagé à court ou moyen terme » par une notion d’affection « en phase avancée ou terminale ».\nLa FPF, qui résume les points d’inquiétudes dans son long communiqué, déplore aussi le passage de « l’euthanasie d’exception » à une « euthanasie de choix ». Autres points soulevés par la FPF, « la possibilité d’inclure la demande expresse d’\naide à mourir dans ses directives anticipées » et celle, à la demande du patient, « d’une réduction exceptionnelle du délai minimum de réflexion ». « Intégrer le droit à l’aide à mourir dans une nouvelle section du code de la santé publique conçoit l’administration d’un produit létal comme un soin », déplore-t-elle.\nLundi déjà, un collectif d’organisations soignantes opposées au texte avait estimé que « la boîte de Pandore est ouverte » et déploré qu’« en moins de cinq jours, les députés de la commission spéciale ont davantage élargi l’accès à la mort provoquée que ne l’ont fait les deux pays les plus permissifs sur l’aide à mourir ». La présidente de la commission spéciale Agnès Firmin-Le Bodo a, elle, répété mercredi dans\nL’Opinion qu’à son avis, « l’équilibre d’origine » du texte « a été rompu », et promis qu’elle « participerai (t) au rétablissement des cinq critères d’origine, des verrous » selon elle « primordiaux ».",
    "highlightText": "",
    "highlightTitle": "",
    "highlightThreadTitle": "",
    "language": "french",
    "sentiment": "negative",
    "categories": [
        "Social Issue",
        "Religion and Belief"
    ],
    "webz_reporter": false,
    "external_links": [
        "https://www.lopinion.fr/politique/agnes-firmin-le-bodo-lequilibre-sur-la-fin-de-vie-a-ete-rompu",
        "https://lopinion.fr/politique/agnes-firmin-le-bodo-lequilibre-sur-la-fin-de-vie-a-ete-rompu"
    ],
    "external_images": [],
    "entities": {
        "persons": [],
        "organizations": [],
        "locations": []
    },
    "rating": null,
    "crawled": "2024-05-24T23:20:49.500+03:00",
    "updated": "2024-05-24T23:20:49.500+03:00"
}