{
    "thread": {
        "uuid": "59f91447ae070e0c90770c9c919bd572e1c9a023",
        "url": "https://www.europapress.es/sociedad/noticia-vaticano-restituye-priora-eeuu-acusada-obispo-manterner-relaciones-cura-consumir-drogas-20240524143335.html",
        "site_full": "www.europapress.es",
        "site": "europapress.es",
        "site_section": "https://www.europapress.es/",
        "site_categories": [
            "media",
            "top_news"
        ],
        "section_title": "\r\n\tEuropa Press -  Agencia de noticias\r\n",
        "title": "El Vaticano restituye a una priora de EE.UU acusada por su obispo de manterner relaciones con un cura y consumir drogas",
        "title_full": "El Vaticano restituye a una priora de EE.UU acusada por su obispo de manterner relaciones con un cura y consumir drogas",
        "published": "2024-05-24T15:33:00.000+03:00",
        "replies_count": 0,
        "participants_count": 1,
        "site_type": "news",
        "country": "ES",
        "main_image": "https://img.europapress.es/fotoweb/fotonoticia_20240524143335_1200.jpg",
        "performance_score": 0,
        "domain_rank": 2634,
        "domain_rank_updated": "2024-05-21T13:07:53.000+03:00",
        "reach": null,
        "social": {
            "facebook": {
                "likes": 0,
                "comments": 0,
                "shares": 22
            },
            "gplus": {
                "shares": 0
            },
            "pinterest": {
                "shares": 0
            },
            "linkedin": {
                "shares": 0
            },
            "stumbledupon": {
                "shares": 0
            },
            "vk": {
                "shares": 0
            }
        }
    },
    "uuid": "59f91447ae070e0c90770c9c919bd572e1c9a023",
    "url": "https://www.europapress.es/sociedad/noticia-vaticano-restituye-priora-eeuu-acusada-obispo-manterner-relaciones-cura-consumir-drogas-20240524143335.html",
    "ord_in_thread": 0,
    "parent_url": null,
    "author": "Europa Press",
    "published": "2024-05-24T15:33:00.000+03:00",
    "title": "El Vaticano restituye a una priora de EE.UU acusada por su obispo de manterner relaciones con un cura y consumir drogas",
    "text": "ROMA, 24 May. (EUROPA PRESS) -\nEl Dicasterio para los Institutos de Vida Consagrada y Sociedades de Vida Apostólica ha restituido a la priora del convento de las carmelitas de Arlington, en el estado de Texas (Estados Unidos), que había sidosido acusada de tener relaciones íntimas con un cura, consumo de drogas y desobediencia contumaz por el obispo de su diócesis Fort Worth, Michael Olson.\nEn un decreto firmado el 30 de abril por este dicasterio y hecho público por el medio 'Life Site News', el Vaticano ha revocado la expulsión de la madre Agnes decretada por el obispo en junio de 2020.\nEl pasado 16 de mayo el propio obispo reveló que había recibido un informe en abril de 2023 sobre que la madre Teresa había \"cometido pecados contra el Sexto Mandamiento y violado su voto de castidad con un sacerdote de fuera de la Diócesis de Fort Worth\".\nUn día después de ser nombrado Comisario Pontificio, el 1 de junio, Olson expulsó a la madre Teresa de la orden carmelita, declarando que su investigación de seis semanas la había considerado culpable de mantener relaciones íntimas con un sacerdote. Se le concedieron 30 días para apelar la decisión ante el Vaticano. Tras su apelación, el Vaticano ha decido restituirla al frente del convento.\nLeer más acerca de: Estados Unidos Drogas Iglesia Católica",
    "highlightText": "",
    "highlightTitle": "",
    "highlightThreadTitle": "",
    "language": "spanish",
    "sentiment": "negative",
    "categories": [
        "Social Issue",
        "Religion and Belief",
        "Crime, Law and Justice"
    ],
    "webz_reporter": false,
    "external_links": [],
    "external_images": [],
    "entities": {
        "persons": [],
        "organizations": [],
        "locations": []
    },
    "rating": null,
    "crawled": "2024-05-24T15:49:33.281+03:00",
    "updated": "2024-05-24T15:49:33.281+03:00"
}