{
    "thread": {
        "uuid": "b7cabcd3e3d0bca335a9e10352eea85b23dc5aee",
        "url": "https://www.rtbf.be/article/jo-2024-deux-hommes-issus-de-la-mouvance-islamiste-interpelles-en-marge-du-relais-de-la-flamme-11378754",
        "site_full": "www.rtbf.be",
        "site": "rtbf.be",
        "site_section": "https://rtbf.be",
        "site_categories": [
            "sports",
            "top_news"
        ],
        "section_title": "RTBF Actus - La référence de l&#x27;actualité belge et internationale - Accueil - RTBF Actus",
        "title": "JO 2024 : deux hommes 'issus de la mouvance islamiste' interpellés en marge du relais de la flamme - RTBF Actus",
        "title_full": "JO 2024 : deux hommes 'issus de la mouvance islamiste' interpellés en marge du relais de la flamme - RTBF Actus",
        "published": "2024-05-24T20:23:00.000+03:00",
        "replies_count": 0,
        "participants_count": 1,
        "site_type": "news",
        "country": "BE",
        "main_image": "https://ds.static.rtbf.be/article/image/1920x1080/7/d/2/d1fe173d08e959397adf34b1d77e88d7-1716571390.jpg",
        "performance_score": 0,
        "domain_rank": 3586,
        "domain_rank_updated": "2024-05-21T13:07:53.000+03:00",
        "reach": null,
        "social": {
            "facebook": {
                "likes": 0,
                "comments": 0,
                "shares": 0
            },
            "gplus": {
                "shares": 0
            },
            "pinterest": {
                "shares": 0
            },
            "linkedin": {
                "shares": 0
            },
            "stumbledupon": {
                "shares": 0
            },
            "vk": {
                "shares": 0
            }
        }
    },
    "uuid": "b7cabcd3e3d0bca335a9e10352eea85b23dc5aee",
    "url": "https://www.rtbf.be/article/jo-2024-deux-hommes-issus-de-la-mouvance-islamiste-interpelles-en-marge-du-relais-de-la-flamme-11378754",
    "ord_in_thread": 0,
    "parent_url": null,
    "author": "la rédaction avec Belga",
    "published": "2024-05-24T20:23:00.000+03:00",
    "title": "JO 2024 : deux hommes 'issus de la mouvance islamiste' interpellés en marge du relais de la flamme - RTBF Actus",
    "text": "Deux hommes particulièrement surveillés, issus de la mouvance islamiste, ont été interpellés jeudi en marge du passage de la flamme olympique dans le sud-ouest de la France, a annoncé vendredi le gouvernement. \"En marge du passage de la flamme olympique en Gironde, (le ministre de l'Intérieur) Gérald Darmanin annonce l'interpellation de deux individus particulièrement surveillés\", a indiqué le ministère dans un communiqué. \"Ces hommes sont issus de la mouvance islamiste, ayant violé la mesure individuelle de contrôle administratif et de surveillance dont ils font l'objet\", ajoute-t-il. \"Le premier homme, âgé de 33 ans, a été condamné en janvier dernier pour apologie publique du terrorisme. Le second, âgé de 23 ans, était connu des services de renseignement pour des propos pro-djihadistes répétés sur la voie publique. Il avait par ailleurs été condamné à une peine d'emprisonnement ferme en octobre 2022\", précise le ministère. Début mai, [Gérald Darmanin](https://www.rtbf.be/article/france-l-assemblee-rejette-la-loi-immigration-darmanin-presente-sa-demission-refusee-par-macron-11299528) avait dévoilé aux préfets \"un plan d'actions\" de lutte antiterroriste reposant sur une \"stratégie d'entrave optimisée\" à l'encontre de la \"mouvance islamiste et jihadiste\" en amont et pendant les Jeux olympiques. Le ministre proposait notamment le déploiement systématique de mesures administratives comme des visites domiciliaires et des mesures individuelles de contrôle administratif et de surveillance (Micas) pour les personnes \"condamnées pour faits de terrorisme ou fortement radicalisées, dès leur libération\". Selon le ministère, 77 \"Micas\" sont en cours, un chiffre qui a fortement augmenté depuis le début du relais de la flamme. Le ministère assure par ailleurs que les mesures d'entraves \"continueront d'être renforcées à l'approche des Jeux\".",
    "highlightText": "",
    "highlightTitle": "",
    "highlightThreadTitle": "",
    "language": "french",
    "sentiment": "negative",
    "categories": [
        "Politics",
        "Religion and Belief",
        "Crime, Law and Justice"
    ],
    "webz_reporter": false,
    "external_links": [],
    "external_images": [],
    "entities": {
        "persons": [],
        "organizations": [],
        "locations": []
    },
    "rating": null,
    "crawled": "2024-05-24T20:50:41.396+03:00",
    "updated": "2024-05-24T20:50:41.396+03:00"
}