{
    "thread": {
        "uuid": "1b92de8e09dac27709b351ea2af15ab03deb9ebf",
        "url": "https://rmc.bfmtv.com/actualites/societe/la-licra-et-la-grande-mosquee-de-paris-se-brouillent-autour-de-philippe-val_AN-202405240667.html",
        "site_full": "rmc.bfmtv.com",
        "site": "bfmtv.com",
        "site_section": "https://rmc.bfmtv.com/actualites",
        "site_categories": [
            "non_standard_content"
        ],
        "section_title": "Toute l&#39;actualité sur RMC",
        "title": "La Licra et la Grande mosquée de Paris se brouillent autour de Philippe Val",
        "title_full": "La Licra et la Grande mosquée de Paris se brouillent autour de Philippe Val",
        "published": "2024-05-24T17:02:00.000+03:00",
        "replies_count": 0,
        "participants_count": 1,
        "site_type": "news",
        "country": "FR",
        "main_image": "https://images.bfmtv.com/78vNcimuF5pdy1aKF380m6hjIe0=/0x1:2400x1351/2400x0/images/-101896.jpg",
        "performance_score": 0,
        "domain_rank": 1908,
        "domain_rank_updated": "2024-05-21T13:07:53.000+03:00",
        "reach": null,
        "social": {
            "facebook": {
                "likes": 0,
                "comments": 0,
                "shares": 0
            },
            "gplus": {
                "shares": 0
            },
            "pinterest": {
                "shares": 0
            },
            "linkedin": {
                "shares": 0
            },
            "stumbledupon": {
                "shares": 0
            },
            "vk": {
                "shares": 0
            }
        }
    },
    "uuid": "1b92de8e09dac27709b351ea2af15ab03deb9ebf",
    "url": "https://rmc.bfmtv.com/actualites/societe/la-licra-et-la-grande-mosquee-de-paris-se-brouillent-autour-de-philippe-val_AN-202405240667.html",
    "ord_in_thread": 0,
    "parent_url": null,
    "author": "G.D. avec AFP",
    "published": "2024-05-24T17:02:00.000+03:00",
    "title": "La Licra et la Grande mosquée de Paris se brouillent autour de Philippe Val",
    "text": "La Grande mosquée de Paris et la Licra ont rompu un partenariat commun après un désaccord sur les propos de Philippe Val, ancien directeur de Charlie Hebdo, qui a assuré être islamophobe.\"",
    "highlightText": "",
    "highlightTitle": "",
    "highlightThreadTitle": "",
    "language": "french",
    "sentiment": "negative",
    "categories": [
        "Social Issue",
        "Religion and Belief"
    ],
    "webz_reporter": false,
    "external_links": [],
    "external_images": [],
    "entities": {
        "persons": [],
        "organizations": [],
        "locations": []
    },
    "rating": null,
    "crawled": "2024-05-24T17:19:06.055+03:00",
    "updated": "2024-06-06T21:30:54.066+03:00"
}