{
    "thread": {
        "uuid": "5d8fc084a71166518e2456af08be66757ceeb097",
        "url": "https://www.cnnbrasil.com.br/nacional/ex-vocalista-do-raimundos-denuncia-abuso-de-igreja-contra-ele-e-sua-esposa",
        "site_full": "www.cnnbrasil.com.br",
        "site": "cnnbrasil.com.br",
        "site_section": "https://www.cnnbrasil.com.br/feed",
        "site_categories": [
            "top_news"
        ],
        "section_title": "CNN Brasil",
        "title": "Ex-vocalista do Raimundos denuncia abuso de igreja contra ele e sua esposa",
        "title_full": "Ex-vocalista do Raimundos denuncia abuso de igreja contra ele e sua esposa",
        "published": "2024-05-24T06:55:00.000+03:00",
        "replies_count": 0,
        "participants_count": 1,
        "site_type": "news",
        "country": "BR",
        "main_image": "https://www.cnnbrasil.com.br/wp-content/uploads/sites/12/2024/05/Snapinsta.app_397249410_18288989734178987_3238460476962353741_n_1080-e1716500718470.jpg",
        "performance_score": 0,
        "domain_rank": 6871,
        "domain_rank_updated": "2024-05-21T13:07:53.000+03:00",
        "reach": null,
        "social": {
            "facebook": {
                "likes": 0,
                "comments": 0,
                "shares": 0
            },
            "gplus": {
                "shares": 0
            },
            "pinterest": {
                "shares": 0
            },
            "linkedin": {
                "shares": 0
            },
            "stumbledupon": {
                "shares": 0
            },
            "vk": {
                "shares": 0
            }
        }
    },
    "uuid": "5d8fc084a71166518e2456af08be66757ceeb097",
    "url": "https://www.cnnbrasil.com.br/nacional/ex-vocalista-do-raimundos-denuncia-abuso-de-igreja-contra-ele-e-sua-esposa",
    "ord_in_thread": 0,
    "parent_url": null,
    "author": "thomaz.sousa",
    "published": "2024-05-24T06:55:00.000+03:00",
    "title": "Ex-vocalista do Raimundos denuncia abuso de igreja contra ele e sua esposa",
    "text": "Ex-vocalista do Raimundos denuncia abuso de igreja contra ele e sua esposa\nRodolfo Abrantes relatou abusos emocionais sofridos no Ministério Bola de Neve de Balneário Camboriú\nRodolfo Abrantes, ex-vocalista da banda Raimundos, publicou um vídeo nas redes sociais nesta quarta-feira (22) em que faz uma declaração sobre abusos emocionais sofridos por ele e sua esposa enquanto eram membros da Igreja Bola de Neve, em Balneário Camboriú (SC).\nNo vídeo, Rodolfo explica que ele e sua esposa se desligaram do ministério em 2011. Ele mencionou que decidiu se pronunciar agora para esclarecer sua posição, visto que sua esposa já havia se manifestado anteriormente. Abrantes relatou que ambos sofreram abusos emocionais significativos e foram alvo de várias acusações, incluindo de calote.\n“Escolhi não falar nada naquela época, com uma preocupação de não ser responsável por arrastar pessoas para fora de igreja e de não ser acusado de mais coisa do que eu fui. Isso não foi recíproco, eu e a minha esposa fomos taxados de irresponsáveis, minha esposa foi chamada de Jezabel, eu fui chamado até de caloteiro” disse o ex-vocalista.\nRodolfo Abrantes também afirmou que ele e sua esposa não têm nenhuma relação atual com o Ministério Bola de Neve e nunca foram fundadores ou pastores da igreja.\n“Nós não somos fundadores do Bola de Neve, nós nunca fomos pastores do Bola de Neve, nós fomos membros daquela igreja e tentamos cooperar da melhor forma possível, mas sim nós sofremos muitos abusos emocionais, eu creio que por muito do despreparo dos pastores que vieram para cá e nós sobrevivemos” acrescentou Abrantes.\nRodolfo ainda elogiou a coragem de sua esposa por se posicionar publicamente e expressou apoio total a ela. Ele também encorajou outras pessoas que possam estar sofrendo abusos emocionais a buscarem ajuda e lutarem por sua saúde emocional e espiritual. No final, ele destacou a importância de um ambiente de igreja saudável e pediu orações para a justiça ser feita.\nO que diz a igreja Bola de Neve\nEm resposta às acusações, a igreja se posicionou afirmando que ao longo dos 25 anos de atuação do ministério, com mais de 500 igrejas espalhadas pelo Brasil e pelo mundo, os trabalhos sempre foram realizados com conduta transparente e honesta, visando a transformação da sociedade. Veja a nota:\n“A Igreja Bola de Neve lamenta profundamente o descontentamento e a repercussão de notícias e materiais nas mídias sociais que expõem o desagrado de pessoas que já frequentaram a instituição. Ao longo dos 25 anos de atuação do ministério e com mais de 500 igrejas espalhadas no Brasil e mundo, os trabalhos sempre foram feitos em uma conduta transparente e honesta para que o resultado final fosse a transformação da sociedade. O coração e as obras de todos continuam iguais: servir a Deus e a comunidade da melhor forma possível. Como ministério, a Igreja Bola de Neve está se esforçando para ser aperfeiçoada em gestão, base doutrinária, capacitação de obreiros e, principalmente, no temor à Deus. Quem perde neste cenário tão triste são milhares de pessoas que já foram ou teriam a chance de serem transformadas pelo poder de Deus.”",
    "highlightText": "",
    "highlightTitle": "",
    "highlightThreadTitle": "",
    "language": "portuguese",
    "sentiment": "negative",
    "categories": [
        "Social Issue",
        "Religion and Belief"
    ],
    "webz_reporter": false,
    "external_links": [],
    "external_images": [],
    "entities": {
        "persons": [],
        "organizations": [],
        "locations": []
    },
    "rating": null,
    "crawled": "2024-05-24T07:20:06.807+03:00",
    "updated": "2024-05-24T07:20:06.807+03:00"
}