{
    "thread": {
        "uuid": "12c029170ea0bd3332dafb951d367373e4f30064",
        "url": "https://www.godlikeproductions.com/forum1/message3013818/pg1",
        "site_full": "www.godlikeproductions.com",
        "site": "godlikeproductions.com",
        "site_section": "https://godlikeproductions.com/feeds/forums/1",
        "site_categories": [
            "marketing",
            "business"
        ],
        "section_title": "Godlike Productions - Membership Contract",
        "title": "The pope is the antichrist",
        "title_full": "The pope is the antichrist",
        "published": "2024-05-24T20:56:00.000+03:00",
        "replies_count": 0,
        "participants_count": 1,
        "site_type": "news",
        "country": "US",
        "main_image": "",
        "performance_score": 0,
        "domain_rank": 20870,
        "domain_rank_updated": "2024-05-21T13:07:53.000+03:00",
        "reach": null,
        "social": {
            "facebook": {
                "likes": 0,
                "comments": 0,
                "shares": 0
            },
            "gplus": {
                "shares": 0
            },
            "pinterest": {
                "shares": 0
            },
            "linkedin": {
                "shares": 0
            },
            "stumbledupon": {
                "shares": 0
            },
            "vk": {
                "shares": 0
            }
        }
    },
    "uuid": "12c029170ea0bd3332dafb951d367373e4f30064",
    "url": "https://www.godlikeproductions.com/forum1/message3013818/pg1",
    "ord_in_thread": 0,
    "parent_url": null,
    "author": "Danny R",
    "published": "2024-05-24T20:56:00.000+03:00",
    "title": "The pope is the antichrist",
    "text": "Users Online Now:\n1,556\n(\nWho's On?\n)\nVisitors Today:\n587,929\nPageviews Today:\n1,086,887\nThreads Today:\n322\nPosts Today:\n7,679\n02:25 PM\nDirectory\nAdv. Search\nTopics\nForum\nMembership Contract:\nYou are attempting to enter a Private Virtual Country Club.\nEntrance to this private establishment requires membership but not an account.\nMembership Contract:\n• You Contractually Agree that you are at least 18 years of age and that you are accessing this website for personal use only.\n• You Contractually Agree that you wish to join as a member to this private establishment and that any communication taking place here is considered private communication between members which you agree not to publicly disclose or disseminate.\n• You are responsible for all activity that occurs under your IP Address and device on this website, including your conduct and any User Content you provide or that you allow others to provide under your IP Address and device.\n• You will not use this website to harass, threaten, impersonate or intimidate another person, government, or legal entity.\n• You will not use this website to promote, recruit for, or organize any real life group, political or otherwise.\n• You will not provide, submit or otherwise make available any content that is unlawful, hateful, harmful, racist, threatening, abusive, harassing, tortious, defamatory, obscene, libelous, invasive of another's privacy, or otherwise illegal.\n• You will not provide, submit or otherwise make available any unsolicited or unauthorized advertising, promotional materials, \"junk mail,\" \"spam,\" \"chain letters,\" \"pyramid schemes,\" \"affiliate links\" or any other form of solicitation.\n• You will not violate any local laws in your jurisdiction (including, but not limited to, hate speech and intellectual property laws).\n• You will not use our Site for any illegal or unauthorized purpose.\n• You will not access, \"hack,\" alter or otherwise use any part of the Site in any unauthorized manner.\n• You will not utilize any software bugs, robots, web spiders, or other such technological device to automaticly access, extract, collect, harvest, archive, screeen shot, or preserve in any way data or information contained on the Site.\n• You understand and agree that your membership to this private establishment can be revoked by this website's staff at any time for any reason whatsoever or no reason at all.\n•\nYou understand and accept that this website uses cookies.\n• You Contractually Agree to a Class Action Waiver: Except as otherwise required under applicable law, You agree that you will not assert class action or representative action claims against this website, its owners, users, or representatives, whether in arbitration or otherwise, which actions are hereby waived; and you shall only submit your own, individual claims and will not seek to represent the interests of any other person.\n• You Contractually Agree that: (i) this Website shall be deemed solely based in the country of Jersey; and (ii) this Website shall be deemed a passive website that does not give rise to personal jurisdiction over this website, either specific or general, in jurisdictions other than the country of Jersey. Unless prohibited by local law, these Terms of Service shall be governed by the internal substantive laws of the Country of Jersey, without respect to its conflict of laws principles. Unless prohibited by local law, any claim or dispute between you and this website that arises in whole or in part from this Website shall be decided exclusively by a court of competent jurisdiction located in the country of Jersey.\n• You Contractually Agree to abide by and be bound by the additional\nterms of service\n,\ndisclaimer\n, and\nprivacy policy\nfound in the footer of this website.\nI Agree to The Terms of This Membership Contract.\nI have read and accept the Privacy Policy and Terms of Service.\nI Do Not Agree to The Terms.\nDisclaimer / Copyright Info\n-\nPrivacy Policy\n-\nTerms Of Use\n-\nCancellation Policy / Billing Help\nMail\nWebmaster\nwith questions or comments about this site.\nCopyright © 1999 - 2024 Godlikeproductions.com\nPage generated in 0.005s (0 queries)",
    "highlightText": "",
    "highlightTitle": "",
    "highlightThreadTitle": "",
    "language": "english",
    "sentiment": "negative",
    "categories": [
        "Religion and Belief",
        "Social Issue"
    ],
    "webz_reporter": false,
    "external_links": [],
    "external_images": [],
    "entities": {
        "persons": [],
        "organizations": [],
        "locations": []
    },
    "rating": null,
    "crawled": "2024-05-24T21:25:35.052+03:00",
    "updated": "2024-05-24T21:25:35.052+03:00"
}