{
    "thread": {
        "uuid": "4457bbd93b64c185fb05f9d4fd572d5456050e37",
        "url": "https://www.churchtimes.co.uk/articles/2024/24-may/gazette/deaths/deaths",
        "site_full": "www.churchtimes.co.uk",
        "site": "churchtimes.co.uk",
        "site_section": "https://churchtimes.co.uk/rss/",
        "site_categories": [
            "religion",
            "christianity"
        ],
        "section_title": "Church Times",
        "title": "Deaths",
        "title_full": "Deaths",
        "published": "2024-05-24T01:03:00.000+03:00",
        "replies_count": 0,
        "participants_count": 0,
        "site_type": "news",
        "country": "GB",
        "main_image": "https://www.churchtimes.co.uk/media/5643427/deaths.jpg?anchor=center&mode=crop&width=600&height=314&rnd=132374959110000000",
        "performance_score": 0,
        "domain_rank": 28232,
        "domain_rank_updated": "2024-05-21T13:07:53.000+03:00",
        "reach": null,
        "social": {
            "facebook": {
                "likes": 0,
                "comments": 0,
                "shares": 0
            },
            "gplus": {
                "shares": 0
            },
            "pinterest": {
                "shares": 0
            },
            "linkedin": {
                "shares": 0
            },
            "stumbledupon": {
                "shares": 0
            },
            "vk": {
                "shares": 0
            }
        }
    },
    "uuid": "4457bbd93b64c185fb05f9d4fd572d5456050e37",
    "url": "https://www.churchtimes.co.uk/articles/2024/24-may/gazette/deaths/deaths",
    "ord_in_thread": 0,
    "parent_url": null,
    "author": null,
    "published": "2024-05-24T01:03:00.000+03:00",
    "title": "Deaths",
    "text": "Friday 24 May 2024\nBILL. — On 22 April, the Revd Alan Bill: Team Vicar in the Thornaby-on-Tees Team Ministry (1971-76); Rector of East Gilling (1976-81); York Diocesan Stewardship Adviser (1976-81); Vicar of Ormesby (1981-91); aged 94.\nSMALLEY. — On 19 May, the Very Revd Dr Stephen Smalley: Chaplain of Peterhouse College, Cambridge (1960-63); Acting Dean (1962-63); Lecturer at the University of Ibadan, Nigeria (1963-69); Lecturer at Manchester University (1970-77); Warden of St Anselm Hall, Manchester University (1972-77); Canon Precentor of Coventry Cathedral (1977-87); Vice-Provost (1986-87); Dean of Chester (1987-2001); aged 93.\nSTUBBS. — On 16 May, the Revd Stanley Peter Handley Stubbs: Assistant Curate of Fletton (1955-58); Hon. Minor Canon of Peterborough Cathedral (1956-58); Assistant Curate of St Paul’s, Hounslow Heath, in charge of the Good Shepherd (1958-63); Chaplain to the Territorial Army (1959-78); Vicar of St Alban the Martyr, Northampton (1963-76); Rector of Christ Church with St Laurence, Brondsbury (1976-93); Hon. Assistant Curate of St Mary Abbots, Kensington (1993-2018); aged 100.\nBrowse Church and Charity jobs on the Church Times jobsite\n24 May 2024\nRead reports from issues stretching back to 1863, search for your parish or see if any of the clergy you know get a mention.\nFREE for Church Times subscribers.\nExplore the archive\nThe Church Times is looking for a new editor to succeed Paul Handley, who is retiring at the end of September 2024.\nLuton is one of the most diverse, multi-cultural, youthful, towns in the country. The local authority has a 2040 vision for this dynamic and changing urban community\nThe Adviser for Ordinands and Vocations will oversee the provision of high quality vocational discernment and recruitment for both lay and ordained ministry. S/he will encourage an increase in the quality, quantity and diversity of candidates and promote a broad culture of vocation in the Diocese.\nFind more jobs\n28 May 2024\nA Church Times/Church House Publishing webinar\nTickets are FREE\nMonday 3 June 2024\nThis panel will explore where Christians have come to in terms of political power and ask, where should we go next?\nOnline tickets available\nMonday 10 June 2024\nThis panel will explore the power of voting, and power beyond voting.\nClosing date: 30 June 2024\nRead more details about the awards\n15-17 September 2024\nThe festival moves to Cambridge along with a sparkling selection of expert speakers\nEarly bird tickets available\nA survivor writes about the emotionally exhausting process of making a CDM complaint out of time — only for it to be refused\nTo explore the Church Times website fully, please sign in or subscribe.\nNon-subscribers can read four articles for free each month. (You will need to register.)",
    "highlightText": "",
    "highlightTitle": "",
    "highlightThreadTitle": "",
    "language": "english",
    "sentiment": "negative",
    "categories": [
        "Religion and Belief",
        "Human Interest"
    ],
    "webz_reporter": false,
    "external_links": [],
    "external_images": [],
    "entities": {
        "persons": [
            {
                "name": "alan bill",
                "sentiment": "neutral"
            },
            {
                "name": "hounslow heath",
                "sentiment": "none"
            },
            {
                "name": "stubbs",
                "sentiment": "none"
            },
            {
                "name": "peter handley stubbs",
                "sentiment": "none"
            },
            {
                "name": "smalley",
                "sentiment": "none"
            },
            {
                "name": "stephen smalley",
                "sentiment": "none"
            }
        ],
        "organizations": [
            {
                "name": "st laurence",
                "sentiment": "none"
            },
            {
                "name": "canon",
                "sentiment": "none"
            },
            {
                "name": "rector of christ church",
                "sentiment": "none"
            },
            {
                "name": "st alban",
                "sentiment": "none"
            },
            {
                "name": "st mary abbots",
                "sentiment": "none"
            },
            {
                "name": "chaplain of peterhouse college",
                "sentiment": "none"
            },
            {
                "name": "st paul",
                "sentiment": "none"
            },
            {
                "name": "territorial army",
                "sentiment": "none"
            },
            {
                "name": "peterborough cathedral",
                "sentiment": "none"
            },
            {
                "name": "university of ibadan",
                "sentiment": "none"
            },
            {
                "name": "manchester university",
                "sentiment": "none"
            },
            {
                "name": "st anselm hall",
                "sentiment": "none"
            }
        ],
        "locations": [
            {
                "name": "cambridge",
                "sentiment": "none"
            },
            {
                "name": "nigeria",
                "sentiment": "none"
            },
            {
                "name": "kensington",
                "sentiment": "none"
            },
            {
                "name": "northampton",
                "sentiment": "none"
            }
        ]
    },
    "rating": null,
    "crawled": "2024-05-24T03:47:27.917+03:00",
    "updated": "2024-05-24T03:47:27.917+03:00"
}