{
    "thread": {
        "uuid": "0f7b3d73c173926ca1b2aa7fbbbc615ca6fa5b02",
        "url": "https://www.newswiretoday.com/news/182223",
        "site_full": "www.newswiretoday.com",
        "site": "newswiretoday.com",
        "site_section": "http://www.newswiretoday.com/xml/118/",
        "site_categories": [
            "media"
        ],
        "section_title": "NewswireToday - Press Release Newswire Distribution Service - Construction / Architecture / Infra",
        "title": "Flatiron-Led JV Wins Construction Portion of VIA Metropolitan Transit Authority’s 6M Green Line Project in San Antonio",
        "title_full": "Flatiron-Led JV Wins Construction Portion of VIA Metropolitan Transit Authority’s 6M Green Line Project in San Antonio",
        "published": "2024-05-24T12:00:00.000+03:00",
        "replies_count": 0,
        "participants_count": 1,
        "site_type": "news",
        "country": "US",
        "main_image": "",
        "performance_score": 0,
        "domain_rank": 39833,
        "domain_rank_updated": "2024-05-21T13:07:58.000+03:00",
        "reach": null,
        "social": {
            "facebook": {
                "likes": 0,
                "comments": 0,
                "shares": 0
            },
            "gplus": {
                "shares": 0
            },
            "pinterest": {
                "shares": 0
            },
            "linkedin": {
                "shares": 0
            },
            "stumbledupon": {
                "shares": 0
            },
            "vk": {
                "shares": 0
            }
        }
    },
    "uuid": "0f7b3d73c173926ca1b2aa7fbbbc615ca6fa5b02",
    "url": "https://www.newswiretoday.com/news/182223",
    "ord_in_thread": 0,
    "parent_url": null,
    "author": "@NewswireTODAY",
    "published": "2024-05-24T12:00:00.000+03:00",
    "title": "Flatiron-Led JV Wins Construction Portion of VIA Metropolitan Transit Authority’s 6M Green Line Project in San Antonio",
    "text": "|\n|\n|\n|\nMore news:Agency / Source:\n|\n|\n|For more information, please visit:\n|\nIs this your article?\nContact: Mike Swenson - FlatironCorp.com\n720-494-8132 press[.]flatironcorp.com\n|PRZOOM / PRTODAY - Newswire Today disclaims any content contained in this article. If you need/wish to contact the company who published the current release, you will need to contact them - NOT us. Issuers of articles are solely responsible for the accuracy of their content. Our complete disclaimer appears\n|\nIMPORTANT INFORMATION: Issuance, publication or distribution of this press release in certain jurisdictions could be subject to restrictions. The recipient of this press release is responsible for using this press release and the information herein in accordance with the applicable rules and regulations in the particular jurisdiction. This press release does not constitute an offer or an offering to acquire or subscribe for any HOCHTIEF AG securities in any jurisdiction including any other companies listed or named in this release.\n|Construction / Architecture / Infra via RSS\n|\n|Read Latest Articles From\n|\n|\n|\n& Crowdfunding Campaigns\n|\n|\n|\n|\n|\n|\n|newswire, PR press releases distribution service magazines engine news alert newsroom press room breaking news public relations articles company news alerts newswiredistribution ezine bizentrepreneur biznewstoday digital business report market search pr firms agencies reports distri-bution today investor relation successful internet entrepreneurs newswire distribution prtoday.com newswiredistribution asianewstoday bizwiretoday USA pr UK today - NOT affiliated with PRNewswire as we declined their partnership offer in 2013\n|",
    "highlightText": "",
    "highlightTitle": "",
    "highlightThreadTitle": "",
    "language": "english",
    "sentiment": "negative",
    "categories": [
        "Religion and Belief",
        "Crime, Law and Justice"
    ],
    "webz_reporter": false,
    "external_links": [],
    "external_images": [],
    "entities": {
        "persons": [
            {
                "name": "mike swenson",
                "sentiment": "none"
            }
        ],
        "organizations": [
            {
                "name": "via metropolitan transit authority",
                "sentiment": "negative"
            },
            {
                "name": "hochtief ag",
                "sentiment": "none"
            }
        ],
        "locations": [
            {
                "name": "san antonio",
                "sentiment": "none"
            }
        ]
    },
    "rating": null,
    "crawled": "2024-05-24T22:14:19.768+03:00",
    "updated": "2024-05-24T22:14:19.768+03:00"
}