{
    "thread": {
        "uuid": "05177c941c2a5d19073a5c996f9e89c51487705c",
        "url": "https://www.wbur.org/radio/programs/onpoint/radio/programs/onpoint/staff",
        "site_full": "www.wbur.org",
        "site": "wbur.org",
        "site_section": "https://onpoint.wbur.org",
        "site_categories": [
            "media"
        ],
        "section_title": "On Point",
        "title": "WBUR",
        "title_full": "WBUR",
        "published": "2024-05-23T03:00:00.000+03:00",
        "replies_count": 0,
        "participants_count": 1,
        "site_type": "news",
        "country": "US",
        "main_image": "https://wordpress.wbur.org/wp-content/uploads/2016/06/onpoint-tile2-1000x1000.jpg",
        "performance_score": 0,
        "domain_rank": 1657,
        "domain_rank_updated": "2024-05-21T13:07:53.000+03:00",
        "reach": null,
        "social": {
            "facebook": {
                "likes": 0,
                "comments": 0,
                "shares": 0
            },
            "gplus": {
                "shares": 0
            },
            "pinterest": {
                "shares": 0
            },
            "linkedin": {
                "shares": 0
            },
            "stumbledupon": {
                "shares": 0
            },
            "vk": {
                "shares": 0
            }
        }
    },
    "uuid": "05177c941c2a5d19073a5c996f9e89c51487705c",
    "url": "https://www.wbur.org/radio/programs/onpoint/radio/programs/onpoint/staff",
    "ord_in_thread": 0,
    "parent_url": null,
    "author": "@WBUR",
    "published": "2024-05-23T03:00:00.000+03:00",
    "title": "WBUR",
    "text": "The Jackpod: Joe Bader Biden?On Point news analyst Jack Beatty recalls past presidents who have not been transparent about their health, which leads to a question he hopes moderators will ask President Biden at...Resume35:098 hours agoFemale presidents in Latin America: symbolic or transformational?Mexico just elected its first female president. A milestone many are touting will improve the lives of millions of women in Mexico. But will it?Jun 21, 2024What needs to change about U.S. asylum laws?Homeland Security Secretary Alejandro Mayorkas recently said that some migrants “do try to game” the U.S. asylum system. What's the evidence for that and, if true, what needs to change...Resume47:35Jun 20, 2024U.S. asylum law and the border crisisHomeland Security Secretary Alejandro Mayorkas recently said that some migrants “do try to game” the U.S. asylum system. Why he said that and what needs to change to stop it.Jun 20, 2024Rebroadcast: Half a century of Black TVFrom Roots to the Fresh Prince of Bel-Air to Abbott Elementary, Bethonie Butler’s new book \"Black TV\" shows how TV series centered on Black characters have evolved over the past...Resume46:58Jun 19, 2024AdvertisementThe evolution of Black TVFrom Roots to the Fresh Prince of Bel-Air to Abbott Elementary. Bethonie Butler’s new book \"Black TV\" shows how TV series centered on Black characters have evolved over the past...Jun 19, 2024Democracy, resilience and India’s electionsIndian prime minister Narendra Modi predicted his BJP party would win a commanding victory in recent elections. But India's 969 million voters had something entirely different in mind.Resume46:37Jun 18, 2024Behind India's surprising election resultsThe party of prime minister Narendra Modi was widely expected to sweep India’s recent election. But it didn’t. What's next for the world's largest democracy?Jun 18, 2024How the far-right gained traction in this year's EU electionsIn this year’s European Union elections, far-right parties made gains across many of the EU’s 27 countries, including in France, Germany and Italy. What’s driving this?Resume47:23Jun 17, 2024The far-right wins big in EuropeIn this year’s European Union elections, far-right parties made gains across many of the EU’s 27 countries, including in France, Germany and Italy. What’s driving this shift?Jun 17, 2024George Stephanopoulos takes us inside the White House Situation RoomGeorge Stephanopoulos, host of ABC’s “This Week,” and co-host of “Good Morning America,\" speaks with Meghna Chakrabarti live at WBUR's CitySpace about his new book “The Situation Room: The Inside...Resume28:36Jun 15, 2024Rebroadcast: Why the past 75 years of human history have been 'an anomaly'With two wars raging and dynastic power on the rise around the world, the post-1945 world order feels like it’s being tested like never before. One British historian says it's...Resume47:14Jun 14, 2024The Jackpod: A prince of our disorderOn Point news analyst Jack Beatty has been reading \"The Age of Grievance\" by New York Times columnist Frank Bruni. He outlines the ubiquity of grievance in the U.S., and...Resume37:08Jun 14, 2024A history of humanityWith two wars raging and dynastic power on the rise around the world, the post-1945 world order feels like it’s being tested like never before. British historian Simon Sebag Montefiore...Jun 14, 2024How Black Chicago has shaped American pop cultureFrom \"Soul Train\" and the \"Oprah Winfrey Show\" to the blues and Afro Sheen, for decades, Black Chicagoans have shaped culture in the U.S. and across the world.Resume47:29Jun 13, 2024Black Chicago’s influence on AmericaSoul Train. The Oprah Winfrey Show. The blues. For decades, Black Chicagoans have shaped American pop culture.Jun 13, 2024What science tells us about why we dreamHumans have long been fascinated by of dreams, but what has science learned about them? Neuroscientist Dr. Rahul Jandial says dreams benefit us -- from helping regulate emotions, to processing...Resume47:07Jun 12, 2024Why do we dream?After studying years of research and thousands of dream reports, neuroscientist Rahul Jandial says there’s increasing evidence about how our dreaming brains can help benefit our waking lives. Jun 12, 2024Why the U.S. needs a reckoning on lockdowns before the next pandemicThe COVID pandemic lockdowns. It was an approach endorsed by many public health experts. But could there have been a better way?Resume47:29Jun 11, 2024A reckoning on pandemic lockdownsThe former head of the National Institutes of Health says responding to the COVID pandemic through a public health lens may have been a mistake. What lessons we can learn.Jun 11, 2024Next Page",
    "highlightText": "",
    "highlightTitle": "",
    "highlightThreadTitle": "",
    "language": "english",
    "sentiment": "negative",
    "categories": [
        "Social Issue",
        "Religion and Belief"
    ],
    "webz_reporter": false,
    "external_links": [],
    "external_images": [],
    "entities": {
        "persons": [
            {
                "name": "david autor",
                "sentiment": "none"
            },
            {
                "name": "conservative'glenn loury",
                "sentiment": "none"
            },
            {
                "name": "autor",
                "sentiment": "none"
            },
            {
                "name": "loury",
                "sentiment": "none"
            }
        ],
        "organizations": [
            {
                "name": "united methodist churchonce",
                "sentiment": "negative"
            },
            {
                "name": "wbur",
                "sentiment": "negative"
            },
            {
                "name": "united methodist church",
                "sentiment": "none"
            },
            {
                "name": "harvard",
                "sentiment": "none"
            }
        ],
        "locations": []
    },
    "rating": null,
    "crawled": "2024-05-24T02:17:47.286+03:00",
    "updated": "2024-06-21T21:04:25.749+03:00"
}