{
    "thread": {
        "uuid": "578e000c7635be0cbd2683896a97db997cb633a6",
        "url": "https://www.arcamax.com/healthandspirit/religion/religiousnews/s-3258574",
        "site_full": "www.arcamax.com",
        "site": "arcamax.com",
        "site_section": "https://arcamax.com/news",
        "site_categories": [
            "media"
        ],
        "section_title": "News | ArcaMax Publishing",
        "title": "Carmelite nuns block Vatican-appointed representative from entering Arlington, Texas, monastery | Religious News | ArcaMax Publishing",
        "title_full": "Carmelite nuns block Vatican-appointed representative from entering Arlington, Texas, monastery | Religious News | ArcaMax Publishing",
        "published": "2024-05-23T08:00:00.000+03:00",
        "replies_count": 0,
        "participants_count": 1,
        "site_type": "news",
        "country": "US",
        "main_image": "https://resources.arcamax.com/newspics/290/29059/2905973.gif",
        "performance_score": 0,
        "domain_rank": 52526,
        "domain_rank_updated": "2024-05-21T13:07:58.000+03:00",
        "reach": null,
        "social": {
            "facebook": {
                "likes": 0,
                "comments": 0,
                "shares": 0
            },
            "gplus": {
                "shares": 0
            },
            "pinterest": {
                "shares": 0
            },
            "linkedin": {
                "shares": 0
            },
            "stumbledupon": {
                "shares": 0
            },
            "vk": {
                "shares": 0
            }
        }
    },
    "uuid": "578e000c7635be0cbd2683896a97db997cb633a6",
    "url": "https://www.arcamax.com/healthandspirit/religion/religiousnews/s-3258574",
    "ord_in_thread": 0,
    "parent_url": null,
    "author": "ArcaMax Publishing, Inc.",
    "published": "2024-05-23T08:00:00.000+03:00",
    "title": "Carmelite nuns block Vatican-appointed representative from entering Arlington, Texas, monastery | Religious News | ArcaMax Publishing",
    "text": "Carmelite nuns block Vatican-appointed representative from entering Arlington, Texas, monastery Published in [Religious News](/healthandspirit/religion/religiousnews/) The legal battle between the Carmelite nuns of the Monastery of the Most Holy Trinity and Bishop Michael Olson may be over after a second lawsuit was dismissed on Wednesday, but another fight involving orders from the Vatican over who has authority over the nuns is brewing. On Wednesday and Thursday, a representative appointed by Rome was turned away when she tried to enter the monastery to deliver letters from the Vatican to the nine cloistered nuns. They do not want to be governed or managed by the Association of Christ the King, the Carmelite order appointed to govern and manage operations of the monastery, according to the Catholic Diocese of Fort Worth. A spokesperson for the diocese wrote in an email, “The Diocese does not know what will happen next because this is a matter between the Vatican and the Christ the King Association.” The diocese also stated in an email that a priest who accompanied the representative to celebrate Mass for the nuns was also turned away Thursday. On Wednesday, Mother Marie of the Incarnation, president of the Carmelite Association of Christ the King, issued a statement which said in part, “Today, in obedience to the Decree of the Dicastery for Institutes of Consecrated Life and Societies of Apostolic Life, I visited the Arlington Carmel and attempted to present to each Sister the letters which the Dicastery had directed me to give to each individually. Unfortunately, I was rejected and not granted admittance.” But the nuns countered with a statement that asked Olson to apologize publicly and in person, calling his investigation into allegations that the Rev. Mother Teresa Agnes Gerlach violated her chastity vows with a priest “abusive.” “In respect of the decrees upholding Bishop Olson’s investigation of allegations against our Mother Prioress, we repeat that his investigations were flawed in radice, carried out in an intimidatory manner and violated her ecclesiastical and civil rights.” Vatican decrees On Tuesday, the Vatican issued several decrees upholding Olson’s decision to investigate Gerlach, who was accused of breaking her chastity vow with a priest from North Carolina. But the Vatican overturned Olson’s decision to dismiss her from the Carmelite order because she did not “exert force or violence” and she did not have authority over the priest, the Rev. Phillip Johnson. ...continued ©2024 Fort Worth Star-Telegram. Visit star-telegram.com. Distributed by Tribune Content Agency, LLC. Comments blog comments powered by Disqus",
    "highlightText": "",
    "highlightTitle": "",
    "highlightThreadTitle": "",
    "language": "english",
    "sentiment": "negative",
    "categories": [
        "Social Issue",
        "Religion and Belief"
    ],
    "webz_reporter": false,
    "external_links": [
        "http://disqus.com",
        "http://www.disqus.com"
    ],
    "external_images": [],
    "entities": {
        "persons": [
            {
                "name": "michael olson",
                "sentiment": "none"
            }
        ],
        "organizations": [
            {
                "name": "arcamax publishing carmelite",
                "sentiment": "negative"
            },
            {
                "name": "catholic diocese",
                "sentiment": "none"
            },
            {
                "name": "association of christ",
                "sentiment": "none"
            },
            {
                "name": "king association",
                "sentiment": "none"
            }
        ],
        "locations": [
            {
                "name": "texas",
                "sentiment": "none"
            },
            {
                "name": "arlington",
                "sentiment": "none"
            },
            {
                "name": "vatican",
                "sentiment": "none"
            },
            {
                "name": "rome",
                "sentiment": "none"
            },
            {
                "name": "fort worth",
                "sentiment": "none"
            }
        ]
    },
    "rating": null,
    "crawled": "2024-05-24T06:02:07.192+03:00",
    "updated": "2024-05-31T07:56:43.187+03:00"
}