{
    "thread": {
        "uuid": "59d05ee83da21d18e694b3eb45961d2cf08a3316",
        "url": "https://www.cmjornal.pt/mais-cm/especiais/guerra-israel-hamas/detalhe/refem-brasileiro-em-gaza-esta-morto-corpo-ja-foi-recuperado-pelo-exercito-israelita",
        "site_full": "www.cmjornal.pt",
        "site": "cmjornal.pt",
        "site_section": "https://www.cmjornal.pt/mais-cm",
        "site_categories": [
            "media",
            "top_news"
        ],
        "section_title": "Mais CM - As principais notícias no Correio da Manhã",
        "title": "Refém brasileiro em Gaza está morto. Corpo já foi recuperado pelo exército israelita - Guerra Israel-Hamas - Correio da Manhã",
        "title_full": "Refém brasileiro em Gaza está morto. Corpo já foi recuperado pelo exército israelita - Guerra Israel-Hamas - Correio da Manhã",
        "published": "2024-05-24T12:11:00.000+03:00",
        "replies_count": 0,
        "participants_count": 1,
        "site_type": "news",
        "country": "PT",
        "main_image": "https://cdn.cmjornal.pt/images/2024-05/img_1200x676$2024_05_24_10_12_01_1663652.jpg",
        "performance_score": 0,
        "domain_rank": 22494,
        "domain_rank_updated": "2024-05-21T13:07:53.000+03:00",
        "reach": null,
        "social": {
            "facebook": {
                "likes": 0,
                "comments": 0,
                "shares": 0
            },
            "gplus": {
                "shares": 0
            },
            "pinterest": {
                "shares": 0
            },
            "linkedin": {
                "shares": 0
            },
            "stumbledupon": {
                "shares": 0
            },
            "vk": {
                "shares": 0
            }
        }
    },
    "uuid": "59d05ee83da21d18e694b3eb45961d2cf08a3316",
    "url": "https://www.cmjornal.pt/mais-cm/especiais/guerra-israel-hamas/detalhe/refem-brasileiro-em-gaza-esta-morto-corpo-ja-foi-recuperado-pelo-exercito-israelita",
    "ord_in_thread": 0,
    "parent_url": null,
    "author": "Correio da Manhã",
    "published": "2024-05-24T12:11:00.000+03:00",
    "title": "Refém brasileiro em Gaza está morto. Corpo já foi recuperado pelo exército israelita - Guerra Israel-Hamas - Correio da Manhã",
    "text": "Justiça ignora sete queixas e cadastrado volta a matar outra mulher Gasolina e gasóleo ficam 3 cêntimos mais baratos por litro GNR que burla idosos vai cumprir 13 anos de cadeia Hospital de Santa Maria compra robô para cirurgias Quase dois mil professores reformados este ano Saiba quem é a mulher que conquistou o coração de Vítor Bruno, o novo treinador do FC Porto Nave para ir a Marte testada com sucesso Grupo armado invade armazém em busca de ‘coca’ Pinto da Costa de férias ao lado da mulher em Vilamoura Café da Sorte com vista mar Paula Rego deixa herança de 50 milhões aos filhos Portugal ‘meio’ otimista no Europeu Mourinho é o quinto treinador mais bem pago do mundo Francisco Trincão do Sporting sofre acidente de carro na Comporta Canal Now com especialistas de referência no internacional Ministra da Saúde sofre acidente de carro na A8 em Torres Vedras Quer receber as últimas notícias no seu telemóvel ainda mais rápido? Siga aqui o ALERTA CM Refém brasileiro em Gaza está morto. Corpo já foi recuperado pelo exército israelita Michel Nisembaum e outros dois reféns foram mortos a 7 de outubro. Correio da Manhã 24 de Maio de 2024 às 10:11 Michel Nisembaum Um refém brasileiro está entre os três corpos recuperados pelo exército israelita no norte de Gaza, esta sexta-feira, avançou o jornal brasileiro G1 .\nSegundo o exército israelita, o brasileiro Michel Nisembaum e os outros dois reféns, Hanan Yablonka e Orion Hernandez, foram mortos a 7 de outubro, o dia do massacre do Hamas em Gaza.\nAs famílias das vítimas foram notificadas. A operação de resgate dos corpos envolveu confrontos no local.",
    "highlightText": "",
    "highlightTitle": "",
    "highlightThreadTitle": "",
    "language": "portuguese",
    "sentiment": "negative",
    "categories": [
        "War, Conflict and Unrest",
        "Religion and Belief"
    ],
    "webz_reporter": false,
    "external_links": [
        "https://www.vidas.pt/a-ferver/detalhe/letizia-e-felipe-vi-ja-vivem-separados-saiba-tudo-aqui?ref=Ultimas_DestaquesPrincipais",
        "https://whatsapp.com/channel/0029VaEc0mX2P59fYdyEV53o",
        "https://www.vidas.pt/a-ferver/detalhe/ines-aires-pereira-fala-da-separacao",
        "https://vidas.pt/a-ferver/detalhe/letizia-e-felipe-vi-ja-vivem-separados-saiba-tudo-aqui?ref=Ultimas_DestaquesPrincipais",
        "https://www.whatsapp.com/channel/0029VaEc0mX2P59fYdyEV53o",
        "https://vidas.pt/a-ferver/detalhe/ines-aires-pereira-fala-da-separacao",
        "https://www.vidas.pt/a-ferver/detalhe/letizia-e-felipe-vi-ja-vivem-separados-saiba-tudo-aqui"
    ],
    "external_images": [],
    "entities": {
        "persons": [],
        "organizations": [],
        "locations": []
    },
    "rating": null,
    "crawled": "2024-05-24T12:14:53.943+03:00",
    "updated": "2024-06-08T05:15:55.978+03:00"
}