{
    "thread": {
        "uuid": "463788de2d597e927e35a54c24334acee1ac6825",
        "url": "https://www.ansa.it/veneto/notizie/2024/05/24/niente-dante-per-due-studenti-musulmani-il-prof-li-esenta_c625f117-1df7-406a-99be-f99d7b277045.html",
        "site_full": "www.ansa.it",
        "site": "ansa.it",
        "site_section": "https://www.ansa.it/veneto/notizie/veneto_rss.xml",
        "site_categories": [
            "media",
            "top_news"
        ],
        "section_title": "RSS di Regione Veneto  - ANSA.it",
        "title": "Niente Dante per due studenti musulmani, il prof li esenta - Notizie - Ansa.it",
        "title_full": "Niente Dante per due studenti musulmani, il prof li esenta - Notizie - Ansa.it",
        "published": "2024-05-24T12:39:00.000+03:00",
        "replies_count": 0,
        "participants_count": 1,
        "site_type": "news",
        "country": "IT",
        "main_image": "https://www.ansa.it/webimages/img_165x110/2023/1/14/31e3004e72545be78c19b074de7d7f95.jpg",
        "performance_score": 0,
        "domain_rank": 1889,
        "domain_rank_updated": "2024-05-21T13:07:53.000+03:00",
        "reach": null,
        "social": {
            "facebook": {
                "likes": 0,
                "comments": 7,
                "shares": 5
            },
            "gplus": {
                "shares": 0
            },
            "pinterest": {
                "shares": 0
            },
            "linkedin": {
                "shares": 0
            },
            "stumbledupon": {
                "shares": 0
            },
            "vk": {
                "shares": 0
            }
        }
    },
    "uuid": "463788de2d597e927e35a54c24334acee1ac6825",
    "url": "https://www.ansa.it/veneto/notizie/2024/05/24/niente-dante-per-due-studenti-musulmani-il-prof-li-esenta_c625f117-1df7-406a-99be-f99d7b277045.html",
    "ord_in_thread": 0,
    "parent_url": null,
    "author": "ansa.it",
    "published": "2024-05-24T12:39:00.000+03:00",
    "title": "Niente Dante per due studenti musulmani, il prof li esenta - Notizie - Ansa.it",
    "text": "Due studenti di religione musulmana di una scuola media sono stati esentati dal seguire le lezioni sulla Divina Commedia di Dante, trattandosi di un'opera a sfondo religioso, in contrasto con la fede dei due ragazzi. E' accaduto a Treviso. Si tratta di due alunni di terza media.\nTutto sarebbe nato dallo scrupolo del professore che, nell'affrontar lo studio del capolavoro della letteratura italiana, in cui si incontrano Infermo, Purgatorio e Paradiso, ha scritto alle famiglie i cui figli sono già esonerati dall'ora di religione, per chiede il consenso a trattare con loro un'opera a sfondo religioso. E qui le famiglie hanno chiesto che i due ragazzi fossero esentati dallo studio di Dante.\nVerranno così dispensati dai compiti in classe e dalle interrogazioni. Per loro l'insegnante ha organizzato un programma parallelo alternativo, dedicato a Boccaccio.\nNon è il primo caso in cui, anche a scuola, Dante entra in collisione con l'Islam, basti pensare alla figura di Maometto, che il Sommo Poeta incontra all'inferno, nella nona bolgia dell'ottavo cerchio.",
    "highlightText": "",
    "highlightTitle": "",
    "highlightThreadTitle": "",
    "language": "italian",
    "sentiment": "negative",
    "categories": [
        "Social Issue",
        "Education",
        "Religion and Belief"
    ],
    "webz_reporter": false,
    "external_links": [],
    "external_images": [],
    "entities": {
        "persons": [],
        "organizations": [],
        "locations": []
    },
    "rating": null,
    "crawled": "2024-05-24T12:49:42.095+03:00",
    "updated": "2024-05-24T13:40:32.381+03:00"
}