{
    "thread": {
        "uuid": "ca59b30c404d14d24687f25b59cac5020f8fab8c",
        "url": "https://www.informazione.it/n/E2987C9B-C807-4035-818E-210D03870552/Lutto-nell-Universita-Cattolica-scompare-il-rettore-Franco-Anelli",
        "site_full": "www.informazione.it",
        "site": "informazione.it",
        "site_section": "https://www.informazione.it",
        "site_categories": [
            "media"
        ],
        "section_title": "Prima Pagina - informazione.it",
        "title": "Lutto nell'Università Cattolica, scompare il rettore Franco Anelli",
        "title_full": "Lutto nell'Università Cattolica, scompare il rettore Franco Anelli",
        "published": "2024-05-24T10:35:00.000+03:00",
        "replies_count": 0,
        "participants_count": 1,
        "site_type": "news",
        "country": "IT",
        "main_image": "https://q2.informazione.it/pics/4b119d69-07d4-4bf5-ad9d-27ce8356aad4.jpeg",
        "performance_score": 0,
        "domain_rank": 88277,
        "domain_rank_updated": "2024-05-21T13:08:01.000+03:00",
        "reach": null,
        "social": {
            "facebook": {
                "likes": 0,
                "comments": 0,
                "shares": 0
            },
            "gplus": {
                "shares": 0
            },
            "pinterest": {
                "shares": 0
            },
            "linkedin": {
                "shares": 0
            },
            "stumbledupon": {
                "shares": 0
            },
            "vk": {
                "shares": 0
            }
        }
    },
    "uuid": "ca59b30c404d14d24687f25b59cac5020f8fab8c",
    "url": "https://www.informazione.it/n/E2987C9B-C807-4035-818E-210D03870552/Lutto-nell-Universita-Cattolica-scompare-il-rettore-Franco-Anelli",
    "ord_in_thread": 0,
    "parent_url": null,
    "author": "@infoitinterno",
    "published": "2024-05-24T10:35:00.000+03:00",
    "title": "Lutto nell'Università Cattolica, scompare il rettore Franco Anelli",
    "text": "[ ](/a/2B4B1853-3785-4178-A8FD-319F1BFBB3C0/e-morto-il-rettore-della-Cattolica-Franco-Anelli) [Leggi](https://www.vaticannews.va/it/chiesa/news/2024-05/morto-rettore-cattolica-franco-anelli-milano.html) Franco Anelli, rettore dell'Università Cattolica del Sacro Cuore, è morto la sera del 23 maggio a Milano. Aveva 60 anni e il suo corpo è stato trovato nel cortile interno del palazzo in cui abitava. Le circostanze della sua morte sono ancora da chiarire. Anelli era al suo terzo mandato come rettore dell'Università Cattolica del Sacro Cuore, carica che ricopriva dal 2013. Era un avvocato e giurista di fama, molto rispettato nel mondo accademico. La notizia della sua morte ha scosso la comunità dell'Università Cattolica e della Fondazione Policlinico Universitario Agostino Gemelli IRCCS. In una nota, l'ateneo ha espresso \"profonda costernazione\" e ha ricordato come Anelli avesse dedicato la sua opera e l'intera sua vita all'istituzione. La comunità si è raccolta nel compianto e nella preghiera, esprimendo il più sentito cordoglio alla sua mamma e ai suoi cari. Franco Anelli lascia un vuoto incolmabile nell'Università Cattolica di Milano. La sua dedizione e il suo impegno per l'istituzione saranno sempre ricordati. La comunità accademica e tutti coloro che lo hanno conosciuto lo ricorderanno con affetto e rispetto. La sua scomparsa è una grande perdita per l'intero mondo accademico italiano.",
    "highlightText": "",
    "highlightTitle": "",
    "highlightThreadTitle": "",
    "language": "italian",
    "sentiment": "negative",
    "categories": [
        "Religion and Belief",
        "Human Interest",
        "Education"
    ],
    "webz_reporter": false,
    "external_links": [
        "https://www.vaticannews.va/it/chiesa/news/2024-05/morto-rettore-cattolica-franco-anelli-milano.html)",
        "https://vaticannews.va/it/chiesa/news/2024-05/morto-rettore-cattolica-franco-anelli-milano.html)"
    ],
    "external_images": [],
    "entities": {
        "persons": [],
        "organizations": [],
        "locations": []
    },
    "rating": null,
    "crawled": "2024-05-24T11:43:09.836+03:00",
    "updated": "2024-05-24T11:43:09.836+03:00"
}