{
    "thread": {
        "uuid": "a9c019b79eeb8ce81b93501ddb9b56cdf2bb9867",
        "url": "https://www.deia.eus/sucesos/2024/05/23/obispo-estafan-religiosas-bilbao-8270940.html",
        "site_full": "www.deia.eus",
        "site": "deia.eus",
        "site_section": "https://www.deia.eus/actualidad",
        "site_categories": [
            "uncategorized",
            "top_news"
        ],
        "section_title": "\n    Actualidad, las noticias de úlitma hora - Deia\n            ",
        "title": "Estafan a unas religiosas haciéndose pasar por el obispo de Bilbao",
        "title_full": "Estafan a unas religiosas haciéndose pasar por el obispo de Bilbao",
        "published": "2024-05-23T15:31:00.000+03:00",
        "replies_count": 0,
        "participants_count": 1,
        "site_type": "news",
        "country": "ES",
        "main_image": "https://estaticosgn-cdn.deia.eus/clip/ef6ee00c-61ad-4de3-ad93-7e2197643541_16-9-aspect-ratio_default_0.jpg",
        "performance_score": 0,
        "domain_rank": 27777,
        "domain_rank_updated": "2024-05-21T13:07:53.000+03:00",
        "reach": null,
        "social": {
            "facebook": {
                "likes": 0,
                "comments": 0,
                "shares": 0
            },
            "gplus": {
                "shares": 0
            },
            "pinterest": {
                "shares": 0
            },
            "linkedin": {
                "shares": 0
            },
            "stumbledupon": {
                "shares": 0
            },
            "vk": {
                "shares": 0
            }
        }
    },
    "uuid": "a9c019b79eeb8ce81b93501ddb9b56cdf2bb9867",
    "url": "https://www.deia.eus/sucesos/2024/05/23/obispo-estafan-religiosas-bilbao-8270940.html",
    "ord_in_thread": 0,
    "parent_url": null,
    "author": "Efe",
    "published": "2024-05-23T15:31:00.000+03:00",
    "title": "Estafan a unas religiosas haciéndose pasar por el obispo de Bilbao",
    "text": "El Obispado de [Bilbao ](https://www.deia.eus/bilbao/)ha alertado este miércoles sobre una estafa en la que, suplantando la identidad del obispo, [Joseba Segura](https://www.deia.eus/tags/joseba-segura/), se pide a una comunidad de religiosas que abonen los gastos de una transferencia para que puedan recibir un donativo. Según ha explicado el Obispado de Bilbao, ha tenido constancia de una estafa en una comunidad de religiosas en la que una persona ha llamado por teléfono suplantando la identidad del obispo simulando su voz. Falso donativo El estafador les ha comunicado que ha conseguido un importante donativo para la comunidad y les ha pedido que, para pagar los gastos de transferencia, hagan previamente un ingreso, ha precisado. Desde Secretaría General se ha remitido una nota a los responsables de vida consagrada y de clausura advirtiendo del hecho y subrayando que el obispo \"no ha llamado ni llamará nunca para pedir dinero a las comunidades religiosas\". Del mismo modo, se solicita que, ante la sospecha de cualquier estafa, se pongan en contacto con el obispado y, en caso de que se haya realizado cualquier pago, acudan a las autoridades competentes a interponer la correspondiente denuncia.",
    "highlightText": "",
    "highlightTitle": "",
    "highlightThreadTitle": "",
    "language": "spanish",
    "sentiment": "negative",
    "categories": [
        "Crime, Law and Justice",
        "Human Interest",
        "Religion and Belief"
    ],
    "webz_reporter": false,
    "external_links": [],
    "external_images": [],
    "entities": {
        "persons": [],
        "organizations": [],
        "locations": []
    },
    "rating": null,
    "crawled": "2024-05-24T01:09:46.025+03:00",
    "updated": "2024-05-24T01:09:46.025+03:00"
}