{
    "thread": {
        "uuid": "6d1c5133bfa3edd7f89a063ae74eeb2137142cab",
        "url": "https://www.meneame.net/story/pp-vox-par-incluyen-asignatura-religion-media-academica-aragon/c07",
        "site_full": "www.meneame.net",
        "site": "meneame.net",
        "site_section": "http://www.meneame.net/comments_rss",
        "site_categories": [
            "non_standard_content",
            "adult",
            "top_news"
        ],
        "section_title": "Menéame: comentarios",
        "title": "#7 PP-Vox-PAR incluyen la asignatura de religión para la media académica del Bachillerato - Aragón",
        "title_full": "#7 PP-Vox-PAR incluyen la asignatura de religión para la media académica del Bachillerato - Aragón",
        "published": "2024-05-24T13:11:00.000+03:00",
        "replies_count": 0,
        "participants_count": 1,
        "site_type": "news",
        "country": "ES",
        "main_image": "https://meneame.net/img/logo_meneame.png",
        "performance_score": 0,
        "domain_rank": 10939,
        "domain_rank_updated": "2024-05-21T13:07:53.000+03:00",
        "reach": null,
        "social": {
            "facebook": {
                "likes": 0,
                "comments": 0,
                "shares": 0
            },
            "gplus": {
                "shares": 0
            },
            "pinterest": {
                "shares": 0
            },
            "linkedin": {
                "shares": 0
            },
            "stumbledupon": {
                "shares": 0
            },
            "vk": {
                "shares": 0
            }
        }
    },
    "uuid": "6d1c5133bfa3edd7f89a063ae74eeb2137142cab",
    "url": "https://www.meneame.net/story/pp-vox-par-incluyen-asignatura-religion-media-academica-aragon/c07",
    "ord_in_thread": 0,
    "parent_url": null,
    "author": "78santo",
    "published": "2024-05-24T13:11:00.000+03:00",
    "title": "#7 PP-Vox-PAR incluyen la asignatura de religión para la media académica del Bachillerato - Aragón",
    "text": "[talkesi](/user/talkesi)a [arainfo.org](/go/link/3942599)\nEs inconstitucional, España, aunque aún no lo parezca, es un estado aconfesional y en consecuencia se está vulnerando el artículo 16 de la constitución.\nHay que denunciar todos y cada uno de los ataques a nuestra democracia.\nSinceramente, esto es una puta aberración.\nUn disparate que sólo puede provenir de los enfermizos seguidores de esas sectas destructivas que basan su razón de ser en la existencia de seres imaginarios.\nEquiparar las creencias personales de gente que parece experimentar auténticas alucinaciones del mundo real con las creencias procedentes del resultado de milenios de investigación y que han llegado a consensos cuasi irrefutables, es decir los que proceden de la ciencia, es una auténtica mostruosidad y da una idea de hasta que punto de regresión se está llevando a cabo con esta panda de facinerosos salvajes.\nEs una iniciativa, no una ley. Y como ley no puede ser aporobada porque contraviene la ley marco, que es estatal. Brindis al sol, titular tendencioso.\nVoto errónea.\n[#11](c11#c-11) No puedes votar errónea por que presentarlo lo han presentado, que necesiten clases para entenderlo ya es cosa suya y de su guía espiritual",
    "highlightText": "",
    "highlightTitle": "",
    "highlightThreadTitle": "",
    "language": "spanish",
    "sentiment": "negative",
    "categories": [
        "Education",
        "Religion and Belief"
    ],
    "webz_reporter": false,
    "external_links": [],
    "external_images": [],
    "entities": {
        "persons": [],
        "organizations": [],
        "locations": []
    },
    "rating": null,
    "crawled": "2024-05-24T14:25:54.933+03:00",
    "updated": "2024-05-24T14:25:54.933+03:00"
}