{
    "thread": {
        "uuid": "2d73f3102ec9521864f59dc227210287af7dc181",
        "url": "https://www.agenceecofin.com/actualites/2405-118931-la-maison-de-la-fatwa-de-libye-appelle-au-djihad-contre-les-troupes-russes-dafrica-corps",
        "site_full": "www.agenceecofin.com",
        "site": "agenceecofin.com",
        "site_section": "https://www.agenceecofin.com/component/obrss/agence-ecofin-accueil",
        "site_categories": [
            "non_standard_content",
            "adult"
        ],
        "section_title": "Agence Ecofin (Accueil)",
        "title": "La Maison de la Fatwa de Libye appelle au djihad contre les troupes russes d'Africa Corps",
        "title_full": "La Maison de la Fatwa de Libye appelle au djihad contre les troupes russes d'Africa Corps",
        "published": "2024-05-24T07:14:00.000+03:00",
        "replies_count": 0,
        "participants_count": 1,
        "site_type": "news",
        "country": "IT",
        "main_image": "https://www.agenceecofin.com/media/k2/items/cache/8cf1f066aab569fb2a20c3d02de6611e_M.jpg",
        "performance_score": 0,
        "domain_rank": 38734,
        "domain_rank_updated": "2024-05-21T13:07:58.000+03:00",
        "reach": null,
        "social": {
            "facebook": {
                "likes": 0,
                "comments": 0,
                "shares": 0
            },
            "gplus": {
                "shares": 0
            },
            "pinterest": {
                "shares": 0
            },
            "linkedin": {
                "shares": 0
            },
            "stumbledupon": {
                "shares": 0
            },
            "vk": {
                "shares": 0
            }
        }
    },
    "uuid": "2d73f3102ec9521864f59dc227210287af7dc181",
    "url": "https://www.agenceecofin.com/actualites/2405-118931-la-maison-de-la-fatwa-de-libye-appelle-au-djihad-contre-les-troupes-russes-dafrica-corps",
    "ord_in_thread": 0,
    "parent_url": null,
    "author": "Agence Ecofin",
    "published": "2024-05-24T07:14:00.000+03:00",
    "title": "La Maison de la Fatwa de Libye appelle au djihad contre les troupes russes d'Africa Corps",
    "text": "(Agence Ecofin) - La haute autorité religieuse souligne que la présence de troupes russes sur le sol libyen « constitue une occupation » et une « invasion du pays par un Etat infidèle et agressif ».\nLa Maison de la Fatwa, un organisme présidé par le grand mufti de Libye et chargé de diffuser des orientations et de mettre fin aux controverses relatives à l’application des préceptes de l’islam, a émis une déclaration de « djihad » contre les troupes d’Africa Corps, la nouvelle structure armée russe qui a repris les opérations du groupe paramilitaire Wagner en Afrique, a rapporté le site d’information\nThe Libya Observer le lundi 20 mai 2024.\nLe Conseil pour la recherche et les études sur la charia de la Maison de la Fatwa a estimé que la présence de troupes russes sur le sol libyen « constitue une occupation » et une « invasion du pays par un Etat infidèle et agressif », tout en affirmant que le djihad contre ces forces armées est « un devoir religieux pour le peuple libyen en général, et pour les brigades révolutionnaires en particulier ».\nIl a également exhorté « ceux qui disposent de moyens financiers, d'armes ou d'un pouvoir de décision à soutenir les brigades révolutionnaires dans l'expulsion des occupants et de ceux qui les ont amenés ».\nLa haute autorité religieuse a par ailleurs souligné que le « djihad défensif » contre les forces russes n'implique pas de tomber sous le contrôle d'un autre occupant, qu'il s'agisse des Etats-Unis, de l'Union européenne ou de tout autre Etat.\n« Combattre les occupants ne doit pas avoir pour conséquence de remplacer un occupant par un autre », a-t-elle expliqué.\nDepuis la chute du régime de Mouammar Kadhafi en 2011, la Libye est en proie à une interminable série de crises politiques et de troubles sécuritaires, qui sapent le processus de transition censé tourner la page de quatre décennies de dictature.\nDeux gouvernements se disputent le pouvoir depuis plusieurs années dans ce pays pétrolier d’Afrique du Nord. Dirigé par Abdulhamid Dbeibah, le premier exécutif est installé à Tripoli (ouest) et reconnu par la communauté internationale. Le second, qui siège à Benghazi (est), est soutenu par le maréchal Khalifa Haftar qui contrôle de larges pans du territoire libyen grâce notamment au soutien de plusieurs puissances étrangères, dont la Russie.\nKhalifa Haftar, qui s’oppose au gouvernement libyen basé à Tripoli, a eu recours à des combattants du groupe paramilitaire russe Wagner, lors d’une tentative ratée de s’emparer de la capitale libyenne en 2019-2020. Selon des experts, plus de 1500 combattants de Wagner se trouvent actuellement dans le pays pour assurer la sécurité de bases militaires et d’infrastructures pétrolières.\nLire aussi:\n[03/08/2020 - Libye : le GNA accuse la Russie d'avoir acheminé récemment des « mercenaires » et du matériel au maréchal Haftar](/actualites/0308-79045-libye-le-gna-accuse-la-russie-davoir-achemine-recemment-des-mercenaires-et-du-materiel-au-marechal-haftar) [04/06/2020 - Libye : les Etats-Unis accusent la Russie d’avoir acheminé 14 avions de combat en soutien aux troupes du maréchal Haftar](/securite/0406-77204-libye-les-etats-unis-accusent-la-russie-d-avoir-achemine-14-avions-de-combat-en-soutien-aux-troupes-du-marechal-haftar) [20/12/2023 - Exit Wagner, les opérations russes en Afrique se feront désormais sous la bannière de l’Africa Corps](/communication/2012-114801-exit-wagner-les-operations-russes-en-afrique-se-feront-desormais-sous-la-banniere-de-l-africa-corps) [20/07/2023 - Le chef du groupe russe Wagner ordonne à ses hommes de « rassembler leurs forces pour l’Afrique »](/actualites/2007-110487-le-chef-du-groupe-russe-wagner-ordonne-a-ses-hommes-de-rassembler-leurs-forces-pour-l-afrique)",
    "highlightText": "",
    "highlightTitle": "",
    "highlightThreadTitle": "",
    "language": "french",
    "sentiment": "negative",
    "categories": [
        "Religion and Belief",
        "War, Conflict and Unrest"
    ],
    "webz_reporter": false,
    "external_links": [
        "https://libyaobserver.ly/news/libyas-fatwa-house-declares-jihad-russias-africa-corps",
        "https://www.libyaobserver.ly/news/libyas-fatwa-house-declares-jihad-russias-africa-corps"
    ],
    "external_images": [],
    "entities": {
        "persons": [],
        "organizations": [],
        "locations": []
    },
    "rating": null,
    "crawled": "2024-05-24T11:39:43.101+03:00",
    "updated": "2024-05-24T11:39:43.101+03:00"
}