{
    "thread": {
        "uuid": "fa6ee8bc0cd6d59990a1cab3c89d3f6f06747373",
        "url": "https://www.meneame.net/story/ccoo-denuncia-compute-nota-religion-otorgar-matriculas-honor/c066",
        "site_full": "www.meneame.net",
        "site": "meneame.net",
        "site_section": "http://www.meneame.net/comments_rss",
        "site_categories": [
            "non_standard_content",
            "adult",
            "top_news"
        ],
        "section_title": "Menéame: comentarios",
        "title": "#66 CCOO denuncia que se compute la nota de religión para otorgar Matrículas de Honor en Bachillerato",
        "title_full": "#66 CCOO denuncia que se compute la nota de religión para otorgar Matrículas de Honor en Bachillerato",
        "published": "2024-05-24T13:19:00.000+03:00",
        "replies_count": 0,
        "participants_count": 1,
        "site_type": "news",
        "country": "ES",
        "main_image": "https://meneame.net/img/logo_meneame.png",
        "performance_score": 0,
        "domain_rank": 10939,
        "domain_rank_updated": "2024-05-21T13:07:53.000+03:00",
        "reach": null,
        "social": {
            "facebook": {
                "likes": 0,
                "comments": 0,
                "shares": 0
            },
            "gplus": {
                "shares": 0
            },
            "pinterest": {
                "shares": 0
            },
            "linkedin": {
                "shares": 0
            },
            "stumbledupon": {
                "shares": 0
            },
            "vk": {
                "shares": 0
            }
        }
    },
    "uuid": "fa6ee8bc0cd6d59990a1cab3c89d3f6f06747373",
    "url": "https://www.meneame.net/story/ccoo-denuncia-compute-nota-religion-otorgar-matriculas-honor/c066",
    "ord_in_thread": 0,
    "parent_url": null,
    "author": "Lekuar",
    "published": "2024-05-24T13:19:00.000+03:00",
    "title": "#66 CCOO denuncia que se compute la nota de religión para otorgar Matrículas de Honor en Bachillerato",
    "text": "[Esteban_Rosador](/user/Esteban_Rosador)a [orm.es](/go/link/3942193) [#1](c1#c-1) que poder debe tener la iglesia en este país para que no se atrevan a meterle mano y no digo destruirla ni mucho menos, sino quitarle todos los privilegios que tiene.\n[#10](c10#c-10) shhh, aquí en meneame cuando el gobierno de izquierdas puede arreglar algo y no le sale de los cojones, la culpa es del PP o vox.\nSiempre hay que apuntar el dedo a otro sitio para que la borregada sepa hacia donde mirar\n[#26](c26#c-26) La educación está transferida a las Comunidades, si te fijas es la comunidad de Murcia la que se salta a la torera la ley nacional.\nPero tienes razón en que el PSOE y el PP en este tema son más o menos lo mismo.\nReligión en la educación pública, si.\n[#2](c2#c-2) Este meneo demuestra que ya está en marcha, y es aberrante la comparación de esto con los niños que no quieren \"estudiar\" religión pero la ley les prohíbe adelantar materias o simplemente repasar lo que estuviesen dando, para no hacer diferenciación académica respecto a los que creen en seres mágicos.\nUna asignatura protegida por un reglamento perjudicial y preparado para atrasar a la gente que no cree en seres mágicos.\n[#2](c2#c-2) Y volverán a imponer poner \"Formación en el Espíritu Nacional\". Que menos se podría esperar de esta gandalla.\n[#3](c3#c-3) son tiempos convulsos, las dietas saludables bajas en hidratos ponen a prueba la fe de los verdaderos creyentes. Ramen.\n[#7](c7#c-7) [#9](c9#c-9) al menos en mi época, nací en los 80, se estudiaba entre poco y nada la religión en clases de historia. En filosofía menos todavía.\nEn bachiller si que tuve una asignatura, alternativa a la religión, que la daba la profesora de historia y algo se supone que iba a dar. El caso es que no se evaluaba la asignatura, así que o no íbamos o aprovechábamos para estudiar o hacer deberes.\n[#38](c38#c-38) Pues yo si he estudiado las religiones en Filosofía, y por supuesto que también en historia. Por ejemplo sin comprender el catolicismo y el protestantismo no se entiende la mitad de la historia de Europa.\nSin entender el catolicismo, el judaismo y el islam no se entiende la mitad de la historia de España.\nSin entender las diferencias religiosas entre oriente y occidente no se entiende las relaciones de Asia-Europa ni el proceder asiático.\n[#21](c21#c-21) Yo mismo vengo de tres colegios de curas en tres países distintos y soy un ateo recalcitrante y medio comunista\n[#21](c21#c-21) Yo me creí las enseñanzas de Jesus y me hice comunista. Eso de compartir con los pobres o que los ricos no llegarían al cielo me llegó muy a dentro.\n[#6](c6#c-6) Leerse la biblia es la forma más sencilla de hacerse ateo. También habría que conocer los demás libros para que la inmunización fuese más completa.\nAunque se estudia algo en historia, yo no vería mal una asignatura de historia de las religiones desde un punto de vista antropológico, al fin y al cabo han sido y, lamentablemente, siguen siendo algo muy influyente en la historia humana. Muchos alucinarán con la de plagios de religiones anteriores que se incluyen en los dogmas de las actuales.\n[#28](c28#c-28) A mi en catequesis no me supieron explicar de dónde coño salieron los dinosaurios, y ahí ya vi que era todo un puto cuento.\n[#25](c25#c-25) creo que eso no pasaba en los colegios en que he estado. El que ponia pelis era el de etica\n[#33](c33#c-33) Y como los metieron en el arca de Noe?\n[#43](c43#c-43) Pues estaria curios que en clase de religion se dedicasen a hacer critica de sus incoherencias.\nDe hecho no sé porqué no hayninguna religion que crea en Dios pero sea critica con él\n[#6](c6#c-6) ups. Veo que te he votado negativo.\nHa sido sin querer. Tu comentario por supuesto que no merece un negativo.\nPerdona,\n[#37](c37#c-37) La moral es real, pero los motivos que da la religión sobre porque ser moral no, para bien ejemplo el que has dicho \"el niño Jesús llora\", pues no, el niño Jesús no llora ni existe ni te está viendo, hay que enseñar que no se miente porque mentir está mal, no porque llore el niño Jesús.\nY cuando empiezas a profundizar más, ahí sí que me río yo de la moral católica.\nNo me gusta como se portan en esas dos ciudades, arraso el mundo.\nNo me gusta esa torre, la destruyo y os cambio el idioma para que no os podáis coordinar.\n- Oye Abraham, mata a tu hijo.\n- Vale\n- Eh no, que era broma\n- Ahhh, que cachondo eres Dios, me parto contigo.\nAmo a mis hijos, pero ni tocar esas manzanas o los castigo por toda la puta eternidad (se nota que es un padre preocupado por educar bien, eso es amor y no el de mi madre que siempre me perdona)\n- Oye Dios, que el faraón nos trata mal.\n- Tranqui que ahora le mando 10 plagas a toda la población, te vas a partir de risa con la décima (ahí sí que va a tope con la moral, matando a todos los hijos primogénitos)\n- Pero la población no tiene culpa de...\n- Que no hubiesen votado a ese faraón.\n- No eso aquí no funciona as...\n- ¡Que te calles coño!\n[#45](c45#c-45) No siempre está mal, puede que hasta este bien en alguna situación, en el mundo las cosas no son solo blancas o negras, pero eso un niño aún no lo entiende.\nSi, si, que la biblia son metáforas y hay que interpretarlas, ya lo he escuchado muchas veces. Pues ya me dirás tú que interpretación le das al génesis o al éxodo.\n[#46](c46#c-46) Léete la \"Teologia del cuerpo\" de San Juan Pablo II y luego hablamos del génesis.\no si lo prefieres intenta razonar por qué mentir está mal en los casos que creas que está mal.\nNo creo que seas capaz de hacer ninguna de las dos cosas. Y no lo digo con prepotencia... lo digo con humildad, porque yo tampoco puedo.\nEstoy asistiendo a cursos de algunas cosas de teología y me doy cuenta de lo poco que se.\npor eso leerte diciendo lo que dices... es como leer a alguien diciendo que entiende perfectamente la teoría de cuerdas porque vio \"big bang theory\" o que conoce de sobra la WWII porque vio la pelicula \"1917\" (espero que te des cuenta de que encima esa película es de la gran guerra y no de la WWII)\nEn fin, que espero lograr transmitir de forma escrita el tono amistoso que pienso al escribir este mensaje.\nBuenas noches.\n[#54](c54#c-54) No voy a leer el libro lo siento, si quieres hacerme una breve sinopsis te leeré, pero el libro entero no.\nHay casos en los que es muy evidente que mentir está mal, hay casos muy ambiguos, y hay casos muy claros en los que está bien.\nUn ejemplo de cuando mentir está mal es muy sencillo. Mentir a alguien para obtener un beneficio, causándole a él un perjuicio está mal, ejemplo:\n- Hola, hazme la transferencia y te mando el producto.\n- Vale.\nEn la caja envía una piedra (estafa).\n[#60](c60#c-60) antes de resumirlo, tendré que terminarlo... son 5 años de charlas... mira la wikipedia. Seria equiparable a pedir que te resuman una asignatura universitaria de 20 créditos.\ny la explicación que has dado de la mentira... no es de la mentira en sí, es del daño a otro (y por medio de un ejemplo, no razonado).\nexplicar si mentir en sí es bueno o malo... no es fácil. de hecho, con lo que dices... mentir no es ni bueno ni malo depende de otras cosas.\n[#63](c63#c-63) Es que así es, depende del contexto, ya te lo explique en anteriores comentarios, igual no me está as entendiendo.\nA ver chic@s! Luego nos quejamos de que los adolescentes están todo el día con el móvil. Por lo menos en las clases de religión los chicos ven una media de 50 ó 60 pelis por curso. Pelis que de normal no verían en casa. Eso es bueno.\n; )\nProf- 2 x 2?\nAlum- 25\nP- Como?\nA- Hay que tener fé en los milagros y las multiplicaciones. (si quiere le hago una rima).\nP- No es necesario, matrícula\nPues han tardado. Aunque bien visto tampoco es que fuera su trabajo. Tendría que haber saltado la liebre ya mucho antes.\nBien, pero ¿Que religión? ¿La verdadera, la única,..., el pastafarismo? A ver si le van a subir nota a cualquier pringao\nEs normal que compute porque en el colegio de mi hijo se da en inglés y enseña valores que no ttiene otras religiones\nMi opinión:\n- Hay que enseñar moral en los colegios.\n- Esa moral no la puede decidir el gobierno.\n- La moral la deben elegir los padres.\n- Si un porcentaje significativo de los padres quieren una moral concreta, se oferta dicha moral.\n- Toda enseñanza que se imparta en el colegio debe ser exigente. No vale dar una moral nivel \"infantil\" hasta los 18 años.\n- Toda enseñanza que se imparta en el colegio debe ser evaluada y contar para el expediente escolar, titulaciones, accesos a universidad, fp o similar.\nLo contrario (punto por punto):\n- Crea adultos que no saben decir si algo les parece bueno o malo.\n- Crea dictaduras.\n- Crea dictaduras.\n- Discrimina por clase social (los de menores ingresos no pueden ejercer sus derechos).\n- Crea adultos que no saben decir si algo les parece bueno o malo.\n- Crea adultos que no saben decir si algo les parece bueno o malo.\n[#34](c34#c-34) No.\nEn el fondo quieres quitar los puntos 2 y 3... quieres que se enseñe lo que diga el gobierno.\nCon eso... el partido X en el gobierno educa a los futuros votantes en la ideología del partido X y se perpetúa en el poder.\nDictadura.\nEs como una definición recursiva, cualquier significado es válido.\n[#35](c35#c-35) Y la moral es real.\nQue en parbulitos te enseñan que si mientes, el niño Jesús llora... igual que te dicen que no se puede restar un número grande a uno pequeño...\nluego vas creciendo y se va profundizando en la asignatura. Si te quedas a nivel parbulitos, de mayor piensas que eran mentiras... cuando lo que pasa es que te falta cultura.\nYa puestos podrían ampliar este tipo de asignaturas y quitar cosas como matemáticas, lengua, historia, idiomas, deportes, que no sirven para nada... Aquí una propuesta, se puede ampliar:\n- Astrología\n- Homeopatía\n- Quiromancia\n- Ufología\n- Medicina ayurvédica\n- Iridología\n- Magnetoterapia\n- Cromoterapia\n- Psicología transpersonal\n- Reiki\n- Grafología\n- Terapia de regresión a vidas pasadas\n- Cienciología\n- Kinesiología aplicada\n- Numerología\n- Radiestesia\n- Hidroterapia de colon\n- Aromaterapia\n- Hipnoterapia regresiva\n- Biodescodificación\n- Antroposofía\n- Ortopatía\n- Terapia Gerson\n- Terapia de cristales\n- Dianética\n- Geopatología\n- Osteopatía craneal\n- Naturopatía\n- Detoxificación\n- Ayuno prolongado",
    "highlightText": "",
    "highlightTitle": "",
    "highlightThreadTitle": "",
    "language": "spanish",
    "sentiment": "negative",
    "categories": [
        "Social Issue",
        "Religion and Belief"
    ],
    "webz_reporter": false,
    "external_links": [],
    "external_images": [],
    "entities": {
        "persons": [],
        "organizations": [],
        "locations": []
    },
    "rating": null,
    "crawled": "2024-05-24T14:25:45.406+03:00",
    "updated": "2024-05-24T14:25:45.406+03:00"
}