{
    "thread": {
        "uuid": "a68a1b1ab0336b3ee8c9a8883006590475a93e57",
        "url": "https://www.informazione.it/a/A0CAE119-18AC-4082-B478-0F627C4A17EB/Torino-Imam-al-Politecnico-e-polemica-sul-sermone",
        "site_full": "www.informazione.it",
        "site": "informazione.it",
        "site_section": "https://www.informazione.it/interno",
        "site_categories": [
            "media"
        ],
        "section_title": "Notizie Interno - informazione.it",
        "title": "Torino, Imam al Politecnico: è polemica sul sermone (vcyy)",
        "title_full": "Torino, Imam al Politecnico: è polemica sul sermone (vcyy)",
        "published": "2024-05-24T12:47:00.000+03:00",
        "replies_count": 0,
        "participants_count": 1,
        "site_type": "news",
        "country": "IT",
        "main_image": "https://q7.informazione.it/pics/5ce900ff-8e25-4f16-bde9-636ac2a3513c.jpg",
        "performance_score": 0,
        "domain_rank": 88277,
        "domain_rank_updated": "2024-05-21T13:08:01.000+03:00",
        "reach": null,
        "social": {
            "facebook": {
                "likes": 0,
                "comments": 0,
                "shares": 0
            },
            "gplus": {
                "shares": 0
            },
            "pinterest": {
                "shares": 0
            },
            "linkedin": {
                "shares": 0
            },
            "stumbledupon": {
                "shares": 0
            },
            "vk": {
                "shares": 0
            }
        }
    },
    "uuid": "a68a1b1ab0336b3ee8c9a8883006590475a93e57",
    "url": "https://www.informazione.it/a/A0CAE119-18AC-4082-B478-0F627C4A17EB/Torino-Imam-al-Politecnico-e-polemica-sul-sermone",
    "ord_in_thread": 0,
    "parent_url": null,
    "author": "@infoitinterno",
    "published": "2024-05-24T12:47:00.000+03:00",
    "title": "Torino, Imam al Politecnico: è polemica sul sermone (vcyy)",
    "text": "Torino, Imam al Politecnico: è polemica sul sermone Il rettore Corgnati e la ministra Bernini: \"Atenei sono laici, non si svolga attività religiosa all'interno\" E’ polemica intorno alla presenza, all’interno degli spazi dell’Università di Torino, dell’Imam Brahim Baya, “impegnato in attività religiosa negli spazi di Palazzo Nuovo“, presenza testimoniata dallo stesso Imam attraverso un video pubblicato sul suo canale Youtube, dove il religioso rivolge duri attacchi ad Israele in merito al conflitto nella Striscia di Gaza [(LAPRESSE)](https://www.lapresse.it/politica/2024/05/24/torino-imam-al-politecnico-e-polemica-sul-sermone-contro-israele/) La notizia riportata su altre testate Si tratta di una totale mancanza di rispetto verso le vittime della violenza del fanatismo islamico ed è ancor più grave che tutto questo sia accaduto di fronte a studenti all’interno dell’Università di Torino [(La Provincia di Biella)](https://laprovinciadibiella.it/attualita/chiorino-linno-della-jihad-alluniversita-e-intollerabile/) Rischia di diventare un caso nazionale la preghiera del venerdì organizzata nei corridoi di Palazzo Nuovo occupato la settimana scorsa. [(Corriere della Sera)](https://torino.corriere.it/notizie/cronaca/24_maggio_23/torino-preghiera-islamica-a-palazzo-nuovo-occupato-i-professori-inneggiavano-alla-jihad-intervenga-il-ministero-372bd5f4-5f06-4109-bb23-910ca262exlk.shtml) Brahim Baya, presente a Palazzo Nuovo, ha tenuto un incontro venerdì 17 maggio con il titolo “Cosa ci insegna la Palestina’” e ha suscitato posizioni di condanna da parte di alcuni professori che hanno parlato di un “inno alla Jihad”. [(Virgilio Notizie)](https://notizie.virgilio.it/polemica-per-la-preghiera-dell-imam-all-universita-di-torino-occupata-il-ministro-bernini-chiama-il-rettore-1621306) L'università di Torino, accoglie «con soddisfazione il segnale di disponibilità dato dalla protesta Pro Palestina che ha interrotto l'occupazione del Rettorato». «Il dialogo quindi continua, alla ricerca di una soluzione che debba coniugare l'esigenza di funzionalità degli spazi istituzionali e la loro piena agibilità, la ripresa delle regolari attività didattiche in presenza, laddove negate con l'altrettanto giusta e necessaria libertà di espressione e di manifestazione democratica del pensiero» conclude la notaGli studenti delle occupazioni universitarie, arrivate all’undicesimo giorno di mobilitazione per fermare l’invasione di Gaza, sfogliano il calendario. [(Corriere della Sera)](https://torino.corriere.it/notizie/cronaca/24_maggio_23/universita-di-torino-occupata-fallisce-la-mediazione-del-rettore-geuna-andremo-avanti-fino-al-1-giugno-8bfa13e1-eeed-4610-966d-43c3f79f6xlk.shtml) Il video dell’intervento è stato pubblicato dall’Imam stesso sul suo canale YouTube. “I nuovi sionisti – ha detto Baya – sono arrivati per prendersi quella terra (la Palestina ndr), per insediarsi in un colonialismo più becero, più criminale che possa esistere, che è il colonialismo di insediamento in cui pretendevano che quella terra fosse una terra senza popolo”. [(Quotidiano Piemontese)](https://www.quotidianopiemontese.it/2024/05/23/torino-imam-prega-dentro-palazzo-nuovo-occupato-la-ministra-bernini-chiede-spiegazioni-al-rettore-di-unito-geuna/) Una trentina di fedeli musulmani, studenti e studentesse in stragrande maggioranza di origine straniera proveniente da Pakistan, Palestina, Turchia e Egitto, si è ritrovata nella sede occupata dell’Università di Torino, trasformata per una quartina di minuti in una sala di una moschea. [(Corriere TV)](https://video.corriere.it/cronaca/il-sionismo-e-il-colonialismo-piu-becero-e-criminale-che-possa-esistere-la-predica-contro-israele-all-universita-di-torino/00b92761-9e03-4cfc-a549-0f291310cxlk)",
    "highlightText": "",
    "highlightTitle": "",
    "highlightThreadTitle": "",
    "language": "italian",
    "sentiment": "negative",
    "categories": [
        "Social Issue",
        "Education",
        "Religion and Belief"
    ],
    "webz_reporter": false,
    "external_links": [
        "https://notizie.virgilio.it/polemica-per-la-preghiera-dell-imam-all-universita-di-torino-occupata-il-ministro-bernini-chiama-il-rettore-1621306)",
        "https://video.corriere.it/cronaca/il-sionismo-e-il-colonialismo-piu-becero-e-criminale-che-possa-esistere-la-predica-contro-israele-all-universita-di-torino/00b92761-9e03-4cfc-a549-0f291310cxlk)",
        "https://www.lapresse.it/politica/2024/05/24/torino-imam-al-politecnico-e-polemica-sul-sermone-contro-israele/)",
        "https://torino.corriere.it/notizie/cronaca/24_maggio_23/torino-preghiera-islamica-a-palazzo-nuovo-occupato-i-professori-inneggiavano-alla-jihad-intervenga-il-ministero-372bd5f4-5f06-4109-bb23-910ca262exlk.shtml)",
        "https://torino.corriere.it/notizie/cronaca/24_maggio_23/universita-di-torino-occupata-fallisce-la-mediazione-del-rettore-geuna-andremo-avanti-fino-al-1-giugno-8bfa13e1-eeed-4610-966d-43c3f79f6xlk.shtml)",
        "https://laprovinciadibiella.it/attualita/chiorino-linno-della-jihad-alluniversita-e-intollerabile/)",
        "https://www.quotidianopiemontese.it/2024/05/23/torino-imam-prega-dentro-palazzo-nuovo-occupato-la-ministra-bernini-chiede-spiegazioni-al-rettore-di-unito-geuna/)",
        "https://lapresse.it/politica/2024/05/24/torino-imam-al-politecnico-e-polemica-sul-sermone-contro-israele/)",
        "https://www.torino.corriere.it/notizie/cronaca/24_maggio_23/universita-di-torino-occupata-fallisce-la-mediazione-del-rettore-geuna-andremo-avanti-fino-al-1-giugno-8bfa13e1-eeed-4610-966d-43c3f79f6xlk.shtml)",
        "https://www.laprovinciadibiella.it/attualita/chiorino-linno-della-jihad-alluniversita-e-intollerabile/)",
        "https://www.video.corriere.it/cronaca/il-sionismo-e-il-colonialismo-piu-becero-e-criminale-che-possa-esistere-la-predica-contro-israele-all-universita-di-torino/00b92761-9e03-4cfc-a549-0f291310cxlk)",
        "https://www.notizie.virgilio.it/polemica-per-la-preghiera-dell-imam-all-universita-di-torino-occupata-il-ministro-bernini-chiama-il-rettore-1621306)",
        "https://quotidianopiemontese.it/2024/05/23/torino-imam-prega-dentro-palazzo-nuovo-occupato-la-ministra-bernini-chiede-spiegazioni-al-rettore-di-unito-geuna/)",
        "https://www.torino.corriere.it/notizie/cronaca/24_maggio_23/torino-preghiera-islamica-a-palazzo-nuovo-occupato-i-professori-inneggiavano-alla-jihad-intervenga-il-ministero-372bd5f4-5f06-4109-bb23-910ca262exlk.shtml)"
    ],
    "external_images": [],
    "entities": {
        "persons": [],
        "organizations": [],
        "locations": []
    },
    "rating": null,
    "crawled": "2024-05-24T14:16:08.596+03:00",
    "updated": "2024-05-24T14:16:08.596+03:00"
}