{
    "thread": {
        "uuid": "c872d0eef65de298c89ea5750f1ece549856c84f",
        "url": "https://www.meneame.net/story/iglesia-espanola-gigantesca-inmobilaria-acapara-100000-espana/c049",
        "site_full": "www.meneame.net",
        "site": "meneame.net",
        "site_section": "https://www.meneame.net:443/comments_rss",
        "site_categories": [
            "non_standard_content",
            "adult",
            "top_news"
        ],
        "section_title": "Menéame: comentarios",
        "title": "#49 La iglesia española: una gigantesca inmobilaria que acapara 100Â000 propiedades en España",
        "title_full": "#49 La iglesia española: una gigantesca inmobilaria que acapara 100Â000 propiedades en España",
        "published": "2024-05-24T16:54:00.000+03:00",
        "replies_count": 0,
        "participants_count": 1,
        "site_type": "news",
        "country": "ES",
        "main_image": "https://meneame.net/img/logo_meneame.png",
        "performance_score": 0,
        "domain_rank": 10939,
        "domain_rank_updated": "2024-05-21T13:07:53.000+03:00",
        "reach": null,
        "social": {
            "facebook": {
                "likes": 0,
                "comments": 0,
                "shares": 0
            },
            "gplus": {
                "shares": 0
            },
            "pinterest": {
                "shares": 0
            },
            "linkedin": {
                "shares": 0
            },
            "stumbledupon": {
                "shares": 0
            },
            "vk": {
                "shares": 0
            }
        }
    },
    "uuid": "c872d0eef65de298c89ea5750f1ece549856c84f",
    "url": "https://www.meneame.net/story/iglesia-espanola-gigantesca-inmobilaria-acapara-100000-espana/c049",
    "ord_in_thread": 0,
    "parent_url": null,
    "author": "Aeren",
    "published": "2024-05-24T16:54:00.000+03:00",
    "title": "#49 La iglesia española: una gigantesca inmobilaria que acapara 100Â000 propiedades en España",
    "text": "Portada\nmis comunidades\notras secciones\n[#3](c3#c-3) [#2](c2#c-2) no se qué veis de incomprensible\nNo sólo se ha facilitado y propiciado durante siglos, sino que en los últimos años, aún se les ha dado más manga ancha.\nPor lo visto, con eso de que toda la gente le pide tanto a su dios continuamente, se debe de amortizar de algún modo.\nEn fin, magufadas, lo normal.. mientras formen parte del adn político-socio-cultural.\n[#2](c2#c-2) El PSOE de antes de la guerra civil participó en la Constitución española que incluyó el siguiente artículo:\nArtículo 26.\nTodas las confesiones religiosas serán consideradas como Asociaciones sometidas a una ley especial.\nEl Estado, las regiones, las provincias y los Municipios, no mantendrán, favorecerán, ni auxiliarán económicamente a las Iglesias, Asociaciones e Instituciones religiosas.\nUna ley especial regulará la total extinción, en un plazo máximo de dos años, del presupuesto del Clero.\nQuedan disueltas aquellas Órdenes religiosas que estatutariamente impongan, además de los tres votos canónicos, otro especial de obediencia a autoridad distinta de la legítima del Estado. Sus bienes serán nacionalizados y afectados a fines benéficos y docentes.\nLas demás Órdenes religiosas se someterán a una ley especial votada por estas Cortes Constituyentes y ajustada a las siguientes bases:\n1ª. Disolución de las que, por sus actividades, constituyan un peligro para la seguridad del Estado.\n2ª. Inscripción de las que deban subsistir, en un Registro especial dependientes del Ministerio de Justicia.\n3ª. Incapacidad de adquirir y conservar, por sí o por persona interpuesta, más bienes que los que, previa justificación, se destinen a su vivienda o al cumplimiento directo de sus fines privativos.\n4ª. Prohibición de ejercer la industria, el comercio o la enseñanza.\n5ª. Sumisión a todas las leyes tributarias del país.\n6ª. Obligación de rendir anualmente cuentas al Estado de la inversión de sus bienes en relación con los fines de la Asociación.\nLos bienes de las Órdenes religiosas podrán ser nacionalizados.\nhttps://www.congreso.es/constitucion/ficheros/historicas/cons_1931.pdf\nLuego en pleno franquismo, en 1974, se compró a base de talonario al PSOE en el congreso de Suresnes. Y desde entonces el PSOE \"actual\" pasó a ser pseudofranquista, dado que a pesar de haber tenido una mayoría absoluta en el 82, mantiene privilegios y protege con uñas y dientes a tooooooda la herencia del franquismo: ejército, judicatura, monarquía, FFCCSE, grandes fortunas nacidas del latrocinio franquista, iglesia, etc.. Ha tardado décadas en quitar parte (que no todos) de los monumentos que glorificaban a Franco y al franquismo.\nEspecialmente a la iglesia le aumentó el % que se llevan de la \"X\" de la renta, y le han dejado carta blanca para expandirse por servicios esenciales como educación, residencias, sanidad, etc, a la vez que se ha permitido el pago con dinero público para los negocios privados de la multinacional vaticana.\nPor un Concordato fullero prorrogado del franquismo se ha librado la iglesia de ser juzgada por todos los casos de abusos sexuales a menores que lleva perpetrando \"desde siempre\" y hasta nuestros días, y está exenta de pagar la mayoría de impuestos que sí pagamos el resto de los súbditos. ¡Con la excusa de que no tienen dinero! Luego te enteras de que a raíz de inmatricularse a su nombre la Mezquita de Córdoba por 30€ están sacando un beneficio EN NEGRO (sin tributar por ello) de hasta 18 millones de euros al año. Y tienen 99.999 propiedades más dedicadas a su dios verdadero: EL DINERO\n[#4](c4#c-4) Primero hay que derogar el Concordato y luego establecer un sistema de financiación como el alemán, cortando cualquier atisbo de dinero público para la secta y donde sean los fieles los que paguen y mantengan a la secta con un 8-9% de su dinero.\nDespués, si se ve que ya casi no hay adeptos a la secta, desamortización con la restauración del artículo 26 de la anterior Constitución española (ver\n[#33](c33#c-33)). Que dicho artículo se redactó así por algo, todos sus puntos tienen un sentido recogido de un porqué histórico, menudos problemas ha dado la iglesia en España desde siempre, conspirando, adoctrinando, abusando y trincando todo lo público que les ha venido en gana sin pagar por ello.\n[#1](c1#c-1) Estas sectas siempre están disponibles para entrar en los negocios de verdad: nadie mejor que ellos para legitimizar y glorificar golpes de estado y dictadores genocidas como los que han propiciado el expolio en España o la religión que alimenta con su irracionalidad la invasión de Palestina.\n[#32](c32#c-32) ya se hace, en la catedral de Pamplona podías organizar la comida de la boda, previo pago generoso\n[#11](c11#c-11) No se donde leí que la desamortización de Mendizabal fue quitarle tierras a la iglesia para repartírselas luego 4 señoritos ricos.\nAdenda (De la susodicha desamortización de Mendizabal en la wikipedia) :\nLos pequeños labradores no pudieron entrar en las pujas y las tierras fueron compradas por nobles y burgueses urbanos adinerados, de forma que no pudo crearse una verdadera burguesía o clase media en España que sacase al país de su marasmo.\n[#28](c28#c-28) Añádele que, según alguinos cálculos, suposu la deforestación de entre el cinco y el 7% de todo el país, una ruina para el partrimionio artístico y una ruina fatal para los aparceros que pasaron de estar en \"renta antigua\" a no poder vivir de sus tierras.\nUn desastre.\nA mi me hace bastante gracia, ( por decirlo suavemente) cada vez que paso por la calle Almagro de Madrid por la puerta de un conjunto de edificios de la Iglesia que abarcan toda una enorme manzana y que probablemente este en el podium de los terrenos más caros de todo Madrid. ¿sabeis como se llama la congregación que vive allí? Hermanitas de los pobres. Con dos ovarios.\nY empezaron con un establo!\nHay que desamortizar todos los bienes cuyo uso no sea el de templo para oficios reliosos o monasterios.\nLas residencias de los curas, obispos y demás deben estar a su nombre y pagar los impuestos correspondientes como persona física.\n[#18](c18#c-18)\nNo me hagas reír.\nInmuebles para caridad ?\nPor eso no pagan IBI ,ni IVA y muy probablemente esas monjas cobraban en negro.\nDecía Saramago que la Iglesia solo ha servido para separar, quemar y torturar\nNunca para unir a la gente.\nLa Iglesia es el Gran Parásito de nuestra sociedad..\n[#0](c0#c-0) Es curioso que en la entradilla del artículo (copiado a la de aquí) pongan equivocadamente \"100,000\" y que luego en el texto salga correctamente \"100.000\". Ya he visto este error en la entradilla de dos medios más, por ahora.\nLuego espero que los del medio de comunicación se den cuenta de un error garrafal: \"En cumplimiento de lo establecido en la Ley Orgánica de Protección de Datos de Carácter Personal 15/1999 (...)\" (esta Ley es obsoleta, se cumple el RGPD de 2016).\n[#44](c44#c-44) Ya, eso lo hablamos por aquí no hace mucho con otros artículos. Hay que ir con ojo con esto, no estoy de acuerdo con las nuevas \"recomendaciones\". Tradicionalmente en España y en casi todos los países europeos (sino todos) se ha utilizado siempre el punto para los miles y la coma para los decimales.",
    "highlightText": "",
    "highlightTitle": "",
    "highlightThreadTitle": "",
    "language": "spanish",
    "sentiment": "negative",
    "categories": [
        "Religion and Belief",
        "Economy, Business and Finance"
    ],
    "webz_reporter": false,
    "external_links": [
        "https://www.congreso.es/constitucion/ficheros/historicas/cons_1931.pdf",
        "https://congreso.es/constitucion/ficheros/historicas/cons_1931.pdf"
    ],
    "external_images": [],
    "entities": {
        "persons": [],
        "organizations": [],
        "locations": []
    },
    "rating": null,
    "crawled": "2024-05-24T18:01:07.210+03:00",
    "updated": "2024-05-24T18:01:07.210+03:00"
}