{
    "thread": {
        "uuid": "9065a9b1c8c215bd4452000bdcac216cc4894895",
        "url": "https://www.ilrestodelcarlino.it/bologna/cronaca/cardinale-zuppi-morte-rettore-cattolica-anelli-kgbn9gc2",
        "site_full": "www.ilrestodelcarlino.it",
        "site": "ilrestodelcarlino.it",
        "site_section": "https://www.ilrestodelcarlino.it:443/rss",
        "site_categories": [
            "media",
            "top_news"
        ],
        "section_title": "Tutte le notizie di  oggi - Carlino",
        "title": "Il cardinale Zuppi sulla morte del rettore della Cattolica Franco Anelli: “Sgomento e dolore”",
        "title_full": "Il cardinale Zuppi sulla morte del rettore della Cattolica Franco Anelli: “Sgomento e dolore”",
        "published": "2024-05-24T03:00:00.000+03:00",
        "replies_count": 0,
        "participants_count": 1,
        "site_type": "news",
        "country": "IT",
        "main_image": "https://www.ilrestodelcarlino.it/image-service/view/acePublic/alias/contentid/NWVmMDk0MmQtYWI1NS00/0/il-cardinale-zuppi-e-il-rettore-franco-anelli.jpeg",
        "performance_score": 0,
        "domain_rank": 17001,
        "domain_rank_updated": "2024-05-21T13:07:53.000+03:00",
        "reach": null,
        "social": {
            "facebook": {
                "likes": 0,
                "comments": 0,
                "shares": 0
            },
            "gplus": {
                "shares": 0
            },
            "pinterest": {
                "shares": 0
            },
            "linkedin": {
                "shares": 0
            },
            "stumbledupon": {
                "shares": 0
            },
            "vk": {
                "shares": 0
            }
        }
    },
    "uuid": "9065a9b1c8c215bd4452000bdcac216cc4894895",
    "url": "https://www.ilrestodelcarlino.it/bologna/cronaca/cardinale-zuppi-morte-rettore-cattolica-anelli-kgbn9gc2",
    "ord_in_thread": 0,
    "parent_url": null,
    "author": "Il Resto del Carlino",
    "published": "2024-05-24T03:00:00.000+03:00",
    "title": "Il cardinale Zuppi sulla morte del rettore della Cattolica Franco Anelli: “Sgomento e dolore”",
    "text": "Il cardinale Zuppi e il rettore Franco Anelli\nPer approfondire: Articolo: Morto Franco Anelli, il rettore dell’Università Cattolica del Sacro Cuore di Milano Articolo: Franco Anelli, il rettore riservato e gentile che amava insegnare ai ragazzi Bologna, 24 maggio 2024 – La morte di Franco Anelli , rettore dell’Università Cattolica di Milano, ha destato profondo sgomento e dolore non solo nel mondo accademico , ma anche in quello intellettuale italiano. Il noto avvocato e giurista aveva 61 anni e si è tolto la vita lanciandosi da uno stabile di Milano dove viveva.\nAnche il presidente della Cei e arcivescovo di Bologna, cardinale Matteo Zuppi , ha espresso il suo cordoglio per la tragedia. “Partecipo al dolore dell' Università Cattolica e della Fondazione Policlinico Agostino Gemelli Irccs per la tragica scomparsa del Magnifico Rettore, Prof. Franco Anelli . In questo momento di sgomento , a nome dell' Episcopato italiano , esprimo cordoglio alla sua mamma, ai suoi cari e alla comunità tutta dell'Ateneo e del Policlinico, cui ha dedicato la sua esistenza. Assicuro la preghiera della nostra Chiesa, affidando il caro Prof. Anelli alla misericordia del Padre”, è il messaggio dell'arcivescovo di Bologna.\nè arrivato su WhatsApp\nPer ricevere le notizie selezionate dalla redazione in modo semplice e sicuro\nISCRIVITI ",
    "highlightText": "",
    "highlightTitle": "",
    "highlightThreadTitle": "",
    "language": "italian",
    "sentiment": "negative",
    "categories": [
        "Religion and Belief",
        "Human Interest"
    ],
    "webz_reporter": false,
    "external_links": [
        "https://www.ilgiorno.it/milano/cronaca/franco-anelli-morto-bmcey1l1",
        "https://web.whatsapp.com/send?text=Il%20cardinale%20Zuppi%20sulla%20morte%20del%20rettore%20della%20Cattolica%20Franco%20Anelli:%20%E2%80%9CSgomento%20e%20dolore%E2%80%9D%20https://www.ilrestodelcarlino.it/bologna/cronaca/cardinale-zuppi-morte-rettore-cattolica-anelli-kgbn9gc2",
        "https://www.ilgiorno.it/milano/cronaca/rettore-universita-cattolica-morto-stc17i4q",
        "https://x.com/share?url=https://www.ilrestodelcarlino.it/bologna/cronaca/cardinale-zuppi-morte-rettore-cattolica-anelli-kgbn9gc2&text=Il%20cardinale%20Zuppi%20sulla%20morte%20del%20rettore%20della%20Cattolica%20Franco%20Anelli:%20%E2%80%9CSgomento%20e%20dolore%E2%80%9D",
        "https://www.facebook.com/sharer/sharer.php?u=https://www.ilrestodelcarlino.it/bologna/cronaca/cardinale-zuppi-morte-rettore-cattolica-anelli-kgbn9gc2&t=Il%20cardinale%20Zuppi%20sulla%20morte%20del%20rettore%20della%20Cattolica%20Franco%20Anelli:%20%E2%80%9CSgomento%20e%20dolore%E2%80%9D",
        "https://ilgiorno.it/milano/cronaca/franco-anelli-morto-bmcey1l1",
        "https://web.whatsapp.com/send?text=Il%20cardinale%20Zuppi%20sulla%20morte%20del%20rettore%20della%20Cattolica%20Franco%20Anelli:%20%E2%80%9CSgomento%20e%20dolore%E2%80%9D%20https://ilrestodelcarlino.it/bologna/cronaca/cardinale-zuppi-morte-rettore-cattolica-anelli-kgbn9gc2",
        "https://facebook.com/sharer/sharer.php?u=https://ilrestodelcarlino.it/bologna/cronaca/cardinale-zuppi-morte-rettore-cattolica-anelli-kgbn9gc2&t=Il%20cardinale%20Zuppi%20sulla%20morte%20del%20rettore%20della%20Cattolica%20Franco%20Anelli:%20%E2%80%9CSgomento%20e%20dolore%E2%80%9D",
        "https://x.com/share",
        "https://web.whatsapp.com/send",
        "https://www.facebook.com/sharer/sharer.php",
        "https://x.com/share?url=https://ilrestodelcarlino.it/bologna/cronaca/cardinale-zuppi-morte-rettore-cattolica-anelli-kgbn9gc2&text=Il%20cardinale%20Zuppi%20sulla%20morte%20del%20rettore%20della%20Cattolica%20Franco%20Anelli:%20%E2%80%9CSgomento%20e%20dolore%E2%80%9D",
        "https://ilgiorno.it/milano/cronaca/rettore-universita-cattolica-morto-stc17i4q"
    ],
    "external_images": [],
    "entities": {
        "persons": [],
        "organizations": [],
        "locations": []
    },
    "rating": null,
    "crawled": "2024-05-24T12:58:13.833+03:00",
    "updated": "2024-05-24T14:36:32.033+03:00"
}