{
    "thread": {
        "uuid": "b60f1ff0239e573d10d95e906c431330e9f67f03",
        "url": "https://www.tuko.co.ke/entertainment/celebrities/549498-pastor-kanyari-wails-laments-slammed-by-kenyans-pressure-itaniua",
        "site_full": "www.tuko.co.ke",
        "site": "tuko.co.ke",
        "site_section": "https://www.tuko.co.ke/rss/all.rss",
        "site_categories": [
            "media"
        ],
        "section_title": "",
        "title": "Pastor Kanyari Wails, Laments after Being Slammed By Kenyans: \"Pressure Itaniua\" - Tuko.co.ke",
        "title_full": "Pastor Kanyari Wails, Laments after Being Slammed By Kenyans: \"Pressure Itaniua\" - Tuko.co.ke",
        "published": "2024-05-24T07:16:00.000+03:00",
        "replies_count": 0,
        "participants_count": 1,
        "site_type": "news",
        "country": "KE",
        "main_image": "https://netstorage-tuko.akamaized.net/images/1d5cc1e1dde256bd.png?imwidth=1200",
        "performance_score": 0,
        "domain_rank": 19474,
        "domain_rank_updated": "2024-05-21T13:07:53.000+03:00",
        "reach": null,
        "social": {
            "facebook": {
                "likes": 0,
                "comments": 0,
                "shares": 0
            },
            "gplus": {
                "shares": 0
            },
            "pinterest": {
                "shares": 0
            },
            "linkedin": {
                "shares": 0
            },
            "stumbledupon": {
                "shares": 0
            },
            "vk": {
                "shares": 0
            }
        }
    },
    "uuid": "b60f1ff0239e573d10d95e906c431330e9f67f03",
    "url": "https://www.tuko.co.ke/entertainment/celebrities/549498-pastor-kanyari-wails-laments-slammed-by-kenyans-pressure-itaniua",
    "ord_in_thread": 0,
    "parent_url": null,
    "author": "Caren Nyota",
    "published": "2024-05-24T07:16:00.000+03:00",
    "title": "Pastor Kanyari Wails, Laments after Being Slammed By Kenyans: \"Pressure Itaniua\" - Tuko.co.ke",
    "text": "Home Entertainment Celebrities Celebrities Pastor Kanyari Wails, Laments after Being Slammed By Kenyans: \"Pressure Itaniua\" Friday, May 24, 2024 at 7:16 AM by Caren Nyota 3 min read Pastor Kanyari apologised to Kenyans after he was bashed for entertaining TikToker Faith Peters, who gifted him condoms in church The controversial man of God begged for forgiveness and even went live on TikTok wailing uncontrollably as he lamented being targeted Kanyari claimed he had high blood pressure and was unable to sleep following the backlash from social media PAY ATTENTION: TUKO is in WhatsApp Channels now! Subscribe and read news in favourite messenger.\nPastor Kanyari has constantly apologised to Kenyans following the controversial condom gift he was gifted by TikTok .\nPastor Kanyari wailed during a TikTok live, claiming he was distressed after being criticised for entertaining a woman who gifted him condoms in church. Photo: Prophet Kanyari.\nSource: TikTok\nPastor Kanyari sheds tears during TikTok live On Thursday, May 24, Kanyari went live on TikTok to continue to defend himself, asking for forgiveness.\nPAY ATTENTION: Don't miss trending Kenyan news. Follow TUKO.co.ke on Twitter!\nThe man of God wept as he wiped tears and sweat during the live as he sang Unastahili Kuabudiwa worship song.\nRead also\nVideo of Kenyans in Saudi Arabia Singing Kikuyu Worship Songs During Unique Church Service Emerges\n\"What can I do my God?\" Kanyari cried. \"Niko na magari ziko nje niko hapa niko na pressure, niko na mashamba ziko nje, niko hapa niko na pressure. Imefika masaa ya kulala silali niko hapa na pressure. Sitalala. Niko chini ya magoti nanyenyekea (I have cars outside, I'm here under pressure. I have pieces of land outside, I'm here under pressure. It's time to sleep, but I can't, I'm here under pressure. I won't sleep. \"'m on my knees and humble),\" he said. Here is the video :\nEarlier, Kanyari apologised to Kenyans after he was bashed for entertaining Faith, who gifted him condoms during a live church service.\n\"I'm apologising for what happened last Sunday,\" he said. The controversial preacher defended himself, saying he was not aware of what was wrapped in the newspaper he was given.\nThe father of two said he was shocked.\nRead also\nPastor Kanyari Apologises after Entertaining Lady who Gifted Him Condoms in Church: \"I'm Sorry\"\n\"Mimi nimefanyia Mungu kazi for 30 years na sijawahi ona kitu kama hio. Hakuna mtu akoseangi, msichana alikosea na sikutaka kumpiga au kumtusi coz washirika wangempiga (I have worked for God for 30 years and have never seen anything like that. Nobody is perfect, the girl made a mistake, and I didn't want to hit or insult her because the congregation would have attacked her),\" he said.\nKanyari claimed it was the lady's first time at his church, and she was not saved.\n\"I'm sorry. Naomba msinisamehe kwa jambo lililotekea. Jambo kama hilo halitatokea tena, (Please forgive me for what happened. It will not happen again),\" he begged. Pastor Kanyari slams TikTokers On Sunday, May 19, 200 TikTokers attended the Salvation Healing Ministry church service; some are reported to have misbehaved.\nFaith gifted Kanyari a small package wrapped in a newspaper and asked him to unwrap it. Upon opening it, Kanyari, who was standing at the pulpit, showed the congregation three items: Kotex tampons, Arimis petroleum jelly and a packet of condoms. Faith also professed her love for the pastor, saying she was ready to settle with him.\nRead also\nWilliam Ruto Wows Kenyans after Unleashing His Romantic Side in US: \"Ukirudi Usiwache Kumshika Hivo\"\nKanyari went live on TikTok on the night of Tuesday, May 21, to clear the air claiming TikTokers disrespected him when they attended his church.\nPAY ATTENTION: check out news exactly for YOU ➡️ click on “Recommended for you” and enjoy!\nSource: TUKO.co.ke\nTags: Kenyan Pastors TikTok Hot: Maxine waters net worth Fetty wap net worth Belinda's boyfriend How to get a narcissist to chase you",
    "highlightText": "",
    "highlightTitle": "",
    "highlightThreadTitle": "",
    "language": "english",
    "sentiment": "negative",
    "categories": [
        "Social Issue",
        "Religion and Belief"
    ],
    "webz_reporter": false,
    "external_links": [
        "https://www.tiktok.com/@abenabw/video/7372291463914228998):",
        "https://tiktok.com/@abenabw/video/7372291463914228998):"
    ],
    "external_images": [],
    "entities": {
        "persons": [
            {
                "name": "kanyari",
                "sentiment": "negative"
            },
            {
                "name": "kanyari wails",
                "sentiment": "negative"
            },
            {
                "name": "niko chini ya",
                "sentiment": "none"
            },
            {
                "name": "tiktok",
                "sentiment": "none"
            },
            {
                "name": "unastahili kuabudiwa",
                "sentiment": "none"
            },
            {
                "name": "niko",
                "sentiment": "none"
            },
            {
                "name": "tiktoker faith peters",
                "sentiment": "none"
            }
        ],
        "organizations": [],
        "locations": []
    },
    "rating": null,
    "crawled": "2024-05-24T07:33:46.985+03:00",
    "updated": "2024-05-24T12:02:22.745+03:00"
}