{
    "thread": {
        "uuid": "64fa79a3626f9e67a7df479926f31aba23b805b9",
        "url": "https://okdiario.com/sucesos/banda-organizada-roba-mas-100-cristos-cementerios-tres-pueblos-castilla-mancha-12880273",
        "site_full": "okdiario.com",
        "site": "okdiario.com",
        "site_section": "https://okdiario.com",
        "site_categories": [
            "media",
            "top_news"
        ],
        "section_title": "Okdiario, el digital de Eduardo Inda",
        "title": "Una banda organizada roba más de 100 cristos en los cementerios de tres pueblos de Castilla-La Mancha",
        "title_full": "Una banda organizada roba más de 100 cristos en los cementerios de tres pueblos de Castilla-La Mancha",
        "published": "2024-05-24T13:52:00.000+03:00",
        "replies_count": 0,
        "participants_count": 1,
        "site_type": "news",
        "country": "ES",
        "main_image": "https://okdiario.com/img/2024/05/24/tumba_adaptada_1.jpg",
        "performance_score": 0,
        "domain_rank": 10755,
        "domain_rank_updated": "2024-05-21T13:07:53.000+03:00",
        "reach": null,
        "social": {
            "facebook": {
                "likes": 0,
                "comments": 0,
                "shares": 0
            },
            "gplus": {
                "shares": 0
            },
            "pinterest": {
                "shares": 0
            },
            "linkedin": {
                "shares": 0
            },
            "stumbledupon": {
                "shares": 0
            },
            "vk": {
                "shares": 0
            }
        }
    },
    "uuid": "64fa79a3626f9e67a7df479926f31aba23b805b9",
    "url": "https://okdiario.com/sucesos/banda-organizada-roba-mas-100-cristos-cementerios-tres-pueblos-castilla-mancha-12880273",
    "ord_in_thread": 0,
    "parent_url": null,
    "author": "@okdiario",
    "published": "2024-05-24T13:52:00.000+03:00",
    "title": "Una banda organizada roba más de 100 cristos en los cementerios de tres pueblos de Castilla-La Mancha",
    "text": "Una banda organizada roba más de 100 cristos en los cementerios de tres pueblos de Castilla-La Mancha La Guardia Civil está llevando a cabo la investigación para dar con los ladrones Una [banda organizada](https://okdiario.com/sucesos/detenidos-50-carteristas-banda-internacional-que-operaba-centro-madrid-12557892) ha robado más de 100 cristos en los cementerios de tres pueblos de [Castilla-La Mancha](https://okdiario.com/espana/page-desprecia-agricultor-castilla-mancha-reparte-hortalizas-italia-colegios-12620666): Cebolla, Malpica y Lucillos. En todas las localidades, el grupo criminal siguió la misma hoja de ruta: una furgoneta esperaba fuera del cementerio mientras los ladrones quitaban los cristos de las tumbas. Los hurtos comenzaron este martes. Ha sido en la mañana de este viernes, 24 de mayo, cuando varios vecinos de Cebolla han encontrado el [Campo Santo](https://okdiario.com/sociedad/cementerio-entrego-asturias-cierra-vecinos-no-pueden-honrar-sus-difuntos-12612041) desvalijado. Además, el teniente alcalde cebollano se ha apersonado al lugar de los hechos junto a la Guardia Civil para realizar el recuento de las 87 tumbas que han sido saqueadas. El día anterior se produjo otro robo en Lucillos, donde fueron [21 tumbas](https://okdiario.com/sucesos/profanan-decenas-tumbas-cementerio-valencia-robar-pertenencias-muertos-11439288) las perjudicadas. Silvia Fernández, una concejal del ayuntamiento de Lucillos, ha explicado a OKDIARIO que esta banda ha sido avistada por «varias personas», asegurando que, horas antes del acto, había una furgoneta blanca aparcada en las inmediaciones del lugar. Silvia también ha apuntado que la finalidad de estos robos es la «venta de las figuras», ya que están hechas de cobre y latón. La otra localidad donde se produjo el primer robo es Malpica, donde al igual que en Lucillos, la banda robo cerca de 25 Cristos de los nichos. Por su parte las autoridades continuan la investigación para dar con los ladrones, a la misma vez que los familiares de los fallecidos se van apersonando a los cuarteles de la [Guardia Civil](https://okdiario.com/andalucia/escandalo-academia-guardia-civil-baeza-grabaciones-alumnas-duchas-12864722) para poner la correspondiente denuncia. Los vecinos están consternados Por otro lado, los vecinos de las tres localidades se encuentran en estado de shock. OKDIARIO ha podido hablar, además, con Sara Gutiérrez Vallejo y con Trinidad Vallejo Carretero, residentes de la localidad de Cebolla, que se han visto afectadas por este hecho y han comentado lo siguiente: «Lo que han hecho estos bandidos es una herejía, son unos sinvergüenzas. Esto es un dolor muy grande». Además, las quejas contra la Policía por parte de estos familiares no han sido pocas, ya que destacan que «para lo que tienen que estar no hacen nada». Por su parte, Sara ha querido contar como ha vivido el momento en el que ha visto el saqueo: «Yo llegué esta mañana al cementerio y me encontré al teniente alcalde y a la Guardia Civil contando en cuantas tumbas habían robado (…) También han usado los cubos donde están las flores para transportar las figuras». Cuánto dinero han robado con los cristos Una de las incógnitas de la Guardia Civil es cuánto pueden obtener los ladrones por la venta de estas figuras, ya que, en su mayoría, los cristos de los cementerios afectados están cromados en bronce, que puede alcanzar los 3,40 euros por kilo. El otro material por el cual pueden obtener un gran beneficio por su venta es el latón, que se destaca por su propiedad duradera y resistente al óxido. El precio de este metal es de 2,90 euros por kilo. En cuanto a la pena que pueden sufrir los ladrones si son detenidos, el Código Penal establece en el artículo 526 lo siguiente: «El que, faltando al respeto debido a la memoria de los muertos, violare los sepulcros o sepulturas, profanare un cadáver o sus cenizas o, con ánimo de ultraje, destruyere, alterare o dañare las urnas funerarias, panteones, lápidas o nichos será castigado con la pena de prisión de tres a cinco meses o multa de seis a 10 meses».",
    "highlightText": "",
    "highlightTitle": "",
    "highlightThreadTitle": "",
    "language": "spanish",
    "sentiment": "negative",
    "categories": [
        "Religion and Belief",
        "Human Interest",
        "Crime, Law and Justice"
    ],
    "webz_reporter": false,
    "external_links": [],
    "external_images": [],
    "entities": {
        "persons": [],
        "organizations": [],
        "locations": []
    },
    "rating": null,
    "crawled": "2024-05-24T13:59:34.598+03:00",
    "updated": "2024-05-24T13:59:34.598+03:00"
}