{
    "thread": {
        "uuid": "60d8baf59275fc1a9c14e2f2a1c98b7778759e5d",
        "url": "https://www.informazione.it/a/53B9DB24-EC29-4C12-8BE6-B36830A14B69/Offende-i-nostri-valori-niente-Divina-Commedia-per-due-studenti-musulmani-Conte-Scelta-che-fatico-a-capire",
        "site_full": "www.informazione.it",
        "site": "informazione.it",
        "site_section": "https://www.informazione.it/interno",
        "site_categories": [
            "media"
        ],
        "section_title": "Notizie Interno - informazione.it",
        "title": "\"Offende i nostri valori\", niente Divina Commedia per due studenti musulmani. Conte: \"Scelta che fatico a capire\" (kqqv)",
        "title_full": "\"Offende i nostri valori\", niente Divina Commedia per due studenti musulmani. Conte: \"Scelta che fatico a capire\" (kqqv)",
        "published": "2024-05-24T12:30:00.000+03:00",
        "replies_count": 0,
        "participants_count": 1,
        "site_type": "news",
        "country": "IT",
        "main_image": "https://q8.informazione.it/pics/0cdaa409-20ed-4426-ac5f-ea4e6253780a.jpg",
        "performance_score": 0,
        "domain_rank": 88277,
        "domain_rank_updated": "2024-05-21T13:08:01.000+03:00",
        "reach": null,
        "social": {
            "facebook": {
                "likes": 0,
                "comments": 0,
                "shares": 0
            },
            "gplus": {
                "shares": 0
            },
            "pinterest": {
                "shares": 0
            },
            "linkedin": {
                "shares": 0
            },
            "stumbledupon": {
                "shares": 0
            },
            "vk": {
                "shares": 0
            }
        }
    },
    "uuid": "60d8baf59275fc1a9c14e2f2a1c98b7778759e5d",
    "url": "https://www.informazione.it/a/53B9DB24-EC29-4C12-8BE6-B36830A14B69/Offende-i-nostri-valori-niente-Divina-Commedia-per-due-studenti-musulmani-Conte-Scelta-che-fatico-a-capire",
    "ord_in_thread": 0,
    "parent_url": null,
    "author": "@infoitinterno",
    "published": "2024-05-24T12:30:00.000+03:00",
    "title": "\"Offende i nostri valori\", niente Divina Commedia per due studenti musulmani. Conte: \"Scelta che fatico a capire\" (kqqv)",
    "text": "\"Offende i nostri valori\", niente Divina Commedia per due studenti musulmani. Conte: \"Scelta che fatico a capire\" Niente Divina Commedia per due studenti musulmani di una scuola media di Treviso in quanto secondo i genitori “è un’opera che offende i valori musulmani”. La dirigente scolastica ha accettato la richiesta delle due famiglie e ai figli, al posto del capolavoro di Dante Alighieri, in un percorso di studi parallelo a loro dedicato, verrà insegnato il Decamerone di Boccaccio. Intervista a Mario Conte, sindaco di Treviso – Video di Simone Masetto “È una scelta che francamente fatico a capire – commenta il sindaco di Treviso Mario Conte –: studiare i nostri autori, la nostra storia e la nostra cultura non crea alcun tipo di problema né ai nostri ragazzi, né a quelli di culture diverse“. [(Qdpnews.it - notizie online dell'Alta Marca Trevigiana)](https://www.qdpnews.it/comuni/treviso/offende-i-nostri-valori-niente-divina-commedia-per-due-studenti-musulmani-conte-scelta-che-fatico-a-capire/) Su altri media Hanno chiesto l’esenzione per i loro figli, di fede musulmana, dallo studio a scuola della Divina Commedia di Dante: un testo offensivo per la religione islamica, a loro dire. [(La Stampa)](https://www.lastampa.it/cronaca/2024/05/24/news/alunni_musulmani_esentati_dallo_studio_di_dante_in_una_scuola_di_treviso_valditara_manda_gli_ispettori-14330423/) Trattandosi di un'opera a sfondo religioso in contrasto con la fede dei ragazzi. Salvini: \"Demenziale\" [(LAPRESSE)](https://www.lapresse.it/cronaca/2024/05/24/treviso-due-studenti-musulmani-esentati-da-lezione-su-divina-commedia/) Ansa [(Avvenire)](https://www.avvenire.it/attualita/pagine/niente-dante-per-due-studenti-musulmani) Dante Alighieri? Meglio di no. La professoressa, con vari anni di docenza alle spalle, ha deciso che possono essere esentati dal seguire le lezioni su Dante, trattandosi di un'opera a sfondo religioso, in contrasto con la fede dei due ragazzi. [(ilmessaggero.it)](https://www.ilmessaggero.it/italia/dante_studenti_musulmani_possono_non_studiarlo_scuola_treviso-8138145.html) Due giovani alunni di una scuola media della provincia di Treviso sono stati esentati dallo studio della Divina Commedia a causa del fatto che il capolavoro dantesco è stato classificato come opera a sfondo religioso e di conseguenza in contrasto con la loro fede e coi loro ideali: la richiesta dei genitori degli studenti protagonisti della vicenda è stata quindi recepita dall'istituto scolastico, che ha proposto il Boccaccio per sostituire il Sommo Poeta fiorentino. [(ilGiornale.it)](https://www.ilgiornale.it/news/cronaca-locale/offende-lislam-niente-divina-commedia-aula-cosa-successo-2325749.html) È accaduto a Treviso. Si tratta di due alunni di terza media. [(L'HuffPost)](https://www.huffingtonpost.it/cultura/2024/05/24/news/prof_di_treviso_esenta_due_studenti_musulmani_dalle_lezioni_sulla_divina_commedia-15974020/)",
    "highlightText": "",
    "highlightTitle": "",
    "highlightThreadTitle": "",
    "language": "italian",
    "sentiment": "negative",
    "categories": [
        "Religion and Belief"
    ],
    "webz_reporter": false,
    "external_links": [
        "https://www.ilmessaggero.it/italia/dante_studenti_musulmani_possono_non_studiarlo_scuola_treviso-8138145.html)",
        "https://www.ilgiornale.it/news/cronaca-locale/offende-lislam-niente-divina-commedia-aula-cosa-successo-2325749.html)",
        "https://www.lastampa.it/cronaca/2024/05/24/news/alunni_musulmani_esentati_dallo_studio_di_dante_in_una_scuola_di_treviso_valditara_manda_gli_ispettori-14330423/)",
        "https://www.avvenire.it/attualita/pagine/niente-dante-per-due-studenti-musulmani)",
        "https://www.qdpnews.it/comuni/treviso/offende-i-nostri-valori-niente-divina-commedia-per-due-studenti-musulmani-conte-scelta-che-fatico-a-capire/)",
        "https://www.lapresse.it/cronaca/2024/05/24/treviso-due-studenti-musulmani-esentati-da-lezione-su-divina-commedia/)",
        "https://www.huffingtonpost.it/cultura/2024/05/24/news/prof_di_treviso_esenta_due_studenti_musulmani_dalle_lezioni_sulla_divina_commedia-15974020/)",
        "https://lastampa.it/cronaca/2024/05/24/news/alunni_musulmani_esentati_dallo_studio_di_dante_in_una_scuola_di_treviso_valditara_manda_gli_ispettori-14330423/)",
        "https://ilmessaggero.it/italia/dante_studenti_musulmani_possono_non_studiarlo_scuola_treviso-8138145.html)",
        "https://ilgiornale.it/news/cronaca-locale/offende-lislam-niente-divina-commedia-aula-cosa-successo-2325749.html)",
        "https://avvenire.it/attualita/pagine/niente-dante-per-due-studenti-musulmani)",
        "https://lapresse.it/cronaca/2024/05/24/treviso-due-studenti-musulmani-esentati-da-lezione-su-divina-commedia/)",
        "https://huffingtonpost.it/cultura/2024/05/24/news/prof_di_treviso_esenta_due_studenti_musulmani_dalle_lezioni_sulla_divina_commedia-15974020/)",
        "https://qdpnews.it/comuni/treviso/offende-i-nostri-valori-niente-divina-commedia-per-due-studenti-musulmani-conte-scelta-che-fatico-a-capire/)"
    ],
    "external_images": [],
    "entities": {
        "persons": [],
        "organizations": [],
        "locations": []
    },
    "rating": null,
    "crawled": "2024-05-24T15:02:47.477+03:00",
    "updated": "2024-05-24T15:02:47.477+03:00"
}