{
    "thread": {
        "uuid": "0085994c9d9f55e603f0e58eb997e98f68fa9b7d",
        "url": "https://www.cmjornal.pt/portugal/detalhe/relacao-confirma-internamento-a-menor-que-aplicou-golpe-mata-leao-a-professora",
        "site_full": "www.cmjornal.pt",
        "site": "cmjornal.pt",
        "site_section": "http://www.correiodamanha.xl.pt",
        "site_categories": [
            "media",
            "top_news"
        ],
        "section_title": "Correio da Manhã: Portugal, Mundo, Sociedade, Cultura. Classificados.",
        "title": "Relação do Porto confirma internamento a menor que aplicou \"golpe mata-leão\" a professora - Portugal - Correio da Manhã",
        "title_full": "Relação do Porto confirma internamento a menor que aplicou \"golpe mata-leão\" a professora - Portugal - Correio da Manhã",
        "published": "2024-05-24T14:11:00.000+03:00",
        "replies_count": 0,
        "participants_count": 1,
        "site_type": "news",
        "country": "PT",
        "main_image": "https://cdn.cmjornal.pt/images/2023-08/img_1200x676$2023_08_13_18_06_38_1418268.jpg",
        "performance_score": 0,
        "domain_rank": 22494,
        "domain_rank_updated": "2024-05-21T13:07:53.000+03:00",
        "reach": null,
        "social": {
            "facebook": {
                "likes": 0,
                "comments": 0,
                "shares": 0
            },
            "gplus": {
                "shares": 0
            },
            "pinterest": {
                "shares": 0
            },
            "linkedin": {
                "shares": 0
            },
            "stumbledupon": {
                "shares": 0
            },
            "vk": {
                "shares": 0
            }
        }
    },
    "uuid": "0085994c9d9f55e603f0e58eb997e98f68fa9b7d",
    "url": "https://www.cmjornal.pt/portugal/detalhe/relacao-confirma-internamento-a-menor-que-aplicou-golpe-mata-leao-a-professora",
    "ord_in_thread": 0,
    "parent_url": null,
    "author": "Lusa",
    "published": "2024-05-24T14:11:00.000+03:00",
    "title": "Relação do Porto confirma internamento a menor que aplicou \"golpe mata-leão\" a professora - Portugal - Correio da Manhã",
    "text": "Padroeiro da Internet que morreu aos 15 anos vai ser o novo santo da Igreja Jovens que ganhem até 5800 euros por mês têm aval público para comprar casa Quem são as vítimas do desabamento de restaurante em Palma de Maiorca Grupo rapta e marca rapaz com ferro em brasa na Moita Letizia e Felipe VI já vivem separados. Saiba tudo aqui Descarrilamento do metro em Alvalade corta circulação na Linha Verde Mulher exige indemnização de 600 mil euros a ex-marido por \"danos causados pela frustração do casamento\" “Acordámos às 5h00”: Fãs chegaram cedo à Luz para garantir o melhor lugar na grande noite de Taylor Swift José Castelo Branco apanhado a sair de casa da amiga pela garagem Veja o vídeo da incrível festa \"Somos Todos Gamers\" com os convidados especiais Inês Aires Pereira fala da separação Zelensky planeia viagem a Lisboa na próxima semana O homem que queria matar André Ventura e o pânico no voo SQ321 Oficial: Xavi despedido do Barcelona Aprovado alargamento do IVA da eletricidade a 6% para 3,4 milhões de famílias Relação do Porto confirma internamento a menor que aplicou \"golpe mata-leão\" a professora Quer receber as últimas notícias no seu telemóvel ainda mais rápido? Siga aqui o ALERTA CM Relação do Porto confirma internamento a menor que aplicou \"golpe mata-leão\" a professora Juízes consideram que o jovem não mudou \"de comportamento\". Lusa 12:11 Relação do Porto FOTO: António Rilo O Tribunal da Relação do Porto (TRP) confirmou a medida de internamento em centro educativo de um rapaz de 15 anos que agrediu uma professora na sala de aula com um \"golpe mata-leão\". O acórdão, datado de 18 de abril e consultado esta sexta-feira pela Lusa, julgou improcedente o recurso apresentando pela defesa do menor, mantendo a decisão do Juízo de Família e Menores do Porto.\nA decisão surge na sequência de um processo tutelar educativo que foi instaurado ao menor pela prática de factos consubstanciadores de um crime de ofensa à integridade física qualificado, ocorridos em 17 de abril de 2023, durante uma aula de artes plásticas, na escola básica e secundária do Cerco, no Porto.\nO tribunal deu como provado que o menor levantou-se com outros colegas, circulando pela sala com desenhos que haviam efetuado nessa aula, \"em tom de gozo e de desafio à professora\", como se estivessem a encenar um desfile.\nNa sequência desse comportamento, a professora ordenou aos alunos que se sentassem, mas o menor não obedeceu e atacou a professora aplicando-lhe um \"golpe de mata-leão\", técnica que causa asfixia.\nAo ver-se manietada e sufocada, a professora desferiu um pontapé no rapaz, conseguindo que este se afastasse, e acionou um botão de chamada dos funcionários, para pedir auxílio, tendo então comparecido uma das auxiliares escolares, vindo o aluno a sair da sala de aula.\nRealizada audiência de discussão e julgamento, o Juízo de Família e Menores do Porto decidiu aplicar ao menor a medida tutelar de internamento em centro educativo na modalidade de regime aberto, pelo prazo de oito meses.\nInconformado com a decisão, o defensor do menor recorreu para a Relação do Porto a pedir a aplicação de medidas não institucionais, alegando que entre a data em que os factos foram praticados e a presente data já passou cerca de um ano, sem que o menor tenha qualquer tipo de incidente.\nNo entanto, os juízes desembargadores referem que o menor já foi sujeito a duas medidas não institucionais pela prática de ameaça agravada, em 2022, e ofensas à integridade física simples, em 2023, que \"não foram suficientes para o sensibilizar a mudar de comportamento\" e realçam a gravidade dos factos praticados, lembrando que um \"golpe de mata leão\" pode levar à morte.\n\"O menor não só revelou profundo desrespeito pela integridade física da professora, como por todo o sistema escolar ao atuar em tom de gozo e de desafio à professora, como se estivessem a encenar um desfile\", lê-se no acórdão.\nO TRP assinala ainda que o menor encontra-se a viver juntamente com uma irmã, de 10 anos, em casa da avó paterna, uma vez que os pais se encontram detidos na cadeia, acrescentando que a avó \"não tem qualquer ascendente sobre o menor, nem capacidade para lhe impor regras\".\nFace a esta ausência de apoio familiar para uma cultura de responsabilidade, o TRP concluiu que a medida de internamento \"afigura-se como a única em que ainda se pode depositar esperanças para que se logre educar o menor para uma inserção social responsável\".\nAlguns dias depois dos factos ocorridos na escola do Cerco, o Movimento de Professores pela Escola Pública promoveu um cordão humano em frente ao estabelecimento de ensino em protesto contra a violência no interior das escolas.\nNa ocasião, os responsáveis pelo movimento referiram que este era o terceiro episódio de violência a professores e auxiliares educativos neste agrupamento escolar, por parte de alunos e encarregados de educação, desde o início do ano letivo que estava em curso.",
    "highlightText": "",
    "highlightTitle": "",
    "highlightThreadTitle": "",
    "language": "portuguese",
    "sentiment": "negative",
    "categories": [
        "Religion and Belief",
        "Crime, Law and Justice"
    ],
    "webz_reporter": false,
    "external_links": [
        "https://www.vidas.pt/a-ferver/detalhe/letizia-e-felipe-vi-ja-vivem-separados-saiba-tudo-aqui?ref=Ultimas_DestaquesPrincipais",
        "https://whatsapp.com/channel/0029VaEc0mX2P59fYdyEV53o",
        "https://www.maxima.pt/beleza/detalhe/ha-uma-bebida-com-mais-beneficios-que-a-agua-parece-que-sim",
        "https://www.vidas.pt/a-ferver/detalhe/ines-aires-pereira-fala-da-separacao",
        "https://vidas.pt/a-ferver/detalhe/letizia-e-felipe-vi-ja-vivem-separados-saiba-tudo-aqui?ref=Ultimas_DestaquesPrincipais",
        "https://www.whatsapp.com/channel/0029VaEc0mX2P59fYdyEV53o",
        "https://maxima.pt/beleza/detalhe/ha-uma-bebida-com-mais-beneficios-que-a-agua-parece-que-sim",
        "https://vidas.pt/a-ferver/detalhe/ines-aires-pereira-fala-da-separacao",
        "https://www.vidas.pt/a-ferver/detalhe/letizia-e-felipe-vi-ja-vivem-separados-saiba-tudo-aqui"
    ],
    "external_images": [],
    "entities": {
        "persons": [],
        "organizations": [],
        "locations": []
    },
    "rating": null,
    "crawled": "2024-05-24T14:17:48.460+03:00",
    "updated": "2024-05-24T16:12:35.727+03:00"
}