{
    "thread": {
        "uuid": "6cb7af89a25d780343be61353603b3d3eec668c3",
        "url": "https://www.cronista.com/mexico/actualidad-mx/el-mensaje-clave-del-papa-francisco-a-quienes-no-creen-en-dios-tienen-una-importante-tarea-en-su-futuro",
        "site_full": "www.cronista.com",
        "site": "cronista.com",
        "site_section": "http://www.cronista.com",
        "site_categories": [
            "politics",
            "financial_news",
            "finance",
            "law_government_and_politics",
            "top_news"
        ],
        "section_title": "El Cronista",
        "title": "El MENSAJE CLAVE del Papa Francisco a quienes NO CREEN en DIOS: tienen una importante TAREA en su futuro - El Cronista",
        "title_full": "El MENSAJE CLAVE del Papa Francisco a quienes NO CREEN en DIOS: tienen una importante TAREA en su futuro - El Cronista",
        "published": "2024-05-25T00:50:00.000+03:00",
        "replies_count": 0,
        "participants_count": 1,
        "site_type": "news",
        "country": "AR",
        "main_image": "https://www.cronista.com/files/image/820/820794/6644d1bc65362_600_315!.jpg?s=e750a408f3f778a13862ea68a873abb0&d=1716463218",
        "performance_score": 0,
        "domain_rank": 12100,
        "domain_rank_updated": "2024-05-21T13:07:53.000+03:00",
        "reach": null,
        "social": {
            "facebook": {
                "likes": 0,
                "comments": 0,
                "shares": 0
            },
            "gplus": {
                "shares": 0
            },
            "pinterest": {
                "shares": 0
            },
            "linkedin": {
                "shares": 0
            },
            "stumbledupon": {
                "shares": 0
            },
            "vk": {
                "shares": 0
            }
        }
    },
    "uuid": "6cb7af89a25d780343be61353603b3d3eec668c3",
    "url": "https://www.cronista.com/mexico/actualidad-mx/el-mensaje-clave-del-papa-francisco-a-quienes-no-creen-en-dios-tienen-una-importante-tarea-en-su-futuro",
    "ord_in_thread": 0,
    "parent_url": null,
    "author": "@cronista",
    "published": "2024-05-25T00:50:00.000+03:00",
    "title": "El MENSAJE CLAVE del Papa Francisco a quienes NO CREEN en DIOS: tienen una importante TAREA en su futuro - El Cronista",
    "text": "El papa Francisco volvió a salir este viernes del Vaticano para acudir a una parroquia romana y reunirse con 80 niños y chicos que le hicieron algunas preguntas, y a uno de ellos, que confesó que no creía en Dios, le dijo: \"Nadie debe ser condenado si no cree\" .\nLo dice la Biblia: este es el planeta más cercano al trono de Dios según las antiguas escrituras\nAlerta máxima en el Vaticano: Mhoni Vidente predijo un atentado contra el Papa y otros líderes religiosos\nEsta visita del papa se enmarca en los eventos de la 'Escuela de Oración' , una iniciativa para la preparación al Jubileo de 2025 y que han llevado al papa a visitar algunas parroquias romanas.\nEl importante mensaje del papa Francisco a los no creyentes. Fuente: archivo Francisco llegó en la tarde del viernes a la parroquia de Santa Bernadette Soubirous, en el barrio de Colli Aniene, en Roma , y tras saludar a los vecinos que se habían congregado en el exterior, entró en la iglesia y respondió a las preguntas de los niños .\nTiziano preguntó al papa cómo entender la propia vocación . \"Cada uno de nosotros debemos plantearnos esta pregunta porque el Señor tiene un plan para cada uno de nosotros . Cada uno debe tratar de entender lo que el Señor quiere de nosotros y pedírselo \", dijo el papa y contó su experiencia de niño y de joven trabajador que ingresó en al seminario.\nEl consejo del Papa Francisco a los niños El papa luego destacó la necesidad de que los jóvenes nunca caminen solos y cultiven amistades. \"A veces podemos perdernos en los laberintos de la vida. Lo principal para salir de un momento oscuro es no caminar solo , porque solo pierdes la orientación. Es importante hablar de tu situación\", les aconsejó.\nA un niño que confesó que no cree en Dios , Francisco le recordó la importancia de ponerse en camino. \"Nadie debe ser condenado si no cree\" , observó.\nA los jóvenes les indicó la importancia de que se muevan \"por ideales\" y luego, hablando con un matrimonio joven, subrayó la preocupación por la disminución de la tasa de natalidad en Italia . Finalmente recordó que la Iglesia, para ser creíble, \"debe despojarse de toda mundanalidad\".\nFuente: EFE\nMás Videos",
    "highlightText": "",
    "highlightTitle": "",
    "highlightThreadTitle": "",
    "language": "spanish",
    "sentiment": "negative",
    "categories": [
        "Social Issue",
        "Religion and Belief",
        "Human Interest"
    ],
    "webz_reporter": false,
    "external_links": [
        "https://s1.dmcdn.net/v/WLlCI1cKE98mJQd78/x120",
        "https://geo.dailymotion.com/player/xt7m8.html?video=x8z153m",
        "https://geo.dailymotion.com/player/xt7m8.html",
        "https://www.s1.dmcdn.net/v/WLlCI1cKE98mJQd78/x120",
        "https://www.geo.dailymotion.com/player/xt7m8.html?video=x8z153m"
    ],
    "external_images": [],
    "entities": {
        "persons": [],
        "organizations": [],
        "locations": []
    },
    "rating": null,
    "crawled": "2024-05-25T01:19:14.492+03:00",
    "updated": "2024-05-25T01:19:14.492+03:00"
}