{
    "thread": {
        "uuid": "74b40f954690163953389d2f8ad7c313e63dc11e",
        "url": "https://obituaries.joplinglobe.com/obituary/ernest-cowan-1089812614",
        "site_full": "obituaries.joplinglobe.com",
        "site": "joplinglobe.com",
        "site_section": "https://obituaries.joplinglobe.com/rss.xml",
        "site_categories": [
            "hobbies_and_interests",
            "genealogy"
        ],
        "section_title": "The Joplin Globe: All Categories",
        "title": "Cowan, Ernest",
        "title_full": "Cowan, Ernest",
        "published": "2024-05-24T01:00:00.000+03:00",
        "replies_count": 0,
        "participants_count": 0,
        "site_type": "news",
        "country": "US",
        "main_image": "",
        "performance_score": 0,
        "domain_rank": 21835,
        "domain_rank_updated": "2024-05-21T13:07:53.000+03:00",
        "reach": null,
        "social": {
            "facebook": {
                "likes": 0,
                "comments": 0,
                "shares": 0
            },
            "gplus": {
                "shares": 0
            },
            "pinterest": {
                "shares": 0
            },
            "linkedin": {
                "shares": 0
            },
            "stumbledupon": {
                "shares": 0
            },
            "vk": {
                "shares": 0
            }
        }
    },
    "uuid": "74b40f954690163953389d2f8ad7c313e63dc11e",
    "url": "https://obituaries.joplinglobe.com/obituary/ernest-cowan-1089812614",
    "ord_in_thread": 0,
    "parent_url": null,
    "author": null,
    "published": "2024-05-24T01:00:00.000+03:00",
    "title": "Cowan, Ernest",
    "text": "Ernest Eugene \"Ernie\" Cowan, 93, a resident of Harrison, was called home to be with his Lord and Savior on Tuesday, May 21, 2024, at Countryside at Rock Springs in Harrison.\nErnie was born on September 6, 1930, in Harrison, to Mark Binkley and Cora Belle Young Cowan. He attended school at Grubb Springs and Harrison High. He served in the United States Army during the Korean War, stationed in Fairbanks, Alaska. Ernie met the love of his life, Dolly Gibson, and they were married on May 24, 1958, at Joplin, Missouri. They had two sons, Stacey and Tracy. Ernie worked for Rocketdyne, Lockheed and Alltel Telephone of Harrison where he retired. Ernie and Dolly traveled the US and spent 25 years as snowbirds in south Texas. While at home, he grew apples in his orchard of 400+ trees and always had a big garden. Ernie was a Sunday school teacher and active member at Grubb Springs Baptist Church. He enjoyed wood working, HAM radio, spending time with his family, and was a 32 Degree Mason. He was preceded in death by his parents and his siblings, Elizabeth Ruth, Arlis Lee, Carl Dee, Lonnie Dennis, Earl Joseph, Olin Price, Mark Binkley Jr., James Leroy, and Betty Frances.\nErnie is survived by his wife of 65, almost 66 years, Dolly Cowan of Harrison; two sons, Stacey Mark Cowan, and his wife, Vicky, of Ennis, Texas and Tracy Lee Cowan, and his wife, Pat, of Midland, Texas; his four grandchildren, LeTara (Eric) Sgroi, Stacey (Vanessa) Cowan, Brandon Cowan, and Kacey Cowan; four great-grandchildren, AdaLynn Cowan, Ryan Cowan, Oliver Sgroi and Owen Sgroi; and other relatives and friends.\nThe funeral will be held at 10 a.m. on Tuesday, May 28, 2024, at Grubb Springs Baptist Church, with Pastor Bill Beach officiating. Burial with military honors provided by the United States Army, will be in Grubb Springs Cemetery under the direction of Holt Memorial Chapel.\nPallbearers will be Brandon Cowan, Stacey Cowan, Joe Terry, Gene Moore, David Cowan, and Bo Phillips.\nVisitation will be from 6 to 8 p.m. on Monday, May 27th, at the funeral home.\nMemorials may be made to Grubb Springs Baptist Church, Post Office Box 86, Harrison, Arkansas 72602.\nThe online obituary and guestbook are available at www.HoltChapel.com.\nIn Memory of ErnestWhen ErnestHow\nIn Memory of Ernest\n tree?oId=31602531&source=TRR_FT_V1&cn=Death+Notices&bn=AdPerfect+- tree?oId=31602531&source=TRR_FT_V1&cn=Death+Notices&bn=AdPerfect+- ",
    "highlightText": "",
    "highlightTitle": "",
    "highlightThreadTitle": "",
    "language": "english",
    "sentiment": "negative",
    "categories": [
        "Religion and Belief",
        "Human Interest"
    ],
    "webz_reporter": false,
    "external_links": [],
    "external_images": [],
    "entities": {
        "persons": [
            {
                "name": "harrison",
                "sentiment": "negative"
            },
            {
                "name": "sav",
                "sentiment": "negative"
            },
            {
                "name": "cowan",
                "sentiment": "negative"
            },
            {
                "name": "ernest ernest eugene \"ernie\" cowan",
                "sentiment": "neutral"
            },
            {
                "name": "dolly gibson",
                "sentiment": "none"
            },
            {
                "name": "stacey",
                "sentiment": "none"
            },
            {
                "name": "arlis lee",
                "sentiment": "none"
            },
            {
                "name": "carl dee",
                "sentiment": "none"
            },
            {
                "name": "tracy",
                "sentiment": "none"
            },
            {
                "name": "elizabeth ruth",
                "sentiment": "none"
            },
            {
                "name": "joplin",
                "sentiment": "none"
            },
            {
                "name": "lonnie denni",
                "sentiment": "none"
            },
            {
                "name": "mason",
                "sentiment": "none"
            },
            {
                "name": "mark binkley",
                "sentiment": "none"
            },
            {
                "name": "ernie",
                "sentiment": "none"
            },
            {
                "name": "dolly",
                "sentiment": "none"
            },
            {
                "name": "cora belle young cowan",
                "sentiment": "none"
            }
        ],
        "organizations": [
            {
                "name": "grubb springs baptist church",
                "sentiment": "none"
            },
            {
                "name": "lockheed",
                "sentiment": "none"
            },
            {
                "name": "united states army",
                "sentiment": "none"
            },
            {
                "name": "rocketdyne",
                "sentiment": "none"
            },
            {
                "name": "alltel telephone of harrison",
                "sentiment": "none"
            }
        ],
        "locations": [
            {
                "name": "harrison",
                "sentiment": "none"
            },
            {
                "name": "texas",
                "sentiment": "none"
            },
            {
                "name": "missouri",
                "sentiment": "none"
            },
            {
                "name": "rock springs",
                "sentiment": "none"
            },
            {
                "name": "grubb springs",
                "sentiment": "none"
            },
            {
                "name": "alaska",
                "sentiment": "none"
            },
            {
                "name": "us",
                "sentiment": "none"
            }
        ]
    },
    "rating": null,
    "crawled": "2024-05-24T11:24:44.704+03:00",
    "updated": "2024-05-24T11:24:44.704+03:00"
}