{
    "thread": {
        "uuid": "8ea192903328d3f8423ad2346eb0b7b9d2c23e7b",
        "url": "https://beforeitsnews.com/alternative/2024/05/the-joos-and-their-lies-video-3814443.html",
        "site_full": "beforeitsnews.com",
        "site": "beforeitsnews.com",
        "site_section": "https://beforeitsnews.com/",
        "site_categories": [
            "media",
            "non_standard_content"
        ],
        "section_title": "Before It's News | People Powered News",
        "title": "The JOOS and Their LIES (Video) | Alternative | Before It's News",
        "title_full": "The JOOS and Their LIES (Video) | Alternative | Before It's News",
        "published": "2024-05-24T10:54:00.000+03:00",
        "replies_count": 0,
        "participants_count": 1,
        "site_type": "news",
        "country": "US",
        "main_image": "https://i.imgflip.com/8r9000.jpg",
        "performance_score": 0,
        "domain_rank": 5615,
        "domain_rank_updated": "2024-05-21T13:07:53.000+03:00",
        "reach": null,
        "social": {
            "facebook": {
                "likes": 0,
                "comments": 0,
                "shares": 1
            },
            "gplus": {
                "shares": 0
            },
            "pinterest": {
                "shares": 0
            },
            "linkedin": {
                "shares": 0
            },
            "stumbledupon": {
                "shares": 0
            },
            "vk": {
                "shares": 0
            }
        }
    },
    "uuid": "8ea192903328d3f8423ad2346eb0b7b9d2c23e7b",
    "url": "https://beforeitsnews.com/alternative/2024/05/the-joos-and-their-lies-video-3814443.html",
    "ord_in_thread": 0,
    "parent_url": null,
    "author": "@beforeitsnews",
    "published": "2024-05-24T10:54:00.000+03:00",
    "title": "The JOOS and Their LIES (Video) | Alternative | Before It's News",
    "text": "The JOOS and Their LIES (Video) by [N.Morgan](/v3/contributor/stories/?uid=30080) (Turn off VPN, as it can block certain videos, like Rumble) When the government’s boot is on your throat, whether it’s a left boot or a right boot is of no consequence. In this report, [SonOfEnos](https://www.bitchute.com/channel/sonofenos/) is exposing the Zionist Controlled Government while calling for extreme accountability. This is an important video that you’re not gonna want to miss. [Stories Contributed by N. Morgan](/v3/contributor/stories/?uid=30080) Anyone can [join](/v3/login/new/). Anyone can contribute. Anyone can become informed about their world. \"United We Stand\" [Click Here](/v3/login/new/)To Create Your Personal [Citizen Journalist](/v3/login/new/)Account Today, Be Sure To Invite Your Friends. Please Help Support BeforeitsNews by trying our Natural Health Products below! Order by Phone at 888-809-8385 or online at [https://mitocopper.com](https://mitocopper.com/) M - F 9am to 5pm EST Order by Phone at 866-388-7003 or online at [https://www.herbanomic.com](https://www.herbanomic.com/) M - F 9am to 5pm EST Order by Phone at 866-388-7003 or online at [https://www.herbanomics.com](https://herbanomics.com/) M - F 9am to 5pm EST [Humic & Fulvic](https://www.herbanomics.com) Trace Minerals Complex - Nature's most important supplement! Vivid Dreams again! [HNEX HydroNano EXtracellular Water](https://www.herbanomics.com) - Improve immune system health and reduce inflammation. [Ultimate Clinical Potency Curcumin](https://mitocopper.com/product/ultracur-bioavailable-curcumin-complex/) - Natural pain relief, reduce inflammation and so much more. [MitoCopper](https://mitocopper.com/product/mitoactivator-extra-strength-60-capsules/) - Bioavailable Copper destroys pathogens and gives you more energy. (See Blood Video) [Oxy Powder](https://mitocopper.com/product/oxy-powder-natural-colon-cleanser-60-capsules/) - Natural Colon Cleanser! Cleans out toxic buildup with oxygen! [Nascent Iodine](https://herbanomics.com/products/detoxadine-organic-iodine-supplement) - Promotes detoxification, mental focus and thyroid health. [Smart Meter Cover](https://mitocopper.com/product/emf-blocking-smart-meter-cover/) - Reduces Smart Meter radiation by 96%! (See Video). Comments - Your infiltrated Congress where most so called representatives have a duel citizenship with Israel. 1% of the population into 90+% positions of power within our Country. A statistical impossibility never spoken about because the truth is just too painful to except. To be clear the US fell to a CIA lead coup November of 1963 and since that date your vote has never been counted and your permission never sought. You are nothing but a walking talking wallet for these inbred monsters. Every year you fork over 50% of what you earn. Mind you, without anyone holding a gun to your heads. Seriously how dumbed down have you all become? We know you have collectively lost your balls years ago. So keep doing nothing and hope for the best. That has served you so well over the last 60 years. - Islamic cleric says he accepts Jesus? You need to learn about real lies codified in Islam: look up Takia and Kitman, “infidel dog”. “Insane YAHWEH laws”? Like 10 commandments? The “fake Jews? Then who are the real Jews? Must be the “PHalestinians”, right? Like Yasser Arafat? Who also known as Mohammed Abdel Rahman Abdel Raouf Arafat al-Qudwa al-Husseini, born August 24, 1929, Cairo, Egypt. Oh, about really crazy eschatology: do some reading about the Islamic messiah, the 12th Imam, Mahdi, and the Islamic Jesus (Isa). Read “The Islamic Antichrist…” by Joel Richardson “Richardson’s revelations will stun readers who are unaware of the similarities between the Antichrist and the Islam’s expectations about a returning Jesus.” I think you are working your way towards Armageddon without clear understanding what you are doing. For the brainwashed idiots: “O believers! Take neither Jews nor Christians as guardians—they are guardians of each other.1 Whoever does so will be counted as one of them. Surely Allah does not guide the wrongdoing people.” –Surah Al-Ma’idah – 51 – Quran.com Oh, and a clip of Nataniahy with the fake translation doesn’t add you credibility.",
    "highlightText": "",
    "highlightTitle": "",
    "highlightThreadTitle": "",
    "language": "english",
    "sentiment": "negative",
    "categories": [
        "Social Issue",
        "Religion and Belief",
        "Human Interest"
    ],
    "webz_reporter": false,
    "external_links": [
        "https://mitocopper.com/)",
        "https://mitocopper.com/product/mitoactivator-extra-strength-60-capsules/)",
        "https://www.herbanomic.com/)",
        "https://herbanomics.com/products/detoxadine-organic-iodine-supplement)",
        "https://www.herbanomics.com)",
        "https://mitocopper.com",
        "https://www.herbanomic.com",
        "https://herbanomics.com/)",
        "https://mitocopper.com/product/ultracur-bioavailable-curcumin-complex/)",
        "https://www.bitchute.com/channel/sonofenos/)",
        "https://mitocopper.com/product/emf-blocking-smart-meter-cover/)",
        "https://www.herbanomics.com",
        "https://mitocopper.com/product/oxy-powder-natural-colon-cleanser-60-capsules/)",
        "https://www.mitocopper.com/product/mitoactivator-extra-strength-60-capsules/)",
        "https://www.mitocopper.com",
        "https://www.herbanomics.com/)",
        "https://www.mitocopper.com/product/emf-blocking-smart-meter-cover/)",
        "https://herbanomic.com",
        "https://www.mitocopper.com/product/ultracur-bioavailable-curcumin-complex/)",
        "https://herbanomic.com/)",
        "https://www.herbanomics.com/products/detoxadine-organic-iodine-supplement)",
        "https://herbanomics.com",
        "https://www.mitocopper.com/product/oxy-powder-natural-colon-cleanser-60-capsules/)",
        "https://www.mitocopper.com/)",
        "https://bitchute.com/channel/sonofenos/)",
        "https://herbanomics.com)"
    ],
    "external_images": [],
    "entities": {
        "persons": [
            {
                "name": "n. morgan",
                "sentiment": "none"
            }
        ],
        "organizations": [
            {
                "name": "joos",
                "sentiment": "negative"
            }
        ],
        "locations": []
    },
    "rating": null,
    "crawled": "2024-05-24T13:10:00.081+03:00",
    "updated": "2024-05-25T03:18:33.740+03:00"
}