{
    "thread": {
        "uuid": "12b4a028e287a456bb33c464f14b4baff57363cd",
        "url": "https://www.otempo.com.br/brasil/2024/5/24/cerca-de-1-843-locais-de-culto-foram-afetados-pelas-enchentes-no",
        "site_full": "www.otempo.com.br",
        "site": "otempo.com.br",
        "site_section": "https://www.otempo.com.br/brasilia",
        "site_categories": [
            "media",
            "top_news"
        ],
        "section_title": "Brasília | As principais notícias de política, trânsito e cotidiano da Capital Federal | O Tempo",
        "title": "Cerca de 1.843 locais de culto foram afetados pelas enchentes no Rio Grande do Sul, aponta Fiocruz | O Tempo",
        "title_full": "Cerca de 1.843 locais de culto foram afetados pelas enchentes no Rio Grande do Sul, aponta Fiocruz | O Tempo",
        "published": "2024-05-24T15:32:00.000+03:00",
        "replies_count": 0,
        "participants_count": 1,
        "site_type": "news",
        "country": "BR",
        "main_image": "https://www.otempo.com.br/content/dam/otempo/editorias/brasil/2024/5/brasil-igreja-evang-lica-no-rio-grande-do-sul--rs--1716507087.jpeg",
        "performance_score": 0,
        "domain_rank": 19542,
        "domain_rank_updated": "2024-05-21T13:07:53.000+03:00",
        "reach": null,
        "social": {
            "facebook": {
                "likes": 0,
                "comments": 0,
                "shares": 0
            },
            "gplus": {
                "shares": 0
            },
            "pinterest": {
                "shares": 0
            },
            "linkedin": {
                "shares": 0
            },
            "stumbledupon": {
                "shares": 0
            },
            "vk": {
                "shares": 0
            }
        }
    },
    "uuid": "12b4a028e287a456bb33c464f14b4baff57363cd",
    "url": "https://www.otempo.com.br/brasil/2024/5/24/cerca-de-1-843-locais-de-culto-foram-afetados-pelas-enchentes-no",
    "ord_in_thread": 0,
    "parent_url": null,
    "author": "@nomeusuario",
    "published": "2024-05-24T15:32:00.000+03:00",
    "title": "Cerca de 1.843 locais de culto foram afetados pelas enchentes no Rio Grande do Sul, aponta Fiocruz | O Tempo",
    "text": "Igrejas evangélicas e católicas, centros espíritas, terreiros de umbandas. Quando falamos em religiosidade, também pensamos nos espaços físicos onde acontecem esse exercício de fé e de conexão com a espiritualidade. Além de residências, escolas e órgãos públicos, relatório divulgado pela Fiocruz revelou que 1.843 locais de culto foram afetados pelas enchentes do rio Guaíba, no Rio Grande do Sul, perturbando significativamente as atividades comunitárias. Para Nina Rosas, professora do Departamento de Sociologia da Universidade Federal de Minas Gerais (UFMG), a perda desses locais pode dificultar ainda mais o processo de reconstrução dessas comunidades. “A espiritualidade até pode ser pensada como algo imaterial, mas uma igreja, centro espírita ou terreiro são lugares que materializam essas crenças. Ou seja, são neles que as pessoas realizam suas festividades, batismo, guardam suas imagens. A religião ajuda a organizar a existência de muitas pessoas e, quando elas perdem esses espaços, também há perda de parte da identidade”, afirma. Além de ritos religiosos, esses locais também guardam a história e a cultura de um povo. “Um bom exemplo disso são as religiões de matriz africana, que usam esses lugares como espaços de resistência de uma comunidade negra e que guardam elementos da história de um povo e de suas habilidades”, diz. Outras vezes, esses locais vão além da sua função espiritual e, em momentos de catástrofe, quem depende desses espaços se torna ainda mais vulnerável. “Precisamos pensar que muitos desses locais também funcionavam como rede de apoio antes da catástrofe - principalmente para as pessoas mais necessitadas. Quando uma igreja ou terreiro é afetado por uma catástrofe, essas pessoas não perdem apenas um espaço religioso, mas também um lugar onde se buscava alimentos, apoio emocional e outros tipos de ajuda”, explica. Justamente por isso, ela aponta que, neste momento, “o mais correto é focar em ações que atendam as necessidades consideradas mais urgentes, como moradia, proteção às crianças, itens básicos de higiene e alimentação”. Mas, futuramente, ela considera essencial que o poder público pense na recuperação desses espaços que foram destruídos pelas chuvas. “Mesmo que esses espaços físicos não possam ser retomados como eram antes da tragédia, é recomendável que haja um processo de recuperação das memórias perdidas nos desastres. Esses locais guardavam o patrimônio cultural, bens simbólicos, produções de pessoas da comunidade que já faleceram. É um resgate da cultura e isso é fundamental para a existência humana”, diz. Ela acredita, inclusive, que os próprios atores dessas comunidades religiosas possam desempenhar um papel importante neste processo. “Dentro da cultura brasileira, a religião é um aspecto fundamental da nossa identidade. Por ser uma expressão tão legítima, as lideranças religiosas têm um papel crucial junto ao poder público para promover essa reconstrução”, aponta.",
    "highlightText": "",
    "highlightTitle": "",
    "highlightThreadTitle": "",
    "language": "portuguese",
    "sentiment": "negative",
    "categories": [
        "Religion and Belief",
        "Disaster and Accident"
    ],
    "webz_reporter": false,
    "external_links": [],
    "external_images": [],
    "entities": {
        "persons": [],
        "organizations": [],
        "locations": []
    },
    "rating": null,
    "crawled": "2024-05-24T16:42:26.304+03:00",
    "updated": "2024-05-24T16:42:26.304+03:00"
}