{
    "thread": {
        "uuid": "37d19f4240c2e42584a8db79884d5830df61dbe6",
        "url": "https://www.vaticannews.va/es/iglesia/news/2024-05/san-salvador-chora-se-convierte-mezquita-comece-golpe-dialogo.html",
        "site_full": "www.vaticannews.va",
        "site": "vaticannews.va",
        "site_section": "https://www.vaticannews.va/es.rss.xml",
        "site_categories": [
            "uncategorized"
        ],
        "section_title": "\n            ",
        "title": "Turquía, San Salvador de Chora ahora mezquita. Comece: Golpe al diálogo",
        "title_full": "Turquía, San Salvador de Chora ahora mezquita. Comece: Golpe al diálogo",
        "published": "2024-05-24T14:16:00.000+03:00",
        "replies_count": 0,
        "participants_count": 1,
        "site_type": "news",
        "country": "BR",
        "main_image": "https://www.vaticannews.va/content/dam/vaticannews/agenzie/images/reuters/2024/05/10/13/1715338952601.JPG/_jcr_content/renditions/cq5dam.thumbnail.cropped.1500.844.jpeg",
        "performance_score": 0,
        "domain_rank": 2823,
        "domain_rank_updated": "2024-05-21T13:07:53.000+03:00",
        "reach": null,
        "social": {
            "facebook": {
                "likes": 1,
                "comments": 0,
                "shares": 2
            },
            "gplus": {
                "shares": 0
            },
            "pinterest": {
                "shares": 0
            },
            "linkedin": {
                "shares": 0
            },
            "stumbledupon": {
                "shares": 0
            },
            "vk": {
                "shares": 0
            }
        }
    },
    "uuid": "37d19f4240c2e42584a8db79884d5830df61dbe6",
    "url": "https://www.vaticannews.va/es/iglesia/news/2024-05/san-salvador-chora-se-convierte-mezquita-comece-golpe-dialogo.html",
    "ord_in_thread": 0,
    "parent_url": null,
    "author": "Vatican News",
    "published": "2024-05-24T14:16:00.000+03:00",
    "title": "Turquía, San Salvador de Chora ahora mezquita. Comece: Golpe al diálogo",
    "text": "Turquía, San Salvador de Chora ahora mezquita. Comece: Golpe al diálogo\nVatican News\nDespués de Santa Sofía, otra histórica iglesia bizantina de Estambul, utilizada como museo durante los últimos 79 años, se ha convertido en mezquita. Se trata de la antigua iglesia de San Salvador en Chora, conocida en todo el mundo por sus frescos y mosaicos sin igual. En una nota hecha pública ayer, jueves 23 de mayo, la Comisión de las Conferencias Episcopales de la Unión Europea (COMECE) comenta con pesar la decisión de las autoridades turcas: «Se trata de un paso más en la dilución de las raíces históricas de la presencia cristiana en el país, y es una decisión lamentable que hará más difícil la convivencia religiosa. Con esta acción, cualquier iniciativa de diálogo interreligioso promovida por las autoridades del país perderá inevitablemente credibilidad», afirma el padre Manuel Barrios Prieto, secretario general de la COMECE.\nEmblema del cristianismo oriental\nCuatro años después de la conversión de Santa Sofía en mezquita, la simbólica iglesia de San Salvador de Chora, en Estambul, sigue el mismo camino. El presidente turco, Recep Tayyip Erdoğan, ya había abierto formalmente el templo cristiano ortodoxo bizantino al culto islámico a principios de mayo de 2024. La iglesia del siglo IV es un emblema del cristianismo oriental y un recuerdo vivo de la presencia histórica de los cristianos en el país. El templo forma parte del Patrimonio Cultural de la Humanidad de la Unesco y ha funcionado como museo durante décadas.\nEl cambio de estatus de Santa Sofía\nEn julio de 2020, la COMECE comentó el cambio de estatus del monumento Patrimonio de la Humanidad Santa Sofía de museo a templo musulmán, considerándolo «un golpe al diálogo interreligioso». En esa ocasión, las Conferencias Episcopales de Europa también hicieron hincapié en el «grave problema» de Turquía con los discursos de odio y las amenazas dirigidas a las minorías nacionales, étnicas y religiosas.\nGracias por haber leído este artículo. Si desea mantenerse actualizado, suscríbase al boletín\n[ pulsando aquí](/es/inscripcion-boletin-de-noticias.html)",
    "highlightText": "",
    "highlightTitle": "",
    "highlightThreadTitle": "",
    "language": "spanish",
    "sentiment": "negative",
    "categories": [
        "Arts, Culture and Entertainment",
        "Religion and Belief"
    ],
    "webz_reporter": false,
    "external_links": [],
    "external_images": [],
    "entities": {
        "persons": [],
        "organizations": [],
        "locations": []
    },
    "rating": null,
    "crawled": "2024-05-24T16:13:49.068+03:00",
    "updated": "2024-05-24T16:13:49.068+03:00"
}