{
    "thread": {
        "uuid": "61c155f5d1325ebc299b321d2600b298ff2c4c9a",
        "url": "https://www.levante-emv.com/sucesos/2024/05/24/absuelto-cura-diocesis-plasencia-acusado-102834079.html",
        "site_full": "www.levante-emv.com",
        "site": "levante-emv.com",
        "site_section": "https://www.levante-emv.com/elementosInt/rss/10",
        "site_categories": [
            "non_standard_content",
            "adult"
        ],
        "section_title": "Levante-EMV - Sucesos",
        "title": "Absuelto el cura de la diócesis de Plasencia acusado de agresión sexual",
        "title_full": "Absuelto el cura de la diócesis de Plasencia acusado de agresión sexual",
        "published": "2024-05-24T11:57:00.000+03:00",
        "replies_count": 0,
        "participants_count": 1,
        "site_type": "news",
        "country": "ES",
        "main_image": "https://estaticos-cdn.prensaiberica.es/clip/a263ca6a-ad96-4814-a5ce-1e0021b60aa2_16-9-discover-aspect-ratio_default_0.jpg",
        "performance_score": 0,
        "domain_rank": 11426,
        "domain_rank_updated": "2024-05-21T13:07:53.000+03:00",
        "reach": null,
        "social": {
            "facebook": {
                "likes": 0,
                "comments": 0,
                "shares": 0
            },
            "gplus": {
                "shares": 0
            },
            "pinterest": {
                "shares": 0
            },
            "linkedin": {
                "shares": 0
            },
            "stumbledupon": {
                "shares": 0
            },
            "vk": {
                "shares": 0
            }
        }
    },
    "uuid": "61c155f5d1325ebc299b321d2600b298ff2c4c9a",
    "url": "https://www.levante-emv.com/sucesos/2024/05/24/absuelto-cura-diocesis-plasencia-acusado-102834079.html",
    "ord_in_thread": 0,
    "parent_url": null,
    "author": "Raquel Rodríguez Muñoz",
    "published": "2024-05-24T11:57:00.000+03:00",
    "title": "Absuelto el cura de la diócesis de Plasencia acusado de agresión sexual",
    "text": "Cáceres\nAbsuelto el cura de la diócesis de Plasencia acusado de agresión sexual\nEl Obispado \"se congratula del fallo judicial y seguirá trabajando en pro de la transparencia y la prevención y erradicación de cualquier situación de esta índole\"\nEl fallo del juzgado de lo Penal 2 de Salamanca se puede recurrir\nRaquel Rodríguez Muñoz\nEl párroco de la iglesia de la diócesis de Plasencia Santa María de Béjar, acusado de un delito de\n[agresión sexual](/tags/agresion-sexual/) contra un adulto, ha sido absuelto. Así lo ha comunicado este viernes el Obispado placentino.\nSegún explica, la sentencia, del juzgado de lo Penal número 2 de Salamanca y que según el Obispado no puede facilitar, se ha hecho pública este jueves y, aunque se puede recurrir, la diócesis \"se congratula del fallo judicial y seguirá trabajando en pro de la transparencia y la prevención y erradicación de cualquier situación de esta índole\".\nAdemás, ha pedido \"respeto a todas las personas implicadas\".\nCon la absolución, el juzgado ha fallado en contra de la petición del Ministerio Fiscal, que había solicitado una pena de un año de prisión. Además, señalaba al Obispado como responsable subsidiario y pedía que, junto con el acusado, indemnizara a la víctima con 43 euros por las lesiones que provocó a un joven de 25 años.\nSegún el relato de la Fiscalía, el párroco, actualmente de 60 años y sin antecedentes penales, organizó el 17 de junio de 2023 una comida con otro párroco, el sobrino de este de 25 años y otro joven. Tanto durante el almuerzo, como después en la iglesia, comenzó a mostrar comportamientos sexuales inadecuados.\nEn el juicio y, según recogía La Gaceta de Salamanca, el cura afirmó que solo tuvo gestos de cercanía y amabilidad con el joven.\nTras conocerse la apertura del juicio oral, el Obispado envió un comunicado en el que explicaba que, \"desde el momento en que se obtuvo noticia de los hechos, se adoptaron las pertinentes medidas canónicas en consonancia con las disposiciones y medidas cautelares tomadas por la Justicia y con el absoluto respeto a la presunción de inocencia, asumiendo la diócesis en todo momento su papel de responsable subsidiaria\".\nAdemás, apuntaba que, \"de nuevo\" es \"un hecho que nos entristece\" y esperaba \"el total esclarecimiento de los hechos y la resolución final de la Justicia. Rogamos prudencia y respeto a todas las personas implicadas\".\n ",
    "highlightText": "",
    "highlightTitle": "",
    "highlightThreadTitle": "",
    "language": "spanish",
    "sentiment": "negative",
    "categories": [
        "Religion and Belief",
        "Human Interest",
        "Crime, Law and Justice"
    ],
    "webz_reporter": false,
    "external_links": [],
    "external_images": [],
    "entities": {
        "persons": [],
        "organizations": [],
        "locations": []
    },
    "rating": null,
    "crawled": "2024-05-24T16:13:17.374+03:00",
    "updated": "2024-05-24T16:13:17.374+03:00"
}