{
    "thread": {
        "uuid": "1ba259fed33880554da30dcd2aae9b89b22bd5f0",
        "url": "https://animalpolitico.com/estados/obispo-salvador-rangel-reaparece-en-misa-fiscalia-insiste-en-secuestro?fbclid=IwZXh0bgNhZW0CMTEAAR2iRfx97Pnu5NO7SZVt7to0RwpPrjd6jyd9IGbWqjUWNgzYJqnbhd2ULRw_aem_ZmFrZWR1bW15MTZieXRlcw",
        "site_full": "animalpolitico.com",
        "site": "animalpolitico.com",
        "site_section": "https://www.animalpolitico.com/estados",
        "site_categories": [
            "top_news"
        ],
        "section_title": "Animal Politico - Estados",
        "title": "Obispo Salvador Rangel reaparece en misa; fiscalía insiste en hipótesis de secuestro e identificó a un presunto responsable",
        "title_full": "Obispo Salvador Rangel reaparece en misa; fiscalía insiste en hipótesis de secuestro e identificó a un presunto responsable",
        "published": "2024-05-23T03:00:00.000+03:00",
        "replies_count": 0,
        "participants_count": 1,
        "site_type": "news",
        "country": "MX",
        "main_image": "https://ap-cdn.sfo3.digitaloceanspaces.com/uploads/2024/05/obispo-salvador-rangel.jpg",
        "performance_score": 0,
        "domain_rank": 15828,
        "domain_rank_updated": "2024-05-21T13:07:53.000+03:00",
        "reach": null,
        "social": {
            "facebook": {
                "likes": 0,
                "comments": 0,
                "shares": 0
            },
            "gplus": {
                "shares": 0
            },
            "pinterest": {
                "shares": 0
            },
            "linkedin": {
                "shares": 0
            },
            "stumbledupon": {
                "shares": 0
            },
            "vk": {
                "shares": 0
            }
        }
    },
    "uuid": "1ba259fed33880554da30dcd2aae9b89b22bd5f0",
    "url": "https://animalpolitico.com/estados/obispo-salvador-rangel-reaparece-en-misa-fiscalia-insiste-en-secuestro?fbclid=IwZXh0bgNhZW0CMTEAAR2iRfx97Pnu5NO7SZVt7to0RwpPrjd6jyd9IGbWqjUWNgzYJqnbhd2ULRw_aem_ZmFrZWR1bW15MTZieXRlcw",
    "ord_in_thread": 0,
    "parent_url": null,
    "author": "Redacción Animal Político",
    "published": "2024-05-23T03:00:00.000+03:00",
    "title": "Obispo Salvador Rangel reaparece en misa; fiscalía insiste en hipótesis de secuestro e identificó a un presunto responsable",
    "text": "Salvador Rangel Mendoza , obispo emérito de la Diócesis de Chilpancingo-Chilapa , reapareció este jueves 23 de mayo en una misa en la catedral de Chilapa, a casi un mes de su desaparición y posterior localización en un hospital de Morelos. “Oremos por el monseñor Salvador Rangel que lo teníamos perdido y afortunadamente está con vida”, dijo el obispo de la diócesis José de Jesús González Hernández, quien estuvo presente en la misa. Lee: Localizan con vida a Salvador Rangel, obispo que había sido reportado como desaparecido en Morelos En una breve transmisión de video en vivo, a través de las redes sociales de la Diócesis, se observa a Salvador Rangel en la celebración eclesiástica; sin embargo, no tomó la palabra durante todo el oficio. Días antes de su reaparición, el Obismo dio a conocer que no presentará ninguna denuncia en contra de sus agresores. “En ejercicio de mis derechos constitucionales, no presentaré ninguna denuncia contra las personas que tanto mal me han hecho”, informó en un comunicado el pasado 8 de mayo. Un día antes de la reaparición del obispo, Uriel Carmona Gándara, fiscal de Morelos, dio a conocer que ya identificaron a una persona que posiblemente esté involucrada en la desaparición del prelado. “Ya tenemos una persona a la que estamos buscando para cuestionarlo en relación a esos hechos”, dijo. El funcionario insitió en que Salvador Rangel fue víctima de un delito, por lo que continuarán con la línea de investigación sobre el presunto secuestro. “Hasta donde vamos, el obispo emérito fue víctima de un delito y vamos a dar con el responsable”, explicó. Lee: Fiscalía y Seguridad de Morelos se contradicen respecto a lo que ocurrió con el obispo de Guerrero; Episcopado pide no especular Carmona aseguró que la línea de investigación sobre el secuestro está fundamentada en investigaciones, informes periciales, videos, declaraciones y otros datos verificables. El obispo Salvador Rangel Mendoza desapareció la tarde del 27 de abril . Dos días después fue localizado con vida en un hospital de Morelos. Tras darse a conocer la noticia, el fiscal de Morelos dijo que una de las líneas de investigación era un probable secuestro exprés. Sin embargo, el caso de la desaparición y posterior localización con vida del obispo tuvo contradicciones de las mismas autoridades, particularmente de la Fiscalía y la Comisión Estatal de Seguridad Pública de Morelos. Las versiones respecto a lo que pudo haber ocurrido con el religioso cambiaron de manera radical, ya que tanto el gobernador interino de Morelos, Samuel Sotelo, como el titular de la Comisión Estatal de Seguridad Pública (CES), José Antonio Ortiz Guarneros, dijeron que no hay indicios de un secuestro. Según el titular de Seguridad Pública, el obispo supuestamente entró, de manera voluntaria, a un motel con otra persona. “Hasta donde sabemos entró voluntariamente a un motel, con una persona del mismo sexo, esa persona después se retiró”, explicó el titular de seguridad. Posteriormente, el gobernador interino coincidió con Ortiz Guarneros respecto a que no hay evidencia sobre un posible secuestro. “No tenemos, hasta el día de hoy, un solo elemento para determinar que haya sido privado de la libertad como tal; los datos que se tienen objetivos es que hubo dos retiros, de dos cajeros, uno en la mañana del sábado y otro en la tarde noche, pero no hay una cámara que haya visto que lo hayan privado de la libertad”, aseguró el gobernador. Con información de Amapola Periodismo El tipo de turbuelncia que sufrió el vuelo de Singapore Airlines es de las más peligrosas. Te contamos por qué, y por qué se estima que habrá más en el futuro. Tras 10 horas de travesía, el vuelo SQ321 de Singapore Airlines sufrió el martes una turbulencia extrema que dejó un saldo de un muerto y decenas de heridos. En pocos minutos, el avión se elevó y cayó repetidas veces hasta descender por cerca de 1.800 metros. Imágenes de la aeronave, así como de los pasajeros y tripulantes a bordo, muestran el impacto de la violenta sacudida. Las turbulencias son un fenómeno frecuente en los vuelos. Es casi de rutina que el anuncio que indica que debes ajustarte el cinturón de seguridad (además de durante el despegue y el aterrizaje) se encienda varias veces a lo largo del viaje. Sin embargo, la turbulencia que sacudió al vuelo que se dirigía de Londres a Singapur –y que se conoce con el nombre de turbulencia de aire claro, o en cielos despejados o CAT, por sus siglas en inglés- es un fenómeno extremadamente raro. ¿Pero qué son exactamente estas turbulencias, en qué se diferencian del resto y por qué son tan peligrosas? La mayoría de las turbulencias se producen en las nubes, donde hay corrientes de viento ascendentes y descendentes, según explica Simon King, del Servicio del Clima de la BBC, y exintegrante de la Fuerza Aérea Real de Reino Unido. Estas suelen ser relativamente leves, aunque en nubes más grandes los movimientos del aire pueden ser más caóticos y generar turbulencias moderadas o incluso severas. La diferencia de las turbulencias de aire claro es que ocurren en cielos despejados y claros, y por ello no pueden vistas con antelación. Este tipo de turbulencia ocurre alrededor de la corriente en chorro, un “río” de aire que fluye rápidamente y que normalmente se encuentra a una altura de entre aproximadamente 12.000 metros y 18.000 metros, señala el académico de aviación y piloto comercial Guy Gratton. Según explica Gratton, es fácil que exista una diferencia de velocidad de 160 km/h, entre el aire en la corriente en chorro y el aire circundante. Y esa fricción alrededor de la corriente en chorro entre el aire más lento y más rápido es lo que provoca estas turbulencias. Su peligrosidad radica en gran medida en que, como no se ven, para los pilotos son difíciles de detectar. No obstante, asegura Paul Williams, científico atmosférico de la Universidad de Reading, en Reino Unido, hay un gran porcentaje que sí es detectable. “Un 75% son detectables. Podemos predecirlas con precisión hasta con 18 horas de antelación”, dice. “Pero es ese 25% que actualmente no podemos predecir en lo que nos tenemos que concentrar”. “Ese es de algún modo la meta de mi carrera: acabar con ese 25% y hacer que se convierta en historia, para que ninguna aeronave vuelva a encontrase jamás con una turbulencia”. Aún así, reconoce que se trata de un desafío. “La turbulencia es el problema más difícil de la física y la física en sí es muy difícil. Estamos trabajando muy duro con la investigación sobre qué está realmente generando la turbulencia y cuáles son los mecanismos de esa dinámica”. El científico cree que se logrará, pero llevará su tiempo. Williams enfatiza que la muerte a causa de una turbulencia severa es una ocurrencia rara: la última que recuerda sucedió en 2009 y antes de eso, en 1997. Sin embargo, recalca la importancia de investigar el fenómeno dado que el cambio climático está aumentando la frecuencia con que se producen. “He estado estudiando las turbulencias en los últimos 20 años y en la última década hemos recabado evidencia de que el aumento de turbulencias severas ha crecido un 55%”, asevera el investigador. “Y, en el futuro, podríamos ver que se dupliquen o tripliquen en algunos lugares del mundo para la década de 2060, por el cambio climático”. Entretanto, la recomedación para los pasajeros es mantener los cinturones de seguridad abrochados durante todo el vuelo. Haz clic aquí para leer más historias de BBC News Mundo. También puedes seguirnos en YouTube , TikTok , X , canal de WhatsApp , donde encontrarás noticias de última hora y nuestro mejor contenido. Y recuerda que puedes recibir notificaciones en nuestra app. Descarga la última versión y actívalas.",
    "highlightText": "",
    "highlightTitle": "",
    "highlightThreadTitle": "",
    "language": "spanish",
    "sentiment": "negative",
    "categories": [
        "Crime, Law and Justice",
        "Religion and Belief"
    ],
    "webz_reporter": false,
    "external_links": [
        "https://amapolaperiodismo.com/2024/05/23/reaparece-en-publico-el-obispo-salvador-rangel-a-casi-un-mes-de-su-desaparicion/",
        "https://www.tiktok.com/@bbcnewsmundo?is_from_webapp=1&sender_device=pc",
        "https://twitter.com/bbcmundo",
        "https://www.bbc.com/mundo/articles/clddvnkk1ppo",
        "https://www.bbc.com/mundo?xtor=AL-73-%5Bpartner%5D-%5Banimalpolitico.com%5D-%5Blink%5D-%5Bmundo%5D-%5Bbizdev%5D-%5Bisapi%5D",
        "https://www.facebook.com/chilapensis/videos/1127162928569493",
        "https://www.youtube.com/user/BBCMundo?sub_confirmation=1",
        "https://whatsapp.com/channel/0029VaUm1Ss3WHTbgIXrjw3D",
        "https://www.twitter.com/bbcmundo",
        "https://www.whatsapp.com/channel/0029VaUm1Ss3WHTbgIXrjw3D",
        "https://www.tiktok.com/@bbcnewsmundo",
        "https://tiktok.com/@bbcnewsmundo?is_from_webapp=1&sender_device=pc",
        "https://facebook.com/chilapensis/videos/1127162928569493",
        "https://www.bbc.com/mundo",
        "https://www.amapolaperiodismo.com/2024/05/23/reaparece-en-publico-el-obispo-salvador-rangel-a-casi-un-mes-de-su-desaparicion/",
        "https://www.youtube.com/user/BBCMundo",
        "https://bbc.com/mundo/articles/clddvnkk1ppo",
        "https://youtube.com/user/BBCMundo?sub_confirmation=1",
        "https://bbc.com/mundo?xtor=AL-73-%5Bpartner%5D-%5Banimalpolitico.com%5D-%5Blink%5D-%5Bmundo%5D-%5Bbizdev%5D-%5Bisapi%5D",
        "https://amapolaperiodismo.com/2024/05/23/reaparece-en-publico-el-obispo-salvador-rangel-a-casi-un-mes-de-su-desaparicion"
    ],
    "external_images": [],
    "entities": {
        "persons": [],
        "organizations": [],
        "locations": []
    },
    "rating": null,
    "crawled": "2024-05-24T06:42:09.438+03:00",
    "updated": "2024-05-24T06:42:09.438+03:00"
}