{
    "thread": {
        "uuid": "88a9129f5f8627f3df078c59a9a33c376407dc41",
        "url": "https://es-us.finanzas.yahoo.com/noticias/tribunal-declara-x-responsable-contenido-055231319.html",
        "site_full": "es-us.finanzas.yahoo.com",
        "site": "yahoo.com",
        "site_section": "https://es-us.noticias.yahoo.com/",
        "site_categories": [
            "financial_news",
            "finance",
            "top_news"
        ],
        "section_title": "Noticias e información de última hora en Yahoo en Espanol",
        "title": "Un tribunal declara a X responsable del contenido islamofóbico en la red en Australia",
        "title_full": "Un tribunal declara a X responsable del contenido islamofóbico en la red en Australia",
        "published": "2024-05-24T08:52:00.000+03:00",
        "replies_count": 0,
        "participants_count": 1,
        "site_type": "news",
        "country": "US",
        "main_image": "https://s.yimg.com/ny/api/res/1.2/xjElKATPec4awRAkJG5OZg--/YXBwaWQ9aGlnaGxhbmRlcjt3PTEyMDA7aD04MDA-/https://media.zenfs.com/es/efe.es/cc46cd83a89efe7722e517a9d87158f5",
        "performance_score": 0,
        "domain_rank": 37,
        "domain_rank_updated": "2024-05-21T13:07:53.000+03:00",
        "reach": null,
        "social": {
            "facebook": {
                "likes": 0,
                "comments": 0,
                "shares": 0
            },
            "gplus": {
                "shares": 0
            },
            "pinterest": {
                "shares": 0
            },
            "linkedin": {
                "shares": 0
            },
            "stumbledupon": {
                "shares": 0
            },
            "vk": {
                "shares": 0
            }
        }
    },
    "uuid": "88a9129f5f8627f3df078c59a9a33c376407dc41",
    "url": "https://es-us.finanzas.yahoo.com/noticias/tribunal-declara-x-responsable-contenido-055231319.html",
    "ord_in_thread": 0,
    "parent_url": null,
    "author": "Business Wire",
    "published": "2024-05-24T08:52:00.000+03:00",
    "title": "Un tribunal declara a X responsable del contenido islamofóbico en la red en Australia",
    "text": "EFE Latam Un tribunal declara a X responsable del contenido islamofóbico en la red en Australia Leer todo el artículo Disculpa el inconveniente. Algo salió mal. Inténtalo de nuevo más tarde. Más contenido a continuación VCCTF Agencia EFE 24 de mayo de 2024, 8:52 a. m. · 2 min de lectura En este artículo: Disculpa el inconveniente. Algo salió mal. Inténtalo de nuevo más tarde. Más contenido a continuación VCCTF\nSídney (Australia), 24 may (EFE).- Un tribunal australiano ha dirimido que la red social X, del magnate Elon Musk, es responsable en Australia de los contenidos islamofóbicos que se publican en la plataforma pese a que su sede está en Estados Unidos.\nEl fallo, emitido esta semana por el Tribunal Civil y Administrativo de Queensland, con sede en Brisbane, y divulgado en su página web, indica que esta instancia tiene \"jurisdicción suficiente\" sobre dicha \"empresa extranjera\".\nLa conclusión se apoya en el argumento de que X \"tiene presencia suficiente en Queensland\" debido a los abonados y servicios que ofrece en este estado del noreste de Australia.\nEsta decisión supone un triunfo para la Red de Defensa de los Derechos de los Musulmanes (AMAN, siglas en inglés), que denunció en junio de 2022 ante la Comisión de Derechos Humanos de Queensland a X, antiguamente conocido como Twitter, por los mensajes islamofóbicos publicados en esta plataforma.\nPUBLICIDAD AMAN aseguraba que estos contenidos violaban la Ley Antidiscriminación de Queensland, que prohíbe cualquier vilipendio vinculado a la raza, religión, orientación sexual y discapacidad, entre otros, aunque la plataforma de Musk alegaba que no estaba sujeta a ella por ser una empresa y no una persona.´\nEntre estos mensajes discriminatorios se cuentan 29 contenidos originados en un \"blog de conspiración antimusulmán de extrema derecha\" de un ciudadano estadounidense, cuyo material se comenta, copia o se propaga a través de X, \"denigrando, deshumanizando y demonizando a la comunidad musulmana\", según la decisión.\n\"La incitación al odio se rige por normas claras, no por la discrecionalidad corporativa\", dijo hoy un portavoz de AMAN en un comunicado, en el que celebra una victoria legal que la red describe como \"sin precedentes\".\nEl fallo en Queensland sucede en medio de un pulso legal entre X y la Comisión de Seguridad Electrónica Australiana a raíz de que un joven de 16 años apuñalara el 15 de abril a un obispo -quien sobrevivió el ataque- mientras oficiaba una misa en una iglesia asiria del oeste Sídney retransmitida en directo en internet.\nLa Comisión de Seguridad Electrónica emitió el 22 de abril una medida cautelar temporal exigiendo a X el bloqueo mundial de las imágenes, suspendida este mes por el Tribunal Federal Australiano por considerar que era inaplicable, mientras se espera ahora la fecha del juicio por la decisión de la red social de no obedecer a una primera petición de eliminar dicho contenido gráfico.\n(c) Agencia EFE\nMÁS POPULARES 1. El Congreso de El Salvador autoriza al Gobierno emitir deuda por 1.500 millones de dólares 2. Legalización de autos \"chocolate\" impacta al sector automotriz 3. Trader predice ganancias masivas para Dogecoin en pocos días 4. Banco Central de Chile seguirá frenando el ritmo de recorte de tasas 5. Ecopetrol revela estrategia para producir más petróleo y gas en proyectos actuales",
    "highlightText": "",
    "highlightTitle": "",
    "highlightThreadTitle": "",
    "language": "spanish",
    "sentiment": "negative",
    "categories": [
        "Religion and Belief",
        "Crime, Law and Justice"
    ],
    "webz_reporter": false,
    "external_links": [
        "https://s.yimg.com/uc/finance/webcore/js/finVizChart.a1ae48f36312bf1ea7ce.mjs",
        "https://s.yimg.com/uc/finance/webcore/js/finBarChart.538f8a340c2cb6354b75.mjs",
        "https://s.yimg.com/uc/finance/webcore/js/chart.ccddd8778ed498612d22.mjs",
        "https://s.yimg.com/uc/finance/webcore/js/finBankrateMortgageOffers.b2cfa41803319da83c18.mjs",
        "https://s.yimg.com/uc/finance/webcore/js/marketSummary.ee07a7351d988ea3c676.mjs",
        "https://s.yimg.com/os/creatr-uploaded-images/2020-12/2ae63650-3578-11eb-b7bf-dd5381c63b89",
        "https://s.yimg.com/uc/finance/webcore/js/importantDates.3b0b31ffa9353b9b8694.mjs",
        "https://s.yimg.com/uc/finance/webcore/js/finGaugeChart.00a6a7c597326a2bd947.mjs",
        "https://s.yimg.com/uc/finance/webcore/js/portfolio.bb49ee8005a508c4cc13.mjs",
        "https://twitter.com/intent/tweet?text=Un%20tribunal%20declara%20a%20X%20responsable%20del%20contenido%20islamof%C3%B3bico%20en%20la%20red%20en%20Australia&url=https%3A%2F%2Fes-us.finanzas.yahoo.com%2Fnoticias%2Ftribunal-declara-x-responsable-contenido-055231319.html%3Fsoc_src%3Dsocial-sh%26soc_trk%3Dtw%26tsrc%3Dtwtr&via=Yahoo",
        "https://www.efe.com/efe/usa/5",
        "https://s.yimg.com/ny/api/res/1.2/xjElKATPec4awRAkJG5OZg--/YXBwaWQ9aGlnaGxhbmRlcjt3PTEyMDA7aD04MDA-/https://media.zenfs.com/es/efe.es/cc46cd83a89efe7722e517a9d87158f5",
        "https://s.yimg.com/uc/finance/webcore/js/streamer.507262d0309a798505f1.mjs",
        "https://s.yimg.com/uc/finance/webcore/js/sparkLine.be4a748c75a1f617d549.mjs",
        "https://s.yimg.com/uc/finance/webcore/js/quoteSummary.3333a62718e8195bfe77.mjs",
        "https://s.yimg.com/uc/finance/webcore/js/finYodlee.6c5f6eaffe5a8dbb56cd.mjs",
        "https://s.yimg.com/uc/finance/webcore/js/streamer.worker.aab38e33775cc0bf0abb.worker.mjs",
        "https://s.yimg.com/uc/finance/webcore/js/navigation.26d5260f6ae98b2d44db.mjs",
        "https://s.yimg.com/ny/api/res/1.2/gzKmiVydZWUbE60uSseeEQ--/YXBwaWQ9aGlnaGxhbmRlcjt3PTk2MDtoPTY0MA--/https://media.zenfs.com/es/efe.es/cc46cd83a89efe7722e517a9d87158f5",
        "https://s.yimg.com/uc/finance/webcore/js/finHorizontalBarChart.3759f974570a40144429.mjs",
        "https://s.yimg.com/uc/finance/webcore/js/ticker.b6428d6ad777e2269050.mjs",
        "https://s.yimg.com/uc/finance/webcore/js/finPlaidLink.de8cef422ee826c41ae6.mjs",
        "https://s.yimg.com/uc/finance/webcore/js/_staticFinProtobuf.0c5bdcae45da9ec4f59a.mjs",
        "https://s.yimg.com/uc/finance/webcore/js/xrayStocks.3a041decb56dc5c365ee.mjs",
        "https://www.facebook.com/dialog/feed?app_id=458584288257241&link=https%3A%2F%2Fes-us.finanzas.yahoo.com%2Fnoticias%2Ftribunal-declara-x-responsable-contenido-055231319.html%3Fsoc_src%3Dsocial-sh%26soc_trk%3Dfb%26tsrc%3Dfb",
        "https://s.yimg.com/ny/api/res/1.2/_wjP_LhaJWwX609lbClajg--/YXBwaWQ9aGlnaGxhbmRlcjt3PTQwO2g9NDg-/https://s.yimg.com/os/creatr-uploaded-images/2020-12/2ae63650-3578-11eb-b7bf-dd5381c63b89",
        "https://s.yimg.com/uc/finance/webcore/js/finIcon.303dcbfc0a8c9e028f3e.mjs",
        "https://s.yimg.com/uc/finance/webcore/js/marketTime.9ddde2ddb9193240a64d.mjs",
        "https://s.yimg.com/uc/finance/webcore/js/cryptoTrade.6798089fc427d994b4e5.mjs",
        "https://s.yimg.com/uc/finance/webcore/js/portfolio.worker.a333421d7870ffcf5aed.worker.mjs",
        "https://www.s.yimg.com/uc/finance/webcore/js/xrayStocks.3a041decb56dc5c365ee.mjs",
        "https://www.s.yimg.com/uc/finance/webcore/js/finBarChart.538f8a340c2cb6354b75.mjs",
        "https://www.s.yimg.com/uc/finance/webcore/js/importantDates.3b0b31ffa9353b9b8694.mjs",
        "https://www.s.yimg.com/ny/api/res/1.2/_wjP_LhaJWwX609lbClajg--/YXBwaWQ9aGlnaGxhbmRlcjt3PTQwO2g9NDg-/https://www.s.yimg.com/os/creatr-uploaded-images/2020-12/2ae63650-3578-11eb-b7bf-dd5381c63b89",
        "https://efe.com/efe/usa/5",
        "https://www.s.yimg.com/uc/finance/webcore/js/streamer.worker.aab38e33775cc0bf0abb.worker.mjs",
        "https://www.s.yimg.com/uc/finance/webcore/js/marketTime.9ddde2ddb9193240a64d.mjs",
        "https://www.s.yimg.com/uc/finance/webcore/js/_staticFinProtobuf.0c5bdcae45da9ec4f59a.mjs",
        "https://www.s.yimg.com/uc/finance/webcore/js/quoteSummary.3333a62718e8195bfe77.mjs",
        "https://www.s.yimg.com/uc/finance/webcore/js/finPlaidLink.de8cef422ee826c41ae6.mjs",
        "https://www.s.yimg.com/uc/finance/webcore/js/finGaugeChart.00a6a7c597326a2bd947.mjs",
        "https://www.s.yimg.com/uc/finance/webcore/js/portfolio.bb49ee8005a508c4cc13.mjs",
        "https://twitter.com/intent/tweet",
        "https://www.s.yimg.com/ny/api/res/1.2/xjElKATPec4awRAkJG5OZg--/YXBwaWQ9aGlnaGxhbmRlcjt3PTEyMDA7aD04MDA-/https://www.media.zenfs.com/es/efe.es/cc46cd83a89efe7722e517a9d87158f5",
        "https://www.facebook.com/dialog/feed",
        "https://www.s.yimg.com/os/creatr-uploaded-images/2020-12/2ae63650-3578-11eb-b7bf-dd5381c63b89",
        "https://www.s.yimg.com/uc/finance/webcore/js/finBankrateMortgageOffers.b2cfa41803319da83c18.mjs",
        "https://www.s.yimg.com/uc/finance/webcore/js/streamer.507262d0309a798505f1.mjs",
        "https://www.s.yimg.com/uc/finance/webcore/js/navigation.26d5260f6ae98b2d44db.mjs",
        "https://www.s.yimg.com/uc/finance/webcore/js/cryptoTrade.6798089fc427d994b4e5.mjs",
        "https://www.s.yimg.com/uc/finance/webcore/js/finVizChart.a1ae48f36312bf1ea7ce.mjs",
        "https://www.s.yimg.com/uc/finance/webcore/js/marketSummary.ee07a7351d988ea3c676.mjs",
        "https://www.twitter.com/intent/tweet?text=Un%20tribunal%20declara%20a%20X%20responsable%20del%20contenido%20islamof%C3%B3bico%20en%20la%20red%20en%20Australia&url=https%3A%2F%2Fes-us.finanzas.yahoo.com%2Fnoticias%2Ftribunal-declara-x-responsable-contenido-055231319.html%3Fsoc_src%3Dsocial-sh%26soc_trk%3Dtw%26tsrc%3Dtwtr&via=Yahoo",
        "https://www.s.yimg.com/uc/finance/webcore/js/portfolio.worker.a333421d7870ffcf5aed.worker.mjs",
        "https://www.s.yimg.com/uc/finance/webcore/js/sparkLine.be4a748c75a1f617d549.mjs",
        "https://www.s.yimg.com/uc/finance/webcore/js/finHorizontalBarChart.3759f974570a40144429.mjs",
        "https://facebook.com/dialog/feed?app_id=458584288257241&link=https%3A%2F%2Fes-us.finanzas.yahoo.com%2Fnoticias%2Ftribunal-declara-x-responsable-contenido-055231319.html%3Fsoc_src%3Dsocial-sh%26soc_trk%3Dfb%26tsrc%3Dfb",
        "https://www.s.yimg.com/uc/finance/webcore/js/finIcon.303dcbfc0a8c9e028f3e.mjs",
        "https://www.s.yimg.com/uc/finance/webcore/js/finYodlee.6c5f6eaffe5a8dbb56cd.mjs",
        "https://www.s.yimg.com/uc/finance/webcore/js/ticker.b6428d6ad777e2269050.mjs",
        "https://www.s.yimg.com/uc/finance/webcore/js/chart.ccddd8778ed498612d22.mjs",
        "https://www.s.yimg.com/ny/api/res/1.2/gzKmiVydZWUbE60uSseeEQ--/YXBwaWQ9aGlnaGxhbmRlcjt3PTk2MDtoPTY0MA--/https://www.media.zenfs.com/es/efe.es/cc46cd83a89efe7722e517a9d87158f5"
    ],
    "external_images": [],
    "entities": {
        "persons": [],
        "organizations": [],
        "locations": []
    },
    "rating": null,
    "crawled": "2024-05-24T09:11:18.434+03:00",
    "updated": "2024-05-24T09:11:18.434+03:00"
}