{
    "thread": {
        "uuid": "4a994cf5f99ad8bbef3ca126649b9cca7fa51c05",
        "url": "https://www.leggo.it/italia/cronache/dante_censura_scuola_alunni_trieste_offende_islam_maometto_oggi_24_5_2024-8138011.html",
        "site_full": "www.leggo.it",
        "site": "leggo.it",
        "site_section": "https://www.leggo.it/tecnologia/smartphone/",
        "site_categories": [
            "media",
            "top_news"
        ],
        "section_title": "SMARTPHONE - Leggo.it",
        "title": "Niente Dante per due studenti musulmani: «Offende l'Islam. Stop a compiti in classe e interrogazioni»",
        "title_full": "Niente Dante per due studenti musulmani: «Offende l'Islam. Stop a compiti in classe e interrogazioni»",
        "published": "2024-05-24T11:57:00.000+03:00",
        "replies_count": 0,
        "participants_count": 1,
        "site_type": "news",
        "country": "IT",
        "main_image": "https://statics.cedscdn.it/photos/MED_HIGH/80/11/8138011_24103758_dante_offende_islam.jpg",
        "performance_score": 0,
        "domain_rank": 28521,
        "domain_rank_updated": "2024-05-21T13:07:53.000+03:00",
        "reach": null,
        "social": {
            "facebook": {
                "likes": 0,
                "comments": 0,
                "shares": 0
            },
            "gplus": {
                "shares": 0
            },
            "pinterest": {
                "shares": 0
            },
            "linkedin": {
                "shares": 0
            },
            "stumbledupon": {
                "shares": 0
            },
            "vk": {
                "shares": 0
            }
        }
    },
    "uuid": "4a994cf5f99ad8bbef3ca126649b9cca7fa51c05",
    "url": "https://www.leggo.it/italia/cronache/dante_censura_scuola_alunni_trieste_offende_islam_maometto_oggi_24_5_2024-8138011.html",
    "ord_in_thread": 0,
    "parent_url": null,
    "author": "Redazione web",
    "published": "2024-05-24T11:57:00.000+03:00",
    "title": "Niente Dante per due studenti musulmani: «Offende l'Islam. Stop a compiti in classe e interrogazioni»",
    "text": "Due studenti di religione musulmana di una scuola media della provincia di Treviso, su richiesta dei genitori, sono stati esentati dal seguire le lezioni sulla Divina Commedia di Dante, trattandosi di un'opera a sfondo religioso, in contrasto con la fede dei due ragazzi. La rappresesentazione di Maometto all'interno dell'opera potrebbe risultare offensiva per i musulmani. Il Sommo Poeta sostituito con Boccaccio. Dante censurato La notizia è stata diffusa dalla stampa locale nella giornata di ieri, giovedì 23 maggio. Tutto sarebbe nato dallo scrupolo del professore che nell'affrontare lo studio del capolavoro della lettura italiana, in cui si incontrano Inferno, Purgatorio e Paradiso, ha scritto alle famiglie i cui figli sono già esentati dall'ora di religione, per chiede il consenso a trattare con loro un'opera a sfondo religioso. E qui le famiglie dei due studenti musulmani hanno chiesto che fossero esentati dallo studio di Dante. Verranno esentati dai compiti in classe e dalle interrogazioni. Per loro l'insegnante ha organizzato un programma parallelo alternativo, dedicato a Boccaccio. Non è il primo in cui, anche a scuola, Dante entra in collisione con l'Islam. Il docente Alberto Pezzé ha spiegato che: «La rappresentazione di Maometto nel 28esimo canto dell’Inferno potrebbe risultare offensiva per i musulmani. Dante, infatti, descrive il profeta come un seminatore di discordie, dando credito a una leggenda priva di fondamento storico secondo cui Maometto sarebbe stato un prete cristiano frustrato che avrebbe fondato una nuova religione per vendetta». In passato, l’opera dantesca è stata oggetto di simili controversie anche in altri paesi, come Olanda e Belgio, dove è stata addirittura ritradotta per evitare di urtare i fedeli islamici.",
    "highlightText": "",
    "highlightTitle": "",
    "highlightThreadTitle": "",
    "language": "italian",
    "sentiment": "negative",
    "categories": [
        "Social Issue",
        "Education",
        "Religion and Belief"
    ],
    "webz_reporter": false,
    "external_links": [],
    "external_images": [],
    "entities": {
        "persons": [],
        "organizations": [],
        "locations": []
    },
    "rating": null,
    "crawled": "2024-05-24T12:02:00.558+03:00",
    "updated": "2024-05-24T12:06:35.748+03:00"
}