{
    "thread": {
        "uuid": "a803bc6232f8b8b544a7915dfb46ee67fd27f3f7",
        "url": "https://www.unita.it/2024/05/24/alluniversita-di-torino-si-predica-la-jihad-la-condanna-del-rettore-e-del-ministro-bernini-baya-portavoce-della-moschea-abbiamo-pregato-sono-contro-la-violenza",
        "site_full": "www.unita.it",
        "site": "unita.it",
        "site_section": "https://www.unita.it/feed/",
        "site_categories": [],
        "section_title": "L&#039;Unità",
        "title": "All’Università di Torino si predica la jihad, la condanna del rettore e del ministro Bernini. Baya, portavoce della moschea: “Abbiamo pregato, sono contro la violenza”",
        "title_full": "All’Università di Torino si predica la jihad, la condanna del rettore e del ministro Bernini. Baya, portavoce della moschea: “Abbiamo pregato, sono contro la violenza”",
        "published": "2024-05-24T11:37:00.000+03:00",
        "replies_count": 0,
        "participants_count": 1,
        "site_type": "news",
        "country": "IT",
        "main_image": "https://www.unita.it/public/uploads/2024/05/universita-torino-jihad.jpg",
        "performance_score": 0,
        "domain_rank": 72511,
        "domain_rank_updated": "2024-05-21T13:07:58.000+03:00",
        "reach": null,
        "social": {
            "facebook": {
                "likes": 0,
                "comments": 0,
                "shares": 0
            },
            "gplus": {
                "shares": 0
            },
            "pinterest": {
                "shares": 0
            },
            "linkedin": {
                "shares": 0
            },
            "stumbledupon": {
                "shares": 0
            },
            "vk": {
                "shares": 0
            }
        }
    },
    "uuid": "a803bc6232f8b8b544a7915dfb46ee67fd27f3f7",
    "url": "https://www.unita.it/2024/05/24/alluniversita-di-torino-si-predica-la-jihad-la-condanna-del-rettore-e-del-ministro-bernini-baya-portavoce-della-moschea-abbiamo-pregato-sono-contro-la-violenza",
    "ord_in_thread": 0,
    "parent_url": null,
    "author": "Redazione Web",
    "published": "2024-05-24T11:37:00.000+03:00",
    "title": "All’Università di Torino si predica la jihad, la condanna del rettore e del ministro Bernini. Baya, portavoce della moschea: “Abbiamo pregato, sono contro la violenza”",
    "text": "Un sermone , sia in arabo che in italiano , che si è trasformato in un invito “ a lottare contro lo stato ebraico “. È un caso la preghiera organizzata venerdì scorso nei corridoi del Palazzo Nuovo di Torino , sede dell’ ateneo ora occupato, che ha visto la presenza del portavoce della moschea di Torino Brahim Baya . Dura la posizione del rettore, espressa in una nota, dopo la diffusione del video pubblicato su Youtube con il titolo: ‘ Cosa ci insegna la Palestina? ‘. Nel filmato del sermone si vede l’androne di Palazzo Nuovo trasformato in una moschea, con studenti seduti in preghiera su tappeti stesi a terra ad ascoltare le parole di Baya , in versione imam. Stefano Geuna , rettore dell’ Ateneo , ha condannato fermamente l’attività religiosa negli spazi universitari, ribadendo “ il carattere di laicità dell’istituzione universitaria torinese “.\nAll’Università di Torino si predica la jihad Dopo la diffusione del video sui social è arrivato l’intervento della ministra dell’Università e della Ricerca Anna Maria Bernini , che ha contattato telefonicamente il rettore. Geuna ha così precisato che “ il fatto è avvenuto in una situazione di occupazione da parte degli studenti, i quali impediscono da giorni l’accesso a docenti e personale universitario “, considerando l’accaduto “ sotto la piena responsabilità degli occupanti “. Entrambi hanno “ condiviso un sentimento di piena condanna riguardo l’accaduto “.\nL’università trasformata in Moschea “ Sembra che alcuni professori (chi? quanti?) abbiamo scritto alla ministra Bernini per lamentarsi della preghiera del venerdì celebrata dagli studenti musulmani che, insieme agli altri, occupano Palazzo Vecchio – ha scritto Brahim Baya su Facebook -. Non aggiungo altro “. A Roma , intanto, al termine dell’ Assemblea dei rettori è stato ribadito l’impegno a “ proseguire la collaborazione scientifica con le Università straniere di ogni Paese “, osservando però che “ il massacro di civili a Gaza ha superato ogni limite accettabile “.\nChi è Brahim Baya I rettori hanno preso atto della lettera, firmata da docenti e studenti, in cui si chiede “ un immediato cessate il fuoco nella Striscia “. Alcuni collettivi studenteschi, esclusi dalla delegazione a cui la segreteria della Crui ha permesso di consegnare la lettera, si sono accampati a pochi passi da Piazza Rondanini , dove si stava svolgendo l’ Assemblea , mostrando striscioni che incitavano al boicottaggio accademico. La polizia ha bloccato il passaggio, impedendo agli studenti di arrivare nella Piazza .",
    "highlightText": "",
    "highlightTitle": "",
    "highlightThreadTitle": "",
    "language": "italian",
    "sentiment": "negative",
    "categories": [
        "Religion and Belief",
        "Human Interest",
        "Crime, Law and Justice"
    ],
    "webz_reporter": false,
    "external_links": [],
    "external_images": [],
    "entities": {
        "persons": [],
        "organizations": [],
        "locations": []
    },
    "rating": null,
    "crawled": "2024-05-24T12:40:17.172+03:00",
    "updated": "2024-06-10T01:58:43.824+03:00"
}