{
    "thread": {
        "uuid": "1680e1610e4c6910f87a94444f287d4400da8642",
        "url": "https://www.informazione.it/n/529AC319-70AC-4789-9C7C-170D16CE8243/L-Imam-Brahim-Baya-diffidato-dalla-Questura-di-Torino-salta-la-preghiera-islamica-al-Politecnico",
        "site_full": "www.informazione.it",
        "site": "informazione.it",
        "site_section": "https://www.informazione.it/interno",
        "site_categories": [
            "media"
        ],
        "section_title": "Notizie Interno - informazione.it",
        "title": "L'Imam Brahim Baya diffidato dalla Questura di Torino: salta la preghiera islamica al Politecnico",
        "title_full": "L'Imam Brahim Baya diffidato dalla Questura di Torino: salta la preghiera islamica al Politecnico",
        "published": "2024-05-24T16:05:00.000+03:00",
        "replies_count": 0,
        "participants_count": 1,
        "site_type": "news",
        "country": "IT",
        "main_image": "https://q8.informazione.it/pics/d5dfdd54-219f-4eb6-a818-9615eb3213bb.jpg",
        "performance_score": 0,
        "domain_rank": 88277,
        "domain_rank_updated": "2024-05-21T13:08:01.000+03:00",
        "reach": null,
        "social": {
            "facebook": {
                "likes": 0,
                "comments": 0,
                "shares": 0
            },
            "gplus": {
                "shares": 0
            },
            "pinterest": {
                "shares": 0
            },
            "linkedin": {
                "shares": 0
            },
            "stumbledupon": {
                "shares": 0
            },
            "vk": {
                "shares": 0
            }
        }
    },
    "uuid": "1680e1610e4c6910f87a94444f287d4400da8642",
    "url": "https://www.informazione.it/n/529AC319-70AC-4789-9C7C-170D16CE8243/L-Imam-Brahim-Baya-diffidato-dalla-Questura-di-Torino-salta-la-preghiera-islamica-al-Politecnico",
    "ord_in_thread": 0,
    "parent_url": null,
    "author": "@infoitinterno",
    "published": "2024-05-24T16:05:00.000+03:00",
    "title": "L'Imam Brahim Baya diffidato dalla Questura di Torino: salta la preghiera islamica al Politecnico",
    "text": "[ ](/a/1D4082A9-820E-4809-B72A-C950BE50CAEB/Torino-preghiera-musulmanaal-Politecnico-occupato-salta-c-e-la-diffida-del-questore-Presidente-Crui-Iannantuoni-Universita-luoghi-laici) Torino, preghiera musulmanaal Politecnico occupato salta: c'è la diffida del questore. Presidente Crui Iannantuoni «Università luoghi laici» [Leggi](https://www.ilgazzettino.it/italia/cronaca_bianca/imam_torino_preghiera_diffida_questore_predicatore_politecnico_occupato_palestina_baya_italia_islamofoba-8138258.html) La preghiera islamica che era stata programmata nell'aula magna del Politecnico di Torino, occupata dagli studenti pro Palestina, non si è svolta. L'iniziativa è stata cancellata a seguito della diffida della Questura di Torino all'imam Brahim Baya, organizzatore dell'appuntamento nell'ateneo. La diffida è stata consegnata a mano dai dirigenti della questura torinese a Baya. L'imam ha dichiarato: “Stamani sono stato convocato dal capo di gabinetto della questura che mi ha consegnato una diffida del questore a svolgere questa manifestazione individuandomi come organizzatore. Ho tenuto a ripetere, ed è per questo che non ho firmato la diffida, che io sono solo stato chiamato ad officiare una orazione, come può essere chiamato chiunque\". Baya, portavoce della moschea di Taiba a Torino, ha accusato l'Italia di islamofobia. \"Il problema è l'islamofobia di questo paese\", ha dichiarato l'imam, che avrebbe dovuto guidare la preghiera del venerdì all'interno del Politecnico, occupato dagli studenti che manifestano in sostegno della popolazione di Gaza e contro Israele. La preghiera è stata annullata in seguito alla diffida \"dallo svolgere funzioni e attività presso le sedi dell'ateneo nei confronti delle autorità religiose eventualmente coinvolte\" approvata dal Questore e chiesta dal rettore Paolo Corgnati e dalla ministra dell'Università Anna Maria Bernini.",
    "highlightText": "",
    "highlightTitle": "",
    "highlightThreadTitle": "",
    "language": "italian",
    "sentiment": "negative",
    "categories": [
        "Social Issue",
        "Religion and Belief"
    ],
    "webz_reporter": false,
    "external_links": [
        "https://www.huffingtonpost.it/politica/2024/05/24/news/imam_torino-15975136/)",
        "https://huffingtonpost.it/politica/2024/05/24/news/imam_torino-15975136/)"
    ],
    "external_images": [],
    "entities": {
        "persons": [],
        "organizations": [],
        "locations": []
    },
    "rating": null,
    "crawled": "2024-05-24T17:32:48.451+03:00",
    "updated": "2024-05-24T17:34:33.461+03:00"
}