{
    "thread": {
        "uuid": "e4827764029fbed3c262d7a587e621bc924e3da8",
        "url": "https://www.liberoquotidiano.it/news/italia/39413930/torino-preghiera-islamica-universita-diffidato-finto-imam-brahim-baya.html",
        "site_full": "www.liberoquotidiano.it",
        "site": "liberoquotidiano.it",
        "site_section": "https://liberoquotidiano.it/",
        "site_categories": [
            "media",
            "top_news"
        ],
        "section_title": "Libero Quotidiano",
        "title": "Torino, preghiera islamica in Università: diffidato il finto imam anti-Israele – Libero Quotidiano",
        "title_full": "Torino, preghiera islamica in Università: diffidato il finto imam anti-Israele – Libero Quotidiano",
        "published": "2024-05-24T03:00:00.000+03:00",
        "replies_count": 0,
        "participants_count": 1,
        "site_type": "news",
        "country": "IT",
        "main_image": "https://img2.liberoquotidiano.it/images/2024/05/24/120002722-3ed42c49-d72a-4d37-bd10-2331c73fd834.jpg",
        "performance_score": 0,
        "domain_rank": 19484,
        "domain_rank_updated": "2024-05-21T13:07:53.000+03:00",
        "reach": null,
        "social": {
            "facebook": {
                "likes": 0,
                "comments": 0,
                "shares": 0
            },
            "gplus": {
                "shares": 0
            },
            "pinterest": {
                "shares": 0
            },
            "linkedin": {
                "shares": 0
            },
            "stumbledupon": {
                "shares": 0
            },
            "vk": {
                "shares": 0
            }
        }
    },
    "uuid": "e4827764029fbed3c262d7a587e621bc924e3da8",
    "url": "https://www.liberoquotidiano.it/news/italia/39413930/torino-preghiera-islamica-universita-diffidato-finto-imam-brahim-baya.html",
    "ord_in_thread": 0,
    "parent_url": null,
    "author": "@libero_official",
    "published": "2024-05-24T03:00:00.000+03:00",
    "title": "Torino, preghiera islamica in Università: diffidato il finto imam anti-Israele – Libero Quotidiano",
    "text": "24 maggio 2024 a a a La preghiera islamica pro-Palestina (diventata ben presto pro-Jihad ) andata in scena all' Università di Torino non dovrà più ripetersi. Il Rettore del Politecnico di Torino Stefano Paolo Corgnati \"in pieno coordinamento con la Ministra dell’Università e della Ricerca Anna Maria Bernini , venuto a conoscenza dell’annuncio di svolgimento della preghiera islamica del venerdì presso la sede centrale del Politecnico, ha immediatamente provveduto a inviare richiesta al Prefetto e al Questore di Torino di diffida dallo svolgere funzioni e attività presso le sedi dell’Ateneo nei confronti delle autorità religiose eventualmente coinvolte\".\nA renderlo noto è lo stesso Politecnico torinese. Rettore e ministra \"ribadiscono con forza i principi di indipendenza e laicità delle istituzioni universitarie\". È stato l' Imam Brahim Baya che la scorsa settimana aveva celebrato la preghiera del venerdì a Palazzo Nuovo, sede delle facoltà umanistiche dell’Università di Torino, occupata dagli studenti pro Palestina, ad annunciare sui social la preghiera di oggi al Politecnico. Dopo la preghiera dello scorso venerdì all’Università si erano levate molte polemiche.\nIn ginocchio pregano Allah: il video-choc dell'università di Torino, interviene il ministro | Guarda",
    "highlightText": "",
    "highlightTitle": "",
    "highlightThreadTitle": "",
    "language": "italian",
    "sentiment": "negative",
    "categories": [
        "Social Issue",
        "Religion and Belief",
        "War, Conflict and Unrest"
    ],
    "webz_reporter": false,
    "external_links": [],
    "external_images": [],
    "entities": {
        "persons": [],
        "organizations": [],
        "locations": []
    },
    "rating": null,
    "crawled": "2024-05-24T17:03:37.845+03:00",
    "updated": "2024-05-25T09:35:41.805+03:00"
}