{
    "thread": {
        "uuid": "aba9f9a819ddb0ef59229998dadf40d6ff3a4d4b",
        "url": "https://www.notimerica.com/politica/noticia-vaticano-vaticano-restituye-priora-eeuu-acusada-obispo-mantener-relaciones-cura-consumir-drogas-20240524143547.html",
        "site_full": "www.notimerica.com",
        "site": "notimerica.com",
        "site_section": "https://www.notimerica.com",
        "site_categories": [
            "travel",
            "south_america"
        ],
        "section_title": "\r\n\tNotimérica: Noticias de Iberoamérica\r\n",
        "title": "Vaticano restituye a priora de EEUU acusada por obispo de mantener relaciones con un cura y consumir drogas",
        "title_full": "Vaticano restituye a priora de EEUU acusada por obispo de mantener relaciones con un cura y consumir drogas",
        "published": "2024-05-24T15:35:00.000+03:00",
        "replies_count": 0,
        "participants_count": 1,
        "site_type": "news",
        "country": "MX",
        "main_image": "https://img.europapress.es/fotoweb/fotonoticia_20240524143547_1200.jpg",
        "performance_score": 0,
        "domain_rank": 97523,
        "domain_rank_updated": "2024-05-21T13:08:01.000+03:00",
        "reach": null,
        "social": {
            "facebook": {
                "likes": 0,
                "comments": 0,
                "shares": 0
            },
            "gplus": {
                "shares": 0
            },
            "pinterest": {
                "shares": 0
            },
            "linkedin": {
                "shares": 0
            },
            "stumbledupon": {
                "shares": 0
            },
            "vk": {
                "shares": 0
            }
        }
    },
    "uuid": "aba9f9a819ddb0ef59229998dadf40d6ff3a4d4b",
    "url": "https://www.notimerica.com/politica/noticia-vaticano-vaticano-restituye-priora-eeuu-acusada-obispo-mantener-relaciones-cura-consumir-drogas-20240524143547.html",
    "ord_in_thread": 0,
    "parent_url": null,
    "author": "Notimerica",
    "published": "2024-05-24T15:35:00.000+03:00",
    "title": "Vaticano restituye a priora de EEUU acusada por obispo de mantener relaciones con un cura y consumir drogas",
    "text": "ROMA, 24 May. (EUROPA PRESS) - El Dicasterio para los Institutos de Vida Consagrada y Sociedades de Vida Apostólica ha restituido a la priora del convento de las carmelitas de Arlington, en el estado de Texas (Estados Unidos), que había sido acusada de tener relaciones íntimas con un cura, consumo de drogas y desobediencia contumaz por el obispo de su diócesis Fort Worth, Michael Olson. En un decreto firmado el 30 de abril por este dicasterio y hecho público por el medio 'Life Site News', el Vaticano ha revocado la expulsión de la madre Agnes decretada por el obispo en junio de 2020. El pasado 16 de mayo el propio obispo reveló que había recibido un informe en abril de 2023 sobre que la madre Teresa había \"cometido pecados contra el Sexto Mandamiento y violado su voto de castidad con un sacerdote de fuera de la Diócesis de Fort Worth\". Un día después de ser nombrado Comisario Pontificio, el 1 de junio, Olson expulsó a la madre Teresa de la orden carmelita, declarando que su investigación de seis semanas la había considerado culpable de mantener relaciones íntimas con un sacerdote. Se le concedieron 30 días para apelar la decisión ante el Vaticano. Tras su apelación, el Vaticano ha decido restituirla al frente del convento.",
    "highlightText": "",
    "highlightTitle": "",
    "highlightThreadTitle": "",
    "language": "spanish",
    "sentiment": "negative",
    "categories": [
        "Religion and Belief",
        "Crime, Law and Justice",
        "Social Issue"
    ],
    "webz_reporter": false,
    "external_links": [],
    "external_images": [],
    "entities": {
        "persons": [],
        "organizations": [],
        "locations": []
    },
    "rating": null,
    "crawled": "2024-05-24T15:57:42.846+03:00",
    "updated": "2024-05-24T15:57:42.846+03:00"
}