{
    "thread": {
        "uuid": "c75811ab915fd8f9a1955bd2a8dc523895f98934",
        "url": "https://www.i24news.tv/fr/actu/france/artc-sejourne-influence-par-le-crif-quand-lfi-passe-de-la-glisse-au-derapage",
        "site_full": "www.i24news.tv",
        "site": "i24news.tv",
        "site_section": "https://i24news.tv/fr",
        "site_categories": [
            "media"
        ],
        "section_title": "I24NEWS - Toute l'actualité du Moyen-Orient, d'Israël et du monde entier",
        "title": "\"Séjourné Influencé Par Le Crif\" : Quand LFI Passe De La Glisse Au Dérapage - I24NEWS",
        "title_full": "\"Séjourné Influencé Par Le Crif\" : Quand LFI Passe De La Glisse Au Dérapage - I24NEWS",
        "published": "2024-05-23T22:43:00.000+03:00",
        "replies_count": 0,
        "participants_count": 1,
        "site_type": "news",
        "country": "FR",
        "main_image": "https://cdn.i24news.tv/uploads/3c/46/bd/dd/5a/be/c9/02/83/4a/91/5b/67/a8/92/9d/3c46bddd5abec902834a915b67a8929d.jpg",
        "performance_score": 0,
        "domain_rank": 8888,
        "domain_rank_updated": "2024-05-21T13:07:53.000+03:00",
        "reach": null,
        "social": {
            "facebook": {
                "likes": 1,
                "comments": 0,
                "shares": 2
            },
            "gplus": {
                "shares": 0
            },
            "pinterest": {
                "shares": 0
            },
            "linkedin": {
                "shares": 0
            },
            "stumbledupon": {
                "shares": 0
            },
            "vk": {
                "shares": 0
            }
        }
    },
    "uuid": "c75811ab915fd8f9a1955bd2a8dc523895f98934",
    "url": "https://www.i24news.tv/fr/actu/france/artc-sejourne-influence-par-le-crif-quand-lfi-passe-de-la-glisse-au-derapage",
    "ord_in_thread": 0,
    "parent_url": null,
    "author": "i24NEWS",
    "published": "2024-05-23T22:43:00.000+03:00",
    "title": "\"Séjourné Influencé Par Le Crif\" : Quand LFI Passe De La Glisse Au Dérapage - I24NEWS",
    "text": "\"Séjourné influencé par le Crif\" : quand LFI passe de la glisse au dérapage De \"Netanyahou le boucher\" au \"lobby juif ultra puissant\", il n'y a avait qu'un pas inconscient que Rima Hassan a franchi en sautillant [Eve Boccara](https://www.i24news.tv/fr/authors/eve-boccara)Rédactrice en chef A force de surfer sur un supposé irréprochable \"anti-israélisme\" qui n'aurait rien à voir avec \"l'antisémitisme\", LFI a fini par déraper. Et pas qu'un peu. Portée, sûrement, par le vent de passion de ses followers et de ses compagnons de route, la candidate LFI Rima Hassan a oublié de se conformer à la ligne éditoriale de son parti qui peut se résumer comme tel : \"Netanyahou, criminel de guerre\", \"Gaza, génocide\". Rien à voir avec les Juifs affirment les Mélenchon, Caron, Panot et autre Guiraud. Sauf que. De Netanyahou le boucher au lobby juif ultra puissant, il n'y a avait qu'un pas inconscient que Rima Hassan a franchi en sautillant. [https://twitter.com/i/web/status/1793280774965272698](https://twitter.com/i/web/status/1793280774965272698) Ce post ne peut être affiché car les cookies pour les réseaux sociaux sont désactivés. Vous pouvez les réactiver en cliquant sur . La candidate LFI a ainsi laissé entendre sur X que la déclaration du ministre des Affaires étrangères Séjourné selon laquelle on \"ne pouvait faire d'équivalence entre le Hamas et Israël\", lui était dictée... par le Crif, le fameux Conseil représentatif des institutions juives de France. Comme si une telle affirmation, de bon sens, ne pouvait venir que d'un lobby juif super puissant. Vieux refrain qui en dit long sur l'inconscient qui la guide et sur ces réseaux sociaux qui la grisent. Si les membres de LFI s'agacent de se voir accusés d'antisémitisme dans ce qui n'est somme toute, disent -ils, qu'une critique de la politique israélienne, les voilà pris au piège de leur mauvaise foi. En milieu d’après-midi, jeudi 23 mai, le ministre des Affaires étrangères a lui même réagi à cette accusation sur son compte X : \"Relents nauséabonds : je n’ai besoin de personne pour condamner les massacres antisémites du 7 octobre, et les crimes du Hamas\". Juste d'un peu d'humanité.",
    "highlightText": "",
    "highlightTitle": "",
    "highlightThreadTitle": "",
    "language": "french",
    "sentiment": "negative",
    "categories": [
        "Social Issue",
        "Politics",
        "Religion and Belief"
    ],
    "webz_reporter": false,
    "external_links": [
        "https://twitter.com/i/web/status/1793280774965272698",
        "https://twitter.com/i/web/status/1793280774965272698)",
        "https://www.twitter.com/i/web/status/1793280774965272698",
        "https://www.twitter.com/i/web/status/1793280774965272698)"
    ],
    "external_images": [],
    "entities": {
        "persons": [],
        "organizations": [],
        "locations": []
    },
    "rating": null,
    "crawled": "2024-05-24T00:14:35.623+03:00",
    "updated": "2024-05-24T00:14:35.623+03:00"
}