{
    "thread": {
        "uuid": "41cd74d57d7c2cd4b53e8045fcd86c3ea31a6403",
        "url": "https://istoe.com.br/casal-de-missionarios-dos-eua-e-assassinado-no-haiti",
        "site_full": "istoe.com.br",
        "site": "istoe.com.br",
        "site_section": "http://brazil.shafaqna.com/rss.xml",
        "site_categories": [
            "under_construction",
            "non_standard_content",
            "top_news"
        ],
        "section_title": "Brasil Notícias (Leitor de Notícias) | ",
        "title": "Casal de missionários dos EUA é assassinado no Haiti - ISTOÉ Independente",
        "title_full": "Casal de missionários dos EUA é assassinado no Haiti - ISTOÉ Independente",
        "published": "2024-05-24T03:00:00.000+03:00",
        "replies_count": 0,
        "participants_count": 1,
        "site_type": "news",
        "country": "BR",
        "main_image": "https://istoe.com.br/wp-includes/images/media/default.svg",
        "performance_score": 0,
        "domain_rank": 16804,
        "domain_rank_updated": "2024-05-21T13:07:53.000+03:00",
        "reach": null,
        "social": {
            "facebook": {
                "likes": 0,
                "comments": 0,
                "shares": 0
            },
            "gplus": {
                "shares": 0
            },
            "pinterest": {
                "shares": 0
            },
            "linkedin": {
                "shares": 0
            },
            "stumbledupon": {
                "shares": 0
            },
            "vk": {
                "shares": 0
            }
        }
    },
    "uuid": "41cd74d57d7c2cd4b53e8045fcd86c3ea31a6403",
    "url": "https://istoe.com.br/casal-de-missionarios-dos-eua-e-assassinado-no-haiti",
    "ord_in_thread": 0,
    "parent_url": null,
    "author": "admin3",
    "published": "2024-05-24T03:00:00.000+03:00",
    "title": "Casal de missionários dos EUA é assassinado no Haiti - ISTOÉ Independente",
    "text": "24/05/2024 - 15:34 Um casal de missionários americanos foi assassinado no Haiti, juntamente com outro religioso, em um ataque de gangues criminosas, anunciaram nesta sexta-feira (24) seus familiares e a organização à qual pertenciam. A Missions in Haiti, uma organização sem fins lucrativos com sede em Oklahoma, fundada em 2000, informou que Davy e Natalie Lloyd e um terceiro missionário foram mortos a tiros por membros de gangues na noite de quinta-feira. A terceira vítima foi identificada por vários meios de comunicação americanos como Jude Montis, o diretor haitiano do grupo religioso. “Davy, Natalie e Jude foram mortos a tiros por uma gangue por volta das 21h”, informou a organização em sua página no Facebook. “Estamos devastados”, acrescentou. Ben Baker, membro da Câmara dos Representantes do Missouri, confirmou que sua filha Natalie e seu genro haviam morrido. “Eles foram atacados por gangues esta noite e ambos foram mortos”, escreveu ele no Facebook. Em reação ao ataque, a Casa Branca pediu o rápido envio ao Haiti de uma missão internacional liderada pelo Quênia. “A situação de segurança no Haiti não pode esperar”, disse um porta-voz do Conselho de Segurança Nacional, observando que o presidente Joe Biden se comprometeu a apoiar o “envio urgente” da força, durante conversas com o mandatário queniano na quinta-feira. “Nossos corações estão com as famílias dos assassinados que sofrem uma dor inimaginável”, acrescentou o porta-voz. Um porta-voz do secretário-geral da ONU, António Guterres, também expressou as suas condolências e disse que este crime é “apenas mais um exemplo da violência que não poupa ninguém no Haiti”. O presidente do Quênia, William Ruto, prometeu, durante sua visita de Estado a Washington, que a missão terá o objetivo de acabar com as gangues do Haiti, o país mais pobre das Américas. bgs/bjt/mvv/yr/jb",
    "highlightText": "",
    "highlightTitle": "",
    "highlightThreadTitle": "",
    "language": "portuguese",
    "sentiment": "negative",
    "categories": [
        "Religion and Belief",
        "Crime, Law and Justice"
    ],
    "webz_reporter": false,
    "external_links": [],
    "external_images": [],
    "entities": {
        "persons": [],
        "organizations": [],
        "locations": []
    },
    "rating": null,
    "crawled": "2024-05-24T22:01:54.133+03:00",
    "updated": "2024-05-24T22:01:54.133+03:00"
}