{
    "thread": {
        "uuid": "ae096f984999891b9b9543fe0dba33351be81bc3",
        "url": "https://www.meneame.net/story/eduardo-verastegui-visita-especial-madrid-sanchez-no-ocurra-cruz/c037",
        "site_full": "www.meneame.net",
        "site": "meneame.net",
        "site_section": "http://meneame.net//comments_rss",
        "site_categories": [
            "media",
            "top_news"
        ],
        "section_title": "Menéame: comentarios",
        "title": "#37 Eduardo Verástegui, en su visita especial a Madrid: «Que a Sánchez no se le ocurra tocar la cruz del Valle»",
        "title_full": "#37 Eduardo Verástegui, en su visita especial a Madrid: «Que a Sánchez no se le ocurra tocar la cruz del Valle»",
        "published": "2024-05-24T15:25:00.000+03:00",
        "replies_count": 0,
        "participants_count": 1,
        "site_type": "news",
        "country": "ES",
        "main_image": "https://meneame.net/img/logo_meneame.png",
        "performance_score": 0,
        "domain_rank": 10939,
        "domain_rank_updated": "2024-05-21T13:07:53.000+03:00",
        "reach": null,
        "social": {
            "facebook": {
                "likes": 0,
                "comments": 0,
                "shares": 0
            },
            "gplus": {
                "shares": 0
            },
            "pinterest": {
                "shares": 0
            },
            "linkedin": {
                "shares": 0
            },
            "stumbledupon": {
                "shares": 0
            },
            "vk": {
                "shares": 0
            }
        }
    },
    "uuid": "ae096f984999891b9b9543fe0dba33351be81bc3",
    "url": "https://www.meneame.net/story/eduardo-verastegui-visita-especial-madrid-sanchez-no-ocurra-cruz/c037",
    "ord_in_thread": 0,
    "parent_url": null,
    "author": "Frontovik",
    "published": "2024-05-24T15:25:00.000+03:00",
    "title": "#37 Eduardo Verástegui, en su visita especial a Madrid: «Que a Sánchez no se le ocurra tocar la cruz del Valle»",
    "text": "Portada\nmis comunidades\notras secciones\n[#1](c1#c-1) Al contrario, si nadie toca la cruz es el destino que le espera. Ya lleva años cayéndose a cachos.\n[#6](c6#c-6) El recadero mexicano de Steve Bannon, una de las estrellas emergentes de la Internacional Fascista\n[#1](c1#c-1) Por lo que veo otro zumbao de la CPAC.\nYo tampoco le conocía... cada día que amanece el número de tontos crece\n[#1](c1#c-1) Me pregunto si no seria mas conveniente ponerla al reves y usar el espacio para produccion de videoclips de death metal y similares generos musicales.\n[#1](c1#c-1) Busca en el perfil de [Verdaderofalso](/user/Verdaderofalso) que ha aportado mucho material sobre él.\nMerece la pena para ver el nivel de oligofrenia que campa en las cúpulas de la fachosfera mundial.\n[#21](c21#c-21) Eres pedante hasta para encomillar.\nPuede que salga pero es que no me interesa para nada lo que diga, volvemos a lo mismo. Menéame al igual que forocoches era interesante cuando había gente que posteaba sus inquietudes pero ahora sois todos cybervoluntarios, para un meneo interesante hay docenas de mierdas como tú envió que le puede interesar al retrasado que le importe ese personaje, que no es nadie, o al retrasado que se indigne porque haya personajes así, y entre unos y otros les estáis dando eco a personajes que no lo merecen pero claro, de algo hay que vivir ¿verdad?.\n[#17](c17#c-17) Cada día entro menos y vuelvo a la prensa escrita.\nLa verdad es que cada vez hay más mierda de cybervoluntarios, antes estaba bien porque había enlaces interesantes pero ahora es propaganda, igual que forocoches.\nTú el primero.c",
    "highlightText": "",
    "highlightTitle": "",
    "highlightThreadTitle": "",
    "language": "spanish",
    "sentiment": "negative",
    "categories": [
        "Politics",
        "Religion and Belief"
    ],
    "webz_reporter": false,
    "external_links": [],
    "external_images": [],
    "entities": {
        "persons": [],
        "organizations": [],
        "locations": []
    },
    "rating": null,
    "crawled": "2024-05-24T16:28:05.072+03:00",
    "updated": "2024-05-24T16:28:05.072+03:00"
}