{
    "thread": {
        "uuid": "ef692325837da03ea55e7dff7273b8f2cc84299f",
        "url": "https://www.meneame.net/story/iglesia-espanola-gigantesca-inmobilaria-acapara-100000-espana/c029",
        "site_full": "www.meneame.net",
        "site": "meneame.net",
        "site_section": "https://www.meneame.net/comments_rss",
        "site_categories": [
            "media",
            "top_news"
        ],
        "section_title": "Menéame: comentarios",
        "title": "#29 La iglesia española: una gigantesca inmobilaria que acapara 100Â000 propiedades en España",
        "title_full": "#29 La iglesia española: una gigantesca inmobilaria que acapara 100Â000 propiedades en España",
        "published": "2024-05-24T12:23:00.000+03:00",
        "replies_count": 0,
        "participants_count": 1,
        "site_type": "news",
        "country": "ES",
        "main_image": "https://meneame.net/img/logo_meneame.png",
        "performance_score": 0,
        "domain_rank": 10939,
        "domain_rank_updated": "2024-05-21T13:07:53.000+03:00",
        "reach": null,
        "social": {
            "facebook": {
                "likes": 0,
                "comments": 0,
                "shares": 0
            },
            "gplus": {
                "shares": 0
            },
            "pinterest": {
                "shares": 0
            },
            "linkedin": {
                "shares": 0
            },
            "stumbledupon": {
                "shares": 0
            },
            "vk": {
                "shares": 0
            }
        }
    },
    "uuid": "ef692325837da03ea55e7dff7273b8f2cc84299f",
    "url": "https://www.meneame.net/story/iglesia-espanola-gigantesca-inmobilaria-acapara-100000-espana/c029",
    "ord_in_thread": 0,
    "parent_url": null,
    "author": "Feindesland",
    "published": "2024-05-24T12:23:00.000+03:00",
    "title": "#29 La iglesia española: una gigantesca inmobilaria que acapara 100Â000 propiedades en España",
    "text": "Portada\nmis comunidades\notras secciones\n[#3](c3#c-3) [#2](c2#c-2) no se qué veis de incomprensible\nNo sólo se ha facilitado y propiciado durante siglos, sino que en los últimos años, aún se les ha dado más manga ancha.\nPor lo visto, con eso de que toda la gente le pide tanto a su dios continuamente, se debe de amortizar de algún modo.\nEn fin, magufadas, lo normal.. mientras formen parte del adn político-socio-cultural.\n[#1](c1#c-1) Estas sectas siempre están disponibles para entrar en los negocios de verdad: nadie mejor que ellos para legitimizar y glorificar golpes de estado y dictadores genocidas como los que han propiciado el expolio en España o la religión que alimenta con su irracionalidad la invasión de Palestina.\n[#11](c11#c-11) No se donde leí que la desamortización de Mendizabal fue quitarle tierras a la iglesia para repartírselas luego 4 señoritos ricos.\nAdenda (De la susodicha desamortización de Mendizabal en la wikipedia) :\nLos pequeños labradores no pudieron entrar en las pujas y las tierras fueron compradas por nobles y burgueses urbanos adinerados, de forma que no pudo crearse una verdadera burguesía o clase media en España que sacase al país de su marasmo.\n[#28](c28#c-28) Añádele que, según alguinos cálculos, suposu la deforestación de entre el cinco y el 7% de todo el país, una ruina para el partrimionio artístico y una ruina fatal para los aparceros que pasaron de estar en \"renta antigua\" a no poder vivir de sus tierras.\nUn desastre.\nA mi me hace bastante gracia, ( por decirlo suavemente) cada vez que paso por la calle Almagro de Madrid por la puerta de un conjunto de edificios de la Iglesia que abarcan toda una enorme manzana y que probablemente este en el podium de los terrenos más caros de todo Madrid. ¿sabeis como se llama la congregación que vive allí? Hermanitas de los pobres. Con dos ovarios.\nY empezaron con un establo!\nHay que desamortizar todos los bienes cuyo uso no sea el de templo para oficios reliosos o monasterios.\nLas residencias de los curas, obispos y demás deben estar a su nombre y pagar los impuestos correspondientes como persona física.\n[#18](c18#c-18)\nNo me hagas reír.\nInmuebles para caridad ?\nPor eso no pagan IBI ,ni IVA y muy probablemente esas monjas cobraban en negro.\nDecía Saramago que la Iglesia solo ha servido para separar, quemar y torturar\nNunca para unir a la gente.\nLa Iglesia es el Gran Parásito de nuestra sociedad..",
    "highlightText": "",
    "highlightTitle": "",
    "highlightThreadTitle": "",
    "language": "spanish",
    "sentiment": "negative",
    "categories": [
        "Social Issue",
        "Religion and Belief"
    ],
    "webz_reporter": false,
    "external_links": [],
    "external_images": [],
    "entities": {
        "persons": [],
        "organizations": [],
        "locations": []
    },
    "rating": null,
    "crawled": "2024-05-24T13:27:46.203+03:00",
    "updated": "2024-05-24T13:27:46.203+03:00"
}