{
    "thread": {
        "uuid": "cedc971bdb2846d1e8e058d4d1bdb2883a2644cc",
        "url": "https://www.elcorreo.com/opinion/antonio-soler-vos-20240524005015-ntrc.html",
        "site_full": "www.elcorreo.com",
        "site": "elcorreo.com",
        "site_section": "http://www.elcorreo.com/bizkaia/rss/atom?seccion=40-aniversario-muerte-franco",
        "site_categories": [
            "tech",
            "top_news"
        ],
        "section_title": "RSS de noticias de ",
        "title": "Y vos más",
        "title_full": "Y vos más",
        "published": "2024-05-24T00:50:00.000+03:00",
        "replies_count": 0,
        "participants_count": 1,
        "site_type": "news",
        "country": "ES",
        "main_image": "https://s3.ppllstatics.com/rc/www/multimedia/2024/05/24/milei-opinion.JPG",
        "performance_score": 0,
        "domain_rank": 9174,
        "domain_rank_updated": "2024-05-21T13:07:53.000+03:00",
        "reach": null,
        "social": {
            "facebook": {
                "likes": 0,
                "comments": 0,
                "shares": 0
            },
            "gplus": {
                "shares": 0
            },
            "pinterest": {
                "shares": 0
            },
            "linkedin": {
                "shares": 0
            },
            "stumbledupon": {
                "shares": 0
            },
            "vk": {
                "shares": 0
            }
        }
    },
    "uuid": "cedc971bdb2846d1e8e058d4d1bdb2883a2644cc",
    "url": "https://www.elcorreo.com/opinion/antonio-soler-vos-20240524005015-ntrc.html",
    "ord_in_thread": 0,
    "parent_url": null,
    "author": "Antonio Soler",
    "published": "2024-05-24T00:50:00.000+03:00",
    "title": "Y vos más",
    "text": "Y vos más\nYa se ha visto la zarpa del lobo en Eslovaquia. Es el resultado de atrincherar a los fieles\nNecesitas ser suscriptor para acceder a esta funcionalidad.\nViernes, 24 de mayo 2024, 00:50\nSecciones\nServicios\nDestacamos\nEdición\nNecesitas ser suscriptor para acceder a esta funcionalidad.\nViernes, 24 de mayo 2024, 00:50\nNecesitas ser suscriptor para acceder a esta funcionalidad.\nCompartir\nEl ring verbal está abierto. O más bien el patio de colegio. El enigma ya no es qué fue antes, si el huevo o la gallina, sino Puente o Milei. Atendiendo a la cronología, el misterio se resuelve pronto. Todos lo sabemos. Pero el asunto ...\n¿Ya eres suscriptor/a?\nInicia sesión\nPublicidad\nPublicidad\nTe puede interesar\n<a href=\"https://www.elnortedecastilla.es/valladolid/localizado-menor-anos-desaparecido-sabado-valladolid-20240519183515-nt.html#vca=voc-recirc&vso=elcorreo\">\nLocalizado el menor de 14 años desaparecido desde el sábado en Valladolid\n</a>\nEl Norte de Castilla\n<a href=\"https://www.diariovasco.com/gipuzkoa/mapa-serpientes-localizadas-euskadi-20240522132519-nt.html#vca=voc-recirc&vso=elcorreo\">\nAranzadi actualiza el mapa de serpientes localizadas en Euskadi\n</a>\nEl Diario Vasco\n<a href=\"https://www.eldiariomontanes.es/region/ason/piden-cambio-nombre-ceip-miguel-primo-rivera-20240522122548-nt.html#vca=voc-recirc&vso=elcorreo\">\nAmpuero debate el cambio de nombre para el colegio Miguel Primo de Rivera\n</a>\nEl Diario Montañés\nPublicidad\nPublicidad\nNoticias destacadas\nComentar es una ventaja exclusiva para suscriptores\n¿Ya eres suscriptor?\nNecesitas ser suscriptor para poder votar.\nReporta un error en esta noticia",
    "highlightText": "",
    "highlightTitle": "",
    "highlightThreadTitle": "",
    "language": "spanish",
    "sentiment": "negative",
    "categories": [
        "Politics",
        "Social Issue",
        "Religion and Belief"
    ],
    "webz_reporter": false,
    "external_links": [
        "https://www.eldiariomontanes.es/region/ason/piden-cambio-nombre-ceip-miguel-primo-rivera-20240522122548-nt.html#vca=voc-recirc&vso=elcorreo",
        "https://www.elnortedecastilla.es/valladolid/localizado-menor-anos-desaparecido-sabado-valladolid-20240519183515-nt.html#vca=voc-recirc&vso=elcorreo",
        "https://www.diariovasco.com/gipuzkoa/mapa-serpientes-localizadas-euskadi-20240522132519-nt.html#vca=voc-recirc&vso=elcorreo",
        "https://elnortedecastilla.es/valladolid/localizado-menor-anos-desaparecido-sabado-valladolid-20240519183515-nt.html#vca=voc-recirc&vso=elcorreo",
        "https://eldiariomontanes.es/region/ason/piden-cambio-nombre-ceip-miguel-primo-rivera-20240522122548-nt.html#vca=voc-recirc&vso=elcorreo",
        "https://diariovasco.com/gipuzkoa/mapa-serpientes-localizadas-euskadi-20240522132519-nt.html#vca=voc-recirc&vso=elcorreo"
    ],
    "external_images": [],
    "entities": {
        "persons": [],
        "organizations": [],
        "locations": []
    },
    "rating": null,
    "crawled": "2024-05-24T03:13:07.044+03:00",
    "updated": "2024-05-24T03:13:07.044+03:00"
}