{
    "thread": {
        "uuid": "36d2e5d3c9c0fecfa50296979236adcc25f13c01",
        "url": "https://www.dna.fr/societe/2024/05/23/l-expulsion-d-un-imam-de-toulouse-confirmee-par-le-conseil-d-etat",
        "site_full": "www.dna.fr",
        "site": "dna.fr",
        "site_section": "https://dna.fr/france-monde",
        "site_categories": [
            "travel",
            "france",
            "top_news"
        ],
        "section_title": "Info France - Monde : actualités, météo, faits divers, culture et sport",
        "title": "Religion. L’expulsion d’un imam de Toulouse confirmée par le Conseil d’État",
        "title_full": "Religion. L’expulsion d’un imam de Toulouse confirmée par le Conseil d’État",
        "published": "2024-05-23T21:32:00.000+03:00",
        "replies_count": 0,
        "participants_count": 1,
        "site_type": "news",
        "country": "FR",
        "main_image": "https://cdn-s-www.dna.fr/images/E204FBF0-B346-421F-B863-5B19B21A2DEC/FB1200/photo-1716485559.jpg",
        "performance_score": 0,
        "domain_rank": 17338,
        "domain_rank_updated": "2024-05-21T13:07:53.000+03:00",
        "reach": null,
        "social": {
            "facebook": {
                "likes": 0,
                "comments": 0,
                "shares": 0
            },
            "gplus": {
                "shares": 0
            },
            "pinterest": {
                "shares": 0
            },
            "linkedin": {
                "shares": 0
            },
            "stumbledupon": {
                "shares": 0
            },
            "vk": {
                "shares": 0
            }
        }
    },
    "uuid": "36d2e5d3c9c0fecfa50296979236adcc25f13c01",
    "url": "https://www.dna.fr/societe/2024/05/23/l-expulsion-d-un-imam-de-toulouse-confirmee-par-le-conseil-d-etat",
    "ord_in_thread": 0,
    "parent_url": null,
    "author": "La rédaction avec AFP",
    "published": "2024-05-23T21:32:00.000+03:00",
    "title": "Religion. L’expulsion d’un imam de Toulouse confirmée par le Conseil d’État",
    "text": "Religion L’expulsion d’un imam de Toulouse confirmée par le Conseil d’État L’imam de la Grande mosquée de Toulouse avait été condamné des propos haineux envers les juifs lors d’un prêche. Le Conseil d’État a confirmé jeudi l’expulsion d’un imam de Toulouse prononcée en avril pour des propos haineux envers les juifs, selon une décision consultée par l’AFP. Le Conseil est allé dans le sens de la justice administrative, qui avait rejeté le recours en urgence déposé par Mohamed Tataïat. Cet imam de la Grande mosquée de Toulouse avait été condamné en 2022 à quatre mois d’emprisonnement avec sursis pour avoir tenu lesdits propos lors d’un prêche. Mohamed Tataïat avait été arrêté à son domicile le 19 avril, sur autorisation du juge des libertés et de la détention, [puis expulsé](/faits-divers-justice/2024/04/20/expulsion-vers-l-algerie-d-un-imam-condamne-pour-provocation-a-la-haine). Ses avocats avaient alors déposé un recours devant le juge des référés, dénonçant une expulsion expéditive et ne tenant pas compte de son comportement exemplaire depuis le prêche décrié, prononcé en 2017. Ce recours a toutefois été rejeté par le tribunal administratif de Paris, décision confirmée jeudi par le Conseil d’État. Vers un nouveau recours Arrivé en France en 1985, Mohamed Tataïat avait rejoint Toulouse deux ans plus tard pour exercer à la mosquée du quartier Empalot. Le ministre de l’Intérieur [Gérald Darmanin](/p/gerald-darmanin), qui avait signé l’arrêté d’expulsion, a pris note de la décision du Conseil d’État sur X (ex-Twitter), en se félicitant de la « fermeté » et de l’« efficacité de la loi immigration ». Vincent Brengarth, l’avocat de Mohamed Tataïat, a annoncé son intention de déposer un nouveau recours, sur le fond cette fois, et assuré que son client avait « poursuivi sans le moindre incident ses prêches depuis 2017 » et « qu’aucune menace à l’ordre public n’(avait) été démontrée par l’administration ». Dans son ordonnance fin avril, le tribunal estimait que les propos de Mohamed Tataïat « constituent une provocation explicite et délibérée à la discrimination, à la haine et à la violence contre un groupe de personnes - en l’espèce, les Juifs -, et revêtent une résonance et une gravité particulière depuis l’attaque du 7 octobre 2023 menée par le Hamas à l’encontre d’Israël ».",
    "highlightText": "",
    "highlightTitle": "",
    "highlightThreadTitle": "",
    "language": "french",
    "sentiment": "negative",
    "categories": [
        "Religion and Belief"
    ],
    "webz_reporter": false,
    "external_links": [],
    "external_images": [],
    "entities": {
        "persons": [],
        "organizations": [],
        "locations": []
    },
    "rating": null,
    "crawled": "2024-05-24T00:05:48.711+03:00",
    "updated": "2024-05-24T00:05:48.711+03:00"
}