{
    "thread": {
        "uuid": "65f8928656879b72040b2b1e24005cf5bdbfb67e",
        "url": "https://www.cmjornal.pt/portugal/detalhe/vaga-de-assaltos-no-centro-da-cidade-de-matosinhos",
        "site_full": "www.cmjornal.pt",
        "site": "cmjornal.pt",
        "site_section": "https://cmjornal.pt/desporto",
        "site_categories": [
            "media",
            "top_news"
        ],
        "section_title": "As principais notícias de Desporto",
        "title": "Vaga de assaltos no centro da cidade de Matosinhos - Portugal - Correio da Manhã",
        "title_full": "Vaga de assaltos no centro da cidade de Matosinhos - Portugal - Correio da Manhã",
        "published": "2024-05-24T13:28:00.000+03:00",
        "replies_count": 0,
        "participants_count": 1,
        "site_type": "news",
        "country": "PT",
        "main_image": "https://cdn.cmjornal.pt/images/2023-09/img_1200x676$2023_09_11_19_41_12_1440638.jpg",
        "performance_score": 0,
        "domain_rank": 22494,
        "domain_rank_updated": "2024-05-21T13:07:53.000+03:00",
        "reach": null,
        "social": {
            "facebook": {
                "likes": 0,
                "comments": 0,
                "shares": 0
            },
            "gplus": {
                "shares": 0
            },
            "pinterest": {
                "shares": 0
            },
            "linkedin": {
                "shares": 0
            },
            "stumbledupon": {
                "shares": 0
            },
            "vk": {
                "shares": 0
            }
        }
    },
    "uuid": "65f8928656879b72040b2b1e24005cf5bdbfb67e",
    "url": "https://www.cmjornal.pt/portugal/detalhe/vaga-de-assaltos-no-centro-da-cidade-de-matosinhos",
    "ord_in_thread": 0,
    "parent_url": null,
    "author": "Manuel Jorge Bento",
    "published": "2024-05-24T13:28:00.000+03:00",
    "title": "Vaga de assaltos no centro da cidade de Matosinhos - Portugal - Correio da Manhã",
    "text": "Padroeiro da Internet que morreu aos 15 anos vai ser o novo santo da Igreja Jovens que ganhem até 5800 euros por mês têm aval público para comprar casa Quem são as vítimas do desabamento de restaurante em Palma de Maiorca Grupo rapta e marca rapaz com ferro em brasa na Moita Letizia e Felipe VI já vivem separados. Saiba tudo aqui Descarrilamento do metro em Alvalade corta circulação na Linha Verde Mulher exige indemnização de 600 mil euros a ex-marido por \"danos causados pela frustração do casamento\" Aprovado alargamento do IVA da eletricidade a 6% para 3,4 milhões de famílias José Castelo Branco apanhado a sair de casa da amiga pela garagem Veja o vídeo da incrível festa \"Somos Todos Gamers\" com os convidados especiais Inês Aires Pereira fala da separação Zelensky vai visitar Espanha na próxima segunda-feira Relação do Porto confirma internamento a menor que aplicou \"golpe mata-leão\" a professora Oficial: Xavi despedido do Barcelona O homem que queria matar André Ventura e o pânico no voo SQ321 Chefe da espionagem russa diz que a Ucrânia esteve diretamente envolvida no ataque a sala de concertos em Moscovo Quer receber as últimas notícias no seu telemóvel ainda mais rápido? Siga aqui o ALERTA CM Vaga de assaltos no centro da cidade de Matosinhos Ocorrem durante a madrugada. Manuel Jorge Bento 11:28 PSP FOTO: Peter Spark/movephoto \"Tem havido tantos assaltos que estamos a tentar, entre os comerciantes, criar um fundo para pagar a um guarda-noturno\", Filipe Santos é dono de dois estabelecimentos na Rua Afonso Cordeiro, Matosinhos - alvo de três roubos -, e confirma uma vaga de assaltos a lojas do centro da cidade, sempre durante a madrugada.\nÀs 5h22 de quarta-feira, o alvo foi uma loja de roupa na Rua Ló Ferreira. Foram roubadas peças de elevado valor - o assalto foi captado pela videovigilância.\n\"Em março, assaltaram a loja nos dias 10 e 22. O prejuízo é de cinco mil euros\", disse Rui Monteiro, coproprietário de outra loja de roupa, na Rua Tomaz Ribeiro.",
    "highlightText": "",
    "highlightTitle": "",
    "highlightThreadTitle": "",
    "language": "portuguese",
    "sentiment": "negative",
    "categories": [
        "Religion and Belief",
        "Crime, Law and Justice"
    ],
    "webz_reporter": false,
    "external_links": [
        "https://www.vidas.pt/a-ferver/detalhe/letizia-e-felipe-vi-ja-vivem-separados-saiba-tudo-aqui?ref=Ultimas_DestaquesPrincipais",
        "https://whatsapp.com/channel/0029VaEc0mX2P59fYdyEV53o",
        "https://www.vidas.pt/a-ferver/detalhe/ines-aires-pereira-fala-da-separacao",
        "https://vidas.pt/a-ferver/detalhe/letizia-e-felipe-vi-ja-vivem-separados-saiba-tudo-aqui?ref=Ultimas_DestaquesPrincipais",
        "https://www.whatsapp.com/channel/0029VaEc0mX2P59fYdyEV53o",
        "https://vidas.pt/a-ferver/detalhe/ines-aires-pereira-fala-da-separacao",
        "https://www.vidas.pt/a-ferver/detalhe/letizia-e-felipe-vi-ja-vivem-separados-saiba-tudo-aqui"
    ],
    "external_images": [],
    "entities": {
        "persons": [],
        "organizations": [],
        "locations": []
    },
    "rating": null,
    "crawled": "2024-05-24T13:33:34.736+03:00",
    "updated": "2024-05-24T15:46:34.400+03:00"
}