{
    "thread": {
        "uuid": "1012164a5c7d09e5f3c767393147cad24abdaccf",
        "url": "https://www.osservatoreromano.va/it/news/2024-05/quo-117/lutto-nell-episcopato.html",
        "site_full": "www.osservatoreromano.va",
        "site": "osservatoreromano.va",
        "site_section": "https://www.osservatoreromano.va/it.html/",
        "site_categories": [
            "religion",
            "catholicism"
        ],
        "section_title": "L&#39;Osservatore Romano",
        "title": "Lutto nell'episcopato - L'Osservatore Romano",
        "title_full": "Lutto nell'episcopato - L'Osservatore Romano",
        "published": "2024-05-24T16:24:00.000+03:00",
        "replies_count": 0,
        "participants_count": 1,
        "site_type": "news",
        "country": "IT",
        "main_image": "https://www.osservatoreromano.va/etc/designs/osservatoreromano/release/library/main/images/icons/default-icon.png",
        "performance_score": 0,
        "domain_rank": 32618,
        "domain_rank_updated": "2024-05-21T13:07:53.000+03:00",
        "reach": null,
        "social": {
            "facebook": {
                "likes": 0,
                "comments": 0,
                "shares": 0
            },
            "gplus": {
                "shares": 0
            },
            "pinterest": {
                "shares": 0
            },
            "linkedin": {
                "shares": 0
            },
            "stumbledupon": {
                "shares": 0
            },
            "vk": {
                "shares": 0
            }
        }
    },
    "uuid": "1012164a5c7d09e5f3c767393147cad24abdaccf",
    "url": "https://www.osservatoreromano.va/it/news/2024-05/quo-117/lutto-nell-episcopato.html",
    "ord_in_thread": 0,
    "parent_url": null,
    "author": "L'Osservatore Romano",
    "published": "2024-05-24T16:24:00.000+03:00",
    "title": "Lutto nell'episcopato - L'Osservatore Romano",
    "text": "S.E. Monsignor Janusz Edmund Zimniak, vescovo titolare di Polignano, già ausiliare di Bielsko Żywiec, in Polonia, è morto oggi, venerdì 24 maggio, all’età di 90 anni. Il compianto presule era infatti nato a Tychy, in arcidiocesi di Katowice, il 6 settembre 1933, ed era divenuto sacerdote il 9 settembre 1956. Eletto alla sede titolare di Polignano e al contempo nominato ausiliare di Katowice il 25 settembre 1980, aveva ricevuto l’ordinazione episcopale il successivo 4 novembre. Il 25 marzo 1992, in seguito all’erezione della nuova diocesi di Bielsko Żywiec, ne era stato nominato vescovo ausiliare e il 16 gennaio 2010 aveva rinunciato all’ufficio pastorale. - - - SEZIONI - RUBRICHE - [DONNE CHIESA MONDO](/it/donne-chiesa-mondo.html) - [L'OSSERVATORE DI STRADA](/it/osservatore-di-strada.html) - [ABBONAMENTI](/it/pages/abbonamenti.html) - ARCHIVIO 24 maggio 2024 - Informazioni Utili - [Contatti](/it/pages/contatti.html) - [Note Legali](/it/note-legali.html) - [Privacy Policy](/it/privacy-policy.html) - [Cookie Policy](/it/cookie-policy.html) - Link Utili - [Santa Sede](https://www.vatican.va/content/vatican/it.html) - [Sala Stampa](https://www.vatican.va/news_services/press/index_it.htm) - [Vatican News](https://www.vaticannews.va/it.html) L'Osservatore Romano 00120 Città del Vaticano. Tutti i diritti riservati Cookie Policy Il portale Osservatore Romano utilizza cookies tecnici o assimilati per rendere più agevole la navigazione e garantire la fruizione dei servizi ed anche cookies tecnici e di analisi di terze parti. Se vuoi saperne di più [clicca qui](/it/cookie-policy.html). Chiudendo questo banner acconsenti all’uso dei cookies. ACCONSENTO",
    "highlightText": "",
    "highlightTitle": "",
    "highlightThreadTitle": "",
    "language": "italian",
    "sentiment": "negative",
    "categories": [
        "Religion and Belief",
        "Human Interest"
    ],
    "webz_reporter": false,
    "external_links": [
        "https://www.vatican.va/news_services/press/index_it.htm)",
        "https://www.vaticannews.va/it.html)",
        "https://www.vatican.va/content/vatican/it.html)",
        "https://vaticannews.va/it.html)",
        "https://vatican.va/content/vatican/it.html)",
        "https://vatican.va/news_services/press/index_it.htm)"
    ],
    "external_images": [],
    "entities": {
        "persons": [],
        "organizations": [],
        "locations": []
    },
    "rating": null,
    "crawled": "2024-05-24T17:19:16.171+03:00",
    "updated": "2024-05-24T17:19:16.171+03:00"
}