{
    "thread": {
        "uuid": "f3f2d3f97f699ea865a3cef03a13f885e90e3d03",
        "url": "https://g1.globo.com/pa/santarem-regiao/noticia/2024/04/04/campanha-do-hemocentro-de-santarem-em-ruropolis-teve-doacoes-de-mais-de-200-bolsas-de-sangue.ghtml",
        "site_full": "g1.globo.com",
        "site": "globo.com",
        "site_section": "http://g1.globo.com/Rss2/0,,AS0-9658,00.xml",
        "site_categories": [
            "media",
            "top_news"
        ],
        "section_title": "g1",
        "title": "Campanha do Hemocentro de Santarém em Ruropólis teve doações de mais de 200 bolsas de sangue",
        "title_full": "Campanha do Hemocentro de Santarém em Ruropólis teve doações de mais de 200 bolsas de sangue",
        "published": "2024-04-04T23:32:00.000+03:00",
        "replies_count": 0,
        "participants_count": 0,
        "site_type": "news",
        "country": "BR",
        "main_image": "https://s2-g1.glbimg.com/8UakLozl0ab8pNtidVizBL2hueU=/1200x/smart/filters:cover():strip_icc()/i.s3.glbimg.com/v1/AUTH_59edd422c0c84a879bd37670ae4f538a/internal_photos/bs/2022/2/F/ZmiUTKQieBclhWBGyIeA/sangue.jpg",
        "performance_score": 0,
        "domain_rank": 752,
        "domain_rank_updated": "2024-04-02T13:08:08.000+03:00",
        "reach": null,
        "social": {
            "facebook": {
                "likes": 0,
                "comments": 0,
                "shares": 0
            },
            "gplus": {
                "shares": 0
            },
            "pinterest": {
                "shares": 0
            },
            "linkedin": {
                "shares": 0
            },
            "stumbledupon": {
                "shares": 0
            },
            "vk": {
                "shares": 0
            }
        }
    },
    "uuid": "f3f2d3f97f699ea865a3cef03a13f885e90e3d03",
    "url": "https://g1.globo.com/pa/santarem-regiao/noticia/2024/04/04/campanha-do-hemocentro-de-santarem-em-ruropolis-teve-doacoes-de-mais-de-200-bolsas-de-sangue.ghtml",
    "ord_in_thread": 0,
    "parent_url": null,
    "author": null,
    "published": "2024-04-04T23:32:00.000+03:00",
    "title": "Campanha do Hemocentro de Santarém em Ruropólis teve doações de mais de 200 bolsas de sangue",
    "text": "1 de 1 Bolsa de sangue doada ao Hemocentro de Ribeirão Preto, SP — Foto: Reprodução/EPTV Bolsa de sangue doada ao Hemocentro de Ribeirão Preto, SP — Foto: Reprodução/EPTV\nEncerrou na quarta-feira (3), a campanha de coleta de sangue em Rurópolis , sudoeste do Pará. De acordo com gerente do Hemocentro Regional de Santarém, Rita Favacho, durante a campanha foram coletadas 209 bolsas, garantindo a estabilização dos estoques e demonstrando o interesse da população com a saúde coletiva.\n✅ Clique aqui e siga o canal g1 Santarém e Região no WhatsApp\nAinda segundo a gerente, já há planos para retornar a Rurópolis no mês de julho, para fortalecer ainda mais o suprimento de sangue na região.\n“Só temos a agradecer a todos os profissionais envolvidos, a todas as entidades envolvidas e a gente já tem planos para retorno a Rurópolis no mês de julho”, ressaltou Rita Favacho.\nDe acordo com Rita Favacho, a campanha não apenas reforçou a importância da doação de sangue, mas também mostrou o espírito comunitário e a capacidade de mobilização da cidade. Os resultados alcançados são fruto do trabalho conjunto e do comprometimento de todos os envolvidos.\nCom os estoques agora estabilizados, o Hemocentro Regional está mais preparado para atender às necessidades transfusionais da população, garantindo assim a continuidade dos serviços de saúde e o bem-estar dos pacientes.\n“A colaboração da Secretaria Municipal da Saúde e dos profissionais envolvidos também foi fundamental para o sucesso da iniciativa”, finalizou Rita Favacho.\n*Colaborou Alcindo Lima/Repórter 94 FM\nVÍDEOS: Mais vistos do g1 Santarém e Região\n50 vídeos Rurópolis",
    "highlightText": "",
    "highlightTitle": "",
    "highlightThreadTitle": "",
    "language": "portuguese",
    "sentiment": "positive",
    "categories": [
        "Health"
    ],
    "external_links": [],
    "external_images": [],
    "entities": {
        "persons": [],
        "organizations": [],
        "locations": []
    },
    "rating": null,
    "crawled": "2024-04-05T00:01:41.261+03:00",
    "updated": "2024-04-05T00:09:49.757+03:00"
}