{
    "thread": {
        "uuid": "a3b9a2686d197c7134f087faccbdb7f23ccccd78",
        "url": "https://kellysthoughtsonthings.com/mushroom-supplements-enhancing-your-wellness-routine",
        "site_full": "kellysthoughtsonthings.com",
        "site": "kellysthoughtsonthings.com",
        "site_section": "https://kellysthoughtsonthings.com/category/lifestyle/",
        "site_categories": [
            "education",
            "shopping",
            "business"
        ],
        "section_title": "LifeStyle Archives - Kellys Thoughts On Things",
        "title": "Mushroom Supplements: Enhancing Your Wellness Routine",
        "title_full": "Mushroom Supplements: Enhancing Your Wellness Routine",
        "published": "2024-04-04T22:09:00.000+03:00",
        "replies_count": 0,
        "participants_count": 1,
        "site_type": "news",
        "country": "US",
        "main_image": "https://kellysthoughtsonthings.com/wp-content/uploads/2024/04/Mushroom-Supplements_-Enhancing-Your-Wellness-Routine-172.jpg",
        "performance_score": 0,
        "domain_rank": 76892,
        "domain_rank_updated": "2024-04-02T13:08:16.000+03:00",
        "reach": null,
        "social": {
            "facebook": {
                "likes": 0,
                "comments": 0,
                "shares": 0
            },
            "gplus": {
                "shares": 0
            },
            "pinterest": {
                "shares": 0
            },
            "linkedin": {
                "shares": 0
            },
            "stumbledupon": {
                "shares": 0
            },
            "vk": {
                "shares": 0
            }
        }
    },
    "uuid": "a3b9a2686d197c7134f087faccbdb7f23ccccd78",
    "url": "https://kellysthoughtsonthings.com/mushroom-supplements-enhancing-your-wellness-routine",
    "ord_in_thread": 0,
    "parent_url": null,
    "author": "Devante",
    "published": "2024-04-04T22:09:00.000+03:00",
    "title": "Mushroom Supplements: Enhancing Your Wellness Routine",
    "text": "Enhance your health with mushroom supplements in Australia, leveraging the power of functional or medicinal mushrooms that have carved a niche in the wellness industry. Offering a plethora of health benefits, from boosting immunity to enhancing cognitive functions, these mushrooms transcend the culinary realm.\nBeyond edible varieties like Reishi, Lion’s Mane, and Chaga used in cooking, options extend to powders, capsules, and tinctures.\nDive into how these organic supplements can seamlessly integrate into your daily routine, exploring their benefits and versatile uses.\nTable of Contents\nToggle\nThe Magic of Mushrooms: Revealing Their Health Benefits Finding Your Perfect Mushroom Match Tips for Maximising the Benefits of Mushroom Supplements Conclusion The Magic of Mushrooms: Revealing Their Health Benefits For centuries now, mushrooms have been used in traditional medicine; it appears that modern science is only just beginning to catch up with the possibilities offered by traditional medicine.\nHere are some of the key benefits they can provide:\nImmune Support: Two examples of mushrooms supporting the body’s immunity are Turkey Tail and Reishi; these two are well-known for their abilities to guard one’s body against diseases. Enhance Cognitive Functioning: Mushrooms are also considered brain foods. An example of this kind of mushroom is Lion’s Mane which is famous for enhancing one’s memory, concentration and general cognitive function. Stress Relief and Anxiety Mitigation: Another type of adaptogenic mushroom is Reishi which can help the body when responding to stress. Additionally, adaptogenic mushrooms may make us feel calm and happy as well. Energy and Performance: Cordyceps mushrooms are frequently used by various athletes for increasing energy levels and improving physical performance without any jittery feeling linked to coffee consumption. Finding Your Perfect Mushroom Match There are many different types of mushroom supplements on the market today, making it difficult to know which one will be right for your body. To get started, you may read the quick guide made especially for you!:\nObjective Recognition: To improve one’s welfare, try to identify your fitness goals. This will enable you to make the right choice from among the many types of mushrooms available. Professional Consultation: Always consult a medical expert before including supplements into your normal routine in order to be on the safer side in terms of health complications that may arise. Quality and Purity: You should go for reputable brands that use natural mushrooms and have them tested by an independent body. In this way, their efficiency and purity are ensured. Integration into Daily Routine: After establishing your targets and talking to an expert, start taking mushroom tablets into everyday life little by little. Morning Boost To begin the day with an added health kick, you may want to add mushroom powder to your morning coffee, tea or smoothie. If you prefer something simple and convenient, you can take mushroom capsules together with other morning supplements.\nLunchtime Refresher Sprinkle it over your salad or mix mushroom powder into a midday soup for a healthy boost at lunchtime. Water or herbal tea can become an excellent pick-me-up in the afternoon by adding a mushroom tincture.\nEvening Ritual for Relaxation Mushrooms like Reishi have been known for their calming effects. They are taken at night to help calm you down and make sure that you have an undisturbed sleep. Mushroom hot cocoa or tea is a great way to relax before bed.\nTips for Maximising the Benefits of Mushroom Supplements To get the most out of your mushroom supplements, keep these tips in mind:\nConsistency is Essential: Take supplements regularly as per the recommended dosage to experience the desired results. Monitor Your Response: Listen to your body’s reactions and adjust the timing or dosage accordingly. Combine with Healthy Habits: Supplement use should complement a balanced lifestyle with proper nutrition and exercise. Conclusion To add to your health regimen naturally and effectively, you must take mushroom supplements.\nThey come in diverse forms so that you can use them to address various issues like improving mental ability, boosting the immune system or promoting general good health.",
    "highlightText": "",
    "highlightTitle": "",
    "highlightThreadTitle": "",
    "language": "english",
    "sentiment": "positive",
    "categories": [
        "Health"
    ],
    "external_links": [
        "https://kissedearth.com.au/collections/mushrooms",
        "https://www.kissedearth.com.au/collections/mushrooms"
    ],
    "external_images": [],
    "entities": {
        "persons": [
            {
                "name": "chaga",
                "sentiment": "none"
            }
        ],
        "organizations": [],
        "locations": [
            {
                "name": "australia",
                "sentiment": "none"
            },
            {
                "name": "reishi",
                "sentiment": "none"
            }
        ]
    },
    "rating": null,
    "crawled": "2024-04-05T00:03:39.158+03:00",
    "updated": "2024-04-05T00:03:39.158+03:00"
}