{
    "thread": {
        "uuid": "893ab7236c17b08d922f67d538b2267bdd9056b0",
        "url": "https://allwomenstalk.com/dr-maxim-ivanchuk-clinic-face-your-face-25",
        "site_full": "allwomenstalk.com",
        "site": "allwomenstalk.com",
        "site_section": "https://allwomenstalk.com",
        "site_categories": [
            "uncategorized"
        ],
        "section_title": "Allwomenstalk",
        "title": "The Ultimate Youthful Transformation - Dr. Maxim Ivanchuk Clinic Introduces \"Face Your Face 25\"...",
        "title_full": "The Ultimate Youthful Transformation - Dr. Maxim Ivanchuk Clinic Introduces \"Face Your Face 25\"...",
        "published": "2024-04-04T23:20:00.000+03:00",
        "replies_count": 0,
        "participants_count": 1,
        "site_type": "news",
        "country": "US",
        "main_image": "https://img.allw.mn/thumbs/29/laet6r7j1rd3w6sgomf6k4_1080x1349.jpg",
        "performance_score": 0,
        "domain_rank": 13487,
        "domain_rank_updated": "2024-04-02T13:08:08.000+03:00",
        "reach": null,
        "social": {
            "facebook": {
                "likes": 0,
                "comments": 0,
                "shares": 0
            },
            "gplus": {
                "shares": 0
            },
            "pinterest": {
                "shares": 0
            },
            "linkedin": {
                "shares": 0
            },
            "stumbledupon": {
                "shares": 0
            },
            "vk": {
                "shares": 0
            }
        }
    },
    "uuid": "893ab7236c17b08d922f67d538b2267bdd9056b0",
    "url": "https://allwomenstalk.com/dr-maxim-ivanchuk-clinic-face-your-face-25",
    "ord_in_thread": 0,
    "parent_url": null,
    "author": "Associate",
    "published": "2024-04-04T23:20:00.000+03:00",
    "title": "The Ultimate Youthful Transformation - Dr. Maxim Ivanchuk Clinic Introduces \"Face Your Face 25\"...",
    "text": "The fountain of youth has finally been found, of all places in the office of a Dubai plastic surgeon. Ukraineâ€™s Dr. Maxim Ivanchukâ€™s world-renowned clinic has unveiled the \"Face Your Face 25\" package, a revolutionary collection of over 25 treatments and procedures tailored to turn back the clock and offer a youthful visage that harkens back to the patientâ€™s twenties. Snapshot Survey Thanks for sharing your thoughts! Please subscribe for your personalized newsletter: The \"Face Your Face 25\" Experience The breadth and depth of the \"Face Your Face 25\" package are unmatched. Featuring pioneering techniques like the Ponytail Endoscopic Lift, innovative Chin Modelling, and the avant-garde J Plasma technology, each procedure is carefully selected for its ability to achieve a balanced, youthful look with results that are both transformative and natural. Embark on a Journey of Rejuvenation The \"Face Your Face 25\" experience is more than a mere treatment; it's a comprehensive path to uncovering a more youthful, revitalized you. Dr. Ivanchuk, a distinguished figure in cosmetic surgery, has handpicked a suite of treatments that collectively address every facial aesthetic concern imaginable. Whether it's enhancing the lines of the jaw and neck or delicately altering the shape of the nose and eyes, this package represents the pinnacle of aesthetic enhancement. Scores of patients have already witnessed the remarkable results of Dr. Ivanchuk's expertise. Their [transformative photos](https://www.ivanchuk.com/face-your-face-success-stories/) are a testament to his skill. Patients of this special treatment are guaranteed personalized, exclusive care to get the absolute best outcome. True to the clinic's philosophy of individualized care, Dr. Ivanchuk personally leads each patient's transformation journey, limiting the practice to 25 patients a year. This is for the sake of quality, so that each patient gets the most effective treatment and attention they need to reach their cosmetic goals. Your safety and comfort are another guarantee. The clinic ensures a painless experience with gas anesthesia and provides a post-operative stay in their modern hospital for all-encompassing postoperative care. This includes a specialized recovery program designed for quick and smooth rehabilitation. Exploring the Transformation Process The \"Face Your Face 25\" package is a comprehensive blend of modern and classic techniques designed to restore youthfulness. No stone has been left unturned in Dr. Ivanchukâ€™s search for the best combination of methods to pull of his procedure. Key treatments include: - Ponytail Endoscopic Lift: A minimally invasive lift that rejuvenates the skin. - Chin Modelling and the Sculpting of the Lower Zygomatic Area: Procedures that improve facial symmetry by modifying the chin and cheeks. - Elimination of the Double Chin and Highlighting the Angle of Youth: Strategies to refine the neck and achieve a youthful profile. - Extensive Lipofilling: Targeting the temples, cheeks, nasolacrimal groove, and lips to restore volume and enhance facial aesthetics. - Advanced Rhinoplasty, Septoplasty, and Buccal Fat Pad Removal: Procedures to perfect and define the nose and face. - Cutting-edge CO2 Laser and Stem Cell Therapies: For skin renewal, complemented by J Plasma for superior skin tightening and refinement. Investing in a Lifetime of Confidence For $120,000, the \"Face Your Face 25\" package is an investment in self-esteem and well-being. With Dr. Ivanchuk, patients receive comprehensive care under one roof, eliminating the need to seek out various specialists. It's not merely about appearing younger; it's about feeling bold and empowered, ready to face a future where age does not define you, and confidence is your defining trait. Discover Dr. Maxim Ivanchuk Clinic A true innovator in cosmetic surgery, Dr. Maxim Ivanchuk Clinic is celebrated for its adoption of the latest technologies and personalized patient care approach. The clinic and its namesake founder are at the forefront of reimagining beauty and transformation standards. For those poised to take this transformative step and reverse the signs of aging, \"Face Your Face 25\" is ready for you. Learn more about this exclusive opportunity by visiting their website and begin your journey towards a renewed sense of youth and vitality with Dr. Maxim Ivanchuk Clinic.",
    "highlightText": "",
    "highlightTitle": "",
    "highlightThreadTitle": "",
    "language": "english",
    "sentiment": "positive",
    "categories": [
        "Lifestyle and Leisure",
        "Health"
    ],
    "external_links": [
        "https://www.ivanchuk.com/face-your-face-success-stories/)",
        "https://ivanchuk.com/face-your-face-success-stories/)"
    ],
    "external_images": [],
    "entities": {
        "persons": [
            {
                "name": "maxim ivanchuk",
                "sentiment": "negative"
            },
            {
                "name": "ivanchuk",
                "sentiment": "none"
            },
            {
                "name": "maxim ivanchukâ",
                "sentiment": "none"
            }
        ],
        "organizations": [],
        "locations": [
            {
                "name": "dubai",
                "sentiment": "none"
            }
        ]
    },
    "rating": null,
    "crawled": "2024-04-05T00:45:31.094+03:00",
    "updated": "2024-04-05T00:45:31.094+03:00"
}