{
    "thread": {
        "uuid": "b55598c45a760022882fb56f5c76a4c6d7576042",
        "url": "https://steelcraftgifts.com/2024/04/04/knowing-the-waste-management-to-bigger-in-time-place",
        "site_full": "steelcraftgifts.com",
        "site": "steelcraftgifts.com",
        "site_section": "https://steelcraftgifts.com/category/uncategorized/",
        "site_categories": [],
        "section_title": null,
        "title": "",
        "title_full": "",
        "published": "2024-04-05T00:04:00.000+03:00",
        "replies_count": 0,
        "participants_count": 1,
        "site_type": "news",
        "country": null,
        "main_image": "",
        "performance_score": 0,
        "domain_rank": 41648,
        "domain_rank_updated": "2024-04-02T13:08:13.000+03:00",
        "reach": null,
        "social": {
            "facebook": {
                "likes": 0,
                "comments": 0,
                "shares": 0
            },
            "gplus": {
                "shares": 0
            },
            "pinterest": {
                "shares": 0
            },
            "linkedin": {
                "shares": 0
            },
            "stumbledupon": {
                "shares": 0
            },
            "vk": {
                "shares": 0
            }
        }
    },
    "uuid": "b55598c45a760022882fb56f5c76a4c6d7576042",
    "url": "https://steelcraftgifts.com/2024/04/04/knowing-the-waste-management-to-bigger-in-time-place",
    "ord_in_thread": 0,
    "parent_url": null,
    "author": "denismonzon27",
    "published": "2024-04-05T00:04:00.000+03:00",
    "title": "",
    "text": "When you workout your body releases “happy” chemicals called endorphins. These help anyone to feel better and may be much better (and cheaper) alternative to prescription drugs. Trouble is, most people think “gym” an individual mentions exercise. This doesn’t have to be. Any form of exercise is superior to none. A brisk walk will do nicely. Same goes with leaving your further away in the Parking management System lot and walking a few extra steps to the store. Take the stairs instead of the elevator and are doing easy exercise that will yourself.\nIf you’ll find items that can be sold such as your old clothes that do not fit you or some old mattress inside your apartment, then try to market them with just one cheaper prices. Hold a garage sale right within your own to your home. This will earn you extra cash and help recycle metals.\nWhen you put a camper park under contract positive if you definitely wish to have a stipulation in the contract which allow you confirm exactly what the seller claims so far as well as look at the overall feasibility of buying. Due Diligence will with the physical, economic, demographic and market feasibility belonging to the project. This time around period is often between 30 and two months. In conducting your research you look to identify anything that poses a possible issue of which you will often to change or fix. These usually cope with the cleanliness of the park (junk & trash piled up), mismanagement, deficit of rule enforcement, collections, expenses that could be reduced.\nIf an individual among the increasing number of an individual who work from home, you comprehend that it has some many advantages – no traffic and parking hassles, no office politics to get you down, nobody looking over your shoulder, you can wear your own slippers to work, additionally can set flexible work hours. But these same great benefits come with drawbacks – a feeling of isolation, no external pressure to keep you motivated simply task, no limit to get a work hours and hours. In essence, when you are not careful you can easily end up with “at work” all the time.\nPets are also regulated in the majority of neighborhoods. Couple of different methods restrictions over the number of pets the growing Parking management System have. This is especially valid to pets that create loud noise such as dogs.\nBroadcast letters. After staying home for your first year after my daughter was given birth to I needed a proactive way other then applying online come across a job. I was lucky enough to know exactly what I needed to do when I went for you to work influenced by is things i did. I printed out on professional resume paper my resume and cover letter and sent it to every staffing agency and recruiting office in a 45 mile radius of my place. I got more call backs from this then I conducted applying virtual.\nSmart parking solutions offer numerous benefits, such as optimizing parking space utilization, guiding drivers to available spots, and reducing the time spent searching for parking. parking management systems. These systems not only enhance convenience for drivers but also contribute to improved traffic flow and decreased carbon emissions from vehicles circling in search of p\nIn case of airport transport, driving your car to manchester international and leaving it unattended in the parking lot can be rather risky. In the same time, the parking charges could also run the decision of be quite high. In such cases it is recommended to call a good airport bicycle. You can book your car in advance and achieve airport easily.\nBring a Dish. When you have a party, ask everyone to have a dish. Also ask them to carpool with other sites to save much on gas and make parking management systems more painless. Give a special gift to the carpool driver / designated driver.\nWhen you know exactly is actually causing stress in your life, should find methods to erase these underlying stressors. Take for example always rushing beneficial need to get somewhere. Instead of being in the rush, get ready to leave your house earlier. Have ample driving time, and time to obtain a parking management system – if always be a concern. This will help take a look at only reduce stress buy may also possibly allow you to enjoy your car ride!\nReal-time data provides up-to-the-minute information on space availability, guiding drivers to open spots promptly and reducing congestion. Predictive analytics further enhance this capability by analyzing historical data to predict future trends, enabling parking facilities to allocate resources effectively. This proactive approach not only improves operational efficiency but also boosts customer satisfaction by minimizing wait times and optimizing the overall parking exper\nI have personally driven Nissan’s during the last 7 prolonged time. I have had a Maxima, Pathfinder, 2 Sentra’s, and currently my wife drives a Murano. Over a combined 400K miles currently have put on our cars the only none maintenance (oil, tires, brakes, therefore forth.) we spent on those cars was a $20 O2 sensor. Is actually usually hard to compete with that kind of quality. Is especially hard for Ford and GM now that they are trying automobile their reputation and crawl out from massive varieties of debt.",
    "highlightText": "",
    "highlightTitle": "",
    "highlightThreadTitle": "",
    "language": "english",
    "sentiment": "positive",
    "categories": [
        "Lifestyle and Leisure",
        "Health",
        "Human Interest"
    ],
    "external_links": [
        "https://sites.google.com/view/parkingmanagementsystem3/home",
        "https://www.sites.google.com/view/parkingmanagementsystem3/home"
    ],
    "external_images": [],
    "entities": {
        "persons": [],
        "organizations": [],
        "locations": []
    },
    "rating": null,
    "crawled": "2024-04-05T00:43:02.005+03:00",
    "updated": "2024-04-05T00:43:02.005+03:00"
}