{
    "thread": {
        "uuid": "a0f6d29a82f3884d6ef4c9dcc4131a013e8332b4",
        "url": "http://business.dailytimesleader.com/dailytimesleader/article/getnews-2024-4-4-shore-homecare-services-reaffirms-its-dedication-to-providing-exceptional-home-care-in-howell-nj",
        "site_full": "business.dailytimesleader.com",
        "site": "dailytimesleader.com",
        "site_section": "http://business.dailytimesleader.com/dailytimesleader/markets/news",
        "site_categories": [],
        "section_title": "Stock Market News | NSDQ, NYSE, and AMEX Stock Market News, Market News Categories, Market Indicators | User | dailytimesleader.com ",
        "title": "Shore Homecare Services Reaffirms Its Dedication to Providing Exceptional Home Care in Howell, NJ | User | dailytimesleader.com",
        "title_full": "Shore Homecare Services Reaffirms Its Dedication to Providing Exceptional Home Care in Howell, NJ | User | dailytimesleader.com",
        "published": "2024-04-04T03:00:00.000+03:00",
        "replies_count": 0,
        "participants_count": 1,
        "site_type": "news",
        "country": "US",
        "main_image": "",
        "performance_score": 0,
        "domain_rank": 85398,
        "domain_rank_updated": "2024-04-02T13:08:16.000+03:00",
        "reach": null,
        "social": {
            "facebook": {
                "likes": 0,
                "comments": 0,
                "shares": 0
            },
            "gplus": {
                "shares": 0
            },
            "pinterest": {
                "shares": 0
            },
            "linkedin": {
                "shares": 0
            },
            "stumbledupon": {
                "shares": 0
            },
            "vk": {
                "shares": 0
            }
        }
    },
    "uuid": "a0f6d29a82f3884d6ef4c9dcc4131a013e8332b4",
    "url": "http://business.dailytimesleader.com/dailytimesleader/article/getnews-2024-4-4-shore-homecare-services-reaffirms-its-dedication-to-providing-exceptional-home-care-in-howell-nj",
    "ord_in_thread": 0,
    "parent_url": null,
    "author": "Get News",
    "published": "2024-04-04T03:00:00.000+03:00",
    "title": "Shore Homecare Services Reaffirms Its Dedication to Providing Exceptional Home Care in Howell, NJ | User | dailytimesleader.com",
    "text": "Shore Homecare Services in Howell, NJ, led by Fernando Reinoso, continues to offer exceptional senior care, emphasizing independence and dignity. With personalized care plans and a dedicated team, they ensure seniors live comfortably at home. For more details, Google it at https://shorehomecareservices.com. Howell, NJ - Shore Homecare Services, under the guidance of Fernando Reinoso, proudly reaffirmed its commitment to the Howell community today by continuing its provision of superior home care services. Recognizing the importance of reliable senior care, Shore Homecare Services remains dedicated to ensuring that families in Howell, NJ, have access to the compassionate and professional care their loved ones deserve.\n\"In an ever-evolving home care landscape, our constant is our commitment to the families we serve,\" stated Fernando Reinoso. At Shore Homecare Services, we understand the critical importance of accessible, high-quality senior care in Howell, NJ. We are dedicated to providing seniors with the support and care they need to live safely and comfortably in their homes, respecting their independence and dignity.\"\nShore Homecare Services offers a comprehensive range of home care solutions tailored to meet each client's individual needs. From personal care and assistance with daily living activities to specialized care for those with chronic conditions, Shore Homecare Services employs a team of experienced and compassionate caregivers dedicated to enhancing the quality of life for seniors in Howell, NJ.\nThe ongoing demand for dependable senior care services in Howell, NJ, underscores the community's trust in Shore Homecare Services as a leading provider. By continuously striving to exceed expectations through personalized care plans and a commitment to excellence, Shore Homecare Services solidifies its position as a pillar of support for families throughout Howell, NJ.\nFor more information about Shore Homecare Services and their home care in Howell, NJ , please visit their website at https://shorehomecareservices.com\nAbout Shore Homecare Services:\nShore Homecare Services is a leading provider of home care and senior care services in Howell, NJ. Known for its commitment to quality, compassion, and innovation, Shore Homecare Services offers a range of personalized care options designed to meet the diverse needs of the senior community. With a focus on dignity, independence, and well-being, Shore Homecare Services remains dedicated to enhancing the lives of seniors and their families in Howell, NJ, and beyond.\nMedia Contact\nCompany Name: Shore Homecare Services\nContact Person: Fernando Reinoso\nEmail: Send Email\nPhone: +1 732 534 5000\nAddress: 19 N County Line Rd Suite #13\nCity: Jackson Township\nState: NJ\nCountry: United States\nWebsite: https://shorehomecareservices.com\nData & News supplied by www.cloudquote.io\nStock quotes supplied by Barchart\nQuotes delayed at least 20 minutes.\nBy accessing this page, you agree to the following\nPrivacy Policy and Terms and Conditions .",
    "highlightText": "",
    "highlightTitle": "",
    "highlightThreadTitle": "",
    "language": "english",
    "sentiment": "positive",
    "categories": [
        "Health"
    ],
    "external_links": [
        "https://www.getnews.info/press_stat.php?pr=shore-homecare-services-reaffirms-its-dedication-to-providing-exceptional-home-care-in-howell-nj",
        "https://shorehomecareservices.com",
        "https://www.cloudquote.io",
        "https://www.googletagmanager.com/gtag/js?id=UA-8590502-3",
        "http://www.universalpressrelease.com/?pr=shore-homecare-services-reaffirms-its-dedication-to-providing-exceptional-home-care-in-howell-nj",
        "https://shorehomecareservices.com/services/",
        "https://shorehomecareservices.com.",
        "https://www.cloudquote.io/article/5",
        "https://www.cloudquote.io/article/6",
        "https://tracking.newsrpm.com/pixel?slug=getnews-2024-4-4-shore-homecare-services-reaffirms-its-dedication-to-providing-exceptional-home-care-in-howell-nj",
        "https://www.googletagmanager.com/gtag/js",
        "https://cloudquote.io/article/5",
        "http://universalpressrelease.com/?pr=shore-homecare-services-reaffirms-its-dedication-to-providing-exceptional-home-care-in-howell-nj",
        "https://cloudquote.io/article/6",
        "https://shorehomecareservices.com/services",
        "https://tracking.newsrpm.com/pixel",
        "https://getnews.info/press_stat.php?pr=shore-homecare-services-reaffirms-its-dedication-to-providing-exceptional-home-care-in-howell-nj",
        "https://googletagmanager.com/gtag/js?id=UA-8590502-3",
        "https://www.getnews.info/press_stat.php",
        "http://www.universalpressrelease.com/",
        "https://cloudquote.io",
        "https://www.tracking.newsrpm.com/pixel?slug=getnews-2024-4-4-shore-homecare-services-reaffirms-its-dedication-to-providing-exceptional-home-care-in-howell-nj",
        "https://www.shorehomecareservices.com/services/",
        "https://www.shorehomecareservices.com",
        "https://www.shorehomecareservices.com."
    ],
    "external_images": [],
    "entities": {
        "persons": [
            {
                "name": "fernando reinoso",
                "sentiment": "negative"
            },
            {
                "name": "howell",
                "sentiment": "none"
            }
        ],
        "organizations": [
            {
                "name": "shore homecare services",
                "sentiment": "negative"
            },
            {
                "name": "google",
                "sentiment": "none"
            },
            {
                "name": "nj - shore homecare services",
                "sentiment": "none"
            },
            {
                "name": "fernando reinoso",
                "sentiment": "none"
            }
        ],
        "locations": [
            {
                "name": "howell",
                "sentiment": "none"
            }
        ]
    },
    "rating": null,
    "crawled": "2024-04-05T01:12:05.626+03:00",
    "updated": "2024-04-05T01:12:05.626+03:00"
}