{
    "thread": {
        "uuid": "cf06e1e2ba34b52ee380201064441f7d91f95159",
        "url": "https://www.onegreenplanet.org/animals/10-benefits-of-animal-assisted-therapy-for-elderly-individuals",
        "site_full": "www.onegreenplanet.org",
        "site": "onegreenplanet.org",
        "site_section": "https://flipboard.com/@pdimmick.rss",
        "site_categories": [
            "food",
            "vegan"
        ],
        "section_title": "P Dimmick",
        "title": "10 Benefits of Animal-Assisted Therapy for Elderly Individuals",
        "title_full": "10 Benefits of Animal-Assisted Therapy for Elderly Individuals",
        "published": "2024-04-04T20:12:00.000+03:00",
        "replies_count": 0,
        "participants_count": 1,
        "site_type": "news",
        "country": "US",
        "main_image": "https://www.onegreenplanet.org/wp-content/uploads/2023/11/shutterstock-452697667.jpg",
        "performance_score": 0,
        "domain_rank": 6840,
        "domain_rank_updated": "2024-04-02T13:08:08.000+03:00",
        "reach": null,
        "social": {
            "facebook": {
                "likes": 0,
                "comments": 0,
                "shares": 0
            },
            "gplus": {
                "shares": 0
            },
            "pinterest": {
                "shares": 0
            },
            "linkedin": {
                "shares": 0
            },
            "stumbledupon": {
                "shares": 0
            },
            "vk": {
                "shares": 0
            }
        }
    },
    "uuid": "cf06e1e2ba34b52ee380201064441f7d91f95159",
    "url": "https://www.onegreenplanet.org/animals/10-benefits-of-animal-assisted-therapy-for-elderly-individuals",
    "ord_in_thread": 0,
    "parent_url": null,
    "author": "Mathew Davis",
    "published": "2024-04-04T20:12:00.000+03:00",
    "title": "10 Benefits of Animal-Assisted Therapy for Elderly Individuals",
    "text": "Help keep One Green Planet free and independent! Together we can ensure our platform remains a hub for empowering ideas committed to fighting for a sustainable, healthy, and compassionate world. Please support us in keeping our mission strong. Animal-assisted therapy has gained recognition as a valuable intervention for improving the overall well-being of elderly individuals. The presence of animals, whether through direct interaction or companionship, offers a range of benefits that positively impact their physical, emotional, and social health. This article explores ten key advantages of [animal-assisted therapy](https://www.onegreenplanet.org/animals/the-healing-power-10-benefits-of-animal-assisted-therapy-for-children-with-autism/) for seniors, shedding light on the transformative power of these unique and meaningful connections. 1. Reduced Feelings of Loneliness and Isolation – Interacting with animals can alleviate feelings of loneliness and isolation commonly experienced by elderly individuals. – Animals provide companionship and unconditional love, creating a sense of connection and reducing [social isolation](https://www.onegreenplanet.org/natural-health/social-frailty-empowering-older-adults-through-connection-and-support/). 2. Improved Mental Health – Animal-assisted therapy has been shown to reduce symptoms of depression, [anxiety](https://www.onegreenplanet.org/natural-health/how-cashews-can-help-with-stress-and-anxiety/), and stress in elderly individuals. – The presence of animals can promote feelings of happiness, relaxation, and a sense of purpose, enhancing overall mental well-being. 3. Enhanced Cognitive Function – Interacting with animals stimulates cognitive functions in elderly individuals, improving [memory](https://www.onegreenplanet.org/news/study-shows-rats-showcase-unprecedented-memory-recall-abilities/), attention, and problem-solving skills. – Engaging in activities such as training or caring for animals can help maintain cognitive abilities and prevent cognitive decline. 4. Increased Physical Activity – Animal-assisted therapy encourages elderly individuals to engage in physical activities such as walking, playing, or [grooming](https://www.onegreenplanet.org/news/5-dog-grooming-scares/) animals. – Regular physical activity improves cardiovascular health, strengthens muscles, and enhances overall physical well-being. 5. Lowered Blood Pressure and Heart Rate – The presence of animals has been shown to reduce [blood pressure](https://www.onegreenplanet.org/natural-health/10-super-plants-herbs-to-naturally-reduce-blood-pressure-and-hypertension/) and heart rate in elderly individuals. – Petting or stroking animals releases endorphins, promoting relaxation and stress reduction, leading to improved cardiovascular health. 6. Enhanced Socialization and Communication – Animals act as social catalysts, facilitating social interactions and conversations among [elderly](https://www.onegreenplanet.org/news/elderly-cat-adopts-woman-moves-in/) individuals. – Pets can serve as icebreakers, encouraging conversation and enabling seniors to connect with others, including caregivers, family, and peers. 7. Increased Sense of Purpose and Responsibility – Caring for animals provides elderly individuals with a sense of purpose, responsibility, and routine. – [Feeding](https://www.onegreenplanet.org/news/wildlife-center-staff-wears-fox-masks-while-feeding-cubs/), grooming, and training animals instill a sense of accomplishment and self-worth, promoting a positive outlook on life. 8. Eased Transition to Assisted Living or Nursing Homes – Animal-assisted therapy can ease the transition to assisted living or nursing homes for elderly individuals. – The presence of animals in these environments can create a sense of familiarity, comfort, and homeliness, reducing anxiety and [stress](https://www.onegreenplanet.org/natural-health/how-peppermint-oil-can-help-ease-digestion-and-improve-stress/). 9. Improved Emotional Well-being – Interacting with animals has been shown to increase the production of oxytocin, a hormone associated with feelings of happiness and bonding. – Pets provide emotional [Support](https://www.onegreenplanet.org/donate-page/?utm_source=KL), unconditional love, and a source of comfort, improving overall emotional [well-being](https://www.onegreenplanet.org/news/sniffing-for-dogs-well-being/). 10. Enhanced Motivation and Overall Quality of Life – The presence of animals motivates elderly individuals to engage in activities, maintain routines, and take better care of themselves. – Animal-assisted therapy contributes to a higher quality of life, [fostering](https://www.onegreenplanet.org/news/cat-finally-gets-friend-after-fostering-dozens-others/) feelings of joy, purpose, and overall well-being. Animal-assisted therapy offers a multitude of benefits for elderly individuals, encompassing physical, emotional, and social aspects of their well-being. From reducing loneliness and depression to improving cognitive function and physical activity, the presence of animals has the power to transform the lives of seniors. By recognizing and incorporating animal companionship into eldercare programs, we can enhance the overall quality of life for older adults and promote their holistic well-being. [Animals Are My Favorite People by Tiny Rescue: Animal Collection](https://tinyrescue.org/sustainable-animal-rights-clothing/) [Click here to Support Us](https://www.onegreenplanet.org/donate-page/?tag=onegrepla-20) Related Content: [The Healing Power: 10 Benefits of Animal-Assisted Therapy for Children with Autism](https://www.onegreenplanet.org/animals/the-healing-power-10-benefits-of-animal-assisted-therapy-for-children-with-autism/) [The Power of Pet Therapy: 10 Animal-Assisted Activities for Healing and Well-being](https://www.onegreenplanet.org/animals/the-power-of-pet-therapy-10-animal-assisted-activities-for-healing-and-well-being/) [Florida Program Uses Farm Animals to Help Rehabilitate Inmates](https://www.onegreenplanet.org/news/florida-program-uses-farm-animals-to-help-rehabilitate-inmates/) [Paws for Healing: The Journey of a Therapy Cat-Human Amputee Duo](https://www.onegreenplanet.org/news/paws-for-healing-the-journey-of-a-therapy-cat-human-amputee-duo/) [Are Cats or Dogs Better Support Animals? This New Study Has an Answer!](https://www.onegreenplanet.org/news/are-cats-or-dogs-better-support-animals-this-new-study-has-an-answer/) Easy Ways to Help the Planet: - Eat Less Meat: Download [Food Monster](https://apps.apple.com/us/app/food-monster-vegan-recipes/id1052988561), the largest plant-based [Recipe app](https://apps.apple.com/us/app/food-monster-vegan-recipes/id1052988561/?utm_source=KL)on the App Store, to help reduce your environmental footprint, save animals and get healthy. You can also buy a hard or soft copy of our [favorite vegan cookbooks](https://www.onegreenplanet.org/vegancookbooks/). - Reduce Your Fast Fashion Footprint: Take initiative by standing up against fast fashion [Pollution](https://tinyrescue.org/sustainable-climate-change-clothing/?utm_source=KL)and supporting sustainable and circular brands like [Tiny Rescue](https://tinyrescue.org/)that raise awareness around important issues through recycled zero-waste clothing designed to be returned and remade over and over again. [Support](https://www.onegreenplanet.org/donate-page/?utm_source=KL)Independent Media: Being publicly funded gives us a greater chance to continue providing you with high-quality content. Please consider [supporting us](https://www.onegreenplanet.org/donate-page/)by donating! - Sign a Petition: Your voice matters! Help turn petitions into victories by signing the latest list of [must-sign petitions](https://www.onegreenplanet.org/tag/petitions/)to help people, animals, and the planet. - Stay Informed: Keep up with the latest news and important stories involving animals, the environment, sustainable living, food, health, and human interest topics by subscribing to [our newsletter](http://www.onegreenplanet.org/newsletter/)! - Do What You Can: Reduce waste, plant trees, eat local, travel responsibly, reuse stuff, say no to single-use plastics, recycle, vote smart, switch to cold water laundry, divest from fossil fuels, save water, shop wisely, [Donate](https://www.onegreenplanet.org/donate-page/?utm_source=KL)if you can, grow your food, volunteer, conserve energy, compost, and don’t forget about the microplastics and microbeads lurking in common household and personal care products!",
    "highlightText": "",
    "highlightTitle": "",
    "highlightThreadTitle": "",
    "language": "english",
    "sentiment": "positive",
    "categories": [
        "Health",
        "Human Interest"
    ],
    "external_links": [
        "https://apps.apple.com/us/app/food-monster-vegan-recipes/id1052988561/?utm_source=KL",
        "https://tinyrescue.org/sustainable-climate-change-clothing/?utm_source=KL",
        "https://apps.apple.com/us/app/food-monster-vegan-recipes/id1052988561",
        "https://tinyrescue.org/",
        "https://tinyrescue.org/sustainable-animal-rights-clothing/",
        "https://www.apps.apple.com/us/app/food-monster-vegan-recipes/id1052988561",
        "https://www.tinyrescue.org/sustainable-animal-rights-clothing/",
        "https://tinyrescue.org/sustainable-climate-change-clothing/",
        "https://apps.apple.com/us/app/food-monster-vegan-recipes/id1052988561/",
        "https://tinyrescue.org",
        "https://www.apps.apple.com/us/app/food-monster-vegan-recipes/id1052988561/?utm_source=KL",
        "https://www.tinyrescue.org/",
        "https://www.tinyrescue.org/sustainable-climate-change-clothing/?utm_source=KL",
        "https://tinyrescue.org/sustainable-animal-rights-clothing"
    ],
    "external_images": [],
    "entities": {
        "persons": [],
        "organizations": [],
        "locations": [
            {
                "name": "one green planet",
                "sentiment": "none"
            }
        ]
    },
    "rating": null,
    "crawled": "2024-04-05T00:03:54.742+03:00",
    "updated": "2024-04-13T06:07:23.102+03:00"
}