{
    "thread": {
        "uuid": "9178e17d1f9d8ab93f724b7d3e228f6fcab3c97a",
        "url": "https://csimarket.com/news/invivyd-launches-revolutionary-viral-protection-product-pemgarda-in-the-u-s-setting-an-ambitious-revenue-target-for-20242024-04-04200703",
        "site_full": "csimarket.com",
        "site": "csimarket.com",
        "site_section": "https://feeds.feedburner.com/csimarket/uv8yc7b2zz2",
        "site_categories": [
            "financial_news",
            "finance"
        ],
        "section_title": "CSIMarket.com - Business News",
        "title": "Invivyd Launches Revolutionary Viral Protection Product PEMGARDA in the U.S., Setting an Ambitious Revenue Target for 2024",
        "title_full": "Invivyd Launches Revolutionary Viral Protection Product PEMGARDA in the U.S., Setting an Ambitious Revenue Target for 2024",
        "published": "2024-04-05T00:07:00.000+03:00",
        "replies_count": 0,
        "participants_count": 1,
        "site_type": "news",
        "country": "US",
        "main_image": "https://csimarket.com/news/img_numbers/print_media/17.jpg",
        "performance_score": 0,
        "domain_rank": 96879,
        "domain_rank_updated": "2024-04-02T13:08:16.000+03:00",
        "reach": null,
        "social": {
            "facebook": {
                "likes": 0,
                "comments": 0,
                "shares": 0
            },
            "gplus": {
                "shares": 0
            },
            "pinterest": {
                "shares": 0
            },
            "linkedin": {
                "shares": 0
            },
            "stumbledupon": {
                "shares": 0
            },
            "vk": {
                "shares": 0
            }
        }
    },
    "uuid": "9178e17d1f9d8ab93f724b7d3e228f6fcab3c97a",
    "url": "https://csimarket.com/news/invivyd-launches-revolutionary-viral-protection-product-pemgarda-in-the-u-s-setting-an-ambitious-revenue-target-for-20242024-04-04200703",
    "ord_in_thread": 0,
    "parent_url": null,
    "author": "article@csimarket.com (Contact Csimarket)",
    "published": "2024-04-05T00:07:00.000+03:00",
    "title": "Invivyd Launches Revolutionary Viral Protection Product PEMGARDA in the U.S., Setting an Ambitious Revenue Target for 2024",
    "text": "Invivyd Launches Revolutionary Viral Protection Product PEMGARDA in the U.S., Setting an Ambitious Revenue Target for 2024\nPublished / Modified Apr 04 2024\nCSIMarket Team / CSIMarket.com\nIn a bid to safeguard the vulnerable population from the detrimental impact of viral infectious diseases, pioneering biopharmaceutical company,\nInvivyd,Inc. (Nasdaq: IVVD),has taken a significant stride forward with the launch of its groundbreaking product, PEMGARDA, now available for purchase in the United States. Alongside this exciting development, the company also unveiled its ambitious net product revenue guidance for 2024, projected to be within the impressive range of $150 million to $200 million.\nInvivyd has long been at the forefront of cutting-edge medical innovations, driven by a steadfast commitment to protecting the global community against the threat of viral infections. With the introduction of PEMGARDA, the company aims to revolutionize the way we approach viral protection, particularly during unprecedented times characterized by the ongoing COVID-19 pandemic.\nPEMGARDA represents a groundbreaking breakthrough in biopharmaceutical research, offering advanced protection against a wide spectrum of serious viral infectious diseases. Crafted with meticulous precision and backed by extensive clinical trials, this revolutionary product provides a much-needed shield for individuals at higher risk, including the elderly and those with compromised immune systems.\nThe availability of PEMGARDA for purchase in the U.S. is a significant milestone for Invivyd, underscoring the company's dedication to making impactful medical solutions accessible to those who need them the most. By launching the product in the United States, Invivyd has taken a significant step toward enhancing national preparedness against viral outbreaks, bolstering the nation's healthcare system, and ultimately saving lives.\nIn addition, Invivyd's announcement of its projected net product revenue guidance for 2024 signals its strong growth trajectory and confidence in the market's response to PEMGARDA. The forecasted range of $150 million to $200 million provides a glimpse into the company's ambitious targets for the coming years and showcases the potential impact of PEMGARDA on both public health and Invivyd's\nfinancial success.\nThis impressive revenue guidance not only highlights Invivyd's commitment to long-term sustainability but also underscores the increasing demand for innovative solutions aimed at protecting vulnerable populations from viral infections. It signifies the confidence placed in PEMGARDA's potential to transform the landscape of viral protection and showcases Invivyd as a strong player in the biopharmaceutical industry.\nInvivyd's latest advancements with PEMGARDA and the promising revenue forecast for 2024 demonstrate the company's unwavering dedication to combatting viral infectious diseases effectively. Through pioneering research, groundbreaking products, and accessible solutions, Invivyd is poised to make a significant impact on global health, ensuring a safer future for humanity.\nAs the world continues to grapple with evolving viral threats, Invivyd's launch of PEMGARDA in the United States solidifies its position as a visionary leader in the biopharmaceutical industry. With its groundbreaking product and ambitious revenue guidance, the company signifies a new era of viral protection, setting the stage for a healthier and safer tomorrow.\nPrevious News\n<a href=\"https://csimarket.com/news/elucidating-the-selective-targeting-mechanism-of-sns-101-on-the-active-form-of-vista-within-the-tumor-microenvironment2024-04-04200980\">\nElucidating the Selective Targeting Mechanism of SNS-101 on the Active Form of VISTA within the Tumor Microenvironment </a> <a href=\"https://csimarket.com/news/rxsight-showcases-innovation-in-customized-vision-with-the-launch-of-its-revolutionary-light-adjustable-lens2024-04-04200210\">\n?RxSight Showcases Innovation in Customized Vision with the Launch of its Revolutionary Light Adjustable Lens+ </a> <a href=\"https://csimarket.com/news/invivyd-launches-revolutionary-viral-protection-product-pemgarda-in-the-u-s-setting-an-ambitious-revenue-target-for-20242024-04-04200703\">\nInvivyd Launches Revolutionary Viral Protection Product PEMGARDA in the U.S., Setting an Ambitious Revenue Target for 2024 </a> <a href=\"https://csimarket.com/news/cb-010-a-novel-therapeutic-approach-to-lupus-nephritis-an-unveiling-of-caribou-biosciences-latest-clinical-endeavor2024-04-04200929\">\nCB-010: A Novel Therapeutic Approach to Lupus Nephritis ?? An Unveiling of Caribou Biosciences' Latest Clinical Endeavor </a> <a href=\"https://csimarket.com/news/amylyx-pharmaceuticals-securities-class-action-investors-with-losses-over-100k-advised-to-secure-counsel-ahead-of-april-2024-04-04194395\">\nAmylyx Pharmaceuticals Securities Class Action: Investors with Losses over $100K Advised to Secure Counsel ahead of April Deadline Amid Robust Revenue Growth </a> <a href=\"https://csimarket.com/news/investors-of-amplitude-inc-urged-to-secure-counsel-before-april-15-deadline-in-securities-class-action2024-04-04190221\">\nInvestors of Amplitude, Inc. Urged to Secure Counsel before April 15 Deadline in Securities Class Action </a> <a href=\"https://csimarket.com/news/block-leviton-investigates-inari-medical-for-alleged-securities-law-violations-a-call-to-affected-investors2024-04-04183803\">\nBlock & Leviton Investigates Inari Medical for Alleged Securities Law Violations: A Call to Affected Investors </a> <a href=\"https://csimarket.com/news/peter-zampa-elevating-gray-television-s-news-coverage-to-unprecedented-heights2024-04-04183276\">\nPeter Zampa: Elevating Gray Television's News Coverage to Unprecedented Heights </a> <a href=\"https://csimarket.com/news/leading-law-firm-rosen-urges-brooge-energy-limited-investors-to-act-before-april-5th-deadline-in-securities-class-action2024-04-04182651\">\nLeading Law Firm Rosen Urges Brooge Energy Limited Investors to Act before April 5th Deadline in Securities Class Action Lawsuit </a> <a href=\"https://csimarket.com/news/hireright-holdings-corporation-investors-urged-to-secure-legal-counsel-amidst-class-action-lawsuit-rosen-law-firm-emphas2024-04-04175655\">\nHireRight Holdings Corporation Investors Urged to Secure Legal Counsel Amidst Class Action Lawsuit, Rosen Law Firm Emphasizes the Need for Prompt Action </a>\nPrevious News\n<a href=\"https://csimarket.com/news/elucidating-the-selective-targeting-mechanism-of-sns-101-on-the-active-form-of-vista-within-the-tumor-microenvironment2024-04-04200980\">\nElucidating the Selective Targeting Mechanism of SNS-101 on the Active Form of VISTA within the Tumor Microenvironment </a> <a href=\"https://csimarket.com/news/rxsight-showcases-innovation-in-customized-vision-with-the-launch-of-its-revolutionary-light-adjustable-lens2024-04-04200210\">\n?RxSight Showcases Innovation in Customized Vision with the Launch of its Revolutionary Light Adjustable Lens+ </a> <a href=\"https://csimarket.com/news/invivyd-launches-revolutionary-viral-protection-product-pemgarda-in-the-u-s-setting-an-ambitious-revenue-target-for-20242024-04-04200703\">\nInvivyd Launches Revolutionary Viral Protection Product PEMGARDA in the U.S., Setting an Ambitious Revenue Target for 2024 </a> <a href=\"https://csimarket.com/news/cb-010-a-novel-therapeutic-approach-to-lupus-nephritis-an-unveiling-of-caribou-biosciences-latest-clinical-endeavor2024-04-04200929\">\nCB-010: A Novel Therapeutic Approach to Lupus Nephritis ?? An Unveiling of Caribou Biosciences' Latest Clinical Endeavor </a> <a href=\"https://csimarket.com/news/amylyx-pharmaceuticals-securities-class-action-investors-with-losses-over-100k-advised-to-secure-counsel-ahead-of-april-2024-04-04194395\">\nAmylyx Pharmaceuticals Securities Class Action: Investors with Losses over $100K Advised to Secure Counsel ahead of April Deadline Amid Robust Revenue Growth </a> <a href=\"https://csimarket.com/news/investors-of-amplitude-inc-urged-to-secure-counsel-before-april-15-deadline-in-securities-class-action2024-04-04190221\">\nInvestors of Amplitude, Inc. Urged to Secure Counsel before April 15 Deadline in Securities Class Action </a> <a href=\"https://csimarket.com/news/block-leviton-investigates-inari-medical-for-alleged-securities-law-violations-a-call-to-affected-investors2024-04-04183803\">\nBlock & Leviton Investigates Inari Medical for Alleged Securities Law Violations: A Call to Affected Investors </a> <a href=\"https://csimarket.com/news/peter-zampa-elevating-gray-television-s-news-coverage-to-unprecedented-heights2024-04-04183276\">\nPeter Zampa: Elevating Gray Television's News Coverage to Unprecedented Heights </a> <a href=\"https://csimarket.com/news/leading-law-firm-rosen-urges-brooge-energy-limited-investors-to-act-before-april-5th-deadline-in-securities-class-action2024-04-04182651\">\nLeading Law Firm Rosen Urges Brooge Energy Limited Investors to Act before April 5th Deadline in Securities Class Action Lawsuit </a> <a href=\"https://csimarket.com/news/hireright-holdings-corporation-investors-urged-to-secure-legal-counsel-amidst-class-action-lawsuit-rosen-law-firm-emphas2024-04-04175655\">\nHireRight Holdings Corporation Investors Urged to Secure Legal Counsel Amidst Class Action Lawsuit, Rosen Law Firm Emphasizes the Need for Prompt Action </a>",
    "highlightText": "",
    "highlightTitle": "",
    "highlightThreadTitle": "",
    "language": "english",
    "sentiment": "positive",
    "categories": [
        "Health"
    ],
    "external_links": [],
    "external_images": [],
    "entities": {
        "persons": [
            {
                "name": "invivyd",
                "sentiment": "none"
            }
        ],
        "organizations": [
            {
                "name": "invivyd launches revolutionary viral protection product pemgarda",
                "sentiment": "negative"
            },
            {
                "name": "pemgarda",
                "sentiment": "none"
            },
            {
                "name": "invivyd,inc.",
                "sentiment": "none"
            }
        ],
        "locations": [
            {
                "name": "u.s.",
                "sentiment": "none"
            },
            {
                "name": "pemgarda",
                "sentiment": "none"
            },
            {
                "name": "united states",
                "sentiment": "none"
            }
        ]
    },
    "rating": null,
    "crawled": "2024-04-05T00:22:54.135+03:00",
    "updated": "2024-04-05T00:22:54.135+03:00"
}