{
    "thread": {
        "uuid": "5c70b7f0f527704c2c75f385f02fd51ea4d617e1",
        "url": "https://www.philstar.com/the-freeman/cebu-news/2024/04/05/2345454/doh-7-underscores-importance-vaccine-vs-pertussis-measles",
        "site_full": "www.philstar.com",
        "site": "philstar.com",
        "site_section": "https://www.philstar.com/the-freeman",
        "site_categories": [
            "media",
            "top_news"
        ],
        "section_title": "The Freeman | News from Cebu - Philstar.com",
        "title": "DOH-7 underscores importance of vaccine vs pertussis, measles | The Freeman",
        "title_full": "DOH-7 underscores importance of vaccine vs pertussis, measles | The Freeman",
        "published": "2024-04-04T19:00:00.000+03:00",
        "replies_count": 0,
        "participants_count": 1,
        "site_type": "news",
        "country": "PH",
        "main_image": "https://media.philstar.com/images/filler/3-logo-filler-thumbnail.jpg",
        "performance_score": 0,
        "domain_rank": 4384,
        "domain_rank_updated": "2024-04-02T13:08:08.000+03:00",
        "reach": null,
        "social": {
            "facebook": {
                "likes": 0,
                "comments": 0,
                "shares": 0
            },
            "gplus": {
                "shares": 0
            },
            "pinterest": {
                "shares": 0
            },
            "linkedin": {
                "shares": 0
            },
            "stumbledupon": {
                "shares": 0
            },
            "vk": {
                "shares": 0
            }
        }
    },
    "uuid": "5c70b7f0f527704c2c75f385f02fd51ea4d617e1",
    "url": "https://www.philstar.com/the-freeman/cebu-news/2024/04/05/2345454/doh-7-underscores-importance-vaccine-vs-pertussis-measles",
    "ord_in_thread": 0,
    "parent_url": null,
    "author": "Mitchelle L. Palaubsanon",
    "published": "2024-04-04T19:00:00.000+03:00",
    "title": "DOH-7 underscores importance of vaccine vs pertussis, measles | The Freeman",
    "text": "CEBU, Philippines — The Department of Health Central Visayas Center for Health and Development (DOH CV CHD) has emphasized the critical importance of vaccine to mitigate and curb the escalation of vaccine-preventable diseases like pertussis, measles, and other ailments.\nDr. Eugenia Mercedes Cañal, Regional Epidemiologist of the Regional Epidemiology and Surveillance Unit (RESU), said that elevating immunization coverage is part of the DOH's comprehensive 8-point action agenda.\n“Actually ni taas ang mga kaso sa pertussis that is why we are actively monitoring the different LGUs of Central Visayas. Kini ang gitawag nga vaccine preventable because kung magpabakuna ang mga bata, dal-on sa mga nanay tungod kay adunay mga vaccines. Nisaka ang mga vaccine preventable diseases because since 2018 niubos ang bakuna, niubos atoang mga bata na dal-on sa mga inahan aron magpabakuna,” said Cañal.\nShe said that the herd immunity has already been breached because of the low immunization percentage in each of the LGUs in Central Visayas.\n“That’s why part of DOH’s 8-point Action Agenda of the Secretary of Health is to increase to 95% of our immunization,” she said.\nPertussis, commonly known as \"whooping cough,\" is described by the World Health Organization (WHO) as a highly contagious bacterial infection affecting the respiratory system. It manifests initially with symptoms akin to those of a common cold, progressing to severe coughing fits with a characteristic \"whooping\" sound.\nThe mode of transmission primarily occurs through respiratory droplets from infected individuals. —/FPL (FREEMAN)",
    "highlightText": "",
    "highlightTitle": "",
    "highlightThreadTitle": "",
    "language": "english",
    "sentiment": "positive",
    "categories": [
        "Health"
    ],
    "external_links": [
        "https://www.facebook.com/plugins/page.php?href=",
        "https://www.facebook.com/plugins/page.php",
        "https://facebook.com/plugins/page.php?href="
    ],
    "external_images": [],
    "entities": {
        "persons": [
            {
                "name": "cañal",
                "sentiment": "none"
            },
            {
                "name": "eugenia mercedes cañal",
                "sentiment": "none"
            },
            {
                "name": "kini",
                "sentiment": "none"
            }
        ],
        "organizations": [
            {
                "name": "department of health central visayas center for health and development",
                "sentiment": "negative"
            },
            {
                "name": "regional epidemiology and surveillance unit",
                "sentiment": "none"
            }
        ],
        "locations": [
            {
                "name": "philippines",
                "sentiment": "none"
            },
            {
                "name": "freeman cebu",
                "sentiment": "none"
            },
            {
                "name": "central visayas",
                "sentiment": "none"
            }
        ]
    },
    "rating": null,
    "crawled": "2024-04-05T00:35:38.573+03:00",
    "updated": "2024-04-05T00:35:38.573+03:00"
}