{
    "thread": {
        "uuid": "c4c470b432f842dc88cb11bb1ea4e4d4c2c5c72c",
        "url": "https://www.cronista.com/mexico/vida-estilo/el-superalimento-rico-en-omega-3-que-no-puede-faltar-en-tu-desayuno-para-bajar-el-colesterol",
        "site_full": "www.cronista.com",
        "site": "cronista.com",
        "site_section": "https://www.cronista.com",
        "site_categories": [
            "politics",
            "financial_news",
            "finance",
            "law_government_and_politics",
            "top_news"
        ],
        "section_title": "El Cronista",
        "title": "El superalimento rico en Omega-3 que no puede faltar en tu desayuno para bajar el colesterol - El Cronista",
        "title_full": "El superalimento rico en Omega-3 que no puede faltar en tu desayuno para bajar el colesterol - El Cronista",
        "published": "2024-04-05T00:54:00.000+03:00",
        "replies_count": 0,
        "participants_count": 1,
        "site_type": "news",
        "country": "AR",
        "main_image": "https://www.cronista.com/files/image/778/778109/660f1bd3aeab2_600_315!.jpg?s=943ea6f9db4a446857493d5a0326d810&d=1712268109",
        "performance_score": 0,
        "domain_rank": 12100,
        "domain_rank_updated": "2024-04-02T13:08:08.000+03:00",
        "reach": null,
        "social": {
            "facebook": {
                "likes": 0,
                "comments": 0,
                "shares": 0
            },
            "gplus": {
                "shares": 0
            },
            "pinterest": {
                "shares": 0
            },
            "linkedin": {
                "shares": 0
            },
            "stumbledupon": {
                "shares": 0
            },
            "vk": {
                "shares": 0
            }
        }
    },
    "uuid": "c4c470b432f842dc88cb11bb1ea4e4d4c2c5c72c",
    "url": "https://www.cronista.com/mexico/vida-estilo/el-superalimento-rico-en-omega-3-que-no-puede-faltar-en-tu-desayuno-para-bajar-el-colesterol",
    "ord_in_thread": 0,
    "parent_url": null,
    "author": "@cronista",
    "published": "2024-04-05T00:54:00.000+03:00",
    "title": "El superalimento rico en Omega-3 que no puede faltar en tu desayuno para bajar el colesterol - El Cronista",
    "text": "En esta noticia ¿Cuáles son los alimentos ricos en Omega-3? ¿Qué beneficios aporta la chía? ¿Cómo debe consumirse la chía? Otros hábitos saludables para bajar el colesterol malo Es sabido que tener niveles altos del colesterol LDL, al que los especialistas catalogan como \" malo \", puede conducir al ser humano a atravesar diversos problemas de salud , entre los que se incluyen enfermedades cardíacas o accidentes cerebrovasculares.\nPara evitar que se formen estos depósitos grasos en el torrente sanguíneo se aconseja seguir por las mañanas una serie de hábitos que incluyen actividad física y alimentación a base de ácidos omega-3.\nEl delicioso postre con vitamina A y C que estimula la producción natural de colágeno y deja tu piel perfecta\nEl desayuno proteico que es rico en antioxidantes, ayuda a bajar de peso y es de los más deliciosos del mundo\n¿Cuáles son los alimentos ricos en Omega-3? Uno de los efectos positivos de incorporar al desayuno alimentos ricos en omega-3 tiene que ver con el cuidado de la salud cardiovascular, y la capacidad para regular los niveles del colesterol malo .\nEn este aspecto, se aconseja añadir a la dieta de todas las mañanas productos que tengan este tipo de ácidos grasos, tales como: el salmón, huevos enriquecidos y semillas de chía .\n¿Qué beneficios aporta la chía? Entre las principales ventajas saludables con las que cuenta la chía se destaca su capacidad para:\nReducir el apetito y el peso. Ayudar a bajar el colesterol o mejorar la salud intestinal. Disminuir el de los triglicéridos. Mejorar los niveles de azúcar en la sangre en la diabetes tipo 2.\n¿Cómo debe consumirse la chía? Antes de incorporar la semilla de chía, la Universidad de Harvard recomienda tener en cuenta un procedimiento fundamental. Previamente a ser consumidas, se aconseja remojarlas o servirlas con un alimento húmedo.\nSe pueden sumar a batidos, licuados , ensaladas, panificados, sopas, guisos y otros cereales , para aumentar su valor nutricional.\n\"No coma semillas de chía secas solas. Las personas que tienen disfagia , una condición que causa dificultad para tragar u otros problemas digestivos, deben comer semillas de chía con cuidado \", señalan desde la prestigiosa institución académica.\nLas semillas de chía son un alimento rico en ácidos grasos omega-3, recomendados para bajar el colesterol \"malo\". Foto: Archivo. Por este motivo, y debido a que puede generar hinchazón, gases e incluso calambres , se recomienda asistir a una consulta médica o tratar con profesionales en nutrición .\nOtros hábitos saludables para bajar el colesterol malo Además de desayunos ricos en ácidos grasos omega-3, se aconseja seguir una serie de hábitos saludables durante las mañanas, tales como:\nEvitar consumir alimentos ricos en grasas saturadas , como los l ácteos enteros, la carne procesada y los alimentos fritos. Meditar para reducir el estrés y la ansiedad, dos factores que pueden contribuir a niveles elevados de colesterol. Hacer ejercicio : la actividad física puede ayudar a aumentar los niveles de colesterol HDL \"bueno\" y reducir los niveles de triglicéridos . Te puede interesar\nSalud No es salmón: este alimento tiene tres veces más omega-3, es libre de colesterol y cuida tu corazón como ningún otro",
    "highlightText": "",
    "highlightTitle": "",
    "highlightThreadTitle": "",
    "language": "spanish",
    "sentiment": "positive",
    "categories": [
        "Lifestyle and Leisure",
        "Health"
    ],
    "external_links": [],
    "external_images": [],
    "entities": {
        "persons": [],
        "organizations": [],
        "locations": []
    },
    "rating": null,
    "crawled": "2024-04-05T01:14:47.776+03:00",
    "updated": "2024-04-05T01:14:47.776+03:00"
}