{
    "thread": {
        "uuid": "f691e4b2e938eb5ba455a91ef3a6bcf254974ff1",
        "url": "https://newsnownigeria.ng/nigeria-has-the-capacity-to-manufacture-vaccines-tinubu-informs-gavi-executives",
        "site_full": "newsnownigeria.ng",
        "site": "newsnownigeria.ng",
        "site_section": "https://newsnownigeria.ng/feed/",
        "site_categories": [],
        "section_title": "NewsNow Nigeria",
        "title": "'Nigeria has the capacity to manufacture vaccines' - Tinubu informs Gavi executives - NewsNow Nigeria",
        "title_full": "'Nigeria has the capacity to manufacture vaccines' - Tinubu informs Gavi executives - NewsNow Nigeria",
        "published": "2024-04-04T03:00:00.000+03:00",
        "replies_count": 0,
        "participants_count": 1,
        "site_type": "news",
        "country": "NG",
        "main_image": "",
        "performance_score": 0,
        "domain_rank": 93785,
        "domain_rank_updated": "2024-04-02T13:08:16.000+03:00",
        "reach": null,
        "social": {
            "facebook": {
                "likes": 0,
                "comments": 0,
                "shares": 0
            },
            "gplus": {
                "shares": 0
            },
            "pinterest": {
                "shares": 0
            },
            "linkedin": {
                "shares": 0
            },
            "stumbledupon": {
                "shares": 0
            },
            "vk": {
                "shares": 0
            }
        }
    },
    "uuid": "f691e4b2e938eb5ba455a91ef3a6bcf254974ff1",
    "url": "https://newsnownigeria.ng/nigeria-has-the-capacity-to-manufacture-vaccines-tinubu-informs-gavi-executives",
    "ord_in_thread": 0,
    "parent_url": null,
    "author": "Mariam Abdullahi",
    "published": "2024-04-04T03:00:00.000+03:00",
    "title": "'Nigeria has the capacity to manufacture vaccines' - Tinubu informs Gavi executives - NewsNow Nigeria",
    "text": "President Bola Tinubu has urged Gavi, the Vaccine Alliance, to team up with potential Nigerian vaccine producers to ensure fair access to life-saving vaccines for both children and adults.\nDuring a meeting with a delegation from Gavi, headed by its CEO, Dr. Sania Nishtar, at the State House on Thursday, President Tinubu emphasized the need for collaboration in local vaccine production due to the challenges faced by developing nations, particularly during the COVID-19 pandemic and other infectious disease outbreaks.\nHighlighting the capabilities of Nigeria and other African countries in vaccine production, President Tinubu assured the visiting CEO, who assumed office on March 18, 2024, and has been on visits to various African nations.\nThe President reassured the Gavi CEO of Nigeria’s dedication to meeting its outstanding counterpart contributions for routine vaccines in 2023.\nHe instructed the Coordinating Minister of Health and Social Welfare, Professor Muhammad Ali Pate, to team up with the Coordinating Minister of the Economy and Minister of Finance to secure the necessary funds for vaccine procurement.\nTalking about the administration’s healthcare agenda, President Tinubu expressed his commitment to working alongside Gavi to ensure comprehensive vaccination coverage for all children against preventable childhood diseases.\nAppreciating Gavi’s global commitment to humanity, he thanked the organization for its efforts in safeguarding children from preventable diseases.\nIn recognizing the valuable insights provided by the Gavi CEO, who hails from Pakistan, President Tinubu stressed the significance of leveraging her expertise for the advancement of children’s health.\nPraising Dr. Nishtar for her visit to Nigeria and her support for the administration’s health initiatives, the President promised to prioritize investments in healthcare rejuvenation, underscoring the importance of coordination and cooperation among federal, state, and local authorities.",
    "highlightText": "",
    "highlightTitle": "",
    "highlightThreadTitle": "",
    "language": "english",
    "sentiment": "positive",
    "categories": [
        "Politics",
        "Health"
    ],
    "external_links": [],
    "external_images": [],
    "entities": {
        "persons": [
            {
                "name": "tinubu",
                "sentiment": "negative"
            },
            {
                "name": "bola tinubu",
                "sentiment": "negative"
            },
            {
                "name": "muhammad ali pate",
                "sentiment": "none"
            },
            {
                "name": "sania nishtar",
                "sentiment": "none"
            }
        ],
        "organizations": [
            {
                "name": "newsnow nigeria",
                "sentiment": "negative"
            },
            {
                "name": "vaccine alliance",
                "sentiment": "negative"
            },
            {
                "name": "coordinating minister of health and social welfare",
                "sentiment": "none"
            },
            {
                "name": "state house",
                "sentiment": "none"
            }
        ],
        "locations": [
            {
                "name": "nigeria",
                "sentiment": "none"
            },
            {
                "name": "gavi",
                "sentiment": "none"
            }
        ]
    },
    "rating": null,
    "crawled": "2024-04-05T00:27:25.297+03:00",
    "updated": "2024-04-05T03:27:55.686+03:00"
}