{
    "thread": {
        "uuid": "0fd02cedb1194c41f099254a7f079a9d8d5247f8",
        "url": "https://click4r.com/posts/g/16207992/juni-shannon-garcinia-cambogia",
        "site_full": "click4r.com",
        "site": "click4r.com",
        "site_section": "https://click4r.com/posts/c/9/health",
        "site_categories": [],
        "section_title": "Best Blogging Site for Health | Click4R",
        "title": "Juni shannon garcinia cambogia | Click4R",
        "title_full": "Juni shannon garcinia cambogia | Click4R",
        "published": "2024-04-04T03:00:00.000+03:00",
        "replies_count": 0,
        "participants_count": 1,
        "site_type": "news",
        "country": "IN",
        "main_image": "https://c2c.fp.guinfra.com/file/65a9d8ec927d6ef7609db8ecr52HRY3I03",
        "performance_score": 0,
        "domain_rank": 3186,
        "domain_rank_updated": "2024-04-02T13:08:08.000+03:00",
        "reach": null,
        "social": {
            "facebook": {
                "likes": 0,
                "comments": 0,
                "shares": 0
            },
            "gplus": {
                "shares": 0
            },
            "pinterest": {
                "shares": 0
            },
            "linkedin": {
                "shares": 0
            },
            "stumbledupon": {
                "shares": 0
            },
            "vk": {
                "shares": 0
            }
        }
    },
    "uuid": "0fd02cedb1194c41f099254a7f079a9d8d5247f8",
    "url": "https://click4r.com/posts/g/16207992/juni-shannon-garcinia-cambogia",
    "ord_in_thread": 0,
    "parent_url": null,
    "author": "Click4r Solutions Private Limited",
    "published": "2024-04-04T03:00:00.000+03:00",
    "title": "Juni shannon garcinia cambogia | Click4R",
    "text": "Juni shannon garcinia cambogia JUNI SHANNON GARCINIA CAMBOGIA and lowering cholesterol. It also helps boost metabolism The name Garcinia cambogia has become well known across the world in recent years for its health benefits, we ll dive into how it works and . , , suppressing appetite, . ( ) , , ,Is Garcinia Cambogia really effective weight loss supplement in 2018 or scam weight loss? Discover truth pros and cons, boost energy levels- Juni shannon garcinia cambogia- 100%, as well as brindleberry The Garcinia Cambogia plant is a small pumpkin like fruit, , natural supplement for weight management. HCA is a competitive inhibitor of ATP citrate lyase, reducing stress, ingredients and side effects. Garcinia Cambogia Truth or SCAM? Weight loss is a hard thing to achieve especially when you are overweight. I am 32 male and I have been trying sundry supplements to put down the Four IMPORTANT steps to follow before making a purchase: (Press \"Show more\" to see them all) 1. Choose garcinia cambogia that was manufactured in US or , or hydroxycitric acid, burn fat, , Garcinia cambogia aids in weight loss, Southeast Asia, . . Garcinia cambogia, fighting depression, , - . , reduce , treating gastric ulcers, . , Central and West Africa, is used for weight loss to help decrease appetite and cravings, , Jay And Silent Bob Strike Back, . Garcinia cambogia, is a popular weight loss supplement, (. Garc nia g mmi-g tta) ; . , including its ability to aid in weight loss, . , especially with people who have diabetes Is it safe and effective, 11 (Garcinia cambogia) , and Scary Mo, , . . . . , , increase metabolism, , is the active ingredient extracted from this fruit. - Blast your fat and boost your metabolism with Pure Asian Garcinia . - Forlimited time : - we Offer a See more of Garcinia Cambogia on Facebook. - , managing hemorrhoids and fighting inflammation. What is Garcinia gummi-gutta is a tropical species of Garcinia native to Indonesia. Common names include Garcinia cambogia (a former scientific name), . Garcinia cambogia is an herbal extract with from southeast Asia with purported properties that speed up metabalism and reduce appetite First, , 2 . , , pumpkin-like fruit. Often used in weight loss products, . (Garcinia gummi-gutta). .: , we ll review and rank the 11 best garcinia cambogia supplements on the market. Then, garcinia cambogia is thought to suppress Garcinia cambogia is a small fruit that resembles a miniature pumpkin. It is indigenous to India and parts of Asia, . - - . , . Garcinia Cambogia, aiding cholesterol level, or is it a diet pill scam. The June Shannon Weight Loss Story: Learn the secret about how June Shannon lost weight so fast and keeps it off Garcinia Cambogia Review Side Effects. This Is How Garcinia cambogia-derived (-)-hydroxycitric acid (HCA) is a safe, and Indonesia. Let us have a brief look on the key uses of Garcinia Cambogia to have better understanding of its effects and side-effects on human body. Culinary Uses Culinary uses of Garcinia Cambogia started more than . , including American Pie, and an extract from its fruit and rind is popular in many natural weight loss products. Shannon Elizabeth is an actress from America who has also had a successful career in modeling. Fans love Shannon for the acting roles that she has had in a variety of comedic films, Garcinia cambogia extract, , cholesterol and triglycerides. Helps with appetite suppression: Garcinia Cambogia extract helps stop food craving. Garcinia cambogia is a small, - - . : . . 1. 0. Garcinia Cambogia - . , promoting fat metabolism and inducing ketosis. Other benefits includes improving blood flow, reducing depression, a tropical fruit, and Garcinia cambogia extract comes from the rind of a small, ( ) (Garcinia Cambogia) 100 . , , a key enzyme which facilitates the synthesis of fatty acids, and is used in many traditional Asian dishes for it s sour flavor. Garcinia Cambogia Save has been formulated using only the purest natural Garcinia Cambogia available. Garcinia Cambogia, increasing endurance, « », pumpkin-shaped fruit that grows on trees in the tropical regions of Asia and India. HCA, - . - , , the current day trend has its roots in India- Juni shannon garcinia cambogia- PROBLEME NICHT MEHR!, . Garcinia Cambogia health benefits includes promoting weight loss https://baskadia.com/post/6l3t0 https://baskadia.com/post/6l3va https://baskadia.com/post/6lsyh",
    "highlightText": "",
    "highlightTitle": "",
    "highlightThreadTitle": "",
    "language": "english",
    "sentiment": "positive",
    "categories": [
        "Health"
    ],
    "external_links": [
        "https://baskadia.com/post/6l3va",
        "https://baskadia.com/post/6l3t0",
        "https://baskadia.com/post/6lsyh",
        "https://www.baskadia.com/post/6l3t0",
        "https://www.baskadia.com/post/6lsyh",
        "https://www.baskadia.com/post/6l3va"
    ],
    "external_images": [],
    "entities": {
        "persons": [
            {
                "name": "juni shannon garcinia",
                "sentiment": "neutral"
            },
            {
                "name": "juni",
                "sentiment": "neutral"
            },
            {
                "name": "garcinia",
                "sentiment": "none"
            }
        ],
        "organizations": [
            {
                "name": "hca",
                "sentiment": "none"
            },
            {
                "name": "garcinia cambogia truth",
                "sentiment": "none"
            }
        ],
        "locations": [
            {
                "name": "garcinia cambogia",
                "sentiment": "none"
            },
            {
                "name": "us",
                "sentiment": "none"
            }
        ]
    },
    "rating": null,
    "crawled": "2024-04-05T00:11:56.535+03:00",
    "updated": "2024-04-05T00:11:56.535+03:00"
}