{
    "thread": {
        "uuid": "030a9d9854ffae1b9a63cdbc9f412c7b2f168232",
        "url": "https://flipboard.com/article/ozempic-wegovy-costco-offering-easier-access-to-weight-loss-drugs/f-6e8b5819fe%2Fhealthline.com",
        "site_full": "flipboard.com",
        "site": "flipboard.com",
        "site_section": "https://flipboard.com/topic/healthtech?format=amp",
        "site_categories": [
            "family_and_parenting",
            "eldercare"
        ],
        "section_title": "Discover More in Health Tech on Flipboard",
        "title": "Ozempic, Wegovy: Costco Offering Easier Access to Weight Loss Drugs | Flipboard",
        "title_full": "Ozempic, Wegovy: Costco Offering Easier Access to Weight Loss Drugs | Flipboard",
        "published": "2024-04-04T03:00:00.000+03:00",
        "replies_count": 0,
        "participants_count": 1,
        "site_type": "news",
        "country": "US",
        "main_image": "https://media.post.rvohealth.io/wp-content/uploads/2024/04/costco-1200x628-facebook.jpg",
        "performance_score": 0,
        "domain_rank": 1224,
        "domain_rank_updated": "2024-04-02T13:08:08.000+03:00",
        "reach": null,
        "social": {
            "facebook": {
                "likes": 0,
                "comments": 0,
                "shares": 0
            },
            "gplus": {
                "shares": 0
            },
            "pinterest": {
                "shares": 0
            },
            "linkedin": {
                "shares": 0
            },
            "stumbledupon": {
                "shares": 0
            },
            "vk": {
                "shares": 0
            }
        }
    },
    "uuid": "030a9d9854ffae1b9a63cdbc9f412c7b2f168232",
    "url": "https://flipboard.com/article/ozempic-wegovy-costco-offering-easier-access-to-weight-loss-drugs/f-6e8b5819fe%2Fhealthline.com",
    "ord_in_thread": 0,
    "parent_url": null,
    "author": "Healthline - Nancy Schimelpfening, MS",
    "published": "2024-04-04T03:00:00.000+03:00",
    "title": "Ozempic, Wegovy: Costco Offering Easier Access to Weight Loss Drugs | Flipboard",
    "text": "Ozempic, Wegovy: Costco Offering Easier Access to Weight Loss Drugs Costco has good news for those who would like to use the weight loss medications Ozempic (semaglutide), Wegovy (semaglutide), and Saxenda … Related storyboards More stories from [Wegovy](/topic/wegovy) [Costco enters a controversial industry with its latest move](/topic/wegovy/costco-enters-a-controversial-industry-with-its-latest-move/a-4lKwXrhcSJqP1tgQGHu-Ow%3Aa%3A2277735339-7e047f66f5%2Fthestreet.com) The retail giant is expanding one of its beloved programs to include a growing trend. Costco (COST) is dipping its toes in a controversial industry … [Floppy-haired fraudster](/topic/wegovy/floppy-haired-fraudster/f-bcc48bdb0e%2Fmorningbrew.com) March 29, 2024 PRESENTED BY Good morning. Today marks one year since Evan Gershkovich, a 32-year-old American Wall Street Journal reporter, was … [Costco offers members access to Ozempic, Wegovy | Fox Business Video](/topic/wegovy/costco-offers-members-access-to-ozempic-wegovy-fox-business-video/a-dBud2D5LTbyt_Z3r_38aPQ%3Aa%3A47769552-758f31aae6%2Ffoxbusiness.com) Johns Hopkins professor of public health Dr. Marty Makary discusses Costco offering Ozempic and Wegovy to members and the use of these drugs. Join the flipboard community Discover, collect, and share stories for all your interests [Sign up](/signup) More stories from [Ozempic](/topic/ozempic) [REVEALED: The foods with the same hunger-killing effect as Ozempic...as dieters go mad for oat...](/topic/ozempic/revealed-the-foods-with-the-same-hunger-killing-effect-as-ozempic-as-dieters-/a-25LuXs7lSMel4BBKjS7L_Q%3Aa%3A2679760903-8dd5812441%2Fco.uk) The 'Oat-Zempic' trend is the latest diet fad to gain viral status. The weight loss hack involves drinking a twice daily concoction of blended oats, … [The Incredible Shrinking Donald Trump](/topic/ozempic/the-incredible-shrinking-donald-trump/f-fca1bcab90%2Fslate.com) So, is the ex-president on Ozempic? It should never be lost on us how weird Donald Trump looks. His physical eccentricities have been thoroughly … [With Just 3 Words, Oprah Taught a Powerful Lesson in Aging and Self-Acceptance](/topic/ozempic/with-just-3-words-oprah-taught-a-powerful-lesson-in-aging-and-self-acceptance/a-iDjICYozT0uCijnximDXAQ%3Aa%3A30841406-dcef901829%2Finc.com) The media mogul is incredibly vibrant and joyful at 70. What's her secret? This three-word mantra. While unwinding last night, I stumbled on a clip of Oprah Winfrey's recent appearance on Jimmy Kimmel's show to promote her special about her weight loss journey with new drugs like Ozempic. The former …",
    "highlightText": "",
    "highlightTitle": "",
    "highlightThreadTitle": "",
    "language": "english",
    "sentiment": "positive",
    "categories": [
        "Health",
        "Economy, Business and Finance"
    ],
    "external_links": [],
    "external_images": [],
    "entities": {
        "persons": [
            {
                "name": "wegovy",
                "sentiment": "negative"
            },
            {
                "name": "ozempic",
                "sentiment": "none"
            }
        ],
        "organizations": [
            {
                "name": "costco",
                "sentiment": "negative"
            }
        ],
        "locations": []
    },
    "rating": null,
    "crawled": "2024-04-05T00:11:27.568+03:00",
    "updated": "2024-04-05T01:20:37.970+03:00"
}