{
    "thread": {
        "uuid": "169b1c38fa80be0337e5c321318aa7ed92ae2ef2",
        "url": "http://business.bigspringherald.com/bigspringherald/article/getnews-2024-4-4-a-better-solution-in-home-care-reaffirms-its-commitment-to-veterans-with-specialized-home-care-in-wichita-ks",
        "site_full": "business.bigspringherald.com",
        "site": "bigspringherald.com",
        "site_section": "http://business.bigspringherald.com/bigspringherald/markets/news",
        "site_categories": [
            "financial_news",
            "finance"
        ],
        "section_title": "Stock Market News | NSDQ, NYSE, and AMEX Stock Market News, Market News Categories, Market Indicators | User | bigspringherald.com ",
        "title": "A Better Solution In Home Care Reaffirms Its Commitment to Veterans with Specialized Home Care in Wichita, KS | User | bigspringherald.com",
        "title_full": "A Better Solution In Home Care Reaffirms Its Commitment to Veterans with Specialized Home Care in Wichita, KS | User | bigspringherald.com",
        "published": "2024-04-04T03:00:00.000+03:00",
        "replies_count": 0,
        "participants_count": 1,
        "site_type": "news",
        "country": "US",
        "main_image": "",
        "performance_score": 0,
        "domain_rank": 86867,
        "domain_rank_updated": "2024-04-02T13:08:16.000+03:00",
        "reach": null,
        "social": {
            "facebook": {
                "likes": 0,
                "comments": 0,
                "shares": 0
            },
            "gplus": {
                "shares": 0
            },
            "pinterest": {
                "shares": 0
            },
            "linkedin": {
                "shares": 0
            },
            "stumbledupon": {
                "shares": 0
            },
            "vk": {
                "shares": 0
            }
        }
    },
    "uuid": "169b1c38fa80be0337e5c321318aa7ed92ae2ef2",
    "url": "http://business.bigspringherald.com/bigspringherald/article/getnews-2024-4-4-a-better-solution-in-home-care-reaffirms-its-commitment-to-veterans-with-specialized-home-care-in-wichita-ks",
    "ord_in_thread": 0,
    "parent_url": null,
    "author": "Get News",
    "published": "2024-04-04T03:00:00.000+03:00",
    "title": "A Better Solution In Home Care Reaffirms Its Commitment to Veterans with Specialized Home Care in Wichita, KS | User | bigspringherald.com",
    "text": "A Better Solution In Home Care in Wichita, KS, proudly supports veterans with specialized home care services. Committed to honoring veterans' sacrifices, they offer personalized care focusing on independence and well-being. Their veteran-centric approach ensures quality senior care, reflecting their dedication to those who served. For more info, Google it at https://abshomecarewichita.com Wichita, KS - A Better Solution In Home Care, a premier provider of in-home care services, today announced its ongoing dedication to supporting veterans in Wichita, KS, by offering specialized home care tailored to their unique needs. Understanding the importance of veterans' affairs, A Better Solution is committed to providing quality senior care in Wichita, KS, highlighting its pledge to honor the service and sacrifice of veterans through exceptional care and support.\n\"Giving back to those who have served our country is not just a commitment but a privilege,\" stated Gustavo Torres, owner of A Better Solution In Home Care. \"We recognize the unique challenges veterans face as they age and are dedicated to offering the specialized care they require. Our focus on veterans' affairs underscores our mission to deliver quality senior care in Wichita, KS, ensuring our veterans receive the respect, dignity, and quality of life they deserve.\"\nA Better Solution In Home Care's veteran-centric approach to home care addresses the growing need for personalized, compassionate services that cater specifically to the veteran community. The agency's comprehensive suite of services, including personal care, mobility assistance, medication management, and companionship, is designed to meet the diverse needs of veterans, promoting independence and enhancing their overall well-being.\nAs one of the leading home care providers in Wichita, KS, for veterans, A Better Solution is unwavering in its commitment to excellence. By continuously striving to improve and adapt its services, the agency ensures that veterans in Wichita, KS, have access to the highest quality of care, reflecting the agency's dedication to those who have served.\nFor more information about A Better Solution In Home Care and their home care in Wichita, KS , please visit their website at https://abshomecarewichita.com\nAbout A Better Solution In Home Care:\nA Better Solution In Home Care specializes in providing seniors with high-quality, personalized home care services, focusing on veterans. Based in Wichita, KS, the agency is renowned for its commitment to excellence, compassion, and respect in all aspects of its service. Recognizing the importance of veterans' affairs, A Better Solution is proud to offer specialized care designed to meet the unique needs of veterans, ensuring they receive the best possible support and care in their later years.\nMedia Contact\nCompany Name: A Better Solution In Home Care\nContact Person: Gustavo Torres\nEmail: Send Email\nPhone: +1 316 295 3282\nAddress: 815 N Waco Ave Suite 20\nCity: Wichita\nState: KS\nCountry: United States\nWebsite: https://abshomecarewichita.com/\nData & News supplied by www.cloudquote.io\nStock quotes supplied by Barchart\nQuotes delayed at least 20 minutes.\nBy accessing this page, you agree to the following\nPrivacy Policy and Terms and Conditions .",
    "highlightText": "",
    "highlightTitle": "",
    "highlightThreadTitle": "",
    "language": "english",
    "sentiment": "positive",
    "categories": [
        "Human Interest",
        "Health"
    ],
    "external_links": [
        "https://www.getnews.info/press_stat.php?pr=a-better-solution-in-home-care-reaffirms-its-commitment-to-veterans-with-specialized-home-care-in-wichita-ks",
        "https://tracking.newsrpm.com/pixel?slug=getnews-2024-4-4-a-better-solution-in-home-care-reaffirms-its-commitment-to-veterans-with-specialized-home-care-in-wichita-ks",
        "https://abshomecarewichita.com",
        "https://www.cloudquote.io",
        "https://abshomecarewichita.com/home-care/",
        "https://www.googletagmanager.com/gtag/js?id=UA-8590502-3",
        "http://www.universalpressrelease.com/?pr=a-better-solution-in-home-care-reaffirms-its-commitment-to-veterans-with-specialized-home-care-in-wichita-ks",
        "https://www.cloudquote.io/article/5",
        "https://www.cloudquote.io/article/6",
        "https://abshomecarewichita.com/",
        "http://universalpressrelease.com/?pr=a-better-solution-in-home-care-reaffirms-its-commitment-to-veterans-with-specialized-home-care-in-wichita-ks",
        "https://www.googletagmanager.com/gtag/js",
        "https://www.tracking.newsrpm.com/pixel?slug=getnews-2024-4-4-a-better-solution-in-home-care-reaffirms-its-commitment-to-veterans-with-specialized-home-care-in-wichita-ks",
        "https://cloudquote.io/article/6",
        "http://www.universalpressrelease.com/",
        "https://www.abshomecarewichita.com/",
        "https://tracking.newsrpm.com/pixel",
        "https://abshomecarewichita.com",
        "https://googletagmanager.com/gtag/js?id=UA-8590502-3",
        "https://www.abshomecarewichita.com",
        "https://www.getnews.info/press_stat.php",
        "https://abshomecarewichita.com/home-care",
        "https://cloudquote.io",
        "https://getnews.info/press_stat.php?pr=a-better-solution-in-home-care-reaffirms-its-commitment-to-veterans-with-specialized-home-care-in-wichita-ks",
        "https://cloudquote.io/article/5",
        "https://www.abshomecarewichita.com/home-care/"
    ],
    "external_images": [],
    "entities": {
        "persons": [
            {
                "name": "gustavo torres",
                "sentiment": "none"
            }
        ],
        "organizations": [
            {
                "name": "specialized home care",
                "sentiment": "positive"
            },
            {
                "name": "better solution in home care",
                "sentiment": "positive"
            },
            {
                "name": "google",
                "sentiment": "none"
            },
            {
                "name": "ks - a better solution in home care",
                "sentiment": "none"
            },
            {
                "name": "better solution",
                "sentiment": "none"
            }
        ],
        "locations": [
            {
                "name": "wichita",
                "sentiment": "none"
            },
            {
                "name": "ks",
                "sentiment": "none"
            }
        ]
    },
    "rating": null,
    "crawled": "2024-04-05T01:13:12.801+03:00",
    "updated": "2024-04-05T01:13:12.801+03:00"
}