{
    "thread": {
        "uuid": "9d5dd0a7f564c742ebf07d8fa0529ae90ddd673a",
        "url": "https://flipboard.com/article/lee-priest-shares-common-mistakes-you-should-avoid-during-a-back-workout/f-417628d981%2Ffitnessvolt.com",
        "site_full": "flipboard.com",
        "site": "flipboard.com",
        "site_section": "https://flipboard.com/topic/retirement",
        "site_categories": [
            "family_and_parenting",
            "eldercare"
        ],
        "section_title": "Discover More in Retirement on Flipboard",
        "title": "Lee Priest Shares Common Mistakes You Should Avoid During a Back Workout | Flipboard",
        "title_full": "Lee Priest Shares Common Mistakes You Should Avoid During a Back Workout | Flipboard",
        "published": "2024-04-04T22:50:00.000+03:00",
        "replies_count": 0,
        "participants_count": 1,
        "site_type": "news",
        "country": "US",
        "main_image": "https://ic-cdn.flipboard.com/fitnessvolt.com/397e5b7ab2a2d9d41b51a0f2ac4f6dc26dbdfec5/_medium.jpeg",
        "performance_score": 0,
        "domain_rank": 1224,
        "domain_rank_updated": "2024-04-02T13:08:08.000+03:00",
        "reach": null,
        "social": {
            "facebook": {
                "likes": 0,
                "comments": 0,
                "shares": 0
            },
            "gplus": {
                "shares": 0
            },
            "pinterest": {
                "shares": 0
            },
            "linkedin": {
                "shares": 0
            },
            "stumbledupon": {
                "shares": 0
            },
            "vk": {
                "shares": 0
            }
        }
    },
    "uuid": "9d5dd0a7f564c742ebf07d8fa0529ae90ddd673a",
    "url": "https://flipboard.com/article/lee-priest-shares-common-mistakes-you-should-avoid-during-a-back-workout/f-417628d981%2Ffitnessvolt.com",
    "ord_in_thread": 0,
    "parent_url": null,
    "author": "fitnessvolt.com - Doug Murray",
    "published": "2024-04-04T22:50:00.000+03:00",
    "title": "Lee Priest Shares Common Mistakes You Should Avoid During a Back Workout | Flipboard",
    "text": "Lee Priest Shares Common Mistakes You Should Avoid During a Back Workout Bodybuilding veteran Lee Priest hasn’t slowed down in retirement and still boasts an impressive physique at 51. In a recent video, Priest walked fans … [FitnessVolt](/@FitnessVolt) flipped this story into [FitnessVolt](/@fitnessvolt/fitnessvolt-8tk8580lz)•1h More stories from [fitness articles](/topic/fitness) - Storyboard What Happens When You Take PTO for ‘Appointments,’ Then Return With Dyed Hair?Curated byDaily Dot [This worker took the afternoon off for \"appointments,\" implying she was taking care of her health. In reality, she went to the hair salon and got a completely new color. How should she navigate the awkward questions about her fresh look? Read on for answers to her PTO problem and more Trending news.](/@dailydot/what-happens-when-you-take-pto-for-appointments-then-return-with-dyed-hair-rri6bsbg7ju1d186) [This Is One Unexpected Sign Of Colon Cancer That Doctors Urge People Not To Ignore](/topic/fitness/this-is-one-unexpected-sign-of-colon-cancer-that-doctors-urge-people-not-to-igno/a-Iks3Oy3ASGCSF0ti_XoJJQ%3Aa%3A80294823-7b807872d1%2Fbuzzfeed.com) This symptom is often dismissed, which is why it's so important to recognize. With more and more young people being diagnosed with colorectal cancer, it’s natural to be nervous about the disease. Rates of colorectal cancer in people under 50 have been increasing since the 1990s, according to Dr. … [16 Tips for Making the Most of Life After 65](/topic/fitness/16-tips-for-making-the-most-of-life-after-65/a-cD1Dxp6ORjGBbTSfEu7Kbw%3Aa%3A1687460484-5d538791a5%2Fkindafrugal.com) They say that age 60 is the new 40. Have you noticed how that goal post changes every few years? The “accepted” or “expected” retirement age has long … Join the flipboard community Discover, collect, and share stories for all your interests [Sign up](/signup) More stories from [Exercise](/topic/exercise) [How Do Prisoners Get So Big and Muscular? | BOXROX](/topic/exercise/how-do-prisoners-get-so-big-and-muscular-boxrox/a-Rx1YbyH4TvSPmsYND8p8vg%3Aa%3A554355004-461da9d6bd%2Fboxrox.com) What is their secret, and what can you learn from it. Have you ever wondered how do prisoners get so big and muscular? Perhaps there is a thing or two … [I Was A Happily Married Mother Of 4. Then I Met A Woman At Pilates.](/topic/exercise/i-was-a-happily-married-mother-of-4-then-i-met-a-woman-at-pilates/a-JFYkzxiUQCGxbhKXFym_ZQ%3Aa%3A52948404-3c18b413ea%2Fhuffpost.com) \"'I can’t explain it,' I told my husband. 'But it’s all-consuming. I go to bed thinking about her. I wake up thinking about her.'\" I remember the moment it happened — the single spark that set my body aflame. Cecelia stood behind me on the Pilates reformer and pressed her legs into my back, her hands … [I Set A *Big* Fitness Goal For 2024. Here’s How It’s Going](/topic/exercise/i-set-a-big-fitness-goal-for-2024-here-s-how-it-s-going/a-jF9_hFisTgGLv5HGL-Uq0A%3Aa%3A2722856097-0df98c49a5%2Fchatelaine.com) If I write about it, I’ll have to do it. Breaking my no-resolution rule, my goal for 2024 is to cycle 160 km from Toronto, where I live, to Niagara …",
    "highlightText": "",
    "highlightTitle": "",
    "highlightThreadTitle": "",
    "language": "english",
    "sentiment": "positive",
    "categories": [
        "Lifestyle and Leisure",
        "Health"
    ],
    "external_links": [],
    "external_images": [],
    "entities": {
        "persons": [
            {
                "name": "lee pr",
                "sentiment": "negative"
            }
        ],
        "organizations": [
            {
                "name": "pto",
                "sentiment": "none"
            }
        ],
        "locations": []
    },
    "rating": null,
    "crawled": "2024-04-05T00:14:56.834+03:00",
    "updated": "2024-04-05T00:14:56.834+03:00"
}