{
    "thread": {
        "uuid": "6053d2667810e0559784f5b2334a984801380609",
        "url": "https://vnexplorer.net/esta-es-la-hierba-medicinal-que-ayuda-a-desinflamar-el-colon-y-eliminar-los-gases-s2227960.html",
        "site_full": "vnexplorer.net",
        "site": "vnexplorer.net",
        "site_section": "https://vnexplorer.net",
        "site_categories": [
            "health",
            "cold_and_flu"
        ],
        "section_title": "Verified News Explorer Channel - VNExplorer",
        "title": "Esta es la hierba medicinal que ayuda a desinflamar el colon y eliminar los gases",
        "title_full": "Esta es la hierba medicinal que ayuda a desinflamar el colon y eliminar los gases",
        "published": "2024-04-05T00:02:00.000+03:00",
        "replies_count": 0,
        "participants_count": 1,
        "site_type": "news",
        "country": "JP",
        "main_image": "https://img-s-msn-com.akamaized.net/tenant/amp/entityid/AA17MkJS.img",
        "performance_score": 0,
        "domain_rank": 53722,
        "domain_rank_updated": "2024-04-02T13:08:13.000+03:00",
        "reach": null,
        "social": {
            "facebook": {
                "likes": 0,
                "comments": 0,
                "shares": 0
            },
            "gplus": {
                "shares": 0
            },
            "pinterest": {
                "shares": 0
            },
            "linkedin": {
                "shares": 0
            },
            "stumbledupon": {
                "shares": 0
            },
            "vk": {
                "shares": 0
            }
        }
    },
    "uuid": "6053d2667810e0559784f5b2334a984801380609",
    "url": "https://vnexplorer.net/esta-es-la-hierba-medicinal-que-ayuda-a-desinflamar-el-colon-y-eliminar-los-gases-s2227960.html",
    "ord_in_thread": 0,
    "parent_url": null,
    "author": "VNExplorer",
    "published": "2024-04-05T00:02:00.000+03:00",
    "title": "Esta es la hierba medicinal que ayuda a desinflamar el colon y eliminar los gases",
    "text": "La hierbabuena es una de las plantas medicinales más consumidas por los seres humanos gracias a su versatilidad, a sus múltiples usos y al magnífico olor que emana.\nEsta planta tiene innumerables beneficios, entre los que se destaca su efectividad a la hora de combatir problemas digestivos como acidez, náuseas o vómitos y de ayudar a aliviar el estado de ánimo, al ser muy útil para tratar la ansiedad, mejorar la calidad del sueño y contribuir a un mejor estado de ánimo.\nLa hierbabuena puede desinflamar el colon.\nSumado a todas estas propiedades, la hierbabuena es muy útil a la hora de disminuir los molestos gases intestinales, por lo que es un remedio casero ideal para contrarrestar las flatulencias, ya que sus propiedades antiespasmódicas ayudan a reducir los movimientos del intestino previniendo el dolor y la inflamación.\nLa hierbabuena es una de las plantas más utilizadas con fines medicinales.\nUno de sus usos particulares es en forma de aceite, pues así potencia sus propiedades antiinflamatorias y analgésica, ayudando a controlar los dolores de cabeza o molestias musculares y articulares.\nSe puede consumir de diferentes maneras como extractos, en cápsulas, jugos, batidos o aguas aromáticas, lo que también es beneficioso, ya que son muchas las alternativas para poder aprovechar sus beneficios.\nLa hierbabuena puede aliviar dolores de cabeza y muscualres.\nOjo: estas son las personas que no deben consumir té de hierbabuena Aunque la hierbabuena le ofrece distintos beneficios al organismo, hay algunas personas que no deben consumir esta planta. Según por diferentes condiciones, todos aquellos que no deben ingerir esta hierba son:\nPersonas embarazadas y en lactancia. Personas con enfermedades renales. Niños menores de 5 años. Pacientes con antecedentes de alergia a la menta. Personas en tratamientos con medicamentos para el hígado o fármacos sedantes.\nLa hierbabuena es muy versátil y ofrece varias formas de preparación para aprovechar sus propiedades.\nTé de hierbabuena para curar problemas respiratorios y menstruales, así se prepara De acuerdo con Medline Plus, el portal web de la Biblioteca Nacional de Medicina de los Estados Unidos, la hierbabuena es una especie de planta de menta. Su popularidad se debe a que se utiliza para “la memoria, la digestión, la osteoartritis, las náuseas y los vómitos después de una cirugía y muchas otras condiciones”.\nConsumir hierbabuena es ideal para la memoria.\nEntre las otras condiciones se encuentra la cura de problemas respiratorios y menstruales. Respecto a la primera, el sitio web Gastrolab consigna que la hierbabuena se destaca como una planta medicinal que actúa en pro de la salud pulmonar, puesto que tiene propiedades antisépticas y eso significa que puede controlar dolencias e irritaciones, mientras actúa como un desinflamarte natural.\nAsí las cosas, la hierbabuena es usada para la cura de problemas respiratorios, principalmente la gripa o influenza.\nEl té de hierbabuena puede mejorar los problemas respiratorios.\nPor otro lado, la hierba también resulta ser una aliada perfecta para tratar complicaciones menstruales. Teniendo en cuenta recopilaciones dadas por El Universal, la hierbabuena alivia los malestares estomacales, pero tiene mayor acción en el tratamiento o mejora de los cólicos menstruales.\nEl té de hierbabuena tiene propiedades expectorantes y antisépticas.\n“La hierbabuena actúa en nuestro cuerpo como un relajante muscular, por lo que además de aliviar los dolores de cabeza, también puede reducir los cólicos menstruales”, explican los conocedores del tema.\nLa hierbabuena puede aliviar los cólicos\nPara prepararlo, lo primero que se hace es poner a hervir el agua y, luego de alcanzar el punto de ebullición, se añaden las hojas de hierbabuena fresca. Después, hay que dejar hervir por dos minutos más y se apaga el fuego. Por último, tapar el recipiente, dejar reposar por tres minutos, colar y servir.\nPara curar problemas respiratorios y menstruales, el citado portal detalla que la recomendación es ingerir tres tazas de infusión de hierbabuena al día.\nLa digestión puede mejorar al consumir té de hierbabuena.\nEn adición, si una persona quiere mejorar su digestión, también puede considerar consumir esta mezcla natural, que no lleva ningún aditivo de dulce. En esta situación, se aconseja beber una taza de té de hierbabuena después de una comida abundante y pesada para notar los beneficios en el organismo.",
    "highlightText": "",
    "highlightTitle": "",
    "highlightThreadTitle": "",
    "language": "spanish",
    "sentiment": "positive",
    "categories": [
        "Health"
    ],
    "external_links": [
        "https://img-s-msn-com.akamaized.net/tenant/amp/entityid/AAObIsl.img",
        "https://img-s-msn-com.akamaized.net/tenant/amp/entityid/AA192cyx.img",
        "https://img-s-msn-com.akamaized.net/tenant/amp/entityid/AA18nYmP.img",
        "https://img-s-msn-com.akamaized.net/tenant/amp/entityid/AA18UA6s.img",
        "https://img-s-msn-com.akamaized.net/tenant/amp/entityid/AA14cwnA.img",
        "https://img-s-msn-com.akamaized.net/tenant/amp/entityid/AA17MkJS.img",
        "https://img-s-msn-com.akamaized.net/tenant/amp/entityid/AA18ZDw6.img",
        "https://img-s-msn-com.akamaized.net/tenant/amp/entityid/AASxFF2.img",
        "https://img-s-msn-com.akamaized.net/tenant/amp/entityid/AA16K3Sk.img",
        "https://www.img-s-msn-com.akamaized.net/tenant/amp/entityid/AA192cyx.img",
        "https://www.img-s-msn-com.akamaized.net/tenant/amp/entityid/AASxFF2.img",
        "https://www.img-s-msn-com.akamaized.net/tenant/amp/entityid/AA18UA6s.img",
        "https://www.img-s-msn-com.akamaized.net/tenant/amp/entityid/AA16K3Sk.img",
        "https://www.img-s-msn-com.akamaized.net/tenant/amp/entityid/AA14cwnA.img",
        "https://www.img-s-msn-com.akamaized.net/tenant/amp/entityid/AA18ZDw6.img",
        "https://www.img-s-msn-com.akamaized.net/tenant/amp/entityid/AA17MkJS.img",
        "https://www.img-s-msn-com.akamaized.net/tenant/amp/entityid/AA18nYmP.img",
        "https://www.img-s-msn-com.akamaized.net/tenant/amp/entityid/AAObIsl.img"
    ],
    "external_images": [],
    "entities": {
        "persons": [],
        "organizations": [],
        "locations": []
    },
    "rating": null,
    "crawled": "2024-04-05T00:10:54.313+03:00",
    "updated": "2024-04-05T00:10:54.313+03:00"
}