{
    "thread": {
        "uuid": "d334746cc40d417495bdc19e46bd837b91230369",
        "url": "https://www.colombia.com/vida-y-estilo/noticias/romero-el-superheroe-de-las-hierbas-en-la-lucha-contra-varias-enfermedades-460834",
        "site_full": "www.colombia.com",
        "site": "colombia.com",
        "site_section": "https://www.colombia.com/rss/",
        "site_categories": [
            "media"
        ],
        "section_title": "",
        "title": "Romero: El superhéroe de las hierbas en la lucha contra varias enfermedades",
        "title_full": "Romero: El superhéroe de las hierbas en la lucha contra varias enfermedades",
        "published": "2024-04-05T00:15:00.000+03:00",
        "replies_count": 0,
        "participants_count": 1,
        "site_type": "news",
        "country": "CO",
        "main_image": "https://cdn.colombia.com/sdi/2024/04/04/romero-el-superheroe-de-las-hierbas-en-la-lucha-contra-varias-enfermedades-1232938.jpg",
        "performance_score": 0,
        "domain_rank": 49696,
        "domain_rank_updated": "2024-04-02T13:08:13.000+03:00",
        "reach": null,
        "social": {
            "facebook": {
                "likes": 0,
                "comments": 0,
                "shares": 0
            },
            "gplus": {
                "shares": 0
            },
            "pinterest": {
                "shares": 0
            },
            "linkedin": {
                "shares": 0
            },
            "stumbledupon": {
                "shares": 0
            },
            "vk": {
                "shares": 0
            }
        }
    },
    "uuid": "d334746cc40d417495bdc19e46bd837b91230369",
    "url": "https://www.colombia.com/vida-y-estilo/noticias/romero-el-superheroe-de-las-hierbas-en-la-lucha-contra-varias-enfermedades-460834",
    "ord_in_thread": 0,
    "parent_url": null,
    "author": "Paula Castro",
    "published": "2024-04-05T00:15:00.000+03:00",
    "title": "Romero: El superhéroe de las hierbas en la lucha contra varias enfermedades",
    "text": "Paula Castro• Colombia.com\nRomero: El superhéroe de las hierbas en la lucha contra varias enfermedades\nEsta hierba aromática se alza como un poderoso aliado en la lucha contra tres enfermedades, desde tiempos antiguos, el romero ha sido venerado por sus propiedades medicinales.\nEsta hierba aromática se alza como un poderoso aliado en la lucha contra tres enfermedades, desde tiempos antiguos, el romero ha sido venerado por sus propiedades medicinales.\nEl romero es una planta conocida comúnmente por muchas personas, esta hierba aromática, además de otros usos tópicos, es muy apreciada por sus propiedades medicinales debido a la cantidad de antioxidantes, flavonoides y otros compuestos beneficiosos para la salud.\nEl romero tiene entre sus beneficios más destacados la capacidad para potenciar la función cognitiva y otras investigaciones también han evidenciado que el romero puede contribuir a potenciar la memoria, la concentración y la atención.\nEl romero puede ayudar a disminuir el estrés y la ansiedad, lo que a su vez podría traducirse en una mejora del rendimiento cognitivo, pero también beneficia a poder evitar las enfermedades causadas por el estrés.\n[@saludenvideo]\nBeneficios del Romero para la salud\n[#saludnatural] [#romero] [#tederomero] [? sonido original - Dr. Alberto Sanagustin - Dr. Alberto Sanagustin]\nEl romero es una especie vegetal común en la península Ibérica y, en general, en toda la cuenca mediterránea. Se utiliza desde la Antigüedad en la medicina tradicional, gracias a las múltiples propiedades que se le han atribuido históricamente.\nAunque sus aplicaciones externas son ampliamente conocidas, el creciente interés en el romero en la actualidad se centra en el poderoso efecto antioxidante que poseen algunos de sus componentes, pues pueden proteger las células contra el daño oxidativo, lo que potencialmente podría retrasar el proceso de envejecimiento.\nEstos compuestos también pueden promover la salud tanto de la piel como del cabello, al tiempo que el romero exhibe propiedades antiinflamatorias que podrían resultar beneficiosas para la salud en su totalidad, el romero, gracias a sus propiedades antiinflamatorias, ayuda a sanar las heridas.\nPero no solo puede proporcionar alivio para el dolor, sino que también tiene beneficios en diversas condiciones, como la artritis, la fibromialgia y el síndrome del intestino irritable, mejorando la calidad de vida de las personas que sufren de estas enfermedades. Su efecto calmante y antiinflamatorio puede ser un recurso valioso en el manejo de los síntomas y la búsqueda de un bienestar óptimo.",
    "highlightText": "",
    "highlightTitle": "",
    "highlightThreadTitle": "",
    "language": "spanish",
    "sentiment": "positive",
    "categories": [
        "Health"
    ],
    "external_links": [],
    "external_images": [],
    "entities": {
        "persons": [],
        "organizations": [],
        "locations": []
    },
    "rating": null,
    "crawled": "2024-04-05T00:35:24.775+03:00",
    "updated": "2024-04-05T00:35:24.775+03:00"
}