{
    "thread": {
        "uuid": "e72b481246133116fcf027e97f2c2bbd65a36bf7",
        "url": "http://business.dailytimesleader.com/dailytimesleader/article/getnews-2024-4-4-family-home-care-of-central-fl-continues-offering-home-care-in-orlando-fl",
        "site_full": "business.dailytimesleader.com",
        "site": "dailytimesleader.com",
        "site_section": "http://business.dailytimesleader.com/dailytimesleader/markets/news",
        "site_categories": [],
        "section_title": "Stock Market News | NSDQ, NYSE, and AMEX Stock Market News, Market News Categories, Market Indicators | User | dailytimesleader.com ",
        "title": "Family Home Care Of Central Fl Continues Offering Home Care In Orlando, Fl | User | dailytimesleader.com",
        "title_full": "Family Home Care Of Central Fl Continues Offering Home Care In Orlando, Fl | User | dailytimesleader.com",
        "published": "2024-04-04T03:00:00.000+03:00",
        "replies_count": 0,
        "participants_count": 1,
        "site_type": "news",
        "country": "US",
        "main_image": "",
        "performance_score": 0,
        "domain_rank": 85398,
        "domain_rank_updated": "2024-04-02T13:08:16.000+03:00",
        "reach": null,
        "social": {
            "facebook": {
                "likes": 0,
                "comments": 0,
                "shares": 0
            },
            "gplus": {
                "shares": 0
            },
            "pinterest": {
                "shares": 0
            },
            "linkedin": {
                "shares": 0
            },
            "stumbledupon": {
                "shares": 0
            },
            "vk": {
                "shares": 0
            }
        }
    },
    "uuid": "e72b481246133116fcf027e97f2c2bbd65a36bf7",
    "url": "http://business.dailytimesleader.com/dailytimesleader/article/getnews-2024-4-4-family-home-care-of-central-fl-continues-offering-home-care-in-orlando-fl",
    "ord_in_thread": 0,
    "parent_url": null,
    "author": "Get News",
    "published": "2024-04-04T03:00:00.000+03:00",
    "title": "Family Home Care Of Central Fl Continues Offering Home Care In Orlando, Fl | User | dailytimesleader.com",
    "text": "Family Home Care of Central FL, led by Jarod Carter, continues to provide exceptional home care services in Orlando, FL, catering to the elderly's unique needs with compassion and excellence. Specializing in personal care, medication management, and more, they ensure a quality life for clients. Discover compassionate care at https://familyhomecarecf.com Orlando, FL - Family Home Care of Central FL, led by healthcare veteran Jarod Carter, today announced the ongoing provision of high-quality home care services in Orlando, FL. This announcement comes as a response to the increasing demand for reliable and compassionate care for the elderly within the community. Family Home Care of Central FL's continued service underscores its unwavering dedication to ensuring elderly individuals and their families in Orlando have access to the best possible care right in their homes.\n“At Family Home Care of Central FL, our mission transcends beyond merely offering services; it's about enriching the lives of our clients and their families,\" stated Jarod Carter. \"We understand the significance of trust and compassion in-home care. Our team of skilled caregivers is committed to delivering personalized and thoughtful care, allowing our clients to enjoy a quality life with dignity and respect.\"\nThe home care provider specializes in a comprehensive range of services tailored to meet each client's unique needs, including personal care, medication management, companionship, and specialized care for individuals with chronic conditions. Focusing on enhancing clients' well-being, Family Home Care of Central FL employs a rigorous screening process to ensure their caregivers are highly qualified and share the company's vision of compassionate care.\nFor more information about Family Home Care of Central FL and their home care in Orlando, FL , please visit their website at https://familyhomecarecf.com\nAbout Family Home Care of Central FL:\nFamily Home Care of Central FL is a leading provider of in-home care services in Orlando, FL, dedicated to improving the lives of the elderly and their families. With a strong emphasis on compassion, reliability, and excellence, the company ensures that each client receives the highest level of care and support.\nMedia Contact\nCompany Name: Family Home Care of Central FL\nContact Person: Jarod Carter\nEmail: Send Email\nPhone: +14076414306\nAddress: 1326 Palmetto Ave\nCity: Winter Park\nState: FL\nCountry: United States\nWebsite: https://familyhomecarecf.com/\nData & News supplied by www.cloudquote.io\nStock quotes supplied by Barchart\nQuotes delayed at least 20 minutes.\nBy accessing this page, you agree to the following\nPrivacy Policy and Terms and Conditions .",
    "highlightText": "",
    "highlightTitle": "",
    "highlightThreadTitle": "",
    "language": "english",
    "sentiment": "positive",
    "categories": [
        "Human Interest",
        "Health"
    ],
    "external_links": [
        "https://familyhomecarecf.com/orlando-home-care/",
        "https://www.getnews.info/press_stat.php?pr=family-home-care-of-central-fl-continues-offering-home-care-in-orlando-fl",
        "https://familyhomecarecf.com",
        "https://www.cloudquote.io",
        "https://familyhomecarecf.com/",
        "https://www.googletagmanager.com/gtag/js?id=UA-8590502-3",
        "https://tracking.newsrpm.com/pixel?slug=getnews-2024-4-4-family-home-care-of-central-fl-continues-offering-home-care-in-orlando-fl",
        "https://www.cloudquote.io/article/5",
        "https://www.cloudquote.io/article/6",
        "http://www.universalpressrelease.com/?pr=family-home-care-of-central-fl-continues-offering-home-care-in-orlando-fl",
        "https://www.googletagmanager.com/gtag/js",
        "https://cloudquote.io/article/5",
        "https://getnews.info/press_stat.php?pr=family-home-care-of-central-fl-continues-offering-home-care-in-orlando-fl",
        "https://cloudquote.io/article/6",
        "https://familyhomecarecf.com",
        "https://www.familyhomecarecf.com/",
        "http://universalpressrelease.com/?pr=family-home-care-of-central-fl-continues-offering-home-care-in-orlando-fl",
        "https://www.familyhomecarecf.com",
        "https://googletagmanager.com/gtag/js?id=UA-8590502-3",
        "https://www.getnews.info/press_stat.php",
        "http://www.universalpressrelease.com/",
        "https://cloudquote.io",
        "https://www.tracking.newsrpm.com/pixel?slug=getnews-2024-4-4-family-home-care-of-central-fl-continues-offering-home-care-in-orlando-fl",
        "https://www.familyhomecarecf.com/orlando-home-care/",
        "https://familyhomecarecf.com/orlando-home-care",
        "https://tracking.newsrpm.com/pixel"
    ],
    "external_images": [],
    "entities": {
        "persons": [
            {
                "name": "jarod carter",
                "sentiment": "neutral"
            }
        ],
        "organizations": [],
        "locations": [
            {
                "name": "orlando",
                "sentiment": "none"
            },
            {
                "name": "fl",
                "sentiment": "none"
            }
        ]
    },
    "rating": null,
    "crawled": "2024-04-05T01:12:22.842+03:00",
    "updated": "2024-04-05T01:12:22.842+03:00"
}