{
    "thread": {
        "uuid": "321b8c78db2fadaa8c697edb81d43b1ae36239e6",
        "url": "https://www.eldiario.es/cantabria/ultimas-noticias/valdecilla-estrenara-lunes-primer-quirofano-hibrido-combina-cirugia-diagnostico-imagen_1_11263689.html",
        "site_full": "www.eldiario.es",
        "site": "eldiario.es",
        "site_section": "https://www.eldiario.es/cantabria",
        "site_categories": [
            "politics",
            "law_government_and_politics",
            "top_news"
        ],
        "section_title": "Noticias de Cantabria en elDiario.es",
        "title": "Valdecilla estrenará el lunes su primer quirófano híbrido, que combina cirugía con diagnóstico por imagen",
        "title_full": "Valdecilla estrenará el lunes su primer quirófano híbrido, que combina cirugía con diagnóstico por imagen",
        "published": "2024-04-04T15:11:00.000+03:00",
        "replies_count": 0,
        "participants_count": 1,
        "site_type": "news",
        "country": "ES",
        "main_image": "https://static.eldiario.es/clip/c1d0171f-8587-4c2d-af05-f4330affb31b_facebook-aspect-ratio_default_0.jpg",
        "performance_score": 0,
        "domain_rank": 2877,
        "domain_rank_updated": "2024-04-02T13:08:08.000+03:00",
        "reach": null,
        "social": {
            "facebook": {
                "likes": 0,
                "comments": 0,
                "shares": 0
            },
            "gplus": {
                "shares": 0
            },
            "pinterest": {
                "shares": 0
            },
            "linkedin": {
                "shares": 0
            },
            "stumbledupon": {
                "shares": 0
            },
            "vk": {
                "shares": 0
            }
        }
    },
    "uuid": "321b8c78db2fadaa8c697edb81d43b1ae36239e6",
    "url": "https://www.eldiario.es/cantabria/ultimas-noticias/valdecilla-estrenara-lunes-primer-quirofano-hibrido-combina-cirugia-diagnostico-imagen_1_11263689.html",
    "ord_in_thread": 0,
    "parent_url": null,
    "author": "LARA REVILLA",
    "published": "2024-04-04T15:11:00.000+03:00",
    "title": "Valdecilla estrenará el lunes su primer quirófano híbrido, que combina cirugía con diagnóstico por imagen",
    "text": "0 El primer quirófano híbrido del Hospital Universitario Marqués de Valdecilla de Santander, que combina “lo más puntero” de la cirugía con la tecnología “más innovadora” de diagnóstico por imagen, entrará en funcionamiento el próximo lunes. La principal novedad de este nuevo quirófano es que permite hacer, al mismo tiempo, pruebas diagnósticas y cirugías, ayudando a realizar aquellas más complejas de forma “rápida, fácil, segura y, también, menos invasiva”. En la práctica, se estima que podrán beneficiarse de este nuevo equipamiento “un gran número de pacientes”, ya que Valdecilla realiza al año más de 800 cirugías del sistema vascular y más de 1.500 radiologías vasculares. Además, cuenta con un brazo robotizado que permite realizar angiografías con imágenes de alta precisión, una tecnología especialmente beneficiosa para intervenir en patologías como el aneurisma de aorta abdominal y enfermedades vasculares de otros órganos, además de patologías no vasculares, fundamentalmente oncológicas y traumáticas. También permite atender en un solo procedimiento patologías urgentes que ahora se realizan en varios días. La presidenta de Cantabria, María José Sáenz de Buruaga, ha visitado este jueves el nuevo quirófano, denominado 'Doctor Andrés González Tutor', en recuerdo del doctor que hace 50 años puso en marcha el Servicio de Radiodiagnóstico en el hospital. “Hoy es un día importante para el sistema sanitario público, para la sanidad pública y para sus pacientes y profesionales”, ha trasladado Buruaga, que ha destacado que este quirófano supone “un gran avance en el campo de la cirugía, ya permite el trabajo conjunto de cirujanos y radiólogos intervencionistas”. En la visita a este quirófano, el número 33 del hospital público, la presidenta ha estado acompañada por el consejero de Salud, César Pascual; por la gerente del hospital, Dolores Acón; el jefe de Cirugía Cardiovascular, José Francisco Gutiérrez; y el jefe de Radiología del hospital, Andrés González Mandley. González Mandley ha considerado un “orgullo” ver cómo se incorporan nuevas tecnologías con el apoyo de las instituciones y el impulso de los trabajadores para mejorar el tratamiento de pacientes; y ha agradecido el que este quirófano lleve el nombre de su padre que, junto a los cirujanos cardiovasculares puso en marcha tecnologías híbridas en el hospital. El nuevo quirófano permite una mayor precisión intraoperatoria en las cirugías que se realizan a los pacientes ya que pueden obtener imágenes de una gran calidad en el mismo momento en el que se están realizando, lo que permite a los cirujanos comprobar la eficacia de la intervención antes de que finalice. Además, el complejo quirúrgico guiado por imagen aumenta la seguridad del paciente y no es necesario repetir pruebas ahorrando al paciente la administración de contrastes y la exposición a radiación, y facilita que cirujanos y radiólogos intervencionistas puedan trabajar de manera coordinada dentro del entorno quirúrgico. La puesta en marcha de este quirófano ha supuesto una inversión de 2,7 millones de euros, sumando el equipamiento y la obra que ha sido necesaria, y ha contado con la financiación europea de 800.000 euros con cargo al programa INVEAT.",
    "highlightText": "",
    "highlightTitle": "",
    "highlightThreadTitle": "",
    "language": "spanish",
    "sentiment": "positive",
    "categories": [
        "Science and Technology",
        "Health"
    ],
    "external_links": [],
    "external_images": [],
    "entities": {
        "persons": [],
        "organizations": [],
        "locations": []
    },
    "rating": null,
    "crawled": "2024-04-05T00:05:20.905+03:00",
    "updated": "2024-04-05T00:05:20.905+03:00"
}