{
    "thread": {
        "uuid": "bb93dd23fcb7752306e1935e572b58335551534c",
        "url": "https://rivercountry.newschannelnebraska.com/story/50642289/this-implantable-alternative-to-a-cpap-for-obstructive-sleep-apnea-works-best-for-people-who-are-overweight-not-obese",
        "site_full": "rivercountry.newschannelnebraska.com",
        "site": "newschannelnebraska.com",
        "site_section": "https://rivercountry.newschannelnebraska.com/health-news",
        "site_categories": [
            "media"
        ],
        "section_title": "RIVER COUNTRY - NEWS CHANNEL NEBRASKA",
        "title": "This implantable alternative to a CPAP for obstructive sleep apnea works best for people who are overweight, not obese - RIVER COUNTRY - NEWS CHANNEL NEBRASKA",
        "title_full": "This implantable alternative to a CPAP for obstructive sleep apnea works best for people who are overweight, not obese - RIVER COUNTRY - NEWS CHANNEL NEBRASKA",
        "published": "2024-04-04T03:00:00.000+03:00",
        "replies_count": 0,
        "participants_count": 1,
        "site_type": "news",
        "country": "US",
        "main_image": "",
        "performance_score": 0,
        "domain_rank": 12095,
        "domain_rank_updated": "2024-04-02T13:08:08.000+03:00",
        "reach": null,
        "social": {
            "facebook": {
                "likes": 0,
                "comments": 0,
                "shares": 0
            },
            "gplus": {
                "shares": 0
            },
            "pinterest": {
                "shares": 0
            },
            "linkedin": {
                "shares": 0
            },
            "stumbledupon": {
                "shares": 0
            },
            "vk": {
                "shares": 0
            }
        }
    },
    "uuid": "bb93dd23fcb7752306e1935e572b58335551534c",
    "url": "https://rivercountry.newschannelnebraska.com/story/50642289/this-implantable-alternative-to-a-cpap-for-obstructive-sleep-apnea-works-best-for-people-who-are-overweight-not-obese",
    "ord_in_thread": 0,
    "parent_url": null,
    "author": "Thursday; April",
    "published": "2024-04-04T03:00:00.000+03:00",
    "title": "This implantable alternative to a CPAP for obstructive sleep apnea works best for people who are overweight, not obese - RIVER COUNTRY - NEWS CHANNEL NEBRASKA",
    "text": "This implantable alternative to a CPAP for obstructive sleep apnea works best for people who are overweight, not obese By Sandee LaMotte, CNN (CNN) — An implant for [obstructive sleep apnea](https://www.cnn.com/2023/05/31/health/sleep-apnea-snoring-brain-volume-wellness/index.html) — a [serious sleep malady](https://www.cnn.com/2023/05/10/health/sleep-apnea-brain-damage-study-wellness/index.html) in which breathing stops for 10 seconds to two minutes many times an hour each night — works best in people who are overweight but not severely obese, a new study found. To qualify for the device, called a hypoglossal nerve stimulator, a person over 18 diagnosed with moderate-to-severe obstructive sleep apnea must be unable to adapt or refuse to wear a continuous positive airway pressure, or CPAP, machine, the [gold standard](https://pubmed.ncbi.nlm.nih.gov/28287009/) treatment for obstructive sleep apnea. The new study, [published Thursday](https://jamanetwork.com/journals/jamaotolaryngology/fullarticle/10.1001/jamaoto.2024.0261?guestAccessKey=c8e322b8-c54e-457b-8dfd-889c93bb0176&utm_source=For_The_Media&utm_medium=referral&utm_campaign=ftm_links&utm_content=tfl&utm_term=040424) in the journal JAMA Otolaryngology — Head & Neck Surgery, looked at the body mass index of 76 patients who had received the implant, said senior author Dr. Eric Landsness, an assistant professor of neurology and sleep medicine at Washington University School of Medicine in St. Louis. Currently, the implant surgery, which costs between $50,000 and $100,000, is approved and covered by Medicare and many insurance companies for people with a BMI of up to 40. However, “we found for people with a BMI of more than 32, the device might be unsuccessful up to 75% of the time,” Landsness said. “It was a linear relationship: For each unit increase in BMI beyond 32, the odds of successful treatment decreased by approximately 17%.” As [currently defined](https://www.cdc.gov/obesity/basics/adult-defining.html#:~:text=Obesity%20is%20frequently%20subdivided%20into,categorized%20as%20%E2%80%9Csevere%E2%80%9D%20obesity.), a BMI between 18.5 and 24.9 is a healthy weight, between 25 and 29.5 is overweight, between 30 and 34.9 is obese, between 35 and 39.5 is class 2 obesity, and anything over 40 is “severe” or class 3 obesity, which used to be called morbid obesity. People are considered underweight if their BMI is lower than 18.5. The study also found the implant was less successful for people who slept on their backs, or what is called the supine position. The study’s results are consistent with earlier research that showed the efficacy of the device; however, “it also raises questions about whether obesity or supine sleeping limit its effectiveness,” said sleep specialist Kristen Knutson, an associate professor of neurology and preventive medicine at Northwestern University’s Feinberg School of Medicine in Chicago. She was not involved with the study. “There’s a huge unmet need of patients that are suffering with obstructive sleep apnea and not able to tolerate CPAP,” Landsness said. “But this is a surgery, which always carries risk, and it’s expensive, so as doctors we need to be sure the stimulator is the right choice for that patient.” Adjusting to CPAP To use a CPAP, a sleeper places a mask over the nose and mouth, then seals the mask to the face with straps and turns on a machine connected to the mask by a hose. Based on that person’s unique requirements, the machine provides air at a pressure just high enough to prevent the collapse of the airway during sleep. Many people, however, find the mask claustrophobic and ill-fitting, the tubing constrictive and cumbersome and the air pressure either inadequate or too forceful. Many people wake up frequently during the adjustment period, leading some to say their sleep is worse than before starting treatment. About a third of patients have difficulty using a CPAP and may ultimately abandon the device, Landsness said. If enlarged tonsils, a deviated septum or excessive soft tissue in the throat cause the apnea, a person may require surgery to treat those problems, he added. Besides CPAP and surgery, treatments for obstructive sleep apnea are minimal, such as dental appliances that try to move the tongue forward, or behavioral changes such as losing weight and asking people to sleep on their sides instead of their backs. “Rather than not treating the condition, and facing the potential health consequences, the hypoglossal nerve stimulator treatment offers an opportunity that did not previously exist,” said Dr. Brandon Peters-Mathews, who is board-certified in both neurology and sleep medicine and practices at Virginia Mason Medical Center in Seattle. He was not involved in the study. “Most people recover fairly quickly after surgery, with pain eased in the first days,” Peters-Mathews said in an email. “The device is activated 1 month into use and there can be some discomfort as the intensity of the stimulation is increased. Side effects rarely undermine the therapy.” What is a hypoglossal nerve stimulator? The US Food and Drug Administration [first approved](https://aasm.org/fda-approves-inspire-upper-airway-stimulation-therapy-for-sleep-apnea/) the hypoglossal nerve stimulator in 2014, and to date the device has been implanted in 60,000 people worldwide, according to the [manufacturer](https://www.inspiresleep.com/en-us/qualification-requirements/). A surgeon places a small instrument, much like a pacemaker, under the skin near the collarbone. Another impact is placed under the jaw, then attached to a nerve that controls the tongue. Both devices are connected with a wire implanted along the neck. Activated at night via remote control, the apparatus detects each breath and electrically activates the tongue to keep it from obstructing the airway. “It’s opening your airway by stimulating your tongue to basically move forward,” Landsness said. “The biggest complaint we hear from people is that sometimes their tongue feels tired because that muscle is stimulated over and over again.” However, it can take up to a year from the first doctor’s visit to full adaptation to the device, with a number of important steps needed along the way, said Dr. Raj Dasgupta, a pulmonary and sleep medicine specialist at Huntington Health in Pasadena, California. “You must visit an otolaryngologist who will do a procedure called DISE — drug-induced sleep endoscopy — and put a scope called an endoscope through the nose to look at the collapse of the upper airway,” said Dasgupta, who was not involved in the study. “If the collapse is front to back, such as the tongue falling into the back of the throat, they may be a candidate for the procedure,” he said. “Then you have to do a sleep study to see how much stimulation will be needed to find the correct settings, and sometimes patients don’t tolerate it.” A dangerous, widespread condition Nearly 1 billion people worldwide have moderate to severe obstructive sleep apnea in which breathing stops for seconds to minutes between 30 to 100 times per hour, [according to estimates](https://www.thelancet.com/journals/lanres/article/PIIS2213-2600(19)30198-5/abstract). Another 425 million people are thought to have a mild to moderate version of the dangerous condition — for those people, breathing stops between five and 29 times per hour. Imagine what happens when the body stops breathing or doesn’t breathe enough: Oxygen levels, for example, can plummet each night to levels that rushed people with Covid-19 respiratory distress into intensive care during the pandemic. The ongoing oxygen deprivation can lead to a host of serious medical conditions, such as high blood pressure, coronary artery disease, heart attack, heart failure, stroke and arrhythmias, a disruption in heart rhythm that can lead to sudden death, [according to the Mayo Clinic](https://www.mayoclinic.org/diseases-conditions/obstructive-sleep-apnea/symptoms-causes/syc-20352090#:~:text=Many%20people%20with%20obstructive%20sleep,attack%2C%20heart%20failure%20and%20stroke.). Obstructive sleep apnea is [also connected](https://www.ncbi.nlm.nih.gov/pmc/articles/PMC8700568/) to type 2 diabetes, asthma, obesity, kidney disease, chronic obstructive pulmonary disease, thyroid disease and mental illnesses such as depression and anxiety. Yet many people with the condition have no idea they are denying their brains and bodies life-sustaining oxygen, often going undiagnosed until a sleep partner complains of excessive snoring or gasping during sleep, two telltale signs. “People wake up just enough to start breathing when this happens but often not enough to regain consciousness,” Landsness said. “They can go on like that for years without realizing why they have a lack of focus, low energy and excessive sleepiness during the day.” New solutions to treat obstructive sleep apnea are desperately needed, so the stimulator’s advent was welcome news to doctors desperate to offer their patients a solution, Landsness said. “As an alternative treatment for sleep apnea, this hypoglossal nerve stimulation surgery could revolutionize some people’s lives,” he said. “I’ve had patients cry with joy after they have recovered because they have tried so hard and failed with CPAP, and we finally found something that works for them. “However, it seems a person’s weight seems to be an important factor that predicts whether or not they will respond successfully to the treatment,” he said. “As a sleep doctor, I want this treatment to be given to patients, but I want it to be given to the right patients, the ones who will benefit the most.” The-CNN-Wire ™ & © 2024 Cable News Network, Inc., a Warner Bros. Discovery Company. All rights reserved.",
    "highlightText": "",
    "highlightTitle": "",
    "highlightThreadTitle": "",
    "language": "english",
    "sentiment": "positive",
    "categories": [
        "Science and Technology",
        "Health"
    ],
    "external_links": [
        "https://aasm.org/fda-approves-inspire-upper-airway-stimulation-therapy-for-sleep-apnea/)",
        "https://pubmed.ncbi.nlm.nih.gov/28287009/)",
        "https://www.cnn.com/2023/05/31/health/sleep-apnea-snoring-brain-volume-wellness/index.html)",
        "https://www.inspiresleep.com/en-us/qualification-requirements/).",
        "https://www.cdc.gov/obesity/basics/adult-defining.html#:~:text=Obesity%20is%20frequently%20subdivided%20into,categorized%20as%20%E2%80%9Csevere%E2%80%9D%20obesity.),",
        "https://www.ncbi.nlm.nih.gov/pmc/articles/PMC8700568/)",
        "https://www.mayoclinic.org/diseases-conditions/obstructive-sleep-apnea/symptoms-causes/syc-20352090#:~:text=Many%20people%20with%20obstructive%20sleep,attack%2C%20heart%20failure%20and%20stroke.).",
        "https://www.thelancet.com/journals/lanres/article/PIIS2213-2600(19)30198-5/abstract).",
        "https://www.cnn.com/2023/05/10/health/sleep-apnea-brain-damage-study-wellness/index.html)",
        "https://jamanetwork.com/journals/jamaotolaryngology/fullarticle/10.1001/jamaoto.2024.0261?guestAccessKey=c8e322b8-c54e-457b-8dfd-889c93bb0176&utm_source=For_The_Media&utm_medium=referral&utm_campaign=ftm_links&utm_content=tfl&utm_term=040424)",
        "https://thelancet.com/journals/lanres/article/PIIS2213-2600(19)30198-5/abstract).",
        "https://cnn.com/2023/05/10/health/sleep-apnea-brain-damage-study-wellness/index.html)",
        "https://cdc.gov/obesity/basics/adult-defining.html#:~:text=Obesity%20is%20frequently%20subdivided%20into,categorized%20as%20%E2%80%9Csevere%E2%80%9D%20obesity.),",
        "https://ncbi.nlm.nih.gov/pmc/articles/PMC8700568/)",
        "https://cnn.com/2023/05/31/health/sleep-apnea-snoring-brain-volume-wellness/index.html)",
        "https://jamanetwork.com/journals/jamaotolaryngology/fullarticle/10.1001/jamaoto.2024.0261",
        "https://www.jamanetwork.com/journals/jamaotolaryngology/fullarticle/10.1001/jamaoto.2024.0261?guestAccessKey=c8e322b8-c54e-457b-8dfd-889c93bb0176&utm_source=For_The_Media&utm_medium=referral&utm_campaign=ftm_links&utm_content=tfl&utm_term=040424)",
        "https://www.aasm.org/fda-approves-inspire-upper-airway-stimulation-therapy-for-sleep-apnea/)",
        "https://www.pubmed.ncbi.nlm.nih.gov/28287009/)",
        "https://inspiresleep.com/en-us/qualification-requirements/).",
        "https://mayoclinic.org/diseases-conditions/obstructive-sleep-apnea/symptoms-causes/syc-20352090#:~:text=Many%20people%20with%20obstructive%20sleep,attack%2C%20heart%20failure%20and%20stroke.)."
    ],
    "external_images": [],
    "entities": {
        "persons": [
            {
                "name": "sandee lamotte",
                "sentiment": "none"
            }
        ],
        "organizations": [
            {
                "name": "cnn",
                "sentiment": "none"
            }
        ],
        "locations": []
    },
    "rating": null,
    "crawled": "2024-04-05T00:35:15.781+03:00",
    "updated": "2024-04-05T00:35:15.781+03:00"
}