{
    "thread": {
        "uuid": "9b68fffd83a678d17db2dceff32ff818e7df707c",
        "url": "https://steelcraftgifts.com/2024/04/05/cupcakes-sans-gluten-le-plaisir-gourmand-sans-restrictions",
        "site_full": "steelcraftgifts.com",
        "site": "steelcraftgifts.com",
        "site_section": "https://steelcraftgifts.com/category/business-small-business/",
        "site_categories": [],
        "section_title": null,
        "title": "",
        "title_full": "",
        "published": "2024-04-04T21:05:00.000+03:00",
        "replies_count": 0,
        "participants_count": 1,
        "site_type": "news",
        "country": null,
        "main_image": "",
        "performance_score": 0,
        "domain_rank": 41648,
        "domain_rank_updated": "2024-04-02T13:08:13.000+03:00",
        "reach": null,
        "social": {
            "facebook": {
                "likes": 0,
                "comments": 0,
                "shares": 0
            },
            "gplus": {
                "shares": 0
            },
            "pinterest": {
                "shares": 0
            },
            "linkedin": {
                "shares": 0
            },
            "stumbledupon": {
                "shares": 0
            },
            "vk": {
                "shares": 0
            }
        }
    },
    "uuid": "9b68fffd83a678d17db2dceff32ff818e7df707c",
    "url": "https://steelcraftgifts.com/2024/04/05/cupcakes-sans-gluten-le-plaisir-gourmand-sans-restrictions",
    "ord_in_thread": 0,
    "parent_url": null,
    "author": "dustinsummers00",
    "published": "2024-04-04T21:05:00.000+03:00",
    "title": "",
    "text": "Conclusion\nEn conclusion, les cupcakes pas de gluten sont une délicieuse différent pour ceux qui cherchent à éviter le gluten tout ça en savourant des desserts gourmands. Que ce les deux par des causes de santé ou simplement par choix personnel, les cupcakes pas de gluten sont une option savoureuse pour satisfaire les papilles.\n3. Les cuisiniers de Merenda Traiteur proposent-ils des choix végétariennes ou pas de gluten ?\nOui, Merenda Traiteur propose des options végétariennes, sans gluten et d’autres variations alimentaires pour répondre aux besoins de tous les convives. Vous pouvez discuter de ces choix lors de la planification hors de votre événement.\n1. Comment puis-je commander un traiteur en ligne sur le Québec ?\nPour commander un traiteur en ligne au Québec, vous pouvez sonder pour les sites web des traiteurs réputés dans le royaume. Parcourez leurs menus, faites votre choix, et passez votre commande en ligne. Certains traiteurs proposent également une aide par téléphone.\n2. Quels sortes de repas puis-je commander en ligne ?\nVous pouvez commander une sélection de repas en ligne, notamment des plateaux-repas, des buffets, des plats à le carton, des desserts, et similaire des options végétariennes ou sans gluten, basé sur les offres du traiteur sélectionné.\nPersonnalisation et Créativité\nUn différent niveau fort du meilleur traiteur réside dans sa capacité à personnaliser les menus pour chaque événement. Les cuisiniers travaillent en étroite collaboration dans leurs clients par concevoir des expériences gastronomiques personnalisé qui correspondent aux préférences et à souvent.\n3. Les cuisiniers du meilleur traiteur à Québec proposent-ils des choix végétariennes ou pas de gluten ?\nOui, le meilleur traiteur à Québec propose des options végétariennes, sans gluten et d’autres diversifications alimentaires pour répondre aux besoins de tous les convives. Vous pouvez débattre de ces options lors de la planification hors de votre occasion.\nConclusion\nEn conclusion, opter pour un traiteur en ligne sur le Québec est une façon à la mode et pratique de profiter d’une gourmandises de haute qualité pas de les tracas d’une préparation. Que ce les deux par un repas en ménage, un événement d’entreprise, https://WWW.Fluencycheck.com/150984/traiteur-bbq-%C3%A0-qu%C3%A9bec-une-explosion-de-saveurs-grill%C3%A9es ou une célébration spéciale, les entreprises de traiteur en ligne apportent la gourmandise à votre porte.\n3. Les chefs de gourmandises Atout Traiteur proposent-ils des choix végétariennes ou pas de gluten ?\nOui, la cuisine Atout Traiteur propose des choix végétariennes, sans gluten et d’autres adaptations alimentaires par répondre aux besoins de tous les convives. Vous pouvez discuter de ces choix lors d’une planification de votre occasion.\nLivraison Pratique\nLa approvisionnement à domicile est l’une des traits clés des prestataires de traiteur en ligne. Vous pouvez obtenir votre repas directement chez vous aussi, sur le lieu de travail, ou concernant le lieu hors de votre événement.\n1. Comment puis-je commander les prestataires de Merenda Traiteur ?\nVous pouvez commander les services de Merenda Traiteur en les contactant directement par téléphone ou en visitant leur site net en ligne officiel par payer de fric pour des détails sur les options de réservation.\nOption Saine\nLes cupcakes sans gluten sont parfois considérés comme une option supplémentaire saine, car ils sont habituellement préparés avec des ingrédients naturels et sans additifs artificiels. Ils conviennent également aux individus qui suivent un régime alimentaire supplémentaire personnel.\nService Attentionné\nOutre la qualité d’une repas, Thebookmarkfree.com le meilleur traiteur propose un service attentionné et professionnel. Les équipes de service veillent à ce que chaque détail soit pris à l’étude pour que les invités se sentent choyés.\nPersonnalisation\nMerenda Traiteur propose une personnalisation totale de ses menus. Les cuisiniers travaillent en étroite collaboration avec leurs clients pour planifier des menus sur mesure qui correspondent parfaitement à leurs préférences et à souvent.\nAvantages du Service de Traiteur en Ligne\nFaire appel à un traiteur en ligne au Québec comporte de beaucoup avantages. Vous pouvez personnaliser votre menu, économiser beaucoup du temps, et profiter de la livraison à domicile ou en ce qui concerne le lieu de votre décisions.\n3. Quels sont les délais de livraison habituels par un traiteur en ligne ?\nLes dates limites de livraison varient en opérer du traiteur et de la région. En général, il est bénéfique de traverser votre commande à l’avance pour assurer une approvisionnement à l’heure prévue. Les traiteurs en ligne fournissent habituellement des détails sur les dates limites de livraison lors d’une commande.\nLa Passion d’une Cuisine\nÀ Merenda Traiteur, la passion de la gourmandises est palpable. Les chefs talentueux mettent leur expertise sur le service de chaque plat, créant ainsi des expériences gustatives exceptionnelles.",
    "highlightText": "",
    "highlightTitle": "",
    "highlightThreadTitle": "",
    "language": "french",
    "sentiment": "positive",
    "categories": [
        "Health",
        "Social Issue",
        "Lifestyle and Leisure"
    ],
    "external_links": [
        "http://beach.sbm.pw/user/romandehav/",
        "https://thebookmarkfree.com/story16963047/ma-traiteur",
        "https://WWW.Fluencycheck.com/150984/traiteur-bbq-%C3%A0-qu%C3%A9bec-une-explosion-de-saveurs-grill%C3%A9es",
        "http://beach.sbm.pw/user/romandehav",
        "https://www.WWW.Fluencycheck.com/150984/traiteur-bbq-%C3%A0-qu%C3%A9bec-une-explosion-de-saveurs-grill%C3%A9es",
        "https://www.thebookmarkfree.com/story16963047/ma-traiteur",
        "http://www.beach.sbm.pw/user/romandehav/"
    ],
    "external_images": [],
    "entities": {
        "persons": [],
        "organizations": [],
        "locations": []
    },
    "rating": null,
    "crawled": "2024-04-05T00:42:40.860+03:00",
    "updated": "2024-04-05T00:42:40.860+03:00"
}