{
    "thread": {
        "uuid": "e352802d1b3b8ebbe5ca7b6a74d9d1efa141de26",
        "url": "https://fremonttribune.com/news/nation-world/science/human-pig-kidney-transplant-update/article_d54e3ad7-91c1-5983-829c-0a7b928bbf09.html",
        "site_full": "fremonttribune.com",
        "site": "fremonttribune.com",
        "site_section": "https://fremonttribune.com/news",
        "site_categories": [
            "media"
        ],
        "section_title": "Fremont Tribune | Fremont News | fremonttribune.com",
        "title": "Man with transplanted pig kidney leaves hospital",
        "title_full": "Man with transplanted pig kidney leaves hospital",
        "published": "2024-04-04T08:00:00.000+03:00",
        "replies_count": 0,
        "participants_count": 1,
        "site_type": "news",
        "country": "US",
        "main_image": "https://bloximages.chicago2.vip.townnews.com/fremonttribune.com/content/tncms/assets/v3/editorial/d/54/d54e3ad7-91c1-5983-829c-0a7b928bbf09/660eadc8cf4c1.preview.jpg?crop=1920%2C1008%2C0%2C35&amp;resize=1200%2C630&amp;order=crop%2Cresize",
        "performance_score": 0,
        "domain_rank": 64897,
        "domain_rank_updated": "2024-04-02T13:08:13.000+03:00",
        "reach": null,
        "social": {
            "facebook": {
                "likes": 0,
                "comments": 0,
                "shares": 0
            },
            "gplus": {
                "shares": 0
            },
            "pinterest": {
                "shares": 0
            },
            "linkedin": {
                "shares": 0
            },
            "stumbledupon": {
                "shares": 0
            },
            "vk": {
                "shares": 0
            }
        }
    },
    "uuid": "e352802d1b3b8ebbe5ca7b6a74d9d1efa141de26",
    "url": "https://fremonttribune.com/news/nation-world/science/human-pig-kidney-transplant-update/article_d54e3ad7-91c1-5983-829c-0a7b928bbf09.html",
    "ord_in_thread": 0,
    "parent_url": null,
    "author": "John Bonifield, Brenda Goodman and Carma Hassan, CNN",
    "published": "2024-04-04T08:00:00.000+03:00",
    "title": "Man with transplanted pig kidney leaves hospital",
    "text": "Rick Slayman, the world’s [first living recipient of a genetically edited pig kidney transplant](https://www.cnn.com/2024/03/21/health/pig-kidney-transplant-living-person/index.html), was discharged from the hospital Wednesday, two weeks after his operation, Massachusetts General Hospital said in a statement. “He is recovering well and will continue to recuperate at home with his family,” the hospital [said](https://twitter.com/MassGeneralNews/status/1775621590182457769) on X, formerly Twitter. In a [statement](https://www.massgeneral.org/news/rick-slayman-discharge-statement) issued by the hospital, Slayman said, “This moment — leaving the hospital today with one of the cleanest bills of health I’ve had in a long time — is one I wished would come for many years. Now, it’s a reality and one of the happiest moments of my life.” Slayman, a 62-year-old manager with the Massachusetts Department of Transportation, had previously said his doctors suggested that he try a pig kidney when he was diagnosed with end-stage kidney disease last year. People are also reading… His doctors said last month that they thought Slayman’s new kidney could last years but also acknowledged that there are many unknowns in animal-to-human transplants. His surgery is the third such xenotransplant of a pig organ into a living human. The first two transplants were hearts transplanted into living patients that had run out of other transplant options. The organs were transplanted under special rules that permit compassionate use of experimental therapies for patients in especially dire situations. Both patients died weeks after receiving their organs. Slayman said he was grateful for the response to his surgery, especially from other patients who are waiting for a kidney transplant. The need for organs far outstrips the number that are available. Every day 17 people die in the U.S. waiting for an organ. Kidneys are the organ in shortest supply. According to the Organ Procurement and Transplantation Network, roughly 27,000 kidneys were transplanted in 2023, but nearly 89,000 people were on the waitlist for those organs. ”Today marks a new beginning not just for me, but for them, as well,” Slayman said in the statement. ___ More than 100,000 people are on the organ donor wait list—here's who has the longest and shortest wait times More than 100,000 people are on the organ donor wait list—here's who has the longest and shortest wait times Heart transplant Heart and lung transplant Intestine transplant Kidney and pancreas transplant Liver transplant",
    "highlightText": "",
    "highlightTitle": "",
    "highlightThreadTitle": "",
    "language": "english",
    "sentiment": "positive",
    "categories": [
        "Health"
    ],
    "external_links": [
        "https://www.massgeneral.org/news/rick-slayman-discharge-statement)",
        "https://twitter.com/MassGeneralNews/status/1775621590182457769)",
        "https://www.cnn.com/2024/03/21/health/pig-kidney-transplant-living-person/index.html),",
        "https://massgeneral.org/news/rick-slayman-discharge-statement)",
        "https://www.twitter.com/MassGeneralNews/status/1775621590182457769)",
        "https://cnn.com/2024/03/21/health/pig-kidney-transplant-living-person/index.html),"
    ],
    "external_images": [],
    "entities": {
        "persons": [
            {
                "name": "rick slayman",
                "sentiment": "negative"
            },
            {
                "name": "slayman",
                "sentiment": "none"
            }
        ],
        "organizations": [
            {
                "name": "massachusetts general hospital",
                "sentiment": "none"
            },
            {
                "name": "massachusetts department of transportation",
                "sentiment": "none"
            }
        ],
        "locations": []
    },
    "rating": null,
    "crawled": "2024-04-05T00:19:49.296+03:00",
    "updated": "2024-04-05T00:19:49.296+03:00"
}