{
    "thread": {
        "uuid": "3301aa63a43225d94f9070aa86723b939cf29bec",
        "url": "https://br.blastingnews.com/curiosidades/2024/04/horoscopo-de-peixes-54-novidades-positivas-em-suas-financas-003817102.html",
        "site_full": "br.blastingnews.com",
        "site": "blastingnews.com",
        "site_section": "https://br.blastingnews.com/feed",
        "site_categories": [
            "media",
            "television",
            "entertainment"
        ],
        "section_title": "Blasting News Brasil",
        "title": "Horóscopo de peixes (5/4): novidades positivas em suas finanças",
        "title_full": "Horóscopo de peixes (5/4): novidades positivas em suas finanças",
        "published": "2024-04-04T20:34:00.000+03:00",
        "replies_count": 0,
        "participants_count": 1,
        "site_type": "news",
        "country": "BR",
        "main_image": "https://staticr1.blastingcdn.com/media/photogallery/2024/4/3/os/b_1200x630x82/peixes-previsoes-do-zodiaco-para-o-dia-5-de-abril-2024-reproducaopixabay_3033250.jpg",
        "performance_score": 0,
        "domain_rank": 10251,
        "domain_rank_updated": "2024-04-02T13:08:08.000+03:00",
        "reach": null,
        "social": {
            "facebook": {
                "likes": 0,
                "comments": 0,
                "shares": 0
            },
            "gplus": {
                "shares": 0
            },
            "pinterest": {
                "shares": 0
            },
            "linkedin": {
                "shares": 0
            },
            "stumbledupon": {
                "shares": 0
            },
            "vk": {
                "shares": 0
            }
        }
    },
    "uuid": "3301aa63a43225d94f9070aa86723b939cf29bec",
    "url": "https://br.blastingnews.com/curiosidades/2024/04/horoscopo-de-peixes-54-novidades-positivas-em-suas-financas-003817102.html",
    "ord_in_thread": 0,
    "parent_url": null,
    "author": "Horóscopo de Hoje",
    "published": "2024-04-04T20:34:00.000+03:00",
    "title": "Horóscopo de peixes (5/4): novidades positivas em suas finanças",
    "text": "No horóscopo desta sexta-feira, dia 5 de abril de 2024, para o signo de peixes , iremos explorar as previsões sobre diversas áreas da vida.\nHoróscopo des t a sexta-feira , 5 de abril Vibes positivas nas finanças\nPeixes, o dia começa com vibes maravilhosas para suas finanças. Há boas chances de encontrar oportunidades lucrativas, mas é essencial agir com cautela e discrição. Evite ostentar seus ganhos, pois a exposição excessiva pode atrair boatos e inveja. Mantenha-se focado em suas metas financeiras e tome decisões ponderadas para garantir um crescimento sólido em suas finanças.\nIntuição aguçada\nSeu sexto sentido está mais afiado do que nunca, alertando-o para possíveis armadilhas e fofocas que podem surgir ao longo do dia. Preste atenção aos sinais e evite se envolver em situações que possam comprometer sua reputação ou paz de espírito. Nas redes sociais, pense duas vezes antes de entrar em discussões e mantenha-se distante de dramas desnecessários.\nDiscrição no romance\nSe você tem um crush em vista, é melhor manter seus sentimentos em segredo por enquanto. Há uma alta probabilidade de que pessoas invejosas tentem interferir em seus planos amorosos, lançando dúvidas e desconfianças. Mantenha um ar de mistério e proteja sua intimidade, evitando compartilhar detalhes de seus relacionamentos com pessoas que não são dignas de confiança.\nPossíveis revelações\nUm lance proibido ou segredo pode vir à tona, exigindo que você maneje a situação com cuidado e sensibilidade. Evite confrontos impulsivos e busque uma abordagem tranquila e honesta para lidar com qualquer revelação inesperada. Mantenha a calma e esteja preparado para enfrentar as consequências de suas ações, agindo com integridade e responsabilidade.\nComunicação sensata\nPara preservar o romance, é essencial manter uma comunicação sensata e evitar mal-entendidos. Pense antes de falar e escolha suas palavras com cuidado para não alimentar conflitos desnecessários. Se surgirem desentendimentos, busque resolver as questões de forma pacífica e respeitosa, priorizando a harmonia e o entendimento mútuo.\nAutocontrole emocional\nDiante das possíveis provocações e desafios do dia, é importante manter o autocontrole emocional e o equilíbrio interior. Não permita que as emoções negativas dominem sua mente, mas sim encontre maneiras saudáveis de lidar com o estresse e a ansiedade. Cultive a serenidade interior e confie em sua capacidade de superar os desafios com sabedoria e paz de espírito.\nÉ importante lembrar que o Horóscopo é apenas uma orientação e que cada indivíduo tem o poder de moldar seu próprio destino. Use as previsões como um guia, mas lembre-se de seguir sua intuição e tomar decisões que sejam melhores para você.\n© TODOS OS DIREITOS RESERVADOS",
    "highlightText": "",
    "highlightTitle": "",
    "highlightThreadTitle": "",
    "language": "portuguese",
    "sentiment": "positive",
    "categories": [
        "Arts, Culture and Entertainment",
        "Health",
        "Economy, Business and Finance"
    ],
    "external_links": [],
    "external_images": [],
    "entities": {
        "persons": [],
        "organizations": [],
        "locations": []
    },
    "rating": null,
    "crawled": "2024-04-05T00:10:26.131+03:00",
    "updated": "2024-04-05T00:10:26.131+03:00"
}