{
    "thread": {
        "uuid": "13efb7d607aaa79c08e03f6f9f3c96328cae31b9",
        "url": "http://business.times-online.com/times-online/article/getnews-2024-4-4-care-crew-continues-to-provide-exceptional-home-care-in-north-fort-worth-tx",
        "site_full": "business.times-online.com",
        "site": "times-online.com",
        "site_section": "http://business.times-online.com/times-online/markets/news",
        "site_categories": [
            "financial_news",
            "finance"
        ],
        "section_title": "Stock Market News | NSDQ, NYSE, and AMEX Stock Market News, Market News Categories, Market Indicators | User | times-online.com ",
        "title": "Care Crew Continues to Provide Exceptional Home Care in North Fort Worth, TX | User | times-online.com",
        "title_full": "Care Crew Continues to Provide Exceptional Home Care in North Fort Worth, TX | User | times-online.com",
        "published": "2024-04-04T03:00:00.000+03:00",
        "replies_count": 0,
        "participants_count": 1,
        "site_type": "news",
        "country": "US",
        "main_image": "",
        "performance_score": 0,
        "domain_rank": 86983,
        "domain_rank_updated": "2024-04-02T13:08:16.000+03:00",
        "reach": null,
        "social": {
            "facebook": {
                "likes": 0,
                "comments": 0,
                "shares": 0
            },
            "gplus": {
                "shares": 0
            },
            "pinterest": {
                "shares": 0
            },
            "linkedin": {
                "shares": 0
            },
            "stumbledupon": {
                "shares": 0
            },
            "vk": {
                "shares": 0
            }
        }
    },
    "uuid": "13efb7d607aaa79c08e03f6f9f3c96328cae31b9",
    "url": "http://business.times-online.com/times-online/article/getnews-2024-4-4-care-crew-continues-to-provide-exceptional-home-care-in-north-fort-worth-tx",
    "ord_in_thread": 0,
    "parent_url": null,
    "author": "Valley City Times-Record",
    "published": "2024-04-04T03:00:00.000+03:00",
    "title": "Care Crew Continues to Provide Exceptional Home Care in North Fort Worth, TX | User | times-online.com",
    "text": "North Fort Worth, TX - Care Crew, a trusted provider of home care services, today reaffirms its commitment to the families of North Fort Worth, TX. Known for its excellence in delivering elder care services, Care Crew stands out as a beacon of support and quality care for the aging community. This announcement underscores the importance of accessible, compassionate, and personalized care for the elderly, highlighting Care Crew's ongoing dedication to meeting the growing demand for home care services in the area. Ann Soliman, the visionary behind Care Crew, emphasizes the significance of community, compassion, and quality in providing elder care. “At Care Crew, we believe in a world where every elderly individual receives the care, respect, and dignity they deserve. Our commitment to the North Fort Worth community is stronger than ever as we continue to elevate home care standards. Our team of dedicated caregivers is passionate about making a meaningful difference in the lives of those we serve,” said Soliman. With a comprehensive range of services tailored to meet the diverse needs of its clients, Care Crew's approach to elder care is built on a foundation of understanding and responding to each individual's unique requirements. From personal care and companionship to specialized nursing and therapy services, Care Crew ensures that each client receives the highest quality of care, enabling them to live comfortably and with dignity in their homes. As the need for reliable, high-quality home care services grows, Care Crew remains a source of support and excellence for the North Fort Worth community. The agency's dedication to providing superior care has earned it recognition and solidified its position as a cornerstone of the community. For more information about Care Crew Home Care and their elder care in North Fort Worth, TX , please visit their website at https://carecrewdfw.com About Care Crew Home Care: Care Crew is a leading provider of elder care services in North Fort Worth, TX. With a commitment to compassion, excellence, and personalized care, Care Crew is dedicated to enhancing the quality of life for its clients, ensuring they receive the best possible care in the comfort of their homes. Beyond being a service provider, Care Crew is a trusted partner in the health and well-being of the aging population in North Fort Worth. Media Contact Company Name: Care Crew Home Care Contact Person: Ann Soliman Email: Send Email Phone: +1 (817) 631-6600 Address:4451 Dale Earnhardt Blvd UNIT D16 City: Northlake State: TX Country: United States Website: https://www.carecrewdfw.com",
    "highlightText": "",
    "highlightTitle": "",
    "highlightThreadTitle": "",
    "language": "english",
    "sentiment": "positive",
    "categories": [
        "Lifestyle and Leisure",
        "Health",
        "Human Interest"
    ],
    "external_links": [
        "https://carecrewdfw.com/services/",
        "http://www.universalpressrelease.com/?pr=care-crew-continues-to-provide-exceptional-home-care-in-north-fort-worth-tx",
        "https://www.carecrewdfw.com",
        "https://carecrewdfw.com",
        "https://www.carecrewdfw.com",
        "https://carecrewdfw.com",
        "http://universalpressrelease.com/?pr=care-crew-continues-to-provide-exceptional-home-care-in-north-fort-worth-tx",
        "https://carecrewdfw.com/services",
        "http://www.universalpressrelease.com/",
        "https://www.carecrewdfw.com/services/"
    ],
    "external_images": [],
    "entities": {
        "persons": [
            {
                "name": "soliman",
                "sentiment": "none"
            },
            {
                "name": "ann soliman",
                "sentiment": "none"
            }
        ],
        "organizations": [],
        "locations": [
            {
                "name": "tx",
                "sentiment": "none"
            },
            {
                "name": "north fort worth",
                "sentiment": "none"
            }
        ]
    },
    "rating": null,
    "crawled": "2024-04-05T00:26:21.263+03:00",
    "updated": "2024-04-05T00:26:21.263+03:00"
}