{
    "thread": {
        "uuid": "fc54f126fadefcd7e9ce96e2039059b116a9d5d1",
        "url": "http://business.mammothtimes.com/mammothtimes/article/pressadvantage-2024-4-4-optiskyn-launches-revolutionary-red-light-therapy-in-davenport-ia-promising-enhanced-skin-care-solutions",
        "site_full": "business.mammothtimes.com",
        "site": "mammothtimes.com",
        "site_section": "http://business.mammothtimes.com/mammothtimes/markets/news",
        "site_categories": [],
        "section_title": "Stock Market News | NSDQ, NYSE, and AMEX Stock Market News, Market News Categories, Market Indicators | User | mammothtimes.com ",
        "title": "OptiSkyn Launches Revolutionary Red Light Therapy in Davenport, IA, Promising Enhanced Skin Care Solutions | User | mammothtimes.com",
        "title_full": "OptiSkyn Launches Revolutionary Red Light Therapy in Davenport, IA, Promising Enhanced Skin Care Solutions | User | mammothtimes.com",
        "published": "2024-04-04T03:00:00.000+03:00",
        "replies_count": 0,
        "participants_count": 1,
        "site_type": "news",
        "country": "US",
        "main_image": "",
        "performance_score": 0,
        "domain_rank": 96743,
        "domain_rank_updated": "2024-04-02T13:08:16.000+03:00",
        "reach": null,
        "social": {
            "facebook": {
                "likes": 0,
                "comments": 0,
                "shares": 0
            },
            "gplus": {
                "shares": 0
            },
            "pinterest": {
                "shares": 0
            },
            "linkedin": {
                "shares": 0
            },
            "stumbledupon": {
                "shares": 0
            },
            "vk": {
                "shares": 0
            }
        }
    },
    "uuid": "fc54f126fadefcd7e9ce96e2039059b116a9d5d1",
    "url": "http://business.mammothtimes.com/mammothtimes/article/pressadvantage-2024-4-4-optiskyn-launches-revolutionary-red-light-therapy-in-davenport-ia-promising-enhanced-skin-care-solutions",
    "ord_in_thread": 0,
    "parent_url": null,
    "author": "Press Advantage",
    "published": "2024-04-04T03:00:00.000+03:00",
    "title": "OptiSkyn Launches Revolutionary Red Light Therapy in Davenport, IA, Promising Enhanced Skin Care Solutions | User | mammothtimes.com",
    "text": "OptiSkyn, recognized as a leading Skin care clinic Quad Cities , is thrilled to announce the addition of Red Light Therapy to its comprehensive suite of advanced skin care services. Situated in Davenport, IA, OptiSkyn is dedicated to embracing the latest, science-backed techniques to tackle a broad spectrum of skin concerns. The incorporation of Red Light Therapy, renowned for its rejuvenating and restorative properties, marks a significant enhancement in non-invasive skin care treatments, offering clients a novel opportunity to better their skin's health and aesthetics.\nRed Light Therapy employs precise wavelengths of light to deeply penetrate the skin, activating cellular functions. This activation can diminish inflammation, hasten healing, and boost collagen production, which collectively contribute to a healthier, more glowing complexion. The versatility of this therapy makes it an ideal option for addressing various skin issues, such as wrinkles, fine lines, scars, and lingering wounds, thereby making it a valuable asset to OptiSkyn's service repertoire.\nYvonne Wright, the pioneering force behind OptiSkyn and a certified Plasmatologist, expressed her excitement over the new therapy introduction. \"At OptiSkyn, we constantly seek out cutting-edge solutions to improve our clients' skin health,\" Wright remarked. \"Red Light Therapy meshes well with our goal to present the most progressive, efficacious treatments available. We're delighted to offer a service that tackles specific skin issues while also supporting overarching skin wellness through a non-invasive approach.\"\nThe roll-out of Red Light Therapy enriches OptiSkyn's already diverse array of premium skin treatments, including Plasma Pen procedures and an assortment of skin rejuvenation packages. For example, Plasma Pen treatments provide a non-surgical solution for skin tightening and wrinkle minimization, while the clinic's various rejuvenation packages cater to distinct objectives, ranging from addressing minor scars and blemishes to comprehensive facial enhancements.\nDistinguished as a premier Skin care clinic Davenport IA , OptiSkyn is committed to utilizing only treatments that are laboratory-tested and approved by the FDA, ensuring top-tier safety and effectiveness for all services rendered. The clinic benefits from Yvonne Wright's leadership, who has amassed over four years of advanced skin care technique experience and training. Under Wright's stewardship, OptiSkyn has accomplished more than 100 skin transformations, solidifying its status for excellence in the field of skin care.\nOptiSkyn personalizes its approach, dedicating time to comprehend every client's individual skin care requirements and aspirations. This bespoke treatment philosophy guarantees that clients receive the most fitting and beneficial services, whether they come for Red Light Therapy, Plasma Pen treatments, or any other offering. For those interested in learning more about Plasma Pen treatments, OptiSkyn provides detailed information through their website.\n\"In rolling out Red Light Therapy, we stay true to our foundational values of excellence, innovation, and customized care,\" Wright further stated. \"We are confident that this new treatment option will further bolster our clients' skin health and self-assurance, affirming OptiSkyn's role as a top skin care destination in the Quad Cities area and beyond.\"\nhttps://www.youtube.com/watch?v=VoAwVGeH_mU&feature=youtu.be\nOptiSkyn invites individuals to discover Red Light Therapy among its other advanced skin care solutions. With a broad range of treatments, expert personnel, and a focus on client satisfaction, OptiSkyn is poised to assist clients in reaching their optimal skin goals. Interested individuals are encouraged to visit the clinic's website for additional information on Red Light Therapy and to arrange a consultation. OptiSkyn's adaptable scheduling and dedication to accessibility make advanced skin care attainable for anyone wishing to enhance their skin's health.\n###\nFor more information about OptiSkyn, contact the company here:\nOptiSkyn\nYvonne Wright\n+1(563) 723-0053\nyvonne@optiskyn.com\nOptiSkyn\n3432 Jersey Ridge Road\nDavenport, IA 52807 United States\nData & News supplied by www.cloudquote.io\nStock quotes supplied by Barchart\nQuotes delayed at least 20 minutes.\nBy accessing this page, you agree to the following\nPrivacy Policy and Terms and Conditions .",
    "highlightText": "",
    "highlightTitle": "",
    "highlightThreadTitle": "",
    "language": "english",
    "sentiment": "positive",
    "categories": [
        "Health"
    ],
    "external_links": [
        "https://www.wikidata.org/wiki/Q61476",
        "https://www.google.com/search?q=Bacteria=/m/017q2",
        "https://www.cloudquote.io",
        "https://www.wikidata.org/wiki/Q627",
        "https://www.wikidata.org/wiki/Q625145",
        "https://www.wikidata.org/wiki/Q133948",
        "https://www.google.com/search?q=Brazil=/m/015fr",
        "https://www.wikidata.org/wiki/Q337231",
        "https://www.google.com/search?q=Goal=/m/03g_1kv",
        "https://en.wikipedia.org/wiki/Photorejuvenation",
        "https://en.wikipedia.org/wiki/Brand",
        "https://en.wikipedia.org/wiki/Scar",
        "https://en.wikipedia.org/wiki/Fatty_acid",
        "https://www.wikidata.org/wiki/Q185744",
        "https://www.google.com/search?q=Fat+removal+procedures=/m/05nzshj",
        "https://www.google.com/search?q=Cell+%28biology%29=/m/01cbd",
        "https://www.google.com/search?q=Fibroblast=/m/0hmky",
        "https://www.google.com/search?q=Photorejuvenation=/m/04ggh0y",
        "https://www.google.com/search?q=Light+therapy=/m/033sf1",
        "https://en.wikipedia.org/wiki/Vitamin",
        "https://www.wikidata.org/wiki/Q46994",
        "https://en.wikipedia.org/wiki/American_Board_of_Medical_Specialties",
        "https://www.google.com/search?q=Forehead=/m/025kyy",
        "https://www.wikidata.org/wiki/Q193572",
        "https://en.wikipedia.org/wiki/Rejuvenation",
        "https://en.wikipedia.org/wiki/Human_skin_color",
        "https://www.wikidata.org/wiki/Q12136",
        "https://www.wikidata.org/wiki/Q194290",
        "https://en.wikipedia.org/wiki/Antioxidant",
        "https://www.wikidata.org/wiki/Q424976",
        "https://www.wikidata.org/wiki/Q4743206",
        "https://www.google.com/search?q=Varicose+veins=/m/081dp",
        "https://www.wikidata.org/wiki/Q1341387",
        "https://www.wikidata.org/wiki/Q9633",
        "https://www.wikidata.org/wiki/Q1124872",
        "https://en.wikipedia.org/wiki/Facial",
        "https://www.google.com/search?q=Therapy=/m/03c1dkx",
        "https://en.wikipedia.org/wiki/Quality_of_life",
        "https://www.wikidata.org/wiki/Q179945",
        "https://en.wikipedia.org/wiki/Alpha_hydroxy_acid",
        "https://www.google.com/search?q=Fatty+acid=/m/02yxd",
        "https://www.wikidata.org/wiki/Q245359",
        "https://en.wikipedia.org/wiki/Minimally_invasive_procedure",
        "https://en.wikipedia.org/wiki/Amino_acid",
        "https://www.wikidata.org/wiki/Q124695",
        "https://www.wikidata.org/wiki/Q164359",
        "https://www.wikidata.org/wiki/Q4919338",
        "https://en.wikipedia.org/wiki/Nitrogen",
        "https://www.google.com/search?q=Injection+%28medicine%29=/m/03131m",
        "https://www.wikidata.org/wiki/Q1294114",
        "https://www.wikidata.org/wiki/Q2207959",
        "https://www.google.com/search?q=Vitamin=/m/07zry",
        "https://www.wikidata.org/wiki/Q1146989",
        "https://www.google.com/search?q=Rosacea=/m/051zgz4",
        "https://en.wikipedia.org/wiki/Wax",
        "https://www.wikidata.org/wiki/Q15115271",
        "https://www.wikidata.org/wiki/Q8104",
        "https://www.google.com/search?q=Quad+Cities=/m/069gm",
        "https://www.google.com/search?q=Laser+surgery=/m/0hr5rht",
        "https://en.wikipedia.org/wiki/Empowerment",
        "https://www.google.com/search?q=Stem+cell=/m/06xn9",
        "https://en.wikipedia.org/wiki/Therapy",
        "https://en.wikipedia.org/wiki/Glycolic_acid",
        "https://www.wikidata.org/wiki/Q357503",
        "https://www.wikidata.org/wiki/Q1581290",
        "https://en.wikipedia.org/wiki/Acid",
        "https://www.google.com/search?q=Gel=/m/0b9c0",
        "https://www.wikidata.org/wiki/Q206060",
        "https://en.wikipedia.org/wiki/Clinic",
        "https://en.wikipedia.org/wiki/Vein",
        "https://en.wikipedia.org/wiki/Investment",
        "https://www.wikidata.org/wiki/Q15173",
        "https://www.wikidata.org/wiki/Q463418",
        "https://www.google.com/search?q=Glycolic+acid=/m/075w2f",
        "https://www.google.com/search?q=Nutrient=/m/02m16n",
        "https://en.wikipedia.org/wiki/Spa",
        "https://www.google.com/search?q=Blood+vessel=/m/0c_16",
        "https://www.google.com/search?q=Quality+of+life=/m/0cvgr",
        "https://en.wikipedia.org/wiki/Oil",
        "https://www.google.com/search?q=Spa=/m/0bqsqf",
        "https://en.wikipedia.org/wiki/Mohs_surgery",
        "https://en.wikipedia.org/wiki/Non-invasive_procedure",
        "https://www.google.com/maps/embed?pb=!1m18!1m12!1m3!1d2985.632982609724!2d-90.54493532393182!3d41.55554327127897!2m3!1f0!2f0!3f0!3m2!1i1024!2i768!4f13.1!3m3!1m2!1s0x87e23592333b8c8f%3A0x4113607531c7e908!2sOptiSkyn!5e0!3m2!1sen!2sus!4v1709691308962!5m2!1sen!2sus",
        "https://www.google.com/search?q=Masque=/m/0jyt6",
        "https://www.google.com/search?q=Atmosphere=/m/01ctsf",
        "https://www.google.com/search?q=Biopsy=/m/03wf5z1",
        "https://en.wikipedia.org/wiki/Exfoliation_(cosmetology)",
        "https://www.wikidata.org/wiki/Q1968950",
        "https://www.wikidata.org/wiki/Q13100823",
        "https://www.google.com/search?q=Acid=/m/04n68r_",
        "https://en.wikipedia.org/wiki/Rosacea",
        "https://en.wikipedia.org/wiki/Laser_hair_removal",
        "https://www.wikidata.org/wiki/Q847796",
        "https://www.google.com/search?q=Telehealth=/m/04dqyb",
        "https://www.wellspace.directory/wp-content/uploads/2024/03/Skin-care-clinic-Davenport-Iowa-OptiSkyn.webp",
        "https://www.wikidata.org/wiki/Q4290",
        "https://en.wikipedia.org/wiki/Hydroxy_group",
        "https://www.google.com/search?q=Neck=/m/0dzd8",
        "https://www.google.com/search?q=Algae=/m/0hlw",
        "https://www.google.com/search?q=Melanocytic+nevus=/m/0dc28",
        "https://www.google.com/search?q=Day+spa=/m/0bqnjx",
        "https://www.wikidata.org/wiki/Q182442",
        "https://www.google.com/search?q=Well-being=/m/0g58c3f",
        "https://www.wikidata.org/wiki/Q783007",
        "https://en.wikipedia.org/wiki/Telehealth",
        "https://www.google.com/search?q=Empowerment=/m/016f21",
        "https://www.google.com/search?q=Radiance=/m/02mc2c",
        "https://www.google.com/search?q=Hyaluronic+acid=/m/04ldlf",
        "https://www.wikidata.org/wiki/Q34956",
        "https://www.wikidata.org/wiki/Q201180",
        "https://www.wikidata.org/wiki/Q1435091",
        "https://www.google.com/search?q=Amino+acid=/m/0m_j",
        "https://en.wikipedia.org/wiki/Skeletal_muscle",
        "https://www.google.com/search?q=Protein=/m/05wvs",
        "https://www.wikidata.org/wiki/Q17990675",
        "https://www.google.com/search?q=Brand=/m/01cd9",
        "https://en.wikipedia.org/wiki/Psoriasis",
        "https://en.wikipedia.org/wiki/Neck",
        "https://www.wikidata.org/wiki/Q6501338",
        "https://www.google.com/search?q=Hydroxy+group=/m/03qw3",
        "https://en.wikipedia.org/wiki/Blood_vessel",
        "https://en.wikipedia.org/wiki/United_States",
        "https://www.wikidata.org/wiki/Q193119",
        "https://www.google.com/search?q=Chemical+substance=/m/01q5f",
        "https://en.wikipedia.org/wiki/Refining",
        "https://www.wikidata.org/wiki/Q1929023",
        "https://www.wikidata.org/wiki/Q8054",
        "https://www.wikidata.org/wiki/Q101991",
        "https://www.wikidata.org/wiki/Q831530",
        "https://en.wikipedia.org/wiki/Cosmetics",
        "https://www.google.com/search?q=Mask=/m/01kr41",
        "https://en.wikipedia.org/wiki/Melanocytic_nevus",
        "https://en.wikipedia.org/wiki/Malnutrition",
        "https://www.google.com/search?q=Retinol=/m/0f4l5",
        "https://en.wikipedia.org/wiki/Artery",
        "https://en.wikipedia.org/wiki/Attention",
        "https://www.wikidata.org/wiki/Q7868",
        "https://www.google.com/search?q=Blood+plasma=/m/01f36w",
        "https://www.wikidata.org/wiki/Q79928",
        "https://www.google.com/search?q=Anti-aging+movement=/m/09g961t",
        "https://en.wikipedia.org/wiki/Hyaluronic_acid",
        "https://www.wikidata.org/wiki/Q10876",
        "https://www.wikidata.org/wiki/Q1059",
        "https://en.wikipedia.org/wiki/Wound_healing",
        "https://www.google.com/search?q=Alpha+hydroxy+acid=/m/0b4fjv",
        "https://www.google.com/search?q=Antioxidant=/m/0266s1p",
        "https://www.googletagmanager.com/gtag/js?id=UA-8590502-3",
        "https://en.wikipedia.org/wiki/Atmosphere",
        "http://www.youtube.com/watch?v=VoAwVGeH_mU",
        "https://www.wikidata.org/wiki/Q8066",
        "https://en.wikipedia.org/wiki/Complexion",
        "https://www.google.com/search?q=Disease=/m/027x3",
        "https://en.wikipedia.org/wiki/Stem_cell",
        "https://www.cloudquote.io/article/6",
        "https://www.google.com/search?q=Vein=/m/0dzb2",
        "https://www.google.com/search?q=Salicylic+acid=/m/06zx7",
        "https://www.wikidata.org/wiki/Q2667974",
        "https://www.wikidata.org/wiki/Q1411145",
        "https://www.google.com/search?q=Wax=/m/0fy__",
        "https://www.wikidata.org/wiki/Q431289",
        "https://en.wikipedia.org/wiki/Retinol",
        "https://en.wikipedia.org/wiki/Disease",
        "https://en.wikipedia.org/wiki/Light_therapy",
        "https://en.wikipedia.org/wiki/Anti-aging_movement",
        "https://en.wikipedia.org/wiki/Skin_care",
        "https://www.wikidata.org/wiki/Q377568",
        "https://www.google.com/search?q=Skin+care=",
        "https://optiskyn-id.s3.amazonaws.com/index.html",
        "https://www.wikidata.org/wiki/Q181394",
        "https://www.google.com/search?q=Psoriasis=/m/0pv62",
        "https://en.wikipedia.org/wiki/Algae",
        "https://www.wikidata.org/wiki/Q155",
        "https://www.google.com/search?q=Regeneration+%28biology%29=/m/03hft3",
        "https://www.wikidata.org/wiki/Q2297001",
        "https://www.google.com/search?q=Non-invasive+procedure=",
        "https://en.wikipedia.org/wiki/Brazil",
        "https://www.google.com/search?q=Cosmetics=/m/014trl",
        "https://en.wikipedia.org/wiki/Peptide",
        "https://www.google.com/search?q=Experience=/m/01rhgl",
        "https://www.google.com/search?q=Clinic=/m/03fk5c",
        "https://en.wikipedia.org/wiki/Xeroderma",
        "https://www.wikidata.org/wiki/Q2087952",
        "https://en.wikipedia.org/wiki/Immune_system",
        "https://www.wikidata.org/wiki/Q79529",
        "https://en.wikipedia.org/wiki/Sunlight",
        "https://en.wikipedia.org/wiki/Lip",
        "https://en.wikipedia.org/wiki/Day_spa",
        "https://www.wikidata.org/wiki/Q853516",
        "https://en.wikipedia.org/wiki/Biopsy",
        "https://www.google.com/search?q=Inflammation=/m/0j7_w",
        "https://www.wikidata.org/wiki/Q858702",
        "https://en.wikipedia.org/wiki/Dehydration",
        "https://en.wikipedia.org/wiki/Forehead",
        "https://en.wikipedia.org/wiki/Injection_(medicine)",
        "https://www.google.com/search?q=Artery=/m/095xh",
        "https://www.wikidata.org/wiki/Q161524",
        "https://www.wellspace.directory/places/optiskyn/",
        "https://en.wikipedia.org/wiki/Mask",
        "https://en.wikipedia.org/wiki/Cell_(biology)",
        "https://www.wikidata.org/wiki/Q1048687",
        "https://www.wikidata.org/wiki/Q9609",
        "https://www.google.com/search?q=Refining=/m/019v0t",
        "https://www.wikidata.org/wiki/Q1774898",
        "https://www.wikidata.org/wiki/Q7049058",
        "https://www.google.com/search?q=Exfoliation+%28cosmetology%29=/m/0b1yhv",
        "https://www.google.com/search?q=Minimally+invasive+procedure=",
        "https://en.wikipedia.org/wiki/Plastic_surgery",
        "https://www.google.com/search?q=Bariatric+surgery=/m/026d2t3",
        "https://maps.app.goo.gl/k1hWVYveYGgNARsE8",
        "https://en.wikipedia.org/wiki/Healing",
        "https://www.google.com/search?q=Vellus+hair=/m/058vqg",
        "https://www.google.com/search?q=Desk=/m/01y9k5",
        "https://en.wikipedia.org/wiki/Chemical_substance",
        "https://www.google.com/search?q=Sunlight=/m/06z0n",
        "https://www.google.com/search?q=Peptide=/m/0125pvkk",
        "https://www.wikidata.org/wiki/Q193788",
        "https://www.wikidata.org/wiki/Q48196",
        "https://www.wikidata.org/wiki/Q1064858",
        "https://www.google.com/search?q=Scar=/m/09rvn7n",
        "https://www.google.com/search?q=Hair+removal=/m/0149qc",
        "https://www.google.com/search?q=Xeroderma=/m/08xv95",
        "https://www.google.com/search?q=American+Board+of+Medical+Specialties=/m/0cg0w3",
        "https://www.google.com/search?q=Nitrogen=/m/025s4ld",
        "https://www.wikidata.org/wiki/Q11385749",
        "https://www.google.com/search?q=Plasma+%28physics%29=/m/09jww5",
        "https://www.wikidata.org/wiki/Q104116",
        "https://www.google.com/search?q=Rejuvenation=/m/08f29x",
        "https://www.google.com/search?q=United+States=/m/09c7w0",
        "https://www.wikidata.org/wiki/-1",
        "https://www.cloudquote.io/article/5",
        "https://www.google.com/search?q=Immune+system=/m/03vvz",
        "https://www.google.com/search?q=Plastic+surgery=/m/0bk8v",
        "https://www.wikidata.org/wiki/Q179991",
        "https://www.wikidata.org/wiki/Q868575",
        "https://www.wikidata.org/wiki/Q37868",
        "https://en.wikipedia.org/wiki/Well-being",
        "https://www.wikidata.org/wiki/Q243570",
        "https://www.wikidata.org/wiki/Q172847",
        "https://en.wikipedia.org/wiki/Acne",
        "https://www.wikidata.org/wiki/Q682483",
        "https://www.wikidata.org/wiki/Q30",
        "https://www.wikidata.org/wiki/Q42962",
        "https://en.wikipedia.org/wiki/Salicylic_acid",
        "https://www.google.com/search?q=Cleanser=/m/04k9nk",
        "https://www.google.com/search?q=Attention=/m/0hy_j",
        "https://www.wikidata.org/wiki/Q12147",
        "https://en.wikipedia.org/wiki/Quad_Cities",
        "https://www.google.com/search?q=Malnutrition=/m/01m4w4",
        "https://www.wikidata.org/wiki/Q1660598",
        "https://en.wikipedia.org/wiki/Cleavage_(breasts)",
        "https://www.google.com/search?q=High+frequency=/m/018dw1",
        "https://www.wikidata.org/wiki/Q3082429",
        "https://en.wikipedia.org/wiki/Regeneration_(biology)",
        "https://www.wikidata.org/wiki/Q179661",
        "https://en.wikipedia.org/wiki/Bacteria",
        "https://en.wikipedia.org/wiki/Bariatric_surgery",
        "https://www.google.com/search?q=Investment=/m/0g_fl",
        "https://www.google.com/search?q=Mohs+surgery=/m/0c9z8x",
        "https://www.google.com/search?q=Duracell=/m/02txkg",
        "https://en.wikipedia.org/wiki/Varicose_veins",
        "https://www.google.com/search?q=Complexion=/m/06ty9g",
        "https://www.google.com/search?q=Healing=/m/01jpqs",
        "https://en.wikipedia.org/wiki/Protein",
        "https://www.google.com/search?q=Laser+hair+removal=/m/02x11_",
        "https://www.wikidata.org/wiki/Q10251",
        "https://www.wikidata.org/wiki/Q41055",
        "https://en.wikipedia.org/wiki/Plasma_(physics)",
        "https://en.wikipedia.org/wiki/Laser_surgery",
        "https://en.wikipedia.org/wiki/Inflammation",
        "https://www.google.com/search?q=Collagen+induction+therapy=/m/0j66brn",
        "https://www.google.com/search?q=Dehydration=/m/014961",
        "https://en.wikipedia.org/wiki/Vellus_hair",
        "https://en.wikipedia.org/wiki/Fibroblast",
        "https://en.wikipedia.org/wiki/Goal",
        "https://www.google.com/search?q=Acne=/m/0jwqt",
        "https://www.google.com/search?q=Wound+healing=/m/02kd5b",
        "https://www.optiskyn.com/",
        "https://www.wikidata.org/wiki/Q4503831",
        "https://en.wikipedia.org/wiki/Health",
        "https://www.wikidata.org/wiki/Q409373",
        "https://www.wikidata.org/wiki/Q131207",
        "https://www.google.com/search?q=Health=/m/0kt51",
        "https://www.wikidata.org/wiki/Q11158",
        "https://tracking.newsrpm.com/pixel?slug=pressadvantage-2024-4-4-optiskyn-launches-revolutionary-red-light-therapy-in-davenport-ia-promising-enhanced-skin-care-solutions",
        "https://www.wikidata.org/wiki/Q16949888",
        "https://en.wikipedia.org/wiki/Desk",
        "https://www.wikidata.org/wiki/Q7981051",
        "https://www.wikidata.org/wiki/Q1509074",
        "https://en.wikipedia.org/wiki/Gel",
        "https://www.wikidata.org/wiki/Q12167",
        "https://en.wikipedia.org/wiki/Duracell",
        "https://en.wikipedia.org/wiki/High_frequency",
        "https://www.google.com/search?q=Cleavage+%28breasts%29=/m/056gq3",
        "https://www.wikidata.org/wiki/Q988343",
        "https://www.google.com/search?q=Skeletal+muscle=/m/021jhy",
        "https://www.wikidata.org/wiki/Q1755504",
        "https://en.wikipedia.org/wiki/Masque",
        "https://www.wikidata.org/wiki/Q96376061",
        "https://www.google.com/search?q=Facial=/m/028n2l",
        "https://en.wikipedia.org/wiki/Nutrient",
        "https://en.wikipedia.org/wiki/Fat_removal_procedures",
        "https://www.google.com/search?q=Human+skin+color=/m/09h4g",
        "https://en.wikipedia.org/wiki/Experience",
        "https://en.wikipedia.org/wiki/Blood_plasma",
        "https://www.wikidata.org/wiki/Q9655",
        "https://en.wikipedia.org/wiki/Radiance",
        "https://www.google.com/search?q=Lip=/m/0hhpx91",
        "https://en.wikipedia.org/wiki/Hair_removal",
        "https://www.wikidata.org/wiki/Q79749",
        "https://en.wikipedia.org/wiki/Collagen_induction_therapy",
        "https://www.google.com/search?q=Oil=/m/0bp_wy",
        "https://en.wikipedia.org/wiki/Cleanser",
        "https://www.en.wikipedia.org/wiki/Glycolic_acid",
        "https://google.com/search?q=United+States=/m/09c7w0",
        "https://google.com/search?q=Bariatric+surgery=/m/026d2t3",
        "https://wikidata.org/wiki/Q185744",
        "https://www.en.wikipedia.org/wiki/Cell_(biology)",
        "https://www.en.wikipedia.org/wiki/Sunlight",
        "https://google.com/search?q=Chemical+substance=/m/01q5f",
        "https://wikidata.org/wiki/Q409373",
        "https://www.en.wikipedia.org/wiki/Collagen_induction_therapy",
        "https://wikidata.org/wiki/Q193119",
        "https://wikidata.org/wiki/Q16949888",
        "https://google.com/search?q=Facial=/m/028n2l",
        "https://google.com/search?q=Quad+Cities=/m/069gm",
        "https://wikidata.org/wiki/Q206060",
        "https://wikidata.org/wiki/Q858702",
        "https://wikidata.org/wiki/Q4919338",
        "https://www.en.wikipedia.org/wiki/Facial",
        "https://www.en.wikipedia.org/wiki/Gel",
        "https://google.com/search?q=Retinol=/m/0f4l5",
        "https://www.wellspace.directory/places/optiskyn",
        "https://wikidata.org/wiki/Q8054",
        "https://www.en.wikipedia.org/wiki/Wound_healing",
        "https://tracking.newsrpm.com/pixel",
        "https://wikidata.org/wiki/Q627",
        "https://www.maps.app.goo.gl/k1hWVYveYGgNARsE8",
        "https://wikidata.org/wiki/Q37868",
        "https://www.en.wikipedia.org/wiki/Forehead",
        "https://wikidata.org/wiki/Q431289",
        "https://www.en.wikipedia.org/wiki/Wax",
        "https://www.en.wikipedia.org/wiki/Complexion",
        "https://google.com/search?q=Laser+hair+removal=/m/02x11_",
        "https://wikidata.org/wiki/Q182442",
        "https://www.en.wikipedia.org/wiki/Cosmetics",
        "https://www.en.wikipedia.org/wiki/Xeroderma",
        "https://wikidata.org/wiki/Q625145",
        "https://google.com/search?q=Quality+of+life=/m/0cvgr",
        "https://wikidata.org/wiki/Q1064858",
        "https://wikidata.org/wiki/Q12167",
        "https://wikidata.org/wiki/Q79749",
        "https://google.com/search?q=Cosmetics=/m/014trl",
        "https://google.com/search?q=Blood+vessel=/m/0c_16",
        "https://google.com/search?q=Radiance=/m/02mc2c",
        "https://google.com/search?q=Cleanser=/m/04k9nk",
        "https://wikidata.org/wiki/Q1048687",
        "https://google.com/search?q=Amino+acid=/m/0m_j",
        "https://wikidata.org/wiki/Q2087952",
        "https://google.com/search?q=Cleavage+%28breasts%29=/m/056gq3",
        "https://wikidata.org/wiki/Q4290",
        "https://google.com/search?q=Brand=/m/01cd9",
        "https://www.en.wikipedia.org/wiki/Dehydration",
        "https://google.com/search?q=Fatty+acid=/m/02yxd",
        "http://www.youtube.com/watch",
        "https://wikidata.org/wiki/Q245359",
        "https://google.com/search?q=Antioxidant=/m/0266s1p",
        "https://wikidata.org/wiki/Q9609",
        "https://google.com/search?q=Well-being=/m/0g58c3f",
        "https://google.com/search?q=Artery=/m/095xh",
        "https://www.en.wikipedia.org/wiki/Rejuvenation",
        "https://wikidata.org/wiki/Q8066",
        "https://www.en.wikipedia.org/wiki/United_States",
        "https://www.en.wikipedia.org/wiki/American_Board_of_Medical_Specialties",
        "https://www.en.wikipedia.org/wiki/Fatty_acid",
        "https://wikidata.org/wiki/Q1341387",
        "https://google.com/search?q=Masque=/m/0jyt6",
        "https://google.com/search?q=Acne=/m/0jwqt",
        "https://google.com/search?q=Experience=/m/01rhgl",
        "https://www.en.wikipedia.org/wiki/Anti-aging_movement",
        "https://www.en.wikipedia.org/wiki/Non-invasive_procedure",
        "https://wikidata.org/wiki/Q8104",
        "https://www.en.wikipedia.org/wiki/Plastic_surgery",
        "https://www.en.wikipedia.org/wiki/Fibroblast",
        "https://google.com/search?q=Non-invasive+procedure=",
        "https://wikidata.org/wiki/Q1968950",
        "https://www.en.wikipedia.org/wiki/Desk",
        "https://google.com/search?q=Immune+system=/m/03vvz",
        "https://wikidata.org/wiki/Q357503",
        "https://google.com/search?q=Nitrogen=/m/025s4ld",
        "https://wikidata.org/wiki/Q12136",
        "https://www.en.wikipedia.org/wiki/Human_skin_color",
        "https://www.en.wikipedia.org/wiki/Brand",
        "https://wikidata.org/wiki/Q161524",
        "https://www.en.wikipedia.org/wiki/Peptide",
        "https://google.com/search?q=Disease=/m/027x3",
        "https://www.optiskyn-id.s3.amazonaws.com/index.html",
        "https://wikidata.org/wiki/Q79928",
        "https://google.com/search?q=Lip=/m/0hhpx91",
        "https://www.en.wikipedia.org/wiki/Mask",
        "https://optiskyn.com/",
        "https://wikidata.org/wiki/Q1929023",
        "https://google.com/search?q=Skin+care=",
        "https://www.en.wikipedia.org/wiki/Therapy",
        "https://wikidata.org/wiki/Q17990675",
        "https://wikidata.org/wiki/Q7981051",
        "https://google.com/search?q=Nutrient=/m/02m16n",
        "https://wikidata.org/wiki/Q377568",
        "https://google.com/search?q=Biopsy=/m/03wf5z1",
        "https://www.en.wikipedia.org/wiki/Laser_surgery",
        "https://wikidata.org/wiki/Q124695",
        "https://www.en.wikipedia.org/wiki/Acne",
        "https://google.com/search?q=Collagen+induction+therapy=/m/0j66brn",
        "https://wikidata.org/wiki/Q337231",
        "https://www.en.wikipedia.org/wiki/Brazil",
        "https://google.com/search?q=Human+skin+color=/m/09h4g",
        "https://www.en.wikipedia.org/wiki/Bacteria",
        "https://wikidata.org/wiki/Q181394",
        "https://google.com/search?q=Therapy=/m/03c1dkx",
        "https://google.com/search?q=Cell+%28biology%29=/m/01cbd",
        "https://wikidata.org/wiki/Q164359",
        "https://wikidata.org/wiki/Q1146989",
        "https://google.com/search?q=Spa=/m/0bqsqf",
        "https://www.en.wikipedia.org/wiki/Injection_(medicine)",
        "https://google.com/maps/embed?pb=!1m18!1m12!1m3!1d2985.632982609724!2d-90.54493532393182!3d41.55554327127897!2m3!1f0!2f0!3f0!3m2!1i1024!2i768!4f13.1!3m3!1m2!1s0x87e23592333b8c8f%3A0x4113607531c7e908!2sOptiSkyn!5e0!3m2!1sen!2sus!4v1709691308962!5m2!1sen!2sus",
        "https://google.com/search?q=Gel=/m/0b9c0",
        "https://google.com/search?q=Fibroblast=/m/0hmky",
        "https://wikidata.org/wiki/Q243570",
        "https://google.com/search?q=Forehead=/m/025kyy",
        "https://google.com/search?q=Desk=/m/01y9k5",
        "https://wellspace.directory/places/optiskyn/",
        "https://wikidata.org/wiki/Q4743206",
        "https://www.en.wikipedia.org/wiki/Varicose_veins",
        "https://www.en.wikipedia.org/wiki/Quad_Cities",
        "https://google.com/search?q=Health=/m/0kt51",
        "https://wikidata.org/wiki/Q34956",
        "https://www.en.wikipedia.org/wiki/Antioxidant",
        "https://wikidata.org/wiki/Q10876",
        "https://google.com/search?q=Regeneration+%28biology%29=/m/03hft3",
        "https://www.en.wikipedia.org/wiki/Well-being",
        "https://wikidata.org/wiki/Q193788",
        "https://wikidata.org/wiki/Q2207959",
        "https://google.com/search?q=Laser+surgery=/m/0hr5rht",
        "https://www.en.wikipedia.org/wiki/Investment",
        "https://google.com/search?q=Brazil=/m/015fr",
        "https://www.optiskyn.com",
        "https://wikidata.org/wiki/Q79529",
        "https://wikidata.org/wiki/Q1435091",
        "https://www.en.wikipedia.org/wiki/Skin_care",
        "https://google.com/search?q=Injection+%28medicine%29=/m/03131m",
        "https://www.en.wikipedia.org/wiki/Empowerment",
        "https://www.google.com/maps/embed",
        "https://google.com/search?q=Rejuvenation=/m/08f29x",
        "https://www.en.wikipedia.org/wiki/Neck",
        "https://wikidata.org/wiki/Q3082429",
        "https://wikidata.org/wiki/Q1124872",
        "https://google.com/search?q=Goal=/m/03g_1kv",
        "https://www.en.wikipedia.org/wiki/Goal",
        "https://www.en.wikipedia.org/wiki/Protein",
        "https://googletagmanager.com/gtag/js?id=UA-8590502-3",
        "https://google.com/search?q=Hair+removal=/m/0149qc",
        "https://google.com/search?q=Alpha+hydroxy+acid=/m/0b4fjv",
        "https://www.en.wikipedia.org/wiki/Mohs_surgery",
        "https://www.en.wikipedia.org/wiki/Alpha_hydroxy_acid",
        "https://wikidata.org/wiki/Q131207",
        "https://google.com/search?q=Rosacea=/m/051zgz4",
        "https://wikidata.org/wiki/Q179991",
        "https://google.com/search?q=Anti-aging+movement=/m/09g961t",
        "https://www.en.wikipedia.org/wiki/Cleanser",
        "https://wikidata.org/wiki/Q424976",
        "https://wikidata.org/wiki/Q194290",
        "https://google.com/search?q=Minimally+invasive+procedure=",
        "https://www.en.wikipedia.org/wiki/Bariatric_surgery",
        "https://google.com/search?q=Glycolic+acid=/m/075w2f",
        "https://google.com/search?q=Empowerment=/m/016f21",
        "https://www.en.wikipedia.org/wiki/Biopsy",
        "https://www.en.wikipedia.org/wiki/Vitamin",
        "https://wikidata.org/wiki/Q463418",
        "https://google.com/search?q=Acid=/m/04n68r_",
        "https://wikidata.org/wiki/Q9655",
        "https://www.en.wikipedia.org/wiki/Hair_removal",
        "https://wikidata.org/wiki/Q988343",
        "https://www.en.wikipedia.org/wiki/Telehealth",
        "https://wikidata.org/wiki/Q853516",
        "https://www.en.wikipedia.org/wiki/Blood_plasma",
        "https://wikidata.org/wiki/Q41055",
        "https://google.com/search?q=Hyaluronic+acid=/m/04ldlf",
        "https://wikidata.org/wiki/Q6501338",
        "https://www.en.wikipedia.org/wiki/Scar",
        "https://www.en.wikipedia.org/wiki/Light_therapy",
        "https://wikidata.org/wiki/Q1774898",
        "https://www.en.wikipedia.org/wiki/Healing",
        "https://wikidata.org/wiki/Q1755504",
        "https://www.en.wikipedia.org/wiki/Oil",
        "https://google.com/search?q=Wound+healing=/m/02kd5b",
        "https://www.en.wikipedia.org/wiki/Cleavage_(breasts)",
        "https://google.com/search?q=Blood+plasma=/m/01f36w",
        "https://www.en.wikipedia.org/wiki/Photorejuvenation",
        "https://google.com/search?q=Day+spa=/m/0bqnjx",
        "https://wikidata.org/wiki/Q1411145",
        "https://www.en.wikipedia.org/wiki/Duracell",
        "https://wikidata.org/wiki/Q4503831",
        "https://www.en.wikipedia.org/wiki/Lip",
        "https://www.en.wikipedia.org/wiki/Laser_hair_removal",
        "https://www.en.wikipedia.org/wiki/Minimally_invasive_procedure",
        "https://google.com/search?q=American+Board+of+Medical+Specialties=/m/0cg0w3",
        "https://wikidata.org/wiki/Q7049058",
        "https://google.com/search?q=Healing=/m/01jpqs",
        "https://wikidata.org/wiki/Q11158",
        "https://www.en.wikipedia.org/wiki/Blood_vessel",
        "https://wikidata.org/wiki/Q104116",
        "https://www.google.com/search",
        "http://youtube.com/watch?v=VoAwVGeH_mU",
        "https://wikidata.org/wiki/Q1660598",
        "https://www.en.wikipedia.org/wiki/Atmosphere",
        "https://google.com/search?q=Bacteria=/m/017q2",
        "https://google.com/search?q=Exfoliation+%28cosmetology%29=/m/0b1yhv",
        "https://www.en.wikipedia.org/wiki/Regeneration_(biology)",
        "https://google.com/search?q=High+frequency=/m/018dw1",
        "https://www.en.wikipedia.org/wiki/Hyaluronic_acid",
        "https://www.tracking.newsrpm.com/pixel?slug=pressadvantage-2024-4-4-optiskyn-launches-revolutionary-red-light-therapy-in-davenport-ia-promising-enhanced-skin-care-solutions",
        "https://google.com/search?q=Salicylic+acid=/m/06zx7",
        "https://google.com/search?q=Xeroderma=/m/08xv95",
        "https://google.com/search?q=Telehealth=/m/04dqyb",
        "https://wikidata.org/wiki/Q133948",
        "https://www.en.wikipedia.org/wiki/Clinic",
        "https://google.com/search?q=Sunlight=/m/06z0n",
        "https://www.en.wikipedia.org/wiki/Spa",
        "https://wikidata.org/wiki/Q30",
        "https://wikidata.org/wiki/Q48196",
        "https://www.en.wikipedia.org/wiki/Masque",
        "https://www.en.wikipedia.org/wiki/Disease",
        "https://wikidata.org/wiki/Q2667974",
        "https://wikidata.org/wiki/Q783007",
        "https://google.com/search?q=Varicose+veins=/m/081dp",
        "https://www.en.wikipedia.org/wiki/Experience",
        "https://wikidata.org/wiki/Q10251",
        "https://wikidata.org/wiki/Q61476",
        "https://google.com/search?q=Oil=/m/0bp_wy",
        "https://www.en.wikipedia.org/wiki/Retinol",
        "https://wikidata.org/wiki/Q96376061",
        "https://wikidata.org/wiki/Q1059",
        "https://cloudquote.io",
        "https://wellspace.directory/wp-content/uploads/2024/03/Skin-care-clinic-Davenport-Iowa-OptiSkyn.webp",
        "https://wikidata.org/wiki/Q682483",
        "https://google.com/search?q=Neck=/m/0dzd8",
        "https://www.en.wikipedia.org/wiki/Plasma_(physics)",
        "https://google.com/search?q=Attention=/m/0hy_j",
        "https://wikidata.org/wiki/Q46994",
        "https://www.en.wikipedia.org/wiki/Fat_removal_procedures",
        "https://google.com/search?q=Refining=/m/019v0t",
        "https://www.en.wikipedia.org/wiki/Psoriasis",
        "https://www.en.wikipedia.org/wiki/Salicylic_acid",
        "https://google.com/search?q=Psoriasis=/m/0pv62",
        "https://google.com/search?q=Plastic+surgery=/m/0bk8v",
        "https://www.en.wikipedia.org/wiki/High_frequency",
        "https://www.en.wikipedia.org/wiki/Attention",
        "https://wikidata.org/wiki/Q1581290",
        "https://wikidata.org/wiki/-1",
        "https://google.com/search?q=Vein=/m/0dzb2",
        "https://google.com/search?q=Peptide=/m/0125pvkk",
        "https://www.en.wikipedia.org/wiki/Hydroxy_group",
        "https://www.en.wikipedia.org/wiki/Inflammation",
        "https://www.en.wikipedia.org/wiki/Vellus_hair",
        "https://google.com/search?q=Plasma+%28physics%29=/m/09jww5",
        "https://www.en.wikipedia.org/wiki/Stem_cell",
        "https://wikidata.org/wiki/Q1294114",
        "https://www.en.wikipedia.org/wiki/Artery",
        "https://google.com/search?q=Mohs+surgery=/m/0c9z8x",
        "https://google.com/search?q=Protein=/m/05wvs",
        "https://wikidata.org/wiki/Q9633",
        "https://wikidata.org/wiki/Q831530",
        "https://google.com/search?q=Atmosphere=/m/01ctsf",
        "https://www.googletagmanager.com/gtag/js",
        "https://www.en.wikipedia.org/wiki/Quality_of_life",
        "https://www.en.wikipedia.org/wiki/Day_spa",
        "https://google.com/search?q=Investment=/m/0g_fl",
        "https://www.en.wikipedia.org/wiki/Vein",
        "https://www.en.wikipedia.org/wiki/Amino_acid",
        "https://wikidata.org/wiki/Q11385749",
        "https://google.com/search?q=Stem+cell=/m/06xn9",
        "https://google.com/search?q=Algae=/m/0hlw",
        "https://wikidata.org/wiki/Q1509074",
        "https://wikidata.org/wiki/Q42962",
        "https://wikidata.org/wiki/Q172847",
        "https://google.com/search?q=Duracell=/m/02txkg",
        "https://www.en.wikipedia.org/wiki/Skeletal_muscle",
        "https://www.en.wikipedia.org/wiki/Refining",
        "https://wikidata.org/wiki/Q179945",
        "https://www.en.wikipedia.org/wiki/Algae",
        "https://google.com/search?q=Light+therapy=/m/033sf1",
        "https://wikidata.org/wiki/Q15173",
        "https://wikidata.org/wiki/Q12147",
        "https://google.com/search?q=Inflammation=/m/0j7_w",
        "https://wikidata.org/wiki/Q179661",
        "https://google.com/search?q=Photorejuvenation=/m/04ggh0y",
        "https://google.com/search?q=Clinic=/m/03fk5c",
        "https://google.com/search?q=Skeletal+muscle=/m/021jhy",
        "https://www.en.wikipedia.org/wiki/Immune_system",
        "https://wikidata.org/wiki/Q193572",
        "https://wikidata.org/wiki/Q201180",
        "https://www.en.wikipedia.org/wiki/Radiance",
        "https://google.com/search?q=Fat+removal+procedures=/m/05nzshj",
        "https://wikidata.org/wiki/Q7868",
        "https://www.en.wikipedia.org/wiki/Chemical_substance",
        "https://www.en.wikipedia.org/wiki/Nitrogen",
        "https://www.en.wikipedia.org/wiki/Melanocytic_nevus",
        "https://www.en.wikipedia.org/wiki/Acid",
        "https://wikidata.org/wiki/Q847796",
        "https://google.com/search?q=Dehydration=/m/014961",
        "https://google.com/search?q=Vellus+hair=/m/058vqg",
        "https://www.en.wikipedia.org/wiki/Health",
        "https://cloudquote.io/article/6",
        "https://cloudquote.io/article/5",
        "https://www.en.wikipedia.org/wiki/Nutrient",
        "https://wikidata.org/wiki/Q868575",
        "https://google.com/search?q=Melanocytic+nevus=/m/0dc28",
        "https://google.com/search?q=Scar=/m/09rvn7n",
        "https://google.com/search?q=Wax=/m/0fy__",
        "https://wikidata.org/wiki/Q13100823",
        "https://www.en.wikipedia.org/wiki/Rosacea",
        "https://www.en.wikipedia.org/wiki/Exfoliation_(cosmetology)",
        "https://google.com/search?q=Mask=/m/01kr41",
        "https://google.com/search?q=Vitamin=/m/07zry",
        "https://www.en.wikipedia.org/wiki/Malnutrition",
        "https://wikidata.org/wiki/Q155",
        "https://wikidata.org/wiki/Q2297001",
        "https://google.com/search?q=Hydroxy+group=/m/03qw3",
        "https://google.com/search?q=Malnutrition=/m/01m4w4",
        "https://google.com/search?q=Complexion=/m/06ty9g",
        "https://wikidata.org/wiki/Q101991",
        "https://wikidata.org/wiki/Q15115271"
    ],
    "external_images": [],
    "entities": {
        "persons": [
            {
                "name": "yvonne wright",
                "sentiment": "none"
            }
        ],
        "organizations": [
            {
                "name": "optiskyn launches revolutionary red light therapy",
                "sentiment": "negative"
            }
        ],
        "locations": [
            {
                "name": "ia",
                "sentiment": "none"
            },
            {
                "name": "quad cities",
                "sentiment": "none"
            },
            {
                "name": "davenport",
                "sentiment": "none"
            }
        ]
    },
    "rating": null,
    "crawled": "2024-04-05T01:16:31.074+03:00",
    "updated": "2024-04-05T01:16:31.074+03:00"
}