{
    "thread": {
        "uuid": "0db5171c798efbf162cbd853b5d8097eb11a70bb",
        "url": "https://jovempan.com.br/noticias/brasil/lula-diz-que-brasil-pode-ter-industria-da-saude-competitiva-e-sus-e-fundamental.html",
        "site_full": "jovempan.com.br",
        "site": "jovempan.com.br",
        "site_section": "https://jovempan.uol.com.br/rss.xml",
        "site_categories": [
            "media",
            "top_news"
        ],
        "section_title": "Jovem Pan",
        "title": "Lula diz que Brasil pode ter indústria da saúde competitiva e SUS é fundamental",
        "title_full": "Lula diz que Brasil pode ter indústria da saúde competitiva e SUS é fundamental",
        "published": "2024-04-05T01:13:00.000+03:00",
        "replies_count": 0,
        "participants_count": 1,
        "site_type": "news",
        "country": "BR",
        "main_image": "https://jpimg.com.br/uploads/2024/04/lulaniteroi.png",
        "performance_score": 0,
        "domain_rank": 34144,
        "domain_rank_updated": "2024-04-02T13:08:08.000+03:00",
        "reach": null,
        "social": {
            "facebook": {
                "likes": 0,
                "comments": 0,
                "shares": 0
            },
            "gplus": {
                "shares": 0
            },
            "pinterest": {
                "shares": 0
            },
            "linkedin": {
                "shares": 0
            },
            "stumbledupon": {
                "shares": 0
            },
            "vk": {
                "shares": 0
            }
        }
    },
    "uuid": "0db5171c798efbf162cbd853b5d8097eb11a70bb",
    "url": "https://jovempan.com.br/noticias/brasil/lula-diz-que-brasil-pode-ter-industria-da-saude-competitiva-e-sus-e-fundamental.html",
    "ord_in_thread": 0,
    "parent_url": null,
    "author": "Jovem Pan",
    "published": "2024-04-05T01:13:00.000+03:00",
    "title": "Lula diz que Brasil pode ter indústria da saúde competitiva e SUS é fundamental",
    "text": " Notícias > Brasil > Lula diz que Brasil pode ter indústria da saúde competitiva e SUS é fundamental Lula diz que Brasil pode ter indústria da saúde competitiva e SUS é fundamental Além de defender polo industrial na área da saúde, presidente voltou a falar sobre inteligência artificial\nPor Jovem Pan 04/04/2024 19h13 - Atualizado em 04/04/2024 19h14 Clever Felix/LDG News/Estadão Conteúdo\nLuiz Inácio Lula da Silva defende que o Brasil pode competir com qualquer outro país do mundo\nO presidente Luiz Inácio Lula da Silva disse nesta quinta-feira (5) que o Brasil tem condições de ter uma indústria de saúde competitiva e que o SUS seria fundamental para o desenvolvimento do setor. Ele deu a declaração em Goiana (PE), em inauguração de fábrica da Hemobrás. “Queremos um país soberano, capaz de ter uma indústria da saúde, porque nós temos o órgão consumidor que é o SUS . Que pode comprar as máquinas que a gente produzir, os remédios que a gente produzir, as vacinas. A gente não tem por que não acreditar que a gente pode ter um polo industrial na área da saúde para competir com qualquer outro país do mundo”, declarou o presidente da República.\nTecnologia Além disso, Lula voltou a falar sobre inteligência artificial . Disse, dirigindo-se à ministra da Ciência e Tecnologia, Luciana Santos, que quer ver um projeto brasileiro para o setor até junho. O petista afirmou ter dado a seguinte declaração em uma reunião com a ministra e cientistas: “Vamos criar vergonha, vamos ter uma Conferência Nacional de Ciência e Tecnologia em junho, e até junho vocês estão desafiados a me apresentar um projeto brasileiro de inteligência artificial para a gente não ter que copiar de outro país as coisas importantes que nós precisamos.”\nSiga o canal da Jovem Pan News e receba as principais notícias no seu WhatsApp! WhatsApp *Com informações do Estadão Conteúdo\nLeia também Jean Paul Prates ironiza rumores sobre sua saída da Petrobras Vacinação contra a dengue começa hoje em SP para crianças e adolescentes; veja locais de aplicação",
    "highlightText": "",
    "highlightTitle": "",
    "highlightThreadTitle": "",
    "language": "portuguese",
    "sentiment": "positive",
    "categories": [
        "Economy, Business and Finance",
        "Politics",
        "Health"
    ],
    "external_links": [],
    "external_images": [],
    "entities": {
        "persons": [],
        "organizations": [],
        "locations": []
    },
    "rating": null,
    "crawled": "2024-04-05T01:15:44.666+03:00",
    "updated": "2024-04-05T02:10:55.651+03:00"
}