{
    "thread": {
        "uuid": "d96a2e94e8417ee6443b983c2e137e2044686df1",
        "url": "https://click4r.com/posts/g/16209603/https-sites-google-com-view-earlybird-cbd-gummies-what-to-home",
        "site_full": "click4r.com",
        "site": "click4r.com",
        "site_section": "https://click4r.com",
        "site_categories": [],
        "section_title": "Top Blog Submission Site in india, Free Blogging Platform for Beginners & Developers | Click4R",
        "title": "https://sites.google.com/view/earlybird-cbd-gummies-what-to-/home | Click4R",
        "title_full": "https://sites.google.com/view/earlybird-cbd-gummies-what-to-/home | Click4R",
        "published": "2024-04-04T03:00:00.000+03:00",
        "replies_count": 0,
        "participants_count": 1,
        "site_type": "news",
        "country": "IN",
        "main_image": "https://c2c.fp.guinfra.com/file/65a9d8ec927d6ef7609db8ecr52HRY3I03",
        "performance_score": 0,
        "domain_rank": 3186,
        "domain_rank_updated": "2024-04-02T13:08:08.000+03:00",
        "reach": null,
        "social": {
            "facebook": {
                "likes": 0,
                "comments": 0,
                "shares": 0
            },
            "gplus": {
                "shares": 0
            },
            "pinterest": {
                "shares": 0
            },
            "linkedin": {
                "shares": 0
            },
            "stumbledupon": {
                "shares": 0
            },
            "vk": {
                "shares": 0
            }
        }
    },
    "uuid": "d96a2e94e8417ee6443b983c2e137e2044686df1",
    "url": "https://click4r.com/posts/g/16209603/https-sites-google-com-view-earlybird-cbd-gummies-what-to-home",
    "ord_in_thread": 0,
    "parent_url": null,
    "author": "Click4r Solutions Private Limited",
    "published": "2024-04-04T03:00:00.000+03:00",
    "title": "https://sites.google.com/view/earlybird-cbd-gummies-what-to-/home | Click4R",
    "text": "https://sites.google.com/view/earlybird-cbd-gummies-what-to-/home Cure damaged skin Doctors have reported that CBD gummies can aid in the rapid renewal and healing of skin. It effectively cures skin diseases like eczema, swelling, itchy skin, dermatitis, sunburn, acne, and pimples. These gummies have anti-ageing & soothing effects which help to decrease scaliness & wrinkles. Read More:- https://sites.google.com/view/earlybird-cbd-gummies-what-to-/home https://earlybirdcbdgummiesusa.blogspot.com/2024/04/earlybird-cbd-gummies-what-to-know.html https://www.facebook.com/people/Earlybird-CBD-Gummies/61558173266760/ https://sites.google.com/view/earlybirdcbdgummiescost/home https://sites.google.com/view/earlybirdcbdgummiesbenefits/home https://earlybirdcbdgummieswhattoknow0.godaddysites.com/ https://earlybirdcbdgummiesgivesyoumor.godaddysites.com/ https://earlybirdcbdgummiesbenefitsand.godaddysites.com/ https://gamma.app/docs/Earlybird-CBD-Gummies-What-To-Know-Before-Using-It-872f4s14iojclp9 https://gamma.app/docs/Earlybird-CBD-Gummies-Gives-You-More-Energy-Or-Just-A-Hoax-fxq100sv1gvy4dy https://gamma.app/docs/Earlybird-CBD-Gummies-BENEFITS-AND-PRICE-FOR-SALE--7y0su38e71k66zf https://healthcarecbd.hashnode.dev/earlybird-cbd-gummies-what-to-know-before-using-it-1 https://healthcarecbd.hashnode.dev/earlybird-cbd-gummies-gives-you-more-energy-or-just-a-hoax https://healthcarecbd.hashnode.dev/earlybird-cbd-gummies-benefits-and-price-for-sale https://in.pinterest.com/pin/896146025843846683 https://in.pinterest.com/pin/896146025843846720 https://in.pinterest.com/pin/896146025843846731 https://earlybird-cbd-gummies-cost.company.site/ https://earlybird-cbd-gummies-reviewsusa.company.site/ https://publuu.com/flip-book/456196/1028069 https://publuu.com/flip-book/456196/1028072 https://publuu.com/flip-book/456196/1028086 https://earlybird-cbd-gummies-cost.webflow.io/ https://earlybird-cbd-gummies-reviews-1cb001.webflow.io/ https://mccrofy-scels-beaupt.yolasite.com/ https://physiirts-screull-schlerr.yolasite.com/ https://earlybird-cbd-gummies-usa.webflow.io/ https://earlybird-cbd-gummies-benefits.webflow.io/ https://pin-shall.unicornplatform.page/earlybirdcbdgummies https://pin-shall.unicornplatform.page/blog/earlybird-cbd-gummies-gives-you-more-energy-or-just-a-hoax https://pin-shall.unicornplatform.page/blog/earlybird-cbd-gummies-benefits-and-price-for-sale/ https://issuu.com/earlybirdcbdgummies/docs/earlybird_cbd_gummies_ https://issuu.com/earlybirdcbdgummies/docs/earlybird_cbd_gummies_a47bb7dc6e1eb0 https://issuu.com/earlybirdcbdgummies/docs/earlybird_cbd_gummies_f44db60f600227 https://twitter.com/CbdEarlybi70163/status/1775981847828484404 https://twitter.com/CbdEarlybi70163/status/1775982023741780429 https://twitter.com/CbdEarlybi70163/status/1775982173105094668 https://sketchfab.com/3d-models/earlybird-cbd-gummies-2a7128bbf79c494f81c0014f3f7e746e https://sketchfab.com/3d-models/earlybird-cbd-gummies-usa-3c3d4f966e1a4a508a1bdf09637fe619 https://sketchfab.com/3d-models/earlybird-cbd-gummies-what-to-know-before-using-95d1cb3e84184556a66eeca69ee432a4 https://earlybirdcbdgummies.bandcamp.com/album/earlybird-cbd-gummies-usa https://earlybirdcbdgummies.bandcamp.com/album/earlybird-cbd-gummies https://earlybirdcbdgummies.bandcamp.com/album/earlybird-cbd-gummies-what-to-know-before-using-it",
    "highlightText": "",
    "highlightTitle": "",
    "highlightThreadTitle": "",
    "language": "english",
    "sentiment": "positive",
    "categories": [
        "Health",
        "Science and Technology"
    ],
    "external_links": [
        "https://pin-shall.unicornplatform.page/blog/earlybird-cbd-gummies-benefits-and-price-for-sale/",
        "https://earlybirdcbdgummiesusa.blogspot.com/2024/04/earlybird-cbd-gummies-what-to-know.html",
        "https://sites.google.com/view/earlybirdcbdgummiesbenefits/home",
        "https://pin-shall.unicornplatform.page/blog/earlybird-cbd-gummies-gives-you-more-energy-or-just-a-hoax",
        "https://gamma.app/docs/Earlybird-CBD-Gummies-BENEFITS-AND-PRICE-FOR-SALE--7y0su38e71k66zf",
        "https://health.abcad.co.in/earlybirdcbdgummies",
        "https://sketchfab.com/3d-models/earlybird-cbd-gummies-2a7128bbf79c494f81c0014f3f7e746e",
        "https://earlybird-cbd-gummies-reviews-1cb001.webflow.io/",
        "https://earlybird-cbd-gummies-benefits.webflow.io/",
        "https://healthcarecbd.hashnode.dev/earlybird-cbd-gummies-benefits-and-price-for-sale",
        "https://publuu.com/flip-book/456196/1028072",
        "https://twitter.com/CbdEarlybi70163/status/1775982173105094668",
        "https://twitter.com/CbdEarlybi70163/status/1775982023741780429",
        "https://mccrofy-scels-beaupt.yolasite.com/",
        "https://gamma.app/docs/Earlybird-CBD-Gummies-What-To-Know-Before-Using-It-872f4s14iojclp9",
        "https://physiirts-screull-schlerr.yolasite.com/",
        "https://sites.google.com/view/earlybird-cbd-gummies-what-to-/home",
        "https://in.pinterest.com/pin/896146025843846731",
        "https://earlybirdcbdgummies.bandcamp.com/album/earlybird-cbd-gummies",
        "https://sketchfab.com/3d-models/earlybird-cbd-gummies-usa-3c3d4f966e1a4a508a1bdf09637fe619",
        "https://earlybird-cbd-gummies-usa.webflow.io/",
        "https://sites.google.com/view/earlybirdcbdgummiescost/home",
        "https://healthcarecbd.hashnode.dev/earlybird-cbd-gummies-what-to-know-before-using-it-1",
        "https://sketchfab.com/3d-models/earlybird-cbd-gummies-what-to-know-before-using-95d1cb3e84184556a66eeca69ee432a4",
        "https://earlybirdcbdgummies.bandcamp.com/album/earlybird-cbd-gummies-usa",
        "https://earlybird-cbd-gummies-cost.webflow.io/",
        "https://issuu.com/earlybirdcbdgummies/docs/earlybird_cbd_gummies_",
        "https://www.facebook.com/people/Earlybird-CBD-Gummies/61558173266760/",
        "https://gamma.app/docs/Earlybird-CBD-Gummies-Gives-You-More-Energy-Or-Just-A-Hoax-fxq100sv1gvy4dy",
        "https://pin-shall.unicornplatform.page/earlybirdcbdgummies",
        "https://healthcarecbd.hashnode.dev/earlybird-cbd-gummies-gives-you-more-energy-or-just-a-hoax",
        "https://publuu.com/flip-book/456196/1028086",
        "https://publuu.com/flip-book/456196/1028069",
        "https://issuu.com/earlybirdcbdgummies/docs/earlybird_cbd_gummies_f44db60f600227",
        "https://earlybird-cbd-gummies-reviewsusa.company.site/",
        "https://earlybirdcbdgummiesgivesyoumor.godaddysites.com/",
        "https://in.pinterest.com/pin/896146025843846683",
        "https://twitter.com/CbdEarlybi70163/status/1775981847828484404",
        "https://issuu.com/earlybirdcbdgummies/docs/earlybird_cbd_gummies_a47bb7dc6e1eb0",
        "https://earlybirdcbdgummies.bandcamp.com/album/earlybird-cbd-gummies-what-to-know-before-using-it",
        "https://earlybirdcbdgummieswhattoknow0.godaddysites.com/",
        "https://earlybird-cbd-gummies-cost.company.site/",
        "https://earlybirdcbdgummiesbenefitsand.godaddysites.com/",
        "https://in.pinterest.com/pin/896146025843846720",
        "https://www.earlybird-cbd-gummies-cost.webflow.io/",
        "https://www.healthcarecbd.hashnode.dev/earlybird-cbd-gummies-gives-you-more-energy-or-just-a-hoax",
        "https://www.earlybirdcbdgummies.bandcamp.com/album/earlybird-cbd-gummies",
        "https://www.publuu.com/flip-book/456196/1028086",
        "https://pin-shall.unicornplatform.page/blog/earlybird-cbd-gummies-benefits-and-price-for-sale",
        "https://www.publuu.com/flip-book/456196/1028069",
        "https://www.sketchfab.com/3d-models/earlybird-cbd-gummies-what-to-know-before-using-95d1cb3e84184556a66eeca69ee432a4",
        "https://www.health.abcad.co.in/earlybirdcbdgummies",
        "https://www.pin-shall.unicornplatform.page/earlybirdcbdgummies",
        "https://www.physiirts-screull-schlerr.yolasite.com/",
        "https://www.earlybirdcbdgummiesusa.blogspot.com/2024/04/earlybird-cbd-gummies-what-to-know.html",
        "https://www.earlybird-cbd-gummies-reviewsusa.company.site/",
        "https://www.healthcarecbd.hashnode.dev/earlybird-cbd-gummies-what-to-know-before-using-it-1",
        "https://www.facebook.com/people/Earlybird-CBD-Gummies/61558173266760",
        "https://earlybird-cbd-gummies-benefits.webflow.io",
        "https://www.earlybird-cbd-gummies-usa.webflow.io/",
        "https://www.earlybirdcbdgummiesgivesyoumor.godaddysites.com/",
        "https://earlybird-cbd-gummies-cost.company.site",
        "https://www.earlybird-cbd-gummies-benefits.webflow.io/",
        "https://www.publuu.com/flip-book/456196/1028072",
        "https://earlybirdcbdgummiesbenefitsand.godaddysites.com",
        "https://mccrofy-scels-beaupt.yolasite.com",
        "https://facebook.com/people/Earlybird-CBD-Gummies/61558173266760/",
        "https://www.pin-shall.unicornplatform.page/blog/earlybird-cbd-gummies-gives-you-more-energy-or-just-a-hoax",
        "https://www.issuu.com/earlybirdcbdgummies/docs/earlybird_cbd_gummies_a47bb7dc6e1eb0",
        "https://www.pin-shall.unicornplatform.page/blog/earlybird-cbd-gummies-benefits-and-price-for-sale/",
        "https://www.earlybirdcbdgummies.bandcamp.com/album/earlybird-cbd-gummies-what-to-know-before-using-it",
        "https://www.sketchfab.com/3d-models/earlybird-cbd-gummies-usa-3c3d4f966e1a4a508a1bdf09637fe619",
        "https://www.in.pinterest.com/pin/896146025843846683",
        "https://earlybirdcbdgummiesgivesyoumor.godaddysites.com",
        "https://earlybirdcbdgummieswhattoknow0.godaddysites.com",
        "https://www.twitter.com/CbdEarlybi70163/status/1775982023741780429",
        "https://www.healthcarecbd.hashnode.dev/earlybird-cbd-gummies-benefits-and-price-for-sale",
        "https://physiirts-screull-schlerr.yolasite.com",
        "https://www.gamma.app/docs/Earlybird-CBD-Gummies-Gives-You-More-Energy-Or-Just-A-Hoax-fxq100sv1gvy4dy",
        "https://earlybird-cbd-gummies-reviewsusa.company.site",
        "https://www.twitter.com/CbdEarlybi70163/status/1775982173105094668",
        "https://earlybird-cbd-gummies-usa.webflow.io",
        "https://www.in.pinterest.com/pin/896146025843846720",
        "https://www.sites.google.com/view/earlybird-cbd-gummies-what-to-/home",
        "https://www.issuu.com/earlybirdcbdgummies/docs/earlybird_cbd_gummies_f44db60f600227",
        "https://earlybird-cbd-gummies-cost.webflow.io",
        "https://www.earlybirdcbdgummieswhattoknow0.godaddysites.com/",
        "https://www.earlybirdcbdgummiesbenefitsand.godaddysites.com/",
        "https://www.mccrofy-scels-beaupt.yolasite.com/",
        "https://www.earlybirdcbdgummies.bandcamp.com/album/earlybird-cbd-gummies-usa",
        "https://www.sites.google.com/view/earlybirdcbdgummiescost/home",
        "https://www.sketchfab.com/3d-models/earlybird-cbd-gummies-2a7128bbf79c494f81c0014f3f7e746e",
        "https://www.earlybird-cbd-gummies-cost.company.site/",
        "https://www.issuu.com/earlybirdcbdgummies/docs/earlybird_cbd_gummies_",
        "https://earlybird-cbd-gummies-reviews-1cb001.webflow.io",
        "https://www.in.pinterest.com/pin/896146025843846731",
        "https://www.gamma.app/docs/Earlybird-CBD-Gummies-What-To-Know-Before-Using-It-872f4s14iojclp9",
        "https://www.sites.google.com/view/earlybirdcbdgummiesbenefits/home",
        "https://www.twitter.com/CbdEarlybi70163/status/1775981847828484404",
        "https://www.earlybird-cbd-gummies-reviews-1cb001.webflow.io/",
        "https://www.gamma.app/docs/Earlybird-CBD-Gummies-BENEFITS-AND-PRICE-FOR-SALE--7y0su38e71k66zf"
    ],
    "external_images": [],
    "entities": {
        "persons": [],
        "organizations": [],
        "locations": []
    },
    "rating": null,
    "crawled": "2024-04-05T00:46:10.021+03:00",
    "updated": "2024-04-05T00:46:10.021+03:00"
}