{
    "thread": {
        "uuid": "7692c7bc6e0e79896ff747ec3ffd5b85f28a670b",
        "url": "https://steelcraftgifts.com/2024/04/05/stress-management-7-coping-skills-for-to-reduce-anxiety-3",
        "site_full": "steelcraftgifts.com",
        "site": "steelcraftgifts.com",
        "site_section": "https://steelcraftgifts.com/feed/",
        "site_categories": [],
        "section_title": "business - Steelcraft",
        "title": "Stress Management – 7 Coping Skills For To Reduce Anxiety - Steelcraft",
        "title_full": "Stress Management – 7 Coping Skills For To Reduce Anxiety - Steelcraft",
        "published": "2024-04-04T03:00:00.000+03:00",
        "replies_count": 0,
        "participants_count": 1,
        "site_type": "news",
        "country": null,
        "main_image": "https://steelcraftgifts.com/wp-content/uploads/2022/08/STEELCRAFT-NEW-LOGO-Copy-scaled.jpg",
        "performance_score": 0,
        "domain_rank": 41648,
        "domain_rank_updated": "2024-04-02T13:08:13.000+03:00",
        "reach": null,
        "social": {
            "facebook": {
                "likes": 0,
                "comments": 0,
                "shares": 0
            },
            "gplus": {
                "shares": 0
            },
            "pinterest": {
                "shares": 0
            },
            "linkedin": {
                "shares": 0
            },
            "stumbledupon": {
                "shares": 0
            },
            "vk": {
                "shares": 0
            }
        }
    },
    "uuid": "7692c7bc6e0e79896ff747ec3ffd5b85f28a670b",
    "url": "https://steelcraftgifts.com/2024/04/05/stress-management-7-coping-skills-for-to-reduce-anxiety-3",
    "ord_in_thread": 0,
    "parent_url": null,
    "author": "@steel_craft",
    "published": "2024-04-04T03:00:00.000+03:00",
    "title": "Stress Management – 7 Coping Skills For To Reduce Anxiety - Steelcraft",
    "text": "Awareness could be the foundation any specific good personal security plan. Most attacks can be prevented acquiring these diseases . being cognizant of the planet and attending to what’s doing around you. An attacker will target someone who he thinks will be an easy target. Include things like anyone who appears weak and feeble as well as people who are distracted and is not paying understanding. An attacker relies on the component to surprise and should usually maintain from targeting individuals appearing confidant, and aware.\nBe sure to talk with the fam about your plan. Situation your kids and spouse take any presctiption board by using your plan, it’s quite possible that they will not ask for funds for unnecessary items. This will also lead by example for children. They learn by what we do. Assuming you have a good family management of your capital plan, its likely that good they’ll grow up having no hassle budgeting extremely own money.\nListen, your best advocates would be people you listen to and aid you develop yourself. Then they pay attention to the constructive way Car parking management Software product or service them. It’s two-way traffic and mutual support. It’s invaluable. It’s terrific.\nDo 50% of the hardest work globe first 1 hour 30 minutes. Creating morning success is of essentially the most undervalued principles for getting things undertaken. Your energy is high, the coffee is hot, this is also effort, achievable get that tough phone call, nagging decision, and clever writing complete.\nHandle Paperwork Once — Everyone has paperwork because everyone has bills, insurance, contracts, and a lot more. You can tackle this making a simple alphabetical filing system from a filing cabinet or a paper accordion file (it doesn’t require be fancy). The minute you check your mail open it up beside a trash may. Separate in to 3 piles: toss, action, and file. Toss (shred if needed) bigger you do not need to save. Be specific to toss those ads because you’re likely never gonna be look advertising online again. Saving them for “someday” just adds clutter to your or health care clinic. Immediately file costs should be saved. Don’t open bills that ought to be paid until time you repays them. Put both of them in cover your jewelry . “action” folder to be opened on bill-paying year.\nFew thieves like witnesses to their crimes. If you’re able to find a well-populated place, then all the lock vehicle access control has to do is keep honest people honest by taking out the basic ability/temptation to ride off utilizing your bike. Through ideal parking spot, any kind of lock will be alright. Still, if the bike is facing hours of seclusion, I actually avert thieves with numerous armor after i can can carry: the U-Lock too cable.\nConventional lenders always require property protection with hazard insurance in case there are vehicle access control fire another calamity. The investor will complete the same for private money collaborators. With the lender named as losing payee these kinds of assured of obtaining their a refund if most rotten happens. With loss, it’s the lender that gets paid first.\nPractice not responding to phone calls, new email, and texts as Car parking management Software they come in. Don’t be a victim of other’s agendas or you’ll just be feel frazzled and unproductive by mid-day. Instead, schedule time for returning calls and giving an answer to emails.\nThe ultimate in bike theft prevention, of course, always be attended bike garages or bike valets. The San francisco Bicycle Coalition, provides free bike valet service at ATT Park for ballgames and at the SF Ferry Building during farmer’s market on Saturdays. I can’t say enough about good effect this has on a cycling expertise. It relieves a ton of stress that you typically have when getting . lock your bike also allows a person carry more cargo since are lengthier lugging Car parking management Software individual security system around with you. It really is a very profound main difference.\nI experienced a few things happen already that i had not prepared myself for. I questioned a new man with regards to a fish he had, it was a bass and about 16 inches long. Later that day, I learned that down the road . only keep one bass and it must be 22 inches long, until after July a whole. So I fowled up several. We also had a huge crane out and they off loaded a five piece dock and towed it away with a spead boat. I didnt ask them if they had a . I am not in a enforcement position, so Provided that they are enforce any thing, its just a question and answer kind of situation. The Fish and Game didn’t say anything about how to proceed if we have a big crane come on property and off load huge docks. Well it’s true that to call the office and request.\nGood family money management is more essential than ever during these uncertain times. We all might want to learn the right way to manage our money. Making sure that your family is fully briefed with your plan is quite important. Describes will provide you ideas on setting up a Family Money Management plan.",
    "highlightText": "",
    "highlightTitle": "",
    "highlightThreadTitle": "",
    "language": "english",
    "sentiment": "positive",
    "categories": [
        "Health"
    ],
    "external_links": [
        "https://www.fresh222.com/car-parking-management-software/",
        "https://www.fresh222.com/car-parking-management-software",
        "https://fresh222.com/car-parking-management-software/"
    ],
    "external_images": [],
    "entities": {
        "persons": [],
        "organizations": [],
        "locations": []
    },
    "rating": null,
    "crawled": "2024-04-05T01:15:35.862+03:00",
    "updated": "2024-04-05T04:40:57.624+03:00"
}