{
    "thread": {
        "uuid": "ad5058c91736b04a1688200417a12d7e11a31ecb",
        "url": "http://business.times-online.com/times-online/article/getnews-2024-4-4-a-better-solution-in-home-care-reaffirms-its-commitment-to-veterans-with-specialized-home-care-in-wichita-ks",
        "site_full": "business.times-online.com",
        "site": "times-online.com",
        "site_section": "http://business.times-online.com/times-online/markets/news",
        "site_categories": [
            "financial_news",
            "finance"
        ],
        "section_title": "Stock Market News | NSDQ, NYSE, and AMEX Stock Market News, Market News Categories, Market Indicators | User | times-online.com ",
        "title": "A Better Solution In Home Care Reaffirms Its Commitment to Veterans with Specialized Home Care in Wichita, KS | User | times-online.com",
        "title_full": "A Better Solution In Home Care Reaffirms Its Commitment to Veterans with Specialized Home Care in Wichita, KS | User | times-online.com",
        "published": "2024-04-04T03:00:00.000+03:00",
        "replies_count": 0,
        "participants_count": 1,
        "site_type": "news",
        "country": "US",
        "main_image": "",
        "performance_score": 0,
        "domain_rank": 86983,
        "domain_rank_updated": "2024-04-02T13:08:16.000+03:00",
        "reach": null,
        "social": {
            "facebook": {
                "likes": 0,
                "comments": 0,
                "shares": 0
            },
            "gplus": {
                "shares": 0
            },
            "pinterest": {
                "shares": 0
            },
            "linkedin": {
                "shares": 0
            },
            "stumbledupon": {
                "shares": 0
            },
            "vk": {
                "shares": 0
            }
        }
    },
    "uuid": "ad5058c91736b04a1688200417a12d7e11a31ecb",
    "url": "http://business.times-online.com/times-online/article/getnews-2024-4-4-a-better-solution-in-home-care-reaffirms-its-commitment-to-veterans-with-specialized-home-care-in-wichita-ks",
    "ord_in_thread": 0,
    "parent_url": null,
    "author": "Valley City Times-Record",
    "published": "2024-04-04T03:00:00.000+03:00",
    "title": "A Better Solution In Home Care Reaffirms Its Commitment to Veterans with Specialized Home Care in Wichita, KS | User | times-online.com",
    "text": "Wichita, KS - A Better Solution In Home Care, a premier provider of in-home care services, today announced its ongoing dedication to supporting veterans in Wichita, KS, by offering specialized home care tailored to their unique needs. Understanding the importance of veterans' affairs, A Better Solution is committed to providing quality senior care in Wichita, KS, highlighting its pledge to honor the service and sacrifice of veterans through exceptional care and support. \"Giving back to those who have served our country is not just a commitment but a privilege,\" stated Gustavo Torres, owner of A Better Solution In Home Care. \"We recognize the unique challenges veterans face as they age and are dedicated to offering the specialized care they require. Our focus on veterans' affairs underscores our mission to deliver quality senior care in Wichita, KS, ensuring our veterans receive the respect, dignity, and quality of life they deserve.\" A Better Solution In Home Care's veteran-centric approach to home care addresses the growing need for personalized, compassionate services that cater specifically to the veteran community. The agency's comprehensive suite of services, including personal care, mobility assistance, medication management, and companionship, is designed to meet the diverse needs of veterans, promoting independence and enhancing their overall well-being. As one of the leading home care providers in Wichita, KS, for veterans, A Better Solution is unwavering in its commitment to excellence. By continuously striving to improve and adapt its services, the agency ensures that veterans in Wichita, KS, have access to the highest quality of care, reflecting the agency's dedication to those who have served. For more information about A Better Solution In Home Care and their home care in Wichita, KS , please visit their website at https://abshomecarewichita.com About A Better Solution In Home Care: A Better Solution In Home Care specializes in providing seniors with high-quality, personalized home care services, focusing on veterans. Based in Wichita, KS, the agency is renowned for its commitment to excellence, compassion, and respect in all aspects of its service. Recognizing the importance of veterans' affairs, A Better Solution is proud to offer specialized care designed to meet the unique needs of veterans, ensuring they receive the best possible support and care in their later years. Media Contact Company Name: A Better Solution In Home Care Contact Person: Gustavo Torres Email: Send Email Phone: +1 316 295 3282 Address:815 N Waco Ave Suite 20 City: Wichita State: KS Country: United States Website: https://abshomecarewichita.com/",
    "highlightText": "",
    "highlightTitle": "",
    "highlightThreadTitle": "",
    "language": "english",
    "sentiment": "positive",
    "categories": [
        "Social Issue",
        "Human Interest",
        "Health"
    ],
    "external_links": [
        "http://www.universalpressrelease.com/?pr=a-better-solution-in-home-care-reaffirms-its-commitment-to-veterans-with-specialized-home-care-in-wichita-ks",
        "https://abshomecarewichita.com/",
        "https://abshomecarewichita.com/home-care/",
        "https://abshomecarewichita.com",
        "http://universalpressrelease.com/?pr=a-better-solution-in-home-care-reaffirms-its-commitment-to-veterans-with-specialized-home-care-in-wichita-ks",
        "https://abshomecarewichita.com/home-care",
        "https://www.abshomecarewichita.com/",
        "https://abshomecarewichita.com",
        "https://www.abshomecarewichita.com",
        "http://www.universalpressrelease.com/",
        "https://www.abshomecarewichita.com/home-care/"
    ],
    "external_images": [],
    "entities": {
        "persons": [
            {
                "name": "gustavo torres",
                "sentiment": "none"
            }
        ],
        "organizations": [
            {
                "name": "specialized home care",
                "sentiment": "positive"
            },
            {
                "name": "better solution in home care",
                "sentiment": "positive"
            },
            {
                "name": "better solution",
                "sentiment": "none"
            }
        ],
        "locations": [
            {
                "name": "wichita",
                "sentiment": "none"
            },
            {
                "name": "ks",
                "sentiment": "none"
            }
        ]
    },
    "rating": null,
    "crawled": "2024-04-05T01:13:53.841+03:00",
    "updated": "2024-04-05T01:13:53.841+03:00"
}