{
    "thread": {
        "uuid": "4948e69e7d8ba3d62736bb95abfea161e5b425cd",
        "url": "https://www.ucdavis.edu/news/vegan-chef-challenge-brings-new-dishes-campus",
        "site_full": "www.ucdavis.edu",
        "site": "ucdavis.edu",
        "site_section": "https://www.ucdavis.edu/news",
        "site_categories": [
            "media",
            "education",
            "graduate_school"
        ],
        "section_title": "News, Magazine, Experts and Media Resources | UC Davis",
        "title": "Vegan Chef Challenge Brings New Dishes to Campus | UC Davis",
        "title_full": "Vegan Chef Challenge Brings New Dishes to Campus | UC Davis",
        "published": "2024-04-04T08:00:00.000+03:00",
        "replies_count": 0,
        "participants_count": 1,
        "site_type": "news",
        "country": "US",
        "main_image": "https://www.ucdavis.edu/sites/default/files/styles/sf_landscape_16x9/public/media/images/vegan-items-combo-2000x1125.jpg?h=854a7be2&amp;itok=gUJAolJG",
        "performance_score": 0,
        "domain_rank": 620,
        "domain_rank_updated": "2024-04-02T13:08:08.000+03:00",
        "reach": null,
        "social": {
            "facebook": {
                "likes": 0,
                "comments": 0,
                "shares": 0
            },
            "gplus": {
                "shares": 0
            },
            "pinterest": {
                "shares": 0
            },
            "linkedin": {
                "shares": 0
            },
            "stumbledupon": {
                "shares": 0
            },
            "vk": {
                "shares": 0
            }
        }
    },
    "uuid": "4948e69e7d8ba3d62736bb95abfea161e5b425cd",
    "url": "https://www.ucdavis.edu/news/vegan-chef-challenge-brings-new-dishes-campus",
    "ord_in_thread": 0,
    "parent_url": null,
    "author": "Cody Kitaura",
    "published": "2024-04-04T08:00:00.000+03:00",
    "title": "Vegan Chef Challenge Brings New Dishes to Campus | UC Davis",
    "text": "Restaurants in Davis, West Sacramento and Woodland are showcasing new vegan offerings this month for the Yolo County Vegan Chef Challenge, and three Dining Services eateries on campus are joining in with new dishes of their own. Their dishes, available now through April 30, are: - The Gunrock: The Silo pub and restaurant is offering a falafel plate with carrot hummus, quinoa tabbouleh, sumac onions and pita bread ($13). [Open weekdays 11 a.m.-6 p.m.](https://housing.ucdavis.edu/dining/the-gunrock/) - Spokes: The burger counter next door has created a new vegan option with a portobello mushroom serving as the patty, served with mojo aioli, lettuce, tomato and onion on a potato bun ($9.99). [Open 10 a.m.-6:30 p.m. Monday-Thursday, and 10 a.m.-5 p.m. on Friday.](https://housing.ucdavis.edu/dining/spokes/) - Scrubs Café: Those in the Health Sciences District of campus can partake in a masala dosa with Bombay potatoes, cilantro chutney and tomato chutney in a red lentil crepe ($8.95). [Open weekdays 7:30 a.m.-2:30 p.m., with the grill and hot/cold food bar open 11:30 a.m.-2 p.m.](https://scrubscafe.ucdavis.edu/) After clearing their plates, diners can [head to the chef challenge website to vote for their favorite dishes](https://veganchefchallenge.org/yolo/). A total of 11 restaurants around Yolo County are participating in the challenge, which is overseen by the nonprofit Vegan Outreach. This year’s theme is “Go Green, Yolo!,” encouraging diners to consider plant-based options for their environmental benefit. Last year, Executive Chef Janos Levin and Sous Chef Michael Chiu of Scrubs Café won an award for “Most Voted and Best Entrée” for their [mushroom carnitas tacos](https://magazine.ucdavis.edu/a-vegan-tasting-adventure/). Media Resources Cody Kitaura is the editor of Dateline UC Davis and [ can be reached by email](mailto:kitaura@ucdavis.edu) or at 530-752-1932.",
    "highlightText": "",
    "highlightTitle": "",
    "highlightThreadTitle": "",
    "language": "english",
    "sentiment": "positive",
    "categories": [
        "Lifestyle and Leisure",
        "Health"
    ],
    "external_links": [
        "https://veganchefchallenge.org/yolo/).",
        "https://www.veganchefchallenge.org/yolo/)."
    ],
    "external_images": [],
    "entities": {
        "persons": [],
        "organizations": [
            {
                "name": "uc davis restaurants",
                "sentiment": "negative"
            },
            {
                "name": "yolo county vegan chef challenge",
                "sentiment": "none"
            },
            {
                "name": "health sciences district",
                "sentiment": "none"
            },
            {
                "name": "dining services",
                "sentiment": "none"
            }
        ],
        "locations": [
            {
                "name": "west sacramento",
                "sentiment": "none"
            },
            {
                "name": "davis",
                "sentiment": "none"
            },
            {
                "name": "woodland",
                "sentiment": "none"
            },
            {
                "name": "bombay",
                "sentiment": "none"
            }
        ]
    },
    "rating": null,
    "crawled": "2024-04-05T01:02:06.034+03:00",
    "updated": "2024-04-12T04:59:55.672+03:00"
}