{
    "thread": {
        "uuid": "a807212fafcffd1d599ca8d2deaa5d9dfe3fa145",
        "url": "https://ca.news.yahoo.com/federal-food-program-fantastic-students-205514329.html",
        "site_full": "ca.news.yahoo.com",
        "site": "yahoo.com",
        "site_section": "https://ca.sports.yahoo.com/rss/",
        "site_categories": [
            "non_standard_content",
            "adult",
            "top_news"
        ],
        "section_title": "Yahoo Canada Sports - Sports News, Scores, Rumours, Fantasy Games, and more",
        "title": "Federal food program 'fantastic' but students need more: advocate",
        "title_full": "Federal food program 'fantastic' but students need more: advocate",
        "published": "2024-04-04T23:55:00.000+03:00",
        "replies_count": 0,
        "participants_count": 1,
        "site_type": "news",
        "country": "CA",
        "main_image": "https://s.yimg.com/ny/api/res/1.2/34AaxCYLZoG49DJqwv72.A--/YXBwaWQ9aGlnaGxhbmRlcjt3PTEyMDA7aD02NzU-/https://media.zenfs.com/en/cbc.ca/2f9dd92b15f5a2f3d318451ae92026a9",
        "performance_score": 0,
        "domain_rank": 36,
        "domain_rank_updated": "2024-04-02T13:08:08.000+03:00",
        "reach": null,
        "social": {
            "facebook": {
                "likes": 0,
                "comments": 0,
                "shares": 0
            },
            "gplus": {
                "shares": 0
            },
            "pinterest": {
                "shares": 0
            },
            "linkedin": {
                "shares": 0
            },
            "stumbledupon": {
                "shares": 0
            },
            "vk": {
                "shares": 0
            }
        }
    },
    "uuid": "a807212fafcffd1d599ca8d2deaa5d9dfe3fa145",
    "url": "https://ca.news.yahoo.com/federal-food-program-fantastic-students-205514329.html",
    "ord_in_thread": 0,
    "parent_url": null,
    "author": "The Canadian Press",
    "published": "2024-04-04T23:55:00.000+03:00",
    "title": "Federal food program 'fantastic' but students need more: advocate",
    "text": "The federal government's new national school food program is a great first step toward meeting the nutritional needs of Toronto's children but is not enough to solve student hunger, a local advocate for student nutrition says. On Monday, the federal government announced plans to launch a $1 billion national food program, hoping to deliver meals to 400,000 students annually by the 2024-2025 school year. \"It's a fantastic start, but there's more work to be done,\" said Catherine Parsonage, CEO of the Toronto Foundation for Student Success. The non-profit organization provides student nutrition programs to English, Catholic and French school boards citywide. Parsonage says they feed meals to roughly 240,000 students across Toronto, with that number having grown by 14,000 children so far this year. She says the city's student nutrition programs are in a dire state as they navigate higher food costs, shrinking quantities and increased student need. \"It's heartbreaking when programs cannot nourish the children the way they need it to, when all they can offer is maybe two carrot sticks and a cracker,\" she said. Catherine Parsonage, CEO of the Toronto Foundation for Student Success, said the planned national school food program, announced Monday, is a fantastic start but cannot alone meet student need. (Laura Pedersen/CBC) While Parsonage said she celebrated after the federal announcement, she says the planned national program will not meet student demand alone. Municipal and provincial support, as well as support from donors, parents and corporate partners, will be needed to adequately sustain student nutrition programs, she said. Though the government has said its planning for the program to start operating during the 2024-25 school year, Parsonage says she hopes it can be enacted in time for the next school year, starting this September. \"Let's go fast,\" she said. \"Kids can't wait.\" 'We're very lucky to have this': teacher On Wednesday, at St. John XXIII Catholic School in North York, all 470 elementary students were given a cantaloupe slice, breadstick and yogurt tube for their daily morning breakfast break. Baheya Kass-Barsoum has been a volunteer food coordinator at the school since 2012. She arrives at 8 a.m. to prepare the snacks. She portions them into bins to go to each classroom with the help of volunteers like Grade 8 student Sean Mendoza, who has been volunteering with the school's nutrition program for nearly a year, since last May. The program aims to provide whole grain foods, as well as dairy and fresh fruit and vegetables. Teacher Laura Cross said St. John XXIII Catholic School is 'very lucky' to have a school food program, noting the difference in students' learning, attitude and tiredness after they eat breakfast. (Laura Pedersen/CBC) Mendoza stacks the snack bins on a rolling cart that he takes around the school, often carrying four or five bins at a time to deliver to classrooms upstairs. Teacher Laura Cross says the nutrition program is a \"privilege\" for the school. \"The difference when kids have breakfast in the morning [versus] when they don't is evident in their learning, in their attitude, in their tiredness,\" she said. \"We're very lucky to have this here.\" Grade 5 student Nico Pineda said he's grateful for his school's food program, as when he is hungry, he can't focus on his work. (Laura Pedersen/CBC) The morning breakfast break is also a moment for students in a Grade 5 classroom to socialise. Student Ben Alcala said the school nutrition program is fantastic and \"could help a lot of students in need.\" \"Sometimes I'm really late and I don't get to eat a lot,\" said Santiago Cogollo, another student. \"And then I come here and I'm not hungry anymore, because I have the snack.\" Student Nico Pineda says he's grateful for the program. \"If I don't have breakfast, I'll be very hungry and I can't focus on my work,\" he said. As the program's longtime coordinator, Kass-Barsoum, who moved to Toronto from Syria in 2010, says she enjoys contributing positively to her community through her volunteer position. \"When you see the smile of the kids… that's my pleasure,\" she said.",
    "highlightText": "",
    "highlightTitle": "",
    "highlightThreadTitle": "",
    "language": "english",
    "sentiment": "positive",
    "categories": [
        "Social Issue",
        "Education",
        "Health"
    ],
    "external_links": [
        "https://s.yimg.com/ny/api/res/1.2/34AaxCYLZoG49DJqwv72.A--/YXBwaWQ9aGlnaGxhbmRlcjt3PTEyMDA7aD02NzU-/https://media.zenfs.com/en/cbc.ca/2f9dd92b15f5a2f3d318451ae92026a9",
        "https://s.yimg.com/ny/api/res/1.2/2e_z_8bougRKUfIkOmNUEw--/YXBwaWQ9aGlnaGxhbmRlcjt3PTEyNDI7aD02OTk-/https://media.zenfs.com/en/cbc.ca/2f9dd92b15f5a2f3d318451ae92026a9",
        "http://www.cbc.ca/",
        "https://s.yimg.com/ny/api/res/1.2/4ERJQMhN61OnQ1Oa.8_ZMw--/YXBwaWQ9aGlnaGxhbmRlcjt3PTI0MDA7aD0xMzUw/https://media.zenfs.com/en/cbc.ca/2f9dd92b15f5a2f3d318451ae92026a9",
        "https://s.yimg.com/ny/api/res/1.2/JLxWzeZlwa3RyWKV7I8Mwg--/YXBwaWQ9aGlnaGxhbmRlcjt3PTI0MDA7aD0xMzUw/https://media.zenfs.com/en/cbc.ca/456bb81f682d02454b0bf97d3699e1da",
        "https://s.yimg.com/ny/api/res/1.2/KBTg2mMCYwawJfx0XRUarA--/YXBwaWQ9aGlnaGxhbmRlcjt3PTk2MDtoPTU0MA--/https://media.zenfs.com/en/cbc.ca/5f8004b61975c8fb3c7ed8a146408d21",
        "https://s.yimg.com/ny/api/res/1.2/pEyHEvm7Umt6msEGwx299w--/YXBwaWQ9aGlnaGxhbmRlcjt3PTk2MDtoPTU0MA--/https://media.zenfs.com/en/cbc.ca/456bb81f682d02454b0bf97d3699e1da",
        "https://s.yimg.com/ny/api/res/1.2/WZ1YKlv_pv481OdYSxBcrQ--/YXBwaWQ9aGlnaGxhbmRlcjt3PTk2MDtoPTU0MA--/https://media.zenfs.com/en/cbc.ca/309e43b0108606fc60b5b04e8e982b0a",
        "https://s.yimg.com/ny/api/res/1.2/_VpLY5asEKW337YDoy7V9w--/YXBwaWQ9aGlnaGxhbmRlcjt3PTE0MDtoPTYw/https://s.yimg.com/os/creatr-uploaded-images/2021-03/f77fb8a0-7aa4-11eb-bb67-023f4b9d7962",
        "https://s.yimg.com/ny/api/res/1.2/i5O2sLMKUpekzdOdtWCMmw--/YXBwaWQ9aGlnaGxhbmRlcjt3PTI0MDA7aD0xMzUw/https://media.zenfs.com/en/cbc.ca/5f8004b61975c8fb3c7ed8a146408d21",
        "https://s.yimg.com/ny/api/res/1.2/RtFvDUpvQ2SxGrgpwnmIqA--/YXBwaWQ9aGlnaGxhbmRlcjt3PTI0MDA7aD0xMzUw/https://media.zenfs.com/en/cbc.ca/309e43b0108606fc60b5b04e8e982b0a",
        "https://s.yimg.com/os/creatr-uploaded-images/2021-03/f77fb8a0-7aa4-11eb-bb67-023f4b9d7962",
        "https://www.s.yimg.com/ny/api/res/1.2/WZ1YKlv_pv481OdYSxBcrQ--/YXBwaWQ9aGlnaGxhbmRlcjt3PTk2MDtoPTU0MA--/https://www.media.zenfs.com/en/cbc.ca/309e43b0108606fc60b5b04e8e982b0a",
        "https://www.s.yimg.com/ny/api/res/1.2/pEyHEvm7Umt6msEGwx299w--/YXBwaWQ9aGlnaGxhbmRlcjt3PTk2MDtoPTU0MA--/https://www.media.zenfs.com/en/cbc.ca/456bb81f682d02454b0bf97d3699e1da",
        "https://www.s.yimg.com/ny/api/res/1.2/_VpLY5asEKW337YDoy7V9w--/YXBwaWQ9aGlnaGxhbmRlcjt3PTE0MDtoPTYw/https://www.s.yimg.com/os/creatr-uploaded-images/2021-03/f77fb8a0-7aa4-11eb-bb67-023f4b9d7962",
        "https://www.s.yimg.com/ny/api/res/1.2/34AaxCYLZoG49DJqwv72.A--/YXBwaWQ9aGlnaGxhbmRlcjt3PTEyMDA7aD02NzU-/https://www.media.zenfs.com/en/cbc.ca/2f9dd92b15f5a2f3d318451ae92026a9",
        "https://www.s.yimg.com/ny/api/res/1.2/4ERJQMhN61OnQ1Oa.8_ZMw--/YXBwaWQ9aGlnaGxhbmRlcjt3PTI0MDA7aD0xMzUw/https://www.media.zenfs.com/en/cbc.ca/2f9dd92b15f5a2f3d318451ae92026a9",
        "http://cbc.ca/",
        "http://www.cbc.ca",
        "https://www.s.yimg.com/ny/api/res/1.2/RtFvDUpvQ2SxGrgpwnmIqA--/YXBwaWQ9aGlnaGxhbmRlcjt3PTI0MDA7aD0xMzUw/https://www.media.zenfs.com/en/cbc.ca/309e43b0108606fc60b5b04e8e982b0a",
        "https://www.s.yimg.com/ny/api/res/1.2/KBTg2mMCYwawJfx0XRUarA--/YXBwaWQ9aGlnaGxhbmRlcjt3PTk2MDtoPTU0MA--/https://www.media.zenfs.com/en/cbc.ca/5f8004b61975c8fb3c7ed8a146408d21",
        "https://www.s.yimg.com/ny/api/res/1.2/JLxWzeZlwa3RyWKV7I8Mwg--/YXBwaWQ9aGlnaGxhbmRlcjt3PTI0MDA7aD0xMzUw/https://www.media.zenfs.com/en/cbc.ca/456bb81f682d02454b0bf97d3699e1da",
        "https://www.s.yimg.com/ny/api/res/1.2/2e_z_8bougRKUfIkOmNUEw--/YXBwaWQ9aGlnaGxhbmRlcjt3PTEyNDI7aD02OTk-/https://www.media.zenfs.com/en/cbc.ca/2f9dd92b15f5a2f3d318451ae92026a9",
        "https://www.s.yimg.com/os/creatr-uploaded-images/2021-03/f77fb8a0-7aa4-11eb-bb67-023f4b9d7962",
        "https://www.s.yimg.com/ny/api/res/1.2/i5O2sLMKUpekzdOdtWCMmw--/YXBwaWQ9aGlnaGxhbmRlcjt3PTI0MDA7aD0xMzUw/https://www.media.zenfs.com/en/cbc.ca/5f8004b61975c8fb3c7ed8a146408d21"
    ],
    "external_images": [],
    "entities": {
        "persons": [
            {
                "name": "laura pederson",
                "sentiment": "none"
            },
            {
                "name": "sean mendoza",
                "sentiment": "none"
            },
            {
                "name": "mendoza",
                "sentiment": "none"
            },
            {
                "name": "catherine parsonage",
                "sentiment": "none"
            }
        ],
        "organizations": [
            {
                "name": "cbc federal",
                "sentiment": "negative"
            },
            {
                "name": "cbc",
                "sentiment": "negative"
            },
            {
                "name": "catholic",
                "sentiment": "none"
            },
            {
                "name": "st. john xxiii catholic school",
                "sentiment": "none"
            },
            {
                "name": "toronto foundation for student success",
                "sentiment": "none"
            }
        ],
        "locations": [
            {
                "name": "north york",
                "sentiment": "none"
            },
            {
                "name": "toronto",
                "sentiment": "none"
            }
        ]
    },
    "rating": null,
    "crawled": "2024-04-05T00:01:51.343+03:00",
    "updated": "2024-04-05T00:10:43.468+03:00"
}