{
    "thread": {
        "uuid": "90e758546f5297a42534ab18bcfb5759971655f1",
        "url": "https://pressreleasepedia.com/we-brain-storm-launches-innovative-couples-counseling-service",
        "site_full": "pressreleasepedia.com",
        "site": "pressreleasepedia.com",
        "site_section": "https://pressreleasepedia.com/category/services/",
        "site_categories": [],
        "section_title": null,
        "title": "",
        "title_full": "",
        "published": "2024-04-04T11:25:00.000+03:00",
        "replies_count": 0,
        "participants_count": 1,
        "site_type": "news",
        "country": "NL",
        "main_image": "",
        "performance_score": 0,
        "domain_rank": 82134,
        "domain_rank_updated": "2024-04-02T13:08:16.000+03:00",
        "reach": null,
        "social": {
            "facebook": {
                "likes": 0,
                "comments": 0,
                "shares": 0
            },
            "gplus": {
                "shares": 0
            },
            "pinterest": {
                "shares": 0
            },
            "linkedin": {
                "shares": 0
            },
            "stumbledupon": {
                "shares": 0
            },
            "vk": {
                "shares": 0
            }
        }
    },
    "uuid": "90e758546f5297a42534ab18bcfb5759971655f1",
    "url": "https://pressreleasepedia.com/we-brain-storm-launches-innovative-couples-counseling-service",
    "ord_in_thread": 0,
    "parent_url": null,
    "author": "We Brain Storm",
    "published": "2024-04-04T11:25:00.000+03:00",
    "title": "",
    "text": "We Brain Storm, a leading provider of mental health and counseling services, is proud to announce the launch of its groundbreaking couples counseling service. Committed to fostering healthier and happier relationships, We Brain Storm aims to revolutionize the way couples approach and navigate challenges together.\nWe Brain Storm’s new couples counseling service is designed to provide couples with the tools, resources, and support they need to strengthen their relationships and overcome obstacles. Grounded in evidence-based therapeutic approaches, We Brain Storm’s team of experienced therapists offers personalized counseling sessions tailored to each couple’s unique needs and dynamics.\n“We are thrilled to introduce our couples counseling service, which represents a significant milestone in our mission to promote emotional well-being and fulfillment,” said the Founder of We Brain Storm. “Relationships are at the core of our lives, and our goal is to empower couples to communicate effectively, resolve conflicts constructively, and cultivate intimacy and connection.”\nThrough couples counseling services, we empower couples to deepen their understanding of each other, navigate challenges effectively, and create a shared vision for their future.\nIn addition to traditional in-person counseling sessions, We Brain Storm also offers online counseling options for couples who prefer the convenience and flexibility of remote therapy. With secure and confidential video conferencing technology, couples can access professional counseling services from the comfort of their home at a time that suits their schedule.\n“We understand that modern couples lead busy lives, and we want to make counseling accessible and convenient for everyone,” said the Founder at We Brain Storm.\nFor more information about We Brain Storm’s couples counseling service, including pricing and scheduling details, please visit https://www.webrainstorm.ca/\nAbout : We Brain Storm is a leading mental health and counseling service provider dedicated to promoting emotional well-being and personal growth. With a team of experienced therapists and a commitment to evidence-based practices, We Brain Storm offers counseling services for individuals, couples, and families.\nContact Information: Phone number: +1 416-779-6764\nEmail: info@webrainstorm.ca",
    "highlightText": "",
    "highlightTitle": "",
    "highlightThreadTitle": "",
    "language": "english",
    "sentiment": "positive",
    "categories": [
        "Health",
        "Lifestyle and Leisure"
    ],
    "external_links": [
        "https://www.webrainstorm.ca/services/couples-counseling-therapy/",
        "https://www.webrainstorm.ca/",
        "https://webrainstorm.ca/services/couples-counseling-therapy/",
        "https://www.webrainstorm.ca/services/couples-counseling-therapy",
        "https://www.webrainstorm.ca",
        "https://webrainstorm.ca/"
    ],
    "external_images": [],
    "entities": {
        "persons": [],
        "organizations": [],
        "locations": []
    },
    "rating": null,
    "crawled": "2024-04-05T00:54:39.079+03:00",
    "updated": "2024-04-05T00:54:39.079+03:00"
}