{
    "thread": {
        "uuid": "b685daa2c2cfd931e2d6e8d3451b78dc1a7ac5f4",
        "url": "http://extension.msstate.edu/news/feature-story/2024/msu-extension-offers-free-soybean-nematode-testing",
        "site_full": "extension.msstate.edu",
        "site": "msstate.edu",
        "site_section": "http://extension.msstate.edu",
        "site_categories": [
            "home_and_garden",
            "gardening",
            "environmental_safety"
        ],
        "section_title": "Mississippi State University Extension Service |",
        "title": "MSU Extension offers free soybean nematode testing | Mississippi State University Extension Service",
        "title_full": "MSU Extension offers free soybean nematode testing | Mississippi State University Extension Service",
        "published": "2024-04-04T03:00:00.000+03:00",
        "replies_count": 0,
        "participants_count": 0,
        "site_type": "news",
        "country": "US",
        "main_image": "",
        "performance_score": 0,
        "domain_rank": 3474,
        "domain_rank_updated": "2024-04-02T13:08:08.000+03:00",
        "reach": null,
        "social": {
            "facebook": {
                "likes": 0,
                "comments": 0,
                "shares": 0
            },
            "gplus": {
                "shares": 0
            },
            "pinterest": {
                "shares": 0
            },
            "linkedin": {
                "shares": 0
            },
            "stumbledupon": {
                "shares": 0
            },
            "vk": {
                "shares": 0
            }
        }
    },
    "uuid": "b685daa2c2cfd931e2d6e8d3451b78dc1a7ac5f4",
    "url": "http://extension.msstate.edu/news/feature-story/2024/msu-extension-offers-free-soybean-nematode-testing",
    "ord_in_thread": 0,
    "parent_url": null,
    "author": null,
    "published": "2024-04-04T03:00:00.000+03:00",
    "title": "MSU Extension offers free soybean nematode testing | Mississippi State University Extension Service",
    "text": "MSU Extension offers free soybean nematode testing RAYMOND, Miss. -- Mississippi soybean producers may qualify for free nematode testing through the Mississippi State University Extension Service Plant Diagnostic Laboratory. Limited free tests are available between April 1, 2024, and March 31, 2025. To qualify for free testing, soil must be from Mississippi soybean fields and soybeans must have been grown in the sample area during either 2022 or 2023. Five hundred free tests are available on a first come, first served basis. Soil tests should be submitted in nematode bags or quart-size, zip-close bags. Nematode bags are available at the local Extension office. The sample must be accompanied by Extension Form 488. It is available on the lab’s webpage at https://extension.msstate.edu/lab or at the local Extension office. For complete instructions, visit the MSU Extension website at https://tinyurl.com/v6vxtknh. Soil testing is a critical tool in detecting nematodes, which are microscopic, parasitic worms that damage soybean roots and reduce yields. Symptoms of infestation cannot be detected above ground in the plant. The Mississippi Soybean Promotion Board funded the project, which is aimed at evaluating the abundance and distribution of nematodes in the state and will help scientists offer better management suggestions. Free HG type testing will be done for fields infested with soybean cyst nematodes, or SCNs. These tests will help provide updated recommendations for SCN-resistant soybean varieties. [Ms. Clarissa J. Balbalian](/biochemistry-molecular-biology-entomology-and-plant-pathology/ms-clarissa-j-balbalian)",
    "highlightText": "",
    "highlightTitle": "",
    "highlightThreadTitle": "",
    "language": "english",
    "sentiment": "positive",
    "categories": [
        "Science and Technology",
        "Health"
    ],
    "external_links": [
        "https://tinyurl.com/v6vxtknh.",
        "https://www.tinyurl.com/v6vxtknh."
    ],
    "external_images": [],
    "entities": {
        "persons": [],
        "organizations": [
            {
                "name": "mississippi state university extension service",
                "sentiment": "negative"
            },
            {
                "name": "mississippi state university extension service plant diagnostic laboratory",
                "sentiment": "none"
            }
        ],
        "locations": [
            {
                "name": "mississippi",
                "sentiment": "none"
            },
            {
                "name": "raymond",
                "sentiment": "none"
            },
            {
                "name": "miss.",
                "sentiment": "none"
            }
        ]
    },
    "rating": null,
    "crawled": "2024-04-05T00:39:34.196+03:00",
    "updated": "2024-04-05T00:39:34.196+03:00"
}