{
    "thread": {
        "uuid": "5f12aec0d31eba3f075412d5a48b2363131b2dff",
        "url": "https://theamberpost.com/post/priceless-health-benefits-why-pure-cow-ghee-is-worth-every-penny",
        "site_full": "theamberpost.com",
        "site": "theamberpost.com",
        "site_section": "https://theamberpost.com/sandbox",
        "site_categories": [],
        "section_title": "Recent | TheAmberPost",
        "title": "Priceless Health Benefits: Why Pure Cow Ghee is Worth Every Penny! | TheAmberPost",
        "title_full": "Priceless Health Benefits: Why Pure Cow Ghee is Worth Every Penny! | TheAmberPost",
        "published": "2024-04-04T18:13:00.000+03:00",
        "replies_count": 0,
        "participants_count": 0,
        "site_type": "news",
        "country": "IN",
        "main_image": "https://theamberpost.com/storage/posts/2024/04/04/74/y9nRnSJEKBygLui22FKotHHDmAEjlI045NtSdiea.png",
        "performance_score": 0,
        "domain_rank": 58443,
        "domain_rank_updated": "2024-04-02T13:08:13.000+03:00",
        "reach": null,
        "social": {
            "facebook": {
                "likes": 0,
                "comments": 0,
                "shares": 0
            },
            "gplus": {
                "shares": 0
            },
            "pinterest": {
                "shares": 0
            },
            "linkedin": {
                "shares": 0
            },
            "stumbledupon": {
                "shares": 0
            },
            "vk": {
                "shares": 0
            }
        }
    },
    "uuid": "5f12aec0d31eba3f075412d5a48b2363131b2dff",
    "url": "https://theamberpost.com/post/priceless-health-benefits-why-pure-cow-ghee-is-worth-every-penny",
    "ord_in_thread": 0,
    "parent_url": null,
    "author": null,
    "published": "2024-04-04T18:13:00.000+03:00",
    "title": "Priceless Health Benefits: Why Pure Cow Ghee is Worth Every Penny! | TheAmberPost",
    "text": "In the world of cooking oils, few stand out like pure cow ghee . Renowned for its rich flavor and numerous health benefits, pure cow ghee has been a staple in Indian households for centuries. But what exactly makes this golden elixir so special? Let's delve into the myriad reasons why pure cow ghee is worth every penny. What is pure cow ghee? Pure cow ghee, also known as clarified butter, is a type of clarified butter made from the milk of cows. It involves simmering butter to remove water content and milk solids, leaving behind a golden, translucent liquid with a distinct nutty aroma. Health Benefits of Pure Cow Ghee Pure cow ghee offers a plethora of health benefits, making it a valuable addition to any diet. Rich source of healthy fats Ghee is packed with healthy fats, including saturated fats, monounsaturated fats, and essential fatty acids like omega-3 and omega-6. These fats are vital for brain function, hormone production, and overall health. Supports digestion and gut health Ghee contains butyric acid, a short-chain fatty acid that nourishes the cells lining the digestive tract. It helps improve digestion, reduce inflammation, and promote a healthy gut microbiome. Boosts immunity The vitamins and antioxidants present in pure cow ghee help strengthen the immune system, protecting the body against infections and diseases. Promotes brain health Ghee is rich in fat-soluble vitamins like vitamin A, D, E, and K, which are essential for brain health and cognitive function. These nutrients support memory, concentration, and overall neurological well-being. Nutritional Value of Pure Cow Ghee Comparison with other cooking oils Unlike most cooking oils that are high in polyunsaturated fats, ghee is predominantly composed of saturated fats and monounsaturated fats. This makes it more stable at high temperatures and less prone to oxidation. Essential nutrients present in ghee Ghee is a concentrated source of several nutrients, including vitamin A, vitamin D, vitamin E, and vitamin K2. It also contains trace amounts of minerals like calcium, phosphorus, and selenium. Pure Cow Ghee and Weight Management Debunking myths around ghee and weight gain Contrary to popular belief, ghee does not necessarily lead to weight gain when consumed in moderation. In fact, the healthy fats present in ghee can aid in weight loss by promoting satiety and boosting metabolism. How ghee aids in weight loss The medium-chain fatty acids found in ghee are easily digestible and quickly converted into energy by the body. This can help prevent fat accumulation and support weight management when combined with a balanced diet and regular exercise. Pure Cow Ghee and Ayurveda Ghee in Ayurvedic practices In Ayurveda, ghee is revered as a sacred and medicinal food with rejuvenating properties. It is believed to balance the body's doshas (vata, pitta, and kapha) and promote overall health and vitality. Balancing doshas with ghee consumption According to Ayurvedic principles, incorporating ghee into one's diet can help pacify aggravated doshas and restore harmony to the body. It is especially beneficial for individuals with vata or pitta imbalances. Quality Factors to Consider When Buying Pure Cow Ghee A2 desi ghee vs. regular ghee A2 desi ghee, made from the milk of indigenous cow breeds like Gir, Sahiwal, and Red Sindhi, is considered superior in quality due to its higher nutrient content and unique flavor profile. When purchasing ghee, opt for A2 desi ghee from reputable sources for maximum health benefits. Importance of sourcing from trusted suppliers To ensure purity and authenticity, it's crucial to source pure cow ghee from trusted suppliers who adhere to strict quality standards and ethical practices. Look for certifications like FSSAI and organic certifications when buying ghee online or from local markets. Culinary Uses of Pure Cow Ghee High smoke point for cooking One of the key advantages of ghee is its high smoke point, making it ideal for cooking at high temperatures without the risk of burning or producing harmful compounds. Use ghee for sautéing, frying, roasting, and baking to impart a rich flavor to your dishes. Enhancing flavor in various dishes Ghee adds a depth of flavor to both sweet and savory dishes, enhancing the taste and aroma of curries, dals, rice, desserts, and more. Its buttery richness complements a wide range of ingredients and cuisines, making it a versatile cooking fat. Incorporating Pure Cow Ghee into Daily Routine Tips for consuming ghee daily Start your day with a spoonful of ghee mixed into warm water or herbal tea to kickstart your metabolism and promote digestive health. Use ghee as a spread on toast, drizzle it over steamed vegetables, or add it to soups and stews for an extra dose of flavor and nutrition. Recipes incorporating ghee Experiment with traditional Indian recipes like ghee rice, ghee-laden parathas, and ghee-infused sweets to experience the full spectrum of ghee's culinary delights. Get creative in the kitchen and explore new ways to incorporate ghee into your favorite dishes. Conclusion In conclusion, pure cow ghee is not just a culinary indulgence but a powerhouse of nutrition and wellness. From supporting digestion and immunity to promoting brain health and weight management, the benefits of ghee are truly priceless. Incorporate this golden elixir into your daily routine and experience the transformative effects it can have on your health and well-being. FAQs (Frequently Asked Questions) Is pure cow ghee suitable for vegans? While ghee is derived from dairy, it is considered lactose-free and may be suitable for some lactose-intolerant individuals. However, it is not suitable for vegans or those following a strictly plant-based diet. Can I use ghee for frying and deep-frying? Yes, ghee has a high smoke point and is ideal for frying and deep-frying at high temperatures. Its stable chemical structure makes it less prone to oxidation and the formation of harmful compounds. Does ghee have a long shelf life? Due to its low moisture content and high fat content, ghee has a long shelf life and can be stored at room temperature for several months without spoiling. It is best kept in an airtight container away from heat and sunlight. Is there a difference between ghee and clarified butter? Ghee is a type of clarified butter that is simmered longer to develop a richer flavor and aroma. While both are made from butter and have similar properties, ghee has a slightly nuttier taste and is often used in Indian cuisine and Ayurvedic medicine. Can ghee be used as a substitute for butter in baking? Yes, ghee can be used as a substitute for butter in baking recipes. Its rich flavor and creamy texture add depth to baked goods, resulting in moist and flavorful treats.",
    "highlightText": "",
    "highlightTitle": "",
    "highlightThreadTitle": "",
    "language": "english",
    "sentiment": "positive",
    "categories": [
        "Health",
        "Lifestyle and Leisure"
    ],
    "external_links": [
        "https://twobrothersindiashop.com/collections/ghee",
        "https://www.twobrothersindiashop.com/collections/ghee"
    ],
    "external_images": [],
    "entities": {
        "persons": [],
        "organizations": [],
        "locations": []
    },
    "rating": null,
    "crawled": "2024-04-05T00:53:01.729+03:00",
    "updated": "2024-04-05T00:53:01.729+03:00"
}