{
    "thread": {
        "uuid": "19bdddb0299979cb4a6a764f628fd395010fc5f7",
        "url": "https://www.ghanaweb.com/GhanaHomePage/entertainment/Handling-menstrual-mood-swings-1924518",
        "site_full": "www.ghanaweb.com",
        "site": "ghanaweb.com",
        "site_section": "http://microfinance.einnews.com/live_feed",
        "site_categories": [
            "media",
            "top_news"
        ],
        "section_title": "Live Feed Wire - Microfinance News Today - EIN Presswire",
        "title": "Handling menstrual mood swings",
        "title_full": "Handling menstrual mood swings",
        "published": "2024-04-04T03:00:00.000+03:00",
        "replies_count": 0,
        "participants_count": 0,
        "site_type": "news",
        "country": "GH",
        "main_image": "https://cdn.ghanaweb.com/imagelib/pics/728/72817173.jpg",
        "performance_score": 0,
        "domain_rank": 8646,
        "domain_rank_updated": "2024-04-02T13:08:08.000+03:00",
        "reach": null,
        "social": {
            "facebook": {
                "likes": 0,
                "comments": 0,
                "shares": 0
            },
            "gplus": {
                "shares": 0
            },
            "pinterest": {
                "shares": 0
            },
            "linkedin": {
                "shares": 0
            },
            "stumbledupon": {
                "shares": 0
            },
            "vk": {
                "shares": 0
            }
        }
    },
    "uuid": "19bdddb0299979cb4a6a764f628fd395010fc5f7",
    "url": "https://www.ghanaweb.com/GhanaHomePage/entertainment/Handling-menstrual-mood-swings-1924518",
    "ord_in_thread": 0,
    "parent_url": null,
    "author": null,
    "published": "2024-04-04T03:00:00.000+03:00",
    "title": "Handling menstrual mood swings",
    "text": "LifeStyle of Thursday, 4 April 2024 Source: Rebecca Osam Menstruation is a natural and inevitable part of life for many people with menstrual cycles. Alongside physical symptoms like cramps and fatigue, menstrual cycles can also bring about mood swings that can range from mild irritability to more pronounced emotional changes. Understanding and managing these mood swings can make the menstrual cycle more bearable and less disruptive to daily life. In this article, we'll explore the causes of menstrual mood swings and offer some strategies for handling them effectively. What causes menstrual mood swings? Menstrual mood swings are primarily caused by fluctuations in hormone levels throughout the menstrual cycle. The two main hormones involved are estrogen and progesterone, which play crucial roles in regulating a person's mood, energy levels, and emotions. 1. Estrogen: This hormone tends to increase in the first half of the menstrual cycle, leading up to ovulation. Higher estrogen levels can boost mood and energy but may also contribute to anxiety or irritability in some individuals. 2. Progesterone: After ovulation, progesterone levels rise, peaking in the second half of the menstrual cycle. Increased progesterone can lead to feelings of fatigue, moodiness, and even depression for some people. Additionally, other factors can exacerbate menstrual mood swings, such as stress, lack of sleep, poor nutrition, and underlying mental health conditions like depression or anxiety. Strategies for managing menstrual mood swings While it may not be possible to completely eliminate menstrual mood swings, there are several strategies that can help manage and reduce their impact: Maintain a balanced diet Eating a balanced diet rich in fruits, vegetables, whole grains, and lean proteins can help stabilise blood sugar levels and minimise mood fluctuations. Avoiding excessive caffeine, sugar, and alcohol can also help reduce irritability and mood swings. Regular exercise Regular physical activity has been shown to improve mood and reduce symptoms of PMS (premenstrual syndrome), including mood swings. Aim for at least 30 minutes of moderate exercise most days of the week, such as walking, cycling, or yoga. Stress management techniques Chronic stress can exacerbate menstrual mood swings, so it's important to find healthy ways to manage stress. Techniques such as deep breathing, meditation, yoga, and progressive muscle relaxation can help reduce stress levels and improve mood. Adequate sleep Getting enough quality sleep is crucial for maintaining emotional balance and overall well-being. Aim for 7-9 hours of sleep per night and establish a regular sleep routine to help regulate your body's internal clock. When to seek professional help If menstrual mood swings are significantly impacting your quality of life or if you're experiencing severe symptoms like depression, anxiety, or mood swings that persist beyond your menstrual cycle, it's important to seek professional help. A healthcare provider can help rule out underlying medical conditions and recommend appropriate treatment options, which may include medication, therapy, or other interventions. Menstrual mood swings are a common and often frustrating aspect of the menstrual cycle for many individuals. By understanding the underlying causes and implementing effective strategies for managing and reducing their impact, it's possible to navigate through the menstrual cycle with greater ease and emotional balance. Remember, it's essential to listen to your body, prioritise self-care, and seek professional help when needed to ensure overall well-being and mental health.",
    "highlightText": "",
    "highlightTitle": "",
    "highlightThreadTitle": "",
    "language": "english",
    "sentiment": "positive",
    "categories": [
        "Lifestyle and Leisure",
        "Health"
    ],
    "external_links": [],
    "external_images": [],
    "entities": {
        "persons": [
            {
                "name": "rebecca osam menstruation",
                "sentiment": "negative"
            }
        ],
        "organizations": [],
        "locations": []
    },
    "rating": null,
    "crawled": "2024-04-05T00:06:56.200+03:00",
    "updated": "2024-04-05T00:06:56.200+03:00"
}