{
    "thread": {
        "uuid": "3686207f2ba77e4cfbd217065bee7a077ed8ae4f",
        "url": "https://www.tapinto.net/towns/mount-laurel/sections/health-and-wellness/articles/county-expands-weekly-covid-vaccine-clinic-to-include-all-ages-starting-friday",
        "site_full": "www.tapinto.net",
        "site": "tapinto.net",
        "site_section": "https://www.tapinto.net/articles.atom",
        "site_categories": [
            "media"
        ],
        "section_title": "Articles - TAPinto",
        "title": "County Expands Weekly COVID Vaccine Clinic to Include All Ages Starting Friday",
        "title_full": "County Expands Weekly COVID Vaccine Clinic to Include All Ages Starting Friday",
        "published": "2024-04-04T21:01:00.000+03:00",
        "replies_count": 0,
        "participants_count": 1,
        "site_type": "news",
        "country": "US",
        "main_image": "http://tapinto-production.s3.amazonaws.com/uploads/articles/be/facebook_124ef34680c601329e6d_best_crop_c8ee0d60289a494df77b_image002.jpg",
        "performance_score": 0,
        "domain_rank": 11676,
        "domain_rank_updated": "2024-04-02T13:08:08.000+03:00",
        "reach": null,
        "social": {
            "facebook": {
                "likes": 0,
                "comments": 0,
                "shares": 0
            },
            "gplus": {
                "shares": 0
            },
            "pinterest": {
                "shares": 0
            },
            "linkedin": {
                "shares": 0
            },
            "stumbledupon": {
                "shares": 0
            },
            "vk": {
                "shares": 0
            }
        }
    },
    "uuid": "3686207f2ba77e4cfbd217065bee7a077ed8ae4f",
    "url": "https://www.tapinto.net/towns/mount-laurel/sections/health-and-wellness/articles/county-expands-weekly-covid-vaccine-clinic-to-include-all-ages-starting-friday",
    "ord_in_thread": 0,
    "parent_url": null,
    "author": "TAPinto Mount Laurel Staff",
    "published": "2024-04-04T21:01:00.000+03:00",
    "title": "County Expands Weekly COVID Vaccine Clinic to Include All Ages Starting Friday",
    "text": "By TAPINTO MOUNT LAUREL STAFFApril 3, 2024\nMOUNT HOLLY, NJ — Nominations for the 2024 Outstanding Women of Burlington County Awards ...\nWed, April 17\n06:00 PM — 08:30 PM\nMount Laurel Library, Mount Laurel\nBy TAPINTO MOUNT LAUREL STAFFApril 3, 2024\nMOUNT HOLLY, NJ — Nominations for the 2024 Outstanding Women of Burlington County Awards ...\nBURLINGTON TWP. NJ — The New Jersey State Police (NJSP) is asking for the public's ...\nBy ELIZABETH A MEYERSApril 1, 2024\nBURLINGTON COUNTY, NJ -- The New Jersey Department of Transportation (NJDOT) announced on ...\nBy JOSH LASHLEYApril 3, 2024\nMEDFORD, NJ — Competing in a top flight conference in one of the very best states for the ...\nNEW BRUNSWICK, NJ – Baseball trailblazer Carolyn “Carrie” Kilbourn was a side-winding ...\nBy KRISTIN ANTONELLOApril 1, 2024\nBURLINGTON COUNTY, NJ — If you live in Burlington County, you may be used to noise coming ...\nWILLINGBORO, NJ — An upcoming event organized by Senator Troy Singleton will address the ...\nBy TAPINTO MOUNT LAUREL STAFFApril 2, 2024\nWESTAMPTON, NJ – Burlington County animal lovers and baseball fans can celebrate the ...\nRIVERSIDE, NJ – With local officials and dignitaries on hand, including State Senator ...\nShamong, New Jersey – In preparation for submission to the New Jersey Department of ...",
    "highlightText": "",
    "highlightTitle": "",
    "highlightThreadTitle": "",
    "language": "english",
    "sentiment": "positive",
    "categories": [
        "Health",
        "Disaster and Accident",
        "Human Interest"
    ],
    "external_links": [],
    "external_images": [],
    "entities": {
        "persons": [
            {
                "name": "kristin",
                "sentiment": "none"
            },
            {
                "name": "carolyn “carrie” kilbourn",
                "sentiment": "none"
            },
            {
                "name": "josh lashleyapril",
                "sentiment": "none"
            },
            {
                "name": "troy singleton",
                "sentiment": "none"
            }
        ],
        "organizations": [
            {
                "name": "tapinto mount laurel",
                "sentiment": "negative"
            },
            {
                "name": "mount laurel by tapinto mount laurel",
                "sentiment": "none"
            },
            {
                "name": "new jersey state police",
                "sentiment": "none"
            },
            {
                "name": "new jersey department of transportation",
                "sentiment": "none"
            }
        ],
        "locations": [
            {
                "name": "burlington",
                "sentiment": "none"
            },
            {
                "name": "willingboro",
                "sentiment": "none"
            },
            {
                "name": "mount laurel library",
                "sentiment": "none"
            },
            {
                "name": "medford",
                "sentiment": "none"
            },
            {
                "name": "burlington county",
                "sentiment": "none"
            },
            {
                "name": "new brunswick",
                "sentiment": "none"
            },
            {
                "name": "westampton",
                "sentiment": "none"
            },
            {
                "name": "burlington",
                "sentiment": "none"
            }
        ]
    },
    "rating": null,
    "crawled": "2024-04-05T00:12:16.581+03:00",
    "updated": "2024-04-05T00:12:16.581+03:00"
}