{
    "thread": {
        "uuid": "d1dd67a94fdc0ba66828888423153bc0e69412d8",
        "url": "http://business.theeveningleader.com/theeveningleader/article/getnews-2024-4-4-instacare-home-health-solutions-continues-to-lead-with-premier-companion-care-in-piscataway-nj",
        "site_full": "business.theeveningleader.com",
        "site": "theeveningleader.com",
        "site_section": "http://business.theeveningleader.com/theeveningleader/markets/news",
        "site_categories": [
            "financial_news",
            "finance"
        ],
        "section_title": "Stock Market News | NSDQ, NYSE, and AMEX Stock Market News, Market News Categories, Market Indicators | User | theeveningleader.com ",
        "title": "Instacare Home Health Solutions Continues to Lead with Premier Companion Care in Piscataway, NJ | User | theeveningleader.com",
        "title_full": "Instacare Home Health Solutions Continues to Lead with Premier Companion Care in Piscataway, NJ | User | theeveningleader.com",
        "published": "2024-04-04T03:00:00.000+03:00",
        "replies_count": 0,
        "participants_count": 1,
        "site_type": "news",
        "country": "US",
        "main_image": "",
        "performance_score": 0,
        "domain_rank": 95105,
        "domain_rank_updated": "2024-04-02T13:08:16.000+03:00",
        "reach": null,
        "social": {
            "facebook": {
                "likes": 0,
                "comments": 0,
                "shares": 0
            },
            "gplus": {
                "shares": 0
            },
            "pinterest": {
                "shares": 0
            },
            "linkedin": {
                "shares": 0
            },
            "stumbledupon": {
                "shares": 0
            },
            "vk": {
                "shares": 0
            }
        }
    },
    "uuid": "d1dd67a94fdc0ba66828888423153bc0e69412d8",
    "url": "http://business.theeveningleader.com/theeveningleader/article/getnews-2024-4-4-instacare-home-health-solutions-continues-to-lead-with-premier-companion-care-in-piscataway-nj",
    "ord_in_thread": 0,
    "parent_url": null,
    "author": "Get News",
    "published": "2024-04-04T03:00:00.000+03:00",
    "title": "Instacare Home Health Solutions Continues to Lead with Premier Companion Care in Piscataway, NJ | User | theeveningleader.com",
    "text": "Instacare Home Health Solutions in Piscataway, NJ, pledges top-notch companion care, enhancing life quality with personalized services. Recognized for excellence, they offer emotional support and daily living assistance, ensuring independence and happiness. Discover more at https://instacarehome.com Piscataway, NJ - Instacare Home Health Solutions, a key player in the home care sector, today reinforces its pledge to deliver outstanding companion care services to the residents of Piscataway, NJ. Recognized for its excellence and as one of the best home care agencies in Piscataway, NJ, Instacare is unwavering in its commitment to enhancing the quality of life for those it serves, ensuring access to superior home care solutions that meet and exceed client expectations.\n\"Dedication to our client's well-being is at the heart of everything we do at Instacare Home Health Solutions. We understand the importance of companionship and its significant impact on our client's health and happiness. Our tailored companion care services are designed to meet the unique needs of each individual, fostering a sense of belonging and support,\" stated Dani Sabo, owner of Instacare Home Health Solutions.\nInstacare's dedication to offering high-quality companion care in Piscataway, NJ, addresses the growing demand for reliable, empathetic home care services. The agency's comprehensive range of services, including social interaction, daily living assistance, and emotional support, underscores its mission to provide care that not only meets but surpasses the needs of its clients.\nThe steadfast commitment of Instacare Home Health Solutions to maintaining its status as one of the best home care agencies in Piscataway, NJ, is evident in its continued efforts to innovate and improve its services. By prioritizing the needs of its clients and employing a team of highly skilled and compassionate caregivers, Instacare ensures that the community of Piscataway, NJ, has access to exceptional care that enriches lives and fosters independence.\nFor more information about Instacare Home Health Solutions and their companion care in Piscataway, NJ , please visit their website at https://instacarehome.com\nAbout Instacare Home Health Solutions:\nInstacare Home Health Solutions is a leading companion care provider and comprehensive home care in Piscataway, NJ. Known for its commitment to quality, compassion, and excellence, Instacare has established itself as one of Piscataway, NJ's best home care agencies. With a focus on personalized care plans and the well-being of its clients, Instacare Home Health Solutions continues to impact the community it serves significantly.\nMedia Contact\nCompany Name: Instacare Home Health Solutions\nContact Person: Dani Sabo\nEmail: Send Email\nPhone: +1 732 719 8675\nAddress: 347 Plainfield Ave\nCity: Edison\nState: NJ\nCountry: United States\nWebsite: http://Instacarehome.com\nData & News supplied by www.cloudquote.io\nStock quotes supplied by Barchart\nQuotes delayed at least 20 minutes.\nBy accessing this page, you agree to the following\nPrivacy Policy and Terms and Conditions .",
    "highlightText": "",
    "highlightTitle": "",
    "highlightThreadTitle": "",
    "language": "english",
    "sentiment": "positive",
    "categories": [
        "Health"
    ],
    "external_links": [
        "http://Instacarehome.com",
        "https://www.getnews.info/press_stat.php?pr=instacare-home-health-solutions-continues-to-lead-with-premier-companion-care-in-piscataway-nj",
        "https://instacarehome.com/services/",
        "http://www.universalpressrelease.com/?pr=instacare-home-health-solutions-continues-to-lead-with-premier-companion-care-in-piscataway-nj",
        "https://instacarehome.com",
        "https://www.googletagmanager.com/gtag/js?id=UA-8590502-3",
        "https://tracking.newsrpm.com/pixel?slug=getnews-2024-4-4-instacare-home-health-solutions-continues-to-lead-with-premier-companion-care-in-piscataway-nj",
        "https://www.cloudquote.io",
        "https://www.cloudquote.io/article/5",
        "https://www.cloudquote.io/article/6",
        "https://www.googletagmanager.com/gtag/js",
        "https://instacarehome.com/services",
        "https://www.instacarehome.com",
        "https://cloudquote.io/article/6",
        "https://tracking.newsrpm.com/pixel",
        "https://cloudquote.io",
        "https://googletagmanager.com/gtag/js?id=UA-8590502-3",
        "https://www.getnews.info/press_stat.php",
        "http://www.universalpressrelease.com/",
        "https://www.instacarehome.com/services/",
        "https://cloudquote.io/article/5",
        "http://universalpressrelease.com/?pr=instacare-home-health-solutions-continues-to-lead-with-premier-companion-care-in-piscataway-nj",
        "https://www.tracking.newsrpm.com/pixel?slug=getnews-2024-4-4-instacare-home-health-solutions-continues-to-lead-with-premier-companion-care-in-piscataway-nj",
        "https://getnews.info/press_stat.php?pr=instacare-home-health-solutions-continues-to-lead-with-premier-companion-care-in-piscataway-nj",
        "http://www.Instacarehome.com"
    ],
    "external_images": [],
    "entities": {
        "persons": [],
        "organizations": [
            {
                "name": "premier companion care",
                "sentiment": "negative"
            },
            {
                "name": "instacare home health solutions continues",
                "sentiment": "negative"
            },
            {
                "name": "instacare home health solutions",
                "sentiment": "negative"
            },
            {
                "name": "nj - instacare home health solutions",
                "sentiment": "none"
            }
        ],
        "locations": [
            {
                "name": "piscataway",
                "sentiment": "none"
            }
        ]
    },
    "rating": null,
    "crawled": "2024-04-05T01:14:10.264+03:00",
    "updated": "2024-04-05T01:14:10.264+03:00"
}