{
    "thread": {
        "uuid": "937dfd7d3c104e15b543b0e20f6e41cb747db9bb",
        "url": "https://www.geisinger.org/about-geisinger/news-and-media/news-releases/2024/04/04/19/32/life-geisinger-hosting-open-houses-across-northeastern-and-central-pennsylvania-t",
        "site_full": "www.geisinger.org",
        "site": "geisinger.org",
        "site_section": "https://www.geisinger.org/about-geisinger/news-and-media/news-releases",
        "site_categories": [
            "health"
        ],
        "section_title": "News Releases | News and Media | Geisinger",
        "title": "LIFE Geisinger Open Houses | Geisinger | News Release",
        "title_full": "LIFE Geisinger Open Houses | Geisinger | News Release",
        "published": "2024-04-04T03:00:00.000+03:00",
        "replies_count": 0,
        "participants_count": 0,
        "site_type": "news",
        "country": "US",
        "main_image": "https://www.geisinger.org/-/media/OneGeisinger/Images/ghs/about-geisinger/news-and-media/logos/news-release.jpg?sc_lang=en&amp;hash=B35A37E19BF6E8A1BE55FF9C82E41478",
        "performance_score": 0,
        "domain_rank": 28012,
        "domain_rank_updated": "2024-04-02T13:08:08.000+03:00",
        "reach": null,
        "social": {
            "facebook": {
                "likes": 0,
                "comments": 0,
                "shares": 0
            },
            "gplus": {
                "shares": 0
            },
            "pinterest": {
                "shares": 0
            },
            "linkedin": {
                "shares": 0
            },
            "stumbledupon": {
                "shares": 0
            },
            "vk": {
                "shares": 0
            }
        }
    },
    "uuid": "937dfd7d3c104e15b543b0e20f6e41cb747db9bb",
    "url": "https://www.geisinger.org/about-geisinger/news-and-media/news-releases/2024/04/04/19/32/life-geisinger-hosting-open-houses-across-northeastern-and-central-pennsylvania-t",
    "ord_in_thread": 0,
    "parent_url": null,
    "author": null,
    "published": "2024-04-04T03:00:00.000+03:00",
    "title": "LIFE Geisinger Open Houses | Geisinger | News Release",
    "text": "Danville, Pa. – LIFE Geisinger locations are hosting open houses for employees and the community this spring. The open houses will feature tours of the facility, giveaways, refreshments and informal ways to learn about the LIFE Geisinger program.\n“We’re looking forward to opening our doors to our community members,” said Teena Kubasti, director of LIFE Geisinger. “Here at LIFE, we build stronger seniors — and these events let us showcase how our participants benefit. Guests will be able to meet our compassionate, experienced team members who coordinate care for those we serve, offering caregivers relief and support.”\nJoin us at a LIFE Geisinger open house near you:\n- Wednesday, April 10, 4 – 6 p.m. at LIFE Geisinger Schuylkill, 2 Lewis St., Minersville\n- Wednesday, April 17, 4 – 6 p.m. at LIFE Geisinger Lewistown, 106 Derry Heights Blvd., Yeagertown\n- Wednesday, April 24, 4 – 6 p.m. at LIFE Geisinger Wilkes-Barre, 592 S. Main St., Wilkes-Barre\n- Thursday, May 16, 4 – 6 p.m. at LIFE Geisinger Scranton, 2300 Adams Ave., Scranton\nGeisinger Kulpmont will host an open house at a later time.\nA program for adults age 55 and older, LIFE Geisinger is designed to give seniors the support they need to live at home. You or your loved one can keep living independently while using our comprehensive daily living and health services.\nTo RSVP for the event or to ask questions, call 800-395-8759.\n About Geisinger\nGeisinger is among the nation’s leading providers of value-based care, serving 1.2 million people in urban and rural communities across Pennsylvania. Founded in 1915 by philanthropist Abigail Geisinger, the non-profit system generates $10 billion in annual revenues across 134 care sites - including 10 hospital campuses, and Geisinger Health Plan, with 600,000 members in commercial and government plans. The Geisinger College of Health Sciences educates more than 5,000 medical professionals annually and conducts more than 1,400 clinical research studies. With 26,000 employees, including 1,600 employed physicians, Geisinger is among Pennsylvania’s largest employers with an estimated economic impact of $14 billion to the state’s economy. On March 31, 2024, Geisinger became the first member of Risant Health, a new nonprofit charitable organization created to expand and accelerate value-based care across the country. Learn more at geisinger.org or connect with us on Facebook , Instagram , LinkedIn and X .",
    "highlightText": "",
    "highlightTitle": "",
    "highlightThreadTitle": "",
    "language": "english",
    "sentiment": "positive",
    "categories": [
        "Social Issue",
        "Health"
    ],
    "external_links": [
        "http://www.facebook.com/geisingerhealth",
        "https://www.linkedin.com/company/18369?trk=vsrp_companies_res_name&trkInfo=VSRPsearchId%3A2394143851484342459386%2CVSRPtargetId%3A18369%2CVSRPcmpt%3Aprimary",
        "http://www.twitter.com/geisingerhealth",
        "https://www.instagram.com/geisingerhealth/",
        "https://instagram.com/geisingerhealth/",
        "http://facebook.com/geisingerhealth",
        "https://linkedin.com/company/18369?trk=vsrp_companies_res_name&trkInfo=VSRPsearchId%3A2394143851484342459386%2CVSRPtargetId%3A18369%2CVSRPcmpt%3Aprimary",
        "https://www.linkedin.com/company/18369",
        "http://twitter.com/geisingerhealth",
        "https://www.instagram.com/geisingerhealth"
    ],
    "external_images": [],
    "entities": {
        "persons": [
            {
                "name": "teena kubasti",
                "sentiment": "none"
            },
            {
                "name": "scranton geisinger kulpmont",
                "sentiment": "none"
            },
            {
                "name": "lewis st.",
                "sentiment": "none"
            },
            {
                "name": "geisinger wilkes",
                "sentiment": "none"
            },
            {
                "name": "”",
                "sentiment": "none"
            },
            {
                "name": "geisinger",
                "sentiment": "none"
            }
        ],
        "organizations": [],
        "locations": [
            {
                "name": "danville",
                "sentiment": "none"
            },
            {
                "name": "pa.",
                "sentiment": "none"
            },
            {
                "name": "adams ave.",
                "sentiment": "none"
            },
            {
                "name": "geisinger lewistown",
                "sentiment": "none"
            },
            {
                "name": "minersville",
                "sentiment": "none"
            },
            {
                "name": "wilkes-barre",
                "sentiment": "none"
            },
            {
                "name": "geisinger scranton",
                "sentiment": "none"
            },
            {
                "name": "derry heights blvd.",
                "sentiment": "none"
            }
        ]
    },
    "rating": null,
    "crawled": "2024-04-05T00:12:22.641+03:00",
    "updated": "2024-04-21T00:10:41.928+03:00"
}