{
    "thread": {
        "uuid": "9300896e21d222c5480274557808db9741759312",
        "url": "https://odia.ig.com.br/brasil/2024/04/6822058-lula-brasil-pode-ter-industria-da-saude-para-competir-com-qualquer-outro-pais-do-mundo.html",
        "site_full": "odia.ig.com.br",
        "site": "ig.com.br",
        "site_section": "https://odia.ig.com.br/_conteudo/ultimas-noticias/rss.xml",
        "site_categories": [
            "media",
            "top_news"
        ],
        "section_title": "O Dia",
        "title": "Lula: Brasil pode ter indústria da saúde para competir com qualquer outro país do mundo",
        "title_full": "Lula: Brasil pode ter indústria da saúde para competir com qualquer outro país do mundo",
        "published": "2024-04-05T00:45:00.000+03:00",
        "replies_count": 0,
        "participants_count": 1,
        "site_type": "news",
        "country": "BR",
        "main_image": "https://odia.ig.com.br/_midias/jpg/2024/03/19/1200x750/1_0d5a0347_5-32324263.jpg",
        "performance_score": 0,
        "domain_rank": 4234,
        "domain_rank_updated": "2024-04-02T13:08:08.000+03:00",
        "reach": null,
        "social": {
            "facebook": {
                "likes": 0,
                "comments": 0,
                "shares": 0
            },
            "gplus": {
                "shares": 0
            },
            "pinterest": {
                "shares": 0
            },
            "linkedin": {
                "shares": 0
            },
            "stumbledupon": {
                "shares": 0
            },
            "vk": {
                "shares": 0
            }
        }
    },
    "uuid": "9300896e21d222c5480274557808db9741759312",
    "url": "https://odia.ig.com.br/brasil/2024/04/6822058-lula-brasil-pode-ter-industria-da-saude-para-competir-com-qualquer-outro-pais-do-mundo.html",
    "ord_in_thread": 0,
    "parent_url": null,
    "author": "redacao@odia.com.br (Estadão Conteúdo)",
    "published": "2024-04-05T00:45:00.000+03:00",
    "title": "Lula: Brasil pode ter indústria da saúde para competir com qualquer outro país do mundo",
    "text": "Presidente Luiz Inácio Lula da SilvaAgência Brasil\nOs comentários não representam a opinião do jornal e são de responsabilidade do autor.\nAgora você pode ler esta notícia off-line\nPresidente Luiz Inácio Lula da SilvaAgência Brasil\nOs comentários não representam a opinião do jornal e são de responsabilidade do autor.\nLula: Brasil pode ter indústria da saúde para competir com qualquer outro país do mundo\nEle deu a declaração em Goiana (PE), em inauguração de fábrica da Hemobrás.\nEstudo identifica fraudes em anúncios com imagens de ministros do STF\nConteúdos foram veiculados em redes sociais da empresa Meta\nAGU defende correção do FGTS que garanta valor da inflação\nAção é analisada pelo Supremo Tribunal Federal\nCFM proíbe procedimento pré-aborto; entidades criticam\nTexto se aplica a gestações acima de 22 semanas decorrentes de estupro\nSão Paulo tem novo espaço para acolhimento de imigrantes\nAfegãos não estão mais acampados no aeroporto de Guarulhos\nMoraes nega progressão de regime para Daniel Silveira e multa seu advogado\nAlém de negar a mudança do regime fechado para o semiaberto, Moraes multou o advogado de Silveira por pedidos repetidos à Corte",
    "highlightText": "",
    "highlightTitle": "",
    "highlightThreadTitle": "",
    "language": "portuguese",
    "sentiment": "positive",
    "categories": [
        "Health",
        "Politics",
        "Economy, Business and Finance"
    ],
    "external_links": [],
    "external_images": [],
    "entities": {
        "persons": [],
        "organizations": [],
        "locations": []
    },
    "rating": null,
    "crawled": "2024-04-05T01:13:34.158+03:00",
    "updated": "2024-04-05T01:13:34.158+03:00"
}