{
    "thread": {
        "uuid": "4b15900d082b2eb59e20f481d66d3b5dfb1036bc",
        "url": "https://www.wtvm.com/2024/04/04/retired-marine-cancer-survivor-celebrates-remission-with-10-hour-swim",
        "site_full": "www.wtvm.com",
        "site": "wtvm.com",
        "site_section": "https://www.foxie105fm.com/feed",
        "site_categories": [
            "media"
        ],
        "section_title": "WFXE-Foxie 105",
        "title": "Retired Marine and cancer survivor celebrates remission with 10-hour swim",
        "title_full": "Retired Marine and cancer survivor celebrates remission with 10-hour swim",
        "published": "2024-04-04T23:48:00.000+03:00",
        "replies_count": 0,
        "participants_count": 1,
        "site_type": "news",
        "country": "US",
        "main_image": "https://gray-wtvm-prod.cdn.arcpublishing.com/resizer/v2/ZFU2KSFAZVEUZGTFV7RFND3ZAU.JPG?auth=d405627ab72af9a3e517c66f062741253921feed79293e35612c437c3d429cfa&amp;width=1200&amp;height=600&amp;smart=true",
        "performance_score": 0,
        "domain_rank": 27763,
        "domain_rank_updated": "2024-04-02T13:08:08.000+03:00",
        "reach": null,
        "social": {
            "facebook": {
                "likes": 0,
                "comments": 0,
                "shares": 0
            },
            "gplus": {
                "shares": 0
            },
            "pinterest": {
                "shares": 0
            },
            "linkedin": {
                "shares": 0
            },
            "stumbledupon": {
                "shares": 0
            },
            "vk": {
                "shares": 0
            }
        }
    },
    "uuid": "4b15900d082b2eb59e20f481d66d3b5dfb1036bc",
    "url": "https://www.wtvm.com/2024/04/04/retired-marine-cancer-survivor-celebrates-remission-with-10-hour-swim",
    "ord_in_thread": 0,
    "parent_url": null,
    "author": "OneAdmin",
    "published": "2024-04-04T23:48:00.000+03:00",
    "title": "Retired Marine and cancer survivor celebrates remission with 10-hour swim",
    "text": "COLORADO SPRINGS, Colo. ( KKTV /Gray News) - A retired Marine and cancer survivor in Colorado celebrates the anniversary of his remission with a feat he picked up during his service.\nMichael LaBarge said he was diagnosed with glioblastoma multiforme, grade IV brain cancer, 21 years ago on April 2.\nLaBarge said he has been in remission for a while and that he swims for 10 hours on the anniversary to celebrate it.\n“The prognosis was two weeks to 10 months … 21 years ago,” he told KKTV . “I did this a lot in the Marines. [Today,] I started at 6 a.m., stopping at 4 p.m.”\nHe completed his swim this year at the U.S. Air Force Academy’s Community Pool in Colorado Springs.\nChris Gesterling, the USAFA Pool Aquatics Manager, said he often sees LaBarge at the pool, and his story of surviving cancer is inspiring.\n“Former Marine ... you know, he beat brain cancer so everything is possible for him,” Gesterling said.\nAs LaBarge swam, he also shared his message for those fighting similar battles to the one he faced.\n“Hopefully, this will inspire people with cancer to get out, stay active and, you know, don’t get too down on themselves,” he said.\nCopyright 2024 KKTV via Gray Media Group, Inc. All rights reserved.",
    "highlightText": "",
    "highlightTitle": "",
    "highlightThreadTitle": "",
    "language": "english",
    "sentiment": "positive",
    "categories": [
        "Human Interest",
        "Health"
    ],
    "external_links": [
        "https://www.kktv.com/2024/04/03/retired-marine-cancer-survivor-colorado-springs-completes-10-hour-swim-celebrate-remission/",
        "https://www.kktv.com/2024/04/03/retired-marine-cancer-survivor-colorado-springs-completes-10-hour-swim-celebrate-remission",
        "https://kktv.com/2024/04/03/retired-marine-cancer-survivor-colorado-springs-completes-10-hour-swim-celebrate-remission/"
    ],
    "external_images": [],
    "entities": {
        "persons": [
            {
                "name": "michael labarge",
                "sentiment": "none"
            },
            {
                "name": "gesterling",
                "sentiment": "none"
            },
            {
                "name": "chris gesterling",
                "sentiment": "none"
            }
        ],
        "organizations": [
            {
                "name": "retired marine",
                "sentiment": "negative"
            },
            {
                "name": "kktv",
                "sentiment": "none"
            },
            {
                "name": "labarge",
                "sentiment": "none"
            },
            {
                "name": "kktv/gray news",
                "sentiment": "none"
            },
            {
                "name": "u.s. air force academy",
                "sentiment": "none"
            }
        ],
        "locations": [
            {
                "name": "colorado springs",
                "sentiment": "none"
            },
            {
                "name": "colo.",
                "sentiment": "none"
            },
            {
                "name": "colorado",
                "sentiment": "none"
            },
            {
                "name": "colorado springs",
                "sentiment": "none"
            }
        ]
    },
    "rating": null,
    "crawled": "2024-04-05T00:15:37.754+03:00",
    "updated": "2024-04-05T00:39:59.807+03:00"
}