{
    "thread": {
        "uuid": "e5f9c9f1a6a918c35bca4034ef655f8634e07917",
        "url": "https://www.elimparcial.com/estilos/2024/04/04/descubre-cuales-son-las-verduras-que-pueden-mejorar-tu-salud-cerebral",
        "site_full": "www.elimparcial.com",
        "site": "elimparcial.com",
        "site_section": "https://www.elimparcial.com/rss/feed.xml",
        "site_categories": [
            "media",
            "top_news"
        ],
        "section_title": "",
        "title": "Descubre cuáles son las verduras que pueden mejorar tu salud cerebral",
        "title_full": "Descubre cuáles son las verduras que pueden mejorar tu salud cerebral",
        "published": "2024-04-05T00:02:00.000+03:00",
        "replies_count": 0,
        "participants_count": 1,
        "site_type": "news",
        "country": "MX",
        "main_image": "",
        "performance_score": 0,
        "domain_rank": 33111,
        "domain_rank_updated": "2024-04-02T13:08:08.000+03:00",
        "reach": null,
        "social": {
            "facebook": {
                "likes": 0,
                "comments": 0,
                "shares": 0
            },
            "gplus": {
                "shares": 0
            },
            "pinterest": {
                "shares": 0
            },
            "linkedin": {
                "shares": 0
            },
            "stumbledupon": {
                "shares": 0
            },
            "vk": {
                "shares": 0
            }
        }
    },
    "uuid": "e5f9c9f1a6a918c35bca4034ef655f8634e07917",
    "url": "https://www.elimparcial.com/estilos/2024/04/04/descubre-cuales-son-las-verduras-que-pueden-mejorar-tu-salud-cerebral",
    "ord_in_thread": 0,
    "parent_url": null,
    "author": "El Universal, Angelica Moreno Danitza",
    "published": "2024-04-05T00:02:00.000+03:00",
    "title": "Descubre cuáles son las verduras que pueden mejorar tu salud cerebral",
    "text": "Descubre cuáles son las verduras que pueden mejorar tu salud cerebral\nSegún expertas, estos alimentos no solo mejoran la función cerebral, sino que también pueden combatir la depresión y prevenir enfermedades cognitivas\nCIUDAD DE MÉXICO.- Un estudio liderado por la Dra. Uma Naidoo, directora de Psiquiatría Nutricional en Harvard, y la destacada neurocientífica Lisa Genova, ha arrojado luz sobre un elemento fundamental para la salud cerebral: las verduras de hojas verdes.\nSegún estas expertas, estos alimentos no solo mejoran la función cerebral, sino que también pueden combatir la depresión y prevenir enfermedades cognitivas como el Alzheimer y la demencia.\nLas verduras como la espinaca, los berros, las acelgas y otras, contienen nutrientes esenciales que potencian la memoria y la concentración. Pero su beneficio va más allá, ya que también ofrecen una defensa contra enfermedades mentales.\nTe puede interesar:\nTomarse un descanso extra los fines de semana alivia el estrés\nVerduras que tienen potenciadores en el cerebro\nEntre las verduras recomendadas se incluyen la lechuga romana, la col rizada, las hojas de diente de león, entre otras.\nLos tres principales potenciadores presentes en estas verduras son la luteína, reconocida por sus propiedades antioxidantes y su posible papel en la prevención de la depresión; el folato, esencial para el mantenimiento de los neurotransmisores y la salud psicológica; y el betacaroteno, que puede impactar positivamente en la memoria verbal y cognitiva, según indica la Dra. Lisa Genova.",
    "highlightText": "",
    "highlightTitle": "",
    "highlightThreadTitle": "",
    "language": "spanish",
    "sentiment": "positive",
    "categories": [
        "Science and Technology",
        "Health",
        "Human Interest"
    ],
    "external_links": [],
    "external_images": [],
    "entities": {
        "persons": [],
        "organizations": [],
        "locations": []
    },
    "rating": null,
    "crawled": "2024-04-05T00:05:32.104+03:00",
    "updated": "2024-04-05T00:05:32.104+03:00"
}