{
    "thread": {
        "uuid": "72082abb8fc840b0f21f73340d7c37dc9332a48f",
        "url": "https://www.kirtland.af.mil/News/Article-Display/Article/3730884/steps-towards-a-healthier-you-embracing-a-journey-of-wellness",
        "site_full": "www.kirtland.af.mil",
        "site": "af.mil",
        "site_section": "http://www.kirtland.af.mil/DesktopModules/ArticleCS/RSS.ashx?ContentType=1&Site=148&max=20",
        "site_categories": [
            "law_government_and_politics",
            "us_government_resources"
        ],
        "section_title": "Kirtland Air Force Base News",
        "title": "Steps Towards a Healthier You: Embracing a Journey of Wellness",
        "title_full": "Steps Towards a Healthier You: Embracing a Journey of Wellness",
        "published": "2024-04-04T23:29:00.000+03:00",
        "replies_count": 0,
        "participants_count": 1,
        "site_type": "news",
        "country": "US",
        "main_image": "https://media.defense.gov/2024/Apr/04/2003429573/2000/2000/0/240404-F-F3508-1001.PNG",
        "performance_score": 0,
        "domain_rank": 1094,
        "domain_rank_updated": "2024-04-02T13:08:08.000+03:00",
        "reach": null,
        "social": {
            "facebook": {
                "likes": 0,
                "comments": 0,
                "shares": 0
            },
            "gplus": {
                "shares": 0
            },
            "pinterest": {
                "shares": 0
            },
            "linkedin": {
                "shares": 0
            },
            "stumbledupon": {
                "shares": 0
            },
            "vk": {
                "shares": 0
            }
        }
    },
    "uuid": "72082abb8fc840b0f21f73340d7c37dc9332a48f",
    "url": "https://www.kirtland.af.mil/News/Article-Display/Article/3730884/steps-towards-a-healthier-you-embracing-a-journey-of-wellness",
    "ord_in_thread": 0,
    "parent_url": null,
    "author": "Leo Alvarez",
    "published": "2024-04-04T23:29:00.000+03:00",
    "title": "Steps Towards a Healthier You: Embracing a Journey of Wellness",
    "text": "Steps Towards a Healthier You: Embracing a Journey of Wellness Published April 4, 2024 By Leo Alvarez CHPS Health Promotion Services LUKE AIR FORCE BASE, Ariz. -- In our quest for better health, it is essential to recognize that achieving wellness is not a destination but a lifelong journey. It is about making conscious choices and taking meaningful steps towards a healthier and happier life. Throughout this journey, we can find support, guidance, and inspiration from various sources, including our community and the resources provided by the Civilian Health Promotion Services (CHPS) Program. One crucial aspect of this journey is understanding the importance of connecting with others. Wellness is not just about individual efforts; it thrives in a supportive and collaborative environment. Engaging with like-minded individuals who share similar goals and aspirations can provide motivation, accountability, and a sense of belonging. By connecting with our community, whether it is through group activities, online forums, or wellness events, we can foster a sense of camaraderie and build a strong support system. Our Civilian Wellness web portal, available through www.USAFwellness.com, offers valuable tools and resources to aid us in our wellness journey. The Health Risk Assessment (HRA), for instance, provides a comprehensive snapshot of our overall health. By understanding our baseline health, we can identify potential risks and take proactive steps to address them. The HRA becomes even more effective when supplemented with additional information, such as recent blood work and vitals, allowing for more accurate results and tailored recommendations. Throughout our wellness journey, addressing various aspects that contribute to our overall well-being is crucial. Weight management plays a significant role in maintaining health, necessitating an understanding of excess weight's impact and tips for goal setting, interpreting body composition, and making informed food choices. Comprehensive nutrition knowledge, including understanding U.S. Dietary Guidelines, portion control, and the role of protein in muscle maintenance, is key. Additionally, recognizing the impact of exercise on health, understanding the FITT (Frequency, Intensity, Time, and Type) Principle, and being aware of hydration can help maintain an active lifestyle. Both nutrition and physical activity are pivotal to well-being. Lastly, we cannot overlook the impact of sleep and stress on our overall well-being. By emphasizing the importance of quality sleep and offering strategies for stress management, we can empower individuals to prioritize self-care and find balance in their lives. Embracing a journey of wellness is a transformative experience that involves making positive choices, connecting with others, and utilizing the resources available to us. By recognizing the importance of community support, exploring key wellness topics, and leveraging the CHPS Program's tools and resources, we can embark on a fulfilling path towards better health and well-being.",
    "highlightText": "",
    "highlightTitle": "",
    "highlightThreadTitle": "",
    "language": "english",
    "sentiment": "positive",
    "categories": [
        "Lifestyle and Leisure",
        "Health"
    ],
    "external_links": [],
    "external_images": [],
    "entities": {
        "persons": [
            {
                "name": "leo alvare",
                "sentiment": "negative"
            }
        ],
        "organizations": [
            {
                "name": "journey of wellness steps towards",
                "sentiment": "negative"
            },
            {
                "name": "chps health promotion services luke air force base",
                "sentiment": "none"
            },
            {
                "name": "civilian health promotion services",
                "sentiment": "none"
            }
        ],
        "locations": [
            {
                "name": "ariz.",
                "sentiment": "none"
            }
        ]
    },
    "rating": null,
    "crawled": "2024-04-05T00:16:27.225+03:00",
    "updated": "2024-04-05T00:16:27.225+03:00"
}