{
    "thread": {
        "uuid": "a56dca6e39ea2af078244f1c674269b2b66a05c7",
        "url": "https://www.mariefrance.fr/minceur/fruit-de-saison-excellent-allie-minceur-parfait-pour-detoxifier-foie-1012342.html",
        "site_full": "www.mariefrance.fr",
        "site": "mariefrance.fr",
        "site_section": "https://belle-positive.mariefrance.fr/feed",
        "site_categories": [
            "fashion",
            "style_and_fashion"
        ],
        "section_title": "\n\t\tMarie France, magazine fémininMarie France, magazine féminin\t\n\t",
        "title": "Ce fruit de saison est un excellent allié minceur, parfait pour détoxifier le foie avant l’arrivée de l’été",
        "title_full": "Ce fruit de saison est un excellent allié minceur, parfait pour détoxifier le foie avant l’arrivée de l’été",
        "published": "2024-04-04T22:30:00.000+03:00",
        "replies_count": 0,
        "participants_count": 1,
        "site_type": "news",
        "country": "FR",
        "main_image": "https://www.mariefrance.fr/wp-content/uploads/sites/5/2024/04/shutterstock_2245811369-min.jpg",
        "performance_score": 0,
        "domain_rank": 59033,
        "domain_rank_updated": "2024-04-02T13:08:13.000+03:00",
        "reach": null,
        "social": {
            "facebook": {
                "likes": 0,
                "comments": 0,
                "shares": 0
            },
            "gplus": {
                "shares": 0
            },
            "pinterest": {
                "shares": 0
            },
            "linkedin": {
                "shares": 0
            },
            "stumbledupon": {
                "shares": 0
            },
            "vk": {
                "shares": 0
            }
        }
    },
    "uuid": "a56dca6e39ea2af078244f1c674269b2b66a05c7",
    "url": "https://www.mariefrance.fr/minceur/fruit-de-saison-excellent-allie-minceur-parfait-pour-detoxifier-foie-1012342.html",
    "ord_in_thread": 0,
    "parent_url": null,
    "author": "Margot Iodice",
    "published": "2024-04-04T22:30:00.000+03:00",
    "title": "Ce fruit de saison est un excellent allié minceur, parfait pour détoxifier le foie avant l’arrivée de l’été",
    "text": "Ce fruit de saison est un excellent allié minceur, parfait pour détoxifier le foie avant l’arrivée de l’étémis à jour le jeudi 4 avril 2024\nCertains aliments, plus que d’autres, peuvent contribuer à notre bien-être. Et ce fruit serait parfait pour détoxifier notre foie et perdre nos kilos superflus avant l’été. Découverte.\nÀ l’approche de l’été, nombreux sont ceux qui aspirent à affiner leur silhouette et à perdre du poids après les excès de l’hiver. Toutefois, malgré les efforts déployés et les régimes restrictifs suivis, il arrive parfois que les résultats escomptés tardent à se manifester. Les restrictions alimentaires drastiques peuvent être difficiles à suivre sur le long terme. Et les frustrations liées à la perte de poids peuvent en décourager plus d’un. C’est pourquoi il est important de chercher des alternatives plus douces et naturelles pour retrouver la forme et la vitalité.\nHeureusement, certains aliments, facilement trouvables dans nos placards, peuvent nous aider à atteindre nos objectifs de bien-être et de santé. En les intégrant à notre alimentation quotidienne, nous pouvons stimuler notre métabolisme, favoriser la digestion, et même détoxifier notre organisme après les excès de la saison hivernale. C’est le cas d’un agrume particulièrement prisé en cuisine : le citron.\nLe citron est idéal pour perdre du poids et détoxifier son foie avant l’été\nEt oui ! Si vous le saviez pas, le\ncitron se révèle être le complice parfait pour celles et ceux désireux de retrouver une silhouette affinée avant l’été. Doté d’une richesse exceptionnelle en vitamine C, en antioxydants et en composés végétaux bienfaisants, cet agrume déploie une palette de vertus insoupçonnées pour notre bien-être. Le citron, par sa consommation régulière, est reconnu pour dynamiser le métabolisme. Ce phénomène favorise la combustion des graisses et participe ainsi à l’allégement de la silhouette.\nMais ce n’est pas tout ! Grâce à ses propriétés détoxifiantes, le citron agit également en profondeur. Ce dernier aide à purifier notre organisme des toxines accumulées. Son effet revitalisant contribue à éliminer les impuretés et à donner un coup de pouce à notre santé. En ajoutant quelques gouttes de son jus dans notre eau, nos smoothies ou nos recettes préférées, le citron peut être savourer de différentes manières. Toujours dans le but de favoriser une démarche de bien-être holistique et naturelle. Même chose pour notre enveloppe corporelle. Ce fruit de saison est un véritable atout pour la santé et\nla beauté de notre peau.\nEn quoi le citron peut-il soulager notre foie ?\nEn ajoutant le citron à notre quotidien, nous offrons un soutien précieux à notre foie. Grâce à sa capacité à stimuler la production de bile, cet agrume avec ses propriétés alcalinisantes et détoxifiantes contribue à l’élimination des toxines indésirables. Ce qui permet à cet organe vital de fonctionner de manière optimale. De plus, la vitamine C présente dans le citron agit comme un puissant antioxydant. Celle-ci permet de neutraliser les radicaux libres qui pourraient endommager les cellules hépatiques.\nNéanmoins, il est important de souligner que l’ajout de citron à notre alimentation doit être associé à un mode de vie sain dans son ensemble pour obtenir des résultats optimaux. Il est également conseillé de consommer ce fruit de manière modérée et de prendre des précautions. En effet, sa forte acidité peut affecter l’émail des dents et les muqueuses digestives s’il est consommé en excès ou sur une longue période.\nComment intégrer le citron dans son alimentation pour détoxifier notre foie ?\nPour nettoyer votre foie en intégrant le citron à votre alimentation, quelques gestes faciles peuvent être suivis. Commencez par boire chaque matin un verre d’eau tiède avec le jus d’un demi-citron frais. Cette première action stimule le foie dès le réveil et favorise la production de bile, élément clé de la\ndétoxification.\nEnsuite, tout au long de la journée, ajoutez quelques gouttes de jus de citron dans une tasse d’eau pour maintenir l’hydratation. Et soutenir les processus de nettoyage du foie. Vous pouvez également agrémenter vos salades, infusions ou smoothies avec des tranches de citron pour une touche de fraîcheur et d’énergie. Vous pouvez également accompagner ce fruit d’autres aliments réputés pour la perte de poids, tels que le concombre ou le gingembre.",
    "highlightText": "",
    "highlightTitle": "",
    "highlightThreadTitle": "",
    "language": "french",
    "sentiment": "positive",
    "categories": [
        "Lifestyle and Leisure",
        "Health"
    ],
    "external_links": [],
    "external_images": [],
    "entities": {
        "persons": [],
        "organizations": [],
        "locations": []
    },
    "rating": null,
    "crawled": "2024-04-05T01:00:46.757+03:00",
    "updated": "2024-04-05T01:00:46.757+03:00"
}