{
    "thread": {
        "uuid": "f3ab0adf77970e318a35c608a70e3d46e159ba6b",
        "url": "https://flipboard.com/article/13-steps-to-a-flatter-stomach-and-a-healthier-life/f-89830aa65b%2Fwomenblazingtrails.com",
        "site_full": "flipboard.com",
        "site": "flipboard.com",
        "site_section": "https://flipboard.com/topic/breakfast",
        "site_categories": [
            "family_and_parenting",
            "eldercare"
        ],
        "section_title": "Breakfast Articles, News, and Stories | Flipboard",
        "title": "13 Steps to a Flatter Stomach and a Healthier Life | Flipboard",
        "title_full": "13 Steps to a Flatter Stomach and a Healthier Life | Flipboard",
        "published": "2024-04-04T03:00:00.000+03:00",
        "replies_count": 0,
        "participants_count": 1,
        "site_type": "news",
        "country": "US",
        "main_image": "https://ic-cdn.flipboard.com/womenblazingtrails.com/76bf37ed8c8ca434577f0a8fd92026b4b8044ed8/_medium.jpeg",
        "performance_score": 0,
        "domain_rank": 1224,
        "domain_rank_updated": "2024-04-02T13:08:08.000+03:00",
        "reach": null,
        "social": {
            "facebook": {
                "likes": 0,
                "comments": 0,
                "shares": 0
            },
            "gplus": {
                "shares": 0
            },
            "pinterest": {
                "shares": 0
            },
            "linkedin": {
                "shares": 0
            },
            "stumbledupon": {
                "shares": 0
            },
            "vk": {
                "shares": 0
            }
        }
    },
    "uuid": "f3ab0adf77970e318a35c608a70e3d46e159ba6b",
    "url": "https://flipboard.com/article/13-steps-to-a-flatter-stomach-and-a-healthier-life/f-89830aa65b%2Fwomenblazingtrails.com",
    "ord_in_thread": 0,
    "parent_url": null,
    "author": "womenblazingtrails.com - Iva Ursano",
    "published": "2024-04-04T03:00:00.000+03:00",
    "title": "13 Steps to a Flatter Stomach and a Healthier Life | Flipboard",
    "text": "13 Steps to a Flatter Stomach and a Healthier Life Is that muffin top driving you bonkers? You’re not alone. Did you know that 42% of Americans are overweight? That’s a staggering number. But don’t … [Daphane Robinson-Winfrey](/@DaphaneRobi5vvg) flipped this story into [Non-food 102021](/@daphanerobi5vvg/non-food-102021-n98gad7bz)•1d Related storyboards Related articles [This Is the Healthiest Time to Eat Breakfast, According to a Nutritionist](/@tvarnedoe2/health-wellness-0fk9vhtqz/this-is-the-healthiest-time-to-eat-breakfast-according-to-a-nutritionist/a-ewhVz5drSq2Ts1quqp0KGg%3Aa%3A77468493-fb8d0cfb2a%2Fglamour.com) It's all about balance. It's touted as \"the most important meal of the day,” but the healthiest time to eat breakfast is still shrouded in mystery. A cursory glance on Google certainly doesn't help; one site reveals a definitive time slot (between 7 a.m. and 8 a.m.), while another pins it down to … [Want to get more deep sleep? A new study says listening to ‘relaxing words’ could help](/@tvarnedoe2/health-wellness-0fk9vhtqz/want-to-get-more-deep-sleep-a-new-study-says-listening-to-relaxing-words-coul/a-wHm2QR4JSrupjcGFAAoKsg%3Aa%3A77468493-f8cec57e78%2Fco.uk) New research suggests listening to relaxing words – like bedtime stories and soothing podcasts – could be the key to more deep sleep. A sleep expert … [Gut microbiome: meet Clostridium butyricum – the bacteria that helps keep us feeling our best](/@tvarnedoe2/health-wellness-0fk9vhtqz/gut-microbiome-meet-clostridium-butyricum-the-bacteria-that-helps-keep-us-fee/a-eSejHgTPTpmxY8r8ZG62ig%3Aa%3A77468493-e14a231c17%2Ftheconversation.com) Our friend here, Clostridium butyricum (also known as C butyricum), is one of the hardest working microbes living in our gut. Without it’s exhaustive … Join the flipboard community Discover, collect, and share stories for all your interests [Sign up](/signup) More stories from [Diets](/topic/diets) [Yes, Your Skin Atrophies & Becomes Crepey With Age — How To Treat It](/topic/diets/yes-your-skin-atrophies-becomes-crepey-with-age-how-to-treat-it/a-Up0DGUCESDiLcGsVlhU-qA%3Aa%3A190111198-aedd30a2ed%2Fmindbodygreen.com) I have fairly thin skin—and, unfortunately, I mean that both literally and figuratively. I'll spare you an essay on my sensitive nature and rather go … [7 Signs That You Have Thyroid Problems](/topic/diets/7-signs-that-you-have-thyroid-problems/a-6S8VtQDvR16OARmLUtwcHQ%3Aa%3A5627403-c6468d5041%2Fthecompleteherbalguide.com) Thyroid issues impact the body, affecting aspects such as energy levels and metabolism. The thyroid plays a role in regulating numerous bodily …",
    "highlightText": "",
    "highlightTitle": "",
    "highlightThreadTitle": "",
    "language": "english",
    "sentiment": "positive",
    "categories": [
        "Lifestyle and Leisure",
        "Health"
    ],
    "external_links": [],
    "external_images": [],
    "entities": {
        "persons": [
            {
                "name": "folarin longe",
                "sentiment": "none"
            }
        ],
        "organizations": [
            {
                "name": "google",
                "sentiment": "none"
            },
            {
                "name": "healthiest time",
                "sentiment": "none"
            }
        ],
        "locations": []
    },
    "rating": null,
    "crawled": "2024-04-05T00:12:51.681+03:00",
    "updated": "2024-04-05T18:06:47.132+03:00"
}