{
    "thread": {
        "uuid": "9704fbd5e266f3ca4b18a4d720466c254e3be142",
        "url": "http://business.times-online.com/times-online/article/getnews-2024-4-4-collaborative-home-care-maintains-its-tradition-of-exceptional-home-care-in-greenwich-ct",
        "site_full": "business.times-online.com",
        "site": "times-online.com",
        "site_section": "http://business.times-online.com/times-online/markets/news",
        "site_categories": [
            "financial_news",
            "finance"
        ],
        "section_title": "Stock Market News | NSDQ, NYSE, and AMEX Stock Market News, Market News Categories, Market Indicators | User | times-online.com ",
        "title": "Collaborative Home Care Maintains Its Tradition of Exceptional Home Care in Greenwich, CT | User | times-online.com",
        "title_full": "Collaborative Home Care Maintains Its Tradition of Exceptional Home Care in Greenwich, CT | User | times-online.com",
        "published": "2024-04-04T03:00:00.000+03:00",
        "replies_count": 0,
        "participants_count": 1,
        "site_type": "news",
        "country": "US",
        "main_image": "",
        "performance_score": 0,
        "domain_rank": 86983,
        "domain_rank_updated": "2024-04-02T13:08:16.000+03:00",
        "reach": null,
        "social": {
            "facebook": {
                "likes": 0,
                "comments": 0,
                "shares": 0
            },
            "gplus": {
                "shares": 0
            },
            "pinterest": {
                "shares": 0
            },
            "linkedin": {
                "shares": 0
            },
            "stumbledupon": {
                "shares": 0
            },
            "vk": {
                "shares": 0
            }
        }
    },
    "uuid": "9704fbd5e266f3ca4b18a4d720466c254e3be142",
    "url": "http://business.times-online.com/times-online/article/getnews-2024-4-4-collaborative-home-care-maintains-its-tradition-of-exceptional-home-care-in-greenwich-ct",
    "ord_in_thread": 0,
    "parent_url": null,
    "author": "Valley City Times-Record",
    "published": "2024-04-04T03:00:00.000+03:00",
    "title": "Collaborative Home Care Maintains Its Tradition of Exceptional Home Care in Greenwich, CT | User | times-online.com",
    "text": "Collaborative Home Care in Greenwich, CT, continues its tradition of exceptional senior care, emphasizing accessibility, personalized service, and compassion. Led by Bryan Knust, the organization is dedicated to exceeding client expectations and ensuring families have access to premier care. For more details, Google it at https://collaborativehomecare.com. Greenwich, CT - Collaborative Home Care, a beacon of excellence in the home care sector, is proud to announce its ongoing commitment to the Greenwich community. Renowned for providing unparalleled senior care services, Collaborative Home Care emphasizes the importance of accessibility, compassion, and personalized care in meeting the needs of seniors. This announcement underscores the vital role of quality home care services in families seeking the best care for their loved ones.\nBryan Knust, the visionary behind Collaborative Home Care, highlights the core values that drive the organization's success. “At Collaborative Home Care, our goal is not just to meet the basic needs of our clients but to exceed expectations by delivering comprehensive, personalized care tailored to each individual's requirements. Our dedication to the Greenwich community is unwavering, and we are committed to ensuring families have access to the premier senior care they deserve,” stated Knust.\nIn an era of ever-increasing demand for reliable senior care, Collaborative Home Care continues to set the standard for excellence. The organization's wide range of services, from personal care and companionship to home health care, reflects a deep understanding of seniors' multifaceted needs, ensuring that every client receives the highest care and attention.\nAs Collaborative Home Care forges ahead, its unwavering dedication to improving the lives of seniors in Greenwich, CT, remains clear. The organization's efforts to maintain the highest quality of care have solidified its position as a community cornerstone, offering peace of mind to families seeking the best for their elderly loved ones.\nFor more information about Collaborative Home Care and their home care in Greenwich, CT , please visit their website at https://collaborativehomecare.com\nAbout Collaborative Home Care:\nCollaborative Home Care is a leading provider of senior care services in Greenwich, CT. Focused on delivering personalized, compassionate care, the organization prides itself on its commitment to excellence and its ability to meet the diverse needs of the senior community. Collaborative Home Care is more than a service provider; it is a trusted partner in ensuring every client's well-being and dignity.\nMedia Contact\nCompany Name: Collaborative Home Care\nContact Person: Bryan Knust\nEmail: Send Email\nPhone: +12035422808\nAddress: 2 Greenwich Office Park Suite 300\nCity: Greenwich\nState: CT\nCountry: United States\nWebsite: https://collaborativehomecare.com/",
    "highlightText": "",
    "highlightTitle": "",
    "highlightThreadTitle": "",
    "language": "english",
    "sentiment": "positive",
    "categories": [
        "Health"
    ],
    "external_links": [
        "https://collaborativehomecare.com/home-care/",
        "https://collaborativehomecare.com/",
        "https://collaborativehomecare.com",
        "http://www.universalpressrelease.com/?pr=collaborative-home-care-maintains-its-tradition-of-exceptional-home-care-in-greenwich-ct",
        "https://www.collaborativehomecare.com",
        "https://www.collaborativehomecare.com/",
        "http://universalpressrelease.com/?pr=collaborative-home-care-maintains-its-tradition-of-exceptional-home-care-in-greenwich-ct",
        "https://collaborativehomecare.com/home-care",
        "http://www.universalpressrelease.com/",
        "https://www.collaborativehomecare.com/home-care/",
        "https://collaborativehomecare.com"
    ],
    "external_images": [],
    "entities": {
        "persons": [
            {
                "name": "knust",
                "sentiment": "none"
            },
            {
                "name": "bryan knust",
                "sentiment": "none"
            }
        ],
        "organizations": [
            {
                "name": "collaborative home care",
                "sentiment": "none"
            }
        ],
        "locations": [
            {
                "name": "greenwich",
                "sentiment": "none"
            }
        ]
    },
    "rating": null,
    "crawled": "2024-04-05T00:43:28.051+03:00",
    "updated": "2024-04-05T00:45:20.175+03:00"
}