{
    "thread": {
        "uuid": "cd5cc7098698d667adb8a1d06857008fc42bf65a",
        "url": "https://carbuzz.com/lucid-air-30000-discount",
        "site_full": "carbuzz.com",
        "site": "carbuzz.com",
        "site_section": "http://microfinance.einnews.com/live_feed",
        "site_categories": [
            "car_culture",
            "vehicles",
            "buying_selling_cars"
        ],
        "section_title": "Live Feed Wire - Microfinance News Today - EIN Presswire",
        "title": "Lucid Air Gets Up To $30,000 Discount",
        "title_full": "Lucid Air Gets Up To $30,000 Discount",
        "published": "2024-04-04T21:49:00.000+03:00",
        "replies_count": 0,
        "participants_count": 1,
        "site_type": "news",
        "country": "US",
        "main_image": "https://static0.carbuzzimages.com/wordpress/wp-content/uploads/2024/04/lucid-air-top.jpg",
        "performance_score": 0,
        "domain_rank": 10577,
        "domain_rank_updated": "2024-04-02T13:08:08.000+03:00",
        "reach": null,
        "social": {
            "facebook": {
                "likes": 0,
                "comments": 0,
                "shares": 0
            },
            "gplus": {
                "shares": 0
            },
            "pinterest": {
                "shares": 0
            },
            "linkedin": {
                "shares": 0
            },
            "stumbledupon": {
                "shares": 0
            },
            "vk": {
                "shares": 0
            }
        }
    },
    "uuid": "cd5cc7098698d667adb8a1d06857008fc42bf65a",
    "url": "https://carbuzz.com/lucid-air-30000-discount",
    "ord_in_thread": 0,
    "parent_url": null,
    "author": "Nicole Wakelin",
    "published": "2024-04-04T21:49:00.000+03:00",
    "title": "Lucid Air Gets Up To $30,000 Discount",
    "text": "Key Takeaways - The Lucid Air is now available with discounts of up to nearly $30,000. - This includes a new $5,000 discount through the end of the month on all trim levels. - Financing is also available with a rate of 2.99% for 72 months. The Lucid Air is a luxury EV with a starting price of $69,900, putting it well out of reach for those with a more modest budget. A series of available discounts can take nearly $30,000 off that price to make it easier to park one in your driveway. Now through the end of April, the full Lucid Air lineup is available with a $5,000 discount. This is only for vehicles that are in stock, so you can't custom order one and get the offer. You can, however, stack that discount on top of other discounts to save yourself nearly $30,000. The Best Discounts Are Always In California Those living in Los Angeles have access to a $15,000 Air Credit on Grand Touring models. They can also take advantage of a $9,650 Pro Credit. Including Lucid's discount, that adds up to a total of $29,650 in savings and is available whether you lease or buy an Air. Exactly how those credits apply is a little tricky as it's only available on models equipped with DreamDrive Pro and Surreal Sound Pro. The amounts also vary depending on the trim. On the Pure, it's a $12,500 Air Credit and a $2,900 Pro Credit that takes the total price down to $63,900 before the new $5,000 discount. Add in that final $5,000 discount and pricing comes all the way down to $58,900. Several EV Discounts Available Lucid is also offering great financing with rates as low as 2.99% for a 72-month loan. This doesn't exactly make the Lucid Air cheap, but it does make it far more affordable. It's also not the only electric vehicle that is trying to attract more buyers through lower pricing. The slowdown in EV sales growth has car companies scrambling to adjust prices with big discounts on many all-electric models, including the Ford Mustang Mach-E . As automakers focus on hybrids, which are seeing increased demand, we predict many more discounts to help dealers from all sorts of brands shift existing EV inventory.",
    "highlightText": "",
    "highlightTitle": "",
    "highlightThreadTitle": "",
    "language": "english",
    "sentiment": "positive",
    "categories": [
        "Economy, Business and Finance",
        "Health",
        "Human Interest"
    ],
    "external_links": [
        "https://www.linkedin.com/shareArticle?mini=true&url=https%3A%2F%2Fcarbuzz.com%2Flucid-air-30000-discount%2F&title=Lucid%20Air%20Gets%20Up%20To%20%2430%2C000%20Discount&source=carbuzz.com&summary=With%20the%20right%20combination%20of%20incentives%2C%20you%20can%20slash%20%2430k%20from%20the%20price%20of%20a%20Lucid%20Air%2C%20thanks%20in%20part%20to%20a%20new%20discount.",
        "http://share.flipboard.com/bookmarklet/popout?v=2&title=Lucid%20Air%20Gets%20Up%20To%20%2430%2C000%20Discount&url=https%3A%2F%2Fcarbuzz.com%2Flucid-air-30000-discount%2F&utm_campaign=tools&utm_medium=article-share&utm_source=carbuzz.com",
        "https://www.facebook.com/sharer/sharer.php?u=https%3A%2F%2Fcarbuzz.com%2Flucid-air-30000-discount%2F%2F&src=sdkpreparse",
        "https://www.facebook.com/TheNicoleWakelin/",
        "https://twitter.com/NicoleWakelin",
        "https://www.linkedin.com/in/nicolewakelin/",
        "https://twitter.com/intent/tweet?text=Lucid%20Air%20Gets%20Up%20To%20%2430%2C000%20Discount&url=https%3A%2F%2Fcarbuzz.com%2Flucid-air-30000-discount%2F",
        "https://www.instagram.com/nicolewakelin",
        "https://www.twitter.com/intent/tweet?text=Lucid%20Air%20Gets%20Up%20To%20%2430%2C000%20Discount&url=https%3A%2F%2Fcarbuzz.com%2Flucid-air-30000-discount%2F",
        "https://linkedin.com/in/nicolewakelin/",
        "https://instagram.com/nicolewakelin",
        "https://www.facebook.com/TheNicoleWakelin",
        "https://linkedin.com/shareArticle?mini=true&url=https%3A%2F%2Fcarbuzz.com%2Flucid-air-30000-discount%2F&title=Lucid%20Air%20Gets%20Up%20To%20%2430%2C000%20Discount&source=carbuzz.com&summary=With%20the%20right%20combination%20of%20incentives%2C%20you%20can%20slash%20%2430k%20from%20the%20price%20of%20a%20Lucid%20Air%2C%20thanks%20in%20part%20to%20a%20new%20discount.",
        "http://share.flipboard.com/bookmarklet/popout",
        "https://facebook.com/TheNicoleWakelin/",
        "https://www.twitter.com/NicoleWakelin",
        "https://www.facebook.com/sharer/sharer.php",
        "https://www.linkedin.com/shareArticle",
        "https://www.linkedin.com/in/nicolewakelin",
        "http://www.share.flipboard.com/bookmarklet/popout?v=2&title=Lucid%20Air%20Gets%20Up%20To%20%2430%2C000%20Discount&url=https%3A%2F%2Fcarbuzz.com%2Flucid-air-30000-discount%2F&utm_campaign=tools&utm_medium=article-share&utm_source=carbuzz.com",
        "https://facebook.com/sharer/sharer.php?u=https%3A%2F%2Fcarbuzz.com%2Flucid-air-30000-discount%2F%2F&src=sdkpreparse",
        "https://twitter.com/intent/tweet"
    ],
    "external_images": [],
    "entities": {
        "persons": [
            {
                "name": "lucid",
                "sentiment": "none"
            }
        ],
        "organizations": [
            {
                "name": "lucid air",
                "sentiment": "negative"
            },
            {
                "name": "air credit on grand touring",
                "sentiment": "none"
            }
        ],
        "locations": [
            {
                "name": "los angeles",
                "sentiment": "none"
            },
            {
                "name": "california",
                "sentiment": "none"
            }
        ]
    },
    "rating": null,
    "crawled": "2024-04-05T01:02:05.003+03:00",
    "updated": "2024-04-05T01:03:17.310+03:00"
}