{
    "thread": {
        "uuid": "f02df21baaf427d36e8ca7ac798b9dc0134dc997",
        "url": "https://www.dgabc.com.br/Noticia/4130521/lula-brasil-pode-ter-industria-da-saude-para-competir-com-qualquer-outro-pais-do-mundo",
        "site_full": "www.dgabc.com.br",
        "site": "dgabc.com.br",
        "site_section": "https://dgabc.com.br",
        "site_categories": [
            "media"
        ],
        "section_title": "Diário do Grande ABC - Notícias e informações",
        "title": "Lula: Brasil pode ter indústria da saúde para competir com qualquer outro país do mundo - 04/04/2024 | Diário do Grande ABC",
        "title_full": "Lula: Brasil pode ter indústria da saúde para competir com qualquer outro país do mundo - 04/04/2024 | Diário do Grande ABC",
        "published": "2024-04-04T23:04:00.000+03:00",
        "replies_count": 0,
        "participants_count": 1,
        "site_type": "news",
        "country": "BR",
        "main_image": "https://www.dgabc.com.br/content/themes/dgabc2017/imagens/logo_dgabc_facebook.jpg",
        "performance_score": 0,
        "domain_rank": 53685,
        "domain_rank_updated": "2024-04-02T13:08:13.000+03:00",
        "reach": null,
        "social": {
            "facebook": {
                "likes": 0,
                "comments": 0,
                "shares": 0
            },
            "gplus": {
                "shares": 0
            },
            "pinterest": {
                "shares": 0
            },
            "linkedin": {
                "shares": 0
            },
            "stumbledupon": {
                "shares": 0
            },
            "vk": {
                "shares": 0
            }
        }
    },
    "uuid": "f02df21baaf427d36e8ca7ac798b9dc0134dc997",
    "url": "https://www.dgabc.com.br/Noticia/4130521/lula-brasil-pode-ter-industria-da-saude-para-competir-com-qualquer-outro-pais-do-mundo",
    "ord_in_thread": 0,
    "parent_url": null,
    "author": "Da AE",
    "published": "2024-04-04T23:04:00.000+03:00",
    "title": "Lula: Brasil pode ter indústria da saúde para competir com qualquer outro país do mundo - 04/04/2024 | Diário do Grande ABC",
    "text": "O presidente Luiz Inácio Lula da Silva disse nesta quinta-feira, 5, que o Brasil tem condições de ter uma indústria de saúde competitiva e que o SUS seria fundamental para o desenvolvimento do setor. Ele deu a declaração em Goiana (PE), em inauguração de fábrica da Hemobrás. \"Queremos um país soberano, capaz de ter uma indústria da saúde, porque nós temos o órgão consumidor que é o SUS. Que pode comprar as máquinas que a gente produzir, os remédios que a gente produzir, as vacinas. A gente não tem por que não acreditar que a gente pode ter um polo industrial na área da saúde para competir com qualquer outro país do mundo\", declarou o presidente da República. Além disso, Lula voltou a falar sobre inteligência artificial. Disse, dirigindo-se à ministra da Ciência e Tecnologia, Luciana Santos, que quer ver um projeto brasileiro para o setor até junho. O petista afirmou ter dado a seguinte declaração em uma reunião com a ministra e cientistas: \"Vamos criar vergonha, vamos ter uma Conferência Nacional de Ciência e Tecnologia em junho, e até junho vocês estão desafiados a me apresentar um projeto brasileiro de inteligência artificial para a gente não ter que copiar de outro país as coisas importantes que nós precisamos.\" Atenção! Os comentários do site são via Facebook. Lembre-se de que o comentário é de inteira responsabilidade do autor e não expressa a opinião do jornal. Comentários que violem a lei, a moral e os bons costumes ou violem direitos de terceiros poderão ser denunciados pelos usuários e sua conta poderá ser banida.",
    "highlightText": "",
    "highlightTitle": "",
    "highlightThreadTitle": "",
    "language": "portuguese",
    "sentiment": "positive",
    "categories": [
        "Economy, Business and Finance",
        "Health"
    ],
    "external_links": [],
    "external_images": [],
    "entities": {
        "persons": [],
        "organizations": [],
        "locations": []
    },
    "rating": null,
    "crawled": "2024-04-05T00:40:55.681+03:00",
    "updated": "2024-04-05T00:40:55.681+03:00"
}