{
    "thread": {
        "uuid": "6ec70aa22200881ffb109026629d25aba21bf76c",
        "url": "https://www.informador.mx/estilo/Estos-son-los-beneficios-de-la-semilla-de-girasol-para-la-salud-20240404-0113.html",
        "site_full": "www.informador.mx",
        "site": "informador.mx",
        "site_section": "https://informador.mx",
        "site_categories": [
            "travel",
            "mexico_and_central_america",
            "top_news"
        ],
        "section_title": "Noticias de hoy de Jalisco, Guadalajara y México | El Informador",
        "title": "Estos son los beneficios de la semilla de girasol para la salud | El Informador",
        "title_full": "Estos son los beneficios de la semilla de girasol para la salud | El Informador",
        "published": "2024-04-05T00:57:00.000+03:00",
        "replies_count": 0,
        "participants_count": 1,
        "site_type": "news",
        "country": "MX",
        "main_image": "https://www.informador.mx/__export/1712267850148/sites/elinformador/img/2024/04/04/sunflower-seeds-6008772_1280_crop1712267775585.jpg_2024461655.jpg",
        "performance_score": 0,
        "domain_rank": 16516,
        "domain_rank_updated": "2024-04-02T13:08:08.000+03:00",
        "reach": null,
        "social": {
            "facebook": {
                "likes": 0,
                "comments": 0,
                "shares": 0
            },
            "gplus": {
                "shares": 0
            },
            "pinterest": {
                "shares": 0
            },
            "linkedin": {
                "shares": 0
            },
            "stumbledupon": {
                "shares": 0
            },
            "vk": {
                "shares": 0
            }
        }
    },
    "uuid": "6ec70aa22200881ffb109026629d25aba21bf76c",
    "url": "https://www.informador.mx/estilo/Estos-son-los-beneficios-de-la-semilla-de-girasol-para-la-salud-20240404-0113.html",
    "ord_in_thread": 0,
    "parent_url": null,
    "author": "CMS Medios",
    "published": "2024-04-05T00:57:00.000+03:00",
    "title": "Estos son los beneficios de la semilla de girasol para la salud | El Informador",
    "text": "Las semillas de girasol son realmente sorprendentes, además de ser deliciosas, tienen una gran cantidad de beneficios para la salud. La vitamina E que contienen es un antioxidante poderoso que ayuda a proteger nuestras células del daño causado por los radicales libres. El calcio es esencial para la salud ósea, mientras que el fósforo y el magnesio son importantes para la función muscular y nerviosa. El potasio, por otro lado, es vital para mantener el equilibrio de líquidos en nuestro cuerpo.Además de todos estos nutrientes, las semillas de girasol también son una excelente fuente de ácidos grasos saludables, como el ácido linoleico, que es un tipo de grasa omega-6 que puede ayudar a reducir el riesgo de enfermedades cardiovasculares.Agregar semillas de girasol a tu dieta es una forma fácil y deliciosa de mejorar tu salud. Puedes disfrutarlas solas como un refrigerio satisfactorio y lleno de nutrientes, o agregarlas a tus ensaladas, yogures, cereales o batidos para obtener un impulso adicional de sabor y nutrición. Al aportar magnesio y fósforo al organismo, las semillas de girasol se convierten en grandes aliadas para el cerebro, mejorando el rendimiento mental, la capacidad de concentración y la memoria.Una forma 100% natural de tener más energía y vitalidad durante el día es consumiendo la semilla de girasol, gracias a su contenido en tiamina evita problemas nerviosos y fatiga crónica.Si lo que buscas es mantener a tu organismo lejos de virus y alergias, estas semillas ayudarán a aumentar las defensas de tu cuerpo previniendo y ayudando a combatir diferentes patologías.Las semillas de girasol también presentan un alto contenido en vitamina E que ayuda primordialmente a nutrir y rejuvenecer la dermis con su efecto antioxidante.Las mujeres al llegar a cierta edad, junto con la menopausia el cuerpo sufre una gran descalcificación en los huesos, por lo que es muy recomendado aumentar su consumo de lácteos, sin embargo las semillas de girasol también son una gran fuente natural de calcio.MF",
    "highlightText": "",
    "highlightTitle": "",
    "highlightThreadTitle": "",
    "language": "spanish",
    "sentiment": "positive",
    "categories": [
        "Health"
    ],
    "external_links": [],
    "external_images": [],
    "entities": {
        "persons": [],
        "organizations": [],
        "locations": []
    },
    "rating": null,
    "crawled": "2024-04-05T01:08:52.215+03:00",
    "updated": "2024-04-05T01:08:52.215+03:00"
}