{
    "thread": {
        "uuid": "5547dde0415db59c894a02e935e520d48d6d01bf",
        "url": "http://business.times-online.com/times-online/article/getnews-2024-4-4-empowering-the-next-generation-sumita-boses-groundbreaking-guide-revolutionizes-adolescent-health-education",
        "site_full": "business.times-online.com",
        "site": "times-online.com",
        "site_section": "http://business.times-online.com/times-online/markets/news",
        "site_categories": [
            "financial_news",
            "finance"
        ],
        "section_title": "Stock Market News | NSDQ, NYSE, and AMEX Stock Market News, Market News Categories, Market Indicators | User | times-online.com ",
        "title": "Empowering the Next Generation: Sumita Bose’s Groundbreaking Guide Revolutionizes Adolescent Health Education | User | times-online.com",
        "title_full": "Empowering the Next Generation: Sumita Bose’s Groundbreaking Guide Revolutionizes Adolescent Health Education | User | times-online.com",
        "published": "2024-04-04T03:00:00.000+03:00",
        "replies_count": 0,
        "participants_count": 1,
        "site_type": "news",
        "country": "US",
        "main_image": "",
        "performance_score": 0,
        "domain_rank": 86983,
        "domain_rank_updated": "2024-04-02T13:08:16.000+03:00",
        "reach": null,
        "social": {
            "facebook": {
                "likes": 0,
                "comments": 0,
                "shares": 0
            },
            "gplus": {
                "shares": 0
            },
            "pinterest": {
                "shares": 0
            },
            "linkedin": {
                "shares": 0
            },
            "stumbledupon": {
                "shares": 0
            },
            "vk": {
                "shares": 0
            }
        }
    },
    "uuid": "5547dde0415db59c894a02e935e520d48d6d01bf",
    "url": "http://business.times-online.com/times-online/article/getnews-2024-4-4-empowering-the-next-generation-sumita-boses-groundbreaking-guide-revolutionizes-adolescent-health-education",
    "ord_in_thread": 0,
    "parent_url": null,
    "author": "Valley City Times-Record",
    "published": "2024-04-04T03:00:00.000+03:00",
    "title": "Empowering the Next Generation: Sumita Bose’s Groundbreaking Guide Revolutionizes Adolescent Health Education | User | times-online.com",
    "text": "In an era where digital media heavily influences the teenage perception of reproductive health and relationships, Sumita Bose offers a timely and essential resource with her new book, \"Growing Up Gracefully.\" This comprehensive guide addresses the vital need for medically accurate and positive education for adolescent girls. Reproductive health is often a topic of discomfort and uncertainty among parents, teachers, and teenagers. Bose's book tackles this challenge head-on, providing clear, medically accurate information about the development of female bodies during puberty, including physical, emotional, social, and cognitive aspects. \"Growing up Gracefully\" also delves into topics of hygiene, self-grooming, and internet safety, empowering young girls with the knowledge to make educated decisions and wise choices. Recently celebrated by Literary Titan USA, and honored with the Literary Titan Gold Book Award, this acclaimed guide shines as an essential resource for young women, as noted by Literary Titan: \"an invaluable resource for young women seeking understanding and clarity about the changes they’re experiencing.\" Beyond its appeal to young readers, Literary Titan states that it’s “a resource that parents will appreciate” as it lays the groundwork for essential discussions on sensitive topics. Sumita Bose was also recently honored with the Indian Women Achievers Award presented by the Asian Literary Society, recognizing her significant contributions to literature and education, particularly in empowering young women. In the words of the author, \"Ignorance results in misconceptions, and misconceptions, however small, lead to dreadful situations.\" This book aims to protect young girls from vulnerability to risky behavior, gender-based violence, and exploitation through self-awareness and knowledge. It's not just about teaching reproductive education; it's about empowering teenagers to understand and manage one of life's most significant transitions. \"Growing Up Gracefully\" stands out for its positive approach and ability to make complex information relatable and understandable. Sumita Bose's contribution to the field of adolescent education and empowerment is invaluable, making this book a lifeline for young women. \"Growing Up Gracefully\" is available for now on Amazon , Barnes & Noble and BAM ! About the Book In this enlightening journey through adolescence, Sumita Bose offers a beacon of knowledge and empowerment for young girls navigating the complexities of growing up. With a blend of medical accuracy and compassionate insight, this guide delves into the myriad aspects of female puberty, from the intricacies of physical and emotional development to the nuances of reproductive health, internet safety, and self-care. Crafted with the wisdom of an experienced educator, it stands as a vital tool for teenagers and parents alike, transforming the often-daunting topics of reproductive health and body image into a dialogue of empowerment, understanding, and confidence. As much a handbook for young minds as it is a conversation starter for families, it promises to be a transformative read, guiding young women through one of life's most pivotal stages with grace and knowledge. About the Author Sumita Bose is an esteemed author and educator with over 25 years of teaching experience, renowned for her versatile writing and contributions to educational literature. A graduate in mathematics from Delhi University, India, she further expanded her expertise with a course in Child Psychology from Vermont, U.S., and a specialization in Understanding Adolescents from the University of Central Florida, U.S. Bose's diverse authorial portfolio includes pioneering works in mathematics, the first autism book tailored to the Indian socio-cultural context, engaging mystery puzzle books, and pivotal puberty education materials. Honored with the title \"Honorary Doctor of Oriental Learning\" by the Indian Institute of Oriental Heritage in 2016 for her exceptional Vedic Mathematics book, she also earned accolades for her autism book, including a placement in the India Book of Records in 2016. Beyond her written contributions, Bose is dedicated to spreading hope and joy, notably through her handmade cards with inspirational messages for children facing chronic or life-altering illnesses, underscoring her commitment to making a positive impact in the lives of the younger generation. Media Contact Company Name: Literary Titan Contact Person: Sumita Bose Email: Send Email Country: United States Website: https://amzn.to/4aiNAex",
    "highlightText": "",
    "highlightTitle": "",
    "highlightThreadTitle": "",
    "language": "english",
    "sentiment": "positive",
    "categories": [
        "Education",
        "Social Issue",
        "Health"
    ],
    "external_links": [
        "https://www.barnesandnoble.com/w/growing-up-gracefully-sumita-bose/1144076866?ean=9789357944151",
        "https://amzn.to/4aiNAex",
        "https://www.booksamillion.com/p/Growing-Up-Gracefully/Sumita-Bose/9789357944151?id=9067436058377",
        "http://www.universalpressrelease.com/?pr=empowering-the-next-generation-sumita-boses-groundbreaking-guide-revolutionizes-adolescent-health-education",
        "https://booksamillion.com/p/Growing-Up-Gracefully/Sumita-Bose/9789357944151?id=9067436058377",
        "https://www.amzn.to/4aiNAex",
        "http://www.universalpressrelease.com/",
        "https://barnesandnoble.com/w/growing-up-gracefully-sumita-bose/1144076866?ean=9789357944151",
        "https://www.booksamillion.com/p/Growing-Up-Gracefully/Sumita-Bose/9789357944151",
        "http://universalpressrelease.com/?pr=empowering-the-next-generation-sumita-boses-groundbreaking-guide-revolutionizes-adolescent-health-education",
        "https://www.barnesandnoble.com/w/growing-up-gracefully-sumita-bose/1144076866"
    ],
    "external_images": [],
    "entities": {
        "persons": [
            {
                "name": "bose",
                "sentiment": "none"
            },
            {
                "name": "sumita bose",
                "sentiment": "none"
            }
        ],
        "organizations": [
            {
                "name": "sumita bose’s groundbreaking guide revolutionizes adolescent health education",
                "sentiment": "neutral"
            }
        ],
        "locations": [
            {
                "name": "literary titan usa",
                "sentiment": "none"
            }
        ]
    },
    "rating": null,
    "crawled": "2024-04-05T00:27:15.737+03:00",
    "updated": "2024-04-05T00:27:15.737+03:00"
}