{
    "thread": {
        "uuid": "45baf3bd2480e41a104d47efcb735e5261b424da",
        "url": "https://vnexplorer.net/ny-ofrece-alimentos-y-servicios-de-nutricion-gratuitos-a-traves-del-programa-wic-s2227937.html",
        "site_full": "vnexplorer.net",
        "site": "vnexplorer.net",
        "site_section": "https://vnexplorer.net/latest",
        "site_categories": [
            "health",
            "cold_and_flu"
        ],
        "section_title": "Latest breaking 24h news around the world - VNExplorer",
        "title": "NY ofrece alimentos y servicios de nutrición gratuitos a través del programa WIC",
        "title_full": "NY ofrece alimentos y servicios de nutrición gratuitos a través del programa WIC",
        "published": "2024-04-04T03:00:00.000+03:00",
        "replies_count": 0,
        "participants_count": 1,
        "site_type": "news",
        "country": "JP",
        "main_image": "https://img-s-msn-com.akamaized.net/tenant/amp/entityid/BB1l5noE.img",
        "performance_score": 0,
        "domain_rank": 53722,
        "domain_rank_updated": "2024-04-02T13:08:13.000+03:00",
        "reach": null,
        "social": {
            "facebook": {
                "likes": 0,
                "comments": 0,
                "shares": 0
            },
            "gplus": {
                "shares": 0
            },
            "pinterest": {
                "shares": 0
            },
            "linkedin": {
                "shares": 0
            },
            "stumbledupon": {
                "shares": 0
            },
            "vk": {
                "shares": 0
            }
        }
    },
    "uuid": "45baf3bd2480e41a104d47efcb735e5261b424da",
    "url": "https://vnexplorer.net/ny-ofrece-alimentos-y-servicios-de-nutricion-gratuitos-a-traves-del-programa-wic-s2227937.html",
    "ord_in_thread": 0,
    "parent_url": null,
    "author": "VNExplorer",
    "published": "2024-04-04T03:00:00.000+03:00",
    "title": "NY ofrece alimentos y servicios de nutrición gratuitos a través del programa WIC",
    "text": "NY ofrece alimentos y servicios de nutrición gratuitos a través del programa WIC\nLo que debes saber El Programa Federal de Nutrición Suplementaria, conocido como WIC por sus siglas en inglés, cumple 50 años de ofrecer alimentos saludables y beneficios nutricionales a niños y mujeres embarazadas del país, entre esas las familias de Nueva York, sin importar su estatus migratorio. El programa no solo ofrece la lista de alimentos que la familia necesita cada mes, sino también tiene beneficios como citas con nutricionistas, charlas sobre la lactancia, y más. Aunque muchas personas podrían recibir esta ayuda, un estudio nacional mostró que sólo un 50% de las personas que califican el programa de WIC lo han solicitado. El Departamento de Salud del Estado de Nueva York agregó el español como opción de idioma para “Wanda”, una asistente virtual que ayuda a las personas a aprender y conectarse con el programa NUEVA YORK — El Programa Federal de Nutrición Suplementaria, conocido como WIC por sus siglas en inglés, cumple 50 años de ofrecer alimentos saludables y beneficios nutricionales a niños y mujeres embarazadas del país, entre esas las familias de Nueva York, sin importar su estatus migratorio. El programa no solo ofrece la lista de alimentos que la familia necesita cada mes, sino también tiene beneficios como citas con nutricionistas, charlas sobre la lactancia, y más.\nEste programa gratuito empezó en 1974 para cambiar la situación de los menores que sufrían de anemia. Hoy en día en una herramienta valiosa para las familias que califican al brindarles el mejor apoyo en su nutrición.\n“Es un programa de nutrición para familias de bajos ingresos. Los participantes son mujeres embarazadas, mujeres lactantes, infantes y niños hasta la edad de cinco años. También los abuelitos y los padres pueden aplicar para sus hijos”, dijo Iris E. Marchante, directora asociada de nutrición del Departamento de Salud de Nueva York. “Este programa ayuda con consejos de nutrición y salud, pero también ayuda con unos productos saludables como cereales, leche, huevos”.\nAunque muchas personas podrían recibir esta ayuda, un estudio nacional mostró que sólo un 50% de las personas que califican el programa de WIC lo han solicitado, dijo Marchante. En el estado de Nueva York existen unos 425,000 participantes al mes. Un 25% de las personas que están en el programa eligen el español como su lenguaje, lo que mostró que familias hispanas también se están beneficiando de esta ayuda.\nPor eso, el Departamento de Salud del Estado de Nueva York agregó el español como opción de idioma para “Wanda”, una asistente virtual que ayuda a las personas a aprender y conectarse con el programa\n“Sabemos que la nutrición y la seguridad alimentaria son fundamentales para la buena salud de niños y adultos, por eso es tan importante que permitamos que la mayor cantidad posible de personas accedan a los beneficios del programa WIC de Nueva York”, dijo el comisionado de Salud del estado, Dr. James Macdonald. “Al agregar una ‘Wanda’ de habla hispana a nuestro sitio web, esperamos reducir las barreras de accesibilidad a una salud equitativa para aún más neoyorquinos”.\nWanda ofrece un chat en línea rápido y sencillo donde las personas pueden verificar su elegibilidad para el programa WIC y solicitar una derivación a la oficina WIC de su elección. El Departamento tiene como objetivo brindar un acceso mayor y más equitativo a WIC a través de Wanda de habla hispana, particularmente para comunidades tradicionalmente desatendidas.\nEl programa WIC del estado de Nueva York brinda apoyo a la lactancia materna, educación nutricional, derivaciones a otros servicios y alimentos nutritivos a aproximadamente 425,000 mujeres, bebés y niños cada mes. La participación en WIC se ha asociado con nacimientos más saludables, un mejor peso al nacer, un riesgo reducido de mortalidad infantil y un mejor acceso a la atención médica primaria y preventiva, entre otros resultados de salud positivos.\nA continuación te damos a conocer más detalles de este programa.\nQuién cumple los requisitos para WIC Mujeres embarazadas Madres de bebés de hasta 6 meses Madres que amamantan a bebés de hasta 12 meses. Bebés y niños pequeños de hasta 5 años. Los padres y los encargados del cuidado pueden presentar una solicitud en nombre de los niños. Por ejemplo los abuelos. Vivir en el estado de Nueva York Cumplir con las reglas sobre límites de ingresos u obtener beneficios de Medicaid, SNAP o TANF Tener una necesidad dietética Puede recibir WIC si: No es ciudadano americano y si usted o algún otro miembro de su grupo familiar trabaja. Qué ofrece el programa de WIC Consejos de nutrición\nAprender cómo hacer elecciones más saludables y a estar más activo. Los nutricionistas pueden ayudarle a planificar comidas saludables. Hablar con otros padres para recibir apoyo. Apoyo para el amamantamiento\nExpertos capacitados en amamantamiento. Otras madres que están capacitadas para dar apoyo para el amamantamiento. Extractores de leche para las madres que los necesitan. Alimentos especiales para las madres que amamantan. Comidas nutritivas\nLeche, queso, yogur, frutas y vegetales frescos, jugo 100%, pasta integral, arroz, pan, cereal, fórmula,\nhuevos, comida para bebé y más.\nRemisiones a otros servicios\nExpertos en amamantamiento Bienestar del bebé y cuidado infantil Medicaid Asistencia Temporal para Familias Necesitadas (TANF) Programa de Asistencia Nutricional Suplementaria (SNAP) Planificación familiar Head Start Violencia doméstica Dejar de fumar Vacunas Atención prenatal Uso de sustancias Prevención del cáncer Cómo funciona el programa Las familias recibirán una tarjeta en donde se coloca todos los productos que necesitan y luego el beneficiario pueden ir a las bodegas o a los supermercados que aceptan WIC y de allí hacer una transacción electrónica con esa tarjeta para recibir los productos que necesita.\nWIC y los niños Los paquetes de comida de WIC están diseñados para promover un peso saludable. Los estudios demuestran que los\nniños que están en WIC tienen un mejor desempeño en la escuela. Además, las madres que están en WIC tienen mayor probabilidad de tener bebés con un peso saludable al nacer.\nDónde puedo encontrar más información y la herramienta virtual Wanda Obtenga más información sobre el programa WIC en el estado de Nueva York aquí y charla con Wanda en inglés o en español haciendo clic en su foto en la esquina inferior derecha de la página web.\nWanda ayuda a las personas a encontrar una de las casi 100 oficinas que tiene el programa en Nueva York donde se puede inscribir.\nAdemás, también pueden llamar al 1-800-522-5006 o entrar a la página web para más información.",
    "highlightText": "",
    "highlightTitle": "",
    "highlightThreadTitle": "",
    "language": "spanish",
    "sentiment": "positive",
    "categories": [
        "Health",
        "Social Issue"
    ],
    "external_links": [],
    "external_images": [],
    "entities": {
        "persons": [],
        "organizations": [],
        "locations": []
    },
    "rating": null,
    "crawled": "2024-04-05T00:10:11.819+03:00",
    "updated": "2024-04-05T00:13:46.657+03:00"
}