{
    "thread": {
        "uuid": "9c8fb7cb8c62b258bcc0411f275c0c511d47faa5",
        "url": "https://www.interempresas.net/Robotica/Articulos/558198-Pilz-anade-la-ampliacion-de-campo-visual-y-la-conexion-FSoE-a-su-sistema-PSENradar.html",
        "site_full": "www.interempresas.net",
        "site": "interempresas.net",
        "site_section": "https://interempresas.net/rss",
        "site_categories": [
            "telecommuting",
            "jobs"
        ],
        "section_title": "Noticias en Interempresas.net",
        "title": "Pilz añade la ampliación de campo visual y la conexión FSoE a su sistema PSENradar @Pilz_ES_PT",
        "title_full": "Pilz añade la ampliación de campo visual y la conexión FSoE a su sistema PSENradar @Pilz_ES_PT",
        "published": "2024-04-05T01:00:00.000+03:00",
        "replies_count": 0,
        "participants_count": 1,
        "site_type": "news",
        "country": "ES",
        "main_image": "https://img.interempresas.net/fotos/4628383.jpeg",
        "performance_score": 0,
        "domain_rank": 12177,
        "domain_rank_updated": "2024-04-02T13:08:08.000+03:00",
        "reach": null,
        "social": {
            "facebook": {
                "likes": 0,
                "comments": 0,
                "shares": 0
            },
            "gplus": {
                "shares": 0
            },
            "pinterest": {
                "shares": 0
            },
            "linkedin": {
                "shares": 0
            },
            "stumbledupon": {
                "shares": 0
            },
            "vk": {
                "shares": 0
            }
        }
    },
    "uuid": "9c8fb7cb8c62b258bcc0411f275c0c511d47faa5",
    "url": "https://www.interempresas.net/Robotica/Articulos/558198-Pilz-anade-la-ampliacion-de-campo-visual-y-la-conexion-FSoE-a-su-sistema-PSENradar.html",
    "ord_in_thread": 0,
    "parent_url": null,
    "author": "(Redacción Interempresas)",
    "published": "2024-04-05T01:00:00.000+03:00",
    "title": "Pilz añade la ampliación de campo visual y la conexión FSoE a su sistema PSENradar @Pilz_ES_PT",
    "text": "Se mejora así la seguridad en entornos exigentes\nPilz añade la ampliación de campo visual y la conexión FSoE a su sistema PSENradar\nPilz, empresa experta en automatización segura, ha actualizado las prestaciones del sistema de radar seguro PSENradar con nuevas aplicaciones, gracias al campo visual ampliado, y conexión FSoE. A partir de ahora, el dispositivo es capaz de realizar la supervisión de espacios de protección en entornos más exigentes gracias a la ampliación del campo visual. Esto facilita la integración de los sensores de radar en diferentes entornos de producción. Además, el radar es compatible con la conexión al protocolo de seguridad EtherCAT FSoE, en consecuencia, se reduce el volumen de cableado y de los costes.\nMás productividad gracias al ángulo de visión flexible\nAl sensor de radar con alcance de 0 a 5 metros, ahora se le une el radar seguro PSEN rd1.2 sensor F-FOV LR con un alcance de 0 a 9 metros. Con este aumento se asegura la protección eficaz de aplicaciones móviles.\nComo novedad, ambos sensores permiten la configuración flexible de campos visuales: además del ángulo de visión simétrico, se pueden configurar también ángulos de visión asimétricos y de tipo corredor. Este avance asegura la fiabilidad de PSENradar en diferentes entornos de producción y permite liberar espacio en la producción, especialmente en condiciones de poco espacio, por ejemplo, máquinas contiguas sin separación o zonas de paso adyacentes a las máquinas. La personalización del campo visual permite posicionar el sensor de radar de forma que no limita las tareas de producción y mejora la seguridad en entornos exigentes y la productividad.\nRadar conectado al protocolo FSoE\nPSENradar y el microcontrol configurable PNOZmulti 2 de Pilz constituyen una solución completa y segura para la supervisión de espacios de protección. Además, incluyen la transferencia de datos segura con FSoE en el sistema de comunicación EtherCAT. El nuevo dispositivo de evaluación del sistema de radar PSENradar soporta la funcionalidad FSoE para aplicaciones de seguridad hasta SIL 3 según IEC 61508. Como FSoE-MainInstance (FSoEMaster), PNOZmulti 2 concentra en un dispositivo la supervisión de todas las funciones de seguridad de una aplicación de radar y proporciona conexiones con FSoE SubordinateInstances (FSoE-Slaves) seguras en la red. El conjunto completo, formado por el microcontrol seguro PNOZmulti 2 funcionando como FSoE-MainInstance y el sistema de radar seguro, permite implementar fácilmente esta conexión en red segura. Con ello, se consigue reducir el volumen de cableado y minimizar costes.",
    "highlightText": "",
    "highlightTitle": "",
    "highlightThreadTitle": "",
    "language": "spanish",
    "sentiment": "positive",
    "categories": [
        "Health",
        "Science and Technology",
        "Labor"
    ],
    "external_links": [
        "https://www.pilz.com/es-ES",
        "https://pilz.com/es-ES"
    ],
    "external_images": [],
    "entities": {
        "persons": [],
        "organizations": [],
        "locations": []
    },
    "rating": null,
    "crawled": "2024-04-05T01:06:49.767+03:00",
    "updated": "2024-04-05T01:06:49.767+03:00"
}