{
    "thread": {
        "uuid": "5db4953530b45a95e962e3c082e7aff5b0472048",
        "url": "https://www.rttnews.com/3437037/diabetes-drug-lixisenatide-may-slow-down-parkinson-s-study.aspx",
        "site_full": "www.rttnews.com",
        "site": "rttnews.com",
        "site_section": "https://rttnews.com/",
        "site_categories": [
            "media",
            "education"
        ],
        "section_title": "\r\n\tRealtime Business News, Economic News, Breaking News and Forex News – RTTNews\r\n",
        "title": "Diabetes Drug Lixisenatide May Slow Down Parkinson's: Study",
        "title_full": "Diabetes Drug Lixisenatide May Slow Down Parkinson's: Study",
        "published": "2024-04-04T23:08:00.000+03:00",
        "replies_count": 0,
        "participants_count": 1,
        "site_type": "news",
        "country": "US",
        "main_image": "https://cdn.rttnews.com/articleimages/ustopstories/2024/april/diabetes-04042024-lt.jpg",
        "performance_score": 0,
        "domain_rank": 20298,
        "domain_rank_updated": "2024-04-02T13:08:08.000+03:00",
        "reach": null,
        "social": {
            "facebook": {
                "likes": 0,
                "comments": 0,
                "shares": 0
            },
            "gplus": {
                "shares": 0
            },
            "pinterest": {
                "shares": 0
            },
            "linkedin": {
                "shares": 0
            },
            "stumbledupon": {
                "shares": 0
            },
            "vk": {
                "shares": 0
            }
        }
    },
    "uuid": "5db4953530b45a95e962e3c082e7aff5b0472048",
    "url": "https://www.rttnews.com/3437037/diabetes-drug-lixisenatide-may-slow-down-parkinson-s-study.aspx",
    "ord_in_thread": 0,
    "parent_url": null,
    "author": "RTTNews Staff Writer",
    "published": "2024-04-04T23:08:00.000+03:00",
    "title": "Diabetes Drug Lixisenatide May Slow Down Parkinson's: Study",
    "text": "In a recently conducted phase 2 trial, which was published in The New England Journal of Medicine, Sanofi's ( SNY ) lixisenatide was found to be effective in slowing down the progression of motor disability, which includes symptoms such as tremors, stiffness, and slowed movement in patients at an early stage of Parkinson's disease.\nThe drug developed by French drugmaker, Sanofi belongs to the class of glucagon-like peptide 1 (GLP-1) receptor agonists, which is similar to the popular medications Ozempic for diabetes and Wegovy for obesity.\nThe study involved 156 individuals across France with early-stage Parkinson's disease who were randomly assigned to receive either lixisenatide from Sanofi or a placebo for one year. Participants continued their standard Parkinson's medication during the study, with one group receiving daily injections of Sanofi's drug and the other group receiving a placebo. Patients taking lixisenatide exhibited minimal progression of motor symptoms compared to those receiving the placebo, with the difference persisting two months after treatment cessation.\nHowever, the use of Sanofi's drug was linked to a higher incidence of gastrointestinal side effects, such as nausea in nearly half of the patients and vomiting in 13% of participants.",
    "highlightText": "",
    "highlightTitle": "",
    "highlightThreadTitle": "",
    "language": "english",
    "sentiment": "positive",
    "categories": [
        "Health"
    ],
    "external_links": [],
    "external_images": [],
    "entities": {
        "persons": [
            {
                "name": "wegovy",
                "sentiment": "none"
            }
        ],
        "organizations": [
            {
                "name": "new england journal of medicine",
                "sentiment": "negative"
            },
            {
                "name": "sanofi",
                "sentiment": "none"
            }
        ],
        "locations": [
            {
                "name": "france",
                "sentiment": "none"
            }
        ]
    },
    "rating": null,
    "crawled": "2024-04-05T00:08:17.802+03:00",
    "updated": "2024-04-05T00:08:17.802+03:00"
}