{
    "thread": {
        "uuid": "77705657c3555c576e3976b4669e8ea8cd87f08b",
        "url": "http://business.times-online.com/times-online/article/getnews-2024-4-4-gracepoint-home-care-continues-its-commitment-to-providing-exceptional-home-health-care-in-mobile-al",
        "site_full": "business.times-online.com",
        "site": "times-online.com",
        "site_section": "http://business.times-online.com/times-online/markets/news",
        "site_categories": [
            "financial_news",
            "finance"
        ],
        "section_title": "Stock Market News | NSDQ, NYSE, and AMEX Stock Market News, Market News Categories, Market Indicators | User | times-online.com ",
        "title": "Gracepoint Home Care Continues Its Commitment to Providing Exceptional Home Health Care in Mobile, AL | User | times-online.com",
        "title_full": "Gracepoint Home Care Continues Its Commitment to Providing Exceptional Home Health Care in Mobile, AL | User | times-online.com",
        "published": "2024-04-04T03:00:00.000+03:00",
        "replies_count": 0,
        "participants_count": 1,
        "site_type": "news",
        "country": "US",
        "main_image": "",
        "performance_score": 0,
        "domain_rank": 86983,
        "domain_rank_updated": "2024-04-02T13:08:16.000+03:00",
        "reach": null,
        "social": {
            "facebook": {
                "likes": 0,
                "comments": 0,
                "shares": 0
            },
            "gplus": {
                "shares": 0
            },
            "pinterest": {
                "shares": 0
            },
            "linkedin": {
                "shares": 0
            },
            "stumbledupon": {
                "shares": 0
            },
            "vk": {
                "shares": 0
            }
        }
    },
    "uuid": "77705657c3555c576e3976b4669e8ea8cd87f08b",
    "url": "http://business.times-online.com/times-online/article/getnews-2024-4-4-gracepoint-home-care-continues-its-commitment-to-providing-exceptional-home-health-care-in-mobile-al",
    "ord_in_thread": 0,
    "parent_url": null,
    "author": "Valley City Times-Record",
    "published": "2024-04-04T03:00:00.000+03:00",
    "title": "Gracepoint Home Care Continues Its Commitment to Providing Exceptional Home Health Care in Mobile, AL | User | times-online.com",
    "text": "Mobile, AL - Gracepoint Home Care, a leading provider of home health care services, proudly reaffirms its commitment to the Mobile, AL, community. Recognized for its outstanding dedication to enhancing the quality of life for its clients, Gracepoint Home Care stands out as one of the best home health agencies in the region. This announcement comes when the demand for high-quality home health care services rises, emphasizing the importance of accessible, compassionate, and personalized care for all. Dylan Maloney, founder of Gracepoint Home Care, emphasizes the importance of trust, compassion, and excellence in home health care. “At Gracepoint Home Care, our mission goes beyond providing essential health services; it's about enriching lives and fostering a sense of well-being and dignity among those we serve. Our commitment to the Mobile community is unwavering, and we continuously strive to set new standards in home health care, ensuring our clients receive the support and care they deserve,” said Maloney. Gracepoint Home Care's dedication to excellence is reflected in its comprehensive range of services tailored to meet the community's diverse needs. From skilled nursing and rehabilitative therapy to personal care and support, the agency's approach deeply understands each client's unique needs, ensuring a personalized and effective care plan. As the demand for quality home health care services grows, Gracepoint Home Care remains at the forefront, driven by a passion for making a difference in the lives of those it serves. The agency's efforts to maintain the highest standards of care have garnered recognition and established it as a pillar of the Mobile, AL, community. For more information about Gracepoint Home Care and their home health care in Mobile, AL , please visit their website at https://gracepointcare.com About Gracepoint Home Care: Gracepoint Home Care is a premier provider of home health care services in Mobile, AL. Focusing on compassion, excellence, and personalized care, the agency is committed to improving the quality of life for its clients and ensuring they receive the highest standard of care in the comfort of their homes. Gracepoint Home Care is more than just a service provider; it is a dedicated partner in health and well-being. Media Contact Company Name: Gracepoint Home Care Contact Person: Dylan Maloney Email: Send Email Phone: +12514155521 Address:600 Bel Air Blvd Suite 150 City: Mobile State: AL Country: United States Website: https://gracepointcare.com/",
    "highlightText": "",
    "highlightTitle": "",
    "highlightThreadTitle": "",
    "language": "english",
    "sentiment": "positive",
    "categories": [
        "Health"
    ],
    "external_links": [
        "https://gracepointcare.com/",
        "https://gracepointcare.com",
        "http://www.universalpressrelease.com/?pr=gracepoint-home-care-continues-its-commitment-to-providing-exceptional-home-health-care-in-mobile-al",
        "https://gracepointcare.com/home-health-care/",
        "https://gracepointcare.com/home-health-care",
        "https://www.gracepointcare.com/home-health-care/",
        "https://www.gracepointcare.com",
        "http://universalpressrelease.com/?pr=gracepoint-home-care-continues-its-commitment-to-providing-exceptional-home-health-care-in-mobile-al",
        "http://www.universalpressrelease.com/",
        "https://www.gracepointcare.com/",
        "https://gracepointcare.com"
    ],
    "external_images": [],
    "entities": {
        "persons": [
            {
                "name": "maloney",
                "sentiment": "none"
            },
            {
                "name": "dylan maloney",
                "sentiment": "none"
            }
        ],
        "organizations": [
            {
                "name": "al - gracepoint home care",
                "sentiment": "negative"
            },
            {
                "name": "gracepoint home care",
                "sentiment": "none"
            }
        ],
        "locations": []
    },
    "rating": null,
    "crawled": "2024-04-05T00:26:25.183+03:00",
    "updated": "2024-04-05T00:26:25.183+03:00"
}