{
    "thread": {
        "uuid": "df1104804563a8413935badf1c034ff87e54a262",
        "url": "https://www.aol.com/sports/draft-deep-dive-wrs-part-210056401.html",
        "site_full": "www.aol.com",
        "site": "aol.com",
        "site_section": "https://www.aol.com/sports/",
        "site_categories": [
            "media"
        ],
        "section_title": "Sports News &amp; latest headlines from every league - AOL.com",
        "title": "Draft Deep Dive: WRs part 1 + Ripple effects of Stefon Diggs trade to Texans [Video]",
        "title_full": "Draft Deep Dive: WRs part 1 + Ripple effects of Stefon Diggs trade to Texans [Video]",
        "published": "2024-04-04T03:00:00.000+03:00",
        "replies_count": 0,
        "participants_count": 1,
        "site_type": "news",
        "country": "US",
        "main_image": "https://s.yimg.com/ny/api/res/1.2/gATBbprs1glHFMr8AWBb4A--/YXBwaWQ9aGlnaGxhbmRlcjt3PTEyMDA7aD02NzU-/https://media.zenfs.com/en/aol_yahoo_sports_800/ae2f24eeaea6c825a3080be1747e0941",
        "performance_score": 0,
        "domain_rank": 278,
        "domain_rank_updated": "2024-04-02T13:08:08.000+03:00",
        "reach": null,
        "social": {
            "facebook": {
                "likes": 0,
                "comments": 0,
                "shares": 0
            },
            "gplus": {
                "shares": 0
            },
            "pinterest": {
                "shares": 0
            },
            "linkedin": {
                "shares": 0
            },
            "stumbledupon": {
                "shares": 0
            },
            "vk": {
                "shares": 0
            }
        }
    },
    "uuid": "df1104804563a8413935badf1c034ff87e54a262",
    "url": "https://www.aol.com/sports/draft-deep-dive-wrs-part-210056401.html",
    "ord_in_thread": 0,
    "parent_url": null,
    "author": "Matt Harmon",
    "published": "2024-04-04T03:00:00.000+03:00",
    "title": "Draft Deep Dive: WRs part 1 + Ripple effects of Stefon Diggs trade to Texans [Video]",
    "text": "Subscribe to the Yahoo Fantasy Football Show Apple Podcasts | Spotify | YouTube Matt Harmon and Charles McDonald their 'Draft Deep Dive' series by taking a look at arguably the most loaded position in this year's draft: The wide receivers. Given how many notable prospects are in this class we decided to break the position series into two parts. Part one looks at most of the prospects that will likely go in the first two days of the draft. But before diving into this year's WR class the two react to one of the biggest WR moves of the offseason, as the Buffalo Bills traded Stefon Diggs to the Houston Texans in exchange for a 2024 2nd round pick. Harmon and McDonald look at the fantasy ripple effect for both teams as well as how this could impact the Bills decisions in this year's draft. Both believe the Bills could get aggressive early in the draft to try and land one of the top WR prospects. Speaking of those WR prospects, Harmon reveals the 8 guys he's studied the most heading into the draft. The two start by looking at the 'top 3' tier and if anything separates Marvin Harrison, Malik Nabers and Rome Odunze. Harmon and McDonald also attempt to identify which would be the best fits for each of the WRs. To end the show, Harmon and McDonald look at 5 other WR prospects that could go in the first round or be top end picks in the second round. Harmon also identifies his favorite day two sleeper at the WR . 3:45 - Ripple effect for both the Texans and Bills after Stefon Diggs trade 19:00 - Draft Deep Dive: Marvin Harrison Jr. 26:00 - Draft Deep Dive: Malik Nabers 32:00 - Draft Deep Dive: Rome Odunze 42:30 - Draft Deep Dive: Brian Thomas Jr. 49:15 - Draft Deep Dive: Ladd McConkey 55:00 - Draft Deep Dive: Keon Coleman 59:45 - Draft Deep Dive: Roman Wilson 1:03:10 - Draft Deep Dive: Rickey Pearsall 🖥️ Watch this full episode on YouTube Check out all the episodes of the Yahoo Fantasy Football Show and the rest of the Yahoo Sports podcast family at https://apple.co/3zEuTQj or at Yahoo Sports Podcasts",
    "highlightText": "",
    "highlightTitle": "",
    "highlightThreadTitle": "",
    "language": "english",
    "sentiment": "positive",
    "categories": [
        "Health"
    ],
    "external_links": [
        "https://open.spotify.com/show/70E33T64jsqzqr9V0L9CFr?si=9dGAVhXBSJGvmvnH7ubh7A",
        "https://sports.yahoo.com/podcasts/fantasy",
        "https://youtube.com/playlist?list=PLtAg01865jDdovghurIyNM7qZFwSJCnyD&si=HSuNwIMcOt6MdHnZ",
        "https://sports.yahoo.com/podcasts/",
        "https://apple.co/3zEuTQj",
        "https://itunes.apple.com/us/podcast/the-yahoo-sports-fantasy-podcast/id1031567659?mt=2",
        "https://www.open.spotify.com/show/70E33T64jsqzqr9V0L9CFr?si=9dGAVhXBSJGvmvnH7ubh7A",
        "https://youtube.com/playlist",
        "https://www.itunes.apple.com/us/podcast/the-yahoo-sports-fantasy-podcast/id1031567659?mt=2",
        "https://sports.yahoo.com/podcasts",
        "https://www.sports.yahoo.com/podcasts/",
        "https://open.spotify.com/show/70E33T64jsqzqr9V0L9CFr",
        "https://www.sports.yahoo.com/podcasts/fantasy",
        "https://itunes.apple.com/us/podcast/the-yahoo-sports-fantasy-podcast/id1031567659",
        "https://www.youtube.com/playlist?list=PLtAg01865jDdovghurIyNM7qZFwSJCnyD&si=HSuNwIMcOt6MdHnZ",
        "https://www.apple.co/3zEuTQj"
    ],
    "external_images": [],
    "entities": {
        "persons": [
            {
                "name": "matt harmon",
                "sentiment": "negative"
            },
            {
                "name": "stefon diggs",
                "sentiment": "negative"
            },
            {
                "name": "char",
                "sentiment": "negative"
            },
            {
                "name": "harmon",
                "sentiment": "none"
            },
            {
                "name": "marvin harrison",
                "sentiment": "none"
            }
        ],
        "organizations": [
            {
                "name": "mcdonald",
                "sentiment": "none"
            },
            {
                "name": "buffalo bills",
                "sentiment": "none"
            }
        ],
        "locations": [
            {
                "name": "mali",
                "sentiment": "none"
            },
            {
                "name": "houston",
                "sentiment": "none"
            }
        ]
    },
    "rating": null,
    "crawled": "2024-04-05T00:11:43.680+03:00",
    "updated": "2024-04-05T00:11:43.680+03:00"
}