{
    "thread": {
        "uuid": "e5ee7fb23fc719cff0754e095222af42597df5e8",
        "url": "http://business.times-online.com/times-online/article/getnews-2024-4-4-angel-caregivers-inc-reinforces-its-commitment-to-premier-home-care-in-des-plaines-il",
        "site_full": "business.times-online.com",
        "site": "times-online.com",
        "site_section": "http://business.times-online.com/times-online/markets/news",
        "site_categories": [
            "financial_news",
            "finance"
        ],
        "section_title": "Stock Market News | NSDQ, NYSE, and AMEX Stock Market News, Market News Categories, Market Indicators | User | times-online.com ",
        "title": "Angel Caregivers Inc. Reinforces Its Commitment to Premier Home Care in Des Plaines, IL | User | times-online.com",
        "title_full": "Angel Caregivers Inc. Reinforces Its Commitment to Premier Home Care in Des Plaines, IL | User | times-online.com",
        "published": "2024-04-04T03:00:00.000+03:00",
        "replies_count": 0,
        "participants_count": 1,
        "site_type": "news",
        "country": "US",
        "main_image": "",
        "performance_score": 0,
        "domain_rank": 86983,
        "domain_rank_updated": "2024-04-02T13:08:16.000+03:00",
        "reach": null,
        "social": {
            "facebook": {
                "likes": 0,
                "comments": 0,
                "shares": 0
            },
            "gplus": {
                "shares": 0
            },
            "pinterest": {
                "shares": 0
            },
            "linkedin": {
                "shares": 0
            },
            "stumbledupon": {
                "shares": 0
            },
            "vk": {
                "shares": 0
            }
        }
    },
    "uuid": "e5ee7fb23fc719cff0754e095222af42597df5e8",
    "url": "http://business.times-online.com/times-online/article/getnews-2024-4-4-angel-caregivers-inc-reinforces-its-commitment-to-premier-home-care-in-des-plaines-il",
    "ord_in_thread": 0,
    "parent_url": null,
    "author": "Valley City Times-Record",
    "published": "2024-04-04T03:00:00.000+03:00",
    "title": "Angel Caregivers Inc. Reinforces Its Commitment to Premier Home Care in Des Plaines, IL | User | times-online.com",
    "text": "Des Plaines, IL - Angel Caregivers Inc., a leading provider of home care services, today reaffirmed its dedication to serving the Des Plaines community by continuing to offer exceptional home care solutions. Under the leadership of Vince Icao, Angel Caregivers Inc. is proud to uphold its reputation as one of the best Chicago & Des Plaines home care agencies, ensuring residents have access to the highest quality of care. \"Ensuring the well-being of our clients through personalized home care services has always been our top priority,\" stated Vince Icao. \"Angel Caregivers Inc. is committed to maintaining our position as a leader in the home care industry by offering comprehensive and compassionate care to families in Des Plaines, IL. We are proud to be recognized as one of the best Chicago & Des Plaines home care agencies, a testament to our dedication to excellence and our clients' trust in us.\" Angel Caregivers Inc. specializes in various home care services tailored to meet each client's needs. From personal care and medication management to companionship and specialized care for chronic conditions, the team at Angel Caregivers Inc. is equipped to provide the support and assistance necessary to improve the quality of life for those in their care. This commitment to excellence and personalized attention distinguishes Angel Caregivers Inc. as a top Des Plaines, IL home care provider. The continued demand for high-quality home care services in Des Plaines and the greater Chicago area reflects the community's trust in Angel Caregivers Inc. By adhering to the highest standards of care and continuously striving to exceed client expectations; Angel Caregivers Inc. solidifies its status as a trusted and preferred choice for home care services. For more information about Angel Caregivers Inc. and their home care in Des Plaines, IL , please visit their website at https://angelcaregiversinc.com About Angel Caregivers Inc.: Angel Caregivers Inc. is a premier home care provider based in Des Plaines, IL, serving clients throughout the greater Chicago area. Known for its commitment to quality, compassion, and innovation, Angel Caregivers Inc. offers a comprehensive suite of home care services designed to meet the diverse needs of its clientele. As one of the best Chicago & Des Plaines home care agencies, Angel Caregivers Inc. is dedicated to enhancing the lives of those it serves, ensuring clients receive the respectful, dignified, and professional care they deserve. Media Contact Company Name: Angel Caregivers Inc Contact Person: Vince Icao Email: Send Email Phone: +1 708 585 0525 Address:306 Busse Hwy City: Park Ridge State: IL Country: United States Website: http://www.angelcaregiversinc.com",
    "highlightText": "",
    "highlightTitle": "",
    "highlightThreadTitle": "",
    "language": "english",
    "sentiment": "positive",
    "categories": [
        "Human Interest",
        "Social Issue",
        "Health"
    ],
    "external_links": [
        "https://angelcaregiversinc.com",
        "http://www.universalpressrelease.com/?pr=angel-caregivers-inc-reinforces-its-commitment-to-premier-home-care-in-des-plaines-il",
        "https://angelcaregiversinc.com/home-care/",
        "http://www.angelcaregiversinc.com",
        "https://www.angelcaregiversinc.com/home-care/",
        "http://universalpressrelease.com/?pr=angel-caregivers-inc-reinforces-its-commitment-to-premier-home-care-in-des-plaines-il",
        "http://www.universalpressrelease.com/",
        "https://angelcaregiversinc.com/home-care",
        "https://www.angelcaregiversinc.com",
        "http://angelcaregiversinc.com"
    ],
    "external_images": [],
    "entities": {
        "persons": [
            {
                "name": "vince icao",
                "sentiment": "none"
            }
        ],
        "organizations": [
            {
                "name": "angel caregivers inc",
                "sentiment": "negative"
            },
            {
                "name": "il - angel caregivers inc.",
                "sentiment": "negative"
            },
            {
                "name": "angel caregivers inc.",
                "sentiment": "none"
            },
            {
                "name": "chicago & des plaines",
                "sentiment": "none"
            }
        ],
        "locations": [
            {
                "name": "des plaines",
                "sentiment": "none"
            }
        ]
    },
    "rating": null,
    "crawled": "2024-04-05T01:13:53.849+03:00",
    "updated": "2024-04-05T01:13:53.849+03:00"
}