{
    "thread": {
        "uuid": "e9b321371ea8c339357a43eba400d982f5052941",
        "url": "https://m.dailyhunt.in/news/india/english/ndtvswirlster-epaper-dhe9315e70a838418fabdbad3ea831220c/sara+ali+khans+powerpacked+battle+rope+workout+is+the+kind+of+week+day+motivation+we+need-newsid-n597465300",
        "site_full": "m.dailyhunt.in",
        "site": "dailyhunt.in",
        "site_section": "https://m.dailyhunt.in/news/india/epaper-sify",
        "site_categories": [
            "media",
            "top_news"
        ],
        "section_title": "Dailyhunt",
        "title": "Sara Ali Khan's Power-Packed Battle Rope Workout Is The Kind Of Week Day Motivation We Need",
        "title_full": "Sara Ali Khan's Power-Packed Battle Rope Workout Is The Kind Of Week Day Motivation We Need",
        "published": "2024-04-04T11:32:00.000+03:00",
        "replies_count": 0,
        "participants_count": 1,
        "site_type": "news",
        "country": "IN",
        "main_image": "",
        "performance_score": 0,
        "domain_rank": 18004,
        "domain_rank_updated": "2024-04-02T13:08:08.000+03:00",
        "reach": null,
        "social": {
            "facebook": {
                "likes": 0,
                "comments": 0,
                "shares": 0
            },
            "gplus": {
                "shares": 0
            },
            "pinterest": {
                "shares": 0
            },
            "linkedin": {
                "shares": 0
            },
            "stumbledupon": {
                "shares": 0
            },
            "vk": {
                "shares": 0
            }
        }
    },
    "uuid": "e9b321371ea8c339357a43eba400d982f5052941",
    "url": "https://m.dailyhunt.in/news/india/english/ndtvswirlster-epaper-dhe9315e70a838418fabdbad3ea831220c/sara+ali+khans+powerpacked+battle+rope+workout+is+the+kind+of+week+day+motivation+we+need-newsid-n597465300",
    "ord_in_thread": 0,
    "parent_url": null,
    "author": "@Dailyhuntapp",
    "published": "2024-04-04T11:32:00.000+03:00",
    "title": "Sara Ali Khan's Power-Packed Battle Rope Workout Is The Kind Of Week Day Motivation We Need",
    "text": "The latest Instagram entry by Sara&apos;s fitness trainer Namrata Purohit is proof enough. She has shared a video of Sara \"killing it\" in the gym. In the clip, the actress is performing the battle rope exercise, which targets your arm muscles. It forces your muscles to work in unison and aids in developing coordination, balance and stability. Apart from this, the battle rope exercise helps in toning and sculpting the body muscles. Sharing Sara&apos;s video on her Instagram Stories, Namrata wrote, \"Glimpse of Sara Ali Khan killing it.\"\nLeave it to Sara Ali Khan and she will best tell you how to add versatility to workout diaries . A few days back, the actress indulged in a solid pilates session to maintain her physique. She indulged in an intense circuit that began with side variations. The exercise focuses on not only improving the core but also toning the side muscles. Then, Sara performed a back press with control, which helps in strengthening the muscles. A pilates-led variation of lunges was next on her fitness list. It aids in strengthening the inner thigh muscles and legs. The actress&apos; comprehensive approach towards fitness is the best way to notch it up. Sharing the video she wrote, \"Pehle stomach burn. Ab abs ka turn. You gotta work so you can earn. The sarso ka saag for which you yearn.\"\nView this post on Instagram A post shared by Sara Ali Khan (@saraalikhan95)\n\\n Whether on a holiday or not, Sara Ali Khan makes a point that she does not skip her workout session. Earlier, the actress shared another intense workout video wherein she started with weighted squats that help build up the glutes and strengthen the thigh muscles. It was followed by cardio that included cycling, cross-over and more. Her circuit also involved workouts like mountain climbers, and a variation of squats, which helps in strengthening the core.\nView this post on Instagram A post shared by Sara Ali Khan (@saraalikhan95)\n\\n We are taking notes from Sara Ali Khan&apos;s workout regimen to up our fitness game.",
    "highlightText": "",
    "highlightTitle": "",
    "highlightThreadTitle": "",
    "language": "english",
    "sentiment": "positive",
    "categories": [
        "Lifestyle and Leisure",
        "Health"
    ],
    "external_links": [
        "https://www.instagram.com/reel/Cx-vyD2IENH/?utm_source=ig_embed&utm_campaign=loading\\",
        "https://www.instagram.com/reel/C4cxOLRIYg2/?utm_source=ig_embed&utm_campaign=loading\\",
        "https://instagram.com/reel/C4cxOLRIYg2/?utm_source=ig_embed&utm_campaign=loading\\",
        "https://www.instagram.com/reel/Cx-vyD2IENH/",
        "https://instagram.com/reel/Cx-vyD2IENH/?utm_source=ig_embed&utm_campaign=loading\\",
        "https://www.instagram.com/reel/C4cxOLRIYg2/"
    ],
    "external_images": [],
    "entities": {
        "persons": [
            {
                "name": "namrata purohit",
                "sentiment": "negative"
            },
            {
                "name": "sara ali khan",
                "sentiment": "negative"
            },
            {
                "name": "sara",
                "sentiment": "negative"
            },
            {
                "name": "namrata",
                "sentiment": "none"
            }
        ],
        "organizations": [
            {
                "name": "instagram stories",
                "sentiment": "none"
            }
        ],
        "locations": []
    },
    "rating": null,
    "crawled": "2024-04-05T00:32:42.177+03:00",
    "updated": "2024-04-05T00:32:42.177+03:00"
}