{
    "thread": {
        "uuid": "a5e3547178e390f811ca5ebb13673712909c0cb6",
        "url": "http://business.times-online.com/times-online/article/getnews-2024-4-4-hearts-at-home-continues-its-dedication-to-providing-premier-in-home-care-in-oklahoma-city",
        "site_full": "business.times-online.com",
        "site": "times-online.com",
        "site_section": "http://business.times-online.com/times-online/markets/news",
        "site_categories": [
            "financial_news",
            "finance"
        ],
        "section_title": "Stock Market News | NSDQ, NYSE, and AMEX Stock Market News, Market News Categories, Market Indicators | User | times-online.com ",
        "title": "Hearts at Home Continues Its Dedication to Providing Premier In-Home Care in Oklahoma City | User | times-online.com",
        "title_full": "Hearts at Home Continues Its Dedication to Providing Premier In-Home Care in Oklahoma City | User | times-online.com",
        "published": "2024-04-04T03:00:00.000+03:00",
        "replies_count": 0,
        "participants_count": 1,
        "site_type": "news",
        "country": "US",
        "main_image": "",
        "performance_score": 0,
        "domain_rank": 86983,
        "domain_rank_updated": "2024-04-02T13:08:16.000+03:00",
        "reach": null,
        "social": {
            "facebook": {
                "likes": 0,
                "comments": 0,
                "shares": 0
            },
            "gplus": {
                "shares": 0
            },
            "pinterest": {
                "shares": 0
            },
            "linkedin": {
                "shares": 0
            },
            "stumbledupon": {
                "shares": 0
            },
            "vk": {
                "shares": 0
            }
        }
    },
    "uuid": "a5e3547178e390f811ca5ebb13673712909c0cb6",
    "url": "http://business.times-online.com/times-online/article/getnews-2024-4-4-hearts-at-home-continues-its-dedication-to-providing-premier-in-home-care-in-oklahoma-city",
    "ord_in_thread": 0,
    "parent_url": null,
    "author": "Valley City Times-Record",
    "published": "2024-04-04T03:00:00.000+03:00",
    "title": "Hearts at Home Continues Its Dedication to Providing Premier In-Home Care in Oklahoma City | User | times-online.com",
    "text": "Hearts at Home reaffirms its commitment to providing premier in-home elderly care in Oklahoma City, emphasizing personalized, compassionate services for a fulfilling life. As a trusted provider, they offer comprehensive care, ensuring seniors' well-being and family peace of mind. Discover more about their dedication to enhancing lives at https://heartsathomeok.com. Oklahoma City, OK - Hearts at Home, a distinguished provider of in-home care services, today reaffirmed its commitment to the community of Oklahoma City by continuing to offer exceptional elderly care. Recognizing the importance of accessible in-home care for families, Hearts at Home emphasizes its dedication to ensuring the well-being of loved ones through personalized and compassionate care services.\n\"At Hearts at Home, we understand the value of family and the need for quality elderly care in Oklahoma City. Our mission is to provide comprehensive in-home care services that cater to the unique needs of each individual, ensuring they receive the care and support necessary for a fulfilling life,\" stated Marcia Crook, owner of Hearts at Home. \"We are committed to enhancing the lives of our clients and their families by maintaining our status as a trusted provider of elderly care in Oklahoma City.\"\nHearts at Home's approach to in-home care is centered around a deep understanding of the needs of the elderly and their families. By offering a wide range of services, including personal care, medication management, mobility assistance, and companionship, Hearts at Home ensures that families have the support they need to care for their elderly loved ones at home. This commitment highlights the agency's role in facilitating accessible, high-quality elderly care in Oklahoma City.\nAs the demand for reliable in-home care continues to grow, Hearts at Home's dedication to meeting this need underscores its pledge to the community. By prioritizing its clients' health, happiness, and well-being, Hearts at Home stands as a pillar of support for families across Oklahoma City, offering peace of mind and a higher quality of life for the elderly.\nFor more information about Hearts at Home and their In-Home Care in Oklahoma City, OK , please visit their website at https://heartsathomeok.com\nAbout Hearts at Home:\nHearts at Home is a leading provider of in-home care services in Oklahoma City, OK. Known for its commitment to quality, compassion, and excellence, Hearts at Home prides itself on its ability to offer personalized, compassionate care that prioritizes the well-being of its clients. As a trusted provider of elderly care in Oklahoma City, Hearts at Home is dedicated to enhancing the lives of seniors and their families, ensuring they receive the dignity, respect, and quality of care they deserve.\nMedia Contact\nCompany Name: Hearts at Home Companion Care\nContact Person: Marcia Crook\nEmail: Send Email\nPhone: (405) 310-4000\nAddress: 1400 N Porter Ave\nCity: Norman\nState: OK\nCountry: United States\nWebsite: https://heartsathomeok.com",
    "highlightText": "",
    "highlightTitle": "",
    "highlightThreadTitle": "",
    "language": "english",
    "sentiment": "positive",
    "categories": [
        "Health",
        "Human Interest",
        "Lifestyle and Leisure"
    ],
    "external_links": [
        "https://heartsathomeok.com/home-health-care-oklahoma-city-location/",
        "http://www.universalpressrelease.com/?pr=hearts-at-home-continues-its-dedication-to-providing-premier-inhome-care-in-oklahoma-city",
        "https://heartsathomeok.com",
        "http://universalpressrelease.com/?pr=hearts-at-home-continues-its-dedication-to-providing-premier-inhome-care-in-oklahoma-city",
        "https://www.heartsathomeok.com/home-health-care-oklahoma-city-location/",
        "https://www.heartsathomeok.com",
        "https://heartsathomeok.com/home-health-care-oklahoma-city-location",
        "http://www.universalpressrelease.com/"
    ],
    "external_images": [],
    "entities": {
        "persons": [
            {
                "name": "marcia crook",
                "sentiment": "none"
            }
        ],
        "organizations": [],
        "locations": [
            {
                "name": "oklahoma city",
                "sentiment": "none"
            }
        ]
    },
    "rating": null,
    "crawled": "2024-04-05T00:44:11.331+03:00",
    "updated": "2024-04-05T00:44:38.133+03:00"
}