{
    "thread": {
        "uuid": "6c34ceea0fde8a4ae4e74308d3a232c6a20b2a61",
        "url": "https://www.terra.com.br/noticias/moving-girls-lanca-formacao-de-empreendedorismo,a6b3cf118393cad537941e774ae179bea95kpy5s.html",
        "site_full": "www.terra.com.br",
        "site": "terra.com.br",
        "site_section": "https://terra.com.br/rss.xml",
        "site_categories": [
            "media",
            "top_news"
        ],
        "section_title": "Brasil",
        "title": "Moving Girls lança formação de empreendedorismo",
        "title_full": "Moving Girls lança formação de empreendedorismo",
        "published": "2024-04-04T23:06:00.000+03:00",
        "replies_count": 0,
        "participants_count": 1,
        "site_type": "news",
        "country": "BR",
        "main_image": "https://p2.trrsf.com/image/fget/cf/1200/630/middle/images.terra.com/2024/04/04/191425625-66d58176-810a-4c82-bacc-01e6206e5c5e.jpeg",
        "performance_score": 0,
        "domain_rank": 3385,
        "domain_rank_updated": "2024-04-02T13:08:08.000+03:00",
        "reach": null,
        "social": {
            "facebook": {
                "likes": 0,
                "comments": 0,
                "shares": 0
            },
            "gplus": {
                "shares": 0
            },
            "pinterest": {
                "shares": 0
            },
            "linkedin": {
                "shares": 0
            },
            "stumbledupon": {
                "shares": 0
            },
            "vk": {
                "shares": 0
            }
        }
    },
    "uuid": "6c34ceea0fde8a4ae4e74308d3a232c6a20b2a61",
    "url": "https://www.terra.com.br/noticias/moving-girls-lanca-formacao-de-empreendedorismo,a6b3cf118393cad537941e774ae179bea95kpy5s.html",
    "ord_in_thread": 0,
    "parent_url": null,
    "author": "DINO",
    "published": "2024-04-04T23:06:00.000+03:00",
    "title": "Moving Girls lança formação de empreendedorismo",
    "text": "Mentoradas pela empresária e CEO da comunidade Moving Girls, Camila Vidal, cerca de 500 mulheres receberam conhecimento, técnicas e metodologia para desenvolver seus negócios No evento voltado para o empreendedorismo feminino Dominação Mundial da Moving Girls que aconteceu no Hotel Pullman, em Guarulhos entre os dias 9 e 10 de março, participaram cerca de 500 alunas e empreendedoras de diversos setores do mercado físico e digital; e viram na prática o empreendedorismo e inteligência emocional estruturante para um negócio de sucesso através de métodos que garantem o crescimento de forma sólida. Ministrado por Camila Vidal , CEO da Moving Girls, o evento detalhou a realidade sobre o que é empreender e como lidar com as dificuldades de construir um negócio do zero. Camila destacou ainda que os lançamentos da Formação para Empreendedoras, e da turma 8 do MDA mostram a essência da marca: agir com clareza e consistência para a construção de uma base forte para o crescimento da empreendedora e da empresa. A cultura da marca Moving Girls foi percebida pelas alunas como uma validação dos ensinamentos em relação à importância do engajamento do time sob valores de transparência, respeito e atenção. Além disso, o poder da comunidade digital foi validado na evolução das participantes, pois o empreendedorismo deixa de ser solitário à medida que a comunidade cresce e fortalece seus vínculos compartilhando suas experiências e encontrando na comunidade Moving Girls a rede de apoio para planejar e empreender. \"A Moving Girls mostrou durante o evento a prisão sob a qual as empreendedoras têm seu crescimento estagnado: a tirania do sucesso, que as impede de expressar sua identidade livremente para se submeter a regras que não lhes cabe. As empreendedoras que vivenciaram a experiência do evento 'Dominação Mundial Moving Girls' têm a consciência da liberdade e da expressão como força e clareza para crescer seus negócios\", explicou Camila. Camila ressaltou ainda que a comprovação da mentalidade como um dos pilares essenciais para o empreendedorismo feminino é dada através dos relatos de problemas em comuns e suas soluções trabalhadas no evento - exercícios não apenas técnicos como também práticas de inteligência social. \"Foi uma quebra de tabus relacionados a um dos maiores obstáculos em qualquer nicho: o medo da venda. A Liberdade e a Expressão foi a bandeira erguida que representa o maior anseio das mulheres empreendedoras que desejam crescer em toda sua potência fazendo uso de sua singularidade e se libertando da tirania do sucesso\". A empresária e líder da Moving Girls ainda explica, por exemplo, que a Formação é uma forma de trazer mais profissionalismo para empreendedoras do Brasil, através de um método com certificação e possibilidade de investimento no final. \"Além disso, a metodologia é totalmente on-line, com aulas semanais, separadas por aulas de base, especialistas convidados, implementação e monitoria. Ao final de seis meses, as alunas da formação ainda passam por uma preparação para pitch com possibilidade de investimento — em uma formatura presencial\", conclui. Mais informações sobre a Escola de Empreendedorismo Moving Girls e outras dúvidas podem ser acessadas através do Instagram @movinggirls .",
    "highlightText": "",
    "highlightTitle": "",
    "highlightThreadTitle": "",
    "language": "portuguese",
    "sentiment": "positive",
    "categories": [
        "Health",
        "Education"
    ],
    "external_links": [
        "https://www.instagram.com/movinggirls/",
        "https://www.instagram.com/camilavidal/",
        "https://instagram.com/camilavidal/",
        "https://www.instagram.com/camilavidal",
        "https://instagram.com/movinggirls/",
        "https://www.instagram.com/movinggirls"
    ],
    "external_images": [],
    "entities": {
        "persons": [],
        "organizations": [],
        "locations": []
    },
    "rating": null,
    "crawled": "2024-04-05T00:09:04.542+03:00",
    "updated": "2024-04-05T00:09:04.542+03:00"
}