{
    "thread": {
        "uuid": "b0120a91b63877995a842a4a48d13ca0c5ff4683",
        "url": "https://writingcooperative.com/a-simple-productivity-process-that-transformed-my-life-6c9477b8cf5b",
        "site_full": "writingcooperative.com",
        "site": "writingcooperative.com",
        "site_section": "https://medium.com/feed/tag/self-improvement",
        "site_categories": [
            "hobbies_and_interests",
            "freelance_writing"
        ],
        "section_title": "",
        "title": "A Simple Productivity Process that Transformed My Life | by Heidi Suydam | Apr, 2024 | The Writing Cooperative",
        "title_full": "A Simple Productivity Process that Transformed My Life | by Heidi Suydam | Apr, 2024 | The Writing Cooperative",
        "published": "2024-04-05T00:02:00.000+03:00",
        "replies_count": 0,
        "participants_count": 1,
        "site_type": "news",
        "country": "US",
        "main_image": "https://miro.medium.com/v2/da:true/resize:fit:1200/0*Pmd9JHR_Ah3gFeYS",
        "performance_score": 0,
        "domain_rank": 36829,
        "domain_rank_updated": "2024-04-02T13:08:08.000+03:00",
        "reach": null,
        "social": {
            "facebook": {
                "likes": 0,
                "comments": 0,
                "shares": 0
            },
            "gplus": {
                "shares": 0
            },
            "pinterest": {
                "shares": 0
            },
            "linkedin": {
                "shares": 0
            },
            "stumbledupon": {
                "shares": 0
            },
            "vk": {
                "shares": 0
            }
        }
    },
    "uuid": "b0120a91b63877995a842a4a48d13ca0c5ff4683",
    "url": "https://writingcooperative.com/a-simple-productivity-process-that-transformed-my-life-6c9477b8cf5b",
    "ord_in_thread": 0,
    "parent_url": null,
    "author": "Heidi Suydam",
    "published": "2024-04-05T00:02:00.000+03:00",
    "title": "A Simple Productivity Process that Transformed My Life | by Heidi Suydam | Apr, 2024 | The Writing Cooperative",
    "text": "A Simple Productivity Process that Transformed My Life This process helps me manage my daily to-do’s, write, and hit publish! Tossing aside the hustle culture mentality and embracing a simpler, more purposeful, peaceful life is a great idea — the problem is that multiple “regular life” things still have to get done, and I often feel like I am still hustling! The productivity…",
    "highlightText": "",
    "highlightTitle": "",
    "highlightThreadTitle": "",
    "language": "english",
    "sentiment": "positive",
    "categories": [
        "Health"
    ],
    "external_links": [
        "https://miro.medium.com/v2/resize:fit:720/format:webp/0*Pmd9JHR_Ah3gFeYS",
        "https://miro.medium.com/v2/resize:fit:1400/0*Pmd9JHR_Ah3gFeYS",
        "https://miro.medium.com/v2/resize:fit:750/0*Pmd9JHR_Ah3gFeYS",
        "https://heidisuydam.medium.com/?source=post_page-----6c9477b8cf5b--------------------------------",
        "https://miro.medium.com/v2/resize:fit:640/format:webp/0*Pmd9JHR_Ah3gFeYS",
        "https://miro.medium.com/v2/resize:fit:828/format:webp/0*Pmd9JHR_Ah3gFeYS",
        "https://miro.medium.com/v2/resize:fit:720/0*Pmd9JHR_Ah3gFeYS",
        "https://medium.com/m/signin?actionUrl=https%3A%2F%2Fmedium.com%2F_%2Fbookmark%2Fp%2F6c9477b8cf5b&operation=register&redirect=https%3A%2F%2Fwritingcooperative.com%2Fa-simple-productivity-process-that-transformed-my-life-6c9477b8cf5b&source=-----6c9477b8cf5b---------------------bookmark_footer-----------",
        "https://miro.medium.com/v2/resize:fit:1100/0*Pmd9JHR_Ah3gFeYS",
        "https://miro.medium.com/v2/resize:fit:640/0*Pmd9JHR_Ah3gFeYS",
        "https://miro.medium.com/v2/resize:fit:786/format:webp/0*Pmd9JHR_Ah3gFeYS",
        "https://miro.medium.com/v2/resize:fit:828/0*Pmd9JHR_Ah3gFeYS",
        "https://miro.medium.com/v2/resize:fill:88:88/2*t8-oyxDw8EF4I6Ty45OHzQ.jpeg",
        "https://miro.medium.com/v2/resize:fit:1400/format:webp/0*Pmd9JHR_Ah3gFeYS",
        "https://miro.medium.com/v2/resize:fit:750/format:webp/0*Pmd9JHR_Ah3gFeYS",
        "https://medium.com/m/signin?actionUrl=https%3A%2F%2Fmedium.com%2F_%2Fvote%2Fwriting-cooperative%2F6c9477b8cf5b&operation=register&redirect=https%3A%2F%2Fwritingcooperative.com%2Fa-simple-productivity-process-that-transformed-my-life-6c9477b8cf5b&user=Heidi+Suydam&userId=5651f3413af&source=-----6c9477b8cf5b---------------------clap_footer-----------",
        "https://miro.medium.com/v2/resize:fit:1100/format:webp/0*Pmd9JHR_Ah3gFeYS",
        "https://medium.com/m/signin?actionUrl=https%3A%2F%2Fmedium.com%2F_%2Fsubscribe%2Fuser%2F5651f3413af&operation=register&redirect=https%3A%2F%2Fwritingcooperative.com%2Fa-simple-productivity-process-that-transformed-my-life-6c9477b8cf5b&user=Heidi+Suydam&userId=5651f3413af&source=post_page-5651f3413af----6c9477b8cf5b---------------------post_header-----------",
        "https://unsplash.com/?utm_source=medium&utm_medium=referral",
        "https://miro.medium.com/v2/resize:fit:786/0*Pmd9JHR_Ah3gFeYS",
        "https://unsplash.com/@cathrynlavery?utm_source=medium&utm_medium=referral",
        "https://medium.com/m/signin",
        "https://unsplash.com/",
        "https://www.miro.medium.com/v2/resize:fit:786/format:webp/0*Pmd9JHR_Ah3gFeYS",
        "https://www.unsplash.com/@cathrynlavery?utm_source=medium&utm_medium=referral",
        "https://www.miro.medium.com/v2/resize:fit:828/format:webp/0*Pmd9JHR_Ah3gFeYS",
        "https://www.miro.medium.com/v2/resize:fit:750/format:webp/0*Pmd9JHR_Ah3gFeYS",
        "https://www.miro.medium.com/v2/resize:fit:750/0*Pmd9JHR_Ah3gFeYS",
        "https://www.miro.medium.com/v2/resize:fit:720/format:webp/0*Pmd9JHR_Ah3gFeYS",
        "https://www.heidisuydam.medium.com/?source=post_page-----6c9477b8cf5b--------------------------------",
        "https://unsplash.com/@cathrynlavery",
        "https://www.miro.medium.com/v2/resize:fit:1100/format:webp/0*Pmd9JHR_Ah3gFeYS",
        "https://www.miro.medium.com/v2/resize:fit:720/0*Pmd9JHR_Ah3gFeYS",
        "https://www.miro.medium.com/v2/resize:fit:1100/0*Pmd9JHR_Ah3gFeYS",
        "https://www.unsplash.com/?utm_source=medium&utm_medium=referral",
        "https://www.miro.medium.com/v2/resize:fit:828/0*Pmd9JHR_Ah3gFeYS",
        "https://www.medium.com/m/signin?actionUrl=https%3A%2F%2Fmedium.com%2F_%2Fvote%2Fwriting-cooperative%2F6c9477b8cf5b&operation=register&redirect=https%3A%2F%2Fwritingcooperative.com%2Fa-simple-productivity-process-that-transformed-my-life-6c9477b8cf5b&user=Heidi+Suydam&userId=5651f3413af&source=-----6c9477b8cf5b---------------------clap_footer-----------",
        "https://www.medium.com/m/signin?actionUrl=https%3A%2F%2Fmedium.com%2F_%2Fsubscribe%2Fuser%2F5651f3413af&operation=register&redirect=https%3A%2F%2Fwritingcooperative.com%2Fa-simple-productivity-process-that-transformed-my-life-6c9477b8cf5b&user=Heidi+Suydam&userId=5651f3413af&source=post_page-5651f3413af----6c9477b8cf5b---------------------post_header-----------",
        "https://heidisuydam.medium.com/",
        "https://www.miro.medium.com/v2/resize:fit:640/format:webp/0*Pmd9JHR_Ah3gFeYS",
        "https://www.miro.medium.com/v2/resize:fit:640/0*Pmd9JHR_Ah3gFeYS",
        "https://www.miro.medium.com/v2/resize:fit:786/0*Pmd9JHR_Ah3gFeYS",
        "https://www.miro.medium.com/v2/resize:fill:88:88/2*t8-oyxDw8EF4I6Ty45OHzQ.jpeg",
        "https://www.miro.medium.com/v2/resize:fit:1400/format:webp/0*Pmd9JHR_Ah3gFeYS",
        "https://www.miro.medium.com/v2/resize:fit:1400/0*Pmd9JHR_Ah3gFeYS",
        "https://www.medium.com/m/signin?actionUrl=https%3A%2F%2Fmedium.com%2F_%2Fbookmark%2Fp%2F6c9477b8cf5b&operation=register&redirect=https%3A%2F%2Fwritingcooperative.com%2Fa-simple-productivity-process-that-transformed-my-life-6c9477b8cf5b&source=-----6c9477b8cf5b---------------------bookmark_footer-----------"
    ],
    "external_images": [],
    "entities": {
        "persons": [
            {
                "name": "heidi suydam",
                "sentiment": "negative"
            },
            {
                "name": "cathryn lavery",
                "sentiment": "none"
            }
        ],
        "organizations": [],
        "locations": []
    },
    "rating": null,
    "crawled": "2024-04-05T00:17:15.890+03:00",
    "updated": "2024-04-07T02:54:00.960+03:00"
}