{
    "thread": {
        "uuid": "02f098afa7af646855d0a66d35edef05b5fee72d",
        "url": "https://www.correiobraziliense.com.br/brasil/2024/04/6831732-brasil-sera-autossuficiente-em-remedio-contra-hemofilia-diz-nisia-trindade.html",
        "site_full": "www.correiobraziliense.com.br",
        "site": "correiobraziliense.com.br",
        "site_section": "https://www.correiobraziliense.com.br/brasil",
        "site_categories": [
            "media",
            "top_news"
        ],
        "section_title": "Brasil - Correio Braziliense",
        "title": "Brasil será autossuficiente em remédio contra hemofilia, diz Nísia Trindade",
        "title_full": "Brasil será autossuficiente em remédio contra hemofilia, diz Nísia Trindade",
        "published": "2024-04-04T03:00:00.000+03:00",
        "replies_count": 0,
        "participants_count": 1,
        "site_type": "news",
        "country": "BR",
        "main_image": "https://midias.correiobraziliense.com.br/_midias/png/2024/04/04/675x450/1_nisia_trindade_hemobras-35989451.png?20240404171742?20240404171742&quality=90&strip=info&w=680&h=453&crop=1",
        "performance_score": 0,
        "domain_rank": 9156,
        "domain_rank_updated": "2024-04-02T13:08:08.000+03:00",
        "reach": null,
        "social": {
            "facebook": {
                "likes": 0,
                "comments": 0,
                "shares": 0
            },
            "gplus": {
                "shares": 0
            },
            "pinterest": {
                "shares": 0
            },
            "linkedin": {
                "shares": 0
            },
            "stumbledupon": {
                "shares": 0
            },
            "vk": {
                "shares": 0
            }
        }
    },
    "uuid": "02f098afa7af646855d0a66d35edef05b5fee72d",
    "url": "https://www.correiobraziliense.com.br/brasil/2024/04/6831732-brasil-sera-autossuficiente-em-remedio-contra-hemofilia-diz-nisia-trindade.html",
    "ord_in_thread": 0,
    "parent_url": null,
    "author": "Victor Correia",
    "published": "2024-04-04T03:00:00.000+03:00",
    "title": "Brasil será autossuficiente em remédio contra hemofilia, diz Nísia Trindade",
    "text": "A ministra da Saúde, Nísia Trindade , afirmou nesta quinta-feira (4/4) que a nova fábrica da Hemobrás inaugurada em Goiana, Pernambuco, será capaz de produzir 1,2 bilhão de unidades do medicamento Hemo-8r, contra a hemofilia. A quantidade atenderá a toda a demanda brasileira. Nísia participou da inauguração da planta em Goiana, Pernambuco, ao lado do presidente Luiz Inácio Lula da Silva . Ela destacou também que apenas cinco países possuem a tecnologia para produzir o remédio. Pernambuco terá 1ª fábrica de medicamentos para o SUS do Brasil Nísia: \"Estamos trabalhando para que o sangue não seja uma mercadoria\" Hemobrás deve começar a funcionar só dez anos depois de sua criação \"Essa planta que inauguramos hoje vai produzir 1,2 bilhão de unidades e poder atender, dessa maneira, de forma contínua, aos que precisam desse medicamento. E quem sabe, no futuro, a gente possa apoiar outros países\", discursou a ministra durante a cerimônia de inauguração. Segundo a pasta, a planta deve atender a 100% da demanda do Sistema Único de Saúde (SUS) pelo medicamento. O Hemo-8r é usado para prevenir sangramentos espontâneos em pessoas com a hemofilia A, que corresponde a cerca de 80% dos casos da doença. Cerca de 15 mil brasileiros convivem com a hemofilia. Apenas cinco países têm a tecnologia O remédio já é fornecido pela Hemobrás para o SUS, por meio de uma parceria com empresas estrangeiras. A fábrica deve entrar em operação plena a partir do ano que vem. O Ministério da Saúde espera que a produção nacional derrube em 30% o preço do Hemo-8r repassado ao sistema único. Segundo Nísia, apenas cinco países atualmente possuem a tecnologia para produzir o medicamento. Ela afirmou ainda que o Complexo da Hemobrás deve inaugurar uma outra planta ainda este ano, para a produção de imunoderivados , como imunoglobulina e albumina. Também participaram da inauguração a primeira-dama Rosângela da Silva, a Janja, os ministros Luciana Santos (Ciência e Tecnologia), Silvio Costa Filho (Portos e Aeroportos) e Antônio Padilha (Secretaria de Relações Institucionais), bem como a governadora de Pernambuco, Raquel Lyra. Saiba Mais - Brasil Ianomâmis: 94% dos indígenas estão contaminados com mercúrio - Brasil Morre Dona Lita, mãe do ex-jogador e senador Romário - Brasil Lewandowski diz que foragidos de Mossoró capturados tentavam sair do país - Brasil Brasil ultrapassa mil mortes por dengue e se aproxima de recorde histórico - Política Lula acena a eleitorado evangélico, ainda dominado pelo bolsonarismo - Política Captura de fugitivos de Mossoró esvazia discurso da bancada da bala Gostou da matéria? Escolha como acompanhar as principais notícias do Correio: Dê a sua opinião! O Correio tem um espaço na edição impressa para publicar a opinião dos leitores pelo e-mail [sredat.df@dabr.com.br](mailto:sredat.df@dabr.com.br)",
    "highlightText": "",
    "highlightTitle": "",
    "highlightThreadTitle": "",
    "language": "portuguese",
    "sentiment": "positive",
    "categories": [
        "Health"
    ],
    "external_links": [],
    "external_images": [],
    "entities": {
        "persons": [],
        "organizations": [],
        "locations": []
    },
    "rating": null,
    "crawled": "2024-04-05T00:12:18.094+03:00",
    "updated": "2024-04-05T00:12:18.094+03:00"
}