{
    "thread": {
        "uuid": "f5d1b091c1e4c0a4ec09b41439b6ffaa64fa3e59",
        "url": "https://flipboard.com/article/a-63-year-old-yoga-instructor-s-top-3-moves-for-better-mobility/f-bfcf4a1565%2Featthis.com",
        "site_full": "flipboard.com",
        "site": "flipboard.com",
        "site_section": "https://flipboard.com/topic/emotion",
        "site_categories": [
            "family_and_parenting",
            "eldercare"
        ],
        "section_title": "Discover More in Emotions on Flipboard",
        "title": "A 63-Year-Old Yoga Instructor's Top 3 Moves for Better Mobility | Flipboard",
        "title_full": "A 63-Year-Old Yoga Instructor's Top 3 Moves for Better Mobility | Flipboard",
        "published": "2024-04-04T03:00:00.000+03:00",
        "replies_count": 0,
        "participants_count": 1,
        "site_type": "news",
        "country": "US",
        "main_image": "https://ic-cdn.flipboard.com/eatthis.com/ff0c93ff99203d385d2cf5a0fc19cac3a324c818/_medium.jpeg",
        "performance_score": 0,
        "domain_rank": 1224,
        "domain_rank_updated": "2024-04-02T13:08:08.000+03:00",
        "reach": null,
        "social": {
            "facebook": {
                "likes": 0,
                "comments": 0,
                "shares": 0
            },
            "gplus": {
                "shares": 0
            },
            "pinterest": {
                "shares": 0
            },
            "linkedin": {
                "shares": 0
            },
            "stumbledupon": {
                "shares": 0
            },
            "vk": {
                "shares": 0
            }
        }
    },
    "uuid": "f5d1b091c1e4c0a4ec09b41439b6ffaa64fa3e59",
    "url": "https://flipboard.com/article/a-63-year-old-yoga-instructor-s-top-3-moves-for-better-mobility/f-bfcf4a1565%2Featthis.com",
    "ord_in_thread": 0,
    "parent_url": null,
    "author": "Eat This, Not That! - Alexa Mellardo",
    "published": "2024-04-04T03:00:00.000+03:00",
    "title": "A 63-Year-Old Yoga Instructor's Top 3 Moves for Better Mobility | Flipboard",
    "text": "A 63-Year-Old Yoga Instructor's Top 3 Moves for Better Mobility Keep your body active and mobile in your 60s and beyond with a yogi's go-to exercises. It's a fact of life: Your body changes as you age. If you want … Related storyboards Related articles [These 10 functional fitness exercises will make daily movement easier](/article/these-10-functional-fitness-exercises-will-make-daily-movement-easier/a-u9cwFWXNQQCPR_13JNcjgg%3Aa%3A221841707-23cd23e490%2Faol.com) Welcome to Start TODAY. Sign up for our Start TODAY newsletter to receive daily inspiration sent to your inbox — and join us on Instagram! Functional fitness is a type of workout that focuses on movements that mimic everyday activities. It’s all about training your body to perform better in real-life … [12 Low-Sugar Fruits You Should Be Eating, Recommended by Dietitians](/@eatingwell/healthy-eating-ucajk064z/12-low-sugar-fruits-you-should-be-eating-recommended-by-dietitians/a-XN7MAdvUSi2sMx11esKmOA%3Aa%3A1746944169-c9502e8cd0%2Featingwell.com) Fruit contains sugar but it is also packed with fiber and other essential nutrients. Many people consume more sugar than they realize. In fact, most … [Forgot where you put your keys? A neuroscience professor offers 5 tips to improve your memory](/@tvarnedoe2/health-wellness-0fk9vhtqz/forgot-where-you-put-your-keys-a-neuroscience-professor-offers-5-tips-to-improv/a-4EmSZPVYTUOcHv2RpceqXg%3Aa%3A77468493-518cea996e%2Ffastcompany.com) Charan Ranganath is a professor of neuroscience and psychology and director of the memory and plasticity program at the University of California, Davis. He has been studying the neuroscience of memory for more than 25 years. Below, Ranganath shares five key insights from his new book, Why We … Join the flipboard community Discover, collect, and share stories for all your interests [Sign up](/signup) More stories from [Wellness](/topic/wellness) [Avoid Eating Cauliflower If You Have This Medical Condition](/topic/wellness/avoid-eating-cauliflower-if-you-have-this-medical-condition/a-mdH3pMw7RG-4ym8Id9NV9g%3Aa%3A1935305854-ebad45584a%2Fhealthdigest.com) Cruciferous vegetables like cauliflower, broccoli, kale, Brussels sprouts, spinach, and cabbage are rarely, if ever, on a \"don't eat\" list when … [Are You Fit for Your Age? Test Yourself With These Exercises](/topic/wellness/are-you-fit-for-your-age-test-yourself-with-these-exercises/a-acN37_kJQJCasqFxR8NsDw%3Aa%3A3201056338-4fd9dbb887%2Fwsj.com) How fast you can run a mile and the number of push-ups you can crank out aren’t just good for fitness bragging rights. They’re indicators of how well you’re aging. You could be 48 but bike, ski or lift weights like you’re 38 or 58. For a best-case scenario, think of an athlete like football star Tom … [‘I’m a Cardiologist, and This Is the One Type of Cheese (Yes, Cheese) I Swear By for Heart Health’](/topic/wellness/i-m-a-cardiologist-and-this-is-the-one-type-of-cheese-yes-cheese-i-swear-by-/a-QvguB_-6ToWSMNH5t9M6uQ%3Aa%3A59677718-f9e3359d38%2Fparade.com) Good news: When it comes to heart health, cheese is not off the table. Let's be real: Cheese is the bomb. It's versatile, and delicious on its own or …",
    "highlightText": "",
    "highlightTitle": "",
    "highlightThreadTitle": "",
    "language": "english",
    "sentiment": "positive",
    "categories": [
        "Lifestyle and Leisure",
        "Health"
    ],
    "external_links": [],
    "external_images": [],
    "entities": {
        "persons": [
            {
                "name": "ballard holdren",
                "sentiment": "none"
            }
        ],
        "organizations": [],
        "locations": []
    },
    "rating": null,
    "crawled": "2024-04-05T00:18:45.726+03:00",
    "updated": "2024-04-06T18:40:55.800+03:00"
}