{
    "thread": {
        "uuid": "f5b189f9d2d139e909ef9c5d5b51e97a2de7a81a",
        "url": "https://noticias.uol.com.br/ultimas-noticias/agencia-estado/2024/04/04/lula-brasil-pode-ter-industria-da-saude-para-competir-com-qualquer-outro-pais-do-mundo.htm",
        "site_full": "noticias.uol.com.br",
        "site": "uol.com.br",
        "site_section": "https://noticias.uol.com.br/",
        "site_categories": [
            "non_standard_content",
            "top_news"
        ],
        "section_title": "UOL Notícias | Notícias do Dia no Brasil e no Mundo",
        "title": "Lula: Brasil pode ter indústria da saúde para competir com qualquer outro país do mundo",
        "title_full": "Lula: Brasil pode ter indústria da saúde para competir com qualquer outro país do mundo",
        "published": "2024-04-04T03:00:00.000+03:00",
        "replies_count": 0,
        "participants_count": 1,
        "site_type": "news",
        "country": "BR",
        "main_image": "https://conteudo.imguol.com.br/c/interacao/facebook/share/noticias-min.png",
        "performance_score": 0,
        "domain_rank": 739,
        "domain_rank_updated": "2024-04-02T13:08:08.000+03:00",
        "reach": null,
        "social": {
            "facebook": {
                "likes": 0,
                "comments": 0,
                "shares": 0
            },
            "gplus": {
                "shares": 0
            },
            "pinterest": {
                "shares": 0
            },
            "linkedin": {
                "shares": 0
            },
            "stumbledupon": {
                "shares": 0
            },
            "vk": {
                "shares": 0
            }
        }
    },
    "uuid": "f5b189f9d2d139e909ef9c5d5b51e97a2de7a81a",
    "url": "https://noticias.uol.com.br/ultimas-noticias/agencia-estado/2024/04/04/lula-brasil-pode-ter-industria-da-saude-para-competir-com-qualquer-outro-pais-do-mundo.htm",
    "ord_in_thread": 0,
    "parent_url": null,
    "author": "UOL",
    "published": "2024-04-04T03:00:00.000+03:00",
    "title": "Lula: Brasil pode ter indústria da saúde para competir com qualquer outro país do mundo",
    "text": "Política Lula: Brasil pode ter indústria da saúde para competir com qualquer outro país do mundo 04/04/2024 18h04\nPresidente Lula deu a declaração em Goiana (PE), em inauguração de fábrica da Hemobrás. Imagem: Leonardo Alves do Prado - 12.mar.2024/Estadão Conteúdo O presidente Luiz Inácio Lula da Silva disse nesta quinta-feira, 5, que o Brasil tem condições de ter uma indústria de saúde competitiva e que o SUS seria fundamental para o desenvolvimento do setor. Ele deu a declaração em Goiana (PE), em inauguração de fábrica da Hemobrás.\n\"Queremos um país soberano, capaz de ter uma indústria da saúde, porque nós temos o órgão consumidor que é o SUS. Que pode comprar as máquinas que a gente produzir, os remédios que a gente produzir, as vacinas. A gente não tem por que não acreditar que a gente pode ter um polo industrial na área da saúde para competir com qualquer outro país do mundo\", declarou o presidente da República.\nAlém disso, Lula voltou a falar sobre inteligência artificial. Disse, dirigindo-se à ministra da Ciência e Tecnologia, Luciana Santos, que quer ver um projeto brasileiro para o setor até junho.\nSakamoto\nMoro se humilhou para Gilmar com medo da prisão\nJosias de Souza\nLewandowski deve ao STF plano para humanização\nPVC\nMP-GO não vê mancha em título do Palmeiras de 2022\nReinaldo Azevedo\nHá motivos para cassar Seif, que pode virar 'mártir'\nO petista afirmou ter dado a seguinte declaração em uma reunião com a ministra e cientistas: \"Vamos criar vergonha, vamos ter uma Conferência Nacional de Ciência e Tecnologia em junho, e até junho vocês estão desafiados a me apresentar um projeto brasileiro de inteligência artificial para a gente não ter que copiar de outro país as coisas importantes que nós precisamos.\"\nComunicar erro Veja também Deixe seu comentário Só para assinantes",
    "highlightText": "",
    "highlightTitle": "",
    "highlightThreadTitle": "",
    "language": "portuguese",
    "sentiment": "positive",
    "categories": [
        "Health",
        "Politics"
    ],
    "external_links": [],
    "external_images": [],
    "entities": {
        "persons": [],
        "organizations": [],
        "locations": []
    },
    "rating": null,
    "crawled": "2024-04-05T00:13:41.625+03:00",
    "updated": "2024-04-05T01:20:37.232+03:00"
}