{
    "thread": {
        "uuid": "05edd6a54b36fc9bcb604107f64ccbf60223cc00",
        "url": "https://istoe.com.br/lula-brasil-pode-ter-industria-da-saude-para-competir-com-qualquer-outro-pais-do-mundo",
        "site_full": "istoe.com.br",
        "site": "istoe.com.br",
        "site_section": "http://brazil.shafaqna.com/rss.xml",
        "site_categories": [
            "tech",
            "email",
            "top_news"
        ],
        "section_title": "Brasil Notícias (Leitor de Notícias) | ",
        "title": "Lula: Brasil pode ter indústria da saúde para competir com qualquer outro país do mundo - ISTOÉ Independente",
        "title_full": "Lula: Brasil pode ter indústria da saúde para competir com qualquer outro país do mundo - ISTOÉ Independente",
        "published": "2024-04-04T23:04:00.000+03:00",
        "replies_count": 0,
        "participants_count": 1,
        "site_type": "news",
        "country": "BR",
        "main_image": "https://istoe.com.br/wp-includes/images/media/default.png",
        "performance_score": 0,
        "domain_rank": 16820,
        "domain_rank_updated": "2024-04-02T13:08:08.000+03:00",
        "reach": null,
        "social": {
            "facebook": {
                "likes": 0,
                "comments": 0,
                "shares": 0
            },
            "gplus": {
                "shares": 0
            },
            "pinterest": {
                "shares": 0
            },
            "linkedin": {
                "shares": 0
            },
            "stumbledupon": {
                "shares": 0
            },
            "vk": {
                "shares": 0
            }
        }
    },
    "uuid": "05edd6a54b36fc9bcb604107f64ccbf60223cc00",
    "url": "https://istoe.com.br/lula-brasil-pode-ter-industria-da-saude-para-competir-com-qualquer-outro-pais-do-mundo",
    "ord_in_thread": 0,
    "parent_url": null,
    "author": "admin3",
    "published": "2024-04-04T23:04:00.000+03:00",
    "title": "Lula: Brasil pode ter indústria da saúde para competir com qualquer outro país do mundo - ISTOÉ Independente",
    "text": "04/04/2024 - 18:04 O presidente Luiz Inácio Lula da Silva disse nesta quinta-feira, 5, que o Brasil tem condições de ter uma indústria de saúde competitiva e que o SUS seria fundamental para o desenvolvimento do setor. Ele deu a declaração em Goiana (PE), em inauguração de fábrica da Hemobrás. “Queremos um país soberano, capaz de ter uma indústria da saúde, porque nós temos o órgão consumidor que é o SUS. Que pode comprar as máquinas que a gente produzir, os remédios que a gente produzir, as vacinas. A gente não tem por que não acreditar que a gente pode ter um polo industrial na área da saúde para competir com qualquer outro país do mundo”, declarou o presidente da República. Além disso, Lula voltou a falar sobre inteligência artificial. Disse, dirigindo-se à ministra da Ciência e Tecnologia, Luciana Santos, que quer ver um projeto brasileiro para o setor até junho. O petista afirmou ter dado a seguinte declaração em uma reunião com a ministra e cientistas: “Vamos criar vergonha, vamos ter uma Conferência Nacional de Ciência e Tecnologia em junho, e até junho vocês estão desafiados a me apresentar um projeto brasileiro de inteligência artificial para a gente não ter que copiar de outro país as coisas importantes que nós precisamos.”",
    "highlightText": "",
    "highlightTitle": "",
    "highlightThreadTitle": "",
    "language": "portuguese",
    "sentiment": "positive",
    "categories": [
        "Economy, Business and Finance",
        "Politics",
        "Health"
    ],
    "external_links": [],
    "external_images": [],
    "entities": {
        "persons": [],
        "organizations": [],
        "locations": []
    },
    "rating": null,
    "crawled": "2024-04-05T00:23:28.410+03:00",
    "updated": "2024-04-05T00:23:28.410+03:00"
}