{
    "thread": {
        "uuid": "5f011c58710431e0bf9b0514f896e5844744b735",
        "url": "https://www.thetechedvocate.org/5-ways-to-get-fit-as-a-teenager",
        "site_full": "www.thetechedvocate.org",
        "site": "thetechedvocate.org",
        "site_section": "https://www.thetechedvocate.org/category/how-to/",
        "site_categories": [
            "art_technology",
            "hobbies_and_interests"
        ],
        "section_title": null,
        "title": "5 Ways to Get Fit As a Teenager - The Tech Edvocate",
        "title_full": "5 Ways to Get Fit As a Teenager - The Tech Edvocate",
        "published": "2024-04-05T00:00:00.000+03:00",
        "replies_count": 0,
        "participants_count": 1,
        "site_type": "news",
        "country": "US",
        "main_image": "",
        "performance_score": 0,
        "domain_rank": 42088,
        "domain_rank_updated": "2024-04-02T13:08:13.000+03:00",
        "reach": null,
        "social": {
            "facebook": {
                "likes": 0,
                "comments": 0,
                "shares": 0
            },
            "gplus": {
                "shares": 0
            },
            "pinterest": {
                "shares": 0
            },
            "linkedin": {
                "shares": 0
            },
            "stumbledupon": {
                "shares": 0
            },
            "vk": {
                "shares": 0
            }
        }
    },
    "uuid": "5f011c58710431e0bf9b0514f896e5844744b735",
    "url": "https://www.thetechedvocate.org/5-ways-to-get-fit-as-a-teenager",
    "ord_in_thread": 0,
    "parent_url": null,
    "author": "Matthew Lynch",
    "published": "2024-04-05T00:00:00.000+03:00",
    "title": "5 Ways to Get Fit As a Teenager - The Tech Edvocate",
    "text": "Introduction:\nBeing a teenager is an exciting time of growth, change and self-discovery. It’s also important to make sure you’re staying healthy and fit during this critical phase of your life. Teenagers can be busy with school, friends, and extracurricular activities, so finding time for fitness can sometimes be a challenge. To help you get on track or stay in shape, here are five ways to get fit as a teenager.\n1. Find a fun and engaging physical activity.\nThe key to sticking with any fitness program is to enjoy it. Instead of focusing on tedious gym workouts, find a fun activity that gets your heart rate up while providing enjoyment. Join a soccer team, try an aerobics class or even take up dancing lessons—whatever it is that you look forward to doing. The more you enjoy the activity, the more likely you are to stick with it for the long run.\n2. Make small changes in your daily routine.\nYou don’t have to overhaul your entire day-to-day routine to improve your fitness. Small changes can make a big difference over time. For example, take the stairs instead of the elevator at school or walk or bike to classes when possible. Incorporate stretching or quick body-weight exercises (like push-ups or squat jumps) during TV commercial breaks or while waiting for food in the microwave.\n3. Focus on nutrition along with exercise.\nExercise is only one part of the equation when it comes to getting fit as a teenager. Good nutrition plays a significant role in supporting your overall health. Build a balanced diet consisting of fruits, vegetables, whole grains, lean proteins and healthy fats instead of overly processed or sugary snacks and meals. This will provide the energy you need for growth and daily activities—especially when combined with regular physical activity.\n4. Engage friends or family members as workout buddies.\nIt’s much easier to stay motivated and committed to your fitness goals when you’re not doing it alone. Whether you choose a sibling, a friend or a parent, having a workout buddy by your side can keep you accountable and make exercises more enjoyable. Plus, it creates an opportunity to bond with others over shared experiences.\n5. Set realistic goals and track your progress.\nDefine specific, achievable fitness goals that are relevant for your age and current fitness level. Instead of focusing on aesthetic changes (like losing weight), consider aiming to build strength, increase flexibility or improve athletic performance. Tracking your progress can also help motivate you and provide a sense of accomplishment when you reach milestones.\nConclusion:\nGetting fit as a teenager doesn’t have to be complicated. By finding an enjoyable physical activity, making small changes in your daily routine, focusing on nutrition, engaging friends or family members and setting realistic goals, you’ll be well on your way to better health and happiness. So go ahead and prioritize fitness in your teenage years—you won’t regret it!",
    "highlightText": "",
    "highlightTitle": "",
    "highlightThreadTitle": "",
    "language": "english",
    "sentiment": "positive",
    "categories": [
        "Lifestyle and Leisure",
        "Health"
    ],
    "external_links": [],
    "external_images": [],
    "entities": {
        "persons": [],
        "organizations": [],
        "locations": []
    },
    "rating": null,
    "crawled": "2024-04-05T00:51:32.793+03:00",
    "updated": "2024-04-05T00:51:32.793+03:00"
}