{
    "thread": {
        "uuid": "9f7d143c619f1d3d8bb4ccbb66e69cd79ac34166",
        "url": "http://business.bigspringherald.com/bigspringherald/article/getnews-2024-4-4-dr-scott-young-enhances-hearing-aid-repair-in-tulsa-ok-prioritizing-advanced-repair-solutions",
        "site_full": "business.bigspringherald.com",
        "site": "bigspringherald.com",
        "site_section": "http://business.bigspringherald.com/bigspringherald/markets/news",
        "site_categories": [
            "financial_news",
            "finance"
        ],
        "section_title": "Stock Market News | NSDQ, NYSE, and AMEX Stock Market News, Market News Categories, Market Indicators | User | bigspringherald.com ",
        "title": "Dr. Scott Young Enhances Hearing Aid Repair in Tulsa, OK, Prioritizing Advanced Repair Solutions | User | bigspringherald.com",
        "title_full": "Dr. Scott Young Enhances Hearing Aid Repair in Tulsa, OK, Prioritizing Advanced Repair Solutions | User | bigspringherald.com",
        "published": "2024-04-04T03:00:00.000+03:00",
        "replies_count": 0,
        "participants_count": 1,
        "site_type": "news",
        "country": "US",
        "main_image": "",
        "performance_score": 0,
        "domain_rank": 86867,
        "domain_rank_updated": "2024-04-02T13:08:16.000+03:00",
        "reach": null,
        "social": {
            "facebook": {
                "likes": 0,
                "comments": 0,
                "shares": 0
            },
            "gplus": {
                "shares": 0
            },
            "pinterest": {
                "shares": 0
            },
            "linkedin": {
                "shares": 0
            },
            "stumbledupon": {
                "shares": 0
            },
            "vk": {
                "shares": 0
            }
        }
    },
    "uuid": "9f7d143c619f1d3d8bb4ccbb66e69cd79ac34166",
    "url": "http://business.bigspringherald.com/bigspringherald/article/getnews-2024-4-4-dr-scott-young-enhances-hearing-aid-repair-in-tulsa-ok-prioritizing-advanced-repair-solutions",
    "ord_in_thread": 0,
    "parent_url": null,
    "author": "Get News",
    "published": "2024-04-04T03:00:00.000+03:00",
    "title": "Dr. Scott Young Enhances Hearing Aid Repair in Tulsa, OK, Prioritizing Advanced Repair Solutions | User | bigspringherald.com",
    "text": "Dr. Scott Young at Hearing Solution Centers in Tulsa, OK, emphasizes advanced hearing aid repair services, ensuring optimal device functionality for a better quality of life. With state-of-the-art diagnostics and expert audiologists, they lead in auditory support. For top-notch hearing aid repairs, visit https://heartulsa.com. Tulsa, OK - In a significant announcement today, Dr. Scott Young from Hearing Solution Centers reaffirmed the organization's dedication to providing exceptional hearing aid repair services in Tulsa, OK. This initiative is set to ensure that individuals requiring auditory assistance have access to reliable and high-quality hearing aid repair, maintaining the integrity and functionality of their devices. As the demand for proficient hearing aid services rises, Hearing Solution Centers' commitment highlights the importance of accessibility to expert repairs to enhance Tulsa residents' quality of life.\n\"Hearing Solution Centers continues to stand as a beacon of support for the Tulsa community, recognizing the essential need for dependable hearing aid repair services,\" stated Dr. Scott Young. \"Our expert team is committed to delivering precision-driven repair solutions, ensuring every individual's hearing aid operates at its best, thus fostering a life without limitations. We understand the critical role hearing aids play in our clients' lives, and we are here to ensure their optimal performance through our specialized services.\"\nIn the heart of Tulsa, OK, Hearing Solution Centers is known for its comprehensive approach to auditory health, offering a range of services from hearing assessments to custom hearing aid fittings. The emphasis on hearing aids repair services comes at a time when the community seeks dependable solutions to maintain the functionality of their hearing devices. By prioritizing repair services, Hearing Solution Centers addresses a crucial need, ensuring that hearing aids continue to serve as vital tools for communication and engagement in daily life.\nThe benefits of choosing Hearing Solution Centers for hearing aid repair in Tulsa, OK, include access to state-of-the-art diagnostic equipment, personalized service from certified audiologists, and the assurance of quick and effective repairs. This dedication reinforces the center's commitment to excellence and positions it as a leader among hearing aid centers in Tulsa, OK.\nFor more information about Hearing Solution Centers and their high-quality hearing aid repair in Tulsa, OK , please visit their website at https://heartulsa.com\nAbout Hearing Solution Centers:\nDr. Scott Young and the team at Hearing Solution Centers are dedicated to improving the auditory health of the Tulsa community. With a focus on personalized care, the center offers a full spectrum of hearing services, including diagnostics, hearing aid fitting, and repairs. Renowned for their expertise and compassionate approach, Hearing Solution Centers remains committed to enhancing the lives of those with hearing impairments.\nMedia Contact\nCompany Name: Hearing Solution Centers\nContact Person: Dr. Scott Young\nEmail: Send Email\nPhone: +1 918 388 6644\nAddress: 6550 E 71st St # 101\nCity: Tulsa\nState: OK\nCountry: United States\nWebsite: https://heartulsa.com/\nData & News supplied by www.cloudquote.io\nStock quotes supplied by Barchart\nQuotes delayed at least 20 minutes.\nBy accessing this page, you agree to the following\nPrivacy Policy and Terms and Conditions .",
    "highlightText": "",
    "highlightTitle": "",
    "highlightThreadTitle": "",
    "language": "english",
    "sentiment": "positive",
    "categories": [
        "Science and Technology",
        "Health",
        "Human Interest"
    ],
    "external_links": [
        "https://heartulsa.com",
        "https://heartulsa.com/",
        "https://heartulsa.com/tulsa-audiologists-services/hearing-aid-repairs/",
        "https://heartulsa.com.",
        "https://tracking.newsrpm.com/pixel?slug=getnews-2024-4-4-dr-scott-young-enhances-hearing-aid-repair-in-tulsa-ok-prioritizing-advanced-repair-solutions",
        "https://www.cloudquote.io",
        "https://www.googletagmanager.com/gtag/js?id=UA-8590502-3",
        "https://www.getnews.info/press_stat.php?pr=dr-scott-young-enhances-hearing-aid-repair-in-tulsa-ok-prioritizing-advanced-repair-solutions",
        "http://www.universalpressrelease.com/?pr=dr-scott-young-enhances-hearing-aid-repair-in-tulsa-ok-prioritizing-advanced-repair-solutions",
        "https://www.cloudquote.io/article/5",
        "https://www.cloudquote.io/article/6",
        "https://heartulsa.com",
        "https://heartulsa.com/tulsa-audiologists-services/hearing-aid-repairs",
        "https://www.heartulsa.com.",
        "https://www.heartulsa.com/",
        "https://www.heartulsa.com/tulsa-audiologists-services/hearing-aid-repairs/",
        "http://universalpressrelease.com/?pr=dr-scott-young-enhances-hearing-aid-repair-in-tulsa-ok-prioritizing-advanced-repair-solutions",
        "https://tracking.newsrpm.com/pixel",
        "https://www.heartulsa.com",
        "https://googletagmanager.com/gtag/js?id=UA-8590502-3",
        "https://www.tracking.newsrpm.com/pixel?slug=getnews-2024-4-4-dr-scott-young-enhances-hearing-aid-repair-in-tulsa-ok-prioritizing-advanced-repair-solutions",
        "https://www.getnews.info/press_stat.php",
        "http://www.universalpressrelease.com/",
        "https://cloudquote.io",
        "https://cloudquote.io/article/5",
        "https://www.googletagmanager.com/gtag/js",
        "https://getnews.info/press_stat.php?pr=dr-scott-young-enhances-hearing-aid-repair-in-tulsa-ok-prioritizing-advanced-repair-solutions",
        "https://cloudquote.io/article/6"
    ],
    "external_images": [],
    "entities": {
        "persons": [
            {
                "name": "scott young",
                "sentiment": "negative"
            },
            {
                "name": "scott",
                "sentiment": "negative"
            }
        ],
        "organizations": [
            {
                "name": "hearing solution centers",
                "sentiment": "negative"
            },
            {
                "name": "young enhances hearing aid repair",
                "sentiment": "negative"
            }
        ],
        "locations": [
            {
                "name": "tulsa",
                "sentiment": "none"
            }
        ]
    },
    "rating": null,
    "crawled": "2024-04-05T00:42:36.631+03:00",
    "updated": "2024-04-05T00:42:36.631+03:00"
}