{
    "thread": {
        "uuid": "b05474c829f360d74c67672ff53c8d3194780d03",
        "url": "https://www.southernsavers.com/get-3-tubes-of-crest-toothpaste-for-65%C2%A2-each",
        "site_full": "www.southernsavers.com",
        "site": "southernsavers.com",
        "site_section": "https://www.southernsavers.com/rss",
        "site_categories": [
            "couponing",
            "shopping"
        ],
        "section_title": "Southern Savers",
        "title": "Pick Up 3 Tubes of Crest Toothpaste for 65¢ Each at CVS",
        "title_full": "Pick Up 3 Tubes of Crest Toothpaste for 65¢ Each at CVS",
        "published": "2024-04-04T23:30:00.000+03:00",
        "replies_count": 0,
        "participants_count": 1,
        "site_type": "news",
        "country": "US",
        "main_image": "https://www.southernsavers.com/wp-content/uploads/2022/08/crest-3d-white.jpg",
        "performance_score": 0,
        "domain_rank": 97453,
        "domain_rank_updated": "2024-04-02T13:08:16.000+03:00",
        "reach": null,
        "social": {
            "facebook": {
                "likes": 0,
                "comments": 0,
                "shares": 0
            },
            "gplus": {
                "shares": 0
            },
            "pinterest": {
                "shares": 0
            },
            "linkedin": {
                "shares": 0
            },
            "stumbledupon": {
                "shares": 0
            },
            "vk": {
                "shares": 0
            }
        }
    },
    "uuid": "b05474c829f360d74c67672ff53c8d3194780d03",
    "url": "https://www.southernsavers.com/get-3-tubes-of-crest-toothpaste-for-65%C2%A2-each",
    "ord_in_thread": 0,
    "parent_url": null,
    "author": "Jenny",
    "published": "2024-04-04T23:30:00.000+03:00",
    "title": "Pick Up 3 Tubes of Crest Toothpaste for 65¢ Each at CVS",
    "text": "Right now you can head to your local CVS to get (3) tubes of Crest Toothpaste for just 65¢ each! This is an easy deal, you won’t need any paper coupons — just load an eCoupon , buy your toothpaste, and get ExtraCare Bucks back.\nCVS Crest Deal (ends 4/13): $5 ECB wyb (3) Crest 3D White, Pro-Health, Complete Toothpaste or Oral-B, Sensi Soft or Vivid Items, $3.99, limit 2\nBuy:\n(3) Crest Toothpaste, $3.99 each\nUse:\n-$5/3 Crest Toothpaste, Oral-B Manual Toothbrush, Crest/Scope/Oral-B Rinse, Oral-B/Glide Floss or Floss Picks AND/OR Fixodent (excludes Base Cavity Paste and trial/travel size), CVS eCoupon\nTotal Due: $6.97\nGet Back: $5 ExtraCare Bucks\nMakes it 65¢ each See the full CVS Ad for more great deals.",
    "highlightText": "",
    "highlightTitle": "",
    "highlightThreadTitle": "",
    "language": "english",
    "sentiment": "positive",
    "categories": [
        "Health"
    ],
    "external_links": [
        "https://cvs.com/extracare/home?icid=CVSHeader:Extracare",
        "https://www.cvs.com/extracare/home?icid=CVSHeader:Extracare",
        "https://www.cvs.com/extracare/home"
    ],
    "external_images": [],
    "entities": {
        "persons": [],
        "organizations": [
            {
                "name": "cvs",
                "sentiment": "negative"
            },
            {
                "name": "rmn",
                "sentiment": "none"
            },
            {
                "name": "ecb",
                "sentiment": "none"
            },
            {
                "name": "crest toothpaste",
                "sentiment": "none"
            }
        ],
        "locations": [
            {
                "name": "crest",
                "sentiment": "none"
            }
        ]
    },
    "rating": null,
    "crawled": "2024-04-05T00:53:37.027+03:00",
    "updated": "2024-04-05T00:55:59.133+03:00"
}