{
    "thread": {
        "uuid": "baf73dd65fc7e1f498286446781d02b0c6fb8ade",
        "url": "https://www.thetechedvocate.org/3-simple-ways-to-eat-asian-pears",
        "site_full": "www.thetechedvocate.org",
        "site": "thetechedvocate.org",
        "site_section": "https://www.thetechedvocate.org/category/how-to/",
        "site_categories": [
            "art_technology",
            "hobbies_and_interests"
        ],
        "section_title": null,
        "title": "3 Simple Ways to Eat Asian Pears - The Tech Edvocate",
        "title_full": "3 Simple Ways to Eat Asian Pears - The Tech Edvocate",
        "published": "2024-04-04T23:19:00.000+03:00",
        "replies_count": 0,
        "participants_count": 1,
        "site_type": "news",
        "country": "US",
        "main_image": "",
        "performance_score": 0,
        "domain_rank": 42088,
        "domain_rank_updated": "2024-04-02T13:08:13.000+03:00",
        "reach": null,
        "social": {
            "facebook": {
                "likes": 0,
                "comments": 0,
                "shares": 0
            },
            "gplus": {
                "shares": 0
            },
            "pinterest": {
                "shares": 0
            },
            "linkedin": {
                "shares": 0
            },
            "stumbledupon": {
                "shares": 0
            },
            "vk": {
                "shares": 0
            }
        }
    },
    "uuid": "baf73dd65fc7e1f498286446781d02b0c6fb8ade",
    "url": "https://www.thetechedvocate.org/3-simple-ways-to-eat-asian-pears",
    "ord_in_thread": 0,
    "parent_url": null,
    "author": "Matthew Lynch",
    "published": "2024-04-04T23:19:00.000+03:00",
    "title": "3 Simple Ways to Eat Asian Pears - The Tech Edvocate",
    "text": "Introduction:\nAsian pears, also known as nashi or apple pears, are a delicious and healthy fruit native to East Asia. They have a unique texture that is both crisp and juicy, making them a refreshing snack or a versatile ingredient in various dishes. If you’re looking for ways to enjoy this delightful fruit, here are three simple methods to incorporate Asian pears into your diet.\n1. Enjoy them raw as a healthy snack:\nOne of the easiest ways to eat Asian pears is simply to enjoy them raw. They make for a tasty and nutritious snack that can be eaten at any time of the day. Just follow these steps:\n– Rinse the pear under cold water to remove any dirt or debris.\n– Pat it dry with a clean towel.\n– Using a sharp knife, slice off the top and bottom of the pear.\n– Cut the remaining fruit into wedges or slices.\n– Optionally, you can remove the core and seeds before eating.\nKeep in mind that Asian pears bruise easily, so handle them with care when slicing and storing.\n2. Add Asian pear chunks to your favorite salad:\nAsian pears add a delightful crunch and natural sweetness to salads, which makes them an excellent addition to your favorite salad recipes. Simply chop the pear into bite-sized chunks and toss them with mixed greens, nuts, cheese, and your choice of protein (grilled chicken or tofu works well). For an extra burst of flavor, try adding thinly sliced red onion and drizzling the salad with a light soy sauce-based dressing.\n3. Make Asian pear-infused water:\nInfused water is not only refreshing but also helps you stay hydrated throughout the day. You can quickly make a delicious infused water using Asian pears by following these simple steps:\n– Thinly slice one or two Asian pears.\n– Combine the pear slices with 1-2 liters of water in a large pitcher.\n– Add optional ingredients such as lemon or lime slices, fresh mint, or cucumber for added flavor.\n– Stir gently and refrigerate the mixture for 2-4 hours to allow the flavors to meld.\n– Pour the infused water into a glass and enjoy!\nIn conclusion:\nAsian pears are a flavorful and versatile fruit that can be enjoyed in various ways. Whether you are eating them raw, adding them to a salad, or infusing your water with their distinct taste, they are sure to delight your taste buds. Next time you come across Asian pears in your local grocery store or farmer’s market, don’t hesitate to pick some up and try these three simple ways to savor this delicious fruit.",
    "highlightText": "",
    "highlightTitle": "",
    "highlightThreadTitle": "",
    "language": "english",
    "sentiment": "positive",
    "categories": [
        "Lifestyle and Leisure",
        "Health"
    ],
    "external_links": [],
    "external_images": [],
    "entities": {
        "persons": [
            {
                "name": "– optionally",
                "sentiment": "none"
            },
            {
                "name": "– pat",
                "sentiment": "none"
            }
        ],
        "organizations": [],
        "locations": [
            {
                "name": "east asia",
                "sentiment": "none"
            }
        ]
    },
    "rating": null,
    "crawled": "2024-04-05T00:51:46.098+03:00",
    "updated": "2024-04-05T00:51:46.098+03:00"
}