{
    "thread": {
        "uuid": "2fa7021dfe30c2a8fe10442bff1b308a5a95875b",
        "url": "https://www.openpr.com/news/3452788/bianchi-the-best-water-purification-device-the-miracle",
        "site_full": "www.openpr.com",
        "site": "openpr.com",
        "site_section": "https://www.openpr.com",
        "site_categories": [
            "marketing",
            "financial_news",
            "finance",
            "business"
        ],
        "section_title": "openPR.com - Worldwide Open Public Relations - Publish Press Releases Free of Charge",
        "title": "Bianchi: The Best Water Purification Device - The Miracle",
        "title_full": "Bianchi: The Best Water Purification Device - The Miracle",
        "published": "2024-04-04T22:56:00.000+03:00",
        "replies_count": 0,
        "participants_count": 1,
        "site_type": "news",
        "country": "US",
        "main_image": "https://cdn.open-pr.com/X/4/X404660986_g.jpg",
        "performance_score": 0,
        "domain_rank": 11001,
        "domain_rank_updated": "2024-04-02T13:08:08.000+03:00",
        "reach": null,
        "social": {
            "facebook": {
                "likes": 0,
                "comments": 0,
                "shares": 0
            },
            "gplus": {
                "shares": 0
            },
            "pinterest": {
                "shares": 0
            },
            "linkedin": {
                "shares": 0
            },
            "stumbledupon": {
                "shares": 0
            },
            "vk": {
                "shares": 0
            }
        }
    },
    "uuid": "2fa7021dfe30c2a8fe10442bff1b308a5a95875b",
    "url": "https://www.openpr.com/news/3452788/bianchi-the-best-water-purification-device-the-miracle",
    "ord_in_thread": 0,
    "parent_url": null,
    "author": "Getnews",
    "published": "2024-04-04T22:56:00.000+03:00",
    "title": "Bianchi: The Best Water Purification Device - The Miracle",
    "text": "BIANCHI su aritma cihazi utilizes specially designed mineral filters to enhance the water's mineral content, improving the taste and nutritional value of drinking water. Minerals present in water, such as calcium, magnesium, and others, help maintain pH balance in addition to providing essential nutrients. Alkaline filters are employed in BIANCHI systems to increase the water's pH level. By raising the water's pH to a more alkaline level, BIANCHI en iyi su aritma cihazi systems contribute to obtaining healthier drinking water. Alkaline water consumption is known to support maintaining the body's acid-base balance. The use of BIANCHI su aritma systems leads to an increase in the water's pH level, making the consumed water more alkaline. Alkaline water consumption offers numerous benefits, including aiding in the maintenance of the body's acid-base balance, supporting digestive health, and providing antioxidant effects. With BIANCHI water purification systems, the water's ORP value decreases. A lower ORP value indicates that the water possesses antioxidant properties and can combat free radicals in the body. This contributes to protecting healthy cells and potentially delaying aging. \"BIANCHI water purification systems, through the use of mineral and alkaline filters, increase the water's pH level and reduce the ORP value, providing healthier drinking water, says Ismail Zorlu, the spokesperson for BIANCHI water \"Alkaline water consumption offers several benefits, while a lower ORP value enhances antioxidant protection. These features make BIANCHI su aritma en iyi su aritma cihazi systems a preferred choice for those seeking improved water quality and health benefits.\" Alkaline and antioxidant water has gained popularity in recent years due to its potential health benefits. This special type of water, enriched with minerals and antioxidants, provides many advantages to the body. Here are the benefits of alkaline and antioxidant water on the human body: Maintaining pH Balance: Alkaline water supports the body's acid-base balance. In modern lifestyles, acidic environments can prevail due to poor dietary habits and stress. Alkaline water consumption helps neutralize this acidic environment, supporting overall health. Increased Hydration: Alkaline water penetrates cells more efficiently than regular tap water, leading to better hydration. Proper hydration is crucial for balancing bodily fluids, eliminating toxins, and ensuring proper cellular function. Providing Antioxidant Protection: Antioxidant water supplies the body with antioxidants, which combat free radicals, preventing cell damage and delaying aging. Antioxidants also support immune system functions and may reduce the risk of chronic diseases. Boosting Energy Levels: Consuming alkaline water may increase energy levels by improving hydration and supporting cellular functions. This results in more energy and stamina for daily activities. Supporting Digestive Health: Alkaline water consumption enhances digestive health by maintaining pH balance and supporting enzyme efficiency. Its anti-inflammatory effects may also reduce inflammation in the digestive system. Improving Muscle and Joint Health: Minerals present in alkaline water, such as potassium and magnesium, support muscle contraction and joint flexibility. Adequate intake of these minerals promotes stronger muscles and improved joint mobility. In conclusion, alkaline and antioxidant water offer numerous benefits to the body. By maintaining pH balance, increasing hydration, providing antioxidant protection, boosting energy levels, supporting digestive health, and improving muscle and joint health, alkaline and antioxidant water contribute to overall well-being. Therefore, consuming alkaline and antioxidant water can be an important aspect of maintaining a healthy lifestyle. Media Contact Company Name: Bianchi Water Contact Person: Ismail Zorlu Email: Send Email [http://www.universalpressrelease.com/?pr=bianchi-the-best-water-purification-device-the-miracle-of-alkaline-and-antioxidant-water] Country: Turkey Website: https://www.bianchiwater.com This release was published on openPR. Permanent link to this press release: Copy Please set a link in the press area of your homepage to this press release on openPR. openPR disclaims liability for any content contained in this release. You can edit or delete your press release here News-ID: 3452788 • Views: … More Releases from Getnews [](/news/3452791/eternity-inc-embraces-revolutionary-fintech-future-with-ceo) Eternity Inc. Embraces Revolutionary Fintech Future with CEO Danylo Drygolo's Vi … Under the guidance of its new CEO, Danylo Drygolo, Eternity Inc. embarks on an innovative path in the fintech sector, blending finance with state-of-the-art technology. The company, already recognized for its pioneering efforts, is now looking to redefine its strategy by incorporating artificial intelligence and blockchain technologies, aiming to stay ahead in the fast-evolving world of fintech. Image: https://www.getnews.info/uploads/746ae55f8cc89e7a831ab0060ffbde6d.jpg With a rich background in AI-driven trading and leading projects on real-time financial … [](/news/3452785/revolutionize-the-wardrobe-business-with-custom-one-pod-s) Revolutionize the Wardrobe & Business with Custom One POD's Same-Day Custom T-Sh … Custom One POD now offers an unparalleled same-day service for custom t-shirts and screen printing, alongside efficient print-on-demand dropshipping solutions. Experience unmatched quality and speed for both personal and business needs. In an era where speed and customization are the pillars of customer satisfaction, Custom One POD is pioneering a groundbreaking service that caters to both individuals and businesses alike. Today, we are thrilled to announce the launch of our same-day … [](/news/3452782/launchpad-republic-america-s-entrepreneurial-edge-and-why-it) Launchpad Republic: America's Entrepreneurial Edge and Why It Matters by Howard … OnlineBookClub invites readers to join the online community for an engaging discussion about Howard Wolk's and John Landry's book, \" Launchpad Republic: America's Entrepreneurial Edge and Why It Matters\". United States - OnlineBookClub, the leading online platform for book enthusiasts, is proud to announce its selection of \"Launchpad Republic: America's Entrepreneurial Edge and Why It Matters\" by Howard Wolk and John Landry as the Book of the Month for April 2024. … [](/news/3452779/social-anxiety-coach-katy-morin-announces-new-resources-to-help) Social Anxiety Coach Katy Morin Announces New Resources to Help People Overcome … Social Anxiety Antidote is a specialized platform run by Katy Morin, a dedicated Social Anxiety Coach and Certified Hypnotherapist. It offers resources and guidance for individuals struggling with social anxiety. This platform focuses on creating a safe, supportive environment where users can access personalized programs and techniques to overcome their fears and build confidence. Katy leverages her expertise to provide a path toward a more confident and less anxious life … More Releases for BIANCHI [](/news/2478538/sports-bicycle-market-to-get-a-new-boost-with-jenson-bianchi) Sports Bicycle Market to Get a New Boost with Jenson, Bianchi Bicycle, Schwinn, … The latest research on “Global Sports Bicycle Market Report 2021” offered by HTF MI provides a comprehensive investigation into the geographical landscape, industry size along with the revenue estimation of the business. Additionally, the report also highlights the challenges impeding market growth and expansion strategies employed by leading companies in the “Market”. Ask Sample Report PDF of Global Sports Bicycle: https://www.htfmarketreport.com/sample-report/3294926-global-sports-bicycle-market-20 Proceeding further, the business intelligence report of Market incorporates segmentation studies … [](/news/1723604/carbon-fiber-bicycle-frame-market-2019-worldwide-forecast-2025-major-players-bianchi-fuji-ibis.html) Carbon Fiber Bicycle Frame Market 2019 | Worldwide Forecast 2025 | Major Players … As per the latest research study published by Up Market Research, “Global Carbon Fiber Bicycle Frame Market” is estimated to grow at a healthy CAGR % in the coming years. The research report showcases qualitative and quantitative estimations by the industry analysts. The report documents first-hand data, post verification from the industry experts along with each industry manufacturers by the market valuation. Carbon Fiber Bicycle Frame Market report also gives … [](/news/1234950/intelligent-vending-machine-market-business-revenue-share-2025-bianchi-vending-group-s-p-a.html) Intelligent Vending Machine Market - Business Revenue,Share 2025 | Bianchi Vendi … Global Intelligent Vending Machine Market: Overview The global intelligent vending machine market is envisaged to gather pace for its growth on the back of the rise in the penetration of IoT and connected devices. In order to offer more engaging and interacting customer experience, traditional vending machines are being transformed into intelligent systems with the facilitation of technological breakthroughs. Market growth is anticipated to further increase as it rides on augmenting … [](/news/1198389/global-smart-vending-machines-market-forecast-2018-2025-royal-vendors-selecta-bianchi-vending.html) Global Smart Vending Machines Market Forecast 2018-2025 Royal Vendors, Selecta, … A detailed market study on \"Global Smart Vending Machines Market\" examines the performance of the Smart Vending Machines market. It encloses an in-depth Research of the Smart Vending Machines market state and the competitive landscape globally. This report analyzes the potential of Smart Vending Machines market in the present and the future prospects from various angles in detail. The Global Smart Vending Machines Market 2018 report includes Smart Vending Machines market … [](/news/995772/global-aluminum-bicycle-frame-market-2018-with-key-players-bianchi-giant-bottecchia-litespeed.html) Global Aluminum Bicycle Frame Market 2018 with Key Players : Bianchi, Giant, Bot … Qyresearchreports include new market research report \"Global Aluminum Bicycle Frame Market Professional Survey Report 2018\" to its huge collection of research reports. This report studies Aluminum Bicycle Frame in Global market, especially in North America, China, Europe, Southeast Asia, Japan and India, with production, revenue, consumption, import and export in these regions, from 2013 to 2018, and forecast to 2025. The report studies multiple aspects of the global market for Aluminum Bicycle … [](/news/949115/feb-20-2018-bike-shifter-market-manufacturers-giant-shimano-bianchi-dynacraft-felt.html) Feb 20, 2018: Bike Shifter Market Manufacturers Giant, Shimano, Bianchi, Dynacra … QY Research Store Recently added detailed market study on the \"Global Bike Shifter Market Research Report 2018-2025\" which provides an outlook of current market value of Bike Shifter Market as well as the expected forecast of Rate on Investment (ROI) with growing CAGR of XX% in Bike Shifter Market by the end of 2025. The report on the global Bike Shifter market uses the top-down and bottom-up approaches to define, …",
    "highlightText": "",
    "highlightTitle": "",
    "highlightThreadTitle": "",
    "language": "english",
    "sentiment": "positive",
    "categories": [
        "Health"
    ],
    "external_links": [
        "https://www.bianchiwater.com",
        "http://www.universalpressrelease.com/?pr=bianchi-the-best-water-purification-device-the-miracle-of-alkaline-and-antioxidant-water",
        "https://www.htfmarketreport.com/sample-report/3294926-global-sports-bicycle-market-20",
        "https://bianchiwater.com",
        "http://universalpressrelease.com/?pr=bianchi-the-best-water-purification-device-the-miracle-of-alkaline-and-antioxidant-water",
        "https://htfmarketreport.com/sample-report/3294926-global-sports-bicycle-market-20",
        "http://www.universalpressrelease.com/"
    ],
    "external_images": [],
    "entities": {
        "persons": [
            {
                "name": "bianchi",
                "sentiment": "negative"
            }
        ],
        "organizations": [
            {
                "name": "miracle of alkaline",
                "sentiment": "negative"
            },
            {
                "name": "orp",
                "sentiment": "none"
            }
        ],
        "locations": []
    },
    "rating": null,
    "crawled": "2024-04-05T00:08:14.788+03:00",
    "updated": "2024-04-05T02:57:39.166+03:00"
}