{
    "thread": {
        "uuid": "d510f485d8b214efac4083dc3d988bc5622b7d96",
        "url": "https://www.elcaribe.com.do/gente/sociales/freshtie-abre-sus-puertas-en-punta-cana",
        "site_full": "www.elcaribe.com.do",
        "site": "elcaribe.com.do",
        "site_section": "https://www.elcaribe.com.do",
        "site_categories": [
            "travel",
            "caribbean",
            "top_news"
        ],
        "section_title": "PORTADA - Periódico elCaribe",
        "title": "Freshtie abre sus puertas en Punta Cana",
        "title_full": "Freshtie abre sus puertas en Punta Cana",
        "published": "2024-04-05T00:26:00.000+03:00",
        "replies_count": 0,
        "participants_count": 1,
        "site_type": "news",
        "country": "DO",
        "main_image": "https://idmphsmkuxkn.compat.objectstorage.us-ashburn-1.oraclecloud.com/elcaribe-bucket/uploads/2024/04/660f193d494c7_daphne-santana-ana-garrido-miguel-santana-y-keysha-santana.jpg",
        "performance_score": 0,
        "domain_rank": 64069,
        "domain_rank_updated": "2024-04-02T13:08:13.000+03:00",
        "reach": null,
        "social": {
            "facebook": {
                "likes": 0,
                "comments": 0,
                "shares": 0
            },
            "gplus": {
                "shares": 0
            },
            "pinterest": {
                "shares": 0
            },
            "linkedin": {
                "shares": 0
            },
            "stumbledupon": {
                "shares": 0
            },
            "vk": {
                "shares": 0
            }
        }
    },
    "uuid": "d510f485d8b214efac4083dc3d988bc5622b7d96",
    "url": "https://www.elcaribe.com.do/gente/sociales/freshtie-abre-sus-puertas-en-punta-cana",
    "ord_in_thread": 0,
    "parent_url": null,
    "author": "El Caribe",
    "published": "2024-04-05T00:26:00.000+03:00",
    "title": "Freshtie abre sus puertas en Punta Cana",
    "text": "Punta Can.- Como una opción saludable y refrescante, abrió sus puertas Freshtie Healthy Smoothies and Snacks, un bar de smoothies orgánicos que nació de la idea de una pareja de esposos hasta convertirse hoy en una pequeña empresa. Freshtie representa un concepto totalmente nuevo en la zona de Bávaro y [Punta Cana ](https://es.godominicanrepublic.com/destinos/punta-cana/)en un ambiente familiar, confortable y acogedor, especialmente diseñado para un break, un descanso, un inicio del día, un almuerzo o un final de la tarde, explicaron Miguel Santana y Ana Garrido. Además, expresaron la felicidad que representa para ellos ver crecer su negocio que inició desde cero como una idea experimental en 2020 y que tuvo que cerrar en pocos meses debido a la pandemia, pero que hoy reabre nuevamente y exhibe sus triunfos. Dijeron tener muchas expectativas de seguirlo acrecentando ya que el estilo de vida de hoy invita a las personas a consumir productos saludables, frescos y de calidad en momentos y/o espacios propios que les permitan reconectar con el bienestar físico y emocional. DETALLES DEL BAR El bar se encuentra ubicado en la Plaza San Juan, y opera de lunes a sábado de 8 de la mañana a 8 de la noche. Este primer local tiene la visión a futuro de ser una franquicia a nivel nacional. Cuenta con una amplia variedad de smoothies elaborados con frutas y vegetales frescos, con recetas diseñadas, testeadas y logradas por sus propios creadores. Asímismo ofrece el Acai Bowl y una variedad de sandwiches, wraps y ensaladas, entre otros.",
    "highlightText": "",
    "highlightTitle": "",
    "highlightThreadTitle": "",
    "language": "spanish",
    "sentiment": "positive",
    "categories": [
        "Health",
        "Lifestyle and Leisure"
    ],
    "external_links": [
        "https://es.godominicanrepublic.com/destinos/punta-cana/)en",
        "https://www.es.godominicanrepublic.com/destinos/punta-cana/)en"
    ],
    "external_images": [],
    "entities": {
        "persons": [],
        "organizations": [],
        "locations": []
    },
    "rating": null,
    "crawled": "2024-04-05T01:02:46.633+03:00",
    "updated": "2024-04-05T01:02:46.633+03:00"
}