{
    "thread": {
        "uuid": "f58fd0f7fa3822892c8d6c402a623c5ff62a4d56",
        "url": "https://www.terra.com.br/vida-e-estilo/saude/beneficios-da-ginastica-acrobatica-flexibilidade-forca-confianca-e-mais,ecd3d6d6959dbdb8d2e5c97487bd01ddm2ozu2ep.html",
        "site_full": "www.terra.com.br",
        "site": "terra.com.br",
        "site_section": "https://www.terra.com.br/vida-e-estilo/saude/rss.xml",
        "site_categories": [
            "media"
        ],
        "section_title": "Saúde",
        "title": "Benefícios da ginástica acrobática: flexibilidade, força, confiança e mais",
        "title_full": "Benefícios da ginástica acrobática: flexibilidade, força, confiança e mais",
        "published": "2024-04-04T22:15:00.000+03:00",
        "replies_count": 0,
        "participants_count": 1,
        "site_type": "news",
        "country": "BR",
        "main_image": "https://p2.trrsf.com/image/fget/cf/1200/630/middle/images.terra.com/2024/04/04/2080533087-ginastica-acrobatica.jpg",
        "performance_score": 0,
        "domain_rank": 3385,
        "domain_rank_updated": "2024-04-02T13:08:08.000+03:00",
        "reach": null,
        "social": {
            "facebook": {
                "likes": 0,
                "comments": 0,
                "shares": 0
            },
            "gplus": {
                "shares": 0
            },
            "pinterest": {
                "shares": 0
            },
            "linkedin": {
                "shares": 0
            },
            "stumbledupon": {
                "shares": 0
            },
            "vk": {
                "shares": 0
            }
        }
    },
    "uuid": "f58fd0f7fa3822892c8d6c402a623c5ff62a4d56",
    "url": "https://www.terra.com.br/vida-e-estilo/saude/beneficios-da-ginastica-acrobatica-flexibilidade-forca-confianca-e-mais,ecd3d6d6959dbdb8d2e5c97487bd01ddm2ozu2ep.html",
    "ord_in_thread": 0,
    "parent_url": null,
    "author": "Boa Forma",
    "published": "2024-04-04T22:15:00.000+03:00",
    "title": "Benefícios da ginástica acrobática: flexibilidade, força, confiança e mais",
    "text": "Benefícios da ginástica acrobática: flexibilidade, força, confiança e mais\nSeja para melhorar a saúde em geral ou simplesmente se divertir, existem ótimos motivos para você considerar começar a fazer essa modalidade!\nA ginástica acrobática é um esporte fisicamente exigente e dinâmico, que pode proporcionar uma série de benefícios tanto para a saúde física quanto mental de quem a pratica. Com isso, a modalidade acaba se tornando uma opção atraente para quem busca mais qualidade de vida, uma vez que melhora o condicionamento físico, previne lesões e ainda diminui o estresse e a ansiedade.\nGinástica acrobática para todos\nA ginástica acrobática é uma atividade bastante democrática, já que pode ser adaptada para atender às necessidades de indivíduos de todas as idades e níveis de experiência. Quer você seja criança ou adulto, homem ou mulher, iniciante ou avançado, a atividade é uma forma divertida e desafiadora de melhorar a saúde física e mental, aumentar a confiança e a auto-estima e desenvolver novas habilidades.\nModalidade disputada nas Olimpíadas, ela consiste na execução de exercícios sem a ajuda de aparelhos, exigindo muito controle corporal, agilidade, força e flexibilidade de seus praticantes para a realização de movimentos de equilíbrio, saltos e vôos, por exemplo.\nBenefícios para a saúde da ginástica acrobática\nSeja para melhorar o nível de condicionamento físico ou simplesmente se divertir, existem ótimos motivos para você considerar fazer aulas de acrobacia. De acordo com Krish Tangella, médico e professor de Patologia e Medicina Interna na Universidade de Illinois em Urbana-Champaign, nos Estados Unidos, os principais benefícios da ginástica acrobática são:\n- Maior força física\nA modalidade requer um alto nível de força física e resistência, o que pode ajudar os participantes a construírem e manterem a massa muscular. Isso acontece porque, quando você levanta pesos ou realiza exercícios de resistência, você cria pequenas rupturas nas fibras musculares. Seu corpo, então, repara essas rupturas aumentando o tamanho e a força dos músculos, resultando em aumento de massa e força muscular.\n- Maior flexibilidade\nOs movimentos envolvidos na ginástica podem ajudar a melhorar a flexibilidade e a amplitude de movimento das articulações, sendo benéfico para a saúde física geral e a mobilidade, além de reduzir o risco de lesões.\n- Coordenação aprimorada\nA ginástica acrobática envolve a realização de movimentos complexos que exigem um alto nível de coordenação, o que pode melhorar a coordenação e o equilíbrio na vida diária.\n- Densidade óssea melhorada\nÀ medida que se envelhece, os ossos podem se tornar mais fracos e frágeis, aumentando o risco de fraturas e osteoporose. Assim, o treinamento de força pode ajudar a melhorar a densidade óssea, colocando pressão sobre os ossos e estimulando o corpo a produzir mais tecido ósseo, que ajuda a reduzir o risco de fraturas e osteoporose.\n- Aumento do metabolismo\nA modalidade pode aumentar o seu metabolismo, que é a taxa na qual seu corpo queima calorias. Isso ocorre porque quando se constrói mais massa muscular, o corpo precisa de mais energia para manter esse músculo, o que significa que você queima mais calorias mesmo quando está em repouso. Isso pode ajudá-lo a perder peso e mantê-lo.\n- Risco reduzido de doenças crônicas\nA ginástica acrobática pode ajudar a reduzir o risco de doenças crônicas, como diabetes tipo 2, doenças cardíacas e hipertensão, pois ajuda a melhorar a capacidade do corpo de regular os níveis de açúcar no sangue, diminuir a pressão arterial e melhorar os níveis de colesterol.\n- Melhora na confiança e autoestima\nCom os desafios propostos e o avanço do treinamento de acrobacias, os praticantes da modalidade começam a sentir uma sensação de realização e orgulho de suas habilidades, aumentando sua confiança e autoestima.\n- Estresse e ansiedade reduzidos\nA atividade também pode ajudar a reduzir o estresse e a ansiedade, pois libera endorfinas, que estimulam naturalmente o humor e ajudam a melhorar a saúde mental geral. Além disso, as aulas são frequentemente estruturadas para promover relaxamento e atenção plena, com técnicas de respiração e exercícios de relaxamento que podem ajudá-los a reduzir o estresse e a ansiedade.\nRiscos da ginástica acrobática\nÉ importante saber, contudo, que apesar de muito benéfica, a modalidade envolve risco significativo tanto para lesões traumáticas, como para lesões por esforços repetitivos, em praticamente qualquer articulação do corpo. Normalmente, o risco é criado principalmente quando o praticante não se prepara adequadamente e se apressa para executar habilidades fundamentais importantes porque quer ir direto para os movimentos mais avançados e desafiadores.\nNesta modalidade, a memória muscular é tudo, portanto ela deve ser trabalhada através da realização de diversos exercícios e executando apenas truques que sejam seguros e gerenciáveis para a idade e nível do aluno. Dessa forma, será possível progredir adequadamente e de uma forma segura.\nSegundo o ortopedista João Hollanda, a ginástica também tem uma característica bastante peculiar que a difere da maior parte dos esportes: o uso dos braços para a sustentação do peso corporal.\n\"A ginástica é um esporte assimétrico, uma vez que o atleta realiza movimentos de saltos e giros sempre para o mesmo lado, sobrecarregando um lado do corpo mais do que o outro. Isso é mais um fator de risco para lesões, e que deve ser minimizado por meio de um adequado trabalho de preparação física\", ele explica.\nO médico ressalta, por fim, que no caso de ginastas adolescentes, a vulnerabilidade para lesões é ainda maior pelas seguintes razões:\nA cartilagem da placa de crescimento é menos resistente ao estresse repetitivo do que a cartilagem articular do adulto. \"Durante a adolescência, as placas de crescimento estão muito ativas, para propiciarem o rápido crescimento. Isso também as tornam mais frágeis e susceptíveis a lesões\";\nCom as intensas transformações corporais observadas nesta fase da vida, desequilíbrios musculares, perda de flexibilidade ou do controle corporal é comum.\nA variedade e o número de elementos de risco incorporados às rotinas da ginástica aumentaram substancialmente durante a adolescência.",
    "highlightText": "",
    "highlightTitle": "",
    "highlightThreadTitle": "",
    "language": "portuguese",
    "sentiment": "positive",
    "categories": [
        "Health",
        "Lifestyle and Leisure"
    ],
    "external_links": [],
    "external_images": [],
    "entities": {
        "persons": [],
        "organizations": [],
        "locations": []
    },
    "rating": null,
    "crawled": "2024-04-05T00:36:55.262+03:00",
    "updated": "2024-04-05T00:36:55.262+03:00"
}