{
    "thread": {
        "uuid": "88d19d941c877bfa2438a001a30062fc37713e27",
        "url": "https://markets.financialcontent.com/stocks/article/getnews-2024-4-4-gracepoint-home-care-continues-its-commitment-to-providing-exceptional-home-health-care-in-mobile-al",
        "site_full": "markets.financialcontent.com",
        "site": "financialcontent.com",
        "site_section": "https://markets.financialcontent.com/stocks/markets/news?type=press+release&currentpage=2",
        "site_categories": [
            "financial_news",
            "finance"
        ],
        "section_title": "Stock Market News | NSDQ, NYSE, and AMEX Stock Market News, Market News Categories, Market Indicators | FinancialContent Business Page ",
        "title": "Gracepoint Home Care Continues Its Commitment to Providing Exceptional Home Health Care in Mobile, AL | FinancialContent Business Page",
        "title_full": "Gracepoint Home Care Continues Its Commitment to Providing Exceptional Home Health Care in Mobile, AL | FinancialContent Business Page",
        "published": "2024-04-05T00:24:00.000+03:00",
        "replies_count": 0,
        "participants_count": 1,
        "site_type": "news",
        "country": "US",
        "main_image": "",
        "performance_score": 0,
        "domain_rank": 5865,
        "domain_rank_updated": "2024-04-02T13:08:08.000+03:00",
        "reach": null,
        "social": {
            "facebook": {
                "likes": 0,
                "comments": 0,
                "shares": 0
            },
            "gplus": {
                "shares": 0
            },
            "pinterest": {
                "shares": 0
            },
            "linkedin": {
                "shares": 0
            },
            "stumbledupon": {
                "shares": 0
            },
            "vk": {
                "shares": 0
            }
        }
    },
    "uuid": "88d19d941c877bfa2438a001a30062fc37713e27",
    "url": "https://markets.financialcontent.com/stocks/article/getnews-2024-4-4-gracepoint-home-care-continues-its-commitment-to-providing-exceptional-home-health-care-in-mobile-al",
    "ord_in_thread": 0,
    "parent_url": null,
    "author": "Get News",
    "published": "2024-04-05T00:24:00.000+03:00",
    "title": "Gracepoint Home Care Continues Its Commitment to Providing Exceptional Home Health Care in Mobile, AL | FinancialContent Business Page",
    "text": "Gracepoint Home Care in Mobile, AL, excels in providing personalized, compassionate home health care. Recognized for its dedication and quality services, it's a trusted partner in enhancing client well-being. Discover more at https://gracepointcare.com Mobile, AL - Gracepoint Home Care, a leading provider of home health care services, proudly reaffirms its commitment to the Mobile, AL, community. Recognized for its outstanding dedication to enhancing the quality of life for its clients, Gracepoint Home Care stands out as one of the best home health agencies in the region. This announcement comes when the demand for high-quality home health care services rises, emphasizing the importance of accessible, compassionate, and personalized care for all.\nDylan Maloney, founder of Gracepoint Home Care, emphasizes the importance of trust, compassion, and excellence in home health care. “At Gracepoint Home Care, our mission goes beyond providing essential health services; it's about enriching lives and fostering a sense of well-being and dignity among those we serve. Our commitment to the Mobile community is unwavering, and we continuously strive to set new standards in home health care, ensuring our clients receive the support and care they deserve,” said Maloney.\nGracepoint Home Care's dedication to excellence is reflected in its comprehensive range of services tailored to meet the community's diverse needs. From skilled nursing and rehabilitative therapy to personal care and support, the agency's approach deeply understands each client's unique needs, ensuring a personalized and effective care plan.\nAs the demand for quality home health care services grows, Gracepoint Home Care remains at the forefront, driven by a passion for making a difference in the lives of those it serves. The agency's efforts to maintain the highest standards of care have garnered recognition and established it as a pillar of the Mobile, AL, community.\nFor more information about Gracepoint Home Care and their home health care in Mobile, AL , please visit their website at https://gracepointcare.com\nAbout Gracepoint Home Care:\nGracepoint Home Care is a premier provider of home health care services in Mobile, AL. Focusing on compassion, excellence, and personalized care, the agency is committed to improving the quality of life for its clients and ensuring they receive the highest standard of care in the comfort of their homes. Gracepoint Home Care is more than just a service provider; it is a dedicated partner in health and well-being.\nMedia Contact\nCompany Name: Gracepoint Home Care\nContact Person: Dylan Maloney\nEmail: Send Email\nPhone: +12514155521\nAddress: 600 Bel Air Blvd Suite 150\nCity: Mobile\nState: AL\nCountry: United States\nWebsite: https://gracepointcare.com/",
    "highlightText": "",
    "highlightTitle": "",
    "highlightThreadTitle": "",
    "language": "english",
    "sentiment": "positive",
    "categories": [
        "Health"
    ],
    "external_links": [
        "https://gracepointcare.com",
        "https://tracking.newsrpm.com/pixel?slug=getnews-2024-4-4-gracepoint-home-care-continues-its-commitment-to-providing-exceptional-home-health-care-in-mobile-al",
        "https://www.getnews.info/press_stat.php?pr=gracepoint-home-care-continues-its-commitment-to-providing-exceptional-home-health-care-in-mobile-al",
        "https://gracepointcare.com/",
        "http://www.universalpressrelease.com/?pr=gracepoint-home-care-continues-its-commitment-to-providing-exceptional-home-health-care-in-mobile-al",
        "https://gracepointcare.com/home-health-care/",
        "https://gracepointcare.com/home-health-care",
        "https://www.tracking.newsrpm.com/pixel?slug=getnews-2024-4-4-gracepoint-home-care-continues-its-commitment-to-providing-exceptional-home-health-care-in-mobile-al",
        "https://www.gracepointcare.com",
        "https://tracking.newsrpm.com/pixel",
        "https://www.getnews.info/press_stat.php",
        "http://www.universalpressrelease.com/",
        "https://getnews.info/press_stat.php?pr=gracepoint-home-care-continues-its-commitment-to-providing-exceptional-home-health-care-in-mobile-al",
        "https://www.gracepointcare.com/",
        "https://www.gracepointcare.com/home-health-care/",
        "https://gracepointcare.com",
        "http://universalpressrelease.com/?pr=gracepoint-home-care-continues-its-commitment-to-providing-exceptional-home-health-care-in-mobile-al"
    ],
    "external_images": [],
    "entities": {
        "persons": [
            {
                "name": "dylan maloney",
                "sentiment": "none"
            }
        ],
        "organizations": [
            {
                "name": "al - gracepoint home care",
                "sentiment": "none"
            },
            {
                "name": "mobil",
                "sentiment": "none"
            },
            {
                "name": "gracepoint home care",
                "sentiment": "none"
            }
        ],
        "locations": []
    },
    "rating": null,
    "crawled": "2024-04-05T00:31:30.525+03:00",
    "updated": "2024-04-05T00:31:30.525+03:00"
}